evidence_id	element_name	mestre_terminal_id	rt_accession	evidence_tier	rt_ncrna_pairing_evidence	rtdna_production_xEco1	rtdna_sequence_determined	rtdna_len_nt	human_editing_xEco1	bacterial_editing_xEco1	phage_editing_xEco1	experimental_structure	rt_mutagenesis	ncrna_mutagenesis	swap_or_crossreactivity	orthogonality_exchange	rt_seq_local	ncrna_seq_local	exposure_class_vs_project	embed_folds_touched	rt_in_exact_rt_catalogue	exact_pair_in_PAIR_ELIG	independence_status	usable_as	source_paper	caveats
EXP-K001	Yin	terminal_839	fig|631.3.peg.1883	X4_SYNTHESISED_AND_TESTED_OUTCOME_UNDETERMINED	CO_REPORTED_AND_TESTED_ONLY (no positive readout recorded locally)		NO	0	0	undetermined	undetermined	NONE_LOCAL	NOT_IN_LOCAL_ASSETS	NOT_IN_LOCAL_ASSETS	NOT_IN_LOCAL_ASSETS	NOT_IN_LOCAL_ASSETS	YES	YES	TRAIN_EXPOSED	train	YES	NO	NOT_INDEPENDENT - in the X1 train fold; X2 trained on all folds	assay layer only; check exposure before any evaluation use	Khan et al. 2024 Nat Biotechnol doi:10.1038/s41587-024-02384-z (An experimental census of retrons)	174 of 175 panel rows lie inside Mestre's own reference set by accession, so the panel is an assay layer on the prediction set, NOT independent validation of it. RT_sequence column is empty in all 175 rows (use rt_protein_aa).
EXP-K002	Xge	terminal_1467	fig|1137281.3.peg.1436	X3_FUNCTIONAL_ASSAY_ONLY	YES_ASSAYED_AS_A_UNIT (RT + its own ncRNA synthesised and measured together)		NO	0	148.7701889	undetermined	undetermined	NONE_LOCAL	NOT_IN_LOCAL_ASSETS	NOT_IN_LOCAL_ASSETS	NOT_IN_LOCAL_ASSETS	NOT_IN_LOCAL_ASSETS	YES	YES	VAL_TEST_EXPOSED	val	YES	NO	NOT_INDEPENDENT - in the X1 val/test fold; X2 trained on all folds	assay layer only; check exposure before any evaluation use	Khan et al. 2024 Nat Biotechnol doi:10.1038/s41587-024-02384-z (An experimental census of retrons)	174 of 175 panel rows lie inside Mestre's own reference set by accession, so the panel is an assay layer on the prediction set, NOT independent validation of it. RT_sequence column is empty in all 175 rows (use rt_protein_aa).
EXP-K003	Vpa	terminal_685	fig|670.893.peg.2716	X2b_RTDNA_SEQUENCE_ONLY	CO_REPORTED_AND_TESTED_ONLY (no positive readout recorded locally)	0	YES	127	undetermined	undetermined	undetermined	NONE_LOCAL	NOT_IN_LOCAL_ASSETS	NOT_IN_LOCAL_ASSETS	NOT_IN_LOCAL_ASSETS	NOT_IN_LOCAL_ASSETS	YES	YES	CATALOGUE_ONLY	none	YES	NO	NOT_INDEPENDENT - present in the RT catalogue/corpus, outside PAIR-ELIG	assay layer only; check exposure before any evaluation use	Khan et al. 2024 Nat Biotechnol doi:10.1038/s41587-024-02384-z (An experimental census of retrons)	174 of 175 panel rows lie inside Mestre's own reference set by accession, so the panel is an assay layer on the prediction set, NOT independent validation of it. RT_sequence column is empty in all 175 rows (use rt_protein_aa).
EXP-K004	Vha	terminal_1488	fig|669.51.peg.5531	X4_SYNTHESISED_AND_TESTED_OUTCOME_UNDETERMINED	CO_REPORTED_AND_TESTED_ONLY (no positive readout recorded locally)		NO	0	0	undetermined	undetermined	NONE_LOCAL	NOT_IN_LOCAL_ASSETS	NOT_IN_LOCAL_ASSETS	NOT_IN_LOCAL_ASSETS	NOT_IN_LOCAL_ASSETS	YES	YES	CATALOGUE_ONLY	none	YES	NO	NOT_INDEPENDENT - present in the RT catalogue/corpus, outside PAIR-ELIG	assay layer only; check exposure before any evaluation use	Khan et al. 2024 Nat Biotechnol doi:10.1038/s41587-024-02384-z (An experimental census of retrons)	174 of 175 panel rows lie inside Mestre's own reference set by accession, so the panel is an assay layer on the prediction set, NOT independent validation of it. RT_sequence column is empty in all 175 rows (use rt_protein_aa).
EXP-K005	Vcy	terminal_735	fig|1136158.3.peg.3691	X3_FUNCTIONAL_ASSAY_ONLY	YES_ASSAYED_AS_A_UNIT (RT + its own ncRNA synthesised and measured together)		NO	0	0.062864477	undetermined	undetermined	NONE_LOCAL	NOT_IN_LOCAL_ASSETS	NOT_IN_LOCAL_ASSETS	NOT_IN_LOCAL_ASSETS	NOT_IN_LOCAL_ASSETS	YES	YES	VAL_TEST_EXPOSED	val	YES	NO	NOT_INDEPENDENT - in the X1 val/test fold; X2 trained on all folds	assay layer only; check exposure before any evaluation use	Khan et al. 2024 Nat Biotechnol doi:10.1038/s41587-024-02384-z (An experimental census of retrons)	174 of 175 panel rows lie inside Mestre's own reference set by accession, so the panel is an assay layer on the prediction set, NOT independent validation of it. RT_sequence column is empty in all 175 rows (use rt_protein_aa).
EXP-K006	Vco	terminal_1485	fig|190893.14.peg.2110	X2_RTDNA_SEQUENCE_PLUS_FUNCTIONAL_ASSAY	YES_ASSAYED_AS_A_UNIT (RT + its own ncRNA synthesised and measured together)	0.009793254	YES	73	0.092668682	undetermined	undetermined	NONE_LOCAL	NOT_IN_LOCAL_ASSETS	NOT_IN_LOCAL_ASSETS	NOT_IN_LOCAL_ASSETS	NOT_IN_LOCAL_ASSETS	YES	YES	CATALOGUE_ONLY	none	YES	NO	NOT_INDEPENDENT - present in the RT catalogue/corpus, outside PAIR-ELIG	assay layer only; check exposure before any evaluation use	Khan et al. 2024 Nat Biotechnol doi:10.1038/s41587-024-02384-z (An experimental census of retrons)	174 of 175 panel rows lie inside Mestre's own reference set by accession, so the panel is an assay layer on the prediction set, NOT independent validation of it. RT_sequence column is empty in all 175 rows (use rt_protein_aa).
EXP-K007	Uru	terminal_1163	fig|165186.29.peg.27	X2_RTDNA_SEQUENCE_PLUS_FUNCTIONAL_ASSAY	YES_ASSAYED_AS_A_UNIT (RT + its own ncRNA synthesised and measured together)	0.26216772	YES	82	0.475101429	0.348651754	0.201649064	NONE_LOCAL	NOT_IN_LOCAL_ASSETS	NOT_IN_LOCAL_ASSETS	NOT_IN_LOCAL_ASSETS	NOT_IN_LOCAL_ASSETS	YES	YES	CATALOGUE_ONLY	none	YES	NO	NOT_INDEPENDENT - present in the RT catalogue/corpus, outside PAIR-ELIG	assay layer only; check exposure before any evaluation use	Khan et al. 2024 Nat Biotechnol doi:10.1038/s41587-024-02384-z (An experimental census of retrons)	174 of 175 panel rows lie inside Mestre's own reference set by accession, so the panel is an assay layer on the prediction set, NOT independent validation of it. RT_sequence column is empty in all 175 rows (use rt_protein_aa).
EXP-K008	Uro	terminal_1525	SCI87282.1	X3_FUNCTIONAL_ASSAY_ONLY	YES_ASSAYED_AS_A_UNIT (RT + its own ncRNA synthesised and measured together)		NO	0	0.689226555	undetermined	undetermined	NONE_LOCAL	NOT_IN_LOCAL_ASSETS	NOT_IN_LOCAL_ASSETS	NOT_IN_LOCAL_ASSETS	NOT_IN_LOCAL_ASSETS	YES	YES	VAL_TEST_EXPOSED	val	YES	NO	NOT_INDEPENDENT - in the X1 val/test fold; X2 trained on all folds	assay layer only; check exposure before any evaluation use	Khan et al. 2024 Nat Biotechnol doi:10.1038/s41587-024-02384-z (An experimental census of retrons)	174 of 175 panel rows lie inside Mestre's own reference set by accession, so the panel is an assay layer on the prediction set, NOT independent validation of it. RT_sequence column is empty in all 175 rows (use rt_protein_aa).
EXP-K009	Ucl	terminal_1100	fig|59620.44.peg.897	X2_RTDNA_SEQUENCE_PLUS_FUNCTIONAL_ASSAY	YES_ASSAYED_AS_A_UNIT (RT + its own ncRNA synthesised and measured together)	0.414806916	YES	79	0	undetermined	undetermined	NONE_LOCAL	NOT_IN_LOCAL_ASSETS	NOT_IN_LOCAL_ASSETS	NOT_IN_LOCAL_ASSETS	NOT_IN_LOCAL_ASSETS	YES	YES	CATALOGUE_ONLY	none	YES	NO	NOT_INDEPENDENT - present in the RT catalogue/corpus, outside PAIR-ELIG	assay layer only; check exposure before any evaluation use	Khan et al. 2024 Nat Biotechnol doi:10.1038/s41587-024-02384-z (An experimental census of retrons)	174 of 175 panel rows lie inside Mestre's own reference set by accession, so the panel is an assay layer on the prediction set, NOT independent validation of it. RT_sequence column is empty in all 175 rows (use rt_protein_aa).
EXP-K010	Tsp	terminal_1732	fig|2005459.3.peg.7019	X2_RTDNA_SEQUENCE_PLUS_FUNCTIONAL_ASSAY	YES_ASSAYED_AS_A_UNIT (RT + its own ncRNA synthesised and measured together)	2.228198993	YES	136	3.656674505	1.233240866	1.038130263	NONE_LOCAL	NOT_IN_LOCAL_ASSETS	NOT_IN_LOCAL_ASSETS	NOT_IN_LOCAL_ASSETS	NOT_IN_LOCAL_ASSETS	YES	YES	TRAIN_EXPOSED	train	YES	NO	NOT_INDEPENDENT - in the X1 train fold; X2 trained on all folds	assay layer only; check exposure before any evaluation use	Khan et al. 2024 Nat Biotechnol doi:10.1038/s41587-024-02384-z (An experimental census of retrons)	174 of 175 panel rows lie inside Mestre's own reference set by accession, so the panel is an assay layer on the prediction set, NOT independent validation of it. RT_sequence column is empty in all 175 rows (use rt_protein_aa).
EXP-K011	Tde	terminal_662	fig|364030.3.peg.3554	X4_SYNTHESISED_AND_TESTED_OUTCOME_UNDETERMINED	CO_REPORTED_AND_TESTED_ONLY (no positive readout recorded locally)	0	NO	0	undetermined	undetermined	undetermined	NONE_LOCAL	NOT_IN_LOCAL_ASSETS	NOT_IN_LOCAL_ASSETS	NOT_IN_LOCAL_ASSETS	NOT_IN_LOCAL_ASSETS	YES	YES	CATALOGUE_ONLY	none	YES	NO	NOT_INDEPENDENT - present in the RT catalogue/corpus, outside PAIR-ELIG	assay layer only; check exposure before any evaluation use	Khan et al. 2024 Nat Biotechnol doi:10.1038/s41587-024-02384-z (An experimental census of retrons)	174 of 175 panel rows lie inside Mestre's own reference set by accession, so the panel is an assay layer on the prediction set, NOT independent validation of it. RT_sequence column is empty in all 175 rows (use rt_protein_aa).
EXP-K012	Tdi	terminal_1687	fig|669041.3.peg.843	X2_RTDNA_SEQUENCE_PLUS_FUNCTIONAL_ASSAY	YES_ASSAYED_AS_A_UNIT (RT + its own ncRNA synthesised and measured together)	0.347988202	YES	140	105.6806299	undetermined	undetermined	NONE_LOCAL	NOT_IN_LOCAL_ASSETS	NOT_IN_LOCAL_ASSETS	NOT_IN_LOCAL_ASSETS	NOT_IN_LOCAL_ASSETS	YES	YES	VAL_TEST_EXPOSED	val	YES	NO	NOT_INDEPENDENT - in the X1 val/test fold; X2 trained on all folds	assay layer only; check exposure before any evaluation use	Khan et al. 2024 Nat Biotechnol doi:10.1038/s41587-024-02384-z (An experimental census of retrons)	174 of 175 panel rows lie inside Mestre's own reference set by accession, so the panel is an assay layer on the prediction set, NOT independent validation of it. RT_sequence column is empty in all 175 rows (use rt_protein_aa).
EXP-K013	Ssp	terminal_1191	fig|1802259.3.peg.374	X4_SYNTHESISED_AND_TESTED_OUTCOME_UNDETERMINED	CO_REPORTED_AND_TESTED_ONLY (no positive readout recorded locally)	0	NO	0	undetermined	undetermined	undetermined	NONE_LOCAL	NOT_IN_LOCAL_ASSETS	NOT_IN_LOCAL_ASSETS	NOT_IN_LOCAL_ASSETS	NOT_IN_LOCAL_ASSETS	YES	YES	CATALOGUE_ONLY	none	YES	NO	NOT_INDEPENDENT - present in the RT catalogue/corpus, outside PAIR-ELIG	assay layer only; check exposure before any evaluation use	Khan et al. 2024 Nat Biotechnol doi:10.1038/s41587-024-02384-z (An experimental census of retrons)	174 of 175 panel rows lie inside Mestre's own reference set by accession, so the panel is an assay layer on the prediction set, NOT independent validation of it. RT_sequence column is empty in all 175 rows (use rt_protein_aa).
EXP-K014	Sni	terminal_1400	fig|164115.3.peg.6832	X3_FUNCTIONAL_ASSAY_ONLY	YES_ASSAYED_AS_A_UNIT (RT + its own ncRNA synthesised and measured together)		NO	0	4.813086286	undetermined	undetermined	NONE_LOCAL	NOT_IN_LOCAL_ASSETS	NOT_IN_LOCAL_ASSETS	NOT_IN_LOCAL_ASSETS	NOT_IN_LOCAL_ASSETS	YES	YES	TRAIN_EXPOSED	train	YES	NO	NOT_INDEPENDENT - in the X1 train fold; X2 trained on all folds	assay layer only; check exposure before any evaluation use	Khan et al. 2024 Nat Biotechnol doi:10.1038/s41587-024-02384-z (An experimental census of retrons)	174 of 175 panel rows lie inside Mestre's own reference set by accession, so the panel is an assay layer on the prediction set, NOT independent validation of it. RT_sequence column is empty in all 175 rows (use rt_protein_aa).
EXP-K015	Ssu	terminal_1119	fig|1214190.3.peg.2034	X2b_RTDNA_SEQUENCE_ONLY	CO_REPORTED_AND_TESTED_ONLY (no positive readout recorded locally)	0	YES	97	0	undetermined	undetermined	NONE_LOCAL	NOT_IN_LOCAL_ASSETS	NOT_IN_LOCAL_ASSETS	NOT_IN_LOCAL_ASSETS	NOT_IN_LOCAL_ASSETS	YES	YES	CATALOGUE_ONLY	none	YES	NO	NOT_INDEPENDENT - present in the RT catalogue/corpus, outside PAIR-ELIG	assay layer only; check exposure before any evaluation use	Khan et al. 2024 Nat Biotechnol doi:10.1038/s41587-024-02384-z (An experimental census of retrons)	174 of 175 panel rows lie inside Mestre's own reference set by accession, so the panel is an assay layer on the prediction set, NOT independent validation of it. RT_sequence column is empty in all 175 rows (use rt_protein_aa).
EXP-K016	Ssu	terminal_486	fig|1307.1644.peg.1532	X3_FUNCTIONAL_ASSAY_ONLY	YES_ASSAYED_AS_A_UNIT (RT + its own ncRNA synthesised and measured together)	0	NO	0	22.28096063	undetermined	undetermined	NONE_LOCAL	NOT_IN_LOCAL_ASSETS	NOT_IN_LOCAL_ASSETS	NOT_IN_LOCAL_ASSETS	NOT_IN_LOCAL_ASSETS	YES	YES	CATALOGUE_ONLY	none	YES	NO	NOT_INDEPENDENT - present in the RT catalogue/corpus, outside PAIR-ELIG	assay layer only; check exposure before any evaluation use	Khan et al. 2024 Nat Biotechnol doi:10.1038/s41587-024-02384-z (An experimental census of retrons)	174 of 175 panel rows lie inside Mestre's own reference set by accession, so the panel is an assay layer on the prediction set, NOT independent validation of it. RT_sequence column is empty in all 175 rows (use rt_protein_aa).
EXP-K017	Sag	terminal_1079	fig|1154859.3.peg.955	X4_SYNTHESISED_AND_TESTED_OUTCOME_UNDETERMINED	CO_REPORTED_AND_TESTED_ONLY (no positive readout recorded locally)		NO	0	0	undetermined	undetermined	NONE_LOCAL	NOT_IN_LOCAL_ASSETS	NOT_IN_LOCAL_ASSETS	NOT_IN_LOCAL_ASSETS	NOT_IN_LOCAL_ASSETS	YES	YES	CATALOGUE_ONLY	none	YES	NO	NOT_INDEPENDENT - present in the RT catalogue/corpus, outside PAIR-ELIG	assay layer only; check exposure before any evaluation use	Khan et al. 2024 Nat Biotechnol doi:10.1038/s41587-024-02384-z (An experimental census of retrons)	174 of 175 panel rows lie inside Mestre's own reference set by accession, so the panel is an assay layer on the prediction set, NOT independent validation of it. RT_sequence column is empty in all 175 rows (use rt_protein_aa).
EXP-K018	Retron-Sau1 (Sa163)	terminal_1795	WP_002615305.1	X3_FUNCTIONAL_ASSAY_ONLY	YES_ASSAYED_AS_A_UNIT (RT + its own ncRNA synthesised and measured together)		NO	0	30.4116512	undetermined	undetermined	NONE_LOCAL	NOT_IN_LOCAL_ASSETS	NOT_IN_LOCAL_ASSETS	NOT_IN_LOCAL_ASSETS	NOT_IN_LOCAL_ASSETS	YES	YES	VAL_TEST_EXPOSED	val	YES	NO	NOT_INDEPENDENT - in the X1 val/test fold; X2 trained on all folds	assay layer only; check exposure before any evaluation use	Khan et al. 2024 Nat Biotechnol doi:10.1038/s41587-024-02384-z (An experimental census of retrons)	174 of 175 panel rows lie inside Mestre's own reference set by accession, so the panel is an assay layer on the prediction set, NOT independent validation of it. RT_sequence column is empty in all 175 rows (use rt_protein_aa).
EXP-K019	Sma	terminal_888	fig|40324.334.peg.1103	X2b_RTDNA_SEQUENCE_ONLY	CO_REPORTED_AND_TESTED_ONLY (no positive readout recorded locally)	0	YES	189	0	undetermined	undetermined	NONE_LOCAL	NOT_IN_LOCAL_ASSETS	NOT_IN_LOCAL_ASSETS	NOT_IN_LOCAL_ASSETS	NOT_IN_LOCAL_ASSETS	YES	YES	TRAIN_EXPOSED	train	YES	NO	NOT_INDEPENDENT - in the X1 train fold; X2 trained on all folds	assay layer only; check exposure before any evaluation use	Khan et al. 2024 Nat Biotechnol doi:10.1038/s41587-024-02384-z (An experimental census of retrons)	174 of 175 panel rows lie inside Mestre's own reference set by accession, so the panel is an assay layer on the prediction set, NOT independent validation of it. RT_sequence column is empty in all 175 rows (use rt_protein_aa).
EXP-K020	Sma	terminal_418	fig|40324.292.peg.236	X3_FUNCTIONAL_ASSAY_ONLY	YES_ASSAYED_AS_A_UNIT (RT + its own ncRNA synthesised and measured together)		NO	0	0.565909502	undetermined	undetermined	NONE_LOCAL	NOT_IN_LOCAL_ASSETS	NOT_IN_LOCAL_ASSETS	NOT_IN_LOCAL_ASSETS	NOT_IN_LOCAL_ASSETS	YES	YES	CATALOGUE_ONLY	none	YES	NO	NOT_INDEPENDENT - present in the RT catalogue/corpus, outside PAIR-ELIG	assay layer only; check exposure before any evaluation use	Khan et al. 2024 Nat Biotechnol doi:10.1038/s41587-024-02384-z (An experimental census of retrons)	174 of 175 panel rows lie inside Mestre's own reference set by accession, so the panel is an assay layer on the prediction set, NOT independent validation of it. RT_sequence column is empty in all 175 rows (use rt_protein_aa).
EXP-K021	Ssp	terminal_1122	fig|1881068.3.peg.2940	X2_RTDNA_SEQUENCE_PLUS_FUNCTIONAL_ASSAY	YES_ASSAYED_AS_A_UNIT (RT + its own ncRNA synthesised and measured together)	0.021555336	YES	55	0	undetermined	undetermined	NONE_LOCAL	NOT_IN_LOCAL_ASSETS	NOT_IN_LOCAL_ASSETS	NOT_IN_LOCAL_ASSETS	NOT_IN_LOCAL_ASSETS	YES	YES	CATALOGUE_ONLY	none	YES	NO	NOT_INDEPENDENT - present in the RT catalogue/corpus, outside PAIR-ELIG	assay layer only; check exposure before any evaluation use	Khan et al. 2024 Nat Biotechnol doi:10.1038/s41587-024-02384-z (An experimental census of retrons)	174 of 175 panel rows lie inside Mestre's own reference set by accession, so the panel is an assay layer on the prediction set, NOT independent validation of it. RT_sequence column is empty in all 175 rows (use rt_protein_aa).
EXP-K022	Ssp	terminal_1502	fig|1947498.3.peg.1366	X4_SYNTHESISED_AND_TESTED_OUTCOME_UNDETERMINED	CO_REPORTED_AND_TESTED_ONLY (no positive readout recorded locally)		NO	0	0	undetermined	undetermined	NONE_LOCAL	NOT_IN_LOCAL_ASSETS	NOT_IN_LOCAL_ASSETS	NOT_IN_LOCAL_ASSETS	NOT_IN_LOCAL_ASSETS	YES	YES	CATALOGUE_ONLY	none	YES	NO	NOT_INDEPENDENT - present in the RT catalogue/corpus, outside PAIR-ELIG	assay layer only; check exposure before any evaluation use	Khan et al. 2024 Nat Biotechnol doi:10.1038/s41587-024-02384-z (An experimental census of retrons)	174 of 175 panel rows lie inside Mestre's own reference set by accession, so the panel is an assay layer on the prediction set, NOT independent validation of it. RT_sequence column is empty in all 175 rows (use rt_protein_aa).
EXP-K023	Spu	terminal_733	fig|319224.16.peg.2726	X3_FUNCTIONAL_ASSAY_ONLY	YES_ASSAYED_AS_A_UNIT (RT + its own ncRNA synthesised and measured together)		NO	0	0.268771912	undetermined	undetermined	NONE_LOCAL	NOT_IN_LOCAL_ASSETS	NOT_IN_LOCAL_ASSETS	NOT_IN_LOCAL_ASSETS	NOT_IN_LOCAL_ASSETS	YES	YES	VAL_TEST_EXPOSED	val	YES	NO	NOT_INDEPENDENT - in the X1 val/test fold; X2 trained on all folds	assay layer only; check exposure before any evaluation use	Khan et al. 2024 Nat Biotechnol doi:10.1038/s41587-024-02384-z (An experimental census of retrons)	174 of 175 panel rows lie inside Mestre's own reference set by accession, so the panel is an assay layer on the prediction set, NOT independent validation of it. RT_sequence column is empty in all 175 rows (use rt_protein_aa).
EXP-K024	Ssp	terminal_1644	fig|2024858.3.peg.3711	X3_FUNCTIONAL_ASSAY_ONLY	YES_ASSAYED_AS_A_UNIT (RT + its own ncRNA synthesised and measured together)		NO	0	12.57776227	undetermined	undetermined	NONE_LOCAL	NOT_IN_LOCAL_ASSETS	NOT_IN_LOCAL_ASSETS	NOT_IN_LOCAL_ASSETS	NOT_IN_LOCAL_ASSETS	YES	YES	CATALOGUE_ONLY	none	YES	NO	NOT_INDEPENDENT - present in the RT catalogue/corpus, outside PAIR-ELIG	assay layer only; check exposure before any evaluation use	Khan et al. 2024 Nat Biotechnol doi:10.1038/s41587-024-02384-z (An experimental census of retrons)	174 of 175 panel rows lie inside Mestre's own reference set by accession, so the panel is an assay layer on the prediction set, NOT independent validation of it. RT_sequence column is empty in all 175 rows (use rt_protein_aa).
EXP-K025	Retron-Sen2 (St85)	terminal_116	EDM6246721.1	X2b_RTDNA_SEQUENCE_ONLY	CO_REPORTED_AND_TESTED_ONLY (no positive readout recorded locally)		YES	82	undetermined	undetermined	undetermined	9L7P(RVT-Retrons St85);effector chain named 'retron ST85 family effector' in 7V9X/7XJG	NOT_IN_LOCAL_ASSETS	NOT_IN_LOCAL_ASSETS	NOT_IN_LOCAL_ASSETS	NOT_IN_LOCAL_ASSETS	YES	YES	TRAIN_EXPOSED	train	NO	NO	NOT_INDEPENDENT - in the X1 train fold; X2 trained on all folds	assay layer only; check exposure before any evaluation use	Khan et al. 2024 Nat Biotechnol doi:10.1038/s41587-024-02384-z (An experimental census of retrons)	174 of 175 panel rows lie inside Mestre's own reference set by accession, so the panel is an assay layer on the prediction set, NOT independent validation of it. RT_sequence column is empty in all 175 rows (use rt_protein_aa).
EXP-K026	Sen	terminal_1352	fig|1967657.4.peg.913	X2_RTDNA_SEQUENCE_PLUS_FUNCTIONAL_ASSAY	YES_ASSAYED_AS_A_UNIT (RT + its own ncRNA synthesised and measured together)	0.990479092	YES	162	0	undetermined	undetermined	NONE_LOCAL	NOT_IN_LOCAL_ASSETS	NOT_IN_LOCAL_ASSETS	NOT_IN_LOCAL_ASSETS	NOT_IN_LOCAL_ASSETS	YES	YES	TRAIN_EXPOSED	train	YES	NO	NOT_INDEPENDENT - in the X1 train fold; X2 trained on all folds	assay layer only; check exposure before any evaluation use	Khan et al. 2024 Nat Biotechnol doi:10.1038/s41587-024-02384-z (An experimental census of retrons)	174 of 175 panel rows lie inside Mestre's own reference set by accession, so the panel is an assay layer on the prediction set, NOT independent validation of it. RT_sequence column is empty in all 175 rows (use rt_protein_aa).
EXP-K027	Sen	terminal_1156	fig|1124958.3.peg.5012	X2_RTDNA_SEQUENCE_PLUS_FUNCTIONAL_ASSAY	YES_ASSAYED_AS_A_UNIT (RT + its own ncRNA synthesised and measured together)	0.024610922	YES	75	3.5207122	undetermined	undetermined	NONE_LOCAL	NOT_IN_LOCAL_ASSETS	NOT_IN_LOCAL_ASSETS	NOT_IN_LOCAL_ASSETS	NOT_IN_LOCAL_ASSETS	YES	YES	CATALOGUE_ONLY	none	YES	NO	NOT_INDEPENDENT - present in the RT catalogue/corpus, outside PAIR-ELIG	assay layer only; check exposure before any evaluation use	Khan et al. 2024 Nat Biotechnol doi:10.1038/s41587-024-02384-z (An experimental census of retrons)	174 of 175 panel rows lie inside Mestre's own reference set by accession, so the panel is an assay layer on the prediction set, NOT independent validation of it. RT_sequence column is empty in all 175 rows (use rt_protein_aa).
EXP-K028	Retron-Sen1 (Se72)	terminal_553	KJT50308.1	X3_FUNCTIONAL_ASSAY_ONLY	YES_ASSAYED_AS_A_UNIT (RT + its own ncRNA synthesised and measured together)		NO	0	1.707057395	undetermined	undetermined	NONE_LOCAL	NOT_IN_LOCAL_ASSETS	NOT_IN_LOCAL_ASSETS	NOT_IN_LOCAL_ASSETS	NOT_IN_LOCAL_ASSETS	YES	YES	TRAIN_EXPOSED	train	YES	NO	NOT_INDEPENDENT - in the X1 train fold; X2 trained on all folds	assay layer only; check exposure before any evaluation use	Khan et al. 2024 Nat Biotechnol doi:10.1038/s41587-024-02384-z (An experimental census of retrons)	174 of 175 panel rows lie inside Mestre's own reference set by accession, so the panel is an assay layer on the prediction set, NOT independent validation of it. RT_sequence column is empty in all 175 rows (use rt_protein_aa).
EXP-K029	Rfl	terminal_813	fig|1410670.3.peg.2844	X3_FUNCTIONAL_ASSAY_ONLY	YES_ASSAYED_AS_A_UNIT (RT + its own ncRNA synthesised and measured together)		NO	0	0.616085657	undetermined	undetermined	NONE_LOCAL	NOT_IN_LOCAL_ASSETS	NOT_IN_LOCAL_ASSETS	NOT_IN_LOCAL_ASSETS	NOT_IN_LOCAL_ASSETS	YES	YES	FULLY_EXTERNAL	none	NO	NO	EXTERNAL_BY_SEQUENCE (no exact or near match in any project population)	functional-endpoint external candidate (RT-DNA production / editing) - NOT a compatibility or orthogonality set	Khan et al. 2024 Nat Biotechnol doi:10.1038/s41587-024-02384-z (An experimental census of retrons)	174 of 175 panel rows lie inside Mestre's own reference set by accession, so the panel is an assay layer on the prediction set, NOT independent validation of it. RT_sequence column is empty in all 175 rows (use rt_protein_aa).
EXP-K030	Rfl	terminal_482	fig|1265.9.peg.2602	X2_RTDNA_SEQUENCE_PLUS_FUNCTIONAL_ASSAY	YES_ASSAYED_AS_A_UNIT (RT + its own ncRNA synthesised and measured together)	1.111439727	YES	86	53.85704318	undetermined	undetermined	NONE_LOCAL	NOT_IN_LOCAL_ASSETS	NOT_IN_LOCAL_ASSETS	NOT_IN_LOCAL_ASSETS	NOT_IN_LOCAL_ASSETS	YES	YES	TRAIN_EXPOSED	train	YES	NO	NOT_INDEPENDENT - in the X1 train fold; X2 trained on all folds	assay layer only; check exposure before any evaluation use	Khan et al. 2024 Nat Biotechnol doi:10.1038/s41587-024-02384-z (An experimental census of retrons)	174 of 175 panel rows lie inside Mestre's own reference set by accession, so the panel is an assay layer on the prediction set, NOT independent validation of it. RT_sequence column is empty in all 175 rows (use rt_protein_aa).
EXP-K031	Rsp	terminal_1323	fig|1860090.3.peg.231	X2_RTDNA_SEQUENCE_PLUS_FUNCTIONAL_ASSAY	YES_ASSAYED_AS_A_UNIT (RT + its own ncRNA synthesised and measured together)	0.855035911	YES	162	2.393682542	undetermined	undetermined	NONE_LOCAL	NOT_IN_LOCAL_ASSETS	NOT_IN_LOCAL_ASSETS	NOT_IN_LOCAL_ASSETS	NOT_IN_LOCAL_ASSETS	YES	YES	TRAIN_EXPOSED	train	YES	NO	NOT_INDEPENDENT - in the X1 train fold; X2 trained on all folds	assay layer only; check exposure before any evaluation use	Khan et al. 2024 Nat Biotechnol doi:10.1038/s41587-024-02384-z (An experimental census of retrons)	174 of 175 panel rows lie inside Mestre's own reference set by accession, so the panel is an assay layer on the prediction set, NOT independent validation of it. RT_sequence column is empty in all 175 rows (use rt_protein_aa).
EXP-K032	Rko	terminal_1928	fig|1303689.4.peg.2934	X2_RTDNA_SEQUENCE_PLUS_FUNCTIONAL_ASSAY	YES_ASSAYED_AS_A_UNIT (RT + its own ncRNA synthesised and measured together)	2.505321343	YES	80	undetermined	undetermined	undetermined	NONE_LOCAL	NOT_IN_LOCAL_ASSETS	NOT_IN_LOCAL_ASSETS	NOT_IN_LOCAL_ASSETS	NOT_IN_LOCAL_ASSETS	YES	YES	SEQUENCE_NEAR_CORPUS	none	NO	NO	NOT_INDEPENDENT - near-sequence match in the corpus	assay layer only; check exposure before any evaluation use	Khan et al. 2024 Nat Biotechnol doi:10.1038/s41587-024-02384-z (An experimental census of retrons)	174 of 175 panel rows lie inside Mestre's own reference set by accession, so the panel is an assay layer on the prediction set, NOT independent validation of it. RT_sequence column is empty in all 175 rows (use rt_protein_aa).
EXP-K033	Rer	terminal_1922	fig|1381122.3.peg.6103	X3_FUNCTIONAL_ASSAY_ONLY	YES_ASSAYED_AS_A_UNIT (RT + its own ncRNA synthesised and measured together)		NO	0	0.321273828	undetermined	undetermined	NONE_LOCAL	NOT_IN_LOCAL_ASSETS	NOT_IN_LOCAL_ASSETS	NOT_IN_LOCAL_ASSETS	NOT_IN_LOCAL_ASSETS	YES	YES	TRAIN_EXPOSED	train	YES	NO	NOT_INDEPENDENT - in the X1 train fold; X2 trained on all folds	assay layer only; check exposure before any evaluation use	Khan et al. 2024 Nat Biotechnol doi:10.1038/s41587-024-02384-z (An experimental census of retrons)	174 of 175 panel rows lie inside Mestre's own reference set by accession, so the panel is an assay layer on the prediction set, NOT independent validation of it. RT_sequence column is empty in all 175 rows (use rt_protein_aa).
EXP-K034	Rco	terminal_1925	fig|1219012.3.peg.1705	X2_RTDNA_SEQUENCE_PLUS_FUNCTIONAL_ASSAY	YES_ASSAYED_AS_A_UNIT (RT + its own ncRNA synthesised and measured together)	0.057008498	YES	142	3.199395302	undetermined	undetermined	NONE_LOCAL	NOT_IN_LOCAL_ASSETS	NOT_IN_LOCAL_ASSETS	NOT_IN_LOCAL_ASSETS	NOT_IN_LOCAL_ASSETS	YES	YES	TRAIN_EXPOSED	train	YES	NO	NOT_INDEPENDENT - in the X1 train fold; X2 trained on all folds	assay layer only; check exposure before any evaluation use	Khan et al. 2024 Nat Biotechnol doi:10.1038/s41587-024-02384-z (An experimental census of retrons)	174 of 175 panel rows lie inside Mestre's own reference set by accession, so the panel is an assay layer on the prediction set, NOT independent validation of it. RT_sequence column is empty in all 175 rows (use rt_protein_aa).
EXP-K035	Rsp	terminal_401	fig|1523429.3.peg.2936	X4_SYNTHESISED_AND_TESTED_OUTCOME_UNDETERMINED	CO_REPORTED_AND_TESTED_ONLY (no positive readout recorded locally)		NO	0	0	undetermined	undetermined	NONE_LOCAL	NOT_IN_LOCAL_ASSETS	NOT_IN_LOCAL_ASSETS	NOT_IN_LOCAL_ASSETS	NOT_IN_LOCAL_ASSETS	YES	YES	CATALOGUE_ONLY	none	YES	NO	NOT_INDEPENDENT - present in the RT catalogue/corpus, outside PAIR-ELIG	assay layer only; check exposure before any evaluation use	Khan et al. 2024 Nat Biotechnol doi:10.1038/s41587-024-02384-z (An experimental census of retrons)	174 of 175 panel rows lie inside Mestre's own reference set by accession, so the panel is an assay layer on the prediction set, NOT independent validation of it. RT_sequence column is empty in all 175 rows (use rt_protein_aa).
EXP-K036	Rsp	terminal_1321	fig|1869214.4.peg.1848	X3_FUNCTIONAL_ASSAY_ONLY	YES_ASSAYED_AS_A_UNIT (RT + its own ncRNA synthesised and measured together)		NO	0	0.116270856	undetermined	undetermined	NONE_LOCAL	NOT_IN_LOCAL_ASSETS	NOT_IN_LOCAL_ASSETS	NOT_IN_LOCAL_ASSETS	NOT_IN_LOCAL_ASSETS	YES	YES	TRAIN_EXPOSED	train	YES	NO	NOT_INDEPENDENT - in the X1 train fold; X2 trained on all folds	assay layer only; check exposure before any evaluation use	Khan et al. 2024 Nat Biotechnol doi:10.1038/s41587-024-02384-z (An experimental census of retrons)	174 of 175 panel rows lie inside Mestre's own reference set by accession, so the panel is an assay layer on the prediction set, NOT independent validation of it. RT_sequence column is empty in all 175 rows (use rt_protein_aa).
EXP-K037	Psp	terminal_703	fig|1975705.3.peg.898	X3_FUNCTIONAL_ASSAY_ONLY	YES_ASSAYED_AS_A_UNIT (RT + its own ncRNA synthesised and measured together)	0	NO	0	0.091032035	undetermined	undetermined	NONE_LOCAL	NOT_IN_LOCAL_ASSETS	NOT_IN_LOCAL_ASSETS	NOT_IN_LOCAL_ASSETS	NOT_IN_LOCAL_ASSETS	YES	YES	FULLY_EXTERNAL	none	NO	NO	EXTERNAL_BY_SEQUENCE (no exact or near match in any project population)	functional-endpoint external candidate (RT-DNA production / editing) - NOT a compatibility or orthogonality set	Khan et al. 2024 Nat Biotechnol doi:10.1038/s41587-024-02384-z (An experimental census of retrons)	174 of 175 panel rows lie inside Mestre's own reference set by accession, so the panel is an assay layer on the prediction set, NOT independent validation of it. RT_sequence column is empty in all 175 rows (use rt_protein_aa).
EXP-K038	Psp	terminal_789	fig|1736574.3.peg.4024	X4_SYNTHESISED_AND_TESTED_OUTCOME_UNDETERMINED	CO_REPORTED_AND_TESTED_ONLY (no positive readout recorded locally)	0	NO	0	undetermined	undetermined	undetermined	NONE_LOCAL	NOT_IN_LOCAL_ASSETS	NOT_IN_LOCAL_ASSETS	NOT_IN_LOCAL_ASSETS	NOT_IN_LOCAL_ASSETS	YES	YES	CATALOGUE_ONLY	none	YES	NO	NOT_INDEPENDENT - present in the RT catalogue/corpus, outside PAIR-ELIG	assay layer only; check exposure before any evaluation use	Khan et al. 2024 Nat Biotechnol doi:10.1038/s41587-024-02384-z (An experimental census of retrons)	174 of 175 panel rows lie inside Mestre's own reference set by accession, so the panel is an assay layer on the prediction set, NOT independent validation of it. RT_sequence column is empty in all 175 rows (use rt_protein_aa).
EXP-K039	Psp	terminal_1294	fig|2052957.3.peg.3497	X2_RTDNA_SEQUENCE_PLUS_FUNCTIONAL_ASSAY	YES_ASSAYED_AS_A_UNIT (RT + its own ncRNA synthesised and measured together)	0.273897479	YES	107	0.860971135	0.434257054	undetermined	NONE_LOCAL	NOT_IN_LOCAL_ASSETS	NOT_IN_LOCAL_ASSETS	NOT_IN_LOCAL_ASSETS	NOT_IN_LOCAL_ASSETS	YES	YES	TRAIN_EXPOSED	train	YES	NO	NOT_INDEPENDENT - in the X1 train fold; X2 trained on all folds	assay layer only; check exposure before any evaluation use	Khan et al. 2024 Nat Biotechnol doi:10.1038/s41587-024-02384-z (An experimental census of retrons)	174 of 175 panel rows lie inside Mestre's own reference set by accession, so the panel is an assay layer on the prediction set, NOT independent validation of it. RT_sequence column is empty in all 175 rows (use rt_protein_aa).
EXP-K040	Psy	terminal_796	WP_074815429.1	X2_RTDNA_SEQUENCE_PLUS_FUNCTIONAL_ASSAY	YES_ASSAYED_AS_A_UNIT (RT + its own ncRNA synthesised and measured together)	0	YES	65	0.627662782	undetermined	undetermined	NONE_LOCAL	NOT_IN_LOCAL_ASSETS	NOT_IN_LOCAL_ASSETS	NOT_IN_LOCAL_ASSETS	NOT_IN_LOCAL_ASSETS	YES	YES	CATALOGUE_ONLY	none	YES	NO	NOT_INDEPENDENT - present in the RT catalogue/corpus, outside PAIR-ELIG	assay layer only; check exposure before any evaluation use	Khan et al. 2024 Nat Biotechnol doi:10.1038/s41587-024-02384-z (An experimental census of retrons)	174 of 175 panel rows lie inside Mestre's own reference set by accession, so the panel is an assay layer on the prediction set, NOT independent validation of it. RT_sequence column is empty in all 175 rows (use rt_protein_aa).
EXP-K041	Pst	terminal_866	fig|316.357.peg.479	X4_SYNTHESISED_AND_TESTED_OUTCOME_UNDETERMINED	CO_REPORTED_AND_TESTED_ONLY (no positive readout recorded locally)		NO	0	0	undetermined	undetermined	NONE_LOCAL	NOT_IN_LOCAL_ASSETS	NOT_IN_LOCAL_ASSETS	NOT_IN_LOCAL_ASSETS	NOT_IN_LOCAL_ASSETS	YES	YES	TRAIN_EXPOSED	train	YES	NO	NOT_INDEPENDENT - in the X1 train fold; X2 trained on all folds	assay layer only; check exposure before any evaluation use	Khan et al. 2024 Nat Biotechnol doi:10.1038/s41587-024-02384-z (An experimental census of retrons)	174 of 175 panel rows lie inside Mestre's own reference set by accession, so the panel is an assay layer on the prediction set, NOT independent validation of it. RT_sequence column is empty in all 175 rows (use rt_protein_aa).
EXP-K042	Psp	terminal_864	fig|1938440.3.peg.5997	X2_RTDNA_SEQUENCE_PLUS_FUNCTIONAL_ASSAY	YES_ASSAYED_AS_A_UNIT (RT + its own ncRNA synthesised and measured together)	0.033586531	YES	69	0.258771136	0.071763175	undetermined	NONE_LOCAL	NOT_IN_LOCAL_ASSETS	NOT_IN_LOCAL_ASSETS	NOT_IN_LOCAL_ASSETS	NOT_IN_LOCAL_ASSETS	YES	YES	VAL_TEST_EXPOSED	test	YES	NO	NOT_INDEPENDENT - in the X1 val/test fold; X2 trained on all folds	assay layer only; check exposure before any evaluation use	Khan et al. 2024 Nat Biotechnol doi:10.1038/s41587-024-02384-z (An experimental census of retrons)	174 of 175 panel rows lie inside Mestre's own reference set by accession, so the panel is an assay layer on the prediction set, NOT independent validation of it. RT_sequence column is empty in all 175 rows (use rt_protein_aa).
EXP-K043	Psp	terminal_604	fig|1435425.3.peg.787	X3_FUNCTIONAL_ASSAY_ONLY	YES_ASSAYED_AS_A_UNIT (RT + its own ncRNA synthesised and measured together)	0	NO	0	2.577779501	undetermined	undetermined	NONE_LOCAL	NOT_IN_LOCAL_ASSETS	NOT_IN_LOCAL_ASSETS	NOT_IN_LOCAL_ASSETS	NOT_IN_LOCAL_ASSETS	YES	YES	FULLY_EXTERNAL	none	NO	NO	EXTERNAL_BY_SEQUENCE (no exact or near match in any project population)	functional-endpoint external candidate (RT-DNA production / editing) - NOT a compatibility or orthogonality set	Khan et al. 2024 Nat Biotechnol doi:10.1038/s41587-024-02384-z (An experimental census of retrons)	174 of 175 panel rows lie inside Mestre's own reference set by accession, so the panel is an assay layer on the prediction set, NOT independent validation of it. RT_sequence column is empty in all 175 rows (use rt_protein_aa).
EXP-K044	Psp	terminal_1235	fig|1661042.3.peg.2224	X2_RTDNA_SEQUENCE_PLUS_FUNCTIONAL_ASSAY	YES_ASSAYED_AS_A_UNIT (RT + its own ncRNA synthesised and measured together)	0.089953538	YES	69	0	undetermined	undetermined	NONE_LOCAL	NOT_IN_LOCAL_ASSETS	NOT_IN_LOCAL_ASSETS	NOT_IN_LOCAL_ASSETS	NOT_IN_LOCAL_ASSETS	YES	YES	CATALOGUE_ONLY	none	YES	NO	NOT_INDEPENDENT - present in the RT catalogue/corpus, outside PAIR-ELIG	assay layer only; check exposure before any evaluation use	Khan et al. 2024 Nat Biotechnol doi:10.1038/s41587-024-02384-z (An experimental census of retrons)	174 of 175 panel rows lie inside Mestre's own reference set by accession, so the panel is an assay layer on the prediction set, NOT independent validation of it. RT_sequence column is empty in all 175 rows (use rt_protein_aa).
EXP-K045	Psp	terminal_1278	fig|1844092.4.peg.3143	X2b_RTDNA_SEQUENCE_ONLY	CO_REPORTED_AND_TESTED_ONLY (no positive readout recorded locally)	0	YES	59	undetermined	undetermined	undetermined	NONE_LOCAL	NOT_IN_LOCAL_ASSETS	NOT_IN_LOCAL_ASSETS	NOT_IN_LOCAL_ASSETS	NOT_IN_LOCAL_ASSETS	YES	YES	CATALOGUE_ONLY	none	YES	NO	NOT_INDEPENDENT - present in the RT catalogue/corpus, outside PAIR-ELIG	assay layer only; check exposure before any evaluation use	Khan et al. 2024 Nat Biotechnol doi:10.1038/s41587-024-02384-z (An experimental census of retrons)	174 of 175 panel rows lie inside Mestre's own reference set by accession, so the panel is an assay layer on the prediction set, NOT independent validation of it. RT_sequence column is empty in all 175 rows (use rt_protein_aa).
EXP-K046	Psp	terminal_1450	fig|1844101.3.peg.4702	X2_RTDNA_SEQUENCE_PLUS_FUNCTIONAL_ASSAY	YES_ASSAYED_AS_A_UNIT (RT + its own ncRNA synthesised and measured together)	0.804059071	YES	165	0	undetermined	undetermined	NONE_LOCAL	NOT_IN_LOCAL_ASSETS	NOT_IN_LOCAL_ASSETS	NOT_IN_LOCAL_ASSETS	NOT_IN_LOCAL_ASSETS	YES	YES	VAL_TEST_EXPOSED	val	YES	NO	NOT_INDEPENDENT - in the X1 val/test fold; X2 trained on all folds	assay layer only; check exposure before any evaluation use	Khan et al. 2024 Nat Biotechnol doi:10.1038/s41587-024-02384-z (An experimental census of retrons)	174 of 175 panel rows lie inside Mestre's own reference set by accession, so the panel is an assay layer on the prediction set, NOT independent validation of it. RT_sequence column is empty in all 175 rows (use rt_protein_aa).
EXP-K047	Ppl	terminal_1336	fig|70775.16.peg.91	X3_FUNCTIONAL_ASSAY_ONLY	YES_ASSAYED_AS_A_UNIT (RT + its own ncRNA synthesised and measured together)		NO	0	1.662833467	undetermined	undetermined	NONE_LOCAL	NOT_IN_LOCAL_ASSETS	NOT_IN_LOCAL_ASSETS	NOT_IN_LOCAL_ASSETS	NOT_IN_LOCAL_ASSETS	YES	YES	SEQUENCE_NEAR_CORPUS	none	NO	NO	NOT_INDEPENDENT - near-sequence match in the corpus	assay layer only; check exposure before any evaluation use	Khan et al. 2024 Nat Biotechnol doi:10.1038/s41587-024-02384-z (An experimental census of retrons)	174 of 175 panel rows lie inside Mestre's own reference set by accession, so the panel is an assay layer on the prediction set, NOT independent validation of it. RT_sequence column is empty in all 175 rows (use rt_protein_aa).
EXP-K048	Phu	terminal_308	fig|1429083.4.peg.2612	X2b_RTDNA_SEQUENCE_ONLY	CO_REPORTED_AND_TESTED_ONLY (no positive readout recorded locally)	0	YES	117	undetermined	undetermined	undetermined	NONE_LOCAL	NOT_IN_LOCAL_ASSETS	NOT_IN_LOCAL_ASSETS	NOT_IN_LOCAL_ASSETS	NOT_IN_LOCAL_ASSETS	YES	YES	VAL_TEST_EXPOSED	test	YES	NO	NOT_INDEPENDENT - in the X1 val/test fold; X2 trained on all folds	assay layer only; check exposure before any evaluation use	Khan et al. 2024 Nat Biotechnol doi:10.1038/s41587-024-02384-z (An experimental census of retrons)	174 of 175 panel rows lie inside Mestre's own reference set by accession, so the panel is an assay layer on the prediction set, NOT independent validation of it. RT_sequence column is empty in all 175 rows (use rt_protein_aa).
EXP-K049	Pae	terminal_1453	fig|287.3208.peg.1464	X2_RTDNA_SEQUENCE_PLUS_FUNCTIONAL_ASSAY	YES_ASSAYED_AS_A_UNIT (RT + its own ncRNA synthesised and measured together)	1.409049692	YES	169	1.694567193	undetermined	undetermined	NONE_LOCAL	NOT_IN_LOCAL_ASSETS	NOT_IN_LOCAL_ASSETS	NOT_IN_LOCAL_ASSETS	NOT_IN_LOCAL_ASSETS	YES	YES	VAL_TEST_EXPOSED	val	YES	YES	NOT_INDEPENDENT - in the X1 val/test fold; X2 trained on all folds	assay layer only; check exposure before any evaluation use	Khan et al. 2024 Nat Biotechnol doi:10.1038/s41587-024-02384-z (An experimental census of retrons)	174 of 175 panel rows lie inside Mestre's own reference set by accession, so the panel is an assay layer on the prediction set, NOT independent validation of it. RT_sequence column is empty in all 175 rows (use rt_protein_aa).
EXP-K050	Pae	terminal_1195	fig|287.926.peg.3808	X2_RTDNA_SEQUENCE_PLUS_FUNCTIONAL_ASSAY	YES_ASSAYED_AS_A_UNIT (RT + its own ncRNA synthesised and measured together)	0.285722494	YES	76	undetermined	0.127147207	undetermined	NONE_LOCAL	NOT_IN_LOCAL_ASSETS	NOT_IN_LOCAL_ASSETS	NOT_IN_LOCAL_ASSETS	NOT_IN_LOCAL_ASSETS	YES	YES	CATALOGUE_ONLY	none	YES	NO	NOT_INDEPENDENT - present in the RT catalogue/corpus, outside PAIR-ELIG	assay layer only; check exposure before any evaluation use	Khan et al. 2024 Nat Biotechnol doi:10.1038/s41587-024-02384-z (An experimental census of retrons)	174 of 175 panel rows lie inside Mestre's own reference set by accession, so the panel is an assay layer on the prediction set, NOT independent validation of it. RT_sequence column is empty in all 175 rows (use rt_protein_aa).
EXP-K051	Psp	terminal_28	fig|1348393.3.peg.352	X3_FUNCTIONAL_ASSAY_ONLY	YES_ASSAYED_AS_A_UNIT (RT + its own ncRNA synthesised and measured together)		NO	0	4.639343274	undetermined	undetermined	NONE_LOCAL	NOT_IN_LOCAL_ASSETS	NOT_IN_LOCAL_ASSETS	NOT_IN_LOCAL_ASSETS	NOT_IN_LOCAL_ASSETS	YES	YES	TRAIN_EXPOSED	train	YES	NO	NOT_INDEPENDENT - in the X1 train fold; X2 trained on all folds	assay layer only; check exposure before any evaluation use	Khan et al. 2024 Nat Biotechnol doi:10.1038/s41587-024-02384-z (An experimental census of retrons)	174 of 175 panel rows lie inside Mestre's own reference set by accession, so the panel is an assay layer on the prediction set, NOT independent validation of it. RT_sequence column is empty in all 175 rows (use rt_protein_aa).
EXP-K052	Psp	terminal_1265	fig|888433.3.peg.1974	X3_FUNCTIONAL_ASSAY_ONLY	YES_ASSAYED_AS_A_UNIT (RT + its own ncRNA synthesised and measured together)		NO	0	1.532091204	undetermined	undetermined	NONE_LOCAL	NOT_IN_LOCAL_ASSETS	NOT_IN_LOCAL_ASSETS	NOT_IN_LOCAL_ASSETS	NOT_IN_LOCAL_ASSETS	YES	YES	CATALOGUE_ONLY	none	YES	NO	NOT_INDEPENDENT - present in the RT catalogue/corpus, outside PAIR-ELIG	assay layer only; check exposure before any evaluation use	Khan et al. 2024 Nat Biotechnol doi:10.1038/s41587-024-02384-z (An experimental census of retrons)	174 of 175 panel rows lie inside Mestre's own reference set by accession, so the panel is an assay layer on the prediction set, NOT independent validation of it. RT_sequence column is empty in all 175 rows (use rt_protein_aa).
EXP-K053	Psp	terminal_991	fig|1720343.3.peg.3189	X3_FUNCTIONAL_ASSAY_ONLY	YES_ASSAYED_AS_A_UNIT (RT + its own ncRNA synthesised and measured together)	0	NO	0	0.121904368	undetermined	undetermined	NONE_LOCAL	NOT_IN_LOCAL_ASSETS	NOT_IN_LOCAL_ASSETS	NOT_IN_LOCAL_ASSETS	NOT_IN_LOCAL_ASSETS	YES	YES	TRAIN_EXPOSED	train	YES	NO	NOT_INDEPENDENT - in the X1 train fold; X2 trained on all folds	assay layer only; check exposure before any evaluation use	Khan et al. 2024 Nat Biotechnol doi:10.1038/s41587-024-02384-z (An experimental census of retrons)	174 of 175 panel rows lie inside Mestre's own reference set by accession, so the panel is an assay layer on the prediction set, NOT independent validation of it. RT_sequence column is empty in all 175 rows (use rt_protein_aa).
EXP-K054	Pha	terminal_1391	fig|1117315.3.peg.3	X2_RTDNA_SEQUENCE_PLUS_FUNCTIONAL_ASSAY	YES_ASSAYED_AS_A_UNIT (RT + its own ncRNA synthesised and measured together)	0.66128418	YES	155	0.346383441	undetermined	undetermined	NONE_LOCAL	NOT_IN_LOCAL_ASSETS	NOT_IN_LOCAL_ASSETS	NOT_IN_LOCAL_ASSETS	NOT_IN_LOCAL_ASSETS	YES	YES	CATALOGUE_ONLY	none	YES	NO	NOT_INDEPENDENT - present in the RT catalogue/corpus, outside PAIR-ELIG	assay layer only; check exposure before any evaluation use	Khan et al. 2024 Nat Biotechnol doi:10.1038/s41587-024-02384-z (An experimental census of retrons)	174 of 175 panel rows lie inside Mestre's own reference set by accession, so the panel is an assay layer on the prediction set, NOT independent validation of it. RT_sequence column is empty in all 175 rows (use rt_protein_aa).
EXP-K055	Pes	terminal_1000	fig|28107.3.peg.3571	X4_SYNTHESISED_AND_TESTED_OUTCOME_UNDETERMINED	CO_REPORTED_AND_TESTED_ONLY (no positive readout recorded locally)		NO	0	0	undetermined	undetermined	NONE_LOCAL	NOT_IN_LOCAL_ASSETS	NOT_IN_LOCAL_ASSETS	NOT_IN_LOCAL_ASSETS	NOT_IN_LOCAL_ASSETS	YES	YES	TRAIN_EXPOSED	train	YES	NO	NOT_INDEPENDENT - in the X1 train fold; X2 trained on all folds	assay layer only; check exposure before any evaluation use	Khan et al. 2024 Nat Biotechnol doi:10.1038/s41587-024-02384-z (An experimental census of retrons)	174 of 175 panel rows lie inside Mestre's own reference set by accession, so the panel is an assay layer on the prediction set, NOT independent validation of it. RT_sequence column is empty in all 175 rows (use rt_protein_aa).
EXP-K056	Phe	terminal_1374	fig|333962.3.peg.2767	X2_RTDNA_SEQUENCE_PLUS_FUNCTIONAL_ASSAY	YES_ASSAYED_AS_A_UNIT (RT + its own ncRNA synthesised and measured together)	1.087299797	YES	114	undetermined	undetermined	undetermined	NONE_LOCAL	NOT_IN_LOCAL_ASSETS	NOT_IN_LOCAL_ASSETS	NOT_IN_LOCAL_ASSETS	NOT_IN_LOCAL_ASSETS	YES	YES	CATALOGUE_ONLY	none	YES	NO	NOT_INDEPENDENT - present in the RT catalogue/corpus, outside PAIR-ELIG	assay layer only; check exposure before any evaluation use	Khan et al. 2024 Nat Biotechnol doi:10.1038/s41587-024-02384-z (An experimental census of retrons)	174 of 175 panel rows lie inside Mestre's own reference set by accession, so the panel is an assay layer on the prediction set, NOT independent validation of it. RT_sequence column is empty in all 175 rows (use rt_protein_aa).
EXP-K057	Pvu	terminal_10	fig|585.10.peg.2369	X3_FUNCTIONAL_ASSAY_ONLY	YES_ASSAYED_AS_A_UNIT (RT + its own ncRNA synthesised and measured together)		NO	0	0.639257134	undetermined	undetermined	NONE_LOCAL	NOT_IN_LOCAL_ASSETS	NOT_IN_LOCAL_ASSETS	NOT_IN_LOCAL_ASSETS	NOT_IN_LOCAL_ASSETS	YES	YES	TRAIN_EXPOSED	train	YES	NO	NOT_INDEPENDENT - in the X1 train fold; X2 trained on all folds	assay layer only; check exposure before any evaluation use	Khan et al. 2024 Nat Biotechnol doi:10.1038/s41587-024-02384-z (An experimental census of retrons)	174 of 175 panel rows lie inside Mestre's own reference set by accession, so the panel is an assay layer on the prediction set, NOT independent validation of it. RT_sequence column is empty in all 175 rows (use rt_protein_aa).
EXP-K058	Pmi	terminal_21	fig|584.202.peg.1668	X4_SYNTHESISED_AND_TESTED_OUTCOME_UNDETERMINED	CO_REPORTED_AND_TESTED_ONLY (no positive readout recorded locally)		NO	0	0	undetermined	undetermined	NONE_LOCAL	NOT_IN_LOCAL_ASSETS	NOT_IN_LOCAL_ASSETS	NOT_IN_LOCAL_ASSETS	NOT_IN_LOCAL_ASSETS	YES	YES	TRAIN_EXPOSED	train	YES	NO	NOT_INDEPENDENT - in the X1 train fold; X2 trained on all folds	assay layer only; check exposure before any evaluation use	Khan et al. 2024 Nat Biotechnol doi:10.1038/s41587-024-02384-z (An experimental census of retrons)	174 of 175 panel rows lie inside Mestre's own reference set by accession, so the panel is an assay layer on the prediction set, NOT independent validation of it. RT_sequence column is empty in all 175 rows (use rt_protein_aa).
EXP-K059	Pma	terminal_1648	fig|167547.3.peg.303	X3_FUNCTIONAL_ASSAY_ONLY	YES_ASSAYED_AS_A_UNIT (RT + its own ncRNA synthesised and measured together)		NO	0	4.63094469	undetermined	undetermined	NONE_LOCAL	NOT_IN_LOCAL_ASSETS	NOT_IN_LOCAL_ASSETS	NOT_IN_LOCAL_ASSETS	NOT_IN_LOCAL_ASSETS	YES	YES	TRAIN_EXPOSED	train	YES	NO	NOT_INDEPENDENT - in the X1 train fold; X2 trained on all folds	assay layer only; check exposure before any evaluation use	Khan et al. 2024 Nat Biotechnol doi:10.1038/s41587-024-02384-z (An experimental census of retrons)	174 of 175 panel rows lie inside Mestre's own reference set by accession, so the panel is an assay layer on the prediction set, NOT independent validation of it. RT_sequence column is empty in all 175 rows (use rt_protein_aa).
EXP-K060	Psp	terminal_1513	fig|1947145.3.peg.376	X3_FUNCTIONAL_ASSAY_ONLY	YES_ASSAYED_AS_A_UNIT (RT + its own ncRNA synthesised and measured together)		NO	0	2.02738369	undetermined	undetermined	NONE_LOCAL	NOT_IN_LOCAL_ASSETS	NOT_IN_LOCAL_ASSETS	NOT_IN_LOCAL_ASSETS	NOT_IN_LOCAL_ASSETS	YES	YES	CATALOGUE_ONLY	none	YES	NO	NOT_INDEPENDENT - present in the RT catalogue/corpus, outside PAIR-ELIG	assay layer only; check exposure before any evaluation use	Khan et al. 2024 Nat Biotechnol doi:10.1038/s41587-024-02384-z (An experimental census of retrons)	174 of 175 panel rows lie inside Mestre's own reference set by accession, so the panel is an assay layer on the prediction set, NOT independent validation of it. RT_sequence column is empty in all 175 rows (use rt_protein_aa).
EXP-K061	Pco	terminal_398	fig|1197728.3.peg.2386	X3_FUNCTIONAL_ASSAY_ONLY	YES_ASSAYED_AS_A_UNIT (RT + its own ncRNA synthesised and measured together)	0.02254987	NO	0	1.273966113	undetermined	undetermined	NONE_LOCAL	NOT_IN_LOCAL_ASSETS	NOT_IN_LOCAL_ASSETS	NOT_IN_LOCAL_ASSETS	NOT_IN_LOCAL_ASSETS	YES	YES	TRAIN_EXPOSED	train	YES	NO	NOT_INDEPENDENT - in the X1 train fold; X2 trained on all folds	assay layer only; check exposure before any evaluation use	Khan et al. 2024 Nat Biotechnol doi:10.1038/s41587-024-02384-z (An experimental census of retrons)	174 of 175 panel rows lie inside Mestre's own reference set by accession, so the panel is an assay layer on the prediction set, NOT independent validation of it. RT_sequence column is empty in all 175 rows (use rt_protein_aa).
EXP-K062	Pya	terminal_810	fig|1385514.3.peg.313	X2_RTDNA_SEQUENCE_PLUS_FUNCTIONAL_ASSAY	YES_ASSAYED_AS_A_UNIT (RT + its own ncRNA synthesised and measured together)	0.053647421	YES	103	0	0.088810994	undetermined	NONE_LOCAL	NOT_IN_LOCAL_ASSETS	NOT_IN_LOCAL_ASSETS	NOT_IN_LOCAL_ASSETS	NOT_IN_LOCAL_ASSETS	YES	YES	CATALOGUE_ONLY	none	YES	NO	NOT_INDEPENDENT - present in the RT catalogue/corpus, outside PAIR-ELIG	assay layer only; check exposure before any evaluation use	Khan et al. 2024 Nat Biotechnol doi:10.1038/s41587-024-02384-z (An experimental census of retrons)	174 of 175 panel rows lie inside Mestre's own reference set by accession, so the panel is an assay layer on the prediction set, NOT independent validation of it. RT_sequence column is empty in all 175 rows (use rt_protein_aa).
EXP-K063	Psp	terminal_763	fig|1225184.4.peg.1222	X3_FUNCTIONAL_ASSAY_ONLY	YES_ASSAYED_AS_A_UNIT (RT + its own ncRNA synthesised and measured together)		NO	0	1.131999897	undetermined	undetermined	NONE_LOCAL	NOT_IN_LOCAL_ASSETS	NOT_IN_LOCAL_ASSETS	NOT_IN_LOCAL_ASSETS	NOT_IN_LOCAL_ASSETS	YES	YES	VAL_TEST_EXPOSED	test	YES	NO	NOT_INDEPENDENT - in the X1 val/test fold; X2 trained on all folds	assay layer only; check exposure before any evaluation use	Khan et al. 2024 Nat Biotechnol doi:10.1038/s41587-024-02384-z (An experimental census of retrons)	174 of 175 panel rows lie inside Mestre's own reference set by accession, so the panel is an assay layer on the prediction set, NOT independent validation of it. RT_sequence column is empty in all 175 rows (use rt_protein_aa).
EXP-K064	Pan	terminal_1034	fig|1095774.3.peg.2623	X3_FUNCTIONAL_ASSAY_ONLY	YES_ASSAYED_AS_A_UNIT (RT + its own ncRNA synthesised and measured together)		NO	0	0.49473258	undetermined	undetermined	NONE_LOCAL	NOT_IN_LOCAL_ASSETS	NOT_IN_LOCAL_ASSETS	NOT_IN_LOCAL_ASSETS	NOT_IN_LOCAL_ASSETS	YES	YES	TRAIN_EXPOSED	train	YES	NO	NOT_INDEPENDENT - in the X1 train fold; X2 trained on all folds	assay layer only; check exposure before any evaluation use	Khan et al. 2024 Nat Biotechnol doi:10.1038/s41587-024-02384-z (An experimental census of retrons)	174 of 175 panel rows lie inside Mestre's own reference set by accession, so the panel is an assay layer on the prediction set, NOT independent validation of it. RT_sequence column is empty in all 175 rows (use rt_protein_aa).
EXP-K065	Psp	terminal_402	fig|1761878.3.peg.469	X4_SYNTHESISED_AND_TESTED_OUTCOME_UNDETERMINED	CO_REPORTED_AND_TESTED_ONLY (no positive readout recorded locally)		NO	0	0	undetermined	undetermined	NONE_LOCAL	NOT_IN_LOCAL_ASSETS	NOT_IN_LOCAL_ASSETS	NOT_IN_LOCAL_ASSETS	NOT_IN_LOCAL_ASSETS	YES	YES	FULLY_EXTERNAL	none	NO	NO	EXTERNAL_BY_SEQUENCE (no exact or near match in any project population)	functional-endpoint external candidate (RT-DNA production / editing) - NOT a compatibility or orthogonality set	Khan et al. 2024 Nat Biotechnol doi:10.1038/s41587-024-02384-z (An experimental census of retrons)	174 of 175 panel rows lie inside Mestre's own reference set by accession, so the panel is an assay layer on the prediction set, NOT independent validation of it. RT_sequence column is empty in all 175 rows (use rt_protein_aa).
EXP-K066	Pod	terminal_1578	fig|189426.10.peg.597	X2_RTDNA_SEQUENCE_PLUS_FUNCTIONAL_ASSAY	YES_ASSAYED_AS_A_UNIT (RT + its own ncRNA synthesised and measured together)	0.014266788	YES	149	0	undetermined	undetermined	NONE_LOCAL	NOT_IN_LOCAL_ASSETS	NOT_IN_LOCAL_ASSETS	NOT_IN_LOCAL_ASSETS	NOT_IN_LOCAL_ASSETS	YES	YES	CATALOGUE_ONLY	none	YES	NO	NOT_INDEPENDENT - present in the RT catalogue/corpus, outside PAIR-ELIG	assay layer only; check exposure before any evaluation use	Khan et al. 2024 Nat Biotechnol doi:10.1038/s41587-024-02384-z (An experimental census of retrons)	174 of 175 panel rows lie inside Mestre's own reference set by accession, so the panel is an assay layer on the prediction set, NOT independent validation of it. RT_sequence column is empty in all 175 rows (use rt_protein_aa).
EXP-K067	Pam	terminal_1168	fig|1451.25.peg.614	X3_FUNCTIONAL_ASSAY_ONLY	YES_ASSAYED_AS_A_UNIT (RT + its own ncRNA synthesised and measured together)		NO	0	0.026263879	undetermined	undetermined	NONE_LOCAL	NOT_IN_LOCAL_ASSETS	NOT_IN_LOCAL_ASSETS	NOT_IN_LOCAL_ASSETS	NOT_IN_LOCAL_ASSETS	YES	YES	FULLY_EXTERNAL	none	NO	NO	EXTERNAL_BY_SEQUENCE (no exact or near match in any project population)	functional-endpoint external candidate (RT-DNA production / editing) - NOT a compatibility or orthogonality set	Khan et al. 2024 Nat Biotechnol doi:10.1038/s41587-024-02384-z (An experimental census of retrons)	174 of 175 panel rows lie inside Mestre's own reference set by accession, so the panel is an assay layer on the prediction set, NOT independent validation of it. RT_sequence column is empty in all 175 rows (use rt_protein_aa).
EXP-K068	Oba	terminal_848	fig|2026772.5.peg.424	X2_RTDNA_SEQUENCE_PLUS_FUNCTIONAL_ASSAY	YES_ASSAYED_AS_A_UNIT (RT + its own ncRNA synthesised and measured together)	0	YES	94	0.216683464	undetermined	undetermined	NONE_LOCAL	NOT_IN_LOCAL_ASSETS	NOT_IN_LOCAL_ASSETS	NOT_IN_LOCAL_ASSETS	NOT_IN_LOCAL_ASSETS	YES	YES	CATALOGUE_ONLY	none	YES	NO	NOT_INDEPENDENT - present in the RT catalogue/corpus, outside PAIR-ELIG	assay layer only; check exposure before any evaluation use	Khan et al. 2024 Nat Biotechnol doi:10.1038/s41587-024-02384-z (An experimental census of retrons)	174 of 175 panel rows lie inside Mestre's own reference set by accession, so the panel is an assay layer on the prediction set, NOT independent validation of it. RT_sequence column is empty in all 175 rows (use rt_protein_aa).
EXP-K069	Oan	terminal_400	fig|529.12.peg.1303	X2_RTDNA_SEQUENCE_PLUS_FUNCTIONAL_ASSAY	YES_ASSAYED_AS_A_UNIT (RT + its own ncRNA synthesised and measured together)	0.94628144	YES	105	7.301470398	0.66222418	0.888819556	NONE_LOCAL	NOT_IN_LOCAL_ASSETS	NOT_IN_LOCAL_ASSETS	NOT_IN_LOCAL_ASSETS	NOT_IN_LOCAL_ASSETS	YES	YES	CATALOGUE_ONLY	none	YES	NO	NOT_INDEPENDENT - present in the RT catalogue/corpus, outside PAIR-ELIG	assay layer only; check exposure before any evaluation use	Khan et al. 2024 Nat Biotechnol doi:10.1038/s41587-024-02384-z (An experimental census of retrons)	174 of 175 panel rows lie inside Mestre's own reference set by accession, so the panel is an assay layer on the prediction set, NOT independent validation of it. RT_sequence column is empty in all 175 rows (use rt_protein_aa).
EXP-K070	Nsp	terminal_1746	fig|2005458.3.peg.378	X3_FUNCTIONAL_ASSAY_ONLY	YES_ASSAYED_AS_A_UNIT (RT + its own ncRNA synthesised and measured together)		NO	0	0.914032957	undetermined	undetermined	NONE_LOCAL	NOT_IN_LOCAL_ASSETS	NOT_IN_LOCAL_ASSETS	NOT_IN_LOCAL_ASSETS	NOT_IN_LOCAL_ASSETS	YES	YES	TRAIN_EXPOSED	train	YES	NO	NOT_INDEPENDENT - in the X1 train fold; X2 trained on all folds	assay layer only; check exposure before any evaluation use	Khan et al. 2024 Nat Biotechnol doi:10.1038/s41587-024-02384-z (An experimental census of retrons)	174 of 175 panel rows lie inside Mestre's own reference set by accession, so the panel is an assay layer on the prediction set, NOT independent validation of it. RT_sequence column is empty in all 175 rows (use rt_protein_aa).
EXP-K071	Nth	terminal_1914	fig|1206740.4.peg.4617	X2b_RTDNA_SEQUENCE_ONLY	CO_REPORTED_AND_TESTED_ONLY (no positive readout recorded locally)	0	YES	95	undetermined	undetermined	undetermined	NONE_LOCAL	NOT_IN_LOCAL_ASSETS	NOT_IN_LOCAL_ASSETS	NOT_IN_LOCAL_ASSETS	NOT_IN_LOCAL_ASSETS	YES	YES	SEQUENCE_NEAR_CORPUS	none	NO	NO	NOT_INDEPENDENT - near-sequence match in the corpus	assay layer only; check exposure before any evaluation use	Khan et al. 2024 Nat Biotechnol doi:10.1038/s41587-024-02384-z (An experimental census of retrons)	174 of 175 panel rows lie inside Mestre's own reference set by accession, so the panel is an assay layer on the prediction set, NOT independent validation of it. RT_sequence column is empty in all 175 rows (use rt_protein_aa).
EXP-K072	Nsa	terminal_1913	fig|1210073.4.peg.1031	X2_RTDNA_SEQUENCE_PLUS_FUNCTIONAL_ASSAY	YES_ASSAYED_AS_A_UNIT (RT + its own ncRNA synthesised and measured together)	0.020897778	YES	72	7.403967577	0.123313527	undetermined	NONE_LOCAL	NOT_IN_LOCAL_ASSETS	NOT_IN_LOCAL_ASSETS	NOT_IN_LOCAL_ASSETS	NOT_IN_LOCAL_ASSETS	YES	YES	SEQUENCE_NEAR_CORPUS	none	NO	NO	NOT_INDEPENDENT - near-sequence match in the corpus	assay layer only; check exposure before any evaluation use	Khan et al. 2024 Nat Biotechnol doi:10.1038/s41587-024-02384-z (An experimental census of retrons)	174 of 175 panel rows lie inside Mestre's own reference set by accession, so the panel is an assay layer on the prediction set, NOT independent validation of it. RT_sequence column is empty in all 175 rows (use rt_protein_aa).
EXP-K073	Nsp	terminal_1143	fig|1978765.3.peg.3488	X2_RTDNA_SEQUENCE_PLUS_FUNCTIONAL_ASSAY	YES_ASSAYED_AS_A_UNIT (RT + its own ncRNA synthesised and measured together)	0.7864295	YES	71	0.935628085	undetermined	undetermined	NONE_LOCAL	NOT_IN_LOCAL_ASSETS	NOT_IN_LOCAL_ASSETS	NOT_IN_LOCAL_ASSETS	NOT_IN_LOCAL_ASSETS	YES	YES	FULLY_EXTERNAL	none	NO	NO	EXTERNAL_BY_SEQUENCE (no exact or near match in any project population)	functional-endpoint external candidate (RT-DNA production / editing) - NOT a compatibility or orthogonality set	Khan et al. 2024 Nat Biotechnol doi:10.1038/s41587-024-02384-z (An experimental census of retrons)	174 of 175 panel rows lie inside Mestre's own reference set by accession, so the panel is an assay layer on the prediction set, NOT independent validation of it. RT_sequence column is empty in all 175 rows (use rt_protein_aa).
EXP-K074	Npa	terminal_1841	fig|1090615.3.peg.2397	X3_FUNCTIONAL_ASSAY_ONLY	YES_ASSAYED_AS_A_UNIT (RT + its own ncRNA synthesised and measured together)		NO	0	0.106752461	undetermined	undetermined	NONE_LOCAL	NOT_IN_LOCAL_ASSETS	NOT_IN_LOCAL_ASSETS	NOT_IN_LOCAL_ASSETS	NOT_IN_LOCAL_ASSETS	YES	YES	TRAIN_EXPOSED	train	YES	NO	NOT_INDEPENDENT - in the X1 train fold; X2 trained on all folds	assay layer only; check exposure before any evaluation use	Khan et al. 2024 Nat Biotechnol doi:10.1038/s41587-024-02384-z (An experimental census of retrons)	174 of 175 panel rows lie inside Mestre's own reference set by accession, so the panel is an assay layer on the prediction set, NOT independent validation of it. RT_sequence column is empty in all 175 rows (use rt_protein_aa).
EXP-K075	Nmu	terminal_1840	fig|479431.6.peg.3115	X2b_RTDNA_SEQUENCE_ONLY	CO_REPORTED_AND_TESTED_ONLY (no positive readout recorded locally)	0	YES	95	undetermined	undetermined	undetermined	NONE_LOCAL	NOT_IN_LOCAL_ASSETS	NOT_IN_LOCAL_ASSETS	NOT_IN_LOCAL_ASSETS	NOT_IN_LOCAL_ASSETS	YES	YES	TRAIN_EXPOSED	train	YES	NO	NOT_INDEPENDENT - in the X1 train fold; X2 trained on all folds	assay layer only; check exposure before any evaluation use	Khan et al. 2024 Nat Biotechnol doi:10.1038/s41587-024-02384-z (An experimental census of retrons)	174 of 175 panel rows lie inside Mestre's own reference set by accession, so the panel is an assay layer on the prediction set, NOT independent validation of it. RT_sequence column is empty in all 175 rows (use rt_protein_aa).
EXP-K076	Nla	terminal_1912	fig|1123241.3.peg.3642	X4_SYNTHESISED_AND_TESTED_OUTCOME_UNDETERMINED	CO_REPORTED_AND_TESTED_ONLY (no positive readout recorded locally)	0	NO	0	0	undetermined	undetermined	NONE_LOCAL	NOT_IN_LOCAL_ASSETS	NOT_IN_LOCAL_ASSETS	NOT_IN_LOCAL_ASSETS	NOT_IN_LOCAL_ASSETS	YES	YES	TRAIN_EXPOSED	train	YES	NO	NOT_INDEPENDENT - in the X1 train fold; X2 trained on all folds	assay layer only; check exposure before any evaluation use	Khan et al. 2024 Nat Biotechnol doi:10.1038/s41587-024-02384-z (An experimental census of retrons)	174 of 175 panel rows lie inside Mestre's own reference set by accession, so the panel is an assay layer on the prediction set, NOT independent validation of it. RT_sequence column is empty in all 175 rows (use rt_protein_aa).
EXP-K077	Mxa	terminal_1875	fig|1198133.3.peg.2442	X3_FUNCTIONAL_ASSAY_ONLY	YES_ASSAYED_AS_A_UNIT (RT + its own ncRNA synthesised and measured together)	0.02203482	NO	0	10.9491175	0.144838209	undetermined	NONE_LOCAL	NOT_IN_LOCAL_ASSETS	NOT_IN_LOCAL_ASSETS	NOT_IN_LOCAL_ASSETS	NOT_IN_LOCAL_ASSETS	YES	YES	FULLY_EXTERNAL	none	NO	NO	EXTERNAL_BY_SEQUENCE (no exact or near match in any project population)	functional-endpoint external candidate (RT-DNA production / editing) - NOT a compatibility or orthogonality set	Khan et al. 2024 Nat Biotechnol doi:10.1038/s41587-024-02384-z (An experimental census of retrons)	174 of 175 panel rows lie inside Mestre's own reference set by accession, so the panel is an assay layer on the prediction set, NOT independent validation of it. RT_sequence column is empty in all 175 rows (use rt_protein_aa).
EXP-K078	Mvi	terminal_44	fig|80854.14.peg.530	X3_FUNCTIONAL_ASSAY_ONLY	YES_ASSAYED_AS_A_UNIT (RT + its own ncRNA synthesised and measured together)		NO	0	1.794988414	undetermined	undetermined	NONE_LOCAL	NOT_IN_LOCAL_ASSETS	NOT_IN_LOCAL_ASSETS	NOT_IN_LOCAL_ASSETS	NOT_IN_LOCAL_ASSETS	YES	YES	FULLY_EXTERNAL	none	NO	NO	EXTERNAL_BY_SEQUENCE (no exact or near match in any project population)	functional-endpoint external candidate (RT-DNA production / editing) - NOT a compatibility or orthogonality set	Khan et al. 2024 Nat Biotechnol doi:10.1038/s41587-024-02384-z (An experimental census of retrons)	174 of 175 panel rows lie inside Mestre's own reference set by accession, so the panel is an assay layer on the prediction set, NOT independent validation of it. RT_sequence column is empty in all 175 rows (use rt_protein_aa).
EXP-K079	Mbo	terminal_1739	fig|568701.4.peg.2073	X4_SYNTHESISED_AND_TESTED_OUTCOME_UNDETERMINED	CO_REPORTED_AND_TESTED_ONLY (no positive readout recorded locally)		NO	0	0	undetermined	undetermined	NONE_LOCAL	NOT_IN_LOCAL_ASSETS	NOT_IN_LOCAL_ASSETS	NOT_IN_LOCAL_ASSETS	NOT_IN_LOCAL_ASSETS	YES	YES	CATALOGUE_ONLY	none	YES	NO	NOT_INDEPENDENT - present in the RT catalogue/corpus, outside PAIR-ELIG	assay layer only; check exposure before any evaluation use	Khan et al. 2024 Nat Biotechnol doi:10.1038/s41587-024-02384-z (An experimental census of retrons)	174 of 175 panel rows lie inside Mestre's own reference set by accession, so the panel is an assay layer on the prediction set, NOT independent validation of it. RT_sequence column is empty in all 175 rows (use rt_protein_aa).
EXP-K080	Mco	terminal_1873	fig|285665.4.peg.2050	X4_SYNTHESISED_AND_TESTED_OUTCOME_UNDETERMINED	CO_REPORTED_AND_TESTED_ONLY (no positive readout recorded locally)		NO	0	0	undetermined	undetermined	NONE_LOCAL	NOT_IN_LOCAL_ASSETS	NOT_IN_LOCAL_ASSETS	NOT_IN_LOCAL_ASSETS	NOT_IN_LOCAL_ASSETS	YES	YES	TRAIN_EXPOSED	train	YES	NO	NOT_INDEPENDENT - in the X1 train fold; X2 trained on all folds	assay layer only; check exposure before any evaluation use	Khan et al. 2024 Nat Biotechnol doi:10.1038/s41587-024-02384-z (An experimental census of retrons)	174 of 175 panel rows lie inside Mestre's own reference set by accession, so the panel is an assay layer on the prediction set, NOT independent validation of it. RT_sequence column is empty in all 175 rows (use rt_protein_aa).
EXP-K081	Mno	terminal_1765	fig|460265.11.peg.3882	X3_FUNCTIONAL_ASSAY_ONLY	YES_ASSAYED_AS_A_UNIT (RT + its own ncRNA synthesised and measured together)		NO	0	46.1375645	undetermined	undetermined	NONE_LOCAL	NOT_IN_LOCAL_ASSETS	NOT_IN_LOCAL_ASSETS	NOT_IN_LOCAL_ASSETS	NOT_IN_LOCAL_ASSETS	YES	YES	TRAIN_EXPOSED	train	YES	NO	NOT_INDEPENDENT - in the X1 train fold; X2 trained on all folds	assay layer only; check exposure before any evaluation use	Khan et al. 2024 Nat Biotechnol doi:10.1038/s41587-024-02384-z (An experimental census of retrons)	174 of 175 panel rows lie inside Mestre's own reference set by accession, so the panel is an assay layer on the prediction set, NOT independent validation of it. RT_sequence column is empty in all 175 rows (use rt_protein_aa).
EXP-K082	Mgo	terminal_962	fig|582675.3.peg.1247	X3_FUNCTIONAL_ASSAY_ONLY	YES_ASSAYED_AS_A_UNIT (RT + its own ncRNA synthesised and measured together)		NO	0	0.533607256	undetermined	undetermined	NONE_LOCAL	NOT_IN_LOCAL_ASSETS	NOT_IN_LOCAL_ASSETS	NOT_IN_LOCAL_ASSETS	NOT_IN_LOCAL_ASSETS	YES	YES	SEQUENCE_NEAR_CORPUS	none	NO	NO	NOT_INDEPENDENT - near-sequence match in the corpus	assay layer only; check exposure before any evaluation use	Khan et al. 2024 Nat Biotechnol doi:10.1038/s41587-024-02384-z (An experimental census of retrons)	174 of 175 panel rows lie inside Mestre's own reference set by accession, so the panel is an assay layer on the prediction set, NOT independent validation of it. RT_sequence column is empty in all 175 rows (use rt_protein_aa).
EXP-K083	Mfe	terminal_1016	fig|1188231.4.peg.1200	X2_RTDNA_SEQUENCE_PLUS_FUNCTIONAL_ASSAY	YES_ASSAYED_AS_A_UNIT (RT + its own ncRNA synthesised and measured together)	0	YES	66	1.430687995	undetermined	undetermined	NONE_LOCAL	NOT_IN_LOCAL_ASSETS	NOT_IN_LOCAL_ASSETS	NOT_IN_LOCAL_ASSETS	NOT_IN_LOCAL_ASSETS	YES	YES	TRAIN_EXPOSED	train	YES	YES	NOT_INDEPENDENT - in the X1 train fold; X2 trained on all folds	assay layer only; check exposure before any evaluation use	Khan et al. 2024 Nat Biotechnol doi:10.1038/s41587-024-02384-z (An experimental census of retrons)	174 of 175 panel rows lie inside Mestre's own reference set by accession, so the panel is an assay layer on the prediction set, NOT independent validation of it. RT_sequence column is empty in all 175 rows (use rt_protein_aa).
EXP-K084	Mvi	terminal_1320	fig|355591.9.peg.1867	X3_FUNCTIONAL_ASSAY_ONLY	YES_ASSAYED_AS_A_UNIT (RT + its own ncRNA synthesised and measured together)		NO	0	10.00291151	undetermined	undetermined	NONE_LOCAL	NOT_IN_LOCAL_ASSETS	NOT_IN_LOCAL_ASSETS	NOT_IN_LOCAL_ASSETS	NOT_IN_LOCAL_ASSETS	YES	YES	TRAIN_EXPOSED	train	YES	NO	NOT_INDEPENDENT - in the X1 train fold; X2 trained on all folds	assay layer only; check exposure before any evaluation use	Khan et al. 2024 Nat Biotechnol doi:10.1038/s41587-024-02384-z (An experimental census of retrons)	174 of 175 panel rows lie inside Mestre's own reference set by accession, so the panel is an assay layer on the prediction set, NOT independent validation of it. RT_sequence column is empty in all 175 rows (use rt_protein_aa).
EXP-K085	Lca	terminal_925	fig|1444315.4.peg.3983	X3_FUNCTIONAL_ASSAY_ONLY	YES_ASSAYED_AS_A_UNIT (RT + its own ncRNA synthesised and measured together)		NO	0	1.392364611	undetermined	undetermined	NONE_LOCAL	NOT_IN_LOCAL_ASSETS	NOT_IN_LOCAL_ASSETS	NOT_IN_LOCAL_ASSETS	NOT_IN_LOCAL_ASSETS	YES	YES	VAL_TEST_EXPOSED	val	NO	NO	NOT_INDEPENDENT - in the X1 val/test fold; X2 trained on all folds	assay layer only; check exposure before any evaluation use	Khan et al. 2024 Nat Biotechnol doi:10.1038/s41587-024-02384-z (An experimental census of retrons)	174 of 175 panel rows lie inside Mestre's own reference set by accession, so the panel is an assay layer on the prediction set, NOT independent validation of it. RT_sequence column is empty in all 175 rows (use rt_protein_aa).
EXP-K086	Lna	terminal_812	fig|1423774.3.peg.1262	X2_RTDNA_SEQUENCE_PLUS_FUNCTIONAL_ASSAY	YES_ASSAYED_AS_A_UNIT (RT + its own ncRNA synthesised and measured together)	0.133844	YES	83	undetermined	0.374986097	undetermined	NONE_LOCAL	NOT_IN_LOCAL_ASSETS	NOT_IN_LOCAL_ASSETS	NOT_IN_LOCAL_ASSETS	NOT_IN_LOCAL_ASSETS	YES	YES	CATALOGUE_ONLY	none	YES	NO	NOT_INDEPENDENT - present in the RT catalogue/corpus, outside PAIR-ELIG	assay layer only; check exposure before any evaluation use	Khan et al. 2024 Nat Biotechnol doi:10.1038/s41587-024-02384-z (An experimental census of retrons)	174 of 175 panel rows lie inside Mestre's own reference set by accession, so the panel is an assay layer on the prediction set, NOT independent validation of it. RT_sequence column is empty in all 175 rows (use rt_protein_aa).
EXP-K087	Kva	terminal_208	fig|244366.32.peg.1886	X2_RTDNA_SEQUENCE_PLUS_FUNCTIONAL_ASSAY	YES_ASSAYED_AS_A_UNIT (RT + its own ncRNA synthesised and measured together)	0.447202949	YES	111	42.29563877	9.415646145	1.333135789	NONE_LOCAL	NOT_IN_LOCAL_ASSETS	NOT_IN_LOCAL_ASSETS	NOT_IN_LOCAL_ASSETS	NOT_IN_LOCAL_ASSETS	YES	YES	CATALOGUE_ONLY	none	YES	NO	NOT_INDEPENDENT - present in the RT catalogue/corpus, outside PAIR-ELIG	assay layer only; check exposure before any evaluation use	Khan et al. 2024 Nat Biotechnol doi:10.1038/s41587-024-02384-z (An experimental census of retrons)	174 of 175 panel rows lie inside Mestre's own reference set by accession, so the panel is an assay layer on the prediction set, NOT independent validation of it. RT_sequence column is empty in all 175 rows (use rt_protein_aa).
EXP-K088	Kva	terminal_842	fig|244366.46.peg.3595	X2_RTDNA_SEQUENCE_PLUS_FUNCTIONAL_ASSAY	YES_ASSAYED_AS_A_UNIT (RT + its own ncRNA synthesised and measured together)	0.079180737	YES	82	undetermined	undetermined	undetermined	NONE_LOCAL	NOT_IN_LOCAL_ASSETS	NOT_IN_LOCAL_ASSETS	NOT_IN_LOCAL_ASSETS	NOT_IN_LOCAL_ASSETS	YES	YES	VAL_TEST_EXPOSED	test	YES	NO	NOT_INDEPENDENT - in the X1 val/test fold; X2 trained on all folds	assay layer only; check exposure before any evaluation use	Khan et al. 2024 Nat Biotechnol doi:10.1038/s41587-024-02384-z (An experimental census of retrons)	174 of 175 panel rows lie inside Mestre's own reference set by accession, so the panel is an assay layer on the prediction set, NOT independent validation of it. RT_sequence column is empty in all 175 rows (use rt_protein_aa).
EXP-K089	Kpn	terminal_1373	fig|1432558.3.peg.4265	X3_FUNCTIONAL_ASSAY_ONLY	YES_ASSAYED_AS_A_UNIT (RT + its own ncRNA synthesised and measured together)		NO	0	4.499401332	undetermined	undetermined	NONE_LOCAL	NOT_IN_LOCAL_ASSETS	NOT_IN_LOCAL_ASSETS	NOT_IN_LOCAL_ASSETS	NOT_IN_LOCAL_ASSETS	YES	YES	CATALOGUE_ONLY	none	YES	NO	NOT_INDEPENDENT - present in the RT catalogue/corpus, outside PAIR-ELIG	assay layer only; check exposure before any evaluation use	Khan et al. 2024 Nat Biotechnol doi:10.1038/s41587-024-02384-z (An experimental census of retrons)	174 of 175 panel rows lie inside Mestre's own reference set by accession, so the panel is an assay layer on the prediction set, NOT independent validation of it. RT_sequence column is empty in all 175 rows (use rt_protein_aa).
EXP-K090	Kpn	terminal_1353	fig|573.14330.peg.816	X2_RTDNA_SEQUENCE_PLUS_FUNCTIONAL_ASSAY	YES_ASSAYED_AS_A_UNIT (RT + its own ncRNA synthesised and measured together)	0.529590982	YES	139	3.251070281	undetermined	undetermined	NONE_LOCAL	NOT_IN_LOCAL_ASSETS	NOT_IN_LOCAL_ASSETS	NOT_IN_LOCAL_ASSETS	NOT_IN_LOCAL_ASSETS	YES	YES	TRAIN_EXPOSED	train	YES	NO	NOT_INDEPENDENT - in the X1 train fold; X2 trained on all folds	assay layer only; check exposure before any evaluation use	Khan et al. 2024 Nat Biotechnol doi:10.1038/s41587-024-02384-z (An experimental census of retrons)	174 of 175 panel rows lie inside Mestre's own reference set by accession, so the panel is an assay layer on the prediction set, NOT independent validation of it. RT_sequence column is empty in all 175 rows (use rt_protein_aa).
EXP-K091	Kpn	terminal_290	fig|573.14856.peg.3852	X2_RTDNA_SEQUENCE_PLUS_FUNCTIONAL_ASSAY	YES_ASSAYED_AS_A_UNIT (RT + its own ncRNA synthesised and measured together)	0.517779705	YES	69	1.785952399	0.332122584	undetermined	NONE_LOCAL	NOT_IN_LOCAL_ASSETS	NOT_IN_LOCAL_ASSETS	NOT_IN_LOCAL_ASSETS	NOT_IN_LOCAL_ASSETS	YES	YES	CATALOGUE_ONLY	none	YES	NO	NOT_INDEPENDENT - present in the RT catalogue/corpus, outside PAIR-ELIG	assay layer only; check exposure before any evaluation use	Khan et al. 2024 Nat Biotechnol doi:10.1038/s41587-024-02384-z (An experimental census of retrons)	174 of 175 panel rows lie inside Mestre's own reference set by accession, so the panel is an assay layer on the prediction set, NOT independent validation of it. RT_sequence column is empty in all 175 rows (use rt_protein_aa).
EXP-K092	Kpn	terminal_348	fig|573.10044.peg.2850	X4_SYNTHESISED_AND_TESTED_OUTCOME_UNDETERMINED	CO_REPORTED_AND_TESTED_ONLY (no positive readout recorded locally)	0	NO	0	0	undetermined	undetermined	NONE_LOCAL	NOT_IN_LOCAL_ASSETS	NOT_IN_LOCAL_ASSETS	NOT_IN_LOCAL_ASSETS	NOT_IN_LOCAL_ASSETS	YES	YES	CATALOGUE_ONLY	none	YES	NO	NOT_INDEPENDENT - present in the RT catalogue/corpus, outside PAIR-ELIG	assay layer only; check exposure before any evaluation use	Khan et al. 2024 Nat Biotechnol doi:10.1038/s41587-024-02384-z (An experimental census of retrons)	174 of 175 panel rows lie inside Mestre's own reference set by accession, so the panel is an assay layer on the prediction set, NOT independent validation of it. RT_sequence column is empty in all 175 rows (use rt_protein_aa).
EXP-K093	Kae	terminal_1049	fig|548.102.peg.3401	X2_RTDNA_SEQUENCE_PLUS_FUNCTIONAL_ASSAY	YES_ASSAYED_AS_A_UNIT (RT + its own ncRNA synthesised and measured together)	0.837832433	YES	72	undetermined	undetermined	undetermined	NONE_LOCAL	NOT_IN_LOCAL_ASSETS	NOT_IN_LOCAL_ASSETS	NOT_IN_LOCAL_ASSETS	NOT_IN_LOCAL_ASSETS	YES	YES	VAL_TEST_EXPOSED	test	YES	NO	NOT_INDEPENDENT - in the X1 val/test fold; X2 trained on all folds	assay layer only; check exposure before any evaluation use	Khan et al. 2024 Nat Biotechnol doi:10.1038/s41587-024-02384-z (An experimental census of retrons)	174 of 175 panel rows lie inside Mestre's own reference set by accession, so the panel is an assay layer on the prediction set, NOT independent validation of it. RT_sequence column is empty in all 175 rows (use rt_protein_aa).
EXP-K094	Kar	terminal_1884	fig|2030.3.peg.3051	X3_FUNCTIONAL_ASSAY_ONLY	YES_ASSAYED_AS_A_UNIT (RT + its own ncRNA synthesised and measured together)		NO	0	3.632245394	undetermined	undetermined	NONE_LOCAL	NOT_IN_LOCAL_ASSETS	NOT_IN_LOCAL_ASSETS	NOT_IN_LOCAL_ASSETS	NOT_IN_LOCAL_ASSETS	YES	YES	TRAIN_EXPOSED	train	YES	NO	NOT_INDEPENDENT - in the X1 train fold; X2 trained on all folds	assay layer only; check exposure before any evaluation use	Khan et al. 2024 Nat Biotechnol doi:10.1038/s41587-024-02384-z (An experimental census of retrons)	174 of 175 panel rows lie inside Mestre's own reference set by accession, so the panel is an assay layer on the prediction set, NOT independent validation of it. RT_sequence column is empty in all 175 rows (use rt_protein_aa).
EXP-K095	Hsp	terminal_815	fig|1946597.3.peg.2104	X2_RTDNA_SEQUENCE_PLUS_FUNCTIONAL_ASSAY	YES_ASSAYED_AS_A_UNIT (RT + its own ncRNA synthesised and measured together)	0.326941875	YES	85	45.86880981	undetermined	undetermined	NONE_LOCAL	NOT_IN_LOCAL_ASSETS	NOT_IN_LOCAL_ASSETS	NOT_IN_LOCAL_ASSETS	NOT_IN_LOCAL_ASSETS	YES	YES	CATALOGUE_ONLY	none	YES	NO	NOT_INDEPENDENT - present in the RT catalogue/corpus, outside PAIR-ELIG	assay layer only; check exposure before any evaluation use	Khan et al. 2024 Nat Biotechnol doi:10.1038/s41587-024-02384-z (An experimental census of retrons)	174 of 175 panel rows lie inside Mestre's own reference set by accession, so the panel is an assay layer on the prediction set, NOT independent validation of it. RT_sequence column is empty in all 175 rows (use rt_protein_aa).
EXP-K096	Hcl	terminal_1520	fig|720554.3.peg.188	X2_RTDNA_SEQUENCE_PLUS_FUNCTIONAL_ASSAY	YES_ASSAYED_AS_A_UNIT (RT + its own ncRNA synthesised and measured together)	1.624349676	YES	168	0	1.548287937	0.823862708	NONE_LOCAL	NOT_IN_LOCAL_ASSETS	NOT_IN_LOCAL_ASSETS	NOT_IN_LOCAL_ASSETS	NOT_IN_LOCAL_ASSETS	YES	YES	SEQUENCE_NEAR_CORPUS	none	NO	NO	NOT_INDEPENDENT - near-sequence match in the corpus	assay layer only; check exposure before any evaluation use	Khan et al. 2024 Nat Biotechnol doi:10.1038/s41587-024-02384-z (An experimental census of retrons)	174 of 175 panel rows lie inside Mestre's own reference set by accession, so the panel is an assay layer on the prediction set, NOT independent validation of it. RT_sequence column is empty in all 175 rows (use rt_protein_aa).
EXP-K097	Hsp	terminal_544	fig|1932666.4.peg.1886	X4_SYNTHESISED_AND_TESTED_OUTCOME_UNDETERMINED	CO_REPORTED_AND_TESTED_ONLY (no positive readout recorded locally)	0	NO	0	undetermined	undetermined	undetermined	NONE_LOCAL	NOT_IN_LOCAL_ASSETS	NOT_IN_LOCAL_ASSETS	NOT_IN_LOCAL_ASSETS	NOT_IN_LOCAL_ASSETS	YES	YES	VAL_TEST_EXPOSED	val	YES	NO	NOT_INDEPENDENT - in the X1 val/test fold; X2 trained on all folds	assay layer only; check exposure before any evaluation use	Khan et al. 2024 Nat Biotechnol doi:10.1038/s41587-024-02384-z (An experimental census of retrons)	174 of 175 panel rows lie inside Mestre's own reference set by accession, so the panel is an assay layer on the prediction set, NOT independent validation of it. RT_sequence column is empty in all 175 rows (use rt_protein_aa).
EXP-K098	Hch	terminal_1718	fig|349521.8.peg.3588	X3_FUNCTIONAL_ASSAY_ONLY	YES_ASSAYED_AS_A_UNIT (RT + its own ncRNA synthesised and measured together)		NO	0	1.206096941	undetermined	undetermined	NONE_LOCAL	NOT_IN_LOCAL_ASSETS	NOT_IN_LOCAL_ASSETS	NOT_IN_LOCAL_ASSETS	NOT_IN_LOCAL_ASSETS	YES	YES	VAL_TEST_EXPOSED	val	YES	NO	NOT_INDEPENDENT - in the X1 val/test fold; X2 trained on all folds	assay layer only; check exposure before any evaluation use	Khan et al. 2024 Nat Biotechnol doi:10.1038/s41587-024-02384-z (An experimental census of retrons)	174 of 175 panel rows lie inside Mestre's own reference set by accession, so the panel is an assay layer on the prediction set, NOT independent validation of it. RT_sequence column is empty in all 175 rows (use rt_protein_aa).
EXP-K099	Gpo	terminal_1898	fig|1112204.3.peg.4913	X4_SYNTHESISED_AND_TESTED_OUTCOME_UNDETERMINED	CO_REPORTED_AND_TESTED_ONLY (no positive readout recorded locally)		NO	0	0	undetermined	undetermined	NONE_LOCAL	NOT_IN_LOCAL_ASSETS	NOT_IN_LOCAL_ASSETS	NOT_IN_LOCAL_ASSETS	NOT_IN_LOCAL_ASSETS	YES	YES	SEQUENCE_NEAR_CORPUS	none	NO	NO	NOT_INDEPENDENT - near-sequence match in the corpus	assay layer only; check exposure before any evaluation use	Khan et al. 2024 Nat Biotechnol doi:10.1038/s41587-024-02384-z (An experimental census of retrons)	174 of 175 panel rows lie inside Mestre's own reference set by accession, so the panel is an assay layer on the prediction set, NOT independent validation of it. RT_sequence column is empty in all 175 rows (use rt_protein_aa).
EXP-K100	Gam	terminal_1895	GAB07179.1	X3_FUNCTIONAL_ASSAY_ONLY	YES_ASSAYED_AS_A_UNIT (RT + its own ncRNA synthesised and measured together)		NO	0	7.484619824	undetermined	undetermined	NONE_LOCAL	NOT_IN_LOCAL_ASSETS	NOT_IN_LOCAL_ASSETS	NOT_IN_LOCAL_ASSETS	NOT_IN_LOCAL_ASSETS	YES	YES	SEQUENCE_NEAR_CORPUS	none	NO	NO	NOT_INDEPENDENT - near-sequence match in the corpus	assay layer only; check exposure before any evaluation use	Khan et al. 2024 Nat Biotechnol doi:10.1038/s41587-024-02384-z (An experimental census of retrons)	174 of 175 panel rows lie inside Mestre's own reference set by accession, so the panel is an assay layer on the prediction set, NOT independent validation of it. RT_sequence column is empty in all 175 rows (use rt_protein_aa).
EXP-K101	Gai	terminal_1894	fig|1220583.3.peg.1582	X2_RTDNA_SEQUENCE_PLUS_FUNCTIONAL_ASSAY	YES_ASSAYED_AS_A_UNIT (RT + its own ncRNA synthesised and measured together)	0.164705512	YES	68	1.672403545	undetermined	undetermined	NONE_LOCAL	NOT_IN_LOCAL_ASSETS	NOT_IN_LOCAL_ASSETS	NOT_IN_LOCAL_ASSETS	NOT_IN_LOCAL_ASSETS	YES	YES	TRAIN_EXPOSED	train	YES	NO	NOT_INDEPENDENT - in the X1 train fold; X2 trained on all folds	assay layer only; check exposure before any evaluation use	Khan et al. 2024 Nat Biotechnol doi:10.1038/s41587-024-02384-z (An experimental census of retrons)	174 of 175 panel rows lie inside Mestre's own reference set by accession, so the panel is an assay layer on the prediction set, NOT independent validation of it. RT_sequence column is empty in all 175 rows (use rt_protein_aa).
EXP-K102	Gsp	terminal_1422	fig|443144.3.peg.785	X3_FUNCTIONAL_ASSAY_ONLY	YES_ASSAYED_AS_A_UNIT (RT + its own ncRNA synthesised and measured together)	0.204204433	NO	0	undetermined	undetermined	undetermined	NONE_LOCAL	NOT_IN_LOCAL_ASSETS	NOT_IN_LOCAL_ASSETS	NOT_IN_LOCAL_ASSETS	NOT_IN_LOCAL_ASSETS	YES	YES	FULLY_EXTERNAL	none	NO	NO	EXTERNAL_BY_SEQUENCE (no exact or near match in any project population)	functional-endpoint external candidate (RT-DNA production / editing) - NOT a compatibility or orthogonality set	Khan et al. 2024 Nat Biotechnol doi:10.1038/s41587-024-02384-z (An experimental census of retrons)	174 of 175 panel rows lie inside Mestre's own reference set by accession, so the panel is an assay layer on the prediction set, NOT independent validation of it. RT_sequence column is empty in all 175 rows (use rt_protein_aa).
EXP-K103	Fgr	terminal_370	fig|280093.5.peg.432	X4_SYNTHESISED_AND_TESTED_OUTCOME_UNDETERMINED	CO_REPORTED_AND_TESTED_ONLY (no positive readout recorded locally)		NO	0	0	undetermined	undetermined	NONE_LOCAL	NOT_IN_LOCAL_ASSETS	NOT_IN_LOCAL_ASSETS	NOT_IN_LOCAL_ASSETS	NOT_IN_LOCAL_ASSETS	YES	YES	VAL_TEST_EXPOSED	test	YES	NO	NOT_INDEPENDENT - in the X1 val/test fold; X2 trained on all folds	assay layer only; check exposure before any evaluation use	Khan et al. 2024 Nat Biotechnol doi:10.1038/s41587-024-02384-z (An experimental census of retrons)	174 of 175 panel rows lie inside Mestre's own reference set by accession, so the panel is an assay layer on the prediction set, NOT independent validation of it. RT_sequence column is empty in all 175 rows (use rt_protein_aa).
EXP-K104	Fba	terminal_816	fig|1948087.3.peg.796	X2_RTDNA_SEQUENCE_PLUS_FUNCTIONAL_ASSAY	YES_ASSAYED_AS_A_UNIT (RT + its own ncRNA synthesised and measured together)	0.748840019	YES	84	5.066542626	0.264515066	0.085364828	NONE_LOCAL	NOT_IN_LOCAL_ASSETS	NOT_IN_LOCAL_ASSETS	NOT_IN_LOCAL_ASSETS	NOT_IN_LOCAL_ASSETS	YES	YES	CATALOGUE_ONLY	none	YES	NO	NOT_INDEPENDENT - present in the RT catalogue/corpus, outside PAIR-ELIG	assay layer only; check exposure before any evaluation use	Khan et al. 2024 Nat Biotechnol doi:10.1038/s41587-024-02384-z (An experimental census of retrons)	174 of 175 panel rows lie inside Mestre's own reference set by accession, so the panel is an assay layer on the prediction set, NOT independent validation of it. RT_sequence column is empty in all 175 rows (use rt_protein_aa).
EXP-K105	Eco	terminal_749	fig|1181777.3.peg.78	X2_RTDNA_SEQUENCE_PLUS_FUNCTIONAL_ASSAY	YES_ASSAYED_AS_A_UNIT (RT + its own ncRNA synthesised and measured together)	0.1855	YES	70	0.036669509	0.50412096	1.121209038	NONE_LOCAL	NOT_IN_LOCAL_ASSETS	NOT_IN_LOCAL_ASSETS	NOT_IN_LOCAL_ASSETS	NOT_IN_LOCAL_ASSETS	YES	YES	TRAIN_EXPOSED	train	YES	NO	NOT_INDEPENDENT - in the X1 train fold; X2 trained on all folds	assay layer only; check exposure before any evaluation use	Khan et al. 2024 Nat Biotechnol doi:10.1038/s41587-024-02384-z (An experimental census of retrons)	174 of 175 panel rows lie inside Mestre's own reference set by accession, so the panel is an assay layer on the prediction set, NOT independent validation of it. RT_sequence column is empty in all 175 rows (use rt_protein_aa).
EXP-K106	Eco	terminal_288	fig|1444151.3.peg.2733	X3_FUNCTIONAL_ASSAY_ONLY	YES_ASSAYED_AS_A_UNIT (RT + its own ncRNA synthesised and measured together)		NO	0	0.078610745	undetermined	undetermined	NONE_LOCAL	NOT_IN_LOCAL_ASSETS	NOT_IN_LOCAL_ASSETS	NOT_IN_LOCAL_ASSETS	NOT_IN_LOCAL_ASSETS	YES	YES	CATALOGUE_ONLY	none	YES	NO	NOT_INDEPENDENT - present in the RT catalogue/corpus, outside PAIR-ELIG	assay layer only; check exposure before any evaluation use	Khan et al. 2024 Nat Biotechnol doi:10.1038/s41587-024-02384-z (An experimental census of retrons)	174 of 175 panel rows lie inside Mestre's own reference set by accession, so the panel is an assay layer on the prediction set, NOT independent validation of it. RT_sequence column is empty in all 175 rows (use rt_protein_aa).
EXP-K107	Retron-Eco1 (Ec86)	terminal_1550	WP_099010551.1	X1_STRUCTURE_PLUS_FUNCTIONAL_ASSAY	YES_ASSAYED_AS_A_UNIT (RT + its own ncRNA synthesised and measured together)	1	YES	85	undetermined	undetermined	undetermined	7V9U(RT+msDNA+RNA,3.2A);7V9X(+effector,2.8A);7XJG(+effector,2.5A);8QBM(Eco1 filament+ADPr effector);8QBK;8QBL	NO_MUTATIONAL_FLAG_LOCALLY (structural assignment only)	NOT_IN_LOCAL_ASSETS	NOT_IN_LOCAL_ASSETS	NOT_IN_LOCAL_ASSETS	YES	YES	SEQUENCE_NEAR_CORPUS	none	NO	NO	NOT_INDEPENDENT - near-sequence match in the corpus	assay layer only; check exposure before any evaluation use	Khan et al. 2024 Nat Biotechnol doi:10.1038/s41587-024-02384-z (An experimental census of retrons)	174 of 175 panel rows lie inside Mestre's own reference set by accession, so the panel is an assay layer on the prediction set, NOT independent validation of it. RT_sequence column is empty in all 175 rows (use rt_protein_aa).
EXP-K108	Retron-Eco1 (Ec86)	terminal_1550	WP_099010551.1	X1_STRUCTURE_PLUS_FUNCTIONAL_ASSAY	YES_ASSAYED_AS_A_UNIT (RT + its own ncRNA synthesised and measured together)	1	YES	85	1	1	1	7V9U(RT+msDNA+RNA,3.2A);7V9X(+effector,2.8A);7XJG(+effector,2.5A);8QBM(Eco1 filament+ADPr effector);8QBK;8QBL	NO_MUTATIONAL_FLAG_LOCALLY (structural assignment only)	NOT_IN_LOCAL_ASSETS	NOT_IN_LOCAL_ASSETS	NOT_IN_LOCAL_ASSETS	YES	YES	SEQUENCE_NEAR_CORPUS	none	NO	NO	NOT_INDEPENDENT - near-sequence match in the corpus	assay layer only; check exposure before any evaluation use	Khan et al. 2024 Nat Biotechnol doi:10.1038/s41587-024-02384-z (An experimental census of retrons)	174 of 175 panel rows lie inside Mestre's own reference set by accession, so the panel is an assay layer on the prediction set, NOT independent validation of it. RT_sequence column is empty in all 175 rows (use rt_protein_aa).
EXP-K109	Retron-Eco4 (Ec83)	terminal_64	WP_001403504.1	X2b_RTDNA_SEQUENCE_ONLY	CO_REPORTED_AND_TESTED_ONLY (no positive readout recorded locally)		YES	79	undetermined	undetermined	undetermined	9E8Z(4-component retron Ec83; DNA 79mer labelled msDNA + RNA 38mer)	NOT_IN_LOCAL_ASSETS	NOT_IN_LOCAL_ASSETS	NOT_IN_LOCAL_ASSETS	NOT_IN_LOCAL_ASSETS	YES	YES	TRAIN_EXPOSED	train	YES	YES	NOT_INDEPENDENT - in the X1 train fold; X2 trained on all folds	assay layer only; check exposure before any evaluation use	Khan et al. 2024 Nat Biotechnol doi:10.1038/s41587-024-02384-z (An experimental census of retrons)	174 of 175 panel rows lie inside Mestre's own reference set by accession, so the panel is an assay layer on the prediction set, NOT independent validation of it. RT_sequence column is empty in all 175 rows (use rt_protein_aa).
EXP-K110	Retron-Eco6 (Ec48)	terminal_488	WP_097505494.1	X2_RTDNA_SEQUENCE_PLUS_FUNCTIONAL_ASSAY	YES_ASSAYED_AS_A_UNIT (RT + its own ncRNA synthesised and measured together)		YES	160	undetermined	0.203074142	undetermined	NONE_LOCAL	NOT_IN_LOCAL_ASSETS	NOT_IN_LOCAL_ASSETS	NOT_IN_LOCAL_ASSETS	NOT_IN_LOCAL_ASSETS	YES	YES	VAL_TEST_EXPOSED	test	YES	NO	NOT_INDEPENDENT - in the X1 val/test fold; X2 trained on all folds	assay layer only; check exposure before any evaluation use	Khan et al. 2024 Nat Biotechnol doi:10.1038/s41587-024-02384-z (An experimental census of retrons)	174 of 175 panel rows lie inside Mestre's own reference set by accession, so the panel is an assay layer on the prediction set, NOT independent validation of it. RT_sequence column is empty in all 175 rows (use rt_protein_aa).
EXP-K111	Retron-Eco2 (Ec67)	terminal_1036	WP_140159440.1	X1_STRUCTURE_PLUS_FUNCTIONAL_ASSAY	YES_ASSAYED_AS_A_UNIT (RT + its own ncRNA synthesised and measured together)		YES	67	undetermined	0.890734815	0.215193725	9I2F;9I2G(catalytic Asp 202, OWN_CHAIN truth);9S1F	NO_MUTATIONAL_FLAG_LOCALLY	NOT_IN_LOCAL_ASSETS	NOT_IN_LOCAL_ASSETS	NOT_IN_LOCAL_ASSETS	YES	YES	TRAIN_EXPOSED	train	YES	NO	NOT_INDEPENDENT - in the X1 train fold; X2 trained on all folds	assay layer only; check exposure before any evaluation use	Khan et al. 2024 Nat Biotechnol doi:10.1038/s41587-024-02384-z (An experimental census of retrons)	174 of 175 panel rows lie inside Mestre's own reference set by accession, so the panel is an assay layer on the prediction set, NOT independent validation of it. RT_sequence column is empty in all 175 rows (use rt_protein_aa).
EXP-K112	Retron-Eco5 (Ec107)	terminal_466	WP_001775049.1	X3_FUNCTIONAL_ASSAY_ONLY	YES_ASSAYED_AS_A_UNIT (RT + its own ncRNA synthesised and measured together)		NO	0	0.037263871	undetermined	undetermined	NONE_LOCAL	NOT_IN_LOCAL_ASSETS	NOT_IN_LOCAL_ASSETS	NOT_IN_LOCAL_ASSETS	NOT_IN_LOCAL_ASSETS	YES	YES	TRAIN_EXPOSED	train	YES	NO	NOT_INDEPENDENT - in the X1 train fold; X2 trained on all folds	assay layer only; check exposure before any evaluation use	Khan et al. 2024 Nat Biotechnol doi:10.1038/s41587-024-02384-z (An experimental census of retrons)	174 of 175 panel rows lie inside Mestre's own reference set by accession, so the panel is an assay layer on the prediction set, NOT independent validation of it. RT_sequence column is empty in all 175 rows (use rt_protein_aa).
EXP-K113	Esp	terminal_6	fig|1736225.3.peg.2969	X3_FUNCTIONAL_ASSAY_ONLY	YES_ASSAYED_AS_A_UNIT (RT + its own ncRNA synthesised and measured together)		NO	0	53.07429516	undetermined	undetermined	NONE_LOCAL	NOT_IN_LOCAL_ASSETS	NOT_IN_LOCAL_ASSETS	NOT_IN_LOCAL_ASSETS	NOT_IN_LOCAL_ASSETS	YES	YES	TRAIN_EXPOSED	train	YES	NO	NOT_INDEPENDENT - in the X1 train fold; X2 trained on all folds	assay layer only; check exposure before any evaluation use	Khan et al. 2024 Nat Biotechnol doi:10.1038/s41587-024-02384-z (An experimental census of retrons)	174 of 175 panel rows lie inside Mestre's own reference set by accession, so the panel is an assay layer on the prediction set, NOT independent validation of it. RT_sequence column is empty in all 175 rows (use rt_protein_aa).
EXP-K114	Ebu	terminal_1429	fig|1619244.3.peg.1323	X2_RTDNA_SEQUENCE_PLUS_FUNCTIONAL_ASSAY	YES_ASSAYED_AS_A_UNIT (RT + its own ncRNA synthesised and measured together)	1.900218062	YES	131	178.8305726	1.614449221	0.821824697	NONE_LOCAL	NOT_IN_LOCAL_ASSETS	NOT_IN_LOCAL_ASSETS	NOT_IN_LOCAL_ASSETS	NOT_IN_LOCAL_ASSETS	YES	YES	VAL_TEST_EXPOSED	val	YES	YES	NOT_INDEPENDENT - in the X1 val/test fold; X2 trained on all folds	assay layer only; check exposure before any evaluation use	Khan et al. 2024 Nat Biotechnol doi:10.1038/s41587-024-02384-z (An experimental census of retrons)	174 of 175 panel rows lie inside Mestre's own reference set by accession, so the panel is an assay layer on the prediction set, NOT independent validation of it. RT_sequence column is empty in all 175 rows (use rt_protein_aa).
EXP-K115	Eas	terminal_1421	fig|1421338.3.peg.151	X2_RTDNA_SEQUENCE_PLUS_FUNCTIONAL_ASSAY	YES_ASSAYED_AS_A_UNIT (RT + its own ncRNA synthesised and measured together)	3.168862823	YES	117	0	2.101780062	0.598854528	NONE_LOCAL	NOT_IN_LOCAL_ASSETS	NOT_IN_LOCAL_ASSETS	NOT_IN_LOCAL_ASSETS	NOT_IN_LOCAL_ASSETS	YES	YES	VAL_TEST_EXPOSED	val	YES	NO	NOT_INDEPENDENT - in the X1 val/test fold; X2 trained on all folds	assay layer only; check exposure before any evaluation use	Khan et al. 2024 Nat Biotechnol doi:10.1038/s41587-024-02384-z (An experimental census of retrons)	174 of 175 panel rows lie inside Mestre's own reference set by accession, so the panel is an assay layer on the prediction set, NOT independent validation of it. RT_sequence column is empty in all 175 rows (use rt_protein_aa).
EXP-K116	Eas	terminal_844	fig|61645.10.peg.2019	X3_FUNCTIONAL_ASSAY_ONLY	YES_ASSAYED_AS_A_UNIT (RT + its own ncRNA synthesised and measured together)	0	NO	0	0.190100869	undetermined	undetermined	NONE_LOCAL	NOT_IN_LOCAL_ASSETS	NOT_IN_LOCAL_ASSETS	NOT_IN_LOCAL_ASSETS	NOT_IN_LOCAL_ASSETS	YES	YES	VAL_TEST_EXPOSED	test	YES	NO	NOT_INDEPENDENT - in the X1 val/test fold; X2 trained on all folds	assay layer only; check exposure before any evaluation use	Khan et al. 2024 Nat Biotechnol doi:10.1038/s41587-024-02384-z (An experimental census of retrons)	174 of 175 panel rows lie inside Mestre's own reference set by accession, so the panel is an assay layer on the prediction set, NOT independent validation of it. RT_sequence column is empty in all 175 rows (use rt_protein_aa).
EXP-K117	Esa	terminal_1627	fig|215803.3.peg.1485	X4_SYNTHESISED_AND_TESTED_OUTCOME_UNDETERMINED	CO_REPORTED_AND_TESTED_ONLY (no positive readout recorded locally)		NO	0	0	undetermined	undetermined	NONE_LOCAL	NOT_IN_LOCAL_ASSETS	NOT_IN_LOCAL_ASSETS	NOT_IN_LOCAL_ASSETS	NOT_IN_LOCAL_ASSETS	YES	YES	TRAIN_EXPOSED	train	YES	NO	NOT_INDEPENDENT - in the X1 train fold; X2 trained on all folds	assay layer only; check exposure before any evaluation use	Khan et al. 2024 Nat Biotechnol doi:10.1038/s41587-024-02384-z (An experimental census of retrons)	174 of 175 panel rows lie inside Mestre's own reference set by accession, so the panel is an assay layer on the prediction set, NOT independent validation of it. RT_sequence column is empty in all 175 rows (use rt_protein_aa).
EXP-K118	Eba	terminal_1548	fig|1797955.3.peg.2304	X3_FUNCTIONAL_ASSAY_ONLY	YES_ASSAYED_AS_A_UNIT (RT + its own ncRNA synthesised and measured together)		NO	0	0.407301169	undetermined	undetermined	NONE_LOCAL	NOT_IN_LOCAL_ASSETS	NOT_IN_LOCAL_ASSETS	NOT_IN_LOCAL_ASSETS	NOT_IN_LOCAL_ASSETS	YES	YES	FULLY_EXTERNAL	none	NO	NO	EXTERNAL_BY_SEQUENCE (no exact or near match in any project population)	functional-endpoint external candidate (RT-DNA production / editing) - NOT a compatibility or orthogonality set	Khan et al. 2024 Nat Biotechnol doi:10.1038/s41587-024-02384-z (An experimental census of retrons)	174 of 175 panel rows lie inside Mestre's own reference set by accession, so the panel is an assay layer on the prediction set, NOT independent validation of it. RT_sequence column is empty in all 175 rows (use rt_protein_aa).
EXP-K119	Emi	terminal_376	fig|172045.56.peg.2231	X2_RTDNA_SEQUENCE_PLUS_FUNCTIONAL_ASSAY	YES_ASSAYED_AS_A_UNIT (RT + its own ncRNA synthesised and measured together)	0.031602342	YES	135	3.955698547	undetermined	undetermined	NONE_LOCAL	NOT_IN_LOCAL_ASSETS	NOT_IN_LOCAL_ASSETS	NOT_IN_LOCAL_ASSETS	NOT_IN_LOCAL_ASSETS	YES	YES	VAL_TEST_EXPOSED	test	YES	NO	NOT_INDEPENDENT - in the X1 val/test fold; X2 trained on all folds	assay layer only; check exposure before any evaluation use	Khan et al. 2024 Nat Biotechnol doi:10.1038/s41587-024-02384-z (An experimental census of retrons)	174 of 175 panel rows lie inside Mestre's own reference set by accession, so the panel is an assay layer on the prediction set, NOT independent validation of it. RT_sequence column is empty in all 175 rows (use rt_protein_aa).
EXP-K120	Dsu	terminal_412	fig|1167006.5.peg.2941	X3_FUNCTIONAL_ASSAY_ONLY	YES_ASSAYED_AS_A_UNIT (RT + its own ncRNA synthesised and measured together)	0.028892021	NO	0	undetermined	undetermined	undetermined	NONE_LOCAL	NOT_IN_LOCAL_ASSETS	NOT_IN_LOCAL_ASSETS	NOT_IN_LOCAL_ASSETS	NOT_IN_LOCAL_ASSETS	YES	YES	VAL_TEST_EXPOSED	test	YES	NO	NOT_INDEPENDENT - in the X1 val/test fold; X2 trained on all folds	assay layer only; check exposure before any evaluation use	Khan et al. 2024 Nat Biotechnol doi:10.1038/s41587-024-02384-z (An experimental census of retrons)	174 of 175 panel rows lie inside Mestre's own reference set by accession, so the panel is an assay layer on the prediction set, NOT independent validation of it. RT_sequence column is empty in all 175 rows (use rt_protein_aa).
EXP-K121	Dsu	terminal_412	fig|1167006.5.peg.2941	X3_FUNCTIONAL_ASSAY_ONLY	YES_ASSAYED_AS_A_UNIT (RT + its own ncRNA synthesised and measured together)	0.028892021	NO	0	5.024386042	undetermined	undetermined	NONE_LOCAL	NOT_IN_LOCAL_ASSETS	NOT_IN_LOCAL_ASSETS	NOT_IN_LOCAL_ASSETS	NOT_IN_LOCAL_ASSETS	YES	YES	VAL_TEST_EXPOSED	test	YES	NO	NOT_INDEPENDENT - in the X1 val/test fold; X2 trained on all folds	assay layer only; check exposure before any evaluation use	Khan et al. 2024 Nat Biotechnol doi:10.1038/s41587-024-02384-z (An experimental census of retrons)	174 of 175 panel rows lie inside Mestre's own reference set by accession, so the panel is an assay layer on the prediction set, NOT independent validation of it. RT_sequence column is empty in all 175 rows (use rt_protein_aa).
EXP-K122	Dba	terminal_807	fig|1948560.3.peg.3003	X4_SYNTHESISED_AND_TESTED_OUTCOME_UNDETERMINED	CO_REPORTED_AND_TESTED_ONLY (no positive readout recorded locally)	0	NO	0	undetermined	undetermined	undetermined	NONE_LOCAL	NOT_IN_LOCAL_ASSETS	NOT_IN_LOCAL_ASSETS	NOT_IN_LOCAL_ASSETS	NOT_IN_LOCAL_ASSETS	YES	YES	FULLY_EXTERNAL	none	NO	NO	EXTERNAL_BY_SEQUENCE (no exact or near match in any project population)	functional-endpoint external candidate (RT-DNA production / editing) - NOT a compatibility or orthogonality set	Khan et al. 2024 Nat Biotechnol doi:10.1038/s41587-024-02384-z (An experimental census of retrons)	174 of 175 panel rows lie inside Mestre's own reference set by accession, so the panel is an assay layer on the prediction set, NOT independent validation of it. RT_sequence column is empty in all 175 rows (use rt_protein_aa).
EXP-K123	Csp	terminal_1807	fig|1279028.3.peg.3374	X3_FUNCTIONAL_ASSAY_ONLY	YES_ASSAYED_AS_A_UNIT (RT + its own ncRNA synthesised and measured together)		NO	0	0.452188369	undetermined	undetermined	NONE_LOCAL	NOT_IN_LOCAL_ASSETS	NOT_IN_LOCAL_ASSETS	NOT_IN_LOCAL_ASSETS	NOT_IN_LOCAL_ASSETS	YES	YES	CATALOGUE_ONLY	none	YES	NO	NOT_INDEPENDENT - present in the RT catalogue/corpus, outside PAIR-ELIG	assay layer only; check exposure before any evaluation use	Khan et al. 2024 Nat Biotechnol doi:10.1038/s41587-024-02384-z (An experimental census of retrons)	174 of 175 panel rows lie inside Mestre's own reference set by accession, so the panel is an assay layer on the prediction set, NOT independent validation of it. RT_sequence column is empty in all 175 rows (use rt_protein_aa).
EXP-K124	Cca	terminal_298	fig|717962.3.peg.287	X3_FUNCTIONAL_ASSAY_ONLY	YES_ASSAYED_AS_A_UNIT (RT + its own ncRNA synthesised and measured together)	0	NO	0	13.26359494	undetermined	undetermined	NONE_LOCAL	NOT_IN_LOCAL_ASSETS	NOT_IN_LOCAL_ASSETS	NOT_IN_LOCAL_ASSETS	NOT_IN_LOCAL_ASSETS	YES	YES	CATALOGUE_ONLY	none	YES	NO	NOT_INDEPENDENT - present in the RT catalogue/corpus, outside PAIR-ELIG	assay layer only; check exposure before any evaluation use	Khan et al. 2024 Nat Biotechnol doi:10.1038/s41587-024-02384-z (An experimental census of retrons)	174 of 175 panel rows lie inside Mestre's own reference set by accession, so the panel is an assay layer on the prediction set, NOT independent validation of it. RT_sequence column is empty in all 175 rows (use rt_protein_aa).
EXP-K125	Cse	terminal_1703	fig|1082851.3.peg.91	X2_RTDNA_SEQUENCE_PLUS_FUNCTIONAL_ASSAY	YES_ASSAYED_AS_A_UNIT (RT + its own ncRNA synthesised and measured together)	1.655638974	YES	150	6.30806867	1.565658574	0.650743975	NONE_LOCAL	NOT_IN_LOCAL_ASSETS	NOT_IN_LOCAL_ASSETS	NOT_IN_LOCAL_ASSETS	NOT_IN_LOCAL_ASSETS	YES	YES	TRAIN_EXPOSED	train	YES	NO	NOT_INDEPENDENT - in the X1 train fold; X2 trained on all folds	assay layer only; check exposure before any evaluation use	Khan et al. 2024 Nat Biotechnol doi:10.1038/s41587-024-02384-z (An experimental census of retrons)	174 of 175 panel rows lie inside Mestre's own reference set by accession, so the panel is an assay layer on the prediction set, NOT independent validation of it. RT_sequence column is empty in all 175 rows (use rt_protein_aa).
EXP-K126	Cba	terminal_1710	fig|2029111.3.peg.3032	X2_RTDNA_SEQUENCE_PLUS_FUNCTIONAL_ASSAY	YES_ASSAYED_AS_A_UNIT (RT + its own ncRNA synthesised and measured together)	0.717899891	YES	140	0	1.189095263	0.121659117	NONE_LOCAL	NOT_IN_LOCAL_ASSETS	NOT_IN_LOCAL_ASSETS	NOT_IN_LOCAL_ASSETS	NOT_IN_LOCAL_ASSETS	YES	YES	TRAIN_EXPOSED	train	YES	NO	NOT_INDEPENDENT - in the X1 train fold; X2 trained on all folds	assay layer only; check exposure before any evaluation use	Khan et al. 2024 Nat Biotechnol doi:10.1038/s41587-024-02384-z (An experimental census of retrons)	174 of 175 panel rows lie inside Mestre's own reference set by accession, so the panel is an assay layer on the prediction set, NOT independent validation of it. RT_sequence column is empty in all 175 rows (use rt_protein_aa).
EXP-K127	Cps	terminal_257	fig|28229.4.peg.4229	X2_RTDNA_SEQUENCE_PLUS_FUNCTIONAL_ASSAY	YES_ASSAYED_AS_A_UNIT (RT + its own ncRNA synthesised and measured together)	0.317920642	YES	95	0	0.390924794	undetermined	NONE_LOCAL	NOT_IN_LOCAL_ASSETS	NOT_IN_LOCAL_ASSETS	NOT_IN_LOCAL_ASSETS	NOT_IN_LOCAL_ASSETS	YES	YES	TRAIN_EXPOSED	train	YES	YES	NOT_INDEPENDENT - in the X1 train fold; X2 trained on all folds	assay layer only; check exposure before any evaluation use	Khan et al. 2024 Nat Biotechnol doi:10.1038/s41587-024-02384-z (An experimental census of retrons)	174 of 175 panel rows lie inside Mestre's own reference set by accession, so the panel is an assay layer on the prediction set, NOT independent validation of it. RT_sequence column is empty in all 175 rows (use rt_protein_aa).
EXP-K128	Csp	terminal_1165	fig|411484.7.peg.436	X4_SYNTHESISED_AND_TESTED_OUTCOME_UNDETERMINED	CO_REPORTED_AND_TESTED_ONLY (no positive readout recorded locally)		NO	0	0	undetermined	undetermined	NONE_LOCAL	NOT_IN_LOCAL_ASSETS	NOT_IN_LOCAL_ASSETS	NOT_IN_LOCAL_ASSETS	NOT_IN_LOCAL_ASSETS	YES	YES	CATALOGUE_ONLY	none	YES	NO	NOT_INDEPENDENT - present in the RT catalogue/corpus, outside PAIR-ELIG	assay layer only; check exposure before any evaluation use	Khan et al. 2024 Nat Biotechnol doi:10.1038/s41587-024-02384-z (An experimental census of retrons)	174 of 175 panel rows lie inside Mestre's own reference set by accession, so the panel is an assay layer on the prediction set, NOT independent validation of it. RT_sequence column is empty in all 175 rows (use rt_protein_aa).
EXP-K129	Csp	terminal_430	fig|1226325.3.peg.2005	X2_RTDNA_SEQUENCE_PLUS_FUNCTIONAL_ASSAY	YES_ASSAYED_AS_A_UNIT (RT + its own ncRNA synthesised and measured together)	2.339048049	YES	115	undetermined	1.889617277	0.09571314	NONE_LOCAL	NOT_IN_LOCAL_ASSETS	NOT_IN_LOCAL_ASSETS	NOT_IN_LOCAL_ASSETS	NOT_IN_LOCAL_ASSETS	YES	YES	TRAIN_EXPOSED	train	YES	NO	NOT_INDEPENDENT - in the X1 train fold; X2 trained on all folds	assay layer only; check exposure before any evaluation use	Khan et al. 2024 Nat Biotechnol doi:10.1038/s41587-024-02384-z (An experimental census of retrons)	174 of 175 panel rows lie inside Mestre's own reference set by accession, so the panel is an assay layer on the prediction set, NOT independent validation of it. RT_sequence column is empty in all 175 rows (use rt_protein_aa).
EXP-K130	Cch	terminal_1609	fig|225345.3.peg.1103	X2_RTDNA_SEQUENCE_PLUS_FUNCTIONAL_ASSAY	YES_ASSAYED_AS_A_UNIT (RT + its own ncRNA synthesised and measured together)	2.015198951	YES	130	25.88140338	0.49942146	undetermined	NONE_LOCAL	NOT_IN_LOCAL_ASSETS	NOT_IN_LOCAL_ASSETS	NOT_IN_LOCAL_ASSETS	NOT_IN_LOCAL_ASSETS	YES	YES	TRAIN_EXPOSED	train	YES	YES	NOT_INDEPENDENT - in the X1 train fold; X2 trained on all folds	assay layer only; check exposure before any evaluation use	Khan et al. 2024 Nat Biotechnol doi:10.1038/s41587-024-02384-z (An experimental census of retrons)	174 of 175 panel rows lie inside Mestre's own reference set by accession, so the panel is an assay layer on the prediction set, NOT independent validation of it. RT_sequence column is empty in all 175 rows (use rt_protein_aa).
EXP-K131	Cbo	terminal_781	fig|1491.669.peg.2217	X4_SYNTHESISED_AND_TESTED_OUTCOME_UNDETERMINED	CO_REPORTED_AND_TESTED_ONLY (no positive readout recorded locally)	0	NO	0	0	undetermined	undetermined	NONE_LOCAL	NOT_IN_LOCAL_ASSETS	NOT_IN_LOCAL_ASSETS	NOT_IN_LOCAL_ASSETS	NOT_IN_LOCAL_ASSETS	YES	YES	VAL_TEST_EXPOSED	val	YES	NO	NOT_INDEPENDENT - in the X1 val/test fold; X2 trained on all folds	assay layer only; check exposure before any evaluation use	Khan et al. 2024 Nat Biotechnol doi:10.1038/s41587-024-02384-z (An experimental census of retrons)	174 of 175 panel rows lie inside Mestre's own reference set by accession, so the panel is an assay layer on the prediction set, NOT independent validation of it. RT_sequence column is empty in all 175 rows (use rt_protein_aa).
EXP-K132	Cba	terminal_1531	fig|1232453.3.peg.2795	X3_FUNCTIONAL_ASSAY_ONLY	YES_ASSAYED_AS_A_UNIT (RT + its own ncRNA synthesised and measured together)		NO	0	84.48864253	undetermined	undetermined	NONE_LOCAL	NOT_IN_LOCAL_ASSETS	NOT_IN_LOCAL_ASSETS	NOT_IN_LOCAL_ASSETS	NOT_IN_LOCAL_ASSETS	YES	YES	VAL_TEST_EXPOSED	val	YES	NO	NOT_INDEPENDENT - in the X1 val/test fold; X2 trained on all folds	assay layer only; check exposure before any evaluation use	Khan et al. 2024 Nat Biotechnol doi:10.1038/s41587-024-02384-z (An experimental census of retrons)	174 of 175 panel rows lie inside Mestre's own reference set by accession, so the panel is an assay layer on the prediction set, NOT independent validation of it. RT_sequence column is empty in all 175 rows (use rt_protein_aa).
EXP-K133	Cba	terminal_818	fig|1950841.3.peg.2383	X3_FUNCTIONAL_ASSAY_ONLY	YES_ASSAYED_AS_A_UNIT (RT + its own ncRNA synthesised and measured together)		NO	0	0.008140166	undetermined	undetermined	NONE_LOCAL	NOT_IN_LOCAL_ASSETS	NOT_IN_LOCAL_ASSETS	NOT_IN_LOCAL_ASSETS	NOT_IN_LOCAL_ASSETS	YES	YES	CATALOGUE_ONLY	none	YES	NO	NOT_INDEPENDENT - present in the RT catalogue/corpus, outside PAIR-ELIG	assay layer only; check exposure before any evaluation use	Khan et al. 2024 Nat Biotechnol doi:10.1038/s41587-024-02384-z (An experimental census of retrons)	174 of 175 panel rows lie inside Mestre's own reference set by accession, so the panel is an assay layer on the prediction set, NOT independent validation of it. RT_sequence column is empty in all 175 rows (use rt_protein_aa).
EXP-K134	Csp	terminal_397	fig|1500289.3.peg.4469	X2_RTDNA_SEQUENCE_PLUS_FUNCTIONAL_ASSAY	YES_ASSAYED_AS_A_UNIT (RT + its own ncRNA synthesised and measured together)	0.026777971	YES	171	undetermined	undetermined	undetermined	NONE_LOCAL	NOT_IN_LOCAL_ASSETS	NOT_IN_LOCAL_ASSETS	NOT_IN_LOCAL_ASSETS	NOT_IN_LOCAL_ASSETS	YES	YES	CATALOGUE_ONLY	none	YES	NO	NOT_INDEPENDENT - present in the RT catalogue/corpus, outside PAIR-ELIG	assay layer only; check exposure before any evaluation use	Khan et al. 2024 Nat Biotechnol doi:10.1038/s41587-024-02384-z (An experimental census of retrons)	174 of 175 panel rows lie inside Mestre's own reference set by accession, so the panel is an assay layer on the prediction set, NOT independent validation of it. RT_sequence column is empty in all 175 rows (use rt_protein_aa).
EXP-K135	Csp	terminal_1499	fig|1500289.3.peg.4103	X4_SYNTHESISED_AND_TESTED_OUTCOME_UNDETERMINED	CO_REPORTED_AND_TESTED_ONLY (no positive readout recorded locally)		NO	0	0	undetermined	undetermined	NONE_LOCAL	NOT_IN_LOCAL_ASSETS	NOT_IN_LOCAL_ASSETS	NOT_IN_LOCAL_ASSETS	NOT_IN_LOCAL_ASSETS	YES	YES	FULLY_EXTERNAL	none	NO	NO	EXTERNAL_BY_SEQUENCE (no exact or near match in any project population)	functional-endpoint external candidate (RT-DNA production / editing) - NOT a compatibility or orthogonality set	Khan et al. 2024 Nat Biotechnol doi:10.1038/s41587-024-02384-z (An experimental census of retrons)	174 of 175 panel rows lie inside Mestre's own reference set by accession, so the panel is an assay layer on the prediction set, NOT independent validation of it. RT_sequence column is empty in all 175 rows (use rt_protein_aa).
EXP-K136	Cgl	terminal_1498	fig|1685010.5.peg.4376	X2_RTDNA_SEQUENCE_PLUS_FUNCTIONAL_ASSAY	YES_ASSAYED_AS_A_UNIT (RT + its own ncRNA synthesised and measured together)	0.014145811	YES	116	undetermined	undetermined	undetermined	NONE_LOCAL	NOT_IN_LOCAL_ASSETS	NOT_IN_LOCAL_ASSETS	NOT_IN_LOCAL_ASSETS	NOT_IN_LOCAL_ASSETS	YES	YES	CATALOGUE_ONLY	none	YES	NO	NOT_INDEPENDENT - present in the RT catalogue/corpus, outside PAIR-ELIG	assay layer only; check exposure before any evaluation use	Khan et al. 2024 Nat Biotechnol doi:10.1038/s41587-024-02384-z (An experimental census of retrons)	174 of 175 panel rows lie inside Mestre's own reference set by accession, so the panel is an assay layer on the prediction set, NOT independent validation of it. RT_sequence column is empty in all 175 rows (use rt_protein_aa).
EXP-K137	Csp	terminal_34	fig|1777131.3.peg.2267	X3_FUNCTIONAL_ASSAY_ONLY	YES_ASSAYED_AS_A_UNIT (RT + its own ncRNA synthesised and measured together)		NO	0	49.5387067	undetermined	undetermined	NONE_LOCAL	NOT_IN_LOCAL_ASSETS	NOT_IN_LOCAL_ASSETS	NOT_IN_LOCAL_ASSETS	NOT_IN_LOCAL_ASSETS	YES	YES	TRAIN_EXPOSED	train	YES	NO	NOT_INDEPENDENT - in the X1 train fold; X2 trained on all folds	assay layer only; check exposure before any evaluation use	Khan et al. 2024 Nat Biotechnol doi:10.1038/s41587-024-02384-z (An experimental census of retrons)	174 of 175 panel rows lie inside Mestre's own reference set by accession, so the panel is an assay layer on the prediction set, NOT independent validation of it. RT_sequence column is empty in all 175 rows (use rt_protein_aa).
EXP-K138	Cei	terminal_1673	fig|634771.3.peg.967	X2_RTDNA_SEQUENCE_PLUS_FUNCTIONAL_ASSAY	YES_ASSAYED_AS_A_UNIT (RT + its own ncRNA synthesised and measured together)	1.969985491	YES	141	undetermined	undetermined	undetermined	NONE_LOCAL	NOT_IN_LOCAL_ASSETS	NOT_IN_LOCAL_ASSETS	NOT_IN_LOCAL_ASSETS	NOT_IN_LOCAL_ASSETS	YES	YES	TRAIN_EXPOSED	train	YES	NO	NOT_INDEPENDENT - in the X1 train fold; X2 trained on all folds	assay layer only; check exposure before any evaluation use	Khan et al. 2024 Nat Biotechnol doi:10.1038/s41587-024-02384-z (An experimental census of retrons)	174 of 175 panel rows lie inside Mestre's own reference set by accession, so the panel is an assay layer on the prediction set, NOT independent validation of it. RT_sequence column is empty in all 175 rows (use rt_protein_aa).
EXP-K139	Cle	terminal_817	fig|642492.3.peg.2638	X3_FUNCTIONAL_ASSAY_ONLY	YES_ASSAYED_AS_A_UNIT (RT + its own ncRNA synthesised and measured together)		NO	0	9.35236151	undetermined	undetermined	NONE_LOCAL	NOT_IN_LOCAL_ASSETS	NOT_IN_LOCAL_ASSETS	NOT_IN_LOCAL_ASSETS	NOT_IN_LOCAL_ASSETS	YES	YES	FULLY_EXTERNAL	none	NO	NO	EXTERNAL_BY_SEQUENCE (no exact or near match in any project population)	functional-endpoint external candidate (RT-DNA production / editing) - NOT a compatibility or orthogonality set	Khan et al. 2024 Nat Biotechnol doi:10.1038/s41587-024-02384-z (An experimental census of retrons)	174 of 175 panel rows lie inside Mestre's own reference set by accession, so the panel is an assay layer on the prediction set, NOT independent validation of it. RT_sequence column is empty in all 175 rows (use rt_protein_aa).
EXP-K140	Cha	terminal_783	fig|576117.5.peg.4005	X4_SYNTHESISED_AND_TESTED_OUTCOME_UNDETERMINED	CO_REPORTED_AND_TESTED_ONLY (no positive readout recorded locally)	0	NO	0	undetermined	undetermined	undetermined	NONE_LOCAL	NOT_IN_LOCAL_ASSETS	NOT_IN_LOCAL_ASSETS	NOT_IN_LOCAL_ASSETS	NOT_IN_LOCAL_ASSETS	YES	YES	CATALOGUE_ONLY	none	YES	NO	NOT_INDEPENDENT - present in the RT catalogue/corpus, outside PAIR-ELIG	assay layer only; check exposure before any evaluation use	Khan et al. 2024 Nat Biotechnol doi:10.1038/s41587-024-02384-z (An experimental census of retrons)	174 of 175 panel rows lie inside Mestre's own reference set by accession, so the panel is an assay layer on the prediction set, NOT independent validation of it. RT_sequence column is empty in all 175 rows (use rt_protein_aa).
EXP-K141	Cne	terminal_1552	fig|158822.8.peg.1905	X3_FUNCTIONAL_ASSAY_ONLY	YES_ASSAYED_AS_A_UNIT (RT + its own ncRNA synthesised and measured together)		NO	0	0.015513692	undetermined	undetermined	NONE_LOCAL	NOT_IN_LOCAL_ASSETS	NOT_IN_LOCAL_ASSETS	NOT_IN_LOCAL_ASSETS	NOT_IN_LOCAL_ASSETS	YES	YES	FULLY_EXTERNAL	none	NO	NO	EXTERNAL_BY_SEQUENCE (no exact or near match in any project population)	functional-endpoint external candidate (RT-DNA production / editing) - NOT a compatibility or orthogonality set	Khan et al. 2024 Nat Biotechnol doi:10.1038/s41587-024-02384-z (An experimental census of retrons)	174 of 175 panel rows lie inside Mestre's own reference set by accession, so the panel is an assay layer on the prediction set, NOT independent validation of it. RT_sequence column is empty in all 175 rows (use rt_protein_aa).
EXP-K142	Cle	terminal_729	fig|1974627.3.peg.386	X3_FUNCTIONAL_ASSAY_ONLY	YES_ASSAYED_AS_A_UNIT (RT + its own ncRNA synthesised and measured together)	0	NO	0	0.124807263	undetermined	undetermined	NONE_LOCAL	NOT_IN_LOCAL_ASSETS	NOT_IN_LOCAL_ASSETS	NOT_IN_LOCAL_ASSETS	NOT_IN_LOCAL_ASSETS	YES	YES	CATALOGUE_ONLY	none	YES	NO	NOT_INDEPENDENT - present in the RT catalogue/corpus, outside PAIR-ELIG	assay layer only; check exposure before any evaluation use	Khan et al. 2024 Nat Biotechnol doi:10.1038/s41587-024-02384-z (An experimental census of retrons)	174 of 175 panel rows lie inside Mestre's own reference set by accession, so the panel is an assay layer on the prediction set, NOT independent validation of it. RT_sequence column is empty in all 175 rows (use rt_protein_aa).
EXP-K143	Csp	terminal_1731	fig|2005463.3.peg.257	X2_RTDNA_SEQUENCE_PLUS_FUNCTIONAL_ASSAY	YES_ASSAYED_AS_A_UNIT (RT + its own ncRNA synthesised and measured together)	0.03666868	YES	144	undetermined	undetermined	undetermined	NONE_LOCAL	NOT_IN_LOCAL_ASSETS	NOT_IN_LOCAL_ASSETS	NOT_IN_LOCAL_ASSETS	NOT_IN_LOCAL_ASSETS	YES	YES	TRAIN_EXPOSED	train	YES	NO	NOT_INDEPENDENT - in the X1 train fold; X2 trained on all folds	assay layer only; check exposure before any evaluation use	Khan et al. 2024 Nat Biotechnol doi:10.1038/s41587-024-02384-z (An experimental census of retrons)	174 of 175 panel rows lie inside Mestre's own reference set by accession, so the panel is an assay layer on the prediction set, NOT independent validation of it. RT_sequence column is empty in all 175 rows (use rt_protein_aa).
EXP-K144	Bag	terminal_1438	fig|82977.3.peg.3268	X3_FUNCTIONAL_ASSAY_ONLY	YES_ASSAYED_AS_A_UNIT (RT + its own ncRNA synthesised and measured together)		NO	0	49.14510169	undetermined	undetermined	NONE_LOCAL	NOT_IN_LOCAL_ASSETS	NOT_IN_LOCAL_ASSETS	NOT_IN_LOCAL_ASSETS	NOT_IN_LOCAL_ASSETS	YES	YES	VAL_TEST_EXPOSED	val	YES	NO	NOT_INDEPENDENT - in the X1 val/test fold; X2 trained on all folds	assay layer only; check exposure before any evaluation use	Khan et al. 2024 Nat Biotechnol doi:10.1038/s41587-024-02384-z (An experimental census of retrons)	174 of 175 panel rows lie inside Mestre's own reference set by accession, so the panel is an assay layer on the prediction set, NOT independent validation of it. RT_sequence column is empty in all 175 rows (use rt_protein_aa).
EXP-K145	Bub	terminal_161	fig|101571.310.peg.3956	X2_RTDNA_SEQUENCE_PLUS_FUNCTIONAL_ASSAY	YES_ASSAYED_AS_A_UNIT (RT + its own ncRNA synthesised and measured together)	0.930615785	YES	86	undetermined	undetermined	undetermined	NONE_LOCAL	NOT_IN_LOCAL_ASSETS	NOT_IN_LOCAL_ASSETS	NOT_IN_LOCAL_ASSETS	NOT_IN_LOCAL_ASSETS	YES	YES	TRAIN_EXPOSED	train	YES	NO	NOT_INDEPENDENT - in the X1 train fold; X2 trained on all folds	assay layer only; check exposure before any evaluation use	Khan et al. 2024 Nat Biotechnol doi:10.1038/s41587-024-02384-z (An experimental census of retrons)	174 of 175 panel rows lie inside Mestre's own reference set by accession, so the panel is an assay layer on the prediction set, NOT independent validation of it. RT_sequence column is empty in all 175 rows (use rt_protein_aa).
EXP-K146	Bps	terminal_314	fig|1306420.5.peg.1032	X4_SYNTHESISED_AND_TESTED_OUTCOME_UNDETERMINED	CO_REPORTED_AND_TESTED_ONLY (no positive readout recorded locally)	0	NO	0	undetermined	undetermined	undetermined	NONE_LOCAL	NOT_IN_LOCAL_ASSETS	NOT_IN_LOCAL_ASSETS	NOT_IN_LOCAL_ASSETS	NOT_IN_LOCAL_ASSETS	YES	YES	VAL_TEST_EXPOSED	test	YES	NO	NOT_INDEPENDENT - in the X1 val/test fold; X2 trained on all folds	assay layer only; check exposure before any evaluation use	Khan et al. 2024 Nat Biotechnol doi:10.1038/s41587-024-02384-z (An experimental census of retrons)	174 of 175 panel rows lie inside Mestre's own reference set by accession, so the panel is an assay layer on the prediction set, NOT independent validation of it. RT_sequence column is empty in all 175 rows (use rt_protein_aa).
EXP-K147	Baq	terminal_443	fig|1111728.3.peg.587	X2_RTDNA_SEQUENCE_PLUS_FUNCTIONAL_ASSAY	YES_ASSAYED_AS_A_UNIT (RT + its own ncRNA synthesised and measured together)	0.649121856	YES	99	3.72262277	undetermined	undetermined	NONE_LOCAL	NOT_IN_LOCAL_ASSETS	NOT_IN_LOCAL_ASSETS	NOT_IN_LOCAL_ASSETS	NOT_IN_LOCAL_ASSETS	YES	YES	TRAIN_EXPOSED	train	YES	NO	NOT_INDEPENDENT - in the X1 train fold; X2 trained on all folds	assay layer only; check exposure before any evaluation use	Khan et al. 2024 Nat Biotechnol doi:10.1038/s41587-024-02384-z (An experimental census of retrons)	174 of 175 panel rows lie inside Mestre's own reference set by accession, so the panel is an assay layer on the prediction set, NOT independent validation of it. RT_sequence column is empty in all 175 rows (use rt_protein_aa).
EXP-K148	Ber	terminal_939	fig|1437360.11.peg.2429	X2_RTDNA_SEQUENCE_PLUS_FUNCTIONAL_ASSAY	YES_ASSAYED_AS_A_UNIT (RT + its own ncRNA synthesised and measured together)	0	YES	106	0.098939625	undetermined	undetermined	NONE_LOCAL	NOT_IN_LOCAL_ASSETS	NOT_IN_LOCAL_ASSETS	NOT_IN_LOCAL_ASSETS	NOT_IN_LOCAL_ASSETS	YES	YES	SEQUENCE_NEAR_CORPUS	none	NO	NO	NOT_INDEPENDENT - near-sequence match in the corpus	assay layer only; check exposure before any evaluation use	Khan et al. 2024 Nat Biotechnol doi:10.1038/s41587-024-02384-z (An experimental census of retrons)	174 of 175 panel rows lie inside Mestre's own reference set by accession, so the panel is an assay layer on the prediction set, NOT independent validation of it. RT_sequence column is empty in all 175 rows (use rt_protein_aa).
EXP-K149	Bsp	terminal_1856	fig|1798228.3.peg.3756	X4_SYNTHESISED_AND_TESTED_OUTCOME_UNDETERMINED	CO_REPORTED_AND_TESTED_ONLY (no positive readout recorded locally)	0	NO	0	0	undetermined	undetermined	NONE_LOCAL	NOT_IN_LOCAL_ASSETS	NOT_IN_LOCAL_ASSETS	NOT_IN_LOCAL_ASSETS	NOT_IN_LOCAL_ASSETS	YES	YES	TRAIN_EXPOSED	train	YES	NO	NOT_INDEPENDENT - in the X1 train fold; X2 trained on all folds	assay layer only; check exposure before any evaluation use	Khan et al. 2024 Nat Biotechnol doi:10.1038/s41587-024-02384-z (An experimental census of retrons)	174 of 175 panel rows lie inside Mestre's own reference set by accession, so the panel is an assay layer on the prediction set, NOT independent validation of it. RT_sequence column is empty in all 175 rows (use rt_protein_aa).
EXP-K150	Bfr	terminal_613	fig|1339287.3.peg.1113	X3_FUNCTIONAL_ASSAY_ONLY	YES_ASSAYED_AS_A_UNIT (RT + its own ncRNA synthesised and measured together)	0	NO	0	1.704766089	undetermined	undetermined	NONE_LOCAL	NOT_IN_LOCAL_ASSETS	NOT_IN_LOCAL_ASSETS	NOT_IN_LOCAL_ASSETS	NOT_IN_LOCAL_ASSETS	YES	YES	FULLY_EXTERNAL	none	NO	NO	EXTERNAL_BY_SEQUENCE (no exact or near match in any project population)	functional-endpoint external candidate (RT-DNA production / editing) - NOT a compatibility or orthogonality set	Khan et al. 2024 Nat Biotechnol doi:10.1038/s41587-024-02384-z (An experimental census of retrons)	174 of 175 panel rows lie inside Mestre's own reference set by accession, so the panel is an assay layer on the prediction set, NOT independent validation of it. RT_sequence column is empty in all 175 rows (use rt_protein_aa).
EXP-K151	Bst	terminal_1054	fig|293386.15.peg.304	X3_FUNCTIONAL_ASSAY_ONLY	YES_ASSAYED_AS_A_UNIT (RT + its own ncRNA synthesised and measured together)	0	NO	0	0.068627198	undetermined	undetermined	NONE_LOCAL	NOT_IN_LOCAL_ASSETS	NOT_IN_LOCAL_ASSETS	NOT_IN_LOCAL_ASSETS	NOT_IN_LOCAL_ASSETS	YES	YES	SEQUENCE_NEAR_CORPUS	none	NO	NO	NOT_INDEPENDENT - near-sequence match in the corpus	assay layer only; check exposure before any evaluation use	Khan et al. 2024 Nat Biotechnol doi:10.1038/s41587-024-02384-z (An experimental census of retrons)	174 of 175 panel rows lie inside Mestre's own reference set by accession, so the panel is an assay layer on the prediction set, NOT independent validation of it. RT_sequence column is empty in all 175 rows (use rt_protein_aa).
EXP-K152	Bsp	terminal_406	fig|360310.3.peg.4853	X3_FUNCTIONAL_ASSAY_ONLY	YES_ASSAYED_AS_A_UNIT (RT + its own ncRNA synthesised and measured together)		NO	0	0.072624062	undetermined	undetermined	NONE_LOCAL	NOT_IN_LOCAL_ASSETS	NOT_IN_LOCAL_ASSETS	NOT_IN_LOCAL_ASSETS	NOT_IN_LOCAL_ASSETS	YES	YES	VAL_TEST_EXPOSED	test	YES	NO	NOT_INDEPENDENT - in the X1 val/test fold; X2 trained on all folds	assay layer only; check exposure before any evaluation use	Khan et al. 2024 Nat Biotechnol doi:10.1038/s41587-024-02384-z (An experimental census of retrons)	174 of 175 panel rows lie inside Mestre's own reference set by accession, so the panel is an assay layer on the prediction set, NOT independent validation of it. RT_sequence column is empty in all 175 rows (use rt_protein_aa).
EXP-K153	Bps	terminal_1595	fig|79884.3.peg.1106	X3_FUNCTIONAL_ASSAY_ONLY	YES_ASSAYED_AS_A_UNIT (RT + its own ncRNA synthesised and measured together)		NO	0	6.456193848	undetermined	undetermined	NONE_LOCAL	NOT_IN_LOCAL_ASSETS	NOT_IN_LOCAL_ASSETS	NOT_IN_LOCAL_ASSETS	NOT_IN_LOCAL_ASSETS	YES	YES	CATALOGUE_ONLY	none	YES	NO	NOT_INDEPENDENT - present in the RT catalogue/corpus, outside PAIR-ELIG	assay layer only; check exposure before any evaluation use	Khan et al. 2024 Nat Biotechnol doi:10.1038/s41587-024-02384-z (An experimental census of retrons)	174 of 175 panel rows lie inside Mestre's own reference set by accession, so the panel is an assay layer on the prediction set, NOT independent validation of it. RT_sequence column is empty in all 175 rows (use rt_protein_aa).
EXP-K154	Ban	terminal_808	fig|1392.364.peg.2564	X2_RTDNA_SEQUENCE_PLUS_FUNCTIONAL_ASSAY	YES_ASSAYED_AS_A_UNIT (RT + its own ncRNA synthesised and measured together)	0.352	YES	88	0.234643512	0.776367532	0.774919449	NONE_LOCAL	NOT_IN_LOCAL_ASSETS	NOT_IN_LOCAL_ASSETS	NOT_IN_LOCAL_ASSETS	NOT_IN_LOCAL_ASSETS	YES	YES	CATALOGUE_ONLY	none	YES	NO	NOT_INDEPENDENT - present in the RT catalogue/corpus, outside PAIR-ELIG	assay layer only; check exposure before any evaluation use	Khan et al. 2024 Nat Biotechnol doi:10.1038/s41587-024-02384-z (An experimental census of retrons)	174 of 175 panel rows lie inside Mestre's own reference set by accession, so the panel is an assay layer on the prediction set, NOT independent validation of it. RT_sequence column is empty in all 175 rows (use rt_protein_aa).
EXP-K155	Abe	terminal_824	fig|170623.6.peg.4661	X2_RTDNA_SEQUENCE_PLUS_FUNCTIONAL_ASSAY	YES_ASSAYED_AS_A_UNIT (RT + its own ncRNA synthesised and measured together)	0.719435522	YES	73	4.735181883	0.81385806	0.208709384	NONE_LOCAL	NOT_IN_LOCAL_ASSETS	NOT_IN_LOCAL_ASSETS	NOT_IN_LOCAL_ASSETS	NOT_IN_LOCAL_ASSETS	YES	YES	VAL_TEST_EXPOSED	val	YES	NO	NOT_INDEPENDENT - in the X1 val/test fold; X2 trained on all folds	assay layer only; check exposure before any evaluation use	Khan et al. 2024 Nat Biotechnol doi:10.1038/s41587-024-02384-z (An experimental census of retrons)	174 of 175 panel rows lie inside Mestre's own reference set by accession, so the panel is an assay layer on the prediction set, NOT independent validation of it. RT_sequence column is empty in all 175 rows (use rt_protein_aa).
EXP-K156	Abe	terminal_825	fig|170623.7.peg.704	X4_SYNTHESISED_AND_TESTED_OUTCOME_UNDETERMINED	CO_REPORTED_AND_TESTED_ONLY (no positive readout recorded locally)		NO	0	0	undetermined	undetermined	NONE_LOCAL	NOT_IN_LOCAL_ASSETS	NOT_IN_LOCAL_ASSETS	NOT_IN_LOCAL_ASSETS	NOT_IN_LOCAL_ASSETS	YES	YES	VAL_TEST_EXPOSED	val	YES	NO	NOT_INDEPENDENT - in the X1 val/test fold; X2 trained on all folds	assay layer only; check exposure before any evaluation use	Khan et al. 2024 Nat Biotechnol doi:10.1038/s41587-024-02384-z (An experimental census of retrons)	174 of 175 panel rows lie inside Mestre's own reference set by accession, so the panel is an assay layer on the prediction set, NOT independent validation of it. RT_sequence column is empty in all 175 rows (use rt_protein_aa).
EXP-K157	Asp	terminal_1823	fig|1704044.3.peg.520	X3_FUNCTIONAL_ASSAY_ONLY	YES_ASSAYED_AS_A_UNIT (RT + its own ncRNA synthesised and measured together)		NO	0	4.385404553	undetermined	undetermined	NONE_LOCAL	NOT_IN_LOCAL_ASSETS	NOT_IN_LOCAL_ASSETS	NOT_IN_LOCAL_ASSETS	NOT_IN_LOCAL_ASSETS	YES	YES	TRAIN_EXPOSED	train	YES	NO	NOT_INDEPENDENT - in the X1 train fold; X2 trained on all folds	assay layer only; check exposure before any evaluation use	Khan et al. 2024 Nat Biotechnol doi:10.1038/s41587-024-02384-z (An experimental census of retrons)	174 of 175 panel rows lie inside Mestre's own reference set by accession, so the panel is an assay layer on the prediction set, NOT independent validation of it. RT_sequence column is empty in all 175 rows (use rt_protein_aa).
EXP-K158	Ama	terminal_1190	fig|505249.7.peg.1802	X2_RTDNA_SEQUENCE_PLUS_FUNCTIONAL_ASSAY	YES_ASSAYED_AS_A_UNIT (RT + its own ncRNA synthesised and measured together)	0.709527032	YES	91	undetermined	undetermined	undetermined	NONE_LOCAL	NOT_IN_LOCAL_ASSETS	NOT_IN_LOCAL_ASSETS	NOT_IN_LOCAL_ASSETS	NOT_IN_LOCAL_ASSETS	YES	YES	CATALOGUE_ONLY	none	YES	NO	NOT_INDEPENDENT - present in the RT catalogue/corpus, outside PAIR-ELIG	assay layer only; check exposure before any evaluation use	Khan et al. 2024 Nat Biotechnol doi:10.1038/s41587-024-02384-z (An experimental census of retrons)	174 of 175 panel rows lie inside Mestre's own reference set by accession, so the panel is an assay layer on the prediction set, NOT independent validation of it. RT_sequence column is empty in all 175 rows (use rt_protein_aa).
EXP-K159	Aco	terminal_814	fig|169435.7.peg.1348	X2_RTDNA_SEQUENCE_PLUS_FUNCTIONAL_ASSAY	YES_ASSAYED_AS_A_UNIT (RT + its own ncRNA synthesised and measured together)	0.010570244	YES	81	137.2762746	undetermined	undetermined	NONE_LOCAL	NOT_IN_LOCAL_ASSETS	NOT_IN_LOCAL_ASSETS	NOT_IN_LOCAL_ASSETS	NOT_IN_LOCAL_ASSETS	YES	YES	CATALOGUE_ONLY	none	YES	NO	NOT_INDEPENDENT - present in the RT catalogue/corpus, outside PAIR-ELIG	assay layer only; check exposure before any evaluation use	Khan et al. 2024 Nat Biotechnol doi:10.1038/s41587-024-02384-z (An experimental census of retrons)	174 of 175 panel rows lie inside Mestre's own reference set by accession, so the panel is an assay layer on the prediction set, NOT independent validation of it. RT_sequence column is empty in all 175 rows (use rt_protein_aa).
EXP-K160	Aco	terminal_814	fig|169435.7.peg.1348	X2_RTDNA_SEQUENCE_PLUS_FUNCTIONAL_ASSAY	YES_ASSAYED_AS_A_UNIT (RT + its own ncRNA synthesised and measured together)	0.010570244	YES	81	undetermined	undetermined	undetermined	NONE_LOCAL	NOT_IN_LOCAL_ASSETS	NOT_IN_LOCAL_ASSETS	NOT_IN_LOCAL_ASSETS	NOT_IN_LOCAL_ASSETS	YES	YES	CATALOGUE_ONLY	none	YES	NO	NOT_INDEPENDENT - present in the RT catalogue/corpus, outside PAIR-ELIG	assay layer only; check exposure before any evaluation use	Khan et al. 2024 Nat Biotechnol doi:10.1038/s41587-024-02384-z (An experimental census of retrons)	174 of 175 panel rows lie inside Mestre's own reference set by accession, so the panel is an assay layer on the prediction set, NOT independent validation of it. RT_sequence column is empty in all 175 rows (use rt_protein_aa).
EXP-K161	Aco	terminal_814	fig|169435.7.peg.1348	X2_RTDNA_SEQUENCE_PLUS_FUNCTIONAL_ASSAY	YES_ASSAYED_AS_A_UNIT (RT + its own ncRNA synthesised and measured together)	0.010570244	YES	81	undetermined	undetermined	undetermined	NONE_LOCAL	NOT_IN_LOCAL_ASSETS	NOT_IN_LOCAL_ASSETS	NOT_IN_LOCAL_ASSETS	NOT_IN_LOCAL_ASSETS	YES	YES	CATALOGUE_ONLY	none	YES	NO	NOT_INDEPENDENT - present in the RT catalogue/corpus, outside PAIR-ELIG	assay layer only; check exposure before any evaluation use	Khan et al. 2024 Nat Biotechnol doi:10.1038/s41587-024-02384-z (An experimental census of retrons)	174 of 175 panel rows lie inside Mestre's own reference set by accession, so the panel is an assay layer on the prediction set, NOT independent validation of it. RT_sequence column is empty in all 175 rows (use rt_protein_aa).
EXP-K162	Aba	terminal_1630	fig|1972460.3.peg.279	X3_FUNCTIONAL_ASSAY_ONLY	YES_ASSAYED_AS_A_UNIT (RT + its own ncRNA synthesised and measured together)		NO	0	1.484688736	undetermined	undetermined	NONE_LOCAL	NOT_IN_LOCAL_ASSETS	NOT_IN_LOCAL_ASSETS	NOT_IN_LOCAL_ASSETS	NOT_IN_LOCAL_ASSETS	YES	YES	TRAIN_EXPOSED	train	YES	NO	NOT_INDEPENDENT - in the X1 train fold; X2 trained on all folds	assay layer only; check exposure before any evaluation use	Khan et al. 2024 Nat Biotechnol doi:10.1038/s41587-024-02384-z (An experimental census of retrons)	174 of 175 panel rows lie inside Mestre's own reference set by accession, so the panel is an assay layer on the prediction set, NOT independent validation of it. RT_sequence column is empty in all 175 rows (use rt_protein_aa).
EXP-K163	Ani	terminal_1878	fig|369932.4.peg.5621	X3_FUNCTIONAL_ASSAY_ONLY	YES_ASSAYED_AS_A_UNIT (RT + its own ncRNA synthesised and measured together)		NO	0	0.01012137	undetermined	undetermined	NONE_LOCAL	NOT_IN_LOCAL_ASSETS	NOT_IN_LOCAL_ASSETS	NOT_IN_LOCAL_ASSETS	NOT_IN_LOCAL_ASSETS	YES	YES	TRAIN_EXPOSED	train	YES	NO	NOT_INDEPENDENT - in the X1 train fold; X2 trained on all folds	assay layer only; check exposure before any evaluation use	Khan et al. 2024 Nat Biotechnol doi:10.1038/s41587-024-02384-z (An experimental census of retrons)	174 of 175 panel rows lie inside Mestre's own reference set by accession, so the panel is an assay layer on the prediction set, NOT independent validation of it. RT_sequence column is empty in all 175 rows (use rt_protein_aa).
EXP-K164	Asp	terminal_803	fig|2024823.3.peg.95	X2_RTDNA_SEQUENCE_PLUS_FUNCTIONAL_ASSAY	YES_ASSAYED_AS_A_UNIT (RT + its own ncRNA synthesised and measured together)	0.15625235	YES	182	0	undetermined	undetermined	NONE_LOCAL	NOT_IN_LOCAL_ASSETS	NOT_IN_LOCAL_ASSETS	NOT_IN_LOCAL_ASSETS	NOT_IN_LOCAL_ASSETS	YES	YES	CATALOGUE_ONLY	none	YES	NO	NOT_INDEPENDENT - present in the RT catalogue/corpus, outside PAIR-ELIG	assay layer only; check exposure before any evaluation use	Khan et al. 2024 Nat Biotechnol doi:10.1038/s41587-024-02384-z (An experimental census of retrons)	174 of 175 panel rows lie inside Mestre's own reference set by accession, so the panel is an assay layer on the prediction set, NOT independent validation of it. RT_sequence column is empty in all 175 rows (use rt_protein_aa).
EXP-K165	Aba	terminal_506	fig|1916082.18.peg.39	X4_SYNTHESISED_AND_TESTED_OUTCOME_UNDETERMINED	CO_REPORTED_AND_TESTED_ONLY (no positive readout recorded locally)		NO	0	0	undetermined	undetermined	NONE_LOCAL	NOT_IN_LOCAL_ASSETS	NOT_IN_LOCAL_ASSETS	NOT_IN_LOCAL_ASSETS	NOT_IN_LOCAL_ASSETS	YES	YES	VAL_TEST_EXPOSED	test	YES	NO	NOT_INDEPENDENT - in the X1 val/test fold; X2 trained on all folds	assay layer only; check exposure before any evaluation use	Khan et al. 2024 Nat Biotechnol doi:10.1038/s41587-024-02384-z (An experimental census of retrons)	174 of 175 panel rows lie inside Mestre's own reference set by accession, so the panel is an assay layer on the prediction set, NOT independent validation of it. RT_sequence column is empty in all 175 rows (use rt_protein_aa).
EXP-K166	Asp	terminal_1184	fig|1965645.3.peg.1428	X2b_RTDNA_SEQUENCE_ONLY	CO_REPORTED_AND_TESTED_ONLY (no positive readout recorded locally)	0	YES	71	0	undetermined	undetermined	NONE_LOCAL	NOT_IN_LOCAL_ASSETS	NOT_IN_LOCAL_ASSETS	NOT_IN_LOCAL_ASSETS	NOT_IN_LOCAL_ASSETS	YES	YES	FULLY_EXTERNAL	none	NO	NO	EXTERNAL_BY_SEQUENCE (no exact or near match in any project population)	functional-endpoint external candidate (RT-DNA production / editing) - NOT a compatibility or orthogonality set	Khan et al. 2024 Nat Biotechnol doi:10.1038/s41587-024-02384-z (An experimental census of retrons)	174 of 175 panel rows lie inside Mestre's own reference set by accession, so the panel is an assay layer on the prediction set, NOT independent validation of it. RT_sequence column is empty in all 175 rows (use rt_protein_aa).
EXP-K167	Aag	terminal_1291	fig|1195246.3.peg.467	X4_SYNTHESISED_AND_TESTED_OUTCOME_UNDETERMINED	CO_REPORTED_AND_TESTED_ONLY (no positive readout recorded locally)		NO	0	0	undetermined	undetermined	NONE_LOCAL	NOT_IN_LOCAL_ASSETS	NOT_IN_LOCAL_ASSETS	NOT_IN_LOCAL_ASSETS	NOT_IN_LOCAL_ASSETS	YES	YES	TRAIN_EXPOSED	train	YES	NO	NOT_INDEPENDENT - in the X1 train fold; X2 trained on all folds	assay layer only; check exposure before any evaluation use	Khan et al. 2024 Nat Biotechnol doi:10.1038/s41587-024-02384-z (An experimental census of retrons)	174 of 175 panel rows lie inside Mestre's own reference set by accession, so the panel is an assay layer on the prediction set, NOT independent validation of it. RT_sequence column is empty in all 175 rows (use rt_protein_aa).
EXP-K168	Arh	terminal_915	fig|1220581.4.peg.1434	X2b_RTDNA_SEQUENCE_ONLY	CO_REPORTED_AND_TESTED_ONLY (no positive readout recorded locally)	0	YES	100	undetermined	undetermined	undetermined	NONE_LOCAL	NOT_IN_LOCAL_ASSETS	NOT_IN_LOCAL_ASSETS	NOT_IN_LOCAL_ASSETS	NOT_IN_LOCAL_ASSETS	YES	YES	TRAIN_EXPOSED	train	YES	YES	NOT_INDEPENDENT - in the X1 train fold; X2 trained on all folds	assay layer only; check exposure before any evaluation use	Khan et al. 2024 Nat Biotechnol doi:10.1038/s41587-024-02384-z (An experimental census of retrons)	174 of 175 panel rows lie inside Mestre's own reference set by accession, so the panel is an assay layer on the prediction set, NOT independent validation of it. RT_sequence column is empty in all 175 rows (use rt_protein_aa).
EXP-K169	Ave	terminal_1484	fig|1073383.3.peg.1289	X2_RTDNA_SEQUENCE_PLUS_FUNCTIONAL_ASSAY	YES_ASSAYED_AS_A_UNIT (RT + its own ncRNA synthesised and measured together)	0	YES	88	0.046532462	undetermined	undetermined	NONE_LOCAL	NOT_IN_LOCAL_ASSETS	NOT_IN_LOCAL_ASSETS	NOT_IN_LOCAL_ASSETS	NOT_IN_LOCAL_ASSETS	YES	YES	CATALOGUE_ONLY	none	YES	NO	NOT_INDEPENDENT - present in the RT catalogue/corpus, outside PAIR-ELIG	assay layer only; check exposure before any evaluation use	Khan et al. 2024 Nat Biotechnol doi:10.1038/s41587-024-02384-z (An experimental census of retrons)	174 of 175 panel rows lie inside Mestre's own reference set by accession, so the panel is an assay layer on the prediction set, NOT independent validation of it. RT_sequence column is empty in all 175 rows (use rt_protein_aa).
EXP-K170	Atj	terminal_1410	fig|1120928.3.peg.922	X3_FUNCTIONAL_ASSAY_ONLY	YES_ASSAYED_AS_A_UNIT (RT + its own ncRNA synthesised and measured together)		NO	0	0.442480468	undetermined	undetermined	NONE_LOCAL	NOT_IN_LOCAL_ASSETS	NOT_IN_LOCAL_ASSETS	NOT_IN_LOCAL_ASSETS	NOT_IN_LOCAL_ASSETS	YES	YES	TRAIN_EXPOSED	train	YES	NO	NOT_INDEPENDENT - in the X1 train fold; X2 trained on all folds	assay layer only; check exposure before any evaluation use	Khan et al. 2024 Nat Biotechnol doi:10.1038/s41587-024-02384-z (An experimental census of retrons)	174 of 175 panel rows lie inside Mestre's own reference set by accession, so the panel is an assay layer on the prediction set, NOT independent validation of it. RT_sequence column is empty in all 175 rows (use rt_protein_aa).
EXP-K171	Asp	terminal_530	fig|2024618.3.peg.1141	X4_SYNTHESISED_AND_TESTED_OUTCOME_UNDETERMINED	CO_REPORTED_AND_TESTED_ONLY (no positive readout recorded locally)	0	NO	0	undetermined	undetermined	undetermined	NONE_LOCAL	NOT_IN_LOCAL_ASSETS	NOT_IN_LOCAL_ASSETS	NOT_IN_LOCAL_ASSETS	NOT_IN_LOCAL_ASSETS	YES	YES	CATALOGUE_ONLY	none	YES	NO	NOT_INDEPENDENT - present in the RT catalogue/corpus, outside PAIR-ELIG	assay layer only; check exposure before any evaluation use	Khan et al. 2024 Nat Biotechnol doi:10.1038/s41587-024-02384-z (An experimental census of retrons)	174 of 175 panel rows lie inside Mestre's own reference set by accession, so the panel is an assay layer on the prediction set, NOT independent validation of it. RT_sequence column is empty in all 175 rows (use rt_protein_aa).
EXP-K172	Aba	terminal_975	fig|1310638.3.peg.1006	X2_RTDNA_SEQUENCE_PLUS_FUNCTIONAL_ASSAY	YES_ASSAYED_AS_A_UNIT (RT + its own ncRNA synthesised and measured together)	0	YES	70	0.106907512	undetermined	undetermined	NONE_LOCAL	NOT_IN_LOCAL_ASSETS	NOT_IN_LOCAL_ASSETS	NOT_IN_LOCAL_ASSETS	NOT_IN_LOCAL_ASSETS	YES	YES	CATALOGUE_ONLY	none	YES	NO	NOT_INDEPENDENT - present in the RT catalogue/corpus, outside PAIR-ELIG	assay layer only; check exposure before any evaluation use	Khan et al. 2024 Nat Biotechnol doi:10.1038/s41587-024-02384-z (An experimental census of retrons)	174 of 175 panel rows lie inside Mestre's own reference set by accession, so the panel is an assay layer on the prediction set, NOT independent validation of it. RT_sequence column is empty in all 175 rows (use rt_protein_aa).
EXP-K173	Aba	terminal_56	fig|470.3514.peg.1550	X2_RTDNA_SEQUENCE_PLUS_FUNCTIONAL_ASSAY	YES_ASSAYED_AS_A_UNIT (RT + its own ncRNA synthesised and measured together)	0.0794138	YES	83	0.097931795	undetermined	undetermined	NONE_LOCAL	NOT_IN_LOCAL_ASSETS	NOT_IN_LOCAL_ASSETS	NOT_IN_LOCAL_ASSETS	NOT_IN_LOCAL_ASSETS	YES	YES	TRAIN_EXPOSED	train	YES	YES	NOT_INDEPENDENT - in the X1 train fold; X2 trained on all folds	assay layer only; check exposure before any evaluation use	Khan et al. 2024 Nat Biotechnol doi:10.1038/s41587-024-02384-z (An experimental census of retrons)	174 of 175 panel rows lie inside Mestre's own reference set by accession, so the panel is an assay layer on the prediction set, NOT independent validation of it. RT_sequence column is empty in all 175 rows (use rt_protein_aa).
EXP-K174	Aba	terminal_271	fig|1951344.3.peg.527	X2_RTDNA_SEQUENCE_PLUS_FUNCTIONAL_ASSAY	YES_ASSAYED_AS_A_UNIT (RT + its own ncRNA synthesised and measured together)	0.061622281	YES	83	10.61145136	undetermined	undetermined	NONE_LOCAL	NOT_IN_LOCAL_ASSETS	NOT_IN_LOCAL_ASSETS	NOT_IN_LOCAL_ASSETS	NOT_IN_LOCAL_ASSETS	YES	YES	VAL_TEST_EXPOSED	test	YES	NO	NOT_INDEPENDENT - in the X1 val/test fold; X2 trained on all folds	assay layer only; check exposure before any evaluation use	Khan et al. 2024 Nat Biotechnol doi:10.1038/s41587-024-02384-z (An experimental census of retrons)	174 of 175 panel rows lie inside Mestre's own reference set by accession, so the panel is an assay layer on the prediction set, NOT independent validation of it. RT_sequence column is empty in all 175 rows (use rt_protein_aa).
EXP-K175	Aca	terminal_953	fig|33059.16.peg.1690	X2_RTDNA_SEQUENCE_PLUS_FUNCTIONAL_ASSAY	YES_ASSAYED_AS_A_UNIT (RT + its own ncRNA synthesised and measured together)	0.335754741	YES	78	0	undetermined	undetermined	NONE_LOCAL	NOT_IN_LOCAL_ASSETS	NOT_IN_LOCAL_ASSETS	NOT_IN_LOCAL_ASSETS	NOT_IN_LOCAL_ASSETS	YES	YES	TRAIN_EXPOSED	train	YES	YES	NOT_INDEPENDENT - in the X1 train fold; X2 trained on all folds	assay layer only; check exposure before any evaluation use	Khan et al. 2024 Nat Biotechnol doi:10.1038/s41587-024-02384-z (An experimental census of retrons)	174 of 175 panel rows lie inside Mestre's own reference set by accession, so the panel is an assay layer on the prediction set, NOT independent validation of it. RT_sequence column is empty in all 175 rows (use rt_protein_aa).
EXP-N01	Retron-Eco3 (Ec73)	terminal_289	WP_137545672.1	P0_HISTORICAL_NAME_PREDICTION_ONLY_LOCALLY	NO_LOCAL_EVIDENCE (name only; Mestre's 'experimentally validated' status is stated in the paper's Methods prose, not in any local file)		NO					NONE_LOCAL	NOT_IN_LOCAL_ASSETS	NOT_IN_LOCAL_ASSETS	NOT_IN_LOCAL_ASSETS	NOT_IN_LOCAL_ASSETS	YES	NO	NOT_IN_PANEL_NOT_MAPPED	none	NOT_TESTED	NO	NOT_MAPPED (not a panel row)	assay layer only; check exposure before any evaluation use	Mestre et al. 2020 NAR (systematic prediction) - PREDICTION SET, no assay column	Mestre 'Retron name' verbatim: Retron-Eco3 (Ec73) (footnote legend a-g absent from every local copy). Retron-Sen2 (St85) download is an RNA-polymerase substitute in the local asset set (mestre-audit REPORT); Vc137 has no protein accession locally, only a PATRIC fig| id.
EXP-N02	Retron-Eco7 (Ec78)	terminal_2	WP_000111473.1	X5_STRUCTURE_ONLY	STRUCTURAL_COMPLEX_LOCALLY		NO					9VHE(retron-Eco7 complex; msrRNA+msdDNA chains);9NNB(PtuA:PtuB:RT 4:2:1; RNA 41mer);9VHL	NOT_IN_LOCAL_ASSETS	NOT_IN_LOCAL_ASSETS	NOT_IN_LOCAL_ASSETS	NOT_IN_LOCAL_ASSETS	YES	NO	NOT_IN_PANEL_NOT_MAPPED	none	NOT_TESTED	NO	NOT_MAPPED (not a panel row)	assay layer only; check exposure before any evaluation use	Mestre et al. 2020 NAR (systematic prediction) - PREDICTION SET, no assay column	Mestre 'Retron name' verbatim: Retron-Eco7 (Ec78) (footnote legend a-g absent from every local copy). Retron-Sen2 (St85) download is an RNA-polymerase substitute in the local asset set (mestre-audit REPORT); Vc137 has no protein accession locally, only a PATRIC fig| id.
EXP-N03	Retron-Mxa1 (Mx162)	terminal_1793	AAA25405.1	P0_HISTORICAL_NAME_PREDICTION_ONLY_LOCALLY	NO_LOCAL_EVIDENCE (name only; Mestre's 'experimentally validated' status is stated in the paper's Methods prose, not in any local file)		NO					NONE_LOCAL	NOT_IN_LOCAL_ASSETS	NOT_IN_LOCAL_ASSETS	NOT_IN_LOCAL_ASSETS	NOT_IN_LOCAL_ASSETS	YES	NO	NOT_IN_PANEL_NOT_MAPPED	none	NOT_TESTED	NO	NOT_MAPPED (not a panel row)	assay layer only; check exposure before any evaluation use	Mestre et al. 2020 NAR (systematic prediction) - PREDICTION SET, no assay column	Mestre 'Retron name' verbatim: Retron-Mxa1 (Mx162)g (footnote legend a-g absent from every local copy). Retron-Sen2 (St85) download is an RNA-polymerase substitute in the local asset set (mestre-audit REPORT); Vc137 has no protein accession locally, only a PATRIC fig| id.
EXP-N04	Retron-Mxa2 (Mx65)	terminal_1625	AAA88323.1	P0_HISTORICAL_NAME_PREDICTION_ONLY_LOCALLY	NO_LOCAL_EVIDENCE (name only; Mestre's 'experimentally validated' status is stated in the paper's Methods prose, not in any local file)		NO					NONE_LOCAL	NOT_IN_LOCAL_ASSETS	NOT_IN_LOCAL_ASSETS	NOT_IN_LOCAL_ASSETS	NOT_IN_LOCAL_ASSETS	YES	YES	NOT_IN_PANEL_NOT_MAPPED	none	NOT_TESTED	NO	NOT_MAPPED (not a panel row)	assay layer only; check exposure before any evaluation use	Mestre et al. 2020 NAR (systematic prediction) - PREDICTION SET, no assay column	Mestre 'Retron name' verbatim: Retron-Mxa2 (Mx65)g (footnote legend a-g absent from every local copy). Retron-Sen2 (St85) download is an RNA-polymerase substitute in the local asset set (mestre-audit REPORT); Vc137 has no protein accession locally, only a PATRIC fig| id.
EXP-N05	Retron-Nex2 (Ne144)	terminal_1762	AAL40743.1	P0_HISTORICAL_NAME_PREDICTION_ONLY_LOCALLY	NO_LOCAL_EVIDENCE (name only; Mestre's 'experimentally validated' status is stated in the paper's Methods prose, not in any local file)		NO					NONE_LOCAL	NOT_IN_LOCAL_ASSETS	NOT_IN_LOCAL_ASSETS	NOT_IN_LOCAL_ASSETS	NOT_IN_LOCAL_ASSETS	YES	NO	NOT_IN_PANEL_NOT_MAPPED	none	NOT_TESTED	NO	NOT_MAPPED (not a panel row)	assay layer only; check exposure before any evaluation use	Mestre et al. 2020 NAR (systematic prediction) - PREDICTION SET, no assay column	Mestre 'Retron name' verbatim: Retron-Nex2 (Ne144)g (footnote legend a-g absent from every local copy). Retron-Sen2 (St85) download is an RNA-polymerase substitute in the local asset set (mestre-audit REPORT); Vc137 has no protein accession locally, only a PATRIC fig| id.
EXP-N06	Retron-Vch1 (Vc95)	terminal_87	WP_159353404.1	P0_HISTORICAL_NAME_PREDICTION_ONLY_LOCALLY	NO_LOCAL_EVIDENCE (name only; Mestre's 'experimentally validated' status is stated in the paper's Methods prose, not in any local file)		NO					NONE_LOCAL	NOT_IN_LOCAL_ASSETS	NOT_IN_LOCAL_ASSETS	NOT_IN_LOCAL_ASSETS	NOT_IN_LOCAL_ASSETS	YES	YES	NOT_IN_PANEL_NOT_MAPPED	none	NOT_TESTED	NO	NOT_MAPPED (not a panel row)	assay layer only; check exposure before any evaluation use	Mestre et al. 2020 NAR (systematic prediction) - PREDICTION SET, no assay column	Mestre 'Retron name' verbatim: Retron-Vch1 (Vc95)g (footnote legend a-g absent from every local copy). Retron-Sen2 (St85) download is an RNA-polymerase substitute in the local asset set (mestre-audit REPORT); Vc137 has no protein accession locally, only a PATRIC fig| id.
EXP-N07	Retron-Vch2 (Vc81)	terminal_136	WP_001022871.1	P0_HISTORICAL_NAME_PREDICTION_ONLY_LOCALLY	NO_LOCAL_EVIDENCE (name only; Mestre's 'experimentally validated' status is stated in the paper's Methods prose, not in any local file)		NO					NONE_LOCAL	NOT_IN_LOCAL_ASSETS	NOT_IN_LOCAL_ASSETS	NOT_IN_LOCAL_ASSETS	NOT_IN_LOCAL_ASSETS	YES	YES	NOT_IN_PANEL_NOT_MAPPED	none	NOT_TESTED	NO	NOT_MAPPED (not a panel row)	assay layer only; check exposure before any evaluation use	Mestre et al. 2020 NAR (systematic prediction) - PREDICTION SET, no assay column	Mestre 'Retron name' verbatim: Retron-Vch2 (Vc81) (footnote legend a-g absent from every local copy). Retron-Sen2 (St85) download is an RNA-polymerase substitute in the local asset set (mestre-audit REPORT); Vc137 has no protein accession locally, only a PATRIC fig| id.
EXP-N08	Retron-Vch3 (Vc137)	terminal_1575	fig|1343738.3.peg.2232	P0_HISTORICAL_NAME_PREDICTION_ONLY_LOCALLY	NO_LOCAL_EVIDENCE (name only; Mestre's 'experimentally validated' status is stated in the paper's Methods prose, not in any local file)		NO					NONE_LOCAL	NOT_IN_LOCAL_ASSETS	NOT_IN_LOCAL_ASSETS	NOT_IN_LOCAL_ASSETS	NOT_IN_LOCAL_ASSETS	YES	NO	NOT_IN_PANEL_NOT_MAPPED	none	NOT_TESTED	NO	NOT_MAPPED (not a panel row)	assay layer only; check exposure before any evaluation use	Mestre et al. 2020 NAR (systematic prediction) - PREDICTION SET, no assay column	Mestre 'Retron name' verbatim: Retron-Vch3 (Vc137) (footnote legend a-g absent from every local copy). Retron-Sen2 (St85) download is an RNA-polymerase substitute in the local asset set (mestre-audit REPORT); Vc137 has no protein accession locally, only a PATRIC fig| id.
EXP-N09	Retron-Vpa1 (Vp96)	terminal_11	WP_140315795.1	P0_HISTORICAL_NAME_PREDICTION_ONLY_LOCALLY	NO_LOCAL_EVIDENCE (name only; Mestre's 'experimentally validated' status is stated in the paper's Methods prose, not in any local file)		NO					NONE_LOCAL	NOT_IN_LOCAL_ASSETS	NOT_IN_LOCAL_ASSETS	NOT_IN_LOCAL_ASSETS	NOT_IN_LOCAL_ASSETS	YES	YES	NOT_IN_PANEL_NOT_MAPPED	none	NOT_TESTED	NO	NOT_MAPPED (not a panel row)	assay layer only; check exposure before any evaluation use	Mestre et al. 2020 NAR (systematic prediction) - PREDICTION SET, no assay column	Mestre 'Retron name' verbatim: Retron-Vpa1 (Vp96)g (footnote legend a-g absent from every local copy). Retron-Sen2 (St85) download is an RNA-polymerase substitute in the local asset set (mestre-audit REPORT); Vc137 has no protein accession locally, only a PATRIC fig| id.
EXP-N99	retron-Eco8 (not among the 17 Mestre names)	NOT_IN_MESTRE_TABLE	UNP P0DV59 (RT), P0DV58 (OLD nuclease), GB CP057441.1 (from 9X94 header)	X5_STRUCTURE_ONLY_PLUS_RT_MUTAGENESIS	YES_STRUCTURAL_COMPLEX (RT x4 + OLD nuclease x4 + RNA + DNA in one entry)		NO	75nt_chain				9X94(apo retron-Eco8; RNA 81mer + DNA 75mer);23OR;9LBQ;9LPA;9WN8;9X9B	YES: D107A individuated; YADD->AAAA implicates D200/D201 JOINTLY (Nat Commun 2026;17:7374, recorded in stage3b EVIDENCE_REPAIR_2026-09-18.md)	NOT_IN_LOCAL_ASSETS	NOT_IN_LOCAL_ASSETS	NOT_IN_LOCAL_ASSETS	YES	YES	NOT_IN_PANEL_NOT_MAPPED	none	NOT_TESTED	NO	NOT_MAPPED (not a panel row)	assay layer only; check exposure before any evaluation use	Nat Commun 2026;17:7374 (cited inside stage3b EVIDENCE_REPAIR_2026-09-18.md; PDF not on disk)	The Eco8 Mg is METAL_ASSERTED_NOT_DEPOSITED; YADD->AAAA implicates D200/D201 jointly, so no single residue is individuated by mutagenesis except D107A.
