gid	member_id	rt_class	locus_key	rt_seq_hash	rt90	source_file	byte_offset	byte_len	rt_start	rt_end	rt_strand
PM_RVT-AbiK_1	m00	RVT-AbiK	JBIQTQ010000002.1:40901-41743:-	3a01bae1a5cef28219f87303d5dccbc0a52f93f82b03a39e798b253a83ae135a	1356bd3a6960d5f0c719c24c682197449f9cbbc288f1cf3867fdbb186b81af49	master_RVT-AbiK_merged_oriented.jsonl	199005712	38062	40901	41743	-
PM_RVT-AbiK_1	m01	RVT-AbiK	JBPXNK010000002.1:48434-49132:+	4b34bcb5f928d8244e926cf6f9f5ba17303770fd90bbe38060d5c8b651d0c887	4b34bcb5f928d8244e926cf6f9f5ba17303770fd90bbe38060d5c8b651d0c887	master_RVT-AbiK_merged_oriented.jsonl	223719619	24534	48434	49132	+
PM_RVT-AbiK_1	m02	RVT-AbiK	VPNR01000004.1:151356-152390:-	e4ba70004574d4f8dafc193b21f0dd8ecad512edc1a537a0875683e400c98e6d	e4ba70004574d4f8dafc193b21f0dd8ecad512edc1a537a0875683e400c98e6d	master_RVT-AbiK_merged_oriented.jsonl	205165048	26121	151356	152390	-
PM_RVT-AbiK_1	m03	RVT-AbiK	JBPXNK010000002.1:20653-21555:+	3d265b6d26eedd4127534b212ea2b470c7c35bdc1e9269002bf5151560b0f109	3d265b6d26eedd4127534b212ea2b470c7c35bdc1e9269002bf5151560b0f109	master_RVT-AbiK_merged_oriented.jsonl	223677850	41768	20653	21555	+
PM_RVT-AbiK_1	m04	RVT-AbiK	JBMRKF010000002.1:31197-32174:-	989da0e587c00ddc95a666cd9e9cf97d067eb4775f115432325b13985d069e99	989da0e587c00ddc95a666cd9e9cf97d067eb4775f115432325b13985d069e99	master_RVT-AbiK_merged_oriented.jsonl	215341370	25893	31197	32174	-
PM_RVT-AbiK_1	m05	RVT-AbiK	JBIQTW010000005.1:20882-21580:-	34115116d757c920d1e1ff633495dc0ec96ef51c7999c36a417da00c6bdc92ac	515c5dd79ff9a211f5ad8518b97dd03deff6c02f8c1c86b6396357ba5c43804c	master_RVT-AbiK_merged_oriented.jsonl	199356441	31380	20882	21580	-
PM_RVT-AbiK_2	m00	RVT-AbiK	VDUC01000053.1:22587-24359:-	ade3675b53eacc4c5b3e09aa696e204028fdf09690473498c5f2aaa482c5806c	2b437386447c8dd3bd216888ba89cc2a1103045cf91357dab3b9209ccdfab685	master_RVT-AbiK_merged_oriented.jsonl	61551714	31089	22587	24359	-
PM_RVT-AbiK_2	m01	RVT-AbiK	JBIEGO010000052.1:1689-3461:-	81da1eb8ac731bf4af0ceb3091bf8fc4f79595f3e34d0f74b237b2ec9a14cdf6	a656501352941867c93396e39f5abcfed84a072cbd75833f0fd31997cdc9a52f	master_RVT-AbiK_merged_oriented.jsonl	60684647	13453	1689	3461	-
PM_RVT-AbiK_2	m02	RVT-AbiK	JBPPUN010000006.1:57707-59476:-	e44ec3e88a59a7a250f64e99e8666ee2a4e20693b32993e30b7b849ff0244a8f	e44ec3e88a59a7a250f64e99e8666ee2a4e20693b32993e30b7b849ff0244a8f	master_RVT-AbiK_merged_oriented.jsonl	225627545	33270	57707	59476	-
PM_RVT-AbiK_2	m03	RVT-AbiK	JAINOT010000003.1:194675-196450:+	581f86fb58b51e6bd83079b139d763fbcbc6566203dd25b045fdbb6f4c1dd727	581f86fb58b51e6bd83079b139d763fbcbc6566203dd25b045fdbb6f4c1dd727	master_RVT-AbiK_merged_oriented.jsonl	52964105	29675	194675	196450	+
PM_RVT-AbiK_2	m04	RVT-AbiK	JAUDTY010000011.1:22447-24234:+	9b1f83b641be9f4f488252844da15fd81b2ad94c610d4745f3617cc26b5af117	9b1f83b641be9f4f488252844da15fd81b2ad94c610d4745f3617cc26b5af117	master_RVT-AbiK_merged_oriented.jsonl	5624491	34198	22447	24234	+
PM_RVT-AbiK_2	m05	RVT-AbiK	JARQDB010000007.1:124402-126204:+	495bfb6ee3277be244f19cb17c175c4e77c00699cbf8bc8006b1f632f5fd19b7	01369ba0ab4557fba087488965329cae85d793a20730430acebb098f80414c51	master_RVT-AbiK_merged_oriented.jsonl	26345788	36079	124402	126204	+
PM_RVT-AbiK_2	m06	RVT-AbiK	CP110851.1:12747-14546:+	9b1db0fb408783fdf2b041c60ca09b8d36f533bfed58ee4e6cf2f67928949dff	266d94dc9eba55831679d9f8d8348503bf47f0f5ec6560e03808e15af02bcf8a	master_RVT-AbiK_merged_oriented.jsonl	27832307	31670	12747	14546	+
PM_RVT-AbiK_2	m07	RVT-AbiK	JBMAOU010000002.1:775911-777701:-	f429d90dcae950ac9dcce8d4bafcc084dd668f474fba2c17ec74151d47bd6eed	f429d90dcae950ac9dcce8d4bafcc084dd668f474fba2c17ec74151d47bd6eed	master_RVT-AbiK_merged_oriented.jsonl	62993493	29918	775911	777701	-
PM_RVT-AbiK_2	m08	RVT-AbiK	DALTKT010000019.1:17477-19000:-	71916a7d2007dc8784596117e2defd740035474360c4cfed8c404885ab8679b6	12ca01cc0a613bc9acaf18aa3c5ac9ee10fee37efb85b36b0a02d8700afbd338	master_RVT-AbiK_merged_oriented.jsonl	113766951	23701	17477	19000	-
PM_RVT-AbiK_2	m09	RVT-AbiK	JAINIT010000009.1:7612-9156:-	69c914513eb0d1e9d78374c1811e55881432f9744130809f61dd7b912cfcc726	69c914513eb0d1e9d78374c1811e55881432f9744130809f61dd7b912cfcc726	master_RVT-AbiK_merged_oriented.jsonl	52420500	30416	7612	9156	-
PM_RVT-AbiK_3	m00	RVT-AbiK	JUNV01000589.1:13907-15670:-	06f64cff0465b0f6f529276140aea992bf33a28748e5bab4866ea844e5d0e784	06f64cff0465b0f6f529276140aea992bf33a28748e5bab4866ea844e5d0e784	master_RVT-AbiK_merged_oriented.jsonl	204886951	25954	13907	15670	-
PM_RVT-AbiK_3	m01	RVT-AbiK	JAOTBR010000013.1:1478-3247:-	4ca07a67e4cb16983ba4c926bcc8a6f79528784d05fa3a7e327b38433335c789	4ca07a67e4cb16983ba4c926bcc8a6f79528784d05fa3a7e327b38433335c789	master_RVT-AbiK_merged_oriented.jsonl	221100826	22068	1478	3247	-
PM_RVT-AbiK_3	m02	RVT-AbiK	JABJXU010000001.1:208756-210534:-	c03469e078be1c0998a0128d6ed2017942e17498a37cff705d352f147d5eeb0d	c03469e078be1c0998a0128d6ed2017942e17498a37cff705d352f147d5eeb0d	master_RVT-AbiK_merged_oriented.jsonl	31503265	33217	208756	210534	-
PM_RVT-AbiK_3	m03	RVT-AbiK	DASGQG010000025.1:14269-16035:-	5aa4dfc437ea94696f2f6b85f8b4ae6e3a5fdacf1da433375b951e1bb7eef0a7	5aa4dfc437ea94696f2f6b85f8b4ae6e3a5fdacf1da433375b951e1bb7eef0a7	master_RVT-AbiK_merged_oriented.jsonl	218325749	35833	14269	16035	-
PM_RVT-AbiK_3	m04	RVT-AbiK	BAAICJ010000004.1:29513-31312:-	31ae9b5dd1acb9e23d5e5d3c1dcb7d873a77b3f3843c3b70bcc70ba17db50b2a	31ae9b5dd1acb9e23d5e5d3c1dcb7d873a77b3f3843c3b70bcc70ba17db50b2a	master_RVT-AbiK_merged_oriented.jsonl	61297445	36033	29513	31312	-
PM_RVT-AbiK_3	m05	RVT-AbiK	CAUREV010000029.1:20349-22157:-	81aeb90b2dad1cc22454d9e168b6402577303b8c99b4d6c2a275b37752ce57bf	81aeb90b2dad1cc22454d9e168b6402577303b8c99b4d6c2a275b37752ce57bf	master_RVT-AbiK_merged_oriented.jsonl	35212317	21328	20349	22157	-
PM_RVT-AbiK_4	m00	RVT-AbiK	JBBOQC010000001.1:666948-668639:+	4486738d2e449064d2b0a5290d2d63533f05417be25a1ac7987d7ed9a31ab788	371f0d2d190f3e2323136dea9c8744d43a543bfec3d633586a46ff6840ea5776	master_RVT-AbiK_merged_oriented.jsonl	9630160	34434	666948	668639	+
PM_RVT-AbiK_4	m01	RVT-AbiK	JBPEOS010000001.1:2849759-2851147:+	0e94ad265dd8bbe4e22ce6280526af4864b929bee44b01695e9ad7ea61c6bb7e	d49d565a614c7cc41dae1b3776a560e4dfcbdc8dccd253613e70b513985ae24d	master_RVT-AbiK_merged_oriented.jsonl	230779953	34257	2849759	2851147	+
PM_RVT-AbiK_4	m02	RVT-AbiK	BORI01000006.1:91385-92572:-	f2abbe14c573f4ff0ce82a74af3be68dda462046a7798bc07916ca49f1cbc026	f2abbe14c573f4ff0ce82a74af3be68dda462046a7798bc07916ca49f1cbc026	master_RVT-AbiK_merged_oriented.jsonl	36395114	40298	91385	92572	-
PM_RVT-AbiK_4	m03	RVT-AbiK	JAAZQF010000008.1:16946-18637:-	859b931de7861569cda8a68f5f805c6b2b1c5881fbdb20362a0e3390c4f727f5	2878a5a9d1111d42349ea1bdcf35957ab5d01fe6ab6e0662a12da439476da231	master_RVT-AbiK_merged_oriented.jsonl	20708246	33018	16946	18637	-
PM_RVT-AbiK_4	m04	RVT-AbiK	JAZQRA010000112.1:384-2075:-	8014396d74f300bd2c76a834121a9e3eeda4da1d1c6028608885dcd38851fbcc	8014396d74f300bd2c76a834121a9e3eeda4da1d1c6028608885dcd38851fbcc	master_RVT-AbiK_merged_oriented.jsonl	228322940	19600	384	2075	-
PM_RVT-AbiK_4	m05	RVT-AbiK	DGLF01000033.1:66284-67669:+	dfee70433de492f899e278fa9730f0b33b4a606ce5c179a7e1f24d280c4e7b25	dfee70433de492f899e278fa9730f0b33b4a606ce5c179a7e1f24d280c4e7b25	master_RVT-AbiK_merged_oriented.jsonl	33518493	35459	66284	67669	+
PM_RVT-AbiK_5	m00	RVT-AbiK	CP129006.1:519015-520709:+	00f840458065bdbcab335fb1012aa1181e33489f9099a8bc6e7955f69bd379be	00f840458065bdbcab335fb1012aa1181e33489f9099a8bc6e7955f69bd379be	master_RVT-AbiK_merged_oriented.jsonl	28477163	35562	519015	520709	+
PM_RVT-AbiK_5	m01	RVT-AbiK	JBPWAO010000026.1:54580-56283:-	330b09efce33563dc6490c742dd4ea1ca8a803af6dea1ca1988a912286932cea	6793645fc286edcb7b9d50c7031fbc0769f2537c46e13ef22edcd3417853d9ea	master_RVT-AbiK_merged_oriented.jsonl	232002593	33960	54580	56283	-
PM_RVT-AbiK_5	m02	RVT-AbiK	JBHUHQ010000038.1:1324-3039:-	008b7d0e9a11a2a85524043e72148e46334ad5782263f14fff028db5944d89dd	008b7d0e9a11a2a85524043e72148e46334ad5782263f14fff028db5944d89dd	master_RVT-AbiK_merged_oriented.jsonl	230838312	20530	1324	3039	-
PM_RVT-AbiK_5	m03	RVT-AbiK	JACSMZ010000001.1:1378616-1380313:-	3358dbcf807d577da09461010d13640a01d5a2838bff67b72b8cbf8134d1e423	3358dbcf807d577da09461010d13640a01d5a2838bff67b72b8cbf8134d1e423	master_RVT-AbiK_merged_oriented.jsonl	66240066	34570	1378616	1380313	-
PM_RVT-AbiK_5	m04	RVT-AbiK	JBNIMG010000052.1:5174-6853:-	64103cab19eb9a7a5d390fe3ecca75e50d5c760a06d33d6070836856fb17fbed	64103cab19eb9a7a5d390fe3ecca75e50d5c760a06d33d6070836856fb17fbed	master_RVT-AbiK_merged_oriented.jsonl	220393732	26773	5174	6853	-
PM_RVT-AbiK_5	m05	RVT-AbiK	CAXUQN020000001.1:622646-624361:+	2173e2366856ba89e35b39f8ccd3492e7b6001b4cb429bf39cfb7ab34d071e70	2173e2366856ba89e35b39f8ccd3492e7b6001b4cb429bf39cfb7ab34d071e70	master_RVT-AbiK_merged_oriented.jsonl	231936164	32332	622646	624361	+
PM_RVT-AbiK_5	m06	RVT-AbiK	JAOPJE010000090.1:142193-143902:-	d49d565a614c7cc41dae1b3776a560e4dfcbdc8dccd253613e70b513985ae24d	d49d565a614c7cc41dae1b3776a560e4dfcbdc8dccd253613e70b513985ae24d	master_RVT-AbiK_merged_oriented.jsonl	230607702	35650	142193	143902	-
PM_RVT-AbiK_5	m07	RVT-AbiK	NVHT01000031.1:270671-272362:+	1e325397030a604061a2963bb0350b2f84e215ad102fd2cee104d0748a70c77d	1e325397030a604061a2963bb0350b2f84e215ad102fd2cee104d0748a70c77d	master_RVT-AbiK_merged_oriented.jsonl	34241286	33236	270671	272362	+
PM_RVT-AbiK_5	m08	RVT-AbiK	CP096408.1:125535-127220:+	a515429cfbea7d30f0b2307731264e55eda40fe1d638c0072b182aba97f73c29	a515429cfbea7d30f0b2307731264e55eda40fe1d638c0072b182aba97f73c29	master_RVT-AbiK_merged_oriented.jsonl	43460314	32475	125535	127220	+
PM_RVT-AbiK_5	m09	RVT-AbiK	JAQQWU010000006.1:239073-240770:+	506a8b1fa9ef56a03feabdfcf20f660ad6a5b20bfb3029061958c554d2bd06e2	506a8b1fa9ef56a03feabdfcf20f660ad6a5b20bfb3029061958c554d2bd06e2	master_RVT-AbiK_merged_oriented.jsonl	32184053	24051	239073	240770	+
PM_RVT-AbiK_5	m10	RVT-AbiK	KK211188.1:119662-121368:+	4108a9df6e991bc5b72b99d22eab9c2b4144b2e13fe2f31e38e7c882cd56bc34	4108a9df6e991bc5b72b99d22eab9c2b4144b2e13fe2f31e38e7c882cd56bc34	master_RVT-AbiK_merged_oriented.jsonl	64455685	32713	119662	121368	+
PM_RVT-AbiK_5	m11	RVT-AbiK	JAZDQE010000007.1:161698-163401:+	730582fe2b9e690a07fc406371e3739f0370ce3165eb21f700830af3dcc7e8eb	730582fe2b9e690a07fc406371e3739f0370ce3165eb21f700830af3dcc7e8eb	master_RVT-AbiK_merged_oriented.jsonl	20120057	30698	161698	163401	+
PM_RVT-AbiK_6	m00	RVT-AbiK	DAKFWK010000004.1:104761-106593:+	b5917a32278aa6515a1ded6afff71414f909c92646510815fe10096f9003dbc0	205698539f81bb5167eef44fdedb67beccbbe64256098f621210a9bfab6c4fa9	master_RVT-AbiK_merged_oriented.jsonl	91812524	32178	104761	106593	+
PM_RVT-AbiK_6	m01	RVT-AbiK	JBEJGS010000005.1:121977-123773:-	f2aa5bcb4e415b52e2bb0406e8464fdc661e894675b55c2feb151df3dd9c92d1	f2aa5bcb4e415b52e2bb0406e8464fdc661e894675b55c2feb151df3dd9c92d1	master_RVT-AbiK_merged_oriented.jsonl	220852277	28236	121977	123773	-
PM_RVT-AbiK_6	m02	RVT-AbiK	JAMWHD010000004.1:121660-123510:+	00feaa780c7252dd10032e3774e65cd4688fc5edf2ca6082f041af4fad5322a1	00feaa780c7252dd10032e3774e65cd4688fc5edf2ca6082f041af4fad5322a1	master_RVT-AbiK_merged_oriented.jsonl	35686709	37185	121660	123510	+
PM_RVT-AbiK_6	m03	RVT-AbiK	CDRMMY010000018.1:20128-22011:-	dbd5631af157e3caf538fbd90324c46cf7ace7d1a70e4060739939fbcb1495bc	dbd5631af157e3caf538fbd90324c46cf7ace7d1a70e4060739939fbcb1495bc	master_RVT-AbiK_merged_oriented.jsonl	225992278	30666	20128	22011	-
PM_RVT-AbiK_6	m04	RVT-AbiK	CP097017.1:1446733-1448571:+	6f71be570ba9acaca13f7592ca352956c440db09db6bd8d775e0b6a38555fd7b	6f71be570ba9acaca13f7592ca352956c440db09db6bd8d775e0b6a38555fd7b	master_RVT-AbiK_merged_oriented.jsonl	42123166	32152	1446733	1448571	+
PM_RVT-AbiK_6	m05	RVT-AbiK	JAINNL010000006.1:40637-42469:-	3e0b070252996f4cb888b4911ea2b62c3bbdee6fe8d9504216304b658c0293a2	0a8f001799e6c89b207e73f088ac916d310aaaab29122b4dcae5761cd8e11e0d	master_RVT-AbiK_merged_oriented.jsonl	52815159	35155	40637	42469	-
PM_RVT-AbiK_6	m06	RVT-AbiK	ABZICS010000010.1:899-2728:-	c2721f0875690d4a4d0713e4c14d109027f4bdf98926d9c15a3213b76acf5128	c2721f0875690d4a4d0713e4c14d109027f4bdf98926d9c15a3213b76acf5128	master_RVT-AbiK_merged_oriented.jsonl	219361743	22417	899	2728	-
PM_RVT-AbiK_6	m07	RVT-AbiK	CAMSBH010000001.1:330918-332741:-	7789b3018e537737f15da0840a355722e326dd752a82196225e1e1338cf0f559	7789b3018e537737f15da0840a355722e326dd752a82196225e1e1338cf0f559	master_RVT-AbiK_merged_oriented.jsonl	225742142	36325	330918	332741	-
PM_RVT-AbiK_6	m08	RVT-AbiK	JAPJWB010000001.1:457024-458808:-	5a0a36ba0520fe1304157a01e24f3b58b2de0263a8ea8d5537940e248aa6befd	5a0a36ba0520fe1304157a01e24f3b58b2de0263a8ea8d5537940e248aa6befd	master_RVT-AbiK_merged_oriented.jsonl	62297804	36111	457024	458808	-
PM_RVT-AbiK_6	m09	RVT-AbiK	3300006319.a:Ga0099581_103595:1058-2869:-	594ea611cae5f53145fc835bf2ae204946e01bf468fd09752ec18df662f6f317	594ea611cae5f53145fc835bf2ae204946e01bf468fd09752ec18df662f6f317	master_RVT-AbiK_merged_oriented.jsonl	232349064	11855	1058	2869	-
PM_RVT-AbiK_7	m00	RVT-AbiK	DARIEP010000072.1:2-733:-	414ac96242b624185d9dc744ebfad17e0f1cdcff2d3d1d2be1b7728238b2f9f7	abd17ac652daea2c1a3101de40063f8c1450e23248f4b9eccd60fc1d05fcca88	master_RVT-AbiK_merged_oriented.jsonl	158865885	12387	2	733	-
PM_RVT-AbiK_7	m01	RVT-AbiK	JAPSWB010000022.1:13156-13923:-	d0c93854ee848a68f0842d36eb5f95c7d31109aaeebef142e970ba173e5a549b	699677d61524d35ba012322a4aa99286a053e0ba5db761573c1cf3545faf6be6	master_RVT-AbiK_merged_oriented.jsonl	30002445	32724	13156	13923	-
PM_RVT-AbiK_7	m02	RVT-AbiK	CP171384.1:9085-9990:+	bb691405eafe4e4efdc7ccf84c577b8204cbff5dde07939dd15e925dd1cf9936	12ca01cc0a613bc9acaf18aa3c5ac9ee10fee37efb85b36b0a02d8700afbd338	master_RVT-AbiK_merged_oriented.jsonl	40868594	31817	9085	9990	+
PM_RVT-AbiK_7	m03	RVT-AbiK	JBSMVO010000024.1:45-974:-	7e4deb4be165603baa87c2943dd28c4005889c09bebd5bbf4c221289b82b1c73	7e4deb4be165603baa87c2943dd28c4005889c09bebd5bbf4c221289b82b1c73	master_RVT-AbiK_merged_oriented.jsonl	225694085	18082	45	974	-
PM_RVT-AbiK_7	m04	RVT-AbiK	JARVJI010000003.1:17761-18408:-	4956c6c56aa8f1b3c5bfd5e8201220cd76773ad7eccc1af8a5865ee7f5283bb6	4956c6c56aa8f1b3c5bfd5e8201220cd76773ad7eccc1af8a5865ee7f5283bb6	master_RVT-AbiK_merged_oriented.jsonl	28870841	34337	17761	18408	-
PM_RVT-AbiK_7	m05	RVT-AbiK	OZ061332.1:1106476-1107360:+	cd6c57bd6724c68b7b19e115579dafb5fc56babdf9370c714e53006c23ae8bd2	03fa72b24ab393b5794a59c11e86cda25f6c20dd3ca84315521546ab147ffe57	master_RVT-AbiK_merged_oriented.jsonl	41995073	33220	1106476	1107360	+
PM_RVT-AbiK_7	m06	RVT-AbiK	DBGSMG010000030.1:4172-4987:+	f19a3ee722820a76999e266d6fcc10c196556ca38c376d137eb2f9f02df8f761	ea6daac0f3f7cb0f5199e54222211333c759e252136bf8b985163ee3b17fa523	master_RVT-AbiK_merged_oriented.jsonl	184380250	27234	4172	4987	+
PM_RVT-AbiK_7	m07	RVT-AbiK	JARDBM010000044.1:9830-10513:+	8f20e0dd8bde46f3f6056a07a42a6a226138e2cfecce01b39a805746afbb55ff	8f20e0dd8bde46f3f6056a07a42a6a226138e2cfecce01b39a805746afbb55ff	master_RVT-AbiK_merged_oriented.jsonl	211683105	15391	9830	10513	+
PM_RVT-AbiK_8	m00	RVT-AbiK	VRHF01000012.1:2-1054:-	2d672c2bdb536a499e361442bac7102a67566015c06340dd8d33ff4ad54b3555	8358cbdfde2e6a3423c6d2efa6351d04ffa8f641f95883d95ffda0dfdafcf743	master_RVT-AbiK_merged_oriented.jsonl	208567857	18154	2	1054	-
PM_RVT-AbiK_8	m01	RVT-AbiK	JAOTMC010000013.1:20340-21173:+	15f54cea21da8837ed3ffb0de0b3e0af665c72e5497e3c0fb8bc39177f092403	647ed2581483513efcb399539c312befd88fb68302f017e782c5117479e0df29	master_RVT-AbiK_merged_oriented.jsonl	24373670	34336	20340	21173	+
PM_RVT-AbiK_8	m02	RVT-AbiK	JAKYXV010000018.1:3012-3830:-	76d8c40b8f2647f72aeac1178a0ca394e06ad5c4720f6557f976931b702560df	ea6daac0f3f7cb0f5199e54222211333c759e252136bf8b985163ee3b17fa523	master_RVT-AbiK_merged_oriented.jsonl	82983039	23491	3012	3830	-
PM_RVT-AbiK_8	m03	RVT-AbiK	VDTM01000004.1:61565-62662:-	5ae5eeda30c67ca3a9bf27eedbf837ee4b6fa5fe978a13138be0381bc4056ce2	5ae5eeda30c67ca3a9bf27eedbf837ee4b6fa5fe978a13138be0381bc4056ce2	master_RVT-AbiK_merged_oriented.jsonl	36365661	29452	61565	62662	-
PM_RVT-AbiK_8	m04	RVT-AbiK	CAJCGQ010000066.1:3476-4321:+	d095c6bebcbad9b93cc1808d5d58be6a18d923fc459834b84f04ad3b805b336e	d095c6bebcbad9b93cc1808d5d58be6a18d923fc459834b84f04ad3b805b336e	master_RVT-AbiK_merged_oriented.jsonl	32584631	9210	3476	4321	+
PM_RVT-AbiK_8	m05	RVT-AbiK	CP102074.1:3-899:-	9bb9ae979aed3119069928106ec93a344913cf0b4ba42340d20749f6f1bbafcf	9bb9ae979aed3119069928106ec93a344913cf0b4ba42340d20749f6f1bbafcf	master_RVT-AbiK_merged_oriented.jsonl	38763062	18551	3	899	-
PM_RVT-AbiK_8	m06	RVT-AbiK	DAMOIX010000021.1:8127-9899:+	9428b764e148e92b25ce7cd88ddbe7df537a961c88712a35a26f2c91f8ac3b5b	2b437386447c8dd3bd216888ba89cc2a1103045cf91357dab3b9209ccdfab685	master_RVT-AbiK_merged_oriented.jsonl	126765616	31520	8127	9899	+
PM_RVT-AbiK_8	m07	RVT-AbiK	LNMZ01000032.1:17698-18600:-	bb4ee086dd4790f97015d14b7959a72dfcee129962f31f8d1ed93f500f2eec61	6623995054d11b69663f205ef446b64bb9e78652525d683bd21581ed17888643	master_RVT-AbiK_merged_oriented.jsonl	29010333	28249	17698	18600	-
PM_RVT-AbiP2_1	m00	RVT-AbiP2	JADLAX010000012.1:27079-28575:-	bcade02761f21ea1b7067fdcfb574be18524859c891a34d94e81e2b098032534	bcade02761f21ea1b7067fdcfb574be18524859c891a34d94e81e2b098032534	master_RVT-AbiP2_merged_oriented.jsonl	1075881863	34256	27079	28575	-
PM_RVT-AbiP2_1	m01	RVT-AbiP2	CAWTAN010000104.1:61-1560:-	0151e3c62c9780f9a8aa54625c73d703e74d75df1493290dd810ee9497ce59fa	2380cf68a538c97feb074685978d2f672918fdc5d65e6c788e23dd4ccfeb5266	master_RVT-AbiP2_merged_oriented.jsonl	539394038	10060	61	1560	-
PM_RVT-AbiP2_1	m02	RVT-AbiP2	JAGK01000054.1:20045-21364:+	8681a4e208b2f8373f1e91d5bdbae7a3145bc2d7dd1c9fbc54956dfd679bb82a	e5fcd968dc9e635c06cc77faa21b900b367202f768c099620f6fa7d04d3aba8c	master_RVT-AbiP2_merged_oriented.jsonl	1038487930	19948	20045	21364	+
PM_RVT-AbiP2_1	m03	RVT-AbiP2	CP049730.1:4929163-4930659:+	bb2362ac0215ff3ab9047dda3c854c7a5484da7a661d813b2c65486adc528583	bb2362ac0215ff3ab9047dda3c854c7a5484da7a661d813b2c65486adc528583	master_RVT-AbiP2_merged_oriented.jsonl	82537942	32485	4929163	4930659	+
PM_RVT-AbiP2_1	m04	RVT-AbiP2	JADQEE010000034.1:3411-4910:+	b9264ce08d032bd971852d2205f2db529e6af28144b9c91a1c0aeaf43e02d406	f6baccc74b6c24b78b6d5fc53410b81b32931c9549252115d7a9ba074906c59f	master_RVT-AbiP2_merged_oriented.jsonl	539458646	15643	3411	4910	+
PM_RVT-AbiP2_1	m05	RVT-AbiP2	JAJFHU010000034.1:16534-18039:-	ba7dc685db8c878b60ae0b4b1004c491cc5e98b5ea8aa564e7ad69c0a4327483	ba7dc685db8c878b60ae0b4b1004c491cc5e98b5ea8aa564e7ad69c0a4327483	master_RVT-AbiP2_merged_oriented.jsonl	1065982534	33285	16534	18039	-
PM_RVT-AbiP2_1	m06	RVT-AbiP2	JAOSJY010000001.1:1016776-1018275:-	051e2e0ba006b7262a7c3ee8e64845a4e4f0fa82aae61fb6ddde53fe979aa857	051e2e0ba006b7262a7c3ee8e64845a4e4f0fa82aae61fb6ddde53fe979aa857	master_RVT-AbiP2_merged_oriented.jsonl	359090390	31399	1016776	1018275	-
PM_RVT-AbiP2_1	m07	RVT-AbiP2	CP058350.1:1965937-1967433:-	04089abb499397fea824aae376fb4894a68821c751387f07802107a93eb6afa9	2f1ba587591dccfaaf46cd62ef4949068ca0978dfe69d4cfeacb57a6d9a69ca7	master_RVT-AbiP2_merged_oriented.jsonl	269295858	35852	1965937	1967433	-
PM_RVT-AbiP2_1	m08	RVT-AbiP2	UBLT01000013.1:5658-7154:+	da21867e9285d0ff42cea0a311879ab5e78a3345175ade3357f954170c1d381f	3684a544f92951560dd28eeadb3ef8675db47a30ef1a0df01af36dd6572f88b4	master_RVT-AbiP2_merged_oriented.jsonl	4976404	27295	5658	7154	+
PM_RVT-AbiP2_1	m09	RVT-AbiP2	MGYG000472372_5:56036-57547:+	be69c8574fb3a148f048e773c521be75aa7bf28a9db4ee384914d622219c2964	be69c8574fb3a148f048e773c521be75aa7bf28a9db4ee384914d622219c2964	master_RVT-AbiP2_merged_oriented.jsonl	236015645	32997	56036	57547	+
PM_RVT-AbiP2_1	m10	RVT-AbiP2	JAPJZE010000001.1:506693-508189:-	54a360ac4ccb7be9040d23ba7e859c8181f03abb5ce41158a3cc04da010b3529	400c1a564c7ad7cf1923298d4bf37eee843a022addc64acf9fac205d730fc0ed	master_RVT-AbiP2_merged_oriented.jsonl	536684370	31823	506693	508189	-
PM_RVT-AbiP2_1	m11	RVT-AbiP2	DAIEJO010000006.1:159427-160923:-	78da19fc0e58a5385b8637fc691d34f2ca8b60fccdbfe8748b364c287d01b2bf	78da19fc0e58a5385b8637fc691d34f2ca8b60fccdbfe8748b364c287d01b2bf	master_RVT-AbiP2_merged_oriented.jsonl	346945531	32368	159427	160923	-
PM_RVT-AbiP2_1	m12	RVT-AbiP2	JAFGFS010000055.1:11463-13001:+	2ab55bbd06a07bb201bf1f4901af5cb1ea107ac9fcf8daf745a544451816e5b2	2ab55bbd06a07bb201bf1f4901af5cb1ea107ac9fcf8daf745a544451816e5b2	master_RVT-AbiP2_merged_oriented.jsonl	1081973540	18780	11463	13001	+
PM_RVT-AbiP2_1	m13	RVT-AbiP2	AZMQ01000356.1:4440-5483:+	725db331ad123e5b84f1ffdf5217604cb552d59d986e594db9f91ba1ad59639e	725db331ad123e5b84f1ffdf5217604cb552d59d986e594db9f91ba1ad59639e	master_RVT-AbiP2_merged_oriented.jsonl	339473933	12516	4440	5483	+
PM_RVT-AbiP2_1	m14	RVT-AbiP2	JBNKDW010000663.1:70-1566:-	f068141bf8fba450234af2ad773712f048e90ac15b18c0d091ba7c5b1a20e5cd	f068141bf8fba450234af2ad773712f048e90ac15b18c0d091ba7c5b1a20e5cd	master_RVT-AbiP2_merged_oriented.jsonl	361865102	9848	70	1566	-
PM_RVT-AbiP2_1	m15	RVT-AbiP2	JABUYZ010000011.1:67776-69272:+	356de9e0a58270450b388c7563c6200d5d3f4ce66e187bad84f4320c30d72005	6d88a0981ba079a6977fffe06497c654bc0e844f76bd635e7d79184a005a869b	master_RVT-AbiP2_merged_oriented.jsonl	1089228217	34222	67776	69272	+
PM_RVT-AbiP2_1	m16	RVT-AbiP2	JACFNO010000038.1:18470-19819:+	da53c496fbf40046014e921bac63f5f63e8dfd385c5c4ccab71b5674448f87f6	da53c496fbf40046014e921bac63f5f63e8dfd385c5c4ccab71b5674448f87f6	master_RVT-AbiP2_merged_oriented.jsonl	349885148	28433	18470	19819	+
PM_RVT-AbiP2_1	m17	RVT-AbiP2	CP041352.1:1492838-1494358:+	c6c0a6f0734dc6d7271e39c0fc39ed6b67ec25865317764a8cb62c29bf0db21e	c6c0a6f0734dc6d7271e39c0fc39ed6b67ec25865317764a8cb62c29bf0db21e	master_RVT-AbiP2_merged_oriented.jsonl	270701388	30000	1492838	1494358	+
PM_RVT-AbiP2_1	m18	RVT-AbiP2	WQID01000021.1:17077-18573:+	df36a981de33534eb0e1798ecf9414a5d1ee018dde9fb067c959a36a28385146	df36a981de33534eb0e1798ecf9414a5d1ee018dde9fb067c959a36a28385146	master_RVT-AbiP2_merged_oriented.jsonl	1039449730	19422	17077	18573	+
PM_RVT-AbiP2_1	m19	RVT-AbiP2	JAOGSH010000006.1:42523-44019:-	8dc80b13e510f6e94d63c6abfd14f103a12a7b3cd88539aca4eb8ead1df651e5	8dc80b13e510f6e94d63c6abfd14f103a12a7b3cd88539aca4eb8ead1df651e5	master_RVT-AbiP2_merged_oriented.jsonl	1064495251	21633	42523	44019	-
PM_RVT-AbiP2_2	m00	RVT-AbiP2	CAPPYX010000007.1:4490-6205:-	a65c0aff679d9f5b6812eb3f6352a6539642d13a898922b50b79ccaf9a6cb667	a65c0aff679d9f5b6812eb3f6352a6539642d13a898922b50b79ccaf9a6cb667	master_RVT-AbiP2_merged_oriented.jsonl	353466561	21053	4490	6205	-
PM_RVT-AbiP2_2	m01	RVT-AbiP2	CATJPA010000121.1:1656-3401:-	5acbd13679915681445fe26fe4be6e70dcbc281db84d6ed0af5d73ec0d30014a	5acbd13679915681445fe26fe4be6e70dcbc281db84d6ed0af5d73ec0d30014a	master_RVT-AbiP2_merged_oriented.jsonl	1084246230	22459	1656	3401	-
PM_RVT-AbiP2_2	m02	RVT-AbiP2	CARGBM010000006.1:3618-5333:+	d35f97bf3a88fc9b3c94ae5b1c84b9233a4fae65d7d6e02501bb882594d579f6	4d69f1a0b009b666483d332b1a139d3bb35025474668f99fbe8196007d527eda	master_RVT-AbiP2_merged_oriented.jsonl	1083222556	22000	3618	5333	+
PM_RVT-AbiP2_2	m03	RVT-AbiP2	CAQDBX010000044.1:4490-6247:+	930118dd2d932319a7647878483a72e1465e23500845432c4fb6192494777a5a	e29b85787b5a5299dc22d6c46cfc0155448d3b82a0bfb61539b740553b83c779	master_RVT-AbiP2_merged_oriented.jsonl	294909296	19192	4490	6247	+
PM_RVT-AbiP2_2	m04	RVT-AbiP2	JALEPG010000049.1:24666-26408:-	737a3ab00a4e9b22363d61bb832efec1fb6c4b9e0f3bf248e3b5fc1bb3662a5a	613d0f553cae6e3d75a2f7105c8be02ef9dc30ae150ca523cd622054617de94e	master_RVT-AbiP2_merged_oriented.jsonl	1076376400	30044	24666	26408	-
PM_RVT-AbiP2_2	m05	RVT-AbiP2	JAAVGD010000003.1:9881-11596:+	9d0c40f9f2ebd1cabd2c93d29e06bcb8042e184e59042f8ff902f385dfb53c7e	94209bd507248f3757d2afc2984ab716f66481c7101350dabc18e9dd64d90a67	master_RVT-AbiP2_merged_oriented.jsonl	1073060025	29104	9881	11596	+
PM_RVT-AbiP2_3	m00	RVT-AbiP2	DBCNCR010000047.1:2419-3960:+	c19010c5508341a3a2707bf9c91c2bcf9529bac6451495aae5a6d1db652f4e4c	c07f2c3a9ce7eb36b709f30507656b3a48592b79d5de0c9e34f6719ad1c1e458	master_RVT-AbiP2_merged_oriented.jsonl	367361833	9353	2419	3960	+
PM_RVT-AbiP2_3	m01	RVT-AbiP2	DACWEQ010000007.1:48311-49846:+	d7e775ae6cc96ec12d804f795877d683370255817b7111de2f75860913a790ec	d7e775ae6cc96ec12d804f795877d683370255817b7111de2f75860913a790ec	master_RVT-AbiP2_merged_oriented.jsonl	364713911	33077	48311	49846	+
PM_RVT-AbiP2_3	m02	RVT-AbiP2	CBDAOH010000003.1:1947525-1949039:-	ab1bdfe1da377164b1b9afd7401e5d22ddf86f73e16dd8c73ed590fb1b9b16e5	ab1bdfe1da377164b1b9afd7401e5d22ddf86f73e16dd8c73ed590fb1b9b16e5	master_RVT-AbiP2_merged_oriented.jsonl	1088262647	33496	1947525	1949039	-
PM_RVT-AbiP2_3	m03	RVT-AbiP2	JAJYYE010000001.1:402029-403570:-	f9dc91dc3699da57a70a3ee171dcc625ad6d1890dba73df78b49a614a03812c5	f9dc91dc3699da57a70a3ee171dcc625ad6d1890dba73df78b49a614a03812c5	master_RVT-AbiP2_merged_oriented.jsonl	119542231	33368	402029	403570	-
PM_RVT-AbiP2_3	m04	RVT-AbiP2	DAEDUT010000003.1:237142-238677:-	110c1cedcb2c00ddb58e542de088452a06f15543f7b3240d6345b275750a9c5a	0c0f3c0823104a00530f002dfe705810cff71344064200ddb523817451d4fa5e	master_RVT-AbiP2_merged_oriented.jsonl	365617092	34076	237142	238677	-
PM_RVT-AbiP2_3	m05	RVT-AbiP2	ABLNQV010000001.1:253551-255044:+	b05d675534647c8130067c48af6eb0ee829d932aed6bd5d1eadc9936c0cde7c1	b05d675534647c8130067c48af6eb0ee829d932aed6bd5d1eadc9936c0cde7c1	master_RVT-AbiP2_merged_oriented.jsonl	1010591965	22223	253551	255044	+
PM_RVT-AbiP2_3	m06	RVT-AbiP2	DAMCYU010000019.1:1600-3144:-	f14a1f1be8b9b5a21a5b232342df7e5549977fc0af7d043f4c055cf142b26f3a	f14a1f1be8b9b5a21a5b232342df7e5549977fc0af7d043f4c055cf142b26f3a	master_RVT-AbiP2_merged_oriented.jsonl	347007924	20069	1600	3144	-
PM_RVT-AbiP2_3	m07	RVT-AbiP2	CABHON010000006.1:194000-195532:-	19e88cb059699731ec237735b566e8790d7e776cae9f617031f0a53a9e48088a	19e88cb059699731ec237735b566e8790d7e776cae9f617031f0a53a9e48088a	master_RVT-AbiP2_merged_oriented.jsonl	1019732543	22927	194000	195532	-
PM_RVT-AbiP2_3	m08	RVT-AbiP2	CBDHGI010000006.1:1240318-1241805:-	98fe2ce1d3b72dcbe4e9db0d6e8bbc3113fbb402d36bf2e547c58831cfa884e0	98fe2ce1d3b72dcbe4e9db0d6e8bbc3113fbb402d36bf2e547c58831cfa884e0	master_RVT-AbiP2_merged_oriented.jsonl	1072055033	32025	1240318	1241805	-
PM_RVT-AbiP2_3	m09	RVT-AbiP2	CAZMIS010000041.1:6172-7707:+	eae255c2713eb51be447a1db28ccb4bf928e5ee29677cbde2bf2131a4aa28275	eae255c2713eb51be447a1db28ccb4bf928e5ee29677cbde2bf2131a4aa28275	master_RVT-AbiP2_merged_oriented.jsonl	333672173	25901	6172	7707	+
PM_RVT-AbiP2_3	m10	RVT-AbiP2	CAISRN010000159.1:2149-3651:+	61bcdae8554952e18b0b3ed7c50a9d14ce2623184839547f31600be3f3853d83	61bcdae8554952e18b0b3ed7c50a9d14ce2623184839547f31600be3f3853d83	master_RVT-AbiP2_merged_oriented.jsonl	1020820839	9317	2149	3651	+
PM_RVT-AbiP2_3	m11	RVT-AbiP2	JBHAJD010000093.1:1491-3020:-	5e26e02d10f8330be7ee3ede14cb96440c79d0400040f1ae6ac8e2b082fe5f8d	5e26e02d10f8330be7ee3ede14cb96440c79d0400040f1ae6ac8e2b082fe5f8d	master_RVT-AbiP2_merged_oriented.jsonl	1065139722	18912	1491	3020	-
PM_RVT-AbiP2_3	m12	RVT-AbiP2	JANZZW010000035.1:51601-53154:+	be62bb8bc01dfcb8d20899ecd6cfbadb74cfb85a24b186651c0737dd94fe892a	be62bb8bc01dfcb8d20899ecd6cfbadb74cfb85a24b186651c0737dd94fe892a	master_RVT-AbiP2_merged_oriented.jsonl	1070540894	21472	51601	53154	+
PM_RVT-AbiP2_3	m13	RVT-AbiP2	LT828540.1:1045215-1046747:+	fbdfda22589a2686ec879014176453ece3298af95bd0bdb566b79f2253553fca	fbdfda22589a2686ec879014176453ece3298af95bd0bdb566b79f2253553fca	master_RVT-AbiP2_merged_oriented.jsonl	338637559	29883	1045215	1046747	+
PM_RVT-AbiP2_3	m14	RVT-AbiP2	JAUWNM010000001.1:23127-24644:-	3b919f28a03857384da71253b066f11d9a08e26129f83779e68ec1a06e549798	3b919f28a03857384da71253b066f11d9a08e26129f83779e68ec1a06e549798	master_RVT-AbiP2_merged_oriented.jsonl	20329	32398	23127	24644	-
PM_RVT-AbiP2_3	m15	RVT-AbiP2	CBDFGJ010000003.1:116908-118440:-	e738b8d59642189741b340d78b429f94a2a82587c67000b7c459e88d22865c09	e738b8d59642189741b340d78b429f94a2a82587c67000b7c459e88d22865c09	master_RVT-AbiP2_merged_oriented.jsonl	1096221823	32560	116908	118440	-
PM_RVT-AbiP2_3	m16	RVT-AbiP2	JAPSFJ010000010.1:12542-14071:+	b71e54b49649ce3af08f57779dfb9827c3ad7a23a208f2022d5429904c890b56	b71e54b49649ce3af08f57779dfb9827c3ad7a23a208f2022d5429904c890b56	master_RVT-AbiP2_merged_oriented.jsonl	994664216	30245	12542	14071	+
PM_RVT-AbiP2_3	m17	RVT-AbiP2	JBBAAP010000001.1:94499-96025:-	83c43b7b3e096319bdd1844a7a3b3f8b3b30a3927f81ca66c8732c1221ad6abd	83c43b7b3e096319bdd1844a7a3b3f8b3b30a3927f81ca66c8732c1221ad6abd	master_RVT-AbiP2_merged_oriented.jsonl	90104488	32890	94499	96025	-
PM_RVT-AbiP2_3	m18	RVT-AbiP2	QPIW01000028.1:44461-45996:+	0901e191739036e1b3692209fb90480a04bffd596fd96f51612cd79fffab898d	0901e191739036e1b3692209fb90480a04bffd596fd96f51612cd79fffab898d	master_RVT-AbiP2_merged_oriented.jsonl	349666729	32557	44461	45996	+
PM_RVT-AbiP2_3	m19	RVT-AbiP2	3300001095.a:JGI12104J13512_1001407:9877-11397:-	cf0669094fd854c9d8d4d94f84c63a6c566490f365167fe1114416e1134c7099	cf0669094fd854c9d8d4d94f84c63a6c566490f365167fe1114416e1134c7099	master_RVT-AbiP2_merged_oriented.jsonl	1099368894	27086	9877	11397	-
PM_RVT-AbiP2_4	m00	RVT-AbiP2	NC_013501.1:1642378-1643895:-	2e62f3308eb9bbb9de32803139d3d04a5c4cfaedb632aac68db22d8420172c6e	2e62f3308eb9bbb9de32803139d3d04a5c4cfaedb632aac68db22d8420172c6e	master_RVT-AbiP2_merged_oriented.jsonl	5036634	32825	1642378	1643895	-
PM_RVT-AbiP2_4	m01	RVT-AbiP2	CALIND010000001.1:8037-9074:+	ac4e16d2c6ff163ee10427addb568a9bddaa10806c76263315af926038a62bb6	ac4e16d2c6ff163ee10427addb568a9bddaa10806c76263315af926038a62bb6	master_RVT-AbiP2_merged_oriented.jsonl	1034562875	19594	8037	9074	+
PM_RVT-AbiP2_4	m02	RVT-AbiP2	DAHZXQ010000003.1:18538-20106:-	3e1239286134cbb8b424526af3ff788118588e7ec7f0afc7a4ebd09b56519518	3e1239286134cbb8b424526af3ff788118588e7ec7f0afc7a4ebd09b56519518	master_RVT-AbiP2_merged_oriented.jsonl	348993107	28741	18538	20106	-
PM_RVT-AbiP2_4	m03	RVT-AbiP2	DATHPN010000114.1:13071-14534:+	c4bb521ac03f0c81e69246f30c0a039677a45f3a5da09ee7403f638ffbed1d4c	c4bb521ac03f0c81e69246f30c0a039677a45f3a5da09ee7403f638ffbed1d4c	master_RVT-AbiP2_merged_oriented.jsonl	1094847041	27231	13071	14534	+
PM_RVT-AbiP2_4	m04	RVT-AbiP2	DASTWS010000034.1:57753-59276:+	7d5d698c7257691ecca1f187717822643ac394da10cca959602cc3cd03959e47	7d5d698c7257691ecca1f187717822643ac394da10cca959602cc3cd03959e47	master_RVT-AbiP2_merged_oriented.jsonl	1085964389	36077	57753	59276	+
PM_RVT-AbiP2_4	m05	RVT-AbiP2	JBFWUE010000015.1:46802-48313:+	194eb50aa3b2b3b3e57a8d81778ac7cf8990caf44c525725e8c4fd543d6de19c	194eb50aa3b2b3b3e57a8d81778ac7cf8990caf44c525725e8c4fd543d6de19c	master_RVT-AbiP2_merged_oriented.jsonl	324240697	32374	46802	48313	+
PM_RVT-AbiP2_4	m06	RVT-AbiP2	SCQU01000010.1:295483-296991:-	6693a0e10fb2857739adeaf314bf1f156a66f90dd1c331215aae82e3e3af9790	6693a0e10fb2857739adeaf314bf1f156a66f90dd1c331215aae82e3e3af9790	master_RVT-AbiP2_merged_oriented.jsonl	1076713513	32484	295483	296991	-
PM_RVT-AbiP2_4	m07	RVT-AbiP2	OZ244593.1:781840-783024:+	557a2ed81e7ac76d1feaaa6ba2e01d75472c6833ad74d478b7959da3dea87c7e	557a2ed81e7ac76d1feaaa6ba2e01d75472c6833ad74d478b7959da3dea87c7e	master_RVT-AbiP2_merged_oriented.jsonl	270188537	37047	781840	783024	+
PM_RVT-AbiP2_5	m00	RVT-AbiP2	ABVBLH010000006.1:233892-235391:+	d8bcf604973ce8c50d301e93b89e67337a5dcf84da475a79f195b258d75875da	14923bcb0b765a30b78d507bd5ddeb1a1554126faace336b3b5fcd6abb72df3e	master_RVT-AbiP2_merged_oriented.jsonl	990276743	32303	233892	235391	+
PM_RVT-AbiP2_5	m01	RVT-AbiP2	NCOH01000031.1:45122-46456:-	4c50811630df810e135cf7eca9bc2d20a6c0660cfbacfd84f8b71940856d5ec7	160e432c8abf3e91882ca62e69fe480c46b82f2da3505de6358394fc380e8aab	master_RVT-AbiP2_merged_oriented.jsonl	105724177	32553	45122	46456	-
PM_RVT-AbiP2_5	m02	RVT-AbiP2	JAHOOW010000002.1:223752-225233:-	d962a7536dc79f3a40313545863bd364569a6f31f812562e12ee090aae42235d	d962a7536dc79f3a40313545863bd364569a6f31f812562e12ee090aae42235d	master_RVT-AbiP2_merged_oriented.jsonl	36409050	34803	223752	225233	-
PM_RVT-AbiP2_5	m03	RVT-AbiP2	JVJQ01000049.1:3265-4749:-	df9224bc9b44fa312429d4e7de4dfc27493c27f90449c2bab51c603dc1f16f33	f7413d8c5735e152ce19f8fedd139ae72abc16b9de945ced794bcafd0818893a	master_RVT-AbiP2_merged_oriented.jsonl	292228603	26205	3265	4749	-
PM_RVT-AbiP2_5	m04	RVT-AbiP2	JRTB01000069.1:987346-988845:-	cfec242793034a720c01f9be55e1b3acfb3068907e752531e500d44c977c2730	cfec242793034a720c01f9be55e1b3acfb3068907e752531e500d44c977c2730	master_RVT-AbiP2_merged_oriented.jsonl	276858139	35909	987346	988845	-
PM_RVT-AbiP2_5	m05	RVT-AbiP2	3300013751.a:Ga0119802_1000023:77862-79337:+	1f9ae79982bbc16ac29a22910889ecf5b64f8eb6913dff38a3fc00b725a2369f	845cb5a0373aa42689a0cf9d20c82f2e1413fcf03c9586b758a9c3e90e2dbc10	master_RVT-AbiP2_merged_oriented.jsonl	1101471759	35010	77862	79337	+
PM_RVT-AbiP2_6	m00	RVT-AbiP2	DBHTMU010000035.1:1-774:-	8df1d34177b21d43c32d6d9b77b39b1bc70e8f1c4faf105bf8b130e34c06de3d	1448d225744ab45540e9c28156b96ae85955ebb2a97714a8a7925df9014ead50	master_RVT-AbiP2_merged_oriented.jsonl	566917168	18263	1	774	-
PM_RVT-AbiP2_6	m01	RVT-AbiP2	CALINL010000202.1:1132-2136:-	6395463d380808c4dbcbdd08f3b0d00bf34a471b4b417269094e2a291caa55d0	6395463d380808c4dbcbdd08f3b0d00bf34a471b4b417269094e2a291caa55d0	master_RVT-AbiP2_merged_oriented.jsonl	1019964016	18191	1132	2136	-
PM_RVT-AbiP2_6	m02	RVT-AbiP2	ACBSRG010000001.1:889244-890182:+	2e51806d081d665967bd021cfbb58ae406f333a2be2f2a580c30598dac766070	2e51806d081d665967bd021cfbb58ae406f333a2be2f2a580c30598dac766070	master_RVT-AbiP2_merged_oriented.jsonl	1059835443	35617	889244	890182	+
PM_RVT-AbiP2_6	m03	RVT-AbiP2	CAKVCU010000090.1:2-913:-	6e9abe25df4191937bd74560e94ebc86a4fb5dd0540a05263da7e175e9f59409	6e9abe25df4191937bd74560e94ebc86a4fb5dd0540a05263da7e175e9f59409	master_RVT-AbiP2_merged_oriented.jsonl	1019835788	8323	2	913	-
PM_RVT-AbiP2_6	m04	RVT-AbiP2	CAUTAX010000011.1:19242-20207:+	ebcf79feedaea57514eb87a1e750c15c048d3c9ee8ed2305d551c3f2ae68c122	ebcf79feedaea57514eb87a1e750c15c048d3c9ee8ed2305d551c3f2ae68c122	master_RVT-AbiP2_merged_oriented.jsonl	1036884820	31883	19242	20207	+
PM_RVT-AbiP2_6	m05	RVT-AbiP2	UGXQ01000003.1:1447479-1448387:+	4feabc444a130551a221a69c32ec22acbd0fc473a549829041b065bd386f5364	c43e52e17f551f8dbc5600f89e87e983b71d6de82c40518478a64ade149c65fd	master_RVT-AbiP2_merged_oriented.jsonl	1004666786	35981	1447479	1448387	+
PM_RVT-AbiP2_7	m00	RVT-AbiP2	DBHQBB010000005.1:44085-45650:-	fe1ad08419a4a2ca2939c8f09cdef86496debdfc798c546bd24354b4dc49dffc	4f7184fe53bccd5a272b70923556a889233c5be99da9210e405f66bf0e11c70b	master_RVT-AbiP2_merged_oriented.jsonl	555448979	34592	44085	45650	-
PM_RVT-AbiP2_7	m01	RVT-AbiP2	JBJGEB010000001.1:305156-306643:+	7264ebfc8d44ea4b0046b58dbc49fa633b552ab721fa97033c5892a9c87e8ccb	7264ebfc8d44ea4b0046b58dbc49fa633b552ab721fa97033c5892a9c87e8ccb	master_RVT-AbiP2_merged_oriented.jsonl	1052072933	38677	305156	306643	+
PM_RVT-AbiP2_7	m02	RVT-AbiP2	NAHP01000070.1:41936-43444:+	66cf60b46cb1eb9f2797dddf0560f050a82470dfad4897528eb07c4bf2e844ba	9d1299692beeda3c5c056cee9743489ea21eb68c946c01018b9721ad9deda6c5	master_RVT-AbiP2_merged_oriented.jsonl	1054273032	31038	41936	43444	+
PM_RVT-AbiP2_7	m03	RVT-AbiP2	3300007654.a:Ga0105017_100091:78161-79645:+	33f239d93ca50ea22fd204f4a87ce438b3eebfb43838c78c2c7bef870910fbfd	96dedd68059de9527646b859b5153bfccda0cd15b3e389fd31ec2e22d48c3039	master_RVT-AbiP2_merged_oriented.jsonl	1103335457	18240	78161	79645	+
PM_RVT-AbiP2_7	m04	RVT-AbiP2	JBHRNA010000006.1:16973-18472:+	02a46c04fa0a20fd4553c8fd295e73f65a2c72e147066410eb32a72c83f0685b	5d8dd1d90786b3cfa377102499742e84b0810ede73b42aca2b8d6cf828776866	master_RVT-AbiP2_merged_oriented.jsonl	1065679160	30689	16973	18472	+
PM_RVT-AbiP2_7	m05	RVT-AbiP2	3300008144.a:Ga0114284_1000696:6953-8443:+	f0223c88dd353619658867604fecb86e634f882c9fdccb55ea3b6582d39bf3d1	f0223c88dd353619658867604fecb86e634f882c9fdccb55ea3b6582d39bf3d1	master_RVT-AbiP2_merged_oriented.jsonl	1104275419	30140	6953	8443	+
PM_RVT-AbiP2_7	m06	RVT-AbiP2	CP023429.1:2061924-2063411:-	db3e41a97c7290fe0a242b700304e2b1017439a55c78d951431483e27eb024e6	db3e41a97c7290fe0a242b700304e2b1017439a55c78d951431483e27eb024e6	master_RVT-AbiP2_merged_oriented.jsonl	268963713	30028	2061924	2063411	-
PM_RVT-AbiP2_7	m07	RVT-AbiP2	PHHA01000002.1:116597-118075:-	5e7a25a789e1d0110098bc6d0fe0240845c585ed08602fe0539007e819364e21	5e7a25a789e1d0110098bc6d0fe0240845c585ed08602fe0539007e819364e21	master_RVT-AbiP2_merged_oriented.jsonl	920004022	32317	116597	118075	-
PM_RVT-AbiP2_7	m08	RVT-AbiP2	BTPO01000002.1:167193-168785:-	5e48bef83068badae002c5f0dc08a4290bac6729618ae66c7f04c02130c10d88	5e48bef83068badae002c5f0dc08a4290bac6729618ae66c7f04c02130c10d88	master_RVT-AbiP2_merged_oriented.jsonl	370206277	34522	167193	168785	-
PM_RVT-AbiP2_7	m09	RVT-AbiP2	FOFH01000006.1:95093-96574:-	b134c0c39ca2c5b0a74179fbf793947894edee81ea5c66a53996e59ca313cb8c	b134c0c39ca2c5b0a74179fbf793947894edee81ea5c66a53996e59ca313cb8c	master_RVT-AbiP2_merged_oriented.jsonl	334273211	32364	95093	96574	-
PM_RVT-AbiP2_7	m10	RVT-AbiP2	NARN01000009.1:61562-63076:+	55046640919b579e72356f4a77069b31f70a010debae60a71e853d25daf12d8b	55046640919b579e72356f4a77069b31f70a010debae60a71e853d25daf12d8b	master_RVT-AbiP2_merged_oriented.jsonl	1054331977	28101	61562	63076	+
PM_RVT-AbiP2_8	m00	RVT-AbiP2	3300014927.a:Ga0169766_100087:9289-10788:-	a00ab7667a73d82c13dae51b667e3a88f62f1f0eb1729b0f02dda5ff320ca4bb	a00ab7667a73d82c13dae51b667e3a88f62f1f0eb1729b0f02dda5ff320ca4bb	master_RVT-AbiP2_merged_oriented.jsonl	1104594033	35333	9289	10788	-
PM_RVT-AbiP2_8	m01	RVT-AbiP2	BAKX01000003.1:345330-346844:+	49f0a14de1304a75c02cd1dddd33f432ac9b3a1f14d6c70c187d674c3cdd0408	13e739eefaf170c01bac1c6eb56f011d7d73ddce102abc6b8646e53f93756648	master_RVT-AbiP2_merged_oriented.jsonl	1054004737	20896	345330	346844	+
PM_RVT-AbiP2_8	m02	RVT-AbiP2	SFMA01000089.1:2142-3617:+	de660416295d7ca94ca7b56c07f5f71c222900490859093c5d83bcc09f13656b	de660416295d7ca94ca7b56c07f5f71c222900490859093c5d83bcc09f13656b	master_RVT-AbiP2_merged_oriented.jsonl	1072884154	17683	2142	3617	+
PM_RVT-AbiP2_8	m03	RVT-AbiP2	MGYG000022369_33:4967-6259:-	aeb620f4eab14abef529ecaced9982255f7b30e7b090878e42c5e1f9215e5266	aeb620f4eab14abef529ecaced9982255f7b30e7b090878e42c5e1f9215e5266	master_RVT-AbiP2_merged_oriented.jsonl	205273208	28175	4967	6259	-
PM_RVT-AbiP2_8	m04	RVT-AbiP2	JAFXHE010000019.1:91227-92741:-	17c50e2b61f06b7f082e10027a9207e671f7a5f086a1093cc0bfeb88ef1bece6	17c50e2b61f06b7f082e10027a9207e671f7a5f086a1093cc0bfeb88ef1bece6	master_RVT-AbiP2_merged_oriented.jsonl	1063767399	32257	91227	92741	-
PM_RVT-AbiP2_8	m05	RVT-AbiP2	DBEWQG010000048.1:4770-6305:+	41fb87307fc8788d788c06db14b6e66372a01abae3d922a707e99e015e2eb6e7	a0a4686076abb8123ebd49254c1fb6b2b5c4eb0867176783de62cd97066a10f8	master_RVT-AbiP2_merged_oriented.jsonl	1027256448	27479	4770	6305	+
PM_RVT-CRISPR_1	m00	RVT-CRISPR	CBDPUB010000010.1:44823-47093:-	84ca967092bb919b10d75bc6c3a83308f99a170f2533a0a24cb8c2dfe5245271	8bff86f10a6705089434d87ac1254ff438463c918c4140c64a2cdbffca7e1316	master_RVT-CRISPR_merged_oriented.jsonl	192072940	30648	44823	47093	-
PM_RVT-CRISPR_1	m01	RVT-CRISPR	MGYG000137646_9:60407-62686:-	088eb8a28ddfb22534dda983793388883d53a7b324b6cbef02f120b70fba3c08	088eb8a28ddfb22534dda983793388883d53a7b324b6cbef02f120b70fba3c08	master_RVT-CRISPR_merged_oriented.jsonl	82796561	31768	60407	62686	-
PM_RVT-CRISPR_1	m02	RVT-CRISPR	CAMWOR010000222.1:2551-4821:+	597e341d49ca353a031829a299c057cdacab43910f3a66ec9fcb07970d9f29fd	597e341d49ca353a031829a299c057cdacab43910f3a66ec9fcb07970d9f29fd	master_RVT-CRISPR_merged_oriented.jsonl	50671374	9961	2551	4821	+
PM_RVT-CRISPR_1	m03	RVT-CRISPR	DWVO01000025.1:6920-9196:+	dcfd9c3d52a1f5f2c85f87bd1e56eb3e26981e73ceb3fe50493e9974170d6681	dcfd9c3d52a1f5f2c85f87bd1e56eb3e26981e73ceb3fe50493e9974170d6681	master_RVT-CRISPR_merged_oriented.jsonl	68517879	26034	6920	9196	+
PM_RVT-CRISPR_1	m04	RVT-CRISPR	DAMCDT010000003.1:3906-6173:-	d4ee126c71c8b2fb9e2ee43faec75b13a3afdc89de90d168b90eaa9b0a51d84b	d4ee126c71c8b2fb9e2ee43faec75b13a3afdc89de90d168b90eaa9b0a51d84b	master_RVT-CRISPR_merged_oriented.jsonl	69608827	23493	3906	6173	-
PM_RVT-CRISPR_1	m05	RVT-CRISPR	DALZBD010000342.1:2228-4495:+	737e31710661f0c7b5ff7c8c8bd64e370f2a57778c0066571fa92910ecb6a519	737e31710661f0c7b5ff7c8c8bd64e370f2a57778c0066571fa92910ecb6a519	master_RVT-CRISPR_merged_oriented.jsonl	70056853	9998	2228	4495	+
PM_RVT-CRISPR_2	m00	RVT-CRISPR	CBDSZK010000097.1:11096-13900:-	2f7e2382d74ab1f7cd541c1ef6df3ef69c1b4aa358752d493083bd3cda9e50f3	2f7e2382d74ab1f7cd541c1ef6df3ef69c1b4aa358752d493083bd3cda9e50f3	master_RVT-CRISPR_merged_oriented.jsonl	186772347	33846	11096	13900	-
PM_RVT-CRISPR_2	m01	RVT-CRISPR	CBDNXP010000156.1:3389-6193:+	e4878ca622befa0b0a7b2f46130fd1fab72ee805ab79be0e21de2f7ef2f7c50d	e4878ca622befa0b0a7b2f46130fd1fab72ee805ab79be0e21de2f7ef2f7c50d	master_RVT-CRISPR_merged_oriented.jsonl	186746961	25385	3389	6193	+
PM_RVT-CRISPR_2	m02	RVT-CRISPR	MGYG000150060_6:1048-3858:-	4378d646d782fd588bba9eb6789955fd8accc2493a034f3da376a300b460a60f	1960463cab0b97856389f67d9e54282d649bd418c216a59ef5b25ce2cf9cc4de	master_RVT-CRISPR_merged_oriented.jsonl	89597314	21446	1048	3858	-
PM_RVT-CRISPR_2	m03	RVT-CRISPR	CALIYD010000108.1:23371-26169:+	5a86f589ab238a37a9b5b2199ca011187f943879b38b70da45f31347de62f6b8	5a86f589ab238a37a9b5b2199ca011187f943879b38b70da45f31347de62f6b8	master_RVT-CRISPR_merged_oriented.jsonl	36183897	30754	23371	26169	+
PM_RVT-CRISPR_2	m04	RVT-CRISPR	CAKRRJ010000017.1:26956-29766:-	e022e7aed64e09fc1d7bdfa730cd14d2b908b4dcd23650eefccf20429c113f1b	e022e7aed64e09fc1d7bdfa730cd14d2b908b4dcd23650eefccf20429c113f1b	master_RVT-CRISPR_merged_oriented.jsonl	68235233	26053	26956	29766	-
PM_RVT-CRISPR_2	m05	RVT-CRISPR	CAUERO010000006.1:38014-40824:+	6258bed4fce997b0d78169f1b92b689789cad5fdf45629934b04ed531be480bf	6258bed4fce997b0d78169f1b92b689789cad5fdf45629934b04ed531be480bf	master_RVT-CRISPR_merged_oriented.jsonl	67892787	30985	38014	40824	+
PM_RVT-CRISPR_3	m00	RVT-CRISPR	MGYG000505227_373:1591-2532:-	989f9dc5b0b7653ce636c058e741ff81f596c1445865d0bd6f378d28edade38d	989f9dc5b0b7653ce636c058e741ff81f596c1445865d0bd6f378d28edade38d	master_RVT-CRISPR_merged_oriented.jsonl	91396350	12926	1591	2532	-
PM_RVT-CRISPR_3	m01	RVT-CRISPR	JBIOYC010000035.1:1718-2677:-	7600e529e14cf50e95968ec46f663b165d748688b4d9b2456850bfa14fe9a7e9	7600e529e14cf50e95968ec46f663b165d748688b4d9b2456850bfa14fe9a7e9	master_RVT-CRISPR_merged_oriented.jsonl	201267999	20266	1718	2677	-
PM_RVT-CRISPR_3	m02	RVT-CRISPR	3300010401.a:Ga0134121_10000229:22180-23109:+	bac4c79d2ea7db4d04d2108b66cf5d88e04a55f8e99a99c38858dbad31ba2891	bac4c79d2ea7db4d04d2108b66cf5d88e04a55f8e99a99c38858dbad31ba2891	master_RVT-CRISPR_merged_oriented.jsonl	211571870	34396	22180	23109	+
PM_RVT-CRISPR_3	m03	RVT-CRISPR	JANNLR010000203.1:11489-12469:+	8862a4f008da1e501e6e110e20d37ddda74f6fe12096764529934d342302af39	8862a4f008da1e501e6e110e20d37ddda74f6fe12096764529934d342302af39	master_RVT-CRISPR_merged_oriented.jsonl	52926671	18361	11489	12469	+
PM_RVT-CRISPR_3	m04	RVT-CRISPR	MGYG000494724_1:1447148-1448089:-	ad6f19fd5f4d7964849e90cab57c244e0c500a7915aae4c4ef9829c69666d915	ad6f19fd5f4d7964849e90cab57c244e0c500a7915aae4c4ef9829c69666d915	master_RVT-CRISPR_merged_oriented.jsonl	90938631	31935	1447148	1448089	-
PM_RVT-CRISPR_3	m05	RVT-CRISPR	OY970373.1:3573154-3574083:+	1144e403c6317d631b56450998b98900725656b1133a0e7b9be260e42cdfad87	1144e403c6317d631b56450998b98900725656b1133a0e7b9be260e42cdfad87	master_RVT-CRISPR_merged_oriented.jsonl	96411730	32309	3573154	3574083	+
PM_RVT-CRISPR_3	m06	RVT-CRISPR	CAVZUZ010000027.1:12778-13707:-	7e64280ffd6bc44bfbb74b6c1ca8ce73184a042e5fc91159ef5135ec8afc77e4	7e64280ffd6bc44bfbb74b6c1ca8ce73184a042e5fc91159ef5135ec8afc77e4	master_RVT-CRISPR_merged_oriented.jsonl	202370416	31973	12778	13707	-
PM_RVT-CRISPR_4	m00	RVT-CRISPR	3300028084.a:Ga0255356_1000368:1968-4256:+	4c248db2bba551b7ec1f75d00b728b816fbc53821e146d18e0835f20600986ab	4c248db2bba551b7ec1f75d00b728b816fbc53821e146d18e0835f20600986ab	master_RVT-CRISPR_merged_oriented.jsonl	209760602	22503	1968	4256	+
PM_RVT-CRISPR_4	m01	RVT-CRISPR	OY761460.1:471571-473799:+	ff9702b8e59df93af167f799f6b497c3df76459c265278fea0dd928434cd90ae	ff9702b8e59df93af167f799f6b497c3df76459c265278fea0dd928434cd90ae	master_RVT-CRISPR_merged_oriented.jsonl	45750936	29937	471571	473799	+
PM_RVT-CRISPR_4	m02	RVT-CRISPR	CAXXFJ010000044.1:151308-153590:+	c992b911fc20fd354ff0a288e36215f3913a04d32c27304e5c96bfa535276397	c992b911fc20fd354ff0a288e36215f3913a04d32c27304e5c96bfa535276397	master_RVT-CRISPR_merged_oriented.jsonl	191930773	30009	151308	153590	+
PM_RVT-CRISPR_4	m03	RVT-CRISPR	CAXXMN010000002.1:347989-350289:+	a37df640cd5a399f3ccc58b39807b46b0b21a75ae1e0d024697602d3b7bf05be	a37df640cd5a399f3ccc58b39807b46b0b21a75ae1e0d024697602d3b7bf05be	master_RVT-CRISPR_merged_oriented.jsonl	195312908	31186	347989	350289	+
PM_RVT-CRISPR_4	m04	RVT-CRISPR	CAYNDT010000055.1:9981-12266:-	8fd0685fa34249fb436c5c3e4812ec5d56fbaf14c831634bafcc1c20afd66250	8fd0685fa34249fb436c5c3e4812ec5d56fbaf14c831634bafcc1c20afd66250	master_RVT-CRISPR_merged_oriented.jsonl	126082937	32075	9981	12266	-
PM_RVT-CRISPR_4	m05	RVT-CRISPR	OY762507.1:407545-409833:-	d4ce0451829f976e366148d50c4b6de1525bfcf9c5b9dae4c512279c425b0dc1	d4ce0451829f976e366148d50c4b6de1525bfcf9c5b9dae4c512279c425b0dc1	master_RVT-CRISPR_merged_oriented.jsonl	30516434	29436	407545	409833	-
PM_RVT-CRISPR_4	m06	RVT-CRISPR	JAUYTB010000265.1:5923-8211:+	9e365017ba328c26da1c40eb4adcd14a0077f0a98e9bb5ebb784f9dac10bf389	9e365017ba328c26da1c40eb4adcd14a0077f0a98e9bb5ebb784f9dac10bf389	master_RVT-CRISPR_merged_oriented.jsonl	57730499	15979	5923	8211	+
PM_RVT-CRISPR_4	m07	RVT-CRISPR	MKVT01000015.1:98938-101205:+	2751d5ae3623925f6b740dbf689e110b591c7184de812a734065ca6361a92377	2751d5ae3623925f6b740dbf689e110b591c7184de812a734065ca6361a92377	master_RVT-CRISPR_merged_oriented.jsonl	44857466	33328	98938	101205	+
PM_RVT-CRISPR_4	m08	RVT-CRISPR	CAZPWZ010000001.1:25941-28226:-	a1417fc376d7c6ff8591c04b812e824f299ca264d049ba321e17ea14e4792249	a1417fc376d7c6ff8591c04b812e824f299ca264d049ba321e17ea14e4792249	master_RVT-CRISPR_merged_oriented.jsonl	126120002	31285	25941	28226	-
PM_RVT-CRISPR_4	m09	RVT-CRISPR	CAINYX010001152.1:2143-4431:+	d399b5890b460e2d368b23a40b3f5347d556293096144ce46f6f0da38aac2555	3796d9f6768d652743aef39e1103ddca85cd196c5d65247bcfdbbe1d1192f9e5	master_RVT-CRISPR_merged_oriented.jsonl	174931494	8648	2143	4431	+
PM_RVT-CRISPR_4	m10	RVT-CRISPR	DAHYSO010000037.1:16385-18673:+	98f76895a6c2b4211ef42bff7d3df8d8a9947fd5e21819b4c02cad27fd1e20a5	98f76895a6c2b4211ef42bff7d3df8d8a9947fd5e21819b4c02cad27fd1e20a5	master_RVT-CRISPR_merged_oriented.jsonl	75296177	21333	16385	18673	+
PM_RVT-CRISPR_4	m11	RVT-CRISPR	CAYONE010000017.1:22761-25034:-	65f2d75775723c3f4fc55541e6c2cb35235403cef91bec48d234848dc2193449	65f2d75775723c3f4fc55541e6c2cb35235403cef91bec48d234848dc2193449	master_RVT-CRISPR_merged_oriented.jsonl	122715626	32295	22761	25034	-
PM_RVT-CRISPR_5	m00	RVT-CRISPR	JJQJ01000225.1:10884-12008:-	b91c9a8058bba66b3c6c2c58e87992eacb7816c733b3cad02bdaffb4b425827b	083e1378a359fb5bd59e1d6c2079bf4ed62f14af750307ebea161a90e46e1422	master_RVT-CRISPR_merged_oriented.jsonl	93118135	29259	10884	12008	-
PM_RVT-CRISPR_5	m01	RVT-CRISPR	3300027276.a:Ga0208297_1000515:18303-19433:+	38077ce9e2cef2388af995fc0cadce03eecaa15c0679794fabf99133c36a0e1e	38077ce9e2cef2388af995fc0cadce03eecaa15c0679794fabf99133c36a0e1e	master_RVT-CRISPR_merged_oriented.jsonl	211389622	32300	18303	19433	+
PM_RVT-CRISPR_5	m02	RVT-CRISPR	CP009516.1:2391283-2392416:-	e61e14f148ea2bb288cfea8128c5566b869115f8167a2ae884a7caffdcdb0a29	e61e14f148ea2bb288cfea8128c5566b869115f8167a2ae884a7caffdcdb0a29	master_RVT-CRISPR_merged_oriented.jsonl	849639	30901	2391283	2392416	-
PM_RVT-CRISPR_5	m03	RVT-CRISPR	QENI01000162.1:501-1733:-	e03db6c006441271632f5e2175b19fad418a1314c53822b674fd0150f6699cc8	e03db6c006441271632f5e2175b19fad418a1314c53822b674fd0150f6699cc8	master_RVT-CRISPR_merged_oriented.jsonl	93960006	12011	501	1733	-
PM_RVT-CRISPR_5	m04	RVT-CRISPR	CP009504.1:2073346-2074551:-	9c286790fccbf4619545643f4aa64248c7651ee2039169885c01604c91672296	9c286790fccbf4619545643f4aa64248c7651ee2039169885c01604c91672296	master_RVT-CRISPR_merged_oriented.jsonl	416090	34022	2073346	2074551	-
PM_RVT-CRISPR_5	m05	RVT-CRISPR	JAUWQD010000047.1:12836-14068:-	4107aa89c886e56d7c4f57ce6e189615895c030b9765a3741fc4e0c8934e2ba7	4107aa89c886e56d7c4f57ce6e189615895c030b9765a3741fc4e0c8934e2ba7	master_RVT-CRISPR_merged_oriented.jsonl	94433306	24192	12836	14068	-
PM_RVT-CRISPR_5	m06	RVT-CRISPR	LZPK01000234.1:4673-5731:+	6100c5fe915edaca467db06d65cfe39a76004655786c3d93141a5cf684d027c7	6100c5fe915edaca467db06d65cfe39a76004655786c3d93141a5cf684d027c7	master_RVT-CRISPR_merged_oriented.jsonl	94262158	24061	4673	5731	+
PM_RVT-CRISPR_5	m07	RVT-CRISPR	CP009508.1:2767107-2768339:-	821864f5bed044806654de39fa253b05b5c5404f41e9aa76c71e88ff784e4422	821864f5bed044806654de39fa253b05b5c5404f41e9aa76c71e88ff784e4422	master_RVT-CRISPR_merged_oriented.jsonl	671168	33253	2767107	2768339	-
PM_RVT-CRISPR_5	m08	RVT-CRISPR	CAVSHT010000011.1:158492-159586:-	b96c66028bfa1d9e364c9ae13926a516f9da4a7d9c1e38504bcda5692747b503	b96c66028bfa1d9e364c9ae13926a516f9da4a7d9c1e38504bcda5692747b503	master_RVT-CRISPR_merged_oriented.jsonl	94372825	28465	158492	159586	-
PM_RVT-CRISPR_5	m09	RVT-CRISPR	WJBJ01000019.1:192603-193697:+	031d3d0ed0f3b882c63dbbbe0eb40308c74bd71081006db293e21b5fa623fba8	031d3d0ed0f3b882c63dbbbe0eb40308c74bd71081006db293e21b5fa623fba8	master_RVT-CRISPR_merged_oriented.jsonl	93972018	29923	192603	193697	+
PM_RVT-CRISPR_5	m10	RVT-CRISPR	CP009507.1:2260371-2261609:-	49ec01c1e70b43d43f4a0bf1152435808038c5eb0867ce1f55bb44a2dc18cb05	49ec01c1e70b43d43f4a0bf1152435808038c5eb0867ce1f55bb44a2dc18cb05	master_RVT-CRISPR_merged_oriented.jsonl	638806	32361	2260371	2261609	-
PM_RVT-CRISPR_5	m11	RVT-CRISPR	CP187260.1:509056-510291:+	294b0d98fb7603e9e34c5ec2749e2d71675419273f44082565dc027df5dea310	294b0d98fb7603e9e34c5ec2749e2d71675419273f44082565dc027df5dea310	master_RVT-CRISPR_merged_oriented.jsonl	93829753	26394	509056	510291	+
PM_RVT-CRISPR_5	m12	RVT-CRISPR	JASGVX010000061.1:32924-34129:+	71f2ac7066d8ae1cea0f616d9039012e741a6c626d32f08e4d814f1ef463ae06	71f2ac7066d8ae1cea0f616d9039012e741a6c626d32f08e4d814f1ef463ae06	master_RVT-CRISPR_merged_oriented.jsonl	94413297	20008	32924	34129	+
PM_RVT-CRISPR_5	m13	RVT-CRISPR	CP009506.1:2337490-2338704:-	a50b2d838777f2ac440fa7f1b74b88f09bc0b93b6573a0c8494be5e5f5f60784	a50b2d838777f2ac440fa7f1b74b88f09bc0b93b6573a0c8494be5e5f5f60784	master_RVT-CRISPR_merged_oriented.jsonl	605646	33159	2337490	2338704	-
PM_RVT-CRISPR_5	m14	RVT-CRISPR	MDTP02000037.1:13052-14215:-	25352cad9b15ab99f89ffb57c3525a63dadadb53061480ca86fb4575089b3f10	25352cad9b15ab99f89ffb57c3525a63dadadb53061480ca86fb4575089b3f10	master_RVT-CRISPR_merged_oriented.jsonl	94234261	27896	13052	14215	-
PM_RVT-CRISPR_5	m15	RVT-CRISPR	CP009505.1:3719863-3721179:-	8f0afd9dc3840ace56b2aaca67b14dbb3deea8b51b2ef062258bf50ee20f9f8c	8f0afd9dc3840ace56b2aaca67b14dbb3deea8b51b2ef062258bf50ee20f9f8c	master_RVT-CRISPR_merged_oriented.jsonl	511014	35202	3719863	3721179	-
PM_RVT-CRISPR_6	m00	RVT-CRISPR	JAXGYZ010000016.1:46746-47585:-	dcfe349d0703c5e47ef3275bea3e33e3c9d97a010a574e84baf01588d8f93764	dcfe349d0703c5e47ef3275bea3e33e3c9d97a010a574e84baf01588d8f93764	master_RVT-CRISPR_merged_oriented.jsonl	47373354	30694	46746	47585	-
PM_RVT-CRISPR_6	m01	RVT-CRISPR	3300013125.a:Ga0172369_10001318:25843-26682:+	a14f32e5c5f4257edd7d2306e2e16cc57f6dbba79ee8f627307523cb51639c8d	a14f32e5c5f4257edd7d2306e2e16cc57f6dbba79ee8f627307523cb51639c8d	master_RVT-CRISPR_merged_oriented.jsonl	212320051	32753	25843	26682	+
PM_RVT-CRISPR_6	m02	RVT-CRISPR	JAFGEY010000305.1:4878-5795:-	3aa7ed69f991adf0914a9088acba25a1c633b4982af7fafc4e8dbfe5caf608fb	3aa7ed69f991adf0914a9088acba25a1c633b4982af7fafc4e8dbfe5caf608fb	master_RVT-CRISPR_merged_oriented.jsonl	193205097	24534	4878	5795	-
PM_RVT-CRISPR_6	m03	RVT-CRISPR	JAQVCY010000240.1:1544-2434:-	0932a307050376b74bc3a45edc3a4df710dca928f1887907780989337630ff9b	0932a307050376b74bc3a45edc3a4df710dca928f1887907780989337630ff9b	master_RVT-CRISPR_merged_oriented.jsonl	74809812	13686	1544	2434	-
PM_RVT-CRISPR_6	m04	RVT-CRISPR	3300025638.a:Ga0208198_1000654:31985-32815:+	24ccf4d7958dd621ee2e3973d702263c1ec37465aff62697cf590e5d099784be	24ccf4d7958dd621ee2e3973d702263c1ec37465aff62697cf590e5d099784be	master_RVT-CRISPR_merged_oriented.jsonl	210354293	24811	31985	32815	+
PM_RVT-CRISPR_6	m05	RVT-CRISPR	DAOTXN010000147.1:42486-43346:+	f96b6849df5040498cbcb06a6931a522e221e8736a9e8f64e2b56f5fac3fe71b	f96b6849df5040498cbcb06a6931a522e221e8736a9e8f64e2b56f5fac3fe71b	master_RVT-CRISPR_merged_oriented.jsonl	64387358	21836	42486	43346	+
PM_RVT-CRISPR_6	m06	RVT-CRISPR	CAYYTK010000045.1:5031-5876:-	4331a77072b7bef56fe005493bea281daa05f0ade99890ce14e2a645ab7325c2	4331a77072b7bef56fe005493bea281daa05f0ade99890ce14e2a645ab7325c2	master_RVT-CRISPR_merged_oriented.jsonl	122149779	24177	5031	5876	-
PM_RVT-CRISPR_6	m07	RVT-CRISPR	JAKPOI010000329.1:39006-39854:+	6f84f14018150840bb39e860ca2fa38c7112a95ac732c6c1ca1e3fdf5030866e	6f84f14018150840bb39e860ca2fa38c7112a95ac732c6c1ca1e3fdf5030866e	master_RVT-CRISPR_merged_oriented.jsonl	188763844	26671	39006	39854	+
PM_RVT-CRISPR_6	m08	RVT-CRISPR	JBBIOY010000285.1:1599-2447:-	03aa4ed069ea3aac3eee5ce2f8085397b25c1f42d1522b48b3d1739e2d0be070	03aa4ed069ea3aac3eee5ce2f8085397b25c1f42d1522b48b3d1739e2d0be070	master_RVT-CRISPR_merged_oriented.jsonl	49808259	11409	1599	2447	-
PM_RVT-CRISPR_6	m09	RVT-CRISPR	CAZKEF010000030.1:12947-13789:-	ad84e0ba23f1db498236c8a28efe4a902371b9607a3ba4729671d6b5ca0b4051	ad84e0ba23f1db498236c8a28efe4a902371b9607a3ba4729671d6b5ca0b4051	master_RVT-CRISPR_merged_oriented.jsonl	122355064	30123	12947	13789	-
PM_RVT-CRISPR_6	m10	RVT-CRISPR	JAFGFI010000468.1:14175-15017:+	dbdacb8decfe263d6cc13205414607397e49a515a0c87c016eeab807bb345d28	dbdacb8decfe263d6cc13205414607397e49a515a0c87c016eeab807bb345d28	master_RVT-CRISPR_merged_oriented.jsonl	74533492	31503	14175	15017	+
PM_RVT-CRISPR_6	m11	RVT-CRISPR	JAFGFB010000105.1:8555-9385:+	8fd249b6a827a67b8745c8a5da3212f7d8cf2b8d7592b1b89b0856f4969d51bc	8fd249b6a827a67b8745c8a5da3212f7d8cf2b8d7592b1b89b0856f4969d51bc	master_RVT-CRISPR_merged_oriented.jsonl	69523014	21473	8555	9385	+
PM_RVT-CRISPR_7	m00	RVT-CRISPR	NRRQ01000061.1:4488-5339:+	9f093d4d1a32921b50b0cab1f34bb440e5addd3d5b3108e6704d237647db1967	9f093d4d1a32921b50b0cab1f34bb440e5addd3d5b3108e6704d237647db1967	master_RVT-CRISPR_merged_oriented.jsonl	40234043	10578	4488	5339	+
PM_RVT-CRISPR_7	m01	RVT-CRISPR	3300013123.a:Ga0172368_10004281:2644-3492:-	48b33e7d55285db68b1ba63ea4ec21e4a461ca503264b8e9b3aab9f7d31f52e5	48b33e7d55285db68b1ba63ea4ec21e4a461ca503264b8e9b3aab9f7d31f52e5	master_RVT-CRISPR_merged_oriented.jsonl	212260239	22888	2644	3492	-
PM_RVT-CRISPR_7	m02	RVT-CRISPR	JANQGF010000022.1:2010-2858:+	e6349578e6908a6bb3da61e50b43c741123fc6e8f7afcc638f652ab6c758976a	e6349578e6908a6bb3da61e50b43c741123fc6e8f7afcc638f652ab6c758976a	master_RVT-CRISPR_merged_oriented.jsonl	34629535	17806	2010	2858	+
PM_RVT-CRISPR_7	m03	RVT-CRISPR	CAYVUE010000076.1:4047-4895:+	fce62d15bf6376c2fceebc169271874bfb42af1121c5222068ac7d1b4fe6516a	fce62d15bf6376c2fceebc169271874bfb42af1121c5222068ac7d1b4fe6516a	master_RVT-CRISPR_merged_oriented.jsonl	120845938	14845	4047	4895	+
PM_RVT-CRISPR_7	m04	RVT-CRISPR	CAIVXW010000358.1:3178-4026:+	f461f92eaed73d909567facea9a2e25e15f819c00ae30e5e4cc9b82931122218	f461f92eaed73d909567facea9a2e25e15f819c00ae30e5e4cc9b82931122218	master_RVT-CRISPR_merged_oriented.jsonl	55536520	9212	3178	4026	+
PM_RVT-CRISPR_7	m05	RVT-CRISPR	NRRY01000033.1:17356-18204:+	cfd8164acecc93dc1531ccd3e64384e2a728fb53899b7c2a1213d07b9a3728fe	cfd8164acecc93dc1531ccd3e64384e2a728fb53899b7c2a1213d07b9a3728fe	master_RVT-CRISPR_merged_oriented.jsonl	31339639	33339	17356	18204	+
PM_RVT-CRISPR_8	m00	RVT-CRISPR	DASRCS010000194.1:2828-4258:-	c55c86b74c836c4a7a5ac0f3c5eda78b9d533abbb6b8c2dac125076f15ad333f	c55c86b74c836c4a7a5ac0f3c5eda78b9d533abbb6b8c2dac125076f15ad333f	master_RVT-CRISPR_merged_oriented.jsonl	65479396	13593	2828	4258	-
PM_RVT-CRISPR_8	m01	RVT-CRISPR	JACQZQ010000062.1:373-1800:-	4c9be83f69d4195e9a3429740c6905c372ae0172bb13dfd7f6d2e9edd1f1ed7a	4c9be83f69d4195e9a3429740c6905c372ae0172bb13dfd7f6d2e9edd1f1ed7a	master_RVT-CRISPR_merged_oriented.jsonl	75783918	18587	373	1800	-
PM_RVT-CRISPR_8	m02	RVT-CRISPR	JACOSD010000405.1:3077-4522:-	252890c879d878c86fb34043a3df4709c9a7794d91ad00f4572ee9ff6eb3e359	252890c879d878c86fb34043a3df4709c9a7794d91ad00f4572ee9ff6eb3e359	master_RVT-CRISPR_merged_oriented.jsonl	74510781	22710	3077	4522	-
PM_RVT-CRISPR_8	m03	RVT-CRISPR	JAEUQN010000250.1:3007-4377:-	66793c20eed5b731c225060d0533ff83c2b1186eb4acf150bf2ab14d8f468a96	66793c20eed5b731c225060d0533ff83c2b1186eb4acf150bf2ab14d8f468a96	master_RVT-CRISPR_merged_oriented.jsonl	79176863	13704	3007	4377	-
PM_RVT-CRISPR_8	m04	RVT-CRISPR	JAEUQO010000285.1:44851-46281:+	fc26e77eb7f20744fe37d1e99e3c0367d5c5503a06b18d88a187f62f5e02217d	fc26e77eb7f20744fe37d1e99e3c0367d5c5503a06b18d88a187f62f5e02217d	master_RVT-CRISPR_merged_oriented.jsonl	56534009	25463	44851	46281	+
PM_RVT-CRISPR_8	m05	RVT-CRISPR	JAXLQP010000010.1:54384-55799:+	2b576578873090b56a4413b9d37143f732f458386e7a7bce2665756d413d3cfa	2b576578873090b56a4413b9d37143f732f458386e7a7bce2665756d413d3cfa	master_RVT-CRISPR_merged_oriented.jsonl	194612197	29418	54384	55799	+
PM_RVT-CRISPR_8	m06	RVT-CRISPR	CP065005.1:5615539-5616954:+	e057170fc670ecaa433bef185c1ccca8b7af267694882b20d4a34a9708d62a05	00959f71c7528cc2b47784e55c4b4bea3cf97c75e9842de673c55af02a225280	master_RVT-CRISPR_merged_oriented.jsonl	61211516	28400	5615539	5616954	+
PM_RVT-CRISPR_8	m07	RVT-CRISPR	JANRKX010000089.1:47549-48946:+	3222cda7aff1ac6677a310c4417b6b5d5ec0012793222ac5436aa054bce6541b	3222cda7aff1ac6677a310c4417b6b5d5ec0012793222ac5436aa054bce6541b	master_RVT-CRISPR_merged_oriented.jsonl	60318646	23835	47549	48946	+
PM_RVT-CRISPR_8	m08	RVT-CRISPR	JAYSTY010000308.1:3422-4777:+	5bc90e79f5365746dc5b3fe74da6fe14fe8328a43776dbe2b0b0e2f23f8d59f8	5bc90e79f5365746dc5b3fe74da6fe14fe8328a43776dbe2b0b0e2f23f8d59f8	master_RVT-CRISPR_merged_oriented.jsonl	194504672	12437	3422	4777	+
PM_RVT-CRISPR_8	m09	RVT-CRISPR	CAZHXL010000108.1:1592-3010:-	085db522bc81d03f5c4a71219d16db38094205f8db525827a6aaff60848b80e6	085db522bc81d03f5c4a71219d16db38094205f8db525827a6aaff60848b80e6	master_RVT-CRISPR_merged_oriented.jsonl	112210585	21641	1592	3010	-
PM_RVT-CRISPR_8	m10	RVT-CRISPR	CAZLYK010000194.1:3333-4619:-	25f38712a0da781b2ce5acac5b755c5190a22f806ac2fea0497174f4b6e0c60a	25f38712a0da781b2ce5acac5b755c5190a22f806ac2fea0497174f4b6e0c60a	master_RVT-CRISPR_merged_oriented.jsonl	125294834	14506	3333	4619	-
PM_RVT-CRISPR_8	m11	RVT-CRISPR	CAZXHW010000541.1:2328-3749:+	03664cd38e7ead1c7cf680ec4dd06102dffdff3e8e696a8c78c33fa7e60cf041	03664cd38e7ead1c7cf680ec4dd06102dffdff3e8e696a8c78c33fa7e60cf041	master_RVT-CRISPR_merged_oriented.jsonl	139314137	12227	2328	3749	+
PM_RVT-CRISPR-like_1	m00	RVT-CRISPR-like	CAIZML010000739.1:89-688:-	73292994a4a5b0cae67c196c4d317bd524f20fa7de3961a4189d1e58f5f0d15f	73292994a4a5b0cae67c196c4d317bd524f20fa7de3961a4189d1e58f5f0d15f	master_RVT-CRISPR-like_merged_oriented.jsonl	108038106	6388	89	688	-
PM_RVT-CRISPR-like_1	m01	RVT-CRISPR-like	JBGSMY010000342.1:11075-11740:-	cb28e073a318884384886fdcd323cf8837d2439a56beb98908a75635047f670e	cb28e073a318884384886fdcd323cf8837d2439a56beb98908a75635047f670e	master_RVT-CRISPR-like_merged_oriented.jsonl	127689824	33700	11075	11740	-
PM_RVT-CRISPR-like_1	m02	RVT-CRISPR-like	JAXGXG010000002.1:183260-183799:+	3184bb903ef24de64d9f2314e9430ff02219dc87b75e4a82bab587240bb1128b	3184bb903ef24de64d9f2314e9430ff02219dc87b75e4a82bab587240bb1128b	master_RVT-CRISPR-like_merged_oriented.jsonl	3425217	35877	183260	183799	+
PM_RVT-CRISPR-like_1	m03	RVT-CRISPR-like	JAPOLP010000024.1:4856-5545:+	804fdc1850cbc07ad88ff988c96fc6f1ab74112c02ba7e515b52ca3df741d85f	804fdc1850cbc07ad88ff988c96fc6f1ab74112c02ba7e515b52ca3df741d85f	master_RVT-CRISPR-like_merged_oriented.jsonl	32727831	23803	4856	5545	+
PM_RVT-CRISPR-like_1	m04	RVT-CRISPR-like	CANJTE010000040.1:3351-3935:+	a9d98b2dca42a2a1fdc1124df296d9e0b86f03acd05f0610df8f2d57f4e708d8	a9d98b2dca42a2a1fdc1124df296d9e0b86f03acd05f0610df8f2d57f4e708d8	master_RVT-CRISPR-like_merged_oriented.jsonl	114602484	8501	3351	3935	+
PM_RVT-CRISPR-like_1	m05	RVT-CRISPR-like	JBKQNN010000248.1:2927-3646:+	bd1eb31795be94abae9b940357bff9eafd7ea34903b3aafb62c6d9e187408ddc	bd1eb31795be94abae9b940357bff9eafd7ea34903b3aafb62c6d9e187408ddc	master_RVT-CRISPR-like_merged_oriented.jsonl	127773381	6693	2927	3646	+
PM_RVT-CRISPR-like_1	m06	RVT-CRISPR-like	MGYG000499370_6:27132-27707:-	1d1119985758fc03a69942347db48c6bbe28acefc0af43dd4fd37188f0186e73	1d1119985758fc03a69942347db48c6bbe28acefc0af43dd4fd37188f0186e73	master_RVT-CRISPR-like_merged_oriented.jsonl	44704838	31749	27132	27707	-
PM_RVT-CRISPR-like_1	m07	RVT-CRISPR-like	MGYG000498388_11:80841-81389:+	e3687d4e4715f6426ef7afc54200868befae3c80a1f1d6c8fc556038f1e9c82b	e3687d4e4715f6426ef7afc54200868befae3c80a1f1d6c8fc556038f1e9c82b	master_RVT-CRISPR-like_merged_oriented.jsonl	44514173	33089	80841	81389	+
PM_RVT-CRISPR-like_1	m08	RVT-CRISPR-like	MGYG000498388_14:192995-193624:-	c341782cfdda8068d508859e95e1d83ffc2f8c0437d343735a2237256bd60370	c341782cfdda8068d508859e95e1d83ffc2f8c0437d343735a2237256bd60370	master_RVT-CRISPR-like_merged_oriented.jsonl	44582169	30907	192995	193624	-
PM_RVT-CRISPR-like_1	m09	RVT-CRISPR-like	PNOL01000101.1:3787-4458:+	3843222b0a02b7f2fd690bb61f6bfebd88458d62479acf7b0cbe2f1fa47ebd5b	3843222b0a02b7f2fd690bb61f6bfebd88458d62479acf7b0cbe2f1fa47ebd5b	master_RVT-CRISPR-like_merged_oriented.jsonl	114012350	8618	3787	4458	+
PM_RVT-CRISPR-like_1	m10	RVT-CRISPR-like	JANOIX010001669.1:3937-4587:+	eafa48adf04abe50d123297e05c596e333bff121cfcd48c483c97effe0121ff9	eafa48adf04abe50d123297e05c596e333bff121cfcd48c483c97effe0121ff9	master_RVT-CRISPR-like_merged_oriented.jsonl	97693015	8416	3937	4587	+
PM_RVT-CRISPR-like_1	m11	RVT-CRISPR-like	JANOIX010000723.1:3750-4295:-	560bbd6ba7af037e8514d2d15f34123f30c0538711dfdf45918a289c41ee66c2	560bbd6ba7af037e8514d2d15f34123f30c0538711dfdf45918a289c41ee66c2	master_RVT-CRISPR-like_merged_oriented.jsonl	97701432	11950	3750	4295	-
PM_RVT-CRISPR-like_2	m00	RVT-CRISPR-like	DAWWDT010000069.1:12890-14221:-	5651b25d68cfbdd628c26290e6a44494bd24f62bdf68beddc00bf07579d389de	08db9b2b53e10927f0633c90952e928c01dbd26019e14ccd895dc386455c016d	master_RVT-CRISPR-like_merged_oriented.jsonl	72789883	31672	12890	14221	-
PM_RVT-CRISPR-like_2	m01	RVT-CRISPR-like	CP187453.1:3164887-3166221:-	5753f89bf7005b70e29d3662c4ef0fa17b6f66d2614297110c135457af6028c5	18c9d12c5192047db6239472d2ee9c7d01f4dc650b18970c1efaf8b7ea0ea991	master_RVT-CRISPR-like_merged_oriented.jsonl	47856334	35659	3164887	3166221	-
PM_RVT-CRISPR-like_2	m02	RVT-CRISPR-like	JBGVSB010000002.1:1227574-1228908:-	3986c770003f3d5ea0efc9f72c2134b89ef54950547526c10c7c72de3f46d49f	03e250a37d8f6a7400fe6cc0e46c8c38a89994d4bb1263f8402c82c63d73fa1a	master_RVT-CRISPR-like_merged_oriented.jsonl	133158834	33792	1227574	1228908	-
PM_RVT-CRISPR-like_2	m03	RVT-CRISPR-like	JBSXPP010000032.1:10864-12198:-	7c75e9a03bac81b4dd2942a10537657ba852ccb326c407c024041f9e19f95ca5	7c75e9a03bac81b4dd2942a10537657ba852ccb326c407c024041f9e19f95ca5	master_RVT-CRISPR-like_merged_oriented.jsonl	97925092	32693	10864	12198	-
PM_RVT-CRISPR-like_2	m04	RVT-CRISPR-like	JBITCD010000001.1:921877-923211:-	3ccca7986dcce48316e045af8b2cea6ae005b30edc711c2323182437d679a7b4	3ccca7986dcce48316e045af8b2cea6ae005b30edc711c2323182437d679a7b4	master_RVT-CRISPR-like_merged_oriented.jsonl	97546489	29202	921877	923211	-
PM_RVT-CRISPR-like_2	m05	RVT-CRISPR-like	JAJNPT010000268.1:10660-12033:-	95acac2a27ec87f137e5a391e339dce89ae10d80ae0e2ab840c309e12f8b1161	c8df1cd6ab455886f5a6453c347e5e02fd79af54a74e405292f6ad8386b7f869	master_RVT-CRISPR-like_merged_oriented.jsonl	24775023	23323	10660	12033	-
PM_RVT-CRISPR-like_2	m06	RVT-CRISPR-like	CAIZLV010000483.1:1958-3295:+	dc78c5191a7d74035f205f1c1d869111135ebfbe1939229cb90b33f236459945	36f6df53904d2dac7e1024b1b6e2a4daae791be54002530abfdddebf92396879	master_RVT-CRISPR-like_merged_oriented.jsonl	106088804	6682	1958	3295	+
PM_RVT-CRISPR-like_2	m07	RVT-CRISPR-like	NVQF01000090.1:9111-10442:+	00c70dd8ae7f8f1bfe202b5757d3d18482963d5b0be156decc21e046fb5d7650	00c70dd8ae7f8f1bfe202b5757d3d18482963d5b0be156decc21e046fb5d7650	master_RVT-CRISPR-like_merged_oriented.jsonl	16891769	30014	9111	10442	+
PM_RVT-CRISPR-like_2	m08	RVT-CRISPR-like	CAWFMX010000026.1:277045-278397:+	6b4484db4f86236f0620c8facd7eab9577546212eb4000883db86cd8778ab6d0	749546a8280caa6e87f36580229faf28bcd1c8b1b8d89c08e7d869a01c1a98fc	master_RVT-CRISPR-like_merged_oriented.jsonl	131713862	33780	277045	278397	+
PM_RVT-CRISPR-like_2	m09	RVT-CRISPR-like	CAWIIR010000010.1:227432-228778:-	9aa19cf3dbd3b89acbef1cbcfc9f360a987bda3e4268a024c9d1f05565e08ba9	2a57f62fad1fdda1be24de32fdf9677fee4f094bd54eb41ba284c3d2b2d773f2	master_RVT-CRISPR-like_merged_oriented.jsonl	131747643	31466	227432	228778	-
PM_RVT-CRISPR-like_2	m10	RVT-CRISPR-like	DAIRST010000131.1:6927-8264:+	9b2d845cd998a6909e881221507efa8947ae62c1699b24e2169afb279f42d4f5	9b2d845cd998a6909e881221507efa8947ae62c1699b24e2169afb279f42d4f5	master_RVT-CRISPR-like_merged_oriented.jsonl	24139836	12936	6927	8264	+
PM_RVT-CRISPR-like_2	m11	RVT-CRISPR-like	JYNL01000008.1:103055-104383:+	17218f26b3a5d0d528460551643f0442f5824c644384cfc88ed143eac1dbd02a	17218f26b3a5d0d528460551643f0442f5824c644384cfc88ed143eac1dbd02a	master_RVT-CRISPR-like_merged_oriented.jsonl	83823413	30857	103055	104383	+
PM_RVT-CRISPR-like_2	m12	RVT-CRISPR-like	JBGAME010000009.1:75372-76712:+	59bc5224e8569856c562dafff3424df88ecdab4f6a629cd8f38c9ba1f074f4ab	59bc5224e8569856c562dafff3424df88ecdab4f6a629cd8f38c9ba1f074f4ab	master_RVT-CRISPR-like_merged_oriented.jsonl	103583466	33470	75372	76712	+
PM_RVT-CRISPR-like_2	m13	RVT-CRISPR-like	JAHZJP010000021.1:17907-19238:+	345486e86e867464f4a7ca931f0c6b51367e6ffeb56593260c2972bfc35d9838	ca64b6e5bea8303d54b1742457fb2cc62db5cd7b118696b4cfaa025dacdb321c	master_RVT-CRISPR-like_merged_oriented.jsonl	30933561	24831	17907	19238	+
PM_RVT-CRISPR-like_2	m14	RVT-CRISPR-like	JBFARC010000001.1:1114170-1115504:+	822f1cffb010c103a0c91e97feb0aeb7d0ed06a94d3d5f068d85a5655886d229	214b6271694055efbaf834a75bd42fcf0f2a94cf60e3eea623091f430a4cd9a1	master_RVT-CRISPR-like_merged_oriented.jsonl	97105513	33491	1114170	1115504	+
PM_RVT-CRISPR-like_2	m15	RVT-CRISPR-like	JAUPLT010000190.1:4407-5738:+	2d1f2376317c97520f83c3e1ae512fc9dea2a026659aa4258e42c69682711eaf	2d1f2376317c97520f83c3e1ae512fc9dea2a026659aa4258e42c69682711eaf	master_RVT-CRISPR-like_merged_oriented.jsonl	129511175	11488	4407	5738	+
PM_RVT-CRISPR-like_2	m16	RVT-CRISPR-like	LQIT01000004.1:159573-160907:+	ebf7bb50aed88539cebc1a051dd24d83e6675b29780cf22912ce3bd41d4e75a9	f02effafe6bae2347a012bdcd43978133c8181f50db9470b8a4c948095e557e3	master_RVT-CRISPR-like_merged_oriented.jsonl	4054706	18048	159573	160907	+
PM_RVT-CRISPR-like_2	m17	RVT-CRISPR-like	CAZJNX010000068.1:10414-11769:+	27fa0cadd202c42a509bb0948555a4d54d0d2a413405c6b37c8fbfb267e9679a	27fa0cadd202c42a509bb0948555a4d54d0d2a413405c6b37c8fbfb267e9679a	master_RVT-CRISPR-like_merged_oriented.jsonl	86248710	31608	10414	11769	+
PM_RVT-CRISPR-like_2	m18	RVT-CRISPR-like	CAVQEF010000004.1:612611-613942:-	c09bbff8ec32d96a0e675b76a9909157f627139eb2bf3dfe4f4898ae0e7c0e05	c09bbff8ec32d96a0e675b76a9909157f627139eb2bf3dfe4f4898ae0e7c0e05	master_RVT-CRISPR-like_merged_oriented.jsonl	131405145	39629	612611	613942	-
PM_RVT-CRISPR-like_2	m19	RVT-CRISPR-like	CAZLTV010000019.1:9913-11247:+	f819c722c544f538b365abeaa726e6a5bea6575ebfdb64084bfc43673c92b50a	f819c722c544f538b365abeaa726e6a5bea6575ebfdb64084bfc43673c92b50a	master_RVT-CRISPR-like_merged_oriented.jsonl	85689156	30345	9913	11247	+
PM_RVT-CRISPR-like_3	m00	RVT-CRISPR-like	CAVVBM010000068.1:132598-134043:+	f968f7e48a60887186ec07c39d1842fc8494429bd7a1b1f1470c4a48b3ee853d	f968f7e48a60887186ec07c39d1842fc8494429bd7a1b1f1470c4a48b3ee853d	master_RVT-CRISPR-like_merged_oriented.jsonl	123535363	37704	132598	134043	+
PM_RVT-CRISPR-like_3	m01	RVT-CRISPR-like	3300025939.a:Ga0207665_10001757:11205-12671:+	0cad7877e5dacb3a0e615e692f5c136a61164eb231ad9959a6ed12a6f170b00c	0cad7877e5dacb3a0e615e692f5c136a61164eb231ad9959a6ed12a6f170b00c	master_RVT-CRISPR-like_merged_oriented.jsonl	134534425	22569	11205	12671	+
PM_RVT-CRISPR-like_3	m02	RVT-CRISPR-like	MGYG000506916_104:107808-109238:+	f174ec19a4213e4c76c76fb21d214ff60806581ff04682d8206df6c2c018f7da	f174ec19a4213e4c76c76fb21d214ff60806581ff04682d8206df6c2c018f7da	master_RVT-CRISPR-like_merged_oriented.jsonl	42699879	31772	107808	109238	+
PM_RVT-CRISPR-like_3	m03	RVT-CRISPR-like	DATGIV010000267.1:3-968:-	ae27a48bc90a7d07f10913ea2c04a4b066a247bdb089856f49abe8d6b746f779	ae27a48bc90a7d07f10913ea2c04a4b066a247bdb089856f49abe8d6b746f779	master_RVT-CRISPR-like_merged_oriented.jsonl	130546991	12922	3	968	-
PM_RVT-CRISPR-like_3	m04	RVT-CRISPR-like	JACQRQ010000282.1:3351-4286:+	bc21be89a2e406689126e1b3c4c822445df0cd0b24f63ca991544c97f117d6c0	bc21be89a2e406689126e1b3c4c822445df0cd0b24f63ca991544c97f117d6c0	master_RVT-CRISPR-like_merged_oriented.jsonl	30675762	8261	3351	4286	+
PM_RVT-CRISPR-like_3	m05	RVT-CRISPR-like	DATHMH010000038.1:35687-37111:-	a6c3b8bcab8fc9dc4eb00fdc37a7dfe8aa857e06ba79ac88aaa7a195ab6095b3	a6c3b8bcab8fc9dc4eb00fdc37a7dfe8aa857e06ba79ac88aaa7a195ab6095b3	master_RVT-CRISPR-like_merged_oriented.jsonl	35539312	32384	35687	37111	-
PM_RVT-CRISPR-like_3	m06	RVT-CRISPR-like	CAZFRV010000291.1:2-1210:-	093823b7eb7fb818268a1f18f90e4f1ebe0dfa0cf580ad533873a354ac3f06c7	093823b7eb7fb818268a1f18f90e4f1ebe0dfa0cf580ad533873a354ac3f06c7	master_RVT-CRISPR-like_merged_oriented.jsonl	108183676	11357	2	1210	-
PM_RVT-CRISPR-like_3	m07	RVT-CRISPR-like	DASREY010000084.1:6695-8119:+	f2634e47ba9a4fb9be0f7d1ba6cc4a1cc5707f5eed12bc49828c551a27c7eb3c	f2634e47ba9a4fb9be0f7d1ba6cc4a1cc5707f5eed12bc49828c551a27c7eb3c	master_RVT-CRISPR-like_merged_oriented.jsonl	32363122	27142	6695	8119	+
PM_RVT-CRISPR-like_4	m00	RVT-CRISPR-like	CAYOTM010000019.1:4911-6131:-	a37cd1d79cdf4da5df4bcb79b779a5834a6e2f24d7fcc8f271d0b0b8432796e1	a37cd1d79cdf4da5df4bcb79b779a5834a6e2f24d7fcc8f271d0b0b8432796e1	master_RVT-CRISPR-like_merged_oriented.jsonl	84290291	19881	4911	6131	-
PM_RVT-CRISPR-like_4	m01	RVT-CRISPR-like	CAZYNT010000003.1:4103-5323:+	fdfc48e21718daec7a9c636b589223814a20fd24ad834d879dd6c3eb714b292b	fdfc48e21718daec7a9c636b589223814a20fd24ad834d879dd6c3eb714b292b	master_RVT-CRISPR-like_merged_oriented.jsonl	84749600	23723	4103	5323	+
PM_RVT-CRISPR-like_4	m02	RVT-CRISPR-like	JBAZBP010000005.1:31042-32262:-	7ee0a661692fbd20872cd272e260e79a40b6a2f98e41f44000716fb52acb8a6b	7ee0a661692fbd20872cd272e260e79a40b6a2f98e41f44000716fb52acb8a6b	master_RVT-CRISPR-like_merged_oriented.jsonl	33745326	25232	31042	32262	-
PM_RVT-CRISPR-like_4	m03	RVT-CRISPR-like	CALKWQ010000023.1:298088-299296:+	c8bbf3236fd60bba702dd7034aaed9d2fca31ede341bd84cc695840466bcf3ba	c8bbf3236fd60bba702dd7034aaed9d2fca31ede341bd84cc695840466bcf3ba	master_RVT-CRISPR-like_merged_oriented.jsonl	33828140	32089	298088	299296	+
PM_RVT-CRISPR-like_4	m04	RVT-CRISPR-like	CAYPAS010000010.1:6680-7924:+	735067638250f090cb3839fa4a8834cd35276fd07f0dc6daadf593209b86e18d	735067638250f090cb3839fa4a8834cd35276fd07f0dc6daadf593209b86e18d	master_RVT-CRISPR-like_merged_oriented.jsonl	84310173	22667	6680	7924	+
PM_RVT-CRISPR-like_4	m05	RVT-CRISPR-like	CAZTUJ010000001.1:157557-158777:+	a74e9468cccf29361861c02fb9fea88fa1a6787c265108c7eb24187d6f1ed2b5	a74e9468cccf29361861c02fb9fea88fa1a6787c265108c7eb24187d6f1ed2b5	master_RVT-CRISPR-like_merged_oriented.jsonl	84680750	28979	157557	158777	+
PM_RVT-CRISPR-like_4	m06	RVT-CRISPR-like	JAQUAK010000001.1:136263-137498:+	c2fc6c12db3c671a178490462178026582b0709b15792ff85b4bdeb8526b9adc	c2fc6c12db3c671a178490462178026582b0709b15792ff85b4bdeb8526b9adc	master_RVT-CRISPR-like_merged_oriented.jsonl	33588458	29940	136263	137498	+
PM_RVT-CRISPR-like_4	m07	RVT-CRISPR-like	CAZMWR010000001.1:10291-11511:-	3c7eb090d47344c5f2e55fe10716e6c3a92d3a8be9bb87f1c18f9f7f763c191f	c80bed32ad59c29992042d16fa1f3279b818a2f13651fe5a8a51a987fd675ccc	master_RVT-CRISPR-like_merged_oriented.jsonl	84600395	28466	10291	11511	-
PM_RVT-CRISPR-like_4	m08	RVT-CRISPR-like	CAYHCB010000003.1:81334-82587:-	4876e6d0f12284a9f5e15cc1c163820029d68e8f3b1d1a1682653019cdcd91ed	4876e6d0f12284a9f5e15cc1c163820029d68e8f3b1d1a1682653019cdcd91ed	master_RVT-CRISPR-like_merged_oriented.jsonl	84215187	31617	81334	82587	-
PM_RVT-CRISPR-like_5	m00	RVT-CRISPR-like	DATEXS010000138.1:13994-16516:+	e499e0045da27c75e6e35963e549272d272c79072f94d69b689701cee02f25ab	2733e42813484673b409c928dd31349db8381cdc895a45e3c1d00185d8a78c01	master_RVT-CRISPR-like_merged_oriented.jsonl	31583492	24341	13994	16516	+
PM_RVT-CRISPR-like_5	m01	RVT-CRISPR-like	JBATUO010000035.1:2478-4952:+	e0dc8602025f2cd6f3af13a370b6d8fd91f478fe93db52b1915e68d50457eb5b	e2d5130e339bb185aa0e4e5db97d4d562459376635f36cd94c0803fa0fa4dd55	master_RVT-CRISPR-like_merged_oriented.jsonl	122123160	12931	2478	4952	+
PM_RVT-CRISPR-like_5	m02	RVT-CRISPR-like	CAZBJW010000024.1:8948-11521:-	d037ca7860d58cf2272fddfc7f43358551a7fbb6746593409ad19574ae1e610f	d037ca7860d58cf2272fddfc7f43358551a7fbb6746593409ad19574ae1e610f	master_RVT-CRISPR-like_merged_oriented.jsonl	87646590	31199	8948	11521	-
PM_RVT-CRISPR-like_5	m03	RVT-CRISPR-like	JBAVWD010000313.1:1641-4187:-	71f4acbef779a21c319cdc92ba03e3bf0e0523d05d6b1202aa0f348a0b11852a	71f4acbef779a21c319cdc92ba03e3bf0e0523d05d6b1202aa0f348a0b11852a	master_RVT-CRISPR-like_merged_oriented.jsonl	122136092	13197	1641	4187	-
PM_RVT-CRISPR-like_5	m04	RVT-CRISPR-like	CAYSSR010000006.1:109897-112419:+	a48f21c828ff6ff023b8127e81851641f0ec28a0b62fa43add92f1b37326b36e	0153a62c1b09c6b664a3e2256d6d4d14aa1987bdc36a58ceef51ab0df9b1eeaa	master_RVT-CRISPR-like_merged_oriented.jsonl	87519104	30921	109897	112419	+
PM_RVT-CRISPR-like_5	m05	RVT-CRISPR-like	DAOUME010000010.1:70803-73349:+	a6e7fa726f5cb86a2132a3290484c3adf2782fae063ff9f07b8f993b1b2516b8	a6e7fa726f5cb86a2132a3290484c3adf2782fae063ff9f07b8f993b1b2516b8	master_RVT-CRISPR-like_merged_oriented.jsonl	30980021	31740	70803	73349	+
PM_RVT-CRISPR-like_5	m06	RVT-CRISPR-like	JBASBT010000196.1:19094-21616:+	707206fc9b6ad514f7efc4a5c8ec0c2f8c5f1a7df34fb53459c98a108657d9f1	707206fc9b6ad514f7efc4a5c8ec0c2f8c5f1a7df34fb53459c98a108657d9f1	master_RVT-CRISPR-like_merged_oriented.jsonl	122092012	31147	19094	21616	+
PM_RVT-CRISPR-like_5	m07	RVT-CRISPR-like	CDMAUV010000098.1:14341-16911:+	ecfd3066602b508bc3b6e17dc4ff0c5e8071c6d0acd8d7daba59e29a1e743e1b	ecfd3066602b508bc3b6e17dc4ff0c5e8071c6d0acd8d7daba59e29a1e743e1b	master_RVT-CRISPR-like_merged_oriented.jsonl	122352579	20711	14341	16911	+
PM_RVT-CRISPR-like_6	m00	RVT-CRISPR-like	CBDCPT010000003.1:309158-309778:-	5a76a380bc27e4716c73c9eb7ab85eb60ef34a9adcb2b1462d9e9d98b216eb18	5a76a380bc27e4716c73c9eb7ab85eb60ef34a9adcb2b1462d9e9d98b216eb18	master_RVT-CRISPR-like_merged_oriented.jsonl	130163094	35809	309158	309778	-
PM_RVT-CRISPR-like_6	m01	RVT-CRISPR-like	MGYG000497321_6:184307-184930:+	57983f35e978852c7755290182a5120ce7962d4509bb892366cf03aa83d78f93	57983f35e978852c7755290182a5120ce7962d4509bb892366cf03aa83d78f93	master_RVT-CRISPR-like_merged_oriented.jsonl	43207747	32152	184307	184930	+
PM_RVT-CRISPR-like_6	m02	RVT-CRISPR-like	CAWFRJ010000014.1:60286-60903:-	3de38cf0184044fccc3a7beb9928937212d8bd46111336c1c0488ad43cd63c28	3de38cf0184044fccc3a7beb9928937212d8bd46111336c1c0488ad43cd63c28	master_RVT-CRISPR-like_merged_oriented.jsonl	105219135	23576	60286	60903	-
PM_RVT-CRISPR-like_6	m03	RVT-CRISPR-like	CAVXLN010000014.1:3853-4485:+	8f43ad40bfb68157b6691de0fb896665891eefbc4e9094c7a9f16546eee592e4	8f43ad40bfb68157b6691de0fb896665891eefbc4e9094c7a9f16546eee592e4	master_RVT-CRISPR-like_merged_oriented.jsonl	105392643	22754	3853	4485	+
PM_RVT-CRISPR-like_6	m04	RVT-CRISPR-like	MGYG000492126_31:32105-32593:+	8923efc0a6c016a8b8d27046eaffa868ed7d091a6b1ae5b3e6a1a836b4f8f5c3	8923efc0a6c016a8b8d27046eaffa868ed7d091a6b1ae5b3e6a1a836b4f8f5c3	master_RVT-CRISPR-like_merged_oriented.jsonl	44238451	34456	32105	32593	+
PM_RVT-CRISPR-like_6	m05	RVT-CRISPR-like	JBAUXA010000161.1:44492-45130:-	e5e75fb93c86d99bf416c465199d3f9cabfd6c7390a1514dadb928a6b5690442	e5e75fb93c86d99bf416c465199d3f9cabfd6c7390a1514dadb928a6b5690442	master_RVT-CRISPR-like_merged_oriented.jsonl	128053963	32220	44492	45130	-
PM_RVT-CRISPR-like_6	m06	RVT-CRISPR-like	DASPXF010000272.1:1-570:-	c5780d939cabf4fe3ca5a9bf4f717d6aeaecd892ab150808d98fe485693c0333	c5780d939cabf4fe3ca5a9bf4f717d6aeaecd892ab150808d98fe485693c0333	master_RVT-CRISPR-like_merged_oriented.jsonl	124852012	5592	1	570	-
PM_RVT-CRISPR-like_6	m07	RVT-CRISPR-like	CAWCQV010000027.1:27288-27968:-	6d878ac60dc456b69280b1db53896cdbd20d5731426e0070cc10ea1f210ed805	6d878ac60dc456b69280b1db53896cdbd20d5731426e0070cc10ea1f210ed805	master_RVT-CRISPR-like_merged_oriented.jsonl	105466406	32601	27288	27968	-
PM_RVT-CRISPR-like_6	m08	RVT-CRISPR-like	OZ244777.1:1450418-1450999:-	6785d58d0aed313c170e541e0c68291569aaba9c0529ae3ae00ff301a4e2b9ac	6785d58d0aed313c170e541e0c68291569aaba9c0529ae3ae00ff301a4e2b9ac	master_RVT-CRISPR-like_merged_oriented.jsonl	48265566	33807	1450418	1450999	-
PM_RVT-CRISPR-like_6	m09	RVT-CRISPR-like	DAIDJE010000045.1:5820-6512:+	942c163c37bee157cbd544080fb27ab04aa199afdae49bcb0b63e58ad662e7c1	942c163c37bee157cbd544080fb27ab04aa199afdae49bcb0b63e58ad662e7c1	master_RVT-CRISPR-like_merged_oriented.jsonl	26184833	12352	5820	6512	+
PM_RVT-CRISPR-like_6	m10	RVT-CRISPR-like	MGYG000492693_9:8447-9070:+	56fbfefe799fabe03e41594bcceb58bad7bacf9b200c78ae6f0217af64d3b570	56fbfefe799fabe03e41594bcceb58bad7bacf9b200c78ae6f0217af64d3b570	master_RVT-CRISPR-like_merged_oriented.jsonl	43827342	31288	8447	9070	+
PM_RVT-CRISPR-like_6	m11	RVT-CRISPR-like	LJUC01000056.1:11426-12097:-	fcb0331b3cd200a055a4d74c843af2d8c01704c50d61ee277adc17b948fede67	fcb0331b3cd200a055a4d74c843af2d8c01704c50d61ee277adc17b948fede67	master_RVT-CRISPR-like_merged_oriented.jsonl	32584284	22733	11426	12097	-
PM_RVT-CRISPR-like_6	m12	RVT-CRISPR-like	CAWFUH010000017.1:519932-520576:+	c2cdb49f86f8b894966f91eb155a89717155dd7c6e7c06e09ecc4095059cfc83	c2cdb49f86f8b894966f91eb155a89717155dd7c6e7c06e09ecc4095059cfc83	master_RVT-CRISPR-like_merged_oriented.jsonl	120401618	30669	519932	520576	+
PM_RVT-CRISPR-like_7	m00	RVT-CRISPR-like	CANMRX010000011.1:99969-101384:+	636708fca2c9a0bd7280d00922afea294d88ff65090032089d438224402d3b3e	636708fca2c9a0bd7280d00922afea294d88ff65090032089d438224402d3b3e	master_RVT-CRISPR-like_merged_oriented.jsonl	5681275	36815	99969	101384	+
PM_RVT-CRISPR-like_7	m01	RVT-CRISPR-like	FNNP01000001.1:123354-124736:-	5ff2cffacf3aae3bc18f578a481b16a4627a245a0d5fa4033e2c1b3fe6aaa638	5ff2cffacf3aae3bc18f578a481b16a4627a245a0d5fa4033e2c1b3fe6aaa638	master_RVT-CRISPR-like_merged_oriented.jsonl	10451925	33576	123354	124736	-
PM_RVT-CRISPR-like_7	m02	RVT-CRISPR-like	WQJA01000005.1:444390-445769:+	d17890576be44c3a07ca5bf3578d3b5535204fe80adac3c36beb1fc07edd26e7	d17890576be44c3a07ca5bf3578d3b5535204fe80adac3c36beb1fc07edd26e7	master_RVT-CRISPR-like_merged_oriented.jsonl	110893555	32171	444390	445769	+
PM_RVT-CRISPR-like_7	m03	RVT-CRISPR-like	WQHR01000001.1:1962597-1963733:+	a3b4286b8923a75c4a6b956d61409bf22bb139f47d8f3284e0670059a240518a	a3b4286b8923a75c4a6b956d61409bf22bb139f47d8f3284e0670059a240518a	master_RVT-CRISPR-like_merged_oriented.jsonl	5531586	32254	1962597	1963733	+
PM_RVT-CRISPR-like_7	m04	RVT-CRISPR-like	JBPAXY010000007.1:355034-356422:+	8173ec40e0ed714bd5b773f77ad5c12a0685d41f29eabdec136c569d94277a6b	8173ec40e0ed714bd5b773f77ad5c12a0685d41f29eabdec136c569d94277a6b	master_RVT-CRISPR-like_merged_oriented.jsonl	133288189	32165	355034	356422	+
PM_RVT-CRISPR-like_7	m05	RVT-CRISPR-like	JBDONK010000370.1:4373-5773:-	3eab9ce14eff48129dd89771a88372c4e8724c65299f1f085842044ae3e3ab04	3eab9ce14eff48129dd89771a88372c4e8724c65299f1f085842044ae3e3ab04	master_RVT-CRISPR-like_merged_oriented.jsonl	25007283	15257	4373	5773	-
PM_RVT-CRISPR-like_7	m06	RVT-CRISPR-like	WPYN01000001.1:1246321-1247736:+	64a90e0df9f151f12ccaba0e53690a5bc2b9781a2f1376296200911c355ec4da	64a90e0df9f151f12ccaba0e53690a5bc2b9781a2f1376296200911c355ec4da	master_RVT-CRISPR-like_merged_oriented.jsonl	110604791	32446	1246321	1247736	+
PM_RVT-CRISPR-like_7	m07	RVT-CRISPR-like	WPZS01000001.1:501552-502967:-	09de790d7685e068daa084a23357124398727dd54420b26678f66a12ec149269	09de790d7685e068daa084a23357124398727dd54420b26678f66a12ec149269	master_RVT-CRISPR-like_merged_oriented.jsonl	5496201	35384	501552	502967	-
PM_RVT-CRISPR-like_7	m08	RVT-CRISPR-like	WQIC01000002.1:120994-122376:-	b59b00ccb88cebbf59a4bb1cd92a59d596a386c82eddaa3b816c3c03f4ab8631	b59b00ccb88cebbf59a4bb1cd92a59d596a386c82eddaa3b816c3c03f4ab8631	master_RVT-CRISPR-like_merged_oriented.jsonl	110860820	32734	120994	122376	-
PM_RVT-CRISPR-like_7	m09	RVT-CRISPR-like	PVTD01000025.1:2513-3895:-	e3fe717c3884a090634295b90aaa4239e5ac07eaf5c8ff09b8d962a15f0daf10	e3fe717c3884a090634295b90aaa4239e5ac07eaf5c8ff09b8d962a15f0daf10	master_RVT-CRISPR-like_merged_oriented.jsonl	111786156	17364	2513	3895	-
PM_RVT-CRISPR-like_8	m00	RVT-CRISPR-like	JBKCJC010000250.1:2-808:-	7656ae5f4e27f727ab4295d9dd54b484b0a02f0e017086d10abe790519664b2a	7656ae5f4e27f727ab4295d9dd54b484b0a02f0e017086d10abe790519664b2a	master_RVT-CRISPR-like_merged_oriented.jsonl	99600886	8209	2	808	-
PM_RVT-CRISPR-like_8	m01	RVT-CRISPR-like	JBALDZ010000049.1:30853-31893:+	3b2937a2e483265da80903ad561fce978783376c68f39ba96dcfdf2df3df7c91	3b2937a2e483265da80903ad561fce978783376c68f39ba96dcfdf2df3df7c91	master_RVT-CRISPR-like_merged_oriented.jsonl	7785534	22354	30853	31893	+
PM_RVT-CRISPR-like_8	m02	RVT-CRISPR-like	BDUC01000042.1:4486-5391:-	96cd89e1373856075441d586d0331737be27416cf07faa563d1967634bfe8e4f	96cd89e1373856075441d586d0331737be27416cf07faa563d1967634bfe8e4f	master_RVT-CRISPR-like_merged_oriented.jsonl	91755011	20464	4486	5391	-
PM_RVT-CRISPR-like_8	m03	RVT-CRISPR-like	WJFC01000019.1:91286-92173:+	75cef2e15137fc14410d195c7737e7b0905c08cf7bc79125e7d992ab6d1569e1	75cef2e15137fc14410d195c7737e7b0905c08cf7bc79125e7d992ab6d1569e1	master_RVT-CRISPR-like_merged_oriented.jsonl	125576587	32913	91286	92173	+
PM_RVT-CRISPR-like_8	m04	RVT-CRISPR-like	CAKZKB010000529.1:100488-101387:+	ab775ec2398e44fffe611d9e0d8e12ace21f5ac1f9447fd9e0c2c6a1b5355737	ab775ec2398e44fffe611d9e0d8e12ace21f5ac1f9447fd9e0c2c6a1b5355737	master_RVT-CRISPR-like_merged_oriented.jsonl	30731264	32093	100488	101387	+
PM_RVT-CRISPR-like_8	m05	RVT-CRISPR-like	RECJ01000031.1:2-988:-	c2388d2ce2647ef2c548d47319dfbdd67b34063cf09ee3b72c8d418ea6228547	c2388d2ce2647ef2c548d47319dfbdd67b34063cf09ee3b72c8d418ea6228547	master_RVT-CRISPR-like_merged_oriented.jsonl	27583076	8219	2	988	-
PM_RVT-DGRs_1	m00	RVT-DGRs	CAJTLR010000056.1:21695-22819:-	397f844eb9234b8484386ceaf7b9155d68d17518616ee002519b09d7538f9a83	397f844eb9234b8484386ceaf7b9155d68d17518616ee002519b09d7538f9a83	master_RVT-DGRs_merged_oriented.jsonl	3691259294	24579	21695	22819	-
PM_RVT-DGRs_1	m01	RVT-DGRs	CAMTNZ010000049.1:20793-21917:+	0c58c5263b077c8c46c1b1ee05b4ee0b17b2f8d302888e2a9817b7bb5fe1ab1c	2a10d9d27b97585874afbdc28d1d8b66b1e4d638e502cee7cec3e0a1a63378f4	master_RVT-DGRs_merged_oriented.jsonl	4819213324	29604	20793	21917	+
PM_RVT-DGRs_1	m02	RVT-DGRs	JAETNR010000019.1:59845-60990:+	2df21643c1f0bf5cf1f759b7476d6011b68636958a8260ee1240418a7ecdbc87	2df21643c1f0bf5cf1f759b7476d6011b68636958a8260ee1240418a7ecdbc87	master_RVT-DGRs_merged_oriented.jsonl	5066991878	40821	59845	60990	+
PM_RVT-DGRs_1	m03	RVT-DGRs	MGYG000066985_2:64368-65504:+	14a17b87def3d2b7f455469123366e3d86b8aa59518d28aaf75887349149824f	c14aabda5d96d35664b1d6af9090c2473c6bb6848ba73bc9a5674998680a1ad6	master_RVT-DGRs_merged_oriented.jsonl	2519691782	38549	64368	65504	+
PM_RVT-DGRs_1	m04	RVT-DGRs	CAPVBV010000003.1:121913-123010:+	c926ba2241aa1c26faa16c23646f9ecf3d2594036f4eebebf80a574c11d40f4f	c926ba2241aa1c26faa16c23646f9ecf3d2594036f4eebebf80a574c11d40f4f	master_RVT-DGRs_merged_oriented.jsonl	3480574012	34883	121913	123010	+
PM_RVT-DGRs_1	m05	RVT-DGRs	CAOZFV010000006.1:61046-62182:-	fca0725a545f0d76e3e1e3cd5806e2412462ebbebbe458b30142a7edbfbb7fbf	fca0725a545f0d76e3e1e3cd5806e2412462ebbebbe458b30142a7edbfbb7fbf	master_RVT-DGRs_merged_oriented.jsonl	3463016358	38197	61046	62182	-
PM_RVT-DGRs_1	m06	RVT-DGRs	CAQYIC010000024.1:2924-4048:-	5c361f46411bbab28b8e96409261ac768fb12fbbf331983bb5933bcf0c0a05ff	5c361f46411bbab28b8e96409261ac768fb12fbbf331983bb5933bcf0c0a05ff	master_RVT-DGRs_merged_oriented.jsonl	3317456211	27455	2924	4048	-
PM_RVT-DGRs_1	m07	RVT-DGRs	MGYG000070871_1:145496-146623:+	e2f8d499433242e612a79adc6ed60744bb4a3796092813663f2358aefac6066a	e2f8d499433242e612a79adc6ed60744bb4a3796092813663f2358aefac6066a	master_RVT-DGRs_merged_oriented.jsonl	2179548372	40227	145496	146623	+
PM_RVT-DGRs_1	m08	RVT-DGRs	CASOVK010000002.1:25100-26236:+	e3b86b30fb26d8e54d085bc5412756549ca8e75d87c165675d93ffbd0b42b176	e3b86b30fb26d8e54d085bc5412756549ca8e75d87c165675d93ffbd0b42b176	master_RVT-DGRs_merged_oriented.jsonl	4728804530	40028	25100	26236	+
PM_RVT-DGRs_2	m00	RVT-DGRs	DAWBRU010000010.1:51860-53101:+	219d791e6362c88d3edc00ad79b80219fa77678c4dbc80b0d4a0498d8c3ee8de	0d155d79f4fb81084d2d586c88f592edeabea54d12d08124bbce715975ca8bf3	master_RVT-DGRs_merged_oriented.jsonl	3629637484	21293	51860	53101	+
PM_RVT-DGRs_2	m01	RVT-DGRs	MGYG000097569_48:3898-5172:-	7e5e89697e272086e1562f3bab1e0642edc0f021a1dd3a4baf3f91db1260f690	0b11d0464616a351dd3a5f7b51ef3d99759f9ef1ce8d18e2c3c73eaf7cbe1df2	master_RVT-DGRs_merged_oriented.jsonl	2669668000	18626	3898	5172	-
PM_RVT-DGRs_2	m02	RVT-DGRs	JAAIRN010000001.1:67176-68432:-	86f13c2acd206fc2387ecb4bdab91857c7cff827b8060537703d780d3e33cdb2	b927e21ca2a025f6b869f889ca70374f6c90a863f81d56f78ea621ce963e6023	master_RVT-DGRs_merged_oriented.jsonl	292313454	37492	67176	68432	-
PM_RVT-DGRs_2	m03	RVT-DGRs	MGYG000078429_309:7197-8453:-	8045e914be9ad367ca7e0bb765a0da777fb8c308b5a1faaf30ed8be1fd914301	8045e914be9ad367ca7e0bb765a0da777fb8c308b5a1faaf30ed8be1fd914301	master_RVT-DGRs_merged_oriented.jsonl	2352668642	29211	7197	8453	-
PM_RVT-DGRs_2	m04	RVT-DGRs	MGYG000215805_1:87129-88370:+	9f304a2349cc5572d3c387c681ff42d7a498cd901c816b11415332e55db421c0	de99600c53a1e5d37603945a1336ca825c08ce80310d233ca56d5bb06549a62a	master_RVT-DGRs_merged_oriented.jsonl	2786318535	40371	87129	88370	+
PM_RVT-DGRs_2	m05	RVT-DGRs	CAVIJY010000059.1:5425-6684:-	6f7ddf6801902d427fbbe109eac5f90aa8a995759d5693ecf260a8229c9da123	6f7ddf6801902d427fbbe109eac5f90aa8a995759d5693ecf260a8229c9da123	master_RVT-DGRs_merged_oriented.jsonl	3768482751	19133	5425	6684	-
PM_RVT-DGRs_2	m06	RVT-DGRs	3300028983.a:Ga0169618_101291:1922-3022:+	e9810d9504b2c3ccc84c4974c23ca748b26408510932201ef15c783d5771f1b8	e9810d9504b2c3ccc84c4974c23ca748b26408510932201ef15c783d5771f1b8	master_RVT-DGRs_merged_oriented.jsonl	5543566663	5947	1922	3022	+
PM_RVT-DGRs_2	m07	RVT-DGRs	WKQA01000001.1:113381-114619:+	d253162a39da0d8488cc77407d39bdcb58ae130015d5b19100c125d817d46bbd	d253162a39da0d8488cc77407d39bdcb58ae130015d5b19100c125d817d46bbd	master_RVT-DGRs_merged_oriented.jsonl	3076101566	33960	113381	114619	+
PM_RVT-DGRs_3	m00	RVT-DGRs	MHSE01000037.1:5887-6837:+	6dc4de8ddddd58acacbc70638e6b59bd14b8277c1f946a289954523261d8547b	6dc4de8ddddd58acacbc70638e6b59bd14b8277c1f946a289954523261d8547b	master_RVT-DGRs_merged_oriented.jsonl	3722716538	18843	5887	6837	+
PM_RVT-DGRs_3	m01	RVT-DGRs	CAMTXJ010000001.1:79318-80367:+	3b90f2fda1a4f463c978cd10a114d17fb3ed6d2831544867d0c9b42dec817edc	3b90f2fda1a4f463c978cd10a114d17fb3ed6d2831544867d0c9b42dec817edc	master_RVT-DGRs_merged_oriented.jsonl	5360791627	34307	79318	80367	+
PM_RVT-DGRs_3	m02	RVT-DGRs	JAKPNH010000002.1:24849-25898:-	4edd13f476f0e580740ffd12355b62a961528a87a1efa016e68b123c2f10c934	4edd13f476f0e580740ffd12355b62a961528a87a1efa016e68b123c2f10c934	master_RVT-DGRs_merged_oriented.jsonl	4963694072	34196	24849	25898	-
PM_RVT-DGRs_3	m03	RVT-DGRs	CAZAOU010000010.1:7075-8130:-	b747245d1f9c041f5d73bddab07925d75e561a94f4d361c1756ee237cbfdf4e5	b747245d1f9c041f5d73bddab07925d75e561a94f4d361c1756ee237cbfdf4e5	master_RVT-DGRs_merged_oriented.jsonl	3385538723	27862	7075	8130	-
PM_RVT-DGRs_3	m04	RVT-DGRs	JAQUKV010000008.1:31224-32273:+	4f10f6dcad67622714d6dbc2f79cef5c777b605da507373acc50be6dc7b969e8	4f10f6dcad67622714d6dbc2f79cef5c777b605da507373acc50be6dc7b969e8	master_RVT-DGRs_merged_oriented.jsonl	1653271800	34628	31224	32273	+
PM_RVT-DGRs_3	m05	RVT-DGRs	JAGWWI010000007.1:9570-10607:+	a21e5855b2126186b9652dcdcd16ee2af361204a33bb1d0812b8048599425a04	a21e5855b2126186b9652dcdcd16ee2af361204a33bb1d0812b8048599425a04	master_RVT-DGRs_merged_oriented.jsonl	5204834454	30076	9570	10607	+
PM_RVT-DGRs_3	m06	RVT-DGRs	JAZDOT010000011.1:40852-41889:+	171e4bcc2493c894e4593c8976638db898ec91fb03fc50efb82064323afe216e	171e4bcc2493c894e4593c8976638db898ec91fb03fc50efb82064323afe216e	master_RVT-DGRs_merged_oriented.jsonl	5141139941	33624	40852	41889	+
PM_RVT-DGRs_3	m07	RVT-DGRs	MHPQ01000002.1:133529-134578:+	d6b05c5a0847a4dcb533b407af1105865da9246d0db4be1d0d59f8f22763803d	d6b05c5a0847a4dcb533b407af1105865da9246d0db4be1d0d59f8f22763803d	master_RVT-DGRs_merged_oriented.jsonl	4939174623	32217	133529	134578	+
PM_RVT-DGRs_3	m08	RVT-DGRs	DMOG01000031.1:7921-8988:+	d43ef57d674df65a56cde2f7de661e9f91c58412d6738e47f22bc7c9b7ad0ce3	d43ef57d674df65a56cde2f7de661e9f91c58412d6738e47f22bc7c9b7ad0ce3	master_RVT-DGRs_merged_oriented.jsonl	5232670046	26484	7921	8988	+
PM_RVT-DGRs_3	m09	RVT-DGRs	CAYIGG010000051.1:171-1166:-	1a1dd8273df74ffe0357517bf2582a14cd02d692a374a262dbb4ca260e1d8b2d	1a1dd8273df74ffe0357517bf2582a14cd02d692a374a262dbb4ca260e1d8b2d	master_RVT-DGRs_merged_oriented.jsonl	3372177658	6981	171	1166	-
PM_RVT-DGRs_3	m10	RVT-DGRs	JAYTIF010000027.1:4486-5535:+	9d22de85c6c443d79a80c911a4e8eedee1e7eca99734e75dd9b86624c4e8b47a	9d22de85c6c443d79a80c911a4e8eedee1e7eca99734e75dd9b86624c4e8b47a	master_RVT-DGRs_merged_oriented.jsonl	4978309240	10091	4486	5535	+
PM_RVT-DGRs_3	m11	RVT-DGRs	MNYR01000036.1:3893-4942:-	b153f107a8090403748567e3af717cad8dbc72d0884b332eceda70d6b842a84c	b153f107a8090403748567e3af717cad8dbc72d0884b332eceda70d6b842a84c	master_RVT-DGRs_merged_oriented.jsonl	3726269312	23452	3893	4942	-
PM_RVT-DGRs_3	m12	RVT-DGRs	CAZNLQ010000018.1:8622-9671:+	af370a1832bf4e5297a62a410b63a08e52a95173c6e3e20db52a1ebdaf657d71	af370a1832bf4e5297a62a410b63a08e52a95173c6e3e20db52a1ebdaf657d71	master_RVT-DGRs_merged_oriented.jsonl	3274227179	23142	8622	9671	+
PM_RVT-DGRs_3	m13	RVT-DGRs	CAZDUC010000018.1:5117-6160:+	124411acb302cb32ef346bc32dfe70d2cd2da7c646ffb4b74c1a6fa0d1822d3a	124411acb302cb32ef346bc32dfe70d2cd2da7c646ffb4b74c1a6fa0d1822d3a	master_RVT-DGRs_merged_oriented.jsonl	3386968263	25207	5117	6160	+
PM_RVT-DGRs_3	m14	RVT-DGRs	CAZMOA010000001.1:30779-31771:-	fbfb7800c19c085b09725ea0555a689a86faa8f7cdabab59f6688ccb060f1102	fbfb7800c19c085b09725ea0555a689a86faa8f7cdabab59f6688ccb060f1102	master_RVT-DGRs_merged_oriented.jsonl	3391532412	34377	30779	31771	-
PM_RVT-DGRs_3	m15	RVT-DGRs	CAZBQT010000038.1:2811-3872:+	a6c930d7593a6e1bed947003a5831a48112823c1cc92f8182e020f1547cdf140	a6c930d7593a6e1bed947003a5831a48112823c1cc92f8182e020f1547cdf140	master_RVT-DGRs_merged_oriented.jsonl	3386117826	10128	2811	3872	+
PM_RVT-DGRs_3	m16	RVT-DGRs	DAIDRF010000004.1:21961-23025:-	0b14f50248eba599c12b75c6408988505e1d2da588c528e6345d28381f793a63	0b14f50248eba599c12b75c6408988505e1d2da588c528e6345d28381f793a63	master_RVT-DGRs_merged_oriented.jsonl	3831268585	33360	21961	23025	-
PM_RVT-DGRs_3	m17	RVT-DGRs	QZJA01000005.1:25564-26589:+	170a843fdf41e8d0dbdc3634e379d5ac3153e21799725ae304ef086a2193f4cf	170a843fdf41e8d0dbdc3634e379d5ac3153e21799725ae304ef086a2193f4cf	master_RVT-DGRs_merged_oriented.jsonl	5376342116	22055	25564	26589	+
PM_RVT-DGRs_3	m18	RVT-DGRs	CAITXA010000037.1:12405-13454:-	8a249b04e1865e67255c0e37c1dae80d3f8ab5d7d8c6eca59e4682c0ac65fd03	8a249b04e1865e67255c0e37c1dae80d3f8ab5d7d8c6eca59e4682c0ac65fd03	master_RVT-DGRs_merged_oriented.jsonl	4422740443	33235	12405	13454	-
PM_RVT-DGRs_3	m19	RVT-DGRs	JBBTUJ010000001.1:46836-47885:-	4b532d4de9491352788f3673ff6bdd235ecffa73341c27dee0eae36d4c52743a	4b532d4de9491352788f3673ff6bdd235ecffa73341c27dee0eae36d4c52743a	master_RVT-DGRs_merged_oriented.jsonl	3855138495	31770	46836	47885	-
PM_RVT-DGRs_4	m00	RVT-DGRs	CAVKCE010000081.1:12425-12916:+	5f4297f740d604156733aa7bd2799d7e73730820245c4a74efa878a3ec2448c4	5f4297f740d604156733aa7bd2799d7e73730820245c4a74efa878a3ec2448c4	master_RVT-DGRs_merged_oriented.jsonl	3745143702	14071	12425	12916	+
PM_RVT-DGRs_4	m01	RVT-DGRs	MGYG000006703.fa_818:2050-2661:+	cb0c74bc67ff0497e3a0c23c42dee8bfcdf96c135e9909443a5cd34a58ba3bb9	91fad2110c9d2bceb995504463486d30905b833b938d272e1ea36a1d67bda8ff	master_RVT-DGRs_merged_oriented.jsonl	2389143377	5129	2050	2661	+
PM_RVT-DGRs_4	m02	RVT-DGRs	JBCOPN010000398.1:3594-4268:+	a051338e62bb66fe01114e45d7f2f778df215e501302878aff09cc57d87a9fdc	a051338e62bb66fe01114e45d7f2f778df215e501302878aff09cc57d87a9fdc	master_RVT-DGRs_merged_oriented.jsonl	3449269001	7597	3594	4268	+
PM_RVT-DGRs_4	m03	RVT-DGRs	CATCPN010000005.1:1902-2762:-	5f0f762070275eb9afdf27fc1319cb7ce2da34d9605c89d2877e8b3c8055b644	e9ff3de18767761ba3f5cc20f1e5d7095a8526d6c1000512bee1168f45f74aa2	master_RVT-DGRs_merged_oriented.jsonl	5063884116	20381	1902	2762	-
PM_RVT-DGRs_4	m04	RVT-DGRs	MGYG000199889_29:36875-37489:-	5d199ccc52369bb95268a758c9bef8afa198253c428d906bf954b1e079d5cc15	5d199ccc52369bb95268a758c9bef8afa198253c428d906bf954b1e079d5cc15	master_RVT-DGRs_merged_oriented.jsonl	2225369289	30541	36875	37489	-
PM_RVT-DGRs_4	m05	RVT-DGRs	CAVJTT010000136.1:2371-2889:+	1c8c972c622661ed713621adea6113b51ee501ab0f1b12bc532123bc1e35382a	1c8c972c622661ed713621adea6113b51ee501ab0f1b12bc532123bc1e35382a	master_RVT-DGRs_merged_oriented.jsonl	3608672681	6652	2371	2889	+
PM_RVT-DGRs_4	m06	RVT-DGRs	WNCP01000054.1:8426-9016:+	ab336df0721e9c760053e1807fc45e9f6cd46219583ab544beb947b74a541613	ab336df0721e9c760053e1807fc45e9f6cd46219583ab544beb947b74a541613	master_RVT-DGRs_merged_oriented.jsonl	3203615696	13376	8426	9016	+
PM_RVT-DGRs_4	m07	RVT-DGRs	JAYAXO010000056.1:37216-37845:+	4e47a31bad8610c74930f6735d1aa554739f5668f7a9605bb7722108fdeded17	4e47a31bad8610c74930f6735d1aa554739f5668f7a9605bb7722108fdeded17	master_RVT-DGRs_merged_oriented.jsonl	4403573804	18412	37216	37845	+
PM_RVT-DGRs_4	m08	RVT-DGRs	JBKSVB010000001.1:38827-39252:+	c23e31ad5e60e117445171bcde460c294454b46476e48b6dd3d31e20b35be714	c23e31ad5e60e117445171bcde460c294454b46476e48b6dd3d31e20b35be714	master_RVT-DGRs_merged_oriented.jsonl	4251522326	26309	38827	39252	+
PM_RVT-DGRs_5	m00	RVT-DGRs	JBGPIV010000001.1:605046-606101:-	38bd1e2238690907f1976e5f308ab30f4b036cf5b26d8fdd846f109c8d625473	38bd1e2238690907f1976e5f308ab30f4b036cf5b26d8fdd846f109c8d625473	master_RVT-DGRs_merged_oriented.jsonl	5214213823	35726	605046	606101	-
PM_RVT-DGRs_5	m01	RVT-DGRs	CAYSOS010000014.1:4870-5724:+	545a2d48408cb7a823add2c401a6c8b1935c9580e33a276c2f976409d2f6db3d	545a2d48408cb7a823add2c401a6c8b1935c9580e33a276c2f976409d2f6db3d	master_RVT-DGRs_merged_oriented.jsonl	3380742871	22467	4870	5724	+
PM_RVT-DGRs_5	m02	RVT-DGRs	CAYHBP010000004.1:56313-57455:-	e80e4c012c94460a577694ff6bf9fbc0f83ed41ac50d2e38a5f80b5142383ce8	e80e4c012c94460a577694ff6bf9fbc0f83ed41ac50d2e38a5f80b5142383ce8	master_RVT-DGRs_merged_oriented.jsonl	3366770848	25042	56313	57455	-
PM_RVT-DGRs_5	m03	RVT-DGRs	MHOA01000009.1:4882-5952:+	006ff06c644edb740b7d7961a451d344bb68a56360926d857e9153bac532bf68	006ff06c644edb740b7d7961a451d344bb68a56360926d857e9153bac532bf68	master_RVT-DGRs_merged_oriented.jsonl	4939129586	13012	4882	5952	+
PM_RVT-DGRs_5	m04	RVT-DGRs	MHOT01000023.1:33978-34976:-	18d9ae50bcd976865be753743ba1fd83200d58c3b6661c8bfbe435aa934f0df8	18d9ae50bcd976865be753743ba1fd83200d58c3b6661c8bfbe435aa934f0df8	master_RVT-DGRs_merged_oriented.jsonl	1832694188	29917	33978	34976	-
PM_RVT-DGRs_5	m05	RVT-DGRs	CAZUZL010000003.1:20377-21378:+	f4afb87a338b8877aa2061717efb1e37a13726535113219b69ade948de3d00ee	f4afb87a338b8877aa2061717efb1e37a13726535113219b69ade948de3d00ee	master_RVT-DGRs_merged_oriented.jsonl	3395939666	34885	20377	21378	+
PM_RVT-DGRs_5	m06	RVT-DGRs	JAHJCG010000086.1:3948-4949:-	122e595131cd9eac41eae45f579a81c8de16d84475b6356248822112d41a5a31	122e595131cd9eac41eae45f579a81c8de16d84475b6356248822112d41a5a31	master_RVT-DGRs_merged_oriented.jsonl	5200718775	24595	3948	4949	-
PM_RVT-DGRs_5	m07	RVT-DGRs	JBDRLJ010000084.1:7212-8162:+	5432b1811e7a92e2922582b89c08b533a2ccda3773cf8246a9a2fc49d8c1ec33	5432b1811e7a92e2922582b89c08b533a2ccda3773cf8246a9a2fc49d8c1ec33	master_RVT-DGRs_merged_oriented.jsonl	5217024996	21752	7212	8162	+
PM_RVT-DGRs_5	m08	RVT-DGRs	MGDZ01000063.1:13736-14707:-	3c075fbbab45e3a674b1ee34cbe0288ad00a9bfd16b1be39a7fd3580e0523b9d	3c075fbbab45e3a674b1ee34cbe0288ad00a9bfd16b1be39a7fd3580e0523b9d	master_RVT-DGRs_merged_oriented.jsonl	3718842607	34371	13736	14707	-
PM_RVT-DGRs_5	m09	RVT-DGRs	JBBTXT010000009.1:2499-3497:+	0b56db37a1405d40e16c16edb36eff890b9e11350f81431c94b9366e42c00363	0b56db37a1405d40e16c16edb36eff890b9e11350f81431c94b9366e42c00363	master_RVT-DGRs_merged_oriented.jsonl	3854128277	22300	2499	3497	+
PM_RVT-DGRs_5	m10	RVT-DGRs	JAPLUW010000001.1:152217-153212:-	281258e517a829393aa5220da90026d71583d81f1d4efbc2c831b383c2713178	281258e517a829393aa5220da90026d71583d81f1d4efbc2c831b383c2713178	master_RVT-DGRs_merged_oriented.jsonl	5055241063	31230	152217	153212	-
PM_RVT-DGRs_5	m11	RVT-DGRs	CAYRZH010000004.1:42130-43155:-	8bb32388c63b69316fdeac93390d458db1680b435c4cb94adc1f38bceb0e93dd	8bb32388c63b69316fdeac93390d458db1680b435c4cb94adc1f38bceb0e93dd	master_RVT-DGRs_merged_oriented.jsonl	3380462585	36594	42130	43155	-
PM_RVT-DGRs_5	m12	RVT-DGRs	MFHL01000036.1:43763-44767:+	4a81646746c394d49b98d488cb6fad03ff762d3726371e9d19614655c4ea4972	4a81646746c394d49b98d488cb6fad03ff762d3726371e9d19614655c4ea4972	master_RVT-DGRs_merged_oriented.jsonl	3706392123	26844	43763	44767	+
PM_RVT-DGRs_5	m13	RVT-DGRs	MGEX01000040.1:12810-13814:+	3320850b99947d3705431a158b7f233f06b617bb7ebbca7a2d0d0995c5c2e660	3320850b99947d3705431a158b7f233f06b617bb7ebbca7a2d0d0995c5c2e660	master_RVT-DGRs_merged_oriented.jsonl	3719236309	35449	12810	13814	+
PM_RVT-DGRs_5	m14	RVT-DGRs	CAYHMC010000006.1:17033-17971:-	e87a0d43e84a5ee27393afda83a2ab1551df47f1519ea2f247fbf8512986f9b0	e87a0d43e84a5ee27393afda83a2ab1551df47f1519ea2f247fbf8512986f9b0	master_RVT-DGRs_merged_oriented.jsonl	3368711582	30602	17033	17971	-
PM_RVT-DGRs_5	m15	RVT-DGRs	MFME01000021.1:41788-42825:+	998e857c6418f209544867fb547004c3ee6a8ec8e2a20ecf175c78edac1703ff	998e857c6418f209544867fb547004c3ee6a8ec8e2a20ecf175c78edac1703ff	master_RVT-DGRs_merged_oriented.jsonl	1783886515	21242	41788	42825	+
PM_RVT-DGRs_5	m16	RVT-DGRs	JBAYIX010000001.1:63573-64523:-	55a94f2c205d8ba2710324cd834b812d94f28980889bb643ea95fbec66c85ebb	55a94f2c205d8ba2710324cd834b812d94f28980889bb643ea95fbec66c85ebb	master_RVT-DGRs_merged_oriented.jsonl	5248509679	30649	63573	64523	-
PM_RVT-DGRs_5	m17	RVT-DGRs	JAYSTD010000098.1:4956-5975:+	d3f28929b07c26f9b96fe173cd2ae4cf18fae1e6989d7b493018ba9a61302a84	d3f28929b07c26f9b96fe173cd2ae4cf18fae1e6989d7b493018ba9a61302a84	master_RVT-DGRs_merged_oriented.jsonl	4977877758	13279	4956	5975	+
PM_RVT-DGRs_5	m18	RVT-DGRs	MGKW01000015.1:568-1548:-	6bb10cf005101f335816fc3dcc1c9292cacffefdf82f08211b235898c0366594	6bb10cf005101f335816fc3dcc1c9292cacffefdf82f08211b235898c0366594	master_RVT-DGRs_merged_oriented.jsonl	3721530242	19283	568	1548	-
PM_RVT-DGRs_5	m19	RVT-DGRs	VGJV01000004.1:57716-58678:+	ecbbac426097c8fefcacdb73f3b0790de7a40905b2e9371c12191e03916d89d9	ecbbac426097c8fefcacdb73f3b0790de7a40905b2e9371c12191e03916d89d9	master_RVT-DGRs_merged_oriented.jsonl	5354155942	31348	57716	58678	+
PM_RVT-DGRs_6	m00	RVT-DGRs	CABQEN010000004.1:66420-67616:-	1aea34891e6a038b1b0f123f6140f0ad289b4aab0c1a126b4972dbfe6a353324	1aea34891e6a038b1b0f123f6140f0ad289b4aab0c1a126b4972dbfe6a353324	master_RVT-DGRs_merged_oriented.jsonl	4705399974	34331	66420	67616	-
PM_RVT-DGRs_6	m01	RVT-DGRs	QUES01000001.1:390875-392071:+	49f45905885acec9dfbd5cfbfbf7e9b4b285b3f426ae86d84cac4ce32901b3aa	b0d21208b5db277a44454f58b9cdd77b962848bdb300146d1cea8188ac2a92dd	master_RVT-DGRs_merged_oriented.jsonl	1244470702	38091	390875	392071	+
PM_RVT-DGRs_6	m02	RVT-DGRs	CAOSHV010000003.1:65974-67191:+	1f30101c9ff1f7c539871febe7cff70ab4f4f1ceddc6edab980879a10d70fb8d	28eb25867b6bdb8f0c9c77e6fe635b90b09b1a6857bbd71fe6a84fc2812e8e04	master_RVT-DGRs_merged_oriented.jsonl	3458433042	39395	65974	67191	+
PM_RVT-DGRs_6	m03	RVT-DGRs	CAPBEE010000014.1:10388-11593:+	97568f780ee90e9d1b37bbb86307cc5b3943611f127c7d82c7f05af4d3f0d68c	97568f780ee90e9d1b37bbb86307cc5b3943611f127c7d82c7f05af4d3f0d68c	master_RVT-DGRs_merged_oriented.jsonl	3464354542	34037	10388	11593	+
PM_RVT-DGRs_6	m04	RVT-DGRs	CAPVVW010000009.1:2108-3310:-	fa48f1447981b83d97cde2787c7110fa8d6593e5630a66239160d083d9198698	fa48f1447981b83d97cde2787c7110fa8d6593e5630a66239160d083d9198698	master_RVT-DGRs_merged_oriented.jsonl	3887083834	25133	2108	3310	-
PM_RVT-DGRs_6	m05	RVT-DGRs	CAQFJN010000001.1:23458-24675:+	4019b56ebf6ca26126da0ddeff597b942b3086c621f2b91e237311c6b89c4d27	4019b56ebf6ca26126da0ddeff597b942b3086c621f2b91e237311c6b89c4d27	master_RVT-DGRs_merged_oriented.jsonl	3488753675	35193	23458	24675	+
PM_RVT-DGRs_6	m06	RVT-DGRs	MGYG000239231_1:104010-105215:+	84723f923a682996906026fc9af3d2344c7c320d016fc8a7d15cfbc993659258	d72b5e884c4683a9098f32949e54feadeaadc9f4b960162d5ee24739625b63b6	master_RVT-DGRs_merged_oriented.jsonl	2077112453	34526	104010	105215	+
PM_RVT-DGRs_6	m07	RVT-DGRs	CASLOJ010000020.1:1063-2262:-	f9a2903deb6f48bd435339e658a445381f2adc2d7c16bb9d5861652cae51eb4f	f9a2903deb6f48bd435339e658a445381f2adc2d7c16bb9d5861652cae51eb4f	master_RVT-DGRs_merged_oriented.jsonl	4266677292	25315	1063	2262	-
PM_RVT-DGRs_6	m08	RVT-DGRs	CP125628.1:980201-981397:+	efea4db7a9345fb9a4a8693f5406d71efb28dc4c2f8001cdf764164192e3e56a	e69eda3bad44243c0c48a4375a284cc3bcf340cd8f54b4f0dbba694b2338e26a	master_RVT-DGRs_merged_oriented.jsonl	2958770122	34992	980201	981397	+
PM_RVT-DGRs_6	m09	RVT-DGRs	MGYG000266109_2:67047-68267:+	edf05825297b95af2e15b37f81a96a8fdff49a89afa744d3060f388528dce4b1	edf05825297b95af2e15b37f81a96a8fdff49a89afa744d3060f388528dce4b1	master_RVT-DGRs_merged_oriented.jsonl	2730052010	35388	67047	68267	+
PM_RVT-DGRs_6	m10	RVT-DGRs	CAMXOG010000003.1:6606-7820:+	418091d6e6dcc8cf7bef97a0b7310cafffa93ef73a0f242bc3d8d7211ab094cb	418091d6e6dcc8cf7bef97a0b7310cafffa93ef73a0f242bc3d8d7211ab094cb	master_RVT-DGRs_merged_oriented.jsonl	366074759	29892	6606	7820	+
PM_RVT-DGRs_6	m11	RVT-DGRs	CACYDD010000216.1:5712-6902:+	f7f8cc3877e161c28809292eb00b65c1adf92ff668f1282604500a929f88bd58	f7f8cc3877e161c28809292eb00b65c1adf92ff668f1282604500a929f88bd58	master_RVT-DGRs_merged_oriented.jsonl	4528869120	17868	5712	6902	+
PM_RVT-DGRs_6	m12	RVT-DGRs	CASKLP010000005.1:5907-7112:+	9310515b9df4c633955ab527396e2a1f90c0cd833bf5b4b5a2fb3f2bc67eb4e5	9310515b9df4c633955ab527396e2a1f90c0cd833bf5b4b5a2fb3f2bc67eb4e5	master_RVT-DGRs_merged_oriented.jsonl	4535454899	29352	5907	7112	+
PM_RVT-DGRs_6	m13	RVT-DGRs	CAMMRC010000023.1:13850-15136:-	9075dea68eb56d11d6018fae220017ead87db5664af46d0a7e4784d7354e4415	9075dea68eb56d11d6018fae220017ead87db5664af46d0a7e4784d7354e4415	master_RVT-DGRs_merged_oriented.jsonl	483527953	34192	13850	15136	-
PM_RVT-DGRs_6	m14	RVT-DGRs	3300010275.a:Ga0129310_1000015:249316-250518:-	073c1ef25392f0de5a3b093c8881db9b9cd068f5f262767a593b37f4f1b09d63	073c1ef25392f0de5a3b093c8881db9b9cd068f5f262767a593b37f4f1b09d63	master_RVT-DGRs_merged_oriented.jsonl	5568206227	34509	249316	250518	-
PM_RVT-DGRs_6	m15	RVT-DGRs	CANOXL010000026.1:3263-4456:-	11b73ef3270f2989ecc77a0fdffadd211fb7725c36352f4a2caf5685393e91c0	8bd69c027fead8ca3cac3a368daf2cdf0ba3183fa0d5914686c54635ee30dc6b	master_RVT-DGRs_merged_oriented.jsonl	4877242127	31699	3263	4456	-
PM_RVT-DGRs_6	m16	RVT-DGRs	CAPGGC010000003.1:40743-41837:+	061c339298231a05f7d577df923901f9b6a11c6c9b1d450c2d0276223bebd004	061c339298231a05f7d577df923901f9b6a11c6c9b1d450c2d0276223bebd004	master_RVT-DGRs_merged_oriented.jsonl	3467755622	39720	40743	41837	+
PM_RVT-DGRs_6	m17	RVT-DGRs	MGYG000277995_415:16208-17476:+	66e5b0476b3b3710259c2c8404c9929292c6ebd0c99bf6925fb3655b23b281f9	66e5b0476b3b3710259c2c8404c9929292c6ebd0c99bf6925fb3655b23b281f9	master_RVT-DGRs_merged_oriented.jsonl	2571314824	23961	16208	17476	+
PM_RVT-DGRs_7	m00	RVT-DGRs	DLDF01000008.1:29663-31009:+	9744986317b3f7962b3a9297ae7ff70086e90da9f31795a69fe2300c33e604ed	9744986317b3f7962b3a9297ae7ff70086e90da9f31795a69fe2300c33e604ed	master_RVT-DGRs_merged_oriented.jsonl	3781703424	26218	29663	31009	+
PM_RVT-DGRs_7	m01	RVT-DGRs	CACXRN010000014.1:15935-17308:-	fa32bfa73fb92fef7987414259ee5fd56043c5f483bbd32466802d699502bb46	fa32bfa73fb92fef7987414259ee5fd56043c5f483bbd32466802d699502bb46	master_RVT-DGRs_merged_oriented.jsonl	3541652921	33571	15935	17308	-
PM_RVT-DGRs_7	m02	RVT-DGRs	DBFDAM010000059.1:5437-6807:-	12ee48f13a52b6dfa2e401c4a691719c4d456a056f0412b9da96528426b04196	12ee48f13a52b6dfa2e401c4a691719c4d456a056f0412b9da96528426b04196	master_RVT-DGRs_merged_oriented.jsonl	4519421741	31517	5437	6807	-
PM_RVT-DGRs_7	m03	RVT-DGRs	CAVERD010000003.1:25837-27183:-	b18766f2ed63dc850b9ec77257bd5285819a72fc4127334c4d98540643855361	b18766f2ed63dc850b9ec77257bd5285819a72fc4127334c4d98540643855361	master_RVT-DGRs_merged_oriented.jsonl	3916650648	33057	25837	27183	-
PM_RVT-DGRs_7	m04	RVT-DGRs	CAVJCZ010000035.1:23322-24680:+	5a13770622bbc965cfef0c16fe3ddbd7213629b8409cff76c832ede73df6af44	5a13770622bbc965cfef0c16fe3ddbd7213629b8409cff76c832ede73df6af44	master_RVT-DGRs_merged_oriented.jsonl	4057450890	29907	23322	24680	+
PM_RVT-DGRs_7	m05	RVT-DGRs	FNRE01000014.1:17795-19138:-	0ef52695a6b29fb51ab95d710bbf5d7ebc1cfccc8ca6eeee6af38a91d3040f9e	0ef52695a6b29fb51ab95d710bbf5d7ebc1cfccc8ca6eeee6af38a91d3040f9e	master_RVT-DGRs_merged_oriented.jsonl	4941619468	38064	17795	19138	-
PM_RVT-DGRs_7	m06	RVT-DGRs	CAVDMK010000120.1:14549-15997:+	4f2d3facee25c6e35706cd0c7494eab999f4af22e8a2a84eb43874cc9aa248b9	4f2d3facee25c6e35706cd0c7494eab999f4af22e8a2a84eb43874cc9aa248b9	master_RVT-DGRs_merged_oriented.jsonl	3734655788	33339	14549	15997	+
PM_RVT-DGRs_8	m00	RVT-DGRs	CAYIQN010000002.1:18615-19472:-	21feeaeb054644b594d67fe9f76c5d4b927ad0c126f36f342c2e4b35914fd3cb	21feeaeb054644b594d67fe9f76c5d4b927ad0c126f36f342c2e4b35914fd3cb	master_RVT-DGRs_merged_oriented.jsonl	2894718897	21765	18615	19472	-
PM_RVT-DGRs_8	m01	RVT-DGRs	CAYHVB010000021.1:16012-16611:+	d1d31a8e9e824c2790d902b330eea59ce7e70e4220d043087085f3850df61199	d1d31a8e9e824c2790d902b330eea59ce7e70e4220d043087085f3850df61199	master_RVT-DGRs_merged_oriented.jsonl	2894089739	20382	16012	16611	+
PM_RVT-DGRs_8	m02	RVT-DGRs	ASMP01000001.1:91385-92161:+	8b104c04e18f656831fcecdc19da39ad61080d24b8ef74bce896c91d72b48083	8b104c04e18f656831fcecdc19da39ad61080d24b8ef74bce896c91d72b48083	master_RVT-DGRs_merged_oriented.jsonl	2920783558	36068	91385	92161	+
PM_RVT-DGRs_8	m03	RVT-DGRs	JAFCCB010000008.1:6053-6667:+	9790ad68db5fe838c7553eb091260c769ab86ab3a58620c6367afd8f90b1c353	9790ad68db5fe838c7553eb091260c769ab86ab3a58620c6367afd8f90b1c353	master_RVT-DGRs_merged_oriented.jsonl	5264960908	30532	6053	6667	+
PM_RVT-DGRs_8	m04	RVT-DGRs	JAIYKR010000017.1:1550-2296:-	d9d0226525db16f7d4b47ad93af188b7dadc19b14a1e77225dd40189f6d56405	d9d0226525db16f7d4b47ad93af188b7dadc19b14a1e77225dd40189f6d56405	master_RVT-DGRs_merged_oriented.jsonl	2938159490	19807	1550	2296	-
PM_RVT-DGRs_8	m05	RVT-DGRs	JAHJUA010000061.1:591-1325:-	eda41876c63eb1534d9c6decdbec51cbbfc1b483c0182c6c519a92836901ecc3	eda41876c63eb1534d9c6decdbec51cbbfc1b483c0182c6c519a92836901ecc3	master_RVT-DGRs_merged_oriented.jsonl	2930002160	12404	591	1325	-
PM_RVT-GII_1	m00	RVT-GII	DACEPU010000012.1:42010-43872:+	c6cf3bc8671e6d2923009a204ae2d6940c76284baffba980d691941c05cf6a09	35b3c15780886fe810b5033839dc4b65d1cb9a6549133e47a474ffedf1be108a	master_RVT-GII_merged_oriented.jsonl	26769763195	24406	42010	43872	+
PM_RVT-GII_1	m01	RVT-GII	JAEIXS010000039.1:120-1979:-	ba37dd88b394d8878d36ba9a17be7cd5a541f9b31de9cba3f2c05209f217a550	ba37dd88b394d8878d36ba9a17be7cd5a541f9b31de9cba3f2c05209f217a550	master_RVT-GII_merged_oriented.jsonl	26975784160	19175	120	1979	-
PM_RVT-GII_1	m02	RVT-GII	JAXAGK010000006.1:53512-55374:+	69b42b32aad21ec8ee7a1ce72d8f6ab59e48c42ea4b8ac90143edd90ca149858	49d001c9408e5121f39d6cd8981af0248ad55bc66c6c81e0ffdbd4c31062250c	master_RVT-GII_merged_oriented.jsonl	27534349286	30323	53512	55374	+
PM_RVT-GII_1	m03	RVT-GII	CARNIL010000046.1:10665-12524:-	df16b2ec0c7ad0a5336717a8957d20083a896e69ca95f90bd55e3e8d551961bb	df16b2ec0c7ad0a5336717a8957d20083a896e69ca95f90bd55e3e8d551961bb	master_RVT-GII_merged_oriented.jsonl	5731521987	24437	10665	12524	-
PM_RVT-GII_1	m04	RVT-GII	CBDSMB010000047.1:9350-11206:+	9eda31aa5970583d79e064544baac2133bb66f263c4ddd35088f2bba97ba3944	9eda31aa5970583d79e064544baac2133bb66f263c4ddd35088f2bba97ba3944	master_RVT-GII_merged_oriented.jsonl	32857336469	33443	9350	11206	+
PM_RVT-GII_1	m05	RVT-GII	DATQNK010000051.1:28112-29980:+	a5c85b43989b92a06d789981718997c5639410a7b9fdd20d0696b8233f66597d	9f3b1b8891e9a4bb4c6a1e16042f4c013582a16d7e69004463b29f55d4410ffc	master_RVT-GII_merged_oriented.jsonl	24654114477	31349	28112	29980	+
PM_RVT-GII_1	m06	RVT-GII	DATPOZ010000025.1:1947-3806:+	7eb882733bac8c0c7f09ff7104c8c296fa7c50c35b128708478b3dc4536136e4	7eb882733bac8c0c7f09ff7104c8c296fa7c50c35b128708478b3dc4536136e4	master_RVT-GII_merged_oriented.jsonl	24646181298	22914	1947	3806	+
PM_RVT-GII_1	m07	RVT-GII	CALJDP010000455.1:817-2697:-	db820624d27d8f0d9cb540e5545d6dc3de153e8c7de54e5e648190a0539156c1	52a8a6edc0a41495e03579705450aeffad1e8a29d16f5c4d036ce8a1e6e71fa4	master_RVT-GII_merged_oriented.jsonl	31444334758	20663	817	2697	-
PM_RVT-GII_1	m08	RVT-GII	MGYG000241781_33:20248-22131:+	d2245333869b8afe307acceafcfc1f32a5ed268685e6520dc628de03aee68277	d2245333869b8afe307acceafcfc1f32a5ed268685e6520dc628de03aee68277	master_RVT-GII_merged_oriented.jsonl	7975309127	17523	20248	22131	+
PM_RVT-GII_1	m09	RVT-GII	DAGRAW010000002.1:221350-223215:-	117093d08288acb1aace3a25cdc67cb0b8b35cb2a1ec31c0a8036e8834000e66	a661f4f849d8b27356d85c32a10b620f40546b0fdc78c412ee757b2f4f50a2b0	master_RVT-GII_merged_oriented.jsonl	28566540487	34427	221350	223215	-
PM_RVT-GII_1	m10	RVT-GII	CAQVOX010000045.1:12477-14333:-	2491284b8efeac0bd38cbb0d08b7950d39b7013d47071eb1e6aea580cf72a632	2491284b8efeac0bd38cbb0d08b7950d39b7013d47071eb1e6aea580cf72a632	master_RVT-GII_merged_oriented.jsonl	5836223723	32268	12477	14333	-
PM_RVT-GII_1	m11	RVT-GII	JBAMNI010000001.1:1128188-1130038:-	f1ad84c7631ac975f90a9b3a55b0fec47812450db9202f3ed1df5b3925173351	f1ad84c7631ac975f90a9b3a55b0fec47812450db9202f3ed1df5b3925173351	master_RVT-GII_merged_oriented.jsonl	33611130235	35206	1128188	1130038	-
PM_RVT-GII_1	m12	RVT-GII	CARVKI010000056.1:7716-9626:-	f6f6ef118dcfb050cb2e6bdf65bc8c9e9f40215dee18353770b2873016f0ac38	f6f6ef118dcfb050cb2e6bdf65bc8c9e9f40215dee18353770b2873016f0ac38	master_RVT-GII_merged_oriented.jsonl	6682664802	26082	7716	9626	-
PM_RVT-GII_1	m13	RVT-GII	JAEQMG010000018.1:3414-5303:-	6313b53de15635811eaa6976f49b2adfedd208e55f8e375f65b5b16ebc79e0ca	6313b53de15635811eaa6976f49b2adfedd208e55f8e375f65b5b16ebc79e0ca	master_RVT-GII_merged_oriented.jsonl	33249710377	20804	3414	5303	-
PM_RVT-GII_1	m14	RVT-GII	DETU01000007.1:2259-4124:+	e1e4acd44c908734688ae3fed17aaa48e9ea4aba32ef1f4d6174f2173b964724	e1e4acd44c908734688ae3fed17aaa48e9ea4aba32ef1f4d6174f2173b964724	master_RVT-GII_merged_oriented.jsonl	5031309899	9909	2259	4124	+
PM_RVT-GII_1	m15	RVT-GII	CALJDV010000080.1:19838-21715:-	40e3ef1d8e71c4d2429c4fb6ae72f594d3aaf9f4df05e433b356aec4ccbd0fd0	40e3ef1d8e71c4d2429c4fb6ae72f594d3aaf9f4df05e433b356aec4ccbd0fd0	master_RVT-GII_merged_oriented.jsonl	31161721153	33013	19838	21715	-
PM_RVT-GII_1	m16	RVT-GII	MGYG000052510_73:24979-26856:+	e353423e571634046c14cf8d099eb200b7a9b8607ef3bb59d8ce537b72464002	e353423e571634046c14cf8d099eb200b7a9b8607ef3bb59d8ce537b72464002	master_RVT-GII_merged_oriented.jsonl	7847368116	20427	24979	26856	+
PM_RVT-GII_2	m00	RVT-GII	JAMGMW010000014.1:7646-8656:-	061660596735800cb567974a23f41e5c1d8f89d38a84a7008f575498ca31b402	ec1b61a5cc4100b364c9cab325fb9a477fb49f93785bae822652837d56691363	master_RVT-GII_merged_oriented.jsonl	30755272541	29481	7646	8656	-
PM_RVT-GII_2	m01	RVT-GII	CAVQLG010000006.1:1431-2660:-	d560c329dd532261dbcbe7eed1be9c4c881cc6e678615657a4f29437c0eb6d70	d560c329dd532261dbcbe7eed1be9c4c881cc6e678615657a4f29437c0eb6d70	master_RVT-GII_merged_oriented.jsonl	30490447728	21203	1431	2660	-
PM_RVT-GII_2	m02	RVT-GII	CAWAYL010000009.1:236190-237722:-	51f0118c32d95ef3141e8e6fe7e580e787002027173f37230f0f24cde990b202	51f0118c32d95ef3141e8e6fe7e580e787002027173f37230f0f24cde990b202	master_RVT-GII_merged_oriented.jsonl	30573964386	23118	236190	237722	-
PM_RVT-GII_2	m03	RVT-GII	CAWCUJ010000002.1:51255-52328:-	ae0ce9da9e967de26b13792c5028ce53c027bd5b46ff4b9337d2cdfb2454e739	ae0ce9da9e967de26b13792c5028ce53c027bd5b46ff4b9337d2cdfb2454e739	master_RVT-GII_merged_oriented.jsonl	30733409256	34845	51255	52328	-
PM_RVT-GII_2	m04	RVT-GII	JAKJRZ010000008.1:20937-21707:+	c46719fb8be3510ef28115f458362f99d64b532dd6d15c2d9b1645cdb626ca64	c46719fb8be3510ef28115f458362f99d64b532dd6d15c2d9b1645cdb626ca64	master_RVT-GII_merged_oriented.jsonl	1499482915	22191	20937	21707	+
PM_RVT-GII_2	m05	RVT-GII	MGYG000495828_2:2157712-2158923:+	baaeefb3d28df566a60fa8957ef93df0a1674f822c4252f6619ce1dfa11692f1	baaeefb3d28df566a60fa8957ef93df0a1674f822c4252f6619ce1dfa11692f1	master_RVT-GII_merged_oriented.jsonl	8558342809	31558	2157712	2158923	+
PM_RVT-GII_2	m06	RVT-GII	CAMDWG010000039.1:2599-3468:+	5b3eb9db2ef5cee6448727b8f2d95393dde9ffde734d527875c246fe8f70c3e8	5b3eb9db2ef5cee6448727b8f2d95393dde9ffde734d527875c246fe8f70c3e8	master_RVT-GII_merged_oriented.jsonl	31070529604	20974	2599	3468	+
PM_RVT-GII_3	m00	RVT-GII	JABSPE010000143.1:4335-5846:-	25defdd64dcd714b7b57d39c7a7c70b9a4b769cbd1d38f66c3bdf5a0c4248e88	25defdd64dcd714b7b57d39c7a7c70b9a4b769cbd1d38f66c3bdf5a0c4248e88	master_RVT-GII_merged_oriented.jsonl	6884530564	20077	4335	5846	-
PM_RVT-GII_3	m01	RVT-GII	NOLJ01000005.1:626026-627606:+	d1a1bbb031efc772458faa20ec222d7555122c7db286d3442519ae102287f1f1	b55594f044eed54c2fef685e67d163eacfd4af565863842dbf75a96f39dd6f37	master_RVT-GII_merged_oriented.jsonl	5423784944	33522	626026	627606	+
PM_RVT-GII_3	m02	RVT-GII	JAAUOU010000047.1:2974-4485:+	12f521a698e8c428821c4ea2ba9ee0284ec2bcace3b86925c2702b15bbe96ee7	12f521a698e8c428821c4ea2ba9ee0284ec2bcace3b86925c2702b15bbe96ee7	master_RVT-GII_merged_oriented.jsonl	33199991087	23896	2974	4485	+
PM_RVT-GII_3	m03	RVT-GII	JAAHFZ010000102.1:2011-3519:+	fb76ce6be81c8f2f00552342057b4e0a99cd80711f6c3c90d90e188388b054a9	fb76ce6be81c8f2f00552342057b4e0a99cd80711f6c3c90d90e188388b054a9	master_RVT-GII_merged_oriented.jsonl	5795676467	19541	2011	3519	+
PM_RVT-GII_3	m04	RVT-GII	JBBLXR010000001.1:34183-35697:+	a9557527f57c505386477f86fb3cc99957ebb02770327057e92780c5f801cf42	a9557527f57c505386477f86fb3cc99957ebb02770327057e92780c5f801cf42	master_RVT-GII_merged_oriented.jsonl	33222868262	32692	34183	35697	+
PM_RVT-GII_3	m05	RVT-GII	3300014713.a:Ga0169447_100051:4931-6619:-	01eba3d66c2e5038c806051a2c7eaf48f2f177cd1142e78c9de1db76032d29bc	01eba3d66c2e5038c806051a2c7eaf48f2f177cd1142e78c9de1db76032d29bc	master_RVT-GII_merged_oriented.jsonl	33995942241	25205	4931	6619	-
PM_RVT-GII_3	m06	RVT-GII	JAFLQW010000149.1:2288-4003:+	23d7106ed6c818bc0f0bf5e48c1ff76d763af936f041076f7059da94a3188010	23d7106ed6c818bc0f0bf5e48c1ff76d763af936f041076f7059da94a3188010	master_RVT-GII_merged_oriented.jsonl	32259409625	9372	2288	4003	+
PM_RVT-GII_3	m07	RVT-GII	JAUBOS010000020.1:18127-19704:+	a228085579cbebb39a6e3fdc8810801e2e5ad75bdaabc136eae0e377cce9e396	a228085579cbebb39a6e3fdc8810801e2e5ad75bdaabc136eae0e377cce9e396	master_RVT-GII_merged_oriented.jsonl	394938776	37537	18127	19704	+
PM_RVT-GII_3	m08	RVT-GII	JAMQOK010000033.1:32968-34539:-	a199283590d23752c4541ba65aa5823974c700165da3a1184b5fb602a0cc96b2	a199283590d23752c4541ba65aa5823974c700165da3a1184b5fb602a0cc96b2	master_RVT-GII_merged_oriented.jsonl	32075937454	56671	32968	34539	-
PM_RVT-GII_4	m00	RVT-GII	FXJX01000021.1:13995-15863:-	1d87ae3c9f25baa6690b48a891255d2492d24c8a3fa21856622dfc63464a6f88	1d87ae3c9f25baa6690b48a891255d2492d24c8a3fa21856622dfc63464a6f88	master_RVT-GII_merged_oriented.jsonl	28128417329	33486	13995	15863	-
PM_RVT-GII_4	m01	RVT-GII	ABAZCG010000008.1:70007-71845:-	15d0de4947b6b883aac9836bacba04f522a1ec15f5d37bd11fe665ef73204eb6	15d0de4947b6b883aac9836bacba04f522a1ec15f5d37bd11fe665ef73204eb6	master_RVT-GII_merged_oriented.jsonl	28719733135	33973	70007	71845	-
PM_RVT-GII_4	m02	RVT-GII	JAATNI010000324.1:6839-8680:-	56878a817975e0e1ac2e4251405ca11489bb32834528b153de401ccd2d3a595e	56878a817975e0e1ac2e4251405ca11489bb32834528b153de401ccd2d3a595e	master_RVT-GII_merged_oriented.jsonl	28362158162	29288	6839	8680	-
PM_RVT-GII_4	m03	RVT-GII	CATCSR010000004.1:60543-62378:+	40279642485f364bd7d95fd73cb8b1ffe4950196a6b975ebabb4d63341b6791a	40279642485f364bd7d95fd73cb8b1ffe4950196a6b975ebabb4d63341b6791a	master_RVT-GII_merged_oriented.jsonl	32282051044	32102	60543	62378	+
PM_RVT-GII_4	m04	RVT-GII	DAGQSP010000029.1:5904-7739:+	2e3b6856c0588555169eaa9a4e63d43a465d265f200ab56298d076ec552a4d38	2e3b6856c0588555169eaa9a4e63d43a465d265f200ab56298d076ec552a4d38	master_RVT-GII_merged_oriented.jsonl	28561337054	28032	5904	7739	+
PM_RVT-GII_4	m05	RVT-GII	DAEOLD010000024.1:39315-41159:+	aa9a43c400dcb30880f93701b8821609ab4407af2dc1b7b3ad040eb2fd4ae7e2	aa9a43c400dcb30880f93701b8821609ab4407af2dc1b7b3ad040eb2fd4ae7e2	master_RVT-GII_merged_oriented.jsonl	28500566937	32994	39315	41159	+
PM_RVT-GII_4	m06	RVT-GII	FURE01000005.1:386295-388136:-	285109f74f89109b07fd97ef96640eda0fc4754283f17bdb87b18da52d41555d	683dfcd22677473a5edb077cf4b7e02fe9e3acbfef75f190f62dd7fad2793839	master_RVT-GII_merged_oriented.jsonl	5086630284	29354	386295	388136	-
PM_RVT-GII_4	m07	RVT-GII	KK037172.1:2484-4253:-	1ff39f38ce687adb0fbe00dc955149d213f1dc62f2e511f2cdf8e072d0c26c3a	943c70e4a0d74739c053c6ff3b03056057429c6c88e653638ec441219c4aabd8	master_RVT-GII_merged_oriented.jsonl	14223738728	22478	2484	4253	-
PM_RVT-GII_4	m08	RVT-GII	DAOJAM010000106.1:4967-6799:+	cf9252d04de0aeb3f045c3d0198200b056d364081beab25107c244dd1b09f1f6	cf9252d04de0aeb3f045c3d0198200b056d364081beab25107c244dd1b09f1f6	master_RVT-GII_merged_oriented.jsonl	28245625516	24788	4967	6799	+
PM_RVT-GII_4	m09	RVT-GII	ABBLMU010000014.1:52024-53892:+	aa5a819b5cb30458939f4e61caf228800c73c3bc37645a31ad3f4c8dad519d2c	aa5a819b5cb30458939f4e61caf228800c73c3bc37645a31ad3f4c8dad519d2c	master_RVT-GII_merged_oriented.jsonl	26592318799	34722	52024	53892	+
PM_RVT-GII_4	m10	RVT-GII	CATCRV010000299.1:2804-4666:+	b18c99549764274f4c4f56c48e56a094bbf9f5fbf950cb1e0aaae39a819b84b0	b18c99549764274f4c4f56c48e56a094bbf9f5fbf950cb1e0aaae39a819b84b0	master_RVT-GII_merged_oriented.jsonl	31484679962	9358	2804	4666	+
PM_RVT-GII_4	m11	RVT-GII	DAEIMW010000084.1:14932-16833:+	578de5b59540bb98dd11ce876f3b0796593afc9c68b8d7c65c0c1c9c144e3d63	578de5b59540bb98dd11ce876f3b0796593afc9c68b8d7c65c0c1c9c144e3d63	master_RVT-GII_merged_oriented.jsonl	28407401424	31619	14932	16833	+
PM_RVT-GII_4	m12	RVT-GII	QLMH01000025.1:19716-21587:+	a5a0249648c528a8161f98a573a10e619e58ad67533fc83297edd04681ec12f0	a5a0249648c528a8161f98a573a10e619e58ad67533fc83297edd04681ec12f0	master_RVT-GII_merged_oriented.jsonl	5689481543	31342	19716	21587	+
PM_RVT-GII_4	m13	RVT-GII	JBKVZN010000011.1:28714-30540:+	e286074ed38c7f36583f27a8c140f73adda837010d0f05add1c7884eb6c0a33f	e286074ed38c7f36583f27a8c140f73adda837010d0f05add1c7884eb6c0a33f	master_RVT-GII_merged_oriented.jsonl	13712310095	35897	28714	30540	+
PM_RVT-GII_4	m14	RVT-GII	CP150649.1:238908-240773:-	89972c291ed4b87ab931e990953696f12319fc7b55c97b0ee8ff02552bd92867	89972c291ed4b87ab931e990953696f12319fc7b55c97b0ee8ff02552bd92867	master_RVT-GII_merged_oriented.jsonl	5711505895	32713	238908	240773	-
PM_RVT-GII_5	m00	RVT-GII	JBCLRU010000002.1:68778-70061:+	21378f71099db3bb32e6f3f1d48654702c35ae8608c8e57efa35f2c5ac1ac4e8	be754b2e1394f0b0f2b6c2b41b69f0f2578a47fb40b076ee85ede2bd6f88b5e6	master_RVT-GII_merged_oriented.jsonl	14018450911	32533	68778	70061	+
PM_RVT-GII_5	m01	RVT-GII	FSQX01000001.1:98479-99867:+	6387e3e3a1e38ae403ef5eaeb32d28dbffe9e4d629c8839a10c07832aa52ebbe	6387e3e3a1e38ae403ef5eaeb32d28dbffe9e4d629c8839a10c07832aa52ebbe	master_RVT-GII_merged_oriented.jsonl	30443362405	33252	98479	99867	+
PM_RVT-GII_5	m02	RVT-GII	JAANYB010000001.1:93678-94919:-	808a40739b8aeadeceefaf138c001a5670438a494ee9cb1a3e75f8501b76e04a	808a40739b8aeadeceefaf138c001a5670438a494ee9cb1a3e75f8501b76e04a	master_RVT-GII_merged_oriented.jsonl	30086985803	34474	93678	94919	-
PM_RVT-GII_5	m03	RVT-GII	DAXSQO010000043.1:42467-43960:-	c63aa9cb2000cd15f85f05af43a152ade14016e42bb88297c5aa77bf757477de	c63aa9cb2000cd15f85f05af43a152ade14016e42bb88297c5aa77bf757477de	master_RVT-GII_merged_oriented.jsonl	15495553548	35320	42467	43960	-
PM_RVT-GII_5	m04	RVT-GII	JBPANC010000001.1:2542544-2543869:-	4731789204c16f8e3ea23037e40ee4134a1f3cd7acc55732f8cb0c9c3dd36621	9aeb5def98727b730acdcdf8d87f7d19d13588bb75dc8370feb9cf2698072f1e	master_RVT-GII_merged_oriented.jsonl	16020608560	32472	2542544	2543869	-
PM_RVT-GII_5	m05	RVT-GII	CAWJQN010000004.1:580540-581793:-	eaf17d13537485de8e6df9f2ee6a77af5582f04ba5200082857ed7a580436513	eaf17d13537485de8e6df9f2ee6a77af5582f04ba5200082857ed7a580436513	master_RVT-GII_merged_oriented.jsonl	30083692586	32491	580540	581793	-
PM_RVT-GII_5	m06	RVT-GII	CP079828.1:293961-295382:+	c559f62bed1bd6a0045d5dd47f0671b82dce2f21899a544d621075366d06bdd1	02e97e39fd7daac3444feaeba2db167dc5708304b1b7068e27fe88e875174d75	master_RVT-GII_merged_oriented.jsonl	6117591231	37913	293961	295382	+
PM_RVT-GII_5	m07	RVT-GII	CAVHWA010000021.1:1522-2850:-	3b30f2beb0501d0ada880d38263aa884c176bf1e40b8f9f3af5c984b094c641c	3b30f2beb0501d0ada880d38263aa884c176bf1e40b8f9f3af5c984b094c641c	master_RVT-GII_merged_oriented.jsonl	14357593457	16042	1522	2850	-
PM_RVT-GII_5	m08	RVT-GII	MGYG000473949_1:5821201-5822622:+	57508f979db0fc78e5c7ac36e646eb4b0ce79d16d1fb5410a73c5262ee17a41f	57508f979db0fc78e5c7ac36e646eb4b0ce79d16d1fb5410a73c5262ee17a41f	master_RVT-GII_merged_oriented.jsonl	8411546242	33854	5821201	5822622	+
PM_RVT-GII_5	m09	RVT-GII	MGYG000139956_17:31569-32810:+	a1a597d39798351e175a8a28db002861eaabccf2c3168b15b3dd59c995949600	a1a597d39798351e175a8a28db002861eaabccf2c3168b15b3dd59c995949600	master_RVT-GII_merged_oriented.jsonl	7586518794	35501	31569	32810	+
PM_RVT-GII_5	m10	RVT-GII	AP019416.1:2275563-2276921:+	d375fb4ccced77a50fed32aaf8be5185304de7840d9d27a7c0af9f642dcbd7e5	d375fb4ccced77a50fed32aaf8be5185304de7840d9d27a7c0af9f642dcbd7e5	master_RVT-GII_merged_oriented.jsonl	6951697350	30865	2275563	2276921	+
PM_RVT-GII_6	m00	RVT-GII	CP061725.1:2850561-2851811:+	9227fb6b630ce47910d78e67a9e36ce6f92c5510b23573a5f5d4451aa9d82c4d	9227fb6b630ce47910d78e67a9e36ce6f92c5510b23573a5f5d4451aa9d82c4d	master_RVT-GII_merged_oriented.jsonl	5190224045	29827	2850561	2851811	+
PM_RVT-GII_6	m01	RVT-GII	AASVZC010000037.1:38860-40182:-	b096d78ca61cc1301b7f018cb5158d0ee12cc3fe49a53723c9e553852116f1ab	66d589b4a72dfa07054913e0ade6384e4279aaaa118487a3c0249304f7c5b966	master_RVT-GII_merged_oriented.jsonl	16708235377	27821	38860	40182	-
PM_RVT-GII_6	m02	RVT-GII	ABEZIM010000136.1:8391-9641:+	c06db6b36e375c9cfd270f6c68b35801c3f849bfa323321c04e28cedb00eaabf	c763b0dd46577049aafebca2a62792dc66fcbd176de4bc72ca8a02694671060f	master_RVT-GII_merged_oriented.jsonl	17945106867	17266	8391	9641	+
PM_RVT-GII_6	m03	RVT-GII	DBCNCQ010000006.1:87433-88797:+	33dcc0b4fd4f41cf31c9e98eea7ca607a231863124df2d78ca92fb805dc11f23	33dcc0b4fd4f41cf31c9e98eea7ca607a231863124df2d78ca92fb805dc11f23	master_RVT-GII_merged_oriented.jsonl	16167058916	30347	87433	88797	+
PM_RVT-GII_6	m04	RVT-GII	ABQDGT020000001.1:4385222-4386490:+	f75dd39bfe5ce775e81fcb17eb0ce6766332d8c8e4f386a40d69e321ff09e4c3	7c45d4c9441efb7213cf24d2798ac2b0765103814c4732e929b528f86e81d798	master_RVT-GII_merged_oriented.jsonl	15401604697	33250	4385222	4386490	+
PM_RVT-GII_6	m05	RVT-GII	DACWKC010000022.1:50287-51441:+	1293453f40e5d00eb5abf7e51d11542c2fc9e39133df40fdb8eead85981209f7	1293453f40e5d00eb5abf7e51d11542c2fc9e39133df40fdb8eead85981209f7	master_RVT-GII_merged_oriented.jsonl	16065833229	18657	50287	51441	+
PM_RVT-GII_6	m06	RVT-GII	CAWPHH010000018.1:26440-27849:+	d280380331ce04c91dccf86bde24b136c7ef3f214df42fedc953c115d0db197b	f2793f23e3064233c7c4e34093d2c6789af2cb3b2f85153fb7bd930a2bb18fdd	master_RVT-GII_merged_oriented.jsonl	14602034526	33752	26440	27849	+
PM_RVT-GII_6	m07	RVT-GII	ABFEAP010000011.1:97100-98347:+	4a2a33f7edd4163bc2b39533e38535be01abdc716f7f301235b813ee453b7a1a	4a2a33f7edd4163bc2b39533e38535be01abdc716f7f301235b813ee453b7a1a	master_RVT-GII_merged_oriented.jsonl	29581831311	33723	97100	98347	+
PM_RVT-GII_6	m08	RVT-GII	JBKUVF010000001.1:185234-186490:-	6912a68d9663bb310d66643aee2c6805b2c3c03ff461f957360c872a60a8cb55	6912a68d9663bb310d66643aee2c6805b2c3c03ff461f957360c872a60a8cb55	master_RVT-GII_merged_oriented.jsonl	14020482055	31053	185234	186490	-
PM_RVT-GII_6	m09	RVT-GII	3300012191.a:Ga0121042_10034:76384-77643:-	0a8d06135f7ae8e92962e02092a7d5ca1c28f68c40d96c71baca201b4c40ddfe	0a8d06135f7ae8e92962e02092a7d5ca1c28f68c40d96c71baca201b4c40ddfe	master_RVT-GII_merged_oriented.jsonl	33862268507	30317	76384	77643	-
PM_RVT-GII_6	m10	RVT-GII	FJVE01000007.1:1165011-1166255:+	ab2e9ce72c668c2ae65a594569d12d0969ff0331e95956141244d3c5656e8f64	ab2e9ce72c668c2ae65a594569d12d0969ff0331e95956141244d3c5656e8f64	master_RVT-GII_merged_oriented.jsonl	32269558256	32009	1165011	1166255	+
PM_RVT-GII_6	m11	RVT-GII	ABYAXS010000177.1:2365-3636:-	68cf95b40de98a393d0f5c1dc9f9e8744bdff1cd2b1c1bf7aa2b3ae2460550c7	68cf95b40de98a393d0f5c1dc9f9e8744bdff1cd2b1c1bf7aa2b3ae2460550c7	master_RVT-GII_merged_oriented.jsonl	20341133169	13696	2365	3636	-
PM_RVT-GII_6	m12	RVT-GII	BJNK01000062.1:28215-29459:+	f1fb3bb747752241625f8331615584bb5a28e743f75ce272819a30704d4e2264	f1fb3bb747752241625f8331615584bb5a28e743f75ce272819a30704d4e2264	master_RVT-GII_merged_oriented.jsonl	975968878	31444	28215	29459	+
PM_RVT-GII_6	m13	RVT-GII	JARMPJ010000029.1:90964-92226:-	dfb3504d2d42a0d9477a1a85ea026fae0bf38982d5174ddca231b992f02d1427	dfb3504d2d42a0d9477a1a85ea026fae0bf38982d5174ddca231b992f02d1427	master_RVT-GII_merged_oriented.jsonl	13358507947	34814	90964	92226	-
PM_RVT-GII_6	m14	RVT-GII	DASBWW010000009.1:149729-150973:-	0da7675732aca10dea2accd6258bbc15b3ea3275f1b67e17754062138eb25665	0da7675732aca10dea2accd6258bbc15b3ea3275f1b67e17754062138eb25665	master_RVT-GII_merged_oriented.jsonl	16119064843	22859	149729	150973	-
PM_RVT-GII_6	m15	RVT-GII	MGYG000495042_1:657055-658329:+	df39343513f5494b11c1f5a15aa2545f76f5ff2cb20bbc89c06464da0004ba4c	df39343513f5494b11c1f5a15aa2545f76f5ff2cb20bbc89c06464da0004ba4c	master_RVT-GII_merged_oriented.jsonl	8550131856	32727	657055	658329	+
PM_RVT-GII_6	m16	RVT-GII	CAWKOV010000024.1:62720-63982:+	9bb2b4cfc76d5510016a88828a0be8a9774e5c4c0b67b6e71b99d24fc83236b9	9bb2b4cfc76d5510016a88828a0be8a9774e5c4c0b67b6e71b99d24fc83236b9	master_RVT-GII_merged_oriented.jsonl	33590487101	33300	62720	63982	+
PM_RVT-GII_6	m17	RVT-GII	JAHOOD010000003.1:24133-25398:+	c1b24b5f6431603efe0f0f8af622caeaefed251cd9bb64ddfcf1e96e8bb606d9	df3993baa8b86c5ce708bdf979642a9f6a7e725c4f3ce51ff716adaf736928ba	master_RVT-GII_merged_oriented.jsonl	24337948805	32914	24133	25398	+
PM_RVT-GII_6	m18	RVT-GII	CAXTNO010000546.1:2591-3715:+	aca58b6dd1a390ee674f2a4a28dcd937a697effa94246a7f8133e8bce71f5656	aca58b6dd1a390ee674f2a4a28dcd937a697effa94246a7f8133e8bce71f5656	master_RVT-GII_merged_oriented.jsonl	14732576548	7883	2591	3715	+
PM_RVT-GII_6	m19	RVT-GII	CACVRS010000022.1:1983-3248:+	33d4f1f74720c7e08adfd8defba57fce8b45bd4a4877f9cac1a7e15fb50df3d0	33d4f1f74720c7e08adfd8defba57fce8b45bd4a4877f9cac1a7e15fb50df3d0	master_RVT-GII_merged_oriented.jsonl	6281792970	21534	1983	3248	+
PM_RVT-GII_7	m00	RVT-GII	CAKQVT010000023.1:314-1618:-	9868c7aa380d48f0e3fea0c51259f3a389d44a8905ac01792246bb53e9e50798	f773baa6c7d0e6ea551279912a365c635e0fd53b4288d6303d034e98d6a42a4e	master_RVT-GII_merged_oriented.jsonl	31675278039	11318	314	1618	-
PM_RVT-GII_7	m01	RVT-GII	MGYG000497081_6:105269-106600:-	2fb8a5e2109bc5b46491ec2d77e6c675a02f8c9769015a2db6740d17b08e4ce4	2fb8a5e2109bc5b46491ec2d77e6c675a02f8c9769015a2db6740d17b08e4ce4	master_RVT-GII_merged_oriented.jsonl	8643033719	22484	105269	106600	-
PM_RVT-GII_7	m02	RVT-GII	MGYG000495869_5:159435-160814:-	4048ed52922a6a4cf9ae07580546324c7856b74bee45736fa221e8251dbbadab	4048ed52922a6a4cf9ae07580546324c7856b74bee45736fa221e8251dbbadab	master_RVT-GII_merged_oriented.jsonl	8737629451	31653	159435	160814	-
PM_RVT-GII_7	m03	RVT-GII	JAKPGV010000453.1:1676-3046:-	b4b83ff6a2f9db16433ec6864798886c6efd08dad685a6bd2bd815f69174802a	b4b83ff6a2f9db16433ec6864798886c6efd08dad685a6bd2bd815f69174802a	master_RVT-GII_merged_oriented.jsonl	32592026336	16187	1676	3046	-
PM_RVT-GII_7	m04	RVT-GII	DASWRX010000159.1:51545-52894:+	90f842a480f941f27fd0e1a0b495bcfd3c969ab25e42cc556de095bd139067fe	90f842a480f941f27fd0e1a0b495bcfd3c969ab25e42cc556de095bd139067fe	master_RVT-GII_merged_oriented.jsonl	33184066274	31530	51545	52894	+
PM_RVT-GII_7	m05	RVT-GII	JAKBGB010000014.1:10808-12334:+	284ddb5e5a65b8aae29e5df0c80cecb8a2f670b52b93336d18099c6a6b0cdcf7	284ddb5e5a65b8aae29e5df0c80cecb8a2f670b52b93336d18099c6a6b0cdcf7	master_RVT-GII_merged_oriented.jsonl	14323784990	26443	10808	12334	+
PM_RVT-GII_7	m06	RVT-GII	CBDCCY010000004.1:1174887-1176191:+	e965f495bade9fbab9d6b720aa5d82b15f9d58ee96d02104696a85c2757f6de5	e965f495bade9fbab9d6b720aa5d82b15f9d58ee96d02104696a85c2757f6de5	master_RVT-GII_merged_oriented.jsonl	33386589170	31899	1174887	1176191	+
PM_RVT-GII_7	m07	RVT-GII	DATJTJ010000003.1:12448-13812:-	56916a0a44b7be68d5527dbaacf2a0d3a2abcbe7f95a19346341f39dc9a85b94	56916a0a44b7be68d5527dbaacf2a0d3a2abcbe7f95a19346341f39dc9a85b94	master_RVT-GII_merged_oriented.jsonl	33181728062	31812	12448	13812	-
PM_RVT-GII_7	m08	RVT-GII	CAWKLQ010000012.1:460136-461518:+	c48b2719306786eeff59be1d9188a642a807418980724cbe4fddb2647b47bab3	c48b2719306786eeff59be1d9188a642a807418980724cbe4fddb2647b47bab3	master_RVT-GII_merged_oriented.jsonl	30500607071	30694	460136	461518	+
PM_RVT-GII_8	m00	RVT-GII	ABWQVR010000011.1:36438-37343:+	6b80bfab816ae8b15d8e615d1ca951de447c72ab7c2c230748ccb941597fb95c	6d4b620f8cd62c31d0922c801cc414373d78312e9eb15c1c514da03605961ea3	master_RVT-GII_merged_oriented.jsonl	31411257919	33634	36438	37343	+
PM_RVT-GII_8	m01	RVT-GII	RJRB01000031.1:195842-196879:-	81f6a89f366fd5f5fabb39b5b1f568cb7e286eecab9c07365f1fe05060b63282	3530305a9e74e774423a75121a0a33542564eac481d1cae8e79899134439a6f2	master_RVT-GII_merged_oriented.jsonl	31301583164	33094	195842	196879	-
PM_RVT-GII_8	m02	RVT-GII	FONT01000002.1:112901-113815:-	fbc7f13d5882ac5afd751eb45f0a8098172b0503899b63b1b5d4e725b2920b61	fbc7f13d5882ac5afd751eb45f0a8098172b0503899b63b1b5d4e725b2920b61	master_RVT-GII_merged_oriented.jsonl	3775883665	33630	112901	113815	-
PM_RVT-GII_8	m03	RVT-GII	3300020275.a:Ga0211562_1000832:3-890:-	57dfd9fa284b001c8fc894ed8b9221a4b3c0432feebc0bf17c2f8605e9bfb517	57dfd9fa284b001c8fc894ed8b9221a4b3c0432feebc0bf17c2f8605e9bfb517	master_RVT-GII_merged_oriented.jsonl	33904094431	18152	3	890	-
PM_RVT-GII_8	m04	RVT-GII	AAXKIF010000084.1:719-1642:-	2d5286cea30dfd77066eb9f18f649a065a9314711ba7cca76393a2564456925b	2d5286cea30dfd77066eb9f18f649a065a9314711ba7cca76393a2564456925b	master_RVT-GII_merged_oriented.jsonl	31285898781	15521	719	1642	-
PM_RVT-GII_8	m05	RVT-GII	DANISB010000010.1:99606-100799:+	c1254b9f7026daa2a76050c566d9749796abbff493fbe003e1122ad0041abc04	33e04dd255ec8037536b6e7f4ff5166e3b3d0b352e5ed2be27ef72f1c8492b3c	master_RVT-GII_merged_oriented.jsonl	24466729228	18502	99606	100799	+
PM_RVT-UG2_1	m00	RVT-UG2	CP110230.1:281196-282749:+	1c291cecf90f475c5221240fc3914a810ca8173b6926182462e9dc5e64a6a2d7	c3480e0aff32d2d2b382bf35d2daeeb58e6a69f367451347b01d3ba229f38078	master_RVT-UG2_merged_oriented.jsonl	358960814	32461	281196	282749	+
PM_RVT-UG2_1	m01	RVT-UG2	JAIFLT010000004.1:14483-16039:-	d2ef8ac6295494fe3ec4021c31a2c49f0b21f81bbfc944cb8ae0d289b3d99665	5d4ebfae9dfcc9f4b868d3e071a8f668e1639643e55d678883948b009e540d32	master_RVT-UG2_merged_oriented.jsonl	400419561	27244	14483	16039	-
PM_RVT-UG2_1	m02	RVT-UG2	JAHEQG010000016.1:6128-7723:+	3894397822215797924cda0dd568e401c196059fb54c1c907c639afa2c27241d	41adaa3f345c33c08be0781e02848229b39827e5bc22c884c6f23425f1d6dd9a	master_RVT-UG2_merged_oriented.jsonl	103187771	27302	6128	7723	+
PM_RVT-UG2_1	m03	RVT-UG2	OY759830.1:307383-308933:-	11b6ca48655fb2c31f1b6aaebafb478d9d8ea1fb91f92376ed4cc85aa1bf0296	11b6ca48655fb2c31f1b6aaebafb478d9d8ea1fb91f92376ed4cc85aa1bf0296	master_RVT-UG2_merged_oriented.jsonl	245833151	29952	307383	308933	-
PM_RVT-UG2_1	m04	RVT-UG2	JALYVO010000010.1:2590-4152:-	b978af3d15b14796dc8fd3e6319e3afaa0cdccc81b69740b648a640a36672f09	b978af3d15b14796dc8fd3e6319e3afaa0cdccc81b69740b648a640a36672f09	master_RVT-UG2_merged_oriented.jsonl	99752205	20953	2590	4152	-
PM_RVT-UG2_1	m05	RVT-UG2	RBKZ01000001.1:19419-20993:+	c70fa912a0cb0414959970d45439fe713758109006224d4abf53410b8faae1aa	c70fa912a0cb0414959970d45439fe713758109006224d4abf53410b8faae1aa	master_RVT-UG2_merged_oriented.jsonl	1270254431	31001	19419	20993	+
PM_RVT-UG2_1	m06	RVT-UG2	CAXXPB010000033.1:50399-51985:-	e3d57e80474a2196f4bc376177234e688a0ed50ab1f5df7f69d2fba7cbceda83	e3d57e80474a2196f4bc376177234e688a0ed50ab1f5df7f69d2fba7cbceda83	master_RVT-UG2_merged_oriented.jsonl	1239317072	32075	50399	51985	-
PM_RVT-UG2_1	m07	RVT-UG2	3300025502.a:Ga0208903_1001967:5397-6926:-	f2757b3cc537c15fc4d8e1bc8ba02e16961734e74345d7ea6dad7ebd9a755734	f2757b3cc537c15fc4d8e1bc8ba02e16961734e74345d7ea6dad7ebd9a755734	master_RVT-UG2_merged_oriented.jsonl	1307657666	19227	5397	6926	-
PM_RVT-UG2_1	m08	RVT-UG2	JAUSRP010000001.1:1824049-1825584:-	18f2811be154a6ec1e8c919f18e10d4cc106bb089a5ddd9de2dbd1010ce825d1	18f2811be154a6ec1e8c919f18e10d4cc106bb089a5ddd9de2dbd1010ce825d1	master_RVT-UG2_merged_oriented.jsonl	9004211	31867	1824049	1825584	-
PM_RVT-UG2_1	m09	RVT-UG2	BJTE01000047.1:8830-10371:-	8ddb8b43074332c911dda8e23f68af94323655c0325a69e4a7d4672ed2c299f7	1445fadc516a6273705aa3b14e3b236631126c997d5f197c5f098ef6a5d6570f	master_RVT-UG2_merged_oriented.jsonl	1157900528	28791	8830	10371	-
PM_RVT-UG2_1	m10	RVT-UG2	3300027832.a:Ga0209491_10014085:4375-5919:-	5525e160845f0a0d7ca251bc68f645eaaab55d8acbccf979d569ba24abcbc2e8	5525e160845f0a0d7ca251bc68f645eaaab55d8acbccf979d569ba24abcbc2e8	master_RVT-UG2_merged_oriented.jsonl	1304752863	13696	4375	5919	-
PM_RVT-UG2_1	m11	RVT-UG2	QJRH01000066.1:10739-12289:-	91a9650e733c097900b7e1792320ef480ff1feed579d6c415587ae08d23f1dbb	91a9650e733c097900b7e1792320ef480ff1feed579d6c415587ae08d23f1dbb	master_RVT-UG2_merged_oriented.jsonl	110670706	34020	10739	12289	-
PM_RVT-UG2_1	m12	RVT-UG2	3300006289.a:Ga0099614_100065:93948-95573:-	c16ce076973f98022510347fe375d0b7cf52c8b5bf1aa043245635d58dc9e9b7	db8d62186f083be8085b2344f67d55e2ba94b84b2b35b1e612b6b7ea56b8fb70	master_RVT-UG2_merged_oriented.jsonl	1302371813	32674	93948	95573	-
PM_RVT-UG2_1	m13	RVT-UG2	BAAFHL010000027.1:8035-9459:-	7f96b3b3b9a6798bba204d2ded7c3f84fdd48bdc3b75f9bd7c3ddfaf5e0ab738	7f96b3b3b9a6798bba204d2ded7c3f84fdd48bdc3b75f9bd7c3ddfaf5e0ab738	master_RVT-UG2_merged_oriented.jsonl	1295985947	26466	8035	9459	-
PM_RVT-UG2_1	m14	RVT-UG2	JAUIAO010000024.1:11771-13327:-	41bbdc09ccfc9939a58bd3dd2324c62d130ee95a966c3de901b98c63c058fa8d	41bbdc09ccfc9939a58bd3dd2324c62d130ee95a966c3de901b98c63c058fa8d	master_RVT-UG2_merged_oriented.jsonl	1264986701	28785	11771	13327	-
PM_RVT-UG2_1	m15	RVT-UG2	MPDE01000016.1:30485-32029:+	f79bf66b55cf6101e3ecb9037bf65e8473ebe8030846445ed9c41ab6f72afcf8	f79bf66b55cf6101e3ecb9037bf65e8473ebe8030846445ed9c41ab6f72afcf8	master_RVT-UG2_merged_oriented.jsonl	1239536189	22031	30485	32029	+
PM_RVT-UG2_1	m16	RVT-UG2	CAJXHW010000093.1:891-2426:-	ccef379d622aae83c3f71ab591a3610e2e5922f01c635bf3b278f1d6b1b1f914	ccef379d622aae83c3f71ab591a3610e2e5922f01c635bf3b278f1d6b1b1f914	master_RVT-UG2_merged_oriented.jsonl	289914859	12022	891	2426	-
PM_RVT-UG2_1	m17	RVT-UG2	JACLMH010000006.1:209092-210636:+	4211a1dacf7d80c4663368d314e9e1dbd1c664b6478719dd5521670725583527	4211a1dacf7d80c4663368d314e9e1dbd1c664b6478719dd5521670725583527	master_RVT-UG2_merged_oriented.jsonl	1225683846	20328	209092	210636	+
PM_RVT-UG2_1	m18	RVT-UG2	KE150253.1:412380-413933:+	17d41e70f9f2088f04892b481754d1548ff2db1e9b0d5ff43dc0613906080e13	17d41e70f9f2088f04892b481754d1548ff2db1e9b0d5ff43dc0613906080e13	master_RVT-UG2_merged_oriented.jsonl	483145445	30370	412380	413933	+
PM_RVT-UG2_1	m19	RVT-UG2	JBJGWE010000009.1:9966-11525:+	74aaba3685d2597cba68157589b6a79aafb5da80959d4b757796c892b50373ce	74aaba3685d2597cba68157589b6a79aafb5da80959d4b757796c892b50373ce	master_RVT-UG2_merged_oriented.jsonl	1240151002	33907	9966	11525	+
PM_RVT-UG2_2	m00	RVT-UG2	JAKKUW010000002.1:581661-583148:-	4c6ef0b39bf398b61e8797eb12c1fbaff29a57145737594a204e142babd0e368	4c6ef0b39bf398b61e8797eb12c1fbaff29a57145737594a204e142babd0e368	master_RVT-UG2_merged_oriented.jsonl	523790459	31587	581661	583148	-
PM_RVT-UG2_2	m01	RVT-UG2	DASYHP010000021.1:48263-49723:+	59b7d92a412fefb73d290482cf53af0e5687254d8c2116bd2194db742876016b	59b7d92a412fefb73d290482cf53af0e5687254d8c2116bd2194db742876016b	master_RVT-UG2_merged_oriented.jsonl	1241706768	37412	48263	49723	+
PM_RVT-UG2_2	m02	RVT-UG2	DQDY01000022.1:9964-11400:-	c71344005369656007bda05cc56c12add5feb46befd22068a2e16a3689e44511	c71344005369656007bda05cc56c12add5feb46befd22068a2e16a3689e44511	master_RVT-UG2_merged_oriented.jsonl	507266282	31897	9964	11400	-
PM_RVT-UG2_2	m03	RVT-UG2	MGYG000495657_5:159262-160770:-	edd246840a7fd306a4797c3e30fd0005b2777886a1959980b4c69a4a7185fa77	edd246840a7fd306a4797c3e30fd0005b2777886a1959980b4c69a4a7185fa77	master_RVT-UG2_merged_oriented.jsonl	342931377	34181	159262	160770	-
PM_RVT-UG2_2	m04	RVT-UG2	LNQB01000077.1:29371-30693:+	869e6053dc41cbc8f69bf38821eddcbf075979ee75f44e7464477ef523314b43	869e6053dc41cbc8f69bf38821eddcbf075979ee75f44e7464477ef523314b43	master_RVT-UG2_merged_oriented.jsonl	453119340	18244	29371	30693	+
PM_RVT-UG2_2	m05	RVT-UG2	JAGWTB010000006.1:2981-4438:+	6f5dbed7ceb5ac7b0b0510286e278c6655901acccf9347129a69aff4c1e8abea	6f5dbed7ceb5ac7b0b0510286e278c6655901acccf9347129a69aff4c1e8abea	master_RVT-UG2_merged_oriented.jsonl	291508808	24379	2981	4438	+
PM_RVT-UG2_2	m06	RVT-UG2	JBPUGG010000001.1:4254292-4255728:-	7b4a686b6797e91da3968cf310550bc3d56d7e2c3ece176795baf01db07c0a39	7b4a686b6797e91da3968cf310550bc3d56d7e2c3ece176795baf01db07c0a39	master_RVT-UG2_merged_oriented.jsonl	1297407329	34613	4254292	4255728	-
PM_RVT-UG2_3	m00	RVT-UG2	CP109781.1:1331596-1332819:+	95a741769a3fbea78c0bfbe7626412253ec9c8838983bc519209f0836454a06c	95a741769a3fbea78c0bfbe7626412253ec9c8838983bc519209f0836454a06c	master_RVT-UG2_merged_oriented.jsonl	391325079	30836	1331596	1332819	+
PM_RVT-UG2_3	m01	RVT-UG2	UEII01000009.1:437065-438459:+	0f1b27bfc5336af126a0a40e4aba085f48c1b211dbdaf5a2a87aa987a70bfe46	ac682afa005afe76a2e5fd185a45f1f6cc59a2615e6a1100e1d8e284195ef06f	master_RVT-UG2_merged_oriented.jsonl	501328169	26472	437065	438459	+
PM_RVT-UG2_3	m02	RVT-UG2	CP158568.1:4220273-4221517:+	de5f4e072a7be3fb888bd4eed09e6735bd9af3b967351690a8e36110c55b1e09	de5f4e072a7be3fb888bd4eed09e6735bd9af3b967351690a8e36110c55b1e09	master_RVT-UG2_merged_oriented.jsonl	392530257	31143	4220273	4221517	+
PM_RVT-UG2_3	m03	RVT-UG2	JBARLM010000129.1:1207-2436:-	976be3fc6de7b7024219c6eb4be60db4be30d2990687713821cd5fc2fd9b5b0a	976be3fc6de7b7024219c6eb4be60db4be30d2990687713821cd5fc2fd9b5b0a	master_RVT-UG2_merged_oriented.jsonl	1260282142	11421	1207	2436	-
PM_RVT-UG2_3	m04	RVT-UG2	JBERLN010000006.1:250363-251391:-	acd07b70a96d000ec07501b364bcdd2df846659450e4b779ed0c136616053e7e	acd07b70a96d000ec07501b364bcdd2df846659450e4b779ed0c136616053e7e	master_RVT-UG2_merged_oriented.jsonl	1116818211	33351	250363	251391	-
PM_RVT-UG2_3	m05	RVT-UG2	JACXAB010000007.1:175053-176291:-	94429203ce1cc50085b3c6dd5302fa419b419a163d53afc0f88f7b7e52955e64	94429203ce1cc50085b3c6dd5302fa419b419a163d53afc0f88f7b7e52955e64	master_RVT-UG2_merged_oriented.jsonl	1242210883	32267	175053	176291	-
PM_RVT-UG2_3	m06	RVT-UG2	JBOHIF010000120.1:2605-3648:+	c183c47a03170832d26aea764b913cdc92a5b3474ed95053dd14ebe79066ae21	c183c47a03170832d26aea764b913cdc92a5b3474ed95053dd14ebe79066ae21	master_RVT-UG2_merged_oriented.jsonl	1262773503	9108	2605	3648	+
PM_RVT-UG2_3	m07	RVT-UG2	MKSQ01000007.1:320838-322061:-	5a3f0d268f5a603dce0cffa1ee007d42991d330eeafae4f3424a733cdb869f1a	5a3f0d268f5a603dce0cffa1ee007d42991d330eeafae4f3424a733cdb869f1a	master_RVT-UG2_merged_oriented.jsonl	499448452	31814	320838	322061	-
PM_RVT-UG2_4	m00	RVT-UG2	3300012269.a:Ga0136560_1001373:1075-2781:-	79ba55d13fe8ddb8e3e9c07c7fc7c6c65225751308e8b7d6b5e6b535e8d6f2d2	79ba55d13fe8ddb8e3e9c07c7fc7c6c65225751308e8b7d6b5e6b535e8d6f2d2	master_RVT-UG2_merged_oriented.jsonl	1300087386	21319	1075	2781	-
PM_RVT-UG2_4	m01	RVT-UG2	CALRRY020000053.1:8552-10078:+	143fa95c8c24c0f3ec4a2fe579906f985758496127bff0b9855a6820a92ef5ec	143fa95c8c24c0f3ec4a2fe579906f985758496127bff0b9855a6820a92ef5ec	master_RVT-UG2_merged_oriented.jsonl	1084880504	23799	8552	10078	+
PM_RVT-UG2_4	m02	RVT-UG2	JANHGS010000043.1:14780-16471:+	ff12299f9b2fa4dc82606bb0a26636347445d24ecc2cabf4d1375d1207801279	ff12299f9b2fa4dc82606bb0a26636347445d24ecc2cabf4d1375d1207801279	master_RVT-UG2_merged_oriented.jsonl	479862478	32668	14780	16471	+
PM_RVT-UG2_4	m03	RVT-UG2	MEOB01000008.1:215599-217170:+	a97dcec161feba4ea36c3ee8a61edb76faa2c582e3a5319b328ff29aeda7e699	a97dcec161feba4ea36c3ee8a61edb76faa2c582e3a5319b328ff29aeda7e699	master_RVT-UG2_merged_oriented.jsonl	1237857749	32777	215599	217170	+
PM_RVT-UG2_4	m04	RVT-UG2	NC_009441.1:2804401-2805918:+	38ec5b07eaca094583098dd154e559cf6ca1010bc5cc02f14f084f0e9f49caae	38ec5b07eaca094583098dd154e559cf6ca1010bc5cc02f14f084f0e9f49caae	master_RVT-UG2_merged_oriented.jsonl	73696276	32798	2804401	2805918	+
PM_RVT-UG2_4	m05	RVT-UG2	JBARCE010000027.1:39549-41084:+	f6b3e5b76b87be87c618b4c7f173ca647ce6443f0a9dbaa9b4c32a54851c3448	f6b3e5b76b87be87c618b4c7f173ca647ce6443f0a9dbaa9b4c32a54851c3448	master_RVT-UG2_merged_oriented.jsonl	1260237766	29434	39549	41084	+
PM_RVT-UG2_4	m06	RVT-UG2	JADJID010000011.1:26620-28143:-	fcbba103845bce94027a6edaca1529e2c713384eec7499e7eb6963133893fe97	fcbba103845bce94027a6edaca1529e2c713384eec7499e7eb6963133893fe97	master_RVT-UG2_merged_oriented.jsonl	1289697379	29994	26620	28143	-
PM_RVT-UG2_4	m07	RVT-UG2	LMPD01000003.1:221669-223195:-	aca6cfddf213f69711fbfdbd682db372389108d78cafbed7d4dbd731f19345b4	aca6cfddf213f69711fbfdbd682db372389108d78cafbed7d4dbd731f19345b4	master_RVT-UG2_merged_oriented.jsonl	194706991	30730	221669	223195	-
PM_RVT-UG2_4	m08	RVT-UG2	LUVZ01000003.1:150628-152142:+	257e8e273b9b55bbaf9440b47c2a20bb2208b825c9599dc89adb30af30c4c15b	257e8e273b9b55bbaf9440b47c2a20bb2208b825c9599dc89adb30af30c4c15b	master_RVT-UG2_merged_oriented.jsonl	80215539	19070	150628	152142	+
PM_RVT-UG2_5	m00	RVT-UG2	CATBCM010000027.1:67211-68650:+	2e46b5a19cfdf20cb52b56738a7c7d8cf41a020062da747c6e6c4827f87ffc77	a2f956403dfdde33bcdd4d9513cfe297622a4a1afb3402f9ab05c9fd5835e7e0	master_RVT-UG2_merged_oriented.jsonl	1238944721	32448	67211	68650	+
PM_RVT-UG2_5	m01	RVT-UG2	CAPIAL010000063.1:5330-6718:+	ac9d5da9d754701c60063fb7a16e7d493d8be5bad243baebf5deb604d3261b0f	ac9d5da9d754701c60063fb7a16e7d493d8be5bad243baebf5deb604d3261b0f	master_RVT-UG2_merged_oriented.jsonl	472250090	24524	5330	6718	+
PM_RVT-UG2_5	m02	RVT-UG2	CAOKOL010000002.1:112583-113857:-	d46f651eb310bf1d8746b5c1913d8ee4bc88c2ea7a4acdc1b0e9903b0ecf8694	d46f651eb310bf1d8746b5c1913d8ee4bc88c2ea7a4acdc1b0e9903b0ecf8694	master_RVT-UG2_merged_oriented.jsonl	1210647704	32690	112583	113857	-
PM_RVT-UG2_5	m03	RVT-UG2	CAKMIS010000105.1:5440-6807:+	504baf1f9deba0bd927e902a1ada821b3cfac62fae991f11accdc38d48f4e680	0acf39f5a2394d1b42106cfb981d5d97869d2f2660192349e635cff908878e89	master_RVT-UG2_merged_oriented.jsonl	1175711336	13743	5440	6807	+
PM_RVT-UG2_5	m04	RVT-UG2	3300022177.a:Ga0228536_1000426:64613-66079:+	35283910594b1393f36a49c6307f8c01e608a8b4058fc63e8bb992168e97bc60	35283910594b1393f36a49c6307f8c01e608a8b4058fc63e8bb992168e97bc60	master_RVT-UG2_merged_oriented.jsonl	1301671127	34530	64613	66079	+
PM_RVT-UG2_5	m05	RVT-UG2	CASFZG010000018.1:4410-5816:-	b0a44ffd0c1d44c73fb4a52cb63ed3ad0aa424f6ca5335b9afb00c8780dcaecc	b0a44ffd0c1d44c73fb4a52cb63ed3ad0aa424f6ca5335b9afb00c8780dcaecc	master_RVT-UG2_merged_oriented.jsonl	220590009	27014	4410	5816	-
PM_RVT-UG2_5	m06	RVT-UG2	3300029582.a:Ga0245118_100001:263267-264682:+	f8723822733eeb175cb514a378f14b7130fc653fc645a2edb4d1ab9f5de0c263	f8723822733eeb175cb514a378f14b7130fc653fc645a2edb4d1ab9f5de0c263	master_RVT-UG2_merged_oriented.jsonl	1303067899	34967	263267	264682	+
PM_RVT-UG2_5	m07	RVT-UG2	CANRMI010000004.1:32204-33613:+	d859cfedacefd567a31d1b6bff141700e575865c8fd2c69ab89e4e58beb65340	d859cfedacefd567a31d1b6bff141700e575865c8fd2c69ab89e4e58beb65340	master_RVT-UG2_merged_oriented.jsonl	1210445123	30896	32204	33613	+
PM_RVT-UG2_5	m08	RVT-UG2	JAEZWU010000037.1:14273-15562:+	723cf9d3a4e3331676aa31241a1b231a99eaca1d240549ed1a56672a405ae37c	723cf9d3a4e3331676aa31241a1b231a99eaca1d240549ed1a56672a405ae37c	master_RVT-UG2_merged_oriented.jsonl	1242533953	34808	14273	15562	+
PM_RVT-UG2_5	m09	RVT-UG2	MGYG000279425_1:5632-7047:-	db56f664c7d720112489cc9b087e61ddebac74d9b155209660ad87de95c017b5	db56f664c7d720112489cc9b087e61ddebac74d9b155209660ad87de95c017b5	master_RVT-UG2_merged_oriented.jsonl	321491233	28050	5632	7047	-
PM_RVT-UG2_5	m10	RVT-UG2	JAIJAF010000011.1:56599-57981:-	1ce369515a30166e8f03fc0a016975e5a826179c59ea2676b752418062fafab4	1ce369515a30166e8f03fc0a016975e5a826179c59ea2676b752418062fafab4	master_RVT-UG2_merged_oriented.jsonl	1259341117	26477	56599	57981	-
PM_RVT-UG2_5	m11	RVT-UG2	CAJJSN010000043.1:42177-43550:+	43e34979a1cd1e5b7efdba1684089c45767eeeeb054536289f8c4e29aefc4597	43e34979a1cd1e5b7efdba1684089c45767eeeeb054536289f8c4e29aefc4597	master_RVT-UG2_merged_oriented.jsonl	1216496485	25318	42177	43550	+
PM_RVT-UG2_6	m00	RVT-UG2	UVXE01000141.1:105645-106937:+	f8564c4d61ca74cad0ba329fbc9f793c081875bb5a6a85bcd65ea26084581bf9	bd210427a80745cdca0a0e0f092ceb77ff4ba5e930ba844e795ed56221d1cf34	master_RVT-UG2_merged_oriented.jsonl	1082334828	32418	105645	106937	+
PM_RVT-UG2_6	m01	RVT-UG2	POGX01000002.1:359305-360600:-	e267932f808f3239d3414be1c1906f332db4f426d965af8ea7ef3b39d55d5476	e267932f808f3239d3414be1c1906f332db4f426d965af8ea7ef3b39d55d5476	master_RVT-UG2_merged_oriented.jsonl	1268938220	33656	359305	360600	-
PM_RVT-UG2_6	m02	RVT-UG2	MGYG000510853_11:1295822-1297114:+	ef6e64f6b276d592b2b10c17a74efb41afa7ddbd710a9090fba4d97600bbbe4c	ef6e64f6b276d592b2b10c17a74efb41afa7ddbd710a9090fba4d97600bbbe4c	master_RVT-UG2_merged_oriented.jsonl	343716186	34750	1295822	1297114	+
PM_RVT-UG2_6	m03	RVT-UG2	NEHP01000004.1:85091-86386:+	b829c7624bcd3369147eb6d198018f35ca6e864de11b56c4c12bfddd96710ace	82ad871b0ae223c1e783ae63f2f30167bcaaff5470a426559faccd65b966145b	master_RVT-UG2_merged_oriented.jsonl	506267897	31601	85091	86386	+
PM_RVT-UG2_6	m04	RVT-UG2	QPBT01000109.1:18702-19979:+	365662128ed20c56f1dba62e4f2576dc3754b2340c281681628c931013a14990	f28a06b69fcc789f5bf59abc41863a27d40a0ac9f2323ed75febaf31b05cd94d	master_RVT-UG2_merged_oriented.jsonl	409480539	18568	18702	19979	+
PM_RVT-UG2_6	m05	RVT-UG2	JASCPM010000018.1:58376-59653:-	a9be29035109339ef48b64c0b1a534c8181ac7db72809a875a45980c70260ce6	a9be29035109339ef48b64c0b1a534c8181ac7db72809a875a45980c70260ce6	master_RVT-UG2_merged_oriented.jsonl	134500204	32511	58376	59653	-
PM_RVT-UG2_6	m06	RVT-UG2	CAUQSO010000008.1:162122-163414:-	c0a82574b27d2e10cd776bd3d3c39f1cd9ccc9e42d49bdcd99ea4715c7f8fc56	c0a82574b27d2e10cd776bd3d3c39f1cd9ccc9e42d49bdcd99ea4715c7f8fc56	master_RVT-UG2_merged_oriented.jsonl	1161380491	30908	162122	163414	-
PM_RVT-UG2_6	m07	RVT-UG2	CM129931.1:5631911-5633245:+	a7eaee9dc40e53aacc0e397181ecf38e9b65cdbc7a5ec2dccdd7464e697656dc	c21aa7b9f18088f9e4161f3d6afb0213dc785c61a0e09e1dc85fad4d3e2d27b1	master_RVT-UG2_merged_oriented.jsonl	396695761	32978	5631911	5633245	+
PM_RVT-UG2_6	m08	RVT-UG2	CP176868.1:5116589-5117881:+	a621bf3eb9d89b1872314d3ff42c06d6bdcc49eb5c10c98dc6543c58613572cf	a621bf3eb9d89b1872314d3ff42c06d6bdcc49eb5c10c98dc6543c58613572cf	master_RVT-UG2_merged_oriented.jsonl	374917264	31998	5116589	5117881	+
PM_RVT-UG2_7	m00	RVT-UG2	CP027407.1:163367-164737:+	2a142d1a1ae3ebacadfd10684861f8a05e78a1361fa9f9242f3f81787b9fb664	2a142d1a1ae3ebacadfd10684861f8a05e78a1361fa9f9242f3f81787b9fb664	master_RVT-UG2_merged_oriented.jsonl	367124883	29177	163367	164737	+
PM_RVT-UG2_7	m01	RVT-UG2	JADCDT010000208.1:3600-4931:-	005e416e93f8de4dfa42fc97766f966f9f91e5572a1ca86c3107fa45a3e8be4b	005e416e93f8de4dfa42fc97766f966f9f91e5572a1ca86c3107fa45a3e8be4b	master_RVT-UG2_merged_oriented.jsonl	715042915	23996	3600	4931	-
PM_RVT-UG2_7	m02	RVT-UG2	CANLVQ010000005.1:4599-5933:+	cc3c9c3c6f58cd18700acfa97f66942edfd7fa6e55744d08cadc3517d8ad8af5	cc3c9c3c6f58cd18700acfa97f66942edfd7fa6e55744d08cadc3517d8ad8af5	master_RVT-UG2_merged_oriented.jsonl	88910386	29231	4599	5933	+
PM_RVT-UG2_7	m03	RVT-UG2	CP079194.1:171197-172564:-	753433290b221666b588a416d3ff91b7f8eff15f65e36ead99b652595aa2ff33	753433290b221666b588a416d3ff91b7f8eff15f65e36ead99b652595aa2ff33	master_RVT-UG2_merged_oriented.jsonl	388825225	31565	171197	172564	-
PM_RVT-UG2_7	m04	RVT-UG2	KE557277.1:292582-293895:-	0ce02b78ba89927080647024fe4f06b0330181d519119d87153a897e07d846ed	0ce02b78ba89927080647024fe4f06b0330181d519119d87153a897e07d846ed	master_RVT-UG2_merged_oriented.jsonl	487344903	28193	292582	293895	-
PM_RVT-UG2_7	m05	RVT-UG2	CBDBIK010000005.1:141185-142498:+	916ad90054dd537e846e3a1939ae1d83d96ab7a7be55bf7f089b0836988836c7	916ad90054dd537e846e3a1939ae1d83d96ab7a7be55bf7f089b0836988836c7	master_RVT-UG2_merged_oriented.jsonl	1251873764	32065	141185	142498	+
PM_RVT-UG2_7	m06	RVT-UG2	JBCDKQ010000007.1:26489-27871:+	16ba9ec3a196f25cb9e5d5124d1cc3cf40054b8aa4038313ad1744ce2e2bf3f2	16ba9ec3a196f25cb9e5d5124d1cc3cf40054b8aa4038313ad1744ce2e2bf3f2	master_RVT-UG2_merged_oriented.jsonl	1257792296	51202	26489	27871	+
PM_RVT-UG2_7	m07	RVT-UG2	BDEU01000117.1:744-2078:-	4e25de88de2abaaad33c6ec1784f2bae329217418e80d97bca8474b874668af0	4e25de88de2abaaad33c6ec1784f2bae329217418e80d97bca8474b874668af0	master_RVT-UG2_merged_oriented.jsonl	1228750122	18569	744	2078	-
PM_RVT-UG2_7	m08	RVT-UG2	JAPYPP010000008.1:12402-13772:+	e8d713338bdf66dc4541b37594ffd191494dfd26a67836393ede7fca8a81bdec	e8d713338bdf66dc4541b37594ffd191494dfd26a67836393ede7fca8a81bdec	master_RVT-UG2_merged_oriented.jsonl	287248461	24293	12402	13772	+
PM_RVT-UG2_8	m00	RVT-UG2	CP087135.1:2123840-2125435:-	6d98b442578956b301b9e5a5252ff56937275683092675176dc48800cefaf60e	6d98b442578956b301b9e5a5252ff56937275683092675176dc48800cefaf60e	master_RVT-UG2_merged_oriented.jsonl	389332747	37122	2123840	2125435	-
PM_RVT-UG2_8	m01	RVT-UG2	CAZRYU010000067.1:35-1627:-	4073c04542a372a7fe6813b4581dc3e3012989fd58b382fed11118756c962517	4073c04542a372a7fe6813b4581dc3e3012989fd58b382fed11118756c962517	master_RVT-UG2_merged_oriented.jsonl	472437544	11405	35	1627	-
PM_RVT-UG2_8	m02	RVT-UG2	CP080025.1:407484-409085:-	632aeef15ce8585bdd2de3f3090237b388d683a98a149a69d4cee85963a3b873	632aeef15ce8585bdd2de3f3090237b388d683a98a149a69d4cee85963a3b873	master_RVT-UG2_merged_oriented.jsonl	389234132	30262	407484	409085	-
PM_RVT-UG2_8	m03	RVT-UG2	JAHBUC010000001.1:521392-522915:-	88ff2f01c218dbbfa4e092d838a2f18c3fd6c7c1a1d1064ee4ee7da90a767657	88ff2f01c218dbbfa4e092d838a2f18c3fd6c7c1a1d1064ee4ee7da90a767657	master_RVT-UG2_merged_oriented.jsonl	1270470614	35440	521392	522915	-
PM_RVT-UG2_8	m04	RVT-UG2	CP166110.1:3462468-3464054:+	00f68497d10344227d97769707aa1140137c55950f8465b799d98fc8b1b96300	358b0c3074313ed37a8d5dd013b24a2305b879d18b03b6b7e1d24a60a1adce92	master_RVT-UG2_merged_oriented.jsonl	385084948	30381	3462468	3464054	+
PM_RVT-UG2_8	m05	RVT-UG2	CANLVV010000001.1:1461774-1463375:+	1804be55d408894471ef3716a2ff5eae1ba8762f4d6330159c086dc04cd6c5e8	1804be55d408894471ef3716a2ff5eae1ba8762f4d6330159c086dc04cd6c5e8	master_RVT-UG2_merged_oriented.jsonl	1220920306	34541	1461774	1463375	+
PM_RVT-UG2_8	m06	RVT-UG2	PLMP01000295.1:13689-15215:+	ddcc5dbee7fdbb6f8bf17742fc8b36c598d72240bf4a8b5cbab078d255fe821c	ddcc5dbee7fdbb6f8bf17742fc8b36c598d72240bf4a8b5cbab078d255fe821c	master_RVT-UG2_merged_oriented.jsonl	507947978	24220	13689	15215	+
PM_RVT-UG2_8	m07	RVT-UG2	DAORFI010000011.1:157017-158570:+	d9217cfd4fa1f1a36edd6e7a765ced29740badfcfb2f99f746d950491af19135	d9217cfd4fa1f1a36edd6e7a765ced29740badfcfb2f99f746d950491af19135	master_RVT-UG2_merged_oriented.jsonl	510954637	19071	157017	158570	+
PM_RVT-UG2_8	m08	RVT-UG2	DATNBP010000217.1:30262-31776:+	ac79a483b2a7a7b10b7e6af8180f0da772751287963dbfd05041a085fe3ff6a8	ac79a483b2a7a7b10b7e6af8180f0da772751287963dbfd05041a085fe3ff6a8	master_RVT-UG2_merged_oriented.jsonl	287988696	28203	30262	31776	+
PM_RVT-UG2_8	m09	RVT-UG2	CANJWN010000027.1:2232-3830:+	867314c9f409ce87c5b59bb4538052348a182708d46aa90506d7ff7a29dfab78	867314c9f409ce87c5b59bb4538052348a182708d46aa90506d7ff7a29dfab78	master_RVT-UG2_merged_oriented.jsonl	1260401562	23833	2232	3830	+
PM_RVT-UG2_8	m10	RVT-UG2	JAEHFX010000003.1:396017-397645:-	7dfe77ab1c5a689f73c6b36431b8c174f9c489deb883205a0871d78d35c5d236	7dfe77ab1c5a689f73c6b36431b8c174f9c489deb883205a0871d78d35c5d236	master_RVT-UG2_merged_oriented.jsonl	131435743	34361	396017	397645	-
PM_RVT-UG2_8	m11	RVT-UG2	3300010403.a:Ga0134123_10000032:28708-30267:-	1575a8b07c02d82c798396c4629c50bd0d82d2c49615964af4795c06aedf7323	1575a8b07c02d82c798396c4629c50bd0d82d2c49615964af4795c06aedf7323	master_RVT-UG2_merged_oriented.jsonl	1304108508	31440	28708	30267	-
PM_RVT-UG2_8	m12	RVT-UG2	JACJXC010000005.1:394288-395817:-	142a33a41782dff739f457f8624e34e01d8f375ffaa86a77aed3d40a34b3ca60	142a33a41782dff739f457f8624e34e01d8f375ffaa86a77aed3d40a34b3ca60	master_RVT-UG2_merged_oriented.jsonl	1263239591	32738	394288	395817	-
PM_RVT-UG2_8	m13	RVT-UG2	JAZKEX010000003.1:143002-144570:+	d987d0e46e12208c8e1e5710a562bdf33aa4ae71980c0269c9d5632396108b9f	d987d0e46e12208c8e1e5710a562bdf33aa4ae71980c0269c9d5632396108b9f	master_RVT-UG2_merged_oriented.jsonl	500310252	34147	143002	144570	+
PM_RVT-UG2_8	m14	RVT-UG2	JAIUPM010000032.1:28194-29780:+	2a4b59aa4c89cedc3bb3a46ce7260c608b9a031fce19c38db6b630a5492888d9	2a4b59aa4c89cedc3bb3a46ce7260c608b9a031fce19c38db6b630a5492888d9	master_RVT-UG2_merged_oriented.jsonl	1244333706	18221	28194	29780	+
PM_RVT-UG2_8	m15	RVT-UG2	LCTZ01000002.1:178833-180434:+	d988792924198bd045b10826943701ce13323b3857ac0e3f9770e1177c11ab91	d988792924198bd045b10826943701ce13323b3857ac0e3f9770e1177c11ab91	master_RVT-UG2_merged_oriented.jsonl	1212381876	30629	178833	180434	+
PM_RVT-UG2_8	m16	RVT-UG2	JAAAKV010000018.1:53687-55270:-	42613ac4bf568e263d242718f8878d52c0f628b09504566172555369f0f61666	42613ac4bf568e263d242718f8878d52c0f628b09504566172555369f0f61666	master_RVT-UG2_merged_oriented.jsonl	1279104601	31992	53687	55270	-
PM_RVT-UG2_8	m17	RVT-UG2	MGYG000502260_55:3453-4973:-	6755ee0d6db454555e395d550bfdc4b172ad52dc790ce43afbd464bbc1f6358b	6755ee0d6db454555e395d550bfdc4b172ad52dc790ce43afbd464bbc1f6358b	master_RVT-UG2_merged_oriented.jsonl	343999826	14230	3453	4973	-
PM_RVT-UG2_8	m18	RVT-UG2	FRCM01000002.1:504054-505658:-	67bbb6597936b00b197423c1ed5042b1e36be75d5fb04f43f3e6771f774f1f17	67bbb6597936b00b197423c1ed5042b1e36be75d5fb04f43f3e6771f774f1f17	master_RVT-UG2_merged_oriented.jsonl	498542737	32596	504054	505658	-
PM_RVT-UG2_8	m19	RVT-UG2	JABDHD010000087.1:10366-11937:+	c7aa5a7adc884001c74596cbfa696446fd48f65289b47ffa0c6d716172393200	c7aa5a7adc884001c74596cbfa696446fd48f65289b47ffa0c6d716172393200	master_RVT-UG2_merged_oriented.jsonl	287716928	29167	10366	11937	+
PM_RVT-UG3_1	m00	RVT-UG3	CAOXMA010000008.1:115071-116525:+	b0b51d6aa1189be09fa08d14547577d68919d89d1598016cd9d35f21c5538e6f	b0b51d6aa1189be09fa08d14547577d68919d89d1598016cd9d35f21c5538e6f	master_RVT-UG3_merged_oriented.jsonl	328689173	31811	115071	116525	+
PM_RVT-UG3_1	m01	RVT-UG3	CAPLAF010000015.1:20431-21939:+	e4d5e76bd9fdf1a2dff2f911fc9fa4640693151d06e1a4113c29e4c6391b7f4b	e4d5e76bd9fdf1a2dff2f911fc9fa4640693151d06e1a4113c29e4c6391b7f4b	master_RVT-UG3_merged_oriented.jsonl	329392806	30806	20431	21939	+
PM_RVT-UG3_1	m02	RVT-UG3	DBFBXN010000004.1:39532-40995:-	8d24a0c287539f768fe9ce1fa624249363497391ad1a223e7cbf471ae0882f5a	8438362f41818d1040d20a55a6305f676000aaab4d983211a94db6fe29e5f548	master_RVT-UG3_merged_oriented.jsonl	989809138	31942	39532	40995	-
PM_RVT-UG3_1	m03	RVT-UG3	MGYG000278263_211:27617-29077:-	5e88a1b17e5a9ba6a4bb5521d5cdd01ea1f4d2cf8d5c14e767fbf5a511a96cc2	5e88a1b17e5a9ba6a4bb5521d5cdd01ea1f4d2cf8d5c14e767fbf5a511a96cc2	master_RVT-UG3_merged_oriented.jsonl	204031718	32806	27617	29077	-
PM_RVT-UG3_1	m04	RVT-UG3	3300008283.a:Ga0110914_100881:13909-15375:+	e70bf8749bb5ae4f7b66fcebc7aa749179d900eb20368e9c4aa7da460a0854c1	e70bf8749bb5ae4f7b66fcebc7aa749179d900eb20368e9c4aa7da460a0854c1	master_RVT-UG3_merged_oriented.jsonl	1092117892	24627	13909	15375	+
PM_RVT-UG3_1	m05	RVT-UG3	MGYG000162050_46:17497-18960:+	27f02f5ee62d2dcd1bcd37ceb5363f6849ec7ae8c2cd794c6a21be93a8793d32	27f02f5ee62d2dcd1bcd37ceb5363f6849ec7ae8c2cd794c6a21be93a8793d32	master_RVT-UG3_merged_oriented.jsonl	209855071	19572	17497	18960	+
PM_RVT-UG3_1	m06	RVT-UG3	CP024593.1:1689766-1691229:-	142d01f10047910975553c8fb48e28659eca62c3a091b6baaa6bf502b9f5a4df	989498fbb0a43b69bfb0851555f47fe8ccde8b2045663814e32d74c5ad5a1e2c	master_RVT-UG3_merged_oriented.jsonl	87435894	30979	1689766	1691229	-
PM_RVT-UG3_1	m07	RVT-UG3	QRIQ01000005.1:110714-112174:+	155947e8df6c443f0fbb266725c3e17a62f4668c702c9ad1ac8c619fddc28c28	155947e8df6c443f0fbb266725c3e17a62f4668c702c9ad1ac8c619fddc28c28	master_RVT-UG3_merged_oriented.jsonl	290580308	30634	110714	112174	+
PM_RVT-UG3_1	m08	RVT-UG3	CDRLOP010000004.1:2189-3658:-	ddba09fc692e2825dfefe7799c1edbc5e1f7e3003bf61a4481ca22e366a19358	ddba09fc692e2825dfefe7799c1edbc5e1f7e3003bf61a4481ca22e366a19358	master_RVT-UG3_merged_oriented.jsonl	1073801369	20653	2189	3658	-
PM_RVT-UG3_1	m09	RVT-UG3	CBDEML010000337.1:2678-4141:+	9297087ab508514e0ae8a3343200106c0b56f265b3ed259d38222d1f3bc18382	9297087ab508514e0ae8a3343200106c0b56f265b3ed259d38222d1f3bc18382	master_RVT-UG3_merged_oriented.jsonl	645807147	12325	2678	4141	+
PM_RVT-UG3_1	m10	RVT-UG3	CDRKLV010000010.1:75592-77055:+	dd7d64d36989151b1c693140b1c104bf357db8708aef88859e9e6970cb1642bd	582443cc2bf04b9e959e73947031e8e670215e3d9385d9b035ba61aaf47d4a2a	master_RVT-UG3_merged_oriented.jsonl	1046093400	27023	75592	77055	+
PM_RVT-UG3_1	m11	RVT-UG3	MGYG000193115_2:62072-63535:+	b82184f879f822a3dadf0da6cdac1c8871491da78aecacf0fb56da27346f9edb	b82184f879f822a3dadf0da6cdac1c8871491da78aecacf0fb56da27346f9edb	master_RVT-UG3_merged_oriented.jsonl	208286107	30715	62072	63535	+
PM_RVT-UG3_1	m12	RVT-UG3	MGYG000135672_168:4846-6309:-	c57d8f7d189ac7aa3a5ea15d1eed78fef293d334eeb59ae02d4696d0516f3e68	c57d8f7d189ac7aa3a5ea15d1eed78fef293d334eeb59ae02d4696d0516f3e68	master_RVT-UG3_merged_oriented.jsonl	214508459	19123	4846	6309	-
PM_RVT-UG3_1	m13	RVT-UG3	CDRKVU010000013.1:68836-70299:-	158884dd3e7880751bf531893070c1330c578990e0f301bb8f49c0fa0471aa93	158884dd3e7880751bf531893070c1330c578990e0f301bb8f49c0fa0471aa93	master_RVT-UG3_merged_oriented.jsonl	645884006	23866	68836	70299	-
PM_RVT-UG3_1	m14	RVT-UG3	CP013195.1:1707418-1708911:-	13dbd94a5beaafac220aaf99f4808c9d65e49d8f65648414954d3ff3531cf745	13dbd94a5beaafac220aaf99f4808c9d65e49d8f65648414954d3ff3531cf745	master_RVT-UG3_merged_oriented.jsonl	68100535	32444	1707418	1708911	-
PM_RVT-UG3_1	m15	RVT-UG3	CDRWGH010000002.1:7639-9099:-	e720fa28f4e9a8ad80374e0b1483b0445af3b0545c040267d2b4b80bbbf10d78	e720fa28f4e9a8ad80374e0b1483b0445af3b0545c040267d2b4b80bbbf10d78	master_RVT-UG3_merged_oriented.jsonl	986161945	29562	7639	9099	-
PM_RVT-UG3_1	m16	RVT-UG3	JAUNQW010000037.1:2129-3586:-	15427dd3072c763cd531cfdb04a1eddd7642c8de123fdb485b297a2e6cff9296	850b52351dad51ee2408f12c95a6d1b1235d599f22b621e2ca55f90c13bad9ee	master_RVT-UG3_merged_oriented.jsonl	333591017	9962	2129	3586	-
PM_RVT-UG3_1	m17	RVT-UG3	CAUSDQ010000124.1:1818-3272:-	2e248b4df55e41842c018ad9c8dd672ebb8594320a3429653aa4cb7f9cd8626d	2e248b4df55e41842c018ad9c8dd672ebb8594320a3429653aa4cb7f9cd8626d	master_RVT-UG3_merged_oriented.jsonl	982792928	8748	1818	3272	-
PM_RVT-UG3_2	m00	RVT-UG3	JAIIPA010000045.1:12035-13213:+	d81d8b8f1fcdf60fe4516a0ff2ed7f3b57275b21f6fed8d98fb2d596c73763f7	d81d8b8f1fcdf60fe4516a0ff2ed7f3b57275b21f6fed8d98fb2d596c73763f7	master_RVT-UG3_merged_oriented.jsonl	1069475042	26778	12035	13213	+
PM_RVT-UG3_2	m01	RVT-UG3	CP019301.1:336081-337271:+	0b98f34d9dda49507eaef415bea9a1a62800efa89b719c31d477bdba641e5ff1	0b98f34d9dda49507eaef415bea9a1a62800efa89b719c31d477bdba641e5ff1	master_RVT-UG3_merged_oriented.jsonl	138741924	34555	336081	337271	+
PM_RVT-UG3_2	m02	RVT-UG3	MGYG000177547_8:48129-49310:+	c97aeb78d7678a07c4ed9036fbe74f201e9aae315dc2b43e03399ae08bd6fa7c	c97aeb78d7678a07c4ed9036fbe74f201e9aae315dc2b43e03399ae08bd6fa7c	master_RVT-UG3_merged_oriented.jsonl	209874644	25100	48129	49310	+
PM_RVT-UG3_2	m03	RVT-UG3	3300008143.a:Ga0114287_100061:17742-18935:-	e0146da40f0512341447b7b3b189bb60bb4f6e9991cdf9115b48f31d08ac75c8	5aec12fc06f6630c2179946431d7528aae38d31c192fabd01393b503e97c7b43	master_RVT-UG3_merged_oriented.jsonl	1093529173	32423	17742	18935	-
PM_RVT-UG3_2	m04	RVT-UG3	MGYG000009367_19:31556-32746:+	886242666fe8fc7cef28f06c98b46043bd5c521ca704e6b8b8ed6a17d75e08d2	886242666fe8fc7cef28f06c98b46043bd5c521ca704e6b8b8ed6a17d75e08d2	master_RVT-UG3_merged_oriented.jsonl	202155843	28340	31556	32746	+
PM_RVT-UG3_2	m05	RVT-UG3	CDRTMN010000007.1:35345-36535:+	33a7c2061ec4585060aa49e53712a2ac47e1b0fa00e343751f17ccadb704a479	33a7c2061ec4585060aa49e53712a2ac47e1b0fa00e343751f17ccadb704a479	master_RVT-UG3_merged_oriented.jsonl	312966334	28848	35345	36535	+
PM_RVT-UG3_2	m06	RVT-UG3	CADAAK010000014.1:80481-81671:-	a8eef9068cbf16e1e4d0b969ea3ebf3ef2bd14a757dba593461bf8cf7223e9f7	a8eef9068cbf16e1e4d0b969ea3ebf3ef2bd14a757dba593461bf8cf7223e9f7	master_RVT-UG3_merged_oriented.jsonl	336309325	30540	80481	81671	-
PM_RVT-UG3_2	m07	RVT-UG3	CBDPDV010000260.1:6729-7919:+	0c9ce65fb857c8f103e9aa4c06cbfb5bcc3a403bde2b45f9680cbe1717de30e9	0c9ce65fb857c8f103e9aa4c06cbfb5bcc3a403bde2b45f9680cbe1717de30e9	master_RVT-UG3_merged_oriented.jsonl	1077817882	30779	6729	7919	+
PM_RVT-UG3_2	m08	RVT-UG3	BAJY01000013.1:6432-7652:+	352b658b9c29f31557f8f3f414473978f09bf41385dfbfb2185508b9513ff21f	352b658b9c29f31557f8f3f414473978f09bf41385dfbfb2185508b9513ff21f	master_RVT-UG3_merged_oriented.jsonl	94923117	27436	6432	7652	+
PM_RVT-UG3_2	m09	RVT-UG3	JAXFAJ010000167.1:8339-9523:-	d8d26f0a70500e569381a9d7ba110c1717d2f8f06b2ba52827883f907878928e	d8d26f0a70500e569381a9d7ba110c1717d2f8f06b2ba52827883f907878928e	master_RVT-UG3_merged_oriented.jsonl	933992036	19249	8339	9523	-
PM_RVT-UG3_2	m10	RVT-UG3	JAEEVM010000017.1:75690-76874:-	7c2e1c4859facc422da08e95ce0e3e6870b5e48191fd70d37bb937dea32f3ea1	7c2e1c4859facc422da08e95ce0e3e6870b5e48191fd70d37bb937dea32f3ea1	master_RVT-UG3_merged_oriented.jsonl	1071341649	28331	75690	76874	-
PM_RVT-UG3_2	m11	RVT-UG3	ONBK01000009.1:84412-85593:-	ea48e2a90085932932722a74afa214769c315e426f7822d40091a586fe52727c	ea48e2a90085932932722a74afa214769c315e426f7822d40091a586fe52727c	master_RVT-UG3_merged_oriented.jsonl	332764051	20225	84412	85593	-
PM_RVT-UG3_2	m12	RVT-UG3	CBDQPY010000001.1:2820-4010:-	819284bf351dc2aff77a06a6a96930c634c756a1cc0d0ac1bd3f5e8f7d7fd4e4	819284bf351dc2aff77a06a6a96930c634c756a1cc0d0ac1bd3f5e8f7d7fd4e4	master_RVT-UG3_merged_oriented.jsonl	1061467287	22569	2820	4010	-
PM_RVT-UG3_3	m00	RVT-UG3	BMLT01000001.1:543630-544811:+	552906538b283e2cb3a9362fd1562555d0bca27692dfb0c9f035db909bae6a1c	552906538b283e2cb3a9362fd1562555d0bca27692dfb0c9f035db909bae6a1c	master_RVT-UG3_merged_oriented.jsonl	337105596	29922	543630	544811	+
PM_RVT-UG3_3	m01	RVT-UG3	JAHVJK010000006.1:202007-203188:+	cde6eb362c2168c4e74863d6bcaf4ae3d88296f1849f0046a7b8feaee9d1f607	cde6eb362c2168c4e74863d6bcaf4ae3d88296f1849f0046a7b8feaee9d1f607	master_RVT-UG3_merged_oriented.jsonl	2912013	32128	202007	203188	+
PM_RVT-UG3_3	m02	RVT-UG3	JBPTJR010000016.1:165429-166610:+	280aca52f8539de4032bfe89c121e68197bfd1be46fdaee4d7b190fc3bb95830	280aca52f8539de4032bfe89c121e68197bfd1be46fdaee4d7b190fc3bb95830	master_RVT-UG3_merged_oriented.jsonl	290273899	31409	165429	166610	+
PM_RVT-UG3_3	m03	RVT-UG3	AAXNDV010000003.1:95685-96866:-	4e860b9e5b1c459fc2e0f87dfed92c5fb06450118c70103faf5cbc7c51ad1c49	5527f7cc249be37f3e39958f2d2f5973cfa909b8f4f34aadc48321f29a225f9b	master_RVT-UG3_merged_oriented.jsonl	630950112	32105	95685	96866	-
PM_RVT-UG3_3	m04	RVT-UG3	JAEHIP010000001.1:1848647-1849828:+	22f666d56e18162ac320cb53dd76be7dbd8411b26b4f0e38e81b725ec1d69d7a	22f666d56e18162ac320cb53dd76be7dbd8411b26b4f0e38e81b725ec1d69d7a	master_RVT-UG3_merged_oriented.jsonl	631133835	34520	1848647	1849828	+
PM_RVT-UG3_3	m05	RVT-UG3	JAKNQU010000001.1:451722-452903:-	8694061d379cbd8d30c6e0b7456ff25d837f312cf9749838d8dd5a3be8570d2b	8694061d379cbd8d30c6e0b7456ff25d837f312cf9749838d8dd5a3be8570d2b	master_RVT-UG3_merged_oriented.jsonl	1036274874	35030	451722	452903	-
PM_RVT-UG3_3	m06	RVT-UG3	JBBBOO010000008.1:145765-146946:-	5774f1ece11b603bba1c1a09bdaee4d3a45edbdd7113ffac050d47131f3cbde1	5774f1ece11b603bba1c1a09bdaee4d3a45edbdd7113ffac050d47131f3cbde1	master_RVT-UG3_merged_oriented.jsonl	402755511	32440	145765	146946	-
PM_RVT-UG3_3	m07	RVT-UG3	JBFZKQ010000017.1:20859-22115:-	b161514b540f5a7e57426cc7e145e5511899b51f246d222874a21ef472737321	b161514b540f5a7e57426cc7e145e5511899b51f246d222874a21ef472737321	master_RVT-UG3_merged_oriented.jsonl	284433352	31029	20859	22115	-
PM_RVT-UG3_3	m08	RVT-UG3	CAXTPC010000052.1:12526-13707:+	9784c1d2ea70380c60882672c9f2526040ad8fbdb747f67cf4e675a73ef0189a	9784c1d2ea70380c60882672c9f2526040ad8fbdb747f67cf4e675a73ef0189a	master_RVT-UG3_merged_oriented.jsonl	286963804	32831	12526	13707	+
PM_RVT-UG3_3	m09	RVT-UG3	CAMTVH010000008.1:96517-97698:+	9a21747d2c7a14471649c3dcb0919f2ad4b119841f200539bdbbb9ea46c00d7a	9a21747d2c7a14471649c3dcb0919f2ad4b119841f200539bdbbb9ea46c00d7a	master_RVT-UG3_merged_oriented.jsonl	987465649	30541	96517	97698	+
PM_RVT-UG3_3	m10	RVT-UG3	JANIBL010000040.1:4510-5691:-	3ff480ee56c2aadf4759ee0931b86f277f3c02593b14ef3544ab8fd0221f269a	3ff480ee56c2aadf4759ee0931b86f277f3c02593b14ef3544ab8fd0221f269a	master_RVT-UG3_merged_oriented.jsonl	40530684	25296	4510	5691	-
PM_RVT-UG3_4	m00	RVT-UG3	JAOOVA010000004.1:31034-32296:-	ee07f80360e3fccc5857fcd5ace3cd132c77d48b970f0821a4b63cd80ca20455	188b97b5ef6fa86c93543b973daa382a1bc893e3dde115d68245a1e89be98dc7	master_RVT-UG3_merged_oriented.jsonl	992955708	34405	31034	32296	-
PM_RVT-UG3_4	m01	RVT-UG3	SJHI01000008.1:233068-234330:+	f98a780fc37b26aec38e73a5cff08659e1e9d267e078a7e149c5b8f88202dde6	32f6d5811c49503dbcb136de122b6f654bc1a9798ee047f385bdbca5721bda39	master_RVT-UG3_merged_oriented.jsonl	266205233	34918	233068	234330	+
PM_RVT-UG3_4	m02	RVT-UG3	DBIQEU010000012.1:53080-54342:+	ae061e69450efad5b817ae54dd38fdba7a6e4654619ef38f3f672b17697e11e8	ae061e69450efad5b817ae54dd38fdba7a6e4654619ef38f3f672b17697e11e8	master_RVT-UG3_merged_oriented.jsonl	625876960	33929	53080	54342	+
PM_RVT-UG3_4	m03	RVT-UG3	CAWOFI010000173.1:6653-7915:+	dd127528163a7026df28f5c19c11e8dc1fe74d57ff63fe0ac8fdfc55f023dcf8	dd127528163a7026df28f5c19c11e8dc1fe74d57ff63fe0ac8fdfc55f023dcf8	master_RVT-UG3_merged_oriented.jsonl	4217676	28800	6653	7915	+
PM_RVT-UG3_4	m04	RVT-UG3	JAWIQH010000040.1:807-1928:-	01b25a9e3e6733fd81409fcb79bbf1824692a5a5ce03546c0b37140718b9ec29	066541df36922361bdb4fbf07ada19874fc74a4cd26ca365ddef83dd97ea3149	master_RVT-UG3_merged_oriented.jsonl	402563870	20332	807	1928	-
PM_RVT-UG3_4	m05	RVT-UG3	ML137047.1:3227718-3228977:-	05e447815ceba0aa5f9b271d8e53028ccea26ddd7c3e1d7abb95588f56c762c9	9c5b9ca3d046e118a54251e0966ed1718b3704224618574d72a105fd65980222	master_RVT-UG3_merged_oriented.jsonl	321258217	36019	3227718	3228977	-
PM_RVT-UG3_5	m00	RVT-UG3	LMSY01000002.1:18738-19991:+	a384fdfda898cf31080ece217e6517e0a6e43a45f4866df601d970097ec783b7	d81b9ced1b6f611327795d64a2e4a94153b0fc5319cf5f15ae537744ea6feabe	master_RVT-UG3_merged_oriented.jsonl	343985372	32184	18738	19991	+
PM_RVT-UG3_5	m01	RVT-UG3	JAHVOC010000002.1:35077-36333:+	9707a11fd79f6cd6dfe1fe8a8caca8a19c8272a1ff8cea65d626f4d36067b4f9	804dad081be83bd1e432fba8ae393a47155a59de42bc3be85c9e3bc45bcd8db6	master_RVT-UG3_merged_oriented.jsonl	354666024	32758	35077	36333	+
PM_RVT-UG3_5	m02	RVT-UG3	DAYNGK010000009.1:205767-207020:-	288491830435f8c51885677164b9b39d83041f0a35a49636f477849b07c6c4ad	288491830435f8c51885677164b9b39d83041f0a35a49636f477849b07c6c4ad	master_RVT-UG3_merged_oriented.jsonl	648458667	34474	205767	207020	-
PM_RVT-UG3_5	m03	RVT-UG3	JBKOFJ010000001.1:989039-990295:-	faa35fed9b247ef58fc60faac26210cb5dbf12cb0caf50f024cbee75d00d5987	1f404198d6a1f143862a15e627b2b963d436021713577145d05f56aa749a2432	master_RVT-UG3_merged_oriented.jsonl	989744152	33665	989039	990295	-
PM_RVT-UG3_5	m04	RVT-UG3	JBSBCT010000010.1:203697-204950:-	8617af144cf62f7839e763c0b2c51ab58667fb049e07b7bd1d4c2e989e189ab0	b376dbe01ab5d7164c978922beef71db6da66a9cddeedea6ccc80ef5014ef773	master_RVT-UG3_merged_oriented.jsonl	649185587	33873	203697	204950	-
PM_RVT-UG3_5	m05	RVT-UG3	NVHU01000002.1:480849-482102:+	64a069ac0cfef6de967557a9adf54e2a2ff4d475706d30519de47c684f0bace1	64a069ac0cfef6de967557a9adf54e2a2ff4d475706d30519de47c684f0bace1	master_RVT-UG3_merged_oriented.jsonl	62894601	34081	480849	482102	+
PM_RVT-UG3_6	m00	RVT-UG3	AAEKKW010000085.1:6754-8031:+	b20bb6ab48be453ba9b02c566d2438e0882123c79700c610975fd8f6dae41d25	122a99a39a21a088611a564ac4f55701b34f2fb9a5828b5a5ac218bc997cd07f	master_RVT-UG3_merged_oriented.jsonl	684390039	14530	6754	8031	+
PM_RVT-UG3_6	m01	RVT-UG3	CAWQOI010000180.1:2-1081:-	c0085a16d6a1265e1747c2e0b8ef9d27b32a98f1d1accc0103b9ed4a7120ca94	5503f8fc7a90fbdd6f94486ad2e5b5b47a0a314c45ec6f6dd8dc620379c2cae4	master_RVT-UG3_merged_oriented.jsonl	613342359	8818	2	1081	-
PM_RVT-UG3_6	m02	RVT-UG3	ABAIWA010000002.1:60488-61762:+	39e3d62730c99281ae912bec1920f1fd20aea9310b42167c907bcbc205dc2ae5	bea829afaa8014d81fa948f5b535de0a468ef925f7b83b258c1180aca56614bf	master_RVT-UG3_merged_oriented.jsonl	784721988	35198	60488	61762	+
PM_RVT-UG3_6	m03	RVT-UG3	AASECP010000104.1:20063-21340:+	e9dce40227200e3d6af9a8fa0bf213d4991a4b9a818062f287cedea23106aedf	1684b99555726565d4e1471317c4efd1057060366d67f6c9b3a74a386fa0fc59	master_RVT-UG3_merged_oriented.jsonl	412910553	21067	20063	21340	+
PM_RVT-UG3_6	m04	RVT-UG3	JBEWWE010000011.1:98537-99814:-	3b6fe238f2af0f738913c6cd967ed221bf29e136b9c9afbdf8d7976139e79b4e	3b6fe238f2af0f738913c6cd967ed221bf29e136b9c9afbdf8d7976139e79b4e	master_RVT-UG3_merged_oriented.jsonl	515388490	31435	98537	99814	-
PM_RVT-UG3_6	m05	RVT-UG3	ABJLXC010000110.1:7041-7922:+	a264001d8ac9a5b589f57dedced11908d5547b5e5c9654c3aed6e07c41359987	c62f764d7882af492885a73f56939c6d468cd65198587520b3d9b0363ffbac53	master_RVT-UG3_merged_oriented.jsonl	846233800	14443	7041	7922	+
PM_RVT-UG3_6	m06	RVT-UG3	AAOAXA010000049.1:7076-8308:+	33c74a1a42966b46eb16efb058279844c9fcbf91ea41562d948cd55cacaf75c9	82cb562b45c77bc469691ba686bdf149fa0b018d8c372ad9177eb99935984832	master_RVT-UG3_merged_oriented.jsonl	1013062407	15893	7076	8308	+
PM_RVT-UG3_6	m07	RVT-UG3	ABEGST010000070.1:1-885:-	4b29a6f5dd3f9cbdc46c6163c02c61cc7fa5a71fbed77015c96293fcf3ac94af	6f06d3ac21bcbee9ff16b81b1b30296d481a18c3a68a1d4321c81ba52d86f117	master_RVT-UG3_merged_oriented.jsonl	437909509	15067	1	885	-
PM_RVT-UG3_6	m08	RVT-UG3	CP188037.1:76364-77641:-	c64d7df89e49146f9157c0b78bacbc6367439daac45a4bc743db9e081f2fab2e	c64d7df89e49146f9157c0b78bacbc6367439daac45a4bc743db9e081f2fab2e	master_RVT-UG3_merged_oriented.jsonl	240881297	31230	76364	77641	-
PM_RVT-UG3_6	m09	RVT-UG3	WJYM01000009.1:205043-206317:+	f15051f3bb0efa2498b5c0e2858e98232773b2661d645ce7c7bee54e46788ec6	f15051f3bb0efa2498b5c0e2858e98232773b2661d645ce7c7bee54e46788ec6	master_RVT-UG3_merged_oriented.jsonl	103751708	21413	205043	206317	+
PM_RVT-UG3_6	m10	RVT-UG3	JBCGDL010000002.1:2670504-2671370:-	a047a5b8715ea225ef6e62310019b59103e2bae799215fe310d7ac70484d89b3	5e50a0b93a540a2d30bf834048025a596a3de0a2b4b2f40fa9fbf1cc1823eb14	master_RVT-UG3_merged_oriented.jsonl	165645453	34318	2670504	2671370	-
PM_RVT-UG3_6	m11	RVT-UG3	DAYHUI010000006.1:183626-184906:-	f558d435d79573944ebc3682fd48aae765850a9d52ce14177adb2a1608ce0ae9	f558d435d79573944ebc3682fd48aae765850a9d52ce14177adb2a1608ce0ae9	master_RVT-UG3_merged_oriented.jsonl	625249115	33364	183626	184906	-
PM_RVT-UG3_6	m12	RVT-UG3	DGLW01000017.1:46296-47573:+	1446a4985ae8b832e17f326a5136187447e3b18e6fea6958e2382bb9cfd49dbc	1446a4985ae8b832e17f326a5136187447e3b18e6fea6958e2382bb9cfd49dbc	master_RVT-UG3_merged_oriented.jsonl	348241681	21626	46296	47573	+
PM_RVT-UG3_6	m13	RVT-UG3	JBIVNH010000009.1:93911-95191:+	6481ce481a9a5dc1282c44741af1642101794dcd5daff4ebf5ba86e25c73f98e	6481ce481a9a5dc1282c44741af1642101794dcd5daff4ebf5ba86e25c73f98e	master_RVT-UG3_merged_oriented.jsonl	284564126	18917	93911	95191	+
PM_RVT-UG3_7	m00	RVT-UG3	JAGFUV010000008.1:30562-31794:+	c3b91500d90eed47d78b5ba83462022ae86c2eb98fe22674721ca5d99c2cb9c7	c3b91500d90eed47d78b5ba83462022ae86c2eb98fe22674721ca5d99c2cb9c7	master_RVT-UG3_merged_oriented.jsonl	292221258	32943	30562	31794	+
PM_RVT-UG3_7	m01	RVT-UG3	JBDGDY010000005.1:71988-73220:+	059421c26e7dbcb554834a05e4b83fa98425992b1eb8fd515888dafcf7957932	059421c26e7dbcb554834a05e4b83fa98425992b1eb8fd515888dafcf7957932	master_RVT-UG3_merged_oriented.jsonl	292373924	33154	71988	73220	+
PM_RVT-UG3_7	m02	RVT-UG3	JWGG01000052.1:11484-12716:-	a4167ee425a5b1c90c8cc3ae1bb8eebab40ae318198aeb10e6121e1526b3462a	a4167ee425a5b1c90c8cc3ae1bb8eebab40ae318198aeb10e6121e1526b3462a	master_RVT-UG3_merged_oriented.jsonl	4564144	31500	11484	12716	-
PM_RVT-UG3_7	m03	RVT-UG3	DAZQJN010000004.1:16475-17707:+	e02f46768d4b09d6f296a1f153926bf1459ac3fdf421f6fa441c08f482eee537	e02f46768d4b09d6f296a1f153926bf1459ac3fdf421f6fa441c08f482eee537	master_RVT-UG3_merged_oriented.jsonl	646961635	32227	16475	17707	+
PM_RVT-UG3_7	m04	RVT-UG3	JAQMKK010000005.1:86034-87266:-	5935279b5fd0e5e68878130c0db11132397f00b7a5072a21700b1360fb090c5d	5935279b5fd0e5e68878130c0db11132397f00b7a5072a21700b1360fb090c5d	master_RVT-UG3_merged_oriented.jsonl	324719736	36329	86034	87266	-
PM_RVT-UG3_7	m05	RVT-UG3	JAKUWS010000001.1:101049-102281:+	73cd88f0037164159a3ab6a951fded3eead1f5b38c1b4a792b79620c2f71330d	73cd88f0037164159a3ab6a951fded3eead1f5b38c1b4a792b79620c2f71330d	master_RVT-UG3_merged_oriented.jsonl	292288197	34213	101049	102281	+
PM_RVT-UG3_8	m00	RVT-UG3	LKCE01000002.1:95842-97104:+	13bf0bb8be1d39ee97d6e0071b4fe68a5fec5c1dfb89e6535c070d2f87f4f459	13bf0bb8be1d39ee97d6e0071b4fe68a5fec5c1dfb89e6535c070d2f87f4f459	master_RVT-UG3_merged_oriented.jsonl	34593081	31566	95842	97104	+
PM_RVT-UG3_8	m01	RVT-UG3	JAUSWS010000014.1:142127-143395:+	1f18354913b6326a1d06c9e4eefc78be2e5ced5a467e94252138de066b727ed2	1f18354913b6326a1d06c9e4eefc78be2e5ced5a467e94252138de066b727ed2	master_RVT-UG3_merged_oriented.jsonl	378124575	30419	142127	143395	+
PM_RVT-UG3_8	m02	RVT-UG3	JTQK01000043.1:3204-4478:-	8f84497dfa58109e3a7548c91d43bf9825a463886054b04cdecc183437fd9142	8f84497dfa58109e3a7548c91d43bf9825a463886054b04cdecc183437fd9142	master_RVT-UG3_merged_oriented.jsonl	110680456	21287	3204	4478	-
PM_RVT-UG3_8	m03	RVT-UG3	CP178378.1:3753561-3754835:+	f263cc9ae5bfe2385ce314580bb0ee8fcd4d22d6d1e2b7d392806c296e7c9ef7	f263cc9ae5bfe2385ce314580bb0ee8fcd4d22d6d1e2b7d392806c296e7c9ef7	master_RVT-UG3_merged_oriented.jsonl	249888419	33786	3753561	3754835	+
PM_RVT-UG3_8	m04	RVT-UG3	BCBL01000077.1:41121-42212:+	fd7d65bf455a4a6e8986826f5cc0f28935a080495efbcfac268503e69510d4c0	fd7d65bf455a4a6e8986826f5cc0f28935a080495efbcfac268503e69510d4c0	master_RVT-UG3_merged_oriented.jsonl	1058013298	27311	41121	42212	+
PM_RVT-UG3_8	m05	RVT-UG3	MGYG000510856_32:162577-163842:-	3802347578b6f9963cce7f7f7df851f4e397f2f1335b42ba08308559fe3e0cc2	3802347578b6f9963cce7f7f7df851f4e397f2f1335b42ba08308559fe3e0cc2	master_RVT-UG3_merged_oriented.jsonl	221786514	29128	162577	163842	-
PM_RVT-UG3_8	m06	RVT-UG3	OPYM01000003.1:133417-134682:+	b638b96f4d8786b95518115e8624ad6ad7586d831d19b1d28468088a8462ea94	b638b96f4d8786b95518115e8624ad6ad7586d831d19b1d28468088a8462ea94	master_RVT-UG3_merged_oriented.jsonl	1070601291	30566	133417	134682	+
PM_RVT-UG5_1	m00	RVT-UG5	MGYG000149222_1:142329-145340:+	84bf1cea38642ac36e04bbe8a197a94b7ebbc0f4361a92cf0ac7ec94505c7de0	011cec2436e47f6529c0742168b42f369955b83bb5c0cd3f71e88269a61d4a55	master_RVT-UG5_merged_oriented.jsonl	223050972	31578	142329	145340	+
PM_RVT-UG5_1	m01	RVT-UG5	CATJCJ010000859.1:4795-7761:+	38d8a565cd96a0e0609e06dc0a58b31ef1d5747717ee8b9150238610f1642de0	38d8a565cd96a0e0609e06dc0a58b31ef1d5747717ee8b9150238610f1642de0	master_RVT-UG5_merged_oriented.jsonl	1171363984	12092	4795	7761	+
PM_RVT-UG5_1	m02	RVT-UG5	CASPEC010000008.1:100416-103427:+	063e3e9e8cbb7bb79bc5dd05c210aceaf95f3d0e2cdf81a07903f47e6369b613	063e3e9e8cbb7bb79bc5dd05c210aceaf95f3d0e2cdf81a07903f47e6369b613	master_RVT-UG5_merged_oriented.jsonl	1451252608	35136	100416	103427	+
PM_RVT-UG5_1	m03	RVT-UG5	MGYG000170363_6:2839-5904:-	54a70090a228ea00c850ed75c059a07adc64394c559712507621763a2fc3a611	54a70090a228ea00c850ed75c059a07adc64394c559712507621763a2fc3a611	master_RVT-UG5_merged_oriented.jsonl	216918946	22165	2839	5904	-
PM_RVT-UG5_1	m04	RVT-UG5	CANRDI010000001.1:386162-389209:-	2cc04a61f20d6c6f6e46646c8983bc967ba638634036732690b73bf3fc547387	2cc04a61f20d6c6f6e46646c8983bc967ba638634036732690b73bf3fc547387	master_RVT-UG5_merged_oriented.jsonl	1424151670	32254	386162	389209	-
PM_RVT-UG5_1	m05	RVT-UG5	MGYG000055883_19:8762-11785:-	c1482c9d9862765e7b8e5d1f9fc9aad206a8bfb22a19eb659bb4fdd3efab1256	c1482c9d9862765e7b8e5d1f9fc9aad206a8bfb22a19eb659bb4fdd3efab1256	master_RVT-UG5_merged_oriented.jsonl	240024513	32008	8762	11785	-
PM_RVT-UG5_1	m06	RVT-UG5	CAUGTI010000017.1:44323-47322:+	6f3f08ddb1a01d54dc1e5ef86ee0f915cc7bfd9d1346e6be538a4754e546e8a7	6f3f08ddb1a01d54dc1e5ef86ee0f915cc7bfd9d1346e6be538a4754e546e8a7	master_RVT-UG5_merged_oriented.jsonl	1430156459	20933	44323	47322	+
PM_RVT-UG5_1	m07	RVT-UG5	CATJIG010000195.1:17443-20583:+	8bb35a709a77d2b6c6e8643d6eed70cf9ae56b16de8a6c752c7e5f02c5fdc526	8bb35a709a77d2b6c6e8643d6eed70cf9ae56b16de8a6c752c7e5f02c5fdc526	master_RVT-UG5_merged_oriented.jsonl	1427245474	32190	17443	20583	+
PM_RVT-UG5_2	m00	RVT-UG5	ABFWZI010000010.1:117121-120072:+	0bfbee8aebd5b07a1992fd4c778c7dde2e7f8c210ad17cd84037a8c9bd980337	0bfbee8aebd5b07a1992fd4c778c7dde2e7f8c210ad17cd84037a8c9bd980337	master_RVT-UG5_merged_oriented.jsonl	1002577815	21165	117121	120072	+
PM_RVT-UG5_2	m01	RVT-UG5	MGYG000478700_1:47925-50867:+	288b4866cde79000486190e875691e98f69932d841fa96c72125ad7bd266ffe6	288b4866cde79000486190e875691e98f69932d841fa96c72125ad7bd266ffe6	master_RVT-UG5_merged_oriented.jsonl	243016890	31165	47925	50867	+
PM_RVT-UG5_2	m02	RVT-UG5	JALAAC010000033.1:29950-32892:-	198529754aac7d9ca31464f17199138c0e2b2d872a18fd9b40acb718fe215602	198529754aac7d9ca31464f17199138c0e2b2d872a18fd9b40acb718fe215602	master_RVT-UG5_merged_oriented.jsonl	121452516	32509	29950	32892	-
PM_RVT-UG5_2	m03	RVT-UG5	JBQUFR010000007.1:35833-38772:+	da84fb3393f1983d48bcfaaec183c483f08b1f5034babe13090ea68da80b11f5	0fbd816809ce4ed3329697ce5ba805b395b6376c263554f2465778a4bf21f735	master_RVT-UG5_merged_oriented.jsonl	1005160650	30778	35833	38772	+
PM_RVT-UG5_2	m04	RVT-UG5	3300012241.a:Ga0121217_10008:576609-579572:-	d85f3b9b12d9611fb4be64cdfedeb939dd75fb93e7d63631ba4b33df2593999a	d85f3b9b12d9611fb4be64cdfedeb939dd75fb93e7d63631ba4b33df2593999a	master_RVT-UG5_merged_oriented.jsonl	1479277707	31728	576609	579572	-
PM_RVT-UG5_2	m05	RVT-UG5	CAJZCB010000001.1:12396-15308:+	8d3ec99fd2edd6cec763c80c500aba2983503ab2bcc23b8ff4e875cc56c7febd	8d3ec99fd2edd6cec763c80c500aba2983503ab2bcc23b8ff4e875cc56c7febd	master_RVT-UG5_merged_oriented.jsonl	121140577	32648	12396	15308	+
PM_RVT-UG5_2	m06	RVT-UG5	JBAFUG010000023.1:28019-30958:+	ebfb6edac01650af009b220e564ff0dd15480be8bedb1fd121f08afee1971a4e	ebfb6edac01650af009b220e564ff0dd15480be8bedb1fd121f08afee1971a4e	master_RVT-UG5_merged_oriented.jsonl	94062173	32252	28019	30958	+
PM_RVT-UG5_2	m07	RVT-UG5	KK211153.1:444137-447100:+	4d3984ef0b95c132da439fa0dd254489b40fa9750b7982703f3ae9781a847d64	4d3984ef0b95c132da439fa0dd254489b40fa9750b7982703f3ae9781a847d64	master_RVT-UG5_merged_oriented.jsonl	365788531	33035	444137	447100	+
PM_RVT-UG5_2	m08	RVT-UG5	JANZPS010000156.1:2335-5304:-	37f7532f3ce7b1641db899cd4e822c9b1b717c562dd39a20678199c583e98c76	37f7532f3ce7b1641db899cd4e822c9b1b717c562dd39a20678199c583e98c76	master_RVT-UG5_merged_oriented.jsonl	1127916683	22135	2335	5304	-
PM_RVT-UG5_2	m09	RVT-UG5	CP009769.1:2862589-2865543:+	3bcb9b204e939c6fef80791cab9ef3ecafeb279c21e3b546a592c1cc70775e0c	3bcb9b204e939c6fef80791cab9ef3ecafeb279c21e3b546a592c1cc70775e0c	master_RVT-UG5_merged_oriented.jsonl	100851231	30731	2862589	2865543	+
PM_RVT-UG5_2	m10	RVT-UG5	CP139001.1:3623888-3626827:+	d71354a4fdb8d4153e8d912ddc3fe6f6e82c7b09c1f0f5ebd44a1f97c523e18e	d71354a4fdb8d4153e8d912ddc3fe6f6e82c7b09c1f0f5ebd44a1f97c523e18e	master_RVT-UG5_merged_oriented.jsonl	279115383	30776	3623888	3626827	+
PM_RVT-UG5_3	m00	RVT-UG5	LNYX01000007.1:14792-18013:-	a9bf20bfb8dc19ca5c43741aad70acd78c1a3663fdc0975d4a904891323f251e	a9bf20bfb8dc19ca5c43741aad70acd78c1a3663fdc0975d4a904891323f251e	master_RVT-UG5_merged_oriented.jsonl	299093520	33833	14792	18013	-
PM_RVT-UG5_3	m01	RVT-UG5	ABLYDD010000006.1:291672-294881:+	077d46c0e2f0800db043a91060ed62e73e8e221995d2d86f1246ed6e3edef638	031815fecf659fa599737f0e18f2d37e9e2d225592ad9e3fd9d738d0135334d3	master_RVT-UG5_merged_oriented.jsonl	717860243	33156	291672	294881	+
PM_RVT-UG5_3	m02	RVT-UG5	CP115032.1:801159-804374:+	579fc8df8ca7a1b890a17a2def46e3e0556e97ee96a723e51bcecf7c4741c2db	094669155db7a0f56be424ec8ef5dc50ec21110865e9a45eae122edc9b75170b	master_RVT-UG5_merged_oriented.jsonl	109957775	37808	801159	804374	+
PM_RVT-UG5_3	m03	RVT-UG5	ABLZYJ030000011.1:115000-118242:-	fc54e3f3aaef6a13349efe9666c8acc1e7c031692ce4c6c536e99902447c4f67	203993356682ab4fc1c88b6738ba637ccc3baf686ecbf527f70e0fb6aafe76eb	master_RVT-UG5_merged_oriented.jsonl	478360791	35277	115000	118242	-
PM_RVT-UG5_3	m04	RVT-UG5	UTJU01000003.1:93827-97063:+	37c1ef594fe41c979f2a814e86d8c1ca99a5f729e32563ab6b5bc9e43de9ae60	37c1ef594fe41c979f2a814e86d8c1ca99a5f729e32563ab6b5bc9e43de9ae60	master_RVT-UG5_merged_oriented.jsonl	105593535	35045	93827	97063	+
PM_RVT-UG5_3	m05	RVT-UG5	POHV01000016.1:53138-56371:+	221e155218dc8327c6828e09192c72ef663b14ef7ccc8e8b4bf69ef1820cb250	221e155218dc8327c6828e09192c72ef663b14ef7ccc8e8b4bf69ef1820cb250	master_RVT-UG5_merged_oriented.jsonl	54212823	33021	53138	56371	+
PM_RVT-UG5_3	m06	RVT-UG5	AKJV01000002.1:39348-42566:+	60293eac02d4b7bfbd825f7dd52b174d94c7164dfdd311f1aa72a9e30382ffc9	60293eac02d4b7bfbd825f7dd52b174d94c7164dfdd311f1aa72a9e30382ffc9	master_RVT-UG5_merged_oriented.jsonl	1439015873	37282	39348	42566	+
PM_RVT-UG5_3	m07	RVT-UG5	BKYM01000002.1:6955-10257:+	bbb88f97b19e2edee43683762388d717a7a778513266bc84023dc4de654d4763	bbb88f97b19e2edee43683762388d717a7a778513266bc84023dc4de654d4763	master_RVT-UG5_merged_oriented.jsonl	132751523	29870	6955	10257	+
PM_RVT-UG5_3	m08	RVT-UG5	DAFQXH010000004.1:394714-397944:-	87f5021fdbd1947cfa4b4e6c74e5d8f9451574886a233e47b39f79d64763eced	23cf150f879425b6972c259b1d2bf2e8672822406971bbe2b470462459a89ea1	master_RVT-UG5_merged_oriented.jsonl	395584391	29325	394714	397944	-
PM_RVT-UG5_3	m09	RVT-UG5	3300025225.a:Ga0209566_100208:4437-7655:+	498d1fb571c81056a671c3d9298fc347826fe9731cbea18a5cd5d5cdad0f88f4	498d1fb571c81056a671c3d9298fc347826fe9731cbea18a5cd5d5cdad0f88f4	master_RVT-UG5_merged_oriented.jsonl	1482008179	29480	4437	7655	+
PM_RVT-UG5_3	m10	RVT-UG5	JAJAWA010000002.1:265203-268418:-	fc729601bf3d12091f2572d23fade73ba7539da374fb759009f0ca6a9995b895	00f52e2d154032235c92e4c84992160764d868b096a71e53be7f31db95741448	master_RVT-UG5_merged_oriented.jsonl	70132836	31071	265203	268418	-
PM_RVT-UG5_3	m11	RVT-UG5	JAOPEX010000004.1:63736-66978:+	ad97c722c8579b748bc5cb482523fb87c345c05abea8f4b29d1c2f1e5093d49c	ff995a41eace2b38a81d2122a3c915cf7e51bfc66acf5a35de7161b288123987	master_RVT-UG5_merged_oriented.jsonl	19128758	34605	63736	66978	+
PM_RVT-UG5_3	m12	RVT-UG5	LGAK01000019.1:19504-22725:+	8397a0fd4cab05ec792e9e7016af76518985ead3c580d83b6f82f137ef518061	8397a0fd4cab05ec792e9e7016af76518985ead3c580d83b6f82f137ef518061	master_RVT-UG5_merged_oriented.jsonl	116387248	31568	19504	22725	+
PM_RVT-UG5_3	m13	RVT-UG5	3300011456.a:Ga0121223_10025:32560-35736:+	1aa087bf59cc80300d79a15477d3de3c462cc9da47337dea1df012c2cac5eed2	1aa087bf59cc80300d79a15477d3de3c462cc9da47337dea1df012c2cac5eed2	master_RVT-UG5_merged_oriented.jsonl	1484706200	36762	32560	35736	+
PM_RVT-UG5_3	m14	RVT-UG5	RWYU02000005.1:437913-441131:-	a1f5ce250d47e3d3fc6eac87aa4660d17c76b47153721c336de76a05c2cd5690	a1f5ce250d47e3d3fc6eac87aa4660d17c76b47153721c336de76a05c2cd5690	master_RVT-UG5_merged_oriented.jsonl	38343277	33706	437913	441131	-
PM_RVT-UG5_3	m15	RVT-UG5	JAJNMQ010000001.1:2174792-2177995:+	c7914a343b5335ed6e030861fdb1868906f042e5806245d5cd5f334b37125a6b	c7914a343b5335ed6e030861fdb1868906f042e5806245d5cd5f334b37125a6b	master_RVT-UG5_merged_oriented.jsonl	124414749	33197	2174792	2177995	+
PM_RVT-UG5_3	m16	RVT-UG5	MXVP01000001.1:419714-422929:-	060ab8158a3bfb789f519604e9b5e3005c419c138f62a38faf443196097b5f7c	975e94a6f2fb35970e84590bd3593e3b6a9c6f50435fb4400ad0503532893c56	master_RVT-UG5_merged_oriented.jsonl	11835473	30406	419714	422929	-
PM_RVT-UG5_3	m17	RVT-UG5	MGYG000455257_15:15097-18300:-	2913e2e6b6344a766ca09c1cd58a6f0b661c96005d46e7653e11fa633a925038	2913e2e6b6344a766ca09c1cd58a6f0b661c96005d46e7653e11fa633a925038	master_RVT-UG5_merged_oriented.jsonl	244264408	31527	15097	18300	-
PM_RVT-UG5_3	m18	RVT-UG5	JACSOE010000074.1:15554-18115:+	629ded1758d7a0b63c477d258e816f28c0a6ba3080b06005bb3137060dec4c3b	629ded1758d7a0b63c477d258e816f28c0a6ba3080b06005bb3137060dec4c3b	master_RVT-UG5_merged_oriented.jsonl	156002459	19134	15554	18115	+
PM_RVT-UG5_3	m19	RVT-UG5	DALZFC010000006.1:30914-34132:+	59915f5a0e8cc2a2a138dc539c2e92d44b0587336e28242b2147e1905ba0b74b	59915f5a0e8cc2a2a138dc539c2e92d44b0587336e28242b2147e1905ba0b74b	master_RVT-UG5_merged_oriented.jsonl	350260335	35728	30914	34132	+
PM_RVT-UG5_4	m00	RVT-UG5	BFHA01000031.1:126-1190:-	18cdc3e7873676f64930012cecdad4444ebac6abdacc3787062e67bcf54fda04	662ec1f947dea203cb097ba897be575b7e997121bfa082414979b2e3529a976c	master_RVT-UG5_merged_oriented.jsonl	307261206	17638	126	1190	-
PM_RVT-UG5_4	m01	RVT-UG5	DIJC01000003.1:58283-60097:+	f688afaa1ce21b30d6586ff0d841e8597ecd896a4cf74193b1018a043298a6d0	f688afaa1ce21b30d6586ff0d841e8597ecd896a4cf74193b1018a043298a6d0	master_RVT-UG5_merged_oriented.jsonl	371151294	35043	58283	60097	+
PM_RVT-UG5_4	m02	RVT-UG5	PKCX01000261.1:3-1388:-	b326f68e590a28fdd9ef2f51ad740d0e7739d567d0f2f2c0452fa8be76213a62	b326f68e590a28fdd9ef2f51ad740d0e7739d567d0f2f2c0452fa8be76213a62	master_RVT-UG5_merged_oriented.jsonl	1445801575	9975	3	1388	-
PM_RVT-UG5_4	m03	RVT-UG5	DACWGX010000038.1:22250-23875:+	2035f398a0ce45a3672c540175cfa69830ddebd8e0b53a1beb7f4dc08f99227b	265fb6bd79424ca39f69d046edff953c631bc51a124efe0518c24912b5652a0c	master_RVT-UG5_merged_oriented.jsonl	459043990	19866	22250	23875	+
PM_RVT-UG5_4	m04	RVT-UG5	DBJXJN010000053.1:7797-9506:+	65b9a50f3f40302a11924791577c46798dc048d2f6ac543a951faa8ac712186e	65b9a50f3f40302a11924791577c46798dc048d2f6ac543a951faa8ac712186e	master_RVT-UG5_merged_oriented.jsonl	468413489	16786	7797	9506	+
PM_RVT-UG5_4	m05	RVT-UG5	CP114097.1:5794096-5795616:-	61fd75a424b385c403d0512a0dcc8eb6b269f7a90cc1f6e695b8e41b51634ab0	61fd75a424b385c403d0512a0dcc8eb6b269f7a90cc1f6e695b8e41b51634ab0	master_RVT-UG5_merged_oriented.jsonl	248710637	29752	5794096	5795616	-
PM_RVT-UG5_5	m00	RVT-UG5	JBLPTI010000002.1:275578-278571:+	c746911c098463eca55dcf051f23e87d36a83e05c595725dddfc8080e7cb6883	c746911c098463eca55dcf051f23e87d36a83e05c595725dddfc8080e7cb6883	master_RVT-UG5_merged_oriented.jsonl	431323912	31734	275578	278571	+
PM_RVT-UG5_5	m01	RVT-UG5	DADWXW010000006.1:303647-306649:-	6fa783ac9c636ef975f4de82e31294e69324e008ed1973bd56692f55f56b3773	6fa783ac9c636ef975f4de82e31294e69324e008ed1973bd56692f55f56b3773	master_RVT-UG5_merged_oriented.jsonl	1002290042	30967	303647	306649	-
PM_RVT-UG5_5	m02	RVT-UG5	MGYG000054106_30:17000-20002:-	047dd65f985efc48d1f9a40cd4d821453a68d5894f06fc3861e99a59553c2507	047dd65f985efc48d1f9a40cd4d821453a68d5894f06fc3861e99a59553c2507	master_RVT-UG5_merged_oriented.jsonl	233818350	33270	17000	20002	-
PM_RVT-UG5_5	m03	RVT-UG5	DOHT01000005.1:15179-18175:+	2b85f7a6fc07a8e1f6eecad79b047c36e7456cdf5963ff5dda56165d3f2fc478	2b85f7a6fc07a8e1f6eecad79b047c36e7456cdf5963ff5dda56165d3f2fc478	master_RVT-UG5_merged_oriented.jsonl	351470568	34215	15179	18175	+
PM_RVT-UG5_5	m04	RVT-UG5	OW849497.1:77848-80853:+	aa6e45c63d803089c7a19ab793233a38c3c75a48be48a55fc35522045e49a7a1	f8e1755d0403cde872db2b4564dc069a4f1406fcafca690c9d2f7101a207f53f	master_RVT-UG5_merged_oriented.jsonl	190027205	33127	77848	80853	+
PM_RVT-UG5_5	m05	RVT-UG5	DBLHJV010000006.1:243452-246454:-	44e58df3d6b133fb970265e722b76ad08841e41ee555f0350183131524de0903	44e58df3d6b133fb970265e722b76ad08841e41ee555f0350183131524de0903	master_RVT-UG5_merged_oriented.jsonl	488534799	31939	243452	246454	-
PM_RVT-UG5_5	m06	RVT-UG5	CALSKM010000032.1:230917-233904:+	2bc32bf4753184ea7a9617897a169dacd48bd1aa225faa9a00109aeb947c4740	2bc32bf4753184ea7a9617897a169dacd48bd1aa225faa9a00109aeb947c4740	master_RVT-UG5_merged_oriented.jsonl	1170857486	31811	230917	233904	+
PM_RVT-UG5_5	m07	RVT-UG5	JAMZPU010000001.1:471177-474179:+	e5d50a0b1ce74d861c3e3bb47e4eabd3469a2c01f2f02bb700c89897c798c70b	e5d50a0b1ce74d861c3e3bb47e4eabd3469a2c01f2f02bb700c89897c798c70b	master_RVT-UG5_merged_oriented.jsonl	5662035	35328	471177	474179	+
PM_RVT-UG5_5	m08	RVT-UG5	CP174306.1:1731022-1734033:+	19fe0a58c3433ea6bc59e5d3fca629f1a48ac9a68f567128e527d59597b22a9b	19fe0a58c3433ea6bc59e5d3fca629f1a48ac9a68f567128e527d59597b22a9b	master_RVT-UG5_merged_oriented.jsonl	279785599	29669	1731022	1734033	+
PM_RVT-UG5_6	m00	RVT-UG5	MGYG000013269_1:106089-109244:+	c4f97162a28bcdad039ca330faa2553737cb742fca5d742306e7fd0c984d2910	c4f97162a28bcdad039ca330faa2553737cb742fca5d742306e7fd0c984d2910	master_RVT-UG5_merged_oriented.jsonl	237650387	32437	106089	109244	+
PM_RVT-UG5_6	m01	RVT-UG5	CASFCE010000030.1:121936-125139:-	2df79525b8992cf4c94b27b7fdf1a575742be1dfa7b6716e50d7080b3044ed44	2df79525b8992cf4c94b27b7fdf1a575742be1dfa7b6716e50d7080b3044ed44	master_RVT-UG5_merged_oriented.jsonl	1150722894	31704	121936	125139	-
PM_RVT-UG5_6	m02	RVT-UG5	MGYG000243454_52:15962-19183:+	cf4848c5a8c341fee1490f7e1f87362e3e4a2a856ebd8a67a5fdf118d4935ec8	e226a23e49e19889c421fcc5e775968746d249cf69d93bb0ef4d248db0bd213e	master_RVT-UG5_merged_oriented.jsonl	235882668	33626	15962	19183	+
PM_RVT-UG5_6	m03	RVT-UG5	JAFQTK010000022.1:6912-10139:+	cd629e95e91b2984142d14902b8ad02fd7f7dd5ab1c510ce53ae6c33c4c337db	cd629e95e91b2984142d14902b8ad02fd7f7dd5ab1c510ce53ae6c33c4c337db	master_RVT-UG5_merged_oriented.jsonl	1452069373	31188	6912	10139	+
PM_RVT-UG5_6	m04	RVT-UG5	JBKUIV010000003.1:218976-222200:+	bc52f2ccee2b45fb953b376b16da94c3818aa41cba441bb4aa656802056906a1	bc52f2ccee2b45fb953b376b16da94c3818aa41cba441bb4aa656802056906a1	master_RVT-UG5_merged_oriented.jsonl	372877154	32829	218976	222200	+
PM_RVT-UG5_6	m05	RVT-UG5	HF989692.1:54216-57368:+	55206f2cfe4ada57b30ade673031c2fb6256aada20794158880351621757e2c4	55206f2cfe4ada57b30ade673031c2fb6256aada20794158880351621757e2c4	master_RVT-UG5_merged_oriented.jsonl	364594990	30128	54216	57368	+
PM_RVT-UG5_7	m00	RVT-UG5	AAMKKY010000002.1:175598-178483:-	768817a2ebbc3facaed0de64cd8da523e1229bd285c33a0f592cb0b0cbf9cca2	19e24a52f409933042b15faa273fb47174f8bae672bfef6b6dc63e5566ce6503	master_RVT-UG5_merged_oriented.jsonl	1257811560	33251	175598	178483	-
PM_RVT-UG5_7	m01	RVT-UG5	ABZFYA010000020.1:833-3709:-	660c56105d6fedd23cfe77d04a0c0d28aafcb6c350931621d04103fe22566e17	08e6bac32d082f3cdff4eada5b0cb0cb0923240fa047f1a58b4c7da596384889	master_RVT-UG5_merged_oriented.jsonl	907953659	22202	833	3709	-
PM_RVT-UG5_7	m02	RVT-UG5	AAUAXI010000005.1:42987-45893:-	8283292cc435a1cc45c23a72c7d80c289c87e509c8eb47f297e1c551c8d5af9d	0058c8b39714c5d40b30160c4d3c2909fc13d1f478d14270e405c0405d731fbe	master_RVT-UG5_merged_oriented.jsonl	1048064764	33501	42987	45893	-
PM_RVT-UG5_7	m03	RVT-UG5	JBMHHM010000009.1:303064-305940:+	e7f18d012dd28675d9269f26ca82d746931755278532e5d1da266bd8558be532	5dbf15ff2680fb206d5a9961f6425b130adeb171bc045f3124e456dc4334870e	master_RVT-UG5_merged_oriented.jsonl	1447839882	34290	303064	305940	+
PM_RVT-UG5_7	m04	RVT-UG5	JAGDDU010000005.1:152240-155116:-	8ae2420d03eb7c03d2f6deed02acccb3c8d691758991056146751b5f5bdb8d33	8ae2420d03eb7c03d2f6deed02acccb3c8d691758991056146751b5f5bdb8d33	master_RVT-UG5_merged_oriented.jsonl	343883564	31871	152240	155116	-
PM_RVT-UG5_7	m05	RVT-UG5	DAPFMM010000004.1:157489-160395:+	e7fe44565efc67fee675b067ba4fa8c27471fe0f1839b4d3ac77984c351cf711	9317eb6479dc0b8e80af274c2ee0cc75c35d4df905519fa4dfb2e93b92b35ac2	master_RVT-UG5_merged_oriented.jsonl	1172021622	30748	157489	160395	+
PM_RVT-UG5_7	m06	RVT-UG5	JBKAUO010000001.1:241001-243892:-	1df95ebaf5a4e02a8138f7844244b63a14fbf8153bae8bcb16fb63f3ac186908	1df95ebaf5a4e02a8138f7844244b63a14fbf8153bae8bcb16fb63f3ac186908	master_RVT-UG5_merged_oriented.jsonl	996237213	32580	241001	243892	-
PM_RVT-UG5_7	m07	RVT-UG5	JBDFPO010000001.1:1488516-1491389:-	b8f16277ae5d1c28f8e5034f720e6b8528d0375ef56e52ebb16bf60660e869c6	b8f16277ae5d1c28f8e5034f720e6b8528d0375ef56e52ebb16bf60660e869c6	master_RVT-UG5_merged_oriented.jsonl	305328515	37080	1488516	1491389	-
PM_RVT-UG5_7	m08	RVT-UG5	RQVV01000054.1:1180-4056:-	7c3053189fa9670fc0122c31b8f00991b41742e3708eff893a521dcccfa70913	7c3053189fa9670fc0122c31b8f00991b41742e3708eff893a521dcccfa70913	master_RVT-UG5_merged_oriented.jsonl	34569003	19815	1180	4056	-
PM_RVT-UG5_8	m00	RVT-UG5	JBSBGT010000025.1:9654-13460:+	a07511ff46a4bd1855f88add5905848b119981570dbb73235adf7cf731958d46	a07511ff46a4bd1855f88add5905848b119981570dbb73235adf7cf731958d46	master_RVT-UG5_merged_oriented.jsonl	1012007498	34087	9654	13460	+
PM_RVT-UG5_8	m01	RVT-UG5	ABMFWN010000003.1:248355-252047:-	f3d9a0c72da0b58650577780c3a6f7bc3a0e4812bf86ffd73f042da2547b1bc5	f3d9a0c72da0b58650577780c3a6f7bc3a0e4812bf86ffd73f042da2547b1bc5	master_RVT-UG5_merged_oriented.jsonl	1010575472	33580	248355	252047	-
PM_RVT-UG5_8	m02	RVT-UG5	ABYDTQ010000002.1:205938-209687:+	035327206c54617f7d8005101e568d142e7ef8de1810e2fc4ea3cee91f07122a	035327206c54617f7d8005101e568d142e7ef8de1810e2fc4ea3cee91f07122a	master_RVT-UG5_merged_oriented.jsonl	1011216533	34612	205938	209687	+
PM_RVT-UG5_8	m03	RVT-UG5	JBPXRB010000001.1:1957404-1961243:-	4608c2ef4c12646d2c4a1e3cda6f6868b97c77dfdde2334095f08f2799d3121b	4608c2ef4c12646d2c4a1e3cda6f6868b97c77dfdde2334095f08f2799d3121b	master_RVT-UG5_merged_oriented.jsonl	343377577	32872	1957404	1961243	-
PM_RVT-UG5_8	m04	RVT-UG5	DBBXGZ010000015.1:52121-55807:+	e410f2154dd98b5d69d5717e1590d8dcfb5f8f24e1e2adab7d4d57cea8a3d042	e410f2154dd98b5d69d5717e1590d8dcfb5f8f24e1e2adab7d4d57cea8a3d042	master_RVT-UG5_merged_oriented.jsonl	1013470848	20830	52121	55807	+
PM_RVT-UG5_8	m05	RVT-UG5	SXCD01000001.1:192372-196136:+	61fc4dd697837f6fd6d371937f73360853b4b9dd0bdd643630bee83b19b38a4d	61fc4dd697837f6fd6d371937f73360853b4b9dd0bdd643630bee83b19b38a4d	master_RVT-UG5_merged_oriented.jsonl	1009128715	31958	192372	196136	+
PM_RVT-UG8_1	m00	RVT-UG8	JAWUAF010000003.1:730338-732281:+	1f219004bab9d84edf7c8fbef95ed96228ba137123bcb7203e60d719a64ab846	1f219004bab9d84edf7c8fbef95ed96228ba137123bcb7203e60d719a64ab846	master_RVT-UG8_merged_oriented.jsonl	908104415	28941	730338	732281	+
PM_RVT-UG8_1	m01	RVT-UG8	MGYG000468740_1:483425-485320:+	38b8c09a935d789ca96315f09bb2e35fa74bed3de45de83849b79907ff33018a	38b8c09a935d789ca96315f09bb2e35fa74bed3de45de83849b79907ff33018a	master_RVT-UG8_merged_oriented.jsonl	219684542	31584	483425	485320	+
PM_RVT-UG8_1	m02	RVT-UG8	CP020469.1:2541594-2543537:-	2ecafaf91ef7682689eaf9ab94eff72de0c1e56fccef96d2271327fa072432ec	2ecafaf91ef7682689eaf9ab94eff72de0c1e56fccef96d2271327fa072432ec	master_RVT-UG8_merged_oriented.jsonl	163722887	35867	2541594	2543537	-
PM_RVT-UG8_1	m03	RVT-UG8	JAFCAF010000005.1:143920-145857:-	7f0cef3b8a251964158c44c55d7c4025541f9554587d57cc5ce13b8ae54a7689	7f0cef3b8a251964158c44c55d7c4025541f9554587d57cc5ce13b8ae54a7689	master_RVT-UG8_merged_oriented.jsonl	88090878	33729	143920	145857	-
PM_RVT-UG8_1	m04	RVT-UG8	JBPAUC010000006.1:102882-104822:-	a4f0be8154e52c916897b812e1b58d9125cd1d79d6bac1bfa0cf3bbcbd317799	17d7407d8276ed28926e8d03502f5632392a72610b9ea1b686d56f610f87b0f5	master_RVT-UG8_merged_oriented.jsonl	634154813	32970	102882	104822	-
PM_RVT-UG8_1	m05	RVT-UG8	CAXTJF010000003.1:259269-261209:+	cd542449464adda42e1cbd6376c1cd09745336872ef0eaae5128e57e8e3e0e23	cd542449464adda42e1cbd6376c1cd09745336872ef0eaae5128e57e8e3e0e23	master_RVT-UG8_merged_oriented.jsonl	289842523	34615	259269	261209	+
PM_RVT-UG8_1	m06	RVT-UG8	JASBRZ010000002.1:282307-284244:-	748991c97103af960823acd7fc568c9b13a19bd8e45dcab418c5193a52f06335	748991c97103af960823acd7fc568c9b13a19bd8e45dcab418c5193a52f06335	master_RVT-UG8_merged_oriented.jsonl	1004657088	21559	282307	284244	-
PM_RVT-UG8_1	m07	RVT-UG8	JBFZIR010000011.1:18928-20868:-	dad4ccf6473a431bda543ee5ee2f4e088d8d11d7d40c583ad060b846c0dc7c38	dad4ccf6473a431bda543ee5ee2f4e088d8d11d7d40c583ad060b846c0dc7c38	master_RVT-UG8_merged_oriented.jsonl	287422499	30142	18928	20868	-
PM_RVT-UG8_1	m08	RVT-UG8	JACWKN010000004.1:236587-238527:-	a01e24e5336191e328d21c43ccfc6e20fd75f2bd31ec20b00f0ec1521d3e55fa	a01e24e5336191e328d21c43ccfc6e20fd75f2bd31ec20b00f0ec1521d3e55fa	master_RVT-UG8_merged_oriented.jsonl	290921153	33702	236587	238527	-
PM_RVT-UG8_1	m09	RVT-UG8	CP124840.1:656885-658822:-	9e7e13e14f96eef353aea5df741f86e61f5c36d0c279ed62f4f04a15054a2e9c	f7eaf295e3dd0a74f631f0f43f6896bfde1cd20c44650bfcecd11475da6f863c	master_RVT-UG8_merged_oriented.jsonl	6162393	33026	656885	658822	-
PM_RVT-UG8_1	m10	RVT-UG8	CAIWHB010000212.1:19445-21388:-	d4f3ef80742c9e4ce04b915f5964b09ee9b34763a9f3ac843787865b9a1f7e1e	5e12381d1a4a0eef68e1305f67fbd8b21e04891eda2693ef9905352e3052bf92	master_RVT-UG8_merged_oriented.jsonl	957765895	30966	19445	21388	-
PM_RVT-UG8_1	m11	RVT-UG8	PQBY01000016.1:407936-409879:-	15927dff0dfcbaf3d4d3bd34eda3dc9c484ea149dd15f3ec83fe008a80e71429	15927dff0dfcbaf3d4d3bd34eda3dc9c484ea149dd15f3ec83fe008a80e71429	master_RVT-UG8_merged_oriented.jsonl	355195307	35241	407936	409879	-
PM_RVT-UG8_1	m12	RVT-UG8	BLYC01000102.1:235-2166:-	37e981d550e67ad1a0b79c7886848d697e957ab54eb302c4f6a12227a8f8019e	37e981d550e67ad1a0b79c7886848d697e957ab54eb302c4f6a12227a8f8019e	master_RVT-UG8_merged_oriented.jsonl	927823682	10124	235	2166	-
PM_RVT-UG8_1	m13	RVT-UG8	LZHQ01000011.1:36725-38626:-	8bbc6c75b92af8ecf9a88c00f80b159921175d4c98644f11cadc0f7b58364c1f	1b9ad8d0e94319b367e0e576deb29b263645579c9123294babeee17cf7abae63	master_RVT-UG8_merged_oriented.jsonl	61596935	32812	36725	38626	-
PM_RVT-UG8_1	m14	RVT-UG8	NZQS01000003.1:5397-7331:+	f6c9e2e57012997298592d4b8334340b875a1cfb0d30c725dbfa5ecb05305e16	f6c9e2e57012997298592d4b8334340b875a1cfb0d30c725dbfa5ecb05305e16	master_RVT-UG8_merged_oriented.jsonl	109132780	21956	5397	7331	+
PM_RVT-UG8_1	m15	RVT-UG8	JBLHNR010000027.1:778-2694:-	d26acd92ffefb530f13dbecf238424586f35085d092aa9a95ffde3bb70f9f538	d26acd92ffefb530f13dbecf238424586f35085d092aa9a95ffde3bb70f9f538	master_RVT-UG8_merged_oriented.jsonl	1046849990	21067	778	2694	-
PM_RVT-UG8_1	m16	RVT-UG8	JAKNQT010000004.1:90155-92092:-	c7ab1734f40ce6d6f8dc1e6554f327940196453e499f6c63ac3b49903c902281	c7ab1734f40ce6d6f8dc1e6554f327940196453e499f6c63ac3b49903c902281	master_RVT-UG8_merged_oriented.jsonl	1002475417	32334	90155	92092	-
PM_RVT-UG8_1	m17	RVT-UG8	MUFE01000002.1:55946-57877:+	5811bc3ab20d29b20b210bc8dd6994b4169deb872c935c1cd5e509b5e4123c23	5811bc3ab20d29b20b210bc8dd6994b4169deb872c935c1cd5e509b5e4123c23	master_RVT-UG8_merged_oriented.jsonl	1029502624	31219	55946	57877	+
PM_RVT-UG8_2	m00	RVT-UG8	JBMPPJ010000003.1:189666-191636:-	bfc672a1f261ca405872e46a78e7ca0c68d0499b836a8ce1dd356cb8d24e71b8	bfc672a1f261ca405872e46a78e7ca0c68d0499b836a8ce1dd356cb8d24e71b8	master_RVT-UG8_merged_oriented.jsonl	1056416536	32792	189666	191636	-
PM_RVT-UG8_2	m01	RVT-UG8	DARUWD010000026.1:29504-31465:-	5f3fd82b25f60ea67f8b24328cbddc1f962b39ea43cbd7016b9a8eaaa2ea6d8b	5f3fd82b25f60ea67f8b24328cbddc1f962b39ea43cbd7016b9a8eaaa2ea6d8b	master_RVT-UG8_merged_oriented.jsonl	372649328	36829	29504	31465	-
PM_RVT-UG8_2	m02	RVT-UG8	JBHSAG010000006.1:479447-481408:-	0b879d27014accc233f5220c85fd6d0ccef7a2f007e155d0432249401b195865	0b879d27014accc233f5220c85fd6d0ccef7a2f007e155d0432249401b195865	master_RVT-UG8_merged_oriented.jsonl	328958894	31620	479447	481408	-
PM_RVT-UG8_2	m03	RVT-UG8	DBIRTS010000038.1:25300-27273:-	35f294f0cff9335ed29d97ace08764d6598a2b41502372196be4801fe3c8dd2b	35f294f0cff9335ed29d97ace08764d6598a2b41502372196be4801fe3c8dd2b	master_RVT-UG8_merged_oriented.jsonl	630906845	34688	25300	27273	-
PM_RVT-UG8_2	m04	RVT-UG8	JBKAOV010000012.1:209123-211099:+	2f4f90aa83a02558c64a5d309c982d55df19ad8235dcb1f3a95e44cb77f55e6f	2f4f90aa83a02558c64a5d309c982d55df19ad8235dcb1f3a95e44cb77f55e6f	master_RVT-UG8_merged_oriented.jsonl	633327175	32887	209123	211099	+
PM_RVT-UG8_2	m05	RVT-UG8	AVFN01000051.1:14760-16721:+	6d2211acd83c66b77719e5252916cf665cd523d7919c4a1cfc0fde7f9d9e9153	6d2211acd83c66b77719e5252916cf665cd523d7919c4a1cfc0fde7f9d9e9153	master_RVT-UG8_merged_oriented.jsonl	80779027	33005	14760	16721	+
PM_RVT-UG8_2	m06	RVT-UG8	UUDG01000019.1:161489-163456:+	f99fbc4d8dd392f66bdec086177fcfd141dff1ec5a5cdcd8cd4e87bf56a507c1	f99fbc4d8dd392f66bdec086177fcfd141dff1ec5a5cdcd8cd4e87bf56a507c1	master_RVT-UG8_merged_oriented.jsonl	36211826	36016	161489	163456	+
PM_RVT-UG8_2	m07	RVT-UG8	CP127228.1:5478557-5480515:+	06d0e0c08bf740e70003a2c9f9eb20818510e508609056b8c56578ff1de8c0a5	06d0e0c08bf740e70003a2c9f9eb20818510e508609056b8c56578ff1de8c0a5	master_RVT-UG8_merged_oriented.jsonl	150596147	32344	5478557	5480515	+
PM_RVT-UG8_2	m08	RVT-UG8	AP021902.1:4135498-4137462:+	55deb566ee744bc5bd6222423a5b1e8e7b97d857d69eab1d70e23bb7136d817a	55deb566ee744bc5bd6222423a5b1e8e7b97d857d69eab1d70e23bb7136d817a	master_RVT-UG8_merged_oriented.jsonl	112017381	32628	4135498	4137462	+
PM_RVT-UG8_2	m09	RVT-UG8	JBASLV010000287.1:4823-6784:+	f3c017c9bd62333f3f08fcfdfde6f2e88bba3c1bb375d6b765aa68034aae8f0c	f3c017c9bd62333f3f08fcfdfde6f2e88bba3c1bb375d6b765aa68034aae8f0c	master_RVT-UG8_merged_oriented.jsonl	911916043	24867	4823	6784	+
PM_RVT-UG8_2	m10	RVT-UG8	KB316290.1:817454-819415:-	5932f2eb5b7e2663e5c66732f6ef40f6425843bc509861f049d7bacba8299175	5932f2eb5b7e2663e5c66732f6ef40f6425843bc509861f049d7bacba8299175	master_RVT-UG8_merged_oriented.jsonl	345190225	31465	817454	819415	-
PM_RVT-UG8_2	m11	RVT-UG8	MGYG000499589_196:26001-27971:+	a2de7d0f1d67000a32705ff7a83c27431a31bed448a374e97118d5c9b34f9ce8	a2de7d0f1d67000a32705ff7a83c27431a31bed448a374e97118d5c9b34f9ce8	master_RVT-UG8_merged_oriented.jsonl	224125901	31138	26001	27971	+
PM_RVT-UG8_2	m12	RVT-UG8	LPDA01000045.1:134277-136250:+	0794bc80ceba960d73cdc21aac26264d5b153b7840c982118a1d33e07fa62c7c	8667e883b61f1bd282b1e18826793efe55b76d63246760a6aba10eaf86cf1954	master_RVT-UG8_merged_oriented.jsonl	10604234	28031	134277	136250	+
PM_RVT-UG8_2	m13	RVT-UG8	DAHOAO010000019.1:29315-31276:+	d0462c43b81218f595bd9e2c4a55388526af2d35ee90e55baefd25546ed9e294	d962c81fb6d20ec367c762a2e4024d178ac0459d9059048c2fc9dc253b9fd234	master_RVT-UG8_merged_oriented.jsonl	368823309	35052	29315	31276	+
PM_RVT-UG8_2	m14	RVT-UG8	CP076386.1:2797727-2799685:+	a12fa5377db0d3590c7c73f3fdd6c5f547a90b523413f9529e4df859787e9f79	a12fa5377db0d3590c7c73f3fdd6c5f547a90b523413f9529e4df859787e9f79	master_RVT-UG8_merged_oriented.jsonl	173201337	31541	2797727	2799685	+
PM_RVT-UG8_2	m15	RVT-UG8	JBDLLS010000001.1:2474245-2476209:+	3e0dc35c222fb696a7c4ffb455ff70416d493d3a97c3230d4e10ba41983be3f9	3e0dc35c222fb696a7c4ffb455ff70416d493d3a97c3230d4e10ba41983be3f9	master_RVT-UG8_merged_oriented.jsonl	258662769	32789	2474245	2476209	+
PM_RVT-UG8_3	m00	RVT-UG8	RKQU01000011.1:76855-78819:+	4da7d34d522a45f61fec7fcca99edae3463d1b0bedad4668323b4ae913b79226	0ce46b2eda15800b464261a0de60e131e926b4a713302104f72e23329a7faa63	master_RVT-UG8_merged_oriented.jsonl	337830377	31088	76855	78819	+
PM_RVT-UG8_3	m01	RVT-UG8	CALSGJ010000022.1:106231-108192:-	910f1dc546af799e466c87cf3b1a011b0938fe36a5887cf85a15421921c18735	910f1dc546af799e466c87cf3b1a011b0938fe36a5887cf85a15421921c18735	master_RVT-UG8_merged_oriented.jsonl	956260918	34619	106231	108192	-
PM_RVT-UG8_3	m02	RVT-UG8	MCUU01000024.1:187369-189321:+	3f8bb5cfd1aa495b61f5c2c7c8f50fdcf7d66d18316fdc71ef87f4b312951b8d	be217ea20824b3ae662f04ce228d1bb7265883fda26dbb33b051a00192bed6c6	master_RVT-UG8_merged_oriented.jsonl	323620058	30912	187369	189321	+
PM_RVT-UG8_3	m03	RVT-UG8	JBFRRU010000017.1:12372-14147:-	69281b179c64beedcb24b462e9a39ddda754cb478b56c6f01daf96bf8c56170c	69281b179c64beedcb24b462e9a39ddda754cb478b56c6f01daf96bf8c56170c	master_RVT-UG8_merged_oriented.jsonl	323014688	32112	12372	14147	-
PM_RVT-UG8_3	m04	RVT-UG8	ABTUDY010000007.1:52648-54618:-	fb95a8725127f3797bd7cfc1b36f8048265f3d77901d81e92e6094903320d892	fb95a8725127f3797bd7cfc1b36f8048265f3d77901d81e92e6094903320d892	master_RVT-UG8_merged_oriented.jsonl	635746221	32406	52648	54618	-
PM_RVT-UG8_3	m05	RVT-UG8	BOJE01000011.1:5404-7374:-	b8cdcbd26287fe24c088034af56fb7041cfdde5ff3dee71bd9fb451258f72d11	b8cdcbd26287fe24c088034af56fb7041cfdde5ff3dee71bd9fb451258f72d11	master_RVT-UG8_merged_oriented.jsonl	634842458	26474	5404	7374	-
PM_RVT-UG8_4	m00	RVT-UG8	JAHOIQ010000019.1:10277-12454:+	bc629ac425fac07bc458e174a8cb070f5d2d1fffb14d36658ef3fb02db055058	b204288ea218f44beb576f4bb43698b2ea668eaa8c00ebff0f1ab425c853aa1e	master_RVT-UG8_merged_oriented.jsonl	646518157	30136	10277	12454	+
PM_RVT-UG8_4	m01	RVT-UG8	JBHASD010000263.1:3462-5645:+	b0a5575a1d734dfd152f1294f5cc3322be466e14617b20e7352dc4ee20a8244e	3ce828266a0c31953795d8f464292fecf3af3c82f6c3ad88de7464b750b6b410	master_RVT-UG8_merged_oriented.jsonl	655644819	12184	3462	5645	+
PM_RVT-UG8_4	m02	RVT-UG8	CAOPNL010000010.1:30766-32937:-	6f6b8f1a6b5d5a2238f1d1d956048c56840ce8bc81af0ab8e700a8032fd0e949	5ca86a2157f67a68a054ea49807e2f7a32a403a01bbcf1473dec84302ba68e4b	master_RVT-UG8_merged_oriented.jsonl	332214142	34581	30766	32937	-
PM_RVT-UG8_4	m03	RVT-UG8	CAOYUK010000188.1:5502-7685:+	8b6564dcac0bad2d1fdcd6af776e1ffb7cb09b73dc136f59c87c6280dd95a2ac	7e1e14a4aa403d26ab1b7bf06693d39d059f5866dbfa37515fed656ad9636eb6	master_RVT-UG8_merged_oriented.jsonl	963472905	22397	5502	7685	+
PM_RVT-UG8_4	m04	RVT-UG8	3300006459.a:Ga0100222_100366:11020-13191:-	c985c8a4f53b2e26bb8e306d2290c481e80048c61eb9be02b2da8ab743116000	c985c8a4f53b2e26bb8e306d2290c481e80048c61eb9be02b2da8ab743116000	master_RVT-UG8_merged_oriented.jsonl	1058976232	30050	11020	13191	-
PM_RVT-UG8_4	m05	RVT-UG8	GL397214.1:845101-847284:+	ff306d76afca6ad3512fcd1fc439c727125864ec8902535ebb7de899fae1f508	ff306d76afca6ad3512fcd1fc439c727125864ec8902535ebb7de899fae1f508	master_RVT-UG8_merged_oriented.jsonl	343236750	32819	845101	847284	+
PM_RVT-UG8_4	m06	RVT-UG8	CBDEQV010000213.1:3140-5314:+	ab993d7f6b15a0be456c0412feac225a1fcf45fe276ecd4602cc6599afb4fd29	a3515e9a4ca8de5599224b6e9d368be20b51b8fb47deb751b8e89ee148b95402	master_RVT-UG8_merged_oriented.jsonl	971150476	13933	3140	5314	+
PM_RVT-UG8_4	m07	RVT-UG8	CP072333.1:552829-555006:-	a9304e5ad24fa4c98532c5576e4f5d218ccf03578f27923c29dfcc3db7008409	a9304e5ad24fa4c98532c5576e4f5d218ccf03578f27923c29dfcc3db7008409	master_RVT-UG8_merged_oriented.jsonl	146422594	32763	552829	555006	-
PM_RVT-UG8_4	m08	RVT-UG8	3300021399.a:Ga0224415_10001282:20162-22363:-	4f87e2a4d419bcdf540f60eb8d2c2409e6e757836de2434e93ee81c00b230d1c	4f87e2a4d419bcdf540f60eb8d2c2409e6e757836de2434e93ee81c00b230d1c	master_RVT-UG8_merged_oriented.jsonl	1060661858	32153	20162	22363	-
PM_RVT-UG8_4	m09	RVT-UG8	CAMIHE010000013.1:9888-12086:+	061ee92e7a3c707f1b9078f0e08d8178e97020efb928dd6eae0852ca327e161c	061ee92e7a3c707f1b9078f0e08d8178e97020efb928dd6eae0852ca327e161c	master_RVT-UG8_merged_oriented.jsonl	1005411842	31054	9888	12086	+
PM_RVT-UG8_4	m10	RVT-UG8	CDRRLH010000002.1:92518-94686:+	13110ecf7234d7a699995c52e5889a4e6f8d5255077f90adfdc59553de3e7f42	13110ecf7234d7a699995c52e5889a4e6f8d5255077f90adfdc59553de3e7f42	master_RVT-UG8_merged_oriented.jsonl	1036318311	31295	92518	94686	+
PM_RVT-UG8_4	m11	RVT-UG8	JBOGCF010000003.1:2179-4377:-	d89f7518ea3460be54c0abd84895bfdf3fce4f78d7ac0a9adb2e559bd2b022ee	d89f7518ea3460be54c0abd84895bfdf3fce4f78d7ac0a9adb2e559bd2b022ee	master_RVT-UG8_merged_oriented.jsonl	1046312685	24087	2179	4377	-
PM_RVT-UG8_4	m12	RVT-UG8	CDRLBY010000047.1:2686-4857:+	e443d312c9b56cb3d71fee7e9580cb83769a44e1e3d4f1a994890da85dbdfdf9	e443d312c9b56cb3d71fee7e9580cb83769a44e1e3d4f1a994890da85dbdfdf9	master_RVT-UG8_merged_oriented.jsonl	658501781	9249	2686	4857	+
PM_RVT-UG8_5	m00	RVT-UG8	DBGNWK010000009.1:92613-94577:-	108976996e0f40783c1700f34c827193aba4689eb9f4f8b7ecc215a772a4dce0	108976996e0f40783c1700f34c827193aba4689eb9f4f8b7ecc215a772a4dce0	master_RVT-UG8_merged_oriented.jsonl	408556267	32743	92613	94577	-
PM_RVT-UG8_5	m01	RVT-UG8	JADTPF010000015.1:74068-76086:+	553c1d6450804476303c994b9ed6ac07352e385c8e62ec73748aba48943037c7	553c1d6450804476303c994b9ed6ac07352e385c8e62ec73748aba48943037c7	master_RVT-UG8_merged_oriented.jsonl	625264715	28750	74068	76086	+
PM_RVT-UG8_5	m02	RVT-UG8	CP090594.1:1386080-1388089:-	2febdaa703f21237010467559c67a91aed8df13acc3b6033f623645c9f9aed6c	2febdaa703f21237010467559c67a91aed8df13acc3b6033f623645c9f9aed6c	master_RVT-UG8_merged_oriented.jsonl	74381822	32151	1386080	1388089	-
PM_RVT-UG8_5	m03	RVT-UG8	FYDI01000002.1:230049-232058:+	ccd1783a812e7e40f58fb8df576e37737f5e4384f6c1e27d84a71d5718a1726f	ccd1783a812e7e40f58fb8df576e37737f5e4384f6c1e27d84a71d5718a1726f	master_RVT-UG8_merged_oriented.jsonl	353710617	33828	230049	232058	+
PM_RVT-UG8_5	m04	RVT-UG8	LR733265.1:1329515-1331524:+	de7c1e0bd44564da8b72ccc7330d6124f641341c4026fa4fecf057cd17757458	de7c1e0bd44564da8b72ccc7330d6124f641341c4026fa4fecf057cd17757458	master_RVT-UG8_merged_oriented.jsonl	357564914	31741	1329515	1331524	+
PM_RVT-UG8_5	m05	RVT-UG8	JAMHFX010000207.1:29315-31324:+	747e3e3fb509f05f71da233136f76c80d9beaf20e829eb0414baf2d4915e67a5	747e3e3fb509f05f71da233136f76c80d9beaf20e829eb0414baf2d4915e67a5	master_RVT-UG8_merged_oriented.jsonl	382821736	31839	29315	31324	+
PM_RVT-UG8_6	m00	RVT-UG8	CP003345.1:310667-312988:+	14b8834bc30e6efa5cc2e52e70f48c22c97b4fe74da1d9314c6a62775650a0a0	14b8834bc30e6efa5cc2e52e70f48c22c97b4fe74da1d9314c6a62775650a0a0	master_RVT-UG8_merged_oriented.jsonl	246049103	35277	310667	312988	+
PM_RVT-UG8_6	m01	RVT-UG8	JBBCLK010000005.1:151890-154268:-	7c91db533f7ce9fca9bc7d6ab768026428ff262af08f6f69100d25a5a355e4bc	7c91db533f7ce9fca9bc7d6ab768026428ff262af08f6f69100d25a5a355e4bc	master_RVT-UG8_merged_oriented.jsonl	1011738713	36788	151890	154268	-
PM_RVT-UG8_6	m02	RVT-UG8	JAADZW010000011.1:113980-116328:+	eb3d57f7ee6a08877661e57b184b64e03ca61043d1e8c2a4127fcfa949232aa9	eb3d57f7ee6a08877661e57b184b64e03ca61043d1e8c2a4127fcfa949232aa9	master_RVT-UG8_merged_oriented.jsonl	1025987941	32120	113980	116328	+
PM_RVT-UG8_6	m03	RVT-UG8	CALAZF010000037.1:201958-204291:-	14e8a76bd37a6c1d81834ba80c218fbae9f014633c2636acc85a8f1c5966fb4c	14e8a76bd37a6c1d81834ba80c218fbae9f014633c2636acc85a8f1c5966fb4c	master_RVT-UG8_merged_oriented.jsonl	102363401	35079	201958	204291	-
PM_RVT-UG8_6	m04	RVT-UG8	BJXC01000037.1:10386-12173:+	be930c168952341bacc3cd45f01a3079b40dc0234b5c3a8ecf0cf304cd2636ec	be930c168952341bacc3cd45f01a3079b40dc0234b5c3a8ecf0cf304cd2636ec	master_RVT-UG8_merged_oriented.jsonl	4932532	18373	10386	12173	+
PM_RVT-UG8_6	m05	RVT-UG8	PHUL01000001.1:1389994-1392330:-	f3b5cfb34e404da1863074c52e2405f7c2cda18ad9877310c0b9c51e74f21d81	51f668cb74d0f929c35eef5ebcf9a1a6c7f79d467f2572384092155ddc9f2364	master_RVT-UG8_merged_oriented.jsonl	91731306	35476	1389994	1392330	-
PM_RVT-UG8_6	m06	RVT-UG8	JTDW01000010.1:134857-136998:+	1dbd4ef1ee069825e46c57066cedf38008be86233ac32b67f40d0a668fe8378a	5d75d58068dc95622ff3774e9976a22f3dc4034faa79415146dc49260a005202	master_RVT-UG8_merged_oriented.jsonl	1019427471	34932	134857	136998	+
PM_RVT-UG8_7	m00	RVT-UG8	ABMUMS020000015.1:36396-38399:+	c408205f2ff230eab5767f1b6f02996a4e95eb0a6c7b59a69f34c853dace244a	251b3b1416ed403898bd086f684e87b3b081ca3a8bfbb7625c9c3eec2fa87a35	master_RVT-UG8_merged_oriented.jsonl	462096078	33195	36396	38399	+
PM_RVT-UG8_7	m01	RVT-UG8	JAFFTI010000001.1:4099756-4101756:+	b3631fca910f59536e0b26c6fe979ec1a378b0caec54b5f7aa08ee8d0e59fedb	f2493343477310f7f7e91af1f252852fc7150fe7cd428e385704c318f8351980	master_RVT-UG8_merged_oriented.jsonl	1020783483	33855	4099756	4101756	+
PM_RVT-UG8_7	m02	RVT-UG8	LUTA01000035.1:33606-35474:-	919011c6c0986206310f62936ae7b32ceceaeae9431b29f5a8e925a814f16b78	919011c6c0986206310f62936ae7b32ceceaeae9431b29f5a8e925a814f16b78	master_RVT-UG8_merged_oriented.jsonl	1012320916	24045	33606	35474	-
PM_RVT-UG8_7	m03	RVT-UG8	ABTVES010000194.1:20495-22216:+	fe55253f4cf1ae27ccb4f628115cacd78b204e7850f13728a6b0942b4721f311	08f84c3573815593e533824bf31e6b5ce8fc5a64ad8cd6573dc1e5cadd812cb5	master_RVT-UG8_merged_oriented.jsonl	477629367	34116	20495	22216	+
PM_RVT-UG8_7	m04	RVT-UG8	JBBEQI010000007.1:207781-209787:+	91487df4030886a62e76faf1c60f7c91f240895a6f2a2a524586dde116300817	91487df4030886a62e76faf1c60f7c91f240895a6f2a2a524586dde116300817	master_RVT-UG8_merged_oriented.jsonl	629705374	32740	207781	209787	+
PM_RVT-UG8_7	m05	RVT-UG8	ACBVIT010000016.1:25798-27798:+	1fdb3de22b2eaa1082287e141bffa8ff6881e71ca057db0309c8907c5c84de98	1fdb3de22b2eaa1082287e141bffa8ff6881e71ca057db0309c8907c5c84de98	master_RVT-UG8_merged_oriented.jsonl	658225112	35919	25798	27798	+
PM_RVT-UG8_8	m00	RVT-UG8	CAKQHS010000012.1:7635-9671:+	b8f4b72f2206b20ddffedfaff4d3a4b5b43fd1afeb10d5a30d718a1cc55b3be3	b8f4b72f2206b20ddffedfaff4d3a4b5b43fd1afeb10d5a30d718a1cc55b3be3	master_RVT-UG8_merged_oriented.jsonl	953934893	32920	7635	9671	+
PM_RVT-UG8_8	m01	RVT-UG8	DBFMTZ010000031.1:25000-27036:+	498330cb5b0ec9452dba0c1d63215195b2dc0f3c826b25323d619017b3a5cbac	498330cb5b0ec9452dba0c1d63215195b2dc0f3c826b25323d619017b3a5cbac	master_RVT-UG8_merged_oriented.jsonl	908871638	34740	25000	27036	+
PM_RVT-UG8_8	m02	RVT-UG8	MGYG000149217_67:57-2126:-	d92b1fe49f2826bdd71125730bae0a551da4dfdbba91f8c44b9b4d14b6121fed	dd0e099085a03de30f9395b27ba60ec49eafe803619e70447a056ee7404f0fd1	master_RVT-UG8_merged_oriented.jsonl	206008103	19704	57	2126	-
PM_RVT-UG8_8	m03	RVT-UG8	CALGHU010000087.1:3002-4768:+	96bed1999da172e5830b513ff20a3a4346266d3f0201f30de17ba13fdb22b2c7	96bed1999da172e5830b513ff20a3a4346266d3f0201f30de17ba13fdb22b2c7	master_RVT-UG8_merged_oriented.jsonl	958222130	16492	3002	4768	+
PM_RVT-UG8_8	m04	RVT-UG8	MGYG000086064_28:20740-22668:+	e0f9b572fbadbd72a40e37c63cb83193c3806586af7fb93f8f046296796b7a9d	e0f9b572fbadbd72a40e37c63cb83193c3806586af7fb93f8f046296796b7a9d	master_RVT-UG8_merged_oriented.jsonl	218114474	28331	20740	22668	+
PM_RVT-UG8_8	m05	RVT-UG8	MGYG000056158_12:83311-85347:-	98cad017e2565c7ff71bd2dce309eb4b1433fc5962290f1b76279f1368de291c	98cad017e2565c7ff71bd2dce309eb4b1433fc5962290f1b76279f1368de291c	master_RVT-UG8_merged_oriented.jsonl	213294682	30599	83311	85347	-
PM_RVT-UG8_8	m06	RVT-UG8	JADYTO010000033.1:24306-26336:+	8d3e986530d129ce3d43da6a5599e02283d5bda533bfbb746aad05b3862ea43e	8d3e986530d129ce3d43da6a5599e02283d5bda533bfbb746aad05b3862ea43e	master_RVT-UG8_merged_oriented.jsonl	912240272	31095	24306	26336	+
PM_RVT-UG8_8	m07	RVT-UG8	JAUMVX010000052.1:9416-11359:+	768f1700ac62bdda5e90e09a1c66ee721964e50813b9e1b189cf44caeb2ca73b	768f1700ac62bdda5e90e09a1c66ee721964e50813b9e1b189cf44caeb2ca73b	master_RVT-UG8_merged_oriented.jsonl	354459066	19986	9416	11359	+
PM_RVT-UG8_8	m08	RVT-UG8	JBGUVU010000096.1:71678-73726:-	2289558aa27d4b78c02c1cac04f98d08341a22901d1bcf5af5f2d8c78d860f4e	2289558aa27d4b78c02c1cac04f98d08341a22901d1bcf5af5f2d8c78d860f4e	master_RVT-UG8_merged_oriented.jsonl	908728770	34235	71678	73726	-
