component_id	n_pairs	n_tok	n_distinct_rt	n_distinct_ncrna	n_retron_types	n_rt_homolog_groups	cv_fold	dominant_retron_type	any_T4	any_T3	in_sensitivity_population	mean_nearest_train_rt_cosine	relatedness_stratum	nll_per_nt_U	nll_per_nt_T	nll_per_nt_G	nll_per_nt_R	nll_per_nt_P	delta_R_minus_T	delta_R_minus_G	delta_R_minus_P	delta_P_minus_T	delta_logP_C1	n_pairs_C1	delta_logP_C2	n_pairs_C2	delta_logP_C3	n_pairs_C3	delta_logP_C4	n_pairs_C4
CMP00000	5711	769129	5579	1625	1	243	0	TypeIC1_IC2	1	1	0	0.987013	Q4	1.443808	1.335098	1.381594	1.388543	1.368616	0.053445	0.006949	0.019927	0.033518	0.007198	5711	0.006998	5678	-0.000828	5711	0.002322	5544
CMP00001	4024	524463	3959	2808	3	168	1	OutgroupA	1	1	0	0.984012	Q2	1.39201	1.375268	1.368942	1.359513	1.371643	-0.015755	-0.009429	-0.01213	-0.003625	0.008214	4024	0.008104	4000	-4.8e-05	4024	0.002094	3926
CMP00002	3455	639425	3136	1550	2	164	2	Ec107_like	1	1	0	0.97974	Q1	1.41542	1.552235	1.437071	1.448641	1.462431	-0.103594	0.01157	-0.01379	-0.089804	0.011854	3455	0.009223	3443	0.000395	3455	0.002091	3346
CMP00003	2917	456996	2389	1263	3	95	3	TypeIA_IIAI	1	1	0	0.98526	Q3	1.452617	1.412519	1.394427	1.38935	1.376743	-0.023169	-0.005077	0.012607	-0.035776	0.002013	2916	0.000977	2899	-0.0018	2917	-0.001142	2839
CMP00004	1889	400130	1842	1415	5	51	4	TypeXIIIB_Ne144	1	1	0	0.980333	Q1	1.397679	1.386733	1.387805	1.37344	1.357607	-0.013293	-0.014365	0.015833	-0.029126	0.024965	1888	0.017628	1874	6e-06	1889	0.012325	1866
CMP00005	823	190927	794	651	5	20	4	TypeXIIIC_Mx162	1	1	0	0.982736	Q1	1.398374	1.377768	1.415114	1.376282	1.387557	-0.001486	-0.038832	-0.011275	0.009789	0.013178	821	0.006366	803	-0.000408	823	-0.000925	814
CMP00006	809	151813	756	292	1	39	4	Ec107_like	1	1	0	0.987035	Q3	1.399374	1.419018	1.420377	1.380247	1.398897	-0.038771	-0.04013	-0.01865	-0.020121	0.004019	809	0.003733	786	-0.000176	809	0.003141	782
CMP00007	735	69560	725	265	1	33	3	TypeIV	1	1	0	0.989081	Q3	1.48777	1.472081	1.43587	1.459202	1.503517	-0.012879	0.023332	-0.044315	0.031436	-0.00255	735	-0.002318	720	0.000572	735	0.000666	707
CMP00008	696	105841	590	72	1	14	2	TypeIB2	1	1	0	0.990341	Q4	1.422874	1.336141	1.411626	1.393701	1.411056	0.05756	-0.017925	-0.017355	0.074915	5.5e-05	696	0.000863	558	0.000101	696	0.002799	684
CMP00009	530	104241	427	261	1	15	4	TypeXIIIA_firmi	0	1	0	0.98331	Q2	1.408673	1.432496	1.413177	1.393754	1.411663	-0.038742	-0.019423	-0.017909	-0.020833	0.03247	530	0.018728	517	0.000804	530	0.004045	524
CMP00010	453	77515	401	49	1	17	3	TypeV	1	1	0	0.988514	Q4	1.419281	1.382207	1.382898	1.372558	1.434262	-0.009649	-0.01034	-0.061704	0.052055	0.002422	453	0.000823	367	-0.001326	453	0.000935	425
CMP00011	342	73132	325	242	1	15	1	TypeIIIA2	1	1	0	0.989922	Q4	1.41268	1.394903	1.387905	1.395252	1.380517	0.000349	0.007347	0.014735	-0.014386	0.01229	342	0.011953	335	0.000183	342	0.005639	335
CMP00012	280	45508	269	128	1	10	4	TypeIIA3_proteo	1	1	0	0.988086	Q3	1.410644	1.397166	1.383796	1.402776	1.464144	0.00561	0.01898	-0.061368	0.066978	0.003252	280	0.001516	252	-2.2e-05	280	0.00154	275
CMP00013	262	37003	256	216	1	13	3	TypeIIIA1	1	1	0	0.990409	Q4	1.423247	1.407478	1.394179	1.385019	1.397311	-0.022459	-0.00916	-0.012292	-0.010167	0.00236	262	0.002086	247	-0.000544	262	0.000599	256
CMP00014	258	48304	243	143	1	20	2	TypeIIA3_firmi	1	1	0	0.989444	Q3	1.440715	1.379636	1.39925	1.379364	1.396853	-0.000272	-0.019886	-0.017489	0.017217	0.000816	258	0.000559	236	-0.000222	258	0.001033	246
CMP00015	204	57760	182	34	1	11	4	TypeIIIA3	1	1	0	0.987733	Q4	1.408432	1.394126	1.402858	1.427079	1.378646	0.032953	0.024221	0.048433	-0.01548	0.002931	204	0.0093	187	-0.000273	204	0.000738	199
CMP00016	199	27939	191	121	3	14	1	TypeIIIA1	1	1	0	0.988748	Q3	1.417074	1.39745	1.40959	1.404177	1.41072	0.006727	-0.005413	-0.006543	0.01327	0.007975	199	0.007329	181	0.000404	199	0.003904	192
CMP00017	182	36313	172	59	1	8	3	TypeIB2	1	1	0	0.992829	Q4	1.43271	1.429093	1.40631	1.46559	2.330358	0.036497	0.05928	-0.864768	0.901265	-0.010435	182	-0.009662	169	0.004209	182	-0.00076	179
CMP00018	179	33874	170	121	1	6	2	TypeV	1	1	0	0.990915	Q4	1.442862	1.387955	1.405913	1.395283	1.394121	0.007328	-0.01063	0.001162	0.006166	0.004021	179	0.004367	157	-0.00067	179	0.004587	179
CMP00019	168	45048	166	139	2	16	4	TypeIIIA3	1	1	1	0.990209	Q4	1.417028	1.376831	1.392227	1.385989	1.362315	0.009158	-0.006238	0.023674	-0.014516	0.012611	168	0.009313	167	0.00034	168	0.001018	164
CMP00020	163	22522	162	149	1	16	3	TypeIX	1	1	0	0.987155	Q2	1.453099	1.432663	1.412336	1.412178	1.423474	-0.020485	-0.000158	-0.011296	-0.009189	0.006783	163	0.006861	158	0.000349	163	0.003731	156
CMP00021	159	28507	158	16	1	6	1	TypeIB2	1	1	0	0.991499	Q4	1.407639	1.418542	1.40143	1.404777	1.409639	-0.013765	0.003347	-0.004862	-0.008903	0.000634	159	0.001324	55	-0.000342	159	-4.6e-05	85
CMP00022	154	25299	149	139	1	12	2	TypeIA_IIAI	0	0	1	0.987923	Q3	1.409875	1.38771	1.394167	1.38885	1.392465	0.00114	-0.005317	-0.003615	0.004755	0.004897	154	0.010692	144	0.000583	154	0.006981	146
CMP00023	148	34197	142	77	1	4	4	TypeXIIIB_Ne144	1	1	0	0.991953	Q4	1.409646	1.415364	1.388937	1.38489	1.378097	-0.030474	-0.004047	0.006793	-0.037267	0.065853	148	0.051907	147	-0.000432	148	0.002128	146
CMP00024	144	24181	141	105	1	7	3	TypeIA_IIAI	0	0	0	0.98961	Q3	1.453436	1.407291	1.389291	1.388041	1.377244	-0.01925	-0.00125	0.010797	-0.030047	0.005423	144	0.001011	144	0.000377	144	0.002023	142
CMP00025	141	25874	135	71	1	10	1	TypeIIA3_firmi	1	1	1	0.985446	Q2	1.38587	1.381141	1.386999	1.373368	1.409187	-0.007773	-0.013631	-0.035819	0.028046	-0.000958	141	-0.00169	123	-0.000588	141	0.000695	136
CMP00026	129	28744	129	84	1	5	2	TypeXIIIB_Ne144	1	1	0	0.985985	Q2	1.425954	1.36657	1.362002	1.373426	1.346609	0.006856	0.011424	0.026817	-0.019961	0.045888	129	0.031229	124	0.001464	129	0.013412	127
CMP00027	128	16734	128	113	1	4	4	OutgroupA	1	1	0	0.987246	Q3	1.344962	1.237679	1.25621	1.214704	1.150585	-0.022975	-0.041506	0.064119	-0.087094	0.00849	128	0.0037	123	-0.004265	128	0.003091	127
CMP00028	124	16720	118	100	2	9	3	TypeIB1	1	1	0	0.989776	Q3	1.410581	1.440539	1.391844	1.384149	1.428644	-0.05639	-0.007695	-0.044495	-0.011895	0.009045	124	0.006426	113	-0.000779	124	0.000328	117
CMP00029	124	18802	119	37	1	6	1	TypeIB1	1	1	0	0.991846	Q4	1.390489	1.4042	1.395996	1.39494	1.389068	-0.00926	-0.001056	0.005872	-0.015132	0.001107	124	0.000987	97	4e-05	124	0.000332	122
CMP00030	121	26782	121	108	2	7	2	TypeXIIIB_Ne144	1	1	0	0.987626	Q3	1.391698	1.378741	1.333424	1.341632	1.341117	-0.037109	0.008208	0.000515	-0.037624	0.043428	120	0.0159	112	0.001755	121	0.002895	117
CMP00031	115	17478	102	64	1	7	4	TypeIB1	1	1	0	0.99189	Q4	1.418379	1.380024	1.372063	1.356585	1.425234	-0.023439	-0.015478	-0.068649	0.04521	0.013407	115	0.012232	99	-0.001662	115	0.002588	114
CMP00032	109	16514	105	93	1	3	3	TypeIB1	1	1	0	0.989664	Q3	1.434314	1.41324	1.412009	1.398878	1.38748	-0.014362	-0.013131	0.011398	-0.02576	0.014581	109	0.013853	106	0.000617	109	0.005818	107
CMP00033	101	25430	100	88	1	10	1	TypeIIIA3	1	1	0	0.989338	Q3	1.409174	1.39513	1.382903	1.384101	1.402478	-0.011029	0.001198	-0.018377	0.007348	0.006499	101	0.007224	94	0.000136	101	0.003295	97
CMP00034	99	24034	93	64	1	8	2	TypeIIIA3	1	1	0	0.989507	Q4	1.42184	1.391683	1.391708	1.40019	1.39667	0.008507	0.008482	0.00352	0.004987	0.000784	99	0.001398	91	-0.000906	99	0.000153	91
CMP00035	90	24410	82	62	1	8	3	TypeIIIA3	1	1	1	0.99069	Q4	1.442087	1.418464	1.399462	1.398085	1.403451	-0.020379	-0.001377	-0.005366	-0.015013	0.009028	90	0.008035	81	-0.000429	90	0.00353	83
CMP00036	84	10919	81	8	1	12	1	TypeIIIA2	0	0	0	0.978676	Q1	1.426654	1.392842	1.424448	1.500587	1.377698	0.107745	0.076139	0.122889	-0.015144	-0.083991	84	-0.088401	73	-0.029473	84	0.001256	49
CMP00037	75	12568	72	13	1	7	2	TypeIB2	1	1	0	0.99381	Q4	1.437402	1.352155	1.364427	1.357371	1.367035	0.005216	-0.007056	-0.009664	0.01488	0.000477	75	-0.003287	74	0.000964	75	0.000657	71
CMP00038	62	10911	60	14	1	4	4	TypeIB2	1	1	0	0.994364	Q4	1.424956	1.490491	1.389952	1.363401	2.603512	-0.12709	-0.026551	-1.240111	1.113021	0.015386	62	0.003598	61	0.002245	62	0.006088	55
CMP00039	61	9638	60	15	1	6	4	TypeIB2	1	1	0	0.992395	Q4	1.406389	1.341295	1.371231	1.38708	1.335123	0.045785	0.015849	0.051957	-0.006172	-0.001216	61	0.009712	44	-0.004275	61	0.008971	59
CMP00040	61	8919	58	48	1	6	2	TypeIB1	1	1	0	0.994337	Q4	1.452999	1.340061	1.398331	1.400499	1.396586	0.060438	0.002168	0.003913	0.056525	0.015521	61	0.019135	54	-0.000857	61	0.000367	54
CMP00041	57	8133	56	30	1	9	1	TypeIC1_IC2	1	1	1	0.9911	Q4	1.370062	1.465981	1.357878	1.382269	1.538347	-0.083712	0.024391	-0.156078	0.072366	-0.005396	57	-0.005074	47	-0.00285	57	-0.003846	51
CMP00042	54	8294	48	18	1	5	3	TypeIA_IIAI	0	0	0	0.986994	Q3	1.471605	1.447839	1.411306	1.408945	1.420317	-0.038894	-0.002361	-0.011372	-0.027522	0.003609	54	0.001945	54	-0.00023	54	0.000374	48
CMP00043	52	9495	51	19	1	5	4	TypeIB2	1	1	0	0.993538	Q4	1.401924	1.487475	1.415741	1.434909	1.944221	-0.052566	0.019168	-0.509312	0.456746	0.011876	52	0.01239	48	0.000617	52	0.002971	48
CMP00044	50	7388	46	24	1	3	2	TypeIX	1	1	1	0.988271	Q2	1.416191	1.398745	1.405298	1.388488	1.411883	-0.010257	-0.01681	-0.023395	0.013138	0.000152	50	0.000459	45	-0.001021	50	0.000339	46
CMP00045	49	13758	49	44	1	9	1	TypeIIIA3	1	1	0	0.989195	Q3	1.432178	1.40402	1.401152	1.399444	1.409089	-0.004576	-0.001708	-0.009645	0.005069	0.001157	49	0.002796	47	-0.000557	49	0.001223	43
CMP00046	48	7758	33	42	1	2	3	TypeIB1	0	1	0	0.984968	Q1	1.430786	1.421074	1.410024	1.412707	1.379419	-0.008367	0.002683	0.033288	-0.041655	0.00492	48	0.005471	45	-0.001944	48	-0.000973	48
CMP00047	42	5918	40	37	1	3	4	TypeIB1	1	1	0	0.992555	Q4	1.428761	1.34758	1.365116	1.36657	1.372666	0.01899	0.001454	-0.006096	0.025086	-0.018836	42	-0.017729	39	-0.016257	42	-0.004161	41
CMP00048	42	5347	42	41	1	4	2	OutgroupA	1	1	0	0.983619	Q2	1.405578	1.332477	1.276451	1.27687	1.303798	-0.055607	0.000419	-0.026928	-0.028679	0.017301	42	0.012619	39	0.001313	42	0.003732	40
CMP00049	40	6497	40	33	1	2	1	TypeIA_IIAI	0	0	0	0.987289	Q2	1.428864	1.401312	1.37272	1.370145	1.402702	-0.031167	-0.002575	-0.032557	0.00139	0.008144	40	0.004682	39	0.0008	40	0.002815	39
CMP00050	40	5550	39	27	2	2	3	TypeIIIA1	0	1	0	0.990515	Q4	1.422579	1.401849	1.397824	1.38955	1.38917	-0.012299	-0.008274	0.00038	-0.012679	0.001204	40	-0.000313	39	0.001887	40	0.004164	39
CMP00051	39	4966	39	32	1	2	4	OutgroupA	1	1	0	0.986692	Q2	1.325123	1.280049	1.215947	1.20574	1.213558	-0.074309	-0.010207	-0.007818	-0.066491	0.033297	39	0.024328	38	0.004554	39	0.005382	38
CMP00052	39	3370	37	36	1	4	2	TypeIIA2	1	1	0	0.98618	Q2	1.457113	1.476738	1.485236	1.510992	1.577702	0.034254	0.025756	-0.06671	0.100964	0.005998	39	0.005813	35	0.001595	39	0.004367	36
CMP00053	39	10601	38	22	2	5	1	TypeIIIA3	1	1	0	0.992338	Q4	1.421268	1.394372	1.398212	1.393744	1.404876	-0.000628	-0.004468	-0.011132	0.010504	-0.00061	39	0.000386	38	0.000108	39	0.001552	38
CMP00054	38	6192	34	21	1	5	3	TypeIB2_firmi	1	1	1	0.99087	Q4	1.374096	1.370732	1.353003	1.366528	1.3684	-0.004204	0.013525	-0.001872	-0.002332	0.001105	38	0.002639	30	-0.00362	38	0.001396	35
CMP00055	37	9570	37	35	1	5	4	TypeIIIA3	1	1	0	0.991226	Q3	1.41678	1.37151	1.386351	1.382219	1.344575	0.010709	-0.004132	0.037644	-0.026935	0.023421	37	0.007537	37	0.000411	37	0.002052	33
CMP00056	36	5173	36	34	1	1	2	TypeIB1	0	0	0	0.989551	Q3	1.441199	1.34112	1.413324	1.431565	1.394965	0.090445	0.018241	0.0366	0.053845	-0.008059	36	-0.006625	36	0.001166	36	0.001119	36
CMP00057	35	4659	35	18	1	5	1	TypeIC1_IC2	1	1	0	0.993077	Q4	1.327377	1.295668	1.226702	1.187835	1.280736	-0.107833	-0.038867	-0.092901	-0.014932	0.057537	35	0.052455	31	6.9e-05	35	0.005012	31
CMP00058	33	5563	33	12	1	4	3	Ec107_like	1	1	0	0.990088	Q4	1.36966	1.338528	1.350082	1.320518	1.360473	-0.01801	-0.029564	-0.039955	0.021945	0.066005	33	0.065134	30	0.00053	33	0.002008	30
CMP00059	33	4765	30	10	1	6	4	TypeIC1_IC2	0	0	0	0.983448	Q1	1.381564	1.387761	1.361515	1.353727	1.420658	-0.034034	-0.007788	-0.066931	0.032897	0.039575	33	0.019799	16	0.001803	33	0.000673	30
CMP00060	33	5810	32	19	1	3	3	TypeIIIA2	1	1	1	0.987166	Q2	1.416448	1.405701	1.405638	1.414779	1.417883	0.009078	0.009141	-0.003104	0.012182	0.005555	33	0.007706	30	-0.003982	33	-0.000317	32
CMP00061	33	5839	31	10	1	7	1	Ec107_like	1	1	0	0.981928	Q3	1.428826	1.452426	1.416177	1.403862	1.412907	-0.048564	-0.012315	-0.009045	-0.039519	0.053963	33	0.058008	21	0.000718	33	0.000368	25
CMP00062	33	5338	32	15	1	4	2	TypeIB2	1	1	0	0.994348	Q4	1.431107	1.302557	1.36975	1.357254	1.342048	0.054697	-0.012496	0.015206	0.039491	0.0054	33	-0.000673	32	0.000373	33	0.001839	27
CMP00063	33	5546	33	32	1	5	4	TypeIA_IIAI	0	0	0	0.989307	Q3	1.408105	1.421384	1.352761	1.342673	1.317741	-0.078711	-0.010088	0.024932	-0.103643	0.024172	33	0.021889	33	-0.00181	33	0.000417	33
CMP00064	32	7089	27	17	1	4	3	Ec107_like	1	1	0	0.981737	Q1	1.392357	1.410002	1.400541	1.348805	1.373234	-0.061197	-0.051736	-0.024429	-0.036768	0.029853	32	0.01268	29	-0.002492	32	-0.001313	29
CMP00065	32	9841	29	23	1	2	1	TypeIIIA3	1	1	0	0.9904	Q4	1.416325	1.402863	1.393897	1.391255	1.399968	-0.011608	-0.002642	-0.008713	-0.002895	0.033881	32	0.034313	32	0.000746	32	0.004876	32
CMP00066	32	5255	31	31	1	1	2	TypeIA_IIAI	0	0	1	0.989741	Q3	1.425723	1.364951	1.396216	1.386011	1.403544	0.02106	-0.010205	-0.017533	0.038593	0.004764	32	0.003461	32	0.000656	32	0.000303	32
CMP00067	31	5855	31	25	1	1	4	TypeV	1	1	0	0.993547	Q4	1.384309	1.711097	1.541508	1.356103	1.339214	-0.354994	-0.185405	0.016889	-0.371883	0.001489	31	-0.000568	31	-0.002701	31	-0.001175	31
CMP00068	31	4837	31	29	1	2	3	TypeIA_IIAI	0	0	0	0.989682	Q3	1.437811	1.416516	1.403391	1.389905	1.401159	-0.026611	-0.013486	-0.011254	-0.015357	0.005186	31	0.002533	31	-0.000225	31	0.003059	31
CMP00069	31	4089	31	30	2	4	1	OutgroupA	1	1	0	0.9858	Q2	1.376382	1.345448	1.347215	1.331787	1.359913	-0.013661	-0.015428	-0.028126	0.014465	0.006162	31	0.006535	31	0.00124	31	0.005435	29
CMP00070	30	6077	29	19	1	3	2	TypeIIIA2	1	1	0	0.989674	Q4	1.42388	1.341685	1.351556	1.334275	1.344793	-0.00741	-0.017281	-0.010518	0.003108	0.011178	30	0.008734	24	-9e-05	30	-0.003365	29
CMP00071	30	4692	28	21	1	4	4	TypeIA_IIAI	0	1	0	0.986618	Q3	1.378625	1.373863	1.32551	1.318172	1.419313	-0.055691	-0.007338	-0.101141	0.04545	0.015258	30	0.015951	24	0.001781	30	0.002868	26
CMP00072	30	7859	29	23	2	7	3	TypeIIIA3	1	1	0	0.990138	Q4	1.433054	1.41978	1.406322	1.404316	1.401022	-0.015464	-0.002006	0.003294	-0.018758	0.003045	30	0.003024	22	-0.002576	30	0.001656	26
CMP00073	30	4557	30	28	2	1	2	TypeIIA3_proteo	1	1	0	0.990827	Q3	1.426143	1.383406	1.402027	1.386765	1.379587	0.003359	-0.015262	0.007178	-0.003819	-0.002217	30	-0.002283	30	-0.001506	30	0.004133	30
CMP00074	30	6092	29	19	1	4	1	TypeIIA3_firmi	1	1	0	0.986075	Q2	1.378252	1.374039	1.368734	1.347157	1.370603	-0.026882	-0.021577	-0.023446	-0.003436	0.017609	30	0.016892	26	0.001033	30	0.000808	25
CMP00075	29	3377	24	19	1	4	4	TypeIB1	1	1	0	0.993406	Q4	1.422729	1.359867	1.391621	1.351901	1.38225	-0.007966	-0.03972	-0.030349	0.022383	0.00096	29	0.001456	27	-0.005161	29	0.002559	27
CMP00076	28	4503	28	27	1	2	3	TypeXIII_Mx65	0	0	0	0.987372	Q2	1.401134	1.388069	1.365689	1.372922	1.41914	-0.015147	0.007233	-0.046218	0.031071	0.00269	28	0.002353	27	0.002078	28	0.002697	27
CMP00077	27	4337	25	15	1	2	2	TypeIB2	1	1	0	0.993757	Q4	1.439224	1.373261	1.377247	1.369856	1.364928	-0.003405	-0.007391	0.004928	-0.008333	2e-05	27	-0.009074	27	-0.001484	27	0.002314	27
CMP00078	27	3979	27	25	1	2	1	TypeIB1	1	1	0	0.99235	Q4	1.404641	1.395706	1.383533	1.38718	1.405203	-0.008526	0.003647	-0.018023	0.009497	0.005329	27	0.004097	27	0.001828	27	0.001355	27
CMP00079	27	4135	24	8	1	2	4	Ec107_like	0	0	0	0.983191	Q2	1.426952	1.44369	1.424302	1.445875	1.452028	0.002185	0.021573	-0.006153	0.008338	0.002182	27	0.002172	27	-0.012698	27	-0.008278	26
CMP00080	26	3332	26	10	1	2	2	TypeIC1_IC2	1	1	0	0.991906	Q4	1.442728	1.361681	1.25861	1.263782	1.311722	-0.097899	0.005172	-0.04794	-0.049959	0.006078	26	0.006331	22	-0.000523	26	0.003642	26
CMP00081	26	3577	25	14	1	6	3	TypeIC1_IC2	1	1	0	0.991814	Q4	1.380278	1.364562	1.332674	1.285403	1.396395	-0.079159	-0.047271	-0.110992	0.031833	0.006889	26	0.008386	18	-0.00522	26	0.006427	23
CMP00082	24	4466	24	9	1	7	1	Ec107_like	1	1	1	0.981252	Q1	1.423782	1.404429	1.383892	1.381378	1.387834	-0.023051	-0.002514	-0.006456	-0.016595	0.040182	24	-0.000541	17	0.00687	24	6.2e-05	18
CMP00083	24	2934	24	16	7	3	4	OutgroupA	0	0	0	0.968529	Q1	1.398446	1.445838	1.429751	1.394721	1.448803	-0.051117	-0.03503	-0.054082	0.002965	0.054819	22	0.065848	17	-0.000452	24	-0.001526	23
CMP00084	24	2045	24	3	1	2	1	TypeIV	0	0	0	0.992316	Q4	1.438541	1.408932	1.416856	1.422189	1.401075	0.013257	0.005333	0.021114	-0.007857	0.004275	3	0.006934	3	-0.01126	24	-0.011715	19
CMP00085	23	3844	22	23	1	4	2	TypeIA_IIAI	0	0	0	0.988467	Q3	1.417387	1.37504	1.388594	1.382567	1.404598	0.007527	-0.006027	-0.022031	0.029558	0.014609	23	0.011415	23	0.002246	23	0.002606	23
CMP00086	23	4262	23	15	1	2	3	Ec107_like	1	1	0	0.984756	Q3	1.395366	1.356274	1.34313	1.307485	1.400883	-0.048789	-0.035645	-0.093398	0.044609	0.039208	23	0.048649	21	0.000297	23	0.003595	21
CMP00087	23	3316	21	17	1	3	4	TypeIA_IIAI	1	1	0	0.989653	Q3	1.376096	1.33525	1.29553	1.256749	1.317476	-0.078501	-0.038781	-0.060727	-0.017774	0.031189	23	0.030794	19	-0.00118	23	-0.002841	22
CMP00088	22	3965	22	21	1	3	1	TypeIA_IIAI	1	1	1	0.988123	Q3	1.412204	1.395847	1.363964	1.372555	1.400027	-0.023292	0.008591	-0.027472	0.00418	0.009098	22	0.003973	20	0.000343	22	0.001202	20
CMP00089	22	5590	22	17	1	9	2	TypeIIIA3	1	1	0	0.98819	Q4	1.423241	1.363877	1.373418	1.376877	1.381377	0.013	0.003459	-0.0045	0.0175	0.008608	22	0.008392	20	-0.0015	22	0.00041	15
CMP00090	20	4040	18	8	1	2	3	TypeIB2	1	1	0	0.99177	Q4	1.421987	1.395169	1.399659	1.455871	1.504065	0.060702	0.056212	-0.048194	0.108896	0.027561	20	0.01887	20	-0.004143	20	-0.000494	20
CMP00091	20	2611	20	17	1	1	3	OutgroupA	1	1	0	0.983146	Q1	1.386225	1.375748	1.349934	1.341306	1.435981	-0.034442	-0.008628	-0.094675	0.060233	0.022542	20	0.029899	20	0.002198	20	0.003441	20
CMP00092	20	2503	20	19	1	2	1	TypeIC1_IC2	1	1	0	0.993828	Q4	1.344858	1.302877	1.220577	1.202625	1.307108	-0.100252	-0.017952	-0.104483	0.004231	0.027412	20	0.022467	16	0.001863	20	-0.001057	20
CMP00093	20	5393	20	18	1	3	2	TypeIIIA3	1	1	0	0.991759	Q4	1.412839	1.359194	1.366388	1.368544	1.373146	0.00935	0.002156	-0.004602	0.013952	0.009871	20	0.007516	20	0.000409	20	0.000795	20
CMP00094	20	2193	20	15	1	4	4	OutgroupA	1	1	0	0.988272	Q3	1.420867	1.427965	1.353464	1.402732	1.382666	-0.025233	0.049268	0.020066	-0.045299	0.044297	20	0.039398	17	-0.005691	20	0.00522	17
CMP00095	19	2523	19	18	2	2	3	OutgroupA	1	1	1	0.987263	Q3	1.328125	1.312993	1.279285	1.266923	1.346896	-0.04607	-0.012362	-0.079973	0.033903	-0.000699	18	0.001609	17	-0.007458	19	0.005751	18
CMP00096	19	3574	19	19	1	2	1	TypeIA_IIAI	0	0	0	0.990113	Q3	1.409669	1.391794	1.362158	1.378712	1.391978	-0.013082	0.016554	-0.013266	0.000184	0.008447	19	0.00165	18	0.003384	19	0.001921	18
CMP00097	18	2490	17	13	1	3	2	TypeIB1	1	1	0	0.995121	Q4	1.438619	1.33513	1.37948	1.381132	1.363039	0.046002	0.001652	0.018093	0.027909	0.0174	18	0.016453	16	-0.000981	18	-0.002127	15
CMP00098	18	2772	17	4	1	2	4	TypeIA_IIAI	0	0	0	0.991539	Q4	1.417382	1.13968	1.242172	1.163372	1.205136	0.023692	-0.0788	-0.041764	0.065456	0.069769	18	0.065359	17	0.01554	18	0.002053	17
CMP00099	18	2283	18	18	2	1	3	OutgroupA	0	1	0	0.991209	Q4	1.33791	1.316589	1.294523	1.269187	1.311867	-0.047402	-0.025336	-0.04268	-0.004722	0.026756	17	0.024952	17	0.001305	18	0.003822	18
CMP00100	18	2326	18	16	1	3	2	OutgroupA	1	1	0	0.98788	Q4	1.406799	1.23426	1.26738	1.277652	1.283243	0.043392	0.010272	-0.005591	0.048983	0.019849	18	0.017159	16	0.002735	18	0.01268	16
CMP00101	18	2372	18	16	1	3	4	TypeIC1_IC2	1	1	1	0.990943	Q4	1.415257	1.364548	1.391549	1.388113	1.348232	0.023565	-0.003436	0.039881	-0.016316	0.009462	18	0.005653	16	-0.002616	18	0.001103	18
CMP00102	18	3050	18	9	2	5	1	TypeXIIIB_Ne144	1	1	0	0.972278	Q1	1.432884	1.429278	1.422871	1.423952	1.414256	-0.005326	0.001081	0.009696	-0.015022	0.006987	18	0.00554	12	0.002523	18	0.000715	16
CMP00103	17	2640	17	17	1	2	3	TypeIA_IIAI	0	0	0	0.990626	Q4	1.427166	1.432656	1.412473	1.391556	1.398553	-0.0411	-0.020917	-0.006997	-0.034103	0.016582	17	0.014511	17	0.002121	17	0.002794	17
CMP00104	17	2192	17	17	2	3	2	OutgroupA	1	1	0	0.984275	Q3	1.410607	1.25307	1.223652	1.260438	1.210137	0.007368	0.036786	0.050301	-0.042933	-0.00408	16	-0.007571	15	-0.009853	17	0.001124	15
CMP00105	17	3713	13	12	2	1	4	TypeXIIIA_firmi	0	0	0	0.98576	Q2	1.435653	1.413657	1.413531	1.407468	1.403119	-0.006189	-0.006063	0.004349	-0.010538	0.017068	17	0.010921	17	-0.001189	17	-0.002514	17
CMP00106	17	2383	17	13	1	2	1	TypeIIIA1	0	1	0	0.991902	Q4	1.413719	1.38101	1.397965	1.393746	1.396742	0.012736	-0.004219	-0.002996	0.015732	0.004278	17	0.005374	16	0.00142	17	0.000283	16
CMP00107	17	2758	16	12	1	1	3	TypeIIIA2	1	1	1	0.985656	Q2	1.454207	1.412709	1.400027	1.421338	1.429792	0.008629	0.021311	-0.008454	0.017083	-0.008352	17	-0.013426	17	-0.003969	17	-0.002521	17
CMP00108	17	2738	17	16	1	2	2	TypeIA_IIAI	0	0	0	0.989129	Q3	1.410997	1.385825	1.395996	1.388435	1.414034	0.00261	-0.007561	-0.025599	0.028209	0.001395	17	-0.001708	17	-0.00024	17	-0.00457	17
CMP00109	17	2487	16	15	2	1	4	TypeIIA3_proteo	1	1	0	0.987422	Q2	1.38798	1.393493	1.378706	1.368478	1.45348	-0.025015	-0.010228	-0.085002	0.059987	0.01636	15	0.012518	15	0.008523	17	0.019013	17
CMP00110	17	1800	17	7	1	4	1	TypeIB1	0	1	1	0.991549	Q4	1.37722	1.386922	1.395814	1.3619	1.386547	-0.025022	-0.033914	-0.024647	-0.000375	0.004104	17	0.006278	15	0.001034	17	0.000128	14
CMP00111	17	4422	17	17	1	4	3	TypeIIIA3	1	1	0	0.988577	Q4	1.417044	1.387408	1.371861	1.376237	1.366709	-0.011171	0.004376	0.009528	-0.020699	0.005525	17	0.005168	16	-0.001542	17	-0.001251	15
CMP00112	16	2525	16	16	1	2	2	TypeIA_IIAI	0	0	0	0.988212	Q3	1.406525	1.341924	1.385258	1.371607	1.386224	0.029683	-0.013651	-0.014617	0.0443	0.005414	16	0.004236	15	-7.1e-05	16	9.3e-05	15
CMP00113	16	4195	16	9	1	4	4	TypeIIIA3	1	1	0	0.990938	Q4	1.423081	1.377158	1.384062	1.371928	1.388797	-0.00523	-0.012134	-0.016869	0.011639	0.030277	16	0.010214	16	0.004011	16	0.00164	12
CMP00114	16	2226	16	15	1	1	1	TypeIX	1	1	0	0.988583	Q3	1.448418	1.430307	1.430471	1.41933	1.417165	-0.010977	-0.011141	0.002165	-0.013142	0.012625	16	0.007399	11	0.0008	16	0.00902	16
CMP00115	16	2894	15	16	1	1	0	TypeIIIA2	1	1	0	0.991564	Q4	1.42709	1.395241	1.386072	1.41216	1.415533	0.016919	0.026088	-0.003373	0.020292	0.002312	16	3.8e-05	16	0.002544	16	0.001924	16
CMP00116	15	2566	15	14	1	1	2	Ec107_like	0	1	1	0.991493	Q4	1.433223	1.504065	1.574574	1.468452	1.415097	-0.035613	-0.106122	0.053355	-0.088968	-0.041509	15	-0.04312	15	0.006236	15	-0.005989	15
CMP00117	15	2050	14	14	2	1	3	OutgroupA	1	1	0	0.990551	Q4	1.370168	1.338406	1.327482	1.299984	1.339737	-0.038422	-0.027498	-0.039753	0.001331	0.024004	10	0.019359	10	0.004299	15	0.007592	15
CMP00118	15	2599	15	13	2	1	4	TypeIA_IIAI	0	0	1	0.987291	Q3	1.405804	1.404583	1.304524	1.314071	1.30039	-0.090512	0.009547	0.013681	-0.104193	0.030228	15	0.034216	14	0.000762	15	0.001011	15
CMP00119	15	1863	15	9	1	2	1	OutgroupA	1	1	0	0.990671	Q4	1.459223	1.436789	1.440022	1.415811	1.429454	-0.020978	-0.024211	-0.013643	-0.007335	0.087025	15	0.091337	15	0.001751	15	0.000704	14
CMP00120	15	1903	15	13	1	2	0	OutgroupA	1	1	0	0.986562	Q2	1.438253	1.407641	1.416135	1.381814	1.39961	-0.025827	-0.034321	-0.017796	-0.008031	0.056921	15	0.054832	14	-0.001729	15	0.001071	14
CMP00121	14	1771	14	13	1	1	2	OutgroupA	1	1	0	0.990398	Q3	1.411643	1.300595	1.267203	1.347584	1.309251	0.046989	0.080381	0.038333	0.008656	-0.005805	14	-0.007512	14	0.002377	14	-0.001106	14
CMP00122	14	2072	14	14	1	2	3	TypeIB1	0	0	0	0.98793	Q2	1.415158	1.404859	1.40674	1.410368	1.373085	0.005509	0.003628	0.037283	-0.031774	0.010862	14	0.011872	13	-0.001627	14	-0.001596	13
CMP00123	14	1838	14	13	1	2	4	OutgroupA	1	1	0	0.99133	Q4	1.358213	1.26296	1.202145	1.234128	1.135305	-0.028832	0.031983	0.098823	-0.127655	0.003128	14	0.013011	13	-0.019133	14	0.007422	13
CMP00124	14	2124	13	4	1	5	1	TypeIB1	1	1	0	0.984676	Q2	1.378239	1.394527	1.401033	1.415058	1.396653	0.020531	0.014025	0.018405	0.002126	-0.028738	14	-0.024926	13	-0.017249	14	-5e-06	8
CMP00125	14	1819	14	14	1	1	0	OutgroupA	0	1	0	0.990221	Q4	1.41622	1.355034	1.361626	1.370381	1.321453	0.015347	0.008755	0.048928	-0.033581	0.011659	14	0.012795	14	0.00077	14	0.002271	14
CMP00126	14	2185	13	14	1	2	2	TypeIA_IIAI	0	0	0	0.986958	Q3	1.419195	1.368881	1.38724	1.394757	1.388231	0.025876	0.007517	0.006526	0.01935	0.004202	14	0.005926	14	-0.001908	14	-0.000239	14
CMP00127	13	3259	10	6	1	2	3	TypeIIIA3	1	1	1	0.987326	Q2	1.437382	1.415522	1.405736	1.396129	1.396894	-0.019393	-0.009607	-0.000765	-0.018628	0.03842	13	0.035178	12	0.005774	13	0.001086	12
CMP00128	13	2269	13	8	1	5	4	TypeIIIA2	1	1	0	0.986076	Q2	1.371311	1.359285	1.345419	1.359213	1.35368	-7.2e-05	0.013794	0.005533	-0.005605	0.004896	13	0.015295	9	-0.007903	13	-0.001729	9
CMP00129	13	1681	13	12	1	1	1	OutgroupA	1	1	0	0.986075	Q4	1.410559	1.39308	1.382277	1.381319	1.391433	-0.011761	-0.000958	-0.010114	-0.001647	0.009955	13	0.007357	13	-0.001138	13	0.004645	13
CMP00130	13	1749	13	4	1	2	0	TypeIC1_IC2	1	1	1	0.989503	Q4	1.405494	1.303903	1.340593	1.340301	1.34872	0.036398	-0.000292	-0.008419	0.044817	0.00625	13	0.012684	12	-0.005773	13	-0.001765	12
CMP00131	13	3014	13	12	1	1	3	TypeIIIA2	0	1	0	0.989591	Q3	1.430607	1.412228	1.397323	1.397074	1.396737	-0.015154	-0.000249	0.000337	-0.015491	0.012259	13	0.008494	13	-0.002475	13	-0.002878	13
CMP00132	13	3579	13	11	1	4	4	TypeIIIA3	1	1	0	0.99255	Q4	1.406489	1.37963	1.383529	1.390695	1.358707	0.011065	0.007166	0.031988	-0.020923	0.01601	13	-0.002058	13	-0.000351	13	0.000596	10
CMP00133	12	2897	12	12	1	1	1	TypeXIIIB_Ne144	1	1	1	0.989313	Q3	1.415881	1.400112	1.382928	1.396332	1.398472	-0.00378	0.013404	-0.00214	-0.00164	0.013918	12	0.014188	12	0.003753	12	0.004931	12
CMP00134	12	2632	12	12	3	1	2	TypeXIII_Mx65	0	0	0	0.987374	Q2	1.405732	1.38553	1.372372	1.375549	1.364979	-0.009981	0.003177	0.01057	-0.020551	0.017648	7	0.019708	7	0.016933	12	0.011758	12
CMP00135	12	1691	12	12	1	2	0	TypeIC1_IC2	1	1	0	0.991562	Q4	1.410809	1.307082	1.382205	1.367386	1.33687	0.060304	-0.014819	0.030516	0.029788	0.015124	12	0.007377	12	-0.00128	12	0.003265	12
CMP00136	12	1963	12	11	1	1	1	Ec107_like	1	1	1	0.987107	Q3	1.358724	1.368243	1.364094	1.33023	1.384127	-0.038013	-0.033864	-0.053897	0.015884	0.075461	12	0.063604	12	0.001067	12	0.000549	12
CMP00137	12	2079	12	12	1	1	2	TypeIA_IIAI	0	0	0	0.988623	Q3	1.420863	1.369719	1.386632	1.366183	1.394959	-0.003536	-0.020449	-0.028776	0.02524	0.007406	12	0.010287	12	-0.002805	12	0.000362	12
CMP00138	12	2590	11	12	1	1	3	TypeXIIIB_Ne144	1	1	0	0.986185	Q3	1.445981	1.436348	1.40768	1.414989	1.415822	-0.021359	0.007309	-0.000833	-0.020526	0.020398	12	0.015261	11	0.000104	12	0.011922	12
CMP00139	11	1414	11	9	1	1	4	TypeIC1_IC2	0	1	1	0.994048	Q4	1.452185	1.399877	1.41996	1.398893	1.335634	-0.000984	-0.021067	0.063259	-0.064243	0.017561	11	0.008536	11	0.000577	11	0.000471	11
CMP00140	11	1909	11	9	1	3	0	TypeXIIIB_Ne144	0	0	0	0.976391	Q1	1.413727	1.419214	1.403434	1.398078	1.462906	-0.021136	-0.005356	-0.064828	0.043692	0.011763	11	0.023262	9	0.003062	11	0.00391	9
CMP00141	11	1563	10	11	1	1	4	TypeIIIA1	0	0	0	0.988153	Q3	1.422174	1.430609	1.445113	1.450853	1.515667	0.020244	0.00574	-0.064814	0.085058	-0.006561	11	0.001476	11	-0.000949	11	0.002968	11
CMP00142	11	1425	11	11	1	2	1	OutgroupA	0	1	1	0.984856	Q2	1.415515	1.367325	1.351559	1.359565	1.372364	-0.00776	0.008006	-0.012799	0.005039	0.007777	11	0.007394	11	0.001958	11	0.002196	10
CMP00143	11	1991	11	11	1	4	2	TypeIA_IIAI	0	0	0	0.989636	Q4	1.420154	1.362797	1.383634	1.374605	1.399743	0.011808	-0.009029	-0.025138	0.036946	0.010136	11	0.006192	10	0.001256	11	0.000116	10
CMP00144	11	2887	11	10	1	2	3	TypeIIIA3	1	1	0	0.991871	Q4	1.44685	1.407249	1.392989	1.39279	1.388354	-0.014459	-0.000199	0.004436	-0.018895	0.002316	11	0.001389	10	-0.001295	11	0.001351	10
CMP00145	10	1257	10	8	1	2	0	OutgroupA	1	1	1	0.978465	Q1	1.387335	1.350245	1.426686	1.411222	1.335247	0.060977	-0.015464	0.075975	-0.014998	-0.037494	10	-0.030199	9	-0.003819	10	0.00138	9
CMP00146	10	1337	10	10	1	2	4	TypeIC1_IC2	0	1	0	0.993961	Q4	1.437092	1.335578	1.368724	1.3768	1.33256	0.041222	0.008076	0.04424	-0.003018	0.020234	10	0.012061	7	0.000785	10	-0.001231	10
CMP00147	10	1663	10	7	1	1	1	TypeIA_IIAI	0	0	0	0.988447	Q3	1.416881	1.345581	1.338632	1.352337	1.315191	0.006756	0.013705	0.037146	-0.03039	-0.009163	10	-0.015672	10	-0.003746	10	-0.000943	10
CMP00148	10	1279	10	10	1	2	2	OutgroupA	0	1	1	0.987878	Q4	1.411846	1.309186	1.235019	1.283005	1.247599	-0.026181	0.047986	0.035406	-0.061587	0.056801	10	0.052365	8	0.010396	10	-0.002029	10
CMP00149	10	1639	9	7	1	2	3	TypeIB2_firmi	0	1	0	0.992403	Q4	1.369063	1.391622	1.394321	1.386344	1.34616	-0.005278	-0.007977	0.040184	-0.045462	-0.00304	10	-0.002084	10	-0.00403	10	0.000392	9
CMP00150	10	1133	10	10	1	2	0	TypeIB1	1	1	0	0.991547	Q4	1.410288	1.353571	1.373325	1.349696	1.395051	-0.003875	-0.023629	-0.045355	0.04148	0.007723	10	0.013389	9	-0.001735	10	0.000909	9
CMP00151	10	2191	10	10	2	1	4	TypeXIIIB_Ne144	0	0	1	0.985428	Q3	1.421381	1.416929	1.417351	1.395679	1.391136	-0.02125	-0.021672	0.004543	-0.025793	0.032096	10	0.015695	10	0.001338	10	0.008337	10
CMP00152	10	1236	10	9	1	2	1	OutgroupA	1	1	0	0.989466	Q3	1.421798	1.40825	1.405376	1.399387	1.386265	-0.008863	-0.005989	0.013122	-0.021985	0.017217	10	0.015782	10	0.001593	10	0.006338	9
CMP00153	9	1240	9	7	1	4	2	TypeIC1_IC2	0	0	0	0.99029	Q4	1.429611	1.432194	1.286016	1.280536	1.301708	-0.151658	-0.00548	-0.021172	-0.130486	0.036229	9	0.023177	5	0.006541	9	0.000512	6
CMP00154	9	1198	9	7	1	2	3	TypeIC1_IC2	1	1	0	0.994395	Q4	1.350371	1.273139	1.274731	1.175471	1.224378	-0.097668	-0.09926	-0.048907	-0.048761	0.03568	9	0.029723	8	0.011862	9	0.009123	8
CMP00155	9	1830	9	7	1	3	0	TypeIB2	1	1	1	0.992496	Q4	1.385513	1.563147	1.375668	1.349464	1.556999	-0.213683	-0.026204	-0.207535	-0.006148	0.001915	9	-0.004283	7	0.000378	9	0.000232	7
CMP00156	9	1781	9	9	1	1	2	TypeV	1	1	0	0.992956	Q4	1.446774	1.409093	1.405122	1.415989	1.419745	0.006896	0.010867	-0.003756	0.010652	0.000671	9	-0.002874	9	0.000139	9	0.001759	9
CMP00157	9	1153	9	5	1	2	3	OutgroupA	1	1	0	0.985524	Q2	1.372514	1.357189	1.28516	1.283874	1.330779	-0.073315	-0.001286	-0.046905	-0.02641	0.000332	9	0.009481	8	0.004935	9	0.011302	8
CMP00158	9	1458	9	9	1	1	4	TypeXIII_Mx65	1	1	1	0.981836	Q1	1.410769	1.368013	1.38156	1.38881	1.381458	0.020797	0.00725	0.007352	0.013445	-0.019177	9	-0.009329	9	-0.006686	9	-0.00223	9
CMP00159	9	1313	9	6	1	1	0	TypeIC1_IC2	1	1	0	0.991449	Q4	1.350373	1.345685	1.343103	1.359849	1.323153	0.014164	0.016746	0.036696	-0.022532	0.00238	9	0.002938	9	0.001385	9	0.001561	9
CMP00160	9	1556	9	8	1	1	1	TypeXIII_Mx65	0	0	0	0.991575	Q4	1.389169	1.375495	1.373478	1.367876	1.37318	-0.007619	-0.005602	-0.005304	-0.002315	1.9e-05	9	-0.001136	9	0.001035	9	0.0017	9
CMP00161	9	1613	8	6	1	1	2	TypeV	1	1	1	0.991404	Q4	1.453708	1.410434	1.399449	1.406288	1.429781	-0.004146	0.006839	-0.023493	0.019347	0.005947	9	0.00238	9	0.000919	9	0.000179	9
CMP00162	9	1332	9	7	1	1	3	TypeIIIA1	0	1	0	0.990271	Q4	1.441672	1.391681	1.374637	1.373282	1.397627	-0.018399	-0.001355	-0.024345	0.005946	-0.004164	9	0.001901	8	-0.006708	9	-0.002016	9
CMP00163	9	1143	9	8	1	1	4	OutgroupA	1	1	0	0.987932	Q2	1.398468	1.497437	1.247611	1.263009	1.420514	-0.234428	0.015398	-0.157505	-0.076923	0.065271	9	0.058685	9	0.009772	9	0.011129	9
CMP00164	9	2352	9	5	1	5	0	TypeIIIA3	1	1	1	0.990332	Q4	1.412039	1.372548	1.38563	1.381667	1.364118	0.009119	-0.003963	0.017549	-0.00843	0.006997	9	0.002581	8	0.002563	9	0.000286	5
CMP00165	8	1044	7	3	1	4	1	TypeIA_IIAI	1	1	0	0.985182	Q3	1.394748	1.386731	1.373082	1.344395	1.391379	-0.042336	-0.028687	-0.046984	0.004648	0.054248	8	0.06243	5	0.003325	8	0.000992	5
CMP00166	8	1030	8	7	1	2	1	OutgroupA	1	1	0	0.985078	Q3	1.395422	1.370391	1.363359	1.34788	1.363401	-0.022511	-0.015479	-0.015521	-0.00699	0.000656	8	0.001062	8	-0.001061	8	0.000935	7
CMP00167	8	1010	8	8	1	2	2	OutgroupA	0	1	0	0.98874	Q3	1.417269	1.256163	1.232082	1.267435	1.246803	0.011272	0.035353	0.020632	-0.00936	0.003706	8	-0.001793	8	-0.004572	8	-0.004596	7
CMP00168	8	1649	7	5	1	2	3	TypeIB2	1	1	1	0.993745	Q4	1.385451	1.404398	1.386892	1.398372	1.496633	-0.006026	0.01148	-0.098261	0.092235	0.049581	8	0.04603	8	0.011135	8	0.000692	7
CMP00169	8	1217	8	7	1	1	4	TypeIA_IIAI	0	0	0	0.990429	Q3	1.40075	1.364347	1.335956	1.286474	1.302151	-0.077873	-0.049482	-0.015677	-0.062196	0.004568	8	0.006893	8	-0.002762	8	0.005807	8
CMP00170	8	1256	8	6	1	1	0	TypeIB2_firmi	1	1	0	0.992673	Q4	1.415	1.369963	1.395846	1.368245	1.36378	-0.001718	-0.027601	0.004465	-0.006183	0.003719	8	0.002667	8	0.00028	8	0.004719	8
CMP00171	8	1207	8	8	1	2	1	TypeIIIA1	1	1	1	0.993272	Q4	1.401179	1.363663	1.356679	1.364696	1.376293	0.001033	0.008017	-0.011597	0.01263	0.002644	8	0.004857	7	-0.000748	8	0.00018	7
CMP00172	8	1018	8	6	1	1	2	OutgroupA	1	1	0	0.985376	Q2	1.431686	1.422711	1.35464	1.319363	1.413414	-0.103348	-0.035277	-0.094051	-0.009297	0.06404	8	0.060275	8	0.014461	8	0.005391	8
CMP00173	8	1020	8	7	1	1	3	OutgroupA	0	1	0	0.991629	Q4	1.407042	1.406086	1.328995	1.3165	1.326487	-0.089586	-0.012495	-0.009987	-0.079599	0.019951	8	0.022934	8	0.011705	8	0.013104	8
CMP00174	8	1259	8	4	1	3	4	TypeIB2	1	1	1	0.992542	Q4	1.417496	1.431524	1.379106	1.347425	1.517903	-0.084099	-0.031681	-0.170478	0.086379	0.040915	8	0.036492	7	0.01268	8	0.002689	6
CMP00175	8	1279	8	8	1	1	0	TypeIA_IIAI	0	0	0	0.989697	Q4	1.370819	1.357903	1.28461	1.306936	1.29376	-0.050967	0.022326	0.013176	-0.064143	0.005086	8	0.005739	8	0.003099	8	0.001015	8
CMP00176	8	1219	8	7	1	3	1	TypeIA_IIAI	1	1	0	0.99041	Q3	1.393698	1.428511	1.383324	1.387116	1.402118	-0.041395	0.003792	-0.015002	-0.026393	0.071972	8		0	0.004414	8	-0.001465	7
CMP00177	8	1928	8	7	1	2	2	TypeIIIA3	1	1	1	0.990882	Q4	1.417899	1.348759	1.377977	1.37909	1.378962	0.030331	0.001113	0.000128	0.030203	0.008289	8	0.006784	8	0.000333	8	0.000192	7
CMP00178	8	1195	8	8	1	4	3	TypeIA_IIAI	0	0	0	0.987204	Q3	1.454993	1.418091	1.398938	1.388881	1.392577	-0.02921	-0.010057	-0.003696	-0.025514	0.012148	8	0.009689	8	-0.000836	8	0.000202	6
CMP00179	7	871	7	4	1	2	4	TypeIC1_IC2	1	1	0	0.99295	Q4	1.407742	1.359116	1.368586	1.379271	1.307398	0.020155	0.010685	0.071873	-0.051718	0.03469	7	0.03094	6	-0.000666	7	0.00081	7
CMP00180	7	941	7	5	1	3	0	TypeIC1_IC2	0	1	1	0.992499	Q4	1.465224	1.352439	1.393712	1.405426	1.376102	0.052987	0.011714	0.029324	0.023663	0.021993	7	0.024289	7	-0.002766	7	-0.005973	5
CMP00181	7	943	7	6	1	2	4	TypeIC1_IC2	0	1	0	0.990832	Q4	1.392251	1.374326	1.376586	1.367407	1.344793	-0.006919	-0.009179	0.022614	-0.029533	-0.002076	7	-0.003615	7	-0.005363	7	-0.000356	5
CMP00182	7	1373	7	4	1	3	0	TypeIB2	1	1	1	0.993784	Q4	1.394545	1.65035	1.383258	1.375593	2.335922	-0.274757	-0.007665	-0.960329	0.685572	-0.000713	7	0.003636	5	-0.002456	7	0.003212	5
CMP00183	7	1549	7	7	1	1	1	TypeXIIIA_firmi	0	0	0	0.985649	Q1	1.406009	1.413573	1.423027	1.391829	1.397254	-0.021744	-0.031198	-0.005425	-0.016319	0.039039	7		0	0.02685	7	0.026812	7
CMP00184	7	1193	6	6	1	1	2	TypeIA_IIAI	0	0	0	0.989992	Q3	1.407643	1.364505	1.347123	1.325131	1.335099	-0.039374	-0.021992	-0.009968	-0.029406	0.062002	7	0.058912	7	0.002845	7	-0.000711	7
CMP00185	7	981	7	6	1	3	3	Ec107_like	1	1	1	0.987775	Q2	1.434907	1.374093	1.386386	1.350255	1.46695	-0.023838	-0.036131	-0.116695	0.092857	0.025212	7		0	-0.007309	7	0.000882	5
CMP00186	7	881	7	7	1	1	4	OutgroupA	0	1	0	0.99042	Q4	1.318271	1.233799	1.204464	1.164911	1.140337	-0.068888	-0.039553	0.024574	-0.093462	0.031128	7	0.01871	7	0.00385	7	0.005089	7
CMP00187	7	859	7	5	1	1	0	OutgroupA	0	0	0	0.988548	Q2	1.459662	1.379178	1.371061	1.380442	1.400469	0.001264	0.009381	-0.020027	0.021291	0.010121	7	0.006169	7	-0.002521	7	-0.001636	7
CMP00188	7	891	7	6	1	2	1	OutgroupA	0	1	1	0.987699	Q3	1.431585	1.394523	1.397449	1.39522	1.396032	0.000697	-0.002229	-0.000812	0.001509	0.013253	7	0.014652	7	0.001408	7	0.005835	6
CMP00189	7	945	7	5	1	1	2	TypeIC1_IC2	0	1	0	0.992621	Q4	1.428833	1.341971	1.245763	1.263804	1.327438	-0.078167	0.018041	-0.063634	-0.014533	0.038316	7	0.044265	7	0.001557	7	-0.000209	7
CMP00190	7	876	7	7	1	1	3	TypeIA_IIAI	0	0	0	0.988787	Q2	1.448608	1.421039	1.397094	1.387668	1.404441	-0.033371	-0.009426	-0.016773	-0.016598	0.011744	7	0.005372	7	0.000714	7	0.001961	7
CMP00191	7	1157	7	5	1	2	4	TypeIB2	1	1	0	0.995408	Q4	1.416642	1.9484	1.382998	1.360664	1.562564	-0.587736	-0.022334	-0.2019	-0.385836	0.007913	7	-0.008223	7	-0.00875	7	-0.006907	6
CMP00192	7	977	7	7	2	1	0	TypeIIA3_proteo	0	1	0	0.98634	Q3	1.447908	1.44863	1.409382	1.428294	1.432669	-0.020336	0.018912	-0.004375	-0.015961	0.00162	6	0.007781	3	0.002306	7	0.006903	7
CMP00193	7	907	7	6	1	1	1	OutgroupA	1	1	0	0.980823	Q2	1.409286	1.39658	1.39016	1.412537	1.398801	0.015957	0.022377	0.013736	0.002221	0.005819	7	0.006852	7	-0.006144	7	-0.003387	7
CMP00194	7	967	7	3	1	1	2	TypeIA_IIAI	0	0	1	0.988988	Q3	1.427451	1.395003	1.381525	1.367901	1.415565	-0.027102	-0.013624	-0.047664	0.020562	0.0068	7	0.001502	7	0.001391	7	-0.00089	7
CMP00195	7	937	7	4	1	3	3	OutgroupA	1	1	0	0.987402	Q4	1.333504	1.301777	1.237205	1.22549	1.253519	-0.076287	-0.011715	-0.028029	-0.048258	0.033558	7	0.028159	5	0.007046	7	0.00136	5
CMP00196	7	1045	7	5	1	1	4	TypeIB1	0	0	0	0.993899	Q4	1.424032	1.260889	1.311789	1.296651	1.193428	0.035762	-0.015138	0.103223	-0.067461	0.059485	7	0.060084	7	0.029412	7	0.006124	7
CMP00197	7	964	7	7	1	1	0	TypeIX	1	1	0	0.986412	Q3	1.42436	1.35578	1.379267	1.403164	1.372852	0.047384	0.023897	0.030312	0.017072	0.008666	7		0	0.010843	7	0.003774	7
CMP00198	7	1291	7	6	1	1	1	TypeIA_IIAI	0	0	0	0.986173	Q2	1.425571	1.402912	1.393104	1.38368	1.422013	-0.019232	-0.009424	-0.038333	0.019101	0.001536	7	0.000108	7	0.001724	7	0.000464	7
CMP00199	7	878	7	7	1	1	2	OutgroupA	1	1	0	0.991803	Q4	1.415454	1.392637	1.325268	1.384847	1.390009	-0.00779	0.059579	-0.005162	-0.002628	0.006937	7	0.00377	7	0.002855	7	0.008103	7
CMP00200	7	888	7	6	1	2	3	OutgroupA	1	1	0	0.988231	Q3	1.310869	1.286624	1.216362	1.233621	1.211803	-0.053003	0.017259	0.021818	-0.074821	0.011381	7	0.006737	7	0.012965	7	0.015615	6
CMP00201	7	961	7	6	1	1	4	TypeIC1_IC2	1	1	0	0.991917	Q4	1.372613	1.351904	1.341082	1.351402	1.327974	-0.000502	0.01032	0.023428	-0.02393	0.017004	7	0.019027	7	0.001254	7	0.001401	7
CMP00202	6	847	6	5	1	1	0	TypeIC1_IC2	1	1	0	0.991861	Q4	1.435236	1.333957	1.393282	1.40142	1.380417	0.067463	0.008138	0.021003	0.04646	0.03226	6	0.014912	6	-0.003668	6	0.001334	6
CMP00203	6	975	3	6	1	1	1	TypeIIA2	1	1	1	0.989296	Q3	1.462259	1.462726	1.414687	1.433021	1.446437	-0.029705	0.018334	-0.013416	-0.016289		0		0	0.034469	6	0.002064	6
CMP00204	6	1478	6	6	1	1	2	TypeIIIA3	1	1	0	0.991124	Q4	1.431831	1.394056	1.387561	1.395708	1.404727	0.001652	0.008147	-0.009019	0.010671	0.006214	6	0.006106	6	0.000952	6	-1e-05	6
CMP00205	6	840	6	6	1	1	3	TypeIC1_IC2	0	1	0	0.993955	Q4	1.345208	1.29122	1.256697	1.203929	1.271588	-0.087291	-0.052768	-0.067659	-0.019632	0.040524	6	0.028916	4	0.008611	6	0.005493	6
CMP00206	6	1642	6	6	1	1	0	TypeIIIA3	0	1	1	0.992883	Q4	1.407949	1.36828	1.374872	1.371284	1.36279	0.003004	-0.003588	0.008494	-0.00549	0.004501	6	0.004942	5	-0.000271	6	0.001107	6
CMP00207	6	631	6	3	3	3	1	TypeXIIIC_Mx162	0	0	0	0.937595	Q1	1.469332	1.424459	1.482922	1.580757	1.955274	0.156298	0.097835	-0.374517	0.530815	-0.291551	3	-0.289641	3	-0.141585	6	0.119069	5
CMP00208	6	1006	6	5	1	1	2	TypeIA_IIAI	0	0	0	0.985809	Q2	1.400247	1.368328	1.35862	1.350682	1.356902	-0.017646	-0.007938	-0.00622	-0.011426	0.054538	6	0.048188	6	0.003608	6	0.00409	6
CMP00209	6	548	6	3	1	1	3	TypeIV	1	1	1	0.988369	Q2	1.469197	1.46217	1.425114	1.434584	1.488019	-0.027586	0.00947	-0.053435	0.025849	0.016223	6	0.019914	6	0.002516	6	-0.005072	6
CMP00210	6	1029	6	2	1	1	4	TypeIIIA2	0	1	0	0.989125	Q3	1.42272	1.389877	1.383417	1.373572	1.358575	-0.016305	-0.009845	0.014997	-0.031302	0.0572	6	0.028517	6	0.011413	6	0.011374	6
CMP00211	6	1205	5	6	2	1	0	TypeXIIIB_Ne144	1	1	0	0.993077	Q4	1.432041	1.355913	1.3601	1.372489	1.325452	0.016576	0.012389	0.047037	-0.030461	0.061605	5	0.064689	5	0.008052	6	0.002518	6
CMP00212	6	1080	6	6	1	2	1	TypeIA_IIAI	0	0	1	0.990898	Q3	1.442872	1.368393	1.372576	1.370817	1.401392	0.002424	-0.001759	-0.030575	0.032999	0.01645	6	0.014235	6	0.00217	6	0.002841	6
CMP00213	6	994	6	6	1	2	2	TypeIA_IIAI	0	0	0	0.98966	Q3	1.425897	1.371293	1.386513	1.379902	1.403265	0.008609	-0.006611	-0.023363	0.031972	0.005337	6	0.009172	6	0.001616	6	-0.000858	5
CMP00214	6	1101	6	6	1	1	3	TypeIIIA2	0	1	0	0.989213	Q3	1.462566	1.430894	1.419814	1.426081	1.421398	-0.004813	0.006267	0.004683	-0.009496	0.003066	6	0.001096	6	-0.000631	6	0.001761	6
CMP00215	6	729	6	5	1	1	4	OutgroupA	0	1	0	0.979512	Q1	1.410896	1.42354	1.378456	1.329727	1.346255	-0.093813	-0.048729	-0.016528	-0.077285	0.064657	6	0.056099	5	0.014973	6	0.003148	6
CMP00216	6	870	6	6	1	2	0	TypeIB1	0	1	0	0.991736	Q4	1.421632	1.310417	1.336292	1.396885	1.317029	0.086468	0.060593	0.079856	0.006612	0.002721	6	-9.3e-05	5	-0.001843	6	-0.001749	5
CMP00217	6	1025	6	4	3	2	1	TypeIIIA2	0	0	0	0.944369	Q1	1.446585	1.400597	1.636219	1.53296	1.688757	0.132363	-0.103259	-0.155797	0.28816	-0.098726	6	-0.098912	6	-0.057304	6	0.002869	5
CMP00218	5	1106	5	5	1	1	2	TypeXIIIB_Ne144	1	1	1	0.977647	Q1	1.403557	1.377232	1.359029	1.370745	1.350753	-0.006487	0.011716	0.019992	-0.026479	0.054797	5	0.074621	1	0.000309	5	0.002591	5
CMP00219	5	759	5	4	1	1	3	TypeIB2	1	1	0	0.993479	Q4	1.43225	1.444572	1.38646	1.443844	1.650211	-0.000728	0.057384	-0.206367	0.205639	0.016983	5	-0.004421	5	-0.019005	5	-0.013028	5
CMP00220	5	1202	5	5	1	1	4	TypeIIIA3	1	1	1	0.993188	Q4	1.408391	1.381772	1.386532	1.38547	1.350071	0.003698	-0.001062	0.035399	-0.031701	0.016046	5	0.013744	5	0.000434	5	0.004064	5
CMP00221	5	633	5	4	1	1	2	Ec107_like	0	0	0	0.985341	Q2	1.423748	1.603503	1.48588	1.415859	1.514257	-0.187644	-0.070021	-0.098398	-0.089246	0.057152	5	0.048576	5	0.009806	5	0.000268	5
CMP00222	5	683	5	4	1	1	3	TypeIB2_firmi	1	1	0	0.990226	Q3	1.40987	1.398871	1.37918	1.384934	1.426646	-0.013937	0.005754	-0.041712	0.027775	-0.009519	5	-0.009883	5	-0.005782	5	0.001414	5
CMP00223	5	685	5	1	1	2	4	TypeIC1_IC2	0	0	1	0.981975	Q1	1.358486	1.365366	1.356899	1.346899	1.373627	-0.018467	-0.01	-0.026728	0.008261	0.042028	5	0.03827	4	0.016222	5		0
CMP00224	5	755	5	3	1	1	0	TypeIB1	1	1	0	0.995167	Q4	1.401956	1.286251	1.320037	1.35417	1.228175	0.067919	0.034133	0.125995	-0.058076	0.008471	5	0.014559	4	0.005393	5	-0.000561	5
CMP00225	5	723	4	4	1	1	1	TypeIB1	1	1	0	0.993624	Q4	1.437563	1.423074	1.412494	1.40323	1.409452	-0.019844	-0.009264	-0.006222	-0.013622	0.009994	5	0.005927	5	0.002747	5	0.001503	5
CMP00226	5	776	5	5	2	2	2	TypeIA_IIAI	0	0	1	0.988314	Q2	1.415911	1.36191	1.372787	1.388037	1.380038	0.026127	0.01525	0.007999	0.018128	0.009766	5	0.010293	4	0.005372	5	0.003474	4
CMP00227	5	666	5	5	1	1	3	TypeIC1_IC2	1	1	0	0.993783	Q4	1.341455	1.282353	1.202384	1.203208	1.281093	-0.079145	0.000824	-0.077885	-0.00126	0.011605	5	0.007086	4	-0.003194	5	-0.003824	5
CMP00228	5	857	5	5	2	1	4	Ec107_like	0	0	0	0.990311	Q3	1.406336	1.412764	1.380853	1.378824	1.359415	-0.03394	-0.002029	0.019409	-0.053349	0.00727	5	0.000317	5	-0.001072	5	0.000399	5
CMP00229	5	834	5	5	1	1	0	TypeIA_IIAI	0	0	1	0.989228	Q3	1.420412	1.459916	1.363142	1.341675	1.425163	-0.118241	-0.021467	-0.083488	-0.034753	0.032498	5	0.021844	5	0.004375	5	0.001012	5
CMP00230	5	645	5	4	1	1	1	OutgroupA	0	1	0	0.958199	Q1	1.389747	1.379662	1.358823	1.366423	1.363522	-0.013239	0.0076	0.002901	-0.01614	0.003851	5	0.004717	5	0.002721	5	-0.002374	5
CMP00231	5	744	3	4	1	1	2	TypeIA_IIAI	0	0	0	0.987049	Q2	1.313057	1.417288	1.294853	1.284418	1.29603	-0.13287	-0.010435	-0.011612	-0.121258	0.113178	5	0.121202	5	0.013754	5	-5.7e-05	5
CMP00232	5	711	3	5	2	1	3	OutgroupA	0	0	1	0.96153	Q1	1.403778	1.407401	1.386489	1.372576	1.402223	-0.034825	-0.013913	-0.029647	-0.005178	0.028474	4	0.026053	4	0.03236	5	0.001184	5
CMP00233	5	626	5	4	1	1	4	OutgroupA	1	1	0	0.98613	Q2	1.325193	1.309779	1.241459	1.254776	1.211621	-0.055003	0.013317	0.043155	-0.098158	0.014603	5	0.007621	5	0.009686	5	0.000718	5
CMP00234	5	859	5	2	1	1	0	TypeIIIA2	1	1	0	0.990835	Q3	1.436298	1.366524	1.40881	1.38751	1.380212	0.020986	-0.0213	0.007298	0.013688	0.004302	5	0.003422	5	0.003748	5	-0.001354	5
CMP00235	5	597	5	2	1	2	1	TypeIB1	1	1	0	0.987553	Q4	1.405457	1.429941	1.414222	1.414175	1.43895	-0.015766	-4.7e-05	-0.024775	0.009009	0.004494	5	0.005493	4	0.002545	5	-0.000212	3
CMP00236	5	754	5	5	1	1	2	TypeIB1	0	1	0	0.994721	Q4	1.443311	1.272846	1.36548	1.372187	1.36453	0.099341	0.006707	0.007657	0.091684	0.035773	5	0.047901	5	0.004825	5	-0.000435	5
CMP00237	5	1368	5	5	1	1	3	TypeIIIA3	0	1	0	0.990425	Q3	1.427407	1.408885	1.401852	1.405425	1.399279	-0.00346	0.003573	0.006146	-0.009606	0.010084	5	0.015243	5	-0.005825	5	0.012016	5
CMP00238	5	694	5	5	1	1	4	TypeIIIA1	0	1	1	0.994771	Q4	1.406693	1.346974	1.364836	1.345515	1.28952	-0.001459	-0.019321	0.055995	-0.057454	0.040182	5	0.040401	5	0.020516	5	-0.000463	5
CMP00239	5	760	5	4	1	2	0	TypeIIIA1	0	0	0	0.99044	Q3	1.40673	1.408342	1.392067	1.386059	1.402487	-0.022283	-0.006008	-0.016428	-0.005855	0.012645	5	0.021735	1	0.006444	5	0.002844	4
CMP00240	5	860	5	2	1	1	1	TypeIIA3_proteo	0	0	0	0.989387	Q3	1.439782	1.425741	1.419031	1.433211	1.41378	0.00747	0.01418	0.019431	-0.011961	-0.007021	5		0	-0.010273	5	0.000661	5
CMP00241	5	644	5	5	1	1	2	OutgroupA	1	1	0	0.990333	Q3	1.404339	1.188709	1.165362	1.219669	1.200954	0.03096	0.054307	0.018715	0.012245	0.019722	5	0.024159	5	0.000889	5	-0.01812	5
CMP00242	5	714	5	5	1	3	3	TypeIA_IIAI	0	0	0	0.986785	Q2	1.454949	1.419108	1.392095	1.378725	1.39142	-0.040383	-0.01337	-0.012695	-0.027688	0.042218	5	0.027295	5	0.001311	5	-0.0021	4
CMP00243	5	824	4	4	2	1	4	TypeXIIIC_Mx162	0	0	0	0.954411	Q1	1.414487	1.42259	1.496105	1.446333	1.46855	0.023743	-0.049772	-0.022217	0.04596	0.008015	5	0.003521	4	-0.019342	5	0.015559	5
CMP00244	5	775	5	2	1	2	0	TypeIIIA2	0	0	1	0.987011	Q3	1.425194	1.361929	1.398582	1.421258	1.423018	0.059329	0.022676	-0.00176	0.061089	-0.014828	5	-0.016919	3	-0.019161	5	-0.00294	3
CMP00245	5	1270	5	5	1	1	1	TypeXIIIC_Mx162	0	0	0	0.99273	Q4	1.387555	1.393634	1.39005	1.368345	1.370309	-0.025289	-0.021705	-0.001964	-0.023325	0.057842	5		0	0.053378	5	0.045726	5
CMP00246	5	638	5	5	1	1	2	OutgroupA	0	1	0	0.989461	Q3	1.389406	1.185138	1.152369	1.153475	1.180115	-0.031663	0.001106	-0.02664	-0.005023	0.041816	5	0.033404	5	0.015665	5	0.002569	5
CMP00247	4	665	4	4	1	1	3	TypeIB2	1	1	0	0.994076	Q4	1.412081	1.426261	1.353297	1.356077	1.515132	-0.070184	0.00278	-0.159055	0.088871	0.048478	4	0.020299	4	0.002737	4	0.002329	4
CMP00248	4	510	3	4	1	1	4	TypeIC1_IC2	1	1	0	0.986016	Q4	1.408182	1.350548	1.349985	1.367253	1.254644	0.016705	0.017268	0.112609	-0.095904	0.017658	4	0.007256	3	-0.004174	4	-9.6e-05	4
CMP00249	4	585	4	2	1	2	0	TypeIC1_IC2	0	1	0	0.984166	Q2	1.411691	1.354369	1.414652	1.400557	1.377664	0.046188	-0.014095	0.022893	0.023295	0.012933	4	0.022935	4	0.016912	4		0
CMP00250	4	678	4	3	1	2	1	TypeIB1	0	0	1	0.99182	Q4	1.424677	1.405972	1.401739	1.406815	1.417351	0.000843	0.005076	-0.010536	0.011379	6.8e-05	4	0.000488	4	0.003627	4	-9.8e-05	3
CMP00251	4	510	4	4	1	1	3	OutgroupA	0	1	0	0.987526	Q3	1.29414	1.260349	1.205833	1.188137	1.206377	-0.072212	-0.017696	-0.01824	-0.053972	0.043743	4	0.015787	4	0.006799	4	-0.010041	4
CMP00252	4	522	4	4	1	1	4	Ec107_like	0	0	0	0.986604	Q2	1.398625	1.443907	1.344133	1.372766	1.478136	-0.071141	0.028633	-0.10537	0.034229	-0.003235	4	-0.008287	4	-0.024802	4	-0.007667	4
CMP00253	4	516	4	3	1	2	0	TypeIIIA1	0	0	1	0.984673	Q3	1.38134	1.320231	1.330871	1.354707	1.340937	0.034476	0.023836	0.01377	0.020706	-0.009167	4	0.010805	3	-0.014313	4	-0.003333	3
CMP00254	4	633	4	3	1	2	1	TypeIIIA2	1	1	0	0.98435	Q2	1.422923	1.407288	1.408737	1.412939	1.427359	0.005651	0.004202	-0.01442	0.020071	0.024124	4	0.002864	2	0.003284	4	0.001793	2
CMP00255	4	572	4	2	1	2	2	TypeIC1_IC2	0	0	0	0.992116	Q4	1.436454	1.44397	1.291552	1.300928	1.440643	-0.143042	0.009376	-0.139715	-0.003327	0.045022	4	0.023789	3	-0.005982	4	0.009575	3
CMP00256	4	687	4	3	1	1	3	Ec107_like	0	1	1	0.991913	Q4	1.388466	1.351918	1.360418	1.308386	1.3883	-0.043532	-0.052032	-0.079914	0.036382	0.061713	4	0.013953	3	-0.002602	4	0.007412	4
CMP00257	4	682	4	4	1	1	4	TypeIA_IIAI	0	0	0	0.992641	Q4	1.408278	1.324135	1.250212	1.253764	1.236233	-0.070371	0.003552	0.017531	-0.087902	0.037614	4	0.027512	4	0.014096	4	0.003741	4
CMP00258	4	829	4	4	1	1	0	TypeXIIIA_firmi	0	1	0	0.991026	Q4	1.348644	1.33297	1.310555	1.320468	1.290925	-0.012502	0.009913	0.029543	-0.042045	0.070832	4		0	0.0508	4	0.000321	4
CMP00259	4	560	4	2	1	2	1	TypeIC1_IC2	0	0	1	0.991014	Q4	1.368507	1.571502	1.451828	1.465772	1.635976	-0.10573	0.013944	-0.170204	0.064474	0.05922	4	0.078129	3	0.004602	4	0.004157	3
CMP00260	4	652	4	3	1	1	2	TypeIIA3_firmi	1	1	0	0.989242	Q3	1.440681	1.369958	1.364691	1.360062	1.369198	-0.009896	-0.004629	-0.009136	-0.00076	0.006457	4	0.004961	4	0.004111	4	-0.00107	4
CMP00261	4	548	4	1	1	1	3	TypeIIIA1	0	1	0	0.975038	Q1	1.454335	1.448845	1.428434	1.445524	1.435257	-0.003321	0.01709	0.010267	-0.013588	-0.017476	4	-0.017769	4	-0.022754	4		0
CMP00262	4	594	4	4	1	2	4	TypeIA_IIAI	1	1	0	0.984786	Q2	1.382586	1.236446	1.230622	1.187651	1.206181	-0.048795	-0.042971	-0.01853	-0.030265	0.020537	4	0.033678	3	0.009237	4	0.005515	3
CMP00263	4	536	4	4	1	1	0	OutgroupA	1	1	0	0.988245	Q2	1.406169	1.366686	1.367093	1.352184	1.3211	-0.014502	-0.014909	0.031084	-0.045586	0.014638	4	0.013185	4	0.002806	4	0.00328	4
CMP00264	4	1031	4	4	1	1	1	TypeIIIA3	1	1	0	0.993646	Q4	1.426908	1.405113	1.395156	1.380294	1.404755	-0.024819	-0.014862	-0.024461	-0.000358	0.005343	4	0.006016	4	0.000562	4	0.001033	4
CMP00265	4	775	4	4	1	1	2	Ec107_like	1	1	1	0.986054	Q2	1.408475	1.569471	1.39285	1.435455	1.429712	-0.134016	0.042605	0.005743	-0.139759	0.039113	4	0.00528	4	0.04017	4	0.002105	4
CMP00266	4	533	4	4	1	1	3	OutgroupA	1	1	0	0.993274	Q4	1.292895	1.269287	1.162989	1.146638	1.177736	-0.122649	-0.016351	-0.031098	-0.091551	0.045931	4	0.058594	4	0.000701	4	-0.002428	4
CMP00267	4	400	4	3	1	1	4	TypeIB1	0	0	0	0.996689	Q4	1.458796	1.233032	1.343174	1.299038	1.112256	0.066006	-0.044136	0.186782	-0.120776	0.03229	4	0.016054	4	-0.012814	4	0.003494	4
CMP00268	4	744	4	3	1	1	0	TypeIB2	1	1	1	0.992798	Q4	1.398412	1.599593	1.403061	1.383328	1.454718	-0.216265	-0.019733	-0.07139	-0.144875	0.011264	4	0.009348	4	0.007269	4	-0.00228	4
CMP00269	4	525	4	4	1	1	1	TypeIC1_IC2	1	1	0	0.99472	Q4	1.385287	1.374111	1.251715	1.29103	1.381584	-0.083081	0.039315	-0.090554	0.007473	0.00646	4	0.010759	4	-0.006185	4	0.00064	4
CMP00270	4	538	4	3	1	1	2	TypeIC1_IC2	0	0	0	0.995323	Q4	1.401074	1.387752	1.312238	1.212211	1.282309	-0.175541	-0.100027	-0.070098	-0.105443	0.104601	4	0.091279	4	0.021481	4	0.002353	4
CMP00271	4	617	4	3	1	1	3	TypeXIII_Mx65	0	0	1	0.983957	Q2	1.429349	1.405337	1.376725	1.389321	1.461961	-0.016016	0.012596	-0.07264	0.056624	-0.018689	4	-0.016257	4	-0.010067	4	0.00133	4
CMP00272	4	596	4	1	1	1	4	TypeIA_IIAI	1	1	0	0.985882	Q2	1.377594	1.173106	1.178393	1.180646	1.246704	0.00754	0.002253	-0.066058	0.073598	0.024847	4	0.022766	4	0.060088	4		0
CMP00273	4	516	4	4	2	1	0	OutgroupA	0	1	0	0.987328	Q2	1.389881	1.31649	1.324798	1.326916	1.281069	0.010426	0.002118	0.045847	-0.035421	0.012922	3	0.020647	3	0.00378	4	0.007268	4
CMP00274	4	525	4	3	1	1	1	OutgroupA	1	1	1	0.985682	Q2	1.404343	1.377759	1.372493	1.350632	1.379895	-0.027127	-0.021861	-0.029263	0.002136	0.004074	4	0.010056	4	-0.001232	4	0.000697	4
CMP00275	4	1192	4	3	1	2	2	TypeIIIA3	0	1	0	0.98685	Q3	1.418135	1.397517	1.393319	1.396236	1.372982	-0.001281	0.002917	0.023254	-0.024535	0.028676	4	0.021459	4	0.008208	4	-0.00096	3
CMP00276	4	637	4	4	1	1	3	TypeIB2	1	1	0	0.995264	Q4	1.422082	1.394527	1.389167	1.363873	1.453135	-0.030654	-0.025294	-0.089262	0.058608	0.001967	4	-0.009004	4	-0.008421	4	-0.005642	4
CMP00277	4	541	4	3	1	1	4	TypeIC1_IC2	1	1	1	0.993092	Q4	1.369228	1.327757	1.314655	1.355555	1.275302	0.027798	0.0409	0.080253	-0.052455	0.015111	4	0.020164	4	0.000106	4	-0.000515	4
CMP00278	4	526	4	4	1	1	0	OutgroupA	0	0	0	0.989392	Q2	1.398543	1.378731	1.33155	1.372897	1.321152	-0.005834	0.041347	0.051745	-0.057579	0.019245	4	0.015685	4	0.003964	4	0.000861	4
CMP00279	4	527	4	3	1	1	1	OutgroupA	1	1	0	0.976644	Q1	1.359411	1.349419	1.361461	1.348614	1.373994	-0.000805	-0.012847	-0.02538	0.024575	-0.001049	4	-0.001643	4	-0.001693	4	-0.001987	4
CMP00280	4	509	4	4	1	1	2	OutgroupA	0	0	1	0.98346	Q1	1.409374	1.387082	1.304575	1.318814	1.317814	-0.068268	0.014239	0.001	-0.069268	0.020815	4	0.020512	4	0.003929	4	0.011273	4
CMP00281	4	607	4	3	1	2	3	Ec107_like	0	1	0	0.9846	Q2	1.425198	1.384922	1.36777	1.351983	1.490314	-0.032939	-0.015787	-0.138331	0.105392	0.009206	4	0.011286	3	-0.005031	4	-0.003324	3
CMP00282	4	968	4	4	1	1	4	TypeIIIA3	1	1	0	0.993674	Q4	1.416613	1.37501	1.389002	1.383443	1.342344	0.008433	-0.005559	0.041099	-0.032666	0.024359	4	0.008156	4	0.001686	4	0.002129	4
CMP00283	4	904	4	3	1	1	0	TypeXIIIB_Ne144	0	1	1	0.984171	Q2	1.35769	1.291862	1.302978	1.338265	1.260832	0.046403	0.035287	0.077433	-0.03103	0.047413	4	0.058829	4	0.010225	4	-0.006011	4
CMP00284	4	626	4	4	1	1	1	TypeXIII_Mx65	0	0	0	0.985353	Q2	1.412361	1.371688	1.37886	1.374745	1.389437	0.003057	-0.004115	-0.014692	0.017749	0.001275	4	-4.5e-05	4	0.000738	4	0.002171	4
CMP00285	4	505	4	4	1	1	2	TypeIC1_IC2	1	1	0	0.993995	Q4	1.431348	1.2644	1.192744	1.226683	1.295563	-0.037717	0.033939	-0.06888	0.031163	0.038146	4	0.015025	4	-0.01721	4	-0.013444	4
CMP00286	4	530	4	3	1	1	3	OutgroupA	0	1	1	0.977864	Q1	1.374709	1.359446	1.346639	1.342073	1.372682	-0.017373	-0.004566	-0.030609	0.013236	-0.010819	4	-0.010431	4	-0.019842	4	0.000623	4
CMP00287	4	872	4	3	2	1	4	TypeXIIIB_Ne144	0	0	0	0.991036	Q4	1.422773	1.421957	1.407695	1.402237	1.40257	-0.01972	-0.005458	-0.000333	-0.019387	0.021615	4	0.01362	4	0.003353	4	7.1e-05	4
CMP00288	3	367	3	3	1	1	0	OutgroupA	0	1	0	0.984624	Q2	1.392727	1.392139	1.362711	1.350038	1.34049	-0.042101	-0.012673	0.009548	-0.051649	0.025981	3	0.021148	3	0.005282	3	0.002766	3
CMP00289	3	626	3	2	1	1	1	TypeV	1	1	0	0.98973	Q3	1.438109	1.451756	1.437654	1.437899	1.446948	-0.013857	0.000245	-0.009049	-0.004808		0		0	-0.000564	3	-0.000564	3
CMP00290	3	453	3	3	1	1	2	TypeIA_IIAI	0	0	1	0.986869	Q2	1.416787	1.377125	1.399768	1.399285	1.407663	0.02216	-0.000483	-0.008378	0.030538	-0.001852	3	-0.00273	3	-0.002774	3	-0.001232	3
CMP00291	3	386	3	3	1	1	0	OutgroupA	0	1	0	0.988009	Q3	1.358016	1.264904	1.263387	1.269666	1.23643	0.004762	0.006279	0.033236	-0.028474	0.038241	3	0.02865	3	0.00191	3	-0.002489	3
CMP00292	3	393	3	3	1	1	1	OutgroupA	0	1	0	0.985379	Q1	1.408564	1.366159	1.354025	1.316187	1.350742	-0.049972	-0.037838	-0.034555	-0.015417	0.017277	3	0.012825	3	0.00156	3	-0.00018	3
CMP00293	3	440	1	3	1	1	2	Ec107_like	0	1	1	0.990314	Q3	1.452926	1.605235	1.460673	1.47638	1.433973	-0.128855	0.015707	0.042407	-0.171262	0.048046	3	0.095818	3	-0.041591	3		0
CMP00294	3	456	2	3	1	1	3	TypeIA_IIAI	0	0	0	0.991508	Q4	1.460537	1.402994	1.40046	1.380437	1.395418	-0.022557	-0.020023	-0.014981	-0.007576	0.021693	3	0.015618	3	0.00324	3	0.002905	3
CMP00295	3	570	3	3	1	1	4	TypeIIIA2	1	1	0	0.992164	Q4	1.41297	1.356628	1.380863	1.363679	1.344591	0.007051	-0.017184	0.019088	-0.012037	0.03185	3	0.016499	3	0.004926	3	0.005239	3
CMP00296	3	867	3	3	1	2	0	TypeIIIA3	0	0	1	0.993504	Q4	1.410966	1.37496	1.386647	1.382952	1.380979	0.007992	-0.003695	0.001973	0.006019	0.015958	3	0.01521	2	0.004247	3	-0.00034	2
CMP00297	3	392	3	3	1	1	1	TypeIA_IIAI	0	0	0	0.986321	Q2	1.445401	1.493924	1.435198	1.421926	1.485914	-0.071998	-0.013272	-0.063988	-0.00801	0.023046	3	0.025164	3	0.005332	3	0.006645	3
CMP00298	3	423	3	2	1	2	2	TypeIA_IIAI	0	0	0	0.978759	Q1	1.434769	1.40568	1.403186	1.408175	1.443686	0.002495	0.004989	-0.035511	0.038006	0.010863	3	0.017692	1	-0.007912	3		0
CMP00299	3	387	3	3	1	1	3	OutgroupA	1	1	1	0.991588	Q4	1.29194	1.243623	1.158297	1.153164	1.121058	-0.090459	-0.005133	0.032106	-0.122565	0.029645	3	0.035931	3	-0.00024	3	0.001804	3
CMP00300	3	285	3	3	1	1	4	TypeIV	1	1	0	0.993976	Q4	1.453715	1.344062	1.422133	1.341351	1.45937	-0.002711	-0.080782	-0.118019	0.115308		0		0	0.020768	3	0.016041	3
CMP00301	3	392	3	3	1	1	0	OutgroupA	0	0	0	0.985124	Q2	1.387876	1.323424	1.341154	1.324318	1.304039	0.000894	-0.016836	0.020279	-0.019385	0.023207	3	0.011905	3	0.001078	3	-0.003746	3
CMP00302	3	397	3	3	1	1	1	OutgroupA	0	1	1	0.989528	Q3	1.43939	1.411882	1.390722	1.411484	1.409006	-0.000398	0.020762	0.002478	-0.002876	0.014567	3	0.011561	3	0.001373	3	0.002876	3
CMP00303	3	437	3	3	1	1	2	TypeIC1_IC2	1	1	0	0.994643	Q4	1.429309	1.545515	1.400095	1.353216	1.418661	-0.192299	-0.046879	-0.065445	-0.126854	0.056533	3	0.033364	3	0.024288	3	0.005883	3
CMP00304	3	381	3	2	1	1	3	Ec107_like	0	1	0	0.983778	Q1	1.385292	1.387933	1.352969	1.355605	1.403615	-0.032328	0.002636	-0.04801	0.015682	0.01654	3	0.0208	3	0.007235	3	0.000926	3
CMP00305	3	389	3	3	1	1	4	OutgroupA	0	1	1	0.992538	Q4	1.39788	1.566233	1.338411	1.337517	1.282426	-0.228716	-0.000894	0.055091	-0.283807	0.062786	3	0.033185	3	0.013848	3	0.003754	3
CMP00306	3	475	3	2	1	1	0	TypeIA_IIAI	0	0	0	0.988377	Q3	1.380577	1.447588	1.376316	1.328158	1.523	-0.11943	-0.048158	-0.194842	0.075412	0.013925	3	0.012845	3	0.003749	3	-0.001577	3
CMP00307	3	389	3	3	1	1	1	TypeIC1_IC2	1	1	0	0.99406	Q4	1.338895	1.333489	1.28611	1.223405	1.331319	-0.110084	-0.062705	-0.107914	-0.00217	0.035449	3	0.026318	3	0.012918	3	0.002078	3
CMP00308	3	655	3	3	1	1	2	TypeXIIIB_Ne144	0	1	1	0.991069	Q3	1.417208	1.339036	1.297818	1.322143	1.304706	-0.016893	0.024325	0.017437	-0.03433	0.014885	3	0.020343	3	0.001875	3	0.003523	3
CMP00309	3	458	3	3	1	1	3	TypeIA_IIAI	0	0	0	0.988757	Q3	1.456507	1.403678	1.382663	1.362225	1.369074	-0.041453	-0.020438	-0.006849	-0.034604	0.017456	3	0.00205	3	-0.002537	3	-0.002588	3
CMP00310	3	396	3	2	1	1	4	TypeIC1_IC2	0	0	0	0.984996	Q2	1.389176	1.33988	1.416738	1.333405	1.387995	-0.006475	-0.083333	-0.05459	0.048115	0.018769	3	0.027577	3	-0.008751	3	-0.000678	3
CMP00311	3	458	3	3	1	1	0	TypeIC1_IC2	0	1	0	0.994835	Q4	1.362308	1.275895	1.353393	1.33533	1.326225	0.059435	-0.018063	0.009105	0.05033	0.016028	3	0.022151	3	0.004045	3	-0.001588	3
CMP00312	3	565	3	2	1	1	1	TypeIB2	0	0	0	0.993026	Q4	1.44037	1.440624	1.423686	1.420142	1.424796	-0.020482	-0.003544	-0.004654	-0.015828	-0.002039	3	-0.00121	3	-0.001395	3	-6.8e-05	3
CMP00313	3	390	3	2	1	2	2	OutgroupA	0	1	0	0.987898	Q4	1.440115	1.440108	1.384585	1.362184	1.449264	-0.077924	-0.022401	-0.08708	0.009156	0.024074	3	0.050434	2	0.016724	3		0
CMP00314	3	378	3	3	1	1	3	Ec107_like	0	1	1	0.98929	Q3	1.395722	1.392635	1.442952	1.339084	1.415753	-0.053551	-0.103868	-0.076669	0.023118	0.004714	3	-0.005724	3	-0.013366	3	-0.000567	3
CMP00315	3	447	3	2	1	1	4	TypeIB2	1	1	0	0.994827	Q4	1.428691	1.773591	1.425908	1.35485	1.677914	-0.418741	-0.071058	-0.323064	-0.095677	0.05756	3	0.029901	3	-0.004497	3	-0.005532	3
CMP00316	3	389	3	3	1	1	0	TypeIC1_IC2	0	1	0	0.993791	Q4	1.417661	1.304452	1.351985	1.344062	1.309842	0.03961	-0.007923	0.03422	0.00539	0.026312	3	0.016942	3	0.007949	3	0.00022	3
CMP00317	3	818	3	2	1	1	1	TypeIIIA3	0	1	1	0.990594	Q3	1.450089	1.420593	1.420338	1.427128	1.419413	0.006535	0.00679	0.007715	-0.00118	0.003274	3	-0.002013	3	0.006662	3	-0.000932	3
CMP00318	3	464	3	2	1	2	2	TypeIA_IIAI	0	0	0	0.956363	Q1	1.427277	1.431504	1.469748	1.455134	1.478777	0.02363	-0.014614	-0.023643	0.047273	-0.008195	3	-0.00302	2	0.007665	3	-0.004174	2
CMP00319	3	669	3	3	1	1	3	TypeXIIIB_Ne144	1	1	0	0.988137	Q2	1.443596	1.447879	1.410889	1.409165	1.408676	-0.038714	-0.001724	0.000489	-0.039203	0.020969	3		0	0.002084	3	-0.00154	3
CMP00320	3	282	3	3	1	1	4	TypeIV	1	1	1	0.991067	Q4	1.420276	1.390461	1.366909	1.300571	1.336903	-0.08989	-0.066338	-0.036332	-0.053558		0		0	-0.014934	3	-0.013206	3
CMP00321	3	376	3	3	1	1	0	OutgroupA	0	1	0	0.989419	Q3	1.451736	1.420506	1.397222	1.405766	1.389187	-0.01474	0.008544	0.016579	-0.031319	0.047439	3	0.037982	3	-0.005159	3	-0.000571	3
CMP00322	3	398	3	2	1	2	1	TypeIC1_IC2	1	1	0	0.99226	Q4	1.342271	1.311958	1.233279	1.249119	1.332838	-0.062839	0.01584	-0.083719	0.02088	0.041321	3	0.059145	1	-0.004494	3	0.008492	2
CMP00323	3	384	3	3	1	1	2	OutgroupA	0	1	1	0.985152	Q1	1.406552	1.220092	1.245516	1.315879	1.215284	0.095787	0.070363	0.100595	-0.004808	-0.018604	3	-0.032168	3	-0.027359	3	0.000766	3
CMP00324	3	397	3	3	1	1	3	OutgroupA	0	1	0	0.99009	Q2	1.38706	1.377527	1.32106	1.352112	1.425938	-0.025415	0.031052	-0.073826	0.048411	-0.046742	3	-0.020974	3	-0.047584	3	-0.006275	3
CMP00325	3	385	3	3	1	1	4	OutgroupA	1	1	0	0.975489	Q1	1.306394	1.212913	1.179987	1.204413	1.158484	-0.0085	0.024426	0.045929	-0.054429	0.017127	3		0	-0.004824	3	0.012407	3
CMP00326	3	458	3	3	1	1	0	TypeIB2_firmi	0	1	1	0.994939	Q4	1.371929	1.351845	1.346805	1.338247	1.354743	-0.013598	-0.008558	-0.016496	0.002898	0.005405	3	0.00885	3	0.009193	3	0.001523	3
CMP00327	3	394	3	3	1	1	1	OutgroupA	1	1	0	0.988097	Q3	1.393678	1.388247	1.373241	1.386478	1.369227	-0.001769	0.013237	0.017251	-0.01902	0.013434	3	0.009207	3	0.001583	3	0.003105	3
CMP00328	3	478	3	2	1	1	2	TypeIC1_IC2	1	1	0	0.996157	Q4	1.417253	1.221373	1.197935	1.170332	1.112674	-0.051041	-0.027603	0.057658	-0.108699	0.074326	3	0.083468	3	0.021966	3	-0.000555	3
CMP00329	3	389	3	2	1	2	3	OutgroupA	0	1	1	0.990137	Q4	1.311758	1.359003	1.220235	1.234391	1.259314	-0.124612	0.014156	-0.024923	-0.099689	0.032577	3	0.017927	2	0.001943	3	0.005334	2
CMP00330	3	402	3	3	1	1	4	TypeIC1_IC2	1	1	0	0.993393	Q4	1.438165	1.355025	1.406267	1.391358	1.246132	0.036333	-0.014909	0.145226	-0.108893	0.025436	3	0.016278	3	-0.003595	3	-0.001826	3
CMP00331	3	385	3	3	1	1	0	OutgroupA	0	1	0	0.987189	Q2	1.357496	1.254574	1.272266	1.291226	1.267972	0.036652	0.01896	0.023254	0.013398	0.036897	3	0.010762	3	-0.003189	3	0.002586	3
CMP00332	3	394	3	3	1	1	1	OutgroupA	1	1	1	0.985521	Q2	1.468742	1.433871	1.426304	1.42522	1.438794	-0.008651	-0.001084	-0.013574	0.004923	0.030257	3	0.026627	3	0.001135	3	0.000506	3
CMP00333	3	389	3	3	1	1	2	TypeIC1_IC2	0	1	0	0.993887	Q4	1.41423	1.291338	1.151629	1.177942	1.219263	-0.113396	0.026313	-0.041321	-0.072075	0.033086	3	0.023139	3	0.003727	3	-0.003845	3
CMP00334	3	426	3	2	1	1	3	TypeIX	1	1	0	0.989189	Q3	1.433984	1.42421	1.411569	1.40631	1.4102	-0.0179	-0.005259	-0.00389	-0.01401	0.036619	3	0.037436	3	0.008109	3	0.010149	3
CMP00335	3	663	3	3	1	1	4	TypeXIIIB_Ne144	0	1	1	0.978946	Q1	1.421957	1.40418	1.399755	1.385737	1.403393	-0.018443	-0.014018	-0.017656	-0.000787	0.022467	3	0.024605	3	0.00708	3	0.011833	3
CMP00336	3	390	3	3	1	1	0	OutgroupA	1	1	0	0.984115	Q2	1.399614	1.346284	1.353739	1.383031	1.320098	0.036747	0.029292	0.062933	-0.026186	-0.002114	3	-0.004068	1	-0.000364	3	-0.00271	3
CMP00337	3	482	3	3	1	1	1	TypeIB2	1	1	0	0.994672	Q4	1.433659	1.40959	1.383824	1.390781	1.389565	-0.018809	0.006957	0.001216	-0.020025	0.000625	3	0.001802	3	-0.001955	3	-0.001892	3
CMP00338	3	392	3	2	1	1	2	OutgroupA	1	1	0	0.988133	Q2	1.404189	1.203421	1.163808	1.165849	1.152762	-0.037572	0.002041	0.013087	-0.050659	0.018677	3	0.016022	3	-0.000318	3	0.014829	3
CMP00339	3	370	3	3	1	1	3	OutgroupA	1	1	0	0.979495	Q1	1.386049	1.345321	1.29857	1.301766	1.336452	-0.043555	0.003196	-0.034686	-0.008869	0.010941	3	0.00946	3	0.011715	3	0.001608	3
CMP00340	3	383	3	3	1	1	4	OutgroupA	1	1	0	0.988455	Q3	1.309661	1.215531	1.235088	1.2532	1.225816	0.037669	0.018112	0.027384	0.010285	0.031705	3	0.030943	3	0.008464	3	0.01235	3
CMP00341	3	712	3	3	1	1	0	TypeXIIIA_firmi	0	0	1	0.993028	Q4	1.418498	1.447929	1.379291	1.353004	1.379336	-0.094925	-0.026287	-0.026332	-0.068593	0.15556	3		0	0.136779	3	0.014769	3
CMP00342	3	414	3	3	1	1	1	TypeIA_IIAI	0	0	0	0.988305	Q3	1.418486	1.414659	1.388986	1.386141	1.408339	-0.028518	-0.002845	-0.022198	-0.00632	0.028005	3	0.022976	3	0.00748	3	-0.001576	3
CMP00343	3	602	3	3	1	1	2	TypeIIIA2	0	1	0	0.989717	Q3	1.420959	1.421408	1.395854	1.401268	1.405282	-0.02014	0.005414	-0.004014	-0.016126	0.040664	3	0.045393	3	0.021249	3	0.007172	3
CMP00344	3	462	3	3	1	1	3	TypeIA_IIAI	0	0	1	0.98998	Q3	1.441027	1.418399	1.41037	1.383828	1.38972	-0.034571	-0.026542	-0.005892	-0.028679	0.011209	3	0.003505	3	-0.002881	3	0.000352	3
CMP00345	3	428	3	3	1	1	4	TypeIA_IIAI	0	1	0	0.992437	Q4	1.34739	1.437863	1.315692	1.312251	1.342942	-0.125612	-0.003441	-0.030691	-0.094921	0.042209	3		0	0.004883	3	0.004591	3
CMP00346	3	694	3	2	1	1	0	TypeXIIIB_Ne144	1	1	0	0.990803	Q3	1.316421	1.288681	1.265556	1.274608	1.217081	-0.014073	0.009052	0.057527	-0.0716	0.13381	3	0.091181	1	0.058842	3	0.00804	3
CMP00347	3	378	3	2	1	1	1	TypeIC1_IC2	0	1	0	0.990516	Q3	1.395364	1.610649	1.406687	1.343452	1.654818	-0.267197	-0.063235	-0.311366	0.044169	0.058025	3	0.076512	3	0.01841	3	-0.003803	3
CMP00348	3	395	3	3	1	1	2	OutgroupA	0	0	0	0.98713	Q3	1.435931	1.47488	1.368415	1.355314	1.365907	-0.119566	-0.013101	-0.010593	-0.108973	0.092809	3	0.096498	3	0.012078	3	0.002159	3
CMP00349	3	483	3	3	1	1	3	TypeIA_IIAI	0	0	0	0.989492	Q4	1.407819	1.417714	1.39543	1.371261	1.392383	-0.046453	-0.024169	-0.021122	-0.025331	0.014621	3	0.004248	3	7.4e-05	3	0.014202	3
CMP00350	3	470	3	3	1	1	4	TypeIA_IIAI	0	0	1	0.989975	Q3	1.402393	1.444105	1.34871	1.367184	1.664987	-0.076921	0.018474	-0.297803	0.220882	-0.011533	3	-0.011128	3	-0.005174	3	-0.009665	3
CMP00351	3	369	3	1	1	2	0	OutgroupA	0	0	0	0.972512	Q1	1.481872	1.385912	1.418143	1.425917	1.428135	0.040005	0.007774	-0.002218	0.042223	0.029612	3		0	-0.012277	3		0
CMP00352	3	518	3	3	1	1	1	TypeIB2_firmi	1	1	0	0.994336	Q4	1.386105	1.382168	1.357595	1.362032	1.360553	-0.020136	0.004437	0.001479	-0.021615		0		0	0.001545	3	0.00551	3
CMP00353	3	388	3	3	1	1	2	TypeIC1_IC2	0	1	1	0.992095	Q4	1.433077	1.338534	1.266687	1.25851	1.261134	-0.080024	-0.008177	-0.002624	-0.0774	0.007502	3	0.026323	3	-0.010793	3	-0.007343	3
CMP00354	3	668	2	3	1	1	3	TypeIIIA2	0	1	0	0.988895	Q3	1.449097	1.401391	1.381801	1.387569	1.397959	-0.013822	0.005768	-0.01039	-0.003432	0.019717	3	0.008316	3	0.002384	3	-0.00301	3
CMP00355	3	633	3	3	1	1	4	TypeIIIA2	1	1	0	0.99367	Q4	1.362529	1.338831	1.344116	1.327201	1.328448	-0.01163	-0.016915	-0.001247	-0.010383	0.050033	3	0.038129	3	0.014572	3	-0.000342	3
CMP00356	3	479	3	3	1	1	0	TypeIB2_firmi	1	1	1	0.99299	Q4	1.377055	1.336641	1.366037	1.360667	1.336401	0.024026	-0.00537	0.024266	-0.00024	-0.00515	3	-0.005818	3	-0.001391	3	-0.001319	3
CMP00357	3	404	3	3	1	1	1	OutgroupA	0	0	0	0.989881	Q3	1.455751	1.4259	1.418676	1.409947	1.405127	-0.015953	-0.008729	0.00482	-0.020773	0.028854	3	0.026064	3	0.003915	3	0.004638	3
CMP00358	2	286	2	2	1	1	2	TypeIC1_IC2	0	0	0	0.994824	Q4	1.38485	1.32247	1.179555	1.221649	1.316934	-0.100821	0.042094	-0.095285	-0.005536	0.053614	2	0.059925	2	0.02086	2	0.002429	2
CMP00359	2	169	2	2	2	1	3	TypeXIIIC_Mx162	0	0	0	0.964922	Q1	1.454494	1.423972	1.448816	1.484642	1.60489	0.06067	0.035826	-0.120248	0.180918	0.020313	1		0	0.011946	2	-0.035069	2
CMP00360	2	258	2	2	1	1	4	TypeIC1_IC2	1	1	0	0.992805	Q4	1.424288	1.363921	1.391009	1.423702	1.342575	0.059781	0.032693	0.081127	-0.021346	0.016798	2	0.016432	2	-0.004004	2	-0.000351	2
CMP00361	2	440	2	2	1	1	2	Ec107_like	0	1	0	0.964776	Q1	1.387548	1.575474	1.75752	1.427894	1.402468	-0.14758	-0.329626	0.025426	-0.173006	0.069079	2	0.029938	2	0.005698	2	0.000616	2
CMP00362	2	310	2	2	1	1	3	TypeIB1	0	0	0	0.995432	Q4	1.437082	1.408922	1.396576	1.385732	1.34731	-0.02319	-0.010844	0.038422	-0.061612	0.045398	2	0.04542	2	0.006085	2	0.000791	2
CMP00363	2	299	2	2	2	1	4	TypeXIIIC_Mx162	0	0	0	0.97838	Q1	1.389174	1.408427	1.399258	1.383453	1.409794	-0.024974	-0.015805	-0.026341	0.001367	0.020017	2	0.034266	2	-0.018565	2	0.005641	2
CMP00364	2	262	2	2	1	1	0	TypeIC1_IC2	0	1	0	0.992622	Q4	1.439106	1.356701	1.398864	1.390484	1.377365	0.033783	-0.00838	0.013119	0.020664	0.033925	2	0.045508	2	-0.003418	2	0.001414	2
CMP00365	2	259	2	2	1	1	1	OutgroupA	0	0	1	0.988237	Q3	1.47451	1.402816	1.392454	1.388726	1.395643	-0.01409	-0.003728	-0.006917	-0.007173	0.024349	2	0.008495	2	-0.002054	2	-0.00056	2
CMP00366	2	191	2	2	1	1	2	TypeIV	1	1	0	0.990224	Q3	1.464484	1.425081	1.453971	1.444259	1.478746	0.019178	-0.009712	-0.034487	0.053665		0		0	0.015155	2	0.009955	2
CMP00367	2	262	2	2	1	1	3	OutgroupA	1	1	0	0.9879	Q3	1.249896	1.23794	1.204691	1.15873	1.184015	-0.07921	-0.045961	-0.025285	-0.053925	0.01004	2	-0.003972	2	-0.006374	2	0.002219	2
CMP00368	2	260	2	1	1	1	4	TypeIC1_IC2	1	1	1	0.993382	Q4	1.374529	1.341387	1.363465	1.338282	1.297569	-0.003105	-0.025183	0.040713	-0.043818	0.015814	2	0.00092	2	0.0045	2		0
CMP00369	2	270	2	2	1	1	0	OutgroupA	0	1	0	0.989632	Q2	1.356668	1.258631	1.307319	1.300339	1.28329	0.041708	-0.00698	0.017049	0.024659	0.011998	2	0.019092	2	0.003097	2	0.000123	2
CMP00370	2	84	2	1	1	1	1	TypeIX	0	0	0	0.963215	Q1	1.526048	1.456505	1.444283	1.544304	1.506373	0.087799	0.100021	0.037931	0.049868	-0.019901	2	-0.019202	2	-0.025257	2		0
CMP00371	2	514	2	2	1	1	2	TypeIIIA3	0	1	1	0.993619	Q4	1.392787	1.347642	1.368647	1.368133	1.381058	0.020491	-0.000514	-0.012925	0.033416	0.006656	2	0.001415	2	2e-05	2	0.000749	2
CMP00372	2	236	2	1	1	2	3	OutgroupA	0	0	0	0.985929	Q1	1.422787	1.3786	1.376806	1.347973	1.4182	-0.030627	-0.028833	-0.070227	0.0396	0.022546	2	0.030946	1	-0.009779	2		0
CMP00373	2	340	2	2	1	1	4	TypeIIIA2	0	1	0	0.990428	Q3	1.434552	1.391551	1.391837	1.392166	1.335994	0.000615	0.000329	0.056172	-0.055557	0.011875	2	0.021401	2	0.010214	2	0.000136	2
CMP00374	2	308	2	1	1	1	0	TypeXIII_Mx65	0	1	1	0.991408	Q3	1.431899	1.365464	1.378104	1.404877	1.419601	0.039413	0.026773	-0.014724	0.054137		0		0	0.018348	2		0
CMP00375	2	288	2	2	1	1	1	TypeIC1_IC2	0	1	0	0.992904	Q4	1.3673	1.456839	1.406024	1.269855	1.349787	-0.186984	-0.136169	-0.079932	-0.107052	0.068918	2	0.075924	2	0.036978	2	0.009381	2
CMP00376	2	436	2	2	1	1	2	Ec107_like	0	0	0	0.99243	Q4	1.41723	1.527116	1.383115	1.36984	1.372391	-0.157276	-0.013275	-0.002551	-0.154725	0.028338	2	0.022861	2	0.01913	2	0.003865	2
CMP00377	2	198	2	2	1	1	3	TypeIV	0	1	1	0.984534	Q2	1.471866	1.501702	1.403617	1.453301	1.475599	-0.048401	0.049684	-0.022298	-0.026103	-0.000627	2	-0.002576	2	-0.006505	2	0.003936	2
CMP00378	2	304	2	1	1	2	4	TypeIC1_IC2	0	1	0	0.98771	Q4	1.398893	1.344232	1.352298	1.355916	1.38472	0.011684	0.003618	-0.028804	0.040488	0.017905	2	0.025317	2	0.00513	2		0
CMP00379	2	264	2	2	1	1	0	OutgroupA	0	0	0	0.981434	Q2	1.388476	1.335479	1.338244	1.352804	1.377546	0.017325	0.01456	-0.024742	0.042067	0.011662	2	0.019767	1	-0.010627	2	-0.004268	2
CMP00380	2	406	2	2	1	1	1	TypeIIIA2	1	1	1	0.991575	Q3	1.445088	1.424055	1.415158	1.411392	1.419827	-0.012663	-0.003766	-0.008435	-0.004228	0.011044	2	0.022555	2	0.001182	2	0.00044	2
CMP00381	2	602	2	2	1	1	2	TypeIIIA3	1	1	0	0.993636	Q4	1.43037	1.387509	1.393642	1.393469	1.376894	0.00596	-0.000173	0.016575	-0.010615	0.022428	2	0.029164	2	0.002911	2	0.000179	2
CMP00382	2	292	2	2	1	1	3	TypeIB1	0	0	0	0.987561	Q2	1.412138	1.428686	1.40441	1.419642	1.47072	-0.009044	0.015232	-0.051078	0.042034	-0.02116	2	-0.015172	2	-0.01053	2	-0.001133	2
CMP00383	2	428	2	2	1	1	4	TypeIIIA2	0	1	1	0.990732	Q3	1.407592	1.458838	1.409081	1.406891	1.416063	-0.051947	-0.00219	-0.009172	-0.042775	0.027132	2	0.010517	2	-0.002932	2	-0.007016	2
CMP00384	2	354	2	2	1	1	0	TypeIIA3_proteo	0	1	0	0.99338	Q4	1.358507	1.380008	1.379096	1.360626	1.375928	-0.019382	-0.01847	-0.015302	-0.00408	0.044243	2	0.05786	2	0.02188	2	-0.000408	2
CMP00385	2	340	2	2	1	1	1	TypeIA_IIAI	0	0	0	0.991056	Q3	1.378375	1.338996	1.317776	1.317094	1.319267	-0.021902	-0.000682	-0.002173	-0.019729	0.075393	2	0.057891	2	-0.001931	2	0.004867	2
CMP00386	2	265	2	2	1	1	2	OutgroupA	0	1	1	0.987313	Q3	1.410695	1.330541	1.264458	1.208885	1.271249	-0.121656	-0.055573	-0.062364	-0.059292	0.045806	2	0.054042	2	-0.004064	2	0.000712	2
CMP00387	2	274	2	2	1	1	3	OutgroupA	0	1	0	0.988453	Q2	1.441648	1.401038	1.374931	1.346303	1.41956	-0.054735	-0.028628	-0.073257	0.018522	0.045986	2	0.053226	2	0.012003	2	0.001211	2
CMP00388	2	400	2	2	1	2	4	TypeIIA3_firmi	0	1	0	0.990722	Q4	1.345113	1.344604	1.348096	1.302399	1.318873	-0.042205	-0.045697	-0.016474	-0.025731		0		0	0.105433	2		0
CMP00389	2	261	2	2	1	1	0	OutgroupA	0	1	1	0.985121	Q1	1.412423	1.320866	1.352931	1.369307	1.301617	0.048441	0.016376	0.06769	-0.019249	0.005831	2	-0.002234	2	-0.006852	2	-0.004006	2
CMP00390	2	314	2	2	1	1	1	TypeIA_IIAI	0	0	0	0.988255	Q3	1.410303	1.36383	1.349053	1.350597	1.38358	-0.013233	0.001544	-0.032983	0.01975	0.032998	2	0.038541	2	-0.008458	2	-0.002783	2
CMP00391	2	321	2	2	1	1	2	TypeIB2	0	1	0	0.993836	Q4	1.431547	1.365652	1.373031	1.368195	1.382558	0.002543	-0.004836	-0.014363	0.016906	0.002648	2	-0.007177	2	-0.001004	2	-0.000641	2
CMP00392	2	280	2	2	1	1	3	TypeIC1_IC2	0	0	1	0.993974	Q4	1.302054	1.230665	1.251069	1.231504	1.273713	0.000839	-0.019565	-0.042209	0.043048	0.146354	2	0.151556	2	0.086708	2	-0.014163	2
CMP00393	2	354	2	2	1	2	4	TypeIA_IIAI	0	0	0	0.991286	Q3	1.404648	1.412487	1.358026	1.388243	1.340308	-0.024244	0.030217	0.047935	-0.072179	0.004538	2	-0.001523	2	-0.039334	2		0
CMP00394	2	260	2	2	1	1	0	OutgroupA	0	1	0	0.986236	Q2	1.328725	1.253476	1.274688	1.300244	1.268482	0.046768	0.025556	0.031762	0.015006	0.040627	2	0.042219	2	0.008246	2	-0.000577	2
CMP00395	2	318	2	2	1	1	1	TypeIA_IIAI	0	0	1	0.989246	Q3	1.388016	1.325464	1.363092	1.361009	1.334476	0.035545	-0.002083	0.026533	0.009012	0.006105	2	0.02136	2	-0.000374	2	-0.005103	2
CMP00396	2	278	2	1	1	1	2	TypeIX	1	1	0	0.986824	Q3	1.443131	1.430191	1.416229	1.434215	1.437554	0.004024	0.017986	-0.003339	0.007363	0.008722	2	0.007642	2	0.009874	2		0
CMP00397	2	420	2	2	1	1	3	Ec107_like	0	0	0	0.991646	Q4	1.351118	1.332826	1.334572	1.295405	1.332154	-0.037421	-0.039167	-0.036749	-0.000672	0.047823	2	0.048005	2	-0.001237	2	-0.000188	2
CMP00398	2	446	2	2	1	1	4	TypeXIIIB_Ne144	0	1	1	0.980018	Q1	1.414734	1.408007	1.40883	1.403722	1.385842	-0.004285	-0.005108	0.01788	-0.022165	0.031425	2		0	0.012414	2	-7.6e-05	2
CMP00399	2	255	2	2	1	1	0	TypeIC1_IC2	0	1	0	0.991114	Q4	1.431876	1.301015	1.371176	1.377605	1.342219	0.07659	0.006429	0.035386	0.041204	0.005435	2	0.005056	2	-0.003683	2	0.000239	2
CMP00400	2	256	2	2	1	1	1	OutgroupA	0	0	0	0.989108	Q3	1.443647	1.415528	1.414135	1.417987	1.430749	0.002459	0.003852	-0.012762	0.015221	0.034013	2	0.034377	2	0.002342	2	-0.001866	2
CMP00401	2	383	2	2	1	1	2	TypeV	0	1	1	0.989485	Q3	1.451034	1.356926	1.377347	1.377437	1.367097	0.020511	9e-05	0.01034	0.010171	0.018352	2	0.008987	2	0.003502	2	0.003849	2
CMP00402	2	328	2	1	1	1	3	Ec107_like	0	0	0	0.98922	Q3	1.435131	1.446728	1.407322	1.417206	1.43195	-0.029522	0.009884	-0.014744	-0.014778	0.059273	2	0.035214	2	0.03114	2		0
CMP00403	2	364	2	2	1	1	4	TypeIA_IIAI	0	0	0	0.990782	Q3	1.387214	1.462463	1.368255	1.317384	1.333821	-0.145079	-0.050871	-0.016437	-0.128642	0.027537	2	0.020802	2	0.018861	2	0.000477	2
CMP00404	2	252	2	2	1	1	0	OutgroupA	0	1	0	0.990766	Q4	1.369529	1.309383	1.307712	1.289238	1.255297	-0.020145	-0.018474	0.033941	-0.054086	0.041983	2	0.052279	2	0.001608	2	0.005075	2
CMP00405	2	257	2	2	1	2	1	OutgroupA	0	1	0	0.955975	Q1	1.378066	1.350514	1.335697	1.336684	1.36201	-0.01383	0.000987	-0.025326	0.011496	-0.000568	2	0.009032	2	-0.000838	2		0
CMP00406	2	280	2	1	1	2	2	TypeIC1_IC2	0	0	0	0.98856	Q4	1.407284	1.320254	1.499424	1.275329	1.327463	-0.044925	-0.224095	-0.052134	0.007209	0.033542	2	0.031835	1	0.01667	2		0
CMP00407	2	364	2	1	1	1	3	TypeIB2	0	1	1	0.994029	Q4	1.406287	1.416114	1.407969	1.367408	1.939116	-0.048706	-0.040561	-0.571708	0.523002	0.027865	2	0.008322	2	0.002058	2		0
CMP00408	2	299	2	2	1	1	4	TypeIA_IIAI	0	0	0	0.982246	Q1	1.400354	1.47724	1.447687	1.365832	1.41189	-0.111408	-0.081855	-0.046058	-0.06535	0.012087	2		0	0.010773	2	0.02565	2
CMP00409	2	277	2	2	1	1	0	TypeIB1	0	0	0	0.992918	Q4	1.448229	1.359191	1.368265	1.396412	1.273528	0.037221	0.028147	0.122884	-0.085663	0.023866	2	0.019748	2	0.009523	2	-0.004506	2
CMP00410	2	319	2	2	1	1	1	TypeIA_IIAI	0	0	1	0.991148	Q3	1.427051	1.401174	1.391727	1.369827	1.372549	-0.031347	-0.0219	-0.002722	-0.028625	0.018748	2	0.014376	2	-1e-06	2	-0.005643	2
CMP00411	2	254	2	2	1	1	2	TypeIC1_IC2	0	1	0	0.995386	Q4	1.428624	1.307706	1.302821	1.285215	1.28084	-0.022491	-0.017606	0.004375	-0.026866	0.06687	2	0.031078	2	-0.0062	2	-0.001113	2
CMP00412	2	535	2	2	1	1	3	TypeIIIA3	0	0	0	0.992058	Q4	1.395411	1.387427	1.348073	1.345521	1.348991	-0.041906	-0.002552	-0.00347	-0.038436	0.01083	2	0.018003	2	-0.00122	2	0.000211	2
CMP00413	2	474	2	2	1	1	4	TypeIIIA2	1	1	1	0.991412	Q4	1.39484	1.407916	1.412091	1.390526	1.36308	-0.01739	-0.021565	0.027446	-0.044836	0.00542	2	0.016167	2	-0.023458	2	-0.004583	2
CMP00414	2	282	2	1	1	1	0	TypeIIA2	0	0	0	0.97447	Q1	1.443271	1.411161	1.477404	1.47415	1.544976	0.062989	-0.003254	-0.070826	0.133815		0		0	0.048229	2		0
CMP00415	2	364	2	2	1	1	1	TypeIA_IIAI	0	0	0	0.989726	Q3	1.407165	1.311301	1.383028	1.366444	1.366627	0.055143	-0.016584	-0.000183	0.055326	0.000828	2	0.007282	2	0.00335	2	0.003377	2
CMP00416	2	265	2	2	1	1	2	TypeIIIA1	0	1	0	0.990976	Q3	1.440192	1.374869	1.377197	1.360924	1.367356	-0.013945	-0.016273	-0.006432	-0.007513	0.025859	2		0	0.025859	2	-0.004574	2
CMP00417	2	436	2	2	1	1	3	TypeXIIIB_Ne144	0	0	0	0.984795	Q2	1.413588	1.421	1.391745	1.405928	1.403619	-0.015072	0.014183	0.002309	-0.017381	0.023212	2	0.017209	1	0.00164	2	0.00816	2
CMP00418	2	410	2	2	1	1	4	TypeIB2	1	1	0	0.993598	Q4	1.398502	1.419836	1.341338	1.361681	1.39705	-0.058155	0.020343	-0.035369	-0.022786	0.015907	2	0.00352	2	-0.000693	2	0.000858	2
CMP00419	2	262	2	1	1	1	0	TypeIIIA1	0	0	1	0.989592	Q2	1.428398	1.393175	1.430432	1.442151	1.39162	0.048976	0.011719	0.050531	-0.001555	-0.005705	2	0.00582	1	-0.009628	2		0
CMP00420	2	308	2	2	1	1	1	TypeIB2	0	1	0	0.993636	Q4	1.430523	1.393219	1.382202	1.393027	1.380988	-0.000192	0.010825	0.012039	-0.012231	-0.000722	2	0.001613	2	-0.001201	2	2.8e-05	2
CMP00421	2	458	2	2	1	1	2	TypeXIIIB_Ne144	0	1	0	0.983792	Q2	1.413974	1.291679	1.279933	1.266139	1.266397	-0.02554	-0.013794	-0.000258	-0.025282	0.034862	2		0	0.020883	2	-0.001577	2
CMP00422	2	258	2	2	1	1	3	OutgroupA	0	0	0	0.98462	Q3	1.34765	1.333276	1.268471	1.263335	1.311309	-0.069941	-0.005136	-0.047974	-0.021967	0.035628	2		0	0.006175	2	-0.003007	2
CMP00423	2	508	2	2	1	2	4	TypeIIIA3	0	1	0	0.99044	Q3	1.415748	1.387425	1.391705	1.385492	1.347802	-0.001933	-0.006213	0.03769	-0.039623	0.03093	2	0.006557	2	-0.00253	2		0
CMP00424	2	246	2	2	1	1	0	OutgroupA	0	1	0	0.98565	Q2	1.42735	1.386941	1.379437	1.362908	1.31494	-0.024033	-0.016529	0.047968	-0.072001	0.015905	2	0.007776	2	0.007888	2	0.001912	2
CMP00425	2	290	2	2	1	1	1	TypeIIIA1	0	0	0	0.988972	Q3	1.438711	1.414754	1.426374	1.431666	1.452028	0.016912	0.005292	-0.020362	0.037274	0.01791	2	0.020779	2	0.009065	2	0.010041	2
CMP00426	2	343	2	2	1	1	2	TypeIIA3_proteo	0	1	0	0.989928	Q4	1.450651	1.465811	1.426359	1.472803	1.459727	0.006992	0.046444	0.013076	-0.006084	0.004609	2	-0.005811	2	0.002295	2	-0.010624	2
CMP00427	2	188	2	1	1	2	3	TypeXIIIC_Mx162	0	0	0	0.939958	Q1	1.491281	1.428804	1.448294	1.453994	1.440144	0.02519	0.0057	0.01385	0.01134		0		0	0.015892	2		0
CMP00428	2	272	2	2	1	1	4	OutgroupA	0	1	1	0.985831	Q2	1.342474	1.492376	1.309021	1.304866	1.337032	-0.18751	-0.004155	-0.032166	-0.155344	0.059569	2	0.073882	2	0.036294	2	-0.002744	2
CMP00429	2	261	2	2	1	1	0	OutgroupA	0	1	0	0.981233	Q1	1.431194	1.374725	1.362612	1.379054	1.322228	0.004329	0.016442	0.056826	-0.052497	0.011381	2	0.011997	2	0.000945	2	-0.001833	2
CMP00430	2	592	2	2	1	1	1	TypeIIIA3	0	1	0	0.988898	Q3	1.4243	1.411864	1.422498	1.393144	1.414002	-0.01872	-0.029354	-0.020858	0.002138	0.00669	2	0.007894	2	-0.001827	2	-0.000474	2
CMP00431	2	262	2	1	1	2	2	OutgroupA	0	1	1	0.987404	Q3	1.420759	1.24626	1.251413	1.29282	1.223895	0.04656	0.041407	0.068925	-0.022365	0.021241	2	-0.004664	1	0.015461	2		0
CMP00432	2	305	2	2	1	1	3	TypeIA_IIAI	0	0	0	0.990465	Q3	1.458659	1.40644	1.403931	1.397075	1.381364	-0.009365	-0.006856	0.015711	-0.025076	-0.00145	2	-0.008781	2	-0.006093	2	-0.003041	2
CMP00433	2	403	2	2	1	1	4	TypeV	0	1	0	0.993724	Q4	1.405973	1.420322	1.350138	1.355197	1.380087	-0.065125	0.005059	-0.02489	-0.040235	0.009647	2	0.000656	2	0.001851	2	0.000173	2
CMP00434	2	285	2	2	1	1	0	TypeIC1_IC2	0	0	0	0.99259	Q4	1.435496	1.357755	1.382105	1.398855	1.404978	0.0411	0.01675	-0.006123	0.047223	0.01681	2	0.037899	2	0.00173	2	0.000253	2
CMP00435	2	258	2	2	1	1	1	OutgroupA	0	1	0	0.985981	Q2	1.4247	1.375435	1.368354	1.36845	1.380946	-0.006985	9.6e-05	-0.012496	0.005511	-0.003271	2	-0.00253	2	-0.001762	2	0.000206	2
CMP00436	2	261	2	2	1	2	2	TypeIC1_IC2	0	1	0	0.978974	Q1	1.431099	1.156114	1.234444	1.256567	1.092386	0.100453	0.022123	0.164181	-0.063728	-0.083633	2	-0.064112	1	-0.095076	2		0
CMP00437	2	401	2	2	1	1	3	TypeIIIA2	0	1	1	0.99186	Q4	1.40719	1.363625	1.356997	1.354822	1.360377	-0.008803	-0.002175	-0.005555	-0.003248	0.054928	2	0.064153	2	0.017501	2	0.006037	2
CMP00438	2	258	2	2	1	1	4	OutgroupA	0	1	0	0.9921	Q4	1.300124	1.179103	1.168668	1.150152	1.039674	-0.028951	-0.018516	0.110478	-0.139429	0.016788	2	0.012576	2	0.000937	2	0.003071	2
CMP00439	2	250	2	1	1	1	0	TypeIB2_firmi	0	0	0	0.99323	Q4	1.459469	1.450102	1.441512	1.474868	1.531516	0.024766	0.033356	-0.056648	0.081414	0.009035	2	0.008568	2	0.008928	2		0
CMP00440	2	402	2	2	1	2	1	TypeXIIIA_firmi	0	1	1	0.975082	Q3	1.415741	1.411833	1.391092	1.39502	1.392579	-0.016813	0.003928	0.002441	-0.019254	-0.000726	2		0	-0.010006	2		0
CMP00441	2	236	2	2	1	1	2	OutgroupA	1	1	0	0.986738	Q2	1.441034	1.248587	1.245924	1.321696	1.32056	0.073109	0.075772	0.001136	0.071973	0.016384	2	0.006947	2	0.005356	2	-0.003685	2
CMP00442	2	451	2	2	1	1	3	TypeXIIIA_firmi	0	0	0	0.987538	Q4	1.443906	1.447106	1.407446	1.394837	1.410463	-0.052269	-0.012609	-0.015626	-0.036643		0		0	-0.000331	2	-0.000331	2
CMP00443	2	288	2	1	1	1	4	TypeIIA3_proteo	0	0	1	0.984423	Q2	1.451847	1.421492	1.418501	1.434273	1.442642	0.012781	0.015772	-0.008369	0.02115	-0.038986	2	-0.039384	2	-0.043091	2		0
CMP00444	2	251	2	2	1	1	0	OutgroupA	0	1	0	0.983202	Q2	1.338126	1.247829	1.287413	1.257636	1.240926	0.009807	-0.029777	0.01671	-0.006903	0.034138	2	0.04908	2	-0.009463	2	-0.008643	2
CMP00445	2	263	2	2	1	1	1	TypeIC1_IC2	0	1	0	0.991462	Q3	1.356098	1.412279	1.345367	1.32079	1.451348	-0.091489	-0.024577	-0.130558	0.039069	0.066718	2	0.037569	2	-0.022162	2	-0.010446	2
CMP00446	2	480	2	2	1	1	2	TypeIIIA3	0	1	1	0.99251	Q4	1.430567	1.409557	1.395006	1.408548	1.414168	-0.001009	0.013542	-0.00562	0.004611	0.004313	2	0.010099	2	0.005108	2	0.002076	2
CMP00447	2	253	2	2	1	1	3	OutgroupA	0	0	0	0.985911	Q1	1.359097	1.330791	1.254774	1.252356	1.341143	-0.078435	-0.002418	-0.088787	0.010352	0.023977	2	0.014452	2	0.004188	2	0.009181	2
CMP00448	2	271	2	2	1	1	4	OutgroupA	0	0	0	0.983601	Q2	1.374563	1.391887	1.331117	1.399057	1.348225	0.00717	0.06794	0.050832	-0.043662	-0.033228	2	-0.02089	2	-0.002699	2	0.006338	2
CMP00449	2	261	2	2	1	1	0	OutgroupA	0	1	0	0.980682	Q1	1.422064	1.360757	1.379294	1.35	1.315658	-0.010757	-0.029294	0.034342	-0.045099	0.035689	2	0.026491	2	0.007754	2	-0.006018	2
CMP00450	2	259	2	2	1	2	1	Ec107_like	0	1	0	0.9818	Q2	1.432131	1.386357	1.368758	1.36633	1.401998	-0.020027	-0.002428	-0.035668	0.015641	0.047335	2	0.017798	2	0.024659	2		0
CMP00451	2	287	2	2	1	1	2	TypeIC1_IC2	0	1	0	0.990442	Q4	1.418082	1.368304	1.282721	1.25344	1.245969	-0.114864	-0.029281	0.007471	-0.122335	0.026056	2	0.032417	2	0.000706	2	-0.015279	2
CMP00452	2	260	2	2	1	1	3	OutgroupA	0	1	1	0.987759	Q2	1.300039	1.328095	1.217531	1.20195	1.340977	-0.126145	-0.015581	-0.139027	0.012882	0.032887	2	0.012038	2	-0.009126	2	-0.001507	2
CMP00453	2	347	2	2	1	1	4	TypeIIIA2	0	1	0	0.992928	Q4	1.390931	1.381773	1.365946	1.384678	1.344737	0.002905	0.018732	0.039941	-0.037036	0.007591	2	0.018983	2	-0.008962	2	0.000779	2
CMP00454	2	510	2	2	1	1	0	TypeIIIA3	0	1	0	0.992876	Q4	1.428395	1.386151	1.423042	1.40577	1.426753	0.019619	-0.017272	-0.020983	0.040602	0.005033	2	2.3e-05	2	-0.004432	2	-0.00583	2
CMP00455	2	275	2	2	1	1	1	TypeIIA3_proteo	0	1	1	0.988832	Q3	1.43659	1.369546	1.379477	1.374189	1.385652	0.004643	-0.005288	-0.011463	0.016106	0.041337	2		0	0.010626	2	0.002571	2
CMP00456	2	362	2	2	1	1	2	TypeIA_IIAI	1	1	0	0.987713	Q2	1.416432	1.355679	1.370463	1.357931	1.398229	0.002252	-0.012532	-0.040298	0.04255	0.010815	2	0.003185	2	-0.004412	2	-0.001708	2
CMP00457	2	362	2	1	1	1	3	TypeIC1_IC2	0	0	0	0.984232	Q2	1.378579	1.295728	1.273773	1.206507	1.303042	-0.089221	-0.067266	-0.096535	0.007314	0.03502	2		0	0.002631	2		0
CMP00458	2	235	2	2	2	1	4	TypeIX	0	0	1	0.987574	Q2	1.44621	1.428335	1.450112	1.473672	1.480912	0.045337	0.02356	-0.00724	0.052577	-0.004382	1	-0.000826	1	0.00223	2	0.000323	2
CMP00459	2	350	2	1	1	2	0	TypeIIIA2	0	1	0	0.990326	Q3	1.383694	1.341223	1.445586	1.373681	1.352248	0.032458	-0.071905	0.021433	0.011025	0.005532	2	0.012468	1	0.00017	2		0
CMP00460	2	302	2	2	1	1	1	TypeIB1	0	1	0	0.986342	Q1	1.420489	1.42666	1.414448	1.411068	1.444311	-0.015592	-0.00338	-0.033243	0.017651	0.012954	2	0.016436	2	0.003322	2	0.003245	2
CMP00461	2	342	2	1	1	1	2	TypeXIII_Mx65	0	0	1	0.984316	Q2	1.42154	1.411556	1.379508	1.4335	1.401102	0.021944	0.053992	0.032398	-0.010454	0.004572	2		0	0.004572	2		0
CMP00462	2	260	2	2	2	1	3	OutgroupA	0	0	0	0.979899	Q1	1.4059	1.432104	1.379327	1.415245	1.433243	-0.016859	0.035918	-0.017998	0.001139	-0.043334	2	-0.046735	1	-0.049412	2	-0.000596	2
CMP00463	2	264	2	1	1	2	4	Ec107_like	0	0	0	0.981955	Q1	1.411277	1.538821	1.429358	1.417194	1.58806	-0.121627	-0.012164	-0.170866	0.049239	0.051715	2	0.05122	2	0.015745	2		0
CMP00464	2	308	2	2	1	1	0	TypeIB2_firmi	0	1	1	0.986776	Q2	1.398177	1.301666	1.293674	1.297868	1.306366	-0.003798	0.004194	-0.008498	0.0047	0.019462	2		0	0.01824	2	-0.000214	2
CMP00465	2	218	2	1	1	2	1	TypeIX	0	0	0	0.98346	Q2	1.490145	1.459719	1.45243	1.444616	1.473416	-0.015103	-0.007814	-0.0288	0.013697	0.01107	2		0	-0.020144	2		0
CMP00466	2	257	2	2	1	1	2	TypeIC1_IC2	0	1	0	0.994294	Q4	1.433316	1.303323	1.230891	1.203773	1.243749	-0.09955	-0.027118	-0.039976	-0.059574	0.034666	2	0.038206	2	0.022551	2	0.02053	2
CMP00467	2	315	2	2	1	1	3	TypeIIIA2	0	1	1	0.988182	Q3	1.451823	1.407307	1.428662	1.450706	1.413409	0.043399	0.022044	0.037297	0.006102	-0.033134	2	-0.037711	2	-0.023428	2	0.001722	2
CMP00468	2	378	2	2	1	1	4	TypeIA_IIAI	0	0	0	0.99194	Q3	1.40276	1.340234	1.36389	1.317407	1.29433	-0.022827	-0.046483	0.023077	-0.045904	0.025623	2	0.018492	2	0.005335	2	0.011217	2
CMP00469	2	242	2	2	1	1	0	OutgroupA	0	1	0	0.975912	Q1	1.390446	1.327108	1.366784	1.425385	1.415309	0.098277	0.058601	0.010076	0.088201	-0.047905	2	-0.010653	2	-0.001209	2	-0.000563	2
CMP00470	2	262	2	2	1	2	1	OutgroupA	0	1	1	0.978979	Q1	1.420514	1.384629	1.37783	1.36416	1.384821	-0.020469	-0.01367	-0.020661	0.000192	0.014915	2	0.020466	2	0.001287	2		0
CMP00471	2	358	2	2	1	1	2	TypeIA_IIAI	0	0	0	0.991177	Q4	1.40194	1.348195	1.371325	1.348272	1.389728	7.7e-05	-0.023053	-0.041456	0.041533	0.012799	2	0.015425	2	0.003203	2	0.002148	2
CMP00472	2	448	2	2	1	1	3	TypeXIIIB_Ne144	1	1	0	0.98668	Q2	1.388787	1.394001	1.385997	1.379098	1.397166	-0.014903	-0.006899	-0.018068	0.003165	0.042394	2		0	0.017746	2	0.003415	2
CMP00473	2	260	2	2	1	2	4	TypeIX	0	1	1	0.990836	Q4	1.419481	1.415739	1.403837	1.377917	1.437966	-0.037822	-0.02592	-0.060049	0.022227		0		0	0.037213	2		0
CMP00474	2	281	2	2	1	1	0	TypeIC1_IC2	1	1	0	0.993906	Q4	1.410935	1.329761	1.379575	1.384065	1.33926	0.054304	0.00449	0.044805	0.009499	0.020852	2	0.032187	2	0.003158	2	0.000749	2
CMP00475	2	236	2	2	1	1	1	TypeIA_IIAI	0	0	0	0.988969	Q3	1.441302	1.502485	1.418022	1.403066	1.443365	-0.099419	-0.014956	-0.040299	-0.05912	0.018205	2	0.006897	2	0.005792	2	0.009818	2
CMP00476	2	276	2	1	1	1	2	TypeIX	1	1	1	0.987192	Q2	1.42561	1.406777	1.430651	1.42969	1.413447	0.022913	-0.000961	0.016243	0.00667	-0.008322	2	-0.004006	2	-0.0071	2		0
CMP00477	2	255	2	2	1	1	3	OutgroupA	0	1	0	0.98817	Q2	1.368955	1.361626	1.309416	1.329071	1.29365	-0.032555	0.019655	0.035421	-0.067976	-0.001164	2	-0.002429	2	-0.001022	2	-0.017383	2
CMP00478	2	328	2	1	1	1	4	TypeIA_IIAI	0	0	0	0.988589	Q3	1.3955	1.336443	1.272331	1.255591	1.301552	-0.080852	-0.01674	-0.045961	-0.034891	0.010292	2	0.000449	2	-0.005863	2		0
CMP00479	2	259	2	2	1	2	0	OutgroupA	0	0	1	0.962572	Q1	1.395129	1.326242	1.370319	1.35149	1.358406	0.025248	-0.018829	-0.006916	0.032164	-0.011076	2		0	-0.017639	2		0
CMP00480	2	352	2	1	1	2	1	TypeIB2	0	1	0	0.992446	Q3	1.423657	1.398545	1.3703	1.388276	1.369167	-0.010269	0.017976	0.019109	-0.029378	-0.009165	2	-0.010948	2	-0.004878	2		0
CMP00481	2	253	2	2	2	1	2	TypeIIA3_proteo	0	1	0	0.983255	Q2	1.41278	1.450724	1.412517	1.43466	1.433098	-0.016064	0.022143	0.001562	-0.017626	0.010484	2		0	-0.00184	2	-0.01366	2
CMP00482	2	311	2	2	1	1	3	TypeIA_IIAI	0	0	1	0.990906	Q3	1.399134	1.367657	1.357616	1.371547	1.378057	0.00389	0.013931	-0.00651	0.0104	0.005393	2	0.018601	2	0.004408	2	-0.000262	2
CMP00483	2	374	2	2	1	1	4	Ec107_like	0	1	0	0.986103	Q2	1.396167	1.350606	1.364447	1.352084	1.318094	0.001478	-0.012363	0.03399	-0.032512	0.013938	2	0.015967	2	0.007496	2	0.00118	2
CMP00484	2	396	2	1	1	1	0	TypeIB2	1	1	0	0.994766	Q4	1.405863	1.66283	1.368331	1.34173	1.465612	-0.3211	-0.026601	-0.123882	-0.197218	0.011736	2	0.009824	2	0.007011	2		0
CMP00485	2	289	2	2	1	1	1	TypeIX	0	1	1	0.990446	Q3	1.422083	1.42863	1.407002	1.399639	1.420508	-0.028991	-0.007363	-0.020869	-0.008122	0.005924	2	0.012533	2	0.001869	2	0.005663	2
CMP00486	2	351	2	2	1	1	2	TypeIIIA2	1	1	0	0.992768	Q4	1.442252	1.332995	1.341762	1.377148	1.348471	0.044153	0.035386	0.028677	0.015476	-0.024122	2	0.003629	2	-0.020153	2	0.003408	2
CMP00487	2	260	2	2	1	1	3	OutgroupA	0	1	0	0.982688	Q4	1.359832	1.318925	1.271952	1.218594	1.289732	-0.100331	-0.053358	-0.071138	-0.029193	0.049478	2	0.027193	2	0.028702	2	0.003407	2
CMP00488	2	268	2	1	1	2	4	TypeIC1_IC2	0	0	1	0.985344	Q2	1.419584	1.327006	1.356151	1.369814	1.330158	0.042808	0.013663	0.039656	0.003152	0.011845	2	0.004022	2	-0.008658	2		0
CMP00489	2	257	2	2	1	1	0	OutgroupA	0	1	0	0.983732	Q1	1.380087	1.314404	1.327707	1.325431	1.270509	0.011027	-0.002276	0.054922	-0.043895	0.027945	2	0.019673	2	0.009211	2	0.001106	2
CMP00490	2	594	2	2	1	1	1	TypeIIIA3	0	0	0	0.984394	Q2	1.390306	1.38727	1.371209	1.378642	1.380623	-0.008628	0.007433	-0.001981	-0.006647	0.001744	2	0.008494	2	0.00014	2	0.000541	2
CMP00491	2	286	2	2	1	1	2	TypeIC1_IC2	0	0	1	0.993564	Q4	1.439681	1.569547	1.305381	1.300645	1.477002	-0.268902	-0.004736	-0.176357	-0.092545	0.045765	2	0.043256	2	0.002414	2	-0.003819	2
CMP00492	2	260	2	2	1	1	3	TypeIB1	0	1	0	0.990045	Q4	1.38615	1.349649	1.340216	1.346833	1.300518	-0.002816	0.006617	0.046315	-0.049131	0.087936	2	0.104291	2	0.019011	2	0.006455	2
CMP00493	2	315	2	2	1	1	4	TypeIA_IIAI	0	1	0	0.989608	Q3	1.388093	1.221465	1.23728	1.252685	1.148184	0.03122	0.015405	0.104501	-0.073281	-0.01015	2	0.005723	2	-0.025909	2	-0.000833	2
CMP00494	1	126	1	1	1	1	0	TypeIA_IIAI	0	0	1	0.986369	Q2	1.428094	1.456756	1.380452	1.330545	1.359227	-0.126211	-0.049907	-0.028682	-0.097529	0.057857	1	0.039288	1	0.02771	1		0
CMP00495	1	158	1	1	1	1	1	TypeIB2_firmi	0	0	0	0.993575	Q4	1.345905	1.370523	1.337777	1.357692	1.360603	-0.012831	0.019915	-0.002911	-0.00992		0		0	0.000678	1		0
CMP00496	1	152	1	1	1	1	0	TypeIA_IIAI	0	0	1	0.988658	Q3	1.354894	1.393946	1.349452	1.389484	1.383751	-0.004462	0.040032	0.005733	-0.010195	-0.012424	1	-0.003204	1	-0.032062	1		0
CMP00497	1	119	1	1	1	1	1	TypeIX	0	0	0	0.976201	Q1	1.431722	1.43318	1.427736	1.458079	1.434494	0.024899	0.030343	0.023585	0.001314	0.006538	1		0	0.000239	1		0
CMP00498	1	134	1	1	1	1	2	TypeIC1_IC2	0	1	0	0.993463	Q4	1.415455	1.388679	1.346682	1.300358	1.46406	-0.088321	-0.046324	-0.163702	0.075381	0.063686	1	0.053992	1	-0.003805	1		0
CMP00499	1	124	1	1	1	1	3	OutgroupA	0	0	1	0.984803	Q2	1.382845	1.36929	1.300091	1.298084	1.27909	-0.071206	-0.002007	0.018994	-0.0902	-0.011785	1	-0.000256	1	4.1e-05	1		0
CMP00500	1	146	1	1	1	1	4	TypeIB1	0	0	0	0.991636	Q4	1.355994	1.26155	1.251178	1.269859	1.175047	0.008309	0.018681	0.094812	-0.086503	0.018897	1	0.022962	1	0.012572	1		0
CMP00501	1	135	1	1	1	1	0	TypeIA_IIAI	0	0	0	0.9857	Q2	1.313534	1.495778	1.377872	1.362513	1.506712	-0.133265	-0.015359	-0.144199	0.010934	0.003136	1		0	-0.011387	1		0
CMP00502	1	92	1	1	1	1	1	TypeIIA2	0	0	1	0.965046	Q1	1.495163	1.457179	1.425567	1.446161	1.425826	-0.011018	0.020594	0.020335	-0.031353		0		0	-0.003798	1		0
CMP00503	1	168	1	1	1	1	2	Ec107_like	0	1	0	0.988894	Q3	1.416959	1.391836	1.385997	1.423847	1.322489	0.032011	0.03785	0.101358	-0.069347	0.016981	1	0.020618	1	0.0755	1		0
CMP00504	1	145	1	1	1	1	3	TypeIC1_IC2	0	0	0	0.99232	Q4	1.452324	1.521621	1.437025	1.342645	1.412822	-0.178976	-0.09438	-0.070177	-0.108799	0.040394	1	0.002571	1	0.041291	1		0
CMP00505	1	126	1	1	1	1	4	OutgroupA	1	1	1	0.989775	Q3	1.415636	1.279285	1.204897	1.20598	1.166847	-0.073305	0.001083	0.039133	-0.112438	0.026949	1	0.052795	1	0.017045	1		0
CMP00506	1	131	1	1	1	1	0	TypeIA_IIAI	0	0	0	0.986639	Q2	1.44867	1.595182	1.409833	1.355219	1.440315	-0.239963	-0.054614	-0.085096	-0.154867	0.026419	1		0	0.016296	1		0
CMP00507	1	276	1	1	1	1	1	TypeIIIA3	1	1	0	0.993318	Q4	1.433671	1.40828	1.408218	1.396254	1.404634	-0.012026	-0.011964	-0.00838	-0.003646	0.032167	1	0.014529	1	0.000965	1		0
CMP00508	1	180	1	1	1	1	2	TypeIB2	1	1	1	0.993878	Q4	1.416188	1.456331	1.388996	1.391608	1.450507	-0.064723	0.002612	-0.058899	-0.005824	0.061547	1	0.016683	1	0.007425	1		0
CMP00509	1	129	1	1	1	1	3	TypeIC1_IC2	0	0	0	0.992331	Q4	1.298137	1.178539	1.201094	1.111417	1.099592	-0.067122	-0.089677	0.011825	-0.078947	0.019616	1		0	-0.013413	1		0
CMP00510	1	173	1	1	1	1	4	TypeIB2_firmi	0	1	0	0.989221	Q3	1.349323	1.299882	1.283478	1.293086	1.364586	-0.006796	0.009608	-0.0715	0.064704		0		0	0.016575	1		0
CMP00511	1	224	1	1	1	1	0	TypeXIIIB_Ne144	0	1	1	0.983298	Q2	1.435287	1.346625	1.388121	1.330645	1.279713	-0.01598	-0.057476	0.050932	-0.066912	0.058532	1	0.043892	1	0.048401	1		0
CMP00512	1	182	1	1	1	1	1	TypeIB2_firmi	0	0	0	0.995538	Q4	1.404516	1.402157	1.405965	1.389447	1.400688	-0.01271	-0.016518	-0.011241	-0.001469		0		0	0.003448	1		0
CMP00513	1	84	1	1	1	1	2	OutgroupA	0	0	0	0.97542	Q1	1.432231	1.299511	1.238992	1.307379	1.317213	0.007868	0.068387	-0.009834	0.017702	0.076796	1		0	0.087406	1		0
CMP00514	1	148	1	1	1	1	3	TypeIC1_IC2	0	0	1	0.992948	Q4	1.339188	1.312063	1.29289	1.24434	1.347989	-0.067723	-0.04855	-0.103649	0.035926	0.020113	1	-0.003659	1	0.004346	1		0
CMP00515	1	138	1	1	1	1	4	TypeXIII_Mx65	0	0	0	0.981637	Q1	1.435787	1.416944	1.483723	1.422666	1.492887	0.005722	-0.061057	-0.070221	0.075943	-0.024407	1	-0.011939	1	-0.042974	1		0
CMP00516	1	134	1	1	1	1	0	TypeIA_IIAI	0	0	0	0.991162	Q4	1.359946	1.418289	1.37413	1.337852	1.369195	-0.080437	-0.036278	-0.031343	-0.049094	-0.016634	1	-0.035733	1	-0.02317	1		0
CMP00517	1	135	1	1	1	1	1	OutgroupA	0	1	1	0.989187	Q3	1.37738	1.366847	1.338798	1.366695	1.357832	-0.000152	0.027897	0.008863	-0.009015	0.000654	1	-0.00448	1	-0.005066	1		0
CMP00518	1	131	1	1	1	1	2	TypeIC1_IC2	0	1	0	0.993346	Q4	1.440841	1.34775	1.165506	1.115722	1.174995	-0.232028	-0.049784	-0.059273	-0.172755	0.048783	1	0.055636	1	0.050884	1		0
CMP00519	1	131	1	1	1	1	3	OutgroupA	1	1	0	0.991258	Q4	1.300648	1.239006	1.187795	1.167139	1.201268	-0.071867	-0.020656	-0.034129	-0.037738	-0.001626	1	-0.003586	1	-0.004791	1		0
CMP00520	1	149	1	1	1	1	4	Ec107_like	0	0	1	0.994154	Q4	1.394556	1.439775	1.339706	1.358049	1.383586	-0.081726	0.018343	-0.025537	-0.056189	0.036007	1	0.069864	1	0.003722	1		0
CMP00521	1	96	1	1	1	1	0	TypeIV	0	0	0	0.994093	Q4	1.457523	1.417064	1.426469	1.355255	1.444478	-0.061809	-0.071214	-0.089223	0.027414		0		0	0.035003	1		0
CMP00522	1	117	1	1	1	1	1	TypeIIA3_proteo	0	0	0	0.946027	Q1	1.417889	1.39728	1.391533	1.44432	1.458084	0.04704	0.052787	-0.013764	0.060804	0.073927	1		0	0.073915	1		0
CMP00523	1	161	1	1	1	1	2	TypeIIIA2	0	0	1	0.987866	Q3	1.413188	1.428972	1.4085	1.368875	1.421863	-0.060097	-0.039625	-0.052988	-0.007109	0.094217	1	0.090233	1	0.037988	1		0
CMP00524	1	117	1	1	1	1	3	TypeIA_IIAI	0	0	0	0.98621	Q2	1.48756	1.417017	1.456666	1.42023	1.442387	0.003213	-0.036436	-0.022157	0.02537	0.034618	1	0.060251	1	0.000714	1		0
CMP00525	1	179	1	1	1	1	4	TypeIA_IIAI	0	0	0	0.990782	Q3	1.374546	1.325425	1.250124	1.274283	1.257747	-0.051142	0.024159	0.016536	-0.067678	0.029885	1	0.013381	1	0.001605	1		0
CMP00526	1	130	1	1	1	1	0	OutgroupA	0	1	1	0.965456	Q1	1.312273	1.244117	1.265917	1.297486	1.241048	0.053369	0.031569	0.056438	-0.003069	-0.015137	1		0	-0.024471	1		0
CMP00527	1	132	1	1	1	1	1	TypeIC1_IC2	0	1	0	0.996431	Q4	1.358275	1.367796	1.319834	1.298243	1.315259	-0.069553	-0.021591	-0.017016	-0.052537	0.021697	1	0.006046	1	0.000918	1		0
CMP00528	1	201	1	1	1	1	2	Ec107_like	0	0	0	0.978293	Q1	1.427238	1.556867	1.437167	1.448942	1.430584	-0.107925	0.011775	0.018358	-0.126283	0.008692	1	0.047	1	0.054745	1		0
CMP00529	1	144	1	1	1	1	3	TypeIC1_IC2	0	1	0	0.99059	Q3	1.3301	1.313271	1.338859	1.208661	1.302267	-0.10461	-0.130198	-0.093606	-0.011004	0.006127	1		0	-0.00246	1		0
CMP00530	1	148	1	1	1	1	4	TypeIC1_IC2	0	0	0	0.99257	Q4	1.376261	1.34042	1.342719	1.355016	1.250394	0.014596	0.012297	0.104622	-0.090026	0.025163	1	0.028074	1	0.003593	1		0
CMP00531	1	232	1	1	1	1	0	TypeIIIA3	0	0	0	0.983188	Q2	1.427523	1.389157	1.395098	1.378183	1.40105	-0.010974	-0.016915	-0.022867	0.011893	0.011887	1	0.002558	1	0.0074	1		0
CMP00532	1	132	1	1	1	1	1	OutgroupA	0	1	1	0.984053	Q2	1.378922	1.38326	1.344009	1.350483	1.349574	-0.032777	0.006474	0.000909	-0.033686	0.006417	1	0.007933	1	0.00262	1		0
CMP00533	1	133	1	1	1	1	2	TypeIIIA1	0	0	0	0.987429	Q2	1.434423	1.404831	1.375745	1.440281	1.435302	0.03545	0.064536	0.004979	0.030471	-0.002995	1		0	-0.002995	1		0
CMP00534	1	132	1	1	1	1	3	OutgroupA	0	0	0	0.964536	Q1	1.318671	1.325064	1.375145	1.190964	1.211743	-0.1341	-0.184181	-0.020779	-0.113321	0.021852	1		0	0.006985	1		0
CMP00535	1	204	1	1	1	1	4	TypeXIIIA_firmi	0	0	1	0.972123	Q1	1.338199	1.334036	1.305419	1.299703	1.323924	-0.034333	-0.005716	-0.024221	-0.010112	0.110886	1	0.013565	1	0.006701	1		0
CMP00536	1	173	1	1	1	1	0	TypeIA_IIAI	0	0	0	0.989522	Q3	1.394431	1.390875	1.347532	1.351898	1.397214	-0.038977	0.004366	-0.045316	0.006339	0.011215	1	-0.008087	1	-0.008065	1		0
CMP00537	1	153	1	1	1	1	1	OutgroupB	0	0	0	0.9818	Q1	1.366879	1.368088	1.387519	1.332202	1.366318	-0.035886	-0.055317	-0.034116	-0.00177	0.005847	1	0.006101	1	0.005691	1		0
CMP00538	1	279	1	1	1	1	2	TypeIIIA3	0	1	1	0.993182	Q4	1.426844	1.374483	1.368307	1.382158	1.383901	0.007675	0.013851	-0.001743	0.009418	0.017355	1	0.012117	1	0.012824	1		0
CMP00539	1	136	1	1	1	1	3	OutgroupA	1	1	0	0.973833	Q1	1.273314	1.234582	1.1899	1.168517	1.211148	-0.066065	-0.021383	-0.042631	-0.023434	0.030834	1	0.022767	1	0.009457	1		0
CMP00540	1	128	1	1	1	1	4	OutgroupA	0	1	0	0.98506	Q2	1.384074	1.302673	1.213605	1.304268	1.252218	0.001595	0.090663	0.05205	-0.050455	0.041569	1	0.043507	1	-0.0102	1		0
CMP00541	1	166	1	1	1	1	0	TypeIA_IIAI	0	0	1	0.974802	Q1	1.422829	1.566943	1.407251	1.38208	1.431187	-0.184863	-0.025171	-0.049107	-0.135756	0.017354	1		0	-0.026208	1		0
CMP00542	1	138	1	1	1	1	1	TypeIX	0	1	0	0.99347	Q4	1.424875	1.422894	1.405311	1.404053	1.416526	-0.018841	-0.001258	-0.012473	-0.006368	0.008326	1	0.007379	1	-0.001026	1		0
CMP00543	1	151	1	1	1	1	2	TypeIX	0	1	0	0.988899	Q3	1.436331	1.418892	1.442038	1.436	1.434923	0.017108	-0.006038	0.001077	0.016031	0.013198	1	0.01315	1	0.018401	1		0
CMP00544	1	130	1	1	1	1	3	OutgroupA	0	0	1	0.988557	Q3	1.483669	1.431402	1.379938	1.298145	1.375528	-0.133257	-0.081793	-0.077383	-0.055874	0.139667	1	0.098617	1	0.022216	1		0
CMP00545	1	54	1	1	1	1	4	TypeXIIIC_Mx162	0	0	0	0.974438	Q1	1.360641	1.414871	1.511629	1.523213	1.565301	0.108342	0.011584	-0.042088	0.15043	-0.107892	1	-0.071608	1	-0.047962	1		0
CMP00546	1	225	1	1	1	1	0	TypeIIIA2	0	1	0	0.987791	Q3	1.425275	1.422596	1.420015	1.413921	1.388935	-0.008675	-0.006094	0.024986	-0.033661	0.015374	1	0.009254	1	0.012161	1		0
CMP00547	1	132	1	1	1	1	1	OutgroupB	0	0	1	0.97045	Q1	1.453286	1.416816	1.423306	1.41437	1.428557	-0.002446	-0.008936	-0.014187	0.011741	0.073424	1	0.093284	1	0.058064	1		0
CMP00548	1	125	1	1	1	1	2	TypeIA_IIAI	0	0	0	0.959186	Q1	1.418848	1.381145	1.384759	1.4124	1.424193	0.031255	0.027641	-0.011793	0.043048	-0.004575	1		0	-0.006235	1		0
CMP00549	1	94	1	1	1	1	3	TypeIV	0	1	0	0.987832	Q3	1.424792	1.418013	1.375692	1.373247	1.410226	-0.044766	-0.002445	-0.036979	-0.007787	0.06516	1	0.058189	1	0.042309	1		0
CMP00550	1	139	1	1	1	1	4	TypeIC1_IC2	0	0	0	0.992737	Q4	1.41974	1.320274	1.352971	1.400144	1.238634	0.07987	0.047173	0.16151	-0.08164	0.003581	1	0.000871	1	0.004212	1		0
CMP00551	1	143	1	1	1	1	0	OutgroupA	0	0	0	0.98444	Q2	1.414412	1.420704	1.36966	1.365307	1.359209	-0.055397	-0.004353	0.006098	-0.061495	0.011938	1	-0.004573	1	-0.004424	1		0
CMP00552	1	266	1	1	1	1	1	TypeXIIIC_Mx162	0	0	0	0.985108	Q2	1.405922	1.392579	1.438663	1.448888	1.441458	0.056309	0.010225	0.00743	0.048879	-0.065919	1		0	-0.065919	1		0
CMP00553	1	157	1	1	1	1	2	Ec107_like	0	1	1	0.973584	Q1	1.429853	1.603272	1.405331	1.355152	1.508631	-0.24812	-0.050179	-0.153479	-0.094641	0.133805	1	0.09351	1	0.011925	1		0
CMP00554	1	179	1	1	1	1	3	TypeIIIA2	0	0	0	0.990602	Q3	1.431035	1.391143	1.404374	1.44505	1.370302	0.053907	0.040676	0.074748	-0.020841	-0.038518	1	-0.034201	1	-0.016895	1		0
CMP00555	1	218	1	1	1	1	4	Ec107_like	0	0	0	0.986543	Q2	1.452565	1.538888	1.445764	1.475302	1.465448	-0.063586	0.029538	0.009854	-0.07344	-0.030396	1	-0.035856	1	-0.026874	1		0
CMP00556	1	131	1	1	1	1	0	TypeIC1_IC2	0	0	1	0.982235	Q1	1.402558	1.371639	1.394531	1.358969	1.398661	-0.01267	-0.035562	-0.039692	0.027022	0.024666	1	0.024904	1	0.01895	1		0
CMP00557	1	137	1	1	1	1	1	TypeIB1	0	0	0	0.98831	Q3	1.423461	1.4135	1.405338	1.398744	1.409342	-0.014756	-0.006594	-0.010598	-0.004158	0.022698	1	0.016078	1	0.008866	1		0
CMP00558	1	128	1	1	1	1	2	OutgroupA	0	1	0	0.985803	Q2	1.405887	1.162106	1.16692	1.222075	1.231222	0.059969	0.055155	-0.009147	0.069116	0.008762	1		0	0.011684	1		0
CMP00559	1	124	1	1	1	1	3	OutgroupA	0	0	1	0.986097	Q2	1.379925	1.363799	1.350045	1.317202	1.280719	-0.046597	-0.032843	0.036483	-0.08308	0.004031	1	0.00371	1	0.001145	1		0
CMP00560	1	124	1	1	1	1	4	TypeIC1_IC2	0	1	0	0.992581	Q4	1.455914	1.437798	1.418723	1.435217	1.342166	-0.002581	0.016494	0.093051	-0.095632	0.002036	1	-0.001052	1	0.008518	1		0
CMP00561	1	132	1	1	1	1	0	OutgroupA	0	1	0	0.978749	Q1	1.359347	1.297319	1.281744	1.344936	1.291961	0.047617	0.063192	0.052975	-0.005358	0.018991	1		0	0.004749	1		0
CMP00562	1	157	1	1	1	1	1	TypeIIIA2	0	1	1	0.983076	Q2	1.420053	1.39655	1.422407	1.399074	1.418438	0.002524	-0.023333	-0.019364	0.021888	0.008034	1	0.007252	1	-0.000953	1		0
CMP00563	1	173	1	1	1	1	2	TypeXIIIB_Ne144	0	0	0	0.971248	Q1	1.431351	1.497497	1.445328	1.413222	1.451472	-0.084275	-0.032106	-0.03825	-0.046025	0.086542	1	0.109898	1	0.103734	1		0
CMP00564	1	200	1	1	1	1	3	Ec107_like	0	0	0	0.969397	Q1	1.415466	1.417555	1.405421	1.398583	1.430062	-0.018972	-0.006838	-0.031479	0.012507	0.026993	1		0	-0.008651	1		0
CMP00565	1	223	1	1	1	1	4	TypeXIIIB_Ne144	0	0	1	0.974964	Q1	1.362835	1.305002	1.368937	1.372886	1.510993	0.067884	0.003949	-0.138107	0.205991	-0.032159	1	-0.039544	1	-0.093774	1		0
CMP00566	1	170	1	1	1	1	0	TypeIIIA3	0	0	0	0.984206	Q2	1.400021	1.426221	1.373101	1.355126	1.421934	-0.071095	-0.017975	-0.066808	-0.004287	0.028428	1	0.02845	1	0.021643	1		0
CMP00567	1	260	1	1	1	1	1	TypeIIIA3	0	0	0	0.987758	Q2	1.446642	1.397208	1.390814	1.394759	1.408982	-0.002449	0.003945	-0.014223	0.011774	0.026134	1	0.011671	1	0.00327	1		0
CMP00568	1	135	1	1	1	1	2	TypeIC1_IC2	0	1	1	0.98623	Q2	1.424109	1.179086	1.207919	1.154286	1.201134	-0.0248	-0.053633	-0.046848	0.022048	0.010072	1		0	0.025788	1		0
CMP00569	1	127	1	1	1	1	3	OutgroupA	1	1	0	0.976389	Q1	1.462915	1.384818	1.318329	1.328469	1.364591	-0.056349	0.01014	-0.036122	-0.020227	0.054448	1		0	-0.002277	1		0
CMP00570	1	256	1	1	1	1	4	TypeIIIA3	0	1	0	0.988716	Q3	1.406959	1.376063	1.376471	1.358504	1.315885	-0.017559	-0.017967	0.042619	-0.060178	0.04196	1	0.025412	1	0.00573	1		0
CMP00571	1	127	1	1	1	1	0	TypeIA_IIAI	0	0	0	0.991455	Q4	1.424726	1.514745	1.373565	1.324838	1.349966	-0.189907	-0.048727	-0.025128	-0.164779	0.016598	1	0.0132	1	0.009536	1		0
CMP00572	1	127	1	1	1	1	1	OutgroupA	0	0	0	0.977154	Q1	1.383013	1.390307	1.385109	1.351304	1.394492	-0.039003	-0.033805	-0.043188	0.004185	0.027217	1	0.029114	1	0.025415	1		0
CMP00573	1	143	1	1	1	1	2	TypeIC1_IC2	0	0	0	0.995502	Q4	1.406121	1.399525	1.313109	1.244801	1.381686	-0.154724	-0.068308	-0.136885	-0.017839	0.025446	1	0.014342	1	0.016236	1		0
CMP00574	1	128	1	1	1	1	3	TypeIC1_IC2	0	1	1	0.994488	Q4	1.34201	1.252518	1.23399	1.17644	1.344937	-0.076078	-0.05755	-0.168497	0.092419	0.031163	1	0.020293	1	0.015277	1		0
CMP00575	1	125	1	1	1	1	4	OutgroupA	1	1	0	0.990304	Q3	1.317479	1.270098	1.285074	1.298374	1.334565	0.028276	0.0133	-0.036191	0.064467	-0.003043	1	0.007495	1	0.045434	1		0
CMP00576	1	126	1	1	1	1	0	TypeIIA3_proteo	0	0	0	0.986145	Q2	1.489287	1.427994	1.443729	1.46543	1.508935	0.037436	0.021701	-0.043505	0.080941	-0.007063	1		0	-0.010707	1		0
CMP00577	1	224	1	1	1	1	1	TypeXIIIB_Ne144	0	1	1	0.987411	Q2	1.41042	1.39463	1.348739	1.350879	1.34403	-0.043751	0.00214	0.006849	-0.0506	0.013242	1	0.015715	1	0.012478	1		0
CMP00578	1	164	1	1	1	1	2	TypeIA_IIAI	0	0	0	0.993586	Q4	1.435619	1.364908	1.399718	1.349529	1.410632	-0.015379	-0.050189	-0.061103	0.045724	0.026129	1	0.023424	1	0.015979	1		0
CMP00579	1	193	1	1	1	1	3	Ec107_like	0	1	0	0.981024	Q1	1.388504	1.364407	1.374806	1.356746	1.366708	-0.007661	-0.01806	-0.009962	0.002301	0.033397	1		0	-0.001847	1		0
CMP00580	1	129	1	1	1	1	4	OutgroupA	0	1	0	0.986548	Q2	1.393113	1.286117	1.241467	1.242956	1.243836	-0.043161	0.001489	-0.00088	-0.042281	0.052425	1	0.053321	1	0.028445	1		0
CMP00581	1	262	1	1	1	1	0	TypeIIIA3	1	1	0	0.991942	Q4	1.350399	1.348888	1.333228	1.329585	1.308527	-0.019303	-0.003643	0.021058	-0.040361	0.016667	1	0.020582	1	0.012335	1		0
CMP00582	1	131	1	1	1	1	1	TypeIC1_IC2	0	0	0	0.99174	Q4	1.324295	1.21495	1.105333	1.154888	1.114585	-0.060062	0.049555	0.040303	-0.100365	0.028656	1		0	0.024922	1		0
CMP00583	1	129	1	1	1	1	2	OutgroupA	0	0	1	0.970201	Q1	1.419971	1.241921	1.343106	1.280497	1.346859	0.038576	-0.062609	-0.066362	0.104938	-0.013937	1		0	0.0125	1		0
CMP00584	1	128	1	1	1	1	3	OutgroupA	0	0	0	0.989013	Q3	1.397433	1.377786	1.315153	1.279478	1.347388	-0.098308	-0.035675	-0.06791	-0.030398	0.033828	1		0	0.013714	1		0
CMP00585	1	184	1	1	1	1	4	TypeIIIA2	0	0	0	0.949621	Q1	1.385974	1.3904	1.415179	1.482895	1.434173	0.092495	0.067716	0.048722	0.043773	-0.066366	1	-0.087283	1	-0.07498	1		0
CMP00586	1	145	1	1	1	1	0	TypeIA_IIAI	0	0	1	0.992923	Q4	1.372595	1.471308	1.362471	1.361898	1.365639	-0.10941	-0.000573	-0.003741	-0.105669	0.009258	1		0	0.002867	1		0
CMP00587	1	237	1	1	1	1	1	TypeIIIA2	0	1	0	0.989843	Q3	1.423837	1.422298	1.398578	1.419819	1.413468	-0.002479	0.021241	0.006351	-0.00883	0.000649	1	0.000535	1	-0.00873	1		0
CMP00588	1	125	1	1	1	1	2	OutgroupB	0	0	0	0.959508	Q1	1.425045	1.5725	1.428855	1.374104	1.427619	-0.198396	-0.054751	-0.053515	-0.144881		0		0	0.215302	1		0
CMP00589	1	182	1	1	1	1	3	TypeIIIA2	0	0	1	0.988637	Q3	1.426934	1.443437	1.418524	1.421384	1.419644	-0.022053	0.00286	0.00174	-0.023793	0.03175	1	0.013754	1	0.019875	1		0
CMP00590	1	267	1	1	1	1	4	TypeIIIA3	0	1	0	0.992646	Q4	1.414244	1.378313	1.394058	1.390286	1.341409	0.011973	-0.003772	0.048877	-0.036904	0.001511	1	-0.009686	1	-0.005328	1		0
CMP00591	1	143	1	1	1	1	0	TypeIC1_IC2	0	0	0	0.991796	Q4	1.384323	1.323455	1.37337	1.417154	1.3758	0.093699	0.043784	0.041354	0.052345	0.030142	1	0.031549	1	-0.002102	1		0
CMP00592	1	122	1	1	1	1	1	OutgroupA	0	0	0	0.970048	Q1	1.420449	1.387118	1.379854	1.364397	1.405814	-0.022721	-0.015457	-0.041417	0.018696	0.007927	1		0	0.002615	1		0
CMP00593	1	95	1	1	1	1	2	TypeIV	0	1	0	0.982348	Q1	1.441525	1.390233	1.441351	1.420074	1.426613	0.029841	-0.021277	-0.006539	0.03638		0		0	0.023259	1		0
CMP00594	1	206	1	1	1	1	3	TypeIIA2	0	0	0	0.938478	Q1	1.442017	1.437496	1.426487	1.441127	1.437549	0.003631	0.01464	0.003578	5.3e-05		0		0	-0.038519	1		0
CMP00595	1	158	1	1	1	1	4	Ec107_like	0	1	1	0.979045	Q1	1.332731	1.265806	1.299545	1.227176	1.14694	-0.03863	-0.072369	0.080236	-0.118866	0.106601	1		0	0.087401	1		0
CMP00596	1	127	1	1	1	1	0	TypeIC1_IC2	0	1	0	0.994211	Q4	1.408888	1.312229	1.366536	1.385103	1.365233	0.072874	0.018567	0.01987	0.053004	0.006027	1	0.023308	1	-0.012873	1		0
CMP00597	1	161	1	1	1	1	1	TypeXIII_Mx65	0	0	0	0.986716	Q2	1.376031	1.378647	1.384782	1.376054	1.381346	-0.002593	-0.008728	-0.005292	0.002699	-0.006235	1	-0.005946	1	-0.005034	1		0
CMP00598	1	127	1	1	1	1	2	OutgroupA	0	1	1	0.991645	Q4	1.393085	1.319203	1.273631	1.344765	1.346958	0.025562	0.071134	-0.002193	0.027755	0.011067	1	-0.00243	1	0.006348	1		0
CMP00599	1	131	1	1	1	1	3	OutgroupA	0	1	0	0.989774	Q3	1.452138	1.375594	1.350507	1.291516	1.300021	-0.084078	-0.058991	-0.008505	-0.075573	0.062068	1	0.053473	1	0.015504	1		0
CMP00600	1	130	1	1	1	1	4	OutgroupA	0	1	0	0.982279	Q1	1.326265	1.22832	1.17276	1.207013	1.062746	-0.021307	0.034253	0.144267	-0.165574	0.030866	1		0	0.030011	1		0
CMP00601	1	130	1	1	1	1	0	OutgroupA	0	1	1	0.969135	Q1	1.35878	1.308246	1.278518	1.281347	1.252717	-0.026899	0.002829	0.02863	-0.055529	0.029667	1		0	0.012743	1		0
CMP00602	1	121	1	1	1	1	1	TypeIIIA1	0	0	0	0.989398	Q3	1.372338	1.333023	1.355862	1.357018	1.340481	0.023995	0.001156	0.016537	0.007458	0.002204	1	0.010131	1	-0.000796	1		0
CMP00603	1	130	1	1	1	1	2	OutgroupA	1	1	0	0.98522	Q2	1.407011	1.369499	1.247499	1.228625	1.275034	-0.140874	-0.018874	-0.046409	-0.094465	0.046489	1	0.042204	1	0.041326	1		0
CMP00604	1	130	1	1	1	1	3	OutgroupA	0	1	1	0.984862	Q2	1.275943	1.294448	1.140157	1.181528	1.170061	-0.11292	0.041371	0.011467	-0.124387	0.019989	1	0.018119	1	0.011532	1		0
CMP00605	1	173	1	1	1	1	4	TypeIIIA2	0	1	0	0.988968	Q3	1.422168	1.424832	1.42411	1.42672	1.379053	0.001888	0.00261	0.047667	-0.045779	-0.00095	1	-0.000537	1	0.007315	1		0
CMP00606	1	96	1	1	1	1	0	TypeIIA2	0	0	0	0.938478	Q1	1.478682	1.439867	1.429855	1.446177	1.484111	0.00631	0.016322	-0.037934	0.044244		0		0	0.125474	1		0
CMP00607	1	129	1	1	1	1	1	OutgroupA	0	1	1	0.972845	Q1	1.464576	1.441178	1.422491	1.439264	1.415961	-0.001914	0.016773	0.023303	-0.025217	0.01235	1	0.021593	1	0.001475	1		0
CMP00608	1	123	1	1	1	1	2	OutgroupA	0	0	0	0.986423	Q2	1.461706	1.477728	1.459309	1.477223	1.467636	-0.000505	0.017914	0.009587	-0.010092	0.039524	1	0.066377	1	-0.022729	1		0
CMP00609	1	156	1	1	1	1	3	TypeIA_IIAI	0	0	0	0.988862	Q3	1.424697	1.406281	1.387	1.375796	1.376442	-0.030485	-0.011204	-0.000646	-0.029839	0.019892	1	0.017037	1	-0.002649	1		0
CMP00610	1	130	1	1	1	1	4	OutgroupA	0	1	1	0.992492	Q4	1.331553	1.258843	1.205047	1.151488	1.084536	-0.107355	-0.053559	0.066952	-0.174307	0.107232	1	0.045173	1	0.022186	1		0
CMP00611	1	154	1	1	1	1	0	TypeIB1	0	1	0	0.992993	Q4	1.412164	1.345132	1.351511	1.383484	1.287844	0.038352	0.031973	0.09564	-0.057288	0.010464	1	0.021841	1	0.018055	1		0
CMP00612	1	139	1	1	1	1	1	TypeIX	0	1	0	0.98673	Q2	1.425753	1.394081	1.425848	1.435046	1.419465	0.040965	0.009198	0.015581	0.025384	0.005898	1		0	0.002153	1		0
CMP00613	1	129	1	1	1	1	2	OutgroupA	0	1	0	0.990921	Q3	1.422677	1.340998	1.284859	1.281049	1.393913	-0.059949	-0.00381	-0.112864	0.052915	0.036694	1	0.042194	1	0.011372	1		0
CMP00614	1	132	1	1	1	1	3	OutgroupA	0	1	0	0.982544	Q1	1.344881	1.280073	1.251999	1.188908	1.114971	-0.091165	-0.063091	0.073937	-0.165102	-6.8e-05	1		0	-0.002216	1		0
CMP00615	1	129	1	1	1	1	4	OutgroupA	0	0	0	0.991017	Q3	1.433544	1.489477	1.366782	1.377587	1.344984	-0.11189	0.010805	0.032603	-0.144493	0.040548	1	0.02898	1	0.001725	1		0
CMP00616	1	197	1	1	1	1	0	Ec107_like	0	1	1	0.980577	Q1	1.385803	1.511778	1.371982	1.388368	1.429987	-0.12341	0.016386	-0.041619	-0.081791		0		0	0.041992	1		0
CMP00617	1	128	1	1	1	1	1	TypeIC1_IC2	0	1	0	0.995416	Q4	1.367052	1.336027	1.277314	1.313296	1.378512	-0.022731	0.035982	-0.065216	0.042485	-0.003343	1	0.010079	1	-0.009277	1		0
CMP00618	1	143	1	1	1	1	2	TypeIC1_IC2	1	1	0	0.992382	Q4	1.405697	1.276979	1.318424	1.277256	1.251476	0.000277	-0.041168	0.02578	-0.025503	0.011162	1	0.016358	1	0.008632	1		0
CMP00619	1	136	1	1	1	1	3	TypeIX	0	0	1	0.968042	Q1	1.400476	1.424386	1.4171	1.395985	1.40597	-0.028401	-0.021115	-0.009985	-0.018416	0.005799	1	-0.000974	1	-0.006172	1		0
CMP00620	1	147	1	1	1	1	4	TypeIB1	0	1	0	0.988483	Q3	1.391344	1.342566	1.271818	1.331564	1.357553	-0.011002	0.059746	-0.025989	0.014987	0.011081	1	0.010719	1	0.001457	1		0
CMP00621	1	141	1	1	1	1	0	TypeIC1_IC2	0	1	0	0.993929	Q4	1.453777	1.362512	1.381564	1.410816	1.358282	0.048304	0.029252	0.052534	-0.00423	0.004984	1	0.003065	1	0.000503	1		0
CMP00622	1	79	1	1	1	1	1	TypeIIA3_firmi	0	0	1	0.985183	Q2	1.44128	1.429338	1.493324	1.388336	1.75653	-0.041002	-0.104988	-0.368194	0.327192	-0.045808	1		0	-0.041099	1		0
CMP00623	1	130	1	1	1	1	2	OutgroupA	0	1	0	0.991445	Q4	1.400784	1.224006	1.141457	1.154169	1.164902	-0.069837	0.012712	-0.010733	-0.059104	0.052357	1	0.048188	1	-0.000484	1		0
CMP00624	1	130	1	1	1	1	3	TypeIC1_IC2	0	1	0	0.995188	Q4	1.371065	1.356061	1.272533	1.283757	1.376596	-0.072304	0.011224	-0.092839	0.020535	-0.016927	1	-0.012828	1	-0.007783	1		0
CMP00625	1	132	1	1	1	1	4	OutgroupA	0	0	0	0.951814	Q1	1.290943	1.1663	1.329032	1.101624	1.040654	-0.064676	-0.227408	0.06097	-0.125646	0.055187	1		0	0.009491	1		0
CMP00626	1	262	1	1	1	1	0	TypeIIIA3	0	1	0	0.982222	Q1	1.405336	1.364599	1.40076	1.387887	1.364013	0.023288	-0.012873	0.023874	-0.000586	-0.009472	1		0	-0.016963	1		0
CMP00627	1	256	1	1	1	1	1	TypeIIIA3	0	1	0	0.994075	Q4	1.394785	1.377049	1.384311	1.388536	1.395875	0.011487	0.004225	-0.007339	0.018826	0.017528	1	0.006022	1	-0.004636	1		0
CMP00628	1	128	1	1	1	1	2	TypeIC1_IC2	0	1	1	0.995702	Q4	1.418308	1.221332	1.341231	1.164255	1.145303	-0.057077	-0.176976	0.018952	-0.076029	0.034462	1	0.027326	1	0.01623	1		0
CMP00629	1	228	1	1	1	1	3	TypeXIIIB_Ne144	0	1	0	0.98529	Q2	1.440014	1.43344	1.414438	1.395842	1.396344	-0.037598	-0.018596	-0.000502	-0.037096	-0.00165	1		0	-0.008717	1		0
CMP00630	1	167	1	1	1	1	4	TypeIA_IIAI	0	0	0	0.987105	Q2	1.379626	1.332285	1.351188	1.287618	1.154416	-0.044667	-0.06357	0.133202	-0.177869	-0.012971	1	-0.003784	1	0.012924	1		0
CMP00631	1	137	1	1	1	1	0	OutgroupA	0	1	1	0.982427	Q1	1.28688	1.187175	1.212284	1.24351	1.22709	0.056335	0.031226	0.01642	0.039915	0.031996	1	0.021097	1	-0.00456	1		0
CMP00632	1	140	1	1	1	1	1	TypeIB2_firmi	0	1	0	0.994146	Q4	1.401755	1.429474	1.413808	1.39868	1.417838	-0.030794	-0.015128	-0.019158	-0.011636		0		0	-0.000234	1		0
CMP00633	1	259	1	1	1	1	2	TypeIIIA3	0	1	0	0.978379	Q1	1.427527	1.392717	1.397992	1.396868	1.413315	0.004151	-0.001124	-0.016447	0.020598	-0.005052	1		0	-0.009418	1		0
CMP00634	1	133	1	1	1	1	3	OutgroupA	0	1	1	0.987094	Q2	1.481944	1.500904	1.399658	1.397423	1.440358	-0.103481	-0.002235	-0.042935	-0.060546	0.030825	1	0.066026	1	-0.012808	1		0
CMP00635	1	130	1	1	1	1	4	OutgroupA	1	1	0	0.985914	Q2	1.270074	1.131295	1.097788	1.095542	1.115203	-0.035753	-0.002246	-0.019661	-0.016092	0.080304	1	0.048293	1	0.046112	1		0
CMP00636	1	219	1	1	1	1	0	TypeXIIIB_Ne144	0	0	0	0.974972	Q1	1.404252	1.332153	1.350759	1.363325	1.414032	0.031172	0.012566	-0.050707	0.081879	0.025816	1		0	0.008849	1		0
CMP00637	1	146	1	1	1	1	1	TypeIC1_IC2	0	1	1	0.993391	Q4	1.337332	1.283647	1.222245	1.217738	1.357369	-0.065909	-0.004507	-0.139631	0.073722	0.052415	1	0.074786	1	0.006813	1		0
CMP00638	1	156	1	1	1	1	2	TypeIA_IIAI	0	0	0	0.990525	Q3	1.409854	1.334173	1.3871	1.366029	1.392978	0.031856	-0.021071	-0.026949	0.058805	0.006393	1	0.005272	1	0.000116	1		0
CMP00639	1	127	1	1	1	1	3	OutgroupA	0	0	0	0.965279	Q1	1.345082	1.33302	1.254168	1.234326	1.201668	-0.098694	-0.019842	0.032658	-0.131352	-0.005663	1		0	-0.013062	1		0
CMP00640	1	70	1	1	1	1	4	TypeIIA2	0	0	0	0.99016	Q3	1.513278	1.494463	1.483271	1.576155	1.871122	0.081692	0.092884	-0.294967	0.376659	0.010853	1		0	0.010853	1		0
CMP00641	1	147	1	1	1	1	0	TypeIC1_IC2	0	0	0	0.994094	Q4	1.363557	1.32482	1.371412	1.355992	1.334537	0.031172	-0.01542	0.021455	0.009717	0.023484	1	0.013478	1	0.005165	1		0
CMP00642	1	126	1	1	1	1	1	Ec107_like	0	0	0	0.992735	Q4	1.448869	1.41257	1.418835	1.392971	1.377901	-0.019599	-0.025864	0.01507	-0.034669	0.022192	1	0.031614	1	-0.003033	1		0
CMP00643	1	128	1	1	1	1	2	Ec107_like	0	1	1	0.988188	Q3	1.416813	1.563899	1.41957	1.461114	1.465363	-0.102785	0.041544	-0.004249	-0.098536	0.045814	1	0.083746	1	0.193623	1		0
CMP00644	1	249	1	1	1	1	3	TypeIIIA3	1	1	0	0.991535	Q4	1.440986	1.418872	1.404484	1.418521	1.402481	-0.000351	0.014037	0.01604	-0.016391	0.006218	1	0.005607	1	0.00053	1		0
CMP00645	1	260	1	1	1	1	4	TypeIIIA3	1	1	0	0.981966	Q1	1.390337	1.328803	1.351055	1.333174	1.292311	0.004371	-0.017881	0.040863	-0.036492	0.012246	1	0.025283	1	-0.00041	1		0
CMP00646	1	139	1	1	1	1	0	Ec107_like	0	0	1	0.964416	Q1	1.376858	1.415368	1.329375	1.354559	1.485385	-0.060809	0.025184	-0.130826	0.070017		0		0	0.068746	1		0
CMP00647	1	136	1	1	1	1	1	OutgroupA	0	0	0	0.989719	Q3	1.420583	1.392669	1.392235	1.383989	1.413841	-0.00868	-0.008246	-0.029852	0.021172	0.002975	1	0.009945	1	-0.004957	1		0
CMP00648	1	131	1	1	1	1	2	TypeIIA3_proteo	0	0	0	0.99053	Q3	1.430198	1.424131	1.407405	1.383248	1.416748	-0.040883	-0.024157	-0.0335	-0.007383	0.004444	1	0.001186	1	9.2e-05	1		0
CMP00649	1	137	1	1	1	1	3	OutgroupA	0	0	1	0.990729	Q3	1.443875	1.44094	1.432645	1.35028	1.587792	-0.09066	-0.082365	-0.237512	0.146852	0.020822	1	0.064881	1	0.01736	1		0
CMP00650	1	151	1	1	1	1	4	TypeIA_IIAI	0	0	0	0.992727	Q4	1.390668	1.598945	1.353778	1.350541	1.315028	-0.248404	-0.003237	0.035513	-0.283917	0.099302	1	0.040862	1	0.031545	1		0
CMP00651	1	235	1	1	1	1	0	TypeXIIIC_Mx162	0	0	0	0.982729	Q2	1.363442	1.397669	1.377584	1.362496	1.363555	-0.035173	-0.015088	-0.001059	-0.034114		0		0	0.08438	1		0
CMP00652	1	120	1	1	1	1	1	OutgroupA	0	1	0	0.976824	Q1	1.415932	1.409035	1.378004	1.394575	1.390647	-0.01446	0.016571	0.003928	-0.018388	0.001348	1	0.00018	1	0.002671	1		0
CMP00653	1	263	1	1	1	1	2	TypeIIIA3	0	1	0	0.991986	Q4	1.40612	1.357424	1.356723	1.37478	1.384265	0.017356	0.018057	-0.009485	0.026841	0.003101	1	-0.001915	1	-0.001805	1		0
CMP00654	1	140	1	1	1	1	3	TypeIIA2	0	1	0	0.982627	Q1	1.409897	1.406339	1.380146	1.386537	1.4262	-0.019802	0.006391	-0.039663	0.019861		0		0	0.015139	1		0
CMP00655	1	132	1	1	1	1	4	TypeXIII_Mx65	0	0	1	0.980958	Q1	1.419245	1.43713	1.399341	1.405109	1.542379	-0.032021	0.005768	-0.13727	0.105249	-0.008801	1	-0.008572	1	-0.005308	1		0
CMP00656	1	129	1	1	1	1	0	OutgroupA	0	0	0	0.989103	Q3	1.416394	1.343265	1.341217	1.356362	1.331437	0.013097	0.015145	0.024925	-0.011828	0.007534	1	0.014974	1	-0.011682	1		0
CMP00657	1	52	1	1	1	1	1	TypeXIIIC_Mx162	0	0	0	0.981635	Q1	1.59325	1.505647	1.540502	1.530667	1.501762	0.02502	-0.009835	0.028905	-0.003885	0.05242	1		0	0.034718	1		0
CMP00658	1	225	1	1	1	1	2	TypeXIIIC_Mx162	0	0	1	0.985042	Q2	1.427999	1.504965	1.408286	1.408217	1.42892	-0.096748	-6.9e-05	-0.020703	-0.076045		0		0	0.03289	1		0
CMP00659	1	261	1	1	1	1	3	TypeIIIA3	0	1	0	0.973452	Q1	1.418442	1.399649	1.365562	1.375367	1.382486	-0.024282	0.009805	-0.007119	-0.017163	0.004602	1		0	0.003775	1		0
CMP00660	1	158	1	1	1	1	4	TypeIIIA2	0	0	0	0.989877	Q3	1.380429	1.348748	1.391698	1.364935	1.443337	0.016187	-0.026763	-0.078402	0.094589	0.006366	1		0	-0.009186	1		0
CMP00661	1	159	1	1	1	1	0	TypeIIA3_proteo	0	0	1	0.973543	Q1	1.451919	1.386112	1.42707	1.437217	1.432742	0.051105	0.010147	0.004475	0.04663	-0.01274	1		0	-0.014866	1		0
CMP00662	1	144	1	1	1	1	1	TypeIC1_IC2	0	0	0	0.98751	Q2	1.442409	1.623821	1.513297	1.390478	1.610339	-0.233343	-0.122819	-0.219861	-0.013482	0.053796	1		0	0.084579	1		0
CMP00663	1	128	1	1	1	1	2	TypeIC1_IC2	0	0	0	0.992232	Q4	1.438617	1.593736	1.358683	1.306742	1.386847	-0.286994	-0.051941	-0.080105	-0.206889	0.044872	1		0	0.017222	1		0
CMP00664	1	119	1	1	1	1	3	TypeIX	0	0	1	0.981635	Q1	1.412281	1.37913	1.372189	1.376623	1.449054	-0.002507	0.004434	-0.072431	0.069924	0.018771	1	0.021253	1	0.013893	1		0
CMP00665	1	162	1	1	1	1	4	TypeIC1_IC2	0	1	0	0.990667	Q3	1.399849	1.367607	1.371013	1.358276	1.359981	-0.009331	-0.012737	-0.001705	-0.007626	0.010402	1	0.003548	1	-0.00049	1		0
CMP00666	1	137	1	1	1	1	0	TypeIC1_IC2	0	0	0	0.992257	Q4	1.432253	1.348623	1.387354	1.405894	1.335949	0.057271	0.01854	0.069945	-0.012674	0.028397	1	0.053507	1	-0.016476	1		0
CMP00667	1	146	1	1	1	1	1	TypeIC1_IC2	0	0	1	0.992706	Q4	1.348502	1.415972	1.400204	1.394478	1.457059	-0.021494	-0.005726	-0.062581	0.041087	-0.000129	1	0.011729	1	-0.030466	1		0
CMP00668	1	129	1	1	1	1	2	OutgroupA	0	0	0	0.960521	Q1	1.411064	1.225829	1.250732	1.239434	1.273187	0.013605	-0.011298	-0.033753	0.047358	-0.001655	1		0	-0.013959	1		0
CMP00669	1	140	1	1	1	1	3	TypeIC1_IC2	0	0	0	0.987191	Q2	1.369596	1.493325	1.328236	1.396667	1.440146	-0.096658	0.068431	-0.043479	-0.053179	-0.020043	1		0	-0.001098	1		0
CMP00670	1	287	1	1	1	1	4	TypeIIIA3	0	1	1	0.984916	Q2	1.403893	1.377079	1.390504	1.401689	1.446374	0.02461	0.011185	-0.044685	0.069295	-0.021918	1	-0.035704	1	-0.021365	1		0
CMP00671	1	170	1	1	1	1	0	TypeIA_IIAI	0	0	0	0.988711	Q3	1.394758	1.331883	1.302139	1.280529	1.28266	-0.051354	-0.02161	-0.002131	-0.049223	0.034654	1	0.024303	1	0.019498	1		0
CMP00672	1	206	1	1	1	1	1	TypeIIA3_firmi	0	1	0	0.983438	Q2	1.400001	1.398949	1.407426	1.397167	1.438511	-0.001782	-0.010259	-0.041344	0.039562	-0.003962	1		0	-0.003991	1		0
CMP00673	1	256	1	1	1	1	2	TypeXIIIB_Ne144	1	1	1	0.987627	Q2	1.425879	1.421767	1.344659	1.372915	1.402191	-0.048852	0.028256	-0.029276	-0.019576	0.031686	1		0	0.017636	1		0
CMP00674	1	177	1	1	1	1	3	TypeIIIA2	0	1	0	0.989038	Q3	1.440636	1.437522	1.412796	1.40085	1.419275	-0.036672	-0.011946	-0.018425	-0.018247	0.009659	1	0.012988	1	0.003309	1		0
CMP00675	1	128	1	1	1	1	4	OutgroupA	0	1	0	0.991442	Q4	1.369437	1.339797	1.33083	1.339671	1.300228	-0.000126	0.008841	0.039443	-0.039569	0.013939	1	0.03485	1	0.01989	1		0
CMP00676	1	137	1	1	1	1	0	OutgroupA	1	1	1	0.978144	Q1	1.317854	1.205888	1.23855	1.225514	1.238058	0.019626	-0.013036	-0.012544	0.03217	0.071999	1	0.045827	1	0.001191	1		0
CMP00677	1	126	1	1	1	1	1	OutgroupA	0	1	0	0.991414	Q4	1.433049	1.420222	1.415486	1.404846	1.40384	-0.015376	-0.01064	0.001006	-0.016382	0.034498	1	0.01636	1	-0.001011	1		0
CMP00678	1	161	1	1	1	1	2	TypeIB2_firmi	0	0	0	0.987636	Q2	1.389027	1.313301	1.366637	1.338257	1.409929	0.024956	-0.02838	-0.071672	0.096628		0		0	-0.00711	1		0
CMP00679	1	99	1	1	1	1	3	TypeIIIA3	0	0	1	0.984206	Q2	1.439678	1.432432	1.453265	1.397742	1.408456	-0.03469	-0.055523	-0.010714	-0.023976	0.021628	1	0.019635	1	0.007736	1		0
CMP00680	1	135	1	1	1	1	4	OutgroupA	0	1	0	0.981117	Q1	1.318856	1.373638	1.212757	1.18196	1.1852	-0.191678	-0.030797	-0.00324	-0.188438	0.023343	1		0	0.008253	1		0
CMP00681	1	131	1	1	1	1	0	OutgroupA	0	0	0	0.973474	Q1	1.448723	1.42878	1.421747	1.414202	1.322995	-0.014578	-0.007545	0.091207	-0.105785	0.020438	1		0	0.035275	1		0
CMP00682	1	232	1	1	1	1	1	Ec107_like	0	0	1	0.986173	Q2	1.400189	1.406155	1.400548	1.393894	1.365365	-0.012261	-0.006654	0.028529	-0.04079	0.022215	1		0	0.029607	1		0
CMP00683	1	133	1	1	1	1	2	TypeIIIA1	0	0	0	0.978347	Q1	1.41666	1.367823	1.413783	1.364652	1.443185	-0.003171	-0.049131	-0.078533	0.075362	0.039172	1		0	0.039172	1		0
CMP00684	1	145	1	1	1	1	3	Ec107_like	0	0	0	0.980229	Q1	1.392708	1.409492	1.416643	1.405601	1.421498	-0.003891	-0.011042	-0.015897	0.012006	0.020653	1	0.003659	1	-0.007723	1		0
CMP00685	1	139	1	1	1	1	4	TypeIIIA1	0	0	1	0.994643	Q4	1.407253	1.369714	1.390299	1.367464	1.394446	-0.00225	-0.022835	-0.026982	0.024732	0.005604	1	0.007392	1	0.000833	1		0
CMP00686	1	131	1	1	1	1	0	TypeIC1_IC2	0	1	0	0.993713	Q4	1.452007	1.345529	1.39633	1.406693	1.390134	0.061164	0.010363	0.016559	0.044605	0.040588	1	0.022951	1	-0.005507	1		0
CMP00687	1	132	1	1	1	1	1	TypeIC1_IC2	0	0	0	0.992753	Q4	1.319976	1.221753	1.233329	1.175753	1.198767	-0.046	-0.057576	-0.023014	-0.022986	0.038002	1	0.011506	1	-0.024581	1		0
CMP00688	1	144	1	1	1	1	2	TypeIA_IIAI	0	0	0	0.988644	Q3	1.426722	1.378071	1.391813	1.372332	1.406973	-0.005739	-0.019481	-0.034641	0.028902	0.000889	1	0.001231	1	-0.001567	1		0
CMP00689	1	125	1	1	1	1	3	OutgroupA	0	0	0	0.988228	Q3	1.378148	1.378249	1.358	1.340424	1.385269	-0.037825	-0.017576	-0.044845	0.00702	0.033496	1	0.0176	1	0.009911	1		0
CMP00690	1	136	1	1	1	1	4	TypeIB1	0	0	0	0.969719	Q1	1.465108	1.477842	1.507628	1.491168	1.457066	0.013326	-0.01646	0.034102	-0.020776	0.05239	1		0	0.020904	1		0
CMP00691	1	152	1	1	1	1	0	TypeIIIA1	1	1	0	0.988108	Q3	1.429759	1.390408	1.406742	1.395062	1.388319	0.004654	-0.01168	0.006743	-0.002089	0.015709	1	0.022576	1	0.023893	1		0
CMP00692	1	131	1	1	1	1	1	OutgroupA	0	1	0	0.984266	Q2	1.402923	1.393079	1.3925	1.3737	1.385244	-0.019379	-0.0188	-0.011544	-0.007835	0.003194	1	0.000933	1	-0.003855	1		0
CMP00693	1	245	1	1	1	1	2	TypeIIIA3	0	0	0	0.985046	Q2	1.418439	1.36342	1.376544	1.380035	1.387177	0.016615	0.003491	-0.007142	0.023757	0.010467	1	0.008368	1	-0.000509	1		0
CMP00694	1	151	1	1	1	1	3	TypeIA_IIAI	0	0	1	0.992055	Q4	1.413969	1.386357	1.364523	1.349668	1.369509	-0.036689	-0.014855	-0.019841	-0.016848	0.044651	1	0.025735	1	0.003704	1		0
CMP00695	1	135	1	1	1	1	4	OutgroupA	0	1	0	0.990537	Q3	1.365736	1.351342	1.232018	1.293033	1.269338	-0.058309	0.061015	0.023695	-0.082004	0.005463	1	0.029963	1	-0.015191	1		0
CMP00696	1	153	1	1	1	1	0	TypeIA_IIAI	0	0	0	0.990353	Q3	1.400462	1.378349	1.351139	1.402157	1.3395	0.023808	0.051018	0.062657	-0.038849	-0.005371	1	-0.011593	1	-0.038152	1		0
CMP00697	1	130	1	1	1	1	1	TypeIIIA1	1	1	1	0.991666	Q4	1.459424	1.39892	1.399207	1.417611	1.39438	0.018691	0.018404	0.023231	-0.00454	0.004476	1	0.002639	1	0.004057	1		0
CMP00698	1	315	1	1	1	1	2	TypeIIIA3	0	1	0	0.989611	Q3	1.419087	1.394243	1.380735	1.391357	1.398676	-0.002886	0.010622	-0.007319	0.004433	0.004318	1	0.000806	1	-0.003798	1		0
CMP00699	1	124	1	1	1	1	3	OutgroupA	0	1	0	0.987381	Q2	1.379514	1.309755	1.250187	1.253646	1.261885	-0.056109	0.003459	-0.008239	-0.04787	0.001341	1		0	0.003393	1		0
CMP00700	1	181	1	1	1	1	4	TypeIA_IIAI	0	0	0	0.990541	Q3	1.376263	1.431492	1.315528	1.295374	1.585729	-0.136118	-0.020154	-0.290355	0.154237	0.012422	1	0.013684	1	-0.003272	1		0
CMP00701	1	265	1	1	1	1	0	TypeIIIA3	1	1	0	0.982446	Q1	1.388324	1.354426	1.356317	1.355201	1.350959	0.000775	-0.001116	0.004242	-0.003467	0.015116	1		0	0.004411	1		0
CMP00702	1	144	1	1	1	1	1	TypeIX	0	1	0	0.990592	Q3	1.441788	1.439739	1.405627	1.412949	1.414331	-0.02679	0.007322	-0.001382	-0.025408	0.026914	1	0.044209	1	-0.000785	1		0
CMP00703	1	158	1	1	1	1	2	TypeXIII_Mx65	0	0	1	0.986235	Q2	1.419661	1.344454	1.368556	1.379476	1.424021	0.035022	0.01092	-0.044545	0.079567	-0.00118	1		0	0.001902	1		0
CMP00704	1	125	1	1	1	1	3	OutgroupA	0	0	0	0.986727	Q2	1.382899	1.357888	1.260944	1.282625	1.343289	-0.075263	0.021681	-0.060664	-0.014599	0.020866	1	0.01308	1	0.035516	1		0
CMP00705	1	149	1	1	1	1	4	TypeIIA3_proteo	0	0	0	0.976064	Q1	1.408996	1.421533	1.451703	1.465565	1.390435	0.044032	0.013862	0.07513	-0.031098	-0.001005	1		0	-0.030671	1		0
CMP00706	1	167	1	1	1	1	0	TypeIB2	0	1	1	0.994931	Q4	1.374832	1.941667	1.337252	1.328205	1.723962	-0.613462	-0.009047	-0.395757	-0.217705	0.020146	1	0.008294	1	0.009689	1		0
CMP00707	1	144	1	1	1	1	1	TypeIC1_IC2	0	0	0	0.988565	Q3	1.310954	1.231261	1.206435	1.149877	1.304763	-0.081384	-0.056558	-0.154886	0.073502	0.04871	1	0.018328	1	0.024691	1		0
CMP00708	1	134	1	1	1	1	2	TypeIC1_IC2	0	1	0	0.990611	Q3	1.428091	1.416058	1.29854	1.303723	1.390402	-0.112335	0.005183	-0.086679	-0.025656	0.00052	1	0.0104	1	-0.004054	1		0
CMP00709	1	182	1	1	1	1	3	TypeIIA3_firmi	0	1	1	0.990304	Q3	1.398853	1.37269	1.350304	1.336952	1.341982	-0.035738	-0.013352	-0.00503	-0.030708		0		0		0		0
CMP00710	1	158	1	1	1	1	4	TypeIA_IIAI	0	0	0	0.964768	Q1	1.391628	1.382337	1.313167	1.303287	1.302935	-0.07905	-0.00988	0.000352	-0.079402	0.004456	1		0	0.028899	1		0
CMP00711	1	129	1	1	1	1	0	OutgroupA	0	0	0	0.975948	Q1	1.387666	1.305586	1.331972	1.311117	1.299966	0.005531	-0.020855	0.011151	-0.00562	0.03325	1	0.044552	1	0.020263	1		0
CMP00712	1	124	1	1	1	1	1	TypeIC1_IC2	0	1	0	0.993039	Q4	1.336501	1.217293	1.209936	1.270838	1.195992	0.053545	0.060902	0.074846	-0.021301	-0.055418	1	-0.05636	1	-0.101425	1		0
CMP00713	1	130	1	1	1	1	2	TypeIC1_IC2	0	1	0	0.987825	Q3	1.423359	1.408407	1.478998	1.290677	1.36121	-0.11773	-0.188321	-0.070533	-0.047197	0.022898	1	0.025548	1	-0.019387	1		0
CMP00714	1	131	1	1	1	1	3	TypeIC1_IC2	0	1	0	0.993705	Q4	1.283228	1.188421	1.233695	1.118457	1.212468	-0.069964	-0.115238	-0.094011	0.024047	0.102706	1	0.103262	1	0.063492	1		0
CMP00715	1	281	1	1	1	1	4	TypeIIIA3	0	1	1	0.989051	Q3	1.445508	1.405518	1.395426	1.385357	1.420525	-0.020161	-0.010069	-0.035168	0.015007	0.019129	1	0.00896	1	0.00247	1		0
CMP00716	1	170	1	1	1	1	0	TypeIB2	0	1	0	0.991119	Q4	1.390825	1.497877	1.353397	1.363349	1.349549	-0.134528	0.009952	0.0138	-0.148328	0.000783	1		0	-0.00964	1		0
CMP00717	1	162	1	1	1	1	1	TypeIA_IIAI	0	0	0	0.985523	Q2	1.41172	1.382029	1.389574	1.3548	1.391623	-0.027229	-0.034774	-0.036823	0.009594	0.002551	1	0.000638	1	-0.004469	1		0
CMP00718	1	148	1	1	1	1	2	TypeIA_IIAI	0	0	0	0.991332	Q4	1.435733	1.40235	1.40879	1.444981	1.44253	0.042631	0.036191	0.002451	0.04018	-0.030497	1	-0.033379	1	-0.022421	1		0
CMP00719	1	127	1	1	1	1	3	OutgroupA	0	1	0	0.986248	Q2	1.43832	1.333938	1.263161	1.233762	1.365284	-0.100176	-0.029399	-0.131522	0.031346	0.095739	1		0	0.039668	1		0
CMP00720	1	135	1	1	1	1	4	TypeIIIA1	0	1	0	0.986551	Q2	1.423118	1.367449	1.440752	1.338772	1.310843	-0.028677	-0.10198	0.027929	-0.056606	0.071951	1	0.037382	1	0.008994	1		0
CMP00721	1	129	1	1	1	1	0	OutgroupA	0	0	1	0.990966	Q3	1.426395	1.378751	1.365728	1.376069	1.350331	-0.002682	0.010341	0.025738	-0.02842	0.037568	1	0.005216	1	-0.007862	1		0
CMP00722	1	131	1	1	1	1	1	OutgroupA	0	1	0	0.975985	Q1	1.378098	1.353615	1.323066	1.324135	1.343444	-0.02948	0.001069	-0.019309	-0.010171	0.007292	1	0.013547	1	0.003138	1		0
CMP00723	1	128	1	1	1	1	2	TypeIC1_IC2	0	0	0	0.994108	Q4	1.457057	1.298682	1.290157	1.332362	1.186492	0.03368	0.042205	0.14587	-0.11219	-0.078396	1		0	-0.076216	1		0
CMP00724	1	131	1	1	1	1	3	TypeIC1_IC2	0	1	0	0.996623	Q4	1.322579	1.259867	1.247569	1.298256	1.295107	0.038389	0.050687	0.003149	0.03524	-0.027696	1	-0.040569	1	-0.044481	1		0
CMP00725	1	165	1	1	1	1	4	TypeIA_IIAI	0	0	0	0.991943	Q4	1.42982	1.493412	1.369597	1.405044	1.721203	-0.088368	0.035447	-0.316159	0.227791	0.040999	1	0.049776	1	0.01445	1		0
CMP00726	1	133	1	1	1	1	0	OutgroupA	1	1	0	0.989203	Q3	1.352807	1.278685	1.309581	1.300194	1.288493	0.021509	-0.009387	0.011701	0.009808	0.01943	1	0.020576	1	0.006741	1		0
CMP00727	1	274	1	1	1	1	1	TypeIIIA3	0	1	1	0.986368	Q2	1.403322	1.404768	1.394237	1.413266	1.399175	0.008498	0.019029	0.014091	-0.005593	0.04186	1		0	0.006952	1		0
CMP00728	1	128	1	1	1	1	2	TypeIC1_IC2	0	1	0	0.990206	Q3	1.428151	1.346643	1.225972	1.255705	1.251647	-0.090938	0.029733	0.004058	-0.094996	-0.01109	1	-0.009447	1	-0.027469	1		0
CMP00729	1	161	1	1	1	1	3	TypeIIA2	0	0	0	0.892305	Q1	1.434697	1.449618	1.520337	1.416674	1.559086	-0.032944	-0.103663	-0.142412	0.109468		0		0	0.039676	1		0
CMP00730	1	134	1	1	1	1	4	TypeIIIA1	0	1	0	0.989237	Q3	1.386928	1.418308	1.41135	1.370922	1.368691	-0.047386	-0.040428	0.002231	-0.049617	0.038331	1	0.023894	1	0.036372	1		0
CMP00731	1	136	1	1	1	1	0	TypeIIIA1	0	0	0	0.984011	Q2	1.454455	1.388335	1.423645	1.393797	1.406528	0.005462	-0.029848	-0.012731	0.018193	0.0069	1		0	-0.004638	1		0
CMP00732	1	161	1	1	1	1	1	TypeIB2	0	1	0	0.994737	Q4	1.433418	1.408774	1.418447	1.403771	1.405549	-0.005003	-0.014676	-0.001778	-0.003225	0.007518	1	0.00728	1	0.003326	1		0
CMP00733	1	138	1	1	1	1	2	OutgroupA	0	1	1	0.99099	Q3	1.40368	1.283284	1.269879	1.273548	1.282556	-0.009736	0.003669	-0.009008	-0.000728	0.059808	1	0.045636	1	0.017302	1		0
CMP00734	1	169	1	1	1	1	3	TypeIIIA1	0	1	0	0.986559	Q2	1.363562	1.340983	1.350658	1.355899	1.364616	0.014916	0.005241	-0.008717	0.023633	-0.00213	1		0	-0.008793	1		0
CMP00735	1	278	1	1	1	1	4	TypeIIIA3	0	1	0	0.989474	Q3	1.411241	1.386938	1.383515	1.369838	1.361049	-0.0171	-0.013677	0.008789	-0.025889	0.066848	1	0.007893	1	0.003985	1		0
CMP00736	1	250	1	1	1	1	0	TypeIIIA3	0	1	1	0.99447	Q4	1.42828	1.389821	1.387187	1.383948	1.386564	-0.005873	-0.003239	-0.002616	-0.003257	0.004405	1	0.002758	1	0.001799	1		0
CMP00737	1	134	1	1	1	1	1	TypeIA_IIAI	0	0	0	0.932627	Q1	1.438476	1.536557	1.426044	1.506407	1.445142	-0.03015	0.080363	0.061265	-0.091415	0.007851	1		0	0.033174	1		0
CMP00738	1	200	1	1	1	1	2	TypeIIIA2	0	0	0	0.981949	Q1	1.422589	1.357631	1.40721	1.372261	1.351374	0.01463	-0.034949	0.020887	-0.006257	0.019553	1		0	0.027895	1		0
CMP00739	1	143	1	1	1	1	3	TypeIC1_IC2	0	0	0	0.988127	Q3	1.34092	1.31208	1.198647	1.177532	1.257124	-0.134548	-0.021115	-0.079592	-0.054956	0.070599	1		0	0.055132	1		0
CMP00740	1	179	1	1	1	1	4	TypeIA_IIAI	0	0	0	0.984633	Q2	1.38287	1.410857	1.338123	1.306428	1.397663	-0.104429	-0.031695	-0.091235	-0.013194	0.046022	1	0.041838	1	0.011107	1		0
CMP00741	1	153	1	1	1	1	0	TypeXIII_Mx65	0	1	0	0.975927	Q1	1.36581	1.320424	1.333169	1.356063	1.385321	0.035639	0.022894	-0.029258	0.064897	0.022332	1		0	0.022332	1		0
CMP00742	1	130	1	1	1	1	1	OutgroupA	0	1	1	0.98238	Q1	1.442909	1.413565	1.388955	1.370644	1.39218	-0.042921	-0.018311	-0.021536	-0.021385	0.032305	1	0.070337	1	0.011542	1		0
CMP00743	1	176	1	1	1	1	2	TypeIA_IIAI	0	0	0	0.988854	Q3	1.430304	1.384768	1.389881	1.373042	1.396666	-0.011726	-0.016839	-0.023624	0.011898	0.004063	1	0.000999	1	0.002415	1		0
CMP00744	1	195	1	1	1	1	3	TypeXIIIB_Ne144	0	0	0	0.974258	Q1	1.452162	1.430168	1.413049	1.464968	1.400133	0.0348	0.051919	0.064835	-0.030035	-0.024372	1	-0.034449	1	-0.039456	1		0
CMP00745	1	139	1	1	1	1	4	TypeIB1	0	0	1	0.983344	Q2	1.417127	1.410437	1.428902	1.426493	1.504671	0.016056	-0.002409	-0.078178	0.094234	0.010017	1		0	0.047052	1		0
CMP00746	1	142	1	1	1	1	0	TypeIC1_IC2	0	0	0	0.986563	Q2	1.438433	1.365263	1.402358	1.387118	1.372288	0.021855	-0.01524	0.01483	0.007025	0.026705	1	0.058071	1	0.00617	1		0
CMP00747	1	130	1	1	1	1	1	TypeIC1_IC2	0	1	0	0.98887	Q3	1.321756	1.238326	1.246802	1.211714	1.228817	-0.026612	-0.035088	-0.017103	-0.009509	-0.022845	1		0	-0.043117	1		0
CMP00748	1	269	1	1	1	1	2	TypeIIIA3	0	1	1	0.993369	Q4	1.413975	1.397602	1.404004	1.393452	1.40634	-0.00415	-0.010552	-0.012888	0.008738	0.002412	1	0.007426	1	0.002786	1		0
CMP00749	1	143	1	1	1	1	3	TypeIB1	0	1	0	0.991376	Q4	1.426292	1.418556	1.392677	1.392637	1.345973	-0.025919	-4e-05	0.046664	-0.072583	0.011808	1	0.017056	1	-0.012538	1		0
CMP00750	1	141	1	1	1	1	4	TypeIB1	1	1	0	0.987907	Q3	1.414171	1.255122	1.255662	1.243861	1.084926	-0.011261	-0.011801	0.158935	-0.170196	0.018969	1	0.035865	1	0.060732	1		0
CMP00751	1	205	1	1	1	1	0	Ec107_like	0	0	1	0.988014	Q3	1.41363	1.438385	1.358575	1.350286	1.457744	-0.088099	-0.008289	-0.107458	0.019359		0		0	0.006818	1		0
CMP00752	1	162	1	1	1	1	1	TypeIB2	1	1	0	0.994038	Q4	1.409829	1.399923	1.387994	1.387136	1.410821	-0.012787	-0.000858	-0.023685	0.010898	0.004383	1	0.001244	1	0.000966	1		0
CMP00753	1	127	1	1	1	1	2	OutgroupA	0	1	0	0.988344	Q3	1.420798	1.280279	1.257674	1.274165	1.299973	-0.006114	0.016491	-0.025808	0.019694	0.041144	1	0.035223	1	0.011388	1		0
CMP00754	1	155	1	1	1	1	3	TypeIA_IIAI	0	0	1	0.991162	Q4	1.403827	1.394058	1.377696	1.37247	1.380856	-0.021588	-0.005226	-0.008386	-0.013202	0.000857	1	0.004909	1	0.00105	1		0
CMP00755	1	163	1	1	1	1	4	TypeIB2	0	1	0	0.989064	Q3	1.432602	1.554923	1.4116	1.389483	1.49256	-0.16544	-0.022117	-0.103077	-0.062363	0.026852	1	0.040698	1	0.087355	1		0
CMP00756	1	150	1	1	1	1	0	TypeXIII_Mx65	0	0	0	0.975494	Q1	1.438068	1.370475	1.368114	1.402454	1.359537	0.031979	0.03434	0.042917	-0.010938	0.018184	1		0	0.018184	1		0
CMP00757	1	183	1	1	1	1	1	Ec107_like	0	0	0	0.969783	Q1	1.417687	1.410258	1.469579	1.437942	1.417556	0.027684	-0.031637	0.020386	0.007298	-0.004205	1		0	-0.026927	1		0
CMP00758	1	172	1	1	1	1	2	TypeIA_IIAI	0	0	0	0.986401	Q2	1.436998	1.39945	1.409949	1.416702	1.422016	0.017252	0.006753	-0.005314	0.022566	0.018739	1	0.013307	1	0.006227	1		0
CMP00759	1	137	1	1	1	1	3	TypeIC1_IC2	0	0	0	0.983173	Q2	1.433108	1.495304	1.421649	1.342748	1.379845	-0.152556	-0.078901	-0.037097	-0.115459	0.025344	1		0	0.012874	1		0
CMP00760	1	116	1	1	1	1	4	OutgroupA	0	0	0	0.958488	Q1	1.362429	1.543629	1.371763	1.37611	1.445398	-0.167519	0.004347	-0.069288	-0.098231	0.076516	1	0.087062	1	0.028559	1		0
CMP00761	1	130	1	1	1	1	0	OutgroupA	0	0	0	0.986317	Q2	1.349555	1.314105	1.287905	1.29354	1.300948	-0.020565	0.005635	-0.007408	-0.013157	0.042999	1	0.05777	1	0.007177	1		0
CMP00762	1	131	1	1	1	1	1	OutgroupA	0	1	0	0.979856	Q1	1.423003	1.436475	1.445662	1.446385	1.441874	0.00991	0.000723	0.004511	0.005399	0.036233	1	0.070395	1	0.003497	1		0
CMP00763	1	138	1	1	1	1	2	TypeIC1_IC2	0	0	1	0.992357	Q4	1.412597	1.444519	1.403747	1.376251	1.338301	-0.068268	-0.027496	0.03795	-0.106218	-0.016799	1	-0.028768	1	-0.023614	1		0
CMP00764	1	150	1	1	1	1	3	TypeIA_IIAI	0	0	0	0.988655	Q3	1.455469	1.411917	1.375053	1.359172	1.361329	-0.052745	-0.015881	-0.002157	-0.050588	0.042805	1	0.02996	1	0.003814	1		0
CMP00765	1	151	1	1	1	1	4	TypeXIIIA_firmi	0	0	0	0.968106	Q1	1.413957	1.40984	1.439167	1.442169	1.452379	0.032329	0.003002	-0.01021	0.042539	-0.015353	1	-0.019417	1	-0.019426	1		0
CMP00766	1	121	1	1	1	1	0	TypeIX	0	0	1	0.974234	Q1	1.481249	1.419668	1.374027	1.443744	1.753993	0.024076	0.069717	-0.310249	0.334325	-0.023755	1		0	-0.018481	1		0
CMP00767	1	137	1	1	1	1	1	TypeIX	0	1	0	0.987985	Q3	1.444548	1.440062	1.445413	1.439879	1.427339	-0.000183	-0.005534	0.01254	-0.012723	-6.6e-05	1	0.006823	1	-0.003041	1		0
CMP00768	1	177	1	1	1	1	2	TypeIA_IIAI	0	0	0	0.956724	Q1	1.425491	1.418709	1.410295	1.423152	1.409653	0.004443	0.012857	0.013499	-0.009056	0.018654	1		0	0.009514	1		0
CMP00769	1	130	1	1	1	1	3	OutgroupA	0	1	1	0.988271	Q3	1.316739	1.263586	1.285919	1.247045	1.288975	-0.016541	-0.038874	-0.04193	0.025389	0.006849	1	0.035697	1	0.00168	1		0
CMP00770	1	127	1	1	1	1	4	TypeIC1_IC2	0	1	0	0.992602	Q4	1.376401	1.306044	1.314496	1.357338	1.238886	0.051294	0.042842	0.118452	-0.067158	-0.009026	1	-0.001961	1	-0.016023	1		0
CMP00771	1	247	1	1	1	1	0	TypeIIIA3	0	1	0	0.99367	Q4	1.397422	1.387235	1.388574	1.382704	1.3713	-0.004531	-0.00587	0.011404	-0.015935	-0.000924	1	0.003592	1	0.002991	1		0
CMP00772	1	179	1	1	1	1	1	TypeIIIA2	0	0	1	0.985988	Q2	1.408418	1.353547	1.345454	1.364016	1.337527	0.010469	0.018562	0.026489	-0.01602	0.041593	1	0.049535	1	0.016712	1		0
CMP00773	1	134	1	1	1	1	2	TypeIC1_IC2	0	0	0	0.992798	Q4	1.447349	1.328762	1.229911	1.220791	1.203104	-0.107971	-0.00912	0.017687	-0.125658	0.023384	1		0	0.030764	1		0
CMP00774	1	169	1	1	1	1	3	TypeIA_IIAI	0	0	0	0.986547	Q2	1.404817	1.427215	1.38868	1.380346	1.40013	-0.046869	-0.008334	-0.019784	-0.027085	0.001419	1	0.000371	1	0.007645	1		0
CMP00775	1	248	1	1	1	1	4	TypeIIIA3	0	0	1	0.994845	Q4	1.406426	1.367951	1.391361	1.369566	1.355072	0.001615	-0.021795	0.014494	-0.012879	0.022073	1	0.016064	1	0.009393	1		0
CMP00776	1	133	1	1	1	1	0	TypeIIIA1	0	0	0	0.96522	Q1	1.403858	1.35873	1.439812	1.380171	1.374076	0.021441	-0.059641	0.006095	0.015346	-0.010109	1		0	-0.023343	1		0
CMP00777	1	127	1	1	1	1	1	TypeIC1_IC2	0	1	0	0.992971	Q4	1.313632	1.360114	1.22192	1.236351	1.417128	-0.123763	0.014431	-0.180777	0.057014	0.063974	1	0.065019	1	0.027737	1		0
CMP00778	1	155	1	1	1	1	2	TypeIA_IIAI	0	0	1	0.988772	Q3	1.388093	1.332052	1.393728	1.369101	1.395496	0.037049	-0.024627	-0.026395	0.063444	0.006905	1	0.004876	1	-0.008302	1		0
CMP00779	1	154	1	1	1	1	3	TypeIA_IIAI	0	0	0	0.990475	Q3	1.408877	1.37827	1.374759	1.39408	1.37623	0.01581	0.019321	0.01785	-0.00204	-0.016852	1	-0.013645	1	-0.029441	1		0
CMP00780	1	175	1	1	1	1	4	TypeIIA3_firmi	0	0	0	0.861109	Q1	1.362865	1.416706	2.029395	1.613872	1.430724	0.197166	-0.415523	0.183148	0.014018		0		0	-0.252299	1		0
CMP00781	1	141	1	1	1	1	0	TypeXIII_Mx65	0	0	1	0.988979	Q3	1.383782	1.393078	1.351171	1.347625	1.410653	-0.045453	-0.003546	-0.063028	0.017575	0.18993	1		0	0.18993	1		0
CMP00782	1	155	1	1	1	1	1	TypeIIA2	0	0	0	0.946133	Q1	1.42528	1.404039	1.438085	1.532206	1.43972	0.128167	0.094121	0.092486	0.035681		0		0	-0.008317	1		0
CMP00783	1	257	1	1	1	1	2	TypeIIIA3	1	1	0	0.993347	Q4	1.416485	1.378804	1.383244	1.392855	1.387905	0.014051	0.009611	0.00495	0.009101	-0.004939	1	-0.009699	1	-0.006603	1		0
CMP00784	1	119	1	1	1	1	3	TypeIIIA1	0	0	1	0.993442	Q4	1.468426	1.408775	1.369572	1.384814	1.398809	-0.023961	0.015242	-0.013995	-0.009966	0.004954	1	0.004025	1	0.000136	1		0
CMP00785	1	144	1	1	1	1	4	TypeIA_IIAI	0	0	0	0.986825	Q2	1.409682	1.488272	1.380714	1.380431	1.360657	-0.107841	-0.000283	0.019774	-0.127615	0.024898	1	0.030715	1	0.022051	1		0
CMP00786	1	134	1	1	1	1	0	TypeIIIA1	0	0	0	0.99165	Q4	1.40458	1.356323	1.410771	1.439364	1.398646	0.083041	0.028593	0.040718	0.042323	-0.028081	1	-0.037169	1	-0.034931	1		0
CMP00787	1	129	1	1	1	1	1	OutgroupA	0	0	1	0.986654	Q2	1.39911	1.375217	1.351624	1.376276	1.406419	0.001059	0.024652	-0.030143	0.031202	0.012042	1	0.010248	1	-0.00093	1		0
CMP00788	1	130	1	1	1	1	2	TypeIC1_IC2	0	0	0	0.993257	Q4	1.44796	1.361153	1.217338	1.21673	1.236565	-0.144423	-0.000608	-0.019835	-0.124588	0.02751	1	0.033208	1	0.012587	1		0
CMP00789	1	163	1	1	1	1	3	TypeIIA3_proteo	0	0	0	0.980243	Q1	1.417486	1.421483	1.390691	1.407851	1.446453	-0.013632	0.01716	-0.038602	0.02497		0		0	0.013471	1		0
CMP00790	1	270	1	1	1	1	4	TypeIIIA3	0	1	1	0.990292	Q3	1.400063	1.381316	1.380087	1.388136	1.350085	0.00682	0.008049	0.038051	-0.031231	0.020441	1	0.014976	1	0.001304	1		0
CMP00791	1	223	1	1	1	1	0	TypeXIIIB_Ne144	0	1	0	0.984735	Q2	1.440792	1.315439	1.337983	1.330192	1.262398	0.014753	-0.007791	0.067794	-0.053041	0.031999	1		0	0.033898	1		0
CMP00792	1	134	1	1	1	1	1	OutgroupA	0	0	0	0.963271	Q1	1.407664	1.37516	1.376913	1.376189	1.381054	0.001029	-0.000724	-0.004865	0.005894	-0.012203	1	0.009547	1	-0.003539	1		0
CMP00793	1	171	1	1	1	1	2	TypeIB2_firmi	0	0	1	0.965691	Q1	1.426287	1.359854	1.363402	1.400365	1.356984	0.040511	0.036963	0.043381	-0.00287		0		0	-0.001349	1		0
CMP00794	1	148	1	1	1	1	3	TypeIIA3_proteo	0	1	0	0.990978	Q3	1.37047	1.368305	1.340427	1.323543	1.385621	-0.044762	-0.016884	-0.062078	0.017316		0		0	0.137733	1		0
CMP00795	1	124	1	1	1	1	4	OutgroupA	0	1	0	0.985652	Q2	1.365091	1.2267	1.138126	1.172811	1.09031	-0.053889	0.034685	0.082501	-0.13639	0.020507	1		0	0.028499	1		0
CMP00796	1	164	1	1	1	1	0	TypeXIII_Mx65	0	0	1	0.975514	Q1	1.437929	1.394581	1.395335	1.388571	1.463019	-0.00601	-0.006764	-0.074448	0.068438	0.014747	1		0	0.014747	1		0
CMP00797	1	205	1	1	1	1	1	TypeXIIIA_firmi	0	0	0	0.962258	Q1	1.371214	1.363971	1.334114	1.337119	1.352137	-0.026852	0.003005	-0.015018	-0.011834	0.036022	1		0	0.013749	1		0
CMP00798	1	79	1	1	1	1	2	TypeIIA3_firmi	0	0	0	0.964852	Q1	1.454862	1.439934	1.500239	1.511692	1.486683	0.071758	0.011453	0.025009	0.046749	-0.093566	1	-0.10974	1	-0.069093	1		0
CMP00799	1	136	1	1	1	1	3	OutgroupA	0	0	1	0.975788	Q1	1.354024	1.327813	1.281777	1.273624	1.321649	-0.054189	-0.008153	-0.048025	-0.006164	0.017883	1		0	-0.015555	1		0
CMP00800	1	150	1	1	1	1	4	TypeIIA3_firmi	0	0	0	0.936634	Q1	1.438196	1.478728	1.432294	1.462543	1.456195	-0.016185	0.030249	0.006348	-0.022533		0		0	0.026781	1		0
CMP00801	1	191	1	1	1	1	0	TypeXIIIA_firmi	0	0	0	0.978745	Q1	1.405491	1.479532	1.370976	1.397691	1.401102	-0.081841	0.026715	-0.003411	-0.07843	0.058301	1		0	0.051936	1		0
CMP00802	1	129	1	1	1	1	1	TypeXIIIB_Ne144	0	0	0	0.978186	Q1	1.44743	1.40442	1.4216	1.399711	1.418326	-0.004709	-0.021889	-0.018615	0.013906	-0.00294	1		0	-0.012932	1		0
CMP00803	1	143	1	1	1	1	2	TypeIA_IIAI	0	1	0	0.992719	Q4	1.419963	1.39857	1.397883	1.373278	1.383518	-0.025292	-0.024605	-0.01024	-0.015052	0.024099	1		0	-0.005701	1		0
CMP00804	1	129	1	1	1	1	3	TypeIX	0	0	0	0.971164	Q1	1.383973	1.367394	1.353037	1.329829	1.375502	-0.037565	-0.023208	-0.045673	0.008108	0.046274	1		0	0.018556	1		0
CMP00805	1	130	1	1	1	1	4	TypeIC1_IC2	0	1	0	0.990199	Q3	1.413088	1.342583	1.343381	1.366893	1.244176	0.02431	0.023512	0.122717	-0.098407	0.015325	1	0.008531	1	0.00425	1		0
CMP00806	1	203	1	1	1	1	0	TypeXIIIA_firmi	0	0	0	0.977371	Q1	1.385707	1.409072	1.3389	1.448504	1.318979	0.039432	0.109604	0.129525	-0.090093	-0.022123	1		0	-0.044857	1		0
CMP00807	1	130	1	1	1	1	1	TypeIC1_IC2	1	1	0	0.963076	Q1	1.436844	1.40234	1.288522	1.266922	1.497817	-0.135418	-0.0216	-0.230895	0.095477	0.096126	1	0.065148	1	0.039849	1		0
CMP00808	1	76	1	1	1	1	2	TypeIIA2	0	0	1	0.988837	Q3	1.481436	1.479275	1.554327	1.588485	1.628834	0.10921	0.034158	-0.040349	0.149559	0.120847	1		0	0.14958	1		0
CMP00809	1	123	1	1	1	1	3	OutgroupA	0	1	0	0.980991	Q1	1.451311	1.468622	1.40362	1.387164	1.381571	-0.081458	-0.016456	0.005593	-0.087051	0.12297	1	0.075388	1	0.004926	1		0
CMP00810	1	162	1	1	1	1	4	TypeIB2_firmi	0	0	0	0.990036	Q3	1.37516	1.317815	1.381033	1.325328	1.30252	0.007513	-0.055705	0.022808	-0.015295		0		0	0.028413	1		0
CMP00811	1	148	1	1	1	1	0	TypeIC1_IC2	0	0	1	0.994936	Q4	1.416345	1.394163	1.375964	1.404217	1.403905	0.010054	0.028253	0.000312	0.009742	0.016392	1	0.006011	1	0.008001	1		0
CMP00812	1	130	1	1	1	1	1	Ec107_like	0	0	0	0.979932	Q1	1.436729	1.409719	1.405554	1.437018	1.452995	0.027299	0.031464	-0.015977	0.043276	0.000912	1	0.002826	1	0.001384	1		0
CMP00813	1	153	1	1	1	1	2	TypeIA_IIAI	0	0	0	0.989814	Q3	1.425954	1.376622	1.438138	1.422343	1.406738	0.045721	-0.015795	0.015605	0.030116	-0.014793	1	-0.024268	1	0.006076	1		0
CMP00814	1	132	1	1	1	1	3	OutgroupA	0	1	1	0.990309	Q3	1.361864	1.338579	1.281995	1.256716	1.297822	-0.081863	-0.025279	-0.041106	-0.040757	0.020804	1	0.019741	1	-0.000732	1		0
CMP00815	1	243	1	1	1	1	4	TypeXIIIB_Ne144	0	0	0	0.985262	Q2	1.411123	1.427213	1.398081	1.394219	1.416934	-0.032994	-0.003862	-0.022715	-0.010279	0.023786	1	0.014495	1	0.010827	1		0
CMP00816	1	157	1	1	1	1	0	TypeIB1	0	1	0	0.990547	Q3	1.409971	1.39484	1.378122	1.405558	1.374317	0.010718	0.027436	0.031241	-0.020523	-0.000559	1		0	0.001189	1		0
CMP00817	1	135	1	1	1	1	1	TypeIB1	0	0	1	0.993121	Q4	1.418648	1.384564	1.367392	1.354238	1.387819	-0.030326	-0.013154	-0.033581	0.003255	0.040417	1	0.031155	1	0.013692	1		0
CMP00818	1	128	1	1	1	1	2	OutgroupA	0	1	0	0.984378	Q2	1.401857	1.306828	1.229954	1.234653	1.284546	-0.072175	0.004699	-0.049893	-0.022282	-0.026902	1		0	-0.010572	1		0
CMP00819	1	192	1	1	1	1	3	TypeIA_IIAI	0	0	0	0.989	Q3	1.445302	1.427309	1.407177	1.391361	1.392964	-0.035948	-0.015816	-0.001603	-0.034345	0.002601	1	-0.003439	1	0.002602	1		0
CMP00820	1	134	1	1	1	1	4	OutgroupA	0	0	1	0.953811	Q1	1.306415	1.16959	1.176315	1.156835	1.104388	-0.012755	-0.01948	0.052447	-0.065202	0.029591	1		0	-0.01501	1		0
CMP00821	1	146	1	1	1	1	0	OutgroupB	0	1	0	0.988576	Q3	1.348645	1.328961	1.303531	1.329538	1.356629	0.000577	0.026007	-0.027091	0.027668		0		0	0.00342	1		0
CMP00822	1	126	1	1	1	1	1	TypeIC1_IC2	0	0	0	0.991416	Q4	1.367874	1.352853	1.350177	1.492746	1.407729	0.139893	0.142569	0.085017	0.054876	-0.070214	1	-0.071419	1	-0.077117	1		0
CMP00823	1	263	1	1	1	1	2	TypeIIIA3	0	0	1	0.993256	Q4	1.408093	1.341713	1.357623	1.359474	1.372339	0.017761	0.001851	-0.012865	0.030626	0.024525	1	0.011166	1	0.001377	1		0
CMP00824	1	137	1	1	1	1	3	OutgroupA	0	0	0	0.983884	Q2	1.440694	1.426476	1.350304	1.363076	1.425899	-0.0634	0.012772	-0.062823	-0.000577	0.011443	1		0	0.005287	1		0
CMP00825	1	172	1	1	1	1	4	TypeIB2	0	1	0	0.99509	Q4	1.420439	1.510792	1.35608	1.373681	1.425194	-0.137111	0.017601	-0.051513	-0.085598	0.00543	1	-0.002131	1	-0.002654	1		0
CMP00826	1	176	1	1	1	1	0	TypeIA_IIAI	0	0	1	0.991893	Q4	1.341277	1.289292	1.226042	1.255702	1.263409	-0.03359	0.02966	-0.007707	-0.025883	0.019333	1	0.012823	1	0.016339	1		0
CMP00827	1	92	1	1	1	1	1	TypeIA_IIAI	0	0	0	0.959358	Q1	1.345045	1.292641	1.371011	1.358945	1.391351	0.066304	-0.012066	-0.032406	0.09871	0.06835	1	0.0696	1	0.032558	1		0
CMP00828	1	157	1	1	1	1	2	TypeIC1_IC2	0	0	0	0.992464	Q4	1.413198	1.443638	1.442434	1.363325	1.315247	-0.080313	-0.079109	0.048078	-0.128391	-0.0092	1	-0.005291	1	0.037238	1		0
CMP00829	1	132	1	1	1	1	3	TypeIC1_IC2	0	0	0	0.992144	Q4	1.351915	1.328362	1.319758	1.273662	1.248464	-0.0547	-0.046096	0.025198	-0.079898	-0.035227	1		0	-0.048143	1		0
CMP00830	1	177	1	1	1	1	4	TypeIA_IIAI	0	0	0	0.988501	Q3	1.42489	1.491107	1.39554	1.384915	1.582882	-0.106192	-0.010625	-0.197967	0.091775	0.033727	1	0.033686	1	0.007211	1		0
CMP00831	1	122	1	1	1	1	0	OutgroupA	0	1	0	0.990674	Q3	1.400291	1.320563	1.371144	1.3395	1.310286	0.018937	-0.031644	0.029214	-0.010277	0.031782	1	0.016914	1	0.006555	1		0
CMP00832	1	133	1	1	1	1	1	OutgroupA	0	1	1	0.968703	Q1	1.326873	1.325896	1.318415	1.314154	1.335325	-0.011742	-0.004261	-0.021171	0.009429	0.019857	1	-0.001846	1	0.004035	1		0
CMP00833	1	209	1	1	1	1	2	Ec107_like	0	0	0	0.98131	Q1	1.425465	1.657133	1.394904	1.44895	1.402052	-0.208183	0.054046	0.046898	-0.255081	0.010584	1	-0.006134	1	0.003289	1		0
CMP00834	1	136	1	1	1	1	3	TypeIX	0	0	0	0.979245	Q1	1.381748	1.37887	1.361925	1.362697	1.416016	-0.016173	0.000772	-0.053319	0.037146	0.020035	1		0	0.009362	1		0
CMP00835	1	179	1	1	1	1	4	TypeIA_IIAI	0	0	1	0.991656	Q4	1.401103	1.584536	1.346371	1.329683	1.338245	-0.254853	-0.016688	-0.008562	-0.246291	0.007592	1	0.024646	1	0.01296	1		0
CMP00836	1	225	1	1	1	1	0	TypeIIIA3	0	1	0	0.989368	Q3	1.392504	1.375719	1.365525	1.379818	1.371806	0.004099	0.014293	0.008012	-0.003913	0.004245	1	-0.000984	1	-0.000176	1		0
CMP00837	1	194	1	1	1	1	1	TypeIA_IIAI	0	0	0	0.96463	Q1	1.41011	1.400317	1.393746	1.393522	1.384802	-0.006795	-0.000224	0.00872	-0.015515	0.006868	1		0	0.002074	1		0
CMP00838	1	157	1	1	1	1	2	TypeXIII_Mx65	0	0	1	0.982549	Q1	1.388864	1.32309	1.364777	1.341143	1.346939	0.018053	-0.023634	-0.005796	0.023849	0.067729	1	0.07522	1	0.07522	1		0
CMP00839	1	159	1	1	1	1	3	TypeIA_IIAI	0	0	0	0.98931	Q3	1.468809	1.435216	1.396995	1.431241	1.424626	-0.003975	0.034246	0.006615	-0.01059	0.00011	1	-0.004393	1	-0.030017	1		0
CMP00840	1	155	1	1	1	1	4	TypeIA_IIAI	0	0	0	0.990468	Q3	1.38456	1.319582	1.296825	1.281035	1.205256	-0.038547	-0.01579	0.075779	-0.114326	0.028737	1	0.026832	1	0.001874	1		0
CMP00841	1	157	1	1	1	1	0	TypeIA_IIAI	0	0	1	0.989603	Q3	1.437182	1.505896	1.350202	1.372889	1.502064	-0.133007	0.022687	-0.129175	-0.003832	0.003874	1	0.003016	1	-0.006402	1		0
CMP00842	1	132	1	1	1	1	1	OutgroupA	0	0	0	0.983523	Q2	1.367594	1.370066	1.385403	1.381674	1.378416	0.011608	-0.003729	0.003258	0.00835	0.005867	1	0.003162	1	0.005441	1		0
CMP00843	1	130	1	1	1	1	2	OutgroupA	0	0	0	0.989607	Q3	1.423537	1.297548	1.241829	1.289444	1.253373	-0.008104	0.047615	0.036071	-0.044175	0.008887	1		0	-0.036639	1		0
CMP00844	1	238	1	1	1	1	3	TypeIIIA2	1	1	1	0.988758	Q3	1.441437	1.447642	1.407422	1.402325	1.399909	-0.045317	-0.005097	0.002416	-0.047733	0.002269	1	0.025326	1	0.02237	1		0
CMP00845	1	127	1	1	1	1	4	TypeIB1	0	0	0	0.968811	Q1	1.450003	1.525278	1.440052	1.475407	1.45533	-0.049871	0.035355	0.020077	-0.069948	0.000826	1		0	-0.004166	1		0
CMP00846	1	126	1	1	1	1	0	TypeIIIA1	0	0	0	0.993945	Q4	1.386399	1.362719	1.33213	1.348899	1.341489	-0.01382	0.016769	0.00741	-0.02123	0.009404	1	0.02057	1	0.007596	1		0
CMP00847	1	127	1	1	1	1	1	OutgroupA	0	1	1	0.978959	Q1	1.313458	1.316404	1.307148	1.266999	1.318011	-0.049405	-0.040149	-0.051012	0.001607	0.017641	1	0.00191	1	0.005522	1		0
CMP00848	1	130	1	1	1	1	2	TypeIIA3_proteo	0	0	0	0.98575	Q2	1.450176	1.436086	1.416895	1.430546	1.444226	-0.00554	0.013651	-0.01368	0.00814	0.015951	1	0.024044	1	0.022601	1		0
CMP00849	1	223	1	1	1	1	3	TypeXIIIB_Ne144	0	0	0	0.977045	Q1	1.435667	1.44629	1.467544	1.553941	1.510862	0.107651	0.086397	0.043079	0.064572	-0.129251	1		0	-0.128724	1		0
CMP00850	1	136	1	1	1	1	4	TypeIC1_IC2	0	1	1	0.993921	Q4	1.438379	1.34421	1.37714	1.387588	1.324505	0.043378	0.010448	0.063083	-0.019705	0.015466	1	0.013712	1	-0.006537	1		0
CMP00851	1	133	1	1	1	1	0	TypeXIII_Mx65	0	0	0	0.970113	Q1	1.397362	1.359044	1.356317	1.398192	1.400414	0.039148	0.041875	-0.002222	0.04137	-0.006597	1		0	-0.006596	1		0
CMP00852	1	179	1	1	1	1	1	TypeIA_IIAI	0	0	0	0.989972	Q3	1.40116	1.3961	1.386357	1.385601	1.437244	-0.010499	-0.000756	-0.051643	0.041144	0.023554	1	0.014582	1	0.007119	1		0
CMP00853	1	162	1	1	1	1	2	TypeIA_IIAI	0	0	1	0.985554	Q2	1.424949	1.389912	1.375537	1.388617	1.368311	-0.001295	0.01308	0.020306	-0.021601	-0.004326	1	-0.001226	1	-0.002971	1		0
CMP00854	1	171	1	1	1	1	3	TypeXIII_Mx65	0	0	0	0.99177	Q4	1.401157	1.395323	1.35405	1.355278	1.387489	-0.040045	0.001228	-0.032211	-0.007834	0.001241	1	-0.001829	1	0.000731	1		0
CMP00855	1	134	1	1	1	1	4	OutgroupA	0	0	0	0.970799	Q1	1.41472	1.536655	1.50511	1.422707	1.45272	-0.113948	-0.082403	-0.030013	-0.083935	0.037531	1		0	-0.015819	1		0
CMP00856	1	170	1	1	1	1	0	TypeIA_IIAI	0	0	1	0.990412	Q3	1.401148	1.403259	1.311715	1.372229	1.27527	-0.03103	0.060514	0.096959	-0.127989	0.012624	1	0.010167	1	0.003647	1		0
CMP00857	1	216	1	1	1	1	1	TypeIIA3_firmi	0	1	0	0.979466	Q1	1.369804	1.350161	1.371214	1.363997	1.368603	0.013836	-0.007217	-0.004606	0.018442	0.005505	1	0.016004	1	-0.006118	1		0
CMP00858	1	170	1	1	1	1	2	TypeIIA2	0	1	0	0.984664	Q2	1.400122	1.42111	1.413709	1.421934	1.395349	0.000824	0.008225	0.026585	-0.025761	0.003165	1	0.000153	1	0.004946	1		0
CMP00859	1	136	1	1	1	1	3	OutgroupA	0	1	1	0.992535	Q4	1.36158	1.309315	1.245705	1.273054	1.435254	-0.036261	0.027349	-0.1622	0.125939	-0.01455	1	0.009124	1	-0.011194	1		0
CMP00860	1	137	1	1	1	1	4	TypeIIA3_proteo	0	0	0	0.971849	Q1	1.408769	1.36521	1.441904	1.365634	1.452308	0.000424	-0.07627	-0.086674	0.087098	0.008815	1	0.011223	1	0.00526	1		0
CMP00861	1	131	1	1	1	1	0	OutgroupA	0	1	0	0.970911	Q1	1.458276	1.373995	1.374214	1.385054	1.436919	0.011059	0.01084	-0.051865	0.062924	-0.00071	1		0	-0.005918	1		0
CMP00862	1	278	1	1	1	1	1	TypeIIIA3	0	1	1	0.989161	Q3	1.414765	1.3989	1.394961	1.419697	1.398287	0.020797	0.024736	0.02141	-0.000613	0.015487	1	0.010919	1	0.004678	1		0
CMP00863	1	276	1	1	1	1	2	TypeIIIA3	1	1	0	0.991885	Q4	1.42939	1.390455	1.39398	1.407273	1.394116	0.016818	0.013293	0.013157	0.003661	-0.004608	1	0.007607	1	-0.002939	1		0
CMP00864	1	132	1	1	1	1	3	OutgroupA	1	1	0	0.986191	Q2	1.26245	1.214836	1.175965	1.099621	1.143835	-0.115215	-0.076344	-0.044214	-0.071001	0.087479	1		0	0.019844	1		0
CMP00865	1	82	1	1	1	1	4	TypeIIA2	0	0	1	0.986757	Q2	1.454906	1.462336	1.47963	1.500947	1.529592	0.038611	0.021317	-0.028645	0.067256	-0.014362	1		0	-0.014362	1		0
CMP00866	1	140	1	1	1	1	0	TypeIIIA1	0	0	0	0.987429	Q2	1.458094	1.432144	1.362866	1.357586	1.404318	-0.074558	-0.00528	-0.046732	-0.027826	0.070323	1	0.055311	1	0.03736	1		0
CMP00867	1	133	1	1	1	1	1	OutgroupA	0	1	0	0.988128	Q3	1.467009	1.414773	1.382141	1.39103	1.410544	-0.023743	0.008889	-0.019514	-0.004229	0.032749	1	0.028337	1	0.00435	1		0
CMP00868	1	130	1	1	1	1	2	TypeIIA3_proteo	0	0	1	0.991764	Q4	1.42509	1.422642	1.351298	1.333992	1.356816	-0.08865	-0.017306	-0.022824	-0.065826	0.075611	1	0.045143	1	0.019616	1		0
CMP00869	1	190	1	1	1	1	3	TypeIIIA2	0	0	0	0.992063	Q4	1.429548	1.440905	1.418257	1.395889	1.401559	-0.045016	-0.022368	-0.00567	-0.039346	0.000132	1	-0.004104	1	-0.001246	1		0
CMP00870	1	130	1	1	1	1	4	OutgroupA	0	1	0	0.988278	Q3	1.384469	1.267303	1.232803	1.253273	1.250023	-0.01403	0.02047	0.00325	-0.01728	0.112461	1	0.052014	1	0.024979	1		0
CMP00871	1	128	1	1	1	1	0	TypeXIII_Mx65	0	0	1	0.968208	Q1	1.395497	1.327519	1.354254	1.298661	1.32888	-0.028858	-0.055593	-0.030219	0.001361	0.045472	1		0	0.045472	1		0
CMP00872	1	143	1	1	1	1	1	TypeIA_IIAI	0	0	0	0.991509	Q4	1.466841	1.458917	1.423114	1.419607	1.456133	-0.03931	-0.003507	-0.036526	-0.002784	-0.011666	1	-0.008439	1	-0.00329	1		0
CMP00873	1	135	1	1	1	1	2	OutgroupA	0	0	0	0.974933	Q1	1.419795	1.316779	1.258624	1.357671	1.261583	0.040892	0.099047	0.096088	-0.055196	-0.05108	1		0	-0.081919	1		0
CMP00874	1	182	1	1	1	1	3	Ec107_like	1	1	1	0.973878	Q1	1.401925	1.342063	1.312585	1.329386	1.374414	-0.012677	0.016801	-0.045028	0.032351	-0.022754	1	-0.026383	1	-0.034283	1		0
CMP00875	1	61	1	1	1	1	4	TypeXIIIC_Mx162	0	0	0	0.969246	Q1	1.455831	1.456141	1.749266	1.487037	1.58267	0.030896	-0.262229	-0.095633	0.126529	-0.031256	1		0	-0.039101	1		0
CMP00876	1	135	1	1	1	1	0	OutgroupA	0	0	0	0.91847	Q1	1.356493	1.251037	1.299847	1.298517	1.253631	0.04748	-0.00133	0.044886	0.002594	0.012851	1		0	0.005636	1		0
CMP00877	1	90	1	1	1	1	1	OutgroupA	0	0	0	0.973607	Q1	1.384544	1.350102	1.392735	1.337444	1.396647	-0.012658	-0.055291	-0.059203	0.046545	-0.012058	1	0.014959	1	-0.014004	1		0
CMP00878	1	188	1	1	1	1	2	TypeIA_IIAI	0	0	0	0.988061	Q3	1.427652	1.374114	1.386659	1.381355	1.396019	0.007241	-0.005304	-0.014664	0.021905	0.014304	1	0.013069	1	0.006262	1		0
CMP00879	1	142	1	1	1	1	3	TypeIC1_IC2	0	0	0	0.99144	Q4	1.392748	1.500824	1.368045	1.387497	1.536254	-0.113327	0.019452	-0.148757	0.03543	0.118424	1	0.098573	1	0.096727	1		0
CMP00880	1	165	1	1	1	1	4	TypeIIIA2	0	1	1	0.991021	Q3	1.369097	1.371495	1.385549	1.368015	1.357717	-0.00348	-0.017534	0.010298	-0.013778	0.022105	1	0.012731	1	0.011558	1		0
CMP00881	1	141	1	1	1	1	0	TypeIC1_IC2	0	1	0	0.982045	Q1	1.383114	1.348739	1.403811	1.381448	1.425833	0.032709	-0.022363	-0.044385	0.077094	0.025882	1	0.025766	1	0.015226	1		0
CMP00882	1	152	1	1	1	1	1	TypeIA_IIAI	0	0	0	0.980386	Q1	1.407494	1.307108	1.33694	1.354508	1.403615	0.0474	0.017568	-0.049107	0.096507	0.004584	1		0	0.011668	1		0
CMP00883	1	273	1	1	1	1	2	TypeIB2	0	0	1	0.993605	Q4	1.398361	1.428672	1.411777	1.426728	1.410894	-0.001944	0.014951	0.015834	-0.017778	0.023924	1	0.014202	1	0.019714	1		0
CMP00884	1	75	1	1	1	1	3	TypeIIA2	0	0	0	0.954102	Q1	1.575924	1.532676	1.460848	1.456055	1.525423	-0.076621	-0.004793	-0.069368	-0.007253		0		0	0.023297	1		0
CMP00885	1	109	1	1	1	1	4	TypeIC1_IC2	0	1	0	0.988098	Q3	1.387995	1.385881	1.374799	1.326186	1.353565	-0.059695	-0.048613	-0.027379	-0.032316	0.04976	1	0.045348	1	-0.00518	1		0
CMP00886	1	182	1	1	1	1	0	TypeIA_IIAI	0	0	1	0.991104	Q4	1.374526	1.267915	1.344713	1.315521	1.276177	0.047606	-0.029192	0.039344	0.008262	0.015271	1	0.002662	1	-0.005564	1		0
CMP00887	1	138	1	1	1	1	1	TypeIIIA1	0	0	0	0.986531	Q2	1.438653	1.436	1.41732	1.368574	1.395569	-0.067426	-0.048746	-0.026995	-0.040431	0.007748	1	0.007206	1	-0.000828	1		0
CMP00888	1	143	1	1	1	1	2	TypeIC1_IC2	0	0	0	0.993829	Q4	1.415171	1.384379	1.220946	1.275855	1.291955	-0.108524	0.054909	-0.0161	-0.092424	0.079101	1	0.035567	1	0.006998	1		0
CMP00889	1	128	1	1	1	1	3	TypeIC1_IC2	0	0	0	0.977872	Q1	1.340636	1.196598	1.418549	1.425095	1.431178	0.228497	0.006546	-0.006083	0.23458	-0.271761	1	-0.287353	1	-0.258727	1		0
CMP00890	1	147	1	1	1	1	4	TypeIX	0	0	0	0.965892	Q1	1.403541	1.359825	1.445464	1.441146	1.414032	0.081321	-0.004318	0.027114	0.054207		0		0	-0.023553	1		0
CMP00891	1	90	1	1	1	1	0	TypeIIIA1	0	0	0	0.983761	Q2	1.436455	1.435827	1.411126	1.333998	1.536397	-0.101829	-0.077128	-0.202399	0.10057	0.017414	1		0	0.019223	1		0
CMP00892	1	126	1	1	1	1	1	TypeXIII_Mx65	0	0	1	0.980858	Q1	1.411967	1.433355	1.384071	1.41261	1.435067	-0.020745	0.028539	-0.022457	0.001712	0.058312	1		0	0.029218	1		0
CMP00893	1	153	1	1	1	1	2	TypeIIIA1	0	1	0	0.989284	Q3	1.418698	1.354704	1.349805	1.307916	1.351776	-0.046788	-0.041889	-0.04386	-0.002928	0.042553	1		0	0.042553	1		0
CMP00894	1	160	1	1	1	1	3	TypeIA_IIAI	0	0	0	0.99027	Q3	1.447309	1.426765	1.406783	1.392521	1.371678	-0.034244	-0.014262	0.020843	-0.055087	0.002909	1	0.007479	1	-0.001606	1		0
CMP00895	1	156	1	1	1	1	4	TypeIA_IIAI	0	0	1	0.990915	Q3	1.397832	1.465651	1.334131	1.293905	1.370441	-0.171746	-0.040226	-0.076536	-0.09521	0.037454	1	0.038778	1	0.030862	1		0
CMP00896	1	176	1	1	1	1	0	TypeV	0	1	0	0.993265	Q4	1.480185	1.832461	1.513281	1.43669	2.289135	-0.395771	-0.076591	-0.852445	0.456674		0		0		0		0
CMP00897	1	131	1	1	1	1	1	OutgroupA	0	0	0	0.989364	Q3	1.453845	1.430523	1.417702	1.413275	1.404147	-0.017248	-0.004427	0.009128	-0.026376	0.067777	1	0.056644	1	-0.011674	1		0
CMP00898	1	165	1	1	1	1	2	TypeIIIA2	1	1	1	0.989554	Q3	1.427044	1.401435	1.399716	1.406493	1.386425	0.005058	0.006777	0.020068	-0.01501	-0.021041	1	-0.01608	1	-0.015401	1		0
CMP00899	1	268	1	1	1	1	3	TypeIIIA3	0	1	0	0.99443	Q4	1.395878	1.389429	1.36158	1.359896	1.374408	-0.029533	-0.001684	-0.014512	-0.015021	0.01533	1	0.012355	1	0.003442	1		0
CMP00900	1	131	1	1	1	1	4	OutgroupA	0	1	0	0.988342	Q3	1.398936	1.369926	1.277622	1.319186	1.359876	-0.05074	0.041564	-0.04069	-0.01005	0.011955	1		0	0.0118	1		0
CMP00901	1	132	1	1	1	1	0	OutgroupA	0	0	1	0.976274	Q1	1.437451	1.408204	1.41631	1.431792	1.40338	0.023588	0.015482	0.028412	-0.004824	-0.004367	1		0	0.001867	1		0
CMP00902	1	146	1	1	1	1	1	TypeIC1_IC2	0	1	0	0.994951	Q4	1.366638	1.35625	1.299895	1.375768	1.416872	0.019518	0.075873	-0.041104	0.060622	-0.040827	1	-0.032314	1	-0.023489	1		0
CMP00903	1	154	1	1	1	1	2	TypeIA_IIAI	0	0	0	0.98849	Q3	1.426295	1.381255	1.398135	1.390977	1.410003	0.009722	-0.007158	-0.019026	0.028748	0.018718	1	0.012493	1	0.001134	1		0
CMP00904	1	142	1	1	1	1	3	TypeIIIA1	0	0	1	0.971176	Q1	1.434004	1.437511	1.396484	1.416429	1.444323	-0.021082	0.019945	-0.027894	0.006812	0.010783	1		0	0.008713	1		0
CMP00905	1	198	1	1	1	1	4	TypeV	0	1	0	0.98173	Q1	1.416859	1.426052	1.425343	1.42059	1.45305	-0.005462	-0.004753	-0.03246	0.026998	-0.062076	1		0	-0.059351	1		0
CMP00906	1	230	1	1	1	1	0	TypeIIIA2	0	0	0	0.980545	Q1	1.395922	1.367405	1.446194	1.414825	1.461256	0.04742	-0.031369	-0.046431	0.093851	-0.031834	1		0	-0.036743	1		0
CMP00907	1	132	1	1	1	1	1	OutgroupA	0	0	1	0.940445	Q1	1.375494	1.353163	1.360992	1.365889	1.388923	0.012726	0.004897	-0.023034	0.03576	0.008194	1	0.001695	1	0.002187	1		0
CMP00908	1	267	1	1	1	1	2	TypeIIIA3	0	0	0	0.99048	Q3	1.414268	1.384279	1.390134	1.39042	1.384706	0.006141	0.000286	0.005714	0.000427	0.000622	1	0.005693	1	0.00379	1		0
CMP00909	1	156	1	1	1	1	3	Ec107_like	0	0	0	0.986625	Q2	1.426004	1.411416	1.423838	1.408331	1.404076	-0.003085	-0.015507	0.004255	-0.00734	0.020717	1	0.012868	1	0.01112	1		0
CMP00910	1	206	1	1	1	1	4	TypeIIA2	0	0	1	0.985763	Q2	1.435312	1.436926	1.455988	1.456426	1.512571	0.0195	0.000438	-0.056145	0.075645	-0.017052	1		0	-0.017052	1		0
CMP00911	1	169	1	1	1	1	0	TypeXIII_Mx65	0	0	0	0.972608	Q1	1.374464	1.35208	1.347892	1.332755	1.306689	-0.019325	-0.015137	0.026066	-0.045391	0.022929	1		0	0.022929	1		0
CMP00912	1	133	1	1	1	1	1	OutgroupB	0	0	0	0.933301	Q1	1.395886	1.417254	1.408704	1.389191	1.390639	-0.028063	-0.019513	-0.001448	-0.026615	-0.024564	1		0	-0.021369	1		0
CMP00913	1	81	1	1	1	1	2	OutgroupA	0	0	1	0.938541	Q1	1.440106	1.446888	1.429058	1.375139	1.469784	-0.071749	-0.053919	-0.094645	0.022896	0.115556	1		0	0.055884	1		0
CMP00914	1	129	1	1	1	1	3	OutgroupA	0	0	0	0.891513	Q1	1.349635	1.335946	1.314573	1.348899	1.427885	0.012953	0.034326	-0.078986	0.091939	-0.002535	1		0	-0.009159	1		0
CMP00915	1	144	1	1	1	1	4	TypeIC1_IC2	0	0	0	0.990638	Q3	1.383449	1.353921	1.358386	1.347536	1.218497	-0.006385	-0.01085	0.129039	-0.135424	0.005449	1	0.002456	1	0.014702	1		0
CMP00916	1	141	1	1	1	1	0	TypeIIIA1	0	0	1	0.984415	Q2	1.434533	1.398179	1.401297	1.403979	1.389716	0.0058	0.002682	0.014263	-0.008463	0.049315	1	0.060877	1	0.032103	1		0
CMP00917	1	144	1	1	1	1	1	TypeIX	0	1	0	0.990264	Q3	1.440018	1.436367	1.393286	1.424206	1.41593	-0.012161	0.03092	0.008276	-0.020437	0.003607	1	0.000179	1	-0.000449	1		0
CMP00918	1	160	1	1	1	1	2	TypeIA_IIAI	0	0	0	0.991378	Q4	1.421973	1.369025	1.394608	1.407545	1.39535	0.03852	0.012937	0.012195	0.026325	-0.015191	1	-0.018961	1	-0.013961	1		0
CMP00919	1	132	1	1	1	1	3	TypeIX	0	0	1	0.927017	Q1	1.413951	1.451003	1.363623	1.371592	1.408091	-0.079411	0.007969	-0.036499	-0.042912	0.022813	1		0	-0.000318	1		0
CMP00920	1	133	1	1	1	1	4	TypeIA_IIAI	0	0	0	0.991889	Q4	1.401597	1.388975	1.389688	1.511063	1.335078	0.122088	0.121375	0.175985	-0.053897	-0.086311	1	-0.071511	1	-0.058527	1		0
CMP00921	1	140	1	1	1	1	0	TypeIC1_IC2	0	0	0	0.992662	Q4	1.409666	1.327798	1.392576	1.39645	1.35476	0.068652	0.003874	0.04169	0.026962	0.047373	1	0.021829	1	0.000554	1		0
CMP00922	1	153	1	1	1	1	1	TypeIA_IIAI	0	0	1	0.983298	Q2	1.401586	1.382009	1.336968	1.337655	1.35135	-0.044354	0.000687	-0.013695	-0.030659	0.012027	1	0.006445	1	0.002275	1		0
CMP00923	1	259	1	1	1	1	2	TypeIIIA3	0	0	0	0.975408	Q1	1.420312	1.361409	1.38323	1.408315	1.421901	0.046906	0.025085	-0.013586	0.060492	-0.020027	1		0	-0.045088	1		0
CMP00924	1	129	1	1	1	1	3	OutgroupA	0	0	0	0.992231	Q4	1.410288	1.400692	1.300408	1.283446	1.270104	-0.117246	-0.016962	0.013342	-0.130588	0.053749	1	0.061961	1	0.00144	1		0
CMP00925	1	289	1	1	1	1	4	TypeIIIA3	0	0	1	0.994011	Q4	1.41439	1.378674	1.392053	1.39389	1.335637	0.015216	0.001837	0.058253	-0.043037	0.016436	1	0.002086	1	0.003417	1		0
CMP00926	1	112	1	1	1	1	0	TypeIIA3_proteo	0	0	0	0.975668	Q1	1.426032	1.447571	1.391337	1.370921	1.490139	-0.07665	-0.020416	-0.119218	0.042568	0.097643	1	0.107492	1	0.067805	1		0
CMP00927	1	156	1	1	1	1	1	TypeIX	0	1	0	0.986178	Q2	1.424935	1.407009	1.38488	1.424581	1.396691	0.017572	0.039701	0.02789	-0.010318	0.00915	1		0	-0.000936	1		0
CMP00928	1	227	1	1	1	1	2	TypeXIIIB_Ne144	0	0	1	0.977146	Q1	1.411024	1.266818	1.344419	1.401947	1.364478	0.135129	0.057528	0.037469	0.09766	-0.144344	1		0	-0.104044	1		0
CMP00929	1	123	1	1	1	1	3	OutgroupA	0	1	0	0.988934	Q3	1.372591	1.352748	1.260367	1.239247	1.298252	-0.113501	-0.02112	-0.059005	-0.054496	0.035682	1	0.02927	1	0.029438	1		0
CMP00930	1	154	1	1	1	1	4	TypeIA_IIAI	0	0	0	0.991882	Q4	1.389242	1.354169	1.250268	1.266437	1.206843	-0.087732	0.016169	0.059594	-0.147326	0.025378	1	0.013263	1	0.030119	1		0
CMP00931	1	150	1	1	1	1	0	Ec107_like	0	1	1	0.985926	Q2	1.388458	1.413751	1.370637	1.349022	1.403471	-0.064729	-0.021615	-0.054449	-0.01028		0		0	0.0189	1		0
CMP00932	1	64	1	1	1	1	1	TypeIIA2	0	0	0	0.940039	Q1	1.406966	1.435543	1.544272	1.489142	1.577135	0.053599	-0.05513	-0.087993	0.141592		0		0	-0.033875	1		0
CMP00933	1	134	1	1	1	1	2	TypeIIIA1	0	0	0	0.988948	Q3	1.431264	1.388605	1.395793	1.379152	1.414745	-0.009453	-0.016641	-0.035593	0.02614	0.027015	1		0	0.027015	1		0
CMP00934	1	136	1	1	1	1	3	OutgroupA	0	0	1	0.977502	Q1	1.403658	1.4148	1.377953	1.373373	1.416518	-0.041427	-0.00458	-0.043145	0.001718	0.039921	1	0.041357	1	0.01848	1		0
CMP00935	1	138	1	1	1	1	4	OutgroupB	0	0	0	0.937102	Q1	1.436462	1.651462	1.468742	1.480162	1.460621	-0.1713	0.01142	0.019541	-0.190841		0		0	-0.018095	1		0
CMP00936	1	125	1	1	1	1	0	OutgroupA	1	1	0	0.991931	Q4	1.404473	1.365584	1.388216	1.350992	1.35031	-0.014592	-0.037224	0.000682	-0.015274	0.009556	1	0.01934	1	0.002209	1		0
CMP00937	1	125	1	1	1	1	1	TypeIC1_IC2	1	1	0	0.99507	Q4	1.379605	1.323441	1.249061	1.252828	1.27472	-0.070613	0.003767	-0.021892	-0.048721	0.005714	1	0.022155	1	0.015358	1		0
CMP00938	1	160	1	1	1	1	2	TypeIC1_IC2	0	0	0	0.991708	Q4	1.416478	1.456603	1.300634	1.343601	1.352051	-0.113002	0.042967	-0.00845	-0.104552	0.107285	1		0	0.041429	1		0
CMP00939	1	130	1	1	1	1	3	TypeIC1_IC2	0	1	0	0.995258	Q4	1.254035	1.19262	1.19235	1.032879	1.239267	-0.159741	-0.159471	-0.206388	0.046647	0.125674	1	0.112164	1	0.044987	1		0
CMP00940	1	135	1	1	1	1	4	TypeIC1_IC2	0	1	1	0.994533	Q4	1.41271	1.331359	1.375629	1.395381	1.284788	0.064022	0.019752	0.110593	-0.046571	-0.005483	1	-0.002905	1	-0.013869	1		0
CMP00941	1	146	1	1	1	1	0	OutgroupB	0	1	0	0.983537	Q2	1.397442	1.377547	1.414423	1.351206	1.374841	-0.026341	-0.063217	-0.023635	-0.002706		0		0	0.008562	1		0
CMP00942	1	205	1	1	1	1	1	TypeIIIA2	0	1	0	0.989493	Q3	1.400344	1.384066	1.396452	1.408945	1.381319	0.024879	0.012493	0.027626	-0.002747	-0.034469	1	-0.041214	1	-0.020072	1		0
CMP00943	1	122	1	1	1	1	2	TypeIIA2	0	0	1	0.98108	Q1	1.410162	1.386003	1.392111	1.397235	1.430554	0.011232	0.005124	-0.033319	0.044551	0.05111	1	0.045969	1	0.038752	1		0
CMP00944	1	268	1	1	1	1	3	TypeIIIA2	0	1	0	0.986835	Q2	1.437391	1.389105	1.430462	1.406465	1.36123	0.01736	-0.023997	0.045235	-0.027875	0.012918	1		0	0.00124	1		0
CMP00945	1	130	1	1	1	1	4	OutgroupA	0	1	0	0.98904	Q3	1.332621	1.296211	1.211345	1.291048	1.296202	-0.005163	0.079703	-0.005154	-9e-06	0.051454	1	0.019888	1	0.021052	1		0
CMP00946	1	118	1	1	1	1	0	TypeIX	0	0	1	0.984272	Q2	1.438848	1.378057	1.386932	1.432854	1.470158	0.054797	0.045922	-0.037304	0.092101	0.016432	1		0	0.016036	1		0
CMP00947	1	141	1	1	1	1	1	TypeIA_IIAI	0	0	0	0.991281	Q4	1.336752	1.338744	1.376394	1.391676	1.380998	0.052932	0.015282	0.010678	0.042254	-0.027973	1	-0.017729	1	-0.006467	1		0
CMP00948	1	138	1	1	1	1	2	OutgroupA	0	1	0	0.988446	Q3	1.407855	1.50235	1.402629	1.362677	1.389408	-0.139673	-0.039952	-0.026731	-0.112942	0.067673	1	0.109118	1	0.107373	1		0
CMP00949	1	128	1	1	1	1	3	TypeIA_IIAI	0	0	1	0.938981	Q1	1.497051	1.466389	1.637876	1.877743	1.508472	0.411354	0.239867	0.369271	0.042083	-0.42189	1	-0.423153	1	-0.413117	1		0
CMP00950	1	141	1	1	1	1	4	TypeIC1_IC2	0	0	0	0.990791	Q3	1.386632	1.348984	1.338958	1.353449	1.353532	0.004465	0.014491	-8.3e-05	0.004548	0.006642	1	-0.016848	1	-0.008441	1		0
CMP00951	1	190	1	1	1	1	0	TypeIA_IIAI	0	0	0	0.989801	Q3	1.396515	1.416906	1.344833	1.31254	1.422041	-0.104366	-0.032293	-0.109501	0.005135	0.065339	1	0.04098	1	0.025649	1		0
CMP00952	1	156	1	1	1	1	1	TypeIB2	0	1	0	0.995596	Q4	1.41009	1.382868	1.385541	1.390119	1.389144	0.007251	0.004578	0.000975	0.006276	-0.006313	1	-0.005999	1	-0.005766	1		0
CMP00953	1	187	1	1	1	1	2	TypeXIIIB_Ne144	0	0	0	0.985133	Q2	1.433417	1.415747	1.407151	1.413967	1.409055	-0.00178	0.006816	0.004912	-0.006692	0.133295	1		0	0.040607	1		0
CMP00954	1	130	1	1	1	1	3	TypeIC1_IC2	0	0	0	0.992911	Q4	1.335593	1.229955	1.249958	1.177472	1.211042	-0.052483	-0.072486	-0.03357	-0.018913	-0.039299	1		0	-0.015194	1		0
CMP00955	1	152	1	1	1	1	4	TypeIA_IIAI	0	0	1	0.987422	Q2	1.379833	1.382188	1.395196	1.320567	1.434488	-0.061621	-0.074629	-0.113921	0.0523	0.029124	1		0	0.009211	1		0
CMP00956	1	133	1	1	1	1	0	TypeIIA3_proteo	0	0	0	0.978578	Q1	1.472365	1.48907	1.381031	1.443435	1.461434	-0.045635	0.062404	-0.017999	-0.027636	0.044014	1		0	0.038122	1		0
CMP00957	1	272	1	1	1	1	1	TypeIIIA3	0	1	0	0.993188	Q4	1.417669	1.392805	1.380635	1.384215	1.394109	-0.00859	0.00358	-0.009894	0.001304	-0.000688	1	-0.001928	1	0.004798	1		0
CMP00958	1	150	1	1	1	1	2	TypeXIII_Mx65	0	1	1	0.95785	Q1	1.421874	1.370099	1.420617	1.368893	1.394765	-0.001206	-0.051724	-0.025872	0.024666	0.018768	1		0	0.017843	1		0
CMP00959	1	254	1	1	1	1	3	TypeIIIA3	0	1	0	0.994612	Q4	1.392156	1.383405	1.352277	1.367032	1.3619	-0.016373	0.014755	0.005132	-0.021505	0.000296	1	-0.000624	1	0.002119	1		0
CMP00960	1	147	1	1	1	1	4	TypeIIIA1	0	0	0	0.970081	Q1	1.370772	1.344934	1.463501	1.415053	1.441475	0.070119	-0.048448	-0.026422	0.096541	-0.050687	1		0	-0.028928	1		0
CMP00961	1	130	1	1	1	1	0	OutgroupA	0	0	0	0.977274	Q1	1.34267	1.315172	1.320275	1.333779	1.272943	0.018607	0.013504	0.060836	-0.042229	-0.01352	1		0	-0.021597	1		0
CMP00962	1	135	1	1	1	1	1	TypeIIIA1	0	0	0	0.989911	Q3	1.469627	1.419523	1.411164	1.416605	1.421136	-0.002918	0.005441	-0.004531	0.001613	0.056444	1	0.045604	1	0.024833	1		0
CMP00963	1	126	1	1	1	1	2	TypeIC1_IC2	0	1	0	0.992276	Q4	1.427339	1.548291	1.451816	1.319773	1.408176	-0.228518	-0.132043	-0.088403	-0.140115	0.027294	1	0.049376	1	-0.017078	1		0
CMP00964	1	139	1	1	1	1	3	TypeIB1	0	1	1	0.992659	Q4	1.409953	1.430835	1.383115	1.393241	1.355279	-0.037594	0.010126	0.037962	-0.075556	0.009671	1	0.010843	1	0.002453	1		0
CMP00965	1	126	1	1	1	1	4	OutgroupA	0	0	0	0.982115	Q1	1.353841	1.300789	1.234807	1.254845	1.247061	-0.045944	0.020038	0.007784	-0.053728	0.162711	1	0.148381	1	0.085599	1		0
CMP00966	1	214	1	1	1	1	0	TypeXIIIA_firmi	0	0	0	0.988809	Q3	1.381184	1.47639	1.395304	1.370581	1.39765	-0.105809	-0.024723	-0.027069	-0.07874	0.028997	1		0	0.015096	1		0
CMP00967	1	271	1	1	1	1	1	TypeIIIA3	0	1	1	0.994021	Q4	1.424883	1.406543	1.398688	1.394671	1.412299	-0.011872	-0.004017	-0.017628	0.005756	0.013064	1	0.013803	1	0.005995	1		0
CMP00968	1	137	1	1	1	1	2	OutgroupB	0	1	0	0.986528	Q2	1.422601	1.407448	1.233895	1.243219	1.362786	-0.164229	0.009324	-0.119567	-0.044662		0		0	0.101364	1		0
CMP00969	1	200	1	1	1	1	3	Ec107_like	0	1	0	0.983461	Q2	1.41897	1.412823	1.418581	1.370254	1.63833	-0.042569	-0.048327	-0.268076	0.225507	0.043579	1	0.022434	1	0.029516	1		0
CMP00970	1	200	1	1	1	1	4	TypeXIIIA_firmi	0	0	1	0.971586	Q1	1.398027	1.393708	1.370619	1.407126	1.403726	0.013418	0.036507	0.0034	0.010018	0.005786	1	0.029395	1	0.011572	1		0
CMP00971	1	106	1	1	1	1	0	TypeIIIA3	0	0	0	0.965716	Q1	1.359296	1.426325	1.402602	1.400912	1.400143	-0.025413	-0.00169	0.000769	-0.026182	0.022638	1	0.013132	1	0.027408	1		0
CMP00972	1	153	1	1	1	1	1	TypeIA_IIAI	0	0	0	0.990315	Q3	1.377913	1.415937	1.403739	1.382019	1.424522	-0.033918	-0.02172	-0.042503	0.008585	0.001518	1	-0.00112	1	-0.004508	1		0
CMP00973	1	251	1	1	1	1	2	TypeIIIA3	0	1	1	0.99314	Q4	1.423514	1.384727	1.369755	1.385858	1.397212	0.001131	0.016103	-0.011354	0.012485	-0.000603	1	-0.00401	1	-0.006073	1		0
CMP00974	1	144	1	1	1	1	3	TypeIIIA1	0	0	0	0.978416	Q1	1.388972	1.346539	1.346579	1.333745	1.366843	-0.012794	-0.012834	-0.033098	0.020304	0.029327	1	0.026205	1	0.011616	1		0
CMP00975	1	163	1	1	1	1	4	TypeIB2_firmi	0	0	0	0.993827	Q4	1.345915	1.273816	1.310056	1.320947	1.312786	0.047131	0.010891	0.008161	0.03897		0		0	0.003853	1		0
CMP00976	1	150	1	1	1	1	0	TypeIIIA2	0	0	1	0.975377	Q1	1.369795	1.367599	1.405807	1.396509	1.386292	0.02891	-0.009298	0.010217	0.018693	-0.08315	1		0	-0.081281	1		0
CMP00977	1	124	1	1	1	1	1	TypeXIII_Mx65	0	0	0	0.987874	Q3	1.410645	1.379953	1.366613	1.384855	1.383336	0.004902	0.018242	0.001519	0.003383	-0.005036	1		0	-0.00342	1		0
CMP00978	1	152	1	1	1	1	2	TypeIA_IIAI	0	0	0	0.990265	Q3	1.421311	1.362638	1.376965	1.34186	1.3749	-0.020778	-0.035105	-0.03304	0.012262	0.036151	1	0.023239	1	0.003386	1		0
CMP00979	1	166	1	1	1	1	3	TypeIA_IIAI	0	0	1	0.989775	Q3	1.424849	1.390723	1.411122	1.417388	1.395648	0.026665	0.006266	0.02174	0.004925	-0.009041	1	-0.021117	1	-0.00106	1		0
CMP00980	1	137	1	1	1	1	4	TypeIA_IIAI	0	0	0	0.991	Q3	1.38591	1.375668	1.325442	1.336951	1.307824	-0.038717	0.011509	0.029127	-0.067844	0.001974	1	0.005009	1	0.007449	1		0
CMP00981	1	152	1	1	1	1	0	TypeIA_IIAI	0	0	0	0.990779	Q3	1.372234	1.377651	1.288716	1.321272	1.270007	-0.056379	0.032556	0.051265	-0.107644	0.011973	1	0.000359	1	-0.004079	1		0
CMP00982	1	131	1	1	1	1	1	TypeIIIA1	0	0	1	0.973075	Q1	1.431228	1.423432	1.415338	1.408156	1.419646	-0.015276	-0.007182	-0.01149	-0.003786	-0.003767	1		0	0.001236	1		0
CMP00983	1	176	1	1	1	1	2	TypeIB2	0	1	0	0.994311	Q4	1.42239	1.337639	1.378383	1.379971	1.403233	0.042332	0.001588	-0.023262	0.065594	0.013245	1	-0.005329	1	0.008188	1		0
CMP00984	1	150	1	1	1	1	3	TypeIC1_IC2	0	1	0	0.986129	Q2	1.29095	1.134936	1.173259	1.003994	1.120129	-0.130942	-0.169265	-0.116135	-0.014807	0.176628	1	0.219608	1	0.186158	1		0
CMP00985	1	103	1	1	1	1	4	TypeIA_IIAI	0	0	1	0.992092	Q4	1.380643	1.293029	1.354961	1.352318	1.504347	0.059289	-0.002643	-0.152029	0.211318	0.100569	1		0	0.053819	1		0
CMP00986	1	96	1	1	1	1	0	TypeIV	0	0	0	0.990085	Q3	1.477626	1.37876	1.427323	1.413493	1.505281	0.034733	-0.01383	-0.091788	0.126521		0		0	0.030882	1		0
CMP00987	1	128	1	1	1	1	1	TypeIC1_IC2	1	1	0	0.996327	Q4	1.322415	1.32083	1.236188	1.218162	1.434067	-0.102668	-0.018026	-0.215905	0.113237	0.047151	1	0.030664	1	-0.015181	1		0
CMP00988	1	160	1	1	1	1	2	TypeIB2	0	1	1	0.992727	Q4	1.445335	1.362291	1.356981	1.375712	1.384667	0.013421	0.018731	-0.008955	0.022376	0.017552	1	-0.003809	1	0.004282	1		0
CMP00989	1	145	1	1	1	1	3	TypeIA_IIAI	0	0	0	0.989419	Q3	1.438994	1.432082	1.407388	1.418242	1.399602	-0.01384	0.010854	0.01864	-0.03248	-0.011502	1	-0.017489	1	-0.008342	1		0
CMP00990	1	99	1	1	1	1	4	TypeIC1_IC2	0	0	0	0.985678	Q2	1.446468	1.411307	1.413202	1.420936	1.499665	0.009629	0.007734	-0.078729	0.088358	0.01644	1	-0.002001	1	0.005725	1		0
CMP00991	1	137	1	1	1	1	0	TypeIC1_IC2	0	1	1	0.990665	Q3	1.477725	1.352752	1.41616	1.411224	1.403977	0.058472	-0.004936	0.007247	0.051225	0.048038	1	-0.000272	1	-0.009363	1		0
CMP00992	1	207	1	1	1	1	1	TypeIB2	0	1	0	0.986548	Q2	1.430355	1.407706	1.367122	1.364106	1.438479	-0.0436	-0.003016	-0.074373	0.030773	-0.00382	1		0	0.009514	1		0
CMP00993	1	132	1	1	1	1	2	OutgroupA	0	1	0	0.991568	Q4	1.422925	1.234188	1.147675	1.172859	1.20509	-0.061329	0.025184	-0.032231	-0.029098	0.020832	1	0.013489	1	0.000215	1		0
CMP00994	1	79	1	1	1	1	3	TypeIIIA2	0	0	1	0.973102	Q1	1.388957	1.337222	1.400768	1.422172	1.351082	0.08495	0.021404	0.07109	0.01386	0.055155	1	0.046178	1	-0.005177	1		0
CMP00995	1	130	1	1	1	1	4	TypeIB2_firmi	0	0	0	0.988551	Q3	1.344262	1.308079	1.328876	1.309152	1.290426	0.001073	-0.019724	0.018726	-0.017653		0		0	-0.0066	1		0
CMP00996	1	176	1	1	1	1	0	TypeIIA3_firmi	0	0	0	0.992038	Q4	1.417333	1.391769	1.441573	1.45543	1.369209	0.063661	0.013857	0.086221	-0.02256		0		0	-0.017502	1		0
CMP00997	1	246	1	1	1	1	1	TypeIIIA3	0	1	1	0.994244	Q4	1.381308	1.378906	1.372033	1.37757	1.392318	-0.001336	0.005537	-0.014748	0.013412	0.002057	1	0.007748	1	-0.001365	1		0
CMP00998	1	131	1	1	1	1	2	OutgroupA	1	1	0	0.991893	Q4	1.405074	1.159174	1.165541	1.185981	1.182598	0.026807	0.02044	0.003383	0.023424	0.010077	1	0.0179	1	0.018652	1		0
CMP00999	1	139	1	1	1	1	3	TypeIA_IIAI	0	0	0	0.986733	Q2	1.441512	1.387384	1.385918	1.368357	1.360686	-0.019027	-0.017561	0.007671	-0.026698	0.016861	1	-0.000901	1	0.003851	1		0
CMP01000	1	128	1	1	1	1	4	OutgroupA	0	1	1	0.981804	Q1	1.350672	1.143736	1.18732	1.120584	1.009627	-0.023152	-0.066736	0.110957	-0.134109	0.022058	1		0	0.043622	1		0
CMP01001	1	264	1	1	1	1	0	TypeIIIA3	0	0	0	0.983126	Q2	1.405094	1.396842	1.402755	1.380657	1.400289	-0.016185	-0.022098	-0.019632	0.003447	-0.00163	1		0	-0.010718	1		0
CMP01002	1	131	1	1	1	1	1	OutgroupA	0	1	0	0.951889	Q1	1.337647	1.336184	1.332118	1.32295	1.360755	-0.013234	-0.009168	-0.037805	0.024571	0.003184	1	0.003928	1	0.011074	1		0
CMP01003	1	141	1	1	1	1	2	OutgroupA	0	0	1	0.990849	Q3	1.437	1.390143	1.370225	1.338916	1.392267	-0.051227	-0.031309	-0.053351	0.002124	0.065484	1	0.079824	1	0.056738	1		0
CMP01004	1	131	1	1	1	1	3	OutgroupA	0	0	0	0.97425	Q1	1.381186	1.383416	1.355354	1.311841	1.301207	-0.071575	-0.043513	0.010634	-0.082209	-0.007828	1	0.009055	1	0.009659	1		0
CMP01005	1	123	1	1	1	1	4	OutgroupA	0	1	0	0.987211	Q2	1.288611	1.185018	1.20914	1.1206	1.098553	-0.064418	-0.08854	0.022047	-0.086465	0.112494	1		0	0.073932	1		0
CMP01006	1	228	1	1	1	1	0	TypeXIIIA_firmi	0	0	1	0.985446	Q2	1.430475	1.450595	1.381282	1.387216	1.364055	-0.063379	0.005934	0.023161	-0.08654	0.032267	1		0	0.025096	1		0
CMP01007	1	184	1	1	1	1	1	TypeXIIIB_Ne144	0	0	0	0.979	Q1	1.415868	1.403595	1.411292	1.376996	1.395274	-0.026599	-0.034296	-0.018278	-0.008321	0.020246	1		0	0.017985	1		0
CMP01008	1	161	1	1	1	1	2	Ec107_like	1	1	0	0.973343	Q1	1.412692	1.4923	1.579826	1.40113	1.451281	-0.09117	-0.178696	-0.050151	-0.041019	-0.011413	1	0.019616	1	-0.009035	1		0
CMP01009	1	158	1	1	1	1	3	TypeIA_IIAI	0	0	1	0.991514	Q4	1.473975	1.411261	1.39194	1.383322	1.384972	-0.027939	-0.008618	-0.00165	-0.026289	-0.010552	1	-0.008754	1	-0.007099	1		0
CMP01010	1	200	1	1	1	1	4	Ec107_like	0	1	0	0.989142	Q3	1.361186	1.348844	1.332038	1.312945	1.346304	-0.035899	-0.019093	-0.033359	-0.00254	0.064222	1	0.055758	1	0.018775	1		0
CMP01011	1	204	1	1	1	1	0	TypeIIA3_firmi	0	1	0	0.995541	Q4	1.386216	1.360127	1.386825	1.390164	1.367669	0.030037	0.003339	0.022495	0.007542		0		0	0.049414	1		0
CMP01012	1	159	1	1	1	1	1	TypeIB2	0	1	1	0.988948	Q3	1.423631	1.418913	1.402358	1.392452	1.415716	-0.026461	-0.009906	-0.023264	-0.003197	0.049088	1	0.049076	1	0.034823	1		0
CMP01013	1	128	1	1	1	1	2	TypeIC1_IC2	0	0	0	0.965384	Q1	1.436181	1.120465	1.077567	1.131779	1.10008	0.011314	0.054212	0.031699	-0.020385	0.040753	1		0	0.016649	1		0
CMP01014	1	212	1	1	1	1	3	Ec107_like	1	1	0	0.972067	Q1	1.383493	1.388804	1.359849	1.378436	1.392874	-0.010368	0.018587	-0.014438	0.00407	-0.001084	1	-0.022019	1	-0.021856	1		0
CMP01015	1	128	1	1	1	1	4	TypeIIIA2	0	0	1	0.899381	Q1	1.385563	1.425805	1.351799	1.400323	1.462995	-0.025482	0.048524	-0.062672	0.03719	0.0407	1	0.025466	1	0.05161	1		0
CMP01016	1	159	1	1	1	1	0	TypeIB2	0	1	0	0.996242	Q4	1.3991	2.043604	1.393582	1.35426	1.423662	-0.689344	-0.039322	-0.069402	-0.619942	0.027792	1	0.029581	1	0.023454	1		0
CMP01017	1	170	1	1	1	1	1	TypeIIIA2	0	0	0	0.993439	Q4	1.414992	1.362222	1.352663	1.381067	1.355613	0.018845	0.028404	0.025454	-0.006609	0.013309	1	0.035396	1	-0.001652	1		0
CMP01018	1	133	1	1	1	1	2	OutgroupA	0	0	1	0.989784	Q3	1.430863	1.466516	1.330593	1.357043	1.406424	-0.109473	0.02645	-0.049381	-0.060092	0.060551	1	0.111045	1	0.022795	1		0
CMP01019	1	133	1	1	1	1	3	OutgroupA	0	1	0	0.98444	Q2	1.393965	1.350085	1.308383	1.30187	1.297012	-0.048215	-0.006513	0.004858	-0.053073	-0.044447	1	-0.035675	1	-0.033108	1		0
CMP01020	1	200	1	1	1	1	4	TypeIIA3_firmi	0	0	0	0.991564	Q4	1.379051	1.331479	1.369804	1.431202	1.390508	0.099723	0.061398	0.040694	0.059029		0		0	-0.010299	1		0
CMP01021	1	153	1	1	1	1	0	TypeIA_IIAI	0	0	1	0.98517	Q2	1.379012	1.468109	1.353129	1.428238	1.432911	-0.039871	0.075109	-0.004673	-0.035198	-0.011204	1	-0.020644	1	-0.030309	1		0
CMP01022	1	217	1	1	1	1	1	TypeXIII_Mx65	0	0	0	0.982844	Q2	1.382955	1.374699	1.348519	1.350952	1.365131	-0.023747	0.002433	-0.014179	-0.009568	0.009484	1	0.009936	1	0.004539	1		0
CMP01023	1	215	1	1	1	1	2	TypeXIIIB_Ne144	0	1	0	0.978748	Q1	1.422686	1.350264	1.390811	1.339038	1.35398	-0.011226	-0.051773	-0.014942	0.003716	0.091811	1	0.105862	1	-0.006336	1		0
CMP01024	1	152	1	1	1	1	3	TypeIA_IIAI	1	1	1	0.989595	Q3	1.414328	1.384089	1.364708	1.370872	1.355837	-0.013217	0.006164	0.015035	-0.028252	0.002925	1	0.002981	1	0.005981	1		0
CMP01025	1	141	1	1	1	1	4	OutgroupA	0	0	0	0.979562	Q1	1.367507	1.38807	1.367439	1.344423	1.337243	-0.043647	-0.023016	0.00718	-0.050827	0.05023	1		0	0.055093	1		0
CMP01026	1	133	1	1	1	1	0	TypeIIIA1	0	0	0	0.993188	Q4	1.385728	1.367873	1.393943	1.385907	1.373225	0.018034	-0.008036	0.012682	0.005352	0.006206	1	0.003614	1	-9.7e-05	1		0
CMP01027	1	144	1	1	1	1	1	TypeIX	0	1	1	0.990818	Q3	1.43061	1.38298	1.377593	1.393533	1.379343	0.010553	0.01594	0.01419	-0.003637	0.018349	1	0.01758	1	-0.000962	1		0
CMP01028	1	263	1	1	1	1	2	TypeIIIA3	1	1	0	0.993818	Q4	1.420124	1.341436	1.370331	1.355215	1.371136	0.013779	-0.015116	-0.015921	0.0297	0.009173	1	0.014195	1	0.004985	1		0
CMP01029	1	168	1	1	1	1	3	TypeIB2	0	1	0	0.995596	Q4	1.382453	1.325535	1.376584	1.322688	1.569471	-0.002847	-0.053896	-0.246783	0.243936	0.015809	1	0.013167	1	0.007063	1		0
CMP01030	1	128	1	1	1	1	4	OutgroupA	0	0	1	0.988971	Q3	1.347913	1.302653	1.292555	1.297717	1.320091	-0.004936	0.005162	-0.022374	0.017438	0.033138	1	0.009653	1	-0.008128	1		0
CMP01031	1	162	1	1	1	1	0	TypeIB2	0	1	0	0.992359	Q4	1.416301	1.616123	1.369737	1.417412	1.359107	-0.198711	0.047675	0.058305	-0.257016	-0.010385	1	-0.014989	1	-0.008784	1		0
CMP01032	1	179	1	1	1	1	1	TypeIB2	0	1	0	0.994956	Q4	1.442368	1.401648	1.412192	1.396563	1.418464	-0.005085	-0.015629	-0.021901	0.016816	-0.004376	1	-0.003741	1	-0.004379	1		0
CMP01033	1	131	1	1	1	1	2	OutgroupA	0	0	1	0.98534	Q2	1.441956	1.460955	1.409229	1.360587	1.470118	-0.100368	-0.048642	-0.109531	0.009163	0.048384	1	0.046403	1	0.075631	1		0
CMP01034	1	133	1	1	1	1	3	TypeIC1_IC2	0	1	0	0.992444	Q4	1.332753	1.317126	1.33436	1.37105	1.344813	0.053924	0.03669	0.026237	0.027687	-0.067156	1	-0.092521	1	-0.112886	1		0
CMP01035	1	166	1	1	1	1	4	TypeIIA3_firmi	0	0	0	0.978347	Q1	1.400934	1.379787	1.427617	1.436469	1.439871	0.056682	0.008852	-0.003402	0.060084		0		0	0.035788	1		0
CMP01036	1	168	1	1	1	1	0	TypeIA_IIAI	0	0	1	0.979471	Q1	1.337339	1.37108	1.292583	1.362885	1.325274	-0.008195	0.070302	0.037611	-0.045806	-0.000787	1	-0.022809	1	-0.000115	1		0
CMP01037	1	136	1	1	1	1	1	TypeIIA3_proteo	0	0	0	0.987224	Q2	1.339024	1.327688	1.355689	1.366077	1.353873	0.038389	0.010388	0.012204	0.026185	0.016997	1	-0.018314	1	-0.018314	1		0
CMP01038	1	137	1	1	1	1	2	TypeIIA3_proteo	0	1	0	0.983642	Q2	1.430679	1.45214	1.383065	1.346454	1.417388	-0.105686	-0.036611	-0.070934	-0.034752	0.07305	1		0	0.020354	1		0
CMP01039	1	127	1	1	1	1	3	OutgroupA	1	1	1	0.966135	Q1	1.367031	1.335395	1.252801	1.217769	1.282142	-0.117626	-0.035032	-0.064373	-0.053253	0.033399	1	0.042622	1	0.053593	1		0
CMP01040	1	154	1	1	1	1	4	TypeIA_IIAI	0	0	0	0.987863	Q3	1.426655	1.440973	1.412075	1.392868	1.360358	-0.048105	-0.019207	0.03251	-0.080615	0.028138	1	0.016875	1	0.009909	1		0
CMP01041	1	130	1	1	1	1	0	OutgroupA	0	0	0	0.954225	Q1	1.323203	1.225279	1.264657	1.259451	1.21012	0.034172	-0.005206	0.049331	-0.015159	0.052763	1		0	0.021646	1		0
CMP01042	1	171	1	1	1	1	1	TypeIA_IIAI	0	0	1	0.987766	Q2	1.438485	1.447044	1.416721	1.427735	1.437971	-0.019309	0.011014	-0.010236	-0.009073	0.023663	1	0.017491	1	0.004089	1		0
CMP01043	1	210	1	1	1	1	2	TypeXIIIA_firmi	0	0	0	0.992565	Q4	1.432971	1.420003	1.453884	1.451166	1.366615	0.031163	-0.002718	0.084551	-0.053388		0		0	-0.028907	1		0
CMP01044	1	115	1	1	1	1	3	TypeIIIA1	0	0	0	0.989729	Q3	1.494602	1.449804	1.442488	1.456992	1.410746	0.007188	0.014504	0.046246	-0.039058	-0.017232	1	-0.007981	1	-0.017941	1		0
CMP01045	1	132	1	1	1	1	4	TypeIC1_IC2	0	1	1	0.992869	Q4	1.42164	1.36479	1.352927	1.381323	1.269482	0.016533	0.028396	0.111841	-0.095308	0.00825	1	0.007307	1	-0.002839	1		0
CMP01046	1	125	1	1	1	1	0	OutgroupA	0	1	0	0.990068	Q3	1.4058	1.336009	1.313204	1.321904	1.249836	-0.014105	0.0087	0.072068	-0.086173	0.019333	1	0.00513	1	-0.000303	1		0
CMP01047	1	274	1	1	1	1	1	TypeIIIA3	0	1	0	0.980851	Q1	1.403212	1.378022	1.375419	1.38677	1.374257	0.008748	0.011351	0.012513	-0.003765	0.004411	1	0.010827	1	-0.000211	1		0
CMP01048	1	168	1	1	1	1	2	TypeIB2	0	1	1	0.991529	Q4	1.408702	1.404479	1.334169	1.321384	1.435932	-0.083095	-0.012785	-0.114548	0.031453	0.030108	1	0.044138	1	0.026697	1		0
CMP01049	1	161	1	1	1	1	3	TypeIA_IIAI	0	0	0	0.988207	Q3	1.45726	1.401669	1.375619	1.362025	1.362333	-0.039644	-0.013594	-0.000308	-0.039336	0.013294	1	0.012277	1	0.006202	1		0
CMP01050	1	150	1	1	1	1	4	TypeIA_IIAI	0	0	0	0.987777	Q3	1.354576	1.412153	1.339895	1.35652	1.391435	-0.055633	0.016625	-0.034915	-0.020718	0.0415	1	0.046475	1	0.017338	1		0
CMP01051	1	172	1	1	1	1	0	TypeIA_IIAI	0	0	1	0.992385	Q4	1.348886	1.297361	1.296823	1.303928	1.297835	0.006567	0.007105	0.006093	0.000474	0.0283	1	0.031624	1	0.019067	1		0
CMP01052	1	180	1	1	1	1	1	TypeIA_IIAI	0	0	0	0.990475	Q3	1.415944	1.444158	1.420642	1.418963	1.428108	-0.025195	-0.001679	-0.009145	-0.01605	0.011329	1	0.016125	1	0.000706	1		0
CMP01053	1	96	1	1	1	1	2	TypeIA_IIAI	0	0	0	0.993424	Q4	1.466033	1.435118	1.411984	1.384731	1.418153	-0.050387	-0.027253	-0.033422	-0.016965	0.055739	1	0.084799	1	0.01138	1		0
CMP01054	1	152	1	1	1	1	3	TypeIA_IIAI	0	0	0	0.99071	Q3	1.46148	1.42057	1.402585	1.42982	1.41765	0.00925	0.027235	0.01217	-0.00292	-0.022953	1	-0.027474	1	-0.026241	1		0
CMP01055	1	179	1	1	1	1	4	TypeIIA2	0	0	0	0.986606	Q2	1.412173	1.425352	1.407023	1.419131	1.452206	-0.006221	0.012108	-0.033075	0.026854	0.027203	1		0	0.027203	1		0
CMP01056	1	199	1	1	1	1	0	TypeIIIA2	0	1	0	0.991833	Q4	1.36722	1.355446	1.334473	1.347148	1.336451	-0.008298	0.012675	0.010697	-0.018995	0.00941	1	0.006649	1	0.011424	1		0
CMP01057	1	275	1	1	1	1	1	TypeIIIA3	0	1	0	0.984379	Q2	1.406546	1.385621	1.372825	1.365341	1.38171	-0.02028	-0.007484	-0.016369	-0.003911	-6.2e-05	1	0.00129	1	-0.001672	1		0
CMP01058	1	151	1	1	1	1	2	TypeIIIA1	0	1	0	0.979717	Q1	1.43143	1.394546	1.409796	1.427291	1.435106	0.032745	0.017495	-0.007815	0.04056	-0.015397	1		0	-0.015397	1		0
CMP01059	1	132	1	1	1	1	3	OutgroupA	0	1	0	0.980086	Q1	1.339404	1.298766	1.1813	1.166874	1.224385	-0.131892	-0.014426	-0.057511	-0.074381	0.022616	1		0	0.044719	1		0
CMP01060	1	124	1	1	1	1	4	OutgroupA	0	1	0	0.982966	Q2	1.277376	1.166587	1.173768	1.161149	1.111066	-0.005438	-0.012619	0.050083	-0.055521	0.065583	1	0.088059	1	0.053976	1		0
CMP01061	1	141	1	1	1	1	0	TypeIX	0	1	0	0.972554	Q1	1.443625	1.330696	1.370172	1.41088	1.356014	0.080184	0.040708	0.054866	0.025318	-0.003334	1		0	-0.001307	1		0
CMP01062	1	136	1	1	1	1	1	OutgroupA	0	0	0	0.962078	Q1	1.398802	1.384714	1.388508	1.378161	1.385951	-0.006553	-0.010347	-0.00779	0.001237	-0.008177	1	-2.2e-05	1	-0.005857	1		0
CMP01063	1	117	1	1	1	1	2	TypeIIIA1	0	0	1	0.988103	Q3	1.445582	1.420824	1.404642	1.420874	1.427587	5e-05	0.016232	-0.006713	0.006763	0.022662	1		0	0.022662	1		0
CMP01064	1	125	1	1	1	1	3	TypeIIA2	0	0	0	0.952561	Q1	1.469141	1.413398	1.450167	1.422186	1.448577	0.008788	-0.027981	-0.026391	0.035179		0		0	0.001738	1		0
CMP01065	1	237	1	1	1	1	4	TypeXIIIB_Ne144	0	0	0	0.981243	Q1	1.41363	1.430924	1.40856	1.381803	1.38099	-0.049121	-0.026757	0.000813	-0.049934	0.080766	1	0.032595	1	0.005312	1		0
CMP01066	1	148	1	1	1	1	0	TypeIC1_IC2	0	0	1	0.990964	Q3	1.428897	1.345163	1.415672	1.394346	1.357812	0.049183	-0.021326	0.036534	0.012649	0.029407	1	0.033615	1	0.007402	1		0
CMP01067	1	142	1	1	1	1	1	TypeIC1_IC2	0	0	0	0.987435	Q2	1.417716	1.426363	1.461485	1.371905	1.440616	-0.054458	-0.08958	-0.068711	0.014253	-0.025853	1		0	-0.003429	1		0
CMP01068	1	149	1	1	1	1	2	TypeIX	0	1	0	0.980298	Q1	1.431923	1.41462	1.426368	1.430414	1.462754	0.015794	0.004046	-0.03234	0.048134	-0.020738	1		0	-0.026304	1		0
CMP01069	1	130	1	1	1	1	3	OutgroupA	0	0	1	0.97779	Q1	1.260778	1.305404	1.194557	1.179559	1.264383	-0.125845	-0.014998	-0.084824	-0.041021	0.036185	1	0.033683	1	0.008198	1		0
CMP01070	1	129	1	1	1	1	4	Ec107_like	0	0	0	0.977681	Q1	1.424269	1.486089	1.418504	1.4257	1.389694	-0.060389	0.007196	0.036006	-0.096395	-0.031112	1	-0.034187	1	-0.034116	1		0
CMP01071	1	128	1	1	1	1	0	TypeIC1_IC2	0	0	0	0.993282	Q4	1.45313	1.440248	1.41776	1.402752	1.448304	-0.037496	-0.015008	-0.045552	0.008056	0.065078	1	0.022035	1	0.007243	1		0
CMP01072	1	271	1	1	1	1	1	TypeIIIA3	0	1	1	0.977217	Q1	1.429972	1.418151	1.41601	1.413209	1.427082	-0.004942	-0.002801	-0.013873	0.008931	0.027758	1		0	0.016967	1		0
CMP01073	1	195	1	1	1	1	2	TypeIA_IIAI	0	0	0	0.988319	Q3	1.404284	1.346887	1.363715	1.331841	1.385135	-0.015046	-0.031874	-0.053294	0.038248	0.015877	1	0.018505	1	0.017993	1		0
CMP01074	1	147	1	1	1	1	3	TypeIX	0	1	0	0.990503	Q3	1.463757	1.417462	1.424721	1.415021	1.436294	-0.002441	-0.0097	-0.021273	0.018832	0.001032	1	-0.000464	1	0.00305	1		0
