family	rt_aa_len	cumulative_pct	n_exact_rt	unit	denominator
MULTI	21	0.0132	7593	exact RT sequences	exact RTs of that family (V-RT-SINGLE; MULTI separate)
MULTI	39	0.5136	7593	exact RT sequences	exact RTs of that family (V-RT-SINGLE; MULTI separate)
MULTI	45	1.0273	7593	exact RT sequences	exact RTs of that family (V-RT-SINGLE; MULTI separate)
MULTI	52	1.5804	7593	exact RT sequences	exact RTs of that family (V-RT-SINGLE; MULTI separate)
MULTI	56	2.1072	7593	exact RT sequences	exact RTs of that family (V-RT-SINGLE; MULTI separate)
MULTI	59	2.6735	7593	exact RT sequences	exact RTs of that family (V-RT-SINGLE; MULTI separate)
MULTI	62	3.174	7593	exact RT sequences	exact RTs of that family (V-RT-SINGLE; MULTI separate)
MULTI	65	3.6349	7593	exact RT sequences	exact RTs of that family (V-RT-SINGLE; MULTI separate)
MULTI	67	4.1486	7593	exact RT sequences	exact RTs of that family (V-RT-SINGLE; MULTI separate)
MULTI	69	4.5305	7593	exact RT sequences	exact RTs of that family (V-RT-SINGLE; MULTI separate)
MULTI	72	5.0573	7593	exact RT sequences	exact RTs of that family (V-RT-SINGLE; MULTI separate)
MULTI	75	5.5578	7593	exact RT sequences	exact RTs of that family (V-RT-SINGLE; MULTI separate)
MULTI	78	6.0977	7593	exact RT sequences	exact RTs of that family (V-RT-SINGLE; MULTI separate)
MULTI	81	6.6114	7593	exact RT sequences	exact RTs of that family (V-RT-SINGLE; MULTI separate)
MULTI	84	7.1645	7593	exact RT sequences	exact RTs of that family (V-RT-SINGLE; MULTI separate)
MULTI	86	7.6254	7593	exact RT sequences	exact RTs of that family (V-RT-SINGLE; MULTI separate)
MULTI	88	8.0996	7593	exact RT sequences	exact RTs of that family (V-RT-SINGLE; MULTI separate)
MULTI	91	8.6922	7593	exact RT sequences	exact RTs of that family (V-RT-SINGLE; MULTI separate)
MULTI	93	9.1532	7593	exact RT sequences	exact RTs of that family (V-RT-SINGLE; MULTI separate)
MULTI	95	9.6009	7593	exact RT sequences	exact RTs of that family (V-RT-SINGLE; MULTI separate)
MULTI	98	10.2199	7593	exact RT sequences	exact RTs of that family (V-RT-SINGLE; MULTI separate)
MULTI	99	10.5097	7593	exact RT sequences	exact RTs of that family (V-RT-SINGLE; MULTI separate)
MULTI	102	11.0365	7593	exact RT sequences	exact RTs of that family (V-RT-SINGLE; MULTI separate)
MULTI	105	11.5896	7593	exact RT sequences	exact RTs of that family (V-RT-SINGLE; MULTI separate)
MULTI	107	12.0506	7593	exact RT sequences	exact RTs of that family (V-RT-SINGLE; MULTI separate)
MULTI	110	12.6037	7593	exact RT sequences	exact RTs of that family (V-RT-SINGLE; MULTI separate)
MULTI	113	13.2622	7593	exact RT sequences	exact RTs of that family (V-RT-SINGLE; MULTI separate)
MULTI	115	13.5651	7593	exact RT sequences	exact RTs of that family (V-RT-SINGLE; MULTI separate)
MULTI	118	14.0261	7593	exact RT sequences	exact RTs of that family (V-RT-SINGLE; MULTI separate)
MULTI	121	14.6319	7593	exact RT sequences	exact RTs of that family (V-RT-SINGLE; MULTI separate)
MULTI	124	15.0928	7593	exact RT sequences	exact RTs of that family (V-RT-SINGLE; MULTI separate)
MULTI	127	15.567	7593	exact RT sequences	exact RTs of that family (V-RT-SINGLE; MULTI separate)
MULTI	130	16.0543	7593	exact RT sequences	exact RTs of that family (V-RT-SINGLE; MULTI separate)
MULTI	133	16.6206	7593	exact RT sequences	exact RTs of that family (V-RT-SINGLE; MULTI separate)
MULTI	135	17.121	7593	exact RT sequences	exact RTs of that family (V-RT-SINGLE; MULTI separate)
MULTI	138	17.7137	7593	exact RT sequences	exact RTs of that family (V-RT-SINGLE; MULTI separate)
MULTI	140	18.201	7593	exact RT sequences	exact RTs of that family (V-RT-SINGLE; MULTI separate)
MULTI	142	18.5302	7593	exact RT sequences	exact RTs of that family (V-RT-SINGLE; MULTI separate)
MULTI	144	19.0175	7593	exact RT sequences	exact RTs of that family (V-RT-SINGLE; MULTI separate)
MULTI	147	19.5707	7593	exact RT sequences	exact RTs of that family (V-RT-SINGLE; MULTI separate)
MULTI	150	20.0053	7593	exact RT sequences	exact RTs of that family (V-RT-SINGLE; MULTI separate)
MULTI	153	20.5057	7593	exact RT sequences	exact RTs of that family (V-RT-SINGLE; MULTI separate)
MULTI	157	21.0852	7593	exact RT sequences	exact RTs of that family (V-RT-SINGLE; MULTI separate)
MULTI	159	21.5462	7593	exact RT sequences	exact RTs of that family (V-RT-SINGLE; MULTI separate)
MULTI	162	22.0466	7593	exact RT sequences	exact RTs of that family (V-RT-SINGLE; MULTI separate)
MULTI	165	22.5207	7593	exact RT sequences	exact RTs of that family (V-RT-SINGLE; MULTI separate)
MULTI	167	23.2583	7593	exact RT sequences	exact RTs of that family (V-RT-SINGLE; MULTI separate)
MULTI	168	23.5217	7593	exact RT sequences	exact RTs of that family (V-RT-SINGLE; MULTI separate)
MULTI	170	24.0616	7593	exact RT sequences	exact RTs of that family (V-RT-SINGLE; MULTI separate)
MULTI	173	24.7465	7593	exact RT sequences	exact RTs of that family (V-RT-SINGLE; MULTI separate)
MULTI	175	25.2864	7593	exact RT sequences	exact RTs of that family (V-RT-SINGLE; MULTI separate)
MULTI	176	25.563	7593	exact RT sequences	exact RTs of that family (V-RT-SINGLE; MULTI separate)
MULTI	178	26.0371	7593	exact RT sequences	exact RTs of that family (V-RT-SINGLE; MULTI separate)
MULTI	180	26.6166	7593	exact RT sequences	exact RTs of that family (V-RT-SINGLE; MULTI separate)
MULTI	182	26.9986	7593	exact RT sequences	exact RTs of that family (V-RT-SINGLE; MULTI separate)
MULTI	184	27.5122	7593	exact RT sequences	exact RTs of that family (V-RT-SINGLE; MULTI separate)
MULTI	186	28.0653	7593	exact RT sequences	exact RTs of that family (V-RT-SINGLE; MULTI separate)
MULTI	188	28.7238	7593	exact RT sequences	exact RTs of that family (V-RT-SINGLE; MULTI separate)
MULTI	190	29.2901	7593	exact RT sequences	exact RTs of that family (V-RT-SINGLE; MULTI separate)
MULTI	191	29.593	7593	exact RT sequences	exact RTs of that family (V-RT-SINGLE; MULTI separate)
MULTI	193	30.1198	7593	exact RT sequences	exact RTs of that family (V-RT-SINGLE; MULTI separate)
MULTI	195	30.5149	7593	exact RT sequences	exact RTs of that family (V-RT-SINGLE; MULTI separate)
MULTI	197	31.1076	7593	exact RT sequences	exact RTs of that family (V-RT-SINGLE; MULTI separate)
MULTI	198	31.5685	7593	exact RT sequences	exact RTs of that family (V-RT-SINGLE; MULTI separate)
MULTI	200	32.0295	7593	exact RT sequences	exact RTs of that family (V-RT-SINGLE; MULTI separate)
MULTI	201	32.5431	7593	exact RT sequences	exact RTs of that family (V-RT-SINGLE; MULTI separate)
MULTI	203	33.2016	7593	exact RT sequences	exact RTs of that family (V-RT-SINGLE; MULTI separate)
MULTI	205	33.7284	7593	exact RT sequences	exact RTs of that family (V-RT-SINGLE; MULTI separate)
MULTI	207	34.3079	7593	exact RT sequences	exact RTs of that family (V-RT-SINGLE; MULTI separate)
MULTI	208	34.5845	7593	exact RT sequences	exact RTs of that family (V-RT-SINGLE; MULTI separate)
MULTI	210	35.0981	7593	exact RT sequences	exact RTs of that family (V-RT-SINGLE; MULTI separate)
MULTI	212	35.5591	7593	exact RT sequences	exact RTs of that family (V-RT-SINGLE; MULTI separate)
MULTI	215	36.2307	7593	exact RT sequences	exact RTs of that family (V-RT-SINGLE; MULTI separate)
MULTI	216	36.7049	7593	exact RT sequences	exact RTs of that family (V-RT-SINGLE; MULTI separate)
MULTI	218	37.0868	7593	exact RT sequences	exact RTs of that family (V-RT-SINGLE; MULTI separate)
MULTI	220	37.5741	7593	exact RT sequences	exact RTs of that family (V-RT-SINGLE; MULTI separate)
MULTI	222	38.0745	7593	exact RT sequences	exact RTs of that family (V-RT-SINGLE; MULTI separate)
MULTI	225	38.6145	7593	exact RT sequences	exact RTs of that family (V-RT-SINGLE; MULTI separate)
MULTI	227	39.0491	7593	exact RT sequences	exact RTs of that family (V-RT-SINGLE; MULTI separate)
MULTI	229	39.6154	7593	exact RT sequences	exact RTs of that family (V-RT-SINGLE; MULTI separate)
MULTI	231	40.1554	7593	exact RT sequences	exact RTs of that family (V-RT-SINGLE; MULTI separate)
MULTI	233	40.669	7593	exact RT sequences	exact RTs of that family (V-RT-SINGLE; MULTI separate)
MULTI	235	41.0641	7593	exact RT sequences	exact RTs of that family (V-RT-SINGLE; MULTI separate)
MULTI	237	41.5251	7593	exact RT sequences	exact RTs of that family (V-RT-SINGLE; MULTI separate)
MULTI	239	42.2626	7593	exact RT sequences	exact RTs of that family (V-RT-SINGLE; MULTI separate)
MULTI	240	42.6577	7593	exact RT sequences	exact RTs of that family (V-RT-SINGLE; MULTI separate)
MULTI	242	43.1187	7593	exact RT sequences	exact RTs of that family (V-RT-SINGLE; MULTI separate)
MULTI	244	43.5796	7593	exact RT sequences	exact RTs of that family (V-RT-SINGLE; MULTI separate)
MULTI	246	44.0142	7593	exact RT sequences	exact RTs of that family (V-RT-SINGLE; MULTI separate)
MULTI	249	44.6596	7593	exact RT sequences	exact RTs of that family (V-RT-SINGLE; MULTI separate)
MULTI	252	45.1205	7593	exact RT sequences	exact RTs of that family (V-RT-SINGLE; MULTI separate)
MULTI	254	45.5288	7593	exact RT sequences	exact RTs of that family (V-RT-SINGLE; MULTI separate)
MULTI	258	46.1478	7593	exact RT sequences	exact RTs of that family (V-RT-SINGLE; MULTI separate)
MULTI	261	46.5429	7593	exact RT sequences	exact RTs of that family (V-RT-SINGLE; MULTI separate)
MULTI	265	47.0697	7593	exact RT sequences	exact RTs of that family (V-RT-SINGLE; MULTI separate)
MULTI	268	47.6755	7593	exact RT sequences	exact RTs of that family (V-RT-SINGLE; MULTI separate)
MULTI	271	48.0706	7593	exact RT sequences	exact RTs of that family (V-RT-SINGLE; MULTI separate)
MULTI	274	48.5711	7593	exact RT sequences	exact RTs of that family (V-RT-SINGLE; MULTI separate)
MULTI	277	49.0452	7593	exact RT sequences	exact RTs of that family (V-RT-SINGLE; MULTI separate)
MULTI	280	49.5588	7593	exact RT sequences	exact RTs of that family (V-RT-SINGLE; MULTI separate)
MULTI	283	50.0593	7593	exact RT sequences	exact RTs of that family (V-RT-SINGLE; MULTI separate)
MULTI	286	50.6387	7593	exact RT sequences	exact RTs of that family (V-RT-SINGLE; MULTI separate)
MULTI	289	51.1129	7593	exact RT sequences	exact RTs of that family (V-RT-SINGLE; MULTI separate)
MULTI	292	51.508	7593	exact RT sequences	exact RTs of that family (V-RT-SINGLE; MULTI separate)
MULTI	296	52.0084	7593	exact RT sequences	exact RTs of that family (V-RT-SINGLE; MULTI separate)
MULTI	299	52.5352	7593	exact RT sequences	exact RTs of that family (V-RT-SINGLE; MULTI separate)
MULTI	302	53.0225	7593	exact RT sequences	exact RTs of that family (V-RT-SINGLE; MULTI separate)
MULTI	305	53.5098	7593	exact RT sequences	exact RTs of that family (V-RT-SINGLE; MULTI separate)
MULTI	308	54.0234	7593	exact RT sequences	exact RTs of that family (V-RT-SINGLE; MULTI separate)
MULTI	312	54.5107	7593	exact RT sequences	exact RTs of that family (V-RT-SINGLE; MULTI separate)
MULTI	316	55.1034	7593	exact RT sequences	exact RTs of that family (V-RT-SINGLE; MULTI separate)
MULTI	319	55.5907	7593	exact RT sequences	exact RTs of that family (V-RT-SINGLE; MULTI separate)
MULTI	323	56.078	7593	exact RT sequences	exact RTs of that family (V-RT-SINGLE; MULTI separate)
MULTI	326	56.5389	7593	exact RT sequences	exact RTs of that family (V-RT-SINGLE; MULTI separate)
MULTI	330	56.9999	7593	exact RT sequences	exact RTs of that family (V-RT-SINGLE; MULTI separate)
MULTI	334	57.5925	7593	exact RT sequences	exact RTs of that family (V-RT-SINGLE; MULTI separate)
MULTI	338	58.1588	7593	exact RT sequences	exact RTs of that family (V-RT-SINGLE; MULTI separate)
MULTI	342	58.5539	7593	exact RT sequences	exact RTs of that family (V-RT-SINGLE; MULTI separate)
MULTI	345	59.0412	7593	exact RT sequences	exact RTs of that family (V-RT-SINGLE; MULTI separate)
MULTI	349	59.5812	7593	exact RT sequences	exact RTs of that family (V-RT-SINGLE; MULTI separate)
MULTI	353	60.0553	7593	exact RT sequences	exact RTs of that family (V-RT-SINGLE; MULTI separate)
MULTI	358	60.5558	7593	exact RT sequences	exact RTs of that family (V-RT-SINGLE; MULTI separate)
MULTI	363	61.0167	7593	exact RT sequences	exact RTs of that family (V-RT-SINGLE; MULTI separate)
MULTI	368	61.6094	7593	exact RT sequences	exact RTs of that family (V-RT-SINGLE; MULTI separate)
MULTI	371	62.0572	7593	exact RT sequences	exact RTs of that family (V-RT-SINGLE; MULTI separate)
MULTI	375	62.584	7593	exact RT sequences	exact RTs of that family (V-RT-SINGLE; MULTI separate)
MULTI	380	63.0054	7593	exact RT sequences	exact RTs of that family (V-RT-SINGLE; MULTI separate)
MULTI	385	63.6112	7593	exact RT sequences	exact RTs of that family (V-RT-SINGLE; MULTI separate)
MULTI	389	64.138	7593	exact RT sequences	exact RTs of that family (V-RT-SINGLE; MULTI separate)
MULTI	392	64.5726	7593	exact RT sequences	exact RTs of that family (V-RT-SINGLE; MULTI separate)
MULTI	396	65.0336	7593	exact RT sequences	exact RTs of that family (V-RT-SINGLE; MULTI separate)
MULTI	400	65.5736	7593	exact RT sequences	exact RTs of that family (V-RT-SINGLE; MULTI separate)
MULTI	404	66.0213	7593	exact RT sequences	exact RTs of that family (V-RT-SINGLE; MULTI separate)
MULTI	407	66.6008	7593	exact RT sequences	exact RTs of that family (V-RT-SINGLE; MULTI separate)
MULTI	411	67.1013	7593	exact RT sequences	exact RTs of that family (V-RT-SINGLE; MULTI separate)
MULTI	416	67.5095	7593	exact RT sequences	exact RTs of that family (V-RT-SINGLE; MULTI separate)
MULTI	421	68.089	7593	exact RT sequences	exact RTs of that family (V-RT-SINGLE; MULTI separate)
MULTI	424	68.5632	7593	exact RT sequences	exact RTs of that family (V-RT-SINGLE; MULTI separate)
MULTI	428	69.0768	7593	exact RT sequences	exact RTs of that family (V-RT-SINGLE; MULTI separate)
MULTI	432	69.5772	7593	exact RT sequences	exact RTs of that family (V-RT-SINGLE; MULTI separate)
MULTI	435	70.0645	7593	exact RT sequences	exact RTs of that family (V-RT-SINGLE; MULTI separate)
MULTI	438	70.5123	7593	exact RT sequences	exact RTs of that family (V-RT-SINGLE; MULTI separate)
MULTI	442	71.1576	7593	exact RT sequences	exact RTs of that family (V-RT-SINGLE; MULTI separate)
MULTI	444	71.6976	7593	exact RT sequences	exact RTs of that family (V-RT-SINGLE; MULTI separate)
MULTI	445	72.0795	7593	exact RT sequences	exact RTs of that family (V-RT-SINGLE; MULTI separate)
MULTI	448	72.58	7593	exact RT sequences	exact RTs of that family (V-RT-SINGLE; MULTI separate)
MULTI	453	73.12	7593	exact RT sequences	exact RTs of that family (V-RT-SINGLE; MULTI separate)
MULTI	457	73.5151	7593	exact RT sequences	exact RTs of that family (V-RT-SINGLE; MULTI separate)
MULTI	463	74.0155	7593	exact RT sequences	exact RTs of that family (V-RT-SINGLE; MULTI separate)
MULTI	470	74.5555	7593	exact RT sequences	exact RTs of that family (V-RT-SINGLE; MULTI separate)
MULTI	477	75.0428	7593	exact RT sequences	exact RTs of that family (V-RT-SINGLE; MULTI separate)
MULTI	484	75.4906	7593	exact RT sequences	exact RTs of that family (V-RT-SINGLE; MULTI separate)
MULTI	491	76.0306	7593	exact RT sequences	exact RTs of that family (V-RT-SINGLE; MULTI separate)
MULTI	497	76.531	7593	exact RT sequences	exact RTs of that family (V-RT-SINGLE; MULTI separate)
MULTI	504	77.0183	7593	exact RT sequences	exact RTs of that family (V-RT-SINGLE; MULTI separate)
MULTI	510	77.5451	7593	exact RT sequences	exact RTs of that family (V-RT-SINGLE; MULTI separate)
MULTI	516	77.9929	7593	exact RT sequences	exact RTs of that family (V-RT-SINGLE; MULTI separate)
MULTI	522	78.5197	7593	exact RT sequences	exact RTs of that family (V-RT-SINGLE; MULTI separate)
MULTI	530	79.0333	7593	exact RT sequences	exact RTs of that family (V-RT-SINGLE; MULTI separate)
MULTI	537	79.4943	7593	exact RT sequences	exact RTs of that family (V-RT-SINGLE; MULTI separate)
MULTI	546	80.0079	7593	exact RT sequences	exact RTs of that family (V-RT-SINGLE; MULTI separate)
MULTI	554	80.5347	7593	exact RT sequences	exact RTs of that family (V-RT-SINGLE; MULTI separate)
MULTI	561	80.9957	7593	exact RT sequences	exact RTs of that family (V-RT-SINGLE; MULTI separate)
MULTI	570	81.5225	7593	exact RT sequences	exact RTs of that family (V-RT-SINGLE; MULTI separate)
MULTI	579	82.0361	7593	exact RT sequences	exact RTs of that family (V-RT-SINGLE; MULTI separate)
MULTI	588	82.5365	7593	exact RT sequences	exact RTs of that family (V-RT-SINGLE; MULTI separate)
MULTI	599	83.1292	7593	exact RT sequences	exact RTs of that family (V-RT-SINGLE; MULTI separate)
MULTI	607	83.498	7593	exact RT sequences	exact RTs of that family (V-RT-SINGLE; MULTI separate)
MULTI	618	84.0248	7593	exact RT sequences	exact RTs of that family (V-RT-SINGLE; MULTI separate)
MULTI	627	84.5516	7593	exact RT sequences	exact RTs of that family (V-RT-SINGLE; MULTI separate)
MULTI	638	85.0389	7593	exact RT sequences	exact RTs of that family (V-RT-SINGLE; MULTI separate)
MULTI	649	85.5261	7593	exact RT sequences	exact RTs of that family (V-RT-SINGLE; MULTI separate)
MULTI	661	86.0134	7593	exact RT sequences	exact RTs of that family (V-RT-SINGLE; MULTI separate)
MULTI	673	86.5139	7593	exact RT sequences	exact RTs of that family (V-RT-SINGLE; MULTI separate)
MULTI	686	87.0012	7593	exact RT sequences	exact RTs of that family (V-RT-SINGLE; MULTI separate)
MULTI	704	87.5016	7593	exact RT sequences	exact RTs of that family (V-RT-SINGLE; MULTI separate)
MULTI	720	88.0153	7593	exact RT sequences	exact RTs of that family (V-RT-SINGLE; MULTI separate)
MULTI	735	88.4894	7593	exact RT sequences	exact RTs of that family (V-RT-SINGLE; MULTI separate)
MULTI	749	89.003	7593	exact RT sequences	exact RTs of that family (V-RT-SINGLE; MULTI separate)
MULTI	767	89.543	7593	exact RT sequences	exact RTs of that family (V-RT-SINGLE; MULTI separate)
MULTI	783	90.004	7593	exact RT sequences	exact RTs of that family (V-RT-SINGLE; MULTI separate)
MULTI	798	90.5044	7593	exact RT sequences	exact RTs of that family (V-RT-SINGLE; MULTI separate)
MULTI	815	91.018	7593	exact RT sequences	exact RTs of that family (V-RT-SINGLE; MULTI separate)
MULTI	833	91.5185	7593	exact RT sequences	exact RTs of that family (V-RT-SINGLE; MULTI separate)
MULTI	856	91.9926	7593	exact RT sequences	exact RTs of that family (V-RT-SINGLE; MULTI separate)
MULTI	876	92.4931	7593	exact RT sequences	exact RTs of that family (V-RT-SINGLE; MULTI separate)
MULTI	899	93.0067	7593	exact RT sequences	exact RTs of that family (V-RT-SINGLE; MULTI separate)
MULTI	922	93.5203	7593	exact RT sequences	exact RTs of that family (V-RT-SINGLE; MULTI separate)
MULTI	940	93.9945	7593	exact RT sequences	exact RTs of that family (V-RT-SINGLE; MULTI separate)
MULTI	958	94.5213	7593	exact RT sequences	exact RTs of that family (V-RT-SINGLE; MULTI separate)
MULTI	977	94.9954	7593	exact RT sequences	exact RTs of that family (V-RT-SINGLE; MULTI separate)
MULTI	1004	95.509	7593	exact RT sequences	exact RTs of that family (V-RT-SINGLE; MULTI separate)
MULTI	1025	95.9963	7593	exact RT sequences	exact RTs of that family (V-RT-SINGLE; MULTI separate)
MULTI	1060	96.5099	7593	exact RT sequences	exact RTs of that family (V-RT-SINGLE; MULTI separate)
MULTI	1104	96.9972	7593	exact RT sequences	exact RTs of that family (V-RT-SINGLE; MULTI separate)
MULTI	1136	97.524	7593	exact RT sequences	exact RTs of that family (V-RT-SINGLE; MULTI separate)
MULTI	1185	98.0113	7593	exact RT sequences	exact RTs of that family (V-RT-SINGLE; MULTI separate)
MULTI	1254	98.4986	7593	exact RT sequences	exact RTs of that family (V-RT-SINGLE; MULTI separate)
MULTI	1310	98.9991	7593	exact RT sequences	exact RTs of that family (V-RT-SINGLE; MULTI separate)
MULTI	1490	99.4995	7593	exact RT sequences	exact RTs of that family (V-RT-SINGLE; MULTI separate)
MULTI	3960	100.0	7593	exact RT sequences	exact RTs of that family (V-RT-SINGLE; MULTI separate)
RVT-AbiP2	42	0.0157	6377	exact RT sequences	exact RTs of that family (V-RT-SINGLE; MULTI separate)
RVT-AbiP2	89	0.5175	6377	exact RT sequences	exact RTs of that family (V-RT-SINGLE; MULTI separate)
RVT-AbiP2	121	1.0193	6377	exact RT sequences	exact RTs of that family (V-RT-SINGLE; MULTI separate)
RVT-AbiP2	140	1.5054	6377	exact RT sequences	exact RTs of that family (V-RT-SINGLE; MULTI separate)
RVT-AbiP2	159	2.0699	6377	exact RT sequences	exact RTs of that family (V-RT-SINGLE; MULTI separate)
RVT-AbiP2	173	2.5561	6377	exact RT sequences	exact RTs of that family (V-RT-SINGLE; MULTI separate)
RVT-AbiP2	185	3.0108	6377	exact RT sequences	exact RTs of that family (V-RT-SINGLE; MULTI separate)
RVT-AbiP2	196	3.544	6377	exact RT sequences	exact RTs of that family (V-RT-SINGLE; MULTI separate)
RVT-AbiP2	205	4.0144	6377	exact RT sequences	exact RTs of that family (V-RT-SINGLE; MULTI separate)
RVT-AbiP2	211	4.5162	6377	exact RT sequences	exact RTs of that family (V-RT-SINGLE; MULTI separate)
RVT-AbiP2	217	5.018	6377	exact RT sequences	exact RTs of that family (V-RT-SINGLE; MULTI separate)
RVT-AbiP2	222	5.5355	6377	exact RT sequences	exact RTs of that family (V-RT-SINGLE; MULTI separate)
RVT-AbiP2	228	6.053	6377	exact RT sequences	exact RTs of that family (V-RT-SINGLE; MULTI separate)
RVT-AbiP2	234	6.6803	6377	exact RT sequences	exact RTs of that family (V-RT-SINGLE; MULTI separate)
RVT-AbiP2	239	7.0566	6377	exact RT sequences	exact RTs of that family (V-RT-SINGLE; MULTI separate)
RVT-AbiP2	243	7.5114	6377	exact RT sequences	exact RTs of that family (V-RT-SINGLE; MULTI separate)
RVT-AbiP2	249	8.1386	6377	exact RT sequences	exact RTs of that family (V-RT-SINGLE; MULTI separate)
RVT-AbiP2	252	8.4993	6377	exact RT sequences	exact RTs of that family (V-RT-SINGLE; MULTI separate)
RVT-AbiP2	256	9.1579	6377	exact RT sequences	exact RTs of that family (V-RT-SINGLE; MULTI separate)
RVT-AbiP2	260	9.5343	6377	exact RT sequences	exact RTs of that family (V-RT-SINGLE; MULTI separate)
RVT-AbiP2	264	10.0831	6377	exact RT sequences	exact RTs of that family (V-RT-SINGLE; MULTI separate)
RVT-AbiP2	267	10.5222	6377	exact RT sequences	exact RTs of that family (V-RT-SINGLE; MULTI separate)
RVT-AbiP2	272	11.1024	6377	exact RT sequences	exact RTs of that family (V-RT-SINGLE; MULTI separate)
RVT-AbiP2	275	11.6199	6377	exact RT sequences	exact RTs of that family (V-RT-SINGLE; MULTI separate)
RVT-AbiP2	277	12.0119	6377	exact RT sequences	exact RTs of that family (V-RT-SINGLE; MULTI separate)
RVT-AbiP2	281	12.6235	6377	exact RT sequences	exact RTs of that family (V-RT-SINGLE; MULTI separate)
RVT-AbiP2	285	13.1253	6377	exact RT sequences	exact RTs of that family (V-RT-SINGLE; MULTI separate)
RVT-AbiP2	289	13.6271	6377	exact RT sequences	exact RTs of that family (V-RT-SINGLE; MULTI separate)
RVT-AbiP2	292	14.0819	6377	exact RT sequences	exact RTs of that family (V-RT-SINGLE; MULTI separate)
RVT-AbiP2	295	14.5993	6377	exact RT sequences	exact RTs of that family (V-RT-SINGLE; MULTI separate)
RVT-AbiP2	298	15.1639	6377	exact RT sequences	exact RTs of that family (V-RT-SINGLE; MULTI separate)
RVT-AbiP2	300	15.5089	6377	exact RT sequences	exact RTs of that family (V-RT-SINGLE; MULTI separate)
RVT-AbiP2	304	16.1204	6377	exact RT sequences	exact RTs of that family (V-RT-SINGLE; MULTI separate)
RVT-AbiP2	307	16.6222	6377	exact RT sequences	exact RTs of that family (V-RT-SINGLE; MULTI separate)
RVT-AbiP2	311	17.124	6377	exact RT sequences	exact RTs of that family (V-RT-SINGLE; MULTI separate)
RVT-AbiP2	313	17.5788	6377	exact RT sequences	exact RTs of that family (V-RT-SINGLE; MULTI separate)
RVT-AbiP2	315	18.0179	6377	exact RT sequences	exact RTs of that family (V-RT-SINGLE; MULTI separate)
RVT-AbiP2	318	18.5197	6377	exact RT sequences	exact RTs of that family (V-RT-SINGLE; MULTI separate)
RVT-AbiP2	321	19.0058	6377	exact RT sequences	exact RTs of that family (V-RT-SINGLE; MULTI separate)
RVT-AbiP2	325	19.6174	6377	exact RT sequences	exact RTs of that family (V-RT-SINGLE; MULTI separate)
RVT-AbiP2	328	20.1192	6377	exact RT sequences	exact RTs of that family (V-RT-SINGLE; MULTI separate)
RVT-AbiP2	331	20.5426	6377	exact RT sequences	exact RTs of that family (V-RT-SINGLE; MULTI separate)
RVT-AbiP2	335	21.1541	6377	exact RT sequences	exact RTs of that family (V-RT-SINGLE; MULTI separate)
RVT-AbiP2	338	21.5462	6377	exact RT sequences	exact RTs of that family (V-RT-SINGLE; MULTI separate)
RVT-AbiP2	342	22.1264	6377	exact RT sequences	exact RTs of that family (V-RT-SINGLE; MULTI separate)
RVT-AbiP2	345	22.5655	6377	exact RT sequences	exact RTs of that family (V-RT-SINGLE; MULTI separate)
RVT-AbiP2	347	23.0359	6377	exact RT sequences	exact RTs of that family (V-RT-SINGLE; MULTI separate)
RVT-AbiP2	351	23.5691	6377	exact RT sequences	exact RTs of that family (V-RT-SINGLE; MULTI separate)
RVT-AbiP2	354	24.1336	6377	exact RT sequences	exact RTs of that family (V-RT-SINGLE; MULTI separate)
RVT-AbiP2	357	24.6981	6377	exact RT sequences	exact RTs of that family (V-RT-SINGLE; MULTI separate)
RVT-AbiP2	360	25.1215	6377	exact RT sequences	exact RTs of that family (V-RT-SINGLE; MULTI separate)
RVT-AbiP2	364	25.5136	6377	exact RT sequences	exact RTs of that family (V-RT-SINGLE; MULTI separate)
RVT-AbiP2	369	26.1251	6377	exact RT sequences	exact RTs of that family (V-RT-SINGLE; MULTI separate)
RVT-AbiP2	372	26.5799	6377	exact RT sequences	exact RTs of that family (V-RT-SINGLE; MULTI separate)
RVT-AbiP2	376	27.2699	6377	exact RT sequences	exact RTs of that family (V-RT-SINGLE; MULTI separate)
RVT-AbiP2	378	27.6462	6377	exact RT sequences	exact RTs of that family (V-RT-SINGLE; MULTI separate)
RVT-AbiP2	381	28.1637	6377	exact RT sequences	exact RTs of that family (V-RT-SINGLE; MULTI separate)
RVT-AbiP2	384	28.6342	6377	exact RT sequences	exact RTs of that family (V-RT-SINGLE; MULTI separate)
RVT-AbiP2	387	29.1987	6377	exact RT sequences	exact RTs of that family (V-RT-SINGLE; MULTI separate)
RVT-AbiP2	389	29.575	6377	exact RT sequences	exact RTs of that family (V-RT-SINGLE; MULTI separate)
RVT-AbiP2	392	30.0925	6377	exact RT sequences	exact RTs of that family (V-RT-SINGLE; MULTI separate)
RVT-AbiP2	395	30.5316	6377	exact RT sequences	exact RTs of that family (V-RT-SINGLE; MULTI separate)
RVT-AbiP2	399	31.0177	6377	exact RT sequences	exact RTs of that family (V-RT-SINGLE; MULTI separate)
RVT-AbiP2	402	31.5195	6377	exact RT sequences	exact RTs of that family (V-RT-SINGLE; MULTI separate)
RVT-AbiP2	407	32.037	6377	exact RT sequences	exact RTs of that family (V-RT-SINGLE; MULTI separate)
RVT-AbiP2	412	32.6329	6377	exact RT sequences	exact RTs of that family (V-RT-SINGLE; MULTI separate)
RVT-AbiP2	416	33.1817	6377	exact RT sequences	exact RTs of that family (V-RT-SINGLE; MULTI separate)
RVT-AbiP2	419	33.5581	6377	exact RT sequences	exact RTs of that family (V-RT-SINGLE; MULTI separate)
RVT-AbiP2	424	34.0599	6377	exact RT sequences	exact RTs of that family (V-RT-SINGLE; MULTI separate)
RVT-AbiP2	429	34.5303	6377	exact RT sequences	exact RTs of that family (V-RT-SINGLE; MULTI separate)
RVT-AbiP2	434	35.0792	6377	exact RT sequences	exact RTs of that family (V-RT-SINGLE; MULTI separate)
RVT-AbiP2	439	35.581	6377	exact RT sequences	exact RTs of that family (V-RT-SINGLE; MULTI separate)
RVT-AbiP2	443	36.0044	6377	exact RT sequences	exact RTs of that family (V-RT-SINGLE; MULTI separate)
RVT-AbiP2	446	36.5689	6377	exact RT sequences	exact RTs of that family (V-RT-SINGLE; MULTI separate)
RVT-AbiP2	449	37.1021	6377	exact RT sequences	exact RTs of that family (V-RT-SINGLE; MULTI separate)
RVT-AbiP2	452	37.5725	6377	exact RT sequences	exact RTs of that family (V-RT-SINGLE; MULTI separate)
RVT-AbiP2	456	38.2625	6377	exact RT sequences	exact RTs of that family (V-RT-SINGLE; MULTI separate)
RVT-AbiP2	458	38.5291	6377	exact RT sequences	exact RTs of that family (V-RT-SINGLE; MULTI separate)
RVT-AbiP2	461	39.0152	6377	exact RT sequences	exact RTs of that family (V-RT-SINGLE; MULTI separate)
RVT-AbiP2	464	39.5641	6377	exact RT sequences	exact RTs of that family (V-RT-SINGLE; MULTI separate)
RVT-AbiP2	468	40.1286	6377	exact RT sequences	exact RTs of that family (V-RT-SINGLE; MULTI separate)
RVT-AbiP2	471	40.5206	6377	exact RT sequences	exact RTs of that family (V-RT-SINGLE; MULTI separate)
RVT-AbiP2	476	41.1792	6377	exact RT sequences	exact RTs of that family (V-RT-SINGLE; MULTI separate)
RVT-AbiP2	478	41.6497	6377	exact RT sequences	exact RTs of that family (V-RT-SINGLE; MULTI separate)
RVT-AbiP2	482	42.1201	6377	exact RT sequences	exact RTs of that family (V-RT-SINGLE; MULTI separate)
RVT-AbiP2	484	42.5592	6377	exact RT sequences	exact RTs of that family (V-RT-SINGLE; MULTI separate)
RVT-AbiP2	486	43.0767	6377	exact RT sequences	exact RTs of that family (V-RT-SINGLE; MULTI separate)
RVT-AbiP2	488	43.6569	6377	exact RT sequences	exact RTs of that family (V-RT-SINGLE; MULTI separate)
RVT-AbiP2	490	44.3939	6377	exact RT sequences	exact RTs of that family (V-RT-SINGLE; MULTI separate)
RVT-AbiP2	491	45.0996	6377	exact RT sequences	exact RTs of that family (V-RT-SINGLE; MULTI separate)
RVT-AbiP2	493	45.7896	6377	exact RT sequences	exact RTs of that family (V-RT-SINGLE; MULTI separate)
RVT-AbiP2	494	46.5579	6377	exact RT sequences	exact RTs of that family (V-RT-SINGLE; MULTI separate)
RVT-AbiP2	495	47.1225	6377	exact RT sequences	exact RTs of that family (V-RT-SINGLE; MULTI separate)
RVT-AbiP2	496	47.5929	6377	exact RT sequences	exact RTs of that family (V-RT-SINGLE; MULTI separate)
RVT-AbiP2	497	48.2672	6377	exact RT sequences	exact RTs of that family (V-RT-SINGLE; MULTI separate)
RVT-AbiP2	498	51.0899	6377	exact RT sequences	exact RTs of that family (V-RT-SINGLE; MULTI separate)
RVT-AbiP2	499	52.8618	6377	exact RT sequences	exact RTs of that family (V-RT-SINGLE; MULTI separate)
RVT-AbiP2	500	54.0536	6377	exact RT sequences	exact RTs of that family (V-RT-SINGLE; MULTI separate)
RVT-AbiP2	501	55.512	6377	exact RT sequences	exact RTs of that family (V-RT-SINGLE; MULTI separate)
RVT-AbiP2	502	56.594	6377	exact RT sequences	exact RTs of that family (V-RT-SINGLE; MULTI separate)
RVT-AbiP2	503	57.2683	6377	exact RT sequences	exact RTs of that family (V-RT-SINGLE; MULTI separate)
RVT-AbiP2	504	58.3346	6377	exact RT sequences	exact RTs of that family (V-RT-SINGLE; MULTI separate)
RVT-AbiP2	505	59.103	6377	exact RT sequences	exact RTs of that family (V-RT-SINGLE; MULTI separate)
RVT-AbiP2	506	60.138	6377	exact RT sequences	exact RTs of that family (V-RT-SINGLE; MULTI separate)
RVT-AbiP2	507	62.3491	6377	exact RT sequences	exact RTs of that family (V-RT-SINGLE; MULTI separate)
RVT-AbiP2	508	64.0427	6377	exact RT sequences	exact RTs of that family (V-RT-SINGLE; MULTI separate)
RVT-AbiP2	509	65.0463	6377	exact RT sequences	exact RTs of that family (V-RT-SINGLE; MULTI separate)
RVT-AbiP2	510	65.8617	6377	exact RT sequences	exact RTs of that family (V-RT-SINGLE; MULTI separate)
RVT-AbiP2	511	66.8026	6377	exact RT sequences	exact RTs of that family (V-RT-SINGLE; MULTI separate)
RVT-AbiP2	512	68.6059	6377	exact RT sequences	exact RTs of that family (V-RT-SINGLE; MULTI separate)
RVT-AbiP2	513	69.9702	6377	exact RT sequences	exact RTs of that family (V-RT-SINGLE; MULTI separate)
RVT-AbiP2	514	72.3538	6377	exact RT sequences	exact RTs of that family (V-RT-SINGLE; MULTI separate)
RVT-AbiP2	515	73.8121	6377	exact RT sequences	exact RTs of that family (V-RT-SINGLE; MULTI separate)
RVT-AbiP2	516	74.2826	6377	exact RT sequences	exact RTs of that family (V-RT-SINGLE; MULTI separate)
RVT-AbiP2	517	75.0039	6377	exact RT sequences	exact RTs of that family (V-RT-SINGLE; MULTI separate)
RVT-AbiP2	519	75.6312	6377	exact RT sequences	exact RTs of that family (V-RT-SINGLE; MULTI separate)
RVT-AbiP2	520	76.1643	6377	exact RT sequences	exact RTs of that family (V-RT-SINGLE; MULTI separate)
RVT-AbiP2	521	76.5407	6377	exact RT sequences	exact RTs of that family (V-RT-SINGLE; MULTI separate)
RVT-AbiP2	523	77.1836	6377	exact RT sequences	exact RTs of that family (V-RT-SINGLE; MULTI separate)
RVT-AbiP2	525	77.6854	6377	exact RT sequences	exact RTs of that family (V-RT-SINGLE; MULTI separate)
RVT-AbiP2	526	78.0304	6377	exact RT sequences	exact RTs of that family (V-RT-SINGLE; MULTI separate)
RVT-AbiP2	528	78.6263	6377	exact RT sequences	exact RTs of that family (V-RT-SINGLE; MULTI separate)
RVT-AbiP2	530	79.0968	6377	exact RT sequences	exact RTs of that family (V-RT-SINGLE; MULTI separate)
RVT-AbiP2	533	79.6299	6377	exact RT sequences	exact RTs of that family (V-RT-SINGLE; MULTI separate)
RVT-AbiP2	536	80.2572	6377	exact RT sequences	exact RTs of that family (V-RT-SINGLE; MULTI separate)
RVT-AbiP2	537	81.0883	6377	exact RT sequences	exact RTs of that family (V-RT-SINGLE; MULTI separate)
RVT-AbiP2	539	81.5901	6377	exact RT sequences	exact RTs of that family (V-RT-SINGLE; MULTI separate)
RVT-AbiP2	540	82.4996	6377	exact RT sequences	exact RTs of that family (V-RT-SINGLE; MULTI separate)
RVT-AbiP2	540	82.4996	6377	exact RT sequences	exact RTs of that family (V-RT-SINGLE; MULTI separate)
RVT-AbiP2	544	83.2053	6377	exact RT sequences	exact RTs of that family (V-RT-SINGLE; MULTI separate)
RVT-AbiP2	546	83.5973	6377	exact RT sequences	exact RTs of that family (V-RT-SINGLE; MULTI separate)
RVT-AbiP2	548	84.2089	6377	exact RT sequences	exact RTs of that family (V-RT-SINGLE; MULTI separate)
RVT-AbiP2	550	84.5225	6377	exact RT sequences	exact RTs of that family (V-RT-SINGLE; MULTI separate)
RVT-AbiP2	551	85.0557	6377	exact RT sequences	exact RTs of that family (V-RT-SINGLE; MULTI separate)
RVT-AbiP2	553	85.6359	6377	exact RT sequences	exact RTs of that family (V-RT-SINGLE; MULTI separate)
RVT-AbiP2	555	86.6081	6377	exact RT sequences	exact RTs of that family (V-RT-SINGLE; MULTI separate)
RVT-AbiP2	557	87.2197	6377	exact RT sequences	exact RTs of that family (V-RT-SINGLE; MULTI separate)
RVT-AbiP2	560	87.5647	6377	exact RT sequences	exact RTs of that family (V-RT-SINGLE; MULTI separate)
RVT-AbiP2	563	88.0665	6377	exact RT sequences	exact RTs of that family (V-RT-SINGLE; MULTI separate)
RVT-AbiP2	566	88.6624	6377	exact RT sequences	exact RTs of that family (V-RT-SINGLE; MULTI separate)
RVT-AbiP2	568	89.0544	6377	exact RT sequences	exact RTs of that family (V-RT-SINGLE; MULTI separate)
RVT-AbiP2	570	91.4066	6377	exact RT sequences	exact RTs of that family (V-RT-SINGLE; MULTI separate)
RVT-AbiP2	571	92.1907	6377	exact RT sequences	exact RTs of that family (V-RT-SINGLE; MULTI separate)
RVT-AbiP2	572	93.4922	6377	exact RT sequences	exact RTs of that family (V-RT-SINGLE; MULTI separate)
RVT-AbiP2	572	93.4922	6377	exact RT sequences	exact RTs of that family (V-RT-SINGLE; MULTI separate)
RVT-AbiP2	575	94.0411	6377	exact RT sequences	exact RTs of that family (V-RT-SINGLE; MULTI separate)
RVT-AbiP2	579	94.637	6377	exact RT sequences	exact RTs of that family (V-RT-SINGLE; MULTI separate)
RVT-AbiP2	583	95.0133	6377	exact RT sequences	exact RTs of that family (V-RT-SINGLE; MULTI separate)
RVT-AbiP2	587	96.3462	6377	exact RT sequences	exact RTs of that family (V-RT-SINGLE; MULTI separate)
RVT-AbiP2	591	96.5031	6377	exact RT sequences	exact RTs of that family (V-RT-SINGLE; MULTI separate)
RVT-AbiP2	601	97.0519	6377	exact RT sequences	exact RTs of that family (V-RT-SINGLE; MULTI separate)
RVT-AbiP2	613	97.491	6377	exact RT sequences	exact RTs of that family (V-RT-SINGLE; MULTI separate)
RVT-AbiP2	627	98.0085	6377	exact RT sequences	exact RTs of that family (V-RT-SINGLE; MULTI separate)
RVT-AbiP2	653	98.5103	6377	exact RT sequences	exact RTs of that family (V-RT-SINGLE; MULTI separate)
RVT-AbiP2	744	99.0121	6377	exact RT sequences	exact RTs of that family (V-RT-SINGLE; MULTI separate)
RVT-AbiP2	993	99.4982	6377	exact RT sequences	exact RTs of that family (V-RT-SINGLE; MULTI separate)
RVT-AbiP2	2129	100.0	6377	exact RT sequences	exact RTs of that family (V-RT-SINGLE; MULTI separate)
RVT-DGRs	30	0.0013	76111	exact RT sequences	exact RTs of that family (V-RT-SINGLE; MULTI separate)
RVT-DGRs	84	0.5269	76111	exact RT sequences	exact RTs of that family (V-RT-SINGLE; MULTI separate)
RVT-DGRs	101	1.0196	76111	exact RT sequences	exact RTs of that family (V-RT-SINGLE; MULTI separate)
RVT-DGRs	114	1.5254	76111	exact RT sequences	exact RTs of that family (V-RT-SINGLE; MULTI separate)
RVT-DGRs	122	2.0575	76111	exact RT sequences	exact RTs of that family (V-RT-SINGLE; MULTI separate)
RVT-DGRs	128	2.5266	76111	exact RT sequences	exact RTs of that family (V-RT-SINGLE; MULTI separate)
RVT-DGRs	133	3.0101	76111	exact RT sequences	exact RTs of that family (V-RT-SINGLE; MULTI separate)
RVT-DGRs	139	3.5356	76111	exact RT sequences	exact RTs of that family (V-RT-SINGLE; MULTI separate)
RVT-DGRs	144	4.1006	76111	exact RT sequences	exact RTs of that family (V-RT-SINGLE; MULTI separate)
RVT-DGRs	149	4.6064	76111	exact RT sequences	exact RTs of that family (V-RT-SINGLE; MULTI separate)
RVT-DGRs	153	5.0584	76111	exact RT sequences	exact RTs of that family (V-RT-SINGLE; MULTI separate)
RVT-DGRs	157	5.5261	76111	exact RT sequences	exact RTs of that family (V-RT-SINGLE; MULTI separate)
RVT-DGRs	162	6.074	76111	exact RT sequences	exact RTs of that family (V-RT-SINGLE; MULTI separate)
RVT-DGRs	166	6.5759	76111	exact RT sequences	exact RTs of that family (V-RT-SINGLE; MULTI separate)
RVT-DGRs	170	7.0226	76111	exact RT sequences	exact RTs of that family (V-RT-SINGLE; MULTI separate)
RVT-DGRs	174	7.5442	76111	exact RT sequences	exact RTs of that family (V-RT-SINGLE; MULTI separate)
RVT-DGRs	179	8.0711	76111	exact RT sequences	exact RTs of that family (V-RT-SINGLE; MULTI separate)
RVT-DGRs	183	8.5231	76111	exact RT sequences	exact RTs of that family (V-RT-SINGLE; MULTI separate)
RVT-DGRs	187	9.0591	76111	exact RT sequences	exact RTs of that family (V-RT-SINGLE; MULTI separate)
RVT-DGRs	191	9.6241	76111	exact RT sequences	exact RTs of that family (V-RT-SINGLE; MULTI separate)
RVT-DGRs	194	10.0432	76111	exact RT sequences	exact RTs of that family (V-RT-SINGLE; MULTI separate)
RVT-DGRs	198	10.5635	76111	exact RT sequences	exact RTs of that family (V-RT-SINGLE; MULTI separate)
RVT-DGRs	202	11.0615	76111	exact RT sequences	exact RTs of that family (V-RT-SINGLE; MULTI separate)
RVT-DGRs	206	11.5713	76111	exact RT sequences	exact RTs of that family (V-RT-SINGLE; MULTI separate)
RVT-DGRs	210	12.0272	76111	exact RT sequences	exact RTs of that family (V-RT-SINGLE; MULTI separate)
RVT-DGRs	214	12.5172	76111	exact RT sequences	exact RTs of that family (V-RT-SINGLE; MULTI separate)
RVT-DGRs	218	13.0126	76111	exact RT sequences	exact RTs of that family (V-RT-SINGLE; MULTI separate)
RVT-DGRs	223	13.5618	76111	exact RT sequences	exact RTs of that family (V-RT-SINGLE; MULTI separate)
RVT-DGRs	227	14.0532	76111	exact RT sequences	exact RTs of that family (V-RT-SINGLE; MULTI separate)
RVT-DGRs	231	14.5721	76111	exact RT sequences	exact RTs of that family (V-RT-SINGLE; MULTI separate)
RVT-DGRs	236	15.1108	76111	exact RT sequences	exact RTs of that family (V-RT-SINGLE; MULTI separate)
RVT-DGRs	240	15.5313	76111	exact RT sequences	exact RTs of that family (V-RT-SINGLE; MULTI separate)
RVT-DGRs	244	16.0161	76111	exact RT sequences	exact RTs of that family (V-RT-SINGLE; MULTI separate)
RVT-DGRs	249	16.6231	76111	exact RT sequences	exact RTs of that family (V-RT-SINGLE; MULTI separate)
RVT-DGRs	253	17.0527	76111	exact RT sequences	exact RTs of that family (V-RT-SINGLE; MULTI separate)
RVT-DGRs	258	17.5914	76111	exact RT sequences	exact RTs of that family (V-RT-SINGLE; MULTI separate)
RVT-DGRs	263	18.0749	76111	exact RT sequences	exact RTs of that family (V-RT-SINGLE; MULTI separate)
RVT-DGRs	268	18.565	76111	exact RT sequences	exact RTs of that family (V-RT-SINGLE; MULTI separate)
RVT-DGRs	272	19.0524	76111	exact RT sequences	exact RTs of that family (V-RT-SINGLE; MULTI separate)
RVT-DGRs	277	19.5701	76111	exact RT sequences	exact RTs of that family (V-RT-SINGLE; MULTI separate)
RVT-DGRs	282	20.1048	76111	exact RT sequences	exact RTs of that family (V-RT-SINGLE; MULTI separate)
RVT-DGRs	286	20.5844	76111	exact RT sequences	exact RTs of that family (V-RT-SINGLE; MULTI separate)
RVT-DGRs	290	21.1178	76111	exact RT sequences	exact RTs of that family (V-RT-SINGLE; MULTI separate)
RVT-DGRs	293	21.5199	76111	exact RT sequences	exact RTs of that family (V-RT-SINGLE; MULTI separate)
RVT-DGRs	297	22.0494	76111	exact RT sequences	exact RTs of that family (V-RT-SINGLE; MULTI separate)
RVT-DGRs	301	22.5986	76111	exact RT sequences	exact RTs of that family (V-RT-SINGLE; MULTI separate)
RVT-DGRs	305	23.1977	76111	exact RT sequences	exact RTs of that family (V-RT-SINGLE; MULTI separate)
RVT-DGRs	308	23.6089	76111	exact RT sequences	exact RTs of that family (V-RT-SINGLE; MULTI separate)
RVT-DGRs	311	24.0596	76111	exact RT sequences	exact RTs of that family (V-RT-SINGLE; MULTI separate)
RVT-DGRs	314	24.6535	76111	exact RT sequences	exact RTs of that family (V-RT-SINGLE; MULTI separate)
RVT-DGRs	316	25.1054	76111	exact RT sequences	exact RTs of that family (V-RT-SINGLE; MULTI separate)
RVT-DGRs	318	25.6507	76111	exact RT sequences	exact RTs of that family (V-RT-SINGLE; MULTI separate)
RVT-DGRs	320	26.238	76111	exact RT sequences	exact RTs of that family (V-RT-SINGLE; MULTI separate)
RVT-DGRs	322	26.7465	76111	exact RT sequences	exact RTs of that family (V-RT-SINGLE; MULTI separate)
RVT-DGRs	324	27.2076	76111	exact RT sequences	exact RTs of that family (V-RT-SINGLE; MULTI separate)
RVT-DGRs	326	27.7779	76111	exact RT sequences	exact RTs of that family (V-RT-SINGLE; MULTI separate)
RVT-DGRs	327	28.151	76111	exact RT sequences	exact RTs of that family (V-RT-SINGLE; MULTI separate)
RVT-DGRs	328	28.666	76111	exact RT sequences	exact RTs of that family (V-RT-SINGLE; MULTI separate)
RVT-DGRs	329	29.0983	76111	exact RT sequences	exact RTs of that family (V-RT-SINGLE; MULTI separate)
RVT-DGRs	330	29.5161	76111	exact RT sequences	exact RTs of that family (V-RT-SINGLE; MULTI separate)
RVT-DGRs	331	30.1231	76111	exact RT sequences	exact RTs of that family (V-RT-SINGLE; MULTI separate)
RVT-DGRs	332	30.7288	76111	exact RT sequences	exact RTs of that family (V-RT-SINGLE; MULTI separate)
RVT-DGRs	333	31.3595	76111	exact RT sequences	exact RTs of that family (V-RT-SINGLE; MULTI separate)
RVT-DGRs	334	32.0059	76111	exact RT sequences	exact RTs of that family (V-RT-SINGLE; MULTI separate)
RVT-DGRs	335	32.6379	76111	exact RT sequences	exact RTs of that family (V-RT-SINGLE; MULTI separate)
RVT-DGRs	336	33.3933	76111	exact RT sequences	exact RTs of that family (V-RT-SINGLE; MULTI separate)
RVT-DGRs	337	34.2526	76111	exact RT sequences	exact RTs of that family (V-RT-SINGLE; MULTI separate)
RVT-DGRs	338	34.7401	76111	exact RT sequences	exact RTs of that family (V-RT-SINGLE; MULTI separate)
RVT-DGRs	339	35.4561	76111	exact RT sequences	exact RTs of that family (V-RT-SINGLE; MULTI separate)
RVT-DGRs	340	36.0947	76111	exact RT sequences	exact RTs of that family (V-RT-SINGLE; MULTI separate)
RVT-DGRs	341	36.7542	76111	exact RT sequences	exact RTs of that family (V-RT-SINGLE; MULTI separate)
RVT-DGRs	342	37.4374	76111	exact RT sequences	exact RTs of that family (V-RT-SINGLE; MULTI separate)
RVT-DGRs	343	38.3493	76111	exact RT sequences	exact RTs of that family (V-RT-SINGLE; MULTI separate)
RVT-DGRs	344	39.0325	76111	exact RT sequences	exact RTs of that family (V-RT-SINGLE; MULTI separate)
RVT-DGRs	345	39.7906	76111	exact RT sequences	exact RTs of that family (V-RT-SINGLE; MULTI separate)
RVT-DGRs	346	40.6656	76111	exact RT sequences	exact RTs of that family (V-RT-SINGLE; MULTI separate)
RVT-DGRs	347	41.3225	76111	exact RT sequences	exact RTs of that family (V-RT-SINGLE; MULTI separate)
RVT-DGRs	348	41.9598	76111	exact RT sequences	exact RTs of that family (V-RT-SINGLE; MULTI separate)
RVT-DGRs	349	42.6929	76111	exact RT sequences	exact RTs of that family (V-RT-SINGLE; MULTI separate)
RVT-DGRs	350	43.5233	76111	exact RT sequences	exact RTs of that family (V-RT-SINGLE; MULTI separate)
RVT-DGRs	351	44.5271	76111	exact RT sequences	exact RTs of that family (V-RT-SINGLE; MULTI separate)
RVT-DGRs	352	45.544	76111	exact RT sequences	exact RTs of that family (V-RT-SINGLE; MULTI separate)
RVT-DGRs	353	46.4663	76111	exact RT sequences	exact RTs of that family (V-RT-SINGLE; MULTI separate)
RVT-DGRs	354	47.2284	76111	exact RT sequences	exact RTs of that family (V-RT-SINGLE; MULTI separate)
RVT-DGRs	355	47.9274	76111	exact RT sequences	exact RTs of that family (V-RT-SINGLE; MULTI separate)
RVT-DGRs	356	48.7788	76111	exact RT sequences	exact RTs of that family (V-RT-SINGLE; MULTI separate)
RVT-DGRs	357	49.3647	76111	exact RT sequences	exact RTs of that family (V-RT-SINGLE; MULTI separate)
RVT-DGRs	358	49.9205	76111	exact RT sequences	exact RTs of that family (V-RT-SINGLE; MULTI separate)
RVT-DGRs	359	50.4907	76111	exact RT sequences	exact RTs of that family (V-RT-SINGLE; MULTI separate)
RVT-DGRs	360	51.1621	76111	exact RT sequences	exact RTs of that family (V-RT-SINGLE; MULTI separate)
RVT-DGRs	361	51.8191	76111	exact RT sequences	exact RTs of that family (V-RT-SINGLE; MULTI separate)
RVT-DGRs	362	52.2303	76111	exact RT sequences	exact RTs of that family (V-RT-SINGLE; MULTI separate)
RVT-DGRs	363	52.97	76111	exact RT sequences	exact RTs of that family (V-RT-SINGLE; MULTI separate)
RVT-DGRs	364	53.6217	76111	exact RT sequences	exact RTs of that family (V-RT-SINGLE; MULTI separate)
RVT-DGRs	365	54.5874	76111	exact RT sequences	exact RTs of that family (V-RT-SINGLE; MULTI separate)
RVT-DGRs	366	55.2469	76111	exact RT sequences	exact RTs of that family (V-RT-SINGLE; MULTI separate)
RVT-DGRs	367	56.0852	76111	exact RT sequences	exact RTs of that family (V-RT-SINGLE; MULTI separate)
RVT-DGRs	368	56.6318	76111	exact RT sequences	exact RTs of that family (V-RT-SINGLE; MULTI separate)
RVT-DGRs	369	57.3504	76111	exact RT sequences	exact RTs of that family (V-RT-SINGLE; MULTI separate)
RVT-DGRs	370	57.9167	76111	exact RT sequences	exact RTs of that family (V-RT-SINGLE; MULTI separate)
RVT-DGRs	371	58.458	76111	exact RT sequences	exact RTs of that family (V-RT-SINGLE; MULTI separate)
RVT-DGRs	372	59.274	76111	exact RT sequences	exact RTs of that family (V-RT-SINGLE; MULTI separate)
RVT-DGRs	373	59.8258	76111	exact RT sequences	exact RTs of that family (V-RT-SINGLE; MULTI separate)
RVT-DGRs	374	60.5248	76111	exact RT sequences	exact RTs of that family (V-RT-SINGLE; MULTI separate)
RVT-DGRs	375	61.2934	76111	exact RT sequences	exact RTs of that family (V-RT-SINGLE; MULTI separate)
RVT-DGRs	376	61.7979	76111	exact RT sequences	exact RTs of that family (V-RT-SINGLE; MULTI separate)
RVT-DGRs	377	62.2459	76111	exact RT sequences	exact RTs of that family (V-RT-SINGLE; MULTI separate)
RVT-DGRs	378	62.7426	76111	exact RT sequences	exact RTs of that family (V-RT-SINGLE; MULTI separate)
RVT-DGRs	379	63.2221	76111	exact RT sequences	exact RTs of that family (V-RT-SINGLE; MULTI separate)
RVT-DGRs	380	63.6202	76111	exact RT sequences	exact RTs of that family (V-RT-SINGLE; MULTI separate)
RVT-DGRs	381	64.1064	76111	exact RT sequences	exact RTs of that family (V-RT-SINGLE; MULTI separate)
RVT-DGRs	382	64.582	76111	exact RT sequences	exact RTs of that family (V-RT-SINGLE; MULTI separate)
RVT-DGRs	383	65.0287	76111	exact RT sequences	exact RTs of that family (V-RT-SINGLE; MULTI separate)
RVT-DGRs	384	65.591	76111	exact RT sequences	exact RTs of that family (V-RT-SINGLE; MULTI separate)
RVT-DGRs	385	66.3071	76111	exact RT sequences	exact RTs of that family (V-RT-SINGLE; MULTI separate)
RVT-DGRs	386	66.8537	76111	exact RT sequences	exact RTs of that family (V-RT-SINGLE; MULTI separate)
RVT-DGRs	387	67.2583	76111	exact RT sequences	exact RTs of that family (V-RT-SINGLE; MULTI separate)
RVT-DGRs	388	67.667	76111	exact RT sequences	exact RTs of that family (V-RT-SINGLE; MULTI separate)
RVT-DGRs	389	68.0059	76111	exact RT sequences	exact RTs of that family (V-RT-SINGLE; MULTI separate)
RVT-DGRs	391	68.9427	76111	exact RT sequences	exact RTs of that family (V-RT-SINGLE; MULTI separate)
RVT-DGRs	392	69.4275	76111	exact RT sequences	exact RTs of that family (V-RT-SINGLE; MULTI separate)
RVT-DGRs	393	69.9505	76111	exact RT sequences	exact RTs of that family (V-RT-SINGLE; MULTI separate)
RVT-DGRs	394	70.434	76111	exact RT sequences	exact RTs of that family (V-RT-SINGLE; MULTI separate)
RVT-DGRs	395	70.9819	76111	exact RT sequences	exact RTs of that family (V-RT-SINGLE; MULTI separate)
RVT-DGRs	396	71.4732	76111	exact RT sequences	exact RTs of that family (V-RT-SINGLE; MULTI separate)
RVT-DGRs	397	71.8858	76111	exact RT sequences	exact RTs of that family (V-RT-SINGLE; MULTI separate)
RVT-DGRs	398	72.4508	76111	exact RT sequences	exact RTs of that family (V-RT-SINGLE; MULTI separate)
RVT-DGRs	399	72.8765	76111	exact RT sequences	exact RTs of that family (V-RT-SINGLE; MULTI separate)
RVT-DGRs	400	73.3928	76111	exact RT sequences	exact RTs of that family (V-RT-SINGLE; MULTI separate)
RVT-DGRs	401	73.9078	76111	exact RT sequences	exact RTs of that family (V-RT-SINGLE; MULTI separate)
RVT-DGRs	402	74.2113	76111	exact RT sequences	exact RTs of that family (V-RT-SINGLE; MULTI separate)
RVT-DGRs	403	74.5937	76111	exact RT sequences	exact RTs of that family (V-RT-SINGLE; MULTI separate)
RVT-DGRs	404	75.0549	76111	exact RT sequences	exact RTs of that family (V-RT-SINGLE; MULTI separate)
RVT-DGRs	406	75.809	76111	exact RT sequences	exact RTs of that family (V-RT-SINGLE; MULTI separate)
RVT-DGRs	407	76.4725	76111	exact RT sequences	exact RTs of that family (V-RT-SINGLE; MULTI separate)
RVT-DGRs	408	76.8706	76111	exact RT sequences	exact RTs of that family (V-RT-SINGLE; MULTI separate)
RVT-DGRs	409	77.4277	76111	exact RT sequences	exact RTs of that family (V-RT-SINGLE; MULTI separate)
RVT-DGRs	410	77.7956	76111	exact RT sequences	exact RTs of that family (V-RT-SINGLE; MULTI separate)
RVT-DGRs	411	78.333	76111	exact RT sequences	exact RTs of that family (V-RT-SINGLE; MULTI separate)
RVT-DGRs	412	78.6496	76111	exact RT sequences	exact RTs of that family (V-RT-SINGLE; MULTI separate)
RVT-DGRs	413	79.0753	76111	exact RT sequences	exact RTs of that family (V-RT-SINGLE; MULTI separate)
RVT-DGRs	415	79.7283	76111	exact RT sequences	exact RTs of that family (V-RT-SINGLE; MULTI separate)
RVT-DGRs	416	80.3563	76111	exact RT sequences	exact RTs of that family (V-RT-SINGLE; MULTI separate)
RVT-DGRs	417	80.6717	76111	exact RT sequences	exact RTs of that family (V-RT-SINGLE; MULTI separate)
RVT-DGRs	418	81.0816	76111	exact RT sequences	exact RTs of that family (V-RT-SINGLE; MULTI separate)
RVT-DGRs	420	81.6347	76111	exact RT sequences	exact RTs of that family (V-RT-SINGLE; MULTI separate)
RVT-DGRs	422	82.0552	76111	exact RT sequences	exact RTs of that family (V-RT-SINGLE; MULTI separate)
RVT-DGRs	424	82.5452	76111	exact RT sequences	exact RTs of that family (V-RT-SINGLE; MULTI separate)
RVT-DGRs	426	83.1168	76111	exact RT sequences	exact RTs of that family (V-RT-SINGLE; MULTI separate)
RVT-DGRs	428	83.6528	76111	exact RT sequences	exact RTs of that family (V-RT-SINGLE; MULTI separate)
RVT-DGRs	430	84.0641	76111	exact RT sequences	exact RTs of that family (V-RT-SINGLE; MULTI separate)
RVT-DGRs	432	84.8182	76111	exact RT sequences	exact RTs of that family (V-RT-SINGLE; MULTI separate)
RVT-DGRs	433	85.9219	76111	exact RT sequences	exact RTs of that family (V-RT-SINGLE; MULTI separate)
RVT-DGRs	434	86.5775	76111	exact RT sequences	exact RTs of that family (V-RT-SINGLE; MULTI separate)
RVT-DGRs	437	87.1109	76111	exact RT sequences	exact RTs of that family (V-RT-SINGLE; MULTI separate)
RVT-DGRs	439	87.5971	76111	exact RT sequences	exact RTs of that family (V-RT-SINGLE; MULTI separate)
RVT-DGRs	442	88.1068	76111	exact RT sequences	exact RTs of that family (V-RT-SINGLE; MULTI separate)
RVT-DGRs	446	88.5772	76111	exact RT sequences	exact RTs of that family (V-RT-SINGLE; MULTI separate)
RVT-DGRs	448	89.0436	76111	exact RT sequences	exact RTs of that family (V-RT-SINGLE; MULTI separate)
RVT-DGRs	451	89.5705	76111	exact RT sequences	exact RTs of that family (V-RT-SINGLE; MULTI separate)
RVT-DGRs	453	90.0619	76111	exact RT sequences	exact RTs of that family (V-RT-SINGLE; MULTI separate)
RVT-DGRs	456	90.5756	76111	exact RT sequences	exact RTs of that family (V-RT-SINGLE; MULTI separate)
RVT-DGRs	461	91.205	76111	exact RT sequences	exact RTs of that family (V-RT-SINGLE; MULTI separate)
RVT-DGRs	464	91.5623	76111	exact RT sequences	exact RTs of that family (V-RT-SINGLE; MULTI separate)
RVT-DGRs	468	92.0524	76111	exact RT sequences	exact RTs of that family (V-RT-SINGLE; MULTI separate)
RVT-DGRs	473	92.8302	76111	exact RT sequences	exact RTs of that family (V-RT-SINGLE; MULTI separate)
RVT-DGRs	475	93.0378	76111	exact RT sequences	exact RTs of that family (V-RT-SINGLE; MULTI separate)
RVT-DGRs	480	93.5239	76111	exact RT sequences	exact RTs of that family (V-RT-SINGLE; MULTI separate)
RVT-DGRs	488	94.0324	76111	exact RT sequences	exact RTs of that family (V-RT-SINGLE; MULTI separate)
RVT-DGRs	494	94.5212	76111	exact RT sequences	exact RTs of that family (V-RT-SINGLE; MULTI separate)
RVT-DGRs	501	95.1058	76111	exact RT sequences	exact RTs of that family (V-RT-SINGLE; MULTI separate)
RVT-DGRs	507	95.5118	76111	exact RT sequences	exact RTs of that family (V-RT-SINGLE; MULTI separate)
RVT-DGRs	518	96.0269	76111	exact RT sequences	exact RTs of that family (V-RT-SINGLE; MULTI separate)
RVT-DGRs	529	96.5012	76111	exact RT sequences	exact RTs of that family (V-RT-SINGLE; MULTI separate)
RVT-DGRs	546	97.1476	76111	exact RT sequences	exact RTs of that family (V-RT-SINGLE; MULTI separate)
RVT-DGRs	558	97.4997	76111	exact RT sequences	exact RTs of that family (V-RT-SINGLE; MULTI separate)
RVT-DGRs	597	98.0042	76111	exact RT sequences	exact RTs of that family (V-RT-SINGLE; MULTI separate)
RVT-DGRs	661	98.4996	76111	exact RT sequences	exact RTs of that family (V-RT-SINGLE; MULTI separate)
RVT-DGRs	781	99.0015	76111	exact RT sequences	exact RTs of that family (V-RT-SINGLE; MULTI separate)
RVT-DGRs	994	99.4994	76111	exact RT sequences	exact RTs of that family (V-RT-SINGLE; MULTI separate)
RVT-DGRs	5001	100.0	76111	exact RT sequences	exact RTs of that family (V-RT-SINGLE; MULTI separate)
RVT-GII	20	0.0027	256624	exact RT sequences	exact RTs of that family (V-RT-SINGLE; MULTI separate)
RVT-GII	53	0.5268	256624	exact RT sequences	exact RTs of that family (V-RT-SINGLE; MULTI separate)
RVT-GII	65	1.003	256624	exact RT sequences	exact RTs of that family (V-RT-SINGLE; MULTI separate)
RVT-GII	73	1.5326	256624	exact RT sequences	exact RTs of that family (V-RT-SINGLE; MULTI separate)
RVT-GII	79	2.0649	256624	exact RT sequences	exact RTs of that family (V-RT-SINGLE; MULTI separate)
RVT-GII	84	2.5761	256624	exact RT sequences	exact RTs of that family (V-RT-SINGLE; MULTI separate)
RVT-GII	89	3.1135	256624	exact RT sequences	exact RTs of that family (V-RT-SINGLE; MULTI separate)
RVT-GII	93	3.5219	256624	exact RT sequences	exact RTs of that family (V-RT-SINGLE; MULTI separate)
RVT-GII	98	4.0137	256624	exact RT sequences	exact RTs of that family (V-RT-SINGLE; MULTI separate)
RVT-GII	103	4.5382	256624	exact RT sequences	exact RTs of that family (V-RT-SINGLE; MULTI separate)
RVT-GII	108	5.0256	256624	exact RT sequences	exact RTs of that family (V-RT-SINGLE; MULTI separate)
RVT-GII	113	5.556	256624	exact RT sequences	exact RTs of that family (V-RT-SINGLE; MULTI separate)
RVT-GII	118	6.114	256624	exact RT sequences	exact RTs of that family (V-RT-SINGLE; MULTI separate)
RVT-GII	122	6.5847	256624	exact RT sequences	exact RTs of that family (V-RT-SINGLE; MULTI separate)
RVT-GII	126	7.0442	256624	exact RT sequences	exact RTs of that family (V-RT-SINGLE; MULTI separate)
RVT-GII	130	7.5242	256624	exact RT sequences	exact RTs of that family (V-RT-SINGLE; MULTI separate)
RVT-GII	134	8.0055	256624	exact RT sequences	exact RTs of that family (V-RT-SINGLE; MULTI separate)
RVT-GII	138	8.5479	256624	exact RT sequences	exact RTs of that family (V-RT-SINGLE; MULTI separate)
RVT-GII	142	9.0732	256624	exact RT sequences	exact RTs of that family (V-RT-SINGLE; MULTI separate)
RVT-GII	146	9.5922	256624	exact RT sequences	exact RTs of that family (V-RT-SINGLE; MULTI separate)
RVT-GII	149	10.0209	256624	exact RT sequences	exact RTs of that family (V-RT-SINGLE; MULTI separate)
RVT-GII	153	10.5653	256624	exact RT sequences	exact RTs of that family (V-RT-SINGLE; MULTI separate)
RVT-GII	157	11.082	256624	exact RT sequences	exact RTs of that family (V-RT-SINGLE; MULTI separate)
RVT-GII	160	11.525	256624	exact RT sequences	exact RTs of that family (V-RT-SINGLE; MULTI separate)
RVT-GII	164	12.0897	256624	exact RT sequences	exact RTs of that family (V-RT-SINGLE; MULTI separate)
RVT-GII	167	12.5296	256624	exact RT sequences	exact RTs of that family (V-RT-SINGLE; MULTI separate)
RVT-GII	171	13.1508	256624	exact RT sequences	exact RTs of that family (V-RT-SINGLE; MULTI separate)
RVT-GII	174	13.6242	256624	exact RT sequences	exact RTs of that family (V-RT-SINGLE; MULTI separate)
RVT-GII	177	14.0825	256624	exact RT sequences	exact RTs of that family (V-RT-SINGLE; MULTI separate)
RVT-GII	180	14.6019	256624	exact RT sequences	exact RTs of that family (V-RT-SINGLE; MULTI separate)
RVT-GII	183	15.1159	256624	exact RT sequences	exact RTs of that family (V-RT-SINGLE; MULTI separate)
RVT-GII	186	15.6529	256624	exact RT sequences	exact RTs of that family (V-RT-SINGLE; MULTI separate)
RVT-GII	189	16.1267	256624	exact RT sequences	exact RTs of that family (V-RT-SINGLE; MULTI separate)
RVT-GII	192	16.6033	256624	exact RT sequences	exact RTs of that family (V-RT-SINGLE; MULTI separate)
RVT-GII	195	17.0923	256624	exact RT sequences	exact RTs of that family (V-RT-SINGLE; MULTI separate)
RVT-GII	198	17.6028	256624	exact RT sequences	exact RTs of that family (V-RT-SINGLE; MULTI separate)
RVT-GII	201	18.1105	256624	exact RT sequences	exact RTs of that family (V-RT-SINGLE; MULTI separate)
RVT-GII	204	18.5949	256624	exact RT sequences	exact RTs of that family (V-RT-SINGLE; MULTI separate)
RVT-GII	207	19.0773	256624	exact RT sequences	exact RTs of that family (V-RT-SINGLE; MULTI separate)
RVT-GII	210	19.5714	256624	exact RT sequences	exact RTs of that family (V-RT-SINGLE; MULTI separate)
RVT-GII	213	20.0589	256624	exact RT sequences	exact RTs of that family (V-RT-SINGLE; MULTI separate)
RVT-GII	216	20.5546	256624	exact RT sequences	exact RTs of that family (V-RT-SINGLE; MULTI separate)
RVT-GII	219	21.0312	256624	exact RT sequences	exact RTs of that family (V-RT-SINGLE; MULTI separate)
RVT-GII	223	21.6207	256624	exact RT sequences	exact RTs of that family (V-RT-SINGLE; MULTI separate)
RVT-GII	226	22.1067	256624	exact RT sequences	exact RTs of that family (V-RT-SINGLE; MULTI separate)
RVT-GII	229	22.5879	256624	exact RT sequences	exact RTs of that family (V-RT-SINGLE; MULTI separate)
RVT-GII	232	23.0579	256624	exact RT sequences	exact RTs of that family (V-RT-SINGLE; MULTI separate)
RVT-GII	235	23.5602	256624	exact RT sequences	exact RTs of that family (V-RT-SINGLE; MULTI separate)
RVT-GII	238	24.1073	256624	exact RT sequences	exact RTs of that family (V-RT-SINGLE; MULTI separate)
RVT-GII	241	24.6696	256624	exact RT sequences	exact RTs of that family (V-RT-SINGLE; MULTI separate)
RVT-GII	244	25.1757	256624	exact RT sequences	exact RTs of that family (V-RT-SINGLE; MULTI separate)
RVT-GII	246	25.5288	256624	exact RT sequences	exact RTs of that family (V-RT-SINGLE; MULTI separate)
RVT-GII	249	26.0061	256624	exact RT sequences	exact RTs of that family (V-RT-SINGLE; MULTI separate)
RVT-GII	253	26.6331	256624	exact RT sequences	exact RTs of that family (V-RT-SINGLE; MULTI separate)
RVT-GII	256	27.1627	256624	exact RT sequences	exact RTs of that family (V-RT-SINGLE; MULTI separate)
RVT-GII	259	27.651	256624	exact RT sequences	exact RTs of that family (V-RT-SINGLE; MULTI separate)
RVT-GII	262	28.126	256624	exact RT sequences	exact RTs of that family (V-RT-SINGLE; MULTI separate)
RVT-GII	265	28.5877	256624	exact RT sequences	exact RTs of that family (V-RT-SINGLE; MULTI separate)
RVT-GII	268	29.0553	256624	exact RT sequences	exact RTs of that family (V-RT-SINGLE; MULTI separate)
RVT-GII	271	29.5393	256624	exact RT sequences	exact RTs of that family (V-RT-SINGLE; MULTI separate)
RVT-GII	274	30.0077	256624	exact RT sequences	exact RTs of that family (V-RT-SINGLE; MULTI separate)
RVT-GII	278	30.6483	256624	exact RT sequences	exact RTs of that family (V-RT-SINGLE; MULTI separate)
RVT-GII	281	31.1237	256624	exact RT sequences	exact RTs of that family (V-RT-SINGLE; MULTI separate)
RVT-GII	284	31.6385	256624	exact RT sequences	exact RTs of that family (V-RT-SINGLE; MULTI separate)
RVT-GII	287	32.1377	256624	exact RT sequences	exact RTs of that family (V-RT-SINGLE; MULTI separate)
RVT-GII	290	32.6263	256624	exact RT sequences	exact RTs of that family (V-RT-SINGLE; MULTI separate)
RVT-GII	293	33.1201	256624	exact RT sequences	exact RTs of that family (V-RT-SINGLE; MULTI separate)
RVT-GII	296	33.5701	256624	exact RT sequences	exact RTs of that family (V-RT-SINGLE; MULTI separate)
RVT-GII	299	34.005	256624	exact RT sequences	exact RTs of that family (V-RT-SINGLE; MULTI separate)
RVT-GII	303	34.6117	256624	exact RT sequences	exact RTs of that family (V-RT-SINGLE; MULTI separate)
RVT-GII	306	35.0817	256624	exact RT sequences	exact RTs of that family (V-RT-SINGLE; MULTI separate)
RVT-GII	309	35.5076	256624	exact RT sequences	exact RTs of that family (V-RT-SINGLE; MULTI separate)
RVT-GII	313	36.0866	256624	exact RT sequences	exact RTs of that family (V-RT-SINGLE; MULTI separate)
RVT-GII	316	36.5332	256624	exact RT sequences	exact RTs of that family (V-RT-SINGLE; MULTI separate)
RVT-GII	320	37.1738	256624	exact RT sequences	exact RTs of that family (V-RT-SINGLE; MULTI separate)
RVT-GII	323	37.6142	256624	exact RT sequences	exact RTs of that family (V-RT-SINGLE; MULTI separate)
RVT-GII	326	38.1473	256624	exact RT sequences	exact RTs of that family (V-RT-SINGLE; MULTI separate)
RVT-GII	329	38.6191	256624	exact RT sequences	exact RTs of that family (V-RT-SINGLE; MULTI separate)
RVT-GII	331	39.0018	256624	exact RT sequences	exact RTs of that family (V-RT-SINGLE; MULTI separate)
RVT-GII	335	39.5797	256624	exact RT sequences	exact RTs of that family (V-RT-SINGLE; MULTI separate)
RVT-GII	338	40.0403	256624	exact RT sequences	exact RTs of that family (V-RT-SINGLE; MULTI separate)
RVT-GII	342	40.6517	256624	exact RT sequences	exact RTs of that family (V-RT-SINGLE; MULTI separate)
RVT-GII	345	41.0975	256624	exact RT sequences	exact RTs of that family (V-RT-SINGLE; MULTI separate)
RVT-GII	348	41.5164	256624	exact RT sequences	exact RTs of that family (V-RT-SINGLE; MULTI separate)
RVT-GII	352	42.0666	256624	exact RT sequences	exact RTs of that family (V-RT-SINGLE; MULTI separate)
RVT-GII	356	42.6086	256624	exact RT sequences	exact RTs of that family (V-RT-SINGLE; MULTI separate)
RVT-GII	359	43.0451	256624	exact RT sequences	exact RTs of that family (V-RT-SINGLE; MULTI separate)
RVT-GII	363	43.63	256624	exact RT sequences	exact RTs of that family (V-RT-SINGLE; MULTI separate)
RVT-GII	366	44.0949	256624	exact RT sequences	exact RTs of that family (V-RT-SINGLE; MULTI separate)
RVT-GII	369	44.5212	256624	exact RT sequences	exact RTs of that family (V-RT-SINGLE; MULTI separate)
RVT-GII	373	45.0652	256624	exact RT sequences	exact RTs of that family (V-RT-SINGLE; MULTI separate)
RVT-GII	377	45.5897	256624	exact RT sequences	exact RTs of that family (V-RT-SINGLE; MULTI separate)
RVT-GII	381	46.1114	256624	exact RT sequences	exact RTs of that family (V-RT-SINGLE; MULTI separate)
RVT-GII	384	46.5108	256624	exact RT sequences	exact RTs of that family (V-RT-SINGLE; MULTI separate)
RVT-GII	388	47.1394	256624	exact RT sequences	exact RTs of that family (V-RT-SINGLE; MULTI separate)
RVT-GII	391	47.6058	256624	exact RT sequences	exact RTs of that family (V-RT-SINGLE; MULTI separate)
RVT-GII	394	48.0968	256624	exact RT sequences	exact RTs of that family (V-RT-SINGLE; MULTI separate)
RVT-GII	397	48.5668	256624	exact RT sequences	exact RTs of that family (V-RT-SINGLE; MULTI separate)
RVT-GII	400	49.0348	256624	exact RT sequences	exact RTs of that family (V-RT-SINGLE; MULTI separate)
RVT-GII	404	49.6462	256624	exact RT sequences	exact RTs of that family (V-RT-SINGLE; MULTI separate)
RVT-GII	407	50.1282	256624	exact RT sequences	exact RTs of that family (V-RT-SINGLE; MULTI separate)
RVT-GII	410	50.7225	256624	exact RT sequences	exact RTs of that family (V-RT-SINGLE; MULTI separate)
RVT-GII	412	51.1725	256624	exact RT sequences	exact RTs of that family (V-RT-SINGLE; MULTI separate)
RVT-GII	413	51.5755	256624	exact RT sequences	exact RTs of that family (V-RT-SINGLE; MULTI separate)
RVT-GII	415	52.3073	256624	exact RT sequences	exact RTs of that family (V-RT-SINGLE; MULTI separate)
RVT-GII	416	52.7102	256624	exact RT sequences	exact RTs of that family (V-RT-SINGLE; MULTI separate)
RVT-GII	417	53.1568	256624	exact RT sequences	exact RTs of that family (V-RT-SINGLE; MULTI separate)
RVT-GII	418	53.5149	256624	exact RT sequences	exact RTs of that family (V-RT-SINGLE; MULTI separate)
RVT-GII	419	54.1048	256624	exact RT sequences	exact RTs of that family (V-RT-SINGLE; MULTI separate)
RVT-GII	420	54.7088	256624	exact RT sequences	exact RTs of that family (V-RT-SINGLE; MULTI separate)
RVT-GII	421	55.127	256624	exact RT sequences	exact RTs of that family (V-RT-SINGLE; MULTI separate)
RVT-GII	422	55.5096	256624	exact RT sequences	exact RTs of that family (V-RT-SINGLE; MULTI separate)
RVT-GII	424	56.3462	256624	exact RT sequences	exact RTs of that family (V-RT-SINGLE; MULTI separate)
RVT-GII	425	56.9779	256624	exact RT sequences	exact RTs of that family (V-RT-SINGLE; MULTI separate)
RVT-GII	426	57.4483	256624	exact RT sequences	exact RTs of that family (V-RT-SINGLE; MULTI separate)
RVT-GII	427	58.0737	256624	exact RT sequences	exact RTs of that family (V-RT-SINGLE; MULTI separate)
RVT-GII	429	58.7751	256624	exact RT sequences	exact RTs of that family (V-RT-SINGLE; MULTI separate)
RVT-GII	430	59.1203	256624	exact RT sequences	exact RTs of that family (V-RT-SINGLE; MULTI separate)
RVT-GII	431	59.8003	256624	exact RT sequences	exact RTs of that family (V-RT-SINGLE; MULTI separate)
RVT-GII	432	60.4562	256624	exact RT sequences	exact RTs of that family (V-RT-SINGLE; MULTI separate)
RVT-GII	433	60.8166	256624	exact RT sequences	exact RTs of that family (V-RT-SINGLE; MULTI separate)
RVT-GII	434	61.2791	256624	exact RT sequences	exact RTs of that family (V-RT-SINGLE; MULTI separate)
RVT-GII	435	61.6435	256624	exact RT sequences	exact RTs of that family (V-RT-SINGLE; MULTI separate)
RVT-GII	436	62.0959	256624	exact RT sequences	exact RTs of that family (V-RT-SINGLE; MULTI separate)
RVT-GII	438	62.8963	256624	exact RT sequences	exact RTs of that family (V-RT-SINGLE; MULTI separate)
RVT-GII	439	63.353	256624	exact RT sequences	exact RTs of that family (V-RT-SINGLE; MULTI separate)
RVT-GII	440	63.7996	256624	exact RT sequences	exact RTs of that family (V-RT-SINGLE; MULTI separate)
RVT-GII	441	64.3576	256624	exact RT sequences	exact RTs of that family (V-RT-SINGLE; MULTI separate)
RVT-GII	442	64.773	256624	exact RT sequences	exact RTs of that family (V-RT-SINGLE; MULTI separate)
RVT-GII	443	65.2671	256624	exact RT sequences	exact RTs of that family (V-RT-SINGLE; MULTI separate)
RVT-GII	444	65.6061	256624	exact RT sequences	exact RTs of that family (V-RT-SINGLE; MULTI separate)
RVT-GII	446	66.3819	256624	exact RT sequences	exact RTs of that family (V-RT-SINGLE; MULTI separate)
RVT-GII	447	66.6368	256624	exact RT sequences	exact RTs of that family (V-RT-SINGLE; MULTI separate)
RVT-GII	448	67.0884	256624	exact RT sequences	exact RTs of that family (V-RT-SINGLE; MULTI separate)
RVT-GII	450	67.6737	256624	exact RT sequences	exact RTs of that family (V-RT-SINGLE; MULTI separate)
RVT-GII	452	68.1277	256624	exact RT sequences	exact RTs of that family (V-RT-SINGLE; MULTI separate)
RVT-GII	454	68.6873	256624	exact RT sequences	exact RTs of that family (V-RT-SINGLE; MULTI separate)
RVT-GII	455	69.02	256624	exact RT sequences	exact RTs of that family (V-RT-SINGLE; MULTI separate)
RVT-GII	457	69.5726	256624	exact RT sequences	exact RTs of that family (V-RT-SINGLE; MULTI separate)
RVT-GII	459	70.1895	256624	exact RT sequences	exact RTs of that family (V-RT-SINGLE; MULTI separate)
RVT-GII	460	70.6267	256624	exact RT sequences	exact RTs of that family (V-RT-SINGLE; MULTI separate)
RVT-GII	462	71.3597	256624	exact RT sequences	exact RTs of that family (V-RT-SINGLE; MULTI separate)
RVT-GII	463	71.9278	256624	exact RT sequences	exact RTs of that family (V-RT-SINGLE; MULTI separate)
RVT-GII	464	72.7481	256624	exact RT sequences	exact RTs of that family (V-RT-SINGLE; MULTI separate)
RVT-GII	465	73.1475	256624	exact RT sequences	exact RTs of that family (V-RT-SINGLE; MULTI separate)
RVT-GII	467	73.7745	256624	exact RT sequences	exact RTs of that family (V-RT-SINGLE; MULTI separate)
RVT-GII	468	74.3512	256624	exact RT sequences	exact RTs of that family (V-RT-SINGLE; MULTI separate)
RVT-GII	469	74.6528	256624	exact RT sequences	exact RTs of that family (V-RT-SINGLE; MULTI separate)
RVT-GII	470	75.1025	256624	exact RT sequences	exact RTs of that family (V-RT-SINGLE; MULTI separate)
RVT-GII	472	75.6741	256624	exact RT sequences	exact RTs of that family (V-RT-SINGLE; MULTI separate)
RVT-GII	474	76.0813	256624	exact RT sequences	exact RTs of that family (V-RT-SINGLE; MULTI separate)
RVT-GII	476	76.5057	256624	exact RT sequences	exact RTs of that family (V-RT-SINGLE; MULTI separate)
RVT-GII	479	77.0575	256624	exact RT sequences	exact RTs of that family (V-RT-SINGLE; MULTI separate)
RVT-GII	482	77.5165	256624	exact RT sequences	exact RTs of that family (V-RT-SINGLE; MULTI separate)
RVT-GII	486	78.0582	256624	exact RT sequences	exact RTs of that family (V-RT-SINGLE; MULTI separate)
RVT-GII	489	78.6372	256624	exact RT sequences	exact RTs of that family (V-RT-SINGLE; MULTI separate)
RVT-GII	490	79.1204	256624	exact RT sequences	exact RTs of that family (V-RT-SINGLE; MULTI separate)
RVT-GII	492	79.6488	256624	exact RT sequences	exact RTs of that family (V-RT-SINGLE; MULTI separate)
RVT-GII	494	80.3296	256624	exact RT sequences	exact RTs of that family (V-RT-SINGLE; MULTI separate)
RVT-GII	495	80.5505	256624	exact RT sequences	exact RTs of that family (V-RT-SINGLE; MULTI separate)
RVT-GII	497	81.0146	256624	exact RT sequences	exact RTs of that family (V-RT-SINGLE; MULTI separate)
RVT-GII	500	81.5497	256624	exact RT sequences	exact RTs of that family (V-RT-SINGLE; MULTI separate)
RVT-GII	502	82.1147	256624	exact RT sequences	exact RTs of that family (V-RT-SINGLE; MULTI separate)
RVT-GII	505	82.5574	256624	exact RT sequences	exact RTs of that family (V-RT-SINGLE; MULTI separate)
RVT-GII	507	83.3476	256624	exact RT sequences	exact RTs of that family (V-RT-SINGLE; MULTI separate)
RVT-GII	508	83.5097	256624	exact RT sequences	exact RTs of that family (V-RT-SINGLE; MULTI separate)
RVT-GII	512	84.0268	256624	exact RT sequences	exact RTs of that family (V-RT-SINGLE; MULTI separate)
RVT-GII	518	84.5361	256624	exact RT sequences	exact RTs of that family (V-RT-SINGLE; MULTI separate)
RVT-GII	524	85.0969	256624	exact RT sequences	exact RTs of that family (V-RT-SINGLE; MULTI separate)
RVT-GII	530	85.5431	256624	exact RT sequences	exact RTs of that family (V-RT-SINGLE; MULTI separate)
RVT-GII	539	86.0118	256624	exact RT sequences	exact RTs of that family (V-RT-SINGLE; MULTI separate)
RVT-GII	547	86.5324	256624	exact RT sequences	exact RTs of that family (V-RT-SINGLE; MULTI separate)
RVT-GII	550	87.0265	256624	exact RT sequences	exact RTs of that family (V-RT-SINGLE; MULTI separate)
RVT-GII	553	87.5094	256624	exact RT sequences	exact RTs of that family (V-RT-SINGLE; MULTI separate)
RVT-GII	556	88.3362	256624	exact RT sequences	exact RTs of that family (V-RT-SINGLE; MULTI separate)
RVT-GII	557	88.6792	256624	exact RT sequences	exact RTs of that family (V-RT-SINGLE; MULTI separate)
RVT-GII	559	89.0143	256624	exact RT sequences	exact RTs of that family (V-RT-SINGLE; MULTI separate)
RVT-GII	563	89.5637	256624	exact RT sequences	exact RTs of that family (V-RT-SINGLE; MULTI separate)
RVT-GII	566	90.1256	256624	exact RT sequences	exact RTs of that family (V-RT-SINGLE; MULTI separate)
RVT-GII	569	90.5601	256624	exact RT sequences	exact RTs of that family (V-RT-SINGLE; MULTI separate)
RVT-GII	574	91.0959	256624	exact RT sequences	exact RTs of that family (V-RT-SINGLE; MULTI separate)
RVT-GII	579	91.53	256624	exact RT sequences	exact RTs of that family (V-RT-SINGLE; MULTI separate)
RVT-GII	586	92.0218	256624	exact RT sequences	exact RTs of that family (V-RT-SINGLE; MULTI separate)
RVT-GII	591	92.5253	256624	exact RT sequences	exact RTs of that family (V-RT-SINGLE; MULTI separate)
RVT-GII	597	93.019	256624	exact RT sequences	exact RTs of that family (V-RT-SINGLE; MULTI separate)
RVT-GII	601	93.5349	256624	exact RT sequences	exact RTs of that family (V-RT-SINGLE; MULTI separate)
RVT-GII	607	94.1097	256624	exact RT sequences	exact RTs of that family (V-RT-SINGLE; MULTI separate)
RVT-GII	612	94.5375	256624	exact RT sequences	exact RTs of that family (V-RT-SINGLE; MULTI separate)
RVT-GII	619	95.1852	256624	exact RT sequences	exact RTs of that family (V-RT-SINGLE; MULTI separate)
RVT-GII	623	95.6921	256624	exact RT sequences	exact RTs of that family (V-RT-SINGLE; MULTI separate)
RVT-GII	625	96.0514	256624	exact RT sequences	exact RTs of that family (V-RT-SINGLE; MULTI separate)
RVT-GII	627	96.5206	256624	exact RT sequences	exact RTs of that family (V-RT-SINGLE; MULTI separate)
RVT-GII	634	97.0618	256624	exact RT sequences	exact RTs of that family (V-RT-SINGLE; MULTI separate)
RVT-GII	636	97.568	256624	exact RT sequences	exact RTs of that family (V-RT-SINGLE; MULTI separate)
RVT-GII	643	98.0598	256624	exact RT sequences	exact RTs of that family (V-RT-SINGLE; MULTI separate)
RVT-GII	664	98.5017	256624	exact RT sequences	exact RTs of that family (V-RT-SINGLE; MULTI separate)
RVT-GII	751	98.9997	256624	exact RT sequences	exact RTs of that family (V-RT-SINGLE; MULTI separate)
RVT-GII	955	99.5004	256624	exact RT sequences	exact RTs of that family (V-RT-SINGLE; MULTI separate)
RVT-GII	10449	100.0	256624	exact RT sequences	exact RTs of that family (V-RT-SINGLE; MULTI separate)
RVT-UG2	31	0.0119	8423	exact RT sequences	exact RTs of that family (V-RT-SINGLE; MULTI separate)
RVT-UG2	77	0.5224	8423	exact RT sequences	exact RTs of that family (V-RT-SINGLE; MULTI separate)
RVT-UG2	90	1.0685	8423	exact RT sequences	exact RTs of that family (V-RT-SINGLE; MULTI separate)
RVT-UG2	104	1.5315	8423	exact RT sequences	exact RTs of that family (V-RT-SINGLE; MULTI separate)
RVT-UG2	116	2.0302	8423	exact RT sequences	exact RTs of that family (V-RT-SINGLE; MULTI separate)
RVT-UG2	127	2.5763	8423	exact RT sequences	exact RTs of that family (V-RT-SINGLE; MULTI separate)
RVT-UG2	134	3.0393	8423	exact RT sequences	exact RTs of that family (V-RT-SINGLE; MULTI separate)
RVT-UG2	140	3.5617	8423	exact RT sequences	exact RTs of that family (V-RT-SINGLE; MULTI separate)
RVT-UG2	146	4.0841	8423	exact RT sequences	exact RTs of that family (V-RT-SINGLE; MULTI separate)
RVT-UG2	151	4.5352	8423	exact RT sequences	exact RTs of that family (V-RT-SINGLE; MULTI separate)
RVT-UG2	157	5.0695	8423	exact RT sequences	exact RTs of that family (V-RT-SINGLE; MULTI separate)
RVT-UG2	161	5.5206	8423	exact RT sequences	exact RTs of that family (V-RT-SINGLE; MULTI separate)
RVT-UG2	166	6.043	8423	exact RT sequences	exact RTs of that family (V-RT-SINGLE; MULTI separate)
RVT-UG2	171	6.6128	8423	exact RT sequences	exact RTs of that family (V-RT-SINGLE; MULTI separate)
RVT-UG2	174	7.0165	8423	exact RT sequences	exact RTs of that family (V-RT-SINGLE; MULTI separate)
RVT-UG2	178	7.6932	8423	exact RT sequences	exact RTs of that family (V-RT-SINGLE; MULTI separate)
RVT-UG2	180	8.2037	8423	exact RT sequences	exact RTs of that family (V-RT-SINGLE; MULTI separate)
RVT-UG2	182	8.6549	8423	exact RT sequences	exact RTs of that family (V-RT-SINGLE; MULTI separate)
RVT-UG2	184	9.0229	8423	exact RT sequences	exact RTs of that family (V-RT-SINGLE; MULTI separate)
RVT-UG2	188	9.6047	8423	exact RT sequences	exact RTs of that family (V-RT-SINGLE; MULTI separate)
RVT-UG2	191	10.1152	8423	exact RT sequences	exact RTs of that family (V-RT-SINGLE; MULTI separate)
RVT-UG2	194	10.6732	8423	exact RT sequences	exact RTs of that family (V-RT-SINGLE; MULTI separate)
RVT-UG2	197	11.1362	8423	exact RT sequences	exact RTs of that family (V-RT-SINGLE; MULTI separate)
RVT-UG2	200	11.5992	8423	exact RT sequences	exact RTs of that family (V-RT-SINGLE; MULTI separate)
RVT-UG2	203	12.0028	8423	exact RT sequences	exact RTs of that family (V-RT-SINGLE; MULTI separate)
RVT-UG2	206	12.5371	8423	exact RT sequences	exact RTs of that family (V-RT-SINGLE; MULTI separate)
RVT-UG2	209	13.1307	8423	exact RT sequences	exact RTs of that family (V-RT-SINGLE; MULTI separate)
RVT-UG2	211	13.5225	8423	exact RT sequences	exact RTs of that family (V-RT-SINGLE; MULTI separate)
RVT-UG2	215	14.1873	8423	exact RT sequences	exact RTs of that family (V-RT-SINGLE; MULTI separate)
RVT-UG2	218	14.7335	8423	exact RT sequences	exact RTs of that family (V-RT-SINGLE; MULTI separate)
RVT-UG2	220	15.0896	8423	exact RT sequences	exact RTs of that family (V-RT-SINGLE; MULTI separate)
RVT-UG2	224	15.6832	8423	exact RT sequences	exact RTs of that family (V-RT-SINGLE; MULTI separate)
RVT-UG2	226	16.0157	8423	exact RT sequences	exact RTs of that family (V-RT-SINGLE; MULTI separate)
RVT-UG2	229	16.5262	8423	exact RT sequences	exact RTs of that family (V-RT-SINGLE; MULTI separate)
RVT-UG2	232	17.0723	8423	exact RT sequences	exact RTs of that family (V-RT-SINGLE; MULTI separate)
RVT-UG2	235	17.5353	8423	exact RT sequences	exact RTs of that family (V-RT-SINGLE; MULTI separate)
RVT-UG2	239	18.0696	8423	exact RT sequences	exact RTs of that family (V-RT-SINGLE; MULTI separate)
RVT-UG2	242	18.5326	8423	exact RT sequences	exact RTs of that family (V-RT-SINGLE; MULTI separate)
RVT-UG2	246	19.0668	8423	exact RT sequences	exact RTs of that family (V-RT-SINGLE; MULTI separate)
RVT-UG2	251	19.5299	8423	exact RT sequences	exact RTs of that family (V-RT-SINGLE; MULTI separate)
RVT-UG2	254	20.0047	8423	exact RT sequences	exact RTs of that family (V-RT-SINGLE; MULTI separate)
RVT-UG2	259	20.5746	8423	exact RT sequences	exact RTs of that family (V-RT-SINGLE; MULTI separate)
RVT-UG2	263	21.0139	8423	exact RT sequences	exact RTs of that family (V-RT-SINGLE; MULTI separate)
RVT-UG2	267	21.5007	8423	exact RT sequences	exact RTs of that family (V-RT-SINGLE; MULTI separate)
RVT-UG2	272	22.0468	8423	exact RT sequences	exact RTs of that family (V-RT-SINGLE; MULTI separate)
RVT-UG2	276	22.5217	8423	exact RT sequences	exact RTs of that family (V-RT-SINGLE; MULTI separate)
RVT-UG2	281	23.0203	8423	exact RT sequences	exact RTs of that family (V-RT-SINGLE; MULTI separate)
RVT-UG2	284	23.5427	8423	exact RT sequences	exact RTs of that family (V-RT-SINGLE; MULTI separate)
RVT-UG2	289	24.0769	8423	exact RT sequences	exact RTs of that family (V-RT-SINGLE; MULTI separate)
RVT-UG2	294	24.5993	8423	exact RT sequences	exact RTs of that family (V-RT-SINGLE; MULTI separate)
RVT-UG2	298	25.1573	8423	exact RT sequences	exact RTs of that family (V-RT-SINGLE; MULTI separate)
RVT-UG2	301	25.561	8423	exact RT sequences	exact RTs of that family (V-RT-SINGLE; MULTI separate)
RVT-UG2	305	26.0359	8423	exact RT sequences	exact RTs of that family (V-RT-SINGLE; MULTI separate)
RVT-UG2	309	26.5345	8423	exact RT sequences	exact RTs of that family (V-RT-SINGLE; MULTI separate)
RVT-UG2	315	27.0806	8423	exact RT sequences	exact RTs of that family (V-RT-SINGLE; MULTI separate)
RVT-UG2	318	27.5792	8423	exact RT sequences	exact RTs of that family (V-RT-SINGLE; MULTI separate)
RVT-UG2	323	28.066	8423	exact RT sequences	exact RTs of that family (V-RT-SINGLE; MULTI separate)
RVT-UG2	326	28.5884	8423	exact RT sequences	exact RTs of that family (V-RT-SINGLE; MULTI separate)
RVT-UG2	329	29.0989	8423	exact RT sequences	exact RTs of that family (V-RT-SINGLE; MULTI separate)
RVT-UG2	333	29.5382	8423	exact RT sequences	exact RTs of that family (V-RT-SINGLE; MULTI separate)
RVT-UG2	337	30.0012	8423	exact RT sequences	exact RTs of that family (V-RT-SINGLE; MULTI separate)
RVT-UG2	341	30.4998	8423	exact RT sequences	exact RTs of that family (V-RT-SINGLE; MULTI separate)
RVT-UG2	345	31.0816	8423	exact RT sequences	exact RTs of that family (V-RT-SINGLE; MULTI separate)
RVT-UG2	349	31.5921	8423	exact RT sequences	exact RTs of that family (V-RT-SINGLE; MULTI separate)
RVT-UG2	351	32.067	8423	exact RT sequences	exact RTs of that family (V-RT-SINGLE; MULTI separate)
RVT-UG2	355	32.5181	8423	exact RT sequences	exact RTs of that family (V-RT-SINGLE; MULTI separate)
RVT-UG2	360	33.088	8423	exact RT sequences	exact RTs of that family (V-RT-SINGLE; MULTI separate)
RVT-UG2	364	33.5747	8423	exact RT sequences	exact RTs of that family (V-RT-SINGLE; MULTI separate)
RVT-UG2	368	34.0852	8423	exact RT sequences	exact RTs of that family (V-RT-SINGLE; MULTI separate)
RVT-UG2	373	34.6195	8423	exact RT sequences	exact RTs of that family (V-RT-SINGLE; MULTI separate)
RVT-UG2	377	35.0944	8423	exact RT sequences	exact RTs of that family (V-RT-SINGLE; MULTI separate)
RVT-UG2	384	35.5574	8423	exact RT sequences	exact RTs of that family (V-RT-SINGLE; MULTI separate)
RVT-UG2	389	36.0442	8423	exact RT sequences	exact RTs of that family (V-RT-SINGLE; MULTI separate)
RVT-UG2	392	36.5072	8423	exact RT sequences	exact RTs of that family (V-RT-SINGLE; MULTI separate)
RVT-UG2	396	37.0177	8423	exact RT sequences	exact RTs of that family (V-RT-SINGLE; MULTI separate)
RVT-UG2	400	37.5045	8423	exact RT sequences	exact RTs of that family (V-RT-SINGLE; MULTI separate)
RVT-UG2	405	38.015	8423	exact RT sequences	exact RTs of that family (V-RT-SINGLE; MULTI separate)
RVT-UG2	409	38.7154	8423	exact RT sequences	exact RTs of that family (V-RT-SINGLE; MULTI separate)
RVT-UG2	412	39.1428	8423	exact RT sequences	exact RTs of that family (V-RT-SINGLE; MULTI separate)
RVT-UG2	414	39.5584	8423	exact RT sequences	exact RTs of that family (V-RT-SINGLE; MULTI separate)
RVT-UG2	417	40.057	8423	exact RT sequences	exact RTs of that family (V-RT-SINGLE; MULTI separate)
RVT-UG2	420	40.5081	8423	exact RT sequences	exact RTs of that family (V-RT-SINGLE; MULTI separate)
RVT-UG2	422	41.1611	8423	exact RT sequences	exact RTs of that family (V-RT-SINGLE; MULTI separate)
RVT-UG2	423	41.7072	8423	exact RT sequences	exact RTs of that family (V-RT-SINGLE; MULTI separate)
RVT-UG2	424	42.2059	8423	exact RT sequences	exact RTs of that family (V-RT-SINGLE; MULTI separate)
RVT-UG2	425	43.7018	8423	exact RT sequences	exact RTs of that family (V-RT-SINGLE; MULTI separate)
RVT-UG2	426	44.2123	8423	exact RT sequences	exact RTs of that family (V-RT-SINGLE; MULTI separate)
RVT-UG2	427	46.4917	8423	exact RT sequences	exact RTs of that family (V-RT-SINGLE; MULTI separate)
RVT-UG2	428	47.679	8423	exact RT sequences	exact RTs of that family (V-RT-SINGLE; MULTI separate)
RVT-UG2	429	48.5813	8423	exact RT sequences	exact RTs of that family (V-RT-SINGLE; MULTI separate)
RVT-UG2	430	49.5192	8423	exact RT sequences	exact RTs of that family (V-RT-SINGLE; MULTI separate)
RVT-UG2	431	50.5995	8423	exact RT sequences	exact RTs of that family (V-RT-SINGLE; MULTI separate)
RVT-UG2	432	51.395	8423	exact RT sequences	exact RTs of that family (V-RT-SINGLE; MULTI separate)
RVT-UG2	433	51.7868	8423	exact RT sequences	exact RTs of that family (V-RT-SINGLE; MULTI separate)
RVT-UG2	434	52.2379	8423	exact RT sequences	exact RTs of that family (V-RT-SINGLE; MULTI separate)
RVT-UG2	435	52.6178	8423	exact RT sequences	exact RTs of that family (V-RT-SINGLE; MULTI separate)
RVT-UG2	436	53.8051	8423	exact RT sequences	exact RTs of that family (V-RT-SINGLE; MULTI separate)
RVT-UG2	437	54.4343	8423	exact RT sequences	exact RTs of that family (V-RT-SINGLE; MULTI separate)
RVT-UG2	438	55.6453	8423	exact RT sequences	exact RTs of that family (V-RT-SINGLE; MULTI separate)
RVT-UG2	439	56.0252	8423	exact RT sequences	exact RTs of that family (V-RT-SINGLE; MULTI separate)
RVT-UG2	440	56.7494	8423	exact RT sequences	exact RTs of that family (V-RT-SINGLE; MULTI separate)
RVT-UG2	441	58.269	8423	exact RT sequences	exact RTs of that family (V-RT-SINGLE; MULTI separate)
RVT-UG2	442	58.9695	8423	exact RT sequences	exact RTs of that family (V-RT-SINGLE; MULTI separate)
RVT-UG2	443	59.5631	8423	exact RT sequences	exact RTs of that family (V-RT-SINGLE; MULTI separate)
RVT-UG2	444	60.3704	8423	exact RT sequences	exact RTs of that family (V-RT-SINGLE; MULTI separate)
RVT-UG2	445	61.0234	8423	exact RT sequences	exact RTs of that family (V-RT-SINGLE; MULTI separate)
RVT-UG2	446	61.6645	8423	exact RT sequences	exact RTs of that family (V-RT-SINGLE; MULTI separate)
RVT-UG2	448	62.9586	8423	exact RT sequences	exact RTs of that family (V-RT-SINGLE; MULTI separate)
RVT-UG2	449	63.4691	8423	exact RT sequences	exact RTs of that family (V-RT-SINGLE; MULTI separate)
RVT-UG2	450	63.9915	8423	exact RT sequences	exact RTs of that family (V-RT-SINGLE; MULTI separate)
RVT-UG2	451	64.9887	8423	exact RT sequences	exact RTs of that family (V-RT-SINGLE; MULTI separate)
RVT-UG2	452	65.3093	8423	exact RT sequences	exact RTs of that family (V-RT-SINGLE; MULTI separate)
RVT-UG2	453	65.8554	8423	exact RT sequences	exact RTs of that family (V-RT-SINGLE; MULTI separate)
RVT-UG2	454	66.2709	8423	exact RT sequences	exact RTs of that family (V-RT-SINGLE; MULTI separate)
RVT-UG2	455	66.9833	8423	exact RT sequences	exact RTs of that family (V-RT-SINGLE; MULTI separate)
RVT-UG2	456	67.7906	8423	exact RT sequences	exact RTs of that family (V-RT-SINGLE; MULTI separate)
RVT-UG2	457	68.2061	8423	exact RT sequences	exact RTs of that family (V-RT-SINGLE; MULTI separate)
RVT-UG2	458	68.7047	8423	exact RT sequences	exact RTs of that family (V-RT-SINGLE; MULTI separate)
RVT-UG2	459	69.1203	8423	exact RT sequences	exact RTs of that family (V-RT-SINGLE; MULTI separate)
RVT-UG2	460	69.9276	8423	exact RT sequences	exact RTs of that family (V-RT-SINGLE; MULTI separate)
RVT-UG2	461	70.3312	8423	exact RT sequences	exact RTs of that family (V-RT-SINGLE; MULTI separate)
RVT-UG2	462	70.7468	8423	exact RT sequences	exact RTs of that family (V-RT-SINGLE; MULTI separate)
RVT-UG2	464	71.3404	8423	exact RT sequences	exact RTs of that family (V-RT-SINGLE; MULTI separate)
RVT-UG2	465	71.6609	8423	exact RT sequences	exact RTs of that family (V-RT-SINGLE; MULTI separate)
RVT-UG2	466	72.3495	8423	exact RT sequences	exact RTs of that family (V-RT-SINGLE; MULTI separate)
RVT-UG2	467	72.8956	8423	exact RT sequences	exact RTs of that family (V-RT-SINGLE; MULTI separate)
RVT-UG2	468	73.2162	8423	exact RT sequences	exact RTs of that family (V-RT-SINGLE; MULTI separate)
RVT-UG2	469	73.5486	8423	exact RT sequences	exact RTs of that family (V-RT-SINGLE; MULTI separate)
RVT-UG2	470	74.0116	8423	exact RT sequences	exact RTs of that family (V-RT-SINGLE; MULTI separate)
RVT-UG2	471	74.5815	8423	exact RT sequences	exact RTs of that family (V-RT-SINGLE; MULTI separate)
RVT-UG2	473	75.2701	8423	exact RT sequences	exact RTs of that family (V-RT-SINGLE; MULTI separate)
RVT-UG2	474	75.5432	8423	exact RT sequences	exact RTs of that family (V-RT-SINGLE; MULTI separate)
RVT-UG2	476	76.1368	8423	exact RT sequences	exact RTs of that family (V-RT-SINGLE; MULTI separate)
RVT-UG2	477	76.8966	8423	exact RT sequences	exact RTs of that family (V-RT-SINGLE; MULTI separate)
RVT-UG2	478	77.3477	8423	exact RT sequences	exact RTs of that family (V-RT-SINGLE; MULTI separate)
RVT-UG2	479	77.7277	8423	exact RT sequences	exact RTs of that family (V-RT-SINGLE; MULTI separate)
RVT-UG2	481	78.0838	8423	exact RT sequences	exact RTs of that family (V-RT-SINGLE; MULTI separate)
RVT-UG2	483	78.5468	8423	exact RT sequences	exact RTs of that family (V-RT-SINGLE; MULTI separate)
RVT-UG2	484	79.4966	8423	exact RT sequences	exact RTs of that family (V-RT-SINGLE; MULTI separate)
RVT-UG2	484	79.4966	8423	exact RT sequences	exact RTs of that family (V-RT-SINGLE; MULTI separate)
RVT-UG2	486	80.0902	8423	exact RT sequences	exact RTs of that family (V-RT-SINGLE; MULTI separate)
RVT-UG2	488	80.5532	8423	exact RT sequences	exact RTs of that family (V-RT-SINGLE; MULTI separate)
RVT-UG2	491	81.2656	8423	exact RT sequences	exact RTs of that family (V-RT-SINGLE; MULTI separate)
RVT-UG2	492	81.5149	8423	exact RT sequences	exact RTs of that family (V-RT-SINGLE; MULTI separate)
RVT-UG2	495	82.2154	8423	exact RT sequences	exact RTs of that family (V-RT-SINGLE; MULTI separate)
RVT-UG2	497	82.8921	8423	exact RT sequences	exact RTs of that family (V-RT-SINGLE; MULTI separate)
RVT-UG2	498	83.1889	8423	exact RT sequences	exact RTs of that family (V-RT-SINGLE; MULTI separate)
RVT-UG2	499	83.4976	8423	exact RT sequences	exact RTs of that family (V-RT-SINGLE; MULTI separate)
RVT-UG2	501	84.2218	8423	exact RT sequences	exact RTs of that family (V-RT-SINGLE; MULTI separate)
RVT-UG2	502	84.6729	8423	exact RT sequences	exact RTs of that family (V-RT-SINGLE; MULTI separate)
RVT-UG2	503	85.0766	8423	exact RT sequences	exact RTs of that family (V-RT-SINGLE; MULTI separate)
RVT-UG2	505	85.8483	8423	exact RT sequences	exact RTs of that family (V-RT-SINGLE; MULTI separate)
RVT-UG2	506	86.157	8423	exact RT sequences	exact RTs of that family (V-RT-SINGLE; MULTI separate)
RVT-UG2	507	86.525	8423	exact RT sequences	exact RTs of that family (V-RT-SINGLE; MULTI separate)
RVT-UG2	509	87.1305	8423	exact RT sequences	exact RTs of that family (V-RT-SINGLE; MULTI separate)
RVT-UG2	511	87.8309	8423	exact RT sequences	exact RTs of that family (V-RT-SINGLE; MULTI separate)
RVT-UG2	512	88.2227	8423	exact RT sequences	exact RTs of that family (V-RT-SINGLE; MULTI separate)
RVT-UG2	513	88.6145	8423	exact RT sequences	exact RTs of that family (V-RT-SINGLE; MULTI separate)
RVT-UG2	515	89.1725	8423	exact RT sequences	exact RTs of that family (V-RT-SINGLE; MULTI separate)
RVT-UG2	516	89.5762	8423	exact RT sequences	exact RTs of that family (V-RT-SINGLE; MULTI separate)
RVT-UG2	518	90.4666	8423	exact RT sequences	exact RTs of that family (V-RT-SINGLE; MULTI separate)
RVT-UG2	519	90.799	8423	exact RT sequences	exact RTs of that family (V-RT-SINGLE; MULTI separate)
RVT-UG2	520	91.0008	8423	exact RT sequences	exact RTs of that family (V-RT-SINGLE; MULTI separate)
RVT-UG2	522	91.6182	8423	exact RT sequences	exact RTs of that family (V-RT-SINGLE; MULTI separate)
RVT-UG2	523	92.0456	8423	exact RT sequences	exact RTs of that family (V-RT-SINGLE; MULTI separate)
RVT-UG2	525	92.6748	8423	exact RT sequences	exact RTs of that family (V-RT-SINGLE; MULTI separate)
RVT-UG2	527	93.3515	8423	exact RT sequences	exact RTs of that family (V-RT-SINGLE; MULTI separate)
RVT-UG2	528	93.7789	8423	exact RT sequences	exact RTs of that family (V-RT-SINGLE; MULTI separate)
RVT-UG2	529	94.0401	8423	exact RT sequences	exact RTs of that family (V-RT-SINGLE; MULTI separate)
RVT-UG2	532	94.61	8423	exact RT sequences	exact RTs of that family (V-RT-SINGLE; MULTI separate)
RVT-UG2	534	95.0018	8423	exact RT sequences	exact RTs of that family (V-RT-SINGLE; MULTI separate)
RVT-UG2	537	95.536	8423	exact RT sequences	exact RTs of that family (V-RT-SINGLE; MULTI separate)
RVT-UG2	539	96.189	8423	exact RT sequences	exact RTs of that family (V-RT-SINGLE; MULTI separate)
RVT-UG2	542	96.5689	8423	exact RT sequences	exact RTs of that family (V-RT-SINGLE; MULTI separate)
RVT-UG2	548	97.115	8423	exact RT sequences	exact RTs of that family (V-RT-SINGLE; MULTI separate)
RVT-UG2	551	97.6612	8423	exact RT sequences	exact RTs of that family (V-RT-SINGLE; MULTI separate)
RVT-UG2	559	98.0055	8423	exact RT sequences	exact RTs of that family (V-RT-SINGLE; MULTI separate)
RVT-UG2	572	98.4922	8423	exact RT sequences	exact RTs of that family (V-RT-SINGLE; MULTI separate)
RVT-UG2	634	98.9909	8423	exact RT sequences	exact RTs of that family (V-RT-SINGLE; MULTI separate)
RVT-UG2	825	99.4895	8423	exact RT sequences	exact RTs of that family (V-RT-SINGLE; MULTI separate)
RVT-UG2	1499	100.0	8423	exact RT sequences	exact RTs of that family (V-RT-SINGLE; MULTI separate)
RVT-UG5	45	0.0155	6439	exact RT sequences	exact RTs of that family (V-RT-SINGLE; MULTI separate)
RVT-UG5	115	0.5125	6439	exact RT sequences	exact RTs of that family (V-RT-SINGLE; MULTI separate)
RVT-UG5	140	1.025	6439	exact RT sequences	exact RTs of that family (V-RT-SINGLE; MULTI separate)
RVT-UG5	174	1.5064	6439	exact RT sequences	exact RTs of that family (V-RT-SINGLE; MULTI separate)
RVT-UG5	210	2.0034	6439	exact RT sequences	exact RTs of that family (V-RT-SINGLE; MULTI separate)
RVT-UG5	228	2.5159	6439	exact RT sequences	exact RTs of that family (V-RT-SINGLE; MULTI separate)
RVT-UG5	241	3.044	6439	exact RT sequences	exact RTs of that family (V-RT-SINGLE; MULTI separate)
RVT-UG5	248	3.5254	6439	exact RT sequences	exact RTs of that family (V-RT-SINGLE; MULTI separate)
RVT-UG5	254	4.0534	6439	exact RT sequences	exact RTs of that family (V-RT-SINGLE; MULTI separate)
RVT-UG5	262	4.5193	6439	exact RT sequences	exact RTs of that family (V-RT-SINGLE; MULTI separate)
RVT-UG5	276	5.0163	6439	exact RT sequences	exact RTs of that family (V-RT-SINGLE; MULTI separate)
RVT-UG5	289	5.5754	6439	exact RT sequences	exact RTs of that family (V-RT-SINGLE; MULTI separate)
RVT-UG5	297	6.0568	6439	exact RT sequences	exact RTs of that family (V-RT-SINGLE; MULTI separate)
RVT-UG5	307	6.5072	6439	exact RT sequences	exact RTs of that family (V-RT-SINGLE; MULTI separate)
RVT-UG5	316	7.0353	6439	exact RT sequences	exact RTs of that family (V-RT-SINGLE; MULTI separate)
RVT-UG5	322	7.5012	6439	exact RT sequences	exact RTs of that family (V-RT-SINGLE; MULTI separate)
RVT-UG5	329	8.0292	6439	exact RT sequences	exact RTs of that family (V-RT-SINGLE; MULTI separate)
RVT-UG5	335	8.5572	6439	exact RT sequences	exact RTs of that family (V-RT-SINGLE; MULTI separate)
RVT-UG5	341	9.1163	6439	exact RT sequences	exact RTs of that family (V-RT-SINGLE; MULTI separate)
RVT-UG5	346	9.6288	6439	exact RT sequences	exact RTs of that family (V-RT-SINGLE; MULTI separate)
RVT-UG5	349	10.0792	6439	exact RT sequences	exact RTs of that family (V-RT-SINGLE; MULTI separate)
RVT-UG5	353	10.5296	6439	exact RT sequences	exact RTs of that family (V-RT-SINGLE; MULTI separate)
RVT-UG5	357	11.2129	6439	exact RT sequences	exact RTs of that family (V-RT-SINGLE; MULTI separate)
RVT-UG5	359	11.5856	6439	exact RT sequences	exact RTs of that family (V-RT-SINGLE; MULTI separate)
RVT-UG5	362	12.1447	6439	exact RT sequences	exact RTs of that family (V-RT-SINGLE; MULTI separate)
RVT-UG5	365	12.6883	6439	exact RT sequences	exact RTs of that family (V-RT-SINGLE; MULTI separate)
RVT-UG5	367	13.0766	6439	exact RT sequences	exact RTs of that family (V-RT-SINGLE; MULTI separate)
RVT-UG5	369	13.5735	6439	exact RT sequences	exact RTs of that family (V-RT-SINGLE; MULTI separate)
RVT-UG5	372	14.2103	6439	exact RT sequences	exact RTs of that family (V-RT-SINGLE; MULTI separate)
RVT-UG5	374	14.5519	6439	exact RT sequences	exact RTs of that family (V-RT-SINGLE; MULTI separate)
RVT-UG5	376	15.0489	6439	exact RT sequences	exact RTs of that family (V-RT-SINGLE; MULTI separate)
RVT-UG5	379	15.6235	6439	exact RT sequences	exact RTs of that family (V-RT-SINGLE; MULTI separate)
RVT-UG5	382	16.1516	6439	exact RT sequences	exact RTs of that family (V-RT-SINGLE; MULTI separate)
RVT-UG5	384	16.5243	6439	exact RT sequences	exact RTs of that family (V-RT-SINGLE; MULTI separate)
RVT-UG5	386	17.0523	6439	exact RT sequences	exact RTs of that family (V-RT-SINGLE; MULTI separate)
RVT-UG5	388	17.5648	6439	exact RT sequences	exact RTs of that family (V-RT-SINGLE; MULTI separate)
RVT-UG5	391	18.1705	6439	exact RT sequences	exact RTs of that family (V-RT-SINGLE; MULTI separate)
RVT-UG5	393	18.5898	6439	exact RT sequences	exact RTs of that family (V-RT-SINGLE; MULTI separate)
RVT-UG5	395	19.0092	6439	exact RT sequences	exact RTs of that family (V-RT-SINGLE; MULTI separate)
RVT-UG5	398	19.6148	6439	exact RT sequences	exact RTs of that family (V-RT-SINGLE; MULTI separate)
RVT-UG5	400	20.0186	6439	exact RT sequences	exact RTs of that family (V-RT-SINGLE; MULTI separate)
RVT-UG5	403	20.7796	6439	exact RT sequences	exact RTs of that family (V-RT-SINGLE; MULTI separate)
RVT-UG5	404	20.997	6439	exact RT sequences	exact RTs of that family (V-RT-SINGLE; MULTI separate)
RVT-UG5	407	21.5872	6439	exact RT sequences	exact RTs of that family (V-RT-SINGLE; MULTI separate)
RVT-UG5	409	22.1152	6439	exact RT sequences	exact RTs of that family (V-RT-SINGLE; MULTI separate)
RVT-UG5	411	22.5035	6439	exact RT sequences	exact RTs of that family (V-RT-SINGLE; MULTI separate)
RVT-UG5	415	23.1402	6439	exact RT sequences	exact RTs of that family (V-RT-SINGLE; MULTI separate)
RVT-UG5	417	23.513	6439	exact RT sequences	exact RTs of that family (V-RT-SINGLE; MULTI separate)
RVT-UG5	420	24.041	6439	exact RT sequences	exact RTs of that family (V-RT-SINGLE; MULTI separate)
RVT-UG5	424	24.538	6439	exact RT sequences	exact RTs of that family (V-RT-SINGLE; MULTI separate)
RVT-UG5	428	25.0349	6439	exact RT sequences	exact RTs of that family (V-RT-SINGLE; MULTI separate)
RVT-UG5	432	25.5319	6439	exact RT sequences	exact RTs of that family (V-RT-SINGLE; MULTI separate)
RVT-UG5	436	26.0289	6439	exact RT sequences	exact RTs of that family (V-RT-SINGLE; MULTI separate)
RVT-UG5	442	26.5259	6439	exact RT sequences	exact RTs of that family (V-RT-SINGLE; MULTI separate)
RVT-UG5	446	27.0073	6439	exact RT sequences	exact RTs of that family (V-RT-SINGLE; MULTI separate)
RVT-UG5	455	27.5043	6439	exact RT sequences	exact RTs of that family (V-RT-SINGLE; MULTI separate)
RVT-UG5	467	28.0168	6439	exact RT sequences	exact RTs of that family (V-RT-SINGLE; MULTI separate)
RVT-UG5	476	28.5137	6439	exact RT sequences	exact RTs of that family (V-RT-SINGLE; MULTI separate)
RVT-UG5	485	29.0107	6439	exact RT sequences	exact RTs of that family (V-RT-SINGLE; MULTI separate)
RVT-UG5	497	29.5387	6439	exact RT sequences	exact RTs of that family (V-RT-SINGLE; MULTI separate)
RVT-UG5	514	30.0668	6439	exact RT sequences	exact RTs of that family (V-RT-SINGLE; MULTI separate)
RVT-UG5	528	30.5638	6439	exact RT sequences	exact RTs of that family (V-RT-SINGLE; MULTI separate)
RVT-UG5	539	30.9986	6439	exact RT sequences	exact RTs of that family (V-RT-SINGLE; MULTI separate)
RVT-UG5	551	31.4956	6439	exact RT sequences	exact RTs of that family (V-RT-SINGLE; MULTI separate)
RVT-UG5	561	32.0391	6439	exact RT sequences	exact RTs of that family (V-RT-SINGLE; MULTI separate)
RVT-UG5	570	32.5516	6439	exact RT sequences	exact RTs of that family (V-RT-SINGLE; MULTI separate)
RVT-UG5	580	33.002	6439	exact RT sequences	exact RTs of that family (V-RT-SINGLE; MULTI separate)
RVT-UG5	591	33.5611	6439	exact RT sequences	exact RTs of that family (V-RT-SINGLE; MULTI separate)
RVT-UG5	597	34.0115	6439	exact RT sequences	exact RTs of that family (V-RT-SINGLE; MULTI separate)
RVT-UG5	605	34.5551	6439	exact RT sequences	exact RTs of that family (V-RT-SINGLE; MULTI separate)
RVT-UG5	613	35.1141	6439	exact RT sequences	exact RTs of that family (V-RT-SINGLE; MULTI separate)
RVT-UG5	619	35.5024	6439	exact RT sequences	exact RTs of that family (V-RT-SINGLE; MULTI separate)
RVT-UG5	630	36.046	6439	exact RT sequences	exact RTs of that family (V-RT-SINGLE; MULTI separate)
RVT-UG5	640	36.5274	6439	exact RT sequences	exact RTs of that family (V-RT-SINGLE; MULTI separate)
RVT-UG5	647	37.0089	6439	exact RT sequences	exact RTs of that family (V-RT-SINGLE; MULTI separate)
RVT-UG5	651	37.5058	6439	exact RT sequences	exact RTs of that family (V-RT-SINGLE; MULTI separate)
RVT-UG5	656	38.1581	6439	exact RT sequences	exact RTs of that family (V-RT-SINGLE; MULTI separate)
RVT-UG5	660	38.5153	6439	exact RT sequences	exact RTs of that family (V-RT-SINGLE; MULTI separate)
RVT-UG5	672	38.9967	6439	exact RT sequences	exact RTs of that family (V-RT-SINGLE; MULTI separate)
RVT-UG5	683	39.5248	6439	exact RT sequences	exact RTs of that family (V-RT-SINGLE; MULTI separate)
RVT-UG5	697	40.0528	6439	exact RT sequences	exact RTs of that family (V-RT-SINGLE; MULTI separate)
RVT-UG5	707	40.6119	6439	exact RT sequences	exact RTs of that family (V-RT-SINGLE; MULTI separate)
RVT-UG5	713	41.0002	6439	exact RT sequences	exact RTs of that family (V-RT-SINGLE; MULTI separate)
RVT-UG5	724	41.5127	6439	exact RT sequences	exact RTs of that family (V-RT-SINGLE; MULTI separate)
RVT-UG5	733	42.0407	6439	exact RT sequences	exact RTs of that family (V-RT-SINGLE; MULTI separate)
RVT-UG5	738	42.5377	6439	exact RT sequences	exact RTs of that family (V-RT-SINGLE; MULTI separate)
RVT-UG5	744	43.0657	6439	exact RT sequences	exact RTs of that family (V-RT-SINGLE; MULTI separate)
RVT-UG5	752	43.5316	6439	exact RT sequences	exact RTs of that family (V-RT-SINGLE; MULTI separate)
RVT-UG5	763	44.0286	6439	exact RT sequences	exact RTs of that family (V-RT-SINGLE; MULTI separate)
RVT-UG5	775	44.4945	6439	exact RT sequences	exact RTs of that family (V-RT-SINGLE; MULTI separate)
RVT-UG5	782	45.038	6439	exact RT sequences	exact RTs of that family (V-RT-SINGLE; MULTI separate)
RVT-UG5	788	45.5195	6439	exact RT sequences	exact RTs of that family (V-RT-SINGLE; MULTI separate)
RVT-UG5	797	46.0631	6439	exact RT sequences	exact RTs of that family (V-RT-SINGLE; MULTI separate)
RVT-UG5	807	46.4979	6439	exact RT sequences	exact RTs of that family (V-RT-SINGLE; MULTI separate)
RVT-UG5	825	47.0104	6439	exact RT sequences	exact RTs of that family (V-RT-SINGLE; MULTI separate)
RVT-UG5	838	47.5074	6439	exact RT sequences	exact RTs of that family (V-RT-SINGLE; MULTI separate)
RVT-UG5	850	48.0199	6439	exact RT sequences	exact RTs of that family (V-RT-SINGLE; MULTI separate)
RVT-UG5	863	48.5013	6439	exact RT sequences	exact RTs of that family (V-RT-SINGLE; MULTI separate)
RVT-UG5	876	48.9983	6439	exact RT sequences	exact RTs of that family (V-RT-SINGLE; MULTI separate)
RVT-UG5	885	49.5574	6439	exact RT sequences	exact RTs of that family (V-RT-SINGLE; MULTI separate)
RVT-UG5	892	50.0233	6439	exact RT sequences	exact RTs of that family (V-RT-SINGLE; MULTI separate)
RVT-UG5	899	50.6134	6439	exact RT sequences	exact RTs of that family (V-RT-SINGLE; MULTI separate)
RVT-UG5	910	51.0017	6439	exact RT sequences	exact RTs of that family (V-RT-SINGLE; MULTI separate)
RVT-UG5	919	51.5453	6439	exact RT sequences	exact RTs of that family (V-RT-SINGLE; MULTI separate)
RVT-UG5	927	51.9957	6439	exact RT sequences	exact RTs of that family (V-RT-SINGLE; MULTI separate)
RVT-UG5	939	52.5082	6439	exact RT sequences	exact RTs of that family (V-RT-SINGLE; MULTI separate)
RVT-UG5	948	53.0672	6439	exact RT sequences	exact RTs of that family (V-RT-SINGLE; MULTI separate)
RVT-UG5	956	53.5332	6439	exact RT sequences	exact RTs of that family (V-RT-SINGLE; MULTI separate)
RVT-UG5	958	54.7601	6439	exact RT sequences	exact RTs of that family (V-RT-SINGLE; MULTI separate)
RVT-UG5	959	55.0707	6439	exact RT sequences	exact RTs of that family (V-RT-SINGLE; MULTI separate)
RVT-UG5	961	56.8877	6439	exact RT sequences	exact RTs of that family (V-RT-SINGLE; MULTI separate)
RVT-UG5	963	57.1828	6439	exact RT sequences	exact RTs of that family (V-RT-SINGLE; MULTI separate)
RVT-UG5	967	57.54	6439	exact RT sequences	exact RTs of that family (V-RT-SINGLE; MULTI separate)
RVT-UG5	968	58.0991	6439	exact RT sequences	exact RTs of that family (V-RT-SINGLE; MULTI separate)
RVT-UG5	971	58.6116	6439	exact RT sequences	exact RTs of that family (V-RT-SINGLE; MULTI separate)
RVT-UG5	974	59.1396	6439	exact RT sequences	exact RTs of that family (V-RT-SINGLE; MULTI separate)
RVT-UG5	978	59.5745	6439	exact RT sequences	exact RTs of that family (V-RT-SINGLE; MULTI separate)
RVT-UG5	979	60.382	6439	exact RT sequences	exact RTs of that family (V-RT-SINGLE; MULTI separate)
RVT-UG5	980	60.8169	6439	exact RT sequences	exact RTs of that family (V-RT-SINGLE; MULTI separate)
RVT-UG5	982	61.0343	6439	exact RT sequences	exact RTs of that family (V-RT-SINGLE; MULTI separate)
RVT-UG5	984	61.5313	6439	exact RT sequences	exact RTs of that family (V-RT-SINGLE; MULTI separate)
RVT-UG5	986	62.1214	6439	exact RT sequences	exact RTs of that family (V-RT-SINGLE; MULTI separate)
RVT-UG5	988	62.6184	6439	exact RT sequences	exact RTs of that family (V-RT-SINGLE; MULTI separate)
RVT-UG5	990	63.1775	6439	exact RT sequences	exact RTs of that family (V-RT-SINGLE; MULTI separate)
RVT-UG5	992	63.6279	6439	exact RT sequences	exact RTs of that family (V-RT-SINGLE; MULTI separate)
RVT-UG5	994	64.1404	6439	exact RT sequences	exact RTs of that family (V-RT-SINGLE; MULTI separate)
RVT-UG5	995	64.6063	6439	exact RT sequences	exact RTs of that family (V-RT-SINGLE; MULTI separate)
RVT-UG5	997	65.3207	6439	exact RT sequences	exact RTs of that family (V-RT-SINGLE; MULTI separate)
RVT-UG5	998	65.9264	6439	exact RT sequences	exact RTs of that family (V-RT-SINGLE; MULTI separate)
RVT-UG5	999	66.4855	6439	exact RT sequences	exact RTs of that family (V-RT-SINGLE; MULTI separate)
RVT-UG5	1000	68.5976	6439	exact RT sequences	exact RTs of that family (V-RT-SINGLE; MULTI separate)
RVT-UG5	1001	69.2809	6439	exact RT sequences	exact RTs of that family (V-RT-SINGLE; MULTI separate)
RVT-UG5	1002	69.6692	6439	exact RT sequences	exact RTs of that family (V-RT-SINGLE; MULTI separate)
RVT-UG5	1003	71.1601	6439	exact RT sequences	exact RTs of that family (V-RT-SINGLE; MULTI separate)
RVT-UG5	1004	72.0764	6439	exact RT sequences	exact RTs of that family (V-RT-SINGLE; MULTI separate)
RVT-UG5	1005	74.5613	6439	exact RT sequences	exact RTs of that family (V-RT-SINGLE; MULTI separate)
RVT-UG5	1006	75.7105	6439	exact RT sequences	exact RTs of that family (V-RT-SINGLE; MULTI separate)
RVT-UG5	1007	76.3007	6439	exact RT sequences	exact RTs of that family (V-RT-SINGLE; MULTI separate)
RVT-UG5	1008	76.6889	6439	exact RT sequences	exact RTs of that family (V-RT-SINGLE; MULTI separate)
RVT-UG5	1010	77.4033	6439	exact RT sequences	exact RTs of that family (V-RT-SINGLE; MULTI separate)
RVT-UG5	1011	77.6363	6439	exact RT sequences	exact RTs of that family (V-RT-SINGLE; MULTI separate)
RVT-UG5	1012	78.3817	6439	exact RT sequences	exact RTs of that family (V-RT-SINGLE; MULTI separate)
RVT-UG5	1013	78.6458	6439	exact RT sequences	exact RTs of that family (V-RT-SINGLE; MULTI separate)
RVT-UG5	1015	79.0806	6439	exact RT sequences	exact RTs of that family (V-RT-SINGLE; MULTI separate)
RVT-UG5	1018	79.6242	6439	exact RT sequences	exact RTs of that family (V-RT-SINGLE; MULTI separate)
RVT-UG5	1021	80.3852	6439	exact RT sequences	exact RTs of that family (V-RT-SINGLE; MULTI separate)
RVT-UG5	1022	80.4939	6439	exact RT sequences	exact RTs of that family (V-RT-SINGLE; MULTI separate)
RVT-UG5	1025	81.0374	6439	exact RT sequences	exact RTs of that family (V-RT-SINGLE; MULTI separate)
RVT-UG5	1027	81.5189	6439	exact RT sequences	exact RTs of that family (V-RT-SINGLE; MULTI separate)
RVT-UG5	1029	82.0314	6439	exact RT sequences	exact RTs of that family (V-RT-SINGLE; MULTI separate)
RVT-UG5	1034	82.7768	6439	exact RT sequences	exact RTs of that family (V-RT-SINGLE; MULTI separate)
RVT-UG5	1037	83.0253	6439	exact RT sequences	exact RTs of that family (V-RT-SINGLE; MULTI separate)
RVT-UG5	1041	83.5533	6439	exact RT sequences	exact RTs of that family (V-RT-SINGLE; MULTI separate)
RVT-UG5	1043	84.0193	6439	exact RT sequences	exact RTs of that family (V-RT-SINGLE; MULTI separate)
RVT-UG5	1046	84.5939	6439	exact RT sequences	exact RTs of that family (V-RT-SINGLE; MULTI separate)
RVT-UG5	1050	84.9977	6439	exact RT sequences	exact RTs of that family (V-RT-SINGLE; MULTI separate)
RVT-UG5	1051	85.8052	6439	exact RT sequences	exact RTs of that family (V-RT-SINGLE; MULTI separate)
RVT-UG5	1053	86.0382	6439	exact RT sequences	exact RTs of that family (V-RT-SINGLE; MULTI separate)
RVT-UG5	1056	86.5662	6439	exact RT sequences	exact RTs of that family (V-RT-SINGLE; MULTI separate)
RVT-UG5	1058	87.2185	6439	exact RT sequences	exact RTs of that family (V-RT-SINGLE; MULTI separate)
RVT-UG5	1060	87.731	6439	exact RT sequences	exact RTs of that family (V-RT-SINGLE; MULTI separate)
RVT-UG5	1062	88.0572	6439	exact RT sequences	exact RTs of that family (V-RT-SINGLE; MULTI separate)
RVT-UG5	1065	88.5075	6439	exact RT sequences	exact RTs of that family (V-RT-SINGLE; MULTI separate)
RVT-UG5	1067	89.2064	6439	exact RT sequences	exact RTs of that family (V-RT-SINGLE; MULTI separate)
RVT-UG5	1069	93.0269	6439	exact RT sequences	exact RTs of that family (V-RT-SINGLE; MULTI separate)
RVT-UG5	1071	93.8966	6439	exact RT sequences	exact RTs of that family (V-RT-SINGLE; MULTI separate)
RVT-UG5	1072	94.5023	6439	exact RT sequences	exact RTs of that family (V-RT-SINGLE; MULTI separate)
RVT-UG5	1074	95.0613	6439	exact RT sequences	exact RTs of that family (V-RT-SINGLE; MULTI separate)
RVT-UG5	1077	95.5738	6439	exact RT sequences	exact RTs of that family (V-RT-SINGLE; MULTI separate)
RVT-UG5	1079	96.0242	6439	exact RT sequences	exact RTs of that family (V-RT-SINGLE; MULTI separate)
RVT-UG5	1080	96.5989	6439	exact RT sequences	exact RTs of that family (V-RT-SINGLE; MULTI separate)
RVT-UG5	1088	97.0182	6439	exact RT sequences	exact RTs of that family (V-RT-SINGLE; MULTI separate)
RVT-UG5	1098	97.4996	6439	exact RT sequences	exact RTs of that family (V-RT-SINGLE; MULTI separate)
RVT-UG5	1108	98.0121	6439	exact RT sequences	exact RTs of that family (V-RT-SINGLE; MULTI separate)
RVT-UG5	1121	98.5557	6439	exact RT sequences	exact RTs of that family (V-RT-SINGLE; MULTI separate)
RVT-UG5	1141	98.9905	6439	exact RT sequences	exact RTs of that family (V-RT-SINGLE; MULTI separate)
RVT-UG5	1238	99.4875	6439	exact RT sequences	exact RTs of that family (V-RT-SINGLE; MULTI separate)
RVT-UG5	1471	100.0	6439	exact RT sequences	exact RTs of that family (V-RT-SINGLE; MULTI separate)
RVT-UG8	55	0.0138	7261	exact RT sequences	exact RTs of that family (V-RT-SINGLE; MULTI separate)
RVT-UG8	94	0.5509	7261	exact RT sequences	exact RTs of that family (V-RT-SINGLE; MULTI separate)
RVT-UG8	110	1.0191	7261	exact RT sequences	exact RTs of that family (V-RT-SINGLE; MULTI separate)
RVT-UG8	121	1.5149	7261	exact RT sequences	exact RTs of that family (V-RT-SINGLE; MULTI separate)
RVT-UG8	135	2.0521	7261	exact RT sequences	exact RTs of that family (V-RT-SINGLE; MULTI separate)
RVT-UG8	145	2.5203	7261	exact RT sequences	exact RTs of that family (V-RT-SINGLE; MULTI separate)
RVT-UG8	153	3.0574	7261	exact RT sequences	exact RTs of that family (V-RT-SINGLE; MULTI separate)
RVT-UG8	160	3.5532	7261	exact RT sequences	exact RTs of that family (V-RT-SINGLE; MULTI separate)
RVT-UG8	166	4.0077	7261	exact RT sequences	exact RTs of that family (V-RT-SINGLE; MULTI separate)
RVT-UG8	172	4.5724	7261	exact RT sequences	exact RTs of that family (V-RT-SINGLE; MULTI separate)
RVT-UG8	176	5.1095	7261	exact RT sequences	exact RTs of that family (V-RT-SINGLE; MULTI separate)
RVT-UG8	180	5.6466	7261	exact RT sequences	exact RTs of that family (V-RT-SINGLE; MULTI separate)
RVT-UG8	183	6.0185	7261	exact RT sequences	exact RTs of that family (V-RT-SINGLE; MULTI separate)
RVT-UG8	189	6.6107	7261	exact RT sequences	exact RTs of that family (V-RT-SINGLE; MULTI separate)
RVT-UG8	195	7.0376	7261	exact RT sequences	exact RTs of that family (V-RT-SINGLE; MULTI separate)
RVT-UG8	200	7.5196	7261	exact RT sequences	exact RTs of that family (V-RT-SINGLE; MULTI separate)
RVT-UG8	206	8.0017	7261	exact RT sequences	exact RTs of that family (V-RT-SINGLE; MULTI separate)
RVT-UG8	211	8.5112	7261	exact RT sequences	exact RTs of that family (V-RT-SINGLE; MULTI separate)
RVT-UG8	217	9.0346	7261	exact RT sequences	exact RTs of that family (V-RT-SINGLE; MULTI separate)
RVT-UG8	223	9.5717	7261	exact RT sequences	exact RTs of that family (V-RT-SINGLE; MULTI separate)
RVT-UG8	228	10.0124	7261	exact RT sequences	exact RTs of that family (V-RT-SINGLE; MULTI separate)
RVT-UG8	233	10.522	7261	exact RT sequences	exact RTs of that family (V-RT-SINGLE; MULTI separate)
RVT-UG8	238	11.0315	7261	exact RT sequences	exact RTs of that family (V-RT-SINGLE; MULTI separate)
RVT-UG8	244	11.5687	7261	exact RT sequences	exact RTs of that family (V-RT-SINGLE; MULTI separate)
RVT-UG8	249	12.1746	7261	exact RT sequences	exact RTs of that family (V-RT-SINGLE; MULTI separate)
RVT-UG8	252	12.6016	7261	exact RT sequences	exact RTs of that family (V-RT-SINGLE; MULTI separate)
RVT-UG8	256	13.0423	7261	exact RT sequences	exact RTs of that family (V-RT-SINGLE; MULTI separate)
RVT-UG8	261	13.5381	7261	exact RT sequences	exact RTs of that family (V-RT-SINGLE; MULTI separate)
RVT-UG8	266	14.1578	7261	exact RT sequences	exact RTs of that family (V-RT-SINGLE; MULTI separate)
RVT-UG8	269	14.5848	7261	exact RT sequences	exact RTs of that family (V-RT-SINGLE; MULTI separate)
RVT-UG8	274	15.0668	7261	exact RT sequences	exact RTs of that family (V-RT-SINGLE; MULTI separate)
RVT-UG8	278	15.5626	7261	exact RT sequences	exact RTs of that family (V-RT-SINGLE; MULTI separate)
RVT-UG8	281	16.0446	7261	exact RT sequences	exact RTs of that family (V-RT-SINGLE; MULTI separate)
RVT-UG8	284	16.5129	7261	exact RT sequences	exact RTs of that family (V-RT-SINGLE; MULTI separate)
RVT-UG8	289	17.1464	7261	exact RT sequences	exact RTs of that family (V-RT-SINGLE; MULTI separate)
RVT-UG8	292	17.7524	7261	exact RT sequences	exact RTs of that family (V-RT-SINGLE; MULTI separate)
RVT-UG8	294	18.1518	7261	exact RT sequences	exact RTs of that family (V-RT-SINGLE; MULTI separate)
RVT-UG8	297	18.5787	7261	exact RT sequences	exact RTs of that family (V-RT-SINGLE; MULTI separate)
RVT-UG8	300	19.047	7261	exact RT sequences	exact RTs of that family (V-RT-SINGLE; MULTI separate)
RVT-UG8	304	19.6254	7261	exact RT sequences	exact RTs of that family (V-RT-SINGLE; MULTI separate)
RVT-UG8	308	20.135	7261	exact RT sequences	exact RTs of that family (V-RT-SINGLE; MULTI separate)
RVT-UG8	313	20.5481	7261	exact RT sequences	exact RTs of that family (V-RT-SINGLE; MULTI separate)
RVT-UG8	318	21.099	7261	exact RT sequences	exact RTs of that family (V-RT-SINGLE; MULTI separate)
RVT-UG8	322	21.6086	7261	exact RT sequences	exact RTs of that family (V-RT-SINGLE; MULTI separate)
RVT-UG8	325	22.0768	7261	exact RT sequences	exact RTs of that family (V-RT-SINGLE; MULTI separate)
RVT-UG8	328	22.5451	7261	exact RT sequences	exact RTs of that family (V-RT-SINGLE; MULTI separate)
RVT-UG8	333	23.0547	7261	exact RT sequences	exact RTs of that family (V-RT-SINGLE; MULTI separate)
RVT-UG8	337	23.5092	7261	exact RT sequences	exact RTs of that family (V-RT-SINGLE; MULTI separate)
RVT-UG8	341	24.0325	7261	exact RT sequences	exact RTs of that family (V-RT-SINGLE; MULTI separate)
RVT-UG8	346	24.5008	7261	exact RT sequences	exact RTs of that family (V-RT-SINGLE; MULTI separate)
RVT-UG8	352	25.0516	7261	exact RT sequences	exact RTs of that family (V-RT-SINGLE; MULTI separate)
RVT-UG8	357	25.575	7261	exact RT sequences	exact RTs of that family (V-RT-SINGLE; MULTI separate)
RVT-UG8	361	26.0432	7261	exact RT sequences	exact RTs of that family (V-RT-SINGLE; MULTI separate)
RVT-UG8	365	26.5115	7261	exact RT sequences	exact RTs of that family (V-RT-SINGLE; MULTI separate)
RVT-UG8	369	27.145	7261	exact RT sequences	exact RTs of that family (V-RT-SINGLE; MULTI separate)
RVT-UG8	372	27.6408	7261	exact RT sequences	exact RTs of that family (V-RT-SINGLE; MULTI separate)
RVT-UG8	375	28.054	7261	exact RT sequences	exact RTs of that family (V-RT-SINGLE; MULTI separate)
RVT-UG8	378	28.5222	7261	exact RT sequences	exact RTs of that family (V-RT-SINGLE; MULTI separate)
RVT-UG8	382	29.0869	7261	exact RT sequences	exact RTs of that family (V-RT-SINGLE; MULTI separate)
RVT-UG8	385	29.5414	7261	exact RT sequences	exact RTs of that family (V-RT-SINGLE; MULTI separate)
RVT-UG8	389	30.106	7261	exact RT sequences	exact RTs of that family (V-RT-SINGLE; MULTI separate)
RVT-UG8	392	30.5054	7261	exact RT sequences	exact RTs of that family (V-RT-SINGLE; MULTI separate)
RVT-UG8	397	31.0701	7261	exact RT sequences	exact RTs of that family (V-RT-SINGLE; MULTI separate)
RVT-UG8	401	31.5246	7261	exact RT sequences	exact RTs of that family (V-RT-SINGLE; MULTI separate)
RVT-UG8	405	32.0892	7261	exact RT sequences	exact RTs of that family (V-RT-SINGLE; MULTI separate)
RVT-UG8	408	32.53	7261	exact RT sequences	exact RTs of that family (V-RT-SINGLE; MULTI separate)
RVT-UG8	412	33.0671	7261	exact RT sequences	exact RTs of that family (V-RT-SINGLE; MULTI separate)
RVT-UG8	415	33.5491	7261	exact RT sequences	exact RTs of that family (V-RT-SINGLE; MULTI separate)
RVT-UG8	418	34.0174	7261	exact RT sequences	exact RTs of that family (V-RT-SINGLE; MULTI separate)
RVT-UG8	423	34.5682	7261	exact RT sequences	exact RTs of that family (V-RT-SINGLE; MULTI separate)
RVT-UG8	427	35.0916	7261	exact RT sequences	exact RTs of that family (V-RT-SINGLE; MULTI separate)
RVT-UG8	430	35.5185	7261	exact RT sequences	exact RTs of that family (V-RT-SINGLE; MULTI separate)
RVT-UG8	435	36.0832	7261	exact RT sequences	exact RTs of that family (V-RT-SINGLE; MULTI separate)
RVT-UG8	439	36.5377	7261	exact RT sequences	exact RTs of that family (V-RT-SINGLE; MULTI separate)
RVT-UG8	444	37.0748	7261	exact RT sequences	exact RTs of that family (V-RT-SINGLE; MULTI separate)
RVT-UG8	448	37.5155	7261	exact RT sequences	exact RTs of that family (V-RT-SINGLE; MULTI separate)
RVT-UG8	455	38.0251	7261	exact RT sequences	exact RTs of that family (V-RT-SINGLE; MULTI separate)
RVT-UG8	462	38.5071	7261	exact RT sequences	exact RTs of that family (V-RT-SINGLE; MULTI separate)
RVT-UG8	467	39.058	7261	exact RT sequences	exact RTs of that family (V-RT-SINGLE; MULTI separate)
RVT-UG8	471	39.5676	7261	exact RT sequences	exact RTs of that family (V-RT-SINGLE; MULTI separate)
RVT-UG8	474	40.022	7261	exact RT sequences	exact RTs of that family (V-RT-SINGLE; MULTI separate)
RVT-UG8	480	40.5041	7261	exact RT sequences	exact RTs of that family (V-RT-SINGLE; MULTI separate)
RVT-UG8	486	40.9999	7261	exact RT sequences	exact RTs of that family (V-RT-SINGLE; MULTI separate)
RVT-UG8	492	41.4957	7261	exact RT sequences	exact RTs of that family (V-RT-SINGLE; MULTI separate)
RVT-UG8	499	42.0328	7261	exact RT sequences	exact RTs of that family (V-RT-SINGLE; MULTI separate)
RVT-UG8	505	42.5561	7261	exact RT sequences	exact RTs of that family (V-RT-SINGLE; MULTI separate)
RVT-UG8	511	43.0106	7261	exact RT sequences	exact RTs of that family (V-RT-SINGLE; MULTI separate)
RVT-UG8	518	43.5339	7261	exact RT sequences	exact RTs of that family (V-RT-SINGLE; MULTI separate)
RVT-UG8	525	44.0435	7261	exact RT sequences	exact RTs of that family (V-RT-SINGLE; MULTI separate)
RVT-UG8	530	44.5118	7261	exact RT sequences	exact RTs of that family (V-RT-SINGLE; MULTI separate)
RVT-UG8	538	45.104	7261	exact RT sequences	exact RTs of that family (V-RT-SINGLE; MULTI separate)
RVT-UG8	544	45.5722	7261	exact RT sequences	exact RTs of that family (V-RT-SINGLE; MULTI separate)
RVT-UG8	549	46.0267	7261	exact RT sequences	exact RTs of that family (V-RT-SINGLE; MULTI separate)
RVT-UG8	556	46.5087	7261	exact RT sequences	exact RTs of that family (V-RT-SINGLE; MULTI separate)
RVT-UG8	564	47.0045	7261	exact RT sequences	exact RTs of that family (V-RT-SINGLE; MULTI separate)
RVT-UG8	571	47.5279	7261	exact RT sequences	exact RTs of that family (V-RT-SINGLE; MULTI separate)
RVT-UG8	580	48.0237	7261	exact RT sequences	exact RTs of that family (V-RT-SINGLE; MULTI separate)
RVT-UG8	588	48.547	7261	exact RT sequences	exact RTs of that family (V-RT-SINGLE; MULTI separate)
RVT-UG8	595	49.0291	7261	exact RT sequences	exact RTs of that family (V-RT-SINGLE; MULTI separate)
RVT-UG8	601	49.4973	7261	exact RT sequences	exact RTs of that family (V-RT-SINGLE; MULTI separate)
RVT-UG8	606	50.0207	7261	exact RT sequences	exact RTs of that family (V-RT-SINGLE; MULTI separate)
RVT-UG8	614	50.5027	7261	exact RT sequences	exact RTs of that family (V-RT-SINGLE; MULTI separate)
RVT-UG8	624	51.0536	7261	exact RT sequences	exact RTs of that family (V-RT-SINGLE; MULTI separate)
RVT-UG8	630	51.4943	7261	exact RT sequences	exact RTs of that family (V-RT-SINGLE; MULTI separate)
RVT-UG8	634	52.0176	7261	exact RT sequences	exact RTs of that family (V-RT-SINGLE; MULTI separate)
RVT-UG8	637	52.5685	7261	exact RT sequences	exact RTs of that family (V-RT-SINGLE; MULTI separate)
RVT-UG8	638	53.1332	7261	exact RT sequences	exact RTs of that family (V-RT-SINGLE; MULTI separate)
RVT-UG8	639	53.6014	7261	exact RT sequences	exact RTs of that family (V-RT-SINGLE; MULTI separate)
RVT-UG8	641	54.1661	7261	exact RT sequences	exact RTs of that family (V-RT-SINGLE; MULTI separate)
RVT-UG8	643	54.7445	7261	exact RT sequences	exact RTs of that family (V-RT-SINGLE; MULTI separate)
RVT-UG8	645	55.5571	7261	exact RT sequences	exact RTs of that family (V-RT-SINGLE; MULTI separate)
RVT-UG8	646	56.1355	7261	exact RT sequences	exact RTs of that family (V-RT-SINGLE; MULTI separate)
RVT-UG8	648	56.7277	7261	exact RT sequences	exact RTs of that family (V-RT-SINGLE; MULTI separate)
RVT-UG8	649	57.2373	7261	exact RT sequences	exact RTs of that family (V-RT-SINGLE; MULTI separate)
RVT-UG8	650	58.4079	7261	exact RT sequences	exact RTs of that family (V-RT-SINGLE; MULTI separate)
RVT-UG8	651	59.3858	7261	exact RT sequences	exact RTs of that family (V-RT-SINGLE; MULTI separate)
RVT-UG8	652	60.1157	7261	exact RT sequences	exact RTs of that family (V-RT-SINGLE; MULTI separate)
RVT-UG8	653	62.2642	7261	exact RT sequences	exact RTs of that family (V-RT-SINGLE; MULTI separate)
RVT-UG8	654	63.1869	7261	exact RT sequences	exact RTs of that family (V-RT-SINGLE; MULTI separate)
RVT-UG8	655	64.206	7261	exact RT sequences	exact RTs of that family (V-RT-SINGLE; MULTI separate)
RVT-UG8	656	65.3078	7261	exact RT sequences	exact RTs of that family (V-RT-SINGLE; MULTI separate)
RVT-UG8	657	66.0515	7261	exact RT sequences	exact RTs of that family (V-RT-SINGLE; MULTI separate)
RVT-UG8	658	66.7677	7261	exact RT sequences	exact RTs of that family (V-RT-SINGLE; MULTI separate)
RVT-UG8	659	67.4976	7261	exact RT sequences	exact RTs of that family (V-RT-SINGLE; MULTI separate)
RVT-UG8	659	67.4976	7261	exact RT sequences	exact RTs of that family (V-RT-SINGLE; MULTI separate)
RVT-UG8	660	68.2137	7261	exact RT sequences	exact RTs of that family (V-RT-SINGLE; MULTI separate)
RVT-UG8	661	69.0538	7261	exact RT sequences	exact RTs of that family (V-RT-SINGLE; MULTI separate)
RVT-UG8	662	70.0868	7261	exact RT sequences	exact RTs of that family (V-RT-SINGLE; MULTI separate)
RVT-UG8	663	70.5688	7261	exact RT sequences	exact RTs of that family (V-RT-SINGLE; MULTI separate)
RVT-UG8	664	71.037	7261	exact RT sequences	exact RTs of that family (V-RT-SINGLE; MULTI separate)
RVT-UG8	665	71.5879	7261	exact RT sequences	exact RTs of that family (V-RT-SINGLE; MULTI separate)
RVT-UG8	666	72.8688	7261	exact RT sequences	exact RTs of that family (V-RT-SINGLE; MULTI separate)
RVT-UG8	667	74.0669	7261	exact RT sequences	exact RTs of that family (V-RT-SINGLE; MULTI separate)
RVT-UG8	668	74.7969	7261	exact RT sequences	exact RTs of that family (V-RT-SINGLE; MULTI separate)
RVT-UG8	669	75.5406	7261	exact RT sequences	exact RTs of that family (V-RT-SINGLE; MULTI separate)
RVT-UG8	670	76.4771	7261	exact RT sequences	exact RTs of that family (V-RT-SINGLE; MULTI separate)
RVT-UG8	671	76.7938	7261	exact RT sequences	exact RTs of that family (V-RT-SINGLE; MULTI separate)
RVT-UG8	672	80.0992	7261	exact RT sequences	exact RTs of that family (V-RT-SINGLE; MULTI separate)
RVT-UG8	673	80.4986	7261	exact RT sequences	exact RTs of that family (V-RT-SINGLE; MULTI separate)
RVT-UG8	674	81.077	7261	exact RT sequences	exact RTs of that family (V-RT-SINGLE; MULTI separate)
RVT-UG8	676	81.6416	7261	exact RT sequences	exact RTs of that family (V-RT-SINGLE; MULTI separate)
RVT-UG8	677	82.2614	7261	exact RT sequences	exact RTs of that family (V-RT-SINGLE; MULTI separate)
RVT-UG8	678	82.8261	7261	exact RT sequences	exact RTs of that family (V-RT-SINGLE; MULTI separate)
RVT-UG8	679	83.5009	7261	exact RT sequences	exact RTs of that family (V-RT-SINGLE; MULTI separate)
RVT-UG8	679	83.5009	7261	exact RT sequences	exact RTs of that family (V-RT-SINGLE; MULTI separate)
RVT-UG8	680	85.0847	7261	exact RT sequences	exact RTs of that family (V-RT-SINGLE; MULTI separate)
RVT-UG8	682	86.4895	7261	exact RT sequences	exact RTs of that family (V-RT-SINGLE; MULTI separate)
RVT-UG8	682	86.4895	7261	exact RT sequences	exact RTs of that family (V-RT-SINGLE; MULTI separate)
RVT-UG8	685	87.5912	7261	exact RT sequences	exact RTs of that family (V-RT-SINGLE; MULTI separate)
RVT-UG8	688	88.211	7261	exact RT sequences	exact RTs of that family (V-RT-SINGLE; MULTI separate)
RVT-UG8	689	88.7206	7261	exact RT sequences	exact RTs of that family (V-RT-SINGLE; MULTI separate)
RVT-UG8	690	89.9325	7261	exact RT sequences	exact RTs of that family (V-RT-SINGLE; MULTI separate)
RVT-UG8	691	90.1942	7261	exact RT sequences	exact RTs of that family (V-RT-SINGLE; MULTI separate)
RVT-UG8	693	90.566	7261	exact RT sequences	exact RTs of that family (V-RT-SINGLE; MULTI separate)
RVT-UG8	695	91.0894	7261	exact RT sequences	exact RTs of that family (V-RT-SINGLE; MULTI separate)
RVT-UG8	697	91.6265	7261	exact RT sequences	exact RTs of that family (V-RT-SINGLE; MULTI separate)
RVT-UG8	702	92.0121	7261	exact RT sequences	exact RTs of that family (V-RT-SINGLE; MULTI separate)
RVT-UG8	710	92.6181	7261	exact RT sequences	exact RTs of that family (V-RT-SINGLE; MULTI separate)
RVT-UG8	717	92.9899	7261	exact RT sequences	exact RTs of that family (V-RT-SINGLE; MULTI separate)
RVT-UG8	722	93.4995	7261	exact RT sequences	exact RTs of that family (V-RT-SINGLE; MULTI separate)
RVT-UG8	725	94.0229	7261	exact RT sequences	exact RTs of that family (V-RT-SINGLE; MULTI separate)
RVT-UG8	727	95.042	7261	exact RT sequences	exact RTs of that family (V-RT-SINGLE; MULTI separate)
RVT-UG8	730	95.7719	7261	exact RT sequences	exact RTs of that family (V-RT-SINGLE; MULTI separate)
RVT-UG8	732	96.0887	7261	exact RT sequences	exact RTs of that family (V-RT-SINGLE; MULTI separate)
RVT-UG8	738	96.5569	7261	exact RT sequences	exact RTs of that family (V-RT-SINGLE; MULTI separate)
RVT-UG8	741	96.9977	7261	exact RT sequences	exact RTs of that family (V-RT-SINGLE; MULTI separate)
RVT-UG8	750	97.4935	7261	exact RT sequences	exact RTs of that family (V-RT-SINGLE; MULTI separate)
RVT-UG8	753	98.003	7261	exact RT sequences	exact RTs of that family (V-RT-SINGLE; MULTI separate)
RVT-UG8	761	98.5126	7261	exact RT sequences	exact RTs of that family (V-RT-SINGLE; MULTI separate)
RVT-UG8	770	98.9946	7261	exact RT sequences	exact RTs of that family (V-RT-SINGLE; MULTI separate)
RVT-UG8	793	99.5455	7261	exact RT sequences	exact RTs of that family (V-RT-SINGLE; MULTI separate)
RVT-UG8	2473	100.0	7261	exact RT sequences	exact RTs of that family (V-RT-SINGLE; MULTI separate)
Retron	26	0.0013	78287	exact RT sequences	exact RTs of that family (V-RT-SINGLE; MULTI separate)
Retron	78	0.5442	78287	exact RT sequences	exact RTs of that family (V-RT-SINGLE; MULTI separate)
Retron	88	1.0257	78287	exact RT sequences	exact RTs of that family (V-RT-SINGLE; MULTI separate)
Retron	97	1.5162	78287	exact RT sequences	exact RTs of that family (V-RT-SINGLE; MULTI separate)
Retron	106	2.0297	78287	exact RT sequences	exact RTs of that family (V-RT-SINGLE; MULTI separate)
Retron	113	2.5023	78287	exact RT sequences	exact RTs of that family (V-RT-SINGLE; MULTI separate)
Retron	121	3.0222	78287	exact RT sequences	exact RTs of that family (V-RT-SINGLE; MULTI separate)
Retron	127	3.5063	78287	exact RT sequences	exact RTs of that family (V-RT-SINGLE; MULTI separate)
Retron	133	4.0607	78287	exact RT sequences	exact RTs of that family (V-RT-SINGLE; MULTI separate)
Retron	138	4.5448	78287	exact RT sequences	exact RTs of that family (V-RT-SINGLE; MULTI separate)
Retron	143	5.0736	78287	exact RT sequences	exact RTs of that family (V-RT-SINGLE; MULTI separate)
Retron	148	5.5641	78287	exact RT sequences	exact RTs of that family (V-RT-SINGLE; MULTI separate)
Retron	153	6.0713	78287	exact RT sequences	exact RTs of that family (V-RT-SINGLE; MULTI separate)
Retron	158	6.5886	78287	exact RT sequences	exact RTs of that family (V-RT-SINGLE; MULTI separate)
Retron	162	7.0408	78287	exact RT sequences	exact RTs of that family (V-RT-SINGLE; MULTI separate)
Retron	166	7.5479	78287	exact RT sequences	exact RTs of that family (V-RT-SINGLE; MULTI separate)
Retron	171	8.1355	78287	exact RT sequences	exact RTs of that family (V-RT-SINGLE; MULTI separate)
Retron	174	8.5059	78287	exact RT sequences	exact RTs of that family (V-RT-SINGLE; MULTI separate)
Retron	179	9.0488	78287	exact RT sequences	exact RTs of that family (V-RT-SINGLE; MULTI separate)
Retron	183	9.5341	78287	exact RT sequences	exact RTs of that family (V-RT-SINGLE; MULTI separate)
Retron	188	10.123	78287	exact RT sequences	exact RTs of that family (V-RT-SINGLE; MULTI separate)
Retron	192	10.6007	78287	exact RT sequences	exact RTs of that family (V-RT-SINGLE; MULTI separate)
Retron	196	11.104	78287	exact RT sequences	exact RTs of that family (V-RT-SINGLE; MULTI separate)
Retron	200	11.546	78287	exact RT sequences	exact RTs of that family (V-RT-SINGLE; MULTI separate)
Retron	204	12.039	78287	exact RT sequences	exact RTs of that family (V-RT-SINGLE; MULTI separate)
Retron	209	12.6343	78287	exact RT sequences	exact RTs of that family (V-RT-SINGLE; MULTI separate)
Retron	212	13.0405	78287	exact RT sequences	exact RTs of that family (V-RT-SINGLE; MULTI separate)
Retron	215	13.5195	78287	exact RT sequences	exact RTs of that family (V-RT-SINGLE; MULTI separate)
Retron	219	14.0611	78287	exact RT sequences	exact RTs of that family (V-RT-SINGLE; MULTI separate)
Retron	223	14.5516	78287	exact RT sequences	exact RTs of that family (V-RT-SINGLE; MULTI separate)
Retron	227	15.0549	78287	exact RT sequences	exact RTs of that family (V-RT-SINGLE; MULTI separate)
Retron	231	15.5415	78287	exact RT sequences	exact RTs of that family (V-RT-SINGLE; MULTI separate)
Retron	235	16.0384	78287	exact RT sequences	exact RTs of that family (V-RT-SINGLE; MULTI separate)
Retron	239	16.5545	78287	exact RT sequences	exact RTs of that family (V-RT-SINGLE; MULTI separate)
Retron	243	17.1076	78287	exact RT sequences	exact RTs of that family (V-RT-SINGLE; MULTI separate)
Retron	247	17.5738	78287	exact RT sequences	exact RTs of that family (V-RT-SINGLE; MULTI separate)
Retron	251	18.1384	78287	exact RT sequences	exact RTs of that family (V-RT-SINGLE; MULTI separate)
Retron	254	18.5293	78287	exact RT sequences	exact RTs of that family (V-RT-SINGLE; MULTI separate)
Retron	258	19.1028	78287	exact RT sequences	exact RTs of that family (V-RT-SINGLE; MULTI separate)
Retron	262	19.6406	78287	exact RT sequences	exact RTs of that family (V-RT-SINGLE; MULTI separate)
Retron	265	20.0723	78287	exact RT sequences	exact RTs of that family (V-RT-SINGLE; MULTI separate)
Retron	268	20.5398	78287	exact RT sequences	exact RTs of that family (V-RT-SINGLE; MULTI separate)
Retron	272	21.1734	78287	exact RT sequences	exact RTs of that family (V-RT-SINGLE; MULTI separate)
Retron	274	21.5349	78287	exact RT sequences	exact RTs of that family (V-RT-SINGLE; MULTI separate)
Retron	277	22.0496	78287	exact RT sequences	exact RTs of that family (V-RT-SINGLE; MULTI separate)
Retron	280	22.6615	78287	exact RT sequences	exact RTs of that family (V-RT-SINGLE; MULTI separate)
Retron	282	23.1648	78287	exact RT sequences	exact RTs of that family (V-RT-SINGLE; MULTI separate)
Retron	284	23.7396	78287	exact RT sequences	exact RTs of that family (V-RT-SINGLE; MULTI separate)
Retron	285	24.0231	78287	exact RT sequences	exact RTs of that family (V-RT-SINGLE; MULTI separate)
Retron	287	24.552	78287	exact RT sequences	exact RTs of that family (V-RT-SINGLE; MULTI separate)
Retron	289	25.1958	78287	exact RT sequences	exact RTs of that family (V-RT-SINGLE; MULTI separate)
Retron	291	25.7578	78287	exact RT sequences	exact RTs of that family (V-RT-SINGLE; MULTI separate)
Retron	292	26.0069	78287	exact RT sequences	exact RTs of that family (V-RT-SINGLE; MULTI separate)
Retron	294	26.5089	78287	exact RT sequences	exact RTs of that family (V-RT-SINGLE; MULTI separate)
Retron	296	27.0517	78287	exact RT sequences	exact RTs of that family (V-RT-SINGLE; MULTI separate)
Retron	298	27.6891	78287	exact RT sequences	exact RTs of that family (V-RT-SINGLE; MULTI separate)
Retron	300	28.2537	78287	exact RT sequences	exact RTs of that family (V-RT-SINGLE; MULTI separate)
Retron	301	28.5833	78287	exact RT sequences	exact RTs of that family (V-RT-SINGLE; MULTI separate)
Retron	303	29.3944	78287	exact RT sequences	exact RTs of that family (V-RT-SINGLE; MULTI separate)
Retron	304	29.7546	78287	exact RT sequences	exact RTs of that family (V-RT-SINGLE; MULTI separate)
Retron	305	30.2298	78287	exact RT sequences	exact RTs of that family (V-RT-SINGLE; MULTI separate)
Retron	306	30.6437	78287	exact RT sequences	exact RTs of that family (V-RT-SINGLE; MULTI separate)
Retron	307	31.2491	78287	exact RT sequences	exact RTs of that family (V-RT-SINGLE; MULTI separate)
Retron	308	31.8188	78287	exact RT sequences	exact RTs of that family (V-RT-SINGLE; MULTI separate)
Retron	309	32.4102	78287	exact RT sequences	exact RTs of that family (V-RT-SINGLE; MULTI separate)
Retron	310	33.2392	78287	exact RT sequences	exact RTs of that family (V-RT-SINGLE; MULTI separate)
Retron	311	33.9699	78287	exact RT sequences	exact RTs of that family (V-RT-SINGLE; MULTI separate)
Retron	312	34.6826	78287	exact RT sequences	exact RTs of that family (V-RT-SINGLE; MULTI separate)
Retron	313	35.389	78287	exact RT sequences	exact RTs of that family (V-RT-SINGLE; MULTI separate)
Retron	314	35.9549	78287	exact RT sequences	exact RTs of that family (V-RT-SINGLE; MULTI separate)
Retron	315	36.6395	78287	exact RT sequences	exact RTs of that family (V-RT-SINGLE; MULTI separate)
Retron	316	37.549	78287	exact RT sequences	exact RTs of that family (V-RT-SINGLE; MULTI separate)
Retron	317	38.3065	78287	exact RT sequences	exact RTs of that family (V-RT-SINGLE; MULTI separate)
Retron	318	39.0205	78287	exact RT sequences	exact RTs of that family (V-RT-SINGLE; MULTI separate)
Retron	319	40.0961	78287	exact RT sequences	exact RTs of that family (V-RT-SINGLE; MULTI separate)
Retron	320	40.7386	78287	exact RT sequences	exact RTs of that family (V-RT-SINGLE; MULTI separate)
Retron	321	41.2342	78287	exact RT sequences	exact RTs of that family (V-RT-SINGLE; MULTI separate)
Retron	322	41.6698	78287	exact RT sequences	exact RTs of that family (V-RT-SINGLE; MULTI separate)
Retron	323	42.3391	78287	exact RT sequences	exact RTs of that family (V-RT-SINGLE; MULTI separate)
Retron	324	42.7913	78287	exact RT sequences	exact RTs of that family (V-RT-SINGLE; MULTI separate)
Retron	325	43.6305	78287	exact RT sequences	exact RTs of that family (V-RT-SINGLE; MULTI separate)
Retron	326	44.0099	78287	exact RT sequences	exact RTs of that family (V-RT-SINGLE; MULTI separate)
Retron	328	44.8031	78287	exact RT sequences	exact RTs of that family (V-RT-SINGLE; MULTI separate)
Retron	329	45.1595	78287	exact RT sequences	exact RTs of that family (V-RT-SINGLE; MULTI separate)
Retron	331	45.7151	78287	exact RT sequences	exact RTs of that family (V-RT-SINGLE; MULTI separate)
Retron	332	46.0115	78287	exact RT sequences	exact RTs of that family (V-RT-SINGLE; MULTI separate)
Retron	334	46.7766	78287	exact RT sequences	exact RTs of that family (V-RT-SINGLE; MULTI separate)
Retron	335	47.1675	78287	exact RT sequences	exact RTs of that family (V-RT-SINGLE; MULTI separate)
Retron	336	47.5456	78287	exact RT sequences	exact RTs of that family (V-RT-SINGLE; MULTI separate)
Retron	338	48.6569	78287	exact RT sequences	exact RTs of that family (V-RT-SINGLE; MULTI separate)
Retron	339	49.0477	78287	exact RT sequences	exact RTs of that family (V-RT-SINGLE; MULTI separate)
Retron	341	49.7541	78287	exact RT sequences	exact RTs of that family (V-RT-SINGLE; MULTI separate)
Retron	342	50.1437	78287	exact RT sequences	exact RTs of that family (V-RT-SINGLE; MULTI separate)
Retron	343	50.5588	78287	exact RT sequences	exact RTs of that family (V-RT-SINGLE; MULTI separate)
Retron	344	51.0174	78287	exact RT sequences	exact RTs of that family (V-RT-SINGLE; MULTI separate)
Retron	346	51.7289	78287	exact RT sequences	exact RTs of that family (V-RT-SINGLE; MULTI separate)
Retron	347	52.167	78287	exact RT sequences	exact RTs of that family (V-RT-SINGLE; MULTI separate)
Retron	348	52.5362	78287	exact RT sequences	exact RTs of that family (V-RT-SINGLE; MULTI separate)
Retron	350	53.2681	78287	exact RT sequences	exact RTs of that family (V-RT-SINGLE; MULTI separate)
Retron	351	53.5517	78287	exact RT sequences	exact RTs of that family (V-RT-SINGLE; MULTI separate)
Retron	353	54.0882	78287	exact RT sequences	exact RTs of that family (V-RT-SINGLE; MULTI separate)
Retron	354	54.7051	78287	exact RT sequences	exact RTs of that family (V-RT-SINGLE; MULTI separate)
Retron	356	55.2161	78287	exact RT sequences	exact RTs of that family (V-RT-SINGLE; MULTI separate)
Retron	358	55.5929	78287	exact RT sequences	exact RTs of that family (V-RT-SINGLE; MULTI separate)
Retron	360	56.1025	78287	exact RT sequences	exact RTs of that family (V-RT-SINGLE; MULTI separate)
Retron	362	56.5062	78287	exact RT sequences	exact RTs of that family (V-RT-SINGLE; MULTI separate)
Retron	365	57.2343	78287	exact RT sequences	exact RTs of that family (V-RT-SINGLE; MULTI separate)
Retron	366	58.0837	78287	exact RT sequences	exact RTs of that family (V-RT-SINGLE; MULTI separate)
Retron	368	58.5602	78287	exact RT sequences	exact RTs of that family (V-RT-SINGLE; MULTI separate)
Retron	370	59.0366	78287	exact RT sequences	exact RTs of that family (V-RT-SINGLE; MULTI separate)
Retron	373	59.7915	78287	exact RT sequences	exact RTs of that family (V-RT-SINGLE; MULTI separate)
Retron	375	60.2833	78287	exact RT sequences	exact RTs of that family (V-RT-SINGLE; MULTI separate)
Retron	376	60.7278	78287	exact RT sequences	exact RTs of that family (V-RT-SINGLE; MULTI separate)
Retron	377	61.0702	78287	exact RT sequences	exact RTs of that family (V-RT-SINGLE; MULTI separate)
Retron	379	61.6871	78287	exact RT sequences	exact RTs of that family (V-RT-SINGLE; MULTI separate)
Retron	381	62.1878	78287	exact RT sequences	exact RTs of that family (V-RT-SINGLE; MULTI separate)
Retron	383	62.7652	78287	exact RT sequences	exact RTs of that family (V-RT-SINGLE; MULTI separate)
Retron	385	63.1344	78287	exact RT sequences	exact RTs of that family (V-RT-SINGLE; MULTI separate)
Retron	387	63.5891	78287	exact RT sequences	exact RTs of that family (V-RT-SINGLE; MULTI separate)
Retron	389	64.1	78287	exact RT sequences	exact RTs of that family (V-RT-SINGLE; MULTI separate)
Retron	391	64.5995	78287	exact RT sequences	exact RTs of that family (V-RT-SINGLE; MULTI separate)
Retron	393	65.1143	78287	exact RT sequences	exact RTs of that family (V-RT-SINGLE; MULTI separate)
Retron	395	65.6418	78287	exact RT sequences	exact RTs of that family (V-RT-SINGLE; MULTI separate)
Retron	397	66.0812	78287	exact RT sequences	exact RTs of that family (V-RT-SINGLE; MULTI separate)
Retron	400	66.5487	78287	exact RT sequences	exact RTs of that family (V-RT-SINGLE; MULTI separate)
Retron	403	67.029	78287	exact RT sequences	exact RTs of that family (V-RT-SINGLE; MULTI separate)
Retron	406	67.517	78287	exact RT sequences	exact RTs of that family (V-RT-SINGLE; MULTI separate)
Retron	409	68.1033	78287	exact RT sequences	exact RTs of that family (V-RT-SINGLE; MULTI separate)
Retron	412	68.7164	78287	exact RT sequences	exact RTs of that family (V-RT-SINGLE; MULTI separate)
Retron	415	69.1226	78287	exact RT sequences	exact RTs of that family (V-RT-SINGLE; MULTI separate)
Retron	417	69.5556	78287	exact RT sequences	exact RTs of that family (V-RT-SINGLE; MULTI separate)
Retron	420	70.0832	78287	exact RT sequences	exact RTs of that family (V-RT-SINGLE; MULTI separate)
Retron	422	70.5098	78287	exact RT sequences	exact RTs of that family (V-RT-SINGLE; MULTI separate)
Retron	425	71.2775	78287	exact RT sequences	exact RTs of that family (V-RT-SINGLE; MULTI separate)
Retron	427	71.6313	78287	exact RT sequences	exact RTs of that family (V-RT-SINGLE; MULTI separate)
Retron	430	72.1461	78287	exact RT sequences	exact RTs of that family (V-RT-SINGLE; MULTI separate)
Retron	432	72.5702	78287	exact RT sequences	exact RTs of that family (V-RT-SINGLE; MULTI separate)
Retron	434	73.0696	78287	exact RT sequences	exact RTs of that family (V-RT-SINGLE; MULTI separate)
Retron	436	73.5473	78287	exact RT sequences	exact RTs of that family (V-RT-SINGLE; MULTI separate)
Retron	439	74.1592	78287	exact RT sequences	exact RTs of that family (V-RT-SINGLE; MULTI separate)
Retron	441	74.8783	78287	exact RT sequences	exact RTs of that family (V-RT-SINGLE; MULTI separate)
Retron	442	75.1415	78287	exact RT sequences	exact RTs of that family (V-RT-SINGLE; MULTI separate)
Retron	444	75.6358	78287	exact RT sequences	exact RTs of that family (V-RT-SINGLE; MULTI separate)
Retron	446	76.0433	78287	exact RT sequences	exact RTs of that family (V-RT-SINGLE; MULTI separate)
Retron	449	77.4062	78287	exact RT sequences	exact RTs of that family (V-RT-SINGLE; MULTI separate)
Retron	450	77.525	78287	exact RT sequences	exact RTs of that family (V-RT-SINGLE; MULTI separate)
Retron	454	78.0564	78287	exact RT sequences	exact RTs of that family (V-RT-SINGLE; MULTI separate)
Retron	458	78.6095	78287	exact RT sequences	exact RTs of that family (V-RT-SINGLE; MULTI separate)
Retron	461	79.0847	78287	exact RT sequences	exact RTs of that family (V-RT-SINGLE; MULTI separate)
Retron	465	79.6096	78287	exact RT sequences	exact RTs of that family (V-RT-SINGLE; MULTI separate)
Retron	468	80.0056	78287	exact RT sequences	exact RTs of that family (V-RT-SINGLE; MULTI separate)
Retron	472	80.5881	78287	exact RT sequences	exact RTs of that family (V-RT-SINGLE; MULTI separate)
Retron	475	81.002	78287	exact RT sequences	exact RTs of that family (V-RT-SINGLE; MULTI separate)
Retron	480	81.5653	78287	exact RT sequences	exact RTs of that family (V-RT-SINGLE; MULTI separate)
Retron	483	82.0072	78287	exact RT sequences	exact RTs of that family (V-RT-SINGLE; MULTI separate)
Retron	487	82.6178	78287	exact RT sequences	exact RTs of that family (V-RT-SINGLE; MULTI separate)
Retron	489	83.0674	78287	exact RT sequences	exact RTs of that family (V-RT-SINGLE; MULTI separate)
Retron	493	83.5515	78287	exact RT sequences	exact RTs of that family (V-RT-SINGLE; MULTI separate)
Retron	497	84.1021	78287	exact RT sequences	exact RTs of that family (V-RT-SINGLE; MULTI separate)
Retron	500	84.622	78287	exact RT sequences	exact RTs of that family (V-RT-SINGLE; MULTI separate)
Retron	504	85.1968	78287	exact RT sequences	exact RTs of that family (V-RT-SINGLE; MULTI separate)
Retron	508	85.5404	78287	exact RT sequences	exact RTs of that family (V-RT-SINGLE; MULTI separate)
Retron	513	86.0002	78287	exact RT sequences	exact RTs of that family (V-RT-SINGLE; MULTI separate)
Retron	521	86.5699	78287	exact RT sequences	exact RTs of that family (V-RT-SINGLE; MULTI separate)
Retron	527	87.0553	78287	exact RT sequences	exact RTs of that family (V-RT-SINGLE; MULTI separate)
Retron	532	87.5407	78287	exact RT sequences	exact RTs of that family (V-RT-SINGLE; MULTI separate)
Retron	539	88.0414	78287	exact RT sequences	exact RTs of that family (V-RT-SINGLE; MULTI separate)
Retron	543	88.6201	78287	exact RT sequences	exact RTs of that family (V-RT-SINGLE; MULTI separate)
Retron	548	89.0071	78287	exact RT sequences	exact RTs of that family (V-RT-SINGLE; MULTI separate)
Retron	554	89.5602	78287	exact RT sequences	exact RTs of that family (V-RT-SINGLE; MULTI separate)
Retron	558	90.0941	78287	exact RT sequences	exact RTs of that family (V-RT-SINGLE; MULTI separate)
Retron	562	90.5885	78287	exact RT sequences	exact RTs of that family (V-RT-SINGLE; MULTI separate)
Retron	565	91.1761	78287	exact RT sequences	exact RTs of that family (V-RT-SINGLE; MULTI separate)
Retron	567	91.5005	78287	exact RT sequences	exact RTs of that family (V-RT-SINGLE; MULTI separate)
Retron	572	92.0574	78287	exact RT sequences	exact RTs of that family (V-RT-SINGLE; MULTI separate)
Retron	575	92.5211	78287	exact RT sequences	exact RTs of that family (V-RT-SINGLE; MULTI separate)
Retron	579	93.064	78287	exact RT sequences	exact RTs of that family (V-RT-SINGLE; MULTI separate)
Retron	583	93.5558	78287	exact RT sequences	exact RTs of that family (V-RT-SINGLE; MULTI separate)
Retron	585	94.1382	78287	exact RT sequences	exact RTs of that family (V-RT-SINGLE; MULTI separate)
Retron	587	94.5572	78287	exact RT sequences	exact RTs of that family (V-RT-SINGLE; MULTI separate)
Retron	592	95.0899	78287	exact RT sequences	exact RTs of that family (V-RT-SINGLE; MULTI separate)
Retron	598	95.5344	78287	exact RT sequences	exact RTs of that family (V-RT-SINGLE; MULTI separate)
Retron	610	96.0517	78287	exact RT sequences	exact RTs of that family (V-RT-SINGLE; MULTI separate)
Retron	617	96.5448	78287	exact RT sequences	exact RTs of that family (V-RT-SINGLE; MULTI separate)
Retron	636	97.0123	78287	exact RT sequences	exact RTs of that family (V-RT-SINGLE; MULTI separate)
Retron	652	97.5066	78287	exact RT sequences	exact RTs of that family (V-RT-SINGLE; MULTI separate)
Retron	669	97.9997	78287	exact RT sequences	exact RTs of that family (V-RT-SINGLE; MULTI separate)
Retron	725	98.5017	78287	exact RT sequences	exact RTs of that family (V-RT-SINGLE; MULTI separate)
Retron	839	98.9998	78287	exact RT sequences	exact RTs of that family (V-RT-SINGLE; MULTI separate)
Retron	1021	99.5031	78287	exact RT sequences	exact RTs of that family (V-RT-SINGLE; MULTI separate)
Retron	9260	100.0	78287	exact RT sequences	exact RTs of that family (V-RT-SINGLE; MULTI separate)
