family	rt_aa_len	cumulative_pct	n_exact_rt	unit	denominator
MULTI	21	0.0132	7593	exact RT sequences	exact RTs of that family (V-RT-SINGLE; MULTI separate)
MULTI	39	0.5136	7593	exact RT sequences	exact RTs of that family (V-RT-SINGLE; MULTI separate)
MULTI	45	1.0273	7593	exact RT sequences	exact RTs of that family (V-RT-SINGLE; MULTI separate)
MULTI	52	1.5804	7593	exact RT sequences	exact RTs of that family (V-RT-SINGLE; MULTI separate)
MULTI	56	2.1072	7593	exact RT sequences	exact RTs of that family (V-RT-SINGLE; MULTI separate)
MULTI	59	2.6735	7593	exact RT sequences	exact RTs of that family (V-RT-SINGLE; MULTI separate)
MULTI	62	3.174	7593	exact RT sequences	exact RTs of that family (V-RT-SINGLE; MULTI separate)
MULTI	65	3.6349	7593	exact RT sequences	exact RTs of that family (V-RT-SINGLE; MULTI separate)
MULTI	67	4.1486	7593	exact RT sequences	exact RTs of that family (V-RT-SINGLE; MULTI separate)
MULTI	69	4.5305	7593	exact RT sequences	exact RTs of that family (V-RT-SINGLE; MULTI separate)
MULTI	72	5.0573	7593	exact RT sequences	exact RTs of that family (V-RT-SINGLE; MULTI separate)
MULTI	75	5.5578	7593	exact RT sequences	exact RTs of that family (V-RT-SINGLE; MULTI separate)
MULTI	78	6.0977	7593	exact RT sequences	exact RTs of that family (V-RT-SINGLE; MULTI separate)
MULTI	81	6.6114	7593	exact RT sequences	exact RTs of that family (V-RT-SINGLE; MULTI separate)
MULTI	84	7.1645	7593	exact RT sequences	exact RTs of that family (V-RT-SINGLE; MULTI separate)
MULTI	86	7.6254	7593	exact RT sequences	exact RTs of that family (V-RT-SINGLE; MULTI separate)
MULTI	88	8.0996	7593	exact RT sequences	exact RTs of that family (V-RT-SINGLE; MULTI separate)
MULTI	91	8.6922	7593	exact RT sequences	exact RTs of that family (V-RT-SINGLE; MULTI separate)
MULTI	93	9.1532	7593	exact RT sequences	exact RTs of that family (V-RT-SINGLE; MULTI separate)
MULTI	95	9.6009	7593	exact RT sequences	exact RTs of that family (V-RT-SINGLE; MULTI separate)
MULTI	98	10.2199	7593	exact RT sequences	exact RTs of that family (V-RT-SINGLE; MULTI separate)
MULTI	99	10.5097	7593	exact RT sequences	exact RTs of that family (V-RT-SINGLE; MULTI separate)
MULTI	102	11.0365	7593	exact RT sequences	exact RTs of that family (V-RT-SINGLE; MULTI separate)
MULTI	105	11.5896	7593	exact RT sequences	exact RTs of that family (V-RT-SINGLE; MULTI separate)
MULTI	107	12.0506	7593	exact RT sequences	exact RTs of that family (V-RT-SINGLE; MULTI separate)
MULTI	110	12.6037	7593	exact RT sequences	exact RTs of that family (V-RT-SINGLE; MULTI separate)
MULTI	113	13.2622	7593	exact RT sequences	exact RTs of that family (V-RT-SINGLE; MULTI separate)
MULTI	115	13.5651	7593	exact RT sequences	exact RTs of that family (V-RT-SINGLE; MULTI separate)
MULTI	118	14.0261	7593	exact RT sequences	exact RTs of that family (V-RT-SINGLE; MULTI separate)
MULTI	121	14.6319	7593	exact RT sequences	exact RTs of that family (V-RT-SINGLE; MULTI separate)
MULTI	124	15.0928	7593	exact RT sequences	exact RTs of that family (V-RT-SINGLE; MULTI separate)
MULTI	127	15.567	7593	exact RT sequences	exact RTs of that family (V-RT-SINGLE; MULTI separate)
MULTI	130	16.0543	7593	exact RT sequences	exact RTs of that family (V-RT-SINGLE; MULTI separate)
MULTI	133	16.6206	7593	exact RT sequences	exact RTs of that family (V-RT-SINGLE; MULTI separate)
MULTI	135	17.121	7593	exact RT sequences	exact RTs of that family (V-RT-SINGLE; MULTI separate)
MULTI	138	17.7137	7593	exact RT sequences	exact RTs of that family (V-RT-SINGLE; MULTI separate)
MULTI	140	18.201	7593	exact RT sequences	exact RTs of that family (V-RT-SINGLE; MULTI separate)
MULTI	142	18.5302	7593	exact RT sequences	exact RTs of that family (V-RT-SINGLE; MULTI separate)
MULTI	144	19.0175	7593	exact RT sequences	exact RTs of that family (V-RT-SINGLE; MULTI separate)
MULTI	147	19.5707	7593	exact RT sequences	exact RTs of that family (V-RT-SINGLE; MULTI separate)
MULTI	150	20.0053	7593	exact RT sequences	exact RTs of that family (V-RT-SINGLE; MULTI separate)
MULTI	153	20.5057	7593	exact RT sequences	exact RTs of that family (V-RT-SINGLE; MULTI separate)
MULTI	157	21.0852	7593	exact RT sequences	exact RTs of that family (V-RT-SINGLE; MULTI separate)
MULTI	159	21.5462	7593	exact RT sequences	exact RTs of that family (V-RT-SINGLE; MULTI separate)
MULTI	162	22.0466	7593	exact RT sequences	exact RTs of that family (V-RT-SINGLE; MULTI separate)
MULTI	165	22.5207	7593	exact RT sequences	exact RTs of that family (V-RT-SINGLE; MULTI separate)
MULTI	167	23.2583	7593	exact RT sequences	exact RTs of that family (V-RT-SINGLE; MULTI separate)
MULTI	168	23.5217	7593	exact RT sequences	exact RTs of that family (V-RT-SINGLE; MULTI separate)
MULTI	170	24.0616	7593	exact RT sequences	exact RTs of that family (V-RT-SINGLE; MULTI separate)
MULTI	173	24.7465	7593	exact RT sequences	exact RTs of that family (V-RT-SINGLE; MULTI separate)
MULTI	175	25.2864	7593	exact RT sequences	exact RTs of that family (V-RT-SINGLE; MULTI separate)
MULTI	176	25.563	7593	exact RT sequences	exact RTs of that family (V-RT-SINGLE; MULTI separate)
MULTI	178	26.0371	7593	exact RT sequences	exact RTs of that family (V-RT-SINGLE; MULTI separate)
MULTI	180	26.6166	7593	exact RT sequences	exact RTs of that family (V-RT-SINGLE; MULTI separate)
MULTI	182	26.9986	7593	exact RT sequences	exact RTs of that family (V-RT-SINGLE; MULTI separate)
MULTI	184	27.5122	7593	exact RT sequences	exact RTs of that family (V-RT-SINGLE; MULTI separate)
MULTI	186	28.0653	7593	exact RT sequences	exact RTs of that family (V-RT-SINGLE; MULTI separate)
MULTI	188	28.7238	7593	exact RT sequences	exact RTs of that family (V-RT-SINGLE; MULTI separate)
MULTI	190	29.2901	7593	exact RT sequences	exact RTs of that family (V-RT-SINGLE; MULTI separate)
MULTI	191	29.593	7593	exact RT sequences	exact RTs of that family (V-RT-SINGLE; MULTI separate)
MULTI	193	30.1198	7593	exact RT sequences	exact RTs of that family (V-RT-SINGLE; MULTI separate)
MULTI	195	30.5149	7593	exact RT sequences	exact RTs of that family (V-RT-SINGLE; MULTI separate)
MULTI	197	31.1076	7593	exact RT sequences	exact RTs of that family (V-RT-SINGLE; MULTI separate)
MULTI	198	31.5685	7593	exact RT sequences	exact RTs of that family (V-RT-SINGLE; MULTI separate)
MULTI	200	32.0295	7593	exact RT sequences	exact RTs of that family (V-RT-SINGLE; MULTI separate)
MULTI	201	32.5431	7593	exact RT sequences	exact RTs of that family (V-RT-SINGLE; MULTI separate)
MULTI	203	33.2016	7593	exact RT sequences	exact RTs of that family (V-RT-SINGLE; MULTI separate)
MULTI	205	33.7284	7593	exact RT sequences	exact RTs of that family (V-RT-SINGLE; MULTI separate)
MULTI	207	34.3079	7593	exact RT sequences	exact RTs of that family (V-RT-SINGLE; MULTI separate)
MULTI	208	34.5845	7593	exact RT sequences	exact RTs of that family (V-RT-SINGLE; MULTI separate)
MULTI	210	35.0981	7593	exact RT sequences	exact RTs of that family (V-RT-SINGLE; MULTI separate)
MULTI	212	35.5591	7593	exact RT sequences	exact RTs of that family (V-RT-SINGLE; MULTI separate)
MULTI	215	36.2307	7593	exact RT sequences	exact RTs of that family (V-RT-SINGLE; MULTI separate)
MULTI	216	36.7049	7593	exact RT sequences	exact RTs of that family (V-RT-SINGLE; MULTI separate)
MULTI	218	37.0868	7593	exact RT sequences	exact RTs of that family (V-RT-SINGLE; MULTI separate)
MULTI	220	37.5741	7593	exact RT sequences	exact RTs of that family (V-RT-SINGLE; MULTI separate)
MULTI	222	38.0745	7593	exact RT sequences	exact RTs of that family (V-RT-SINGLE; MULTI separate)
MULTI	225	38.6145	7593	exact RT sequences	exact RTs of that family (V-RT-SINGLE; MULTI separate)
MULTI	227	39.0491	7593	exact RT sequences	exact RTs of that family (V-RT-SINGLE; MULTI separate)
MULTI	229	39.6154	7593	exact RT sequences	exact RTs of that family (V-RT-SINGLE; MULTI separate)
MULTI	231	40.1554	7593	exact RT sequences	exact RTs of that family (V-RT-SINGLE; MULTI separate)
MULTI	233	40.669	7593	exact RT sequences	exact RTs of that family (V-RT-SINGLE; MULTI separate)
MULTI	235	41.0641	7593	exact RT sequences	exact RTs of that family (V-RT-SINGLE; MULTI separate)
MULTI	237	41.5251	7593	exact RT sequences	exact RTs of that family (V-RT-SINGLE; MULTI separate)
MULTI	239	42.2626	7593	exact RT sequences	exact RTs of that family (V-RT-SINGLE; MULTI separate)
MULTI	240	42.6577	7593	exact RT sequences	exact RTs of that family (V-RT-SINGLE; MULTI separate)
MULTI	242	43.1187	7593	exact RT sequences	exact RTs of that family (V-RT-SINGLE; MULTI separate)
MULTI	244	43.5796	7593	exact RT sequences	exact RTs of that family (V-RT-SINGLE; MULTI separate)
MULTI	246	44.0142	7593	exact RT sequences	exact RTs of that family (V-RT-SINGLE; MULTI separate)
MULTI	249	44.6596	7593	exact RT sequences	exact RTs of that family (V-RT-SINGLE; MULTI separate)
MULTI	252	45.1205	7593	exact RT sequences	exact RTs of that family (V-RT-SINGLE; MULTI separate)
MULTI	254	45.5288	7593	exact RT sequences	exact RTs of that family (V-RT-SINGLE; MULTI separate)
MULTI	258	46.1478	7593	exact RT sequences	exact RTs of that family (V-RT-SINGLE; MULTI separate)
MULTI	261	46.5429	7593	exact RT sequences	exact RTs of that family (V-RT-SINGLE; MULTI separate)
MULTI	265	47.0697	7593	exact RT sequences	exact RTs of that family (V-RT-SINGLE; MULTI separate)
MULTI	268	47.6755	7593	exact RT sequences	exact RTs of that family (V-RT-SINGLE; MULTI separate)
MULTI	271	48.0706	7593	exact RT sequences	exact RTs of that family (V-RT-SINGLE; MULTI separate)
MULTI	274	48.5711	7593	exact RT sequences	exact RTs of that family (V-RT-SINGLE; MULTI separate)
MULTI	277	49.0452	7593	exact RT sequences	exact RTs of that family (V-RT-SINGLE; MULTI separate)
MULTI	280	49.5588	7593	exact RT sequences	exact RTs of that family (V-RT-SINGLE; MULTI separate)
MULTI	283	50.0593	7593	exact RT sequences	exact RTs of that family (V-RT-SINGLE; MULTI separate)
MULTI	286	50.6387	7593	exact RT sequences	exact RTs of that family (V-RT-SINGLE; MULTI separate)
MULTI	289	51.1129	7593	exact RT sequences	exact RTs of that family (V-RT-SINGLE; MULTI separate)
MULTI	292	51.508	7593	exact RT sequences	exact RTs of that family (V-RT-SINGLE; MULTI separate)
MULTI	296	52.0084	7593	exact RT sequences	exact RTs of that family (V-RT-SINGLE; MULTI separate)
MULTI	299	52.5352	7593	exact RT sequences	exact RTs of that family (V-RT-SINGLE; MULTI separate)
MULTI	302	53.0225	7593	exact RT sequences	exact RTs of that family (V-RT-SINGLE; MULTI separate)
MULTI	305	53.5098	7593	exact RT sequences	exact RTs of that family (V-RT-SINGLE; MULTI separate)
MULTI	308	54.0234	7593	exact RT sequences	exact RTs of that family (V-RT-SINGLE; MULTI separate)
MULTI	312	54.5107	7593	exact RT sequences	exact RTs of that family (V-RT-SINGLE; MULTI separate)
MULTI	316	55.1034	7593	exact RT sequences	exact RTs of that family (V-RT-SINGLE; MULTI separate)
MULTI	319	55.5907	7593	exact RT sequences	exact RTs of that family (V-RT-SINGLE; MULTI separate)
MULTI	323	56.078	7593	exact RT sequences	exact RTs of that family (V-RT-SINGLE; MULTI separate)
MULTI	326	56.5389	7593	exact RT sequences	exact RTs of that family (V-RT-SINGLE; MULTI separate)
MULTI	330	56.9999	7593	exact RT sequences	exact RTs of that family (V-RT-SINGLE; MULTI separate)
MULTI	334	57.5925	7593	exact RT sequences	exact RTs of that family (V-RT-SINGLE; MULTI separate)
MULTI	338	58.1588	7593	exact RT sequences	exact RTs of that family (V-RT-SINGLE; MULTI separate)
MULTI	342	58.5539	7593	exact RT sequences	exact RTs of that family (V-RT-SINGLE; MULTI separate)
MULTI	345	59.0412	7593	exact RT sequences	exact RTs of that family (V-RT-SINGLE; MULTI separate)
MULTI	349	59.5812	7593	exact RT sequences	exact RTs of that family (V-RT-SINGLE; MULTI separate)
MULTI	353	60.0553	7593	exact RT sequences	exact RTs of that family (V-RT-SINGLE; MULTI separate)
MULTI	358	60.5558	7593	exact RT sequences	exact RTs of that family (V-RT-SINGLE; MULTI separate)
MULTI	363	61.0167	7593	exact RT sequences	exact RTs of that family (V-RT-SINGLE; MULTI separate)
MULTI	368	61.6094	7593	exact RT sequences	exact RTs of that family (V-RT-SINGLE; MULTI separate)
MULTI	371	62.0572	7593	exact RT sequences	exact RTs of that family (V-RT-SINGLE; MULTI separate)
MULTI	375	62.584	7593	exact RT sequences	exact RTs of that family (V-RT-SINGLE; MULTI separate)
MULTI	380	63.0054	7593	exact RT sequences	exact RTs of that family (V-RT-SINGLE; MULTI separate)
MULTI	385	63.6112	7593	exact RT sequences	exact RTs of that family (V-RT-SINGLE; MULTI separate)
MULTI	389	64.138	7593	exact RT sequences	exact RTs of that family (V-RT-SINGLE; MULTI separate)
MULTI	392	64.5726	7593	exact RT sequences	exact RTs of that family (V-RT-SINGLE; MULTI separate)
MULTI	396	65.0336	7593	exact RT sequences	exact RTs of that family (V-RT-SINGLE; MULTI separate)
MULTI	400	65.5736	7593	exact RT sequences	exact RTs of that family (V-RT-SINGLE; MULTI separate)
MULTI	404	66.0213	7593	exact RT sequences	exact RTs of that family (V-RT-SINGLE; MULTI separate)
MULTI	407	66.6008	7593	exact RT sequences	exact RTs of that family (V-RT-SINGLE; MULTI separate)
MULTI	411	67.1013	7593	exact RT sequences	exact RTs of that family (V-RT-SINGLE; MULTI separate)
MULTI	416	67.5095	7593	exact RT sequences	exact RTs of that family (V-RT-SINGLE; MULTI separate)
MULTI	421	68.089	7593	exact RT sequences	exact RTs of that family (V-RT-SINGLE; MULTI separate)
MULTI	424	68.5632	7593	exact RT sequences	exact RTs of that family (V-RT-SINGLE; MULTI separate)
MULTI	428	69.0768	7593	exact RT sequences	exact RTs of that family (V-RT-SINGLE; MULTI separate)
MULTI	432	69.5772	7593	exact RT sequences	exact RTs of that family (V-RT-SINGLE; MULTI separate)
MULTI	435	70.0645	7593	exact RT sequences	exact RTs of that family (V-RT-SINGLE; MULTI separate)
MULTI	438	70.5123	7593	exact RT sequences	exact RTs of that family (V-RT-SINGLE; MULTI separate)
MULTI	442	71.1576	7593	exact RT sequences	exact RTs of that family (V-RT-SINGLE; MULTI separate)
MULTI	444	71.6976	7593	exact RT sequences	exact RTs of that family (V-RT-SINGLE; MULTI separate)
MULTI	445	72.0795	7593	exact RT sequences	exact RTs of that family (V-RT-SINGLE; MULTI separate)
MULTI	448	72.58	7593	exact RT sequences	exact RTs of that family (V-RT-SINGLE; MULTI separate)
MULTI	453	73.12	7593	exact RT sequences	exact RTs of that family (V-RT-SINGLE; MULTI separate)
MULTI	457	73.5151	7593	exact RT sequences	exact RTs of that family (V-RT-SINGLE; MULTI separate)
MULTI	463	74.0155	7593	exact RT sequences	exact RTs of that family (V-RT-SINGLE; MULTI separate)
MULTI	470	74.5555	7593	exact RT sequences	exact RTs of that family (V-RT-SINGLE; MULTI separate)
MULTI	477	75.0428	7593	exact RT sequences	exact RTs of that family (V-RT-SINGLE; MULTI separate)
MULTI	484	75.4906	7593	exact RT sequences	exact RTs of that family (V-RT-SINGLE; MULTI separate)
MULTI	491	76.0306	7593	exact RT sequences	exact RTs of that family (V-RT-SINGLE; MULTI separate)
MULTI	497	76.531	7593	exact RT sequences	exact RTs of that family (V-RT-SINGLE; MULTI separate)
MULTI	504	77.0183	7593	exact RT sequences	exact RTs of that family (V-RT-SINGLE; MULTI separate)
MULTI	510	77.5451	7593	exact RT sequences	exact RTs of that family (V-RT-SINGLE; MULTI separate)
MULTI	516	77.9929	7593	exact RT sequences	exact RTs of that family (V-RT-SINGLE; MULTI separate)
MULTI	522	78.5197	7593	exact RT sequences	exact RTs of that family (V-RT-SINGLE; MULTI separate)
MULTI	530	79.0333	7593	exact RT sequences	exact RTs of that family (V-RT-SINGLE; MULTI separate)
MULTI	537	79.4943	7593	exact RT sequences	exact RTs of that family (V-RT-SINGLE; MULTI separate)
MULTI	546	80.0079	7593	exact RT sequences	exact RTs of that family (V-RT-SINGLE; MULTI separate)
MULTI	554	80.5347	7593	exact RT sequences	exact RTs of that family (V-RT-SINGLE; MULTI separate)
MULTI	561	80.9957	7593	exact RT sequences	exact RTs of that family (V-RT-SINGLE; MULTI separate)
MULTI	570	81.5225	7593	exact RT sequences	exact RTs of that family (V-RT-SINGLE; MULTI separate)
MULTI	579	82.0361	7593	exact RT sequences	exact RTs of that family (V-RT-SINGLE; MULTI separate)
MULTI	588	82.5365	7593	exact RT sequences	exact RTs of that family (V-RT-SINGLE; MULTI separate)
MULTI	599	83.1292	7593	exact RT sequences	exact RTs of that family (V-RT-SINGLE; MULTI separate)
MULTI	607	83.498	7593	exact RT sequences	exact RTs of that family (V-RT-SINGLE; MULTI separate)
MULTI	618	84.0248	7593	exact RT sequences	exact RTs of that family (V-RT-SINGLE; MULTI separate)
MULTI	627	84.5516	7593	exact RT sequences	exact RTs of that family (V-RT-SINGLE; MULTI separate)
MULTI	638	85.0389	7593	exact RT sequences	exact RTs of that family (V-RT-SINGLE; MULTI separate)
MULTI	649	85.5261	7593	exact RT sequences	exact RTs of that family (V-RT-SINGLE; MULTI separate)
MULTI	661	86.0134	7593	exact RT sequences	exact RTs of that family (V-RT-SINGLE; MULTI separate)
MULTI	673	86.5139	7593	exact RT sequences	exact RTs of that family (V-RT-SINGLE; MULTI separate)
MULTI	686	87.0012	7593	exact RT sequences	exact RTs of that family (V-RT-SINGLE; MULTI separate)
MULTI	704	87.5016	7593	exact RT sequences	exact RTs of that family (V-RT-SINGLE; MULTI separate)
MULTI	720	88.0153	7593	exact RT sequences	exact RTs of that family (V-RT-SINGLE; MULTI separate)
MULTI	735	88.4894	7593	exact RT sequences	exact RTs of that family (V-RT-SINGLE; MULTI separate)
MULTI	749	89.003	7593	exact RT sequences	exact RTs of that family (V-RT-SINGLE; MULTI separate)
MULTI	767	89.543	7593	exact RT sequences	exact RTs of that family (V-RT-SINGLE; MULTI separate)
MULTI	783	90.004	7593	exact RT sequences	exact RTs of that family (V-RT-SINGLE; MULTI separate)
MULTI	798	90.5044	7593	exact RT sequences	exact RTs of that family (V-RT-SINGLE; MULTI separate)
MULTI	815	91.018	7593	exact RT sequences	exact RTs of that family (V-RT-SINGLE; MULTI separate)
MULTI	833	91.5185	7593	exact RT sequences	exact RTs of that family (V-RT-SINGLE; MULTI separate)
MULTI	856	91.9926	7593	exact RT sequences	exact RTs of that family (V-RT-SINGLE; MULTI separate)
MULTI	876	92.4931	7593	exact RT sequences	exact RTs of that family (V-RT-SINGLE; MULTI separate)
MULTI	899	93.0067	7593	exact RT sequences	exact RTs of that family (V-RT-SINGLE; MULTI separate)
MULTI	922	93.5203	7593	exact RT sequences	exact RTs of that family (V-RT-SINGLE; MULTI separate)
MULTI	940	93.9945	7593	exact RT sequences	exact RTs of that family (V-RT-SINGLE; MULTI separate)
MULTI	958	94.5213	7593	exact RT sequences	exact RTs of that family (V-RT-SINGLE; MULTI separate)
MULTI	977	94.9954	7593	exact RT sequences	exact RTs of that family (V-RT-SINGLE; MULTI separate)
MULTI	1004	95.509	7593	exact RT sequences	exact RTs of that family (V-RT-SINGLE; MULTI separate)
MULTI	1025	95.9963	7593	exact RT sequences	exact RTs of that family (V-RT-SINGLE; MULTI separate)
MULTI	1060	96.5099	7593	exact RT sequences	exact RTs of that family (V-RT-SINGLE; MULTI separate)
MULTI	1104	96.9972	7593	exact RT sequences	exact RTs of that family (V-RT-SINGLE; MULTI separate)
MULTI	1136	97.524	7593	exact RT sequences	exact RTs of that family (V-RT-SINGLE; MULTI separate)
MULTI	1185	98.0113	7593	exact RT sequences	exact RTs of that family (V-RT-SINGLE; MULTI separate)
MULTI	1254	98.4986	7593	exact RT sequences	exact RTs of that family (V-RT-SINGLE; MULTI separate)
MULTI	1310	98.9991	7593	exact RT sequences	exact RTs of that family (V-RT-SINGLE; MULTI separate)
MULTI	1490	99.4995	7593	exact RT sequences	exact RTs of that family (V-RT-SINGLE; MULTI separate)
MULTI	3960	100.0	7593	exact RT sequences	exact RTs of that family (V-RT-SINGLE; MULTI separate)
RVT-AbiP2	42	0.0157	6377	exact RT sequences	exact RTs of that family (V-RT-SINGLE; MULTI separate)
RVT-AbiP2	89	0.5175	6377	exact RT sequences	exact RTs of that family (V-RT-SINGLE; MULTI separate)
RVT-AbiP2	121	1.0193	6377	exact RT sequences	exact RTs of that family (V-RT-SINGLE; MULTI separate)
RVT-AbiP2	140	1.5054	6377	exact RT sequences	exact RTs of that family (V-RT-SINGLE; MULTI separate)
RVT-AbiP2	159	2.0699	6377	exact RT sequences	exact RTs of that family (V-RT-SINGLE; MULTI separate)
RVT-AbiP2	173	2.5561	6377	exact RT sequences	exact RTs of that family (V-RT-SINGLE; MULTI separate)
RVT-AbiP2	185	3.0108	6377	exact RT sequences	exact RTs of that family (V-RT-SINGLE; MULTI separate)
RVT-AbiP2	196	3.544	6377	exact RT sequences	exact RTs of that family (V-RT-SINGLE; MULTI separate)
RVT-AbiP2	205	4.0144	6377	exact RT sequences	exact RTs of that family (V-RT-SINGLE; MULTI separate)
RVT-AbiP2	211	4.5162	6377	exact RT sequences	exact RTs of that family (V-RT-SINGLE; MULTI separate)
RVT-AbiP2	217	5.018	6377	exact RT sequences	exact RTs of that family (V-RT-SINGLE; MULTI separate)
RVT-AbiP2	222	5.5355	6377	exact RT sequences	exact RTs of that family (V-RT-SINGLE; MULTI separate)
RVT-AbiP2	228	6.053	6377	exact RT sequences	exact RTs of that family (V-RT-SINGLE; MULTI separate)
RVT-AbiP2	234	6.6803	6377	exact RT sequences	exact RTs of that family (V-RT-SINGLE; MULTI separate)
RVT-AbiP2	239	7.0566	6377	exact RT sequences	exact RTs of that family (V-RT-SINGLE; MULTI separate)
RVT-AbiP2	243	7.5114	6377	exact RT sequences	exact RTs of that family (V-RT-SINGLE; MULTI separate)
RVT-AbiP2	249	8.1386	6377	exact RT sequences	exact RTs of that family (V-RT-SINGLE; MULTI separate)
RVT-AbiP2	252	8.4993	6377	exact RT sequences	exact RTs of that family (V-RT-SINGLE; MULTI separate)
RVT-AbiP2	256	9.1579	6377	exact RT sequences	exact RTs of that family (V-RT-SINGLE; MULTI separate)
RVT-AbiP2	260	9.5343	6377	exact RT sequences	exact RTs of that family (V-RT-SINGLE; MULTI separate)
RVT-AbiP2	264	10.0831	6377	exact RT sequences	exact RTs of that family (V-RT-SINGLE; MULTI separate)
RVT-AbiP2	267	10.5222	6377	exact RT sequences	exact RTs of that family (V-RT-SINGLE; MULTI separate)
RVT-AbiP2	272	11.1024	6377	exact RT sequences	exact RTs of that family (V-RT-SINGLE; MULTI separate)
RVT-AbiP2	275	11.6199	6377	exact RT sequences	exact RTs of that family (V-RT-SINGLE; MULTI separate)
RVT-AbiP2	277	12.0119	6377	exact RT sequences	exact RTs of that family (V-RT-SINGLE; MULTI separate)
RVT-AbiP2	281	12.6235	6377	exact RT sequences	exact RTs of that family (V-RT-SINGLE; MULTI separate)
RVT-AbiP2	285	13.1253	6377	exact RT sequences	exact RTs of that family (V-RT-SINGLE; MULTI separate)
RVT-AbiP2	289	13.6271	6377	exact RT sequences	exact RTs of that family (V-RT-SINGLE; MULTI separate)
RVT-AbiP2	292	14.0819	6377	exact RT sequences	exact RTs of that family (V-RT-SINGLE; MULTI separate)
RVT-AbiP2	295	14.5993	6377	exact RT sequences	exact RTs of that family (V-RT-SINGLE; MULTI separate)
RVT-AbiP2	298	15.1639	6377	exact RT sequences	exact RTs of that family (V-RT-SINGLE; MULTI separate)
RVT-AbiP2	300	15.5089	6377	exact RT sequences	exact RTs of that family (V-RT-SINGLE; MULTI separate)
RVT-AbiP2	304	16.1204	6377	exact RT sequences	exact RTs of that family (V-RT-SINGLE; MULTI separate)
RVT-AbiP2	307	16.6222	6377	exact RT sequences	exact RTs of that family (V-RT-SINGLE; MULTI separate)
RVT-AbiP2	311	17.124	6377	exact RT sequences	exact RTs of that family (V-RT-SINGLE; MULTI separate)
RVT-AbiP2	313	17.5788	6377	exact RT sequences	exact RTs of that family (V-RT-SINGLE; MULTI separate)
RVT-AbiP2	315	18.0179	6377	exact RT sequences	exact RTs of that family (V-RT-SINGLE; MULTI separate)
RVT-AbiP2	318	18.5197	6377	exact RT sequences	exact RTs of that family (V-RT-SINGLE; MULTI separate)
RVT-AbiP2	321	19.0058	6377	exact RT sequences	exact RTs of that family (V-RT-SINGLE; MULTI separate)
RVT-AbiP2	325	19.6174	6377	exact RT sequences	exact RTs of that family (V-RT-SINGLE; MULTI separate)
RVT-AbiP2	328	20.1192	6377	exact RT sequences	exact RTs of that family (V-RT-SINGLE; MULTI separate)
RVT-AbiP2	331	20.5426	6377	exact RT sequences	exact RTs of that family (V-RT-SINGLE; MULTI separate)
RVT-AbiP2	335	21.1541	6377	exact RT sequences	exact RTs of that family (V-RT-SINGLE; MULTI separate)
RVT-AbiP2	338	21.5462	6377	exact RT sequences	exact RTs of that family (V-RT-SINGLE; MULTI separate)
RVT-AbiP2	342	22.1264	6377	exact RT sequences	exact RTs of that family (V-RT-SINGLE; MULTI separate)
RVT-AbiP2	345	22.5655	6377	exact RT sequences	exact RTs of that family (V-RT-SINGLE; MULTI separate)
RVT-AbiP2	347	23.0359	6377	exact RT sequences	exact RTs of that family (V-RT-SINGLE; MULTI separate)
RVT-AbiP2	351	23.5691	6377	exact RT sequences	exact RTs of that family (V-RT-SINGLE; MULTI separate)
RVT-AbiP2	354	24.1336	6377	exact RT sequences	exact RTs of that family (V-RT-SINGLE; MULTI separate)
RVT-AbiP2	357	24.6981	6377	exact RT sequences	exact RTs of that family (V-RT-SINGLE; MULTI separate)
RVT-AbiP2	360	25.1215	6377	exact RT sequences	exact RTs of that family (V-RT-SINGLE; MULTI separate)
RVT-AbiP2	364	25.5136	6377	exact RT sequences	exact RTs of that family (V-RT-SINGLE; MULTI separate)
RVT-AbiP2	369	26.1251	6377	exact RT sequences	exact RTs of that family (V-RT-SINGLE; MULTI separate)
RVT-AbiP2	372	26.5799	6377	exact RT sequences	exact RTs of that family (V-RT-SINGLE; MULTI separate)
RVT-AbiP2	376	27.2699	6377	exact RT sequences	exact RTs of that family (V-RT-SINGLE; MULTI separate)
RVT-AbiP2	378	27.6462	6377	exact RT sequences	exact RTs of that family (V-RT-SINGLE; MULTI separate)
RVT-AbiP2	381	28.1637	6377	exact RT sequences	exact RTs of that family (V-RT-SINGLE; MULTI separate)
RVT-AbiP2	384	28.6342	6377	exact RT sequences	exact RTs of that family (V-RT-SINGLE; MULTI separate)
RVT-AbiP2	387	29.1987	6377	exact RT sequences	exact RTs of that family (V-RT-SINGLE; MULTI separate)
RVT-AbiP2	389	29.575	6377	exact RT sequences	exact RTs of that family (V-RT-SINGLE; MULTI separate)
RVT-AbiP2	392	30.0925	6377	exact RT sequences	exact RTs of that family (V-RT-SINGLE; MULTI separate)
RVT-AbiP2	395	30.5316	6377	exact RT sequences	exact RTs of that family (V-RT-SINGLE; MULTI separate)
RVT-AbiP2	399	31.0177	6377	exact RT sequences	exact RTs of that family (V-RT-SINGLE; MULTI separate)
RVT-AbiP2	402	31.5195	6377	exact RT sequences	exact RTs of that family (V-RT-SINGLE; MULTI separate)
RVT-AbiP2	407	32.037	6377	exact RT sequences	exact RTs of that family (V-RT-SINGLE; MULTI separate)
RVT-AbiP2	412	32.6329	6377	exact RT sequences	exact RTs of that family (V-RT-SINGLE; MULTI separate)
RVT-AbiP2	416	33.1817	6377	exact RT sequences	exact RTs of that family (V-RT-SINGLE; MULTI separate)
RVT-AbiP2	419	33.5581	6377	exact RT sequences	exact RTs of that family (V-RT-SINGLE; MULTI separate)
RVT-AbiP2	424	34.0599	6377	exact RT sequences	exact RTs of that family (V-RT-SINGLE; MULTI separate)
RVT-AbiP2	429	34.5303	6377	exact RT sequences	exact RTs of that family (V-RT-SINGLE; MULTI separate)
RVT-AbiP2	434	35.0792	6377	exact RT sequences	exact RTs of that family (V-RT-SINGLE; MULTI separate)
RVT-AbiP2	439	35.581	6377	exact RT sequences	exact RTs of that family (V-RT-SINGLE; MULTI separate)
RVT-AbiP2	443	36.0044	6377	exact RT sequences	exact RTs of that family (V-RT-SINGLE; MULTI separate)
RVT-AbiP2	446	36.5689	6377	exact RT sequences	exact RTs of that family (V-RT-SINGLE; MULTI separate)
RVT-AbiP2	449	37.1021	6377	exact RT sequences	exact RTs of that family (V-RT-SINGLE; MULTI separate)
RVT-AbiP2	452	37.5725	6377	exact RT sequences	exact RTs of that family (V-RT-SINGLE; MULTI separate)
RVT-AbiP2	456	38.2625	6377	exact RT sequences	exact RTs of that family (V-RT-SINGLE; MULTI separate)
RVT-AbiP2	458	38.5291	6377	exact RT sequences	exact RTs of that family (V-RT-SINGLE; MULTI separate)
RVT-AbiP2	461	39.0152	6377	exact RT sequences	exact RTs of that family (V-RT-SINGLE; MULTI separate)
RVT-AbiP2	464	39.5641	6377	exact RT sequences	exact RTs of that family (V-RT-SINGLE; MULTI separate)
RVT-AbiP2	468	40.1286	6377	exact RT sequences	exact RTs of that family (V-RT-SINGLE; MULTI separate)
RVT-AbiP2	471	40.5206	6377	exact RT sequences	exact RTs of that family (V-RT-SINGLE; MULTI separate)
RVT-AbiP2	476	41.1792	6377	exact RT sequences	exact RTs of that family (V-RT-SINGLE; MULTI separate)
RVT-AbiP2	478	41.6497	6377	exact RT sequences	exact RTs of that family (V-RT-SINGLE; MULTI separate)
RVT-AbiP2	482	42.1201	6377	exact RT sequences	exact RTs of that family (V-RT-SINGLE; MULTI separate)
RVT-AbiP2	484	42.5592	6377	exact RT sequences	exact RTs of that family (V-RT-SINGLE; MULTI separate)
RVT-AbiP2	486	43.0767	6377	exact RT sequences	exact RTs of that family (V-RT-SINGLE; MULTI separate)
RVT-AbiP2	488	43.6569	6377	exact RT sequences	exact RTs of that family (V-RT-SINGLE; MULTI separate)
RVT-AbiP2	490	44.3939	6377	exact RT sequences	exact RTs of that family (V-RT-SINGLE; MULTI separate)
RVT-AbiP2	491	45.0996	6377	exact RT sequences	exact RTs of that family (V-RT-SINGLE; MULTI separate)
RVT-AbiP2	493	45.7896	6377	exact RT sequences	exact RTs of that family (V-RT-SINGLE; MULTI separate)
RVT-AbiP2	494	46.5579	6377	exact RT sequences	exact RTs of that family (V-RT-SINGLE; MULTI separate)
RVT-AbiP2	495	47.1225	6377	exact RT sequences	exact RTs of that family (V-RT-SINGLE; MULTI separate)
RVT-AbiP2	496	47.5929	6377	exact RT sequences	exact RTs of that family (V-RT-SINGLE; MULTI separate)
RVT-AbiP2	497	48.2672	6377	exact RT sequences	exact RTs of that family (V-RT-SINGLE; MULTI separate)
RVT-AbiP2	498	51.0899	6377	exact RT sequences	exact RTs of that family (V-RT-SINGLE; MULTI separate)
RVT-AbiP2	499	52.8618	6377	exact RT sequences	exact RTs of that family (V-RT-SINGLE; MULTI separate)
RVT-AbiP2	500	54.0536	6377	exact RT sequences	exact RTs of that family (V-RT-SINGLE; MULTI separate)
RVT-AbiP2	501	55.512	6377	exact RT sequences	exact RTs of that family (V-RT-SINGLE; MULTI separate)
RVT-AbiP2	502	56.594	6377	exact RT sequences	exact RTs of that family (V-RT-SINGLE; MULTI separate)
RVT-AbiP2	503	57.2683	6377	exact RT sequences	exact RTs of that family (V-RT-SINGLE; MULTI separate)
RVT-AbiP2	504	58.3346	6377	exact RT sequences	exact RTs of that family (V-RT-SINGLE; MULTI separate)
RVT-AbiP2	505	59.103	6377	exact RT sequences	exact RTs of that family (V-RT-SINGLE; MULTI separate)
RVT-AbiP2	506	60.138	6377	exact RT sequences	exact RTs of that family (V-RT-SINGLE; MULTI separate)
RVT-AbiP2	507	62.3491	6377	exact RT sequences	exact RTs of that family (V-RT-SINGLE; MULTI separate)
RVT-AbiP2	508	64.0427	6377	exact RT sequences	exact RTs of that family (V-RT-SINGLE; MULTI separate)
RVT-AbiP2	509	65.0463	6377	exact RT sequences	exact RTs of that family (V-RT-SINGLE; MULTI separate)
RVT-AbiP2	510	65.8617	6377	exact RT sequences	exact RTs of that family (V-RT-SINGLE; MULTI separate)
RVT-AbiP2	511	66.8026	6377	exact RT sequences	exact RTs of that family (V-RT-SINGLE; MULTI separate)
RVT-AbiP2	512	68.6059	6377	exact RT sequences	exact RTs of that family (V-RT-SINGLE; MULTI separate)
RVT-AbiP2	513	69.9702	6377	exact RT sequences	exact RTs of that family (V-RT-SINGLE; MULTI separate)
RVT-AbiP2	514	72.3538	6377	exact RT sequences	exact RTs of that family (V-RT-SINGLE; MULTI separate)
RVT-AbiP2	515	73.8121	6377	exact RT sequences	exact RTs of that family (V-RT-SINGLE; MULTI separate)
RVT-AbiP2	516	74.2826	6377	exact RT sequences	exact RTs of that family (V-RT-SINGLE; MULTI separate)
RVT-AbiP2	517	75.0039	6377	exact RT sequences	exact RTs of that family (V-RT-SINGLE; MULTI separate)
RVT-AbiP2	519	75.6312	6377	exact RT sequences	exact RTs of that family (V-RT-SINGLE; MULTI separate)
RVT-AbiP2	520	76.1643	6377	exact RT sequences	exact RTs of that family (V-RT-SINGLE; MULTI separate)
RVT-AbiP2	521	76.5407	6377	exact RT sequences	exact RTs of that family (V-RT-SINGLE; MULTI separate)
RVT-AbiP2	523	77.1836	6377	exact RT sequences	exact RTs of that family (V-RT-SINGLE; MULTI separate)
RVT-AbiP2	525	77.6854	6377	exact RT sequences	exact RTs of that family (V-RT-SINGLE; MULTI separate)
RVT-AbiP2	526	78.0304	6377	exact RT sequences	exact RTs of that family (V-RT-SINGLE; MULTI separate)
RVT-AbiP2	528	78.6263	6377	exact RT sequences	exact RTs of that family (V-RT-SINGLE; MULTI separate)
RVT-AbiP2	530	79.0968	6377	exact RT sequences	exact RTs of that family (V-RT-SINGLE; MULTI separate)
RVT-AbiP2	533	79.6299	6377	exact RT sequences	exact RTs of that family (V-RT-SINGLE; MULTI separate)
RVT-AbiP2	536	80.2572	6377	exact RT sequences	exact RTs of that family (V-RT-SINGLE; MULTI separate)
RVT-AbiP2	537	81.0883	6377	exact RT sequences	exact RTs of that family (V-RT-SINGLE; MULTI separate)
RVT-AbiP2	539	81.5901	6377	exact RT sequences	exact RTs of that family (V-RT-SINGLE; MULTI separate)
RVT-AbiP2	540	82.4996	6377	exact RT sequences	exact RTs of that family (V-RT-SINGLE; MULTI separate)
RVT-AbiP2	540	82.4996	6377	exact RT sequences	exact RTs of that family (V-RT-SINGLE; MULTI separate)
RVT-AbiP2	544	83.2053	6377	exact RT sequences	exact RTs of that family (V-RT-SINGLE; MULTI separate)
RVT-AbiP2	546	83.5973	6377	exact RT sequences	exact RTs of that family (V-RT-SINGLE; MULTI separate)
RVT-AbiP2	548	84.2089	6377	exact RT sequences	exact RTs of that family (V-RT-SINGLE; MULTI separate)
RVT-AbiP2	550	84.5225	6377	exact RT sequences	exact RTs of that family (V-RT-SINGLE; MULTI separate)
RVT-AbiP2	551	85.0557	6377	exact RT sequences	exact RTs of that family (V-RT-SINGLE; MULTI separate)
RVT-AbiP2	553	85.6359	6377	exact RT sequences	exact RTs of that family (V-RT-SINGLE; MULTI separate)
RVT-AbiP2	555	86.6081	6377	exact RT sequences	exact RTs of that family (V-RT-SINGLE; MULTI separate)
RVT-AbiP2	557	87.2197	6377	exact RT sequences	exact RTs of that family (V-RT-SINGLE; MULTI separate)
RVT-AbiP2	560	87.5647	6377	exact RT sequences	exact RTs of that family (V-RT-SINGLE; MULTI separate)
RVT-AbiP2	563	88.0665	6377	exact RT sequences	exact RTs of that family (V-RT-SINGLE; MULTI separate)
RVT-AbiP2	566	88.6624	6377	exact RT sequences	exact RTs of that family (V-RT-SINGLE; MULTI separate)
RVT-AbiP2	568	89.0544	6377	exact RT sequences	exact RTs of that family (V-RT-SINGLE; MULTI separate)
RVT-AbiP2	570	91.4066	6377	exact RT sequences	exact RTs of that family (V-RT-SINGLE; MULTI separate)
RVT-AbiP2	571	92.1907	6377	exact RT sequences	exact RTs of that family (V-RT-SINGLE; MULTI separate)
RVT-AbiP2	572	93.4922	6377	exact RT sequences	exact RTs of that family (V-RT-SINGLE; MULTI separate)
RVT-AbiP2	572	93.4922	6377	exact RT sequences	exact RTs of that family (V-RT-SINGLE; MULTI separate)
RVT-AbiP2	575	94.0411	6377	exact RT sequences	exact RTs of that family (V-RT-SINGLE; MULTI separate)
RVT-AbiP2	579	94.637	6377	exact RT sequences	exact RTs of that family (V-RT-SINGLE; MULTI separate)
RVT-AbiP2	583	95.0133	6377	exact RT sequences	exact RTs of that family (V-RT-SINGLE; MULTI separate)
RVT-AbiP2	587	96.3462	6377	exact RT sequences	exact RTs of that family (V-RT-SINGLE; MULTI separate)
RVT-AbiP2	591	96.5031	6377	exact RT sequences	exact RTs of that family (V-RT-SINGLE; MULTI separate)
RVT-AbiP2	601	97.0519	6377	exact RT sequences	exact RTs of that family (V-RT-SINGLE; MULTI separate)
RVT-AbiP2	613	97.491	6377	exact RT sequences	exact RTs of that family (V-RT-SINGLE; MULTI separate)
RVT-AbiP2	627	98.0085	6377	exact RT sequences	exact RTs of that family (V-RT-SINGLE; MULTI separate)
RVT-AbiP2	653	98.5103	6377	exact RT sequences	exact RTs of that family (V-RT-SINGLE; MULTI separate)
RVT-AbiP2	744	99.0121	6377	exact RT sequences	exact RTs of that family (V-RT-SINGLE; MULTI separate)
RVT-AbiP2	993	99.4982	6377	exact RT sequences	exact RTs of that family (V-RT-SINGLE; MULTI separate)
RVT-AbiP2	2129	100.0	6377	exact RT sequences	exact RTs of that family (V-RT-SINGLE; MULTI separate)
RVT-CRISPR	42	0.0248	4035	exact RT sequences	exact RTs of that family (V-RT-SINGLE; MULTI separate)
RVT-CRISPR	89	0.5204	4035	exact RT sequences	exact RTs of that family (V-RT-SINGLE; MULTI separate)
RVT-CRISPR	103	1.0161	4035	exact RT sequences	exact RTs of that family (V-RT-SINGLE; MULTI separate)
RVT-CRISPR	116	1.5118	4035	exact RT sequences	exact RTs of that family (V-RT-SINGLE; MULTI separate)
RVT-CRISPR	126	2.0074	4035	exact RT sequences	exact RTs of that family (V-RT-SINGLE; MULTI separate)
RVT-CRISPR	134	2.5527	4035	exact RT sequences	exact RTs of that family (V-RT-SINGLE; MULTI separate)
RVT-CRISPR	140	3.0483	4035	exact RT sequences	exact RTs of that family (V-RT-SINGLE; MULTI separate)
RVT-CRISPR	148	3.544	4035	exact RT sequences	exact RTs of that family (V-RT-SINGLE; MULTI separate)
RVT-CRISPR	155	4.0149	4035	exact RT sequences	exact RTs of that family (V-RT-SINGLE; MULTI separate)
RVT-CRISPR	162	4.5601	4035	exact RT sequences	exact RTs of that family (V-RT-SINGLE; MULTI separate)
RVT-CRISPR	171	5.031	4035	exact RT sequences	exact RTs of that family (V-RT-SINGLE; MULTI separate)
RVT-CRISPR	182	5.5019	4035	exact RT sequences	exact RTs of that family (V-RT-SINGLE; MULTI separate)
RVT-CRISPR	191	6.0471	4035	exact RT sequences	exact RTs of that family (V-RT-SINGLE; MULTI separate)
RVT-CRISPR	198	6.518	4035	exact RT sequences	exact RTs of that family (V-RT-SINGLE; MULTI separate)
RVT-CRISPR	204	7.0136	4035	exact RT sequences	exact RTs of that family (V-RT-SINGLE; MULTI separate)
RVT-CRISPR	212	7.5341	4035	exact RT sequences	exact RTs of that family (V-RT-SINGLE; MULTI separate)
RVT-CRISPR	219	8.0545	4035	exact RT sequences	exact RTs of that family (V-RT-SINGLE; MULTI separate)
RVT-CRISPR	226	8.5254	4035	exact RT sequences	exact RTs of that family (V-RT-SINGLE; MULTI separate)
RVT-CRISPR	234	9.0706	4035	exact RT sequences	exact RTs of that family (V-RT-SINGLE; MULTI separate)
RVT-CRISPR	243	9.5167	4035	exact RT sequences	exact RTs of that family (V-RT-SINGLE; MULTI separate)
RVT-CRISPR	249	10.0124	4035	exact RT sequences	exact RTs of that family (V-RT-SINGLE; MULTI separate)
RVT-CRISPR	256	10.7063	4035	exact RT sequences	exact RTs of that family (V-RT-SINGLE; MULTI separate)
RVT-CRISPR	261	11.0037	4035	exact RT sequences	exact RTs of that family (V-RT-SINGLE; MULTI separate)
RVT-CRISPR	269	11.4994	4035	exact RT sequences	exact RTs of that family (V-RT-SINGLE; MULTI separate)
RVT-CRISPR	275	12.2677	4035	exact RT sequences	exact RTs of that family (V-RT-SINGLE; MULTI separate)
RVT-CRISPR	277	12.7138	4035	exact RT sequences	exact RTs of that family (V-RT-SINGLE; MULTI separate)
RVT-CRISPR	279	13.7051	4035	exact RT sequences	exact RTs of that family (V-RT-SINGLE; MULTI separate)
RVT-CRISPR	280	14.3742	4035	exact RT sequences	exact RTs of that family (V-RT-SINGLE; MULTI separate)
RVT-CRISPR	281	14.8451	4035	exact RT sequences	exact RTs of that family (V-RT-SINGLE; MULTI separate)
RVT-CRISPR	282	15.5143	4035	exact RT sequences	exact RTs of that family (V-RT-SINGLE; MULTI separate)
RVT-CRISPR	282	15.5143	4035	exact RT sequences	exact RTs of that family (V-RT-SINGLE; MULTI separate)
RVT-CRISPR	284	16.2577	4035	exact RT sequences	exact RTs of that family (V-RT-SINGLE; MULTI separate)
RVT-CRISPR	286	16.7286	4035	exact RT sequences	exact RTs of that family (V-RT-SINGLE; MULTI separate)
RVT-CRISPR	287	17.0012	4035	exact RT sequences	exact RTs of that family (V-RT-SINGLE; MULTI separate)
RVT-CRISPR	290	17.6704	4035	exact RT sequences	exact RTs of that family (V-RT-SINGLE; MULTI separate)
RVT-CRISPR	292	18.3395	4035	exact RT sequences	exact RTs of that family (V-RT-SINGLE; MULTI separate)
RVT-CRISPR	293	18.7113	4035	exact RT sequences	exact RTs of that family (V-RT-SINGLE; MULTI separate)
RVT-CRISPR	295	19.2317	4035	exact RT sequences	exact RTs of that family (V-RT-SINGLE; MULTI separate)
RVT-CRISPR	296	19.5787	4035	exact RT sequences	exact RTs of that family (V-RT-SINGLE; MULTI separate)
RVT-CRISPR	298	20.0991	4035	exact RT sequences	exact RTs of that family (V-RT-SINGLE; MULTI separate)
RVT-CRISPR	300	21.4126	4035	exact RT sequences	exact RTs of that family (V-RT-SINGLE; MULTI separate)
RVT-CRISPR	301	21.9083	4035	exact RT sequences	exact RTs of that family (V-RT-SINGLE; MULTI separate)
RVT-CRISPR	302	22.7014	4035	exact RT sequences	exact RTs of that family (V-RT-SINGLE; MULTI separate)
RVT-CRISPR	303	23.4696	4035	exact RT sequences	exact RTs of that family (V-RT-SINGLE; MULTI separate)
RVT-CRISPR	304	24.1388	4035	exact RT sequences	exact RTs of that family (V-RT-SINGLE; MULTI separate)
RVT-CRISPR	305	24.6344	4035	exact RT sequences	exact RTs of that family (V-RT-SINGLE; MULTI separate)
RVT-CRISPR	306	25.3532	4035	exact RT sequences	exact RTs of that family (V-RT-SINGLE; MULTI separate)
RVT-CRISPR	307	25.9975	4035	exact RT sequences	exact RTs of that family (V-RT-SINGLE; MULTI separate)
RVT-CRISPR	307	25.9975	4035	exact RT sequences	exact RTs of that family (V-RT-SINGLE; MULTI separate)
RVT-CRISPR	309	27.2615	4035	exact RT sequences	exact RTs of that family (V-RT-SINGLE; MULTI separate)
RVT-CRISPR	310	27.9058	4035	exact RT sequences	exact RTs of that family (V-RT-SINGLE; MULTI separate)
RVT-CRISPR	311	28.5502	4035	exact RT sequences	exact RTs of that family (V-RT-SINGLE; MULTI separate)
RVT-CRISPR	312	29.0211	4035	exact RT sequences	exact RTs of that family (V-RT-SINGLE; MULTI separate)
RVT-CRISPR	314	29.5911	4035	exact RT sequences	exact RTs of that family (V-RT-SINGLE; MULTI separate)
RVT-CRISPR	316	30.3594	4035	exact RT sequences	exact RTs of that family (V-RT-SINGLE; MULTI separate)
RVT-CRISPR	317	30.8055	4035	exact RT sequences	exact RTs of that family (V-RT-SINGLE; MULTI separate)
RVT-CRISPR	318	31.3755	4035	exact RT sequences	exact RTs of that family (V-RT-SINGLE; MULTI separate)
RVT-CRISPR	319	31.8463	4035	exact RT sequences	exact RTs of that family (V-RT-SINGLE; MULTI separate)
RVT-CRISPR	320	32.1437	4035	exact RT sequences	exact RTs of that family (V-RT-SINGLE; MULTI separate)
RVT-CRISPR	322	32.8872	4035	exact RT sequences	exact RTs of that family (V-RT-SINGLE; MULTI separate)
RVT-CRISPR	323	33.1103	4035	exact RT sequences	exact RTs of that family (V-RT-SINGLE; MULTI separate)
RVT-CRISPR	325	33.6059	4035	exact RT sequences	exact RTs of that family (V-RT-SINGLE; MULTI separate)
RVT-CRISPR	327	34.1016	4035	exact RT sequences	exact RTs of that family (V-RT-SINGLE; MULTI separate)
RVT-CRISPR	330	34.5229	4035	exact RT sequences	exact RTs of that family (V-RT-SINGLE; MULTI separate)
RVT-CRISPR	332	35.1177	4035	exact RT sequences	exact RTs of that family (V-RT-SINGLE; MULTI separate)
RVT-CRISPR	335	35.6629	4035	exact RT sequences	exact RTs of that family (V-RT-SINGLE; MULTI separate)
RVT-CRISPR	338	36.2825	4035	exact RT sequences	exact RTs of that family (V-RT-SINGLE; MULTI separate)
RVT-CRISPR	340	36.6791	4035	exact RT sequences	exact RTs of that family (V-RT-SINGLE; MULTI separate)
RVT-CRISPR	342	37.0012	4035	exact RT sequences	exact RTs of that family (V-RT-SINGLE; MULTI separate)
RVT-CRISPR	347	37.5465	4035	exact RT sequences	exact RTs of that family (V-RT-SINGLE; MULTI separate)
RVT-CRISPR	353	38.0173	4035	exact RT sequences	exact RTs of that family (V-RT-SINGLE; MULTI separate)
RVT-CRISPR	358	38.513	4035	exact RT sequences	exact RTs of that family (V-RT-SINGLE; MULTI separate)
RVT-CRISPR	364	39.0087	4035	exact RT sequences	exact RTs of that family (V-RT-SINGLE; MULTI separate)
RVT-CRISPR	371	39.6035	4035	exact RT sequences	exact RTs of that family (V-RT-SINGLE; MULTI separate)
RVT-CRISPR	374	40.0991	4035	exact RT sequences	exact RTs of that family (V-RT-SINGLE; MULTI separate)
RVT-CRISPR	382	40.4957	4035	exact RT sequences	exact RTs of that family (V-RT-SINGLE; MULTI separate)
RVT-CRISPR	389	41.0161	4035	exact RT sequences	exact RTs of that family (V-RT-SINGLE; MULTI separate)
RVT-CRISPR	397	41.5861	4035	exact RT sequences	exact RTs of that family (V-RT-SINGLE; MULTI separate)
RVT-CRISPR	402	42.0818	4035	exact RT sequences	exact RTs of that family (V-RT-SINGLE; MULTI separate)
RVT-CRISPR	407	42.5774	4035	exact RT sequences	exact RTs of that family (V-RT-SINGLE; MULTI separate)
RVT-CRISPR	411	43.0483	4035	exact RT sequences	exact RTs of that family (V-RT-SINGLE; MULTI separate)
RVT-CRISPR	417	43.5192	4035	exact RT sequences	exact RTs of that family (V-RT-SINGLE; MULTI separate)
RVT-CRISPR	423	44.0149	4035	exact RT sequences	exact RTs of that family (V-RT-SINGLE; MULTI separate)
RVT-CRISPR	428	44.5105	4035	exact RT sequences	exact RTs of that family (V-RT-SINGLE; MULTI separate)
RVT-CRISPR	431	45.0062	4035	exact RT sequences	exact RTs of that family (V-RT-SINGLE; MULTI separate)
RVT-CRISPR	436	45.6506	4035	exact RT sequences	exact RTs of that family (V-RT-SINGLE; MULTI separate)
RVT-CRISPR	438	46.0471	4035	exact RT sequences	exact RTs of that family (V-RT-SINGLE; MULTI separate)
RVT-CRISPR	443	46.518	4035	exact RT sequences	exact RTs of that family (V-RT-SINGLE; MULTI separate)
RVT-CRISPR	445	46.9888	4035	exact RT sequences	exact RTs of that family (V-RT-SINGLE; MULTI separate)
RVT-CRISPR	450	47.5589	4035	exact RT sequences	exact RTs of that family (V-RT-SINGLE; MULTI separate)
RVT-CRISPR	454	48.005	4035	exact RT sequences	exact RTs of that family (V-RT-SINGLE; MULTI separate)
RVT-CRISPR	458	48.5006	4035	exact RT sequences	exact RTs of that family (V-RT-SINGLE; MULTI separate)
RVT-CRISPR	461	49.0954	4035	exact RT sequences	exact RTs of that family (V-RT-SINGLE; MULTI separate)
RVT-CRISPR	464	49.4919	4035	exact RT sequences	exact RTs of that family (V-RT-SINGLE; MULTI separate)
RVT-CRISPR	468	50.0372	4035	exact RT sequences	exact RTs of that family (V-RT-SINGLE; MULTI separate)
RVT-CRISPR	470	50.6072	4035	exact RT sequences	exact RTs of that family (V-RT-SINGLE; MULTI separate)
RVT-CRISPR	472	51.1029	4035	exact RT sequences	exact RTs of that family (V-RT-SINGLE; MULTI separate)
RVT-CRISPR	475	51.4994	4035	exact RT sequences	exact RTs of that family (V-RT-SINGLE; MULTI separate)
RVT-CRISPR	481	52.0694	4035	exact RT sequences	exact RTs of that family (V-RT-SINGLE; MULTI separate)
RVT-CRISPR	485	52.4907	4035	exact RT sequences	exact RTs of that family (V-RT-SINGLE; MULTI separate)
RVT-CRISPR	495	53.0607	4035	exact RT sequences	exact RTs of that family (V-RT-SINGLE; MULTI separate)
RVT-CRISPR	503	53.5068	4035	exact RT sequences	exact RTs of that family (V-RT-SINGLE; MULTI separate)
RVT-CRISPR	513	54.0273	4035	exact RT sequences	exact RTs of that family (V-RT-SINGLE; MULTI separate)
RVT-CRISPR	524	54.5477	4035	exact RT sequences	exact RTs of that family (V-RT-SINGLE; MULTI separate)
RVT-CRISPR	532	54.9938	4035	exact RT sequences	exact RTs of that family (V-RT-SINGLE; MULTI separate)
RVT-CRISPR	540	55.4895	4035	exact RT sequences	exact RTs of that family (V-RT-SINGLE; MULTI separate)
RVT-CRISPR	549	56.0099	4035	exact RT sequences	exact RTs of that family (V-RT-SINGLE; MULTI separate)
RVT-CRISPR	559	56.5304	4035	exact RT sequences	exact RTs of that family (V-RT-SINGLE; MULTI separate)
RVT-CRISPR	569	57.0012	4035	exact RT sequences	exact RTs of that family (V-RT-SINGLE; MULTI separate)
RVT-CRISPR	580	57.4969	4035	exact RT sequences	exact RTs of that family (V-RT-SINGLE; MULTI separate)
RVT-CRISPR	594	58.0173	4035	exact RT sequences	exact RTs of that family (V-RT-SINGLE; MULTI separate)
RVT-CRISPR	608	58.513	4035	exact RT sequences	exact RTs of that family (V-RT-SINGLE; MULTI separate)
RVT-CRISPR	617	59.083	4035	exact RT sequences	exact RTs of that family (V-RT-SINGLE; MULTI separate)
RVT-CRISPR	628	59.5043	4035	exact RT sequences	exact RTs of that family (V-RT-SINGLE; MULTI separate)
RVT-CRISPR	638	60.0	4035	exact RT sequences	exact RTs of that family (V-RT-SINGLE; MULTI separate)
RVT-CRISPR	644	60.5204	4035	exact RT sequences	exact RTs of that family (V-RT-SINGLE; MULTI separate)
RVT-CRISPR	651	61.0409	4035	exact RT sequences	exact RTs of that family (V-RT-SINGLE; MULTI separate)
RVT-CRISPR	657	61.5861	4035	exact RT sequences	exact RTs of that family (V-RT-SINGLE; MULTI separate)
RVT-CRISPR	660	62.0818	4035	exact RT sequences	exact RTs of that family (V-RT-SINGLE; MULTI separate)
RVT-CRISPR	662	62.5031	4035	exact RT sequences	exact RTs of that family (V-RT-SINGLE; MULTI separate)
RVT-CRISPR	666	63.0483	4035	exact RT sequences	exact RTs of that family (V-RT-SINGLE; MULTI separate)
RVT-CRISPR	671	63.5936	4035	exact RT sequences	exact RTs of that family (V-RT-SINGLE; MULTI separate)
RVT-CRISPR	673	63.9901	4035	exact RT sequences	exact RTs of that family (V-RT-SINGLE; MULTI separate)
RVT-CRISPR	676	64.7831	4035	exact RT sequences	exact RTs of that family (V-RT-SINGLE; MULTI separate)
RVT-CRISPR	678	65.0062	4035	exact RT sequences	exact RTs of that family (V-RT-SINGLE; MULTI separate)
RVT-CRISPR	682	65.6753	4035	exact RT sequences	exact RTs of that family (V-RT-SINGLE; MULTI separate)
RVT-CRISPR	686	66.0719	4035	exact RT sequences	exact RTs of that family (V-RT-SINGLE; MULTI separate)
RVT-CRISPR	689	66.5428	4035	exact RT sequences	exact RTs of that family (V-RT-SINGLE; MULTI separate)
RVT-CRISPR	694	67.2367	4035	exact RT sequences	exact RTs of that family (V-RT-SINGLE; MULTI separate)
RVT-CRISPR	696	67.4845	4035	exact RT sequences	exact RTs of that family (V-RT-SINGLE; MULTI separate)
RVT-CRISPR	702	68.0297	4035	exact RT sequences	exact RTs of that family (V-RT-SINGLE; MULTI separate)
RVT-CRISPR	710	68.5006	4035	exact RT sequences	exact RTs of that family (V-RT-SINGLE; MULTI separate)
RVT-CRISPR	719	69.0954	4035	exact RT sequences	exact RTs of that family (V-RT-SINGLE; MULTI separate)
RVT-CRISPR	727	69.7398	4035	exact RT sequences	exact RTs of that family (V-RT-SINGLE; MULTI separate)
RVT-CRISPR	729	69.9876	4035	exact RT sequences	exact RTs of that family (V-RT-SINGLE; MULTI separate)
RVT-CRISPR	735	70.7807	4035	exact RT sequences	exact RTs of that family (V-RT-SINGLE; MULTI separate)
RVT-CRISPR	737	71.1772	4035	exact RT sequences	exact RTs of that family (V-RT-SINGLE; MULTI separate)
RVT-CRISPR	739	71.4994	4035	exact RT sequences	exact RTs of that family (V-RT-SINGLE; MULTI separate)
RVT-CRISPR	742	72.0446	4035	exact RT sequences	exact RTs of that family (V-RT-SINGLE; MULTI separate)
RVT-CRISPR	743	72.9368	4035	exact RT sequences	exact RTs of that family (V-RT-SINGLE; MULTI separate)
RVT-CRISPR	744	74.6221	4035	exact RT sequences	exact RTs of that family (V-RT-SINGLE; MULTI separate)
RVT-CRISPR	745	74.9938	4035	exact RT sequences	exact RTs of that family (V-RT-SINGLE; MULTI separate)
RVT-CRISPR	748	75.6134	4035	exact RT sequences	exact RTs of that family (V-RT-SINGLE; MULTI separate)
RVT-CRISPR	752	76.3569	4035	exact RT sequences	exact RTs of that family (V-RT-SINGLE; MULTI separate)
RVT-CRISPR	753	76.5799	4035	exact RT sequences	exact RTs of that family (V-RT-SINGLE; MULTI separate)
RVT-CRISPR	755	77.5713	4035	exact RT sequences	exact RTs of that family (V-RT-SINGLE; MULTI separate)
RVT-CRISPR	756	79.8017	4035	exact RT sequences	exact RTs of that family (V-RT-SINGLE; MULTI separate)
RVT-CRISPR	757	80.4461	4035	exact RT sequences	exact RTs of that family (V-RT-SINGLE; MULTI separate)
RVT-CRISPR	758	80.8674	4035	exact RT sequences	exact RTs of that family (V-RT-SINGLE; MULTI separate)
RVT-CRISPR	759	81.1896	4035	exact RT sequences	exact RTs of that family (V-RT-SINGLE; MULTI separate)
RVT-CRISPR	760	81.5366	4035	exact RT sequences	exact RTs of that family (V-RT-SINGLE; MULTI separate)
RVT-CRISPR	762	82.3544	4035	exact RT sequences	exact RTs of that family (V-RT-SINGLE; MULTI separate)
RVT-CRISPR	763	82.6022	4035	exact RT sequences	exact RTs of that family (V-RT-SINGLE; MULTI separate)
RVT-CRISPR	767	83.1475	4035	exact RT sequences	exact RTs of that family (V-RT-SINGLE; MULTI separate)
RVT-CRISPR	769	83.5192	4035	exact RT sequences	exact RTs of that family (V-RT-SINGLE; MULTI separate)
RVT-CRISPR	775	83.9901	4035	exact RT sequences	exact RTs of that family (V-RT-SINGLE; MULTI separate)
RVT-CRISPR	780	84.5105	4035	exact RT sequences	exact RTs of that family (V-RT-SINGLE; MULTI separate)
RVT-CRISPR	786	84.9814	4035	exact RT sequences	exact RTs of that family (V-RT-SINGLE; MULTI separate)
RVT-CRISPR	797	85.5762	4035	exact RT sequences	exact RTs of that family (V-RT-SINGLE; MULTI separate)
RVT-CRISPR	803	85.9975	4035	exact RT sequences	exact RTs of that family (V-RT-SINGLE; MULTI separate)
RVT-CRISPR	825	86.4932	4035	exact RT sequences	exact RTs of that family (V-RT-SINGLE; MULTI separate)
RVT-CRISPR	848	86.9888	4035	exact RT sequences	exact RTs of that family (V-RT-SINGLE; MULTI separate)
RVT-CRISPR	859	87.4845	4035	exact RT sequences	exact RTs of that family (V-RT-SINGLE; MULTI separate)
RVT-CRISPR	880	88.0297	4035	exact RT sequences	exact RTs of that family (V-RT-SINGLE; MULTI separate)
RVT-CRISPR	898	88.5254	4035	exact RT sequences	exact RTs of that family (V-RT-SINGLE; MULTI separate)
RVT-CRISPR	916	88.9963	4035	exact RT sequences	exact RTs of that family (V-RT-SINGLE; MULTI separate)
RVT-CRISPR	928	89.5167	4035	exact RT sequences	exact RTs of that family (V-RT-SINGLE; MULTI separate)
RVT-CRISPR	933	90.1115	4035	exact RT sequences	exact RTs of that family (V-RT-SINGLE; MULTI separate)
RVT-CRISPR	935	90.632	4035	exact RT sequences	exact RTs of that family (V-RT-SINGLE; MULTI separate)
RVT-CRISPR	936	91.0037	4035	exact RT sequences	exact RTs of that family (V-RT-SINGLE; MULTI separate)
RVT-CRISPR	938	91.5737	4035	exact RT sequences	exact RTs of that family (V-RT-SINGLE; MULTI separate)
RVT-CRISPR	939	92.3172	4035	exact RT sequences	exact RTs of that family (V-RT-SINGLE; MULTI separate)
RVT-CRISPR	940	92.5651	4035	exact RT sequences	exact RTs of that family (V-RT-SINGLE; MULTI separate)
RVT-CRISPR	943	93.1351	4035	exact RT sequences	exact RTs of that family (V-RT-SINGLE; MULTI separate)
RVT-CRISPR	945	93.6803	4035	exact RT sequences	exact RTs of that family (V-RT-SINGLE; MULTI separate)
RVT-CRISPR	946	95.0434	4035	exact RT sequences	exact RTs of that family (V-RT-SINGLE; MULTI separate)
RVT-CRISPR	953	95.6382	4035	exact RT sequences	exact RTs of that family (V-RT-SINGLE; MULTI separate)
RVT-CRISPR	955	95.9851	4035	exact RT sequences	exact RTs of that family (V-RT-SINGLE; MULTI separate)
RVT-CRISPR	960	96.4808	4035	exact RT sequences	exact RTs of that family (V-RT-SINGLE; MULTI separate)
RVT-CRISPR	962	97.1995	4035	exact RT sequences	exact RTs of that family (V-RT-SINGLE; MULTI separate)
RVT-CRISPR	967	97.5465	4035	exact RT sequences	exact RTs of that family (V-RT-SINGLE; MULTI separate)
RVT-CRISPR	978	97.9926	4035	exact RT sequences	exact RTs of that family (V-RT-SINGLE; MULTI separate)
RVT-CRISPR	1004	98.5378	4035	exact RT sequences	exact RTs of that family (V-RT-SINGLE; MULTI separate)
RVT-CRISPR	1024	98.9839	4035	exact RT sequences	exact RTs of that family (V-RT-SINGLE; MULTI separate)
RVT-CRISPR	1100	99.4796	4035	exact RT sequences	exact RTs of that family (V-RT-SINGLE; MULTI separate)
RVT-CRISPR	2087	100.0	4035	exact RT sequences	exact RTs of that family (V-RT-SINGLE; MULTI separate)
RVT-DGRs	30	0.0013	76111	exact RT sequences	exact RTs of that family (V-RT-SINGLE; MULTI separate)
RVT-DGRs	84	0.5269	76111	exact RT sequences	exact RTs of that family (V-RT-SINGLE; MULTI separate)
RVT-DGRs	101	1.0196	76111	exact RT sequences	exact RTs of that family (V-RT-SINGLE; MULTI separate)
RVT-DGRs	114	1.5254	76111	exact RT sequences	exact RTs of that family (V-RT-SINGLE; MULTI separate)
RVT-DGRs	122	2.0575	76111	exact RT sequences	exact RTs of that family (V-RT-SINGLE; MULTI separate)
RVT-DGRs	128	2.5266	76111	exact RT sequences	exact RTs of that family (V-RT-SINGLE; MULTI separate)
RVT-DGRs	133	3.0101	76111	exact RT sequences	exact RTs of that family (V-RT-SINGLE; MULTI separate)
RVT-DGRs	139	3.5356	76111	exact RT sequences	exact RTs of that family (V-RT-SINGLE; MULTI separate)
RVT-DGRs	144	4.1006	76111	exact RT sequences	exact RTs of that family (V-RT-SINGLE; MULTI separate)
RVT-DGRs	149	4.6064	76111	exact RT sequences	exact RTs of that family (V-RT-SINGLE; MULTI separate)
RVT-DGRs	153	5.0584	76111	exact RT sequences	exact RTs of that family (V-RT-SINGLE; MULTI separate)
RVT-DGRs	157	5.5261	76111	exact RT sequences	exact RTs of that family (V-RT-SINGLE; MULTI separate)
RVT-DGRs	162	6.074	76111	exact RT sequences	exact RTs of that family (V-RT-SINGLE; MULTI separate)
RVT-DGRs	166	6.5759	76111	exact RT sequences	exact RTs of that family (V-RT-SINGLE; MULTI separate)
RVT-DGRs	170	7.0226	76111	exact RT sequences	exact RTs of that family (V-RT-SINGLE; MULTI separate)
RVT-DGRs	174	7.5442	76111	exact RT sequences	exact RTs of that family (V-RT-SINGLE; MULTI separate)
RVT-DGRs	179	8.0711	76111	exact RT sequences	exact RTs of that family (V-RT-SINGLE; MULTI separate)
RVT-DGRs	183	8.5231	76111	exact RT sequences	exact RTs of that family (V-RT-SINGLE; MULTI separate)
RVT-DGRs	187	9.0591	76111	exact RT sequences	exact RTs of that family (V-RT-SINGLE; MULTI separate)
RVT-DGRs	191	9.6241	76111	exact RT sequences	exact RTs of that family (V-RT-SINGLE; MULTI separate)
RVT-DGRs	194	10.0432	76111	exact RT sequences	exact RTs of that family (V-RT-SINGLE; MULTI separate)
RVT-DGRs	198	10.5635	76111	exact RT sequences	exact RTs of that family (V-RT-SINGLE; MULTI separate)
RVT-DGRs	202	11.0615	76111	exact RT sequences	exact RTs of that family (V-RT-SINGLE; MULTI separate)
RVT-DGRs	206	11.5713	76111	exact RT sequences	exact RTs of that family (V-RT-SINGLE; MULTI separate)
RVT-DGRs	210	12.0272	76111	exact RT sequences	exact RTs of that family (V-RT-SINGLE; MULTI separate)
RVT-DGRs	214	12.5172	76111	exact RT sequences	exact RTs of that family (V-RT-SINGLE; MULTI separate)
RVT-DGRs	218	13.0126	76111	exact RT sequences	exact RTs of that family (V-RT-SINGLE; MULTI separate)
RVT-DGRs	223	13.5618	76111	exact RT sequences	exact RTs of that family (V-RT-SINGLE; MULTI separate)
RVT-DGRs	227	14.0532	76111	exact RT sequences	exact RTs of that family (V-RT-SINGLE; MULTI separate)
RVT-DGRs	231	14.5721	76111	exact RT sequences	exact RTs of that family (V-RT-SINGLE; MULTI separate)
RVT-DGRs	236	15.1108	76111	exact RT sequences	exact RTs of that family (V-RT-SINGLE; MULTI separate)
RVT-DGRs	240	15.5313	76111	exact RT sequences	exact RTs of that family (V-RT-SINGLE; MULTI separate)
RVT-DGRs	244	16.0161	76111	exact RT sequences	exact RTs of that family (V-RT-SINGLE; MULTI separate)
RVT-DGRs	249	16.6231	76111	exact RT sequences	exact RTs of that family (V-RT-SINGLE; MULTI separate)
RVT-DGRs	253	17.0527	76111	exact RT sequences	exact RTs of that family (V-RT-SINGLE; MULTI separate)
RVT-DGRs	258	17.5914	76111	exact RT sequences	exact RTs of that family (V-RT-SINGLE; MULTI separate)
RVT-DGRs	263	18.0749	76111	exact RT sequences	exact RTs of that family (V-RT-SINGLE; MULTI separate)
RVT-DGRs	268	18.565	76111	exact RT sequences	exact RTs of that family (V-RT-SINGLE; MULTI separate)
RVT-DGRs	272	19.0524	76111	exact RT sequences	exact RTs of that family (V-RT-SINGLE; MULTI separate)
RVT-DGRs	277	19.5701	76111	exact RT sequences	exact RTs of that family (V-RT-SINGLE; MULTI separate)
RVT-DGRs	282	20.1048	76111	exact RT sequences	exact RTs of that family (V-RT-SINGLE; MULTI separate)
RVT-DGRs	286	20.5844	76111	exact RT sequences	exact RTs of that family (V-RT-SINGLE; MULTI separate)
RVT-DGRs	290	21.1178	76111	exact RT sequences	exact RTs of that family (V-RT-SINGLE; MULTI separate)
RVT-DGRs	293	21.5199	76111	exact RT sequences	exact RTs of that family (V-RT-SINGLE; MULTI separate)
RVT-DGRs	297	22.0494	76111	exact RT sequences	exact RTs of that family (V-RT-SINGLE; MULTI separate)
RVT-DGRs	301	22.5986	76111	exact RT sequences	exact RTs of that family (V-RT-SINGLE; MULTI separate)
RVT-DGRs	305	23.1977	76111	exact RT sequences	exact RTs of that family (V-RT-SINGLE; MULTI separate)
RVT-DGRs	308	23.6089	76111	exact RT sequences	exact RTs of that family (V-RT-SINGLE; MULTI separate)
RVT-DGRs	311	24.0596	76111	exact RT sequences	exact RTs of that family (V-RT-SINGLE; MULTI separate)
RVT-DGRs	314	24.6535	76111	exact RT sequences	exact RTs of that family (V-RT-SINGLE; MULTI separate)
RVT-DGRs	316	25.1054	76111	exact RT sequences	exact RTs of that family (V-RT-SINGLE; MULTI separate)
RVT-DGRs	318	25.6507	76111	exact RT sequences	exact RTs of that family (V-RT-SINGLE; MULTI separate)
RVT-DGRs	320	26.238	76111	exact RT sequences	exact RTs of that family (V-RT-SINGLE; MULTI separate)
RVT-DGRs	322	26.7465	76111	exact RT sequences	exact RTs of that family (V-RT-SINGLE; MULTI separate)
RVT-DGRs	324	27.2076	76111	exact RT sequences	exact RTs of that family (V-RT-SINGLE; MULTI separate)
RVT-DGRs	326	27.7779	76111	exact RT sequences	exact RTs of that family (V-RT-SINGLE; MULTI separate)
RVT-DGRs	327	28.151	76111	exact RT sequences	exact RTs of that family (V-RT-SINGLE; MULTI separate)
RVT-DGRs	328	28.666	76111	exact RT sequences	exact RTs of that family (V-RT-SINGLE; MULTI separate)
RVT-DGRs	329	29.0983	76111	exact RT sequences	exact RTs of that family (V-RT-SINGLE; MULTI separate)
RVT-DGRs	330	29.5161	76111	exact RT sequences	exact RTs of that family (V-RT-SINGLE; MULTI separate)
RVT-DGRs	331	30.1231	76111	exact RT sequences	exact RTs of that family (V-RT-SINGLE; MULTI separate)
RVT-DGRs	332	30.7288	76111	exact RT sequences	exact RTs of that family (V-RT-SINGLE; MULTI separate)
RVT-DGRs	333	31.3595	76111	exact RT sequences	exact RTs of that family (V-RT-SINGLE; MULTI separate)
RVT-DGRs	334	32.0059	76111	exact RT sequences	exact RTs of that family (V-RT-SINGLE; MULTI separate)
RVT-DGRs	335	32.6379	76111	exact RT sequences	exact RTs of that family (V-RT-SINGLE; MULTI separate)
RVT-DGRs	336	33.3933	76111	exact RT sequences	exact RTs of that family (V-RT-SINGLE; MULTI separate)
RVT-DGRs	337	34.2526	76111	exact RT sequences	exact RTs of that family (V-RT-SINGLE; MULTI separate)
RVT-DGRs	338	34.7401	76111	exact RT sequences	exact RTs of that family (V-RT-SINGLE; MULTI separate)
RVT-DGRs	339	35.4561	76111	exact RT sequences	exact RTs of that family (V-RT-SINGLE; MULTI separate)
RVT-DGRs	340	36.0947	76111	exact RT sequences	exact RTs of that family (V-RT-SINGLE; MULTI separate)
RVT-DGRs	341	36.7542	76111	exact RT sequences	exact RTs of that family (V-RT-SINGLE; MULTI separate)
RVT-DGRs	342	37.4374	76111	exact RT sequences	exact RTs of that family (V-RT-SINGLE; MULTI separate)
RVT-DGRs	343	38.3493	76111	exact RT sequences	exact RTs of that family (V-RT-SINGLE; MULTI separate)
RVT-DGRs	344	39.0325	76111	exact RT sequences	exact RTs of that family (V-RT-SINGLE; MULTI separate)
RVT-DGRs	345	39.7906	76111	exact RT sequences	exact RTs of that family (V-RT-SINGLE; MULTI separate)
RVT-DGRs	346	40.6656	76111	exact RT sequences	exact RTs of that family (V-RT-SINGLE; MULTI separate)
RVT-DGRs	347	41.3225	76111	exact RT sequences	exact RTs of that family (V-RT-SINGLE; MULTI separate)
RVT-DGRs	348	41.9598	76111	exact RT sequences	exact RTs of that family (V-RT-SINGLE; MULTI separate)
RVT-DGRs	349	42.6929	76111	exact RT sequences	exact RTs of that family (V-RT-SINGLE; MULTI separate)
RVT-DGRs	350	43.5233	76111	exact RT sequences	exact RTs of that family (V-RT-SINGLE; MULTI separate)
RVT-DGRs	351	44.5271	76111	exact RT sequences	exact RTs of that family (V-RT-SINGLE; MULTI separate)
RVT-DGRs	352	45.544	76111	exact RT sequences	exact RTs of that family (V-RT-SINGLE; MULTI separate)
RVT-DGRs	353	46.4663	76111	exact RT sequences	exact RTs of that family (V-RT-SINGLE; MULTI separate)
RVT-DGRs	354	47.2284	76111	exact RT sequences	exact RTs of that family (V-RT-SINGLE; MULTI separate)
RVT-DGRs	355	47.9274	76111	exact RT sequences	exact RTs of that family (V-RT-SINGLE; MULTI separate)
RVT-DGRs	356	48.7788	76111	exact RT sequences	exact RTs of that family (V-RT-SINGLE; MULTI separate)
RVT-DGRs	357	49.3647	76111	exact RT sequences	exact RTs of that family (V-RT-SINGLE; MULTI separate)
RVT-DGRs	358	49.9205	76111	exact RT sequences	exact RTs of that family (V-RT-SINGLE; MULTI separate)
RVT-DGRs	359	50.4907	76111	exact RT sequences	exact RTs of that family (V-RT-SINGLE; MULTI separate)
RVT-DGRs	360	51.1621	76111	exact RT sequences	exact RTs of that family (V-RT-SINGLE; MULTI separate)
RVT-DGRs	361	51.8191	76111	exact RT sequences	exact RTs of that family (V-RT-SINGLE; MULTI separate)
RVT-DGRs	362	52.2303	76111	exact RT sequences	exact RTs of that family (V-RT-SINGLE; MULTI separate)
RVT-DGRs	363	52.97	76111	exact RT sequences	exact RTs of that family (V-RT-SINGLE; MULTI separate)
RVT-DGRs	364	53.6217	76111	exact RT sequences	exact RTs of that family (V-RT-SINGLE; MULTI separate)
RVT-DGRs	365	54.5874	76111	exact RT sequences	exact RTs of that family (V-RT-SINGLE; MULTI separate)
RVT-DGRs	366	55.2469	76111	exact RT sequences	exact RTs of that family (V-RT-SINGLE; MULTI separate)
RVT-DGRs	367	56.0852	76111	exact RT sequences	exact RTs of that family (V-RT-SINGLE; MULTI separate)
RVT-DGRs	368	56.6318	76111	exact RT sequences	exact RTs of that family (V-RT-SINGLE; MULTI separate)
RVT-DGRs	369	57.3504	76111	exact RT sequences	exact RTs of that family (V-RT-SINGLE; MULTI separate)
RVT-DGRs	370	57.9167	76111	exact RT sequences	exact RTs of that family (V-RT-SINGLE; MULTI separate)
RVT-DGRs	371	58.458	76111	exact RT sequences	exact RTs of that family (V-RT-SINGLE; MULTI separate)
RVT-DGRs	372	59.274	76111	exact RT sequences	exact RTs of that family (V-RT-SINGLE; MULTI separate)
RVT-DGRs	373	59.8258	76111	exact RT sequences	exact RTs of that family (V-RT-SINGLE; MULTI separate)
RVT-DGRs	374	60.5248	76111	exact RT sequences	exact RTs of that family (V-RT-SINGLE; MULTI separate)
RVT-DGRs	375	61.2934	76111	exact RT sequences	exact RTs of that family (V-RT-SINGLE; MULTI separate)
RVT-DGRs	376	61.7979	76111	exact RT sequences	exact RTs of that family (V-RT-SINGLE; MULTI separate)
RVT-DGRs	377	62.2459	76111	exact RT sequences	exact RTs of that family (V-RT-SINGLE; MULTI separate)
RVT-DGRs	378	62.7426	76111	exact RT sequences	exact RTs of that family (V-RT-SINGLE; MULTI separate)
RVT-DGRs	379	63.2221	76111	exact RT sequences	exact RTs of that family (V-RT-SINGLE; MULTI separate)
RVT-DGRs	380	63.6202	76111	exact RT sequences	exact RTs of that family (V-RT-SINGLE; MULTI separate)
RVT-DGRs	381	64.1064	76111	exact RT sequences	exact RTs of that family (V-RT-SINGLE; MULTI separate)
RVT-DGRs	382	64.582	76111	exact RT sequences	exact RTs of that family (V-RT-SINGLE; MULTI separate)
RVT-DGRs	383	65.0287	76111	exact RT sequences	exact RTs of that family (V-RT-SINGLE; MULTI separate)
RVT-DGRs	384	65.591	76111	exact RT sequences	exact RTs of that family (V-RT-SINGLE; MULTI separate)
RVT-DGRs	385	66.3071	76111	exact RT sequences	exact RTs of that family (V-RT-SINGLE; MULTI separate)
RVT-DGRs	386	66.8537	76111	exact RT sequences	exact RTs of that family (V-RT-SINGLE; MULTI separate)
RVT-DGRs	387	67.2583	76111	exact RT sequences	exact RTs of that family (V-RT-SINGLE; MULTI separate)
RVT-DGRs	388	67.667	76111	exact RT sequences	exact RTs of that family (V-RT-SINGLE; MULTI separate)
RVT-DGRs	389	68.0059	76111	exact RT sequences	exact RTs of that family (V-RT-SINGLE; MULTI separate)
RVT-DGRs	391	68.9427	76111	exact RT sequences	exact RTs of that family (V-RT-SINGLE; MULTI separate)
RVT-DGRs	392	69.4275	76111	exact RT sequences	exact RTs of that family (V-RT-SINGLE; MULTI separate)
RVT-DGRs	393	69.9505	76111	exact RT sequences	exact RTs of that family (V-RT-SINGLE; MULTI separate)
RVT-DGRs	394	70.434	76111	exact RT sequences	exact RTs of that family (V-RT-SINGLE; MULTI separate)
RVT-DGRs	395	70.9819	76111	exact RT sequences	exact RTs of that family (V-RT-SINGLE; MULTI separate)
RVT-DGRs	396	71.4732	76111	exact RT sequences	exact RTs of that family (V-RT-SINGLE; MULTI separate)
RVT-DGRs	397	71.8858	76111	exact RT sequences	exact RTs of that family (V-RT-SINGLE; MULTI separate)
RVT-DGRs	398	72.4508	76111	exact RT sequences	exact RTs of that family (V-RT-SINGLE; MULTI separate)
RVT-DGRs	399	72.8765	76111	exact RT sequences	exact RTs of that family (V-RT-SINGLE; MULTI separate)
RVT-DGRs	400	73.3928	76111	exact RT sequences	exact RTs of that family (V-RT-SINGLE; MULTI separate)
RVT-DGRs	401	73.9078	76111	exact RT sequences	exact RTs of that family (V-RT-SINGLE; MULTI separate)
RVT-DGRs	402	74.2113	76111	exact RT sequences	exact RTs of that family (V-RT-SINGLE; MULTI separate)
RVT-DGRs	403	74.5937	76111	exact RT sequences	exact RTs of that family (V-RT-SINGLE; MULTI separate)
RVT-DGRs	404	75.0549	76111	exact RT sequences	exact RTs of that family (V-RT-SINGLE; MULTI separate)
RVT-DGRs	406	75.809	76111	exact RT sequences	exact RTs of that family (V-RT-SINGLE; MULTI separate)
RVT-DGRs	407	76.4725	76111	exact RT sequences	exact RTs of that family (V-RT-SINGLE; MULTI separate)
RVT-DGRs	408	76.8706	76111	exact RT sequences	exact RTs of that family (V-RT-SINGLE; MULTI separate)
RVT-DGRs	409	77.4277	76111	exact RT sequences	exact RTs of that family (V-RT-SINGLE; MULTI separate)
RVT-DGRs	410	77.7956	76111	exact RT sequences	exact RTs of that family (V-RT-SINGLE; MULTI separate)
RVT-DGRs	411	78.333	76111	exact RT sequences	exact RTs of that family (V-RT-SINGLE; MULTI separate)
RVT-DGRs	412	78.6496	76111	exact RT sequences	exact RTs of that family (V-RT-SINGLE; MULTI separate)
RVT-DGRs	413	79.0753	76111	exact RT sequences	exact RTs of that family (V-RT-SINGLE; MULTI separate)
RVT-DGRs	415	79.7283	76111	exact RT sequences	exact RTs of that family (V-RT-SINGLE; MULTI separate)
RVT-DGRs	416	80.3563	76111	exact RT sequences	exact RTs of that family (V-RT-SINGLE; MULTI separate)
RVT-DGRs	417	80.6717	76111	exact RT sequences	exact RTs of that family (V-RT-SINGLE; MULTI separate)
RVT-DGRs	418	81.0816	76111	exact RT sequences	exact RTs of that family (V-RT-SINGLE; MULTI separate)
RVT-DGRs	420	81.6347	76111	exact RT sequences	exact RTs of that family (V-RT-SINGLE; MULTI separate)
RVT-DGRs	422	82.0552	76111	exact RT sequences	exact RTs of that family (V-RT-SINGLE; MULTI separate)
RVT-DGRs	424	82.5452	76111	exact RT sequences	exact RTs of that family (V-RT-SINGLE; MULTI separate)
RVT-DGRs	426	83.1168	76111	exact RT sequences	exact RTs of that family (V-RT-SINGLE; MULTI separate)
RVT-DGRs	428	83.6528	76111	exact RT sequences	exact RTs of that family (V-RT-SINGLE; MULTI separate)
RVT-DGRs	430	84.0641	76111	exact RT sequences	exact RTs of that family (V-RT-SINGLE; MULTI separate)
RVT-DGRs	432	84.8182	76111	exact RT sequences	exact RTs of that family (V-RT-SINGLE; MULTI separate)
RVT-DGRs	433	85.9219	76111	exact RT sequences	exact RTs of that family (V-RT-SINGLE; MULTI separate)
RVT-DGRs	434	86.5775	76111	exact RT sequences	exact RTs of that family (V-RT-SINGLE; MULTI separate)
RVT-DGRs	437	87.1109	76111	exact RT sequences	exact RTs of that family (V-RT-SINGLE; MULTI separate)
RVT-DGRs	439	87.5971	76111	exact RT sequences	exact RTs of that family (V-RT-SINGLE; MULTI separate)
RVT-DGRs	442	88.1068	76111	exact RT sequences	exact RTs of that family (V-RT-SINGLE; MULTI separate)
RVT-DGRs	446	88.5772	76111	exact RT sequences	exact RTs of that family (V-RT-SINGLE; MULTI separate)
RVT-DGRs	448	89.0436	76111	exact RT sequences	exact RTs of that family (V-RT-SINGLE; MULTI separate)
RVT-DGRs	451	89.5705	76111	exact RT sequences	exact RTs of that family (V-RT-SINGLE; MULTI separate)
RVT-DGRs	453	90.0619	76111	exact RT sequences	exact RTs of that family (V-RT-SINGLE; MULTI separate)
RVT-DGRs	456	90.5756	76111	exact RT sequences	exact RTs of that family (V-RT-SINGLE; MULTI separate)
RVT-DGRs	461	91.205	76111	exact RT sequences	exact RTs of that family (V-RT-SINGLE; MULTI separate)
RVT-DGRs	464	91.5623	76111	exact RT sequences	exact RTs of that family (V-RT-SINGLE; MULTI separate)
RVT-DGRs	468	92.0524	76111	exact RT sequences	exact RTs of that family (V-RT-SINGLE; MULTI separate)
RVT-DGRs	473	92.8302	76111	exact RT sequences	exact RTs of that family (V-RT-SINGLE; MULTI separate)
RVT-DGRs	475	93.0378	76111	exact RT sequences	exact RTs of that family (V-RT-SINGLE; MULTI separate)
RVT-DGRs	480	93.5239	76111	exact RT sequences	exact RTs of that family (V-RT-SINGLE; MULTI separate)
RVT-DGRs	488	94.0324	76111	exact RT sequences	exact RTs of that family (V-RT-SINGLE; MULTI separate)
RVT-DGRs	494	94.5212	76111	exact RT sequences	exact RTs of that family (V-RT-SINGLE; MULTI separate)
RVT-DGRs	501	95.1058	76111	exact RT sequences	exact RTs of that family (V-RT-SINGLE; MULTI separate)
RVT-DGRs	507	95.5118	76111	exact RT sequences	exact RTs of that family (V-RT-SINGLE; MULTI separate)
RVT-DGRs	518	96.0269	76111	exact RT sequences	exact RTs of that family (V-RT-SINGLE; MULTI separate)
RVT-DGRs	529	96.5012	76111	exact RT sequences	exact RTs of that family (V-RT-SINGLE; MULTI separate)
RVT-DGRs	546	97.1476	76111	exact RT sequences	exact RTs of that family (V-RT-SINGLE; MULTI separate)
RVT-DGRs	558	97.4997	76111	exact RT sequences	exact RTs of that family (V-RT-SINGLE; MULTI separate)
RVT-DGRs	597	98.0042	76111	exact RT sequences	exact RTs of that family (V-RT-SINGLE; MULTI separate)
RVT-DGRs	661	98.4996	76111	exact RT sequences	exact RTs of that family (V-RT-SINGLE; MULTI separate)
RVT-DGRs	781	99.0015	76111	exact RT sequences	exact RTs of that family (V-RT-SINGLE; MULTI separate)
RVT-DGRs	994	99.4994	76111	exact RT sequences	exact RTs of that family (V-RT-SINGLE; MULTI separate)
RVT-DGRs	5001	100.0	76111	exact RT sequences	exact RTs of that family (V-RT-SINGLE; MULTI separate)
RVT-GII	20	0.0027	256624	exact RT sequences	exact RTs of that family (V-RT-SINGLE; MULTI separate)
RVT-GII	53	0.5268	256624	exact RT sequences	exact RTs of that family (V-RT-SINGLE; MULTI separate)
RVT-GII	65	1.003	256624	exact RT sequences	exact RTs of that family (V-RT-SINGLE; MULTI separate)
RVT-GII	73	1.5326	256624	exact RT sequences	exact RTs of that family (V-RT-SINGLE; MULTI separate)
RVT-GII	79	2.0649	256624	exact RT sequences	exact RTs of that family (V-RT-SINGLE; MULTI separate)
RVT-GII	84	2.5761	256624	exact RT sequences	exact RTs of that family (V-RT-SINGLE; MULTI separate)
RVT-GII	89	3.1135	256624	exact RT sequences	exact RTs of that family (V-RT-SINGLE; MULTI separate)
RVT-GII	93	3.5219	256624	exact RT sequences	exact RTs of that family (V-RT-SINGLE; MULTI separate)
RVT-GII	98	4.0137	256624	exact RT sequences	exact RTs of that family (V-RT-SINGLE; MULTI separate)
RVT-GII	103	4.5382	256624	exact RT sequences	exact RTs of that family (V-RT-SINGLE; MULTI separate)
RVT-GII	108	5.0256	256624	exact RT sequences	exact RTs of that family (V-RT-SINGLE; MULTI separate)
RVT-GII	113	5.556	256624	exact RT sequences	exact RTs of that family (V-RT-SINGLE; MULTI separate)
RVT-GII	118	6.114	256624	exact RT sequences	exact RTs of that family (V-RT-SINGLE; MULTI separate)
RVT-GII	122	6.5847	256624	exact RT sequences	exact RTs of that family (V-RT-SINGLE; MULTI separate)
RVT-GII	126	7.0442	256624	exact RT sequences	exact RTs of that family (V-RT-SINGLE; MULTI separate)
RVT-GII	130	7.5242	256624	exact RT sequences	exact RTs of that family (V-RT-SINGLE; MULTI separate)
RVT-GII	134	8.0055	256624	exact RT sequences	exact RTs of that family (V-RT-SINGLE; MULTI separate)
RVT-GII	138	8.5479	256624	exact RT sequences	exact RTs of that family (V-RT-SINGLE; MULTI separate)
RVT-GII	142	9.0732	256624	exact RT sequences	exact RTs of that family (V-RT-SINGLE; MULTI separate)
RVT-GII	146	9.5922	256624	exact RT sequences	exact RTs of that family (V-RT-SINGLE; MULTI separate)
RVT-GII	149	10.0209	256624	exact RT sequences	exact RTs of that family (V-RT-SINGLE; MULTI separate)
RVT-GII	153	10.5653	256624	exact RT sequences	exact RTs of that family (V-RT-SINGLE; MULTI separate)
RVT-GII	157	11.082	256624	exact RT sequences	exact RTs of that family (V-RT-SINGLE; MULTI separate)
RVT-GII	160	11.525	256624	exact RT sequences	exact RTs of that family (V-RT-SINGLE; MULTI separate)
RVT-GII	164	12.0897	256624	exact RT sequences	exact RTs of that family (V-RT-SINGLE; MULTI separate)
RVT-GII	167	12.5296	256624	exact RT sequences	exact RTs of that family (V-RT-SINGLE; MULTI separate)
RVT-GII	171	13.1508	256624	exact RT sequences	exact RTs of that family (V-RT-SINGLE; MULTI separate)
RVT-GII	174	13.6242	256624	exact RT sequences	exact RTs of that family (V-RT-SINGLE; MULTI separate)
RVT-GII	177	14.0825	256624	exact RT sequences	exact RTs of that family (V-RT-SINGLE; MULTI separate)
RVT-GII	180	14.6019	256624	exact RT sequences	exact RTs of that family (V-RT-SINGLE; MULTI separate)
RVT-GII	183	15.1159	256624	exact RT sequences	exact RTs of that family (V-RT-SINGLE; MULTI separate)
RVT-GII	186	15.6529	256624	exact RT sequences	exact RTs of that family (V-RT-SINGLE; MULTI separate)
RVT-GII	189	16.1267	256624	exact RT sequences	exact RTs of that family (V-RT-SINGLE; MULTI separate)
RVT-GII	192	16.6033	256624	exact RT sequences	exact RTs of that family (V-RT-SINGLE; MULTI separate)
RVT-GII	195	17.0923	256624	exact RT sequences	exact RTs of that family (V-RT-SINGLE; MULTI separate)
RVT-GII	198	17.6028	256624	exact RT sequences	exact RTs of that family (V-RT-SINGLE; MULTI separate)
RVT-GII	201	18.1105	256624	exact RT sequences	exact RTs of that family (V-RT-SINGLE; MULTI separate)
RVT-GII	204	18.5949	256624	exact RT sequences	exact RTs of that family (V-RT-SINGLE; MULTI separate)
RVT-GII	207	19.0773	256624	exact RT sequences	exact RTs of that family (V-RT-SINGLE; MULTI separate)
RVT-GII	210	19.5714	256624	exact RT sequences	exact RTs of that family (V-RT-SINGLE; MULTI separate)
RVT-GII	213	20.0589	256624	exact RT sequences	exact RTs of that family (V-RT-SINGLE; MULTI separate)
RVT-GII	216	20.5546	256624	exact RT sequences	exact RTs of that family (V-RT-SINGLE; MULTI separate)
RVT-GII	219	21.0312	256624	exact RT sequences	exact RTs of that family (V-RT-SINGLE; MULTI separate)
RVT-GII	223	21.6207	256624	exact RT sequences	exact RTs of that family (V-RT-SINGLE; MULTI separate)
RVT-GII	226	22.1067	256624	exact RT sequences	exact RTs of that family (V-RT-SINGLE; MULTI separate)
RVT-GII	229	22.5879	256624	exact RT sequences	exact RTs of that family (V-RT-SINGLE; MULTI separate)
RVT-GII	232	23.0579	256624	exact RT sequences	exact RTs of that family (V-RT-SINGLE; MULTI separate)
RVT-GII	235	23.5602	256624	exact RT sequences	exact RTs of that family (V-RT-SINGLE; MULTI separate)
RVT-GII	238	24.1073	256624	exact RT sequences	exact RTs of that family (V-RT-SINGLE; MULTI separate)
RVT-GII	241	24.6696	256624	exact RT sequences	exact RTs of that family (V-RT-SINGLE; MULTI separate)
RVT-GII	244	25.1757	256624	exact RT sequences	exact RTs of that family (V-RT-SINGLE; MULTI separate)
RVT-GII	246	25.5288	256624	exact RT sequences	exact RTs of that family (V-RT-SINGLE; MULTI separate)
RVT-GII	249	26.0061	256624	exact RT sequences	exact RTs of that family (V-RT-SINGLE; MULTI separate)
RVT-GII	253	26.6331	256624	exact RT sequences	exact RTs of that family (V-RT-SINGLE; MULTI separate)
RVT-GII	256	27.1627	256624	exact RT sequences	exact RTs of that family (V-RT-SINGLE; MULTI separate)
RVT-GII	259	27.651	256624	exact RT sequences	exact RTs of that family (V-RT-SINGLE; MULTI separate)
RVT-GII	262	28.126	256624	exact RT sequences	exact RTs of that family (V-RT-SINGLE; MULTI separate)
RVT-GII	265	28.5877	256624	exact RT sequences	exact RTs of that family (V-RT-SINGLE; MULTI separate)
RVT-GII	268	29.0553	256624	exact RT sequences	exact RTs of that family (V-RT-SINGLE; MULTI separate)
RVT-GII	271	29.5393	256624	exact RT sequences	exact RTs of that family (V-RT-SINGLE; MULTI separate)
RVT-GII	274	30.0077	256624	exact RT sequences	exact RTs of that family (V-RT-SINGLE; MULTI separate)
RVT-GII	278	30.6483	256624	exact RT sequences	exact RTs of that family (V-RT-SINGLE; MULTI separate)
RVT-GII	281	31.1237	256624	exact RT sequences	exact RTs of that family (V-RT-SINGLE; MULTI separate)
RVT-GII	284	31.6385	256624	exact RT sequences	exact RTs of that family (V-RT-SINGLE; MULTI separate)
RVT-GII	287	32.1377	256624	exact RT sequences	exact RTs of that family (V-RT-SINGLE; MULTI separate)
RVT-GII	290	32.6263	256624	exact RT sequences	exact RTs of that family (V-RT-SINGLE; MULTI separate)
RVT-GII	293	33.1201	256624	exact RT sequences	exact RTs of that family (V-RT-SINGLE; MULTI separate)
RVT-GII	296	33.5701	256624	exact RT sequences	exact RTs of that family (V-RT-SINGLE; MULTI separate)
RVT-GII	299	34.005	256624	exact RT sequences	exact RTs of that family (V-RT-SINGLE; MULTI separate)
RVT-GII	303	34.6117	256624	exact RT sequences	exact RTs of that family (V-RT-SINGLE; MULTI separate)
RVT-GII	306	35.0817	256624	exact RT sequences	exact RTs of that family (V-RT-SINGLE; MULTI separate)
RVT-GII	309	35.5076	256624	exact RT sequences	exact RTs of that family (V-RT-SINGLE; MULTI separate)
RVT-GII	313	36.0866	256624	exact RT sequences	exact RTs of that family (V-RT-SINGLE; MULTI separate)
RVT-GII	316	36.5332	256624	exact RT sequences	exact RTs of that family (V-RT-SINGLE; MULTI separate)
RVT-GII	320	37.1738	256624	exact RT sequences	exact RTs of that family (V-RT-SINGLE; MULTI separate)
RVT-GII	323	37.6142	256624	exact RT sequences	exact RTs of that family (V-RT-SINGLE; MULTI separate)
RVT-GII	326	38.1473	256624	exact RT sequences	exact RTs of that family (V-RT-SINGLE; MULTI separate)
RVT-GII	329	38.6191	256624	exact RT sequences	exact RTs of that family (V-RT-SINGLE; MULTI separate)
RVT-GII	331	39.0018	256624	exact RT sequences	exact RTs of that family (V-RT-SINGLE; MULTI separate)
RVT-GII	335	39.5797	256624	exact RT sequences	exact RTs of that family (V-RT-SINGLE; MULTI separate)
RVT-GII	338	40.0403	256624	exact RT sequences	exact RTs of that family (V-RT-SINGLE; MULTI separate)
RVT-GII	342	40.6517	256624	exact RT sequences	exact RTs of that family (V-RT-SINGLE; MULTI separate)
RVT-GII	345	41.0975	256624	exact RT sequences	exact RTs of that family (V-RT-SINGLE; MULTI separate)
RVT-GII	348	41.5164	256624	exact RT sequences	exact RTs of that family (V-RT-SINGLE; MULTI separate)
RVT-GII	352	42.0666	256624	exact RT sequences	exact RTs of that family (V-RT-SINGLE; MULTI separate)
RVT-GII	356	42.6086	256624	exact RT sequences	exact RTs of that family (V-RT-SINGLE; MULTI separate)
RVT-GII	359	43.0451	256624	exact RT sequences	exact RTs of that family (V-RT-SINGLE; MULTI separate)
RVT-GII	363	43.63	256624	exact RT sequences	exact RTs of that family (V-RT-SINGLE; MULTI separate)
RVT-GII	366	44.0949	256624	exact RT sequences	exact RTs of that family (V-RT-SINGLE; MULTI separate)
RVT-GII	369	44.5212	256624	exact RT sequences	exact RTs of that family (V-RT-SINGLE; MULTI separate)
RVT-GII	373	45.0652	256624	exact RT sequences	exact RTs of that family (V-RT-SINGLE; MULTI separate)
RVT-GII	377	45.5897	256624	exact RT sequences	exact RTs of that family (V-RT-SINGLE; MULTI separate)
RVT-GII	381	46.1114	256624	exact RT sequences	exact RTs of that family (V-RT-SINGLE; MULTI separate)
RVT-GII	384	46.5108	256624	exact RT sequences	exact RTs of that family (V-RT-SINGLE; MULTI separate)
RVT-GII	388	47.1394	256624	exact RT sequences	exact RTs of that family (V-RT-SINGLE; MULTI separate)
RVT-GII	391	47.6058	256624	exact RT sequences	exact RTs of that family (V-RT-SINGLE; MULTI separate)
RVT-GII	394	48.0968	256624	exact RT sequences	exact RTs of that family (V-RT-SINGLE; MULTI separate)
RVT-GII	397	48.5668	256624	exact RT sequences	exact RTs of that family (V-RT-SINGLE; MULTI separate)
RVT-GII	400	49.0348	256624	exact RT sequences	exact RTs of that family (V-RT-SINGLE; MULTI separate)
RVT-GII	404	49.6462	256624	exact RT sequences	exact RTs of that family (V-RT-SINGLE; MULTI separate)
RVT-GII	407	50.1282	256624	exact RT sequences	exact RTs of that family (V-RT-SINGLE; MULTI separate)
RVT-GII	410	50.7225	256624	exact RT sequences	exact RTs of that family (V-RT-SINGLE; MULTI separate)
RVT-GII	412	51.1725	256624	exact RT sequences	exact RTs of that family (V-RT-SINGLE; MULTI separate)
RVT-GII	413	51.5755	256624	exact RT sequences	exact RTs of that family (V-RT-SINGLE; MULTI separate)
RVT-GII	415	52.3073	256624	exact RT sequences	exact RTs of that family (V-RT-SINGLE; MULTI separate)
RVT-GII	416	52.7102	256624	exact RT sequences	exact RTs of that family (V-RT-SINGLE; MULTI separate)
RVT-GII	417	53.1568	256624	exact RT sequences	exact RTs of that family (V-RT-SINGLE; MULTI separate)
RVT-GII	418	53.5149	256624	exact RT sequences	exact RTs of that family (V-RT-SINGLE; MULTI separate)
RVT-GII	419	54.1048	256624	exact RT sequences	exact RTs of that family (V-RT-SINGLE; MULTI separate)
RVT-GII	420	54.7088	256624	exact RT sequences	exact RTs of that family (V-RT-SINGLE; MULTI separate)
RVT-GII	421	55.127	256624	exact RT sequences	exact RTs of that family (V-RT-SINGLE; MULTI separate)
RVT-GII	422	55.5096	256624	exact RT sequences	exact RTs of that family (V-RT-SINGLE; MULTI separate)
RVT-GII	424	56.3462	256624	exact RT sequences	exact RTs of that family (V-RT-SINGLE; MULTI separate)
RVT-GII	425	56.9779	256624	exact RT sequences	exact RTs of that family (V-RT-SINGLE; MULTI separate)
RVT-GII	426	57.4483	256624	exact RT sequences	exact RTs of that family (V-RT-SINGLE; MULTI separate)
RVT-GII	427	58.0737	256624	exact RT sequences	exact RTs of that family (V-RT-SINGLE; MULTI separate)
RVT-GII	429	58.7751	256624	exact RT sequences	exact RTs of that family (V-RT-SINGLE; MULTI separate)
RVT-GII	430	59.1203	256624	exact RT sequences	exact RTs of that family (V-RT-SINGLE; MULTI separate)
RVT-GII	431	59.8003	256624	exact RT sequences	exact RTs of that family (V-RT-SINGLE; MULTI separate)
RVT-GII	432	60.4562	256624	exact RT sequences	exact RTs of that family (V-RT-SINGLE; MULTI separate)
RVT-GII	433	60.8166	256624	exact RT sequences	exact RTs of that family (V-RT-SINGLE; MULTI separate)
RVT-GII	434	61.2791	256624	exact RT sequences	exact RTs of that family (V-RT-SINGLE; MULTI separate)
RVT-GII	435	61.6435	256624	exact RT sequences	exact RTs of that family (V-RT-SINGLE; MULTI separate)
RVT-GII	436	62.0959	256624	exact RT sequences	exact RTs of that family (V-RT-SINGLE; MULTI separate)
RVT-GII	438	62.8963	256624	exact RT sequences	exact RTs of that family (V-RT-SINGLE; MULTI separate)
RVT-GII	439	63.353	256624	exact RT sequences	exact RTs of that family (V-RT-SINGLE; MULTI separate)
RVT-GII	440	63.7996	256624	exact RT sequences	exact RTs of that family (V-RT-SINGLE; MULTI separate)
RVT-GII	441	64.3576	256624	exact RT sequences	exact RTs of that family (V-RT-SINGLE; MULTI separate)
RVT-GII	442	64.773	256624	exact RT sequences	exact RTs of that family (V-RT-SINGLE; MULTI separate)
RVT-GII	443	65.2671	256624	exact RT sequences	exact RTs of that family (V-RT-SINGLE; MULTI separate)
RVT-GII	444	65.6061	256624	exact RT sequences	exact RTs of that family (V-RT-SINGLE; MULTI separate)
RVT-GII	446	66.3819	256624	exact RT sequences	exact RTs of that family (V-RT-SINGLE; MULTI separate)
RVT-GII	447	66.6368	256624	exact RT sequences	exact RTs of that family (V-RT-SINGLE; MULTI separate)
RVT-GII	448	67.0884	256624	exact RT sequences	exact RTs of that family (V-RT-SINGLE; MULTI separate)
RVT-GII	450	67.6737	256624	exact RT sequences	exact RTs of that family (V-RT-SINGLE; MULTI separate)
RVT-GII	452	68.1277	256624	exact RT sequences	exact RTs of that family (V-RT-SINGLE; MULTI separate)
RVT-GII	454	68.6873	256624	exact RT sequences	exact RTs of that family (V-RT-SINGLE; MULTI separate)
RVT-GII	455	69.02	256624	exact RT sequences	exact RTs of that family (V-RT-SINGLE; MULTI separate)
RVT-GII	457	69.5726	256624	exact RT sequences	exact RTs of that family (V-RT-SINGLE; MULTI separate)
RVT-GII	459	70.1895	256624	exact RT sequences	exact RTs of that family (V-RT-SINGLE; MULTI separate)
RVT-GII	460	70.6267	256624	exact RT sequences	exact RTs of that family (V-RT-SINGLE; MULTI separate)
RVT-GII	462	71.3597	256624	exact RT sequences	exact RTs of that family (V-RT-SINGLE; MULTI separate)
RVT-GII	463	71.9278	256624	exact RT sequences	exact RTs of that family (V-RT-SINGLE; MULTI separate)
RVT-GII	464	72.7481	256624	exact RT sequences	exact RTs of that family (V-RT-SINGLE; MULTI separate)
RVT-GII	465	73.1475	256624	exact RT sequences	exact RTs of that family (V-RT-SINGLE; MULTI separate)
RVT-GII	467	73.7745	256624	exact RT sequences	exact RTs of that family (V-RT-SINGLE; MULTI separate)
RVT-GII	468	74.3512	256624	exact RT sequences	exact RTs of that family (V-RT-SINGLE; MULTI separate)
RVT-GII	469	74.6528	256624	exact RT sequences	exact RTs of that family (V-RT-SINGLE; MULTI separate)
RVT-GII	470	75.1025	256624	exact RT sequences	exact RTs of that family (V-RT-SINGLE; MULTI separate)
RVT-GII	472	75.6741	256624	exact RT sequences	exact RTs of that family (V-RT-SINGLE; MULTI separate)
RVT-GII	474	76.0813	256624	exact RT sequences	exact RTs of that family (V-RT-SINGLE; MULTI separate)
RVT-GII	476	76.5057	256624	exact RT sequences	exact RTs of that family (V-RT-SINGLE; MULTI separate)
RVT-GII	479	77.0575	256624	exact RT sequences	exact RTs of that family (V-RT-SINGLE; MULTI separate)
RVT-GII	482	77.5165	256624	exact RT sequences	exact RTs of that family (V-RT-SINGLE; MULTI separate)
RVT-GII	486	78.0582	256624	exact RT sequences	exact RTs of that family (V-RT-SINGLE; MULTI separate)
RVT-GII	489	78.6372	256624	exact RT sequences	exact RTs of that family (V-RT-SINGLE; MULTI separate)
RVT-GII	490	79.1204	256624	exact RT sequences	exact RTs of that family (V-RT-SINGLE; MULTI separate)
RVT-GII	492	79.6488	256624	exact RT sequences	exact RTs of that family (V-RT-SINGLE; MULTI separate)
RVT-GII	494	80.3296	256624	exact RT sequences	exact RTs of that family (V-RT-SINGLE; MULTI separate)
RVT-GII	495	80.5505	256624	exact RT sequences	exact RTs of that family (V-RT-SINGLE; MULTI separate)
RVT-GII	497	81.0146	256624	exact RT sequences	exact RTs of that family (V-RT-SINGLE; MULTI separate)
RVT-GII	500	81.5497	256624	exact RT sequences	exact RTs of that family (V-RT-SINGLE; MULTI separate)
RVT-GII	502	82.1147	256624	exact RT sequences	exact RTs of that family (V-RT-SINGLE; MULTI separate)
RVT-GII	505	82.5574	256624	exact RT sequences	exact RTs of that family (V-RT-SINGLE; MULTI separate)
RVT-GII	507	83.3476	256624	exact RT sequences	exact RTs of that family (V-RT-SINGLE; MULTI separate)
RVT-GII	508	83.5097	256624	exact RT sequences	exact RTs of that family (V-RT-SINGLE; MULTI separate)
RVT-GII	512	84.0268	256624	exact RT sequences	exact RTs of that family (V-RT-SINGLE; MULTI separate)
RVT-GII	518	84.5361	256624	exact RT sequences	exact RTs of that family (V-RT-SINGLE; MULTI separate)
RVT-GII	524	85.0969	256624	exact RT sequences	exact RTs of that family (V-RT-SINGLE; MULTI separate)
RVT-GII	530	85.5431	256624	exact RT sequences	exact RTs of that family (V-RT-SINGLE; MULTI separate)
RVT-GII	539	86.0118	256624	exact RT sequences	exact RTs of that family (V-RT-SINGLE; MULTI separate)
RVT-GII	547	86.5324	256624	exact RT sequences	exact RTs of that family (V-RT-SINGLE; MULTI separate)
RVT-GII	550	87.0265	256624	exact RT sequences	exact RTs of that family (V-RT-SINGLE; MULTI separate)
RVT-GII	553	87.5094	256624	exact RT sequences	exact RTs of that family (V-RT-SINGLE; MULTI separate)
RVT-GII	556	88.3362	256624	exact RT sequences	exact RTs of that family (V-RT-SINGLE; MULTI separate)
RVT-GII	557	88.6792	256624	exact RT sequences	exact RTs of that family (V-RT-SINGLE; MULTI separate)
RVT-GII	559	89.0143	256624	exact RT sequences	exact RTs of that family (V-RT-SINGLE; MULTI separate)
RVT-GII	563	89.5637	256624	exact RT sequences	exact RTs of that family (V-RT-SINGLE; MULTI separate)
RVT-GII	566	90.1256	256624	exact RT sequences	exact RTs of that family (V-RT-SINGLE; MULTI separate)
RVT-GII	569	90.5601	256624	exact RT sequences	exact RTs of that family (V-RT-SINGLE; MULTI separate)
RVT-GII	574	91.0959	256624	exact RT sequences	exact RTs of that family (V-RT-SINGLE; MULTI separate)
RVT-GII	579	91.53	256624	exact RT sequences	exact RTs of that family (V-RT-SINGLE; MULTI separate)
RVT-GII	586	92.0218	256624	exact RT sequences	exact RTs of that family (V-RT-SINGLE; MULTI separate)
RVT-GII	591	92.5253	256624	exact RT sequences	exact RTs of that family (V-RT-SINGLE; MULTI separate)
RVT-GII	597	93.019	256624	exact RT sequences	exact RTs of that family (V-RT-SINGLE; MULTI separate)
RVT-GII	601	93.5349	256624	exact RT sequences	exact RTs of that family (V-RT-SINGLE; MULTI separate)
RVT-GII	607	94.1097	256624	exact RT sequences	exact RTs of that family (V-RT-SINGLE; MULTI separate)
RVT-GII	612	94.5375	256624	exact RT sequences	exact RTs of that family (V-RT-SINGLE; MULTI separate)
RVT-GII	619	95.1852	256624	exact RT sequences	exact RTs of that family (V-RT-SINGLE; MULTI separate)
RVT-GII	623	95.6921	256624	exact RT sequences	exact RTs of that family (V-RT-SINGLE; MULTI separate)
RVT-GII	625	96.0514	256624	exact RT sequences	exact RTs of that family (V-RT-SINGLE; MULTI separate)
RVT-GII	627	96.5206	256624	exact RT sequences	exact RTs of that family (V-RT-SINGLE; MULTI separate)
RVT-GII	634	97.0618	256624	exact RT sequences	exact RTs of that family (V-RT-SINGLE; MULTI separate)
RVT-GII	636	97.568	256624	exact RT sequences	exact RTs of that family (V-RT-SINGLE; MULTI separate)
RVT-GII	643	98.0598	256624	exact RT sequences	exact RTs of that family (V-RT-SINGLE; MULTI separate)
RVT-GII	664	98.5017	256624	exact RT sequences	exact RTs of that family (V-RT-SINGLE; MULTI separate)
RVT-GII	751	98.9997	256624	exact RT sequences	exact RTs of that family (V-RT-SINGLE; MULTI separate)
RVT-GII	955	99.5004	256624	exact RT sequences	exact RTs of that family (V-RT-SINGLE; MULTI separate)
RVT-GII	10449	100.0	256624	exact RT sequences	exact RTs of that family (V-RT-SINGLE; MULTI separate)
RVT-UG17	54	0.0213	4702	exact RT sequences	exact RTs of that family (V-RT-SINGLE; MULTI separate)
RVT-UG17	83	0.5742	4702	exact RT sequences	exact RTs of that family (V-RT-SINGLE; MULTI separate)
RVT-UG17	92	1.0421	4702	exact RT sequences	exact RTs of that family (V-RT-SINGLE; MULTI separate)
RVT-UG17	101	1.5313	4702	exact RT sequences	exact RTs of that family (V-RT-SINGLE; MULTI separate)
RVT-UG17	107	2.0204	4702	exact RT sequences	exact RTs of that family (V-RT-SINGLE; MULTI separate)
RVT-UG17	113	2.6159	4702	exact RT sequences	exact RTs of that family (V-RT-SINGLE; MULTI separate)
RVT-UG17	119	3.1476	4702	exact RT sequences	exact RTs of that family (V-RT-SINGLE; MULTI separate)
RVT-UG17	123	3.5517	4702	exact RT sequences	exact RTs of that family (V-RT-SINGLE; MULTI separate)
RVT-UG17	129	4.1259	4702	exact RT sequences	exact RTs of that family (V-RT-SINGLE; MULTI separate)
RVT-UG17	134	4.5938	4702	exact RT sequences	exact RTs of that family (V-RT-SINGLE; MULTI separate)
RVT-UG17	139	5.1255	4702	exact RT sequences	exact RTs of that family (V-RT-SINGLE; MULTI separate)
RVT-UG17	142	5.5083	4702	exact RT sequences	exact RTs of that family (V-RT-SINGLE; MULTI separate)
RVT-UG17	146	6.04	4702	exact RT sequences	exact RTs of that family (V-RT-SINGLE; MULTI separate)
RVT-UG17	151	6.5291	4702	exact RT sequences	exact RTs of that family (V-RT-SINGLE; MULTI separate)
RVT-UG17	156	7.0396	4702	exact RT sequences	exact RTs of that family (V-RT-SINGLE; MULTI separate)
RVT-UG17	159	7.5287	4702	exact RT sequences	exact RTs of that family (V-RT-SINGLE; MULTI separate)
RVT-UG17	162	8.1455	4702	exact RT sequences	exact RTs of that family (V-RT-SINGLE; MULTI separate)
RVT-UG17	164	8.5496	4702	exact RT sequences	exact RTs of that family (V-RT-SINGLE; MULTI separate)
RVT-UG17	169	9.0387	4702	exact RT sequences	exact RTs of that family (V-RT-SINGLE; MULTI separate)
RVT-UG17	173	9.5279	4702	exact RT sequences	exact RTs of that family (V-RT-SINGLE; MULTI separate)
RVT-UG17	178	10.017	4702	exact RT sequences	exact RTs of that family (V-RT-SINGLE; MULTI separate)
RVT-UG17	182	10.5062	4702	exact RT sequences	exact RTs of that family (V-RT-SINGLE; MULTI separate)
RVT-UG17	186	11.0379	4702	exact RT sequences	exact RTs of that family (V-RT-SINGLE; MULTI separate)
RVT-UG17	191	11.6333	4702	exact RT sequences	exact RTs of that family (V-RT-SINGLE; MULTI separate)
RVT-UG17	196	12.1438	4702	exact RT sequences	exact RTs of that family (V-RT-SINGLE; MULTI separate)
RVT-UG17	202	12.5479	4702	exact RT sequences	exact RTs of that family (V-RT-SINGLE; MULTI separate)
RVT-UG17	207	13.0583	4702	exact RT sequences	exact RTs of that family (V-RT-SINGLE; MULTI separate)
RVT-UG17	212	13.5474	4702	exact RT sequences	exact RTs of that family (V-RT-SINGLE; MULTI separate)
RVT-UG17	217	14.0791	4702	exact RT sequences	exact RTs of that family (V-RT-SINGLE; MULTI separate)
RVT-UG17	220	14.547	4702	exact RT sequences	exact RTs of that family (V-RT-SINGLE; MULTI separate)
RVT-UG17	223	15.0787	4702	exact RT sequences	exact RTs of that family (V-RT-SINGLE; MULTI separate)
RVT-UG17	227	15.504	4702	exact RT sequences	exact RTs of that family (V-RT-SINGLE; MULTI separate)
RVT-UG17	231	16.057	4702	exact RT sequences	exact RTs of that family (V-RT-SINGLE; MULTI separate)
RVT-UG17	234	16.5462	4702	exact RT sequences	exact RTs of that family (V-RT-SINGLE; MULTI separate)
RVT-UG17	238	17.2054	4702	exact RT sequences	exact RTs of that family (V-RT-SINGLE; MULTI separate)
RVT-UG17	240	17.5457	4702	exact RT sequences	exact RTs of that family (V-RT-SINGLE; MULTI separate)
RVT-UG17	243	18.1199	4702	exact RT sequences	exact RTs of that family (V-RT-SINGLE; MULTI separate)
RVT-UG17	246	18.5028	4702	exact RT sequences	exact RTs of that family (V-RT-SINGLE; MULTI separate)
RVT-UG17	249	19.1621	4702	exact RT sequences	exact RTs of that family (V-RT-SINGLE; MULTI separate)
RVT-UG17	253	19.6725	4702	exact RT sequences	exact RTs of that family (V-RT-SINGLE; MULTI separate)
RVT-UG17	256	20.0128	4702	exact RT sequences	exact RTs of that family (V-RT-SINGLE; MULTI separate)
RVT-UG17	260	20.5657	4702	exact RT sequences	exact RTs of that family (V-RT-SINGLE; MULTI separate)
RVT-UG17	264	21.1399	4702	exact RT sequences	exact RTs of that family (V-RT-SINGLE; MULTI separate)
RVT-UG17	267	21.5228	4702	exact RT sequences	exact RTs of that family (V-RT-SINGLE; MULTI separate)
RVT-UG17	270	22.0757	4702	exact RT sequences	exact RTs of that family (V-RT-SINGLE; MULTI separate)
RVT-UG17	273	22.5649	4702	exact RT sequences	exact RTs of that family (V-RT-SINGLE; MULTI separate)
RVT-UG17	276	23.0966	4702	exact RT sequences	exact RTs of that family (V-RT-SINGLE; MULTI separate)
RVT-UG17	278	23.5006	4702	exact RT sequences	exact RTs of that family (V-RT-SINGLE; MULTI separate)
RVT-UG17	280	24.0111	4702	exact RT sequences	exact RTs of that family (V-RT-SINGLE; MULTI separate)
RVT-UG17	283	24.7554	4702	exact RT sequences	exact RTs of that family (V-RT-SINGLE; MULTI separate)
RVT-UG17	284	25.117	4702	exact RT sequences	exact RTs of that family (V-RT-SINGLE; MULTI separate)
RVT-UG17	286	25.4998	4702	exact RT sequences	exact RTs of that family (V-RT-SINGLE; MULTI separate)
RVT-UG17	288	26.1165	4702	exact RT sequences	exact RTs of that family (V-RT-SINGLE; MULTI separate)
RVT-UG17	291	26.6908	4702	exact RT sequences	exact RTs of that family (V-RT-SINGLE; MULTI separate)
RVT-UG17	294	27.1799	4702	exact RT sequences	exact RTs of that family (V-RT-SINGLE; MULTI separate)
RVT-UG17	296	27.5627	4702	exact RT sequences	exact RTs of that family (V-RT-SINGLE; MULTI separate)
RVT-UG17	299	28.1157	4702	exact RT sequences	exact RTs of that family (V-RT-SINGLE; MULTI separate)
RVT-UG17	302	28.5836	4702	exact RT sequences	exact RTs of that family (V-RT-SINGLE; MULTI separate)
RVT-UG17	306	29.1153	4702	exact RT sequences	exact RTs of that family (V-RT-SINGLE; MULTI separate)
RVT-UG17	308	29.5194	4702	exact RT sequences	exact RTs of that family (V-RT-SINGLE; MULTI separate)
RVT-UG17	312	30.0936	4702	exact RT sequences	exact RTs of that family (V-RT-SINGLE; MULTI separate)
RVT-UG17	315	30.604	4702	exact RT sequences	exact RTs of that family (V-RT-SINGLE; MULTI separate)
RVT-UG17	318	31.0506	4702	exact RT sequences	exact RTs of that family (V-RT-SINGLE; MULTI separate)
RVT-UG17	322	31.5398	4702	exact RT sequences	exact RTs of that family (V-RT-SINGLE; MULTI separate)
RVT-UG17	326	32.0715	4702	exact RT sequences	exact RTs of that family (V-RT-SINGLE; MULTI separate)
RVT-UG17	331	32.6031	4702	exact RT sequences	exact RTs of that family (V-RT-SINGLE; MULTI separate)
RVT-UG17	334	33.0072	4702	exact RT sequences	exact RTs of that family (V-RT-SINGLE; MULTI separate)
RVT-UG17	337	33.5389	4702	exact RT sequences	exact RTs of that family (V-RT-SINGLE; MULTI separate)
RVT-UG17	341	34.1982	4702	exact RT sequences	exact RTs of that family (V-RT-SINGLE; MULTI separate)
RVT-UG17	344	34.6023	4702	exact RT sequences	exact RTs of that family (V-RT-SINGLE; MULTI separate)
RVT-UG17	347	35.0064	4702	exact RT sequences	exact RTs of that family (V-RT-SINGLE; MULTI separate)
RVT-UG17	350	35.5593	4702	exact RT sequences	exact RTs of that family (V-RT-SINGLE; MULTI separate)
RVT-UG17	354	36.1123	4702	exact RT sequences	exact RTs of that family (V-RT-SINGLE; MULTI separate)
RVT-UG17	357	36.7078	4702	exact RT sequences	exact RTs of that family (V-RT-SINGLE; MULTI separate)
RVT-UG17	359	37.0268	4702	exact RT sequences	exact RTs of that family (V-RT-SINGLE; MULTI separate)
RVT-UG17	361	37.516	4702	exact RT sequences	exact RTs of that family (V-RT-SINGLE; MULTI separate)
RVT-UG17	366	38.154	4702	exact RT sequences	exact RTs of that family (V-RT-SINGLE; MULTI separate)
RVT-UG17	369	38.6857	4702	exact RT sequences	exact RTs of that family (V-RT-SINGLE; MULTI separate)
RVT-UG17	371	39.111	4702	exact RT sequences	exact RTs of that family (V-RT-SINGLE; MULTI separate)
RVT-UG17	373	39.5151	4702	exact RT sequences	exact RTs of that family (V-RT-SINGLE; MULTI separate)
RVT-UG17	376	40.2595	4702	exact RT sequences	exact RTs of that family (V-RT-SINGLE; MULTI separate)
RVT-UG17	378	40.5572	4702	exact RT sequences	exact RTs of that family (V-RT-SINGLE; MULTI separate)
RVT-UG17	381	41.0676	4702	exact RT sequences	exact RTs of that family (V-RT-SINGLE; MULTI separate)
RVT-UG17	384	41.812	4702	exact RT sequences	exact RTs of that family (V-RT-SINGLE; MULTI separate)
RVT-UG17	386	42.0672	4702	exact RT sequences	exact RTs of that family (V-RT-SINGLE; MULTI separate)
RVT-UG17	388	42.5138	4702	exact RT sequences	exact RTs of that family (V-RT-SINGLE; MULTI separate)
RVT-UG17	391	43.0668	4702	exact RT sequences	exact RTs of that family (V-RT-SINGLE; MULTI separate)
RVT-UG17	394	43.5985	4702	exact RT sequences	exact RTs of that family (V-RT-SINGLE; MULTI separate)
RVT-UG17	397	44.1727	4702	exact RT sequences	exact RTs of that family (V-RT-SINGLE; MULTI separate)
RVT-UG17	400	44.7044	4702	exact RT sequences	exact RTs of that family (V-RT-SINGLE; MULTI separate)
RVT-UG17	402	45.2361	4702	exact RT sequences	exact RTs of that family (V-RT-SINGLE; MULTI separate)
RVT-UG17	404	45.6827	4702	exact RT sequences	exact RTs of that family (V-RT-SINGLE; MULTI separate)
RVT-UG17	405	46.0017	4702	exact RT sequences	exact RTs of that family (V-RT-SINGLE; MULTI separate)
RVT-UG17	408	46.4909	4702	exact RT sequences	exact RTs of that family (V-RT-SINGLE; MULTI separate)
RVT-UG17	411	47.1289	4702	exact RT sequences	exact RTs of that family (V-RT-SINGLE; MULTI separate)
RVT-UG17	413	47.533	4702	exact RT sequences	exact RTs of that family (V-RT-SINGLE; MULTI separate)
RVT-UG17	415	48.0221	4702	exact RT sequences	exact RTs of that family (V-RT-SINGLE; MULTI separate)
RVT-UG17	419	48.6176	4702	exact RT sequences	exact RTs of that family (V-RT-SINGLE; MULTI separate)
RVT-UG17	421	49.0004	4702	exact RT sequences	exact RTs of that family (V-RT-SINGLE; MULTI separate)
RVT-UG17	424	49.5108	4702	exact RT sequences	exact RTs of that family (V-RT-SINGLE; MULTI separate)
RVT-UG17	427	50.0	4702	exact RT sequences	exact RTs of that family (V-RT-SINGLE; MULTI separate)
RVT-UG17	429	50.5955	4702	exact RT sequences	exact RTs of that family (V-RT-SINGLE; MULTI separate)
RVT-UG17	432	51.2761	4702	exact RT sequences	exact RTs of that family (V-RT-SINGLE; MULTI separate)
RVT-UG17	433	51.5525	4702	exact RT sequences	exact RTs of that family (V-RT-SINGLE; MULTI separate)
RVT-UG17	436	53.3815	4702	exact RT sequences	exact RTs of that family (V-RT-SINGLE; MULTI separate)
RVT-UG17	437	53.977	4702	exact RT sequences	exact RTs of that family (V-RT-SINGLE; MULTI separate)
RVT-UG17	438	54.5087	4702	exact RT sequences	exact RTs of that family (V-RT-SINGLE; MULTI separate)
RVT-UG17	438	54.5087	4702	exact RT sequences	exact RTs of that family (V-RT-SINGLE; MULTI separate)
RVT-UG17	439	55.402	4702	exact RT sequences	exact RTs of that family (V-RT-SINGLE; MULTI separate)
RVT-UG17	440	56.3377	4702	exact RT sequences	exact RTs of that family (V-RT-SINGLE; MULTI separate)
RVT-UG17	441	56.9545	4702	exact RT sequences	exact RTs of that family (V-RT-SINGLE; MULTI separate)
RVT-UG17	442	58.1455	4702	exact RT sequences	exact RTs of that family (V-RT-SINGLE; MULTI separate)
RVT-UG17	443	61.208	4702	exact RT sequences	exact RTs of that family (V-RT-SINGLE; MULTI separate)
RVT-UG17	444	63.9515	4702	exact RT sequences	exact RTs of that family (V-RT-SINGLE; MULTI separate)
RVT-UG17	445	65.4828	4702	exact RT sequences	exact RTs of that family (V-RT-SINGLE; MULTI separate)
RVT-UG17	446	66.695	4702	exact RT sequences	exact RTs of that family (V-RT-SINGLE; MULTI separate)
RVT-UG17	447	68.3114	4702	exact RT sequences	exact RTs of that family (V-RT-SINGLE; MULTI separate)
RVT-UG17	448	68.6942	4702	exact RT sequences	exact RTs of that family (V-RT-SINGLE; MULTI separate)
RVT-UG17	449	69.1408	4702	exact RT sequences	exact RTs of that family (V-RT-SINGLE; MULTI separate)
RVT-UG17	450	69.6937	4702	exact RT sequences	exact RTs of that family (V-RT-SINGLE; MULTI separate)
RVT-UG17	451	70.3956	4702	exact RT sequences	exact RTs of that family (V-RT-SINGLE; MULTI separate)
RVT-UG17	452	71.5228	4702	exact RT sequences	exact RTs of that family (V-RT-SINGLE; MULTI separate)
RVT-UG17	453	72.5861	4702	exact RT sequences	exact RTs of that family (V-RT-SINGLE; MULTI separate)
RVT-UG17	454	76.5419	4702	exact RT sequences	exact RTs of that family (V-RT-SINGLE; MULTI separate)
RVT-UG17	455	77.3713	4702	exact RT sequences	exact RTs of that family (V-RT-SINGLE; MULTI separate)
RVT-UG17	456	83.071	4702	exact RT sequences	exact RTs of that family (V-RT-SINGLE; MULTI separate)
RVT-UG17	457	84.7512	4702	exact RT sequences	exact RTs of that family (V-RT-SINGLE; MULTI separate)
RVT-UG17	458	85.6231	4702	exact RT sequences	exact RTs of that family (V-RT-SINGLE; MULTI separate)
RVT-UG17	459	86.2186	4702	exact RT sequences	exact RTs of that family (V-RT-SINGLE; MULTI separate)
RVT-UG17	460	87.0268	4702	exact RT sequences	exact RTs of that family (V-RT-SINGLE; MULTI separate)
RVT-UG17	462	87.9838	4702	exact RT sequences	exact RTs of that family (V-RT-SINGLE; MULTI separate)
RVT-UG17	462	87.9838	4702	exact RT sequences	exact RTs of that family (V-RT-SINGLE; MULTI separate)
RVT-UG17	463	89.0259	4702	exact RT sequences	exact RTs of that family (V-RT-SINGLE; MULTI separate)
RVT-UG17	465	89.6427	4702	exact RT sequences	exact RTs of that family (V-RT-SINGLE; MULTI separate)
RVT-UG17	466	90.302	4702	exact RT sequences	exact RTs of that family (V-RT-SINGLE; MULTI separate)
RVT-UG17	468	90.8975	4702	exact RT sequences	exact RTs of that family (V-RT-SINGLE; MULTI separate)
RVT-UG17	469	94.0451	4702	exact RT sequences	exact RTs of that family (V-RT-SINGLE; MULTI separate)
RVT-UG17	472	94.4917	4702	exact RT sequences	exact RTs of that family (V-RT-SINGLE; MULTI separate)
RVT-UG17	476	95.0872	4702	exact RT sequences	exact RTs of that family (V-RT-SINGLE; MULTI separate)
RVT-UG17	478	96.2356	4702	exact RT sequences	exact RTs of that family (V-RT-SINGLE; MULTI separate)
RVT-UG17	479	96.5121	4702	exact RT sequences	exact RTs of that family (V-RT-SINGLE; MULTI separate)
RVT-UG17	485	97.0013	4702	exact RT sequences	exact RTs of that family (V-RT-SINGLE; MULTI separate)
RVT-UG17	490	97.533	4702	exact RT sequences	exact RTs of that family (V-RT-SINGLE; MULTI separate)
RVT-UG17	500	98.0647	4702	exact RT sequences	exact RTs of that family (V-RT-SINGLE; MULTI separate)
RVT-UG17	541	98.7027	4702	exact RT sequences	exact RTs of that family (V-RT-SINGLE; MULTI separate)
RVT-UG17	631	98.9792	4702	exact RT sequences	exact RTs of that family (V-RT-SINGLE; MULTI separate)
RVT-UG17	688	99.4896	4702	exact RT sequences	exact RTs of that family (V-RT-SINGLE; MULTI separate)
RVT-UG17	1325	100.0	4702	exact RT sequences	exact RTs of that family (V-RT-SINGLE; MULTI separate)
RVT-UG2	31	0.0119	8423	exact RT sequences	exact RTs of that family (V-RT-SINGLE; MULTI separate)
RVT-UG2	77	0.5224	8423	exact RT sequences	exact RTs of that family (V-RT-SINGLE; MULTI separate)
RVT-UG2	90	1.0685	8423	exact RT sequences	exact RTs of that family (V-RT-SINGLE; MULTI separate)
RVT-UG2	104	1.5315	8423	exact RT sequences	exact RTs of that family (V-RT-SINGLE; MULTI separate)
RVT-UG2	116	2.0302	8423	exact RT sequences	exact RTs of that family (V-RT-SINGLE; MULTI separate)
RVT-UG2	127	2.5763	8423	exact RT sequences	exact RTs of that family (V-RT-SINGLE; MULTI separate)
RVT-UG2	134	3.0393	8423	exact RT sequences	exact RTs of that family (V-RT-SINGLE; MULTI separate)
RVT-UG2	140	3.5617	8423	exact RT sequences	exact RTs of that family (V-RT-SINGLE; MULTI separate)
RVT-UG2	146	4.0841	8423	exact RT sequences	exact RTs of that family (V-RT-SINGLE; MULTI separate)
RVT-UG2	151	4.5352	8423	exact RT sequences	exact RTs of that family (V-RT-SINGLE; MULTI separate)
RVT-UG2	157	5.0695	8423	exact RT sequences	exact RTs of that family (V-RT-SINGLE; MULTI separate)
RVT-UG2	161	5.5206	8423	exact RT sequences	exact RTs of that family (V-RT-SINGLE; MULTI separate)
RVT-UG2	166	6.043	8423	exact RT sequences	exact RTs of that family (V-RT-SINGLE; MULTI separate)
RVT-UG2	171	6.6128	8423	exact RT sequences	exact RTs of that family (V-RT-SINGLE; MULTI separate)
RVT-UG2	174	7.0165	8423	exact RT sequences	exact RTs of that family (V-RT-SINGLE; MULTI separate)
RVT-UG2	178	7.6932	8423	exact RT sequences	exact RTs of that family (V-RT-SINGLE; MULTI separate)
RVT-UG2	180	8.2037	8423	exact RT sequences	exact RTs of that family (V-RT-SINGLE; MULTI separate)
RVT-UG2	182	8.6549	8423	exact RT sequences	exact RTs of that family (V-RT-SINGLE; MULTI separate)
RVT-UG2	184	9.0229	8423	exact RT sequences	exact RTs of that family (V-RT-SINGLE; MULTI separate)
RVT-UG2	188	9.6047	8423	exact RT sequences	exact RTs of that family (V-RT-SINGLE; MULTI separate)
RVT-UG2	191	10.1152	8423	exact RT sequences	exact RTs of that family (V-RT-SINGLE; MULTI separate)
RVT-UG2	194	10.6732	8423	exact RT sequences	exact RTs of that family (V-RT-SINGLE; MULTI separate)
RVT-UG2	197	11.1362	8423	exact RT sequences	exact RTs of that family (V-RT-SINGLE; MULTI separate)
RVT-UG2	200	11.5992	8423	exact RT sequences	exact RTs of that family (V-RT-SINGLE; MULTI separate)
RVT-UG2	203	12.0028	8423	exact RT sequences	exact RTs of that family (V-RT-SINGLE; MULTI separate)
RVT-UG2	206	12.5371	8423	exact RT sequences	exact RTs of that family (V-RT-SINGLE; MULTI separate)
RVT-UG2	209	13.1307	8423	exact RT sequences	exact RTs of that family (V-RT-SINGLE; MULTI separate)
RVT-UG2	211	13.5225	8423	exact RT sequences	exact RTs of that family (V-RT-SINGLE; MULTI separate)
RVT-UG2	215	14.1873	8423	exact RT sequences	exact RTs of that family (V-RT-SINGLE; MULTI separate)
RVT-UG2	218	14.7335	8423	exact RT sequences	exact RTs of that family (V-RT-SINGLE; MULTI separate)
RVT-UG2	220	15.0896	8423	exact RT sequences	exact RTs of that family (V-RT-SINGLE; MULTI separate)
RVT-UG2	224	15.6832	8423	exact RT sequences	exact RTs of that family (V-RT-SINGLE; MULTI separate)
RVT-UG2	226	16.0157	8423	exact RT sequences	exact RTs of that family (V-RT-SINGLE; MULTI separate)
RVT-UG2	229	16.5262	8423	exact RT sequences	exact RTs of that family (V-RT-SINGLE; MULTI separate)
RVT-UG2	232	17.0723	8423	exact RT sequences	exact RTs of that family (V-RT-SINGLE; MULTI separate)
RVT-UG2	235	17.5353	8423	exact RT sequences	exact RTs of that family (V-RT-SINGLE; MULTI separate)
RVT-UG2	239	18.0696	8423	exact RT sequences	exact RTs of that family (V-RT-SINGLE; MULTI separate)
RVT-UG2	242	18.5326	8423	exact RT sequences	exact RTs of that family (V-RT-SINGLE; MULTI separate)
RVT-UG2	246	19.0668	8423	exact RT sequences	exact RTs of that family (V-RT-SINGLE; MULTI separate)
RVT-UG2	251	19.5299	8423	exact RT sequences	exact RTs of that family (V-RT-SINGLE; MULTI separate)
RVT-UG2	254	20.0047	8423	exact RT sequences	exact RTs of that family (V-RT-SINGLE; MULTI separate)
RVT-UG2	259	20.5746	8423	exact RT sequences	exact RTs of that family (V-RT-SINGLE; MULTI separate)
RVT-UG2	263	21.0139	8423	exact RT sequences	exact RTs of that family (V-RT-SINGLE; MULTI separate)
RVT-UG2	267	21.5007	8423	exact RT sequences	exact RTs of that family (V-RT-SINGLE; MULTI separate)
RVT-UG2	272	22.0468	8423	exact RT sequences	exact RTs of that family (V-RT-SINGLE; MULTI separate)
RVT-UG2	276	22.5217	8423	exact RT sequences	exact RTs of that family (V-RT-SINGLE; MULTI separate)
RVT-UG2	281	23.0203	8423	exact RT sequences	exact RTs of that family (V-RT-SINGLE; MULTI separate)
RVT-UG2	284	23.5427	8423	exact RT sequences	exact RTs of that family (V-RT-SINGLE; MULTI separate)
RVT-UG2	289	24.0769	8423	exact RT sequences	exact RTs of that family (V-RT-SINGLE; MULTI separate)
RVT-UG2	294	24.5993	8423	exact RT sequences	exact RTs of that family (V-RT-SINGLE; MULTI separate)
RVT-UG2	298	25.1573	8423	exact RT sequences	exact RTs of that family (V-RT-SINGLE; MULTI separate)
RVT-UG2	301	25.561	8423	exact RT sequences	exact RTs of that family (V-RT-SINGLE; MULTI separate)
RVT-UG2	305	26.0359	8423	exact RT sequences	exact RTs of that family (V-RT-SINGLE; MULTI separate)
RVT-UG2	309	26.5345	8423	exact RT sequences	exact RTs of that family (V-RT-SINGLE; MULTI separate)
RVT-UG2	315	27.0806	8423	exact RT sequences	exact RTs of that family (V-RT-SINGLE; MULTI separate)
RVT-UG2	318	27.5792	8423	exact RT sequences	exact RTs of that family (V-RT-SINGLE; MULTI separate)
RVT-UG2	323	28.066	8423	exact RT sequences	exact RTs of that family (V-RT-SINGLE; MULTI separate)
RVT-UG2	326	28.5884	8423	exact RT sequences	exact RTs of that family (V-RT-SINGLE; MULTI separate)
RVT-UG2	329	29.0989	8423	exact RT sequences	exact RTs of that family (V-RT-SINGLE; MULTI separate)
RVT-UG2	333	29.5382	8423	exact RT sequences	exact RTs of that family (V-RT-SINGLE; MULTI separate)
RVT-UG2	337	30.0012	8423	exact RT sequences	exact RTs of that family (V-RT-SINGLE; MULTI separate)
RVT-UG2	341	30.4998	8423	exact RT sequences	exact RTs of that family (V-RT-SINGLE; MULTI separate)
RVT-UG2	345	31.0816	8423	exact RT sequences	exact RTs of that family (V-RT-SINGLE; MULTI separate)
RVT-UG2	349	31.5921	8423	exact RT sequences	exact RTs of that family (V-RT-SINGLE; MULTI separate)
RVT-UG2	351	32.067	8423	exact RT sequences	exact RTs of that family (V-RT-SINGLE; MULTI separate)
RVT-UG2	355	32.5181	8423	exact RT sequences	exact RTs of that family (V-RT-SINGLE; MULTI separate)
RVT-UG2	360	33.088	8423	exact RT sequences	exact RTs of that family (V-RT-SINGLE; MULTI separate)
RVT-UG2	364	33.5747	8423	exact RT sequences	exact RTs of that family (V-RT-SINGLE; MULTI separate)
RVT-UG2	368	34.0852	8423	exact RT sequences	exact RTs of that family (V-RT-SINGLE; MULTI separate)
RVT-UG2	373	34.6195	8423	exact RT sequences	exact RTs of that family (V-RT-SINGLE; MULTI separate)
RVT-UG2	377	35.0944	8423	exact RT sequences	exact RTs of that family (V-RT-SINGLE; MULTI separate)
RVT-UG2	384	35.5574	8423	exact RT sequences	exact RTs of that family (V-RT-SINGLE; MULTI separate)
RVT-UG2	389	36.0442	8423	exact RT sequences	exact RTs of that family (V-RT-SINGLE; MULTI separate)
RVT-UG2	392	36.5072	8423	exact RT sequences	exact RTs of that family (V-RT-SINGLE; MULTI separate)
RVT-UG2	396	37.0177	8423	exact RT sequences	exact RTs of that family (V-RT-SINGLE; MULTI separate)
RVT-UG2	400	37.5045	8423	exact RT sequences	exact RTs of that family (V-RT-SINGLE; MULTI separate)
RVT-UG2	405	38.015	8423	exact RT sequences	exact RTs of that family (V-RT-SINGLE; MULTI separate)
RVT-UG2	409	38.7154	8423	exact RT sequences	exact RTs of that family (V-RT-SINGLE; MULTI separate)
RVT-UG2	412	39.1428	8423	exact RT sequences	exact RTs of that family (V-RT-SINGLE; MULTI separate)
RVT-UG2	414	39.5584	8423	exact RT sequences	exact RTs of that family (V-RT-SINGLE; MULTI separate)
RVT-UG2	417	40.057	8423	exact RT sequences	exact RTs of that family (V-RT-SINGLE; MULTI separate)
RVT-UG2	420	40.5081	8423	exact RT sequences	exact RTs of that family (V-RT-SINGLE; MULTI separate)
RVT-UG2	422	41.1611	8423	exact RT sequences	exact RTs of that family (V-RT-SINGLE; MULTI separate)
RVT-UG2	423	41.7072	8423	exact RT sequences	exact RTs of that family (V-RT-SINGLE; MULTI separate)
RVT-UG2	424	42.2059	8423	exact RT sequences	exact RTs of that family (V-RT-SINGLE; MULTI separate)
RVT-UG2	425	43.7018	8423	exact RT sequences	exact RTs of that family (V-RT-SINGLE; MULTI separate)
RVT-UG2	426	44.2123	8423	exact RT sequences	exact RTs of that family (V-RT-SINGLE; MULTI separate)
RVT-UG2	427	46.4917	8423	exact RT sequences	exact RTs of that family (V-RT-SINGLE; MULTI separate)
RVT-UG2	428	47.679	8423	exact RT sequences	exact RTs of that family (V-RT-SINGLE; MULTI separate)
RVT-UG2	429	48.5813	8423	exact RT sequences	exact RTs of that family (V-RT-SINGLE; MULTI separate)
RVT-UG2	430	49.5192	8423	exact RT sequences	exact RTs of that family (V-RT-SINGLE; MULTI separate)
RVT-UG2	431	50.5995	8423	exact RT sequences	exact RTs of that family (V-RT-SINGLE; MULTI separate)
RVT-UG2	432	51.395	8423	exact RT sequences	exact RTs of that family (V-RT-SINGLE; MULTI separate)
RVT-UG2	433	51.7868	8423	exact RT sequences	exact RTs of that family (V-RT-SINGLE; MULTI separate)
RVT-UG2	434	52.2379	8423	exact RT sequences	exact RTs of that family (V-RT-SINGLE; MULTI separate)
RVT-UG2	435	52.6178	8423	exact RT sequences	exact RTs of that family (V-RT-SINGLE; MULTI separate)
RVT-UG2	436	53.8051	8423	exact RT sequences	exact RTs of that family (V-RT-SINGLE; MULTI separate)
RVT-UG2	437	54.4343	8423	exact RT sequences	exact RTs of that family (V-RT-SINGLE; MULTI separate)
RVT-UG2	438	55.6453	8423	exact RT sequences	exact RTs of that family (V-RT-SINGLE; MULTI separate)
RVT-UG2	439	56.0252	8423	exact RT sequences	exact RTs of that family (V-RT-SINGLE; MULTI separate)
RVT-UG2	440	56.7494	8423	exact RT sequences	exact RTs of that family (V-RT-SINGLE; MULTI separate)
RVT-UG2	441	58.269	8423	exact RT sequences	exact RTs of that family (V-RT-SINGLE; MULTI separate)
RVT-UG2	442	58.9695	8423	exact RT sequences	exact RTs of that family (V-RT-SINGLE; MULTI separate)
RVT-UG2	443	59.5631	8423	exact RT sequences	exact RTs of that family (V-RT-SINGLE; MULTI separate)
RVT-UG2	444	60.3704	8423	exact RT sequences	exact RTs of that family (V-RT-SINGLE; MULTI separate)
RVT-UG2	445	61.0234	8423	exact RT sequences	exact RTs of that family (V-RT-SINGLE; MULTI separate)
RVT-UG2	446	61.6645	8423	exact RT sequences	exact RTs of that family (V-RT-SINGLE; MULTI separate)
RVT-UG2	448	62.9586	8423	exact RT sequences	exact RTs of that family (V-RT-SINGLE; MULTI separate)
RVT-UG2	449	63.4691	8423	exact RT sequences	exact RTs of that family (V-RT-SINGLE; MULTI separate)
RVT-UG2	450	63.9915	8423	exact RT sequences	exact RTs of that family (V-RT-SINGLE; MULTI separate)
RVT-UG2	451	64.9887	8423	exact RT sequences	exact RTs of that family (V-RT-SINGLE; MULTI separate)
RVT-UG2	452	65.3093	8423	exact RT sequences	exact RTs of that family (V-RT-SINGLE; MULTI separate)
RVT-UG2	453	65.8554	8423	exact RT sequences	exact RTs of that family (V-RT-SINGLE; MULTI separate)
RVT-UG2	454	66.2709	8423	exact RT sequences	exact RTs of that family (V-RT-SINGLE; MULTI separate)
RVT-UG2	455	66.9833	8423	exact RT sequences	exact RTs of that family (V-RT-SINGLE; MULTI separate)
RVT-UG2	456	67.7906	8423	exact RT sequences	exact RTs of that family (V-RT-SINGLE; MULTI separate)
RVT-UG2	457	68.2061	8423	exact RT sequences	exact RTs of that family (V-RT-SINGLE; MULTI separate)
RVT-UG2	458	68.7047	8423	exact RT sequences	exact RTs of that family (V-RT-SINGLE; MULTI separate)
RVT-UG2	459	69.1203	8423	exact RT sequences	exact RTs of that family (V-RT-SINGLE; MULTI separate)
RVT-UG2	460	69.9276	8423	exact RT sequences	exact RTs of that family (V-RT-SINGLE; MULTI separate)
RVT-UG2	461	70.3312	8423	exact RT sequences	exact RTs of that family (V-RT-SINGLE; MULTI separate)
RVT-UG2	462	70.7468	8423	exact RT sequences	exact RTs of that family (V-RT-SINGLE; MULTI separate)
RVT-UG2	464	71.3404	8423	exact RT sequences	exact RTs of that family (V-RT-SINGLE; MULTI separate)
RVT-UG2	465	71.6609	8423	exact RT sequences	exact RTs of that family (V-RT-SINGLE; MULTI separate)
RVT-UG2	466	72.3495	8423	exact RT sequences	exact RTs of that family (V-RT-SINGLE; MULTI separate)
RVT-UG2	467	72.8956	8423	exact RT sequences	exact RTs of that family (V-RT-SINGLE; MULTI separate)
RVT-UG2	468	73.2162	8423	exact RT sequences	exact RTs of that family (V-RT-SINGLE; MULTI separate)
RVT-UG2	469	73.5486	8423	exact RT sequences	exact RTs of that family (V-RT-SINGLE; MULTI separate)
RVT-UG2	470	74.0116	8423	exact RT sequences	exact RTs of that family (V-RT-SINGLE; MULTI separate)
RVT-UG2	471	74.5815	8423	exact RT sequences	exact RTs of that family (V-RT-SINGLE; MULTI separate)
RVT-UG2	473	75.2701	8423	exact RT sequences	exact RTs of that family (V-RT-SINGLE; MULTI separate)
RVT-UG2	474	75.5432	8423	exact RT sequences	exact RTs of that family (V-RT-SINGLE; MULTI separate)
RVT-UG2	476	76.1368	8423	exact RT sequences	exact RTs of that family (V-RT-SINGLE; MULTI separate)
RVT-UG2	477	76.8966	8423	exact RT sequences	exact RTs of that family (V-RT-SINGLE; MULTI separate)
RVT-UG2	478	77.3477	8423	exact RT sequences	exact RTs of that family (V-RT-SINGLE; MULTI separate)
RVT-UG2	479	77.7277	8423	exact RT sequences	exact RTs of that family (V-RT-SINGLE; MULTI separate)
RVT-UG2	481	78.0838	8423	exact RT sequences	exact RTs of that family (V-RT-SINGLE; MULTI separate)
RVT-UG2	483	78.5468	8423	exact RT sequences	exact RTs of that family (V-RT-SINGLE; MULTI separate)
RVT-UG2	484	79.4966	8423	exact RT sequences	exact RTs of that family (V-RT-SINGLE; MULTI separate)
RVT-UG2	484	79.4966	8423	exact RT sequences	exact RTs of that family (V-RT-SINGLE; MULTI separate)
RVT-UG2	486	80.0902	8423	exact RT sequences	exact RTs of that family (V-RT-SINGLE; MULTI separate)
RVT-UG2	488	80.5532	8423	exact RT sequences	exact RTs of that family (V-RT-SINGLE; MULTI separate)
RVT-UG2	491	81.2656	8423	exact RT sequences	exact RTs of that family (V-RT-SINGLE; MULTI separate)
RVT-UG2	492	81.5149	8423	exact RT sequences	exact RTs of that family (V-RT-SINGLE; MULTI separate)
RVT-UG2	495	82.2154	8423	exact RT sequences	exact RTs of that family (V-RT-SINGLE; MULTI separate)
RVT-UG2	497	82.8921	8423	exact RT sequences	exact RTs of that family (V-RT-SINGLE; MULTI separate)
RVT-UG2	498	83.1889	8423	exact RT sequences	exact RTs of that family (V-RT-SINGLE; MULTI separate)
RVT-UG2	499	83.4976	8423	exact RT sequences	exact RTs of that family (V-RT-SINGLE; MULTI separate)
RVT-UG2	501	84.2218	8423	exact RT sequences	exact RTs of that family (V-RT-SINGLE; MULTI separate)
RVT-UG2	502	84.6729	8423	exact RT sequences	exact RTs of that family (V-RT-SINGLE; MULTI separate)
RVT-UG2	503	85.0766	8423	exact RT sequences	exact RTs of that family (V-RT-SINGLE; MULTI separate)
RVT-UG2	505	85.8483	8423	exact RT sequences	exact RTs of that family (V-RT-SINGLE; MULTI separate)
RVT-UG2	506	86.157	8423	exact RT sequences	exact RTs of that family (V-RT-SINGLE; MULTI separate)
RVT-UG2	507	86.525	8423	exact RT sequences	exact RTs of that family (V-RT-SINGLE; MULTI separate)
RVT-UG2	509	87.1305	8423	exact RT sequences	exact RTs of that family (V-RT-SINGLE; MULTI separate)
RVT-UG2	511	87.8309	8423	exact RT sequences	exact RTs of that family (V-RT-SINGLE; MULTI separate)
RVT-UG2	512	88.2227	8423	exact RT sequences	exact RTs of that family (V-RT-SINGLE; MULTI separate)
RVT-UG2	513	88.6145	8423	exact RT sequences	exact RTs of that family (V-RT-SINGLE; MULTI separate)
RVT-UG2	515	89.1725	8423	exact RT sequences	exact RTs of that family (V-RT-SINGLE; MULTI separate)
RVT-UG2	516	89.5762	8423	exact RT sequences	exact RTs of that family (V-RT-SINGLE; MULTI separate)
RVT-UG2	518	90.4666	8423	exact RT sequences	exact RTs of that family (V-RT-SINGLE; MULTI separate)
RVT-UG2	519	90.799	8423	exact RT sequences	exact RTs of that family (V-RT-SINGLE; MULTI separate)
RVT-UG2	520	91.0008	8423	exact RT sequences	exact RTs of that family (V-RT-SINGLE; MULTI separate)
RVT-UG2	522	91.6182	8423	exact RT sequences	exact RTs of that family (V-RT-SINGLE; MULTI separate)
RVT-UG2	523	92.0456	8423	exact RT sequences	exact RTs of that family (V-RT-SINGLE; MULTI separate)
RVT-UG2	525	92.6748	8423	exact RT sequences	exact RTs of that family (V-RT-SINGLE; MULTI separate)
RVT-UG2	527	93.3515	8423	exact RT sequences	exact RTs of that family (V-RT-SINGLE; MULTI separate)
RVT-UG2	528	93.7789	8423	exact RT sequences	exact RTs of that family (V-RT-SINGLE; MULTI separate)
RVT-UG2	529	94.0401	8423	exact RT sequences	exact RTs of that family (V-RT-SINGLE; MULTI separate)
RVT-UG2	532	94.61	8423	exact RT sequences	exact RTs of that family (V-RT-SINGLE; MULTI separate)
RVT-UG2	534	95.0018	8423	exact RT sequences	exact RTs of that family (V-RT-SINGLE; MULTI separate)
RVT-UG2	537	95.536	8423	exact RT sequences	exact RTs of that family (V-RT-SINGLE; MULTI separate)
RVT-UG2	539	96.189	8423	exact RT sequences	exact RTs of that family (V-RT-SINGLE; MULTI separate)
RVT-UG2	542	96.5689	8423	exact RT sequences	exact RTs of that family (V-RT-SINGLE; MULTI separate)
RVT-UG2	548	97.115	8423	exact RT sequences	exact RTs of that family (V-RT-SINGLE; MULTI separate)
RVT-UG2	551	97.6612	8423	exact RT sequences	exact RTs of that family (V-RT-SINGLE; MULTI separate)
RVT-UG2	559	98.0055	8423	exact RT sequences	exact RTs of that family (V-RT-SINGLE; MULTI separate)
RVT-UG2	572	98.4922	8423	exact RT sequences	exact RTs of that family (V-RT-SINGLE; MULTI separate)
RVT-UG2	634	98.9909	8423	exact RT sequences	exact RTs of that family (V-RT-SINGLE; MULTI separate)
RVT-UG2	825	99.4895	8423	exact RT sequences	exact RTs of that family (V-RT-SINGLE; MULTI separate)
RVT-UG2	1499	100.0	8423	exact RT sequences	exact RTs of that family (V-RT-SINGLE; MULTI separate)
RVT-UG26	41	0.0253	3954	exact RT sequences	exact RTs of that family (V-RT-SINGLE; MULTI separate)
RVT-UG26	84	0.5058	3954	exact RT sequences	exact RTs of that family (V-RT-SINGLE; MULTI separate)
RVT-UG26	111	1.0116	3954	exact RT sequences	exact RTs of that family (V-RT-SINGLE; MULTI separate)
RVT-UG26	145	1.568	3954	exact RT sequences	exact RTs of that family (V-RT-SINGLE; MULTI separate)
RVT-UG26	165	2.0233	3954	exact RT sequences	exact RTs of that family (V-RT-SINGLE; MULTI separate)
RVT-UG26	177	2.5038	3954	exact RT sequences	exact RTs of that family (V-RT-SINGLE; MULTI separate)
RVT-UG26	184	3.0096	3954	exact RT sequences	exact RTs of that family (V-RT-SINGLE; MULTI separate)
RVT-UG26	191	3.6166	3954	exact RT sequences	exact RTs of that family (V-RT-SINGLE; MULTI separate)
RVT-UG26	198	4.0718	3954	exact RT sequences	exact RTs of that family (V-RT-SINGLE; MULTI separate)
RVT-UG26	206	4.5018	3954	exact RT sequences	exact RTs of that family (V-RT-SINGLE; MULTI separate)
RVT-UG26	213	5.0329	3954	exact RT sequences	exact RTs of that family (V-RT-SINGLE; MULTI separate)
RVT-UG26	220	5.5387	3954	exact RT sequences	exact RTs of that family (V-RT-SINGLE; MULTI separate)
RVT-UG26	227	6.0445	3954	exact RT sequences	exact RTs of that family (V-RT-SINGLE; MULTI separate)
RVT-UG26	235	6.4997	3954	exact RT sequences	exact RTs of that family (V-RT-SINGLE; MULTI separate)
RVT-UG26	246	7.0056	3954	exact RT sequences	exact RTs of that family (V-RT-SINGLE; MULTI separate)
RVT-UG26	257	7.562	3954	exact RT sequences	exact RTs of that family (V-RT-SINGLE; MULTI separate)
RVT-UG26	264	8.1184	3954	exact RT sequences	exact RTs of that family (V-RT-SINGLE; MULTI separate)
RVT-UG26	269	8.5736	3954	exact RT sequences	exact RTs of that family (V-RT-SINGLE; MULTI separate)
RVT-UG26	275	9.0035	3954	exact RT sequences	exact RTs of that family (V-RT-SINGLE; MULTI separate)
RVT-UG26	284	9.5094	3954	exact RT sequences	exact RTs of that family (V-RT-SINGLE; MULTI separate)
RVT-UG26	295	10.091	3954	exact RT sequences	exact RTs of that family (V-RT-SINGLE; MULTI separate)
RVT-UG26	301	10.5463	3954	exact RT sequences	exact RTs of that family (V-RT-SINGLE; MULTI separate)
RVT-UG26	309	11.0015	3954	exact RT sequences	exact RTs of that family (V-RT-SINGLE; MULTI separate)
RVT-UG26	315	11.5073	3954	exact RT sequences	exact RTs of that family (V-RT-SINGLE; MULTI separate)
RVT-UG26	322	12.0384	3954	exact RT sequences	exact RTs of that family (V-RT-SINGLE; MULTI separate)
RVT-UG26	330	12.519	3954	exact RT sequences	exact RTs of that family (V-RT-SINGLE; MULTI separate)
RVT-UG26	338	13.0501	3954	exact RT sequences	exact RTs of that family (V-RT-SINGLE; MULTI separate)
RVT-UG26	343	13.5559	3954	exact RT sequences	exact RTs of that family (V-RT-SINGLE; MULTI separate)
RVT-UG26	350	14.0111	3954	exact RT sequences	exact RTs of that family (V-RT-SINGLE; MULTI separate)
RVT-UG26	358	14.5422	3954	exact RT sequences	exact RTs of that family (V-RT-SINGLE; MULTI separate)
RVT-UG26	365	14.9975	3954	exact RT sequences	exact RTs of that family (V-RT-SINGLE; MULTI separate)
RVT-UG26	372	15.6297	3954	exact RT sequences	exact RTs of that family (V-RT-SINGLE; MULTI separate)
RVT-UG26	378	16.0597	3954	exact RT sequences	exact RTs of that family (V-RT-SINGLE; MULTI separate)
RVT-UG26	384	16.692	3954	exact RT sequences	exact RTs of that family (V-RT-SINGLE; MULTI separate)
RVT-UG26	388	17.0713	3954	exact RT sequences	exact RTs of that family (V-RT-SINGLE; MULTI separate)
RVT-UG26	391	17.653	3954	exact RT sequences	exact RTs of that family (V-RT-SINGLE; MULTI separate)
RVT-UG26	393	18.0324	3954	exact RT sequences	exact RTs of that family (V-RT-SINGLE; MULTI separate)
RVT-UG26	395	19.0693	3954	exact RT sequences	exact RTs of that family (V-RT-SINGLE; MULTI separate)
RVT-UG26	396	20.9408	3954	exact RT sequences	exact RTs of that family (V-RT-SINGLE; MULTI separate)
RVT-UG26	397	22.1042	3954	exact RT sequences	exact RTs of that family (V-RT-SINGLE; MULTI separate)
RVT-UG26	398	25.1391	3954	exact RT sequences	exact RTs of that family (V-RT-SINGLE; MULTI separate)
RVT-UG26	399	28.2246	3954	exact RT sequences	exact RTs of that family (V-RT-SINGLE; MULTI separate)
RVT-UG26	400	32.9287	3954	exact RT sequences	exact RTs of that family (V-RT-SINGLE; MULTI separate)
RVT-UG26	401	37.5063	3954	exact RT sequences	exact RTs of that family (V-RT-SINGLE; MULTI separate)
RVT-UG26	401	37.5063	3954	exact RT sequences	exact RTs of that family (V-RT-SINGLE; MULTI separate)
RVT-UG26	402	43.3738	3954	exact RT sequences	exact RTs of that family (V-RT-SINGLE; MULTI separate)
RVT-UG26	403	47.0916	3954	exact RT sequences	exact RTs of that family (V-RT-SINGLE; MULTI separate)
RVT-UG26	404	50.7334	3954	exact RT sequences	exact RTs of that family (V-RT-SINGLE; MULTI separate)
RVT-UG26	405	53.9707	3954	exact RT sequences	exact RTs of that family (V-RT-SINGLE; MULTI separate)
RVT-UG26	406	57.5367	3954	exact RT sequences	exact RTs of that family (V-RT-SINGLE; MULTI separate)
RVT-UG26	407	59.6611	3954	exact RT sequences	exact RTs of that family (V-RT-SINGLE; MULTI separate)
RVT-UG26	408	62.696	3954	exact RT sequences	exact RTs of that family (V-RT-SINGLE; MULTI separate)
RVT-UG26	409	65.8827	3954	exact RT sequences	exact RTs of that family (V-RT-SINGLE; MULTI separate)
RVT-UG26	410	68.1841	3954	exact RT sequences	exact RTs of that family (V-RT-SINGLE; MULTI separate)
RVT-UG26	411	69.8533	3954	exact RT sequences	exact RTs of that family (V-RT-SINGLE; MULTI separate)
RVT-UG26	412	72.2054	3954	exact RT sequences	exact RTs of that family (V-RT-SINGLE; MULTI separate)
RVT-UG26	413	75.1138	3954	exact RT sequences	exact RTs of that family (V-RT-SINGLE; MULTI separate)
RVT-UG26	414	76.0496	3954	exact RT sequences	exact RTs of that family (V-RT-SINGLE; MULTI separate)
RVT-UG26	415	77.7441	3954	exact RT sequences	exact RTs of that family (V-RT-SINGLE; MULTI separate)
RVT-UG26	416	79.0592	3954	exact RT sequences	exact RTs of that family (V-RT-SINGLE; MULTI separate)
RVT-UG26	417	80.0455	3954	exact RT sequences	exact RTs of that family (V-RT-SINGLE; MULTI separate)
RVT-UG26	418	81.0824	3954	exact RT sequences	exact RTs of that family (V-RT-SINGLE; MULTI separate)
RVT-UG26	419	82.3217	3954	exact RT sequences	exact RTs of that family (V-RT-SINGLE; MULTI separate)
RVT-UG26	420	82.9034	3954	exact RT sequences	exact RTs of that family (V-RT-SINGLE; MULTI separate)
RVT-UG26	421	83.3333	3954	exact RT sequences	exact RTs of that family (V-RT-SINGLE; MULTI separate)
RVT-UG26	422	83.915	3954	exact RT sequences	exact RTs of that family (V-RT-SINGLE; MULTI separate)
RVT-UG26	423	84.6485	3954	exact RT sequences	exact RTs of that family (V-RT-SINGLE; MULTI separate)
RVT-UG26	424	85.306	3954	exact RT sequences	exact RTs of that family (V-RT-SINGLE; MULTI separate)
RVT-UG26	425	85.8118	3954	exact RT sequences	exact RTs of that family (V-RT-SINGLE; MULTI separate)
RVT-UG26	426	86.5706	3954	exact RT sequences	exact RTs of that family (V-RT-SINGLE; MULTI separate)
RVT-UG26	427	87.127	3954	exact RT sequences	exact RTs of that family (V-RT-SINGLE; MULTI separate)
RVT-UG26	428	87.5316	3954	exact RT sequences	exact RTs of that family (V-RT-SINGLE; MULTI separate)
RVT-UG26	429	87.9868	3954	exact RT sequences	exact RTs of that family (V-RT-SINGLE; MULTI separate)
RVT-UG26	431	88.8467	3954	exact RT sequences	exact RTs of that family (V-RT-SINGLE; MULTI separate)
RVT-UG26	432	89.5296	3954	exact RT sequences	exact RTs of that family (V-RT-SINGLE; MULTI separate)
RVT-UG26	433	89.9848	3954	exact RT sequences	exact RTs of that family (V-RT-SINGLE; MULTI separate)
RVT-UG26	436	90.7183	3954	exact RT sequences	exact RTs of that family (V-RT-SINGLE; MULTI separate)
RVT-UG26	438	92.0081	3954	exact RT sequences	exact RTs of that family (V-RT-SINGLE; MULTI separate)
RVT-UG26	441	92.6151	3954	exact RT sequences	exact RTs of that family (V-RT-SINGLE; MULTI separate)
RVT-UG26	444	93.045	3954	exact RT sequences	exact RTs of that family (V-RT-SINGLE; MULTI separate)
RVT-UG26	447	93.5761	3954	exact RT sequences	exact RTs of that family (V-RT-SINGLE; MULTI separate)
RVT-UG26	450	94.0061	3954	exact RT sequences	exact RTs of that family (V-RT-SINGLE; MULTI separate)
RVT-UG26	455	94.5625	3954	exact RT sequences	exact RTs of that family (V-RT-SINGLE; MULTI separate)
RVT-UG26	459	95.0177	3954	exact RT sequences	exact RTs of that family (V-RT-SINGLE; MULTI separate)
RVT-UG26	467	95.4982	3954	exact RT sequences	exact RTs of that family (V-RT-SINGLE; MULTI separate)
RVT-UG26	477	95.9788	3954	exact RT sequences	exact RTs of that family (V-RT-SINGLE; MULTI separate)
RVT-UG26	487	96.8639	3954	exact RT sequences	exact RTs of that family (V-RT-SINGLE; MULTI separate)
RVT-UG26	493	96.9904	3954	exact RT sequences	exact RTs of that family (V-RT-SINGLE; MULTI separate)
RVT-UG26	533	97.4962	3954	exact RT sequences	exact RTs of that family (V-RT-SINGLE; MULTI separate)
RVT-UG26	666	97.9767	3954	exact RT sequences	exact RTs of that family (V-RT-SINGLE; MULTI separate)
RVT-UG26	738	98.5331	3954	exact RT sequences	exact RTs of that family (V-RT-SINGLE; MULTI separate)
RVT-UG26	962	98.9884	3954	exact RT sequences	exact RTs of that family (V-RT-SINGLE; MULTI separate)
RVT-UG26	1247	99.4942	3954	exact RT sequences	exact RTs of that family (V-RT-SINGLE; MULTI separate)
RVT-UG26	2221	100.0	3954	exact RT sequences	exact RTs of that family (V-RT-SINGLE; MULTI separate)
RVT-UG3	37	0.0172	5821	exact RT sequences	exact RTs of that family (V-RT-SINGLE; MULTI separate)
RVT-UG3	90	0.5326	5821	exact RT sequences	exact RTs of that family (V-RT-SINGLE; MULTI separate)
RVT-UG3	111	1.0136	5821	exact RT sequences	exact RTs of that family (V-RT-SINGLE; MULTI separate)
RVT-UG3	129	1.5461	5821	exact RT sequences	exact RTs of that family (V-RT-SINGLE; MULTI separate)
RVT-UG3	145	2.0271	5821	exact RT sequences	exact RTs of that family (V-RT-SINGLE; MULTI separate)
RVT-UG3	153	2.5425	5821	exact RT sequences	exact RTs of that family (V-RT-SINGLE; MULTI separate)
RVT-UG3	160	3.0064	5821	exact RT sequences	exact RTs of that family (V-RT-SINGLE; MULTI separate)
RVT-UG3	168	3.5561	5821	exact RT sequences	exact RTs of that family (V-RT-SINGLE; MULTI separate)
RVT-UG3	174	4.0715	5821	exact RT sequences	exact RTs of that family (V-RT-SINGLE; MULTI separate)
RVT-UG3	178	4.5181	5821	exact RT sequences	exact RTs of that family (V-RT-SINGLE; MULTI separate)
RVT-UG3	183	5.1538	5821	exact RT sequences	exact RTs of that family (V-RT-SINGLE; MULTI separate)
RVT-UG3	188	5.6519	5821	exact RT sequences	exact RTs of that family (V-RT-SINGLE; MULTI separate)
RVT-UG3	192	6.1501	5821	exact RT sequences	exact RTs of that family (V-RT-SINGLE; MULTI separate)
RVT-UG3	196	6.6483	5821	exact RT sequences	exact RTs of that family (V-RT-SINGLE; MULTI separate)
RVT-UG3	199	7.0435	5821	exact RT sequences	exact RTs of that family (V-RT-SINGLE; MULTI separate)
RVT-UG3	204	7.5417	5821	exact RT sequences	exact RTs of that family (V-RT-SINGLE; MULTI separate)
RVT-UG3	209	8.1258	5821	exact RT sequences	exact RTs of that family (V-RT-SINGLE; MULTI separate)
RVT-UG3	213	8.6411	5821	exact RT sequences	exact RTs of that family (V-RT-SINGLE; MULTI separate)
RVT-UG3	215	9.0706	5821	exact RT sequences	exact RTs of that family (V-RT-SINGLE; MULTI separate)
RVT-UG3	220	9.5344	5821	exact RT sequences	exact RTs of that family (V-RT-SINGLE; MULTI separate)
RVT-UG3	223	10.0326	5821	exact RT sequences	exact RTs of that family (V-RT-SINGLE; MULTI separate)
RVT-UG3	227	10.7026	5821	exact RT sequences	exact RTs of that family (V-RT-SINGLE; MULTI separate)
RVT-UG3	230	11.0634	5821	exact RT sequences	exact RTs of that family (V-RT-SINGLE; MULTI separate)
RVT-UG3	232	11.51	5821	exact RT sequences	exact RTs of that family (V-RT-SINGLE; MULTI separate)
RVT-UG3	236	12.2316	5821	exact RT sequences	exact RTs of that family (V-RT-SINGLE; MULTI separate)
RVT-UG3	237	12.5236	5821	exact RT sequences	exact RTs of that family (V-RT-SINGLE; MULTI separate)
RVT-UG3	241	13.0734	5821	exact RT sequences	exact RTs of that family (V-RT-SINGLE; MULTI separate)
RVT-UG3	244	13.5372	5821	exact RT sequences	exact RTs of that family (V-RT-SINGLE; MULTI separate)
RVT-UG3	247	14.001	5821	exact RT sequences	exact RTs of that family (V-RT-SINGLE; MULTI separate)
RVT-UG3	251	14.6367	5821	exact RT sequences	exact RTs of that family (V-RT-SINGLE; MULTI separate)
RVT-UG3	254	15.0661	5821	exact RT sequences	exact RTs of that family (V-RT-SINGLE; MULTI separate)
RVT-UG3	257	15.5643	5821	exact RT sequences	exact RTs of that family (V-RT-SINGLE; MULTI separate)
RVT-UG3	260	16.0625	5821	exact RT sequences	exact RTs of that family (V-RT-SINGLE; MULTI separate)
RVT-UG3	264	16.6466	5821	exact RT sequences	exact RTs of that family (V-RT-SINGLE; MULTI separate)
RVT-UG3	266	17.0074	5821	exact RT sequences	exact RTs of that family (V-RT-SINGLE; MULTI separate)
RVT-UG3	270	17.6087	5821	exact RT sequences	exact RTs of that family (V-RT-SINGLE; MULTI separate)
RVT-UG3	273	18.1584	5821	exact RT sequences	exact RTs of that family (V-RT-SINGLE; MULTI separate)
RVT-UG3	275	18.6394	5821	exact RT sequences	exact RTs of that family (V-RT-SINGLE; MULTI separate)
RVT-UG3	278	19.1548	5821	exact RT sequences	exact RTs of that family (V-RT-SINGLE; MULTI separate)
RVT-UG3	280	19.5155	5821	exact RT sequences	exact RTs of that family (V-RT-SINGLE; MULTI separate)
RVT-UG3	282	20.0137	5821	exact RT sequences	exact RTs of that family (V-RT-SINGLE; MULTI separate)
RVT-UG3	285	20.6494	5821	exact RT sequences	exact RTs of that family (V-RT-SINGLE; MULTI separate)
RVT-UG3	288	21.1647	5821	exact RT sequences	exact RTs of that family (V-RT-SINGLE; MULTI separate)
RVT-UG3	290	21.5942	5821	exact RT sequences	exact RTs of that family (V-RT-SINGLE; MULTI separate)
RVT-UG3	292	22.0065	5821	exact RT sequences	exact RTs of that family (V-RT-SINGLE; MULTI separate)
RVT-UG3	295	22.5734	5821	exact RT sequences	exact RTs of that family (V-RT-SINGLE; MULTI separate)
RVT-UG3	297	23.0545	5821	exact RT sequences	exact RTs of that family (V-RT-SINGLE; MULTI separate)
RVT-UG3	300	23.6214	5821	exact RT sequences	exact RTs of that family (V-RT-SINGLE; MULTI separate)
RVT-UG3	303	24.068	5821	exact RT sequences	exact RTs of that family (V-RT-SINGLE; MULTI separate)
RVT-UG3	306	24.549	5821	exact RT sequences	exact RTs of that family (V-RT-SINGLE; MULTI separate)
RVT-UG3	310	25.2019	5821	exact RT sequences	exact RTs of that family (V-RT-SINGLE; MULTI separate)
RVT-UG3	312	25.5626	5821	exact RT sequences	exact RTs of that family (V-RT-SINGLE; MULTI separate)
RVT-UG3	315	26.1811	5821	exact RT sequences	exact RTs of that family (V-RT-SINGLE; MULTI separate)
RVT-UG3	317	26.5418	5821	exact RT sequences	exact RTs of that family (V-RT-SINGLE; MULTI separate)
RVT-UG3	321	27.1087	5821	exact RT sequences	exact RTs of that family (V-RT-SINGLE; MULTI separate)
RVT-UG3	323	27.5382	5821	exact RT sequences	exact RTs of that family (V-RT-SINGLE; MULTI separate)
RVT-UG3	329	28.1223	5821	exact RT sequences	exact RTs of that family (V-RT-SINGLE; MULTI separate)
RVT-UG3	332	28.569	5821	exact RT sequences	exact RTs of that family (V-RT-SINGLE; MULTI separate)
RVT-UG3	335	28.9985	5821	exact RT sequences	exact RTs of that family (V-RT-SINGLE; MULTI separate)
RVT-UG3	339	29.5138	5821	exact RT sequences	exact RTs of that family (V-RT-SINGLE; MULTI separate)
RVT-UG3	343	30.1495	5821	exact RT sequences	exact RTs of that family (V-RT-SINGLE; MULTI separate)
RVT-UG3	347	30.5274	5821	exact RT sequences	exact RTs of that family (V-RT-SINGLE; MULTI separate)
RVT-UG3	351	31.0428	5821	exact RT sequences	exact RTs of that family (V-RT-SINGLE; MULTI separate)
RVT-UG3	355	31.5238	5821	exact RT sequences	exact RTs of that family (V-RT-SINGLE; MULTI separate)
RVT-UG3	359	32.022	5821	exact RT sequences	exact RTs of that family (V-RT-SINGLE; MULTI separate)
RVT-UG3	363	32.503	5821	exact RT sequences	exact RTs of that family (V-RT-SINGLE; MULTI separate)
RVT-UG3	367	33.0184	5821	exact RT sequences	exact RTs of that family (V-RT-SINGLE; MULTI separate)
RVT-UG3	371	33.6025	5821	exact RT sequences	exact RTs of that family (V-RT-SINGLE; MULTI separate)
RVT-UG3	373	34.1178	5821	exact RT sequences	exact RTs of that family (V-RT-SINGLE; MULTI separate)
RVT-UG3	375	34.513	5821	exact RT sequences	exact RTs of that family (V-RT-SINGLE; MULTI separate)
RVT-UG3	378	35.1142	5821	exact RT sequences	exact RTs of that family (V-RT-SINGLE; MULTI separate)
RVT-UG3	380	35.5265	5821	exact RT sequences	exact RTs of that family (V-RT-SINGLE; MULTI separate)
RVT-UG3	383	36.145	5821	exact RT sequences	exact RTs of that family (V-RT-SINGLE; MULTI separate)
RVT-UG3	385	36.6432	5821	exact RT sequences	exact RTs of that family (V-RT-SINGLE; MULTI separate)
RVT-UG3	387	37.1242	5821	exact RT sequences	exact RTs of that family (V-RT-SINGLE; MULTI separate)
RVT-UG3	389	37.7255	5821	exact RT sequences	exact RTs of that family (V-RT-SINGLE; MULTI separate)
RVT-UG3	390	38.0003	5821	exact RT sequences	exact RTs of that family (V-RT-SINGLE; MULTI separate)
RVT-UG3	392	38.7562	5821	exact RT sequences	exact RTs of that family (V-RT-SINGLE; MULTI separate)
RVT-UG3	393	40.3882	5821	exact RT sequences	exact RTs of that family (V-RT-SINGLE; MULTI separate)
RVT-UG3	394	40.7834	5821	exact RT sequences	exact RTs of that family (V-RT-SINGLE; MULTI separate)
RVT-UG3	395	41.0239	5821	exact RT sequences	exact RTs of that family (V-RT-SINGLE; MULTI separate)
RVT-UG3	396	41.7969	5821	exact RT sequences	exact RTs of that family (V-RT-SINGLE; MULTI separate)
RVT-UG3	397	42.0375	5821	exact RT sequences	exact RTs of that family (V-RT-SINGLE; MULTI separate)
RVT-UG3	398	43.3774	5821	exact RT sequences	exact RTs of that family (V-RT-SINGLE; MULTI separate)
RVT-UG3	399	43.8241	5821	exact RT sequences	exact RTs of that family (V-RT-SINGLE; MULTI separate)
RVT-UG3	400	44.1677	5821	exact RT sequences	exact RTs of that family (V-RT-SINGLE; MULTI separate)
RVT-UG3	401	44.5113	5821	exact RT sequences	exact RTs of that family (V-RT-SINGLE; MULTI separate)
RVT-UG3	403	45.4217	5821	exact RT sequences	exact RTs of that family (V-RT-SINGLE; MULTI separate)
RVT-UG3	404	45.7825	5821	exact RT sequences	exact RTs of that family (V-RT-SINGLE; MULTI separate)
RVT-UG3	405	46.1605	5821	exact RT sequences	exact RTs of that family (V-RT-SINGLE; MULTI separate)
RVT-UG3	406	46.8304	5821	exact RT sequences	exact RTs of that family (V-RT-SINGLE; MULTI separate)
RVT-UG3	407	47.6035	5821	exact RT sequences	exact RTs of that family (V-RT-SINGLE; MULTI separate)
RVT-UG3	408	49.6478	5821	exact RT sequences	exact RTs of that family (V-RT-SINGLE; MULTI separate)
RVT-UG3	409	50.146	5821	exact RT sequences	exact RTs of that family (V-RT-SINGLE; MULTI separate)
RVT-UG3	410	52.0014	5821	exact RT sequences	exact RTs of that family (V-RT-SINGLE; MULTI separate)
RVT-UG3	410	52.0014	5821	exact RT sequences	exact RTs of that family (V-RT-SINGLE; MULTI separate)
RVT-UG3	411	53.2726	5821	exact RT sequences	exact RTs of that family (V-RT-SINGLE; MULTI separate)
RVT-UG3	412	53.8911	5821	exact RT sequences	exact RTs of that family (V-RT-SINGLE; MULTI separate)
RVT-UG3	413	55.5231	5821	exact RT sequences	exact RTs of that family (V-RT-SINGLE; MULTI separate)
RVT-UG3	414	56.0041	5821	exact RT sequences	exact RTs of that family (V-RT-SINGLE; MULTI separate)
RVT-UG3	415	56.6226	5821	exact RT sequences	exact RTs of that family (V-RT-SINGLE; MULTI separate)
RVT-UG3	416	57.1208	5821	exact RT sequences	exact RTs of that family (V-RT-SINGLE; MULTI separate)
RVT-UG3	417	58.4607	5821	exact RT sequences	exact RTs of that family (V-RT-SINGLE; MULTI separate)
RVT-UG3	418	59.44	5821	exact RT sequences	exact RTs of that family (V-RT-SINGLE; MULTI separate)
RVT-UG3	419	60.1787	5821	exact RT sequences	exact RTs of that family (V-RT-SINGLE; MULTI separate)
RVT-UG3	420	63.563	5821	exact RT sequences	exact RTs of that family (V-RT-SINGLE; MULTI separate)
RVT-UG3	421	64.5937	5821	exact RT sequences	exact RTs of that family (V-RT-SINGLE; MULTI separate)
RVT-UG3	422	65.7791	5821	exact RT sequences	exact RTs of that family (V-RT-SINGLE; MULTI separate)
RVT-UG3	423	66.5006	5821	exact RT sequences	exact RTs of that family (V-RT-SINGLE; MULTI separate)
RVT-UG3	423	66.5006	5821	exact RT sequences	exact RTs of that family (V-RT-SINGLE; MULTI separate)
RVT-UG3	424	67.9265	5821	exact RT sequences	exact RTs of that family (V-RT-SINGLE; MULTI separate)
RVT-UG3	425	70.5721	5821	exact RT sequences	exact RTs of that family (V-RT-SINGLE; MULTI separate)
RVT-UG3	426	71.0703	5821	exact RT sequences	exact RTs of that family (V-RT-SINGLE; MULTI separate)
RVT-UG3	427	73.1489	5821	exact RT sequences	exact RTs of that family (V-RT-SINGLE; MULTI separate)
RVT-UG3	428	73.5784	5821	exact RT sequences	exact RTs of that family (V-RT-SINGLE; MULTI separate)
RVT-UG3	429	74.1797	5821	exact RT sequences	exact RTs of that family (V-RT-SINGLE; MULTI separate)
RVT-UG3	431	74.9699	5821	exact RT sequences	exact RTs of that family (V-RT-SINGLE; MULTI separate)
RVT-UG3	432	75.1933	5821	exact RT sequences	exact RTs of that family (V-RT-SINGLE; MULTI separate)
RVT-UG3	434	75.5884	5821	exact RT sequences	exact RTs of that family (V-RT-SINGLE; MULTI separate)
RVT-UG3	436	76.3958	5821	exact RT sequences	exact RTs of that family (V-RT-SINGLE; MULTI separate)
RVT-UG3	438	76.7909	5821	exact RT sequences	exact RTs of that family (V-RT-SINGLE; MULTI separate)
RVT-UG3	440	77.1861	5821	exact RT sequences	exact RTs of that family (V-RT-SINGLE; MULTI separate)
RVT-UG3	441	77.5468	5821	exact RT sequences	exact RTs of that family (V-RT-SINGLE; MULTI separate)
RVT-UG3	443	78.0622	5821	exact RT sequences	exact RTs of that family (V-RT-SINGLE; MULTI separate)
RVT-UG3	444	79.0414	5821	exact RT sequences	exact RTs of that family (V-RT-SINGLE; MULTI separate)
RVT-UG3	445	79.6599	5821	exact RT sequences	exact RTs of that family (V-RT-SINGLE; MULTI separate)
RVT-UG3	447	80.3642	5821	exact RT sequences	exact RTs of that family (V-RT-SINGLE; MULTI separate)
RVT-UG3	448	83.8	5821	exact RT sequences	exact RTs of that family (V-RT-SINGLE; MULTI separate)
RVT-UG3	449	85.6726	5821	exact RT sequences	exact RTs of that family (V-RT-SINGLE; MULTI separate)
RVT-UG3	450	86.3082	5821	exact RT sequences	exact RTs of that family (V-RT-SINGLE; MULTI separate)
RVT-UG3	451	86.5831	5821	exact RT sequences	exact RTs of that family (V-RT-SINGLE; MULTI separate)
RVT-UG3	453	87.0813	5821	exact RT sequences	exact RTs of that family (V-RT-SINGLE; MULTI separate)
RVT-UG3	456	87.7856	5821	exact RT sequences	exact RTs of that family (V-RT-SINGLE; MULTI separate)
RVT-UG3	458	88.112	5821	exact RT sequences	exact RTs of that family (V-RT-SINGLE; MULTI separate)
RVT-UG3	461	88.5243	5821	exact RT sequences	exact RTs of that family (V-RT-SINGLE; MULTI separate)
RVT-UG3	464	89.0912	5821	exact RT sequences	exact RTs of that family (V-RT-SINGLE; MULTI separate)
RVT-UG3	468	89.6238	5821	exact RT sequences	exact RTs of that family (V-RT-SINGLE; MULTI separate)
RVT-UG3	469	90.0017	5821	exact RT sequences	exact RTs of that family (V-RT-SINGLE; MULTI separate)
RVT-UG3	472	90.6202	5821	exact RT sequences	exact RTs of that family (V-RT-SINGLE; MULTI separate)
RVT-UG3	474	91.2043	5821	exact RT sequences	exact RTs of that family (V-RT-SINGLE; MULTI separate)
RVT-UG3	476	91.6509	5821	exact RT sequences	exact RTs of that family (V-RT-SINGLE; MULTI separate)
RVT-UG3	479	92.1319	5821	exact RT sequences	exact RTs of that family (V-RT-SINGLE; MULTI separate)
RVT-UG3	480	92.6645	5821	exact RT sequences	exact RTs of that family (V-RT-SINGLE; MULTI separate)
RVT-UG3	484	93.3001	5821	exact RT sequences	exact RTs of that family (V-RT-SINGLE; MULTI separate)
RVT-UG3	485	93.5063	5821	exact RT sequences	exact RTs of that family (V-RT-SINGLE; MULTI separate)
RVT-UG3	486	94.2278	5821	exact RT sequences	exact RTs of that family (V-RT-SINGLE; MULTI separate)
RVT-UG3	487	95.3444	5821	exact RT sequences	exact RTs of that family (V-RT-SINGLE; MULTI separate)
RVT-UG3	488	95.688	5821	exact RT sequences	exact RTs of that family (V-RT-SINGLE; MULTI separate)
RVT-UG3	492	96.1003	5821	exact RT sequences	exact RTs of that family (V-RT-SINGLE; MULTI separate)
RVT-UG3	494	96.7703	5821	exact RT sequences	exact RTs of that family (V-RT-SINGLE; MULTI separate)
RVT-UG3	495	97.0452	5821	exact RT sequences	exact RTs of that family (V-RT-SINGLE; MULTI separate)
RVT-UG3	501	97.7495	5821	exact RT sequences	exact RTs of that family (V-RT-SINGLE; MULTI separate)
RVT-UG3	504	98.0072	5821	exact RT sequences	exact RTs of that family (V-RT-SINGLE; MULTI separate)
RVT-UG3	513	98.5226	5821	exact RT sequences	exact RTs of that family (V-RT-SINGLE; MULTI separate)
RVT-UG3	548	98.9864	5821	exact RT sequences	exact RTs of that family (V-RT-SINGLE; MULTI separate)
RVT-UG3	642	99.4846	5821	exact RT sequences	exact RTs of that family (V-RT-SINGLE; MULTI separate)
RVT-UG3	3794	100.0	5821	exact RT sequences	exact RTs of that family (V-RT-SINGLE; MULTI separate)
RVT-UG4	32	0.0213	4705	exact RT sequences	exact RTs of that family (V-RT-SINGLE; MULTI separate)
RVT-UG4	61	0.5526	4705	exact RT sequences	exact RTs of that family (V-RT-SINGLE; MULTI separate)
RVT-UG4	68	1.0414	4705	exact RT sequences	exact RTs of that family (V-RT-SINGLE; MULTI separate)
RVT-UG4	76	1.5303	4705	exact RT sequences	exact RTs of that family (V-RT-SINGLE; MULTI separate)
RVT-UG4	81	2.0191	4705	exact RT sequences	exact RTs of that family (V-RT-SINGLE; MULTI separate)
RVT-UG4	86	2.5292	4705	exact RT sequences	exact RTs of that family (V-RT-SINGLE; MULTI separate)
RVT-UG4	92	3.0818	4705	exact RT sequences	exact RTs of that family (V-RT-SINGLE; MULTI separate)
RVT-UG4	97	3.5069	4705	exact RT sequences	exact RTs of that family (V-RT-SINGLE; MULTI separate)
RVT-UG4	101	4.0808	4705	exact RT sequences	exact RTs of that family (V-RT-SINGLE; MULTI separate)
RVT-UG4	105	4.6334	4705	exact RT sequences	exact RTs of that family (V-RT-SINGLE; MULTI separate)
RVT-UG4	109	5.1222	4705	exact RT sequences	exact RTs of that family (V-RT-SINGLE; MULTI separate)
RVT-UG4	112	5.6748	4705	exact RT sequences	exact RTs of that family (V-RT-SINGLE; MULTI separate)
RVT-UG4	114	6.0361	4705	exact RT sequences	exact RTs of that family (V-RT-SINGLE; MULTI separate)
RVT-UG4	116	6.5462	4705	exact RT sequences	exact RTs of that family (V-RT-SINGLE; MULTI separate)
RVT-UG4	119	7.2689	4705	exact RT sequences	exact RTs of that family (V-RT-SINGLE; MULTI separate)
RVT-UG4	121	7.779	4705	exact RT sequences	exact RTs of that family (V-RT-SINGLE; MULTI separate)
RVT-UG4	123	8.119	4705	exact RT sequences	exact RTs of that family (V-RT-SINGLE; MULTI separate)
RVT-UG4	126	8.6079	4705	exact RT sequences	exact RTs of that family (V-RT-SINGLE; MULTI separate)
RVT-UG4	128	9.0967	4705	exact RT sequences	exact RTs of that family (V-RT-SINGLE; MULTI separate)
RVT-UG4	130	9.5005	4705	exact RT sequences	exact RTs of that family (V-RT-SINGLE; MULTI separate)
RVT-UG4	133	10.2019	4705	exact RT sequences	exact RTs of that family (V-RT-SINGLE; MULTI separate)
RVT-UG4	135	10.5632	4705	exact RT sequences	exact RTs of that family (V-RT-SINGLE; MULTI separate)
RVT-UG4	137	11.0946	4705	exact RT sequences	exact RTs of that family (V-RT-SINGLE; MULTI separate)
RVT-UG4	139	11.6897	4705	exact RT sequences	exact RTs of that family (V-RT-SINGLE; MULTI separate)
RVT-UG4	140	12.0298	4705	exact RT sequences	exact RTs of that family (V-RT-SINGLE; MULTI separate)
RVT-UG4	143	12.6461	4705	exact RT sequences	exact RTs of that family (V-RT-SINGLE; MULTI separate)
RVT-UG4	146	13.2837	4705	exact RT sequences	exact RTs of that family (V-RT-SINGLE; MULTI separate)
RVT-UG4	147	13.7088	4705	exact RT sequences	exact RTs of that family (V-RT-SINGLE; MULTI separate)
RVT-UG4	149	14.0489	4705	exact RT sequences	exact RTs of that family (V-RT-SINGLE; MULTI separate)
RVT-UG4	151	14.729	4705	exact RT sequences	exact RTs of that family (V-RT-SINGLE; MULTI separate)
RVT-UG4	153	15.1753	4705	exact RT sequences	exact RTs of that family (V-RT-SINGLE; MULTI separate)
RVT-UG4	155	15.5579	4705	exact RT sequences	exact RTs of that family (V-RT-SINGLE; MULTI separate)
RVT-UG4	158	16.0893	4705	exact RT sequences	exact RTs of that family (V-RT-SINGLE; MULTI separate)
RVT-UG4	161	16.7056	4705	exact RT sequences	exact RTs of that family (V-RT-SINGLE; MULTI separate)
RVT-UG4	163	17.1307	4705	exact RT sequences	exact RTs of that family (V-RT-SINGLE; MULTI separate)
RVT-UG4	165	17.7471	4705	exact RT sequences	exact RTs of that family (V-RT-SINGLE; MULTI separate)
RVT-UG4	167	18.0871	4705	exact RT sequences	exact RTs of that family (V-RT-SINGLE; MULTI separate)
RVT-UG4	172	18.661	4705	exact RT sequences	exact RTs of that family (V-RT-SINGLE; MULTI separate)
RVT-UG4	174	19.1073	4705	exact RT sequences	exact RTs of that family (V-RT-SINGLE; MULTI separate)
RVT-UG4	176	19.5537	4705	exact RT sequences	exact RTs of that family (V-RT-SINGLE; MULTI separate)
RVT-UG4	178	20.085	4705	exact RT sequences	exact RTs of that family (V-RT-SINGLE; MULTI separate)
RVT-UG4	180	20.7014	4705	exact RT sequences	exact RTs of that family (V-RT-SINGLE; MULTI separate)
RVT-UG4	182	21.1902	4705	exact RT sequences	exact RTs of that family (V-RT-SINGLE; MULTI separate)
RVT-UG4	184	21.509	4705	exact RT sequences	exact RTs of that family (V-RT-SINGLE; MULTI separate)
RVT-UG4	186	22.0404	4705	exact RT sequences	exact RTs of that family (V-RT-SINGLE; MULTI separate)
RVT-UG4	188	22.5717	4705	exact RT sequences	exact RTs of that family (V-RT-SINGLE; MULTI separate)
RVT-UG4	190	23.1881	4705	exact RT sequences	exact RTs of that family (V-RT-SINGLE; MULTI separate)
RVT-UG4	192	23.6344	4705	exact RT sequences	exact RTs of that family (V-RT-SINGLE; MULTI separate)
RVT-UG4	195	24.2083	4705	exact RT sequences	exact RTs of that family (V-RT-SINGLE; MULTI separate)
RVT-UG4	197	24.6334	4705	exact RT sequences	exact RTs of that family (V-RT-SINGLE; MULTI separate)
RVT-UG4	198	25.0584	4705	exact RT sequences	exact RTs of that family (V-RT-SINGLE; MULTI separate)
RVT-UG4	200	25.526	4705	exact RT sequences	exact RTs of that family (V-RT-SINGLE; MULTI separate)
RVT-UG4	202	26.0361	4705	exact RT sequences	exact RTs of that family (V-RT-SINGLE; MULTI separate)
RVT-UG4	205	26.6738	4705	exact RT sequences	exact RTs of that family (V-RT-SINGLE; MULTI separate)
RVT-UG4	207	27.0988	4705	exact RT sequences	exact RTs of that family (V-RT-SINGLE; MULTI separate)
RVT-UG4	208	27.5027	4705	exact RT sequences	exact RTs of that family (V-RT-SINGLE; MULTI separate)
RVT-UG4	210	28.0128	4705	exact RT sequences	exact RTs of that family (V-RT-SINGLE; MULTI separate)
RVT-UG4	212	28.7141	4705	exact RT sequences	exact RTs of that family (V-RT-SINGLE; MULTI separate)
RVT-UG4	214	29.2242	4705	exact RT sequences	exact RTs of that family (V-RT-SINGLE; MULTI separate)
RVT-UG4	216	29.5855	4705	exact RT sequences	exact RTs of that family (V-RT-SINGLE; MULTI separate)
RVT-UG4	219	30.2019	4705	exact RT sequences	exact RTs of that family (V-RT-SINGLE; MULTI separate)
RVT-UG4	221	30.542	4705	exact RT sequences	exact RTs of that family (V-RT-SINGLE; MULTI separate)
RVT-UG4	224	31.0946	4705	exact RT sequences	exact RTs of that family (V-RT-SINGLE; MULTI separate)
RVT-UG4	227	31.6259	4705	exact RT sequences	exact RTs of that family (V-RT-SINGLE; MULTI separate)
RVT-UG4	230	32.0935	4705	exact RT sequences	exact RTs of that family (V-RT-SINGLE; MULTI separate)
RVT-UG4	234	32.5611	4705	exact RT sequences	exact RTs of that family (V-RT-SINGLE; MULTI separate)
RVT-UG4	238	33.1137	4705	exact RT sequences	exact RTs of that family (V-RT-SINGLE; MULTI separate)
RVT-UG4	240	33.5813	4705	exact RT sequences	exact RTs of that family (V-RT-SINGLE; MULTI separate)
RVT-UG4	243	34.0914	4705	exact RT sequences	exact RTs of that family (V-RT-SINGLE; MULTI separate)
RVT-UG4	245	34.5165	4705	exact RT sequences	exact RTs of that family (V-RT-SINGLE; MULTI separate)
RVT-UG4	247	35.1328	4705	exact RT sequences	exact RTs of that family (V-RT-SINGLE; MULTI separate)
RVT-UG4	248	35.4942	4705	exact RT sequences	exact RTs of that family (V-RT-SINGLE; MULTI separate)
RVT-UG4	250	36.1318	4705	exact RT sequences	exact RTs of that family (V-RT-SINGLE; MULTI separate)
RVT-UG4	252	36.6631	4705	exact RT sequences	exact RTs of that family (V-RT-SINGLE; MULTI separate)
RVT-UG4	254	37.2157	4705	exact RT sequences	exact RTs of that family (V-RT-SINGLE; MULTI separate)
RVT-UG4	256	37.6196	4705	exact RT sequences	exact RTs of that family (V-RT-SINGLE; MULTI separate)
RVT-UG4	259	38.0871	4705	exact RT sequences	exact RTs of that family (V-RT-SINGLE; MULTI separate)
RVT-UG4	262	38.8523	4705	exact RT sequences	exact RTs of that family (V-RT-SINGLE; MULTI separate)
RVT-UG4	263	39.0648	4705	exact RT sequences	exact RTs of that family (V-RT-SINGLE; MULTI separate)
RVT-UG4	265	39.7875	4705	exact RT sequences	exact RTs of that family (V-RT-SINGLE; MULTI separate)
RVT-UG4	267	40.7014	4705	exact RT sequences	exact RTs of that family (V-RT-SINGLE; MULTI separate)
RVT-UG4	268	41.2752	4705	exact RT sequences	exact RTs of that family (V-RT-SINGLE; MULTI separate)
RVT-UG4	269	41.5303	4705	exact RT sequences	exact RTs of that family (V-RT-SINGLE; MULTI separate)
RVT-UG4	271	42.2317	4705	exact RT sequences	exact RTs of that family (V-RT-SINGLE; MULTI separate)
RVT-UG4	273	42.9968	4705	exact RT sequences	exact RTs of that family (V-RT-SINGLE; MULTI separate)
RVT-UG4	273	42.9968	4705	exact RT sequences	exact RTs of that family (V-RT-SINGLE; MULTI separate)
RVT-UG4	276	43.762	4705	exact RT sequences	exact RTs of that family (V-RT-SINGLE; MULTI separate)
RVT-UG4	277	44.017	4705	exact RT sequences	exact RTs of that family (V-RT-SINGLE; MULTI separate)
RVT-UG4	279	44.5271	4705	exact RT sequences	exact RTs of that family (V-RT-SINGLE; MULTI separate)
RVT-UG4	282	45.1222	4705	exact RT sequences	exact RTs of that family (V-RT-SINGLE; MULTI separate)
RVT-UG4	285	45.6323	4705	exact RT sequences	exact RTs of that family (V-RT-SINGLE; MULTI separate)
RVT-UG4	287	45.9936	4705	exact RT sequences	exact RTs of that family (V-RT-SINGLE; MULTI separate)
RVT-UG4	289	46.78	4705	exact RT sequences	exact RTs of that family (V-RT-SINGLE; MULTI separate)
RVT-UG4	290	46.9926	4705	exact RT sequences	exact RTs of that family (V-RT-SINGLE; MULTI separate)
RVT-UG4	293	47.5239	4705	exact RT sequences	exact RTs of that family (V-RT-SINGLE; MULTI separate)
RVT-UG4	297	48.034	4705	exact RT sequences	exact RTs of that family (V-RT-SINGLE; MULTI separate)
RVT-UG4	301	48.5016	4705	exact RT sequences	exact RTs of that family (V-RT-SINGLE; MULTI separate)
RVT-UG4	304	49.0967	4705	exact RT sequences	exact RTs of that family (V-RT-SINGLE; MULTI separate)
RVT-UG4	307	49.6706	4705	exact RT sequences	exact RTs of that family (V-RT-SINGLE; MULTI separate)
RVT-UG4	309	50.2019	4705	exact RT sequences	exact RTs of that family (V-RT-SINGLE; MULTI separate)
RVT-UG4	310	50.4995	4705	exact RT sequences	exact RTs of that family (V-RT-SINGLE; MULTI separate)
RVT-UG4	314	51.0521	4705	exact RT sequences	exact RTs of that family (V-RT-SINGLE; MULTI separate)
RVT-UG4	316	51.8172	4705	exact RT sequences	exact RTs of that family (V-RT-SINGLE; MULTI separate)
RVT-UG4	318	52.6036	4705	exact RT sequences	exact RTs of that family (V-RT-SINGLE; MULTI separate)
RVT-UG4	319	53.305	4705	exact RT sequences	exact RTs of that family (V-RT-SINGLE; MULTI separate)
RVT-UG4	320	53.9214	4705	exact RT sequences	exact RTs of that family (V-RT-SINGLE; MULTI separate)
RVT-UG4	321	54.6865	4705	exact RT sequences	exact RTs of that family (V-RT-SINGLE; MULTI separate)
RVT-UG4	322	55.2816	4705	exact RT sequences	exact RTs of that family (V-RT-SINGLE; MULTI separate)
RVT-UG4	323	56.3018	4705	exact RT sequences	exact RTs of that family (V-RT-SINGLE; MULTI separate)
RVT-UG4	324	58.7248	4705	exact RT sequences	exact RTs of that family (V-RT-SINGLE; MULTI separate)
RVT-UG4	325	60.9352	4705	exact RT sequences	exact RTs of that family (V-RT-SINGLE; MULTI separate)
RVT-UG4	326	62.2529	4705	exact RT sequences	exact RTs of that family (V-RT-SINGLE; MULTI separate)
RVT-UG4	327	62.9968	4705	exact RT sequences	exact RTs of that family (V-RT-SINGLE; MULTI separate)
RVT-UG4	327	62.9968	4705	exact RT sequences	exact RTs of that family (V-RT-SINGLE; MULTI separate)
RVT-UG4	328	64.6546	4705	exact RT sequences	exact RTs of that family (V-RT-SINGLE; MULTI separate)
RVT-UG4	330	65.271	4705	exact RT sequences	exact RTs of that family (V-RT-SINGLE; MULTI separate)
RVT-UG4	331	65.8661	4705	exact RT sequences	exact RTs of that family (V-RT-SINGLE; MULTI separate)
RVT-UG4	332	66.695	4705	exact RT sequences	exact RTs of that family (V-RT-SINGLE; MULTI separate)
RVT-UG4	333	67.0351	4705	exact RT sequences	exact RTs of that family (V-RT-SINGLE; MULTI separate)
RVT-UG4	334	67.5664	4705	exact RT sequences	exact RTs of that family (V-RT-SINGLE; MULTI separate)
RVT-UG4	335	68.034	4705	exact RT sequences	exact RTs of that family (V-RT-SINGLE; MULTI separate)
RVT-UG4	336	68.8204	4705	exact RT sequences	exact RTs of that family (V-RT-SINGLE; MULTI separate)
RVT-UG4	337	69.0542	4705	exact RT sequences	exact RTs of that family (V-RT-SINGLE; MULTI separate)
RVT-UG4	339	69.8193	4705	exact RT sequences	exact RTs of that family (V-RT-SINGLE; MULTI separate)
RVT-UG4	340	70.2019	4705	exact RT sequences	exact RTs of that family (V-RT-SINGLE; MULTI separate)
RVT-UG4	341	70.542	4705	exact RT sequences	exact RTs of that family (V-RT-SINGLE; MULTI separate)
RVT-UG4	343	71.0946	4705	exact RT sequences	exact RTs of that family (V-RT-SINGLE; MULTI separate)
RVT-UG4	345	71.6047	4705	exact RT sequences	exact RTs of that family (V-RT-SINGLE; MULTI separate)
RVT-UG4	347	72.1785	4705	exact RT sequences	exact RTs of that family (V-RT-SINGLE; MULTI separate)
RVT-UG4	348	72.6036	4705	exact RT sequences	exact RTs of that family (V-RT-SINGLE; MULTI separate)
RVT-UG4	350	73.0925	4705	exact RT sequences	exact RTs of that family (V-RT-SINGLE; MULTI separate)
RVT-UG4	352	73.6238	4705	exact RT sequences	exact RTs of that family (V-RT-SINGLE; MULTI separate)
RVT-UG4	354	74.0489	4705	exact RT sequences	exact RTs of that family (V-RT-SINGLE; MULTI separate)
RVT-UG4	356	74.4952	4705	exact RT sequences	exact RTs of that family (V-RT-SINGLE; MULTI separate)
RVT-UG4	358	75.0691	4705	exact RT sequences	exact RTs of that family (V-RT-SINGLE; MULTI separate)
RVT-UG4	361	75.6004	4705	exact RT sequences	exact RTs of that family (V-RT-SINGLE; MULTI separate)
RVT-UG4	364	76.1105	4705	exact RT sequences	exact RTs of that family (V-RT-SINGLE; MULTI separate)
RVT-UG4	366	76.8544	4705	exact RT sequences	exact RTs of that family (V-RT-SINGLE; MULTI separate)
RVT-UG4	367	77.0457	4705	exact RT sequences	exact RTs of that family (V-RT-SINGLE; MULTI separate)
RVT-UG4	369	78.0446	4705	exact RT sequences	exact RTs of that family (V-RT-SINGLE; MULTI separate)
RVT-UG4	371	78.5335	4705	exact RT sequences	exact RTs of that family (V-RT-SINGLE; MULTI separate)
RVT-UG4	372	79.2986	4705	exact RT sequences	exact RTs of that family (V-RT-SINGLE; MULTI separate)
RVT-UG4	374	79.5112	4705	exact RT sequences	exact RTs of that family (V-RT-SINGLE; MULTI separate)
RVT-UG4	378	80.1063	4705	exact RT sequences	exact RTs of that family (V-RT-SINGLE; MULTI separate)
RVT-UG4	381	80.5313	4705	exact RT sequences	exact RTs of that family (V-RT-SINGLE; MULTI separate)
RVT-UG4	385	82.1254	4705	exact RT sequences	exact RTs of that family (V-RT-SINGLE; MULTI separate)
RVT-UG4	389	82.4867	4705	exact RT sequences	exact RTs of that family (V-RT-SINGLE; MULTI separate)
RVT-UG4	396	83.0181	4705	exact RT sequences	exact RTs of that family (V-RT-SINGLE; MULTI separate)
RVT-UG4	407	83.5494	4705	exact RT sequences	exact RTs of that family (V-RT-SINGLE; MULTI separate)
RVT-UG4	416	84.017	4705	exact RT sequences	exact RTs of that family (V-RT-SINGLE; MULTI separate)
RVT-UG4	430	84.4846	4705	exact RT sequences	exact RTs of that family (V-RT-SINGLE; MULTI separate)
RVT-UG4	437	84.9947	4705	exact RT sequences	exact RTs of that family (V-RT-SINGLE; MULTI separate)
RVT-UG4	449	85.5685	4705	exact RT sequences	exact RTs of that family (V-RT-SINGLE; MULTI separate)
RVT-UG4	477	85.9936	4705	exact RT sequences	exact RTs of that family (V-RT-SINGLE; MULTI separate)
RVT-UG4	497	86.4825	4705	exact RT sequences	exact RTs of that family (V-RT-SINGLE; MULTI separate)
RVT-UG4	530	87.0138	4705	exact RT sequences	exact RTs of that family (V-RT-SINGLE; MULTI separate)
RVT-UG4	578	87.5027	4705	exact RT sequences	exact RTs of that family (V-RT-SINGLE; MULTI separate)
RVT-UG4	623	87.9915	4705	exact RT sequences	exact RTs of that family (V-RT-SINGLE; MULTI separate)
RVT-UG4	661	88.5016	4705	exact RT sequences	exact RTs of that family (V-RT-SINGLE; MULTI separate)
RVT-UG4	677	92.1998	4705	exact RT sequences	exact RTs of that family (V-RT-SINGLE; MULTI separate)
RVT-UG4	689	92.4973	4705	exact RT sequences	exact RTs of that family (V-RT-SINGLE; MULTI separate)
RVT-UG4	693	98.1509	4705	exact RT sequences	exact RTs of that family (V-RT-SINGLE; MULTI separate)
RVT-UG4	711	98.491	4705	exact RT sequences	exact RTs of that family (V-RT-SINGLE; MULTI separate)
RVT-UG4	732	99.0011	4705	exact RT sequences	exact RTs of that family (V-RT-SINGLE; MULTI separate)
RVT-UG4	756	99.4899	4705	exact RT sequences	exact RTs of that family (V-RT-SINGLE; MULTI separate)
RVT-UG4	2687	100.0	4705	exact RT sequences	exact RTs of that family (V-RT-SINGLE; MULTI separate)
RVT-UG5	45	0.0155	6439	exact RT sequences	exact RTs of that family (V-RT-SINGLE; MULTI separate)
RVT-UG5	115	0.5125	6439	exact RT sequences	exact RTs of that family (V-RT-SINGLE; MULTI separate)
RVT-UG5	140	1.025	6439	exact RT sequences	exact RTs of that family (V-RT-SINGLE; MULTI separate)
RVT-UG5	174	1.5064	6439	exact RT sequences	exact RTs of that family (V-RT-SINGLE; MULTI separate)
RVT-UG5	210	2.0034	6439	exact RT sequences	exact RTs of that family (V-RT-SINGLE; MULTI separate)
RVT-UG5	228	2.5159	6439	exact RT sequences	exact RTs of that family (V-RT-SINGLE; MULTI separate)
RVT-UG5	241	3.044	6439	exact RT sequences	exact RTs of that family (V-RT-SINGLE; MULTI separate)
RVT-UG5	248	3.5254	6439	exact RT sequences	exact RTs of that family (V-RT-SINGLE; MULTI separate)
RVT-UG5	254	4.0534	6439	exact RT sequences	exact RTs of that family (V-RT-SINGLE; MULTI separate)
RVT-UG5	262	4.5193	6439	exact RT sequences	exact RTs of that family (V-RT-SINGLE; MULTI separate)
RVT-UG5	276	5.0163	6439	exact RT sequences	exact RTs of that family (V-RT-SINGLE; MULTI separate)
RVT-UG5	289	5.5754	6439	exact RT sequences	exact RTs of that family (V-RT-SINGLE; MULTI separate)
RVT-UG5	297	6.0568	6439	exact RT sequences	exact RTs of that family (V-RT-SINGLE; MULTI separate)
RVT-UG5	307	6.5072	6439	exact RT sequences	exact RTs of that family (V-RT-SINGLE; MULTI separate)
RVT-UG5	316	7.0353	6439	exact RT sequences	exact RTs of that family (V-RT-SINGLE; MULTI separate)
RVT-UG5	322	7.5012	6439	exact RT sequences	exact RTs of that family (V-RT-SINGLE; MULTI separate)
RVT-UG5	329	8.0292	6439	exact RT sequences	exact RTs of that family (V-RT-SINGLE; MULTI separate)
RVT-UG5	335	8.5572	6439	exact RT sequences	exact RTs of that family (V-RT-SINGLE; MULTI separate)
RVT-UG5	341	9.1163	6439	exact RT sequences	exact RTs of that family (V-RT-SINGLE; MULTI separate)
RVT-UG5	346	9.6288	6439	exact RT sequences	exact RTs of that family (V-RT-SINGLE; MULTI separate)
RVT-UG5	349	10.0792	6439	exact RT sequences	exact RTs of that family (V-RT-SINGLE; MULTI separate)
RVT-UG5	353	10.5296	6439	exact RT sequences	exact RTs of that family (V-RT-SINGLE; MULTI separate)
RVT-UG5	357	11.2129	6439	exact RT sequences	exact RTs of that family (V-RT-SINGLE; MULTI separate)
RVT-UG5	359	11.5856	6439	exact RT sequences	exact RTs of that family (V-RT-SINGLE; MULTI separate)
RVT-UG5	362	12.1447	6439	exact RT sequences	exact RTs of that family (V-RT-SINGLE; MULTI separate)
RVT-UG5	365	12.6883	6439	exact RT sequences	exact RTs of that family (V-RT-SINGLE; MULTI separate)
RVT-UG5	367	13.0766	6439	exact RT sequences	exact RTs of that family (V-RT-SINGLE; MULTI separate)
RVT-UG5	369	13.5735	6439	exact RT sequences	exact RTs of that family (V-RT-SINGLE; MULTI separate)
RVT-UG5	372	14.2103	6439	exact RT sequences	exact RTs of that family (V-RT-SINGLE; MULTI separate)
RVT-UG5	374	14.5519	6439	exact RT sequences	exact RTs of that family (V-RT-SINGLE; MULTI separate)
RVT-UG5	376	15.0489	6439	exact RT sequences	exact RTs of that family (V-RT-SINGLE; MULTI separate)
RVT-UG5	379	15.6235	6439	exact RT sequences	exact RTs of that family (V-RT-SINGLE; MULTI separate)
RVT-UG5	382	16.1516	6439	exact RT sequences	exact RTs of that family (V-RT-SINGLE; MULTI separate)
RVT-UG5	384	16.5243	6439	exact RT sequences	exact RTs of that family (V-RT-SINGLE; MULTI separate)
RVT-UG5	386	17.0523	6439	exact RT sequences	exact RTs of that family (V-RT-SINGLE; MULTI separate)
RVT-UG5	388	17.5648	6439	exact RT sequences	exact RTs of that family (V-RT-SINGLE; MULTI separate)
RVT-UG5	391	18.1705	6439	exact RT sequences	exact RTs of that family (V-RT-SINGLE; MULTI separate)
RVT-UG5	393	18.5898	6439	exact RT sequences	exact RTs of that family (V-RT-SINGLE; MULTI separate)
RVT-UG5	395	19.0092	6439	exact RT sequences	exact RTs of that family (V-RT-SINGLE; MULTI separate)
RVT-UG5	398	19.6148	6439	exact RT sequences	exact RTs of that family (V-RT-SINGLE; MULTI separate)
RVT-UG5	400	20.0186	6439	exact RT sequences	exact RTs of that family (V-RT-SINGLE; MULTI separate)
RVT-UG5	403	20.7796	6439	exact RT sequences	exact RTs of that family (V-RT-SINGLE; MULTI separate)
RVT-UG5	404	20.997	6439	exact RT sequences	exact RTs of that family (V-RT-SINGLE; MULTI separate)
RVT-UG5	407	21.5872	6439	exact RT sequences	exact RTs of that family (V-RT-SINGLE; MULTI separate)
RVT-UG5	409	22.1152	6439	exact RT sequences	exact RTs of that family (V-RT-SINGLE; MULTI separate)
RVT-UG5	411	22.5035	6439	exact RT sequences	exact RTs of that family (V-RT-SINGLE; MULTI separate)
RVT-UG5	415	23.1402	6439	exact RT sequences	exact RTs of that family (V-RT-SINGLE; MULTI separate)
RVT-UG5	417	23.513	6439	exact RT sequences	exact RTs of that family (V-RT-SINGLE; MULTI separate)
RVT-UG5	420	24.041	6439	exact RT sequences	exact RTs of that family (V-RT-SINGLE; MULTI separate)
RVT-UG5	424	24.538	6439	exact RT sequences	exact RTs of that family (V-RT-SINGLE; MULTI separate)
RVT-UG5	428	25.0349	6439	exact RT sequences	exact RTs of that family (V-RT-SINGLE; MULTI separate)
RVT-UG5	432	25.5319	6439	exact RT sequences	exact RTs of that family (V-RT-SINGLE; MULTI separate)
RVT-UG5	436	26.0289	6439	exact RT sequences	exact RTs of that family (V-RT-SINGLE; MULTI separate)
RVT-UG5	442	26.5259	6439	exact RT sequences	exact RTs of that family (V-RT-SINGLE; MULTI separate)
RVT-UG5	446	27.0073	6439	exact RT sequences	exact RTs of that family (V-RT-SINGLE; MULTI separate)
RVT-UG5	455	27.5043	6439	exact RT sequences	exact RTs of that family (V-RT-SINGLE; MULTI separate)
RVT-UG5	467	28.0168	6439	exact RT sequences	exact RTs of that family (V-RT-SINGLE; MULTI separate)
RVT-UG5	476	28.5137	6439	exact RT sequences	exact RTs of that family (V-RT-SINGLE; MULTI separate)
RVT-UG5	485	29.0107	6439	exact RT sequences	exact RTs of that family (V-RT-SINGLE; MULTI separate)
RVT-UG5	497	29.5387	6439	exact RT sequences	exact RTs of that family (V-RT-SINGLE; MULTI separate)
RVT-UG5	514	30.0668	6439	exact RT sequences	exact RTs of that family (V-RT-SINGLE; MULTI separate)
RVT-UG5	528	30.5638	6439	exact RT sequences	exact RTs of that family (V-RT-SINGLE; MULTI separate)
RVT-UG5	539	30.9986	6439	exact RT sequences	exact RTs of that family (V-RT-SINGLE; MULTI separate)
RVT-UG5	551	31.4956	6439	exact RT sequences	exact RTs of that family (V-RT-SINGLE; MULTI separate)
RVT-UG5	561	32.0391	6439	exact RT sequences	exact RTs of that family (V-RT-SINGLE; MULTI separate)
RVT-UG5	570	32.5516	6439	exact RT sequences	exact RTs of that family (V-RT-SINGLE; MULTI separate)
RVT-UG5	580	33.002	6439	exact RT sequences	exact RTs of that family (V-RT-SINGLE; MULTI separate)
RVT-UG5	591	33.5611	6439	exact RT sequences	exact RTs of that family (V-RT-SINGLE; MULTI separate)
RVT-UG5	597	34.0115	6439	exact RT sequences	exact RTs of that family (V-RT-SINGLE; MULTI separate)
RVT-UG5	605	34.5551	6439	exact RT sequences	exact RTs of that family (V-RT-SINGLE; MULTI separate)
RVT-UG5	613	35.1141	6439	exact RT sequences	exact RTs of that family (V-RT-SINGLE; MULTI separate)
RVT-UG5	619	35.5024	6439	exact RT sequences	exact RTs of that family (V-RT-SINGLE; MULTI separate)
RVT-UG5	630	36.046	6439	exact RT sequences	exact RTs of that family (V-RT-SINGLE; MULTI separate)
RVT-UG5	640	36.5274	6439	exact RT sequences	exact RTs of that family (V-RT-SINGLE; MULTI separate)
RVT-UG5	647	37.0089	6439	exact RT sequences	exact RTs of that family (V-RT-SINGLE; MULTI separate)
RVT-UG5	651	37.5058	6439	exact RT sequences	exact RTs of that family (V-RT-SINGLE; MULTI separate)
RVT-UG5	656	38.1581	6439	exact RT sequences	exact RTs of that family (V-RT-SINGLE; MULTI separate)
RVT-UG5	660	38.5153	6439	exact RT sequences	exact RTs of that family (V-RT-SINGLE; MULTI separate)
RVT-UG5	672	38.9967	6439	exact RT sequences	exact RTs of that family (V-RT-SINGLE; MULTI separate)
RVT-UG5	683	39.5248	6439	exact RT sequences	exact RTs of that family (V-RT-SINGLE; MULTI separate)
RVT-UG5	697	40.0528	6439	exact RT sequences	exact RTs of that family (V-RT-SINGLE; MULTI separate)
RVT-UG5	707	40.6119	6439	exact RT sequences	exact RTs of that family (V-RT-SINGLE; MULTI separate)
RVT-UG5	713	41.0002	6439	exact RT sequences	exact RTs of that family (V-RT-SINGLE; MULTI separate)
RVT-UG5	724	41.5127	6439	exact RT sequences	exact RTs of that family (V-RT-SINGLE; MULTI separate)
RVT-UG5	733	42.0407	6439	exact RT sequences	exact RTs of that family (V-RT-SINGLE; MULTI separate)
RVT-UG5	738	42.5377	6439	exact RT sequences	exact RTs of that family (V-RT-SINGLE; MULTI separate)
RVT-UG5	744	43.0657	6439	exact RT sequences	exact RTs of that family (V-RT-SINGLE; MULTI separate)
RVT-UG5	752	43.5316	6439	exact RT sequences	exact RTs of that family (V-RT-SINGLE; MULTI separate)
RVT-UG5	763	44.0286	6439	exact RT sequences	exact RTs of that family (V-RT-SINGLE; MULTI separate)
RVT-UG5	775	44.4945	6439	exact RT sequences	exact RTs of that family (V-RT-SINGLE; MULTI separate)
RVT-UG5	782	45.038	6439	exact RT sequences	exact RTs of that family (V-RT-SINGLE; MULTI separate)
RVT-UG5	788	45.5195	6439	exact RT sequences	exact RTs of that family (V-RT-SINGLE; MULTI separate)
RVT-UG5	797	46.0631	6439	exact RT sequences	exact RTs of that family (V-RT-SINGLE; MULTI separate)
RVT-UG5	807	46.4979	6439	exact RT sequences	exact RTs of that family (V-RT-SINGLE; MULTI separate)
RVT-UG5	825	47.0104	6439	exact RT sequences	exact RTs of that family (V-RT-SINGLE; MULTI separate)
RVT-UG5	838	47.5074	6439	exact RT sequences	exact RTs of that family (V-RT-SINGLE; MULTI separate)
RVT-UG5	850	48.0199	6439	exact RT sequences	exact RTs of that family (V-RT-SINGLE; MULTI separate)
RVT-UG5	863	48.5013	6439	exact RT sequences	exact RTs of that family (V-RT-SINGLE; MULTI separate)
RVT-UG5	876	48.9983	6439	exact RT sequences	exact RTs of that family (V-RT-SINGLE; MULTI separate)
RVT-UG5	885	49.5574	6439	exact RT sequences	exact RTs of that family (V-RT-SINGLE; MULTI separate)
RVT-UG5	892	50.0233	6439	exact RT sequences	exact RTs of that family (V-RT-SINGLE; MULTI separate)
RVT-UG5	899	50.6134	6439	exact RT sequences	exact RTs of that family (V-RT-SINGLE; MULTI separate)
RVT-UG5	910	51.0017	6439	exact RT sequences	exact RTs of that family (V-RT-SINGLE; MULTI separate)
RVT-UG5	919	51.5453	6439	exact RT sequences	exact RTs of that family (V-RT-SINGLE; MULTI separate)
RVT-UG5	927	51.9957	6439	exact RT sequences	exact RTs of that family (V-RT-SINGLE; MULTI separate)
RVT-UG5	939	52.5082	6439	exact RT sequences	exact RTs of that family (V-RT-SINGLE; MULTI separate)
RVT-UG5	948	53.0672	6439	exact RT sequences	exact RTs of that family (V-RT-SINGLE; MULTI separate)
RVT-UG5	956	53.5332	6439	exact RT sequences	exact RTs of that family (V-RT-SINGLE; MULTI separate)
RVT-UG5	958	54.7601	6439	exact RT sequences	exact RTs of that family (V-RT-SINGLE; MULTI separate)
RVT-UG5	959	55.0707	6439	exact RT sequences	exact RTs of that family (V-RT-SINGLE; MULTI separate)
RVT-UG5	961	56.8877	6439	exact RT sequences	exact RTs of that family (V-RT-SINGLE; MULTI separate)
RVT-UG5	963	57.1828	6439	exact RT sequences	exact RTs of that family (V-RT-SINGLE; MULTI separate)
RVT-UG5	967	57.54	6439	exact RT sequences	exact RTs of that family (V-RT-SINGLE; MULTI separate)
RVT-UG5	968	58.0991	6439	exact RT sequences	exact RTs of that family (V-RT-SINGLE; MULTI separate)
RVT-UG5	971	58.6116	6439	exact RT sequences	exact RTs of that family (V-RT-SINGLE; MULTI separate)
RVT-UG5	974	59.1396	6439	exact RT sequences	exact RTs of that family (V-RT-SINGLE; MULTI separate)
RVT-UG5	978	59.5745	6439	exact RT sequences	exact RTs of that family (V-RT-SINGLE; MULTI separate)
RVT-UG5	979	60.382	6439	exact RT sequences	exact RTs of that family (V-RT-SINGLE; MULTI separate)
RVT-UG5	980	60.8169	6439	exact RT sequences	exact RTs of that family (V-RT-SINGLE; MULTI separate)
RVT-UG5	982	61.0343	6439	exact RT sequences	exact RTs of that family (V-RT-SINGLE; MULTI separate)
RVT-UG5	984	61.5313	6439	exact RT sequences	exact RTs of that family (V-RT-SINGLE; MULTI separate)
RVT-UG5	986	62.1214	6439	exact RT sequences	exact RTs of that family (V-RT-SINGLE; MULTI separate)
RVT-UG5	988	62.6184	6439	exact RT sequences	exact RTs of that family (V-RT-SINGLE; MULTI separate)
RVT-UG5	990	63.1775	6439	exact RT sequences	exact RTs of that family (V-RT-SINGLE; MULTI separate)
RVT-UG5	992	63.6279	6439	exact RT sequences	exact RTs of that family (V-RT-SINGLE; MULTI separate)
RVT-UG5	994	64.1404	6439	exact RT sequences	exact RTs of that family (V-RT-SINGLE; MULTI separate)
RVT-UG5	995	64.6063	6439	exact RT sequences	exact RTs of that family (V-RT-SINGLE; MULTI separate)
RVT-UG5	997	65.3207	6439	exact RT sequences	exact RTs of that family (V-RT-SINGLE; MULTI separate)
RVT-UG5	998	65.9264	6439	exact RT sequences	exact RTs of that family (V-RT-SINGLE; MULTI separate)
RVT-UG5	999	66.4855	6439	exact RT sequences	exact RTs of that family (V-RT-SINGLE; MULTI separate)
RVT-UG5	1000	68.5976	6439	exact RT sequences	exact RTs of that family (V-RT-SINGLE; MULTI separate)
RVT-UG5	1001	69.2809	6439	exact RT sequences	exact RTs of that family (V-RT-SINGLE; MULTI separate)
RVT-UG5	1002	69.6692	6439	exact RT sequences	exact RTs of that family (V-RT-SINGLE; MULTI separate)
RVT-UG5	1003	71.1601	6439	exact RT sequences	exact RTs of that family (V-RT-SINGLE; MULTI separate)
RVT-UG5	1004	72.0764	6439	exact RT sequences	exact RTs of that family (V-RT-SINGLE; MULTI separate)
RVT-UG5	1005	74.5613	6439	exact RT sequences	exact RTs of that family (V-RT-SINGLE; MULTI separate)
RVT-UG5	1006	75.7105	6439	exact RT sequences	exact RTs of that family (V-RT-SINGLE; MULTI separate)
RVT-UG5	1007	76.3007	6439	exact RT sequences	exact RTs of that family (V-RT-SINGLE; MULTI separate)
RVT-UG5	1008	76.6889	6439	exact RT sequences	exact RTs of that family (V-RT-SINGLE; MULTI separate)
RVT-UG5	1010	77.4033	6439	exact RT sequences	exact RTs of that family (V-RT-SINGLE; MULTI separate)
RVT-UG5	1011	77.6363	6439	exact RT sequences	exact RTs of that family (V-RT-SINGLE; MULTI separate)
RVT-UG5	1012	78.3817	6439	exact RT sequences	exact RTs of that family (V-RT-SINGLE; MULTI separate)
RVT-UG5	1013	78.6458	6439	exact RT sequences	exact RTs of that family (V-RT-SINGLE; MULTI separate)
RVT-UG5	1015	79.0806	6439	exact RT sequences	exact RTs of that family (V-RT-SINGLE; MULTI separate)
RVT-UG5	1018	79.6242	6439	exact RT sequences	exact RTs of that family (V-RT-SINGLE; MULTI separate)
RVT-UG5	1021	80.3852	6439	exact RT sequences	exact RTs of that family (V-RT-SINGLE; MULTI separate)
RVT-UG5	1022	80.4939	6439	exact RT sequences	exact RTs of that family (V-RT-SINGLE; MULTI separate)
RVT-UG5	1025	81.0374	6439	exact RT sequences	exact RTs of that family (V-RT-SINGLE; MULTI separate)
RVT-UG5	1027	81.5189	6439	exact RT sequences	exact RTs of that family (V-RT-SINGLE; MULTI separate)
RVT-UG5	1029	82.0314	6439	exact RT sequences	exact RTs of that family (V-RT-SINGLE; MULTI separate)
RVT-UG5	1034	82.7768	6439	exact RT sequences	exact RTs of that family (V-RT-SINGLE; MULTI separate)
RVT-UG5	1037	83.0253	6439	exact RT sequences	exact RTs of that family (V-RT-SINGLE; MULTI separate)
RVT-UG5	1041	83.5533	6439	exact RT sequences	exact RTs of that family (V-RT-SINGLE; MULTI separate)
RVT-UG5	1043	84.0193	6439	exact RT sequences	exact RTs of that family (V-RT-SINGLE; MULTI separate)
RVT-UG5	1046	84.5939	6439	exact RT sequences	exact RTs of that family (V-RT-SINGLE; MULTI separate)
RVT-UG5	1050	84.9977	6439	exact RT sequences	exact RTs of that family (V-RT-SINGLE; MULTI separate)
RVT-UG5	1051	85.8052	6439	exact RT sequences	exact RTs of that family (V-RT-SINGLE; MULTI separate)
RVT-UG5	1053	86.0382	6439	exact RT sequences	exact RTs of that family (V-RT-SINGLE; MULTI separate)
RVT-UG5	1056	86.5662	6439	exact RT sequences	exact RTs of that family (V-RT-SINGLE; MULTI separate)
RVT-UG5	1058	87.2185	6439	exact RT sequences	exact RTs of that family (V-RT-SINGLE; MULTI separate)
RVT-UG5	1060	87.731	6439	exact RT sequences	exact RTs of that family (V-RT-SINGLE; MULTI separate)
RVT-UG5	1062	88.0572	6439	exact RT sequences	exact RTs of that family (V-RT-SINGLE; MULTI separate)
RVT-UG5	1065	88.5075	6439	exact RT sequences	exact RTs of that family (V-RT-SINGLE; MULTI separate)
RVT-UG5	1067	89.2064	6439	exact RT sequences	exact RTs of that family (V-RT-SINGLE; MULTI separate)
RVT-UG5	1069	93.0269	6439	exact RT sequences	exact RTs of that family (V-RT-SINGLE; MULTI separate)
RVT-UG5	1071	93.8966	6439	exact RT sequences	exact RTs of that family (V-RT-SINGLE; MULTI separate)
RVT-UG5	1072	94.5023	6439	exact RT sequences	exact RTs of that family (V-RT-SINGLE; MULTI separate)
RVT-UG5	1074	95.0613	6439	exact RT sequences	exact RTs of that family (V-RT-SINGLE; MULTI separate)
RVT-UG5	1077	95.5738	6439	exact RT sequences	exact RTs of that family (V-RT-SINGLE; MULTI separate)
RVT-UG5	1079	96.0242	6439	exact RT sequences	exact RTs of that family (V-RT-SINGLE; MULTI separate)
RVT-UG5	1080	96.5989	6439	exact RT sequences	exact RTs of that family (V-RT-SINGLE; MULTI separate)
RVT-UG5	1088	97.0182	6439	exact RT sequences	exact RTs of that family (V-RT-SINGLE; MULTI separate)
RVT-UG5	1098	97.4996	6439	exact RT sequences	exact RTs of that family (V-RT-SINGLE; MULTI separate)
RVT-UG5	1108	98.0121	6439	exact RT sequences	exact RTs of that family (V-RT-SINGLE; MULTI separate)
RVT-UG5	1121	98.5557	6439	exact RT sequences	exact RTs of that family (V-RT-SINGLE; MULTI separate)
RVT-UG5	1141	98.9905	6439	exact RT sequences	exact RTs of that family (V-RT-SINGLE; MULTI separate)
RVT-UG5	1238	99.4875	6439	exact RT sequences	exact RTs of that family (V-RT-SINGLE; MULTI separate)
RVT-UG5	1471	100.0	6439	exact RT sequences	exact RTs of that family (V-RT-SINGLE; MULTI separate)
RVT-UG8	55	0.0138	7261	exact RT sequences	exact RTs of that family (V-RT-SINGLE; MULTI separate)
RVT-UG8	94	0.5509	7261	exact RT sequences	exact RTs of that family (V-RT-SINGLE; MULTI separate)
RVT-UG8	110	1.0191	7261	exact RT sequences	exact RTs of that family (V-RT-SINGLE; MULTI separate)
RVT-UG8	121	1.5149	7261	exact RT sequences	exact RTs of that family (V-RT-SINGLE; MULTI separate)
RVT-UG8	135	2.0521	7261	exact RT sequences	exact RTs of that family (V-RT-SINGLE; MULTI separate)
RVT-UG8	145	2.5203	7261	exact RT sequences	exact RTs of that family (V-RT-SINGLE; MULTI separate)
RVT-UG8	153	3.0574	7261	exact RT sequences	exact RTs of that family (V-RT-SINGLE; MULTI separate)
RVT-UG8	160	3.5532	7261	exact RT sequences	exact RTs of that family (V-RT-SINGLE; MULTI separate)
RVT-UG8	166	4.0077	7261	exact RT sequences	exact RTs of that family (V-RT-SINGLE; MULTI separate)
RVT-UG8	172	4.5724	7261	exact RT sequences	exact RTs of that family (V-RT-SINGLE; MULTI separate)
RVT-UG8	176	5.1095	7261	exact RT sequences	exact RTs of that family (V-RT-SINGLE; MULTI separate)
RVT-UG8	180	5.6466	7261	exact RT sequences	exact RTs of that family (V-RT-SINGLE; MULTI separate)
RVT-UG8	183	6.0185	7261	exact RT sequences	exact RTs of that family (V-RT-SINGLE; MULTI separate)
RVT-UG8	189	6.6107	7261	exact RT sequences	exact RTs of that family (V-RT-SINGLE; MULTI separate)
RVT-UG8	195	7.0376	7261	exact RT sequences	exact RTs of that family (V-RT-SINGLE; MULTI separate)
RVT-UG8	200	7.5196	7261	exact RT sequences	exact RTs of that family (V-RT-SINGLE; MULTI separate)
RVT-UG8	206	8.0017	7261	exact RT sequences	exact RTs of that family (V-RT-SINGLE; MULTI separate)
RVT-UG8	211	8.5112	7261	exact RT sequences	exact RTs of that family (V-RT-SINGLE; MULTI separate)
RVT-UG8	217	9.0346	7261	exact RT sequences	exact RTs of that family (V-RT-SINGLE; MULTI separate)
RVT-UG8	223	9.5717	7261	exact RT sequences	exact RTs of that family (V-RT-SINGLE; MULTI separate)
RVT-UG8	228	10.0124	7261	exact RT sequences	exact RTs of that family (V-RT-SINGLE; MULTI separate)
RVT-UG8	233	10.522	7261	exact RT sequences	exact RTs of that family (V-RT-SINGLE; MULTI separate)
RVT-UG8	238	11.0315	7261	exact RT sequences	exact RTs of that family (V-RT-SINGLE; MULTI separate)
RVT-UG8	244	11.5687	7261	exact RT sequences	exact RTs of that family (V-RT-SINGLE; MULTI separate)
RVT-UG8	249	12.1746	7261	exact RT sequences	exact RTs of that family (V-RT-SINGLE; MULTI separate)
RVT-UG8	252	12.6016	7261	exact RT sequences	exact RTs of that family (V-RT-SINGLE; MULTI separate)
RVT-UG8	256	13.0423	7261	exact RT sequences	exact RTs of that family (V-RT-SINGLE; MULTI separate)
RVT-UG8	261	13.5381	7261	exact RT sequences	exact RTs of that family (V-RT-SINGLE; MULTI separate)
RVT-UG8	266	14.1578	7261	exact RT sequences	exact RTs of that family (V-RT-SINGLE; MULTI separate)
RVT-UG8	269	14.5848	7261	exact RT sequences	exact RTs of that family (V-RT-SINGLE; MULTI separate)
RVT-UG8	274	15.0668	7261	exact RT sequences	exact RTs of that family (V-RT-SINGLE; MULTI separate)
RVT-UG8	278	15.5626	7261	exact RT sequences	exact RTs of that family (V-RT-SINGLE; MULTI separate)
RVT-UG8	281	16.0446	7261	exact RT sequences	exact RTs of that family (V-RT-SINGLE; MULTI separate)
RVT-UG8	284	16.5129	7261	exact RT sequences	exact RTs of that family (V-RT-SINGLE; MULTI separate)
RVT-UG8	289	17.1464	7261	exact RT sequences	exact RTs of that family (V-RT-SINGLE; MULTI separate)
RVT-UG8	292	17.7524	7261	exact RT sequences	exact RTs of that family (V-RT-SINGLE; MULTI separate)
RVT-UG8	294	18.1518	7261	exact RT sequences	exact RTs of that family (V-RT-SINGLE; MULTI separate)
RVT-UG8	297	18.5787	7261	exact RT sequences	exact RTs of that family (V-RT-SINGLE; MULTI separate)
RVT-UG8	300	19.047	7261	exact RT sequences	exact RTs of that family (V-RT-SINGLE; MULTI separate)
RVT-UG8	304	19.6254	7261	exact RT sequences	exact RTs of that family (V-RT-SINGLE; MULTI separate)
RVT-UG8	308	20.135	7261	exact RT sequences	exact RTs of that family (V-RT-SINGLE; MULTI separate)
RVT-UG8	313	20.5481	7261	exact RT sequences	exact RTs of that family (V-RT-SINGLE; MULTI separate)
RVT-UG8	318	21.099	7261	exact RT sequences	exact RTs of that family (V-RT-SINGLE; MULTI separate)
RVT-UG8	322	21.6086	7261	exact RT sequences	exact RTs of that family (V-RT-SINGLE; MULTI separate)
RVT-UG8	325	22.0768	7261	exact RT sequences	exact RTs of that family (V-RT-SINGLE; MULTI separate)
RVT-UG8	328	22.5451	7261	exact RT sequences	exact RTs of that family (V-RT-SINGLE; MULTI separate)
RVT-UG8	333	23.0547	7261	exact RT sequences	exact RTs of that family (V-RT-SINGLE; MULTI separate)
RVT-UG8	337	23.5092	7261	exact RT sequences	exact RTs of that family (V-RT-SINGLE; MULTI separate)
RVT-UG8	341	24.0325	7261	exact RT sequences	exact RTs of that family (V-RT-SINGLE; MULTI separate)
RVT-UG8	346	24.5008	7261	exact RT sequences	exact RTs of that family (V-RT-SINGLE; MULTI separate)
RVT-UG8	352	25.0516	7261	exact RT sequences	exact RTs of that family (V-RT-SINGLE; MULTI separate)
RVT-UG8	357	25.575	7261	exact RT sequences	exact RTs of that family (V-RT-SINGLE; MULTI separate)
RVT-UG8	361	26.0432	7261	exact RT sequences	exact RTs of that family (V-RT-SINGLE; MULTI separate)
RVT-UG8	365	26.5115	7261	exact RT sequences	exact RTs of that family (V-RT-SINGLE; MULTI separate)
RVT-UG8	369	27.145	7261	exact RT sequences	exact RTs of that family (V-RT-SINGLE; MULTI separate)
RVT-UG8	372	27.6408	7261	exact RT sequences	exact RTs of that family (V-RT-SINGLE; MULTI separate)
RVT-UG8	375	28.054	7261	exact RT sequences	exact RTs of that family (V-RT-SINGLE; MULTI separate)
RVT-UG8	378	28.5222	7261	exact RT sequences	exact RTs of that family (V-RT-SINGLE; MULTI separate)
RVT-UG8	382	29.0869	7261	exact RT sequences	exact RTs of that family (V-RT-SINGLE; MULTI separate)
RVT-UG8	385	29.5414	7261	exact RT sequences	exact RTs of that family (V-RT-SINGLE; MULTI separate)
RVT-UG8	389	30.106	7261	exact RT sequences	exact RTs of that family (V-RT-SINGLE; MULTI separate)
RVT-UG8	392	30.5054	7261	exact RT sequences	exact RTs of that family (V-RT-SINGLE; MULTI separate)
RVT-UG8	397	31.0701	7261	exact RT sequences	exact RTs of that family (V-RT-SINGLE; MULTI separate)
RVT-UG8	401	31.5246	7261	exact RT sequences	exact RTs of that family (V-RT-SINGLE; MULTI separate)
RVT-UG8	405	32.0892	7261	exact RT sequences	exact RTs of that family (V-RT-SINGLE; MULTI separate)
RVT-UG8	408	32.53	7261	exact RT sequences	exact RTs of that family (V-RT-SINGLE; MULTI separate)
RVT-UG8	412	33.0671	7261	exact RT sequences	exact RTs of that family (V-RT-SINGLE; MULTI separate)
RVT-UG8	415	33.5491	7261	exact RT sequences	exact RTs of that family (V-RT-SINGLE; MULTI separate)
RVT-UG8	418	34.0174	7261	exact RT sequences	exact RTs of that family (V-RT-SINGLE; MULTI separate)
RVT-UG8	423	34.5682	7261	exact RT sequences	exact RTs of that family (V-RT-SINGLE; MULTI separate)
RVT-UG8	427	35.0916	7261	exact RT sequences	exact RTs of that family (V-RT-SINGLE; MULTI separate)
RVT-UG8	430	35.5185	7261	exact RT sequences	exact RTs of that family (V-RT-SINGLE; MULTI separate)
RVT-UG8	435	36.0832	7261	exact RT sequences	exact RTs of that family (V-RT-SINGLE; MULTI separate)
RVT-UG8	439	36.5377	7261	exact RT sequences	exact RTs of that family (V-RT-SINGLE; MULTI separate)
RVT-UG8	444	37.0748	7261	exact RT sequences	exact RTs of that family (V-RT-SINGLE; MULTI separate)
RVT-UG8	448	37.5155	7261	exact RT sequences	exact RTs of that family (V-RT-SINGLE; MULTI separate)
RVT-UG8	455	38.0251	7261	exact RT sequences	exact RTs of that family (V-RT-SINGLE; MULTI separate)
RVT-UG8	462	38.5071	7261	exact RT sequences	exact RTs of that family (V-RT-SINGLE; MULTI separate)
RVT-UG8	467	39.058	7261	exact RT sequences	exact RTs of that family (V-RT-SINGLE; MULTI separate)
RVT-UG8	471	39.5676	7261	exact RT sequences	exact RTs of that family (V-RT-SINGLE; MULTI separate)
RVT-UG8	474	40.022	7261	exact RT sequences	exact RTs of that family (V-RT-SINGLE; MULTI separate)
RVT-UG8	480	40.5041	7261	exact RT sequences	exact RTs of that family (V-RT-SINGLE; MULTI separate)
RVT-UG8	486	40.9999	7261	exact RT sequences	exact RTs of that family (V-RT-SINGLE; MULTI separate)
RVT-UG8	492	41.4957	7261	exact RT sequences	exact RTs of that family (V-RT-SINGLE; MULTI separate)
RVT-UG8	499	42.0328	7261	exact RT sequences	exact RTs of that family (V-RT-SINGLE; MULTI separate)
RVT-UG8	505	42.5561	7261	exact RT sequences	exact RTs of that family (V-RT-SINGLE; MULTI separate)
RVT-UG8	511	43.0106	7261	exact RT sequences	exact RTs of that family (V-RT-SINGLE; MULTI separate)
RVT-UG8	518	43.5339	7261	exact RT sequences	exact RTs of that family (V-RT-SINGLE; MULTI separate)
RVT-UG8	525	44.0435	7261	exact RT sequences	exact RTs of that family (V-RT-SINGLE; MULTI separate)
RVT-UG8	530	44.5118	7261	exact RT sequences	exact RTs of that family (V-RT-SINGLE; MULTI separate)
RVT-UG8	538	45.104	7261	exact RT sequences	exact RTs of that family (V-RT-SINGLE; MULTI separate)
RVT-UG8	544	45.5722	7261	exact RT sequences	exact RTs of that family (V-RT-SINGLE; MULTI separate)
RVT-UG8	549	46.0267	7261	exact RT sequences	exact RTs of that family (V-RT-SINGLE; MULTI separate)
RVT-UG8	556	46.5087	7261	exact RT sequences	exact RTs of that family (V-RT-SINGLE; MULTI separate)
RVT-UG8	564	47.0045	7261	exact RT sequences	exact RTs of that family (V-RT-SINGLE; MULTI separate)
RVT-UG8	571	47.5279	7261	exact RT sequences	exact RTs of that family (V-RT-SINGLE; MULTI separate)
RVT-UG8	580	48.0237	7261	exact RT sequences	exact RTs of that family (V-RT-SINGLE; MULTI separate)
RVT-UG8	588	48.547	7261	exact RT sequences	exact RTs of that family (V-RT-SINGLE; MULTI separate)
RVT-UG8	595	49.0291	7261	exact RT sequences	exact RTs of that family (V-RT-SINGLE; MULTI separate)
RVT-UG8	601	49.4973	7261	exact RT sequences	exact RTs of that family (V-RT-SINGLE; MULTI separate)
RVT-UG8	606	50.0207	7261	exact RT sequences	exact RTs of that family (V-RT-SINGLE; MULTI separate)
RVT-UG8	614	50.5027	7261	exact RT sequences	exact RTs of that family (V-RT-SINGLE; MULTI separate)
RVT-UG8	624	51.0536	7261	exact RT sequences	exact RTs of that family (V-RT-SINGLE; MULTI separate)
RVT-UG8	630	51.4943	7261	exact RT sequences	exact RTs of that family (V-RT-SINGLE; MULTI separate)
RVT-UG8	634	52.0176	7261	exact RT sequences	exact RTs of that family (V-RT-SINGLE; MULTI separate)
RVT-UG8	637	52.5685	7261	exact RT sequences	exact RTs of that family (V-RT-SINGLE; MULTI separate)
RVT-UG8	638	53.1332	7261	exact RT sequences	exact RTs of that family (V-RT-SINGLE; MULTI separate)
RVT-UG8	639	53.6014	7261	exact RT sequences	exact RTs of that family (V-RT-SINGLE; MULTI separate)
RVT-UG8	641	54.1661	7261	exact RT sequences	exact RTs of that family (V-RT-SINGLE; MULTI separate)
RVT-UG8	643	54.7445	7261	exact RT sequences	exact RTs of that family (V-RT-SINGLE; MULTI separate)
RVT-UG8	645	55.5571	7261	exact RT sequences	exact RTs of that family (V-RT-SINGLE; MULTI separate)
RVT-UG8	646	56.1355	7261	exact RT sequences	exact RTs of that family (V-RT-SINGLE; MULTI separate)
RVT-UG8	648	56.7277	7261	exact RT sequences	exact RTs of that family (V-RT-SINGLE; MULTI separate)
RVT-UG8	649	57.2373	7261	exact RT sequences	exact RTs of that family (V-RT-SINGLE; MULTI separate)
RVT-UG8	650	58.4079	7261	exact RT sequences	exact RTs of that family (V-RT-SINGLE; MULTI separate)
RVT-UG8	651	59.3858	7261	exact RT sequences	exact RTs of that family (V-RT-SINGLE; MULTI separate)
RVT-UG8	652	60.1157	7261	exact RT sequences	exact RTs of that family (V-RT-SINGLE; MULTI separate)
RVT-UG8	653	62.2642	7261	exact RT sequences	exact RTs of that family (V-RT-SINGLE; MULTI separate)
RVT-UG8	654	63.1869	7261	exact RT sequences	exact RTs of that family (V-RT-SINGLE; MULTI separate)
RVT-UG8	655	64.206	7261	exact RT sequences	exact RTs of that family (V-RT-SINGLE; MULTI separate)
RVT-UG8	656	65.3078	7261	exact RT sequences	exact RTs of that family (V-RT-SINGLE; MULTI separate)
RVT-UG8	657	66.0515	7261	exact RT sequences	exact RTs of that family (V-RT-SINGLE; MULTI separate)
RVT-UG8	658	66.7677	7261	exact RT sequences	exact RTs of that family (V-RT-SINGLE; MULTI separate)
RVT-UG8	659	67.4976	7261	exact RT sequences	exact RTs of that family (V-RT-SINGLE; MULTI separate)
RVT-UG8	659	67.4976	7261	exact RT sequences	exact RTs of that family (V-RT-SINGLE; MULTI separate)
RVT-UG8	660	68.2137	7261	exact RT sequences	exact RTs of that family (V-RT-SINGLE; MULTI separate)
RVT-UG8	661	69.0538	7261	exact RT sequences	exact RTs of that family (V-RT-SINGLE; MULTI separate)
RVT-UG8	662	70.0868	7261	exact RT sequences	exact RTs of that family (V-RT-SINGLE; MULTI separate)
RVT-UG8	663	70.5688	7261	exact RT sequences	exact RTs of that family (V-RT-SINGLE; MULTI separate)
RVT-UG8	664	71.037	7261	exact RT sequences	exact RTs of that family (V-RT-SINGLE; MULTI separate)
RVT-UG8	665	71.5879	7261	exact RT sequences	exact RTs of that family (V-RT-SINGLE; MULTI separate)
RVT-UG8	666	72.8688	7261	exact RT sequences	exact RTs of that family (V-RT-SINGLE; MULTI separate)
RVT-UG8	667	74.0669	7261	exact RT sequences	exact RTs of that family (V-RT-SINGLE; MULTI separate)
RVT-UG8	668	74.7969	7261	exact RT sequences	exact RTs of that family (V-RT-SINGLE; MULTI separate)
RVT-UG8	669	75.5406	7261	exact RT sequences	exact RTs of that family (V-RT-SINGLE; MULTI separate)
RVT-UG8	670	76.4771	7261	exact RT sequences	exact RTs of that family (V-RT-SINGLE; MULTI separate)
RVT-UG8	671	76.7938	7261	exact RT sequences	exact RTs of that family (V-RT-SINGLE; MULTI separate)
RVT-UG8	672	80.0992	7261	exact RT sequences	exact RTs of that family (V-RT-SINGLE; MULTI separate)
RVT-UG8	673	80.4986	7261	exact RT sequences	exact RTs of that family (V-RT-SINGLE; MULTI separate)
RVT-UG8	674	81.077	7261	exact RT sequences	exact RTs of that family (V-RT-SINGLE; MULTI separate)
RVT-UG8	676	81.6416	7261	exact RT sequences	exact RTs of that family (V-RT-SINGLE; MULTI separate)
RVT-UG8	677	82.2614	7261	exact RT sequences	exact RTs of that family (V-RT-SINGLE; MULTI separate)
RVT-UG8	678	82.8261	7261	exact RT sequences	exact RTs of that family (V-RT-SINGLE; MULTI separate)
RVT-UG8	679	83.5009	7261	exact RT sequences	exact RTs of that family (V-RT-SINGLE; MULTI separate)
RVT-UG8	679	83.5009	7261	exact RT sequences	exact RTs of that family (V-RT-SINGLE; MULTI separate)
RVT-UG8	680	85.0847	7261	exact RT sequences	exact RTs of that family (V-RT-SINGLE; MULTI separate)
RVT-UG8	682	86.4895	7261	exact RT sequences	exact RTs of that family (V-RT-SINGLE; MULTI separate)
RVT-UG8	682	86.4895	7261	exact RT sequences	exact RTs of that family (V-RT-SINGLE; MULTI separate)
RVT-UG8	685	87.5912	7261	exact RT sequences	exact RTs of that family (V-RT-SINGLE; MULTI separate)
RVT-UG8	688	88.211	7261	exact RT sequences	exact RTs of that family (V-RT-SINGLE; MULTI separate)
RVT-UG8	689	88.7206	7261	exact RT sequences	exact RTs of that family (V-RT-SINGLE; MULTI separate)
RVT-UG8	690	89.9325	7261	exact RT sequences	exact RTs of that family (V-RT-SINGLE; MULTI separate)
RVT-UG8	691	90.1942	7261	exact RT sequences	exact RTs of that family (V-RT-SINGLE; MULTI separate)
RVT-UG8	693	90.566	7261	exact RT sequences	exact RTs of that family (V-RT-SINGLE; MULTI separate)
RVT-UG8	695	91.0894	7261	exact RT sequences	exact RTs of that family (V-RT-SINGLE; MULTI separate)
RVT-UG8	697	91.6265	7261	exact RT sequences	exact RTs of that family (V-RT-SINGLE; MULTI separate)
RVT-UG8	702	92.0121	7261	exact RT sequences	exact RTs of that family (V-RT-SINGLE; MULTI separate)
RVT-UG8	710	92.6181	7261	exact RT sequences	exact RTs of that family (V-RT-SINGLE; MULTI separate)
RVT-UG8	717	92.9899	7261	exact RT sequences	exact RTs of that family (V-RT-SINGLE; MULTI separate)
RVT-UG8	722	93.4995	7261	exact RT sequences	exact RTs of that family (V-RT-SINGLE; MULTI separate)
RVT-UG8	725	94.0229	7261	exact RT sequences	exact RTs of that family (V-RT-SINGLE; MULTI separate)
RVT-UG8	727	95.042	7261	exact RT sequences	exact RTs of that family (V-RT-SINGLE; MULTI separate)
RVT-UG8	730	95.7719	7261	exact RT sequences	exact RTs of that family (V-RT-SINGLE; MULTI separate)
RVT-UG8	732	96.0887	7261	exact RT sequences	exact RTs of that family (V-RT-SINGLE; MULTI separate)
RVT-UG8	738	96.5569	7261	exact RT sequences	exact RTs of that family (V-RT-SINGLE; MULTI separate)
RVT-UG8	741	96.9977	7261	exact RT sequences	exact RTs of that family (V-RT-SINGLE; MULTI separate)
RVT-UG8	750	97.4935	7261	exact RT sequences	exact RTs of that family (V-RT-SINGLE; MULTI separate)
RVT-UG8	753	98.003	7261	exact RT sequences	exact RTs of that family (V-RT-SINGLE; MULTI separate)
RVT-UG8	761	98.5126	7261	exact RT sequences	exact RTs of that family (V-RT-SINGLE; MULTI separate)
RVT-UG8	770	98.9946	7261	exact RT sequences	exact RTs of that family (V-RT-SINGLE; MULTI separate)
RVT-UG8	793	99.5455	7261	exact RT sequences	exact RTs of that family (V-RT-SINGLE; MULTI separate)
RVT-UG8	2473	100.0	7261	exact RT sequences	exact RTs of that family (V-RT-SINGLE; MULTI separate)
Retron	26	0.0013	78287	exact RT sequences	exact RTs of that family (V-RT-SINGLE; MULTI separate)
Retron	78	0.5442	78287	exact RT sequences	exact RTs of that family (V-RT-SINGLE; MULTI separate)
Retron	88	1.0257	78287	exact RT sequences	exact RTs of that family (V-RT-SINGLE; MULTI separate)
Retron	97	1.5162	78287	exact RT sequences	exact RTs of that family (V-RT-SINGLE; MULTI separate)
Retron	106	2.0297	78287	exact RT sequences	exact RTs of that family (V-RT-SINGLE; MULTI separate)
Retron	113	2.5023	78287	exact RT sequences	exact RTs of that family (V-RT-SINGLE; MULTI separate)
Retron	121	3.0222	78287	exact RT sequences	exact RTs of that family (V-RT-SINGLE; MULTI separate)
Retron	127	3.5063	78287	exact RT sequences	exact RTs of that family (V-RT-SINGLE; MULTI separate)
Retron	133	4.0607	78287	exact RT sequences	exact RTs of that family (V-RT-SINGLE; MULTI separate)
Retron	138	4.5448	78287	exact RT sequences	exact RTs of that family (V-RT-SINGLE; MULTI separate)
Retron	143	5.0736	78287	exact RT sequences	exact RTs of that family (V-RT-SINGLE; MULTI separate)
Retron	148	5.5641	78287	exact RT sequences	exact RTs of that family (V-RT-SINGLE; MULTI separate)
Retron	153	6.0713	78287	exact RT sequences	exact RTs of that family (V-RT-SINGLE; MULTI separate)
Retron	158	6.5886	78287	exact RT sequences	exact RTs of that family (V-RT-SINGLE; MULTI separate)
Retron	162	7.0408	78287	exact RT sequences	exact RTs of that family (V-RT-SINGLE; MULTI separate)
Retron	166	7.5479	78287	exact RT sequences	exact RTs of that family (V-RT-SINGLE; MULTI separate)
Retron	171	8.1355	78287	exact RT sequences	exact RTs of that family (V-RT-SINGLE; MULTI separate)
Retron	174	8.5059	78287	exact RT sequences	exact RTs of that family (V-RT-SINGLE; MULTI separate)
Retron	179	9.0488	78287	exact RT sequences	exact RTs of that family (V-RT-SINGLE; MULTI separate)
Retron	183	9.5341	78287	exact RT sequences	exact RTs of that family (V-RT-SINGLE; MULTI separate)
Retron	188	10.123	78287	exact RT sequences	exact RTs of that family (V-RT-SINGLE; MULTI separate)
Retron	192	10.6007	78287	exact RT sequences	exact RTs of that family (V-RT-SINGLE; MULTI separate)
Retron	196	11.104	78287	exact RT sequences	exact RTs of that family (V-RT-SINGLE; MULTI separate)
Retron	200	11.546	78287	exact RT sequences	exact RTs of that family (V-RT-SINGLE; MULTI separate)
Retron	204	12.039	78287	exact RT sequences	exact RTs of that family (V-RT-SINGLE; MULTI separate)
Retron	209	12.6343	78287	exact RT sequences	exact RTs of that family (V-RT-SINGLE; MULTI separate)
Retron	212	13.0405	78287	exact RT sequences	exact RTs of that family (V-RT-SINGLE; MULTI separate)
Retron	215	13.5195	78287	exact RT sequences	exact RTs of that family (V-RT-SINGLE; MULTI separate)
Retron	219	14.0611	78287	exact RT sequences	exact RTs of that family (V-RT-SINGLE; MULTI separate)
Retron	223	14.5516	78287	exact RT sequences	exact RTs of that family (V-RT-SINGLE; MULTI separate)
Retron	227	15.0549	78287	exact RT sequences	exact RTs of that family (V-RT-SINGLE; MULTI separate)
Retron	231	15.5415	78287	exact RT sequences	exact RTs of that family (V-RT-SINGLE; MULTI separate)
Retron	235	16.0384	78287	exact RT sequences	exact RTs of that family (V-RT-SINGLE; MULTI separate)
Retron	239	16.5545	78287	exact RT sequences	exact RTs of that family (V-RT-SINGLE; MULTI separate)
Retron	243	17.1076	78287	exact RT sequences	exact RTs of that family (V-RT-SINGLE; MULTI separate)
Retron	247	17.5738	78287	exact RT sequences	exact RTs of that family (V-RT-SINGLE; MULTI separate)
Retron	251	18.1384	78287	exact RT sequences	exact RTs of that family (V-RT-SINGLE; MULTI separate)
Retron	254	18.5293	78287	exact RT sequences	exact RTs of that family (V-RT-SINGLE; MULTI separate)
Retron	258	19.1028	78287	exact RT sequences	exact RTs of that family (V-RT-SINGLE; MULTI separate)
Retron	262	19.6406	78287	exact RT sequences	exact RTs of that family (V-RT-SINGLE; MULTI separate)
Retron	265	20.0723	78287	exact RT sequences	exact RTs of that family (V-RT-SINGLE; MULTI separate)
Retron	268	20.5398	78287	exact RT sequences	exact RTs of that family (V-RT-SINGLE; MULTI separate)
Retron	272	21.1734	78287	exact RT sequences	exact RTs of that family (V-RT-SINGLE; MULTI separate)
Retron	274	21.5349	78287	exact RT sequences	exact RTs of that family (V-RT-SINGLE; MULTI separate)
Retron	277	22.0496	78287	exact RT sequences	exact RTs of that family (V-RT-SINGLE; MULTI separate)
Retron	280	22.6615	78287	exact RT sequences	exact RTs of that family (V-RT-SINGLE; MULTI separate)
Retron	282	23.1648	78287	exact RT sequences	exact RTs of that family (V-RT-SINGLE; MULTI separate)
Retron	284	23.7396	78287	exact RT sequences	exact RTs of that family (V-RT-SINGLE; MULTI separate)
Retron	285	24.0231	78287	exact RT sequences	exact RTs of that family (V-RT-SINGLE; MULTI separate)
Retron	287	24.552	78287	exact RT sequences	exact RTs of that family (V-RT-SINGLE; MULTI separate)
Retron	289	25.1958	78287	exact RT sequences	exact RTs of that family (V-RT-SINGLE; MULTI separate)
Retron	291	25.7578	78287	exact RT sequences	exact RTs of that family (V-RT-SINGLE; MULTI separate)
Retron	292	26.0069	78287	exact RT sequences	exact RTs of that family (V-RT-SINGLE; MULTI separate)
Retron	294	26.5089	78287	exact RT sequences	exact RTs of that family (V-RT-SINGLE; MULTI separate)
Retron	296	27.0517	78287	exact RT sequences	exact RTs of that family (V-RT-SINGLE; MULTI separate)
Retron	298	27.6891	78287	exact RT sequences	exact RTs of that family (V-RT-SINGLE; MULTI separate)
Retron	300	28.2537	78287	exact RT sequences	exact RTs of that family (V-RT-SINGLE; MULTI separate)
Retron	301	28.5833	78287	exact RT sequences	exact RTs of that family (V-RT-SINGLE; MULTI separate)
Retron	303	29.3944	78287	exact RT sequences	exact RTs of that family (V-RT-SINGLE; MULTI separate)
Retron	304	29.7546	78287	exact RT sequences	exact RTs of that family (V-RT-SINGLE; MULTI separate)
Retron	305	30.2298	78287	exact RT sequences	exact RTs of that family (V-RT-SINGLE; MULTI separate)
Retron	306	30.6437	78287	exact RT sequences	exact RTs of that family (V-RT-SINGLE; MULTI separate)
Retron	307	31.2491	78287	exact RT sequences	exact RTs of that family (V-RT-SINGLE; MULTI separate)
Retron	308	31.8188	78287	exact RT sequences	exact RTs of that family (V-RT-SINGLE; MULTI separate)
Retron	309	32.4102	78287	exact RT sequences	exact RTs of that family (V-RT-SINGLE; MULTI separate)
Retron	310	33.2392	78287	exact RT sequences	exact RTs of that family (V-RT-SINGLE; MULTI separate)
Retron	311	33.9699	78287	exact RT sequences	exact RTs of that family (V-RT-SINGLE; MULTI separate)
Retron	312	34.6826	78287	exact RT sequences	exact RTs of that family (V-RT-SINGLE; MULTI separate)
Retron	313	35.389	78287	exact RT sequences	exact RTs of that family (V-RT-SINGLE; MULTI separate)
Retron	314	35.9549	78287	exact RT sequences	exact RTs of that family (V-RT-SINGLE; MULTI separate)
Retron	315	36.6395	78287	exact RT sequences	exact RTs of that family (V-RT-SINGLE; MULTI separate)
Retron	316	37.549	78287	exact RT sequences	exact RTs of that family (V-RT-SINGLE; MULTI separate)
Retron	317	38.3065	78287	exact RT sequences	exact RTs of that family (V-RT-SINGLE; MULTI separate)
Retron	318	39.0205	78287	exact RT sequences	exact RTs of that family (V-RT-SINGLE; MULTI separate)
Retron	319	40.0961	78287	exact RT sequences	exact RTs of that family (V-RT-SINGLE; MULTI separate)
Retron	320	40.7386	78287	exact RT sequences	exact RTs of that family (V-RT-SINGLE; MULTI separate)
Retron	321	41.2342	78287	exact RT sequences	exact RTs of that family (V-RT-SINGLE; MULTI separate)
Retron	322	41.6698	78287	exact RT sequences	exact RTs of that family (V-RT-SINGLE; MULTI separate)
Retron	323	42.3391	78287	exact RT sequences	exact RTs of that family (V-RT-SINGLE; MULTI separate)
Retron	324	42.7913	78287	exact RT sequences	exact RTs of that family (V-RT-SINGLE; MULTI separate)
Retron	325	43.6305	78287	exact RT sequences	exact RTs of that family (V-RT-SINGLE; MULTI separate)
Retron	326	44.0099	78287	exact RT sequences	exact RTs of that family (V-RT-SINGLE; MULTI separate)
Retron	328	44.8031	78287	exact RT sequences	exact RTs of that family (V-RT-SINGLE; MULTI separate)
Retron	329	45.1595	78287	exact RT sequences	exact RTs of that family (V-RT-SINGLE; MULTI separate)
Retron	331	45.7151	78287	exact RT sequences	exact RTs of that family (V-RT-SINGLE; MULTI separate)
Retron	332	46.0115	78287	exact RT sequences	exact RTs of that family (V-RT-SINGLE; MULTI separate)
Retron	334	46.7766	78287	exact RT sequences	exact RTs of that family (V-RT-SINGLE; MULTI separate)
Retron	335	47.1675	78287	exact RT sequences	exact RTs of that family (V-RT-SINGLE; MULTI separate)
Retron	336	47.5456	78287	exact RT sequences	exact RTs of that family (V-RT-SINGLE; MULTI separate)
Retron	338	48.6569	78287	exact RT sequences	exact RTs of that family (V-RT-SINGLE; MULTI separate)
Retron	339	49.0477	78287	exact RT sequences	exact RTs of that family (V-RT-SINGLE; MULTI separate)
Retron	341	49.7541	78287	exact RT sequences	exact RTs of that family (V-RT-SINGLE; MULTI separate)
Retron	342	50.1437	78287	exact RT sequences	exact RTs of that family (V-RT-SINGLE; MULTI separate)
Retron	343	50.5588	78287	exact RT sequences	exact RTs of that family (V-RT-SINGLE; MULTI separate)
Retron	344	51.0174	78287	exact RT sequences	exact RTs of that family (V-RT-SINGLE; MULTI separate)
Retron	346	51.7289	78287	exact RT sequences	exact RTs of that family (V-RT-SINGLE; MULTI separate)
Retron	347	52.167	78287	exact RT sequences	exact RTs of that family (V-RT-SINGLE; MULTI separate)
Retron	348	52.5362	78287	exact RT sequences	exact RTs of that family (V-RT-SINGLE; MULTI separate)
Retron	350	53.2681	78287	exact RT sequences	exact RTs of that family (V-RT-SINGLE; MULTI separate)
Retron	351	53.5517	78287	exact RT sequences	exact RTs of that family (V-RT-SINGLE; MULTI separate)
Retron	353	54.0882	78287	exact RT sequences	exact RTs of that family (V-RT-SINGLE; MULTI separate)
Retron	354	54.7051	78287	exact RT sequences	exact RTs of that family (V-RT-SINGLE; MULTI separate)
Retron	356	55.2161	78287	exact RT sequences	exact RTs of that family (V-RT-SINGLE; MULTI separate)
Retron	358	55.5929	78287	exact RT sequences	exact RTs of that family (V-RT-SINGLE; MULTI separate)
Retron	360	56.1025	78287	exact RT sequences	exact RTs of that family (V-RT-SINGLE; MULTI separate)
Retron	362	56.5062	78287	exact RT sequences	exact RTs of that family (V-RT-SINGLE; MULTI separate)
Retron	365	57.2343	78287	exact RT sequences	exact RTs of that family (V-RT-SINGLE; MULTI separate)
Retron	366	58.0837	78287	exact RT sequences	exact RTs of that family (V-RT-SINGLE; MULTI separate)
Retron	368	58.5602	78287	exact RT sequences	exact RTs of that family (V-RT-SINGLE; MULTI separate)
Retron	370	59.0366	78287	exact RT sequences	exact RTs of that family (V-RT-SINGLE; MULTI separate)
Retron	373	59.7915	78287	exact RT sequences	exact RTs of that family (V-RT-SINGLE; MULTI separate)
Retron	375	60.2833	78287	exact RT sequences	exact RTs of that family (V-RT-SINGLE; MULTI separate)
Retron	376	60.7278	78287	exact RT sequences	exact RTs of that family (V-RT-SINGLE; MULTI separate)
Retron	377	61.0702	78287	exact RT sequences	exact RTs of that family (V-RT-SINGLE; MULTI separate)
Retron	379	61.6871	78287	exact RT sequences	exact RTs of that family (V-RT-SINGLE; MULTI separate)
Retron	381	62.1878	78287	exact RT sequences	exact RTs of that family (V-RT-SINGLE; MULTI separate)
Retron	383	62.7652	78287	exact RT sequences	exact RTs of that family (V-RT-SINGLE; MULTI separate)
Retron	385	63.1344	78287	exact RT sequences	exact RTs of that family (V-RT-SINGLE; MULTI separate)
Retron	387	63.5891	78287	exact RT sequences	exact RTs of that family (V-RT-SINGLE; MULTI separate)
Retron	389	64.1	78287	exact RT sequences	exact RTs of that family (V-RT-SINGLE; MULTI separate)
Retron	391	64.5995	78287	exact RT sequences	exact RTs of that family (V-RT-SINGLE; MULTI separate)
Retron	393	65.1143	78287	exact RT sequences	exact RTs of that family (V-RT-SINGLE; MULTI separate)
Retron	395	65.6418	78287	exact RT sequences	exact RTs of that family (V-RT-SINGLE; MULTI separate)
Retron	397	66.0812	78287	exact RT sequences	exact RTs of that family (V-RT-SINGLE; MULTI separate)
Retron	400	66.5487	78287	exact RT sequences	exact RTs of that family (V-RT-SINGLE; MULTI separate)
Retron	403	67.029	78287	exact RT sequences	exact RTs of that family (V-RT-SINGLE; MULTI separate)
Retron	406	67.517	78287	exact RT sequences	exact RTs of that family (V-RT-SINGLE; MULTI separate)
Retron	409	68.1033	78287	exact RT sequences	exact RTs of that family (V-RT-SINGLE; MULTI separate)
Retron	412	68.7164	78287	exact RT sequences	exact RTs of that family (V-RT-SINGLE; MULTI separate)
Retron	415	69.1226	78287	exact RT sequences	exact RTs of that family (V-RT-SINGLE; MULTI separate)
Retron	417	69.5556	78287	exact RT sequences	exact RTs of that family (V-RT-SINGLE; MULTI separate)
Retron	420	70.0832	78287	exact RT sequences	exact RTs of that family (V-RT-SINGLE; MULTI separate)
Retron	422	70.5098	78287	exact RT sequences	exact RTs of that family (V-RT-SINGLE; MULTI separate)
Retron	425	71.2775	78287	exact RT sequences	exact RTs of that family (V-RT-SINGLE; MULTI separate)
Retron	427	71.6313	78287	exact RT sequences	exact RTs of that family (V-RT-SINGLE; MULTI separate)
Retron	430	72.1461	78287	exact RT sequences	exact RTs of that family (V-RT-SINGLE; MULTI separate)
Retron	432	72.5702	78287	exact RT sequences	exact RTs of that family (V-RT-SINGLE; MULTI separate)
Retron	434	73.0696	78287	exact RT sequences	exact RTs of that family (V-RT-SINGLE; MULTI separate)
Retron	436	73.5473	78287	exact RT sequences	exact RTs of that family (V-RT-SINGLE; MULTI separate)
Retron	439	74.1592	78287	exact RT sequences	exact RTs of that family (V-RT-SINGLE; MULTI separate)
Retron	441	74.8783	78287	exact RT sequences	exact RTs of that family (V-RT-SINGLE; MULTI separate)
Retron	442	75.1415	78287	exact RT sequences	exact RTs of that family (V-RT-SINGLE; MULTI separate)
Retron	444	75.6358	78287	exact RT sequences	exact RTs of that family (V-RT-SINGLE; MULTI separate)
Retron	446	76.0433	78287	exact RT sequences	exact RTs of that family (V-RT-SINGLE; MULTI separate)
Retron	449	77.4062	78287	exact RT sequences	exact RTs of that family (V-RT-SINGLE; MULTI separate)
Retron	450	77.525	78287	exact RT sequences	exact RTs of that family (V-RT-SINGLE; MULTI separate)
Retron	454	78.0564	78287	exact RT sequences	exact RTs of that family (V-RT-SINGLE; MULTI separate)
Retron	458	78.6095	78287	exact RT sequences	exact RTs of that family (V-RT-SINGLE; MULTI separate)
Retron	461	79.0847	78287	exact RT sequences	exact RTs of that family (V-RT-SINGLE; MULTI separate)
Retron	465	79.6096	78287	exact RT sequences	exact RTs of that family (V-RT-SINGLE; MULTI separate)
Retron	468	80.0056	78287	exact RT sequences	exact RTs of that family (V-RT-SINGLE; MULTI separate)
Retron	472	80.5881	78287	exact RT sequences	exact RTs of that family (V-RT-SINGLE; MULTI separate)
Retron	475	81.002	78287	exact RT sequences	exact RTs of that family (V-RT-SINGLE; MULTI separate)
Retron	480	81.5653	78287	exact RT sequences	exact RTs of that family (V-RT-SINGLE; MULTI separate)
Retron	483	82.0072	78287	exact RT sequences	exact RTs of that family (V-RT-SINGLE; MULTI separate)
Retron	487	82.6178	78287	exact RT sequences	exact RTs of that family (V-RT-SINGLE; MULTI separate)
Retron	489	83.0674	78287	exact RT sequences	exact RTs of that family (V-RT-SINGLE; MULTI separate)
Retron	493	83.5515	78287	exact RT sequences	exact RTs of that family (V-RT-SINGLE; MULTI separate)
Retron	497	84.1021	78287	exact RT sequences	exact RTs of that family (V-RT-SINGLE; MULTI separate)
Retron	500	84.622	78287	exact RT sequences	exact RTs of that family (V-RT-SINGLE; MULTI separate)
Retron	504	85.1968	78287	exact RT sequences	exact RTs of that family (V-RT-SINGLE; MULTI separate)
Retron	508	85.5404	78287	exact RT sequences	exact RTs of that family (V-RT-SINGLE; MULTI separate)
Retron	513	86.0002	78287	exact RT sequences	exact RTs of that family (V-RT-SINGLE; MULTI separate)
Retron	521	86.5699	78287	exact RT sequences	exact RTs of that family (V-RT-SINGLE; MULTI separate)
Retron	527	87.0553	78287	exact RT sequences	exact RTs of that family (V-RT-SINGLE; MULTI separate)
Retron	532	87.5407	78287	exact RT sequences	exact RTs of that family (V-RT-SINGLE; MULTI separate)
Retron	539	88.0414	78287	exact RT sequences	exact RTs of that family (V-RT-SINGLE; MULTI separate)
Retron	543	88.6201	78287	exact RT sequences	exact RTs of that family (V-RT-SINGLE; MULTI separate)
Retron	548	89.0071	78287	exact RT sequences	exact RTs of that family (V-RT-SINGLE; MULTI separate)
Retron	554	89.5602	78287	exact RT sequences	exact RTs of that family (V-RT-SINGLE; MULTI separate)
Retron	558	90.0941	78287	exact RT sequences	exact RTs of that family (V-RT-SINGLE; MULTI separate)
Retron	562	90.5885	78287	exact RT sequences	exact RTs of that family (V-RT-SINGLE; MULTI separate)
Retron	565	91.1761	78287	exact RT sequences	exact RTs of that family (V-RT-SINGLE; MULTI separate)
Retron	567	91.5005	78287	exact RT sequences	exact RTs of that family (V-RT-SINGLE; MULTI separate)
Retron	572	92.0574	78287	exact RT sequences	exact RTs of that family (V-RT-SINGLE; MULTI separate)
Retron	575	92.5211	78287	exact RT sequences	exact RTs of that family (V-RT-SINGLE; MULTI separate)
Retron	579	93.064	78287	exact RT sequences	exact RTs of that family (V-RT-SINGLE; MULTI separate)
Retron	583	93.5558	78287	exact RT sequences	exact RTs of that family (V-RT-SINGLE; MULTI separate)
Retron	585	94.1382	78287	exact RT sequences	exact RTs of that family (V-RT-SINGLE; MULTI separate)
Retron	587	94.5572	78287	exact RT sequences	exact RTs of that family (V-RT-SINGLE; MULTI separate)
Retron	592	95.0899	78287	exact RT sequences	exact RTs of that family (V-RT-SINGLE; MULTI separate)
Retron	598	95.5344	78287	exact RT sequences	exact RTs of that family (V-RT-SINGLE; MULTI separate)
Retron	610	96.0517	78287	exact RT sequences	exact RTs of that family (V-RT-SINGLE; MULTI separate)
Retron	617	96.5448	78287	exact RT sequences	exact RTs of that family (V-RT-SINGLE; MULTI separate)
Retron	636	97.0123	78287	exact RT sequences	exact RTs of that family (V-RT-SINGLE; MULTI separate)
Retron	652	97.5066	78287	exact RT sequences	exact RTs of that family (V-RT-SINGLE; MULTI separate)
Retron	669	97.9997	78287	exact RT sequences	exact RTs of that family (V-RT-SINGLE; MULTI separate)
Retron	725	98.5017	78287	exact RT sequences	exact RTs of that family (V-RT-SINGLE; MULTI separate)
Retron	839	98.9998	78287	exact RT sequences	exact RTs of that family (V-RT-SINGLE; MULTI separate)
Retron	1021	99.5031	78287	exact RT sequences	exact RTs of that family (V-RT-SINGLE; MULTI separate)
Retron	9260	100.0	78287	exact RT sequences	exact RTs of that family (V-RT-SINGLE; MULTI separate)
other	22	0.0096	31217	exact RT sequences	exact RTs of that family (V-RT-SINGLE; MULTI separate)
other	53	0.5286	31217	exact RT sequences	exact RTs of that family (V-RT-SINGLE; MULTI separate)
other	69	1.0347	31217	exact RT sequences	exact RTs of that family (V-RT-SINGLE; MULTI separate)
other	78	1.5504	31217	exact RT sequences	exact RTs of that family (V-RT-SINGLE; MULTI separate)
other	86	2.0662	31217	exact RT sequences	exact RTs of that family (V-RT-SINGLE; MULTI separate)
other	94	2.5275	31217	exact RT sequences	exact RTs of that family (V-RT-SINGLE; MULTI separate)
other	105	3.0176	31217	exact RT sequences	exact RTs of that family (V-RT-SINGLE; MULTI separate)
other	116	3.5333	31217	exact RT sequences	exact RTs of that family (V-RT-SINGLE; MULTI separate)
other	125	4.0074	31217	exact RT sequences	exact RTs of that family (V-RT-SINGLE; MULTI separate)
other	135	4.5232	31217	exact RT sequences	exact RTs of that family (V-RT-SINGLE; MULTI separate)
other	145	5.0517	31217	exact RT sequences	exact RTs of that family (V-RT-SINGLE; MULTI separate)
other	153	5.5386	31217	exact RT sequences	exact RTs of that family (V-RT-SINGLE; MULTI separate)
other	162	6.0192	31217	exact RT sequences	exact RTs of that family (V-RT-SINGLE; MULTI separate)
other	170	6.5093	31217	exact RT sequences	exact RTs of that family (V-RT-SINGLE; MULTI separate)
other	177	7.025	31217	exact RT sequences	exact RTs of that family (V-RT-SINGLE; MULTI separate)
other	184	7.5119	31217	exact RT sequences	exact RTs of that family (V-RT-SINGLE; MULTI separate)
other	191	8.0245	31217	exact RT sequences	exact RTs of that family (V-RT-SINGLE; MULTI separate)
other	197	8.505	31217	exact RT sequences	exact RTs of that family (V-RT-SINGLE; MULTI separate)
other	203	9.0431	31217	exact RT sequences	exact RTs of that family (V-RT-SINGLE; MULTI separate)
other	209	9.5621	31217	exact RT sequences	exact RTs of that family (V-RT-SINGLE; MULTI separate)
other	214	10.0298	31217	exact RT sequences	exact RTs of that family (V-RT-SINGLE; MULTI separate)
other	220	10.5263	31217	exact RT sequences	exact RTs of that family (V-RT-SINGLE; MULTI separate)
other	225	11.0164	31217	exact RT sequences	exact RTs of that family (V-RT-SINGLE; MULTI separate)
other	230	11.5001	31217	exact RT sequences	exact RTs of that family (V-RT-SINGLE; MULTI separate)
other	236	12.0639	31217	exact RT sequences	exact RTs of that family (V-RT-SINGLE; MULTI separate)
other	239	12.5829	31217	exact RT sequences	exact RTs of that family (V-RT-SINGLE; MULTI separate)
other	243	13.0378	31217	exact RT sequences	exact RTs of that family (V-RT-SINGLE; MULTI separate)
other	246	13.5119	31217	exact RT sequences	exact RTs of that family (V-RT-SINGLE; MULTI separate)
other	251	14.1493	31217	exact RT sequences	exact RTs of that family (V-RT-SINGLE; MULTI separate)
other	253	14.5498	31217	exact RT sequences	exact RTs of that family (V-RT-SINGLE; MULTI separate)
other	255	15.1488	31217	exact RT sequences	exact RTs of that family (V-RT-SINGLE; MULTI separate)
other	257	15.9272	31217	exact RT sequences	exact RTs of that family (V-RT-SINGLE; MULTI separate)
other	258	16.0618	31217	exact RT sequences	exact RTs of that family (V-RT-SINGLE; MULTI separate)
other	261	16.5615	31217	exact RT sequences	exact RTs of that family (V-RT-SINGLE; MULTI separate)
other	264	17.0388	31217	exact RT sequences	exact RTs of that family (V-RT-SINGLE; MULTI separate)
other	268	17.5321	31217	exact RT sequences	exact RTs of that family (V-RT-SINGLE; MULTI separate)
other	273	18.0799	31217	exact RT sequences	exact RTs of that family (V-RT-SINGLE; MULTI separate)
other	278	18.6117	31217	exact RT sequences	exact RTs of that family (V-RT-SINGLE; MULTI separate)
other	283	19.0697	31217	exact RT sequences	exact RTs of that family (V-RT-SINGLE; MULTI separate)
other	288	19.5214	31217	exact RT sequences	exact RTs of that family (V-RT-SINGLE; MULTI separate)
other	294	20.0692	31217	exact RT sequences	exact RTs of that family (V-RT-SINGLE; MULTI separate)
other	298	20.5241	31217	exact RT sequences	exact RTs of that family (V-RT-SINGLE; MULTI separate)
other	302	21.0238	31217	exact RT sequences	exact RTs of that family (V-RT-SINGLE; MULTI separate)
other	306	21.5075	31217	exact RT sequences	exact RTs of that family (V-RT-SINGLE; MULTI separate)
other	310	22.0649	31217	exact RT sequences	exact RTs of that family (V-RT-SINGLE; MULTI separate)
other	313	22.5294	31217	exact RT sequences	exact RTs of that family (V-RT-SINGLE; MULTI separate)
other	317	23.0964	31217	exact RT sequences	exact RTs of that family (V-RT-SINGLE; MULTI separate)
other	321	23.5673	31217	exact RT sequences	exact RTs of that family (V-RT-SINGLE; MULTI separate)
other	325	24.019	31217	exact RT sequences	exact RTs of that family (V-RT-SINGLE; MULTI separate)
other	330	24.6052	31217	exact RT sequences	exact RTs of that family (V-RT-SINGLE; MULTI separate)
other	334	25.1081	31217	exact RT sequences	exact RTs of that family (V-RT-SINGLE; MULTI separate)
other	338	25.5214	31217	exact RT sequences	exact RTs of that family (V-RT-SINGLE; MULTI separate)
other	343	26.0595	31217	exact RT sequences	exact RTs of that family (V-RT-SINGLE; MULTI separate)
other	347	26.5304	31217	exact RT sequences	exact RTs of that family (V-RT-SINGLE; MULTI separate)
other	352	27.0109	31217	exact RT sequences	exact RTs of that family (V-RT-SINGLE; MULTI separate)
other	358	27.5427	31217	exact RT sequences	exact RTs of that family (V-RT-SINGLE; MULTI separate)
other	363	28.0392	31217	exact RT sequences	exact RTs of that family (V-RT-SINGLE; MULTI separate)
other	369	28.5998	31217	exact RT sequences	exact RTs of that family (V-RT-SINGLE; MULTI separate)
other	373	29.0547	31217	exact RT sequences	exact RTs of that family (V-RT-SINGLE; MULTI separate)
other	378	29.564	31217	exact RT sequences	exact RTs of that family (V-RT-SINGLE; MULTI separate)
other	383	30.067	31217	exact RT sequences	exact RTs of that family (V-RT-SINGLE; MULTI separate)
other	388	30.5058	31217	exact RT sequences	exact RTs of that family (V-RT-SINGLE; MULTI separate)
other	393	31.0216	31217	exact RT sequences	exact RTs of that family (V-RT-SINGLE; MULTI separate)
other	397	31.7007	31217	exact RT sequences	exact RTs of that family (V-RT-SINGLE; MULTI separate)
other	398	32.4503	31217	exact RT sequences	exact RTs of that family (V-RT-SINGLE; MULTI separate)
other	399	32.7738	31217	exact RT sequences	exact RTs of that family (V-RT-SINGLE; MULTI separate)
other	401	33.1935	31217	exact RT sequences	exact RTs of that family (V-RT-SINGLE; MULTI separate)
other	403	33.5522	31217	exact RT sequences	exact RTs of that family (V-RT-SINGLE; MULTI separate)
other	406	34.0872	31217	exact RT sequences	exact RTs of that family (V-RT-SINGLE; MULTI separate)
other	409	34.5036	31217	exact RT sequences	exact RTs of that family (V-RT-SINGLE; MULTI separate)
other	412	35.0066	31217	exact RT sequences	exact RTs of that family (V-RT-SINGLE; MULTI separate)
other	415	35.5575	31217	exact RT sequences	exact RTs of that family (V-RT-SINGLE; MULTI separate)
other	418	36.1566	31217	exact RT sequences	exact RTs of that family (V-RT-SINGLE; MULTI separate)
other	420	36.8934	31217	exact RT sequences	exact RTs of that family (V-RT-SINGLE; MULTI separate)
other	421	37.8704	31217	exact RT sequences	exact RTs of that family (V-RT-SINGLE; MULTI separate)
other	422	38.3221	31217	exact RT sequences	exact RTs of that family (V-RT-SINGLE; MULTI separate)
other	423	38.6328	31217	exact RT sequences	exact RTs of that family (V-RT-SINGLE; MULTI separate)
other	425	39.1517	31217	exact RT sequences	exact RTs of that family (V-RT-SINGLE; MULTI separate)
other	427	39.5682	31217	exact RT sequences	exact RTs of that family (V-RT-SINGLE; MULTI separate)
other	430	40.0038	31217	exact RT sequences	exact RTs of that family (V-RT-SINGLE; MULTI separate)
other	433	40.5516	31217	exact RT sequences	exact RTs of that family (V-RT-SINGLE; MULTI separate)
other	437	41.1923	31217	exact RT sequences	exact RTs of that family (V-RT-SINGLE; MULTI separate)
other	439	41.6952	31217	exact RT sequences	exact RTs of that family (V-RT-SINGLE; MULTI separate)
other	441	42.0028	31217	exact RT sequences	exact RTs of that family (V-RT-SINGLE; MULTI separate)
other	443	42.6082	31217	exact RT sequences	exact RTs of that family (V-RT-SINGLE; MULTI separate)
other	445	43.1688	31217	exact RT sequences	exact RTs of that family (V-RT-SINGLE; MULTI separate)
other	448	43.6333	31217	exact RT sequences	exact RTs of that family (V-RT-SINGLE; MULTI separate)
other	451	44.0081	31217	exact RT sequences	exact RTs of that family (V-RT-SINGLE; MULTI separate)
other	456	44.5911	31217	exact RT sequences	exact RTs of that family (V-RT-SINGLE; MULTI separate)
other	459	45.0139	31217	exact RT sequences	exact RTs of that family (V-RT-SINGLE; MULTI separate)
other	464	45.6354	31217	exact RT sequences	exact RTs of that family (V-RT-SINGLE; MULTI separate)
other	467	46.0358	31217	exact RT sequences	exact RTs of that family (V-RT-SINGLE; MULTI separate)
other	472	46.558	31217	exact RT sequences	exact RTs of that family (V-RT-SINGLE; MULTI separate)
other	476	47.0193	31217	exact RT sequences	exact RTs of that family (V-RT-SINGLE; MULTI separate)
other	480	47.4998	31217	exact RT sequences	exact RTs of that family (V-RT-SINGLE; MULTI separate)
other	486	48.0956	31217	exact RT sequences	exact RTs of that family (V-RT-SINGLE; MULTI separate)
other	489	48.5152	31217	exact RT sequences	exact RTs of that family (V-RT-SINGLE; MULTI separate)
other	491	49.0502	31217	exact RT sequences	exact RTs of that family (V-RT-SINGLE; MULTI separate)
other	493	49.5371	31217	exact RT sequences	exact RTs of that family (V-RT-SINGLE; MULTI separate)
other	495	50.2579	31217	exact RT sequences	exact RTs of that family (V-RT-SINGLE; MULTI separate)
other	497	50.6999	31217	exact RT sequences	exact RTs of that family (V-RT-SINGLE; MULTI separate)
other	498	51.2637	31217	exact RT sequences	exact RTs of that family (V-RT-SINGLE; MULTI separate)
other	499	51.9236	31217	exact RT sequences	exact RTs of that family (V-RT-SINGLE; MULTI separate)
other	500	52.7821	31217	exact RT sequences	exact RTs of that family (V-RT-SINGLE; MULTI separate)
other	501	53.1281	31217	exact RT sequences	exact RTs of that family (V-RT-SINGLE; MULTI separate)
other	502	53.4997	31217	exact RT sequences	exact RTs of that family (V-RT-SINGLE; MULTI separate)
other	504	54.3902	31217	exact RT sequences	exact RTs of that family (V-RT-SINGLE; MULTI separate)
other	505	54.7202	31217	exact RT sequences	exact RTs of that family (V-RT-SINGLE; MULTI separate)
other	506	55.1174	31217	exact RT sequences	exact RTs of that family (V-RT-SINGLE; MULTI separate)
other	507	55.5979	31217	exact RT sequences	exact RTs of that family (V-RT-SINGLE; MULTI separate)
other	509	56.2226	31217	exact RT sequences	exact RTs of that family (V-RT-SINGLE; MULTI separate)
other	510	56.5589	31217	exact RT sequences	exact RTs of that family (V-RT-SINGLE; MULTI separate)
other	512	57.5488	31217	exact RT sequences	exact RTs of that family (V-RT-SINGLE; MULTI separate)
other	514	58.5739	31217	exact RT sequences	exact RTs of that family (V-RT-SINGLE; MULTI separate)
other	515	59.1633	31217	exact RT sequences	exact RTs of that family (V-RT-SINGLE; MULTI separate)
other	516	59.5349	31217	exact RT sequences	exact RTs of that family (V-RT-SINGLE; MULTI separate)
other	517	60.0442	31217	exact RT sequences	exact RTs of that family (V-RT-SINGLE; MULTI separate)
other	518	60.5343	31217	exact RT sequences	exact RTs of that family (V-RT-SINGLE; MULTI separate)
other	520	61.2006	31217	exact RT sequences	exact RTs of that family (V-RT-SINGLE; MULTI separate)
other	521	61.6427	31217	exact RT sequences	exact RTs of that family (V-RT-SINGLE; MULTI separate)
other	523	62.5332	31217	exact RT sequences	exact RTs of that family (V-RT-SINGLE; MULTI separate)
other	525	63.475	31217	exact RT sequences	exact RTs of that family (V-RT-SINGLE; MULTI separate)
other	526	63.8466	31217	exact RT sequences	exact RTs of that family (V-RT-SINGLE; MULTI separate)
other	527	64.1734	31217	exact RT sequences	exact RTs of that family (V-RT-SINGLE; MULTI separate)
other	528	64.5161	31217	exact RT sequences	exact RTs of that family (V-RT-SINGLE; MULTI separate)
other	530	65.2497	31217	exact RT sequences	exact RTs of that family (V-RT-SINGLE; MULTI separate)
other	531	65.7558	31217	exact RT sequences	exact RTs of that family (V-RT-SINGLE; MULTI separate)
other	532	66.1563	31217	exact RT sequences	exact RTs of that family (V-RT-SINGLE; MULTI separate)
other	533	66.5343	31217	exact RT sequences	exact RTs of that family (V-RT-SINGLE; MULTI separate)
other	535	67.2454	31217	exact RT sequences	exact RTs of that family (V-RT-SINGLE; MULTI separate)
other	536	67.9566	31217	exact RT sequences	exact RTs of that family (V-RT-SINGLE; MULTI separate)
other	537	68.3314	31217	exact RT sequences	exact RTs of that family (V-RT-SINGLE; MULTI separate)
other	538	68.7222	31217	exact RT sequences	exact RTs of that family (V-RT-SINGLE; MULTI separate)
other	539	69.3821	31217	exact RT sequences	exact RTs of that family (V-RT-SINGLE; MULTI separate)
other	540	70.2662	31217	exact RT sequences	exact RTs of that family (V-RT-SINGLE; MULTI separate)
other	541	70.5513	31217	exact RT sequences	exact RTs of that family (V-RT-SINGLE; MULTI separate)
other	542	71.7398	31217	exact RT sequences	exact RTs of that family (V-RT-SINGLE; MULTI separate)
other	543	72.0409	31217	exact RT sequences	exact RTs of that family (V-RT-SINGLE; MULTI separate)
other	545	72.7969	31217	exact RT sequences	exact RTs of that family (V-RT-SINGLE; MULTI separate)
other	546	73.4856	31217	exact RT sequences	exact RTs of that family (V-RT-SINGLE; MULTI separate)
other	547	73.8444	31217	exact RT sequences	exact RTs of that family (V-RT-SINGLE; MULTI separate)
other	548	74.1263	31217	exact RT sequences	exact RTs of that family (V-RT-SINGLE; MULTI separate)
other	550	74.8054	31217	exact RT sequences	exact RTs of that family (V-RT-SINGLE; MULTI separate)
other	551	75.0553	31217	exact RT sequences	exact RTs of that family (V-RT-SINGLE; MULTI separate)
other	554	75.6799	31217	exact RT sequences	exact RTs of that family (V-RT-SINGLE; MULTI separate)
other	556	76.0195	31217	exact RT sequences	exact RTs of that family (V-RT-SINGLE; MULTI separate)
other	559	76.5608	31217	exact RT sequences	exact RTs of that family (V-RT-SINGLE; MULTI separate)
other	562	77.2239	31217	exact RT sequences	exact RTs of that family (V-RT-SINGLE; MULTI separate)
other	563	77.5219	31217	exact RT sequences	exact RTs of that family (V-RT-SINGLE; MULTI separate)
other	565	78.0152	31217	exact RT sequences	exact RTs of that family (V-RT-SINGLE; MULTI separate)
other	568	78.5758	31217	exact RT sequences	exact RTs of that family (V-RT-SINGLE; MULTI separate)
other	571	79.2068	31217	exact RT sequences	exact RTs of that family (V-RT-SINGLE; MULTI separate)
other	573	79.7546	31217	exact RT sequences	exact RTs of that family (V-RT-SINGLE; MULTI separate)
other	575	80.0461	31217	exact RT sequences	exact RTs of that family (V-RT-SINGLE; MULTI separate)
other	579	80.5042	31217	exact RT sequences	exact RTs of that family (V-RT-SINGLE; MULTI separate)
other	584	81.0776	31217	exact RT sequences	exact RTs of that family (V-RT-SINGLE; MULTI separate)
other	588	81.5709	31217	exact RT sequences	exact RTs of that family (V-RT-SINGLE; MULTI separate)
other	590	82.1411	31217	exact RT sequences	exact RTs of that family (V-RT-SINGLE; MULTI separate)
other	594	82.5288	31217	exact RT sequences	exact RTs of that family (V-RT-SINGLE; MULTI separate)
other	599	83.0381	31217	exact RT sequences	exact RTs of that family (V-RT-SINGLE; MULTI separate)
other	604	83.6756	31217	exact RT sequences	exact RTs of that family (V-RT-SINGLE; MULTI separate)
other	607	84.076	31217	exact RT sequences	exact RTs of that family (V-RT-SINGLE; MULTI separate)
other	611	84.5853	31217	exact RT sequences	exact RTs of that family (V-RT-SINGLE; MULTI separate)
other	616	85.0178	31217	exact RT sequences	exact RTs of that family (V-RT-SINGLE; MULTI separate)
other	628	85.5143	31217	exact RT sequences	exact RTs of that family (V-RT-SINGLE; MULTI separate)
other	646	86.0044	31217	exact RT sequences	exact RTs of that family (V-RT-SINGLE; MULTI separate)
other	670	86.5074	31217	exact RT sequences	exact RTs of that family (V-RT-SINGLE; MULTI separate)
other	686	87.0968	31217	exact RT sequences	exact RTs of that family (V-RT-SINGLE; MULTI separate)
other	695	87.5645	31217	exact RT sequences	exact RTs of that family (V-RT-SINGLE; MULTI separate)
other	702	88.077	31217	exact RT sequences	exact RTs of that family (V-RT-SINGLE; MULTI separate)
other	722	88.5031	31217	exact RT sequences	exact RTs of that family (V-RT-SINGLE; MULTI separate)
other	759	88.9996	31217	exact RT sequences	exact RTs of that family (V-RT-SINGLE; MULTI separate)
other	793	89.5345	31217	exact RT sequences	exact RTs of that family (V-RT-SINGLE; MULTI separate)
other	824	89.999	31217	exact RT sequences	exact RTs of that family (V-RT-SINGLE; MULTI separate)
other	842	90.5724	31217	exact RT sequences	exact RTs of that family (V-RT-SINGLE; MULTI separate)
other	881	90.9985	31217	exact RT sequences	exact RTs of that family (V-RT-SINGLE; MULTI separate)
other	951	91.5014	31217	exact RT sequences	exact RTs of that family (V-RT-SINGLE; MULTI separate)
other	1014	91.9979	31217	exact RT sequences	exact RTs of that family (V-RT-SINGLE; MULTI separate)
other	1054	92.5041	31217	exact RT sequences	exact RTs of that family (V-RT-SINGLE; MULTI separate)
other	1078	93.0326	31217	exact RT sequences	exact RTs of that family (V-RT-SINGLE; MULTI separate)
other	1087	93.5003	31217	exact RT sequences	exact RTs of that family (V-RT-SINGLE; MULTI separate)
other	1108	94.0033	31217	exact RT sequences	exact RTs of that family (V-RT-SINGLE; MULTI separate)
other	1141	94.6151	31217	exact RT sequences	exact RTs of that family (V-RT-SINGLE; MULTI separate)
other	1157	95.0091	31217	exact RT sequences	exact RTs of that family (V-RT-SINGLE; MULTI separate)
other	1222	95.5057	31217	exact RT sequences	exact RTs of that family (V-RT-SINGLE; MULTI separate)
other	1232	96.1623	31217	exact RT sequences	exact RTs of that family (V-RT-SINGLE; MULTI separate)
other	1240	96.5179	31217	exact RT sequences	exact RTs of that family (V-RT-SINGLE; MULTI separate)
other	1257	97.0048	31217	exact RT sequences	exact RTs of that family (V-RT-SINGLE; MULTI separate)
other	1273	97.5174	31217	exact RT sequences	exact RTs of that family (V-RT-SINGLE; MULTI separate)
other	1282	98.0043	31217	exact RT sequences	exact RTs of that family (V-RT-SINGLE; MULTI separate)
other	1303	98.5425	31217	exact RT sequences	exact RTs of that family (V-RT-SINGLE; MULTI separate)
other	1330	98.9973	31217	exact RT sequences	exact RTs of that family (V-RT-SINGLE; MULTI separate)
other	1777	99.5195	31217	exact RT sequences	exact RTs of that family (V-RT-SINGLE; MULTI separate)
other	2780	100.0	31217	exact RT sequences	exact RTs of that family (V-RT-SINGLE; MULTI separate)
