terminal_1	10e98cffb6641d85d9e5133d8b40ac83f2d1b3264971b07eda1d0a273977a232
terminal_10	00f3b0d0cbb05ed0f47480b308889f21102c53d876c0a15c2df160e712cb4c9b
terminal_100	d52f7d4cd5fe972f39f72d80f951478c533fdbf74b09914711fe68a03bc94e1e
terminal_1000	4ddcbc58dfb4b3825b8e12dbfc341fbeaf18794cd3c7ca84e94293a0ed3005f1
terminal_1001	2bc66981561a193b9174288a0289d3e2412a698d2031fe6637008b5270ee9db1
terminal_1002	8fe6916fc9919b6435b531174a6871a2689cb543732bb04ccb7873a0689f3c3d
terminal_1003	7a0bf2054335b7122580d350c3f7f47cd74e924e335c531e2968492aa77bc119
terminal_1004	abfdb8cf4c0ada65eb78e6ec92aa703001838491e949241034287e5fb3f90f43
terminal_1005	c0ce8ba2ab04e834adf303d334fa5393302b4fd361ac5fe87003a5b514522fd4
terminal_1006	e3cb7ce215a241d431365b0bfa7e87f1354af87509a4176e1ea70b2f44ba7289
terminal_1007	138e6abfa0916d7eb9a307ca1beb2f7e9fd2d834664358d97275aeaf988f2401
terminal_1008	ecb01228a8165c538dee016a8d51bffdf02b310b0a0f5e826365b364f80758ed
terminal_1009	9fd8750ea01700344d288d6821a85615196dc09f331801388779ace9b5004008
terminal_101	3135ecab51648994b553d9ad26d8babf1d0079115ace2022f905e9300182086e
terminal_1010	6c7081e4564129d22b15d0e7c05872c3120616a1ab4cb1541d3bae61789cbea3
terminal_1011	b436c9dd1ff8ee8e7fde5e3d225679dedb2cfd6ce38f418bd4306266556d1016
terminal_1012	3773e0cdf3768d2b3f594e3851fcbda3e9e6ca3b17fe7fb58e372c6c05a631c5
terminal_1013	69a0a79fbdb97f91b68583f81abc38a081f4d972d5a6d742c64d2e615b7ef1c5
terminal_1014	de52973e1448ae2fd59840d0219921cf55889930731b5507d1d633c0f4b9cca4
terminal_1015	460e0f6ed13ba8bef1fe79025e029252d77f4622582f6b9634afcba5a1ef63ec
terminal_1016	5173b4c519a19f7eebafbe0d5bce3c352d96a624b7776a13c49252102a15b2d2
terminal_1017	3e72451a792c973533b1b8531af97883d0cd53d78c52e0f1c5549ddcf248827e
terminal_1018	a515cd0748d973cdbcab395b9c92417f32670ebfb8ed550f607d20f159b26ccf
terminal_1019	a3301e2ee5206459ae35336ab01ab00a90c7c5a0350b9b83fd781b8cb1dac1a7
terminal_102	c6ad2399ba2bf6707411443c4634bc4fce24211999946b7c3d570e290ffcaa18
terminal_1020	e40e8f57cd2b59c12c812b018a5230e6a18af898cbc4aa45df44de2898385c6c
terminal_1021	f3a552c3f4447fd29cb6744a8614aaee1d3debb35843df9c7850f50aa6a0a49b
terminal_1022	1b0eef4aa2fca5145918359966d9913f88a45eb892f2b3d460e438fe90a54c9a
terminal_1023	d07af125f917fb7013cc02a8137adb7fc4115f012578297e819ac76f3bf333ab
terminal_1024	f32bb0f901dde8951a9c50d6d6d3adc1b933c3eaf8d36bef91f260c3e44fbfe8
terminal_1025	4c47fd28e872bcb7f1e760883d9814c6d25590d434f0179af37efc5c4e5c0ad5
terminal_1026	6579b5c5b60bb7df2b3b13e6285141d1e048def9abd2969427e39652afcfdb10
terminal_1027	5a88b8a9c19175aba41434818f58e3dd0f649ac0316e2f6afbaea6b7a633c885
terminal_1028	6826e6cd4f02ecb761d23b18351bce0a128b6fe4ec138eb2fd4b1a7c4a59d496
terminal_1029	5a4d8dc3c5c86bf387215bb0090bb87621301d49f4b2b1e69a8b78975d74e97e
terminal_103	5128843467f8918a7809439b66c71a3d545202e305bf32ee62af9f66a6cdaa3b
terminal_1030	13395a3b9485eca6f8e26ec3c7891d38a6b90b2153e11a28ed12efea77326c3c
terminal_1031	6248f530dd59fb6c3c0c355d342343a7c3fea480cd7fe959308458c0ce0fc8a6
terminal_1032	8c3d621b2c7846b69b5bdac23ede3d60e0960f8642df8bc318391d41f4e95f4a
terminal_1033	b6da97fc03b725a5411fc692b304f9bfcab649ac62659825b5e799b01a34adbd
terminal_1034	493f41f9438c8d352598260f3fdd6741df8870188d7e1340546d093f608e81c7
terminal_1035	5eceb5d57e37efa35070d7854d0352b7f1187c037614802a0bf22b56790e43aa
terminal_1036	8b62e39423a4727e34232b32fb4345f9d33da73a8e5124341133d8dffd4054b0
terminal_1037	68814a18f5a2fcdb76001dd2f1cd3b75cd87d1252aa479747568f0241d4b25af
terminal_1038	870e6897fbf9b9af6d6b1588ee6cf441d26ed41ccaab1413c4c9515c078eeaaa
terminal_1039	a36eabeb2f2c3c6df6029e68b4cacc18ecf9bb64f5ac2ac5e8b91edf67b23888
terminal_104	6f70a8e60dbe3988bf3498e09381b015d5405442e12a4ef5313377287ee6b13f
terminal_1040	929699bdb3b1b719ecceaa2e8e711bc2a45cf1ad8fadb8445b1c214aed52e857
terminal_1041	c546e784113d588b35ddca285a47fbaa75ad9c7fed68eac20d34ee16fa966459
terminal_1042	03266844620916a2f90313d845a41f0ea61aa16fcb738fddc0ed276c48251538
terminal_1043	f9a59c27bf42b1f5167354072bf3fc6a3d4bee2c67d27101bc2bb08eefaa4abd
terminal_1044	c3fe78776b6484f6855845daf5dc74e0e697d7fd76b12f579eb402819a65dee6
terminal_1045	a1be9963f47710a73a78e6dfe5107d9c617ad8d18d451df2083d0a09701a05c3
terminal_1046	0894bc786b32084333c729faef7e8cc64a6f924cf8dae54e38ab1307ec28d517
terminal_1047	2c6af716ba3196d74a77dc0b472c7c0cf9948a80fcb0108d046b31f79a444ebd
terminal_1048	1242e42c84ad382f4d9b5246a4adf020a6218e022578a350ff8482efb595e522
terminal_1049	efb08b53694a44e3b6651986b7fbbd75d184c93f1d37362647a354c485b09493
terminal_105	a7a5e0c5a1e5c680ff229ba6c4f08ba36aa6b8a0b8a7a58adf2d1eac2fac56b3
terminal_1050	6d6c833cc18c8b9f95377c4b9637647dfcd6d7c12c9748f4868547d061327863
terminal_1051	5ddb6ef5b293893cacb883e75d5f79011275f4fe352610d5db44e02765788613
terminal_1052	c5d9f64866c5fb94db6e5c1b63b10da0097602419c50f406d2c470eb1a9da6f0
terminal_1053	acecc30dc3e2d4ef0809173d859e18be9ce68a49fa17b6863bc55c3ed0ae979d
terminal_1054	250882348e7b41ad827add5c4d6abad832e64ea7eaa93d47bf7eb94f9650bfda
terminal_1055	0bdad6783286b958c70ef9441bd5f232b5d201b0cbde68dfa95133802a435211
terminal_1056	5a38391e0c3c23074e46a0dde686606e44b7223492e5e0e0592e18bd06b00f05
terminal_1057	e60ea3e7a9ea7abd17e773b26045e53fee30d0f109b81ae09600b128da782019
terminal_1058	757ad622af9d2facc4ee6fec98cfe45e42e4f899311bcb760458e1253f811c0c
terminal_1059	5d815a2efa47f18df911f8b27a532c1646647eef0e121ae635e429fdba6bf79f
terminal_106	144426d7b0aa0f8317d7f2937833609945705ede3cc1bfe4486f379c57aeb8ce
terminal_1060	64e5ea4e4e50db04f88a3da884828fda1e391a42657b85d256c0d7265a4bcefb
terminal_1061	ff7e1e48e139c25eb5abde75610e1a4b5c485e9863c5d24457a0be704a5c7285
terminal_1062	5aa4df588c7bc2a22447f83038f2583dab69dce94eca9f3e9da39789e83915b2
terminal_1063	9a8ffb4ce7fcc7179e0bd2260f97d2c4e8c9faa04713197b98d1c5f864f76639
terminal_1064	86c361b9a027409ccc3376bf83345b7eb9945293459a6dfcd1b56ed824c7c802
terminal_1065	606bbe676b2af50c2fba01d1b35bbd50e886546924c0bc64e422b3f289c122ab
terminal_1066	f24aa97d14333f32b7b3324bd5f5e7e37721c0da51e8067179b97c8961548cb9
terminal_1067	ba1eb8c6faf87f250fa0cd430b58b4e9a5fa7c88092c86e652a9fd4f13c33574
terminal_1068	580637ac731b5acf145a7efb43bb195dfbf42096cbcc0eadeaa65261aca69af7
terminal_1069	94def4cb94740fad8db7592693a1662667955165d7b2327a2ed9c6a0ee98e8ff
terminal_107	1b53e657c29a9d019a8fc4a7560092b8c93d64c571d983a912e9d642592121e1
terminal_1070	2020e746a79e5306f9825ca3f38bd92df68420c2ec8677cd21f46deb07ba63f6
terminal_1071	be86cdc4c0ea1d6d92adeaa75e0065888c7469cd5dc094e4b89c5243720b6958
terminal_1072	8ca1e85e5c1925abbdee407da4beb734a148b61b67f7aa3d342ec64325b6618d
terminal_1073	e257624f45a048bfa1f1dc39bf9982ce01b243821e6b86f4ce5aebe7ec5350eb
terminal_1074	a8584e3c74ddb28dbc9f5a43ff2be04b610039a6bd2fe1555b0a102e1297f988
terminal_1075	4738256b56fd6aa7def9fb26b6722fe6e2ab1acfabaa0ac1fee3d3db8ca0003c
terminal_1076	d2b1a7f72210d54a1653776c64ad489ff61f9945e199a2994636bd46261b5fe3
terminal_1077	7575fc853e13dce22dc240ff260497eedc5899f08d62acfd7a5ed06ca0be7ec4
terminal_1078	efdc8d14d64fd2ba49d3e6ee9d6e0735a48620c3f3ea4cfcd2852a80196c96ad
terminal_1079	c3413582ecc9cbfcd1dbf4120152cc8aef14ea032ab9c23aa208fbaef11e765a
terminal_108	c12a8b2e9643e80bbf946792af5028be0352f4f6ca3ab0e755429767a6d1418e
terminal_1080	60f26be8e5309a3b20108ab7290ab8b0f6d2bb22f0e13682b31f46613f7e5f29
terminal_1081	27b9ac5b5fec9d3f3c01e34b3616ea1c785a02d9c18c97b5727c892b0c34cd22
terminal_1082	ff622ea03faa14360a1da0f97db2c9d8a896a7772f7b14afcda3c31ff761d5a6
terminal_1083	84e8c9edd6f4ff3abf24bfd826a2c2348e0e70d21c7eb601e46e96a04a5a8bb1
terminal_1084	bb0629c4fe964ec9906f9882cff18b7a3949a0b7e38068183cfe4900351271d9
terminal_1085	b79a43ed436f42bc6781e78b060c52cb1607e5f43445fe3ecab6701588c9e78c
terminal_1086	f6fa004080ee71e81a598b782507504f7c53df720c8a812d2e93bc047bcbe7f9
terminal_1087	6af69c11bf66d67ce6602c9f1c869b5b7c6185e72a166c4ac8ef29b35238f450
terminal_1088	76d78a986c0318bb4452995bb06a8b18ce4df611b84bf93596f750c58a2cd5a7
terminal_1089	f6192d77bf0eed1bbce052b17c9e9b8b6b19052b5e6ee5ade6524eab7d6a5144
terminal_109	0247dbe385be1ae4445edceb97fc59020ba91484d78a7ea8aefff0b5c9f2bd3f
terminal_1090	cc7fef4cd76b48caea7ddc9d1dccc4c5285f7b6ea9a679e4718610c9d8e03f83
terminal_1091	548f76a7c625f70fcca436c02c28906a3dd8c85fac94f53a3d277c468032cb7e
terminal_1092	4e41fab61e00e0b027c842d8e9790c422f86391dc7963d7b0ea1de662dd6d7f0
terminal_1093	c4c16ffff63c86fd3b7fb6948b459a6a185a98c81059cf4e4d35a4a4e3827deb
terminal_1094	1b816d4f44d774ac1bf6d353c1070f92d74c071cda63322bdbd06ee5bf1557a1
terminal_1095	70b5041b621f2a77b8e53bfdfbf863f89965f67924c730c1f277c51fc045a528
terminal_1096	87e36f66357d8effddf28cdef1a7985d24b3fb6bde196f7236fab7f8517b1a65
terminal_1097	3e41ab6bd43a9c89ee1a0503f061ac363cc98fb48c89d75e7b9132f2486ca933
terminal_1098	e552084e5670ee64fa809ed0add968d29d9ec586ac990710bdab362322238d3e
terminal_1099	b159c8c73359c0699822dbdebf63c723032d27736d3fda7ff5a3e91aa8d9c3d4
terminal_11	5f58ba2d57e60ccecdf1a47aa089574d060c7fc1f8d5621148b19b816f9dc1a4
terminal_110	d7e3b97380328b98eedbce1dd3b741b1e1d555ad18b447690eb9ce70f4677ac8
terminal_1100	5cbe990ca90ab42997ebf40f59d09eeceb577371f1483e1bb841e6fbe03ff80c
terminal_1101	833f4847a936ca109bb48fedb3ef4af59ee5b6cc89dd5dc81123238ef5ea6892
terminal_1102	65b03a2df1ad8c9856558f13f9e7fd126a2f252fb9f7f8ca9636aaf352dd5085
terminal_1103	21210cf8ab9c8594d77416d83aa21ca5d8791c85d734d6c101223f7c618e7727
terminal_1104	f8b41845774cc9f177c0085fd6c50f5b1c23c5bbf9b3f8bac72b689eec5cb296
terminal_1105	e184297da36137aec21942427e5e498deb8d5aa9f84578dba2a83b79f9d32ad4
terminal_1106	2d28b17c7d0ff81b0e16677f23ec23d48ac86602b34368b8f516c091820ff5de
terminal_1107	089e8732db13718c5c4d6a585a91617382a63880b9b05af715a9864ebd4ed5f5
terminal_1108	337404880e1630a2715b6f511533a2135547ec989ce70c980346f723f41910b9
terminal_1109	32b2e3d01109ef04424f1368c29f7318bc0b744b15ce07311ae160bd900bc80c
terminal_111	adf6d7d5501c149d9eccf50cd3ddabd7a88323af7ded04166815f9df3671a99a
terminal_1110	2d75b9c90e888a47e7567c92861aa9408cd7e90755d1f4193fb8a15deb8556d9
terminal_1111	4a81bace6bc0068f7751be5a222c87f1c8f3e72e519c592958ad86c908162188
terminal_1112	4652efee95f4e04da8515b05ad064bb35482b7ed23520fcff4030d4fd5e03f65
terminal_1113	e15e1502022599958861292679b0eecda0958c3257fb5111c66405ed52aca480
terminal_1114	c323fe21215f761aa061c320a97c815991c1d70ba69ac304ee9f9f3c400f2a50
terminal_1115	50df7733eaa791b4153e942e6fc72c1f779b1e059d2df5d44caf5b49e9191250
terminal_1116	7775406e42c71c404e77cb26f40b5b5aed63e5c06f7f4deff6569f7aba589be5
terminal_1117	9c62c7411910c737d1c460c013666fe41abb0f8beb92e592510c464e12c8dd9f
terminal_1118	49d28c152d6ae0ceb0f08e562d2e7a775f6a1fd200bea259d59e05f5de8bb554
terminal_1119	4f0469b4d7e7382347cb176e0f224898f71a9a4af54680ee71e7d330fdbc9dea
terminal_112	0e415faa80633293f6b3947b967bef8d40d07e71ea52723d6381971086d31b9e
terminal_1120	0d9fa5bd526d1396bab5302ad5588cb91f7bebffb01b3ce0258ede966efa2c75
terminal_1121	19c630eaff1c57655d33a1158c0dde9467a9b094509f26310532fbbaf10045d7
terminal_1122	59f20ea22df0ea6dd7c38608a4c36fd231c604486cef8165b9f568256b1e4fb9
terminal_1123	4a512c9f3d133323edf2112f248ad80570fc58123d9e18400582cfc1da5a9889
terminal_1124	6efbe1c544dcc56ec215b9461f45d2b9b3a0d077beeeb343ef585c8761d08d4d
terminal_1125	e45baa916738a426b6de9f87c3a9f81572234c468851463686b10121a023dc5d
terminal_1126	230348190cdf83dcc726494ae0570d3e1b4b2a92b48e153cf8095379771d820a
terminal_1127	91e48353b3ee87cabbad9be18258d5aeade723ff3a4d80f9c3293f40bd2f3236
terminal_1128	eb829fb22bf5e154be9afbfd8a478ac98d2160825251f13bf550a0bc3f95000b
terminal_1129	983b674eb4c1af418c71f1610eea222227cef081a3286a276647fd40bc5cfa8f
terminal_113	0aa65e9c3d72fe15d3a19c42026d74a52c3cc07917e4bd0bc69f25f6c1910ed1
terminal_1130	c19904e7e349b191256f1138c28ada8595d20ac5ff7c809769d1049c82aefae4
terminal_1131	789dcac80d0b29588d8a144121c2cec2c2a451b9021856b7a82f005f59b4399a
terminal_1132	e315038f4a370e42b77da7ba18b5ab7576fff8ab1e58c0220892537962cb690b
terminal_1133	281f063cfc2383fe70e68e52057a1121d789164688a678cccd8e6f82bd153ffb
terminal_1134	c24dff8df37c1d25206f42a1bac7ebd3905bc18acf4e0610b6efa2e8a9ab60db
terminal_1135	919a539231935fa77ece54d84d7973b6db93ef6bf349a3305958b2791824d189
terminal_1136	deec9f54f63569ae0f33f4d13ea2287ab6c238f3d381b4b22217d470c0773e88
terminal_1137	0a072e9b01d1767ff12cb0e63c45763c59f1b0e3d2ee6b861149299d588233c2
terminal_1138	05cb9b6b68ea3e548418b7089092d63a87613153a252133e927813f02410b1b4
terminal_1139	6df1ae0619d2bdde218830583ff3a82d7e008a30529fce57dc7737c091c5dcee
terminal_114	3111543e058afc91a5702674eca6e0e4cb68d61865c2f25588c15f86c0e9cbc6
terminal_1140	ef789d5271b0e1a44c5e8e2ef4835f225e52ff4f4871005bd5028d5f97dcf18e
terminal_1141	0096bf8551f3ccd27012762f210366c156d417ae5d6b905501394e0c1f360ac7
terminal_1142	cf114516f588dbe3d0d3c9efcd6f2fdc453b3adb8c89d19e0ffa325d06e44360
terminal_1143	029a3791e6a51c1bbf6a1101d24ee4a593c7ea3593f7bf411f344015b16fb35f
terminal_1144	db5a33d1a10dd640b7a14f54542f3ab6339d7e11631edefd99ed478095ca3f5a
terminal_1145	1ca45edc76da3055d90d20babfb73783bcfe7c5dab4eddb529193503d9e0754d
terminal_1146	e6bfc004f20ae170bb9afebc333312f9e5203ba688dea3b66335df180bee815f
terminal_1147	ca35b83d0bc084b5b5f8bfe19493deae6d73ffe16e24ce94b5655d7d25c131b9
terminal_1148	19df464c6f8d3c90de9bd5b09c916cb25cf7688318494d49b1610dfabba529fc
terminal_1149	b335e3b973d9018afd79cc29c8388c87ad7f49e5f0da3e4b682f980d086ba0de
terminal_115	9d394dd2a4154dc7cccdaf5582eb6aaf93be812c943e73816bf172104ca90a09
terminal_1150	bcfea66ce75c528c94b01800c8d301c16d24336650ae684d2c057ac661c37e73
terminal_1151	60c5cfeefb546c1a1575cf87cc6eb8189640d08b2f4a02e2d1b1fed840c33555
terminal_1152	1586a54d3c17edf03c3f2526720b3eabfbc8fe2c8b34cdd67313cf8166b702f0
terminal_1153	3b00c55a72a19faa80371d274f8f36250760917e35c995b312812af4efa87859
terminal_1154	0381acff454806135dfd46c1933e9e518721fe219c245c049c3a746332b5e3a6
terminal_1155	b3bf31be81c2f4e99384c859bb4eca8bfb9e7897f47c5293be455173d5636873
terminal_1156	de747186dec7694b0af8c7e47d267d6fb480e0432eca191fa949daf296c5135b
terminal_1157	60f9dfc3ae66eb8a5167f61abbaee416a248ba00c361f6f16f27cfa2531a1a8c
terminal_1158	2a53603aefad8cc9a98e6e1422b5c358e7b00fd5d7832bdaec89f7b8fba334c7
terminal_1159	cfa354b6766a7fc8653a3d9150a28684b86ce99c9ac9778964a9100bdb6886e8
terminal_116	600b9fe48ef538cb294a8f57446845a6ec6c6c0885c3264b1bdd22e2d87870b1
terminal_1160	964c49dc6d953fcbe4fc4025f6a2c903743bfa04d327f940f58dd81d8b500eed
terminal_1161	1e96c2c6d57ee4e89fd4f96789f78b94f05363a73a8cfcbf76b7c8c85c9d4892
terminal_1162	0e741529c15b994e161443a2d85257ae7a18f8c87ad923f2b8d065043f24e9d2
terminal_1163	26ad02fd505c1cdf596caa2b972ed4bd9f6df7b0faf4deeed222463f2d762b1b
terminal_1164	d5b7d631ead2386c0b61d6913fc940149606b4ae782eb67d962beaed795e8d17
terminal_1165	f7e2d87b09734f1a4e7e095e75d6c35029d15cb1daa9e39b07153d1be31f2fe9
terminal_1166	50bf1480a4cdbef65ad8d6b4d93133c563a0f25e465e85a52c238d9ada3fccdd
terminal_1167	ad0398d5ea1d2eaef046b4d3e4726cc836cef6e0ff7d68112528ebc8e6c7a9ba
terminal_1168	31a862f7b0c8aa3d8116e75021ed6e7d0c0724f14abb06b8cbf33a3d37d6e15e
terminal_1169	bdebd55edfc863988482abea292564edd74df0811a1404bbb6de66ad907be043
terminal_117	5dfeb0f06bcd99045c873d9c946ea7eea8ceaf6d0d30b1bfa3d888fbfebe3525
terminal_1170	dd2e4b3813bbc54b07872a2b6747b2fea900da261f524f58141c099a3f844f61
terminal_1171	216b79c1dc13bd93d45312dd194bb180798730c0992dfbb173911627b81a8f17
terminal_1172	e766d141fc1d15c0855dfc60e0458f2b36e3a6b34134d8677a149f8897f36999
terminal_1173	7581da8fc45d5fc4cd005278bee69eb7a19648a2c790f087fc1ff179c9c85c4d
terminal_1174	6601c8e027cf6eb2fabff15089ab2e5ef4a55817819d101c0021d5ff78328104
terminal_1175	f61c9b4e5154ba0735b3f96e2834c2901dd3524c775d00c3eff7769334766c87
terminal_1176	6c605e00cb8b7add42930657ade6668a839726c0b6c278732b6016c17ce5c87b
terminal_1177	6ee0f2a63f872d93f23e1e483075eea1b96e5fdc1ddf422c8355c9d24d3a5312
terminal_1178	67bfd00fc1fb2dba8c8b286ca7d4c78372b4f8a5d13634580522e7b2812617ef
terminal_1179	a691def2014ebe71eb53824b281b3add341fe985e121db3a1019a98987134e53
terminal_118	bc20552fda4ca17f6199f634f4e9d54beb1386669049d40f57ffda649fb58cfe
terminal_1180	4153c8ebcab2a1da104fdf49a34a61294d41f2bfe834d87900ddfe8f666508e9
terminal_1181	83865ce895e386a64ef4beea5fed226ef5e25df71d5f557524d8eb174c46f692
terminal_1182	ebb460252ceb6523c3d4fafdb17de6cf936a940308399e3d95f66da037f43337
terminal_1183	39bd3e41a1c88a0e2a121c6b1a8b8fabd86bc78ba9d272034aba78c81a7103e5
terminal_1184	ab61da14f2201edba5e47b86d6cdd8c469d21e016775a4ad80986eb58ec89772
terminal_1185	22330fba46f3b6fdc3bec142bf3e3a9c49b9c77d7ca5728455e8bbb1e4007b84
terminal_1186	78a2970cf2601e5079254949595addf1a7612f7cae37296f1fd6280ccf43a661
terminal_1187	fbd83e9079c5c6c8170bc6519066f40e952a79fbe9ab5174b36c77d116a5fbfa
terminal_1188	7174810bde9d12bbdd8c789b2c3a0e2213886113f321e0b318218e90ff34b124
terminal_1189	62cffda5beef0659bf0106ee3a02eaaf7d507b5a77d288ea939e49135cae9db1
terminal_119	0d39dfc46d172f1797c0dd9d8eae79c1c72ea11df96d14335ea1e97f0b148632
terminal_1190	88ed3eb3754e2108c5dcb8f794d5189add3a7241da6417d9d9ed1b4db5c87475
terminal_1191	8406978c77ad2657ab1eb160bbfc33cf611c14327806cba436ae4524fd78e26e
terminal_1192	d7069fd36204927329e4427eaf6331c7c49f709c5a39deece677bb7619c7af5d
terminal_1193	6c412b4929c9305ee80bc6d2402a71de01c6777e12806d525227899592626c60
terminal_1194	75afa4081d46617bb721216448a38ae52b074b25fb6401f001bcad875d10d4f6
terminal_1195	471135e67deaf390a98155a7d91b1e0112c0aa7172100a6f9f0123ab39afae80
terminal_1196	05e88932506dc8f9a7d3154beadd0b968e80317a9e1b77507417a7d5fd911aa1
terminal_1197	9f61349dc16f5459bca7e89176e5956d53faa5535281b5a608999ecebba67619
terminal_1198	002fbfa3c56a54fc79f4d36f35d0ffba88147435bd65ece77311027e82aa46c0
terminal_1199	9a1ae2a28f5585c22fe3638e8b282368da277827d1bd30ff21eb55ecdc3dd310
terminal_12	d7faec39af37ee0907de3015036659dae3baa4877d6ca37c7dd77c8fb1a558e9
terminal_120	4201cdf17e2989979fc59bdf9612fed6c5814967a06f651677cbc4a302bb2786
terminal_1200	26214474fd81a373933614735162ba29c1c58306134db5f29477927dd4509105
terminal_1201	ab9eea52b03215a48d398d8dd0001287358c46b3161ff895e64b1bc7d0851795
terminal_1202	a65b554b135ba94354f43b0bf4584b2bef88bb1e56d19147527a8d5455529414
terminal_1203	cac0ca80ef7217eda77dccbb6ab2e1b35a554d84d192e52ee64220b838eb1b56
terminal_1204	82a78d005668ea1fb7691abc4bac507815d4354877da47cebf48fc5fb8433bfb
terminal_1205	e32bb66ca6161118b2ad0666bab28cfcb2190b7ce240d4425b275ac1ae344394
terminal_1206	613695047d0f34a159c3364db0b35c7d09b2f09ebc6f0991f355d9b4b2f37790
terminal_1207	f453ff8eb6672edcca3a26597dba69b18e2cdb8349120965d8b082449bbb9bdc
terminal_1208	2965771232569920729d745db4febeb55c849eae9a4b8a39175621929a5d8cf3
terminal_1209	dc2c29e3e57953afabc1740e7cfa017de4237652bc00c2ce932f987bd8182178
terminal_121	c8654d0329a7361bb8e7c4c28ae97c35447b3464e4f99c72eaa61fcfd27be902
terminal_1210	df67007d6ca2239f19d5edc7bb3e9f99461df761369d166b9cbea794a76140f0
terminal_1211	072df6a1987cdb3e65e42215d73ac995af85b3315a6b13b366096b2b53d6cfd5
terminal_1212	9efb7ef96c28829116513809f02dccf22495c1b0b86becba3985153e7942d3d0
terminal_1213	acd1e3f729ff9a111001c5ee4aed2525599a6eac6bd603ab2b3f49ec1bd263d2
terminal_1214	853ace384fe22dd85213ea74abed076bd0e639e0136ed1831f827cca81f20e9f
terminal_1215	164567b5df0a0245e023b9b9541a08cd39451f3f1a57ceea6c96bef32e33a169
terminal_1216	4d6044dcce01c4693c50f713a8c481737da0ca9df0c8f419e8b25bef76867d7f
terminal_1217	5aea44a175d85beae9d1df1494c251e51b4d9a7aee1d98a3ff16079be2c0054a
terminal_1218	85d43c7a4dceff7279b2e32a5efd9c15b6e0f11156a275f5071e6156d09e8b83
terminal_1219	0d229fe0f9b35bcbe627ac0d54a1bca7204e374b4a56cfee07ef940043294e7e
terminal_122	ca005db16ee150fda94184450cfaa07ac0746e773a877d5c68b5ed1bef09af66
terminal_1220	05a2bfefcfff8728290d40ee84afcbfece42c6a28974016524b42eff7a411c67
terminal_1221	dde0882d7ffb27b19db5bcc4c6cc3b5d74500b2c36cacc21045cbbb0d0a22503
terminal_1222	6bc891bf7f7450bb2d963e51326f56dba39e697b02a7602e4691aac6e48660e0
terminal_1223	e28f083955ba5b9ea6f0496dd8e03e71bf2989b567c1f3f1631e5c9736292a2e
terminal_1224	042e07a859e0689f8b40d12f87a8260b3e1bf7692ab1da1bb405e310b4f81080
terminal_1225	69b351613d1e44925c60b3f4c90b9502ad863eef71b4cf1e276a1f85438bbb2d
terminal_1226	5154b196ec6dbf665f8ad0f2ff46b77fde9678f118efe8a28ef96cbc52bea81b
terminal_1227	ac8d5b64fb9e3b6d159b37efe41593f26158ea3f9d82875d0db06063b4184982
terminal_1228	250ca41ee9aed148692a59ddf4caca62e002fd57ffbbac4cfbdebafc38758240
terminal_1229	c50af845a287d76504f6205f36d632e39931b620f911025bdab452598f8df45d
terminal_123	1b5f346c2b8723118f89b0795448f6c430a8c5482d72d0d328d7fbcdd5cb4197
terminal_1230	634e59c53ac1f9a9f80a5cd4f4cfd3701fdf5b84e134a18d842635a1be8ea744
terminal_1231	82c21ffe90687399216794764d73a301bcc96ceeb8b011e2a99abb3412c14e97
terminal_1232	667a8db9f297e6d1db03561ad3bc93210912ee19f61feb7f47cc63a94dd66ba1
terminal_1233	20db8299c64359778fd399732f770b1ae7998337b3866fa99afcaefd51459fd4
terminal_1234	af2a10d581a075270d6eec385b91c546e91546a3ad5e714066de0835295e4a06
terminal_1235	1ba49080f5a624f8ddadd5c00f0e6c9951b8152b1a51fa8c71820e3b3e9ef553
terminal_1236	87488cb3b7f69d43943105db6c2004dded1f81d83431e2403d41f05838111714
terminal_1237	a7fbb5e0a4d5640c7ce46224a1f8338db34f12e32e0ba976c1d361557f01d6e2
terminal_1238	0ffdb2afbd854650d3bf3db88ee69b27140e35a2d8256ee1dde72ec634980ac7
terminal_1239	29a95c381c84ee8b5108078d526e8fd8d18fbc00de221d7d2c85b91a5d4df97c
terminal_124	fb3fa740909c6233dc8ef702d516b6e589971cb36e5ab3d83b253aba5be36439
terminal_1240	44cdd6179a60fe139f18d7cca50f46d30c1fd3e9738acff61c63858453d7e3c4
terminal_1241	78f75fa957156b277beac45d2b5de7b7ae435b26bfc5588efc937db987cda3ff
terminal_1242	b7382cc171d9c90177e07e1aac4b02cf3ab0fcd32dfc21ab3a1e5bada9bf5abb
terminal_1243	a03306ce9a7a59bea5ab34f52b9705c06b63d0008503acbc221331b7b9e663e4
terminal_1244	e20a5974a79effab971e87d7e0741a52bd6a83fe5bea9a1abb9a64ab10a3f9f0
terminal_1245	09d44120711eb478543de56ba945d836560a164c75eea1e08079b46a4cc70f8e
terminal_1246	398072b2584271fa1434385a043c0d2e374dbff8623d705b9db88988c034cf75
terminal_1247	356f2cb63f699ea6e633844d7adec2db0950f6bb7b2113dbcd985b9f47d5e94d
terminal_1248	14cb396e7b47f62f17b7fa4ca879c31a91bb5a4296425712bd48ea1be23b9548
terminal_1249	9edd2087f1c71b23c2183f8d73e3457c31f24319ae59c85a3457c943b4519c8e
terminal_125	eac17a382f43baf089014317a1180fddfd64794718de88fafcc61c6ecc9c5c10
terminal_1250	ae9ceb540e39ac7f89a67887b3d69329e01531127cec2085716bd8acc9bb74aa
terminal_1251	a279655bfcf579db77fe8bba48c51add387f8137eb7a2a98e7e24846a78e3312
terminal_1252	7a802e62cf118d2bca4fbe3d7f31e67f0eda719116549afb20d5f26f611cf75a
terminal_1253	c0755e9aad993909d38bb44cd4c60d291a6cca332cdd07a2a6aad596f92b33dc
terminal_1254	7e1757f71ffa701c0080367a2ca70f180baf68a1a0d31f26cd2eeaa0b1b7ad76
terminal_1255	48702609e261bcda0d1c6d0fbbf4f0219d9f518471ae4b12e71670c461248095
terminal_1256	54ab230508df4331f62a6a0c8af0bf548b8611fa8706d831d669e66a8de7dff4
terminal_1257	1cc05e819f29d814830477b497a1afdc1c8cb475ba3715f37bdddafb6af5bf91
terminal_1258	d4bb266fdf648f6e2a5df58b8a8c569a2d071162265764c1015023909e27af94
terminal_1259	0458e53802376589d8de08b99bd6f948f2f3d2e8da5a3d49481ebe6512b39d8e
terminal_126	16e855114334dd5ee0043decca688cdc71264da2787467aae13be51c92cd4022
terminal_1260	85d244766ed122508e3215192f3bcc705c75ee3d9dd5c5e08ce06a8d4603be8f
terminal_1261	c3f861272abbfd76887f7568e9b1c69968deaa994f6e025e2ab8ae5fb0471497
terminal_1262	32045eb7a67d1fcdec41d4aeedfe85a822e8563ec1dbe8fd3d845f9f770a94fd
terminal_1263	d226f1adccd1967aed914621a1d66deb41b8bb8593b4bd4ec9a89c6487a3e5ad
terminal_1264	5854cae8238f5aa0cb46aaf5f63ab05c10e7bcf370d6631385631a65b6d343fb
terminal_1265	8aa10d4dbad8c984e45e39885e18598e272f5be251e127cb652b1f214b683f82
terminal_1266	ce96b17a5da3e4d44cf3375d26f59976b21c756fb829250fbdd2a119fb6a9506
terminal_1267	9e2d04c599e2ccf9f39a11f1db525eb6fa68d95b13665eeab9e0d6bd5ef1ae79
terminal_1268	75a81a0f6102708cab6257a800f501292be4b6df7483b1da6d5bed3d701bd952
terminal_1269	8c8d4a03f0ab4edb7d6627e8de083bc6352cc5925569331f27855679e050c58f
terminal_127	17e49ba1be61a0131a860fc33334392ba6ca151675dff3961e7dd008fabdf0ce
terminal_1270	96b0861ead6bf5de56b0d3a883860483c6e3cac8e215b62ac2f169b6c359ca08
terminal_1271	ec003850a86df1a1bcb236dc47cf1f64242497ee289dcf099456d359ff823653
terminal_1272	890d8e63cdab14fe3f7ed2d7a1f029b6773b1e352280167c5075c9a3624b1fe4
terminal_1273	0b634ef2935cc2a7dc7d315dd0fe1a2ba5e7f9af65fa2c58f8aebbbf6b981e28
terminal_1274	cbb53d0d54a9d671a2865287ff62448cb021ca503fae73cf8ad0bc0dcfaf64da
terminal_1275	c1a12b143c3fc7bfd8e1dfdbc0f142b93ffaa8a31b0159401adb5af82ad492d3
terminal_1276	d16a88321f0d8c99f7ff5919b99caf6dbfca6d6245605141975ae95749c80767
terminal_1277	e6df477289e34aeb15b4cbaad70cf194636666452cfbe2d869d46fbe675095bb
terminal_1278	9934a23f7660fcc4785d064350017a694e8dfd53f1bb902f48e51db40099a52a
terminal_1279	678cf0e2cdc698f1f866e8390378e85e767ee23f4b515012e6992b880d7ded63
terminal_128	094fee5d0cef6d938342163b1fae2ed8946c2a01b60790e00ccf2babac857e96
terminal_1280	a76530dcee02f891c42abed5abc175b1ba95baecb835487c21d2aef49748934c
terminal_1281	9facef79580b74f1e93e1f5f6dc8a3862369f4efda5a6f2d29823941dd6a750e
terminal_1282	401e375b0150649efa8ee12a5bff5ac087bb47e85f6b2a2f1609b8abdbbb23f7
terminal_1283	444fdd46517562afa1f22905f5b05528aeb2f959d486337fd881c00deb3e82d7
terminal_1284	9b1dda0e97d9b6dd68f14b506452c99da02e93afe6186cad473f5275d3be3165
terminal_1285	20502e295bc1c42427a494d3698c292c80c7d8563ee7e993b95ce04d32d70c43
terminal_1286	ca8f69f59fa4776fc4f85c1069469e65d53f7c4df2989766df1e78e33a8a02cb
terminal_1287	a7daec55f03cb3a6a2aa65e0d66ab4c95264c8af89217f74a74f78f6536e9317
terminal_1288	e7898ad6e50c6e3eaff3167197900b7bc881d51200d804471d25e2675a1ab697
terminal_1289	b92781741ea8334d0dc9d0385db2254c6846bed04b3cbee9ff0660ac358cb2b5
terminal_129	cc47285e6d507e387e74f7f400bff9658de409b22f4c7f466fbf66671e965a6f
terminal_1290	6454be4d886c340f9aa4e98ca7f8246b42f44e8f2654e66647198ebc99181071
terminal_1291	da2b04ece1ea2bd322896626bc65b90f8bd116e71bc00b143ab09ac9d98c1183
terminal_1292	2a85174c8f877c22a46351288dc92875202eb8767369dae8fb3999c888339297
terminal_1293	b1efd6312d6bbf915dc5b81f2766ff1dbc07658015f91a4cc4d927a63c8c91ea
terminal_1294	0df9b4221948553d389325a096a9db4a29defb3beaa37fa4bf59874f77122fed
terminal_1295	2bad4959e886dd5d857771113ef04c2f6483effae2b2609aae383f4ec238b1d9
terminal_1296	30ef3e116971f86aea3c89c8d6ec2c20276957eeaa416da3d409da64bd42c446
terminal_1297	c95524b2e5fc5aa33e729dd9634dc6b1f7852cc64424e85a382658234db20b50
terminal_1298	e2b98cd7a2dcd4389fa834311e1af93656464b8c355c9e52b79000b255a95eaf
terminal_1299	529de166b06827788d9615ad50b8a03c0f5d48ada267494f6180df0b3cfa79f7
terminal_13	5c233b00a29aeeea64d7029d6226b11f86c6037e7d82a9939072b2c5fc702c4e
terminal_130	8ea010cca16abf74ad4e1ce0647efb76c1a8046b3e9013aaff43afb2c2b291ba
terminal_1300	9094bb2e63a2ab545f63e4a72c880609c634e4afee9299bfa4bb49fede212b7a
terminal_1301	92bdc2621188bceb5a49bd6324b9b910fb3a4fe34501119bfeb1c940702eb4ac
terminal_1302	f6a5477f4c91d9fa8b9a4e9af4a77a6835b0155d7427f0639cee337e12eaae29
terminal_1303	62c930b809a57fb750c081f05243bb0bcff0b268a8b2df75aff509fc652d67a3
terminal_1304	a0d8cf91c70909cf77a17d7510a19e500db1f5b4fe697fd6438108e7b2f5dc49
terminal_1305	2f4fcf07d1fb0507c8def812d8bd5ac5cee091d870c37914a0cfb1f74066b55c
terminal_1306	a80aaa483442a303717dee8592e189c32d082ecfa96e1c54e1fc422a8468d5b4
terminal_1307	cf81dbfba8af48c2edf3224994d41c4a273e8a278e3f51230da7436aa5902602
terminal_1308	88b059204db13ba9c59ae16344a8d4b1895b52c8939ea1a550a72e792e896cce
terminal_1309	edfc57499a916971ee328fee29da6bcdabe67c6380d38cad181de22a7f17431f
terminal_131	0a3f9d0d2db84b6c15551cda1286443135ef255d326e2988da184b13de7489a4
terminal_1310	7acd549bbefbe231a159c0d70cb85b8dbe2883c583042e8de9b1280dca034601
terminal_1311	b05ae4f81200b8c153b8d8482f8dd23e1b60ef6344cb6f09723d9751887e7608
terminal_1312	3db935cc1c3a8f80efe28f5cbd8122a29a48974e21d4c6eaffd5b109c3f64304
terminal_1313	facb3c2b02861f4ec4bb4554702db02d851cd3716ac0366ac29b57e4390f64c2
terminal_1314	b0b4d71643e532c8862f575212b98065061456a408f8c527b6e7b629dedd4b9d
terminal_1315	87b8ebe5d094b333ec3d348f8680573849eca4196ba2354d2ed73ee3653def6d
terminal_1316	00ce689160793552ee488ac9fb989c2694a42e54a2ac90f94f2f5b40f4d3fae4
terminal_1317	1ee9e88011743a0c8ff06bb2862915fb52d87585320646f4ae8c0a6b68e3f967
terminal_1318	cb0edc4e9b12b2a5c3825ac696febdfec4bc4a6a90bc829bd8c7da8dab9d767e
terminal_1319	4af172fb29333e3737a36d3b3990142136db504e057333092713e722191e950e
terminal_132	53bd442d3925220d3ee8c595b5764c653bb7e66bdb95ff0e7d35cb6d0ec2d4eb
terminal_1320	ed6b92d359240047c19bdfdf364feb2e13cd892f793e4f992388db689d489655
terminal_1321	aac636c15855955318fdc51ac52a888164ea61c868aa201d95933f454c46b53b
terminal_1322	fdef2a1867dd7bf00899e8b7018a11651c1c2c53d7f97be53f63fe5df6219db7
terminal_1323	ffdb8e89abcc7c29ad8c3a8eb7a0ff976cc795cb0a205c3fec12d6c6e5e08dcb
terminal_1324	da193858d9a8f7bc936cb123b24baaf42ad331ab7ed98633980e7fe483151348
terminal_1325	81809b8bef1b16358c8048cd5dcb04ff5c56ac0bc9862b85543fbbefa51ca01d
terminal_1326	388816d2527e27edeff269b3abac5fefb2d916ea1342600b850c3aa219074715
terminal_1327	966ee2a66d77775003a8822d48bcf57cd51867b9dd62d1a3084c286575544fab
terminal_1328	b35dfc0c8cce42af17ff2f9202b7f9287661574d09bb0005112f20b691427b1f
terminal_1329	63c61510bd85b9e11027f98781984982873b2cf1de8bb7bef651c8f3f76261f6
terminal_133	fb944f6e5c8e6e063e3c661a1e4ab97acf3f7628815a76d9ecf013e87ac22388
terminal_1330	4d6a4cf438329e5ce5c95d9e0ab06810c6ec567af2690a50d491e0f244ade60f
terminal_1331	4cd0a76f1c899a78bde421550c76043790ffb5ac911e9dc0ac996cbb16bfc94b
terminal_1332	67765c660124a277bc76ac7c51ce06bc49995e2094cd0b4a7174fbb5269be913
terminal_1333	db0d419b92c7a015b0c1f8e4593fe7ad55932e90c0d895b964f3b7e1f878422b
terminal_1334	f5f495de02188e16df68d595a9e52c55dbf39ac3c2b30ffaa582fd8aa6068b5c
terminal_1335	df11bb1867113f0312223d5d826ac60611321489503776578cbc707015b03e7b
terminal_1336	881d1d26602d35315d9faade875afb459b077b091b66c78ec8d8868cb49d7dec
terminal_1337	c60affcae1918afbff32d3ddabffbabb4616f0ec9f57da6581affba87517f2a7
terminal_1338	e7c36d9d1040eeac3803b14f20e191bfe05be3c3cce4be7f4bf30512f96015c5
terminal_1339	ba22702902fd0cfc0bfae8f53088453e731c0ad52ffd2b28ea330dd2a367db1e
terminal_134	7e19101eb3a828702f464f0e26729ae9f8f362b8775307a7e69ff1f708ce486c
terminal_1340	b4fd5f6b7bb4a489b63436a285465a92b38b27c82e219191130b6751f57d846d
terminal_1341	334862200b4d7f5f45231adbf84ccfc6b403ba232a5acc6730cf02fd3789fecb
terminal_1342	e7a0b66586f5c17058d7c71c1d087404d9a4912adb9f10f72d7c0cda6de8dc41
terminal_1343	fc50a22207045ce265cc09513a8c98fcc5e48b98fb1a3afb1ca67024585e38bb
terminal_1344	b555a21312aa67ee1e60b24ac08f68ddb73678a3e0264395ea9911394e6a3e70
terminal_1345	66a8aa9df9343612b9ffa6e63adadf941118675ff189bbb1ef9d82afdd754552
terminal_1346	305cc54be7a9c535a34b91e160fb60eb50713dca72d6f055402e5b83c19f1029
terminal_1347	938800338af97f85f4a0574697ae08a3f604cf4f3b782a253542e9799f065014
terminal_1348	ab8c268e6cd105da6a1f40b8426afb37b89be30a9d9dbedabf2bad3e450b81a4
terminal_1349	ab03673a95614ee38931805f07f7e58a68fd59548d1779ee5a0b7006637b1f32
terminal_135	ec1e4717de7f11358af9c3a9799a7360c2397e23075a6509600e4a88da4b4089
terminal_1350	63cf67d07c619f7e936f9653cd13d08b978613be8859f58f2008807270f1be7d
terminal_1351	9cf54cfc58e56356f7bc10a9062ed8e161a8742f63d20f01e1e2824ee62726a2
terminal_1352	b6d6dab722ac663bef0aacd105d58fb720a5525a0d2b19788f9cee087ace2ae3
terminal_1353	e9b35a192b2c70e073297ff1e03ae9ff1643303a834500e0465252d02d8836d3
terminal_1354	8f7b2b20fbc7b5645e6d58b8d9a87253632097fbea32d5ab60f6af1a85cb17c0
terminal_1355	4a96391cc2471e6da13550e2491861c9f291b54945a62d1dfc9e639dba8e4a5b
terminal_1356	a4a9d51d152d7bf07ddf88e3ac867050c98b06cd1cb608eb0e4944fcad9bc458
terminal_1357	7695d522e399070ccedbe88bb36e3e56a85614303a36e1f4c9039567183f64e5
terminal_1358	6b772a3b7bfccb383cb68e5a52cb128b8f29becf150750c0b58fa6cebb2800e2
terminal_1359	112096d6966b67c7789e787e1e2dd60a45dee90eb999cb0e94635fa40a0d0d64
terminal_136	8820418b3fb19d96325d6dbe0704f375bfcb512b7d39e56f88875844372cb7b5
terminal_1360	a25c5e434adcb5b9d263cd3716507502439f9be641dea6cc4c8a618d2b8481de
terminal_1361	0908ca19dc0ab8bddd1b32ccc83ba5b1ec6e0c5b820dce10a16181bd29e51c42
terminal_1362	c9ffb892140bbbcef32d0de9548590218fc698c5d0b5027f156c3355a67a2a6e
terminal_1363	8e5c2709fc6497bb46eec998d6fde9240978593e9d7ae12de674e30b78cab491
terminal_1364	2ff863bb4acabc513199091aafa186776a1227a2ce86e2ba9e7fb6f0605f0b59
terminal_1365	85d81a6fc7c942b5f4b85bac8392193f29eef7db27a094f32ad8d981cd248817
terminal_1366	7c608fa290ce2f443c1e33bed4cef7e30a9cded0226695c180d8fef79203300e
terminal_1367	caf7aed024f8d4fa286eff7a6aabd07c73af748042d50ec14092eb80c4d9137b
terminal_1368	1ef0411b2e13ffe86e60301aeca09b984531479ae7bfef45efe639453ad9630c
terminal_1369	f769611ed42a2d111c330e4acb1e52170c30950d466f262398911ac9d4a5b1b7
terminal_137	a55b0326b9e1c7d81a678c43cde8f97bcda5f10e5b5f5f74f863aa75c828b1d6
terminal_1370	e9bd996ac0f0c369a78bd15ce0c68a27cdce9e7c6b91a309cfeb582758b70522
terminal_1371	0e6641c9825d71bf998d26b5f5dc1f7143ae86f88831e18b9ce97bc43079d3eb
terminal_1372	4cfccedac27ab2c8a5ebe84d7a2124a47c54f429d8217e9b58c0cc89dc6e310c
terminal_1373	121dc979173ad5cc63669fb88b816751a36e019757d93394100e0dee3214e3ae
terminal_1374	7be719a30e1c865c217e10a70e6f1b231a3cc51ea711a28a8e0a139f9e7e40dd
terminal_1375	bf9420338c24b023c94e44d4f59729318ed6eb4a14709a4775db4edab1e2ec23
terminal_1376	57aa57fc50d2a19e46551e311a5e31476fcc966c521c34e5bc11d1ce800c2773
terminal_1377	ce6ae19401d2380e74876226c1458e8ddd7a8f1ec29bb7210e6a238910ef83af
terminal_1378	c3a963587636af2f07f993adfb81ce3ebb3300cc2614725e173a06c8f83f536b
terminal_1379	e76cb4a9d797b8a682ff4f0a191ab3d69dfcd68e39981f8a0ee6b3190935a350
terminal_138	fa8a3878d7346e4b8d2949dabee7be84ed3fdf7c7f729c7eaca7e5526d12f489
terminal_1380	3ab184c5b57578e595e58457ba65180434d1152a98fe7262646ab886c52bbf6f
terminal_1381	d626397a3a73e64e7f2e86c212b1593cd2b92eb244f9290d642b42a306206395
terminal_1382	a2b91dca8997eca18cefc1bf8d8c614730293e716051052586c6f3f418f53e3f
terminal_1383	142295dbfa182685e83a85564bb0cc8e899a199dfa7286978bbea27bc26a6372
terminal_1384	908314cbf124276c0f4e9e054726f3bef88185a4007adedba51971acf8d23c0d
terminal_1385	9c6e6cb8097fa364510c6dd3bf3140f969c83aaa2d5693064693e9179dd54196
terminal_1386	75d660b9a8ebf77ae84c750f54fa2e89c21771975f799cc5163d4906a40665b7
terminal_1387	20a88a6c0abc1139f51e4815c6e1bf2d07b9b6a7770f34e1ce904e30ed4ce079
terminal_1388	944097dd6548c31f49bb4f58315de65a9ec938bc445ac7d5d694d095151a2331
terminal_1389	727833414b49d4b80b97a71b002e3df8ec9ad9a8b6cc1d6b125af0e1a313e00d
terminal_139	c15afb36f723c971452f7d5307710973234de389b67b287872c3a235b062a928
terminal_1390	516b9c498dacf08427036c2e06173df3f7e7dcf123684ba79cec069324b36b57
terminal_1391	af7351f36671ed150a2c24960212f3bb6ecbe2a241050a75ef83486db7419aa8
terminal_1392	2bc4eb0342ddff3a9cff7e7140f8d75e2fda52f2385af1996f208e2bb6b36fde
terminal_1393	9c5774c25e2da8304676e442d18c07a1b3627a66ad4c318ae1dc4d3a1a030e11
terminal_1394	5c1dd1e0c745d4aa841e383deea5b2c63a0b63ab2f6fd11204251590ebcdc022
terminal_1395	8d7b5a2d534470c75c364bf4ef8dfc4d25b0f04e38f84320e320ee8ce0c131a6
terminal_1396	7912acc1013f6f33b2aefe1d474608dec9a088db5f3da306d83ac0c981582827
terminal_1397	d9fcc10ed41cdeb92a839bd316fb83fdbee136b45e74134fef9090f205d58033
terminal_1398	cbdaf43245955e9c374628d45072c359a95c7fa48f968ac5cf9a0dc36e7e37f2
terminal_1399	554022a8a1fb206aa39fb105b885a8c855355183e24d1db29dfee14408bb9aa1
terminal_14	a6cc12a36b5e11cae893f3c46340bd470810c2e6348cb483bbb5d02da27d546d
terminal_140	de2733df1f27236f121ccb279882250e951ac67bee53d1f23c628ecf2bef6163
terminal_1400	2906017ea6d46c477bf7c2b1a381c0efb898accb1cc4531d56e7fc9cd9e4148f
terminal_1401	374a6915adc3ef2739fe84696ccd46feef4b8f8fc005e1cdbaad7bd8cbf8effd
terminal_1402	3a90fcd052443eac2c475b351d72b2e37336241c736fe3e0a597ed3e52aef355
terminal_1403	98d0215bec885e4308055ec909a1183253a4a4e310b18be36e336091a2a21936
terminal_1404	85ce2400f0c04da3f4b8ccac0c9a390bb7d27b7e22fcc96a4fe1db14abe33146
terminal_1405	859b1025d0ace4d8146d1b778a99453e3401629489159b5cc1ff7194dc2b8106
terminal_1406	15b9aa73bc99d8be57c7afec2933625d4315dd47b0c591e798dee5b09b057248
terminal_1407	86babc282971fab353bec3d3d1cd372da5bfc887ce46360ef899c33051c8eb3e
terminal_1408	c31d003dad87231fcedb9c7b88f95de464459863d115c13e46cb06f9426361d3
terminal_1409	f8544603ac09c37ed63170b54ab833779c2ba42d4b0969e162af786bf5e6b4e7
terminal_141	485fed5d492ac4e7f1d8745af48bf583007cb9d6fc240cc7bd868e4de8f0e9d0
terminal_1410	84b443debfcd495e9fdce4ce3f3677095be0a7de8adc62b7a8427c7ceea17b64
terminal_1411	6e38be84e8da981c5df7fa794cab146c8431c69e40595c792772ff3e722e1273
terminal_1412	55d7416cf56755a7b77579b80de6b47864ca4147bad7a063b8467c2e8c33e621
terminal_1413	a54740f94e0eef2ecc1912baab09c7795315c0d0d74d907086083b8a3a6788f7
terminal_1414	0c7ba293479bd8ab4907b4c9f5e38a10f54d26bf4461991a14a345b528a2eb13
terminal_1415	cda11a98c4ea2bd140c4a383dbcb23efa12ba536caacb0efe50ea42da3b5f1ce
terminal_1416	b65351e3c1837b97867142cde4f6052cf2968a64d07eab92bd6ce543c32d1619
terminal_1417	e17089cc3b259a1b378878c41f6c69ec3f50afba52eb1712c3977c650f534d39
terminal_1418	49f74bc40cd8e06cf425930c36f859bb8d4fddfa16e4235797a8be52742e5b53
terminal_1419	019330f6d31fa67e273079721cee12b56a3e2915002de41100d1055c896fdb75
terminal_142	faa67bc7d53bd97bc3c3e668590194349a1da959be9d0567803ed1f1c7aece30
terminal_1420	909919f9c5c399be52de0f8cf2159dec090ebbf98d5512dcc664494b1235336a
terminal_1421	f113501b14b764f51217650ee9b61d756cc0505f63c80263f4348bd7719ece23
terminal_1422	313556ffeeec686e51812458f09c0e9ef02365f059bca5f79420a53996bfadeb
terminal_1423	f21ddc085b601e1033a113fdee625b014f432a42e9b20a07de9dbdb89542856b
terminal_1424	6bf730466d522a18a3ff7232f142bc411fe5b2eab7b85ea67afa3bbacfbb4b64
terminal_1425	2ff1ce7a17a6174b51c016d85960964e01bb7580c5d25d43ab93411f192c745b
terminal_1426	3b185a9b9b06820707704cea8b1daf56e905e7623fd5c000234ec660164062d1
terminal_1427	37b6c62c27fff8334ca80b9a065dea0c6b314072656728e7f5358d4b8190c55b
terminal_1428	f99df4c312d1c718cd933bc419bd9a1b93c873a2c29c539d7add52aec82dc5eb
terminal_1429	ae5905b7eb0bfbe660f7f0d390b10b3403044ec60225856fa93c62353c4ee804
terminal_143	c10f4a34faa0de637d418294e7782737b83451b23bb5f473eac9a4186f7fe968
terminal_1430	8eaa30acdc5dceb27ef3bf45eb0e949972b93fd3d06e23065b19d6cc2bc79f0d
terminal_1431	c6b8f82270e70d383d4f21361d2313e2366ec7a77b0380c35a69631b5df35247
terminal_1432	b1404493beeda85e76c9096f08f7067452d5ffdd87dfdd7b129bb3d17b70d704
terminal_1433	160b01e91b8f2e3708544e95f204d2c02b2d4e411f152d94ae8f77b45a913cee
terminal_1434	b51c3ce9b8d9716b531622563f8dd8978b2e121a38d52e233cd41c3fd7401a06
terminal_1435	bc93d34e69a7f2804ae59b476bbfbd9b9512491971e243b36074d994ee561a44
terminal_1436	8a9cd8c63eb46d7c8c68d1f406c31c5fe05462d89b2ec3b57e637b8a140016e4
terminal_1437	e7487bcf9c1d857958ce1f2bf465d5d050e36ac02c28d0ec13fb1f563f1f1053
terminal_1438	cdc420d723b4e1275e2dcf438fc10f72933b2726e4c478917f1e56395c62ea09
terminal_1439	f0704d2f0f4e2d20f6a50b742dd08f053649cd1d356f9cef9f087e4073989a35
terminal_144	25369f785ac663e7d64cb0f4ed87f8b383d995f3b766f7e642a311573d61860e
terminal_1440	0ff34e6858c98f58c76c4d2b4e6ecf7ee3d35a822c7d482ee5d7a1408542ecf6
terminal_1441	b5772cd43564d74b4444a3f2c986333eec0a72ed4feb3861300b9516f75c72a2
terminal_1442	690672dd53d121b61e97e1e0489e6dbdac6cf46e50feb4ff5e37e5124de132dc
terminal_1443	be2139dbb33125f0f3997f9fb03cd0c90cc27ddf0f3698e0bfd54c48247a93db
terminal_1444	fffcac779f8debceaebca2dd724133baab6183cf6e09f43a73a6acfc997bcf0e
terminal_1445	a5b5eaa69350ea3683faca606b3ce7a06fd0b6764a6982041bf57094a2d68222
terminal_1446	3ee6ca37818452493740681937ec9ad95d1819394e85741d14c2108dcd13e94f
terminal_1447	f58247f1126f97c631cecf3633571a3f4027e20036eda17e08a3b6423d1779c5
terminal_1448	56748508ac3c4ccb66b8e77f458980212275231ee6af0e0d464a5235972e6578
terminal_1449	4401179f0c60ed2606197b9b215c20daf63668dca7cf669f01078cff74851a35
terminal_145	9149eaf4881ba587bbe09de15b0ea4ee2038bc8ce70ec026467f27f79bc9f88f
terminal_1450	f433a494a17d85c49403e52eed65850195a09f7929ba932a1d043a36fe5e57ef
terminal_1451	e441a83e86689f27b1defd2a672aaf5260ba874b88ce7ab4b9973f41c6981031
terminal_1452	a19cc22addb35fdbaa86171f0ba5735f9cbf0a89f11a3428971936565ae4fe8c
terminal_1453	851f8c7b820901f5bb2f469f338e4ef8cd1ab7d2212bd35f01affe2b0e3f94c2
terminal_1454	9ee49f0dac74624ac519a81ccb5e49028c3cd24a2b06ab7232b03fed44d1f23f
terminal_1455	b7e81bb89c9b40f7afdd47fb801e847f13813aed5abe2ba173d61d386bc48655
terminal_1456	43fdef240f6259c7b2474e80b632c94b5f4f2e66eddb96bd7daecfacceb60b00
terminal_1457	15e29cb7cb1d2f31b4c3138b2ee9d071826da35418b20a7051efc1edc95ab53d
terminal_1458	1aad4149acfcaab56b42b4acb1e902ef8f70273b581768ed4507f473db0e1316
terminal_1459	cd7a43ae358187b047be55d4364a403a453738baaaa631e11d7c61b4ccf9b77f
terminal_146	e89d63f972d4661feb5a667b1fa2ab9478c707c26c110a20f09291a7c2b86964
terminal_1460	5c6940842ae5fad237e8c74131c7c6a9dca80ad020ee0a9fbc8657b7f4221d34
terminal_1461	e83ea9b27458e6c5b5a625c1bffddad6d6a2601e3ad90d63f13411448fb0447f
terminal_1462	546c6178b540c05b7783805d2caa08a6a5018dae7eaff6c963851f6374af5619
terminal_1463	1a3f1be40d4de6f5d3d48dbf06ab86e47995e5c30bf008a96a791315970126fe
terminal_1464	022df8761b8daae7a34f4c5920515686192909cd6d5fb77ada43cca7ce1395a6
terminal_1465	f562ceda2bc7e87f33f30e11ecb50d3ecb1b5c664f48fa74c050e39457ea2b08
terminal_1466	dd7ce8264c2e11942400d43950a7b4b8fdfed4f23840c44b5455547a221b409f
terminal_1467	883375d473fbe4c83e271cef132796b6b0d7bce798defb7a5d658495899f596f
terminal_1468	a93f6483d32d2ad54eb5997a8b61a1e27142a929615f1c1c4b608fbd7a8b5cba
terminal_1469	ffe56b80bc478119c1efa4e452b1ca823259f6bc19c4ed9bfa050f6e6c7e7e2d
terminal_147	f6ff7a313e9b61bc3b6629f74ad091345a509f097dad387483ad1cac91d43501
terminal_1470	95f56a75506a0052f0c58254dfe64f1f57c888422ab5a02df1557b7378229ce3
terminal_1471	34ec3c944e796c3ea8ff352cdf9121029fb872171e5161fbccdc6ffe61b97c79
terminal_1472	b85b3334aa94e10b3e077899d3280e50da5bbe38271fa2d3871c7f1f78165f3c
terminal_1473	c4a6dff434ac901226dd795a0eb958e8882f87caa482d353e12a827d4c18288f
terminal_1474	2af4a0fd5553090236268aa8a4306c8d9bd23f6316318e96acc2fd3387568d44
terminal_1475	ac1c5e22ea0125b5cc7b443f5e07ac867f51e31c55391c99b1f1a720d601aca0
terminal_1476	45b4e8bd59cb41c3542601edcdc3738e0afdab71dfe146d577ba1c8a05cbe1ee
terminal_1477	9b53fceb66b93ae84937f6147c2536dd81808d1e161b9e1699d87df3daaa642e
terminal_1478	59f8dec77b93d129fcd7a2e870575968a65a61d825937b4f87e4200f9c7aa545
terminal_1479	d24c2dac10d56f6a59502f1ef9ce8f57bcf087f231f0dd9a833db0cf44dcd11c
terminal_148	cab18456eb16891b9a708a4c55077d0a61564e2486f0ea9e864f04863beb3ba6
terminal_1480	bb9aeae36eb00e2465b03688df14ea647a1193c8eb669ceac60fb507c7008cdc
terminal_1481	1503b98db807f78a9965b48b220435dd4844d00eec8fd05edcca54270eb02b64
terminal_1482	b968f485121b0207387e04bfd7217eba496d1ace57d03d186f5d7bab3fe9ecd5
terminal_1483	9ca92865d2ea0336439d52c50d6f48156f781a34fdbd60ae3767705d33eb7fc2
terminal_1484	cd2c6fe2a00967cff5b7b4252dff639ecb4404b3c28fdd57082693602633fe5d
terminal_1485	4132a02226db3c776698ca2c5b9f265c610832a60d4205670295bdf20841cb95
terminal_1486	2c30c9cbe7b5e969d2ce9dee1dd041ce27293acb80381e28ddf5c6b65e8ad4a1
terminal_1487	b550911ee9d2d0842cea9282e96373bf73b384d007f83e090114bf6716ee9d12
terminal_1488	4dc100df15f6127ed1f73191f53c1b19b7739acb22a439b085ea4e8e9b9fe18c
terminal_1489	bf71d157dd96e2adcd38fda8110d700a8368718db5e2a3e9a49f57c5c4786db0
terminal_149	6e499c83a538c271dfb1b3fd4e71de18b5e6b9ff704ead14fe62f4899924495f
terminal_1490	472f7d750704cf62f1eba030417793ae7ad592cac4e82fd5b596da6a642a63b0
terminal_1491	0a584f423f2b237fdc728d8ee32230fa19ccf5c2fea141248b7c0a7920071834
terminal_1492	6d75da284a982144e638c720e05da263c7a46dccefb25df8dcc5a14031e5f456
terminal_1493	7f1d4b39f3214f4775a0f23878f687ddef98607e65f71ae5da1caf6f568ec6a3
terminal_1494	c5984c9a18e62ff4ccce36c8f70bd03bbd71b85ec7d14f610d672f8f92bcf0a1
terminal_1495	788c58013c8345e154b23483894f385152e625144f073b2785b9ebf8f9c5293e
terminal_1496	39d604ad2ada4f32eb309c45ee6dda21ea3ea8d5bd5efa7201590b9a152b6778
terminal_1497	166eb90f6dcfc90b586ccb873a01b2657c0e785bfb707c4e0bb32bca352275d7
terminal_1498	dd7f5a40a406d173e866b0f2e412b025a41f6f4717e455f2bbc8b12b5606e987
terminal_1499	7fc2e16352c2373c24ad5d73e9b9efa68c312070b1e758a33f3875efc0da7f54
terminal_15	2c4765617d304ccf72e5561eb730c3b9959b141b76682659e7441248f738cf7b
terminal_150	31ed77c5ef2e49d69833ccb89a3e44369af28e7ddf5a93517216f8506a327e37
terminal_1500	852ba3e78b4de983371fe45df3694b38ea8f0acfdd254d21adad3a3f1cd3a4f9
terminal_1501	4360e78a76bffe518fc2ae8003ccd13c34e6c0a0d35f9a91ee56c1195229fa84
terminal_1502	dfc82be713397e61e6470cf0627933b969de2ad87bcb7c8d25d31060a8b3be52
terminal_1503	582ccb5a3f5b60ec950408b37289c35a89f1a4ee89d5423470da674f4b12664e
terminal_1504	9ed57827564ea01649609bf366eb21b1d677b39df92b7ffb2e69f3226190d426
terminal_1505	950ca17311582a4f4aee84e5de76938cf5e9e8476587a0147c69280df6c10c11
terminal_1506	bacf042873b4c415d5918042b08b7a65a0d5041f0256b52ae1c63e7030ecd5b0
terminal_1507	98c4b1e14a2fd0db6180ebe60550d3998bcbdf76452e9ee8ddac10104cbacc51
terminal_1508	453bf8e0f0affd3a90f99e3785f973744d0f958e70b6e01bc7010d87d1490859
terminal_1509	ba67575333fcc15b5e02041b4ef235b401b479ca93ca389456db4bd7ef02c7a8
terminal_151	9f03b00d34322b5d5641755e9dc688654ed3bd806368f06e6e5bdc23255f33eb
terminal_1510	10df7a128428923e505e2599e5c3b9f87170a8faad07c89e24bd9db9b9d19895
terminal_1511	67ed5c621dabb0764547f0177d647c5574d826d9ff3be790eb45f03329aab9e2
terminal_1512	b35d3d53761115879e34e31c2ce29f5447567472117d676b86fec600c371dc33
terminal_1513	12321f6dc47afffdbb48039c4fd01246fe28ef6ff08c12420e1d6054c43eaec9
terminal_1514	9716ca7ec1e0d878f8f500c38e9ac563ddc0280195a38a6134f847e9feaf204a
terminal_1515	7d525b19077a415f0cb33a2c1e57be2c5aa91ce87e0e43186f8c262a4c386265
terminal_1516	382fc27ed62606816f61db55d165a6335efea706bb4ab40c1b6d252f04a3ee10
terminal_1517	3c0f708cd8b16012b0f5585472147e5f7f56a0a626f2b8eb46f07c9c8f772714
terminal_1518	3107eda6d01bc3288b0be8d72a302199318520dbe528ed92743999848e7d9659
terminal_1519	1cf519e056f12fc21d1d62021d45b8eea7af104968ab0064fe3e3a86b2b7bb73
terminal_152	c55a52301fdbdeebebc4aadc31bebc47f435f9865f13ee01842020b42384adf1
terminal_1520	9ecf8855a79a6497e2e4b45804dba8dbbb5a44f5d4042cbc9d4298f9431e7c28
terminal_1521	e89e6d8abe946393ee45fcc1dd9a225e095c46d44afc749b15cf5e9bc139135c
terminal_1522	ec7f035f7e3ffda4a240200fcea8646eb9307dbe98b5c253a8b96f8c4fdaa37c
terminal_1523	c386ba0a6a1a72cc0d1b9e3682f9a4366d46a420258db72079f17e7d470181a7
terminal_1524	1661b5a4384fb020a5782d5675d7a611b00dd1244bae3107fc78914d2f6fa15d
terminal_1525	0c5378816bbc997008fcf9253a034568b8d50cd8c5c12853305623e24ba22283
terminal_1526	b6c2453c896f6a0b8e2d1c8610c0d856adbe60bc36ff9b04f0e0f367a76db769
terminal_1527	cff7a4be9b3926703e709b106c467c3a67aa9fb5dfec76b116e32103adab7c83
terminal_1528	e6fd03b390a80d2072d8647a777b44c4153a9469b0306751da1f8eda7d67dd65
terminal_1529	d132da59178010c3cd4f04340a67846c389cd06f6e4614a8c53179f35dcce175
terminal_153	40c48baa01a4b6fd8b1b4b1affee525332bfee8c743e0e72d8cfb943689a1d8b
terminal_1530	668a9acec14177742cdba1e83b1096789fc182a73264a464555297868b4c210d
terminal_1531	8c6c04f9b46d1ef99420f76680081f3676db76184349e9cab9cc8bf159c75db7
terminal_1532	4269ec6eb02efaac0d7e1d039da56f5b0260753667e62e1fa9c03c47ebea2164
terminal_1533	cf46ae6c986f9d9ac9fd6602280062dd8309029fc834fcd92294ab20c735e863
terminal_1534	c8b47347b0487fba00c543899cb4a90d5582568578e8c98c9be5a5ee03f100bd
terminal_1535	23852492ec5bd2f8cfa093eef78f74724605d879fca0f3b8b1e137efe2902d0b
terminal_1536	378ac214b8a7b0495f9506ec2060434bd0a4dc01949527530c5ca647aa2b8f67
terminal_1537	d3b26cab88f56db2f9a63acdb6602e217dfae9f13a717b9c6c39193e52ac287c
terminal_1538	32eac06a2ba6226b1bd33ab368206e60b18aed1d0e6df7f846c2226356ac8a81
terminal_1539	ba00990cc25b9075ed1e9d91de727ea3d6149574155f43c22d3c97e097965d11
terminal_154	b83d734d78fccbf017f2ff030aebfa3ab91f09bc91ba748646bd166e3f9c63a5
terminal_1540	e02aabd0e4c1530578de396116899f566b48e40c7f1ba714455b9bb0bf2134c6
terminal_1541	20cc6621af59473eb336ecae0f4d9a599d44494dd950a9ffac57f8d00871b540
terminal_1542	6a3a0b79351a414f864e457346a13c5eddcd8a6ab2329896627fc34013b7a6df
terminal_1543	9154df4b2ed43c846b30e5555e2ad1e9ce0eff4f426d212ad7b79146b77b345a
terminal_1544	de088c249a471b8f2c53d096e6480a66644890fde2eff8f674b233cc597b43e0
terminal_1545	3e2bbd66d601972bc1b601e3bdb10839ca9673d99aac87af5178997b596fc81c
terminal_1546	48880d55525c181a8fef4ffc70d2de29e5945e3d960bea04583aba1c77215091
terminal_1547	1d6294e61a8ef33f538e130255fc49fb3189978823fa2a48b0cdd7fd622f0d63
terminal_1548	732966941c42cd11f7224a82566e491aa2f8ddeb05db49e17d2c8721cef02f10
terminal_1549	6c0a0665dd7a8c8892381f3eb20d71aee06d31f35c5f56bdcbec9f9d9af179fc
terminal_155	45a5b0617fcf80c735efc6233561aa48491a9e398ba06e04fe23fb3eb6c0bc98
terminal_1550	062419ef514e0b9bbddb4c4dc6cd238c535e92b68fa401d1a9df520c8edfcfb6
terminal_1551	7838bf75f2f9d12963497fbc515ff0280dbe58d4b8c664b2e77773e404ac74b0
terminal_1552	48b50c2f921228a7d07737ff33821aa7a86540340a2c139dbd0f072f225cbfcf
terminal_1553	bd51024cf164ddca0832dec3b1e4148fad946d2f65cef6dbab8a121e2444acc3
terminal_1554	0a4988dfbc3bbf6cc9a8f7f97c37d714c3b60ae76b986f5f8866a6818a83338f
terminal_1555	8dbc2fa50b6a0498b7a3ebf402e3ae26e0347fc3417fb6c10e0db8bdb349a021
terminal_1556	af808ebb365bddb1193af5397bd584c49ed52c560998f262351a940e71e04826
terminal_1557	014c440508ec01c8bfc9f2cfe8fcf1b389ca73b6937aeeba673eefb9e74b560e
terminal_1558	de83601bbbebc30aafe68ac43070e8ae70645d695fbca8f8825a1a9b74d82796
terminal_1559	5266fb60eacb20d13cb039ecc12174f467f52770119e3ac102d7d130a38460cb
terminal_156	57ed4b514b2addcaa30c21f928e67e2619b69db2a239455bd79c2e69ffc443f7
terminal_1560	b811907fcd3ce3ece22800423811bd64432d94645e7c67e17361462843f0decc
terminal_1561	3d919c7b7c6a0949d0f1feac76fefbc34a04856b9ef80a34b504f2c8da961eae
terminal_1562	42b72c4415dd75568c678bf1bbf3a6149f1e399f62259d6c80129fcb239cb2fc
terminal_1563	9fc008f8e35ccdaa887338c2b90a530a8cb5f149670640f99e34b5d24b1a1732
terminal_1564	1111cdb916484850465e95b1f64f495f71a7d6ae38fa28238b514dbfd10c6e96
terminal_1565	ddc13154f5fa9785babca533186cfcc028fa98212ad7223c2f630708c086adce
terminal_1566	5ee3efe37e3d59ecd1120eedc7b195f09abe597d0628dc67acf0ba52f1cbf484
terminal_1567	f8035552cf2300d5eada867a7abd654e42dece77c5e884f1fb6a3ef76cdc9ce9
terminal_1568	7d77d5c5a5c43f5637c21adcd2726d7a7970c1aaad5955f55adb4cb8d0d9f070
terminal_1569	bfde3d7605e005379a3910d0321859515739d3df9d4b5ca43920f58adcd11384
terminal_157	04393275b1d1e6d8bf9d84a4dd3587b377ccf27d1cfa6ebff6bfa62405322de2
terminal_1570	696b08d363adc0461bf3fc48d11e13eaccf501d4018d4648873952bebdf4b846
terminal_1571	b34147b79b5d923685f10975ac35c7b93bc275ab2fd5a5b6a1c07b8095bb3c37
terminal_1572	8237ce646e5c06f950657dc9530074f09c5abf1be5ae0732e71fae8fd2ecf205
terminal_1573	8ef883741a87447e35297c778dd82962b746ab2581fd4e26420244ca2baa280f
terminal_1574	70ddfdfab50308f87ba364dc8c18816c51412d3fbc757e7bf00e917020539a76
terminal_1575	1f0e3c8b63f46d687a9baa56be6fb49960f925d44b2ef02de2eaedb86115b9bb
terminal_1576	a2a55ceef6a5e34325b368311f91fb916665522c195cfe39d03fb4b4000b97b8
terminal_1577	00621e0763756e1013b1a960fdd132a2fd00b0d986cb74b6459aef06bb0d8214
terminal_1578	7fe0423d6d13fe3f83c7e4a835f182144f42e025f16972b6cc8a3dbcbe480b48
terminal_1579	1efcb29849aa52a262826e1b9c3d944271bd638bec763a91e3dcc33e7d435125
terminal_158	f38179857ed2a27b789f515b8ad4ecf826605886c5c83187cd0beef8620698a5
terminal_1580	4b953683c04e4bd0c32d100017ebf4408d3a30901b0e3d48e57b3a59c7ad3121
terminal_1581	ee69a70bd1b20867ddbadbf0dedea6996d482af258d5ce93861d4a7f710327a9
terminal_1582	c7d4fea191fecbf2cf9a5b2524cddf5ca30a0cd3d67adf8d201ee5d4d526da96
terminal_1583	7ce21bd4f403b577c71ee71e367a5c1f3ee7d89ea0e927535f8ea6cd0835e5b7
terminal_1584	b2b0549c90cbebc580bda706e16c77a38e0050bdbfa208bc61c3fbddc3a6e0a5
terminal_1585	82e3398995e463766bc292a04a4658a899e2a8f96349e3b452b17a9306f23682
terminal_1586	ee99fb0b2d327db64c7a6034838f6d0598bdc27f0a0aeb355d05ab26c88f0889
terminal_1587	089a3c498ae6bbff6fe2a726d02887a11ff0caa46ed207ea1fceae16308c6583
terminal_1588	88e17ed598486dc75cabf78e840cee5e5dd6d4e013355c6c21271387120cf56d
terminal_1589	26f671666dd53ddb58064b3a79051a91e5dcf6cf57150740d8dfddb9360391d2
terminal_159	579ec863860bcff21ff406b29ac4254d8c5fcee7d4c697398dc6e228e98614b0
terminal_1590	80c5cf20c3a1cbd7f4feac828c728b3e162fc77c7ebce9d985678f201d0ffee2
terminal_1591	09abcff0a7555cccf627a6c6d15ada5a8d18d151beea3c052daabb9e4ca965e9
terminal_1592	8374dfc1756631cfd02f1ec7e02e49ba6a3f217473a49a8e9f0378073984c9d8
terminal_1593	7da215b6d3fdba73d7d90d5478cac169e5def7e4d922fc6c5a5875263ac66bfc
terminal_1594	552c2b2d9c1a50b4fdd3696deff1f92542080e26f94557517f124116b2e2bfeb
terminal_1595	efbc91d48a56f632b335b5a27c7b3340065380b7c8067b6124e5762ebd5f29ad
terminal_1596	23f6c37cbfa9116be156a2d02daaef14da766426a9396dfe419039d8f4eb78b0
terminal_1597	65fd3a45d6e1ac04263f0b3bcc31fd7daf53a6e3d5bcfa3302c7175f1c442a1b
terminal_1598	e9d91b0bb2034e6f5a7d24dd725d2c24d53bbee6c023fa4094adb50036931455
terminal_1599	8624110d654d46dc472bbbe090f8317232fba5b80d531c96eacaf69a49362d28
terminal_16	5bcdd94ff9b1a6212573baa690243d18bc591f559ce51ee123f26101513c1e74
terminal_160	6a708e450f5ac75286ca8d6df7aa5290cb5d5167c4dd839c6e7d1382f53070d4
terminal_1600	007f4743f290c8f493f0376502b2a2858eed5d95a4c8da269e2390d9d754cc12
terminal_1601	956a3a40826ee7a8ac4558d5192c84e7187844b00362f2ec5742516f7dd5f1ee
terminal_1602	f0c902bc90877d81e47e9a56d0d50ca3fc1ecb408cc92ca80bef72ff5313255d
terminal_1603	4d8b8b54df2c62fd6d63b6c29f03ef0e0e010236f3c9120d687463dda6b8a868
terminal_1604	0619df126b5fe6a1d9dfad9d174dc43071d81cd33b403fb8e66c05d0d919c310
terminal_1605	5a697047e6f698080a8f908dc074cdce95e620534c6695742e42d03578e0cee4
terminal_1606	c65ebe3d9e650077be43584530a7d016d0bc61fab76e783ae381d0d1ab6c04bb
terminal_1607	eb7163c52202a56aecf2619fda1c0ea308ece5e64089c9f11949b55958a2ad0b
terminal_1608	f0f7e6e7215f3d6236bbd8d9c969ab8a74697bba7cd7ed61280fdefed9e1575c
terminal_1609	1fd365ae77d602fa6b7216245ace8eca1c484e25144ee78243448bc3c6ab0c0d
terminal_161	28552c7327172186e5d3df93cb107c672d3fb72a7356d862b3f5261eeefaef84
terminal_1610	bc7a8dbbea4520c7886c288b3298145c8ae00b1aafef239d91527d4b94367686
terminal_1611	efb3bf79bb560fe626838a9342bb2c74999c8c13fcb733da5f7d301708a3fb07
terminal_1612	9b3021a66c1abfda9d5a8491679f016981746ff3d996a0baccd1cefb571016f5
terminal_1613	1a4704e966b8a4d3e657c9682c9fbbd2aa48d3897592070b16256f7235095907
terminal_1614	b3acbc33b4120ee062cb71456c8283da1fde4abc1f1d69f8748271c3877a9c77
terminal_1615	5351e81c2cb34801765178f44ec634e8d8fa0bf1bd1223c7730e8a596c9a5a95
terminal_1616	3051e7eedfea37ae2a1f5cd061536a8635cbd4584ecb9ecc9e735c3f9749324b
terminal_1617	6fa83071dcd5de87c9bbdb10efa0b67db43c94bdc8df2cb7bd7a9336c74aeb58
terminal_1618	f1b884d089a20e21c62067db1ce8b1926f7e284389fd8e49358f9a4552a433e5
terminal_1619	258d8ee6dde479a24ea8127928972ecc769b0efa6f95755765ba194fb32b85c2
terminal_162	04b9f5f471b6197cb7695a612927858ff1f865aa8d974f3c0efa303cb29e7d37
terminal_1620	adb58eb4e7eb1aa15b053adf64b57f219c072b5d924b6a89e0cca54a0191ec06
terminal_1621	e9f1f9f7d35475248a4117ca8b07e9541493d0a6c780df6476134dfd91de1422
terminal_1622	234e78b7551a5d3c11e15d84fa1acbad56f263d693ec04b44aeeca482781dbf7
terminal_1623	1f953d0e4b9acdd16aa4610867ee083407934badb27382553cee287e6a841cd4
terminal_1624	8320a5497853dbaed3cb4466a3e6db415075643099ee1fcc20ea7e853f8e705b
terminal_1625	acb914a11fffedcc260c463ec2ec5b6d89a442c2c0751ae07d0b8e3c21fb4313
terminal_1626	ac1bcda56e6a6685162cd516f043971dadbf6f8d74944e100352900bb38c9cfe
terminal_1627	20dc57d22cf46994b720e6dd565c9976d441b2fe9eb7c02803fde5c5e229c27d
terminal_1628	abfd685c7bf2af0a355dec69a3bbfd9c0d19ba644c8c9a19108646d32d821d55
terminal_1629	8c7fec4703f9e0fb50ac099f74836f32cb1867413ee3ecca0403aeecb2248b69
terminal_163	de794e5ec9ab5324e5258e16eb7133c058fd04bf4cf22844714f990a4ade519b
terminal_1630	2d711f309944625b26b7adb50d66bd38e796d81c64db481bd706c4f7b999770a
terminal_1631	be3cbc6c48a4116b1a95816d7fbf240f7a354e03743a37bea1861a5f661b568c
terminal_1632	6b497ec95f60911236f0b93834089adae10562ee07f851f655a262b738412eb6
terminal_1633	ff26249892c18109dd33e22733410b257ac16310c88af2d73d728c552db9ddee
terminal_1634	68deb972871594f7031c43fb3542e21e7df3c0227b914790714a76df9171c988
terminal_1635	200a7253f94968d33368edb8bff693dbf88a57e1183b5594c9c4dc32b16ff224
terminal_1636	d112e37102b06fa4a3a6b7e86bbc054ca8183ab16e145cdfd783ae9c7ea2c4bb
terminal_1637	81bd6e70ddf443a789f458a935542aad9e579923fbf4a75aea72aa1d7e0e1c57
terminal_1638	e1b164249fbecdc07b6be666a69809154c4f8fe202b22c4751a7dfe364fa4e8b
terminal_1639	c50c39150aec749c6cfd4c0ce81ca29bd121eb3c5c21a81a2438fd7a5c4631be
terminal_164	481dd49d32f3c1f84c51877f98072606bd01fb5e08b6cf402d8d86791ef521e7
terminal_1640	c5d8a02d0940867a5bb12268328912df25df7b0c72755389ed9369021e90f397
terminal_1641	ecc7c49f49d8853f2f5d3261d22d17f9e13ff660f05ad9d54099ea008b42fabf
terminal_1642	589d92c5069a1885c308cc47e3051b640432a3081df4d103383a0060efa7d6c7
terminal_1643	e809ff896ec9a2c124aa4aca47c49a69572379431905476c90a8de39d7c6ec5d
terminal_1644	0e15d375671dd0f23d9d76921bdf93610eb27791ec28283fb7911d46b093dc94
terminal_1645	8eed2e4a8a4a3e3021d7db37ee8b4d49931b9c1cf1e3695e052b9f1721c843bf
terminal_1646	721f8254e8c760f58ec744bc9588329ab782ec5a1d77de3bbc2a89449984def2
terminal_1647	fe2e1111e7b12aec4cc3fbcd69d9be1940b4a896fc8017833d9b7aeaff593d98
terminal_1648	c414c928f6465ae818f681bb3d04c8352a2624c76e2d287127cd56390edd79cd
terminal_1649	9dde78980a3e89559829e48cd68f3c710a06c5a1476a17ade21562d3a0ded695
terminal_165	a578de20303cfbb1b1130ca53d16f78e24711323fc313bc2dae9676501371492
terminal_1650	8a09e5c9cd8ce97c5d64e1e62f2ed2a80edd060dd26b2aef7b8b0456fa26d5ec
terminal_1651	6d894cc9e738773d2ef28584325f1e8fe6d6724242bc52acd8ce4c5c5fcc16aa
terminal_1652	dfa8162f9b9155cdda41798f54aab5f1e3c74823c445506625eb4451b503de43
terminal_1653	6d2a1d0d2bb9f64971fab8c75b632f99684bdac0e73bfc63b3a0112834bdc657
terminal_1654	c6e34ea247edbc05e0d50b8975431661b8e35b3ed0e6dd30869eb0ebe01a9401
terminal_1655	dc5fc539234c6d62c2a0e49f5e2e59487730afe5a3edc51f241c67187b857e5d
terminal_1656	772b9097bb2ff151d753db395ef2b47acd970c586c160daf0db6dcd4d46db995
terminal_1657	b3718cedc593c87b7fe5072eb60e37dad9928a3651ca73756d7d1b56321f954b
terminal_1658	418ae35647adad6d5c4fc0b51beaf2d0139cdeae1d1d8264c3db54c68c194cd8
terminal_1659	147fbd6c4c5546f45d468d2c0294a6356b93435fbef393a4507899702da15512
terminal_166	f001b66e6843366a1a673a6749ef09a2ac8996f606222f92eb75bdf363265efe
terminal_1660	218546aaa5f4c277734e1e6d5714c426d2163e095b89df1232ae232e6bd3aa7b
terminal_1661	b8cbd64518b1d6bf2a57ba2712c8ce20c49f095fb3baa741b9ad871f23ed3d63
terminal_1662	aa1a91b61386c290ccbfcc73cb4a2d4015e5ac501663a08de895eb9563ed9036
terminal_1663	89530427bc569b5ace5b9affe180b4d844119755bfe5815ca2c6bea90b39fee3
terminal_1664	dee2d43a3f5dba2c237e71fda033825aade698e5d2d7d7747307dab33beedcc6
terminal_1665	396d81a79fc3f345e1b4b1040bce344980251d2ad4d99bc0b8768b85a1613823
terminal_1666	988e1a914f8b196a896659c0f593c606eb8d50899d233dba2c3659bc244f77aa
terminal_1667	9aa8b8a362b3ce46c3ec77d00818b2e26c9c03eaed9bc103da9b9e6cf79e17bc
terminal_1668	e379708c9641e6587b7596c2939f32458248e9c7e7e87b4feddf456df547b933
terminal_1669	8a9b1cdcf0b08c4a67cc6387ac0a6fc15b85134514f494def3c8352c078d17c4
terminal_167	ee2388ca2d66b5a09c90705b4c9b5dfcfdb86de41492177322decfa1291835aa
terminal_1670	18ea73778116d6c7228915d63001779cf9f81fdb0a161a00c5f36a6f1a18703a
terminal_1671	a6d6ed9a0cdb03bb8705a4bcc3754e213d432cefea4511e9a3934ad7cf313b2a
terminal_1672	cf9165063caf90e2a997cf64f0fee87e7f0c35cd486a7ba790f7af5021235aee
terminal_1673	33bb8ea7030f237a4fe354c5b9514a9df7b6b0034ed612d223b17252ddd00cfa
terminal_1674	22b8bdf07e7356fb79d654a000f0b8142afb98414f82782dfc4771903c9ab324
terminal_1675	fe074b6ceac05698e149272316c5063d2109b5632d02efd292565398ea1f947d
terminal_1676	db6dac075bb0b4d3cc5c0186c5434d3aff1af17e327a87a3b6683a5f6ff8647d
terminal_1677	2fc294c546f3cde2d00ffa6862018c0b7c2b46a404141013fcd8e22f6b205cdb
terminal_1678	0827d6fcf66b11e3a8d5d7fd7ae663d634993066a7bab91626a647741626820c
terminal_1679	c98b0f985d5fdd3dfadcac36178ebddecd4050a90b2ae38c210c58f0897ac753
terminal_168	99e3e0a00853727f56da0ecabfbecad7aa84b1af524347c8ac5c5ecf0f823880
terminal_1680	48c5724e89c39b8af13120d41d260b33c2dc06b72f1a22fa923fc99f4fae59b7
terminal_1681	f6341a2f154432dd9133f57b931c0fa1b6e3df2342d2f4f40bf57ae4c6be2404
terminal_1682	0cf276bc391681529ae12e0ca2229bcfd5f677315232ca1eccb27884eafd203d
terminal_1683	5ec36ef684493169dc10bb744a6760a8de4e53fc8fcfd02414df071f571c6c27
terminal_1684	da9f79ba941228feac661af6e960c2ff2c9c4ea5ee00650a5874bb24978744f8
terminal_1685	0a82ffb97b93213b22da598c15a62e724f141ecf384e8ac0732d6624b02863de
terminal_1686	4e898a014d10042485d073e3517c2ee00af671cdd1cc94aadab16ed44e02ccc5
terminal_1687	d28c1e83992c17d7118959034c1d262fe3b8338bf6c33bb9d8a6f51edc049484
terminal_1688	4e62320ed510c890c0444e63f3772d6f94c5aa30f8e62f6c881e956a9a007dd9
terminal_1689	402bbb85e53d155d5863d591f79aaf398c6e4065ea535e98ae03286efba13c8a
terminal_169	2ce85aceeece3374d398b7160216dc3cf87f9b3b3ceb827193de2ad15f27518d
terminal_1690	82054479d0ab2ff154bb66352de11d9f7d5cae51f51bcc7dc3693112312ce379
terminal_1691	060d5d7993e11df067ed1728bacf0f394d0f241ec21a1f5947a12249395ad32a
terminal_1692	6d32208eeb384f413ad35108df9a934a9f9618df9f27075359f101ab9f43a9b3
terminal_1693	f52d8fde2eecc4dfaa3bb287b021c9b55647b5ae41abd05f9439540def5fbc19
terminal_1694	b70a663208310628c3886d55518071e22f255a120affd7f4aadc30456fa9f4ef
terminal_1695	82fbd6809947f2de4d5e5895beb02d28cf3ee7cb7861639ef739a78b4affd45c
terminal_1696	1641ced651df0ad941ecac332a1db445525a7fae52951bba8a25b6350fa6bda7
terminal_1697	4463d6ccf969b085cce79fc369938a26ea55f8bdc8130a8771244a90e270d08e
terminal_1698	9fe81120b8e15ae92d41717dee24152c5bfa1c4a5cbf1cd96e1cf2047fbb493a
terminal_1699	cfb96f381bb812c152e8d94ee4c2e3c6a707166a77aac102199281564b15fa84
terminal_17	4f83b0ad063dfb669f32bd458bc4670a04b56ec183b5ed71cb91372203fc1d23
terminal_170	b6766407e82696f0e525bb623c6d89be5800bab5155a1d5e461aebdad8f1e101
terminal_1700	d13edeeae8adbc88e5666585c624c7b929ac1222d7bedbe411fb0051b1062cfe
terminal_1701	a31a016d5201bc39ab746f199120d51a2312d745e38e19730cc39a5520b871f7
terminal_1702	5ef238eb069a08d55edbf51912e5d949b29f16c1acbfefbd30c4e406fe2517fc
terminal_1703	8704e185216759bd0e3332b0ff8efdfdaa90888cf4842912b4e3cbe5c513e4f2
terminal_1704	b234fc5f8c913c16748839c9a1b8baab92aa1812cd749dfd533de59a834f4041
terminal_1705	4c3b56407112507b245d6141edfdea510d8496fc3e89a6b8fab8567518700cbd
terminal_1706	e0fab0e5a7835cdf9f616ab06bbed179ea3384c10a2e1704696f502a698794a6
terminal_1707	21d8ede2b8ab862b61a0f4ee090a7f4ce9d0f3042a4b230ce3016bbf55709091
terminal_1708	640e4d1af205299f97a5c6820f11c9a44cf49ec0c01b42cca11ceb4a95f275c0
terminal_1709	538c42a0ed69394761f2c551b46c40a7d032bd9ec09a09c5161710455eab0130
terminal_171	c5f683b194639da6d843ef6f5b5b57988ee2f72eee2d235d0e14ef5dc9ad25b1
terminal_1710	97f2308629885b7f028e65ed42af6743739dfdf2a364ce75b6878043d1c1ffc3
terminal_1711	686975985a16109edc087f43954085a9c2479c30394f05eb83d1dafb022e204f
terminal_1712	fab21af9c0851d992deb59c3ca623320dc7d9e09aa2d274412b3a240e45a6a24
terminal_1713	2fb8ec185ed29f449b8bf9fd6423d74c44f08fd4125c5fd53be672d979e916a1
terminal_1714	b8e55ec9d0774c985f42ce656e1af11de71748330db78ea5ece22d448aa03088
terminal_1715	d53c621eab7971a4ef90485def18696fc64a5607614591649a68754b2a9a12f6
terminal_1716	35b26e493fad3c3595dcd4cf70f4ccfe4709c85e32c7f96b55bb3213c140214d
terminal_1717	4324f2cdb67cc4376a1464ecb2c6266a550de7e6cd842eabd2ab4d365ca553e1
terminal_1718	a32018b310410722c17510b73fe7b4539e522df1f76e1ed5264b365fc6b4f891
terminal_1719	7e214f7baa7d24856aed8aebbce56d98ed2d35e76d65c756813d0ecafa0ebaeb
terminal_172	8002ba0989de449ba6d965f4299d342fd950f0e61d3609c46058b08c935e06c0
terminal_1720	c6c0487613a94080823b0b94193dd804f3c730b87aee4b5c43b89df891e380b3
terminal_1721	29d8d140a8b92cd0a7988bc639c504c8ab483197e6fb5c831a9633146006e59c
terminal_1722	a94ffd4df4650a446a1164d99baeeee231df3c96006ae52a76e5c0cded64271d
terminal_1723	4d425d20d739d9ad1ccf3999d15b217477437b2d7b9e243cf2e2a3984411ccbd
terminal_1724	5558f085b966ac2187a4c45d55fcd4c98ef05c08034f581425de979c439ccf94
terminal_1725	478b26421d07fc7d6a9cac34ebe146d227ec309e6f1581173582cfa8c9bc490c
terminal_1726	ae9cbc9e2ae4600459ed7aa8cfe399311accf03a1e7d6729fde0bafc9fdcee52
terminal_1727	916c0a37e426cbf929b0ef449fa79deba37733f8e2bfcd24b5da9e1312005c97
terminal_1728	eb5c065c191cd1e2ce212a6b35fcdf248f1b1af74707f2ea91deb7f01de849f4
terminal_1729	5bc6c5c78bfd092cd86a04b4218c4c81ee4d398739249ef3ae1b6e012b835229
terminal_173	39d1dba4bcbfdca41230d7fed64e272d7b3333c3f4e5fca48df2b0ce1c7866a0
terminal_1730	332a593a174c4c67d47c5a47c3e4d678221d4f35cffec36ce39eff9628a3dbc9
terminal_1731	c4409592d7e2d36a9f6ea04d4ca4e123e6d39e8de355dd30bd0dd35486a4ca82
terminal_1732	87b93413be5c6c3075de872b9458c0b0b74def8eec7b5dd3afc9ea22fa2515e6
terminal_1733	6abd025c4dfd40c78432576f2118d44b9cd9a09de80f78c2a1dd285171790547
terminal_1734	c4409b0fcbaa1903227040c3cdedc1ccf853f39256fbc78a3a77887ae66c7205
terminal_1735	e8204be2429d02b5364bd9e3db8e9168281e8dccd598bd0d1562f07b58d33d13
terminal_1736	9cf5ccd9f7eca4c0671738ab508ce992479ebf9a4a0703b84f89ae2eb44f6475
terminal_1737	3c60afaa091dadb1f082260f612d6a9ab890d51ebd47e60ae5c6b6ad8f7b8bc3
terminal_1738	f962a9a6a6c9d8ea5223d8a4f6626c9984ea65055a04afac89a786634c5e9726
terminal_1739	36863a4b07dbd507e8c91afb30b2a8fa3e928899a81bb1b87cc9afbc6304d389
terminal_174	e486dd9bd79e1466479cdfb7a11b82422a6c91d0051ede4f84cc6ca0b1e1f457
terminal_1740	704908c6aa3d1c1ae31c33a72868109a784cdd160143e915c5ceba3b925f4a87
terminal_1741	92813681ee155aa746443a7c3d1641d131ff492d69e88f4c1a8ec9e8b4cbe96f
terminal_1742	d83d3749f86ea317a1444af1f52a5eddff31d97a8b7dd1355f3466df80d3cd67
terminal_1743	aab5696d4775154a7ed44a72377fa76c9bd1224d1eaf7f098de242a3e44558ac
terminal_1744	04982c96c4beac3b33bac934e69cddeaf7e6ac79e3d8d9c4c5194876846b64f9
terminal_1745	4a0dea759a379ad758ac2cba50d891bb228f6ac8614e7f6978de48f8d7a57e52
terminal_1746	228db7fa8579e467f788efc9015dde01aad0198bb08b9ace22103224aa4e5698
terminal_1747	c98bc307311cf32e6a4486a4a23cb6629c99ba367604f386a71cb8ee01bccb99
terminal_1748	6eec20fc435fbbe46458aa00b5fbad32d955ba8a2a964542d78978b0b92f8e72
terminal_1749	1e6946e6870ec07f4075ac226cb3f7d1f5471363e43fd0bf85f81ea134e46386
terminal_175	e4edf33a6f2ff9cdcac1b8a61148dfcf3372302fa2de958492691f5c95377c92
terminal_1750	013c23829e20b80107e8674e71208abb9729e9d5267d4a4af6fe8a9966893193
terminal_1751	97840b05836bbb102459834d76d72417eed4c290d1a7c31fcf6e195e14a08dfa
terminal_1752	2997fa13f047af89c82a3ca8155008d2bbea84812a49eddf5c19ac6beddace74
terminal_1753	010319f8290463b56c43d75f0d47532e5440f1cd64cbcc8e873e65bfc8f8bf08
terminal_1754	86e358b3da27080d8d3c27bc4dc5b5a29c0c0deebb4401c30fd0a1a6d7f0913b
terminal_1755	b657e0798c87fc751002e0ef3d6c2c8146dcc45a37e880866f53eea15dc937b1
terminal_1756	bf13c74d54cbf766252543fa34de9a246b2e38fbb0930fa44b1ec8304ba009a7
terminal_1757	1fa6979fe6f9e76f848ab02c10cf861297701bf76a7e8e2c7beea5a9423cd501
terminal_1758	6922c4b21234c4fd645e088b89c10a11dac84909da2bb5738bc4a3b662b71b85
terminal_1759	9aea211930d4179a4df6692dca11514cdd44aff18d51fde11498065700d1d3a6
terminal_176	4179f60e89d35fd99357372eb6dc3aee396be71ab0709626e690f5c7a421a1ae
terminal_1760	98599162be83f363d55381f591071191861e90340a7a2116c2b2fda6547ccea8
terminal_1761	98377bd89bff602c837c16243c8b8bc88ab193f1dc2ac06e9b15fe64b529155f
terminal_1762	43b5f2ddf54cee927a0b0bd0d15877409c2fb2f7f781e411ad7ed0a16f0a97b6
terminal_1763	f4e1aceffc2a9d39b5bb164e049a3d567c7cefdfd19e36e2d4ee2f089f62f95b
terminal_1764	5f507d59e442be1fe191e936a2530c47435839a06b91109f30e13abe04e0d863
terminal_1765	0b3c3cea9da2edc53698834cd208d74fe4a632fe6a0f3c14c8a5c15841ad80ad
terminal_1766	9273dfd28c63b01cf5e230e5cd7071d9888468897afa2810d0fab51227b5ea6d
terminal_1767	73ed8686c9771bbb50f0dad93d2099764ae5b7a6039f2bc4e55c96e66a1ffcaf
terminal_1768	46c380d50c94365a09fb1ba679347e8f1bd8278babbf8e60b7885ab218d03805
terminal_1769	7eb7ea71841e79a2b78fde4e15797215af0b78f1848209cd18f50645e193be33
terminal_177	93f67706ce0b85fdee02574dad2803d6f2821f903f82a72348a0afa8f40657d7
terminal_1770	8225d52f3b3528c020e757e482b8aaea0cf1cbd13e7d496c26981795ad7dbe6b
terminal_1771	c6bf55f15cd42e7fde2f1ebd8784f1baf842321fd13d146cb790aa8d4a6e04b4
terminal_1772	333f1f512aba0a8f0bcefe3e02c15d9a070cf5c8cbdd0b5153c520210a08f59d
terminal_1773	6180ad47d8f5570f4e579e4ec3015a02e93067f203a0bd5232f88d9e8f78467b
terminal_1775	baacf19cec1e92b5257b2b2a0e83d065a5da4667d0081af52974acb3bddfb904
terminal_1776	031b8d8e24d149187fb91310ed17cd69c4bb5534cb754bc7e4a22f12d2fe23eb
terminal_1777	c3719742040e328f403a63d4a642f0bded8b119db3814006de7b392bfed4391a
terminal_1778	4c495fe76118802669e8a20389b4a2aa1d95fac1f4ad17266cd1f60c4acb69df
terminal_1779	1aee7f2a81b311dc8af8ca5a1e9812561d523442cdfaaeb4411b5d40a87af07c
terminal_178	b562a66b02dedaa5335a79e8d4f0f8a96c50bffb9ff5aabc8406b6782694b663
terminal_1780	5b3c3331f345414a6bd4fc85d04146e73591a5f151695083a4595aaba641ce23
terminal_1781	80f2e0ac61c37aab4d493eaaf238827072de35a559905328d503512cc51ed684
terminal_1782	7860bc916ba6eeacb446908209f2eacf301ad9e3965f5a5185a8d9344180a600
terminal_1783	6f29864eaafc8e0c34f4a58771455f57edfc72b0f1c6f8dc2eb0892ce6933439
terminal_1784	0efdc8f973e2e8c6bb30a1039f2bdf961a2b17d0dc7a63c1773b03fb8ad58abf
terminal_1785	3b054b9b6302067c7e2408b54ffcb6d65badcc8f8715a32a1b4d5fecb223626f
terminal_1786	b6a08b031c39fde55315f7074d26f9a8feaec59ab0251921050c28f00a278f4a
terminal_1787	a7063d62b8acb1db70ddbcb6642e4a0ea99abbcf37a48acd0391ff8d3fbdc00e
terminal_1788	9a7343976783ddcbf201a48b309787077258c4464d44f33d437f953609279cbd
terminal_1789	887007eafa791f90625be8c861f65dd5e500791e0a3d8a4ada78e06ae225f8d0
terminal_179	c4d9f94ff4810b1346b6d84c44135f790bca51f6a24fb0229913e1e9b92ec0f3
terminal_1790	f8bb3e61ed1b6ae35e9f4e0c9796ddff7bf75844ab0b6c701bd315eac7a7a73e
terminal_1791	e0638f5a2b58bea84ffdfb7247b12ad0ae240c95e6c29cfbf55a50d007ffd54f
terminal_1792	0b56264d85a620365b378b142b3e8e100da53d45555495c9197e19fc1d6b387d
terminal_1793	44f8ac41c5ee382242e6a7bf0213a22f6f60c67bacca8f7f2cc4f0829dbe069b
terminal_1794	8bf1ecdb788f0b3fe95ba0afc3ea67c9d6c09c95e96e635b74c3dffbd2c965e9
terminal_1795	1c68a1783428a698e0277475fcb0d3eb8532606722fe5f0d9878cfaf3a0a3be2
terminal_1796	a4cc67742e7fa389d740e9d5371b9e77b1a583c175e2ef6ef0aa7d1764c0134d
terminal_1797	3930b698f69399254dda9deb90d0581efb8a8b6f225f21a39cad3dff92dce7e3
terminal_1798	3583518cdc632244d4ed70520fbb6d4c137a820a853e86b7e29d2d4f370dd514
terminal_1799	1057acb060ea5e56dd02dc91e16ac318000a4365ac390f066d4161c2d6c036bd
terminal_18	368b9b0b1f354f794c89f158f8357fe7977b3dd96d60faf1f12fda2690e96063
terminal_180	0e58aa39282feb25c97bdbabe3d126812719fdd3eea17bcbaf309dc1794fa7ab
terminal_1800	52490751ff728aa2ddaf5d31ba323c60614c55bf5630f5da34d9a2870a5f3c10
terminal_1801	484efc7418024fa60f40ad0f9bc90a13792618c8a649899624cd5ac5ccb152b1
terminal_1802	1912b0eeb1d80482c6af1014c50f6688534ffcd8ab6c170fe8efd59c2b1bba07
terminal_1803	4168cb406289ec2bab6912372bb8c43c79fa549e59488342dc7b9b599b340f55
terminal_1804	87feb50fdd11b010800262feec01afa88cabb58354024f975c1e8ad2e9137a57
terminal_1805	cd7b1921f1136d94869ed75e5356e3cc49bbfcac3df4c3e4da0c8d7686306ff4
terminal_1806	4cfdb315110128647492caec0de0e9f96f2d98a218d47112dd473a5e7d2c7651
terminal_1807	db7bee55a95176dfaa7e36d94fc3aad03d4e4e04f5005e119f7c8ca51e2d371e
terminal_1808	4676eeeee9579966f33ffa6ae8e4af0c96009eb42ab5452104849af56d3798a6
terminal_1809	9d63f773934f1632bb87381f8295120fb9382d983f8b63e104cc4c60dacdcd6e
terminal_181	7c09791bddf7b54b7ae9f2ad1d47023a4de1a63453b2522d65b8e82abeaa2fc7
terminal_1810	e4b3e3796b234c9cec1641e24a69a020ee86c62483b89459ca5a5fd4c9c79159
terminal_1811	803d5b937c3150e406091d4e0655a405660de91087e55df7bccdfc379e2e3ff6
terminal_1812	65210aec4e9f4a5b941055ed93f4ebc7bac9e1ed15fb929f91c857918cd70812
terminal_1813	1989dc577800b64a2b8a5c4259aa76e1100479369b7a0fb581f475d33bff2bae
terminal_1814	64789cc94881d38a67d1f52040efee4a65eaea45933b384be1ede2e5aa948f27
terminal_1815	041bfa1e18143fd559e04225a0add759dd08dc366e080cecc1c41d87d3924719
terminal_1816	71eca8213bf645c308000b361609233670f7e0a16f849e05f3ae65e6f138e807
terminal_1817	5981485a6dd663f773232507fb51797869cecf960ffe916fe099bb97f30058ef
terminal_1818	bc16bd77f74dcd81f5e39f6e5ecd303b7e3b61b83eb24b09679c5145a5bff2ff
terminal_1819	073b674828161de8f08306e1439b16965771affb63161913c88d3f00111953a9
terminal_182	11f9a48e3c6fdfa94b2f6e221cd8127169f15a998b3ef197d0e9b3138ad70265
terminal_1820	925f4877a689446d6fff6cd2e9bcfde3534cc7125ddc17eda03843a0f6be1414
terminal_1821	59bc009ebb785a797f0d785a4ae6e21284457c58a2fe34e76245a1b124422b3b
terminal_1822	6f28c987f5320a67240fc241abdfd06861e601bf3656e4b4b62c2764f359270d
terminal_1823	eaf4d1153d8c4ac4dce7df7e769823f78790559d349417e15175c15533550e25
terminal_1824	8f89c0aec43f01c258f4664063d05c9efa8881cc816deed27b3e7e61b0e8d563
terminal_1825	b0ae5ee63c4411a52aad6d8e84591dc2771f3c9ee044b563937796240540d3ce
terminal_1826	575fe542e8b20348761ef2276ff031dfecea5aed079e75817a12aab61262eea7
terminal_1827	2c077c33514d58f240edb47be90646dfb258589cec2e6e61e5191e337a84832f
terminal_1828	edb83221fd61776a1b86367f2d849d7208f5aeecc3583188647e12324cb43690
terminal_1829	d73dcfb06f78ebf83fc8c145f8a09ce9905085bc25c8bbe1fdff4a3d02ad6b5e
terminal_183	1ca1434c3a4406ceb11651e85039b5a29b1ce55af0e419544a12164768e949d0
terminal_1830	6b0ea99ed334a8e80a26833af01e2e31e618425b2dc4bb0de5414ce64677b609
terminal_1831	d69dd16f9c36a645d79900439c4ab7b8db2aaa958fc4503fe5b003f974f8491b
terminal_1832	3162ab9b9d78b6f8165ef9fb53902a44b53a85b3c88868d82a36b1f8390cec97
terminal_1833	0f913365f1550dabd4d8325c6cdbb4a0e82ecfa12be68bb494825bd5140dd069
terminal_1834	062ec38768993feac19375724f76195094f3de18a59c1ba406fefe64c1ff2faf
terminal_1835	6fe4eca66a7d4128fd6009af996115fe309cf0b3b922b00e59d12754b483e48b
terminal_1836	656b8168c3ca33764f907fc64e5e8547a7ea618b79f684c4bf8266e3cabb3d3a
terminal_1837	5d93dedc839c808723202486696c51b974a50e6a0fccdfa2935ef0778d70b3dc
terminal_1838	8c4a35aa38fbda65d9e7ca13481ed8df4ff5091f73adb0d7f83bc74848048e8f
terminal_1839	d3309592b967cd5d430c0ef8a9ed273020e23a9d3686b8d49bcf02e355fc3fe9
terminal_184	0fcf366e47f7c60fa478556632fd0dde5630d80b16deab2b950bf47cfceabe67
terminal_1840	9f9e750c7ff9e7c3c1cc9eba05a1839e3bc123b011b6ef74091694285fbf57a9
terminal_1841	cfd09b50efe34cd51b0f7fc2d423a9956a4fdf0841ae9e6747d1331d78abb8fa
terminal_1842	5cda7f690b93b82b9e2fb5adb9db60e16d448c52f6dab33521af6fba213e3de5
terminal_1843	29d7478cb7f02fb79502156746ace3461d34b4070833dfdfba2b6280b2208869
terminal_1844	15bd3bd986f44dbb951fe7a97ace2c88ba09b3c8447bfe651d671455e65a7e6e
terminal_1845	5ea6ca0e67ca3da295e9f833f58d6a8ce5346db881e93c0ff7a0f466f7a1e373
terminal_1846	993b9ee40e99eb660d121f2dcd3dde36e1fd95abc4bdac5586bd18b933e6100b
terminal_1847	13a64716400ece564a8f8d3a4d46e16324305597d464ace8ce5d99005da67ac6
terminal_1848	a63cd175196c0d78b394128d075db4cd5b64952e0b40a5682c364ee7e98425f8
terminal_1849	b8a731841abde26495972472fe034cf7221d66dca89015e15471288bf035701c
terminal_185	1fd0f84c1899f200451a4c85abb0faa73d09134720db15bf3d5c116f3cdfb916
terminal_1850	6ce936a91d4cc6a33e92f70defc9eb3253f9ccd5a547a2d00c5460d7cd4eed15
terminal_1851	057e6705e3e7974a483b033027c2feb478b2dc488afba2392758772c507fb22c
terminal_1852	97d4778b7f40a843ee55697c9f66dd3ece36148fed370da2e1a9bcda2ad85d33
terminal_1853	8d6838db429e90eb65e921b55e96f42e07962404ec2116d786127e5e779bfec4
terminal_1854	3cd500ddb58da0ac08295c68d0f1efb145f4931bf71161420051d69d16b9be74
terminal_1855	b9e2781a840747b71f993a89b7b7bb79563a06306119d22de6ad6ea09aa02bf4
terminal_1856	2bed31099d94ad0b0c7a135e1ecbd445330fb936dff0e931b4f614c75256139e
terminal_1857	e5fb0de226355669f2ff9e6984ebbcb04a90b48d64b33095f19511392cb938b0
terminal_1858	2eb13919404b8649656e36902c73d40caf193569dd3c22e9fdeb867909a8b368
terminal_1859	b79ce6ee84ba1864f9d810da83de68cba2d49a706fc07c9f4559ddf7b82c9fa9
terminal_186	5555516f6361c87dc7ebb4b80e8d3a3aa7c459be2264166fb5fccb8824567ebd
terminal_1860	cf6ec0802cf1d73d1246942ca7c6d2f2c03b03e693494912f33183045a653d69
terminal_1861	d21913d2a8dddb032c8c15eb43c4d947c5bc4984bda7cd88244db3afba73ae5f
terminal_1862	5aa3bbd0ddfd1f70ca650666d5038f5264d40cfb9c9b6518fca7ee8e8ef5e0e2
terminal_1863	86eb7797501c821803d56488af3debfdbebe70d978dd868f722f0cd47d598edb
terminal_1864	4260c9383d311c9f84182f010a7e97fd3082fa794a0f6c01a10e904374d36235
terminal_1865	bb935a85181e807e6d8b04919d44e227daea38041ee96bdaebd6c86e5dc533e4
terminal_1866	4302fa5c69dbbc3cb882a787f995b765a5bff46066bf902f4bd913bf003852d4
terminal_1867	ac04f558d3f49941c91407d06677aa3c8a8d85729ce547e6676102dee69c7983
terminal_1868	7c7ecaf350c8f9d144d159bf6c375377063068ec39644945196989cf49ec1bb1
terminal_1869	4aac3a1c8c251654e5c4ee62883d0e34046a9138c9b54efc6db4bd0d163b7aa5
terminal_187	87018a1178d58298c51fc02361c260c23a90eb198b73619e4f5f4ed5b3169b32
terminal_1870	622867177a00cc7efbcdc97ef729f724bbe43fd99ef4e9c04757b0fa40ce8af9
terminal_1871	2cbfdb9026ac5766d355fe82a0ad9315eebde6860670bf171842cea5e9e9bf5e
terminal_1872	34dae07fdd22c0f55a53667e05ce56c633ef28acf8074aff30dcb81130915762
terminal_1873	7c530a731dfa8264324e7452387181be06acd8d28394c51506ddfd183118330f
terminal_1874	d2096874c690fa871eefeb4b2ca18a08d028e9a37c2464860d692d055c50157e
terminal_1875	b0c3726cf23ff7e96bc7ff4b8c3f0efb732611988984dd45690feb6a4ea30df5
terminal_1876	daafb07e57c4a2c8ff30ee16d32f6f05187c03287648f3c7e6027d729cef0ef8
terminal_1877	8b77c5c22e5b463a32679285a978ca6e1dd8a4e7fac0b4b2ee0729c3f68a519f
terminal_1878	7de3ac23098b6ba91f4bdd75386dfca99dedacded2dce1f9d9b3f7b34911a2ae
terminal_1879	5382db44d30120100045d7551e6ecba7944c92f024089d28b1a4dc1c2d41bdc2
terminal_188	1d6b3d1d01419854ffdf3458392ce9404238d783441dc763b3ac3e8f286d3a6b
terminal_1880	b04178144ea8714e142f978ae3e70fb0c63f4fb5cb57a0e3ccc2d52202c42845
terminal_1881	83788ff3282df6348a1c7c58c3226d09bc1b5a8ee5a9ac12e08d43e370df096d
terminal_1882	0f11336148c60ba1aa5db634a890f4a652ebc910c615457272e7593108e79442
terminal_1883	a3e153bf8b7c8c84b3e5cb102209b69a268969b8ab908692fb747709f533fb68
terminal_1884	05851c532c6ad611209999e23663777ac941c8c8e4669bc7c71e36e927e2eb30
terminal_1885	3fc684d5e9a3a7345bb6fd82e153f4c1c228b88a4197e4f13350c8df239236eb
terminal_1886	bfbaeb9291a1b091b5b2c42fe21123f36d00644d19ff88a0a137acf8d4255e30
terminal_1887	9a378449a45fabb039c0a3327d14e6f4f46ca49e5c2629282374433544061ebc
terminal_1888	7e52353ee807f387fabbabb9fc60f2a741daa04a1c63d70185f72107523b13b4
terminal_1889	e34b9fc95877c35fd7c8b866e5547dc675872ea993176fec3b5420e2a594c8c2
terminal_189	d02aa05d778ccc69cbe5f0bb341d531dbd8eb56b08bb98cb8279365c971fa804
terminal_1890	10da038e889fb4b66b667cacdbfd915512f1d9563e1fd39718151b18a749b3d6
terminal_1891	7c915cb3fb046def851612908ebe0fb4a2adb6049b71c1e705df569b277fe313
terminal_1892	4091fc9d4dc246546b3c6423966df7dcf5d7e33cd88e1d49c725a8cfaf0ef6fa
terminal_1893	59f1751b3f380c082fc7d96dd2569565866fc749ff56d493ad9eeea24ebab7f3
terminal_1894	bfc68890c9a08eaf33a4c31fcc2aa9539c999d5f15c9736e853879cbfc3eadb7
terminal_1895	cde03850afa95bae3ed6bc88401505f6c19fce16739453ee939772c067732d9c
terminal_1896	def239f283dd93ae8cde3fc8ca6376ba303e4dc613c1677b48e006af6a3bcb78
terminal_1897	618413c3f816d9bf08b76ad3a701145563e05c46c3a71770011648f76e2d55bc
terminal_1898	4bfafb8867821a944e2ebeebc8b79b7728adcd8abcf5363c807535e82672ceb9
terminal_1899	89e1ce397a4fbb00c67903cb357f2f03d2ed64a922ab652161b642532096470e
terminal_19	2bd92deae034a916ce5125aaea9dd7bd4ff5cb25f396cd748906cf4e1d178fe5
terminal_190	e210d5434434e51f377e7b72d4eb25b44e9ca6b9ab32a9df10fe44c9b1671829
terminal_1900	1f4f146d913a10d6d6ac0de5abd0bafb5c034c73849daa174a5ebc9369eb511e
terminal_1901	a28b53186a44ddd4df056619b3546e46dcfe06e8d4288ad87898f2f6a374f240
terminal_1902	3f15e13823054681e1738738000a357b04095eb9d1baeb3cd3353c6c36296281
terminal_1903	4b78c5205185f2dbc023e52a1566164ee5600998d3c81169b9a0d337c7ab31c7
terminal_1904	3229bd3c6dd8d0a89a50ce133387f85ca4c57647d17f83e9166da58f8a0926b9
terminal_1905	ac1bf7858629cb8bf4cff7346819c4afe87b00587e02c63ab198865f4d1f6b7c
terminal_1906	6bca032d9eb31daca36ab9cb82f632026604384314206bc4b40fb95bfa49413f
terminal_1907	f31ad83022b1ea86112195c78ba7f8130c75509d32d59e34b2e397fb142fe779
terminal_1908	d5b486420e62afdbeb6e974274f8888a305544b5d3e89877e7e73820e19eec21
terminal_1909	44a0d6fbd64ef0eb4d4a9434cc75080e89aaa76e20ce37633d73cad41c169e4a
terminal_191	39afacaf5c2ad7c00bc10a97dcffc327b5374908d72af7b1d782ddf5eb2434f2
terminal_1910	3db3d341b38cc87e8899648d60d1cdd0e7ab590ed59727bf03686655af1dab81
terminal_1911	eb5e27b5e90679210a85a20c356537a7f100741672c3d36d057d36920613a131
terminal_1912	63bc4fd312817e75a4b80a2964c0e3b0039c9646e3d6f385d71a8b97b82080b6
terminal_1913	e101a49cc3077ea471a633c5b6ca152d804b3809cc4c6ce1f9fa57c841ff1996
terminal_1914	a928b9d4a0e47eb310bebc6b6f3262ba22a520e66d62bf88e9948f3c15439b64
terminal_1915	f3d4449390cd29ce79b3f01bd6b39a8f0277beb97cb059c6af6f88c99e1770db
terminal_1916	7d3b18552aa60339ff999466e9a5e6f7beec6785971d52d8a398d37dac84f8b6
terminal_1917	88333e8d7cdada878a349363a5aadff7186388fc512d9b81feef7b3820521f26
terminal_1918	3cda4106f8ced66749daed95a576c87e93131974e545a05be8be622375f2c229
terminal_1919	59a022d7d5c9b41ab9c8e384d1f759d1dbbc2f49c4b309efffaf49d1c78d2638
terminal_192	048c09c5e6dc38e41aa20c84fe572ea72ed58a83a0c8920b2bc86356174403b5
terminal_1920	133cc347b428047e92fe77f933db5e679aa24e4f23ab2ca5580529921f55b56f
terminal_1921	2ee0bf0556a4c5dc21cc3c9e2907b14f2130b9978387aa862bdb6ee9fe0fe938
terminal_1922	5a63bc6a0399c1dd3f3d66a49eead83bc6ad3c01962ee22aee5277ffb261182c
terminal_1923	2e65d8e600606b96ef9bef68e059457babfc7931c9e4bd763fbe2d6de1ca1110
terminal_1924	c9a880f2e6c11648d7145b9ec9799a6e667736c9eb6c346fc32155f6552efa5d
terminal_1925	74d30fb2b186270682f41c943e9fec0f254c57c8c970075da49beef9272d0bbb
terminal_1926	568b44c264296a72b600e27bcdafd053e0ccfa4f171d9250b24442307fae8cc2
terminal_1927	7d6faa43d54cebd2fc834298b87acf5d637434f7982f9be90edba94cbb0c4150
terminal_1928	c51a0e09a8b84f8239a940f07ea31140cab4b09532e11c1547e7943150a3b3e3
terminal_193	564c393f7c23f5ac2dbe2f520a52ec38b51b28cbeb7e56a0ee4370023c007813
terminal_194	a4cb06a5849ea864f84d4186bd711a4ae6e2ff3e86e1f8d89d84b42422b5fb52
terminal_195	fb167345302f82f2beb00d774b6e6d59905f0f2a66c68b2afd3625b99b019d28
terminal_196	2abc5b779aa058b951b9559652c15a71eccbd4cb259fbb1d131c77ca79a25cdc
terminal_197	cde2cb268b4f9e99fef4a5e3df3e818fe43c521e73668ae3b26ba4e675380f70
terminal_198	6881440caf4b7b6c8afdf6c323d83c86b8f8f39003f113b85f7cc0365ef9a470
terminal_199	af172c75e1400dd9da43fff85e4e41efe3ce1664968652756beb65276ad3a014
terminal_2	48783ee351a1c712cc2918e91ffd17a855cdb6c0f5dc7073ee0c442530066846
terminal_20	b0d7aef38710fd5c1ff8449909d25ef07d587ddcdfeaed858074ec28b7cb47cb
terminal_200	8a7bdc11e83fa5b719c2ad530abc3fd36989274227dda1f6f8514dc308806b3f
terminal_201	e02639a8e60fea4736d56bf195a2f1efb204374d6c38a51947618f830328d523
terminal_202	160d1ae0243adff85fadbc67cbb46f1953705ff867e73c92fa2770ce48bfab4d
terminal_203	cb64ef370de79d29d982aeb411c4867a818120fa276089f8863d30e8f4e4986a
terminal_204	878d4dc68ba9aa24c3573ac9b8f251278f1bb2bf0eed43ac2f258b492cf29951
terminal_205	f7650defbc58fe2cad815fb04d6244a4b457e8fd9be61346251001424fe98e03
terminal_206	6f2da6083fdfaffb26df7e21b2bef9f8ec972719e958f0acd47f688ca37c528b
terminal_207	b177753582b3a277ad95293725b289457ddf6ea81ca77ee2bab1640444bb69d3
terminal_208	0bb9a2ae8bc7bcf0876452d82425c04495dd0bde5afe095febe3091f4e773c49
terminal_209	09812787a5a447649eb4ef1f2fc63ef32cbfd930cf5aa83bea2599e0cb1128b8
terminal_21	d57e7cd9e4311c35257a2ad5b5935c44e7f16b67c8adbdb9625edd85d2dc9ffc
terminal_210	fb4460ccb3b7987669fa38b14b8aef7bf7994178e88085936036de8b38f78fd8
terminal_211	8d86e66dc8954208e073cc32129da147c25c496b80de2ff9dcd7aba7c9f3453f
terminal_212	c62a23ede1ae2f4729c0b9a4f22a5a32fd4d22d7430e08f46dd746248c80e021
terminal_213	ebe5c255324b55561c9df018c20b87686d8c9bb69c918d792d4fdcdeadcc2e8a
terminal_214	b58db01bc1f5622afe955beabe9813b3922e9c22181194abc903b060aabba566
terminal_215	a85dffed451c329a8181442035bde6f88b9f6f7d9c9bc32dfd677397a1851764
terminal_216	810a1bd4ba566a64a6eff981f7f4ada2378e22961a3f776acebd086960bc07ba
terminal_217	b279185bc9f6cde820ca2a3c3ff3cde54d78c17a5e24f50f00b20dc743ba6370
terminal_218	68a83d0e662678b352301129846b78cc9c5540a55727876d71d4b97d02f7a8ea
terminal_219	5290d5ca5b432f7cda82bccdc782dfeaeb24a90f05cdf98f621129a1136cbea8
terminal_22	6fa2ed28bf93c7fa2a772fb7af728dd6e400936027250aa7ba9edc24bdc22f32
terminal_220	680a59956e5b53e9de9cc99a5c1c936475c1021232f9d95025c5ceb934eef348
terminal_221	c3d317c061f4da4ff611abf37ce7ea0741dfb9569ee5c91027f55a035092ecd4
terminal_222	8313ce948e93a3791fbd9f714a51b01acc639ca5964a5ecd5a2d43c19b90c95d
terminal_223	4c0065921d55ca9ef88aa611deb815c3a4f95ecb89352c9418c53f41506b048a
terminal_224	4f8a90c1af25e972917a006380ff69e303f677e982ae317bfa72428f0ef7b41a
terminal_225	cb85feaae123942c51ec2007a49eff0c9cfb64056c12e2b5acba227752f7970a
terminal_226	414135d74abe3c202fb5bc369f503abfe4fe4e67f2cb24656c432ca16df3d2d7
terminal_227	09858da7bd33744e83190928ace628f4e6f319f69ddffd84c0521033035ed158
terminal_228	8fb5dd3e93280c27812dcd1ce915cf79fab4df3070f045e8fd81fd250e52239a
terminal_229	f3ec624e709af3c2ed80d797b62ec922faecc019736f6288b3c2ca79db0cfb38
terminal_23	6c3e02c04589e00d1fee8709ad2127c51d632e9ae6e5c33f7675dd8562b563e7
terminal_230	155e371c5f0030a750116241cbf232b688dd26b0aeb6c6d016bcc9d4df23a0dd
terminal_231	bf2981af7e52cf650a8af6d9ea918010c49a889002a503d9958abcbfdf0c7cb3
terminal_232	8fb529524fa14a1542cd955c819821de3d661f283aa77a5d72cd5ea57ee1e800
terminal_233	a9ce9686da16ec6be933afff74ef1f30eeaf9edfb4535161afcbf5ed8fd36387
terminal_234	c58cdd0625ac274f375d9feb2233eb073ceb4ca77b381761e8d88e5a13229b16
terminal_235	54fcc1302a9cb4ad58b57f9402261b2ec52fa9ff6203fb2b4173b685626fe5db
terminal_236	534e2a97fef1b49cfd46b64dd52937e7b3aec88aac886206c37113a23f3383e9
terminal_237	3defe3daeeaa9e6ef9bbddb59b28361ef55c6945b83fad1f3dd607c462777141
terminal_238	6c192b341f3781ececeb8116edab48e88e454bdb4a818d75a0c7dce3ba0f0a28
terminal_239	e1236bb5d93e62c444e5cff13de4a4117a63f0b87877707c8d50b05536ae11b7
terminal_24	11c7c2e3f514d42a675567f92aeb213c1ab7869ccd28a06315b083dc37ff12dd
terminal_240	0779a8bb751dc18677e00107fa5ee5281f65cc7bed717738a18fa631d753a80d
terminal_241	f6edac015402f6472f0b304cfba73bba229d430aa591f6044b95ca7d10373044
terminal_242	3558109b545b827d0f83ec7e31b2af25fe694c125b1e64e1dd8d232bb68fb655
terminal_243	27bb6955bd446bb0f3c8db77335aeef363f43b8922291d0b4f9870491e22dc74
terminal_244	09ab34b9f4bd7381eba23733ec94742eb9adaa7533b485b1c16c00b3342f8783
terminal_245	7a0492ba25a7bdfcfee00b635e5d5bfe8125ec3f308df451ef05b742e549c4eb
terminal_246	2c92b723fb62fa7194e769ac03880ec60ffbb61ff06f9fd44534876d91f9cfee
terminal_247	f92a20877dfd303ed855ca011e3f765637e088bbc1778042f13d06f04006ec11
terminal_248	406a94b5f24cf84918d64198bedab3f1f0fb1691f4a9aa78a2a26a26bc8eaf74
terminal_249	8ce1311965c68790c677ec5e87d30cf200bc2f23f322ac24e824520886800ae7
terminal_25	4f1641e617e18d9c5b909d0a12297efe306eb58107a426ee168282ed04f409e6
terminal_250	cb09923a68b762407726266520ab4f35cbaab8807cf60376b255771034918bf6
terminal_251	a17278edbcbc34f74d609572a0fc73175b01f85b3790f938dcf312955fc9bb19
terminal_252	928118dcdf19bfcfc4b8bd4e711ef3d6bfab1cf992862c9f8cefcc6ab68478e0
terminal_253	782513daf24e39409235b74329fe929a64d6a20d1bddc85952ab8daf66d67641
terminal_254	2b915d529de607f28ba0fdd229feee6c7ad470a6cddf4cd21ccbfdbec28d7a5a
terminal_255	a7cf28a37aaf4fe35b2da5137fcfd1d2bd60e0611d9e080cca3b2fb6ad44c19e
terminal_256	058c90bde9c9fc1a4f17de0ad5db3d707894c92168c9195b78f43395df283205
terminal_257	e7dbc60bc86ed3bfe29bbdfb47235d40418c14cef4782e90ec555858d2853a8e
terminal_258	358385a8c93d18a380b8174d9183699ac6a82ea8f5637fbbe944afa9109ef529
terminal_259	09a5a43f8e0c900913d8090528c5edd9954a8517dde273218b7b0ea59a9c9722
terminal_26	c00b7e515231664dcefcd2d39da92e6876c087a01ff65fdfb99a94a4d3e5e2b1
terminal_260	fa98d054fb274daebb102df7074e24fee2d8c8b5fd891dd32788da1d9a907e96
terminal_261	cdc692e5b03f2fa0f27782543cfd50b62d62bcf232f65800c06bf632a4370490
terminal_262	d854b4304bfffaed4a3b89b5e2f47075bc3039d93fc5ec7ef69407db15e09c6a
terminal_263	d91ab68d7e952b8d1a414dd281a1edc8434284426ce2f5438cfbb0eba9040123
terminal_264	ad5ffff5e6ca9fec4255d3912733ea2bcac8ac9978ba155a6f6fe9e98ee3a805
terminal_265	d792fb59d4ad7f226d33fe2c155dbce22c568bc56f40a872d49a6d79a7b48930
terminal_266	b7f799103c4bf481161a36ba71e27b634c66e3f5cf114079fb6b61b5628b3c11
terminal_267	c71a8752ca5dcb1410054e36d4f7ecc2c248f6d6ac83b7b98c16ff285dad8ef9
terminal_268	64d0d23b43f6354872237b9f81a08f0da1e58ebd2e91be09ae38573e235c99f6
terminal_269	ad1f5ed33a1b68a101c8382d2a061a119c2be9bf906b593eb529b447eed831a3
terminal_27	06e1d8726f85674512dfd4c8766db6b685942f2a7ca5b1450725046b1c2e9742
terminal_270	6ff36c36f5fa40d9e5cae5e579e23e16d98b233e526c21eaa6fc70353d233205
terminal_271	333cb3b008a60eeb5aa0b8d3fde054ae617c731fc8645f12ad461d74ce7a119e
terminal_272	5848e3e58a1f55f9ea14bdb75d7f5634efcbbc096cb067e7c823a6e92289d989
terminal_273	3640c6ec4e5680d1303b8ca07ec9ab881937fd3b17df2353d5052d7f9ee1449a
terminal_274	74f96f9924b683b22e38efecb24dfe6802abd11559d171436672b819fbd92319
terminal_275	5dc835b382c405ee1d6a13af6823c2ca509ea7cd3780f080a6acf1b8be98ed74
terminal_276	204f7393ad9206a1adeea5c97d3b2cff6f8d9a95c1fcf8447427f3d0cb8dbeb8
terminal_277	30563ed75af7db9205b0c0eab2499b2ad9120ac6fa7b43fba9b9afd30b571c67
terminal_278	317b1a52fa33e6f72483a12fb0b7c82da40ea11be9d1cf55cc6d90930a4d9218
terminal_279	b40c4545999b6407ed745e28a44be16b88e1bfad944965ab5153a086f5390ff8
terminal_28	cfa9f995f982628412920381dd0e34e19dc040b90ff93fd9734ec177acda36f1
terminal_280	1356eccf4a055f3f76be7dcf1d3d62ad8ad49c5114b84f68b5539c27bdaca8b6
terminal_281	e6af01d2be0de2ff7147f4600d0e43156246a8fb74aacaf8a0cd4bfb96d935e2
terminal_282	4229003fc244eb50854fd6c69294a81eae1045a2ffa27d4017e5ce819a14a103
terminal_283	90479673ed5d5e62088af200282ecadead3879d0d9b24e22b9b99d7ba84c3a21
terminal_284	63cdab6d60cac78558b789c135487cb61779ce664308d02aa8cd445291948d93
terminal_285	b8d2fe7c102bfaf5ece387583a21d470d3902186efcb5ac94ca9fcf6c120543c
terminal_286	026e48cd54a7080f1da4b06aff36639f7c5460eab5c94634eee8226ebaa21787
terminal_287	a256956ee055d90d6e1b4afbb6a7b97081e4a8af7c81a642ae08142f063fee38
terminal_288	b98bfcee3fc431e02e4528b351ecb11a660b007b72deb77006f8e0550184380e
terminal_289	59c2f865edff211ea55acc00d0da5a826e7d084e9b059c297111a7dccc270711
terminal_29	0fe2e0cb71b4e4a3e34d6f8c0d54b72f439a09062d00b8732f47bf8b7fdc6d03
terminal_290	45290480116ce28d95e272300f8d15b055ec11aeae5f41cfbe0d262b535d1841
terminal_291	6771775ec4a734fd67e4131108b872d82e0b1fccdd9e74e9631e782bf986bd0a
terminal_292	360089012750a3fc029e8767dfb8580265af06966d1bde83ff410d097ae95166
terminal_293	44467dde85c799d9c7f4f3e3f2ec5c2066054e10799a3909bd1be1283927a5cc
terminal_294	493d271f4230814c8b8c7c3896837ee0ac07a0d1b404758f4d8170330af6df41
terminal_295	a421f5659a83ba7fd56616fda043c10367d90a017ee27a9f130ddf1a3f6451f7
terminal_296	972e0133ae137e7613179e059a4d3e0de7d3217f42f96420c05f2c6f40ad1fe7
terminal_297	b29e5cc80fc29ea837ada3341b73959b2f2f94d31212949c2c0bc5c4c9492000
terminal_298	18c263a84308f1a485e547e2d5f492d3adbd7a486c06bf371e25935a5a9aebf5
terminal_299	017b776ae6b8ac1761db725b9f9fb132e1088c1e585eb88e0c0b9270bc4ebdbb
terminal_3	3d816b27560b4069b8e294e6141f7e35ef48c0297bbe8d674b827fe987babf39
terminal_30	952117dd815b8070df90e7eb94c6d86cc095c5e7e9befb0d8da0e2541876c653
terminal_300	47515ac4bd21d8998a72b21190583d3d23eb2d71dd675b20f9497a8c4ff855ad
terminal_301	3e1b12a606a00256140f8643ded95781f54b54e9abd2e9dee3c15666e0eb6c5e
terminal_302	adee0d873befa8489bb560f67e584f0f5a7f26c02cf27e98a435dfcb39ff568c
terminal_303	f4e7448e67b3a880f8b43d9108061348d32ef54f0e7ec5dbf6deeab6a8b09ed7
terminal_304	6d4387b1ea9abb2898c27837eb0d873b1b4b30a4f4762cf2792a5ce832b33c4f
terminal_305	43b2f88655973f968c37ed9a7793ec33072fc4c1a57adba82c0160c071b42c40
terminal_306	7150a2a787cf63b95554c0782e22400c375bbbd975104e40f7f29e4f92dae44a
terminal_307	9b61bacf8058acd2c6272c8d611e9cc045765f89ed2099771e74adff593f6b9c
terminal_308	49baa10c36d765a64fa424fe42d5f1375e7f050fdab0adcdc4028ddd8230bd38
terminal_309	da327f52ddb68f113c9a9da209dddf4aa25ae958dfb4b3a49961728a4ec1067b
terminal_31	9cf3ed446b7100c74e248ce4958d24631743b3f5be1f2feac960a5554d40ef17
terminal_310	15f3359d6f39cac41a28c22f7920bb9fa480d86d3814305d37087231be36c3e1
terminal_311	0b042c1a41207cbfeb669a3aa813e0de7793244093d7b33a50ac1793281ca2d8
terminal_312	a74109cc6887082eb5adb5948245800e5d9875a41156c59b4a9bd1d9e5bdc97c
terminal_313	053c379e7d34d2268ca34db36cc1f708fbadbd5ade09c13251d7517861457035
terminal_314	f4ef6bfef07ee490b88b36827cd61c3075487aad59d86fe76bc6b5662bafefe8
terminal_315	3ebab5cf47d227296ab4ea79c6ab8713382b81bb3e0d4c78e75589ee41a916f6
terminal_316	766387334ebb100f17ac95561f61798cc972ac4ec057354d120868d1727de5ce
terminal_317	4394f94a7d5aa2907f71f307626fb6aefa125e6a0956e848450a6a2ccb7244b7
terminal_318	c13bd79def9a3f78a40d2c762e4a2ff81b1139266937211d987b54d0c5e9de0c
terminal_319	b573162123057c0091b5f03a17121f45bc570d1668b40d4c2d5eb740c28da386
terminal_32	14507a5b96c5cfe383bfdd4e4a6d5a46ef8d21e387473e50f39c4db249b89b96
terminal_320	f73d4ebac31da6d93756663a77ade1b124b099634fb9c41f53c1964759ef61ab
terminal_321	21bad09d0c3b467c1d0c3c20b5b4be010a6a366e432a1da7f64051395e9ff111
terminal_322	6a8845a4f72a88ae7c69e0b8c9cb3fc8a2ba295948fcfaf785fb7242569ae22c
terminal_323	aad976380fd9f0fea33c42e9ba881f95bad22f83abea73fc9e664fc40bdced35
terminal_324	dbf843a0868d10d77ab35c8016735b83c266e4bab736f01204b682d9ae1c47f5
terminal_325	8fd9747f54b69bdfbbe3e00e21ad7547b4d9937d047c1f648874981ef3d13007
terminal_326	7c4f108e7d094ec77ca9286035e7bf6f9aa1aa500f2057c62a3c7a5da7dff3ee
terminal_327	32ab093ea3b4fd597faae27ddc41a2688407793aec2fad0e1a41526e6d6d3e5d
terminal_328	6fba9337806a46ab879b59563fb41bcf758f001e4af96e610abfb9b63fe7e387
terminal_329	8d6ac495ab6d4f21ad00b999378a4fba2eb00feec2f4f8d0376ecf525087f1b1
terminal_33	a29f758361ea222e67ea687377a6e5bbd74ec4560fa5fb611d91cff25000b6c1
terminal_330	69679cfed24357673883e24c001248bb73476539cfe389981209b0fffb0ebe18
terminal_331	67b798ca4493959d991fc83d8aa9291a0deefc4217242ec9fc7049d242f489dd
terminal_332	1d5083bb8b8c022ffa3d7b12094e967cec56450a2eb0cb299fdcf236d3db3295
terminal_333	18d1447608128a457498453e46ff47b02f9cd0e8e816d813b246e42f2229ab23
terminal_334	228a0487c100d9fe1a0a6f09ce9eeefcc8490cccbf717aadb3e7b27f5ff44caf
terminal_335	c1e24e7777b3c079aaeb15a9e354b1b66ddc697a45b9aa1cc14625515c909751
terminal_336	b0da94d52a9ace1fe66dc99010b2a6275560ae387dc3fbc60f1f21fed2dafb92
terminal_337	a220f875f10c09ed2c80ac63e7e880b7a6af3639b2746019bef386c3fc840498
terminal_338	eb400916b74a434b8300242c934fd572471eb6e490ead78501e4be5551e40daa
terminal_339	3ccb15b4e2105514da22802074cc9fe9912be9a794ca285741b39cc745a5a003
terminal_34	aaed0d793abc5855a67281736f92e6ccdc8415b32ac8068f36cd5fd26bf70706
terminal_340	ef6a1117bfeb423c94e446ecd59947889188c4af605bf4a1223ebfc3d08eb78c
terminal_341	1e01d340adbcb506fe2cf76dc118b02a4012c1091f33193da7e73cc4d7526333
terminal_342	ef37333a868e82ed52bd30b9484562d2f6036e9040ec853789ec075ec83a8a2e
terminal_343	2b8657d05c9b489196325cf5f91eceff912c1a42c14a92a1720cf5410b4d823d
terminal_344	e094f54414be4f6761f14f379c07fd357a327a9e802a1849ba88588e9780a945
terminal_345	30ab65b547aac99864e1fbe73305736846c359098feacab097101a1d2944c89b
terminal_346	594a870d6876cc4c16ccf721dca112537b21bfa4b7eca760a34fc1636a28669b
terminal_347	1e8d273a3ef4d3363a9faddcfadbfef7727c20dc777e1ce7122330661216c34d
terminal_348	078eb3ae0e36f8812fb7dee6510fc77d7872d4ecb7db7cf3880e5dd1e1998fe4
terminal_349	6a22e33c7759ead6a15a604b2b5b91dd0d47abffa92dd988427aa37d99253362
terminal_35	7ee7478fe7dec584c69984d5ec595b53338f62c680c2f36078557432938b6a19
terminal_350	9c442eff11c54234d6c7399a6061050a8b72306e7daf6ae12c12429d64a63fc7
terminal_351	c05b44ad79d0fa3f8c449182c7a675014a6599b8cebfba5fdc1874fa26add692
terminal_352	4836e48db1ddc298b7b67d6eb4b2e919cceabef59bb0aefd0cec25f3bd863f24
terminal_353	9f13f402e872c534bfcf3280946c4b6876343ceb0cc805684b10029e9f448294
terminal_354	dfa2ba53bdd3c82e59435f6aeecd091e42cea48fcea7c85d9b5040b6594d9051
terminal_355	8078b87432650db9c99280dd1d63f20288e3217a9995ea43c61bf8e2a1df177e
terminal_356	55f72f2d5b70a21965a6c662958f3ec233feb896f029f93c45a2cffd064373b7
terminal_357	83634002d286fa24c6d4d68ebbe872d87e93f89398f16b7bb0f009fb0df9ae99
terminal_358	2252f581383cbcc778c035ea662165145a96fef411f39781ff7f6e5a67eef21d
terminal_359	48167e5ad3f8a229740192f78806283e2375ac6dd2b863d606cdc9e4778470c5
terminal_36	e5a82a5cc83f5d3af3a4682cc97c249e1c51cdf69692b8cff23b738221378eea
terminal_360	9532e4a54325ef6990972203803428cffd6a7c1e99f550cd319fbecd467e38d4
terminal_361	a3f9deab1ecfb5a9441bd6da7ab2d004425102d1d8844b5661e97ac0bb3de7c8
terminal_362	c9d60983447d65cd63bdb5abb948fe16c7fa3757fa1e3ab08fbcd93ef36901e2
terminal_363	bfdac9a6553af7f15a3d75101349a56d08ef4bd5a6cbc2c800d303b0c71b49b2
terminal_364	ad871a759b65bbed5e76a653f070042228e2151c7cbc9385df5be33f19d10a7d
terminal_365	f421a96a963e33c3b4b37dbd0ab2c3b8e6f3b0f33ab9ad7dd47b70d841840aaf
terminal_366	a66584969f0764db672959a79a546f83f2e28c411fd9bb9af23531a16e2b79b1
terminal_367	ae438b39ab16bcca62abb766452d55110a86ce5b7570d1d7398c6b54ad8cc501
terminal_368	453d6a11d92f37b851aab0d4ee1b1a611306501daed2745cb6f199168bf0b60b
terminal_369	7e7854508fc85f189cebe42a5d45ae1e9e2c0ad9690f1a5ffe9e4a0c9fa35777
terminal_37	9e85a12458edc1c797e1d019fb32847d0a8f24f8b1c6ca94efac00549aa2c810
terminal_370	a63675778e152bbf0a9e6445e155f16786fdbdbd742e81a87337be7a287f20b4
terminal_371	56a085845d534f2321af9e113aa673d30e91d09467016864c720a7d7f1c33cb2
terminal_372	998df149b585417e48d638beac2a29bf5eecbcb52855268c1c4113e3e35c8fd6
terminal_373	590a878c8fc85144e0503e2624d93547074d6ccbacc19241da5b57dba25d196d
terminal_374	7703d13bf3988cbd4f295b3674ef2b223322f166e0a8502dbc9050ba5d96907d
terminal_375	58d7f8f85a3584839cf5670665e93d6c62ef7bbfc817fddfefa0e6b0f6e53caa
terminal_376	f43c5cf5d6c900ae82f9d456c25aaa76fba0f958fe0093cc378daf62752b6b3d
terminal_377	4a37df0d8e00660ba68ae2140a4f0117fa29265809e4bf44381a77a3ea21ab27
terminal_378	320a3bc801fbd50d1a53567c440d477f7a31bb1fd8ae0e3c65c1d88a790cf490
terminal_379	d27868e5d00e03ae0ed7c9ab38661d6d72986382909edabd79bcaecfe3bbe291
terminal_38	b5b6f5ef22fa4dd5dd8e0ceda4c6ce683ac9a36ffbb8bc5f80e559218f568951
terminal_380	94b8b7a966c9316546f9865eb3d387faa628713a37525ff53ed8634f4a3cc6a2
terminal_381	b32fc3dcf44edc2ef94fe79493b0e5f281dd4d8d6b61ade0429e5e0c0940a7f9
terminal_382	6c7d211754c2e789bd6d2931904d7271dad2503d0adbaebe2fcf12165b690d4d
terminal_383	5ffd193e1410f6850b7d118462180e812e9d282d30947ec186c7c9bf90f3ad70
terminal_384	8681d7a4de108bd2a05b6421d2a2eca7ca32c2bf614f9a28a98c1d86e88b27fe
terminal_385	1cc6a5de1ebd44d02a290e0d33d8a2a578971ac1fc7fe132ec8b2f5ba57a3c8d
terminal_386	29688cb8b264f8cbe32fe20aca0c92f171ee0eb4361a46ced921dc9d27869c7d
terminal_387	f3d568921a5fc249ecae1ff7731a275622bdd1726d14083802685d5996f1d1eb
terminal_388	c06aaf05040cdf492742f446ac6b0ad09bd61e694451808b9af1422fd690e13a
terminal_389	ebe67b8ec380ab981ec934449945e5c7a612e9ae498dae43c6b567e3308ac4fe
terminal_39	df0c252c74f0f31caa39c52cfa104c910804cce8a0ee81b2916c7b1773aceeda
terminal_390	5ee9bbf831ad290f2353b8e4c31b12e30599d833b012dc2e66a94d1203ba7368
terminal_391	f116f7b2616f01e906915941364a349f9c60de65a76391fd67c77d2497a9d7e2
terminal_392	9984cd76f98345545d24cfe3b603fbd9e3c154a476ffc1e314166e3bf1a48f94
terminal_393	9f69d72dc50cf220f1cb29c366454caf1464b8ba81b5ab993032e0938c0063b5
terminal_394	d4bec9d297d81e9885fbc73f841b78a7f35665c4aa31f7dc4d78a981ba5f5bbe
terminal_395	e941ce42265bfc1aceacf68461151ac66d8b47770a6f386a3b018fd4abeeb5bf
terminal_396	8627ef1a70e41a18d29fd7d307b8f125f9c6aa3cedc2e686d42b5824a762b727
terminal_397	05279611dff7eee39ce7bcec3715edf8d4519e4662cdb39d99865457d5d87889
terminal_398	65ac229fd1a521d30175e64d710e2e2e91233c5afb4c84faa086076946a9fb65
terminal_399	3b2a2a493edbd12c92457ba77b4c3911907b4296454afecd374967a42fe2d9e2
terminal_4	b000f7181486f186aa895408eba550270a1562d062c08f40e974c9b298937b28
terminal_40	071c354cbeffeaa3e768d008406b995a64e2f45dbe358d76c263a60ac3cdb816
terminal_400	9c3ec66a47ee8a9b84b96c9f725acdc9852898a1b09f7c1c8cf848eff2b4199f
terminal_401	09f4b8816a6f37da7c1eab4857c75c536a56ea10fbc48bc7a9d2e2999379a6f0
terminal_402	41d348a83ecf09cae47cf5489c625d5054f9a2f2bf5061037921bf7cd60ed36f
terminal_403	6170824d3e6494cc68f2b6bea1061ea8d7eb49ff8b71e415ae1c031c5abc641d
terminal_404	32457b0eea549915256a2d294b099e8cddaed0febd37f0e750c40f6bfa194fe3
terminal_405	c5622165e4cb89f78f19cfcd07fa9ea015e5dd28b297251b9ed493738b59bfeb
terminal_406	cab4ee6d50ff67499dec87a0973f3f349ed89310cb6777cca02c756271bf8234
terminal_407	ff90a073b2223c2f11d3c04576f792f3b7501c0a47c98d84fa8dd97251c968eb
terminal_408	60fe880150b08c6622fcfe54850f64d7d799f1efbc9829df7bac70acd0e8c13a
terminal_409	f80209dc20fbe784f8106744ab03d92d24e0abb84bd6fa5bbb3fe1f21e7b9e8c
terminal_41	b41769a20de075ebe4d21ab9b9cab77771b2653162557d1e6673f39bef0abf37
terminal_410	f1e759b356ef3fc5c7eb86cbab339aa63eecb75fac8c66ba3cfcedd39a87a05b
terminal_411	cf0475cfe6aecabc93b671437d7fe3de7cf50c3f23d728df3251890f84a1eb64
terminal_412	cf24369c8c076a5fca05fa1ff20a3974a79ab0b4a31997acf3b149c6a911f6e4
terminal_413	a671a66485ce6d09a6b0d0d5c2e5fefbae4e3afe9c9acc7670ea82405755149c
terminal_414	219860186034b990eef2a91c2eb14b5ec30a600ff96ae0d9fcfd9c2434aa5506
terminal_415	cb52de140d7c3204f2b081900498add4d4d0952bd5b3b3f20e1165a8951ba408
terminal_416	d3ef98d4288935f8284c533fbb05b4b7703e2439e9efc3d9eab0f0404afcda49
terminal_417	286bc4ed81812cf8a74a197b77cab6f561112bb9d4738cc27fc6476f2d30af42
terminal_418	f231a7bceea058f09cbd5c1b6874bedc49e3e7c26bc690048b80c7178acd343e
terminal_419	221e244bddd48f5364b03c1d017d0921a3d066f4ee2c2f57f45971ce0e0a64ca
terminal_42	e2e1f4662130a9e1cbd3e6e8a043c7b55eedcf4f4741e0d54bce2b28c0a921bc
terminal_420	6622b00a038a3add5f294af91657550c8111a35ecdbb690a2f2ea3bf48fc5117
terminal_421	63e6a7d4a95a7b33673431d07dcf7771be29e3ee8e2972ff1b4042c5a4b50ee4
terminal_422	365235d89527b65af53a1dae2eae01b47eb814abe03c27382f501efe50142652
terminal_423	90ad78bc92024b031af074bc2c87c67203237b8e203820bba6efd9925c80da2b
terminal_424	39378fabfd65b19a688caa7ecb152c49794b021f4d2ce9eb90d2285bab3a7d81
terminal_425	0d5b8cd11bcf6acc115cb4c482a64f57227876aed5c38c1294705cdb03cb5efe
terminal_426	c17bf60ae4206ef5aa100b55f6a262cbe242650560cd6dbc226088efef4fd48d
terminal_427	a6f587bce53f224a1e9ccde56ffa90272e23d5c8c4a0dac7d06cf247e78742c5
terminal_428	afc1ce585a6c2768ac9c08f76ca7657ccc56351c5497b85e805adcdba2a4c967
terminal_429	491a5286767e1a179b01d65f46a40da5c53c43e4286a4a89c3bca24de2422880
terminal_43	8c3e5c2c25d39e96c0d38cd50b36e152bb7b6d817c4ec401e6d051905d917a3a
terminal_430	6d022b209347a1902a5814fb5dc33983f7baa796fdf0fe41b78d626dd3180dd9
terminal_431	7dfcfe7d1d5d217ed77f157776722476f5069fc3eed6f69e71f81430ab449561
terminal_432	78058d0a5126a41ff54111bd6f493a7c8e2d38be79ae239bfb55c9b098500ee5
terminal_433	6ddd983e1003a132b92db0d7dc09dbedaa9ea35c0d2d16ea74679ff6af688ef6
terminal_434	cf2790b5bbf386976dfa89c22ebc8223ba235a133ac692e8a2cff45aad6c86b9
terminal_435	d3121cf189f3d94ce0ec882db1177972a6f858afc04642187af441c61228925d
terminal_436	c8a84b64a24c63b8d27365a31969fa1f514c5bdfcc50e5ac98604a70440bbacb
terminal_437	23744c76c1a6b34edf3c7f093522273d3578114bbf9f17ba626ae3982629fae6
terminal_438	7094cdc527338ec3ac8f8b3c11740a7d872df85f6dc9a9d0af6ba74e111f081e
terminal_439	6403ea0da01ec38a93694758bd15f8c694bc014c0d28e5eab5730f97eb05baee
terminal_44	cfd4849f51015030e5722cd6c34c3fece1a83b980375488f3bef48f6ed0f3434
terminal_440	a9359c5edfba7e706e44c5b638069b9925c35b5a2cb7598de571225b2145d8f1
terminal_441	f8299a1f8d05fae8e0092094ba3dc86bed89db26cb6d33c48dda6d529ab387ae
terminal_442	2155368e41c837f5510ea7808b2d89bb4392263d06be30cd850b3e6cb205f3ef
terminal_443	9f4e23d802a2308c33911230d9bad2c91d714401020fa58b5a6e4a0fc02ee78f
terminal_444	1b858ea26981b2323d5b228bf1b328236e914a54535b07ac7e439deac0aea79d
terminal_445	1c57a185a7321d8f463723e1aab1ee1ee8a96a0f6dde0788a2a71aa95eee86fe
terminal_446	69ddfcbedfd984339d99483258441762478b4ef336c8b736688a1ab2db67f328
terminal_447	463c1a407dc76cf77f77931c2e1a947c94a9afe584161dd16c636a70b4906d58
terminal_448	dc070a8f43157f12c8009c95c316689241e28ae34ba86e88f275673f32536502
terminal_449	cee2287e5c443db12df2e5e6fdaada81c730d1522740149543efe9131649a526
terminal_45	7713416c482d9f2967b93b46bb9104009b0ee10f300dd319017822ec1e56cf5a
terminal_450	0be20dba62549019100841f1e3ad560fdc7ae0c2b96281bbaf221f883a6effb4
terminal_451	19f7a3532c686a8a3a704199015feb32219042c73d136ffa93ad4e11d7f8e266
terminal_452	2f168d93660af219bde236520ce80a5725692151631648d77f0cb7f441543f6f
terminal_453	5d3317e1ccc996285f8e07d18ed6dc693c5ff822a616b410deba3e70d58d60d5
terminal_454	639a48e8e6ada612f8bf6c4ee5d3340fe101ad356fb287d7bafee050df814e61
terminal_455	b92643f71eb063736f1ab7491912e9d4aec1d62af6e589dad6d493017b7130b6
terminal_456	adb8412123e6259d74d693572700b75657cd9d496c0b1cfabe2e6754868230cf
terminal_457	c21caef9a830a9009f0b04360fd4535c075dc1ccf36f78fe587fd9bfa78aabfb
terminal_458	3bc8ffebb5c4f189cf1bcc8e9dfeaf0e484da23766b042ae780b4feb6c08489f
terminal_459	f383065694d583dd7efb807444046064861050eb6e2cc4e3e9943731d13700f4
terminal_46	bac6d9586d6a154fdd6a76c1f38b9621a6cacaf6d02f6ed4f43b2598085713b0
terminal_460	705da430d0eb82741841959e308bf892393f0c592c423faa0fcbd20fdf721290
terminal_462	e0ee2de6e843cb4fafdb5dd07fddbfd90a18f59369d64929e8a32edf786c49d7
terminal_463	d37b48dbd089f443f8e6c8197007dc37730ca8d37011ead3fc8f5511010cd597
terminal_464	d1bfa02cc7a54ef3e3347041477a3da5e4bb2f372356fe4d16a8c5bf99130088
terminal_465	c0e368132a4f3466b955b08e53e4ef4b197a0e9ac1a0973713145341b7a1f3f8
terminal_466	6a0b9fbdd4008e0369ca1371602c29dc6a945346e215d2a20494dda743e6433f
terminal_467	7dfbf7a7d8ea7ead2ade42b192f230c713764cbc3d891a72d7a8ed94a7f0614c
terminal_468	ad1f37a9c4dc550b17c103199e5c2aff48485a73abbc9154ac483dcbef645cb9
terminal_469	cf8d38c4641202d33f56670ef9e8d872da853ba11223bb41a36bbd325f9c82b2
terminal_47	c58650564b230a317d762177a78281fe1442470a1e71a9462216f4d76497d104
terminal_470	8fa76b34052466dd53a856d957fad3d92a2b5178dd2e5fe2bea1e603a9279a2f
terminal_471	5e1ca177beda5af37155ccb05e4ea6a734bc7de5946d5444f8b0370b106f974d
terminal_472	a15ff10cf942da3e10f32f348b9c973fff8579d78f209441f287a5e24367f700
terminal_473	51da0cc4b748e26a2b3bb5049fe105f2d21eda6084030c5d81944bdfd140ce7f
terminal_474	68df8fd0d9f58d5be86a899a3a50550b6ebca17f1e9c015d724fcec7c2a2cafd
terminal_475	f58cc184a1c59d3ad7268ee4c81e767a3d0b00c1ec35cca8fab6ed84b8e735e9
terminal_476	2d448c60fbfeb2dac3ec36f6eea1b0f2cf4445ad2cf64c314062d705ec960652
terminal_477	30e0d4e5b14bba7e935c77ca7e1570eac9245a995d12e5b23b0e76b8443ffcff
terminal_478	c37b3e98a40abf1ea1d055edcdd85b4dbbafe2bd7afa988c57cc9935f93ea8b8
terminal_479	1f59b2c56dc37c9f20f0ca0d1e6c158841319b7054946b471bde2d410661a519
terminal_48	dfdbae9596ae43f3abe5be75d63fa5bf9c941cf1452ba993118a465b0e840e9b
terminal_480	63fb9988820e3220aca83a4531a024d18425b0a615db9d2830e0beec6a670beb
terminal_481	933893d08e9ad8ef480afb55d1194b4a8645853b7a133f3a35aeeae5b377489d
terminal_482	b8305d083479a6ee5684d31e23ded8fa59c682e94d54580aec418d9be508c0ff
terminal_483	5b196723d45b1c6b3756fb9bcad78273fba9b7d1d3b0db85a1d268aec5fa8571
terminal_484	0e391d7616f2fb4e737cdd12d0bcca9864bff0fd5b9f28350a4b0298ba6d153d
terminal_485	d931a26d7c6e5abbcbf4e72fc50737314edd6aeadfc52ea53e9fd7970ce47c91
terminal_486	b109dcf2863a7e5efeffffaac99f4344e95c12f853f7ff9d73385658ad8ab3ef
terminal_487	0c5bb48c7d5e498f377d9a5ba040afc5e4b6f20e2745d4ee4f7eb95ba991e319
terminal_488	51f3ad7ec45ad6cb57cb4b3eaf0f5b2b505b4d345c7c071ba5ab4b091898b519
terminal_489	20b8743849ba762c0579a8f31f6893e21ffe9d4e936197970a087fa00ff0646e
terminal_49	9ded8053de0e76fabf3dc71ea451d90cad622fdb80769b2991e9bc991850f71a
terminal_490	00886cd716618cb269c3087af962b5f5c44284e115241f35dcfc90ede8ab71ca
terminal_491	6a94bb536a01ca20e86253b10e3e346f0e6cd98bdddcaa4de545dc5896a014ba
terminal_492	24353bad67adda4fef584c3123c9a55d403652dfc610ee4d2dffa42af3c8a77c
terminal_493	d07444a6968d9babc3d195fff977b41f9bec697dae70751030989eb911ddc934
terminal_494	a64639cef499617c58482baa9382eef579d69ab42937d2a339cc2a8688eb7244
terminal_495	67c534aac28bc45fa7fa01eb588aa1d783411c1e9a16d855afca326a1a70e78b
terminal_496	b6139ac4e41f560f69a01036bf6cc062761e3a76aeb1246fdbbc36e66b440a2f
terminal_497	203f79fffd89d8edc6188da08bfdc4e20c6d03a8bcf1678bb567973a00aac571
terminal_498	684c5365c93efc8ce6a9b9839de7d4d6523dafbe0a8155804094604355d836d6
terminal_499	7008291e290101bd2a652891605f14b8e283afe559e3e2751a0519536ebf7dc6
terminal_5	9509203db558a7e72e8855213ba57655297a5bc3612f71907bb94cd459e9f7a9
terminal_50	e4d57b3ac670300f818a28fcd74fc6d3b06099cac5377fa03e784da51cd75158
terminal_500	eb82aa209ea8f440c8715166fc60beda275feac9d20d8f7a3bc12f16068ab688
terminal_501	80dbd9a9980a1c9346ba7597b3d259b9a61706ade2498ce63a429a9c6fe24e42
terminal_502	98cd865f449363725a3cdbbd78a3a87cc84799e7509fbcf657d76c5d714b49d4
terminal_503	4e2f9febe164010eee35a4917f1627b6640f4e790a9d06de3f528cbae01a77b1
terminal_504	ba7eabf76f85f4605d2607ea8b599db33d55e3c1a2674c135e0facf07bb3a116
terminal_505	63be1fd7a121f9b6e71c745c983d231065ef1922812a152c3f736a9ea89e43a6
terminal_506	1ca835eb3f430655b5908f9aeab88f7705ce8fc44a978e0c6795f0b95b67b1f3
terminal_507	614345372dc8375797cd4e5f74ac95082ab9fda5cfe5098e4791f1299c9c48e8
terminal_508	281547067374662b40f3aef595b4bac2e12829055526c795997e9818822eaa71
terminal_509	7f041541b851bc5a4a4b047cb287a6f4d8e2b78823d433f6be878afb46cd7a0f
terminal_51	9b8a33f910042c6f185415039af658faad11ec515beb4c4a42678f488a6214a7
terminal_510	fd9ff58ca157bae246e79096931315a39b73192144691dbc3ab39c2cb1414e91
terminal_511	4f78ffccd26ffed3c864f87bde6c7cbe7caa89422c438eca67e1b52d82bac331
terminal_512	521550208b48f12e3d64d4a8bdd433c34b6a5d29b23b0d7095c4d938231cd88c
terminal_513	7984741d295d664c486dc3f541b831f161906689f36e2f9fe67c0a712a5140f1
terminal_514	42b8be7ddd5b2a3183de550001897757644b66d821e1bb659d8002056a8ab026
terminal_515	618e71afda540b06cf36d8aa60c4bb27358569853b21227f9441f983ab9afc6a
terminal_516	50a2490bee5a8356c2141d8fac181ac8ca5931d4d21d37b97aa283058e38c90e
terminal_517	19dd643e983a3a29b40a21d1b4853aaa139cacab0c3cac01a80fa6d37e8009d0
terminal_518	52220eaf1d79a578d2bb32c5a46f1e538de2a25e5eb3dad6c0a39e667c13219d
terminal_519	c0e43c19cf581eae601db12a9e83a941f687940011b2cc723befa1e2c0efc8a8
terminal_52	ccbe35cef66d6772886dd48f3e71844241a21632985c378476345a8c4c9f2d54
terminal_520	fc3d140de5b3a9166cf2e9abfa71ca23ea5f7b3ec99b56680a7ff730715bf5eb
terminal_521	1eed03b4d18294c9b4966b4caed5a4abdd0449b4ddd2cca601553d62dcf84e1e
terminal_522	072bf010ac8e4ff334698c98ef7a93edb84752e52d6b886a78e0a5810d4d45e9
terminal_523	31df78acb8f52460a4be6c86b1582ac4ac17552635244f674b122e2456699f41
terminal_524	6450ab22b3c49017e85ad3d8436800edf47b71a238c6c409fa7fd389a3443cb1
terminal_525	34107eda5e431877df2c4c706d2e9c70e28a098c28e8295e6534e28a05274a1f
terminal_526	9279d564be2f38815f179b6926d7ff025e38d58be624cfbd0762469f13cb2f11
terminal_527	447ce365b38af1ae01b925fd3ae4ddb9d483dc601e8755378f7622c35608c057
terminal_528	51b9ee69b147a6e3e2a321fee06cb33b0db920981c1448b81f7c1f14bf2c97fa
terminal_529	3a4afee843a5f67f7b26228204f58dd384b2b1cd18fc22e6d4681f60ec7276c5
terminal_53	d7207a860072a54477d4e6942114f95785e4c9f262e28cb97dbb827bfd6bed84
terminal_530	0c936b6584bf4623deb526957684768d4f635f8f5a31d7e273328a8c4ed5d3b2
terminal_531	72118fdae3db22feab78755fc0b3e95cc8580e14c78efa5e919f0221c6d93f88
terminal_532	bd1f1c279b91a1012ad8e9d87ac562455fa7bb30e176b94d42a047eca26f2c2d
terminal_533	5ae63740eed0575e0c483c001b910956327b8454373d774c4d1b5c9ccf280569
terminal_534	44f47b2b7afddf82e20a5be7245ee77c7c23bd991fab11c4d0dc9df38d5e9e42
terminal_535	dc5b82cad8687bbb33db66d42716557d8c1a9e31284b348ea31bb8e627a5c13d
terminal_536	0e37752dd0a5a1a275113ce7cba8ce3fd5576230f35ff37e82bca36e1b000792
terminal_537	40c159f57f3bcefec7b7f4e0cd937069a68c2522690fe70f54390f932b51f9c9
terminal_538	780cc9c84ceeff4dae2dd7b413fe9cbab09bc504736c740c9edf6a84bef449d9
terminal_539	edd27fb532d492554861baf37d0efee5cefc53b14d3e4abd76ab18a420a9ebc1
terminal_54	eba68c591d93c442fbe7c373832d19c0e70a552eda0b90406e8de1a16430be80
terminal_540	f834cfbb77b0d714d4b0fff8a2908bdc53bdeff13a7695ebf1b454c2efbdadcd
terminal_541	eb30a63886d7d10c2caf8f6f1998ce08e12a3f470a522b6d38d382d2d6aa477e
terminal_542	f2910d6c9c9d231c74e28dc4022d007ce33beb00b488cbd49592e33433e962b1
terminal_543	fb18ce01858ab621b91b5da0fe830164dddd41a4638238255e2ff8706ec2f665
terminal_544	f6b80bc68ae8334f8e640f9d874b4e10656ff42c7619ee2ee5d093d4d3e1bdad
terminal_545	5b1484f047870a434acc372e16e863c226e20d302c267a62c4b9fac04de73488
terminal_546	3de7d5caa523b74f908600023b59eadc22c8dd47aa8e2bf6fc70f1d6d4f90245
terminal_547	8f0999654c552815e7d3b629dd162696802eec662e40ae21f1180991ed9a3f48
terminal_548	68fbdc52ab67aa27ac66322bd3fd1c97cba3bb32894a668eb34d8aab4775db3d
terminal_549	a8fa923a4646a975a622d665a183318da5c083f47d36026a5e405410749b5d65
terminal_55	532899dfe1497ece8c144aa963f56f76c95a6ac9ddcd471d4b66339c428bce62
terminal_550	df87d69008bec13731055c9ffab291b863baf057d30d381862b1dfc9fe384241
terminal_551	3cc8d6224d13bed6c73ff4708c5785da0c123f36c5660ed3eae20474df583d79
terminal_552	277cc582ceea799833c652a83f7c1762f51b2d6cb5d18c433a866276dca51ee2
terminal_553	65dd5c84d3da27a1fc96984e30bfd41689c9dbb7e1dbae0b4673f30d3ddf4b4d
terminal_554	f451de0c9ad449e13197a6c2f15e1b32fac3441555799d6785a5f112eeeb94de
terminal_555	9df726fa77e3d2beaa2855cdadb79c0ead02fc11bf9c0c5d3580828bd402051e
terminal_556	3d30120b8eccdba2f38098803720e89861555d8b9c7a2949953b2f67bd62153f
terminal_557	5acd103b8700793bae9bbda94b6b5bffc5b5ba5eab3ea3cbee78931ca5bb2952
terminal_558	59cee54ef453df28830a4e9fd486ca8e11018565a1d5a25c94dc8b1a4e3edd98
terminal_559	faf0cfb8d88f69eea3b095813a4e8b89034dc6bf6db592ef04375373eed1f8a4
terminal_56	dccce33fae3359cbdd11b118b632fec91ad8bc233fcf05b891347c02966b296e
terminal_560	32b9995b1a95a3b91445e6813c2253441004faaf9130830930fe646827ef784c
terminal_561	cb08d9a343e2dd955bccdcf30380f1d6014de6ad675fe7f222c80ea95f86fe03
terminal_562	2f5cddd080821e0f28852cb24ad838f70e3ae70fb1d47a2b13d0823504576854
terminal_563	9abbf337ccbaf27f00cb089d4c76bd64fa9892785839ed9d24dcd2b91d477f42
terminal_564	825f49963e3b8a79c876a170bd151eb80a165fde948729c09323b3d2126cf9ad
terminal_565	46c77afdeab824e201f0b7fa2414f171eabe68a35392c43e1423bac19e51a0a0
terminal_566	6cc3bf62e56e6059daffcda082f02dd579339a79d4d656c562327c7d8386b293
terminal_567	57f4dfcf9a60ffd93385ba868f555d516d103ccf13607d95c3dc5d06be2c8c26
terminal_568	5af0832f1e73275f80deca7e00d3b0f625971a51d21be1c1db3f3fc0b2ebf230
terminal_569	e561306b7e116d2b5fa045152a430adb08db8d8548b2e7131f8bfb6308f3ad4b
terminal_57	d30c18bc20d7bcf429499a2662cbbc8d3fb4d586f9ac0d50786b69865b34f115
terminal_570	66300b2c977c6b21bc7090648f6d19b9ee15576b3c4f17df9e0e545eec19dfdd
terminal_571	48a837ba4244fbc5960c057d36f69105924c38fbb63e2441814670b552d68365
terminal_572	4af35077414a65c10b89ba59a789ec9112c68cbd04d866141ba87a66bb7a6e57
terminal_573	c079978f8f9dd1203e6607cfdbb6d654b18ea54a1fea8a41b4a8ca8cb8c8c0c2
terminal_574	3906431cec5a869aeb5a639b9641bc12feb5c0b5f6739d75ea450230e80ee687
terminal_575	e92ccb558f4c3132f7db5bcc896078f13af384d799ccd976c172e14a3d080de4
terminal_576	ed8cf1eb70d1cc826250dfa4a2f029b685f3da97fc993ce828eede84bf865936
terminal_577	25fa9cd87b9ea50f7f5d596fd100bdee34cb9cc0073bd4ef0d0041972cdeee00
terminal_578	495234570e0a2b0775b60a42885c906cd77c30a1c55fe9a6740176982a62c623
terminal_579	a7a184b14167894c6880cd3cee6b5023347a9fb7674132b388239abe08edc741
terminal_58	c8cdc5a783bfb3b2c34d61f1937818915123466a687839068aec3a378bd84b35
terminal_580	8b5f73ada604a5f32176f93b7f89086f055e79da7f742148cdb80c832312146f
terminal_581	090cafba1bf482efa52c44db6492be91ee62f79cf0bd3ede2ceca085a02611d4
terminal_582	3d4b118a389a6f610d9f919ca2769d676b95e9985da5def093cf072422e3b44e
terminal_583	8bf594fb2737e74e668e564dda59cb73098a0ea94df2dbc448deb4a3ebeac776
terminal_584	efbd6d19abe299094aa38a5e4ba1d70ed08f2c3e078807c932de77be29871ca9
terminal_585	0e364df0adbd126a23417778c5ab716c0776b40324b311d8a6eda8fbee172264
terminal_586	99baeb06aaa340d457bc21d1206bf8ab7b2bd6488be1332eb0175fe3005db42d
terminal_587	7df2328ff728bbcfb40e24d19772971e62af3a57fa0c638e5fac08de48acb4dd
terminal_588	b3c0f424590d7a56757da4c10744f5a5c3a2cc220dbde3b5f0ebefb3f7476005
terminal_589	123742ffe3d9cf804884efe2ec5ffe71bd52f905c4d4a42efc19762edbb8e52f
terminal_59	3aac93ff4b99f925802af53982d45b762fe1bd24f73e14b67f2d700010622738
terminal_590	da282b69425f67b9d5bed9cce96e1352d965cbe6c5eb4376c4c87e6a6e614eac
terminal_591	cfde0a5f13b85990327ca06e10dd7cceb52475a32e182133704e22fda03425b9
terminal_592	38c63888f4fc88394f4642dab973a25196707abcb771d7d0d52d01ce05e32239
terminal_593	99a3ddb7e801c1687483c044866a9c317302f84716874ae9e0bc9ad47005a845
terminal_594	77e561b0a974004021c6ff8544ca091decb55e41ee9124df13dbcb7a5c7c3e6b
terminal_595	30e59674c290314903fa8553a602e90950fe37780c74b96a878c83948aa75b12
terminal_596	16cf201382c9036d59dd973d1db810423a34622d6e92eced648ce02e55e73a66
terminal_597	59c3707d02d5fd3b0b032e8fee9a968cfada2d12f952a9aa3cc70e4868279dc0
terminal_598	648bfafdae05e956f24ff2e14515b511f0af01857e311177275bfc8eae093383
terminal_599	75011ec9384ebb788ff76af6fc4fca7d1c0e8b0b1b3df5e6137f42a397de8317
terminal_6	75be13ffdca3f75ff71921d1ca5ea9ceeeb9a5aa79938c9c995822f20acdc555
terminal_60	7ece99096ee0e253afaa8af26f11226ba3ff7b63ab13224e952f3160508a77de
terminal_600	7823d7f117d1184d8879435b925dd767faea786884b2b75f4ab89ec9100b6aca
terminal_601	683a0d9ee973bbf35004c6b5c8c51699f45b6afabdbd93ad40cab3c6301e24e8
terminal_602	d510e67e115241cd72056a90094069f12d5c69c76ca9c8418a40fe9fad3b5f5a
terminal_603	36c49c2d7bd3a66f82e11d3749cf823e9f90fabe4dd7d40e6f05aebbf571934f
terminal_604	e365b0d0af948cf2451e29caeb1cd64db462bac01d9ffd3d9d4516031cebbff3
terminal_605	4e25f99285a2996607b6cbb0fa09ba8f3493badf18389687d3289abf1886a090
terminal_606	7d79a85a90a052703051afaef448b91599f5f790c1192706bf991c4b7d72938c
terminal_607	b123f63e53f3f211d8935b3d4a7fd70c7cea610daba80d1c2346e6f3abf10b3f
terminal_608	b39304ad731ef368c10b33057955b1d1020d4ed517cebcaa9d841d6b768bba1d
terminal_609	418b0d3cc5bc991580c18586e1d0e6d2127df037f5a6822c6e64910af12a0124
terminal_61	9cee598e5e074fc4a2ce68df086f25874a73591c5dcb428aaa243eae94e57f68
terminal_610	b98230e72f0d77a4470c1df8d4926594ec52762092794819dbacf5382efbaf91
terminal_611	1c88da06df7e3ade835081af4cde8a95b3ac99a5278c4e4293e84689052f3b51
terminal_612	38e2ef9202c9bd424fea0eb31968f4fc7d83ff3240ff4b0fcd05998937ae3406
terminal_613	b2603cbcb689a5077777b9d08d9673147c6be09386313b83f3a37e85f7ba4a9e
terminal_614	badf5ce9399ee750df21d33ab83a25541f753a5cc6f4a7ab8afb87024368aa71
terminal_615	43b15415f96785798534517a1eca4b981014615b3ed9c8da478846b6828b2274
terminal_616	c45418400e63ee42a648bda29277dd8787ca4fab8784b4a94dbef3744858aa8b
terminal_617	fa8015e2cdb871c7bc46290f22b056d8125195326e923b20780a7562a87f4d7b
terminal_618	58acd97ee65f286aa54d4a9e3814d7c92289ea392e87378215cf6afed2645f34
terminal_619	18d61a7dcb5bbf2670e6f6c17da0a500e59fee8fee95ee54047bae55e797a21f
terminal_62	9a24c9a2a4b855c63bd205275078b5cd84e1378b8f10810422679f206f6a4867
terminal_620	56b80c696a639c9aeffd65d0e79a29e95cdb8c1c0e2863527fd0425deeae6a56
terminal_621	f23f61054116a071e6b252cf369f5a09e3a183413fea1ba4347a2c2a26fd55ae
terminal_622	1017acfe0b9db73f72d4885a2f093cdafa8c58517595973335dc9f2c453117f2
terminal_623	f8993309513daae475de9188efde2aa5bc9525e8104d6d96b98fcc9761f0f1a6
terminal_624	c4edeadb15d03c1de8df344a292ff34a1823f8e24b56e527c8da3d5ca7a98d10
terminal_625	709f30efe5173048a9588b6a803305117af5f04fe07e600b61516bea95a201b0
terminal_626	0d11e8ef59383f88a9ba715113f7149c6aa0e04d117d4e0ecf7d6e99dce164eb
terminal_627	4fc3afe8f100f09e274d80c89e8e2808b94ae1326d241cb6a51c6387431649c4
terminal_628	38580a1af8ea6e89808dbf27ffc811997ea64c26206a7ec148feb706f8c98b52
terminal_629	d8ecd4c9bd08c92c693389b70f4f50cf95a429a9a241915ccb5a260afa258c26
terminal_63	d5cf6498f3cddf2025e284c8ecea3177d87b327fffa32497198aa70f63913ccb
terminal_630	fc2ba1f4d792db933c4668b6f8a312e5f6b1b3a1622dcba87a645c0d16d989a5
terminal_631	6ba974a7d3936cd411513abb9e52a7dffd0e4245a63bdacf92026230ec253804
terminal_632	66fa0612bf745a1a148bdbd41f3dc16033aa9c9706485bcab475998dafc0e62a
terminal_633	0baad2c1d8113c318d43fb27be097714b2a942b69ac40cb3ea0af7f80637a531
terminal_634	c4c5559f68d0e73b7a7be6b3deb102788b30b489d206204c053c3e44134d4de3
terminal_635	b3a78c183fcf447d90518860500fed895d6d74b1f4bbef7288f9f85b42ba561b
terminal_636	8e70acb2a1924ffbedeac230a037df3bd56e2386d6b8f20f40e711a0071c2bf9
terminal_637	f8c22d3c711dc957535d2d2cd39aff2666bc268c419df666133148f933c6102d
terminal_638	884934b2db7323cb09730ff7d85e8d17c065d35002542067e5021c31cf715492
terminal_639	0d97de869fce414cb182c902d1eb62f5c4c4c454e8802179f924bff65ab31b49
terminal_64	0f8674bcc63dbce85a75621ee68f75a3498fef44d699e74b02b45a0cc0086e30
terminal_640	d5132e2a8b064dce12782d4ae831609ad883c1899155ce282bf98ede610f8c4e
terminal_641	efe5c310e99c93f0267b0fa105e10fbbec840b2b1394784a45a72b09d0a3c425
terminal_642	844c26192e79048a4f79016838859462ed4e40011bb7d2826ad2f96931bd84ce
terminal_643	cfd82fcafba1679b9b86fa785ac4810f89dc0b63f80c106f7773676ea3eed366
terminal_644	30dbee08204438b4908a8c86f94a64ecbe82cf202e00068d966527976613ed46
terminal_645	d16ca155b4f70c0d1b1d471aa4e20e326ec5ba8c8c419cb7b563db55ad6797e9
terminal_646	1c3d736cd35f6d439a78c72977422054fe25e208d0b280013aa13161a73c8f3a
terminal_647	048f062e37bed7131cd9d62f20f0c67d8b985ff4fd3a38b7feb9b12ff1e5b788
terminal_648	4a8d3b2bc4b4ee67b45d68d786c735de535b733183b49a2ceb1c1e9359cfd10a
terminal_649	b76a56591647f24596a09194fa3b436e772d927d9a98eda9fe9e2eccb50b9a8b
terminal_65	b6678b7c7656cb91c5a4ad120a26486f7cf9724b8d83ece58966cd540fd53e06
terminal_650	e916d811160ac4261cd69abcd270cbb319b70d8cc1a4b22a0f1db7024c728b7b
terminal_651	5a7ee50097d43df1157ca3115d9a1fd6a0f00927c7419ef39d513023bebb77d7
terminal_652	eb8000802964e39e96aa77ba9d49e513f75c198d41d0e21f7b9de3911c44823c
terminal_653	1456a2247b64331c64f3c34930d055d7962f25e4fa136a1ab5ecce4bd3b6571d
terminal_654	e2f44b8e5bcd26b7bf8e8a23ec17cb4524e24be70dc254b0466c9e03512748cc
terminal_655	37009d07740f0b02dd4d527aa4909f7a037405b4e2e3d1b5854e7a8a523d045e
terminal_656	7b95e27ff1928ae503c8e0e50328e6870a5072b7f6042136e0f9ef3a5f2fb25a
terminal_657	670573ef43c9bf9fbb9181d06fbd9be9dd2207f15ca18c4666f360edd760d5cd
terminal_658	6b62059de57b66926ef1038447301d45fb42af3d8421564407b7807d2974b503
terminal_659	8c924a418168941e532729ffec3189bbd2c628c09f50705d37af1498e3f81c70
terminal_66	ca69692f2217bd5b3379f22b9ed03aea223479fd131da40c73975d0a8bdc66d5
terminal_660	ac04eb0a2bb7fc5bb21b29e7773176f404a8c07b014493b4d19154aef87da749
terminal_661	272f9c0ab51bb109b49ad72179c9d3f62d9f98507e0aa08cb6edbf08c211deca
terminal_662	54f7708c09d87e77d147b124829ea02197f27bb08498a16b6d67480466f429f8
terminal_663	ee4e9d5511049d0608a61785c754a067975a8ba4dddcba5096c3705f66592fd8
terminal_664	5c1ae0d0a4010b28b2c3f4f845df1b780fb0d187b3e3b3b34759292d1aa6b714
terminal_665	449496fc8ecd4dcaad11171416b022a84e64151bf94c25b896b6c96636654f5b
terminal_666	52dee5d4e4e6d9ce13370bcee75f78c4b8eb541b1de80c9b6e8ee52b08323ef7
terminal_667	fc352744eb2bfd6ac427d2c5b7f8a84aac23ee4b0d1fbb0163c17ae16e446e11
terminal_668	d5f71d9921e9e3c4d74069c39670599968109cd6e2c5c315fbef7e1cc5a7c859
terminal_669	3591f8f17915b5f1a0f34abd1d098eb0a9a3571a409bde54adc3a778c5fed841
terminal_67	8cf9b3bebab8b46ac327b0084f32a9a119647e112c8a7ebdf4ac75d1653d2e60
terminal_670	56001289e5c2299d1354f0c9e27232cc257e4b53bbf48c336ed1ec8fe5467884
terminal_671	315694d06cc83d91d66bb7d45ca6ffe564058391bd5c77f0412d8ce8fbf4ce4b
terminal_672	8201a70d220dec872e10e331e3cf239e5d9056e83e84e9a6168def166769cea1
terminal_673	25c3a84f8e7e476382e75a61be8069040f49b2a4d34f7e979d33209c5f977204
terminal_674	39af4adaa9b1b6fe3be36acd7d935922e1a0d922374256d8ecf14eea706aa3e6
terminal_675	625a39403cb76c1e0139a6597a3ae9b93b935d276d0c9e87a27b56f45a595260
terminal_676	ed8629745f1b9994fc779b27239d6f8fc2946ac4a23a63021a34316a4fbf59e5
terminal_677	293b996b8157c43820285f16c4fb667f20fae29e5b8e72e4c0c92d3043d63ee5
terminal_678	701e8501bb15196d89b5c7cc6f90916bff4156b29bbada0424eedfca8534be02
terminal_679	cf58c93a8be4c55a69cd699021a372b088a2faf5bde593841bb5e227197e2d52
terminal_68	d331979fc8332d06f9d1426e747f48a778b964a6f28f39753e90b7854b831cc0
terminal_680	37419afcb24774459edd1e7ea21219f73c08e038ddaf342e3aff8772cc06bbcc
terminal_681	61afbef499fb1b09e383692e189fc39572d22f65f25190dc5a6c02a7c1ab97fc
terminal_682	d30ed115444e8975a897b0ca3ebf025f23afe6cf68eb6f28a702f0a299bab33f
terminal_683	86783ff69a39ca3d1f3dcc1ff6897ea8f795a4aff7b9828dab06189a85156a78
terminal_684	1e9b2c8e1781d19016b0abee8cba6e224d05c1e5170a420fddc539f22b641520
terminal_685	ffdcd3d8404e92f274b3b86e2554de7d20598733039fbd5c9ad6f347a64c1eca
terminal_686	0761d264713bb3331e3924bf4bd751651aa48225f250867a57ff5f06f1fbf3fb
terminal_687	18c5ace8480ae27301ad0908287499f5c04f4d14d2e1a353f2ceee2aa193d347
terminal_688	381e9c713403d89272082e4758a58a3db8879404be92b0c07ea184c7860a44ba
terminal_689	ce0c48dc75de57797982357a250acb3bacfd3fc38472e573d54282273f2fa46b
terminal_69	65e80deacf56a1577a059f144153f679025c15b154e5d1a17f79ddb22caaf212
terminal_690	1fea2b3b0d082ebad59379e136e243bf624a7c92a871ece6e5c6410083963043
terminal_691	41ea4454b98b360550a0b33e98ee2a1fe86c6b8d8e8acd92dc0a2769e7ef905e
terminal_692	27b6888d740b74158f5e5a4711801d7fa52337d1592c5ca73ac73baf61e5d687
terminal_693	5bec05c648a929284335ff14e85bfb72a4455187fba7b316630f299c7ce3dea6
terminal_694	e9493b4a2e8d95956e01320b2d1c745ee2a6f8e710891deebac51d2d02da17a2
terminal_695	850b265729214c26c579699e20e137325219d916a001da452087c5c713877431
terminal_696	b06eb160f9bb876ad364903aec87d9c300a35cd6780f10ab70c8c69db7f54395
terminal_697	026e618ac303f7980f84f6c9b8c69df61f6c77bdf37cff036f4e210f5f8a50ab
terminal_698	fcf04ebc232894a26c60562e558da4ed00ff62988cc8621cbab0cb0cc269d208
terminal_699	319c0c680ae8150fcc52e68a810a016c368e39f06fc4f6453f615c15e040a39a
terminal_7	2e2af3feaed7a45a7c1fd8ecebc5303d250ad98c1d4ef0aa20818c2263bf1009
terminal_70	029ce18ab8000fdf268f622a0fc0d42d327152cf61297069df6bc86f10e22c61
terminal_700	919ed2724da831102f3c66ece0ee3cd3b30ca3046e3792fa719b92eacb4606ec
terminal_701	be988021cc2d5f30c6c29ca4c3b9bfdb063b117f290968d3381e274a9b4e983f
terminal_702	b550bae3f17e060b1eb3b37bc79d6eb2d64558b5abc95783189243ac3f123d7a
terminal_703	fca863cf629abb72cd0402e3290150d19881bd2166a58beec5e73972b101b5c8
terminal_704	09e78d409df41c3f817e75285d3794974fbbdff04a6897d9af11dbbabc4a9a25
terminal_705	b8f79dd64068b2645fa198d250d7ea63a28167341ff58951755ef97fc39c8fdb
terminal_706	beae92c235dba2cc96008b74fe1db60a86365afa400de57bf00642a50c90f507
terminal_707	014b6c8b79f2cb6c32f2825d031a7e430efd91c42720e910894c03394280e87f
terminal_708	937bf5d24a04a92045727163c2596f46da0dd75a40c05f493533528d38624ede
terminal_709	ff4d5e8cab508aeaad1c0d6270812ddd2d5263eee5d96c84f11b4b26547a9b42
terminal_71	4965e5af5b9851da3c9defbec8c9e1aab0009de92ff9e883175edd31e3362663
terminal_710	cd3db8c900d581463e94211c024e66191820dea1095130c50dc3baa3ebfc8781
terminal_711	4c2f70ea97305c990ace468d34eee17cd7e93653bd80a7bc32eb96ceb963701c
terminal_712	6a03afde298c644e46e9345d632ea57403c802d28a0000a884ef73d5bbf8d294
terminal_713	101da8467d5e9c22d8cd33c61706c5df5355b8309ac9432707acd4a1a19c6236
terminal_714	3db4df89c122040c64370f9ebc7526bdc717307e2d520fc3fc67cfc4dcff19d4
terminal_715	5c7c576d7b07711c4fee0b62404e0d1b89183ea4a4d1b36ee8b4c97039f12582
terminal_716	6ab636f9108c6e4c3bdce1a36399f762ae5dd02a2a39e925c1b1dec8d172081a
terminal_717	6b447072972e78a74ac7b5895d7332c701a0baace60d513a4456f9038c307dc3
terminal_718	a8b1acf8692347121f445d7e9a6af67d4985ba449f9953bce3c5a064330dbf59
terminal_719	9424d80b10f44ac62aece2df286681677f0ec0fb43bfa76400aac94e47969b53
terminal_72	847c99d29305d73adc555f3a73eb64de4d6220813ea19be8a40963045cb4e261
terminal_720	cf55a74be773d52af50303a9eae2f174934d6e45e3dca89a3aa7c3bb745aba2c
terminal_721	ab821f26fe6a5d6ab83214ab76d90c2b29a5c2c79febe98fe4c129019b266823
terminal_722	6f50bab1637e17b4c334e612fe2202ee4f85a52caea3a822ba1180162c8b6ece
terminal_723	2834d5b727be779b028fecb88b3e2095c1df20ff1620e40a9ec7f7184644e6c7
terminal_724	5812cdc91ca793938157ad5748ffd9f38c922c9c64b23ed8d99ab0d38c1421b8
terminal_725	1c636205026350e31d3dba4cb8be4528e779bc4dcb3132dc0db114925d96e04f
terminal_726	b27f1dc387613f06ddb740d916a6a26109dcc34196d8b131fd25cb8de12ed765
terminal_727	87654f29711f85d27b3c45abcfadc574eef64a086dd441a7c9be5d3726ee9e35
terminal_728	928555a84ba5225921553b6cbbf8027118dba6e3cab0226fa8da5ca6c559d2f1
terminal_729	be586076abf06d8667ac378b9fd204a6406a135384caf90a2682bb8e93226a97
terminal_73	efa21eb4d4c3dc511f7ff3eb1bcfa3288630a09cc5381b0571ce0df6f2fe217a
terminal_730	0950185e60cce3e0adc3c7dd283e6182feb8fdce182c0be78f41162a0e7cf159
terminal_731	d6795e8293064905e8b3c31142ed3b24d1cb09a88bac00ea691feea58adf1250
terminal_732	798c2fb2c8af6a5765ec4466b53d7bd0df3541e588a2f2370c03bd3c39207ee8
terminal_733	300fd6f78b6fecaa319cba60af687068c75680b972130e3b2471717f37bdb966
terminal_734	812997bc54fbfbdb9228de86a81d0dbd2237dc8653ff2180fd8042d75da5fe5d
terminal_735	00f152535b452331a0578bc587a4af8f2e07ae14cba95866a3b4c7e6abc2d1ee
terminal_736	25d450a1e510e05bfb3de0f54f7f5b871a1e7654fe9ed4d93291c1462f083a46
terminal_737	74c95a162cc3df7ee67818f80025e3c7809a035b3c510ad24e952a91ea9211ed
terminal_738	7de6bdf1ee7a010a474b7bc8b8eeb589a44073f5b7a9c7c1593f1dc9682a9952
terminal_739	2f20aa66de83048b97da48730317849309978739cb93448bce8dac2029b51586
terminal_74	0b1013d4213065d3083b72f396e788c8159bb1085dd9e1142ec18bf43bf4c423
terminal_740	831d586cc4622095b20ad2f903e768c42b4848d61ecf8c6cb4e4c0eba3b47c76
terminal_741	a129153f1ea8718134ab4d26baaab3ee9826cae8e17386a0591a60f72d50293c
terminal_742	55053864ce4f6d507937502eac635f232ea73006084e678887965fedd01f433e
terminal_743	10d651e04067e8f7d67c42b2e150581fa164b9437fa6ea51afcc9dbe9ed12927
terminal_744	36e701a3a38e922063ba00f56e5282e70de17265a7cd5ae9d578e9981b81d9b2
terminal_745	e69fcf5633e412e24ecef582d26cb564f6cec3fd572ebb2fd3de74f2a42da2b7
terminal_746	7e8e22bfe6eda40f33e1449fa8a6754ce74f1d88bc66d35b9268fe810b7c76ed
terminal_747	222e86a95ca2a14badd60941e91440d7633c96d5f4b389b797750263f1ec7091
terminal_748	373ac4bf6c9adf881e0bb1c0a7ff631b8e764c9c3878ffe367b268b5eae4b8da
terminal_749	2a5bf9d38bb819d3131bcce8f6811d4693c48ec328aa67a4604aa70b1f43eda1
terminal_75	a1bde47826b51b14e8a0646e181df3848f592ec35e277d306764e300300a233c
terminal_750	c70d2a2744424c58ea388a7768bfcbc5fdcc7118082ab8e8584100de651d5d86
terminal_751	d050b035ec17fd42b67b91d26c2ff817fddf4e3f4d40600e3ba4dc96c1f6114e
terminal_752	a864f799cc665c38efcc02e89f58d5b0b34b5f4a710ca8edf9021ef040e83b63
terminal_753	911874ba3a55feef7be4201978b3e51f7cef8d54af4187b27011a609ea048b88
terminal_754	791fa6642df7a890a9c7746e53a13367169e1b36f7d3561c689f3fbdba2ece25
terminal_755	a352195e6da936a9ff6be0e5b13c1515e0d426d19e391c9f0dea798face767d6
terminal_756	ac85e1beced4ad31977fe02fe7559592ba977b1d2568daf4f2c38bf744e0a0e3
terminal_757	15fed6c800b3373156eaa2770ecfa6e527e69262341a453bb24f5808b46e4f10
terminal_758	13ff79e4cd3ad86835afa2e73806e4b63d946d9e5bfd50c018915aa0f1540bd7
terminal_759	3ce034de7fcc90fd3dd332ee5078aa5ac451e2fb25cf2b273b47f3f8da248491
terminal_76	11cef8af781843cb484b48d4d29cae1263390f0ffdb039a2b8a70e58343ef8ee
terminal_760	9652880b613a23031721773b8554ebf164f42fc2fd0fc33148e39db9e947a3a7
terminal_761	f31505abf5e35899d7495889cfa6b55d3f36d51ecfe0e65673d0b5d91c6bbb38
terminal_762	82eb073793a04d5c3cb78b715ce1238fa0d1b25c9c4a100c4836aba0d62e1bac
terminal_763	a97fd66f7b39a9894e74acad2ebdf362a126f1a9004d67e30065272da37fa332
terminal_764	48f1e4ef727e798b1b40b2179750ec318867555c0a8cdd37397b5c956a71f0ea
terminal_765	0b42f5409676c9ea5f092615f63a06a61e34c0bff3926fe78d509f4f49f314e1
terminal_766	f189caebc9e3c6a5e4a903363d3fe79ad7d01ad4a1fe140136757e0d80da13ec
terminal_767	abc5f9189d5bcdde5025819f35614062463d4047f3f7f65acf4dd6ce2f4a8764
terminal_768	6687d967da70be3bc71f8070c1e510cea3ba5ce68b1ebb6194078936e12d7f3f
terminal_769	204d237cccdcee1ef1c5accb4867d66aa4cb21c91b31826443d34be78cdee708
terminal_77	755f4d1981b75ebb6680b3aff866a87823e75edfbc1dd9a12a3c17d4f54bea49
terminal_770	f0384b60f62820ab2e6dbf1835febad8ed3b6c62c42c9df8c6b3d3e6a51dbc9c
terminal_771	0b3904ebbcef8b153704761ef92673e4dd1409b5e8fcece9376f04ba9e3eb4d9
terminal_772	2eab43d1c7f570dce4bd91c3e02b3f22a558a5ffac758d58fb525ff9e8cbeb50
terminal_773	cf3a0abcfcf3d11fc1d31ce3e7ea8804adb05840d7a4903dcfd97354beafd0d3
terminal_774	4218b504f7b99975369a71bfb7df5c4e8b980fe7a4fd5f4196bb379cf6cc3c69
terminal_775	484bc37a33486b4bca4807b1f042635608ea82b0087dc0971a2fd382661632d8
terminal_776	6860770142b66e5624a897a9fb6d41aafbb39d53d54e4c593f9a2bad9a84bc86
terminal_777	97bc9e0f835e08cfc4b69efd6a60cc506d682f103cff16d9ac61f22c6617126b
terminal_778	df6a59bd1d25f0cf89f5c32ef88ef4a7bcaa4b439ef4fbe98bfb9a58c85d681b
terminal_779	93317117ad0b3fc4e94ba078e782c58e637af77c7889f3bc138965b5d1d0261a
terminal_78	e7b0bcd58cd0634cbff2057a3de7947614f3f25bb90a9deb167c43b194988235
terminal_780	d678f949b75604aa7f80ab22569a76e1f5826ab1d12fd8b7d22049b250106b9c
terminal_781	bc9e3ed6f80a3dc08898b47ed2410c069105485275a5edc15d546bd6fb3c9836
terminal_782	5ac2ad3fdb37f161373ec72051050e157d3ae090e0be9eeb1232f5354af048a3
terminal_783	ac5b6d7332099afa04a5b0038729349808327f055730ef4e62cc24f4f7cc36f7
terminal_784	f16902a9cad1e9a03afbd5c35aea8d520f535895ef79fe97c8de9d31b7ea94b6
terminal_785	bdd3a7487c230d238cf9e5b41238d7b158e2c1f36620adfc6824d920dd4f4eaf
terminal_786	ed44e35596ff4d57a38930038d0b81eebb26cfd63c7237b339a96aeb9822e13d
terminal_787	49b9ab37db12986a1a75382449ddb9e572cef28f9cdba6a49d68e19572ebd037
terminal_788	a94a2980b0c88aff83f2e4b2370080d3a6396efd896cff2b12eb6f2f14960193
terminal_789	a6b7413bd4b27fc1e7d5cef2a708c9c42c7d3c0a1c1ef21871c0d09ac2dc99a6
terminal_79	68982b1eaba37a08634cd16974a68104f72777f9f322905b0ea71a76e154f118
terminal_790	25ac061286b135da5ec33850ca1a721870a1097ed58c4075bed40823bd04f7a5
terminal_791	8b791e26b4de4e0c8d0b388516fe07dc3b7008592763ed0309739934094fbbb8
terminal_792	96ecab8212d1eb8e3a255f524d97eb4ca3102b298d1b598c035eee656f412e2e
terminal_793	a27f54bde5b4269fe48b58d333b15149153cecd41b51108682798771bddc28d3
terminal_794	2a7861785a93e172b60b17caedfb3f4263b795617b2efddb9d19a7efc99ac102
terminal_795	cb1ac81ebdaf3ce6c8e503f861a3a1b945a54b5001a70a6ca6a9bc37319a00c2
terminal_796	7f12b2eef6505255484ebcda4474968d61371c6b306d1973a15bfc9ff4c20dca
terminal_797	60cc16da6ebdb42b1ffa6382e41732c32fb8130bb31d24ea46c93ccb3a995fb8
terminal_798	b9fb6ab33409ff79a2be4ecac763bcea837c070b0a016f45c3e45380160bbb7e
terminal_799	6de406f4d189f1fedfeb89322bf1a788ff4c16b09414bf8ea60e3786113ecffd
terminal_8	9b8d320286df8942d38db9e4d6086adc981deec9b70bf23953619cbeb5e84b27
terminal_80	fa1bd3717fd3e216301014208249808720a27afedb3ac448998bcc68c87b0ec9
terminal_800	46ab6cc4d5019bbdb07a513ed0160dcc4f0c9b5f2424056f8812f217116918fc
terminal_801	21f4949ceed3d2b0dd79f733f74c22171a0414fbd5dea63abb5cc5e43d7d3365
terminal_802	6a121b1ab46718ee5cbb216319aaf726bb559ee1dc23621e9bf8b459fe16df79
terminal_803	3987783b00c3080abb91b18fa2f523e685d3e3732d6a5f56fb693d2893b7a56d
terminal_804	4002c339cf2f6da27e8aa3a6f5d22691e75498b72a792e57dbfab29f7fba3036
terminal_805	8d114061e3e2c454c2ebeec1a99f23d80bf200e20aa107a0ddd1e86f7ccdbe96
terminal_806	28f83e10c87e8fd01c7afd997fc7e8e584ea469ecbdb80662f74e0af6b70b057
terminal_807	45dc07bd9628dfc8a01bf2d4cff095d98a6f3c6dc2fa0e9ba56c5abd336f4f79
terminal_808	97ad438ec72513d25c84635c8808ffe1180585371ac31d7b5a395d0230cdfdfb
terminal_809	2c7dbdf57801050d31d3ca8686e6694005cfed6952cd4d482be046fe10aa652d
terminal_81	dbe13c4dc427353e5e00e8e11fccb64fdc7d616b657baaeb21150a698d00f368
terminal_810	09d33172c6640ba4ccba8d8082b26f7ca106adfbd55e13cbf99d296843b85c87
terminal_811	8579a06e0d68769240883298d54679a0b2bbf4626d4a6863be61c095f25cbdfa
terminal_812	0041c572d7f7ca5cb4b341a8b9079a6e2f8521f7b144350751d3b182aba6ba75
terminal_813	e48743c9376bfc879bb90382f1a28be45ec05e68ae5f19ff05e53d98a9a8a016
terminal_814	4a52eca7f7a0f8132d0350e54e21e71da2a66334186162f183770b8e165c69c2
terminal_815	2725572946a751436ca36b0236a5a75c062502e6d5f6923d7d6df41597f9c398
terminal_816	a20c1c3b8c745148a73240ce68c943a2d059c704d7e35a7eb42bbaae53a5bf0a
terminal_817	48bec6256fabb1469f9e990bfc66f92284ae01abf55303695be40cf819053dd8
terminal_818	3ef896b0782cfe0fd6c4e92d9af47416551dede139d8c77510eeddf7be58d77c
terminal_819	bf2ea2343f15fc0d346ad99a643ea1d8ecbdc683e6c03a5ff8b33506a76c4dce
terminal_82	2c8c81d9aa02933010088eed2c5edcf6910ff7b2ff023382b05c3db7bd2dbc94
terminal_820	6c868bd5b2c4d4289f8bdd706665be7eb85852417ef62d7fa136720dd1bbb7f1
terminal_821	3cd644fe21ef754e81c874cd50c8d0960f037f09261ed982411c083006dda888
terminal_822	72a2484ef0cc0f91a93de767b2b8922735d55e65ce64280c8d31bedb0b80c2c7
terminal_823	40898e33c31abae83b01faed94a85562e3c2092ac6fafc74196918e9e8f4c4fa
terminal_824	24637b43b319abf29fbcf76cd352e72e71f3710548d44f643e815a72fb7165ce
terminal_825	a4816e7e45cf7e4f54cdf12b025ac5bace3138aae059cba5273de9ea047e67c4
terminal_826	20d4a54747795a0cc9896e2d10df3dd7765264ab7b68940adafb8354b6807726
terminal_827	eb51166510d6e0e301b2d4b8bde4e5c74c80626fc3b311474c4cd580131aef06
terminal_828	e8b5636b84a4eb440d2b51245de0d28b0b219117a3c377721b379edb52a2c669
terminal_829	b553ea42d1a6853a0d6a56723f1f2371be7cba4593e36c96ffc9e3f201dc2535
terminal_83	a705588affef0f44a9dc515807036cf589b74601cada782466fc75a12242195e
terminal_830	a730e6abbcd36902976d58481d41b4b83d9a0e3ee7b6d2b9078afda5977a0b18
terminal_831	3f7790bdefb4435fa41b5734851a731480ecb2937c4e3dc9f166d2a8b70fc02f
terminal_832	cf00826a435af5024c83b5a92895f1e2fff172721f46785c734ed446fe720149
terminal_833	5ea241b1a039cf7ddfcd8916854a52e1a2307347cfe32569fb00e8d81dc86c29
terminal_834	ca0c783189592805338e0d85235b31feb6afbf3c2f7ebb5d5bfa8f611351185a
terminal_835	3a1276809bd84dfc192615d136075b22940022cae792406ce8406f94738aa8e9
terminal_836	e093e3b06e6ca0e01085fdd8037b1a4aeb64e11bf59fde916a359a602809d8b3
terminal_837	f812e5689f7c3adb25b6f9cead0ad9c6aa50370c601c8ffdb91a9adc6da6d830
terminal_838	6dbce628c984931562506415c884ed7ac6a40862a6aa7237f60bc07e5ad14a79
terminal_839	3cedba99f280e2ef8fe6a2ec78f996d883aafad6c7eb44c68731536011c05ab2
terminal_84	910b0cd5f81eecb8c4d93822dcb0d24151105375a847e2b0cc8c9f3d5ea4932f
terminal_840	45443dab9ef951ccb1a6f9f67babca16a7acd7bbfeef68fa4658605437558d0e
terminal_841	7d032d17db3996578f23900242a7087b6c4b9d8c1ce17213ce454fd73994a0de
terminal_842	58049f99577772f7aa8ab47ed78980916f3beb91578d56c08699bf15d270ef58
terminal_843	6aedadaa655b294717074743d2a5dbb8342a8087b0006669c4a681d0596f3854
terminal_844	40ceb903e19338299c1c45eb229b0e63ce764fb1c735839d8817521aee936ea0
terminal_845	44790a661a4dc10c20079e404a5309b8b6bbd947f64467a4e4d35441597efc93
terminal_846	0d4601b61eb2509131fa9c17ec143de50ecdd06a93ff61e1cf1991c36dfc84fb
terminal_847	8f6445343919135728a8d50d14171900aa4bab83fc8253cf17299bf0a6bb68ba
terminal_848	6c5c661b744daf8e70aec1d98a751ad69be88654a7839c7b125900f4b95db689
terminal_849	158c741ec836103a5893e522150553d7e594e10a98f6424d7b58d436c6177e3b
terminal_85	fd3ba1a14dff45345d8045f859783e30e02354e28914cbe67f2b7703f1460571
terminal_850	d8a6957f7367662c6ff28ecab105ed2c92d0cf04e037025ec4429be17b43c9ab
terminal_851	d13b8fe1db8385c1892ec273517852ac82ac2ebe5d26d60442b2c03bfe83a105
terminal_852	9e4a4499726ec60a8ee1660cb6e03db752eec3205f583fc2247c1bbf0ceb26a6
terminal_853	1bfe6a9f4ef14c9537fe4413e789fb31728fa43ae486ce70bf0b703a01eaf206
terminal_854	fdb004aff2cbac6d04085669c8d63c69664af5d6677b6094cf505ef2ad78d1ec
terminal_855	5e91b2b6130e55e2335b92356c881a6194f3f610ec7a4a84add173b8db413cdb
terminal_856	f03bbf0513c34a9f0ee566c94f9cc4203b7915f453b44cb1dae509f876567709
terminal_857	240643bd0b4d16b4846b5654cb38c313f187e4f55cf27a69c02401eb4d5de29f
terminal_858	407cf7e00df546b53dc54cc58a942e413925841816f0b67d55fb2b5255fb27b5
terminal_859	22c9485afee181d0ce4ff30759a6acf448a1bd7a5ccc8296206f6f20158205aa
terminal_86	9c6315a60a3194096d09b75c3a332a5a1d61188e0a727a21877cd3a1442abb77
terminal_860	5f577c5bd89da7f22b9db5eae9c24ce5e20f946764603e46eff93f21bead45d0
terminal_861	b517ae3915488e7aa15a0ba08c0482d8a9551acc84c973347b4c34258e49a34b
terminal_862	a604d3bdaba8b8480e442113e04075588f1f134d4eeb36916a245de07bcb0dcb
terminal_863	c2e1b958c4adfd68909bb8a8bac0a5778f64451a0daa063cb960643c42130a99
terminal_864	fb03035ff00c75dbcaecde65dc60617be7dbb4d49aad3580b7c20fee2d1d28c1
terminal_865	5c9c73084a0c65fc8e15095b98c1d2eaf15c1f06157ffe2d30ee8a4dfa0926c0
terminal_866	846e7ae65b6d6916e2a49e0c688e41133c5e97945b431778bc407d630d43d756
terminal_867	6f6a209b4eb6076270d21559394303d92390bb962220027c4c4cf7671e800600
terminal_868	f64d97f1c6eb7107b427fa9398577f161cbe478f9bf2ffa24cfa8d9b7ed8c086
terminal_869	9ccb3b6ff2ed0f584c594a7d14fde532fe3da16fe6ed78e53d84c5d0787c26c3
terminal_87	35662d96f38ed965a97d9334823d0f73ff860e6b80e544663f7855795f8efeb5
terminal_870	06e58a38b6fc5fd2f8acfd5c7319048cbe2046b6345957d9b3fef32a713c1631
terminal_871	a3e59b4c7fc9b4ca49ced6c8752de1f1e6f3bfb843407598e2ecc4c391eb9aee
terminal_872	0c0f3418cfaeda936ccfcae814be8ee7758b9f7982c75ed6f8287c3c3dfd4839
terminal_873	e8d9156f6c0b170f3a9c634781676caad66785e9750b1734c20ebb19118a3327
terminal_874	86cc874ea7a6ae70fb78bdb3cb5c9b9ce913c019e6ad4184b855280bed078c7f
terminal_875	b85c4332ca9ce88d097919e833fcaa22135288b97df0513c0334f97f577d5d59
terminal_876	77c82ce654e1739c998dce1e35ba6ca935d85b810fa1eb362637b6aa705fcdbb
terminal_877	adab2c86bf51fb0992e2ad25bcf0aa1c245df6dcb010157beb8262b3ef88e09a
terminal_878	86bc07b2fdde4a6a3fb6d5cfa4a76b47c2a6528ffa7c7538e315bd2028cf9593
terminal_879	15858df0cc2d90a260c5041cc3267db20901aa6d24f480672197b61347da8465
terminal_88	8af293bdca9aaee787da2880b96be5356e85aac9a47614e7ce0795693a688cfb
terminal_880	41e9e98f1d138852479e8015913982ee2139fdb0bbfc611def7789ba8e54d097
terminal_881	40efe1cc7370781d2b8449570a984e53b1a8a04f224f7ba756c83bd5a795134f
terminal_882	81073fcd4574584672222c689aed808cf688554142aaa700817d884b93b2afb4
terminal_883	0605c407594040a7a3c46bdc044da761bbb3db94219e40dbf6b6a49cbff9f745
terminal_884	c5d1f90b654d69ea8cfe37170ff47692f0d3b5e852d12d23f873e68f7bae258d
terminal_885	0b773b70d1ba28ed402ffaa7087449557234b78b026ecb72213a2af2d2a01066
terminal_886	d5cf0c052777c22448fc42c7dd635c086751dd79cee77c87c202093db38825dd
terminal_887	e5257930920affe5bd100de0a3e63f6ca2aac9d1e709c2a932fbc043827033f6
terminal_888	7ed696c05b4f70b546a1fd5144f2d8b1b855ff96b2fcb2f2b8d207a63d60abd4
terminal_889	15e85e21b7d37f4498fd40354ccb7a426f0025b235fa9cfa9c1df67d764a5d9b
terminal_89	b4855f9483a574afc21eeabb945eca26d2a42a0b3ca16e8002e793e58d715537
terminal_890	ab55364b004fda2aee0d2c7de26b2e992232a5858e757a1389cdfeca471bde31
terminal_891	863192aad4bd7215beef74aaa03ee68bfae1b83c717805f9279e33fbbbbe1728
terminal_892	3bd3be617cb11324164601135f637a1e1cd9e212eff3155615b90006dca7cb79
terminal_893	4dcd3dda537b05664704dcc1dbb0aa1cabdf9cb17b3017b7a3c9eb4a0c825a04
terminal_894	c5a05279896a400aecda647e217d6bba836999280a576ba7dff84524fab37c13
terminal_895	1823a5e57f289961774402e6a2dfe20831f44a0c8ca22a6dcfa5e3516c13cc44
terminal_896	4ba3077e17cf0b428be3af4c2e7e1ad08ecc0bfc9c9044cef56cbfae8905bb38
terminal_897	c97639b04583db5b7a4a748ebbb2d298cf3728f92eec1d4d7b01a127fca5a287
terminal_898	71785f5fc319b320f317a7d61ec0c9018d19c747dfd0bd42525f66b2fd4b2f2c
terminal_899	ee063264b5a2ec6e631b05f6f775c36cfc2fc38310cab4f6ae8d466a6492cf52
terminal_9	adea9a2631642daf80517c33fd7be12ea564612c8247ad8cfcdf08a18bdc7a4f
terminal_90	a73804af95cb4d359f8d05a2aa566285c6315cce2840ac1cb2ed9b9f592d02c2
terminal_900	e7ad7c72256468f195c18fa04071b89db6515a439edde5f81a40b8a0a2dd24ea
terminal_901	3bb21594dd3e366c16ca50f317f368f679aa1d41a0fd719a5f6980d96bc158ee
terminal_902	fafb60634b94cc2279913ec0f137428ada6506cc7a42f7fa75fbb68571788d5a
terminal_903	28a6af25163be2babd5caa7bacdcf7b6be565033011a9c9eedc8ea88b3a94598
terminal_904	5c7126b096ee744adf9b4bf1c03947be4a96e38861ac79c5236d555a9e0792ac
terminal_905	daadb1129df054a23647fafcaa9e9de049905910d8f0db348c198534988255bc
terminal_906	3178d6181b251f136d9a939e00a935a7b920b04961a9824420abc8083ebcfde3
terminal_907	b207c2a4c5eb4f31e97eecd03516c61f22f80b80670a51a68f53f77ae5565ef4
terminal_908	4fb4a2408358efb5f35d75f9b5e6a807514e880630463c9398cc274b6a94ad64
terminal_909	0a0fb63e1335ec12892b94aaa509f34bd34d59365fa72316c0d718ea615c8d37
terminal_91	2e3c66223a1f72b91ca6be6252f302f781836860f7c423cfef452afeaf647b67
terminal_910	62c5e3e3b5b0bdea56ae6906cf0878ed16534794e491303611de81905d083339
terminal_911	d29991654d4fc273c55dd1131e777a5ee4a4b11a6a77ee33e7e063703815ca74
terminal_912	42abc88805db98f6e70a26192b9502a598fdffac8de5bb287da1a17d27e76aa6
terminal_913	72c653af1aa6fc08089249ef855370d24ff3f4dbacf10500069685cf9606bc9b
terminal_914	ceb63b4679f9aec0b1babe43dbf19337e05849dd67490d382a2f3a425d9f5c6c
terminal_915	3aa0a11b09b36af695fca98715c8944f5d19ac39c626fddeb168ec9c264571d0
terminal_916	47aa1bd8462097a5431d2937386d4d4d8bde741a8643ce1220ff12022092fafc
terminal_917	fb1eb70903e9abebd9ae35300bf12ae298492f6bad0e988af9c9dbce49625848
terminal_918	e6c1803e05bd33df808fe39ac79003b9ced75268a2f2637faced9336fd5ec7f6
terminal_919	7a872c5667cfec4f1c3240f603fc4d71c2a04a0e518af76dca1d0d554fef72fa
terminal_92	a238e3f0f54a2952db9609c181d5f069bd6627f480f08a49d0dc3bf227412889
terminal_920	9d96480487a81ac7458fde38eb8c0d69c92d6d001e26a6dda3105e227c9bab75
terminal_921	9ed00773b074e91e65263b309ac1f378c0f659d646681350a7bf7e21dca820c1
terminal_922	e2bd875d920c14b3387a31a8d2d75979d1725ac702c3f62eafab3d5570110c6f
terminal_923	225d59f7f7575ef7000f97c5ab8462c8cebffed02a2e9b07775bbabaeae15cb2
terminal_924	4f79e3bed9240009bd805be3282c440f414cb28d7ebc513b35e56551e35bb4a3
terminal_925	187ee802a735ce425e4c147a0632bb1ea938a2800f0d2407116fde3b9cf74ce0
terminal_926	544328b1bed5603126ca86d0be946f3c78bbff5f67bb82b17dc82b0a6aec64f3
terminal_927	3d79b65c890434e6a50c2b9b99bbee875350aa4299a3a826aa121185be97b222
terminal_928	015ae9627939550b1ff97525cbecfcb10bd6acf67882a1bc7e9d03e868221275
terminal_929	83c28033800ae88a8936e43ce0c187825bd0205c394142be161b709a2a925d17
terminal_93	78b62389b5ddf6b0db3902cc799af34ebbbbdb711d26b234777e084fc7e2e2ad
terminal_930	6b221e232156415652f95101904b83ed11e01297580a7bcf6fcaafeb4317515a
terminal_931	1252339e5ff0456b2945a5a8550924591e66fb807f21da3d38512524c587f9ac
terminal_932	2fb1962efcbad39f33ddcbc4afa689c933aa454640583bc808f62e824993704f
terminal_933	45cf55373ea79be1915671a7195321b8fe988a694cc953baad21820fabdcf5df
terminal_934	c7df3059e3e19a547f2b0bb7344d7134dec74ade022cb91ca8dafe55786672d3
terminal_935	d1b3db0f0b15ea0e1749470d3d49c4c2193bf07e4c5fc9873b3b1a0cbdeb37c4
terminal_936	7ac11ac3ad110401288ba9bd0b98437664fa2c4a12f308820e88f8fcbefcc64e
terminal_937	bd9aa5637883746cd80c81972b14917dc05d7cebe913f6bc2b0c3b707e9a4250
terminal_938	0630fea6daf65c743058aa4c2b0aa217f20a3636f0076f2f8d3e3734fc9a67ee
terminal_939	562183333b97eb7e5d930b0212d49c657337a698ac2c0c247c3df96877fe09a9
terminal_94	79383858d8ad0e82602d994f72653f60ce1aee11919fe344b2284964b1dbac79
terminal_940	8be18372e0c020c476207852a54b648029f50b7662353fe9d48f665b224862e0
terminal_941	9c42f6db0db16390783aeb3614186bb8be4e959df2d78aa2fa4ec95dd8e3dfa5
terminal_942	162eb0a5ed9e2b3b5cb2b42729858225df6b71d8ded67d27cc123a3b61c6cf09
terminal_943	8fe74ed0b234460b3777517f65b3306fa9bd05aedfd0d41b594346f3d9253b76
terminal_944	c41f6aa318497343ae891d0f8887dd52d0f3d5cf5b54084a8cd810f1b41eabe4
terminal_945	3ad2676bbd65367a561c8d184b30941f6afc9d6201975168581dd51f088922a6
terminal_946	0198239922c99bb18a8bb8c4f3c1d806e48b2d846108162c89ba8763c98831b6
terminal_947	cfc07736e811849efcaee871489021210a370a9d352b1ca843fd95fb1da6d9dc
terminal_948	84aa5f4e5d96c7929ead53529b65522167ce8fa439c7ba5d4081a3fa55e96565
terminal_949	8a862db26cc5286088bd89f58d7356f6f0b4cb7108e0a4128c54f83432839f06
terminal_95	b30a3e50274dd8223b0a6a0d8b2edfccaa35ae74ae1ea388f2ed8cbbfb8b9647
terminal_950	c0b142e4188db8f95cbbaf908d5ede392b59a3eed62bf45954abe28a3a3c6f7a
terminal_951	a24225d3e1a3e068716c4140f3ad96eda4a04cf239efbb11c69cad320bd77f2d
terminal_952	306e3e583a1ed17aa2d478fafb8b2b9c2dd3ba92569482e3449c449816c13bed
terminal_953	0169a5b56ee4ac15ef131e1add3c4962366969f4fb58cb24aefae8e4a922f712
terminal_954	79c539563325b2c2c14bd17d946bd7442a294a13f5835a3f9bec8e7fca4f31cd
terminal_955	c461a7937754fdf9214a2ceeb106dd80c5ee9facea49a3cc2f3b5d0e9766681c
terminal_956	e34de8fbc02834922121f4356485184d38fed1d43cb453aaf69a00aa663d377f
terminal_957	49ceb8fe6360a1e3426986e6d2191e57c98bdd7834069c1683bf6e9cdba776a7
terminal_958	996953079e21fbe4dc9f53d4ae8e582a2ff1461f7a4b479d6a24443d282af77e
terminal_959	0ca7167d3fb24d2a9081e82799be5f25639f61fedc013de59b9081077026e449
terminal_96	3efeb2221e1eac5c02948535e823772704ed0ced095a129b515d24920f011368
terminal_960	2b991d9e27416b6b5eca8dad34fc1642a35615cc4e354b25a49b32ccb29338d2
terminal_961	242c98654de38660da6708852bc9b0efe2a13ea021d84da24b4b6ac77ead0767
terminal_962	c4fdd8e939186d79efcd187c401b7863f87c2bef106228344dab0305a44aeac3
terminal_963	23f10d6d54469e839accf2c7546610f4152a1476fca858cd0816e0bd17fa1b1b
terminal_964	624938ba7d73365a465c9fd81d3bcf4ddf017d54ee575c5d1300ba713b420680
terminal_965	cd319ab2306518d454670e08693f09aa03b540beeb9ae3304190f5030ff55f0d
terminal_966	475a1ef920b5aa7e9287aaaf8ff10de87f5f1e559f6b6bb7e37e9107475cd32e
terminal_967	5fbd2dad503ae393f129c85a056c21b2fdfc56ef78f438a8cfc5c9ba9b5fd75a
terminal_968	4668543bc75f32836144600a4e18254b04b86facd35f279dd7ec31a40a58c3b1
terminal_969	013d310eeb8be99a9536c980d61571d519e2539fe7d7e23b2c3576e81d6afa2c
terminal_97	fbb458593c2b1929b8f3df5171c0d37284ec4a06aed0109f08fb568893c985c6
terminal_970	8bb0341ea621f255f6ede0c3ba3946820157b304002dd73f4f9687a1724fa92b
terminal_971	30aadf278afbacdb20a6265cd692b58831f1b60ec9d44756f9471b1b33b27d34
terminal_972	ec09fe2248e91bd92993a337dcd618077a3fb01ecdb4e5d6c63039dfa17dea63
terminal_973	9815782c9ce2ec47af42ea33f944de8886f51900b6bf6547ebd53d638b2b2f3c
terminal_974	d4e97cf052b8122430e9bd80e9d5e2d05ac1d759649193264e501f4d4092b6d9
terminal_975	9f0b78d9dc1620b1f15bf3eea38d7d61592b33806d0f96d7d17bc276ddb1613f
terminal_976	445677be78469b8a135f3cd4bc0c8cd5ffc277679538a7942cac5219397f6f61
terminal_977	234faeb04bd33b5cf3262dcb4546907bb9f15e6be379277a4dc5ecc8a2c6bed9
terminal_978	4bbc888fc898366475d4692a6e1f5e34f8d5bdb2c18cde943190e31bdd678f7b
terminal_979	f0eae3b3684aea322b32cc0bb4c523d01506dea6c66812638cb3e576f439c42f
terminal_98	5716149cdfa1050b56c0109bc814b962f2a18dcf67df4aea10a04eb36f5ab9de
terminal_980	9f538723bd909d570edcb5bc4c133cb31d4c70c55308d5794225b92c7b5be1d8
terminal_981	b30266f96b7e4b0f19eb551a731ca2e2d73c77fc544bede1ab2225804464d680
terminal_982	b884bf0ee064661b716a8542c784a7232270828bc2e6234d04a86e122b29b37f
terminal_983	1e37c40e19c697c9833db99560598e6daddef2dc02fbea0bd28b4d7a86700d95
terminal_984	29066cee29b9b723abaa2e81c2c130023a5087770f5d578bc05e60ee56da4e42
terminal_985	1174014f348278e85e5354c44e61be3be2b6c4fbc949a6d5de45d01f730d26d8
terminal_986	aee80a1b3c789969d1759ec1548b6e141b49a942ba9232361a5e469ff407e285
terminal_987	c80916ba3f7cf4a676bbdb4d87234e4172c0db172f0c6601c59dc2f93b15d7c7
terminal_988	bb67e433269509c39898d25b2f86acb15225b6a8c18c3a92e2ecc3e7365dc36d
terminal_989	55e2c56f083dd9e679e465b661da28b39aaa78361bf1b5c0daba1d6bb2955fdc
terminal_99	cd2bca9b7a455dd77e82f94caac67f356369bbfba4888e4fec389d805f24c31b
terminal_990	87fd8cebdf15e0cba7d9fff2b800f3e614d0a545321642b82f85ae8a3b117b59
terminal_991	d0762e6e597dec535fb41d56b901245954a1753a652a61955d36a229c45fbd51
terminal_992	18afb5f6059cd451c63ef28ef38651c0a35542e9eebc45bd3767b76cc7a424d7
terminal_993	badef392141bb3fdc91752456d9351748e163087ed7d3eebea63d990be962a6e
terminal_994	3116074a9e7969c293fe55c4164196958ec2bba7d00202d1857fc314b63708ff
terminal_995	f9bc591adc9f4a05993484b7ce616a6f15f296ad4db87c7b076d91d43ffc17d3
terminal_996	c6cb72814652ca60ce649f965f32922d116151036629b58142c179b8a24cfe2c
terminal_997	fc5312fd59e9af32335a6701b1babc00b20499e32dfff13025fabc6b383dc012
terminal_998	f2037cbcf25bf9f100e0842e83c3698915f510f7f11d6dca912e29cd68776d1a
terminal_999	93b6018ecaa4fe305f35f7c6d93d24034f0d67342d398e21976fcee322d0203b
