query	target	evalue	prob	qtmscore	ttmscore	alntmscore	alnlen
1cnt2	9NL2_A	3.739E+00	0.010	2.338E-01	3.090E-02	5.599E-01	53
1cnt2	23OR_A	5.640E+00	0.008	2.655E-01	1.069E-01	5.775E-01	52
1cnt2	9LPA_A	5.358E+00	0.007	2.957E-01	1.225E-01	4.490E-01	103
1cnt2	7UIN_D	2.891E+00	0.007	1.899E-01	9.104E-02	2.230E-01	126
1cnt2	7R08_A	5.358E+00	0.000	2.408E-01	8.382E-02	2.779E-01	112
1cnt2	9LBQ_A	9.396E+00	0.000	2.668E-01	1.218E-01	5.779E-01	52
1cnt2	9WN8_A	9.396E+00	0.000	2.712E-01	1.117E-01	5.917E-01	52
1cnt2	9Z6Z_H	6.923E+00	0.000	1.897E-01	5.335E-02	2.476E-01	135
1cnt2	9Z6Y_A	9.396E+00	0.000	1.403E-01	4.506E-02	5.381E-01	33
1cnt2	26CZ_A	6.249E+00	0.000	1.897E-01	5.405E-02	2.524E-01	109
1cnt2	8C8J_A	7.286E+00	0.000	1.147E-01	2.922E-02	2.552E-01	56
1cnt2	24NC_A	9.882E+00	0.000	1.155E-01	4.532E-02	1.902E-01	80
1dcsA	8UB7_A	3.576E+00	0.009	7.831E-02	6.755E-02	6.474E-01	27
1dcsA	8UBD_A	5.825E+00	0.000	8.118E-02	7.061E-02	6.017E-01	28
1dcsA	9IOA_A	3.801E+00	0.000	1.089E-01	6.888E-02	2.654E-01	107
1dcsA	8UW3_A	8.382E+00	0.000	1.402E-01	3.576E-02	5.716E-01	84
1dcsA	7R08_A	2.801E+00	0.000	8.308E-02	6.549E-02	1.650E-01	125
1dcsA	9VHE_A	8.382E+00	0.000	6.119E-02	6.222E-02	4.358E-01	38
1dcsA	8FLI_B	2.801E+00	0.000	1.181E-01	8.623E-02	1.398E-01	316
1dcsA	8OZ7_A	6.579E+00	0.000	4.935E-02	2.639E-02	4.070E-01	33
1dcsA	5HHK_A	5.157E+00	0.000	8.138E-02	7.847E-02	1.734E-01	142
1dcsA	9HDO_A	4.295E+00	0.000	9.381E-02	3.601E-02	1.326E-01	200
1dcsA	5HHJ_A	7.427E+00	0.000	8.021E-02	7.731E-02	1.712E-01	142
1dcsA	6ME0_C	6.579E+00	0.000	4.489E-02	3.778E-02	2.156E-01	44
1dcsA	6MEC_C	7.427E+00	0.000	8.843E-02	6.564E-02	1.718E-01	144
1dcsA	8C8J_A	7.427E+00	0.000	7.775E-02	3.780E-02	1.646E-01	122
1dcsA	8GH6_A	6.579E+00	0.000	1.019E-01	4.498E-02	1.232E-01	398
1dcsA	9K6G_A	6.579E+00	0.000	8.923E-02	3.463E-02	1.547E-01	145
1dcsA	5VBS_A	8.382E+00	0.000	6.822E-02	7.440E-02	1.736E-01	129
1dcsA	7KFT_C	7.891E+00	0.000	5.545E-02	3.516E-02	1.652E-01	85
1dcsA	9Z6Y_H	7.891E+00	0.000	4.749E-02	2.775E-02	1.988E-01	52
1dcsA	9Z6Z_H	8.903E+00	0.000	4.651E-02	2.999E-02	2.049E-01	47
1dcsA	8SXT_A	8.903E+00	0.000	8.900E-02	4.704E-02	1.230E-01	213
1el6A	23OR_A	1.221E+00	0.024	2.513E-01	1.594E-01	3.621E-01	173
1el6A	9Z6Y_A	7.861E-01	0.020	2.161E-01	1.255E-01	2.691E-01	225
1el6A	9Z6Z_A	1.156E+00	0.016	2.552E-01	1.435E-01	3.142E-01	225
1el6A	1RTD_A	1.898E+00	0.011	1.957E-01	8.849E-02	3.504E-01	110
1el6A	9E8Z_H	2.118E+00	0.010	1.707E-01	1.283E-01	3.314E-01	106
1el6A	9X94_A	3.674E+00	0.008	2.388E-01	1.552E-01	3.464E-01	175
1el6A	8UBD_A	3.115E+00	0.000	1.049E-01	7.617E-02	2.903E-01	54
1el6A	9X9B_A	5.398E+00	0.000	2.531E-01	1.634E-01	3.709E-01	183
1el6A	6AR1_A	1.796E+00	0.000	1.002E-01	6.366E-02	2.007E-01	105
1el6A	5HHJ_A	4.333E+00	0.000	9.669E-02	7.374E-02	3.063E-01	53
1el6A	9LBQ_A	6.025E+00	0.000	2.538E-01	1.786E-01	3.695E-01	164
1el6A	9I2G_B	4.101E+00	0.000	1.474E-01	6.277E-02	3.508E-01	73
1el6A	9Z6Y_H	4.101E+00	0.000	1.744E-01	7.076E-02	3.411E-01	120
1el6A	5VBS_A	3.291E+00	0.000	1.737E-01	1.536E-01	2.332E-01	137
1el6A	5HHK_A	5.110E+00	0.000	9.668E-02	7.402E-02	3.066E-01	53
1el6A	9N69_E	5.110E+00	0.000	1.724E-01	1.264E-01	3.472E-01	105
1el6A	8QBK_A	7.919E+00	0.000	1.274E-01	8.869E-02	5.655E-01	37
1el6A	9IOA_A	5.110E+00	0.000	1.546E-01	7.697E-02	3.179E-01	110
1el6A	7KFT_C	5.398E+00	0.000	1.775E-01	7.807E-02	3.646E-01	96
1el6A	8C8J_A	5.398E+00	0.000	1.786E-01	6.718E-02	3.061E-01	134
1el6A	9S1F_B	4.333E+00	0.000	1.895E-01	8.426E-02	2.473E-01	201
1el6A	9I2F_A	4.578E+00	0.000	1.648E-01	7.327E-02	2.421E-01	176
1el6A	8OZ7_A	5.398E+00	0.000	1.632E-01	6.733E-02	3.419E-01	113
1el6A	8GH6_A	3.674E+00	0.000	1.013E-01	3.687E-02	1.997E-01	133
1el6A	9DOU_A	5.110E+00	0.000	1.270E-01	4.160E-02	2.315E-01	138
1el6A	9HDO_A	5.703E+00	0.000	1.528E-01	4.413E-02	3.006E-01	119
1el6A	9WN8_A	8.362E+00	0.000	1.759E-01	1.157E-01	3.783E-01	110
1el6A	7R08_A	9.321E+00	0.000	1.947E-01	9.283E-02	4.545E-01	96
1el6A	9Z6Z_H	7.100E+00	0.000	1.693E-01	7.042E-02	3.280E-01	120
1el6A	8SXT_A	6.722E+00	0.000	1.561E-01	5.910E-02	2.915E-01	118
1el6A	26CZ_A	9.839E+00	0.000	1.836E-01	7.385E-02	3.662E-01	115
1el6A	9NL2_A	7.100E+00	0.000	1.409E-01	3.783E-02	2.875E-01	119
1el6A	7XJG_A	9.321E+00	0.000	1.886E-01	1.321E-01	2.574E-01	187
1el6A	9K6G_A	9.321E+00	0.000	1.244E-01	4.011E-02	2.069E-01	135
1el6A	5G2X_C	9.839E+00	0.000	1.049E-01	5.998E-02	1.310E-01	189
1fviA	7V9U_A	2.666E+00	0.000	1.213E-01	1.048E-01	1.595E-01	261
1fviA	1RTD_A	3.992E+00	0.000	1.414E-01	8.130E-02	2.117E-01	183
1fviA	9HDO_A	3.768E+00	0.000	8.873E-02	3.228E-02	2.415E-01	81
1fviA	7KFT_C	3.358E+00	0.000	6.727E-02	4.191E-02	1.639E-01	94
1fviA	8GH6_A	8.422E+00	0.000	8.431E-02	3.087E-02	3.392E-01	62
1fviA	9K6G_A	3.992E+00	0.000	1.008E-01	3.842E-02	2.100E-01	94
1fviA	8BGJ_A	7.095E+00	0.000	3.760E-02	4.810E-02	3.868E-01	20
1fviA	9N69_E	7.513E+00	0.000	9.501E-02	8.404E-02	2.921E-01	71
1fviA	8QBM_A	7.955E+00	0.000	9.848E-02	8.639E-02	3.101E-01	62
1fviA	7R08_A	8.916E+00	0.000	8.375E-02	5.155E-02	2.571E-01	72
1fviA	9I2F_A	8.422E+00	0.000	8.702E-02	4.701E-02	2.312E-01	63
1fviA	9YFD_A	8.422E+00	0.000	1.042E-01	3.749E-02	1.754E-01	148
1fviA	9L7P_E	9.985E+00	0.000	6.253E-02	5.739E-02	2.116E-01	38
1fviA	5G2X_C	9.436E+00	0.000	6.035E-02	3.734E-02	1.706E-01	72
1hq0A	9YFD_A	3.069E+00	0.000	1.137E-01	3.988E-02	2.502E-01	132
1hq0A	8BGJ_A	2.730E+00	0.000	5.467E-02	7.306E-02	2.809E-01	61
1hq0A	8QBL_A	8.281E+00	0.000	6.862E-02	6.597E-02	4.362E-01	41
1hq0A	7V9X_A	7.815E+00	0.000	7.205E-02	6.834E-02	4.504E-01	42
1hq0A	9VHE_A	4.902E+00	0.000	5.919E-02	6.297E-02	2.377E-01	51
1hq0A	5HHL_A	6.192E+00	0.000	7.542E-02	7.607E-02	2.350E-01	76
1hq0A	8QBK_A	6.957E+00	0.000	5.506E-02	5.264E-02	2.892E-01	56
1hq0A	9X94_A	6.957E+00	0.000	4.624E-02	4.012E-02	2.566E-01	34
1hq0A	9X9B_A	5.510E+00	0.000	8.599E-02	7.288E-02	2.370E-01	118
1hq0A	9Z6Y_A	7.374E+00	0.000	1.135E-01	9.166E-02	2.627E-01	148
1hq0A	9I2G_B	5.510E+00	0.000	5.733E-02	3.530E-02	1.939E-01	102
1hq0A	9VHL_A	6.192E+00	0.000	5.931E-02	6.311E-02	2.374E-01	51
1hq0A	9NNB_B	5.510E+00	0.000	5.885E-02	5.639E-02	2.366E-01	51
1hq0A	7XJG_A	7.815E+00	0.000	5.682E-02	5.464E-02	2.805E-01	56
1hq0A	8GH6_A	6.957E+00	0.000	5.365E-02	2.469E-02	2.144E-01	40
1hq0A	9DOU_A	6.957E+00	0.000	5.002E-02	2.218E-02	2.810E-01	38
1hq0A	9N69_E	9.845E+00	0.000	6.226E-02	6.015E-02	1.983E-01	54
1hq0A	8QBM_A	9.845E+00	0.000	4.136E-02	3.957E-02	4.003E-01	13
1hq0A	9LBQ_A	6.957E+00	0.000	5.174E-02	4.815E-02	1.690E-01	34
1hq0A	9WN8_A	6.957E+00	0.000	4.738E-02	4.064E-02	1.640E-01	34
1hq0A	7R08_A	8.774E+00	0.000	5.945E-02	4.081E-02	2.714E-01	35
1htjF	7UIN_D	3.240E+00	0.000	1.789E-01	9.649E-02	2.463E-01	158
1htjF	9WY8_A	4.737E+00	0.000	1.690E-01	7.600E-02	3.169E-01	91
1htjF	9X94_A	7.254E+00	0.000	1.822E-01	1.020E-01	5.233E-01	56
1htjF	26CZ_A	4.518E+00	0.000	1.883E-01	6.452E-02	2.325E-01	171
1htjF	8BGJ_A	6.004E+00	0.000	1.243E-01	1.121E-01	2.966E-01	51
1htjF	9X9B_A	9.176E+00	0.000	1.461E-01	8.078E-02	5.378E-01	37
1htjF	9D4S_A	4.108E+00	0.000	1.335E-01	7.416E-02	2.076E-01	143
1htjF	6AR1_A	4.308E+00	0.000	1.497E-01	7.589E-02	2.146E-01	160
1htjF	7V9X_A	9.614E+00	0.000	1.308E-01	8.027E-02	4.923E-01	30
1htjF	7XJG_A	8.756E+00	0.000	1.308E-01	8.027E-02	4.922E-01	30
1htjF	9Z6Y_A	8.355E+00	0.000	1.465E-01	8.172E-02	3.112E-01	90
1htjF	9Z6Z_A	6.920E+00	0.000	1.003E-01	5.530E-02	2.839E-01	42
1htjF	9Z6Z_H	6.920E+00	0.000	1.837E-01	6.694E-02	2.125E-01	184
1htjF	9NL2_A	8.355E+00	0.000	8.796E-02	2.614E-02	3.048E-01	50
1htjF	8GH6_A	9.614E+00	0.000	1.601E-01	4.626E-02	2.527E-01	119
1htjF	9Z6Y_H	8.355E+00	0.000	1.469E-01	6.260E-02	1.839E-01	167
1iq8A	9I2F_A	1.368E+00	0.000	1.130E-01	1.126E-01	1.925E-01	351
1iq8A	7KFT_C	8.836E+00	0.000	4.693E-02	4.764E-02	7.256E-01	31
1iq8A	9S1F_B	2.796E+00	0.000	1.239E-01	1.250E-01	2.118E-01	343
1iq8A	8UB7_A	4.108E+00	0.000	5.070E-02	7.378E-02	2.153E-01	115
1iq8A	1RTD_A	4.108E+00	0.000	5.222E-02	5.408E-02	2.350E-01	125
1iq8A	9I2G_B	2.954E+00	0.000	1.251E-01	1.250E-01	1.901E-01	354
1iq8A	9VHE_A	6.730E+00	0.000	5.435E-02	9.591E-02	3.169E-01	57
1iq8A	9HDO_A	1.704E+00	0.000	6.510E-02	4.449E-02	1.034E-01	375
1iq8A	8C8J_A	3.889E+00	0.000	8.054E-02	7.128E-02	1.282E-01	323
1iq8A	9DOU_A	6.032E+00	0.000	4.459E-02	3.105E-02	1.896E-01	123
1iq8A	9VHL_A	8.836E+00	0.000	5.458E-02	9.754E-02	3.185E-01	57
1iq8A	5HHJ_A	9.328E+00	0.000	3.907E-02	6.867E-02	3.408E-01	31
1iq8A	9L7P_E	4.340E+00	0.000	4.236E-02	6.214E-02	1.535E-01	84
1iq8A	8UBD_A	7.506E+00	0.000	4.605E-02	7.151E-02	2.443E-01	84
1iq8A	9WY8_A	4.844E+00	0.000	6.135E-02	6.734E-02	1.329E-01	237
1iq8A	24NC_A	5.711E+00	0.000	6.923E-02	7.434E-02	1.561E-01	242
1iq8A	7R06_A	7.506E+00	0.000	5.397E-02	5.282E-02	1.747E-01	146
1iq8A	9Z6Z_H	6.032E+00	0.000	8.198E-02	7.763E-02	1.539E-01	330
1iq8A	8SXT_A	4.108E+00	0.000	7.383E-02	6.294E-02	1.239E-01	359
1iq8A	8BGJ_A	7.506E+00	0.000	3.980E-02	7.639E-02	1.496E-01	85
1iq8A	7XJG_A	7.108E+00	0.000	4.545E-02	7.144E-02	1.559E-01	106
1iq8A	9Z6Z_A	9.845E+00	0.000	3.886E-02	4.735E-02	2.283E-01	63
1iq8A	7R08_A	9.328E+00	0.000	6.284E-02	7.228E-02	1.781E-01	195
1iq8A	8GH6_A	6.730E+00	0.000	7.634E-02	6.000E-02	9.517E-02	563
1iq8A	9K6G_A	5.406E+00	0.000	7.535E-02	5.415E-02	1.205E-01	394
1jmvA	1RTD_A	1.196E+00	0.020	2.435E-01	8.193E-02	4.224E-01	77
1jmvA	9S1F_B	4.700E-01	0.020	2.647E-01	9.870E-02	2.731E-01	168
1jmvA	9I2F_A	2.095E+00	0.007	2.607E-01	9.763E-02	2.687E-01	179
1jmvA	9DOU_A	2.525E+00	0.000	9.692E-02	2.504E-02	2.815E-01	49
1jmvA	7V9U_A	3.447E+00	0.000	1.259E-01	7.530E-02	2.552E-01	60
1jmvA	9NNB_B	6.826E+00	0.000	1.479E-01	7.371E-02	4.903E-01	29
1jmvA	9VHL_A	6.416E+00	0.000	1.528E-01	8.466E-02	3.774E-01	53
1jmvA	7V9X_A	3.904E+00	0.000	1.129E-01	7.179E-02	2.608E-01	59
1jmvA	7XJG_A	3.668E+00	0.000	1.162E-01	7.000E-02	2.663E-01	58
1jmvA	9VHE_A	7.261E+00	0.000	1.531E-01	8.477E-02	3.776E-01	53
1jmvA	9LPA_A	8.214E+00	0.000	1.112E-01	4.536E-02	4.948E-01	35
1jmvA	9I2G_B	6.030E+00	0.000	2.318E-01	9.059E-02	2.682E-01	150
1jmvA	9YFD_A	6.416E+00	0.000	2.867E-01	6.756E-02	3.045E-01	199
1jmvA	9L7P_E	7.261E+00	0.000	1.289E-01	6.903E-02	2.896E-01	53
1jmvA	9LBQ_A	6.030E+00	0.000	1.229E-01	6.788E-02	1.791E-01	126
1jmvA	8UBD_A	7.723E+00	0.000	1.250E-01	7.205E-02	2.773E-01	84
1jmvA	23OR_A	6.030E+00	0.000	1.240E-01	5.707E-02	1.688E-01	135
1jmvA	9NL3_A	5.327E+00	0.000	1.646E-01	4.485E-02	1.825E-01	151
1jmvA	9NL2_A	7.261E+00	0.000	2.316E-01	4.396E-02	3.109E-01	110
1jmvA	8UW3_A	8.214E+00	0.000	1.978E-01	3.222E-02	3.311E-01	108
1jmvA	6AR1_A	6.826E+00	0.000	1.389E-01	6.365E-02	1.580E-01	164
1jmvA	5HHL_A	9.872E+00	0.000	1.341E-01	7.723E-02	1.577E-01	148
1jmvA	9E8Z_H	9.872E+00	0.000	9.354E-02	5.298E-02	1.742E-01	76
1jyeA	9I2G_B	8.539E-01	0.008	1.712E-01	9.585E-02	2.177E-01	240
1jyeA	9I2F_A	7.566E-01	0.008	1.718E-01	9.474E-02	2.256E-01	234
1jyeA	9Z6Y_A	4.372E+00	0.000	1.028E-01	7.205E-02	2.976E-01	80
1jyeA	9IOA_A	8.997E+00	0.000	5.151E-02	2.864E-02	9.492E-01	14
1jyeA	9Z6Y_H	7.081E+00	0.000	6.405E-02	3.149E-02	4.701E-01	42
1jyeA	9Z6Z_H	7.519E+00	0.000	8.068E-02	3.871E-02	4.113E-01	46
1jyeA	7R06_A	7.984E+00	0.000	8.149E-02	4.142E-02	3.753E-01	63
1jyeA	7V9X_A	9.548E+00	0.000	6.325E-02	5.522E-02	4.837E-01	41
1jyeA	9Z6Z_A	8.476E+00	0.000	8.517E-02	5.906E-02	2.829E-01	81
1jyeA	9WY8_A	8.997E+00	0.000	9.096E-02	5.429E-02	3.496E-01	44
1jyeA	24NC_A	8.997E+00	0.000	7.147E-02	4.054E-02	2.973E-01	74
1jyeA	9K6G_A	8.997E+00	0.000	1.346E-01	4.772E-02	2.793E-01	140
1k4tA	9HDO_A	4.698E-01	0.090	7.921E-02	4.656E-02	3.905E-01	114
1k4tA	9K6G_A	7.827E-01	0.063	7.903E-02	4.622E-02	3.782E-01	118
1k4tA	8UW3_A	5.762E-01	0.011	7.851E-02	3.770E-02	1.537E-01	347
1k4tA	7UIN_D	1.178E+00	0.000	6.052E-02	7.875E-02	1.343E-01	191
1k4tA	8QBL_A	3.439E+00	0.000	3.947E-02	6.166E-02	2.100E-01	59
1k4tA	7UIM_D	2.532E+00	0.000	5.524E-02	7.292E-02	1.232E-01	242
1k4tA	7R06_A	4.914E+00	0.000	6.702E-02	6.402E-02	2.351E-01	133
1k4tA	9NNB_B	4.914E+00	0.000	5.956E-02	9.608E-02	2.221E-01	121
1k4tA	8QBK_A	6.023E+00	0.000	3.931E-02	6.172E-02	2.069E-01	59
1k4tA	8QBM_A	6.023E+00	0.000	4.693E-02	6.915E-02	1.885E-01	77
1k4tA	9LPA_A	8.584E+00	0.000	6.486E-02	9.151E-02	2.334E-01	188
1k4tA	9I2F_A	7.377E+00	0.000	5.103E-02	4.984E-02	2.357E-01	161
1k4tA	9D4S_A	7.760E+00	0.000	6.193E-02	8.108E-02	1.626E-01	230
1k4tA	6ME0_C	8.162E+00	0.000	6.204E-02	7.935E-02	2.275E-01	173
1k4tA	9WY8_A	9.492E+00	0.000	5.624E-02	6.169E-02	2.719E-01	107
1k4tA	8GH6_A	8.162E+00	0.000	5.472E-02	4.072E-02	2.089E-01	89
1k4tA	9NL3_A	8.584E+00	0.000	5.020E-02	3.154E-02	1.593E-01	172
1k4tA	9E8Z_H	9.978E+00	0.000	3.361E-02	5.401E-02	2.217E-01	71
1k4tA	6MEC_C	9.978E+00	0.000	5.923E-02	7.406E-02	1.731E-01	135
1k4tA	9LJE_A	9.978E+00	0.000	5.724E-02	7.282E-02	1.998E-01	124
1k4tA	8FLI_B	9.027E+00	0.000	6.629E-02	7.620E-02	1.821E-01	135
1k4tA	7R08_A	7.760E+00	0.000	5.455E-02	5.993E-02	1.104E-01	273
1k4tA	9I2G_B	7.377E+00	0.000	5.073E-02	4.980E-02	1.508E-01	193
1k4tA	6AR1_A	8.584E+00	0.000	4.771E-02	5.820E-02	1.193E-01	179
1k4tA	9S1F_B	9.492E+00	0.000	4.790E-02	4.757E-02	1.171E-01	195
4bllA	7V9X_A	3.960E+00	0.000	9.287E-02	9.436E-02	3.273E-01	67
4bllA	6MEC_C	3.164E+00	0.000	9.456E-02	7.679E-02	2.262E-01	128
4bllA	7UIN_D	5.542E+00	0.000	8.436E-02	7.443E-02	1.986E-01	97
4bllA	9I2G_B	5.861E+00	0.000	6.855E-02	4.199E-02	2.554E-01	39
4bllA	9I2F_A	5.240E+00	0.000	6.879E-02	4.142E-02	2.665E-01	47
4bllA	9D4S_A	8.656E+00	0.000	9.436E-02	7.721E-02	2.488E-01	87
4bllA	7KFT_C	9.666E+00	0.000	7.780E-02	4.843E-02	3.002E-01	80
4bllA	26CZ_A	7.746E+00	0.000	8.284E-02	4.547E-02	2.702E-01	93
4bllA	5G2X_C	9.148E+00	0.000	9.851E-02	7.497E-02	1.906E-01	127
4bllA	1RTD_A	9.666E+00	0.000	5.555E-02	3.631E-02	2.133E-01	71
4bllA	8GH6_A	9.148E+00	0.000	1.084E-01	4.571E-02	1.787E-01	234
4bllA	24NC_A	9.148E+00	0.000	5.750E-02	4.214E-02	1.504E-01	77
4bllA	9K6G_A	8.656E+00	0.000	5.191E-02	2.175E-02	1.693E-01	53
4i6vA	8OZ7_A	1.054E+00	0.000	7.968E-02	7.072E-02	1.008E-01	401
4i6vA	9Z6Z_H	1.609E+00	0.000	9.298E-02	7.140E-02	1.528E-01	299
4i6vA	9K6G_A	5.886E-01	0.000	7.981E-02	5.046E-02	8.816E-02	449
4i6vA	8UBD_A	3.557E+00	0.000	6.866E-02	7.999E-02	2.426E-01	93
4i6vA	8UB7_A	3.374E+00	0.000	7.255E-02	8.905E-02	2.551E-01	93
4i6vA	6MEC_C	3.750E+00	0.000	6.633E-02	6.764E-02	2.025E-01	76
4i6vA	9Z6Y_H	1.788E+00	0.000	1.150E-01	9.060E-02	1.444E-01	399
4i6vA	9X94_A	5.149E+00	0.000	6.883E-02	7.737E-02	2.191E-01	102
4i6vA	9D5X_A	3.557E+00	0.000	5.987E-02	6.337E-02	1.368E-01	147
4i6vA	9S1F_B	3.750E+00	0.000	8.725E-02	7.132E-02	1.540E-01	235
4i6vA	9I2F_A	3.374E+00	0.000	8.777E-02	7.032E-02	1.539E-01	234
4i6vA	8C8J_A	3.374E+00	0.000	6.585E-02	4.597E-02	1.318E-01	205
4i6vA	6ME0_C	8.709E+00	0.000	8.224E-02	8.408E-02	3.382E-01	92
4i6vA	9IOA_A	4.395E+00	0.000	7.922E-02	7.211E-02	1.081E-01	314
4i6vA	9YFD_A	4.633E+00	0.000	7.736E-02	3.951E-02	1.233E-01	286
4i6vA	9E8Z_H	7.844E+00	0.000	4.304E-02	5.692E-02	2.370E-01	64
4i6vA	9I2G_B	6.032E+00	0.000	7.991E-02	6.416E-02	1.461E-01	237
4i6vA	7XJG_A	9.175E+00	0.000	5.492E-02	6.863E-02	1.656E-01	98
4i6vA	9LPA_A	6.032E+00	0.000	7.209E-02	7.732E-02	1.164E-01	249
4i6vA	7R08_A	9.175E+00	0.000	1.019E-01	9.633E-02	1.466E-01	271
5hdmA	5VBS_A	4.753E+00	0.000	8.508E-02	1.380E-01	5.043E-01	47
5hdmA	1RTD_A	2.002E+00	0.000	9.423E-02	7.702E-02	2.987E-01	133
5hdmA	7V9U_A	1.221E+00	0.000	6.712E-02	8.488E-02	1.089E-01	277
5hdmA	9LJE_A	1.381E+00	0.000	6.090E-02	6.222E-02	1.481E-01	154
5hdmA	8QBK_A	1.298E+00	0.000	6.227E-02	7.681E-02	1.028E-01	279
5hdmA	7KFT_C	6.878E+00	0.000	5.206E-02	4.148E-02	3.642E-01	49
5hdmA	9S1F_B	2.409E+00	0.000	6.989E-02	5.654E-02	1.787E-01	158
5hdmA	9I2G_B	5.719E+00	0.000	6.701E-02	5.055E-02	3.883E-01	74
5hdmA	9YFD_A	7.775E+00	0.000	7.555E-02	3.249E-02	4.544E-01	52
5hdmA	9VHE_A	3.282E+00	0.000	6.847E-02	9.370E-02	1.466E-01	187
5hdmA	8QBL_A	3.085E+00	0.000	6.761E-02	8.513E-02	1.079E-01	275
5hdmA	7XJG_A	3.085E+00	0.000	5.137E-02	6.686E-02	1.504E-01	158
5hdmA	5G2X_C	4.201E+00	0.000	8.406E-02	7.861E-02	1.943E-01	122
5hdmA	7R08_A	2.563E+00	0.000	9.696E-02	9.145E-02	1.193E-01	362
5hdmA	8C8J_A	3.713E+00	0.000	5.035E-02	3.562E-02	1.441E-01	146
5hdmA	7V9X_A	4.469E+00	0.000	5.163E-02	6.677E-02	1.498E-01	157
5hdmA	6AR1_A	4.201E+00	0.000	6.506E-02	6.581E-02	1.219E-01	218
5hdmA	9C0I_A	4.469E+00	0.000	5.884E-02	5.917E-02	1.295E-01	163
5hdmA	9HDO_A	5.719E+00	0.000	6.301E-02	3.558E-02	1.626E-01	135
5hdmA	9VHL_A	7.313E+00	0.000	7.198E-02	1.017E-01	2.220E-01	113
5hdmA	8QBM_A	6.468E+00	0.000	5.958E-02	7.498E-02	1.000E-01	280
5hdmA	9Z6Z_H	5.377E+00	0.000	5.045E-02	4.911E-02	1.505E-01	166
5hdmA	8GH6_A	6.878E+00	0.000	5.175E-02	3.237E-02	1.460E-01	158
5hdmA	5HHK_A	9.920E+00	0.000	6.866E-02	8.954E-02	1.397E-01	159
5hdmA	5HHJ_A	9.920E+00	0.000	6.847E-02	8.747E-02	1.390E-01	159
5hdmA	9E8Z_H	8.266E+00	0.000	8.052E-02	9.985E-02	1.297E-01	257
5hdmA	9NNB_B	9.337E+00	0.000	7.263E-02	8.984E-02	1.233E-01	263
5hdmA	9LBQ_A	9.920E+00	0.000	5.174E-02	6.406E-02	1.701E-01	110
5hdmA	7R06_A	9.920E+00	0.000	5.519E-02	4.158E-02	1.530E-01	122
1u6zA	1RTD_A	1.253E-02	0.150	1.251E-01	1.149E-01	2.437E-01	302
1u6zA	7R06_A	4.679E-01	0.010	9.151E-02	8.025E-02	1.492E-01	321
1u6zA	23OR_A	3.435E+00	0.000	5.815E-02	7.461E-02	3.111E-01	46
1u6zA	5HHK_A	1.484E+00	0.000	8.817E-02	1.225E-01	1.397E-01	316
1u6zA	9NL2_A	2.508E+00	0.000	9.493E-02	5.504E-02	2.270E-01	189
1u6zA	9YFD_A	2.785E+00	0.000	9.854E-02	5.370E-02	2.166E-01	180
1u6zA	5HHJ_A	1.831E+00	0.000	6.667E-02	1.001E-01	1.381E-01	261
1u6zA	9N69_E	4.020E+00	0.000	6.502E-02	9.702E-02	2.725E-01	90
1u6zA	7V9U_A	4.704E+00	0.000	4.583E-02	6.493E-02	3.644E-01	52
1u6zA	9X94_A	6.438E+00	0.000	5.547E-02	7.411E-02	3.772E-01	36
1u6zA	9LPA_A	3.815E+00	0.000	5.716E-02	7.164E-02	2.357E-01	67
1u6zA	6ME0_C	4.957E+00	0.000	8.044E-02	9.279E-02	2.858E-01	132
1u6zA	6AR1_A	1.408E+00	0.000	7.367E-02	8.319E-02	1.189E-01	319
1u6zA	9WY8_A	2.258E+00	0.000	7.393E-02	7.428E-02	1.404E-01	281
1u6zA	8OZ7_A	1.564E+00	0.000	1.188E-01	1.062E-01	1.286E-01	552
1u6zA	9Z6Z_H	1.648E+00	0.000	7.773E-02	6.477E-02	1.206E-01	348
1u6zA	8UB7_A	3.260E+00	0.000	9.278E-02	1.296E-01	1.661E-01	300
1u6zA	9D4S_A	2.935E+00	0.000	1.105E-01	1.288E-01	1.479E-01	470
1u6zA	9LJE_A	2.033E+00	0.000	5.676E-02	6.603E-02	1.495E-01	175
1u6zA	9C0I_A	1.737E+00	0.000	5.760E-02	6.459E-02	1.450E-01	179
1u6zA	7KFT_C	3.815E+00	0.000	5.985E-02	5.723E-02	1.916E-01	115
1u6zA	9I2F_A	2.143E+00	0.000	7.132E-02	6.449E-02	1.309E-01	245
1u6zA	8UW3_A	1.408E+00	0.000	7.756E-02	4.051E-02	1.108E-01	342
1u6zA	7UIN_D	5.799E+00	0.000	7.519E-02	9.176E-02	2.256E-01	152
1u6zA	6MEC_C	3.260E+00	0.000	6.837E-02	7.759E-02	1.518E-01	147
1u6zA	9Z6Y_A	3.435E+00	0.000	5.759E-02	6.577E-02	1.598E-01	176
1u6zA	24NC_A	7.527E+00	0.000	6.942E-02	6.796E-02	3.430E-01	92
1u6zA	9Z6Y_H	3.435E+00	0.000	8.602E-02	7.288E-02	1.164E-01	353
1u6zA	5VBS_A	7.145E+00	0.000	4.133E-02	7.177E-02	2.878E-01	44
1u6zA	9E8Z_H	6.110E+00	0.000	5.522E-02	8.420E-02	2.541E-01	98
1u6zA	9X9B_A	9.260E+00	0.000	5.832E-02	7.602E-02	2.907E-01	46
1u6zA	9D5X_A	5.224E+00	0.000	6.322E-02	7.330E-02	1.493E-01	131
1u6zA	7R08_A	3.620E+00	0.000	1.117E-01	1.135E-01	1.357E-01	457
1u6zA	8GH6_A	8.794E+00	0.000	8.170E-02	5.195E-02	2.866E-01	116
1u6zA	9DOU_A	6.783E+00	0.000	6.043E-02	3.722E-02	2.895E-01	111
1u6zA	9K6G_A	4.020E+00	0.000	6.517E-02	4.119E-02	1.422E-01	223
1u6zA	9VHL_A	9.750E+00	0.000	5.686E-02	8.738E-02	2.516E-01	85
1u6zA	5HHL_A	4.957E+00	0.000	7.405E-02	1.107E-01	1.217E-01	315
1u6zA	8QBK_A	8.794E+00	0.000	5.283E-02	8.005E-02	2.102E-01	101
1u6zA	8QBM_A	7.527E+00	0.000	5.284E-02	8.006E-02	2.101E-01	102
1u6zA	9LBQ_A	7.929E+00	0.000	4.802E-02	6.845E-02	2.258E-01	91
1u6zA	9WN8_A	6.783E+00	0.000	5.036E-02	6.252E-02	1.677E-01	136
1u6zA	9Z6Z_A	6.110E+00	0.000	5.645E-02	6.424E-02	1.351E-01	178
1u6zA	9I2G_B	6.783E+00	0.000	5.819E-02	5.221E-02	1.593E-01	160
1u6zA	9HDO_A	5.224E+00	0.000	7.194E-02	4.985E-02	1.229E-01	295
1u6zA	8QBL_A	9.260E+00	0.000	5.298E-02	8.040E-02	2.126E-01	102
1u6zA	9L7P_E	8.794E+00	0.000	7.293E-02	9.848E-02	2.250E-01	78
1u6zA	9IOA_A	9.750E+00	0.000	7.012E-02	7.134E-02	2.467E-01	139
1u6zA	8C8J_A	9.260E+00	0.000	5.759E-02	4.341E-02	2.057E-01	122
1u6zA	8SXT_A	6.438E+00	0.000	6.905E-02	5.771E-02	1.073E-01	322
2aneH	9YFD_A	2.436E+00	0.007	2.045E-01	3.886E-02	2.753E-01	91
2aneH	9K6G_A	7.186E+00	0.000	1.834E-01	2.443E-02	4.068E-01	55
2aneH	9Z6Y_A	5.410E+00	0.000	1.506E-01	5.058E-02	2.730E-01	26
2aneH	8UW3_A	4.828E+00	0.000	1.896E-01	3.540E-02	2.104E-01	114
2aneH	9Z6Z_A	7.604E+00	0.000	1.462E-01	4.858E-02	2.757E-01	25
2aneH	1RTD_A	5.111E+00	0.000	9.361E-02	3.128E-02	2.229E-01	51
2aneH	5HHL_A	6.416E+00	0.000	9.224E-02	5.338E-02	1.960E-01	73
2bhgA	8QBL_A	5.214E+00	0.000	1.046E-01	7.119E-02	2.638E-01	86
2bhgA	8QBM_A	5.214E+00	0.000	6.822E-02	4.441E-02	2.740E-01	24
2bhgA	8OZ7_A	7.517E+00	0.000	8.099E-02	2.851E-02	3.148E-01	23
2bhgA	8GH6_A	9.741E+00	0.000	7.788E-02	1.890E-02	4.023E-01	20
2bhgA	8UW3_A	2.636E+00	0.000	7.642E-02	1.926E-02	1.646E-01	79
2bhgA	5HHK_A	6.773E+00	0.000	5.319E-02	3.851E-02	3.532E-01	20
2bhgA	9I2F_A	5.495E+00	0.000	9.361E-02	4.374E-02	2.445E-01	94
2bhgA	5HHJ_A	7.517E+00	0.000	5.325E-02	3.842E-02	3.528E-01	20
2bhgA	8QBK_A	9.251E+00	0.000	7.838E-02	5.223E-02	2.436E-01	21
2bhgA	9X94_A	5.495E+00	0.000	1.342E-01	8.655E-02	1.390E-01	248
2bhgA	9I2G_B	5.790E+00	0.000	1.235E-01	5.523E-02	1.635E-01	228
2bhgA	7R06_A	7.919E+00	0.000	7.786E-02	3.049E-02	2.918E-01	34
2bhgA	9VHE_A	9.251E+00	0.000	9.249E-02	7.194E-02	2.222E-01	77
2bhgA	9VHL_A	8.785E+00	0.000	9.171E-02	7.107E-02	2.270E-01	76
2bhgA	5HHL_A	8.341E+00	0.000	5.595E-02	3.883E-02	2.549E-01	20
2bhgA	9N69_E	8.785E+00	0.000	8.181E-02	6.103E-02	1.992E-01	80
2bhgA	9L7P_E	8.341E+00	0.000	9.298E-02	6.438E-02	2.316E-01	75
2bhgA	9X9B_A	9.251E+00	0.000	5.497E-02	3.382E-02	2.664E-01	17
2bhgA	23OR_A	7.919E+00	0.000	6.989E-02	4.205E-02	1.604E-01	88
2h88A	9D4S_A	5.499E-01	0.000	6.162E-02	7.205E-02	1.464E-01	194
2h88A	8OZ7_A	2.484E+00	0.000	5.655E-02	5.766E-02	2.445E-01	99
2h88A	5HHL_A	1.391E+00	0.000	6.543E-02	1.013E-01	1.158E-01	324
2h88A	7R08_A	3.517E+00	0.000	6.709E-02	8.149E-02	2.567E-01	141
2h88A	9D5X_A	4.979E+00	0.000	4.455E-02	6.471E-02	3.589E-01	41
2h88A	8FLI_B	3.319E+00	0.000	4.564E-02	5.846E-02	2.194E-01	119
2h88A	9I2G_B	2.632E+00	0.000	5.222E-02	5.417E-02	1.308E-01	152
2h88A	6ME0_C	4.434E+00	0.000	4.251E-02	5.703E-02	1.939E-01	99
2h88A	6MEC_C	4.434E+00	0.000	4.107E-02	5.307E-02	1.918E-01	101
2h88A	9LJE_A	6.273E+00	0.000	5.155E-02	7.061E-02	2.633E-01	64
2h88A	7KFT_C	7.457E+00	0.000	3.175E-02	3.403E-02	4.044E-01	48
2h88A	26CZ_A	7.040E+00	0.000	3.531E-02	3.422E-02	3.072E-01	64
2h88A	8UB7_A	3.517E+00	0.000	6.458E-02	1.022E-01	1.123E-01	344
2h88A	7UIN_D	5.921E+00	0.000	4.457E-02	5.921E-02	1.704E-01	132
2h88A	1RTD_A	8.364E+00	0.000	3.157E-02	3.479E-02	3.728E-01	21
2h88A	8UBD_A	7.457E+00	0.000	6.932E-02	1.128E-01	1.530E-01	296
2h88A	9WN8_A	6.273E+00	0.000	5.667E-02	8.413E-02	1.243E-01	266
2h88A	23OR_A	7.898E+00	0.000	3.717E-02	5.500E-02	1.431E-01	111
2h88A	9IOA_A	8.364E+00	0.000	3.324E-02	3.784E-02	3.071E-01	55
2h88A	8GH6_A	9.925E+00	0.000	3.283E-02	2.379E-02	2.695E-01	64
2h88A	9VHE_A	8.364E+00	0.000	4.143E-02	7.982E-02	1.956E-01	103
2h88A	9NNB_B	7.457E+00	0.000	5.999E-02	8.540E-02	1.090E-01	245
2h88A	9LBQ_A	8.856E+00	0.000	4.102E-02	6.486E-02	1.422E-01	115
2h88A	24NC_A	9.925E+00	0.000	7.625E-02	8.581E-02	2.136E-01	204
2qyuA	24NC_A	7.877E-01	0.040	9.518E-02	1.092E-01	3.639E-01	133
2qyuA	7R06_A	3.311E-01	0.040	1.005E-01	1.033E-01	2.480E-01	227
2qyuA	26CZ_A	1.016E+00	0.029	1.250E-01	1.219E-01	3.394E-01	157
2qyuA	8OZ7_A	4.060E-01	0.016	9.822E-02	1.012E-01	1.642E-01	396
2qyuA	7UIN_D	2.317E-01	0.010	8.051E-02	1.070E-01	1.143E-01	419
2qyuA	8GH6_A	1.608E+00	0.009	6.311E-02	4.737E-02	2.558E-01	160
2qyuA	8C8J_A	6.424E-01	0.008	9.543E-02	8.750E-02	1.254E-01	604
2qyuA	9E8Z_H	4.932E+00	0.007	6.781E-02	1.225E-01	4.529E-01	52
2qyuA	9WY8_A	2.183E+00	0.007	7.809E-02	9.230E-02	2.287E-01	182
2qyuA	9Z6Y_H	2.964E+00	0.007	8.704E-02	8.676E-02	2.767E-01	138
2qyuA	9YFD_A	6.104E-01	0.007	7.307E-02	5.123E-02	1.122E-01	395
2qyuA	6MEC_C	1.972E+00	0.000	6.225E-02	8.132E-02	1.805E-01	209
2qyuA	9NNB_B	6.043E+00	0.000	6.065E-02	1.081E-01	4.322E-01	55
2qyuA	8UBD_A	1.692E+00	0.000	6.476E-02	9.427E-02	1.417E-01	244
2qyuA	9K6G_A	1.452E+00	0.000	8.170E-02	6.547E-02	1.246E-01	540
2qyuA	7V9U_A	7.401E+00	0.000	6.782E-02	1.228E-01	4.848E-01	57
2qyuA	8UB7_A	2.544E+00	0.000	6.461E-02	1.010E-01	1.475E-01	251
2qyuA	9Z6Y_A	2.417E+00	0.000	8.466E-02	1.122E-01	1.470E-01	367
2qyuA	9VHE_A	2.817E+00	0.000	7.702E-02	1.278E-01	1.419E-01	302
2qyuA	6AR1_A	4.455E+00	0.000	8.386E-02	1.111E-01	1.867E-01	259
2qyuA	9Z6Z_A	2.544E+00	0.000	8.063E-02	1.055E-01	1.163E-01	479
2qyuA	5HHL_A	3.119E+00	0.000	6.485E-02	1.111E-01	1.416E-01	242
2qyuA	9L7P_E	7.036E+00	0.000	5.630E-02	9.963E-02	3.369E-01	72
2qyuA	9LBQ_A	6.688E+00	0.000	5.186E-02	8.788E-02	2.502E-01	104
2qyuA	9DOU_A	4.024E+00	0.000	6.544E-02	4.799E-02	1.672E-01	220
2qyuA	9NL2_A	1.692E+00	0.000	6.708E-02	4.708E-02	8.652E-02	502
2qyuA	8QBL_A	7.784E+00	0.000	5.084E-02	8.667E-02	2.345E-01	111
2qyuA	9X94_A	7.401E+00	0.000	4.399E-02	6.829E-02	2.744E-01	85
2qyuA	9D5X_A	3.634E+00	0.000	7.580E-02	1.009E-01	1.069E-01	456
2qyuA	9D4S_A	4.024E+00	0.000	7.055E-02	9.173E-02	1.065E-01	451
2qyuA	8FLI_B	6.688E+00	0.000	7.240E-02	9.011E-02	2.052E-01	224
2qyuA	9NL3_A	5.744E+00	0.000	7.114E-02	4.734E-02	1.725E-01	218
2qyuA	23OR_A	9.053E+00	0.000	5.231E-02	7.829E-02	2.062E-01	134
2qyuA	6ME0_C	7.036E+00	0.000	5.706E-02	7.563E-02	1.634E-01	213
2qyuA	9Z6Z_H	6.688E+00	0.000	8.929E-02	8.840E-02	1.370E-01	396
2qyuA	8SXT_A	6.043E+00	0.000	5.323E-02	4.871E-02	1.654E-01	187
2qyuA	8UW3_A	5.744E+00	0.000	9.692E-02	6.735E-02	1.168E-01	655
2qyuA	9VHL_A	7.784E+00	0.000	7.702E-02	1.273E-01	1.372E-01	304
2qyuA	9S1F_B	9.053E+00	0.000	5.200E-02	5.566E-02	1.424E-01	157
2qyuA	9HDO_A	7.401E+00	0.000	9.099E-02	6.952E-02	1.202E-01	579
3swoB	9LPA_A	3.108E+00	0.009	1.416E-01	1.472E-01	3.581E-01	169
3swoB	6MEC_C	2.028E+00	0.008	8.070E-02	7.681E-02	2.523E-01	117
3swoB	9WN8_A	4.332E+00	0.000	1.195E-01	1.295E-01	3.397E-01	161
3swoB	6AR1_A	1.525E+00	0.000	8.087E-02	7.638E-02	1.487E-01	205
3swoB	9Z6Z_A	2.028E+00	0.000	1.069E-01	1.009E-01	2.035E-01	239
3swoB	9LBQ_A	4.994E+00	0.000	1.201E-01	1.435E-01	3.366E-01	166
3swoB	6ME0_C	4.332E+00	0.000	8.352E-02	7.892E-02	2.522E-01	116
3swoB	9D5X_A	3.584E+00	0.000	1.033E-01	1.020E-01	2.092E-01	218
3swoB	9IOA_A	5.490E+00	0.000	1.056E-01	8.733E-02	2.673E-01	161
3swoB	7KFT_C	4.332E+00	0.000	1.173E-01	8.862E-02	2.326E-01	194
3swoB	9Z6Z_H	4.332E+00	0.000	8.462E-02	5.828E-02	1.641E-01	221
3swoB	9X94_A	9.216E+00	0.000	1.247E-01	1.344E-01	3.495E-01	167
3swoB	23OR_A	8.392E+00	0.000	1.209E-01	1.266E-01	3.035E-01	163
3swoB	5HHK_A	6.035E+00	0.000	8.981E-02	1.063E-01	1.414E-01	246
3swoB	5HHJ_A	5.236E+00	0.000	9.170E-02	1.096E-01	1.463E-01	250
3swoB	7UIN_D	6.035E+00	0.000	9.232E-02	9.213E-02	1.700E-01	214
3swoB	9D4S_A	8.392E+00	0.000	1.008E-01	9.762E-02	2.715E-01	118
3swoB	8OZ7_A	9.216E+00	0.000	1.252E-01	9.053E-02	2.863E-01	136
3swoB	8C8J_A	6.953E+00	0.000	8.435E-02	5.456E-02	1.666E-01	212
3swoB	9YFD_A	5.236E+00	0.000	8.502E-02	3.901E-02	1.350E-01	244
3swoB	8BGJ_A	7.640E+00	0.000	5.933E-02	8.982E-02	2.032E-01	77
3swoB	9Z6Y_A	6.327E+00	0.000	7.485E-02	7.279E-02	1.509E-01	221
3swoB	9Z6Y_H	8.392E+00	0.000	9.355E-02	6.480E-02	1.738E-01	215
4ggcA	8UW3_A	1.335E+00	0.014	6.024E-02	1.654E-02	4.930E-01	35
4ggcA	1RTD_A	4.984E+00	0.000	6.853E-02	4.445E-02	2.530E-01	57
4ggcA	9Z6Y_A	5.800E+00	0.000	5.065E-02	3.967E-02	3.217E-01	51
4ggcA	9Z6Z_A	6.100E+00	0.000	6.422E-02	5.242E-02	3.033E-01	58
4ggcA	26CZ_A	7.846E+00	0.000	5.158E-02	2.627E-02	3.337E-01	19
4ggcA	5HHJ_A	9.582E+00	0.000	5.336E-02	5.630E-02	2.466E-01	59
4ggcA	7R08_A	8.673E+00	0.000	3.155E-02	2.158E-02	2.977E-01	25
4ggcA	8OZ7_A	7.096E+00	0.000	3.865E-02	2.219E-02	1.694E-01	31
2pbiA	9D4S_A	2.201E+00	0.010	8.088E-02	8.198E-02	2.708E-01	94
2pbiA	9LPA_A	4.546E+00	0.009	7.300E-02	8.112E-02	4.365E-01	49
2pbiA	7V9U_A	1.984E+00	0.008	5.274E-02	6.667E-02	2.936E-01	51
2pbiA	8QBL_A	1.984E+00	0.008	5.770E-02	7.260E-02	2.757E-01	56
2pbiA	7XJG_A	2.571E+00	0.000	5.324E-02	6.664E-02	2.394E-01	77
2pbiA	9WN8_A	6.873E+00	0.000	7.327E-02	8.481E-02	4.663E-01	46
2pbiA	9D5X_A	2.318E+00	0.000	6.896E-02	7.185E-02	1.772E-01	122
2pbiA	9VHE_A	6.873E+00	0.000	8.952E-02	1.256E-01	3.677E-01	55
2pbiA	8QBK_A	3.163E+00	0.000	5.876E-02	7.331E-02	2.358E-01	77
2pbiA	8QBM_A	3.332E+00	0.000	5.720E-02	7.241E-02	2.433E-01	78
2pbiA	7V9X_A	3.332E+00	0.000	5.289E-02	6.656E-02	2.385E-01	78
2pbiA	7KFT_C	3.004E+00	0.000	6.696E-02	5.346E-02	1.479E-01	128
2pbiA	9L7P_E	8.884E+00	0.000	1.000E-01	1.293E-01	4.661E-01	71
2pbiA	9NNB_B	6.528E+00	0.000	8.262E-02	1.040E-01	3.073E-01	71
2pbiA	7UIN_D	3.696E+00	0.000	8.514E-02	8.866E-02	1.839E-01	166
2pbiA	8SXT_A	6.873E+00	0.000	5.641E-02	3.806E-02	2.493E-01	95
2pbiA	9I2F_A	5.042E+00	0.000	7.594E-02	5.884E-02	2.175E-01	100
2pbiA	9VHL_A	8.019E+00	0.000	8.228E-02	1.128E-01	2.893E-01	69
2pbiA	8OZ7_A	8.884E+00	0.000	9.292E-02	7.102E-02	3.273E-01	88
2pbiA	5HHL_A	5.309E+00	0.000	5.895E-02	7.916E-02	1.625E-01	145
2pbiA	23OR_A	7.236E+00	0.000	6.783E-02	7.427E-02	1.888E-01	117
2pbiA	9HDO_A	9.837E+00	0.000	7.584E-02	3.446E-02	2.376E-01	135
2pbiA	9YFD_A	6.528E+00	0.000	1.006E-01	5.211E-02	1.872E-01	163
2pbiA	9LBQ_A	9.837E+00	0.000	7.352E-02	8.594E-02	1.856E-01	110
2pbiA	9X94_A	8.884E+00	0.000	7.337E-02	7.935E-02	1.906E-01	111
2pbiA	9X9B_A	8.019E+00	0.000	6.515E-02	7.235E-02	1.845E-01	107
2pbiA	9Z6Y_A	8.019E+00	0.000	6.612E-02	6.612E-02	2.001E-01	102
2pbiA	9Z6Z_A	8.441E+00	0.000	5.882E-02	5.861E-02	1.838E-01	96
2pbiA	24NC_A	8.019E+00	0.000	6.257E-02	5.402E-02	1.635E-01	127
2pbiA	9I2G_B	8.019E+00	0.000	6.075E-02	4.616E-02	2.366E-01	75
2pbiA	26CZ_A	7.236E+00	0.000	7.198E-02	5.306E-02	1.424E-01	191
2pbiA	8UW3_A	6.873E+00	0.000	8.344E-02	3.920E-02	1.229E-01	301
2pbiA	7UIM_D	9.837E+00	0.000	7.848E-02	8.189E-02	1.795E-01	156
2pbiA	6MEC_C	9.837E+00	0.000	7.515E-02	7.529E-02	1.621E-01	154
2pbiA	9S1F_B	9.349E+00	0.000	7.734E-02	6.087E-02	1.649E-01	207
3f51C	7V9U_A	4.439E+00	0.016	2.071E-01	6.109E-02	7.863E-01	19
3f51C	9NNB_B	8.941E+00	0.000	1.756E-01	5.123E-02	8.841E-01	16
3f51C	1RTD_A	4.686E+00	0.000	2.197E-01	5.135E-02	3.598E-01	51
3f51C	8QBM_A	6.838E+00	0.000	2.079E-01	6.206E-02	5.175E-01	41
3f51C	9L7P_E	6.838E+00	0.000	1.507E-01	6.319E-02	2.955E-01	39
3f51C	7V9X_A	8.941E+00	0.000	2.074E-01	6.102E-02	5.139E-01	41
3f51C	8UBD_A	7.614E+00	0.000	2.262E-01	9.236E-02	3.320E-01	72
3f51C	8QBL_A	9.945E+00	0.000	2.068E-01	6.197E-02	5.096E-01	41
3f51C	24NC_A	7.614E+00	0.000	1.943E-01	5.762E-02	2.852E-01	66
3f51C	8GH6_A	6.479E+00	0.000	1.877E-01	3.780E-02	2.105E-01	90
3f51C	9WN8_A	9.431E+00	0.000	2.211E-01	7.288E-02	3.631E-01	53
3f51C	5G2X_C	8.941E+00	0.000	1.767E-01	4.668E-02	3.233E-01	39
3f51C	9Z6Y_H	9.945E+00	0.000	1.979E-01	4.192E-02	3.840E-01	44
3f51C	8SXT_A	8.941E+00	0.000	1.220E-01	2.542E-02	3.478E-01	29
3f51C	9E8Z_H	9.945E+00	0.000	1.343E-01	4.928E-02	3.121E-01	22
3f51C	9N69_E	9.945E+00	0.000	1.353E-01	5.053E-02	3.997E-01	22
3f51C	9LPA_A	9.945E+00	0.000	2.131E-01	5.904E-02	3.028E-01	66
3f51C	9Z6Z_A	7.614E+00	0.000	1.193E-01	4.594E-02	2.210E-01	40
3hh2D	9I2G_B	1.481E+00	0.008	7.071E-02	4.375E-02	2.527E-01	43
3hh2D	9S1F_B	1.991E+00	0.007	7.065E-02	4.431E-02	2.499E-01	43
3hh2D	6AR1_A	6.115E+00	0.000	5.710E-02	3.841E-02	4.879E-01	18
3hh2D	9HDO_A	4.292E+00	0.000	6.123E-02	1.834E-02	3.519E-01	25
3hh2D	9I2F_A	4.046E+00	0.000	7.704E-02	4.624E-02	2.631E-01	53
3hh2D	7UIN_D	5.435E+00	0.000	6.348E-02	4.897E-02	2.936E-01	47
3hh2D	9K6G_A	7.294E+00	0.000	5.754E-02	1.663E-02	4.820E-01	23
3hh2D	5HHK_A	5.765E+00	0.000	6.590E-02	6.242E-02	2.793E-01	67
3hh2D	5HHJ_A	5.435E+00	0.000	6.593E-02	6.435E-02	2.791E-01	67
3hh2D	5HHL_A	5.435E+00	0.000	6.839E-02	6.561E-02	2.114E-01	100
3hh2D	9L7P_E	7.734E+00	0.000	5.685E-02	5.069E-02	3.784E-01	32
3hh2D	9VHE_A	9.765E+00	0.000	5.121E-02	5.155E-02	4.463E-01	19
3hh2D	9WN8_A	7.734E+00	0.000	5.221E-02	4.217E-02	2.951E-01	20
3hh2D	6MEC_C	8.693E+00	0.000	6.555E-02	4.654E-02	2.421E-01	24
3hh2D	8BGJ_A	9.214E+00	0.000	4.021E-02	5.176E-02	3.411E-01	15
3hh2D	8QBL_A	8.693E+00	0.000	5.053E-02	4.558E-02	2.724E-01	25
3hh2D	7UIM_D	9.214E+00	0.000	4.419E-02	3.237E-02	3.159E-01	15
3kwlA	9C0I_A	2.798E+00	0.014	5.282E-02	6.093E-02	4.786E-01	36
3kwlA	9S1F_B	4.314E-01	0.011	1.420E-01	1.298E-01	2.061E-01	333
3kwlA	9I2G_B	9.843E-01	0.009	1.063E-01	9.426E-02	2.353E-01	215
3kwlA	9WY8_A	4.083E-01	0.008	8.090E-02	8.130E-02	1.315E-01	335
3kwlA	9I2F_A	5.088E-01	0.007	8.578E-02	7.685E-02	1.310E-01	325
3kwlA	8UW3_A	8.346E-01	0.007	5.448E-02	2.699E-02	1.367E-01	182
3kwlA	8FLI_B	1.296E+00	0.000	6.529E-02	6.936E-02	1.778E-01	167
3kwlA	9NL2_A	2.125E+00	0.000	8.261E-02	4.601E-02	2.019E-01	144
3kwlA	23OR_A	1.802E+00	0.000	7.732E-02	9.711E-02	1.707E-01	194
3kwlA	1RTD_A	4.342E+00	0.000	7.492E-02	6.877E-02	3.817E-01	74
3kwlA	9Z6Z_H	4.110E+00	0.000	8.939E-02	7.756E-02	2.768E-01	113
3kwlA	26CZ_A	9.316E-01	0.000	8.951E-02	7.647E-02	1.134E-01	488
3kwlA	8OZ7_A	1.706E+00	0.000	1.115E-01	9.893E-02	1.555E-01	429
3kwlA	7V9U_A	7.928E+00	0.000	7.047E-02	1.040E-01	3.997E-01	54
3kwlA	7UIN_D	5.712E+00	0.000	6.404E-02	7.906E-02	2.686E-01	128
3kwlA	6MEC_C	4.587E+00	0.000	5.214E-02	6.081E-02	1.867E-01	134
3kwlA	24NC_A	5.712E+00	0.000	8.140E-02	7.897E-02	2.111E-01	148
3kwlA	8SXT_A	5.119E+00	0.000	6.691E-02	4.891E-02	2.365E-01	152
3kwlA	9E8Z_H	7.109E+00	0.000	9.460E-02	1.298E-01	2.096E-01	152
3kwlA	9LBQ_A	5.712E+00	0.000	6.639E-02	9.260E-02	1.735E-01	201
3kwlA	9Z6Y_H	8.837E+00	0.000	8.895E-02	7.541E-02	2.605E-01	134
3kwlA	9K6G_A	3.890E+00	0.000	5.127E-02	2.753E-02	1.317E-01	180
3kwlA	9YFD_A	5.712E+00	0.000	9.444E-02	5.302E-02	1.660E-01	250
3kwlA	9X94_A	7.928E+00	0.000	8.483E-02	1.062E-01	1.816E-01	183
3kwlA	9DOU_A	8.371E+00	0.000	8.649E-02	5.523E-02	2.001E-01	152
3kwlA	9HDO_A	6.034E+00	0.000	5.144E-02	2.770E-02	1.341E-01	187
3kwlA	9L7P_E	7.508E+00	0.000	3.571E-02	5.144E-02	1.741E-01	68
3kwlA	9WN8_A	9.846E+00	0.000	5.871E-02	7.802E-02	1.926E-01	191
3kwlA	9LPA_A	9.846E+00	0.000	5.974E-02	7.437E-02	1.905E-01	113
3kwlA	6ME0_C	9.329E+00	0.000	5.656E-02	6.599E-02	2.157E-01	138
3kwlA	9LJE_A	9.329E+00	0.000	6.222E-02	7.181E-02	2.170E-01	143
3kwlA	5G2X_C	8.371E+00	0.000	5.312E-02	5.411E-02	1.326E-01	171
3kwlA	7R06_A	9.329E+00	0.000	9.048E-02	7.961E-02	1.741E-01	281
3kwlA	8C8J_A	6.731E+00	0.000	4.357E-02	3.623E-02	1.067E-01	183
4cdpA	9NL2_A	3.007E+00	0.010	6.171E-02	1.880E-02	6.636E-01	21
4cdpA	9X94_A	1.097E+00	0.009	5.995E-02	5.636E-02	2.769E-01	93
4cdpA	1RTD_A	2.148E+00	0.007	6.448E-02	4.253E-02	3.601E-01	35
4cdpA	9NL3_A	1.097E+00	0.007	8.099E-02	3.907E-02	1.929E-01	208
4cdpA	9X9B_A	1.624E+00	0.000	5.436E-02	5.164E-02	2.555E-01	88
4cdpA	9DOU_A	1.298E+00	0.000	7.678E-02	4.194E-02	1.825E-01	207
4cdpA	23OR_A	1.535E+00	0.000	5.799E-02	5.352E-02	1.875E-01	112
4cdpA	9LJE_A	3.007E+00	0.000	9.951E-02	8.376E-02	2.145E-01	138
4cdpA	8FLI_B	3.761E+00	0.000	5.498E-02	4.511E-02	2.746E-01	77
4cdpA	7KFT_C	1.452E+00	0.000	7.253E-02	5.009E-02	1.358E-01	217
4cdpA	9LBQ_A	3.557E+00	0.000	5.892E-02	6.022E-02	1.898E-01	112
4cdpA	9LPA_A	2.542E+00	0.000	5.395E-02	4.905E-02	1.629E-01	109
4cdpA	9C0I_A	3.761E+00	0.000	1.073E-01	8.984E-02	2.066E-01	136
4cdpA	8UW3_A	3.007E+00	0.000	6.600E-02	2.552E-02	1.481E-01	134
4cdpA	8UB7_A	7.351E+00	0.000	5.428E-02	5.502E-02	3.500E-01	22
4cdpA	9WN8_A	3.978E+00	0.000	5.567E-02	5.259E-02	1.832E-01	112
4cdpA	6ME0_C	8.213E+00	0.000	4.306E-02	3.572E-02	3.720E-01	19
4cdpA	9I2F_A	8.213E+00	0.000	5.964E-02	4.006E-02	2.918E-01	79
4cdpA	5HHJ_A	6.953E+00	0.000	7.754E-02	8.692E-02	2.076E-01	134
4cdpA	7V9U_A	6.953E+00	0.000	5.482E-02	5.715E-02	2.257E-01	79
4cdpA	8UBD_A	9.173E+00	0.000	4.747E-02	4.853E-02	4.184E-01	19
4cdpA	7UIN_D	7.770E+00	0.000	5.289E-02	4.693E-02	2.998E-01	80
4cdpA	8GH6_A	9.173E+00	0.000	6.238E-02	2.641E-02	2.300E-01	108
4cdpA	9YFD_A	9.691E+00	0.000	5.350E-02	1.865E-02	3.974E-01	34
4cdpA	5VBS_A	9.173E+00	0.000	8.035E-02	1.014E-01	1.882E-01	144
4cdpA	9N69_E	8.213E+00	0.000	6.557E-02	6.972E-02	1.957E-01	94
4cdpA	7R08_A	9.173E+00	0.000	5.429E-02	4.663E-02	2.061E-01	94
4cdpA	24NC_A	7.351E+00	0.000	7.055E-02	5.302E-02	1.692E-01	136
4cdpA	7XJG_A	9.691E+00	0.000	5.822E-02	6.109E-02	2.033E-01	115
4lubB	7XJG_A	8.239E-02	0.051	2.172E-01	1.447E-01	2.610E-01	222
4lubB	7V9U_A	1.804E-01	0.040	2.282E-01	1.529E-01	2.766E-01	221
4lubB	8QBK_A	3.296E-01	0.029	2.305E-01	1.518E-01	2.817E-01	221
4lubB	7V9X_A	2.590E-01	0.024	2.114E-01	1.396E-01	2.524E-01	243
4lubB	9D4S_A	1.242E+00	0.024	1.759E-01	9.220E-02	4.351E-01	63
4lubB	1RTD_A	2.438E-01	0.024	2.139E-01	8.941E-02	2.516E-01	231
4lubB	9D5X_A	1.401E+00	0.020	1.760E-01	9.579E-02	4.289E-01	63
4lubB	5VBS_A	6.795E-01	0.016	2.297E-01	1.846E-01	3.120E-01	210
4lubB	5HHL_A	1.580E+00	0.016	1.758E-01	1.226E-01	4.602E-01	63
4lubB	5HHJ_A	9.185E-01	0.014	2.515E-01	1.752E-01	3.226E-01	251
4lubB	8QBL_A	6.397E-01	0.014	2.172E-01	1.469E-01	2.630E-01	224
4lubB	8QBM_A	7.665E-01	0.011	2.178E-01	1.469E-01	2.633E-01	224
4lubB	9WN8_A	2.559E+00	0.010	1.774E-01	1.061E-01	3.931E-01	67
4lubB	7UIM_D	2.136E+00	0.010	2.014E-01	1.156E-01	3.838E-01	117
4lubB	7KFT_C	2.011E+00	0.010	2.142E-01	9.252E-02	3.742E-01	104
4lubB	26CZ_A	1.782E+00	0.010	1.944E-01	7.931E-02	3.257E-01	128
4lubB	9VHL_A	5.670E-01	0.009	1.571E-01	1.190E-01	1.997E-01	214
4lubB	5HHK_A	1.036E+00	0.009	2.152E-01	1.531E-01	2.709E-01	251
4lubB	6ME0_C	2.409E+00	0.009	1.988E-01	1.081E-01	3.940E-01	119
4lubB	9IOA_A	3.901E+00	0.009	2.214E-01	9.750E-02	5.379E-01	71
4lubB	9N69_E	5.670E-01	0.008	1.395E-01	9.846E-02	1.682E-01	227
4lubB	24NC_A	3.066E+00	0.008	1.638E-01	7.145E-02	4.062E-01	73
4lubB	9Z6Y_H	2.409E+00	0.008	1.487E-01	5.935E-02	3.546E-01	59
4lubB	9Z6Z_H	2.409E+00	0.008	1.477E-01	5.899E-02	3.534E-01	59
4lubB	9LBQ_A	3.673E+00	0.007	1.758E-01	1.152E-01	3.878E-01	67
4lubB	9NNB_B	1.169E+00	0.000	1.647E-01	1.152E-01	1.976E-01	227
4lubB	23OR_A	5.597E+00	0.000	2.065E-01	1.157E-01	5.368E-01	67
4lubB	9LPA_A	5.597E+00	0.000	1.979E-01	1.096E-01	5.210E-01	68
4lubB	6AR1_A	5.271E+00	0.000	1.896E-01	9.877E-02	4.441E-01	69
4lubB	8C8J_A	4.400E+00	0.000	1.951E-01	6.352E-02	3.924E-01	146
4lubB	9X9B_A	5.597E+00	0.000	1.769E-01	1.059E-01	3.960E-01	66
4lubB	7UIN_D	5.597E+00	0.000	2.289E-01	1.281E-01	4.347E-01	122
4lubB	6MEC_C	4.963E+00	0.000	1.882E-01	1.050E-01	3.647E-01	119
4lubB	8OZ7_A	4.143E+00	0.000	1.312E-01	5.048E-02	3.861E-01	63
4lubB	9HDO_A	5.271E+00	0.000	1.883E-01	4.841E-02	3.429E-01	149
4lubB	9VHE_A	2.718E+00	0.000	1.462E-01	1.126E-01	1.860E-01	212
4lubB	8UBD_A	5.943E+00	0.000	1.682E-01	1.141E-01	3.248E-01	68
4lubB	9LJE_A	6.311E+00	0.000	1.541E-01	8.298E-02	3.472E-01	71
4lubB	8UW3_A	3.256E+00	0.000	1.608E-01	4.089E-02	2.321E-01	163
4lubB	8BGJ_A	6.311E+00	0.000	1.581E-01	1.507E-01	3.272E-01	122
4lubB	9E8Z_H	7.114E+00	0.000	1.769E-01	1.179E-01	3.693E-01	134
4lubB	9L7P_E	2.887E+00	0.000	1.478E-01	1.051E-01	1.729E-01	231
4lubB	9WY8_A	3.066E+00	0.000	1.586E-01	7.905E-02	1.708E-01	264
4lubB	9I2F_A	6.311E+00	0.000	1.735E-01	7.718E-02	3.067E-01	148
4lubB	9X94_A	9.581E+00	0.000	1.691E-01	1.023E-01	3.877E-01	67
4lubB	9S1F_B	8.509E+00	0.000	1.045E-01	4.945E-02	2.241E-01	61
4lubB	8UB7_A	9.030E+00	0.000	1.077E-01	7.085E-02	2.628E-01	41
5b2nA	9L7P_E	5.601E+00	0.000	8.266E-02	7.523E-02	2.001E-01	82
5b2nA	9X9B_A	8.788E+00	0.000	1.695E-01	1.295E-01	3.839E-01	118
5b2nA	9N69_E	7.020E+00	0.000	8.870E-02	8.140E-02	2.225E-01	84
5b2nA	7UIN_D	6.415E+00	0.000	1.307E-01	1.001E-01	2.064E-01	186
5b2nA	6AR1_A	7.020E+00	0.000	1.430E-01	1.023E-01	2.246E-01	195
5b2nA	9E8Z_H	9.189E+00	0.000	9.500E-02	8.454E-02	2.567E-01	79
5b2nA	9Z6Z_A	8.403E+00	0.000	9.968E-02	6.696E-02	2.427E-01	100
5b2nA	7R08_A	9.189E+00	0.000	1.184E-01	8.054E-02	2.328E-01	124
5b2nA	9YFD_A	7.344E+00	0.000	1.589E-01	5.257E-02	1.866E-01	251
5b2nA	9HDO_A	9.189E+00	0.000	1.196E-01	4.342E-02	1.714E-01	201
5ysnA	9I2G_B	1.124E+00	0.010	1.019E-01	8.340E-02	3.005E-01	151
5ysnA	9I2F_A	1.821E+00	0.008	1.049E-01	8.607E-02	2.975E-01	154
5ysnA	5HHL_A	2.512E+00	0.000	8.391E-02	1.144E-01	1.951E-01	149
5ysnA	9WY8_A	2.027E+00	0.000	5.579E-02	5.182E-02	1.642E-01	170
5ysnA	24NC_A	3.857E+00	0.000	8.376E-02	7.541E-02	2.569E-01	110
5ysnA	5HHJ_A	4.069E+00	0.000	6.805E-02	9.364E-02	2.490E-01	88
5ysnA	5HHK_A	2.950E+00	0.000	7.716E-02	1.071E-01	1.649E-01	143
5ysnA	1RTD_A	4.778E+00	0.000	7.973E-02	6.742E-02	2.754E-01	95
5ysnA	9S1F_B	3.656E+00	0.000	8.157E-02	7.039E-02	1.919E-01	154
5ysnA	26CZ_A	5.318E+00	0.000	7.146E-02	5.436E-02	2.184E-01	115
5ysnA	9LPA_A	5.918E+00	0.000	8.272E-02	9.376E-02	1.749E-01	159
5ysnA	7UIN_D	6.585E+00	0.000	6.291E-02	7.128E-02	2.713E-01	82
5ysnA	9D4S_A	9.546E+00	0.000	5.278E-02	5.825E-02	3.981E-01	58
5ysnA	5G2X_C	6.945E+00	0.000	5.370E-02	5.046E-02	2.917E-01	76
5ysnA	9YFD_A	3.465E+00	0.000	7.100E-02	3.921E-02	1.399E-01	220
5ysnA	7UIM_D	6.945E+00	0.000	6.209E-02	6.992E-02	2.385E-01	120
5ysnA	9C0I_A	9.546E+00	0.000	4.714E-02	4.950E-02	3.518E-01	53
5ysnA	7R06_A	8.146E+00	0.000	7.718E-02	6.178E-02	2.412E-01	144
5ysnA	9E8Z_H	6.945E+00	0.000	4.212E-02	5.903E-02	1.834E-01	101
5ysnA	7V9U_A	7.725E+00	0.000	4.746E-02	6.576E-02	2.214E-01	95
5ysnA	8QBL_A	8.589E+00	0.000	4.946E-02	6.624E-02	1.752E-01	115
5ysnA	8QBM_A	8.589E+00	0.000	4.778E-02	6.630E-02	2.177E-01	95
5ysnA	6AR1_A	7.725E+00	0.000	6.731E-02	7.183E-02	1.512E-01	234
5ysnA	9LJE_A	8.146E+00	0.000	5.601E-02	5.910E-02	1.719E-01	101
5ysnA	9IOA_A	9.546E+00	0.000	7.606E-02	7.179E-02	2.002E-01	164
5ysnA	9K6G_A	6.945E+00	0.000	5.504E-02	3.136E-02	1.641E-01	120
5ysnA	8GH6_A	8.589E+00	0.000	7.506E-02	4.577E-02	1.269E-01	203
5ysnA	9DOU_A	9.055E+00	0.000	7.784E-02	4.783E-02	1.478E-01	214
3arxA	7R08_A	2.240E+00	0.000	7.170E-02	8.172E-02	2.712E-01	120
3arxA	26CZ_A	2.380E+00	0.000	5.352E-02	4.939E-02	2.377E-01	137
3arxA	9WN8_A	6.656E+00	0.000	5.284E-02	8.199E-02	4.288E-01	80
3arxA	9LPA_A	4.633E+00	0.000	4.661E-02	6.703E-02	2.864E-01	68
3arxA	5HHL_A	4.633E+00	0.000	6.349E-02	1.033E-01	2.247E-01	128
3arxA	6AR1_A	5.554E+00	0.000	7.146E-02	9.430E-02	2.916E-01	132
3arxA	5VBS_A	6.656E+00	0.000	3.222E-02	6.722E-02	4.497E-01	31
3arxA	7V9U_A	7.971E+00	0.000	2.977E-02	5.450E-02	6.316E-01	24
3arxA	9Z6Y_H	6.656E+00	0.000	5.734E-02	5.324E-02	3.055E-01	109
3arxA	9VHL_A	7.507E+00	0.000	2.949E-02	5.904E-02	3.807E-01	30
3arxA	5HHK_A	6.656E+00	0.000	5.867E-02	9.835E-02	2.292E-01	129
3arxA	8QBL_A	9.536E+00	0.000	2.806E-02	5.135E-02	6.394E-01	23
3arxA	8QBM_A	8.463E+00	0.000	2.805E-02	5.134E-02	4.856E-01	42
3arxA	7XJG_A	8.984E+00	0.000	3.047E-02	5.460E-02	5.280E-01	30
3arxA	9D5X_A	9.536E+00	0.000	2.800E-02	4.069E-02	4.646E-01	44
3arxA	7R06_A	9.536E+00	0.000	4.985E-02	4.823E-02	3.189E-01	83
3arxA	9NL2_A	7.069E+00	0.000	4.583E-02	2.609E-02	3.120E-01	55
3arxA	9X9B_A	7.507E+00	0.000	2.846E-02	3.996E-02	2.663E-01	47
3arxA	5G2X_C	8.984E+00	0.000	4.271E-02	4.725E-02	2.254E-01	82
3arxA	9YFD_A	5.899E+00	0.000	5.070E-02	3.092E-02	1.950E-01	127
3arxA	9E8Z_H	7.971E+00	0.000	4.104E-02	6.807E-02	1.473E-01	138
3arxA	8QBK_A	7.507E+00	0.000	4.679E-02	6.065E-02	1.443E-01	150
3arxA	9S1F_B	8.984E+00	0.000	4.558E-02	4.591E-02	2.028E-01	99
3ldvA	9S1F_B	3.837E-01	0.011	1.530E-01	8.572E-02	2.213E-01	135
3ldvA	9YFD_A	2.288E+00	0.000	1.653E-01	4.872E-02	2.650E-01	154
3ldvA	9I2G_B	2.927E+00	0.000	1.357E-01	7.609E-02	2.122E-01	153
3ldvA	9I2F_A	3.982E+00	0.000	1.273E-01	6.831E-02	2.558E-01	112
3ldvA	7R08_A	5.091E+00	0.000	9.539E-02	5.228E-02	2.375E-01	110
3ldvA	1RTD_A	3.744E+00	0.000	8.666E-02	4.355E-02	2.682E-01	68
3ldvA	9Z6Y_H	3.521E+00	0.000	1.014E-01	5.271E-02	1.768E-01	149
3ldvA	9NL3_A	3.982E+00	0.000	7.408E-02	2.745E-02	2.536E-01	84
3ldvA	5VBS_A	6.120E+00	0.000	6.305E-02	5.960E-02	3.996E-01	26
3ldvA	9NNB_B	9.379E+00	0.000	5.856E-02	4.380E-02	6.364E-01	15
3ldvA	9WN8_A	6.507E+00	0.000	8.608E-02	6.225E-02	2.656E-01	78
3ldvA	9D5X_A	5.091E+00	0.000	8.903E-02	5.969E-02	2.038E-01	87
3ldvA	6AR1_A	5.414E+00	0.000	1.035E-01	6.390E-02	2.048E-01	143
3ldvA	7R06_A	4.234E+00	0.000	9.822E-02	5.322E-02	1.672E-01	144
3ldvA	8UBD_A	8.827E+00	0.000	7.686E-02	5.856E-02	4.307E-01	34
3ldvA	23OR_A	8.827E+00	0.000	8.613E-02	5.838E-02	2.647E-01	78
3ldvA	9D4S_A	8.307E+00	0.000	9.031E-02	5.960E-02	2.261E-01	86
3ldvA	9LJE_A	7.354E+00	0.000	6.726E-02	4.514E-02	2.244E-01	84
3ldvA	9IOA_A	9.962E+00	0.000	7.395E-02	3.631E-02	4.708E-01	37
3ldvA	9Z6Z_H	5.091E+00	0.000	1.175E-01	6.513E-02	1.352E-01	239
3ldvA	9NL2_A	8.827E+00	0.000	9.830E-02	3.317E-02	2.296E-01	132
3ldvA	9WY8_A	8.827E+00	0.000	1.183E-01	7.133E-02	2.023E-01	141
3ldvA	26CZ_A	8.307E+00	0.000	9.422E-02	4.764E-02	2.136E-01	122
3ldvA	9DOU_A	9.962E+00	0.000	7.551E-02	3.206E-02	2.501E-01	84
4x83D	8C8J_A	8.490E+00	0.000	3.561E-02	1.999E-02	8.374E-01	14
4x83D	8GH6_A	5.631E+00	0.000	6.397E-02	3.113E-02	3.556E-01	83
4x83D	8UB7_A	6.571E+00	0.000	4.614E-02	5.371E-02	3.127E-01	24
4x83D	6ME0_C	5.079E+00	0.000	4.815E-02	4.606E-02	2.746E-01	57
4x83D	7XJG_A	8.067E+00	0.000	3.870E-02	4.773E-02	4.071E-01	17
4x83D	8UBD_A	7.664E+00	0.000	3.802E-02	4.527E-02	3.661E-01	17
4x83D	5G2X_C	7.664E+00	0.000	4.103E-02	3.328E-02	4.278E-01	18
4x83D	9HDO_A	7.281E+00	0.000	4.250E-02	1.743E-02	3.647E-01	26
4x83D	7V9U_A	8.490E+00	0.000	3.871E-02	4.848E-02	3.898E-01	17
4x83D	9LJE_A	8.067E+00	0.000	5.089E-02	4.812E-02	3.023E-01	60
4x83D	7KFT_C	6.571E+00	0.000	3.324E-02	2.431E-02	2.557E-01	35
4x83D	9S1F_B	8.934E+00	0.000	4.146E-02	2.960E-02	3.413E-01	42
4x83D	9DOU_A	8.067E+00	0.000	5.959E-02	2.922E-02	2.378E-01	84
4x83D	9YFD_A	7.281E+00	0.000	3.987E-02	1.739E-02	3.375E-01	29
4x83D	9Z6Y_H	9.889E+00	0.000	5.032E-02	3.279E-02	3.266E-01	24
6fhkA	1RTD_A	2.287E-01	0.020	1.102E-01	7.986E-02	2.325E-01	167
6fhkA	9Z6Z_A	3.036E-01	0.010	9.272E-02	8.589E-02	1.828E-01	180
6fhkA	9DOU_A	7.958E-01	0.009	1.048E-01	5.541E-02	1.971E-01	177
6fhkA	5HHJ_A	3.281E+00	0.000	9.650E-02	1.156E-01	2.517E-01	100
6fhkA	9Z6Y_A	1.484E+00	0.000	9.471E-02	8.898E-02	1.710E-01	192
6fhkA	6AR1_A	1.403E+00	0.000	9.551E-02	8.959E-02	1.442E-01	281
6fhkA	8SXT_A	1.118E+00	0.000	1.144E-01	7.211E-02	1.533E-01	292
6fhkA	9NL2_A	2.472E+00	0.000	1.020E-01	4.590E-02	2.239E-01	149
6fhkA	9N69_E	5.161E+00	0.000	7.075E-02	8.339E-02	3.565E-01	46
6fhkA	8UBD_A	3.675E+00	0.000	1.279E-01	1.438E-01	2.511E-01	200
6fhkA	9IOA_A	1.571E+00	0.000	8.261E-02	6.833E-02	1.328E-01	244
6fhkA	8C8J_A	1.971E+00	0.000	1.014E-01	6.426E-02	1.792E-01	243
6fhkA	8UW3_A	1.862E+00	0.000	1.222E-01	5.797E-02	1.463E-01	319
6fhkA	5HHL_A	3.473E+00	0.000	9.902E-02	1.206E-01	2.363E-01	103
6fhkA	5HHK_A	2.472E+00	0.000	1.052E-01	1.212E-01	1.438E-01	311
6fhkA	9WN8_A	3.101E+00	0.000	1.415E-01	1.487E-01	1.875E-01	389
6fhkA	9X94_A	4.355E+00	0.000	5.929E-02	6.231E-02	2.524E-01	51
6fhkA	9D4S_A	1.571E+00	0.000	8.415E-02	7.825E-02	1.191E-01	270
6fhkA	9C0I_A	6.843E+00	0.000	7.729E-02	6.967E-02	3.567E-01	59
6fhkA	9E8Z_H	4.609E+00	0.000	5.918E-02	7.097E-02	2.498E-01	80
6fhkA	9L7P_E	7.239E+00	0.000	6.870E-02	8.044E-02	3.887E-01	44
6fhkA	9LPA_A	3.675E+00	0.000	6.138E-02	6.168E-02	1.797E-01	107
6fhkA	7UIM_D	7.657E+00	0.000	6.194E-02	6.059E-02	4.096E-01	40
6fhkA	9I2G_B	2.336E+00	0.000	1.056E-01	7.713E-02	1.216E-01	421
6fhkA	9I2F_A	2.616E+00	0.000	9.863E-02	7.261E-02	1.133E-01	427
6fhkA	9YFD_A	2.472E+00	0.000	9.180E-02	4.187E-02	1.441E-01	278
6fhkA	8UB7_A	6.843E+00	0.000	1.182E-01	1.309E-01	2.224E-01	193
6fhkA	9X9B_A	8.566E+00	0.000	8.037E-02	8.432E-02	3.499E-01	61
6fhkA	23OR_A	4.116E+00	0.000	1.067E-01	1.093E-01	1.392E-01	340
6fhkA	9S1F_B	5.778E+00	0.000	1.185E-01	8.432E-02	1.861E-01	327
6fhkA	8OZ7_A	7.657E+00	0.000	1.012E-01	7.371E-02	2.362E-01	98
6fhkA	8GH6_A	6.843E+00	0.000	1.203E-01	6.603E-02	2.192E-01	220
6fhkA	9NNB_B	7.657E+00	0.000	5.945E-02	6.949E-02	2.316E-01	50
6fhkA	9LJE_A	6.843E+00	0.000	5.666E-02	5.238E-02	2.155E-01	79
6fhkA	7KFT_C	9.058E+00	0.000	1.139E-01	8.139E-02	3.278E-01	122
6fhkA	26CZ_A	8.099E+00	0.000	5.861E-02	3.675E-02	2.547E-01	92
6fhkA	9HDO_A	7.239E+00	0.000	1.155E-01	5.825E-02	1.608E-01	318
6fhkA	8QBK_A	7.657E+00	0.000	5.858E-02	6.884E-02	1.781E-01	120
6fhkA	7XJG_A	7.657E+00	0.000	6.083E-02	6.938E-02	1.781E-01	119
6fhkA	9WY8_A	7.657E+00	0.000	9.939E-02	8.257E-02	1.494E-01	248
6fhkA	7V9X_A	9.058E+00	0.000	5.969E-02	6.739E-02	1.767E-01	119
6fhkA	9Z6Y_H	8.099E+00	0.000	8.146E-02	6.248E-02	9.739E-02	377
3g4nA	9X94_A	6.964E+00	0.000	4.568E-02	5.682E-02	3.796E-01	55
3g4nA	9I2G_B	8.613E+00	0.000	3.672E-02	2.993E-02	2.839E-01	61
3loqA	9NL3_A	3.398E+00	0.008	1.469E-01	4.700E-02	3.599E-01	95
3loqA	9YFD_A	1.840E+00	0.008	1.830E-01	5.329E-02	2.582E-01	271
3loqA	9DOU_A	1.840E+00	0.007	1.110E-01	4.284E-02	2.376E-01	116
3loqA	8GH6_A	2.874E+00	0.000	1.175E-01	4.659E-02	2.673E-01	102
3loqA	8QBM_A	8.734E+00	0.000	6.751E-02	5.979E-02	7.961E-01	19
3loqA	7V9U_A	9.747E+00	0.000	7.097E-02	6.286E-02	7.714E-01	20
3loqA	9X94_A	8.734E+00	0.000	9.390E-02	7.364E-02	5.063E-01	31
3loqA	9NNB_B	7.823E+00	0.000	1.029E-01	9.349E-02	3.607E-01	65
3loqA	9X9B_A	9.747E+00	0.000	9.650E-02	7.506E-02	5.012E-01	46
3loqA	1RTD_A	5.609E+00	0.000	1.079E-01	6.313E-02	2.112E-01	191
3loqA	7KFT_C	9.227E+00	0.000	7.719E-02	3.910E-02	5.397E-01	24
3loqA	7UIM_D	7.823E+00	0.000	7.738E-02	5.848E-02	2.351E-01	99
3s6xC	9YFD_A	3.278E+00	0.000	7.199E-02	2.151E-02	3.612E-01	31
3s6xC	9N69_E	7.033E+00	0.000	8.552E-02	8.161E-02	3.522E-01	57
3s6xC	9E8Z_H	7.782E+00	0.000	7.934E-02	7.591E-02	3.123E-01	65
3s6xC	9I2G_B	5.456E+00	0.000	8.902E-02	5.218E-02	2.098E-01	117
3s6xC	9WN8_A	6.040E+00	0.000	5.941E-02	4.777E-02	1.268E-01	99
3s6xC	9LBQ_A	8.185E+00	0.000	5.519E-02	5.112E-02	1.864E-01	75
3s6xC	9X94_A	6.685E+00	0.000	5.184E-02	4.408E-02	1.118E-01	123
3s6xC	9X9B_A	6.685E+00	0.000	4.889E-02	4.937E-02	1.057E-01	104
3s6xC	24NC_A	8.185E+00	0.000	6.629E-02	4.217E-02	2.774E-01	34
3s6xC	9S1F_B	9.517E+00	0.000	6.605E-02	3.924E-02	1.366E-01	136
3vqtA	5HHL_A	2.342E-01	0.076	9.812E-02	1.533E-01	4.454E-01	86
3vqtA	1RTD_A	3.810E-01	0.045	1.011E-01	9.126E-02	4.104E-01	115
3vqtA	5HHJ_A	9.484E-01	0.040	8.832E-02	1.414E-01	5.320E-01	63
3vqtA	7UIN_D	6.998E-01	0.034	9.621E-02	1.193E-01	4.200E-01	108
3vqtA	5HHK_A	1.366E+00	0.029	8.837E-02	1.419E-01	5.330E-01	63
3vqtA	7UIM_D	1.366E+00	0.029	8.296E-02	1.038E-01	5.211E-01	63
3vqtA	9IOA_A	1.209E+00	0.029	8.682E-02	8.796E-02	5.169E-01	55
3vqtA	9WN8_A	6.998E-01	0.016	9.932E-02	1.274E-01	3.185E-01	123
3vqtA	9I2F_A	4.859E-01	0.016	1.281E-01	1.126E-01	3.518E-01	183
3vqtA	9LBQ_A	7.902E-01	0.014	9.522E-02	1.335E-01	3.115E-01	122
3vqtA	8UB7_A	2.090E+00	0.011	6.134E-02	8.921E-02	5.912E-01	42
3vqtA	23OR_A	9.484E-01	0.011	9.557E-02	1.197E-01	3.060E-01	122
3vqtA	9D4S_A	2.509E+00	0.011	8.882E-02	1.056E-01	5.309E-01	61
3vqtA	6AR1_A	1.451E+00	0.011	9.926E-02	1.145E-01	3.819E-01	130
3vqtA	8UBD_A	2.361E+00	0.010	5.601E-02	8.202E-02	5.941E-01	39
3vqtA	9VHL_A	9.484E-01	0.008	7.575E-02	1.207E-01	2.008E-01	159
3vqtA	9C0I_A	2.666E+00	0.008	7.109E-02	8.103E-02	3.911E-01	62
3vqtA	7R08_A	3.399E+00	0.008	7.844E-02	7.960E-02	4.690E-01	66
3vqtA	9S1F_B	1.851E+00	0.008	8.174E-02	7.321E-02	2.769E-01	152
3vqtA	9I2G_B	1.542E+00	0.008	7.918E-02	6.995E-02	2.679E-01	152
3vqtA	9VHE_A	1.138E+00	0.007	7.594E-02	1.198E-01	1.976E-01	160
3vqtA	8QBK_A	1.366E+00	0.007	7.262E-02	1.061E-01	2.165E-01	163
3vqtA	9X94_A	1.451E+00	0.007	8.860E-02	1.118E-01	2.490E-01	126
3vqtA	9LPA_A	1.742E+00	0.007	9.380E-02	1.164E-01	2.817E-01	126
3vqtA	9E8Z_H	1.209E+00	0.000	6.245E-02	9.218E-02	1.958E-01	144
3vqtA	6MEC_C	2.221E+00	0.000	7.505E-02	8.570E-02	2.648E-01	165
3vqtA	9Z6Y_H	1.639E+00	0.000	5.893E-02	4.823E-02	2.675E-01	103
3vqtA	9Z6Z_H	1.851E+00	0.000	5.903E-02	4.798E-02	2.660E-01	103
3vqtA	5VBS_A	2.509E+00	0.000	8.127E-02	1.466E-01	2.604E-01	156
3vqtA	9N69_E	1.451E+00	0.000	6.768E-02	9.854E-02	1.779E-01	171
3vqtA	7V9U_A	4.606E+00	0.000	1.081E-01	1.549E-01	3.633E-01	124
3vqtA	8QBL_A	4.606E+00	0.000	6.675E-02	9.767E-02	3.940E-01	63
3vqtA	8QBM_A	2.090E+00	0.000	7.276E-02	1.063E-01	2.176E-01	163
3vqtA	7XJG_A	2.666E+00	0.000	7.861E-02	1.154E-01	2.502E-01	155
3vqtA	9D5X_A	4.894E+00	0.000	5.401E-02	6.729E-02	5.337E-01	32
3vqtA	8UW3_A	4.334E+00	0.000	8.554E-02	3.925E-02	3.715E-01	91
3vqtA	7V9X_A	3.199E+00	0.000	7.364E-02	1.071E-01	2.247E-01	162
3vqtA	24NC_A	5.869E+00	0.000	8.272E-02	7.908E-02	3.993E-01	89
3vqtA	26CZ_A	5.200E+00	0.000	5.266E-02	4.141E-02	5.308E-01	32
3vqtA	8BGJ_A	7.037E+00	0.000	5.356E-02	1.221E-01	5.701E-01	37
3vqtA	9NNB_B	2.833E+00	0.000	7.202E-02	1.033E-01	1.913E-01	176
3vqtA	9X9B_A	4.334E+00	0.000	8.893E-02	1.139E-01	2.516E-01	126
3vqtA	9WY8_A	4.894E+00	0.000	4.422E-02	4.422E-02	3.290E-01	39
3vqtA	8SXT_A	6.236E+00	0.000	7.122E-02	5.046E-02	3.575E-01	100
3vqtA	8GH6_A	4.606E+00	0.000	6.249E-02	3.898E-02	2.610E-01	64
3vqtA	9YFD_A	5.524E+00	0.000	8.987E-02	4.358E-02	4.157E-01	86
3vqtA	6ME0_C	5.869E+00	0.000	7.878E-02	8.947E-02	2.577E-01	165
3vqtA	9Z6Z_A	5.869E+00	0.000	8.178E-02	9.406E-02	2.466E-01	162
3vqtA	8FLI_B	6.236E+00	0.000	6.654E-02	7.066E-02	3.112E-01	108
3vqtA	7R06_A	8.430E+00	0.000	6.119E-02	5.243E-02	3.590E-01	66
3vqtA	9NL3_A	3.839E+00	0.000	5.785E-02	3.196E-02	1.722E-01	168
3vqtA	9L7P_E	4.079E+00	0.000	4.443E-02	6.522E-02	1.854E-01	78
3vqtA	9Z6Y_A	8.951E+00	0.000	8.799E-02	1.026E-01	2.808E-01	162
3vqtA	8C8J_A	8.430E+00	0.000	6.532E-02	4.889E-02	1.897E-01	174
3vqtA	9HDO_A	7.474E+00	0.000	6.057E-02	3.287E-02	1.576E-01	172
3vqtA	5G2X_C	7.037E+00	0.000	5.262E-02	5.337E-02	1.177E-01	154
3vqtA	9DOU_A	9.502E+00	0.000	5.825E-02	3.425E-02	1.738E-01	163
1wqaA	5VBS_A	1.232E+00	0.057	9.380E-02	1.631E-01	6.129E-01	69
1wqaA	5HHJ_A	5.875E-01	0.034	9.787E-02	1.451E-01	3.839E-01	131
1wqaA	24NC_A	7.379E-01	0.034	8.840E-02	7.824E-02	3.990E-01	119
1wqaA	7R08_A	1.548E+00	0.024	9.081E-02	8.556E-02	4.623E-01	68
1wqaA	9Z6Y_H	9.267E-01	0.024	9.149E-02	6.921E-02	4.120E-01	128
1wqaA	9Z6Z_H	4.952E-01	0.024	9.919E-02	7.455E-02	2.952E-01	194
1wqaA	26CZ_A	9.811E-01	0.024	1.039E-01	7.696E-02	3.807E-01	117
1wqaA	7UIN_D	1.164E+00	0.020	8.802E-02	1.015E-01	3.977E-01	110
1wqaA	5HHK_A	1.100E+00	0.016	9.787E-02	1.456E-01	3.837E-01	131
1wqaA	5HHL_A	1.548E+00	0.014	9.601E-02	1.427E-01	3.702E-01	134
1wqaA	9YFD_A	9.486E-02	0.014	1.245E-01	7.056E-02	1.440E-01	527
1wqaA	8QBK_A	1.944E+00	0.009	8.676E-02	1.206E-01	3.223E-01	121
1wqaA	8QBM_A	6.584E-01	0.008	9.521E-02	1.226E-01	1.697E-01	273
1wqaA	7UIM_D	2.178E+00	0.008	7.432E-02	8.560E-02	3.467E-01	111
1wqaA	6ME0_C	3.246E+00	0.007	9.416E-02	1.023E-01	4.094E-01	110
1wqaA	8QBL_A	1.164E+00	0.000	9.094E-02	1.229E-01	1.704E-01	272
1wqaA	9X94_A	1.164E+00	0.000	5.717E-02	6.794E-02	1.857E-01	124
1wqaA	7V9U_A	3.436E+00	0.000	7.908E-02	1.098E-01	2.946E-01	124
1wqaA	7XJG_A	1.462E+00	0.000	9.739E-02	1.212E-01	1.708E-01	274
1wqaA	6MEC_C	6.795E+00	0.000	9.859E-02	1.074E-01	5.873E-01	69
1wqaA	8GH6_A	5.732E+00	0.000	8.191E-02	4.400E-02	4.211E-01	92
1wqaA	9VHL_A	4.834E+00	0.000	9.686E-02	1.475E-01	3.501E-01	127
1wqaA	9N69_E	3.436E+00	0.000	4.896E-02	7.900E-02	2.821E-01	67
1wqaA	6AR1_A	4.567E+00	0.000	8.580E-02	9.262E-02	3.665E-01	131
1wqaA	8FLI_B	3.850E+00	0.000	7.612E-02	7.571E-02	3.017E-01	99
1wqaA	7KFT_C	3.850E+00	0.000	8.693E-02	7.357E-02	2.690E-01	86
1wqaA	1RTD_A	5.416E+00	0.000	9.769E-02	8.310E-02	3.837E-01	100
1wqaA	9LPA_A	4.076E+00	0.000	6.241E-02	7.071E-02	1.963E-01	124
1wqaA	8C8J_A	1.462E+00	0.000	7.490E-02	6.123E-02	1.035E-01	382
1wqaA	9NL2_A	3.436E+00	0.000	7.580E-02	3.792E-02	1.744E-01	221
1wqaA	8UBD_A	5.732E+00	0.000	9.594E-02	1.266E-01	1.911E-01	259
1wqaA	9WN8_A	4.567E+00	0.000	6.034E-02	7.684E-02	1.715E-01	128
1wqaA	9X9B_A	4.567E+00	0.000	5.813E-02	7.156E-02	1.833E-01	125
1wqaA	23OR_A	4.314E+00	0.000	5.371E-02	6.104E-02	1.732E-01	127
1wqaA	9Z6Y_A	4.076E+00	0.000	7.216E-02	7.681E-02	1.501E-01	216
1wqaA	5G2X_C	8.516E+00	0.000	3.351E-02	3.144E-02	4.552E-01	16
1wqaA	8OZ7_A	7.608E+00	0.000	8.915E-02	7.030E-02	3.325E-01	125
1wqaA	9K6G_A	2.058E+00	0.000	7.861E-02	4.949E-02	1.023E-01	389
1wqaA	7V9X_A	4.567E+00	0.000	8.135E-02	1.033E-01	1.374E-01	272
1wqaA	9LBQ_A	7.608E+00	0.000	6.106E-02	7.714E-02	1.880E-01	128
1wqaA	9DOU_A	4.076E+00	0.000	7.929E-02	4.979E-02	1.322E-01	304
1wqaA	9HDO_A	3.850E+00	0.000	8.093E-02	4.770E-02	9.467E-02	476
1wqaA	8UW3_A	5.416E+00	0.000	8.629E-02	4.600E-02	1.279E-01	379
2hlyA	9IOA_A	1.127E+00	0.009	7.890E-02	3.454E-02	2.696E-01	62
2hlyA	8UBD_A	2.490E+00	0.000	9.418E-02	6.545E-02	2.902E-01	52
2hlyA	8FLI_B	4.579E+00	0.000	9.640E-02	5.004E-02	2.747E-01	66
2hlyA	5HHK_A	5.171E+00	0.000	8.286E-02	6.119E-02	3.135E-01	49
2hlyA	8UB7_A	3.177E+00	0.000	8.413E-02	5.789E-02	2.056E-01	56
2hlyA	9YFD_A	2.074E+00	0.000	1.083E-01	3.058E-02	2.008E-01	110
2hlyA	5HHJ_A	6.593E+00	0.000	8.446E-02	6.247E-02	3.136E-01	47
2hlyA	9NNB_B	8.915E+00	0.000	1.271E-01	8.776E-02	5.218E-01	43
2hlyA	8C8J_A	6.205E+00	0.000	7.656E-02	2.856E-02	4.691E-01	52
2hlyA	7UIM_D	6.593E+00	0.000	1.176E-01	7.203E-02	3.099E-01	45
2hlyA	1RTD_A	8.395E+00	0.000	7.921E-02	3.222E-02	3.072E-01	20
2hlyA	8OZ7_A	4.866E+00	0.000	1.064E-01	4.628E-02	2.368E-01	90
2hlyA	9DOU_A	6.205E+00	0.000	8.734E-02	2.420E-02	4.058E-01	56
2hlyA	8BGJ_A	7.904E+00	0.000	1.102E-01	1.111E-01	2.816E-01	75
2hlyA	8QBM_A	5.495E+00	0.000	8.376E-02	5.941E-02	2.154E-01	88
2hlyA	7UIN_D	8.395E+00	0.000	1.107E-01	6.932E-02	3.038E-01	46
2hlyA	9D4S_A	8.915E+00	0.000	1.086E-01	6.123E-02	2.783E-01	60
2hlyA	9LJE_A	7.904E+00	0.000	9.061E-02	4.783E-02	3.037E-01	62
2hlyA	9NL2_A	5.839E+00	0.000	8.972E-02	2.229E-02	2.549E-01	62
2hlyA	8QBL_A	7.004E+00	0.000	5.479E-02	4.174E-02	1.673E-01	79
2hlyA	7V9X_A	7.004E+00	0.000	6.405E-02	4.904E-02	1.827E-01	76
2hlyA	6MEC_C	9.466E+00	0.000	7.528E-02	4.033E-02	2.705E-01	44
2hlyA	9Z6Y_H	8.915E+00	0.000	6.798E-02	2.742E-02	2.552E-01	72
2hlyA	9HDO_A	7.004E+00	0.000	7.661E-02	2.485E-02	2.019E-01	101
2hlyA	7XJG_A	8.915E+00	0.000	6.360E-02	4.872E-02	1.839E-01	76
2hlyA	8SXT_A	9.466E+00	0.000	1.111E-01	4.370E-02	1.338E-01	201
2hlyA	9K6G_A	7.904E+00	0.000	1.199E-01	3.765E-02	1.340E-01	209
2o7tA	6ME0_C	3.992E+00	0.014	1.971E-01	9.635E-02	5.129E-01	68
2o7tA	6MEC_C	3.156E+00	0.014	1.944E-01	1.065E-01	4.025E-01	123
2o7tA	9Z6Y_H	1.972E+00	0.009	1.788E-01	8.679E-02	1.898E-01	241
2o7tA	23OR_A	3.156E+00	0.007	1.434E-01	8.343E-02	2.364E-01	129
2o7tA	8FLI_B	6.383E+00	0.007	1.969E-01	8.766E-02	5.322E-01	70
2o7tA	7R08_A	1.972E+00	0.007	1.401E-01	7.692E-02	1.512E-01	192
2o7tA	8C8J_A	3.308E+00	0.007	1.570E-01	7.297E-02	2.403E-01	117
2o7tA	8QBK_A	6.091E+00	0.000	1.557E-01	1.015E-01	4.167E-01	63
2o7tA	9WN8_A	4.818E+00	0.000	1.517E-01	9.283E-02	3.128E-01	115
2o7tA	9S1F_B	7.009E+00	0.000	1.287E-01	5.911E-02	3.892E-01	80
2o7tA	9Z6Z_H	5.812E+00	0.000	2.353E-01	9.524E-02	2.615E-01	188
2o7tA	9VHL_A	4.597E+00	0.000	1.341E-01	1.004E-01	2.115E-01	117
2o7tA	5HHK_A	5.812E+00	0.000	8.515E-02	6.218E-02	2.920E-01	29
2o7tA	8QBL_A	7.694E+00	0.000	1.556E-01	1.012E-01	4.170E-01	63
2o7tA	7UIN_D	3.992E+00	0.000	1.057E-01	6.723E-02	1.636E-01	115
2o7tA	8OZ7_A	4.818E+00	0.000	1.705E-01	8.622E-02	2.058E-01	188
2o7tA	5HHL_A	6.383E+00	0.000	8.648E-02	6.322E-02	2.912E-01	29
2o7tA	9NNB_B	5.292E+00	0.000	1.364E-01	9.270E-02	2.127E-01	116
2o7tA	9LPA_A	5.049E+00	0.000	1.181E-01	7.246E-02	1.972E-01	130
2o7tA	9NL2_A	5.049E+00	0.000	1.259E-01	3.023E-02	1.948E-01	139
2o7tA	5HHJ_A	7.694E+00	0.000	8.501E-02	6.195E-02	2.918E-01	29
2o7tA	8QBM_A	8.445E+00	0.000	1.028E-01	7.836E-02	2.820E-01	63
2o7tA	9L7P_E	9.703E+00	0.000	1.256E-01	8.480E-02	3.395E-01	62
2o7tA	9LBQ_A	7.009E+00	0.000	1.375E-01	9.905E-02	2.230E-01	107
2o7tA	9IOA_A	7.344E+00	0.000	1.146E-01	5.041E-02	2.570E-01	79
2o7tA	24NC_A	6.091E+00	0.000	1.406E-01	7.896E-02	1.661E-01	191
2o7tA	26CZ_A	6.383E+00	0.000	1.415E-01	7.740E-02	1.635E-01	185
2o7tA	8GH6_A	9.703E+00	0.000	1.828E-01	5.042E-02	3.122E-01	102
2o7tA	9WY8_A	6.091E+00	0.000	1.347E-01	7.675E-02	1.488E-01	208
2o7tA	7KFT_C	6.689E+00	0.000	1.129E-01	5.146E-02	1.525E-01	146
2o7tA	7R06_A	9.265E+00	0.000	1.959E-01	8.606E-02	2.089E-01	203
2o7tA	8SXT_A	6.689E+00	0.000	1.463E-01	5.536E-02	1.878E-01	149
2o7tA	9VHE_A	9.703E+00	0.000	1.301E-01	9.879E-02	2.049E-01	118
2w59A	9NL2_A	8.024E+00	0.000	7.091E-02	1.733E-02	2.390E-01	25
2w59A	9YFD_A	8.467E+00	0.000	5.484E-02	1.365E-02	2.073E-01	23
4bouA	9LPA_A	2.214E+00	0.000	1.819E-01	9.273E-02	2.779E-01	136
4bouA	9WN8_A	5.939E+00	0.000	1.578E-01	7.565E-02	3.355E-01	54
4bouA	9Z6Z_H	3.286E+00	0.000	2.172E-01	8.384E-02	2.335E-01	160
4bouA	9E8Z_H	5.939E+00	0.000	9.420E-02	5.054E-02	3.220E-01	51
4bouA	7R08_A	5.939E+00	0.000	1.583E-01	6.640E-02	2.664E-01	93
4bouA	7R06_A	5.208E+00	0.000	1.602E-01	6.289E-02	2.182E-01	105
4bouA	7KFT_C	6.771E+00	0.000	1.420E-01	4.685E-02	2.764E-01	61
4bouA	9Z6Y_H	7.716E+00	0.000	1.727E-01	6.632E-02	2.135E-01	110
4bouA	8UW3_A	8.789E+00	0.000	8.435E-02	1.400E-02	4.300E-01	44
4bouA	9VHE_A	8.236E+00	0.000	8.726E-02	4.942E-02	3.266E-01	45
4bouA	7UIN_D	8.789E+00	0.000	1.512E-01	7.899E-02	2.415E-01	78
4bouA	9WY8_A	8.789E+00	0.000	1.806E-01	7.771E-02	2.202E-01	118
4bouA	9I2F_A	8.236E+00	0.000	1.038E-01	2.940E-02	3.383E-01	26
4bouA	8SXT_A	6.342E+00	0.000	1.400E-01	5.540E-02	1.594E-01	136
4bouA	5VBS_A	8.789E+00	0.000	8.829E-02	5.463E-02	2.222E-01	17
4bouA	9S1F_B	8.236E+00	0.000	1.157E-01	4.513E-02	1.453E-01	126
4g2aA	9X94_A	1.003E+00	0.009	1.101E-01	1.006E-01	2.247E-01	136
4g2aA	9LPA_A	1.269E+00	0.009	1.283E-01	1.151E-01	2.456E-01	187
4g2aA	9Z6Z_H	7.056E-01	0.009	9.352E-02	5.489E-02	1.931E-01	145
4g2aA	26CZ_A	3.700E-01	0.009	7.728E-02	5.284E-02	1.385E-01	179
4g2aA	9VHE_A	2.151E+00	0.008	1.105E-01	1.253E-01	3.442E-01	107
4g2aA	9LBQ_A	2.419E+00	0.000	1.207E-01	1.213E-01	2.333E-01	177
4g2aA	9X9B_A	1.804E+00	0.000	1.267E-01	1.204E-01	2.317E-01	180
4g2aA	6ME0_C	1.345E+00	0.000	1.041E-01	8.732E-02	2.063E-01	178
4g2aA	6MEC_C	1.345E+00	0.000	1.081E-01	9.007E-02	2.079E-01	172
4g2aA	6AR1_A	1.701E+00	0.000	1.063E-01	8.861E-02	1.971E-01	165
4g2aA	8C8J_A	2.281E+00	0.000	7.489E-02	4.593E-02	2.145E-01	121
4g2aA	9N69_E	4.101E+00	0.000	5.608E-02	5.820E-02	3.882E-01	23
4g2aA	7V9X_A	2.419E+00	0.000	8.601E-02	8.768E-02	2.476E-01	135
4g2aA	9WN8_A	2.281E+00	0.000	1.249E-01	1.197E-01	2.178E-01	195
4g2aA	7R08_A	2.029E+00	0.000	8.161E-02	6.146E-02	2.150E-01	132
4g2aA	24NC_A	3.059E+00	0.000	1.026E-01	6.746E-02	2.893E-01	112
4g2aA	9Z6Y_H	1.427E+00	0.000	8.518E-02	5.137E-02	1.665E-01	157
4g2aA	9VHL_A	4.611E+00	0.000	1.100E-01	1.247E-01	3.374E-01	107
4g2aA	9E8Z_H	3.868E+00	0.000	9.182E-02	9.584E-02	2.692E-01	134
4g2aA	8QBL_A	2.281E+00	0.000	9.703E-02	9.858E-02	1.963E-01	157
4g2aA	23OR_A	3.647E+00	0.000	1.212E-01	1.090E-01	2.392E-01	145
4g2aA	7UIN_D	2.281E+00	0.000	9.214E-02	8.190E-02	1.665E-01	142
4g2aA	8UW3_A	2.565E+00	0.000	8.752E-02	3.486E-02	1.973E-01	147
4g2aA	7XJG_A	4.349E+00	0.000	8.532E-02	8.689E-02	2.303E-01	135
4g2aA	9S1F_B	4.889E+00	0.000	6.704E-02	4.141E-02	3.457E-01	49
4g2aA	9I2G_B	3.647E+00	0.000	6.400E-02	3.905E-02	2.909E-01	38
4g2aA	5HHK_A	7.799E+00	0.000	7.560E-02	8.118E-02	3.261E-01	44
4g2aA	9D5X_A	5.827E+00	0.000	1.446E-01	1.271E-01	2.566E-01	171
4g2aA	9LJE_A	8.757E+00	0.000	4.193E-02	3.250E-02	5.194E-01	14
4g2aA	9IOA_A	5.496E+00	0.000	1.322E-01	9.834E-02	2.171E-01	203
4g2aA	5HHJ_A	9.278E+00	0.000	7.223E-02	7.732E-02	3.601E-01	42
4g2aA	7V9U_A	5.496E+00	0.000	6.155E-02	6.369E-02	1.852E-01	55
4g2aA	8QBK_A	5.827E+00	0.000	1.012E-01	1.048E-01	2.177E-01	176
4g2aA	9D4S_A	7.799E+00	0.000	1.583E-01	1.330E-01	2.998E-01	173
4g2aA	8QBM_A	6.549E+00	0.000	7.809E-02	8.047E-02	1.407E-01	170
4g2aA	9Z6Y_A	6.549E+00	0.000	5.677E-02	4.813E-02	1.508E-01	136
4g2aA	9C0I_A	8.265E+00	0.000	5.309E-02	4.270E-02	2.683E-01	39
4g2aA	1RTD_A	4.889E+00	0.000	7.794E-02	4.986E-02	1.529E-01	192
4g2aA	9I2F_A	5.827E+00	0.000	9.115E-02	5.948E-02	1.846E-01	103
4g2aA	7R06_A	5.496E+00	0.000	7.568E-02	4.773E-02	1.318E-01	193
4g2aA	5HHL_A	8.265E+00	0.000	5.108E-02	5.549E-02	2.299E-01	34
4g2aA	9NNB_B	8.757E+00	0.000	9.000E-02	9.275E-02	2.565E-01	125
4g2aA	7UIM_D	8.265E+00	0.000	5.445E-02	4.702E-02	2.341E-01	32
4r9iA	24NC_A	1.018E+00	0.014	4.578E-02	3.558E-02	3.931E-01	28
4r9iA	6AR1_A	3.095E+00	0.008	4.889E-02	4.464E-02	4.786E-01	21
4r9iA	9LJE_A	2.571E+00	0.007	5.300E-02	4.865E-02	3.666E-01	28
4r9iA	9YFD_A	1.152E+00	0.007	7.617E-02	3.005E-02	2.851E-01	91
4r9iA	9VHL_A	3.962E+00	0.000	4.647E-02	6.221E-02	3.853E-01	21
4r9iA	5HHK_A	2.417E+00	0.000	4.380E-02	5.370E-02	2.840E-01	24
4r9iA	26CZ_A	4.482E+00	0.000	5.711E-02	3.769E-02	4.559E-01	42
4r9iA	5HHJ_A	2.909E+00	0.000	4.378E-02	5.354E-02	2.851E-01	24
4r9iA	9IOA_A	6.896E+00	0.000	4.198E-02	3.342E-02	4.464E-01	19
4r9iA	8C8J_A	2.272E+00	0.000	6.498E-02	4.146E-02	1.905E-01	92
4r9iA	8QBM_A	3.095E+00	0.000	3.928E-02	4.617E-02	2.132E-01	20
4r9iA	9LPA_A	7.332E+00	0.000	6.130E-02	6.254E-02	4.406E-01	44
4r9iA	9VHE_A	8.286E+00	0.000	4.650E-02	6.250E-02	3.863E-01	21
4r9iA	8QBK_A	4.214E+00	0.000	3.907E-02	4.591E-02	1.948E-01	20
4r9iA	9WN8_A	8.286E+00	0.000	6.154E-02	6.578E-02	4.468E-01	44
4r9iA	8OZ7_A	3.724E+00	0.000	9.037E-02	6.419E-02	1.931E-01	165
4r9iA	8GH6_A	4.482E+00	0.000	6.236E-02	3.179E-02	2.523E-01	90
4r9iA	5HHL_A	6.485E+00	0.000	4.189E-02	5.142E-02	2.518E-01	23
4r9iA	8QBL_A	6.099E+00	0.000	3.936E-02	4.629E-02	2.106E-01	20
4r9iA	9X94_A	8.286E+00	0.000	7.655E-02	7.796E-02	2.796E-01	83
4r9iA	7UIN_D	7.795E+00	0.000	4.674E-02	4.570E-02	2.432E-01	70
4r9iA	7R08_A	6.896E+00	0.000	4.683E-02	3.969E-02	2.444E-01	71
4r9iA	9Z6Y_H	5.735E+00	0.000	7.716E-02	5.266E-02	1.993E-01	144
4r9iA	9L7P_E	7.332E+00	0.000	3.740E-02	4.442E-02	2.402E-01	21
4r9iA	7UIM_D	8.807E+00	0.000	5.629E-02	5.528E-02	1.880E-01	74
4r9iA	1RTD_A	3.962E+00	0.000	5.929E-02	4.295E-02	1.234E-01	179
4r9iA	9DOU_A	8.807E+00	0.000	7.435E-02	3.565E-02	2.437E-01	93
4r9iA	9HDO_A	7.332E+00	0.000	5.949E-02	2.734E-02	2.044E-01	92
4r9iA	7V9X_A	9.944E+00	0.000	6.306E-02	7.234E-02	2.629E-01	56
4r9iA	9Z6Z_A	8.286E+00	0.000	4.997E-02	4.669E-02	1.429E-01	92
4r9iA	9C0I_A	9.359E+00	0.000	3.939E-02	3.673E-02	2.083E-01	36
4r9iA	8UW3_A	9.359E+00	0.000	6.746E-02	2.702E-02	1.815E-01	153
6fgcA	9YFD_A	6.246E-01	0.009	1.049E-01	4.911E-02	1.936E-01	191
6fgcA	1RTD_A	7.932E+00	0.000	6.939E-02	5.271E-02	5.328E-01	39
6fgcA	8QBM_A	5.952E+00	0.000	7.452E-02	9.122E-02	2.120E-01	123
6fgcA	9X94_A	4.726E+00	0.000	5.497E-02	6.091E-02	1.835E-01	91
6fgcA	23OR_A	4.210E+00	0.000	5.561E-02	6.077E-02	1.831E-01	92
6fgcA	7R08_A	6.304E+00	0.000	4.951E-02	4.344E-02	1.946E-01	74
6fgcA	9I2G_B	7.490E+00	0.000	1.309E-01	1.009E-01	2.864E-01	187
6fgcA	9I2F_A	7.072E+00	0.000	1.110E-01	8.537E-02	2.376E-01	175
6fgcA	5HHL_A	9.961E+00	0.000	6.094E-02	8.123E-02	2.259E-01	107
6fgcA	7V9U_A	7.072E+00	0.000	7.855E-02	9.591E-02	1.846E-01	156
6fgcA	8QBK_A	8.398E+00	0.000	7.590E-02	9.413E-02	2.199E-01	123
6fgcA	8QBL_A	7.932E+00	0.000	8.174E-02	9.943E-02	1.840E-01	163
6fgcA	9X9B_A	6.304E+00	0.000	5.396E-02	6.053E-02	1.837E-01	89
6fgcA	9C0I_A	8.398E+00	0.000	3.815E-02	3.772E-02	2.515E-01	49
6fgcA	9LPA_A	8.398E+00	0.000	5.276E-02	5.606E-02	1.789E-01	91
6fgcA	24NC_A	7.490E+00	0.000	6.062E-02	5.023E-02	1.185E-01	179
6fgcA	8GH6_A	7.932E+00	0.000	5.906E-02	3.719E-02	1.161E-01	204
2wbfX	9IOA_A	8.299E-01	0.007	7.633E-02	4.437E-02	2.119E-01	142
2wbfX	8UB7_A	3.254E+00	0.000	7.621E-02	6.217E-02	3.763E-01	78
2wbfX	5HHL_A	4.721E+00	0.000	5.128E-02	4.678E-02	3.780E-01	29
2wbfX	5HHK_A	3.920E+00	0.000	6.499E-02	6.092E-02	2.904E-01	78
2wbfX	5HHJ_A	5.023E+00	0.000	6.501E-02	6.100E-02	2.902E-01	78
2wbfX	7UIM_D	7.279E+00	0.000	6.679E-02	4.810E-02	5.375E-01	23
2wbfX	9HDO_A	2.107E+00	0.000	8.901E-02	3.467E-02	1.413E-01	180
2wbfX	9YFD_A	6.434E+00	0.000	9.484E-02	2.637E-02	4.370E-01	46
2wbfX	9D4S_A	6.843E+00	0.000	8.158E-02	5.377E-02	4.249E-01	60
2wbfX	8FLI_B	8.752E+00	0.000	7.370E-02	4.876E-02	2.636E-01	78
2wbfX	9Z6Z_H	7.741E+00	0.000	7.866E-02	3.998E-02	2.423E-01	71
2wbfX	5VBS_A	8.752E+00	0.000	3.214E-02	3.441E-02	4.543E-01	11
2wbfX	6AR1_A	6.048E+00	0.000	8.485E-02	6.089E-02	1.667E-01	90
2wbfX	8OZ7_A	9.888E+00	0.000	7.947E-02	4.451E-02	1.758E-01	156
3e3xA	8FLI_B	3.374E-02	0.326	1.974E-01	1.338E-01	4.583E-01	154
3e3xA	5VBS_A	2.951E-01	0.126	1.976E-01	2.253E-01	5.138E-01	130
3e3xA	6ME0_C	2.349E-01	0.126	1.944E-01	1.417E-01	4.834E-01	142
3e3xA	9WN8_A	2.633E-01	0.116	1.940E-01	1.616E-01	4.715E-01	158
3e3xA	6MEC_C	4.401E-01	0.098	2.061E-01	1.502E-01	5.091E-01	140
3e3xA	26CZ_A	3.125E-01	0.098	1.908E-01	9.523E-02	5.056E-01	133
3e3xA	9LBQ_A	3.503E-01	0.082	1.862E-01	1.703E-01	4.385E-01	145
3e3xA	9LPA_A	3.308E-01	0.082	1.869E-01	1.506E-01	4.375E-01	159
3e3xA	7V9U_A	6.948E-01	0.069	1.954E-01	1.834E-01	5.070E-01	147
3e3xA	8QBK_A	5.530E-01	0.057	1.507E-01	1.413E-01	4.473E-01	78
3e3xA	7UIM_D	1.036E+00	0.057	1.344E-01	1.023E-01	5.848E-01	48
3e3xA	8UBD_A	6.948E-01	0.051	1.844E-01	1.655E-01	4.845E-01	130
3e3xA	1RTD_A	1.545E+00	0.045	1.375E-01	7.552E-02	5.991E-01	50
3e3xA	8QBM_A	1.097E+00	0.040	1.869E-01	1.749E-01	4.660E-01	141
3e3xA	7V9X_A	9.785E-01	0.040	1.817E-01	1.676E-01	4.631E-01	148
3e3xA	7XJG_A	1.459E+00	0.040	1.981E-01	1.824E-01	5.156E-01	147
3e3xA	5HHL_A	1.097E+00	0.034	1.657E-01	1.630E-01	4.554E-01	89
3e3xA	9X9B_A	8.245E-01	0.034	1.719E-01	1.429E-01	4.082E-01	163
3e3xA	7KFT_C	3.125E-01	0.034	1.743E-01	9.714E-02	2.708E-01	271
3e3xA	8QBL_A	1.161E+00	0.029	1.764E-01	1.650E-01	4.411E-01	147
3e3xA	23OR_A	1.302E+00	0.029	1.942E-01	1.562E-01	4.812E-01	158
3e3xA	8UB7_A	1.732E+00	0.020	1.846E-01	1.646E-01	4.855E-01	130
3e3xA	5HHJ_A	2.582E+00	0.016	1.314E-01	1.282E-01	5.563E-01	48
3e3xA	7R08_A	2.733E+00	0.014	1.154E-01	7.122E-02	5.726E-01	48
3e3xA	7UIN_D	3.635E+00	0.011	1.346E-01	1.023E-01	5.866E-01	48
3e3xA	9I2G_B	5.530E-01	0.011	1.847E-01	1.008E-01	2.210E-01	343
3e3xA	9Z6Y_H	3.244E+00	0.011	1.593E-01	7.661E-02	5.485E-01	129
3e3xA	9Z6Z_H	3.244E+00	0.011	1.624E-01	7.788E-02	5.573E-01	129
3e3xA	5HHK_A	4.074E+00	0.010	1.314E-01	1.286E-01	5.560E-01	48
3e3xA	9X94_A	2.439E+00	0.010	1.738E-01	1.443E-01	4.137E-01	161
3e3xA	9NNB_B	8.730E-01	0.009	1.210E-01	1.142E-01	2.111E-01	197
3e3xA	9Z6Y_A	3.434E+00	0.009	1.847E-01	1.350E-01	4.405E-01	162
3e3xA	6AR1_A	3.434E+00	0.009	1.736E-01	1.263E-01	4.890E-01	86
3e3xA	24NC_A	4.566E+00	0.009	1.575E-01	9.102E-02	5.985E-01	66
3e3xA	9I2F_A	1.229E+00	0.009	2.007E-01	1.102E-01	2.387E-01	343
3e3xA	9D4S_A	3.849E+00	0.008	1.733E-01	1.272E-01	4.626E-01	167
3e3xA	8OZ7_A	4.834E+00	0.007	1.683E-01	8.992E-02	4.688E-01	136
3e3xA	9N69_E	2.733E+00	0.000	1.488E-01	1.399E-01	2.657E-01	185
3e3xA	8BGJ_A	5.734E+00	0.000	1.672E-01	2.200E-01	4.107E-01	142
3e3xA	9E8Z_H	4.566E+00	0.000	1.945E-01	1.832E-01	3.231E-01	238
3e3xA	9S1F_B	3.244E+00	0.000	1.947E-01	1.090E-01	2.526E-01	316
3e3xA	9VHL_A	4.074E+00	0.000	1.521E-01	1.581E-01	2.674E-01	192
3e3xA	9Z6Z_A	4.313E+00	0.000	1.436E-01	1.075E-01	2.308E-01	223
3e3xA	9VHE_A	5.117E+00	0.000	1.349E-01	1.403E-01	2.364E-01	196
3e3xA	9L7P_E	7.614E+00	0.000	1.484E-01	1.390E-01	2.645E-01	188
4djaA	9Z6Y_H	2.027E+00	0.000	1.118E-01	9.566E-02	2.122E-01	265
4djaA	9Z6Z_H	1.568E+00	0.000	1.152E-01	9.769E-02	1.873E-01	318
4djaA	9YFD_A	5.962E+00	0.000	9.182E-02	4.421E-02	4.927E-01	86
4djaA	26CZ_A	1.568E+00	0.000	1.001E-01	8.603E-02	1.469E-01	331
4djaA	9X9B_A	5.381E+00	0.000	6.023E-02	8.139E-02	2.756E-01	77
4djaA	9Z6Z_A	3.059E+00	0.000	7.093E-02	8.148E-02	1.680E-01	141
4djaA	9LPA_A	6.950E+00	0.000	6.521E-02	8.352E-02	2.653E-01	89
4djaA	9WY8_A	3.569E+00	0.000	9.818E-02	1.002E-01	1.564E-01	305
4djaA	24NC_A	3.220E+00	0.000	7.615E-02	7.510E-02	1.538E-01	175
4djaA	7R06_A	2.906E+00	0.000	8.721E-02	7.798E-02	1.324E-01	390
4djaA	9E8Z_H	7.696E+00	0.000	7.916E-02	1.188E-01	2.840E-01	113
4djaA	8QBL_A	6.604E+00	0.000	7.411E-02	9.526E-02	2.342E-01	131
4djaA	8QBM_A	7.314E+00	0.000	7.600E-02	1.086E-01	2.509E-01	121
4djaA	7UIN_D	5.112E+00	0.000	9.209E-02	1.117E-01	1.690E-01	256
4djaA	9D5X_A	6.950E+00	0.000	1.119E-01	1.305E-01	1.605E-01	410
4djaA	6ME0_C	6.950E+00	0.000	4.199E-02	5.057E-02	1.958E-01	104
4djaA	9S1F_B	8.098E+00	0.000	9.401E-02	8.794E-02	2.484E-01	137
4djaA	8OZ7_A	4.383E+00	0.000	7.841E-02	7.148E-02	1.035E-01	384
4djaA	8GH6_A	9.428E+00	0.000	6.918E-02	4.489E-02	2.269E-01	95
4djaA	7V9U_A	8.098E+00	0.000	6.381E-02	8.990E-02	1.285E-01	182
4djaA	7V9X_A	6.950E+00	0.000	4.748E-02	6.597E-02	1.723E-01	92
4djaA	8C8J_A	8.520E+00	0.000	8.912E-02	7.066E-02	1.474E-01	284
4djaA	8UW3_A	6.604E+00	0.000	1.026E-01	5.439E-02	1.272E-01	494
5eehB	8UW3_A	2.678E+00	0.009	1.718E-01	5.649E-02	4.143E-01	146
5eehB	7V9U_A	1.092E+00	0.000	7.317E-02	7.912E-02	1.608E-01	89
5eehB	8QBK_A	3.351E+00	0.000	8.658E-02	9.376E-02	2.783E-01	87
5eehB	9I2F_A	1.809E+00	0.000	1.285E-01	9.318E-02	1.721E-01	292
5eehB	8QBM_A	2.996E+00	0.000	8.420E-02	9.069E-02	1.825E-01	83
5eehB	9X9B_A	5.245E+00	0.000	9.387E-02	8.950E-02	3.267E-01	58
5eehB	5G2X_C	6.557E+00	0.000	5.857E-02	4.178E-02	4.758E-01	23
5eehB	9S1F_B	2.264E+00	0.000	1.202E-01	9.000E-02	1.855E-01	222
5eehB	8QBL_A	4.959E+00	0.000	8.402E-02	9.048E-02	2.826E-01	83
5eehB	7V9X_A	2.264E+00	0.000	8.885E-02	9.414E-02	1.184E-01	87
5eehB	7XJG_A	3.965E+00	0.000	7.963E-02	8.495E-02	2.335E-01	90
5eehB	9I2G_B	2.996E+00	0.000	1.284E-01	9.189E-02	1.922E-01	228
5eehB	8C8J_A	1.913E+00	0.000	9.489E-02	5.631E-02	1.467E-01	235
5eehB	9WN8_A	7.748E+00	0.000	9.288E-02	8.983E-02	3.339E-01	58
5eehB	9X94_A	6.933E+00	0.000	8.963E-02	8.657E-02	3.065E-01	59
5eehB	26CZ_A	4.434E+00	0.000	7.892E-02	4.730E-02	1.730E-01	148
5eehB	9DOU_A	3.965E+00	0.000	4.487E-02	2.269E-02	2.677E-01	44
5eehB	5VBS_A	7.330E+00	0.000	6.860E-02	8.775E-02	2.560E-01	45
5eehB	9L7P_E	6.557E+00	0.000	5.014E-02	5.420E-02	3.186E-01	43
5eehB	1RTD_A	6.557E+00	0.000	6.794E-02	4.514E-02	3.454E-01	43
5eehB	5HHK_A	7.748E+00	0.000	6.942E-02	7.335E-02	1.603E-01	101
5eehB	5HHJ_A	7.748E+00	0.000	8.290E-02	9.063E-02	1.750E-01	120
5eehB	9N69_E	8.657E+00	0.000	5.890E-02	6.342E-02	2.519E-01	51
5eehB	7UIM_D	5.865E+00	0.000	5.448E-02	4.954E-02	1.731E-01	96
5eehB	7UIN_D	5.245E+00	0.000	8.798E-02	8.123E-02	1.420E-01	191
5eehB	9D5X_A	8.190E+00	0.000	1.048E-01	9.489E-02	2.448E-01	143
5eehB	9D4S_A	5.865E+00	0.000	4.891E-02	4.734E-02	1.857E-01	67
5eehB	6MEC_C	6.201E+00	0.000	7.767E-02	6.769E-02	1.713E-01	102
5eehB	9E8Z_H	9.148E+00	0.000	4.502E-02	4.927E-02	2.844E-01	22
5eehB	9Z6Y_A	8.190E+00	0.000	5.605E-02	5.062E-02	1.834E-01	100
5eehB	9LJE_A	9.148E+00	0.000	8.734E-02	7.496E-02	2.122E-01	76
5eehB	8GH6_A	9.666E+00	0.000	1.141E-01	5.787E-02	1.729E-01	264
5eehB	9NL3_A	8.190E+00	0.000	8.093E-02	3.988E-02	1.406E-01	168
5eehB	9YFD_A	8.657E+00	0.000	6.582E-02	2.591E-02	1.747E-01	87
3hdeC	9D4S_A	1.110E+00	0.010	1.691E-01	8.397E-02	2.247E-01	141
3hdeC	9X94_A	1.787E+00	0.009	1.801E-01	9.764E-02	2.502E-01	128
3hdeC	9X9B_A	8.080E-01	0.009	1.352E-01	8.890E-02	1.702E-01	139
3hdeC	8GH6_A	1.053E+00	0.008	1.442E-01	4.218E-02	1.672E-01	192
3hdeC	9LPA_A	1.110E+00	0.007	1.219E-01	8.608E-02	1.456E-01	145
3hdeC	8OZ7_A	2.588E+00	0.007	1.217E-01	5.065E-02	2.428E-01	86
3hdeC	9WN8_A	1.787E+00	0.000	1.253E-01	8.261E-02	1.640E-01	133
3hdeC	23OR_A	1.446E+00	0.000	1.255E-01	8.273E-02	1.494E-01	147
3hdeC	9D5X_A	1.987E+00	0.000	1.376E-01	7.955E-02	1.911E-01	136
3hdeC	8BGJ_A	4.631E+00	0.000	1.280E-01	1.081E-01	3.735E-01	50
3hdeC	9LBQ_A	2.588E+00	0.000	1.285E-01	9.141E-02	1.604E-01	141
3hdeC	9Z6Y_H	4.393E+00	0.000	1.624E-01	6.108E-02	2.450E-01	90
3hdeC	7UIN_D	5.147E+00	0.000	1.608E-01	9.050E-02	1.918E-01	167
3hdeC	6AR1_A	3.952E+00	0.000	1.470E-01	8.497E-02	2.048E-01	125
3hdeC	9IOA_A	6.029E+00	0.000	1.674E-01	7.349E-02	2.722E-01	135
3hdeC	9Z6Z_H	5.426E+00	0.000	1.623E-01	6.238E-02	2.457E-01	90
3hdeC	8QBK_A	7.060E+00	0.000	1.355E-01	8.236E-02	2.445E-01	86
3hdeC	9Z6Z_A	4.882E+00	0.000	1.336E-01	7.352E-02	1.674E-01	143
3hdeC	9I2F_A	3.555E+00	0.000	1.029E-01	4.257E-02	1.515E-01	145
3hdeC	8UBD_A	6.355E+00	0.000	1.472E-01	9.152E-02	1.531E-01	239
3hdeC	8UB7_A	7.060E+00	0.000	1.552E-01	9.010E-02	2.257E-01	126
3hdeC	9Z6Y_A	6.355E+00	0.000	1.354E-01	7.357E-02	1.639E-01	146
3hdeC	1RTD_A	8.706E+00	0.000	1.123E-01	4.254E-02	2.893E-01	63
3hdeC	8C8J_A	4.882E+00	0.000	1.135E-01	4.192E-02	1.466E-01	134
3hdeC	9HDO_A	8.263E+00	0.000	1.644E-01	3.234E-02	2.820E-01	97
3hdeC	9K6G_A	7.441E+00	0.000	1.531E-01	3.302E-02	2.413E-01	94
3hdeC	8UW3_A	7.841E+00	0.000	1.474E-01	3.531E-02	2.458E-01	129
3hdeC	9L7P_E	9.171E+00	0.000	1.310E-01	8.578E-02	2.322E-01	72
3hdeC	7KFT_C	9.171E+00	0.000	1.562E-01	6.173E-02	2.155E-01	136
3hdeC	9NL2_A	7.841E+00	0.000	1.539E-01	4.447E-02	1.800E-01	165
3hdeC	9I2G_B	8.706E+00	0.000	1.007E-01	4.780E-02	1.551E-01	125
3mvgA	9NNB_B	4.067E+00	0.000	7.647E-02	6.290E-02	3.499E-01	47
3mvgA	9I2F_A	4.593E+00	0.000	9.799E-02	4.416E-02	3.830E-01	71
3mvgA	5G2X_C	3.601E+00	0.000	9.828E-02	5.916E-02	1.941E-01	131
3mvgA	9YFD_A	2.656E+00	0.000	1.101E-01	4.055E-02	1.754E-01	159
3mvgA	8QBL_A	6.610E+00	0.000	9.147E-02	7.832E-02	2.346E-01	58
3mvgA	6AR1_A	5.186E+00	0.000	9.796E-02	6.453E-02	2.263E-01	116
3mvgA	9Z6Y_H	7.023E+00	0.000	1.278E-01	6.570E-02	2.294E-01	123
3mvgA	26CZ_A	6.610E+00	0.000	8.155E-02	3.580E-02	3.176E-01	53
3mvgA	8GH6_A	5.186E+00	0.000	8.352E-02	3.167E-02	2.552E-01	85
3mvgA	9VHE_A	4.322E+00	0.000	9.008E-02	8.485E-02	1.164E-01	235
3mvgA	5HHL_A	8.415E+00	0.000	1.206E-01	1.084E-01	2.229E-01	133
3mvgA	8QBK_A	9.488E+00	0.000	8.684E-02	7.277E-02	3.041E-01	51
3mvgA	8QBM_A	7.460E+00	0.000	8.836E-02	7.537E-02	2.213E-01	57
3mvgA	9X94_A	5.856E+00	0.000	8.661E-02	6.637E-02	1.646E-01	121
3mvgA	9X9B_A	8.415E+00	0.000	7.100E-02	5.337E-02	2.854E-01	43
3mvgA	9I2G_B	8.415E+00	0.000	8.522E-02	4.009E-02	3.343E-01	69
3mvgA	9DOU_A	5.511E+00	0.000	1.058E-01	4.151E-02	1.449E-01	205
3mvgA	9VHL_A	7.023E+00	0.000	1.098E-01	1.028E-01	1.383E-01	236
3mvgA	9L7P_E	8.415E+00	0.000	7.635E-02	6.241E-02	2.242E-01	99
3mvgA	9Z6Z_H	9.488E+00	0.000	1.037E-01	5.656E-02	1.870E-01	121
3mvgA	8SXT_A	9.488E+00	0.000	1.398E-01	7.091E-02	1.913E-01	205
3mvgA	9NL3_A	5.856E+00	0.000	9.482E-02	3.119E-02	1.429E-01	184
3mvgA	9NL2_A	7.023E+00	0.000	1.275E-01	4.719E-02	1.721E-01	194
3mvgA	8UW3_A	9.488E+00	0.000	1.180E-01	3.399E-02	2.711E-01	89
3mvgA	23OR_A	6.222E+00	0.000	9.948E-02	7.632E-02	1.034E-01	322
3mvgA	9IOA_A	9.488E+00	0.000	6.900E-02	4.692E-02	1.543E-01	79
3utoB	5VBS_A	3.957E+00	0.010	2.625E-02	5.989E-02	7.069E-01	15
3utoB	9Z6Y_H	3.957E+00	0.010	4.007E-02	3.637E-02	5.689E-01	24
3utoB	7V9X_A	5.195E+00	0.007	2.914E-02	5.166E-02	6.945E-01	17
3utoB	9VHE_A	6.115E+00	0.000	2.895E-02	5.901E-02	6.428E-01	17
3utoB	9N69_E	5.486E+00	0.000	3.079E-02	5.562E-02	6.156E-01	19
3utoB	7XJG_A	6.115E+00	0.000	2.626E-02	4.709E-02	7.654E-01	15
3utoB	9S1F_B	3.957E+00	0.000	3.483E-02	3.460E-02	4.468E-01	37
3utoB	9I2F_A	3.957E+00	0.000	3.520E-02	3.441E-02	4.444E-01	37
3utoB	9Z6Z_H	6.115E+00	0.000	4.133E-02	3.742E-02	5.733E-01	25
3utoB	9VHL_A	7.196E+00	0.000	2.892E-02	5.892E-02	6.389E-01	17
3utoB	8QBL_A	6.816E+00	0.000	2.897E-02	5.201E-02	6.857E-01	17
3utoB	8QBM_A	7.196E+00	0.000	2.794E-02	5.083E-02	6.783E-01	16
3utoB	9L7P_E	5.792E+00	0.000	3.697E-02	6.504E-02	5.277E-01	23
3utoB	9Z6Y_A	2.853E+00	0.000	3.397E-02	4.248E-02	2.938E-01	94
3utoB	8QBK_A	7.596E+00	0.000	2.794E-02	5.083E-02	6.870E-01	16
3utoB	7UIM_D	5.195E+00	0.000	3.704E-02	5.192E-02	4.036E-01	40
3utoB	1RTD_A	1.844E+00	0.000	4.573E-02	4.655E-02	1.431E-01	161
3utoB	8OZ7_A	3.360E+00	0.000	7.116E-02	6.818E-02	2.149E-01	131
3utoB	23OR_A	6.816E+00	0.000	3.202E-02	4.888E-02	3.676E-01	79
3utoB	9I2G_B	7.596E+00	0.000	3.730E-02	3.658E-02	4.622E-01	36
3utoB	8BGJ_A	7.196E+00	0.000	3.537E-02	8.506E-02	3.730E-01	38
3utoB	9NNB_B	9.421E+00	0.000	3.323E-02	5.876E-02	4.541E-01	21
3utoB	9D5X_A	5.486E+00	0.000	4.683E-02	6.249E-02	1.723E-01	103
3utoB	6MEC_C	7.596E+00	0.000	4.538E-02	5.859E-02	3.568E-01	43
3utoB	6AR1_A	4.179E+00	0.000	7.642E-02	9.334E-02	1.246E-01	281
3utoB	8C8J_A	4.659E+00	0.000	6.073E-02	5.391E-02	1.485E-01	145
3utoB	9YFD_A	3.013E+00	0.000	5.912E-02	3.681E-02	1.270E-01	257
3utoB	9LBQ_A	8.461E+00	0.000	3.024E-02	4.861E-02	2.701E-01	80
3utoB	6ME0_C	8.461E+00	0.000	4.519E-02	5.847E-02	3.541E-01	43
3utoB	9Z6Z_A	5.792E+00	0.000	3.721E-02	4.477E-02	1.737E-01	74
3utoB	24NC_A	9.421E+00	0.000	3.738E-02	4.001E-02	3.246E-01	54
3utoB	26CZ_A	4.659E+00	0.000	6.458E-02	5.874E-02	1.203E-01	300
3utoB	7R08_A	7.196E+00	0.000	6.611E-02	7.467E-02	1.202E-01	323
3utoB	9IOA_A	7.596E+00	0.000	7.904E-02	8.572E-02	1.266E-01	336
3utoB	9NL3_A	9.939E+00	0.000	4.152E-02	2.504E-02	2.328E-01	88
2p0kA	5HHJ_A	7.023E+00	0.000	7.623E-02	5.558E-02	3.576E-01	51
2p0kA	5HHK_A	6.646E+00	0.000	7.626E-02	5.578E-02	2.919E-01	63
2p0kA	5G2X_C	6.288E+00	0.000	1.024E-01	6.071E-02	1.629E-01	107
2p0kA	7R06_A	6.646E+00	0.000	8.781E-02	3.748E-02	2.247E-01	52
2p0kA	9Z6Y_A	7.421E+00	0.000	7.735E-02	5.085E-02	1.674E-01	87
2p0kA	1RTD_A	9.243E+00	0.000	6.573E-02	3.330E-02	1.668E-01	69
2rc8A	5HHJ_A	4.356E+00	0.000	6.120E-02	5.936E-02	5.207E-01	22
2rc8A	5HHL_A	2.236E+00	0.000	1.225E-01	1.198E-01	2.350E-01	143
2rc8A	5HHK_A	5.224E+00	0.000	6.125E-02	5.958E-02	5.244E-01	22
2rc8A	9Z6Y_A	2.850E+00	0.000	1.406E-01	1.034E-01	1.707E-01	285
2rc8A	9Z6Y_H	1.864E+00	0.000	9.241E-02	5.994E-02	1.544E-01	150
2rc8A	7UIN_D	3.632E+00	0.000	9.349E-02	7.424E-02	1.857E-01	140
2rc8A	9Z6Z_A	1.864E+00	0.000	8.747E-02	6.045E-02	1.175E-01	278
2rc8A	23OR_A	5.224E+00	0.000	7.908E-02	6.333E-02	2.162E-01	153
2rc8A	9D4S_A	3.632E+00	0.000	8.415E-02	7.086E-02	1.490E-01	155
2rc8A	9Z6Z_H	3.419E+00	0.000	9.042E-02	5.021E-02	1.576E-01	156
2rc8A	9E8Z_H	5.550E+00	0.000	7.823E-02	7.329E-02	1.655E-01	151
2rc8A	9X94_A	6.652E+00	0.000	8.052E-02	6.529E-02	2.171E-01	151
2rc8A	9X9B_A	5.895E+00	0.000	8.080E-02	6.547E-02	2.254E-01	145
2rc8A	7KFT_C	5.550E+00	0.000	7.822E-02	4.523E-02	1.852E-01	149
2rc8A	9VHL_A	7.967E+00	0.000	8.021E-02	8.313E-02	1.692E-01	156
2rc8A	9C0I_A	5.895E+00	0.000	6.608E-02	5.284E-02	1.204E-01	168
2rc8A	8OZ7_A	7.503E+00	0.000	7.436E-02	5.020E-02	1.139E-01	151
2rc8A	26CZ_A	5.895E+00	0.000	8.160E-02	4.872E-02	1.341E-01	175
2rc8A	9DOU_A	6.652E+00	0.000	8.015E-02	3.464E-02	1.359E-01	163
2rc8A	9HDO_A	8.981E+00	0.000	7.395E-02	2.975E-02	1.377E-01	163
3fokA	7R08_A	2.104E+00	0.000	7.276E-02	5.304E-02	2.133E-01	107
3fokA	8GH6_A	3.002E+00	0.000	7.021E-02	2.737E-02	2.971E-01	68
3fokA	9YFD_A	3.585E+00	0.000	1.820E-01	6.600E-02	2.770E-01	208
3fokA	8UBD_A	6.101E+00	0.000	5.297E-02	4.827E-02	4.437E-01	31
3fokA	1RTD_A	5.422E+00	0.000	1.106E-01	6.770E-02	2.632E-01	107
3fokA	5HHK_A	6.863E+00	0.000	7.371E-02	7.407E-02	3.140E-01	63
3fokA	7R06_A	8.184E+00	0.000	5.816E-02	3.194E-02	4.917E-01	30
3fokA	9S1F_B	7.279E+00	0.000	6.662E-02	3.949E-02	3.406E-01	36
3fokA	8C8J_A	5.422E+00	0.000	6.505E-02	3.505E-02	1.519E-01	106
3fokA	9NL2_A	5.751E+00	0.000	7.167E-02	2.399E-02	2.186E-01	92
3fokA	9X9B_A	8.184E+00	0.000	7.511E-02	6.477E-02	1.844E-01	102
3fokA	9Z6Z_H	8.184E+00	0.000	6.531E-02	3.937E-02	2.256E-01	105
3fokA	9K6G_A	7.719E+00	0.000	6.686E-02	2.509E-02	1.833E-01	94
3fokA	9NL3_A	8.184E+00	0.000	7.070E-02	2.394E-02	1.970E-01	88
3n40P	1RTD_A	3.756E+00	0.008	4.287E-02	3.133E-02	5.384E-01	18
3n40P	9Z6Y_A	2.758E+00	0.000	4.894E-02	4.740E-02	1.956E-01	113
3n40P	9Z6Z_A	2.244E+00	0.000	4.772E-02	4.614E-02	1.834E-01	115
3n40P	6AR1_A	9.442E+00	0.000	6.287E-02	6.089E-02	3.311E-01	40
3n40P	9C0I_A	9.442E+00	0.000	4.447E-02	4.223E-02	2.954E-01	65
3n40P	8UW3_A	5.667E+00	0.000	3.820E-02	1.531E-02	2.067E-01	49
3n40P	5HHK_A	9.931E+00	0.000	6.085E-02	7.927E-02	3.115E-01	32
3n40P	5HHJ_A	9.931E+00	0.000	6.087E-02	7.907E-02	3.109E-01	32
3n40P	7KFT_C	9.442E+00	0.000	5.258E-02	3.954E-02	2.060E-01	78
3n40P	9X94_A	9.931E+00	0.000	3.387E-02	3.734E-02	1.305E-01	105
4bc3A	1RTD_A	3.535E-01	0.008	8.152E-02	7.827E-02	1.397E-01	288
4bc3A	9X94_A	8.765E+00	0.000	4.803E-02	7.011E-02	7.415E-01	26
4bc3A	9YFD_A	5.054E+00	0.000	7.825E-02	4.070E-02	4.477E-01	67
4bc3A	9LJE_A	6.303E+00	0.000	7.143E-02	8.635E-02	3.497E-01	82
4bc3A	7UIN_D	5.341E+00	0.000	5.002E-02	6.042E-02	2.915E-01	59
4bc3A	9Z6Y_A	3.626E+00	0.000	5.559E-02	6.308E-02	1.984E-01	103
4bc3A	24NC_A	2.202E+00	0.000	5.796E-02	5.839E-02	1.224E-01	214
4bc3A	8OZ7_A	5.965E+00	0.000	5.029E-02	4.527E-02	2.794E-01	88
4bc3A	9NL3_A	2.749E+00	0.000	4.213E-02	2.415E-02	1.639E-01	143
4bc3A	7V9X_A	7.436E+00	0.000	3.729E-02	5.894E-02	2.960E-01	49
4bc3A	9Z6Z_A	4.281E+00	0.000	5.213E-02	6.315E-02	1.758E-01	92
4bc3A	9S1F_B	4.782E+00	0.000	5.235E-02	4.910E-02	1.950E-01	105
4bc3A	7R06_A	7.856E+00	0.000	4.404E-02	3.953E-02	3.815E-01	39
4bc3A	9DOU_A	3.626E+00	0.000	5.673E-02	3.653E-02	1.367E-01	204
4bc3A	7V9U_A	4.782E+00	0.000	5.630E-02	7.980E-02	1.163E-01	204
4bc3A	9L7P_E	8.765E+00	0.000	5.318E-02	8.036E-02	2.617E-01	98
4bc3A	9WY8_A	5.645E+00	0.000	5.237E-02	5.491E-02	1.886E-01	121
4bc3A	9X9B_A	9.774E+00	0.000	9.503E-02	1.223E-01	2.471E-01	152
4bc3A	9C0I_A	9.256E+00	0.000	8.982E-02	1.049E-01	1.620E-01	262
4bc3A	9I2G_B	7.038E+00	0.000	6.632E-02	6.132E-02	1.663E-01	186
4bc3A	9I2F_A	9.256E+00	0.000	5.574E-02	5.130E-02	2.451E-01	79
4bc3A	9Z6Z_H	7.038E+00	0.000	6.509E-02	5.672E-02	1.586E-01	235
4bc3A	9HDO_A	8.298E+00	0.000	8.434E-02	5.037E-02	1.764E-01	276
4bc3A	9Z6Y_H	8.298E+00	0.000	5.785E-02	5.092E-02	1.221E-01	268
4bc3A	8C8J_A	8.765E+00	0.000	3.019E-02	2.478E-02	1.624E-01	108
5yhyA	7V9U_A	2.789E-01	0.024	1.379E-01	7.208E-02	2.543E-01	71
5yhyA	7XJG_A	4.378E-01	0.014	1.417E-01	7.317E-02	2.594E-01	72
5yhyA	9I2G_B	1.227E+00	0.014	1.599E-01	5.035E-02	3.471E-01	59
5yhyA	8GH6_A	9.484E-01	0.011	2.227E-01	4.951E-02	2.776E-01	135
5yhyA	8QBL_A	6.444E-01	0.010	1.374E-01	7.213E-02	2.371E-01	72
5yhyA	8QBM_A	6.872E-01	0.010	1.373E-01	7.193E-02	2.382E-01	72
5yhyA	7V9X_A	6.042E-01	0.010	1.377E-01	7.093E-02	2.286E-01	72
5yhyA	5HHL_A	1.227E+00	0.009	1.494E-01	8.963E-02	2.929E-01	45
5yhyA	9E8Z_H	2.337E+00	0.009	1.544E-01	8.548E-02	3.637E-01	50
5yhyA	9IOA_A	1.309E+00	0.009	1.601E-01	6.558E-02	2.843E-01	53
5yhyA	9I2F_A	7.330E-01	0.009	1.515E-01	6.374E-02	1.853E-01	143
5yhyA	8QBK_A	1.309E+00	0.007	1.371E-01	7.186E-02	2.378E-01	72
5yhyA	9C0I_A	2.835E+00	0.007	1.373E-01	5.186E-02	3.719E-01	51
5yhyA	9L7P_E	3.023E+00	0.000	1.686E-01	9.063E-02	3.592E-01	54
5yhyA	7UIM_D	1.309E+00	0.000	1.376E-01	6.842E-02	1.690E-01	137
5yhyA	9S1F_B	2.492E+00	0.000	1.252E-01	4.334E-02	3.161E-01	54
5yhyA	5HHK_A	2.337E+00	0.000	1.461E-01	8.857E-02	1.799E-01	164
5yhyA	9N69_E	3.439E+00	0.000	1.648E-01	8.797E-02	3.329E-01	63
5yhyA	9NNB_B	4.448E+00	0.000	1.331E-01	7.008E-02	3.734E-01	45
5yhyA	9LBQ_A	3.439E+00	0.000	2.283E-01	1.369E-01	2.536E-01	142
5yhyA	7UIN_D	1.806E+00	0.000	1.237E-01	6.045E-02	2.046E-01	88
5yhyA	9Z6Z_A	3.224E+00	0.000	1.318E-01	5.870E-02	2.826E-01	72
5yhyA	7R08_A	2.337E+00	0.000	1.216E-01	5.437E-02	2.564E-01	51
5yhyA	9WN8_A	3.911E+00	0.000	1.262E-01	6.045E-02	3.196E-01	48
5yhyA	7R06_A	4.171E+00	0.000	1.311E-01	3.503E-02	3.113E-01	64
5yhyA	9DOU_A	3.911E+00	0.000	1.225E-01	3.191E-02	2.907E-01	53
5yhyA	5HHJ_A	3.667E+00	0.000	1.451E-01	9.244E-02	1.867E-01	156
5yhyA	9X94_A	4.171E+00	0.000	2.042E-01	1.193E-01	2.362E-01	133
5yhyA	6AR1_A	5.059E+00	0.000	1.442E-01	6.536E-02	2.958E-01	46
5yhyA	9LJE_A	3.911E+00	0.000	1.375E-01	6.687E-02	2.410E-01	53
5yhyA	9WY8_A	5.394E+00	0.000	1.234E-01	4.244E-02	4.720E-01	29
5yhyA	24NC_A	5.394E+00	0.000	1.249E-01	5.103E-02	3.347E-01	52
5yhyA	8C8J_A	3.439E+00	0.000	1.109E-01	3.316E-02	2.098E-01	76
5yhyA	9VHL_A	7.431E+00	0.000	1.196E-01	6.922E-02	3.637E-01	49
5yhyA	9Z6Z_H	6.539E+00	0.000	1.435E-01	4.227E-02	2.648E-01	98
5yhyA	8BGJ_A	5.394E+00	0.000	1.248E-01	9.927E-02	1.814E-01	98
5yhyA	1RTD_A	8.441E+00	0.000	1.739E-01	5.938E-02	3.739E-01	53
5yhyA	8OZ7_A	8.995E+00	0.000	9.898E-02	2.857E-02	5.791E-01	29
5yhyA	5VBS_A	5.752E+00	0.000	1.035E-01	6.766E-02	2.669E-01	75
5yhyA	9D4S_A	7.431E+00	0.000	1.276E-01	6.970E-02	2.047E-01	80
5yhyA	9Z6Y_A	8.995E+00	0.000	1.315E-01	5.559E-02	3.086E-01	66
5yhyA	8FLI_B	8.441E+00	0.000	1.194E-01	5.202E-02	3.094E-01	40
5yhyA	7KFT_C	8.995E+00	0.000	1.374E-01	4.676E-02	3.319E-01	39
5yhyA	9YFD_A	8.441E+00	0.000	1.236E-01	2.974E-02	1.567E-01	124
5yhyA	9K6G_A	8.995E+00	0.000	1.011E-01	2.363E-02	1.122E-01	168
4ze8A	1RTD_A	2.201E+00	0.008	8.183E-02	7.362E-02	4.067E-01	77
4ze8A	9LBQ_A	1.512E+00	0.000	7.534E-02	1.080E-01	1.925E-01	201
4ze8A	8QBK_A	3.864E+00	0.000	5.543E-02	7.957E-02	2.581E-01	102
4ze8A	8QBM_A	4.114E+00	0.000	7.966E-02	1.153E-01	2.447E-01	157
4ze8A	7XJG_A	3.410E+00	0.000	5.498E-02	7.918E-02	2.585E-01	102
4ze8A	8UB7_A	5.982E+00	0.000	5.182E-02	7.495E-02	4.679E-01	35
4ze8A	9Z6Z_H	3.204E+00	0.000	9.023E-02	7.480E-02	1.700E-01	279
4ze8A	7V9U_A	4.379E+00	0.000	7.147E-02	1.060E-01	1.873E-01	197
4ze8A	8QBL_A	5.281E+00	0.000	5.800E-02	8.510E-02	2.804E-01	102
4ze8A	6ME0_C	6.367E+00	0.000	6.085E-02	7.041E-02	3.421E-01	61
4ze8A	9I2G_B	7.210E+00	0.000	6.872E-02	5.956E-02	3.517E-01	67
4ze8A	8BGJ_A	4.961E+00	0.000	2.667E-02	5.323E-02	2.310E-01	45
4ze8A	9VHE_A	6.775E+00	0.000	6.735E-02	1.049E-01	2.460E-01	133
4ze8A	7V9X_A	7.210E+00	0.000	5.495E-02	7.910E-02	2.646E-01	102
4ze8A	8UBD_A	7.210E+00	0.000	5.196E-02	7.584E-02	3.856E-01	51
4ze8A	9WN8_A	5.621E+00	0.000	7.483E-02	9.486E-02	1.680E-01	217
4ze8A	23OR_A	3.410E+00	0.000	5.452E-02	6.611E-02	1.431E-01	142
4ze8A	9LPA_A	4.114E+00	0.000	4.836E-02	5.952E-02	1.868E-01	105
4ze8A	9Z6Y_H	5.621E+00	0.000	9.086E-02	7.589E-02	1.648E-01	282
4ze8A	8GH6_A	6.775E+00	0.000	7.809E-02	5.029E-02	1.859E-01	141
4ze8A	9YFD_A	6.775E+00	0.000	7.780E-02	3.980E-02	2.288E-01	168
4ze8A	5VBS_A	8.161E+00	0.000	4.521E-02	7.699E-02	2.980E-01	45
4ze8A	9X94_A	6.367E+00	0.000	6.328E-02	8.017E-02	1.968E-01	110
4ze8A	9S1F_B	8.681E+00	0.000	4.535E-02	4.046E-02	3.698E-01	35
4ze8A	9I2F_A	4.961E+00	0.000	6.742E-02	5.879E-02	1.210E-01	313
4ze8A	9VHL_A	8.681E+00	0.000	3.790E-02	5.831E-02	1.367E-01	132
4ze8A	9LJE_A	9.817E+00	0.000	4.826E-02	5.443E-02	1.528E-01	107
4ze8A	9C0I_A	8.161E+00	0.000	7.493E-02	8.365E-02	1.071E-01	309
4ze8A	8FLI_B	8.161E+00	0.000	5.427E-02	5.726E-02	1.727E-01	121
4ze8A	9WY8_A	8.681E+00	0.000	3.462E-02	3.438E-02	1.989E-01	54
3q7aA	7R08_A	3.060E-01	0.150	1.321E-01	9.000E-02	3.431E-01	116
3q7aA	24NC_A	2.666E-01	0.116	2.017E-01	1.423E-01	3.309E-01	172
3q7aA	9WY8_A	8.019E-01	0.040	2.456E-01	1.719E-01	2.888E-01	338
3q7aA	26CZ_A	6.675E-01	0.029	2.063E-01	1.309E-01	2.343E-01	326
3q7aA	9YFD_A	1.391E+00	0.020	2.098E-01	8.696E-02	2.581E-01	267
3q7aA	8OZ7_A	1.749E+00	0.014	2.048E-01	1.311E-01	2.421E-01	302
3q7aA	9Z6Y_H	2.102E+00	0.009	1.715E-01	1.113E-01	1.888E-01	329
3q7aA	7R06_A	3.480E+00	0.008	1.292E-01	8.521E-02	2.715E-01	128
3q7aA	9Z6Z_H	3.033E+00	0.007	1.841E-01	1.163E-01	2.073E-01	308
3q7aA	8QBK_A	9.077E+00	0.000	1.199E-01	1.218E-01	4.790E-01	55
3q7aA	8QBL_A	8.676E+00	0.000	1.186E-01	1.205E-01	4.584E-01	55
3q7aA	8C8J_A	5.759E+00	0.000	1.324E-01	7.058E-02	3.097E-01	128
3q7aA	8GH6_A	6.605E+00	0.000	9.575E-02	3.995E-02	2.287E-01	126
3q7aA	9E8Z_H	9.077E+00	0.000	8.453E-02	8.645E-02	3.296E-01	59
3q7aA	9LBQ_A	8.676E+00	0.000	7.954E-02	7.870E-02	2.479E-01	95
3q7aA	9LPA_A	7.924E+00	0.000	8.882E-02	7.839E-02	1.739E-01	138
3q7aA	9D5X_A	7.924E+00	0.000	1.091E-01	9.365E-02	1.334E-01	246
3q7aA	9HDO_A	8.676E+00	0.000	1.007E-01	3.975E-02	1.270E-01	313
3q7aA	9K6G_A	8.676E+00	0.000	1.041E-01	4.805E-02	1.278E-01	322
3q7aA	8UW3_A	9.077E+00	0.000	1.061E-01	4.134E-02	1.218E-01	325
4mkxA	1RTD_A	8.280E-01	0.020	7.903E-02	5.129E-02	4.859E-01	47
4mkxA	9HDO_A	4.575E+00	0.000	8.189E-02	3.223E-02	5.000E-01	47
4mkxA	5HHJ_A	5.789E+00	0.000	5.066E-02	5.554E-02	4.019E-01	44
4mkxA	9X9B_A	5.789E+00	0.000	5.720E-02	5.491E-02	3.429E-01	38
4mkxA	6AR1_A	8.225E+00	0.000	7.275E-02	6.113E-02	3.999E-01	36
4mkxA	9LJE_A	4.853E+00	0.000	6.156E-02	5.167E-02	3.175E-01	54
4mkxA	7KFT_C	4.314E+00	0.000	9.355E-02	6.322E-02	2.206E-01	137
4mkxA	5HHK_A	9.239E+00	0.000	5.061E-02	5.571E-02	4.020E-01	44
4mkxA	8QBM_A	5.789E+00	0.000	7.152E-02	7.705E-02	1.621E-01	159
4mkxA	9C0I_A	9.239E+00	0.000	5.438E-02	4.565E-02	2.753E-01	55
4mkxA	9DOU_A	5.789E+00	0.000	4.869E-02	2.402E-02	2.408E-01	61
4mkxA	9YFD_A	7.759E+00	0.000	9.261E-02	3.397E-02	3.187E-01	93
4mkxA	8BGJ_A	7.759E+00	0.000	6.209E-02	9.367E-02	2.214E-01	84
4mkxA	7V9X_A	5.789E+00	0.000	7.145E-02	7.564E-02	1.630E-01	159
4mkxA	7XJG_A	5.789E+00	0.000	6.969E-02	7.350E-02	1.464E-01	173
4mkxA	9S1F_B	8.718E+00	0.000	1.082E-01	7.835E-02	2.297E-01	135
4mkxA	8QBL_A	8.718E+00	0.000	6.632E-02	7.142E-02	1.520E-01	162
2wb6A	9WN8_A	4.121E-01	0.029	1.422E-01	6.515E-02	4.302E-01	47
2wb6A	9X9B_A	1.761E-01	0.016	2.056E-01	9.441E-02	2.154E-01	194
2wb6A	9LPA_A	9.644E-01	0.016	1.409E-01	5.301E-02	5.009E-01	36
2wb6A	7V9U_A	8.461E-01	0.014	1.594E-01	7.223E-02	4.054E-01	52
2wb6A	24NC_A	4.399E-01	0.014	1.673E-01	5.482E-02	3.137E-01	47
2wb6A	8QBK_A	9.644E-01	0.011	1.583E-01	7.272E-02	4.015E-01	52
2wb6A	8BGJ_A	1.099E+00	0.010	1.278E-01	9.163E-02	3.548E-01	39
2wb6A	7UIM_D	2.572E+00	0.010	1.993E-01	6.565E-02	5.331E-01	30
2wb6A	9I2G_B	1.627E+00	0.010	1.838E-01	4.615E-02	4.756E-01	52
2wb6A	9Z6Y_H	9.033E-01	0.010	1.641E-01	4.769E-02	3.279E-01	60
2wb6A	9E8Z_H	1.524E+00	0.009	1.647E-01	7.061E-02	4.167E-01	51
2wb6A	8QBM_A	1.524E+00	0.009	1.587E-01	7.226E-02	4.048E-01	52
2wb6A	7XJG_A	1.524E+00	0.009	1.583E-01	7.072E-02	3.969E-01	52
2wb6A	9LBQ_A	1.099E+00	0.009	1.531E-01	8.133E-02	3.575E-01	53
2wb6A	9X94_A	5.715E-01	0.009	1.982E-01	9.197E-02	2.028E-01	194
2wb6A	23OR_A	5.353E-01	0.009	1.989E-01	8.865E-02	2.062E-01	199
2wb6A	1RTD_A	1.030E+00	0.009	2.087E-01	4.904E-02	3.376E-01	91
2wb6A	9S1F_B	1.980E+00	0.009	1.776E-01	4.304E-02	4.642E-01	52
2wb6A	26CZ_A	1.099E+00	0.009	1.584E-01	4.602E-02	3.297E-01	59
2wb6A	9L7P_E	2.932E+00	0.008	1.930E-01	8.030E-02	4.932E-01	30
2wb6A	9NNB_B	1.253E+00	0.008	1.420E-01	6.553E-02	3.806E-01	52
2wb6A	7V9X_A	1.737E+00	0.008	1.591E-01	7.046E-02	4.008E-01	52
2wb6A	8QBL_A	2.114E+00	0.007	1.583E-01	7.516E-02	3.787E-01	55
2wb6A	9Z6Y_A	2.114E+00	0.007	1.202E-01	4.321E-02	4.547E-01	35
2wb6A	9Z6Z_A	1.737E+00	0.007	1.247E-01	4.919E-02	3.353E-01	42
2wb6A	9I2F_A	2.409E+00	0.007	1.756E-01	4.639E-02	4.262E-01	54
2wb6A	9Z6Z_H	1.627E+00	0.007	1.645E-01	4.762E-02	3.274E-01	60
2wb6A	7R06_A	1.253E+00	0.000	1.468E-01	4.241E-02	2.990E-01	47
2wb6A	9N69_E	1.253E+00	0.000	1.594E-01	9.045E-02	1.942E-01	126
2wb6A	8UB7_A	2.932E+00	0.000	1.226E-01	6.053E-02	3.441E-01	39
2wb6A	9D5X_A	4.632E+00	0.000	1.373E-01	5.667E-02	3.767E-01	37
2wb6A	9D4S_A	4.065E+00	0.000	1.298E-01	5.345E-02	3.711E-01	39
2wb6A	9LJE_A	5.633E+00	0.000	1.955E-01	6.137E-02	5.392E-01	32
2wb6A	6AR1_A	4.339E+00	0.000	1.250E-01	5.252E-02	3.518E-01	38
2wb6A	9VHE_A	3.567E+00	0.000	1.594E-01	7.386E-02	2.362E-01	97
2wb6A	9VHL_A	3.341E+00	0.000	1.500E-01	7.892E-02	2.255E-01	95
2wb6A	5G2X_C	2.409E+00	0.000	1.154E-01	3.515E-02	2.094E-01	89
2wb6A	9HDO_A	5.277E+00	0.000	2.597E-01	4.717E-02	2.624E-01	159
2wb6A	5HHL_A	6.848E+00	0.000	1.623E-01	7.837E-02	3.172E-01	33
2wb6A	5HHK_A	8.872E+00	0.000	1.821E-01	8.260E-02	4.255E-01	31
2wb6A	8C8J_A	3.808E+00	0.000	1.832E-01	4.962E-02	1.847E-01	160
2wb6A	9C0I_A	6.848E+00	0.000	1.609E-01	5.283E-02	2.331E-01	118
2wb6A	9IOA_A	6.012E+00	0.000	2.091E-01	6.831E-02	2.166E-01	147
2wb6A	7KFT_C	6.012E+00	0.000	1.347E-01	4.081E-02	2.126E-01	95
2wb6A	8UW3_A	6.848E+00	0.000	1.205E-01	1.628E-02	2.460E-01	47
2wb6A	9WY8_A	8.872E+00	0.000	1.038E-01	3.209E-02	2.620E-01	27
6j6vA	9I2F_A	5.404E-01	0.051	2.042E-01	3.932E-02	5.128E-01	27
6j6vA	9S1F_B	1.074E+00	0.020	2.142E-01	4.264E-02	4.854E-01	31
6j6vA	9LBQ_A	4.397E-01	0.016	2.679E-01	1.002E-01	2.819E-01	134
6j6vA	9WN8_A	1.233E+00	0.016	2.212E-01	7.136E-02	4.893E-01	37
6j6vA	9X9B_A	1.003E+00	0.014	2.164E-01	7.424E-02	4.035E-01	41
6j6vA	5VBS_A	1.515E+00	0.011	2.130E-01	9.110E-02	4.398E-01	45
6j6vA	9LPA_A	1.320E+00	0.011	2.300E-01	7.604E-02	3.968E-01	46
6j6vA	9I2G_B	1.738E+00	0.011	2.120E-01	4.201E-02	4.778E-01	31
6j6vA	7UIM_D	2.288E+00	0.010	2.039E-01	5.735E-02	5.481E-01	27
6j6vA	9C0I_A	1.862E+00	0.010	2.177E-01	6.515E-02	4.271E-01	45
6j6vA	9X94_A	6.641E-01	0.009	2.425E-01	8.707E-02	2.545E-01	154
6j6vA	23OR_A	6.200E-01	0.009	2.280E-01	8.530E-02	2.757E-01	87
6j6vA	24NC_A	2.625E+00	0.009	2.357E-01	5.467E-02	5.134E-01	39
6j6vA	9VHL_A	2.451E+00	0.007	2.284E-01	9.577E-02	3.784E-01	52
6j6vA	9E8Z_H	3.011E+00	0.007	2.151E-01	7.978E-02	4.518E-01	38
6j6vA	9L7P_E	2.812E+00	0.007	2.490E-01	9.020E-02	4.138E-01	51
6j6vA	9IOA_A	4.546E+00	0.007	2.164E-01	4.619E-02	6.396E-01	26
6j6vA	1RTD_A	1.623E+00	0.007	1.933E-01	5.328E-02	2.842E-01	55
6j6vA	9N69_E	2.451E+00	0.000	1.758E-01	6.495E-02	3.721E-01	40
6j6vA	7V9U_A	3.011E+00	0.000	1.871E-01	6.697E-02	4.047E-01	43
6j6vA	8QBK_A	3.700E+00	0.000	2.368E-01	8.929E-02	4.658E-01	42
6j6vA	8QBL_A	3.963E+00	0.000	2.077E-01	7.304E-02	4.982E-01	37
6j6vA	7KFT_C	2.812E+00	0.000	2.005E-01	4.762E-02	3.800E-01	39
6j6vA	7R06_A	5.215E+00	0.000	2.003E-01	3.647E-02	6.002E-01	26
6j6vA	9VHE_A	2.812E+00	0.000	2.144E-01	9.382E-02	3.461E-01	54
6j6vA	7V9X_A	5.215E+00	0.000	2.356E-01	8.160E-02	5.313E-01	33
6j6vA	9D5X_A	3.226E+00	0.000	2.308E-01	6.899E-02	3.784E-01	56
6j6vA	9LJE_A	3.963E+00	0.000	2.173E-01	6.662E-02	4.197E-01	45
6j6vA	7R08_A	1.994E+00	0.000	1.771E-01	5.259E-02	2.852E-01	51
6j6vA	8OZ7_A	3.963E+00	0.000	1.789E-01	4.072E-02	4.083E-01	32
6j6vA	8QBM_A	4.245E+00	0.000	2.001E-01	7.816E-02	3.933E-01	46
6j6vA	7XJG_A	5.980E+00	0.000	2.295E-01	7.924E-02	5.328E-01	32
6j6vA	9D4S_A	5.215E+00	0.000	2.358E-01	6.895E-02	4.450E-01	41
6j6vA	9NNB_B	5.584E+00	0.000	1.785E-01	6.558E-02	4.470E-01	32
6j6vA	9Z6Y_H	4.546E+00	0.000	1.493E-01	3.870E-02	2.961E-01	53
6j6vA	9DOU_A	3.011E+00	0.000	2.053E-01	4.365E-02	2.125E-01	101
6j6vA	9Z6Y_A	6.403E+00	0.000	2.296E-01	6.912E-02	4.195E-01	43
6j6vA	8C8J_A	2.625E+00	0.000	1.431E-01	4.251E-02	1.553E-01	102
6j6vA	7UIN_D	6.856E+00	0.000	2.170E-01	7.019E-02	3.137E-01	81
6j6vA	9Z6Z_A	4.869E+00	0.000	1.562E-01	6.801E-02	2.003E-01	62
6j6vA	26CZ_A	5.980E+00	0.000	1.717E-01	3.981E-02	2.998E-01	50
6j6vA	8GH6_A	4.546E+00	0.000	1.529E-01	3.628E-02	1.797E-01	87
6j6vA	8UB7_A	6.856E+00	0.000	1.846E-01	7.135E-02	2.483E-01	73
6j6vA	9HDO_A	5.215E+00	0.000	1.540E-01	3.526E-02	1.609E-01	99
6j6vA	9YFD_A	6.856E+00	0.000	1.407E-01	2.034E-02	3.696E-01	41
6j6vA	8BGJ_A	7.340E+00	0.000	1.417E-01	8.024E-02	1.697E-01	119
6j6vA	8FLI_B	9.628E+00	0.000	1.816E-01	5.598E-02	3.224E-01	59
6j6vA	9Z6Z_H	8.409E+00	0.000	1.019E-01	2.681E-02	2.597E-01	31
2yl2A	9DOU_A	2.449E-01	0.009	5.928E-02	3.776E-02	1.732E-01	223
2yl2A	1RTD_A	3.097E-01	0.007	6.058E-02	5.391E-02	1.315E-01	259
2yl2A	9NL2_A	4.153E-01	0.007	6.015E-02	3.237E-02	1.684E-01	221
2yl2A	9HDO_A	3.284E-01	0.000	9.106E-02	5.527E-02	1.161E-01	405
2yl2A	9K6G_A	6.263E-01	0.000	5.292E-02	2.923E-02	1.574E-01	224
2yl2A	9NL3_A	9.445E-01	0.000	6.118E-02	3.301E-02	1.731E-01	221
2yl2A	8QBL_A	8.907E-01	0.000	8.577E-02	1.208E-01	1.218E-01	396
2yl2A	9D5X_A	2.148E+00	0.000	7.079E-02	8.558E-02	2.261E-01	214
2yl2A	9S1F_B	3.861E+00	0.000	1.254E-01	1.091E-01	3.502E-01	140
2yl2A	8C8J_A	1.002E+00	0.000	5.455E-02	3.900E-02	1.592E-01	228
2yl2A	9YFD_A	1.194E+00	0.000	6.414E-02	3.691E-02	1.522E-01	307
2yl2A	7V9U_A	1.602E+00	0.000	1.148E-01	1.512E-01	1.554E-01	392
2yl2A	7V9X_A	1.510E+00	0.000	9.615E-02	1.254E-01	1.324E-01	392
2yl2A	9WN8_A	1.062E+00	0.000	7.615E-02	9.188E-02	1.022E-01	385
2yl2A	9L7P_E	1.126E+00	0.000	6.560E-02	6.985E-02	9.582E-02	312
2yl2A	7XJG_A	2.415E+00	0.000	8.114E-02	1.077E-01	1.521E-01	265
2yl2A	23OR_A	1.910E+00	0.000	9.030E-02	1.079E-01	1.205E-01	395
2yl2A	9I2G_B	5.818E+00	0.000	1.166E-01	1.000E-01	3.345E-01	143
2yl2A	9VHL_A	2.880E+00	0.000	7.143E-02	1.065E-01	1.335E-01	279
2yl2A	9E8Z_H	3.238E+00	0.000	7.325E-02	1.002E-01	1.304E-01	283
2yl2A	8QBK_A	3.861E+00	0.000	1.081E-01	1.409E-01	1.459E-01	383
2yl2A	9D4S_A	3.054E+00	0.000	7.327E-02	8.520E-02	1.500E-01	314
2yl2A	26CZ_A	3.434E+00	0.000	6.944E-02	5.773E-02	1.869E-01	211
2yl2A	8QBM_A	4.342E+00	0.000	9.574E-02	1.193E-01	1.246E-01	387
2yl2A	9NNB_B	3.238E+00	0.000	8.178E-02	1.112E-01	1.153E-01	391
2yl2A	8BGJ_A	8.252E+00	0.000	5.974E-02	1.187E-01	1.848E-01	215
2yl2A	9VHE_A	6.168E+00	0.000	4.751E-02	6.994E-02	1.464E-01	226
2yl2A	9N69_E	6.168E+00	0.000	7.125E-02	9.738E-02	1.315E-01	284
2yl2A	6MEC_C	6.931E+00	0.000	5.332E-02	6.001E-02	1.178E-01	167
2yl2A	6AR1_A	4.881E+00	0.000	7.305E-02	7.918E-02	1.052E-01	388
2yl2A	7R08_A	5.487E+00	0.000	7.778E-02	7.716E-02	1.256E-01	373
2yl2A	8UW3_A	6.168E+00	0.000	6.224E-02	2.986E-02	1.765E-01	219
2yl2A	9LBQ_A	6.931E+00	0.000	6.572E-02	7.894E-02	1.090E-01	271
2yl2A	9X94_A	8.744E+00	0.000	8.085E-02	9.800E-02	9.834E-02	341
2yl2A	9Z6Z_A	7.347E+00	0.000	7.970E-02	8.871E-02	1.112E-01	376
2yl2A	9X9B_A	9.813E+00	0.000	6.722E-02	9.290E-02	1.039E-01	348
3qq8A	9NL3_A	7.658E+00	0.000	1.179E-01	3.198E-02	2.317E-01	98
3qq8A	5VBS_A	6.804E+00	0.000	7.793E-02	5.833E-02	2.608E-01	43
3qq8A	5HHK_A	9.137E+00	0.000	7.596E-02	4.967E-02	3.061E-01	32
3qq8A	9X9B_A	7.219E+00	0.000	7.692E-02	4.371E-02	2.423E-01	52
3qq8A	23OR_A	6.044E+00	0.000	1.084E-01	6.093E-02	1.922E-01	90
3qq8A	9LJE_A	3.987E+00	0.000	5.485E-02	3.369E-02	1.023E-01	124
3qq8A	9L7P_E	8.124E+00	0.000	6.902E-02	4.754E-02	1.848E-01	34
3qq8A	9LBQ_A	9.687E+00	0.000	8.524E-02	5.942E-02	1.459E-01	87
3qq8A	1RTD_A	8.616E+00	0.000	9.984E-02	4.141E-02	1.415E-01	129
3qq8A	9C0I_A	9.137E+00	0.000	6.677E-02	3.534E-02	9.701E-02	134
3tv3L	9C0I_A	2.693E+00	0.007	9.176E-02	5.138E-02	3.282E-01	60
3tv3L	26CZ_A	4.125E+00	0.007	9.607E-02	3.266E-02	4.590E-01	24
3tv3L	7V9X_A	5.383E+00	0.000	7.684E-02	5.124E-02	5.520E-01	17
3tv3L	9Z6Y_A	2.175E+00	0.000	1.244E-01	7.759E-02	2.307E-01	134
3tv3L	6AR1_A	4.839E+00	0.000	6.448E-02	3.245E-02	5.657E-01	14
3tv3L	9IOA_A	5.986E+00	0.000	6.209E-02	2.635E-02	6.834E-01	13
3tv3L	9VHL_A	5.383E+00	0.000	7.427E-02	5.631E-02	5.602E-01	16
3tv3L	8QBL_A	5.383E+00	0.000	7.615E-02	5.169E-02	5.462E-01	17
3tv3L	7XJG_A	5.677E+00	0.000	7.662E-02	5.113E-02	5.591E-01	17
3tv3L	9S1F_B	4.350E+00	0.000	7.515E-02	3.047E-02	3.752E-01	44
3tv3L	9I2F_A	4.350E+00	0.000	9.218E-02	3.653E-02	3.992E-01	42
3tv3L	9Z6Z_H	5.383E+00	0.000	9.078E-02	3.274E-02	4.572E-01	24
3tv3L	9E8Z_H	5.986E+00	0.000	7.755E-02	5.286E-02	4.777E-01	17
3tv3L	8QBK_A	6.313E+00	0.000	8.085E-02	5.481E-02	4.558E-01	18
3tv3L	8QBM_A	6.313E+00	0.000	8.060E-02	5.471E-02	5.216E-01	18
3tv3L	9I2G_B	4.839E+00	0.000	7.660E-02	3.081E-02	3.827E-01	44
3tv3L	8OZ7_A	5.986E+00	0.000	8.816E-02	3.196E-02	4.672E-01	20
3tv3L	9Z6Y_H	5.986E+00	0.000	9.066E-02	3.281E-02	4.576E-01	24
3tv3L	9NL3_A	3.708E+00	0.000	8.962E-02	2.731E-02	2.614E-01	84
3tv3L	9VHE_A	7.401E+00	0.000	7.464E-02	5.654E-02	5.609E-01	16
3tv3L	7V9U_A	7.401E+00	0.000	7.640E-02	5.180E-02	5.603E-01	17
3tv3L	9D5X_A	5.677E+00	0.000	9.027E-02	5.014E-02	3.617E-01	24
3tv3L	7R08_A	5.677E+00	0.000	9.188E-02	4.148E-02	3.799E-01	24
3tv3L	8BGJ_A	6.657E+00	0.000	8.188E-02	8.257E-02	3.620E-01	23
3tv3L	9N69_E	8.225E+00	0.000	7.803E-02	5.278E-02	5.234E-01	18
3tv3L	9D4S_A	6.657E+00	0.000	9.005E-02	4.819E-02	3.600E-01	24
3tv3L	9LJE_A	6.313E+00	0.000	9.259E-02	5.344E-02	3.225E-01	61
3tv3L	9Z6Z_A	3.911E+00	0.000	9.318E-02	5.889E-02	1.637E-01	127
3tv3L	9YFD_A	9.629E+00	0.000	9.133E-02	1.993E-02	4.714E-01	34
3tv3L	5VBS_A	9.138E+00	0.000	7.064E-02	5.979E-02	2.806E-01	87
3tv3L	5HHK_A	8.670E+00	0.000	8.240E-02	5.989E-02	3.259E-01	21
3tv3L	5HHJ_A	8.670E+00	0.000	8.237E-02	5.968E-02	3.271E-01	21
3tv3L	8UBD_A	7.802E+00	0.000	6.966E-02	4.687E-02	2.973E-01	20
3tv3L	8UB7_A	7.401E+00	0.000	7.552E-02	5.069E-02	2.167E-01	22
3tv3L	7UIM_D	8.225E+00	0.000	6.914E-02	3.830E-02	2.678E-01	17
3tv3L	1RTD_A	9.629E+00	0.000	1.085E-01	4.359E-02	3.675E-01	60
3tv3L	8GH6_A	7.802E+00	0.000	1.035E-01	2.993E-02	2.453E-01	129
3tv3L	9HDO_A	8.670E+00	0.000	6.938E-02	1.858E-02	2.587E-01	25
3tv3L	24NC_A	9.629E+00	0.000	7.637E-02	3.517E-02	2.383E-01	47
4b8vA	9I2F_A	3.191E+00	0.000	1.082E-01	4.168E-02	3.753E-01	55
4b8vA	24NC_A	2.991E+00	0.000	9.571E-02	4.441E-02	1.864E-01	65
4b8vA	7V9U_A	8.940E+00	0.000	1.182E-01	7.371E-02	4.337E-01	96
4b8vA	9I2G_B	7.379E+00	0.000	1.135E-01	4.167E-02	4.276E-01	52
4b8vA	9X9B_A	8.387E+00	0.000	1.252E-01	7.507E-02	3.320E-01	64
4b8vA	8C8J_A	8.387E+00	0.000	7.992E-02	3.090E-02	2.159E-01	44
4f1vA	7V9U_A	3.672E+00	0.000	6.378E-02	7.437E-02	3.410E-01	44
4f1vA	8QBK_A	3.672E+00	0.000	6.304E-02	7.352E-02	3.367E-01	44
4f1vA	8QBM_A	4.175E+00	0.000	6.291E-02	7.321E-02	3.320E-01	44
4f1vA	7XJG_A	3.028E+00	0.000	5.977E-02	6.783E-02	2.895E-01	50
4f1vA	9Z6Y_H	3.229E+00	0.000	6.052E-02	3.932E-02	2.513E-01	64
4f1vA	9Z6Z_H	3.028E+00	0.000	6.035E-02	3.913E-02	2.442E-01	64
4f1vA	8QBL_A	4.747E+00	0.000	6.270E-02	7.310E-02	3.292E-01	44
4f1vA	9WN8_A	4.747E+00	0.000	6.783E-02	7.070E-02	3.225E-01	50
4f1vA	7UIM_D	8.990E+00	0.000	6.339E-02	6.122E-02	5.338E-01	32
4f1vA	7V9X_A	7.430E+00	0.000	6.194E-02	7.120E-02	3.172E-01	44
4f1vA	9LBQ_A	6.971E+00	0.000	6.044E-02	6.816E-02	2.911E-01	50
4f1vA	9X9B_A	8.438E+00	0.000	6.867E-02	7.129E-02	3.222E-01	42
4f1vA	9LPA_A	8.438E+00	0.000	7.048E-02	7.081E-02	3.448E-01	43
4f1vA	9I2F_A	7.430E+00	0.000	3.908E-02	2.636E-02	3.766E-01	28
4f1vA	9X94_A	9.577E+00	0.000	5.997E-02	6.210E-02	2.883E-01	42
4kxvA	9I2G_B	2.634E+00	0.008	1.072E-01	1.136E-01	4.093E-01	156
4kxvA	9I2F_A	1.414E+00	0.000	9.468E-02	9.996E-02	2.338E-01	221
4kxvA	9S1F_B	4.138E+00	0.000	9.901E-02	1.049E-01	3.732E-01	152
4kxvA	9YFD_A	3.911E+00	0.000	7.201E-02	4.219E-02	3.692E-01	133
4kxvA	7KFT_C	3.911E+00	0.000	4.076E-02	4.351E-02	2.833E-01	67
4kxvA	8GH6_A	2.101E+00	0.000	3.226E-02	2.931E-02	1.476E-01	85
4kxvA	9NL3_A	2.223E+00	0.000	3.581E-02	2.295E-02	1.793E-01	109
4kxvA	6MEC_C	9.088E+00	0.000	2.701E-02	3.709E-02	4.854E-01	27
4kxvA	8OZ7_A	4.902E+00	0.000	4.620E-02	4.729E-02	2.042E-01	124
4kxvA	9D4S_A	9.607E+00	0.000	2.532E-02	3.494E-02	4.804E-01	28
4kxvA	5G2X_C	7.268E+00	0.000	2.977E-02	3.743E-02	3.143E-01	54
4kxvA	1RTD_A	8.596E+00	0.000	5.585E-02	6.093E-02	2.956E-01	77
4kxvA	8UBD_A	9.088E+00	0.000	4.330E-02	6.757E-02	2.579E-01	65
4kxvA	8C8J_A	6.496E+00	0.000	4.482E-02	4.141E-02	1.098E-01	153
4kxvA	9Z6Z_H	8.596E+00	0.000	4.261E-02	4.267E-02	1.206E-01	213
3g5tA	1RTD_A	4.644E+00	0.000	1.106E-01	6.725E-02	3.621E-01	73
3g5tA	9Z6Y_A	4.644E+00	0.000	7.840E-02	5.938E-02	1.432E-01	163
3g5tA	5HHL_A	7.651E+00	0.000	8.285E-02	8.435E-02	1.371E-01	164
3g5tA	9L7P_E	6.756E+00	0.000	4.965E-02	4.851E-02	2.155E-01	38
3g5tA	9Z6Z_A	8.661E+00	0.000	7.158E-02	6.059E-02	1.314E-01	163
3k8wA	9NNB_B	3.454E+00	0.008	7.376E-02	7.040E-02	5.872E-01	26
3k8wA	9I2G_B	2.660E+00	0.008	9.455E-02	5.293E-02	4.030E-01	50
3k8wA	9K6G_A	5.525E+00	0.007	1.378E-01	4.501E-02	4.755E-01	95
3k8wA	9VHE_A	4.978E+00	0.000	7.044E-02	7.578E-02	5.545E-01	29
3k8wA	8QBK_A	3.835E+00	0.000	1.361E-01	1.317E-01	2.999E-01	115
3k8wA	8QBL_A	6.804E+00	0.000	8.861E-02	8.505E-02	6.390E-01	30
3k8wA	8QBM_A	6.132E+00	0.000	7.634E-02	7.327E-02	6.060E-01	26
3k8wA	9L7P_E	6.459E+00	0.000	7.716E-02	7.403E-02	6.532E-01	26
3k8wA	7V9X_A	5.245E+00	0.000	1.055E-01	9.998E-02	4.673E-01	54
3k8wA	9S1F_B	2.953E+00	0.000	1.418E-01	8.290E-02	2.558E-01	174
3k8wA	9HDO_A	6.804E+00	0.000	1.440E-01	4.935E-02	4.816E-01	94
3k8wA	9VHL_A	4.485E+00	0.000	8.241E-02	8.738E-02	3.720E-01	51
3k8wA	9I2F_A	3.639E+00	0.000	1.447E-01	8.402E-02	2.577E-01	172
3k8wA	9Z6Y_A	5.245E+00	0.000	1.334E-01	1.034E-01	3.052E-01	112
3k8wA	8OZ7_A	7.949E+00	0.000	7.589E-02	3.849E-02	4.526E-01	45
3k8wA	5VBS_A	5.245E+00	0.000	6.199E-02	7.121E-02	3.708E-01	35
3k8wA	9E8Z_H	7.548E+00	0.000	9.607E-02	9.319E-02	4.503E-01	55
3k8wA	7V9U_A	9.279E+00	0.000	7.662E-02	7.353E-02	6.217E-01	26
3k8wA	7XJG_A	5.525E+00	0.000	6.323E-02	6.007E-02	3.637E-01	26
3k8wA	9LBQ_A	4.725E+00	0.000	1.021E-01	9.689E-02	2.279E-01	112
3k8wA	8BGJ_A	9.279E+00	0.000	8.112E-02	1.124E-01	4.196E-01	32
3k8wA	23OR_A	7.949E+00	0.000	1.091E-01	9.367E-02	2.713E-01	119
3k8wA	1RTD_A	8.814E+00	0.000	8.599E-02	4.860E-02	4.478E-01	33
3k8wA	8C8J_A	8.371E+00	0.000	1.265E-01	6.283E-02	3.324E-01	118
3k8wA	9WN8_A	7.167E+00	0.000	1.125E-01	9.943E-02	1.753E-01	189
3k8wA	7R08_A	9.768E+00	0.000	8.319E-02	5.384E-02	4.172E-01	36
3k8wA	24NC_A	9.768E+00	0.000	9.441E-02	5.870E-02	3.348E-01	45
3k8wA	8UB7_A	9.768E+00	0.000	9.212E-02	8.458E-02	1.755E-01	166
3krbA	9YFD_A	6.264E-01	0.014	2.197E-01	8.404E-02	2.855E-01	260
3krbA	9Z6Y_H	5.223E+00	0.000	8.044E-02	4.185E-02	4.860E-01	30
3krbA	9Z6Z_H	4.916E+00	0.000	8.011E-02	4.150E-02	4.883E-01	34
3krbA	9WY8_A	2.106E+00	0.000	9.800E-02	6.981E-02	2.018E-01	152
3krbA	7V9U_A	9.526E+00	0.000	6.738E-02	6.695E-02	6.873E-01	21
3krbA	9NNB_B	6.649E+00	0.000	5.790E-02	5.740E-02	2.791E-01	54
3krbA	9LPA_A	8.455E+00	0.000	4.376E-02	3.673E-02	6.071E-01	16
3krbA	9D4S_A	5.223E+00	0.000	8.637E-02	7.009E-02	1.706E-01	155
3krbA	1RTD_A	5.223E+00	0.000	1.089E-01	7.163E-02	2.121E-01	155
3krbA	9I2F_A	3.419E+00	0.000	8.470E-02	5.447E-02	1.606E-01	138
3krbA	8C8J_A	5.223E+00	0.000	6.530E-02	3.622E-02	1.950E-01	108
3krbA	8SXT_A	3.859E+00	0.000	7.563E-02	3.694E-02	1.461E-01	166
3krbA	9DOU_A	3.859E+00	0.000	8.545E-02	3.554E-02	1.623E-01	143
3krbA	9NL2_A	5.893E+00	0.000	7.663E-02	3.363E-02	2.388E-01	80
3krbA	7UIM_D	8.455E+00	0.000	5.659E-02	4.768E-02	3.557E-01	54
3krbA	7KFT_C	7.963E+00	0.000	8.847E-02	5.334E-02	3.172E-01	67
3krbA	9S1F_B	4.916E+00	0.000	8.847E-02	5.917E-02	1.883E-01	122
3krbA	9I2G_B	8.455E+00	0.000	1.257E-01	7.509E-02	2.511E-01	145
3krbA	8OZ7_A	7.061E+00	0.000	6.506E-02	4.330E-02	1.890E-01	85
3krbA	9HDO_A	4.916E+00	0.000	8.114E-02	3.221E-02	1.689E-01	123
3krbA	9VHL_A	9.526E+00	0.000	5.660E-02	6.272E-02	2.555E-01	59
3krbA	5HHJ_A	8.975E+00	0.000	7.966E-02	8.236E-02	1.570E-01	133
3krbA	7V9X_A	7.963E+00	0.000	5.063E-02	4.967E-02	3.425E-01	28
3krbA	7UIN_D	8.455E+00	0.000	7.057E-02	5.966E-02	1.793E-01	88
3krbA	5G2X_C	7.963E+00	0.000	6.175E-02	4.469E-02	1.475E-01	102
3rlfF	8UW3_A	1.357E+00	0.008	5.306E-02	2.768E-02	1.964E-01	122
3rlfF	9NL2_A	5.025E+00	0.007	7.993E-02	3.846E-02	4.595E-01	60
3rlfF	9LPA_A	2.747E+00	0.000	8.735E-02	1.068E-01	2.018E-01	214
3rlfF	1RTD_A	1.357E+00	0.000	5.974E-02	5.460E-02	1.424E-01	205
3rlfF	26CZ_A	2.889E+00	0.000	1.199E-01	9.897E-02	1.947E-01	237
3rlfF	24NC_A	3.908E+00	0.000	7.985E-02	7.615E-02	1.597E-01	178
3rlfF	9IOA_A	5.284E+00	0.000	6.058E-02	6.079E-02	2.408E-01	88
3rlfF	9I2F_A	7.138E+00	0.000	5.418E-02	4.769E-02	3.698E-01	47
3rlfF	9L7P_E	9.620E+00	0.000	5.155E-02	7.667E-02	2.997E-01	52
3rlfF	9WN8_A	7.887E+00	0.000	8.171E-02	1.068E-01	2.593E-01	179
3rlfF	9C0I_A	6.789E+00	0.000	3.932E-02	4.516E-02	2.231E-01	100
3rlfF	9X94_A	9.156E+00	0.000	5.081E-02	6.450E-02	1.893E-01	58
4bucA	8UBD_A	2.779E+00	0.000	5.410E-02	6.731E-02	1.898E-01	63
4bucA	9I2G_B	5.504E+00	0.000	9.196E-02	7.255E-02	2.635E-01	141
4bucA	8C8J_A	5.504E+00	0.000	5.284E-02	3.370E-02	4.267E-01	44
4bucA	9DOU_A	3.615E+00	0.000	7.136E-02	3.961E-02	1.751E-01	155
4bucA	9WN8_A	4.233E+00	0.000	8.745E-02	9.824E-02	1.555E-01	240
4bucA	24NC_A	6.113E+00	0.000	3.747E-02	3.260E-02	3.445E-01	44
4bucA	9N69_E	4.955E+00	0.000	5.938E-02	7.668E-02	2.090E-01	73
4bucA	9LBQ_A	9.277E+00	0.000	5.230E-02	6.715E-02	3.985E-01	31
4bucA	8UB7_A	6.441E+00	0.000	6.276E-02	7.790E-02	2.404E-01	63
4bucA	7UIN_D	9.769E+00	0.000	4.197E-02	4.616E-02	4.949E-01	39
4bucA	9C0I_A	2.779E+00	0.000	5.083E-02	5.102E-02	1.047E-01	219
4bucA	1RTD_A	5.504E+00	0.000	9.249E-02	7.622E-02	1.451E-01	264
4bucA	9I2F_A	7.152E+00	0.000	9.697E-02	7.700E-02	2.118E-01	185
4bucA	5HHK_A	7.535E+00	0.000	5.375E-02	7.150E-02	2.250E-01	75
4bucA	5HHJ_A	9.277E+00	0.000	5.726E-02	7.687E-02	3.048E-01	40
4bucA	9E8Z_H	9.769E+00	0.000	5.555E-02	7.127E-02	2.662E-01	63
4bucA	9NL3_A	8.362E+00	0.000	6.328E-02	3.075E-02	2.354E-01	117
4bucA	9NL2_A	8.362E+00	0.000	7.008E-02	3.371E-02	2.011E-01	139
4bucA	5HHL_A	9.769E+00	0.000	5.837E-02	7.606E-02	1.990E-01	75
4bucA	9X94_A	7.938E+00	0.000	7.719E-02	8.784E-02	1.353E-01	247
4bucA	23OR_A	9.769E+00	0.000	6.917E-02	7.731E-02	1.714E-01	141
4bucA	9LJE_A	7.535E+00	0.000	4.115E-02	4.135E-02	1.405E-01	55
4bucA	5G2X_C	7.938E+00	0.000	6.682E-02	6.079E-02	1.692E-01	156
4lk4A	7KFT_C	2.304E+00	0.007	1.082E-01	6.955E-02	3.540E-01	83
4lk4A	9N69_E	5.611E+00	0.000	5.579E-02	5.784E-02	2.252E-01	55
4lk4A	23OR_A	5.931E+00	0.000	6.531E-02	5.922E-02	1.658E-01	130
4lk4A	7UIN_D	8.264E+00	0.000	8.008E-02	7.030E-02	2.017E-01	98
4lk4A	1RTD_A	6.627E+00	0.000	6.209E-02	4.177E-02	1.509E-01	146
4lk4A	9NL3_A	5.308E+00	0.000	5.251E-02	2.165E-02	1.080E-01	148
4lk4A	5VBS_A	9.741E+00	0.000	6.375E-02	7.359E-02	1.657E-01	143
4lk4A	9WN8_A	7.821E+00	0.000	6.126E-02	5.827E-02	1.356E-01	129
4lk4A	9X9B_A	9.223E+00	0.000	5.834E-02	5.411E-02	1.599E-01	132
4lk4A	9LPA_A	8.731E+00	0.000	6.559E-02	6.010E-02	1.250E-01	128
4lk4A	8FLI_B	8.731E+00	0.000	5.364E-02	4.423E-02	1.096E-01	149
4lk4A	7R06_A	9.741E+00	0.000	4.554E-02	2.804E-02	1.926E-01	46
4r0kB	8UW3_A	4.873E-01	0.007	9.646E-02	3.884E-02	1.469E-01	210
4r0kB	9NL2_A	5.829E+00	0.000	5.657E-02	1.778E-02	3.427E-01	22
4r0kB	9Z6Y_A	3.715E+00	0.000	7.601E-02	6.028E-02	2.163E-01	82
4r0kB	9IOA_A	4.924E+00	0.000	8.641E-02	6.209E-02	3.095E-01	52
4r0kB	9NL3_A	4.924E+00	0.000	6.558E-02	2.149E-02	2.794E-01	30
4r0kB	9D5X_A	3.511E+00	0.000	8.541E-02	7.083E-02	2.037E-01	87
4r0kB	9DOU_A	6.898E+00	0.000	6.269E-02	2.314E-02	3.102E-01	24
4r0kB	9HDO_A	4.399E+00	0.000	6.906E-02	2.255E-02	2.605E-01	68
4r0kB	9WN8_A	6.166E+00	0.000	6.527E-02	5.966E-02	2.575E-01	54
4r0kB	9X94_A	5.829E+00	0.000	7.051E-02	6.271E-02	2.614E-01	55
4r0kB	9D4S_A	4.158E+00	0.000	7.536E-02	6.061E-02	1.910E-01	91
4r0kB	8FLI_B	7.715E+00	0.000	6.703E-02	4.721E-02	3.728E-01	35
4r0kB	8SXT_A	6.898E+00	0.000	7.002E-02	3.145E-02	3.534E-01	26
4r0kB	9K6G_A	6.898E+00	0.000	7.052E-02	2.272E-02	3.450E-01	26
4r0kB	9VHL_A	8.625E+00	0.000	9.554E-02	1.015E-01	3.559E-01	59
4r0kB	9N69_E	8.158E+00	0.000	8.803E-02	8.712E-02	3.291E-01	46
4r0kB	8QBK_A	4.654E+00	0.000	7.647E-02	7.580E-02	1.739E-01	120
4r0kB	8QBL_A	5.510E+00	0.000	7.471E-02	7.479E-02	1.738E-01	120
4r0kB	8QBM_A	4.399E+00	0.000	7.647E-02	7.557E-02	1.731E-01	120
4r0kB	23OR_A	7.715E+00	0.000	6.990E-02	6.226E-02	2.597E-01	55
4r0kB	9Z6Z_A	5.829E+00	0.000	5.441E-02	4.296E-02	2.721E-01	50
4r0kB	1RTD_A	3.319E+00	0.000	1.086E-01	7.338E-02	1.221E-01	374
4r0kB	9I2G_B	9.638E+00	0.000	4.727E-02	2.527E-02	4.609E-01	15
4r0kB	8C8J_A	7.295E+00	0.000	6.561E-02	3.070E-02	2.778E-01	58
4r0kB	9VHE_A	9.638E+00	0.000	1.057E-01	1.145E-01	2.213E-01	115
4r0kB	5HHL_A	9.118E+00	0.000	7.852E-02	8.138E-02	2.336E-01	112
4r0kB	5HHK_A	8.158E+00	0.000	9.890E-02	1.019E-01	2.535E-01	115
4r0kB	7V9U_A	6.522E+00	0.000	6.792E-02	6.716E-02	1.538E-01	171
4r0kB	7V9X_A	9.118E+00	0.000	5.578E-02	5.436E-02	2.967E-01	38
4r0kB	7XJG_A	5.829E+00	0.000	6.430E-02	6.311E-02	1.534E-01	171
4r0kB	9LBQ_A	9.118E+00	0.000	6.222E-02	6.013E-02	2.580E-01	56
4r0kB	7UIN_D	9.118E+00	0.000	6.191E-02	5.291E-02	2.212E-01	57
4r0kB	6AR1_A	7.715E+00	0.000	8.919E-02	7.007E-02	2.050E-01	70
4r0kB	9Z6Y_H	9.118E+00	0.000	5.006E-02	3.097E-02	2.434E-01	72
4r0kB	5VBS_A	6.898E+00	0.000	4.072E-02	4.853E-02	1.345E-01	88
4r0kB	9E8Z_H	7.715E+00	0.000	7.816E-02	7.778E-02	1.085E-01	258
4r0kB	7KFT_C	7.715E+00	0.000	6.537E-02	4.191E-02	1.295E-01	123
4r0kB	9YFD_A	9.118E+00	0.000	7.783E-02	3.181E-02	1.696E-01	118
6hq0A	9X9B_A	5.761E+00	0.000	1.124E-01	5.043E-02	3.304E-01	42
6hq0A	1RTD_A	8.894E+00	0.000	1.775E-01	5.169E-02	4.428E-01	93
6hq0A	8UW3_A	8.427E+00	0.000	1.345E-01	2.116E-02	3.834E-01	36
5xjvB	9NL3_A	1.514E+00	0.007	1.296E-01	3.055E-02	2.535E-01	99
5xjvB	9DOU_A	4.029E+00	0.000	1.308E-01	3.459E-02	2.541E-01	100
5xjvB	9HDO_A	5.812E+00	0.000	1.158E-01	2.674E-02	3.715E-01	53
5xjvB	9VHL_A	8.367E+00	0.000	1.067E-01	7.067E-02	5.813E-01	26
5xjvB	9Z6Z_A	5.468E+00	0.000	1.515E-01	7.365E-02	2.332E-01	122
5xjvB	7KFT_C	7.876E+00	0.000	1.782E-01	6.387E-02	3.917E-01	72
5xjvB	7V9X_A	7.876E+00	0.000	8.362E-02	5.018E-02	2.938E-01	39
5xjvB	7R08_A	8.888E+00	0.000	1.167E-01	4.978E-02	3.714E-01	51
5xjvB	24NC_A	9.439E+00	0.000	1.456E-01	6.480E-02	3.287E-01	67
5xjvB	8OZ7_A	5.812E+00	0.000	1.130E-01	4.979E-02	1.916E-01	94
5xjvB	8SXT_A	5.468E+00	0.000	1.316E-01	3.803E-02	2.025E-01	131
5xjvB	9Z6Z_H	9.439E+00	0.000	1.099E-01	4.388E-02	3.051E-01	59
5xjvB	8C8J_A	6.976E+00	0.000	1.206E-01	3.632E-02	1.890E-01	128
4uv7A	9X94_A	8.312E+00	0.000	3.100E-02	5.058E-02	4.660E-01	20
4uv7A	9HDO_A	5.570E+00	0.000	3.131E-02	1.859E-02	3.510E-01	21
4uv7A	9K6G_A	7.908E+00	0.000	2.603E-02	1.524E-02	4.081E-01	17
6ivzA	8BGJ_A	6.146E+00	0.000	3.880E-02	7.101E-02	3.478E-01	44
6ivzA	8UW3_A	1.184E+00	0.000	6.666E-02	2.816E-02	1.106E-01	266
6ivzA	5HHL_A	6.441E+00	0.000	5.640E-02	7.173E-02	2.939E-01	74
6ivzA	9Z6Z_H	6.441E+00	0.000	4.056E-02	2.652E-02	3.212E-01	44
6ivzA	9VHE_A	8.523E+00	0.000	5.171E-02	7.024E-02	3.673E-01	30
6ivzA	7UIM_D	7.765E+00	0.000	3.900E-02	3.936E-02	3.779E-01	28
6ivzA	6ME0_C	6.441E+00	0.000	4.292E-02	4.065E-02	2.803E-01	56
6ivzA	9VHL_A	9.351E+00	0.000	5.080E-02	6.799E-02	3.671E-01	30
6ivzA	5HHK_A	8.928E+00	0.000	4.924E-02	6.368E-02	2.784E-01	74
6ivzA	9N69_E	8.928E+00	0.000	5.023E-02	6.078E-02	3.572E-01	30
6ivzA	9Z6Y_H	8.523E+00	0.000	4.052E-02	2.658E-02	3.207E-01	47
6ivzA	9K6G_A	6.441E+00	0.000	3.983E-02	1.774E-02	3.115E-01	32
6ivzA	7V9U_A	9.351E+00	0.000	4.089E-02	5.016E-02	2.333E-01	88
6ivzA	6MEC_C	9.794E+00	0.000	4.077E-02	3.881E-02	2.427E-01	56
6ivzA	7KFT_C	7.765E+00	0.000	6.256E-02	4.721E-02	1.992E-01	117
6ivzA	9NL3_A	8.136E+00	0.000	4.173E-02	2.061E-02	2.108E-01	74
6ivzA	9WN8_A	9.351E+00	0.000	4.179E-02	4.440E-02	2.066E-01	48
6ivzA	7R08_A	8.928E+00	0.000	2.881E-02	2.428E-02	2.217E-01	52
6ivzA	9IOA_A	8.523E+00	0.000	3.748E-02	3.135E-02	1.410E-01	104
6ivzA	8GH6_A	7.411E+00	0.000	4.156E-02	2.019E-02	1.586E-01	93
5cecA	9N69_E	1.869E-01	0.009	1.001E-01	1.203E-01	1.567E-01	286
5cecA	8UW3_A	1.690E+00	0.000	4.262E-02	1.833E-02	3.272E-01	63
5cecA	9NNB_B	1.690E+00	0.000	1.167E-01	1.388E-01	1.814E-01	286
5cecA	9WN8_A	2.794E+00	0.000	1.314E-01	1.433E-01	3.049E-01	163
5cecA	1RTD_A	2.314E+00	0.000	5.768E-02	4.645E-02	2.643E-01	63
5cecA	9DOU_A	1.022E+00	0.000	4.210E-02	2.071E-02	2.313E-01	72
5cecA	6MEC_C	5.576E+00	0.000	7.999E-02	7.778E-02	4.480E-01	54
5cecA	9HDO_A	2.041E+00	0.000	4.466E-02	1.910E-02	2.983E-01	63
5cecA	5HHL_A	5.238E+00	0.000	6.472E-02	8.313E-02	3.507E-01	68
5cecA	9L7P_E	2.464E+00	0.000	1.093E-01	1.301E-01	1.739E-01	274
5cecA	7UIM_D	5.937E+00	0.000	6.626E-02	6.732E-02	3.608E-01	60
5cecA	6ME0_C	7.162E+00	0.000	7.388E-02	7.193E-02	4.759E-01	50
5cecA	9C0I_A	1.587E+00	0.000	1.083E-01	1.040E-01	1.491E-01	348
5cecA	8OZ7_A	3.593E+00	0.000	3.689E-02	2.541E-02	3.694E-01	53
5cecA	8SXT_A	2.794E+00	0.000	4.006E-02	2.343E-02	3.132E-01	61
5cecA	5VBS_A	7.162E+00	0.000	6.395E-02	9.505E-02	3.739E-01	57
5cecA	9VHL_A	5.238E+00	0.000	1.246E-01	1.625E-01	2.168E-01	256
5cecA	9E8Z_H	4.919E+00	0.000	7.536E-02	9.014E-02	1.978E-01	131
5cecA	9X9B_A	3.593E+00	0.000	1.549E-01	1.675E-01	2.020E-01	424
5cecA	9D5X_A	3.826E+00	0.000	9.899E-02	1.007E-01	1.989E-01	264
5cecA	9LJE_A	3.593E+00	0.000	1.167E-01	1.131E-01	2.025E-01	265
5cecA	24NC_A	5.238E+00	0.000	9.725E-02	8.235E-02	1.941E-01	257
5cecA	9Z6Z_H	7.623E+00	0.000	1.040E-01	7.193E-02	3.632E-01	77
5cecA	9K6G_A	4.075E+00	0.000	4.047E-02	1.684E-02	3.037E-01	70
5cecA	8QBL_A	2.976E+00	0.000	4.797E-02	5.733E-02	1.497E-01	108
5cecA	8QBM_A	3.826E+00	0.000	4.445E-02	5.328E-02	1.510E-01	112
5cecA	9LPA_A	7.162E+00	0.000	1.293E-01	1.372E-01	2.637E-01	193
5cecA	7UIN_D	7.162E+00	0.000	5.965E-02	6.141E-02	3.405E-01	68
5cecA	9D4S_A	5.238E+00	0.000	3.757E-02	3.699E-02	3.087E-01	58
5cecA	6AR1_A	4.919E+00	0.000	3.843E-02	3.702E-02	3.150E-01	61
5cecA	9Z6Z_A	4.620E+00	0.000	4.293E-02	4.139E-02	2.601E-01	68
5cecA	9I2G_B	2.314E+00	0.000	4.785E-02	3.845E-02	1.165E-01	115
5cecA	26CZ_A	8.633E+00	0.000	8.399E-02	5.890E-02	3.178E-01	93
5cecA	8C8J_A	4.919E+00	0.000	4.532E-02	2.711E-02	2.992E-01	63
5cecA	8QBK_A	3.593E+00	0.000	4.442E-02	5.258E-02	1.194E-01	111
5cecA	7R08_A	5.576E+00	0.000	3.392E-02	2.890E-02	2.659E-01	54
5cecA	9IOA_A	4.075E+00	0.000	7.366E-02	6.662E-02	8.962E-02	327
5cecA	9I2F_A	3.826E+00	0.000	8.330E-02	6.882E-02	9.257E-02	428
5cecA	9Z6Y_H	7.162E+00	0.000	1.031E-01	7.394E-02	1.599E-01	300
5cecA	8GH6_A	5.937E+00	0.000	4.535E-02	2.139E-02	2.621E-01	67
5cecA	9NL3_A	6.321E+00	0.000	3.707E-02	1.862E-02	2.308E-01	71
5cecA	8BGJ_A	7.162E+00	0.000	4.067E-02	6.946E-02	2.053E-01	61
5cecA	9VHE_A	7.623E+00	0.000	5.031E-02	6.412E-02	1.485E-01	116
5cecA	7V9X_A	8.633E+00	0.000	4.630E-02	5.547E-02	1.321E-01	110
5cecA	7XJG_A	7.162E+00	0.000	4.619E-02	5.533E-02	1.335E-01	110
5cecA	9S1F_B	8.633E+00	0.000	8.536E-02	6.685E-02	1.458E-01	220
5cecA	9YFD_A	9.185E+00	0.000	1.111E-01	5.685E-02	1.881E-01	260
5cecA	7R06_A	9.770E+00	0.000	4.492E-02	3.431E-02	1.398E-01	121
2zpaA	7UIN_D	5.353E-01	0.010	6.311E-02	9.637E-02	1.781E-01	210
2zpaA	8UW3_A	7.078E-01	0.010	8.761E-02	5.388E-02	2.016E-01	275
2zpaA	7V9U_A	4.048E-01	0.008	6.337E-02	1.061E-01	1.379E-01	252
2zpaA	8QBK_A	2.448E-01	0.008	6.502E-02	1.032E-01	1.092E-01	391
2zpaA	6AR1_A	6.693E-01	0.008	6.002E-02	8.061E-02	1.646E-01	195
2zpaA	7R08_A	5.660E-01	0.008	7.348E-02	9.079E-02	1.521E-01	294
2zpaA	8QBM_A	4.048E-01	0.007	7.054E-02	1.134E-01	1.201E-01	386
2zpaA	7V9X_A	5.660E-01	0.000	6.938E-02	1.115E-01	1.202E-01	373
2zpaA	24NC_A	1.047E+00	0.000	7.781E-02	9.202E-02	1.568E-01	292
2zpaA	5HHL_A	4.728E+00	0.000	4.164E-02	8.388E-02	4.104E-01	53
2zpaA	7UIM_D	9.897E-01	0.000	5.745E-02	8.358E-02	1.205E-01	308
2zpaA	26CZ_A	1.309E+00	0.000	6.105E-02	6.255E-02	1.461E-01	300
2zpaA	9YFD_A	2.164E+00	0.000	6.382E-02	4.161E-02	1.811E-01	187
2zpaA	5HHJ_A	6.979E+00	0.000	4.145E-02	8.365E-02	4.227E-01	53
2zpaA	9E8Z_H	3.782E+00	0.000	6.680E-02	1.150E-01	2.013E-01	161
2zpaA	8QBL_A	2.046E+00	0.000	7.613E-02	1.195E-01	1.266E-01	363
2zpaA	9LPA_A	3.025E+00	0.000	5.951E-02	9.699E-02	1.817E-01	230
2zpaA	5G2X_C	4.999E+00	0.000	4.200E-02	5.459E-02	3.442E-01	43
2zpaA	5VBS_A	5.285E+00	0.000	3.799E-02	8.950E-02	2.516E-01	95
2zpaA	7XJG_A	2.419E+00	0.000	6.092E-02	9.612E-02	1.217E-01	247
2zpaA	9WN8_A	2.861E+00	0.000	6.555E-02	9.615E-02	1.188E-01	314
2zpaA	9D4S_A	3.382E+00	0.000	5.127E-02	6.919E-02	1.379E-01	186
2zpaA	9C0I_A	4.999E+00	0.000	4.673E-02	6.780E-02	2.617E-01	93
2zpaA	8OZ7_A	2.558E+00	0.000	6.831E-02	7.203E-02	1.249E-01	330
2zpaA	8SXT_A	5.285E+00	0.000	2.652E-02	2.421E-02	3.910E-01	22
2zpaA	8BGJ_A	5.285E+00	0.000	3.513E-02	9.111E-02	3.191E-01	32
2zpaA	9LBQ_A	9.200E+00	0.000	3.886E-02	7.397E-02	4.143E-01	60
2zpaA	9X94_A	4.999E+00	0.000	5.876E-02	9.401E-02	1.548E-01	210
2zpaA	9LJE_A	8.240E+00	0.000	3.852E-02	5.518E-02	3.635E-01	61
2zpaA	7R06_A	5.285E+00	0.000	6.697E-02	7.078E-02	1.587E-01	220
2zpaA	8C8J_A	4.999E+00	0.000	4.498E-02	4.283E-02	2.082E-01	96
2zpaA	9VHE_A	7.377E+00	0.000	4.078E-02	8.535E-02	2.230E-01	90
2zpaA	9VHL_A	7.377E+00	0.000	6.021E-02	1.168E-01	1.790E-01	168
2zpaA	9N69_E	6.245E+00	0.000	4.033E-02	7.657E-02	1.737E-01	150
2zpaA	9NNB_B	4.999E+00	0.000	6.553E-02	1.044E-01	1.371E-01	274
2zpaA	9X9B_A	5.285E+00	0.000	6.067E-02	8.723E-02	1.433E-01	138
2zpaA	9K6G_A	5.285E+00	0.000	6.660E-02	5.467E-02	1.395E-01	347
2zpaA	9NL2_A	6.602E+00	0.000	6.566E-02	4.502E-02	1.646E-01	230
2zpaA	9D5X_A	6.245E+00	0.000	6.254E-02	9.197E-02	1.117E-01	387
2zpaA	9IOA_A	8.240E+00	0.000	5.735E-02	7.141E-02	1.444E-01	234
2zpaA	9S1F_B	9.718E+00	0.000	9.169E-02	1.016E-01	2.190E-01	241
2zpaA	8GH6_A	8.707E+00	0.000	6.535E-02	5.154E-02	1.650E-01	159
2zpaA	9NL3_A	4.728E+00	0.000	4.198E-02	2.955E-02	1.301E-01	165
2zpaA	9Z6Z_A	9.200E+00	0.000	7.819E-02	9.222E-02	1.040E-01	443
2zpaA	9Z6Z_H	8.240E+00	0.000	6.829E-02	6.949E-02	1.137E-01	372
2zpaA	9HDO_A	8.707E+00	0.000	4.828E-02	3.663E-02	1.428E-01	200
3u62A	9VHE_A	4.397E+00	0.008	8.111E-02	7.587E-02	5.529E-01	26
3u62A	9VHL_A	5.878E+00	0.000	8.118E-02	7.601E-02	5.642E-01	26
3u62A	9NNB_B	5.878E+00	0.000	8.123E-02	6.813E-02	4.612E-01	28
3u62A	9C0I_A	3.694E+00	0.000	5.381E-02	4.096E-02	2.476E-01	58
3u62A	9E8Z_H	6.993E+00	0.000	7.586E-02	6.541E-02	4.295E-01	44
3u62A	9D5X_A	8.804E+00	0.000	7.596E-02	5.382E-02	5.912E-01	29
3u62A	8UBD_A	5.878E+00	0.000	7.787E-02	6.750E-02	2.718E-01	68
3u62A	8OZ7_A	5.234E+00	0.000	7.839E-02	4.126E-02	2.277E-01	68
3u62A	5HHK_A	9.871E+00	0.000	7.021E-02	6.461E-02	4.222E-01	45
3u62A	8UB7_A	7.848E+00	0.000	7.214E-02	6.085E-02	2.611E-01	75
3u62A	9LJE_A	6.228E+00	0.000	6.200E-02	3.993E-02	1.930E-01	104
3u62A	9I2G_B	6.600E+00	0.000	1.449E-01	8.146E-02	2.146E-01	176
3u62A	9I2F_A	4.939E+00	0.000	8.028E-02	4.298E-02	1.624E-01	149
3u62A	9HDO_A	3.915E+00	0.000	1.079E-01	3.867E-02	1.214E-01	314
3u62A	9Z6Z_H	9.871E+00	0.000	1.223E-01	6.000E-02	2.665E-01	118
3u62A	8C8J_A	6.228E+00	0.000	8.557E-02	4.683E-02	1.370E-01	160
3u62A	8SXT_A	8.313E+00	0.000	7.721E-02	3.331E-02	1.666E-01	103
3u62A	9K6G_A	7.848E+00	0.000	9.349E-02	3.243E-02	1.776E-01	103
3u62A	9YFD_A	8.804E+00	0.000	9.723E-02	3.617E-02	1.969E-01	125
3u62A	8UW3_A	7.848E+00	0.000	8.546E-02	2.517E-02	2.103E-01	102
4c12A	9YFD_A	8.094E-02	0.011	1.024E-01	5.663E-02	1.499E-01	412
4c12A	8UB7_A	1.310E+00	0.008	6.172E-02	8.314E-02	3.589E-01	51
4c12A	8UBD_A	1.761E+00	0.007	6.337E-02	8.671E-02	3.583E-01	51
4c12A	1RTD_A	1.390E+00	0.007	8.509E-02	7.742E-02	2.217E-01	161
4c12A	9I2G_B	3.184E+00	0.007	1.581E-01	1.396E-01	4.521E-01	174
4c12A	9K6G_A	1.234E+00	0.007	6.132E-02	3.587E-02	3.049E-01	70
4c12A	9LBQ_A	2.829E+00	0.000	5.404E-02	7.949E-02	3.369E-01	68
4c12A	9LPA_A	3.184E+00	0.000	5.841E-02	7.532E-02	3.390E-01	68
4c12A	5HHJ_A	2.829E+00	0.000	4.106E-02	6.074E-02	3.884E-01	46
4c12A	23OR_A	1.660E+00	0.000	5.270E-02	6.808E-02	2.269E-01	112
4c12A	5HHK_A	3.378E+00	0.000	4.108E-02	6.090E-02	3.885E-01	46
4c12A	9N69_E	3.803E+00	0.000	5.515E-02	8.158E-02	3.733E-01	54
4c12A	9WN8_A	3.584E+00	0.000	4.613E-02	6.001E-02	3.470E-01	52
4c12A	8SXT_A	2.232E+00	0.000	6.015E-02	4.533E-02	2.702E-01	80
4c12A	8UW3_A	3.001E+00	0.000	5.718E-02	2.761E-02	3.401E-01	56
4c12A	9Z6Z_A	4.280E+00	0.000	4.881E-02	5.640E-02	3.211E-01	74
4c12A	9C0I_A	1.761E+00	0.000	5.130E-02	5.752E-02	1.741E-01	112
4c12A	9S1F_B	4.034E+00	0.000	1.072E-01	9.584E-02	2.697E-01	183
4c12A	8C8J_A	2.666E+00	0.000	6.027E-02	4.604E-02	2.796E-01	75
4c12A	9HDO_A	3.584E+00	0.000	4.831E-02	2.806E-02	3.372E-01	62
4c12A	9X94_A	5.111E+00	0.000	5.601E-02	7.294E-02	2.546E-01	98
4c12A	9LJE_A	2.666E+00	0.000	5.123E-02	5.790E-02	1.831E-01	107
4c12A	9I2F_A	4.818E+00	0.000	1.379E-01	1.221E-01	2.737E-01	211
4c12A	5HHL_A	7.720E+00	0.000	4.694E-02	7.322E-02	3.852E-01	42
4c12A	9D4S_A	5.751E+00	0.000	5.937E-02	6.898E-02	2.079E-01	79
4c12A	8BGJ_A	7.720E+00	0.000	5.239E-02	8.570E-02	2.168E-01	75
4c12A	8FLI_B	9.200E+00	0.000	5.408E-02	5.742E-02	2.777E-01	49
4c12A	5G2X_C	8.185E+00	0.000	4.018E-02	4.055E-02	2.121E-01	52
4c12A	24NC_A	8.678E+00	0.000	4.203E-02	4.003E-02	2.952E-01	51
4c12A	8GH6_A	9.750E+00	0.000	5.631E-02	3.731E-02	2.229E-01	74
4n0tA	7KFT_C	8.925E-02	0.057	1.589E-01	1.080E-01	2.851E-01	276
4n0tA	7UIM_D	9.942E-01	0.034	1.211E-01	1.144E-01	5.222E-01	68
4n0tA	8FLI_B	3.839E-01	0.034	1.295E-01	1.065E-01	3.481E-01	157
4n0tA	6ME0_C	5.043E-02	0.024	1.082E-01	9.763E-02	1.751E-01	273
4n0tA	6MEC_C	1.013E-01	0.024	1.123E-01	1.011E-01	2.074E-01	235
4n0tA	9C0I_A	6.499E-02	0.016	1.230E-01	1.115E-01	1.509E-01	332
4n0tA	7V9X_A	4.090E-01	0.014	1.219E-01	1.336E-01	2.285E-01	255
4n0tA	7XJG_A	3.603E-01	0.011	1.156E-01	1.276E-01	2.120E-01	257
4n0tA	7V9U_A	5.985E-01	0.010	1.223E-01	1.348E-01	2.251E-01	257
4n0tA	9I2F_A	2.463E-01	0.010	1.396E-01	9.601E-02	1.738E-01	369
4n0tA	9N69_E	1.911E-01	0.009	1.194E-01	1.322E-01	1.505E-01	337
4n0tA	8QBL_A	4.358E-01	0.009	1.215E-01	1.368E-01	1.871E-01	272
4n0tA	9NNB_B	4.644E-01	0.009	1.073E-01	1.167E-01	1.846E-01	259
4n0tA	9Z6Y_A	9.331E-01	0.009	1.258E-01	1.133E-01	2.322E-01	223
4n0tA	26CZ_A	2.979E-01	0.009	6.354E-02	4.353E-02	1.577E-01	159
4n0tA	8QBM_A	8.757E-01	0.007	1.176E-01	1.317E-01	1.770E-01	274
4n0tA	24NC_A	6.377E-01	0.007	1.360E-01	1.047E-01	1.715E-01	314
4n0tA	9I2G_B	1.059E+00	0.007	1.398E-01	9.692E-02	2.195E-01	293
4n0tA	5HHL_A	1.059E+00	0.000	1.409E-01	1.636E-01	2.043E-01	283
4n0tA	5HHJ_A	8.757E-01	0.000	1.171E-01	1.352E-01	1.664E-01	298
4n0tA	7UIN_D	2.128E+00	0.000	1.168E-01	1.120E-01	2.568E-01	176
4n0tA	9S1F_B	1.550E+00	0.000	1.420E-01	1.010E-01	2.201E-01	295
4n0tA	9DOU_A	2.624E-01	0.000	8.278E-02	4.374E-02	1.051E-01	342
4n0tA	8BGJ_A	1.550E+00	0.000	9.389E-02	1.463E-01	2.131E-01	171
4n0tA	5HHK_A	1.129E+00	0.000	1.135E-01	1.320E-01	1.662E-01	298
4n0tA	9Z6Z_A	1.998E+00	0.000	1.050E-01	9.429E-02	2.058E-01	218
4n0tA	8OZ7_A	8.757E-01	0.000	1.190E-01	8.460E-02	1.427E-01	369
4n0tA	9VHE_A	9.942E-01	0.000	7.647E-02	8.982E-02	1.242E-01	201
4n0tA	9VHL_A	9.331E-01	0.000	6.828E-02	8.278E-02	1.486E-01	143
4n0tA	8QBK_A	2.743E+00	0.000	1.367E-01	1.520E-01	2.271E-01	274
4n0tA	6AR1_A	1.998E+00	0.000	1.210E-01	1.103E-01	1.992E-01	222
4n0tA	7R08_A	3.535E+00	0.000	1.363E-01	1.075E-01	3.136E-01	202
4n0tA	1RTD_A	1.203E+00	0.000	9.184E-02	6.544E-02	1.316E-01	327
4n0tA	8SXT_A	7.714E-01	0.000	9.110E-02	5.798E-02	1.084E-01	354
4n0tA	9WN8_A	4.554E+00	0.000	8.726E-02	8.898E-02	3.027E-01	73
4n0tA	9X94_A	5.865E+00	0.000	1.090E-01	1.108E-01	4.383E-01	70
4n0tA	23OR_A	2.128E+00	0.000	1.007E-01	9.985E-02	1.506E-01	288
4n0tA	9LPA_A	1.875E+00	0.000	1.040E-01	1.085E-01	1.561E-01	299
4n0tA	9D5X_A	4.852E+00	0.000	1.156E-01	1.089E-01	2.714E-01	161
4n0tA	8C8J_A	1.059E+00	0.000	8.549E-02	5.645E-02	9.835E-02	400
4n0tA	9K6G_A	1.875E+00	0.000	8.191E-02	4.248E-02	1.420E-01	246
4n0tA	9NL2_A	2.128E+00	0.000	5.543E-02	2.442E-02	1.731E-01	148
4n0tA	9L7P_E	1.550E+00	0.000	8.748E-02	9.714E-02	1.064E-01	319
4n0tA	9LBQ_A	3.317E+00	0.000	1.070E-01	1.175E-01	1.708E-01	268
4n0tA	9D4S_A	2.268E+00	0.000	8.929E-02	8.137E-02	1.604E-01	221
4n0tA	9WY8_A	1.059E+00	0.000	7.903E-02	6.605E-02	7.993E-02	354
4n0tA	9LJE_A	4.275E+00	0.000	9.664E-02	8.732E-02	1.703E-01	208
4n0tA	9Z6Z_H	4.852E+00	0.000	1.098E-01	6.992E-02	2.164E-01	239
4n0tA	8GH6_A	2.268E+00	0.000	5.333E-02	2.734E-02	1.429E-01	124
4n0tA	9NL3_A	4.012E+00	0.000	5.799E-02	2.507E-02	1.544E-01	148
4n0tA	9E8Z_H	3.317E+00	0.000	6.489E-02	6.948E-02	1.127E-01	211
4n0tA	8UB7_A	9.108E+00	0.000	8.366E-02	9.089E-02	2.964E-01	123
4n0tA	9X9B_A	5.506E+00	0.000	1.130E-01	1.147E-01	1.552E-01	302
4n0tA	5G2X_C	7.547E+00	0.000	4.842E-02	3.671E-02	3.707E-01	21
4n0tA	5VBS_A	8.556E+00	0.000	1.044E-01	1.431E-01	2.264E-01	177
4n0tA	9HDO_A	7.547E+00	0.000	8.968E-02	4.369E-02	1.664E-01	197
2douB	9YFD_A	1.912E+00	0.007	1.208E-01	5.331E-02	2.762E-01	242
2douB	9NNB_B	4.353E+00	0.000	6.950E-02	7.894E-02	2.410E-01	58
2douB	6ME0_C	4.857E+00	0.000	7.784E-02	7.197E-02	2.577E-01	120
2douB	6MEC_C	5.420E+00	0.000	6.041E-02	5.418E-02	2.431E-01	135
2douB	8GH6_A	4.857E+00	0.000	8.367E-02	4.633E-02	2.511E-01	110
2douB	9I2F_A	6.744E+00	0.000	1.161E-01	8.092E-02	2.863E-01	128
2douB	8SXT_A	9.341E+00	0.000	5.462E-02	3.029E-02	5.768E-01	28
2douB	9N69_E	7.520E+00	0.000	8.644E-02	9.872E-02	2.182E-01	91
2douB	8UW3_A	9.857E+00	0.000	4.221E-02	1.538E-02	4.899E-01	28
2douB	9Z6Y_H	7.122E+00	0.000	6.546E-02	4.390E-02	2.067E-01	89
2douB	9Z6Z_H	9.857E+00	0.000	8.371E-02	5.533E-02	3.099E-01	83
2douB	9HDO_A	6.744E+00	0.000	6.504E-02	3.862E-02	1.179E-01	228
2douB	8OZ7_A	9.341E+00	0.000	7.569E-02	5.500E-02	1.567E-01	138
2irpA	5HHK_A	3.855E+00	0.000	1.283E-01	9.905E-02	3.283E-01	52
2irpA	9IOA_A	4.104E+00	0.000	1.424E-01	7.584E-02	2.727E-01	127
2irpA	9NL3_A	6.358E+00	0.000	1.144E-01	2.399E-02	6.359E-01	27
2irpA	5HHL_A	5.973E+00	0.000	1.218E-01	9.414E-02	3.358E-01	50
2irpA	8UB7_A	5.973E+00	0.000	1.224E-01	8.155E-02	3.928E-01	46
2irpA	6MEC_C	6.766E+00	0.000	1.414E-01	7.472E-02	4.476E-01	59
2irpA	6AR1_A	2.193E+00	0.000	1.231E-01	7.760E-02	1.335E-01	251
2irpA	9C0I_A	7.663E+00	0.000	8.919E-02	4.693E-02	5.791E-01	27
2irpA	9I2F_A	3.855E+00	0.000	1.658E-01	7.065E-02	2.088E-01	199
2irpA	9NL2_A	2.647E+00	0.000	1.368E-01	3.427E-02	1.806E-01	199
2irpA	7R08_A	8.674E+00	0.000	1.318E-01	5.836E-02	6.502E-01	31
2irpA	7KFT_C	5.271E+00	0.000	8.543E-02	3.655E-02	3.122E-01	51
2irpA	8QBK_A	7.663E+00	0.000	1.293E-01	9.223E-02	3.139E-01	65
2irpA	6ME0_C	6.766E+00	0.000	1.807E-01	1.029E-01	2.698E-01	186
2irpA	5G2X_C	9.226E+00	0.000	1.299E-01	5.878E-02	5.658E-01	32
2irpA	9HDO_A	4.369E+00	0.000	1.074E-01	3.959E-02	1.095E-01	247
2irpA	5HHJ_A	5.271E+00	0.000	1.054E-01	7.923E-02	1.117E-01	267
2irpA	7UIN_D	7.201E+00	0.000	1.060E-01	6.145E-02	1.697E-01	165
2irpA	1RTD_A	9.226E+00	0.000	1.082E-01	4.819E-02	2.970E-01	73
2irpA	8SXT_A	7.663E+00	0.000	1.115E-01	4.118E-02	2.057E-01	153
2irpA	9DOU_A	6.358E+00	0.000	1.352E-01	4.513E-02	1.772E-01	211
2irpA	9K6G_A	6.358E+00	0.000	1.078E-01	2.883E-02	1.608E-01	163
2irpA	9N69_E	9.812E+00	0.000	1.345E-01	1.062E-01	1.371E-01	220
2irpA	8QBL_A	8.674E+00	0.000	1.249E-01	9.291E-02	1.370E-01	234
2irpA	9X94_A	9.812E+00	0.000	1.419E-01	1.033E-01	1.510E-01	235
2irpA	8C8J_A	8.674E+00	0.000	1.211E-01	4.799E-02	1.272E-01	240
2irpA	9LJE_A	9.812E+00	0.000	8.283E-02	6.243E-02	9.959E-02	225
2r5uC	7V9X_A	6.504E+00	0.000	1.571E-01	8.914E-02	3.442E-01	55
2r5uC	7R08_A	5.330E+00	0.000	1.766E-01	7.539E-02	2.254E-01	117
2r5uC	8OZ7_A	9.195E+00	0.000	2.277E-01	7.257E-02	3.599E-01	95
2r5uC	8GH6_A	8.753E+00	0.000	2.345E-01	4.896E-02	3.354E-01	97
2r5uC	24NC_A	9.195E+00	0.000	1.833E-01	6.020E-02	2.999E-01	108
2ykoA	9Z6Y_H	1.750E-02	0.069	1.515E-01	6.709E-02	2.130E-01	151
2ykoA	9Z6Z_H	2.602E-02	0.057	1.455E-01	6.520E-02	2.056E-01	150
2ykoA	9WN8_A	3.919E-01	0.014	1.781E-01	1.134E-01	2.476E-01	168
2ykoA	23OR_A	1.115E-01	0.014	1.173E-01	8.383E-02	1.415E-01	209
2ykoA	26CZ_A	5.456E-01	0.014	1.877E-01	8.240E-02	2.258E-01	204
2ykoA	9LBQ_A	1.191E-01	0.011	1.186E-01	9.964E-02	1.346E-01	199
2ykoA	6ME0_C	5.107E-01	0.011	1.456E-01	8.917E-02	2.381E-01	132
2ykoA	8UB7_A	6.228E-01	0.010	1.440E-01	1.023E-01	2.445E-01	113
2ykoA	9VHL_A	3.919E-01	0.009	1.267E-01	1.075E-01	1.547E-01	175
2ykoA	6AR1_A	1.129E+00	0.009	1.869E-01	1.003E-01	2.713E-01	176
2ykoA	7R08_A	9.262E-01	0.009	1.624E-01	8.900E-02	2.642E-01	113
2ykoA	7KFT_C	2.048E+00	0.009	2.278E-01	1.017E-01	3.761E-01	120
2ykoA	8OZ7_A	8.114E-01	0.009	1.474E-01	6.589E-02	2.481E-01	110
2ykoA	8GH6_A	1.057E+00	0.009	1.353E-01	4.237E-02	2.566E-01	129
2ykoA	9DOU_A	7.108E-01	0.009	1.087E-01	3.667E-02	2.187E-01	88
2ykoA	9VHE_A	4.187E-01	0.008	1.234E-01	1.011E-01	1.515E-01	175
2ykoA	9N69_E	3.668E-01	0.008	1.077E-01	8.387E-02	1.490E-01	148
2ykoA	9D4S_A	1.057E+00	0.008	1.514E-01	9.024E-02	2.075E-01	182
2ykoA	9IOA_A	8.114E-01	0.008	1.303E-01	6.593E-02	2.266E-01	122
2ykoA	9X9B_A	6.228E-01	0.007	1.365E-01	1.046E-01	1.548E-01	203
2ykoA	6MEC_C	8.669E-01	0.007	1.362E-01	8.572E-02	2.261E-01	138
2ykoA	8FLI_B	1.207E+00	0.007	1.278E-01	7.398E-02	2.130E-01	135
2ykoA	9S1F_B	7.595E-01	0.007	1.477E-01	7.218E-02	1.703E-01	240
2ykoA	9I2G_B	8.669E-01	0.007	1.488E-01	6.729E-02	1.808E-01	232
2ykoA	9NL2_A	3.714E+00	0.007	1.438E-01	3.297E-02	4.204E-01	81
2ykoA	8UBD_A	2.048E+00	0.000	1.437E-01	1.031E-01	2.445E-01	113
2ykoA	9D5X_A	1.917E+00	0.000	1.395E-01	8.237E-02	2.538E-01	120
2ykoA	8BGJ_A	1.917E+00	0.000	1.326E-01	1.331E-01	2.374E-01	127
2ykoA	7V9U_A	1.129E+00	0.000	1.339E-01	1.024E-01	1.604E-01	196
2ykoA	7UIM_D	3.477E+00	0.000	1.892E-01	1.095E-01	3.013E-01	173
2ykoA	9WY8_A	1.572E+00	0.000	1.125E-01	6.083E-02	2.122E-01	119
2ykoA	7R06_A	8.114E-01	0.000	1.256E-01	6.604E-02	1.416E-01	201
2ykoA	9NL3_A	3.968E+00	0.000	1.434E-01	3.473E-02	3.694E-01	96
2ykoA	5HHL_A	2.338E+00	0.000	1.050E-01	7.880E-02	2.064E-01	92
2ykoA	5HHK_A	2.338E+00	0.000	1.032E-01	7.893E-02	2.036E-01	95
2ykoA	9X94_A	1.472E+00	0.000	1.321E-01	9.726E-02	1.459E-01	189
2ykoA	7UIN_D	2.338E+00	0.000	1.612E-01	1.023E-01	1.954E-01	209
2ykoA	24NC_A	1.377E+00	0.000	1.161E-01	6.547E-02	1.361E-01	217
2ykoA	1RTD_A	3.477E+00	0.000	1.401E-01	6.156E-02	3.042E-01	88
2ykoA	9I2F_A	1.472E+00	0.000	1.089E-01	5.598E-02	1.449E-01	171
2ykoA	5HHJ_A	2.851E+00	0.000	1.033E-01	7.736E-02	2.055E-01	95
2ykoA	9NNB_B	2.669E+00	0.000	1.490E-01	1.181E-01	1.827E-01	182
2ykoA	9Z6Y_A	1.917E+00	0.000	1.379E-01	8.222E-02	1.643E-01	270
2ykoA	5VBS_A	4.528E+00	0.000	1.477E-01	1.272E-01	2.414E-01	160
2ykoA	8QBM_A	3.254E+00	0.000	1.299E-01	9.601E-02	1.536E-01	200
2ykoA	9L7P_E	2.338E+00	0.000	1.143E-01	8.397E-02	1.400E-01	202
2ykoA	9LPA_A	3.254E+00	0.000	1.201E-01	9.867E-02	1.546E-01	211
2ykoA	9HDO_A	5.167E+00	0.000	1.173E-01	3.520E-02	2.983E-01	69
2ykoA	9E8Z_H	3.714E+00	0.000	1.308E-01	1.015E-01	1.517E-01	217
2ykoA	8QBK_A	4.528E+00	0.000	1.261E-01	9.670E-02	1.516E-01	196
2ykoA	8QBL_A	5.167E+00	0.000	1.437E-01	1.125E-01	2.029E-01	155
2ykoA	9Z6Z_A	4.528E+00	0.000	1.450E-01	8.177E-02	2.107E-01	192
2ykoA	9YFD_A	4.837E+00	0.000	1.014E-01	2.445E-02	1.996E-01	128
2ykoA	7V9X_A	5.167E+00	0.000	1.189E-01	8.659E-02	1.776E-01	152
2ykoA	7XJG_A	4.528E+00	0.000	1.129E-01	8.543E-02	1.442E-01	187
2ykoA	8SXT_A	5.167E+00	0.000	1.049E-01	4.514E-02	1.279E-01	195
2ykoA	9K6G_A	7.669E+00	0.000	1.150E-01	3.679E-02	2.687E-01	60
3ljuX	5HHK_A	2.389E+00	0.020	6.359E-02	8.006E-02	6.814E-01	26
3ljuX	5HHJ_A	2.659E+00	0.016	6.358E-02	7.978E-02	6.800E-01	26
3ljuX	5VBS_A	1.642E+00	0.011	6.058E-02	8.683E-02	3.741E-01	30
3ljuX	6ME0_C	3.475E+00	0.011	6.355E-02	5.751E-02	6.648E-01	26
3ljuX	5HHL_A	4.541E+00	0.008	6.351E-02	7.952E-02	5.929E-01	28
3ljuX	8QBM_A	2.389E+00	0.008	8.469E-02	9.887E-02	3.472E-01	50
3ljuX	8UW3_A	1.399E+00	0.008	7.967E-02	3.001E-02	2.610E-01	110
3ljuX	9D5X_A	5.623E+00	0.007	5.954E-02	5.673E-02	6.619E-01	23
3ljuX	24NC_A	5.931E+00	0.007	5.987E-02	4.322E-02	6.802E-01	23
3ljuX	8QBK_A	3.294E+00	0.000	8.420E-02	9.844E-02	3.390E-01	50
3ljuX	7UIN_D	5.623E+00	0.000	6.384E-02	6.182E-02	5.850E-01	52
3ljuX	6MEC_C	6.958E+00	0.000	6.383E-02	5.763E-02	6.887E-01	26
3ljuX	1RTD_A	2.806E+00	0.000	7.871E-02	5.644E-02	3.740E-01	59
3ljuX	9NNB_B	4.541E+00	0.000	8.460E-02	9.819E-02	3.878E-01	51
3ljuX	9WN8_A	2.659E+00	0.000	7.998E-02	8.357E-02	2.447E-01	123
3ljuX	7UIM_D	6.598E+00	0.000	6.106E-02	5.890E-02	5.979E-01	52
3ljuX	9HDO_A	3.294E+00	0.000	7.016E-02	3.058E-02	2.739E-01	83
3ljuX	8QBL_A	4.541E+00	0.000	8.293E-02	9.678E-02	3.426E-01	49
3ljuX	8C8J_A	3.868E+00	0.000	7.160E-02	4.296E-02	2.625E-01	72
3ljuX	9L7P_E	5.931E+00	0.000	8.356E-02	9.773E-02	3.846E-01	50
3ljuX	7V9X_A	7.738E+00	0.000	6.239E-02	7.214E-02	4.345E-01	32
3ljuX	9D4S_A	4.541E+00	0.000	5.143E-02	4.800E-02	3.528E-01	56
3ljuX	9LJE_A	7.338E+00	0.000	7.163E-02	6.503E-02	3.951E-01	41
3ljuX	7R06_A	9.558E+00	0.000	6.371E-02	4.063E-02	7.045E-01	28
3ljuX	9K6G_A	6.958E+00	0.000	7.037E-02	3.022E-02	4.065E-01	47
3ljuX	7V9U_A	5.623E+00	0.000	6.041E-02	7.105E-02	2.604E-01	64
3ljuX	9Z6Y_H	7.738E+00	0.000	6.045E-02	3.948E-02	3.523E-01	39
3ljuX	9Z6Z_H	6.958E+00	0.000	5.761E-02	3.774E-02	3.640E-01	39
3ljuX	9VHL_A	7.738E+00	0.000	5.369E-02	6.945E-02	4.230E-01	29
3ljuX	9E8Z_H	7.338E+00	0.000	6.658E-02	7.735E-02	3.091E-01	49
3ljuX	9N69_E	6.598E+00	0.000	5.127E-02	5.981E-02	2.439E-01	31
3ljuX	9X94_A	5.053E+00	0.000	6.020E-02	6.261E-02	2.058E-01	103
3ljuX	23OR_A	6.598E+00	0.000	7.892E-02	7.999E-02	2.399E-01	125
3ljuX	6AR1_A	4.305E+00	0.000	7.340E-02	6.397E-02	1.313E-01	222
3ljuX	5G2X_C	5.931E+00	0.000	6.391E-02	5.183E-02	2.895E-01	41
3ljuX	7R08_A	7.738E+00	0.000	5.220E-02	4.131E-02	3.749E-01	29
3ljuX	9IOA_A	6.958E+00	0.000	5.928E-02	4.766E-02	2.743E-01	60
3ljuX	8GH6_A	6.958E+00	0.000	6.876E-02	3.669E-02	2.606E-01	89
3ljuX	9DOU_A	7.738E+00	0.000	4.927E-02	2.307E-02	3.168E-01	32
3ljuX	9VHE_A	9.558E+00	0.000	4.096E-02	5.401E-02	3.401E-01	45
3ljuX	9LPA_A	8.602E+00	0.000	5.817E-02	5.852E-02	2.956E-01	68
3ljuX	9C0I_A	5.053E+00	0.000	9.000E-02	8.091E-02	1.460E-01	221
3ljuX	9I2F_A	6.958E+00	0.000	5.731E-02	3.970E-02	2.489E-01	40
3ljuX	9NL3_A	9.558E+00	0.000	6.596E-02	2.709E-02	3.535E-01	43
3ljuX	9I2G_B	9.068E+00	0.000	2.764E-02	1.867E-02	2.803E-01	39
3ubgB	9NL3_A	4.763E+00	0.000	5.831E-02	2.199E-02	2.061E-01	87
3ubgB	9D5X_A	8.418E+00	0.000	4.024E-02	3.224E-02	3.405E-01	25
3ubgB	9Z6Y_A	6.175E+00	0.000	5.454E-02	4.216E-02	1.758E-01	61
3ubgB	9HDO_A	7.212E+00	0.000	4.780E-02	1.702E-02	2.126E-01	24
3ubgB	9E8Z_H	9.816E+00	0.000	4.893E-02	4.952E-02	2.325E-01	18
3ubgB	9X9B_A	9.816E+00	0.000	4.689E-02	4.509E-02	1.893E-01	71
3ubgB	9I2G_B	9.816E+00	0.000	5.241E-02	3.148E-02	2.366E-01	27
3ubgB	8GH6_A	8.861E+00	0.000	5.576E-02	2.661E-02	1.813E-01	79
3ubgB	6ME0_C	9.816E+00	0.000	2.451E-02	1.919E-02	3.465E-01	16
4nurA	1RTD_A	2.767E+00	0.020	4.751E-02	5.387E-02	6.035E-01	35
4nurA	9Z6Z_H	1.049E+00	0.008	7.848E-02	7.898E-02	1.713E-01	303
4nurA	7R08_A	2.485E+00	0.007	9.315E-02	1.161E-01	2.578E-01	226
4nurA	9DOU_A	6.815E-01	0.000	5.002E-02	4.495E-02	1.339E-01	319
4nurA	9WY8_A	3.623E+00	0.000	8.604E-02	1.002E-01	1.817E-01	286
4nurA	9Z6Y_H	2.767E+00	0.000	5.381E-02	5.433E-02	1.448E-01	236
4nurA	9NNB_B	5.004E+00	0.000	5.354E-02	9.038E-02	2.337E-01	87
4nurA	26CZ_A	5.004E+00	0.000	8.393E-02	8.323E-02	2.005E-01	229
4nurA	5HHJ_A	7.284E+00	0.000	3.069E-02	5.944E-02	2.998E-01	73
4nurA	8QBL_A	6.544E+00	0.000	5.809E-02	1.011E-01	2.249E-01	130
4nurA	8UB7_A	5.280E+00	0.000	4.944E-02	7.793E-02	1.559E-01	179
4nurA	9I2G_B	8.548E+00	0.000	3.032E-02	3.281E-02	4.977E-01	32
4nurA	8SXT_A	3.253E+00	0.000	4.789E-02	4.347E-02	1.132E-01	199
4nurA	9NL3_A	4.742E+00	0.000	5.905E-02	4.000E-02	1.533E-01	310
4nurA	9NL2_A	6.904E+00	0.000	6.994E-02	4.740E-02	2.174E-01	175
4nurA	9YFD_A	5.879E+00	0.000	7.550E-02	5.070E-02	1.881E-01	207
4nurA	8QBM_A	6.904E+00	0.000	5.387E-02	9.017E-02	1.660E-01	125
4nurA	7V9X_A	6.904E+00	0.000	5.385E-02	9.253E-02	2.228E-01	125
4nurA	6MEC_C	9.014E+00	0.000	4.046E-02	5.742E-02	2.940E-01	61
4nurA	9Z6Z_A	6.904E+00	0.000	4.661E-02	6.019E-02	2.089E-01	71
4nurA	8FLI_B	6.904E+00	0.000	4.099E-02	5.112E-02	1.809E-01	99
4nurA	5G2X_C	8.105E+00	0.000	3.098E-02	3.858E-02	3.600E-01	32
4nurA	9S1F_B	9.014E+00	0.000	3.163E-02	3.473E-02	4.685E-01	32
4nurA	7V9U_A	9.014E+00	0.000	6.120E-02	9.452E-02	2.094E-01	128
4nurA	9HDO_A	5.879E+00	0.000	4.736E-02	3.342E-02	1.082E-01	221
5iz3A	9Z6Z_A	2.829E+00	0.000	6.947E-02	5.463E-02	3.260E-01	46
5iz3A	8GH6_A	1.983E+00	0.000	5.907E-02	2.907E-02	2.278E-01	85
5iz3A	9YFD_A	2.104E+00	0.000	1.027E-01	3.952E-02	1.879E-01	186
5iz3A	5HHL_A	4.033E+00	0.000	8.165E-02	8.665E-02	2.311E-01	116
5iz3A	8BGJ_A	4.278E+00	0.000	5.420E-02	7.482E-02	2.265E-01	61
5iz3A	5HHK_A	3.583E+00	0.000	9.001E-02	9.592E-02	1.494E-01	125
5iz3A	9X9B_A	3.378E+00	0.000	6.992E-02	6.496E-02	1.414E-01	145
5iz3A	9WY8_A	5.107E+00	0.000	6.421E-02	4.348E-02	2.743E-01	73
5iz3A	9I2F_A	5.747E+00	0.000	8.403E-02	5.270E-02	2.650E-01	77
5iz3A	9Z6Y_H	7.710E+00	0.000	6.960E-02	4.046E-02	3.182E-01	52
5iz3A	9HDO_A	2.513E+00	0.000	5.374E-02	2.467E-02	1.279E-01	105
5iz3A	9NL2_A	5.747E+00	0.000	8.237E-02	3.179E-02	2.693E-01	63
5iz3A	7XJG_A	9.187E+00	0.000	6.354E-02	6.392E-02	5.233E-01	35
5iz3A	5G2X_C	5.107E+00	0.000	7.954E-02	5.964E-02	1.514E-01	126
5iz3A	9I2G_B	6.465E+00	0.000	8.584E-02	5.397E-02	2.633E-01	78
5iz3A	8C8J_A	3.583E+00	0.000	6.683E-02	3.873E-02	1.612E-01	127
5iz3A	9K6G_A	5.747E+00	0.000	8.222E-02	3.670E-02	2.096E-01	93
5iz3A	9VHL_A	6.857E+00	0.000	8.680E-02	9.580E-02	1.750E-01	142
5iz3A	5HHJ_A	6.857E+00	0.000	8.995E-02	9.558E-02	1.492E-01	125
5iz3A	8QBL_A	9.187E+00	0.000	1.128E-01	1.143E-01	2.573E-01	110
5iz3A	8QBM_A	9.736E+00	0.000	1.076E-01	1.095E-01	2.499E-01	110
5iz3A	8UBD_A	7.271E+00	0.000	6.061E-02	5.925E-02	2.072E-01	72
5iz3A	8UB7_A	7.271E+00	0.000	8.212E-02	7.988E-02	1.970E-01	106
5iz3A	9X94_A	5.418E+00	0.000	5.966E-02	5.434E-02	1.542E-01	123
5iz3A	9D5X_A	9.187E+00	0.000	8.123E-02	6.798E-02	2.986E-01	66
5iz3A	9IOA_A	9.187E+00	0.000	7.528E-02	5.458E-02	2.747E-01	63
5iz3A	1RTD_A	7.271E+00	0.000	9.516E-02	6.208E-02	1.877E-01	188
5iz3A	9S1F_B	9.187E+00	0.000	7.999E-02	4.986E-02	2.943E-01	85
5iz3A	9NL3_A	6.857E+00	0.000	8.503E-02	3.304E-02	2.000E-01	105
5iz3A	9Z6Y_A	9.736E+00	0.000	7.815E-02	6.719E-02	1.171E-01	172
5iz3A	9DOU_A	8.175E+00	0.000	6.023E-02	3.185E-02	1.827E-01	108
1k3xA	7V9X_A	2.609E+00	0.000	5.339E-02	4.436E-02	3.865E-01	50
1k3xA	9LJE_A	4.261E+00	0.000	4.947E-02	3.037E-02	6.525E-01	14
1k3xA	9C0I_A	1.413E+00	0.000	9.878E-02	6.405E-02	2.052E-01	123
1k3xA	8OZ7_A	1.698E+00	0.000	1.258E-01	7.214E-02	2.084E-01	170
1k3xA	9Z6Z_H	8.647E-01	0.000	1.004E-01	5.844E-02	1.524E-01	191
1k3xA	9DOU_A	2.454E+00	0.000	5.699E-02	2.104E-02	3.262E-01	43
1k3xA	8BGJ_A	2.609E+00	0.000	6.169E-02	7.418E-02	3.382E-01	39
1k3xA	9D5X_A	2.774E+00	0.000	5.640E-02	4.017E-02	3.258E-01	48
1k3xA	8FLI_B	3.136E+00	0.000	5.342E-02	3.274E-02	3.840E-01	48
1k3xA	9NL3_A	4.816E+00	0.000	9.300E-02	2.628E-02	4.371E-01	54
1k3xA	5VBS_A	3.136E+00	0.000	4.403E-02	4.517E-02	3.240E-01	41
1k3xA	8QBL_A	4.008E+00	0.000	5.330E-02	4.425E-02	3.820E-01	50
1k3xA	8QBM_A	4.008E+00	0.000	5.183E-02	4.430E-02	4.075E-01	49
1k3xA	5G2X_C	4.530E+00	0.000	5.270E-02	3.061E-02	3.972E-01	33
1k3xA	9IOA_A	3.545E+00	0.000	5.362E-02	3.306E-02	4.098E-01	48
1k3xA	9YFD_A	1.920E+00	0.000	7.650E-02	2.969E-02	1.485E-01	177
1k3xA	9VHE_A	3.334E+00	0.000	1.104E-01	1.052E-01	1.532E-01	211
1k3xA	8QBK_A	4.816E+00	0.000	5.254E-02	4.402E-02	4.093E-01	49
1k3xA	7XJG_A	4.008E+00	0.000	5.655E-02	4.619E-02	3.706E-01	50
1k3xA	7UIM_D	6.538E+00	0.000	4.980E-02	3.284E-02	6.513E-01	14
1k3xA	9I2F_A	5.120E+00	0.000	1.315E-01	7.745E-02	2.573E-01	118
1k3xA	9Z6Y_H	2.774E+00	0.000	9.936E-02	5.854E-02	1.547E-01	190
1k3xA	9HDO_A	1.698E+00	0.000	9.189E-02	3.909E-02	1.117E-01	231
1k3xA	9VHL_A	4.530E+00	0.000	1.202E-01	1.148E-01	1.622E-01	202
1k3xA	5HHL_A	5.786E+00	0.000	1.048E-01	9.491E-02	2.438E-01	107
1k3xA	5HHK_A	5.786E+00	0.000	1.004E-01	9.175E-02	2.270E-01	114
1k3xA	9E8Z_H	3.769E+00	0.000	1.048E-01	9.196E-02	1.621E-01	189
1k3xA	7V9U_A	6.949E+00	0.000	5.287E-02	4.562E-02	4.108E-01	49
1k3xA	9NNB_B	5.786E+00	0.000	5.574E-02	4.633E-02	3.141E-01	37
1k3xA	9X94_A	9.411E+00	0.000	3.909E-02	2.785E-02	7.660E-01	10
1k3xA	6MEC_C	5.443E+00	0.000	4.859E-02	3.450E-02	3.173E-01	39
1k3xA	9S1F_B	7.385E+00	0.000	5.315E-02	2.403E-02	5.293E-01	15
1k3xA	26CZ_A	2.774E+00	0.000	5.466E-02	3.049E-02	1.373E-01	91
1k3xA	8C8J_A	3.334E+00	0.000	9.915E-02	4.827E-02	1.465E-01	185
1k3xA	5HHJ_A	7.848E+00	0.000	4.971E-02	4.502E-02	3.601E-01	35
1k3xA	23OR_A	6.151E+00	0.000	4.971E-02	3.755E-02	3.364E-01	32
1k3xA	8SXT_A	4.261E+00	0.000	8.556E-02	4.289E-02	1.385E-01	184
1k3xA	8GH6_A	4.530E+00	0.000	9.000E-02	3.737E-02	1.448E-01	149
1k3xA	9N69_E	5.443E+00	0.000	7.311E-02	6.359E-02	1.374E-01	148
1k3xA	9WN8_A	6.538E+00	0.000	1.192E-01	9.404E-02	1.598E-01	211
1k3xA	9LPA_A	9.411E+00	0.000	5.100E-02	3.876E-02	3.019E-01	35
1k3xA	7UIN_D	6.151E+00	0.000	6.652E-02	6.327E-02	1.760E-01	127
1k3xA	9D4S_A	9.994E+00	0.000	5.792E-02	3.745E-02	3.700E-01	48
1k3xA	6ME0_C	8.859E+00	0.000	5.505E-02	3.768E-02	2.616E-01	44
1k3xA	6AR1_A	8.339E+00	0.000	8.061E-02	5.532E-02	1.787E-01	100
1k3xA	24NC_A	7.848E+00	0.000	5.811E-02	3.513E-02	1.874E-01	92
1k3xA	9K6G_A	7.848E+00	0.000	1.068E-01	3.835E-02	1.631E-01	169
1k3xA	9LBQ_A	9.994E+00	0.000	1.037E-01	8.541E-02	1.544E-01	224
1k3xA	7R08_A	9.994E+00	0.000	5.911E-02	4.291E-02	2.112E-01	88
1k3xA	7R06_A	8.339E+00	0.000	9.463E-02	5.622E-02	1.318E-01	194
1svbA	8UW3_A	2.936E+00	0.000	5.533E-02	1.854E-02	4.066E-01	50
1svbA	6ME0_C	3.437E+00	0.000	5.431E-02	5.215E-02	3.038E-01	49
1svbA	9X94_A	2.936E+00	0.000	5.019E-02	5.535E-02	2.182E-01	106
1svbA	1RTD_A	5.227E+00	0.000	5.011E-02	3.722E-02	4.417E-01	38
1svbA	9LPA_A	6.789E+00	0.000	5.010E-02	5.327E-02	3.446E-01	55
1svbA	6AR1_A	5.227E+00	0.000	4.557E-02	4.340E-02	1.993E-01	102
1svbA	7V9X_A	8.804E+00	0.000	4.860E-02	6.003E-02	2.694E-01	71
1svbA	9LBQ_A	8.804E+00	0.000	5.021E-02	6.137E-02	3.118E-01	79
1svbA	7UIN_D	6.116E+00	0.000	4.314E-02	4.394E-02	1.687E-01	105
1svbA	6MEC_C	7.937E+00	0.000	4.253E-02	4.068E-02	2.905E-01	52
1svbA	9Z6Y_A	8.360E+00	0.000	5.666E-02	5.454E-02	1.454E-01	145
1v2bB	9X94_A	4.065E+00	0.000	1.100E-01	5.120E-02	4.581E-01	31
1v2bB	9X9B_A	3.083E+00	0.000	1.003E-01	4.665E-02	3.883E-01	29
1v2bB	9D4S_A	2.337E+00	0.000	9.402E-02	4.238E-02	2.650E-01	39
1v2bB	9YFD_A	3.639E+00	0.000	1.475E-01	2.797E-02	3.021E-01	78
1v2bB	9VHE_A	6.680E+00	0.000	7.725E-02	4.317E-02	8.772E-01	12
1v2bB	1RTD_A	4.540E+00	0.000	1.541E-01	5.486E-02	3.782E-01	44
1v2bB	23OR_A	5.070E+00	0.000	1.005E-01	4.969E-02	3.869E-01	38
1v2bB	9Z6Z_A	6.680E+00	0.000	1.256E-01	5.502E-02	4.133E-01	38
1v2bB	9N69_E	3.258E+00	0.000	1.479E-01	7.849E-02	1.497E-01	217
1v2bB	9L7P_E	5.358E+00	0.000	9.689E-02	5.778E-02	2.467E-01	40
1v2bB	9Z6Y_A	5.983E+00	0.000	8.930E-02	3.900E-02	3.698E-01	20
1v2bB	5VBS_A	9.797E+00	0.000	8.145E-02	5.087E-02	6.632E-01	13
1v2bB	9VHL_A	5.662E+00	0.000	8.139E-02	4.770E-02	2.830E-01	47
1v2bB	5HHK_A	5.983E+00	0.000	1.079E-01	6.495E-02	2.712E-01	48
1v2bB	9C0I_A	5.070E+00	0.000	1.153E-01	5.141E-02	2.391E-01	58
1v2bB	9IOA_A	8.319E+00	0.000	1.046E-01	3.685E-02	3.831E-01	38
1v2bB	5HHJ_A	7.057E+00	0.000	1.079E-01	6.476E-02	2.712E-01	48
1v2bB	7XJG_A	9.279E+00	0.000	9.612E-02	4.911E-02	5.096E-01	20
1v2bB	9WN8_A	9.279E+00	0.000	1.000E-01	4.860E-02	3.322E-01	27
1v2bB	7V9U_A	6.680E+00	0.000	7.561E-02	4.609E-02	1.966E-01	58
1v2bB	9LBQ_A	8.319E+00	0.000	8.656E-02	4.861E-02	1.916E-01	70
1v2bB	8FLI_B	7.876E+00	0.000	8.468E-02	3.757E-02	2.225E-01	44
1v2bB	7R08_A	9.797E+00	0.000	1.182E-01	4.917E-02	2.650E-01	50
1v2bB	7KFT_C	8.319E+00	0.000	1.085E-01	4.279E-02	2.445E-01	39
1v2bB	9I2F_A	9.279E+00	0.000	1.022E-01	3.326E-02	2.401E-01	59
1v2bB	8OZ7_A	8.787E+00	0.000	6.635E-02	1.987E-02	3.933E-01	14
1v2bB	8GH6_A	7.876E+00	0.000	8.653E-02	2.626E-02	1.962E-01	63
1v2bB	8UW3_A	8.787E+00	0.000	8.958E-02	1.639E-02	2.025E-01	52
1v2bB	9NNB_B	9.279E+00	0.000	9.056E-02	6.141E-02	1.493E-01	97
1wtjB	9VHE_A	1.096E+00	0.000	9.119E-02	1.075E-01	1.808E-01	202
1wtjB	9N69_E	1.886E+00	0.000	8.658E-02	9.350E-02	1.783E-01	198
1wtjB	9L7P_E	1.775E+00	0.000	8.202E-02	8.836E-02	1.664E-01	207
1wtjB	7UIM_D	9.556E+00	0.000	6.478E-02	5.645E-02	8.448E-01	22
1wtjB	9IOA_A	1.574E+00	0.000	9.310E-02	7.231E-02	1.631E-01	180
1wtjB	9I2F_A	1.236E+00	0.000	7.956E-02	5.475E-02	1.118E-01	287
1wtjB	9VHL_A	2.876E+00	0.000	7.876E-02	9.310E-02	1.356E-01	266
1wtjB	9D5X_A	6.681E+00	0.000	5.203E-02	4.601E-02	3.815E-01	33
1wtjB	9Z6Y_A	2.708E+00	0.000	8.404E-02	7.641E-02	1.567E-01	190
1wtjB	6AR1_A	3.888E+00	0.000	6.304E-02	5.437E-02	2.391E-01	88
1wtjB	5G2X_C	8.486E+00	0.000	7.033E-02	5.091E-02	4.390E-01	44
1wtjB	24NC_A	6.292E+00	0.000	7.837E-02	5.663E-02	2.586E-01	55
1wtjB	1RTD_A	3.447E+00	0.000	4.942E-02	3.516E-02	2.172E-01	60
1wtjB	9DOU_A	3.055E+00	0.000	8.719E-02	4.668E-02	1.546E-01	215
1wtjB	8UW3_A	3.055E+00	0.000	1.240E-01	5.925E-02	1.802E-01	233
1wtjB	5VBS_A	4.658E+00	0.000	6.319E-02	8.205E-02	1.889E-01	104
1wtjB	5HHL_A	3.245E+00	0.000	8.207E-02	9.065E-02	1.329E-01	227
1wtjB	5HHK_A	7.995E+00	0.000	5.168E-02	5.878E-02	4.446E-01	34
1wtjB	7V9U_A	2.400E+00	0.000	6.773E-02	7.281E-02	1.371E-01	200
1wtjB	7XJG_A	4.658E+00	0.000	9.739E-02	1.023E-01	1.855E-01	189
1wtjB	23OR_A	3.661E+00	0.000	1.071E-01	1.020E-01	1.280E-01	288
1wtjB	5HHJ_A	8.486E+00	0.000	4.383E-02	4.979E-02	4.030E-01	31
1wtjB	9E8Z_H	5.580E+00	0.000	5.247E-02	5.665E-02	2.181E-01	87
1wtjB	8QBL_A	4.947E+00	0.000	1.036E-01	1.093E-01	1.371E-01	309
1wtjB	8QBK_A	7.995E+00	0.000	6.093E-02	6.493E-02	2.106E-01	91
1wtjB	7V9X_A	5.925E+00	0.000	9.932E-02	1.049E-01	1.286E-01	304
1wtjB	9Z6Z_A	7.094E+00	0.000	8.728E-02	7.492E-02	1.655E-01	185
1wtjB	9I2G_B	8.486E+00	0.000	8.506E-02	6.095E-02	1.720E-01	181
1wtjB	9Z6Y_H	7.531E+00	0.000	1.094E-01	7.263E-02	1.882E-01	214
1wtjB	9Z6Z_H	7.531E+00	0.000	1.112E-01	7.413E-02	1.870E-01	219
1wtjB	8GH6_A	7.094E+00	0.000	8.159E-02	4.172E-02	1.328E-01	211
1wtjB	9NL2_A	8.486E+00	0.000	4.577E-02	1.472E-02	4.111E-01	22
1wtjB	7R06_A	9.556E+00	0.000	4.375E-02	2.618E-02	3.017E-01	18
1wtjB	9YFD_A	8.486E+00	0.000	6.574E-02	2.848E-02	1.361E-01	132
1zjkA	7XJG_A	8.495E+00	0.000	4.192E-02	5.143E-02	4.328E-01	27
1zjkA	6MEC_C	8.495E+00	0.000	3.838E-02	3.630E-02	4.759E-01	23
1zjkA	9X9B_A	8.072E+00	0.000	4.267E-02	4.597E-02	2.202E-01	42
1zjkA	7R08_A	7.669E+00	0.000	3.918E-02	3.256E-02	3.049E-01	27
1zjkA	9I2G_B	5.932E+00	0.000	3.752E-02	2.749E-02	2.783E-01	29
1zjkA	9WN8_A	8.939E+00	0.000	4.323E-02	4.681E-02	2.289E-01	43
1zjkA	9LPA_A	9.894E+00	0.000	4.391E-02	4.588E-02	2.481E-01	42
1zjkA	7UIM_D	7.669E+00	0.000	2.805E-02	2.821E-02	1.644E-01	56
1zjkA	8UW3_A	8.939E+00	0.000	5.280E-02	2.227E-02	1.817E-01	76
1zjkA	7KFT_C	9.405E+00	0.000	5.683E-02	4.440E-02	1.256E-01	171
1zjkA	9I2F_A	9.405E+00	0.000	3.745E-02	2.730E-02	2.773E-01	29
2cz9A	9IOA_A	3.918E-01	0.045	1.570E-01	1.176E-01	3.530E-01	166
2cz9A	9C0I_A	9.596E-02	0.024	1.399E-01	1.176E-01	1.606E-01	372
2cz9A	5HHJ_A	1.141E+00	0.011	1.502E-01	1.728E-01	2.634E-01	241
2cz9A	9LJE_A	5.191E-01	0.008	1.242E-01	1.082E-01	1.473E-01	351
2cz9A	9NL2_A	2.119E+00	0.008	1.644E-01	6.207E-02	3.106E-01	197
2cz9A	5HHK_A	1.894E+00	0.007	1.490E-01	1.735E-01	2.321E-01	275
2cz9A	9Z6Y_A	2.003E+00	0.007	1.297E-01	1.123E-01	2.728E-01	186
2cz9A	9Z6Z_A	1.790E+00	0.007	1.447E-01	1.236E-01	2.495E-01	263
2cz9A	9WY8_A	3.324E+00	0.007	1.589E-01	1.159E-01	3.487E-01	170
2cz9A	6MEC_C	3.516E+00	0.000	1.065E-01	9.181E-02	4.138E-01	67
2cz9A	8C8J_A	2.119E+00	0.000	1.315E-01	7.143E-02	2.614E-01	203
2cz9A	9DOU_A	3.516E+00	0.000	1.566E-01	6.802E-02	3.027E-01	210
2cz9A	9HDO_A	2.242E+00	0.000	1.277E-01	4.892E-02	2.612E-01	203
2cz9A	9NL3_A	2.654E+00	0.000	1.524E-01	5.846E-02	2.889E-01	206
2cz9A	5HHL_A	4.925E+00	0.000	1.332E-01	1.558E-01	3.641E-01	135
2cz9A	9E8Z_H	1.079E+00	0.000	7.793E-02	8.476E-02	1.425E-01	210
2cz9A	6ME0_C	6.894E+00	0.000	1.408E-01	1.195E-01	6.103E-01	62
2cz9A	8BGJ_A	4.402E+00	0.000	1.357E-01	2.051E-01	2.991E-01	175
2cz9A	9VHL_A	5.828E+00	0.000	1.476E-01	1.803E-01	4.098E-01	122
2cz9A	7UIM_D	4.162E+00	0.000	1.080E-01	9.776E-02	3.255E-01	118
2cz9A	9N69_E	6.894E+00	0.000	1.172E-01	1.291E-01	3.961E-01	77
2cz9A	8UB7_A	2.808E+00	0.000	1.154E-01	1.226E-01	1.604E-01	329
2cz9A	6AR1_A	3.934E+00	0.000	1.344E-01	1.162E-01	2.300E-01	245
2cz9A	9VHE_A	7.290E+00	0.000	1.332E-01	1.609E-01	3.436E-01	124
2cz9A	9K6G_A	4.925E+00	0.000	1.344E-01	5.308E-02	2.677E-01	201
2cz9A	5VBS_A	7.290E+00	0.000	8.968E-02	1.182E-01	3.307E-01	73
2cz9A	7V9U_A	9.106E+00	0.000	1.195E-01	1.317E-01	4.191E-01	80
2cz9A	7UIN_D	9.106E+00	0.000	1.451E-01	1.315E-01	3.921E-01	170
2cz9A	7KFT_C	8.615E+00	0.000	7.850E-02	5.011E-02	4.024E-01	33
2cz9A	26CZ_A	9.623E+00	0.000	1.522E-01	8.827E-02	3.363E-01	189
2cz9A	9D5X_A	9.623E+00	0.000	1.538E-01	1.395E-01	2.688E-01	201
2cz9A	9D4S_A	6.894E+00	0.000	1.459E-01	1.279E-01	2.109E-01	297
2cz9A	7R08_A	9.623E+00	0.000	1.475E-01	1.107E-01	3.197E-01	180
2cz9A	7R06_A	7.708E+00	0.000	1.598E-01	1.172E-01	1.896E-01	320
2p67A	9S1F_B	7.872E-01	0.009	1.376E-01	8.995E-02	2.440E-01	152
2p67A	9I2G_B	9.309E-01	0.009	1.672E-01	1.051E-01	2.464E-01	170
2p67A	8QBK_A	4.980E+00	0.007	1.126E-01	1.104E-01	4.213E-01	51
2p67A	9NNB_B	7.352E+00	0.000	1.327E-01	1.293E-01	5.155E-01	54
2p67A	9I2F_A	1.821E+00	0.000	1.535E-01	1.015E-01	2.195E-01	211
2p67A	9D5X_A	4.709E+00	0.000	7.260E-02	5.915E-02	2.933E-01	58
2p67A	1RTD_A	3.185E+00	0.000	8.641E-02	5.240E-02	2.711E-01	64
2p67A	8FLI_B	7.352E+00	0.000	7.637E-02	5.464E-02	3.674E-01	43
2p67A	8QBM_A	9.688E+00	0.000	1.123E-01	1.102E-01	4.191E-01	51
2p67A	7UIN_D	5.265E+00	0.000	1.071E-01	8.825E-02	2.092E-01	147
2p67A	9C0I_A	7.771E+00	0.000	5.006E-02	3.701E-02	4.504E-01	32
2p67A	9YFD_A	2.848E+00	0.000	1.225E-01	4.463E-02	1.629E-01	277
2p67A	9D4S_A	8.679E+00	0.000	7.378E-02	5.832E-02	3.393E-01	50
2p67A	9Z6Y_A	8.213E+00	0.000	6.582E-02	5.211E-02	3.163E-01	55
2p67A	8C8J_A	7.771E+00	0.000	6.777E-02	3.304E-02	2.745E-01	73
2p67A	9DOU_A	4.980E+00	0.000	7.192E-02	3.242E-02	2.264E-01	108
2p67A	9NL2_A	4.980E+00	0.000	9.307E-02	3.619E-02	1.690E-01	171
2p67A	9LPA_A	8.679E+00	0.000	8.458E-02	7.212E-02	1.989E-01	130
2p67A	9Z6Z_A	9.170E+00	0.000	5.991E-02	4.736E-02	3.476E-01	42
2p67A	9Z6Y_H	8.679E+00	0.000	9.368E-02	5.194E-02	2.054E-01	187
2p67A	8UB7_A	8.679E+00	0.000	7.772E-02	7.142E-02	1.432E-01	185
2p67A	7R06_A	9.688E+00	0.000	7.400E-02	4.968E-02	1.729E-01	129
2xu9A	9LBQ_A	8.232E+00	0.000	2.619E-02	3.401E-02	2.435E-01	59
2xu9A	9D4S_A	9.633E+00	0.000	3.006E-02	3.201E-02	2.087E-01	25
1x13B	9YFD_A	1.792E+00	0.007	7.752E-02	2.900E-02	3.297E-01	83
1x13B	9S1F_B	2.839E+00	0.000	1.384E-01	9.886E-02	2.568E-01	191
1x13B	9NL2_A	5.044E+00	0.000	1.604E-01	7.043E-02	2.914E-01	232
1x13B	8BGJ_A	8.931E+00	0.000	5.637E-02	9.794E-02	4.968E-01	22
1x13B	7R06_A	8.931E+00	0.000	4.821E-02	3.004E-02	6.594E-01	20
1x13B	8C8J_A	8.931E+00	0.000	6.033E-02	3.693E-02	3.874E-01	50
1x13B	9X94_A	9.451E+00	0.000	6.588E-02	6.715E-02	4.146E-01	47
1x13B	1RTD_A	7.113E+00	0.000	6.592E-02	4.605E-02	2.446E-01	115
1x13B	9I2G_B	7.530E+00	0.000	9.953E-02	6.881E-02	2.345E-01	129
1x13B	9DOU_A	9.451E+00	0.000	1.619E-01	7.899E-02	2.885E-01	228
1x13B	7XJG_A	8.931E+00	0.000	5.571E-02	6.278E-02	3.560E-01	42
1x13B	5G2X_C	6.718E+00	0.000	7.276E-02	5.708E-02	1.689E-01	195
1zmaA	5HHK_A	6.010E+00	0.000	1.416E-01	6.960E-02	3.335E-01	46
1zmaA	9YFD_A	4.402E+00	0.000	1.424E-01	2.023E-02	3.554E-01	54
1zmaA	5HHL_A	7.241E+00	0.000	1.425E-01	6.782E-02	3.396E-01	45
1zmaA	5VBS_A	7.703E+00	0.000	1.407E-01	7.997E-02	3.077E-01	48
1zmaA	5HHJ_A	8.715E+00	0.000	1.417E-01	6.945E-02	3.332E-01	46
1zmaA	9DOU_A	5.648E+00	0.000	1.240E-01	3.246E-02	1.833E-01	85
1zmaA	7V9X_A	6.805E+00	0.000	1.276E-01	6.134E-02	3.010E-01	55
1zmaA	9N69_E	9.853E+00	0.000	1.104E-01	4.772E-02	3.061E-01	39
1zmaA	7KFT_C	9.853E+00	0.000	1.549E-01	4.757E-02	2.047E-01	107
1zmaA	9Z6Y_A	9.853E+00	0.000	1.163E-01	4.739E-02	1.742E-01	98
2bc4B	7KFT_C	2.396E+00	0.000	8.006E-02	4.016E-02	1.992E-01	99
2bc4B	9E8Z_H	5.872E+00	0.000	8.962E-02	6.040E-02	2.092E-01	88
2bc4B	6ME0_C	8.203E+00	0.000	9.132E-02	5.028E-02	2.884E-01	39
2bc4B	9Z6Z_A	5.872E+00	0.000	8.285E-02	4.749E-02	2.407E-01	62
2bc4B	5HHL_A	9.162E+00	0.000	9.593E-02	6.780E-02	2.837E-01	46
2bc4B	6AR1_A	9.162E+00	0.000	7.838E-02	3.870E-02	3.347E-01	40
2bc4B	9C0I_A	7.760E+00	0.000	7.052E-02	3.450E-02	2.881E-01	77
2bc4B	9IOA_A	8.203E+00	0.000	1.059E-01	5.151E-02	2.681E-01	61
2bc4B	9Z6Y_A	9.681E+00	0.000	8.362E-02	4.616E-02	2.544E-01	61
2bc4B	9YFD_A	8.670E+00	0.000	7.056E-02	1.674E-02	2.584E-01	33
2gg2A	7UIN_D	5.239E-01	0.016	1.240E-01	8.706E-02	3.394E-01	127
2gg2A	6AR1_A	2.066E+00	0.008	1.139E-01	7.549E-02	4.478E-01	66
2gg2A	7UIM_D	5.690E+00	0.000	1.309E-01	9.095E-02	6.231E-01	50
2gg2A	9D4S_A	3.981E+00	0.000	1.222E-01	8.347E-02	3.765E-01	73
2gg2A	9LPA_A	3.751E+00	0.000	9.809E-02	7.404E-02	3.970E-01	64
2gg2A	9D5X_A	4.225E+00	0.000	1.164E-01	8.181E-02	3.849E-01	75
2gg2A	6ME0_C	4.485E+00	0.000	1.213E-01	8.082E-02	3.825E-01	75
2gg2A	9LJE_A	2.193E+00	0.000	6.887E-02	4.775E-02	2.362E-01	80
2gg2A	9NL2_A	2.784E+00	0.000	7.482E-02	2.250E-02	2.322E-01	76
2gg2A	9WN8_A	3.981E+00	0.000	9.584E-02	7.400E-02	2.987E-01	69
2gg2A	6MEC_C	6.408E+00	0.000	1.202E-01	8.047E-02	3.546E-01	88
2gg2A	7R06_A	7.653E+00	0.000	9.718E-02	4.726E-02	4.833E-01	33
2gg2A	9NL3_A	3.329E+00	0.000	7.450E-02	2.237E-02	2.365E-01	76
2gg2A	9VHE_A	6.408E+00	0.000	6.342E-02	6.156E-02	4.566E-01	41
2gg2A	9LBQ_A	4.225E+00	0.000	8.125E-02	6.902E-02	2.739E-01	71
2gg2A	23OR_A	5.361E+00	0.000	8.370E-02	6.257E-02	3.351E-01	58
2gg2A	9Z6Z_A	5.690E+00	0.000	6.132E-02	4.422E-02	3.566E-01	50
2gg2A	9C0I_A	4.760E+00	0.000	6.900E-02	4.688E-02	2.367E-01	80
2gg2A	1RTD_A	4.485E+00	0.000	7.532E-02	4.371E-02	2.752E-01	47
2gg2A	9E8Z_H	5.052E+00	0.000	7.239E-02	6.575E-02	1.336E-01	112
2gg2A	9N69_E	5.361E+00	0.000	7.983E-02	7.217E-02	2.595E-01	52
2gg2A	7V9X_A	5.052E+00	0.000	5.052E-02	4.335E-02	1.932E-01	71
2gg2A	7XJG_A	6.038E+00	0.000	3.886E-02	3.315E-02	3.105E-01	46
2gg2A	26CZ_A	6.038E+00	0.000	8.850E-02	4.605E-02	2.726E-01	47
2gg2A	8GH6_A	6.408E+00	0.000	7.593E-02	3.099E-02	2.675E-01	73
2gg2A	8QBM_A	9.133E+00	0.000	6.024E-02	5.340E-02	3.192E-01	60
2gg2A	9X94_A	9.133E+00	0.000	7.912E-02	6.074E-02	3.111E-01	58
2gg2A	9Z6Y_A	8.119E+00	0.000	9.588E-02	6.298E-02	1.955E-01	150
2gg2A	9YFD_A	5.690E+00	0.000	9.437E-02	4.223E-02	1.214E-01	236
2gg2A	8UW3_A	9.684E+00	0.000	1.114E-01	3.556E-02	1.716E-01	191
2ii2A	9Z6Y_H	8.732E-01	0.014	1.491E-01	9.766E-02	1.655E-01	307
2ii2A	9Z6Z_H	1.975E+00	0.011	1.850E-01	1.136E-01	2.026E-01	317
2ii2A	24NC_A	3.794E+00	0.010	2.335E-01	1.558E-01	3.127E-01	240
2ii2A	6AR1_A	2.326E+00	0.009	1.202E-01	9.495E-02	2.134E-01	159
2ii2A	9S1F_B	3.094E+00	0.008	1.360E-01	8.654E-02	2.184E-01	189
2ii2A	9WY8_A	3.643E+00	0.007	1.613E-01	1.145E-01	2.262E-01	241
2ii2A	7V9X_A	8.212E+00	0.000	1.332E-01	1.297E-01	4.564E-01	61
2ii2A	8GH6_A	2.738E+00	0.000	1.189E-01	5.614E-02	1.678E-01	248
2ii2A	9I2F_A	3.643E+00	0.000	9.855E-02	6.622E-02	1.879E-01	170
2ii2A	9NL2_A	4.652E+00	0.000	1.358E-01	5.262E-02	2.370E-01	172
2ii2A	8OZ7_A	5.047E+00	0.000	1.526E-01	9.819E-02	1.709E-01	294
2ii2A	7R06_A	4.466E+00	0.000	1.199E-01	6.872E-02	1.689E-01	283
2ii2A	9Z6Z_A	6.708E+00	0.000	1.155E-01	9.095E-02	2.265E-01	131
2ii2A	9I2G_B	5.939E+00	0.000	1.072E-01	6.823E-02	2.069E-01	166
2ii2A	8C8J_A	4.846E+00	0.000	1.460E-01	8.205E-02	1.637E-01	308
2ii2A	8SXT_A	4.466E+00	0.000	8.837E-02	4.942E-02	1.629E-01	141
2ii2A	9HDO_A	3.497E+00	0.000	1.106E-01	5.001E-02	1.282E-01	294
2ii2A	9D4S_A	5.939E+00	0.000	1.235E-01	1.026E-01	1.492E-01	341
2ii2A	9IOA_A	5.257E+00	0.000	1.055E-01	7.565E-02	1.510E-01	208
2ii2A	8UBD_A	6.708E+00	0.000	1.022E-01	9.965E-02	1.446E-01	249
2ii2A	9Z6Y_A	7.887E+00	0.000	9.913E-02	7.828E-02	1.606E-01	212
2ii2A	9YFD_A	9.645E+00	0.000	1.731E-01	6.480E-02	2.546E-01	190
2ii2A	8UW3_A	5.047E+00	0.000	9.693E-02	3.918E-02	1.135E-01	318
2ii2A	8UB7_A	8.212E+00	0.000	9.123E-02	8.582E-02	1.525E-01	206
2xrbA	23OR_A	4.877E+00	0.000	6.281E-02	4.549E-02	3.377E-01	46
2xrbA	9LBQ_A	6.509E+00	0.000	8.120E-02	6.559E-02	3.986E-01	47
2xrbA	7V9U_A	7.884E+00	0.000	6.663E-02	5.582E-02	4.856E-01	28
2xrbA	9L7P_E	9.096E+00	0.000	7.929E-02	6.619E-02	5.406E-01	25
2xrbA	9WN8_A	6.204E+00	0.000	6.081E-02	4.546E-02	3.227E-01	47
2xrbA	9X94_A	6.509E+00	0.000	6.240E-02	4.654E-02	3.350E-01	46
2xrbA	9LPA_A	7.884E+00	0.000	8.331E-02	5.824E-02	4.169E-01	47
2xrbA	7UIN_D	6.204E+00	0.000	6.952E-02	4.922E-02	2.910E-01	51
2xrbA	9YFD_A	3.480E+00	0.000	7.580E-02	2.185E-02	1.719E-01	112
2xrbA	1RTD_A	6.509E+00	0.000	8.213E-02	4.647E-02	2.382E-01	74
2xrbA	8UW3_A	7.516E+00	0.000	8.405E-02	2.730E-02	2.402E-01	61
2xrbA	9X9B_A	9.538E+00	0.000	7.901E-02	5.797E-02	3.429E-01	47
2xrbA	9Z6Y_A	8.674E+00	0.000	6.842E-02	4.613E-02	3.275E-01	35
2xrbA	6MEC_C	8.674E+00	0.000	5.928E-02	3.806E-02	2.435E-01	32
3bc8A	7R08_A	6.869E+00	0.000	9.322E-02	8.470E-02	5.026E-01	76
3bc8A	8SXT_A	8.346E-01	0.000	9.817E-02	7.116E-02	1.124E-01	494
3bc8A	5VBS_A	2.744E+00	0.000	4.257E-02	6.745E-02	3.619E-01	36
3bc8A	9Z6Y_H	5.248E+00	0.000	6.245E-02	4.436E-02	4.420E-01	66
3bc8A	26CZ_A	2.333E+00	0.000	7.528E-02	5.621E-02	1.615E-01	234
3bc8A	6ME0_C	9.468E+00	0.000	4.247E-02	4.489E-02	5.967E-01	19
3bc8A	7KFT_C	3.057E+00	0.000	7.055E-02	5.789E-02	1.648E-01	204
3bc8A	6MEC_C	8.511E+00	0.000	8.360E-02	8.736E-02	2.596E-01	105
3bc8A	8UB7_A	6.869E+00	0.000	7.284E-02	9.370E-02	1.646E-01	216
3bc8A	8OZ7_A	8.978E+00	0.000	6.042E-02	4.943E-02	2.103E-01	80
3bc8A	8C8J_A	6.169E+00	0.000	7.266E-02	5.072E-02	1.692E-01	190
3bc8A	8UBD_A	6.869E+00	0.000	8.496E-02	9.692E-02	1.249E-01	299
3kptB	5VBS_A	1.350E+00	0.011	7.450E-02	1.027E-01	3.677E-01	104
3kptB	8QBM_A	4.311E+00	0.009	5.512E-02	6.245E-02	5.875E-01	23
3kptB	7XJG_A	3.897E+00	0.009	5.531E-02	6.174E-02	5.756E-01	23
3kptB	8QBK_A	4.534E+00	0.008	5.523E-02	6.258E-02	5.776E-01	23
3kptB	8QBL_A	4.768E+00	0.008	5.491E-02	6.207E-02	5.725E-01	23
3kptB	9IOA_A	2.022E+00	0.008	6.471E-02	5.053E-02	3.190E-01	58
3kptB	7V9X_A	5.014E+00	0.007	5.549E-02	6.194E-02	5.734E-01	23
3kptB	9Z6Y_A	1.494E+00	0.007	8.488E-02	7.494E-02	2.132E-01	92
3kptB	9E8Z_H	4.534E+00	0.000	7.806E-02	8.953E-02	4.025E-01	120
3kptB	7V9U_A	6.132E+00	0.000	4.947E-02	5.616E-02	5.791E-01	20
3kptB	6AR1_A	1.828E+00	0.000	4.877E-02	4.428E-02	2.366E-01	76
3kptB	9D5X_A	6.132E+00	0.000	5.949E-02	5.449E-02	4.439E-01	26
3kptB	9I2G_B	5.546E+00	0.000	5.126E-02	3.233E-02	4.559E-01	20
3kptB	9Z6Z_A	3.185E+00	0.000	8.249E-02	7.239E-02	2.137E-01	97
3kptB	9S1F_B	6.448E+00	0.000	5.127E-02	3.277E-02	4.549E-01	20
3kptB	9VHE_A	5.546E+00	0.000	9.820E-02	1.215E-01	2.997E-01	163
3kptB	23OR_A	5.014E+00	0.000	7.526E-02	7.290E-02	2.738E-01	85
3kptB	9I2F_A	7.879E+00	0.000	8.696E-02	5.512E-02	4.550E-01	108
3kptB	9Z6Z_H	6.132E+00	0.000	7.391E-02	4.412E-02	3.795E-01	64
3kptB	26CZ_A	9.149E+00	0.000	6.108E-02	3.537E-02	5.548E-01	25
3kptB	9Z6Y_H	7.129E+00	0.000	6.833E-02	4.117E-02	3.829E-01	64
3kptB	9LBQ_A	7.495E+00	0.000	7.434E-02	8.051E-02	2.749E-01	85
3kptB	9LPA_A	7.495E+00	0.000	5.657E-02	5.459E-02	2.885E-01	82
3kptB	9C0I_A	7.495E+00	0.000	7.684E-02	6.535E-02	3.205E-01	112
3kptB	8UW3_A	5.546E+00	0.000	5.244E-02	1.776E-02	2.457E-01	49
3kptB	5HHL_A	7.879E+00	0.000	7.000E-02	8.145E-02	2.121E-01	82
3kptB	7KFT_C	5.546E+00	0.000	5.525E-02	3.883E-02	1.973E-01	89
3kptB	8BGJ_A	9.149E+00	0.000	3.734E-02	5.921E-02	2.485E-01	19
3kptB	6ME0_C	9.615E+00	0.000	6.641E-02	5.882E-02	2.343E-01	73
3kptB	1RTD_A	8.706E+00	0.000	4.127E-02	2.790E-02	2.679E-01	21
3qouA	24NC_A	3.106E-01	0.040	1.403E-01	8.500E-02	1.994E-01	234
3qouA	7R08_A	4.381E+00	0.016	2.019E-01	1.277E-01	5.274E-01	91
3qouA	9Z6Z_H	8.434E-01	0.016	1.144E-01	5.841E-02	2.059E-01	160
3qouA	9Z6Y_H	1.083E+00	0.014	1.328E-01	7.181E-02	2.082E-01	197
3qouA	26CZ_A	8.866E-01	0.014	1.415E-01	7.815E-02	1.822E-01	232
3qouA	7R06_A	1.390E+00	0.010	1.665E-01	1.063E-01	2.079E-01	261
3qouA	9YFD_A	1.536E+00	0.009	1.217E-01	5.512E-02	1.894E-01	196
3qouA	9WY8_A	2.290E+00	0.008	1.340E-01	8.827E-02	2.289E-01	151
3qouA	8QBK_A	8.358E+00	0.000	1.478E-01	1.364E-01	5.439E-01	55
3qouA	8QBM_A	9.686E+00	0.000	1.537E-01	1.416E-01	6.013E-01	54
3qouA	9N69_E	7.955E+00	0.000	5.862E-02	5.386E-02	4.750E-01	27
3qouA	9HDO_A	7.955E+00	0.000	1.239E-01	3.941E-02	3.195E-01	106
3qouA	9X9B_A	6.857E+00	0.000	1.091E-01	8.945E-02	2.758E-01	111
3qouA	9LPA_A	9.223E+00	0.000	1.132E-01	9.030E-02	4.048E-01	64
3qouA	9LBQ_A	9.686E+00	0.000	6.815E-02	6.103E-02	3.131E-01	62
3qouA	23OR_A	8.780E+00	0.000	6.832E-02	5.363E-02	3.109E-01	62
3qouA	9D5X_A	6.525E+00	0.000	7.537E-02	6.206E-02	1.618E-01	121
3qouA	8GH6_A	8.358E+00	0.000	8.963E-02	3.553E-02	2.510E-01	85
3qouA	7UIN_D	8.780E+00	0.000	8.661E-02	7.091E-02	1.953E-01	110
3qouA	9D4S_A	8.358E+00	0.000	8.866E-02	6.549E-02	1.975E-01	125
3qouA	6AR1_A	8.358E+00	0.000	1.171E-01	8.672E-02	1.907E-01	218
3qouA	9Z6Z_A	9.686E+00	0.000	7.032E-02	5.259E-02	2.116E-01	84
3qouA	9DOU_A	9.686E+00	0.000	1.049E-01	4.321E-02	1.737E-01	172
3qouA	9NL2_A	9.223E+00	0.000	9.107E-02	3.796E-02	1.646E-01	146
4azsA	9D4S_A	2.106E-01	0.010	6.677E-02	7.043E-02	1.247E-01	218
4azsA	1RTD_A	3.683E+00	0.008	6.114E-02	4.985E-02	5.484E-01	45
4azsA	26CZ_A	3.361E-01	0.007	6.032E-02	4.816E-02	1.231E-01	198
4azsA	9Z6Y_H	1.288E+00	0.000	7.507E-02	5.675E-02	1.894E-01	156
4azsA	9Z6Z_H	7.613E-01	0.000	6.348E-02	5.166E-02	1.357E-01	207
4azsA	9E8Z_H	2.054E+00	0.000	7.779E-02	1.022E-01	1.873E-01	208
4azsA	9D5X_A	1.081E+00	0.000	7.384E-02	7.974E-02	1.201E-01	221
4azsA	7R08_A	2.309E+00	0.000	7.441E-02	7.174E-02	1.792E-01	178
4azsA	9LBQ_A	2.309E+00	0.000	6.918E-02	8.682E-02	1.396E-01	211
4azsA	9Z6Y_A	2.595E+00	0.000	5.496E-02	5.706E-02	2.079E-01	151
4azsA	9Z6Z_A	2.309E+00	0.000	6.022E-02	6.249E-02	2.113E-01	150
4azsA	5VBS_A	6.594E+00	0.000	9.093E-02	1.444E-01	3.639E-01	81
4azsA	23OR_A	2.916E+00	0.000	7.259E-02	8.288E-02	1.468E-01	239
4azsA	6MEC_C	7.405E+00	0.000	5.796E-02	6.100E-02	3.698E-01	43
4azsA	9LJE_A	3.277E+00	0.000	7.342E-02	7.618E-02	1.419E-01	226
4azsA	9C0I_A	3.683E+00	0.000	7.383E-02	7.625E-02	1.435E-01	226
4azsA	8UW3_A	3.277E+00	0.000	9.304E-02	4.710E-02	1.583E-01	263
4azsA	8BGJ_A	6.988E+00	0.000	5.736E-02	1.068E-01	2.658E-01	76
4azsA	8QBL_A	4.930E+00	0.000	7.602E-02	9.340E-02	1.755E-01	175
4azsA	9WN8_A	5.226E+00	0.000	6.796E-02	8.031E-02	1.984E-01	138
4azsA	8FLI_B	8.313E+00	0.000	7.655E-02	7.435E-02	3.062E-01	59
4azsA	8GH6_A	3.683E+00	0.000	5.438E-02	3.378E-02	1.809E-01	101
4azsA	9YFD_A	4.930E+00	0.000	7.697E-02	4.068E-02	1.587E-01	194
4azsA	9VHL_A	9.327E+00	0.000	3.499E-02	4.710E-02	3.771E-01	33
4azsA	7XJG_A	5.871E+00	0.000	7.685E-02	9.891E-02	1.656E-01	197
4azsA	9X94_A	4.930E+00	0.000	5.728E-02	6.014E-02	1.392E-01	155
4azsA	9WY8_A	8.313E+00	0.000	4.649E-02	4.248E-02	2.443E-01	45
4azsA	9HDO_A	8.313E+00	0.000	5.077E-02	2.629E-02	3.065E-01	44
4azsA	9X9B_A	9.876E+00	0.000	7.649E-02	8.851E-02	1.899E-01	149
4azsA	9LPA_A	9.327E+00	0.000	7.005E-02	7.846E-02	1.689E-01	192
4azsA	9N69_E	9.876E+00	0.000	5.148E-02	6.751E-02	1.824E-01	59
4azsA	9DOU_A	9.327E+00	0.000	6.637E-02	3.716E-02	1.356E-01	215
3mfnB	9D5X_A	7.755E-01	0.034	3.057E-01	1.266E-01	3.846E-01	128
3mfnB	6MEC_C	2.214E+00	0.014	2.658E-01	9.788E-02	4.096E-01	82
3mfnB	6ME0_C	2.761E+00	0.010	2.673E-01	9.894E-02	4.132E-01	82
3mfnB	9D4S_A	2.918E+00	0.009	2.926E-01	1.157E-01	3.738E-01	127
3mfnB	9Z6Z_A	1.876E+00	0.007	2.212E-01	9.340E-02	2.293E-01	167
3mfnB	5G2X_C	4.536E+00	0.007	2.778E-01	9.034E-02	4.902E-01	63
3mfnB	9Z6Y_A	3.443E+00	0.000	2.117E-01	7.884E-02	3.077E-01	103
3mfnB	9LBQ_A	2.095E+00	0.000	1.593E-01	9.383E-02	1.971E-01	133
3mfnB	9WN8_A	2.613E+00	0.000	1.688E-01	7.143E-02	2.130E-01	126
3mfnB	7UIN_D	3.258E+00	0.000	2.083E-01	8.867E-02	2.322E-01	132
3mfnB	7KFT_C	3.443E+00	0.000	2.247E-01	7.698E-02	2.484E-01	145
3mfnB	23OR_A	2.918E+00	0.000	1.621E-01	7.192E-02	1.945E-01	128
3mfnB	7R08_A	4.293E+00	0.000	1.980E-01	6.888E-02	2.292E-01	121
3mfnB	8UB7_A	6.668E+00	0.000	1.417E-01	7.655E-02	3.170E-01	63
3mfnB	9X94_A	5.065E+00	0.000	1.764E-01	7.860E-02	2.519E-01	122
3mfnB	8QBM_A	6.312E+00	0.000	1.322E-01	7.409E-02	2.353E-01	110
3mfnB	9LPA_A	5.065E+00	0.000	1.704E-01	7.543E-02	2.065E-01	133
3mfnB	8QBL_A	6.668E+00	0.000	1.325E-01	7.427E-02	2.359E-01	110
3mfnB	6AR1_A	5.352E+00	0.000	1.667E-01	8.365E-02	1.777E-01	140
3mfnB	9LJE_A	7.440E+00	0.000	1.843E-01	8.028E-02	2.593E-01	95
3mfnB	24NC_A	7.044E+00	0.000	1.665E-01	7.504E-02	1.682E-01	155
3mfnB	9E8Z_H	9.769E+00	0.000	1.697E-01	8.818E-02	2.453E-01	83
4aukA	7V9U_A	2.055E+00	0.014	8.670E-02	9.869E-02	5.019E-01	40
4aukA	5VBS_A	2.055E+00	0.011	1.220E-01	1.671E-01	4.904E-01	98
4aukA	7UIM_D	2.791E+00	0.008	1.027E-01	9.587E-02	4.266E-01	53
4aukA	7R08_A	3.566E+00	0.008	9.258E-02	6.972E-02	4.849E-01	41
4aukA	7KFT_C	1.184E+00	0.008	1.471E-01	9.986E-02	2.712E-01	232
4aukA	7V9X_A	4.554E+00	0.007	8.679E-02	9.781E-02	5.741E-01	38
4aukA	9LBQ_A	2.968E+00	0.007	9.806E-02	1.079E-01	4.351E-01	52
4aukA	7XJG_A	4.284E+00	0.000	8.242E-02	9.242E-02	4.962E-01	38
4aukA	9WN8_A	1.933E+00	0.000	1.191E-01	1.200E-01	2.626E-01	153
4aukA	9VHL_A	2.470E+00	0.000	7.666E-02	9.601E-02	3.034E-01	108
4aukA	23OR_A	4.030E+00	0.000	9.717E-02	9.491E-02	4.247E-01	52
4aukA	9C0I_A	5.146E+00	0.000	8.887E-02	7.589E-02	5.037E-01	42
4aukA	8QBM_A	5.146E+00	0.000	1.003E-01	1.131E-01	4.428E-01	102
4aukA	9YFD_A	1.513E+00	0.000	1.075E-01	4.331E-02	1.560E-01	311
4aukA	9E8Z_H	3.155E+00	0.000	6.658E-02	7.446E-02	2.646E-01	80
4aukA	7UIN_D	3.791E+00	0.000	4.507E-02	4.252E-02	3.460E-01	41
4aukA	8UW3_A	6.568E+00	0.000	1.407E-01	4.661E-02	4.731E-01	90
4aukA	9N69_E	4.030E+00	0.000	5.355E-02	6.017E-02	2.251E-01	62
4aukA	8QBK_A	4.841E+00	0.000	1.094E-01	1.175E-01	2.342E-01	150
4aukA	8QBL_A	5.470E+00	0.000	5.666E-02	6.451E-02	3.782E-01	29
4aukA	1RTD_A	2.185E+00	0.000	9.830E-02	6.886E-02	1.255E-01	335
4aukA	5HHL_A	8.894E+00	0.000	9.709E-02	1.143E-01	4.054E-01	52
4aukA	9NNB_B	5.470E+00	0.000	8.209E-02	9.089E-02	2.068E-01	166
4aukA	5G2X_C	7.417E+00	0.000	8.201E-02	6.436E-02	3.630E-01	47
4aukA	9VHE_A	4.554E+00	0.000	5.659E-02	7.090E-02	2.144E-01	117
4aukA	9Z6Y_H	7.417E+00	0.000	1.040E-01	6.351E-02	2.561E-01	171
4aukA	9DOU_A	6.568E+00	0.000	9.452E-02	4.663E-02	2.362E-01	154
4aukA	9LPA_A	8.373E+00	0.000	4.602E-02	4.459E-02	2.783E-01	26
4aukA	6AR1_A	8.894E+00	0.000	7.814E-02	6.925E-02	2.698E-01	126
4aukA	9LJE_A	7.417E+00	0.000	4.665E-02	4.083E-02	2.690E-01	27
4o5fA	1RTD_A	3.586E-03	0.150	1.810E-01	9.382E-02	2.191E-01	290
4o5fA	9WN8_A	2.154E+00	0.008	1.133E-01	8.305E-02	3.421E-01	108
4o5fA	23OR_A	2.284E+00	0.007	1.199E-01	8.695E-02	3.087E-01	111
4o5fA	9I2F_A	3.063E+00	0.007	1.011E-01	5.108E-02	4.284E-01	40
4o5fA	9LPA_A	3.063E+00	0.000	1.199E-01	8.472E-02	3.131E-01	118
4o5fA	5HHL_A	4.107E+00	0.000	9.016E-02	8.035E-02	3.341E-01	50
4o5fA	9L7P_E	2.031E+00	0.000	1.073E-01	9.350E-02	1.987E-01	111
4o5fA	9LBQ_A	2.569E+00	0.000	1.037E-01	8.589E-02	2.786E-01	113
4o5fA	9VHL_A	3.444E+00	0.000	5.801E-02	5.538E-02	3.327E-01	46
4o5fA	5HHK_A	3.873E+00	0.000	9.057E-02	8.123E-02	2.880E-01	68
4o5fA	5HHJ_A	5.191E+00	0.000	9.193E-02	8.226E-02	3.336E-01	50
4o5fA	9D5X_A	3.873E+00	0.000	5.987E-02	4.310E-02	3.197E-01	54
4o5fA	9WY8_A	1.606E+00	0.000	7.535E-02	4.506E-02	2.002E-01	105
4o5fA	9K6G_A	3.063E+00	0.000	9.386E-02	3.366E-02	2.238E-01	78
4o5fA	9VHE_A	6.559E+00	0.000	8.648E-02	8.268E-02	3.539E-01	39
4o5fA	9D4S_A	4.107E+00	0.000	7.234E-02	5.328E-02	1.711E-01	109
4o5fA	9IOA_A	7.811E+00	0.000	1.120E-01	7.247E-02	2.781E-01	79
4o5fA	9NNB_B	6.187E+00	0.000	5.976E-02	5.324E-02	2.519E-01	66
4o5fA	7UIN_D	7.811E+00	0.000	7.695E-02	5.748E-02	2.180E-01	61
4o5fA	9Z6Y_A	8.772E+00	0.000	8.187E-02	5.539E-02	3.255E-01	60
4o5fA	9Z6Z_A	8.278E+00	0.000	7.720E-02	5.195E-02	3.327E-01	58
4o5fA	9I2G_B	9.845E+00	0.000	7.455E-02	3.747E-02	4.202E-01	32
4o5fA	26CZ_A	4.896E+00	0.000	9.036E-02	4.322E-02	1.680E-01	119
4o5fA	9N69_E	9.845E+00	0.000	8.618E-02	7.485E-02	2.617E-01	62
4o5fA	8QBM_A	8.278E+00	0.000	6.239E-02	5.472E-02	2.273E-01	53
4o5fA	7XJG_A	7.811E+00	0.000	5.832E-02	5.091E-02	2.183E-01	59
4o5fA	8UBD_A	9.294E+00	0.000	8.329E-02	6.969E-02	1.848E-01	95
4o5fA	8UB7_A	9.294E+00	0.000	7.929E-02	6.636E-02	1.831E-01	91
4o5fA	9X94_A	8.772E+00	0.000	7.622E-02	5.929E-02	2.166E-01	69
4o5fA	6ME0_C	8.772E+00	0.000	9.850E-02	7.330E-02	2.153E-01	123
4o5fA	6AR1_A	8.278E+00	0.000	9.023E-02	6.555E-02	1.895E-01	95
5pxlB	6ME0_C	4.863E+00	0.008	2.369E-01	1.144E-01	5.577E-01	56
5pxlB	8OZ7_A	1.593E+00	0.008	1.508E-01	6.090E-02	2.369E-01	105
5pxlB	9LPA_A	3.419E+00	0.007	2.220E-01	1.169E-01	3.487E-01	116
5pxlB	8BGJ_A	3.224E+00	0.000	1.359E-01	1.264E-01	3.090E-01	62
5pxlB	8QBL_A	6.909E+00	0.000	1.725E-01	1.117E-01	3.983E-01	56
5pxlB	9Z6Y_A	4.863E+00	0.000	1.820E-01	9.927E-02	2.633E-01	113
5pxlB	9X94_A	6.909E+00	0.000	1.977E-01	1.097E-01	3.460E-01	97
5pxlB	23OR_A	8.720E+00	0.000	2.022E-01	1.066E-01	4.266E-01	80
5pxlB	7UIN_D	4.078E+00	0.000	1.134E-01	6.148E-02	2.080E-01	92
5pxlB	1RTD_A	7.764E+00	0.000	9.617E-02	4.258E-02	3.465E-01	57
5pxlB	9WN8_A	8.720E+00	0.000	1.737E-01	9.855E-02	4.120E-01	63
5pxlB	9X9B_A	9.240E+00	0.000	1.789E-01	1.004E-01	3.524E-01	76
5pxlB	9D4S_A	8.720E+00	0.000	8.376E-02	4.352E-02	3.468E-01	58
5pxlB	7R06_A	8.720E+00	0.000	1.280E-01	5.096E-02	2.645E-01	100
5pxlB	9Z6Z_A	9.789E+00	0.000	1.298E-01	6.955E-02	2.020E-01	107
5pxlB	9IOA_A	8.720E+00	0.000	1.330E-01	7.140E-02	1.747E-01	177
5pxlB	9YFD_A	8.720E+00	0.000	1.418E-01	4.189E-02	1.659E-01	175
2hsgA	9S1F_B	3.067E-01	0.020	1.556E-01	1.053E-01	2.725E-01	203
2hsgA	9I2G_B	4.911E-01	0.020	1.552E-01	1.014E-01	2.892E-01	171
2hsgA	9I2F_A	4.116E-01	0.020	1.522E-01	1.014E-01	2.718E-01	172
2hsgA	7V9U_A	3.226E+00	0.014	5.910E-02	6.265E-02	6.373E-01	21
2hsgA	9WY8_A	3.629E+00	0.000	9.406E-02	6.754E-02	2.296E-01	145
2hsgA	8QBL_A	3.629E+00	0.000	8.849E-02	9.334E-02	2.476E-01	144
2hsgA	8QBM_A	4.082E+00	0.000	8.890E-02	9.378E-02	2.501E-01	143
2hsgA	1RTD_A	7.335E+00	0.000	9.337E-02	5.900E-02	4.067E-01	45
2hsgA	8QBK_A	6.526E+00	0.000	8.898E-02	9.387E-02	2.506E-01	144
2hsgA	8UB7_A	2.705E+00	0.000	6.323E-02	6.323E-02	1.654E-01	112
2hsgA	9NNB_B	8.734E+00	0.000	7.964E-02	8.271E-02	2.600E-01	55
2hsgA	9D4S_A	6.919E+00	0.000	6.503E-02	5.586E-02	2.598E-01	53
2hsgA	6MEC_C	7.335E+00	0.000	5.818E-02	4.855E-02	2.350E-01	56
2hsgA	5HHL_A	4.329E+00	0.000	8.638E-02	9.303E-02	1.003E-01	361
2hsgA	7V9X_A	9.805E+00	0.000	6.738E-02	6.898E-02	2.726E-01	57
2hsgA	9D5X_A	4.329E+00	0.000	8.236E-02	7.270E-02	1.282E-01	258
2hsgA	9Z6Y_A	7.775E+00	0.000	7.751E-02	6.441E-02	2.839E-01	88
2hsgA	9DOU_A	8.734E+00	0.000	8.339E-02	3.751E-02	2.769E-01	79
2hsgA	7UIM_D	5.805E+00	0.000	7.408E-02	7.156E-02	1.084E-01	271
2hsgA	9LJE_A	7.775E+00	0.000	6.700E-02	5.873E-02	1.383E-01	131
2hsgA	24NC_A	8.241E+00	0.000	8.634E-02	6.175E-02	1.607E-01	209
2hsgA	7KFT_C	6.526E+00	0.000	1.089E-01	7.931E-02	1.227E-01	343
2hsgA	7R06_A	7.335E+00	0.000	8.055E-02	5.564E-02	1.251E-01	261
2hsgA	9Z6Y_H	7.335E+00	0.000	7.699E-02	5.326E-02	9.909E-02	327
2hsgA	9K6G_A	7.775E+00	0.000	9.440E-02	3.996E-02	1.455E-01	242
2hsgA	8UW3_A	5.805E+00	0.000	7.153E-02	2.919E-02	1.018E-01	240
2hsgA	9IOA_A	8.734E+00	0.000	9.192E-02	6.365E-02	1.013E-01	391
2wr8A	9I2G_B	3.816E-01	0.024	2.205E-01	1.221E-01	3.319E-01	234
2wr8A	9S1F_B	3.202E+00	0.007	1.934E-01	1.025E-01	4.198E-01	142
2wr8A	9I2F_A	4.083E+00	0.000	1.815E-01	9.223E-02	4.163E-01	150
2wr8A	9VHL_A	4.610E+00	0.000	7.567E-02	7.215E-02	3.483E-01	26
2wr8A	9E8Z_H	5.204E+00	0.000	7.646E-02	6.709E-02	3.682E-01	31
2wr8A	6ME0_C	4.898E+00	0.000	5.862E-02	3.693E-02	3.377E-01	49
2wr8A	7R08_A	5.204E+00	0.000	6.937E-02	3.927E-02	3.665E-01	26
2wr8A	9L7P_E	7.945E+00	0.000	8.153E-02	7.111E-02	3.333E-01	33
2wr8A	9NNB_B	7.481E+00	0.000	8.000E-02	6.933E-02	3.268E-01	32
2wr8A	7XJG_A	7.481E+00	0.000	6.868E-02	5.782E-02	3.721E-01	25
2wr8A	9C0I_A	8.437E+00	0.000	8.638E-02	6.125E-02	2.922E-01	68
2wr8A	1RTD_A	4.083E+00	0.000	7.330E-02	4.155E-02	1.255E-01	144
2wr8A	7KFT_C	8.958E+00	0.000	4.780E-02	2.285E-02	5.892E-01	18
2wr8A	9HDO_A	6.630E+00	0.000	6.315E-02	2.002E-02	2.502E-01	57
2wr8A	9VHE_A	9.509E+00	0.000	8.749E-02	8.337E-02	3.282E-01	44
2wr8A	9N69_E	6.630E+00	0.000	7.699E-02	6.717E-02	1.642E-01	108
2wr8A	23OR_A	7.043E+00	0.000	8.690E-02	6.923E-02	1.679E-01	119
2wr8A	9LJE_A	8.958E+00	0.000	8.572E-02	6.301E-02	3.004E-01	68
2wr8A	9WY8_A	7.945E+00	0.000	1.094E-01	6.712E-02	1.860E-01	164
2wr8A	9YFD_A	7.481E+00	0.000	1.145E-01	4.216E-02	1.996E-01	129
2wr8A	9Z6Z_A	9.509E+00	0.000	7.233E-02	5.377E-02	1.159E-01	161
3fw9A	8OZ7_A	1.153E+00	0.008	1.196E-01	1.028E-01	2.297E-01	270
3fw9A	6ME0_C	4.052E+00	0.007	1.096E-01	1.282E-01	4.546E-01	134
3fw9A	9HDO_A	5.179E-01	0.000	6.928E-02	4.502E-02	1.134E-01	310
3fw9A	7KFT_C	2.877E+00	0.000	9.469E-02	8.479E-02	3.054E-01	94
3fw9A	9Z6Y_H	2.423E+00	0.000	9.019E-02	7.474E-02	2.007E-01	273
3fw9A	9NL2_A	6.509E-01	0.000	7.486E-02	4.294E-02	1.109E-01	316
3fw9A	9L7P_E	5.091E+00	0.000	5.872E-02	8.885E-02	4.131E-01	43
3fw9A	5G2X_C	2.566E+00	0.000	7.069E-02	7.178E-02	2.394E-01	152
3fw9A	9K6G_A	1.089E+00	0.000	8.362E-02	5.022E-02	1.246E-01	311
3fw9A	9YFD_A	1.153E+00	0.000	7.983E-02	4.969E-02	1.243E-01	293
3fw9A	8SXT_A	2.162E+00	0.000	6.004E-02	4.358E-02	1.561E-01	207
3fw9A	9NL3_A	6.767E+00	0.000	5.112E-02	2.405E-02	5.975E-01	29
3fw9A	8BGJ_A	7.162E+00	0.000	9.531E-02	1.986E-01	3.693E-01	135
3fw9A	6MEC_C	2.566E+00	0.000	7.071E-02	7.850E-02	1.401E-01	290
3fw9A	9E8Z_H	4.290E+00	0.000	8.266E-02	1.045E-01	1.469E-01	297
3fw9A	7V9X_A	5.706E+00	0.000	7.310E-02	9.868E-02	2.349E-01	110
3fw9A	7UIN_D	6.767E+00	0.000	6.976E-02	8.305E-02	2.398E-01	112
3fw9A	7R08_A	6.767E+00	0.000	1.003E-01	1.016E-01	2.242E-01	266
3fw9A	1RTD_A	5.390E+00	0.000	8.750E-02	8.115E-02	2.397E-01	165
3fw9A	8UW3_A	2.423E+00	0.000	6.987E-02	4.163E-02	1.022E-01	315
3fw9A	7XJG_A	5.706E+00	0.000	7.547E-02	1.013E-01	1.812E-01	118
3fw9A	9LPA_A	6.767E+00	0.000	7.418E-02	8.907E-02	1.486E-01	244
3fw9A	8FLI_B	4.052E+00	0.000	5.176E-02	5.497E-02	1.320E-01	122
3fw9A	9WY8_A	5.706E+00	0.000	7.206E-02	7.206E-02	1.351E-01	244
3fw9A	9Z6Z_H	3.827E+00	0.000	7.028E-02	5.936E-02	1.296E-01	301
3fw9A	9DOU_A	6.040E+00	0.000	6.680E-02	4.192E-02	1.659E-01	208
3fw9A	9NNB_B	6.040E+00	0.000	8.145E-02	1.046E-01	1.288E-01	298
3fw9A	6AR1_A	6.767E+00	0.000	8.849E-02	9.913E-02	1.419E-01	288
3fw9A	26CZ_A	8.979E+00	0.000	6.116E-02	5.134E-02	1.877E-01	123
3fw9A	8C8J_A	8.979E+00	0.000	9.507E-02	7.480E-02	1.150E-01	335
4evfA	24NC_A	5.853E-01	0.020	1.482E-01	1.091E-01	1.796E-01	274
4evfA	9Z6Z_H	9.009E-01	0.016	1.791E-01	1.059E-01	1.922E-01	330
4evfA	9WY8_A	1.512E+00	0.014	1.665E-01	1.097E-01	2.423E-01	272
4evfA	7V9X_A	6.263E+00	0.007	1.354E-01	1.285E-01	4.233E-01	64
4evfA	9Z6Y_H	2.886E+00	0.007	1.918E-01	1.121E-01	2.064E-01	339
4evfA	7R06_A	3.429E+00	0.000	1.405E-01	8.991E-02	1.446E-01	348
4evfA	8C8J_A	5.274E+00	0.000	1.118E-01	6.622E-02	2.191E-01	134
4evfA	9E8Z_H	8.449E+00	0.000	1.010E-01	9.874E-02	3.207E-01	65
4evfA	9NNB_B	9.199E+00	0.000	1.035E-01	9.849E-02	3.502E-01	64
4evfA	6AR1_A	6.263E+00	0.000	1.286E-01	9.898E-02	2.173E-01	158
4evfA	9I2G_B	5.052E+00	0.000	8.520E-02	5.152E-02	1.736E-01	154
4evfA	9HDO_A	3.285E+00	0.000	1.196E-01	6.046E-02	1.287E-01	366
4evfA	8QBM_A	8.449E+00	0.000	6.061E-02	5.826E-02	3.081E-01	44
4evfA	8UBD_A	7.759E+00	0.000	1.251E-01	1.188E-01	2.469E-01	125
4evfA	9S1F_B	5.748E+00	0.000	8.426E-02	5.634E-02	1.672E-01	155
4evfA	26CZ_A	6.000E+00	0.000	1.490E-01	8.835E-02	1.704E-01	295
4evfA	9LPA_A	9.597E+00	0.000	9.245E-02	7.615E-02	2.214E-01	133
4evfA	7R08_A	7.123E+00	0.000	1.174E-01	8.957E-02	1.680E-01	219
4evfA	8OZ7_A	7.434E+00	0.000	1.349E-01	8.705E-02	1.409E-01	327
4evfA	9I2F_A	9.597E+00	0.000	7.531E-02	5.018E-02	1.573E-01	156
4evfA	9K6G_A	8.097E+00	0.000	1.292E-01	7.080E-02	1.284E-01	366
4evfA	9NL3_A	6.263E+00	0.000	9.427E-02	4.272E-02	1.107E-01	292
3sqnB	9S1F_B	1.226E+00	0.011	1.080E-01	7.656E-02	2.697E-01	170
3sqnB	7R08_A	8.022E-01	0.009	1.012E-01	8.453E-02	1.679E-01	233
3sqnB	5VBS_A	6.337E+00	0.008	8.155E-02	1.237E-01	6.945E-01	35
3sqnB	9YFD_A	8.022E-01	0.007	9.458E-02	4.880E-02	1.417E-01	254
3sqnB	9I2F_A	2.576E+00	0.000	9.435E-02	6.585E-02	2.402E-01	165
3sqnB	26CZ_A	1.598E+00	0.000	1.150E-01	8.142E-02	1.561E-01	334
3sqnB	6AR1_A	2.197E+00	0.000	9.986E-02	9.329E-02	1.922E-01	155
3sqnB	9I2G_B	3.358E+00	0.000	9.449E-02	6.792E-02	2.588E-01	159
3sqnB	7R06_A	1.874E+00	0.000	9.909E-02	7.086E-02	1.413E-01	308
3sqnB	9LJE_A	3.937E+00	0.000	4.602E-02	4.772E-02	2.924E-01	67
3sqnB	9IOA_A	3.185E+00	0.000	8.372E-02	6.833E-02	2.079E-01	205
3sqnB	9D4S_A	4.376E+00	0.000	8.735E-02	8.364E-02	2.371E-01	115
3sqnB	24NC_A	2.864E+00	0.000	1.014E-01	8.358E-02	1.251E-01	328
3sqnB	7KFT_C	5.408E+00	0.000	1.131E-01	8.103E-02	2.814E-01	156
3sqnB	9Z6Z_H	3.937E+00	0.000	1.224E-01	9.249E-02	1.683E-01	280
3sqnB	5HHL_A	3.937E+00	0.000	7.842E-02	9.309E-02	1.359E-01	196
3sqnB	5HHK_A	3.185E+00	0.000	7.874E-02	9.048E-02	1.262E-01	197
3sqnB	9C0I_A	5.408E+00	0.000	5.206E-02	4.764E-02	2.697E-01	71
3sqnB	8C8J_A	3.541E+00	0.000	6.950E-02	4.513E-02	1.651E-01	115
3sqnB	5HHJ_A	4.376E+00	0.000	7.918E-02	9.030E-02	1.262E-01	197
3sqnB	9N69_E	6.011E+00	0.000	5.270E-02	6.144E-02	2.247E-01	68
3sqnB	9D5X_A	7.422E+00	0.000	9.559E-02	9.358E-02	2.467E-01	114
3sqnB	9Z6Y_A	6.011E+00	0.000	9.877E-02	9.637E-02	1.489E-01	235
3sqnB	9WY8_A	8.243E+00	0.000	8.701E-02	7.462E-02	1.791E-01	168
3sqnB	9WN8_A	9.642E+00	0.000	8.513E-02	8.935E-02	2.309E-01	121
3sqnB	7UIN_D	8.243E+00	0.000	8.710E-02	8.642E-02	1.294E-01	291
3sqnB	8UW3_A	8.686E+00	0.000	8.252E-02	3.349E-02	1.624E-01	185
1kloA	9Z6Z_A	6.119E+00	0.000	8.826E-02	3.514E-02	5.807E-01	17
1kloA	9X94_A	3.431E+00	0.000	1.144E-01	6.103E-02	3.129E-01	28
1kloA	5HHL_A	1.584E+00	0.000	7.734E-02	5.477E-02	1.595E-01	46
1kloA	9LJE_A	8.422E+00	0.000	8.189E-02	3.272E-02	4.810E-01	14
1kloA	9WY8_A	7.414E+00	0.000	7.736E-02	2.800E-02	4.515E-01	15
1kloA	5HHK_A	3.431E+00	0.000	8.569E-02	5.376E-02	2.198E-01	42
1kloA	5HHJ_A	3.431E+00	0.000	8.571E-02	5.362E-02	2.212E-01	42
1kloA	9WN8_A	5.047E+00	0.000	8.352E-02	4.431E-02	3.133E-01	25
1kloA	9X9B_A	4.733E+00	0.000	8.201E-02	4.374E-02	2.858E-01	25
1kloA	23OR_A	4.733E+00	0.000	8.113E-02	4.270E-02	2.865E-01	25
1kloA	8SXT_A	7.414E+00	0.000	8.410E-02	2.167E-02	4.727E-01	20
1kloA	9LPA_A	6.524E+00	0.000	7.999E-02	3.939E-02	3.277E-01	18
1kloA	9E8Z_H	8.422E+00	0.000	7.690E-02	4.760E-02	2.265E-01	26
1kloA	9N69_E	5.382E+00	0.000	7.235E-02	4.644E-02	1.903E-01	27
1kloA	9LBQ_A	8.975E+00	0.000	8.214E-02	4.807E-02	2.861E-01	25
1kloA	9D4S_A	6.524E+00	0.000	7.363E-02	3.653E-02	1.798E-01	22
1kloA	9I2G_B	8.422E+00	0.000	7.440E-02	2.638E-02	2.290E-01	19
1kloA	9I2F_A	8.975E+00	0.000	7.021E-02	2.594E-02	2.278E-01	19
1kloA	7R06_A	8.422E+00	0.000	8.671E-02	2.896E-02	2.658E-01	34
3df7A	9YFD_A	3.139E+00	0.000	7.842E-02	2.540E-02	4.452E-01	41
3df7A	9DOU_A	5.987E-01	0.000	8.429E-02	3.630E-02	1.136E-01	251
3df7A	1RTD_A	3.139E+00	0.000	8.340E-02	5.419E-02	2.623E-01	99
3df7A	9S1F_B	5.125E+00	0.000	8.853E-02	5.323E-02	3.516E-01	70
3df7A	9WY8_A	4.534E+00	0.000	8.071E-02	5.553E-02	2.422E-01	84
3df7A	9I2G_B	5.125E+00	0.000	1.260E-01	7.587E-02	2.800E-01	126
3df7A	8C8J_A	1.807E+00	0.000	7.056E-02	4.080E-02	1.097E-01	161
3df7A	9NL3_A	2.172E+00	0.000	8.057E-02	3.464E-02	1.188E-01	248
3df7A	9NL2_A	1.250E+00	0.000	6.197E-02	2.797E-02	1.069E-01	167
3df7A	9N69_E	7.393E+00	0.000	5.656E-02	5.559E-02	1.780E-01	102
3df7A	9Z6Y_A	7.393E+00	0.000	4.844E-02	3.901E-02	1.661E-01	77
3df7A	9LJE_A	8.869E+00	0.000	3.603E-02	2.657E-02	3.777E-01	12
3df7A	8SXT_A	4.821E+00	0.000	5.971E-02	3.434E-02	1.114E-01	160
3df7A	8UW3_A	4.821E+00	0.000	7.666E-02	3.175E-02	1.288E-01	151
3df7A	9E8Z_H	8.348E+00	0.000	5.583E-02	5.513E-02	1.016E-01	131
3i3wA	5VBS_A	6.464E-01	0.076	9.168E-02	1.528E-01	5.421E-01	56
3i3wA	7XJG_A	1.022E+00	0.057	9.267E-02	1.248E-01	5.199E-01	56
3i3wA	9IOA_A	1.082E+00	0.057	8.920E-02	8.144E-02	5.553E-01	55
3i3wA	8QBL_A	1.441E+00	0.040	8.978E-02	1.234E-01	5.279E-01	57
3i3wA	7R08_A	2.279E+00	0.034	1.027E-01	9.377E-02	6.166E-01	59
3i3wA	8QBM_A	2.865E+00	0.016	8.955E-02	1.230E-01	5.272E-01	57
3i3wA	7KFT_C	1.919E+00	0.016	1.303E-01	1.050E-01	4.663E-01	93
3i3wA	9E8Z_H	2.413E+00	0.014	7.673E-02	1.051E-01	4.672E-01	47
3i3wA	8QBK_A	3.034E+00	0.014	8.950E-02	1.229E-01	5.277E-01	57
3i3wA	7V9X_A	2.865E+00	0.014	9.169E-02	1.237E-01	4.931E-01	60
3i3wA	9D4S_A	1.361E+00	0.011	9.441E-02	1.015E-01	3.284E-01	194
3i3wA	7V9U_A	3.602E+00	0.010	9.133E-02	1.250E-01	4.871E-01	60
3i3wA	6MEC_C	3.402E+00	0.009	9.269E-02	9.783E-02	4.838E-01	61
3i3wA	9Z6Z_H	3.602E+00	0.009	1.038E-01	7.516E-02	4.522E-01	119
3i3wA	1RTD_A	4.794E+00	0.008	9.775E-02	7.963E-02	5.113E-01	59
3i3wA	9NL3_A	2.865E+00	0.007	8.239E-02	3.641E-02	3.316E-01	135
3i3wA	8OZ7_A	6.751E+00	0.000	1.056E-01	8.032E-02	5.393E-01	64
3i3wA	9NL2_A	2.555E+00	0.000	8.437E-02	3.706E-02	2.829E-01	146
3i3wA	8BGJ_A	7.146E+00	0.000	8.437E-02	1.695E-01	5.686E-01	56
3i3wA	5HHJ_A	1.616E+00	0.000	9.977E-02	1.390E-01	1.676E-01	326
3i3wA	9D5X_A	7.146E+00	0.000	8.180E-02	9.103E-02	5.586E-01	52
3i3wA	24NC_A	3.602E+00	0.000	8.133E-02	6.990E-02	3.025E-01	157
3i3wA	9S1F_B	1.361E+00	0.000	8.369E-02	6.774E-02	1.845E-01	195
3i3wA	9I2G_B	8.129E-01	0.000	8.120E-02	6.757E-02	1.463E-01	258
3i3wA	9YFD_A	2.706E+00	0.000	8.972E-02	3.852E-02	2.397E-01	206
3i3wA	5HHK_A	2.279E+00	0.000	1.126E-01	1.531E-01	1.807E-01	329
3i3wA	5G2X_C	5.690E+00	0.000	8.668E-02	8.025E-02	3.660E-01	62
3i3wA	8C8J_A	2.413E+00	0.000	6.847E-02	4.636E-02	2.173E-01	157
3i3wA	9K6G_A	2.152E+00	0.000	6.659E-02	3.407E-02	2.105E-01	165
3i3wA	5HHL_A	2.555E+00	0.000	8.524E-02	1.124E-01	1.607E-01	272
3i3wA	9L7P_E	8.471E+00	0.000	8.579E-02	1.176E-01	5.054E-01	56
3i3wA	8FLI_B	7.564E+00	0.000	8.274E-02	7.998E-02	4.636E-01	51
3i3wA	9DOU_A	5.374E+00	0.000	6.940E-02	3.719E-02	2.916E-01	121
3i3wA	9HDO_A	2.555E+00	0.000	5.995E-02	2.751E-02	1.907E-01	161
3i3wA	9VHL_A	2.706E+00	0.000	7.505E-02	1.089E-01	1.573E-01	238
3i3wA	9NNB_B	7.146E+00	0.000	7.980E-02	1.070E-01	3.697E-01	61
3i3wA	9Z6Y_H	3.402E+00	0.000	9.059E-02	6.762E-02	1.982E-01	210
3i3wA	26CZ_A	3.402E+00	0.000	6.740E-02	4.901E-02	1.899E-01	169
3i3wA	8UBD_A	8.471E+00	0.000	8.270E-02	1.075E-01	3.840E-01	112
3i3wA	6AR1_A	3.212E+00	0.000	9.995E-02	1.040E-01	1.476E-01	342
3i3wA	9I2F_A	2.706E+00	0.000	7.346E-02	5.999E-02	1.236E-01	283
3i3wA	8SXT_A	3.212E+00	0.000	8.874E-02	6.574E-02	1.247E-01	339
3i3wA	9VHE_A	7.564E+00	0.000	7.893E-02	1.153E-01	2.616E-01	115
3i3wA	9C0I_A	5.076E+00	0.000	1.099E-01	1.128E-01	1.605E-01	391
3i3wA	8GH6_A	5.690E+00	0.000	6.085E-02	3.937E-02	1.467E-01	170
3i3wA	8UW3_A	5.076E+00	0.000	1.001E-01	5.051E-02	1.384E-01	338
3i3wA	7UIN_D	7.564E+00	0.000	8.779E-02	9.608E-02	1.607E-01	248
3i3wA	9WY8_A	8.963E+00	0.000	8.463E-02	7.905E-02	2.112E-01	227
3vpdA	9I2F_A	2.211E+00	0.000	1.274E-01	7.107E-02	3.207E-01	102
3vpdA	9K6G_A	6.820E+00	0.000	1.005E-01	3.674E-02	3.484E-01	65
3vpdA	7KFT_C	1.643E+00	0.000	8.950E-02	5.626E-02	1.310E-01	241
3vpdA	7V9U_A	3.351E+00	0.000	6.629E-02	6.144E-02	1.471E-01	134
3vpdA	8QBL_A	4.248E+00	0.000	6.722E-02	6.505E-02	1.600E-01	129
3vpdA	7V9X_A	4.003E+00	0.000	6.969E-02	6.366E-02	1.518E-01	134
3vpdA	9D4S_A	4.507E+00	0.000	8.529E-02	6.394E-02	1.862E-01	134
3vpdA	8BGJ_A	8.629E+00	0.000	1.075E-01	1.369E-01	2.556E-01	132
3vpdA	6MEC_C	5.713E+00	0.000	8.372E-02	6.353E-02	1.511E-01	178
3vpdA	1RTD_A	5.384E+00	0.000	1.043E-01	6.651E-02	1.563E-01	151
3vpdA	9NL2_A	5.713E+00	0.000	7.841E-02	2.760E-02	1.288E-01	215
3vpdA	7XJG_A	7.235E+00	0.000	6.428E-02	6.058E-02	1.519E-01	138
4c3xA	9YFD_A	1.197E+00	0.000	3.439E-02	2.093E-02	2.555E-01	47
4c3xA	24NC_A	3.239E+00	0.000	4.295E-02	4.213E-02	4.740E-01	30
4c3xA	9WY8_A	2.688E+00	0.000	5.404E-02	5.527E-02	2.679E-01	74
4c3xA	7V9X_A	5.005E+00	0.000	6.312E-02	9.330E-02	2.435E-01	92
4c3xA	8UBD_A	7.720E+00	0.000	3.516E-02	5.188E-02	5.572E-01	24
4c3xA	9X94_A	8.730E+00	0.000	3.772E-02	5.234E-02	5.218E-01	25
4c3xA	9LPA_A	9.866E+00	0.000	3.272E-02	4.470E-02	8.277E-01	17
4c3xA	6MEC_C	4.420E+00	0.000	5.438E-02	6.317E-02	2.004E-01	122
4c3xA	1RTD_A	6.029E+00	0.000	5.854E-02	5.449E-02	3.143E-01	59
4c3xA	8C8J_A	3.668E+00	0.000	4.557E-02	3.675E-02	2.105E-01	76
4c3xA	9C0I_A	8.210E+00	0.000	5.421E-02	6.222E-02	3.424E-01	63
4c3xA	8OZ7_A	5.325E+00	0.000	5.448E-02	4.824E-02	1.813E-01	85
4c3xA	9DOU_A	6.414E+00	0.000	4.500E-02	2.887E-02	2.614E-01	62
4c3xA	9HDO_A	3.904E+00	0.000	4.514E-02	2.683E-02	1.451E-01	149
4c3xA	23OR_A	9.282E+00	0.000	3.210E-02	4.279E-02	2.551E-01	23
4c3xA	9I2F_A	9.282E+00	0.000	3.070E-02	2.722E-02	4.556E-01	21
4c3xA	8SXT_A	7.258E+00	0.000	6.285E-02	4.716E-02	1.799E-01	151
4c3xA	8GH6_A	5.005E+00	0.000	5.377E-02	3.452E-02	1.304E-01	163
4c3xA	8BGJ_A	8.730E+00	0.000	3.028E-02	5.975E-02	1.531E-01	63
4c3xA	8QBL_A	9.866E+00	0.000	5.940E-02	8.406E-02	2.041E-01	84
4c3xA	9NNB_B	8.210E+00	0.000	5.939E-02	8.132E-02	1.330E-01	191
4c3xA	9LBQ_A	6.823E+00	0.000	5.605E-02	7.632E-02	1.295E-01	221
4c3xA	9LJE_A	9.282E+00	0.000	2.682E-02	3.182E-02	1.914E-01	58
4c3xA	7KFT_C	7.720E+00	0.000	7.604E-02	7.110E-02	1.696E-01	136
4c3xA	9I2G_B	8.210E+00	0.000	4.813E-02	4.356E-02	1.975E-01	82
4c3xA	7R06_A	8.210E+00	0.000	5.308E-02	4.701E-02	1.685E-01	130
4m51A	9YFD_A	6.168E-01	0.024	1.315E-01	5.345E-02	3.667E-01	134
4m51A	1RTD_A	3.604E+00	0.000	7.258E-02	5.434E-02	4.852E-01	37
4m51A	9WY8_A	1.736E+00	0.000	1.035E-01	9.088E-02	1.586E-01	282
4m51A	7R06_A	2.502E+00	0.000	1.178E-01	9.123E-02	1.419E-01	374
4m51A	9Z6Z_H	3.604E+00	0.000	9.419E-02	6.640E-02	1.830E-01	315
4m51A	7XJG_A	7.028E+00	0.000	5.480E-02	6.120E-02	3.386E-01	54
4m51A	8UB7_A	4.885E+00	0.000	8.848E-02	1.020E-01	2.576E-01	99
4m51A	24NC_A	2.215E+00	0.000	7.377E-02	6.234E-02	1.035E-01	276
4m51A	8QBL_A	8.421E+00	0.000	5.842E-02	7.090E-02	2.810E-01	47
4m51A	8QBM_A	7.465E+00	0.000	5.864E-02	7.125E-02	2.814E-01	47
4m51A	8UBD_A	6.226E+00	0.000	8.889E-02	1.023E-01	2.559E-01	98
4m51A	9LJE_A	6.615E+00	0.000	5.195E-02	5.042E-02	2.096E-01	110
4m51A	9Z6Y_H	6.615E+00	0.000	4.859E-02	3.720E-02	2.181E-01	80
4m51A	8C8J_A	3.830E+00	0.000	6.839E-02	4.573E-02	1.467E-01	178
4m51A	8GH6_A	5.515E+00	0.000	5.081E-02	2.613E-02	2.856E-01	30
4m51A	9Z6Y_A	7.929E+00	0.000	5.734E-02	5.594E-02	2.038E-01	52
4m51A	9IOA_A	7.465E+00	0.000	5.646E-02	4.918E-02	2.759E-01	61
4m51A	26CZ_A	8.421E+00	0.000	1.069E-01	7.963E-02	1.540E-01	270
4m51A	8SXT_A	6.615E+00	0.000	7.485E-02	4.743E-02	1.702E-01	148
4m51A	9C0I_A	7.028E+00	0.000	6.926E-02	6.634E-02	1.049E-01	280
5jhmA	8C8J_A	4.858E+00	0.000	4.175E-02	2.650E-02	3.395E-01	36
5jhmA	9K6G_A	5.115E+00	0.000	4.167E-02	1.918E-02	3.319E-01	36
5jhmA	9HDO_A	6.958E+00	0.000	3.703E-02	1.640E-02	3.757E-01	31
5jhmA	7UIM_D	8.978E+00	0.000	3.907E-02	3.942E-02	3.461E-01	26
5jhmA	8FLI_B	5.966E+00	0.000	4.845E-02	4.216E-02	2.011E-01	146
5jhmA	9NL3_A	6.958E+00	0.000	5.141E-02	2.373E-02	1.844E-01	74
5jhmA	23OR_A	9.444E+00	0.000	4.880E-02	5.169E-02	2.064E-01	78
5jhmA	8SXT_A	8.978E+00	0.000	4.230E-02	2.657E-02	2.665E-01	38
5jhmA	8GH6_A	8.533E+00	0.000	3.920E-02	2.345E-02	1.959E-01	70
5jhmA	9DOU_A	6.958E+00	0.000	5.064E-02	2.677E-02	1.514E-01	91
5jhmA	8UW3_A	7.707E+00	0.000	5.109E-02	2.043E-02	1.769E-01	192
6y43A	9NNB_B	1.872E+00	0.000	8.043E-02	6.105E-02	1.959E-01	108
6y43A	5HHL_A	6.277E+00	0.000	7.603E-02	5.880E-02	4.603E-01	28
6y43A	8UBD_A	4.113E+00	0.000	1.037E-01	7.513E-02	2.297E-01	104
6y43A	9VHE_A	4.113E+00	0.000	8.046E-02	6.744E-02	1.959E-01	99
6y43A	9VHL_A	4.113E+00	0.000	8.121E-02	7.284E-02	1.851E-01	98
6y43A	8QBK_A	5.910E+00	0.000	8.268E-02	7.085E-02	1.776E-01	108
6y43A	8QBL_A	3.871E+00	0.000	8.849E-02	6.566E-02	1.610E-01	109
6y43A	23OR_A	4.931E+00	0.000	9.198E-02	6.039E-02	1.892E-01	102
6y43A	9LJE_A	7.984E+00	0.000	6.602E-02	3.625E-02	4.685E-01	16
6y43A	7R06_A	7.519E+00	0.000	8.259E-02	3.274E-02	4.021E-01	21
6y43A	9LBQ_A	5.910E+00	0.000	7.704E-02	5.663E-02	1.751E-01	120
6y43A	9WN8_A	7.081E+00	0.000	9.496E-02	6.751E-02	2.175E-01	106
6y43A	9C0I_A	9.551E+00	0.000	6.633E-02	3.570E-02	5.155E-01	16
6y43A	1RTD_A	7.081E+00	0.000	9.152E-02	4.462E-02	1.867E-01	123
6y43A	9I2F_A	7.984E+00	0.000	8.902E-02	4.142E-02	1.725E-01	113
6y43A	9NL3_A	7.984E+00	0.000	5.054E-02	1.089E-02	4.465E-01	12
6y43A	8QBM_A	8.999E+00	0.000	8.283E-02	6.606E-02	1.613E-01	109
6y43A	7XJG_A	8.477E+00	0.000	8.238E-02	6.484E-02	1.525E-01	109
6y43A	9X94_A	8.477E+00	0.000	9.399E-02	5.273E-02	1.671E-01	103
6y43A	9Z6Y_H	7.984E+00	0.000	6.443E-02	3.029E-02	1.285E-01	137
6y43A	9Z6Z_H	7.519E+00	0.000	5.491E-02	2.756E-02	1.478E-01	70
3ntdA	9YFD_A	8.414E-01	0.009	8.867E-02	5.191E-02	2.033E-01	276
3ntdA	1RTD_A	2.864E-01	0.007	6.706E-02	6.806E-02	1.222E-01	280
3ntdA	7KFT_C	1.324E+00	0.000	3.831E-02	3.814E-02	1.900E-01	117
3ntdA	9I2F_A	4.115E+00	0.000	5.042E-02	4.928E-02	2.187E-01	188
3ntdA	8QBK_A	9.061E+00	0.000	2.846E-02	4.800E-02	6.217E-01	19
3ntdA	8QBM_A	9.061E+00	0.000	2.845E-02	4.798E-02	6.231E-01	19
3ntdA	9C0I_A	5.461E+00	0.000	3.688E-02	4.802E-02	3.025E-01	52
3ntdA	7V9X_A	9.580E+00	0.000	3.429E-02	5.532E-02	4.450E-01	29
3ntdA	8UB7_A	8.568E+00	0.000	7.407E-02	1.139E-01	2.918E-01	115
3ntdA	8SXT_A	4.609E+00	0.000	4.014E-02	3.378E-02	1.364E-01	132
3ntdA	8UBD_A	9.580E+00	0.000	7.215E-02	1.124E-01	2.966E-01	109
3ntdA	8OZ7_A	6.469E+00	0.000	6.449E-02	6.230E-02	1.354E-01	183
3ntdA	9DOU_A	8.102E+00	0.000	3.991E-02	2.872E-02	1.762E-01	76
3ntdA	9HDO_A	6.469E+00	0.000	4.206E-02	2.619E-02	1.281E-01	152
3ntdA	9NL2_A	7.659E+00	0.000	3.753E-02	2.497E-02	2.004E-01	60
3ntdA	7XJG_A	8.568E+00	0.000	3.285E-02	5.265E-02	1.911E-01	70
4mr0B	9Z6Z_A	6.397E+00	0.009	3.769E-02	4.029E-02	6.979E-01	17
4mr0B	1RTD_A	4.643E+00	0.007	4.597E-02	3.793E-02	4.837E-01	26
4mr0B	7R06_A	7.008E+00	0.007	3.414E-02	2.569E-02	8.114E-01	16
4mr0B	9WY8_A	5.577E+00	0.000	4.306E-02	3.930E-02	5.001E-01	29
4mr0B	9WN8_A	6.397E+00	0.000	4.069E-02	4.915E-02	3.369E-01	28
4mr0B	9X94_A	7.008E+00	0.000	4.175E-02	5.041E-02	3.970E-01	27
4mr0B	9Z6Y_A	9.627E+00	0.000	3.315E-02	3.559E-02	6.270E-01	15
4mr0B	9LBQ_A	8.034E+00	0.000	4.107E-02	5.405E-02	3.345E-01	28
4mr0B	23OR_A	6.696E+00	0.000	4.071E-02	4.782E-02	3.380E-01	28
4mr0B	8FLI_B	8.796E+00	0.000	3.516E-02	3.442E-02	4.218E-01	28
4mr0B	7V9U_A	8.796E+00	0.000	3.019E-02	3.934E-02	4.799E-01	23
4mr0B	9LPA_A	8.407E+00	0.000	4.129E-02	4.812E-02	3.453E-01	28
5e1qB	9I2F_A	2.108E+00	0.000	9.436E-02	1.021E-01	2.675E-01	210
5e1qB	9YFD_A	6.923E+00	0.000	7.899E-02	4.676E-02	5.802E-01	74
5e1qB	1RTD_A	4.825E+00	0.000	2.729E-02	3.116E-02	3.743E-01	35
5e1qB	9S1F_B	4.825E+00	0.000	4.742E-02	5.224E-02	1.982E-01	138
3tm4A	24NC_A	5.264E-01	0.008	1.197E-01	9.468E-02	1.801E-01	249
3tm4A	1RTD_A	2.335E+00	0.007	9.000E-02	6.532E-02	2.710E-01	123
3tm4A	9Z6Z_H	4.673E-01	0.007	1.040E-01	7.963E-02	1.526E-01	305
3tm4A	9YFD_A	1.142E+00	0.007	1.436E-01	5.682E-02	2.144E-01	309
3tm4A	7KFT_C	4.960E-01	0.000	1.218E-01	8.507E-02	1.223E-01	574
3tm4A	9DOU_A	2.200E+00	0.000	9.511E-02	4.843E-02	2.363E-01	169
3tm4A	9NL2_A	2.479E+00	0.000	8.845E-02	3.779E-02	2.140E-01	168
3tm4A	8UW3_A	5.374E+00	0.000	1.357E-01	4.630E-02	4.639E-01	140
3tm4A	5HHJ_A	2.631E+00	0.000	1.089E-01	1.273E-01	1.796E-01	241
3tm4A	7V9X_A	2.200E+00	0.000	1.148E-01	1.287E-01	2.032E-01	229
3tm4A	6AR1_A	2.200E+00	0.000	1.052E-01	9.543E-02	1.710E-01	197
3tm4A	9IOA_A	2.964E+00	0.000	1.066E-01	8.561E-02	1.852E-01	220
3tm4A	9I2F_A	1.539E+00	0.000	1.158E-01	8.348E-02	1.363E-01	370
3tm4A	9S1F_B	2.479E+00	0.000	1.243E-01	9.035E-02	1.373E-01	381
3tm4A	9I2G_B	2.200E+00	0.000	1.171E-01	8.363E-02	1.301E-01	405
3tm4A	8OZ7_A	3.339E+00	0.000	6.623E-02	4.200E-02	2.253E-01	125
3tm4A	8C8J_A	3.146E+00	0.000	5.425E-02	3.644E-02	2.371E-01	59
3tm4A	8GH6_A	3.544E+00	0.000	7.714E-02	4.119E-02	1.854E-01	175
3tm4A	5HHK_A	2.631E+00	0.000	8.810E-02	9.742E-02	1.232E-01	245
3tm4A	9Z6Y_H	1.953E+00	0.000	9.747E-02	6.808E-02	1.210E-01	240
3tm4A	26CZ_A	2.073E+00	0.000	8.683E-02	5.770E-02	1.351E-01	239
3tm4A	8QBK_A	3.761E+00	0.000	7.471E-02	7.885E-02	1.194E-01	226
3tm4A	9X94_A	6.813E+00	0.000	6.010E-02	6.113E-02	3.247E-01	50
3tm4A	7UIN_D	2.792E+00	0.000	1.070E-01	1.015E-01	1.319E-01	306
3tm4A	5VBS_A	8.627E+00	0.000	6.522E-02	9.104E-02	3.746E-01	39
3tm4A	5HHL_A	3.544E+00	0.000	6.993E-02	8.673E-02	9.697E-02	308
3tm4A	9E8Z_H	7.228E+00	0.000	8.662E-02	9.798E-02	1.806E-01	170
3tm4A	8QBL_A	5.064E+00	0.000	7.465E-02	8.113E-02	1.185E-01	234
3tm4A	9X9B_A	8.627E+00	0.000	4.514E-02	4.604E-02	4.342E-01	25
3tm4A	6MEC_C	5.064E+00	0.000	6.765E-02	6.100E-02	1.689E-01	217
3tm4A	9WY8_A	5.703E+00	0.000	1.357E-01	1.127E-01	1.616E-01	348
3tm4A	8SXT_A	4.496E+00	0.000	5.369E-02	3.197E-02	1.562E-01	154
3tm4A	9HDO_A	8.134E+00	0.000	4.756E-02	2.459E-02	3.188E-01	52
3tm4A	9NNB_B	8.134E+00	0.000	1.024E-01	1.128E-01	1.897E-01	168
3tm4A	7UIM_D	9.700E+00	0.000	8.060E-02	7.676E-02	1.664E-01	197
3tm4A	9Z6Y_A	8.627E+00	0.000	7.818E-02	6.988E-02	1.335E-01	254
3tm4A	7R08_A	8.134E+00	0.000	7.435E-02	6.702E-02	1.147E-01	229
1o5uA	5HHK_A	4.589E+00	0.000	1.682E-01	5.762E-02	3.947E-01	21
1o5uA	5HHJ_A	4.589E+00	0.000	1.683E-01	5.743E-02	3.925E-01	21
1o5uA	1RTD_A	4.351E+00	0.000	1.654E-01	3.778E-02	3.652E-01	41
1o5uA	8UW3_A	7.019E+00	0.000	9.526E-02	1.068E-02	2.390E-01	38
1o5uA	9NL3_A	9.629E+00	0.000	6.691E-02	7.976E-03	4.490E-01	17
1ofcX	9LPA_A	1.384E+00	0.014	1.026E-01	8.202E-02	2.386E-01	124
1ofcX	8OZ7_A	2.063E+00	0.009	1.460E-01	7.406E-02	2.253E-01	188
1ofcX	9K6G_A	1.316E+00	0.008	1.030E-01	3.568E-02	1.580E-01	236
1ofcX	23OR_A	2.927E+00	0.007	1.017E-01	8.172E-02	2.090E-01	111
1ofcX	9X9B_A	6.185E+00	0.000	1.538E-01	1.227E-01	4.030E-01	90
1ofcX	9LBQ_A	4.364E+00	0.000	1.049E-01	9.267E-02	2.248E-01	107
1ofcX	6MEC_C	8.327E+00	0.000	9.364E-02	6.287E-02	5.175E-01	30
1ofcX	9E8Z_H	7.179E+00	0.000	9.406E-02	8.389E-02	4.028E-01	40
1ofcX	9N69_E	9.189E+00	0.000	1.241E-01	1.109E-01	3.634E-01	57
1ofcX	9L7P_E	6.831E+00	0.000	1.001E-01	9.035E-02	2.633E-01	59
1ofcX	7XJG_A	9.189E+00	0.000	1.240E-01	1.101E-01	3.823E-01	66
1ofcX	9WN8_A	5.068E+00	0.000	9.036E-02	7.403E-02	2.265E-01	110
1ofcX	26CZ_A	3.949E+00	0.000	1.121E-01	5.691E-02	1.324E-01	242
1ofcX	9VHL_A	8.327E+00	0.000	9.759E-02	9.565E-02	3.135E-01	48
1ofcX	8QBK_A	9.651E+00	0.000	1.234E-01	1.101E-01	3.697E-01	66
1ofcX	9X94_A	7.543E+00	0.000	1.223E-01	9.920E-02	2.720E-01	110
1ofcX	24NC_A	7.926E+00	0.000	1.116E-01	7.082E-02	1.735E-01	169
1ofcX	7R06_A	6.500E+00	0.000	1.231E-01	7.222E-02	1.598E-01	203
1ofcX	9Z6Y_H	6.500E+00	0.000	1.401E-01	7.004E-02	1.575E-01	269
1ofcX	9Z6Z_H	5.327E+00	0.000	1.085E-01	6.626E-02	1.165E-01	266
1ofcX	9YFD_A	6.185E+00	0.000	1.050E-01	3.492E-02	1.338E-01	256
1ofcX	9D5X_A	9.651E+00	0.000	9.994E-02	7.713E-02	2.247E-01	115
1ofcX	7KFT_C	7.543E+00	0.000	9.244E-02	5.434E-02	1.585E-01	169
1ofcX	8C8J_A	9.189E+00	0.000	1.117E-01	5.254E-02	2.096E-01	126
1ofcX	9HDO_A	7.179E+00	0.000	7.841E-02	2.875E-02	1.107E-01	245
1ofcX	8UW3_A	6.500E+00	0.000	1.219E-01	4.048E-02	9.631E-02	288
1uz5A	9I2F_A	4.236E-01	0.034	1.105E-01	7.948E-02	3.437E-01	122
1uz5A	9I2G_B	2.252E+00	0.009	1.253E-01	9.016E-02	3.754E-01	124
1uz5A	9S1F_B	2.007E+00	0.007	1.261E-01	9.313E-02	3.014E-01	156
1uz5A	1RTD_A	5.654E+00	0.000	7.139E-02	5.142E-02	5.717E-01	32
1uz5A	9IOA_A	3.369E+00	0.000	3.976E-02	3.226E-02	2.246E-01	94
1uz5A	9YFD_A	5.987E+00	0.000	9.984E-02	4.141E-02	3.451E-01	100
1uz5A	9Z6Z_A	7.528E+00	0.000	4.755E-02	4.478E-02	3.952E-01	43
1uz5A	7R08_A	5.987E+00	0.000	4.498E-02	3.798E-02	2.529E-01	39
1uz5A	5HHK_A	9.999E+00	0.000	4.325E-02	5.587E-02	3.464E-01	22
1uz5A	5HHJ_A	9.999E+00	0.000	4.326E-02	5.572E-02	3.464E-01	22
1uz5A	7XJG_A	9.450E+00	0.000	3.187E-02	3.619E-02	2.871E-01	27
1uz5A	9WN8_A	9.999E+00	0.000	4.594E-02	4.988E-02	2.679E-01	59
1uz5A	9X94_A	8.437E+00	0.000	4.451E-02	4.806E-02	1.423E-01	116
1uz5A	24NC_A	7.970E+00	0.000	3.436E-02	2.646E-02	3.337E-01	54
1uz5A	7KFT_C	8.930E+00	0.000	4.003E-02	2.958E-02	2.805E-01	65
1uz5A	9NL2_A	7.110E+00	0.000	6.121E-02	2.908E-02	1.746E-01	108
1uz5A	8UW3_A	9.999E+00	0.000	6.528E-02	3.003E-02	1.610E-01	166
1x0gA	9Z6Y_A	1.063E+00	0.007	1.405E-01	4.502E-02	2.475E-01	63
1x0gA	9YFD_A	2.495E+00	0.007	1.312E-01	1.807E-02	3.045E-01	35
1x0gA	9N69_E	2.819E+00	0.000	1.970E-01	7.174E-02	2.867E-01	91
1x0gA	9I2G_B	2.209E+00	0.000	1.944E-01	6.040E-02	2.095E-01	101
1x0gA	9HDO_A	4.317E+00	0.000	1.726E-01	2.184E-02	4.750E-01	43
1x0gA	9K6G_A	3.822E+00	0.000	1.713E-01	2.136E-02	4.487E-01	42
1x0gA	8BGJ_A	5.182E+00	0.000	1.278E-01	6.694E-02	4.710E-01	27
1x0gA	9X94_A	6.218E+00	0.000	1.426E-01	4.448E-02	4.146E-01	17
1x0gA	1RTD_A	3.596E+00	0.000	1.391E-01	3.462E-02	3.587E-01	38
1x0gA	9S1F_B	4.317E+00	0.000	2.042E-01	5.706E-02	2.927E-01	55
1x0gA	8SXT_A	4.588E+00	0.000	1.449E-01	2.342E-02	4.469E-01	40
1x0gA	8GH6_A	5.182E+00	0.000	1.499E-01	2.204E-02	5.005E-01	28
1x0gA	9L7P_E	7.019E+00	0.000	1.826E-01	6.883E-02	4.949E-01	28
1x0gA	9LPA_A	7.019E+00	0.000	1.416E-01	4.272E-02	4.135E-01	17
1x0gA	9Z6Z_A	2.347E+00	0.000	1.093E-01	4.004E-02	1.669E-01	68
1x0gA	9I2F_A	4.317E+00	0.000	2.026E-01	6.026E-02	2.202E-01	102
1x0gA	9DOU_A	6.218E+00	0.000	1.497E-01	2.051E-02	4.770E-01	48
1x0gA	6MEC_C	6.218E+00	0.000	1.418E-01	3.831E-02	4.125E-01	29
1x0gA	8C8J_A	7.019E+00	0.000	1.430E-01	2.489E-02	4.699E-01	38
1x0gA	5HHJ_A	7.019E+00	0.000	1.245E-01	5.067E-02	3.370E-01	18
1x0gA	9NNB_B	9.487E+00	0.000	1.942E-01	6.907E-02	5.451E-01	42
1x0gA	6AR1_A	8.413E+00	0.000	1.566E-01	4.303E-02	4.686E-01	34
1x0gA	8UW3_A	8.413E+00	0.000	1.442E-01	1.576E-02	4.640E-01	39
1x0gA	5VBS_A	4.876E+00	0.000	1.223E-01	7.385E-02	1.588E-01	118
1x0gA	5HHK_A	6.607E+00	0.000	1.240E-01	5.080E-02	2.472E-01	38
1x0gA	9NL2_A	9.487E+00	0.000	1.179E-01	2.032E-02	2.314E-01	39
1x0gA	26CZ_A	8.413E+00	0.000	1.091E-01	3.414E-02	1.467E-01	86
1x9yA	7UIN_D	7.254E+00	0.000	7.951E-02	7.261E-02	3.963E-01	58
1x9yA	9YFD_A	4.363E+00	0.000	7.830E-02	2.852E-02	3.141E-01	61
1x9yA	9D5X_A	8.116E+00	0.000	5.014E-02	4.580E-02	2.250E-01	69
1x9yA	8FLI_B	9.077E+00	0.000	6.052E-02	4.801E-02	3.460E-01	33
1x9yA	9NL2_A	6.856E+00	0.000	7.688E-02	3.139E-02	2.082E-01	123
1x9yA	7UIM_D	9.077E+00	0.000	5.988E-02	5.433E-02	2.571E-01	81
1x9yA	9HDO_A	6.856E+00	0.000	6.484E-02	3.150E-02	1.313E-01	193
1zhxA	9IOA_A	3.264E+00	0.000	6.713E-02	6.133E-02	1.711E-01	122
1zhxA	9NNB_B	8.561E+00	0.000	3.753E-02	5.204E-02	4.320E-01	17
1zhxA	9D5X_A	7.297E+00	0.000	7.702E-02	8.363E-02	3.036E-01	95
1zhxA	8QBK_A	7.697E+00	0.000	5.836E-02	7.563E-02	2.653E-01	88
1zhxA	8QBM_A	9.027E+00	0.000	5.952E-02	7.819E-02	2.532E-01	88
1zhxA	6MEC_C	8.561E+00	0.000	5.770E-02	6.010E-02	3.573E-01	72
1zhxA	1RTD_A	8.118E+00	0.000	4.737E-02	3.945E-02	3.230E-01	57
1zhxA	9I2F_A	8.561E+00	0.000	6.028E-02	4.851E-02	3.621E-01	62
1zhxA	7R06_A	5.016E+00	0.000	4.228E-02	3.504E-02	1.352E-01	103
1zhxA	9Z6Y_H	7.697E+00	0.000	6.021E-02	4.510E-02	2.516E-01	85
1zhxA	9YFD_A	5.293E+00	0.000	5.548E-02	2.853E-02	1.489E-01	122
1zhxA	8BGJ_A	8.561E+00	0.000	5.595E-02	1.078E-01	1.871E-01	131
1zhxA	9S1F_B	6.558E+00	0.000	4.847E-02	3.878E-02	1.658E-01	116
1zhxA	9I2G_B	5.293E+00	0.000	4.836E-02	3.815E-02	1.331E-01	120
1zhxA	9Z6Z_H	6.918E+00	0.000	4.720E-02	3.567E-02	1.767E-01	58
2b9wA	8UB7_A	5.525E-01	0.020	1.136E-01	1.399E-01	3.088E-01	178
2b9wA	5VBS_A	6.556E-01	0.014	8.952E-02	1.404E-01	3.020E-01	132
2b9wA	1RTD_A	7.349E-01	0.014	8.246E-02	6.522E-02	3.201E-01	124
2b9wA	8QBM_A	1.096E+00	0.011	1.015E-01	1.314E-01	3.414E-01	134
2b9wA	7XJG_A	1.096E+00	0.011	1.108E-01	1.416E-01	3.235E-01	157
2b9wA	6MEC_C	1.543E+00	0.010	1.155E-01	1.176E-01	3.329E-01	177
2b9wA	9I2F_A	1.160E+00	0.010	1.149E-01	8.785E-02	3.219E-01	169
2b9wA	8QBK_A	1.457E+00	0.009	9.994E-02	1.282E-01	3.161E-01	144
2b9wA	7V9X_A	2.052E+00	0.009	1.117E-01	1.429E-01	3.600E-01	143
2b9wA	9NL3_A	1.457E+00	0.009	9.177E-02	4.035E-02	3.184E-01	153
2b9wA	5HHL_A	9.232E-01	0.008	1.100E-01	1.341E-01	2.098E-01	218
2b9wA	8QBL_A	1.729E+00	0.008	1.186E-01	1.533E-01	3.051E-01	187
2b9wA	9NNB_B	9.232E-01	0.008	9.423E-02	1.199E-01	2.397E-01	198
2b9wA	8FLI_B	1.457E+00	0.008	1.079E-01	1.012E-01	2.894E-01	188
2b9wA	24NC_A	4.929E-01	0.008	1.068E-01	9.495E-02	1.634E-01	358
2b9wA	9I2G_B	9.232E-01	0.008	1.070E-01	8.449E-02	2.270E-01	250
2b9wA	9E8Z_H	2.435E+00	0.007	1.162E-01	1.496E-01	3.494E-01	158
2b9wA	9LJE_A	2.578E+00	0.007	9.175E-02	9.291E-02	3.433E-01	103
2b9wA	7R08_A	1.831E+00	0.007	1.060E-01	9.441E-02	2.926E-01	159
2b9wA	9S1F_B	1.228E+00	0.007	1.131E-01	9.202E-02	2.292E-01	249
2b9wA	9Z6Z_H	3.428E+00	0.007	6.987E-02	4.900E-02	4.547E-01	51
2b9wA	9WN8_A	4.558E+00	0.000	9.397E-02	1.094E-01	4.801E-01	60
2b9wA	7UIN_D	3.428E+00	0.000	1.095E-01	1.180E-01	3.561E-01	132
2b9wA	8SXT_A	2.300E+00	0.000	6.819E-02	4.294E-02	3.076E-01	77
2b9wA	9HDO_A	5.525E-01	0.000	1.201E-01	6.318E-02	1.392E-01	478
2b9wA	9YFD_A	4.825E+00	0.000	9.400E-02	3.784E-02	5.166E-01	74
2b9wA	9VHE_A	4.067E+00	0.000	1.197E-01	1.708E-01	3.896E-01	147
2b9wA	9VHL_A	2.172E+00	0.000	1.077E-01	1.430E-01	2.279E-01	209
2b9wA	8UBD_A	4.067E+00	0.000	1.110E-01	1.369E-01	3.628E-01	139
2b9wA	9WY8_A	8.720E-01	0.000	1.011E-01	9.196E-02	1.326E-01	424
2b9wA	7KFT_C	4.067E+00	0.000	1.223E-01	9.674E-02	3.673E-01	112
2b9wA	9Z6Y_H	4.558E+00	0.000	8.073E-02	5.723E-02	4.186E-01	64
2b9wA	6AR1_A	1.831E+00	0.000	8.213E-02	8.309E-02	1.724E-01	240
2b9wA	9DOU_A	3.059E+00	0.000	8.950E-02	4.612E-02	2.677E-01	225
2b9wA	9K6G_A	1.096E+00	0.000	1.157E-01	5.575E-02	1.348E-01	494
2b9wA	8UW3_A	1.376E+00	0.000	1.146E-01	4.739E-02	1.304E-01	459
2b9wA	5HHK_A	1.300E+00	0.000	6.730E-02	8.835E-02	1.265E-01	239
2b9wA	5HHJ_A	1.300E+00	0.000	6.740E-02	8.806E-02	1.138E-01	274
2b9wA	9N69_E	6.057E+00	0.000	1.074E-01	1.422E-01	3.789E-01	147
2b9wA	8C8J_A	1.457E+00	0.000	1.058E-01	6.867E-02	1.291E-01	431
2b9wA	8BGJ_A	7.180E+00	0.000	8.113E-02	1.495E-01	4.406E-01	61
2b9wA	6ME0_C	6.057E+00	0.000	1.107E-01	1.127E-01	3.034E-01	177
2b9wA	9IOA_A	3.629E+00	0.000	6.242E-02	5.614E-02	2.307E-01	104
2b9wA	8OZ7_A	3.238E+00	0.000	9.334E-02	7.394E-02	1.379E-01	343
2b9wA	9NL2_A	2.300E+00	0.000	8.856E-02	4.603E-02	1.176E-01	407
2b9wA	9L7P_E	7.598E+00	0.000	9.891E-02	1.269E-01	2.946E-01	155
2b9wA	9D4S_A	3.842E+00	0.000	5.200E-02	5.350E-02	1.323E-01	152
2b9wA	26CZ_A	7.180E+00	0.000	1.160E-01	8.281E-02	2.942E-01	172
2b9wA	7V9U_A	4.067E+00	0.000	7.962E-02	9.255E-02	1.213E-01	198
2b9wA	23OR_A	8.040E+00	0.000	9.074E-02	1.021E-01	3.026E-01	102
2b9wA	9D5X_A	8.998E+00	0.000	7.022E-02	7.497E-02	3.319E-01	54
2b9wA	9Z6Y_A	6.411E+00	0.000	8.743E-02	8.689E-02	1.421E-01	242
2b9wA	9C0I_A	8.506E+00	0.000	8.573E-02	8.538E-02	3.243E-01	106
2b9wA	7R06_A	9.517E+00	0.000	1.008E-01	7.496E-02	2.781E-01	173
2b9wA	9LBQ_A	8.040E+00	0.000	7.430E-02	8.652E-02	1.209E-01	250
2q09A	9Z6Z_H	1.001E-01	0.024	1.111E-01	8.325E-02	1.658E-01	302
2q09A	9Z6Y_H	8.877E-02	0.016	1.132E-01	8.456E-02	1.481E-01	306
2q09A	9YFD_A	1.905E+00	0.007	1.586E-01	7.275E-02	2.858E-01	276
2q09A	24NC_A	2.733E+00	0.000	1.191E-01	1.018E-01	2.260E-01	173
2q09A	9WY8_A	2.282E+00	0.000	8.577E-02	7.386E-02	2.112E-01	157
2q09A	7R08_A	4.419E+00	0.000	6.850E-02	5.930E-02	2.815E-01	91
2q09A	1RTD_A	4.692E+00	0.000	9.682E-02	7.620E-02	2.837E-01	91
2q09A	26CZ_A	1.591E+00	0.000	8.229E-02	6.009E-02	1.438E-01	218
2q09A	8GH6_A	2.023E+00	0.000	9.930E-02	6.175E-02	1.591E-01	219
2q09A	7R06_A	2.902E+00	0.000	5.123E-02	3.810E-02	2.063E-01	110
2q09A	5VBS_A	8.038E+00	0.000	6.502E-02	9.505E-02	3.118E-01	63
2q09A	9C0I_A	2.902E+00	0.000	6.450E-02	6.346E-02	1.371E-01	180
2q09A	9NL2_A	5.617E+00	0.000	4.858E-02	2.241E-02	2.728E-01	71
2q09A	8QBL_A	9.051E+00	0.000	6.273E-02	7.796E-02	2.542E-01	69
2q09A	8UB7_A	4.692E+00	0.000	9.032E-02	1.034E-01	1.408E-01	253
2q09A	7UIM_D	9.051E+00	0.000	8.045E-02	8.304E-02	3.649E-01	51
2q09A	7UIN_D	4.983E+00	0.000	6.660E-02	6.871E-02	1.804E-01	133
2q09A	9D4S_A	5.290E+00	0.000	7.267E-02	7.191E-02	1.671E-01	115
2q09A	6AR1_A	5.964E+00	0.000	9.223E-02	8.965E-02	1.916E-01	170
2q09A	9Z6Z_A	8.530E+00	0.000	4.033E-02	3.914E-02	2.996E-01	43
2q09A	9I2G_B	5.964E+00	0.000	1.270E-01	9.653E-02	2.104E-01	250
2q09A	8SXT_A	5.617E+00	0.000	7.705E-02	4.904E-02	1.665E-01	175
2q09A	9HDO_A	4.983E+00	0.000	7.326E-02	3.681E-02	1.374E-01	199
2q09A	9K6G_A	7.135E+00	0.000	6.243E-02	3.411E-02	2.036E-01	132
2q09A	9NL3_A	6.722E+00	0.000	4.602E-02	2.359E-02	2.183E-01	95
2q09A	9LJE_A	6.332E+00	0.000	6.246E-02	6.178E-02	1.379E-01	185
2q09A	9LBQ_A	9.602E+00	0.000	5.391E-02	6.524E-02	1.832E-01	94
2q09A	8UBD_A	9.051E+00	0.000	9.568E-02	1.111E-01	1.397E-01	259
3bmxA	9I2F_A	2.483E-02	0.116	1.248E-01	1.312E-01	2.915E-01	279
3bmxA	9S1F_B	1.326E-01	0.040	1.125E-01	1.199E-01	2.625E-01	283
3bmxA	9I2G_B	2.318E-01	0.024	1.230E-01	1.298E-01	2.520E-01	320
3bmxA	9DOU_A	5.907E+00	0.000	6.486E-02	4.527E-02	3.987E-01	72
3bmxA	9NL3_A	6.245E+00	0.000	8.178E-02	4.988E-02	3.862E-01	106
3bmxA	8UW3_A	1.731E+00	0.000	7.284E-02	4.405E-02	1.053E-01	469
3bmxA	5VBS_A	9.197E+00	0.000	3.676E-02	8.026E-02	4.218E-01	42
3bmxA	9D5X_A	9.197E+00	0.000	6.118E-02	9.147E-02	4.548E-01	68
3bmxA	8C8J_A	3.199E+00	0.000	7.642E-02	7.042E-02	1.107E-01	461
3bmxA	9NL2_A	6.601E+00	0.000	7.183E-02	4.402E-02	2.385E-01	173
3bmxA	7KFT_C	8.238E+00	0.000	3.412E-02	3.663E-02	2.941E-01	32
3bmxA	9Z6Y_A	9.716E+00	0.000	4.402E-02	5.919E-02	2.715E-01	73
3bmxA	7R06_A	8.238E+00	0.000	7.897E-02	8.074E-02	1.723E-01	209
3bmxA	8SXT_A	9.197E+00	0.000	6.296E-02	5.737E-02	1.046E-01	355
4d8mA	9Z6Y_H	6.628E-01	0.016	8.799E-02	8.379E-02	2.205E-01	219
4d8mA	9WN8_A	3.059E+00	0.010	1.002E-01	1.469E-01	4.323E-01	103
4d8mA	7R06_A	8.628E-01	0.010	7.397E-02	7.260E-02	1.965E-01	249
4d8mA	9LPA_A	2.753E+00	0.009	1.030E-01	1.455E-01	3.801E-01	118
4d8mA	9WY8_A	1.316E+00	0.009	8.983E-02	1.028E-01	2.420E-01	165
4d8mA	26CZ_A	8.185E-01	0.009	8.082E-02	7.567E-02	1.814E-01	225
4d8mA	9Z6Z_H	1.625E+00	0.008	9.301E-02	8.821E-02	2.225E-01	230
4d8mA	23OR_A	3.981E+00	0.000	7.080E-02	1.025E-01	3.015E-01	147
4d8mA	7UIN_D	2.229E+00	0.000	6.716E-02	8.778E-02	2.456E-01	124
4d8mA	7R08_A	2.006E+00	0.000	8.821E-02	1.010E-01	2.140E-01	181
4d8mA	9IOA_A	2.902E+00	0.000	7.221E-02	8.401E-02	2.450E-01	145
4d8mA	24NC_A	2.115E+00	0.000	9.639E-02	1.048E-01	2.397E-01	198
4d8mA	9NL3_A	1.541E+00	0.000	8.002E-02	4.906E-02	2.147E-01	230
4d8mA	6AR1_A	4.196E+00	0.000	9.510E-02	1.237E-01	3.053E-01	143
4d8mA	9DOU_A	1.805E+00	0.000	6.236E-02	4.427E-02	2.010E-01	147
4d8mA	9I2G_B	2.229E+00	0.000	5.107E-02	5.153E-02	1.771E-01	177
4d8mA	8C8J_A	3.059E+00	0.000	5.377E-02	4.730E-02	1.583E-01	164
4d8mA	9YFD_A	2.115E+00	0.000	5.399E-02	3.568E-02	1.459E-01	176
4d8mA	9LBQ_A	6.735E+00	0.000	8.036E-02	1.259E-01	3.184E-01	102
4d8mA	9D5X_A	8.744E+00	0.000	1.054E-01	1.461E-01	4.336E-01	113
4d8mA	9D4S_A	6.391E+00	0.000	8.159E-02	9.893E-02	3.104E-01	114
4d8mA	1RTD_A	3.777E+00	0.000	4.409E-02	4.620E-02	2.389E-01	79
4d8mA	9X94_A	7.879E+00	0.000	8.540E-02	1.277E-01	3.458E-01	101
4d8mA	9S1F_B	4.196E+00	0.000	6.910E-02	7.062E-02	1.911E-01	189
4d8mA	8UB7_A	7.097E+00	0.000	5.005E-02	8.126E-02	1.955E-01	128
4d8mA	8SXT_A	6.064E+00	0.000	5.541E-02	4.669E-02	2.161E-01	123
4d8mA	5HHL_A	6.735E+00	0.000	3.734E-02	6.584E-02	1.639E-01	126
4d8mA	9X9B_A	8.301E+00	0.000	6.451E-02	8.882E-02	2.311E-01	98
4d8mA	5G2X_C	8.744E+00	0.000	6.690E-02	7.779E-02	3.452E-01	66
4d8mA	9I2F_A	5.754E+00	0.000	5.909E-02	5.892E-02	1.610E-01	172
4d8mA	9K6G_A	7.097E+00	0.000	5.148E-02	3.815E-02	1.557E-01	195
4d8mA	9NL2_A	9.210E+00	0.000	4.462E-02	2.807E-02	2.044E-01	126
4uabB	9I2G_B	2.162E+00	0.008	1.233E-01	7.438E-02	3.909E-01	74
4uabB	9I2F_A	5.559E+00	0.000	1.219E-01	7.268E-02	4.186E-01	73
4uabB	8OZ7_A	2.162E+00	0.000	7.340E-02	4.294E-02	1.503E-01	155
4uabB	5VBS_A	8.094E+00	0.000	6.054E-02	7.405E-02	3.776E-01	32
4uabB	23OR_A	5.220E+00	0.000	7.585E-02	6.773E-02	1.095E-01	147
4uabB	9WY8_A	6.302E+00	0.000	9.782E-02	7.011E-02	1.924E-01	114
4uabB	9S1F_B	8.614E+00	0.000	7.513E-02	5.093E-02	2.298E-01	65
4uabB	9N69_E	8.614E+00	0.000	8.129E-02	8.230E-02	1.381E-01	143
4uabB	9LBQ_A	9.166E+00	0.000	6.376E-02	6.289E-02	1.763E-01	117
4uabB	9C0I_A	9.166E+00	0.000	5.831E-02	4.569E-02	1.273E-01	176
4uabB	5G2X_C	6.710E+00	0.000	7.072E-02	5.106E-02	1.337E-01	153
4uabB	7R08_A	9.166E+00	0.000	7.894E-02	5.393E-02	1.557E-01	135
4uabB	8C8J_A	7.604E+00	0.000	7.366E-02	3.896E-02	1.537E-01	156
6cngA	1RTD_A	4.582E-01	0.057	1.782E-01	1.017E-01	4.461E-01	85
6cngA	8UW3_A	3.728E+00	0.000	1.320E-01	4.671E-02	2.470E-01	149
6cngA	9DOU_A	5.336E+00	0.000	1.268E-01	5.438E-02	2.646E-01	132
6cngA	5HHL_A	4.735E+00	0.000	8.643E-02	8.356E-02	2.027E-01	124
6cngA	9E8Z_H	4.460E+00	0.000	7.472E-02	6.926E-02	1.514E-01	177
6cngA	23OR_A	9.110E+00	0.000	8.699E-02	7.224E-02	3.643E-01	75
6cngA	9I2G_B	7.189E+00	0.000	1.030E-01	5.681E-02	3.314E-01	75
6cngA	8OZ7_A	5.665E+00	0.000	1.009E-01	5.365E-02	2.424E-01	142
6cngA	8UB7_A	3.957E+00	0.000	1.005E-01	9.066E-02	1.297E-01	238
6cngA	9WN8_A	8.095E+00	0.000	7.051E-02	6.003E-02	2.709E-01	71
6cngA	6AR1_A	9.110E+00	0.000	1.209E-01	8.540E-02	3.484E-01	121
6cngA	8BGJ_A	8.095E+00	0.000	7.978E-02	1.045E-01	1.733E-01	169
6cngA	9HDO_A	9.662E+00	0.000	8.396E-02	2.631E-02	2.288E-01	118
6cngA	5HHK_A	9.662E+00	0.000	7.997E-02	7.677E-02	1.571E-01	150
2grrB	7R08_A	9.548E-01	0.029	2.831E-01	1.319E-01	2.920E-01	167
2grrB	9Z6Z_H	1.103E+00	0.029	2.624E-01	8.160E-02	3.323E-01	149
2grrB	7UIN_D	3.023E+00	0.014	2.775E-01	1.321E-01	3.914E-01	123
2grrB	9DOU_A	1.157E+00	0.011	1.836E-01	4.798E-02	2.266E-01	139
2grrB	9Z6Y_H	1.962E+00	0.010	2.658E-01	8.500E-02	2.726E-01	200
2grrB	7R06_A	4.655E+00	0.007	2.831E-01	1.117E-01	3.297E-01	143
2grrB	8QBM_A	6.204E+00	0.000	2.077E-01	1.275E-01	3.831E-01	62
2grrB	8GH6_A	3.171E+00	0.000	1.927E-01	5.051E-02	2.480E-01	139
2grrB	9NL2_A	1.783E+00	0.000	1.258E-01	4.174E-02	1.466E-01	166
2grrB	9VHL_A	8.658E+00	0.000	2.131E-01	1.334E-01	5.101E-01	49
2grrB	7V9X_A	6.204E+00	0.000	2.108E-01	1.213E-01	3.964E-01	75
2grrB	9X9B_A	3.171E+00	0.000	1.277E-01	7.872E-02	1.893E-01	99
2grrB	9D5X_A	4.884E+00	0.000	1.879E-01	9.571E-02	2.709E-01	135
2grrB	26CZ_A	3.843E+00	0.000	2.006E-01	7.068E-02	2.218E-01	174
2grrB	9YFD_A	4.655E+00	0.000	2.392E-01	5.734E-02	2.524E-01	212
2grrB	9E8Z_H	7.874E+00	0.000	2.399E-01	1.407E-01	4.401E-01	68
2grrB	8QBK_A	7.874E+00	0.000	2.069E-01	1.251E-01	3.806E-01	63
2grrB	8QBL_A	7.508E+00	0.000	2.072E-01	1.266E-01	3.754E-01	62
2grrB	9NNB_B	8.658E+00	0.000	2.118E-01	1.197E-01	4.830E-01	51
2grrB	9LPA_A	4.031E+00	0.000	1.365E-01	7.568E-02	1.955E-01	102
2grrB	7UIM_D	6.826E+00	0.000	2.321E-01	1.101E-01	3.722E-01	113
2grrB	9X94_A	5.638E+00	0.000	1.336E-01	7.274E-02	2.377E-01	82
2grrB	9WY8_A	7.874E+00	0.000	2.240E-01	9.631E-02	3.351E-01	122
2grrB	24NC_A	4.031E+00	0.000	1.498E-01	7.081E-02	1.519E-01	228
2grrB	8OZ7_A	6.508E+00	0.000	2.515E-01	9.199E-02	2.555E-01	205
2grrB	9VHE_A	9.516E+00	0.000	2.266E-01	1.484E-01	2.951E-01	130
2grrB	7XJG_A	9.975E+00	0.000	1.602E-01	1.006E-01	3.046E-01	57
2grrB	9Z6Y_A	6.204E+00	0.000	1.416E-01	7.026E-02	2.054E-01	114
2grrB	8C8J_A	6.508E+00	0.000	1.477E-01	5.466E-02	1.446E-01	213
2grrB	9NL3_A	6.508E+00	0.000	1.463E-01	4.376E-02	1.519E-01	171
2grrB	7V9U_A	9.078E+00	0.000	1.471E-01	9.091E-02	2.206E-01	137
2grrB	9C0I_A	9.516E+00	0.000	1.310E-01	5.610E-02	2.311E-01	117
4ic6C	5HHL_A	2.546E+00	0.010	6.512E-02	7.395E-02	5.390E-01	32
4ic6C	5HHK_A	3.167E+00	0.008	6.587E-02	7.463E-02	5.449E-01	32
4ic6C	5HHJ_A	3.167E+00	0.008	6.589E-02	7.442E-02	5.470E-01	32
4ic6C	9DOU_A	5.772E+00	0.000	4.804E-02	2.045E-02	3.184E-01	30
4ic6C	9X9B_A	3.533E+00	0.000	4.353E-02	4.218E-02	2.385E-01	55
4ic6C	9IOA_A	6.435E+00	0.000	5.273E-02	3.848E-02	4.204E-01	40
4ic6C	9WY8_A	8.905E+00	0.000	5.487E-02	3.809E-02	4.400E-01	26
4ic6C	9Z6Z_H	4.641E+00	0.000	4.469E-02	2.941E-02	2.790E-01	57
4ic6C	9X94_A	4.641E+00	0.000	4.384E-02	4.152E-02	2.505E-01	55
4ic6C	9I2F_A	5.176E+00	0.000	3.708E-02	2.728E-02	2.429E-01	53
4ic6C	8BGJ_A	7.573E+00	0.000	4.369E-02	6.864E-02	2.119E-01	70
4ic6C	5VBS_A	7.994E+00	0.000	4.453E-02	5.693E-02	2.399E-01	28
4ic6C	6AR1_A	6.095E+00	0.000	5.469E-02	4.424E-02	1.606E-01	143
4ic6C	9C0I_A	5.466E+00	0.000	6.520E-02	5.650E-02	1.858E-01	86
4ic6C	1RTD_A	3.941E+00	0.000	9.653E-02	6.889E-02	1.149E-01	352
4ic6C	9S1F_B	8.905E+00	0.000	3.517E-02	2.293E-02	4.225E-01	18
4ic6C	9I2G_B	8.905E+00	0.000	3.518E-02	2.273E-02	4.171E-01	18
4ic6C	9Z6Y_H	5.176E+00	0.000	3.799E-02	2.211E-02	2.379E-01	48
4ic6C	9LBQ_A	5.176E+00	0.000	7.309E-02	7.572E-02	9.270E-02	292
4ic6C	23OR_A	3.941E+00	0.000	6.139E-02	6.106E-02	8.699E-02	301
4ic6C	7R08_A	9.914E+00	0.000	3.748E-02	2.714E-02	2.324E-01	28
4ic6C	8OZ7_A	9.914E+00	0.000	4.940E-02	2.850E-02	4.428E-01	21
4ic6C	9LJE_A	9.914E+00	0.000	6.425E-02	5.437E-02	1.834E-01	89
4ic6C	7KFT_C	9.914E+00	0.000	5.205E-02	3.650E-02	1.066E-01	142
4ic6C	26CZ_A	8.905E+00	0.000	4.048E-02	2.411E-02	1.570E-01	60
4ic6C	9YFD_A	8.438E+00	0.000	5.595E-02	2.243E-02	1.766E-01	52
4on1A	9I2F_A	2.839E-01	0.016	1.728E-01	1.111E-01	2.542E-01	264
4on1A	9NNB_B	1.429E+00	0.010	7.947E-02	8.456E-02	3.611E-01	61
4on1A	9LPA_A	1.816E+00	0.008	7.756E-02	7.119E-02	3.428E-01	53
4on1A	9S1F_B	5.166E-01	0.008	1.637E-01	1.059E-01	1.964E-01	368
4on1A	23OR_A	1.711E+00	0.007	7.170E-02	6.668E-02	2.891E-01	55
4on1A	26CZ_A	3.113E+00	0.007	1.052E-01	6.034E-02	4.089E-01	71
4on1A	9X94_A	2.601E+00	0.000	7.703E-02	7.366E-02	3.378E-01	52
4on1A	9Z6Y_H	2.932E+00	0.000	9.144E-02	5.322E-02	3.885E-01	72
4on1A	5VBS_A	4.198E+00	0.000	7.191E-02	9.314E-02	3.544E-01	34
4on1A	9N69_E	2.308E+00	0.000	5.598E-02	5.996E-02	3.153E-01	67
4on1A	6AR1_A	3.725E+00	0.000	8.107E-02	6.740E-02	3.810E-01	55
4on1A	9I2G_B	1.194E+00	0.000	1.641E-01	1.051E-01	1.975E-01	370
4on1A	9VHL_A	4.456E+00	0.000	7.180E-02	8.447E-02	3.534E-01	40
4on1A	9L7P_E	2.932E+00	0.000	5.460E-02	5.828E-02	3.184E-01	62
4on1A	9LBQ_A	1.816E+00	0.000	7.207E-02	7.465E-02	2.047E-01	64
4on1A	9C0I_A	3.954E+00	0.000	4.903E-02	3.911E-02	4.002E-01	58
4on1A	7R06_A	3.954E+00	0.000	9.408E-02	5.735E-02	3.838E-01	70
4on1A	9Z6Z_H	3.725E+00	0.000	8.295E-02	4.836E-02	3.382E-01	72
4on1A	8UW3_A	3.305E+00	0.000	1.444E-01	5.093E-02	2.886E-01	140
4on1A	9E8Z_H	3.113E+00	0.000	5.434E-02	5.793E-02	2.482E-01	83
4on1A	8QBK_A	5.022E+00	0.000	6.694E-02	7.136E-02	3.590E-01	48
4on1A	8QBM_A	5.659E+00	0.000	7.482E-02	7.990E-02	3.668E-01	48
4on1A	9WN8_A	4.456E+00	0.000	7.791E-02	7.421E-02	3.427E-01	50
4on1A	9LJE_A	5.659E+00	0.000	4.914E-02	3.990E-02	4.029E-01	58
4on1A	8FLI_B	2.761E+00	0.000	7.467E-02	5.632E-02	2.231E-01	117
4on1A	9VHE_A	6.006E+00	0.000	7.185E-02	8.434E-02	3.541E-01	40
4on1A	8QBL_A	6.375E+00	0.000	6.711E-02	7.116E-02	3.595E-01	48
4on1A	7V9X_A	2.761E+00	0.000	7.714E-02	8.116E-02	2.048E-01	134
4on1A	6ME0_C	3.305E+00	0.000	7.403E-02	6.124E-02	2.196E-01	141
4on1A	7V9U_A	3.954E+00	0.000	7.276E-02	7.731E-02	1.989E-01	97
4on1A	6MEC_C	5.331E+00	0.000	9.125E-02	7.519E-02	2.694E-01	125
4on1A	9IOA_A	8.085E+00	0.000	8.439E-02	6.084E-02	4.329E-01	43
4on1A	9NL3_A	5.331E+00	0.000	9.831E-02	3.883E-02	2.274E-01	151
4on1A	5HHL_A	9.099E+00	0.000	5.546E-02	6.059E-02	3.503E-01	68
4on1A	7XJG_A	4.731E+00	0.000	6.582E-02	6.913E-02	1.739E-01	97
4on1A	9X9B_A	8.085E+00	0.000	7.514E-02	7.139E-02	3.114E-01	49
4on1A	7KFT_C	8.085E+00	0.000	9.377E-02	6.276E-02	2.726E-01	100
4on1A	9Z6Z_A	5.659E+00	0.000	6.204E-02	6.012E-02	1.351E-01	130
4on1A	8GH6_A	8.085E+00	0.000	6.210E-02	2.710E-02	1.561E-01	114
4jrrB	7UIN_D	1.710E+00	0.011	1.755E-01	9.363E-02	3.459E-01	92
4jrrB	7UIM_D	2.411E+00	0.009	2.147E-01	1.238E-01	3.323E-01	128
4jrrB	8GH6_A	3.210E+00	0.007	1.836E-01	4.770E-02	3.293E-01	114
4jrrB	8QBK_A	3.399E+00	0.000	1.367E-01	9.991E-02	2.667E-01	109
4jrrB	8QBL_A	4.036E+00	0.000	1.434E-01	1.021E-01	2.844E-01	100
4jrrB	8QBM_A	3.210E+00	0.000	1.446E-01	1.039E-01	2.660E-01	109
4jrrB	6AR1_A	2.704E+00	0.000	1.600E-01	9.236E-02	2.048E-01	156
4jrrB	7V9X_A	4.524E+00	0.000	1.356E-01	8.483E-02	2.626E-01	98
4jrrB	7XJG_A	4.036E+00	0.000	1.378E-01	9.364E-02	2.633E-01	100
4jrrB	9S1F_B	3.032E+00	0.000	1.225E-01	5.868E-02	2.298E-01	114
4jrrB	9HDO_A	3.599E+00	0.000	1.171E-01	3.097E-02	2.191E-01	117
4jrrB	9NL2_A	3.811E+00	0.000	1.576E-01	4.448E-02	2.898E-01	111
4jrrB	7V9U_A	5.370E+00	0.000	1.380E-01	9.503E-02	2.808E-01	100
4jrrB	9LPA_A	4.036E+00	0.000	1.370E-01	8.174E-02	2.051E-01	127
4jrrB	8OZ7_A	5.072E+00	0.000	1.507E-01	5.551E-02	2.902E-01	117
4jrrB	9DOU_A	3.599E+00	0.000	1.151E-01	3.470E-02	2.142E-01	85
4jrrB	9NL3_A	6.745E+00	0.000	1.333E-01	3.426E-02	3.529E-01	57
4jrrB	9X94_A	4.273E+00	0.000	1.114E-01	6.821E-02	2.083E-01	103
4jrrB	5VBS_A	7.557E+00	0.000	1.226E-01	9.849E-02	2.769E-01	64
4jrrB	9VHL_A	9.473E+00	0.000	1.177E-01	8.570E-02	3.395E-01	80
4jrrB	5HHL_A	7.998E+00	0.000	1.714E-01	1.220E-01	2.840E-01	109
4jrrB	9LBQ_A	5.370E+00	0.000	1.119E-01	7.680E-02	1.995E-01	119
4jrrB	8UBD_A	5.370E+00	0.000	1.207E-01	8.891E-02	2.018E-01	121
4jrrB	9WN8_A	7.998E+00	0.000	1.077E-01	6.901E-02	2.071E-01	119
4jrrB	23OR_A	7.557E+00	0.000	1.043E-01	5.524E-02	2.231E-01	100
4jrrB	9Z6Y_A	7.557E+00	0.000	9.784E-02	5.324E-02	1.909E-01	85
4jrrB	9LJE_A	7.140E+00	0.000	1.025E-01	4.919E-02	2.292E-01	87
4jrrB	9I2G_B	7.557E+00	0.000	1.221E-01	5.102E-02	2.223E-01	94
4jrrB	9YFD_A	8.955E+00	0.000	1.269E-01	3.127E-02	2.254E-01	104
4jrrB	8BGJ_A	7.998E+00	0.000	1.114E-01	1.174E-01	1.874E-01	99
4jrrB	5HHJ_A	9.473E+00	0.000	9.466E-02	6.687E-02	3.045E-01	75
4jrrB	9I2F_A	7.998E+00	0.000	1.099E-01	4.738E-02	2.142E-01	62
4jrrB	26CZ_A	8.955E+00	0.000	1.144E-01	4.719E-02	1.948E-01	88
6pzdA	1RTD_A	4.836E+00	0.000	5.975E-02	4.380E-02	4.737E-01	39
6pzdA	9YFD_A	7.843E+00	0.000	6.919E-02	2.738E-02	4.460E-01	43
6pzdA	9LPA_A	8.633E+00	0.000	5.165E-02	5.398E-02	3.826E-01	43
6pzdA	9LBQ_A	7.474E+00	0.000	4.547E-02	5.338E-02	1.760E-01	83
2wadA	8BGJ_A	3.858E-01	0.020	8.859E-02	1.836E-01	2.166E-01	152
2wadA	9X9B_A	3.456E-01	0.020	7.477E-02	1.082E-01	2.031E-01	165
2wadA	8UB7_A	6.330E-01	0.014	7.087E-02	1.107E-01	2.087E-01	155
2wadA	8UBD_A	7.466E-01	0.010	6.882E-02	1.027E-01	1.928E-01	155
2wadA	9NNB_B	1.159E+00	0.009	7.200E-02	1.124E-01	2.039E-01	163
2wadA	5HHL_A	1.225E+00	0.008	7.790E-02	1.331E-01	2.244E-01	162
2wadA	9N69_E	7.888E-01	0.008	7.143E-02	1.144E-01	1.700E-01	201
2wadA	9VHL_A	1.294E+00	0.007	5.736E-02	1.051E-01	2.030E-01	174
2wadA	9I2G_B	3.858E-01	0.007	7.005E-02	7.213E-02	9.894E-02	508
2wadA	9YFD_A	8.334E-01	0.007	7.083E-02	4.839E-02	1.435E-01	224
2wadA	9L7P_E	1.613E+00	0.000	7.543E-02	1.179E-01	1.884E-01	172
2wadA	6AR1_A	2.124E+00	0.000	6.477E-02	8.388E-02	1.970E-01	167
2wadA	9VHE_A	1.704E+00	0.000	5.826E-02	1.055E-01	1.780E-01	193
2wadA	9WN8_A	2.505E+00	0.000	8.423E-02	1.211E-01	2.071E-01	159
2wadA	9X94_A	2.124E+00	0.000	6.989E-02	1.015E-01	1.900E-01	169
2wadA	23OR_A	2.371E+00	0.000	7.023E-02	1.023E-01	2.080E-01	168
2wadA	9LJE_A	2.371E+00	0.000	7.766E-02	1.010E-01	1.949E-01	191
2wadA	24NC_A	2.505E+00	0.000	7.889E-02	8.466E-02	1.656E-01	200
2wadA	8QBM_A	3.681E+00	0.000	7.303E-02	1.137E-01	1.955E-01	159
2wadA	9LBQ_A	3.484E+00	0.000	7.046E-02	1.130E-01	2.108E-01	163
2wadA	9Z6Y_A	2.646E+00	0.000	8.930E-02	1.112E-01	1.744E-01	293
2wadA	9Z6Z_A	2.371E+00	0.000	9.791E-02	1.263E-01	1.751E-01	324
2wadA	7UIN_D	5.118E+00	0.000	8.264E-02	1.114E-01	2.236E-01	150
2wadA	9WY8_A	4.585E+00	0.000	7.602E-02	8.659E-02	2.180E-01	155
2wadA	9S1F_B	2.371E+00	0.000	8.764E-02	9.019E-02	1.134E-01	508
2wadA	26CZ_A	4.844E+00	0.000	8.905E-02	8.551E-02	2.186E-01	176
2wadA	8QBL_A	5.118E+00	0.000	8.730E-02	1.389E-01	2.158E-01	194
2wadA	5HHK_A	6.730E+00	0.000	8.148E-02	1.372E-01	2.209E-01	163
2wadA	7V9U_A	7.507E+00	0.000	7.628E-02	1.254E-01	2.430E-01	160
2wadA	8QBK_A	8.371E+00	0.000	8.449E-02	1.340E-01	2.272E-01	154
2wadA	9LPA_A	8.838E+00	0.000	8.107E-02	1.140E-01	2.046E-01	166
2wadA	9D4S_A	9.847E+00	0.000	8.673E-02	1.162E-01	2.486E-01	166
2wadA	1RTD_A	6.730E+00	0.000	5.522E-02	5.959E-02	1.693E-01	213
2wadA	7KFT_C	5.118E+00	0.000	5.740E-02	6.058E-02	1.431E-01	165
2wadA	9I2F_A	7.109E+00	0.000	7.966E-02	8.164E-02	1.537E-01	268
2wadA	9Z6Z_H	6.730E+00	0.000	8.165E-02	7.963E-02	1.981E-01	185
2wadA	9IOA_A	5.406E+00	0.000	4.471E-02	5.105E-02	9.559E-02	284
2wadA	8OZ7_A	7.507E+00	0.000	7.205E-02	7.287E-02	1.615E-01	210
2wadA	7R06_A	8.838E+00	0.000	7.675E-02	7.739E-02	1.828E-01	170
2wadA	9Z6Y_H	7.928E+00	0.000	7.221E-02	7.041E-02	1.784E-01	187
4igdA	5HHK_A	1.309E+00	0.008	7.520E-02	9.394E-02	2.411E-01	76
4igdA	5HHJ_A	1.984E+00	0.000	7.527E-02	9.372E-02	2.414E-01	76
4igdA	5HHL_A	4.103E+00	0.000	7.722E-02	9.879E-02	2.721E-01	75
4igdA	9L7P_E	6.884E+00	0.000	4.215E-02	5.280E-02	4.525E-01	31
4igdA	1RTD_A	1.697E+00	0.000	7.208E-02	5.673E-02	1.297E-01	211
4igdA	9VHE_A	8.034E+00	0.000	4.181E-02	5.748E-02	4.260E-01	30
4igdA	7UIN_D	4.321E+00	0.000	6.776E-02	6.919E-02	2.079E-01	107
4igdA	9Z6Y_A	5.048E+00	0.000	6.818E-02	6.584E-02	2.016E-01	123
4igdA	8GH6_A	6.884E+00	0.000	6.541E-02	3.647E-02	2.358E-01	85
4igdA	9E8Z_H	8.034E+00	0.000	4.809E-02	5.755E-02	1.274E-01	155
4igdA	7UIM_D	8.901E+00	0.000	7.053E-02	7.201E-02	2.086E-01	105
4igdA	9Z6Z_A	9.368E+00	0.000	6.609E-02	6.359E-02	2.040E-01	103
4igdA	26CZ_A	9.857E+00	0.000	3.889E-02	2.785E-02	3.176E-01	42
4igdA	9YFD_A	8.901E+00	0.000	4.386E-02	2.008E-02	1.913E-01	60
4igdA	8FLI_B	9.857E+00	0.000	6.465E-02	5.784E-02	1.696E-01	127
3hjlA	7R06_A	2.845E+00	0.009	9.193E-02	5.669E-02	2.962E-01	74
3hjlA	26CZ_A	1.445E+00	0.009	1.339E-01	7.940E-02	1.398E-01	367
3hjlA	24NC_A	2.711E+00	0.008	1.157E-01	8.023E-02	2.026E-01	201
3hjlA	9Z6Y_H	1.841E+00	0.008	1.387E-01	8.423E-02	1.698E-01	282
3hjlA	9Z6Y_A	3.134E+00	0.007	8.017E-02	6.698E-02	2.672E-01	77
3hjlA	8OZ7_A	1.841E+00	0.007	1.009E-01	6.515E-02	1.358E-01	250
3hjlA	8QBK_A	5.871E+00	0.000	8.476E-02	8.675E-02	3.272E-01	66
3hjlA	8QBM_A	5.871E+00	0.000	8.608E-02	8.885E-02	3.061E-01	66
3hjlA	6ME0_C	5.081E+00	0.000	9.582E-02	7.881E-02	2.372E-01	119
3hjlA	9Z6Z_H	3.134E+00	0.000	1.292E-01	7.899E-02	1.598E-01	280
3hjlA	9NNB_B	7.118E+00	0.000	1.067E-01	1.093E-01	3.255E-01	58
3hjlA	9Z6Z_A	4.613E+00	0.000	7.699E-02	6.283E-02	2.320E-01	58
3hjlA	9WY8_A	5.332E+00	0.000	1.251E-01	9.133E-02	2.138E-01	187
3hjlA	7V9U_A	9.942E+00	0.000	7.091E-02	7.337E-02	3.835E-01	57
3hjlA	8QBL_A	9.481E+00	0.000	8.599E-02	8.876E-02	3.178E-01	66
3hjlA	6MEC_C	6.784E+00	0.000	7.137E-02	6.012E-02	2.117E-01	90
3hjlA	9K6G_A	5.081E+00	0.000	9.167E-02	3.822E-02	1.207E-01	294
3hjlA	8C8J_A	7.834E+00	0.000	1.259E-01	7.362E-02	1.741E-01	244
3hjlA	5HHL_A	9.041E+00	0.000	9.062E-02	9.708E-02	1.994E-01	120
3hjlA	5HHK_A	9.942E+00	0.000	1.052E-01	1.124E-01	2.556E-01	119
3hjlA	5HHJ_A	9.041E+00	0.000	9.012E-02	9.625E-02	2.034E-01	123
3hjlA	6AR1_A	9.041E+00	0.000	9.303E-02	7.902E-02	1.346E-01	254
3hjlA	7R08_A	9.041E+00	0.000	1.376E-01	1.031E-01	1.793E-01	303
3hjlA	9YFD_A	9.942E+00	0.000	8.046E-02	3.290E-02	1.131E-01	280
4ccdA	5HHL_A	6.515E+00	0.000	2.400E-02	5.113E-02	5.116E-01	18
4ccdA	9YFD_A	5.199E+00	0.000	8.646E-02	5.431E-02	2.417E-01	254
4ccdA	8BGJ_A	9.122E+00	0.000	1.362E-02	4.112E-02	7.353E-01	9
4ccdA	8QBK_A	6.515E+00	0.000	1.758E-02	3.483E-02	4.267E-01	12
4ccdA	8OZ7_A	7.292E+00	0.000	3.175E-02	3.334E-02	2.358E-01	66
4ccdA	8C8J_A	7.713E+00	0.000	1.576E-02	1.450E-02	5.238E-01	11
4ccdA	8QBL_A	8.158E+00	0.000	1.758E-02	3.484E-02	4.158E-01	12
4ccdA	7V9X_A	9.644E+00	0.000	1.762E-02	3.444E-02	4.127E-01	12
4ccdA	7XJG_A	8.158E+00	0.000	1.760E-02	3.437E-02	4.158E-01	12
4ccdA	7V9U_A	9.122E+00	0.000	3.452E-02	5.549E-02	1.951E-01	79
4ccdA	7UIN_D	9.644E+00	0.000	2.716E-02	4.031E-02	1.642E-01	90
4ccdA	9Z6Z_H	9.644E+00	0.000	3.491E-02	3.546E-02	1.982E-01	96
5v5hA	8BGJ_A	4.323E-01	0.010	1.392E-01	1.221E-01	1.800E-01	151
5v5hA	9X94_A	1.747E+00	0.000	1.923E-01	1.083E-01	2.577E-01	152
5v5hA	9Z6Z_H	3.621E+00	0.000	1.553E-01	5.412E-02	3.111E-01	70
5v5hA	9K6G_A	2.367E+00	0.000	1.451E-01	3.637E-02	2.450E-01	101
5v5hA	9X9B_A	2.367E+00	0.000	1.836E-01	1.048E-01	2.509E-01	149
5v5hA	9LPA_A	2.516E+00	0.000	1.437E-01	8.287E-02	1.980E-01	142
5v5hA	7V9U_A	4.343E+00	0.000	1.558E-01	9.384E-02	2.729E-01	92
5v5hA	24NC_A	2.367E+00	0.000	1.467E-01	7.357E-02	1.906E-01	125
5v5hA	9VHE_A	6.635E+00	0.000	1.436E-01	9.867E-02	2.943E-01	57
5v5hA	9NNB_B	6.246E+00	0.000	1.531E-01	9.597E-02	2.618E-01	86
5v5hA	9LBQ_A	4.615E+00	0.000	1.825E-01	1.119E-01	2.677E-01	142
5v5hA	8UBD_A	3.408E+00	0.000	1.202E-01	8.135E-02	1.637E-01	147
5v5hA	7UIN_D	3.408E+00	0.000	1.255E-01	7.279E-02	1.749E-01	135
5v5hA	9Z6Y_H	7.048E+00	0.000	1.520E-01	5.221E-02	3.129E-01	71
5v5hA	8UW3_A	4.343E+00	0.000	1.575E-01	3.174E-02	2.491E-01	107
5v5hA	9WN8_A	4.615E+00	0.000	1.278E-01	7.299E-02	2.011E-01	134
5v5hA	9LJE_A	5.209E+00	0.000	1.447E-01	6.821E-02	1.887E-01	119
5v5hA	9Z6Z_A	4.903E+00	0.000	1.428E-01	8.119E-02	1.685E-01	161
5v5hA	9VHL_A	9.513E+00	0.000	1.438E-01	9.907E-02	2.846E-01	57
5v5hA	8QBK_A	7.485E+00	0.000	1.700E-01	1.078E-01	2.162E-01	172
5v5hA	23OR_A	6.635E+00	0.000	1.625E-01	9.394E-02	2.146E-01	149
5v5hA	9D5X_A	6.635E+00	0.000	1.392E-01	8.589E-02	1.802E-01	139
5v5hA	9D4S_A	6.635E+00	0.000	1.259E-01	6.611E-02	2.170E-01	100
5v5hA	9Z6Y_A	5.535E+00	0.000	1.392E-01	7.715E-02	1.717E-01	149
5v5hA	6AR1_A	8.962E+00	0.000	1.832E-01	9.044E-02	3.114E-01	97
5v5hA	8QBM_A	8.962E+00	0.000	1.183E-01	7.716E-02	1.618E-01	128
5v5hA	9L7P_E	7.485E+00	0.000	1.316E-01	7.715E-02	1.805E-01	153
5v5hA	7XJG_A	8.962E+00	0.000	9.304E-02	5.461E-02	2.277E-01	68
5v5hA	7R08_A	9.513E+00	0.000	1.189E-01	6.569E-02	2.173E-01	92
5v5hA	8OZ7_A	9.513E+00	0.000	1.672E-01	7.620E-02	2.118E-01	175
5v5hA	8C8J_A	7.048E+00	0.000	1.288E-01	4.685E-02	1.686E-01	132
5v5hA	9HDO_A	8.441E+00	0.000	1.083E-01	3.164E-02	1.590E-01	106
3ucsA	9NNB_B	8.153E-01	0.029	2.493E-01	8.858E-02	4.924E-01	53
3ucsA	5HHJ_A	1.995E+00	0.008	2.039E-01	9.174E-02	3.341E-01	73
3ucsA	9N69_E	2.452E+00	0.008	2.295E-01	8.358E-02	3.962E-01	61
3ucsA	5VBS_A	3.014E+00	0.000	1.966E-01	1.018E-01	3.119E-01	60
3ucsA	5HHL_A	5.595E+00	0.000	2.150E-01	9.572E-02	3.879E-01	48
3ucsA	5HHK_A	3.969E+00	0.000	1.952E-01	8.710E-02	2.841E-01	76
3ucsA	9VHL_A	3.229E+00	0.000	1.747E-01	9.140E-02	2.441E-01	70
3ucsA	9E8Z_H	4.251E+00	0.000	1.934E-01	9.157E-02	2.664E-01	74
3ucsA	9S1F_B	5.224E+00	0.000	1.899E-01	4.458E-02	3.365E-01	60
3ucsA	23OR_A	6.417E+00	0.000	1.628E-01	5.805E-02	3.074E-01	63
3ucsA	8OZ7_A	6.417E+00	0.000	2.100E-01	4.788E-02	3.547E-01	59
3ucsA	9VHE_A	6.871E+00	0.000	2.052E-01	1.002E-01	2.744E-01	70
3ucsA	9L7P_E	7.357E+00	0.000	2.222E-01	8.308E-02	3.900E-01	58
3ucsA	9Z6Z_A	5.992E+00	0.000	1.962E-01	6.354E-02	2.812E-01	65
3ucsA	9X9B_A	9.653E+00	0.000	2.334E-01	8.901E-02	3.402E-01	70
3ucsA	7UIM_D	9.022E+00	0.000	1.488E-01	5.498E-02	2.301E-01	53
3ucsA	24NC_A	7.357E+00	0.000	1.628E-01	4.554E-02	2.329E-01	60
3ucsA	8SXT_A	6.417E+00	0.000	1.285E-01	3.451E-02	1.581E-01	89
4cqmG	8GH6_A	2.406E+00	0.007	1.580E-01	5.423E-02	3.422E-01	96
4cqmG	1RTD_A	2.723E+00	0.000	1.150E-01	5.829E-02	2.848E-01	86
4cqmG	9I2F_A	2.261E+00	0.000	1.622E-01	7.914E-02	2.745E-01	142
4cqmG	5HHL_A	5.377E+00	0.000	9.108E-02	7.531E-02	3.326E-01	66
4cqmG	9S1F_B	2.723E+00	0.000	1.530E-01	7.872E-02	1.811E-01	230
4cqmG	26CZ_A	2.723E+00	0.000	9.968E-02	4.598E-02	1.897E-01	129
4cqmG	5HHJ_A	7.317E+00	0.000	8.885E-02	7.258E-02	3.399E-01	65
4cqmG	7XJG_A	9.346E+00	0.000	9.154E-02	6.587E-02	7.721E-01	22
4cqmG	9Z6Z_A	6.084E+00	0.000	1.044E-01	6.318E-02	3.059E-01	68
4cqmG	5HHK_A	7.781E+00	0.000	8.883E-02	7.282E-02	3.397E-01	65
4cqmG	9NNB_B	7.317E+00	0.000	9.338E-02	7.002E-02	4.112E-01	27
4cqmG	9Z6Y_A	6.881E+00	0.000	1.025E-01	6.123E-02	2.782E-01	79
4cqmG	9WY8_A	8.793E+00	0.000	9.316E-02	4.451E-02	4.921E-01	34
4cqmG	7KFT_C	6.881E+00	0.000	1.011E-01	4.881E-02	2.473E-01	92
4cqmG	9Z6Y_H	5.055E+00	0.000	1.085E-01	5.215E-02	2.127E-01	140
4cqmG	9Z6Z_H	5.377E+00	0.000	1.075E-01	5.274E-02	2.139E-01	139
4cqmG	7R06_A	8.272E+00	0.000	1.001E-01	4.652E-02	2.805E-01	78
4cqmG	8SXT_A	4.752E+00	0.000	9.394E-02	4.207E-02	1.700E-01	170
4cqmG	24NC_A	9.346E+00	0.000	1.251E-01	6.913E-02	1.408E-01	241
2z8fA	8GH6_A	5.241E+00	0.000	6.950E-02	3.636E-02	3.778E-01	60
2z8fA	5G2X_C	2.609E+00	0.000	6.484E-02	5.542E-02	2.260E-01	61
2z8fA	8UW3_A	5.553E+00	0.000	8.593E-02	3.353E-02	2.023E-01	148
2z8fA	24NC_A	5.553E+00	0.000	7.925E-02	6.765E-02	9.023E-02	437
2z8fA	8UBD_A	7.417E+00	0.000	8.212E-02	9.376E-02	1.124E-01	311
2z8fA	9K6G_A	9.881E+00	0.000	5.685E-02	2.648E-02	1.637E-01	103
3hjhA	8FLI_B	2.560E+00	0.008	3.848E-02	3.760E-02	4.867E-01	54
3hjhA	1RTD_A	2.269E+00	0.000	7.417E-02	6.130E-02	2.757E-01	182
3hjhA	9LJE_A	4.676E+00	0.000	4.447E-02	4.625E-02	3.078E-01	60
3hjhA	9S1F_B	2.011E+00	0.000	6.169E-02	5.139E-02	1.150E-01	300
3hjhA	9WN8_A	4.676E+00	0.000	6.712E-02	7.881E-02	1.579E-01	181
3hjhA	23OR_A	3.460E+00	0.000	6.812E-02	7.902E-02	1.493E-01	192
3hjhA	9D5X_A	3.460E+00	0.000	5.628E-02	6.074E-02	1.434E-01	165
3hjhA	6ME0_C	8.023E+00	0.000	3.624E-02	3.878E-02	4.772E-01	54
3hjhA	24NC_A	5.947E+00	0.000	6.189E-02	5.519E-02	2.283E-01	114
3hjhA	9HDO_A	6.705E+00	0.000	7.948E-02	4.157E-02	2.367E-01	133
3hjhA	9L7P_E	6.315E+00	0.000	3.555E-02	4.964E-02	3.512E-01	29
3hjhA	9LBQ_A	7.558E+00	0.000	7.198E-02	9.453E-02	1.984E-01	184
3hjhA	9X94_A	8.516E+00	0.000	3.648E-02	4.437E-02	3.628E-01	40
3hjhA	9LPA_A	6.315E+00	0.000	6.618E-02	7.686E-02	1.729E-01	162
3hjhA	7KFT_C	6.705E+00	0.000	6.872E-02	5.675E-02	2.343E-01	122
3hjhA	9N69_E	9.589E+00	0.000	4.735E-02	6.365E-02	2.175E-01	105
3hjhA	9D4S_A	6.705E+00	0.000	6.523E-02	6.716E-02	1.463E-01	162
3hjhA	6AR1_A	6.705E+00	0.000	8.911E-02	9.320E-02	1.288E-01	341
3hjhA	9C0I_A	9.037E+00	0.000	3.846E-02	3.907E-02	2.474E-01	45
3hjhA	9IOA_A	9.589E+00	0.000	6.439E-02	5.960E-02	2.344E-01	114
3hjhA	9Z6Y_H	8.023E+00	0.000	6.313E-02	4.902E-02	1.506E-01	191
3hjhA	9DOU_A	8.516E+00	0.000	8.136E-02	4.671E-02	1.558E-01	234
3pr9A	9WN8_A	4.870E+00	0.000	9.653E-02	4.614E-02	4.223E-01	20
3pr9A	5HHL_A	2.923E+00	0.000	9.374E-02	5.946E-02	1.853E-01	61
3pr9A	7UIM_D	5.772E+00	0.000	1.031E-01	4.832E-02	3.542E-01	40
3pr9A	5HHK_A	6.462E+00	0.000	9.899E-02	5.972E-02	2.892E-01	42
3pr9A	5HHJ_A	6.107E+00	0.000	9.896E-02	5.955E-02	2.885E-01	42
3pr9A	9LBQ_A	9.575E+00	0.000	9.765E-02	5.094E-02	4.262E-01	20
3pr9A	6AR1_A	5.772E+00	0.000	6.221E-02	2.588E-02	3.206E-01	54
3pr9A	8C8J_A	8.563E+00	0.000	7.716E-02	2.856E-02	2.725E-01	35
3pr9A	7UIN_D	8.563E+00	0.000	9.735E-02	4.738E-02	1.775E-01	70
3pr9A	8UW3_A	8.563E+00	0.000	6.976E-02	1.755E-02	1.611E-01	74
3pr9A	9I2F_A	9.575E+00	0.000	1.002E-01	3.448E-02	1.386E-01	151
3sdgA	8OZ7_A	9.711E-01	0.016	1.937E-01	8.093E-02	2.163E-01	183
3sdgA	7V9U_A	4.073E+00	0.009	9.462E-02	6.239E-02	4.562E-01	36
3sdgA	8QBM_A	5.965E+00	0.009	1.209E-01	7.716E-02	5.327E-01	36
3sdgA	7R06_A	2.408E+00	0.009	2.192E-01	9.113E-02	2.555E-01	175
3sdgA	8GH6_A	2.408E+00	0.009	2.033E-01	5.027E-02	2.438E-01	193
3sdgA	7R08_A	2.408E+00	0.008	1.235E-01	5.768E-02	2.191E-01	112
3sdgA	7XJG_A	6.256E+00	0.007	1.019E-01	6.400E-02	5.399E-01	33
3sdgA	9WY8_A	2.296E+00	0.007	1.535E-01	9.160E-02	1.818E-01	232
3sdgA	9Z6Y_H	1.723E+00	0.007	1.433E-01	5.927E-02	1.518E-01	237
3sdgA	8QBK_A	7.931E+00	0.000	1.211E-01	7.785E-02	5.327E-01	36
3sdgA	9LBQ_A	5.965E+00	0.000	2.284E-01	1.585E-01	3.474E-01	92
3sdgA	9X9B_A	7.214E+00	0.000	1.820E-01	1.013E-01	5.204E-01	57
3sdgA	9C0I_A	4.700E+00	0.000	1.521E-01	7.415E-02	3.332E-01	95
3sdgA	24NC_A	2.526E+00	0.000	1.555E-01	7.454E-02	1.587E-01	215
3sdgA	8QBL_A	8.315E+00	0.000	1.211E-01	7.789E-02	5.304E-01	36
3sdgA	9X94_A	8.315E+00	0.000	1.980E-01	1.104E-01	5.308E-01	62
3sdgA	9I2F_A	6.880E+00	0.000	1.017E-01	3.642E-02	4.032E-01	49
3sdgA	7V9X_A	9.136E+00	0.000	1.190E-01	7.666E-02	4.595E-01	40
3sdgA	9WN8_A	7.931E+00	0.000	2.116E-01	1.371E-01	3.170E-01	92
3sdgA	23OR_A	7.931E+00	0.000	2.195E-01	1.386E-01	3.188E-01	102
3sdgA	9LPA_A	8.315E+00	0.000	2.131E-01	1.336E-01	3.151E-01	104
3sdgA	9S1F_B	7.931E+00	0.000	1.222E-01	5.640E-02	2.946E-01	83
3sdgA	9Z6Z_H	5.965E+00	0.000	1.829E-01	7.734E-02	1.908E-01	230
3sdgA	6MEC_C	9.576E+00	0.000	1.311E-01	6.821E-02	3.614E-01	49
3sdgA	6AR1_A	9.136E+00	0.000	1.966E-01	1.070E-01	2.754E-01	138
3sdgA	9LJE_A	8.315E+00	0.000	1.083E-01	6.202E-02	2.875E-01	90
3sdgA	9YFD_A	8.315E+00	0.000	1.492E-01	4.435E-02	1.996E-01	181
4bx8A	9Z6Y_H	1.743E+00	0.008	9.035E-02	8.326E-02	2.229E-01	218
4bx8A	9HDO_A	2.418E+00	0.008	9.470E-02	5.755E-02	2.814E-01	221
4bx8A	9WY8_A	3.354E+00	0.000	9.148E-02	9.973E-02	2.183E-01	220
4bx8A	9E8Z_H	8.001E+00	0.000	6.049E-02	1.051E-01	4.450E-01	55
4bx8A	9I2F_A	3.007E+00	0.000	6.692E-02	6.582E-02	1.457E-01	271
4bx8A	7R06_A	6.443E+00	0.000	1.005E-01	9.626E-02	2.356E-01	230
4bx8A	8C8J_A	5.780E+00	0.000	6.246E-02	5.388E-02	2.418E-01	149
4bx8A	8QBL_A	7.580E+00	0.000	6.024E-02	9.389E-02	3.035E-01	77
4bx8A	9IOA_A	4.650E+00	0.000	5.425E-02	6.009E-02	1.819E-01	152
4bx8A	9Z6Z_H	6.103E+00	0.000	8.723E-02	8.137E-02	1.702E-01	248
4bx8A	9K6G_A	8.001E+00	0.000	9.415E-02	6.029E-02	2.269E-01	235
4bx8A	8UW3_A	4.404E+00	0.000	9.327E-02	5.068E-02	1.465E-01	415
4bx8A	8QBM_A	9.918E+00	0.000	5.982E-02	9.290E-02	3.012E-01	77
4bx8A	9NNB_B	7.181E+00	0.000	6.427E-02	9.959E-02	2.069E-01	125
4bx8A	9I2G_B	6.802E+00	0.000	6.583E-02	6.494E-02	1.460E-01	270
4bx8A	8SXT_A	7.580E+00	0.000	6.563E-02	5.563E-02	1.689E-01	197
4bx8A	9NL3_A	6.103E+00	0.000	4.553E-02	2.700E-02	1.494E-01	152
4bx8A	9N69_E	8.444E+00	0.000	5.587E-02	9.021E-02	2.176E-01	114
4bx8A	8QBK_A	9.918E+00	0.000	6.142E-02	9.867E-02	2.774E-01	79
4bx8A	9L7P_E	9.401E+00	0.000	5.712E-02	9.082E-02	2.033E-01	111
4bx8A	8UBD_A	9.918E+00	0.000	2.764E-02	4.156E-02	3.556E-01	37
4bx8A	9NL2_A	9.918E+00	0.000	8.678E-02	5.119E-02	2.094E-01	210
4bx8A	26CZ_A	9.401E+00	0.000	7.477E-02	6.766E-02	1.344E-01	365
1o7jA	9I2F_A	1.166E+00	0.010	1.464E-01	9.055E-02	3.560E-01	120
1o7jA	9I2G_B	1.662E+00	0.008	1.393E-01	8.750E-02	3.353E-01	117
1o7jA	9S1F_B	1.985E+00	0.007	1.607E-01	1.036E-01	3.469E-01	131
1o7jA	8SXT_A	3.382E+00	0.000	7.824E-02	3.922E-02	2.579E-01	100
1o7jA	9YFD_A	3.382E+00	0.000	1.563E-01	6.084E-02	2.157E-01	270
1o7jA	9HDO_A	6.867E+00	0.000	7.420E-02	2.696E-02	3.347E-01	69
1o7jA	9NL2_A	4.284E+00	0.000	8.326E-02	3.314E-02	1.815E-01	111
1o7jA	6AR1_A	7.722E+00	0.000	6.972E-02	5.874E-02	2.264E-01	81
1o7jA	1RTD_A	9.201E+00	0.000	8.244E-02	5.152E-02	3.361E-01	80
1o7jA	9K6G_A	7.722E+00	0.000	7.469E-02	2.735E-02	3.387E-01	69
1o7jA	8OZ7_A	7.722E+00	0.000	7.431E-02	5.266E-02	2.212E-01	81
1o7jA	9VHE_A	9.752E+00	0.000	3.101E-02	3.993E-02	1.452E-01	27
1o7jA	9X9B_A	7.722E+00	0.000	5.696E-02	5.287E-02	1.973E-01	83
1u2hA	9Z6Z_H	7.973E+00	0.000	1.915E-01	3.983E-02	3.557E-01	32
1u2hA	8UW3_A	5.158E+00	0.000	1.606E-01	2.063E-02	2.459E-01	62
1u2hA	7V9X_A	7.973E+00	0.000	1.574E-01	5.590E-02	3.334E-01	51
1u2hA	1RTD_A	8.417E+00	0.000	1.804E-01	3.842E-02	3.738E-01	53
1u2hA	8QBL_A	9.893E+00	0.000	1.507E-01	5.160E-02	4.023E-01	18
1u2hA	7XJG_A	9.893E+00	0.000	1.359E-01	4.522E-02	4.667E-01	16
1u2hA	6ME0_C	9.893E+00	0.000	1.803E-01	5.306E-02	3.040E-01	59
1u2hA	9NL3_A	6.774E+00	0.000	1.333E-01	2.305E-02	1.646E-01	91
1u2hA	9YFD_A	9.376E+00	0.000	1.559E-01	2.337E-02	3.214E-01	49
1u2hA	8FLI_B	9.376E+00	0.000	1.500E-01	4.518E-02	2.544E-01	54
1u2hA	7KFT_C	9.376E+00	0.000	1.013E-01	2.389E-02	2.429E-01	34
1u2hA	8C8J_A	9.893E+00	0.000	1.176E-01	2.577E-02	2.536E-01	29
1u2hA	8GH6_A	7.973E+00	0.000	1.423E-01	2.708E-02	1.951E-01	87
1u2hA	9HDO_A	9.376E+00	0.000	1.380E-01	1.949E-02	2.295E-01	23
1u2hA	7UIM_D	9.376E+00	0.000	1.195E-01	3.936E-02	1.740E-01	19
1ubdC	9NL2_A	2.860E-02	0.150	1.946E-01	3.812E-02	2.659E-01	89
1ubdC	9NL3_A	7.992E-02	0.098	1.950E-01	3.690E-02	2.644E-01	90
1ubdC	9DOU_A	2.860E-02	0.082	1.872E-01	3.594E-02	1.938E-01	125
1ubdC	8GH6_A	1.326E+00	0.009	1.651E-01	2.997E-02	3.136E-01	66
1ubdC	5HHL_A	3.230E+00	0.000	1.412E-01	7.350E-02	1.853E-01	99
1ubdC	5HHJ_A	2.630E+00	0.000	1.468E-01	7.247E-02	1.635E-01	125
1ubdC	7UIN_D	2.630E+00	0.000	1.417E-01	6.069E-02	1.595E-01	120
1ubdC	6AR1_A	6.398E+00	0.000	1.280E-01	5.532E-02	3.604E-01	42
1ubdC	9N69_E	4.869E+00	0.000	1.547E-01	7.437E-02	2.067E-01	90
1ubdC	7V9X_A	3.704E+00	0.000	1.505E-01	7.597E-02	1.925E-01	99
1ubdC	7UIM_D	3.230E+00	0.000	1.448E-01	5.584E-02	1.595E-01	119
1ubdC	8FLI_B	5.214E+00	0.000	1.704E-01	6.200E-02	2.738E-01	79
1ubdC	5HHK_A	4.548E+00	0.000	1.488E-01	7.224E-02	1.655E-01	125
1ubdC	7XJG_A	5.977E+00	0.000	1.463E-01	7.388E-02	2.209E-01	72
1ubdC	8UB7_A	6.849E+00	0.000	1.486E-01	6.386E-02	2.603E-01	71
1ubdC	8BGJ_A	8.982E+00	0.000	1.256E-01	8.341E-02	3.098E-01	43
1ubdC	7V9U_A	4.548E+00	0.000	1.158E-01	6.146E-02	1.461E-01	103
1ubdC	8QBK_A	6.849E+00	0.000	1.433E-01	7.144E-02	2.346E-01	73
1ubdC	9X9B_A	8.396E+00	0.000	1.599E-01	6.281E-02	2.846E-01	61
1ubdC	8OZ7_A	8.396E+00	0.000	1.769E-01	5.504E-02	2.495E-01	90
1ubdC	8UBD_A	7.331E+00	0.000	1.161E-01	6.494E-02	1.731E-01	87
1ubdC	6MEC_C	7.331E+00	0.000	1.202E-01	6.636E-02	1.462E-01	111
1ubdC	7R06_A	9.608E+00	0.000	1.035E-01	3.241E-02	2.801E-01	53
1ubdC	9HDO_A	8.982E+00	0.000	1.103E-01	2.846E-02	2.087E-01	70
1w5rA	9E8Z_H	6.468E-01	0.008	8.221E-02	7.545E-02	1.669E-01	115
1w5rA	26CZ_A	6.124E-01	0.007	7.256E-02	3.665E-02	1.440E-01	149
1w5rA	9Z6Y_A	2.403E+00	0.000	6.692E-02	4.586E-02	2.475E-01	79
1w5rA	9Z6Z_A	2.680E+00	0.000	7.426E-02	5.199E-02	2.621E-01	79
1w5rA	9Z6Z_H	2.275E+00	0.000	7.342E-02	3.865E-02	2.081E-01	111
1w5rA	5HHJ_A	4.383E+00	0.000	8.626E-02	8.208E-02	2.304E-01	98
1w5rA	7V9U_A	3.720E+00	0.000	7.186E-02	6.568E-02	2.180E-01	76
1w5rA	9Z6Y_H	2.154E+00	0.000	7.388E-02	3.707E-02	1.191E-01	123
1w5rA	8QBL_A	5.757E+00	0.000	7.205E-02	6.537E-02	2.025E-01	82
1w5rA	8QBM_A	5.757E+00	0.000	7.225E-02	6.573E-02	2.109E-01	76
1w5rA	7XJG_A	5.451E+00	0.000	9.869E-02	9.055E-02	1.785E-01	126
1w5rA	5VBS_A	7.554E+00	0.000	7.875E-02	8.514E-02	2.255E-01	82
1w5rA	5HHK_A	6.777E+00	0.000	8.611E-02	8.218E-02	2.310E-01	98
1w5rA	7V9X_A	6.079E+00	0.000	7.276E-02	6.534E-02	2.147E-01	76
1w5rA	9X94_A	6.079E+00	0.000	8.696E-02	7.088E-02	1.696E-01	123
1w5rA	9X9B_A	4.888E+00	0.000	7.950E-02	6.470E-02	1.696E-01	109
1w5rA	6AR1_A	7.156E+00	0.000	9.371E-02	6.624E-02	1.584E-01	140
1w5rA	9C0I_A	5.757E+00	0.000	9.588E-02	7.016E-02	1.917E-01	112
1w5rA	7R08_A	6.419E+00	0.000	7.469E-02	4.667E-02	1.967E-01	113
1w5rA	24NC_A	6.777E+00	0.000	7.647E-02	4.541E-02	2.340E-01	103
1w5rA	9LBQ_A	6.079E+00	0.000	8.110E-02	6.771E-02	1.442E-01	131
1w5rA	7UIN_D	9.891E+00	0.000	9.126E-02	6.919E-02	2.297E-01	98
1w5rA	6ME0_C	8.884E+00	0.000	6.467E-02	4.741E-02	2.049E-01	89
1w5rA	6MEC_C	7.975E+00	0.000	6.889E-02	5.041E-02	1.544E-01	115
1w5rA	9LJE_A	8.884E+00	0.000	9.663E-02	7.467E-02	1.929E-01	112
1w5rA	7KFT_C	8.884E+00	0.000	9.359E-02	5.577E-02	1.864E-01	127
1w5rA	9VHE_A	9.375E+00	0.000	7.333E-02	7.333E-02	1.581E-01	128
1w5rA	9WN8_A	9.375E+00	0.000	5.620E-02	4.827E-02	9.487E-02	144
1w5rA	23OR_A	9.375E+00	0.000	7.623E-02	6.072E-02	1.440E-01	131
1xodB	7XJG_A	2.706E+00	0.010	1.665E-01	7.719E-02	4.487E-01	45
1xodB	9D4S_A	2.854E+00	0.010	1.391E-01	4.750E-02	5.667E-01	23
1xodB	5HHJ_A	4.603E+00	0.009	2.041E-01	9.070E-02	5.870E-01	33
1xodB	8QBK_A	2.433E+00	0.009	1.658E-01	7.366E-02	3.947E-01	46
1xodB	8UB7_A	3.347E+00	0.009	1.807E-01	7.322E-02	4.791E-01	28
1xodB	9D5X_A	3.925E+00	0.009	1.415E-01	4.969E-02	5.906E-01	23
1xodB	5HHK_A	5.691E+00	0.007	2.123E-01	9.431E-02	6.035E-01	34
1xodB	8QBL_A	4.139E+00	0.007	1.653E-01	7.795E-02	4.586E-01	45
1xodB	8QBM_A	3.174E+00	0.007	1.661E-01	7.376E-02	3.926E-01	46
1xodB	7UIM_D	5.118E+00	0.007	1.922E-01	6.434E-02	5.488E-01	44
1xodB	9WY8_A	6.670E+00	0.007	1.943E-01	4.956E-02	7.434E-01	26
1xodB	9VHL_A	5.397E+00	0.000	2.071E-01	1.020E-01	4.926E-01	36
1xodB	5HHL_A	6.326E+00	0.000	1.997E-01	8.815E-02	5.574E-01	44
1xodB	7V9U_A	3.529E+00	0.000	1.470E-01	6.307E-02	3.647E-01	41
1xodB	8BGJ_A	5.397E+00	0.000	1.408E-01	9.420E-02	4.305E-01	34
1xodB	7R08_A	7.813E+00	0.000	2.203E-01	6.191E-02	6.110E-01	36
1xodB	24NC_A	7.412E+00	0.000	2.216E-01	5.661E-02	6.413E-01	46
1xodB	26CZ_A	6.670E+00	0.000	2.032E-01	4.757E-02	4.755E-01	37
1xodB	5VBS_A	4.854E+00	0.000	1.238E-01	7.449E-02	3.775E-01	44
1xodB	9NNB_B	6.326E+00	0.000	1.921E-01	8.318E-02	4.962E-01	44
1xodB	9C0I_A	4.854E+00	0.000	1.355E-01	4.506E-02	3.252E-01	37
1xodB	9Z6Z_H	9.146E+00	0.000	2.177E-01	4.861E-02	6.116E-01	36
1xodB	8UBD_A	7.412E+00	0.000	1.811E-01	7.389E-02	4.813E-01	28
1xodB	9X9B_A	5.691E+00	0.000	1.475E-01	5.557E-02	3.468E-01	43
1xodB	7UIN_D	9.636E+00	0.000	2.015E-01	6.896E-02	5.979E-01	40
1xodB	6ME0_C	6.670E+00	0.000	1.714E-01	5.554E-02	3.583E-01	64
1xodB	9LJE_A	7.813E+00	0.000	1.978E-01	6.645E-02	4.935E-01	35
1xodB	8FLI_B	6.000E+00	0.000	1.445E-01	4.809E-02	2.879E-01	66
1xodB	9YFD_A	4.854E+00	0.000	1.237E-01	2.222E-02	2.408E-01	37
1xodB	7V9X_A	7.813E+00	0.000	1.494E-01	7.017E-02	3.483E-01	44
1xodB	9LBQ_A	8.679E+00	0.000	1.663E-01	7.215E-02	2.950E-01	61
1xodB	23OR_A	7.412E+00	0.000	1.646E-01	5.687E-02	2.991E-01	69
1xodB	8UW3_A	7.813E+00	0.000	1.519E-01	2.135E-02	3.401E-01	34
1zavA	9IOA_A	9.613E-01	0.020	2.454E-01	1.053E-01	3.850E-01	139
1zavA	9DOU_A	9.058E-01	0.016	2.130E-01	5.643E-02	3.211E-01	158
1zavA	5HHL_A	1.848E+00	0.009	2.288E-01	1.595E-01	3.099E-01	159
1zavA	5HHK_A	1.848E+00	0.008	1.898E-01	1.297E-01	2.830E-01	140
1zavA	5HHJ_A	2.209E+00	0.008	2.068E-01	1.419E-01	2.953E-01	148
1zavA	7UIM_D	3.155E+00	0.007	2.262E-01	1.250E-01	3.358E-01	129
1zavA	6ME0_C	2.209E+00	0.007	1.948E-01	1.012E-01	2.982E-01	131
1zavA	9HDO_A	1.961E+00	0.007	1.946E-01	4.766E-02	3.081E-01	159
1zavA	8BGJ_A	2.640E+00	0.000	1.931E-01	1.746E-01	3.013E-01	137
1zavA	8GH6_A	2.640E+00	0.000	2.080E-01	5.694E-02	3.128E-01	156
1zavA	9NL2_A	2.973E+00	0.000	2.091E-01	4.840E-02	3.280E-01	163
1zavA	5VBS_A	4.780E+00	0.000	2.461E-01	1.877E-01	4.064E-01	136
1zavA	9VHL_A	3.155E+00	0.000	1.894E-01	1.384E-01	2.119E-01	220
1zavA	7R08_A	3.348E+00	0.000	2.166E-01	9.581E-02	2.691E-01	178
1zavA	9VHE_A	2.973E+00	0.000	1.661E-01	1.219E-01	1.958E-01	203
1zavA	7V9U_A	3.552E+00	0.000	2.045E-01	1.310E-01	2.159E-01	231
1zavA	8UB7_A	3.770E+00	0.000	2.056E-01	1.269E-01	2.327E-01	205
1zavA	9K6G_A	3.770E+00	0.000	2.274E-01	5.973E-02	2.792E-01	194
1zavA	9NL3_A	4.000E+00	0.000	2.082E-01	5.109E-02	2.756E-01	178
1zavA	9N69_E	4.245E+00	0.000	1.857E-01	1.252E-01	2.050E-01	209
1zavA	8QBL_A	3.155E+00	0.000	1.274E-01	9.024E-02	2.031E-01	114
1zavA	7XJG_A	4.504E+00	0.000	1.759E-01	1.089E-01	1.804E-01	252
1zavA	8UBD_A	4.780E+00	0.000	2.121E-01	1.293E-01	2.354E-01	209
1zavA	7UIN_D	5.710E+00	0.000	1.917E-01	1.052E-01	2.844E-01	133
1zavA	8FLI_B	4.245E+00	0.000	1.965E-01	9.590E-02	2.175E-01	204
1zavA	1RTD_A	7.232E+00	0.000	1.954E-01	7.180E-02	5.002E-01	74
1zavA	9E8Z_H	4.245E+00	0.000	1.222E-01	8.254E-02	2.010E-01	103
1zavA	9LBQ_A	2.640E+00	0.000	1.106E-01	9.240E-02	1.427E-01	150
1zavA	6MEC_C	4.245E+00	0.000	1.451E-01	7.414E-02	1.839E-01	180
1zavA	24NC_A	6.818E+00	0.000	2.035E-01	8.318E-02	3.389E-01	141
1zavA	7KFT_C	4.000E+00	0.000	1.437E-01	5.905E-02	2.088E-01	157
1zavA	8SXT_A	6.058E+00	0.000	1.981E-01	6.645E-02	2.930E-01	158
1zavA	9YFD_A	5.072E+00	0.000	1.671E-01	4.136E-02	1.913E-01	223
1zavA	8UW3_A	6.058E+00	0.000	1.942E-01	3.957E-02	3.026E-01	158
1zavA	9NNB_B	4.504E+00	0.000	1.185E-01	8.416E-02	1.412E-01	154
1zavA	5G2X_C	8.627E+00	0.000	1.763E-01	7.292E-02	4.166E-01	73
1zavA	9WY8_A	7.232E+00	0.000	2.100E-01	1.019E-01	2.192E-01	220
1zavA	8C8J_A	5.710E+00	0.000	1.835E-01	6.364E-02	1.968E-01	260
1zavA	8QBM_A	7.671E+00	0.000	1.231E-01	9.143E-02	2.018E-01	114
1zavA	6AR1_A	8.136E+00	0.000	1.319E-01	7.550E-02	1.624E-01	142
1zavA	9I2F_A	9.697E+00	0.000	1.592E-01	6.215E-02	1.913E-01	237
2g50A	9S1F_B	8.316E-01	0.011	6.957E-02	6.432E-02	2.805E-01	105
2g50A	7V9X_A	7.878E-01	0.010	5.781E-02	7.912E-02	2.498E-01	104
2g50A	9NNB_B	9.785E-01	0.009	5.675E-02	7.655E-02	2.397E-01	109
2g50A	7XJG_A	8.780E-01	0.009	6.585E-02	9.673E-02	2.456E-01	132
2g50A	9I2G_B	1.151E+00	0.009	7.747E-02	7.081E-02	2.615E-01	126
2g50A	9N69_E	1.283E+00	0.008	5.612E-02	8.168E-02	2.297E-01	113
2g50A	9YFD_A	6.008E-01	0.008	1.496E-01	8.709E-02	1.827E-01	546
2g50A	24NC_A	6.008E-01	0.007	7.873E-02	7.862E-02	1.301E-01	304
2g50A	9I2F_A	1.875E+00	0.007	7.579E-02	6.948E-02	2.590E-01	130
2g50A	9Z6Y_H	4.111E-01	0.007	8.302E-02	7.603E-02	1.191E-01	393
2g50A	26CZ_A	4.340E-01	0.007	7.410E-02	6.407E-02	1.284E-01	281
2g50A	9E8Z_H	1.776E+00	0.000	5.094E-02	7.381E-02	2.269E-01	112
2g50A	9L7P_E	1.510E+00	0.000	5.460E-02	7.416E-02	2.328E-01	108
2g50A	6ME0_C	1.430E+00	0.000	6.492E-02	7.635E-02	2.067E-01	141
2g50A	1RTD_A	1.355E+00	0.000	8.144E-02	7.696E-02	1.875E-01	235
2g50A	7V9U_A	2.595E+00	0.000	5.271E-02	8.045E-02	3.084E-01	80
2g50A	8QBK_A	2.459E+00	0.000	6.388E-02	9.121E-02	2.462E-01	116
2g50A	7UIN_D	1.151E+00	0.000	6.602E-02	8.167E-02	1.285E-01	271
2g50A	8FLI_B	1.283E+00	0.000	6.107E-02	6.711E-02	1.678E-01	166
2g50A	9Z6Z_H	8.780E-01	0.000	7.488E-02	6.749E-02	1.230E-01	314
2g50A	9VHE_A	3.223E+00	0.000	5.690E-02	8.435E-02	2.366E-01	108
2g50A	8QBL_A	2.459E+00	0.000	5.670E-02	8.084E-02	2.137E-01	113
2g50A	8QBM_A	3.054E+00	0.000	4.998E-02	7.709E-02	2.806E-01	79
2g50A	7R08_A	3.223E+00	0.000	9.783E-02	1.033E-01	2.080E-01	259
2g50A	6AR1_A	1.430E+00	0.000	6.618E-02	7.741E-02	1.262E-01	264
2g50A	9HDO_A	4.003E+00	0.000	4.243E-02	2.432E-02	2.451E-01	119
2g50A	9VHL_A	5.845E+00	0.000	5.771E-02	8.414E-02	2.374E-01	108
2g50A	5HHK_A	5.845E+00	0.000	4.002E-02	6.426E-02	2.526E-01	52
2g50A	9LBQ_A	4.709E+00	0.000	4.497E-02	6.120E-02	1.928E-01	95
2g50A	9WN8_A	6.511E+00	0.000	4.442E-02	5.673E-02	2.656E-01	94
2g50A	5G2X_C	5.246E+00	0.000	3.094E-02	3.283E-02	2.534E-01	60
2g50A	8OZ7_A	3.054E+00	0.000	6.235E-02	5.691E-02	1.219E-01	259
2g50A	7R06_A	3.792E+00	0.000	6.920E-02	6.218E-02	1.237E-01	269
2g50A	8UW3_A	5.538E+00	0.000	6.892E-02	4.026E-02	2.160E-01	184
2g50A	5VBS_A	5.538E+00	0.000	5.766E-02	1.052E-01	1.799E-01	130
2g50A	5HHL_A	8.073E+00	0.000	3.949E-02	6.185E-02	2.488E-01	52
2g50A	9X9B_A	6.511E+00	0.000	3.755E-02	4.856E-02	2.041E-01	107
2g50A	9LPA_A	8.517E+00	0.000	4.156E-02	5.509E-02	2.805E-01	77
2g50A	8SXT_A	9.993E+00	0.000	4.082E-02	3.086E-02	3.177E-01	48
2g50A	9DOU_A	5.246E+00	0.000	6.809E-02	4.263E-02	1.500E-01	237
2g50A	9K6G_A	8.517E+00	0.000	4.278E-02	2.438E-02	2.503E-01	118
2g50A	8UBD_A	9.476E+00	0.000	4.968E-02	7.133E-02	2.007E-01	119
2g50A	7UIM_D	8.073E+00	0.000	4.547E-02	5.701E-02	1.928E-01	121
2g50A	9C0I_A	7.651E+00	0.000	5.226E-02	6.172E-02	1.481E-01	134
2g50A	8C8J_A	8.073E+00	0.000	4.295E-02	3.368E-02	1.643E-01	121
2g50A	9NL2_A	9.993E+00	0.000	5.230E-02	3.140E-02	1.745E-01	156
2g50A	8GH6_A	8.984E+00	0.000	7.539E-02	5.190E-02	1.314E-01	307
2x49A	9S1F_B	3.264E-02	0.034	1.101E-01	7.357E-02	1.375E-01	353
2x49A	9I2G_B	6.457E-02	0.024	1.081E-01	7.233E-02	1.393E-01	358
2x49A	9I2F_A	4.337E-02	0.020	9.367E-02	7.234E-02	1.181E-01	361
2x49A	9NNB_B	1.649E+00	0.000	8.274E-02	8.783E-02	2.150E-01	135
2x49A	6AR1_A	2.191E+00	0.000	1.074E-01	9.537E-02	2.114E-01	191
2x49A	8UW3_A	9.339E-01	0.000	9.061E-02	3.757E-02	1.353E-01	234
2x49A	9VHE_A	3.451E+00	0.000	8.733E-02	1.037E-01	2.958E-01	104
2x49A	7R08_A	4.584E+00	0.000	1.441E-01	1.154E-01	2.543E-01	198
2x49A	9VHL_A	4.852E+00	0.000	7.474E-02	8.476E-02	2.796E-01	73
2x49A	5HHL_A	2.070E+00	0.000	9.794E-02	1.068E-01	1.331E-01	243
2x49A	9N69_E	7.210E+00	0.000	8.058E-02	8.630E-02	4.109E-01	46
2x49A	8QBM_A	7.210E+00	0.000	8.729E-02	9.305E-02	3.850E-01	51
2x49A	7XJG_A	8.070E+00	0.000	8.431E-02	8.866E-02	4.242E-01	49
2x49A	24NC_A	3.261E+00	0.000	1.348E-01	1.029E-01	1.696E-01	281
2x49A	8QBL_A	5.751E+00	0.000	9.629E-02	1.016E-01	2.447E-01	119
2x49A	8UBD_A	4.852E+00	0.000	8.516E-02	8.673E-02	1.853E-01	121
2x49A	8UB7_A	4.584E+00	0.000	8.546E-02	8.642E-02	1.850E-01	121
2x49A	9C0I_A	6.440E+00	0.000	6.687E-02	5.601E-02	3.129E-01	47
2x49A	1RTD_A	4.852E+00	0.000	9.873E-02	6.707E-02	2.583E-01	92
2x49A	8C8J_A	5.751E+00	0.000	1.093E-01	6.470E-02	2.509E-01	106
2x49A	5HHK_A	4.331E+00	0.000	8.833E-02	9.648E-02	1.264E-01	164
2x49A	7V9U_A	7.628E+00	0.000	8.531E-02	9.081E-02	2.389E-01	105
2x49A	7V9X_A	9.547E+00	0.000	8.408E-02	8.843E-02	4.134E-01	49
2x49A	9WN8_A	4.331E+00	0.000	8.086E-02	7.792E-02	1.396E-01	192
2x49A	5HHJ_A	6.440E+00	0.000	7.316E-02	8.172E-02	1.699E-01	121
2x49A	9E8Z_H	9.028E+00	0.000	7.931E-02	8.452E-02	2.785E-01	67
2x49A	8QBK_A	8.070E+00	0.000	8.501E-02	8.998E-02	2.388E-01	105
2x49A	7UIM_D	9.028E+00	0.000	9.105E-02	8.080E-02	2.439E-01	95
2x49A	9LPA_A	7.628E+00	0.000	7.292E-02	6.754E-02	1.554E-01	128
2x49A	5G2X_C	9.028E+00	0.000	6.862E-02	5.280E-02	2.013E-01	90
2x49A	9Z6Z_H	9.028E+00	0.000	9.596E-02	6.146E-02	1.594E-01	180
2x49A	26CZ_A	9.547E+00	0.000	1.207E-01	7.326E-02	2.089E-01	207
2x49A	9HDO_A	9.028E+00	0.000	9.169E-02	4.310E-02	1.443E-01	189
2x49A	9LBQ_A	9.547E+00	0.000	7.826E-02	8.083E-02	1.394E-01	176
3iavA	8UW3_A	1.236E-01	0.076	1.070E-01	5.018E-02	3.862E-01	114
3iavA	1RTD_A	5.679E-02	0.063	6.949E-02	6.602E-02	3.033E-01	102
3iavA	9YFD_A	1.351E+00	0.009	8.148E-02	4.410E-02	3.554E-01	87
3iavA	6MEC_C	4.206E+00	0.000	4.258E-02	5.175E-02	4.663E-01	53
3iavA	9LJE_A	9.437E-01	0.000	5.223E-02	6.174E-02	2.346E-01	101
3iavA	6ME0_C	4.740E+00	0.000	4.258E-02	5.208E-02	4.932E-01	53
3iavA	8GH6_A	2.180E+00	0.000	8.557E-02	5.669E-02	2.197E-01	163
3iavA	9Z6Z_A	1.716E+00	0.000	3.505E-02	4.199E-02	3.039E-01	54
3iavA	9Z6Y_A	3.516E+00	0.000	3.403E-02	4.209E-02	4.296E-01	30
3iavA	9DOU_A	3.962E+00	0.000	9.929E-02	6.321E-02	2.768E-01	142
3iavA	8QBK_A	3.962E+00	0.000	4.619E-02	6.107E-02	1.732E-01	112
3iavA	8QBM_A	3.312E+00	0.000	4.581E-02	6.088E-02	1.726E-01	112
3iavA	9LBQ_A	5.668E+00	0.000	3.824E-02	6.050E-02	5.203E-01	23
3iavA	8UB7_A	2.769E+00	0.000	5.079E-02	6.150E-02	1.558E-01	158
3iavA	9WN8_A	4.206E+00	0.000	3.959E-02	5.545E-02	3.888E-01	47
3iavA	23OR_A	5.340E+00	0.000	3.825E-02	5.305E-02	5.282E-01	23
3iavA	9D4S_A	3.733E+00	0.000	5.963E-02	7.206E-02	1.675E-01	171
3iavA	9C0I_A	2.457E+00	0.000	5.205E-02	6.125E-02	2.050E-01	108
3iavA	7R06_A	7.630E+00	0.000	4.477E-02	3.965E-02	4.389E-01	53
3iavA	8SXT_A	5.031E+00	0.000	3.474E-02	2.645E-02	4.639E-01	32
3iavA	7V9U_A	9.659E+00	0.000	2.295E-02	3.863E-02	8.607E-01	12
3iavA	7V9X_A	4.206E+00	0.000	5.068E-02	6.843E-02	1.652E-01	112
3iavA	9Z6Y_H	7.190E+00	0.000	4.867E-02	4.140E-02	3.809E-01	55
3iavA	9Z6Z_H	8.587E+00	0.000	4.377E-02	3.718E-02	4.659E-01	52
3iavA	26CZ_A	9.108E+00	0.000	4.402E-02	3.713E-02	4.180E-01	49
3iavA	9NL2_A	7.630E+00	0.000	9.469E-02	5.315E-02	2.654E-01	155
3iavA	5HHL_A	7.190E+00	0.000	6.004E-02	9.028E-02	1.755E-01	122
3iavA	5HHK_A	5.668E+00	0.000	5.124E-02	7.589E-02	1.739E-01	126
3iavA	9NNB_B	8.095E+00	0.000	3.740E-02	5.681E-02	4.083E-01	44
3iavA	9LPA_A	7.190E+00	0.000	3.477E-02	4.704E-02	3.442E-01	46
3iavA	6AR1_A	9.108E+00	0.000	2.993E-02	3.723E-02	5.442E-01	16
3iavA	7R08_A	4.206E+00	0.000	4.489E-02	4.748E-02	1.353E-01	144
3iavA	9I2F_A	6.776E+00	0.000	4.453E-02	4.075E-02	2.263E-01	54
3iavA	9VHE_A	9.108E+00	0.000	4.535E-02	7.259E-02	2.391E-01	79
3iavA	5HHJ_A	8.587E+00	0.000	5.125E-02	7.519E-02	1.723E-01	126
3iavA	9IOA_A	7.630E+00	0.000	7.025E-02	7.365E-02	1.705E-01	185
3iavA	8QBL_A	8.095E+00	0.000	4.075E-02	5.707E-02	1.625E-01	92
3iavA	7UIM_D	9.108E+00	0.000	4.218E-02	5.355E-02	1.760E-01	97
3iavA	8FLI_B	8.095E+00	0.000	3.313E-02	4.405E-02	1.459E-01	65
3smzA	6ME0_C	3.638E-01	0.076	1.617E-01	1.154E-01	4.910E-01	114
3smzA	8QBK_A	5.289E-01	0.011	1.259E-01	1.153E-01	2.436E-01	218
3smzA	8QBL_A	6.377E-01	0.011	1.537E-01	1.419E-01	2.617E-01	232
3smzA	7V9X_A	5.991E-01	0.011	1.343E-01	1.216E-01	2.450E-01	239
3smzA	7UIM_D	1.190E+00	0.011	1.534E-01	1.181E-01	3.564E-01	134
3smzA	9C0I_A	2.676E+00	0.011	1.451E-01	9.937E-02	5.867E-01	53
3smzA	8QBM_A	6.377E-01	0.010	1.253E-01	1.148E-01	2.403E-01	219
3smzA	6MEC_C	7.224E-01	0.010	1.450E-01	1.036E-01	2.996E-01	163
3smzA	9VHE_A	2.209E-01	0.009	1.254E-01	1.277E-01	1.640E-01	249
3smzA	8FLI_B	1.959E+00	0.009	1.392E-01	9.181E-02	4.467E-01	59
3smzA	9NNB_B	4.669E-01	0.008	1.286E-01	1.180E-01	1.632E-01	270
3smzA	9VHL_A	4.386E-01	0.007	1.164E-01	1.164E-01	1.447E-01	246
3smzA	9D4S_A	9.867E-01	0.007	1.435E-01	1.099E-01	2.214E-01	196
3smzA	9Z6Y_A	4.969E-01	0.007	1.171E-01	8.635E-02	1.548E-01	292
3smzA	9Z6Y_H	1.348E+00	0.007	1.169E-01	6.264E-02	2.577E-01	132
3smzA	9Z6Z_H	1.266E+00	0.007	1.214E-01	6.251E-02	2.455E-01	139
3smzA	5VBS_A	1.266E+00	0.000	1.099E-01	1.218E-01	2.224E-01	179
3smzA	6AR1_A	4.989E+00	0.000	1.342E-01	9.486E-02	4.703E-01	54
3smzA	24NC_A	1.266E+00	0.000	1.596E-01	1.018E-01	1.975E-01	281
3smzA	9N69_E	3.638E-01	0.000	1.013E-01	9.513E-02	1.085E-01	280
3smzA	7V9U_A	1.266E+00	0.000	1.270E-01	1.173E-01	1.545E-01	282
3smzA	9X94_A	2.362E+00	0.000	1.065E-01	8.857E-02	2.640E-01	146
3smzA	23OR_A	8.184E-01	0.000	9.247E-02	7.556E-02	1.430E-01	201
3smzA	9LJE_A	6.012E+00	0.000	1.446E-01	1.008E-01	5.868E-01	53
3smzA	26CZ_A	1.050E+00	0.000	1.220E-01	6.603E-02	1.994E-01	210
3smzA	5HHJ_A	2.362E+00	0.000	1.296E-01	1.244E-01	2.338E-01	188
3smzA	9E8Z_H	3.031E+00	0.000	1.700E-01	1.593E-01	2.653E-01	206
3smzA	7XJG_A	1.434E+00	0.000	1.252E-01	1.139E-01	1.466E-01	313
3smzA	9LBQ_A	2.514E+00	0.000	1.174E-01	1.067E-01	2.015E-01	184
3smzA	9D5X_A	2.848E+00	0.000	1.644E-01	1.272E-01	2.407E-01	208
3smzA	7R08_A	3.226E+00	0.000	1.401E-01	9.445E-02	2.373E-01	181
3smzA	9I2F_A	5.991E-01	0.000	8.860E-02	5.089E-02	1.030E-01	311
3smzA	9L7P_E	1.348E+00	0.000	1.137E-01	1.070E-01	1.393E-01	270
3smzA	8UBD_A	4.405E+00	0.000	8.591E-02	7.604E-02	3.633E-01	43
3smzA	7UIN_D	3.226E+00	0.000	1.386E-01	1.152E-01	1.982E-01	208
3smzA	9S1F_B	3.031E+00	0.000	1.070E-01	6.203E-02	2.004E-01	155
3smzA	8OZ7_A	1.434E+00	0.000	9.798E-02	6.631E-02	1.541E-01	234
3smzA	8GH6_A	2.220E+00	0.000	1.042E-01	4.539E-02	1.605E-01	224
3smzA	9DOU_A	1.527E+00	0.000	6.771E-02	2.937E-02	1.758E-01	121
3smzA	8BGJ_A	3.655E+00	0.000	8.700E-02	1.080E-01	1.854E-01	188
3smzA	5HHL_A	2.514E+00	0.000	1.435E-01	1.385E-01	1.600E-01	324
3smzA	9WN8_A	2.676E+00	0.000	8.254E-02	6.850E-02	1.966E-01	115
3smzA	9X9B_A	2.220E+00	0.000	8.922E-02	7.624E-02	1.379E-01	193
3smzA	9I2G_B	3.655E+00	0.000	9.820E-02	5.903E-02	1.922E-01	153
3smzA	5HHK_A	5.310E+00	0.000	1.543E-01	1.491E-01	2.407E-01	188
3smzA	9IOA_A	5.310E+00	0.000	1.189E-01	7.531E-02	2.380E-01	163
3smzA	9NL3_A	3.434E+00	0.000	7.057E-02	2.849E-02	1.753E-01	124
3smzA	9LPA_A	7.241E+00	0.000	1.385E-01	1.112E-01	2.201E-01	190
3smzA	9Z6Z_A	4.405E+00	0.000	1.182E-01	8.680E-02	1.592E-01	255
3smzA	1RTD_A	6.397E+00	0.000	1.062E-01	6.092E-02	2.290E-01	169
3smzA	7KFT_C	6.806E+00	0.000	1.612E-01	9.259E-02	2.415E-01	254
3smzA	9NL2_A	6.397E+00	0.000	7.746E-02	3.008E-02	1.771E-01	121
3smzA	9YFD_A	4.989E+00	0.000	6.915E-02	3.185E-02	1.133E-01	177
3smzA	9HDO_A	9.849E+00	0.000	1.078E-01	4.343E-02	1.447E-01	235
4ksyA	9N69_E	3.238E+00	0.007	9.186E-02	6.229E-02	3.763E-01	32
4ksyA	6ME0_C	1.027E+00	0.007	1.258E-01	6.301E-02	1.781E-01	172
4ksyA	9LBQ_A	1.308E+00	0.000	1.136E-01	7.451E-02	2.383E-01	84
4ksyA	9E8Z_H	4.123E+00	0.000	8.705E-02	5.827E-02	3.675E-01	32
4ksyA	9WN8_A	2.870E+00	0.000	1.169E-01	6.928E-02	2.616E-01	81
4ksyA	9D4S_A	4.941E+00	0.000	1.286E-01	7.155E-02	3.619E-01	62
4ksyA	1RTD_A	1.997E+00	0.000	1.140E-01	6.416E-02	1.561E-01	133
4ksyA	9VHL_A	4.652E+00	0.000	7.133E-02	4.834E-02	2.701E-01	25
4ksyA	9C0I_A	3.654E+00	0.000	1.338E-01	6.358E-02	2.477E-01	101
4ksyA	9YFD_A	3.654E+00	0.000	1.289E-01	3.717E-02	2.111E-01	97
4ksyA	5HHL_A	7.090E+00	0.000	1.354E-01	9.447E-02	3.528E-01	61
4ksyA	5HHJ_A	4.380E+00	0.000	1.192E-01	8.422E-02	2.690E-01	62
4ksyA	8QBM_A	5.248E+00	0.000	8.571E-02	5.946E-02	2.701E-01	34
4ksyA	9X9B_A	4.380E+00	0.000	1.320E-01	9.124E-02	2.099E-01	125
4ksyA	23OR_A	4.123E+00	0.000	1.270E-01	7.763E-02	2.152E-01	100
4ksyA	7V9U_A	7.090E+00	0.000	1.154E-01	7.610E-02	3.747E-01	34
4ksyA	8QBK_A	5.574E+00	0.000	6.719E-02	4.594E-02	2.262E-01	28
4ksyA	8QBL_A	5.248E+00	0.000	7.234E-02	4.924E-02	2.178E-01	30
4ksyA	9NNB_B	9.004E+00	0.000	9.283E-02	6.188E-02	3.835E-01	32
4ksyA	6MEC_C	5.248E+00	0.000	1.436E-01	7.965E-02	2.053E-01	140
4ksyA	9WY8_A	8.484E+00	0.000	9.083E-02	3.666E-02	3.876E-01	42
4ksyA	7KFT_C	7.090E+00	0.000	1.057E-01	3.778E-02	3.364E-01	56
4ksyA	9I2G_B	4.941E+00	0.000	1.576E-01	7.366E-02	1.777E-01	199
4ksyA	9HDO_A	7.528E+00	0.000	1.319E-01	3.173E-02	3.603E-01	66
4ksyA	8BGJ_A	6.676E+00	0.000	1.124E-01	1.036E-01	2.073E-01	83
4ksyA	5HHK_A	7.090E+00	0.000	1.192E-01	8.440E-02	2.693E-01	62
4ksyA	8UB7_A	9.004E+00	0.000	9.292E-02	5.954E-02	3.669E-01	30
4ksyA	9X94_A	7.528E+00	0.000	1.407E-01	8.431E-02	2.062E-01	127
4ksyA	7UIM_D	8.484E+00	0.000	1.201E-01	6.700E-02	2.362E-01	82
4ksyA	9Z6Z_A	5.574E+00	0.000	9.862E-02	5.831E-02	1.291E-01	188
4ksyA	8FLI_B	7.090E+00	0.000	1.240E-01	5.779E-02	2.230E-01	110
4ksyA	8SXT_A	9.004E+00	0.000	1.263E-01	4.122E-02	3.536E-01	63
4ksyA	9DOU_A	7.528E+00	0.000	1.547E-01	4.862E-02	2.075E-01	142
4ksyA	9LJE_A	8.484E+00	0.000	1.355E-01	6.968E-02	1.983E-01	155
4ksyA	9IOA_A	7.992E+00	0.000	8.225E-02	4.377E-02	2.245E-01	66
4rlqA	9L7P_E	7.243E-01	0.010	4.780E-02	7.466E-02	2.640E-01	91
4rlqA	9VHL_A	3.379E+00	0.000	4.598E-02	7.800E-02	4.535E-01	37
4rlqA	9E8Z_H	3.001E+00	0.000	5.261E-02	7.873E-02	3.991E-01	48
4rlqA	9N69_E	2.513E+00	0.000	5.279E-02	7.909E-02	3.531E-01	54
4rlqA	9NNB_B	2.368E+00	0.000	5.233E-02	7.826E-02	3.201E-01	56
4rlqA	9DOU_A	2.829E+00	0.000	5.804E-02	3.823E-02	2.259E-01	90
4rlqA	5HHL_A	3.803E+00	0.000	4.902E-02	7.526E-02	3.659E-01	53
4rlqA	9WN8_A	2.829E+00	0.000	4.664E-02	6.341E-02	2.123E-01	101
4rlqA	1RTD_A	4.818E+00	0.000	6.491E-02	6.121E-02	3.339E-01	79
4rlqA	8OZ7_A	6.473E+00	0.000	4.375E-02	3.847E-02	5.050E-01	35
4rlqA	8QBL_A	4.035E+00	0.000	4.410E-02	6.489E-02	3.159E-01	36
4rlqA	9LPA_A	3.001E+00	0.000	3.951E-02	4.896E-02	2.104E-01	88
4rlqA	9D5X_A	8.680E+00	0.000	3.658E-02	4.800E-02	7.487E-01	22
4rlqA	8GH6_A	3.184E+00	0.000	4.217E-02	2.729E-02	2.331E-01	91
4rlqA	9VHE_A	5.423E+00	0.000	4.115E-02	6.695E-02	2.893E-01	37
4rlqA	9I2F_A	4.035E+00	0.000	5.101E-02	4.700E-02	1.514E-01	117
4rlqA	9K6G_A	3.001E+00	0.000	3.848E-02	2.316E-02	1.999E-01	76
4rlqA	8QBK_A	5.753E+00	0.000	5.023E-02	7.560E-02	3.057E-01	47
4rlqA	8QBM_A	7.281E+00	0.000	4.778E-02	7.006E-02	3.338E-01	50
4rlqA	7UIM_D	6.865E+00	0.000	5.579E-02	7.105E-02	2.971E-01	58
4rlqA	7UIN_D	5.753E+00	0.000	3.755E-02	4.708E-02	2.202E-01	78
4rlqA	9D4S_A	9.753E+00	0.000	3.684E-02	4.637E-02	4.616E-01	20
4rlqA	6AR1_A	7.281E+00	0.000	4.381E-02	5.190E-02	4.323E-01	40
4rlqA	9LJE_A	6.473E+00	0.000	5.252E-02	6.287E-02	3.133E-01	48
4rlqA	5G2X_C	4.281E+00	0.000	6.867E-02	7.129E-02	1.138E-01	248
4rlqA	9WY8_A	5.753E+00	0.000	4.725E-02	4.897E-02	3.148E-01	49
4rlqA	7KFT_C	9.202E+00	0.000	7.864E-02	7.312E-02	3.703E-01	82
4rlqA	5HHK_A	9.753E+00	0.000	5.749E-02	9.285E-02	3.541E-01	45
4rlqA	9LBQ_A	8.680E+00	0.000	4.418E-02	6.587E-02	2.672E-01	31
4rlqA	9X94_A	8.680E+00	0.000	3.819E-02	4.953E-02	2.510E-01	70
4rlqA	23OR_A	8.187E+00	0.000	3.899E-02	5.303E-02	2.603E-01	33
4rlqA	9C0I_A	8.680E+00	0.000	3.527E-02	4.218E-02	2.422E-01	71
4rlqA	7R08_A	9.753E+00	0.000	5.377E-02	5.652E-02	2.772E-01	55
4rlqA	9I2G_B	8.187E+00	0.000	5.324E-02	4.911E-02	1.514E-01	116
4rlqA	8SXT_A	4.281E+00	0.000	5.101E-02	3.844E-02	1.109E-01	168
4rlqA	9NL3_A	8.680E+00	0.000	3.532E-02	2.124E-02	3.116E-01	56
4rlqA	9S1F_B	9.202E+00	0.000	5.317E-02	4.922E-02	1.591E-01	116
4rlqA	8UW3_A	8.187E+00	0.000	3.882E-02	1.966E-02	1.869E-01	78
5is2A	8OZ7_A	3.326E-01	0.082	1.220E-01	8.438E-02	5.477E-01	69
5is2A	9X9B_A	5.098E-01	0.069	1.071E-01	1.176E-01	5.136E-01	74
5is2A	7KFT_C	6.029E-02	0.069	1.437E-01	1.114E-01	2.658E-01	253
5is2A	9Z6Y_H	7.695E-02	0.069	9.489E-02	6.525E-02	2.787E-01	179
5is2A	9LBQ_A	3.994E-01	0.063	1.341E-01	1.607E-01	4.168E-01	117
5is2A	9Z6Z_H	1.253E-01	0.051	8.871E-02	6.302E-02	2.622E-01	140
5is2A	9WN8_A	7.351E-01	0.034	1.323E-01	1.451E-01	3.973E-01	117
5is2A	9X94_A	1.060E+00	0.029	1.370E-01	1.493E-01	4.295E-01	117
5is2A	7UIN_D	6.916E-01	0.029	1.204E-01	1.225E-01	3.637E-01	128
5is2A	23OR_A	8.827E-01	0.020	1.298E-01	1.380E-01	3.474E-01	194
5is2A	9LPA_A	7.814E-01	0.020	1.394E-01	1.468E-01	3.548E-01	161
5is2A	7R08_A	2.606E-01	0.020	1.139E-01	9.606E-02	2.175E-01	214
5is2A	24NC_A	1.127E+00	0.020	8.543E-02	6.696E-02	4.432E-01	51
5is2A	26CZ_A	5.760E-01	0.020	8.911E-02	6.220E-02	3.150E-01	90
5is2A	5HHJ_A	1.951E+00	0.016	1.076E-01	1.393E-01	4.866E-01	72
5is2A	8QBK_A	6.122E-01	0.014	1.388E-01	1.719E-01	2.653E-01	266
5is2A	9I2F_A	9.821E-02	0.014	1.139E-01	8.972E-02	1.388E-01	391
5is2A	5HHK_A	2.813E+00	0.011	1.076E-01	1.397E-01	4.867E-01	72
5is2A	8QBL_A	7.814E-01	0.011	1.386E-01	1.716E-01	2.658E-01	265
5is2A	7XJG_A	9.973E-01	0.010	9.852E-02	1.190E-01	2.489E-01	159
5is2A	9S1F_B	2.944E-01	0.010	9.792E-02	7.985E-02	1.546E-01	252
5is2A	9I2G_B	2.042E-01	0.010	1.293E-01	9.910E-02	1.599E-01	405
5is2A	8QBM_A	8.305E-01	0.009	1.386E-01	1.716E-01	2.091E-01	332
5is2A	9VHL_A	1.127E+00	0.008	1.055E-01	1.413E-01	2.504E-01	198
5is2A	7V9U_A	4.309E+00	0.008	1.293E-01	1.607E-01	5.615E-01	79
5is2A	9NNB_B	8.827E-01	0.008	1.367E-01	1.651E-01	1.851E-01	364
5is2A	7UIM_D	3.377E+00	0.008	1.054E-01	1.073E-01	4.659E-01	68
5is2A	6AR1_A	1.273E+00	0.008	1.162E-01	1.110E-01	2.586E-01	186
5is2A	1RTD_A	5.098E-01	0.008	1.339E-01	1.058E-01	1.536E-01	440
5is2A	5HHL_A	4.867E+00	0.007	1.011E-01	1.322E-01	5.250E-01	63
5is2A	9E8Z_H	8.827E-01	0.007	7.587E-02	9.433E-02	1.819E-01	202
5is2A	9YFD_A	1.727E+00	0.000	1.360E-01	6.279E-02	2.029E-01	279
5is2A	5VBS_A	5.172E+00	0.000	1.201E-01	1.800E-01	4.165E-01	136
5is2A	9N69_E	2.204E+00	0.000	1.033E-01	1.261E-01	1.815E-01	292
5is2A	7V9X_A	2.204E+00	0.000	1.401E-01	1.710E-01	1.955E-01	358
5is2A	9Z6Z_A	2.813E+00	0.000	1.262E-01	1.208E-01	2.083E-01	313
5is2A	7R06_A	2.490E+00	0.000	9.412E-02	6.628E-02	2.570E-01	166
5is2A	9DOU_A	3.177E+00	0.000	9.638E-02	4.409E-02	2.370E-01	189
5is2A	9D5X_A	7.007E+00	0.000	7.482E-02	7.527E-02	4.588E-01	56
5is2A	9D4S_A	8.920E+00	0.000	1.100E-01	1.069E-01	5.085E-01	73
5is2A	6MEC_C	7.908E+00	0.000	1.285E-01	1.233E-01	4.367E-01	139
5is2A	8FLI_B	6.207E+00	0.000	7.937E-02	7.002E-02	4.307E-01	52
5is2A	8GH6_A	1.835E+00	0.000	9.404E-02	5.589E-02	1.342E-01	326
5is2A	9VHE_A	6.207E+00	0.000	1.189E-01	1.588E-01	2.699E-01	210
5is2A	9IOA_A	6.595E+00	0.000	1.093E-01	9.139E-02	3.684E-01	136
5is2A	9WY8_A	3.815E+00	0.000	7.632E-02	6.194E-02	2.143E-01	178
5is2A	9L7P_E	5.497E+00	0.000	9.919E-02	1.186E-01	1.875E-01	235
5is2A	8UB7_A	6.595E+00	0.000	1.177E-01	1.370E-01	2.599E-01	205
5is2A	9LJE_A	7.908E+00	0.000	9.873E-02	9.465E-02	2.704E-01	102
5is2A	9NL3_A	6.595E+00	0.000	7.799E-02	3.986E-02	1.860E-01	169
5is2A	9Z6Y_A	7.908E+00	0.000	1.057E-01	1.020E-01	1.678E-01	326
5is2A	9HDO_A	8.399E+00	0.000	9.062E-02	4.514E-02	1.262E-01	328
3or1A	6MEC_C	3.973E+00	0.008	9.153E-02	9.574E-02	5.225E-01	62
3or1A	9N69_E	1.204E+00	0.007	9.389E-02	1.232E-01	2.127E-01	193
3or1A	8UB7_A	1.942E+00	0.007	5.569E-02	7.159E-02	4.018E-01	32
3or1A	9D5X_A	3.130E+00	0.007	5.326E-02	5.877E-02	4.882E-01	25
3or1A	7KFT_C	2.188E+00	0.007	9.400E-02	7.649E-02	2.999E-01	88
3or1A	5HHL_A	5.043E+00	0.000	5.787E-02	8.440E-02	6.342E-01	31
3or1A	5HHJ_A	5.043E+00	0.000	5.770E-02	8.344E-02	6.267E-01	31
3or1A	9E8Z_H	3.973E+00	0.000	7.034E-02	9.647E-02	4.641E-01	56
3or1A	8UBD_A	2.188E+00	0.000	5.556E-02	7.196E-02	3.962E-01	32
3or1A	9D4S_A	3.322E+00	0.000	5.315E-02	5.648E-02	4.845E-01	25
3or1A	8BGJ_A	5.680E+00	0.000	5.547E-02	1.129E-01	6.205E-01	28
3or1A	5HHK_A	6.397E+00	0.000	5.773E-02	8.376E-02	6.297E-01	31
3or1A	7V9X_A	1.723E+00	0.000	9.496E-02	1.192E-01	1.816E-01	232
3or1A	23OR_A	1.829E+00	0.000	7.741E-02	8.755E-02	1.575E-01	184
3or1A	7UIM_D	2.617E+00	0.000	9.988E-02	1.099E-01	2.391E-01	199
3or1A	9LBQ_A	2.322E+00	0.000	7.340E-02	8.435E-02	1.774E-01	151
3or1A	6AR1_A	6.397E+00	0.000	5.890E-02	6.130E-02	6.347E-01	32
3or1A	9NNB_B	2.778E+00	0.000	6.701E-02	8.647E-02	2.047E-01	109
3or1A	9X94_A	3.743E+00	0.000	4.281E-02	5.040E-02	3.413E-01	40
3or1A	9X9B_A	3.322E+00	0.000	4.283E-02	5.049E-02	3.421E-01	40
3or1A	6ME0_C	7.642E+00	0.000	9.136E-02	9.557E-02	5.280E-01	62
3or1A	9Z6Z_A	4.217E+00	0.000	5.870E-02	6.093E-02	3.053E-01	72
3or1A	9VHL_A	6.028E+00	0.000	8.175E-02	1.147E-01	3.101E-01	68
3or1A	8QBL_A	5.043E+00	0.000	5.445E-02	7.335E-02	3.404E-01	31
3or1A	8QBM_A	4.217E+00	0.000	5.429E-02	7.307E-02	3.354E-01	31
3or1A	9WN8_A	4.476E+00	0.000	8.335E-02	9.636E-02	2.450E-01	111
3or1A	9LPA_A	3.322E+00	0.000	7.177E-02	8.017E-02	1.710E-01	160
3or1A	7UIN_D	9.121E+00	0.000	5.927E-02	6.617E-02	6.423E-01	32
3or1A	9WY8_A	7.642E+00	0.000	8.528E-02	7.616E-02	4.124E-01	54
3or1A	9NL3_A	6.788E+00	0.000	6.202E-02	2.664E-02	4.572E-01	34
3or1A	7V9U_A	5.352E+00	0.000	9.111E-02	1.159E-01	1.862E-01	205
3or1A	8QBK_A	5.680E+00	0.000	5.433E-02	7.312E-02	3.349E-01	31
3or1A	7XJG_A	8.600E+00	0.000	5.436E-02	7.424E-02	5.587E-01	25
3or1A	8GH6_A	6.788E+00	0.000	3.838E-02	1.916E-02	4.254E-01	18
3or1A	8C8J_A	7.642E+00	0.000	7.363E-02	5.093E-02	1.961E-01	132
3or1A	9NL2_A	5.680E+00	0.000	6.103E-02	4.006E-02	1.269E-01	183
3or1A	8UW3_A	8.600E+00	0.000	5.615E-02	2.359E-02	3.337E-01	59
3or1A	9L7P_E	9.121E+00	0.000	9.426E-02	1.160E-01	1.682E-01	183
3or1A	9C0I_A	8.107E+00	0.000	4.954E-02	5.043E-02	2.350E-01	93
3or1A	1RTD_A	8.107E+00	0.000	6.799E-02	5.804E-02	1.715E-01	166
3or1A	9DOU_A	6.788E+00	0.000	6.425E-02	3.731E-02	1.476E-01	165
4c1wA	1RTD_A	4.221E+00	0.000	1.287E-01	5.171E-02	4.214E-01	37
4c1wA	8OZ7_A	5.579E+00	0.000	9.727E-02	3.548E-02	3.347E-01	49
4c1wA	9C0I_A	7.788E+00	0.000	9.393E-02	4.396E-02	3.573E-01	42
4c1wA	9IOA_A	4.719E+00	0.000	7.134E-02	3.079E-02	3.200E-01	21
4c1wA	26CZ_A	9.191E+00	0.000	7.664E-02	2.481E-02	4.915E-01	17
4c1wA	9NL3_A	7.368E+00	0.000	8.308E-02	1.817E-02	2.976E-01	29
4c1wA	5HHL_A	9.710E+00	0.000	5.357E-02	3.876E-02	3.188E-01	35
4c1wA	7XJG_A	7.788E+00	0.000	6.788E-02	4.698E-02	2.576E-01	39
4c1wA	6MEC_C	8.231E+00	0.000	7.166E-02	3.557E-02	2.783E-01	18
4c1wA	24NC_A	8.698E+00	0.000	7.601E-02	3.502E-02	1.876E-01	41
4h03A	9Z6Z_A	8.307E-01	0.008	7.197E-02	7.158E-02	2.492E-01	79
4h03A	9LPA_A	1.183E+00	0.000	7.111E-02	7.681E-02	1.868E-01	147
4h03A	9Z6Y_A	1.183E+00	0.000	7.315E-02	7.302E-02	2.209E-01	78
4h03A	24NC_A	1.685E+00	0.000	6.913E-02	5.727E-02	1.766E-01	138
4h03A	8UW3_A	1.412E+00	0.000	7.619E-02	3.120E-02	1.611E-01	173
4h03A	26CZ_A	1.183E+00	0.000	6.672E-02	4.927E-02	1.261E-01	181
4h03A	9YFD_A	3.036E+00	0.000	4.016E-02	1.895E-02	3.276E-01	43
4h03A	9LBQ_A	2.544E+00	0.000	7.305E-02	8.792E-02	1.616E-01	170
4h03A	9WN8_A	2.699E+00	0.000	7.360E-02	8.307E-02	1.627E-01	178
4h03A	9X94_A	3.220E+00	0.000	7.600E-02	8.524E-02	2.021E-01	138
4h03A	9X9B_A	3.036E+00	0.000	7.352E-02	8.245E-02	1.977E-01	135
4h03A	8FLI_B	3.220E+00	0.000	6.854E-02	6.319E-02	2.395E-01	91
4h03A	9NNB_B	7.770E+00	0.000	3.537E-02	4.681E-02	5.357E-01	23
4h03A	23OR_A	4.075E+00	0.000	7.098E-02	7.713E-02	1.873E-01	143
4h03A	9C0I_A	3.623E+00	0.000	6.150E-02	6.027E-02	2.551E-01	76
4h03A	5HHK_A	8.236E+00	0.000	3.165E-02	4.389E-02	4.396E-01	14
4h03A	7V9X_A	9.801E+00	0.000	3.930E-02	5.131E-02	5.765E-01	17
4h03A	7XJG_A	9.801E+00	0.000	3.926E-02	5.125E-02	5.605E-01	17
4h03A	9LJE_A	5.798E+00	0.000	4.946E-02	4.919E-02	3.313E-01	41
4h03A	9I2G_B	5.156E+00	0.000	5.171E-02	4.277E-02	2.384E-01	95
4h03A	9I2F_A	5.468E+00	0.000	5.147E-02	4.286E-02	2.372E-01	95
4h03A	8OZ7_A	5.798E+00	0.000	8.302E-02	6.184E-02	2.058E-01	163
4h03A	7R06_A	6.913E+00	0.000	7.150E-02	5.449E-02	2.310E-01	98
4h03A	8QBM_A	9.250E+00	0.000	3.878E-02	5.099E-02	3.575E-01	52
4h03A	7R08_A	5.156E+00	0.000	5.390E-02	4.938E-02	1.197E-01	179
4h03A	1RTD_A	7.329E+00	0.000	5.215E-02	4.127E-02	2.443E-01	55
4h03A	8C8J_A	7.770E+00	0.000	6.472E-02	4.420E-02	2.039E-01	102
4h03A	5HHL_A	8.236E+00	0.000	5.421E-02	6.977E-02	1.970E-01	95
4h03A	5HHJ_A	9.801E+00	0.000	5.322E-02	6.981E-02	2.392E-01	67
4h03A	9E8Z_H	7.329E+00	0.000	6.011E-02	7.628E-02	1.510E-01	145
4h03A	9N69_E	7.770E+00	0.000	6.006E-02	7.655E-02	1.483E-01	143
4h03A	7UIN_D	7.329E+00	0.000	4.949E-02	5.084E-02	1.735E-01	120
4h03A	9D4S_A	7.329E+00	0.000	5.522E-02	5.585E-02	1.419E-01	171
4h03A	6AR1_A	8.236E+00	0.000	6.182E-02	6.144E-02	1.655E-01	160
4h03A	9S1F_B	8.236E+00	0.000	4.828E-02	3.870E-02	2.288E-01	101
4h03A	9Z6Y_H	6.520E+00	0.000	5.798E-02	4.203E-02	2.014E-01	82
4h03A	9NL2_A	6.520E+00	0.000	4.032E-02	1.953E-02	1.673E-01	72
4h03A	8QBL_A	9.801E+00	0.000	4.827E-02	6.096E-02	1.585E-01	80
4h03A	9L7P_E	9.250E+00	0.000	6.230E-02	7.524E-02	1.333E-01	137
3aowA	9I2F_A	1.186E+00	0.000	8.714E-02	6.715E-02	1.097E-01	360
3aowA	9VHL_A	4.178E+00	0.000	7.717E-02	1.055E-01	2.138E-01	124
3aowA	5HHJ_A	5.634E+00	0.000	9.164E-02	1.172E-01	3.145E-01	101
3aowA	9NNB_B	3.706E+00	0.000	7.967E-02	9.350E-02	2.194E-01	128
3aowA	7XJG_A	5.981E+00	0.000	9.425E-02	1.163E-01	3.323E-01	98
3aowA	9I2G_B	2.035E+00	0.000	7.336E-02	5.605E-02	1.443E-01	191
3aowA	9NL2_A	2.746E+00	0.000	9.641E-02	4.669E-02	1.691E-01	190
3aowA	5HHK_A	7.591E+00	0.000	9.041E-02	1.171E-01	3.338E-01	99
3aowA	5G2X_C	4.435E+00	0.000	6.437E-02	5.607E-02	2.050E-01	83
3aowA	9WY8_A	4.999E+00	0.000	6.837E-02	5.908E-02	2.066E-01	157
3aowA	9Z6Y_H	7.591E+00	0.000	6.131E-02	4.149E-02	3.208E-01	62
3aowA	9Z6Z_H	7.153E+00	0.000	5.684E-02	3.850E-02	2.762E-01	60
3aowA	5HHL_A	4.435E+00	0.000	8.895E-02	1.023E-01	1.110E-01	402
3aowA	7V9U_A	8.547E+00	0.000	1.008E-01	1.260E-01	3.339E-01	101
3aowA	8UB7_A	5.307E+00	0.000	8.624E-02	1.011E-01	1.946E-01	157
3aowA	7UIM_D	5.634E+00	0.000	9.656E-02	1.056E-01	1.766E-01	233
3aowA	6MEC_C	8.056E+00	0.000	1.030E-01	1.010E-01	2.412E-01	164
3aowA	1RTD_A	8.547E+00	0.000	7.257E-02	5.573E-02	3.290E-01	62
3aowA	7KFT_C	4.999E+00	0.000	5.170E-02	4.122E-02	1.649E-01	106
3aowA	8SXT_A	4.178E+00	0.000	9.078E-02	5.575E-02	1.189E-01	436
3aowA	9DOU_A	4.999E+00	0.000	9.095E-02	5.101E-02	2.047E-01	150
3aowA	9K6G_A	9.068E+00	0.000	6.403E-02	3.118E-02	3.284E-01	54
3aowA	5VBS_A	9.618E+00	0.000	5.386E-02	8.197E-02	3.496E-01	32
3aowA	9VHE_A	7.591E+00	0.000	7.201E-02	9.677E-02	2.363E-01	115
3aowA	8UBD_A	8.547E+00	0.000	7.624E-02	9.051E-02	2.283E-01	137
3aowA	9X9B_A	8.547E+00	0.000	7.874E-02	8.381E-02	1.801E-01	109
3aowA	9S1F_B	6.349E+00	0.000	7.732E-02	6.061E-02	1.499E-01	201
3aowA	8C8J_A	8.056E+00	0.000	8.132E-02	5.291E-02	2.102E-01	132
3aowA	9HDO_A	4.999E+00	0.000	1.006E-01	5.618E-02	1.046E-01	507
3aowA	7R08_A	8.056E+00	0.000	1.020E-01	9.207E-02	1.296E-01	372
3mdqA	1RTD_A	1.999E-02	0.126	1.925E-01	1.215E-01	3.040E-01	227
3mdqA	9YFD_A	9.667E-01	0.010	1.360E-01	5.079E-02	2.752E-01	132
3mdqA	8UBD_A	2.024E+00	0.008	1.275E-01	1.231E-01	3.619E-01	96
3mdqA	9E8Z_H	3.311E+00	0.007	6.422E-02	6.525E-02	3.873E-01	52
3mdqA	9LPA_A	1.093E+00	0.007	9.960E-02	8.760E-02	1.827E-01	161
3mdqA	9I2F_A	1.903E+00	0.007	1.205E-01	7.193E-02	3.214E-01	122
3mdqA	9LJE_A	2.152E+00	0.000	7.269E-02	5.539E-02	3.425E-01	61
3mdqA	23OR_A	1.682E+00	0.000	9.644E-02	8.783E-02	1.876E-01	161
3mdqA	9I2G_B	3.745E+00	0.000	1.320E-01	7.721E-02	3.419E-01	122
3mdqA	9WY8_A	3.745E+00	0.000	7.061E-02	4.520E-02	3.838E-01	61
3mdqA	7KFT_C	6.507E+00	0.000	8.379E-02	4.748E-02	6.585E-01	32
3mdqA	8SXT_A	8.547E-01	0.000	7.920E-02	4.222E-02	1.379E-01	187
3mdqA	9HDO_A	5.223E-01	0.000	7.331E-02	3.529E-02	1.189E-01	229
3mdqA	8UB7_A	3.113E+00	0.000	1.055E-01	1.014E-01	1.979E-01	165
3mdqA	9WN8_A	3.982E+00	0.000	1.021E-01	9.376E-02	2.278E-01	156
3mdqA	9X94_A	2.753E+00	0.000	8.551E-02	7.720E-02	2.166E-01	117
3mdqA	9C0I_A	3.113E+00	0.000	7.120E-02	5.350E-02	2.856E-01	76
3mdqA	9K6G_A	1.237E+00	0.000	8.158E-02	3.247E-02	1.188E-01	191
3mdqA	9VHE_A	5.757E+00	0.000	1.171E-01	1.301E-01	3.077E-01	94
3mdqA	9L7P_E	3.745E+00	0.000	8.671E-02	8.749E-02	2.331E-01	89
3mdqA	9D5X_A	3.982E+00	0.000	8.659E-02	7.103E-02	2.478E-01	102
3mdqA	6AR1_A	6.121E+00	0.000	7.189E-02	5.508E-02	3.588E-01	66
3mdqA	9DOU_A	3.745E+00	0.000	1.021E-01	4.676E-02	2.202E-01	95
3mdqA	9NL2_A	5.414E+00	0.000	9.572E-02	3.426E-02	3.002E-01	58
3mdqA	9N69_E	5.757E+00	0.000	9.785E-02	9.891E-02	2.919E-01	85
3mdqA	7V9X_A	5.757E+00	0.000	9.011E-02	8.856E-02	2.104E-01	102
3mdqA	7UIN_D	6.507E+00	0.000	1.113E-01	9.251E-02	2.750E-01	140
3mdqA	6MEC_C	4.788E+00	0.000	7.345E-02	5.904E-02	2.456E-01	82
3mdqA	9Z6Z_A	5.092E+00	0.000	1.000E-01	7.767E-02	2.604E-01	168
3mdqA	9S1F_B	3.113E+00	0.000	7.950E-02	5.651E-02	1.504E-01	166
3mdqA	8C8J_A	2.928E+00	0.000	9.025E-02	5.351E-02	1.341E-01	225
3mdqA	9VHL_A	7.816E+00	0.000	9.772E-02	1.089E-01	2.782E-01	86
3mdqA	9NNB_B	8.307E+00	0.000	9.671E-02	9.696E-02	2.846E-01	82
3mdqA	7XJG_A	8.307E+00	0.000	8.674E-02	8.631E-02	2.332E-01	102
3mdqA	9LBQ_A	7.354E+00	0.000	9.519E-02	9.361E-02	2.088E-01	164
3mdqA	26CZ_A	5.757E+00	0.000	6.915E-02	4.035E-02	1.653E-01	166
3mdqA	9X9B_A	8.827E+00	0.000	9.456E-02	8.485E-02	2.380E-01	116
3mdqA	9D4S_A	9.378E+00	0.000	8.566E-02	6.880E-02	2.431E-01	102
3mdqA	9Z6Y_A	6.121E+00	0.000	5.524E-02	4.476E-02	1.401E-01	148
3mdqA	8FLI_B	9.962E+00	0.000	7.607E-02	5.405E-02	3.203E-01	82
3mdqA	7R08_A	9.378E+00	0.000	8.998E-02	6.805E-02	1.780E-01	225
3mdqA	24NC_A	7.816E+00	0.000	8.645E-02	5.999E-02	1.593E-01	171
3mdqA	7R06_A	8.307E+00	0.000	7.108E-02	4.647E-02	2.091E-01	102
3mdqA	8UW3_A	7.816E+00	0.000	1.643E-01	5.899E-02	1.896E-01	319
3mdqA	9Z6Z_H	9.962E+00	0.000	1.067E-01	6.302E-02	1.465E-01	256
4fe9A	8C8J_A	5.645E+00	0.000	4.153E-02	2.830E-02	5.479E-01	27
4fe9A	5HHJ_A	4.836E+00	0.000	3.871E-02	5.334E-02	3.495E-01	39
4fe9A	5HHK_A	4.836E+00	0.000	4.108E-02	5.784E-02	2.361E-01	43
4fe9A	7UIM_D	5.943E+00	0.000	3.967E-02	4.499E-02	2.672E-01	23
4fe9A	7UIN_D	8.952E+00	0.000	4.458E-02	5.027E-02	5.233E-01	27
4fe9A	6ME0_C	5.092E+00	0.000	4.411E-02	4.681E-02	2.456E-01	53
4fe9A	6AR1_A	6.256E+00	0.000	4.471E-02	4.746E-02	2.851E-01	51
4fe9A	5HHL_A	9.419E+00	0.000	4.447E-02	6.297E-02	4.188E-01	29
4fe9A	7XJG_A	9.419E+00	0.000	4.433E-02	5.856E-02	4.302E-01	26
4fe9A	9X94_A	7.298E+00	0.000	3.546E-02	4.151E-02	2.819E-01	28
4fe9A	9D4S_A	9.419E+00	0.000	4.068E-02	4.379E-02	5.089E-01	29
4fe9A	6MEC_C	6.933E+00	0.000	4.604E-02	4.897E-02	2.245E-01	56
4fe9A	9Z6Y_A	8.084E+00	0.000	3.557E-02	3.814E-02	3.297E-01	54
4fe9A	9NL2_A	5.361E+00	0.000	4.184E-02	2.159E-02	1.844E-01	67
4fe9A	9N69_E	8.952E+00	0.000	4.800E-02	6.466E-02	2.332E-01	77
4fe9A	9X9B_A	7.298E+00	0.000	4.519E-02	5.399E-02	1.924E-01	93
4fe9A	8FLI_B	7.298E+00	0.000	5.105E-02	4.995E-02	2.140E-01	53
4fe9A	9WY8_A	9.419E+00	0.000	5.409E-02	4.971E-02	2.661E-01	37
4fe9A	8GH6_A	5.361E+00	0.000	4.922E-02	2.843E-02	1.397E-01	148
4fe9A	9NL3_A	9.908E+00	0.000	4.301E-02	2.271E-02	1.884E-01	82
4fe9A	8UW3_A	5.361E+00	0.000	3.824E-02	1.702E-02	1.192E-01	83
4fe9A	1RTD_A	9.419E+00	0.000	4.932E-02	4.237E-02	1.383E-01	192
4qbuA	1RTD_A	8.577E-01	0.069	1.084E-01	8.729E-02	5.554E-01	68
4qbuA	5VBS_A	1.611E+00	0.029	1.182E-01	1.899E-01	4.706E-01	128
4qbuA	7V9U_A	2.699E+00	0.020	8.422E-02	1.147E-01	5.428E-01	46
4qbuA	8QBK_A	1.437E+00	0.016	9.158E-02	1.212E-01	3.831E-01	95
4qbuA	7KFT_C	1.437E+00	0.011	1.175E-01	9.570E-02	3.333E-01	131
4qbuA	6MEC_C	5.422E-01	0.010	9.978E-02	1.019E-01	1.777E-01	303
4qbuA	9VHE_A	3.394E+00	0.009	9.727E-02	1.448E-01	4.299E-01	72
4qbuA	8QBM_A	1.437E+00	0.009	1.114E-01	1.484E-01	2.585E-01	245
4qbuA	9VHL_A	2.146E+00	0.008	8.235E-02	1.196E-01	2.925E-01	101
4qbuA	8QBL_A	1.142E+00	0.008	1.040E-01	1.360E-01	2.052E-01	300
4qbuA	9NNB_B	3.594E+00	0.008	9.242E-02	1.231E-01	4.145E-01	64
4qbuA	9IOA_A	1.079E+00	0.008	1.053E-01	9.582E-02	2.040E-01	340
4qbuA	8BGJ_A	2.407E+00	0.007	1.032E-01	1.872E-01	2.749E-01	184
4qbuA	7XJG_A	2.146E+00	0.007	1.121E-01	1.449E-01	2.435E-01	252
4qbuA	9LPA_A	2.146E+00	0.007	1.325E-01	1.513E-01	2.914E-01	186
4qbuA	7V9X_A	2.549E+00	0.000	1.135E-01	1.501E-01	2.533E-01	254
4qbuA	7UIN_D	7.222E-01	0.000	1.027E-01	1.117E-01	1.347E-01	414
4qbuA	8UBD_A	2.027E+00	0.000	1.121E-01	1.394E-01	1.830E-01	318
4qbuA	6ME0_C	1.611E+00	0.000	8.958E-02	9.345E-02	1.677E-01	339
4qbuA	8FLI_B	2.699E+00	0.000	1.024E-01	9.811E-02	2.220E-01	292
4qbuA	5HHK_A	2.027E+00	0.000	9.530E-02	1.194E-01	1.294E-01	317
4qbuA	9E8Z_H	8.952E+00	0.000	9.254E-02	1.254E-01	4.636E-01	61
4qbuA	9X94_A	4.519E+00	0.000	5.082E-02	5.950E-02	2.695E-01	110
4qbuA	9D5X_A	1.914E+00	0.000	8.598E-02	9.254E-02	1.275E-01	317
4qbuA	9Z6Z_A	7.136E+00	0.000	8.914E-02	9.249E-02	3.889E-01	56
4qbuA	9YFD_A	2.146E+00	0.000	1.298E-01	7.115E-02	1.394E-01	534
4qbuA	8UB7_A	5.680E+00	0.000	1.141E-01	1.413E-01	2.035E-01	313
4qbuA	9Z6Y_A	5.067E+00	0.000	5.844E-02	6.025E-02	1.791E-01	137
4qbuA	6AR1_A	6.741E+00	0.000	1.107E-01	1.151E-01	2.753E-01	178
4qbuA	9C0I_A	5.067E+00	0.000	7.256E-02	7.411E-02	2.871E-01	97
4qbuA	8C8J_A	3.394E+00	0.000	7.644E-02	6.174E-02	1.603E-01	210
4qbuA	5HHJ_A	3.205E+00	0.000	9.522E-02	1.195E-01	1.282E-01	317
4qbuA	9LBQ_A	5.680E+00	0.000	6.397E-02	8.277E-02	2.076E-01	121
4qbuA	8GH6_A	3.205E+00	0.000	9.469E-02	5.596E-02	1.239E-01	398
4qbuA	9DOU_A	4.519E+00	0.000	8.810E-02	5.124E-02	1.570E-01	303
4qbuA	23OR_A	5.680E+00	0.000	6.473E-02	7.407E-02	1.639E-01	174
4qbuA	9D4S_A	5.680E+00	0.000	9.058E-02	9.435E-02	1.169E-01	484
4qbuA	9I2F_A	6.741E+00	0.000	8.194E-02	6.773E-02	1.989E-01	129
4qbuA	8OZ7_A	6.367E+00	0.000	1.435E-01	1.153E-01	1.784E-01	487
4qbuA	5HHL_A	8.460E+00	0.000	8.763E-02	1.188E-01	1.353E-01	330
4qbuA	9X9B_A	8.460E+00	0.000	7.040E-02	8.127E-02	1.823E-01	177
4qbuA	7UIM_D	6.014E+00	0.000	8.443E-02	9.110E-02	1.134E-01	362
4qbuA	9I2G_B	6.367E+00	0.000	6.807E-02	5.626E-02	1.695E-01	131
4qbuA	9HDO_A	7.136E+00	0.000	7.597E-02	4.737E-02	1.452E-01	229
4qbuA	8SXT_A	8.952E+00	0.000	7.520E-02	5.722E-02	9.907E-02	488
3rpdA	26CZ_A	8.585E-01	0.007	1.266E-01	8.282E-02	1.590E-01	291
3rpdA	8GH6_A	4.159E+00	0.000	8.608E-02	3.502E-02	4.546E-01	71
3rpdA	9L7P_E	2.804E+00	0.000	7.538E-02	8.135E-02	3.144E-01	56
3rpdA	9VHL_A	3.320E+00	0.000	6.102E-02	7.425E-02	3.714E-01	43
3rpdA	9YFD_A	2.966E+00	0.000	9.883E-02	3.974E-02	2.718E-01	85
3rpdA	6ME0_C	8.621E+00	0.000	5.994E-02	5.029E-02	6.492E-01	24
3rpdA	9Z6Z_H	2.505E+00	0.000	9.861E-02	6.901E-02	1.623E-01	248
3rpdA	7V9U_A	4.655E+00	0.000	7.049E-02	7.607E-02	2.212E-01	89
3rpdA	9Z6Y_H	3.320E+00	0.000	9.144E-02	6.040E-02	1.787E-01	179
3rpdA	9VHE_A	6.165E+00	0.000	4.876E-02	5.761E-02	3.568E-01	39
3rpdA	9N69_E	5.510E+00	0.000	5.526E-02	5.913E-02	2.224E-01	91
3rpdA	9NNB_B	3.716E+00	0.000	3.751E-02	4.031E-02	2.473E-01	38
3rpdA	9C0I_A	4.924E+00	0.000	4.527E-02	3.748E-02	3.232E-01	34
3rpdA	7R08_A	6.520E+00	0.000	1.224E-01	9.373E-02	2.049E-01	251
3rpdA	24NC_A	8.154E+00	0.000	6.245E-02	4.298E-02	4.156E-01	47
3rpdA	9DOU_A	4.159E+00	0.000	7.907E-02	3.547E-02	1.657E-01	169
3rpdA	8UB7_A	6.896E+00	0.000	6.228E-02	6.431E-02	2.794E-01	75
3rpdA	1RTD_A	8.621E+00	0.000	1.143E-01	8.057E-02	3.185E-01	87
3rpdA	8UW3_A	6.520E+00	0.000	7.546E-02	2.554E-02	1.947E-01	111
3rpdA	7XJG_A	9.632E+00	0.000	7.293E-02	7.816E-02	2.000E-01	85
3rpdA	9LJE_A	9.632E+00	0.000	5.057E-02	4.243E-02	3.566E-01	36
3rpdA	9WY8_A	5.510E+00	0.000	9.405E-02	7.800E-02	1.380E-01	243
3rpdA	8OZ7_A	7.712E+00	0.000	8.007E-02	5.675E-02	1.165E-01	279
4fkzA	9I2F_A	5.265E-01	0.020	1.323E-01	9.544E-02	3.252E-01	117
4fkzA	9I2G_B	2.449E+00	0.007	1.436E-01	1.037E-01	3.404E-01	128
4fkzA	9NL2_A	2.449E+00	0.000	6.909E-02	3.250E-02	2.382E-01	75
4fkzA	9E8Z_H	5.746E+00	0.000	4.177E-02	4.693E-02	4.012E-01	37
4fkzA	6ME0_C	9.546E+00	0.000	4.637E-02	4.304E-02	7.011E-01	18
4fkzA	9Z6Y_A	1.842E+00	0.000	6.290E-02	5.934E-02	1.483E-01	131
4fkzA	9Z6Z_A	4.087E+00	0.000	5.764E-02	5.387E-02	2.766E-01	54
4fkzA	24NC_A	4.087E+00	0.000	5.497E-02	4.236E-02	2.908E-01	73
4fkzA	9YFD_A	5.130E+00	0.000	9.441E-02	3.884E-02	2.671E-01	125
4fkzA	9VHE_A	9.027E+00	0.000	4.662E-02	6.292E-02	3.246E-01	52
4fkzA	9Z6Y_H	7.207E+00	0.000	9.118E-02	6.214E-02	1.733E-01	189
4fkzA	26CZ_A	9.546E+00	0.000	5.580E-02	3.474E-02	3.324E-01	64
4fkzA	8UW3_A	7.625E+00	0.000	6.118E-02	2.475E-02	2.676E-01	68
4fkzA	8UB7_A	9.027E+00	0.000	7.398E-02	7.976E-02	2.288E-01	107
4fkzA	8OZ7_A	9.546E+00	0.000	7.593E-02	5.393E-02	1.742E-01	130
4fkzA	9Z6Z_H	7.625E+00	0.000	6.026E-02	4.338E-02	1.400E-01	173
4fkzA	9DOU_A	7.625E+00	0.000	6.856E-02	3.758E-02	1.657E-01	174
4fkzA	8BGJ_A	8.534E+00	0.000	6.729E-02	1.046E-01	1.719E-01	125
4fkzA	7R08_A	9.027E+00	0.000	7.372E-02	6.800E-02	1.115E-01	231
4fkzA	9K6G_A	9.546E+00	0.000	4.917E-02	2.429E-02	1.968E-01	76
4fkzA	9NL3_A	9.546E+00	0.000	8.176E-02	4.089E-02	1.212E-01	291
1j0hA	5HHL_A	4.489E+00	0.000	4.315E-02	7.741E-02	5.092E-01	34
1j0hA	1RTD_A	2.524E+00	0.000	7.212E-02	7.506E-02	1.803E-01	208
1j0hA	9X94_A	7.966E+00	0.000	3.970E-02	6.233E-02	4.604E-01	47
1j0hA	9I2F_A	5.650E+00	0.000	8.891E-02	8.989E-02	2.464E-01	182
1j0hA	8OZ7_A	3.178E+00	0.000	8.344E-02	8.299E-02	1.836E-01	233
1j0hA	9YFD_A	3.566E+00	0.000	1.231E-01	7.473E-02	1.918E-01	416
1j0hA	9D4S_A	7.106E+00	0.000	4.191E-02	5.651E-02	2.529E-01	76
1j0hA	9WY8_A	6.337E+00	0.000	6.554E-02	7.477E-02	2.569E-01	147
1j0hA	8C8J_A	4.489E+00	0.000	9.866E-02	8.837E-02	1.796E-01	331
1j0hA	8UW3_A	6.337E+00	0.000	1.201E-01	6.695E-02	2.397E-01	308
1j0hA	9WN8_A	9.995E+00	0.000	3.375E-02	5.324E-02	3.537E-01	58
1j0hA	5G2X_C	9.995E+00	0.000	3.520E-02	4.194E-02	4.816E-01	29
1j0hA	26CZ_A	5.650E+00	0.000	5.120E-02	4.796E-02	1.791E-01	163
1j0hA	9NL3_A	3.777E+00	0.000	7.068E-02	4.413E-02	1.342E-01	264
1j0hA	8SXT_A	9.446E+00	0.000	5.370E-02	4.582E-02	2.171E-01	102
1j0hA	9Z6Z_H	8.432E+00	0.000	6.563E-02	6.242E-02	1.004E-01	408
1j0hA	9DOU_A	9.446E+00	0.000	4.146E-02	2.851E-02	1.853E-01	83
1j0hA	9NL2_A	9.446E+00	0.000	3.651E-02	2.322E-02	2.016E-01	81
1v96A	9S1F_B	1.185E+00	0.000	1.621E-01	6.539E-02	1.911E-01	134
1v96A	9I2G_B	1.185E+00	0.000	1.770E-01	6.829E-02	2.127E-01	140
1v96A	9N69_E	8.892E+00	0.000	1.727E-01	8.436E-02	7.395E-01	27
1v96A	9NNB_B	5.299E+00	0.000	1.173E-01	6.873E-02	1.967E-01	80
1v96A	6AR1_A	4.360E+00	0.000	1.480E-01	6.875E-02	1.649E-01	154
1v96A	9I2F_A	6.034E+00	0.000	1.793E-01	6.924E-02	2.249E-01	136
1v96A	9YFD_A	4.360E+00	0.000	1.421E-01	3.216E-02	1.772E-01	138
1v96A	9LBQ_A	7.817E+00	0.000	1.107E-01	6.520E-02	2.711E-01	70
1v96A	9LPA_A	7.817E+00	0.000	1.392E-01	7.458E-02	1.896E-01	116
1v96A	9Z6Y_A	6.869E+00	0.000	1.119E-01	4.892E-02	2.608E-01	72
1v96A	1RTD_A	7.817E+00	0.000	1.516E-01	5.029E-02	3.185E-01	54
1v96A	5VBS_A	8.892E+00	0.000	1.088E-01	7.589E-02	3.022E-01	31
1wx1A	6AR1_A	5.639E+00	0.000	7.974E-02	6.615E-02	4.195E-01	38
1wx1A	9D5X_A	5.948E+00	0.000	8.859E-02	7.549E-02	4.606E-01	59
1wx1A	9I2F_A	2.972E+00	0.000	9.957E-02	6.460E-02	1.926E-01	173
1wx1A	9I2G_B	3.882E+00	0.000	1.055E-01	7.277E-02	1.983E-01	180
1wx1A	9NL2_A	4.806E+00	0.000	9.180E-02	3.493E-02	2.148E-01	122
1wx1A	8BGJ_A	6.976E+00	0.000	8.248E-02	1.069E-01	2.570E-01	77
1wx1A	7UIN_D	5.948E+00	0.000	8.755E-02	7.728E-02	2.099E-01	82
1wx1A	8FLI_B	5.948E+00	0.000	1.229E-01	9.718E-02	2.426E-01	142
1wx1A	7KFT_C	9.087E+00	0.000	7.979E-02	5.341E-02	3.380E-01	47
1wx1A	9Z6Z_H	6.273E+00	0.000	8.169E-02	5.281E-02	2.074E-01	138
1wx1A	5HHL_A	6.615E+00	0.000	6.452E-02	7.120E-02	2.088E-01	107
1wx1A	8UBD_A	8.178E+00	0.000	7.247E-02	7.327E-02	2.977E-01	73
1wx1A	7UIM_D	6.615E+00	0.000	7.523E-02	6.835E-02	2.085E-01	77
1wx1A	9D4S_A	6.273E+00	0.000	9.753E-02	8.916E-02	1.870E-01	122
1wx1A	6MEC_C	6.273E+00	0.000	9.794E-02	8.400E-02	2.137E-01	143
1wx1A	9WY8_A	6.273E+00	0.000	6.267E-02	5.010E-02	1.640E-01	111
1wx1A	8GH6_A	4.319E+00	0.000	5.964E-02	2.496E-02	1.291E-01	167
1wx1A	5HHJ_A	9.577E+00	0.000	6.621E-02	7.253E-02	1.975E-01	110
1wx1A	8C8J_A	7.756E+00	0.000	9.402E-02	6.635E-02	1.318E-01	294
1wx1A	9K6G_A	9.087E+00	0.000	6.424E-02	2.866E-02	2.636E-01	97
1wx1A	9S1F_B	9.577E+00	0.000	7.596E-02	5.746E-02	1.333E-01	105
1z3xA	7R06_A	4.105E-01	0.020	1.445E-01	8.099E-02	1.485E-01	250
1z3xA	9VHL_A	5.108E+00	0.010	1.322E-01	1.171E-01	5.083E-01	44
1z3xA	9Z6Y_H	2.105E+00	0.010	1.705E-01	8.644E-02	2.467E-01	171
1z3xA	5HHL_A	1.147E+00	0.009	1.193E-01	9.843E-02	1.750E-01	221
1z3xA	9D5X_A	1.319E+00	0.009	1.416E-01	1.076E-01	1.723E-01	213
1z3xA	9VHE_A	5.874E+00	0.008	1.322E-01	1.171E-01	5.123E-01	44
1z3xA	9WY8_A	3.862E+00	0.008	2.363E-01	1.301E-01	3.245E-01	185
1z3xA	9YFD_A	2.919E+00	0.000	1.443E-01	5.024E-02	1.686E-01	209
1z3xA	8QBK_A	8.912E+00	0.000	1.482E-01	1.175E-01	5.309E-01	49
1z3xA	9X94_A	6.154E+00	0.000	8.371E-02	5.956E-02	3.924E-01	38
1z3xA	8QBM_A	9.768E+00	0.000	1.505E-01	1.191E-01	5.544E-01	49
1z3xA	9LBQ_A	6.753E+00	0.000	8.186E-02	6.429E-02	4.053E-01	38
1z3xA	9WN8_A	7.760E+00	0.000	1.385E-01	9.818E-02	3.513E-01	86
1z3xA	9X9B_A	6.753E+00	0.000	8.377E-02	6.021E-02	4.069E-01	38
1z3xA	9D4S_A	4.442E+00	0.000	1.043E-01	6.624E-02	2.122E-01	126
1z3xA	8FLI_B	5.607E+00	0.000	1.259E-01	8.675E-02	2.305E-01	131
1z3xA	9Z6Z_H	6.154E+00	0.000	1.918E-01	9.363E-02	2.874E-01	153
1z3xA	26CZ_A	2.421E+00	0.000	1.085E-01	5.030E-02	1.257E-01	204
1z3xA	7V9U_A	8.510E+00	0.000	1.523E-01	1.217E-01	4.022E-01	106
1z3xA	6AR1_A	5.352E+00	0.000	1.439E-01	1.021E-01	2.138E-01	145
1z3xA	7R08_A	5.352E+00	0.000	1.594E-01	9.424E-02	2.058E-01	231
1z3xA	9NL2_A	5.874E+00	0.000	1.185E-01	3.799E-02	2.398E-01	147
1z3xA	7UIN_D	7.073E+00	0.000	1.146E-01	8.910E-02	1.982E-01	130
1z3xA	6ME0_C	6.753E+00	0.000	1.330E-01	8.947E-02	2.266E-01	138
1z3xA	8C8J_A	5.874E+00	0.000	1.263E-01	5.493E-02	1.929E-01	174
1z3xA	9NL3_A	8.127E+00	0.000	1.721E-01	5.106E-02	2.711E-01	138
1z3xA	8OZ7_A	8.510E+00	0.000	1.867E-01	9.566E-02	2.166E-01	222
1z3xA	5HHK_A	9.331E+00	0.000	1.194E-01	1.031E-01	1.967E-01	137
1z3xA	5HHJ_A	8.912E+00	0.000	1.151E-01	1.023E-01	1.859E-01	135
1z3xA	5G2X_C	7.073E+00	0.000	1.009E-01	5.591E-02	1.499E-01	170
1z3xA	8UB7_A	8.510E+00	0.000	1.115E-01	9.458E-02	1.292E-01	227
2f51A	1RTD_A	5.149E+00	0.000	1.854E-01	4.860E-02	4.401E-01	39
2f51A	5HHL_A	3.029E+00	0.000	1.494E-01	9.149E-02	1.732E-01	101
2f51A	5HHK_A	5.149E+00	0.000	1.709E-01	9.034E-02	2.245E-01	101
2f51A	9N69_E	4.510E+00	0.000	1.421E-01	5.299E-02	3.624E-01	47
2f51A	7UIM_D	2.174E+00	0.000	1.583E-01	7.738E-02	1.616E-01	147
2f51A	5HHJ_A	5.501E+00	0.000	1.711E-01	9.014E-02	2.247E-01	101
2f51A	8QBK_A	8.172E+00	0.000	1.262E-01	6.001E-02	3.951E-01	34
2f51A	8QBM_A	5.149E+00	0.000	1.569E-01	7.205E-02	2.113E-01	83
2f51A	9X94_A	3.697E+00	0.000	1.123E-01	4.651E-02	2.503E-01	30
2f51A	9D5X_A	6.707E+00	0.000	1.222E-01	4.937E-02	3.162E-01	47
2f51A	9C0I_A	7.165E+00	0.000	1.103E-01	3.608E-02	3.521E-01	42
2f51A	9DOU_A	7.165E+00	0.000	1.963E-01	4.472E-02	2.771E-01	111
2f51A	9NL2_A	6.707E+00	0.000	2.305E-01	4.132E-02	3.207E-01	112
2f51A	8UW3_A	7.652E+00	0.000	1.636E-01	2.178E-02	3.011E-01	39
2f51A	7V9U_A	8.172E+00	0.000	1.298E-01	6.386E-02	2.692E-01	59
2f51A	8QBL_A	7.652E+00	0.000	1.568E-01	7.215E-02	2.102E-01	83
2f51A	9LBQ_A	5.877E+00	0.000	1.045E-01	5.305E-02	2.266E-01	36
2f51A	9X9B_A	6.279E+00	0.000	1.145E-01	5.210E-02	2.253E-01	35
2f51A	6AR1_A	7.652E+00	0.000	1.645E-01	7.261E-02	1.987E-01	104
2f51A	9Z6Y_H	7.165E+00	0.000	1.259E-01	3.147E-02	2.933E-01	27
2f51A	8GH6_A	7.165E+00	0.000	1.527E-01	3.412E-02	2.624E-01	66
2f51A	23OR_A	7.652E+00	0.000	1.220E-01	5.096E-02	2.371E-01	36
2f51A	9LPA_A	7.165E+00	0.000	1.273E-01	5.194E-02	2.332E-01	36
2f51A	9LJE_A	9.314E+00	0.000	1.125E-01	3.431E-02	3.431E-01	45
2f51A	7KFT_C	9.941E+00	0.000	1.120E-01	2.883E-02	3.081E-01	21
2f51A	9I2G_B	9.941E+00	0.000	1.950E-01	5.706E-02	2.949E-01	62
2f51A	9I2F_A	9.941E+00	0.000	1.424E-01	3.734E-02	3.257E-01	29
2f51A	8OZ7_A	9.314E+00	0.000	2.054E-01	6.866E-02	2.078E-01	165
2f51A	9K6G_A	8.172E+00	0.000	1.474E-01	3.088E-02	1.522E-01	142
2f51A	9WN8_A	9.941E+00	0.000	1.253E-01	5.334E-02	2.375E-01	36
2f51A	9HDO_A	9.941E+00	0.000	1.251E-01	3.072E-02	1.349E-01	123
2i3dB	9I2F_A	2.595E-01	0.034	2.101E-01	1.088E-01	3.064E-01	116
2i3dB	9I2G_B	1.489E+00	0.009	2.165E-01	1.082E-01	3.396E-01	114
2i3dB	9S1F_B	1.680E+00	0.007	1.657E-01	8.784E-02	2.748E-01	94
2i3dB	9YFD_A	2.720E+00	0.007	1.696E-01	3.977E-02	4.802E-01	85
2i3dB	1RTD_A	3.461E+00	0.000	1.184E-01	6.263E-02	2.198E-01	90
2i3dB	8QBK_A	6.314E+00	0.000	9.364E-02	7.123E-02	2.469E-01	66
2i3dB	6AR1_A	9.033E+00	0.000	4.592E-02	2.544E-02	5.276E-01	15
2i3dB	9NL3_A	8.513E+00	0.000	1.316E-01	4.435E-02	2.387E-01	120
2i3dB	7V9U_A	8.513E+00	0.000	7.439E-02	6.222E-02	2.600E-01	62
2i3dB	7V9X_A	8.021E+00	0.000	9.310E-02	7.016E-02	2.336E-01	66
2ot3A	6ME0_C	3.763E+00	0.069	2.296E-01	1.433E-01	8.237E-01	69
2ot3A	9WY8_A	1.974E-01	0.045	1.482E-01	1.005E-01	1.737E-01	236
2ot3A	8FLI_B	5.837E+00	0.029	2.307E-01	1.305E-01	8.283E-01	69
2ot3A	6MEC_C	9.030E+00	0.010	2.291E-01	1.430E-01	8.228E-01	69
2ot3A	8C8J_A	1.632E+00	0.010	1.781E-01	7.795E-02	2.158E-01	261
2ot3A	7UIN_D	2.320E+00	0.009	1.331E-01	9.068E-02	2.502E-01	146
2ot3A	7R08_A	3.298E+00	0.009	1.598E-01	1.012E-01	2.743E-01	129
2ot3A	9YFD_A	3.020E+00	0.008	1.771E-01	6.223E-02	2.325E-01	190
2ot3A	9VHE_A	5.837E+00	0.007	1.170E-01	1.093E-01	4.312E-01	62
2ot3A	7R06_A	4.109E+00	0.007	1.718E-01	8.660E-02	2.960E-01	147
2ot3A	24NC_A	3.932E+00	0.000	1.708E-01	1.020E-01	2.125E-01	240
2ot3A	9VHL_A	6.099E+00	0.000	1.046E-01	9.807E-02	3.319E-01	59
2ot3A	26CZ_A	2.533E+00	0.000	1.455E-01	8.533E-02	1.473E-01	345
2ot3A	9NNB_B	6.954E+00	0.000	1.012E-01	8.459E-02	3.430E-01	56
2ot3A	8UBD_A	3.932E+00	0.000	1.279E-01	1.115E-01	1.354E-01	276
2ot3A	9LPA_A	5.837E+00	0.000	1.277E-01	9.760E-02	2.537E-01	115
2ot3A	9HDO_A	5.837E+00	0.000	1.211E-01	4.588E-02	2.884E-01	102
2ot3A	9NL2_A	3.932E+00	0.000	9.789E-02	3.154E-02	1.900E-01	140
2ot3A	8UB7_A	3.932E+00	0.000	1.158E-01	9.651E-02	1.279E-01	266
2ot3A	7UIM_D	6.954E+00	0.000	1.321E-01	8.920E-02	2.498E-01	151
2ot3A	9L7P_E	9.429E+00	0.000	1.110E-01	9.287E-02	3.870E-01	61
2ot3A	9D5X_A	5.347E+00	0.000	1.264E-01	9.543E-02	1.517E-01	246
2ot3A	9Z6Y_A	6.954E+00	0.000	1.225E-01	8.186E-02	2.408E-01	144
2ot3A	8OZ7_A	7.265E+00	0.000	1.239E-01	6.344E-02	2.535E-01	119
2ot3A	9Z6Z_H	8.646E+00	0.000	1.952E-01	9.661E-02	2.193E-01	266
2ot3A	8GH6_A	4.898E+00	0.000	8.865E-02	3.593E-02	1.680E-01	153
2ot3A	8BGJ_A	8.646E+00	0.000	9.939E-02	1.248E-01	1.843E-01	149
2ot3A	9X94_A	7.589E+00	0.000	1.017E-01	8.379E-02	2.111E-01	90
2ot3A	9D4S_A	9.844E+00	0.000	1.175E-01	9.028E-02	2.366E-01	131
2ot3A	9NL3_A	8.279E+00	0.000	1.226E-01	3.839E-02	2.105E-01	165
2ot3A	9DOU_A	9.429E+00	0.000	1.376E-01	5.348E-02	2.091E-01	185
3a21B	9I2F_A	1.944E+00	0.007	7.367E-02	7.709E-02	3.019E-01	136
3a21B	8GH6_A	2.758E+00	0.000	4.205E-02	2.966E-02	3.180E-01	34
3a21B	1RTD_A	4.398E+00	0.000	6.858E-02	7.438E-02	3.456E-01	65
3a21B	9I2G_B	2.758E+00	0.000	6.892E-02	7.230E-02	2.737E-01	136
3a21B	9S1F_B	3.100E+00	0.000	8.202E-02	8.648E-02	2.271E-01	232
3a21B	9YFD_A	7.861E+00	0.000	7.204E-02	4.134E-02	4.505E-01	88
3a21B	9C0I_A	7.861E+00	0.000	3.030E-02	4.120E-02	2.677E-01	42
3a21B	6AR1_A	8.328E+00	0.000	3.095E-02	4.206E-02	2.029E-01	71
3a21B	9NL3_A	7.002E+00	0.000	3.609E-02	2.298E-02	2.382E-01	76
3a21B	9D4S_A	9.894E+00	0.000	1.590E-02	2.363E-02	4.118E-01	10
2y28B	7UIM_D	6.452E+00	0.000	1.251E-01	6.183E-02	6.417E-01	28
2y28B	23OR_A	3.786E+00	0.000	1.105E-01	5.741E-02	2.664E-01	83
2y28B	9D5X_A	8.660E+00	0.000	8.376E-02	3.814E-02	8.949E-01	15
2y28B	9WY8_A	9.182E+00	0.000	8.884E-02	3.215E-02	8.259E-01	16
2y28B	8GH6_A	5.092E+00	0.000	1.171E-01	2.858E-02	2.834E-01	43
2y28B	26CZ_A	8.167E+00	0.000	8.892E-02	2.743E-02	6.038E-01	21
2y28B	9DOU_A	8.660E+00	0.000	7.246E-02	2.262E-02	2.770E-01	59
2y28B	9NL2_A	9.733E+00	0.000	8.789E-02	2.061E-02	2.842E-01	38
3c9pA	5G2X_C	5.363E+00	0.000	1.554E-01	5.594E-02	2.823E-01	56
3c9pA	7V9X_A	6.737E+00	0.000	1.675E-01	8.549E-02	2.981E-01	42
3c9pA	9YFD_A	5.678E+00	0.000	1.358E-01	3.325E-02	1.948E-01	103
3c9pA	8UBD_A	7.989E+00	0.000	1.705E-01	9.734E-02	2.023E-01	114
3c9pA	9Z6Y_H	8.454E+00	0.000	1.372E-01	4.553E-02	1.955E-01	103
3hbmA	9YFD_A	3.024E+00	0.000	1.550E-01	4.918E-02	2.528E-01	214
3hbmA	1RTD_A	3.193E+00	0.000	1.430E-01	8.491E-02	2.091E-01	226
3hbmA	9I2G_B	4.937E+00	0.000	1.947E-01	1.127E-01	3.513E-01	142
3hbmA	9I2F_A	3.971E+00	0.000	1.488E-01	8.783E-02	2.801E-01	125
3hbmA	9WN8_A	7.220E+00	0.000	5.647E-02	4.908E-02	3.622E-01	48
3hbmA	9E8Z_H	9.451E+00	0.000	6.698E-02	6.283E-02	3.568E-01	38
3hbmA	24NC_A	9.451E+00	0.000	6.725E-02	3.967E-02	3.992E-01	39
3hbmA	9VHL_A	7.220E+00	0.000	6.197E-02	6.346E-02	2.712E-01	29
3hbmA	23OR_A	9.970E+00	0.000	5.516E-02	4.531E-02	3.361E-01	52
3hbmA	9DOU_A	7.220E+00	0.000	1.130E-01	4.665E-02	2.067E-01	157
3hbmA	9NL2_A	6.136E+00	0.000	8.150E-02	3.563E-02	1.402E-01	169
3hbmA	7UIN_D	5.812E+00	0.000	4.066E-02	3.260E-02	1.626E-01	49
3hbmA	7R08_A	9.451E+00	0.000	7.106E-02	4.597E-02	2.408E-01	40
3ksxA	8OZ7_A	4.423E+00	0.000	9.323E-02	4.912E-02	3.408E-01	78
3ksxA	7R08_A	1.141E+00	0.000	1.023E-01	7.319E-02	1.254E-01	265
3ksxA	9L7P_E	1.003E+00	0.000	7.391E-02	7.093E-02	1.050E-01	262
3ksxA	9WN8_A	6.506E+00	0.000	7.569E-02	6.333E-02	5.262E-01	29
3ksxA	9DOU_A	6.506E+00	0.000	1.142E-01	4.165E-02	4.064E-01	59
3ksxA	9NNB_B	3.646E+00	0.000	7.408E-02	6.976E-02	1.796E-01	118
3ksxA	9I2G_B	7.396E+00	0.000	9.471E-02	5.219E-02	3.996E-01	51
3ksxA	7R06_A	7.396E+00	0.000	9.125E-02	5.091E-02	2.897E-01	74
3ksxA	9Z6Z_H	6.937E+00	0.000	7.921E-02	4.149E-02	2.940E-01	74
3ksxA	9NL2_A	6.506E+00	0.000	1.040E-01	3.420E-02	3.219E-01	58
3ksxA	7V9X_A	3.204E+00	0.000	9.631E-02	9.045E-02	1.131E-01	360
3ksxA	6ME0_C	8.404E+00	0.000	6.716E-02	4.843E-02	4.706E-01	28
3ksxA	9Z6Y_H	7.396E+00	0.000	7.932E-02	4.162E-02	2.944E-01	74
3ksxA	26CZ_A	5.366E+00	0.000	9.014E-02	5.207E-02	1.674E-01	127
3ksxA	8BGJ_A	5.722E+00	0.000	7.708E-02	9.476E-02	1.384E-01	148
3ksxA	5VBS_A	6.102E+00	0.000	9.343E-02	1.071E-01	1.450E-01	218
3ksxA	9VHL_A	5.366E+00	0.000	7.764E-02	8.118E-02	1.303E-01	177
3ksxA	9E8Z_H	5.031E+00	0.000	7.688E-02	7.395E-02	1.322E-01	166
3ksxA	8QBL_A	6.506E+00	0.000	9.033E-02	8.702E-02	1.305E-01	229
3ksxA	7XJG_A	6.937E+00	0.000	7.397E-02	6.868E-02	1.646E-01	152
3ksxA	9D5X_A	4.423E+00	0.000	1.118E-01	9.260E-02	1.185E-01	359
3ksxA	9D4S_A	6.937E+00	0.000	1.311E-01	1.104E-01	1.566E-01	309
3ksxA	9C0I_A	6.102E+00	0.000	9.486E-02	7.081E-02	1.282E-01	271
3ksxA	9WY8_A	8.956E+00	0.000	7.391E-02	4.741E-02	2.075E-01	107
3ksxA	24NC_A	8.956E+00	0.000	9.060E-02	5.521E-02	2.162E-01	149
3ksxA	7KFT_C	8.404E+00	0.000	6.678E-02	3.815E-02	2.984E-01	29
3ksxA	7V9U_A	7.884E+00	0.000	6.371E-02	6.056E-02	1.067E-01	168
3ksxA	6MEC_C	9.542E+00	0.000	6.792E-02	5.422E-02	1.566E-01	144
3ksxA	8FLI_B	8.404E+00	0.000	8.670E-02	6.257E-02	1.543E-01	151
3shoA	9I2F_A	4.012E-01	0.029	2.339E-01	9.527E-02	3.337E-01	145
3shoA	9I2G_B	5.157E-01	0.020	2.184E-01	8.954E-02	3.219E-01	143
3shoA	9S1F_B	1.700E+00	0.008	2.257E-01	9.427E-02	3.200E-01	145
3shoA	9NL2_A	2.326E+00	0.007	1.612E-01	3.969E-02	2.769E-01	109
3shoA	1RTD_A	2.477E+00	0.000	1.146E-01	4.751E-02	3.115E-01	61
3shoA	7V9U_A	9.793E+00	0.000	1.239E-01	8.117E-02	5.111E-01	33
3shoA	8OZ7_A	8.656E+00	0.000	8.283E-02	3.502E-02	4.711E-01	39
3shoA	5HHL_A	8.656E+00	0.000	1.171E-01	8.278E-02	3.605E-01	62
3shoA	8C8J_A	3.390E+00	0.000	1.166E-01	4.556E-02	1.347E-01	191
3shoA	9DOU_A	4.938E+00	0.000	1.409E-01	3.995E-02	2.423E-01	117
3shoA	7V9X_A	9.208E+00	0.000	9.805E-02	6.496E-02	4.390E-01	44
3shoA	7XJG_A	9.793E+00	0.000	1.145E-01	7.802E-02	3.468E-01	60
3shoA	8UB7_A	9.793E+00	0.000	1.314E-01	8.003E-02	3.569E-01	72
3shoA	6AR1_A	7.184E+00	0.000	1.229E-01	6.537E-02	1.571E-01	179
3shoA	8GH6_A	8.656E+00	0.000	1.339E-01	4.428E-02	2.229E-01	118
3shoA	9HDO_A	7.184E+00	0.000	1.150E-01	3.549E-02	1.527E-01	181
3shoA	9NL3_A	9.208E+00	0.000	1.578E-01	4.796E-02	1.749E-01	194
4az3A	9I2F_A	8.554E-01	0.011	1.811E-01	1.026E-01	3.083E-01	130
4az3A	1RTD_A	8.554E-01	0.010	1.659E-01	9.709E-02	2.648E-01	199
4az3A	9S1F_B	1.601E+00	0.000	1.943E-01	1.205E-01	2.232E-01	235
4az3A	9NL2_A	3.618E+00	0.000	1.287E-01	3.810E-02	3.886E-01	59
4az3A	9WN8_A	3.398E+00	0.000	6.487E-02	5.330E-02	2.573E-01	61
4az3A	23OR_A	3.618E+00	0.000	6.156E-02	4.734E-02	2.525E-01	61
4az3A	9WY8_A	3.618E+00	0.000	9.529E-02	6.220E-02	1.980E-01	125
4az3A	9L7P_E	4.949E+00	0.000	6.508E-02	5.688E-02	2.544E-01	35
4az3A	9LBQ_A	4.648E+00	0.000	6.328E-02	5.373E-02	2.546E-01	61
4az3A	9LPA_A	5.608E+00	0.000	6.214E-02	5.112E-02	2.721E-01	62
4az3A	6AR1_A	3.852E+00	0.000	9.127E-02	6.248E-02	1.685E-01	157
4az3A	9I2G_B	6.763E+00	0.000	1.851E-01	1.050E-01	3.140E-01	140
4az3A	8GH6_A	5.969E+00	0.000	6.018E-02	2.055E-02	3.163E-01	62
4az3A	9X9B_A	9.222E+00	0.000	7.530E-02	6.030E-02	2.356E-01	58
4az3A	9C0I_A	7.659E+00	0.000	8.130E-02	5.114E-02	3.626E-01	69
4az3A	7V9X_A	8.670E+00	0.000	8.294E-02	7.116E-02	1.898E-01	102
4az3A	9Z6Z_A	8.670E+00	0.000	9.159E-02	6.267E-02	1.987E-01	96
4az3A	9IOA_A	8.670E+00	0.000	5.920E-02	3.497E-02	2.108E-01	69
4az3A	9DOU_A	8.670E+00	0.000	8.880E-02	3.753E-02	1.562E-01	111
4hizA	9Z6Z_A	5.435E+00	0.000	5.074E-02	7.285E-02	3.629E-01	79
4hizA	7UIM_D	9.621E+00	0.000	2.324E-02	3.873E-02	3.974E-01	18
4hizA	9Z6Y_A	6.580E+00	0.000	3.733E-02	5.182E-02	3.004E-01	51
4hizA	8UBD_A	5.701E+00	0.000	1.945E-02	3.297E-02	1.641E-01	64
4hizA	9X9B_A	8.349E+00	0.000	3.574E-02	6.044E-02	3.196E-01	52
4mx2A	8OZ7_A	1.064E+00	0.009	1.023E-01	7.825E-02	1.333E-01	379
4mx2A	23OR_A	5.044E+00	0.000	1.131E-01	1.270E-01	3.448E-01	149
4mx2A	9LPA_A	4.616E+00	0.000	1.067E-01	1.196E-01	3.083E-01	147
4mx2A	5HHL_A	3.382E+00	0.000	8.309E-02	1.061E-01	1.840E-01	191
4mx2A	8QBK_A	8.573E+00	0.000	6.554E-02	8.533E-02	3.406E-01	58
4mx2A	9LBQ_A	6.878E+00	0.000	9.836E-02	1.262E-01	3.023E-01	150
4mx2A	9X9B_A	7.513E+00	0.000	1.138E-01	1.316E-01	3.349E-01	150
4mx2A	7UIM_D	4.616E+00	0.000	7.051E-02	7.530E-02	1.852E-01	152
4mx2A	9LJE_A	5.044E+00	0.000	7.473E-02	7.580E-02	2.205E-01	140
4mx2A	8C8J_A	4.224E+00	0.000	9.380E-02	6.421E-02	1.463E-01	264
4mx2A	5HHJ_A	6.023E+00	0.000	8.765E-02	1.142E-01	1.893E-01	177
4mx2A	9WN8_A	8.958E+00	0.000	1.009E-01	1.150E-01	3.110E-01	147
4mx2A	7UIN_D	4.415E+00	0.000	8.937E-02	9.533E-02	1.221E-01	312
4mx2A	24NC_A	3.536E+00	0.000	6.489E-02	5.880E-02	8.938E-02	438
4mx2A	9Z6Y_H	5.273E+00	0.000	1.114E-01	8.385E-02	1.552E-01	349
4mx2A	9Z6Z_H	5.512E+00	0.000	1.092E-01	8.322E-02	1.533E-01	348
4mx2A	5HHK_A	8.205E+00	0.000	8.785E-02	1.145E-01	1.970E-01	180
4mx2A	9D5X_A	8.573E+00	0.000	1.616E-01	1.697E-01	1.877E-01	442
4mx2A	9Z6Y_A	8.573E+00	0.000	7.516E-02	7.644E-02	2.296E-01	118
4mx2A	9C0I_A	6.878E+00	0.000	6.083E-02	6.071E-02	1.972E-01	116
4mx2A	7KFT_C	7.189E+00	0.000	1.005E-01	8.188E-02	1.846E-01	192
4mx2A	9Z6Z_A	8.205E+00	0.000	5.869E-02	5.946E-02	1.691E-01	149
4mx2A	8SXT_A	7.189E+00	0.000	7.150E-02	4.701E-02	1.358E-01	219
4mx2A	8UW3_A	8.958E+00	0.000	9.468E-02	4.457E-02	1.257E-01	306
4mx2A	9NL3_A	9.358E+00	0.000	6.951E-02	3.542E-02	9.485E-02	341
5dblA	7V9U_A	7.990E+00	0.000	8.711E-02	3.770E-02	3.650E-01	30
5dblA	9C0I_A	6.844E+00	0.000	1.039E-01	4.077E-02	3.030E-01	47
5dblA	1RTD_A	5.859E+00	0.000	6.854E-02	2.689E-02	1.305E-01	60
5dblA	9YFD_A	9.321E+00	0.000	8.773E-02	1.392E-02	2.892E-01	31
6jifA	9E8Z_H	3.569E-01	0.009	7.817E-02	8.354E-02	2.088E-01	114
6jifA	7V9X_A	4.038E-01	0.007	7.466E-02	7.832E-02	1.498E-01	183
6jifA	7V9U_A	8.472E-01	0.000	7.328E-02	7.723E-02	2.037E-01	117
6jifA	8QBK_A	6.221E-01	0.000	7.136E-02	7.607E-02	1.752E-01	141
6jifA	7XJG_A	5.169E-01	0.000	7.766E-02	8.143E-02	1.513E-01	183
6jifA	9IOA_A	9.011E-01	0.000	8.063E-02	5.988E-02	1.925E-01	138
6jifA	8QBL_A	7.965E-01	0.000	7.765E-02	8.378E-02	1.543E-01	180
6jifA	9VHE_A	9.011E-01	0.000	6.129E-02	7.134E-02	1.345E-01	186
6jifA	8QBM_A	9.011E-01	0.000	7.379E-02	7.721E-02	1.474E-01	182
6jifA	9NNB_B	1.305E+00	0.000	8.031E-02	8.388E-02	2.046E-01	116
6jifA	9VHL_A	1.305E+00	0.000	7.251E-02	8.190E-02	1.335E-01	187
6jifA	9LBQ_A	1.227E+00	0.000	6.917E-02	7.090E-02	1.449E-01	148
6jifA	23OR_A	1.388E+00	0.000	7.110E-02	6.575E-02	1.384E-01	187
6jifA	9N69_E	2.011E+00	0.000	7.792E-02	8.247E-02	1.298E-01	189
6jifA	9LJE_A	3.505E+00	0.000	6.595E-02	5.683E-02	2.627E-01	59
6jifA	8BGJ_A	3.098E+00	0.000	6.682E-02	1.001E-01	1.885E-01	125
6jifA	9L7P_E	3.098E+00	0.000	7.537E-02	7.870E-02	1.909E-01	118
6jifA	9X9B_A	2.275E+00	0.000	6.875E-02	6.525E-02	1.462E-01	135
6jifA	9D5X_A	4.218E+00	0.000	6.416E-02	5.708E-02	2.636E-01	60
6jifA	6AR1_A	5.739E+00	0.000	5.920E-02	4.996E-02	2.991E-01	60
6jifA	9C0I_A	2.011E+00	0.000	6.247E-02	5.251E-02	1.293E-01	165
6jifA	9I2G_B	1.777E+00	0.000	8.179E-02	5.581E-02	1.013E-01	336
6jifA	9YFD_A	2.574E+00	0.000	5.497E-02	2.340E-02	1.324E-01	156
6jifA	9WN8_A	4.486E+00	0.000	6.385E-02	6.216E-02	1.482E-01	156
6jifA	9X94_A	5.396E+00	0.000	7.920E-02	7.484E-02	1.616E-01	208
6jifA	9HDO_A	7.336E+00	0.000	5.896E-02	2.406E-02	3.195E-01	56
6jifA	9LPA_A	6.900E+00	0.000	5.985E-02	5.474E-02	1.425E-01	156
6jifA	7UIM_D	6.103E+00	0.000	6.756E-02	6.076E-02	1.752E-01	113
6jifA	9D4S_A	4.771E+00	0.000	6.496E-02	5.615E-02	1.208E-01	138
6jifA	9WY8_A	7.799E+00	0.000	8.430E-02	6.222E-02	1.836E-01	114
6jifA	9S1F_B	4.218E+00	0.000	7.857E-02	5.302E-02	1.033E-01	330
6jifA	9I2F_A	5.739E+00	0.000	8.684E-02	6.067E-02	1.071E-01	335
6jifA	9Z6Y_H	7.336E+00	0.000	7.763E-02	4.859E-02	1.627E-01	137
6jifA	8C8J_A	8.290E+00	0.000	5.786E-02	3.198E-02	3.185E-01	60
6jifA	8SXT_A	7.336E+00	0.000	5.157E-02	2.910E-02	2.196E-01	51
6jifA	9DOU_A	8.811E+00	0.000	7.573E-02	3.562E-02	2.078E-01	141
6jifA	5HHL_A	9.948E+00	0.000	6.633E-02	7.397E-02	2.473E-01	58
6jifA	8UBD_A	8.811E+00	0.000	7.675E-02	7.837E-02	2.146E-01	115
6jifA	7UIN_D	9.948E+00	0.000	6.234E-02	6.087E-02	1.305E-01	122
6jifA	7KFT_C	6.900E+00	0.000	6.522E-02	4.616E-02	1.375E-01	133
6jifA	8OZ7_A	5.739E+00	0.000	6.039E-02	3.992E-02	1.210E-01	137
6jifA	8GH6_A	9.363E+00	0.000	5.676E-02	2.589E-02	2.566E-01	59
6jifA	8UW3_A	9.363E+00	0.000	8.042E-02	2.936E-02	1.974E-01	166
3mwbA	9IOA_A	2.122E-01	0.098	1.476E-01	9.848E-02	4.931E-01	85
3mwbA	7V9U_A	6.397E-01	0.034	1.367E-01	1.355E-01	3.479E-01	109
3mwbA	8QBK_A	1.706E+00	0.020	1.218E-01	1.208E-01	5.420E-01	62
3mwbA	8QBL_A	1.604E+00	0.016	1.258E-01	1.247E-01	4.914E-01	67
3mwbA	8QBM_A	8.691E-01	0.010	1.272E-01	1.262E-01	2.799E-01	195
3mwbA	1RTD_A	1.706E+00	0.010	1.283E-01	7.587E-02	3.991E-01	110
3mwbA	5HHL_A	1.928E+00	0.009	1.152E-01	1.197E-01	3.701E-01	72
3mwbA	7XJG_A	1.509E+00	0.008	1.167E-01	1.140E-01	2.928E-01	184
3mwbA	9X94_A	2.464E+00	0.008	1.204E-01	1.056E-01	4.198E-01	71
3mwbA	5HHK_A	4.022E+00	0.007	1.146E-01	1.189E-01	4.924E-01	64
3mwbA	7V9X_A	1.509E+00	0.007	1.256E-01	1.228E-01	2.754E-01	192
3mwbA	5VBS_A	3.783E+00	0.000	1.466E-01	1.736E-01	3.721E-01	124
3mwbA	7UIM_D	3.558E+00	0.000	1.434E-01	1.183E-01	3.684E-01	117
3mwbA	8UB7_A	1.706E+00	0.000	8.858E-02	8.393E-02	2.135E-01	127
3mwbA	24NC_A	5.137E+00	0.000	1.224E-01	7.769E-02	4.748E-01	64
3mwbA	26CZ_A	2.961E+00	0.000	1.203E-01	6.669E-02	3.251E-01	71
3mwbA	5HHJ_A	4.832E+00	0.000	9.553E-02	9.794E-02	4.213E-01	54
3mwbA	8UBD_A	4.832E+00	0.000	1.182E-01	1.126E-01	3.978E-01	70
3mwbA	9WN8_A	5.460E+00	0.000	1.152E-01	1.015E-01	4.137E-01	72
3mwbA	9X9B_A	2.179E+00	0.000	1.205E-01	1.056E-01	2.415E-01	209
3mwbA	9VHL_A	4.022E+00	0.000	1.081E-01	1.173E-01	2.465E-01	128
3mwbA	9D4S_A	4.275E+00	0.000	9.335E-02	7.376E-02	3.323E-01	76
3mwbA	8UW3_A	4.022E+00	0.000	8.003E-02	2.185E-02	4.238E-01	92
3mwbA	9LBQ_A	5.804E+00	0.000	5.466E-02	5.284E-02	4.073E-01	32
3mwbA	23OR_A	3.148E+00	0.000	1.157E-01	1.008E-01	1.988E-01	217
3mwbA	9I2G_B	5.460E+00	0.000	7.867E-02	4.774E-02	3.367E-01	56
3mwbA	9I2F_A	5.137E+00	0.000	7.683E-02	4.696E-02	3.431E-01	56
3mwbA	9DOU_A	8.361E+00	0.000	1.249E-01	4.802E-02	4.163E-01	62
3mwbA	9YFD_A	4.832E+00	0.000	1.038E-01	3.793E-02	2.716E-01	83
3mwbA	9E8Z_H	5.137E+00	0.000	1.199E-01	1.199E-01	2.466E-01	207
3mwbA	6ME0_C	6.969E+00	0.000	1.151E-01	9.155E-02	2.418E-01	129
3mwbA	9Z6Z_A	3.347E+00	0.000	1.131E-01	9.376E-02	1.454E-01	245
3mwbA	9LPA_A	7.406E+00	0.000	1.131E-01	9.691E-02	2.147E-01	214
3mwbA	7UIN_D	8.883E+00	0.000	1.168E-01	9.654E-02	3.319E-01	113
3mwbA	9LJE_A	5.137E+00	0.000	1.036E-01	8.358E-02	1.562E-01	229
3mwbA	9C0I_A	4.832E+00	0.000	9.562E-02	7.516E-02	1.429E-01	251
3mwbA	7R08_A	9.435E+00	0.000	1.403E-01	9.634E-02	3.684E-01	132
3mwbA	9Z6Y_A	8.361E+00	0.000	1.147E-01	9.860E-02	1.503E-01	243
3mwbA	8FLI_B	9.435E+00	0.000	1.018E-01	7.567E-02	2.688E-01	68
3mwbA	9NL3_A	6.557E+00	0.000	9.629E-02	3.445E-02	1.905E-01	214
3mwbA	9NL2_A	8.361E+00	0.000	1.118E-01	4.414E-02	1.759E-01	269
6ibeA	9Z6Y_H	3.008E+00	0.010	9.393E-02	4.561E-02	6.234E-01	40
6ibeA	9Z6Z_H	3.762E+00	0.008	9.031E-02	4.271E-02	5.763E-01	40
6ibeA	5HHK_A	4.449E+00	0.007	8.246E-02	8.017E-02	5.520E-01	35
6ibeA	5HHJ_A	6.219E+00	0.000	8.242E-02	7.988E-02	5.500E-01	35
6ibeA	24NC_A	7.767E+00	0.000	9.208E-02	5.135E-02	7.653E-01	28
6ibeA	9VHL_A	4.705E+00	0.000	8.585E-02	8.881E-02	3.967E-01	43
6ibeA	8QBL_A	2.404E+00	0.000	1.114E-01	1.039E-01	1.708E-01	224
6ibeA	8C8J_A	1.299E+00	0.000	9.089E-02	4.459E-02	1.231E-01	274
6ibeA	8GH6_A	5.882E+00	0.000	1.003E-01	3.757E-02	3.737E-01	66
6ibeA	9L7P_E	4.449E+00	0.000	5.427E-02	5.044E-02	3.026E-01	54
6ibeA	9X94_A	5.261E+00	0.000	6.401E-02	5.415E-02	2.913E-01	44
6ibeA	9LJE_A	6.575E+00	0.000	6.959E-02	4.837E-02	4.268E-01	37
6ibeA	9YFD_A	3.364E+00	0.000	6.809E-02	2.360E-02	2.568E-01	87
6ibeA	9N69_E	6.951E+00	0.000	8.751E-02	8.131E-02	4.634E-01	31
6ibeA	7UIN_D	8.676E+00	0.000	6.913E-02	5.187E-02	5.586E-01	35
6ibeA	9D5X_A	4.449E+00	0.000	8.942E-02	7.024E-02	2.092E-01	130
6ibeA	6MEC_C	5.882E+00	0.000	1.120E-01	8.439E-02	2.369E-01	129
6ibeA	6AR1_A	4.207E+00	0.000	9.655E-02	7.393E-02	2.025E-01	91
6ibeA	9K6G_A	2.404E+00	0.000	8.247E-02	3.641E-02	1.199E-01	247
6ibeA	5VBS_A	8.209E+00	0.000	7.718E-02	8.785E-02	4.520E-01	40
6ibeA	9E8Z_H	6.951E+00	0.000	7.738E-02	7.318E-02	3.033E-01	42
6ibeA	7V9U_A	3.557E+00	0.000	1.043E-01	9.999E-02	1.139E-01	323
6ibeA	9Z6Y_A	4.705E+00	0.000	9.813E-02	7.920E-02	1.270E-01	244
6ibeA	7KFT_C	7.767E+00	0.000	9.084E-02	5.175E-02	3.254E-01	44
6ibeA	7V9X_A	6.219E+00	0.000	9.676E-02	8.765E-02	1.372E-01	216
6ibeA	7XJG_A	9.168E+00	0.000	5.443E-02	5.046E-02	3.848E-01	33
6ibeA	9WN8_A	6.575E+00	0.000	1.078E-01	9.348E-02	1.621E-01	184
6ibeA	9X9B_A	6.219E+00	0.000	9.865E-02	8.906E-02	1.431E-01	184
6ibeA	23OR_A	7.348E+00	0.000	7.817E-02	6.637E-02	1.634E-01	115
6ibeA	9D4S_A	8.209E+00	0.000	9.207E-02	6.761E-02	2.110E-01	130
6ibeA	8SXT_A	9.168E+00	0.000	6.437E-02	2.843E-02	3.666E-01	53
6ibeA	9DOU_A	6.575E+00	0.000	8.583E-02	3.155E-02	1.993E-01	140
6ibeA	9HDO_A	4.705E+00	0.000	8.265E-02	2.895E-02	1.056E-01	256
6ibeA	8UW3_A	8.209E+00	0.000	6.407E-02	1.738E-02	3.287E-01	29
6ibeA	8QBM_A	8.676E+00	0.000	1.041E-01	9.718E-02	1.588E-01	225
6ibeA	9NNB_B	7.348E+00	0.000	8.440E-02	8.244E-02	1.168E-01	218
6ibeA	9LBQ_A	8.676E+00	0.000	6.131E-02	5.615E-02	2.565E-01	50
6ibeA	6ME0_C	9.168E+00	0.000	1.084E-01	8.402E-02	2.023E-01	135
6ibeA	9IOA_A	9.686E+00	0.000	7.757E-02	5.655E-02	1.708E-01	117
6ibeA	9S1F_B	8.676E+00	0.000	9.885E-02	5.853E-02	1.255E-01	253
6ibeA	9NL3_A	7.767E+00	0.000	8.021E-02	3.650E-02	1.801E-01	131
3kdmA	26CZ_A	4.481E+00	0.000	9.127E-02	3.262E-02	4.643E-01	24
3kdmA	9VHL_A	6.985E+00	0.000	7.086E-02	5.647E-02	5.698E-01	16
3kdmA	9E8Z_H	6.985E+00	0.000	7.409E-02	5.303E-02	4.751E-01	17
3kdmA	6AR1_A	6.609E+00	0.000	6.138E-02	3.246E-02	6.039E-01	14
3kdmA	8GH6_A	4.238E+00	0.000	1.031E-01	3.119E-02	2.618E-01	100
3kdmA	9NL3_A	2.429E+00	0.000	9.462E-02	2.700E-02	2.158E-01	96
3kdmA	9VHE_A	8.709E+00	0.000	7.120E-02	5.670E-02	5.779E-01	16
3kdmA	9IOA_A	8.709E+00	0.000	5.895E-02	2.635E-02	6.743E-01	13
3kdmA	24NC_A	6.609E+00	0.000	7.436E-02	3.536E-02	4.115E-01	27
3kdmA	9S1F_B	7.382E+00	0.000	9.777E-02	4.076E-02	4.261E-01	41
3kdmA	9I2F_A	6.253E+00	0.000	9.811E-02	4.023E-02	4.282E-01	41
3kdmA	9DOU_A	3.792E+00	0.000	9.382E-02	3.190E-02	1.987E-01	94
3kdmA	9D5X_A	4.238E+00	0.000	7.334E-02	4.292E-02	2.078E-01	20
3kdmA	9LJE_A	6.985E+00	0.000	7.015E-02	4.148E-02	3.239E-01	56
3kdmA	9C0I_A	7.801E+00	0.000	6.968E-02	4.275E-02	3.226E-01	56
3kdmA	9Z6Y_H	6.609E+00	0.000	8.183E-02	3.247E-02	2.970E-01	26
3kdmA	9HDO_A	6.253E+00	0.000	7.175E-02	1.956E-02	2.302E-01	26
3kdmA	5VBS_A	7.382E+00	0.000	6.695E-02	5.916E-02	2.730E-01	86
3kdmA	5HHK_A	7.801E+00	0.000	7.887E-02	6.000E-02	3.395E-01	21
3kdmA	5HHJ_A	7.801E+00	0.000	7.883E-02	5.979E-02	3.403E-01	21
3kdmA	9D4S_A	5.596E+00	0.000	7.406E-02	4.164E-02	2.270E-01	20
3kdmA	9Z6Z_H	7.801E+00	0.000	8.189E-02	3.239E-02	3.084E-01	26
3kdmA	8C8J_A	7.801E+00	0.000	7.159E-02	2.753E-02	2.377E-01	26
3kdmA	7UIM_D	9.717E+00	0.000	6.252E-02	3.694E-02	2.898E-01	17
3kdmA	9Z6Y_A	7.801E+00	0.000	1.042E-01	6.465E-02	2.287E-01	91
3kdmA	1RTD_A	9.717E+00	0.000	7.877E-02	3.324E-02	2.332E-01	21
3kdmA	9K6G_A	9.717E+00	0.000	7.194E-02	1.962E-02	2.376E-01	26
3my2A	9DOU_A	3.247E+00	0.009	1.493E-01	2.931E-02	4.185E-01	37
3my2A	9NL3_A	2.923E+00	0.008	1.432E-01	2.506E-02	3.501E-01	57
3my2A	9NL2_A	6.769E+00	0.000	1.417E-01	2.384E-02	4.412E-01	36
3my2A	8QBK_A	7.917E+00	0.000	1.317E-01	5.874E-02	3.400E-01	23
3my2A	8QBL_A	7.515E+00	0.000	1.270E-01	5.632E-02	3.794E-01	22
3my2A	8GH6_A	9.251E+00	0.000	1.465E-01	2.759E-02	4.327E-01	36
3my2A	8QBM_A	8.784E+00	0.000	1.266E-01	5.623E-02	3.859E-01	22
3my2A	9NNB_B	8.339E+00	0.000	1.278E-01	5.734E-02	3.261E-01	21
3my2A	8UB7_A	7.515E+00	0.000	6.264E-02	3.147E-02	3.462E-01	15
3my2A	9Z6Y_A	9.741E+00	0.000	1.564E-01	6.164E-02	3.605E-01	43
3my2A	1RTD_A	8.784E+00	0.000	1.200E-01	3.498E-02	3.411E-01	40
3my2A	9I2F_A	8.784E+00	0.000	1.306E-01	3.265E-02	3.310E-01	27
3my2A	5HHL_A	8.784E+00	0.000	1.182E-01	5.813E-02	3.205E-01	21
3my2A	8UW3_A	6.424E+00	0.000	7.773E-02	1.579E-02	2.373E-01	52
3my2A	7V9U_A	8.784E+00	0.000	7.644E-02	3.896E-02	2.475E-01	45
3my2A	23OR_A	8.339E+00	0.000	7.940E-02	3.737E-02	1.776E-01	55
3my2A	9LPA_A	9.741E+00	0.000	9.784E-02	4.235E-02	2.869E-01	31
3qpaA	9I2G_B	2.719E-01	0.029	2.874E-01	1.348E-01	3.023E-01	241
3qpaA	9I2F_A	3.835E-01	0.016	2.174E-01	1.113E-01	2.736E-01	178
3qpaA	9S1F_B	4.824E-01	0.011	1.828E-01	8.620E-02	2.770E-01	121
3qpaA	9VHL_A	2.695E+00	0.009	1.161E-01	8.680E-02	5.153E-01	51
3qpaA	9VHE_A	3.589E+00	0.008	1.157E-01	8.669E-02	5.134E-01	51
3qpaA	9NNB_B	5.674E+00	0.000	9.876E-02	6.309E-02	6.713E-01	20
3qpaA	9E8Z_H	4.262E+00	0.000	1.096E-01	7.432E-02	4.313E-01	63
3qpaA	24NC_A	3.589E+00	0.000	1.183E-01	5.623E-02	2.841E-01	65
3qpaA	9WY8_A	4.262E+00	0.000	9.751E-02	5.295E-02	2.711E-01	84
3qpaA	8GH6_A	5.359E+00	0.000	1.275E-01	3.512E-02	3.338E-01	73
3qpaA	9LPA_A	7.986E+00	0.000	1.095E-01	6.366E-02	5.505E-01	33
3qpaA	9Z6Y_H	4.513E+00	0.000	1.184E-01	5.241E-02	2.030E-01	118
3qpaA	9YFD_A	7.986E+00	0.000	1.527E-01	3.399E-02	3.753E-01	90
3qpaA	9Z6Z_H	7.986E+00	0.000	1.219E-01	4.882E-02	2.066E-01	134
3ve2A	5HHL_A	9.722E+00	0.000	3.705E-02	6.259E-02	4.275E-01	22
3ve2A	9C0I_A	8.449E+00	0.000	3.940E-02	4.615E-02	2.772E-01	35
4hdoA	9VHL_A	1.714E+00	0.014	6.325E-02	7.014E-02	4.748E-01	32
4hdoA	9L7P_E	1.714E+00	0.011	6.162E-02	6.181E-02	4.480E-01	33
4hdoA	5HHL_A	4.115E-01	0.009	1.037E-01	1.083E-01	1.299E-01	324
4hdoA	9NNB_B	4.115E-01	0.008	9.343E-02	9.321E-02	1.474E-01	212
4hdoA	5HHK_A	7.949E-01	0.007	1.167E-01	1.217E-01	1.430E-01	325
4hdoA	9E8Z_H	4.355E+00	0.007	6.752E-02	6.834E-02	5.030E-01	31
4hdoA	9N69_E	2.517E+00	0.007	7.444E-02	7.488E-02	3.303E-01	78
4hdoA	9VHE_A	1.454E+00	0.000	6.867E-02	7.715E-02	2.017E-01	123
4hdoA	5HHJ_A	1.105E+00	0.000	1.199E-01	1.253E-01	1.527E-01	332
4hdoA	8QBK_A	2.967E+00	0.000	5.921E-02	5.938E-02	2.879E-01	76
4hdoA	8QBL_A	2.517E+00	0.000	5.901E-02	5.919E-02	2.866E-01	76
4hdoA	6AR1_A	1.167E+00	0.000	9.977E-02	8.410E-02	1.232E-01	330
4hdoA	9IOA_A	1.046E+00	0.000	9.483E-02	7.778E-02	1.194E-01	333
4hdoA	8QBM_A	3.694E+00	0.000	5.897E-02	5.914E-02	2.866E-01	76
4hdoA	9D5X_A	3.134E+00	0.000	8.951E-02	7.562E-02	2.228E-01	114
4hdoA	8FLI_B	4.123E+00	0.000	6.263E-02	4.444E-02	3.112E-01	85
4hdoA	9WY8_A	1.622E+00	0.000	8.682E-02	6.339E-02	1.393E-01	239
4hdoA	24NC_A	1.167E+00	0.000	1.039E-01	7.492E-02	1.265E-01	321
4hdoA	8OZ7_A	6.387E+00	0.000	5.052E-02	2.702E-02	5.168E-01	18
4hdoA	7UIN_D	4.355E+00	0.000	1.073E-01	9.131E-02	1.908E-01	166
4hdoA	9Z6Y_A	2.021E+00	0.000	9.642E-02	7.857E-02	1.155E-01	298
4hdoA	9LJE_A	6.047E+00	0.000	5.932E-02	4.738E-02	3.088E-01	37
4hdoA	7KFT_C	2.382E+00	0.000	9.441E-02	6.492E-02	1.168E-01	305
4hdoA	9Z6Z_H	4.355E+00	0.000	1.069E-01	6.827E-02	1.741E-01	150
4hdoA	8GH6_A	2.808E+00	0.000	7.415E-02	3.535E-02	1.595E-01	126
4hdoA	8UBD_A	5.726E+00	0.000	8.676E-02	8.347E-02	1.835E-01	141
4hdoA	9I2F_A	3.311E+00	0.000	7.727E-02	5.243E-02	1.246E-01	235
4hdoA	7R08_A	7.941E+00	0.000	1.220E-01	9.167E-02	1.898E-01	176
4hdoA	9S1F_B	6.745E+00	0.000	7.435E-02	4.662E-02	1.948E-01	122
4hdoA	26CZ_A	6.387E+00	0.000	8.112E-02	4.396E-02	2.053E-01	123
4hdoA	8C8J_A	5.421E+00	0.000	6.763E-02	3.761E-02	1.687E-01	141
4hdoA	7V9X_A	9.341E+00	0.000	5.281E-02	5.225E-02	2.516E-01	74
4hdoA	7XJG_A	9.858E+00	0.000	5.185E-02	5.127E-02	2.530E-01	74
4hdoA	9LBQ_A	8.850E+00	0.000	9.256E-02	9.080E-02	1.581E-01	153
4hdoA	9WN8_A	8.384E+00	0.000	7.084E-02	6.538E-02	1.441E-01	142
4hdoA	23OR_A	8.850E+00	0.000	9.071E-02	8.035E-02	1.815E-01	148
4hdoA	9LPA_A	6.745E+00	0.000	7.365E-02	6.681E-02	1.195E-01	214
4hdoA	9Z6Z_A	6.745E+00	0.000	7.804E-02	6.732E-02	9.864E-02	294
4hdoA	1RTD_A	8.384E+00	0.000	9.519E-02	5.811E-02	1.727E-01	150
4hdoA	9I2G_B	7.123E+00	0.000	7.990E-02	4.883E-02	1.474E-01	221
4hdoA	9Z6Y_H	9.341E+00	0.000	1.096E-01	6.978E-02	1.873E-01	148
4hdoA	8SXT_A	8.850E+00	0.000	8.846E-02	4.426E-02	2.308E-01	147
4hdoA	9HDO_A	6.387E+00	0.000	5.599E-02	2.059E-02	1.548E-01	98
4hdoA	9K6G_A	5.421E+00	0.000	9.182E-02	4.389E-02	9.269E-02	426
4hdoA	5VBS_A	9.858E+00	0.000	6.684E-02	8.066E-02	1.235E-01	132
1y2mD	9Z6Z_H	1.436E+00	0.007	6.731E-02	6.943E-02	1.242E-01	350
1y2mD	9IOA_A	2.376E+00	0.000	8.705E-02	1.055E-01	1.153E-01	582
1y2mD	7R08_A	4.097E+00	0.000	7.408E-02	8.825E-02	1.222E-01	408
1y2mD	8UBD_A	6.225E+00	0.000	6.517E-02	1.128E-01	2.112E-01	179
1y2mD	24NC_A	6.767E+00	0.000	7.366E-02	8.906E-02	1.256E-01	449
1y2mD	8UB7_A	7.992E+00	0.000	6.143E-02	1.043E-01	1.710E-01	199
1y2mD	9Z6Y_H	8.682E+00	0.000	7.766E-02	8.113E-02	1.448E-01	338
2czlA	8C8J_A	1.494E+00	0.009	8.724E-02	3.947E-02	4.025E-01	60
2czlA	8UW3_A	1.494E+00	0.009	9.393E-02	2.478E-02	3.557E-01	67
2czlA	9K6G_A	3.175E+00	0.000	9.627E-02	3.064E-02	3.510E-01	68
2czlA	9I2F_A	4.081E+00	0.000	9.561E-02	4.927E-02	3.851E-01	49
2czlA	7V9X_A	1.317E+00	0.000	9.755E-02	8.832E-02	1.357E-01	204
2czlA	8QBK_A	1.921E+00	0.000	9.699E-02	8.849E-02	1.366E-01	202
2czlA	8QBM_A	3.175E+00	0.000	1.011E-01	9.125E-02	1.764E-01	151
2czlA	9WY8_A	3.600E+00	0.000	1.151E-01	7.409E-02	2.080E-01	145
2czlA	1RTD_A	4.627E+00	0.000	9.912E-02	5.178E-02	3.629E-01	90
2czlA	9I2G_B	5.945E+00	0.000	1.281E-01	6.854E-02	3.844E-01	74
2czlA	8SXT_A	6.736E+00	0.000	8.609E-02	3.771E-02	3.917E-01	60
2czlA	24NC_A	5.245E+00	0.000	8.190E-02	4.803E-02	2.044E-01	99
2czlA	7V9U_A	3.381E+00	0.000	1.028E-01	9.381E-02	1.256E-01	241
2czlA	8QBL_A	4.345E+00	0.000	9.449E-02	8.996E-02	1.124E-01	241
2czlA	7XJG_A	4.345E+00	0.000	9.319E-02	8.523E-02	1.490E-01	153
2czlA	9WN8_A	7.631E+00	0.000	9.517E-02	7.542E-02	3.402E-01	80
2czlA	9LPA_A	7.631E+00	0.000	7.064E-02	5.823E-02	2.294E-01	71
2czlA	9D5X_A	4.081E+00	0.000	9.697E-02	7.817E-02	1.313E-01	219
2czlA	9S1F_B	5.945E+00	0.000	8.962E-02	5.313E-02	1.850E-01	127
2czlA	9HDO_A	7.170E+00	0.000	7.672E-02	2.820E-02	2.751E-01	67
2czlA	9LBQ_A	6.736E+00	0.000	7.759E-02	7.051E-02	1.933E-01	85
2czlA	9D4S_A	7.170E+00	0.000	7.987E-02	6.588E-02	1.275E-01	200
2czlA	7R08_A	9.192E+00	0.000	1.614E-01	1.017E-01	2.445E-01	205
2i44B	9Z6Y_A	1.823E+00	0.007	8.131E-02	6.415E-02	3.229E-01	48
2i44B	9Z6Z_A	3.517E+00	0.000	8.087E-02	6.359E-02	3.244E-01	46
2i44B	9LBQ_A	6.016E+00	0.000	1.215E-01	1.203E-01	3.748E-01	87
2i44B	7UIN_D	2.609E+00	0.000	6.775E-02	5.974E-02	1.706E-01	111
2i44B	9LJE_A	3.963E+00	0.000	8.241E-02	6.805E-02	2.163E-01	115
2i44B	9C0I_A	2.770E+00	0.000	7.404E-02	5.896E-02	1.689E-01	127
2i44B	5HHK_A	3.963E+00	0.000	9.033E-02	9.572E-02	2.481E-01	120
2i44B	5HHJ_A	4.740E+00	0.000	9.034E-02	9.526E-02	2.482E-01	120
2i44B	9X9B_A	4.466E+00	0.000	6.097E-02	5.562E-02	2.314E-01	66
2i44B	23OR_A	7.629E+00	0.000	1.235E-01	1.099E-01	4.001E-01	93
2i44B	6ME0_C	5.669E+00	0.000	8.008E-02	6.776E-02	2.952E-01	75
2i44B	9IOA_A	4.466E+00	0.000	7.692E-02	5.438E-02	2.324E-01	73
2i44B	9S1F_B	3.517E+00	0.000	7.419E-02	5.131E-02	1.547E-01	179
2i44B	26CZ_A	6.385E+00	0.000	9.554E-02	5.183E-02	2.955E-01	87
2i44B	9WN8_A	7.629E+00	0.000	6.344E-02	5.746E-02	3.029E-01	56
2i44B	9DOU_A	3.963E+00	0.000	9.054E-02	4.469E-02	1.590E-01	149
2i44B	5HHL_A	7.629E+00	0.000	8.266E-02	8.692E-02	2.534E-01	117
2i44B	9X94_A	8.587E+00	0.000	1.053E-01	9.639E-02	3.092E-01	94
2i44B	9I2G_B	5.341E+00	0.000	8.247E-02	5.723E-02	1.541E-01	179
2i44B	9I2F_A	5.341E+00	0.000	6.707E-02	4.898E-02	1.472E-01	181
2i44B	9LPA_A	9.658E+00	0.000	8.609E-02	7.656E-02	1.979E-01	136
2i44B	6AR1_A	9.107E+00	0.000	7.055E-02	5.807E-02	1.893E-01	114
2i44B	24NC_A	8.587E+00	0.000	5.518E-02	3.417E-02	2.908E-01	73
3hs3A	1RTD_A	3.776E+00	0.000	1.443E-01	8.519E-02	2.686E-01	198
3hs3A	9S1F_B	5.281E+00	0.000	1.383E-01	7.678E-02	3.325E-01	97
3hs3A	9I2F_A	4.466E+00	0.000	2.057E-01	1.142E-01	2.314E-01	299
3hs3A	9I2G_B	7.379E+00	0.000	1.487E-01	7.983E-02	3.860E-01	97
3hs3A	8GH6_A	5.281E+00	0.000	9.463E-02	4.193E-02	2.700E-01	116
3hs3A	9WY8_A	5.281E+00	0.000	9.239E-02	5.593E-02	2.217E-01	110
3hs3A	7R06_A	9.207E+00	0.000	7.877E-02	4.101E-02	3.392E-01	76
3hs3A	8C8J_A	7.800E+00	0.000	1.623E-01	7.305E-02	2.853E-01	162
3hs3A	26CZ_A	6.980E+00	0.000	9.010E-02	5.255E-02	1.427E-01	161
3lyhB	9I2F_A	2.753E-01	0.024	2.335E-01	8.893E-02	2.779E-01	140
3lyhB	9I2G_B	1.325E+00	0.009	2.334E-01	9.510E-02	2.594E-01	143
3lyhB	9X94_A	2.096E+00	0.007	1.700E-01	6.547E-02	2.368E-01	110
3lyhB	9YFD_A	4.906E+00	0.007	2.806E-01	3.724E-02	6.038E-01	51
3lyhB	9S1F_B	2.723E+00	0.000	2.259E-01	8.701E-02	2.843E-01	110
3lyhB	9IOA_A	6.368E+00	0.000	1.643E-01	4.354E-02	6.261E-01	22
3lyhB	9DOU_A	3.104E+00	0.000	1.701E-01	4.727E-02	2.606E-01	86
3lyhB	9NL2_A	2.723E+00	0.000	1.602E-01	3.974E-02	2.118E-01	96
3lyhB	7UIM_D	5.967E+00	0.000	1.254E-01	4.914E-02	3.875E-01	45
3lyhB	9E8Z_H	5.967E+00	0.000	1.445E-01	6.290E-02	3.050E-01	86
3lyhB	7V9X_A	7.253E+00	0.000	1.765E-01	8.454E-02	3.416E-01	80
3lyhB	1RTD_A	7.739E+00	0.000	2.638E-01	8.407E-02	4.046E-01	75
3lyhB	8GH6_A	8.257E+00	0.000	1.323E-01	2.084E-02	4.766E-01	24
3lyhB	9X9B_A	5.590E+00	0.000	1.457E-01	6.337E-02	2.364E-01	87
3lyhB	9LJE_A	5.237E+00	0.000	1.557E-01	5.631E-02	2.152E-01	101
3lyhB	8FLI_B	5.967E+00	0.000	1.475E-01	5.605E-02	2.406E-01	85
3lyhB	9WY8_A	6.797E+00	0.000	1.406E-01	4.271E-02	3.075E-01	74
3lyhB	6ME0_C	9.394E+00	0.000	1.532E-01	5.315E-02	3.006E-01	78
3lyhB	8UW3_A	9.394E+00	0.000	1.526E-01	2.170E-02	2.458E-01	109
3lyhB	9HDO_A	9.394E+00	0.000	1.443E-01	2.575E-02	1.784E-01	126
3qi7A	1RTD_A	1.061E+00	0.010	8.134E-02	5.500E-02	2.968E-01	139
3qi7A	9S1F_B	2.994E+00	0.007	1.364E-01	9.563E-02	3.496E-01	109
3qi7A	26CZ_A	8.925E-01	0.007	8.431E-02	5.576E-02	1.548E-01	212
3qi7A	9I2G_B	3.172E+00	0.000	1.516E-01	1.046E-01	3.314E-01	136
3qi7A	9I2F_A	3.172E+00	0.000	1.423E-01	9.823E-02	3.234E-01	141
3qi7A	9E8Z_H	6.699E+00	0.000	5.581E-02	6.343E-02	5.703E-01	34
3qi7A	7R06_A	1.415E+00	0.000	9.695E-02	6.974E-02	1.400E-01	313
3qi7A	9LPA_A	6.326E+00	0.000	1.102E-01	1.072E-01	3.749E-01	117
3qi7A	9Z6Y_A	5.973E+00	0.000	8.356E-02	7.532E-02	3.698E-01	80
3qi7A	9N69_E	5.027E+00	0.000	6.514E-02	7.361E-02	2.763E-01	75
3qi7A	9L7P_E	5.325E+00	0.000	5.861E-02	6.623E-02	3.022E-01	74
3qi7A	23OR_A	3.994E+00	0.000	7.101E-02	6.941E-02	2.254E-01	114
3qi7A	7R08_A	4.230E+00	0.000	8.890E-02	6.925E-02	2.121E-01	131
3qi7A	9Z6Z_H	2.245E+00	0.000	1.025E-01	7.357E-02	1.262E-01	337
3qi7A	9DOU_A	3.770E+00	0.000	1.449E-01	7.250E-02	2.614E-01	224
3qi7A	9VHL_A	5.640E+00	0.000	5.602E-02	7.009E-02	2.959E-01	42
3qi7A	7V9X_A	5.640E+00	0.000	4.629E-02	5.192E-02	3.192E-01	49
3qi7A	7UIN_D	4.230E+00	0.000	9.322E-02	8.765E-02	1.971E-01	175
3qi7A	24NC_A	3.994E+00	0.000	1.060E-01	8.221E-02	1.521E-01	225
3qi7A	9VHE_A	7.511E+00	0.000	5.684E-02	7.015E-02	2.949E-01	42
3qi7A	5HHK_A	4.746E+00	0.000	1.112E-01	1.273E-01	1.546E-01	304
3qi7A	7V9U_A	7.094E+00	0.000	4.602E-02	5.232E-02	3.292E-01	49
3qi7A	9NNB_B	6.326E+00	0.000	5.882E-02	6.540E-02	2.320E-01	80
3qi7A	7XJG_A	7.094E+00	0.000	4.613E-02	5.174E-02	3.201E-01	49
3qi7A	9LBQ_A	8.911E+00	0.000	9.961E-02	1.101E-01	3.684E-01	109
3qi7A	9X94_A	9.980E+00	0.000	1.064E-01	1.070E-01	3.982E-01	109
3qi7A	9C0I_A	7.094E+00	0.000	7.776E-02	6.666E-02	2.829E-01	95
3qi7A	9Z6Y_H	3.994E+00	0.000	9.913E-02	6.990E-02	1.295E-01	337
3qi7A	8BGJ_A	8.911E+00	0.000	6.206E-02	9.912E-02	2.834E-01	95
3qi7A	5HHL_A	5.640E+00	0.000	1.015E-01	1.149E-01	1.402E-01	307
3qi7A	5HHJ_A	6.326E+00	0.000	1.116E-01	1.272E-01	1.519E-01	302
3qi7A	8QBK_A	7.953E+00	0.000	4.594E-02	5.223E-02	3.203E-01	49
3qi7A	8OZ7_A	3.994E+00	0.000	7.453E-02	5.055E-02	9.804E-02	319
3qi7A	8GH6_A	7.953E+00	0.000	8.424E-02	3.805E-02	2.423E-01	149
3qi7A	8UBD_A	6.326E+00	0.000	8.995E-02	9.548E-02	1.229E-01	291
3qi7A	9D4S_A	8.419E+00	0.000	1.218E-01	1.130E-01	1.487E-01	300
3qi7A	9LJE_A	8.911E+00	0.000	7.832E-02	6.906E-02	1.999E-01	117
3qi7A	8C8J_A	8.419E+00	0.000	9.956E-02	6.154E-02	1.597E-01	258
3qi7A	9K6G_A	9.431E+00	0.000	1.042E-01	4.707E-02	1.676E-01	244
3qi7A	7UIM_D	9.980E+00	0.000	1.151E-01	1.096E-01	1.435E-01	289
4fcaA	1RTD_A	1.345E+00	0.008	4.279E-02	3.760E-02	3.461E-01	46
4fcaA	9Z6Z_H	1.503E+00	0.008	1.090E-01	8.981E-02	2.660E-01	173
4fcaA	8OZ7_A	2.340E+00	0.000	1.216E-01	1.050E-01	1.805E-01	324
4fcaA	9WN8_A	5.078E+00	0.000	2.955E-02	3.826E-02	2.446E-01	29
4fcaA	9Z6Y_H	5.367E+00	0.000	9.716E-02	8.050E-02	1.994E-01	182
4fcaA	9X94_A	5.993E+00	0.000	2.921E-02	3.755E-02	2.479E-01	29
4fcaA	9D5X_A	7.070E+00	0.000	5.005E-02	5.866E-02	2.193E-01	109
4fcaA	9D4S_A	6.691E+00	0.000	5.550E-02	6.373E-02	2.077E-01	106
4fcaA	23OR_A	9.815E+00	0.000	2.939E-02	3.690E-02	2.434E-01	29
4fcaA	9C0I_A	7.890E+00	0.000	4.474E-02	4.927E-02	1.667E-01	88
4fcaA	9WY8_A	9.815E+00	0.000	1.143E-01	1.121E-01	2.350E-01	193
4fcaA	9NL3_A	7.890E+00	0.000	7.447E-02	4.049E-02	1.930E-01	171
4o5qA	1RTD_A	1.628E+00	0.008	7.701E-02	7.328E-02	2.456E-01	146
4o5qA	9YFD_A	7.781E-01	0.008	9.776E-02	5.275E-02	1.753E-01	355
4o5qA	5HHK_A	3.786E+00	0.000	7.073E-02	1.016E-01	1.914E-01	144
4o5qA	9VHE_A	9.725E+00	0.000	4.581E-02	8.012E-02	4.429E-01	51
4o5qA	5HHJ_A	4.434E+00	0.000	7.076E-02	1.025E-01	1.916E-01	144
4o5qA	8QBL_A	9.234E+00	0.000	3.969E-02	6.130E-02	4.564E-01	47
4o5qA	9Z6Y_A	7.115E+00	0.000	3.667E-02	4.403E-02	3.706E-01	40
4o5qA	8UBD_A	4.207E+00	0.000	7.256E-02	9.697E-02	1.329E-01	265
4o5qA	8UB7_A	4.674E+00	0.000	7.283E-02	9.292E-02	1.229E-01	270
4o5qA	6AR1_A	9.234E+00	0.000	3.001E-02	3.580E-02	3.805E-01	25
4o5qA	9Z6Z_A	7.900E+00	0.000	4.525E-02	5.519E-02	3.406E-01	76
4o5qA	7KFT_C	4.674E+00	0.000	9.120E-02	8.587E-02	1.447E-01	333
4o5qA	8OZ7_A	4.926E+00	0.000	5.909E-02	5.449E-02	1.381E-01	255
4o5qA	9DOU_A	6.752E+00	0.000	5.211E-02	3.374E-02	1.855E-01	126
4o5qA	5HHL_A	9.234E+00	0.000	9.612E-02	1.259E-01	1.458E-01	269
4o5qA	7UIM_D	9.725E+00	0.000	8.442E-02	1.026E-01	1.451E-01	254
4o5qA	9D4S_A	8.767E+00	0.000	1.058E-01	1.225E-01	1.833E-01	262
4o5qA	9C0I_A	8.767E+00	0.000	5.334E-02	6.130E-02	1.926E-01	57
4o5qA	7R08_A	9.234E+00	0.000	7.012E-02	7.373E-02	1.313E-01	332
4o5qA	9NL3_A	7.497E+00	0.000	4.550E-02	2.693E-02	1.492E-01	131
6gfaA	9Z6Z_A	1.744E-02	0.051	1.332E-01	1.242E-01	1.603E-01	440
6gfaA	1RTD_A	1.523E-01	0.014	1.136E-01	8.512E-02	1.422E-01	372
6gfaA	8OZ7_A	1.755E+00	0.010	1.210E-01	8.552E-02	3.143E-01	102
6gfaA	5HHK_A	3.504E-01	0.009	1.046E-01	1.255E-01	1.436E-01	351
6gfaA	8UBD_A	2.737E+00	0.009	1.255E-01	1.402E-01	3.615E-01	90
6gfaA	9Z6Y_A	3.504E-01	0.009	1.223E-01	1.156E-01	1.504E-01	433
6gfaA	5G2X_C	3.418E+00	0.007	6.167E-02	4.841E-02	4.769E-01	40
6gfaA	8BGJ_A	1.007E+00	0.000	8.640E-02	1.266E-01	1.555E-01	226
6gfaA	5HHL_A	1.258E+00	0.000	1.078E-01	1.332E-01	1.952E-01	253
6gfaA	5HHJ_A	1.486E+00	0.000	9.965E-02	1.222E-01	1.974E-01	256
6gfaA	8UB7_A	4.268E+00	0.000	1.205E-01	1.345E-01	3.484E-01	93
6gfaA	9D5X_A	2.449E+00	0.000	8.164E-02	7.922E-02	2.190E-01	177
6gfaA	9C0I_A	8.524E-01	0.000	8.606E-02	7.938E-02	1.132E-01	302
6gfaA	9WY8_A	9.011E-01	0.000	1.107E-01	9.357E-02	1.237E-01	303
6gfaA	9I2G_B	1.007E+00	0.000	9.441E-02	6.886E-02	1.289E-01	363
6gfaA	8C8J_A	1.329E+00	0.000	9.976E-02	6.058E-02	1.637E-01	299
6gfaA	9NL2_A	2.317E+00	0.000	1.030E-01	4.632E-02	2.172E-01	144
6gfaA	9N69_E	3.059E+00	0.000	5.350E-02	5.874E-02	3.253E-01	60
6gfaA	6AR1_A	1.755E+00	0.000	1.030E-01	9.600E-02	1.521E-01	302
6gfaA	9I2F_A	1.329E+00	0.000	1.012E-01	7.176E-02	1.334E-01	373
6gfaA	8SXT_A	1.660E+00	0.000	1.213E-01	8.119E-02	1.472E-01	361
6gfaA	9HDO_A	8.524E-01	0.000	8.584E-02	4.849E-02	1.030E-01	378
6gfaA	9VHL_A	2.449E+00	0.000	7.986E-02	1.030E-01	1.493E-01	254
6gfaA	9LPA_A	3.059E+00	0.000	8.349E-02	8.493E-02	1.852E-01	196
6gfaA	6ME0_C	2.317E+00	0.000	7.796E-02	7.291E-02	1.313E-01	243
6gfaA	24NC_A	2.073E+00	0.000	1.100E-01	8.945E-02	1.468E-01	266
6gfaA	7R06_A	2.894E+00	0.000	9.037E-02	6.484E-02	1.731E-01	177
6gfaA	8QBM_A	5.951E+00	0.000	5.655E-02	6.823E-02	3.076E-01	70
6gfaA	9L7P_E	3.418E+00	0.000	5.411E-02	6.252E-02	1.972E-01	65
6gfaA	9X94_A	4.511E+00	0.000	5.994E-02	6.302E-02	1.999E-01	89
6gfaA	9X9B_A	5.951E+00	0.000	6.066E-02	6.372E-02	2.614E-01	48
6gfaA	7UIN_D	3.613E+00	0.000	8.693E-02	8.554E-02	1.370E-01	242
6gfaA	9IOA_A	4.037E+00	0.000	8.526E-02	7.050E-02	1.411E-01	262
6gfaA	7KFT_C	7.023E+00	0.000	1.325E-01	9.806E-02	2.543E-01	158
6gfaA	9Z6Z_H	6.289E+00	0.000	1.120E-01	7.728E-02	1.829E-01	281
6gfaA	9DOU_A	3.418E+00	0.000	8.683E-02	4.795E-02	1.355E-01	241
6gfaA	9E8Z_H	4.268E+00	0.000	9.746E-02	1.115E-01	1.150E-01	366
6gfaA	8QBL_A	7.841E+00	0.000	5.478E-02	6.368E-02	2.631E-01	74
6gfaA	9NNB_B	5.327E+00	0.000	7.906E-02	9.345E-02	1.418E-01	266
6gfaA	9D4S_A	4.268E+00	0.000	7.802E-02	7.642E-02	1.164E-01	268
6gfaA	6MEC_C	5.327E+00	0.000	7.056E-02	6.621E-02	1.209E-01	247
6gfaA	9LJE_A	9.243E+00	0.000	7.239E-02	6.662E-02	3.100E-01	65
6gfaA	7R08_A	6.289E+00	0.000	1.091E-01	9.305E-02	1.369E-01	364
6gfaA	9K6G_A	6.289E+00	0.000	9.302E-02	4.734E-02	1.444E-01	243
6gfaA	9VHE_A	5.951E+00	0.000	7.532E-02	8.634E-02	1.112E-01	260
6gfaA	7UIM_D	7.421E+00	0.000	7.335E-02	7.154E-02	1.141E-01	241
6gfaA	9NL3_A	8.751E+00	0.000	9.198E-02	4.411E-02	1.419E-01	248
6gfaA	8UW3_A	8.284E+00	0.000	7.071E-02	3.010E-02	1.699E-01	192
6gfaA	26CZ_A	9.243E+00	0.000	8.226E-02	5.806E-02	1.082E-01	258
3jysA	7R08_A	7.405E-01	0.009	9.455E-02	9.358E-02	1.745E-01	176
3jysA	9WY8_A	1.108E+00	0.008	9.063E-02	8.908E-02	1.885E-01	198
3jysA	26CZ_A	8.613E-01	0.008	1.224E-01	9.764E-02	1.567E-01	487
3jysA	9Z6Z_H	2.359E+00	0.007	1.182E-01	9.629E-02	2.400E-01	222
3jysA	9Z6Y_H	3.902E+00	0.000	1.119E-01	9.171E-02	3.002E-01	153
3jysA	8C8J_A	1.002E+00	0.000	6.926E-02	5.737E-02	1.256E-01	261
3jysA	24NC_A	3.711E+00	0.000	1.256E-01	1.178E-01	2.759E-01	190
3jysA	8GH6_A	1.108E+00	0.000	6.880E-02	4.145E-02	1.286E-01	231
3jysA	9NL2_A	2.359E+00	0.000	8.540E-02	4.812E-02	1.526E-01	265
3jysA	5HHL_A	2.609E+00	0.000	6.457E-02	9.080E-02	1.413E-01	199
3jysA	9D4S_A	2.480E+00	0.000	7.817E-02	8.752E-02	1.410E-01	281
3jysA	9I2G_B	4.538E+00	0.000	8.196E-02	7.061E-02	2.833E-01	114
3jysA	9N69_E	4.538E+00	0.000	5.494E-02	7.713E-02	2.115E-01	87
3jysA	8QBK_A	3.355E+00	0.000	6.868E-02	9.218E-02	1.370E-01	153
3jysA	8UBD_A	4.315E+00	0.000	5.753E-02	7.693E-02	1.548E-01	123
3jysA	8UB7_A	4.772E+00	0.000	6.643E-02	8.350E-02	1.817E-01	134
3jysA	7R06_A	7.127E+00	0.000	1.140E-01	9.625E-02	2.641E-01	160
3jysA	9NL3_A	4.315E+00	0.000	6.155E-02	3.410E-02	1.938E-01	149
3jysA	5HHK_A	4.315E+00	0.000	6.476E-02	9.202E-02	1.278E-01	244
3jysA	5HHJ_A	5.276E+00	0.000	6.500E-02	9.205E-02	1.551E-01	206
3jysA	7XJG_A	5.276E+00	0.000	6.067E-02	8.226E-02	1.714E-01	112
3jysA	7UIN_D	5.548E+00	0.000	5.163E-02	6.138E-02	1.650E-01	138
3jysA	9LJE_A	5.017E+00	0.000	8.061E-02	8.926E-02	1.963E-01	186
3jysA	9Z6Z_A	7.127E+00	0.000	7.848E-02	8.655E-02	2.418E-01	107
3jysA	9IOA_A	6.448E+00	0.000	7.157E-02	7.042E-02	2.246E-01	161
3jysA	1RTD_A	7.127E+00	0.000	5.261E-02	4.674E-02	2.819E-01	72
3jysA	9DOU_A	6.448E+00	0.000	6.279E-02	3.923E-02	2.147E-01	142
3jysA	9HDO_A	5.017E+00	0.000	6.756E-02	3.677E-02	1.319E-01	221
3jysA	9K6G_A	4.538E+00	0.000	6.510E-02	3.846E-02	1.369E-01	247
3jysA	7V9U_A	6.448E+00	0.000	5.411E-02	9.011E-02	1.451E-01	155
3jysA	8QBL_A	5.833E+00	0.000	6.142E-02	8.253E-02	1.336E-01	161
3jysA	9LPA_A	9.142E+00	0.000	5.946E-02	7.345E-02	2.233E-01	110
3jysA	9D5X_A	6.779E+00	0.000	6.316E-02	7.560E-02	1.816E-01	180
3jysA	9Z6Y_A	7.492E+00	0.000	8.633E-02	9.538E-02	1.693E-01	169
3jysA	5G2X_C	8.278E+00	0.000	7.589E-02	7.503E-02	2.562E-01	88
3jysA	9S1F_B	6.133E+00	0.000	9.277E-02	8.203E-02	1.312E-01	380
3jysA	9YFD_A	7.492E+00	0.000	8.139E-02	4.242E-02	1.830E-01	166
3jysA	7V9X_A	8.700E+00	0.000	5.406E-02	7.556E-02	1.415E-01	168
3jysA	9I2F_A	8.278E+00	0.000	5.379E-02	4.805E-02	1.346E-01	163
3jysA	8SXT_A	8.278E+00	0.000	6.475E-02	4.979E-02	1.220E-01	232
3jysA	9C0I_A	8.700E+00	0.000	4.443E-02	4.888E-02	1.250E-01	128
2b82A	9S1F_B	1.245E+00	0.007	1.673E-01	8.750E-02	2.195E-01	201
2b82A	9I2G_B	1.328E+00	0.007	1.761E-01	8.744E-02	2.286E-01	207
2b82A	1RTD_A	2.218E+00	0.000	1.285E-01	6.564E-02	2.297E-01	92
2b82A	9LPA_A	5.436E+00	0.000	9.787E-02	7.109E-02	2.886E-01	82
2b82A	7UIN_D	4.784E+00	0.000	9.332E-02	6.157E-02	2.610E-01	79
2b82A	5G2X_C	6.177E+00	0.000	1.029E-01	5.519E-02	3.043E-01	46
2b82A	9I2F_A	4.487E+00	0.000	1.778E-01	8.437E-02	2.319E-01	209
2b82A	26CZ_A	4.209E+00	0.000	9.145E-02	4.142E-02	2.270E-01	93
2b82A	9HDO_A	2.521E+00	0.000	9.879E-02	3.453E-02	1.313E-01	185
2b82A	7V9X_A	6.177E+00	0.000	9.398E-02	6.732E-02	2.661E-01	85
2b82A	9K6G_A	3.055E+00	0.000	1.028E-01	3.157E-02	1.193E-01	193
2b82A	23OR_A	8.489E+00	0.000	7.875E-02	5.505E-02	2.154E-01	77
2b82A	9D4S_A	9.043E+00	0.000	9.953E-02	6.474E-02	2.670E-01	62
2b82A	6AR1_A	7.478E+00	0.000	9.490E-02	5.453E-02	2.362E-01	86
2b82A	7R06_A	7.478E+00	0.000	8.486E-02	4.121E-02	2.252E-01	66
2b82A	8UW3_A	3.473E+00	0.000	8.316E-02	2.089E-02	1.297E-01	127
2b82A	9L7P_E	6.584E+00	0.000	6.238E-02	4.940E-02	1.904E-01	88
2b82A	7XJG_A	9.631E+00	0.000	9.459E-02	6.806E-02	2.666E-01	85
2b82A	6MEC_C	7.968E+00	0.000	1.163E-01	6.889E-02	1.580E-01	175
2b82A	9Z6Y_A	8.489E+00	0.000	7.656E-02	4.524E-02	1.960E-01	76
2b82A	9WY8_A	9.043E+00	0.000	8.325E-02	4.513E-02	2.325E-01	66
2b82A	8SXT_A	8.489E+00	0.000	8.486E-02	3.253E-02	2.233E-01	66
2ff7A	9YFD_A	3.375E-01	0.010	1.118E-01	3.745E-02	1.998E-01	141
2ff7A	1RTD_A	3.513E+00	0.008	1.775E-01	8.495E-02	5.550E-01	70
2ff7A	5HHJ_A	3.818E-01	0.000	7.054E-02	5.999E-02	1.362E-01	181
2ff7A	6AR1_A	3.973E+00	0.000	1.455E-01	9.613E-02	3.526E-01	92
2ff7A	5HHK_A	7.523E-01	0.000	7.054E-02	6.016E-02	1.362E-01	181
2ff7A	8BGJ_A	3.973E+00	0.000	1.377E-01	1.536E-01	2.697E-01	128
2ff7A	8QBK_A	2.427E+00	0.000	1.269E-01	1.069E-01	1.932E-01	164
2ff7A	26CZ_A	7.343E+00	0.000	7.068E-02	2.863E-02	5.907E-01	20
2ff7A	8QBL_A	4.779E+00	0.000	1.367E-01	1.141E-01	2.096E-01	164
2ff7A	8UBD_A	5.747E+00	0.000	1.211E-01	1.011E-01	2.120E-01	115
2ff7A	9WY8_A	7.806E+00	0.000	1.262E-01	7.119E-02	3.184E-01	81
2ff7A	8C8J_A	4.225E+00	0.000	8.882E-02	4.018E-02	1.720E-01	154
2ff7A	8SXT_A	6.908E+00	0.000	1.206E-01	5.478E-02	2.574E-01	87
2ff7A	8UB7_A	7.806E+00	0.000	1.193E-01	9.973E-02	2.082E-01	117
2ff7A	24NC_A	4.779E+00	0.000	1.105E-01	7.064E-02	1.383E-01	199
2ff7A	7KFT_C	5.082E+00	0.000	1.048E-01	6.953E-02	1.287E-01	231
2ff7A	9S1F_B	4.779E+00	0.000	9.109E-02	4.809E-02	1.459E-01	166
2ff7A	9DOU_A	5.747E+00	0.000	9.189E-02	3.481E-02	1.612E-01	202
2ff7A	9K6G_A	4.225E+00	0.000	8.060E-02	2.549E-02	1.268E-01	130
2ff7A	9NL3_A	8.817E+00	0.000	1.118E-01	3.684E-02	2.621E-01	124
2ff7A	9VHE_A	8.297E+00	0.000	9.605E-02	8.935E-02	2.284E-01	52
2ff7A	5HHL_A	4.225E+00	0.000	6.169E-02	5.588E-02	1.128E-01	181
2ff7A	7XJG_A	8.817E+00	0.000	1.271E-01	1.055E-01	1.935E-01	169
2ff7A	9LPA_A	8.297E+00	0.000	9.024E-02	7.596E-02	1.569E-01	146
2ff7A	9D5X_A	9.952E+00	0.000	9.744E-02	6.710E-02	2.287E-01	107
2ff7A	8OZ7_A	9.368E+00	0.000	1.014E-01	5.505E-02	2.516E-01	98
2ff7A	8GH6_A	9.952E+00	0.000	8.669E-02	3.485E-02	2.077E-01	97
2ff7A	9HDO_A	5.404E+00	0.000	7.141E-02	2.506E-02	1.155E-01	137
2ff7A	9N69_E	8.297E+00	0.000	1.076E-01	8.980E-02	1.346E-01	262
2ff7A	8QBM_A	8.297E+00	0.000	8.044E-02	6.608E-02	1.424E-01	168
2ff7A	23OR_A	9.368E+00	0.000	6.685E-02	4.588E-02	1.631E-01	119
2ff7A	9C0I_A	9.368E+00	0.000	1.041E-01	6.911E-02	1.972E-01	124
2ff7A	5G2X_C	7.806E+00	0.000	6.550E-02	4.922E-02	1.150E-01	152
2ff7A	9I2G_B	7.806E+00	0.000	9.715E-02	5.351E-02	1.255E-01	238
2ff7A	7R06_A	8.817E+00	0.000	7.338E-02	3.831E-02	1.410E-01	95
2jjqA	8UW3_A	6.408E-01	0.029	1.051E-01	3.931E-02	3.746E-01	76
2jjqA	1RTD_A	2.391E+00	0.008	7.355E-02	5.501E-02	3.904E-01	54
2jjqA	9X9B_A	4.132E-01	0.007	9.248E-02	9.851E-02	1.351E-01	317
2jjqA	9YFD_A	1.459E+00	0.007	1.064E-01	5.022E-02	2.068E-01	268
2jjqA	8C8J_A	3.509E+00	0.000	5.876E-02	3.664E-02	3.629E-01	58
2jjqA	24NC_A	4.615E+00	0.000	5.128E-02	4.077E-02	4.061E-01	36
2jjqA	9LBQ_A	2.263E+00	0.000	9.027E-02	1.066E-01	1.416E-01	296
2jjqA	9X94_A	1.920E+00	0.000	8.759E-02	9.446E-02	1.376E-01	302
2jjqA	7UIM_D	6.407E+00	0.000	5.101E-02	5.086E-02	5.162E-01	37
2jjqA	8OZ7_A	4.369E+00	0.000	5.354E-02	3.672E-02	3.421E-01	30
2jjqA	9DOU_A	2.977E+00	0.000	5.533E-02	2.867E-02	2.116E-01	99
2jjqA	9NL2_A	4.136E+00	0.000	6.927E-02	3.065E-02	2.512E-01	102
2jjqA	7V9U_A	3.707E+00	0.000	6.937E-02	7.989E-02	1.562E-01	184
2jjqA	9HDO_A	3.707E+00	0.000	6.380E-02	3.214E-02	1.920E-01	94
2jjqA	9N69_E	2.818E+00	0.000	7.434E-02	8.418E-02	9.693E-02	289
2jjqA	8UB7_A	6.067E+00	0.000	1.046E-01	1.185E-01	2.227E-01	161
2jjqA	23OR_A	4.136E+00	0.000	8.949E-02	9.390E-02	1.391E-01	303
2jjqA	9LPA_A	3.145E+00	0.000	8.028E-02	8.441E-02	1.124E-01	300
2jjqA	9WY8_A	6.067E+00	0.000	6.695E-02	5.537E-02	2.410E-01	82
2jjqA	9I2F_A	5.149E+00	0.000	9.974E-02	7.366E-02	1.920E-01	167
2jjqA	7R06_A	7.966E+00	0.000	4.481E-02	3.161E-02	4.359E-01	41
2jjqA	8QBK_A	5.744E+00	0.000	5.965E-02	7.158E-02	1.589E-01	167
2jjqA	9S1F_B	7.145E+00	0.000	8.409E-02	6.253E-02	2.233E-01	130
2jjqA	9Z6Z_H	7.145E+00	0.000	5.758E-02	3.945E-02	2.476E-01	103
2jjqA	5HHK_A	9.370E+00	0.000	5.762E-02	7.108E-02	2.016E-01	95
2jjqA	9L7P_E	8.410E+00	0.000	5.246E-02	6.074E-02	1.590E-01	89
2jjqA	7V9X_A	5.744E+00	0.000	5.344E-02	6.176E-02	1.273E-01	90
2jjqA	8UBD_A	8.410E+00	0.000	5.406E-02	5.876E-02	2.612E-01	51
2jjqA	9D5X_A	7.545E+00	0.000	4.400E-02	4.400E-02	2.053E-01	57
2jjqA	9LJE_A	6.767E+00	0.000	4.854E-02	4.706E-02	1.402E-01	133
2jjqA	9C0I_A	8.410E+00	0.000	4.214E-02	3.943E-02	2.195E-01	103
2jjqA	9Z6Y_H	9.370E+00	0.000	6.565E-02	4.662E-02	2.241E-01	102
2jjqA	26CZ_A	5.744E+00	0.000	6.228E-02	4.728E-02	1.209E-01	191
2jjqA	8SXT_A	6.767E+00	0.000	9.449E-02	6.134E-02	1.420E-01	225
2jjqA	8GH6_A	8.878E+00	0.000	5.401E-02	2.838E-02	2.380E-01	63
2jjqA	9NL3_A	6.767E+00	0.000	5.511E-02	2.751E-02	1.553E-01	97
2jjqA	8BGJ_A	8.878E+00	0.000	4.583E-02	7.801E-02	1.567E-01	97
2jjqA	9VHL_A	8.410E+00	0.000	4.762E-02	6.030E-02	1.086E-01	129
2jjqA	9E8Z_H	9.888E+00	0.000	5.461E-02	6.357E-02	1.254E-01	96
4m4zA	9D5X_A	1.632E+00	0.009	1.108E-01	4.817E-02	3.245E-01	60
4m4zA	9D4S_A	1.293E+00	0.009	1.104E-01	4.642E-02	3.049E-01	62
4m4zA	9L7P_E	2.185E+00	0.008	1.151E-01	6.118E-02	3.411E-01	53
4m4zA	8UW3_A	1.151E+00	0.007	1.275E-01	2.749E-02	2.218E-01	84
4m4zA	8QBL_A	3.100E+00	0.000	1.056E-01	6.106E-02	3.666E-01	57
4m4zA	9NNB_B	3.913E+00	0.000	1.173E-01	6.226E-02	3.626E-01	50
4m4zA	8C8J_A	4.660E+00	0.000	8.233E-02	2.341E-02	4.173E-01	27
4m4zA	9E8Z_H	5.235E+00	0.000	1.211E-01	6.558E-02	3.632E-01	51
4m4zA	8QBK_A	3.483E+00	0.000	1.053E-01	6.113E-02	3.638E-01	57
4m4zA	9VHL_A	4.148E+00	0.000	9.057E-02	5.602E-02	2.952E-01	59
4m4zA	8QBM_A	4.148E+00	0.000	1.059E-01	6.119E-02	3.640E-01	57
4m4zA	7R06_A	5.548E+00	0.000	5.169E-02	1.576E-02	5.278E-01	11
4m4zA	9DOU_A	3.100E+00	0.000	1.201E-01	2.894E-02	2.527E-01	43
4m4zA	9YFD_A	6.232E+00	0.000	1.511E-01	2.826E-02	4.036E-01	46
4m4zA	9N69_E	6.232E+00	0.000	1.101E-01	5.731E-02	2.720E-01	63
4m4zA	9Z6Z_A	2.759E+00	0.000	8.613E-02	4.214E-02	1.756E-01	67
4m4zA	9C0I_A	6.232E+00	0.000	1.084E-01	4.623E-02	2.949E-01	49
4m4zA	7R08_A	8.322E+00	0.000	9.281E-02	3.211E-02	4.318E-01	18
4m4zA	1RTD_A	4.397E+00	0.000	1.050E-01	4.432E-02	1.957E-01	74
4m4zA	9Z6Y_H	7.414E+00	0.000	7.820E-02	2.361E-02	4.152E-01	25
4m4zA	9NL3_A	4.397E+00	0.000	1.169E-01	2.481E-02	2.610E-01	43
4m4zA	8UBD_A	8.322E+00	0.000	9.409E-02	4.683E-02	3.576E-01	21
4m4zA	6MEC_C	7.855E+00	0.000	1.005E-01	4.915E-02	3.178E-01	44
4m4zA	9Z6Y_A	4.939E+00	0.000	8.533E-02	4.087E-02	1.812E-01	65
4m4zA	24NC_A	9.335E+00	0.000	9.005E-02	2.979E-02	3.947E-01	17
4m4zA	9I2F_A	8.814E+00	0.000	9.321E-02	2.713E-02	3.673E-01	17
4m4zA	9NL2_A	5.548E+00	0.000	1.021E-01	1.963E-02	3.006E-01	40
4m4zA	6ME0_C	6.998E+00	0.000	6.331E-02	2.779E-02	2.539E-01	27
4m4zA	9Z6Z_H	6.232E+00	0.000	1.074E-01	3.442E-02	1.879E-01	118
4m4zA	9HDO_A	8.322E+00	0.000	8.616E-02	1.666E-02	2.520E-01	23
4m4zA	9K6G_A	9.884E+00	0.000	8.280E-02	1.773E-02	3.297E-01	38
4m4zA	8FLI_B	6.998E+00	0.000	1.149E-01	4.818E-02	1.724E-01	86
4m4zA	8SXT_A	9.884E+00	0.000	1.071E-01	3.273E-02	2.613E-01	72
4m4zA	7V9U_A	9.884E+00	0.000	8.619E-02	4.942E-02	2.119E-01	45
4m4zA	26CZ_A	9.335E+00	0.000	5.980E-02	1.844E-02	2.154E-01	32
4pagA	9YFD_A	3.836E+00	0.007	1.064E-01	3.429E-02	5.385E-01	52
4pagA	1RTD_A	4.076E+00	0.000	1.002E-01	6.661E-02	3.338E-01	72
4pagA	6AR1_A	2.507E+00	0.000	8.055E-02	6.705E-02	1.971E-01	107
4pagA	9WY8_A	3.610E+00	0.000	1.143E-01	8.154E-02	2.253E-01	176
4pagA	9DOU_A	6.232E+00	0.000	9.404E-02	4.262E-02	2.629E-01	83
4pagA	8UW3_A	4.603E+00	0.000	9.909E-02	3.795E-02	1.310E-01	279
5y9pA	1RTD_A	5.003E-01	0.008	1.416E-01	6.135E-02	2.438E-01	149
5y9pA	8QBL_A	4.619E+00	0.000	1.237E-01	9.007E-02	3.591E-01	71
5y9pA	9WN8_A	5.995E+00	0.000	1.180E-01	7.499E-02	4.468E-01	54
5y9pA	5G2X_C	2.109E+00	0.000	1.366E-01	7.424E-02	2.392E-01	105
5y9pA	7XJG_A	4.619E+00	0.000	8.535E-02	6.122E-02	3.743E-01	28
5y9pA	23OR_A	1.975E+00	0.000	9.231E-02	8.031E-02	1.294E-01	169
5y9pA	9I2F_A	6.828E+00	0.000	1.180E-01	4.641E-02	5.427E-01	41
5y9pA	7R06_A	4.327E+00	0.000	1.034E-01	4.768E-02	2.643E-01	56
5y9pA	7V9X_A	4.327E+00	0.000	9.289E-02	7.067E-02	2.069E-01	73
5y9pA	8UBD_A	8.846E+00	0.000	1.139E-01	7.710E-02	5.507E-01	47
5y9pA	9LPA_A	2.403E+00	0.000	7.910E-02	5.843E-02	1.249E-01	168
5y9pA	6ME0_C	3.557E+00	0.000	6.319E-02	3.927E-02	1.769E-01	73
5y9pA	9I2G_B	8.846E+00	0.000	1.132E-01	4.516E-02	5.187E-01	40
5y9pA	9N69_E	5.995E+00	0.000	9.586E-02	7.104E-02	1.755E-01	115
5y9pA	7V9U_A	4.619E+00	0.000	9.669E-02	7.858E-02	1.513E-01	122
5y9pA	8QBK_A	5.995E+00	0.000	8.328E-02	6.379E-02	2.051E-01	63
5y9pA	9LBQ_A	3.557E+00	0.000	1.025E-01	7.602E-02	1.376E-01	170
5y9pA	9Z6Y_A	5.263E+00	0.000	1.211E-01	7.859E-02	1.322E-01	197
5y9pA	24NC_A	7.286E+00	0.000	1.147E-01	6.552E-02	2.323E-01	70
5y9pA	26CZ_A	3.797E+00	0.000	8.979E-02	4.395E-02	1.407E-01	126
5y9pA	8GH6_A	8.846E+00	0.000	7.417E-02	2.807E-02	2.732E-01	60
5y9pA	9C0I_A	8.846E+00	0.000	8.629E-02	5.179E-02	1.892E-01	85
5y9pA	8FLI_B	8.846E+00	0.000	5.710E-02	3.001E-02	2.551E-01	46
5y9pA	9IOA_A	9.434E+00	0.000	7.364E-02	3.997E-02	1.970E-01	42
5y9pA	9K6G_A	8.294E+00	0.000	1.238E-01	3.680E-02	1.955E-01	168
5y9pA	8QBM_A	8.846E+00	0.000	8.308E-02	6.356E-02	2.049E-01	63
2c4eA	9YFD_A	6.089E-01	0.016	1.866E-01	6.971E-02	2.722E-01	198
2c4eA	1RTD_A	7.286E-02	0.014	9.289E-02	5.451E-02	1.272E-01	249
2c4eA	9DOU_A	1.451E-01	0.010	1.113E-01	4.993E-02	1.176E-01	407
2c4eA	9IOA_A	2.152E+00	0.007	9.787E-02	6.421E-02	3.607E-01	65
2c4eA	8GH6_A	3.818E+00	0.007	7.272E-02	2.600E-02	5.852E-01	28
2c4eA	9K6G_A	3.818E+00	0.007	9.636E-02	3.119E-02	4.910E-01	36
2c4eA	9L7P_E	2.556E+00	0.000	8.541E-02	8.323E-02	3.292E-01	45
2c4eA	9HDO_A	4.043E+00	0.000	9.385E-02	3.044E-02	4.818E-01	35
2c4eA	8SXT_A	2.707E+00	0.000	1.162E-01	6.087E-02	2.214E-01	160
2c4eA	9VHE_A	4.534E+00	0.000	4.493E-02	4.867E-02	3.022E-01	32
2c4eA	5HHK_A	3.818E+00	0.000	7.294E-02	7.413E-02	2.412E-01	78
2c4eA	8QBL_A	7.163E+00	0.000	1.042E-01	1.012E-01	4.753E-01	60
2c4eA	9C0I_A	4.282E+00	0.000	8.084E-02	6.067E-02	2.938E-01	76
2c4eA	9VHL_A	6.391E+00	0.000	4.479E-02	4.691E-02	2.981E-01	32
2c4eA	5HHJ_A	4.802E+00	0.000	7.301E-02	7.401E-02	2.416E-01	78
2c4eA	9E8Z_H	4.534E+00	0.000	4.606E-02	4.516E-02	3.121E-01	32
2c4eA	8QBM_A	8.493E+00	0.000	1.038E-01	1.010E-01	4.721E-01	60
2c4eA	9Z6Y_H	8.025E+00	0.000	8.563E-02	4.534E-02	3.692E-01	45
2c4eA	9NNB_B	5.701E+00	0.000	3.841E-02	3.737E-02	2.233E-01	29
2c4eA	6AR1_A	6.036E+00	0.000	3.848E-02	2.828E-02	2.382E-01	29
2c4eA	5G2X_C	6.391E+00	0.000	7.952E-02	5.745E-02	2.457E-01	68
2c4eA	9X9B_A	7.582E+00	0.000	7.929E-02	7.023E-02	2.289E-01	74
2c4eA	7UIN_D	6.036E+00	0.000	5.967E-02	5.059E-02	1.834E-01	68
2c4eA	9Z6Y_A	5.384E+00	0.000	9.344E-02	7.481E-02	1.593E-01	200
2c4eA	7R06_A	6.391E+00	0.000	9.403E-02	5.274E-02	2.040E-01	143
2c4eA	26CZ_A	6.766E+00	0.000	8.290E-02	4.149E-02	2.083E-01	126
2c4eA	23OR_A	9.509E+00	0.000	7.052E-02	5.779E-02	2.639E-01	94
2c4eA	9Z6Z_A	6.766E+00	0.000	9.188E-02	7.376E-02	1.475E-01	201
2c4eA	7R08_A	8.988E+00	0.000	8.820E-02	5.838E-02	1.975E-01	152
2c4eA	9NL3_A	6.391E+00	0.000	7.529E-02	3.171E-02	1.194E-01	170
2c4eA	9NL2_A	7.582E+00	0.000	9.292E-02	3.582E-02	1.709E-01	181
2c4eA	8UW3_A	8.025E+00	0.000	5.601E-02	1.826E-02	1.802E-01	37
2c4eA	9N69_E	8.025E+00	0.000	5.358E-02	5.250E-02	1.474E-01	68
2c4eA	9LJE_A	8.493E+00	0.000	7.085E-02	5.745E-02	1.520E-01	124
2nqcA	9Z6Y_H	4.733E+00	0.000	1.404E-01	3.026E-02	2.494E-01	25
2nqcA	9Z6Z_H	4.733E+00	0.000	1.403E-01	3.017E-02	2.457E-01	25
2nqcA	5HHK_A	8.246E+00	0.000	1.245E-01	4.831E-02	2.640E-01	18
2nqcA	5HHJ_A	8.246E+00	0.000	1.244E-01	4.816E-02	2.629E-01	18
2nqcA	8C8J_A	6.608E+00	0.000	1.082E-01	2.208E-02	1.868E-01	22
2nqcA	8QBL_A	9.724E+00	0.000	1.398E-01	5.294E-02	2.265E-01	20
2nqcA	8QBM_A	9.724E+00	0.000	1.398E-01	5.292E-02	2.207E-01	20
2nqcA	9NNB_B	9.206E+00	0.000	9.021E-02	3.699E-02	3.001E-01	17
2nqcA	9WN8_A	9.724E+00	0.000	1.036E-01	3.603E-02	3.771E-01	17
2nqcA	9C0I_A	8.713E+00	0.000	1.123E-01	3.861E-02	2.375E-01	38
2nqcA	9HDO_A	7.803E+00	0.000	1.061E-01	1.560E-02	2.027E-01	22
2nqcA	9K6G_A	7.803E+00	0.000	1.053E-01	1.551E-02	1.984E-01	22
2nqcA	7UIN_D	9.724E+00	0.000	1.030E-01	3.592E-02	1.682E-01	43
2oyhE	9C0I_A	4.545E+00	0.000	6.713E-02	4.769E-02	4.928E-01	22
2oyhE	9Z6Z_H	2.050E+00	0.000	7.781E-02	4.571E-02	1.735E-01	135
2oyhE	7V9U_A	5.461E+00	0.000	7.009E-02	6.734E-02	2.406E-01	85
2oyhE	9NNB_B	4.545E+00	0.000	7.122E-02	6.790E-02	2.363E-01	109
2oyhE	9DOU_A	6.558E+00	0.000	5.996E-02	2.048E-02	4.602E-01	20
2oyhE	5VBS_A	8.883E+00	0.000	7.284E-02	8.367E-02	3.024E-01	56
2oyhE	6AR1_A	6.170E+00	0.000	6.465E-02	4.909E-02	2.260E-01	42
2oyhE	9LJE_A	7.870E+00	0.000	5.071E-02	3.640E-02	4.724E-01	16
2oyhE	1RTD_A	5.805E+00	0.000	1.022E-01	6.301E-02	2.394E-01	114
2oyhE	9VHE_A	6.969E+00	0.000	7.615E-02	8.163E-02	2.436E-01	110
2oyhE	9VHL_A	6.969E+00	0.000	7.148E-02	7.675E-02	2.413E-01	108
2oyhE	7UIN_D	8.883E+00	0.000	5.766E-02	4.517E-02	3.841E-01	22
2oyhE	9WY8_A	9.435E+00	0.000	8.033E-02	5.207E-02	2.729E-01	49
2oyhE	9NL3_A	9.435E+00	0.000	4.778E-02	1.593E-02	2.000E-01	55
2vsdA	9LJE_A	8.345E+00	0.000	9.398E-02	2.256E-02	5.061E-01	10
2vsdA	8UW3_A	6.104E+00	0.000	1.201E-01	1.597E-02	1.815E-01	62
2vsdA	9C0I_A	7.922E+00	0.000	8.863E-02	2.672E-02	1.911E-01	43
2xstA	8QBK_A	6.189E-01	0.034	1.339E-01	7.623E-02	4.162E-01	47
2xstA	8QBL_A	5.860E-01	0.034	1.290E-01	7.347E-02	4.164E-01	47
2xstA	8QBM_A	6.536E-01	0.029	1.336E-01	7.608E-02	4.177E-01	47
2xstA	7XJG_A	1.403E+00	0.014	1.301E-01	7.362E-02	4.178E-01	47
2xstA	1RTD_A	3.544E+00	0.011	1.575E-01	4.702E-02	5.989E-01	35
2xstA	7V9U_A	1.011E+00	0.010	1.558E-01	9.150E-02	2.909E-01	59
2xstA	7V9X_A	1.068E+00	0.009	1.102E-01	6.630E-02	3.141E-01	44
2xstA	9WN8_A	5.478E+00	0.007	1.491E-01	6.698E-02	5.330E-01	31
2xstA	9LPA_A	5.189E+00	0.007	1.495E-01	6.434E-02	5.593E-01	31
2xstA	9LBQ_A	6.448E+00	0.000	1.486E-01	7.365E-02	5.465E-01	31
2xstA	9X94_A	4.173E+00	0.000	1.748E-01	8.908E-02	3.393E-01	56
2xstA	26CZ_A	5.784E+00	0.000	1.846E-01	5.923E-02	3.508E-01	70
2xstA	9VHE_A	6.448E+00	0.000	1.158E-01	7.408E-02	3.564E-01	44
2xstA	5HHK_A	5.784E+00	0.000	1.159E-01	6.715E-02	3.332E-01	30
2xstA	5HHJ_A	5.189E+00	0.000	1.205E-01	6.972E-02	2.872E-01	31
2xstA	23OR_A	6.807E+00	0.000	1.340E-01	6.780E-02	4.161E-01	45
2xstA	6AR1_A	7.585E+00	0.000	1.798E-01	7.820E-02	3.982E-01	55
2xstA	9IOA_A	7.585E+00	0.000	1.406E-01	5.502E-02	4.411E-01	49
2xstA	24NC_A	5.784E+00	0.000	1.566E-01	6.222E-02	2.976E-01	53
2xstA	7KFT_C	6.807E+00	0.000	1.477E-01	5.092E-02	3.225E-01	44
2xstA	9N69_E	8.450E+00	0.000	1.724E-01	1.005E-01	3.402E-01	53
2xstA	9X9B_A	5.784E+00	0.000	9.624E-02	4.592E-02	2.128E-01	88
2xstA	7UIN_D	8.916E+00	0.000	1.184E-01	5.542E-02	4.588E-01	38
2xstA	5G2X_C	9.408E+00	0.000	1.855E-01	6.999E-02	3.720E-01	59
2xstA	5VBS_A	7.585E+00	0.000	1.054E-01	7.490E-02	2.079E-01	50
2xstA	9VHL_A	8.916E+00	0.000	1.061E-01	7.529E-02	3.040E-01	51
2xstA	6MEC_C	9.408E+00	0.000	1.348E-01	5.970E-02	3.200E-01	42
2xstA	8OZ7_A	8.450E+00	0.000	1.197E-01	4.267E-02	2.542E-01	50
3d48P	9LPA_A	2.965E+00	0.024	3.184E-01	1.520E-01	5.868E-01	106
3d48P	23OR_A	3.453E+00	0.014	2.871E-01	1.365E-01	5.075E-01	101
3d48P	7UIN_D	1.876E+00	0.010	2.016E-01	1.048E-01	2.647E-01	136
3d48P	8QBL_A	2.185E+00	0.009	1.180E-01	8.032E-02	3.154E-01	63
3d48P	7UIM_D	3.119E+00	0.007	2.015E-01	1.043E-01	2.629E-01	136
3d48P	9LBQ_A	7.026E+00	0.000	2.887E-01	1.602E-01	5.399E-01	99
3d48P	9Z6Z_H	2.678E+00	0.000	1.647E-01	6.606E-02	1.865E-01	178
3d48P	9E8Z_H	6.037E+00	0.000	1.232E-01	7.693E-02	3.578E-01	60
3d48P	8QBM_A	4.928E+00	0.000	1.172E-01	7.928E-02	3.140E-01	63
3d48P	24NC_A	3.633E+00	0.000	1.905E-01	7.346E-02	2.406E-01	177
3d48P	8QBK_A	6.350E+00	0.000	1.183E-01	7.954E-02	3.072E-01	63
3d48P	8FLI_B	7.390E+00	0.000	1.217E-01	5.062E-02	3.994E-01	59
3d48P	9I2F_A	6.680E+00	0.000	1.637E-01	5.383E-02	3.130E-01	87
3d48P	9NL2_A	7.026E+00	0.000	1.673E-01	3.185E-02	3.845E-01	62
3d48P	9Z6Y_H	4.452E+00	0.000	1.473E-01	5.860E-02	1.763E-01	160
3d48P	8BGJ_A	8.173E+00	0.000	1.134E-01	1.015E-01	2.755E-01	71
3d48P	9NNB_B	8.173E+00	0.000	1.052E-01	6.704E-02	3.169E-01	62
3d48P	7V9X_A	8.594E+00	0.000	1.154E-01	7.842E-02	3.142E-01	63
3d48P	7XJG_A	9.499E+00	0.000	1.140E-01	7.841E-02	3.131E-01	63
3d48P	7R08_A	6.037E+00	0.000	1.204E-01	5.603E-02	1.778E-01	128
3d48P	9I2G_B	8.594E+00	0.000	1.477E-01	4.905E-02	3.167E-01	88
3d48P	9YFD_A	8.594E+00	0.000	1.853E-01	3.570E-02	2.869E-01	129
3d48P	9Z6Y_A	9.985E+00	0.000	1.656E-01	8.429E-02	2.309E-01	113
3d48P	9S1F_B	8.173E+00	0.000	1.189E-01	4.702E-02	1.750E-01	178
3d48P	9IOA_A	9.499E+00	0.000	1.519E-01	6.542E-02	1.728E-01	186
3i33A	1RTD_A	2.668E-01	0.016	1.027E-01	7.475E-02	2.219E-01	172
3i33A	9Z6Z_A	1.173E-01	0.011	1.109E-01	1.006E-01	1.276E-01	446
3i33A	9IOA_A	1.817E+00	0.010	9.972E-02	8.618E-02	3.193E-01	121
3i33A	9L7P_E	2.975E+00	0.008	6.927E-02	8.193E-02	3.750E-01	41
3i33A	9Z6Y_A	3.916E-01	0.008	1.125E-01	1.063E-01	1.327E-01	391
3i33A	8UW3_A	6.413E-01	0.008	1.205E-01	5.651E-02	1.463E-01	324
3i33A	9WN8_A	1.308E+00	0.007	1.354E-01	1.430E-01	1.906E-01	319
3i33A	9X94_A	2.524E+00	0.000	9.972E-02	1.052E-01	2.529E-01	160
3i33A	9X9B_A	2.390E+00	0.000	1.003E-01	1.050E-01	2.475E-01	161
3i33A	9LJE_A	1.817E+00	0.000	6.399E-02	5.923E-02	2.787E-01	86
3i33A	8C8J_A	6.413E-01	0.000	6.366E-02	4.211E-02	1.202E-01	230
3i33A	9N69_E	3.913E+00	0.000	5.651E-02	6.750E-02	3.423E-01	52
3i33A	9Z6Z_H	1.628E+00	0.000	1.119E-01	8.097E-02	1.596E-01	305
3i33A	8SXT_A	1.381E+00	0.000	5.406E-02	3.417E-02	2.026E-01	108
3i33A	9NL2_A	2.524E+00	0.000	1.139E-01	5.276E-02	2.386E-01	151
3i33A	9NNB_B	5.738E+00	0.000	7.191E-02	8.554E-02	4.026E-01	44
3i33A	8UB7_A	2.975E+00	0.000	1.138E-01	1.260E-01	2.042E-01	196
3i33A	9LPA_A	2.027E+00	0.000	6.176E-02	6.313E-02	1.863E-01	104
3i33A	9LBQ_A	3.143E+00	0.000	9.997E-02	1.112E-01	1.668E-01	267
3i33A	8UBD_A	4.611E+00	0.000	1.261E-01	1.413E-01	2.396E-01	202
3i33A	23OR_A	2.975E+00	0.000	5.859E-02	5.937E-02	1.799E-01	107
3i33A	6AR1_A	2.524E+00	0.000	9.776E-02	9.155E-02	1.568E-01	287
3i33A	9WY8_A	2.390E+00	0.000	8.567E-02	7.112E-02	1.378E-01	251
3i33A	9I2F_A	1.628E+00	0.000	1.067E-01	7.793E-02	1.115E-01	534
3i33A	8OZ7_A	5.738E+00	0.000	1.060E-01	7.544E-02	2.830E-01	98
3i33A	26CZ_A	2.027E+00	0.000	8.548E-02	5.606E-02	1.451E-01	279
3i33A	9HDO_A	1.238E+00	0.000	6.026E-02	3.149E-02	1.154E-01	242
3i33A	9K6G_A	2.975E+00	0.000	5.661E-02	2.880E-02	2.023E-01	118
3i33A	7XJG_A	4.365E+00	0.000	6.563E-02	7.614E-02	2.042E-01	95
3i33A	9C0I_A	4.133E+00	0.000	5.561E-02	5.048E-02	2.398E-01	90
3i33A	24NC_A	6.399E+00	0.000	5.721E-02	4.261E-02	3.902E-01	68
3i33A	9I2G_B	2.667E+00	0.000	9.955E-02	7.354E-02	1.381E-01	365
3i33A	9Z6Y_H	2.524E+00	0.000	9.836E-02	6.898E-02	1.328E-01	333
3i33A	9E8Z_H	7.534E+00	0.000	6.841E-02	8.199E-02	2.893E-01	57
3i33A	7V9X_A	6.060E+00	0.000	6.609E-02	7.714E-02	2.055E-01	95
3i33A	7UIM_D	9.872E+00	0.000	6.136E-02	6.033E-02	4.050E-01	40
3i33A	9D4S_A	3.320E+00	0.000	8.338E-02	7.896E-02	1.103E-01	271
3i33A	9VHE_A	7.534E+00	0.000	7.160E-02	9.249E-02	2.167E-01	105
3i33A	7V9U_A	5.738E+00	0.000	5.539E-02	6.438E-02	2.257E-01	58
3i33A	8QBL_A	6.060E+00	0.000	7.838E-02	9.124E-02	1.590E-01	192
3i33A	8GH6_A	8.864E+00	0.000	1.384E-01	7.490E-02	2.570E-01	220
3i33A	9DOU_A	3.320E+00	0.000	7.115E-02	3.733E-02	1.165E-01	162
3i33A	9YFD_A	4.133E+00	0.000	7.729E-02	3.569E-02	1.154E-01	292
3i33A	9VHL_A	6.060E+00	0.000	8.098E-02	9.788E-02	1.117E-01	252
3i33A	5HHK_A	8.397E+00	0.000	1.081E-01	1.207E-01	1.318E-01	366
3i33A	9D5X_A	7.955E+00	0.000	7.184E-02	7.015E-02	1.805E-01	178
3i33A	8FLI_B	9.355E+00	0.000	1.033E-01	8.973E-02	2.239E-01	114
3i33A	7R08_A	7.534E+00	0.000	9.812E-02	8.473E-02	1.256E-01	322
3i33A	7R06_A	9.872E+00	0.000	9.122E-02	6.533E-02	1.638E-01	178
3i33A	6ME0_C	9.355E+00	0.000	6.507E-02	6.112E-02	1.753E-01	76
1u5kA	9Z6Z_A	1.358E+00	0.009	9.770E-02	6.128E-02	3.072E-01	67
1u5kA	9Z6Y_A	1.716E+00	0.007	9.455E-02	6.081E-02	2.721E-01	72
1u5kA	8UW3_A	3.667E+00	0.000	9.934E-02	2.410E-02	4.637E-01	37
1u5kA	9LBQ_A	6.960E+00	0.000	9.035E-02	6.956E-02	5.788E-01	26
1u5kA	9WN8_A	7.815E+00	0.000	9.850E-02	6.951E-02	5.698E-01	30
1u5kA	9LPA_A	8.280E+00	0.000	8.627E-02	5.772E-02	5.722E-01	25
1u5kA	1RTD_A	3.459E+00	0.000	1.213E-01	6.871E-02	2.375E-01	94
1u5kA	9NNB_B	5.515E+00	0.000	9.494E-02	8.188E-02	3.003E-01	77
1u5kA	9L7P_E	6.567E+00	0.000	9.874E-02	8.324E-02	1.907E-01	123
1u5kA	9X94_A	8.772E+00	0.000	9.260E-02	6.556E-02	4.148E-01	37
1u5kA	23OR_A	8.772E+00	0.000	7.539E-02	5.254E-02	4.115E-01	27
1u5kA	5HHL_A	9.291E+00	0.000	1.319E-01	1.132E-01	2.384E-01	134
1u5kA	5HHJ_A	9.291E+00	0.000	1.058E-01	9.325E-02	1.755E-01	137
1u5kA	9X9B_A	8.280E+00	0.000	5.283E-02	4.117E-02	2.994E-01	42
1u5kA	9D5X_A	9.291E+00	0.000	8.488E-02	6.523E-02	1.889E-01	150
1u5kA	9D4S_A	9.839E+00	0.000	1.015E-01	6.737E-02	2.445E-01	83
1u5kA	9C0I_A	9.291E+00	0.000	7.883E-02	4.661E-02	3.142E-01	82
1u5kA	5G2X_C	6.960E+00	0.000	8.067E-02	5.106E-02	1.145E-01	192
1u5kA	9IOA_A	6.196E+00	0.000	5.207E-02	3.605E-02	2.053E-01	60
1u5kA	9K6G_A	9.291E+00	0.000	1.094E-01	3.454E-02	2.355E-01	85
1u5kA	9NL2_A	9.291E+00	0.000	1.008E-01	2.841E-02	2.220E-01	110
1u5kA	8QBL_A	9.291E+00	0.000	8.819E-02	7.220E-02	1.501E-01	68
1vkwA	9IOA_A	1.438E+00	0.009	1.210E-01	6.067E-02	3.845E-01	39
1vkwA	7V9U_A	2.581E+00	0.008	1.298E-01	9.694E-02	4.422E-01	41
1vkwA	8QBK_A	3.076E+00	0.008	1.331E-01	9.905E-02	4.569E-01	41
1vkwA	23OR_A	1.074E+00	0.008	1.257E-01	8.421E-02	2.636E-01	92
1vkwA	8QBM_A	3.457E+00	0.007	1.329E-01	9.886E-02	4.567E-01	41
1vkwA	9X9B_A	3.457E+00	0.007	1.291E-01	8.448E-02	4.841E-01	39
1vkwA	9LPA_A	2.043E+00	0.007	7.636E-02	5.289E-02	3.559E-01	47
1vkwA	24NC_A	2.901E+00	0.007	1.103E-01	5.575E-02	4.527E-01	41
1vkwA	8BGJ_A	2.581E+00	0.000	8.571E-02	8.955E-02	3.420E-01	40
1vkwA	9E8Z_H	1.817E+00	0.000	1.800E-01	1.332E-01	2.258E-01	219
1vkwA	9X94_A	1.438E+00	0.000	1.145E-01	7.480E-02	2.604E-01	109
1vkwA	7KFT_C	5.021E-01	0.000	1.084E-01	6.187E-02	1.171E-01	249
1vkwA	9NNB_B	9.011E-01	0.000	1.202E-01	9.379E-02	1.289E-01	236
1vkwA	9LBQ_A	1.525E+00	0.000	1.044E-01	7.836E-02	2.181E-01	109
1vkwA	9D4S_A	2.434E+00	0.000	7.537E-02	4.727E-02	3.244E-01	46
1vkwA	9I2G_B	2.581E+00	0.000	7.609E-02	3.017E-02	3.520E-01	66
1vkwA	9WN8_A	1.525E+00	0.000	1.015E-01	6.955E-02	2.050E-01	116
1vkwA	9D5X_A	3.457E+00	0.000	8.973E-02	5.947E-02	3.421E-01	38
1vkwA	9S1F_B	3.457E+00	0.000	7.694E-02	3.819E-02	3.346E-01	51
1vkwA	7R06_A	4.907E+00	0.000	1.126E-01	4.978E-02	3.879E-01	41
1vkwA	26CZ_A	3.261E+00	0.000	8.856E-02	4.002E-02	3.059E-01	52
1vkwA	9YFD_A	1.927E+00	0.000	8.325E-02	2.264E-02	2.565E-01	50
1vkwA	9VHE_A	4.629E+00	0.000	1.442E-01	1.228E-01	3.164E-01	86
1vkwA	8QBL_A	3.885E+00	0.000	7.558E-02	5.722E-02	3.430E-01	44
1vkwA	9L7P_E	2.043E+00	0.000	1.391E-01	1.079E-01	1.486E-01	255
1vkwA	7V9X_A	5.845E+00	0.000	1.218E-01	8.893E-02	4.581E-01	37
1vkwA	7XJG_A	5.845E+00	0.000	1.223E-01	8.927E-02	4.530E-01	37
1vkwA	9WY8_A	5.514E+00	0.000	1.086E-01	5.772E-02	3.852E-01	44
1vkwA	9Z6Z_H	4.907E+00	0.000	8.693E-02	4.308E-02	3.838E-01	54
1vkwA	9VHL_A	4.366E+00	0.000	1.363E-01	1.132E-01	2.103E-01	169
1vkwA	5HHK_A	3.885E+00	0.000	8.915E-02	7.361E-02	2.721E-01	44
1vkwA	5HHJ_A	3.457E+00	0.000	6.729E-02	5.227E-02	2.723E-01	76
1vkwA	7UIM_D	3.261E+00	0.000	6.161E-02	3.714E-02	2.701E-01	50
1vkwA	9C0I_A	4.366E+00	0.000	7.484E-02	5.037E-02	2.698E-01	54
1vkwA	5VBS_A	2.901E+00	0.000	1.222E-01	1.117E-01	1.292E-01	200
1vkwA	9N69_E	4.119E+00	0.000	1.448E-01	1.199E-01	1.657E-01	217
1vkwA	6MEC_C	7.374E+00	0.000	8.721E-02	5.543E-02	3.396E-01	42
1vkwA	6AR1_A	6.959E+00	0.000	9.115E-02	6.000E-02	3.083E-01	44
1vkwA	9I2F_A	4.907E+00	0.000	6.866E-02	2.852E-02	2.719E-01	70
1vkwA	9Z6Y_H	7.814E+00	0.000	1.028E-01	4.493E-02	4.130E-01	55
1vkwA	9DOU_A	2.581E+00	0.000	8.903E-02	3.983E-02	1.230E-01	175
1vkwA	9NL2_A	4.907E+00	0.000	7.680E-02	2.450E-02	2.520E-01	70
1vkwA	5HHL_A	5.514E+00	0.000	8.409E-02	6.907E-02	1.978E-01	42
1vkwA	9LJE_A	4.907E+00	0.000	6.958E-02	4.081E-02	1.833E-01	83
1vkwA	8FLI_B	5.514E+00	0.000	1.255E-01	7.256E-02	1.540E-01	227
1vkwA	1RTD_A	6.959E+00	0.000	1.292E-01	5.902E-02	1.981E-01	183
1vkwA	6ME0_C	9.839E+00	0.000	1.065E-01	6.062E-02	3.698E-01	61
1vkwA	9Z6Z_A	7.814E+00	0.000	7.912E-02	4.586E-02	1.820E-01	131
1vkwA	8OZ7_A	9.290E+00	0.000	9.702E-02	4.598E-02	2.538E-01	49
1vkwA	9Z6Y_A	9.839E+00	0.000	8.142E-02	4.970E-02	8.724E-02	266
1ygyA	9X94_A	6.426E-01	0.045	6.991E-02	9.780E-02	4.477E-01	60
1ygyA	5HHJ_A	1.308E+00	0.034	8.154E-02	1.356E-01	4.854E-01	70
1ygyA	7R08_A	1.095E+00	0.034	7.931E-02	8.489E-02	4.748E-01	60
1ygyA	7KFT_C	1.095E+00	0.020	9.665E-02	9.083E-02	4.015E-01	95
1ygyA	5HHK_A	2.230E+00	0.016	8.052E-02	1.343E-01	4.724E-01	70
1ygyA	9VHL_A	8.642E-01	0.014	7.693E-02	1.257E-01	3.191E-01	134
1ygyA	9WN8_A	1.658E+00	0.014	8.105E-02	1.144E-01	4.189E-01	71
1ygyA	5HHL_A	2.999E+00	0.011	8.062E-02	1.366E-01	5.004E-01	71
1ygyA	9X9B_A	2.102E+00	0.010	7.356E-02	1.037E-01	4.139E-01	68
1ygyA	23OR_A	1.760E+00	0.010	6.428E-02	8.682E-02	3.440E-01	68
1ygyA	9VHE_A	1.095E+00	0.009	9.565E-02	1.456E-01	2.557E-01	197
1ygyA	8QBK_A	1.867E+00	0.009	9.171E-02	1.418E-01	3.342E-01	199
1ygyA	6AR1_A	3.800E+00	0.009	6.850E-02	8.312E-02	5.077E-01	64
1ygyA	9IOA_A	2.511E+00	0.009	7.248E-02	7.694E-02	3.704E-01	129
1ygyA	26CZ_A	2.511E+00	0.009	8.090E-02	6.828E-02	4.141E-01	74
1ygyA	8QBL_A	1.658E+00	0.008	8.844E-02	1.342E-01	3.133E-01	202
1ygyA	8QBM_A	1.981E+00	0.008	9.173E-02	1.418E-01	3.324E-01	199
1ygyA	7UIN_D	4.032E+00	0.008	7.887E-02	1.035E-01	4.595E-01	70
1ygyA	9N69_E	9.729E-01	0.007	5.127E-02	7.562E-02	1.925E-01	136
1ygyA	9C0I_A	2.230E+00	0.007	4.160E-02	5.069E-02	2.936E-01	70
1ygyA	24NC_A	2.999E+00	0.007	7.210E-02	7.292E-02	3.609E-01	72
1ygyA	9LBQ_A	3.582E+00	0.000	6.431E-02	9.672E-02	3.564E-01	68
1ygyA	9LPA_A	4.814E+00	0.000	6.483E-02	8.719E-02	4.241E-01	60
1ygyA	9YFD_A	2.102E+00	0.000	1.140E-01	6.182E-02	2.847E-01	211
1ygyA	7V9U_A	3.800E+00	0.000	7.216E-02	1.128E-01	3.395E-01	129
1ygyA	8UB7_A	4.814E+00	0.000	8.952E-02	1.332E-01	3.910E-01	136
1ygyA	8FLI_B	5.108E+00	0.000	7.376E-02	8.324E-02	4.012E-01	64
1ygyA	7V9X_A	5.108E+00	0.000	8.183E-02	1.252E-01	3.569E-01	137
1ygyA	8OZ7_A	5.748E+00	0.000	8.013E-02	7.208E-02	3.820E-01	70
1ygyA	9E8Z_H	6.468E+00	0.000	7.226E-02	1.130E-01	3.667E-01	65
1ygyA	7XJG_A	7.716E+00	0.000	6.664E-02	1.022E-01	4.471E-01	60
1ygyA	8UBD_A	6.860E+00	0.000	9.170E-02	1.374E-01	4.093E-01	136
1ygyA	7UIM_D	7.276E+00	0.000	3.919E-02	5.172E-02	5.402E-01	35
1ygyA	9D4S_A	7.276E+00	0.000	7.069E-02	8.778E-02	4.222E-01	61
1ygyA	6MEC_C	9.746E+00	0.000	8.113E-02	1.003E-01	4.595E-01	72
1ygyA	8BGJ_A	7.276E+00	0.000	6.276E-02	1.366E-01	3.378E-01	50
1ygyA	5VBS_A	6.468E+00	0.000	6.968E-02	1.174E-01	2.294E-01	129
1ygyA	9NNB_B	9.746E+00	0.000	6.416E-02	1.005E-01	3.824E-01	64
1ygyA	9D5X_A	9.746E+00	0.000	7.011E-02	8.974E-02	4.224E-01	60
1ygyA	6ME0_C	9.746E+00	0.000	8.246E-02	1.012E-01	3.934E-01	70
1ygyA	9Z6Z_H	7.276E+00	0.000	4.885E-02	4.224E-02	3.190E-01	47
1ygyA	9L7P_E	4.538E+00	0.000	5.458E-02	7.517E-02	1.579E-01	153
1ygyA	9LJE_A	6.860E+00	0.000	4.974E-02	5.847E-02	2.561E-01	77
1ygyA	9Z6Y_H	7.716E+00	0.000	4.892E-02	4.242E-02	3.227E-01	47
1ygyA	8GH6_A	8.181E+00	0.000	4.080E-02	2.608E-02	2.486E-01	70
2dvmA	6AR1_A	1.518E+00	0.008	7.633E-02	7.949E-02	2.580E-01	105
2dvmA	9I2F_A	2.518E+00	0.008	1.330E-01	1.059E-01	3.291E-01	166
2dvmA	8UW3_A	3.152E+00	0.007	9.141E-02	3.721E-02	3.713E-01	69
2dvmA	9Z6Y_A	4.175E+00	0.000	6.059E-02	6.342E-02	4.025E-01	47
2dvmA	1RTD_A	3.731E+00	0.000	6.850E-02	5.786E-02	3.331E-01	67
2dvmA	9K6G_A	5.226E+00	0.000	8.975E-02	4.356E-02	3.594E-01	71
2dvmA	9VHE_A	9.649E+00	0.000	5.305E-02	8.142E-02	5.176E-01	31
2dvmA	9VHL_A	9.649E+00	0.000	5.304E-02	8.139E-02	5.136E-01	31
2dvmA	9S1F_B	6.182E+00	0.000	1.249E-01	1.012E-01	3.078E-01	171
2dvmA	8OZ7_A	3.731E+00	0.000	6.945E-02	5.714E-02	2.222E-01	100
2dvmA	9YFD_A	3.527E+00	0.000	1.226E-01	6.358E-02	1.795E-01	319
2dvmA	9Z6Z_A	7.311E+00	0.000	5.440E-02	5.666E-02	2.396E-01	98
2dvmA	7R06_A	6.914E+00	0.000	7.350E-02	5.772E-02	2.565E-01	84
2dvmA	8GH6_A	4.416E+00	0.000	4.406E-02	2.223E-02	2.318E-01	87
2dvmA	9HDO_A	9.131E+00	0.000	9.056E-02	4.413E-02	3.784E-01	67
2dvmA	5HHJ_A	8.172E+00	0.000	6.463E-02	8.180E-02	2.632E-01	74
2dvmA	8QBL_A	6.538E+00	0.000	5.323E-02	6.588E-02	2.007E-01	90
2dvmA	7XJG_A	8.172E+00	0.000	6.209E-02	7.828E-02	2.339E-01	101
2dvmA	9D5X_A	9.649E+00	0.000	5.244E-02	5.760E-02	4.524E-01	49
2dvmA	8C8J_A	7.730E+00	0.000	6.511E-02	4.495E-02	2.000E-01	119
2dvmA	8UBD_A	9.131E+00	0.000	6.072E-02	7.471E-02	1.715E-01	105
2dvmA	9IOA_A	9.131E+00	0.000	7.959E-02	7.320E-02	2.254E-01	100
2dvmA	24NC_A	8.172E+00	0.000	6.713E-02	5.908E-02	1.960E-01	77
2dvmA	9NL2_A	9.649E+00	0.000	4.390E-02	2.044E-02	2.657E-01	65
2jbvB	6ME0_C	5.277E+00	0.000	6.222E-02	7.619E-02	2.336E-01	122
2jbvB	5G2X_C	6.772E+00	0.000	3.019E-02	3.251E-02	3.634E-01	20
2jbvB	24NC_A	8.678E+00	0.000	4.060E-02	4.131E-02	4.195E-01	35
2jbvB	8C8J_A	4.658E+00	0.000	4.345E-02	3.531E-02	1.009E-01	267
2jbvB	8SXT_A	5.617E+00	0.000	5.885E-02	4.642E-02	1.618E-01	175
2jbvB	8UW3_A	5.617E+00	0.000	2.269E-02	1.257E-02	2.030E-01	50
2jbvB	9N69_E	7.668E+00	0.000	4.822E-02	6.872E-02	1.236E-01	180
2jbvB	9IOA_A	7.206E+00	0.000	3.881E-02	4.150E-02	1.284E-01	104
2jbvB	5HHK_A	9.814E+00	0.000	3.731E-02	5.810E-02	1.158E-01	186
2jbvB	9K6G_A	9.230E+00	0.000	6.210E-02	4.141E-02	1.109E-01	317
2pq8A	9DOU_A	9.866E-01	0.069	1.046E-01	3.090E-02	7.136E-01	32
2pq8A	9NL3_A	1.434E+00	0.029	1.103E-01	2.930E-02	5.603E-01	49
2pq8A	9NL2_A	1.730E+00	0.020	1.359E-01	3.917E-02	4.857E-01	82
2pq8A	8QBK_A	5.311E+00	0.000	7.631E-02	6.428E-02	5.684E-01	40
2pq8A	8QBM_A	5.651E+00	0.000	7.629E-02	6.426E-02	5.668E-01	40
2pq8A	9LPA_A	1.434E+00	0.000	1.252E-01	9.607E-02	2.205E-01	153
2pq8A	9Z6Y_A	1.434E+00	0.000	1.212E-01	8.808E-02	1.713E-01	177
2pq8A	8C8J_A	5.311E+00	0.000	7.182E-02	3.183E-02	4.990E-01	32
2pq8A	9X94_A	2.220E+00	0.000	1.238E-01	1.017E-01	2.026E-01	140
2pq8A	9Z6Z_A	1.050E+00	0.000	9.074E-02	7.080E-02	1.390E-01	178
2pq8A	8OZ7_A	3.655E+00	0.000	1.024E-01	5.662E-02	2.818E-01	95
2pq8A	9E8Z_H	7.243E+00	0.000	1.189E-01	1.037E-01	4.204E-01	59
2pq8A	7V9X_A	6.399E+00	0.000	8.183E-02	6.804E-02	4.698E-01	56
2pq8A	9LBQ_A	1.959E+00	0.000	9.288E-02	7.933E-02	1.693E-01	140
2pq8A	9WN8_A	1.625E+00	0.000	1.088E-01	8.984E-02	1.600E-01	177
2pq8A	9X9B_A	2.848E+00	0.000	1.213E-01	1.018E-01	1.966E-01	144
2pq8A	8QBL_A	8.716E+00	0.000	7.620E-02	6.419E-02	5.612E-01	40
2pq8A	7R06_A	3.434E+00	0.000	8.980E-02	4.933E-02	1.794E-01	112
2pq8A	9Z6Y_H	3.890E+00	0.000	1.070E-01	5.711E-02	2.230E-01	137
2pq8A	8GH6_A	5.311E+00	0.000	8.259E-02	3.602E-02	2.618E-01	83
2pq8A	7V9U_A	9.853E+00	0.000	7.619E-02	6.418E-02	5.751E-01	39
2pq8A	23OR_A	3.434E+00	0.000	9.723E-02	7.438E-02	1.662E-01	158
2pq8A	9Z6Z_H	3.434E+00	0.000	1.150E-01	5.764E-02	1.732E-01	137
2pq8A	5HHK_A	4.990E+00	0.000	8.494E-02	7.926E-02	1.826E-01	109
2pq8A	9D4S_A	4.140E+00	0.000	9.190E-02	6.942E-02	1.416E-01	195
2pq8A	9YFD_A	8.195E+00	0.000	1.146E-01	4.156E-02	2.252E-01	118
2pq8A	5HHJ_A	7.243E+00	0.000	9.182E-02	8.286E-02	1.574E-01	137
2pq8A	9D5X_A	6.808E+00	0.000	9.706E-02	7.292E-02	1.445E-01	188
2pq8A	9C0I_A	6.808E+00	0.000	8.927E-02	6.617E-02	1.567E-01	151
2pq8A	9WY8_A	9.853E+00	0.000	8.435E-02	5.348E-02	2.458E-01	79
2pq8A	9LJE_A	9.268E+00	0.000	9.583E-02	6.663E-02	1.611E-01	154
2pq8A	9I2G_B	9.268E+00	0.000	1.151E-01	5.937E-02	1.317E-01	196
3a4lB	9I2F_A	1.258E+00	0.007	1.724E-01	9.012E-02	2.580E-01	177
3a4lB	9WN8_A	4.972E+00	0.000	1.046E-01	7.384E-02	2.398E-01	120
3a4lB	23OR_A	5.292E+00	0.000	1.156E-01	8.206E-02	2.307E-01	128
3a4lB	9S1F_B	4.123E+00	0.000	1.505E-01	7.842E-02	2.919E-01	125
3a4lB	9I2G_B	5.292E+00	0.000	1.657E-01	7.901E-02	3.367E-01	124
3a4lB	7V9X_A	4.972E+00	0.000	7.888E-02	6.840E-02	2.060E-01	67
3a4lB	7XJG_A	5.632E+00	0.000	8.117E-02	6.978E-02	2.450E-01	67
3a4lB	9LBQ_A	6.787E+00	0.000	1.113E-01	8.686E-02	2.347E-01	120
3a4lB	8GH6_A	7.221E+00	0.000	8.625E-02	2.730E-02	2.976E-01	70
3a4lB	9HDO_A	6.378E+00	0.000	9.327E-02	2.570E-02	2.675E-01	107
3a4lB	8QBM_A	8.173E+00	0.000	8.459E-02	7.088E-02	3.056E-01	58
3a4lB	8QBK_A	8.173E+00	0.000	8.776E-02	7.227E-02	2.477E-01	63
3a4lB	8QBL_A	8.173E+00	0.000	8.723E-02	7.043E-02	2.502E-01	63
3a4lB	8UB7_A	8.173E+00	0.000	8.571E-02	6.747E-02	2.109E-01	72
3a4lB	9D5X_A	7.683E+00	0.000	6.157E-02	4.816E-02	1.525E-01	120
3a4lB	8FLI_B	9.245E+00	0.000	7.228E-02	5.083E-02	2.412E-01	87
3a4lB	9NL2_A	8.173E+00	0.000	8.951E-02	3.346E-02	1.604E-01	121
3fkqA	9S1F_B	3.414E-02	0.082	2.116E-01	1.491E-01	2.945E-01	286
3fkqA	9I2F_A	4.095E-02	0.063	1.686E-01	1.192E-01	2.616E-01	234
3fkqA	9I2G_B	1.148E-01	0.029	1.756E-01	1.282E-01	2.285E-01	300
3fkqA	23OR_A	9.018E-01	0.010	8.825E-02	8.560E-02	2.819E-01	85
3fkqA	9X9B_A	9.582E-01	0.009	8.692E-02	8.681E-02	2.466E-01	76
3fkqA	9X94_A	1.149E+00	0.008	8.812E-02	8.771E-02	2.459E-01	76
3fkqA	9LBQ_A	1.983E+00	0.000	8.785E-02	9.578E-02	2.462E-01	64
3fkqA	6AR1_A	1.465E+00	0.000	1.086E-01	9.602E-02	1.964E-01	154
3fkqA	9WN8_A	2.527E+00	0.000	9.197E-02	9.197E-02	2.499E-01	75
3fkqA	9LPA_A	3.221E+00	0.000	8.070E-02	7.853E-02	2.347E-01	111
3fkqA	9Z6Y_A	2.107E+00	0.000	7.488E-02	6.707E-02	1.614E-01	143
3fkqA	8SXT_A	2.527E+00	0.000	9.025E-02	5.357E-02	1.639E-01	179
3fkqA	8UBD_A	5.899E+00	0.000	9.825E-02	1.051E-01	2.132E-01	162
3fkqA	7R08_A	7.069E+00	0.000	7.158E-02	5.730E-02	2.574E-01	64
3fkqA	8GH6_A	3.422E+00	0.000	8.878E-02	4.839E-02	1.629E-01	157
3fkqA	9NL2_A	4.104E+00	0.000	8.605E-02	4.174E-02	1.620E-01	160
3fkqA	8QBK_A	7.971E+00	0.000	7.874E-02	8.681E-02	2.260E-01	66
3fkqA	7XJG_A	7.069E+00	0.000	7.796E-02	8.392E-02	2.363E-01	67
3fkqA	9N69_E	9.536E+00	0.000	8.102E-02	8.898E-02	1.981E-01	106
3fkqA	8UB7_A	8.463E+00	0.000	9.240E-02	9.833E-02	2.161E-01	156
3fkqA	1RTD_A	8.985E+00	0.000	9.089E-02	6.465E-02	2.483E-01	117
3fkqA	9DOU_A	6.266E+00	0.000	7.323E-02	3.926E-02	1.433E-01	197
3fkqA	9Z6Z_A	8.463E+00	0.000	7.114E-02	6.368E-02	1.373E-01	150
3kb6A	9YFD_A	1.204E+00	0.020	1.202E-01	4.140E-02	4.335E-01	76
3kb6A	1RTD_A	3.016E+00	0.009	1.178E-01	7.737E-02	4.080E-01	59
3kb6A	9S1F_B	1.430E+00	0.007	1.595E-01	1.082E-01	2.292E-01	284
3kb6A	9I2G_B	2.539E+00	0.000	1.397E-01	9.680E-02	2.112E-01	229
3kb6A	9I2F_A	3.794E+00	0.000	1.498E-01	1.030E-01	2.291E-01	229
3kb6A	9L7P_E	4.018E+00	0.000	6.366E-02	6.705E-02	2.639E-01	75
3kb6A	9NL3_A	3.383E+00	0.000	1.054E-01	4.642E-02	2.146E-01	123
3kb6A	9NL2_A	4.255E+00	0.000	8.734E-02	3.868E-02	2.297E-01	123
3kb6A	8UW3_A	6.352E+00	0.000	8.373E-02	2.844E-02	2.683E-01	102
3kb6A	9VHE_A	5.999E+00	0.000	7.142E-02	8.195E-02	2.305E-01	59
3kb6A	9E8Z_H	6.725E+00	0.000	5.819E-02	6.103E-02	2.531E-01	70
3kb6A	9LPA_A	5.999E+00	0.000	6.512E-02	5.934E-02	1.653E-01	81
3kb6A	6AR1_A	5.351E+00	0.000	6.001E-02	4.931E-02	2.018E-01	88
3kb6A	9WY8_A	7.537E+00	0.000	8.030E-02	6.014E-02	2.791E-01	94
3kb6A	8OZ7_A	7.120E+00	0.000	6.883E-02	4.416E-02	2.139E-01	94
3kb6A	9VHL_A	8.444E+00	0.000	6.905E-02	7.885E-02	2.797E-01	53
3kb6A	9NNB_B	7.537E+00	0.000	6.040E-02	6.321E-02	2.552E-01	74
3kb6A	8UBD_A	5.999E+00	0.000	5.162E-02	5.264E-02	2.226E-01	53
3kb6A	8UB7_A	7.537E+00	0.000	5.163E-02	5.259E-02	2.786E-01	42
3kb6A	23OR_A	9.454E+00	0.000	6.538E-02	5.998E-02	2.956E-01	78
3kb6A	7R08_A	5.053E+00	0.000	5.686E-02	4.278E-02	1.521E-01	98
3kb6A	9IOA_A	6.352E+00	0.000	5.914E-02	4.837E-02	1.715E-01	105
3kb6A	7R06_A	5.666E+00	0.000	6.934E-02	4.431E-02	1.625E-01	100
3kb6A	26CZ_A	8.444E+00	0.000	1.004E-01	6.269E-02	1.573E-01	215
3kb6A	7UIM_D	8.936E+00	0.000	5.816E-02	5.348E-02	1.343E-01	98
3r2uB	8UW3_A	9.175E-01	0.009	9.816E-02	3.273E-02	3.079E-01	88
3r2uB	26CZ_A	2.772E+00	0.000	7.712E-02	4.728E-02	2.997E-01	84
3r2uB	9S1F_B	3.114E+00	0.000	9.947E-02	6.872E-02	2.181E-01	171
3r2uB	8GH6_A	3.300E+00	0.000	1.023E-01	4.900E-02	2.240E-01	145
3r2uB	9LPA_A	6.252E+00	0.000	7.316E-02	6.713E-02	4.347E-01	32
3r2uB	5HHL_A	4.957E+00	0.000	6.181E-02	6.912E-02	1.827E-01	86
3r2uB	23OR_A	7.436E+00	0.000	7.205E-02	6.666E-02	3.850E-01	33
3r2uB	9IOA_A	9.357E+00	0.000	1.010E-01	7.408E-02	3.697E-01	93
3r2uB	9I2G_B	4.414E+00	0.000	1.092E-01	7.593E-02	1.475E-01	293
3r2uB	9I2F_A	4.165E+00	0.000	1.045E-01	7.164E-02	1.619E-01	243
3r2uB	9K6G_A	5.568E+00	0.000	5.586E-02	2.283E-02	2.617E-01	71
3r2uB	5HHJ_A	7.877E+00	0.000	5.793E-02	6.481E-02	2.126E-01	87
3r2uB	9LBQ_A	8.344E+00	0.000	6.948E-02	7.270E-02	3.885E-01	32
3r2uB	8UB7_A	9.357E+00	0.000	5.021E-02	5.113E-02	4.373E-01	49
3r2uB	9WN8_A	9.357E+00	0.000	7.394E-02	7.058E-02	4.183E-01	33
3r2uB	9X9B_A	8.344E+00	0.000	7.209E-02	6.851E-02	3.770E-01	33
3r2uB	9WY8_A	7.019E+00	0.000	5.463E-02	4.069E-02	1.831E-01	80
3r2uB	1RTD_A	4.678E+00	0.000	1.067E-01	7.736E-02	1.323E-01	286
3r2uB	9NL3_A	5.900E+00	0.000	9.271E-02	4.431E-02	1.802E-01	153
3r2uB	9NL2_A	5.568E+00	0.000	9.113E-02	4.485E-02	1.828E-01	144
3r2uB	9YFD_A	6.252E+00	0.000	1.434E-01	5.731E-02	2.109E-01	277
3r2uB	9Z6Z_A	7.019E+00	0.000	7.766E-02	6.510E-02	1.356E-01	196
3r2uB	9C0I_A	8.344E+00	0.000	5.958E-02	4.759E-02	2.718E-01	88
3r2uB	9HDO_A	9.357E+00	0.000	5.977E-02	2.670E-02	2.483E-01	58
3r2uB	5HHK_A	9.907E+00	0.000	5.537E-02	6.137E-02	1.680E-01	82
4o5vA	7V9X_A	3.746E-01	0.011	1.129E-01	8.350E-02	2.131E-01	102
4o5vA	7XJG_A	2.975E-01	0.010	1.143E-01	8.514E-02	1.691E-01	102
4o5vA	8GH6_A	1.778E+00	0.010	1.539E-01	4.014E-02	3.536E-01	105
4o5vA	8QBL_A	7.065E-01	0.009	1.158E-01	8.646E-02	2.129E-01	102
4o5vA	8QBM_A	7.929E-01	0.009	1.108E-01	9.148E-02	2.246E-01	100
4o5vA	8C8J_A	1.258E+00	0.009	9.927E-02	3.537E-02	2.550E-01	78
4o5vA	8QBK_A	1.121E+00	0.007	1.167E-01	8.680E-02	2.136E-01	102
4o5vA	7UIN_D	1.584E+00	0.007	1.311E-01	8.850E-02	1.789E-01	132
4o5vA	9Z6Z_A	1.058E+00	0.007	1.004E-01	6.055E-02	1.723E-01	127
4o5vA	9I2G_B	2.819E+00	0.007	1.478E-01	6.996E-02	3.010E-01	88
4o5vA	9L7P_E	3.550E+00	0.000	1.138E-01	8.192E-02	3.998E-01	56
4o5vA	7R08_A	2.512E+00	0.000	1.366E-01	7.254E-02	2.530E-01	117
4o5vA	9I2F_A	3.351E+00	0.000	1.486E-01	6.942E-02	3.073E-01	88
4o5vA	9YFD_A	1.495E+00	0.000	8.905E-02	2.865E-02	2.121E-01	110
4o5vA	7V9U_A	2.113E+00	0.000	1.185E-01	8.968E-02	2.068E-01	102
4o5vA	9X94_A	2.113E+00	0.000	8.075E-02	5.483E-02	2.406E-01	69
4o5vA	9N69_E	4.735E+00	0.000	1.156E-01	8.551E-02	3.239E-01	70
4o5vA	6AR1_A	2.987E+00	0.000	1.299E-01	7.865E-02	2.013E-01	114
4o5vA	9E8Z_H	5.015E+00	0.000	1.328E-01	9.951E-02	2.657E-01	108
4o5vA	9NNB_B	5.626E+00	0.000	1.258E-01	9.200E-02	3.436E-01	62
4o5vA	9D5X_A	2.987E+00	0.000	1.056E-01	6.741E-02	1.909E-01	127
4o5vA	9X9B_A	4.470E+00	0.000	8.673E-02	5.856E-02	2.209E-01	59
4o5vA	9D4S_A	3.550E+00	0.000	1.119E-01	7.226E-02	1.796E-01	154
4o5vA	9Z6Y_A	2.987E+00	0.000	9.157E-02	5.741E-02	1.290E-01	127
4o5vA	9WY8_A	6.684E+00	0.000	1.381E-01	7.505E-02	2.718E-01	116
4o5vA	7R06_A	5.015E+00	0.000	1.267E-01	5.690E-02	1.896E-01	161
4o5vA	9NL3_A	7.078E+00	0.000	1.649E-01	3.973E-02	2.997E-01	123
4o5vA	9VHL_A	7.494E+00	0.000	1.362E-01	1.104E-01	2.945E-01	111
4o5vA	9WN8_A	5.959E+00	0.000	9.228E-02	6.331E-02	1.948E-01	110
4o5vA	9LPA_A	6.311E+00	0.000	9.653E-02	6.182E-02	2.265E-01	80
4o5vA	9S1F_B	6.311E+00	0.000	1.154E-01	5.379E-02	2.133E-01	100
4o5vA	9Z6Z_H	5.626E+00	0.000	1.091E-01	4.821E-02	1.636E-01	142
4o5vA	26CZ_A	6.311E+00	0.000	1.064E-01	3.941E-02	2.551E-01	89
4o5vA	5HHJ_A	8.892E+00	0.000	1.151E-01	9.179E-02	2.234E-01	86
4o5vA	23OR_A	4.735E+00	0.000	7.560E-02	5.400E-02	1.321E-01	133
4o5vA	9LJE_A	7.935E+00	0.000	9.402E-02	5.087E-02	3.153E-01	74
4o5vA	8FLI_B	7.935E+00	0.000	1.186E-01	6.583E-02	2.277E-01	112
4o5vA	7KFT_C	5.626E+00	0.000	1.162E-01	5.776E-02	1.407E-01	223
4o5vA	9Z6Y_H	7.494E+00	0.000	1.104E-01	5.056E-02	1.728E-01	142
4o5vA	8UW3_A	9.958E+00	0.000	1.335E-01	3.150E-02	3.006E-01	96
4o5vA	9C0I_A	8.892E+00	0.000	8.901E-02	5.554E-02	1.794E-01	140
6cnhA	8OZ7_A	2.490E-01	0.011	1.061E-01	7.257E-02	1.492E-01	265
6cnhA	7R06_A	7.793E-01	0.010	1.598E-01	1.097E-01	2.243E-01	219
6cnhA	26CZ_A	6.991E-01	0.009	1.059E-01	6.402E-02	1.756E-01	205
6cnhA	6AR1_A	8.228E-01	0.007	8.584E-02	7.108E-02	1.637E-01	144
6cnhA	5VBS_A	2.871E+00	0.000	9.604E-02	1.196E-01	3.376E-01	107
6cnhA	8QBL_A	2.072E+00	0.000	9.070E-02	9.255E-02	2.423E-01	103
6cnhA	7XJG_A	1.140E+00	0.000	8.723E-02	8.873E-02	1.734E-01	135
6cnhA	7R08_A	1.271E+00	0.000	1.151E-01	8.341E-02	1.591E-01	288
6cnhA	1RTD_A	1.342E+00	0.000	1.028E-01	6.783E-02	1.972E-01	177
6cnhA	9N69_E	3.031E+00	0.000	8.361E-02	8.636E-02	2.663E-01	100
6cnhA	9Z6Z_A	4.432E+00	0.000	8.080E-02	6.980E-02	3.278E-01	61
6cnhA	9VHE_A	2.871E+00	0.000	8.971E-02	1.017E-01	2.188E-01	110
6cnhA	7V9X_A	1.761E+00	0.000	8.696E-02	8.682E-02	1.864E-01	135
6cnhA	9D5X_A	1.761E+00	0.000	8.915E-02	7.686E-02	1.753E-01	146
6cnhA	7KFT_C	4.198E+00	0.000	7.332E-02	5.103E-02	3.511E-01	69
6cnhA	9YFD_A	1.761E+00	0.000	9.542E-02	3.843E-02	1.219E-01	307
6cnhA	9D4S_A	2.188E+00	0.000	8.452E-02	7.001E-02	1.746E-01	156
6cnhA	9WY8_A	2.719E+00	0.000	1.087E-01	8.413E-02	1.645E-01	211
6cnhA	9I2G_B	2.072E+00	0.000	8.053E-02	5.139E-02	1.498E-01	137
6cnhA	9Z6Y_H	2.072E+00	0.000	1.116E-01	7.217E-02	1.300E-01	339
6cnhA	9Z6Z_H	1.963E+00	0.000	1.217E-01	7.679E-02	1.388E-01	344
6cnhA	8GH6_A	4.432E+00	0.000	8.290E-02	3.938E-02	2.251E-01	98
6cnhA	8BGJ_A	4.198E+00	0.000	7.211E-02	1.001E-01	2.419E-01	46
6cnhA	9VHL_A	4.432E+00	0.000	9.213E-02	1.044E-01	2.103E-01	113
6cnhA	9C0I_A	2.310E+00	0.000	9.779E-02	7.873E-02	1.085E-01	314
6cnhA	9S1F_B	3.379E+00	0.000	8.014E-02	5.172E-02	1.542E-01	127
6cnhA	9E8Z_H	4.432E+00	0.000	7.883E-02	8.145E-02	1.534E-01	146
6cnhA	7V9U_A	6.134E+00	0.000	8.778E-02	9.045E-02	2.152E-01	107
6cnhA	9NNB_B	4.940E+00	0.000	8.652E-02	8.766E-02	1.868E-01	121
6cnhA	7UIM_D	4.432E+00	0.000	9.221E-02	9.667E-02	1.249E-01	272
6cnhA	9Z6Y_A	7.213E+00	0.000	6.847E-02	5.606E-02	3.161E-01	45
6cnhA	9LJE_A	2.575E+00	0.000	9.478E-02	8.348E-02	1.131E-01	278
6cnhA	9L7P_E	6.134E+00	0.000	8.941E-02	9.202E-02	1.833E-01	128
6cnhA	9WN8_A	8.033E+00	0.000	9.700E-02	9.017E-02	2.248E-01	116
6cnhA	9LPA_A	8.943E+00	0.000	6.751E-02	5.985E-02	2.085E-01	133
6cnhA	7UIN_D	4.940E+00	0.000	9.517E-02	8.592E-02	1.377E-01	265
6cnhA	6ME0_C	5.505E+00	0.000	8.288E-02	7.316E-02	1.192E-01	220
6cnhA	6MEC_C	5.215E+00	0.000	7.922E-02	6.753E-02	1.646E-01	106
6cnhA	9IOA_A	4.679E+00	0.000	8.122E-02	5.923E-02	1.314E-01	180
6cnhA	24NC_A	4.940E+00	0.000	9.973E-02	8.368E-02	1.243E-01	289
6cnhA	9I2F_A	6.475E+00	0.000	8.186E-02	5.340E-02	1.610E-01	141
6cnhA	8C8J_A	9.433E+00	0.000	5.389E-02	3.004E-02	3.386E-01	35
6cnhA	9NL3_A	8.033E+00	0.000	8.202E-02	3.616E-02	2.141E-01	104
6cnhA	9NL2_A	6.834E+00	0.000	1.109E-01	4.596E-02	1.467E-01	269
6cnhA	8UW3_A	5.811E+00	0.000	9.132E-02	3.377E-02	1.539E-01	216
6cnhA	8QBK_A	8.476E+00	0.000	8.730E-02	8.976E-02	1.704E-01	136
6cnhA	8QBM_A	7.213E+00	0.000	8.669E-02	8.952E-02	1.713E-01	136
6cnhA	9LBQ_A	8.033E+00	0.000	9.082E-02	9.028E-02	2.099E-01	138
6cnhA	8FLI_B	9.433E+00	0.000	7.471E-02	6.063E-02	1.062E-01	253
2pgeA	1RTD_A	3.073E+00	0.000	8.217E-02	5.795E-02	2.722E-01	81
2pgeA	9S1F_B	1.787E+00	0.000	9.637E-02	6.781E-02	1.825E-01	213
2pgeA	9LJE_A	5.280E+00	0.000	5.650E-02	4.869E-02	4.096E-01	22
2pgeA	9YFD_A	2.724E+00	0.000	9.786E-02	3.825E-02	2.105E-01	150
2pgeA	6MEC_C	7.126E+00	0.000	3.982E-02	3.484E-02	4.123E-01	34
2pgeA	9I2F_A	5.954E+00	0.000	9.605E-02	6.708E-02	2.293E-01	133
2pgeA	7XJG_A	9.594E+00	0.000	8.593E-02	9.516E-02	3.397E-01	54
2pgeA	9D5X_A	6.322E+00	0.000	8.044E-02	7.536E-02	2.364E-01	87
2pgeA	9I2G_B	5.607E+00	0.000	8.239E-02	5.821E-02	1.373E-01	167
2pgeA	7R06_A	5.607E+00	0.000	7.624E-02	5.232E-02	1.505E-01	146
2pgeA	26CZ_A	4.682E+00	0.000	6.532E-02	3.883E-02	1.381E-01	187
2pgeA	8C8J_A	4.409E+00	0.000	6.689E-02	3.949E-02	1.613E-01	125
2pgeA	8GH6_A	9.594E+00	0.000	6.692E-02	3.396E-02	2.956E-01	72
2pgeA	9NL3_A	5.607E+00	0.000	5.417E-02	2.533E-02	1.683E-01	114
2pgeA	9X9B_A	8.521E+00	0.000	6.285E-02	6.285E-02	1.684E-01	116
2pgeA	9Z6Z_H	8.029E+00	0.000	4.985E-02	3.496E-02	1.672E-01	103
2pgeA	8SXT_A	7.564E+00	0.000	5.186E-02	3.205E-02	1.493E-01	120
2pgeA	9LBQ_A	9.594E+00	0.000	6.111E-02	6.567E-02	1.653E-01	110
2pgeA	6AR1_A	9.594E+00	0.000	6.641E-02	5.895E-02	2.100E-01	85
2pgeA	9HDO_A	8.521E+00	0.000	6.328E-02	3.253E-02	1.009E-01	205
3cp3A	5VBS_A	6.030E+00	0.000	1.364E-01	7.878E-02	3.862E-01	31
3cp3A	9D4S_A	9.180E+00	0.000	1.016E-01	3.680E-02	5.846E-01	17
3cp3A	9IOA_A	8.713E+00	0.000	1.075E-01	3.177E-02	5.540E-01	17
3cp3A	9WY8_A	5.425E+00	0.000	1.107E-01	3.801E-02	3.113E-01	29
3cp3A	7R06_A	6.701E+00	0.000	1.255E-01	3.190E-02	3.916E-01	21
3cp3A	9Z6Z_H	8.713E+00	0.000	1.270E-01	2.972E-02	4.983E-01	21
3cp3A	5HHJ_A	7.846E+00	0.000	1.066E-01	5.691E-02	3.722E-01	26
3cp3A	9LBQ_A	7.846E+00	0.000	1.216E-01	5.433E-02	3.373E-01	21
3cp3A	9D5X_A	9.670E+00	0.000	1.010E-01	3.811E-02	5.682E-01	17
3cp3A	7R08_A	6.357E+00	0.000	1.163E-01	3.756E-02	2.599E-01	25
3cp3A	9K6G_A	7.846E+00	0.000	9.144E-02	1.612E-02	4.863E-01	25
3cp3A	5HHK_A	9.180E+00	0.000	1.066E-01	5.705E-02	3.729E-01	26
3cp3A	9N69_E	7.846E+00	0.000	1.079E-01	5.799E-02	2.670E-01	36
3cp3A	6MEC_C	8.269E+00	0.000	1.102E-01	3.897E-02	3.754E-01	25
3cp3A	9NL3_A	9.670E+00	0.000	9.444E-02	1.377E-02	4.583E-01	18
3cp3A	9Z6Z_A	8.269E+00	0.000	1.048E-01	5.428E-02	1.590E-01	119
3gr0D	8GH6_A	6.878E-01	0.020	1.385E-01	4.062E-02	3.269E-01	96
3gr0D	9E8Z_H	5.689E-01	0.014	2.450E-01	1.627E-01	2.549E-01	201
3gr0D	9DOU_A	4.706E-01	0.011	1.454E-01	4.575E-02	1.996E-01	152
3gr0D	9Z6Z_H	2.015E+00	0.010	1.468E-01	5.150E-02	3.921E-01	53
3gr0D	7V9U_A	4.303E+00	0.009	1.864E-01	1.138E-01	5.902E-01	51
3gr0D	7UIM_D	4.303E+00	0.009	2.281E-01	1.167E-01	5.879E-01	58
3gr0D	9IOA_A	1.071E+00	0.009	2.121E-01	8.996E-02	2.224E-01	217
3gr0D	9NL2_A	1.892E+00	0.009	1.369E-01	2.977E-02	3.408E-01	92
3gr0D	9N69_E	1.667E+00	0.008	9.769E-02	7.024E-02	2.640E-01	60
3gr0D	9NNB_B	1.469E+00	0.008	1.047E-01	7.172E-02	2.570E-01	55
3gr0D	23OR_A	2.147E+00	0.008	1.391E-01	8.430E-02	3.406E-01	92
3gr0D	9NL3_A	2.147E+00	0.008	1.411E-01	3.440E-02	3.137E-01	92
3gr0D	8QBK_A	1.892E+00	0.007	2.325E-01	1.449E-01	2.493E-01	196
3gr0D	9LBQ_A	2.765E+00	0.007	1.356E-01	9.150E-02	3.589E-01	86
3gr0D	9LPA_A	2.147E+00	0.007	1.293E-01	7.147E-02	3.331E-01	66
3gr0D	9VHE_A	1.667E+00	0.000	1.048E-01	6.922E-02	2.367E-01	110
3gr0D	5HHL_A	2.287E+00	0.000	9.588E-02	6.945E-02	2.622E-01	60
3gr0D	5HHK_A	2.147E+00	0.000	9.323E-02	6.625E-02	2.421E-01	61
3gr0D	5HHJ_A	2.015E+00	0.000	9.324E-02	6.610E-02	2.437E-01	61
3gr0D	9Z6Y_A	2.015E+00	0.000	2.084E-01	1.070E-01	2.203E-01	193
3gr0D	9S1F_B	2.437E+00	0.000	1.740E-01	7.103E-02	2.678E-01	152
3gr0D	9Z6Y_H	2.147E+00	0.000	1.556E-01	6.216E-02	2.579E-01	98
3gr0D	9L7P_E	2.765E+00	0.000	1.115E-01	7.374E-02	2.663E-01	55
3gr0D	6AR1_A	7.585E+00	0.000	1.586E-01	7.134E-02	6.617E-01	51
3gr0D	1RTD_A	4.040E+00	0.000	1.655E-01	6.784E-02	3.669E-01	71
3gr0D	9I2G_B	3.342E+00	0.000	1.573E-01	6.581E-02	2.672E-01	145
3gr0D	8C8J_A	2.945E+00	0.000	8.851E-02	2.499E-02	3.572E-01	54
3gr0D	8UW3_A	2.765E+00	0.000	1.439E-01	3.464E-02	2.786E-01	91
3gr0D	9VHL_A	2.596E+00	0.000	1.098E-01	7.265E-02	2.472E-01	111
3gr0D	8QBL_A	6.282E+00	0.000	9.341E-02	5.989E-02	4.106E-01	38
3gr0D	8QBM_A	3.342E+00	0.000	2.196E-01	1.378E-01	2.351E-01	204
3gr0D	7XJG_A	4.303E+00	0.000	2.163E-01	1.334E-01	2.368E-01	198
3gr0D	9X9B_A	5.200E+00	0.000	1.235E-01	7.269E-02	3.285E-01	59
3gr0D	26CZ_A	9.148E+00	0.000	2.077E-01	6.781E-02	5.536E-01	57
3gr0D	6ME0_C	5.899E+00	0.000	8.911E-02	4.238E-02	3.000E-01	41
3gr0D	8SXT_A	4.584E+00	0.000	1.136E-01	3.501E-02	2.248E-01	126
3gr0D	5VBS_A	5.539E+00	0.000	8.897E-02	7.061E-02	2.724E-01	38
3gr0D	8UBD_A	8.595E+00	0.000	8.612E-02	5.022E-02	4.456E-01	35
3gr0D	8UB7_A	5.539E+00	0.000	8.605E-02	5.104E-02	2.187E-01	65
3gr0D	9D4S_A	7.124E+00	0.000	1.152E-01	5.874E-02	2.532E-01	89
3gr0D	6MEC_C	5.539E+00	0.000	9.303E-02	5.031E-02	2.278E-01	96
3gr0D	9Z6Z_A	5.200E+00	0.000	1.973E-01	1.094E-01	2.031E-01	204
3gr0D	8FLI_B	8.595E+00	0.000	9.379E-02	4.187E-02	4.778E-01	37
3gr0D	7KFT_C	3.342E+00	0.000	1.169E-01	5.244E-02	1.586E-01	130
3gr0D	9WN8_A	8.075E+00	0.000	9.711E-02	5.819E-02	3.178E-01	51
3gr0D	9I2F_A	6.282E+00	0.000	1.015E-01	4.437E-02	2.192E-01	69
3gr0D	9HDO_A	3.793E+00	0.000	9.584E-02	3.093E-02	1.137E-01	178
3gr0D	9LJE_A	9.148E+00	0.000	1.012E-01	5.900E-02	2.151E-01	114
3me4B	9WN8_A	2.921E+00	0.008	1.159E-01	5.598E-02	3.457E-01	33
3me4B	23OR_A	3.253E+00	0.007	1.145E-01	5.457E-02	3.383E-01	33
3me4B	5HHJ_A	5.280E+00	0.000	9.195E-02	4.940E-02	5.513E-01	26
3me4B	9X9B_A	4.035E+00	0.000	1.204E-01	5.825E-02	3.428E-01	34
3me4B	5HHK_A	5.004E+00	0.000	9.182E-02	4.899E-02	4.683E-01	34
3me4B	9LBQ_A	2.622E+00	0.000	9.018E-02	5.274E-02	1.826E-01	32
3me4B	8QBL_A	6.904E+00	0.000	1.172E-01	6.169E-02	3.471E-01	23
3me4B	9X94_A	5.879E+00	0.000	1.140E-01	5.528E-02	3.353E-01	33
3me4B	5HHL_A	4.742E+00	0.000	9.540E-02	5.707E-02	2.323E-01	50
3me4B	8QBK_A	7.683E+00	0.000	1.050E-01	5.561E-02	3.161E-01	21
3me4B	7V9X_A	4.493E+00	0.000	7.512E-02	4.527E-02	2.818E-01	24
3me4B	9VHE_A	6.203E+00	0.000	5.961E-02	3.820E-02	1.904E-01	23
3me4B	9E8Z_H	8.104E+00	0.000	8.521E-02	4.893E-02	2.325E-01	33
3me4B	9N69_E	7.284E+00	0.000	7.452E-02	4.454E-02	2.545E-01	26
3me4B	7V9U_A	6.904E+00	0.000	6.793E-02	3.758E-02	2.149E-01	32
3me4B	9NNB_B	6.203E+00	0.000	6.187E-02	3.533E-02	2.396E-01	22
3me4B	7XJG_A	6.904E+00	0.000	7.217E-02	4.290E-02	2.667E-01	24
3me4B	7UIN_D	7.683E+00	0.000	9.481E-02	4.357E-02	2.194E-01	36
3me4B	7R06_A	9.014E+00	0.000	9.153E-02	2.651E-02	3.448E-01	23
3me4B	9VHL_A	8.104E+00	0.000	6.495E-02	4.215E-02	1.909E-01	25
3me4B	8QBM_A	9.504E+00	0.000	5.612E-02	3.277E-02	2.650E-01	21
3me4B	9L7P_E	9.014E+00	0.000	5.964E-02	3.522E-02	2.321E-01	22
3me4B	6MEC_C	7.284E+00	0.000	5.563E-02	2.995E-02	1.879E-01	31
3me4B	6AR1_A	8.547E+00	0.000	5.845E-02	2.821E-02	2.510E-01	22
3me4B	7R08_A	9.014E+00	0.000	8.528E-02	3.400E-02	1.878E-01	25
3me4B	9I2G_B	8.104E+00	0.000	6.366E-02	2.398E-02	2.359E-01	21
3pdiA	9YFD_A	8.280E-01	0.051	8.258E-02	3.402E-02	5.337E-01	55
3pdiA	1RTD_A	2.686E+00	0.008	1.048E-01	8.521E-02	3.354E-01	96
3pdiA	9S1F_B	2.270E+00	0.007	1.226E-01	9.910E-02	2.929E-01	163
3pdiA	9D5X_A	7.766E+00	0.000	8.417E-02	9.098E-02	6.003E-01	45
3pdiA	9I2G_B	3.554E+00	0.000	1.180E-01	9.493E-02	2.489E-01	174
3pdiA	9K6G_A	5.560E+00	0.000	7.928E-02	3.683E-02	3.609E-01	48
3pdiA	9I2F_A	5.258E+00	0.000	1.121E-01	9.051E-02	2.739E-01	136
3pdiA	9HDO_A	5.879E+00	0.000	7.601E-02	3.593E-02	3.211E-01	72
3pdiA	9NL2_A	4.204E+00	0.000	8.099E-02	4.057E-02	2.234E-01	148
3pdiA	9NNB_B	4.972E+00	0.000	5.015E-02	6.604E-02	2.535E-01	76
3pdiA	8OZ7_A	7.766E+00	0.000	5.841E-02	4.306E-02	3.998E-01	31
3pdiA	8BGJ_A	5.560E+00	0.000	5.391E-02	8.623E-02	2.244E-01	85
3pdiA	7V9U_A	6.216E+00	0.000	7.468E-02	9.453E-02	2.002E-01	136
3pdiA	9WN8_A	6.216E+00	0.000	5.087E-02	5.976E-02	2.518E-01	59
3pdiA	23OR_A	6.216E+00	0.000	5.064E-02	5.747E-02	2.062E-01	85
3pdiA	9L7P_E	6.949E+00	0.000	5.022E-02	6.724E-02	2.407E-01	76
3pdiA	9X94_A	7.346E+00	0.000	4.871E-02	5.696E-02	2.301E-01	75
3pdiA	7UIN_D	9.168E+00	0.000	4.906E-02	5.393E-02	3.051E-01	87
3pdiA	9D4S_A	8.208E+00	0.000	6.474E-02	6.693E-02	2.353E-01	126
3pdiA	9WY8_A	6.572E+00	0.000	5.398E-02	4.772E-02	2.476E-01	58
3pdiA	7R06_A	8.675E+00	0.000	7.110E-02	5.502E-02	2.631E-01	105
3pdiA	8SXT_A	6.216E+00	0.000	5.621E-02	3.654E-02	2.134E-01	79
3pdiA	8GH6_A	7.346E+00	0.000	7.632E-02	4.362E-02	2.409E-01	83
3pdiA	9LPA_A	9.168E+00	0.000	4.892E-02	5.459E-02	2.266E-01	76
3pdiA	9Z6Y_H	6.572E+00	0.000	7.804E-02	6.225E-02	1.270E-01	273
3pdiA	9Z6Z_H	7.346E+00	0.000	7.982E-02	6.688E-02	1.256E-01	272
4aw7A	9NL2_A	3.933E+00	0.000	5.900E-02	3.600E-02	2.192E-01	104
4aw7A	9S1F_B	4.169E+00	0.000	7.357E-02	7.304E-02	2.147E-01	178
4aw7A	5G2X_C	4.169E+00	0.000	5.092E-02	5.703E-02	1.556E-01	92
4aw7A	8FLI_B	8.842E+00	0.000	2.061E-02	2.500E-02	5.076E-01	13
4aw7A	8UW3_A	9.913E+00	0.000	5.921E-02	3.011E-02	2.317E-01	178
4htgA	1RTD_A	1.537E+00	0.009	6.382E-02	4.240E-02	4.389E-01	32
4htgA	9S1F_B	9.945E-01	0.008	1.105E-01	6.744E-02	2.824E-01	95
4htgA	9I2G_B	3.046E+00	0.007	1.393E-01	8.171E-02	4.038E-01	77
4htgA	9Z6Z_A	3.676E-01	0.000	9.279E-02	7.678E-02	1.310E-01	222
4htgA	9C0I_A	2.528E+00	0.000	7.113E-02	5.247E-02	2.583E-01	78
4htgA	7V9U_A	3.242E+00	0.000	1.150E-01	1.121E-01	2.395E-01	148
4htgA	7XJG_A	1.971E+00	0.000	6.578E-02	6.472E-02	1.477E-01	124
4htgA	23OR_A	1.852E+00	0.000	8.587E-02	7.774E-02	1.194E-01	238
4htgA	9WY8_A	2.375E+00	0.000	1.116E-01	7.782E-02	1.457E-01	314
4htgA	9I2F_A	3.046E+00	0.000	9.837E-02	5.871E-02	2.320E-01	116
4htgA	9VHE_A	2.528E+00	0.000	9.296E-02	1.001E-01	1.508E-01	175
4htgA	7V9X_A	3.449E+00	0.000	7.003E-02	6.774E-02	1.610E-01	126
4htgA	9WN8_A	2.690E+00	0.000	8.301E-02	7.420E-02	1.152E-01	213
4htgA	9Z6Y_A	3.242E+00	0.000	9.935E-02	8.053E-02	1.386E-01	220
4htgA	9Z6Y_H	2.863E+00	0.000	9.122E-02	5.110E-02	1.288E-01	244
4htgA	8QBM_A	4.706E+00	0.000	7.094E-02	6.969E-02	1.440E-01	124
4htgA	9X94_A	4.423E+00	0.000	9.308E-02	8.591E-02	1.284E-01	233
4htgA	9LJE_A	4.423E+00	0.000	7.585E-02	5.834E-02	1.595E-01	155
4htgA	9Z6Z_H	4.156E+00	0.000	9.139E-02	5.544E-02	1.260E-01	244
4htgA	9YFD_A	3.242E+00	0.000	7.161E-02	3.588E-02	1.195E-01	218
4htgA	9VHL_A	5.668E+00	0.000	8.710E-02	9.417E-02	1.471E-01	127
4htgA	5HHJ_A	9.866E+00	0.000	7.791E-02	7.966E-02	3.348E-01	75
4htgA	9E8Z_H	6.416E+00	0.000	8.489E-02	8.402E-02	1.644E-01	145
4htgA	8QBK_A	6.030E+00	0.000	6.723E-02	6.741E-02	1.424E-01	124
4htgA	8QBL_A	6.030E+00	0.000	7.953E-02	7.829E-02	1.137E-01	198
4htgA	24NC_A	6.030E+00	0.000	8.304E-02	5.434E-02	1.568E-01	150
4htgA	7KFT_C	9.866E+00	0.000	5.929E-02	3.371E-02	3.256E-01	22
4htgA	8OZ7_A	4.706E+00	0.000	6.743E-02	4.676E-02	1.118E-01	186
4htgA	9L7P_E	9.866E+00	0.000	5.174E-02	5.082E-02	1.941E-01	70
4htgA	9LBQ_A	7.259E+00	0.000	7.589E-02	7.315E-02	1.124E-01	208
4htgA	9X9B_A	6.825E+00	0.000	8.800E-02	7.967E-02	1.204E-01	212
4htgA	9LPA_A	6.030E+00	0.000	8.169E-02	7.664E-02	1.022E-01	216
4htgA	7R06_A	9.282E+00	0.000	3.454E-02	2.075E-02	2.874E-01	35
4htgA	8SXT_A	6.030E+00	0.000	9.806E-02	5.608E-02	1.093E-01	244
4ubtD	8BGJ_A	1.430E-01	0.009	6.539E-02	1.021E-01	1.782E-01	124
4ubtD	7V9U_A	4.392E-01	0.007	6.424E-02	7.473E-02	1.871E-01	115
4ubtD	8QBK_A	1.620E-01	0.007	8.203E-02	9.345E-02	1.170E-01	258
4ubtD	8QBL_A	1.522E-01	0.007	8.676E-02	1.002E-01	1.175E-01	261
4ubtD	8QBM_A	3.423E-01	0.007	8.478E-02	9.769E-02	1.368E-01	258
4ubtD	7R06_A	4.975E-01	0.007	7.603E-02	5.555E-02	2.231E-01	96
4ubtD	8SXT_A	5.295E-01	0.007	8.111E-02	4.959E-02	1.817E-01	174
4ubtD	7V9X_A	4.675E-01	0.000	8.852E-02	9.848E-02	1.317E-01	261
4ubtD	8OZ7_A	2.355E-01	0.000	8.314E-02	5.937E-02	1.103E-01	311
4ubtD	8C8J_A	3.643E-01	0.000	7.600E-02	4.941E-02	1.694E-01	140
4ubtD	9HDO_A	3.216E-01	0.000	6.884E-02	3.475E-02	1.698E-01	143
4ubtD	5HHL_A	8.719E-01	0.000	7.093E-02	8.335E-02	1.738E-01	115
4ubtD	5HHK_A	5.295E-01	0.000	9.398E-02	1.031E-01	1.189E-01	305
4ubtD	9N69_E	5.998E-01	0.000	6.392E-02	7.545E-02	1.785E-01	119
4ubtD	6AR1_A	4.675E-01	0.000	8.170E-02	7.462E-02	1.181E-01	291
4ubtD	9YFD_A	4.675E-01	0.000	8.956E-02	4.374E-02	1.273E-01	329
4ubtD	5HHJ_A	8.719E-01	0.000	1.003E-01	1.143E-01	1.327E-01	303
4ubtD	7XJG_A	1.051E+00	0.000	6.876E-02	7.914E-02	1.898E-01	115
4ubtD	7UIN_D	9.876E-01	0.000	5.841E-02	5.746E-02	1.711E-01	120
4ubtD	9LJE_A	7.697E-01	0.000	6.548E-02	6.113E-02	1.650E-01	163
4ubtD	9C0I_A	9.279E-01	0.000	7.032E-02	6.470E-02	1.701E-01	163
4ubtD	7R08_A	1.435E+00	0.000	6.304E-02	5.244E-02	1.935E-01	122
4ubtD	24NC_A	6.795E-01	0.000	9.628E-02	7.790E-02	1.421E-01	243
4ubtD	9S1F_B	1.191E+00	0.000	7.046E-02	5.447E-02	1.823E-01	120
4ubtD	9Z6Z_H	6.384E-01	0.000	6.656E-02	4.782E-02	1.507E-01	134
4ubtD	9DOU_A	1.626E+00	0.000	9.227E-02	4.877E-02	1.551E-01	191
4ubtD	8UW3_A	1.267E+00	0.000	7.251E-02	2.950E-02	1.662E-01	140
4ubtD	9X94_A	1.842E+00	0.000	6.570E-02	6.829E-02	1.744E-01	128
4ubtD	8GH6_A	2.221E+00	0.000	6.853E-02	3.822E-02	1.637E-01	139
4ubtD	9K6G_A	1.267E+00	0.000	6.685E-02	3.085E-02	1.640E-01	147
4ubtD	8UB7_A	3.435E+00	0.000	6.911E-02	7.641E-02	1.938E-01	122
4ubtD	9LPA_A	2.677E+00	0.000	6.407E-02	6.404E-02	1.723E-01	123
4ubtD	7UIM_D	4.140E+00	0.000	6.753E-02	6.672E-02	2.040E-01	126
4ubtD	9D4S_A	2.515E+00	0.000	6.571E-02	6.159E-02	1.504E-01	139
4ubtD	9Z6Z_A	3.435E+00	0.000	8.425E-02	7.859E-02	1.384E-01	258
4ubtD	9WY8_A	2.221E+00	0.000	8.901E-02	7.877E-02	1.385E-01	223
4ubtD	9Z6Y_H	3.655E+00	0.000	7.532E-02	5.233E-02	1.750E-01	132
4ubtD	26CZ_A	2.363E+00	0.000	6.365E-02	4.501E-02	1.719E-01	130
4ubtD	9L7P_E	4.406E+00	0.000	5.516E-02	6.299E-02	2.353E-01	53
4ubtD	9NNB_B	3.655E+00	0.000	1.031E-01	1.136E-01	1.469E-01	257
4ubtD	9X9B_A	3.435E+00	0.000	6.632E-02	6.911E-02	1.674E-01	121
4ubtD	23OR_A	5.650E+00	0.000	6.384E-02	6.506E-02	2.915E-01	49
4ubtD	9Z6Y_A	4.140E+00	0.000	6.019E-02	5.728E-02	1.924E-01	121
4ubtD	7KFT_C	8.191E+00	0.000	4.680E-02	3.202E-02	5.348E-01	27
4ubtD	9VHE_A	5.650E+00	0.000	7.096E-02	8.959E-02	1.367E-01	223
4ubtD	9E8Z_H	5.309E+00	0.000	6.432E-02	7.386E-02	1.752E-01	123
4ubtD	8UBD_A	6.396E+00	0.000	6.964E-02	7.777E-02	2.027E-01	119
4ubtD	9D5X_A	5.309E+00	0.000	7.495E-02	7.244E-02	1.798E-01	143
4ubtD	6ME0_C	9.262E+00	0.000	7.779E-02	7.341E-02	2.467E-01	99
4ubtD	9IOA_A	7.701E+00	0.000	7.042E-02	6.077E-02	1.855E-01	120
4ubtD	9I2G_B	6.396E+00	0.000	7.078E-02	5.410E-02	1.833E-01	120
4ubtD	5VBS_A	9.262E+00	0.000	5.942E-02	7.905E-02	2.636E-01	54
4ubtD	9VHL_A	7.701E+00	0.000	4.663E-02	5.969E-02	1.978E-01	45
4ubtD	5G2X_C	9.846E+00	0.000	4.779E-02	3.843E-02	2.812E-01	24
4ubtD	1RTD_A	9.846E+00	0.000	5.326E-02	3.888E-02	2.048E-01	89
4ubtD	9NL2_A	6.805E+00	0.000	5.886E-02	2.837E-02	1.498E-01	133
2g8lB	7R08_A	1.094E+00	0.008	1.181E-01	7.755E-02	1.853E-01	196
2g8lB	9D5X_A	1.936E+00	0.000	1.408E-01	1.148E-01	1.716E-01	278
2g8lB	8QBM_A	7.175E+00	0.000	9.130E-02	8.553E-02	3.622E-01	55
2g8lB	8SXT_A	2.726E+00	0.000	1.124E-01	5.594E-02	1.879E-01	205
2g8lB	9E8Z_H	6.780E+00	0.000	1.175E-01	1.104E-01	2.988E-01	146
2g8lB	8GH6_A	7.592E+00	0.000	8.091E-02	3.215E-02	3.451E-01	60
2g8lB	8QBL_A	9.510E+00	0.000	9.129E-02	8.552E-02	3.614E-01	55
2g8lB	24NC_A	5.103E+00	0.000	1.054E-01	7.580E-02	1.598E-01	183
2g8lB	9I2G_B	5.103E+00	0.000	1.746E-01	1.029E-01	2.196E-01	284
2g8lB	9I2F_A	5.103E+00	0.000	1.789E-01	1.038E-01	1.989E-01	311
2g8lB	8OZ7_A	4.821E+00	0.000	9.592E-02	5.180E-02	1.471E-01	238
2g8lB	9K6G_A	8.034E+00	0.000	1.148E-01	3.615E-02	3.070E-01	108
2g8lB	23OR_A	8.499E+00	0.000	9.209E-02	7.660E-02	2.055E-01	110
2g8lB	9Z6Y_H	9.510E+00	0.000	1.653E-01	9.041E-02	2.215E-01	210
2g8lB	8UW3_A	6.780E+00	0.000	1.287E-01	4.850E-02	1.500E-01	273
2g8lB	9N69_E	9.510E+00	0.000	9.744E-02	9.159E-02	2.386E-01	149
2g8lB	9D4S_A	7.175E+00	0.000	1.370E-01	1.104E-01	1.559E-01	338
2g8lB	9Z6Y_A	8.499E+00	0.000	7.991E-02	6.551E-02	1.936E-01	124
2g8lB	9IOA_A	8.991E+00	0.000	1.130E-01	7.703E-02	1.495E-01	214
2otmA	8UW3_A	5.081E+00	0.000	1.385E-01	2.424E-02	2.996E-01	60
2otmA	7R06_A	7.346E+00	0.000	1.559E-01	4.841E-02	3.777E-01	68
2otmA	26CZ_A	6.910E+00	0.000	1.337E-01	4.477E-02	3.431E-01	66
2otmA	6AR1_A	8.824E+00	0.000	1.178E-01	4.825E-02	3.500E-01	54
2otmA	9WY8_A	6.910E+00	0.000	1.290E-01	5.605E-02	1.884E-01	89
2otmA	9HDO_A	5.404E+00	0.000	9.659E-02	3.263E-02	1.660E-01	98
2otmA	7V9X_A	8.824E+00	0.000	1.454E-01	8.285E-02	3.104E-01	59
2otmA	7KFT_C	8.302E+00	0.000	1.070E-01	4.526E-02	2.099E-01	84
2otmA	9S1F_B	7.810E+00	0.000	1.359E-01	4.709E-02	2.238E-01	84
2otmA	9DOU_A	9.962E+00	0.000	1.195E-01	3.087E-02	2.586E-01	69
2otmA	9NL3_A	9.962E+00	0.000	1.432E-01	3.070E-02	3.582E-01	54
2otmA	9LPA_A	9.962E+00	0.000	1.157E-01	6.101E-02	1.840E-01	104
2qtsD	9Z6Z_H	3.915E+00	0.000	1.039E-01	7.663E-02	2.460E-01	125
2qtsD	8QBK_A	3.915E+00	0.000	8.151E-02	9.952E-02	2.230E-01	127
2qtsD	8QBL_A	4.158E+00	0.000	5.923E-02	7.370E-02	2.358E-01	62
2qtsD	8QBM_A	4.415E+00	0.000	5.842E-02	7.355E-02	2.355E-01	62
2qtsD	9X9B_A	3.269E+00	0.000	5.455E-02	5.899E-02	1.879E-01	63
2qtsD	9I2F_A	3.687E+00	0.000	7.464E-02	5.890E-02	2.030E-01	134
2qtsD	6AR1_A	4.978E+00	0.000	6.278E-02	6.254E-02	2.097E-01	78
2qtsD	26CZ_A	3.915E+00	0.000	6.117E-02	4.354E-02	2.010E-01	77
2qtsD	8BGJ_A	5.960E+00	0.000	6.464E-02	1.031E-01	2.078E-01	70
2qtsD	9E8Z_H	5.960E+00	0.000	5.967E-02	7.401E-02	2.393E-01	54
2qtsD	7V9U_A	6.327E+00	0.000	5.707E-02	6.618E-02	2.415E-01	62
2qtsD	9NNB_B	5.960E+00	0.000	7.407E-02	9.014E-02	1.507E-01	176
2qtsD	7V9X_A	6.717E+00	0.000	5.718E-02	7.080E-02	2.506E-01	59
2qtsD	9LBQ_A	7.131E+00	0.000	9.291E-02	1.122E-01	2.439E-01	122
2qtsD	9D4S_A	7.131E+00	0.000	5.913E-02	5.991E-02	2.636E-01	60
2qtsD	9Z6Y_A	6.717E+00	0.000	8.970E-02	8.970E-02	1.807E-01	162
2qtsD	9IOA_A	7.131E+00	0.000	7.767E-02	6.907E-02	2.706E-01	63
2qtsD	7KFT_C	6.717E+00	0.000	6.181E-02	4.818E-02	1.616E-01	125
2qtsD	9S1F_B	5.613E+00	0.000	3.835E-02	3.010E-02	1.869E-01	30
2qtsD	9I2G_B	4.415E+00	0.000	3.822E-02	2.967E-02	1.869E-01	30
2qtsD	7XJG_A	9.046E+00	0.000	4.535E-02	5.790E-02	3.125E-01	26
2qtsD	7UIM_D	9.597E+00	0.000	4.322E-02	4.580E-02	2.164E-01	30
3crvA	24NC_A	1.218E-01	0.034	1.060E-01	1.106E-01	2.489E-01	227
3crvA	7UIM_D	5.774E-01	0.020	6.909E-02	9.222E-02	2.885E-01	76
3crvA	7UIN_D	3.913E-01	0.020	7.474E-02	9.671E-02	2.453E-01	122
3crvA	5HHL_A	4.887E-01	0.016	7.718E-02	1.255E-01	2.476E-01	134
3crvA	9LBQ_A	2.963E-01	0.016	7.732E-02	1.066E-01	2.092E-01	158
3crvA	9LPA_A	6.453E-01	0.016	5.720E-02	7.957E-02	3.023E-01	62
3crvA	8QBM_A	4.623E-01	0.014	7.695E-02	1.112E-01	2.201E-01	123
3crvA	9D5X_A	4.887E-01	0.014	5.591E-02	7.387E-02	2.255E-01	79
3crvA	5HHK_A	6.821E-01	0.011	7.391E-02	1.191E-01	2.379E-01	135
3crvA	9E8Z_H	8.059E-01	0.011	5.982E-02	8.891E-02	2.520E-01	96
3crvA	9N69_E	7.623E-01	0.011	8.037E-02	1.201E-01	2.512E-01	133
3crvA	8QBK_A	6.453E-01	0.011	8.332E-02	1.207E-01	2.310E-01	121
3crvA	7XJG_A	5.774E-01	0.011	8.231E-02	1.201E-01	2.279E-01	126
3crvA	9WN8_A	2.244E-01	0.011	6.020E-02	8.155E-02	1.886E-01	122
3crvA	8BGJ_A	6.821E-01	0.010	7.907E-02	1.512E-01	2.133E-01	143
3crvA	9VHE_A	7.623E-01	0.010	4.564E-02	6.951E-02	2.849E-01	66
3crvA	7V9U_A	8.520E-01	0.010	8.207E-02	1.211E-01	2.287E-01	122
3crvA	8UBD_A	5.166E-01	0.010	7.152E-02	1.048E-01	2.084E-01	95
3crvA	9X9B_A	3.312E-01	0.010	7.298E-02	9.966E-02	1.821E-01	232
3crvA	9D4S_A	6.821E-01	0.010	7.242E-02	8.882E-02	2.325E-01	101
3crvA	7R06_A	1.405E+00	0.010	7.640E-02	7.129E-02	3.752E-01	74
3crvA	5HHJ_A	1.125E+00	0.009	7.821E-02	1.245E-01	2.297E-01	150
3crvA	8QBL_A	7.211E-01	0.009	6.799E-02	9.679E-02	1.923E-01	130
3crvA	7V9X_A	1.257E+00	0.009	4.407E-02	7.184E-02	2.888E-01	64
3crvA	23OR_A	5.462E-01	0.009	5.004E-02	6.850E-02	2.267E-01	55
3crvA	6AR1_A	9.007E-01	0.009	7.737E-02	9.557E-02	2.143E-01	159
3crvA	9C0I_A	6.453E-01	0.009	6.788E-02	8.334E-02	1.939E-01	178
3crvA	7R08_A	6.821E-01	0.008	8.503E-02	9.283E-02	1.736E-01	241
3crvA	9IOA_A	1.405E+00	0.008	8.070E-02	8.908E-02	2.799E-01	110
3crvA	7KFT_C	1.125E+00	0.008	7.124E-02	6.949E-02	2.228E-01	163
3crvA	9VHL_A	8.059E-01	0.007	4.013E-02	7.317E-02	2.019E-01	79
3crvA	9L7P_E	1.007E+00	0.007	4.294E-02	6.113E-02	2.291E-01	84
3crvA	8OZ7_A	5.166E-01	0.007	5.795E-02	5.474E-02	1.489E-01	137
3crvA	5VBS_A	1.189E+00	0.000	3.733E-02	6.989E-02	2.232E-01	78
3crvA	9NNB_B	1.125E+00	0.000	6.484E-02	9.622E-02	1.725E-01	189
3crvA	8UB7_A	1.961E+00	0.000	7.727E-02	1.146E-01	2.276E-01	127
3crvA	9Z6Y_A	1.189E+00	0.000	6.345E-02	7.880E-02	1.686E-01	156
3crvA	9Z6Z_A	2.449E+00	0.000	7.073E-02	8.721E-02	2.631E-01	70
3crvA	9X94_A	1.570E+00	0.000	5.021E-02	7.041E-02	2.176E-01	55
3crvA	9LJE_A	2.317E+00	0.000	6.269E-02	7.686E-02	1.930E-01	165
3crvA	1RTD_A	1.961E+00	0.000	7.740E-02	7.703E-02	2.164E-01	217
3crvA	26CZ_A	2.893E+00	0.000	6.638E-02	5.901E-02	2.409E-01	92
3crvA	6ME0_C	3.059E+00	0.000	7.067E-02	8.703E-02	2.490E-01	89
3crvA	6MEC_C	4.038E+00	0.000	7.511E-02	9.386E-02	2.899E-01	82
3crvA	9Z6Y_H	4.512E+00	0.000	7.134E-02	6.424E-02	2.945E-01	93
3crvA	9DOU_A	4.769E+00	0.000	7.208E-02	4.803E-02	2.416E-01	128
3crvA	9Z6Z_H	4.769E+00	0.000	6.872E-02	6.178E-02	2.793E-01	93
3crvA	9I2F_A	3.820E+00	0.000	8.473E-02	8.150E-02	1.315E-01	378
3crvA	9NL2_A	6.648E+00	0.000	7.114E-02	4.424E-02	2.072E-01	150
3crvA	9YFD_A	4.769E+00	0.000	5.735E-02	3.882E-02	1.229E-01	189
3crvA	5G2X_C	8.755E+00	0.000	5.077E-02	5.618E-02	1.959E-01	87
3crvA	9K6G_A	8.755E+00	0.000	5.418E-02	3.467E-02	1.444E-01	202
3r6dA	9I2G_B	3.015E-02	0.076	2.704E-01	1.291E-01	3.004E-01	245
3r6dA	9S1F_B	3.160E-01	0.020	2.271E-01	1.117E-01	3.084E-01	172
3r6dA	9I2F_A	3.588E-01	0.011	1.659E-01	8.180E-02	2.719E-01	124
3r6dA	6ME0_C	1.199E+00	0.000	1.031E-01	7.050E-02	1.783E-01	191
3r6dA	1RTD_A	4.006E+00	0.000	1.520E-01	6.884E-02	3.896E-01	76
3r6dA	9DOU_A	2.123E+00	0.000	1.098E-01	3.491E-02	2.469E-01	86
3r6dA	9Z6Y_H	5.499E+00	0.000	7.465E-02	3.122E-02	4.894E-01	38
3r6dA	9Z6Z_H	5.162E+00	0.000	7.448E-02	3.110E-02	4.860E-01	38
3r6dA	6MEC_C	2.737E+00	0.000	9.911E-02	6.657E-02	1.840E-01	142
3r6dA	7R06_A	9.687E+00	0.000	6.607E-02	2.476E-02	7.515E-01	15
3r6dA	9NL2_A	6.240E+00	0.000	1.109E-01	2.998E-02	2.587E-01	88
3r6dA	8BGJ_A	8.029E+00	0.000	7.897E-02	8.075E-02	2.685E-01	50
3r6dA	9VHE_A	8.549E+00	0.000	5.565E-02	4.633E-02	3.382E-01	16
3r6dA	9VHL_A	9.687E+00	0.000	5.536E-02	4.603E-02	3.141E-01	16
3r6dA	7KFT_C	7.080E+00	0.000	8.672E-02	4.177E-02	1.567E-01	112
3r6dA	9NL3_A	9.101E+00	0.000	9.157E-02	3.010E-02	2.160E-01	86
3vkwA	9L7P_E	2.342E+00	0.000	6.389E-02	8.207E-02	2.287E-01	122
3vkwA	9K6G_A	1.292E+00	0.000	7.511E-02	4.006E-02	1.433E-01	174
3vkwA	8C8J_A	1.455E+00	0.000	6.173E-02	4.568E-02	1.192E-01	202
3vkwA	9YFD_A	2.638E+00	0.000	5.653E-02	2.944E-02	1.927E-01	141
3vkwA	1RTD_A	5.073E+00	0.000	8.069E-02	6.674E-02	3.270E-01	73
3vkwA	9I2G_B	4.245E+00	0.000	8.018E-02	6.820E-02	2.009E-01	150
3vkwA	9I2F_A	2.080E+00	0.000	8.111E-02	6.870E-02	1.470E-01	198
3vkwA	7R06_A	4.245E+00	0.000	5.580E-02	4.341E-02	3.080E-01	44
3vkwA	9NL3_A	5.073E+00	0.000	7.218E-02	3.596E-02	2.616E-01	78
3vkwA	9IOA_A	3.552E+00	0.000	6.994E-02	6.461E-02	1.480E-01	204
3vkwA	8SXT_A	2.972E+00	0.000	6.526E-02	4.584E-02	1.392E-01	174
3vkwA	9NL2_A	2.800E+00	0.000	7.149E-02	4.125E-02	1.460E-01	205
3vkwA	9LBQ_A	7.678E+00	0.000	5.569E-02	7.082E-02	2.198E-01	107
3vkwA	9X94_A	9.158E+00	0.000	5.477E-02	6.369E-02	3.426E-01	49
3vkwA	23OR_A	9.158E+00	0.000	5.892E-02	6.764E-02	3.434E-01	49
3vkwA	9LJE_A	7.238E+00	0.000	4.123E-02	4.310E-02	2.468E-01	34
3vkwA	9Z6Z_A	7.678E+00	0.000	4.831E-02	5.068E-02	3.193E-01	50
3vkwA	24NC_A	6.823E+00	0.000	5.378E-02	4.880E-02	2.229E-01	93
3vkwA	9S1F_B	3.770E+00	0.000	7.579E-02	6.753E-02	1.181E-01	231
3vkwA	5VBS_A	9.158E+00	0.000	3.256E-02	4.779E-02	4.004E-01	29
3vkwA	7UIM_D	7.238E+00	0.000	3.323E-02	3.719E-02	2.666E-01	49
3vkwA	9D4S_A	8.636E+00	0.000	7.070E-02	7.515E-02	2.359E-01	100
3vkwA	9C0I_A	7.238E+00	0.000	6.197E-02	6.351E-02	1.420E-01	155
3vkwA	7R08_A	6.823E+00	0.000	8.144E-02	7.595E-02	1.430E-01	182
3vkwA	9Z6Y_H	7.678E+00	0.000	5.340E-02	4.133E-02	1.960E-01	83
3vkwA	9Z6Z_H	7.678E+00	0.000	7.352E-02	5.629E-02	2.038E-01	145
3vkwA	9DOU_A	5.712E+00	0.000	6.517E-02	4.095E-02	1.378E-01	197
3vkwA	8UW3_A	8.143E+00	0.000	5.023E-02	2.460E-02	2.011E-01	72
3vkwA	9E8Z_H	8.143E+00	0.000	5.330E-02	7.488E-02	1.428E-01	124
3vkwA	9HDO_A	8.143E+00	0.000	5.624E-02	3.316E-02	1.300E-01	165
4hujA	9YFD_A	5.771E-01	0.010	1.700E-01	4.652E-02	2.684E-01	144
4hujA	9N69_E	1.245E+00	0.008	6.808E-02	4.850E-02	4.126E-01	30
4hujA	9I2F_A	1.327E+00	0.007	1.851E-01	8.619E-02	2.659E-01	170
4hujA	9I2G_B	1.714E+00	0.000	2.201E-01	1.025E-01	2.895E-01	170
4hujA	9DOU_A	2.215E+00	0.000	1.160E-01	3.465E-02	3.023E-01	69
4hujA	8UW3_A	3.696E+00	0.000	9.609E-02	2.074E-02	3.689E-01	36
4hujA	9E8Z_H	3.941E+00	0.000	6.889E-02	4.863E-02	4.290E-01	29
4hujA	9S1F_B	3.252E+00	0.000	1.706E-01	8.308E-02	2.469E-01	167
4hujA	8GH6_A	4.201E+00	0.000	8.696E-02	2.994E-02	3.258E-01	60
4hujA	9HDO_A	4.201E+00	0.000	1.066E-01	2.839E-02	3.480E-01	53
4hujA	9VHL_A	5.089E+00	0.000	6.650E-02	5.291E-02	3.954E-01	28
4hujA	9LPA_A	5.089E+00	0.000	5.976E-02	4.037E-02	4.506E-01	27
4hujA	9NL3_A	5.089E+00	0.000	9.781E-02	2.896E-02	2.847E-01	67
4hujA	9L7P_E	4.774E+00	0.000	9.886E-02	7.407E-02	2.512E-01	57
4hujA	9NNB_B	5.425E+00	0.000	9.699E-02	7.318E-02	2.332E-01	59
4hujA	7UIN_D	7.459E+00	0.000	8.085E-02	4.541E-02	5.054E-01	24
4hujA	9VHE_A	7.948E+00	0.000	6.576E-02	5.221E-02	3.622E-01	28
4hujA	8QBL_A	7.459E+00	0.000	6.918E-02	4.780E-02	4.126E-01	46
4hujA	9LBQ_A	7.948E+00	0.000	6.002E-02	4.088E-02	4.563E-01	27
4hujA	23OR_A	9.019E+00	0.000	5.985E-02	3.678E-02	4.371E-01	27
4hujA	9K6G_A	5.782E+00	0.000	1.055E-01	2.980E-02	2.627E-01	66
4hujA	9NL2_A	4.478E+00	0.000	6.613E-02	2.129E-02	1.915E-01	59
4hujA	7V9U_A	9.605E+00	0.000	7.232E-02	5.265E-02	3.795E-01	42
4hujA	8QBK_A	9.605E+00	0.000	6.905E-02	4.684E-02	4.080E-01	46
4hujA	8C8J_A	7.948E+00	0.000	8.414E-02	2.893E-02	2.971E-01	28
4hujA	8SXT_A	7.948E+00	0.000	8.680E-02	2.823E-02	3.252E-01	28
4n18A	9C0I_A	3.747E+00	0.014	6.184E-02	4.605E-02	7.653E-01	21
4n18A	9LJE_A	5.048E+00	0.009	6.187E-02	4.698E-02	7.314E-01	21
4n18A	9YFD_A	2.190E+00	0.000	1.885E-01	7.048E-02	2.616E-01	256
4n18A	9I2F_A	2.620E+00	0.000	1.299E-01	8.093E-02	2.292E-01	181
4n18A	9WN8_A	6.035E+00	0.000	6.071E-02	5.498E-02	3.592E-01	37
4n18A	9I2G_B	5.358E+00	0.000	1.498E-01	9.329E-02	3.339E-01	136
4n18A	9LPA_A	4.481E+00	0.000	7.748E-02	6.756E-02	1.780E-01	119
4n18A	7XJG_A	9.131E+00	0.000	5.124E-02	5.085E-02	3.778E-01	29
4n18A	24NC_A	7.211E+00	0.000	7.031E-02	4.417E-02	2.692E-01	83
4n18A	5HHL_A	9.683E+00	0.000	5.976E-02	6.275E-02	3.031E-01	38
4n18A	23OR_A	9.131E+00	0.000	6.700E-02	5.889E-02	2.787E-01	50
4n18A	6AR1_A	9.131E+00	0.000	7.168E-02	5.672E-02	2.211E-01	81
4n18A	9WY8_A	9.683E+00	0.000	6.243E-02	4.420E-02	2.957E-01	46
5z1aA	1RTD_A	2.968E+00	0.000	4.713E-02	5.451E-02	2.073E-01	175
5z1aA	9I2F_A	5.140E+00	0.000	5.614E-02	6.170E-02	2.384E-01	133
5z1aA	9C0I_A	9.368E+00	0.000	3.666E-02	5.347E-02	4.444E-01	37
5z1aA	9D4S_A	4.866E+00	0.000	3.561E-02	5.080E-02	1.404E-01	108
5z1aA	9NNB_B	7.539E+00	0.000	3.393E-02	5.895E-02	1.399E-01	84
5z1aA	8UW3_A	9.368E+00	0.000	3.065E-02	1.729E-02	2.784E-01	40
5z1aA	7KFT_C	9.368E+00	0.000	3.017E-02	3.299E-02	1.552E-01	90
