frame_id	match_state	ltra_residue	unit	frame	denominator
RT17_CORE	8	15	HMM match state	RT17_CORE	305 match states in the model
RT17_CORE	9	16	HMM match state	RT17_CORE	305 match states in the model
RT17_CORE	10	17	HMM match state	RT17_CORE	305 match states in the model
RT17_CORE	11	18	HMM match state	RT17_CORE	305 match states in the model
RT17_CORE	12	19	HMM match state	RT17_CORE	305 match states in the model
RT17_CORE	13	20	HMM match state	RT17_CORE	305 match states in the model
RT17_CORE	14	21	HMM match state	RT17_CORE	305 match states in the model
RT17_CORE	15	22	HMM match state	RT17_CORE	305 match states in the model
RT17_CORE	16	23	HMM match state	RT17_CORE	305 match states in the model
RT17_CORE	17	24	HMM match state	RT17_CORE	305 match states in the model
RT17_CORE	18	25	HMM match state	RT17_CORE	305 match states in the model
RT17_CORE	19	26	HMM match state	RT17_CORE	305 match states in the model
RT17_CORE	20	27	HMM match state	RT17_CORE	305 match states in the model
RT17_CORE	21	28	HMM match state	RT17_CORE	305 match states in the model
RT17_CORE	22	29	HMM match state	RT17_CORE	305 match states in the model
RT17_CORE	23	30	HMM match state	RT17_CORE	305 match states in the model
RT17_CORE	24	31	HMM match state	RT17_CORE	305 match states in the model
RT17_CORE	25	32	HMM match state	RT17_CORE	305 match states in the model
RT17_CORE	26	33	HMM match state	RT17_CORE	305 match states in the model
RT17_CORE	27	34	HMM match state	RT17_CORE	305 match states in the model
RT17_CORE	28	35	HMM match state	RT17_CORE	305 match states in the model
RT17_CORE	29	36	HMM match state	RT17_CORE	305 match states in the model
RT17_CORE	30	37	HMM match state	RT17_CORE	305 match states in the model
RT17_CORE	31	38	HMM match state	RT17_CORE	305 match states in the model
RT17_CORE	32	39	HMM match state	RT17_CORE	305 match states in the model
RT17_CORE	33	40	HMM match state	RT17_CORE	305 match states in the model
RT17_CORE	34	41	HMM match state	RT17_CORE	305 match states in the model
RT17_CORE	35	42	HMM match state	RT17_CORE	305 match states in the model
RT17_CORE	36	43	HMM match state	RT17_CORE	305 match states in the model
RT17_CORE	37	44	HMM match state	RT17_CORE	305 match states in the model
RT17_CORE	38	45	HMM match state	RT17_CORE	305 match states in the model
RT17_CORE	39	46	HMM match state	RT17_CORE	305 match states in the model
RT17_CORE	40	47	HMM match state	RT17_CORE	305 match states in the model
RT17_CORE	41	48	HMM match state	RT17_CORE	305 match states in the model
RT17_CORE	42	49	HMM match state	RT17_CORE	305 match states in the model
RT17_CORE	43	50	HMM match state	RT17_CORE	305 match states in the model
RT17_CORE	44	51	HMM match state	RT17_CORE	305 match states in the model
RT17_CORE	45	52	HMM match state	RT17_CORE	305 match states in the model
RT17_CORE	47	53	HMM match state	RT17_CORE	305 match states in the model
RT17_CORE	48	54	HMM match state	RT17_CORE	305 match states in the model
RT17_CORE	49	55	HMM match state	RT17_CORE	305 match states in the model
RT17_CORE	50	56	HMM match state	RT17_CORE	305 match states in the model
RT17_CORE	51	65	HMM match state	RT17_CORE	305 match states in the model
RT17_CORE	52	66	HMM match state	RT17_CORE	305 match states in the model
RT17_CORE	53	67	HMM match state	RT17_CORE	305 match states in the model
RT17_CORE	54	68	HMM match state	RT17_CORE	305 match states in the model
RT17_CORE	55	69	HMM match state	RT17_CORE	305 match states in the model
RT17_CORE	56	70	HMM match state	RT17_CORE	305 match states in the model
RT17_CORE	57	71	HMM match state	RT17_CORE	305 match states in the model
RT17_CORE	58	72	HMM match state	RT17_CORE	305 match states in the model
RT17_CORE	59	73	HMM match state	RT17_CORE	305 match states in the model
RT17_CORE	60	74	HMM match state	RT17_CORE	305 match states in the model
RT17_CORE	61	75	HMM match state	RT17_CORE	305 match states in the model
RT17_CORE	62	76	HMM match state	RT17_CORE	305 match states in the model
RT17_CORE	63	77	HMM match state	RT17_CORE	305 match states in the model
RT17_CORE	64	78	HMM match state	RT17_CORE	305 match states in the model
RT17_CORE	65	79	HMM match state	RT17_CORE	305 match states in the model
RT17_CORE	66	80	HMM match state	RT17_CORE	305 match states in the model
RT17_CORE	67	81	HMM match state	RT17_CORE	305 match states in the model
RT17_CORE	68	82	HMM match state	RT17_CORE	305 match states in the model
RT17_CORE	69	83	HMM match state	RT17_CORE	305 match states in the model
RT17_CORE	70	84	HMM match state	RT17_CORE	305 match states in the model
RT17_CORE	71	85	HMM match state	RT17_CORE	305 match states in the model
RT17_CORE	72	86	HMM match state	RT17_CORE	305 match states in the model
RT17_CORE	73	87	HMM match state	RT17_CORE	305 match states in the model
RT17_CORE	74	88	HMM match state	RT17_CORE	305 match states in the model
RT17_CORE	75	89	HMM match state	RT17_CORE	305 match states in the model
RT17_CORE	76	90	HMM match state	RT17_CORE	305 match states in the model
RT17_CORE	77	91	HMM match state	RT17_CORE	305 match states in the model
RT17_CORE	78	92	HMM match state	RT17_CORE	305 match states in the model
RT17_CORE	79	93	HMM match state	RT17_CORE	305 match states in the model
RT17_CORE	80	95	HMM match state	RT17_CORE	305 match states in the model
RT17_CORE	81	96	HMM match state	RT17_CORE	305 match states in the model
RT17_CORE	82	97	HMM match state	RT17_CORE	305 match states in the model
RT17_CORE	83	98	HMM match state	RT17_CORE	305 match states in the model
RT17_CORE	84	99	HMM match state	RT17_CORE	305 match states in the model
RT17_CORE	85	100	HMM match state	RT17_CORE	305 match states in the model
RT17_CORE	86	101	HMM match state	RT17_CORE	305 match states in the model
RT17_CORE	87	102	HMM match state	RT17_CORE	305 match states in the model
RT17_CORE	88	103	HMM match state	RT17_CORE	305 match states in the model
RT17_CORE	89	104	HMM match state	RT17_CORE	305 match states in the model
RT17_CORE	90	105	HMM match state	RT17_CORE	305 match states in the model
RT17_CORE	91	106	HMM match state	RT17_CORE	305 match states in the model
RT17_CORE	92	107	HMM match state	RT17_CORE	305 match states in the model
RT17_CORE	93	108	HMM match state	RT17_CORE	305 match states in the model
RT17_CORE	94	109	HMM match state	RT17_CORE	305 match states in the model
RT17_CORE	95	110	HMM match state	RT17_CORE	305 match states in the model
RT17_CORE	96	111	HMM match state	RT17_CORE	305 match states in the model
RT17_CORE	97	112	HMM match state	RT17_CORE	305 match states in the model
RT17_CORE	98	113	HMM match state	RT17_CORE	305 match states in the model
RT17_CORE	99	114	HMM match state	RT17_CORE	305 match states in the model
RT17_CORE	100	115	HMM match state	RT17_CORE	305 match states in the model
RT17_CORE	101	116	HMM match state	RT17_CORE	305 match states in the model
RT17_CORE	102	117	HMM match state	RT17_CORE	305 match states in the model
RT17_CORE	103	118	HMM match state	RT17_CORE	305 match states in the model
RT17_CORE	104	119	HMM match state	RT17_CORE	305 match states in the model
RT17_CORE	105	120	HMM match state	RT17_CORE	305 match states in the model
RT17_CORE	106	121	HMM match state	RT17_CORE	305 match states in the model
RT17_CORE	107	122	HMM match state	RT17_CORE	305 match states in the model
RT17_CORE	108	123	HMM match state	RT17_CORE	305 match states in the model
RT17_CORE	109	124	HMM match state	RT17_CORE	305 match states in the model
RT17_CORE	110	125	HMM match state	RT17_CORE	305 match states in the model
RT17_CORE	111	126	HMM match state	RT17_CORE	305 match states in the model
RT17_CORE	112	127	HMM match state	RT17_CORE	305 match states in the model
RT17_CORE	113	128	HMM match state	RT17_CORE	305 match states in the model
RT17_CORE	114	129	HMM match state	RT17_CORE	305 match states in the model
RT17_CORE	115	130	HMM match state	RT17_CORE	305 match states in the model
RT17_CORE	116	131	HMM match state	RT17_CORE	305 match states in the model
RT17_CORE	117	132	HMM match state	RT17_CORE	305 match states in the model
RT17_CORE	118	133	HMM match state	RT17_CORE	305 match states in the model
RT17_CORE	119	134	HMM match state	RT17_CORE	305 match states in the model
RT17_CORE	120	135	HMM match state	RT17_CORE	305 match states in the model
RT17_CORE	121	136	HMM match state	RT17_CORE	305 match states in the model
RT17_CORE	122	137	HMM match state	RT17_CORE	305 match states in the model
RT17_CORE	123	138	HMM match state	RT17_CORE	305 match states in the model
RT17_CORE	124	139	HMM match state	RT17_CORE	305 match states in the model
RT17_CORE	125	140	HMM match state	RT17_CORE	305 match states in the model
RT17_CORE	126	141	HMM match state	RT17_CORE	305 match states in the model
RT17_CORE	127	142	HMM match state	RT17_CORE	305 match states in the model
RT17_CORE	128	143	HMM match state	RT17_CORE	305 match states in the model
RT17_CORE	129	144	HMM match state	RT17_CORE	305 match states in the model
RT17_CORE	130	145	HMM match state	RT17_CORE	305 match states in the model
RT17_CORE	131	146	HMM match state	RT17_CORE	305 match states in the model
RT17_CORE	132	147	HMM match state	RT17_CORE	305 match states in the model
RT17_CORE	133	148	HMM match state	RT17_CORE	305 match states in the model
RT17_CORE	134	149	HMM match state	RT17_CORE	305 match states in the model
RT17_CORE	135	150	HMM match state	RT17_CORE	305 match states in the model
RT17_CORE	136	151	HMM match state	RT17_CORE	305 match states in the model
RT17_CORE	138	152	HMM match state	RT17_CORE	305 match states in the model
RT17_CORE	139	153	HMM match state	RT17_CORE	305 match states in the model
RT17_CORE	140	154	HMM match state	RT17_CORE	305 match states in the model
RT17_CORE	141	155	HMM match state	RT17_CORE	305 match states in the model
RT17_CORE	142	156	HMM match state	RT17_CORE	305 match states in the model
RT17_CORE	143	157	HMM match state	RT17_CORE	305 match states in the model
RT17_CORE	144	158	HMM match state	RT17_CORE	305 match states in the model
RT17_CORE	145	159	HMM match state	RT17_CORE	305 match states in the model
RT17_CORE	146	160	HMM match state	RT17_CORE	305 match states in the model
RT17_CORE	147	161	HMM match state	RT17_CORE	305 match states in the model
RT17_CORE	148	162	HMM match state	RT17_CORE	305 match states in the model
RT17_CORE	149	163	HMM match state	RT17_CORE	305 match states in the model
RT17_CORE	150	164	HMM match state	RT17_CORE	305 match states in the model
RT17_CORE	151	165	HMM match state	RT17_CORE	305 match states in the model
RT17_CORE	152	166	HMM match state	RT17_CORE	305 match states in the model
RT17_CORE	153	167	HMM match state	RT17_CORE	305 match states in the model
RT17_CORE	154	168	HMM match state	RT17_CORE	305 match states in the model
RT17_CORE	155	169	HMM match state	RT17_CORE	305 match states in the model
RT17_CORE	156	170	HMM match state	RT17_CORE	305 match states in the model
RT17_CORE	157	171	HMM match state	RT17_CORE	305 match states in the model
RT17_CORE	158	172	HMM match state	RT17_CORE	305 match states in the model
RT17_CORE	159	173	HMM match state	RT17_CORE	305 match states in the model
RT17_CORE	160	174	HMM match state	RT17_CORE	305 match states in the model
RT17_CORE	161	175	HMM match state	RT17_CORE	305 match states in the model
RT17_CORE	162	176	HMM match state	RT17_CORE	305 match states in the model
RT17_CORE	163	177	HMM match state	RT17_CORE	305 match states in the model
RT17_CORE	164	178	HMM match state	RT17_CORE	305 match states in the model
RT17_CORE	165	179	HMM match state	RT17_CORE	305 match states in the model
RT17_CORE	166	180	HMM match state	RT17_CORE	305 match states in the model
RT17_CORE	167	181	HMM match state	RT17_CORE	305 match states in the model
RT17_CORE	168	182	HMM match state	RT17_CORE	305 match states in the model
RT17_CORE	169	183	HMM match state	RT17_CORE	305 match states in the model
RT17_CORE	170	184	HMM match state	RT17_CORE	305 match states in the model
RT17_CORE	171	185	HMM match state	RT17_CORE	305 match states in the model
RT17_CORE	172	186	HMM match state	RT17_CORE	305 match states in the model
RT17_CORE	173	187	HMM match state	RT17_CORE	305 match states in the model
RT17_CORE	174	188	HMM match state	RT17_CORE	305 match states in the model
RT17_CORE	175	189	HMM match state	RT17_CORE	305 match states in the model
RT17_CORE	176	190	HMM match state	RT17_CORE	305 match states in the model
RT17_CORE	177	191	HMM match state	RT17_CORE	305 match states in the model
RT17_CORE	178	192	HMM match state	RT17_CORE	305 match states in the model
RT17_CORE	179	193	HMM match state	RT17_CORE	305 match states in the model
RT17_CORE	180	194	HMM match state	RT17_CORE	305 match states in the model
RT17_CORE	181	195	HMM match state	RT17_CORE	305 match states in the model
RT17_CORE	182	196	HMM match state	RT17_CORE	305 match states in the model
RT17_CORE	183	197	HMM match state	RT17_CORE	305 match states in the model
RT17_CORE	184	204	HMM match state	RT17_CORE	305 match states in the model
RT17_CORE	185	205	HMM match state	RT17_CORE	305 match states in the model
RT17_CORE	186	206	HMM match state	RT17_CORE	305 match states in the model
RT17_CORE	187	207	HMM match state	RT17_CORE	305 match states in the model
RT17_CORE	188	208	HMM match state	RT17_CORE	305 match states in the model
RT17_CORE	189	209	HMM match state	RT17_CORE	305 match states in the model
RT17_CORE	190	210	HMM match state	RT17_CORE	305 match states in the model
RT17_CORE	191	211	HMM match state	RT17_CORE	305 match states in the model
RT17_CORE	192	212	HMM match state	RT17_CORE	305 match states in the model
RT17_CORE	193	213	HMM match state	RT17_CORE	305 match states in the model
RT17_CORE	194	214	HMM match state	RT17_CORE	305 match states in the model
RT17_CORE	195	215	HMM match state	RT17_CORE	305 match states in the model
RT17_CORE	196	216	HMM match state	RT17_CORE	305 match states in the model
RT17_CORE	197	217	HMM match state	RT17_CORE	305 match states in the model
RT17_CORE	198	218	HMM match state	RT17_CORE	305 match states in the model
RT17_CORE	199	219	HMM match state	RT17_CORE	305 match states in the model
RT17_CORE	200	220	HMM match state	RT17_CORE	305 match states in the model
RT17_CORE	201	221	HMM match state	RT17_CORE	305 match states in the model
RT17_CORE	202	222	HMM match state	RT17_CORE	305 match states in the model
RT17_CORE	203	223	HMM match state	RT17_CORE	305 match states in the model
RT17_CORE	204	224	HMM match state	RT17_CORE	305 match states in the model
RT17_CORE	205	225	HMM match state	RT17_CORE	305 match states in the model
RT17_CORE	206	226	HMM match state	RT17_CORE	305 match states in the model
RT17_CORE	207	227	HMM match state	RT17_CORE	305 match states in the model
RT17_CORE	208	228	HMM match state	RT17_CORE	305 match states in the model
RT17_CORE	209	229	HMM match state	RT17_CORE	305 match states in the model
RT17_CORE	210	230	HMM match state	RT17_CORE	305 match states in the model
RT17_CORE	211	231	HMM match state	RT17_CORE	305 match states in the model
RT17_CORE	212	232	HMM match state	RT17_CORE	305 match states in the model
RT17_CORE	213	233	HMM match state	RT17_CORE	305 match states in the model
RT17_CORE	214	234	HMM match state	RT17_CORE	305 match states in the model
RT17_CORE	215	235	HMM match state	RT17_CORE	305 match states in the model
RT17_CORE	216	295	HMM match state	RT17_CORE	305 match states in the model
RT17_CORE	217	296	HMM match state	RT17_CORE	305 match states in the model
RT17_CORE	218	297	HMM match state	RT17_CORE	305 match states in the model
RT17_CORE	219	298	HMM match state	RT17_CORE	305 match states in the model
RT17_CORE	220	299	HMM match state	RT17_CORE	305 match states in the model
RT17_CORE	221	300	HMM match state	RT17_CORE	305 match states in the model
RT17_CORE	222	301	HMM match state	RT17_CORE	305 match states in the model
RT17_CORE	223	302	HMM match state	RT17_CORE	305 match states in the model
RT17_CORE	224	303	HMM match state	RT17_CORE	305 match states in the model
RT17_CORE	225	304	HMM match state	RT17_CORE	305 match states in the model
RT17_CORE	226	305	HMM match state	RT17_CORE	305 match states in the model
RT17_CORE	227	306	HMM match state	RT17_CORE	305 match states in the model
RT17_CORE	228	307	HMM match state	RT17_CORE	305 match states in the model
RT17_CORE	229	308	HMM match state	RT17_CORE	305 match states in the model
RT17_CORE	230	309	HMM match state	RT17_CORE	305 match states in the model
RT17_CORE	231	310	HMM match state	RT17_CORE	305 match states in the model
RT17_CORE	232	311	HMM match state	RT17_CORE	305 match states in the model
RT17_CORE	233	312	HMM match state	RT17_CORE	305 match states in the model
RT17_CORE	234	313	HMM match state	RT17_CORE	305 match states in the model
RT17_CORE	235	314	HMM match state	RT17_CORE	305 match states in the model
RT17_CORE	236	316	HMM match state	RT17_CORE	305 match states in the model
RT17_CORE	237	317	HMM match state	RT17_CORE	305 match states in the model
RT17_CORE	238	318	HMM match state	RT17_CORE	305 match states in the model
RT17_CORE	239	319	HMM match state	RT17_CORE	305 match states in the model
RT17_CORE	240	320	HMM match state	RT17_CORE	305 match states in the model
RT17_CORE	241	321	HMM match state	RT17_CORE	305 match states in the model
RT17_CORE	242	322	HMM match state	RT17_CORE	305 match states in the model
RT17_CORE	243	323	HMM match state	RT17_CORE	305 match states in the model
RT17_CORE	244	324	HMM match state	RT17_CORE	305 match states in the model
RT17_CORE	245	325	HMM match state	RT17_CORE	305 match states in the model
RT17_CORE	246	326	HMM match state	RT17_CORE	305 match states in the model
RT17_CORE	247	327	HMM match state	RT17_CORE	305 match states in the model
RT17_CORE	248	328	HMM match state	RT17_CORE	305 match states in the model
RT17_CORE	249	329	HMM match state	RT17_CORE	305 match states in the model
RT17_CORE	250	330	HMM match state	RT17_CORE	305 match states in the model
RT17_CORE	251	331	HMM match state	RT17_CORE	305 match states in the model
RT17_CORE	252	332	HMM match state	RT17_CORE	305 match states in the model
RT17_CORE	253	333	HMM match state	RT17_CORE	305 match states in the model
RT17_CORE	254	335	HMM match state	RT17_CORE	305 match states in the model
RT17_CORE	255	336	HMM match state	RT17_CORE	305 match states in the model
RT17_CORE	256	337	HMM match state	RT17_CORE	305 match states in the model
RT17_CORE	257	338	HMM match state	RT17_CORE	305 match states in the model
RT17_CORE	258	339	HMM match state	RT17_CORE	305 match states in the model
RT17_CORE	259	340	HMM match state	RT17_CORE	305 match states in the model
RT17_CORE	260	341	HMM match state	RT17_CORE	305 match states in the model
RT17_CORE	261	342	HMM match state	RT17_CORE	305 match states in the model
RT17_CORE	262	343	HMM match state	RT17_CORE	305 match states in the model
RT17_CORE	263	344	HMM match state	RT17_CORE	305 match states in the model
RT17_CORE	264	345	HMM match state	RT17_CORE	305 match states in the model
RT17_CORE	265	346	HMM match state	RT17_CORE	305 match states in the model
RT17_CORE	266	347	HMM match state	RT17_CORE	305 match states in the model
RT17_CORE	267	348	HMM match state	RT17_CORE	305 match states in the model
RT17_CORE	268	349	HMM match state	RT17_CORE	305 match states in the model
RT17_CORE	269	350	HMM match state	RT17_CORE	305 match states in the model
RT17_CORE	270	351	HMM match state	RT17_CORE	305 match states in the model
RT17_CORE	271	352	HMM match state	RT17_CORE	305 match states in the model
RT17_CORE	272	353	HMM match state	RT17_CORE	305 match states in the model
RT17_CORE	273	354	HMM match state	RT17_CORE	305 match states in the model
RT17_CORE	274	355	HMM match state	RT17_CORE	305 match states in the model
RT17_CORE	275	356	HMM match state	RT17_CORE	305 match states in the model
RT17_CORE	276	357	HMM match state	RT17_CORE	305 match states in the model
RT17_CORE	277	358	HMM match state	RT17_CORE	305 match states in the model
RT17_CORE	278	359	HMM match state	RT17_CORE	305 match states in the model
RT17_CORE	279	360	HMM match state	RT17_CORE	305 match states in the model
RT17_CORE	280	361	HMM match state	RT17_CORE	305 match states in the model
RT17_CORE	281	362	HMM match state	RT17_CORE	305 match states in the model
RT17_CORE	282	363	HMM match state	RT17_CORE	305 match states in the model
RT17_CORE	283	364	HMM match state	RT17_CORE	305 match states in the model
RT17_CORE	284	372	HMM match state	RT17_CORE	305 match states in the model
RT17_CORE	285	373	HMM match state	RT17_CORE	305 match states in the model
RT17_CORE	286	374	HMM match state	RT17_CORE	305 match states in the model
RT17_CORE	287	375	HMM match state	RT17_CORE	305 match states in the model
RT17_CORE	288	376	HMM match state	RT17_CORE	305 match states in the model
RT17_CORE	289	377	HMM match state	RT17_CORE	305 match states in the model
RT17_CORE	290	378	HMM match state	RT17_CORE	305 match states in the model
RT17_CORE	291	379	HMM match state	RT17_CORE	305 match states in the model
RT17_CORE	292	380	HMM match state	RT17_CORE	305 match states in the model
RT17_CORE	293	381	HMM match state	RT17_CORE	305 match states in the model
RT17_CORE	294	382	HMM match state	RT17_CORE	305 match states in the model
RT17_CORE	295	383	HMM match state	RT17_CORE	305 match states in the model
RT17_CORE	296	384	HMM match state	RT17_CORE	305 match states in the model
RT17_CORE	297	385	HMM match state	RT17_CORE	305 match states in the model
RT17_CORE	298	386	HMM match state	RT17_CORE	305 match states in the model
B_span17	8	15	HMM match state	B_span17	305 match states in the model
B_span17	9	16	HMM match state	B_span17	305 match states in the model
B_span17	10	17	HMM match state	B_span17	305 match states in the model
B_span17	11	18	HMM match state	B_span17	305 match states in the model
B_span17	12	19	HMM match state	B_span17	305 match states in the model
B_span17	13	20	HMM match state	B_span17	305 match states in the model
B_span17	14	21	HMM match state	B_span17	305 match states in the model
B_span17	15	22	HMM match state	B_span17	305 match states in the model
B_span17	16	23	HMM match state	B_span17	305 match states in the model
B_span17	17	24	HMM match state	B_span17	305 match states in the model
B_span17	18	25	HMM match state	B_span17	305 match states in the model
B_span17	19	26	HMM match state	B_span17	305 match states in the model
B_span17	20	27	HMM match state	B_span17	305 match states in the model
B_span17	21	28	HMM match state	B_span17	305 match states in the model
B_span17	22	29	HMM match state	B_span17	305 match states in the model
B_span17	23	30	HMM match state	B_span17	305 match states in the model
B_span17	24	31	HMM match state	B_span17	305 match states in the model
B_span17	25	32	HMM match state	B_span17	305 match states in the model
B_span17	26	33	HMM match state	B_span17	305 match states in the model
B_span17	27	34	HMM match state	B_span17	305 match states in the model
B_span17	28	35	HMM match state	B_span17	305 match states in the model
B_span17	29	36	HMM match state	B_span17	305 match states in the model
B_span17	30	37	HMM match state	B_span17	305 match states in the model
B_span17	31	38	HMM match state	B_span17	305 match states in the model
B_span17	32	39	HMM match state	B_span17	305 match states in the model
B_span17	33	40	HMM match state	B_span17	305 match states in the model
B_span17	34	41	HMM match state	B_span17	305 match states in the model
B_span17	35	42	HMM match state	B_span17	305 match states in the model
B_span17	36	43	HMM match state	B_span17	305 match states in the model
B_span17	37	44	HMM match state	B_span17	305 match states in the model
B_span17	38	45	HMM match state	B_span17	305 match states in the model
B_span17	39	46	HMM match state	B_span17	305 match states in the model
B_span17	40	47	HMM match state	B_span17	305 match states in the model
B_span17	41	48	HMM match state	B_span17	305 match states in the model
B_span17	42	49	HMM match state	B_span17	305 match states in the model
B_span17	43	50	HMM match state	B_span17	305 match states in the model
B_span17	44	51	HMM match state	B_span17	305 match states in the model
B_span17	45	52	HMM match state	B_span17	305 match states in the model
B_span17	47	53	HMM match state	B_span17	305 match states in the model
B_span17	48	54	HMM match state	B_span17	305 match states in the model
B_span17	49	55	HMM match state	B_span17	305 match states in the model
B_span17	50	56	HMM match state	B_span17	305 match states in the model
B_span17	51	65	HMM match state	B_span17	305 match states in the model
B_span17	52	66	HMM match state	B_span17	305 match states in the model
B_span17	53	67	HMM match state	B_span17	305 match states in the model
B_span17	54	68	HMM match state	B_span17	305 match states in the model
B_span17	55	69	HMM match state	B_span17	305 match states in the model
B_span17	56	70	HMM match state	B_span17	305 match states in the model
B_span17	57	71	HMM match state	B_span17	305 match states in the model
B_span17	58	72	HMM match state	B_span17	305 match states in the model
B_span17	59	73	HMM match state	B_span17	305 match states in the model
B_span17	60	74	HMM match state	B_span17	305 match states in the model
B_span17	61	75	HMM match state	B_span17	305 match states in the model
B_span17	62	76	HMM match state	B_span17	305 match states in the model
B_span17	63	77	HMM match state	B_span17	305 match states in the model
B_span17	64	78	HMM match state	B_span17	305 match states in the model
B_span17	65	79	HMM match state	B_span17	305 match states in the model
B_span17	66	80	HMM match state	B_span17	305 match states in the model
B_span17	67	81	HMM match state	B_span17	305 match states in the model
B_span17	68	82	HMM match state	B_span17	305 match states in the model
B_span17	69	83	HMM match state	B_span17	305 match states in the model
B_span17	70	84	HMM match state	B_span17	305 match states in the model
B_span17	71	85	HMM match state	B_span17	305 match states in the model
B_span17	72	86	HMM match state	B_span17	305 match states in the model
B_span17	73	87	HMM match state	B_span17	305 match states in the model
B_span17	74	88	HMM match state	B_span17	305 match states in the model
B_span17	75	89	HMM match state	B_span17	305 match states in the model
B_span17	76	90	HMM match state	B_span17	305 match states in the model
B_span17	77	91	HMM match state	B_span17	305 match states in the model
B_span17	78	92	HMM match state	B_span17	305 match states in the model
B_span17	79	93	HMM match state	B_span17	305 match states in the model
B_span17	80	95	HMM match state	B_span17	305 match states in the model
B_span17	81	96	HMM match state	B_span17	305 match states in the model
B_span17	82	97	HMM match state	B_span17	305 match states in the model
B_span17	83	98	HMM match state	B_span17	305 match states in the model
B_span17	84	99	HMM match state	B_span17	305 match states in the model
B_span17	85	100	HMM match state	B_span17	305 match states in the model
B_span17	86	101	HMM match state	B_span17	305 match states in the model
B_span17	87	102	HMM match state	B_span17	305 match states in the model
B_span17	88	103	HMM match state	B_span17	305 match states in the model
B_span17	89	104	HMM match state	B_span17	305 match states in the model
B_span17	90	105	HMM match state	B_span17	305 match states in the model
B_span17	91	106	HMM match state	B_span17	305 match states in the model
B_span17	92	107	HMM match state	B_span17	305 match states in the model
B_span17	93	108	HMM match state	B_span17	305 match states in the model
B_span17	94	109	HMM match state	B_span17	305 match states in the model
B_span17	95	110	HMM match state	B_span17	305 match states in the model
B_span17	96	111	HMM match state	B_span17	305 match states in the model
B_span17	97	112	HMM match state	B_span17	305 match states in the model
B_span17	98	113	HMM match state	B_span17	305 match states in the model
B_span17	99	114	HMM match state	B_span17	305 match states in the model
B_span17	100	115	HMM match state	B_span17	305 match states in the model
B_span17	101	116	HMM match state	B_span17	305 match states in the model
B_span17	102	117	HMM match state	B_span17	305 match states in the model
B_span17	103	118	HMM match state	B_span17	305 match states in the model
B_span17	104	119	HMM match state	B_span17	305 match states in the model
B_span17	105	120	HMM match state	B_span17	305 match states in the model
B_span17	106	121	HMM match state	B_span17	305 match states in the model
B_span17	107	122	HMM match state	B_span17	305 match states in the model
B_span17	108	123	HMM match state	B_span17	305 match states in the model
B_span17	109	124	HMM match state	B_span17	305 match states in the model
B_span17	110	125	HMM match state	B_span17	305 match states in the model
B_span17	111	126	HMM match state	B_span17	305 match states in the model
B_span17	112	127	HMM match state	B_span17	305 match states in the model
B_span17	113	128	HMM match state	B_span17	305 match states in the model
B_span17	114	129	HMM match state	B_span17	305 match states in the model
B_span17	115	130	HMM match state	B_span17	305 match states in the model
B_span17	116	131	HMM match state	B_span17	305 match states in the model
B_span17	117	132	HMM match state	B_span17	305 match states in the model
B_span17	118	133	HMM match state	B_span17	305 match states in the model
B_span17	119	134	HMM match state	B_span17	305 match states in the model
B_span17	120	135	HMM match state	B_span17	305 match states in the model
B_span17	121	136	HMM match state	B_span17	305 match states in the model
B_span17	122	137	HMM match state	B_span17	305 match states in the model
B_span17	123	138	HMM match state	B_span17	305 match states in the model
B_span17	124	139	HMM match state	B_span17	305 match states in the model
B_span17	125	140	HMM match state	B_span17	305 match states in the model
B_span17	126	141	HMM match state	B_span17	305 match states in the model
B_span17	127	142	HMM match state	B_span17	305 match states in the model
B_span17	128	143	HMM match state	B_span17	305 match states in the model
B_span17	129	144	HMM match state	B_span17	305 match states in the model
B_span17	130	145	HMM match state	B_span17	305 match states in the model
B_span17	131	146	HMM match state	B_span17	305 match states in the model
B_span17	132	147	HMM match state	B_span17	305 match states in the model
B_span17	133	148	HMM match state	B_span17	305 match states in the model
B_span17	134	149	HMM match state	B_span17	305 match states in the model
B_span17	135	150	HMM match state	B_span17	305 match states in the model
B_span17	136	151	HMM match state	B_span17	305 match states in the model
B_span17	138	152	HMM match state	B_span17	305 match states in the model
B_span17	139	153	HMM match state	B_span17	305 match states in the model
B_span17	140	154	HMM match state	B_span17	305 match states in the model
B_span17	141	155	HMM match state	B_span17	305 match states in the model
B_span17	142	156	HMM match state	B_span17	305 match states in the model
B_span17	143	157	HMM match state	B_span17	305 match states in the model
B_span17	144	158	HMM match state	B_span17	305 match states in the model
B_span17	145	159	HMM match state	B_span17	305 match states in the model
B_span17	146	160	HMM match state	B_span17	305 match states in the model
B_span17	147	161	HMM match state	B_span17	305 match states in the model
B_span17	148	162	HMM match state	B_span17	305 match states in the model
B_span17	149	163	HMM match state	B_span17	305 match states in the model
B_span17	150	164	HMM match state	B_span17	305 match states in the model
B_span17	151	165	HMM match state	B_span17	305 match states in the model
B_span17	152	166	HMM match state	B_span17	305 match states in the model
B_span17	153	167	HMM match state	B_span17	305 match states in the model
B_span17	154	168	HMM match state	B_span17	305 match states in the model
B_span17	155	169	HMM match state	B_span17	305 match states in the model
B_span17	156	170	HMM match state	B_span17	305 match states in the model
B_span17	157	171	HMM match state	B_span17	305 match states in the model
B_span17	158	172	HMM match state	B_span17	305 match states in the model
B_span17	159	173	HMM match state	B_span17	305 match states in the model
B_span17	160	174	HMM match state	B_span17	305 match states in the model
B_span17	161	175	HMM match state	B_span17	305 match states in the model
B_span17	162	176	HMM match state	B_span17	305 match states in the model
B_span17	163	177	HMM match state	B_span17	305 match states in the model
B_span17	164	178	HMM match state	B_span17	305 match states in the model
B_span17	165	179	HMM match state	B_span17	305 match states in the model
B_span17	166	180	HMM match state	B_span17	305 match states in the model
B_span17	167	181	HMM match state	B_span17	305 match states in the model
B_span17	168	182	HMM match state	B_span17	305 match states in the model
B_span17	169	183	HMM match state	B_span17	305 match states in the model
B_span17	170	184	HMM match state	B_span17	305 match states in the model
B_span17	171	185	HMM match state	B_span17	305 match states in the model
B_span17	172	186	HMM match state	B_span17	305 match states in the model
B_span17	173	187	HMM match state	B_span17	305 match states in the model
B_span17	174	188	HMM match state	B_span17	305 match states in the model
B_span17	175	189	HMM match state	B_span17	305 match states in the model
B_span17	176	190	HMM match state	B_span17	305 match states in the model
B_span17	177	191	HMM match state	B_span17	305 match states in the model
B_span17	178	192	HMM match state	B_span17	305 match states in the model
B_span17	179	193	HMM match state	B_span17	305 match states in the model
B_span17	180	194	HMM match state	B_span17	305 match states in the model
B_span17	181	195	HMM match state	B_span17	305 match states in the model
B_span17	182	196	HMM match state	B_span17	305 match states in the model
B_span17	183	197	HMM match state	B_span17	305 match states in the model
B_span17	184	204	HMM match state	B_span17	305 match states in the model
B_span17	185	205	HMM match state	B_span17	305 match states in the model
B_span17	186	206	HMM match state	B_span17	305 match states in the model
B_span17	187	207	HMM match state	B_span17	305 match states in the model
B_span17	188	208	HMM match state	B_span17	305 match states in the model
B_span17	189	209	HMM match state	B_span17	305 match states in the model
B_span17	190	210	HMM match state	B_span17	305 match states in the model
B_span17	191	211	HMM match state	B_span17	305 match states in the model
B_span17	192	212	HMM match state	B_span17	305 match states in the model
B_span17	193	213	HMM match state	B_span17	305 match states in the model
B_span17	194	214	HMM match state	B_span17	305 match states in the model
B_span17	195	215	HMM match state	B_span17	305 match states in the model
B_span17	196	216	HMM match state	B_span17	305 match states in the model
B_span17	197	217	HMM match state	B_span17	305 match states in the model
B_span17	198	218	HMM match state	B_span17	305 match states in the model
B_span17	199	219	HMM match state	B_span17	305 match states in the model
B_span17	200	220	HMM match state	B_span17	305 match states in the model
B_span17	201	221	HMM match state	B_span17	305 match states in the model
B_span17	202	222	HMM match state	B_span17	305 match states in the model
B_span17	203	223	HMM match state	B_span17	305 match states in the model
B_span17	204	224	HMM match state	B_span17	305 match states in the model
B_span17	205	225	HMM match state	B_span17	305 match states in the model
B_span17	206	226	HMM match state	B_span17	305 match states in the model
B_span17	207	227	HMM match state	B_span17	305 match states in the model
B_span17	208	228	HMM match state	B_span17	305 match states in the model
B_span17	209	229	HMM match state	B_span17	305 match states in the model
B_span17	210	230	HMM match state	B_span17	305 match states in the model
B_span17	211	231	HMM match state	B_span17	305 match states in the model
B_span17	212	232	HMM match state	B_span17	305 match states in the model
B_span17	213	233	HMM match state	B_span17	305 match states in the model
B_span17	214	234	HMM match state	B_span17	305 match states in the model
B_span17	215	235	HMM match state	B_span17	305 match states in the model
B_span17	216	295	HMM match state	B_span17	305 match states in the model
B_span17	217	296	HMM match state	B_span17	305 match states in the model
B_span17	218	297	HMM match state	B_span17	305 match states in the model
B_span17	219	298	HMM match state	B_span17	305 match states in the model
B_span17	220	299	HMM match state	B_span17	305 match states in the model
B_span17	221	300	HMM match state	B_span17	305 match states in the model
B_span17	222	301	HMM match state	B_span17	305 match states in the model
B_span17	223	302	HMM match state	B_span17	305 match states in the model
B_span17	224	303	HMM match state	B_span17	305 match states in the model
B_span17	225	304	HMM match state	B_span17	305 match states in the model
B_span17	226	305	HMM match state	B_span17	305 match states in the model
B_span17	227	306	HMM match state	B_span17	305 match states in the model
B_span17	228	307	HMM match state	B_span17	305 match states in the model
B_span17	229	308	HMM match state	B_span17	305 match states in the model
B_span17	230	309	HMM match state	B_span17	305 match states in the model
B_span17	231	310	HMM match state	B_span17	305 match states in the model
B_span17	232	311	HMM match state	B_span17	305 match states in the model
B_span17	233	312	HMM match state	B_span17	305 match states in the model
B_span17	234	313	HMM match state	B_span17	305 match states in the model
B_span17	235	314	HMM match state	B_span17	305 match states in the model
B_span17	236	316	HMM match state	B_span17	305 match states in the model
B_span17	237	317	HMM match state	B_span17	305 match states in the model
B_span17	238	318	HMM match state	B_span17	305 match states in the model
B_span17	239	319	HMM match state	B_span17	305 match states in the model
B_span17	240	320	HMM match state	B_span17	305 match states in the model
B_span17	241	321	HMM match state	B_span17	305 match states in the model
B_span17	242	322	HMM match state	B_span17	305 match states in the model
B_span17	243	323	HMM match state	B_span17	305 match states in the model
B_span17	244	324	HMM match state	B_span17	305 match states in the model
B_span17	245	325	HMM match state	B_span17	305 match states in the model
B_span17	246	326	HMM match state	B_span17	305 match states in the model
B_span17	247	327	HMM match state	B_span17	305 match states in the model
B_span17	248	328	HMM match state	B_span17	305 match states in the model
B_span17	249	329	HMM match state	B_span17	305 match states in the model
B_span17	250	330	HMM match state	B_span17	305 match states in the model
B_span17	251	331	HMM match state	B_span17	305 match states in the model
B_span17	252	332	HMM match state	B_span17	305 match states in the model
B_span17	253	333	HMM match state	B_span17	305 match states in the model
B_span17	254	335	HMM match state	B_span17	305 match states in the model
B_span17	255	336	HMM match state	B_span17	305 match states in the model
B_span17	256	337	HMM match state	B_span17	305 match states in the model
B_span17	257	338	HMM match state	B_span17	305 match states in the model
B_span17	258	339	HMM match state	B_span17	305 match states in the model
B_span17	259	340	HMM match state	B_span17	305 match states in the model
B_span17	260	341	HMM match state	B_span17	305 match states in the model
B_span17	261	342	HMM match state	B_span17	305 match states in the model
B_span17	262	343	HMM match state	B_span17	305 match states in the model
B_span17	263	344	HMM match state	B_span17	305 match states in the model
B_span17	264	345	HMM match state	B_span17	305 match states in the model
B_span17	265	346	HMM match state	B_span17	305 match states in the model
B_span17	266	347	HMM match state	B_span17	305 match states in the model
B_span17	267	348	HMM match state	B_span17	305 match states in the model
B_span17	268	349	HMM match state	B_span17	305 match states in the model
B_span17	269	350	HMM match state	B_span17	305 match states in the model
B_span17	270	351	HMM match state	B_span17	305 match states in the model
B_span17	271	352	HMM match state	B_span17	305 match states in the model
B_span17	272	353	HMM match state	B_span17	305 match states in the model
B_span17	273	354	HMM match state	B_span17	305 match states in the model
B_span17	274	355	HMM match state	B_span17	305 match states in the model
B_span17	275	356	HMM match state	B_span17	305 match states in the model
B_span17	276	357	HMM match state	B_span17	305 match states in the model
B_span17	277	358	HMM match state	B_span17	305 match states in the model
B_span17	278	359	HMM match state	B_span17	305 match states in the model
B_span17	279	360	HMM match state	B_span17	305 match states in the model
B_span17	280	361	HMM match state	B_span17	305 match states in the model
B_span17	281	362	HMM match state	B_span17	305 match states in the model
B_span17	282	363	HMM match state	B_span17	305 match states in the model
B_span17	283	364	HMM match state	B_span17	305 match states in the model
B_span17	284	372	HMM match state	B_span17	305 match states in the model
B_span17	285	373	HMM match state	B_span17	305 match states in the model
B_span17	286	374	HMM match state	B_span17	305 match states in the model
B_span17	287	375	HMM match state	B_span17	305 match states in the model
B_span17	288	376	HMM match state	B_span17	305 match states in the model
B_span17	289	377	HMM match state	B_span17	305 match states in the model
B_span17	290	378	HMM match state	B_span17	305 match states in the model
B_span17	291	379	HMM match state	B_span17	305 match states in the model
B_span17	292	380	HMM match state	B_span17	305 match states in the model
B_span17	293	381	HMM match state	B_span17	305 match states in the model
B_span17	294	382	HMM match state	B_span17	305 match states in the model
B_span17	295	383	HMM match state	B_span17	305 match states in the model
B_span17	296	384	HMM match state	B_span17	305 match states in the model
B_span17	297	385	HMM match state	B_span17	305 match states in the model
B_span17	298	386	HMM match state	B_span17	305 match states in the model
A_span17	39	15	HMM match state	A_span17	338 match states in the model
A_span17	40	16	HMM match state	A_span17	338 match states in the model
A_span17	41	17	HMM match state	A_span17	338 match states in the model
A_span17	42	18	HMM match state	A_span17	338 match states in the model
A_span17	43	19	HMM match state	A_span17	338 match states in the model
A_span17	44	20	HMM match state	A_span17	338 match states in the model
A_span17	45	21	HMM match state	A_span17	338 match states in the model
A_span17	46	22	HMM match state	A_span17	338 match states in the model
A_span17	47	23	HMM match state	A_span17	338 match states in the model
A_span17	48	24	HMM match state	A_span17	338 match states in the model
A_span17	49	25	HMM match state	A_span17	338 match states in the model
A_span17	50	26	HMM match state	A_span17	338 match states in the model
A_span17	51	27	HMM match state	A_span17	338 match states in the model
A_span17	52	28	HMM match state	A_span17	338 match states in the model
A_span17	53	29	HMM match state	A_span17	338 match states in the model
A_span17	54	30	HMM match state	A_span17	338 match states in the model
A_span17	55	31	HMM match state	A_span17	338 match states in the model
A_span17	56	32	HMM match state	A_span17	338 match states in the model
A_span17	57	33	HMM match state	A_span17	338 match states in the model
A_span17	58	34	HMM match state	A_span17	338 match states in the model
A_span17	59	39	HMM match state	A_span17	338 match states in the model
A_span17	60	40	HMM match state	A_span17	338 match states in the model
A_span17	61	41	HMM match state	A_span17	338 match states in the model
A_span17	62	42	HMM match state	A_span17	338 match states in the model
A_span17	63	43	HMM match state	A_span17	338 match states in the model
A_span17	64	44	HMM match state	A_span17	338 match states in the model
A_span17	65	45	HMM match state	A_span17	338 match states in the model
A_span17	66	46	HMM match state	A_span17	338 match states in the model
A_span17	67	47	HMM match state	A_span17	338 match states in the model
A_span17	68	48	HMM match state	A_span17	338 match states in the model
A_span17	69	49	HMM match state	A_span17	338 match states in the model
A_span17	70	50	HMM match state	A_span17	338 match states in the model
A_span17	71	51	HMM match state	A_span17	338 match states in the model
A_span17	72	52	HMM match state	A_span17	338 match states in the model
A_span17	73	53	HMM match state	A_span17	338 match states in the model
A_span17	74	54	HMM match state	A_span17	338 match states in the model
A_span17	75	55	HMM match state	A_span17	338 match states in the model
A_span17	76	56	HMM match state	A_span17	338 match states in the model
A_span17	77	57	HMM match state	A_span17	338 match states in the model
A_span17	78	65	HMM match state	A_span17	338 match states in the model
A_span17	79	66	HMM match state	A_span17	338 match states in the model
A_span17	80	67	HMM match state	A_span17	338 match states in the model
A_span17	81	68	HMM match state	A_span17	338 match states in the model
A_span17	82	69	HMM match state	A_span17	338 match states in the model
A_span17	83	70	HMM match state	A_span17	338 match states in the model
A_span17	84	71	HMM match state	A_span17	338 match states in the model
A_span17	85	74	HMM match state	A_span17	338 match states in the model
A_span17	86	75	HMM match state	A_span17	338 match states in the model
A_span17	87	76	HMM match state	A_span17	338 match states in the model
A_span17	88	77	HMM match state	A_span17	338 match states in the model
A_span17	89	78	HMM match state	A_span17	338 match states in the model
A_span17	90	79	HMM match state	A_span17	338 match states in the model
A_span17	91	80	HMM match state	A_span17	338 match states in the model
A_span17	92	81	HMM match state	A_span17	338 match states in the model
A_span17	93	82	HMM match state	A_span17	338 match states in the model
A_span17	94	83	HMM match state	A_span17	338 match states in the model
A_span17	95	84	HMM match state	A_span17	338 match states in the model
A_span17	96	85	HMM match state	A_span17	338 match states in the model
A_span17	97	86	HMM match state	A_span17	338 match states in the model
A_span17	98	87	HMM match state	A_span17	338 match states in the model
A_span17	99	88	HMM match state	A_span17	338 match states in the model
A_span17	100	89	HMM match state	A_span17	338 match states in the model
A_span17	101	90	HMM match state	A_span17	338 match states in the model
A_span17	102	91	HMM match state	A_span17	338 match states in the model
A_span17	103	92	HMM match state	A_span17	338 match states in the model
A_span17	104	93	HMM match state	A_span17	338 match states in the model
A_span17	105	94	HMM match state	A_span17	338 match states in the model
A_span17	106	96	HMM match state	A_span17	338 match states in the model
A_span17	107	97	HMM match state	A_span17	338 match states in the model
A_span17	108	98	HMM match state	A_span17	338 match states in the model
A_span17	109	99	HMM match state	A_span17	338 match states in the model
A_span17	110	100	HMM match state	A_span17	338 match states in the model
A_span17	111	101	HMM match state	A_span17	338 match states in the model
A_span17	112	102	HMM match state	A_span17	338 match states in the model
A_span17	113	103	HMM match state	A_span17	338 match states in the model
A_span17	114	104	HMM match state	A_span17	338 match states in the model
A_span17	115	105	HMM match state	A_span17	338 match states in the model
A_span17	116	106	HMM match state	A_span17	338 match states in the model
A_span17	117	107	HMM match state	A_span17	338 match states in the model
A_span17	118	108	HMM match state	A_span17	338 match states in the model
A_span17	119	109	HMM match state	A_span17	338 match states in the model
A_span17	120	110	HMM match state	A_span17	338 match states in the model
A_span17	121	111	HMM match state	A_span17	338 match states in the model
A_span17	122	112	HMM match state	A_span17	338 match states in the model
A_span17	123	113	HMM match state	A_span17	338 match states in the model
A_span17	124	114	HMM match state	A_span17	338 match states in the model
A_span17	125	115	HMM match state	A_span17	338 match states in the model
A_span17	126	116	HMM match state	A_span17	338 match states in the model
A_span17	127	117	HMM match state	A_span17	338 match states in the model
A_span17	128	118	HMM match state	A_span17	338 match states in the model
A_span17	129	121	HMM match state	A_span17	338 match states in the model
A_span17	130	122	HMM match state	A_span17	338 match states in the model
A_span17	131	123	HMM match state	A_span17	338 match states in the model
A_span17	132	124	HMM match state	A_span17	338 match states in the model
A_span17	133	125	HMM match state	A_span17	338 match states in the model
A_span17	134	126	HMM match state	A_span17	338 match states in the model
A_span17	135	127	HMM match state	A_span17	338 match states in the model
A_span17	136	128	HMM match state	A_span17	338 match states in the model
A_span17	137	129	HMM match state	A_span17	338 match states in the model
A_span17	138	130	HMM match state	A_span17	338 match states in the model
A_span17	139	131	HMM match state	A_span17	338 match states in the model
A_span17	140	132	HMM match state	A_span17	338 match states in the model
A_span17	141	133	HMM match state	A_span17	338 match states in the model
A_span17	142	134	HMM match state	A_span17	338 match states in the model
A_span17	143	135	HMM match state	A_span17	338 match states in the model
A_span17	144	136	HMM match state	A_span17	338 match states in the model
A_span17	145	137	HMM match state	A_span17	338 match states in the model
A_span17	146	138	HMM match state	A_span17	338 match states in the model
A_span17	147	139	HMM match state	A_span17	338 match states in the model
A_span17	148	140	HMM match state	A_span17	338 match states in the model
A_span17	149	141	HMM match state	A_span17	338 match states in the model
A_span17	150	142	HMM match state	A_span17	338 match states in the model
A_span17	151	147	HMM match state	A_span17	338 match states in the model
A_span17	152	148	HMM match state	A_span17	338 match states in the model
A_span17	153	149	HMM match state	A_span17	338 match states in the model
A_span17	154	150	HMM match state	A_span17	338 match states in the model
A_span17	155	151	HMM match state	A_span17	338 match states in the model
A_span17	156	152	HMM match state	A_span17	338 match states in the model
A_span17	157	153	HMM match state	A_span17	338 match states in the model
A_span17	158	154	HMM match state	A_span17	338 match states in the model
A_span17	159	155	HMM match state	A_span17	338 match states in the model
A_span17	160	156	HMM match state	A_span17	338 match states in the model
A_span17	161	157	HMM match state	A_span17	338 match states in the model
A_span17	162	158	HMM match state	A_span17	338 match states in the model
A_span17	163	159	HMM match state	A_span17	338 match states in the model
A_span17	164	160	HMM match state	A_span17	338 match states in the model
A_span17	165	161	HMM match state	A_span17	338 match states in the model
A_span17	166	162	HMM match state	A_span17	338 match states in the model
A_span17	167	163	HMM match state	A_span17	338 match states in the model
A_span17	168	164	HMM match state	A_span17	338 match states in the model
A_span17	169	165	HMM match state	A_span17	338 match states in the model
A_span17	170	166	HMM match state	A_span17	338 match states in the model
A_span17	171	167	HMM match state	A_span17	338 match states in the model
A_span17	172	168	HMM match state	A_span17	338 match states in the model
A_span17	173	169	HMM match state	A_span17	338 match states in the model
A_span17	174	170	HMM match state	A_span17	338 match states in the model
A_span17	175	171	HMM match state	A_span17	338 match states in the model
A_span17	176	172	HMM match state	A_span17	338 match states in the model
A_span17	177	173	HMM match state	A_span17	338 match states in the model
A_span17	178	174	HMM match state	A_span17	338 match states in the model
A_span17	179	175	HMM match state	A_span17	338 match states in the model
A_span17	180	176	HMM match state	A_span17	338 match states in the model
A_span17	181	177	HMM match state	A_span17	338 match states in the model
A_span17	182	178	HMM match state	A_span17	338 match states in the model
A_span17	183	179	HMM match state	A_span17	338 match states in the model
A_span17	184	180	HMM match state	A_span17	338 match states in the model
A_span17	185	181	HMM match state	A_span17	338 match states in the model
A_span17	186	182	HMM match state	A_span17	338 match states in the model
A_span17	187	183	HMM match state	A_span17	338 match states in the model
A_span17	188	184	HMM match state	A_span17	338 match states in the model
A_span17	189	185	HMM match state	A_span17	338 match states in the model
A_span17	190	186	HMM match state	A_span17	338 match states in the model
A_span17	191	187	HMM match state	A_span17	338 match states in the model
A_span17	192	188	HMM match state	A_span17	338 match states in the model
A_span17	193	189	HMM match state	A_span17	338 match states in the model
A_span17	194	190	HMM match state	A_span17	338 match states in the model
A_span17	195	191	HMM match state	A_span17	338 match states in the model
A_span17	196	192	HMM match state	A_span17	338 match states in the model
A_span17	197	193	HMM match state	A_span17	338 match states in the model
A_span17	198	194	HMM match state	A_span17	338 match states in the model
A_span17	199	195	HMM match state	A_span17	338 match states in the model
A_span17	200	196	HMM match state	A_span17	338 match states in the model
A_span17	201	203	HMM match state	A_span17	338 match states in the model
A_span17	202	204	HMM match state	A_span17	338 match states in the model
A_span17	203	205	HMM match state	A_span17	338 match states in the model
A_span17	204	206	HMM match state	A_span17	338 match states in the model
A_span17	205	207	HMM match state	A_span17	338 match states in the model
A_span17	206	208	HMM match state	A_span17	338 match states in the model
A_span17	207	209	HMM match state	A_span17	338 match states in the model
A_span17	208	210	HMM match state	A_span17	338 match states in the model
A_span17	209	211	HMM match state	A_span17	338 match states in the model
A_span17	210	212	HMM match state	A_span17	338 match states in the model
A_span17	211	213	HMM match state	A_span17	338 match states in the model
A_span17	212	214	HMM match state	A_span17	338 match states in the model
A_span17	213	215	HMM match state	A_span17	338 match states in the model
A_span17	214	216	HMM match state	A_span17	338 match states in the model
A_span17	215	217	HMM match state	A_span17	338 match states in the model
A_span17	216	218	HMM match state	A_span17	338 match states in the model
A_span17	217	219	HMM match state	A_span17	338 match states in the model
A_span17	218	220	HMM match state	A_span17	338 match states in the model
A_span17	219	221	HMM match state	A_span17	338 match states in the model
A_span17	220	222	HMM match state	A_span17	338 match states in the model
A_span17	221	223	HMM match state	A_span17	338 match states in the model
A_span17	222	224	HMM match state	A_span17	338 match states in the model
A_span17	223	225	HMM match state	A_span17	338 match states in the model
A_span17	224	226	HMM match state	A_span17	338 match states in the model
A_span17	225	227	HMM match state	A_span17	338 match states in the model
A_span17	226	228	HMM match state	A_span17	338 match states in the model
A_span17	227	229	HMM match state	A_span17	338 match states in the model
A_span17	228	230	HMM match state	A_span17	338 match states in the model
A_span17	229	231	HMM match state	A_span17	338 match states in the model
A_span17	230	232	HMM match state	A_span17	338 match states in the model
A_span17	231	233	HMM match state	A_span17	338 match states in the model
A_span17	232	234	HMM match state	A_span17	338 match states in the model
A_span17	233	235	HMM match state	A_span17	338 match states in the model
A_span17	234	295	HMM match state	A_span17	338 match states in the model
A_span17	235	296	HMM match state	A_span17	338 match states in the model
A_span17	236	297	HMM match state	A_span17	338 match states in the model
A_span17	237	298	HMM match state	A_span17	338 match states in the model
A_span17	238	299	HMM match state	A_span17	338 match states in the model
A_span17	239	300	HMM match state	A_span17	338 match states in the model
A_span17	240	301	HMM match state	A_span17	338 match states in the model
A_span17	241	302	HMM match state	A_span17	338 match states in the model
A_span17	242	303	HMM match state	A_span17	338 match states in the model
A_span17	243	304	HMM match state	A_span17	338 match states in the model
A_span17	244	305	HMM match state	A_span17	338 match states in the model
A_span17	245	306	HMM match state	A_span17	338 match states in the model
A_span17	246	307	HMM match state	A_span17	338 match states in the model
A_span17	247	308	HMM match state	A_span17	338 match states in the model
A_span17	248	309	HMM match state	A_span17	338 match states in the model
A_span17	249	310	HMM match state	A_span17	338 match states in the model
A_span17	250	311	HMM match state	A_span17	338 match states in the model
A_span17	251	312	HMM match state	A_span17	338 match states in the model
A_span17	252	313	HMM match state	A_span17	338 match states in the model
A_span17	253	314	HMM match state	A_span17	338 match states in the model
A_span17	254	315	HMM match state	A_span17	338 match states in the model
A_span17	255	316	HMM match state	A_span17	338 match states in the model
A_span17	256	317	HMM match state	A_span17	338 match states in the model
A_span17	257	318	HMM match state	A_span17	338 match states in the model
A_span17	258	319	HMM match state	A_span17	338 match states in the model
A_span17	259	320	HMM match state	A_span17	338 match states in the model
A_span17	260	321	HMM match state	A_span17	338 match states in the model
A_span17	261	322	HMM match state	A_span17	338 match states in the model
A_span17	262	323	HMM match state	A_span17	338 match states in the model
A_span17	263	324	HMM match state	A_span17	338 match states in the model
A_span17	264	325	HMM match state	A_span17	338 match states in the model
A_span17	265	326	HMM match state	A_span17	338 match states in the model
A_span17	266	327	HMM match state	A_span17	338 match states in the model
A_span17	267	328	HMM match state	A_span17	338 match states in the model
A_span17	268	329	HMM match state	A_span17	338 match states in the model
A_span17	269	330	HMM match state	A_span17	338 match states in the model
A_span17	270	331	HMM match state	A_span17	338 match states in the model
A_span17	271	332	HMM match state	A_span17	338 match states in the model
A_span17	272	334	HMM match state	A_span17	338 match states in the model
A_span17	273	335	HMM match state	A_span17	338 match states in the model
A_span17	274	336	HMM match state	A_span17	338 match states in the model
A_span17	275	337	HMM match state	A_span17	338 match states in the model
A_span17	276	338	HMM match state	A_span17	338 match states in the model
A_span17	277	339	HMM match state	A_span17	338 match states in the model
A_span17	278	340	HMM match state	A_span17	338 match states in the model
A_span17	279	341	HMM match state	A_span17	338 match states in the model
A_span17	280	342	HMM match state	A_span17	338 match states in the model
A_span17	281	343	HMM match state	A_span17	338 match states in the model
A_span17	282	344	HMM match state	A_span17	338 match states in the model
A_span17	283	345	HMM match state	A_span17	338 match states in the model
A_span17	284	346	HMM match state	A_span17	338 match states in the model
A_span17	285	347	HMM match state	A_span17	338 match states in the model
A_span17	286	348	HMM match state	A_span17	338 match states in the model
A_span17	287	349	HMM match state	A_span17	338 match states in the model
A_span17	288	350	HMM match state	A_span17	338 match states in the model
A_span17	289	351	HMM match state	A_span17	338 match states in the model
A_span17	290	352	HMM match state	A_span17	338 match states in the model
A_span17	291	353	HMM match state	A_span17	338 match states in the model
A_span17	292	354	HMM match state	A_span17	338 match states in the model
A_span17	293	355	HMM match state	A_span17	338 match states in the model
A_span17	294	356	HMM match state	A_span17	338 match states in the model
A_span17	295	357	HMM match state	A_span17	338 match states in the model
A_span17	296	358	HMM match state	A_span17	338 match states in the model
A_span17	297	359	HMM match state	A_span17	338 match states in the model
A_span17	298	360	HMM match state	A_span17	338 match states in the model
A_span17	299	361	HMM match state	A_span17	338 match states in the model
A_span17	300	362	HMM match state	A_span17	338 match states in the model
A_span17	301	363	HMM match state	A_span17	338 match states in the model
A_span17	302	364	HMM match state	A_span17	338 match states in the model
A_span17	303	372	HMM match state	A_span17	338 match states in the model
A_span17	304	373	HMM match state	A_span17	338 match states in the model
A_span17	305	374	HMM match state	A_span17	338 match states in the model
A_span17	306	375	HMM match state	A_span17	338 match states in the model
A_span17	307	376	HMM match state	A_span17	338 match states in the model
A_span17	308	377	HMM match state	A_span17	338 match states in the model
A_span17	309	378	HMM match state	A_span17	338 match states in the model
A_span17	310	379	HMM match state	A_span17	338 match states in the model
A_span17	311	380	HMM match state	A_span17	338 match states in the model
A_span17	312	381	HMM match state	A_span17	338 match states in the model
A_span17	313	382	HMM match state	A_span17	338 match states in the model
A_span17	314	394	HMM match state	A_span17	338 match states in the model
A_span17	315	395	HMM match state	A_span17	338 match states in the model
A_span17	316	396	HMM match state	A_span17	338 match states in the model
A_span17	317	397	HMM match state	A_span17	338 match states in the model
A_span17	318	398	HMM match state	A_span17	338 match states in the model
A_span17	319	399	HMM match state	A_span17	338 match states in the model
A_span17	320	400	HMM match state	A_span17	338 match states in the model
A_span17	321	401	HMM match state	A_span17	338 match states in the model
A_span17	322	406	HMM match state	A_span17	338 match states in the model
A_span17	323	407	HMM match state	A_span17	338 match states in the model
A_span17	324	408	HMM match state	A_span17	338 match states in the model
A_span17	325	409	HMM match state	A_span17	338 match states in the model
A_span17	326	410	HMM match state	A_span17	338 match states in the model
A_span17	327	411	HMM match state	A_span17	338 match states in the model
A_span17	328	412	HMM match state	A_span17	338 match states in the model
A_span17	329	413	HMM match state	A_span17	338 match states in the model
A_span17	330	414	HMM match state	A_span17	338 match states in the model
B_full	13	25	HMM match state	B_full	376 match states in the model
B_full	14	26	HMM match state	B_full	376 match states in the model
B_full	15	27	HMM match state	B_full	376 match states in the model
B_full	16	28	HMM match state	B_full	376 match states in the model
B_full	17	29	HMM match state	B_full	376 match states in the model
B_full	18	30	HMM match state	B_full	376 match states in the model
B_full	19	31	HMM match state	B_full	376 match states in the model
B_full	20	37	HMM match state	B_full	376 match states in the model
B_full	21	38	HMM match state	B_full	376 match states in the model
B_full	22	39	HMM match state	B_full	376 match states in the model
B_full	23	40	HMM match state	B_full	376 match states in the model
B_full	24	41	HMM match state	B_full	376 match states in the model
B_full	25	42	HMM match state	B_full	376 match states in the model
B_full	26	43	HMM match state	B_full	376 match states in the model
B_full	27	44	HMM match state	B_full	376 match states in the model
B_full	28	45	HMM match state	B_full	376 match states in the model
B_full	29	46	HMM match state	B_full	376 match states in the model
B_full	30	47	HMM match state	B_full	376 match states in the model
B_full	31	48	HMM match state	B_full	376 match states in the model
B_full	32	49	HMM match state	B_full	376 match states in the model
B_full	33	50	HMM match state	B_full	376 match states in the model
B_full	34	51	HMM match state	B_full	376 match states in the model
B_full	35	52	HMM match state	B_full	376 match states in the model
B_full	37	53	HMM match state	B_full	376 match states in the model
B_full	38	54	HMM match state	B_full	376 match states in the model
B_full	39	55	HMM match state	B_full	376 match states in the model
B_full	40	56	HMM match state	B_full	376 match states in the model
B_full	41	65	HMM match state	B_full	376 match states in the model
B_full	42	66	HMM match state	B_full	376 match states in the model
B_full	43	67	HMM match state	B_full	376 match states in the model
B_full	44	68	HMM match state	B_full	376 match states in the model
B_full	45	69	HMM match state	B_full	376 match states in the model
B_full	46	70	HMM match state	B_full	376 match states in the model
B_full	47	71	HMM match state	B_full	376 match states in the model
B_full	48	72	HMM match state	B_full	376 match states in the model
B_full	49	73	HMM match state	B_full	376 match states in the model
B_full	50	74	HMM match state	B_full	376 match states in the model
B_full	51	75	HMM match state	B_full	376 match states in the model
B_full	52	76	HMM match state	B_full	376 match states in the model
B_full	53	77	HMM match state	B_full	376 match states in the model
B_full	54	78	HMM match state	B_full	376 match states in the model
B_full	55	79	HMM match state	B_full	376 match states in the model
B_full	56	80	HMM match state	B_full	376 match states in the model
B_full	57	81	HMM match state	B_full	376 match states in the model
B_full	58	82	HMM match state	B_full	376 match states in the model
B_full	59	83	HMM match state	B_full	376 match states in the model
B_full	60	84	HMM match state	B_full	376 match states in the model
B_full	61	85	HMM match state	B_full	376 match states in the model
B_full	62	86	HMM match state	B_full	376 match states in the model
B_full	63	87	HMM match state	B_full	376 match states in the model
B_full	64	88	HMM match state	B_full	376 match states in the model
B_full	65	89	HMM match state	B_full	376 match states in the model
B_full	66	90	HMM match state	B_full	376 match states in the model
B_full	67	91	HMM match state	B_full	376 match states in the model
B_full	68	92	HMM match state	B_full	376 match states in the model
B_full	69	93	HMM match state	B_full	376 match states in the model
B_full	70	95	HMM match state	B_full	376 match states in the model
B_full	71	96	HMM match state	B_full	376 match states in the model
B_full	72	97	HMM match state	B_full	376 match states in the model
B_full	73	98	HMM match state	B_full	376 match states in the model
B_full	74	99	HMM match state	B_full	376 match states in the model
B_full	75	100	HMM match state	B_full	376 match states in the model
B_full	76	101	HMM match state	B_full	376 match states in the model
B_full	77	102	HMM match state	B_full	376 match states in the model
B_full	78	103	HMM match state	B_full	376 match states in the model
B_full	79	104	HMM match state	B_full	376 match states in the model
B_full	80	105	HMM match state	B_full	376 match states in the model
B_full	81	106	HMM match state	B_full	376 match states in the model
B_full	82	107	HMM match state	B_full	376 match states in the model
B_full	83	108	HMM match state	B_full	376 match states in the model
B_full	84	109	HMM match state	B_full	376 match states in the model
B_full	85	110	HMM match state	B_full	376 match states in the model
B_full	86	111	HMM match state	B_full	376 match states in the model
B_full	87	112	HMM match state	B_full	376 match states in the model
B_full	88	113	HMM match state	B_full	376 match states in the model
B_full	89	114	HMM match state	B_full	376 match states in the model
B_full	90	115	HMM match state	B_full	376 match states in the model
B_full	91	116	HMM match state	B_full	376 match states in the model
B_full	92	117	HMM match state	B_full	376 match states in the model
B_full	93	118	HMM match state	B_full	376 match states in the model
B_full	94	119	HMM match state	B_full	376 match states in the model
B_full	95	120	HMM match state	B_full	376 match states in the model
B_full	96	121	HMM match state	B_full	376 match states in the model
B_full	97	122	HMM match state	B_full	376 match states in the model
B_full	98	123	HMM match state	B_full	376 match states in the model
B_full	99	124	HMM match state	B_full	376 match states in the model
B_full	100	125	HMM match state	B_full	376 match states in the model
B_full	101	126	HMM match state	B_full	376 match states in the model
B_full	102	127	HMM match state	B_full	376 match states in the model
B_full	103	128	HMM match state	B_full	376 match states in the model
B_full	104	129	HMM match state	B_full	376 match states in the model
B_full	105	130	HMM match state	B_full	376 match states in the model
B_full	106	131	HMM match state	B_full	376 match states in the model
B_full	107	132	HMM match state	B_full	376 match states in the model
B_full	108	133	HMM match state	B_full	376 match states in the model
B_full	109	134	HMM match state	B_full	376 match states in the model
B_full	110	135	HMM match state	B_full	376 match states in the model
B_full	111	136	HMM match state	B_full	376 match states in the model
B_full	112	137	HMM match state	B_full	376 match states in the model
B_full	113	138	HMM match state	B_full	376 match states in the model
B_full	114	139	HMM match state	B_full	376 match states in the model
B_full	115	140	HMM match state	B_full	376 match states in the model
B_full	116	141	HMM match state	B_full	376 match states in the model
B_full	117	142	HMM match state	B_full	376 match states in the model
B_full	118	143	HMM match state	B_full	376 match states in the model
B_full	119	144	HMM match state	B_full	376 match states in the model
B_full	120	145	HMM match state	B_full	376 match states in the model
B_full	121	146	HMM match state	B_full	376 match states in the model
B_full	122	147	HMM match state	B_full	376 match states in the model
B_full	123	148	HMM match state	B_full	376 match states in the model
B_full	124	149	HMM match state	B_full	376 match states in the model
B_full	125	150	HMM match state	B_full	376 match states in the model
B_full	126	151	HMM match state	B_full	376 match states in the model
B_full	128	152	HMM match state	B_full	376 match states in the model
B_full	129	153	HMM match state	B_full	376 match states in the model
B_full	130	154	HMM match state	B_full	376 match states in the model
B_full	131	155	HMM match state	B_full	376 match states in the model
B_full	132	156	HMM match state	B_full	376 match states in the model
B_full	133	157	HMM match state	B_full	376 match states in the model
B_full	134	158	HMM match state	B_full	376 match states in the model
B_full	135	159	HMM match state	B_full	376 match states in the model
B_full	136	160	HMM match state	B_full	376 match states in the model
B_full	137	161	HMM match state	B_full	376 match states in the model
B_full	138	162	HMM match state	B_full	376 match states in the model
B_full	139	163	HMM match state	B_full	376 match states in the model
B_full	140	164	HMM match state	B_full	376 match states in the model
B_full	141	165	HMM match state	B_full	376 match states in the model
B_full	142	166	HMM match state	B_full	376 match states in the model
B_full	143	167	HMM match state	B_full	376 match states in the model
B_full	144	168	HMM match state	B_full	376 match states in the model
B_full	145	169	HMM match state	B_full	376 match states in the model
B_full	146	170	HMM match state	B_full	376 match states in the model
B_full	147	171	HMM match state	B_full	376 match states in the model
B_full	148	172	HMM match state	B_full	376 match states in the model
B_full	149	173	HMM match state	B_full	376 match states in the model
B_full	150	174	HMM match state	B_full	376 match states in the model
B_full	151	175	HMM match state	B_full	376 match states in the model
B_full	152	176	HMM match state	B_full	376 match states in the model
B_full	153	177	HMM match state	B_full	376 match states in the model
B_full	154	178	HMM match state	B_full	376 match states in the model
B_full	155	179	HMM match state	B_full	376 match states in the model
B_full	156	180	HMM match state	B_full	376 match states in the model
B_full	157	181	HMM match state	B_full	376 match states in the model
B_full	158	182	HMM match state	B_full	376 match states in the model
B_full	159	183	HMM match state	B_full	376 match states in the model
B_full	160	184	HMM match state	B_full	376 match states in the model
B_full	161	185	HMM match state	B_full	376 match states in the model
B_full	162	186	HMM match state	B_full	376 match states in the model
B_full	163	187	HMM match state	B_full	376 match states in the model
B_full	164	188	HMM match state	B_full	376 match states in the model
B_full	165	189	HMM match state	B_full	376 match states in the model
B_full	166	190	HMM match state	B_full	376 match states in the model
B_full	167	191	HMM match state	B_full	376 match states in the model
B_full	168	192	HMM match state	B_full	376 match states in the model
B_full	169	193	HMM match state	B_full	376 match states in the model
B_full	170	194	HMM match state	B_full	376 match states in the model
B_full	171	195	HMM match state	B_full	376 match states in the model
B_full	172	196	HMM match state	B_full	376 match states in the model
B_full	173	197	HMM match state	B_full	376 match states in the model
B_full	174	204	HMM match state	B_full	376 match states in the model
B_full	175	205	HMM match state	B_full	376 match states in the model
B_full	176	206	HMM match state	B_full	376 match states in the model
B_full	177	207	HMM match state	B_full	376 match states in the model
B_full	178	208	HMM match state	B_full	376 match states in the model
B_full	179	209	HMM match state	B_full	376 match states in the model
B_full	180	210	HMM match state	B_full	376 match states in the model
B_full	181	211	HMM match state	B_full	376 match states in the model
B_full	182	212	HMM match state	B_full	376 match states in the model
B_full	183	213	HMM match state	B_full	376 match states in the model
B_full	184	214	HMM match state	B_full	376 match states in the model
B_full	185	215	HMM match state	B_full	376 match states in the model
B_full	186	216	HMM match state	B_full	376 match states in the model
B_full	187	217	HMM match state	B_full	376 match states in the model
B_full	188	218	HMM match state	B_full	376 match states in the model
B_full	189	219	HMM match state	B_full	376 match states in the model
B_full	190	220	HMM match state	B_full	376 match states in the model
B_full	191	221	HMM match state	B_full	376 match states in the model
B_full	192	222	HMM match state	B_full	376 match states in the model
B_full	193	223	HMM match state	B_full	376 match states in the model
B_full	194	224	HMM match state	B_full	376 match states in the model
B_full	195	225	HMM match state	B_full	376 match states in the model
B_full	196	226	HMM match state	B_full	376 match states in the model
B_full	197	227	HMM match state	B_full	376 match states in the model
B_full	198	228	HMM match state	B_full	376 match states in the model
B_full	199	229	HMM match state	B_full	376 match states in the model
B_full	200	230	HMM match state	B_full	376 match states in the model
B_full	201	231	HMM match state	B_full	376 match states in the model
B_full	202	232	HMM match state	B_full	376 match states in the model
B_full	203	233	HMM match state	B_full	376 match states in the model
B_full	204	234	HMM match state	B_full	376 match states in the model
B_full	205	235	HMM match state	B_full	376 match states in the model
B_full	206	295	HMM match state	B_full	376 match states in the model
B_full	207	296	HMM match state	B_full	376 match states in the model
B_full	208	297	HMM match state	B_full	376 match states in the model
B_full	209	298	HMM match state	B_full	376 match states in the model
B_full	210	299	HMM match state	B_full	376 match states in the model
B_full	211	300	HMM match state	B_full	376 match states in the model
B_full	212	301	HMM match state	B_full	376 match states in the model
B_full	213	302	HMM match state	B_full	376 match states in the model
B_full	214	303	HMM match state	B_full	376 match states in the model
B_full	215	304	HMM match state	B_full	376 match states in the model
B_full	216	305	HMM match state	B_full	376 match states in the model
B_full	217	306	HMM match state	B_full	376 match states in the model
B_full	218	307	HMM match state	B_full	376 match states in the model
B_full	219	308	HMM match state	B_full	376 match states in the model
B_full	220	309	HMM match state	B_full	376 match states in the model
B_full	221	310	HMM match state	B_full	376 match states in the model
B_full	222	311	HMM match state	B_full	376 match states in the model
B_full	223	312	HMM match state	B_full	376 match states in the model
B_full	224	313	HMM match state	B_full	376 match states in the model
B_full	225	314	HMM match state	B_full	376 match states in the model
B_full	226	316	HMM match state	B_full	376 match states in the model
B_full	227	317	HMM match state	B_full	376 match states in the model
B_full	228	318	HMM match state	B_full	376 match states in the model
B_full	229	319	HMM match state	B_full	376 match states in the model
B_full	230	320	HMM match state	B_full	376 match states in the model
B_full	231	321	HMM match state	B_full	376 match states in the model
B_full	232	322	HMM match state	B_full	376 match states in the model
B_full	233	323	HMM match state	B_full	376 match states in the model
B_full	234	324	HMM match state	B_full	376 match states in the model
B_full	235	325	HMM match state	B_full	376 match states in the model
B_full	236	326	HMM match state	B_full	376 match states in the model
B_full	237	327	HMM match state	B_full	376 match states in the model
B_full	238	328	HMM match state	B_full	376 match states in the model
B_full	239	329	HMM match state	B_full	376 match states in the model
B_full	240	330	HMM match state	B_full	376 match states in the model
B_full	241	331	HMM match state	B_full	376 match states in the model
B_full	242	332	HMM match state	B_full	376 match states in the model
B_full	243	333	HMM match state	B_full	376 match states in the model
B_full	244	335	HMM match state	B_full	376 match states in the model
B_full	245	336	HMM match state	B_full	376 match states in the model
B_full	246	337	HMM match state	B_full	376 match states in the model
B_full	247	338	HMM match state	B_full	376 match states in the model
B_full	248	339	HMM match state	B_full	376 match states in the model
B_full	249	340	HMM match state	B_full	376 match states in the model
B_full	250	341	HMM match state	B_full	376 match states in the model
B_full	251	342	HMM match state	B_full	376 match states in the model
B_full	252	343	HMM match state	B_full	376 match states in the model
B_full	253	344	HMM match state	B_full	376 match states in the model
B_full	254	345	HMM match state	B_full	376 match states in the model
B_full	255	346	HMM match state	B_full	376 match states in the model
B_full	256	347	HMM match state	B_full	376 match states in the model
B_full	257	348	HMM match state	B_full	376 match states in the model
B_full	258	349	HMM match state	B_full	376 match states in the model
B_full	259	350	HMM match state	B_full	376 match states in the model
B_full	260	351	HMM match state	B_full	376 match states in the model
B_full	261	352	HMM match state	B_full	376 match states in the model
B_full	262	353	HMM match state	B_full	376 match states in the model
B_full	263	354	HMM match state	B_full	376 match states in the model
B_full	264	355	HMM match state	B_full	376 match states in the model
B_full	265	356	HMM match state	B_full	376 match states in the model
B_full	266	357	HMM match state	B_full	376 match states in the model
B_full	267	358	HMM match state	B_full	376 match states in the model
B_full	268	359	HMM match state	B_full	376 match states in the model
B_full	269	360	HMM match state	B_full	376 match states in the model
B_full	270	361	HMM match state	B_full	376 match states in the model
B_full	271	362	HMM match state	B_full	376 match states in the model
B_full	272	363	HMM match state	B_full	376 match states in the model
B_full	273	364	HMM match state	B_full	376 match states in the model
B_full	274	372	HMM match state	B_full	376 match states in the model
B_full	275	373	HMM match state	B_full	376 match states in the model
B_full	276	374	HMM match state	B_full	376 match states in the model
B_full	277	375	HMM match state	B_full	376 match states in the model
B_full	278	376	HMM match state	B_full	376 match states in the model
B_full	279	377	HMM match state	B_full	376 match states in the model
B_full	280	378	HMM match state	B_full	376 match states in the model
B_full	281	379	HMM match state	B_full	376 match states in the model
B_full	282	391	HMM match state	B_full	376 match states in the model
B_full	283	392	HMM match state	B_full	376 match states in the model
B_full	284	393	HMM match state	B_full	376 match states in the model
B_full	285	394	HMM match state	B_full	376 match states in the model
B_full	286	395	HMM match state	B_full	376 match states in the model
B_full	287	396	HMM match state	B_full	376 match states in the model
B_full	288	397	HMM match state	B_full	376 match states in the model
B_full	289	398	HMM match state	B_full	376 match states in the model
B_full	290	399	HMM match state	B_full	376 match states in the model
B_full	291	400	HMM match state	B_full	376 match states in the model
B_full	292	401	HMM match state	B_full	376 match states in the model
B_full	293	417	HMM match state	B_full	376 match states in the model
B_full	294	418	HMM match state	B_full	376 match states in the model
B_full	295	419	HMM match state	B_full	376 match states in the model
B_full	296	420	HMM match state	B_full	376 match states in the model
B_full	297	421	HMM match state	B_full	376 match states in the model
B_full	298	422	HMM match state	B_full	376 match states in the model
B_full	299	423	HMM match state	B_full	376 match states in the model
B_full	300	424	HMM match state	B_full	376 match states in the model
B_full	301	425	HMM match state	B_full	376 match states in the model
B_full	302	426	HMM match state	B_full	376 match states in the model
B_full	303	427	HMM match state	B_full	376 match states in the model
B_full	304	428	HMM match state	B_full	376 match states in the model
B_full	305	429	HMM match state	B_full	376 match states in the model
B_full	306	430	HMM match state	B_full	376 match states in the model
B_full	307	431	HMM match state	B_full	376 match states in the model
B_full	312	432	HMM match state	B_full	376 match states in the model
B_full	313	433	HMM match state	B_full	376 match states in the model
B_full	314	434	HMM match state	B_full	376 match states in the model
B_full	315	435	HMM match state	B_full	376 match states in the model
B_full	316	436	HMM match state	B_full	376 match states in the model
B_full	317	437	HMM match state	B_full	376 match states in the model
B_full	318	438	HMM match state	B_full	376 match states in the model
B_full	319	439	HMM match state	B_full	376 match states in the model
B_full	320	440	HMM match state	B_full	376 match states in the model
B_full	321	441	HMM match state	B_full	376 match states in the model
B_full	322	442	HMM match state	B_full	376 match states in the model
B_full	323	443	HMM match state	B_full	376 match states in the model
B_full	324	450	HMM match state	B_full	376 match states in the model
B_full	328	451	HMM match state	B_full	376 match states in the model
B_full	329	452	HMM match state	B_full	376 match states in the model
B_full	331	453	HMM match state	B_full	376 match states in the model
B_full	332	454	HMM match state	B_full	376 match states in the model
B_full	336	455	HMM match state	B_full	376 match states in the model
B_full	337	468	HMM match state	B_full	376 match states in the model
B_full	338	469	HMM match state	B_full	376 match states in the model
B_full	339	470	HMM match state	B_full	376 match states in the model
B_full	340	471	HMM match state	B_full	376 match states in the model
B_full	341	472	HMM match state	B_full	376 match states in the model
B_full	342	473	HMM match state	B_full	376 match states in the model
B_full	343	474	HMM match state	B_full	376 match states in the model
B_full	344	475	HMM match state	B_full	376 match states in the model
B_full	345	476	HMM match state	B_full	376 match states in the model
B_full	346	477	HMM match state	B_full	376 match states in the model
B_full	347	478	HMM match state	B_full	376 match states in the model
B_full	348	479	HMM match state	B_full	376 match states in the model
B_full	349	480	HMM match state	B_full	376 match states in the model
B_full	350	481	HMM match state	B_full	376 match states in the model
B_full	355	482	HMM match state	B_full	376 match states in the model
B_full	356	533	HMM match state	B_full	376 match states in the model
B_full	357	534	HMM match state	B_full	376 match states in the model
B_full	358	535	HMM match state	B_full	376 match states in the model
B_full	359	536	HMM match state	B_full	376 match states in the model
B_full	360	537	HMM match state	B_full	376 match states in the model
B_full	361	538	HMM match state	B_full	376 match states in the model
B_full	362	539	HMM match state	B_full	376 match states in the model
B_full	363	540	HMM match state	B_full	376 match states in the model
RETRON_SEED	79	61	HMM match state	RETRON_SEED	440 match states in the model
RETRON_SEED	80	62	HMM match state	RETRON_SEED	440 match states in the model
RETRON_SEED	81	63	HMM match state	RETRON_SEED	440 match states in the model
RETRON_SEED	82	65	HMM match state	RETRON_SEED	440 match states in the model
RETRON_SEED	83	66	HMM match state	RETRON_SEED	440 match states in the model
RETRON_SEED	84	67	HMM match state	RETRON_SEED	440 match states in the model
RETRON_SEED	85	69	HMM match state	RETRON_SEED	440 match states in the model
RETRON_SEED	86	70	HMM match state	RETRON_SEED	440 match states in the model
RETRON_SEED	87	71	HMM match state	RETRON_SEED	440 match states in the model
RETRON_SEED	88	72	HMM match state	RETRON_SEED	440 match states in the model
RETRON_SEED	89	73	HMM match state	RETRON_SEED	440 match states in the model
RETRON_SEED	90	74	HMM match state	RETRON_SEED	440 match states in the model
RETRON_SEED	91	75	HMM match state	RETRON_SEED	440 match states in the model
RETRON_SEED	92	78	HMM match state	RETRON_SEED	440 match states in the model
RETRON_SEED	93	79	HMM match state	RETRON_SEED	440 match states in the model
RETRON_SEED	94	80	HMM match state	RETRON_SEED	440 match states in the model
RETRON_SEED	95	85	HMM match state	RETRON_SEED	440 match states in the model
RETRON_SEED	96	86	HMM match state	RETRON_SEED	440 match states in the model
RETRON_SEED	97	87	HMM match state	RETRON_SEED	440 match states in the model
RETRON_SEED	98	88	HMM match state	RETRON_SEED	440 match states in the model
RETRON_SEED	99	89	HMM match state	RETRON_SEED	440 match states in the model
RETRON_SEED	100	90	HMM match state	RETRON_SEED	440 match states in the model
RETRON_SEED	101	91	HMM match state	RETRON_SEED	440 match states in the model
RETRON_SEED	102	92	HMM match state	RETRON_SEED	440 match states in the model
RETRON_SEED	103	93	HMM match state	RETRON_SEED	440 match states in the model
RETRON_SEED	104	95	HMM match state	RETRON_SEED	440 match states in the model
RETRON_SEED	105	96	HMM match state	RETRON_SEED	440 match states in the model
RETRON_SEED	106	97	HMM match state	RETRON_SEED	440 match states in the model
RETRON_SEED	107	98	HMM match state	RETRON_SEED	440 match states in the model
RETRON_SEED	108	99	HMM match state	RETRON_SEED	440 match states in the model
RETRON_SEED	109	100	HMM match state	RETRON_SEED	440 match states in the model
RETRON_SEED	110	101	HMM match state	RETRON_SEED	440 match states in the model
RETRON_SEED	111	102	HMM match state	RETRON_SEED	440 match states in the model
RETRON_SEED	112	103	HMM match state	RETRON_SEED	440 match states in the model
RETRON_SEED	113	104	HMM match state	RETRON_SEED	440 match states in the model
RETRON_SEED	114	105	HMM match state	RETRON_SEED	440 match states in the model
RETRON_SEED	115	106	HMM match state	RETRON_SEED	440 match states in the model
RETRON_SEED	116	107	HMM match state	RETRON_SEED	440 match states in the model
RETRON_SEED	117	108	HMM match state	RETRON_SEED	440 match states in the model
RETRON_SEED	118	109	HMM match state	RETRON_SEED	440 match states in the model
RETRON_SEED	119	110	HMM match state	RETRON_SEED	440 match states in the model
RETRON_SEED	120	111	HMM match state	RETRON_SEED	440 match states in the model
RETRON_SEED	121	112	HMM match state	RETRON_SEED	440 match states in the model
RETRON_SEED	122	113	HMM match state	RETRON_SEED	440 match states in the model
RETRON_SEED	123	114	HMM match state	RETRON_SEED	440 match states in the model
RETRON_SEED	125	115	HMM match state	RETRON_SEED	440 match states in the model
RETRON_SEED	126	116	HMM match state	RETRON_SEED	440 match states in the model
RETRON_SEED	127	117	HMM match state	RETRON_SEED	440 match states in the model
RETRON_SEED	128	118	HMM match state	RETRON_SEED	440 match states in the model
RETRON_SEED	129	120	HMM match state	RETRON_SEED	440 match states in the model
RETRON_SEED	130	121	HMM match state	RETRON_SEED	440 match states in the model
RETRON_SEED	131	122	HMM match state	RETRON_SEED	440 match states in the model
RETRON_SEED	132	123	HMM match state	RETRON_SEED	440 match states in the model
RETRON_SEED	133	124	HMM match state	RETRON_SEED	440 match states in the model
RETRON_SEED	134	127	HMM match state	RETRON_SEED	440 match states in the model
RETRON_SEED	135	128	HMM match state	RETRON_SEED	440 match states in the model
RETRON_SEED	136	129	HMM match state	RETRON_SEED	440 match states in the model
RETRON_SEED	137	130	HMM match state	RETRON_SEED	440 match states in the model
RETRON_SEED	138	131	HMM match state	RETRON_SEED	440 match states in the model
RETRON_SEED	139	132	HMM match state	RETRON_SEED	440 match states in the model
RETRON_SEED	140	133	HMM match state	RETRON_SEED	440 match states in the model
RETRON_SEED	141	134	HMM match state	RETRON_SEED	440 match states in the model
RETRON_SEED	142	135	HMM match state	RETRON_SEED	440 match states in the model
RETRON_SEED	143	136	HMM match state	RETRON_SEED	440 match states in the model
RETRON_SEED	144	137	HMM match state	RETRON_SEED	440 match states in the model
RETRON_SEED	145	138	HMM match state	RETRON_SEED	440 match states in the model
RETRON_SEED	146	139	HMM match state	RETRON_SEED	440 match states in the model
RETRON_SEED	147	140	HMM match state	RETRON_SEED	440 match states in the model
RETRON_SEED	148	141	HMM match state	RETRON_SEED	440 match states in the model
RETRON_SEED	149	142	HMM match state	RETRON_SEED	440 match states in the model
RETRON_SEED	150	143	HMM match state	RETRON_SEED	440 match states in the model
RETRON_SEED	151	144	HMM match state	RETRON_SEED	440 match states in the model
RETRON_SEED	152	145	HMM match state	RETRON_SEED	440 match states in the model
RETRON_SEED	153	146	HMM match state	RETRON_SEED	440 match states in the model
RETRON_SEED	154	147	HMM match state	RETRON_SEED	440 match states in the model
RETRON_SEED	155	152	HMM match state	RETRON_SEED	440 match states in the model
RETRON_SEED	156	153	HMM match state	RETRON_SEED	440 match states in the model
RETRON_SEED	157	154	HMM match state	RETRON_SEED	440 match states in the model
RETRON_SEED	158	155	HMM match state	RETRON_SEED	440 match states in the model
RETRON_SEED	159	156	HMM match state	RETRON_SEED	440 match states in the model
RETRON_SEED	160	157	HMM match state	RETRON_SEED	440 match states in the model
RETRON_SEED	161	158	HMM match state	RETRON_SEED	440 match states in the model
RETRON_SEED	162	159	HMM match state	RETRON_SEED	440 match states in the model
RETRON_SEED	163	160	HMM match state	RETRON_SEED	440 match states in the model
RETRON_SEED	164	161	HMM match state	RETRON_SEED	440 match states in the model
RETRON_SEED	165	162	HMM match state	RETRON_SEED	440 match states in the model
RETRON_SEED	166	163	HMM match state	RETRON_SEED	440 match states in the model
RETRON_SEED	167	164	HMM match state	RETRON_SEED	440 match states in the model
RETRON_SEED	168	165	HMM match state	RETRON_SEED	440 match states in the model
RETRON_SEED	169	166	HMM match state	RETRON_SEED	440 match states in the model
RETRON_SEED	170	167	HMM match state	RETRON_SEED	440 match states in the model
RETRON_SEED	171	168	HMM match state	RETRON_SEED	440 match states in the model
RETRON_SEED	172	169	HMM match state	RETRON_SEED	440 match states in the model
RETRON_SEED	173	170	HMM match state	RETRON_SEED	440 match states in the model
RETRON_SEED	174	171	HMM match state	RETRON_SEED	440 match states in the model
RETRON_SEED	175	172	HMM match state	RETRON_SEED	440 match states in the model
RETRON_SEED	176	173	HMM match state	RETRON_SEED	440 match states in the model
RETRON_SEED	177	174	HMM match state	RETRON_SEED	440 match states in the model
RETRON_SEED	178	175	HMM match state	RETRON_SEED	440 match states in the model
RETRON_SEED	179	176	HMM match state	RETRON_SEED	440 match states in the model
RETRON_SEED	180	177	HMM match state	RETRON_SEED	440 match states in the model
RETRON_SEED	181	178	HMM match state	RETRON_SEED	440 match states in the model
RETRON_SEED	184	179	HMM match state	RETRON_SEED	440 match states in the model
RETRON_SEED	185	180	HMM match state	RETRON_SEED	440 match states in the model
RETRON_SEED	186	181	HMM match state	RETRON_SEED	440 match states in the model
RETRON_SEED	187	182	HMM match state	RETRON_SEED	440 match states in the model
RETRON_SEED	188	183	HMM match state	RETRON_SEED	440 match states in the model
RETRON_SEED	189	185	HMM match state	RETRON_SEED	440 match states in the model
RETRON_SEED	190	186	HMM match state	RETRON_SEED	440 match states in the model
RETRON_SEED	191	187	HMM match state	RETRON_SEED	440 match states in the model
RETRON_SEED	192	188	HMM match state	RETRON_SEED	440 match states in the model
RETRON_SEED	193	189	HMM match state	RETRON_SEED	440 match states in the model
RETRON_SEED	194	190	HMM match state	RETRON_SEED	440 match states in the model
RETRON_SEED	195	191	HMM match state	RETRON_SEED	440 match states in the model
RETRON_SEED	196	192	HMM match state	RETRON_SEED	440 match states in the model
RETRON_SEED	197	193	HMM match state	RETRON_SEED	440 match states in the model
RETRON_SEED	198	194	HMM match state	RETRON_SEED	440 match states in the model
RETRON_SEED	199	195	HMM match state	RETRON_SEED	440 match states in the model
RETRON_SEED	201	196	HMM match state	RETRON_SEED	440 match states in the model
RETRON_SEED	202	197	HMM match state	RETRON_SEED	440 match states in the model
RETRON_SEED	203	210	HMM match state	RETRON_SEED	440 match states in the model
RETRON_SEED	204	211	HMM match state	RETRON_SEED	440 match states in the model
RETRON_SEED	205	212	HMM match state	RETRON_SEED	440 match states in the model
RETRON_SEED	206	213	HMM match state	RETRON_SEED	440 match states in the model
RETRON_SEED	207	214	HMM match state	RETRON_SEED	440 match states in the model
RETRON_SEED	208	215	HMM match state	RETRON_SEED	440 match states in the model
RETRON_SEED	209	216	HMM match state	RETRON_SEED	440 match states in the model
RETRON_SEED	210	217	HMM match state	RETRON_SEED	440 match states in the model
RETRON_SEED	211	218	HMM match state	RETRON_SEED	440 match states in the model
RETRON_SEED	212	219	HMM match state	RETRON_SEED	440 match states in the model
RETRON_SEED	213	220	HMM match state	RETRON_SEED	440 match states in the model
RETRON_SEED	214	221	HMM match state	RETRON_SEED	440 match states in the model
RETRON_SEED	215	222	HMM match state	RETRON_SEED	440 match states in the model
RETRON_SEED	216	223	HMM match state	RETRON_SEED	440 match states in the model
RETRON_SEED	217	224	HMM match state	RETRON_SEED	440 match states in the model
RETRON_SEED	218	225	HMM match state	RETRON_SEED	440 match states in the model
RETRON_SEED	219	226	HMM match state	RETRON_SEED	440 match states in the model
RETRON_SEED	220	227	HMM match state	RETRON_SEED	440 match states in the model
RETRON_SEED	221	228	HMM match state	RETRON_SEED	440 match states in the model
RETRON_SEED	222	229	HMM match state	RETRON_SEED	440 match states in the model
RETRON_SEED	223	230	HMM match state	RETRON_SEED	440 match states in the model
RETRON_SEED	224	231	HMM match state	RETRON_SEED	440 match states in the model
RETRON_SEED	225	232	HMM match state	RETRON_SEED	440 match states in the model
RETRON_SEED	226	233	HMM match state	RETRON_SEED	440 match states in the model
RETRON_SEED	227	234	HMM match state	RETRON_SEED	440 match states in the model
RETRON_SEED	228	235	HMM match state	RETRON_SEED	440 match states in the model
RETRON_SEED	229	236	HMM match state	RETRON_SEED	440 match states in the model
RETRON_SEED	230	237	HMM match state	RETRON_SEED	440 match states in the model
RETRON_SEED	231	238	HMM match state	RETRON_SEED	440 match states in the model
RETRON_SEED	232	239	HMM match state	RETRON_SEED	440 match states in the model
RETRON_SEED	233	240	HMM match state	RETRON_SEED	440 match states in the model
RETRON_SEED	234	300	HMM match state	RETRON_SEED	440 match states in the model
RETRON_SEED	235	301	HMM match state	RETRON_SEED	440 match states in the model
RETRON_SEED	236	302	HMM match state	RETRON_SEED	440 match states in the model
RETRON_SEED	237	303	HMM match state	RETRON_SEED	440 match states in the model
RETRON_SEED	238	304	HMM match state	RETRON_SEED	440 match states in the model
RETRON_SEED	239	305	HMM match state	RETRON_SEED	440 match states in the model
RETRON_SEED	240	306	HMM match state	RETRON_SEED	440 match states in the model
RETRON_SEED	241	307	HMM match state	RETRON_SEED	440 match states in the model
RETRON_SEED	242	308	HMM match state	RETRON_SEED	440 match states in the model
RETRON_SEED	243	309	HMM match state	RETRON_SEED	440 match states in the model
RETRON_SEED	244	310	HMM match state	RETRON_SEED	440 match states in the model
RETRON_SEED	245	311	HMM match state	RETRON_SEED	440 match states in the model
RETRON_SEED	246	312	HMM match state	RETRON_SEED	440 match states in the model
RETRON_SEED	247	313	HMM match state	RETRON_SEED	440 match states in the model
RETRON_SEED	248	314	HMM match state	RETRON_SEED	440 match states in the model
RETRON_SEED	249	315	HMM match state	RETRON_SEED	440 match states in the model
RETRON_SEED	250	316	HMM match state	RETRON_SEED	440 match states in the model
RETRON_SEED	251	318	HMM match state	RETRON_SEED	440 match states in the model
RETRON_SEED	252	319	HMM match state	RETRON_SEED	440 match states in the model
RETRON_SEED	253	320	HMM match state	RETRON_SEED	440 match states in the model
RETRON_SEED	254	321	HMM match state	RETRON_SEED	440 match states in the model
RETRON_SEED	255	322	HMM match state	RETRON_SEED	440 match states in the model
RETRON_SEED	256	323	HMM match state	RETRON_SEED	440 match states in the model
RETRON_SEED	257	324	HMM match state	RETRON_SEED	440 match states in the model
RETRON_SEED	258	326	HMM match state	RETRON_SEED	440 match states in the model
RETRON_SEED	259	327	HMM match state	RETRON_SEED	440 match states in the model
RETRON_SEED	260	328	HMM match state	RETRON_SEED	440 match states in the model
RETRON_SEED	261	329	HMM match state	RETRON_SEED	440 match states in the model
RETRON_SEED	262	330	HMM match state	RETRON_SEED	440 match states in the model
RETRON_SEED	263	331	HMM match state	RETRON_SEED	440 match states in the model
RETRON_SEED	264	332	HMM match state	RETRON_SEED	440 match states in the model
RETRON_SEED	265	333	HMM match state	RETRON_SEED	440 match states in the model
RETRON_SEED	266	334	HMM match state	RETRON_SEED	440 match states in the model
RETRON_SEED	267	335	HMM match state	RETRON_SEED	440 match states in the model
RETRON_SEED	268	337	HMM match state	RETRON_SEED	440 match states in the model
RETRON_SEED	269	338	HMM match state	RETRON_SEED	440 match states in the model
RETRON_SEED	270	339	HMM match state	RETRON_SEED	440 match states in the model
RETRON_SEED	271	340	HMM match state	RETRON_SEED	440 match states in the model
RETRON_SEED	272	341	HMM match state	RETRON_SEED	440 match states in the model
RETRON_SEED	273	342	HMM match state	RETRON_SEED	440 match states in the model
RETRON_SEED	274	343	HMM match state	RETRON_SEED	440 match states in the model
RETRON_SEED	275	344	HMM match state	RETRON_SEED	440 match states in the model
RETRON_SEED	276	345	HMM match state	RETRON_SEED	440 match states in the model
RETRON_SEED	277	346	HMM match state	RETRON_SEED	440 match states in the model
RETRON_SEED	278	347	HMM match state	RETRON_SEED	440 match states in the model
RETRON_SEED	279	348	HMM match state	RETRON_SEED	440 match states in the model
RETRON_SEED	280	349	HMM match state	RETRON_SEED	440 match states in the model
RETRON_SEED	281	350	HMM match state	RETRON_SEED	440 match states in the model
RETRON_SEED	282	351	HMM match state	RETRON_SEED	440 match states in the model
RETRON_SEED	283	352	HMM match state	RETRON_SEED	440 match states in the model
RETRON_SEED	284	353	HMM match state	RETRON_SEED	440 match states in the model
RETRON_SEED	285	354	HMM match state	RETRON_SEED	440 match states in the model
RETRON_SEED	286	355	HMM match state	RETRON_SEED	440 match states in the model
RETRON_SEED	287	356	HMM match state	RETRON_SEED	440 match states in the model
RETRON_SEED	288	357	HMM match state	RETRON_SEED	440 match states in the model
RETRON_SEED	289	358	HMM match state	RETRON_SEED	440 match states in the model
RETRON_SEED	290	359	HMM match state	RETRON_SEED	440 match states in the model
RETRON_SEED	291	360	HMM match state	RETRON_SEED	440 match states in the model
RETRON_SEED	292	361	HMM match state	RETRON_SEED	440 match states in the model
RETRON_SEED	293	362	HMM match state	RETRON_SEED	440 match states in the model
RETRON_SEED	294	364	HMM match state	RETRON_SEED	440 match states in the model
RETRON_SEED	295	365	HMM match state	RETRON_SEED	440 match states in the model
RETRON_SEED	296	367	HMM match state	RETRON_SEED	440 match states in the model
RETRON_SEED	297	368	HMM match state	RETRON_SEED	440 match states in the model
RETRON_SEED	298	369	HMM match state	RETRON_SEED	440 match states in the model
RETRON_SEED	299	370	HMM match state	RETRON_SEED	440 match states in the model
RETRON_SEED	300	371	HMM match state	RETRON_SEED	440 match states in the model
