fasta_index	header	key_type	key	s1_row	s1_rt_phylogeny	s1_rt_class	s1_accession	s1_species	aln_len	n_residues	first_col	last_col	n_gap_chars	extract_sha256
1	gi|322417944|ref|YP_004197167.1|_extraction	gi	322417944	131	Group II Intron	g4	YP_004197167.1	Geobacter sp. M18	1466	264	68	1305	1202	ff339bc14fe0bcb6b9547d94fc4ea88af8c0da8d86a5793688762151992b9f51
2	Pe.ca.I3/CP000142.2/2649551..2651540/Pelobacter_extraction	gii_db_name	Pe.ca.I3	132	Group II Intron	g4	ABA89508.1	Pelobacter carbinolicus DSM 2380	1466	264	68	1305	1202	b15b5490c3bfeb19b14cc0477f866b343b1edfe2348cd0352771fa3ae917ab97
3	gi|350554847|ref|ZP_08923874.1|_extraction	gi	350554847	133	Group II Intron	g4	ZP_08923874.1	Thiocystis violascens DSM 198	1466	263	68	1305	1203	93b83c8fd432173d165495c0a9edaab96d91908afdab6d7daf3761a8214bc01f
4	gi|345870111|ref|ZP_08822065.1|_extraction	gi	345870111	134	Group II Intron	g4	ZP_08822065.1	Thiorhodococcus drewsii AZ1	1466	262	68	1305	1204	de56a3102d5212a69a3548cb18b2244580903e5bca4e287b795079eff757a72a
5	cKu.st.I1/CT573074.1/62738..64755/Candidatus_extraction	gii_db_name	cKu.st.I1						1466	257	68	1305	1209	0bbb2facb576855eec06d575a36c180bfa9bf8a1018eb7059c47e90db07e8e4f
6	gi|354960451|dbj|BAL13130.1|_extraction	gi	354960451	130	Group II Intron	g3	BAL13130.1	Bradyrhizobium japonicum USDA 6	1466	261	68	1305	1205	9b0d87df0c01ef2fe3046ff974df961a7d200f6397270027db0d59bc36b3c013
7	Ni.ha.I1/CP000320/75444..77354/Nitrobacter_extraction	gii_db_name	Ni.ha.I1	129	Group II Intron	g3	YP_571595.1  	Nitrobacter hamburgensis X14	1466	261	68	1305	1205	cceb58441cc9c164658139f65c3b6de0e21d02ef63d8e0575e701f0edc2fa75c
8	Afid|115293161|locus|VBIRhiTro150571_4165|_extraction	patric_fid	115293161	128	Group II Intron	g3	AGB73416.1  	Rhizobium tropici CIAT 899 	1466	262	68	1306	1204	cafad33b62b13871e74d3855d85e808ed20d8708f99710449a3dc4655a84163c
9	gi|296163794|ref|ZP_06846488.1|_extraction	gi	296163794	124	Group II Intron	g3	ZP_06846488.1   	Burkholderia sp. Ch1-1	1466	263	68	1305	1203	a37c9951d90c989cbdc2d4e7e0805ca1323b3d9b75a49f93380a0dc6df8c7d5f
10	D.a.I1/CP000089/759875..761862/Dechloromonas_extraction	gii_db_name	D.a.I1	125	Group II Intron	g3	YP_283916.1|	Dechloromonas aromatica RCB	1466	263	68	1305	1203	afcaef99c55fcf4fc3cd64227cfc3152e03446d3f2e9ca3a34dff5d96807526e
11	gi|344200432|ref|YP_004784758.1|_extraction	gi	344200432	126	Group II Intron	g3	YP_004784758.1	Acidithiobacillus ferrivorans SS3	1466	262	68	1305	1204	067d907c53731cefc15849d77d7ffcae4d35ffc2d6f78f48666fe4d93f38ee3f
12	So.us.I2/CP000473/3231872..3233814/Solibacter_extraction	gii_db_name	So.us.I2	144	Group II Intron	g5	ABJ83543.1	Solibacter usitatus  Ellin6076	1466	265	68	1305	1201	65c6adf1875d677f087f0ec828bd86674a24ff172851851de6718a6b35405ea7
13	Ge.ur.I1/CP000698/1525569..1527641/Geobacter_extraction	gii_db_name	Ge.ur.I1	145	Group II Intron	g5	ABQ25493.1	Geobacter uraniireducens Rf4	1466	260	68	1305	1206	c9bb202064acbb3cd5adf890b0f2ba44f574800161e43cd4c492d433f2a21965
14	Pe.th.I2/AP009389/2519125..2521096/Pelotomaculum_extraction	gii_db_name	Pe.th.I2	146	Group II Intron	g5	YP_001212962.1	Pelotomaculum thermopropionicum SI	1466	259	68	1305	1207	90b1f7110d089b2e3e26798437196920a125d0f7605d309e0e90ea39536efe8b
15	S.ag.I2/AE014217/10188..12210/Streptococcus_extraction	gii_db_name	S.ag.I2	150	Group II Intron	Unclassified	AAM99468.1	Streptococcus agalactiae 2603V/R	1466	253	68	1305	1213	ecb91253a010c3bbcacd2b3f5e75095369b5e25ba6ebfa69a1126adbe9e65a14
16	clostridiafid|61054282|locus|VBICloCla155345_1776|_extraction	patric_fid	61054282	149	Group II Intron	Unclassified	YP_005046231.1	Clostridium clariflavum DSM 19732 	1466	255	68	1305	1211	ba3066b5dd9fbe0f306b009414ea1f5075f9a52d7daf46c37f0adf99d9ca8beb
17	clostridiafid|115613588|locus|VBIDehSp228777_0963|_extraction	patric_fid	115613588	151	Group II Intron	Unclassified	AFV04957.1	Dehalobacter sp. CF 	1466	254	68	1305	1212	a1451efced61e2e983b00fb86c3442c2fe43af0316ff0acf875e41d62885b563
18	UA.I4/AY714820/20258..22206/uncultured_archaeon_extraction	gii_db_name	UA.I4	148	Group II Intron	Unclassified	AAU82324.1	uncultured_archaeon GZfos14BS	1466	247	68	1305	1219	c8ab0ea98799f4a1254192a2d249f944910ded6b7e4614171a60e424283334ba
19	clostridiafid|42840809|locus|VBICloCf158569_1553|_extraction	patric_fid	42840809	147	Group II Intron	Unclassified	CBK78644.1	Clostridium cf. saccharolyticum K10 	1466	250	68	1305	1216	d43768a0e4f136b852cf4bb3895466e37e7173dc51e9b317d62652633287f40e
20	My.va.I1/CP000511/2360134..2362120/Mycobacterium_extraction	gii_db_name	My.va.I1	123	Group II Intron	Unclassified	YP_953032.1  	Mycobacterium vanbaalenii PYR-1	1466	252	68	1305	1214	f6fac030fb4c7e634f826bca02c94440a2e823153537e64434edfed1637f61a0
21	Rh.sp.I1/CP000432/23005..25058/Rhodococcus_extraction	gii_db_name	Rh.sp.I1	121	Group II Intron	Unclassified	YP_707231.1|	Rhodococcus sp. RHA1 plasmid pRHL1	1466	253	68	1305	1213	a5518054301e4f6c26dd052a5545e1048b54252eb74ebdf34d9ff392f434bf47
22	Actinobacteriafid|115244729|locus|VBIMycCan270121_2577|_extraction	patric_fid	115244729	122	Group II Intron	Unclassified	CCK59969.1	Mycobacterium canettii CIPT 140070010 	1466	158	390	1306	1308	16a0093b8966b67b6f71cc10e7209540fff602fcc016bb6a56e0e1fc93678289
23	Pe.th.I1/AP009389/2583061..2585155/Pelotomaculum_extraction	gii_db_name	Pe.th.I1	425	Group II Intron	g6	YP_001213018.1	Pelotomaculum thermopropionicum SI DNA	1466	249	68	1305	1217	b402460f2687f92e1c1315b3366c5cef4569e4525f11962a2fd565ed8dcf1266
24	clostridiafid|38271879|locus|VBITheSp141296_0259|_extraction	patric_fid	38271879	424	Group II Intron	g6	YP_003639033.1	Thermincola potens JR 	1466	245	72	1305	1221	5c47ca288fac934001b083d8a9fe496d107f70cce0f42394f439ad4c2dd2b221
25	clostridiafid|22670018|locus|VBINatThe92436_0719|_extraction	patric_fid	22670018	423	Group II Intron	g6	YP_001916877.1	Natranaerobius thermophilus JW/NM-WN-LF 	1466	249	68	1305	1217	78b459ccfdbf04ef8a57235badbd7120d3eba1796239dd3994368b9a04583c0d
26	Al.or.I2/CP000853/2108190..2110275/Alkaliphilus_extraction	gii_db_name	Al.or.I2						1466	249	68	1305	1217	1147299db5c18cf1845d99e36f624ffbc7632d59fb5632c96f2802bb484f71f4
27	D.p.I1/CR522871/6124..8213/Desulfotalea_extraction	gii_db_name	D.p.I1	427	Group II Intron	g6	YP_066859.1	Desulfotalea psychrophila LSv54	1466	249	68	1305	1217	0bb3407448b0ed8a32695b8bf72ff77baaae067c4ee3d11245aac5853de9817d
28	Gfid|20854494|locus|VBIAliSal95923_2257|_extraction	patric_fid	20854494	429	Group II Intron	g6	YP_002263442.1	Aliivibrio salmonicida LFI1238	1466	242	68	1305	1224	b3200712e363be3a3e474b860daba76e5fec370046a4e895818a18631472c60a
29	Gfid|20872676|locus|VBIAltMac49397_0697|_extraction	patric_fid	20872676	428	Group II Intron	g6	YP_002125013.1    	Alteromonas macleodii str. 'Deep ecotype' 	1466	134	180	1305	1332	4afca751463fc1d02cff5609e377511c51a342ee249e4e0122889444a0378228
30	gi|91201518|emb|CAJ74578.1_extraction	gi	91201518	442	CRISPR-RT	CRISPR-RT7 (G2L1)	CAJ74578.1	Candidatus Kuenenia stuttgartiensis	1466	245	68	1305	1221	3607ec673659d6f1aa33efb2229bed6abf2b508b851a34e7c30eb28c11c5bbd5
31	DEfid|54439799|locus|VBIDesAce170587_1406|_extraction	patric_fid	54439799	443	CRISPR-RT	CRISPR-RT7 (G2L1)	YP_004370331.1	Desulfobacca acetoxidans DSM 11109 	1466	247	68	1305	1219	7e0b71872baed037eac0a46da70e8f7cb74780505213943b9685e67996bd1031
32	clostridiafid|43053635|locus|VBIHalPra106773_0208|_extraction	patric_fid	43053635	421	Group II Intron	GII Unclassified	ADO76363.1	Halanaerobium praevalens DSM 2228	1466	248	68	1305	1218	e82f0c8ad2972a104ebe5dc59e3cceab0f776a72b310eb160f51155991f6831b
33	clostridiafid|115343859|locus|VBIHalHal149681_1092|_extraction	patric_fid	115343859	422	Group II Intron	GII Unclassified	AGB41082.1	Halobacteroides halobius DSM 5150 	1466	248	68	1305	1218	a09cc4af14988a4f9cbf6c414d4a608fcb62b19faad3d09c9c72d8e3f134a644
34	clostridiafid|61456050|locus|VBISulAci142080_3112|_extraction	patric_fid	61456050	430	Group II Intron	GII Unclassified	AEW06474.1  	Sulfobacillus acidophilus DSM 10332 	1466	250	68	1305	1216	0e003441ea35a12dfef1f81cad4431bfbe4c88f90ba73191557ab9ca1c6d4eaf
35	cianobacteriafid|115432920|locus|VBICriEpi239080_0668|_extraction	patric_fid	115432920	431	CRISPR-RT	CRIPSR-RT2	AFZ11549.1	Crinalium epipsammum PCC 9333 	1466	247	68	1305	1219	8f96e3074e0ec254dd8be641e7d6479f8d3f5ead3481fcbfce7c96d732b0d9f2
36	cianobacteriafid|115605079|locus|VBIRivSp77222_5259|_extraction	patric_fid	115605079	432	CRISPR-RT	CRIPSR-RT2	AFY57343.1	Rivularia sp. PCC 7116 	1466	247	68	1305	1219	fdf8e0557c64ac03dfa1c87e5848f8e1558b8bf923ab689dc9da6af2aed3c381
37	cianobacteriafid|21560796|locus|VBICyaSp136448_5986|_extraction	patric_fid	21560796	433	CRISPR-RT	CRIPSR-RT2	YP_002381128.1  	Cyanothece sp. PCC 7424 	1466	247	68	1305	1219	d83e85ce9b311e2e61bcbc65ca96fe837c7073903652a35653afde12dc1d1eb3
38	gi|68548733|ref|ZP_00588202.1_extraction	gi	68548733	440	CRISPR-RT	CRISPR-RT6 (G2L1)	ZP_00588202.1	Pelodictyon phaeoclathratiforme BU-1	1466	248	68	1305	1218	5e4cb0cef4101b4d4ab9ac83e3957ae68a9487b5a31dd3ca9d78954367edd020
39	gi|119357846|ref|YP_912490.1_extraction	gi	119357846	441	CRISPR-RT	CRISPR-RT6 (G2L1)	YP_912490.1  	Chlorobium phaeobacteroides DSM 266	1466	248	68	1305	1218	ce8286fb7a587c0ce93ed08006839f6fcb6bab0944d77c373c10d2601ef8e480
40	gi|37677204|ref|NP_937600.1_extraction	gi	37677204	439	CRISPR-RT	CRISP- RT5 (G2L1)	NP_937600.1  	Vibrio vulnificus YJ016	1466	245	68	1305	1221	83ace1b6c9511aefc5e320d3b88afb1efc50fdb36175dcf0a89af1d65a74dd07
41	cianobacteriafid|115659900|locus|VBIChaMin231992_1871|_extraction	patric_fid	115659900	415	Group II Intron	GII Unclassified	AFY92778.1	Chamaesiphon minutus PCC 6605 	1466	271	68	1305	1195	dcd8ef0a5d168a662678876f70de79b8acc0580ca7fd10d9ed4a66917cbcac5c
42	Co.ca.I1/FP929038.1/3172164..3174036/Coprococcus_extraction	gii_db_name	Co.ca.I1	233	Group II Intron	E	CBK81695.1	Coprococcus catus GD/7	1466	272	68	1305	1194	7838cb25c1fb8bac37d021d8f95de40b2766ee466febcde9205a1d5362ae454d
43	Fa.pr.I2/FP929046.1/829768..831634/Faecalibacterium_extraction	gii_db_name	Fa.pr.I2	235	Group II Intron	E	CBL01190.1	Faecalibacterium prausnitzii SL3/3	1466	271	68	1305	1195	bb3d28d395ed53ba39f3796b6574fbc4dd9b1f01e8c1348fbb2197236fc8b680
44	clostridiafid|58517021|locus|VBICloBot180836_2089|_extraction	patric_fid	58517021	234	Group II Intron	E	CBZ03901.1	Clostridium botulinum H04402 065	1466	271	68	1305	1195	23979c483331b21943fe72bacfe01f9f8c04bd69e8856fa619f0628ae3062cdc
45	Sy.wo.I1/NZ_AAJG01000003/20007..22007/Syntrophomonas_extraction	gii_db_name	Sy.wo.I1	231	Group II Intron	E	YP_752871.1	Syntrophomonas wolfei str. Goettingen	1466	272	68	1305	1194	73061d9293a2f8f3c37f46365aa5213c6b89337dcbc62e52a8c2ebf209e7e92d
46	Mo.th.I1/CP000232.1/2324936..2328581/Moorella_extraction	gii_db_name	Mo.th.I1	229	Group II Intron	E	YP_431061.1	Moorella thermoacetica ATCC 39073	1466	272	68	1305	1194	af2844731a9753f02e26bcc123476cb02608cbcaf134cb7fb43ec399c60ee6fe
47	clostridiafid|21720033|locus|VBIDesAce42372_1641|_extraction	patric_fid	21720033	230	Group II Intron	E	YP_003191105.1	Desulfotomaculum acetoxidans DSM 771 	1466	103	860	1305	1363	95a18a4c4861c7feb259f1719eab7a829692d5ed03efabf4d079ab3748a6e7d6
48	Cl.be.I2_extraction	gii_db_name	Cl.be.I2_extraction						1466	276	68	1305	1190	17d938c60600af6cb4f2d211c7475cbb808a4b2f177630e3ad664ba6792c26a9
49	clostridiafid|115615774|locus|VBIDehSp228777_1721|_extraction	patric_fid	115615774	228	Group II Intron	E	AFV05709.1	Dehalobacter sp. CF 	1466	272	68	1305	1194	ffa1f85fedc59c53d8bf1886649415ae611d2ce4514f01c6b29eea0a474fc567
50	Cl.be.I3/CP000721/3718265..3720149/Clostridium_extraction	gii_db_name	Cl.be.I3	236	Group II Intron	E	YP_001310270.1	Clostridium beijerinckii NCIMB 8052	1466	271	68	1305	1195	d340ddfa39375584b21984123e96b78da87f522a5d01fab09abfd72b55180944
51	UA.I7/FP565147.1/1619711..1621718/uncultured_archaeon_extraction	gii_db_name	UA.I7	241	Group II Intron	E	CBH38243.1	uncultured archaeon 	1466	270	68	1305	1196	9d184c87553a6e45cff4f5534f559f54f7cb638fca6ea9718e39655c90bcd975
52	UA.I6/FP565147.1/2174432..2176370/uncultured_archaeon_extraction	gii_db_name	UA.I6	240	Group II Intron	E	CBH38840.1	uncultured archaeon ANME-1	1466	270	68	1305	1196	78183fb161d0a70a570f3512fdbbc6e1f0f3e39b28dbda3a3c4bac48d942465c
53	Gfid|115349385|locus|VBIThiMob160332_0442|_extraction	patric_fid	115349385	227	Group II Intron	E	AGA89318.1	Thioflavicoccus mobilis 8321 	1466	271	68	1305	1195	69a4927683556fe0e6132376e957427bda4239fe77f9a9684c0bc015386caaa9
54	Ta.sp.I2/CP000923.1/1286631..1288551/Thermoanaerobacter_extraction	gii_db_name	Ta.sp.I2	237	Group II Intron	E	YP_001662875.1	Thermoanaerobacter sp. X514	1466	269	68	1305	1197	eb482d6be150edb2c5c6f79b9d38a462998493c9fdaf69d3620e335f3e4b2267
55	W.e.I2_extraction	gii_db_name	W.e.I2_extraction						1466	271	68	1305	1195	8f3f777ee6a24a30dc3b98b0bfe3cde9115538d3f19eae16f7e3d615bec60f69
56	Afid|24026234|locus|VBIWolEnd95846_0368|_extraction	patric_fid	24026234	239	Group II Intron	E	YP_001975138.1	Wolbachia endosymbiont of Culex quinquefasciatus Pel 	1466	253	68	1266	1213	bee3919b2f5f71df6b4e7b2aa382f71cae34492d66c75f1a580e7a1b87e10867
57	Ch.ph.I2/CP000492/3012641..3014550/Chlorobium_extraction	gii_db_name	Ch.ph.I2	217	Group II Intron	E	YP_913038.1	Chlorobium phaeobacteroides DSM 266	1466	271	68	1305	1195	8b676ea1641d70b2f50613454ee0ffbb4706bb4c3f22387823108fbd695fd83e
58	S.ma.I1/BX664015/172056..173964/Serratia_extraction	gii_db_name	S.ma.I1	213	Group II Intron	E	CAE51716.1	Serratia marcescens	1466	271	68	1305	1195	ebe42f0d81fbdebf1eddc8a61ee0b46cfad7a97d44a9c7b9c8c2091bdf50e149
59	Bfid|19071807|locus|VBIBurCen118154_0098|_extraction	patric_fid	19071807	214	Group II Intron	E	YP_002229253.1  	Burkholderia cenocepacia J2315 	1466	271	68	1305	1195	255bb27fe74eea34e52399ab34294cc0a7be056c6f049dc93a90684b711dc204
60	Fr.sp.I4/CP000820/1651830..1653736/Frankia_extraction	gii_db_name	Fr.sp.I4	221	Group II Intron	E	YP_001505723.1	Frankia sp. EAN1pec	1466	271	68	1305	1195	41d895c1228c80a7a039c55d151df903ddf84d5048e069dfbaad081b8a5671d1
61	DEfid|42682369|locus|VBIStiAur43712203747_1515|_extraction	patric_fid	42682369	222	Group II Intron	E	YP_003951108.1   	Stigmatella aurantiaca DW4/3-1 (Prj:54333) 	1466	271	68	1305	1195	c902d68b68cf55698bcb9dbf0da2eacd4197ff3d3cfe8e8205c1873a66a116d6
62	A.v.I5/CP001157/2471407..2473316/Azotobacter_extraction	gii_db_name	A.v.I5	220	Group II Intron	E	YP_002799633.1	Azotobacter vinelandii DJ	1466	271	68	1305	1195	8705310fb78b5f1f1ae810bd3a71d40763f0f43933a39f40368920955245347d
63	B.j.I2/BA000040/2069342..2071253/Bradyrhizobium_extraction	gii_db_name	B.j.I2						1466	271	68	1305	1195	7a77cd8271e7a0b0ce526837ac769c5f69d871d447af752f2ea3e1689b6eabaa
64	UB.I1/AY691909/2430..4342/uncultured_bacterium_extraction	gii_db_name	UB.I1	219	Group II Intron	E	AY691909.1	uncultured bacterium  clone HZ25	1466	271	68	1305	1195	d0d69402a2f0c2ac7f460335d5b309f7a70b1fef2a75c6b99aa9213ab6fda9b7
65	DEfid|21698146|locus|VBIDesRet71890_0666|_extraction	patric_fid	21698146	223	Group II Intron	E	YP_003197497.1	Desulfohalobium retbaense DSM 5692 	1466	270	68	1305	1196	a26d7daf941ba92e56485b6bf3a7496f925da7606e77c040c6b4fa5a453b1673
66	Bfid|45180964|locus|VBIBurRhi170666_0331|_extraction	patric_fid	45180964	216	Group II Intron	E	YP_004022295.1	Burkholderia rhizoxinica HKI 454 	1466	271	68	1305	1195	1d971d62b75d05cc1cc3ffb6233cf3fb2d8f13e96f45923604b89867f492ee38
67	Sr.me.I4_extraction	gii_db_name	Sr.me.I4_extraction						1466	271	68	1305	1195	2552ac1c315f740cff437b4e48bc3497c900e15130d1003809460e3f8acd73cb
68	Chlorobifid|21392973|locus|VBIChlPha122104_2646|_extraction	patric_fid	21392973	218	Group II Intron	E	YP_912637.1	Chlorobium phaeobacteroides DSM 266 	1466	259	68	1277	1207	51a05378e7834998d957d5132fe17e50f86641a31a898599e74c1a800ab350a7
69	DEfid|23677855|locus|VBISorCel80414_10115|_extraction	patric_fid	23677855	226	Group II Intron	E	YP_001619934.1	Sorangium cellulosum So ce56 	1466	262	76	1305	1204	b3d234ecf054738853c995e286dcd491a91c267b8255371f56eb6b13754b2efa
70	Gfid|32294365|locus|VBIPseHal105694_0399|_extraction	patric_fid	32294365	225	Group II Intron	E	YP_338960.1	Pseudoalteromonas haloplanktis TAC125 	1466	169	435	1305	1297	df6398436393383ede897567dc5a4e18419eb86d4e3e9d6b07d1c6b9e5786154
71	Ps.tu.I1/AAOH01000003/353461..355380/Pseudoalteromonas_extraction	gii_db_name	Ps.tu.I1	243	Group II Intron	E	WP_009838199.1	Pseudoalteromonas tunicata 	1466	264	68	1305	1202	5a92095e3908ff3e049c7e134656047d4cfadd48977354ca5b1e53c4eda4915f
72	Gfid|115643628|locus|VBIThiNit264030_1141|_extraction	patric_fid	115643628	242	Group II Intron	E	AGA32808.1	Thioalkalivibrio nitratireducens DSM 14787 	1466	243	99	1305	1223	7a40e9be996e4cdef8c339e9c600ffc2311a91e1f72a4ecb60545f7d1cc97550
73	Afid|190138491|locus|VBIRhiEtl298076_5694|_extraction	patric_fid	190138491	250	Group II Intron	E	AGS25290.1	Rhizobium etli bv. mimosae str. Mim1 	1466	252	68	1271	1214	2ce7b988cbca574144455e7b95aa59d6c14b23f412732bbbf31e4c549ba20d25
74	DEfid|42685679|locus|VBIStiAur43712203747_3158|_extraction	patric_fid	42685679	252	Group II Intron	E	YP_003952719.1	Stigmatella aurantiaca DW4/3-1 (Prj:54333) 	1466	270	68	1305	1196	cf595cc02d4120375c09042efd41374cd570408593190e033188d607bd2eb661
75	Bacteroidetesfid|61290805|locus|VBINiaKor154066_6177|_extraction	patric_fid	61290805	253	Group II Intron	E	AEW02263.1	Niastella koreensis GR20-10 	1466	266	68	1305	1200	9e1471adcbfb3338e19d6a22fa666fb92af82d9c761fba44afd809d46504a4f7
76	Gfid|22095829|locus|VBIHalHal112047_0768|_extraction	patric_fid	22095829	254	Group II Intron	E	YP_001002344.1	Halorhodospira halophila SL1 	1466	102	859	1305	1364	312fe4db28b815481022456cb0330f45a535ed5c361e841172c5c3da6bed79ac
77	DEfid|23659127|locus|VBISorCel80414_0791|_extraction	patric_fid	23659127	249	Group II Intron	E	YP_001611366.1	Sorangium cellulosum So ce56 	1466	267	68	1305	1199	19c21fc7d6a4e94bf30b029ed2d6ae7224406ff2bf965bde6fef151c6c610a2b
78	Gfid|42464802|locus|VBIXenNem38452_2364|_extraction	patric_fid	42464802	247	Group II Intron	E	YP_003712802.1  	Xenorhabdus nematophila ATCC 19061 	1466	270	68	1305	1196	0a44a001980494c9aee6780ad937b80348ab236495fc90680a792ff110eb7df9
79	Gfid|35290299|locus|VBILegLon159544_1142|_extraction	patric_fid	35290299	246	Group II Intron	E	YP_003454583.1	Legionella longbeachae NSW150 	1466	270	68	1305	1196	f38da4822ca3bdc08cc0520c104ecbe150f309ac98729c815161e1052cb446de
80	Afid|22828908|locus|VBIOriTsu129072_1468|_extraction	patric_fid	22828908	245	Group II Intron	E	YP_001937998.1	Orientia tsutsugamushi str. Ikeda 	1466	252	68	1265	1214	42c8acf99a4efb0887c50a2b5c5e7b9b878b743749d147607a16c8be0c6da359
81	clostridiafid|115615051|locus|VBIDehSp228777_0955|_extraction	patric_fid	115615051	244	Group II Intron	E	AFV04950.1	Dehalobacter sp. CF 	1466	264	68	1305	1202	199768da9b1b44ca55deb015739d8861df0d97aacd172f13536c38db4dca28c9
82	Ac.ma.I1/CP000840.1/228971..230873/Acaryochloris_extraction	gii_db_name	Ac.ma.I1	248	Group II Intron	E	YP_001521756.1	Acaryochloris marina MBIC11017	1466	270	68	1305	1196	7e7c8e53d0b5721668b9e7a8977124d412f51517e44d2204ca374628896d0490
83	gi|296169325|ref|ZP_06850953.1|_extraction	gi	296169325	111	Group II Intron	g1	ZP_06850953.1	Mycobacterium parascrofulaceum ATCC BAA-614	1466	271	68	1305	1195	e50b7bfc1d7a17cdf3e7f06204e95be899dc610f4cfa27d2f295dc488e7cc727
84	gi|260905481|ref|ZP_05913803.1|_extraction	gi	260905481	113	Group II Intron	g1	ZP_05913803.1	 Brevibacterium linens BL2	1466	271	68	1305	1195	a8028dd6d9d70b878517e7229adcfe152fc92d3e3ce013941cc51d471db424ea
85	gi|336177663|ref|YP_004583038.1|_extraction	gi	336177663	112	Group II Intron	g1	YP_004583038.1	Frankia	1466	273	68	1305	1193	de2d6ed872bba705593feb4e82b30f797490422256cebb011ac990f75a8e8bb5
86	Ca.ac.I1/CP001700/4538431_extraction	gii_db_name	Ca.ac.I1						1466	270	68	1305	1196	80fd88c9a57f29e94f5dfe4d39b6aa9a8c9cc7813bc6abe58200ba73a07114c7
87	Rh.js.I1/CP000433/185762_extraction	gii_db_name	Rh.js.I1						1466	275	68	1305	1191	e1e4dd998c4feeb8a3f79a39aa6cf4b866550f608e5b6bdcf8677fe6763b8d9e
88	gi|317124020|ref|YP_004098132.1|_extraction	gi	317124020	117	Group II Intron	g1	YP_004098132.1  	Intrasporangium calvum DSM 43043	1466	273	68	1305	1193	bb415dda3d8046d0b7a01a956bef18704af082e80277801719ce89358ae3bb9d
89	Actinobacteriafid|115168014|locus|VBIMycSme175119_3779|_extraction	patric_fid	115168014	114	Group II Intron	g1	AGB24016.1	Mycobacterium smegmatis JS623	1466	272	68	1306	1194	1be5ab321bbe669fbe61cb813326b33084e81c127df5540e99b3ddc09697a533
90	Sr.me.I2/AE006469/1065613..1067822/Sinorhizobium_extraction	gii_db_name	Sr.me.I2	118	Group II Intron	g1	NP_436278.1|	Sinorhizobium meliloti 	1466	296	68	1305	1170	f2f76c41745a59ecb67522a17cdfe79b7613b5add0c6c9ea78c7b66844758e1f
91	Bacteroidetesfid|32443874|locus|VBISpiLin97822_6935|_extraction	patric_fid	32443874	119	Group II Intron	g1	YP_003391729.1  	Spirosoma linguale DSM 74 	1466	298	68	1305	1168	851dad34304a7aa6f8db30ce65b0607ff8ae4fa4470795f73b1584e0b98e925c
92	DEfid|42684501|locus|VBIStiAur43712203747_2581|_extraction	patric_fid	42684501	120	Group II Intron	g1	YP_003952140.1	Stigmatella aurantiaca DW4/3-1 (Prj:54333)	1466	310	68	1305	1156	0d98915fc616185548595a66d9b564cc5792e248bb0c2d473f5e1d58b42e7644
93	S.f.I1/CP001383.1/1091555..1093825/Shigella_extraction	gii_db_name	S.f.I1	409	Group II Intron	A	YP_005726673.1	Shigella flexneri 2002017	1466	286	68	1305	1180	8e1120ad9fdd6a6a0d42bfe078291b71ff965f24c6f1cee63888bbcca79f52a1
94	E.c.I4/AB024946/48555..50824/Escherichia_extraction	gii_db_name	E.c.I4	410	Group II Intron	A	NP_053121.1	Escherichia coli 	1466	286	68	1305	1180	8e1120ad9fdd6a6a0d42bfe078291b71ff965f24c6f1cee63888bbcca79f52a1
95	Afid|20797198|locus|VBIAgrRad129173_0726|_extraction	patric_fid	20797198	412	Group II Intron	A	YP_002540888.1	Agrobacterium radiobacter K84 	1466	288	68	1306	1178	5a20572243fe74f7fbecf16b40d6868a210ad18bd66e3dc3097b20a219d08ee3
96	Gfid|61475875|locus|VBIVibSp220376_1845|_extraction	patric_fid	61475875	411	Group II Intron	A	AEX22328.1	Vibrio sp. EJY3 	1466	282	72	1305	1184	6de1115093b18a63f4b3dc06335498a75498bcec960d6b51983d35736f702205
97	clostridiafid|61451050|locus|VBISulAci142080_0650|_extraction	patric_fid	61451050	413	Group II Intron	A	AEW04134.1	Sulfobacillus acidophilus DSM 10332 	1466	97	978	1305	1369	e243e705360ca500723af34eeaba8f9cc7cc85bc2b6f187eb7bab4d2c3583af9
98	clostridiafid|61451056|locus|VBISulAci142080_0653|_extraction	patric_fid	61451056	414	Group II Intron	A	AEW04136.1	Sulfobacillus acidophilus DSM 10332 	1466	184	68	1101	1282	7f3ca25518e402cdfaec137db94fff21581cb65217b4ee178c909fda90a5598b
99	gi|258515071|ref|YP_003191293.1|_extraction	gi	258515071	136	Group II Intron	g2	YP_003191293.1  	Desulfotomaculum acetoxidans DSM 771	1466	255	68	1305	1211	46b186b0b5b0956932f928796d5231fb188a14d2403f4a3eba1720cf2e7aaf4a
100	Ma.sp.I2/CP000471/2464047..2465973/Magnetococcus_extraction	gii_db_name	Ma.sp.I2	138	Group II Intron	g2	ABK44488.1	Magnetococcus sp. MC-1	1466	255	68	1305	1211	546db36ee7128786fd65088388128910dbd6441e08a7c8676ce4fcae90e5b88c
101	gi|302392022|ref|YP_003827842.1|_extraction	gi	302392022	139	Group II Intron	g2	YP_003827842.1  	Acetohalobium arabaticum DSM 5501	1466	256	68	1305	1210	31e7dac1b322dfe7b11e2cfd01edbdb81321853c53a49a0f920e32aaa5bc278a
102	W.e.I5/AM999887.1/284826..286812/Wolbachia_extraction	gii_db_name	W.e.I5	137	Group II Intron	g2	CAQ54388.1	Wolbachia endosymbiont of Culex quinquefasciatus Pel	1466	255	68	1305	1211	b8b23e5e513bca20138acb1cdf8a8b02f7e198c379f16728bd9725378b1156a3
103	Bfid|19201997|locus|VBIBurPhy25146_7879|_extraction	patric_fid	19201997	612	UNC	Unclassified	Pseudogene	Burkholderia phymatum STM815 	1466	77	1069	1305	1389	32182effa49ceff84e13e0532954763f453ce34923031cdc257a28937b8d7236
104	B.th.I3/DQ363750/30070..32039/Bacillus_extraction	gii_db_name	B.th.I3	140	Group II Intron	g2	ABD24341.1	Bacillus thuringiensis 	1466	255	68	1305	1211	9ebcf6d9834b458303aec4a663276b14701fde3b8ef139e5e8f23cf54030ff1c
105	Bfid|58553039|locus|VBICupNec201015_1883|_extraction	patric_fid	58553039	141	Group II Intron	g2	YP_004682045.1  	Cupriavidus necator N-1 	1466	255	68	1305	1211	f5f7018e1149a113038a829abee85ecdf5d74bdbcfa4e7cde14e337c5505f7fc
106	Sg.ce.I1/AM746676.1/9205316..9207294/Sorangium_extraction	gii_db_name	Sg.ce.I1	142	Group II Intron	g2	CAN96784.1	Sorangium cellulosum 'So ce 56'	1466	248	68	1305	1218	df4ad9fb844282e30f39af043bd487d8b00793713e5b7bae43fec12306ecc855
107	Mx.xa.I1/CP000113/2433780..2435766/Myxococcus_extraction_1	gii_db_name	Mx.xa.I1	143	Group II Intron	g2	ABF89781.1	Myxococcus xanthus DK 1622	1466	248	68	1305	1218	a0897dbbb23ff54deb2a4d45227757a1b4dfdf1ab9434c1f39dd9d049e78d0b8
108	clostridiafid|54666312|locus|VBIDesCar168000_0691|_extraction	patric_fid	54666312	416	Group II Intron	GII Unclassified		Desulfotomaculum carboxydivorans CO-1-SRB 	1466	215	179	1305	1251	711c0f6c09bcf824f12f4c8ce3c4ccc9a5518a88c474899264a1592d81ad83ff
109	N.a.I2/AF079317/53812..56360/Novosphingobium_extraction	gii_db_name	N.a.I2	405	Group II Intron	ML	NP_049098.1	Novosphingobium aromaticivorans  	1466	317	68	1305	1149	d3d4ae773afb36d62fea48e444732f274725e535937d08b33891e5b75c97ef3d
110	N.a.I1/AF079317/43084..45661/Novosphingobium_extraction	gii_db_name	N.a.I1	406	Group II Intron	ML	NP_049088.1	Novosphingobium aromaticivorans	1466	317	68	1305	1149	2d329791e3d4b8e47855471c7e064b05719e23d48c2cedf73b30504bfcee5ff7
111	Gfid|87114490|locus|VBIEscBla78014_3566|_extraction	patric_fid	87114490	407	Group II Intron	ML	AFJ48703.1	Shimwellia blattae DSM 4481 = NBRC 105725 	1466	323	68	1305	1143	e7aee38a3e5dc1d474c1c0c12965173094ae319397556ddb300a8ff16cd06cae
112	Afid|58846094|locus|VBIPelHal211702_2804|_extraction	patric_fid	58846094	408	Group II Intron	ML	AEQ52843.1	Pelagibacterium halotolerans B2 	1466	318	68	1306	1148	cfaffe6091fcdc5b48bb5132fc08231ada68e032ec3eff0aa445c7c9739088ee
113	B.t.I2/AE015928/3241156..3243662/Bacteroides_extraction	gii_db_name	B.t.I2	390	Group II Intron	ML	NP_811515.1	Bacteroides thetaiotaomicron	1466	312	68	1305	1154	8794df71604060c11b3d404ce61ef3e3b370db6ff942d570765ca552b6377c0b
114	Bacteroidetesfid|87116544|locus|VBIAliFin145170_0639|_extraction	patric_fid	87116544	391	Group II Intron	ML	AFL77068.1	Alistipes finegoldii DSM 17242 	1466	312	68	1305	1154	809abe496de1f51ff2c585a046af62e8a0085a8f59e2e864dd6fb7200e07f5f2
115	Bacteroidetesfid|87116554|locus|VBIAliFin145170_0644|_extraction	patric_fid	87116554	394	Group II Intron	ML	AFL77071.1	Alistipes finegoldii DSM 17242 	1466	312	68	1305	1154	c7c5d4a41611dc3dc623af846035de9d93a53e07d9b16bf22df6ce3fd34f93ec
116	Bacteroidetesfid|42711385|locus|VBIAliSha154597_1257|_extraction	patric_fid	42711385	395	Group II Intron	ML	CBK64900.1  	Alistipes shahii WAL 8301 	1466	250	267	1305	1216	940296cdc85809cbaf3dc118fa1e58a2a37bb082dccb597d00f0c30863db13c8
117	Ba.fr.I1/AY515263/38446..40893/Bacteroides_extraction	gii_db_name	Ba.fr.I1						1466	312	68	1305	1154	e870d8da991b8a05e06fbbcc458146b7a0349c1bcf5449ffa066666a15fc4bec
118	Bacteroidetesfid|46993147|locus|VBIOdoSpl147623_0215|_extraction	patric_fid	46993147	393	Group II Intron	ML	YP_004251505.1	Odoribacter splanchnicus DSM 220712 	1466	312	68	1305	1154	ed21a1a8d6de44d277b1397e862c44cbc608ababadc33f6a2df02325a577222c
119	Bacillifid|19673908|locus|VBIStrPne132160_1355|_extraction	patric_fid	19673908	396	Group II Intron	ML	YP_002511214.1	Streptococcus pneumoniae ATCC 700669 	1466	312	68	1305	1154	3555a72c0e6056a6322d0767df5472c223147dc2384315b88f2975e24859ec19
120	Bacillifid|19729760|locus|VBIStrPyo25933_1754|_extraction	patric_fid	19729760	397	Group II Intron	ML	YP_603203.1	Streptococcus pyogenes MGAS10750 	1466	312	68	1305	1154	04b6ec4998fdc753194d00145e106d8e4dfb98716d3283f16850b486abcdb7e2
121	clostridiafid|42835086|locus|VBICloCf158569_1256|_extraction	patric_fid	42835086	398	Group II Intron	ML	CBK76313.1	Clostridium cf. saccharolyticum K10 	1466	315	68	1305	1151	fa7a59278616720783f89b7d276a3c89f0fd1792181f0386d222438967bf51d9
122	Bacillifid|18911848|locus|VBIBacCer120424_2093|_extraction	patric_fid	18911848	401	Group II Intron	ML	YP_002529852.1  	Bacillus cereus Q1 	1466	315	68	1305	1151	7aef2c494af16f6c58226134e1c7e9413e37b7e31ffff4f5266c638501ab05ea
123	Bacillifid|54164737|locus|VBIBacThu155232_5952|_extraction	patric_fid	54164737	399	Group II Intron	ML	AEA19435.1	Bacillus thuringiensis serovar chinensis CT-43 	1466	316	68	1305	1150	5ccce9c4f05b5a88aab1136abe2ab17a96196d41b82db6c8d643acb7241459da
124	Bacillifid|18918679|locus|VBIBacCer120424_5472|_extraction	patric_fid	18918679	400	Group II Intron	ML	YP_002533188.1	Bacillus cereus Q1 	1466	318	68	1305	1148	9f516781f31ad00d65cff12e8b2b4904dc2eccd502fc52fdcfd15ad88640b406
125	clostridiafid|47030643|locus|VBISynGly105927_0075|_extraction	patric_fid	47030643	403	Group II Intron	ML	YP_004264445.1	Syntrophobotulus glycolicus DSM 8271 	1466	302	68	1305	1164	19dfee82e7679dba5ae7f5893691844061f82f8dfb2c78ba6c715d87a67537fa
126	Bacillifid|190354377|locus|VBIStrAng166616_0608|_extraction	patric_fid	190354377	404	Group II Intron	ML	AGU83078.1	Streptococcus anginosus C238 	1466	302	68	1305	1164	cc9f0ca10469ed73625f2bb71b3aaa9e72646c3b25644016e9a1061b81ed963b
127	L.l.I1/U50902/2854..5345/Lactococcus_extraction	gii_db_name	L.l.I1	402	Group II Intron	ML	AAP70045.1	Lactococcus lactis 	1466	309	68	1305	1157	99dc1a06e627b6ab2a3332963dac03f2d523e60082b02a567f5935a53252473f
128	D.h.I4/AP008230.1/5193183..5195085/Desulfitobacterium_extraction	gii_db_name	D.h.I4	328	Group II Intron	C	YP_520807.1	Desulfitobacterium hafniense Y51	1466	247	68	1305	1219	a2f2e2e4f02415355da4dab1d7d719cf187b552ba2bedd27f95c0af31102c52e
129	clostridiafid|43183350|locus|VBIRumTor148568_2143|_extraction	patric_fid	43183350	325	Group II Intron	C	CBL26751.1  	Ruminococcus torques L2-14 	1466	248	68	1305	1218	05ef292a42f9ea8a6cb2bb3473e3bbf790f5d0d42309b20bc639a83afa9910b5
130	clostridiafid|42783608|locus|VBIButBac39087_0859|_extraction	patric_fid	42783608	326	Group II Intron	C	CBL36069.1	butyrate-producing bacterium SM4/1 	1466	244	72	1305	1222	f7acad64f8af971c3e2cba9168fbdeea86e4e42ebd244cbf88357436fb428099
131	clostridiafid|22668882|locus|VBINatThe92436_0159|_extraction	patric_fid	22668882	327	Group II Intron	C	YP_001916329.1	Natranaerobius thermophilus JW/NM-WN-LF 	1466	247	68	1305	1219	78515e8402e00edcc0cbcd80ec622255905f2856a8b3dc241323679a68ec2122
132	B.t.I3/AE015928/3254698..3258524/Bacteroides_extraction	gii_db_name	B.t.I3	329	Group II Intron	C	NP_811530.1	Bacteroides thetaiotaomicron 	1466	247	68	1305	1219	636210e383f071464caac2ff0bfd9fd258a47a81db066bf3a737ad6ea2b10df7
133	Fl.jo.I1/CP000685/4416242..4418139/Flavobacterium_extraction	gii_db_name	Fl.jo.I1	330	Group II Intron	C	YP_001196060.1	Flavobacterium johnsoniae UW101	1466	247	68	1305	1219	cb318b902773d1be4c8307de682998eae31453adefeea8d54504fac537ca9173
134	Bacteroidetesfid|47240589|locus|VBISphSp165585_3447|_extraction	patric_fid	47240589	331	Group II Intron	C	ADZ79768.1	Sphingobacterium sp. 21 	1466	223	78	1305	1243	d736d40eef6cbc9fff4035eb1f5818ce7451053535fa282a5e34d0dcb5befd04
135	S.ag.I1/AJ292930/182..2038/Streptococcus_extraction	gii_db_name	S.ag.I1	332	Group II Intron	C	CAC35989.1	Streptococcus agalactiae 	1466	247	68	1305	1219	ee8fe8fae2da823262922b413e74309df41fc595cf2b7e13e77bb6ac212a22c1
136	Bacillifid|61433042|locus|VBIStrMac222691_1557|_extraction	patric_fid	61433042	333	Group II Intron	C		Streptococcus macedonicus ACA-DC 198 	1466	62	883	1242	1404	5c4293bbb338e1ea3265c50f17be233ea6fe320258ed6999d1d7a8025596e38b
137	Bacteroidetesfid|54587919|locus|VBIPorAsa172508_0403|_extraction	patric_fid	54587919	334	Group II Intron	C	YP_004441540.1	Porphyromonas asaccharolytica DSM 20707 	1466	247	68	1305	1219	09de48b1743de3443014a11f350d2fd4664cac9251a0cbd2511ca51efa3a3550
138	clostridiafid|42987381|locus|VBIEubRec155814_2884|_extraction	patric_fid	42987381	335	Group II Intron	C	CBK92290.1	Eubacterium rectale M104/1 	1466	247	68	1305	1219	fc4bda74305d6e052e01a3c5fff6903a45c2a6e730c52ca25e94a9ef1237b9e4
139	Bacillifid|102075684|locus|VBIAmpXyl149409_1227|_extraction	patric_fid	102075684	336	Group II Intron	C	BAM47359.1	Amphibacillus xylanus NBRC 15112 	1466	248	68	1304	1218	8b21fc3fe67dded543e9bb95c5cf9029c5587242e00cb29161fed6acb8cd1073
140	Bacillifid|201988153|locus|VBIBacThu93926_0157|_extraction	patric_fid	201988153	337	Group II Intron	C	AHA69388.1   	Bacillus thuringiensis YBT-1518 	1466	246	68	1304	1220	5f7ff7c8b83f3ca58b112f5d817979f8cfe44168c5887cb54e9b6784c4a42f23
141	B.h.I1/AP001507/130149..132031/Bacillus_extraction	gii_db_name	B.h.I1	299	Group II Intron	C	NP_240905.1	Bacillus halodurans C-125	1466	247	68	1305	1219	33c5e5cf1963f76fcc14cb4a7e9c998d445a5a3946c82f5923cf72e41e34b94b
142	O.i.I1/BA000028/2785523..2787411/Oceanobacillus_extraction	gii_db_name	O.i.I1	297	Group II Intron	C	NP_693637.1	Oceanobacillus iheyensis 	1466	247	68	1305	1219	40ce1274e803f67aa903d005de9899a107697318bbb2c2742e679129ca8c86fe
143	Bacillifid|21969758|locus|VBIGeoSp101709_0522|_extraction	patric_fid	21969758	298	Group II Intron	C	YP_002948660.1	Geobacillus sp. WCH70	1466	246	68	1304	1220	04145f3c8cc515ff557c2c6baac4f2b12e832190a43730cd7a71eee6d9cf5787
144	Bacillifid|20956876|locus|VBIAnoFla45531_2524|_extraction	patric_fid	20956876	301	Group II Intron	C	YP_002316792.1	Anoxybacillus flavithermus WK1 	1466	246	68	1304	1220	44e72477b044b5327ddd0e6ceeccdccc2c6b657f6ab622a5eadfbd764c5450cc
145	Bacillifid|102073184|locus|VBIAmpXyl149409_0044|_extraction	patric_fid	102073184	300	Group II Intron	C	BAM46177.1	Amphibacillus xylanus NBRC 15112 	1466	246	68	1304	1220	9428b51e0215653aa55d6cc5daff5c1cf742e593d009d65ed47731f9159c9258
146	S.th.I1/AP006840/1010793..1012672/Symbiobacterium_extraction	gii_db_name	S.th.I1	289	Group II Intron	C	YP_074723.1	Symbiobacterium thermophilum IAM 14863	1466	247	68	1305	1219	150bf4f1fc3e790c396436be06bc4ed4eedfc8a58f42e6618b55847e9218ee9c
147	Bacillifid|124876795|locus|VBIGeoSp266368_3508|_extraction	patric_fid	124876795	286	Group II Intron	C	AGE23752.1  	Geobacillus sp. GHH01 	1466	80	530	1304	1386	968b82d8c061a0b5969e1033e524e0e5076bcff7926a4860fd09dfaf8376511a
148	Bacillifid|45221880|locus|VBIGeoSp94955_0342|_extraction	patric_fid	45221880	287	Group II Intron	C	YP_004130971.1  	Geobacillus sp. Y412MC52 	1466	246	68	1304	1220	4174cddb3b859dafe718d5cec01a3df9c6a482a61a83e395d79740a378c5bd31
149	clostridiafid|22104403|locus|VBIHelMod36755_0020|_extraction	patric_fid	22104403	284	Group II Intron	C	YP_001678666.1	Heliobacterium modesticaldum Ice1 	1466	247	68	1305	1219	d7a4c6d9973948608b25a0c1d6b68d069987cbcb1d04247f58d736a7e15898f4
150	clostridiafid|20880100|locus|VBIAmmDeg104956_0293|_extraction	patric_fid	20880100	285	Group II Intron	C	YP_003238306.1	Ammonifex degensii KC4 	1466	247	68	1305	1219	b36ed4879ffb3deeabf1ed4f0629b8de7ff0440955ac59f2daf6197f263a18dd
151	clostridiafid|32495095|locus|VBITheIta22270_0082|_extraction	patric_fid	32495095	293	Group II Intron	C	YP_003475970.1	Thermoanaerobacter italicus Ab9 	1466	247	68	1305	1219	aab1b791a4c68154ffae4061e66f03cdc3b0f905ad997ce3de675e2f0d3883d8
152	C.a.I1/AE001437/3710916..3712835/Clostridium_extraction	gii_db_name	C.a.I1	291	Group II Intron	C	NP_350100.1	Clostridium acetobutylicum 	1466	247	68	1305	1219	e4b2db33ad6c764fb9a1faf460692848a06e4b7c048d230d30212ced7905c660
153	clostridiafid|42639654|locus|VBIHalSp157090_0576|_extraction	patric_fid	42639654	292	Group II Intron	C	YP_003994367.1	Halanaerobium hydrogeniformans 	1466	247	68	1305	1219	8eb2e814f2a6a8fa276a7ed6a74f03d66d68e1d133b4881e4fefd6c35b34460a
154	clostridiafid|124770602|locus|VBICloSac181665_0553|_extraction	patric_fid	124770602	294	Group II Intron	C	AGF54383.1	Clostridium saccharoperbutylacetonicum N1-4(HMT)	1466	247	68	1305	1219	b954bb300dd18cfa96fd11b80e8e0f7bf9415c8aaf3eb58ed8587ef9aa91e0d5
155	Sy.fu.I1/CP000478/3922427..3924309/Syntrophobacter_extraction	gii_db_name	Sy.fu.I1	255	Group II Intron	C	YP_847308.1	Syntrophobacter fumaroxidans 	1466	248	68	1305	1218	3e7cd9a0d2ae7bf956318724245e763c971580f392d22e5041eb82a4940425e2
156	DEfid|21697130|locus|VBIDesRet71890_0165|_extraction	patric_fid	21697130	256	Group II Intron	C	YP_003197032.1	Desulfohalobium retbaense DSM 5692 	1466	247	68	1305	1219	31b6938fa7d26041c66824551c8f1e5c171a70dd0a9686e48da02dda521a928e
157	Pe.ca.I2/CP000142/1559685..1561618/Pelobacter_extraction	gii_db_name	Pe.ca.I2	258	Group II Intron	C	YP_006717053.1	Pelobacter carbinolicus  DSM 2380	1466	247	68	1305	1219	63ffbf28f99d13e76f78849c4742973534d9160e5b96f3b821d781a229960175
158	Ge.ur.I2/CP000698/242469..244398/Geobacter_extraction	gii_db_name	Ge.ur.I2	259	Group II Intron	C	YP_001228972.1	Geobacter uraniireducens Rf4	1466	247	68	1305	1219	fe76e0c6be24e04d0aae58b0e72038dc0810912045db67bec48f66416986cf06
159	Afid|20468517|locus|VBIOchAnt73124_1762|_extraction	patric_fid	20468517	257	Group II Intron	C	YP_001370216.1	Ochrobactrum anthropi ATCC 49188	1466	248	68	1306	1218	181cd16911a4f5c10b5dcf202ce71f754dfcf6603d41670c52ebde10a20a227f
160	DEfid|102051933|locus|VBIDesTol47847_2395|_extraction	patric_fid	102051933	295	Group II Intron	C	CCK80176.1	Desulfobacula toluolica Tol2 	1466	247	68	1305	1219	fdb6e1405fa5b625ad892df7bfb5d3c1b370703dd98d05f9fb09fa3e968eec52
161	DEfid|102053344|locus|VBIDesTol47847_3092|_extraction	patric_fid	102053344	296	Group II Intron	C	CCK80787.1	Desulfobacula toluolica Tol2 	1466	138	444	1305	1328	fcbe72db7fb13393aff76bfcf6afae3c867f43cde8a3706dbd829aa144d2ea8a
162	Ha.ch.I2/NC_007645/98723..100647/Hahella_extraction	gii_db_name	Ha.ch.I2	260	Group II Intron	C	YP_431437.1	Hahella chejuensis KCTC 2396	1466	247	68	1305	1219	1e4af6d8974e1cf90143dafeb732bcdb97a991118e34541ca1c328564887e12e
163	Bacillifid|54384448|locus|VBIPaeMuc192881_5730|_extraction	patric_fid	54384448	288	Group II Intron	C	AEI44690.1	Paenibacillus mucilaginosus KNP414 	1466	246	68	1304	1220	275bd455b294d37fedf378dbf8ced5fddc0116a1f9fd89c5e8a9586b9b893813
164	So.us.I3/CP000473/9594438..9596378/Solibacter_extraction	gii_db_name	So.us.I3	280	Group II Intron	C	YP_828826.1	Candidatus Solibacter usitatus Ellin6076	1466	247	68	1305	1219	33261ef705c62c5a775a5495c2e02db8f5446f04957cc0e376c6f4ca0b6a66ad
165	Bu.vi.I2/CP000617/381828..383697/Burkholderia_extraction	gii_db_name	Bu.vi.I2	279	Group II Intron	C	YP_001110702.1	Burkholderia vietnamiensis G4 plasmid pBVIE01	1466	248	68	1305	1218	df4b2e00335cd9deb24ef3ecfe90b5d8af7a33e75918b7d481ed1bdd37e9473f
166	Br.sp.I1/CP000494/6816299..6818172/Bradyrhizobium_extraction	gii_db_name	Br.sp.I1	281	Group II Intron	C	YP_001242349.1	Bradyrhizobium sp. BTAi1  	1466	247	68	1305	1219	7911c73cc3db862af05cc66abc8e1398f79e9ac4582aa4cb18b041e70b8e5ca2
167	Gfid|21803083|locus|VBIDicZea111179_3566|_extraction	patric_fid	21803083	277	Group II Intron	C	YP_003005788.1	Dickeya zeae Ech1591 	1466	247	68	1305	1219	5034cbcc21a685cb925bdb3d4e7d1b09f86b0d735fac76785a655fcb5d79d949
168	Gfid|180719125|locus|VBIEscCol277189_4107|_extraction	patric_fid	180719125	278	Group II Intron	C	EQR32981.1  	Escherichia coli HVH 121 (4-6877826) 	1466	203	180	1305	1263	3bd57f8891e85db2dbd5e77ed4dc416d1eecd9911bb81299e44e8cdf931b8619
169	Gfid|190303244|locus|VBISerSp8482_4195|_extraction	patric_fid	190303244	262	Group II Intron	C	AGU89152.1   	Serratia sp. ATCC 39006 	1466	247	68	1305	1219	70b1be5f8eb2fd061444828aa8e6c31c4dad2518b97afa60993ae8d486bf5ba0
170	Bfid|21262583|locus|VBICanAcc132554_3525|_extraction	patric_fid	21262583	264	Group II Intron	C	YP_003168371.1	Candidatus Accumulibacter phosphatis clade IIA str. UW-1 	1466	247	68	1305	1219	a5233258dc22ca9315fa0f7d83fea91e55db3bb5dd4feda474be1d73140bfaa9
171	Gfid|190304141|locus|VBISerSp8482_4636|_extraction	patric_fid	190304141	263	Group II Intron	C	AGU89564.1    	Serratia sp. ATCC 39006	1466	247	68	1305	1219	62198d2128b4d10100d55087b0427a3cbb8440422060352f96f4ecb73e67a533
172	Bfid|21533277|locus|VBICupTai42494_3259|_extraction	patric_fid	21533277	265	Group II Intron	C	YP_001796048.1	Cupriavidus taiwanensis 	1466	247	68	1305	1219	23dbad918363395ca8fec145222e8f21e807e13c040bebd45c6c0e728b95ec2e
173	Bfid|45186915|locus|VBIBurRhi170666_3219|_extraction	patric_fid	45186915	266	Group II Intron	C	YP_004030250.1	Burkholderia rhizoxinica HKI 454 	1466	247	68	1305	1219	7aaaa9aa350a16c9bfeb01a9a03c5543a740fdf2133af83cf2064098a2a81e36
174	P.a.I1/U77945/1..1919/Pseudomonas_extraction	gii_db_name	P.a.I1	261	Group II Intron	C	AAB68949.1	Pseudomonas alcaligenes 	1466	247	68	1305	1219	b2d3dab59036d27047de7cfd91542b29932f5c39dec5c7e84f29d6f52589564b
175	P.s.I1/AE016853/2381076..2382906/Pseudomonas_extraction	gii_db_name	P.s.I1	269	Group II Intron	C	NP_791987.1	Pseudomonas syringae pv. tomato str. DC3000	1466	246	68	1305	1220	6b18dc03c8deaa1a0a2d538527d5eadd9fa17fa25099aa10f813038ef533d9a0
176	B.f.I1/NZ_AAAC01000271/24723..26575/Burkholderia_extraction	gii_db_name	B.f.I1						1466	246	68	1305	1220	d8704668b6fccaade5ee5e344c872b683d1b905acd7071926fcd0fe029baf41d
177	Gfid|31925696|locus|VBIAllVin64954_2919|_extraction	patric_fid	31925696	271	Group II Intron	C	YP_003444897.1	Allochromatium vinosum DSM 180 	1466	246	68	1305	1220	21e356eb590cf70a027bbcf059f58019869be8ae54e3c37bb09ac6cc8040985d
178	Afid|54141352|locus|VBISinMel152503_5994|_extraction	patric_fid	54141352	267	Group II Intron	C	AEH83147.1  	Sinorhizobium meliloti SM11 	1466	247	68	1306	1219	85d9960ec86b61d1129321bc2e84ee3bc7525a57a59d276998deeaf99dede34c
179	Afid|54129720|locus|VBISinMel152503_0312|_extraction	patric_fid	54129720	268	Group II Intron	C	AEH77590.1	Sinorhizobium meliloti SM11 	1466	219	68	1304	1247	944aacafcd97d553f6834c8fd1e038db67c722a0d753eb142d1abfa9fe5b5d15
180	Gfid|161737930|locus|VBIAzoVin292307_2623|_extraction	patric_fid	161737930	272	Group II Intron	C	AGK12906.1  	Azotobacter vinelandii CA 	1466	246	68	1305	1220	bb645f3fd91d28b51e2e6c3dfbbe2ad47a566a9a775bb79329a85b5e2b96acb6
181	Gfid|23651005|locus|VBISodGlo61428_2803|_extraction	patric_fid	23651005	273	Group II Intron	C	YP_454890.1	Sodalis glossinidius str. 'morsitans' 	1466	209	68	1135	1257	72f3633994cb5ebf0bafbb7f3368fbf7cd8cddea9e807427cc542e2f97b775af
182	Bu.cp.I1/NZ_AAEH01000016/115992..117833/Burkholderia_extraction	gii_db_name	Bu.cp.I1	274	Group II Intron	C	ZP_00222104.1	Burkholderia cepacia R1808 Bucepa_16	1466	246	68	1305	1220	cc1db06c3cfb5ecd6696f6492aec3ccdc998098093519863d813aced947330bf
183	Bfid|22964000|locus|VBIPolSp102244_5444|_extraction	patric_fid	22964000	275	Group II Intron	C	YP_552148.1  	Polaromonas sp. JS666	1466	246	68	1305	1220	1088622453bc9e5f7425007fb5215cf34b52fbd5a3095f6efc4d103cfca676c7
184	Bfid|190413778|locus|VBIVarPar264937_3261|_extraction	patric_fid	190413778	276	Group II Intron	C	AGU50311.1	Variovorax paradoxus B4 	1466	247	68	1305	1219	701e5b06baa44fb9cbdf9ebafd50d407b5bb334851bd51f8bbccccfc67de6b4a
185	B.sp.I1/NZ_AAOX01000004/96386..98244/Bacillus_extraction	gii_db_name	B.sp.I1	302	Group II Intron	C	EAR67413.1	Bacillus sp. NRRL B-14911	1466	247	68	1305	1219	5baeefc11e57c4a52266274a1ba5d0e21179a2ee1988765080a575bb3f4bfdf3
186	clostridiafid|61457273|locus|VBISulAci142080_3712|_extraction	patric_fid	61457273	282	Group II Intron	C	AEW07020.1	Sulfobacillus acidophilus DSM 10332 	1466	247	68	1305	1219	075609826769fefde9661aa1803ed16a85d4e13c9554f9751053b39c7e94471f
187	clostridiafid|61455293|locus|VBISulAci142080_2739|_extraction	patric_fid	61455293	283	Group II Intron	C	AEW06108.1	Sulfobacillus acidophilus DSM 10332 	1466	247	68	1305	1219	9717f8e45f761da882c8076e031bebccd999448d96ee1da4872ca8c7dfe7e2f5
188	P.ae.I1/AY029772/3515..5441/Pseudomonas_extraction	gii_db_name	P.ae.I1	311	Group II Intron	C	AAK50439.1	Pseudomonas aeruginosa isolate YMC704	1466	248	68	1305	1218	f7897b8ee73de1e6de081ec8844ac8b63fa74fce75e02ffcec2c45cc59a85497
189	Gfid|22934106|locus|VBIPhoPro109272_1767|_extraction	patric_fid	22934106	312	Group II Intron	C	YP_129838.1	Photobacterium profundum SS9 	1466	205	79	1305	1261	f0ad385fdd30e616654f1b85d08a4da9a1d78a54ce4224048af73f2c866d0ca6
190	Sh.ba.I2/CP000563/2137684..2139633/Shewanella_extraction	gii_db_name	Sh.ba.I2	313	Group II Intron	C	YP_001050216.1	Shewanella baltica OS155	1466	248	68	1305	1218	78983346e007135046a7f98635d006b516d472489fd33f5020b074f01a406152
191	G.s.I1/AE017180/1028657..1030564/Geobacter_extraction	gii_db_name	G.s.I1						1466	247	68	1305	1219	3d7e8ccbd8b443ede1b5cd1e3eab3071f8c95705060e379799d57c5c4a937c75
192	DEfid|38166048|locus|VBIDesAlk70802_2461|_extraction	patric_fid	38166048	310	Group II Intron	C	YP_003691715.1  	Desulfurivibrio alkaliphilus AHT2	1466	246	69	1305	1220	65ea89f00c0ae3e959cec4853d57aaaf5798a28311328f6f7721d722384a0835
193	DEfid|124817422|locus|VBIDesSul232581_2428|_extraction	patric_fid	124817422	309	Group II Intron	C	AGF78774.1	Desulfocapsa sulfexigens DSM 10523 	1466	247	68	1305	1219	fe9d181a153c0e104d422905ecbcbc6e94873dd134890285409d359773e7124c
194	Gfid|31921407|locus|VBIAllVin64954_0826|_extraction	patric_fid	31921407	304	Group II Intron	C	YP_003442808.1  	Allochromatium vinosum DSM 180 	1466	247	68	1305	1219	4b0bb23f40d3c70583edf7fe6d846fd77a2fedbdc1291a7c280278fa9e80ee45
195	Gfid|115641687|locus|VBIThiNit264030_2345|_extraction	patric_fid	115641687	305	Group II Intron	C	AGA33966.1	Thioalkalivibrio nitratireducens DSM 14787 	1466	247	68	1305	1219	168a1da946d848394d32b42d0da01ad51f6cc3581e2d210e9f4f8a0c185f8b15
196	Bfid|21259697|locus|VBICanAcc132554_2105|_extraction	patric_fid	21259697	306	Group II Intron	C	YP_003167049.1	Candidatus Accumulibacter phosphatis clade IIA str. UW-1 	1466	247	68	1305	1219	2924ba8421e23e7baf8b4fcd6a855c47498450c3be515086f10a8e0abd4959bf
197	N.e.I1/AL954747/2285095..2287101/Nitrosomonas_extraction	gii_db_name	N.e.I1						1466	247	68	1305	1219	298af39c754f3b156bf89adac4e5b6e74111a0d7c72804edf46b72ad7881d993
198	Gfid|20127583|locus|VBIVibHar24526_0381|_extraction	patric_fid	20127583	303	Group II Intron	C	YP_001443598.1	Vibrio harveyi ATCC BAA-1116 	1466	249	68	1305	1217	9d72458fa573aa51c7de9d747b304dfae3c2ecbf2e1660006a6fbd1e4988d2ee
199	La.re.I1/AY911856/603..2512/Lactobacillus_extraction	gii_db_name	La.re.I1	338	Group II Intron	C	BAG24604.1	Lactobacillus reuteri  JCM 1112	1466	247	68	1305	1219	965f925bc79a394b853ab524fd953711a7bf755b6d05ff797281119bd4de14ae
200	Bacillifid|43088904|locus|VBILacSal150030_1121|_extraction	patric_fid	43088904	339	Group II Intron	C	ADJ78397.1	Lactobacillus salivarius CECT 5713 	1466	246	68	1304	1220	fdf3ff368f6ea076bfde48511621499d2334035453e5464aa0f650520bf56068
201	Bacillifid|87094488|locus|VBILacPen232155_1085|_extraction	patric_fid	87094488	340	Group II Intron	C		Lactobacillus pentosus KCA1	1466	246	68	1304	1220	67b1ec4df45ffb1d9a5a56844aacf75fbb51e78d298191aa8a88e7b0aa9114b3
202	clostridiafid|115615696|locus|VBIDehSp228777_0406|_extraction	patric_fid	115615696	341	Group II Intron	C	AFV04404.1	Dehalobacter sp. CF 	1466	247	68	1305	1219	7f67bc10c5a8b04601c0953ccb4653058bf0486d635b8fc2340a76eefff49909
203	Bacillifid|45159896|locus|VBIBacCel7049_2030|_extraction	patric_fid	45159896	345	Group II Intron	C	YP_004094964.1	Bacillus cellulosilyticus DSM 2522 	1466	246	68	1304	1220	35a31ea6d0fc794c2d1329f391e6e8377d3fa56750494c4c7354c757593dbbfc
204	Bacillifid|38119357|locus|VBIBacSel78655_0161|_extraction	patric_fid	38119357	344	Group II Intron	C	YP_003698265.1	Bacillus selenitireducens MLS10 	1466	246	68	1304	1220	4741f5da243dc37303d2d0b0b4ded216828b707239f4fd3616cb311dd47285f6
205	Gfid|42345729|locus|VBIGamPro61291_1517|_extraction	patric_fid	42345729	315	Group II Intron	C	YP_003810633.1	gamma proteobacterium HdN1	1466	247	68	1305	1219	5c4dd92d2beb34896d411f31e47dfafa684dc6d72a1125342090b66a91f66f4e
206	Bacteroidetesfid|42649895|locus|VBILeaBys116579_0020|_extraction	patric_fid	42649895	319	Group II Intron	C	YP_003996169.1	Leadbetterella byssophila DSM 17132 	1466	247	68	1305	1219	724c0488f48fecfe718345435f471c7b5d2eb3c76206fc194494cc17d40b0ebf
207	Actinobacteriafid|42167991|locus|VBIArtAri166201_0751|_extraction	patric_fid	42167991	290	Group II Intron	C	YP_003915884.1	Arthrobacter arilaitensis Re117 	1466	248	68	1306	1218	26e20345143a096de7d496fa0ae9171ca8b9916b18990f73ebb6be344da9deca
208	Bacteroidetesfid|61290801|locus|VBINiaKor154066_6175|_extraction	patric_fid	61290801	320	Group II Intron	C	AEW02262.1	Niastella koreensis GR20-10 	1466	247	68	1305	1219	3f291892bf7d7e54b6702cee0b246a3727eab5f807c834305fecae59d6ae51f7
209	M.sp.I1/AF339846/29388..31287/Microscilla_extraction	gii_db_name	M.sp.I1	316	Group II Intron	C	NP_116805.1	Microscilla sp. PRE1	1466	247	68	1305	1219	dae58942e9ed875c30833daed06534f02ca87aadacd228beed3c4da51d8a4c28
210	Bacteroidetesfid|115236219|locus|VBIEchVie187570_1054|_extraction	patric_fid	115236219	317	Group II Intron	C	AGA77286.1	Echinicola vietnamensis DSM 17526 	1466	247	68	1305	1219	1f37520a0049e1594cfa407900cfec2fef3b0dbcc968b59e4fe24c58d492b998
211	Bacillifid|54204419|locus|VBILacJoh171132_1733|_extraction	patric_fid	54204419	347	Group II Intron	C	AEB93977.1	Lactobacillus johnsonii DPC 6026 	1466	246	68	1304	1220	5dd9d960353bfcdf1ae73e18fdbf43bb27807817617876cddc81c22897fe8110
212	E.c.I7/AY785243/414..2383/Escherichia_extraction	gii_db_name	E.c.I7	314	Group II Intron	C	AAV34200.1	Escherichia coli strain 2003-10-702	1466	249	68	1305	1217	fce16c832b1ea1dfdaedf17ef69f067e6cef859d5985ea3b0bafc5def9f92546
213	Afid|54139251|locus|VBISinMel152503_4967|_extraction	patric_fid	54139251	346	Group II Intron	C	AEH82085.1	Sinorhizobium meliloti SM11 	1466	249	68	1306	1217	25289568cfa1e262a3de250d9c172b1a0aad9aca10f96c65aadf2a9334d81c53
214	Bacteroidetesfid|46912205|locus|VBICelAlg158510_3341|_extraction	patric_fid	46912205	321	Group II Intron	C	YP_004166055.1  	Cellulophaga algicola DSM 14237	1466	247	68	1305	1219	f7343740ff7056a0bbcc0243aa3b2568d85c2177e38e0683fc812c7a944bc214
215	Bacteroidetesfid|87132848|locus|VBIBelBal168934_2118|_extraction	patric_fid	87132848	322	Group II Intron	C		Belliella baltica DSM 15883 	1466	121	490	1305	1345	cba8b180a4a591fc0b847b5c4069b07e2fe941c3c33de148f8c12ab3071fd8c4
216	Bacteroidetesfid|54567245|locus|VBIKroSp190710_0128|_extraction	patric_fid	54567245	323	Group II Intron	C	YP_004429380.1  	Krokinobacter sp. 4H-3-7-5 	1466	247	68	1305	1219	e73fb284a0cf70b68df03cfc86a62ffd56b703f53e6ff02665689118f71e16c2
217	Bacteroidetesfid|46881331|locus|VBIBacSal140776_2677|_extraction	patric_fid	46881331	324	Group II Intron	C	YP_004259577.1	Bacteroides salanitronis DSM 18170 	1466	247	68	1305	1219	ef8a4bd98631093d29a8ab86b61dd58f8113346be41c7037004948502dd629b7
218	Bacillifid|86663631|locus|VBIStaAur229418_1173|_extraction	patric_fid	86663631	342	Group II Intron	C	CCG15867.1	Staphylococcus aureus subsp. aureus HO 5096 0412 	1466	247	68	1304	1219	741ce7cce68a8fc865859b086df4ec596da5c44d37b92e0694309cb0006976fb
219	Bacillifid|45364599|locus|VBIStaPse177932_0703|_extraction	patric_fid	45364599	343	Group II Intron	C	YP_004148868.1	Staphylococcus pseudintermedius HKU10-03	1466	247	68	1304	1219	4a474cb1ac8abbea362a589f130c6ec928fc22709f948bba93b5e077bd48f64b
220	Gfid|186998609|locus|VBIPseSyr250795_4170|_extraction	patric_fid	186998609	318	Group II Intron	C	EPN01905.1	Pseudomonas syringae pv. actinidiae ICMP 19102	1466	184	265	1305	1282	aa4dabc22c0e4fb83757a837a0849321ebe99c4f0bb6cf23d28a25017672f242
221	En.fm.I3/FN424376.1/17411..20180/Enterococcus_extraction	gii_db_name	En.fm.I3						1466	286	68	1305	1180	354480d614f42e385bdd65bd0ae5c8bd05ebe2e54f127a84c70ac9d152849d85
222	Bacillifid|18859935|locus|VBIBacCer118379_5432|_extraction	patric_fid	18859935	379	Group II Intron	B	NP_982041.1	Bacillus cereus ATCC 10987 	1466	286	68	1305	1180	285ab6369817d9ee936139de9ca75d01cf0d7cf1a88fedb190c5e93256dd9844
223	Bacillifid|202064373|locus|VBICarSp264223_1846|_extraction	patric_fid	202064373	377	Group II Intron	B	AGY82459.1	Carnobacterium sp. WN1359 	1466	287	68	1305	1179	dddb03c45e1bab880e0abf3ea695d17de8bb3cf2714f55b4af8afeae5116d63a
224	B.a.I2/AE011190/30945..33835/Bacillus_extraction	gii_db_name	B.a.I2	378	Group II Intron	B	NP_652801.1	Bacillus anthracis 	1466	285	68	1305	1181	3ad46944df85a7c4c15d36ecd7b9543b8d0f3ae2349b9d37e4f0a7d718cf5bc8
225	E.f.I3/AE016830/2249712..2252481/Enterococcus_extraction	gii_db_name	E.f.I3	371	Group II Intron	B	NP_815981.1	Enterococcus faecalis 	1466	286	68	1305	1180	1e577e6baed35ba8c878903804a00c49fe56b2e4259caa5fd0464fc241d6fa3c
226	Bacillifid|190355818|locus|VBIStrAng166616_1315|_extraction	patric_fid	190355818	372	Group II Intron	B	AGU83700.1	Streptococcus anginosus C238	1466	286	68	1305	1180	455c744c49d4ea0e78da1e987d0921c79f4483d05e2ed51f52f2c74270b40d96
227	clostridiafid|19436501|locus|VBICloCel57783_2839|_extraction	patric_fid	19436501	373	Group II Intron	B	YP_002507036.1	Clostridium cellulolyticum H10 	1466	286	68	1305	1180	b1c7b004f7057039fda8c4ae327bf86ce86290ce9a95daedc2a95fe801884813
228	Bacillifid|202104716|locus|VBIEntMun281267_0501|_extraction	patric_fid	202104716	374	Group II Intron	B	BAO06057.1	Enterococcus mundtii QU 25 	1466	286	68	1305	1180	03220dc74c035e2c64ce622ca79041df398fa190a41aaf873e15b46ff80409ed
229	B.me.I1/AB022308/3853..6569/Bacillus_extraction	gii_db_name	B.me.I1	359	Group II Intron	B	BAA82060.1	Bacillus megaterium	1466	273	68	1305	1193	c0421eac2b78a45a272997f9801ec36a97a689128c5a273f636a646bf5651069
230	Bacillifid|101939315|locus|VBIBacThu242010_6066|_extraction	patric_fid	101939315	361	Group II Intron	B	AFU17367.1  	Bacillus thuringiensis MC28 	1466	275	68	1305	1191	a281f93b0ae2b4f1a67f4fedb66831671dade6e827e45d70356d7e1b5ff2b004
231	clostridiafid|54454697|locus|VBICloBot178872_0058|_extraction	patric_fid	54454697	360	Group II Intron	B	YP_004385635.1	Clostridium botulinum BKT015925 	1466	285	68	1305	1181	97f4544fde513aed592aa1fbd66fbeae2a8e13943cdb44e6c355a0122e59a5a7
232	Bacillifid|18825078|locus|VBIBacCer120511_0128|_extraction	patric_fid	18825078	356	Group II Intron	B	YP_002335901.1	Bacillus cereus AH187 	1466	275	68	1305	1191	675c3e19fae5ebbed09b5bf28da45bdbcab697521fd54463377b141c307805dc
233	Bacillifid|201989473|locus|VBIBacThu93926_0768|_extraction	patric_fid	201989473	357	Group II Intron	B	AHA69975.1  	Bacillus thuringiensis YBT-1518 	1466	275	68	1305	1191	91d324316eed4e8341b2b413697f051efb6b8ef3aa896b513bab907f161ad74a
234	Bacillifid|67659680|locus|VBIEntFae233823_1913|_extraction	patric_fid	67659680	358	Group II Intron	B	YP_005355053.1  	Enterococcus faecium Aus0004 	1466	273	68	1305	1193	6e21f6e62dc8c5eaef57ad57787be6f9da91461aea15a46f7bb0d7f587327069
235	C.d.I1/X98606/13..2658/Clostridium_extraction	gii_db_name	C.d.I1	363	Group II Intron	B	X98606.1  	Clostridium difficile 	1466	273	68	1305	1193	a53d2a3f1b50bc9b5fb5667c044be986aa412f1788039657d8a64a28ef7c8f83
236	clostridiafid|19462591|locus|VBICloKlu111549_0642|_extraction	patric_fid	19462591	364	Group II Intron	B	YP_001393985.1	Clostridium kluyveri DSM 555 	1466	273	68	1305	1193	7f81f5b22e13d9696809ad20882174353e493906703b0d21e82b02f4d88c86eb
237	clostridiafid|115343359|locus|VBIHalHal149681_0148|_extraction	patric_fid	115343359	366	Group II Intron	B	AGB40181.1	Halobacteroides halobius DSM 5150 	1466	273	68	1305	1193	4b76a8f2c7241255c9ca0cb5f5352585fa2f3b2d70ac1dfc466e37abf11e2bb5
238	clostridiafid|115343005|locus|VBIHalHal149681_0330|_extraction	patric_fid	115343005	367	Group II Intron	B	AGB40354.1	Halobacteroides halobius DSM 5150 	1466	274	68	1305	1192	605165c12f5d3934637037cae17a06f45faf8a3936caf42ef061f99cf2a630fd
239	clostridiafid|19408375|locus|VBICloBot19908_0265|_extraction	patric_fid	19408375	368	Group II Intron	B	YP_002860583.1	Clostridium botulinum Ba4 str. 657 	1466	288	68	1305	1178	a43c13693b02bd740b53a97c77ed0d8c8fe22afcdf753fd7227c3f11f9fd4ec7
240	Bacillifid|38137486|locus|VBIBacThu148000_5492|_extraction	patric_fid	38137486	365	Group II Intron	B	YP_003667675.1  	Bacillus thuringiensis BMB171 	1466	283	68	1305	1183	f2c697b4fb7a526bfdf29a3972975bb03a5b189ea61c57725e52f52cc84cea80
241	clostridiafid|115616442|locus|VBIDehSp228777_1269|_extraction	patric_fid	115616442	362	Group II Intron	B	AFV05263.1  	Dehalobacter sp. CF 	1466	274	68	1305	1192	2461808a9364a818e1f593d6c4c04f6680e37c82d7ce11dfe0f04eff6eddb33f
242	En.fm.I1/NZ_AAAK03000007/10877..13634/Enterococcus_extraction	gii_db_name	En.fm.I1						1466	290	68	1305	1176	fd4ab52d89801bed53b0ad810e64b7a73d87ddeac127767fccbb882580eca5df
243	clostridiafid|42996817|locus|VBIEubSir135646_1742|_extraction	patric_fid	42996817	376	Group II Intron	B	CBK96555.1	Eubacterium siraeum 70/3 	1466	290	68	1305	1176	106e279e7dc7e9cdac4a762f9ee612352633ad31043d27bd4d423070098217c4
244	Bacillifid|18820991|locus|VBIBacCer84800_3811|_extraction	patric_fid	18820991	369	Group II Intron	B	YP_002751176.1	Bacillus cereus 03BB102	1466	273	68	1305	1193	d2ad2f52323f5559f552da6374575b6ae3e550faceb7316eb4ddc58ea547934c
245	Bacillifid|18848241|locus|VBIBacCer122868_5594|_extraction	patric_fid	18848241	352	Group II Intron	B	YP_002454900.1  	Bacillus cereus AH820 	1466	275	68	1305	1191	79471fc16f1eae6f149e71d5d1f515b5ce1b11cc9826a1c865f41f368397d280
246	Bacillifid|31950635|locus|VBIBacPse80461_3982|_extraction	patric_fid	31950635	353	Group II Intron	B	YP_003429024.1  	Bacillus pseudofirmus OF4 	1466	275	68	1305	1191	91a018cd2417f29c15a56c27c9d8e1b467747f2dbd5e997ed8d8a5b844ca2df6
247	Bacillifid|101938694|locus|VBIBacThu242010_5758|_extraction	patric_fid	101938694	348	Group II Intron	B	AFU17075.1	Bacillus thuringiensis MC28	1466	273	68	1305	1193	d1500268a4ed1ab21891e6ae7bf976e12df461182e23d5c807e45a81e129e0a5
248	Bacillifid|47119490|locus|VBIEntFae176554_2204|_extraction	patric_fid	47119490	349	Group II Intron	B	ADX80475.1	Enterococcus faecalis 62 	1466	273	68	1305	1193	7d8275461f3e0799cacf55fadf3e9c4232e3df065f22badc37060616bf58af3c
249	Bacillifid|87137209|locus|VBIHalHal165146_0228|_extraction	patric_fid	87137209	350	Group II Intron	B	CCG43603.1	Halobacillus halophilus DSM 2266 	1466	273	68	1305	1193	f48b9d08e051acaec1de77d0f826161199331d6e959466a9539fd98e7644ea87
250	Bacillifid|190447919|locus|VBIEntSp299569_0686|_extraction	patric_fid	190447919	351	Group II Intron	B	EQC78961.1	Enterococcus sp. HSIEG1 	1466	272	68	1305	1194	96c9084baddaafce261da2401af4f01a650baf2ffdda20652a33544d9bfde1ce
251	Bacillifid|202109853|locus|VBIEntMun281267_2992|_extraction	patric_fid	202109853	354	Group II Intron	B	BAO08591.1  	Enterococcus mundtii QU 25 	1466	272	68	1305	1194	c5e62ebc33ffe532ac7722a83b4d77db86e4d3c49206c4e28ffe42512044feb3
252	Bacillifid|22412306|locus|VBILysSph89750_0101|_extraction	patric_fid	22412306	355	Group II Intron	B	YP_001695704.1  	Lysinibacillus sphaericus C3-41 	1466	274	68	1305	1192	54aa5eefbc1ac0811de6e35b53c3993a22a7c01526ad33a41f93c6d125be52f9
253	Bacillifid|58992730|locus|VBIStrEqu204605_0781|_extraction	patric_fid	58992730	370	Group II Intron	B	AEJ24996.1	Streptococcus equi subsp. zooepidemicus ATCC 35246 	1466	293	68	1305	1173	ae93dde25e1d834d681ffe44e192b3289662d6beeeadac3474a819afefb96307
254	B.c.I5/AE017195/84166..86938/Bacillus_extraction	gii_db_name	B.c.I5	384	Group II Intron	B	NP_982096.1	Bacillus cereus ATCC 10987	1466	274	68	1305	1192	72245f989aa83c0daab57a4520f5943645e9ffbdb2161732cfef4b6ad24b8980
255	Bacillifid|202001215|locus|VBIBacThu93926_6557|_extraction	patric_fid	202001215	385	Group II Intron	B	AHA75626.1   	Bacillus thuringiensis YBT-1518 	1466	276	68	1305	1190	c7407f7f8fa4d73f7a659b1b25fcd11cef251ebc752e535c614111f83e1e3620
256	G.k.I1/BA000043/1312755..1315536/Geobacillus_extraction	gii_db_name	G.k.I1	381	Group II Intron	B	YP_147149.1	Geobacillus kaustophilus HTA426 	1466	277	68	1305	1189	2f5b5f6a46617333c417c04c93a952c5a8f9f611d366068264cb92565fe74196
257	Bacillifid|31950695|locus|VBIBacPse80461_4012|_extraction	patric_fid	31950695	382	Group II Intron	B	YP_003429057.1	Bacillus pseudofirmus OF4 	1466	276	68	1305	1190	a759906a74b341c14c096fd3e4babc20e126069cd4846d2a20cd70e7c3ee06c0
258	clostridiafid|61450525|locus|VBISulAci142080_0388|_extraction	patric_fid	61450525	383	Group II Intron	B	AEW03953.1  	Sulfobacillus acidophilus DSM 10332 	1466	276	68	1305	1190	a450d54d43429b6ddf2cfbd73cc3b01d41fdd32588072f75978e869d352617a1
259	Bacillifid|96574781|locus|VBIBacCer255427_4629|_extraction	patric_fid	96574781	386	Group II Intron	B	AFQ12484.1	Bacillus cereus FRI-35 	1466	286	68	1305	1180	56aabd6e975de7f693b513a9fd1392f8152410660c42a518561f06d7e92a6241
260	Bacillifid|18919101|locus|VBIBacCer120424_5683|_extraction	patric_fid	18919101	387	Group II Intron	B	YP_002533396.1	Bacillus cereus Q1 	1466	276	68	1305	1190	2c1c8769c8bafe71fe0f2978b566b7a203553986a56c3d33d123976beaf49345
261	Bacillifid|31950623|locus|VBIBacPse80461_3976|_extraction	patric_fid	31950623	389	Group II Intron	B	YP_003429019.1   	Bacillus pseudofirmus OF4 	1466	279	68	1307	1187	2b94b56eccba78b78917c5e343ba2a289f693e9dad25752845e14e6fd112a342
262	Bacillifid|45223831|locus|VBIGeoSp94955_1285|_extraction	patric_fid	45223831	388	Group II Intron	B	YP_004131816.1	Geobacillus sp. Y412MC52 	1466	290	68	1305	1176	8deb39829a5ee3668266789297c8105bf2facd5a2bbd2212e0c74baad0061919
263	Pe_ph_I1/CP001110/398581_extraction	gii_db_name	Pe_ph_I1						1466	260	68	1305	1206	38f56a6396a2f5ae973c3bc0ad1bada700cd091e802e8cd06373efb7208b250d
264	D115_extraction	gii_db_name	D115_extraction						1466	260	68	1305	1206	fa9881842d5f7111d068a91b8c1a2c21a6bdc29b25968b0a5e9ebda2c43c1b51
265	Pr_ae_I3/CP001108/2285675__2287507/Prosthecochloris_extraction	gii_db_name	Pr_ae_I3						1466	260	68	1305	1206	19965602dd4e28a37febc300eefd05470ae0a50a3f2b10440dcedfa61d6d7a64
266	UA_I10/FP565147_1/504827__502990/uncultured_archaeon_extraction	gii_db_name	UA_I10						1466	260	68	1305	1206	8725c090d850dfd095c335ddc895209082d6540044b683dcc7403c8e1341d9e7
267	D411_extraction	gii_db_name	D411_extraction						1466	260	68	1305	1206	1a1a37f7be5ba1553dc5ebd72584872b2a13631ec9e5708dec923f555f593911
268	clostridiafid|21725011|locus|VBIDesAce42372_4086|_extraction	patric_fid	21725011	168	Group II Intron	D	YP_003193327.1	Desulfotomaculum acetoxidans DSM 771 	1466	260	68	1305	1206	f4eee17f130cb25e8a711b6894cdd98a3cd03430401c2465873e7b31d9b70452
269	M_a_I53/AE011185/2451_extraction	gii_db_name	M_a_I53						1466	260	68	1305	1206	232d5fa73e081d0e05a48a3c3e289066eaed88c627773d3a6d3e0617414be786
270	clostridiafid|61457293|locus|VBISulAci142080_3722|_extraction	patric_fid	61457293	166	Group II Intron	D	AEW07027.1	Sulfobacillus acidophilus DSM 10332 	1466	260	68	1305	1206	92f709dffca24edc0be0e22cbab85e293360ca6f559738a03b1e7d6b9f4f6809
271	clostridiafid|161812455|locus|VBICloPas18034_4908|_extraction	patric_fid	161812455	177	Group II Intron	D	AGK99593.1  	Clostridium pasteurianum BC1 	1466	260	68	1305	1206	3a331e161c5487e0f84eca738eb42dce9576e738e1f47b1e7bf29418f490ed4a
272	D152_extraction	gii_db_name	D152_extraction						1466	259	68	1305	1207	98bf4e0ee48e4a54f420b1bd677f31bc53b8602049a3dbb840d05c2724336ba2
273	Le_pn_I3/CP000675_2/2801059__2799175/Legionella_extraction	gii_db_name	Le_pn_I3						1466	260	68	1305	1206	c39f94f114e6b506f50dfd2c76174ed4c0823c6cf53db7e2c99041b7349e8c91
274	Dh_re_I1/CP001734_1/751437__753288/Desulfohalobium_extraction	gii_db_name	Dh_re_I1						1466	260	68	1305	1206	515b127b21dbbcf3176602e46aed28c6965d36fafb74a8f16ee9bc0daee7d4da
275	E_c_I2/X77508/518_extraction	gii_db_name	E_c_I2						1466	260	68	1305	1206	563488a20df10995144dc119b52ab670e3d7e5448e6327c209e847bdc7b0e633
276	Gfid|87202399|locus|VBIMetAlc68050_2225|_extraction	patric_fid	87202399	160	Group II Intron	D	CCE23849.1  	Methylomicrobium alcaliphilum 	1466	260	68	1305	1206	2f6588d7eddd01568eba84d5a74ad498bb4d22a333cbae59203869ca78c50175
277	Gfid|108024353|locus|VBILegPne122099_3574|_extraction	patric_fid	108024353	164	Group II Intron	D	CCD07470.1	Legionella pneumophila subsp. pneumophila 	1466	260	68	1305	1206	0cb82558db61e803b5cdd208ad32f255f7b4f9bf6b02da9bf6eae26e0a27a9fb
278	Gfid|23549090|locus|VBIShePut135485_0278|_extraction	patric_fid	23549090	162	Group II Intron	D	YP_001181807.1	Shewanella putrefaciens CN-32 	1466	199	263	1305	1267	5618ef2557e3fcf7404d3f299f1c53f9292b69344447eefdd4e3949bc32d4c19
279	Ag_ra_I1/CP000629_1/1749091__1750949/Agrobacterium_extraction	gii_db_name	Ag_ra_I1						1466	260	68	1305	1206	e27aa0bdddff26a2614ece975d5b3582cfb40bfbb0f60bc96e96e08a800a12b6
280	D177_extraction	gii_db_name	D177_extraction						1466	260	68	1305	1206	2dd2a4dcf887168c970c62797cb35f58ba76cf5b21737ed8baee3b067b16475b
281	Chlorobifid|23040926|locus|VBIProAes37017_0657|_extraction	patric_fid	23040926	195	Group II Intron	D	YP_002015331.1	Prosthecochloris aestuarii DSM 271 	1466	260	68	1305	1206	7613f8d065d046a219143cbf8e65d39f9c3a56a85292393412d8dc5dfb90012c
282	D172_extraction	gii_db_name	D172_extraction						1466	260	68	1305	1206	ef9c1a91414ab08293b2fdc80c611fc6542d227fcbcd154991b657d92fa5b45d
283	Gfid|186035780|locus|VBIPhoTem255998_1848|_extraction	patric_fid	186035780	192	Group II Intron	D	EQC00825.1	Photorhabdus temperata subsp. temperata M1021 	1466	260	68	1305	1206	16f6344d3ea64aaf52d18560136dc249b7cd659d2fc24d6f90ae92b22bb43b1c
284	Gfid|190234795|locus|VBISalEnt166060_0668|_extraction	patric_fid	190234795	193	Group II Intron	D	AGS27631.1	Salmonella enterica subsp. enterica serovar Newport str. USM	1466	260	68	1305	1206	61420f27a52cc3943bd0b3d140371d3afb7d24d4fb309a080f7b4c61fcb3c28b
285	cianobacteriafid|115665938|locus|VBIChaMin231992_1582|_extraction	patric_fid	115665938	196	Group II Intron	D	AFY92545.1	Chamaesiphon minutus PCC 6605 	1466	260	68	1305	1206	5065bdac75bce3b3df933d3c9fbccce893fd2be922c010fe0d81699ad11e602d
286	Pa_de_I1/CP000491/19065_extraction	gii_db_name	Pa_de_I1						1466	260	68	1305	1206	478d80064b25ad09ab996791327c8cdc5652c934bbfb4362e7184c9e300bd701
287	E_c_I9/CP000946_1/2411599__2413485/Escherichia_extraction	gii_db_name	E_c_I9						1466	260	68	1305	1206	1135c02a9bbe1ea6a35504887de2497606ffa333b607cbf7b4392d6e34fb5b92
288	D171_extraction	gii_db_name	D171_extraction						1466	259	68	1305	1207	08ebe88cd0d413d22cf664efce15bd004e0bd1291be57af9d941c870c32a9f0f
289	RmInt1_extraction	gii_db_name	RmInt1_extraction						1466	259	68	1305	1207	dc2b393c6435088ffe436457571eee95dea1285e240cb41268379ea374954076
290	D216_extraction	gii_db_name	D216_extraction						1466	260	68	1305	1206	c80772a600b7fe4d2c0b6db11fbe37e520f320b4f70496483da500b05e53d63e
291	Afid|115293251|locus|VBIRhiTro150571_4429|_extraction	patric_fid	115293251	153	Group II Intron	D	AGB73648.1	Rhizobium tropici CIAT 899 	1466	258	68	1306	1208	90cf6163211eff22ea3caa93a845fd0cc6c08d0f68830d27b95bf4a9c14f3aa8
292	B_j_I1/BA000040/2212569_extraction	gii_db_name	B_j_I1						1466	260	68	1305	1206	86318d1548120dba51d7a6b5f8407aff852a8665682c308685660abf890e4f02
293	R_e_I1/AF261712/2356_extraction	gii_db_name	R_e_I1						1466	261	68	1305	1205	dcd0333463add762263ddbafed64bcb26b77b9d77533f09db1bbcc219cf9a3c8
294	Gfid|86705594|locus|VBIPsePut3905_0289|_extraction	patric_fid	86705594	180	Group II Intron	D	AFK67108.1	Pseudomonas putida ND6 	1466	260	68	1305	1206	6e831700ca7622cf61496a321048610f2eae5f8bb2f728daefb1a70d5a25b82f
295	Gfid|186786189|locus|VBIPseSyr242867_5567|_extraction	patric_fid	186786189	181	Group II Intron	D	EPN74423.1	Pseudomonas syringae pv. actinidiae ICMP 18801	1466	260	68	1305	1206	2f145deb647cebd3e921bfb82e5dddcbb5e93f0fd73f6842cde411c3c61faacb
296	Vi_vu_I1/GQ292873_1/3620__5549/Vibrio_extraction	gii_db_name	Vi_vu_I1						1466	272	68	1305	1194	35b3624ccec23872c9612f31839a26dc03511f64d2dcb0171ddcff2e3d25501e
297	D131_extraction	gii_db_name	D131_extraction						1466	260	68	1305	1206	9fb52668ea91753a2cff39369e5da2ef5f01ede41559fcebbc8e629ea2252e1d
298	D153_extraction	gii_db_name	D153_extraction						1466	260	68	1305	1206	2144ef63ba381b930852fea03a7fc8c1996bbfb887f0902bbd5fd8cb611db245
299	D155_extraction	gii_db_name	D155_extraction						1466	260	68	1305	1206	a6bacba458951cc31fa07525f69e2d710e96d222be70bae56f7a6cf4669e37c9
300	clostridiafid|61052576|locus|VBICloCla155345_0943|_extraction	patric_fid	61052576	170	Group II Intron	D	YP_005045496.1	Clostridium clariflavum DSM 19732 	1466	260	68	1305	1206	4c77c83c959758b216e520152d546415305eda3a1de3d2e821dca2bada697eaf
301	clostridiafid|161812148|locus|VBICloPas18034_4761|_extraction	patric_fid	161812148	171	Group II Intron	D	AGK99452.1	Clostridium pasteurianum BC	1466	260	68	1305	1206	5268dcf2de59f95968a170ce7fa2e7e9748dd6526b376733d8ba50310430a66f
302	Al_me_I4/CP000724/658338_extraction	gii_db_name	Al_me_I4						1466	260	68	1305	1206	94b81f940290d3a13e4e4c3662c8cf4d7a19b7ee997e8407bf8a0aeb0bf60584
303	D143_extraction	gii_db_name	D143_extraction						1466	260	68	1305	1206	032e6be180d98f0b56c56627b683b302b40f4fe2201fd8653ff90ef3b646a8aa
304	Ma_sp_I3/CP000471/785727_extraction	gii_db_name	Ma_sp_I3						1466	260	68	1305	1206	8fe794d9f0943737ca47960d01ee6d278f3e53b5d06e987f4e81b26d05a03e68
305	W_e_I4/AM999887_1/177114__178961/Wolbachia_extraction	gii_db_name	W_e_I4						1466	260	68	1305	1206	198b203c6ee845bfb1f5f5c21a5152b3d0e47722550fb8721ef0fc064b156929
306	clostridiafid|42837854|locus|VBICloCf158569_3569|_extraction	patric_fid	42837854	176	Group II Intron	D	CBK77439.1  	Clostridium cf. saccharolyticum K10 	1466	199	263	1305	1267	e617823161bfdb90d0666a686e0542ce627b0c6de5a2dd0254f41badd1dd64bb
307	B_t_I4/AE015928/3254752_extraction	gii_db_name	B_t_I4						1466	260	68	1305	1206	6fbc5b2eeafeb128b45cb77e85922287b0790d1390902f79e989443cb32dc480
308	D218_extraction	gii_db_name	D218_extraction						1466	261	68	1305	1205	e20e46dc24e34593513a6cc487603acb55bc71ff6db389a80317e03e4b98f41d
309	Actinobacteriafid|58753801|locus|VBIMycCan203588_3899|_extraction	patric_fid	58753801	185	Group II Intron	D	YP_004746984.1	Mycobacterium canettii CIPT 140010059 	1466	262	68	1306	1204	4146bb6a9620e41b525239dbf4f391591775852eaced27f82587f964748840ef
310	Actinobacteriafid|162142109|locus|VBIStrFul287543_7023|_extraction	patric_fid	162142109	187	Group II Intron	D	AGK81851.1	Streptomyces fulvissimus DSM 40593 	1466	199	264	1306	1267	696b769e911c939f2810b1c2bd144c208fb7bb793ea468324624cbab2b74493c
311	D154_extraction	gii_db_name	D154_extraction						1466	261	68	1305	1205	ad8490d4c9971b682e9fa82cd511a59ab6c2cfc454bb9a3e5ed6d15788d62daa
312	Fr_sp_I5/CP000820_1/4042207__4044207/Frankia_extraction	gii_db_name	Fr_sp_I5						1466	262	68	1305	1204	3df32a0e4a617478279f4a4c05065c129ff949a37e81d1625b384ea0e879a103
313	Zu_pr_I2/CP001650_1/3589332__3591217/Zunongwangia_extraction	gii_db_name	Zu_pr_I2						1466	261	68	1305	1205	4891537322d2ffdacc229b5ba79d41775f22f11b89feda01dd9ee456095dec2f
314	Bacteroidetesfid|46905862|locus|VBICelAlg158510_0236|_extraction	patric_fid	46905862	209	Group II Intron	D	YP_004163081.1	Cellulophaga algicola DSM 14237 	1466	261	68	1305	1205	78463b0761ea24adb78eb7ef3de6e1efcdbe1d20139cacaecfba8de657162878
315	Zu_pr_I1/CP001650_1/4279634__4281497/Zunongwangia_extraction	gii_db_name	Zu_pr_I1						1466	259	68	1305	1207	1cc496b198b0cbba5acc0fc085e6175d29c45bc2f06cdf7783544544e54f854c
316	D182_extraction	gii_db_name	D182_extraction						1466	260	68	1305	1206	b68cd959277f15de6b4a754316eaa3d9f065abbe3a44e5c16dc42bde72db1c39
317	D149_extraction	gii_db_name	D149_extraction						1466	260	68	1305	1206	0fb4e0513c9d515141feaf10d0b9baf4014caac3360458718c520246a2891f70
318	Ce_ja_I1/CP000934_1/3788874__3790736/Cellvibrio_extraction	gii_db_name	Ce_ja_I1						1466	259	68	1305	1207	ed7ff9dd96eb7497e301861d4fc225681090c84335a2c0c277ea123e2f85a5fc
319	UMB_I1/AY075117/120__2136/uncultured_marine_bacterium_extraction	gii_db_name	UMB_I1						1466	263	68	1305	1203	5b251495705ff672d77f4a7ed71d67e5fbbcdf3633e3a1c634127ee65f24286f
320	Sh_dy_I1/CP000035/29397__31222/Shigella	gii_db_name	Sh_dy_I1						1466	251	76	1305	1215	58a72076cd3450ca7c16a22de1ad3802159b6ab5d37cd1d0ffc160b7d0b5099e
321	Gfid|47225904|locus|VBIMarMed159599_0649|_extraction	patric_fid	47225904	205	Group II Intron	D	ADZ89922.1	Marinomonas mediterranea MMB-1 	1466	260	68	1305	1206	a1ad8f25f38e6b3089eb5e027b86823e7a54b4f31dc8cff5d402e8302fa7343d
322	Gfid|18678173|locus|VBIShiBoy33460_0060|_extraction	patric_fid	18678173	204	Group II Intron	D	YP_406270.1	Shigella boydii Sb227 	1466	224	70	1305	1242	4eaedb40bc25a80963dc1f55e7e7d25e5f5b76b4e5d195f5e39afcc650f8716e
323	Afid|42670984|locus|VBIRhoVan113057_1971|_extraction	patric_fid	42670984	438	CRISPR-RT	CRIPSR-RT4 	YP_004012211.1	Rhodomicrobium vannielii ATCC 17100 	1466	241	68	1306	1225	f76541720c7650468d8b8f3e013f77f8bfa8a8ac144553a6476a5e7f9dede50e
324	gi|148657122|ref|YP_001277327.1_extraction	gi	148657122	417	CRISPR-RT	CRISP-RT1 (G2L2)	YP_001277327.1	Roseiflexus sp. RS-1	1466	362	68	1305	1104	1d142f2518dcdd042875529d8bab15f9ee7e3893049d4af6137674f86392facf
325	gi|118065097|ref|ZP_01533407.1_extraction	gi	118065097	418	CRISPR-RT	CRISP-RT1 (G2L2)	ZP_01533407.1	Roseiflexus castenholzii DSM 13941	1466	360	68	1305	1106	048b1fa949f21693b3e97bed3d94b2099259c431dada603fa6f2610dea93bc55
326	gi|76258629|ref|ZP_00766283.1_extraction	gi	76258629	419	CRISPR-RT	CRISP-RT1 (G2L2)	ZP_00766283.1	Chloroflexus aurantiacus J-10-fl	1466	352	68	1305	1114	6aec4a902c4c8b716ce89f0df44b254c8e9f3f9a6e0adb3aca90b095e912909e
327	gi|113939199|ref|ZP_01425057.1_extraction	gi	113939199	420	CRISPR-RT	CRISP-RT1 (G2L2)	ZP_01425057.1	Herpetosiphon aurantiacus ATCC 23779	1466	361	68	1305	1105	e68ae5b92f3b07d3c0da78b91e83ccf1245f3eae0c0a537da5866889cf60dd5c
328	Gfid|115349142|locus|VBIThiMob160332_0325|_extraction	patric_fid	115349142	437	CRISPR-RT	CRIPSR-RT3 	AGA89197.1	Thioflavicoccus mobilis 8321 	1466	246	68	1305	1220	6d650065f57a8aaa22166240e3789bb0d4ec04d7454d77e88e4aefbc11d8cdd2
329	B.me.I2/AF142677/34045..36400/Bacillus_extraction	gii_db_name	B.me.I2	62	Group II Intron	CL1B	AAO52785.1	Bacillus megaterium QM B1551	1466	259	68	1305	1207	d6c8773781cffa2f90766dc175477d2490c5a0e14323c4dad13f06e35510d583
330	Bacillifid|18824950|locus|VBIBacCer120511_0064|_extraction	patric_fid	18824950	63	Group II Intron	CL1B	YP_002335828.1	Bacillus cereus AH187 	1466	260	68	1305	1206	bdecc8c2a6b6d56ee667bd2bfdd6893c545bef091c8cdc3afce1f8e3f88eaf97
331	B.a.I1/AE011190/6579..9109/Bacillus_extraction	gii_db_name	B.a.I1	59	Group II Intron	CL1B	 AAM25968.1	Bacillus anthracis str. A2012 plasmid pXO1	1466	257	68	1305	1209	368ae35a65b8cee3ee82b6c46becbbb44bde2e333d566cc0da54ef1d518c7b05
332	clostridiafid|19384870|locus|VBICloBot822_0094|_extraction	patric_fid	19384870	61	Group II Intron	CL1B	YP_001715725.1	Clostridium botulinum A3 str. Loch Maree 	1466	257	68	1305	1209	346646e6c843aeed24ee06d5a70a0b1c55ca4ca55eaf1c7eebd207365fa62185
333	Bacillifid|18918903|locus|VBIBacCer120424_5584|_extraction	patric_fid	18918903	60	Group II Intron	CL1B	YP_002533296.1	Bacillus cereus Q1 	1466	257	68	1305	1209	a2b188fa97e881a8d0ba2849f9d386f766cef32ca3683af11ff680237991f031
334	clostridiafid|161807916|locus|VBICloPas18034_2678|_extraction	patric_fid	161807916	64	Group II Intron	CL1B	AGK97539.1	Clostridium pasteurianum BC1 	1466	260	68	1305	1206	73d5ff1546b92fd5989abcbab751699fc5db3528a868f782828ed37d4223c898
335	cianobacteriafid|115659708|locus|VBIChaMin231992_1870|_extraction	patric_fid	115659708	58	Group II Intron	CL1B	Cha6605_1629(Pseudogene)	Chamaesiphon minutus PCC 6605 	1466	96	277	1305	1370	01cac36ed45bf92abac5ae1fce35ca876b709ad9b5d7049b5f93ea13e19d77b2
336	clostridiafid|115613496|locus|VBIDehSp228777_1264|_extraction	patric_fid	115613496	65	Group II Intron	CL1B	AFV05258.1	Dehalobacter sp. CF 	1466	80	976	1305	1386	203a886d35c47569366fce92c530295906abbc20f088f816ef03ffaf203dff86
337	Gfid|31973883|locus|VBICanHam112931_1217|_extraction	patric_fid	31973883	55	Group II Intron	CL1B	YP_002924030.1	Candidatus Hamiltonella defensa 5AT (Acyrthosiphon pisum) 	1466	252	68	1305	1214	b30e5c8253b35ec960db0a0c3fbd97a65169fd11986e5193a4f5f641c31d9e01
338	cianobacteriafid|115603860|locus|VBIRivSp77222_4388|_extraction	patric_fid	115603860	52	Group II Intron	CL1B	AFY56551.1	Rivularia sp. PCC 7116 	1466	250	68	1305	1216	4120714c04d1cc089db5d03e092d63357a6ff13496bd5e6620e68ebc389a98e0
339	cianobacteriafid|115422190|locus|VBICylSta108647_6985|_extraction	patric_fid	115422190	54	Group II Intron	CL1B	AFZ28292.1	Cylindrospermum stagnale PCC 7417 	1466	250	68	1305	1216	eb436e1927a4c5bcb0da8889a7e0786db64b308b5854eacb1b9dd99b68bf0edd
340	cianobacteriafid|115419880|locus|VBICylSta108647_6126|_extraction	patric_fid	115419880	53	Group II Intron	CL1B	AFZ27573.1	Cylindrospermum stagnale PCC 7417 	1466	250	68	1305	1216	65cb18e5b80e79c8d74402e419f0ecbb1452e96a6c7aefd836eede1a8aef3a56
341	cianobacteriafid|115390656|locus|VBIDacSal132842_3607|_extraction	patric_fid	115390656	56	Group II Intron	CL1B	AFZ51710.1	Dactylococcopsis salina PCC 8305 	1466	265	68	1305	1201	efe5e32227c3bbe335c4caef3b13e4c93b25371919ab8379c63963bfe24f66a0
342	cianobacteriafid|115675501|locus|VBIOscNig7962_2874|_extraction	patric_fid	115675501	68	Group II Intron	CL1B	AFZ06800.1	Oscillatoria nigro-viridis PCC 7112 	1466	254	68	1305	1212	3c2acb0940e47e4ffe36b73b74d01177f9a10189d92e91916dcc41219e9548f9
343	cianobacteriafid|23995189|locus|VBITriEry99848_5996|_extraction	patric_fid	23995189	69	Group II Intron	CL1B	YP_724165.1	Trichodesmium erythraeum IMS101 	1466	264	68	1305	1202	b4a13817a6a726be7b5a8a8c9747993aca72f851530a8415bd23f72ebc4dab4f
344	cianobacteriafid|115391721|locus|VBIDacSal132842_4122|_extraction	patric_fid	115391721	66	Group II Intron	CL1B	AFZ52119.1	Dactylococcopsis salina PCC 8305 	1466	242	68	1305	1224	fdc244ffebad1eccfda3b91221964158a86edc6c03c137dc23acd2162d8bdb13
345	cianobacteriafid|115690797|locus|VBICyaApo239906_2949|_extraction	patric_fid	115690797	67	Group II Intron	CL1B	AFZ54844.1	Cyanobacterium aponinum PCC 10605 	1466	245	68	1305	1221	c907a001c6fac26d8127ae51798e855950e51798f696585bea2ab5d9111090b3
346	Actinobacteriafid|23713660|locus|VBIStrAve112782_0248|_extraction	patric_fid	23713660	57	Group II Intron	CL1B	NP_821400.1  	Streptomyces avermitilis MA-4680 	1466	250	68	1305	1216	ad89648cd85ed8110908bca16ff368d9af9fd21da31e7ef818e168ca40215800
347	G.v.I1/BA000045/168850..171364/Gloeobacter_extraction	gii_db_name	G.v.I1	23	Group II Intron	CL2A	NP_923123.1	Gloeobacter violaceus PCC 7421	1466	247	68	1305	1219	eb6ee3fa290d09e64786279cb52b29bd272ba1758d432a95ac9b3f08d7affe28
348	cianobacteriafid|115660493|locus|VBIChaMin231992_2004|_extraction	patric_fid	115660493	7	Group II Intron	CL2A	AFY92876.1  	Chamaesiphon minutus PCC 6605 	1466	267	68	1305	1199	fa71bb349a222aa897523651a0eee76fc936be37d413368ec36a0fde3fe8b4d9
349	cianobacteriafid|21539290|locus|VBICyaSp130209_0491|_extraction	patric_fid	21539290	6	Group II Intron	CL2A	YP_001801827.1	Cyanothece sp. ATCC 51142 	1466	268	68	1305	1198	a4c8fd5bed33fe3d271d8a603c7800fd9cdbb2ad1062ee6eebc95a5b1f192a2c
350	cianobacteriafid|21575043|locus|VBICyaSp125535_1555|_extraction	patric_fid	21575043	4	Group II Intron	CL2A	YP_002371616.1	Cyanothece sp. PCC 8801	1466	267	68	1305	1199	d14ca6a61a72d7d85c9391158ea5690e7d22bed03dd8518e406b4e4face5da7d
351	cianobacteriafid|21539742|locus|VBICyaSp130209_0717|_extraction	patric_fid	21539742	2	Group II Intron	CL2A	YP_001802055.1	Cyanothece sp. ATCC 51142	1466	267	68	1305	1199	cab254d039457e0a6dba49d37ee148c105019a4a97d7c03fb1292089e83ff5fd
352	cianobacteriafid|115428478|locus|VBICriEpi239080_4618|_extraction	patric_fid	115428478	9	Group II Intron	CL2A	AFZ15062.1  	Crinalium epipsammum PCC 9333 	1466	263	68	1305	1203	917e85157ec7201fe90449a0206e96bd10fac997896d62223bd9220f7bff71c7
353	cianobacteriafid|115579300|locus|VBIMicSp236384_3645|_extraction	patric_fid	115579300	5	Group II Intron	CL2A	AFZ19045.1	Microcoleus sp. PCC 7113 	1466	268	68	1305	1198	d90682fee17d422500c5680989b2d2b5f1c6d97c77f15b110391de6bbff5b143
354	cianobacteriafid|115580159|locus|VBIMicSp236384_0858|_extraction	patric_fid	115580159	12	Group II Intron	CL2A	AFZ16690.1  	Microcoleus sp. PCC 7113	1466	247	68	1305	1219	36d5c7f67a9dca53ebf4515c4de93d1370a2b3c530a0027fa19642babacb93f7
355	cianobacteriafid|115390726|locus|VBIDacSal132842_0370|_extraction	patric_fid	115390726	3	Group II Intron	CL2A	AFZ49129.1	Dactylococcopsis salina PCC 8305 	1466	266	68	1305	1200	de5a69c6fb37ef1657e4e55724473d2f2ed6461b518d3680bccdb1d259df683f
356	cianobacteriafid|21557688|locus|VBICyaSp136448_4440|_extraction	patric_fid	21557688	10	Group II Intron	CL2A	YP_002379570.1	Cyanothece sp. PCC 7424	1466	265	68	1305	1201	0158696582fd7e2986b419943d9f2a2284a05eaea37a8b077ca022d32bc23ace
357	cianobacteriafid|115683636|locus|VBIOscNig7962_7871|_extraction	patric_fid	115683636	8	Group II Intron	CL2A	AFZ10708.1	Oscillatoria nigro-viridis PCC 7112 	1466	258	68	1305	1208	c71e6ed08e0d36b890fa75bbc92c7d43b79ef81c3c02eea0c2f640f7b2ec5b60
358	N.sp.I4/AP003604/45422..47908/Nostoc_extraction	gii_db_name	N.sp.I4	17	Group II Intron	CL2A	NP_489471.1  	Nostoc sp.  PCC 7120	1466	261	68	1305	1205	d9a1c7fddab86eca08398873909d5176b23c8662911d1465aa726bd58963a9d5
359	cianobacteriafid|21588186|locus|VBICyaSp112625_3397|_extraction	patric_fid	21588186	25	Group II Intron	CL2A	YP_003138956.1	Cyanothece sp. PCC 8802 	1466	257	68	1305	1209	baa024a97c8f40fcff3f5075cf7745bc72b797b00969da1e916da257aa2c1042
360	cianobacteriafid|115388988|locus|VBIDacSal132842_1986|_extraction	patric_fid	115388988	20	Group II Intron	CL2A	AFZ50418.1	Dactylococcopsis salina PCC 8305 	1466	268	68	1305	1198	6f0e7b2482b2575a4beabc081f8910e5e6dcaa483cdaa3e5bc2181a748056ad7
361	cianobacteriafid|115392614|locus|VBIDacSal132842_1186|_extraction	patric_fid	115392614	22	Group II Intron	CL2A	AFZ49764.1	Dactylococcopsis salina PCC 8305 	1466	259	68	1305	1207	4124ffba7830271334d037e8eb033fa06d6e6958e6715599a8978789d37f8974
362	cianobacteriafid|115388851|locus|VBIDacSal132842_2432|_extraction	patric_fid	115388851	21	Group II Intron	CL2A	AFZ50775.1	Dactylococcopsis salina PCC 8305 	1466	268	68	1305	1198	ea83b92726bbde328fa519d4e27d956415a377a184c794439d8c0cdd84dd0e8e
363	cianobacteriafid|115547536|locus|VBIAnaSp49473_3044|_extraction	patric_fid	115547536	13	Group II Intron	CL2A	AFW95412.1	Anabaena sp. 90 	1466	263	68	1305	1203	101ae466d25d20af39d4105456670d42c4651c4a5e14d2f332e168172b0d4e61
364	cianobacteriafid|115439943|locus|VBIStaCya5387_0048|_extraction	patric_fid	115439943	11	Group II Intron	CL2A	AFZ33673.1	Stanieria cyanosphaera PCC 7437 	1466	288	68	1305	1178	30cb6eec515179052c05b249140d8826d6bd060b873b36cb9487f4a9419a28ff
365	cianobacteriafid|115428732|locus|VBICriEpi239080_3135|_extraction	patric_fid	115428732	18	Group II Intron	CL2A	AFZ13736.1	Crinalium epipsammum PCC 9333 	1466	269	68	1305	1197	18bb82390ade6e19723b407eac54b038198dd0823f5602022de5d785a259caa1
366	cianobacteriafid|21544066|locus|VBICyaSp130209_2854|_extraction	patric_fid	21544066	19	Group II Intron	CL2A	YP_001804242.1  	Cyanothece sp. ATCC 51142 	1466	267	68	1305	1199	cc562b8c0b49812bd000cf130ead1c6282e93ae3b3130c490d299ae86dce6646
367	C.sp.I1/X71404/446..2898/Calothrix_extraction	gii_db_name	C.sp.I1						1466	262	68	1305	1204	c2e472db041c51dea6ffbaa6e9772f38c8cdf1b60551ff064f7ce85f26ff7889
368	Tr.e.I2/CP000393/5587083..5589603/Trichodesmium_extraction	gii_db_name	Tr.e.I2						1466	259	68	1305	1207	d65fb092b0172c6163b1bae4b33c7ba807504422464c84f72ee9552d272ef4e4
369	cianobacteriafid|23984237|locus|VBITriEry99848_0561|_extraction	patric_fid	23984237	24	Group II Intron	CL2A	YP_720364.1	Trichodesmium erythraeum IMS101 	1466	259	68	1305	1207	52922e435df442ce05b72d8af26e8781e66f785340a347640d5d7d6506532a28
370	cianobacteriafid|115404203|locus|VBIOscAcu116170_2852|_extraction	patric_fid	115404203	26	Group II Intron	CL2A	AFY82020.1	Oscillatoria acuminata PCC 6304	1466	265	68	1305	1201	3f5d246cf701e7335343cf184abb3eb6887c4f3f78d46290844e69f7afb5fb1a
371	C.w.I1/NZ_AADV01000039/6112..8597/Crocosphaera_extraction	gii_db_name	C.w.I1	39	Group II Intron	CL2A	WP_007306251.1	Crocosphaera watsonii WH 8501	1466	267	68	1305	1199	7d55386475b04f59d2e52260d63bf75171528d4228e7b3baef25e6013755b923
372	cianobacteriafid|21547658|locus|VBICyaSp130209_4633|_extraction	patric_fid	21547658	40	Group II Intron	CL2A	YP_001806077.1	Cyanothece sp. ATCC 51142	1466	265	68	1305	1201	6c205a2e9daddb290480841bf9f74fb6fa7553cb633be102336fb3d6a70b0e4d
373	cianobacteriafid|22636780|locus|VBIMicAer59304_5685|_extraction	patric_fid	22636780	31	Group II Intron	CL2A	YP_001661219.1	Microcystis aeruginosa NIES-843	1466	259	68	1305	1207	a515cc58e0f141ea1675953f1b288c890d38bdc3e5675bb016e15ebc34ed455d
374	cianobacteriafid|42723187|locus|VBIArtPla153080_2809|_extraction	patric_fid	42723187	28	Group II Intron	CL2A	BAI92651.1	Arthrospira platensis NIES-39 	1466	259	68	1305	1207	51eb032149b6497f2ef3539f6ec7d2a2f4f82169a28c9a1eb33f96bf61075b2e
375	cianobacteriafid|42724297|locus|VBIArtPla153080_3363|_extraction	patric_fid	42724297	36	Group II Intron	CL2A	BAI93154.1  	Arthrospira platensis NIES-39 	1466	215	227	1305	1251	b0bf72fd57d8952f3e2afaaba74017018774209623839de6e21dfcf010ff1ac1
376	cianobacteriafid|115401811|locus|VBIOscAcu116170_3674|_extraction	patric_fid	115401811	32	Group II Intron	CL2A	AFY82664.1	Oscillatoria acuminata PCC 6304	1466	258	68	1305	1208	24ae74fbde560298840c51a9edf31332c0478a87b606b5fc3ff6cdcbefa3ff3d
377	cianobacteriafid|42725237|locus|VBIArtPla153080_3831|_extraction	patric_fid	42725237	34	Group II Intron	CL2A	BAI93586.1	Arthrospira platensis NIES-39 	1466	146	462	1305	1320	dcafc4ec830d8d14456ad5782ed5330c6fcbe6a7e894d7d7a29731c0a2d94da5
378	cianobacteriafid|42723055|locus|VBIArtPla153080_2743|_extraction	patric_fid	42723055	35	Group II Intron	CL2A	BAI92588.1  	Arthrospira platensis NIES-39 	1466	146	462	1305	1320	bbb22077bed0692f07dc37de1f8c92522cb850774d707fb0f70bb2dd80f3b4db
379	cianobacteriafid|42724541|locus|VBIArtPla153080_3485|_extraction	patric_fid	42724541	37	Group II Intron	CL2A	BAI93264.1	Arthrospira platensis NIES-40	1466	87	969	1305	1379	96339975f75569733e0d70f3d096e6237fc3022f65804e2a1c67c5b936f0c851
380	cianobacteriafid|42720039|locus|VBIArtPla153080_1249|_extraction	patric_fid	42720039	33	Group II Intron	CL2A	BAI91266.1  	Arthrospira platensis NIES-39 	1466	87	969	1305	1379	f6a3cf0dd16635abf363094bed81809d109c8a5c90f197c321a2be459e9f468e
381	cianobacteriafid|42716490|locus|VBIArtPla153080_5826|_extraction	patric_fid	42716490	29	Group II Intron	CL2A	BAI89703.1  	Arthrospira platensis NIES-39 	1466	111	463	1305	1355	3073eabb86ef5b14631823d88ac8544e7e657597101adf7787d5099a8bbd80b3
382	cianobacteriafid|42717648|locus|VBIArtPla153080_6402|_extraction	patric_fid	42717648	30	Group II Intron	CL2A	BAI90203.1	Arthrospira platensis NIES-39 	1466	145	462	1305	1321	7ed1c8491d448afd6bcd6b2d0d1c8efa12943e35154f707bb283eb05c20ad631
383	cianobacteriafid|115405098|locus|VBIOscAcu116170_7132|_extraction	patric_fid	115405098	38	Group II Intron	CL2A	AFY85276.1  	Oscillatoria acuminata PCC 6304 	1466	259	68	1305	1207	b41c8eb3a3583622f3f32c40070459fc3c78a8cb2678530d3e3c2297f17b2cc2
384	cianobacteriafid|42716762|locus|VBIArtPla153080_5960|_extraction	patric_fid	42716762	15	Group II Intron	CL2A	BAI89832.1	Arthrospira platensis NIES-39 	1466	257	68	1305	1209	f8533ccf8889083989c3444b5d16b2a89f4ef240231bcd1ea4c62f054b15b97e
385	cianobacteriafid|42721577|locus|VBIArtPla153080_2008|_extraction	patric_fid	42721577	27	Group II Intron	CL2A	BAI91961.1	Arthrospira platensis NIES-39 	1466	255	68	1305	1211	9988caf888fea85c7989173e036701ae0324d51dc99fe66c7363dc7ac4988970
386	E.c.I5/AF074613/58241..60646/Escherichia_extraction	gii_db_name	E.c.I5	91	Group II Intron	CL1A	YP_325632.1	Escherichia coli O157:H7 str. EDL933	1466	252	68	1305	1214	94e1ede524a150f43ffd6cdcaf06b2186d22b1536b10beed947fb4e7d6a7374f
387	Gfid|86738873|locus|VBIPseAer240047_2455|_extraction	patric_fid	86738873	92	Group II Intron	CL1A	AFM64702.1	Pseudomonas aeruginosa DK2 	1466	253	68	1305	1213	3809538b4966857e64bfae0e0a8f915a11b97bea357470a2902808d3762961d1
388	A.v.I1/AY057439/1648..4444/Azotobacter_extraction	gii_db_name	A.v.I1	77	Group II Intron	CL1A	AAL25965.1	Azotobacter vinelandii 	1466	251	68	1305	1215	dc3718c1b347bad9dcb81bbfa432ae1d480c6c8c74843b38e40f5c893f528e77
389	Gfid|32030132|locus|VBICitRod33214_3055|_extraction	patric_fid	32030132	75	Group II Intron	CL1A	YP_003366691.1	Citrobacter rodentium ICC168 	1466	251	68	1305	1215	007727d2dc76b101c7b40f96b52feef8bac0958fa173d70598dc99e6f87cc279
390	Gfid|20838927|locus|VBIAlcBor124741_0664|_extraction	patric_fid	20838927	76	Group II Intron	CL1A	YP_692355.1	Alcanivorax borkumensis SK2 	1466	251	68	1305	1215	5e388ffde9a4bb3e654884adaf73affe001b8cc3fffad99a0cda0e6429ef0b06
391	Bfid|21163595|locus|VBIBorPet31633_1067|_extraction	patric_fid	21163595	90	Group II Intron	CL1A	YP_001629663.1	Bordetella petrii DSM 12804 	1466	252	68	1305	1214	4d9fc4c92980ba1f4c2f5b09095653f0b1d77a0f880a1f557341c75dce84a352
392	Gfid|48579126|locus|VBIEscCol159162_5518|_extraction	patric_fid	48579126	93	Group II Intron	CL1A	AEE60032.1	Escherichia coli UMNK88 	1466	248	68	1305	1218	341bf2fc912a12f6f6dde810490d84893848c608c2a5315eee9df532f87e2424
393	Gfid|61234146|locus|VBILegPne178567_1092|_extraction	patric_fid	61234146	79	Group II Intron	CL1A	AEW51326.1	Legionella pneumophila subsp. pneumophila ATCC 43290	1466	255	68	1305	1211	8c7278337d9a2ffbee367d4be366337f4557840032a81daba61b0f6f78a9db25
394	Chlorobifid|21384938|locus|VBIChlPha121022_1466|_extraction	patric_fid	21384938	94	Group II Intron	CL1A	YP_001959764.1	Chlorobium phaeobacteroides BS1 	1466	248	68	1305	1218	5e5e642e3878030de7ce16a49297217b5bdca4fd5290b8432b79335fbb04f52d
395	B.t.I1/AE015928/2871095..2873499/Bacteroides_extraction	gii_db_name	B.t.I1	87	Group II Intron	CL1A	NP_811210.1  	Bacteroides thetaiotaomicron 	1466	253	68	1305	1213	29281802cb9d651eb9a314264096ca9816ad8f6cdb603bc81515b48046be5821
396	Bacteroidetesfid|87116550|locus|VBIAliFin145170_0642|_extraction	patric_fid	87116550	89	Group II Intron	CL1A	AFL77070.1	Alistipes finegoldii DSM 17242 	1466	252	68	1305	1214	849b6c753c0c6f862a451c0f1a84b70326e923648cb8b12d66a71c49ebdeaf88
397	Bacteroidetesfid|21069184|locus|VBIBacVul85104_2201|_extraction	patric_fid	21069184	88	Group II Intron	CL1A	YP_001299414.1	Bacteroides vulgatus ATCC 8482 	1466	252	68	1305	1214	474e6aee3f0028f89d4db7a687c62f95217c1f622762414b25f88cc6b08e0b3f
398	Th.e.I1/BA000039/27344..30566/Thermosynechococcus_extraction	gii_db_name	Th.e.I1	83	Group II Intron	CL1A	NP_680822.1	Thermosynechococcus elongatus BP-1	1466	242	68	1305	1224	45c4450f07ded6ef28696e0c72066a717fa48662f45882e4dbf14f4abd1ceec3
399	cianobacteriafid|23927302|locus|VBITheElo119873_1051|_extraction	patric_fid	23927302	84	Group II Intron	CL1A	NP_681791.1  	Thermosynechococcus elongatus BP-1 	1466	81	882	1305	1385	4c012acd7a295fb4f2db9fe683f92ada27f647565b0e28bf2f2399242836c3da
400	Bfid|42338528|locus|VBIGalCap53152_0971|_extraction	patric_fid	42338528	85	Group II Intron	CL1A	YP_003846753.1	Gallionella capsiferriformans ES-2 	1466	250	68	1305	1216	de3c26f00cf56ee2b1c00f541dcfcbf1599076722e2e279fd16681ae5bab2611
401	Gfid|42346603|locus|VBIGamPro61291_1949|_extraction	patric_fid	42346603	74	Group II Intron	CL1A	YP_003811021.1	gamma proteobacterium HdN1 	1466	252	68	1305	1214	c28783fea322d67d5bd697a7326aaa87ab65239a10e3c22d83a78490436025e3
402	P.p.I2/Y18999/752..2957/Pseudomonas_extraction	gii_db_name	P.p.I2	80	Group II Intron	CL1A	CAB81565.1	Pseudomonas putida 	1466	250	68	1305	1216	6a8069dbf745b1b902b2b9e8627bf3495f0f512aaee85dc42eaeab21ded58476
403	Gfid|19961745|locus|VBIPseStu31643_0668|_extraction	patric_fid	19961745	81	Group II Intron	CL1A	YP_001171206.1	Pseudomonas stutzeri A1501 	1466	250	68	1305	1216	cd4e05a352ac7688251d2928decfe5464fbd487399eaad2bf9b539e08f82d58c
404	Bfid|45180960|locus|VBIBurRhi170666_0329|_extraction	patric_fid	45180960	82	Group II Intron	CL1A	YP_004022293.1	Burkholderia rhizoxinica HKI 454 	1466	250	68	1305	1216	051bf0fe0b102d6add78b76eba1c52b1d1aba806ea0680937d4f8ec3fb34607a
405	Gfid|22088426|locus|VBIHahChe29232_3586|_extraction	patric_fid	22088426	73	Group II Intron	CL1A	YP_435100.1	Hahella chejuensis KCTC 2396 	1466	251	68	1305	1215	0df43e9d7048b4ebf630ec4992b3994b1b704fc2f1b0bc18d603859b091b90af
406	Gfid|19847262|locus|VBIPseAer79785_0614|_extraction	patric_fid	19847262	70	Group II Intron	CL1A	YP_788747.1	Pseudomonas aeruginosa UCBPP-PA14 	1466	194	261	1305	1272	5c1b2c1354cd6311c12fe93cff3da9fa646f58c3ff62755d456f43cfecf2e79d
407	Bfid|42537310|locus|VBIRalSol167236_2271|_extraction	patric_fid	42537310	71	Group II Intron	CL1A	YP_003751272.1  	Ralstonia solanacearum PSI07 	1466	203	255	1305	1263	72a42ea8ca46b910054459829ad274cfe8f8a60bde603ab04630e4bb740208cd
408	Bfid|21165521|locus|VBIBorPet31633_2025|_extraction	patric_fid	21165521	72	Group II Intron	CL1A	YP_001630638.1	Bordetella petrii DSM 12804 	1466	252	68	1305	1214	fe51070137fb207aad92e411bd9b692ff086c8b992d151a1a440a67c7c4302e2
409	Bacillifid|54795537|locus|VBIStrPas183593_1131|_extraction	patric_fid	54795537	104	Group II Intron	CL1A	YP_004559271.1	Streptococcus pasteurianus ATCC 43144 	1466	252	68	1305	1214	aef5b87e6440035ee9bb37e3e6dd57326fabd1d8686f50ee6c0407b2353f1ba9
410	Bacillifid|42436540|locus|VBIStrPne98725_0947|_extraction	patric_fid	42436540	105	Group II Intron	CL1A	YP_003876481.1  	Streptococcus pneumoniae AP200 	1466	252	68	1305	1214	92197ce23b65eba09f436fcc7b9ff0f0723f4867b2e36ba730670c53b495f7df
411	Gfid|48578553|locus|VBIEscCol159162_5238|_extraction	patric_fid	48578553	78	Group II Intron	CL1A	AEE59814.1	Escherichia coli UMNK88 	1466	226	68	1305	1240	bae18f0f0a2f69ccc5b70a429332f4ef5a54f43a4a07b1d6db55321572e36a1d
412	Afid|115293380|locus|VBIRhiTro150571_4588|_extraction	patric_fid	115293380	86	Group II Intron	CL1A	YP_007336327.1	Rhizobium tropici CIAT 899	1466	258	60	1306	1208	b784fc405601bd4f2ec0a12f14250877c94cb372ee1ea060842f83c0c10b687e
413	Gfid|54574176|locus|VBIGlaSp182133_0425|_extraction	patric_fid	54574176	103	Group II Intron	CL1A	YP_004432641.1	Glaciecola sp. 4H-3-7+YE-5	1466	244	68	1305	1222	b57185627e72c7f5e8325c717ceef9745ece667a6381df1fc290f45a4a065ef8
414	Gfid|184905921|locus|VBILegPne304526_2043|_extraction	patric_fid	184905921	106	Group II Intron	CL1A	ERB41253.1  	Legionella pneumophila str. 121004 	1466	244	68	1305	1222	291ca75bc85013c8d602a07cc56cb489e0370088a085f63bf401ec547ff24181
415	Sh.sp.I1/CP000446/2526748..2528903/Shewanella_extraction	gii_db_name	Sh.sp.I1	97	Group II Intron	CL1A	YP_734248.1	Shewanella sp. MR4	1466	245	68	1305	1221	2ccfe373da9c7c152375c726b2103be42c0fc846d8befa3572ca684be4e2b5f1
416	Gfid|58933841|locus|VBISheBal147952_0958|_extraction	patric_fid	58933841	98	Group II Intron	CL1A	ADT93102.1  	Shewanella baltica OS678 	1466	245	68	1305	1221	bc9e7bc989dc9e8081e2eb950af94894b74bc056719e91a6a7165ba521fdacf5
417	Gfid|54183625|locus|VBISheBal163160_2541|_extraction	patric_fid	54183625	95	Group II Intron	CL1A	AEH14162.1  	Shewanella baltica OS117 	1466	245	68	1305	1221	24e087db477588949257caecdf4dd5824545139018cfadef98e119b87e4d4a2c
418	Gfid|35297935|locus|VBIXenBov95754_1334|_extraction	patric_fid	35297935	96	Group II Intron	CL1A	YP_003467385.1	Xenorhabdus bovienii SS-2004 	1466	196	255	1305	1270	af59cba01cdc978fe9450c2df99208bfdd5fdf768640ed89c1aeb1c03a4dcc47
419	Bacteroidetesfid|115626437|locus|VBIFibAes90597_0767|_extraction	patric_fid	115626437	101	Group II Intron	CL1A	CCG98767.1	Fibrella aestuarina 	1466	253	68	1305	1213	a54857eb9fa6189f59cbbc423840de6018262449823f7fa9133b0d3493f510cf
420	Afid|24029979|locus|VBIWolEnd21207_0693|_extraction	patric_fid	24029979	102	Group II Intron	CL1A	NP_966456.1	Wolbachia endosymbiont of Drosophila melanogaster 	1466	262	60	1306	1204	100ae37cf0bfec0a59f35c93a106255757c39436432448b2e8611646b0c5fb0b
421	Gfid|189809342|locus|VBIAltMac287461_0611|_extraction	patric_fid	189809342	99	Group II Intron	CL1A	AGP84397.1	Alteromonas macleodii str. 'Ionian Sea U4' 	1466	255	68	1305	1211	049ef8a90daa22b97e7d0427cbb6c27addbb9b437b210f142713e5d52035b8b8
422	Gfid|115641574|locus|VBIThiNit264030_3543|_extraction	patric_fid	115641574	100	Group II Intron	CL1A	AGA35145.1	Thioalkalivibrio nitratireducens DSM 14787 	1466	157	388	1305	1309	8c4ddafc7c6abb53258f86839b012a0c72ee48a4f76bdbdff10d08ba6b523645
423	Ms.b.I1/NZ_AAAR02000002/377828..379992/Methanosarcina_extraction	gii_db_name	Ms.b.I1						1466	248	68	1305	1218	083ac99ee7d7fecf3e004424610fc1553bc16fc62572e7accc5cf854dcf5dcbb
424	clostridiafid|161805880|locus|VBICloPas18034_1667|_extraction	patric_fid	161805880	107	Group II Intron	CL1A	AGK96615.1  	Clostridium pasteurianum BC1 	1466	256	68	1305	1210	b3e429a9f6ef8316339fc676ebb0e92e1864c42daeddaccd4714b382119b970e
425	Bacillifid|19653441|locus|VBIStrEqu35012_1915|_extraction	patric_fid	19653441	108	Group II Intron	CL1A	YP_002745288.1	Streptococcus equi subsp. zooepidemicus 	1466	256	68	1305	1210	067e3aef26b19c6248d6cdb7c9908dec2438410dde18a16d7cde5930ae8894f3
426	clostridiafid|161806116|locus|VBICloPas18034_1785|_extraction	patric_fid	161806116	109	Group II Intron	CL1A	AGK96716.1	Clostridium pasteurianum BC1 	1466	256	68	1305	1210	d9765d8febf7a90bb04c3db7f70de4f43933be6371de12d82d6118f921c83bb6
427	N.sp.I2/BA000020/259212..261419/Nostoc_extraction	gii_db_name	N.sp.I2	45	Group II Intron	CL2B	NP_490347.1	Nostoc sp.  PCC 7120	1466	256	68	1305	1210	e2996792977da36e7c083019a6598f88ab6e6b7ed8f7a8dd128110b2ce0befab
428	cianobacteriafid|115683516|locus|VBIOscNig7962_8018|_extraction	patric_fid	115683516	44	Group II Intron	CL2B	AFZ10805.1	Oscillatoria nigro-viridis PCC 7112 	1466	236	68	1305	1230	01f7bfc604ecbb82eb8cc81b95874114ca0e3952de0a46031f0ddf1364f4564a
429	cianobacteriafid|115430450|locus|VBICriEpi239080_1694|_extraction	patric_fid	115430450	43	Group II Intron	CL2B	AFZ12458.1  	Crinalium epipsammum PCC 9333	1466	236	68	1305	1230	55786e4a3b1d1a3e4688ac381b9b2a71a59f64cc6bcfd74eb0b56fba61b8086b
430	cianobacteriafid|115337801|locus|VBIAnaCyl106394_6267|_extraction	patric_fid	115337801	41	Group II Intron	CL2B	AFZ61079.1  	Anabaena cylindrica PCC 7122 	1466	256	68	1305	1210	9c00a0d37678a3ecfb12af24c39fcb4c1605a02ee06fc70d931cb36ec4b48752
431	cianobacteriafid|115514952|locus|VBICalSp227687_3172|_extraction	patric_fid	115514952	46	Group II Intron	CL2B	AFZ01848.1  	Calothrix sp. PCC 6303 	1466	256	68	1305	1210	ca034ad7db8288f5453d7c3ec858b46a08532e1e2715a3c4d144d34ea456f3c3
432	C.w.I6/NZ_AADV02000041/1584..4153/Crocosphaera_extraction	gii_db_name	C.w.I6	49	Group II Intron	CL2B	WP_007306270.1	Crocosphaera watsonii WH 8501	1466	235	68	1305	1231	28d6dfb46148eb8af2b690a1a7df4cb2076705b4eeead114a7413da8a7131bd2
433	cianobacteriafid|115603115|locus|VBIRivSp77222_2588|_extraction	patric_fid	115603115	47	Group II Intron	CL2B	AFY54959.1	Rivularia sp. PCC 7116 	1466	258	68	1305	1208	33a1e9a1a28b98c4fff979842d07493a99eccf0eb29c949366eef421c0ab5cbc
434	cianobacteriafid|115549836|locus|VBIAnaSp49473_5321|_extraction	patric_fid	115549836	50	Group II Intron	CL2B	AFW97276.1	Anabaena sp. 90 	1466	236	68	1305	1230	253675fc799fa4bc23446e64239b77ff447e891b5095fc51b79e90dbb31443db
435	cianobacteriafid|22782216|locus|VBINosSp37423_6520|_extraction	patric_fid	22782216	48	Group II Intron	CL2B	NP_490348.1  	Nostoc sp. PCC 7120 	1466	224	68	1305	1242	15ed58bba5751d731047a0b7908f79581308a0b3ccf4d9c584a2803764b63085
436	cianobacteriafid|22782374|locus|VBINosSp37423_6599|_extraction	patric_fid	22782374	42	Group II Intron	CL2B	NP_490414.1	Nostoc sp. PCC 7120 	1466	118	228	1305	1348	68aeea998eab19c495756e0d469a6a3b8344234f2295ed725b0090f53434954c
437	N.sp.I1/BA000019/6209592..6207287/Nostoc_extraction	gii_db_name	N.sp.I1	51	Group II Intron	CL2B	NP_489246.1	Nostoc sp.  PCC 7120	1466	256	68	1305	1210	bc0daaf09df082066a421dd2d5280dda4ce420a380b00eb1389c66afd29900ff
438	gi|354961371|dbj|BAL14050.1|_extraction	gi	354961371	127	Group II Intron	g3	BAL14050.1	Bradyrhizobium japonicum USDA 6	1466	261	68	1305	1205	96a619349842f64d438f03eeaba856640d38460ae9b890804ccdf90fb0753e6c
439	gi|149195205|ref|ZP_01872295.1_extraction	gi	149195205	506	UG11	UG11(G2L-Other)	ZP_01872295.1   	Caminibacter mediatlanticus TB-2	1466	246	57	1305	1220	4290f3e9f1cd0e289d71633be0f6422b31b43a75c21b7cdc9d88cbd70d8d60f1
440	Gfid|115351524|locus|VBIThiMob160332_3694|_extraction	patric_fid	115351524	548	UNC	Unclassified	AGA92426.1	Thioflavicoccus mobilis 8321 	1466	262	68	1305	1204	80fa290aa01dfe5be9865154411163f3205891722faff133fd45ac71800da385
441	gi|17232506|ref|NP_489054.1_extraction	gi	17232506	446	DGRs	DGRs	NP_489054.1	Nostoc sp. PCC 7120 (Anabaena sp. PCC 7120)	1466	210	228	1305	1256	5dee8c21b35203ee29d82a8f1140c0e31cd658d82336dd641d89d53b4ebad1f4
442	gi|119509703|ref|ZP_01628848.1_extraction_extraction	gi	119509703	448	DGRs	DGRs	ZP_01628848.1	Nodularia spumigena CCY9414	1466	259	66	1305	1207	58154a09e42e32b49efa54a3d2be2c9d57f1db2c5aae8244ade95937194cf8e7
443	gi|126660098|ref|ZP_01731218.1_extraction_extraction	gi	126660098	449	DGRs	DGRs	ZP_01731218.1	Cyanothece sp. CCY0110	1466	259	66	1305	1207	d20d03370584e02874cc7abb36890f2a0650f0a0f53873ad8f35428ea855565d
444	gi|119511289|ref|ZP_01630404.1_extraction_extraction	gi	119511289	445	DGRs	DGRs	ZP_01630404.1     	Nodularia spumigena CCY9414	1466	259	66	1305	1207	d6626a0e2fc94c24baf0dec3d28a3d70123f6dd4f1105266a15e45b85b806574
445	cianobacteriafid|115549820|locus|VBIAnaSp49473_5313|_extraction	patric_fid	115549820	444	DGRs	DGRs	AFW97271.1	Anabaena sp. 90 	1466	240	90	1305	1226	567f030adbfe64f441d5bc8da4ac3ee077b4db676ffe412fcd1e53227e5ab4c4
446	cianobacteriafid|115507212|locus|VBICalSp15318_6404|_extraction	patric_fid	115507212	447	DGRs	DGRs	AFY36037.1	Calothrix sp. PCC 7507 	1466	136	267	1305	1330	26a4dc25af4c7cbe8f7efb63570cf8187dd446721b7d25918aeb3513d50ba904
447	gi|126659397|ref|ZP_01730532.1_extraction_extraction	gi	126659397	451	DGRs	DGRs	ZP_01730532.1  	Cyanothece sp. CCY0110	1466	259	66	1305	1207	0c476b04b9e360d12500a426fea697a93bb014f7b447afaee54ed10c485866b2
448	cianobacteriafid|115462114|locus|VBILepSp112363_4293|_extraction	patric_fid	115462114	452	DGRs	DGRs	AFY39963.1	Leptolyngbya sp. PCC 7376 	1466	240	90	1305	1226	6a4fade3407ccbd3ad6e06ce7333796d63e909f6d778911b1029817bb61f77ca
449	gi|113474819|ref|YP_720880.1_extraction	accession	YP_720880						1466	218	185	1305	1248	59d8f1fcf6595c49e1035c10130979ee3fbc7d35fc66f2975390176263c9aa07
450	gi|68551127|ref|ZP_00590553.1_extraction_extraction	gi	68551127	454	DGRs	DGRs	ZP_00590553.1	Pelodictyon phaeoclathratiforme BU-1	1466	259	66	1305	1207	da81672a25df0473c724af3c1e831b0e1da90b4d21b1e3e87d88753f556edc8b
451	gi|119356297|ref|YP_910941.1_extraction_extraction	gi	119356297	455	DGRs	DGRs	YP_910941.1	Chlorobium phaeobacteroides DSM 266	1466	259	66	1305	1207	d0aded793b7bc7812520817821d5dcd1ed0c44f19455973305a081c103d187ab
452	Afid|42673013|locus|VBIRhoVan113057_2968|_extraction	patric_fid	42673013	453	DGRs	DGRs	YP_004013130.1	Rhodomicrobium vannielii ATCC 17100 	1466	254	71	1306	1212	29114255f5366b549b98ce8e6acbf7c7c33f8439680993ef8f2e1f08d3887c92
453	Bfid|21260775|locus|VBICanAcc132554_2632|_extraction	patric_fid	21260775	456	DGRs	DGRs	YP_003167541.1	Candidatus Accumulibacter phosphatis clade IIA str. UW-1	1466	259	68	1305	1207	4af3613890c20847d66149c32810b68796c90cb136a52823ed94a25fd9fcc318
454	gi|146277368|ref|YP_001167527.1_extraction_extraction	gi	146277368	474	DGRs	DGRs	YP_001167527.1  	Rhodobacter sphaeroides ATCC 17025	1466	254	66	1305	1212	e0d476fe9cd3e4cd8c8b28616fbc52c43cbdacc1db1e58aae8c4f74d8f61c5e8
455	gi|134299090|ref|YP_001112586.1_extraction_extraction	gi	134299090	475	DGRs	DGRs	YP_001112586.1	Desulfotomaculum reducens MI-1	1466	251	66	1305	1215	fc13572ccaf7cca1a7133fcb0a8e940816758179f34391d549b962da0ab9654c
456	gi|27311204|ref|NP_758929.1_extraction_extraction	gi	27311204	476	DGRs	DGRs	NP_758929.1	Vibrio phage VHML	1466	249	66	1305	1217	6de3551e7c796cacc6fb3a3272f2e026f35dc691cac0b376fe2990649d273771
457	gi|120599269|ref|YP_963843.1_extraction_extraction	gi	120599269	477	DGRs	DGRs	YP_963843.1	Shewanella sp. W3-18-1	1466	253	66	1305	1213	ca12fd28a9fa8e642c338d86a946fe06030874dac3f9629163a5b29523b7a866
458	gi|150390313|ref|YP_001320362.1_extraction_extraction	gi	150390313	464	DGRs	DGRs	YP_001320362.1	Alkaliphilus metalliredigens QYMF	1466	266	66	1305	1200	0a75e940b176b1d7697c51444fe450193cc4e4f2c2d0737af97502461d68048f
459	gi|149736339|gb|EDM52225.1_extraction_extraction	gi	149736339	466	DGRs	DGRs	EDM52225.1	Eubacterium ventriosum ATCC 27560	1466	266	66	1305	1200	e783e1348f61f6ee465f2fcef9a47d3ed700972609e20a76c1362483610a56b7
460	clostridiafid|21725483|locus|VBIDesAce42372_4322|_extraction	patric_fid	21725483	465	DGRs	DGRs	YP_003193548.1	Desulfotomaculum acetoxidans DSM 771	1466	262	67	1305	1204	cf2630f3654e95e862ae2bdecbeb6d782a61a94ade37077d49886d53f629a61f
461	gi|149833092|gb|EDM88174.1_extraction_extraction	gi	149833092	467	DGRs	DGRs	EDM88174.1	Ruminococcus obeum ATCC 29174	1466	266	66	1305	1200	21e44095521117b202495aaad5fd96909da0a4d6d7e5b2ec4f9a8aa80d2df37f
462	DEfid|178964775|locus|VBIDesAlk310819_0341|_extraction	patric_fid	178964775	470	DGRs	DGRs	EPR35614.1	Desulfovibrio alkalitolerans DSM 16529	1466	242	70	1305	1224	59c4c8ab430f1a80fff9064b36dd11a1df20726d1efae69ebca7ff0bdd723f7d
463	Afid|23317494|locus|VBIRhoCen1465_1100|_extraction	patric_fid	23317494	471	DGRs	DGRs	YP_002297369.1	Rhodospirillum centenum SW 	1466	244	71	1306	1222	668681fbf788aa627a5656284aed2986f64b09de9a6b8edc3c17321a0cb78d8a
464	gi|151580925|gb|EDN44663.1_extraction_extraction	gi	151580925	457	DGRs	DGRs	EDN44663.1	Diplosphaera colitermitum TAV2	1466	258	66	1305	1208	78844fc6bba1119a57565fb5092fcfc5636a0be78f0d8072f21c317c8b4bfbb0
465	gi|68553139|ref|ZP_00592520.1_extraction_extraction	gi	68553139	463	DGRs	DGRs	ZP_00592520.1	Prosthecochloris aestuarii DSM 271	1466	245	66	1305	1221	ab8eac57b68e4f6b2099ba8b1def26549692c1fe4118fed9f22df51940bfcbef
466	gi|78189651|ref|YP_379989.1_extraction_extraction	gi	78189651	458	DGRs	DGRs	YP_379989.1	Chlorobium chlorochromatii CaD3	1466	241	66	1305	1225	392ab1e4a4d42ba26d68289d58677f76bf2a190640ac92868f12bbda07c8f589
467	gi|68551181|ref|ZP_00590605.1_extraction_extraction	gi	68551181	459	DGRs	DGRs	ZP_00590605.1	Pelodictyon phaeoclathratiforme BU-1	1466	241	66	1305	1225	090f39154a8f4bb51a7a52e0dcd7ddc975e639a9bfd1d0a31c7380dbd4ce70c6
468	gi|42527768|ref|NP_972866.1_extraction_extraction	gi	42527768	460	DGRs	DGRs	NP_972866.1	Treponema denticola ATCC 35405	1466	241	66	1305	1225	c6a906115cdb628501570455f461cdb8c6e7047b6a0930df0f39e9750b615d09
469	clostridiafid|42983704|locus|VBIEubRec131464_1270|_extraction	patric_fid	42983704	469	DGRs	DGRs	CBK90586.1	Eubacterium rectale DSM 17629 	1466	249	67	1305	1217	2221c01c7fe4f9de99c1ad174c8959d8f1871b43949079752b2d123b763fbc20
470	clostridiafid|42986635|locus|VBIEubRec131464_2830|_extraction	patric_fid	42986635	480	DGRs	DGRs	CBK91930.1	Eubacterium rectale DSM 17629 	1466	296	67	1305	1170	c92fec3b7b056deb616f8b9aa65f80822372795c1446d568f5e11d9df9dfcd0a
471	Bacteroidetesfid|42706064|locus|VBIAliSha154597_2655|_extraction	patric_fid	42706064	478	DGRs	DGRs	CBK62847.1  	Alistipes shahii WAL 8301 	1466	238	70	1305	1228	a1ffaf7469471d83b951cde1b87baed02ffdea7f60c67a4abc28f3f4333d8b0e
472	Bacteroidetesfid|87116280|locus|VBIAliFin145170_0509|_extraction	patric_fid	87116280	479	DGRs	DGRs	AFL76926.1	Alistipes finegoldii DSM 17242 	1466	239	75	1305	1227	1985f764a3d0beded90bff8630a35f089e817c2aff1262db1424ed1323989d8b
473	gi|41179367|ref|NP_958675.1_extraction_extraction	gi	41179367	472	DGRs	DGRs	NP_958675.1	Bordetella phage BPP-1	1466	239	66	1305	1227	cc883f2eb1aa9027bdc8742967a7230b0ff552b11663fe748384d4796bd6d807
474	gi|83310593|ref|YP_420857.1_extraction_extraction	gi	83310593	490	DGRs	DGRs	YP_420857.1	Magnetospirillum magneticum AMB-1	1466	273	66	1305	1193	7f22a53246a1683c01608f2121c39d2edda411c03bb9c8493098bb1d1f9daea0
475	gi|83309559|ref|YP_419823.1_extraction_extraction	gi	83309559	491	DGRs	DGRs	YP_419823.1	Magnetospirillum magneticum AMB-1	1466	272	66	1305	1194	cd63bf994e85da1d185d51a2bd865d3df456332e20fb35692ee445a795720276
476	gi|121528340|ref|ZP_01660954.1_extraction_extraction	gi	121528340	482	DGRs	DGRs	ZP_01660954.1	Ralstonia pickettii 12J	1466	274	66	1305	1192	1cf12c6bf4eed5010e977524056e6ecbad8edee78b0db8a1c5ac2eb5c37ceb38
477	Bfid|19110484|locus|VBIBurGlu130723_4311|_extraction	patric_fid	19110484	483	DGRs	DGRs	YP_002911371.1	Burkholderia glumae BGR1 	1466	215	261	1305	1251	64d99282c2a384a4948645b7e777c2fbd7c23b518ef2a8008e1fe1178a652fe1
478	Bfid|162042828|locus|VBIRalSol168141_2001|_extraction	patric_fid	162042828	484	DGRs	DGRs	CBJ38282.1	Ralstonia solanacearum CMR15 	1466	270	70	1305	1196	cebb0048fade95b053ce9ca3288b3d79ea85073f407c5590cfdcbea083a8303f
479	Gfid|186514316|locus|VBIPseSp174409_5710|_extraction	patric_fid	186514316	485	DGRs	DGRs	EPL03927.1	Pseudomonas sp. CF161 	1466	268	71	1305	1198	fc1f7d95354d0ea2563fa99956a5a283e3c84d89c6645d28352a1daa79a2f72a
480	Bfid|58533098|locus|VBIColFun187779_3500|_extraction	patric_fid	58533098	486	DGRs	DGRs	YP_004754024.1   	Collimonas fungivorans Ter331	1466	270	70	1305	1196	2ce5a4f9e23aab59140b0ddc7e0e1c98e485b398178e717f4e5f92539280cc55
481	Bfid|58850249|locus|VBIPseSp173302_0942|_extraction	patric_fid	58850249	487	DGRs	DGRs	YP_004846191.1	Pseudogulbenkiania sp. NH8B 	1466	270	70	1305	1196	6aa64c95c2ba8762527c2621e555610b9d2f1f19bab630b2224a8937da07a2a4
482	Bfid|35398478|locus|VBISidLit69165_0197|_extraction	patric_fid	35398478	488	DGRs	DGRs	YP_003522832.1	Sideroxydans lithotrophicus ES-1 	1466	269	70	1305	1197	1aaedabe72e87bd30798837208376f62aaaef8d4242f66f7e908b948630c4946
483	Bfid|45146078|locus|VBIAliDen149934_3700|_extraction	patric_fid	45146078	489	DGRs	DGRs	YP_004128191.1	Alicycliphilus denitrificans BC 	1466	270	70	1305	1196	641105f1cb5466b94ac4b0919a027edcae915cfe4be540ff6e9d57cd3d5766ba
484	gi|148359926|ref|YP_001251133.1_extraction_extraction	gi	148359926	492	DGRs	DGRs	YP_001251133.1	Legionella pneumophila str. Corby	1466	281	66	1305	1185	c6afe71a933e690f062608e5a4b3c6684fd7788ca797cf6be06b13c67a70af41
485	Bacteroidetesfid|87117093|locus|VBIAliFin145170_0906|_extraction	patric_fid	87117093	494	DGRs	DGRs	AFL77340.1  	Alistipes finegoldii DSM 17242 	1466	289	70	1305	1177	a28af5d1c5e971c8fd0fb637a11838ac2bade87ae3daf5435957951abec24784
486	Bacteroidetesfid|87072650|locus|VBIOrnRhi164984_0536|_extraction	patric_fid	87072650	493	DGRs	DGRs	AFL96752.1	Ornithobacterium rhinotracheale DSM 15997	1466	279	70	1305	1187	f13f8d0c4bed86648a924a5c8204d70e448be838e6edba1b6650df37b6dc2e4c
487	gi|118747050|ref|ZP_01594931.1_extraction_extraction	gi	118747050	497	DGRs	DGRs	ZP_01594931.1	Geobacter lovleyi SZ	1466	278	66	1305	1188	6dd59ba21cde15884632ac6f2f30d9e1f4c36a46de2b34edf02360373c0a1140
488	gi|90580666|ref|ZP_01236470.1_extraction_extraction	gi	90580666	495	DGRs	DGRs	ZP_01236470.1	Photobacterium angustum S14	1466	279	66	1305	1187	163cb3d75bf062c13d31d70c2b1c53893dfd7cf101ed8cd4a36008038c93d4d1
489	gi|126090247|ref|YP_001041702.1_extraction_extraction	gi	126090247	496	DGRs	DGRs	YP_001041702.1  	Shewanella baltica OS155	1466	275	66	1305	1191	b449b661e189aa7b594f412baf1bd37f128886757ab0760ccda50c7933c06130
490	Bfid|35402002|locus|VBISidLit69165_1918|_extraction	patric_fid	35402002	502	DGRs	DGRs	YP_003524569.1	Sideroxydans lithotrophicus ES-1 	1466	256	70	1305	1210	7e2464840398974f432df4547ec3aed0d3d9d636074f24d42828a4e12f48c7b1
491	gi|71065017|ref|YP_263744.1_extraction_extraction	gi	71065017	500	DGRs	DGRs	YP_263744.1	Psychrobacter arcticus 273-4	1466	242	66	1305	1224	a7766f0e05ced880aa44b071bdc732892aaf48e5abde7c4d18e11de5e3e5ad1c
492	Bfid|22394887|locus|VBILepCho83238_2278|_extraction	patric_fid	22394887	501	DGRs	DGRs	YP_001791286.1	Leptothrix cholodnii SP-6 	1466	237	70	1305	1229	263c354182864aa007f4b8cd8595ff926d367895f6c4b23509841587248bdfb5
493	Gfid|23962770|locus|VBIThiSp19295_1623|_extraction	patric_fid	23962770	473	DGRs	DGRs	YP_002513685.1	Thioalkalivibrio sulfidophilus HL-EbGr7 	1466	174	279	1305	1292	07b85948d5f391d629ba9ac35d9a6b4453a58e87f98247a53196b240f63071d4
494	gi|91778076|ref|YP_553284.1_extraction	gi	91778076	535	UG10 (G2L3)	UG10 (G2L3)	YP_553284.1	Burkholderia xenovorans LB400	1466	248	68	1305	1218	7a135395ddec64bcc9f3c95dec77f0c2db17b2b35c5ef5e1552596c194968b58
495	gi|118697871|ref|ZP_01555949.1_extraction	gi	118697871	536	UG10 (G2L3)	UG10 (G2L3)	ZP_01555949.1	Burkholderia ambifaria MC40-6	1466	248	68	1305	1218	8a06e34e89ba8d2d62dd7b654e540f0d81c82ce8b55f3d0eaea99d1740485ebb
496	gi|153215166|ref|ZP_01949864.1_extraction	gi	153215166	538	UG10 (G2L3)	UG10 (G2L3)	ZP_01949864.1     	Vibrio cholerae 1587	1466	247	68	1305	1219	617751e18ff95270c9bdea6d21a83ee8c2a2bc3e32ea73f00f347e36c576c95f
497	Gfid|18338818|locus|VBIEscCol51957_5061|_extraction	patric_fid	18338818	533	UG10 (G2L3)	UG10 (G2L3)	YP_002410747.1	Escherichia coli IAI39 	1466	249	68	1305	1217	a44380edadb6f1a20d0db5ab9dde1b22e8c11abe672a9346e1a702dfe57ebbfd
498	Gfid|186391424|locus|VBIPseAer311403_5632|_extraction	patric_fid	186391424	532	UG10 (G2L3)	UG10 (G2L3)	EQM83695.1	Pseudomonas aeruginosa WC55	1466	248	68	1305	1218	f47b99d1061ed9d737315665ead46ad15789eb2c96c696b8809cd2b9d46346cf
499	Gfid|187071036|locus|VBIPseSyr250467_3903|_extraction	patric_fid	187071036	531	UG10 (G2L3)	UG10 (G2L3)	EPM68019.1	Pseudomonas syringae pv. theae ICMP 3923 	1466	81	882	1305	1385	230dd5d3e6ae43e18af60c2b734c5c4d0776b6a864ed99906627090e6805e113
500	Afid|23100091|locus|VBIRhiEtl120572_3276|_extraction	patric_fid	23100091	537	UG10 (G2L3)	UG10 (G2L3)	YP_001979426.1	Rhizobium etli CIAT 652 	1466	242	68	1306	1224	22f7f2fedeb98732252ec85a6a709a7b126e7df02a52b87219624fbcbcf567af
501	gi|71737296|ref|YP_277064.1_extraction	gi	71737296	541	UG10 (G2L3)	UG10 (G2L3)	YP_277064.1	Pseudomonas syringae pv. phaseolicola 1448A	1466	252	68	1305	1214	8237a85a17c0945a32629fc2667bff81388fd857a15eaf75d56bc991fe78ff45
502	gi|126356707|ref|ZP_01713711.1_extraction	gi	126356707	542	UG10 (G2L3)	UG10 (G2L3)	ZP_01713711.1	Pseudomonas putida GB-1	1466	252	68	1305	1214	e53d57317d789352e6908fa43caf45e07f65dd0fa34d696089308c8503ffd4af
503	cianobacteriafid|115520115|locus|VBICalSp227687_6109|_extraction	patric_fid	115520115	544	UG10 (G2L3)	UG10 (G2L3)	AFZ04462.1	Calothrix sp. PCC 6303 	1466	253	68	1305	1213	9ec0123f9ca00f8146e7ede112989bb546bafccdc6b5aa543a217d087b7c2215
504	Bfid|22613911|locus|VBIMetMob89187_1849|_extraction	patric_fid	22613911	543	UG10 (G2L3)	UG10 (G2L3)	YP_003049268.1   	Methylotenera mobilis JLW8 	1466	255	68	1305	1211	5b42a6531ce1b61bd3387f022cfd5f61dd83055cf5e8342ed631adb2b6c84671
505	DEfid|21773733|locus|VBIDesVul86729_1889|_extraction	patric_fid	21773733	545	UG10 (G2L3)	UG10 (G2L3)	YP_002436190.1  	Desulfovibrio vulgaris str. 'Miyazaki F' 	1466	245	68	1305	1221	f45201e2c5abaa1d3a3b20f636e9fe94aff1cde3514ab9b0dd59c52a8113c18f
506	DEfid|21758211|locus|VBIDesSal121003_1367|_extraction	patric_fid	21758211	546	UG10 (G2L3)	UG10 (G2L3)	YP_002990956.1	Desulfovibrio salexigens DSM 2638 	1466	246	68	1305	1220	4b01350b2ec1399afd8bc7aa3c78bc43ca7838bf1d7310e3ade8488ee64f58dc
507	Bacillifid|21876762|locus|VBIExiSp39724_0818|_extraction	patric_fid	21876762	540	UG10 (G2L3)	UG10 (G2L3)	YP_002885212.1	Exiguobacterium sp. AT1b 	1466	243	68	1305	1223	6af023e58816fe959d4ee140495bed28a6e936c806157f2569780d2621a6fba7
508	Bacteroidetesfid|32431149|locus|VBISpiLin97822_0631|_extraction	patric_fid	32431149	539	UG10 (G2L3)	UG10 (G2L3)	YP_003385490.1	Spirosoma linguale DSM 74 	1466	243	68	1305	1223	eb30376c77e2a7934fb1725a2b8ea1e69fd5d41cc1190800f7d3b330bea9b9fd
509	Afid|23360423|locus|VBIRosDen86677_1106|_extraction	patric_fid	23360423	534	UG10 (G2L3)	UG10 (G2L3)	YP_681485.1	Roseobacter denitrificans OCh 114 	1466	92	849	1306	1374	ad8cb63e8c6cd849333cc5a705004524e3adeb5b9a62bf6b437dc06ee4d8be6e
510	Gfid|189292173|locus|VBITerTur232417_0522|_extraction	patric_fid	189292173	461	DGRs	DGRs		Teredinibacter turnerae T8415	1466	239	68	1305	1227	fc018d951b077c5c633dccd42dfb9c995c5181da9d030c75012e2f450e5c8f61
511	Bfid|21262415|locus|VBICanAcc132554_3443|_extraction	patric_fid	21262415	462	DGRs	DGRs	YP_003168291.1	Candidatus Accumulibacter phosphatis clade IIA str. UW-1	1466	237	70	1305	1229	1aa9137980fcb13a410ced5c23287e15c6c5556c9cdb75c28fb9c2f2b5b22293
512	clostridiafid|43173932|locus|VBIRumSp156992_1069|_extraction	patric_fid	43173932	468	DGRs	DGRs	CBL19593.1	Ruminococcus sp. SR1/5	1466	265	67	1305	1201	1969f12a4854fa2563414609faf1573cbf898d2ff51f9a151faa880fff137552
513	gi|118066942|ref|ZP_01535200.1_extraction	gi	118066942	609	UG4	UG4	ZP_01535200.1	Serratia proteamaculans 568	1466	208	67	1305	1258	59cc0c604679fb872b74d11d1d146bf5d8a8ce1ad3020c9461de62ddac0fea0b
514	gi|151571856|gb|EDN37510.1_extraction_extraction	gi	151571856	611	UG4	UG4	EDN37510.1	Francisella novicida GA99-3548	1466	207	75	1305	1259	950724fc2dca7a3913ded8534ae30330a83ababb808bb202b1d73fd05b598204
515	gi|119476243|ref|ZP_01616594.1_extraction_extraction	gi	119476243	610	UG4	UG4	ZP_01616594.1	marine gamma proteobacterium HTCC2143	1466	205	76	1305	1261	8824aefb4269ef5137703b7968c746a06daa0ea5197160e7fb282f44c1525381
516	gi|123441511|ref|YP_001005497.1_extraction_extraction	gi	123441511	619	UG3	UG3	YP_001005497.1	Yersinia enterocolitica subsp. enterocolitica 8081	1466	241	54	1305	1225	749a139144f6aff3cba4977759bcc8fef853ab5a8550e945caccdd8d8ec3fa2d
517	Gfid|189841748|locus|VBIAltMac287510_4038|_extraction	patric_fid	189841748	620	UG3	UG3	AGQ03690.1	Alteromonas macleodii str. 'Ionian Sea UM4b'	1466	237	61	1305	1229	dcfbf495064e83226094404595630bd77af4fd352a02fcf31c44a84e157f7eb4
518	gi|53718225|ref|YP_107211.1_extraction_extraction	gi	53718225	614	UG3	UG3	YP_107211.1	Burkholderia pseudomallei K96243	1466	244	54	1305	1222	019597b527b6de51fb188bc4e860533aa037a1f6c5d153d853381cc8d607bae9
519	Gfid|87348281|locus|VBIMetSp147316_1516|_extraction	patric_fid	87348281	615	UG3	UG3	AFJ02685.1	Methylophaga sp. JAM7 	1466	286	13	1305	1180	979f49ecbcb1f18572597c4487d8a4e70ea854f45e15fed6331288a2d3203600
520	Bacteroidetesfid|87263720|locus|VBIFleLit174749_0250|_extraction	patric_fid	87263720	616	UG3	UG3	AFM02751.1	Flexibacter litoralis DSM 6794 	1466	266	54	1305	1200	8677b02858696789299d9fe48e80a1af84c9a8ac3f706a090fef471f29d55daa
521	Gfid|45429733|locus|VBIVibFur169925_2671|_extraction	patric_fid	45429733	617	UG3	UG3	ADT87873.1	Vibrio furnissii NCTC 11218	1466	287	13	1305	1179	5bae21cf1925bc36b0e7fcbf0efccc756169f0556ba224b2d95b10c348fe4563
522	Gfid|42313451|locus|VBIDicDad25310_0565|_extraction	patric_fid	42313451	618	UG3	UG3	YP_003881322.1	Dickeya dadantii 3937 	1466	285	13	1305	1181	f5b3501a49eed5b38053955f74789c2d7f08240beecef5cde0a69f598bb4847f
523	gi|151560523|gb|ABS14021.1_extraction_extraction	gi	151560523	621	UG3	UG3	ABS14021.1	Ochrobactrum anthropi ATCC 49188	1466	233	63	1305	1233	e122cfdac9a1902a1b9178cf51e9a8eace0d56f6e50a0d4001f7813aecd9d415
524	gi|50119996|ref|YP_049163.1_extraction_extraction	gi	50119996	622	UG3	UG3	YP_049163.1  	Pectobacterium atrosepticum SCRI1043	1466	246	63	1305	1220	50403d8e84c22e03de0121ca050006fa394338ff69561f04f021aa8322cfbca3
525	Gfid|32374434|locus|VBISalEnt87589_2944|_extraction	patric_fid	32374434	623	UG3	UG3	YP_002115721.1	Salmonella enterica subsp. enterica serovar Schwarzengrund	1466	242	62	1305	1224	f96999d377ba524c2153a31e54a51d7c47bb2a3e1743f9cfcafeeaa406bc3736
526	Gfid|87389803|locus|VBIPseFlu200955_4838|_extraction	patric_fid	87389803	624	UG3	UG3	EIK58071.1	Pseudomonas fluorescens Q8r1-96	1466	240	61	1305	1226	0ca54b5fd5981973f2e9dea41af91bc3581b096860f6f0415876c4e47d7e62a9
527	Afid|23621411|locus|VBISinMed134228_4356|_extraction	patric_fid	23621411	152	Group II Intron	D	YP_001326908.1	Sinorhizobium medicae WSM419	1466	77	886	1306	1389	3a0800c33e94ff364e750f5bbe26a103329243031c63fffd89db5be3e9df21a5
528	Gfid|58366981|locus|VBIAciCal182605_3025|_extraction	patric_fid	58366981	251	Group II Intron	E	YP_004750411.1	Acidithiobacillus caldus SM-1 	1466	98	882	1305	1368	1841ba2a1eb64b960566bbecdf2bdeb91bf169347d33848f5446de6e53e88e42
529	gi|89895550|ref|YP_519037.1_extraction_extraction	gi	89895550	584	Abi*	UG7	YP_519037.1	Desulfitobacterium hafniense Y51	1466	235	81	1214	1231	8520bcfc9d40c6c1762723857cbb91b39b9d68cc2a89378fdb31e5fe6b132e09
530	gi|21240921|ref|NP_640503.1_extraction_extraction	gi	21240921	585	Abi*	UG7	NP_640503.1	Xanthomonas axonopodis pv. citri str. 306	1466	230	81	1214	1236	43814f80ac1b4751091c532d312219d0451086c7637acae66ece8bd03b86e593
531	Gfid|31925946|locus|VBIAllVin64954_3044|_extraction	patric_fid	31925946	586	Abi*	UG7	YP_003445026.1	Allochromatium vinosum DSM 180 	1466	273	77	1277	1193	62b847a65a037f529feccfce295aa4e1e2f2931ec84e538ff3c190762791ce21
532	clostridiafid|43055415|locus|VBIHalPra106773_1068|_extraction	patric_fid	43055415	606	Abi*	Unclassified	ADO77207.1  	Halanaerobium praevalens DSM 2228 	1466	318	75	1308	1148	360c2731177984f907046a6124665917fe5da80550eee37840421e492e55fbef
533	DEfid|42441956|locus|VBISulAut92361_1181|_extraction	patric_fid	42441956	604	Abi*	Unclassified	YP_003892233.1	Sulfurimonas autotrophica DSM 16294 	1466	257	71	1305	1209	89f619e66506799cdb72c6f2ecbd835b505aef9f3a6615eb762b187fb744b533
534	Bfid|58526013|locus|VBIColFun187779_0008|_extraction	patric_fid	58526013	605	Abi*	Unclassified	YP_004750670.1	Collimonas fungivorans Ter331 	1466	253	72	1305	1213	a29c6e42613ae860b1a0962e64ec070bee5b19f724adb4b1fb1fa782534a897a
535	gi|52548386|gb|AAU82235.1_extraction_extraction	gi	52548386	607	Abi*	UN1	AAU82235.1	uncultured archaeon GZfos12E2	1466	236	73	1228	1230	a514fbb4729516a7206d05d84fcb85725bf4ed0a6455d78bf9b4ee73218f1e22
536	gi|148254613|ref|YP_001239198.1_extraction_extraction	gi	148254613	608	Abi*	UN1	YP_001239198.1	Bradyrhizobium sp. BTAi1	1466	223	73	1215	1243	9178404355c49632bffec6c05037c68cbe239238068525761307d0f72f25be95
537	Gfid|176420657|locus|VBIAciBau289782_2220|_extraction	patric_fid	176420657	549	UNC	Unclassified		Acinetobacter baumannii AB-HKU3-10	1466	266	65	1305	1200	9222e8cfe116a32cbe6e708b9b3c9f5247c5ae363e15c86f00926a955ac98b17
538	Afid|189765406|locus|VBIAcePas307039_2786|_extraction	patric_fid	189765406	550	UNC	Unclassified	CCT60821.1  	Acetobacter pasteurianus 386B 	1466	259	68	1306	1207	c46117543976b81017477b7745367b33fc1289116f79082d26a3659fc5ea9477
539	gi|82702063|ref|YP_411629.1_extraction	gi	82702063	434	G2L4	G2L(G2L4)	YP_411629.1  	Nitrosospira multiformis ATCC 25196	1466	265	94	1262	1201	2d7c3600c17510d5a6ff2c786329290fd4308fe98aa8cf6a5723881d0f277478
540	gi|71735515|ref|YP_277063.1_extraction	gi	71735515	436	G2L4	G2L(G2L4)	YP_277063.1  	Pseudomonas syringae pv. phaseolicola 1448A	1466	267	94	1262	1199	c4fdeabc08a09441e4d260ec08f276897ad2ec6d00e05d5378f4cc0aeeb70a95
541	Afid|22599913|locus|VBIMetSil55537_2322|_extraction	patric_fid	22599913	435	G2L4	G2L(G2L4)	YP_002362445.1	Methylocella silvestris BL2 	1466	269	96	1263	1197	79d263b4cdeee142f968b92555c6cd816f4762d582036882980775849846c6d7
542	gi|89098464|ref|ZP_01171347.1_extraction_extraction	gi	89098464	565	Abi	UN3	ZP_01171347.1	Bacillus sp. NRRL B-14911	1466	257	90	1259	1209	75822822fa5c8d38e21f51e01abfc02198b0f8251fcb890d9ea594d4f4ceec0b
543	Bacteroidetesfid|87123886|locus|VBIAeqSub156184_1010|_extraction	patric_fid	87123886	567	Abi	UN3	AFL80505.1	Aequorivita sublithincola DSM 14238	1466	260	94	1263	1206	514822fc266ef2ff7ccb7618502d478cdc9186d2c672df09b88d9602894376ff
544	gi|89094970|ref|ZP_01167900.1_extraction_extraction	gi	89094970	568	Abi	UN3	ZP_01167900.1	Neptuniibacter caesariensis	1466	263	90	1259	1203	ad986ce2c5682a3d4b631871f314df97f25fd69859f0c6f40fbf640daf262f9b
545	gi|39995659|ref|NP_951610.1_extraction_extraction	gi	39995659	569	Abi	UN3	NP_951610.1	Geobacter sulfurreducens PCA	1466	259	90	1259	1207	8fb701c9d82bbddc623ed5aa3122c9dcb8bb71805d9294d826e031abe8b90337
546	gi|115525547|ref|YP_782458.1_extraction_extraction	gi	115525547	566	Abi	UN3	YP_782458.1	Rhodopseudomonas palustris BisA53	1466	267	90	1259	1199	988572c2d69eb30f29ad0a03fb7990cf7672dcaf315bae594f94cbb83a9ed423
547	gi|149114909|ref|ZP_01841658.1_extraction_extraction	gi	149114909	562	Abi	UN4	ZP_01841658	Shewanella baltica OS223	1466	255	95	1259	1211	a9062ff87d0ea25f1a576fe616fcab0c6c6ca881604d6227ded866a8964fd142
548	gi|127512398|ref|YP_001093595.1_extraction_extraction	gi	127512398	563	Abi	UN4	YP_001093595.1	Shewanella loihica PV-4	1466	256	95	1259	1210	b59fb40f87aa2d4284da99cfd3e685262da9fa3754a555d77132391e884e3a8c
549	gi|91202364|emb|CAJ75424.1_extraction_extraction	gi	91202364	564	Abi	UN4	CAJ75424.1	Candidatus Kuenenia stuttgartiensis	1466	251	95	1259	1215	cd4cb7d26eeb41fe9f7a58abaa559404f458976dd55fa8f031122605981bef52
550	gi|145632406|ref|ZP_01788141.1_extraction_extraction	gi	145632406	572	Abi	Abi-P2	ZP_01788141.1  	Haemophilus influenzae 3655	1466	265	85	1238	1201	f1da474491d64bdf4367fe3b21dea82e1b6fe67839983137fa4282e03019ef3d
551	Gfid|20432649|locus|VBIErwTas9546_3451|_extraction	patric_fid	20432649	573	Abi	Abi-P2	YP_001909267.1  	Erwinia tasmaniensis Et1/99 	1466	246	185	1264	1220	d35ccce5c3c84dab51e16f8eee43aaeaaf97728d8c122ddf4914adcfdfdd0f0f
552	cianobacteriafid|115478982|locus|VBISynSp231034_3139|_extraction	patric_fid	115478982	574	Abi	Abi-P2	AFY74933.1  	Synechococcus sp. PCC 7502 	1466	226	188	1245	1240	d247d9e0f4743763f57d449b8152aed973215d4a4eb232ba1e405ffdb415bbf0
553	Bacteroidetesfid|32316913|locus|VBIRhoMar93821_1425|_extraction	patric_fid	32316913	575	Abi	Abi-P2	YP_003290686.1	Rhodothermus marinus DSM 4252	1466	266	114	1261	1200	b55fddaff25a10cc2d381944c432ff9c5020fe281c1676ad23aee1d7e17d0c98
554	gi|118587264|ref|ZP_01544691.1_extraction_extraction	gi	118587264	578	Abi	Abi-P2	ZP_01544691.1   	Oenococcus oeni ATCC BAA-1163	1466	262	85	1238	1204	03144a549278af873e28491ad48ae46bcc83f51f799e3c893c98cccceaaa0ff5
555	gi|150378854|ref|ZP_01918051.1_extraction_extraction	gi	150378854	576	Abi	Abi-P2	ZP_01918051	Shewanella sediminis HAW-EB3	1466	258	85	1238	1208	d032d23b9bbfacc161f6e74d965a1172f17141d947ed2c6dbd4923b1201af8f2
556	gi|110642862|ref|YP_670592.1_extraction_extraction	gi	110642862	579	Abi	Abi-P2	YP_670592.1	Escherichia coli 536	1466	236	123	1238	1230	dc1c0070237d4931aa1f91397fb066056de8d5437003466124e886a2f8d04a78
557	Gfid|20121338|locus|VBIVibFis37164_1384|_extraction	patric_fid	20121338	580	Abi	Abi-P2	YP_002156157.1	Vibrio fischeri MJ11 	1466	253	185	1267	1213	b9abc49f2e4e0f169b48333eef16fedcd448922756969000ccbfa112a5ce5881
558	Bacillifid|67871822|locus|VBIStaAur224518_0062|_extraction	patric_fid	67871822	577	Abi	Abi-P2	YP_005324583.1	Staphylococcus aureus subsp. aureus MSHR1132 	1466	260	118	1263	1206	13e83917fa1b7242016adcd305d836b1adc8e7b4fb6d65ade69cf9c489444f14
559	gi|84619238|emb|CAJ43157.1_extraction_extraction	gi	84619238	581	Abi	Abi-P2	CAJ43157.1	Enterobacteria phage P2-EC58	1466	255	85	1238	1211	5d4b173a547b596ed45bbc5dc0e5af7531bcc7116703d452ab63788bcdaa778f
560	gi|84619229|emb|CAJ43154.1_extraction_extraction	gi	84619229	582	Abi	Abi-P2	CAJ43154.1	Enterobacteria phage P2-EC30	1466	255	85	1238	1211	daa5e03cf6f165915a8b77836a13265c8f7683cb2e708367b704ca1d80f350e0
561	gi|133728112|gb|EBA29810.1_extraction_extraction	gi	133728112	583	Abi	Abi-P2	EBA29810.1	Listeria monocytogenes FSL N1-017	1466	267	85	1238	1199	29bcc7f34b037d8aa50bcb14b518a8d388ad7a36de3b9a0bb65d9a8322167173
562	gi|16329609|ref|NP_440337.1_extraction_extraction	gi	16329609	570	Abi	UN5	NP_440337.1	Synechocystis sp. PCC 6803	1466	267	94	1259	1199	1cb7f1bc062778de2644730ac93c367745e72a46d403e4c8faa0e058f8ef399f
563	gi|124120168|gb|EAY38911.1_extraction_extraction	gi	124120168	571	Abi	UN5	EAY38911.1	Vibrio cholerae MAK 757	1466	273	94	1259	1193	87da06e9003f909d80a89f1eddb8618f60b827f762c59b40973b8c29bc0e287c
564	gi|16331604|ref|NP_442332.1_extraction_extraction	gi	16331604	625	UG3	UG3	NP_442332.1	Synechocystis sp. PCC 6803	1466	232	90	1215	1234	437da1ac55329ced1c5eecf553c351ff659a8a479666d593b1fde399dd72c451
565	cianobacteriafid|115471181|locus|VBISynSp54615_0753|_extraction	patric_fid	115471181	626	UG3	UG3	AFY59940.1	Synechococcus sp. PCC 6312 	1466	236	106	1258	1230	03e53e886ecb81dd86d409eb3c80145b354ebf9ac221c74b4afabcce9fc839d1
566	gi|110679730|ref|YP_682737.1_extraction_extraction	gi	110679730	627	UG3	UG3	YP_682737.1	Roseobacter denitrificans OCh 114	1466	220	106	1305	1246	d8e52b85fa6dd478d48fee3dac022ed878c43204f1e4307b56b87a03e0ea10a8
567	DEfid|21683491|locus|VBIDesAut25181_2015|_extraction	patric_fid	21683491	708	Retrons	Retrons	YP_002603182.1	Desulfobacterium autotrophicum HRM2 	1466	226	74	1305	1240	eaef06912620115a674d28637d4d2e9360dce84b151a670d3d90e266cc4084d7
568	gi|115376572|ref|ZP_01463804.1_extraction_extraction	gi	115376572	635	Retrons	Retrons	ZP_01463804.1	Stigmatella aurantiaca DW4/3-1	1466	267	42	1305	1199	4a441039b5a0319a24b143eac1b1c93a58f9b2ff4554642928a806a66f9d417b
569	gi|108758657|ref|YP_628423.1_extraction_extraction	gi	108758657	636	Retrons	Retrons	YP_628423.1   	Myxococcus xanthus DK 1622	1466	264	42	1305	1202	aaf41349b738d53e3dc106aa1f600aac4fcd6c2346f8f09c4a6d721c3270d14d
570	DEfid|32192806|locus|VBIHalOch22000_1548|_extraction	patric_fid	32192806	637	Retrons	Retrons	YP_003266012.1    	Haliangium ochraceum DSM 14365 	1466	251	52	1305	1215	cceea38ec92b5daefe3d4f5107eb9861005900021dff7bc06e1f1e2ab72d866b
571	gi|17530191|gb|AAL40743.1_extraction_extraction	gi	17530191	632	Retrons	Retrons	AAL40743.1	Nannocystis exedens	1466	262	42	1305	1204	67ddf3e3041814a305d74a08039423aa6a43ca413816dbb005ca2abda67b90d7
572	Gfid|22088430|locus|VBIHahChe29232_3588|_extraction	patric_fid	22088430	633	Retrons	Retrons	YP_435102.1	Hahella chejuensis KCTC 2396 	1466	236	67	1305	1230	8698e4c5bd5b420fc99925be154a68577b2dd950455e6fc8c4a67cfa1c6e18d9
573	Afid|22548316|locus|VBIMetNod76414_3882|_extraction	patric_fid	22548316	634	Retrons	Retrons	YP_002498363.1	Methylobacterium nodulans ORS 2060 	1466	310	7	1322	1156	d6a512504cfcaf8460e87bca611906d72b30056f574165c22f9427f2b29dc7d1
574	cianobacteriafid|23988607|locus|VBITriEry99848_2732|_extraction	patric_fid	23988607	628	Retrons	Retrons	YP_721852.1  	Trichodesmium erythraeum IMS101 	1466	249	45	1250	1217	2f489c2bdc0a6f51e5af396f98b1a599444bfc1dbbfebea3561b914b53149e21
575	cianobacteriafid|115666271|locus|VBIChaMin231992_6191|_extraction	patric_fid	115666271	629	Retrons	Retrons	AFY96279.1	Chamaesiphon minutus PCC 6605 	1466	249	45	1249	1217	f940cbf074e04fbfce2423d8ce60cd92e68f20ce2e7bc31cc5894f78f926f022
576	Bacteroidetesfid|87270320|locus|VBIFleLit174749_3500|_extraction	patric_fid	87270320	631	Retrons	Retrons	AFM05814.1	Flexibacter litoralis DSM 6794 	1466	274	42	1305	1192	08ef139a2510a5707208fd2ba5ba68a05ebdd7dadb254509822a3841cc5d7a47
577	cianobacteriafid|22752516|locus|VBINosPun48114_0472|_extraction	patric_fid	22752516	630	Retrons	Retrons	YP_001864131.1	Nostoc punctiforme PCC 73102 	1466	243	45	1249	1223	a7063dd6e1fb1f745b0e2edce2b12ee251a85b12aa51f9f86367e6fd762d5a18
578	clostridiafid|19396752|locus|VBICloBot123574_1885|_extraction	patric_fid	19396752	638	Retrons	Retrons	YP_001886156.1   	Clostridium botulinum B str. Eklund 17B 	1466	254	51	1305	1212	5436f3e3a258a5511ef06f40255eea87a2977f05fa9e0bfe96f188cc66e2b9c7
579	clostridiafid|19511877|locus|VBICloTet101274_1986|_extraction	patric_fid	19511877	639	Retrons	Retrons	NP_782489.1	Clostridium tetani E88 	1466	254	51	1305	1212	64fcd0cb979998437576d70d7f27e5cd917ad6c1c47345f0bdd6629a42dc2632
580	gi|33240062|ref|NP_875004.1_extraction_extraction	gi	33240062	640	Retrons	Retrons	NP_875004.1	Prochlorococcus marinus subsp. marinus str. CCMP1375	1466	259	42	1305	1207	06415706c669c769a9d4e58b6831f27e76ba7248a971df09a1011b27e736273b
581	cianobacteriafid|23006148|locus|VBIProMar70153_1246|_extraction	patric_fid	23006148	641	Retrons	Retrons	YP_397646.1   	Prochlorococcus marinus str. MIT 9312 	1466	256	45	1249	1210	7912f95073f14d8b1460de65dfa7d0001f24b9b1fcf13010aba9ad2e4f94bbe0
582	gi|20090946|ref|NP_617021.1_extraction_extraction	gi	20090946	678	Retrons	Retrons	NP_617021.1	Methanosarcina acetivorans C2A	1466	219	58	1305	1247	ed8dd334a3ff97cf1b2b5f40e8b77722ad59586f4e6cf6900a5ed6229df21a40
583	Gfid|23503472|locus|VBISheHal24697_0538|_extraction	patric_fid	23503472	685	Retrons	Retrons	YP_001672748.1	Shewanella halifaxensis HAW-EB4 	1466	210	60	1305	1256	7c32fb292546c6172bfe61c493f701740f32127429c043f9cd4d9b2fcdbe68ec
584	DEfid|124818457|locus|VBIDesSul232581_2941|_extraction	patric_fid	124818457	688	Retrons	Retrons	AGF79254.1  	Desulfocapsa sulfexigens DSM 10523 	1466	228	55	1305	1238	5856defb1fdafefc49c73fb187efc45d7928138cc53f67114e77e6817abb4a6a
585	Bacteroidetesfid|42744943|locus|VBIBacFra167533_1043|_extraction	patric_fid	42744943	687	Retrons	Retrons	CBW21586.1	Bacteroides fragilis 638R	1466	229	49	1305	1237	76c3df78039cef803f599d2d5c1045d1e99710ee4a28968141593313be257faf
586	Gfid|22093614|locus|VBIHahChe29232_6135|_extraction	patric_fid	22093614	651	Retrons	Retrons	YP_437792.1	Hahella chejuensis KCTC 2396 	1466	246	67	1305	1220	20413fabe20874a7dee3dfbbf7bb3b7d6c6d121b4497b7eae1293bf338035d4b
587	DEfid|22653979|locus|VBIMyxXan43560_5634|_extraction	patric_fid	22653979	647	Retrons	Retrons	YP_633868.1	Myxococcus xanthus DK 1622	1466	270	51	1305	1196	f04df4797a8cb02cc4e4c515886680dd5ef4e04839d5f1faf70bd8018e3904d9
588	Bfid|45389180|locus|VBIVarPar156291_1643|_extraction	patric_fid	45389180	650	Retrons	Retrons	YP_004153921.1	Variovorax paradoxus EPS 	1466	276	43	1305	1190	aff15338078ccb2d6382b5ba3f7c5e96115ac1a26f476783b34c90503ab163af
589	Bfid|19209845|locus|VBIBurPhy117947_3716|_extraction	patric_fid	19209845	648	Retrons	Retrons	YP_001893694.1	Burkholderia phytofirmans PsJN 	1466	273	43	1305	1193	729aa1760369d5c57787e14be4f26bde7a55485b67447042db3d7a4c8d9b0be4
590	Bfid|19085378|locus|VBIBurCen118154_6802|_extraction	patric_fid	19085378	649	Retrons	Retrons	YP_002153510.1	Burkholderia cenocepacia J2315 	1466	273	43	1305	1193	8eb31d6aece271ab1d9b95dcad7ed2671282874fc6d32156bb30d62a0af941c7
591	Actinobacteriafid|23418760|locus|VBISacEry28377_5670|_extraction	patric_fid	23418760	642	Retrons	Retrons	YP_001107822.1	Saccharopolyspora erythraea NRRL 2338 	1466	261	46	1247	1205	ee632d03557dcb0b5e74a388d00777565fffde081c401b125e70f050c7ef241f
592	Actinobacteriafid|161717503|locus|VBIAmyOri230246_0836|_extraction	patric_fid	161717503	643	Retrons	Retrons	AGM03404.1	Amycolatopsis orientalis HCCB10007 	1466	258	46	1247	1208	ff4e29f4432b8a32223220fdb0c5404aaa3665047bda9d60881e6d589b1f7c78
593	Actinobacteriafid|54397388|locus|VBIPseDio141225_2974|_extraction	patric_fid	54397388	644	Retrons	Retrons	YP_004332991.1	Pseudonocardia dioxanivorans CB1190 	1466	251	46	1247	1215	0c6728477fc01c7d205de0bb8b2ec065002b6e520539d90a6f0978166344866a
594	Gfid|23978013|locus|VBITolAue42623_0706|_extraction	patric_fid	23978013	686	Retrons	Retrons	YP_002891920.1	Tolumonas auensis DSM 9187 	1466	210	69	1305	1256	29696778d066e8f1320f37c131289cd44d2b412c0a86bb85c661f980daf36185
595	gi|134078|sp|P23070_extraction_extraction	gi	134078	652	Retrons	Retrons	P23070.1	Escherichia coli	1466	238	43	1305	1228	61346dc2b22f31a18b43f55f58aa6c7df0ac1af7ce7acc510b674366f28c2bc6
596	Gfid|32132182|locus|VBIEscFer122920_3781|_extraction	patric_fid	32132182	709	Retrons	Retrons	YP_002384961.1	Escherichia fergusonii ATCC 35469 	1466	202	120	1305	1264	05e4b7951f56a5a35040a3147650a29f5f85f281e565336346680ae12a14f986
597	clostridiafid|42840291|locus|VBICloCf158569_1292|_extraction	patric_fid	42840291	710	Retrons	Retrons	CBK78440.1	Clostridium cf. saccharolyticum K10	1466	231	50	1305	1235	f7d6a8e01d5b023437c4213fcfd94d3c2ee121d3b72c500aaed2ed94a423c45d
598	Actinobacteriafid|191810597|locus|VBIGorPol218398_4913|_extraction	patric_fid	191810597	645	Retrons	Retrons	YP_005285142.1	Gordonia polyisoprenivorans VH2	1466	249	46	1247	1217	372cd540c9e139e2b611c14cae1dbfa82fee794fba04211d0f4e1933aa8a606a
599	Actinobacteriafid|96825515|locus|VBIGorSp50678_2729|_extraction	patric_fid	96825515	646	Retrons	Retrons	AFR49048.1	Gordonia sp. KTR9 	1466	249	46	1247	1217	b9247193222ff266c04d051c7c656e57a1a357529ab92d23da9409389221970a
600	Bacillifid|58974322|locus|VBIStaAur171735_1995|_extraction	patric_fid	58974322	679	Retrons	Retrons	CBX35399.1	Staphylococcus aureus subsp. aureus ECT-R 2 	1466	213	71	1303	1253	318cd0c515afae32b152528134bf5a9da182b865deb565b59cd7d1bd4c76bd7f
601	Gfid|61385079|locus|VBIRahAqu175761_1636|_extraction	patric_fid	61385079	666	Retrons	Retrons	AEX51577.1	Rahnella aquatilis CIP 78.65 = ATCC 33071 	1466	260	67	1305	1206	f7c4884353c4faa1b67554e1683d09080f2dc94ac665ec16d91a1deb9f2b4a27
602	Gfid|23598545|locus|VBISheSp103602_2506|_extraction	patric_fid	23598545	667	Retrons	Retrons	YP_963777.1	Shewanella sp. W3-18-1 	1466	238	67	1305	1228	3754b92fae754c7a4496f80bb13f2dad990d949bfbcb7e4ff9e67fc62aad3cb0
603	Gfid|61324279|locus|VBIPanAna213218_2623|_extraction	patric_fid	61324279	668	Retrons	Retrons	AER32995.1	Pantoea ananatis PA13 	1466	236	67	1305	1230	e5dc5368e0336e6dd2876949f82613de46b3a4c369ed6da6f31d95a408bb5ab6
604	Afid|58718285|locus|VBIMicAer161757_1975|_extraction	patric_fid	58718285	669	Retrons	Retrons	YP_004866389.1	Micavibrio aeruginosavorus ARL-13 	1466	334	325	1466	1132	1b199ca730bd212d98cab8dfe3051872c2087af8cca11aee6c474cbd92146d93
605	Gfid|108026150|locus|VBILegPne122099_4451|_extraction	patric_fid	108026150	670	Retrons	Retrons	CCD08312.1	Legionella pneumophila subsp. pneumophila 	1466	227	68	1305	1239	22438081573ff2b51b1ab6bc044d3f19fa801f0856936d3ce9f94d444d529ade
606	clostridiafid|42796352|locus|VBIButBac135163_1575|_extraction	patric_fid	42796352	674	Retrons	Retrons	CBL38232.1  	butyrate-producing bacterium SSC/2 	1466	237	55	1305	1229	720e15c02fbd823c2f802f1c97ddc9fe9efbce605937f36aa46701dd30f8dd00
607	cianobacteriafid|23820590|locus|VBISynSp37135_3215|_extraction	patric_fid	23820590	671	Retrons	Retrons	YP_001736173.1	Synechococcus sp. PCC 7002 	1466	242	46	1249	1224	2f2779350ff0aead4780dbda7e2ad038fb5c4e7fd261f9fdc20caf883f3739c2
608	cianobacteriafid|115416315|locus|VBICylSta108647_1281|_extraction	patric_fid	115416315	672	Retrons	Retrons	AFZ23440.1	Cylindrospermum stagnale PCC 7417 	1466	242	46	1249	1224	db81db2037ff8e5061c06f94a5071097b7b549afed11c8b542e51457d3c2635d
609	cianobacteriafid|35427561|locus|VBIAnaVar43351_4315|_extraction	patric_fid	35427561	673	Retrons	Retrons	YP_323757.1  	Anabaena variabilis ATCC 29413	1466	241	46	1249	1225	ccbf54e3288e8c77dc028d715df671e17f50da4b172b9bf9241f93dd88d5e0d2
610	Bfid|190416239|locus|VBIVarPar264937_4482|_extraction	patric_fid	190416239	677	Retrons	Retrons	AGU51509.1	Variovorax paradoxus B4 	1466	248	48	1305	1218	09b2b92a9fc7da17d3eb1b280568ee981e59c5ad5da01a1226842a53dcb8df74
611	Bacteroidetesfid|42429773|locus|VBIPreMel47739_0018|_extraction	patric_fid	42429773	663	Retrons	Retrons	YP_003813144.1	Prevotella melaninogenica ATCC 25845 	1466	239	51	1305	1227	4b4d8af4fd391ffdba982fa358312554e28daa87dde0be607b4d274b5b62167f
612	Bacteroidetesfid|54406438|locus|VBIPreDen163057_0487|_extraction	patric_fid	54406438	664	Retrons	Retrons	YP_004328208.1	Prevotella denticola F0289	1466	239	51	1305	1227	7e6b17f7ac29e23fe441f45322d694557b6caf2fce0e854645c719b97e827031
613	clostridiafid|61051028|locus|VBICloCla155345_0188|_extraction	patric_fid	61051028	711	Retrons	Retrons	YP_005044853.1  	Clostridium clariflavum DSM 19732 	1466	232	43	1305	1234	9fea2ca78729b1e2c4eaf17d801df24fcdb16bd59f6548a73fcf07971dc761d5
614	clostridiafid|42882548|locus|VBICopCat158046_0287|_extraction	patric_fid	42882548	721	Retrons	Retrons	CBK79388.1	Coprococcus catus GD/7 	1466	216	45	1305	1250	9b271ff57c6dd0f62dcc4ec2f6f236910c8bdda0b88362b39c3619d5181a72db
615	Bacteroidetesfid|42755620|locus|VBIBacXyl109951_0368|_extraction	patric_fid	42755620	675	Retrons	Retrons	CBK66700.1	Bacteroides xylanisolvens XB1A 	1466	243	40	1305	1223	fb13eb43ab2244bf27595d7af92cff1cfc101d6cad39815816bd7b4dbb75c3ca
616	DEfid|179034165|locus|VBIDesSp185686_1262|_extraction	patric_fid	179034165	689	Retrons	Retrons	EPR43525.1	Desulfovibrio sp. X2 	1466	242	54	1305	1224	c3f77f9535cd941c37ec949fcb08b24466077cf4dc26f95d825ba76400d4261c
617	Gfid|186794270|locus|VBIPseSyr250047_3804|_extraction	patric_fid	186794270	680	Retrons	Retrons	EPN32446.1	Pseudomonas syringae pv. actinidiae ICMP 18883 	1466	249	87	1305	1217	b40e3d9c18f161d7fe72178d84c41887bdc75074f4e8a9f210758583aacdb7eb
618	Gfid|187047349|locus|VBIPseSyr301829_4700|_extraction	patric_fid	187047349	681	Retrons	Retrons		Pseudomonas syringae pv. pisi str. PP1	1466	249	87	1305	1217	835761e156d558c6ac7b190cc1b8200c194a6d1916e87ea82f5624af4e538e28
619	Gfid|186596167|locus|VBIPseSyr309376_2646|_extraction	patric_fid	186596167	682	Retrons	Retrons		Pseudomonas syringae CC1416 	1466	248	87	1305	1218	a368b1bdc668cbd25e770328522790eb8068cc8859bd968d08b28721711bcdb8
620	Gfid|19898038|locus|VBIPseFlu98510_2127|_extraction	patric_fid	19898038	683	Retrons	Retrons	YP_002871546.1  	Pseudomonas fluorescens SBW25 	1466	248	87	1305	1218	73c719a657bec88bfa643bd88c4f95b8c9f36de62f303f3968e1b67fc4a0cd60
621	Gfid|182722260|locus|VBIEscCol236749_3924|_extraction	patric_fid	182722260	684	Retrons	Retrons	ERC54366.1	Escherichia coli TW07509 	1466	247	87	1305	1219	a739be9a3b058b95938900a8effeaba672a04f88a8ddfe6fcb068cfc1aec6a53
622	Gfid|32538707|locus|VBIVibSp203755_2696|_extraction	patric_fid	32538707	719	Retrons	Retrons	YP_003286925.1  	Vibrio sp. Ex25 (Prj:41601) 	1466	225	85	1305	1241	3f2d680bc29763ea19ac9e53b643025c9ed3331644cd4dbfb369bb287ccda57b
623	Gfid|20658100|locus|VBIAciFer6930_0276|_extraction	patric_fid	20658100	717	Retrons	Retrons	YP_002218754.1	Acidithiobacillus ferrooxidans ATCC 53993 	1466	227	85	1305	1239	9420128d7ae549eb00921788794095b84fc18f9c25e22a4dc0b7cf43dfc4b35b
624	Gfid|20075292|locus|VBIVibCho20143_1988|_extraction	patric_fid	20075292	712	Retrons	Retrons	YP_002877705.1	Vibrio cholerae MJ-1236 	1466	229	85	1305	1237	4c8a530809bd5a0c5b9636457fa8cb4beff4ccbc7ffb5c0fdb725201b00c8f5d
625	Gfid|45328477|locus|VBIPseSp136886_1162|_extraction	patric_fid	45328477	713	Retrons	Retrons	YP_004067647.1	Pseudoalteromonas sp. SM9913 	1466	224	89	1305	1242	85c43fd7137674f477407d3dd51da268c194466b2728b60b2abf9ccffc01a4f0
626	Gfid|36739607|locus|VBISalEnt101322_4228|_extraction	patric_fid	36739607	714	Retrons	Retrons	ACY91017.1	Salmonella enterica subsp. enterica serovar Typhimurium str	1466	224	89	1305	1242	937ba945f482001b829aaf2ce7da097cca4f74386d873acbe546428761ff327d
627	Gfid|22468281|locus|VBIMarSp124341_2509|_extraction	patric_fid	22468281	715	Retrons	Retrons	YP_001341285.1  	Marinomonas sp. MWYL1 	1466	223	89	1305	1243	5510be40d3b813d8584c539f3ff3be177b970da9e46d22b19c80eb6cb40f3e90
628	Gfid|54694388|locus|VBIAltSp152916_1743|_extraction	patric_fid	54694388	718	Retrons	Retrons	YP_004467069.1	Alteromonas sp. SN2 	1466	224	89	1305	1242	e482f18542a3d95342d45c8a38d9cc4bde5b1f74939b0a9f939504d8209a0fdb
629	Gfid|189991747|locus|VBIHaeInf313847_0653|_extraction	patric_fid	189991747	716	Retrons	Retrons	AGV11482.1	Haemophilus influenzae KR494 	1466	226	89	1305	1240	7d430351eb6835ba95b8c6b88074fdfad68c3583df4df6d4e7a91628c0a988ad
630	DEfid|42737677|locus|VBIBacMar168520_0745|_extraction	patric_fid	42737677	720	Retrons	Retrons	CBW25680.1  	Bacteriovorax marinus SJ 	1466	236	82	1305	1230	e6af9b187ec83567a1f12866b7c63fbde2b4c418da0b14bed4f6bea9673dad83
631	Gfid|21794453|locus|VBIDicDad95084_3620|_extraction	patric_fid	21794453	690	Retrons	Retrons	YP_002989002.1  	Dickeya dadantii Ech703 	1466	217	89	1305	1249	d3a1d499a60062806c7d57e40cf2a76f9258e720c3a4c0bbc99ab698651d2a89
632	clostridiafid|22912385|locus|VBIPelThe8413_2780|_extraction	patric_fid	22912385	665	Retrons	Retrons	YP_001213017.1	Pelotomaculum thermopropionicum SI 	1466	196	179	1305	1270	2f9069cec628f3f3146e0df63565fd00f4cd4c88ded0c94ba851afc67ca62f87
633	Gfid|23585887|locus|VBISheSp85603_0521|_extraction	patric_fid	23585887	694	Retrons	Retrons	YP_736562.1  	Shewanella sp. MR-7 	1466	231	89	1305	1235	6a9f27698bcf114135f153c8563362d817379c48c2ef42953e949a5ff55d5b2b
634	Gfid|189627687|locus|VBIVibPar262249_1037|_extraction	patric_fid	189627687	691	Retrons	Retrons	EQL86843.1	Vibrio parahaemolyticus 10290 	1466	227	88	1305	1239	5c80ec692dffd948081a845ac33f3dde757ba86364e9d693754dc93aae2c9035
635	Gfid|20112680|locus|VBIVibFis127983_1043|_extraction	patric_fid	20112680	692	Retrons	Retrons	YP_204427.1	Vibrio fischeri ES114 	1466	228	88	1305	1238	8a9b48d83a127af6c8efb6a476f517a0765bc378a1d6abb4e57cbb494230d60e
636	Gfid|180089752|locus|VBIEscCol233378_0214|_extraction	patric_fid	180089752	693	Retrons	Retrons		Escherichia coli C295_10	1466	227	88	1305	1239	4ce7cfffbf3edacce4691d37ad057ace3e335d92e156cbdc39e413e198f6c143
637	Gfid|181671864|locus|VBIEscCol269450_2693|_extraction	patric_fid	181671864	695	Retrons	Retrons	EQV07026.1	Escherichia coli HVH 221 (4-3136817) 	1466	222	88	1305	1244	471fcb80f5f8c5cbf493169b9beb3915219163209e068e8b55303b1ade6efea2
638	Gfid|20514590|locus|VBIPhoLum48522_5509|_extraction	patric_fid	20514590	696	Retrons	Retrons	NP_932029.1	Photorhabdus luminescens subsp. laumondii TTO1 	1466	222	88	1305	1244	d10e31b26d4ac75f3038c971190e18cfb0d2981ea489764d359c5e6159e404a3
639	Gfid|191105765|locus|VBIErwAmy195016_0061|_extraction	patric_fid	191105765	697	Retrons	Retrons	EKV55684.1  	Erwinia amylovora ACW56400 	1466	186	256	1305	1280	bccec183fb067391c38814b5458c35857c7da987d3de7e9571a350f80ff2f20e
640	Bfid|58531404|locus|VBIColFun187779_2668|_extraction	patric_fid	58531404	698	Retrons	Retrons	YP_004753235.1	Collimonas fungivorans Ter331	1466	236	76	1305	1230	ad89f8cbf316cab75cb010006391fb8648ac2a836570444be5e98b5a599b0a61
641	Gfid|19999333|locus|VBIPseSyr93040_4030|_extraction	patric_fid	19999333	702	Retrons	Retrons	NP_793699.1	Pseudomonas syringae pv. tomato str. DC3000 	1466	223	89	1305	1243	336b3cdc6cfef252dc8f30b1ecc1c2fe344825b1f16b33a2b4d5253ff1f4e165
642	Gfid|86956996|locus|VBIPseStu243261_4122|_extraction	patric_fid	86956996	701	Retrons	Retrons	AFM35311.1	Pseudomonas stutzeri CCUG 29243 	1466	222	89	1305	1244	d85ceddc6b5c5e4a03590cd611c5edd6cc21ee730da1de300b50aaf7d715fc92
643	Gfid|177021178|locus|VBIAerSal291263_3734|_extraction	patric_fid	177021178	699	Retrons	Retrons	EQC02762.1  	Aeromonas salmonicida subsp. pectinolytica 34mel 	1466	222	89	1305	1244	0b36289af6f624278225426650c7088b6e5f06ff643692579d0439dc26a8559e
644	Gfid|54540754|locus|VBIAerVer186715_3956|_extraction	patric_fid	54540754	700	Retrons	Retrons	YP_004394564.1  	Aeromonas veronii B565 	1466	222	89	1305	1244	007aa56bdebbb0875b03efe97399bc6d1a98877615cdd1b05654462b92d84fa7
645	Gfid|19957061|locus|VBIPsePut93764_3618|_extraction	patric_fid	19957061	705	Retrons	Retrons	YP_001750449.1  	Pseudomonas putida W619	1466	235	89	1305	1231	8554942358e060a04e01e11db63935ac6365cf284e7ead09ce0c72113159505b
646	Gfid|32277000|locus|VBIPecWas23660_1333|_extraction	patric_fid	32277000	703	Retrons	Retrons	YP_003258803.1	Pectobacterium wasabiae WPP163 	1466	217	89	1305	1249	04de746d4a3e10ea42be69271fa86117202beff0547a4b809c86d3b7cb02de04
647	Bfid|20287556|locus|VBIRalMet4734_1880|_extraction	patric_fid	20287556	704	Retrons	Retrons	YP_583625.1	Cupriavidus metallidurans CH34 	1466	166	286	1305	1300	2374bae74de9a0beddf687e9c263ed5ef4dfb99b65fd4680adb7b53097f23d8f
648	Gfid|125119977|locus|VBIThaOle281250_0332|_extraction	patric_fid	125119977	706	Retrons	Retrons	CCU70786.1	Thalassolituus oleivorans MIL-1 	1466	216	89	1305	1250	86738893ca452daa4d27ea1f3cfee1bfc6317e616e0d0003b31dc57946493873
649	Gfid|54728660|locus|VBIMetMet172210_3286|_extraction	patric_fid	54728660	707	Retrons	Retrons	YP_004514099.1	Methylomonas methanica MC09 	1466	217	88	1305	1249	3fdf916d21ea07ac99f7f326b8ec83e1ed396551705699e8d2d03079acb4a739
650	Afid|124741923|locus|VBIBraOli259415_1160|_extraction	patric_fid	124741923	676	Retrons	Retrons	BAM87142.1	Bradyrhizobium oligotrophicum S58	1466	274	325	1408	1192	8caf1855c39cb3a96d03f6bed4abb3c3cac695f8454df9691461e8e20f56eaee
651	Gfid|42938822|locus|VBIErwSp41759_1124|_extraction	patric_fid	42938822	727	Retrons	Retrons	ADP10728.1  	Erwinia sp. Ejp617 	1466	223	120	1305	1243	8d56f97a4637075458b5fa9108c35d03e2b4d518589f10937bbc71e30ea3620a
652	Gfid|20519408|locus|VBIProMir120933_2305|_extraction	patric_fid	20519408	728	Retrons	Retrons	YP_002152074.1	Proteus mirabilis HI4320 	1466	221	120	1305	1245	d87cf0adcede3a041abb0a9a11794b618107db4060462994e26dc432ecad43cb
653	Gfid|21792235|locus|VBIDicDad95084_2538|_extraction	patric_fid	21792235	729	Retrons	Retrons	YP_002987976.1	Dickeya dadantii Ech703 	1466	220	120	1305	1246	cb596e29d519fa797019baf29187e8d3e3472a82c333f81c8e1cabdcc25cae4c
654	Gfid|23554142|locus|VBIShePut135485_2726|_extraction	patric_fid	23554142	724	Retrons	Retrons	YP_001184131.1	Shewanella putrefaciens CN-32 	1466	235	184	1305	1231	fa82917a31e6b52f939e796b78d46c7acf600b66e9e24d9f75d2edc4925fcd99
655	Gfid|20170334|locus|VBIVibVul40472_1752|_extraction	patric_fid	20170334	723	Retrons	Retrons	NP_934564.1	Vibrio vulnificus YJ016	1466	231	121	1305	1235	efaf3bad0bfc25adacd20303ab893957927d5ec568e55342e5134c3d17fa81fb
656	Gfid|18443875|locus|VBIEscCol32010_2494|_extraction	patric_fid	18443875	722	Retrons	Retrons	YP_002413028.1	Escherichia coli UMN026 	1466	222	121	1305	1244	c836f48d378a7bc50bb0e9b4f88eb4a3f8c57ef9eaf0476f40bff7816c518fa6
657	clostridiafid|87317163|locus|VBICloSp224589_0973|_extraction	patric_fid	87317163	725	Retrons	Retrons	AEY65236.1	Clostridium sp. BNL1100 	1466	217	89	1305	1249	5df612274dc84665d96f6798e5d13efb9c45f50720456bb938fed04442690d42
658	clostridiafid|42840763|locus|VBICloCf158569_1526|_extraction	patric_fid	42840763	726	Retrons	Retrons	CBK78627.1  	Clostridium cf. saccharolyticum K10	1466	225	89	1305	1241	b33e24c9491a3b0c5187d0ee5039f13e1496d2b40dbc9391cf9a461c9d42104b
659	clostridiafid|61057433|locus|VBICloCla155345_3324|_extraction	patric_fid	61057433	730	UNC	Unclassified	YP_005047601.1  	Clostridium clariflavum DSM 19732 	1466	251	67	1305	1215	094c1bb5c18dc25e0f54c8e2bf549a95af3d8ac63de085f6028014c3027c1a7d
660	Gfid|32326467|locus|VBISalEnt136302_3200|_extraction	patric_fid	32326467	655	Retrons	Retrons	YP_217686.1	Salmonella enterica subsp. enterica serovar Choleraesuis str.	1466	204	118	1305	1262	8f1dae7bcaa48a2c5056930d2c73dc311928b943d06a29c68f93a141e940afd7
661	Gfid|182730028|locus|VBIEscCol247449_2916|_extraction	patric_fid	182730028	654	Retrons	Retrons	ERE33866.1	Escherichia coli Tx1686 	1466	209	126	1305	1257	46a2ff0ef4046c02ca004e0cff6f35deb21ebda21315b6255db7b17885f28952
662	Gfid|20708600|locus|VBIAciBau103538_0032|_extraction	patric_fid	20708600	653	Retrons	Retrons	YP_001840884.1	Acinetobacter baumannii ACICU 	1466	214	90	1305	1252	3603d81f8f2c444b6815a67e56514973c454a2f873f3cb0f65cab4b888808bd7
663	clostridiafid|43009263|locus|VBIFaePra154692_0451|_extraction	patric_fid	43009263	657	Retrons	Retrons	CBK99617.1	Faecalibacterium prausnitzii L2-6 	1466	244	178	1305	1222	e46170cc5b9edcfecc025eaa193e01174b67550a933f65f7a608f3a89d938a5b
664	Gfid|17969030|locus|VBIFraTul58433_0831|_extraction	patric_fid	17969030	656	Retrons	Retrons		Francisella tularensis subsp. tularensis WY96-3418 	1466	182	90	1251	1284	bf6f5d131298d1624a53b1e262e48e7a6e78a844369eb8d6beef369b87536a34
665	Actinobacteriafid|43032562|locus|VBIGorPam38406_0536|_extraction	patric_fid	43032562	658	Retrons	Retrons	CBL03706.1	Gordonibacter pamelaeae 7-10-1-b 	1466	160	265	1247	1306	db787023d5a4bb16253e67ae9f8c8a611d11e1f401ab8271b18e2768ae260beb
666	Bacteroidetesfid|42745249|locus|VBIBacFra167533_1197|_extraction	patric_fid	42745249	661	Retrons	Retrons	CBW21731.1	Bacteroides fragilis 638R 	1466	219	118	1305	1247	ff5c6be0b2c7d92777db2c4eef4f46fad12e174f9152df19b4999eea45e5cee8
667	Bacteroidetesfid|21040698|locus|VBIBacFra29119_2092|_extraction	patric_fid	21040698	662	Retrons	Retrons	YP_211737.1	Bacteroides fragilis NCTC 9343 	1466	219	118	1305	1247	618a60def23e4fdd57bbded891d7a7e068a3842c2c0030889370c1299d95f79b
668	Gfid|67759973|locus|VBIPanAna225404_2867|_extraction	patric_fid	67759973	659	Retrons	Retrons	YP_005196274.1	Pantoea ananatis LMG 5342 	1466	206	124	1304	1260	dd8bfe92bd2e427b77247dcde69837c388f3b6e3db9f43d16c18f498b18432c8
669	Gfid|180865020|locus|VBIEscCol264023_2783|_extraction	patric_fid	180865020	660	Retrons	Retrons	EQR96236.1	Escherichia coli HVH 139 (4-3192644) 	1466	206	124	1304	1260	6ecee94c8589d1b680b84f7a9ddad0f1741aefb05b2d405a07db56a28fa12d0d
670	Actinobacteriafid|43034598|locus|VBIGorPam38406_1610|_extraction	patric_fid	43034598	528	UG2	UG2	CBL04410.1  	Gordonibacter pamelaeae 7-10-1-b 	1466	335	89	1306	1131	4c621265abf58e546d76f4cd36689c2025ac7ee1e2605bca1ec696173348daf1
671	gi|89893427|ref|YP_516914.1_extraction_extraction	gi	89893427	526	UG2	UG2	YP_516914.1	Desulfitobacterium hafniense Y51	1466	316	108	1305	1150	a41845066c2f9e055b88e51c939fa3eb573289d71edd181a2e8627fb9c04b6de
672	gi|120400339|gb|ABM21395.1_extraction_extraction	gi	120400339	527	UG2	UG2	ABM21395.1	Lactobacillus johnsonii	1466	316	108	1305	1150	f4087fc14d5f87ee32dd4e1c8e18fcd37edbe311acc4f831fbbcaa0b6e84dc62
673	clostridiafid|42796364|locus|VBIButBac135163_1581|_extraction	patric_fid	42796364	523	UG2	UG2	CBL38239.1	butyrate-producing bacterium SSC/2 	1466	305	117	1305	1161	26284119ad353e386f285d04074214434d5215ec6b43a010ea7cc36c06f181dd
674	Bacillifid|42185853|locus|VBIBacCer111781_5866|_extraction	patric_fid	42185853	524	UG2	UG2	YP_003795143.1	Bacillus cereus biovar anthracis str. CI 	1466	288	182	1305	1178	052e049a84594bd03f857d919d6345a61a847d1836edca7f2aaf0b469295cdf3
675	gi|46908547|ref|YP_014936.1_extraction_extraction	gi	46908547	525	UG2	UG2	YP_014936.1	Listeria monocytogenes serotype 4b str. F2365	1466	319	108	1305	1147	088fec7615e2ec23568686603fd64f0b37df858979bad6292357cdc41dab06f9
676	gi|149116005|ref|ZP_01842739.1_extraction_extraction	gi	149116005	507	UG2	UG2	ZP_01842739.1	Shewanella baltica OS223	1466	306	108	1305	1160	a93ced70e7df668bed7059b2e1a1feb6efa7822642af68377397e6c31b424d20
677	gi|148871195|gb|EDL70073.1_extraction_extraction	gi	148871195	508	UG2	UG2	EDL70073.1	Vibrio campbellii HY01	1466	307	108	1305	1159	d2f3a9445f3493ae13c4adb9f01e2845af5f644b6c86d75869819aa364a64497
678	gi|109898056|ref|YP_661311.1_extraction_extraction	gi	109898056	509	UG2	UG2	YP_661311.1	Pseudoalteromonas atlantica T6c	1466	308	108	1305	1158	08f80066f98a95b200a09a1faf52518987ba3bd22a91503663c76323fd5aca3b
679	gi|146281094|ref|YP_001171247.1_extraction_extraction	gi	146281094	510	UG2	UG2	YP_001171247.1	Pseudomonas stutzeri A1501	1466	307	108	1305	1159	39b9d5746a628337cf515adcad70e3763ead6cacfa092d079480f787ca02efef
680	DEfid|38163126|locus|VBIDesAlk70802_1028|_extraction	patric_fid	38163126	511	UG2	UG2	YP_003690330.1   	Desulfurivibrio alkaliphilus AHT2	1466	291	123	1305	1175	3f6ccd1d378cd67d1f99b51bafa228badae7df78b10c5e72632fe27f2ee581a0
681	Gfid|161894677|locus|VBIManHae297097_0336|_extraction	patric_fid	161894677	512	UG2	UG2	AGK00841.1	Mannheimia haemolytica M42548 	1466	302	126	1305	1164	b7e9d0d32f6093cca4d152b1e3098cb32f75a6d859a9cbd680d5591236bd1ea9
682	gi|120586953|ref|YP_961298.1_extraction_extraction	gi	120586953	513	UG2	UG2	YP_961298.1	Desulfovibrio vulgaris DP4	1466	305	108	1305	1161	8d34cddc93dc24ca9a41799c2298636072cdb3a562ae097cad06f71a11bd56a0
683	cianobacteriafid|115663330|locus|VBIChaMin231992_2030|_extraction	patric_fid	115663330	514	UG2	UG2	AFY92898.1  	Chamaesiphon minutus PCC 6605 	1466	306	109	1305	1160	cfb8ee6ab0e0e66f1640a00fc865376375c1709b05b02c548f3a7d77329ecaff
684	gi|91216797|ref|ZP_01253761.1_extraction_extraction	gi	91216797	517	UG2	UG2	ZP_01253761.1  	Psychroflexus torquis ATCC 700755	1466	362	108	1305	1104	c9de9f1eb43bd76c2b77f97fe11b624ae1034d95f4ae7a824122782ec5cd4a1f
685	gi|146300088|ref|YP_001194679.1_extraction_extraction	gi	146300088	518	UG2	UG2	YP_001194679.1	Flavobacterium johnsoniae UW101	1466	359	108	1305	1107	eecf29b2acf4d9769793aef74c616717307f4e2103e159e3d248e836eaf056ef
686	Bacteroidetesfid|54172681|locus|VBIRunSli161982_3444|_extraction	patric_fid	54172681	515	UG2	UG2	AEI49677.1	Runella slithyformis DSM 19594	1466	359	111	1305	1107	a745a2154b3e4bf564c0dfaa2423e9ddb46cc274204e1d4da96bf0acedda2c31
687	gi|110679506|ref|YP_682513.1_extraction_extraction	gi	110679506	521	UG2	UG2	YP_682513.1	Roseobacter denitrificans OCh 114	1466	314	108	1305	1152	ee3da111cc2597e97658b632c35127abbe05450ab5d93c8cfe12c35ff3a40630
688	Afid|35505344|locus|VBIRhoCap134200_2618|_extraction	patric_fid	35505344	522	UG2	UG2	YP_003578703.1	Rhodobacter capsulatus SB 1003 	1466	330	102	1301	1136	9e9afeb8e92bd40ffe70de19b361df1c6eed072156e9a51832e01a7a7752d7fc
689	gi|84687336|ref|ZP_01015215.1_extraction	gi	84687336	519	UG2	UG2	ZP_01015215.1	Maritimibacter alkaliphilus HTCC2654	1466	296	117	1305	1170	d433c847ee0a31eb8d29b8325114b5750f6c7315bd7514070ff0f88a402d68c7
690	gi|146342070|ref|YP_001207118.1_extraction_extraction	gi	146342070	520	UG2	UG2	YP_001207118.1	Bradyrhizobium sp. ORS 278	1466	293	109	1305	1173	52a3e16ca83be245274f351eba49b35747c2c5db51789427b2bf1196e395f938
691	Bacteroidetesfid|54419991|locus|VBIFluTaf147081_2830|_extraction	patric_fid	54419991	516	UG2	UG2	YP_004345614.1	Fluviicola taffensis DSM 16823 	1466	357	111	1305	1109	f0aa58eca876374a8d54af02a57c67ed30cb49f52c727a4dc4c9c993a23ce117
692	gi|71734230|ref|YP_276337.1_extraction_extraction	gi	71734230	589	Abi*	UG9	YP_276337.1	Pseudomonas syringae pv. phaseolicola 1448A	1466	267	89	1257	1199	4242d0bad78a4eafd0463b51f4cbdbb2ff2303e0286f8df8497b1df1cb97d532
693	gi|121606813|ref|YP_984142.1_extraction_extraction	gi	121606813	590	Abi*	UG9	YP_984142.1  	Polaromonas naphthalenivorans CJ2	1466	267	89	1257	1199	65dc9e1977a55c3b5cf531ba3b3ca62c9f9d3966797e03fabd10a02cc2d52e12
694	gi|85708303|ref|ZP_01039369.1_extraction_extraction	gi	85708303	587	Abi*	UG9	ZP_01039369.1	Erythrobacter sp. NAP1	1466	267	89	1257	1199	68b8fb31dd8703787757ed0b26f7295d59517928035ee3115aaf71d5bc9984bf
695	gi|118739127|ref|ZP_01587199.1_extraction_extraction	gi	118739127	588	Abi*	UG9	ZP_01587199.1	Dinoroseobacter shibae DFL 12	1466	267	89	1257	1199	8fe712553d93fff7afed6e27ac109b0364fe37c6e391c7ff743db008c897cb47
696	gi|89890656|ref|ZP_01202165.1_extraction_extraction	gi	89890656	591	Abi*	UN2	ZP_01202165.1	Flavobacteria bacterium BBFL7	1466	270	87	1262	1196	d7f040150c9c99a4cbbdb948537dd8e7a7d1af6fbfae4458de0f6f3fe213dcdd
697	gi|114567587|ref|YP_754741.1_extraction_extraction	gi	114567587	592	Abi*	UN2	YP_754741.1	Syntrophomonas wolfei subsp. wolfei str. Goettingen G311	1466	271	87	1262	1195	5e5758e2d07bf4c36b515cace1c3bb76b54fa4586f0c7a8440510cf522470611
698	clostridiafid|42787653|locus|VBIButBac106850_0529|_extraction	patric_fid	42787653	593	Abi*	Unclassified	CBL40120.1	butyrate-producing bacterium SS3/4	1466	286	86	1257	1180	b6db6aaf626730af280c62987c8183c9e7aa136bd8f4d1cc5bccbbb1b38a0cc5
699	gi|78063598|ref|YP_373506.1_extraction_extraction	gi	78063598	598	Abi*	UG1	YP_373506.1	Burkholderia lata	1466	297	190	1256	1169	6a667cbd3f560e4c1b19a0473c7e959555e72e5bb5aad4e208d14899d9cd4255
700	gi|113866906|ref|YP_725395.1_extraction_extraction	gi	113866906	599	Abi*	UG1	YP_725395.1	Ralstonia eutropha H16	1466	299	190	1256	1167	52f5ec53ca81adc224e8443048bc36ea5e8976c3364d7ed99fd2ee574f0922f4
701	gi|90580000|ref|ZP_01235808.1_extraction_extraction	gi	90580000	600	Abi*	UG1	ZP_01235808.1	Photobacterium angustum S14	1466	292	190	1256	1174	04682a80139a2181a912a3491ffddd9795ff62d63ef819dc7997108380679e46
702	Gfid|115183372|locus|VBISerMar265383_1286|_extraction	patric_fid	115183372	601	Abi*	UG1	AGB81674.1  	Serratia marcescens FGI94 	1466	503	80	1423	963	e2c95f90bcebe826bc2ed866c7a950179880209e4522fa59339cf68502a492b7
703	gi|163748973|ref|ZP_02156224.1_extraction_extraction	gi	163748973	602	Abi*	UG1	ZP_02156224.1   	Shewanella benthica KT99	1466	284	190	1256	1182	7ce731d8e56b4d65e4de117857b48641513547786fc23fa8c01811b6f4d1878d
704	gi|53718205|ref|YP_107191.1_extraction_extraction	gi	53718205	595	Abi*	UG1	YP_107191.1  	Burkholderia pseudomallei K96243	1466	305	110	1256	1161	16909ec1a1c4ae4dd4daac08247c44af01613635014b9a34b94d9ecafa5c63f1
705	Gfid|87181716|locus|VBIPseSyn11986_0007|_extraction	patric_fid	87181716	596	Abi*	UG1	EIK71540.1	Pseudomonas synxantha BG33R 	1466	572	80	1433	894	3a3806a427b4e35ee3625aa9598931c364b465f01ffb4588ef6536404381b658
706	gi|37913078|gb|AAR05370.1_extraction_extraction	gi	37913078	603	Abi*	UG1	AAR05370.1	Aeromonas hydrophila	1466	280	226	1256	1186	0b92d82425a4e5c6f6fe3ae864df88408f119c39b334031f3f97aebf03184d08
707	gi|32473346|ref|NP_866340.1_extraction_extraction	gi	32473346	597	Abi*	UG1	NP_866340.1	Rhodopirellula baltica SH 1	1466	289	219	1257	1177	ffd496ef29a053dbf34271da5341d980b5558bbb68006913fb4b29379dd30097
708	clostridiafid|87213279|locus|VBITheSac207413_0611|_extraction	patric_fid	87213279	547	UNC	Unclassified	AFK85630.1  	Thermoanaerobacterium saccharolyticum JW/SL-YS485 	1466	448	1	1273	1018	95f8db3955bb58079f8177448c94bc2c1a255789e872f63d07ba95a68026ed39
709	clostridiafid|47031718|locus|VBISynGly105927_0590|_extraction	patric_fid	47031718	498	DGRs	DGRs	YP_004264927.1	Syntrophobotulus glycolicus DSM 8271 	1466	247	68	1305	1219	67de5016123ee1b94be751b24e98d2bd7c9c7d878bf8159e1a1ec9b1678bbba0
710	Bacteroidetesfid|42754073|locus|VBIBacXyl109951_4388|_extraction	patric_fid	42754073	499	DGRs	DGRs	CBK65990.1   	Bacteroides xylanisolvens XB1A 	1466	280	72	1305	1186	c2d26c5930f4048a16a22ca900ff4ad2b4aeaa4e99ab1c4e6936e9bda644a46a
711	gi|124485751|ref|YP_001030367.1_extraction_extraction	gi	124485751	739	UG5	UG5	YP_001030367.1	Methanocorpusculum labreanum Z	1466	268	77	1307	1198	bac24de534574b483e502f71eb4709220a854961fd34389e72aec8fa19a4e0b3
712	DEfid|184283092|locus|VBIHelPyl300427_0117|_extraction	patric_fid	184283092	561	Abi	Unclassified	EPZ72367.1   	Helicobacter pylori UM065 	1466	257	124	1271	1209	8e39db0e706199fef5ed6e9778798ddbcf9291f4f5bbf8136299fd396c7ec077
713	gi|32455447|ref|NP_862563.1_extraction_extraction	gi	32455447	558	Abi	Abi K	NP_862563.1	Lactococcus lactis	1466	248	72	1261	1218	0f75000dea171f5848cfb1a96c27428ec53bbebc258db58924c8e5d02d05d9a1
714	gi|24636606|dbj|BAC22947.1_extraction_extraction	gi	24636606	559	Abi	Abi K	BAC22947.1	Staphylococcus aureus	1466	251	72	1261	1215	e4d1015a381ed32a7f619b8afd1f66e64cea652b426913c3c2d290f7878213ff
715	gi|17227201|ref|NP_478367.1_extraction_extraction	gi	17227201	560	Abi	Abi K	NP_478367.1	Staphylococcus aureus	1466	250	72	1261	1216	dabc0de389851ba60f81c118b017af0df5f7cf9c8e2478fd1a49631b3ddd8b1f
716	gi|110679729|ref|YP_682736.1_extraction_extraction	gi	110679729	551	Abi	UG8	YP_682736.1	Roseobacter denitrificans OCh 114	1466	309	62	1259	1157	3dacc85ddf2fe4a163f6a2ce7e60ca7aac10ce1cfb2bb5d8c1ab217c27ca0191
717	gi|123441512|ref|YP_001005498.1_extraction_extraction	gi	123441512	552	Abi	UG8	YP_001005498.1  	Yersinia enterocolitica subsp. enterocolitica 8081	1466	296	62	1259	1170	471eb7c6cdce9949ef2440aa07a0a536cba0edda82c4eeae1ba4aef1e244c0b9
718	gi|50119997|ref|YP_049164.1_extraction_extraction	gi	50119997	553	Abi	UG8	YP_049164.1	Pectobacterium atrosepticum SCRI1043	1466	321	62	1259	1145	d3849cf410416579095aa8090bfe74afe07d9efed11037e4b6b0ec5e15f4e310
719	gi|151560524|gb|ABS14022.1_extraction_extraction	gi	151560524	557	Abi	UG8	ABS14022.1	Ochrobactrum anthropi ATCC 49188	1466	307	62	1307	1159	76194a37a6b776b1c1860acdda3f7a09889fa9f8b438204a07500c91ef8bf9b4
720	gi|53718224|ref|YP_107210.1_extraction_extraction	gi	53718224	554	Abi	UG8	YP_107210.1	Burkholderia pseudomallei K96243	1466	306	72	1259	1160	4c86332c71d1ac2adf31da086fc74e478f3dc2edff4bc02ff3bd2afbbaf08a8f
721	Gfid|87348283|locus|VBIMetSp147316_1517|_extraction	patric_fid	87348283	555	Abi	UG8	AFJ02686.1	Methylophaga sp. JAM7 	1466	391	67	1338	1075	76abec6b26f3aa1c90737071e735b36fa2583bdc5335dbd8c17a71bdf7678786
722	Bacteroidetesfid|87263722|locus|VBIFleLit174749_0251|_extraction	patric_fid	87263722	556	Abi	UG8	AFM02752.1	Flexibacter litoralis DSM 6794	1466	299	224	1326	1167	43e354128bf692309e5944dd6f519e63901617106bd848e7a15a0815e2d0e659
723	Gfid|35291935|locus|VBILegLon159544_1945|_extraction	patric_fid	35291935	613	UNC	Unclassified	YP_003455357.1	Legionella longbeachae NSW150 	1466	236	92	1305	1230	3a1fd982ec30ae18e339b699bdc4e4040cf3d0fb93cd5e64188333c2f366b66a
724	Bacteroidetesfid|22844934|locus|VBIParDis29947_0874|_extraction	patric_fid	22844934	481	DGRs	DGRs	YP_001302290.1  	Parabacteroides distasonis ATCC 8503 	1466	289	83	1305	1177	5866fb603167e147dca34d2b6c62275950392001851b1291dd76cc9df2acc7fe
725	gi|149369910|ref|ZP_01889761.1_extraction_extraction	gi	149369910	735	UG5	UG5	ZP_01889761.1	unidentified eubacterium SCB49	1466	285	176	1259	1181	7a7d93049e37cff6e0b711428645bab465564d930106e0379b9071e1a67297b4
726	gi|60682764|ref|YP_212908.1_extraction_extraction	gi	60682764	736	UG5	UG5	YP_212908.1	Bacteroides fragilis NCTC 9343	1466	305	176	1259	1161	91f2e19d831ffc2935ef77dc9e20e957dbe6aaba4482ec5f7438e3c0e9347388
727	gi|160944232|ref|ZP_02091461.1_extraction_extraction	gi	160944232	737	UG5	UG5	ZP_02091461.1  	Faecalibacterium prausnitzii M21/2	1466	309	176	1259	1157	7ee6961a52133b44a1c72c4ee220b3ceee2491195c5e9ef6f02dc4ccebec21a9
728	gi|163723024|ref|ZP_02130561.1_extraction_extraction	gi	163723024	738	UG5	UG5	ZP_02130561.1	Desulfatibacillum alkenivorans AK-01	1466	293	176	1259	1173	6225d8f5c98bede9b7cfec2e44cf61b467595e9d7ea01b3a160319e23d9a8127
729	gi|54293035|ref|YP_125450.1_extraction_extraction	gi	54293035	731	UG5	UG5	YP_125450.1	Legionella pneumophila str. Lens	1466	305	176	1259	1161	b9d828f259d8db65b1660182ea886edb2379a767fd87abaf8ee21f49187035ef
730	gi|114045853|ref|YP_736403.1_extraction_extraction	gi	114045853	732	UG5	UG5	YP_736403.1  	Shewanella sp. MR-7	1466	300	176	1259	1166	80c8b96e19f93cedc8725e6ab82994a98985513e9274e9ea6a43e9c939a4c884
731	gi|160876603|ref|YP_001555919.1_extraction_extraction	gi	160876603	733	UG5	UG5	YP_001555919.1	Shewanella baltica OS195	1466	310	176	1259	1156	67a21a80b7c6e4c31ce65054f7fe64ca99e3f4c66dfe637c6ca182b982e9382f
732	Bfid|42358657|locus|VBIHerSer153339_0006|_extraction	patric_fid	42358657	734	UG5	UG5	YP_003773444.1	Herbaspirillum seropedicae SmR1 	1466	357	139	1259	1109	912b39169f0e1c1b9ccb52d112d307ce39cec7fa4bc6bacfa4630db52a0b5c5e
733	cianobacteriafid|115583420|locus|VBIMicSp236384_0688|_extraction	patric_fid	115583420	529	UNC	Unclassified	AFZ16538.1	Microcoleus sp. PCC 7113	1466	302	79	1256	1164	1f30b8fd5db41a0b93057510cc92f971e47ef9e2ac5864d27e85f3eb80191c2a
734	cianobacteriafid|115662334|locus|VBIChaMin231992_0824|_extraction	patric_fid	115662334	530	UNC	Unclassified	AFY91973.1	Chamaesiphon minutus PCC 6605 	1466	301	80	1256	1165	19f615fec7a362bcf8c23afd32d01f7f27676401df1b5ed9a467f97b5aac4c57
735	clostridiafid|19469398|locus|VBICloKlu111549_3999|_extraction	patric_fid	19469398	505	DGRs	DGRs	YP_001397265.1  	Clostridium kluyveri DSM 555 	1466	249	84	1305	1217	6e3db9c91cc98c04e8a490fa42bc1df9aa8e85f9f411da0540d0fcf0e914c945
736	clostridiafid|42885534|locus|VBICopCat158046_1802|_extraction	patric_fid	42885534	503	DGRs	DGRs	CBK80692.1	Coprococcus catus GD/7 	1466	270	74	1305	1196	dc9bb2824061dc0bc5995245596988854fbddedadea5dd75bec25f6fb136f6c8
737	clostridiafid|43016558|locus|VBIFaePra148460_2585|_extraction	patric_fid	43016558	504	DGRs	DGRs	CBL02833.1  	Faecalibacterium prausnitzii SL3/3	1466	270	74	1305	1196	2610a9c1cf7a8fd260289aff82ae34765f8617e71b91c59a0048cac265fe9630
738	gi|33595199|ref|NP_882842.1_extraction_extraction	gi	33595199	743	UG6	UG6	NP_882842.1	Bordetella parapertussis 12822	1466	356	66	1256	1110	777d5d7c2aebec45f7e00c5d20e6f86c5ff4eba37ef01e77c98df42f34d822c8
739	gi|119357506|ref|YP_912150.1_extraction_extraction	gi	119357506	742	UG6	UG6	YP_912150.1	Chlorobium phaeobacteroides DSM 266	1466	358	66	1255	1108	407b071e22f2ca404c9650a23d3015530ab3294c58248682723890382854f2b9
740	gi|69935276|ref|ZP_00630256.1_extraction_extraction	gi	69935276	740	UG6	UG6	ZP_00630256.1	Paracoccus denitrificans PD1222	1466	353	66	1256	1113	c4439df59c5ed370a37203eaf83736051c7486d1bb994c760f9e2fd41a794a3f
741	Afid|115125822|locus|VBISinMel272116_2443|_extraction	patric_fid	115125822	741	UG6	UG6	AGA07305.1	Sinorhizobium meliloti GR4 	1466	314	59	1248	1152	866f480557c05586706f88c86266ac77dca5bbc3aa0d414d60177230f48025bf
742	Bacillifid|18848629|locus|VBIBacCer122868_5788|	patric_fid	18848629	594	Abi*	Unclassified	YP_002455118.1	Bacillus cereus AH820 	1466	170	69	1311	1296	8ab324f7eb70811c35230a5c6efa09207eb1c17946b3b4763fbaeea8622d4c32
