sequence_id	sequence_hash	length_aa	family_from_identifier	original_identifier	source_database_or_file	generating_script	selection_criterion	annotation_before_inclusion	exact_in_align000044	exact_in_toro742	exact_in_myrt1844	exact_in_gold171	exact_in_anchors72	exact_in_stage1	best_identity_myrt	best_identity_toro	best_identity_align000044	best_identity_stage1	stage1_leakage_class	structural_gate_passed	selected_using_structure	n_prior_models_that_saw_it	prior_model_note	role_in_g4	unit	denominator
CAND_AbiK_16	42aed8345fb7eb47f639162008e401c6a82df518077044e3fdb068101a055a14	687	AbiK	rt_hash fefc4d30970adaf6 (corpus sequence hash; no NCBI or UniProt accession exists for these)	stage2_rt/cache/ph4/dedup_501k.fasta - the 501,561-sequence deduplicated corpus, the same lineage as the Stage-1 catalogue	columns_rt17/followup/scripts/f3a_recruit.py (recruitment) then f3c_validate.py (the G1-G5 structural gate that kept 95 of 129)	tier_variantB in COMPLETE/COMPLETE_MOSAIC; not clipped; 200-900 aa; cd-hit at 50% identity; the K largest clusters per coverage tier (6 RT7_DISSENTER / 4 THIN / 3 BY_CONSTRUCTION). No bit score or e-value. This sequence: family RVT-AbiK, coverage_tier RT7_DISSENTER, cd-hit cluster 16 of 123 (cluster size 20, family pool 540)	YES - every CAND arrived carrying Stage-2 annotation: a palm-HMM domain boundary (palm_qs_frozen/palm_qe_frozen/palm_cov_frozen), a catalytic xxDD motif string, and a family call. The seed expansion was NOT annotation-free; structural gate: mean pLDDT 85.6, 25 crystal donors at TM>=0.5, max TM 0.936	NO	NO	NO	NO	NO	YES	0.7940	0.2860	0.2680	1.0000	EXACT_DUPLICATE	True	YES - the 95 were kept by a structural gate (ESMFold models, crystal donors at TM>=0.5, pLDDT>=70, catalytic chemistry and order). The old seed's expansion is structure-selected, which is why it may not seed a sequence-defined instrument in g4	38	every model trained on all167 has seen this sequence; 38 such models were found	PRIOR / AUDIT / COMPARATOR - excluded from g4 derivation, fitting, thresholds and calibration, and excluded from any Stage-1 sample by identity	CAND_* seed member	95 CAND_* members of all167.faa
CAND_AbiK_31	85e7497f1a75d93e006e7118d17ba425273dc851c2ffbafdd80d80fa46849e4c	666	AbiK	rt_hash 4ef70eabef4a9705 (corpus sequence hash; no NCBI or UniProt accession exists for these)	stage2_rt/cache/ph4/dedup_501k.fasta - the 501,561-sequence deduplicated corpus, the same lineage as the Stage-1 catalogue	columns_rt17/followup/scripts/f3a_recruit.py (recruitment) then f3c_validate.py (the G1-G5 structural gate that kept 95 of 129)	tier_variantB in COMPLETE/COMPLETE_MOSAIC; not clipped; 200-900 aa; cd-hit at 50% identity; the K largest clusters per coverage tier (6 RT7_DISSENTER / 4 THIN / 3 BY_CONSTRUCTION). No bit score or e-value. This sequence: family RVT-AbiK, coverage_tier RT7_DISSENTER, cd-hit cluster 31 of 123 (cluster size 24, family pool 540)	YES - every CAND arrived carrying Stage-2 annotation: a palm-HMM domain boundary (palm_qs_frozen/palm_qe_frozen/palm_cov_frozen), a catalytic xxDD motif string, and a family call. The seed expansion was NOT annotation-free; structural gate: mean pLDDT 87.7, 25 crystal donors at TM>=0.5, max TM 0.943	NO	NO	NO	NO	NO	YES	0.6080	0.2680	0.2430	1.0000	EXACT_DUPLICATE	True	YES - the 95 were kept by a structural gate (ESMFold models, crystal donors at TM>=0.5, pLDDT>=70, catalytic chemistry and order). The old seed's expansion is structure-selected, which is why it may not seed a sequence-defined instrument in g4	38	every model trained on all167 has seen this sequence; 38 such models were found	PRIOR / AUDIT / COMPARATOR - excluded from g4 derivation, fitting, thresholds and calibration, and excluded from any Stage-1 sample by identity	CAND_* seed member	95 CAND_* members of all167.faa
CAND_AbiK_51	ea45b9ca7c303f6180e66dc025733e58a2eb3108e09009bc7931d29ab3824634	659	AbiK	rt_hash 36d17205edf0beb2 (corpus sequence hash; no NCBI or UniProt accession exists for these)	stage2_rt/cache/ph4/dedup_501k.fasta - the 501,561-sequence deduplicated corpus, the same lineage as the Stage-1 catalogue	columns_rt17/followup/scripts/f3a_recruit.py (recruitment) then f3c_validate.py (the G1-G5 structural gate that kept 95 of 129)	tier_variantB in COMPLETE/COMPLETE_MOSAIC; not clipped; 200-900 aa; cd-hit at 50% identity; the K largest clusters per coverage tier (6 RT7_DISSENTER / 4 THIN / 3 BY_CONSTRUCTION). No bit score or e-value. This sequence: family RVT-AbiK, coverage_tier RT7_DISSENTER, cd-hit cluster 51 of 123 (cluster size 20, family pool 540)	YES - every CAND arrived carrying Stage-2 annotation: a palm-HMM domain boundary (palm_qs_frozen/palm_qe_frozen/palm_cov_frozen), a catalytic xxDD motif string, and a family call. The seed expansion was NOT annotation-free; structural gate: mean pLDDT 89.8, 25 crystal donors at TM>=0.5, max TM 0.931	NO	NO	NO	NO	NO	YES	0.5770	0.2980	0.2920	1.0000	EXACT_DUPLICATE	True	YES - the 95 were kept by a structural gate (ESMFold models, crystal donors at TM>=0.5, pLDDT>=70, catalytic chemistry and order). The old seed's expansion is structure-selected, which is why it may not seed a sequence-defined instrument in g4	38	every model trained on all167 has seen this sequence; 38 such models were found	PRIOR / AUDIT / COMPARATOR - excluded from g4 derivation, fitting, thresholds and calibration, and excluded from any Stage-1 sample by identity	CAND_* seed member	95 CAND_* members of all167.faa
CAND_AbiK_98	f429d90dcae950ac9dcce8d4bafcc084dd668f474fba2c17ec74151d47bd6eed	596	AbiK	rt_hash b67d4465df0bcdcb (corpus sequence hash; no NCBI or UniProt accession exists for these)	stage2_rt/cache/ph4/dedup_501k.fasta - the 501,561-sequence deduplicated corpus, the same lineage as the Stage-1 catalogue	columns_rt17/followup/scripts/f3a_recruit.py (recruitment) then f3c_validate.py (the G1-G5 structural gate that kept 95 of 129)	tier_variantB in COMPLETE/COMPLETE_MOSAIC; not clipped; 200-900 aa; cd-hit at 50% identity; the K largest clusters per coverage tier (6 RT7_DISSENTER / 4 THIN / 3 BY_CONSTRUCTION). No bit score or e-value. This sequence: family RVT-AbiK, coverage_tier RT7_DISSENTER, cd-hit cluster 98 of 123 (cluster size 21, family pool 540)	YES - every CAND arrived carrying Stage-2 annotation: a palm-HMM domain boundary (palm_qs_frozen/palm_qe_frozen/palm_cov_frozen), a catalytic xxDD motif string, and a family call. The seed expansion was NOT annotation-free; structural gate: mean pLDDT 85.7, 25 crystal donors at TM>=0.5, max TM 0.947	NO	NO	NO	NO	NO	YES	0.7300		0.3100	1.0000	EXACT_DUPLICATE	True	YES - the 95 were kept by a structural gate (ESMFold models, crystal donors at TM>=0.5, pLDDT>=70, catalytic chemistry and order). The old seed's expansion is structure-selected, which is why it may not seed a sequence-defined instrument in g4	38	every model trained on all167 has seen this sequence; 38 such models were found	PRIOR / AUDIT / COMPARATOR - excluded from g4 derivation, fitting, thresholds and calibration, and excluded from any Stage-1 sample by identity	CAND_* seed member	95 CAND_* members of all167.faa
CAND_AbiP2_108	4bb8a80db6afa2516ab9c95fdf2a8bde151e30cc5b3cac1cafe175689c39ced4	574	AbiP2	rt_hash a5acbd3df43e1390 (corpus sequence hash; no NCBI or UniProt accession exists for these)	stage2_rt/cache/ph4/dedup_501k.fasta - the 501,561-sequence deduplicated corpus, the same lineage as the Stage-1 catalogue	columns_rt17/followup/scripts/f3a_recruit.py (recruitment) then f3c_validate.py (the G1-G5 structural gate that kept 95 of 129)	tier_variantB in COMPLETE/COMPLETE_MOSAIC; not clipped; 200-900 aa; cd-hit at 50% identity; the K largest clusters per coverage tier (6 RT7_DISSENTER / 4 THIN / 3 BY_CONSTRUCTION). No bit score or e-value. This sequence: family RVT-AbiP2, coverage_tier RT7_DISSENTER, cd-hit cluster 108 of 458 (cluster size 58, family pool 1902)	YES - every CAND arrived carrying Stage-2 annotation: a palm-HMM domain boundary (palm_qs_frozen/palm_qe_frozen/palm_cov_frozen), a catalytic xxDD motif string, and a family call. The seed expansion was NOT annotation-free; structural gate: mean pLDDT 86.4, 23 crystal donors at TM>=0.5, max TM 0.903	NO	NO	NO	NO	NO	YES	0.6060	0.2970	0.2670	1.0000	EXACT_DUPLICATE	True	YES - the 95 were kept by a structural gate (ESMFold models, crystal donors at TM>=0.5, pLDDT>=70, catalytic chemistry and order). The old seed's expansion is structure-selected, which is why it may not seed a sequence-defined instrument in g4	38	every model trained on all167 has seen this sequence; 38 such models were found	PRIOR / AUDIT / COMPARATOR - excluded from g4 derivation, fitting, thresholds and calibration, and excluded from any Stage-1 sample by identity	CAND_* seed member	95 CAND_* members of all167.faa
CAND_AbiP2_172	4348d77e4addae276f73b82ae686c76600f9aa32abffc46c9ca70f9dc2bb48bd	540	AbiP2	rt_hash f83356f8a79a3154 (corpus sequence hash; no NCBI or UniProt accession exists for these)	stage2_rt/cache/ph4/dedup_501k.fasta - the 501,561-sequence deduplicated corpus, the same lineage as the Stage-1 catalogue	columns_rt17/followup/scripts/f3a_recruit.py (recruitment) then f3c_validate.py (the G1-G5 structural gate that kept 95 of 129)	tier_variantB in COMPLETE/COMPLETE_MOSAIC; not clipped; 200-900 aa; cd-hit at 50% identity; the K largest clusters per coverage tier (6 RT7_DISSENTER / 4 THIN / 3 BY_CONSTRUCTION). No bit score or e-value. This sequence: family RVT-AbiP2, coverage_tier RT7_DISSENTER, cd-hit cluster 172 of 458 (cluster size 68, family pool 1902)	YES - every CAND arrived carrying Stage-2 annotation: a palm-HMM domain boundary (palm_qs_frozen/palm_qe_frozen/palm_cov_frozen), a catalytic xxDD motif string, and a family call. The seed expansion was NOT annotation-free; structural gate: mean pLDDT 84.7, 25 crystal donors at TM>=0.5, max TM 0.972	NO	NO	NO	NO	NO	YES	0.8770	0.3850	0.2640	1.0000	EXACT_DUPLICATE	True	YES - the 95 were kept by a structural gate (ESMFold models, crystal donors at TM>=0.5, pLDDT>=70, catalytic chemistry and order). The old seed's expansion is structure-selected, which is why it may not seed a sequence-defined instrument in g4	38	every model trained on all167 has seen this sequence; 38 such models were found	PRIOR / AUDIT / COMPARATOR - excluded from g4 derivation, fitting, thresholds and calibration, and excluded from any Stage-1 sample by identity	CAND_* seed member	95 CAND_* members of all167.faa
CAND_AbiP2_208	fbe62287af4a80bd87be45685d30af060f95da1f70e460670bd555f5ef6f9bbb	530	AbiP2	rt_hash cba7ff6efce05b66 (corpus sequence hash; no NCBI or UniProt accession exists for these)	stage2_rt/cache/ph4/dedup_501k.fasta - the 501,561-sequence deduplicated corpus, the same lineage as the Stage-1 catalogue	columns_rt17/followup/scripts/f3a_recruit.py (recruitment) then f3c_validate.py (the G1-G5 structural gate that kept 95 of 129)	tier_variantB in COMPLETE/COMPLETE_MOSAIC; not clipped; 200-900 aa; cd-hit at 50% identity; the K largest clusters per coverage tier (6 RT7_DISSENTER / 4 THIN / 3 BY_CONSTRUCTION). No bit score or e-value. This sequence: family RVT-AbiP2, coverage_tier RT7_DISSENTER, cd-hit cluster 208 of 458 (cluster size 64, family pool 1902)	YES - every CAND arrived carrying Stage-2 annotation: a palm-HMM domain boundary (palm_qs_frozen/palm_qe_frozen/palm_cov_frozen), a catalytic xxDD motif string, and a family call. The seed expansion was NOT annotation-free; structural gate: mean pLDDT 88.1, 25 crystal donors at TM>=0.5, max TM 0.875	NO	NO	NO	NO	NO	YES	0.6640	0.4470	0.2280	1.0000	EXACT_DUPLICATE	True	YES - the 95 were kept by a structural gate (ESMFold models, crystal donors at TM>=0.5, pLDDT>=70, catalytic chemistry and order). The old seed's expansion is structure-selected, which is why it may not seed a sequence-defined instrument in g4	38	every model trained on all167 has seen this sequence; 38 such models were found	PRIOR / AUDIT / COMPARATOR - excluded from g4 derivation, fitting, thresholds and calibration, and excluded from any Stage-1 sample by identity	CAND_* seed member	95 CAND_* members of all167.faa
CAND_AbiP2_270	00570048fbceb07cf619392ce20c63ed170f282eaa2c91a727ad2b796a9cf410	518	AbiP2	rt_hash 0c9a30cb02cf63d6 (corpus sequence hash; no NCBI or UniProt accession exists for these)	stage2_rt/cache/ph4/dedup_501k.fasta - the 501,561-sequence deduplicated corpus, the same lineage as the Stage-1 catalogue	columns_rt17/followup/scripts/f3a_recruit.py (recruitment) then f3c_validate.py (the G1-G5 structural gate that kept 95 of 129)	tier_variantB in COMPLETE/COMPLETE_MOSAIC; not clipped; 200-900 aa; cd-hit at 50% identity; the K largest clusters per coverage tier (6 RT7_DISSENTER / 4 THIN / 3 BY_CONSTRUCTION). No bit score or e-value. This sequence: family RVT-AbiP2, coverage_tier RT7_DISSENTER, cd-hit cluster 270 of 458 (cluster size 57, family pool 1902)	YES - every CAND arrived carrying Stage-2 annotation: a palm-HMM domain boundary (palm_qs_frozen/palm_qe_frozen/palm_cov_frozen), a catalytic xxDD motif string, and a family call. The seed expansion was NOT annotation-free; structural gate: mean pLDDT 91.0, 25 crystal donors at TM>=0.5, max TM 0.927	NO	NO	NO	NO	NO	YES	0.6590	0.4660	0.3640	1.0000	EXACT_DUPLICATE	True	YES - the 95 were kept by a structural gate (ESMFold models, crystal donors at TM>=0.5, pLDDT>=70, catalytic chemistry and order). The old seed's expansion is structure-selected, which is why it may not seed a sequence-defined instrument in g4	38	every model trained on all167 has seen this sequence; 38 such models were found	PRIOR / AUDIT / COMPARATOR - excluded from g4 derivation, fitting, thresholds and calibration, and excluded from any Stage-1 sample by identity	CAND_* seed member	95 CAND_* members of all167.faa
CAND_AbiP2_81	632bf809ef81e88a25bc127d23424437967af2091f521d0e7b6360abef2635dd	603	AbiP2	rt_hash 4a03b6cb9eebe224 (corpus sequence hash; no NCBI or UniProt accession exists for these)	stage2_rt/cache/ph4/dedup_501k.fasta - the 501,561-sequence deduplicated corpus, the same lineage as the Stage-1 catalogue	columns_rt17/followup/scripts/f3a_recruit.py (recruitment) then f3c_validate.py (the G1-G5 structural gate that kept 95 of 129)	tier_variantB in COMPLETE/COMPLETE_MOSAIC; not clipped; 200-900 aa; cd-hit at 50% identity; the K largest clusters per coverage tier (6 RT7_DISSENTER / 4 THIN / 3 BY_CONSTRUCTION). No bit score or e-value. This sequence: family RVT-AbiP2, coverage_tier RT7_DISSENTER, cd-hit cluster 81 of 458 (cluster size 43, family pool 1902)	YES - every CAND arrived carrying Stage-2 annotation: a palm-HMM domain boundary (palm_qs_frozen/palm_qe_frozen/palm_cov_frozen), a catalytic xxDD motif string, and a family call. The seed expansion was NOT annotation-free; structural gate: mean pLDDT 88.7, 24 crystal donors at TM>=0.5, max TM 0.91	NO	NO	NO	NO	NO	YES	0.5920	0.3670	0.2640	1.0000	EXACT_DUPLICATE	True	YES - the 95 were kept by a structural gate (ESMFold models, crystal donors at TM>=0.5, pLDDT>=70, catalytic chemistry and order). The old seed's expansion is structure-selected, which is why it may not seed a sequence-defined instrument in g4	38	every model trained on all167 has seen this sequence; 38 such models were found	PRIOR / AUDIT / COMPARATOR - excluded from g4 derivation, fitting, thresholds and calibration, and excluded from any Stage-1 sample by identity	CAND_* seed member	95 CAND_* members of all167.faa
CAND_CRISPR_33	2306505634712ac999518933a4ab35ec0043265c4779f40ce3f136c7a8748a74	532	CRISPR	rt_hash 3f0188cc2b8b719c (corpus sequence hash; no NCBI or UniProt accession exists for these)	stage2_rt/cache/ph4/dedup_501k.fasta - the 501,561-sequence deduplicated corpus, the same lineage as the Stage-1 catalogue	columns_rt17/followup/scripts/f3a_recruit.py (recruitment) then f3c_validate.py (the G1-G5 structural gate that kept 95 of 129)	tier_variantB in COMPLETE/COMPLETE_MOSAIC; not clipped; 200-900 aa; cd-hit at 50% identity; the K largest clusters per coverage tier (6 RT7_DISSENTER / 4 THIN / 3 BY_CONSTRUCTION). No bit score or e-value. This sequence: family RVT-CRISPR, coverage_tier THIN, cd-hit cluster 33 of 130 (cluster size 16, family pool 327)	YES - every CAND arrived carrying Stage-2 annotation: a palm-HMM domain boundary (palm_qs_frozen/palm_qe_frozen/palm_cov_frozen), a catalytic xxDD motif string, and a family call. The seed expansion was NOT annotation-free; structural gate: mean pLDDT 79.6, 26 crystal donors at TM>=0.5, max TM 0.945	NO	NO	NO	NO	NO	YES	0.4540		0.2450	1.0000	EXACT_DUPLICATE	True	YES - the 95 were kept by a structural gate (ESMFold models, crystal donors at TM>=0.5, pLDDT>=70, catalytic chemistry and order). The old seed's expansion is structure-selected, which is why it may not seed a sequence-defined instrument in g4	38	every model trained on all167 has seen this sequence; 38 such models were found	PRIOR / AUDIT / COMPARATOR - excluded from g4 derivation, fitting, thresholds and calibration, and excluded from any Stage-1 sample by identity	CAND_* seed member	95 CAND_* members of all167.faa
CAND_CRISPR_47	19673b8462ec588c05d1b1a36d5131f47b09047935a24db5cd98d440a2063424	501	CRISPR	rt_hash 52e7528208cfad99 (corpus sequence hash; no NCBI or UniProt accession exists for these)	stage2_rt/cache/ph4/dedup_501k.fasta - the 501,561-sequence deduplicated corpus, the same lineage as the Stage-1 catalogue	columns_rt17/followup/scripts/f3a_recruit.py (recruitment) then f3c_validate.py (the G1-G5 structural gate that kept 95 of 129)	tier_variantB in COMPLETE/COMPLETE_MOSAIC; not clipped; 200-900 aa; cd-hit at 50% identity; the K largest clusters per coverage tier (6 RT7_DISSENTER / 4 THIN / 3 BY_CONSTRUCTION). No bit score or e-value. This sequence: family RVT-CRISPR, coverage_tier THIN, cd-hit cluster 47 of 130 (cluster size 15, family pool 327)	YES - every CAND arrived carrying Stage-2 annotation: a palm-HMM domain boundary (palm_qs_frozen/palm_qe_frozen/palm_cov_frozen), a catalytic xxDD motif string, and a family call. The seed expansion was NOT annotation-free; structural gate: mean pLDDT 80.3, 26 crystal donors at TM>=0.5, max TM 0.952	NO	NO	NO	NO	NO	YES	0.5260	0.7820	0.2210	1.0000	EXACT_DUPLICATE	True	YES - the 95 were kept by a structural gate (ESMFold models, crystal donors at TM>=0.5, pLDDT>=70, catalytic chemistry and order). The old seed's expansion is structure-selected, which is why it may not seed a sequence-defined instrument in g4	38	every model trained on all167 has seen this sequence; 38 such models were found	PRIOR / AUDIT / COMPARATOR - excluded from g4 derivation, fitting, thresholds and calibration, and excluded from any Stage-1 sample by identity	CAND_* seed member	95 CAND_* members of all167.faa
CAND_CRISPR_58	10eaaf2fc5a08b5b6c4a9831f725607dd2c2e06079f7687835f99d6c3911c35f	482	CRISPR	rt_hash 57e3f89be00e83da (corpus sequence hash; no NCBI or UniProt accession exists for these)	stage2_rt/cache/ph4/dedup_501k.fasta - the 501,561-sequence deduplicated corpus, the same lineage as the Stage-1 catalogue	columns_rt17/followup/scripts/f3a_recruit.py (recruitment) then f3c_validate.py (the G1-G5 structural gate that kept 95 of 129)	tier_variantB in COMPLETE/COMPLETE_MOSAIC; not clipped; 200-900 aa; cd-hit at 50% identity; the K largest clusters per coverage tier (6 RT7_DISSENTER / 4 THIN / 3 BY_CONSTRUCTION). No bit score or e-value. This sequence: family RVT-CRISPR, coverage_tier THIN, cd-hit cluster 58 of 130 (cluster size 19, family pool 327)	YES - every CAND arrived carrying Stage-2 annotation: a palm-HMM domain boundary (palm_qs_frozen/palm_qe_frozen/palm_cov_frozen), a catalytic xxDD motif string, and a family call. The seed expansion was NOT annotation-free; structural gate: mean pLDDT 79.7, 27 crystal donors at TM>=0.5, max TM 0.931	NO	NO	NO	NO	NO	YES	0.7270	0.2830	0.2390	1.0000	EXACT_DUPLICATE	True	YES - the 95 were kept by a structural gate (ESMFold models, crystal donors at TM>=0.5, pLDDT>=70, catalytic chemistry and order). The old seed's expansion is structure-selected, which is why it may not seed a sequence-defined instrument in g4	38	every model trained on all167 has seen this sequence; 38 such models were found	PRIOR / AUDIT / COMPARATOR - excluded from g4 derivation, fitting, thresholds and calibration, and excluded from any Stage-1 sample by identity	CAND_* seed member	95 CAND_* members of all167.faa
CAND_CRISPR_62	1de803013fb6c8499e910d3774dc94bab644f76f1b77e1f55273bef61147f7b6	473	CRISPR	rt_hash 48c07dbcb36d7d79 (corpus sequence hash; no NCBI or UniProt accession exists for these)	stage2_rt/cache/ph4/dedup_501k.fasta - the 501,561-sequence deduplicated corpus, the same lineage as the Stage-1 catalogue	columns_rt17/followup/scripts/f3a_recruit.py (recruitment) then f3c_validate.py (the G1-G5 structural gate that kept 95 of 129)	tier_variantB in COMPLETE/COMPLETE_MOSAIC; not clipped; 200-900 aa; cd-hit at 50% identity; the K largest clusters per coverage tier (6 RT7_DISSENTER / 4 THIN / 3 BY_CONSTRUCTION). No bit score or e-value. This sequence: family RVT-CRISPR, coverage_tier THIN, cd-hit cluster 62 of 130 (cluster size 19, family pool 327)	YES - every CAND arrived carrying Stage-2 annotation: a palm-HMM domain boundary (palm_qs_frozen/palm_qe_frozen/palm_cov_frozen), a catalytic xxDD motif string, and a family call. The seed expansion was NOT annotation-free; structural gate: mean pLDDT 83.8, 26 crystal donors at TM>=0.5, max TM 0.927	NO	NO	NO	NO	NO	YES	0.3800		0.2390	1.0000	EXACT_DUPLICATE	True	YES - the 95 were kept by a structural gate (ESMFold models, crystal donors at TM>=0.5, pLDDT>=70, catalytic chemistry and order). The old seed's expansion is structure-selected, which is why it may not seed a sequence-defined instrument in g4	38	every model trained on all167 has seen this sequence; 38 such models were found	PRIOR / AUDIT / COMPARATOR - excluded from g4 derivation, fitting, thresholds and calibration, and excluded from any Stage-1 sample by identity	CAND_* seed member	95 CAND_* members of all167.faa
CAND_DGRs_11	dc8dd11c577619e20f490a9c91695f09c2ea8c54037c315c978421e7f1d0fac9	423	DGRs	rt_hash 1f3875530e494686 (corpus sequence hash; no NCBI or UniProt accession exists for these)	stage2_rt/cache/ph4/dedup_501k.fasta - the 501,561-sequence deduplicated corpus, the same lineage as the Stage-1 catalogue	columns_rt17/followup/scripts/f3a_recruit.py (recruitment) then f3c_validate.py (the G1-G5 structural gate that kept 95 of 129)	tier_variantB in COMPLETE/COMPLETE_MOSAIC; not clipped; 200-900 aa; cd-hit at 50% identity; the K largest clusters per coverage tier (6 RT7_DISSENTER / 4 THIN / 3 BY_CONSTRUCTION). No bit score or e-value. This sequence: family RVT-DGRs, coverage_tier THIN, cd-hit cluster 11 of 19 (cluster size 8, family pool 70)	YES - every CAND arrived carrying Stage-2 annotation: a palm-HMM domain boundary (palm_qs_frozen/palm_qe_frozen/palm_cov_frozen), a catalytic xxDD motif string, and a family call. The seed expansion was NOT annotation-free; structural gate: mean pLDDT 85.6, 27 crystal donors at TM>=0.5, max TM 0.916	NO	NO	NO	NO	NO	YES	0.4890		0.2230	1.0000	EXACT_DUPLICATE	True	YES - the 95 were kept by a structural gate (ESMFold models, crystal donors at TM>=0.5, pLDDT>=70, catalytic chemistry and order). The old seed's expansion is structure-selected, which is why it may not seed a sequence-defined instrument in g4	38	every model trained on all167 has seen this sequence; 38 such models were found	PRIOR / AUDIT / COMPARATOR - excluded from g4 derivation, fitting, thresholds and calibration, and excluded from any Stage-1 sample by identity	CAND_* seed member	95 CAND_* members of all167.faa
CAND_DGRs_4	2872abaa8aacedc752776f3cb4172172437d10bbd3fbe13c9505ad0f6bcd953c	523	DGRs	rt_hash b01a1a851689c5ce (corpus sequence hash; no NCBI or UniProt accession exists for these)	stage2_rt/cache/ph4/dedup_501k.fasta - the 501,561-sequence deduplicated corpus, the same lineage as the Stage-1 catalogue	columns_rt17/followup/scripts/f3a_recruit.py (recruitment) then f3c_validate.py (the G1-G5 structural gate that kept 95 of 129)	tier_variantB in COMPLETE/COMPLETE_MOSAIC; not clipped; 200-900 aa; cd-hit at 50% identity; the K largest clusters per coverage tier (6 RT7_DISSENTER / 4 THIN / 3 BY_CONSTRUCTION). No bit score or e-value. This sequence: family RVT-DGRs, coverage_tier THIN, cd-hit cluster 4 of 19 (cluster size 3, family pool 70)	YES - every CAND arrived carrying Stage-2 annotation: a palm-HMM domain boundary (palm_qs_frozen/palm_qe_frozen/palm_cov_frozen), a catalytic xxDD motif string, and a family call. The seed expansion was NOT annotation-free; structural gate: mean pLDDT 80.3, 27 crystal donors at TM>=0.5, max TM 0.928	NO	NO	NO	NO	NO	YES	0.4650		0.2550	1.0000	EXACT_DUPLICATE	True	YES - the 95 were kept by a structural gate (ESMFold models, crystal donors at TM>=0.5, pLDDT>=70, catalytic chemistry and order). The old seed's expansion is structure-selected, which is why it may not seed a sequence-defined instrument in g4	38	every model trained on all167 has seen this sequence; 38 such models were found	PRIOR / AUDIT / COMPARATOR - excluded from g4 derivation, fitting, thresholds and calibration, and excluded from any Stage-1 sample by identity	CAND_* seed member	95 CAND_* members of all167.faa
CAND_DGRs_6	a0678950d2aef8262f91c29c2939b1ab166dbbf357ae343d6954efa67e135d24	511	DGRs	rt_hash d9f8017232cef9a9 (corpus sequence hash; no NCBI or UniProt accession exists for these)	stage2_rt/cache/ph4/dedup_501k.fasta - the 501,561-sequence deduplicated corpus, the same lineage as the Stage-1 catalogue	columns_rt17/followup/scripts/f3a_recruit.py (recruitment) then f3c_validate.py (the G1-G5 structural gate that kept 95 of 129)	tier_variantB in COMPLETE/COMPLETE_MOSAIC; not clipped; 200-900 aa; cd-hit at 50% identity; the K largest clusters per coverage tier (6 RT7_DISSENTER / 4 THIN / 3 BY_CONSTRUCTION). No bit score or e-value. This sequence: family RVT-DGRs, coverage_tier THIN, cd-hit cluster 6 of 19 (cluster size 8, family pool 70)	YES - every CAND arrived carrying Stage-2 annotation: a palm-HMM domain boundary (palm_qs_frozen/palm_qe_frozen/palm_cov_frozen), a catalytic xxDD motif string, and a family call. The seed expansion was NOT annotation-free; structural gate: mean pLDDT 81.9, 25 crystal donors at TM>=0.5, max TM 0.919	NO	NO	NO	NO	NO	YES	0.4050	0.3220	0.2320	1.0000	EXACT_DUPLICATE	True	YES - the 95 were kept by a structural gate (ESMFold models, crystal donors at TM>=0.5, pLDDT>=70, catalytic chemistry and order). The old seed's expansion is structure-selected, which is why it may not seed a sequence-defined instrument in g4	38	every model trained on all167 has seen this sequence; 38 such models were found	PRIOR / AUDIT / COMPARATOR - excluded from g4 derivation, fitting, thresholds and calibration, and excluded from any Stage-1 sample by identity	CAND_* seed member	95 CAND_* members of all167.faa
CAND_DGRs_9	0f6c62083d7534a61356d5ccb7485681caa6b90021a65138ca8689b53aac9bff	440	DGRs	rt_hash 3a9a66967173cb03 (corpus sequence hash; no NCBI or UniProt accession exists for these)	stage2_rt/cache/ph4/dedup_501k.fasta - the 501,561-sequence deduplicated corpus, the same lineage as the Stage-1 catalogue	columns_rt17/followup/scripts/f3a_recruit.py (recruitment) then f3c_validate.py (the G1-G5 structural gate that kept 95 of 129)	tier_variantB in COMPLETE/COMPLETE_MOSAIC; not clipped; 200-900 aa; cd-hit at 50% identity; the K largest clusters per coverage tier (6 RT7_DISSENTER / 4 THIN / 3 BY_CONSTRUCTION). No bit score or e-value. This sequence: family RVT-DGRs, coverage_tier THIN, cd-hit cluster 9 of 19 (cluster size 27, family pool 70)	YES - every CAND arrived carrying Stage-2 annotation: a palm-HMM domain boundary (palm_qs_frozen/palm_qe_frozen/palm_cov_frozen), a catalytic xxDD motif string, and a family call. The seed expansion was NOT annotation-free; structural gate: mean pLDDT 87.6, 27 crystal donors at TM>=0.5, max TM 0.932	NO	NO	NO	NO	NO	YES	0.4630	0.6060	0.2290	1.0000	EXACT_DUPLICATE	True	YES - the 95 were kept by a structural gate (ESMFold models, crystal donors at TM>=0.5, pLDDT>=70, catalytic chemistry and order). The old seed's expansion is structure-selected, which is why it may not seed a sequence-defined instrument in g4	38	every model trained on all167 has seen this sequence; 38 such models were found	PRIOR / AUDIT / COMPARATOR - excluded from g4 derivation, fitting, thresholds and calibration, and excluded from any Stage-1 sample by identity	CAND_* seed member	95 CAND_* members of all167.faa
CAND_G2L4_1	478735e57d65ccdf84e0e28add7d04b80d7f981d356ceae9bdc5c93be0df6ac4	647	G2L4	rt_hash f4906acb7a9c76a9 (corpus sequence hash; no NCBI or UniProt accession exists for these)	stage2_rt/cache/ph4/dedup_501k.fasta - the 501,561-sequence deduplicated corpus, the same lineage as the Stage-1 catalogue	columns_rt17/followup/scripts/f3a_recruit.py (recruitment) then f3c_validate.py (the G1-G5 structural gate that kept 95 of 129)	tier_variantB in COMPLETE/COMPLETE_MOSAIC; not clipped; 200-900 aa; cd-hit at 50% identity; the K largest clusters per coverage tier (6 RT7_DISSENTER / 4 THIN / 3 BY_CONSTRUCTION). No bit score or e-value. This sequence: family RVT-G2L4, coverage_tier THIN, cd-hit cluster 1 of 111 (cluster size 20, family pool 445)	YES - every CAND arrived carrying Stage-2 annotation: a palm-HMM domain boundary (palm_qs_frozen/palm_qe_frozen/palm_cov_frozen), a catalytic xxDD motif string, and a family call. The seed expansion was NOT annotation-free; structural gate: mean pLDDT 81.7, 24 crystal donors at TM>=0.5, max TM 0.923	NO	NO	NO	NO	NO	YES	0.6380		0.2530	1.0000	EXACT_DUPLICATE	True	YES - the 95 were kept by a structural gate (ESMFold models, crystal donors at TM>=0.5, pLDDT>=70, catalytic chemistry and order). The old seed's expansion is structure-selected, which is why it may not seed a sequence-defined instrument in g4	38	every model trained on all167 has seen this sequence; 38 such models were found	PRIOR / AUDIT / COMPARATOR - excluded from g4 derivation, fitting, thresholds and calibration, and excluded from any Stage-1 sample by identity	CAND_* seed member	95 CAND_* members of all167.faa
CAND_G2L4_4	75f54cc6ebee510395289166ca7f4ca36f0509e12ee5a63d4b07f237454226d3	613	G2L4	rt_hash 52510b3758feb3e2 (corpus sequence hash; no NCBI or UniProt accession exists for these)	stage2_rt/cache/ph4/dedup_501k.fasta - the 501,561-sequence deduplicated corpus, the same lineage as the Stage-1 catalogue	columns_rt17/followup/scripts/f3a_recruit.py (recruitment) then f3c_validate.py (the G1-G5 structural gate that kept 95 of 129)	tier_variantB in COMPLETE/COMPLETE_MOSAIC; not clipped; 200-900 aa; cd-hit at 50% identity; the K largest clusters per coverage tier (6 RT7_DISSENTER / 4 THIN / 3 BY_CONSTRUCTION). No bit score or e-value. This sequence: family RVT-G2L4, coverage_tier THIN, cd-hit cluster 4 of 111 (cluster size 51, family pool 445)	YES - every CAND arrived carrying Stage-2 annotation: a palm-HMM domain boundary (palm_qs_frozen/palm_qe_frozen/palm_cov_frozen), a catalytic xxDD motif string, and a family call. The seed expansion was NOT annotation-free; structural gate: mean pLDDT 77.6, 25 crystal donors at TM>=0.5, max TM 0.93	NO	NO	NO	NO	NO	YES	0.3400		0.2590	1.0000	EXACT_DUPLICATE	True	YES - the 95 were kept by a structural gate (ESMFold models, crystal donors at TM>=0.5, pLDDT>=70, catalytic chemistry and order). The old seed's expansion is structure-selected, which is why it may not seed a sequence-defined instrument in g4	38	every model trained on all167 has seen this sequence; 38 such models were found	PRIOR / AUDIT / COMPARATOR - excluded from g4 derivation, fitting, thresholds and calibration, and excluded from any Stage-1 sample by identity	CAND_* seed member	95 CAND_* members of all167.faa
CAND_G2L4_5	9c764ea8a960b40419a4db4fbe4965184ad60f1a83389d585c8fb93e9f306904	605	G2L4	rt_hash 7cceaa579bf75f78 (corpus sequence hash; no NCBI or UniProt accession exists for these)	stage2_rt/cache/ph4/dedup_501k.fasta - the 501,561-sequence deduplicated corpus, the same lineage as the Stage-1 catalogue	columns_rt17/followup/scripts/f3a_recruit.py (recruitment) then f3c_validate.py (the G1-G5 structural gate that kept 95 of 129)	tier_variantB in COMPLETE/COMPLETE_MOSAIC; not clipped; 200-900 aa; cd-hit at 50% identity; the K largest clusters per coverage tier (6 RT7_DISSENTER / 4 THIN / 3 BY_CONSTRUCTION). No bit score or e-value. This sequence: family RVT-G2L4, coverage_tier THIN, cd-hit cluster 5 of 111 (cluster size 41, family pool 445)	YES - every CAND arrived carrying Stage-2 annotation: a palm-HMM domain boundary (palm_qs_frozen/palm_qe_frozen/palm_cov_frozen), a catalytic xxDD motif string, and a family call. The seed expansion was NOT annotation-free; structural gate: mean pLDDT 88.5, 22 crystal donors at TM>=0.5, max TM 0.932	NO	NO	NO	NO	NO	YES	0.6770		0.4160	1.0000	EXACT_DUPLICATE	True	YES - the 95 were kept by a structural gate (ESMFold models, crystal donors at TM>=0.5, pLDDT>=70, catalytic chemistry and order). The old seed's expansion is structure-selected, which is why it may not seed a sequence-defined instrument in g4	38	every model trained on all167 has seen this sequence; 38 such models were found	PRIOR / AUDIT / COMPARATOR - excluded from g4 derivation, fitting, thresholds and calibration, and excluded from any Stage-1 sample by identity	CAND_* seed member	95 CAND_* members of all167.faa
CAND_G2L4_68	7be01ca55b0fea374d1f23f31ad538207d0f57cea09106c68fc9ef0afcdd446b	433	G2L4	rt_hash 84890a2670a1fd70 (corpus sequence hash; no NCBI or UniProt accession exists for these)	stage2_rt/cache/ph4/dedup_501k.fasta - the 501,561-sequence deduplicated corpus, the same lineage as the Stage-1 catalogue	columns_rt17/followup/scripts/f3a_recruit.py (recruitment) then f3c_validate.py (the G1-G5 structural gate that kept 95 of 129)	tier_variantB in COMPLETE/COMPLETE_MOSAIC; not clipped; 200-900 aa; cd-hit at 50% identity; the K largest clusters per coverage tier (6 RT7_DISSENTER / 4 THIN / 3 BY_CONSTRUCTION). No bit score or e-value. This sequence: family RVT-G2L4, coverage_tier THIN, cd-hit cluster 68 of 111 (cluster size 61, family pool 445)	YES - every CAND arrived carrying Stage-2 annotation: a palm-HMM domain boundary (palm_qs_frozen/palm_qe_frozen/palm_cov_frozen), a catalytic xxDD motif string, and a family call. The seed expansion was NOT annotation-free; structural gate: mean pLDDT 94.6, 27 crystal donors at TM>=0.5, max TM 0.952	NO	NO	NO	NO	NO	YES	0.8830	0.4000	0.2540	1.0000	EXACT_DUPLICATE	True	YES - the 95 were kept by a structural gate (ESMFold models, crystal donors at TM>=0.5, pLDDT>=70, catalytic chemistry and order). The old seed's expansion is structure-selected, which is why it may not seed a sequence-defined instrument in g4	38	every model trained on all167 has seen this sequence; 38 such models were found	PRIOR / AUDIT / COMPARATOR - excluded from g4 derivation, fitting, thresholds and calibration, and excluded from any Stage-1 sample by identity	CAND_* seed member	95 CAND_* members of all167.faa
CAND_G2L_57	66b25d8b3d749e7786f437b5f94e1bdb7a60e0348dc966b129a1aaf61027e498	448	G2L	rt_hash 8bebf793375c5802 (corpus sequence hash; no NCBI or UniProt accession exists for these)	stage2_rt/cache/ph4/dedup_501k.fasta - the 501,561-sequence deduplicated corpus, the same lineage as the Stage-1 catalogue	columns_rt17/followup/scripts/f3a_recruit.py (recruitment) then f3c_validate.py (the G1-G5 structural gate that kept 95 of 129)	tier_variantB in COMPLETE/COMPLETE_MOSAIC; not clipped; 200-900 aa; cd-hit at 50% identity; the K largest clusters per coverage tier (6 RT7_DISSENTER / 4 THIN / 3 BY_CONSTRUCTION). No bit score or e-value. This sequence: family RVT-G2L, coverage_tier THIN, cd-hit cluster 57 of 95 (cluster size 23, family pool 369)	YES - every CAND arrived carrying Stage-2 annotation: a palm-HMM domain boundary (palm_qs_frozen/palm_qe_frozen/palm_cov_frozen), a catalytic xxDD motif string, and a family call. The seed expansion was NOT annotation-free; structural gate: mean pLDDT 93.5, 26 crystal donors at TM>=0.5, max TM 0.97	NO	NO	NO	NO	NO	YES	0.6370	0.2690	0.3210	1.0000	EXACT_DUPLICATE	True	YES - the 95 were kept by a structural gate (ESMFold models, crystal donors at TM>=0.5, pLDDT>=70, catalytic chemistry and order). The old seed's expansion is structure-selected, which is why it may not seed a sequence-defined instrument in g4	38	every model trained on all167 has seen this sequence; 38 such models were found	PRIOR / AUDIT / COMPARATOR - excluded from g4 derivation, fitting, thresholds and calibration, and excluded from any Stage-1 sample by identity	CAND_* seed member	95 CAND_* members of all167.faa
CAND_G2L_87	a3ea61dee3ac08248493fbaad6db1f936c57902ce388f9396229d45d693261f3	325	G2L	rt_hash 6249489a5f5dcd3e (corpus sequence hash; no NCBI or UniProt accession exists for these)	stage2_rt/cache/ph4/dedup_501k.fasta - the 501,561-sequence deduplicated corpus, the same lineage as the Stage-1 catalogue	columns_rt17/followup/scripts/f3a_recruit.py (recruitment) then f3c_validate.py (the G1-G5 structural gate that kept 95 of 129)	tier_variantB in COMPLETE/COMPLETE_MOSAIC; not clipped; 200-900 aa; cd-hit at 50% identity; the K largest clusters per coverage tier (6 RT7_DISSENTER / 4 THIN / 3 BY_CONSTRUCTION). No bit score or e-value. This sequence: family RVT-G2L, coverage_tier THIN, cd-hit cluster 87 of 95 (cluster size 29, family pool 369)	YES - every CAND arrived carrying Stage-2 annotation: a palm-HMM domain boundary (palm_qs_frozen/palm_qe_frozen/palm_cov_frozen), a catalytic xxDD motif string, and a family call. The seed expansion was NOT annotation-free; structural gate: mean pLDDT 87.0, 27 crystal donors at TM>=0.5, max TM 0.914	NO	NO	NO	NO	NO	YES	0.2980		0.2920	1.0000	EXACT_DUPLICATE	True	YES - the 95 were kept by a structural gate (ESMFold models, crystal donors at TM>=0.5, pLDDT>=70, catalytic chemistry and order). The old seed's expansion is structure-selected, which is why it may not seed a sequence-defined instrument in g4	38	every model trained on all167 has seen this sequence; 38 such models were found	PRIOR / AUDIT / COMPARATOR - excluded from g4 derivation, fitting, thresholds and calibration, and excluded from any Stage-1 sample by identity	CAND_* seed member	95 CAND_* members of all167.faa
CAND_UG10_12	5f01e6fb88187b68f2e92b4faa9668e592d92bae8f824edc931e7fb505d2a8a1	548	UG10	rt_hash 62fc9dbb212a2057 (corpus sequence hash; no NCBI or UniProt accession exists for these)	stage2_rt/cache/ph4/dedup_501k.fasta - the 501,561-sequence deduplicated corpus, the same lineage as the Stage-1 catalogue	columns_rt17/followup/scripts/f3a_recruit.py (recruitment) then f3c_validate.py (the G1-G5 structural gate that kept 95 of 129)	tier_variantB in COMPLETE/COMPLETE_MOSAIC; not clipped; 200-900 aa; cd-hit at 50% identity; the K largest clusters per coverage tier (6 RT7_DISSENTER / 4 THIN / 3 BY_CONSTRUCTION). No bit score or e-value. This sequence: family RVT-UG10, coverage_tier BY_CONSTRUCTION, cd-hit cluster 12 of 99 (cluster size 12, family pool 179)	YES - every CAND arrived carrying Stage-2 annotation: a palm-HMM domain boundary (palm_qs_frozen/palm_qe_frozen/palm_cov_frozen), a catalytic xxDD motif string, and a family call. The seed expansion was NOT annotation-free; structural gate: mean pLDDT 80.9, 23 crystal donors at TM>=0.5, max TM 0.941	NO	NO	NO	NO	NO	YES	0.4840		0.3260	1.0000	EXACT_DUPLICATE	True	YES - the 95 were kept by a structural gate (ESMFold models, crystal donors at TM>=0.5, pLDDT>=70, catalytic chemistry and order). The old seed's expansion is structure-selected, which is why it may not seed a sequence-defined instrument in g4	38	every model trained on all167 has seen this sequence; 38 such models were found	PRIOR / AUDIT / COMPARATOR - excluded from g4 derivation, fitting, thresholds and calibration, and excluded from any Stage-1 sample by identity	CAND_* seed member	95 CAND_* members of all167.faa
CAND_UG10_26	46473e5f06e7f38a230ec0bc33082c3df6cc130a9918978296f1a05bce8133d0	505	UG10	rt_hash 48f65966a05b35b9 (corpus sequence hash; no NCBI or UniProt accession exists for these)	stage2_rt/cache/ph4/dedup_501k.fasta - the 501,561-sequence deduplicated corpus, the same lineage as the Stage-1 catalogue	columns_rt17/followup/scripts/f3a_recruit.py (recruitment) then f3c_validate.py (the G1-G5 structural gate that kept 95 of 129)	tier_variantB in COMPLETE/COMPLETE_MOSAIC; not clipped; 200-900 aa; cd-hit at 50% identity; the K largest clusters per coverage tier (6 RT7_DISSENTER / 4 THIN / 3 BY_CONSTRUCTION). No bit score or e-value. This sequence: family RVT-UG10, coverage_tier BY_CONSTRUCTION, cd-hit cluster 26 of 99 (cluster size 11, family pool 179)	YES - every CAND arrived carrying Stage-2 annotation: a palm-HMM domain boundary (palm_qs_frozen/palm_qe_frozen/palm_cov_frozen), a catalytic xxDD motif string, and a family call. The seed expansion was NOT annotation-free; structural gate: mean pLDDT 85.8, 26 crystal donors at TM>=0.5, max TM 0.941	NO	NO	NO	NO	NO	YES	0.4140		0.3220	1.0000	EXACT_DUPLICATE	True	YES - the 95 were kept by a structural gate (ESMFold models, crystal donors at TM>=0.5, pLDDT>=70, catalytic chemistry and order). The old seed's expansion is structure-selected, which is why it may not seed a sequence-defined instrument in g4	38	every model trained on all167 has seen this sequence; 38 such models were found	PRIOR / AUDIT / COMPARATOR - excluded from g4 derivation, fitting, thresholds and calibration, and excluded from any Stage-1 sample by identity	CAND_* seed member	95 CAND_* members of all167.faa
CAND_UG11_61	ab3a00fc2ee2d190eb2b5ebcd042037e65e8f6a043bd9778b91a4b61e21cb8e3	317	UG11	rt_hash eb6bca497be6d550 (corpus sequence hash; no NCBI or UniProt accession exists for these)	stage2_rt/cache/ph4/dedup_501k.fasta - the 501,561-sequence deduplicated corpus, the same lineage as the Stage-1 catalogue	columns_rt17/followup/scripts/f3a_recruit.py (recruitment) then f3c_validate.py (the G1-G5 structural gate that kept 95 of 129)	tier_variantB in COMPLETE/COMPLETE_MOSAIC; not clipped; 200-900 aa; cd-hit at 50% identity; the K largest clusters per coverage tier (6 RT7_DISSENTER / 4 THIN / 3 BY_CONSTRUCTION). No bit score or e-value. This sequence: family RVT-UG11, coverage_tier BY_CONSTRUCTION, cd-hit cluster 61 of 154 (cluster size 39, family pool 584)	YES - every CAND arrived carrying Stage-2 annotation: a palm-HMM domain boundary (palm_qs_frozen/palm_qe_frozen/palm_cov_frozen), a catalytic xxDD motif string, and a family call. The seed expansion was NOT annotation-free; structural gate: mean pLDDT 82.9, 27 crystal donors at TM>=0.5, max TM 0.854	NO	NO	NO	NO	NO	YES	0.4000		0.2610	1.0000	EXACT_DUPLICATE	True	YES - the 95 were kept by a structural gate (ESMFold models, crystal donors at TM>=0.5, pLDDT>=70, catalytic chemistry and order). The old seed's expansion is structure-selected, which is why it may not seed a sequence-defined instrument in g4	38	every model trained on all167 has seen this sequence; 38 such models were found	PRIOR / AUDIT / COMPARATOR - excluded from g4 derivation, fitting, thresholds and calibration, and excluded from any Stage-1 sample by identity	CAND_* seed member	95 CAND_* members of all167.faa
CAND_UG11_70	53218e3433416bc3294d98a22dcfb8f9d9f54f1b5c3c5af1d1c14217171fd522	302	UG11	rt_hash 6f8079c2fd7382ff (corpus sequence hash; no NCBI or UniProt accession exists for these)	stage2_rt/cache/ph4/dedup_501k.fasta - the 501,561-sequence deduplicated corpus, the same lineage as the Stage-1 catalogue	columns_rt17/followup/scripts/f3a_recruit.py (recruitment) then f3c_validate.py (the G1-G5 structural gate that kept 95 of 129)	tier_variantB in COMPLETE/COMPLETE_MOSAIC; not clipped; 200-900 aa; cd-hit at 50% identity; the K largest clusters per coverage tier (6 RT7_DISSENTER / 4 THIN / 3 BY_CONSTRUCTION). No bit score or e-value. This sequence: family RVT-UG11, coverage_tier BY_CONSTRUCTION, cd-hit cluster 70 of 154 (cluster size 62, family pool 584)	YES - every CAND arrived carrying Stage-2 annotation: a palm-HMM domain boundary (palm_qs_frozen/palm_qe_frozen/palm_cov_frozen), a catalytic xxDD motif string, and a family call. The seed expansion was NOT annotation-free; structural gate: mean pLDDT 86.4, 27 crystal donors at TM>=0.5, max TM 0.862	NO	NO	NO	NO	NO	YES	1.0000			1.0000	EXACT_DUPLICATE	True	YES - the 95 were kept by a structural gate (ESMFold models, crystal donors at TM>=0.5, pLDDT>=70, catalytic chemistry and order). The old seed's expansion is structure-selected, which is why it may not seed a sequence-defined instrument in g4	38	every model trained on all167 has seen this sequence; 38 such models were found	PRIOR / AUDIT / COMPARATOR - excluded from g4 derivation, fitting, thresholds and calibration, and excluded from any Stage-1 sample by identity	CAND_* seed member	95 CAND_* members of all167.faa
CAND_UG12_12	9e32c2ac9d104979ccb9e74669ba8b74eb085ac9db511ba068d21181800f9298	647	UG12	rt_hash f101aba88a4b2451 (corpus sequence hash; no NCBI or UniProt accession exists for these)	stage2_rt/cache/ph4/dedup_501k.fasta - the 501,561-sequence deduplicated corpus, the same lineage as the Stage-1 catalogue	columns_rt17/followup/scripts/f3a_recruit.py (recruitment) then f3c_validate.py (the G1-G5 structural gate that kept 95 of 129)	tier_variantB in COMPLETE/COMPLETE_MOSAIC; not clipped; 200-900 aa; cd-hit at 50% identity; the K largest clusters per coverage tier (6 RT7_DISSENTER / 4 THIN / 3 BY_CONSTRUCTION). No bit score or e-value. This sequence: family RVT-UG12, coverage_tier RT7_DISSENTER, cd-hit cluster 12 of 266 (cluster size 74, family pool 1557)	YES - every CAND arrived carrying Stage-2 annotation: a palm-HMM domain boundary (palm_qs_frozen/palm_qe_frozen/palm_cov_frozen), a catalytic xxDD motif string, and a family call. The seed expansion was NOT annotation-free; structural gate: mean pLDDT 88.1, 22 crystal donors at TM>=0.5, max TM 0.937	NO	NO	NO	NO	NO	YES	0.7100		0.5570	1.0000	EXACT_DUPLICATE	True	YES - the 95 were kept by a structural gate (ESMFold models, crystal donors at TM>=0.5, pLDDT>=70, catalytic chemistry and order). The old seed's expansion is structure-selected, which is why it may not seed a sequence-defined instrument in g4	38	every model trained on all167 has seen this sequence; 38 such models were found	PRIOR / AUDIT / COMPARATOR - excluded from g4 derivation, fitting, thresholds and calibration, and excluded from any Stage-1 sample by identity	CAND_* seed member	95 CAND_* members of all167.faa
CAND_UG12_147	b4bf5a0acf2cb8362273bcb7fafbf3d4f61033489300468613a3aaacbb5ed01f	516	UG12	rt_hash 1f8171a0cad89a8f (corpus sequence hash; no NCBI or UniProt accession exists for these)	stage2_rt/cache/ph4/dedup_501k.fasta - the 501,561-sequence deduplicated corpus, the same lineage as the Stage-1 catalogue	columns_rt17/followup/scripts/f3a_recruit.py (recruitment) then f3c_validate.py (the G1-G5 structural gate that kept 95 of 129)	tier_variantB in COMPLETE/COMPLETE_MOSAIC; not clipped; 200-900 aa; cd-hit at 50% identity; the K largest clusters per coverage tier (6 RT7_DISSENTER / 4 THIN / 3 BY_CONSTRUCTION). No bit score or e-value. This sequence: family RVT-UG12, coverage_tier RT7_DISSENTER, cd-hit cluster 147 of 266 (cluster size 61, family pool 1557)	YES - every CAND arrived carrying Stage-2 annotation: a palm-HMM domain boundary (palm_qs_frozen/palm_qe_frozen/palm_cov_frozen), a catalytic xxDD motif string, and a family call. The seed expansion was NOT annotation-free; structural gate: mean pLDDT 75.2, 27 crystal donors at TM>=0.5, max TM 0.917	NO	NO	NO	NO	NO	YES	0.5220	0.5750	0.2540	1.0000	EXACT_DUPLICATE	True	YES - the 95 were kept by a structural gate (ESMFold models, crystal donors at TM>=0.5, pLDDT>=70, catalytic chemistry and order). The old seed's expansion is structure-selected, which is why it may not seed a sequence-defined instrument in g4	38	every model trained on all167 has seen this sequence; 38 such models were found	PRIOR / AUDIT / COMPARATOR - excluded from g4 derivation, fitting, thresholds and calibration, and excluded from any Stage-1 sample by identity	CAND_* seed member	95 CAND_* members of all167.faa
CAND_UG12_21	e1a18be0183e23fa03a0d392078c5a4d12e1c61900fc08212013866db8fff27e	631	UG12	rt_hash c483e744b77a410e (corpus sequence hash; no NCBI or UniProt accession exists for these)	stage2_rt/cache/ph4/dedup_501k.fasta - the 501,561-sequence deduplicated corpus, the same lineage as the Stage-1 catalogue	columns_rt17/followup/scripts/f3a_recruit.py (recruitment) then f3c_validate.py (the G1-G5 structural gate that kept 95 of 129)	tier_variantB in COMPLETE/COMPLETE_MOSAIC; not clipped; 200-900 aa; cd-hit at 50% identity; the K largest clusters per coverage tier (6 RT7_DISSENTER / 4 THIN / 3 BY_CONSTRUCTION). No bit score or e-value. This sequence: family RVT-UG12, coverage_tier RT7_DISSENTER, cd-hit cluster 21 of 266 (cluster size 129, family pool 1557)	YES - every CAND arrived carrying Stage-2 annotation: a palm-HMM domain boundary (palm_qs_frozen/palm_qe_frozen/palm_cov_frozen), a catalytic xxDD motif string, and a family call. The seed expansion was NOT annotation-free; structural gate: mean pLDDT 85.2, 20 crystal donors at TM>=0.5, max TM 0.933	NO	NO	NO	NO	NO	YES	0.7390		0.5310	1.0000	EXACT_DUPLICATE	True	YES - the 95 were kept by a structural gate (ESMFold models, crystal donors at TM>=0.5, pLDDT>=70, catalytic chemistry and order). The old seed's expansion is structure-selected, which is why it may not seed a sequence-defined instrument in g4	38	every model trained on all167 has seen this sequence; 38 such models were found	PRIOR / AUDIT / COMPARATOR - excluded from g4 derivation, fitting, thresholds and calibration, and excluded from any Stage-1 sample by identity	CAND_* seed member	95 CAND_* members of all167.faa
CAND_UG12_230	b96c08beb8bdc41d2889b55fa954564454c889f5cf244dbe719575b4b8d04e2a	419	UG12	rt_hash f6c1f108af03a434 (corpus sequence hash; no NCBI or UniProt accession exists for these)	stage2_rt/cache/ph4/dedup_501k.fasta - the 501,561-sequence deduplicated corpus, the same lineage as the Stage-1 catalogue	columns_rt17/followup/scripts/f3a_recruit.py (recruitment) then f3c_validate.py (the G1-G5 structural gate that kept 95 of 129)	tier_variantB in COMPLETE/COMPLETE_MOSAIC; not clipped; 200-900 aa; cd-hit at 50% identity; the K largest clusters per coverage tier (6 RT7_DISSENTER / 4 THIN / 3 BY_CONSTRUCTION). No bit score or e-value. This sequence: family RVT-UG12, coverage_tier RT7_DISSENTER, cd-hit cluster 230 of 266 (cluster size 54, family pool 1557)	YES - every CAND arrived carrying Stage-2 annotation: a palm-HMM domain boundary (palm_qs_frozen/palm_qe_frozen/palm_cov_frozen), a catalytic xxDD motif string, and a family call. The seed expansion was NOT annotation-free; structural gate: mean pLDDT 88.7, 27 crystal donors at TM>=0.5, max TM 0.941	NO	NO	NO	NO	NO	YES	0.9890			1.0000	EXACT_DUPLICATE	True	YES - the 95 were kept by a structural gate (ESMFold models, crystal donors at TM>=0.5, pLDDT>=70, catalytic chemistry and order). The old seed's expansion is structure-selected, which is why it may not seed a sequence-defined instrument in g4	38	every model trained on all167 has seen this sequence; 38 such models were found	PRIOR / AUDIT / COMPARATOR - excluded from g4 derivation, fitting, thresholds and calibration, and excluded from any Stage-1 sample by identity	CAND_* seed member	95 CAND_* members of all167.faa
CAND_UG12_3	fa18c5807c5527cd8bc762844b7b49c16a85b620bc894dff2a35157fd8655b19	721	UG12	rt_hash 96ff12a29d22b44c (corpus sequence hash; no NCBI or UniProt accession exists for these)	stage2_rt/cache/ph4/dedup_501k.fasta - the 501,561-sequence deduplicated corpus, the same lineage as the Stage-1 catalogue	columns_rt17/followup/scripts/f3a_recruit.py (recruitment) then f3c_validate.py (the G1-G5 structural gate that kept 95 of 129)	tier_variantB in COMPLETE/COMPLETE_MOSAIC; not clipped; 200-900 aa; cd-hit at 50% identity; the K largest clusters per coverage tier (6 RT7_DISSENTER / 4 THIN / 3 BY_CONSTRUCTION). No bit score or e-value. This sequence: family RVT-UG12, coverage_tier RT7_DISSENTER, cd-hit cluster 3 of 266 (cluster size 491, family pool 1557)	YES - every CAND arrived carrying Stage-2 annotation: a palm-HMM domain boundary (palm_qs_frozen/palm_qe_frozen/palm_cov_frozen), a catalytic xxDD motif string, and a family call. The seed expansion was NOT annotation-free; structural gate: mean pLDDT 76.1, 24 crystal donors at TM>=0.5, max TM 0.901	NO	NO	NO	NO	NO	YES	0.9640	0.3690	0.2550	1.0000	EXACT_DUPLICATE	True	YES - the 95 were kept by a structural gate (ESMFold models, crystal donors at TM>=0.5, pLDDT>=70, catalytic chemistry and order). The old seed's expansion is structure-selected, which is why it may not seed a sequence-defined instrument in g4	38	every model trained on all167 has seen this sequence; 38 such models were found	PRIOR / AUDIT / COMPARATOR - excluded from g4 derivation, fitting, thresholds and calibration, and excluded from any Stage-1 sample by identity	CAND_* seed member	95 CAND_* members of all167.faa
CAND_UG12_37	66f957a2006df86cadf41fa6f6bb2db917d002a7d8127395cc3f105d85266ba2	605	UG12	rt_hash 324b20c100d6cfd9 (corpus sequence hash; no NCBI or UniProt accession exists for these)	stage2_rt/cache/ph4/dedup_501k.fasta - the 501,561-sequence deduplicated corpus, the same lineage as the Stage-1 catalogue	columns_rt17/followup/scripts/f3a_recruit.py (recruitment) then f3c_validate.py (the G1-G5 structural gate that kept 95 of 129)	tier_variantB in COMPLETE/COMPLETE_MOSAIC; not clipped; 200-900 aa; cd-hit at 50% identity; the K largest clusters per coverage tier (6 RT7_DISSENTER / 4 THIN / 3 BY_CONSTRUCTION). No bit score or e-value. This sequence: family RVT-UG12, coverage_tier RT7_DISSENTER, cd-hit cluster 37 of 266 (cluster size 75, family pool 1557)	YES - every CAND arrived carrying Stage-2 annotation: a palm-HMM domain boundary (palm_qs_frozen/palm_qe_frozen/palm_cov_frozen), a catalytic xxDD motif string, and a family call. The seed expansion was NOT annotation-free; structural gate: mean pLDDT 87.8, 25 crystal donors at TM>=0.5, max TM 0.978	NO	NO	NO	NO	NO	YES	0.6830	0.2920	0.2610	1.0000	EXACT_DUPLICATE	True	YES - the 95 were kept by a structural gate (ESMFold models, crystal donors at TM>=0.5, pLDDT>=70, catalytic chemistry and order). The old seed's expansion is structure-selected, which is why it may not seed a sequence-defined instrument in g4	38	every model trained on all167 has seen this sequence; 38 such models were found	PRIOR / AUDIT / COMPARATOR - excluded from g4 derivation, fitting, thresholds and calibration, and excluded from any Stage-1 sample by identity	CAND_* seed member	95 CAND_* members of all167.faa
CAND_UG13_0	8b1d7fa488effb730b2bfb0fdbf37a0b97d2424ea6bdf172e3f654c4f34a93e8	613	UG13	rt_hash ec0cbd60b60cf652 (corpus sequence hash; no NCBI or UniProt accession exists for these)	stage2_rt/cache/ph4/dedup_501k.fasta - the 501,561-sequence deduplicated corpus, the same lineage as the Stage-1 catalogue	columns_rt17/followup/scripts/f3a_recruit.py (recruitment) then f3c_validate.py (the G1-G5 structural gate that kept 95 of 129)	tier_variantB in COMPLETE/COMPLETE_MOSAIC; not clipped; 200-900 aa; cd-hit at 50% identity; the K largest clusters per coverage tier (6 RT7_DISSENTER / 4 THIN / 3 BY_CONSTRUCTION). No bit score or e-value. This sequence: family RVT-UG13, coverage_tier BY_CONSTRUCTION, cd-hit cluster 0 of 32 (cluster size 2, family pool 40)	YES - every CAND arrived carrying Stage-2 annotation: a palm-HMM domain boundary (palm_qs_frozen/palm_qe_frozen/palm_cov_frozen), a catalytic xxDD motif string, and a family call. The seed expansion was NOT annotation-free; structural gate: mean pLDDT 79.7, 25 crystal donors at TM>=0.5, max TM 0.855	NO	NO	NO	NO	NO	YES	0.5760		0.2350	1.0000	EXACT_DUPLICATE	True	YES - the 95 were kept by a structural gate (ESMFold models, crystal donors at TM>=0.5, pLDDT>=70, catalytic chemistry and order). The old seed's expansion is structure-selected, which is why it may not seed a sequence-defined instrument in g4	38	every model trained on all167 has seen this sequence; 38 such models were found	PRIOR / AUDIT / COMPARATOR - excluded from g4 derivation, fitting, thresholds and calibration, and excluded from any Stage-1 sample by identity	CAND_* seed member	95 CAND_* members of all167.faa
CAND_UG13_16	a1accf72840775597712f407e74fa672f821eda2ac7ff35f850b3633f09926b0	514	UG13	rt_hash 2dac6a423038667e (corpus sequence hash; no NCBI or UniProt accession exists for these)	stage2_rt/cache/ph4/dedup_501k.fasta - the 501,561-sequence deduplicated corpus, the same lineage as the Stage-1 catalogue	columns_rt17/followup/scripts/f3a_recruit.py (recruitment) then f3c_validate.py (the G1-G5 structural gate that kept 95 of 129)	tier_variantB in COMPLETE/COMPLETE_MOSAIC; not clipped; 200-900 aa; cd-hit at 50% identity; the K largest clusters per coverage tier (6 RT7_DISSENTER / 4 THIN / 3 BY_CONSTRUCTION). No bit score or e-value. This sequence: family RVT-UG13, coverage_tier BY_CONSTRUCTION, cd-hit cluster 16 of 32 (cluster size 3, family pool 40)	YES - every CAND arrived carrying Stage-2 annotation: a palm-HMM domain boundary (palm_qs_frozen/palm_qe_frozen/palm_cov_frozen), a catalytic xxDD motif string, and a family call. The seed expansion was NOT annotation-free; structural gate: mean pLDDT 91.2, 27 crystal donors at TM>=0.5, max TM 0.858	NO	NO	NO	NO	NO	YES	0.6270		0.2060	1.0000	EXACT_DUPLICATE	True	YES - the 95 were kept by a structural gate (ESMFold models, crystal donors at TM>=0.5, pLDDT>=70, catalytic chemistry and order). The old seed's expansion is structure-selected, which is why it may not seed a sequence-defined instrument in g4	38	every model trained on all167 has seen this sequence; 38 such models were found	PRIOR / AUDIT / COMPARATOR - excluded from g4 derivation, fitting, thresholds and calibration, and excluded from any Stage-1 sample by identity	CAND_* seed member	95 CAND_* members of all167.faa
CAND_UG13_30	108658ba05fe2da42b87bf4175587d48872178ef1866ff2dd93586ec638a39c7	250	UG13	rt_hash 3c9e3624db86dce1 (corpus sequence hash; no NCBI or UniProt accession exists for these)	stage2_rt/cache/ph4/dedup_501k.fasta - the 501,561-sequence deduplicated corpus, the same lineage as the Stage-1 catalogue	columns_rt17/followup/scripts/f3a_recruit.py (recruitment) then f3c_validate.py (the G1-G5 structural gate that kept 95 of 129)	tier_variantB in COMPLETE/COMPLETE_MOSAIC; not clipped; 200-900 aa; cd-hit at 50% identity; the K largest clusters per coverage tier (6 RT7_DISSENTER / 4 THIN / 3 BY_CONSTRUCTION). No bit score or e-value. This sequence: family RVT-UG13, coverage_tier BY_CONSTRUCTION, cd-hit cluster 30 of 32 (cluster size 3, family pool 40)	YES - every CAND arrived carrying Stage-2 annotation: a palm-HMM domain boundary (palm_qs_frozen/palm_qe_frozen/palm_cov_frozen), a catalytic xxDD motif string, and a family call. The seed expansion was NOT annotation-free; structural gate: mean pLDDT 95.0, 27 crystal donors at TM>=0.5, max TM 0.902	NO	NO	NO	NO	NO	YES	0.3550		0.2660	1.0000	EXACT_DUPLICATE	True	YES - the 95 were kept by a structural gate (ESMFold models, crystal donors at TM>=0.5, pLDDT>=70, catalytic chemistry and order). The old seed's expansion is structure-selected, which is why it may not seed a sequence-defined instrument in g4	38	every model trained on all167 has seen this sequence; 38 such models were found	PRIOR / AUDIT / COMPARATOR - excluded from g4 derivation, fitting, thresholds and calibration, and excluded from any Stage-1 sample by identity	CAND_* seed member	95 CAND_* members of all167.faa
CAND_UG14_43	5cd6b26373e1d1a613d4a84750e34f235abe7f7235af4ececb335ff47166f7b8	407	UG14	rt_hash fc8ec34e7bb4f5b4 (corpus sequence hash; no NCBI or UniProt accession exists for these)	stage2_rt/cache/ph4/dedup_501k.fasta - the 501,561-sequence deduplicated corpus, the same lineage as the Stage-1 catalogue	columns_rt17/followup/scripts/f3a_recruit.py (recruitment) then f3c_validate.py (the G1-G5 structural gate that kept 95 of 129)	tier_variantB in COMPLETE/COMPLETE_MOSAIC; not clipped; 200-900 aa; cd-hit at 50% identity; the K largest clusters per coverage tier (6 RT7_DISSENTER / 4 THIN / 3 BY_CONSTRUCTION). No bit score or e-value. This sequence: family RVT-UG14, coverage_tier BY_CONSTRUCTION, cd-hit cluster 43 of 59 (cluster size 75, family pool 237)	YES - every CAND arrived carrying Stage-2 annotation: a palm-HMM domain boundary (palm_qs_frozen/palm_qe_frozen/palm_cov_frozen), a catalytic xxDD motif string, and a family call. The seed expansion was NOT annotation-free; structural gate: mean pLDDT 93.2, 27 crystal donors at TM>=0.5, max TM 0.927	NO	NO	NO	NO	NO	YES	0.9940		0.2860	1.0000	EXACT_DUPLICATE	True	YES - the 95 were kept by a structural gate (ESMFold models, crystal donors at TM>=0.5, pLDDT>=70, catalytic chemistry and order). The old seed's expansion is structure-selected, which is why it may not seed a sequence-defined instrument in g4	38	every model trained on all167 has seen this sequence; 38 such models were found	PRIOR / AUDIT / COMPARATOR - excluded from g4 derivation, fitting, thresholds and calibration, and excluded from any Stage-1 sample by identity	CAND_* seed member	95 CAND_* members of all167.faa
CAND_UG15_123	d324be2a8d2826c5c15e571e4bb69f0c9266c5e566a251639056221b7e9755ac	507	UG15	rt_hash c0f09c7dcab4d8a3 (corpus sequence hash; no NCBI or UniProt accession exists for these)	stage2_rt/cache/ph4/dedup_501k.fasta - the 501,561-sequence deduplicated corpus, the same lineage as the Stage-1 catalogue	columns_rt17/followup/scripts/f3a_recruit.py (recruitment) then f3c_validate.py (the G1-G5 structural gate that kept 95 of 129)	tier_variantB in COMPLETE/COMPLETE_MOSAIC; not clipped; 200-900 aa; cd-hit at 50% identity; the K largest clusters per coverage tier (6 RT7_DISSENTER / 4 THIN / 3 BY_CONSTRUCTION). No bit score or e-value. This sequence: family RVT-UG15, coverage_tier RT7_DISSENTER, cd-hit cluster 123 of 161 (cluster size 25, family pool 640)	YES - every CAND arrived carrying Stage-2 annotation: a palm-HMM domain boundary (palm_qs_frozen/palm_qe_frozen/palm_cov_frozen), a catalytic xxDD motif string, and a family call. The seed expansion was NOT annotation-free; structural gate: mean pLDDT 91.4, 24 crystal donors at TM>=0.5, max TM 0.899	NO	NO	NO	NO	NO	YES	0.8100	0.2200	0.2910	1.0000	EXACT_DUPLICATE	True	YES - the 95 were kept by a structural gate (ESMFold models, crystal donors at TM>=0.5, pLDDT>=70, catalytic chemistry and order). The old seed's expansion is structure-selected, which is why it may not seed a sequence-defined instrument in g4	38	every model trained on all167 has seen this sequence; 38 such models were found	PRIOR / AUDIT / COMPARATOR - excluded from g4 derivation, fitting, thresholds and calibration, and excluded from any Stage-1 sample by identity	CAND_* seed member	95 CAND_* members of all167.faa
CAND_UG15_31	129495afb690d8382ba3d784188a6ed70a1c64abd45dbac8fddf7fca393477bf	559	UG15	rt_hash 2dbb13f379bf66d6 (corpus sequence hash; no NCBI or UniProt accession exists for these)	stage2_rt/cache/ph4/dedup_501k.fasta - the 501,561-sequence deduplicated corpus, the same lineage as the Stage-1 catalogue	columns_rt17/followup/scripts/f3a_recruit.py (recruitment) then f3c_validate.py (the G1-G5 structural gate that kept 95 of 129)	tier_variantB in COMPLETE/COMPLETE_MOSAIC; not clipped; 200-900 aa; cd-hit at 50% identity; the K largest clusters per coverage tier (6 RT7_DISSENTER / 4 THIN / 3 BY_CONSTRUCTION). No bit score or e-value. This sequence: family RVT-UG15, coverage_tier RT7_DISSENTER, cd-hit cluster 31 of 161 (cluster size 29, family pool 640)	YES - every CAND arrived carrying Stage-2 annotation: a palm-HMM domain boundary (palm_qs_frozen/palm_qe_frozen/palm_cov_frozen), a catalytic xxDD motif string, and a family call. The seed expansion was NOT annotation-free; structural gate: mean pLDDT 75.9, 24 crystal donors at TM>=0.5, max TM 0.798	NO	NO	NO	NO	NO	YES	0.7730	0.4240	0.3020	1.0000	EXACT_DUPLICATE	True	YES - the 95 were kept by a structural gate (ESMFold models, crystal donors at TM>=0.5, pLDDT>=70, catalytic chemistry and order). The old seed's expansion is structure-selected, which is why it may not seed a sequence-defined instrument in g4	38	every model trained on all167 has seen this sequence; 38 such models were found	PRIOR / AUDIT / COMPARATOR - excluded from g4 derivation, fitting, thresholds and calibration, and excluded from any Stage-1 sample by identity	CAND_* seed member	95 CAND_* members of all167.faa
CAND_UG15_42	2f310bce533291e0aa370ad23d6a84a3e137285236d2ae57a049221a706d43d1	550	UG15	rt_hash 07af46952153c471 (corpus sequence hash; no NCBI or UniProt accession exists for these)	stage2_rt/cache/ph4/dedup_501k.fasta - the 501,561-sequence deduplicated corpus, the same lineage as the Stage-1 catalogue	columns_rt17/followup/scripts/f3a_recruit.py (recruitment) then f3c_validate.py (the G1-G5 structural gate that kept 95 of 129)	tier_variantB in COMPLETE/COMPLETE_MOSAIC; not clipped; 200-900 aa; cd-hit at 50% identity; the K largest clusters per coverage tier (6 RT7_DISSENTER / 4 THIN / 3 BY_CONSTRUCTION). No bit score or e-value. This sequence: family RVT-UG15, coverage_tier RT7_DISSENTER, cd-hit cluster 42 of 161 (cluster size 43, family pool 640)	YES - every CAND arrived carrying Stage-2 annotation: a palm-HMM domain boundary (palm_qs_frozen/palm_qe_frozen/palm_cov_frozen), a catalytic xxDD motif string, and a family call. The seed expansion was NOT annotation-free; structural gate: mean pLDDT 88.4, 23 crystal donors at TM>=0.5, max TM 0.94	NO	NO	NO	NO	NO	YES	0.7330	0.3580	0.2660	1.0000	EXACT_DUPLICATE	True	YES - the 95 were kept by a structural gate (ESMFold models, crystal donors at TM>=0.5, pLDDT>=70, catalytic chemistry and order). The old seed's expansion is structure-selected, which is why it may not seed a sequence-defined instrument in g4	38	every model trained on all167 has seen this sequence; 38 such models were found	PRIOR / AUDIT / COMPARATOR - excluded from g4 derivation, fitting, thresholds and calibration, and excluded from any Stage-1 sample by identity	CAND_* seed member	95 CAND_* members of all167.faa
CAND_UG15_65	8381b373e6ce44631254ec53e36808b38940e9033a36d86368c2692b396edca7	533	UG15	rt_hash bb484e8ef86a0298 (corpus sequence hash; no NCBI or UniProt accession exists for these)	stage2_rt/cache/ph4/dedup_501k.fasta - the 501,561-sequence deduplicated corpus, the same lineage as the Stage-1 catalogue	columns_rt17/followup/scripts/f3a_recruit.py (recruitment) then f3c_validate.py (the G1-G5 structural gate that kept 95 of 129)	tier_variantB in COMPLETE/COMPLETE_MOSAIC; not clipped; 200-900 aa; cd-hit at 50% identity; the K largest clusters per coverage tier (6 RT7_DISSENTER / 4 THIN / 3 BY_CONSTRUCTION). No bit score or e-value. This sequence: family RVT-UG15, coverage_tier RT7_DISSENTER, cd-hit cluster 65 of 161 (cluster size 25, family pool 640)	YES - every CAND arrived carrying Stage-2 annotation: a palm-HMM domain boundary (palm_qs_frozen/palm_qe_frozen/palm_cov_frozen), a catalytic xxDD motif string, and a family call. The seed expansion was NOT annotation-free; structural gate: mean pLDDT 86.1, 25 crystal donors at TM>=0.5, max TM 0.895	NO	NO	NO	NO	NO	YES	0.6910	0.5120	0.3200	1.0000	EXACT_DUPLICATE	True	YES - the 95 were kept by a structural gate (ESMFold models, crystal donors at TM>=0.5, pLDDT>=70, catalytic chemistry and order). The old seed's expansion is structure-selected, which is why it may not seed a sequence-defined instrument in g4	38	every model trained on all167 has seen this sequence; 38 such models were found	PRIOR / AUDIT / COMPARATOR - excluded from g4 derivation, fitting, thresholds and calibration, and excluded from any Stage-1 sample by identity	CAND_* seed member	95 CAND_* members of all167.faa
CAND_UG15_74	d902515cffdb82ec95b353192b0b8097a913580e7b4a891194783d8727117efb	528	UG15	rt_hash 73e0e9e56dcfd0de (corpus sequence hash; no NCBI or UniProt accession exists for these)	stage2_rt/cache/ph4/dedup_501k.fasta - the 501,561-sequence deduplicated corpus, the same lineage as the Stage-1 catalogue	columns_rt17/followup/scripts/f3a_recruit.py (recruitment) then f3c_validate.py (the G1-G5 structural gate that kept 95 of 129)	tier_variantB in COMPLETE/COMPLETE_MOSAIC; not clipped; 200-900 aa; cd-hit at 50% identity; the K largest clusters per coverage tier (6 RT7_DISSENTER / 4 THIN / 3 BY_CONSTRUCTION). No bit score or e-value. This sequence: family RVT-UG15, coverage_tier RT7_DISSENTER, cd-hit cluster 74 of 161 (cluster size 29, family pool 640)	YES - every CAND arrived carrying Stage-2 annotation: a palm-HMM domain boundary (palm_qs_frozen/palm_qe_frozen/palm_cov_frozen), a catalytic xxDD motif string, and a family call. The seed expansion was NOT annotation-free; structural gate: mean pLDDT 88.1, 23 crystal donors at TM>=0.5, max TM 0.895	NO	NO	NO	NO	NO	YES	0.6300	0.2530	0.2910	1.0000	EXACT_DUPLICATE	True	YES - the 95 were kept by a structural gate (ESMFold models, crystal donors at TM>=0.5, pLDDT>=70, catalytic chemistry and order). The old seed's expansion is structure-selected, which is why it may not seed a sequence-defined instrument in g4	38	every model trained on all167 has seen this sequence; 38 such models were found	PRIOR / AUDIT / COMPARATOR - excluded from g4 derivation, fitting, thresholds and calibration, and excluded from any Stage-1 sample by identity	CAND_* seed member	95 CAND_* members of all167.faa
CAND_UG16_41	280fa39aa37591e088f5f19511c2dcd82ab26f01e423b1f84757bb46f019601d	548	UG16	rt_hash 8bb53198903061b5 (corpus sequence hash; no NCBI or UniProt accession exists for these)	stage2_rt/cache/ph4/dedup_501k.fasta - the 501,561-sequence deduplicated corpus, the same lineage as the Stage-1 catalogue	columns_rt17/followup/scripts/f3a_recruit.py (recruitment) then f3c_validate.py (the G1-G5 structural gate that kept 95 of 129)	tier_variantB in COMPLETE/COMPLETE_MOSAIC; not clipped; 200-900 aa; cd-hit at 50% identity; the K largest clusters per coverage tier (6 RT7_DISSENTER / 4 THIN / 3 BY_CONSTRUCTION). No bit score or e-value. This sequence: family RVT-UG16, coverage_tier BY_CONSTRUCTION, cd-hit cluster 41 of 160 (cluster size 27, family pool 546)	YES - every CAND arrived carrying Stage-2 annotation: a palm-HMM domain boundary (palm_qs_frozen/palm_qe_frozen/palm_cov_frozen), a catalytic xxDD motif string, and a family call. The seed expansion was NOT annotation-free; structural gate: mean pLDDT 87.2, 27 crystal donors at TM>=0.5, max TM 0.856	NO	NO	NO	NO	NO	YES	1.0000		0.2380	1.0000	EXACT_DUPLICATE	True	YES - the 95 were kept by a structural gate (ESMFold models, crystal donors at TM>=0.5, pLDDT>=70, catalytic chemistry and order). The old seed's expansion is structure-selected, which is why it may not seed a sequence-defined instrument in g4	38	every model trained on all167 has seen this sequence; 38 such models were found	PRIOR / AUDIT / COMPARATOR - excluded from g4 derivation, fitting, thresholds and calibration, and excluded from any Stage-1 sample by identity	CAND_* seed member	95 CAND_* members of all167.faa
CAND_UG16_60	27fba4357c67934b532bf5f9d90f5683a276cd41c3491488bc51a114276c2137	534	UG16	rt_hash 739f4701e49eb402 (corpus sequence hash; no NCBI or UniProt accession exists for these)	stage2_rt/cache/ph4/dedup_501k.fasta - the 501,561-sequence deduplicated corpus, the same lineage as the Stage-1 catalogue	columns_rt17/followup/scripts/f3a_recruit.py (recruitment) then f3c_validate.py (the G1-G5 structural gate that kept 95 of 129)	tier_variantB in COMPLETE/COMPLETE_MOSAIC; not clipped; 200-900 aa; cd-hit at 50% identity; the K largest clusters per coverage tier (6 RT7_DISSENTER / 4 THIN / 3 BY_CONSTRUCTION). No bit score or e-value. This sequence: family RVT-UG16, coverage_tier BY_CONSTRUCTION, cd-hit cluster 60 of 160 (cluster size 18, family pool 546)	YES - every CAND arrived carrying Stage-2 annotation: a palm-HMM domain boundary (palm_qs_frozen/palm_qe_frozen/palm_cov_frozen), a catalytic xxDD motif string, and a family call. The seed expansion was NOT annotation-free; structural gate: mean pLDDT 87.5, 27 crystal donors at TM>=0.5, max TM 0.832	NO	NO	NO	NO	NO	YES	0.6020		0.2280	1.0000	EXACT_DUPLICATE	True	YES - the 95 were kept by a structural gate (ESMFold models, crystal donors at TM>=0.5, pLDDT>=70, catalytic chemistry and order). The old seed's expansion is structure-selected, which is why it may not seed a sequence-defined instrument in g4	38	every model trained on all167 has seen this sequence; 38 such models were found	PRIOR / AUDIT / COMPARATOR - excluded from g4 derivation, fitting, thresholds and calibration, and excluded from any Stage-1 sample by identity	CAND_* seed member	95 CAND_* members of all167.faa
CAND_UG16_91	7dcf2892b3255673ecef0dcd22e86a41aba33fecfbfa6b49cffe03022832aaa5	515	UG16	rt_hash 476a74ec9b68785c (corpus sequence hash; no NCBI or UniProt accession exists for these)	stage2_rt/cache/ph4/dedup_501k.fasta - the 501,561-sequence deduplicated corpus, the same lineage as the Stage-1 catalogue	columns_rt17/followup/scripts/f3a_recruit.py (recruitment) then f3c_validate.py (the G1-G5 structural gate that kept 95 of 129)	tier_variantB in COMPLETE/COMPLETE_MOSAIC; not clipped; 200-900 aa; cd-hit at 50% identity; the K largest clusters per coverage tier (6 RT7_DISSENTER / 4 THIN / 3 BY_CONSTRUCTION). No bit score or e-value. This sequence: family RVT-UG16, coverage_tier BY_CONSTRUCTION, cd-hit cluster 91 of 160 (cluster size 69, family pool 546)	YES - every CAND arrived carrying Stage-2 annotation: a palm-HMM domain boundary (palm_qs_frozen/palm_qe_frozen/palm_cov_frozen), a catalytic xxDD motif string, and a family call. The seed expansion was NOT annotation-free; structural gate: mean pLDDT 86.7, 27 crystal donors at TM>=0.5, max TM 0.823	NO	NO	NO	NO	NO	YES	0.6250		0.2340	1.0000	EXACT_DUPLICATE	True	YES - the 95 were kept by a structural gate (ESMFold models, crystal donors at TM>=0.5, pLDDT>=70, catalytic chemistry and order). The old seed's expansion is structure-selected, which is why it may not seed a sequence-defined instrument in g4	38	every model trained on all167 has seen this sequence; 38 such models were found	PRIOR / AUDIT / COMPARATOR - excluded from g4 derivation, fitting, thresholds and calibration, and excluded from any Stage-1 sample by identity	CAND_* seed member	95 CAND_* members of all167.faa
CAND_UG17_254	899321cdbf12414ee1b90aa4b31d9c9ea38598294692de5965bc292b1e7afa95	484	UG17	rt_hash 47e5527d1a6d6c44 (corpus sequence hash; no NCBI or UniProt accession exists for these)	stage2_rt/cache/ph4/dedup_501k.fasta - the 501,561-sequence deduplicated corpus, the same lineage as the Stage-1 catalogue	columns_rt17/followup/scripts/f3a_recruit.py (recruitment) then f3c_validate.py (the G1-G5 structural gate that kept 95 of 129)	tier_variantB in COMPLETE/COMPLETE_MOSAIC; not clipped; 200-900 aa; cd-hit at 50% identity; the K largest clusters per coverage tier (6 RT7_DISSENTER / 4 THIN / 3 BY_CONSTRUCTION). No bit score or e-value. This sequence: family RVT-UG17, coverage_tier BY_CONSTRUCTION, cd-hit cluster 254 of 1163 (cluster size 324, family pool 6559)	YES - every CAND arrived carrying Stage-2 annotation: a palm-HMM domain boundary (palm_qs_frozen/palm_qe_frozen/palm_cov_frozen), a catalytic xxDD motif string, and a family call. The seed expansion was NOT annotation-free; structural gate: mean pLDDT 82.6, 27 crystal donors at TM>=0.5, max TM 0.937	NO	NO	NO	NO	NO	YES	0.7950	0.8070	0.2360	1.0000	EXACT_DUPLICATE	True	YES - the 95 were kept by a structural gate (ESMFold models, crystal donors at TM>=0.5, pLDDT>=70, catalytic chemistry and order). The old seed's expansion is structure-selected, which is why it may not seed a sequence-defined instrument in g4	38	every model trained on all167 has seen this sequence; 38 such models were found	PRIOR / AUDIT / COMPARATOR - excluded from g4 derivation, fitting, thresholds and calibration, and excluded from any Stage-1 sample by identity	CAND_* seed member	95 CAND_* members of all167.faa
CAND_UG17_289	dc2bcddf71015b4ccf84fa8eb99c5a31d8d51753993632fc22ae0d434d5e33b5	475	UG17	rt_hash 4d356fa842da3bed (corpus sequence hash; no NCBI or UniProt accession exists for these)	stage2_rt/cache/ph4/dedup_501k.fasta - the 501,561-sequence deduplicated corpus, the same lineage as the Stage-1 catalogue	columns_rt17/followup/scripts/f3a_recruit.py (recruitment) then f3c_validate.py (the G1-G5 structural gate that kept 95 of 129)	tier_variantB in COMPLETE/COMPLETE_MOSAIC; not clipped; 200-900 aa; cd-hit at 50% identity; the K largest clusters per coverage tier (6 RT7_DISSENTER / 4 THIN / 3 BY_CONSTRUCTION). No bit score or e-value. This sequence: family RVT-UG17, coverage_tier BY_CONSTRUCTION, cd-hit cluster 289 of 1163 (cluster size 273, family pool 6559)	YES - every CAND arrived carrying Stage-2 annotation: a palm-HMM domain boundary (palm_qs_frozen/palm_qe_frozen/palm_cov_frozen), a catalytic xxDD motif string, and a family call. The seed expansion was NOT annotation-free; structural gate: mean pLDDT 93.7, 26 crystal donors at TM>=0.5, max TM 0.872	NO	NO	NO	NO	NO	YES	0.8850		0.2410	1.0000	EXACT_DUPLICATE	True	YES - the 95 were kept by a structural gate (ESMFold models, crystal donors at TM>=0.5, pLDDT>=70, catalytic chemistry and order). The old seed's expansion is structure-selected, which is why it may not seed a sequence-defined instrument in g4	38	every model trained on all167 has seen this sequence; 38 such models were found	PRIOR / AUDIT / COMPARATOR - excluded from g4 derivation, fitting, thresholds and calibration, and excluded from any Stage-1 sample by identity	CAND_* seed member	95 CAND_* members of all167.faa
CAND_UG17_32	bd86a21684d0a50cca547dac5ffa0168b1bccdbba69ffae9e162ea66a7992ff6	733	UG17	rt_hash 5c62a9feb1f31c59 (corpus sequence hash; no NCBI or UniProt accession exists for these)	stage2_rt/cache/ph4/dedup_501k.fasta - the 501,561-sequence deduplicated corpus, the same lineage as the Stage-1 catalogue	columns_rt17/followup/scripts/f3a_recruit.py (recruitment) then f3c_validate.py (the G1-G5 structural gate that kept 95 of 129)	tier_variantB in COMPLETE/COMPLETE_MOSAIC; not clipped; 200-900 aa; cd-hit at 50% identity; the K largest clusters per coverage tier (6 RT7_DISSENTER / 4 THIN / 3 BY_CONSTRUCTION). No bit score or e-value. This sequence: family RVT-UG17, coverage_tier BY_CONSTRUCTION, cd-hit cluster 32 of 1163 (cluster size 330, family pool 6559)	YES - every CAND arrived carrying Stage-2 annotation: a palm-HMM domain boundary (palm_qs_frozen/palm_qe_frozen/palm_cov_frozen), a catalytic xxDD motif string, and a family call. The seed expansion was NOT annotation-free; structural gate: mean pLDDT 70.7, 20 crystal donors at TM>=0.5, max TM 0.884	NO	NO	NO	NO	NO	YES	0.9660		0.2460	1.0000	EXACT_DUPLICATE	True	YES - the 95 were kept by a structural gate (ESMFold models, crystal donors at TM>=0.5, pLDDT>=70, catalytic chemistry and order). The old seed's expansion is structure-selected, which is why it may not seed a sequence-defined instrument in g4	38	every model trained on all167 has seen this sequence; 38 such models were found	PRIOR / AUDIT / COMPARATOR - excluded from g4 derivation, fitting, thresholds and calibration, and excluded from any Stage-1 sample by identity	CAND_* seed member	95 CAND_* members of all167.faa
CAND_UG18_36	f2942a22622115f8eb1bf675474e11d8fff2683e592135374a63ee313f249e71	663	UG18	rt_hash e0603fa8373d5927 (corpus sequence hash; no NCBI or UniProt accession exists for these)	stage2_rt/cache/ph4/dedup_501k.fasta - the 501,561-sequence deduplicated corpus, the same lineage as the Stage-1 catalogue	columns_rt17/followup/scripts/f3a_recruit.py (recruitment) then f3c_validate.py (the G1-G5 structural gate that kept 95 of 129)	tier_variantB in COMPLETE/COMPLETE_MOSAIC; not clipped; 200-900 aa; cd-hit at 50% identity; the K largest clusters per coverage tier (6 RT7_DISSENTER / 4 THIN / 3 BY_CONSTRUCTION). No bit score or e-value. This sequence: family RVT-UG18, coverage_tier BY_CONSTRUCTION, cd-hit cluster 36 of 232 (cluster size 78, family pool 1213)	YES - every CAND arrived carrying Stage-2 annotation: a palm-HMM domain boundary (palm_qs_frozen/palm_qe_frozen/palm_cov_frozen), a catalytic xxDD motif string, and a family call. The seed expansion was NOT annotation-free; structural gate: mean pLDDT 71.2, 23 crystal donors at TM>=0.5, max TM 0.895	NO	NO	NO	NO	NO	YES	0.6230		0.2410	1.0000	EXACT_DUPLICATE	True	YES - the 95 were kept by a structural gate (ESMFold models, crystal donors at TM>=0.5, pLDDT>=70, catalytic chemistry and order). The old seed's expansion is structure-selected, which is why it may not seed a sequence-defined instrument in g4	38	every model trained on all167 has seen this sequence; 38 such models were found	PRIOR / AUDIT / COMPARATOR - excluded from g4 derivation, fitting, thresholds and calibration, and excluded from any Stage-1 sample by identity	CAND_* seed member	95 CAND_* members of all167.faa
CAND_UG18_58	d3df4394ab0fde5b0a7abf5f549224992ee49ac2690c6d23215a6a3fb71e6684	570	UG18	rt_hash 6d08240354f3cc72 (corpus sequence hash; no NCBI or UniProt accession exists for these)	stage2_rt/cache/ph4/dedup_501k.fasta - the 501,561-sequence deduplicated corpus, the same lineage as the Stage-1 catalogue	columns_rt17/followup/scripts/f3a_recruit.py (recruitment) then f3c_validate.py (the G1-G5 structural gate that kept 95 of 129)	tier_variantB in COMPLETE/COMPLETE_MOSAIC; not clipped; 200-900 aa; cd-hit at 50% identity; the K largest clusters per coverage tier (6 RT7_DISSENTER / 4 THIN / 3 BY_CONSTRUCTION). No bit score or e-value. This sequence: family RVT-UG18, coverage_tier BY_CONSTRUCTION, cd-hit cluster 58 of 232 (cluster size 69, family pool 1213)	YES - every CAND arrived carrying Stage-2 annotation: a palm-HMM domain boundary (palm_qs_frozen/palm_qe_frozen/palm_cov_frozen), a catalytic xxDD motif string, and a family call. The seed expansion was NOT annotation-free; structural gate: mean pLDDT 83.5, 24 crystal donors at TM>=0.5, max TM 0.934	NO	NO	NO	NO	NO	YES	0.7570		0.6060	1.0000	EXACT_DUPLICATE	True	YES - the 95 were kept by a structural gate (ESMFold models, crystal donors at TM>=0.5, pLDDT>=70, catalytic chemistry and order). The old seed's expansion is structure-selected, which is why it may not seed a sequence-defined instrument in g4	38	every model trained on all167 has seen this sequence; 38 such models were found	PRIOR / AUDIT / COMPARATOR - excluded from g4 derivation, fitting, thresholds and calibration, and excluded from any Stage-1 sample by identity	CAND_* seed member	95 CAND_* members of all167.faa
CAND_UG19_156	5b3db9b1475bba9eabe4a852e4d38f60f95ea4a7a4a01dbd07716abce80931b3	566	UG19	rt_hash 259ad2a1602f961d (corpus sequence hash; no NCBI or UniProt accession exists for these)	stage2_rt/cache/ph4/dedup_501k.fasta - the 501,561-sequence deduplicated corpus, the same lineage as the Stage-1 catalogue	columns_rt17/followup/scripts/f3a_recruit.py (recruitment) then f3c_validate.py (the G1-G5 structural gate that kept 95 of 129)	tier_variantB in COMPLETE/COMPLETE_MOSAIC; not clipped; 200-900 aa; cd-hit at 50% identity; the K largest clusters per coverage tier (6 RT7_DISSENTER / 4 THIN / 3 BY_CONSTRUCTION). No bit score or e-value. This sequence: family RVT-UG19, coverage_tier BY_CONSTRUCTION, cd-hit cluster 156 of 871 (cluster size 143, family pool 4577)	YES - every CAND arrived carrying Stage-2 annotation: a palm-HMM domain boundary (palm_qs_frozen/palm_qe_frozen/palm_cov_frozen), a catalytic xxDD motif string, and a family call. The seed expansion was NOT annotation-free; structural gate: mean pLDDT 84.2, 26 crystal donors at TM>=0.5, max TM 0.924	NO	NO	NO	NO	NO	YES	0.6650		0.4080	1.0000	EXACT_DUPLICATE	True	YES - the 95 were kept by a structural gate (ESMFold models, crystal donors at TM>=0.5, pLDDT>=70, catalytic chemistry and order). The old seed's expansion is structure-selected, which is why it may not seed a sequence-defined instrument in g4	38	every model trained on all167 has seen this sequence; 38 such models were found	PRIOR / AUDIT / COMPARATOR - excluded from g4 derivation, fitting, thresholds and calibration, and excluded from any Stage-1 sample by identity	CAND_* seed member	95 CAND_* members of all167.faa
CAND_UG19_20	0b4dc7a0735a4e3d9f22eb89026e69bb3f9857899cb8e049ecccd7a33d122423	727	UG19	rt_hash 1ec0c231c82bb5d9 (corpus sequence hash; no NCBI or UniProt accession exists for these)	stage2_rt/cache/ph4/dedup_501k.fasta - the 501,561-sequence deduplicated corpus, the same lineage as the Stage-1 catalogue	columns_rt17/followup/scripts/f3a_recruit.py (recruitment) then f3c_validate.py (the G1-G5 structural gate that kept 95 of 129)	tier_variantB in COMPLETE/COMPLETE_MOSAIC; not clipped; 200-900 aa; cd-hit at 50% identity; the K largest clusters per coverage tier (6 RT7_DISSENTER / 4 THIN / 3 BY_CONSTRUCTION). No bit score or e-value. This sequence: family RVT-UG19, coverage_tier BY_CONSTRUCTION, cd-hit cluster 20 of 871 (cluster size 415, family pool 4577)	YES - every CAND arrived carrying Stage-2 annotation: a palm-HMM domain boundary (palm_qs_frozen/palm_qe_frozen/palm_cov_frozen), a catalytic xxDD motif string, and a family call. The seed expansion was NOT annotation-free; structural gate: mean pLDDT 83.7, 26 crystal donors at TM>=0.5, max TM 0.914	NO	NO	NO	NO	NO	YES	0.7400		0.5340	1.0000	EXACT_DUPLICATE	True	YES - the 95 were kept by a structural gate (ESMFold models, crystal donors at TM>=0.5, pLDDT>=70, catalytic chemistry and order). The old seed's expansion is structure-selected, which is why it may not seed a sequence-defined instrument in g4	38	every model trained on all167 has seen this sequence; 38 such models were found	PRIOR / AUDIT / COMPARATOR - excluded from g4 derivation, fitting, thresholds and calibration, and excluded from any Stage-1 sample by identity	CAND_* seed member	95 CAND_* members of all167.faa
CAND_UG19_229	19eed900eec247036464cc22af9a882867c40b240968a742c131ceda467376d6	533	UG19	rt_hash 0e31f55526742cb2 (corpus sequence hash; no NCBI or UniProt accession exists for these)	stage2_rt/cache/ph4/dedup_501k.fasta - the 501,561-sequence deduplicated corpus, the same lineage as the Stage-1 catalogue	columns_rt17/followup/scripts/f3a_recruit.py (recruitment) then f3c_validate.py (the G1-G5 structural gate that kept 95 of 129)	tier_variantB in COMPLETE/COMPLETE_MOSAIC; not clipped; 200-900 aa; cd-hit at 50% identity; the K largest clusters per coverage tier (6 RT7_DISSENTER / 4 THIN / 3 BY_CONSTRUCTION). No bit score or e-value. This sequence: family RVT-UG19, coverage_tier BY_CONSTRUCTION, cd-hit cluster 229 of 871 (cluster size 134, family pool 4577)	YES - every CAND arrived carrying Stage-2 annotation: a palm-HMM domain boundary (palm_qs_frozen/palm_qe_frozen/palm_cov_frozen), a catalytic xxDD motif string, and a family call. The seed expansion was NOT annotation-free; structural gate: mean pLDDT 81.4, 26 crystal donors at TM>=0.5, max TM 0.954	NO	NO	NO	NO	NO	YES	0.9680		0.2400	1.0000	EXACT_DUPLICATE	True	YES - the 95 were kept by a structural gate (ESMFold models, crystal donors at TM>=0.5, pLDDT>=70, catalytic chemistry and order). The old seed's expansion is structure-selected, which is why it may not seed a sequence-defined instrument in g4	38	every model trained on all167 has seen this sequence; 38 such models were found	PRIOR / AUDIT / COMPARATOR - excluded from g4 derivation, fitting, thresholds and calibration, and excluded from any Stage-1 sample by identity	CAND_* seed member	95 CAND_* members of all167.faa
CAND_UG1_12	713c67a584bb6cebc203571ea5dfb34f14940c71ffc50514669bbc971bb7bed9	583	UG1	rt_hash e077d4f71eb4214b (corpus sequence hash; no NCBI or UniProt accession exists for these)	stage2_rt/cache/ph4/dedup_501k.fasta - the 501,561-sequence deduplicated corpus, the same lineage as the Stage-1 catalogue	columns_rt17/followup/scripts/f3a_recruit.py (recruitment) then f3c_validate.py (the G1-G5 structural gate that kept 95 of 129)	tier_variantB in COMPLETE/COMPLETE_MOSAIC; not clipped; 200-900 aa; cd-hit at 50% identity; the K largest clusters per coverage tier (6 RT7_DISSENTER / 4 THIN / 3 BY_CONSTRUCTION). No bit score or e-value. This sequence: family RVT-UG1, coverage_tier THIN, cd-hit cluster 12 of 18 (cluster size 23, family pool 907)	YES - every CAND arrived carrying Stage-2 annotation: a palm-HMM domain boundary (palm_qs_frozen/palm_qe_frozen/palm_cov_frozen), a catalytic xxDD motif string, and a family call. The seed expansion was NOT annotation-free; structural gate: mean pLDDT 87.1, 22 crystal donors at TM>=0.5, max TM 0.914	NO	NO	NO	NO	NO	YES	0.3730		0.3230	1.0000	EXACT_DUPLICATE	True	YES - the 95 were kept by a structural gate (ESMFold models, crystal donors at TM>=0.5, pLDDT>=70, catalytic chemistry and order). The old seed's expansion is structure-selected, which is why it may not seed a sequence-defined instrument in g4	38	every model trained on all167 has seen this sequence; 38 such models were found	PRIOR / AUDIT / COMPARATOR - excluded from g4 derivation, fitting, thresholds and calibration, and excluded from any Stage-1 sample by identity	CAND_* seed member	95 CAND_* members of all167.faa
CAND_UG1_3	a032af7ea3e184efbed7950b528f2a238e300edcd69fc3047ad1cd7e094b6aa2	747	UG1	rt_hash 7e7e3b536c96f481 (corpus sequence hash; no NCBI or UniProt accession exists for these)	stage2_rt/cache/ph4/dedup_501k.fasta - the 501,561-sequence deduplicated corpus, the same lineage as the Stage-1 catalogue	columns_rt17/followup/scripts/f3a_recruit.py (recruitment) then f3c_validate.py (the G1-G5 structural gate that kept 95 of 129)	tier_variantB in COMPLETE/COMPLETE_MOSAIC; not clipped; 200-900 aa; cd-hit at 50% identity; the K largest clusters per coverage tier (6 RT7_DISSENTER / 4 THIN / 3 BY_CONSTRUCTION). No bit score or e-value. This sequence: family RVT-UG1, coverage_tier THIN, cd-hit cluster 3 of 18 (cluster size 85, family pool 907)	YES - every CAND arrived carrying Stage-2 annotation: a palm-HMM domain boundary (palm_qs_frozen/palm_qe_frozen/palm_cov_frozen), a catalytic xxDD motif string, and a family call. The seed expansion was NOT annotation-free; structural gate: mean pLDDT 84.8, 22 crystal donors at TM>=0.5, max TM 0.921	NO	NO	NO	NO	NO	YES	0.7800	0.3100	0.6850	1.0000	EXACT_DUPLICATE	True	YES - the 95 were kept by a structural gate (ESMFold models, crystal donors at TM>=0.5, pLDDT>=70, catalytic chemistry and order). The old seed's expansion is structure-selected, which is why it may not seed a sequence-defined instrument in g4	38	every model trained on all167 has seen this sequence; 38 such models were found	PRIOR / AUDIT / COMPARATOR - excluded from g4 derivation, fitting, thresholds and calibration, and excluded from any Stage-1 sample by identity	CAND_* seed member	95 CAND_* members of all167.faa
CAND_UG1_8	e2ae613d862e30c7a7666e4d43c5b648004b98d6e5cc5067d356a750ef551d21	660	UG1	rt_hash 0654144557e3201d (corpus sequence hash; no NCBI or UniProt accession exists for these)	stage2_rt/cache/ph4/dedup_501k.fasta - the 501,561-sequence deduplicated corpus, the same lineage as the Stage-1 catalogue	columns_rt17/followup/scripts/f3a_recruit.py (recruitment) then f3c_validate.py (the G1-G5 structural gate that kept 95 of 129)	tier_variantB in COMPLETE/COMPLETE_MOSAIC; not clipped; 200-900 aa; cd-hit at 50% identity; the K largest clusters per coverage tier (6 RT7_DISSENTER / 4 THIN / 3 BY_CONSTRUCTION). No bit score or e-value. This sequence: family RVT-UG1, coverage_tier THIN, cd-hit cluster 8 of 18 (cluster size 761, family pool 907)	YES - every CAND arrived carrying Stage-2 annotation: a palm-HMM domain boundary (palm_qs_frozen/palm_qe_frozen/palm_cov_frozen), a catalytic xxDD motif string, and a family call. The seed expansion was NOT annotation-free; structural gate: mean pLDDT 80.1, 23 crystal donors at TM>=0.5, max TM 0.924	NO	NO	NO	NO	NO	YES	0.8040	0.3180	0.7000	0.7380	EXACT_DUPLICATE	True	YES - the 95 were kept by a structural gate (ESMFold models, crystal donors at TM>=0.5, pLDDT>=70, catalytic chemistry and order). The old seed's expansion is structure-selected, which is why it may not seed a sequence-defined instrument in g4	38	every model trained on all167 has seen this sequence; 38 such models were found	PRIOR / AUDIT / COMPARATOR - excluded from g4 derivation, fitting, thresholds and calibration, and excluded from any Stage-1 sample by identity	CAND_* seed member	95 CAND_* members of all167.faa
CAND_UG20_0	85631ee6693af89a5ed3af1128b30efa2ad2d730550094f69d8e3e73dc1559a8	545	UG20	rt_hash c54766e643963c4b (corpus sequence hash; no NCBI or UniProt accession exists for these)	stage2_rt/cache/ph4/dedup_501k.fasta - the 501,561-sequence deduplicated corpus, the same lineage as the Stage-1 catalogue	columns_rt17/followup/scripts/f3a_recruit.py (recruitment) then f3c_validate.py (the G1-G5 structural gate that kept 95 of 129)	tier_variantB in COMPLETE/COMPLETE_MOSAIC; not clipped; 200-900 aa; cd-hit at 50% identity; the K largest clusters per coverage tier (6 RT7_DISSENTER / 4 THIN / 3 BY_CONSTRUCTION). No bit score or e-value. This sequence: family RVT-UG20, coverage_tier BY_CONSTRUCTION, cd-hit cluster 0 of 6 (cluster size 2, family pool 13)	YES - every CAND arrived carrying Stage-2 annotation: a palm-HMM domain boundary (palm_qs_frozen/palm_qe_frozen/palm_cov_frozen), a catalytic xxDD motif string, and a family call. The seed expansion was NOT annotation-free; structural gate: mean pLDDT 87.3, 26 crystal donors at TM>=0.5, max TM 0.852	NO	NO	NO	NO	NO	YES	0.4230		0.2980	1.0000	EXACT_DUPLICATE	True	YES - the 95 were kept by a structural gate (ESMFold models, crystal donors at TM>=0.5, pLDDT>=70, catalytic chemistry and order). The old seed's expansion is structure-selected, which is why it may not seed a sequence-defined instrument in g4	38	every model trained on all167 has seen this sequence; 38 such models were found	PRIOR / AUDIT / COMPARATOR - excluded from g4 derivation, fitting, thresholds and calibration, and excluded from any Stage-1 sample by identity	CAND_* seed member	95 CAND_* members of all167.faa
CAND_UG20_1	1886c3b6c9670ea98ccb0f35fbb8dbd3c0650c1917a023fe25cbf8b61c9a842d	527	UG20	rt_hash cd6946f36f7a8602 (corpus sequence hash; no NCBI or UniProt accession exists for these)	stage2_rt/cache/ph4/dedup_501k.fasta - the 501,561-sequence deduplicated corpus, the same lineage as the Stage-1 catalogue	columns_rt17/followup/scripts/f3a_recruit.py (recruitment) then f3c_validate.py (the G1-G5 structural gate that kept 95 of 129)	tier_variantB in COMPLETE/COMPLETE_MOSAIC; not clipped; 200-900 aa; cd-hit at 50% identity; the K largest clusters per coverage tier (6 RT7_DISSENTER / 4 THIN / 3 BY_CONSTRUCTION). No bit score or e-value. This sequence: family RVT-UG20, coverage_tier BY_CONSTRUCTION, cd-hit cluster 1 of 6 (cluster size 2, family pool 13)	YES - every CAND arrived carrying Stage-2 annotation: a palm-HMM domain boundary (palm_qs_frozen/palm_qe_frozen/palm_cov_frozen), a catalytic xxDD motif string, and a family call. The seed expansion was NOT annotation-free; structural gate: mean pLDDT 93.9, 27 crystal donors at TM>=0.5, max TM 0.846	NO	NO	NO	NO	NO	YES	1.0000		0.2470	1.0000	EXACT_DUPLICATE	True	YES - the 95 were kept by a structural gate (ESMFold models, crystal donors at TM>=0.5, pLDDT>=70, catalytic chemistry and order). The old seed's expansion is structure-selected, which is why it may not seed a sequence-defined instrument in g4	38	every model trained on all167 has seen this sequence; 38 such models were found	PRIOR / AUDIT / COMPARATOR - excluded from g4 derivation, fitting, thresholds and calibration, and excluded from any Stage-1 sample by identity	CAND_* seed member	95 CAND_* members of all167.faa
CAND_UG20_2	a254ad828518c5edee2b61d3ab87e5e7363a005464793a10cb45313d73137b4c	517	UG20	rt_hash 4eab0569e0017dba (corpus sequence hash; no NCBI or UniProt accession exists for these)	stage2_rt/cache/ph4/dedup_501k.fasta - the 501,561-sequence deduplicated corpus, the same lineage as the Stage-1 catalogue	columns_rt17/followup/scripts/f3a_recruit.py (recruitment) then f3c_validate.py (the G1-G5 structural gate that kept 95 of 129)	tier_variantB in COMPLETE/COMPLETE_MOSAIC; not clipped; 200-900 aa; cd-hit at 50% identity; the K largest clusters per coverage tier (6 RT7_DISSENTER / 4 THIN / 3 BY_CONSTRUCTION). No bit score or e-value. This sequence: family RVT-UG20, coverage_tier BY_CONSTRUCTION, cd-hit cluster 2 of 6 (cluster size 5, family pool 13)	YES - every CAND arrived carrying Stage-2 annotation: a palm-HMM domain boundary (palm_qs_frozen/palm_qe_frozen/palm_cov_frozen), a catalytic xxDD motif string, and a family call. The seed expansion was NOT annotation-free; structural gate: mean pLDDT 91.4, 27 crystal donors at TM>=0.5, max TM 0.849	NO	NO	NO	NO	NO	YES	1.0000		0.2430	1.0000	EXACT_DUPLICATE	True	YES - the 95 were kept by a structural gate (ESMFold models, crystal donors at TM>=0.5, pLDDT>=70, catalytic chemistry and order). The old seed's expansion is structure-selected, which is why it may not seed a sequence-defined instrument in g4	38	every model trained on all167 has seen this sequence; 38 such models were found	PRIOR / AUDIT / COMPARATOR - excluded from g4 derivation, fitting, thresholds and calibration, and excluded from any Stage-1 sample by identity	CAND_* seed member	95 CAND_* members of all167.faa
CAND_UG21_13	00dd6a761600ce3dd3a220a956f2552b59bb64a68f6b9c2b8cd3c926d1f975eb	619	UG21	rt_hash 7b648dbc461e1781 (corpus sequence hash; no NCBI or UniProt accession exists for these)	stage2_rt/cache/ph4/dedup_501k.fasta - the 501,561-sequence deduplicated corpus, the same lineage as the Stage-1 catalogue	columns_rt17/followup/scripts/f3a_recruit.py (recruitment) then f3c_validate.py (the G1-G5 structural gate that kept 95 of 129)	tier_variantB in COMPLETE/COMPLETE_MOSAIC; not clipped; 200-900 aa; cd-hit at 50% identity; the K largest clusters per coverage tier (6 RT7_DISSENTER / 4 THIN / 3 BY_CONSTRUCTION). No bit score or e-value. This sequence: family RVT-UG21, coverage_tier BY_CONSTRUCTION, cd-hit cluster 13 of 193 (cluster size 60, family pool 919)	YES - every CAND arrived carrying Stage-2 annotation: a palm-HMM domain boundary (palm_qs_frozen/palm_qe_frozen/palm_cov_frozen), a catalytic xxDD motif string, and a family call. The seed expansion was NOT annotation-free; structural gate: mean pLDDT 82.5, 25 crystal donors at TM>=0.5, max TM 0.852	NO	NO	NO	NO	NO	YES	0.7630	0.2580	0.2430	1.0000	EXACT_DUPLICATE	True	YES - the 95 were kept by a structural gate (ESMFold models, crystal donors at TM>=0.5, pLDDT>=70, catalytic chemistry and order). The old seed's expansion is structure-selected, which is why it may not seed a sequence-defined instrument in g4	38	every model trained on all167 has seen this sequence; 38 such models were found	PRIOR / AUDIT / COMPARATOR - excluded from g4 derivation, fitting, thresholds and calibration, and excluded from any Stage-1 sample by identity	CAND_* seed member	95 CAND_* members of all167.faa
CAND_UG21_25	003d5a11916e9db09539d0d221b361733ce5bf8610c50fd6f1c73eb1cc237444	587	UG21	rt_hash f199b5e849873fdd (corpus sequence hash; no NCBI or UniProt accession exists for these)	stage2_rt/cache/ph4/dedup_501k.fasta - the 501,561-sequence deduplicated corpus, the same lineage as the Stage-1 catalogue	columns_rt17/followup/scripts/f3a_recruit.py (recruitment) then f3c_validate.py (the G1-G5 structural gate that kept 95 of 129)	tier_variantB in COMPLETE/COMPLETE_MOSAIC; not clipped; 200-900 aa; cd-hit at 50% identity; the K largest clusters per coverage tier (6 RT7_DISSENTER / 4 THIN / 3 BY_CONSTRUCTION). No bit score or e-value. This sequence: family RVT-UG21, coverage_tier BY_CONSTRUCTION, cd-hit cluster 25 of 193 (cluster size 55, family pool 919)	YES - every CAND arrived carrying Stage-2 annotation: a palm-HMM domain boundary (palm_qs_frozen/palm_qe_frozen/palm_cov_frozen), a catalytic xxDD motif string, and a family call. The seed expansion was NOT annotation-free; structural gate: mean pLDDT 82.8, 25 crystal donors at TM>=0.5, max TM 0.849	NO	NO	NO	NO	NO	YES	0.6000	0.3000	0.2700	1.0000	EXACT_DUPLICATE	True	YES - the 95 were kept by a structural gate (ESMFold models, crystal donors at TM>=0.5, pLDDT>=70, catalytic chemistry and order). The old seed's expansion is structure-selected, which is why it may not seed a sequence-defined instrument in g4	38	every model trained on all167 has seen this sequence; 38 such models were found	PRIOR / AUDIT / COMPARATOR - excluded from g4 derivation, fitting, thresholds and calibration, and excluded from any Stage-1 sample by identity	CAND_* seed member	95 CAND_* members of all167.faa
CAND_UG22_1	8dbaead006591b7afa077df49eb71861c57d4054652f63c02ae702760067c146	850	UG22	rt_hash 06a340705a30127e (corpus sequence hash; no NCBI or UniProt accession exists for these)	stage2_rt/cache/ph4/dedup_501k.fasta - the 501,561-sequence deduplicated corpus, the same lineage as the Stage-1 catalogue	columns_rt17/followup/scripts/f3a_recruit.py (recruitment) then f3c_validate.py (the G1-G5 structural gate that kept 95 of 129)	tier_variantB in COMPLETE/COMPLETE_MOSAIC; not clipped; 200-900 aa; cd-hit at 50% identity; the K largest clusters per coverage tier (6 RT7_DISSENTER / 4 THIN / 3 BY_CONSTRUCTION). No bit score or e-value. This sequence: family RVT-UG22, coverage_tier BY_CONSTRUCTION, cd-hit cluster 1 of 486 (cluster size 727, family pool 3327)	YES - every CAND arrived carrying Stage-2 annotation: a palm-HMM domain boundary (palm_qs_frozen/palm_qe_frozen/palm_cov_frozen), a catalytic xxDD motif string, and a family call. The seed expansion was NOT annotation-free; structural gate: mean pLDDT 75.2, 27 crystal donors at TM>=0.5, max TM 0.884	NO	NO	NO	NO	NO	YES	1.0000	0.2950	0.5120	1.0000	EXACT_DUPLICATE	True	YES - the 95 were kept by a structural gate (ESMFold models, crystal donors at TM>=0.5, pLDDT>=70, catalytic chemistry and order). The old seed's expansion is structure-selected, which is why it may not seed a sequence-defined instrument in g4	38	every model trained on all167 has seen this sequence; 38 such models were found	PRIOR / AUDIT / COMPARATOR - excluded from g4 derivation, fitting, thresholds and calibration, and excluded from any Stage-1 sample by identity	CAND_* seed member	95 CAND_* members of all167.faa
CAND_UG22_14	301a1ddef5b89637a22c877d15b781eadd7d48ed1bc324afc17626124bbc3584	768	UG22	rt_hash 5198b8d5bea1dca7 (corpus sequence hash; no NCBI or UniProt accession exists for these)	stage2_rt/cache/ph4/dedup_501k.fasta - the 501,561-sequence deduplicated corpus, the same lineage as the Stage-1 catalogue	columns_rt17/followup/scripts/f3a_recruit.py (recruitment) then f3c_validate.py (the G1-G5 structural gate that kept 95 of 129)	tier_variantB in COMPLETE/COMPLETE_MOSAIC; not clipped; 200-900 aa; cd-hit at 50% identity; the K largest clusters per coverage tier (6 RT7_DISSENTER / 4 THIN / 3 BY_CONSTRUCTION). No bit score or e-value. This sequence: family RVT-UG22, coverage_tier BY_CONSTRUCTION, cd-hit cluster 14 of 486 (cluster size 220, family pool 3327)	YES - every CAND arrived carrying Stage-2 annotation: a palm-HMM domain boundary (palm_qs_frozen/palm_qe_frozen/palm_cov_frozen), a catalytic xxDD motif string, and a family call. The seed expansion was NOT annotation-free; structural gate: mean pLDDT 73.8, 25 crystal donors at TM>=0.5, max TM 0.932	NO	NO	NO	NO	NO	YES	0.9260		0.5730	1.0000	EXACT_DUPLICATE	True	YES - the 95 were kept by a structural gate (ESMFold models, crystal donors at TM>=0.5, pLDDT>=70, catalytic chemistry and order). The old seed's expansion is structure-selected, which is why it may not seed a sequence-defined instrument in g4	38	every model trained on all167 has seen this sequence; 38 such models were found	PRIOR / AUDIT / COMPARATOR - excluded from g4 derivation, fitting, thresholds and calibration, and excluded from any Stage-1 sample by identity	CAND_* seed member	95 CAND_* members of all167.faa
CAND_UG22_46	134973716b1b790db1dbc96a7d68e200415cda92a01907eda9434490fe9a1e55	638	UG22	rt_hash 2d1cb73d59ac1bf4 (corpus sequence hash; no NCBI or UniProt accession exists for these)	stage2_rt/cache/ph4/dedup_501k.fasta - the 501,561-sequence deduplicated corpus, the same lineage as the Stage-1 catalogue	columns_rt17/followup/scripts/f3a_recruit.py (recruitment) then f3c_validate.py (the G1-G5 structural gate that kept 95 of 129)	tier_variantB in COMPLETE/COMPLETE_MOSAIC; not clipped; 200-900 aa; cd-hit at 50% identity; the K largest clusters per coverage tier (6 RT7_DISSENTER / 4 THIN / 3 BY_CONSTRUCTION). No bit score or e-value. This sequence: family RVT-UG22, coverage_tier BY_CONSTRUCTION, cd-hit cluster 46 of 486 (cluster size 307, family pool 3327)	YES - every CAND arrived carrying Stage-2 annotation: a palm-HMM domain boundary (palm_qs_frozen/palm_qe_frozen/palm_cov_frozen), a catalytic xxDD motif string, and a family call. The seed expansion was NOT annotation-free; structural gate: mean pLDDT 78.9, 24 crystal donors at TM>=0.5, max TM 0.915	NO	NO	NO	NO	NO	YES	0.6830		0.5430	1.0000	EXACT_DUPLICATE	True	YES - the 95 were kept by a structural gate (ESMFold models, crystal donors at TM>=0.5, pLDDT>=70, catalytic chemistry and order). The old seed's expansion is structure-selected, which is why it may not seed a sequence-defined instrument in g4	38	every model trained on all167 has seen this sequence; 38 such models were found	PRIOR / AUDIT / COMPARATOR - excluded from g4 derivation, fitting, thresholds and calibration, and excluded from any Stage-1 sample by identity	CAND_* seed member	95 CAND_* members of all167.faa
CAND_UG23_4	cbeeaecc6c3747e3943a16b349ead354a5650035f3f8e50db5f3cabdff54990f	663	UG23	rt_hash ddd296cdb183974c (corpus sequence hash; no NCBI or UniProt accession exists for these)	stage2_rt/cache/ph4/dedup_501k.fasta - the 501,561-sequence deduplicated corpus, the same lineage as the Stage-1 catalogue	columns_rt17/followup/scripts/f3a_recruit.py (recruitment) then f3c_validate.py (the G1-G5 structural gate that kept 95 of 129)	tier_variantB in COMPLETE/COMPLETE_MOSAIC; not clipped; 200-900 aa; cd-hit at 50% identity; the K largest clusters per coverage tier (6 RT7_DISSENTER / 4 THIN / 3 BY_CONSTRUCTION). No bit score or e-value. This sequence: family RVT-UG23, coverage_tier BY_CONSTRUCTION, cd-hit cluster 4 of 142 (cluster size 17, family pool 316)	YES - every CAND arrived carrying Stage-2 annotation: a palm-HMM domain boundary (palm_qs_frozen/palm_qe_frozen/palm_cov_frozen), a catalytic xxDD motif string, and a family call. The seed expansion was NOT annotation-free; structural gate: mean pLDDT 77.8, 22 crystal donors at TM>=0.5, max TM 0.941	NO	NO	NO	NO	NO	YES	0.6500		0.3790	1.0000	EXACT_DUPLICATE	True	YES - the 95 were kept by a structural gate (ESMFold models, crystal donors at TM>=0.5, pLDDT>=70, catalytic chemistry and order). The old seed's expansion is structure-selected, which is why it may not seed a sequence-defined instrument in g4	38	every model trained on all167 has seen this sequence; 38 such models were found	PRIOR / AUDIT / COMPARATOR - excluded from g4 derivation, fitting, thresholds and calibration, and excluded from any Stage-1 sample by identity	CAND_* seed member	95 CAND_* members of all167.faa
CAND_UG24_10	ab07a6ad7e371aa75b1cee775d73caf234e370592ca75db4ae7e3b262e1e5f00	532	UG24	rt_hash 04b2e4eb9aed2f80 (corpus sequence hash; no NCBI or UniProt accession exists for these)	stage2_rt/cache/ph4/dedup_501k.fasta - the 501,561-sequence deduplicated corpus, the same lineage as the Stage-1 catalogue	columns_rt17/followup/scripts/f3a_recruit.py (recruitment) then f3c_validate.py (the G1-G5 structural gate that kept 95 of 129)	tier_variantB in COMPLETE/COMPLETE_MOSAIC; not clipped; 200-900 aa; cd-hit at 50% identity; the K largest clusters per coverage tier (6 RT7_DISSENTER / 4 THIN / 3 BY_CONSTRUCTION). No bit score or e-value. This sequence: family RVT-UG24, coverage_tier BY_CONSTRUCTION, cd-hit cluster 10 of 23 (cluster size 3, family pool 44)	YES - every CAND arrived carrying Stage-2 annotation: a palm-HMM domain boundary (palm_qs_frozen/palm_qe_frozen/palm_cov_frozen), a catalytic xxDD motif string, and a family call. The seed expansion was NOT annotation-free; structural gate: mean pLDDT 85.2, 23 crystal donors at TM>=0.5, max TM 0.928	NO	NO	NO	NO	NO	YES	0.4570		0.2900	1.0000	EXACT_DUPLICATE	True	YES - the 95 were kept by a structural gate (ESMFold models, crystal donors at TM>=0.5, pLDDT>=70, catalytic chemistry and order). The old seed's expansion is structure-selected, which is why it may not seed a sequence-defined instrument in g4	38	every model trained on all167 has seen this sequence; 38 such models were found	PRIOR / AUDIT / COMPARATOR - excluded from g4 derivation, fitting, thresholds and calibration, and excluded from any Stage-1 sample by identity	CAND_* seed member	95 CAND_* members of all167.faa
CAND_UG25_185	73305c990803d56a493b92b180a42f9efc602058bce65c376a0e2161318a9632	341	UG25	rt_hash cdbe37e83a3b1c38 (corpus sequence hash; no NCBI or UniProt accession exists for these)	stage2_rt/cache/ph4/dedup_501k.fasta - the 501,561-sequence deduplicated corpus, the same lineage as the Stage-1 catalogue	columns_rt17/followup/scripts/f3a_recruit.py (recruitment) then f3c_validate.py (the G1-G5 structural gate that kept 95 of 129)	tier_variantB in COMPLETE/COMPLETE_MOSAIC; not clipped; 200-900 aa; cd-hit at 50% identity; the K largest clusters per coverage tier (6 RT7_DISSENTER / 4 THIN / 3 BY_CONSTRUCTION). No bit score or e-value. This sequence: family RVT-UG25, coverage_tier BY_CONSTRUCTION, cd-hit cluster 185 of 228 (cluster size 120, family pool 736)	YES - every CAND arrived carrying Stage-2 annotation: a palm-HMM domain boundary (palm_qs_frozen/palm_qe_frozen/palm_cov_frozen), a catalytic xxDD motif string, and a family call. The seed expansion was NOT annotation-free; structural gate: mean pLDDT 92.1, 27 crystal donors at TM>=0.5, max TM 0.869	NO	NO	NO	NO	NO	YES	1.0000		0.2550	1.0000	EXACT_DUPLICATE	True	YES - the 95 were kept by a structural gate (ESMFold models, crystal donors at TM>=0.5, pLDDT>=70, catalytic chemistry and order). The old seed's expansion is structure-selected, which is why it may not seed a sequence-defined instrument in g4	38	every model trained on all167 has seen this sequence; 38 such models were found	PRIOR / AUDIT / COMPARATOR - excluded from g4 derivation, fitting, thresholds and calibration, and excluded from any Stage-1 sample by identity	CAND_* seed member	95 CAND_* members of all167.faa
CAND_UG25_34	27da5a147023c29ba81f48aada3669f39f5d71a456fb4732ae469ba8c10b2d5a	543	UG25	rt_hash 34174c70cb1f96f0 (corpus sequence hash; no NCBI or UniProt accession exists for these)	stage2_rt/cache/ph4/dedup_501k.fasta - the 501,561-sequence deduplicated corpus, the same lineage as the Stage-1 catalogue	columns_rt17/followup/scripts/f3a_recruit.py (recruitment) then f3c_validate.py (the G1-G5 structural gate that kept 95 of 129)	tier_variantB in COMPLETE/COMPLETE_MOSAIC; not clipped; 200-900 aa; cd-hit at 50% identity; the K largest clusters per coverage tier (6 RT7_DISSENTER / 4 THIN / 3 BY_CONSTRUCTION). No bit score or e-value. This sequence: family RVT-UG25, coverage_tier BY_CONSTRUCTION, cd-hit cluster 34 of 228 (cluster size 33, family pool 736)	YES - every CAND arrived carrying Stage-2 annotation: a palm-HMM domain boundary (palm_qs_frozen/palm_qe_frozen/palm_cov_frozen), a catalytic xxDD motif string, and a family call. The seed expansion was NOT annotation-free; structural gate: mean pLDDT 83.9, 26 crystal donors at TM>=0.5, max TM 0.939	NO	NO	NO	NO	NO	YES	0.6140		0.3720	1.0000	EXACT_DUPLICATE	True	YES - the 95 were kept by a structural gate (ESMFold models, crystal donors at TM>=0.5, pLDDT>=70, catalytic chemistry and order). The old seed's expansion is structure-selected, which is why it may not seed a sequence-defined instrument in g4	38	every model trained on all167 has seen this sequence; 38 such models were found	PRIOR / AUDIT / COMPARATOR - excluded from g4 derivation, fitting, thresholds and calibration, and excluded from any Stage-1 sample by identity	CAND_* seed member	95 CAND_* members of all167.faa
CAND_UG26_78	c07174cac1eb270f171602bcd55d73d562d858032992f01fd9d8efe537df500a	468	UG26	rt_hash 75612cf1eb412169 (corpus sequence hash; no NCBI or UniProt accession exists for these)	stage2_rt/cache/ph4/dedup_501k.fasta - the 501,561-sequence deduplicated corpus, the same lineage as the Stage-1 catalogue	columns_rt17/followup/scripts/f3a_recruit.py (recruitment) then f3c_validate.py (the G1-G5 structural gate that kept 95 of 129)	tier_variantB in COMPLETE/COMPLETE_MOSAIC; not clipped; 200-900 aa; cd-hit at 50% identity; the K largest clusters per coverage tier (6 RT7_DISSENTER / 4 THIN / 3 BY_CONSTRUCTION). No bit score or e-value. This sequence: family RVT-UG26, coverage_tier THIN, cd-hit cluster 78 of 357 (cluster size 153, family pool 2345)	YES - every CAND arrived carrying Stage-2 annotation: a palm-HMM domain boundary (palm_qs_frozen/palm_qe_frozen/palm_cov_frozen), a catalytic xxDD motif string, and a family call. The seed expansion was NOT annotation-free; structural gate: mean pLDDT 86.6, 26 crystal donors at TM>=0.5, max TM 0.895	NO	NO	NO	NO	NO	YES	0.6120		0.2450	1.0000	EXACT_DUPLICATE	True	YES - the 95 were kept by a structural gate (ESMFold models, crystal donors at TM>=0.5, pLDDT>=70, catalytic chemistry and order). The old seed's expansion is structure-selected, which is why it may not seed a sequence-defined instrument in g4	38	every model trained on all167 has seen this sequence; 38 such models were found	PRIOR / AUDIT / COMPARATOR - excluded from g4 derivation, fitting, thresholds and calibration, and excluded from any Stage-1 sample by identity	CAND_* seed member	95 CAND_* members of all167.faa
CAND_UG26_86	dc40653501c17768105cee4a36afb5a1d08fc84e96c692e5d16367ad9158fbed	460	UG26	rt_hash f116eebd1eb8fdf8 (corpus sequence hash; no NCBI or UniProt accession exists for these)	stage2_rt/cache/ph4/dedup_501k.fasta - the 501,561-sequence deduplicated corpus, the same lineage as the Stage-1 catalogue	columns_rt17/followup/scripts/f3a_recruit.py (recruitment) then f3c_validate.py (the G1-G5 structural gate that kept 95 of 129)	tier_variantB in COMPLETE/COMPLETE_MOSAIC; not clipped; 200-900 aa; cd-hit at 50% identity; the K largest clusters per coverage tier (6 RT7_DISSENTER / 4 THIN / 3 BY_CONSTRUCTION). No bit score or e-value. This sequence: family RVT-UG26, coverage_tier THIN, cd-hit cluster 86 of 357 (cluster size 195, family pool 2345)	YES - every CAND arrived carrying Stage-2 annotation: a palm-HMM domain boundary (palm_qs_frozen/palm_qe_frozen/palm_cov_frozen), a catalytic xxDD motif string, and a family call. The seed expansion was NOT annotation-free; structural gate: mean pLDDT 88.8, 26 crystal donors at TM>=0.5, max TM 0.901	NO	NO	NO	NO	NO	YES	0.7100		0.2610	1.0000	EXACT_DUPLICATE	True	YES - the 95 were kept by a structural gate (ESMFold models, crystal donors at TM>=0.5, pLDDT>=70, catalytic chemistry and order). The old seed's expansion is structure-selected, which is why it may not seed a sequence-defined instrument in g4	38	every model trained on all167 has seen this sequence; 38 such models were found	PRIOR / AUDIT / COMPARATOR - excluded from g4 derivation, fitting, thresholds and calibration, and excluded from any Stage-1 sample by identity	CAND_* seed member	95 CAND_* members of all167.faa
CAND_UG28_6	81f161493bb65c3990ea8f204d2430f371767357a30cf35c87029e6c7cdece8f	542	UG28	rt_hash b5a7e13ea55411a5 (corpus sequence hash; no NCBI or UniProt accession exists for these)	stage2_rt/cache/ph4/dedup_501k.fasta - the 501,561-sequence deduplicated corpus, the same lineage as the Stage-1 catalogue	columns_rt17/followup/scripts/f3a_recruit.py (recruitment) then f3c_validate.py (the G1-G5 structural gate that kept 95 of 129)	tier_variantB in COMPLETE/COMPLETE_MOSAIC; not clipped; 200-900 aa; cd-hit at 50% identity; the K largest clusters per coverage tier (6 RT7_DISSENTER / 4 THIN / 3 BY_CONSTRUCTION). No bit score or e-value. This sequence: family RVT-UG28, coverage_tier THIN, cd-hit cluster 6 of 18 (cluster size 2, family pool 48)	YES - every CAND arrived carrying Stage-2 annotation: a palm-HMM domain boundary (palm_qs_frozen/palm_qe_frozen/palm_cov_frozen), a catalytic xxDD motif string, and a family call. The seed expansion was NOT annotation-free; structural gate: mean pLDDT 79.9, 23 crystal donors at TM>=0.5, max TM 0.929	NO	NO	NO	NO	NO	YES	0.4520		0.3090	1.0000	EXACT_DUPLICATE	True	YES - the 95 were kept by a structural gate (ESMFold models, crystal donors at TM>=0.5, pLDDT>=70, catalytic chemistry and order). The old seed's expansion is structure-selected, which is why it may not seed a sequence-defined instrument in g4	38	every model trained on all167 has seen this sequence; 38 such models were found	PRIOR / AUDIT / COMPARATOR - excluded from g4 derivation, fitting, thresholds and calibration, and excluded from any Stage-1 sample by identity	CAND_* seed member	95 CAND_* members of all167.faa
CAND_UG28b_1	f88ce8ebacde1684a2e149c14b4e728ba28a0ddc4219d0b47ddcb7d5ce087e2a	844	UG28b	rt_hash 1b832503698f849a (corpus sequence hash; no NCBI or UniProt accession exists for these)	stage2_rt/cache/ph4/dedup_501k.fasta - the 501,561-sequence deduplicated corpus, the same lineage as the Stage-1 catalogue	columns_rt17/followup/scripts/f3a_recruit.py (recruitment) then f3c_validate.py (the G1-G5 structural gate that kept 95 of 129)	tier_variantB in COMPLETE/COMPLETE_MOSAIC; not clipped; 200-900 aa; cd-hit at 50% identity; the K largest clusters per coverage tier (6 RT7_DISSENTER / 4 THIN / 3 BY_CONSTRUCTION). No bit score or e-value. This sequence: family RVT-UG28b, coverage_tier BY_CONSTRUCTION, cd-hit cluster 1 of 170 (cluster size 94, family pool 601)	YES - every CAND arrived carrying Stage-2 annotation: a palm-HMM domain boundary (palm_qs_frozen/palm_qe_frozen/palm_cov_frozen), a catalytic xxDD motif string, and a family call. The seed expansion was NOT annotation-free; structural gate: mean pLDDT 85.0, 22 crystal donors at TM>=0.5, max TM 0.922	NO	NO	NO	NO	NO	YES	0.7140		0.3510	1.0000	EXACT_DUPLICATE	True	YES - the 95 were kept by a structural gate (ESMFold models, crystal donors at TM>=0.5, pLDDT>=70, catalytic chemistry and order). The old seed's expansion is structure-selected, which is why it may not seed a sequence-defined instrument in g4	38	every model trained on all167 has seen this sequence; 38 such models were found	PRIOR / AUDIT / COMPARATOR - excluded from g4 derivation, fitting, thresholds and calibration, and excluded from any Stage-1 sample by identity	CAND_* seed member	95 CAND_* members of all167.faa
CAND_UG2_112	7248c28b67a9b4a8b7d5a119de6d0b69661990e42e623434a82346718308fe79	429	UG2	rt_hash 6d037d2697ae1ea2 (corpus sequence hash; no NCBI or UniProt accession exists for these)	stage2_rt/cache/ph4/dedup_501k.fasta - the 501,561-sequence deduplicated corpus, the same lineage as the Stage-1 catalogue	columns_rt17/followup/scripts/f3a_recruit.py (recruitment) then f3c_validate.py (the G1-G5 structural gate that kept 95 of 129)	tier_variantB in COMPLETE/COMPLETE_MOSAIC; not clipped; 200-900 aa; cd-hit at 50% identity; the K largest clusters per coverage tier (6 RT7_DISSENTER / 4 THIN / 3 BY_CONSTRUCTION). No bit score or e-value. This sequence: family RVT-UG2, coverage_tier THIN, cd-hit cluster 112 of 226 (cluster size 65, family pool 1075)	YES - every CAND arrived carrying Stage-2 annotation: a palm-HMM domain boundary (palm_qs_frozen/palm_qe_frozen/palm_cov_frozen), a catalytic xxDD motif string, and a family call. The seed expansion was NOT annotation-free; structural gate: mean pLDDT 95.5, 26 crystal donors at TM>=0.5, max TM 0.971	NO	NO	NO	NO	NO	YES	0.8520	0.3300	0.2890	1.0000	EXACT_DUPLICATE	True	YES - the 95 were kept by a structural gate (ESMFold models, crystal donors at TM>=0.5, pLDDT>=70, catalytic chemistry and order). The old seed's expansion is structure-selected, which is why it may not seed a sequence-defined instrument in g4	38	every model trained on all167 has seen this sequence; 38 such models were found	PRIOR / AUDIT / COMPARATOR - excluded from g4 derivation, fitting, thresholds and calibration, and excluded from any Stage-1 sample by identity	CAND_* seed member	95 CAND_* members of all167.faa
CAND_UG2_75	fd90fffdded63c3244b383369790a55f9be8c4aee7efa33375ff68d16710c604	449	UG2	rt_hash dd429fb4fd30a41a (corpus sequence hash; no NCBI or UniProt accession exists for these)	stage2_rt/cache/ph4/dedup_501k.fasta - the 501,561-sequence deduplicated corpus, the same lineage as the Stage-1 catalogue	columns_rt17/followup/scripts/f3a_recruit.py (recruitment) then f3c_validate.py (the G1-G5 structural gate that kept 95 of 129)	tier_variantB in COMPLETE/COMPLETE_MOSAIC; not clipped; 200-900 aa; cd-hit at 50% identity; the K largest clusters per coverage tier (6 RT7_DISSENTER / 4 THIN / 3 BY_CONSTRUCTION). No bit score or e-value. This sequence: family RVT-UG2, coverage_tier THIN, cd-hit cluster 75 of 226 (cluster size 115, family pool 1075)	YES - every CAND arrived carrying Stage-2 annotation: a palm-HMM domain boundary (palm_qs_frozen/palm_qe_frozen/palm_cov_frozen), a catalytic xxDD motif string, and a family call. The seed expansion was NOT annotation-free; structural gate: mean pLDDT 94.9, 27 crystal donors at TM>=0.5, max TM 0.974	NO	NO	NO	NO	NO	YES	0.5830		0.2460	1.0000	EXACT_DUPLICATE	True	YES - the 95 were kept by a structural gate (ESMFold models, crystal donors at TM>=0.5, pLDDT>=70, catalytic chemistry and order). The old seed's expansion is structure-selected, which is why it may not seed a sequence-defined instrument in g4	38	every model trained on all167 has seen this sequence; 38 such models were found	PRIOR / AUDIT / COMPARATOR - excluded from g4 derivation, fitting, thresholds and calibration, and excluded from any Stage-1 sample by identity	CAND_* seed member	95 CAND_* members of all167.faa
CAND_UG2_80	f4c3a224d83e0465e93315eecd4d88e885b705e1beb51cc13b8437382559d4f1	444	UG2	rt_hash b8190e64019db75d (corpus sequence hash; no NCBI or UniProt accession exists for these)	stage2_rt/cache/ph4/dedup_501k.fasta - the 501,561-sequence deduplicated corpus, the same lineage as the Stage-1 catalogue	columns_rt17/followup/scripts/f3a_recruit.py (recruitment) then f3c_validate.py (the G1-G5 structural gate that kept 95 of 129)	tier_variantB in COMPLETE/COMPLETE_MOSAIC; not clipped; 200-900 aa; cd-hit at 50% identity; the K largest clusters per coverage tier (6 RT7_DISSENTER / 4 THIN / 3 BY_CONSTRUCTION). No bit score or e-value. This sequence: family RVT-UG2, coverage_tier THIN, cd-hit cluster 80 of 226 (cluster size 55, family pool 1075)	YES - every CAND arrived carrying Stage-2 annotation: a palm-HMM domain boundary (palm_qs_frozen/palm_qe_frozen/palm_cov_frozen), a catalytic xxDD motif string, and a family call. The seed expansion was NOT annotation-free; structural gate: mean pLDDT 93.2, 27 crystal donors at TM>=0.5, max TM 0.965	NO	NO	NO	NO	NO	YES	0.4880		0.3000	1.0000	EXACT_DUPLICATE	True	YES - the 95 were kept by a structural gate (ESMFold models, crystal donors at TM>=0.5, pLDDT>=70, catalytic chemistry and order). The old seed's expansion is structure-selected, which is why it may not seed a sequence-defined instrument in g4	38	every model trained on all167 has seen this sequence; 38 such models were found	PRIOR / AUDIT / COMPARATOR - excluded from g4 derivation, fitting, thresholds and calibration, and excluded from any Stage-1 sample by identity	CAND_* seed member	95 CAND_* members of all167.faa
CAND_UG2_83	eee3d6da99727ffb6c191cf8677527c7eb0172184df8c6b83e879ce805e2828b	443	UG2	rt_hash d02c715de8831005 (corpus sequence hash; no NCBI or UniProt accession exists for these)	stage2_rt/cache/ph4/dedup_501k.fasta - the 501,561-sequence deduplicated corpus, the same lineage as the Stage-1 catalogue	columns_rt17/followup/scripts/f3a_recruit.py (recruitment) then f3c_validate.py (the G1-G5 structural gate that kept 95 of 129)	tier_variantB in COMPLETE/COMPLETE_MOSAIC; not clipped; 200-900 aa; cd-hit at 50% identity; the K largest clusters per coverage tier (6 RT7_DISSENTER / 4 THIN / 3 BY_CONSTRUCTION). No bit score or e-value. This sequence: family RVT-UG2, coverage_tier THIN, cd-hit cluster 83 of 226 (cluster size 67, family pool 1075)	YES - every CAND arrived carrying Stage-2 annotation: a palm-HMM domain boundary (palm_qs_frozen/palm_qe_frozen/palm_cov_frozen), a catalytic xxDD motif string, and a family call. The seed expansion was NOT annotation-free; structural gate: mean pLDDT 93.5, 26 crystal donors at TM>=0.5, max TM 0.975	NO	NO	NO	NO	NO	YES	0.5370		0.2760	1.0000	EXACT_DUPLICATE	True	YES - the 95 were kept by a structural gate (ESMFold models, crystal donors at TM>=0.5, pLDDT>=70, catalytic chemistry and order). The old seed's expansion is structure-selected, which is why it may not seed a sequence-defined instrument in g4	38	every model trained on all167 has seen this sequence; 38 such models were found	PRIOR / AUDIT / COMPARATOR - excluded from g4 derivation, fitting, thresholds and calibration, and excluded from any Stage-1 sample by identity	CAND_* seed member	95 CAND_* members of all167.faa
CAND_UG3_32	fe14b634e7794c3fa3067e39fc2bdbcb666dd4c735b5b2b9476d5ba8431999a2	677	UG3	rt_hash 82d93c8cfde31383 (corpus sequence hash; no NCBI or UniProt accession exists for these)	stage2_rt/cache/ph4/dedup_501k.fasta - the 501,561-sequence deduplicated corpus, the same lineage as the Stage-1 catalogue	columns_rt17/followup/scripts/f3a_recruit.py (recruitment) then f3c_validate.py (the G1-G5 structural gate that kept 95 of 129)	tier_variantB in COMPLETE/COMPLETE_MOSAIC; not clipped; 200-900 aa; cd-hit at 50% identity; the K largest clusters per coverage tier (6 RT7_DISSENTER / 4 THIN / 3 BY_CONSTRUCTION). No bit score or e-value. This sequence: family RVT-UG3, coverage_tier THIN, cd-hit cluster 32 of 753 (cluster size 380, family pool 4676)	YES - every CAND arrived carrying Stage-2 annotation: a palm-HMM domain boundary (palm_qs_frozen/palm_qe_frozen/palm_cov_frozen), a catalytic xxDD motif string, and a family call. The seed expansion was NOT annotation-free; structural gate: mean pLDDT 86.0, 25 crystal donors at TM>=0.5, max TM 0.933	NO	NO	NO	NO	NO	YES	0.6790		0.5220	1.0000	EXACT_DUPLICATE	True	YES - the 95 were kept by a structural gate (ESMFold models, crystal donors at TM>=0.5, pLDDT>=70, catalytic chemistry and order). The old seed's expansion is structure-selected, which is why it may not seed a sequence-defined instrument in g4	38	every model trained on all167 has seen this sequence; 38 such models were found	PRIOR / AUDIT / COMPARATOR - excluded from g4 derivation, fitting, thresholds and calibration, and excluded from any Stage-1 sample by identity	CAND_* seed member	95 CAND_* members of all167.faa
CAND_UG3_72	1da4ba18ac9d6b2e7e742ed64beb21e08bb9466a53c0b24031c6155fc379a120	621	UG3	rt_hash 99b2b4478601e1c1 (corpus sequence hash; no NCBI or UniProt accession exists for these)	stage2_rt/cache/ph4/dedup_501k.fasta - the 501,561-sequence deduplicated corpus, the same lineage as the Stage-1 catalogue	columns_rt17/followup/scripts/f3a_recruit.py (recruitment) then f3c_validate.py (the G1-G5 structural gate that kept 95 of 129)	tier_variantB in COMPLETE/COMPLETE_MOSAIC; not clipped; 200-900 aa; cd-hit at 50% identity; the K largest clusters per coverage tier (6 RT7_DISSENTER / 4 THIN / 3 BY_CONSTRUCTION). No bit score or e-value. This sequence: family RVT-UG3, coverage_tier THIN, cd-hit cluster 72 of 753 (cluster size 255, family pool 4676)	YES - every CAND arrived carrying Stage-2 annotation: a palm-HMM domain boundary (palm_qs_frozen/palm_qe_frozen/palm_cov_frozen), a catalytic xxDD motif string, and a family call. The seed expansion was NOT annotation-free; structural gate: mean pLDDT 77.9, 25 crystal donors at TM>=0.5, max TM 0.931	NO	NO	NO	NO	NO	YES	0.7530		0.5850	1.0000	EXACT_DUPLICATE	True	YES - the 95 were kept by a structural gate (ESMFold models, crystal donors at TM>=0.5, pLDDT>=70, catalytic chemistry and order). The old seed's expansion is structure-selected, which is why it may not seed a sequence-defined instrument in g4	38	every model trained on all167 has seen this sequence; 38 such models were found	PRIOR / AUDIT / COMPARATOR - excluded from g4 derivation, fitting, thresholds and calibration, and excluded from any Stage-1 sample by identity	CAND_* seed member	95 CAND_* members of all167.faa
CAND_UG4_11	a82220360bb014df4731387633cc0a331e1da7e8c517df39ba55137e5d3ac57c	608	UG4	rt_hash c94332eefe3acb3c (corpus sequence hash; no NCBI or UniProt accession exists for these)	stage2_rt/cache/ph4/dedup_501k.fasta - the 501,561-sequence deduplicated corpus, the same lineage as the Stage-1 catalogue	columns_rt17/followup/scripts/f3a_recruit.py (recruitment) then f3c_validate.py (the G1-G5 structural gate that kept 95 of 129)	tier_variantB in COMPLETE/COMPLETE_MOSAIC; not clipped; 200-900 aa; cd-hit at 50% identity; the K largest clusters per coverage tier (6 RT7_DISSENTER / 4 THIN / 3 BY_CONSTRUCTION). No bit score or e-value. This sequence: family RVT-UG4, coverage_tier BY_CONSTRUCTION, cd-hit cluster 11 of 47 (cluster size 56, family pool 332)	YES - every CAND arrived carrying Stage-2 annotation: a palm-HMM domain boundary (palm_qs_frozen/palm_qe_frozen/palm_cov_frozen), a catalytic xxDD motif string, and a family call. The seed expansion was NOT annotation-free; structural gate: mean pLDDT 76.1, 26 crystal donors at TM>=0.5, max TM 0.879	NO	NO	NO	NO	NO	YES	0.8150		0.2280	1.0000	EXACT_DUPLICATE	True	YES - the 95 were kept by a structural gate (ESMFold models, crystal donors at TM>=0.5, pLDDT>=70, catalytic chemistry and order). The old seed's expansion is structure-selected, which is why it may not seed a sequence-defined instrument in g4	38	every model trained on all167 has seen this sequence; 38 such models were found	PRIOR / AUDIT / COMPARATOR - excluded from g4 derivation, fitting, thresholds and calibration, and excluded from any Stage-1 sample by identity	CAND_* seed member	95 CAND_* members of all167.faa
CAND_UG5_1	6249fcf66469595988da7ec72d7dc52ed647fac782c612d13cbc727e69914508	896	UG5	rt_hash 33c2a495a61e8a88 (corpus sequence hash; no NCBI or UniProt accession exists for these)	stage2_rt/cache/ph4/dedup_501k.fasta - the 501,561-sequence deduplicated corpus, the same lineage as the Stage-1 catalogue	columns_rt17/followup/scripts/f3a_recruit.py (recruitment) then f3c_validate.py (the G1-G5 structural gate that kept 95 of 129)	tier_variantB in COMPLETE/COMPLETE_MOSAIC; not clipped; 200-900 aa; cd-hit at 50% identity; the K largest clusters per coverage tier (6 RT7_DISSENTER / 4 THIN / 3 BY_CONSTRUCTION). No bit score or e-value. This sequence: family RVT-UG5, coverage_tier BY_CONSTRUCTION, cd-hit cluster 1 of 142 (cluster size 24, family pool 483)	YES - every CAND arrived carrying Stage-2 annotation: a palm-HMM domain boundary (palm_qs_frozen/palm_qe_frozen/palm_cov_frozen), a catalytic xxDD motif string, and a family call. The seed expansion was NOT annotation-free; structural gate: mean pLDDT 79.0, 23 crystal donors at TM>=0.5, max TM 0.839	NO	NO	NO	NO	NO	YES	0.5880			1.0000	EXACT_DUPLICATE	True	YES - the 95 were kept by a structural gate (ESMFold models, crystal donors at TM>=0.5, pLDDT>=70, catalytic chemistry and order). The old seed's expansion is structure-selected, which is why it may not seed a sequence-defined instrument in g4	38	every model trained on all167 has seen this sequence; 38 such models were found	PRIOR / AUDIT / COMPARATOR - excluded from g4 derivation, fitting, thresholds and calibration, and excluded from any Stage-1 sample by identity	CAND_* seed member	95 CAND_* members of all167.faa
CAND_UG5_84	983e45a7a6a25da9bfdf6815cc1a2f31fbf4c6190c273471ee83eebe57145606	477	UG5	rt_hash ee49981ca105b570 (corpus sequence hash; no NCBI or UniProt accession exists for these)	stage2_rt/cache/ph4/dedup_501k.fasta - the 501,561-sequence deduplicated corpus, the same lineage as the Stage-1 catalogue	columns_rt17/followup/scripts/f3a_recruit.py (recruitment) then f3c_validate.py (the G1-G5 structural gate that kept 95 of 129)	tier_variantB in COMPLETE/COMPLETE_MOSAIC; not clipped; 200-900 aa; cd-hit at 50% identity; the K largest clusters per coverage tier (6 RT7_DISSENTER / 4 THIN / 3 BY_CONSTRUCTION). No bit score or e-value. This sequence: family RVT-UG5, coverage_tier BY_CONSTRUCTION, cd-hit cluster 84 of 142 (cluster size 34, family pool 483)	YES - every CAND arrived carrying Stage-2 annotation: a palm-HMM domain boundary (palm_qs_frozen/palm_qe_frozen/palm_cov_frozen), a catalytic xxDD motif string, and a family call. The seed expansion was NOT annotation-free; structural gate: mean pLDDT 88.4, 25 crystal donors at TM>=0.5, max TM 0.916	NO	NO	NO	NO	NO	YES	0.4730		0.2640	1.0000	EXACT_DUPLICATE	True	YES - the 95 were kept by a structural gate (ESMFold models, crystal donors at TM>=0.5, pLDDT>=70, catalytic chemistry and order). The old seed's expansion is structure-selected, which is why it may not seed a sequence-defined instrument in g4	38	every model trained on all167 has seen this sequence; 38 such models were found	PRIOR / AUDIT / COMPARATOR - excluded from g4 derivation, fitting, thresholds and calibration, and excluded from any Stage-1 sample by identity	CAND_* seed member	95 CAND_* members of all167.faa
CAND_UG5_93	56cb804917f3d7ced715b6d0ebe36ac26c1fb904a83ec6725593ca6ca6511161	466	UG5	rt_hash 1d8a504e486fd752 (corpus sequence hash; no NCBI or UniProt accession exists for these)	stage2_rt/cache/ph4/dedup_501k.fasta - the 501,561-sequence deduplicated corpus, the same lineage as the Stage-1 catalogue	columns_rt17/followup/scripts/f3a_recruit.py (recruitment) then f3c_validate.py (the G1-G5 structural gate that kept 95 of 129)	tier_variantB in COMPLETE/COMPLETE_MOSAIC; not clipped; 200-900 aa; cd-hit at 50% identity; the K largest clusters per coverage tier (6 RT7_DISSENTER / 4 THIN / 3 BY_CONSTRUCTION). No bit score or e-value. This sequence: family RVT-UG5, coverage_tier BY_CONSTRUCTION, cd-hit cluster 93 of 142 (cluster size 31, family pool 483)	YES - every CAND arrived carrying Stage-2 annotation: a palm-HMM domain boundary (palm_qs_frozen/palm_qe_frozen/palm_cov_frozen), a catalytic xxDD motif string, and a family call. The seed expansion was NOT annotation-free; structural gate: mean pLDDT 89.8, 26 crystal donors at TM>=0.5, max TM 0.922	NO	NO	NO	NO	NO	YES	0.5380		0.2410	1.0000	EXACT_DUPLICATE	True	YES - the 95 were kept by a structural gate (ESMFold models, crystal donors at TM>=0.5, pLDDT>=70, catalytic chemistry and order). The old seed's expansion is structure-selected, which is why it may not seed a sequence-defined instrument in g4	38	every model trained on all167 has seen this sequence; 38 such models were found	PRIOR / AUDIT / COMPARATOR - excluded from g4 derivation, fitting, thresholds and calibration, and excluded from any Stage-1 sample by identity	CAND_* seed member	95 CAND_* members of all167.faa
CAND_UG6_32	aed103648f37e5a82792f57b2f98728314c762f3b5fac1461484bbfce487bc47	548	UG6	rt_hash bd7055dfdda22a8e (corpus sequence hash; no NCBI or UniProt accession exists for these)	stage2_rt/cache/ph4/dedup_501k.fasta - the 501,561-sequence deduplicated corpus, the same lineage as the Stage-1 catalogue	columns_rt17/followup/scripts/f3a_recruit.py (recruitment) then f3c_validate.py (the G1-G5 structural gate that kept 95 of 129)	tier_variantB in COMPLETE/COMPLETE_MOSAIC; not clipped; 200-900 aa; cd-hit at 50% identity; the K largest clusters per coverage tier (6 RT7_DISSENTER / 4 THIN / 3 BY_CONSTRUCTION). No bit score or e-value. This sequence: family RVT-UG6, coverage_tier BY_CONSTRUCTION, cd-hit cluster 32 of 93 (cluster size 20, family pool 227)	YES - every CAND arrived carrying Stage-2 annotation: a palm-HMM domain boundary (palm_qs_frozen/palm_qe_frozen/palm_cov_frozen), a catalytic xxDD motif string, and a family call. The seed expansion was NOT annotation-free; structural gate: mean pLDDT 84.7, 20 crystal donors at TM>=0.5, max TM 0.901	NO	NO	NO	NO	NO	YES	0.8590	0.6960	0.3820	1.0000	EXACT_DUPLICATE	True	YES - the 95 were kept by a structural gate (ESMFold models, crystal donors at TM>=0.5, pLDDT>=70, catalytic chemistry and order). The old seed's expansion is structure-selected, which is why it may not seed a sequence-defined instrument in g4	38	every model trained on all167 has seen this sequence; 38 such models were found	PRIOR / AUDIT / COMPARATOR - excluded from g4 derivation, fitting, thresholds and calibration, and excluded from any Stage-1 sample by identity	CAND_* seed member	95 CAND_* members of all167.faa
CAND_UG6_41	83edd457568b07f2f967cfb9291905b939d08cd9dcf4a8f9a5731ddc5ea44470	513	UG6	rt_hash 6bcaf4249f3d4a80 (corpus sequence hash; no NCBI or UniProt accession exists for these)	stage2_rt/cache/ph4/dedup_501k.fasta - the 501,561-sequence deduplicated corpus, the same lineage as the Stage-1 catalogue	columns_rt17/followup/scripts/f3a_recruit.py (recruitment) then f3c_validate.py (the G1-G5 structural gate that kept 95 of 129)	tier_variantB in COMPLETE/COMPLETE_MOSAIC; not clipped; 200-900 aa; cd-hit at 50% identity; the K largest clusters per coverage tier (6 RT7_DISSENTER / 4 THIN / 3 BY_CONSTRUCTION). No bit score or e-value. This sequence: family RVT-UG6, coverage_tier BY_CONSTRUCTION, cd-hit cluster 41 of 93 (cluster size 11, family pool 227)	YES - every CAND arrived carrying Stage-2 annotation: a palm-HMM domain boundary (palm_qs_frozen/palm_qe_frozen/palm_cov_frozen), a catalytic xxDD motif string, and a family call. The seed expansion was NOT annotation-free; structural gate: mean pLDDT 87.8, 24 crystal donors at TM>=0.5, max TM 0.933	NO	NO	NO	NO	NO	YES	0.3720		0.3610	1.0000	EXACT_DUPLICATE	True	YES - the 95 were kept by a structural gate (ESMFold models, crystal donors at TM>=0.5, pLDDT>=70, catalytic chemistry and order). The old seed's expansion is structure-selected, which is why it may not seed a sequence-defined instrument in g4	38	every model trained on all167 has seen this sequence; 38 such models were found	PRIOR / AUDIT / COMPARATOR - excluded from g4 derivation, fitting, thresholds and calibration, and excluded from any Stage-1 sample by identity	CAND_* seed member	95 CAND_* members of all167.faa
CAND_UG6_87	1689e99f863d3654f231174e99bf48c4e2dc1136c3380c4bf4549048cd7bf211	400	UG6	rt_hash 9a180edd4ecf6d75 (corpus sequence hash; no NCBI or UniProt accession exists for these)	stage2_rt/cache/ph4/dedup_501k.fasta - the 501,561-sequence deduplicated corpus, the same lineage as the Stage-1 catalogue	columns_rt17/followup/scripts/f3a_recruit.py (recruitment) then f3c_validate.py (the G1-G5 structural gate that kept 95 of 129)	tier_variantB in COMPLETE/COMPLETE_MOSAIC; not clipped; 200-900 aa; cd-hit at 50% identity; the K largest clusters per coverage tier (6 RT7_DISSENTER / 4 THIN / 3 BY_CONSTRUCTION). No bit score or e-value. This sequence: family RVT-UG6, coverage_tier BY_CONSTRUCTION, cd-hit cluster 87 of 93 (cluster size 19, family pool 227)	YES - every CAND arrived carrying Stage-2 annotation: a palm-HMM domain boundary (palm_qs_frozen/palm_qe_frozen/palm_cov_frozen), a catalytic xxDD motif string, and a family call. The seed expansion was NOT annotation-free; structural gate: mean pLDDT 90.5, 27 crystal donors at TM>=0.5, max TM 0.897	NO	NO	NO	NO	NO	YES	0.4210		0.2560	1.0000	EXACT_DUPLICATE	True	YES - the 95 were kept by a structural gate (ESMFold models, crystal donors at TM>=0.5, pLDDT>=70, catalytic chemistry and order). The old seed's expansion is structure-selected, which is why it may not seed a sequence-defined instrument in g4	38	every model trained on all167 has seen this sequence; 38 such models were found	PRIOR / AUDIT / COMPARATOR - excluded from g4 derivation, fitting, thresholds and calibration, and excluded from any Stage-1 sample by identity	CAND_* seed member	95 CAND_* members of all167.faa
CAND_UG7_0	c3d9621ab75f48337e8968639562cf1982820a3c18eea59b2835de4b25a64882	636	UG7	rt_hash 11312719da6812ae (corpus sequence hash; no NCBI or UniProt accession exists for these)	stage2_rt/cache/ph4/dedup_501k.fasta - the 501,561-sequence deduplicated corpus, the same lineage as the Stage-1 catalogue	columns_rt17/followup/scripts/f3a_recruit.py (recruitment) then f3c_validate.py (the G1-G5 structural gate that kept 95 of 129)	tier_variantB in COMPLETE/COMPLETE_MOSAIC; not clipped; 200-900 aa; cd-hit at 50% identity; the K largest clusters per coverage tier (6 RT7_DISSENTER / 4 THIN / 3 BY_CONSTRUCTION). No bit score or e-value. This sequence: family RVT-UG7, coverage_tier BY_CONSTRUCTION, cd-hit cluster 0 of 7 (cluster size 1, family pool 10)	YES - every CAND arrived carrying Stage-2 annotation: a palm-HMM domain boundary (palm_qs_frozen/palm_qe_frozen/palm_cov_frozen), a catalytic xxDD motif string, and a family call. The seed expansion was NOT annotation-free; structural gate: mean pLDDT 86.7, 20 crystal donors at TM>=0.5, max TM 0.943	NO	NO	NO	NO	NO	YES	0.6840	0.7270	0.4410	1.0000	EXACT_DUPLICATE	True	YES - the 95 were kept by a structural gate (ESMFold models, crystal donors at TM>=0.5, pLDDT>=70, catalytic chemistry and order). The old seed's expansion is structure-selected, which is why it may not seed a sequence-defined instrument in g4	38	every model trained on all167 has seen this sequence; 38 such models were found	PRIOR / AUDIT / COMPARATOR - excluded from g4 derivation, fitting, thresholds and calibration, and excluded from any Stage-1 sample by identity	CAND_* seed member	95 CAND_* members of all167.faa
CAND_UG7_2	574c4765fc86c3c957e0a5b9c2a683db4e1fa46ad2d5f881f58e3041775a7217	529	UG7	rt_hash ff5cfe1292d2bda1 (corpus sequence hash; no NCBI or UniProt accession exists for these)	stage2_rt/cache/ph4/dedup_501k.fasta - the 501,561-sequence deduplicated corpus, the same lineage as the Stage-1 catalogue	columns_rt17/followup/scripts/f3a_recruit.py (recruitment) then f3c_validate.py (the G1-G5 structural gate that kept 95 of 129)	tier_variantB in COMPLETE/COMPLETE_MOSAIC; not clipped; 200-900 aa; cd-hit at 50% identity; the K largest clusters per coverage tier (6 RT7_DISSENTER / 4 THIN / 3 BY_CONSTRUCTION). No bit score or e-value. This sequence: family RVT-UG7, coverage_tier BY_CONSTRUCTION, cd-hit cluster 2 of 7 (cluster size 3, family pool 10)	YES - every CAND arrived carrying Stage-2 annotation: a palm-HMM domain boundary (palm_qs_frozen/palm_qe_frozen/palm_cov_frozen), a catalytic xxDD motif string, and a family call. The seed expansion was NOT annotation-free; structural gate: mean pLDDT 93.2, 26 crystal donors at TM>=0.5, max TM 0.856	NO	NO	NO	NO	NO	YES	0.8630	0.3210	0.2510	1.0000	EXACT_DUPLICATE	True	YES - the 95 were kept by a structural gate (ESMFold models, crystal donors at TM>=0.5, pLDDT>=70, catalytic chemistry and order). The old seed's expansion is structure-selected, which is why it may not seed a sequence-defined instrument in g4	38	every model trained on all167 has seen this sequence; 38 such models were found	PRIOR / AUDIT / COMPARATOR - excluded from g4 derivation, fitting, thresholds and calibration, and excluded from any Stage-1 sample by identity	CAND_* seed member	95 CAND_* members of all167.faa
CAND_UG8_118	f6d49d5823bd574dae8a78921bf4492cefe296a89c84d9097f8bf3ab4b097f57	672	UG8	rt_hash 40df0e27818c9905 (corpus sequence hash; no NCBI or UniProt accession exists for these)	stage2_rt/cache/ph4/dedup_501k.fasta - the 501,561-sequence deduplicated corpus, the same lineage as the Stage-1 catalogue	columns_rt17/followup/scripts/f3a_recruit.py (recruitment) then f3c_validate.py (the G1-G5 structural gate that kept 95 of 129)	tier_variantB in COMPLETE/COMPLETE_MOSAIC; not clipped; 200-900 aa; cd-hit at 50% identity; the K largest clusters per coverage tier (6 RT7_DISSENTER / 4 THIN / 3 BY_CONSTRUCTION). No bit score or e-value. This sequence: family RVT-UG8, coverage_tier RT7_DISSENTER, cd-hit cluster 118 of 636 (cluster size 165, family pool 3903)	YES - every CAND arrived carrying Stage-2 annotation: a palm-HMM domain boundary (palm_qs_frozen/palm_qe_frozen/palm_cov_frozen), a catalytic xxDD motif string, and a family call. The seed expansion was NOT annotation-free; structural gate: mean pLDDT 88.4, 21 crystal donors at TM>=0.5, max TM 0.935	NO	NO	NO	NO	NO	YES	0.6650		0.3700	1.0000	EXACT_DUPLICATE	True	YES - the 95 were kept by a structural gate (ESMFold models, crystal donors at TM>=0.5, pLDDT>=70, catalytic chemistry and order). The old seed's expansion is structure-selected, which is why it may not seed a sequence-defined instrument in g4	38	every model trained on all167 has seen this sequence; 38 such models were found	PRIOR / AUDIT / COMPARATOR - excluded from g4 derivation, fitting, thresholds and calibration, and excluded from any Stage-1 sample by identity	CAND_* seed member	95 CAND_* members of all167.faa
CAND_UG8_126	7bc17054f8e34d781b1fd6d905c15483099f18e2baf91e692ca80439a6df795c	669	UG8	rt_hash 633ffe72351a593d (corpus sequence hash; no NCBI or UniProt accession exists for these)	stage2_rt/cache/ph4/dedup_501k.fasta - the 501,561-sequence deduplicated corpus, the same lineage as the Stage-1 catalogue	columns_rt17/followup/scripts/f3a_recruit.py (recruitment) then f3c_validate.py (the G1-G5 structural gate that kept 95 of 129)	tier_variantB in COMPLETE/COMPLETE_MOSAIC; not clipped; 200-900 aa; cd-hit at 50% identity; the K largest clusters per coverage tier (6 RT7_DISSENTER / 4 THIN / 3 BY_CONSTRUCTION). No bit score or e-value. This sequence: family RVT-UG8, coverage_tier RT7_DISSENTER, cd-hit cluster 126 of 636 (cluster size 142, family pool 3903)	YES - every CAND arrived carrying Stage-2 annotation: a palm-HMM domain boundary (palm_qs_frozen/palm_qe_frozen/palm_cov_frozen), a catalytic xxDD motif string, and a family call. The seed expansion was NOT annotation-free; structural gate: mean pLDDT 84.6, 21 crystal donors at TM>=0.5, max TM 0.931	NO	NO	NO	NO	NO	YES	0.7850		0.5200	1.0000	EXACT_DUPLICATE	True	YES - the 95 were kept by a structural gate (ESMFold models, crystal donors at TM>=0.5, pLDDT>=70, catalytic chemistry and order). The old seed's expansion is structure-selected, which is why it may not seed a sequence-defined instrument in g4	38	every model trained on all167 has seen this sequence; 38 such models were found	PRIOR / AUDIT / COMPARATOR - excluded from g4 derivation, fitting, thresholds and calibration, and excluded from any Stage-1 sample by identity	CAND_* seed member	95 CAND_* members of all167.faa
CAND_UG8_473	98cf3fb55a0fc505499c0cfbc5a1ab76812ebd2adc8e61c97ddf005636536bbb	462	UG8	rt_hash 21911968a540bdba (corpus sequence hash; no NCBI or UniProt accession exists for these)	stage2_rt/cache/ph4/dedup_501k.fasta - the 501,561-sequence deduplicated corpus, the same lineage as the Stage-1 catalogue	columns_rt17/followup/scripts/f3a_recruit.py (recruitment) then f3c_validate.py (the G1-G5 structural gate that kept 95 of 129)	tier_variantB in COMPLETE/COMPLETE_MOSAIC; not clipped; 200-900 aa; cd-hit at 50% identity; the K largest clusters per coverage tier (6 RT7_DISSENTER / 4 THIN / 3 BY_CONSTRUCTION). No bit score or e-value. This sequence: family RVT-UG8, coverage_tier RT7_DISSENTER, cd-hit cluster 473 of 636 (cluster size 86, family pool 3903)	YES - every CAND arrived carrying Stage-2 annotation: a palm-HMM domain boundary (palm_qs_frozen/palm_qe_frozen/palm_cov_frozen), a catalytic xxDD motif string, and a family call. The seed expansion was NOT annotation-free; structural gate: mean pLDDT 87.9, 27 crystal donors at TM>=0.5, max TM 0.908	NO	NO	NO	NO	NO	YES	0.8280	0.7220	0.4860	1.0000	EXACT_DUPLICATE	True	YES - the 95 were kept by a structural gate (ESMFold models, crystal donors at TM>=0.5, pLDDT>=70, catalytic chemistry and order). The old seed's expansion is structure-selected, which is why it may not seed a sequence-defined instrument in g4	38	every model trained on all167 has seen this sequence; 38 such models were found	PRIOR / AUDIT / COMPARATOR - excluded from g4 derivation, fitting, thresholds and calibration, and excluded from any Stage-1 sample by identity	CAND_* seed member	95 CAND_* members of all167.faa
CAND_UG8_49	2bd3682ed4814a12b1c8dce3bb7906599e4e44ca98049453599207d43bee263f	700	UG8	rt_hash 14f5bdbd93f4e771 (corpus sequence hash; no NCBI or UniProt accession exists for these)	stage2_rt/cache/ph4/dedup_501k.fasta - the 501,561-sequence deduplicated corpus, the same lineage as the Stage-1 catalogue	columns_rt17/followup/scripts/f3a_recruit.py (recruitment) then f3c_validate.py (the G1-G5 structural gate that kept 95 of 129)	tier_variantB in COMPLETE/COMPLETE_MOSAIC; not clipped; 200-900 aa; cd-hit at 50% identity; the K largest clusters per coverage tier (6 RT7_DISSENTER / 4 THIN / 3 BY_CONSTRUCTION). No bit score or e-value. This sequence: family RVT-UG8, coverage_tier RT7_DISSENTER, cd-hit cluster 49 of 636 (cluster size 269, family pool 3903)	YES - every CAND arrived carrying Stage-2 annotation: a palm-HMM domain boundary (palm_qs_frozen/palm_qe_frozen/palm_cov_frozen), a catalytic xxDD motif string, and a family call. The seed expansion was NOT annotation-free; structural gate: mean pLDDT 84.4, 22 crystal donors at TM>=0.5, max TM 0.924	NO	NO	NO	NO	NO	YES	0.6220		0.5380	1.0000	EXACT_DUPLICATE	True	YES - the 95 were kept by a structural gate (ESMFold models, crystal donors at TM>=0.5, pLDDT>=70, catalytic chemistry and order). The old seed's expansion is structure-selected, which is why it may not seed a sequence-defined instrument in g4	38	every model trained on all167 has seen this sequence; 38 such models were found	PRIOR / AUDIT / COMPARATOR - excluded from g4 derivation, fitting, thresholds and calibration, and excluded from any Stage-1 sample by identity	CAND_* seed member	95 CAND_* members of all167.faa
CAND_UG8_80	ab730823d40628773d739de56fda1b9f9ae22b98022a59361ba974201bf6ff86	685	UG8	rt_hash f65c181979266cba (corpus sequence hash; no NCBI or UniProt accession exists for these)	stage2_rt/cache/ph4/dedup_501k.fasta - the 501,561-sequence deduplicated corpus, the same lineage as the Stage-1 catalogue	columns_rt17/followup/scripts/f3a_recruit.py (recruitment) then f3c_validate.py (the G1-G5 structural gate that kept 95 of 129)	tier_variantB in COMPLETE/COMPLETE_MOSAIC; not clipped; 200-900 aa; cd-hit at 50% identity; the K largest clusters per coverage tier (6 RT7_DISSENTER / 4 THIN / 3 BY_CONSTRUCTION). No bit score or e-value. This sequence: family RVT-UG8, coverage_tier RT7_DISSENTER, cd-hit cluster 80 of 636 (cluster size 108, family pool 3903)	YES - every CAND arrived carrying Stage-2 annotation: a palm-HMM domain boundary (palm_qs_frozen/palm_qe_frozen/palm_cov_frozen), a catalytic xxDD motif string, and a family call. The seed expansion was NOT annotation-free; structural gate: mean pLDDT 89.1, 24 crystal donors at TM>=0.5, max TM 0.909	NO	NO	NO	NO	NO	YES	0.7330	0.3520		1.0000	EXACT_DUPLICATE	True	YES - the 95 were kept by a structural gate (ESMFold models, crystal donors at TM>=0.5, pLDDT>=70, catalytic chemistry and order). The old seed's expansion is structure-selected, which is why it may not seed a sequence-defined instrument in g4	38	every model trained on all167 has seen this sequence; 38 such models were found	PRIOR / AUDIT / COMPARATOR - excluded from g4 derivation, fitting, thresholds and calibration, and excluded from any Stage-1 sample by identity	CAND_* seed member	95 CAND_* members of all167.faa
CAND_UG8_99	45c82ac7558202ea5d0cd678e22628c3ef5b0240609f387c299996c185c624f7	678	UG8	rt_hash e3ee460899f28e21 (corpus sequence hash; no NCBI or UniProt accession exists for these)	stage2_rt/cache/ph4/dedup_501k.fasta - the 501,561-sequence deduplicated corpus, the same lineage as the Stage-1 catalogue	columns_rt17/followup/scripts/f3a_recruit.py (recruitment) then f3c_validate.py (the G1-G5 structural gate that kept 95 of 129)	tier_variantB in COMPLETE/COMPLETE_MOSAIC; not clipped; 200-900 aa; cd-hit at 50% identity; the K largest clusters per coverage tier (6 RT7_DISSENTER / 4 THIN / 3 BY_CONSTRUCTION). No bit score or e-value. This sequence: family RVT-UG8, coverage_tier RT7_DISSENTER, cd-hit cluster 99 of 636 (cluster size 115, family pool 3903)	YES - every CAND arrived carrying Stage-2 annotation: a palm-HMM domain boundary (palm_qs_frozen/palm_qe_frozen/palm_cov_frozen), a catalytic xxDD motif string, and a family call. The seed expansion was NOT annotation-free; structural gate: mean pLDDT 87.1, 25 crystal donors at TM>=0.5, max TM 0.945	NO	NO	NO	NO	NO	YES	0.6330	0.3000	0.2210	1.0000	EXACT_DUPLICATE	True	YES - the 95 were kept by a structural gate (ESMFold models, crystal donors at TM>=0.5, pLDDT>=70, catalytic chemistry and order). The old seed's expansion is structure-selected, which is why it may not seed a sequence-defined instrument in g4	38	every model trained on all167 has seen this sequence; 38 such models were found	PRIOR / AUDIT / COMPARATOR - excluded from g4 derivation, fitting, thresholds and calibration, and excluded from any Stage-1 sample by identity	CAND_* seed member	95 CAND_* members of all167.faa
CAND_UG9_43	28c82842947fc5221308b75ec213cf3ac4cc15743efeb26b15b912ae3b471e21	476	UG9	rt_hash b0bfa5a2ad9ca857 (corpus sequence hash; no NCBI or UniProt accession exists for these)	stage2_rt/cache/ph4/dedup_501k.fasta - the 501,561-sequence deduplicated corpus, the same lineage as the Stage-1 catalogue	columns_rt17/followup/scripts/f3a_recruit.py (recruitment) then f3c_validate.py (the G1-G5 structural gate that kept 95 of 129)	tier_variantB in COMPLETE/COMPLETE_MOSAIC; not clipped; 200-900 aa; cd-hit at 50% identity; the K largest clusters per coverage tier (6 RT7_DISSENTER / 4 THIN / 3 BY_CONSTRUCTION). No bit score or e-value. This sequence: family RVT-UG9, coverage_tier BY_CONSTRUCTION, cd-hit cluster 43 of 84 (cluster size 30, family pool 201)	YES - every CAND arrived carrying Stage-2 annotation: a palm-HMM domain boundary (palm_qs_frozen/palm_qe_frozen/palm_cov_frozen), a catalytic xxDD motif string, and a family call. The seed expansion was NOT annotation-free; structural gate: mean pLDDT 89.3, 25 crystal donors at TM>=0.5, max TM 0.976	NO	NO	NO	NO	NO	YES	0.5410		0.3130	1.0000	EXACT_DUPLICATE	True	YES - the 95 were kept by a structural gate (ESMFold models, crystal donors at TM>=0.5, pLDDT>=70, catalytic chemistry and order). The old seed's expansion is structure-selected, which is why it may not seed a sequence-defined instrument in g4	38	every model trained on all167 has seen this sequence; 38 such models were found	PRIOR / AUDIT / COMPARATOR - excluded from g4 derivation, fitting, thresholds and calibration, and excluded from any Stage-1 sample by identity	CAND_* seed member	95 CAND_* members of all167.faa
CAND_UG9_7	4f954f9561a2568967da27248c2b340a30db282dd791eaff7511c6d0b651a66c	550	UG9	rt_hash 5351e7d17e4bfe67 (corpus sequence hash; no NCBI or UniProt accession exists for these)	stage2_rt/cache/ph4/dedup_501k.fasta - the 501,561-sequence deduplicated corpus, the same lineage as the Stage-1 catalogue	columns_rt17/followup/scripts/f3a_recruit.py (recruitment) then f3c_validate.py (the G1-G5 structural gate that kept 95 of 129)	tier_variantB in COMPLETE/COMPLETE_MOSAIC; not clipped; 200-900 aa; cd-hit at 50% identity; the K largest clusters per coverage tier (6 RT7_DISSENTER / 4 THIN / 3 BY_CONSTRUCTION). No bit score or e-value. This sequence: family RVT-UG9, coverage_tier BY_CONSTRUCTION, cd-hit cluster 7 of 84 (cluster size 25, family pool 201)	YES - every CAND arrived carrying Stage-2 annotation: a palm-HMM domain boundary (palm_qs_frozen/palm_qe_frozen/palm_cov_frozen), a catalytic xxDD motif string, and a family call. The seed expansion was NOT annotation-free; structural gate: mean pLDDT 81.7, 25 crystal donors at TM>=0.5, max TM 0.944	NO	NO	NO	NO	NO	YES	0.4440		0.3300	1.0000	EXACT_DUPLICATE	True	YES - the 95 were kept by a structural gate (ESMFold models, crystal donors at TM>=0.5, pLDDT>=70, catalytic chemistry and order). The old seed's expansion is structure-selected, which is why it may not seed a sequence-defined instrument in g4	38	every model trained on all167 has seen this sequence; 38 such models were found	PRIOR / AUDIT / COMPARATOR - excluded from g4 derivation, fitting, thresholds and calibration, and excluded from any Stage-1 sample by identity	CAND_* seed member	95 CAND_* members of all167.faa
