model_path	model_name_declared	file_stem	leng	nseq	built_from_set_implied_by_nseq	name_matches_file	duplicate_of	sha256	role_in_g4	unit	denominator
/home/borg/RESEARCH-in-sleep-RETRON-DB_V3/ARIS_OUTPUT/stage2b_assessor_redesign/anchors/cache/seqsearch/RVT-AbiA.hmm	RVT-AbiA_full_RT	RVT-AbiA	339	19	AMBIGUOUS - NSEQ matches no known subset size	NO - declares RVT-AbiA_full_RT	none	4848fbedb10e87a6e916d1340cb31ed7d039ca7089070780e02af22d125acf0c	PRIOR / AUDIT / COMPARATOR - not training truth for g4	prior model	profile HMMs found under the audited prior trees
/home/borg/RESEARCH-in-sleep-RETRON-DB_V3/ARIS_OUTPUT/stage2b_assessor_redesign/anchors/cache/seqsearch/RVT-AbiK.hmm	RVT-AbiK_full_RT	RVT-AbiK	466	5	AMBIGUOUS - NSEQ matches no known subset size	NO - declares RVT-AbiK_full_RT	none	3304fb0a532d051e1cceac9de9af2f95513d403b11ad410f9793dc9f7eb0d473	PRIOR / AUDIT / COMPARATOR - not training truth for g4	prior model	profile HMMs found under the audited prior trees
/home/borg/RESEARCH-in-sleep-RETRON-DB_V3/ARIS_OUTPUT/stage2b_assessor_redesign/anchors/cache/seqsearch/RVT-AbiP2.hmm	RVT-AbiP2_full_RT	RVT-AbiP2	287	12	AMBIGUOUS - NSEQ matches no known subset size	NO - declares RVT-AbiP2_full_RT	none	f5f9c1fca3492715d448850892d478777ba000b6552a10388aa5e64b9d8beeed	PRIOR / AUDIT / COMPARATOR - not training truth for g4	prior model	profile HMMs found under the audited prior trees
/home/borg/RESEARCH-in-sleep-RETRON-DB_V3/ARIS_OUTPUT/stage2b_assessor_redesign/anchors/cache/seqsearch/RVT-CRISPR.hmm	RVT-CRISPR_full_RT	RVT-CRISPR	221	129	AMBIGUOUS - NSEQ matches no known subset size	NO - declares RVT-CRISPR_full_RT	none	bf6bac5f750958ddc5af2586874d65d7838cd6e934982fc2338a799c869bd947	PRIOR / AUDIT / COMPARATOR - not training truth for g4	prior model	profile HMMs found under the audited prior trees
/home/borg/RESEARCH-in-sleep-RETRON-DB_V3/ARIS_OUTPUT/stage2b_assessor_redesign/anchors/cache/seqsearch/RVT-DGRs.hmm	RVT-DGRs_full_RT	RVT-DGRs	179	499	AMBIGUOUS - NSEQ matches no known subset size	NO - declares RVT-DGRs_full_RT	none	c092a0d4f7f6ea3cadbd0de95af34b373e446684ae57277900cbb89a5b35426b	PRIOR / AUDIT / COMPARATOR - not training truth for g4	prior model	profile HMMs found under the audited prior trees
/home/borg/RESEARCH-in-sleep-RETRON-DB_V3/ARIS_OUTPUT/stage2b_assessor_redesign/anchors/cache/seqsearch/RVT-G2L.hmm	RVT-G2L_full_RT	RVT-G2L	286	48	AMBIGUOUS - NSEQ matches no known subset size	NO - declares RVT-G2L_full_RT	none	c511ca415d6cdfedf4a15bb5154bb635c7ee679b718e056108bb47221ffc2783	PRIOR / AUDIT / COMPARATOR - not training truth for g4	prior model	profile HMMs found under the audited prior trees
/home/borg/RESEARCH-in-sleep-RETRON-DB_V3/ARIS_OUTPUT/stage2b_assessor_redesign/anchors/cache/seqsearch/RVT-G2L4.hmm	RVT-G2L4_full_RT	RVT-G2L4	329	8	AMBIGUOUS - NSEQ matches no known subset size	NO - declares RVT-G2L4_full_RT	none	3e8835156e556a5791d16ff20da27308b7c2a1590601ca41a8dc59113893fdb3	PRIOR / AUDIT / COMPARATOR - not training truth for g4	prior model	profile HMMs found under the audited prior trees
/home/borg/RESEARCH-in-sleep-RETRON-DB_V3/ARIS_OUTPUT/stage2b_assessor_redesign/anchors/cache/seqsearch/RVT-GII.hmm	RVT-GII_full_RT	RVT-GII	211	503	AMBIGUOUS - NSEQ matches no known subset size	NO - declares RVT-GII_full_RT	none	5906d1ee3b821e331028ef7f46c51900387c57a1d90e85509b15c2f2e34475b7	PRIOR / AUDIT / COMPARATOR - not training truth for g4	prior model	profile HMMs found under the audited prior trees
/home/borg/RESEARCH-in-sleep-RETRON-DB_V3/ARIS_OUTPUT/stage2b_assessor_redesign/anchors/cache/seqsearch/RVT-Retrons.hmm	RVT-Retrons_full_RT	RVT-Retrons	206	96	AMBIGUOUS - NSEQ matches no known subset size	NO - declares RVT-Retrons_full_RT	none	1e03c7c91fdca45fe57113dc442a288c25b8bae458b165e08856460394e02d55	PRIOR / AUDIT / COMPARATOR - not training truth for g4	prior model	profile HMMs found under the audited prior trees
/home/borg/RESEARCH-in-sleep-RETRON-DB_V3/ARIS_OUTPUT/stage2b_assessor_redesign/anchors/cache/seqsearch/RVT-UG1.hmm	RVT-UG1_full_RT	RVT-UG1	180	31	AMBIGUOUS - NSEQ matches no known subset size	NO - declares RVT-UG1_full_RT	none	e7ae0a192c8b4497724d1091155488cdabda53720be14ddb34080b9b0225829b	PRIOR / AUDIT / COMPARATOR - not training truth for g4	prior model	profile HMMs found under the audited prior trees
/home/borg/RESEARCH-in-sleep-RETRON-DB_V3/ARIS_OUTPUT/stage2b_assessor_redesign/anchors/cache/seqsearch/RVT-UG10.hmm	RVT-UG10_full_RT	RVT-UG10	190	8	AMBIGUOUS - NSEQ matches no known subset size	NO - declares RVT-UG10_full_RT	none	180d9be3378df2f59613fe9cf84416e963b06c3e46cad23081dcac480e2486e8	PRIOR / AUDIT / COMPARATOR - not training truth for g4	prior model	profile HMMs found under the audited prior trees
/home/borg/RESEARCH-in-sleep-RETRON-DB_V3/ARIS_OUTPUT/stage2b_assessor_redesign/anchors/cache/seqsearch/RVT-UG11.hmm	RVT-UG11_full_RT	RVT-UG11	231	14	AMBIGUOUS - NSEQ matches no known subset size	NO - declares RVT-UG11_full_RT	none	59591b8730fe993c30dbc294adb454591bd6fef02982b05746f6e1f2e61578eb	PRIOR / AUDIT / COMPARATOR - not training truth for g4	prior model	profile HMMs found under the audited prior trees
/home/borg/RESEARCH-in-sleep-RETRON-DB_V3/ARIS_OUTPUT/stage2b_assessor_redesign/anchors/cache/seqsearch/RVT-UG12.hmm	RVT-UG12_full_RT	RVT-UG12	370	37	AMBIGUOUS - NSEQ matches no known subset size	NO - declares RVT-UG12_full_RT	none	7f5763465e579c19ab4c7cf60806dc954e6f4728f84e66453958cb64ff0b568c	PRIOR / AUDIT / COMPARATOR - not training truth for g4	prior model	profile HMMs found under the audited prior trees
/home/borg/RESEARCH-in-sleep-RETRON-DB_V3/ARIS_OUTPUT/stage2b_assessor_redesign/anchors/cache/seqsearch/RVT-UG13.hmm	RVT-UG13_full_RT	RVT-UG13	236	24	the 24 re-scanned crystal entries upstream of the 26 PDB anchors	NO - declares RVT-UG13_full_RT	none	64e9cfb780e8cf1f0e29d243603ea85643a268d1217ed9482977bc56f3643636	PRIOR / AUDIT / COMPARATOR - not training truth for g4	prior model	profile HMMs found under the audited prior trees
/home/borg/RESEARCH-in-sleep-RETRON-DB_V3/ARIS_OUTPUT/stage2b_assessor_redesign/anchors/cache/seqsearch/RVT-UG14.hmm	RVT-UG14_full_RT	RVT-UG14	245	17	AMBIGUOUS - NSEQ matches no known subset size	NO - declares RVT-UG14_full_RT	none	72ce559348688746594a5d2ebfc95fb75553bfdbd5a8072881652af3d5173b34	PRIOR / AUDIT / COMPARATOR - not training truth for g4	prior model	profile HMMs found under the audited prior trees
/home/borg/RESEARCH-in-sleep-RETRON-DB_V3/ARIS_OUTPUT/stage2b_assessor_redesign/anchors/cache/seqsearch/RVT-UG15.hmm	RVT-UG15_full_RT	RVT-UG15	390	39	AMBIGUOUS - NSEQ matches no known subset size	NO - declares RVT-UG15_full_RT	none	5c72447c0f483a4b216945b1e7837fa2b565f70eedf0ceafc7a297d79dea7077	PRIOR / AUDIT / COMPARATOR - not training truth for g4	prior model	profile HMMs found under the audited prior trees
/home/borg/RESEARCH-in-sleep-RETRON-DB_V3/ARIS_OUTPUT/stage2b_assessor_redesign/anchors/cache/seqsearch/RVT-UG16.hmm	RVT-UG16_full_RT	RVT-UG16	305	17	AMBIGUOUS - NSEQ matches no known subset size	NO - declares RVT-UG16_full_RT	none	85b45472fbf838eb7b93f2cfabe1f8c692d1f5f85919e33164d27b37cacfb225	PRIOR / AUDIT / COMPARATOR - not training truth for g4	prior model	profile HMMs found under the audited prior trees
/home/borg/RESEARCH-in-sleep-RETRON-DB_V3/ARIS_OUTPUT/stage2b_assessor_redesign/anchors/cache/seqsearch/RVT-UG17.hmm	RVT-UG17_full_RT	RVT-UG17	232	78	AMBIGUOUS - NSEQ matches no known subset size	NO - declares RVT-UG17_full_RT	none	ec7ac3de8125e56fb2cffe75f0a629550882175f70109334a2ea34d807f9150c	PRIOR / AUDIT / COMPARATOR - not training truth for g4	prior model	profile HMMs found under the audited prior trees
/home/borg/RESEARCH-in-sleep-RETRON-DB_V3/ARIS_OUTPUT/stage2b_assessor_redesign/anchors/cache/seqsearch/RVT-UG18.hmm	RVT-UG18_full_RT	RVT-UG18	224	10	AMBIGUOUS - NSEQ matches no known subset size	NO - declares RVT-UG18_full_RT	none	de1ca2b94bf68541c9e16c120156edc88e33bd7170f323ddcd5e89a2d0a9ba4f	PRIOR / AUDIT / COMPARATOR - not training truth for g4	prior model	profile HMMs found under the audited prior trees
/home/borg/RESEARCH-in-sleep-RETRON-DB_V3/ARIS_OUTPUT/stage2b_assessor_redesign/anchors/cache/seqsearch/RVT-UG19.hmm	RVT-UG19_full_RT	RVT-UG19	123	19	AMBIGUOUS - NSEQ matches no known subset size	NO - declares RVT-UG19_full_RT	none	63cb980d39f39a1a92175b42e9486f8d22a02bec762992507963af72e52ced8a	PRIOR / AUDIT / COMPARATOR - not training truth for g4	prior model	profile HMMs found under the audited prior trees
/home/borg/RESEARCH-in-sleep-RETRON-DB_V3/ARIS_OUTPUT/stage2b_assessor_redesign/anchors/cache/seqsearch/RVT-UG2.hmm	RVT-UG2_full_RT	RVT-UG2	328	22	AMBIGUOUS - NSEQ matches no known subset size	NO - declares RVT-UG2_full_RT	none	62f68641651a4fcde99f2702ed019e6c325866f22a0416619ea56c8f19ec6cfc	PRIOR / AUDIT / COMPARATOR - not training truth for g4	prior model	profile HMMs found under the audited prior trees
/home/borg/RESEARCH-in-sleep-RETRON-DB_V3/ARIS_OUTPUT/stage2b_assessor_redesign/anchors/cache/seqsearch/RVT-UG20.hmm	RVT-UG20_full_RT	RVT-UG20	358	5	AMBIGUOUS - NSEQ matches no known subset size	NO - declares RVT-UG20_full_RT	none	4cf55d2ce8aed27e2666212041c75faf6d41f63290761d4673b7eaec8447aac7	PRIOR / AUDIT / COMPARATOR - not training truth for g4	prior model	profile HMMs found under the audited prior trees
/home/borg/RESEARCH-in-sleep-RETRON-DB_V3/ARIS_OUTPUT/stage2b_assessor_redesign/anchors/cache/seqsearch/RVT-UG21.hmm	RVT-UG21_full_RT	RVT-UG21	348	21	AMBIGUOUS - NSEQ matches no known subset size	NO - declares RVT-UG21_full_RT	none	6b8b2877e1443a54e603654c7de4164ba7102d6fe6e53c46efee3209040aa87b	PRIOR / AUDIT / COMPARATOR - not training truth for g4	prior model	profile HMMs found under the audited prior trees
/home/borg/RESEARCH-in-sleep-RETRON-DB_V3/ARIS_OUTPUT/stage2b_assessor_redesign/anchors/cache/seqsearch/RVT-UG22.hmm	RVT-UG22_full_RT	RVT-UG22	299	11	AMBIGUOUS - NSEQ matches no known subset size	NO - declares RVT-UG22_full_RT	none	8a524ad4e9a039398416572709407dfef859a0d9d3fc397d0b0606962cc3b99e	PRIOR / AUDIT / COMPARATOR - not training truth for g4	prior model	profile HMMs found under the audited prior trees
/home/borg/RESEARCH-in-sleep-RETRON-DB_V3/ARIS_OUTPUT/stage2b_assessor_redesign/anchors/cache/seqsearch/RVT-UG23.hmm	RVT-UG23_full_RT	RVT-UG23	313	9	AMBIGUOUS - NSEQ matches no known subset size	NO - declares RVT-UG23_full_RT	none	6afd3f67307a8690663641d6d6fe1738c4188eb32a9665780f689b6c5b601ac2	PRIOR / AUDIT / COMPARATOR - not training truth for g4	prior model	profile HMMs found under the audited prior trees
/home/borg/RESEARCH-in-sleep-RETRON-DB_V3/ARIS_OUTPUT/stage2b_assessor_redesign/anchors/cache/seqsearch/RVT-UG24.hmm	RVT-UG24_full_RT	RVT-UG24	195	5	AMBIGUOUS - NSEQ matches no known subset size	NO - declares RVT-UG24_full_RT	none	5f67d69a35066eeb41b679297ad2cad95a02e6ea9ceb4cca63a53c9165c8f000	PRIOR / AUDIT / COMPARATOR - not training truth for g4	prior model	profile HMMs found under the audited prior trees
/home/borg/RESEARCH-in-sleep-RETRON-DB_V3/ARIS_OUTPUT/stage2b_assessor_redesign/anchors/cache/seqsearch/RVT-UG25.hmm	RVT-UG25_full_RT	RVT-UG25	109	28	AMBIGUOUS - NSEQ matches no known subset size	NO - declares RVT-UG25_full_RT	none	dd1961413316d9928d54307f56f5c5a72508b220daba3b75258bf54f512e0b31	PRIOR / AUDIT / COMPARATOR - not training truth for g4	prior model	profile HMMs found under the audited prior trees
/home/borg/RESEARCH-in-sleep-RETRON-DB_V3/ARIS_OUTPUT/stage2b_assessor_redesign/anchors/cache/seqsearch/RVT-UG26.hmm	RVT-UG26_full_RT	RVT-UG26	363	20	AMBIGUOUS - NSEQ matches no known subset size	NO - declares RVT-UG26_full_RT	none	83af7eae8c965d723994616bd95d1058c5659adc5981227a74e697c05184cbe0	PRIOR / AUDIT / COMPARATOR - not training truth for g4	prior model	profile HMMs found under the audited prior trees
/home/borg/RESEARCH-in-sleep-RETRON-DB_V3/ARIS_OUTPUT/stage2b_assessor_redesign/anchors/cache/seqsearch/RVT-UG27.hmm	RVT-UG27_full_RT	RVT-UG27	334	10	AMBIGUOUS - NSEQ matches no known subset size	NO - declares RVT-UG27_full_RT	none	914ffeb2cc5884083ad1cd3bb36fb5aa8e5a3e88624a2603fd357cdacbab5ea4	PRIOR / AUDIT / COMPARATOR - not training truth for g4	prior model	profile HMMs found under the audited prior trees
/home/borg/RESEARCH-in-sleep-RETRON-DB_V3/ARIS_OUTPUT/stage2b_assessor_redesign/anchors/cache/seqsearch/RVT-UG28.hmm	RVT-UG28_full_RT	RVT-UG28	224	37	AMBIGUOUS - NSEQ matches no known subset size	NO - declares RVT-UG28_full_RT	none	d829c0f5e24b56f04b408513a490285e5b57e417f327ace91ffaa390334dd279	PRIOR / AUDIT / COMPARATOR - not training truth for g4	prior model	profile HMMs found under the audited prior trees
/home/borg/RESEARCH-in-sleep-RETRON-DB_V3/ARIS_OUTPUT/stage2b_assessor_redesign/anchors/cache/seqsearch/RVT-UG28b.hmm	RVT-UG28b_full_RT	RVT-UG28b	219	15	AMBIGUOUS - NSEQ matches no known subset size	NO - declares RVT-UG28b_full_RT	none	bcc0aa4a9cbe087635fb7af28bf437fde86600b123ec3c9b5f07d3703928fb88	PRIOR / AUDIT / COMPARATOR - not training truth for g4	prior model	profile HMMs found under the audited prior trees
/home/borg/RESEARCH-in-sleep-RETRON-DB_V3/ARIS_OUTPUT/stage2b_assessor_redesign/anchors/cache/seqsearch/RVT-UG3.hmm	RVT-UG3_full_RT	RVT-UG3	191	86	AMBIGUOUS - NSEQ matches no known subset size	NO - declares RVT-UG3_full_RT	none	ce337b51e6ad74613299d253950bd0cc71a882df0c35b506727d0ef653a7e89d	PRIOR / AUDIT / COMPARATOR - not training truth for g4	prior model	profile HMMs found under the audited prior trees
/home/borg/RESEARCH-in-sleep-RETRON-DB_V3/ARIS_OUTPUT/stage2b_assessor_redesign/anchors/cache/seqsearch/RVT-UG4.hmm	RVT-UG4_full_RT	RVT-UG4	286	45	AMBIGUOUS - NSEQ matches no known subset size	NO - declares RVT-UG4_full_RT	none	27c42022fbf788fb85b941b42b420682b5a9bcc4872ff844fb5adf691b1672a3	PRIOR / AUDIT / COMPARATOR - not training truth for g4	prior model	profile HMMs found under the audited prior trees
/home/borg/RESEARCH-in-sleep-RETRON-DB_V3/ARIS_OUTPUT/stage2b_assessor_redesign/anchors/cache/seqsearch/RVT-UG5.hmm	RVT-UG5_full_RT	RVT-UG5	185	67	AMBIGUOUS - NSEQ matches no known subset size	NO - declares RVT-UG5_full_RT	none	e454693f4a6f2e8674defd010cb2579d163f4f29fe44e6e8c3e7a7be7160c66d	PRIOR / AUDIT / COMPARATOR - not training truth for g4	prior model	profile HMMs found under the audited prior trees
/home/borg/RESEARCH-in-sleep-RETRON-DB_V3/ARIS_OUTPUT/stage2b_assessor_redesign/anchors/cache/seqsearch/RVT-UG6.hmm	RVT-UG6_full_RT	RVT-UG6	112	14	AMBIGUOUS - NSEQ matches no known subset size	NO - declares RVT-UG6_full_RT	none	23cec39a7ea4b3a70846e26af27c295fbd77c1f9228dfb5b848cb11b304f5430	PRIOR / AUDIT / COMPARATOR - not training truth for g4	prior model	profile HMMs found under the audited prior trees
/home/borg/RESEARCH-in-sleep-RETRON-DB_V3/ARIS_OUTPUT/stage2b_assessor_redesign/anchors/cache/seqsearch/RVT-UG7.hmm	RVT-UG7_full_RT	RVT-UG7	357	77	AMBIGUOUS - NSEQ matches no known subset size	NO - declares RVT-UG7_full_RT	none	ca7f9aa0016154c74821181799b2f98510349700eb5cca7c7eff3f2014aac542	PRIOR / AUDIT / COMPARATOR - not training truth for g4	prior model	profile HMMs found under the audited prior trees
/home/borg/RESEARCH-in-sleep-RETRON-DB_V3/ARIS_OUTPUT/stage2b_assessor_redesign/anchors/cache/seqsearch/RVT-UG8.hmm	RVT-UG8_full_RT	RVT-UG8	430	83	AMBIGUOUS - NSEQ matches no known subset size	NO - declares RVT-UG8_full_RT	none	bc9a71dbc1bd3ae5d2dfb052f411968854aa5d5b2e200a2b83f970a4bb1a7898	PRIOR / AUDIT / COMPARATOR - not training truth for g4	prior model	profile HMMs found under the audited prior trees
/home/borg/RESEARCH-in-sleep-RETRON-DB_V3/ARIS_OUTPUT/stage2b_assessor_redesign/anchors/cache/seqsearch/RVT-UG9.hmm	RVT-UG9_full_RT	RVT-UG9	232	17	AMBIGUOUS - NSEQ matches no known subset size	NO - declares RVT-UG9_full_RT	none	fe074d21695ef86ebc9b4e8346b3fb67b0266a0a867a8871f825c97d151200db	PRIOR / AUDIT / COMPARATOR - not training truth for g4	prior model	profile HMMs found under the audited prior trees
/home/borg/RESEARCH-in-sleep-RETRON-DB_V3/ARIS_OUTPUT/stage2b_assessor_redesign/step3_hmm/cache/lofo/globloo_CAND_AbiK_16.hmm	globloo_CAND_AbiK_16	globloo_CAND_AbiK_16	305	166	AMBIGUOUS - NSEQ matches no known subset size	YES	none	f80fe4bc5451ed12ea56e0fdc25f11fd39a2b8057ba01c38ba998f0b2e98f2b9	PRIOR / AUDIT / COMPARATOR - not training truth for g4	prior model	profile HMMs found under the audited prior trees
/home/borg/RESEARCH-in-sleep-RETRON-DB_V3/ARIS_OUTPUT/stage2b_assessor_redesign/step3_hmm/cache/lofo/globloo_CAND_AbiK_31.hmm	globloo_CAND_AbiK_31	globloo_CAND_AbiK_31	305	166	AMBIGUOUS - NSEQ matches no known subset size	YES	none	fded9a511ab0155ee12b4aa6e9ed8245d4539baeb433e96f38af88a5df1b36c5	PRIOR / AUDIT / COMPARATOR - not training truth for g4	prior model	profile HMMs found under the audited prior trees
/home/borg/RESEARCH-in-sleep-RETRON-DB_V3/ARIS_OUTPUT/stage2b_assessor_redesign/step3_hmm/cache/lofo/globloo_CAND_AbiK_51.hmm	globloo_CAND_AbiK_51	globloo_CAND_AbiK_51	305	166	AMBIGUOUS - NSEQ matches no known subset size	YES	none	f79cec3cc51d711dff8373ba0ca586e083ef6daa54e773719ca3e0458407fd36	PRIOR / AUDIT / COMPARATOR - not training truth for g4	prior model	profile HMMs found under the audited prior trees
/home/borg/RESEARCH-in-sleep-RETRON-DB_V3/ARIS_OUTPUT/stage2b_assessor_redesign/step3_hmm/cache/lofo/globloo_CAND_AbiK_98.hmm	globloo_CAND_AbiK_98	globloo_CAND_AbiK_98	305	166	AMBIGUOUS - NSEQ matches no known subset size	YES	none	f304ddf5eddbfdbf0d577e3a6dfb8230351ba796d619ba0ca7510a5ccbe6370f	PRIOR / AUDIT / COMPARATOR - not training truth for g4	prior model	profile HMMs found under the audited prior trees
/home/borg/RESEARCH-in-sleep-RETRON-DB_V3/ARIS_OUTPUT/stage2b_assessor_redesign/step3_hmm/cache/lofo/globloo_CAND_AbiP2_108.hmm	globloo_CAND_AbiP2_108	globloo_CAND_AbiP2_108	305	166	AMBIGUOUS - NSEQ matches no known subset size	YES	none	9b4868e9be2f1fd5d90ab5f1b03d0e1aa3b1b80fccac2393c7dfce1973cc9b3a	PRIOR / AUDIT / COMPARATOR - not training truth for g4	prior model	profile HMMs found under the audited prior trees
/home/borg/RESEARCH-in-sleep-RETRON-DB_V3/ARIS_OUTPUT/stage2b_assessor_redesign/step3_hmm/cache/lofo/globloo_CAND_AbiP2_172.hmm	globloo_CAND_AbiP2_172	globloo_CAND_AbiP2_172	305	166	AMBIGUOUS - NSEQ matches no known subset size	YES	none	59eeb666c9d8a593f1e96e9f1fa4374a05ec7f9eef8b69983cc0b78886d8cf7c	PRIOR / AUDIT / COMPARATOR - not training truth for g4	prior model	profile HMMs found under the audited prior trees
/home/borg/RESEARCH-in-sleep-RETRON-DB_V3/ARIS_OUTPUT/stage2b_assessor_redesign/step3_hmm/cache/lofo/globloo_CAND_AbiP2_208.hmm	globloo_CAND_AbiP2_208	globloo_CAND_AbiP2_208	305	166	AMBIGUOUS - NSEQ matches no known subset size	YES	none	2cb91090ea727486c3fc4a5e9d7502264d9d2106d84fc8d8ace22879dc795d3d	PRIOR / AUDIT / COMPARATOR - not training truth for g4	prior model	profile HMMs found under the audited prior trees
/home/borg/RESEARCH-in-sleep-RETRON-DB_V3/ARIS_OUTPUT/stage2b_assessor_redesign/step3_hmm/cache/lofo/globloo_CAND_AbiP2_270.hmm	globloo_CAND_AbiP2_270	globloo_CAND_AbiP2_270	305	166	AMBIGUOUS - NSEQ matches no known subset size	YES	none	ea1c6210c63cccd16cc3c620678742e69aa2042017c5352cf964bf07d2b8cd08	PRIOR / AUDIT / COMPARATOR - not training truth for g4	prior model	profile HMMs found under the audited prior trees
/home/borg/RESEARCH-in-sleep-RETRON-DB_V3/ARIS_OUTPUT/stage2b_assessor_redesign/step3_hmm/cache/lofo/globloo_CAND_AbiP2_81.hmm	globloo_CAND_AbiP2_81	globloo_CAND_AbiP2_81	305	166	AMBIGUOUS - NSEQ matches no known subset size	YES	none	fadde991a653aa1fe274a11bbc3ae630651955603f2b60ccdf1e693584013c63	PRIOR / AUDIT / COMPARATOR - not training truth for g4	prior model	profile HMMs found under the audited prior trees
/home/borg/RESEARCH-in-sleep-RETRON-DB_V3/ARIS_OUTPUT/stage2b_assessor_redesign/step3_hmm/cache/lofo/globloo_CAND_CRISPR_33.hmm	globloo_CAND_CRISPR_33	globloo_CAND_CRISPR_33	305	166	AMBIGUOUS - NSEQ matches no known subset size	YES	none	b2831bfa513d8ef0694887bcab4543ba6c03eba03089563e9364a3c7647f860f	PRIOR / AUDIT / COMPARATOR - not training truth for g4	prior model	profile HMMs found under the audited prior trees
/home/borg/RESEARCH-in-sleep-RETRON-DB_V3/ARIS_OUTPUT/stage2b_assessor_redesign/step3_hmm/cache/lofo/globloo_CAND_CRISPR_47.hmm	globloo_CAND_CRISPR_47	globloo_CAND_CRISPR_47	305	166	AMBIGUOUS - NSEQ matches no known subset size	YES	none	9cdf22feef6ab76f4c45c9a1a08fbfc2b37a0ae5523b91982ca5521377a08241	PRIOR / AUDIT / COMPARATOR - not training truth for g4	prior model	profile HMMs found under the audited prior trees
/home/borg/RESEARCH-in-sleep-RETRON-DB_V3/ARIS_OUTPUT/stage2b_assessor_redesign/step3_hmm/cache/lofo/globloo_CAND_CRISPR_58.hmm	globloo_CAND_CRISPR_58	globloo_CAND_CRISPR_58	305	166	AMBIGUOUS - NSEQ matches no known subset size	YES	none	9ec5751c517fb51ae3790dfe88ac3011f1511d0a36c4d50cdf378bf8d31fff30	PRIOR / AUDIT / COMPARATOR - not training truth for g4	prior model	profile HMMs found under the audited prior trees
/home/borg/RESEARCH-in-sleep-RETRON-DB_V3/ARIS_OUTPUT/stage2b_assessor_redesign/step3_hmm/cache/lofo/globloo_CAND_CRISPR_62.hmm	globloo_CAND_CRISPR_62	globloo_CAND_CRISPR_62	305	166	AMBIGUOUS - NSEQ matches no known subset size	YES	none	006fb861c124ac03fec69d62909007efd55ca9b48523f118949db02ec24e30f3	PRIOR / AUDIT / COMPARATOR - not training truth for g4	prior model	profile HMMs found under the audited prior trees
/home/borg/RESEARCH-in-sleep-RETRON-DB_V3/ARIS_OUTPUT/stage2b_assessor_redesign/step3_hmm/cache/lofo/globloo_CAND_DGRs_11.hmm	globloo_CAND_DGRs_11	globloo_CAND_DGRs_11	305	166	AMBIGUOUS - NSEQ matches no known subset size	YES	none	ec89c61fea2eaa57d3fed74a041f76334bb2b365d00fbb1defa912fbb2aff6bf	PRIOR / AUDIT / COMPARATOR - not training truth for g4	prior model	profile HMMs found under the audited prior trees
/home/borg/RESEARCH-in-sleep-RETRON-DB_V3/ARIS_OUTPUT/stage2b_assessor_redesign/step3_hmm/cache/lofo/globloo_CAND_DGRs_4.hmm	globloo_CAND_DGRs_4	globloo_CAND_DGRs_4	305	166	AMBIGUOUS - NSEQ matches no known subset size	YES	none	737f7c8e4028eb5bc5720fb194cfd6c13c7f6be5e923390be98a78527ca717bc	PRIOR / AUDIT / COMPARATOR - not training truth for g4	prior model	profile HMMs found under the audited prior trees
/home/borg/RESEARCH-in-sleep-RETRON-DB_V3/ARIS_OUTPUT/stage2b_assessor_redesign/step3_hmm/cache/lofo/globloo_CAND_DGRs_6.hmm	globloo_CAND_DGRs_6	globloo_CAND_DGRs_6	305	166	AMBIGUOUS - NSEQ matches no known subset size	YES	none	73960b5bd46b69ed6a11804a77176a1864627f548e187f059f981069a3475d87	PRIOR / AUDIT / COMPARATOR - not training truth for g4	prior model	profile HMMs found under the audited prior trees
/home/borg/RESEARCH-in-sleep-RETRON-DB_V3/ARIS_OUTPUT/stage2b_assessor_redesign/step3_hmm/cache/lofo/globloo_CAND_DGRs_9.hmm	globloo_CAND_DGRs_9	globloo_CAND_DGRs_9	305	166	AMBIGUOUS - NSEQ matches no known subset size	YES	none	d25237c08cc6ab79eb40834303d9196c7fc1f614632968d67ea2476692512657	PRIOR / AUDIT / COMPARATOR - not training truth for g4	prior model	profile HMMs found under the audited prior trees
/home/borg/RESEARCH-in-sleep-RETRON-DB_V3/ARIS_OUTPUT/stage2b_assessor_redesign/step3_hmm/cache/lofo/globloo_CAND_G2L4_1.hmm	globloo_CAND_G2L4_1	globloo_CAND_G2L4_1	305	166	AMBIGUOUS - NSEQ matches no known subset size	YES	none	240263224c9cba13d5a7fc8cec564645341c2f4bd859382a7257585ceebca1ca	PRIOR / AUDIT / COMPARATOR - not training truth for g4	prior model	profile HMMs found under the audited prior trees
/home/borg/RESEARCH-in-sleep-RETRON-DB_V3/ARIS_OUTPUT/stage2b_assessor_redesign/step3_hmm/cache/lofo/globloo_CAND_G2L4_4.hmm	globloo_CAND_G2L4_4	globloo_CAND_G2L4_4	304	166	AMBIGUOUS - NSEQ matches no known subset size	YES	none	85d638fbbb8b01db0af71e28cab5e038b03b9985be2051697513a0bea93a4453	PRIOR / AUDIT / COMPARATOR - not training truth for g4	prior model	profile HMMs found under the audited prior trees
/home/borg/RESEARCH-in-sleep-RETRON-DB_V3/ARIS_OUTPUT/stage2b_assessor_redesign/step3_hmm/cache/lofo/globloo_CAND_G2L4_5.hmm	globloo_CAND_G2L4_5	globloo_CAND_G2L4_5	305	166	AMBIGUOUS - NSEQ matches no known subset size	YES	none	90166ca1cad0a7f07cc7186b55fdb254c06def70f3fbb8db976e10690c5f9a76	PRIOR / AUDIT / COMPARATOR - not training truth for g4	prior model	profile HMMs found under the audited prior trees
/home/borg/RESEARCH-in-sleep-RETRON-DB_V3/ARIS_OUTPUT/stage2b_assessor_redesign/step3_hmm/cache/lofo/globloo_CAND_G2L4_68.hmm	globloo_CAND_G2L4_68	globloo_CAND_G2L4_68	305	166	AMBIGUOUS - NSEQ matches no known subset size	YES	none	accdec2289424559a6df709740020d3f1d42a58a22e5e7f7b05df921c1dd516f	PRIOR / AUDIT / COMPARATOR - not training truth for g4	prior model	profile HMMs found under the audited prior trees
/home/borg/RESEARCH-in-sleep-RETRON-DB_V3/ARIS_OUTPUT/stage2b_assessor_redesign/step3_hmm/cache/lofo/globloo_CAND_G2L_57.hmm	globloo_CAND_G2L_57	globloo_CAND_G2L_57	305	166	AMBIGUOUS - NSEQ matches no known subset size	YES	none	5da10980c745929c2fd7d14f1a9dfc12132e1cd8be32697a97cd9f01728a99f8	PRIOR / AUDIT / COMPARATOR - not training truth for g4	prior model	profile HMMs found under the audited prior trees
/home/borg/RESEARCH-in-sleep-RETRON-DB_V3/ARIS_OUTPUT/stage2b_assessor_redesign/step3_hmm/cache/lofo/globloo_CAND_G2L_87.hmm	globloo_CAND_G2L_87	globloo_CAND_G2L_87	305	166	AMBIGUOUS - NSEQ matches no known subset size	YES	none	88f2f303bd33f1738c833a4f404fb7e6602807a3e1b11d2a547e951ba6103b71	PRIOR / AUDIT / COMPARATOR - not training truth for g4	prior model	profile HMMs found under the audited prior trees
/home/borg/RESEARCH-in-sleep-RETRON-DB_V3/ARIS_OUTPUT/stage2b_assessor_redesign/step3_hmm/cache/lofo/globloo_CAND_UG12_12.hmm	globloo_CAND_UG12_12	globloo_CAND_UG12_12	305	166	AMBIGUOUS - NSEQ matches no known subset size	YES	none	f207e9ad1363bfb4ab58e4834cc3fa5312a0c5c393557b23cb1dc297c3ef025c	PRIOR / AUDIT / COMPARATOR - not training truth for g4	prior model	profile HMMs found under the audited prior trees
/home/borg/RESEARCH-in-sleep-RETRON-DB_V3/ARIS_OUTPUT/stage2b_assessor_redesign/step3_hmm/cache/lofo/globloo_CAND_UG12_147.hmm	globloo_CAND_UG12_147	globloo_CAND_UG12_147	305	166	AMBIGUOUS - NSEQ matches no known subset size	YES	none	a2556cadcf9cc0b3e80d4285b64824bfed1ee5f29c538f17f2eeae97139dbf5d	PRIOR / AUDIT / COMPARATOR - not training truth for g4	prior model	profile HMMs found under the audited prior trees
/home/borg/RESEARCH-in-sleep-RETRON-DB_V3/ARIS_OUTPUT/stage2b_assessor_redesign/step3_hmm/cache/lofo/globloo_CAND_UG12_21.hmm	globloo_CAND_UG12_21	globloo_CAND_UG12_21	305	166	AMBIGUOUS - NSEQ matches no known subset size	YES	none	39d3c6690f5f087edf1048cae42fa88396487178ca3527098e4335e83eb5dfca	PRIOR / AUDIT / COMPARATOR - not training truth for g4	prior model	profile HMMs found under the audited prior trees
/home/borg/RESEARCH-in-sleep-RETRON-DB_V3/ARIS_OUTPUT/stage2b_assessor_redesign/step3_hmm/cache/lofo/globloo_CAND_UG12_230.hmm	globloo_CAND_UG12_230	globloo_CAND_UG12_230	305	166	AMBIGUOUS - NSEQ matches no known subset size	YES	none	27e275f0974fb570e843f87b20092b97d61cd2a9de746133ad0f4a30cc3342e3	PRIOR / AUDIT / COMPARATOR - not training truth for g4	prior model	profile HMMs found under the audited prior trees
/home/borg/RESEARCH-in-sleep-RETRON-DB_V3/ARIS_OUTPUT/stage2b_assessor_redesign/step3_hmm/cache/lofo/globloo_CAND_UG12_3.hmm	globloo_CAND_UG12_3	globloo_CAND_UG12_3	305	166	AMBIGUOUS - NSEQ matches no known subset size	YES	none	5798a238c5503cf64e92852511e43bcfa52d237f70671cab093a00dd30b4dff5	PRIOR / AUDIT / COMPARATOR - not training truth for g4	prior model	profile HMMs found under the audited prior trees
/home/borg/RESEARCH-in-sleep-RETRON-DB_V3/ARIS_OUTPUT/stage2b_assessor_redesign/step3_hmm/cache/lofo/globloo_CAND_UG12_37.hmm	globloo_CAND_UG12_37	globloo_CAND_UG12_37	305	166	AMBIGUOUS - NSEQ matches no known subset size	YES	none	109bf948954e19b28a4537b9247adc55b384749b1c258ca2ec0428757ca3380a	PRIOR / AUDIT / COMPARATOR - not training truth for g4	prior model	profile HMMs found under the audited prior trees
/home/borg/RESEARCH-in-sleep-RETRON-DB_V3/ARIS_OUTPUT/stage2b_assessor_redesign/step3_hmm/cache/lofo/globloo_CAND_UG13_0.hmm	globloo_CAND_UG13_0	globloo_CAND_UG13_0	305	166	AMBIGUOUS - NSEQ matches no known subset size	YES	none	8d8e62985a5b6db4308d7fb34fde88ce047b8ad75af9f60e43acbd7a7bc05e42	PRIOR / AUDIT / COMPARATOR - not training truth for g4	prior model	profile HMMs found under the audited prior trees
/home/borg/RESEARCH-in-sleep-RETRON-DB_V3/ARIS_OUTPUT/stage2b_assessor_redesign/step3_hmm/cache/lofo/globloo_CAND_UG13_16.hmm	globloo_CAND_UG13_16	globloo_CAND_UG13_16	305	166	AMBIGUOUS - NSEQ matches no known subset size	YES	none	165f7a0b18c23acbd38a05f03b2d96706ce598ee2994f6661929887101be4bed	PRIOR / AUDIT / COMPARATOR - not training truth for g4	prior model	profile HMMs found under the audited prior trees
/home/borg/RESEARCH-in-sleep-RETRON-DB_V3/ARIS_OUTPUT/stage2b_assessor_redesign/step3_hmm/cache/lofo/globloo_CAND_UG13_30.hmm	globloo_CAND_UG13_30	globloo_CAND_UG13_30	305	166	AMBIGUOUS - NSEQ matches no known subset size	YES	none	c05d5ab2388362784c189b58260112cd0af71133de5d281af39ec0afe87ce613	PRIOR / AUDIT / COMPARATOR - not training truth for g4	prior model	profile HMMs found under the audited prior trees
/home/borg/RESEARCH-in-sleep-RETRON-DB_V3/ARIS_OUTPUT/stage2b_assessor_redesign/step3_hmm/cache/lofo/globloo_CAND_UG15_123.hmm	globloo_CAND_UG15_123	globloo_CAND_UG15_123	305	166	AMBIGUOUS - NSEQ matches no known subset size	YES	none	f7c91d96ad0e21b74413b56f85494f8a6e76cdde617bf7dd50989cc1270566c6	PRIOR / AUDIT / COMPARATOR - not training truth for g4	prior model	profile HMMs found under the audited prior trees
/home/borg/RESEARCH-in-sleep-RETRON-DB_V3/ARIS_OUTPUT/stage2b_assessor_redesign/step3_hmm/cache/lofo/globloo_CAND_UG15_31.hmm	globloo_CAND_UG15_31	globloo_CAND_UG15_31	305	166	AMBIGUOUS - NSEQ matches no known subset size	YES	none	a440fb04a014b7c266daf100aea9cdcddfebc40140d03534f0429d9656069ab6	PRIOR / AUDIT / COMPARATOR - not training truth for g4	prior model	profile HMMs found under the audited prior trees
/home/borg/RESEARCH-in-sleep-RETRON-DB_V3/ARIS_OUTPUT/stage2b_assessor_redesign/step3_hmm/cache/lofo/globloo_CAND_UG15_42.hmm	globloo_CAND_UG15_42	globloo_CAND_UG15_42	305	166	AMBIGUOUS - NSEQ matches no known subset size	YES	none	bbaed51a8b5fcf2e35aff319b792aeb4272ebfcfff19210030853f7cc52e96dd	PRIOR / AUDIT / COMPARATOR - not training truth for g4	prior model	profile HMMs found under the audited prior trees
/home/borg/RESEARCH-in-sleep-RETRON-DB_V3/ARIS_OUTPUT/stage2b_assessor_redesign/step3_hmm/cache/lofo/globloo_CAND_UG15_65.hmm	globloo_CAND_UG15_65	globloo_CAND_UG15_65	305	166	AMBIGUOUS - NSEQ matches no known subset size	YES	none	8bd29b7911d53a65a38c9c0d679352d472991e8b6ae3e808fab36969e2ca8af2	PRIOR / AUDIT / COMPARATOR - not training truth for g4	prior model	profile HMMs found under the audited prior trees
/home/borg/RESEARCH-in-sleep-RETRON-DB_V3/ARIS_OUTPUT/stage2b_assessor_redesign/step3_hmm/cache/lofo/globloo_CAND_UG15_74.hmm	globloo_CAND_UG15_74	globloo_CAND_UG15_74	305	166	AMBIGUOUS - NSEQ matches no known subset size	YES	none	ca9bc1bf23ac916298624bfc0379a1eb4abfda6fa90e0200ac7da758fa1be3c9	PRIOR / AUDIT / COMPARATOR - not training truth for g4	prior model	profile HMMs found under the audited prior trees
/home/borg/RESEARCH-in-sleep-RETRON-DB_V3/ARIS_OUTPUT/stage2b_assessor_redesign/step3_hmm/cache/lofo/globloo_CAND_UG16_41.hmm	globloo_CAND_UG16_41	globloo_CAND_UG16_41	305	166	AMBIGUOUS - NSEQ matches no known subset size	YES	none	3089d77fca382e5edaa39d7aef2165b4c211eb438470efa82feca54022e60e43	PRIOR / AUDIT / COMPARATOR - not training truth for g4	prior model	profile HMMs found under the audited prior trees
/home/borg/RESEARCH-in-sleep-RETRON-DB_V3/ARIS_OUTPUT/stage2b_assessor_redesign/step3_hmm/cache/lofo/globloo_CAND_UG16_60.hmm	globloo_CAND_UG16_60	globloo_CAND_UG16_60	305	166	AMBIGUOUS - NSEQ matches no known subset size	YES	none	ec98c4933a6de11bf39fa2c4575ff51a5fd6876f7bc5f1da2156fcb1b9dd1563	PRIOR / AUDIT / COMPARATOR - not training truth for g4	prior model	profile HMMs found under the audited prior trees
/home/borg/RESEARCH-in-sleep-RETRON-DB_V3/ARIS_OUTPUT/stage2b_assessor_redesign/step3_hmm/cache/lofo/globloo_CAND_UG16_91.hmm	globloo_CAND_UG16_91	globloo_CAND_UG16_91	305	166	AMBIGUOUS - NSEQ matches no known subset size	YES	none	0af6fc933f81e247a62a7d1423457c03db31da137aaeaf89d2c087577fcca625	PRIOR / AUDIT / COMPARATOR - not training truth for g4	prior model	profile HMMs found under the audited prior trees
/home/borg/RESEARCH-in-sleep-RETRON-DB_V3/ARIS_OUTPUT/stage2b_assessor_redesign/step3_hmm/cache/lofo/globloo_CAND_UG17_254.hmm	globloo_CAND_UG17_254	globloo_CAND_UG17_254	305	166	AMBIGUOUS - NSEQ matches no known subset size	YES	none	ce2f6ebd0337f6436f6bfed138b8f363acc89f6e4b0c0c0a3ca0c7496d0021cb	PRIOR / AUDIT / COMPARATOR - not training truth for g4	prior model	profile HMMs found under the audited prior trees
/home/borg/RESEARCH-in-sleep-RETRON-DB_V3/ARIS_OUTPUT/stage2b_assessor_redesign/step3_hmm/cache/lofo/globloo_CAND_UG17_289.hmm	globloo_CAND_UG17_289	globloo_CAND_UG17_289	305	166	AMBIGUOUS - NSEQ matches no known subset size	YES	none	1eaf56f85f5628aba3fe54e83f24b0691c11a9832e77cd7017d4c5f49c66f6a8	PRIOR / AUDIT / COMPARATOR - not training truth for g4	prior model	profile HMMs found under the audited prior trees
/home/borg/RESEARCH-in-sleep-RETRON-DB_V3/ARIS_OUTPUT/stage2b_assessor_redesign/step3_hmm/cache/lofo/globloo_CAND_UG17_32.hmm	globloo_CAND_UG17_32	globloo_CAND_UG17_32	305	166	AMBIGUOUS - NSEQ matches no known subset size	YES	none	4cbb3ce031bd052b8fbd9cdffa41adb3d265e5c9a92aa43a9a9bd7412427a8de	PRIOR / AUDIT / COMPARATOR - not training truth for g4	prior model	profile HMMs found under the audited prior trees
/home/borg/RESEARCH-in-sleep-RETRON-DB_V3/ARIS_OUTPUT/stage2b_assessor_redesign/step3_hmm/cache/lofo/globloo_CAND_UG19_156.hmm	globloo_CAND_UG19_156	globloo_CAND_UG19_156	305	166	AMBIGUOUS - NSEQ matches no known subset size	YES	none	a107fda964639d355223c1c994d7d474cea0e556f5d077a5f0dc79ec0c4a5faa	PRIOR / AUDIT / COMPARATOR - not training truth for g4	prior model	profile HMMs found under the audited prior trees
/home/borg/RESEARCH-in-sleep-RETRON-DB_V3/ARIS_OUTPUT/stage2b_assessor_redesign/step3_hmm/cache/lofo/globloo_CAND_UG19_20.hmm	globloo_CAND_UG19_20	globloo_CAND_UG19_20	305	166	AMBIGUOUS - NSEQ matches no known subset size	YES	none	e6d50bcc5e27849b14dc742c02d7aebc48b0700aa0eebe97d7e63b3ca45ec008	PRIOR / AUDIT / COMPARATOR - not training truth for g4	prior model	profile HMMs found under the audited prior trees
/home/borg/RESEARCH-in-sleep-RETRON-DB_V3/ARIS_OUTPUT/stage2b_assessor_redesign/step3_hmm/cache/lofo/globloo_CAND_UG19_229.hmm	globloo_CAND_UG19_229	globloo_CAND_UG19_229	305	166	AMBIGUOUS - NSEQ matches no known subset size	YES	none	8aba76bad09c0bff98bd50ed589b0b95773233563b410082e728f2661ab43992	PRIOR / AUDIT / COMPARATOR - not training truth for g4	prior model	profile HMMs found under the audited prior trees
/home/borg/RESEARCH-in-sleep-RETRON-DB_V3/ARIS_OUTPUT/stage2b_assessor_redesign/step3_hmm/cache/lofo/globloo_CAND_UG1_12.hmm	globloo_CAND_UG1_12	globloo_CAND_UG1_12	305	166	AMBIGUOUS - NSEQ matches no known subset size	YES	none	663bee4bec548e960dea5181dfe32963833cdff24157f5eb66f7640d0757b74e	PRIOR / AUDIT / COMPARATOR - not training truth for g4	prior model	profile HMMs found under the audited prior trees
/home/borg/RESEARCH-in-sleep-RETRON-DB_V3/ARIS_OUTPUT/stage2b_assessor_redesign/step3_hmm/cache/lofo/globloo_CAND_UG1_3.hmm	globloo_CAND_UG1_3	globloo_CAND_UG1_3	305	166	AMBIGUOUS - NSEQ matches no known subset size	YES	none	60c1e3b972cbba100db995b96a8c47e16a1f9d6389b4b134383ce32d5ac55329	PRIOR / AUDIT / COMPARATOR - not training truth for g4	prior model	profile HMMs found under the audited prior trees
/home/borg/RESEARCH-in-sleep-RETRON-DB_V3/ARIS_OUTPUT/stage2b_assessor_redesign/step3_hmm/cache/lofo/globloo_CAND_UG1_8.hmm	globloo_CAND_UG1_8	globloo_CAND_UG1_8	305	166	AMBIGUOUS - NSEQ matches no known subset size	YES	none	419591ba2756834e5129d9160853a9e78820855672c30927086c71b74ade30fd	PRIOR / AUDIT / COMPARATOR - not training truth for g4	prior model	profile HMMs found under the audited prior trees
/home/borg/RESEARCH-in-sleep-RETRON-DB_V3/ARIS_OUTPUT/stage2b_assessor_redesign/step3_hmm/cache/lofo/globloo_CAND_UG20_0.hmm	globloo_CAND_UG20_0	globloo_CAND_UG20_0	305	166	AMBIGUOUS - NSEQ matches no known subset size	YES	none	26d246270b41a6bcc7236b787edbbe4bf7a5070714df7db4ee6d8354f98fab47	PRIOR / AUDIT / COMPARATOR - not training truth for g4	prior model	profile HMMs found under the audited prior trees
/home/borg/RESEARCH-in-sleep-RETRON-DB_V3/ARIS_OUTPUT/stage2b_assessor_redesign/step3_hmm/cache/lofo/globloo_CAND_UG20_1.hmm	globloo_CAND_UG20_1	globloo_CAND_UG20_1	305	166	AMBIGUOUS - NSEQ matches no known subset size	YES	none	d1e3c4084096b1c6e4954cd01a635ef132ba92d590d1fb9be066adb9fcba2e17	PRIOR / AUDIT / COMPARATOR - not training truth for g4	prior model	profile HMMs found under the audited prior trees
/home/borg/RESEARCH-in-sleep-RETRON-DB_V3/ARIS_OUTPUT/stage2b_assessor_redesign/step3_hmm/cache/lofo/globloo_CAND_UG20_2.hmm	globloo_CAND_UG20_2	globloo_CAND_UG20_2	305	166	AMBIGUOUS - NSEQ matches no known subset size	YES	none	2db96b975d50b69bde5393389152a79fb4b29b4b19a101caae5c8c3150fcd963	PRIOR / AUDIT / COMPARATOR - not training truth for g4	prior model	profile HMMs found under the audited prior trees
/home/borg/RESEARCH-in-sleep-RETRON-DB_V3/ARIS_OUTPUT/stage2b_assessor_redesign/step3_hmm/cache/lofo/globloo_CAND_UG22_1.hmm	globloo_CAND_UG22_1	globloo_CAND_UG22_1	305	166	AMBIGUOUS - NSEQ matches no known subset size	YES	none	cf0baf671f55db05e14b586d912a119bb4f5638d5e228bffc07aa117966795a2	PRIOR / AUDIT / COMPARATOR - not training truth for g4	prior model	profile HMMs found under the audited prior trees
/home/borg/RESEARCH-in-sleep-RETRON-DB_V3/ARIS_OUTPUT/stage2b_assessor_redesign/step3_hmm/cache/lofo/globloo_CAND_UG22_14.hmm	globloo_CAND_UG22_14	globloo_CAND_UG22_14	305	166	AMBIGUOUS - NSEQ matches no known subset size	YES	none	017d7b4cb2bab084a4f7371ce12a7166501221f772cc5f909ae926edbf1e80ac	PRIOR / AUDIT / COMPARATOR - not training truth for g4	prior model	profile HMMs found under the audited prior trees
/home/borg/RESEARCH-in-sleep-RETRON-DB_V3/ARIS_OUTPUT/stage2b_assessor_redesign/step3_hmm/cache/lofo/globloo_CAND_UG22_46.hmm	globloo_CAND_UG22_46	globloo_CAND_UG22_46	305	166	AMBIGUOUS - NSEQ matches no known subset size	YES	none	6102fe122dcfe7e09ceea585f009a03a97a2177aca98666a13da3c27e243dc08	PRIOR / AUDIT / COMPARATOR - not training truth for g4	prior model	profile HMMs found under the audited prior trees
/home/borg/RESEARCH-in-sleep-RETRON-DB_V3/ARIS_OUTPUT/stage2b_assessor_redesign/step3_hmm/cache/lofo/globloo_CAND_UG26_78.hmm	globloo_CAND_UG26_78	globloo_CAND_UG26_78	305	166	AMBIGUOUS - NSEQ matches no known subset size	YES	none	3e4d7d15ea95989cd81d9aeb6fb307a020b9f3e6e2a700fe89c4c9ad452c12df	PRIOR / AUDIT / COMPARATOR - not training truth for g4	prior model	profile HMMs found under the audited prior trees
/home/borg/RESEARCH-in-sleep-RETRON-DB_V3/ARIS_OUTPUT/stage2b_assessor_redesign/step3_hmm/cache/lofo/globloo_CAND_UG26_86.hmm	globloo_CAND_UG26_86	globloo_CAND_UG26_86	305	166	AMBIGUOUS - NSEQ matches no known subset size	YES	none	2d02944fa0f1ed76a2e7a932d81b773b36aba55f4e6365e21814fe719454e42d	PRIOR / AUDIT / COMPARATOR - not training truth for g4	prior model	profile HMMs found under the audited prior trees
/home/borg/RESEARCH-in-sleep-RETRON-DB_V3/ARIS_OUTPUT/stage2b_assessor_redesign/step3_hmm/cache/lofo/globloo_CAND_UG2_112.hmm	globloo_CAND_UG2_112	globloo_CAND_UG2_112	305	166	AMBIGUOUS - NSEQ matches no known subset size	YES	none	41228dd7f2de2b03d984ee37bd3c83cadc09bec9c2986f62800e0071c50ba469	PRIOR / AUDIT / COMPARATOR - not training truth for g4	prior model	profile HMMs found under the audited prior trees
/home/borg/RESEARCH-in-sleep-RETRON-DB_V3/ARIS_OUTPUT/stage2b_assessor_redesign/step3_hmm/cache/lofo/globloo_CAND_UG2_75.hmm	globloo_CAND_UG2_75	globloo_CAND_UG2_75	305	166	AMBIGUOUS - NSEQ matches no known subset size	YES	none	2b955d811d839dadd208ebe549f57c0a8c68e8cc1bdc366b6749258808c52665	PRIOR / AUDIT / COMPARATOR - not training truth for g4	prior model	profile HMMs found under the audited prior trees
/home/borg/RESEARCH-in-sleep-RETRON-DB_V3/ARIS_OUTPUT/stage2b_assessor_redesign/step3_hmm/cache/lofo/globloo_CAND_UG2_80.hmm	globloo_CAND_UG2_80	globloo_CAND_UG2_80	305	166	AMBIGUOUS - NSEQ matches no known subset size	YES	none	3444a3540a2a3384532574e343867a7853e0f05965ca8719421a20feaaf71bf1	PRIOR / AUDIT / COMPARATOR - not training truth for g4	prior model	profile HMMs found under the audited prior trees
/home/borg/RESEARCH-in-sleep-RETRON-DB_V3/ARIS_OUTPUT/stage2b_assessor_redesign/step3_hmm/cache/lofo/globloo_CAND_UG2_83.hmm	globloo_CAND_UG2_83	globloo_CAND_UG2_83	305	166	AMBIGUOUS - NSEQ matches no known subset size	YES	none	3461e7651f38c98b25f9c7f6a7b39c17a3d163ea29f61ab056cc73d83464ec59	PRIOR / AUDIT / COMPARATOR - not training truth for g4	prior model	profile HMMs found under the audited prior trees
/home/borg/RESEARCH-in-sleep-RETRON-DB_V3/ARIS_OUTPUT/stage2b_assessor_redesign/step3_hmm/cache/lofo/globloo_CAND_UG3_32.hmm	globloo_CAND_UG3_32	globloo_CAND_UG3_32	305	166	AMBIGUOUS - NSEQ matches no known subset size	YES	none	0b6352a0bac864df2cef4395ebc843c773a29e06bca89a3c16787a61be1c8aca	PRIOR / AUDIT / COMPARATOR - not training truth for g4	prior model	profile HMMs found under the audited prior trees
/home/borg/RESEARCH-in-sleep-RETRON-DB_V3/ARIS_OUTPUT/stage2b_assessor_redesign/step3_hmm/cache/lofo/globloo_CAND_UG3_72.hmm	globloo_CAND_UG3_72	globloo_CAND_UG3_72	305	166	AMBIGUOUS - NSEQ matches no known subset size	YES	none	f4492c51c3924c8daaf8afdcd77b09b82c4d5f81948424af201429f956e5a531	PRIOR / AUDIT / COMPARATOR - not training truth for g4	prior model	profile HMMs found under the audited prior trees
/home/borg/RESEARCH-in-sleep-RETRON-DB_V3/ARIS_OUTPUT/stage2b_assessor_redesign/step3_hmm/cache/lofo/globloo_CAND_UG5_1.hmm	globloo_CAND_UG5_1	globloo_CAND_UG5_1	305	166	AMBIGUOUS - NSEQ matches no known subset size	YES	none	437d7ed27e890832a8c628cb123e4258f6ef75222fb469ce684809c82a6701e1	PRIOR / AUDIT / COMPARATOR - not training truth for g4	prior model	profile HMMs found under the audited prior trees
/home/borg/RESEARCH-in-sleep-RETRON-DB_V3/ARIS_OUTPUT/stage2b_assessor_redesign/step3_hmm/cache/lofo/globloo_CAND_UG5_84.hmm	globloo_CAND_UG5_84	globloo_CAND_UG5_84	305	166	AMBIGUOUS - NSEQ matches no known subset size	YES	none	23f74057f7e1e1545675cc14c3d268ef8408030ab8e12435812db233aabb9aaa	PRIOR / AUDIT / COMPARATOR - not training truth for g4	prior model	profile HMMs found under the audited prior trees
/home/borg/RESEARCH-in-sleep-RETRON-DB_V3/ARIS_OUTPUT/stage2b_assessor_redesign/step3_hmm/cache/lofo/globloo_CAND_UG5_93.hmm	globloo_CAND_UG5_93	globloo_CAND_UG5_93	305	166	AMBIGUOUS - NSEQ matches no known subset size	YES	none	ca3d7ebb21ecef2966a5358bf03c7b255de58752747ea39b3d06cf8d3eddb560	PRIOR / AUDIT / COMPARATOR - not training truth for g4	prior model	profile HMMs found under the audited prior trees
/home/borg/RESEARCH-in-sleep-RETRON-DB_V3/ARIS_OUTPUT/stage2b_assessor_redesign/step3_hmm/cache/lofo/globloo_CAND_UG6_32.hmm	globloo_CAND_UG6_32	globloo_CAND_UG6_32	305	166	AMBIGUOUS - NSEQ matches no known subset size	YES	none	e329c7f2d4a40eb63faad3ff1a37da83723bb05d44ed05566f93aa23a8180963	PRIOR / AUDIT / COMPARATOR - not training truth for g4	prior model	profile HMMs found under the audited prior trees
/home/borg/RESEARCH-in-sleep-RETRON-DB_V3/ARIS_OUTPUT/stage2b_assessor_redesign/step3_hmm/cache/lofo/globloo_CAND_UG6_41.hmm	globloo_CAND_UG6_41	globloo_CAND_UG6_41	305	166	AMBIGUOUS - NSEQ matches no known subset size	YES	none	985e7010d4973845f9de3727f107e5b118ac6eea34ba89f7e924a29f2076b17d	PRIOR / AUDIT / COMPARATOR - not training truth for g4	prior model	profile HMMs found under the audited prior trees
/home/borg/RESEARCH-in-sleep-RETRON-DB_V3/ARIS_OUTPUT/stage2b_assessor_redesign/step3_hmm/cache/lofo/globloo_CAND_UG6_87.hmm	globloo_CAND_UG6_87	globloo_CAND_UG6_87	305	166	AMBIGUOUS - NSEQ matches no known subset size	YES	none	8bd546135a636acc29cea590bb48157afc932261599278890e34b9d923873154	PRIOR / AUDIT / COMPARATOR - not training truth for g4	prior model	profile HMMs found under the audited prior trees
/home/borg/RESEARCH-in-sleep-RETRON-DB_V3/ARIS_OUTPUT/stage2b_assessor_redesign/step3_hmm/cache/lofo/globloo_CAND_UG8_118.hmm	globloo_CAND_UG8_118	globloo_CAND_UG8_118	305	166	AMBIGUOUS - NSEQ matches no known subset size	YES	none	9824e33cd8a12d9e129c4d2277d7285ad96933921a664b3b517bdd87424e97ed	PRIOR / AUDIT / COMPARATOR - not training truth for g4	prior model	profile HMMs found under the audited prior trees
/home/borg/RESEARCH-in-sleep-RETRON-DB_V3/ARIS_OUTPUT/stage2b_assessor_redesign/step3_hmm/cache/lofo/globloo_CAND_UG8_126.hmm	globloo_CAND_UG8_126	globloo_CAND_UG8_126	305	166	AMBIGUOUS - NSEQ matches no known subset size	YES	none	5864a5aaca325a457b0614a62b24edd89043fba1df63b16456f46ac271248c9c	PRIOR / AUDIT / COMPARATOR - not training truth for g4	prior model	profile HMMs found under the audited prior trees
/home/borg/RESEARCH-in-sleep-RETRON-DB_V3/ARIS_OUTPUT/stage2b_assessor_redesign/step3_hmm/cache/lofo/globloo_CAND_UG8_473.hmm	globloo_CAND_UG8_473	globloo_CAND_UG8_473	305	166	AMBIGUOUS - NSEQ matches no known subset size	YES	none	019e0b5dcff33d3fa6c0fa7bca08ef49bd50f69dfeeb47dffeab6355b575877c	PRIOR / AUDIT / COMPARATOR - not training truth for g4	prior model	profile HMMs found under the audited prior trees
/home/borg/RESEARCH-in-sleep-RETRON-DB_V3/ARIS_OUTPUT/stage2b_assessor_redesign/step3_hmm/cache/lofo/globloo_CAND_UG8_49.hmm	globloo_CAND_UG8_49	globloo_CAND_UG8_49	305	166	AMBIGUOUS - NSEQ matches no known subset size	YES	none	2579f5409a8d7d674730a69c4d07e8f9fc31a2d69cd114ebb3d98383ac440550	PRIOR / AUDIT / COMPARATOR - not training truth for g4	prior model	profile HMMs found under the audited prior trees
/home/borg/RESEARCH-in-sleep-RETRON-DB_V3/ARIS_OUTPUT/stage2b_assessor_redesign/step3_hmm/cache/lofo/globloo_CAND_UG8_80.hmm	globloo_CAND_UG8_80	globloo_CAND_UG8_80	305	166	AMBIGUOUS - NSEQ matches no known subset size	YES	none	5f158fb6984b266dcd8cd912821ea412fc50d92a7b67b2b870f98c7be7b227ed	PRIOR / AUDIT / COMPARATOR - not training truth for g4	prior model	profile HMMs found under the audited prior trees
/home/borg/RESEARCH-in-sleep-RETRON-DB_V3/ARIS_OUTPUT/stage2b_assessor_redesign/step3_hmm/cache/lofo/globloo_CAND_UG8_99.hmm	globloo_CAND_UG8_99	globloo_CAND_UG8_99	305	166	AMBIGUOUS - NSEQ matches no known subset size	YES	none	38711b3a6f0cbf8809fabd139209e1429e8c173c368be5c8e8a35972ece850d3	PRIOR / AUDIT / COMPARATOR - not training truth for g4	prior model	profile HMMs found under the audited prior trees
/home/borg/RESEARCH-in-sleep-RETRON-DB_V3/ARIS_OUTPUT/stage2b_assessor_redesign/step3_hmm/cache/lofo/globloo_PDB_23OR_1.hmm	globloo_PDB_23OR_1	globloo_PDB_23OR_1	305	166	AMBIGUOUS - NSEQ matches no known subset size	YES	none	3def314bd4ee5203f1637f1e4ceb176a2f5616d6d41231e068ef6201d8f339dd	PRIOR / AUDIT / COMPARATOR - not training truth for g4	prior model	profile HMMs found under the audited prior trees
/home/borg/RESEARCH-in-sleep-RETRON-DB_V3/ARIS_OUTPUT/stage2b_assessor_redesign/step3_hmm/cache/lofo/globloo_PDB_24NC_1.hmm	globloo_PDB_24NC_1	globloo_PDB_24NC_1	305	166	AMBIGUOUS - NSEQ matches no known subset size	YES	none	6288d8e325802431e82e871fc5a5c959dc7f9ab36b029dd81408382b7dcdf60b	PRIOR / AUDIT / COMPARATOR - not training truth for g4	prior model	profile HMMs found under the audited prior trees
/home/borg/RESEARCH-in-sleep-RETRON-DB_V3/ARIS_OUTPUT/stage2b_assessor_redesign/step3_hmm/cache/lofo/globloo_PDB_26CZ_1.hmm	globloo_PDB_26CZ_1	globloo_PDB_26CZ_1	305	166	AMBIGUOUS - NSEQ matches no known subset size	YES	none	363d1b4dcf5a7e087d41f84517fe9ca00cc5b2ff40aae5bb3b35a32acc5bfd34	PRIOR / AUDIT / COMPARATOR - not training truth for g4	prior model	profile HMMs found under the audited prior trees
/home/borg/RESEARCH-in-sleep-RETRON-DB_V3/ARIS_OUTPUT/stage2b_assessor_redesign/step3_hmm/cache/lofo/globloo_PDB_5G2X_3.hmm	globloo_PDB_5G2X_3	globloo_PDB_5G2X_3	305	166	AMBIGUOUS - NSEQ matches no known subset size	YES	none	f32bfc2d3be453b109627baeb796ab56368d5824a995a09c5fa8abf7ec5f99af	PRIOR / AUDIT / COMPARATOR - not training truth for g4	prior model	profile HMMs found under the audited prior trees
/home/borg/RESEARCH-in-sleep-RETRON-DB_V3/ARIS_OUTPUT/stage2b_assessor_redesign/step3_hmm/cache/lofo/globloo_PDB_5HHJ_1.hmm	globloo_PDB_5HHJ_1	globloo_PDB_5HHJ_1	305	166	AMBIGUOUS - NSEQ matches no known subset size	YES	none	3f5673624397bd9f05c513bf131996fafef734dc67d1bd3e483ba4824102da2b	PRIOR / AUDIT / COMPARATOR - not training truth for g4	prior model	profile HMMs found under the audited prior trees
/home/borg/RESEARCH-in-sleep-RETRON-DB_V3/ARIS_OUTPUT/stage2b_assessor_redesign/step3_hmm/cache/lofo/globloo_PDB_5HHL_1.hmm	globloo_PDB_5HHL_1	globloo_PDB_5HHL_1	305	166	AMBIGUOUS - NSEQ matches no known subset size	YES	none	32199a58845918dccc20f6a9692430c3342af234f73fece08ae344cf9f60c1ed	PRIOR / AUDIT / COMPARATOR - not training truth for g4	prior model	profile HMMs found under the audited prior trees
/home/borg/RESEARCH-in-sleep-RETRON-DB_V3/ARIS_OUTPUT/stage2b_assessor_redesign/step3_hmm/cache/lofo/globloo_PDB_6AR1_1.hmm	globloo_PDB_6AR1_1	globloo_PDB_6AR1_1	305	166	AMBIGUOUS - NSEQ matches no known subset size	YES	none	14dfef146a13bf2669ba9d1e38487bf2a7844c315f7b04d4125bbfe98852928b	PRIOR / AUDIT / COMPARATOR - not training truth for g4	prior model	profile HMMs found under the audited prior trees
/home/borg/RESEARCH-in-sleep-RETRON-DB_V3/ARIS_OUTPUT/stage2b_assessor_redesign/step3_hmm/cache/lofo/globloo_PDB_6ME0_3.hmm	globloo_PDB_6ME0_3	globloo_PDB_6ME0_3	305	166	AMBIGUOUS - NSEQ matches no known subset size	YES	none	2c3d64170d428b25b05e6c3769e8930e221da6d057e8b3439427b5fc4fdb2d72	PRIOR / AUDIT / COMPARATOR - not training truth for g4	prior model	profile HMMs found under the audited prior trees
/home/borg/RESEARCH-in-sleep-RETRON-DB_V3/ARIS_OUTPUT/stage2b_assessor_redesign/step3_hmm/cache/lofo/globloo_PDB_7KFT_2.hmm	globloo_PDB_7KFT_2	globloo_PDB_7KFT_2	305	166	AMBIGUOUS - NSEQ matches no known subset size	YES	none	fa474a621a8898c786bec3913dbc1e145fc97e76e3230b902b0c65d5078981ca	PRIOR / AUDIT / COMPARATOR - not training truth for g4	prior model	profile HMMs found under the audited prior trees
/home/borg/RESEARCH-in-sleep-RETRON-DB_V3/ARIS_OUTPUT/stage2b_assessor_redesign/step3_hmm/cache/lofo/globloo_PDB_7R06_1.hmm	globloo_PDB_7R06_1	globloo_PDB_7R06_1	305	166	AMBIGUOUS - NSEQ matches no known subset size	YES	none	94ec2cd6ff8c0e0d6ff6353f77646ace1046797a01ef7709e2e684f320c4fe24	PRIOR / AUDIT / COMPARATOR - not training truth for g4	prior model	profile HMMs found under the audited prior trees
/home/borg/RESEARCH-in-sleep-RETRON-DB_V3/ARIS_OUTPUT/stage2b_assessor_redesign/step3_hmm/cache/lofo/globloo_PDB_7R08_1.hmm	globloo_PDB_7R08_1	globloo_PDB_7R08_1	305	166	AMBIGUOUS - NSEQ matches no known subset size	YES	none	042ba8dcb7431c64016ec840d44f41e95bcf238455e765b65419ee1a3df671ca	PRIOR / AUDIT / COMPARATOR - not training truth for g4	prior model	profile HMMs found under the audited prior trees
/home/borg/RESEARCH-in-sleep-RETRON-DB_V3/ARIS_OUTPUT/stage2b_assessor_redesign/step3_hmm/cache/lofo/globloo_PDB_7V9U_1.hmm	globloo_PDB_7V9U_1	globloo_PDB_7V9U_1	305	166	AMBIGUOUS - NSEQ matches no known subset size	YES	none	fbdd9f2c00300099e2da216849c09b26ddf00696c71fd6963c255ed00f32091b	PRIOR / AUDIT / COMPARATOR - not training truth for g4	prior model	profile HMMs found under the audited prior trees
/home/borg/RESEARCH-in-sleep-RETRON-DB_V3/ARIS_OUTPUT/stage2b_assessor_redesign/step3_hmm/cache/lofo/globloo_PDB_8BGJ_1.hmm	globloo_PDB_8BGJ_1	globloo_PDB_8BGJ_1	305	166	AMBIGUOUS - NSEQ matches no known subset size	YES	none	7e073d2860ac54cc35ee4abd1f276332b9485fcf9b1aa5b13504092b4b5b7f26	PRIOR / AUDIT / COMPARATOR - not training truth for g4	prior model	profile HMMs found under the audited prior trees
/home/borg/RESEARCH-in-sleep-RETRON-DB_V3/ARIS_OUTPUT/stage2b_assessor_redesign/step3_hmm/cache/lofo/globloo_PDB_8UB7_1.hmm	globloo_PDB_8UB7_1	globloo_PDB_8UB7_1	305	166	AMBIGUOUS - NSEQ matches no known subset size	YES	none	a9bc9604e1ddebe4e21c055a6e9e5fefac4c25d4cf44317451eb8f1227d0758a	PRIOR / AUDIT / COMPARATOR - not training truth for g4	prior model	profile HMMs found under the audited prior trees
/home/borg/RESEARCH-in-sleep-RETRON-DB_V3/ARIS_OUTPUT/stage2b_assessor_redesign/step3_hmm/cache/lofo/globloo_PDB_9D4S_1.hmm	globloo_PDB_9D4S_1	globloo_PDB_9D4S_1	305	166	AMBIGUOUS - NSEQ matches no known subset size	YES	none	0275407e7afbcfd9560fe91c997d9fbeb1a3fcd9b2b36f0972417c5745d356bf	PRIOR / AUDIT / COMPARATOR - not training truth for g4	prior model	profile HMMs found under the audited prior trees
/home/borg/RESEARCH-in-sleep-RETRON-DB_V3/ARIS_OUTPUT/stage2b_assessor_redesign/step3_hmm/cache/lofo/globloo_PDB_9E8Z_3.hmm	globloo_PDB_9E8Z_3	globloo_PDB_9E8Z_3	305	166	AMBIGUOUS - NSEQ matches no known subset size	YES	none	81b1fb7ded957d649ae28c11ee747a81dd433d33af560a4884fb867649a4a37b	PRIOR / AUDIT / COMPARATOR - not training truth for g4	prior model	profile HMMs found under the audited prior trees
/home/borg/RESEARCH-in-sleep-RETRON-DB_V3/ARIS_OUTPUT/stage2b_assessor_redesign/step3_hmm/cache/lofo/globloo_PDB_9I2F_2.hmm	globloo_PDB_9I2F_2	globloo_PDB_9I2F_2	305	166	AMBIGUOUS - NSEQ matches no known subset size	YES	none	d61aec38b08abaa92d7ab26f624bc9deaf52499af268062cf0110af37a46a513	PRIOR / AUDIT / COMPARATOR - not training truth for g4	prior model	profile HMMs found under the audited prior trees
/home/borg/RESEARCH-in-sleep-RETRON-DB_V3/ARIS_OUTPUT/stage2b_assessor_redesign/step3_hmm/cache/lofo/globloo_PDB_9L7P_2.hmm	globloo_PDB_9L7P_2	globloo_PDB_9L7P_2	305	166	AMBIGUOUS - NSEQ matches no known subset size	YES	none	127f8d08f9a4d025e56f7791c6c51f815cf8fbe5feaf62af03e80b4c33ad8a4b	PRIOR / AUDIT / COMPARATOR - not training truth for g4	prior model	profile HMMs found under the audited prior trees
/home/borg/RESEARCH-in-sleep-RETRON-DB_V3/ARIS_OUTPUT/stage2b_assessor_redesign/step3_hmm/cache/lofo/globloo_PDB_9LJE_1.hmm	globloo_PDB_9LJE_1	globloo_PDB_9LJE_1	305	166	AMBIGUOUS - NSEQ matches no known subset size	YES	none	77b826fb114f0140445d41ee2e6d3dd56e3b3438a1e4c73dd9e1148dee03db97	PRIOR / AUDIT / COMPARATOR - not training truth for g4	prior model	profile HMMs found under the audited prior trees
/home/borg/RESEARCH-in-sleep-RETRON-DB_V3/ARIS_OUTPUT/stage2b_assessor_redesign/step3_hmm/cache/lofo/globloo_PDB_9N69_2.hmm	globloo_PDB_9N69_2	globloo_PDB_9N69_2	305	166	AMBIGUOUS - NSEQ matches no known subset size	YES	none	0e9f05c08d568796e3ae6a882cfb1f5ce3d2a4af0f8f2f4d20ac527e26c363ba	PRIOR / AUDIT / COMPARATOR - not training truth for g4	prior model	profile HMMs found under the audited prior trees
/home/borg/RESEARCH-in-sleep-RETRON-DB_V3/ARIS_OUTPUT/stage2b_assessor_redesign/step3_hmm/cache/lofo/globloo_PDB_9WY8_1.hmm	globloo_PDB_9WY8_1	globloo_PDB_9WY8_1	305	166	AMBIGUOUS - NSEQ matches no known subset size	YES	none	fff4cf710b20e23dd58abdd7a4e41fe0160df98dd5cfe0a985917dd5a1bca1e1	PRIOR / AUDIT / COMPARATOR - not training truth for g4	prior model	profile HMMs found under the audited prior trees
/home/borg/RESEARCH-in-sleep-RETRON-DB_V3/ARIS_OUTPUT/stage2b_assessor_redesign/step3_hmm/cache/lofo/globloo_PDB_9YFD_1.hmm	globloo_PDB_9YFD_1	globloo_PDB_9YFD_1	299	166	AMBIGUOUS - NSEQ matches no known subset size	YES	none	93830ba89c092d50bfa6d516c9bb699353fd9bfb8f68d63cc28f18436fed459c	PRIOR / AUDIT / COMPARATOR - not training truth for g4	prior model	profile HMMs found under the audited prior trees
/home/borg/RESEARCH-in-sleep-RETRON-DB_V3/ARIS_OUTPUT/stage2b_assessor_redesign/step3_hmm/cache/lofo/globloo_PDB_9Z6Z_1.hmm	globloo_PDB_9Z6Z_1	globloo_PDB_9Z6Z_1	305	166	AMBIGUOUS - NSEQ matches no known subset size	YES	none	d28703959de67675d820ff11071f17b0e0de0af0634a0ba17d6fb2e3178963c3	PRIOR / AUDIT / COMPARATOR - not training truth for g4	prior model	profile HMMs found under the audited prior trees
/home/borg/RESEARCH-in-sleep-RETRON-DB_V3/ARIS_OUTPUT/stage2b_assessor_redesign/step3_hmm/cache/lofo/globloo_PDB_9Z6Z_2.hmm	globloo_PDB_9Z6Z_2	globloo_PDB_9Z6Z_2	305	166	AMBIGUOUS - NSEQ matches no known subset size	YES	none	50099ae910e118a4658dc34bdc195b1d0830cc0928f53b8023d172d6cef44260	PRIOR / AUDIT / COMPARATOR - not training truth for g4	prior model	profile HMMs found under the audited prior trees
/home/borg/RESEARCH-in-sleep-RETRON-DB_V3/ARIS_OUTPUT/stage2b_assessor_redesign/step3_hmm/cache/lofo/globloo_RETRON_t1049.hmm	globloo_RETRON_t1049	globloo_RETRON_t1049	305	166	AMBIGUOUS - NSEQ matches no known subset size	YES	none	6dc9a326c0a4414070688b11d65f6b016525a33455bed69e451cba8fa43b0069	PRIOR / AUDIT / COMPARATOR - not training truth for g4	prior model	profile HMMs found under the audited prior trees
/home/borg/RESEARCH-in-sleep-RETRON-DB_V3/ARIS_OUTPUT/stage2b_assessor_redesign/step3_hmm/cache/lofo/globloo_RETRON_t1100.hmm	globloo_RETRON_t1100	globloo_RETRON_t1100	305	166	AMBIGUOUS - NSEQ matches no known subset size	YES	none	dc4f7df612202532c8debb5f978907493930b7ec1427da0f346a73376270d66d	PRIOR / AUDIT / COMPARATOR - not training truth for g4	prior model	profile HMMs found under the audited prior trees
/home/borg/RESEARCH-in-sleep-RETRON-DB_V3/ARIS_OUTPUT/stage2b_assessor_redesign/step3_hmm/cache/lofo/globloo_RETRON_t1143.hmm	globloo_RETRON_t1143	globloo_RETRON_t1143	305	166	AMBIGUOUS - NSEQ matches no known subset size	YES	none	3d73ba6e7ca2394609f8e75e43ffd760dffe4929a9f85fca3c9737c6eb89b852	PRIOR / AUDIT / COMPARATOR - not training truth for g4	prior model	profile HMMs found under the audited prior trees
/home/borg/RESEARCH-in-sleep-RETRON-DB_V3/ARIS_OUTPUT/stage2b_assessor_redesign/step3_hmm/cache/lofo/globloo_RETRON_t1163.hmm	globloo_RETRON_t1163	globloo_RETRON_t1163	305	166	AMBIGUOUS - NSEQ matches no known subset size	YES	none	0a84022f16c3045a020c43357dbe2567be1a2d0a0930e5248980d207168fc205	PRIOR / AUDIT / COMPARATOR - not training truth for g4	prior model	profile HMMs found under the audited prior trees
/home/borg/RESEARCH-in-sleep-RETRON-DB_V3/ARIS_OUTPUT/stage2b_assessor_redesign/step3_hmm/cache/lofo/globloo_RETRON_t1190.hmm	globloo_RETRON_t1190	globloo_RETRON_t1190	305	166	AMBIGUOUS - NSEQ matches no known subset size	YES	none	b2ed9336d64ca64ab078db01f78f5b41e76690698ce722e9cc2504ddedd31db3	PRIOR / AUDIT / COMPARATOR - not training truth for g4	prior model	profile HMMs found under the audited prior trees
/home/borg/RESEARCH-in-sleep-RETRON-DB_V3/ARIS_OUTPUT/stage2b_assessor_redesign/step3_hmm/cache/lofo/globloo_RETRON_t1195.hmm	globloo_RETRON_t1195	globloo_RETRON_t1195	305	166	AMBIGUOUS - NSEQ matches no known subset size	YES	none	1091ff3891f2e04fe1867fefb5c19d22ec0f83e626b7c04c7b5b82a02a557004	PRIOR / AUDIT / COMPARATOR - not training truth for g4	prior model	profile HMMs found under the audited prior trees
/home/borg/RESEARCH-in-sleep-RETRON-DB_V3/ARIS_OUTPUT/stage2b_assessor_redesign/step3_hmm/cache/lofo/globloo_RETRON_t1294.hmm	globloo_RETRON_t1294	globloo_RETRON_t1294	305	166	AMBIGUOUS - NSEQ matches no known subset size	YES	none	3f677c7f9d67c991bfcd885093c82da707d5197739f12fef81291be2532a42c1	PRIOR / AUDIT / COMPARATOR - not training truth for g4	prior model	profile HMMs found under the audited prior trees
/home/borg/RESEARCH-in-sleep-RETRON-DB_V3/ARIS_OUTPUT/stage2b_assessor_redesign/step3_hmm/cache/lofo/globloo_RETRON_t1323.hmm	globloo_RETRON_t1323	globloo_RETRON_t1323	305	166	AMBIGUOUS - NSEQ matches no known subset size	YES	none	4d39af4f9ff8d46d2a4d9e7b6cdfc64663af2531e0c234619c68299aa94dfdb0	PRIOR / AUDIT / COMPARATOR - not training truth for g4	prior model	profile HMMs found under the audited prior trees
/home/borg/RESEARCH-in-sleep-RETRON-DB_V3/ARIS_OUTPUT/stage2b_assessor_redesign/step3_hmm/cache/lofo/globloo_RETRON_t1352.hmm	globloo_RETRON_t1352	globloo_RETRON_t1352	305	166	AMBIGUOUS - NSEQ matches no known subset size	YES	none	8b3da5ce14fc90582d93dc567c724280d6fcf5d1ac16cd0c261eee4958bf29b7	PRIOR / AUDIT / COMPARATOR - not training truth for g4	prior model	profile HMMs found under the audited prior trees
/home/borg/RESEARCH-in-sleep-RETRON-DB_V3/ARIS_OUTPUT/stage2b_assessor_redesign/step3_hmm/cache/lofo/globloo_RETRON_t1353.hmm	globloo_RETRON_t1353	globloo_RETRON_t1353	305	166	AMBIGUOUS - NSEQ matches no known subset size	YES	none	7fb100317bd65864c4ea2d02cd86a39745207b704bfd646a517ad1b16944278a	PRIOR / AUDIT / COMPARATOR - not training truth for g4	prior model	profile HMMs found under the audited prior trees
/home/borg/RESEARCH-in-sleep-RETRON-DB_V3/ARIS_OUTPUT/stage2b_assessor_redesign/step3_hmm/cache/lofo/globloo_RETRON_t1374.hmm	globloo_RETRON_t1374	globloo_RETRON_t1374	305	166	AMBIGUOUS - NSEQ matches no known subset size	YES	none	1a68cc8c0006ead96469ab1e7f94f99909fe2f98f593aadaccd49df11fc36628	PRIOR / AUDIT / COMPARATOR - not training truth for g4	prior model	profile HMMs found under the audited prior trees
/home/borg/RESEARCH-in-sleep-RETRON-DB_V3/ARIS_OUTPUT/stage2b_assessor_redesign/step3_hmm/cache/lofo/globloo_RETRON_t1391.hmm	globloo_RETRON_t1391	globloo_RETRON_t1391	305	166	AMBIGUOUS - NSEQ matches no known subset size	YES	none	0840de04353fa3531012f68b45101eb877c1d06c08847e50b5494bd77ffb3e3b	PRIOR / AUDIT / COMPARATOR - not training truth for g4	prior model	profile HMMs found under the audited prior trees
/home/borg/RESEARCH-in-sleep-RETRON-DB_V3/ARIS_OUTPUT/stage2b_assessor_redesign/step3_hmm/cache/lofo/globloo_RETRON_t1421.hmm	globloo_RETRON_t1421	globloo_RETRON_t1421	305	166	AMBIGUOUS - NSEQ matches no known subset size	YES	none	7c74eeceffe60b1d36b806a7acb42027b8264aa820b69c7e003e3efd3c4efa72	PRIOR / AUDIT / COMPARATOR - not training truth for g4	prior model	profile HMMs found under the audited prior trees
/home/borg/RESEARCH-in-sleep-RETRON-DB_V3/ARIS_OUTPUT/stage2b_assessor_redesign/step3_hmm/cache/lofo/globloo_RETRON_t1422.hmm	globloo_RETRON_t1422	globloo_RETRON_t1422	305	166	AMBIGUOUS - NSEQ matches no known subset size	YES	none	0eefca78a7b1b520f53f880c06256473c411dfcac076ac2ba39f09e270d4847c	PRIOR / AUDIT / COMPARATOR - not training truth for g4	prior model	profile HMMs found under the audited prior trees
/home/borg/RESEARCH-in-sleep-RETRON-DB_V3/ARIS_OUTPUT/stage2b_assessor_redesign/step3_hmm/cache/lofo/globloo_RETRON_t1429.hmm	globloo_RETRON_t1429	globloo_RETRON_t1429	305	166	AMBIGUOUS - NSEQ matches no known subset size	YES	none	7f66c7320da45a46235d3fee34b0ac9cd1130e70cddd0efd3c58dae893406ff4	PRIOR / AUDIT / COMPARATOR - not training truth for g4	prior model	profile HMMs found under the audited prior trees
/home/borg/RESEARCH-in-sleep-RETRON-DB_V3/ARIS_OUTPUT/stage2b_assessor_redesign/step3_hmm/cache/lofo/globloo_RETRON_t1450.hmm	globloo_RETRON_t1450	globloo_RETRON_t1450	305	166	AMBIGUOUS - NSEQ matches no known subset size	YES	none	240c6c49f3cbe8ec0bbede223e73f56f0625179ed9b33ff6cd23d07b5a172032	PRIOR / AUDIT / COMPARATOR - not training truth for g4	prior model	profile HMMs found under the audited prior trees
/home/borg/RESEARCH-in-sleep-RETRON-DB_V3/ARIS_OUTPUT/stage2b_assessor_redesign/step3_hmm/cache/lofo/globloo_RETRON_t1453.hmm	globloo_RETRON_t1453	globloo_RETRON_t1453	305	166	AMBIGUOUS - NSEQ matches no known subset size	YES	none	a96c80b1ff0d13c42879719c7b304594637eb7e4ec7400ef9bb1fbd5431bb1f5	PRIOR / AUDIT / COMPARATOR - not training truth for g4	prior model	profile HMMs found under the audited prior trees
/home/borg/RESEARCH-in-sleep-RETRON-DB_V3/ARIS_OUTPUT/stage2b_assessor_redesign/step3_hmm/cache/lofo/globloo_RETRON_t1520.hmm	globloo_RETRON_t1520	globloo_RETRON_t1520	305	166	AMBIGUOUS - NSEQ matches no known subset size	YES	none	55737b2904eb1eee3896d4ef549e2ec4b14136b5b844c09a98107731a31eb2db	PRIOR / AUDIT / COMPARATOR - not training truth for g4	prior model	profile HMMs found under the audited prior trees
/home/borg/RESEARCH-in-sleep-RETRON-DB_V3/ARIS_OUTPUT/stage2b_assessor_redesign/step3_hmm/cache/lofo/globloo_RETRON_t1609.hmm	globloo_RETRON_t1609	globloo_RETRON_t1609	305	166	AMBIGUOUS - NSEQ matches no known subset size	YES	none	df13dc57bcf330b6cd99ca14b780ede95a2aaede15bb3e38fe2451e6d5935c9b	PRIOR / AUDIT / COMPARATOR - not training truth for g4	prior model	profile HMMs found under the audited prior trees
/home/borg/RESEARCH-in-sleep-RETRON-DB_V3/ARIS_OUTPUT/stage2b_assessor_redesign/step3_hmm/cache/lofo/globloo_RETRON_t161.hmm	globloo_RETRON_t161	globloo_RETRON_t161	305	166	AMBIGUOUS - NSEQ matches no known subset size	YES	none	375abc17102705f7c8d580c3191418a04a12149bd6e5c01c6fccd7a42d248054	PRIOR / AUDIT / COMPARATOR - not training truth for g4	prior model	profile HMMs found under the audited prior trees
/home/borg/RESEARCH-in-sleep-RETRON-DB_V3/ARIS_OUTPUT/stage2b_assessor_redesign/step3_hmm/cache/lofo/globloo_RETRON_t1673.hmm	globloo_RETRON_t1673	globloo_RETRON_t1673	305	166	AMBIGUOUS - NSEQ matches no known subset size	YES	none	92f217b863850b0c68e034c48f0a5c2385fb2abecaddd81bf5aff024bc1c5b26	PRIOR / AUDIT / COMPARATOR - not training truth for g4	prior model	profile HMMs found under the audited prior trees
/home/borg/RESEARCH-in-sleep-RETRON-DB_V3/ARIS_OUTPUT/stage2b_assessor_redesign/step3_hmm/cache/lofo/globloo_RETRON_t1687.hmm	globloo_RETRON_t1687	globloo_RETRON_t1687	305	166	AMBIGUOUS - NSEQ matches no known subset size	YES	none	3e3ba9257aa797cae9603a7b9191103dfbe4e46da2dcf63a386efcaba30856a0	PRIOR / AUDIT / COMPARATOR - not training truth for g4	prior model	profile HMMs found under the audited prior trees
/home/borg/RESEARCH-in-sleep-RETRON-DB_V3/ARIS_OUTPUT/stage2b_assessor_redesign/step3_hmm/cache/lofo/globloo_RETRON_t1703.hmm	globloo_RETRON_t1703	globloo_RETRON_t1703	305	166	AMBIGUOUS - NSEQ matches no known subset size	YES	none	59148110e9f65ad288e9b28007d2332b9937e01d5a0216fd507c8f7d960f6d3d	PRIOR / AUDIT / COMPARATOR - not training truth for g4	prior model	profile HMMs found under the audited prior trees
/home/borg/RESEARCH-in-sleep-RETRON-DB_V3/ARIS_OUTPUT/stage2b_assessor_redesign/step3_hmm/cache/lofo/globloo_RETRON_t1710.hmm	globloo_RETRON_t1710	globloo_RETRON_t1710	305	166	AMBIGUOUS - NSEQ matches no known subset size	YES	none	144770cc35860048cbbfb5b1f6e309c1c4a3e6e0099329020a1e39025f600d13	PRIOR / AUDIT / COMPARATOR - not training truth for g4	prior model	profile HMMs found under the audited prior trees
/home/borg/RESEARCH-in-sleep-RETRON-DB_V3/ARIS_OUTPUT/stage2b_assessor_redesign/step3_hmm/cache/lofo/globloo_RETRON_t1732.hmm	globloo_RETRON_t1732	globloo_RETRON_t1732	305	166	AMBIGUOUS - NSEQ matches no known subset size	YES	none	423c2fefe9cb56302a1ae109ee24725c0d4682973dfeb514cdb12a4f266b013d	PRIOR / AUDIT / COMPARATOR - not training truth for g4	prior model	profile HMMs found under the audited prior trees
/home/borg/RESEARCH-in-sleep-RETRON-DB_V3/ARIS_OUTPUT/stage2b_assessor_redesign/step3_hmm/cache/lofo/globloo_RETRON_t1894.hmm	globloo_RETRON_t1894	globloo_RETRON_t1894	305	166	AMBIGUOUS - NSEQ matches no known subset size	YES	none	3a30640755c39759541bb810ba8e543c1990757ffe467e390242dadf632bea7f	PRIOR / AUDIT / COMPARATOR - not training truth for g4	prior model	profile HMMs found under the audited prior trees
/home/borg/RESEARCH-in-sleep-RETRON-DB_V3/ARIS_OUTPUT/stage2b_assessor_redesign/step3_hmm/cache/lofo/globloo_RETRON_t1928.hmm	globloo_RETRON_t1928	globloo_RETRON_t1928	305	166	AMBIGUOUS - NSEQ matches no known subset size	YES	none	01dce8768bc572d8005f4cbdbea9c464e5131ce1718d6798e1077bb9850d4b4b	PRIOR / AUDIT / COMPARATOR - not training truth for g4	prior model	profile HMMs found under the audited prior trees
/home/borg/RESEARCH-in-sleep-RETRON-DB_V3/ARIS_OUTPUT/stage2b_assessor_redesign/step3_hmm/cache/lofo/globloo_RETRON_t208.hmm	globloo_RETRON_t208	globloo_RETRON_t208	305	166	AMBIGUOUS - NSEQ matches no known subset size	YES	none	5e1a249198685e60bb55212a776e6ea8479c465f989d04a81cb8b9a294bd6953	PRIOR / AUDIT / COMPARATOR - not training truth for g4	prior model	profile HMMs found under the audited prior trees
/home/borg/RESEARCH-in-sleep-RETRON-DB_V3/ARIS_OUTPUT/stage2b_assessor_redesign/step3_hmm/cache/lofo/globloo_RETRON_t257.hmm	globloo_RETRON_t257	globloo_RETRON_t257	305	166	AMBIGUOUS - NSEQ matches no known subset size	YES	none	13f571bd2af957d786aed8c1a7e6bde4b7f290b3c87b34372eca0423b50e867e	PRIOR / AUDIT / COMPARATOR - not training truth for g4	prior model	profile HMMs found under the audited prior trees
/home/borg/RESEARCH-in-sleep-RETRON-DB_V3/ARIS_OUTPUT/stage2b_assessor_redesign/step3_hmm/cache/lofo/globloo_RETRON_t290.hmm	globloo_RETRON_t290	globloo_RETRON_t290	305	166	AMBIGUOUS - NSEQ matches no known subset size	YES	none	66b26b0108a8f213501595e53848ae7a7af1795801b60d7d19268abea0e5d36f	PRIOR / AUDIT / COMPARATOR - not training truth for g4	prior model	profile HMMs found under the audited prior trees
/home/borg/RESEARCH-in-sleep-RETRON-DB_V3/ARIS_OUTPUT/stage2b_assessor_redesign/step3_hmm/cache/lofo/globloo_RETRON_t400.hmm	globloo_RETRON_t400	globloo_RETRON_t400	305	166	AMBIGUOUS - NSEQ matches no known subset size	YES	none	0141960a89b314e423823049dd26ed01ad325b578dabfb34d4eaaf6bf3b45885	PRIOR / AUDIT / COMPARATOR - not training truth for g4	prior model	profile HMMs found under the audited prior trees
/home/borg/RESEARCH-in-sleep-RETRON-DB_V3/ARIS_OUTPUT/stage2b_assessor_redesign/step3_hmm/cache/lofo/globloo_RETRON_t430.hmm	globloo_RETRON_t430	globloo_RETRON_t430	305	166	AMBIGUOUS - NSEQ matches no known subset size	YES	none	44e54e36548ac362131bb9544c63e51eef39ad0142d0923d119a9d593326c5e6	PRIOR / AUDIT / COMPARATOR - not training truth for g4	prior model	profile HMMs found under the audited prior trees
/home/borg/RESEARCH-in-sleep-RETRON-DB_V3/ARIS_OUTPUT/stage2b_assessor_redesign/step3_hmm/cache/lofo/globloo_RETRON_t443.hmm	globloo_RETRON_t443	globloo_RETRON_t443	305	166	AMBIGUOUS - NSEQ matches no known subset size	YES	none	94467da926a53a3fa9eda8f226d932be6bbce14c9f9fb9ebaee5615c9592d9cf	PRIOR / AUDIT / COMPARATOR - not training truth for g4	prior model	profile HMMs found under the audited prior trees
/home/borg/RESEARCH-in-sleep-RETRON-DB_V3/ARIS_OUTPUT/stage2b_assessor_redesign/step3_hmm/cache/lofo/globloo_RETRON_t482.hmm	globloo_RETRON_t482	globloo_RETRON_t482	305	166	AMBIGUOUS - NSEQ matches no known subset size	YES	none	ee4f9b397a38fd01a5a7562026de499bc4627aecdfb53a9c9caa60aed87c8114	PRIOR / AUDIT / COMPARATOR - not training truth for g4	prior model	profile HMMs found under the audited prior trees
/home/borg/RESEARCH-in-sleep-RETRON-DB_V3/ARIS_OUTPUT/stage2b_assessor_redesign/step3_hmm/cache/lofo/globloo_RETRON_t749.hmm	globloo_RETRON_t749	globloo_RETRON_t749	305	166	AMBIGUOUS - NSEQ matches no known subset size	YES	none	696e4003ea1ca9457d464b50eef66f9cf586867241c3eaac11aea63a1ecbe763	PRIOR / AUDIT / COMPARATOR - not training truth for g4	prior model	profile HMMs found under the audited prior trees
/home/borg/RESEARCH-in-sleep-RETRON-DB_V3/ARIS_OUTPUT/stage2b_assessor_redesign/step3_hmm/cache/lofo/globloo_RETRON_t803.hmm	globloo_RETRON_t803	globloo_RETRON_t803	305	166	AMBIGUOUS - NSEQ matches no known subset size	YES	none	dfb23231cb69224709b42f3acd21e22940a3f8192fe6f134958c1526418e0482	PRIOR / AUDIT / COMPARATOR - not training truth for g4	prior model	profile HMMs found under the audited prior trees
/home/borg/RESEARCH-in-sleep-RETRON-DB_V3/ARIS_OUTPUT/stage2b_assessor_redesign/step3_hmm/cache/lofo/globloo_RETRON_t808.hmm	globloo_RETRON_t808	globloo_RETRON_t808	305	166	AMBIGUOUS - NSEQ matches no known subset size	YES	none	346a7d84013938abb99b02c4e9e71694d3d07c1c4a8e35d309fea1b7e27a4601	PRIOR / AUDIT / COMPARATOR - not training truth for g4	prior model	profile HMMs found under the audited prior trees
/home/borg/RESEARCH-in-sleep-RETRON-DB_V3/ARIS_OUTPUT/stage2b_assessor_redesign/step3_hmm/cache/lofo/globloo_RETRON_t812.hmm	globloo_RETRON_t812	globloo_RETRON_t812	305	166	AMBIGUOUS - NSEQ matches no known subset size	YES	none	5e65b7a3e39cb2d3bf079bf1adf6be6feb6879e335984577f77782de2e553b5a	PRIOR / AUDIT / COMPARATOR - not training truth for g4	prior model	profile HMMs found under the audited prior trees
/home/borg/RESEARCH-in-sleep-RETRON-DB_V3/ARIS_OUTPUT/stage2b_assessor_redesign/step3_hmm/cache/lofo/globloo_RETRON_t815.hmm	globloo_RETRON_t815	globloo_RETRON_t815	305	166	AMBIGUOUS - NSEQ matches no known subset size	YES	none	f3b9d0b029b3230be4434f8d585870c3bf9d728b9a312a4373673a046eb6d7a7	PRIOR / AUDIT / COMPARATOR - not training truth for g4	prior model	profile HMMs found under the audited prior trees
/home/borg/RESEARCH-in-sleep-RETRON-DB_V3/ARIS_OUTPUT/stage2b_assessor_redesign/step3_hmm/cache/lofo/globloo_RETRON_t816.hmm	globloo_RETRON_t816	globloo_RETRON_t816	305	166	AMBIGUOUS - NSEQ matches no known subset size	YES	none	6d4a7639b883bb4be447f0a56eca7ec4c65b54361c56e4d78c40764366345ce6	PRIOR / AUDIT / COMPARATOR - not training truth for g4	prior model	profile HMMs found under the audited prior trees
/home/borg/RESEARCH-in-sleep-RETRON-DB_V3/ARIS_OUTPUT/stage2b_assessor_redesign/step3_hmm/cache/lofo/globloo_RETRON_t824.hmm	globloo_RETRON_t824	globloo_RETRON_t824	305	166	AMBIGUOUS - NSEQ matches no known subset size	YES	none	24302dc1f02b95250247e362f5abce2c79634d86c1c0d3d05a174fd5619bae7b	PRIOR / AUDIT / COMPARATOR - not training truth for g4	prior model	profile HMMs found under the audited prior trees
/home/borg/RESEARCH-in-sleep-RETRON-DB_V3/ARIS_OUTPUT/stage2b_assessor_redesign/step3_hmm/cache/lofo/globloo_RETRON_t953.hmm	globloo_RETRON_t953	globloo_RETRON_t953	305	166	AMBIGUOUS - NSEQ matches no known subset size	YES	none	1cdbb221c9c2d22c3c9071d7767fe4c271a20d105cf68bca63f18bd70c3beccd	PRIOR / AUDIT / COMPARATOR - not training truth for g4	prior model	profile HMMs found under the audited prior trees
/home/borg/RESEARCH-in-sleep-RETRON-DB_V3/ARIS_OUTPUT/stage2b_assessor_redesign/step3_hmm/cache/lofo/globloo_UNIPROT_F2K1V9.hmm	globloo_UNIPROT_F2K1V9	globloo_UNIPROT_F2K1V9	306	166	AMBIGUOUS - NSEQ matches no known subset size	YES	none	37899ff0836dc5a4d6b354ad9fa6b74a111982e657ec4bfbd1207b53fc9ab260	PRIOR / AUDIT / COMPARATOR - not training truth for g4	prior model	profile HMMs found under the audited prior trees
/home/borg/RESEARCH-in-sleep-RETRON-DB_V3/ARIS_OUTPUT/stage2b_assessor_redesign/step3_hmm/cache/lofo/globloo_UNIPROT_P0DV89.hmm	globloo_UNIPROT_P0DV89	globloo_UNIPROT_P0DV89	305	166	AMBIGUOUS - NSEQ matches no known subset size	YES	none	6069feb1f8790162e7f7b16cf6da42b4abbcc672a094bc4ea319dbc6b0b0e184	PRIOR / AUDIT / COMPARATOR - not training truth for g4	prior model	profile HMMs found under the audited prior trees
/home/borg/RESEARCH-in-sleep-RETRON-DB_V3/ARIS_OUTPUT/stage2b_assessor_redesign/step3_hmm/cache/lofo/globloo_UNIPROT_P0DV94.hmm	globloo_UNIPROT_P0DV94	globloo_UNIPROT_P0DV94	305	166	AMBIGUOUS - NSEQ matches no known subset size	YES	none	2b460fdef4617d39a47147bf44616f95b759c150c0f0a5ad90e6b3975d4423ae	PRIOR / AUDIT / COMPARATOR - not training truth for g4	prior model	profile HMMs found under the audited prior trees
/home/borg/RESEARCH-in-sleep-RETRON-DB_V3/ARIS_OUTPUT/stage2b_assessor_redesign/step3_hmm/cache/lofo/globloo_UNIPROT_P71276.hmm	globloo_UNIPROT_P71276	globloo_UNIPROT_P71276	305	166	AMBIGUOUS - NSEQ matches no known subset size	YES	none	e8d50ab28fbf812c6affb1265513787621fdeb64f4d424ebdaf249ef05d28227	PRIOR / AUDIT / COMPARATOR - not training truth for g4	prior model	profile HMMs found under the audited prior trees
/home/borg/RESEARCH-in-sleep-RETRON-DB_V3/ARIS_OUTPUT/stage2b_assessor_redesign/step3_hmm/cache/lofo/lofo_RVT-AbiK.hmm	lofo_RVT-AbiK	lofo_RVT-AbiK	305	162	AMBIGUOUS - NSEQ matches no known subset size	YES	none	89d0518d901570340e4035173d15a916f3838d20ab474cbd1241fe8c856897ac	PRIOR / AUDIT / COMPARATOR - not training truth for g4	prior model	profile HMMs found under the audited prior trees
/home/borg/RESEARCH-in-sleep-RETRON-DB_V3/ARIS_OUTPUT/stage2b_assessor_redesign/step3_hmm/cache/lofo/lofo_RVT-AbiP2.hmm	lofo_RVT-AbiP2	lofo_RVT-AbiP2	305	161	AMBIGUOUS - NSEQ matches no known subset size	YES	none	46ec65a05777a7e53fa6a43e2d21c14bdac5674283701f617de18ab0b1ce8eeb	PRIOR / AUDIT / COMPARATOR - not training truth for g4	prior model	profile HMMs found under the audited prior trees
/home/borg/RESEARCH-in-sleep-RETRON-DB_V3/ARIS_OUTPUT/stage2b_assessor_redesign/step3_hmm/cache/lofo/lofo_RVT-CRISPR.hmm	lofo_RVT-CRISPR	lofo_RVT-CRISPR	303	161	AMBIGUOUS - NSEQ matches no known subset size	YES	none	25068300b4eb5339504441bcbe953367cf1706b786202c82813d2686045a5d4d	PRIOR / AUDIT / COMPARATOR - not training truth for g4	prior model	profile HMMs found under the audited prior trees
/home/borg/RESEARCH-in-sleep-RETRON-DB_V3/ARIS_OUTPUT/stage2b_assessor_redesign/step3_hmm/cache/lofo/lofo_RVT-DGRs.hmm	lofo_RVT-DGRs	lofo_RVT-DGRs	305	162	AMBIGUOUS - NSEQ matches no known subset size	YES	none	499569333d5cd104efd8aa3da27bc0dc2c6a6da0ee445233f6908ce332353229	PRIOR / AUDIT / COMPARATOR - not training truth for g4	prior model	profile HMMs found under the audited prior trees
/home/borg/RESEARCH-in-sleep-RETRON-DB_V3/ARIS_OUTPUT/stage2b_assessor_redesign/step3_hmm/cache/lofo/lofo_RVT-G2L.hmm	lofo_RVT-G2L	lofo_RVT-G2L	305	164	AMBIGUOUS - NSEQ matches no known subset size	YES	none	3c43f8779bff10574c7e793b4707558de9bdbea84bda18e53bc668606e70bfcc	PRIOR / AUDIT / COMPARATOR - not training truth for g4	prior model	profile HMMs found under the audited prior trees
/home/borg/RESEARCH-in-sleep-RETRON-DB_V3/ARIS_OUTPUT/stage2b_assessor_redesign/step3_hmm/cache/lofo/lofo_RVT-G2L4.hmm	lofo_RVT-G2L4	lofo_RVT-G2L4	304	162	AMBIGUOUS - NSEQ matches no known subset size	YES	none	d5f70ed8b2eb58934f80dc0f58dc6fe74c49fbb9af064f9f41f590a47797e798	PRIOR / AUDIT / COMPARATOR - not training truth for g4	prior model	profile HMMs found under the audited prior trees
/home/borg/RESEARCH-in-sleep-RETRON-DB_V3/ARIS_OUTPUT/stage2b_assessor_redesign/step3_hmm/cache/lofo/lofo_RVT-UG1.hmm	lofo_RVT-UG1	lofo_RVT-UG1	299	163	AMBIGUOUS - NSEQ matches no known subset size	YES	none	1c617441eeffee8fce47a7eb24fae550bb5bd72235b0148baa63a9771a37c979	PRIOR / AUDIT / COMPARATOR - not training truth for g4	prior model	profile HMMs found under the audited prior trees
/home/borg/RESEARCH-in-sleep-RETRON-DB_V3/ARIS_OUTPUT/stage2b_assessor_redesign/step3_hmm/cache/lofo/lofo_RVT-UG10.hmm	lofo_RVT-UG10	lofo_RVT-UG10	305	165	AMBIGUOUS - NSEQ matches no known subset size	YES	none	0f4d1dfcc1f23fe36f867f4748d0a0f1190e3560f2e6e8fd61e6ff2fb40394a6	PRIOR / AUDIT / COMPARATOR - not training truth for g4	prior model	profile HMMs found under the audited prior trees
/home/borg/RESEARCH-in-sleep-RETRON-DB_V3/ARIS_OUTPUT/stage2b_assessor_redesign/step3_hmm/cache/lofo/lofo_RVT-UG11.hmm	lofo_RVT-UG11	lofo_RVT-UG11	305	165	AMBIGUOUS - NSEQ matches no known subset size	YES	none	853543cbad2112de6050b5233309d14782fc2124a1961f0c187586b0a73a4044	PRIOR / AUDIT / COMPARATOR - not training truth for g4	prior model	profile HMMs found under the audited prior trees
/home/borg/RESEARCH-in-sleep-RETRON-DB_V3/ARIS_OUTPUT/stage2b_assessor_redesign/step3_hmm/cache/lofo/lofo_RVT-UG12.hmm	lofo_RVT-UG12	lofo_RVT-UG12	305	160	AMBIGUOUS - NSEQ matches no known subset size	YES	none	164799444861f81093067bab01e02bbb523f57d0ab8b3b5c9817d1aa795e8716	PRIOR / AUDIT / COMPARATOR - not training truth for g4	prior model	profile HMMs found under the audited prior trees
/home/borg/RESEARCH-in-sleep-RETRON-DB_V3/ARIS_OUTPUT/stage2b_assessor_redesign/step3_hmm/cache/lofo/lofo_RVT-UG13.hmm	lofo_RVT-UG13	lofo_RVT-UG13	305	164	AMBIGUOUS - NSEQ matches no known subset size	YES	none	4c53806d8b60d796dc8d58dc4345f90150115879a832a761b4b7737c4d371182	PRIOR / AUDIT / COMPARATOR - not training truth for g4	prior model	profile HMMs found under the audited prior trees
/home/borg/RESEARCH-in-sleep-RETRON-DB_V3/ARIS_OUTPUT/stage2b_assessor_redesign/step3_hmm/cache/lofo/lofo_RVT-UG14.hmm	lofo_RVT-UG14	lofo_RVT-UG14	305	166	AMBIGUOUS - NSEQ matches no known subset size	YES	none	c205c8ca162b4cb1b8f08d0914e8b6c927121585293950f1ba187ef6cde9a528	PRIOR / AUDIT / COMPARATOR - not training truth for g4	prior model	profile HMMs found under the audited prior trees
/home/borg/RESEARCH-in-sleep-RETRON-DB_V3/ARIS_OUTPUT/stage2b_assessor_redesign/step3_hmm/cache/lofo/lofo_RVT-UG15.hmm	lofo_RVT-UG15	lofo_RVT-UG15	305	161	AMBIGUOUS - NSEQ matches no known subset size	YES	none	f72d1fc67278aafc46e07f55e70c16105d82df48e2ea457b58443f320ad2f37f	PRIOR / AUDIT / COMPARATOR - not training truth for g4	prior model	profile HMMs found under the audited prior trees
/home/borg/RESEARCH-in-sleep-RETRON-DB_V3/ARIS_OUTPUT/stage2b_assessor_redesign/step3_hmm/cache/lofo/lofo_RVT-UG16.hmm	lofo_RVT-UG16	lofo_RVT-UG16	305	164	AMBIGUOUS - NSEQ matches no known subset size	YES	none	0e86461e835deacd7e2120de0bdd9de62f55ec3efd724dfd06908b471d08cb68	PRIOR / AUDIT / COMPARATOR - not training truth for g4	prior model	profile HMMs found under the audited prior trees
/home/borg/RESEARCH-in-sleep-RETRON-DB_V3/ARIS_OUTPUT/stage2b_assessor_redesign/step3_hmm/cache/lofo/lofo_RVT-UG17.hmm	lofo_RVT-UG17	lofo_RVT-UG17	305	164	AMBIGUOUS - NSEQ matches no known subset size	YES	none	9ea23454ba686a098c4eac9fff631f265a91988adbe3ae1188fddf31904abc3f	PRIOR / AUDIT / COMPARATOR - not training truth for g4	prior model	profile HMMs found under the audited prior trees
/home/borg/RESEARCH-in-sleep-RETRON-DB_V3/ARIS_OUTPUT/stage2b_assessor_redesign/step3_hmm/cache/lofo/lofo_RVT-UG18.hmm	lofo_RVT-UG18	lofo_RVT-UG18	305	165	AMBIGUOUS - NSEQ matches no known subset size	YES	none	7ff70215d830e28e63f77b3a1529081eeaef4a5125659106a008c8fe260ce9ff	PRIOR / AUDIT / COMPARATOR - not training truth for g4	prior model	profile HMMs found under the audited prior trees
/home/borg/RESEARCH-in-sleep-RETRON-DB_V3/ARIS_OUTPUT/stage2b_assessor_redesign/step3_hmm/cache/lofo/lofo_RVT-UG19.hmm	lofo_RVT-UG19	lofo_RVT-UG19	305	164	AMBIGUOUS - NSEQ matches no known subset size	YES	none	6bbb94c69ecf140ffb278b3252efd863aba3b3d7fc2a686bebb50192a5ea6fa7	PRIOR / AUDIT / COMPARATOR - not training truth for g4	prior model	profile HMMs found under the audited prior trees
/home/borg/RESEARCH-in-sleep-RETRON-DB_V3/ARIS_OUTPUT/stage2b_assessor_redesign/step3_hmm/cache/lofo/lofo_RVT-UG2.hmm	lofo_RVT-UG2	lofo_RVT-UG2	305	162	AMBIGUOUS - NSEQ matches no known subset size	YES	none	dd4b1da5ef3e858a34ec4af7bd1fe0cb75705768c18ff192f27756f09b905dee	PRIOR / AUDIT / COMPARATOR - not training truth for g4	prior model	profile HMMs found under the audited prior trees
/home/borg/RESEARCH-in-sleep-RETRON-DB_V3/ARIS_OUTPUT/stage2b_assessor_redesign/step3_hmm/cache/lofo/lofo_RVT-UG20.hmm	lofo_RVT-UG20	lofo_RVT-UG20	305	164	AMBIGUOUS - NSEQ matches no known subset size	YES	none	65c87bdf92026397feb10b6b760941fd617f8dfc2cf28084bc2618254725898c	PRIOR / AUDIT / COMPARATOR - not training truth for g4	prior model	profile HMMs found under the audited prior trees
/home/borg/RESEARCH-in-sleep-RETRON-DB_V3/ARIS_OUTPUT/stage2b_assessor_redesign/step3_hmm/cache/lofo/lofo_RVT-UG21.hmm	lofo_RVT-UG21	lofo_RVT-UG21	305	165	AMBIGUOUS - NSEQ matches no known subset size	YES	none	5f01cb7cee2bf20a56b97709e1cd2169e99d808b1dfbc980acc20a1216a01504	PRIOR / AUDIT / COMPARATOR - not training truth for g4	prior model	profile HMMs found under the audited prior trees
/home/borg/RESEARCH-in-sleep-RETRON-DB_V3/ARIS_OUTPUT/stage2b_assessor_redesign/step3_hmm/cache/lofo/lofo_RVT-UG22.hmm	lofo_RVT-UG22	lofo_RVT-UG22	305	164	AMBIGUOUS - NSEQ matches no known subset size	YES	none	ffd54f59111b270655a62eb78e04e07cba73172c1fb4a1f8051c295d3a80c56e	PRIOR / AUDIT / COMPARATOR - not training truth for g4	prior model	profile HMMs found under the audited prior trees
/home/borg/RESEARCH-in-sleep-RETRON-DB_V3/ARIS_OUTPUT/stage2b_assessor_redesign/step3_hmm/cache/lofo/lofo_RVT-UG23.hmm	lofo_RVT-UG23	lofo_RVT-UG23	305	166	AMBIGUOUS - NSEQ matches no known subset size	YES	none	8d3a443c849d51b2a5f38f67fa3c0778b3ff20d98acbfe0c1afeec7f7217c32a	PRIOR / AUDIT / COMPARATOR - not training truth for g4	prior model	profile HMMs found under the audited prior trees
/home/borg/RESEARCH-in-sleep-RETRON-DB_V3/ARIS_OUTPUT/stage2b_assessor_redesign/step3_hmm/cache/lofo/lofo_RVT-UG24.hmm	lofo_RVT-UG24	lofo_RVT-UG24	305	166	AMBIGUOUS - NSEQ matches no known subset size	YES	none	ad9f8b0e357fb85176d03e59d02e16a76024fd2ebfa15c0cc36fe6dea84f2f6e	PRIOR / AUDIT / COMPARATOR - not training truth for g4	prior model	profile HMMs found under the audited prior trees
/home/borg/RESEARCH-in-sleep-RETRON-DB_V3/ARIS_OUTPUT/stage2b_assessor_redesign/step3_hmm/cache/lofo/lofo_RVT-UG25.hmm	lofo_RVT-UG25	lofo_RVT-UG25	305	165	AMBIGUOUS - NSEQ matches no known subset size	YES	none	f174bc640ab4e4a43aefdd0f5adeca1642601989205d288ac0c534a863e61b4f	PRIOR / AUDIT / COMPARATOR - not training truth for g4	prior model	profile HMMs found under the audited prior trees
/home/borg/RESEARCH-in-sleep-RETRON-DB_V3/ARIS_OUTPUT/stage2b_assessor_redesign/step3_hmm/cache/lofo/lofo_RVT-UG26.hmm	lofo_RVT-UG26	lofo_RVT-UG26	305	164	AMBIGUOUS - NSEQ matches no known subset size	YES	none	de70251be96f5f7a2a06246e906372e81892843bef02621c3fe91447ff3f39ad	PRIOR / AUDIT / COMPARATOR - not training truth for g4	prior model	profile HMMs found under the audited prior trees
/home/borg/RESEARCH-in-sleep-RETRON-DB_V3/ARIS_OUTPUT/stage2b_assessor_redesign/step3_hmm/cache/lofo/lofo_RVT-UG28.hmm	lofo_RVT-UG28	lofo_RVT-UG28	305	165	AMBIGUOUS - NSEQ matches no known subset size	YES	none	48a7aa2a7890cbeda79addd564be03d1d9c9e2a75a8f20ed704c74d970d88c6c	PRIOR / AUDIT / COMPARATOR - not training truth for g4	prior model	profile HMMs found under the audited prior trees
/home/borg/RESEARCH-in-sleep-RETRON-DB_V3/ARIS_OUTPUT/stage2b_assessor_redesign/step3_hmm/cache/lofo/lofo_RVT-UG28b.hmm	lofo_RVT-UG28b	lofo_RVT-UG28b	305	166	AMBIGUOUS - NSEQ matches no known subset size	YES	none	14ea433b62255e8c070806d706083a85147b958c200ba459317bf4531e8f3756	PRIOR / AUDIT / COMPARATOR - not training truth for g4	prior model	profile HMMs found under the audited prior trees
/home/borg/RESEARCH-in-sleep-RETRON-DB_V3/ARIS_OUTPUT/stage2b_assessor_redesign/step3_hmm/cache/lofo/lofo_RVT-UG3.hmm	lofo_RVT-UG3	lofo_RVT-UG3	305	164	AMBIGUOUS - NSEQ matches no known subset size	YES	none	40ba2ccaf53d6ce5a50ef84ec87d191c3891bb5ee5f33573a16ab230c0c1a1a4	PRIOR / AUDIT / COMPARATOR - not training truth for g4	prior model	profile HMMs found under the audited prior trees
/home/borg/RESEARCH-in-sleep-RETRON-DB_V3/ARIS_OUTPUT/stage2b_assessor_redesign/step3_hmm/cache/lofo/lofo_RVT-UG4.hmm	lofo_RVT-UG4	lofo_RVT-UG4	305	166	AMBIGUOUS - NSEQ matches no known subset size	YES	none	5f262bc8c4e3de96a124bc4b09abb8f75994e95e0773d8b336622bd44494d154	PRIOR / AUDIT / COMPARATOR - not training truth for g4	prior model	profile HMMs found under the audited prior trees
/home/borg/RESEARCH-in-sleep-RETRON-DB_V3/ARIS_OUTPUT/stage2b_assessor_redesign/step3_hmm/cache/lofo/lofo_RVT-UG5.hmm	lofo_RVT-UG5	lofo_RVT-UG5	305	164	AMBIGUOUS - NSEQ matches no known subset size	YES	none	ea174c0ec478576abd5f55e809ef3eb9e752de8def90d6155598ee430771c682	PRIOR / AUDIT / COMPARATOR - not training truth for g4	prior model	profile HMMs found under the audited prior trees
/home/borg/RESEARCH-in-sleep-RETRON-DB_V3/ARIS_OUTPUT/stage2b_assessor_redesign/step3_hmm/cache/lofo/lofo_RVT-UG6.hmm	lofo_RVT-UG6	lofo_RVT-UG6	305	164	AMBIGUOUS - NSEQ matches no known subset size	YES	none	38fbf54553a5580e6a8ef3ddbeb939d0bfc1c97361300c6a4114c59609cb7208	PRIOR / AUDIT / COMPARATOR - not training truth for g4	prior model	profile HMMs found under the audited prior trees
/home/borg/RESEARCH-in-sleep-RETRON-DB_V3/ARIS_OUTPUT/stage2b_assessor_redesign/step3_hmm/cache/lofo/lofo_RVT-UG7.hmm	lofo_RVT-UG7	lofo_RVT-UG7	305	165	AMBIGUOUS - NSEQ matches no known subset size	YES	none	ae01c0c0179773a602f9bd48274168f99b96abba27ea7b90dc14599a830d3d68	PRIOR / AUDIT / COMPARATOR - not training truth for g4	prior model	profile HMMs found under the audited prior trees
/home/borg/RESEARCH-in-sleep-RETRON-DB_V3/ARIS_OUTPUT/stage2b_assessor_redesign/step3_hmm/cache/lofo/lofo_RVT-UG8.hmm	lofo_RVT-UG8	lofo_RVT-UG8	305	159	AMBIGUOUS - NSEQ matches no known subset size	YES	none	d922cdbce290d718c8ea2ec6892c23ac980d0b5e3e1c1e1a62f4aa7a018301e3	PRIOR / AUDIT / COMPARATOR - not training truth for g4	prior model	profile HMMs found under the audited prior trees
/home/borg/RESEARCH-in-sleep-RETRON-DB_V3/ARIS_OUTPUT/stage2b_assessor_redesign/step3_hmm/cache/lofo/lofo_RVT-UG9.hmm	lofo_RVT-UG9	lofo_RVT-UG9	305	165	AMBIGUOUS - NSEQ matches no known subset size	YES	none	e71067e2dd0dd5919202e7edd237a2f9a47cc1a73858b2c58c213d125b19c80f	PRIOR / AUDIT / COMPARATOR - not training truth for g4	prior model	profile HMMs found under the audited prior trees
/home/borg/RESEARCH-in-sleep-RETRON-DB_V3/ARIS_OUTPUT/stage2b_assessor_redesign/step3_hmm/cache/lofo/perfam_RVT-AbiK_CAND_AbiK_16.hmm	perfam_RVT-AbiK_CAND_AbiK_16	perfam_RVT-AbiK_CAND_AbiK_16	315	4	AMBIGUOUS - NSEQ matches no known subset size	YES	none	096492d39003a6e569262913cf5da65b4466782e9f04afdfbca4f52967970429	PRIOR / AUDIT / COMPARATOR - not training truth for g4	prior model	profile HMMs found under the audited prior trees
/home/borg/RESEARCH-in-sleep-RETRON-DB_V3/ARIS_OUTPUT/stage2b_assessor_redesign/step3_hmm/cache/lofo/perfam_RVT-AbiK_CAND_AbiK_31.hmm	perfam_RVT-AbiK_CAND_AbiK_31	perfam_RVT-AbiK_CAND_AbiK_31	357	4	AMBIGUOUS - NSEQ matches no known subset size	YES	none	904e88c1f74c84bb0914cfd51aa27c78e2068ece4ec4e4bf02c08d67b422c457	PRIOR / AUDIT / COMPARATOR - not training truth for g4	prior model	profile HMMs found under the audited prior trees
/home/borg/RESEARCH-in-sleep-RETRON-DB_V3/ARIS_OUTPUT/stage2b_assessor_redesign/step3_hmm/cache/lofo/perfam_RVT-AbiK_CAND_AbiK_51.hmm	perfam_RVT-AbiK_CAND_AbiK_51	perfam_RVT-AbiK_CAND_AbiK_51	362	4	AMBIGUOUS - NSEQ matches no known subset size	YES	none	0b238e4bbf5061445b7ffcff815e7b7e2683092a9683499590a1460b23b0268f	PRIOR / AUDIT / COMPARATOR - not training truth for g4	prior model	profile HMMs found under the audited prior trees
/home/borg/RESEARCH-in-sleep-RETRON-DB_V3/ARIS_OUTPUT/stage2b_assessor_redesign/step3_hmm/cache/lofo/perfam_RVT-AbiK_CAND_AbiK_98.hmm	perfam_RVT-AbiK_CAND_AbiK_98	perfam_RVT-AbiK_CAND_AbiK_98	360	4	AMBIGUOUS - NSEQ matches no known subset size	YES	none	53f79936665d73a4e39bae0ac3c7f9c0e1ee3b1b5c3afce9960dd3edb57a9101	PRIOR / AUDIT / COMPARATOR - not training truth for g4	prior model	profile HMMs found under the audited prior trees
/home/borg/RESEARCH-in-sleep-RETRON-DB_V3/ARIS_OUTPUT/stage2b_assessor_redesign/step3_hmm/cache/lofo/perfam_RVT-AbiK_PDB_7R06_1.hmm	perfam_RVT-AbiK_PDB_7R06_1	perfam_RVT-AbiK_PDB_7R06_1	360	4	AMBIGUOUS - NSEQ matches no known subset size	YES	none	96559170ce593d243857b4670f06e9e287778ce95b27ac8bb57c671101d69024	PRIOR / AUDIT / COMPARATOR - not training truth for g4	prior model	profile HMMs found under the audited prior trees
/home/borg/RESEARCH-in-sleep-RETRON-DB_V3/ARIS_OUTPUT/stage2b_assessor_redesign/step3_hmm/cache/lofo/perfam_RVT-AbiP2_CAND_AbiP2_108.hmm	perfam_RVT-AbiP2_CAND_AbiP2_108	perfam_RVT-AbiP2_CAND_AbiP2_108	314	5	AMBIGUOUS - NSEQ matches no known subset size	YES	none	36621a73824700c02c5a1a8387652e8d64e54435dd60e5379a394bfdef7befdb	PRIOR / AUDIT / COMPARATOR - not training truth for g4	prior model	profile HMMs found under the audited prior trees
/home/borg/RESEARCH-in-sleep-RETRON-DB_V3/ARIS_OUTPUT/stage2b_assessor_redesign/step3_hmm/cache/lofo/perfam_RVT-AbiP2_CAND_AbiP2_172.hmm	perfam_RVT-AbiP2_CAND_AbiP2_172	perfam_RVT-AbiP2_CAND_AbiP2_172	327	5	AMBIGUOUS - NSEQ matches no known subset size	YES	none	db9e5b326d017d93c4b28e80f5af41410a4dd58930f56f6782322fe8d2d7b54d	PRIOR / AUDIT / COMPARATOR - not training truth for g4	prior model	profile HMMs found under the audited prior trees
/home/borg/RESEARCH-in-sleep-RETRON-DB_V3/ARIS_OUTPUT/stage2b_assessor_redesign/step3_hmm/cache/lofo/perfam_RVT-AbiP2_CAND_AbiP2_208.hmm	perfam_RVT-AbiP2_CAND_AbiP2_208	perfam_RVT-AbiP2_CAND_AbiP2_208	328	5	AMBIGUOUS - NSEQ matches no known subset size	YES	none	db30eb48af08e89578eca9e3a1d7a32abfcbb6ebcdceb48de5d4bd18be36438d	PRIOR / AUDIT / COMPARATOR - not training truth for g4	prior model	profile HMMs found under the audited prior trees
/home/borg/RESEARCH-in-sleep-RETRON-DB_V3/ARIS_OUTPUT/stage2b_assessor_redesign/step3_hmm/cache/lofo/perfam_RVT-AbiP2_CAND_AbiP2_270.hmm	perfam_RVT-AbiP2_CAND_AbiP2_270	perfam_RVT-AbiP2_CAND_AbiP2_270	325	5	AMBIGUOUS - NSEQ matches no known subset size	YES	none	5f62b7a61f688de5d575e58f1b272991791440cbe6967d02ac999a5798911ff4	PRIOR / AUDIT / COMPARATOR - not training truth for g4	prior model	profile HMMs found under the audited prior trees
/home/borg/RESEARCH-in-sleep-RETRON-DB_V3/ARIS_OUTPUT/stage2b_assessor_redesign/step3_hmm/cache/lofo/perfam_RVT-AbiP2_CAND_AbiP2_81.hmm	perfam_RVT-AbiP2_CAND_AbiP2_81	perfam_RVT-AbiP2_CAND_AbiP2_81	324	5	AMBIGUOUS - NSEQ matches no known subset size	YES	none	5b0d58a06310346bb9ac86a67ba814450bd6900e5b041e25894c9a19da0c62bf	PRIOR / AUDIT / COMPARATOR - not training truth for g4	prior model	profile HMMs found under the audited prior trees
/home/borg/RESEARCH-in-sleep-RETRON-DB_V3/ARIS_OUTPUT/stage2b_assessor_redesign/step3_hmm/cache/lofo/perfam_RVT-AbiP2_PDB_7R08_1.hmm	perfam_RVT-AbiP2_PDB_7R08_1	perfam_RVT-AbiP2_PDB_7R08_1	320	5	AMBIGUOUS - NSEQ matches no known subset size	YES	none	249c7736987f92f779fd3bf1708728643048b8f6acf080e08708006a200dfd29	PRIOR / AUDIT / COMPARATOR - not training truth for g4	prior model	profile HMMs found under the audited prior trees
/home/borg/RESEARCH-in-sleep-RETRON-DB_V3/ARIS_OUTPUT/stage2b_assessor_redesign/step3_hmm/cache/lofo/perfam_RVT-CRISPR_CAND_CRISPR_33.hmm	perfam_RVT-CRISPR_CAND_CRISPR_33	perfam_RVT-CRISPR_CAND_CRISPR_33	337	5	AMBIGUOUS - NSEQ matches no known subset size	YES	none	eb4e75f204a902f5fba86bde0fa1aee9c1e1c051cd131bf061f834e7a8cc4d91	PRIOR / AUDIT / COMPARATOR - not training truth for g4	prior model	profile HMMs found under the audited prior trees
/home/borg/RESEARCH-in-sleep-RETRON-DB_V3/ARIS_OUTPUT/stage2b_assessor_redesign/step3_hmm/cache/lofo/perfam_RVT-CRISPR_CAND_CRISPR_47.hmm	perfam_RVT-CRISPR_CAND_CRISPR_47	perfam_RVT-CRISPR_CAND_CRISPR_47	337	5	AMBIGUOUS - NSEQ matches no known subset size	YES	none	f084b999b4320c96a797a8c9becccc6b1cf592ac0ce50e94c05ae1d75cefbe8e	PRIOR / AUDIT / COMPARATOR - not training truth for g4	prior model	profile HMMs found under the audited prior trees
/home/borg/RESEARCH-in-sleep-RETRON-DB_V3/ARIS_OUTPUT/stage2b_assessor_redesign/step3_hmm/cache/lofo/perfam_RVT-CRISPR_CAND_CRISPR_58.hmm	perfam_RVT-CRISPR_CAND_CRISPR_58	perfam_RVT-CRISPR_CAND_CRISPR_58	340	5	AMBIGUOUS - NSEQ matches no known subset size	YES	none	70b5a1e9ab28fa3cfe7738f2dabe01bf327550e931fc85d34f3796466817cac2	PRIOR / AUDIT / COMPARATOR - not training truth for g4	prior model	profile HMMs found under the audited prior trees
/home/borg/RESEARCH-in-sleep-RETRON-DB_V3/ARIS_OUTPUT/stage2b_assessor_redesign/step3_hmm/cache/lofo/perfam_RVT-CRISPR_CAND_CRISPR_62.hmm	perfam_RVT-CRISPR_CAND_CRISPR_62	perfam_RVT-CRISPR_CAND_CRISPR_62	337	5	AMBIGUOUS - NSEQ matches no known subset size	YES	none	ede7674271a05048854720f59da50a9c6a28d9ee795f0d31add07a54ec76c20f	PRIOR / AUDIT / COMPARATOR - not training truth for g4	prior model	profile HMMs found under the audited prior trees
/home/borg/RESEARCH-in-sleep-RETRON-DB_V3/ARIS_OUTPUT/stage2b_assessor_redesign/step3_hmm/cache/lofo/perfam_RVT-CRISPR_PDB_7KFT_2.hmm	perfam_RVT-CRISPR_PDB_7KFT_2	perfam_RVT-CRISPR_PDB_7KFT_2	328	5	AMBIGUOUS - NSEQ matches no known subset size	YES	none	e360bb56071dd6cce725082dc924c07e119a6dc038f9b793d60e83a7fc4c0574	PRIOR / AUDIT / COMPARATOR - not training truth for g4	prior model	profile HMMs found under the audited prior trees
/home/borg/RESEARCH-in-sleep-RETRON-DB_V3/ARIS_OUTPUT/stage2b_assessor_redesign/step3_hmm/cache/lofo/perfam_RVT-CRISPR_UNIPROT_F2K1V9.hmm	perfam_RVT-CRISPR_UNIPROT_F2K1V9	perfam_RVT-CRISPR_UNIPROT_F2K1V9	340	5	AMBIGUOUS - NSEQ matches no known subset size	YES	none	4df273610cfc82c91e208f039830da67795c3b0c3f379b5ffbfed1a9920b2f28	PRIOR / AUDIT / COMPARATOR - not training truth for g4	prior model	profile HMMs found under the audited prior trees
/home/borg/RESEARCH-in-sleep-RETRON-DB_V3/ARIS_OUTPUT/stage2b_assessor_redesign/step3_hmm/cache/lofo/perfam_RVT-DGRs_CAND_DGRs_11.hmm	perfam_RVT-DGRs_CAND_DGRs_11	perfam_RVT-DGRs_CAND_DGRs_11	303	4	AMBIGUOUS - NSEQ matches no known subset size	YES	none	d38483dbf223dc47559aa64050e29230371792ae24c0d80f263a3f45e736cba9	PRIOR / AUDIT / COMPARATOR - not training truth for g4	prior model	profile HMMs found under the audited prior trees
/home/borg/RESEARCH-in-sleep-RETRON-DB_V3/ARIS_OUTPUT/stage2b_assessor_redesign/step3_hmm/cache/lofo/perfam_RVT-DGRs_CAND_DGRs_4.hmm	perfam_RVT-DGRs_CAND_DGRs_4	perfam_RVT-DGRs_CAND_DGRs_4	306	4	AMBIGUOUS - NSEQ matches no known subset size	YES	none	04a8ccb9a901156dd421def187ffde7fef418c4fb34b370e3954fc89979fb05a	PRIOR / AUDIT / COMPARATOR - not training truth for g4	prior model	profile HMMs found under the audited prior trees
/home/borg/RESEARCH-in-sleep-RETRON-DB_V3/ARIS_OUTPUT/stage2b_assessor_redesign/step3_hmm/cache/lofo/perfam_RVT-DGRs_CAND_DGRs_6.hmm	perfam_RVT-DGRs_CAND_DGRs_6	perfam_RVT-DGRs_CAND_DGRs_6	305	4	AMBIGUOUS - NSEQ matches no known subset size	YES	none	a35fc1d5c58734f784e30c76cd8fd25758a5d1aa929b4f7da9cfccf6def600a4	PRIOR / AUDIT / COMPARATOR - not training truth for g4	prior model	profile HMMs found under the audited prior trees
/home/borg/RESEARCH-in-sleep-RETRON-DB_V3/ARIS_OUTPUT/stage2b_assessor_redesign/step3_hmm/cache/lofo/perfam_RVT-DGRs_CAND_DGRs_9.hmm	perfam_RVT-DGRs_CAND_DGRs_9	perfam_RVT-DGRs_CAND_DGRs_9	304	4	AMBIGUOUS - NSEQ matches no known subset size	YES	none	12d334e1d8bfdea1a136b0769565143675ac39bfdc411db32b8cc7983f43ccbb	PRIOR / AUDIT / COMPARATOR - not training truth for g4	prior model	profile HMMs found under the audited prior trees
/home/borg/RESEARCH-in-sleep-RETRON-DB_V3/ARIS_OUTPUT/stage2b_assessor_redesign/step3_hmm/cache/lofo/perfam_RVT-DGRs_PDB_8UB7_1.hmm	perfam_RVT-DGRs_PDB_8UB7_1	perfam_RVT-DGRs_PDB_8UB7_1	334	4	AMBIGUOUS - NSEQ matches no known subset size	YES	none	02892539b064178983d43746e92efd6ae4b3922cc279e0f3cb15bee207de4285	PRIOR / AUDIT / COMPARATOR - not training truth for g4	prior model	profile HMMs found under the audited prior trees
/home/borg/RESEARCH-in-sleep-RETRON-DB_V3/ARIS_OUTPUT/stage2b_assessor_redesign/step3_hmm/cache/lofo/perfam_RVT-G2L4_CAND_G2L4_1.hmm	perfam_RVT-G2L4_CAND_G2L4_1	perfam_RVT-G2L4_CAND_G2L4_1	320	4	AMBIGUOUS - NSEQ matches no known subset size	YES	none	bebb2d080788015162f356b14e523d04ff3c4b469660df3b1233a27408af5c71	PRIOR / AUDIT / COMPARATOR - not training truth for g4	prior model	profile HMMs found under the audited prior trees
/home/borg/RESEARCH-in-sleep-RETRON-DB_V3/ARIS_OUTPUT/stage2b_assessor_redesign/step3_hmm/cache/lofo/perfam_RVT-G2L4_CAND_G2L4_4.hmm	perfam_RVT-G2L4_CAND_G2L4_4	perfam_RVT-G2L4_CAND_G2L4_4	321	4	AMBIGUOUS - NSEQ matches no known subset size	YES	none	9074e92a73eea65854c24c0f05adb03adc4647cd86f67f2413317bb334b0905a	PRIOR / AUDIT / COMPARATOR - not training truth for g4	prior model	profile HMMs found under the audited prior trees
/home/borg/RESEARCH-in-sleep-RETRON-DB_V3/ARIS_OUTPUT/stage2b_assessor_redesign/step3_hmm/cache/lofo/perfam_RVT-G2L4_CAND_G2L4_5.hmm	perfam_RVT-G2L4_CAND_G2L4_5	perfam_RVT-G2L4_CAND_G2L4_5	317	4	AMBIGUOUS - NSEQ matches no known subset size	YES	none	df849bf981ceed372661ec47b5cc962767b4a00170546e448c69aeb1a3f046cc	PRIOR / AUDIT / COMPARATOR - not training truth for g4	prior model	profile HMMs found under the audited prior trees
/home/borg/RESEARCH-in-sleep-RETRON-DB_V3/ARIS_OUTPUT/stage2b_assessor_redesign/step3_hmm/cache/lofo/perfam_RVT-G2L4_CAND_G2L4_68.hmm	perfam_RVT-G2L4_CAND_G2L4_68	perfam_RVT-G2L4_CAND_G2L4_68	320	4	AMBIGUOUS - NSEQ matches no known subset size	YES	none	41fbdf99508db781c1700f96152f998b5098f2af45dd884c1116d60b0d726115	PRIOR / AUDIT / COMPARATOR - not training truth for g4	prior model	profile HMMs found under the audited prior trees
/home/borg/RESEARCH-in-sleep-RETRON-DB_V3/ARIS_OUTPUT/stage2b_assessor_redesign/step3_hmm/cache/lofo/perfam_RVT-G2L4_PDB_9D4S_1.hmm	perfam_RVT-G2L4_PDB_9D4S_1	perfam_RVT-G2L4_PDB_9D4S_1	320	4	AMBIGUOUS - NSEQ matches no known subset size	YES	none	5ce170f481f2ad9aff3aa7e8d55195484d2b7937e110a199bd6f0df3f45823f6	PRIOR / AUDIT / COMPARATOR - not training truth for g4	prior model	profile HMMs found under the audited prior trees
/home/borg/RESEARCH-in-sleep-RETRON-DB_V3/ARIS_OUTPUT/stage2b_assessor_redesign/step3_hmm/cache/lofo/perfam_RVT-G2L_CAND_G2L_57.hmm	perfam_RVT-G2L_CAND_G2L_57	perfam_RVT-G2L_CAND_G2L_57	320	2	AMBIGUOUS - NSEQ matches no known subset size	YES	none	f30f1e81fe61f91b381a715d04acea272071bbf52bb605831b089dc51f2ef3ed	PRIOR / AUDIT / COMPARATOR - not training truth for g4	prior model	profile HMMs found under the audited prior trees
/home/borg/RESEARCH-in-sleep-RETRON-DB_V3/ARIS_OUTPUT/stage2b_assessor_redesign/step3_hmm/cache/lofo/perfam_RVT-G2L_CAND_G2L_87.hmm	perfam_RVT-G2L_CAND_G2L_87	perfam_RVT-G2L_CAND_G2L_87	385	2	AMBIGUOUS - NSEQ matches no known subset size	YES	none	298b7dd7df7404b3013abad66988b353f83a570fb7fd3b312ec3d33f61d57fc9	PRIOR / AUDIT / COMPARATOR - not training truth for g4	prior model	profile HMMs found under the audited prior trees
/home/borg/RESEARCH-in-sleep-RETRON-DB_V3/ARIS_OUTPUT/stage2b_assessor_redesign/step3_hmm/cache/lofo/perfam_RVT-G2L_PDB_6AR1_1.hmm	perfam_RVT-G2L_PDB_6AR1_1	perfam_RVT-G2L_PDB_6AR1_1	404	2	AMBIGUOUS - NSEQ matches no known subset size	YES	none	6c0ba797effb8c6995aac1a0e21e27951d336100bbf4e71de71edac51a797ada	PRIOR / AUDIT / COMPARATOR - not training truth for g4	prior model	profile HMMs found under the audited prior trees
/home/borg/RESEARCH-in-sleep-RETRON-DB_V3/ARIS_OUTPUT/stage2b_assessor_redesign/step3_hmm/cache/lofo/perfam_RVT-GII_PDB_5G2X_3.hmm	perfam_RVT-GII_PDB_5G2X_3	perfam_RVT-GII_PDB_5G2X_3	288	3	AMBIGUOUS - NSEQ matches no known subset size	YES	none	7b336f0aa1eeb20a434fe220d1cebac42450262f5503c51060c41dc6753b8600	PRIOR / AUDIT / COMPARATOR - not training truth for g4	prior model	profile HMMs found under the audited prior trees
/home/borg/RESEARCH-in-sleep-RETRON-DB_V3/ARIS_OUTPUT/stage2b_assessor_redesign/step3_hmm/cache/lofo/perfam_RVT-GII_PDB_5HHJ_1.hmm	perfam_RVT-GII_PDB_5HHJ_1	perfam_RVT-GII_PDB_5HHJ_1	303	3	AMBIGUOUS - NSEQ matches no known subset size	YES	none	c68ae4edaadc94c8277895d43707eaafdf425d8aeac3bb377c40880fa3217ac9	PRIOR / AUDIT / COMPARATOR - not training truth for g4	prior model	profile HMMs found under the audited prior trees
/home/borg/RESEARCH-in-sleep-RETRON-DB_V3/ARIS_OUTPUT/stage2b_assessor_redesign/step3_hmm/cache/lofo/perfam_RVT-GII_PDB_5HHL_1.hmm	perfam_RVT-GII_PDB_5HHL_1	perfam_RVT-GII_PDB_5HHL_1	304	3	AMBIGUOUS - NSEQ matches no known subset size	YES	none	34806e29f9a6f5a3dbead3a29510e7c176ccbbcf90e35852a429c6818c9f1f40	PRIOR / AUDIT / COMPARATOR - not training truth for g4	prior model	profile HMMs found under the audited prior trees
/home/borg/RESEARCH-in-sleep-RETRON-DB_V3/ARIS_OUTPUT/stage2b_assessor_redesign/step3_hmm/cache/lofo/perfam_RVT-GII_PDB_6ME0_3.hmm	perfam_RVT-GII_PDB_6ME0_3	perfam_RVT-GII_PDB_6ME0_3	292	3	AMBIGUOUS - NSEQ matches no known subset size	YES	none	d98feaf2ac40c28e3ce956e11f296aa9bb81bd9245f6b1927c274f6eb779194b	PRIOR / AUDIT / COMPARATOR - not training truth for g4	prior model	profile HMMs found under the audited prior trees
/home/borg/RESEARCH-in-sleep-RETRON-DB_V3/ARIS_OUTPUT/stage2b_assessor_redesign/step3_hmm/cache/lofo/perfam_RVT-Retrons_PDB_23OR_1.hmm	perfam_RVT-Retrons_PDB_23OR_1	perfam_RVT-Retrons_PDB_23OR_1	259	50	AMBIGUOUS - NSEQ matches no known subset size	YES	none	f8a8e174c2b5787027c4a4527eb6945e9c14e4cf1308df140dd771ea4d30ac57	PRIOR / AUDIT / COMPARATOR - not training truth for g4	prior model	profile HMMs found under the audited prior trees
/home/borg/RESEARCH-in-sleep-RETRON-DB_V3/ARIS_OUTPUT/stage2b_assessor_redesign/step3_hmm/cache/lofo/perfam_RVT-Retrons_PDB_7V9U_1.hmm	perfam_RVT-Retrons_PDB_7V9U_1	perfam_RVT-Retrons_PDB_7V9U_1	261	50	AMBIGUOUS - NSEQ matches no known subset size	YES	none	3ed336d957d01d57ed432556d5293046f984fbf806544244f88165feab148d02	PRIOR / AUDIT / COMPARATOR - not training truth for g4	prior model	profile HMMs found under the audited prior trees
/home/borg/RESEARCH-in-sleep-RETRON-DB_V3/ARIS_OUTPUT/stage2b_assessor_redesign/step3_hmm/cache/lofo/perfam_RVT-Retrons_PDB_9E8Z_3.hmm	perfam_RVT-Retrons_PDB_9E8Z_3	perfam_RVT-Retrons_PDB_9E8Z_3	261	50	AMBIGUOUS - NSEQ matches no known subset size	YES	none	9f95fd26a52bc26725d2f59bfa57e465753e07783c5b1eb33c8eed674b0dc147	PRIOR / AUDIT / COMPARATOR - not training truth for g4	prior model	profile HMMs found under the audited prior trees
/home/borg/RESEARCH-in-sleep-RETRON-DB_V3/ARIS_OUTPUT/stage2b_assessor_redesign/step3_hmm/cache/lofo/perfam_RVT-Retrons_PDB_9I2F_2.hmm	perfam_RVT-Retrons_PDB_9I2F_2	perfam_RVT-Retrons_PDB_9I2F_2	259	50	AMBIGUOUS - NSEQ matches no known subset size	YES	none	b2e86418478a6073d861fd908e4b7d7f769acaa827be6fe495121bc675600437	PRIOR / AUDIT / COMPARATOR - not training truth for g4	prior model	profile HMMs found under the audited prior trees
/home/borg/RESEARCH-in-sleep-RETRON-DB_V3/ARIS_OUTPUT/stage2b_assessor_redesign/step3_hmm/cache/lofo/perfam_RVT-Retrons_PDB_9L7P_2.hmm	perfam_RVT-Retrons_PDB_9L7P_2	perfam_RVT-Retrons_PDB_9L7P_2	261	50	AMBIGUOUS - NSEQ matches no known subset size	YES	none	a986805bcb06e4bd09914074f539c254efe0055625e468c5552fa28ec76650d5	PRIOR / AUDIT / COMPARATOR - not training truth for g4	prior model	profile HMMs found under the audited prior trees
/home/borg/RESEARCH-in-sleep-RETRON-DB_V3/ARIS_OUTPUT/stage2b_assessor_redesign/step3_hmm/cache/lofo/perfam_RVT-Retrons_PDB_9N69_2.hmm	perfam_RVT-Retrons_PDB_9N69_2	perfam_RVT-Retrons_PDB_9N69_2	261	50	AMBIGUOUS - NSEQ matches no known subset size	YES	none	bc20e7be2050f935f34c26646d4f94700c650b0e85c38759c6c52ab4c474d98f	PRIOR / AUDIT / COMPARATOR - not training truth for g4	prior model	profile HMMs found under the audited prior trees
/home/borg/RESEARCH-in-sleep-RETRON-DB_V3/ARIS_OUTPUT/stage2b_assessor_redesign/step3_hmm/cache/lofo/perfam_RVT-Retrons_RETRON_t1049.hmm	perfam_RVT-Retrons_RETRON_t1049	perfam_RVT-Retrons_RETRON_t1049	259	50	AMBIGUOUS - NSEQ matches no known subset size	YES	none	ac652b8e4da6ca27e0eff01a8c04ad6c48fe8be8656f245d050009f754465fd9	PRIOR / AUDIT / COMPARATOR - not training truth for g4	prior model	profile HMMs found under the audited prior trees
/home/borg/RESEARCH-in-sleep-RETRON-DB_V3/ARIS_OUTPUT/stage2b_assessor_redesign/step3_hmm/cache/lofo/perfam_RVT-Retrons_RETRON_t1100.hmm	perfam_RVT-Retrons_RETRON_t1100	perfam_RVT-Retrons_RETRON_t1100	259	50	AMBIGUOUS - NSEQ matches no known subset size	YES	none	44e01a02f30b7cd0df53381ceb07c096a57b15f9fceb0cd9851b31cdb568f89d	PRIOR / AUDIT / COMPARATOR - not training truth for g4	prior model	profile HMMs found under the audited prior trees
/home/borg/RESEARCH-in-sleep-RETRON-DB_V3/ARIS_OUTPUT/stage2b_assessor_redesign/step3_hmm/cache/lofo/perfam_RVT-Retrons_RETRON_t1143.hmm	perfam_RVT-Retrons_RETRON_t1143	perfam_RVT-Retrons_RETRON_t1143	259	50	AMBIGUOUS - NSEQ matches no known subset size	YES	none	beb01ddfa7c269f26f1eac57b3f9df99be6da5784425824966232c9ecce0b521	PRIOR / AUDIT / COMPARATOR - not training truth for g4	prior model	profile HMMs found under the audited prior trees
/home/borg/RESEARCH-in-sleep-RETRON-DB_V3/ARIS_OUTPUT/stage2b_assessor_redesign/step3_hmm/cache/lofo/perfam_RVT-Retrons_RETRON_t1163.hmm	perfam_RVT-Retrons_RETRON_t1163	perfam_RVT-Retrons_RETRON_t1163	259	50	AMBIGUOUS - NSEQ matches no known subset size	YES	none	2e2c39587751703ce6617ae9984c66d0c26161a745cc2e222e665b56a5fb17eb	PRIOR / AUDIT / COMPARATOR - not training truth for g4	prior model	profile HMMs found under the audited prior trees
/home/borg/RESEARCH-in-sleep-RETRON-DB_V3/ARIS_OUTPUT/stage2b_assessor_redesign/step3_hmm/cache/lofo/perfam_RVT-Retrons_RETRON_t1190.hmm	perfam_RVT-Retrons_RETRON_t1190	perfam_RVT-Retrons_RETRON_t1190	261	50	AMBIGUOUS - NSEQ matches no known subset size	YES	none	cc31b2773b6c34774ae82cc8f7c091705f38cc4485cc4d36376e75bcee435c9a	PRIOR / AUDIT / COMPARATOR - not training truth for g4	prior model	profile HMMs found under the audited prior trees
/home/borg/RESEARCH-in-sleep-RETRON-DB_V3/ARIS_OUTPUT/stage2b_assessor_redesign/step3_hmm/cache/lofo/perfam_RVT-Retrons_RETRON_t1195.hmm	perfam_RVT-Retrons_RETRON_t1195	perfam_RVT-Retrons_RETRON_t1195	259	50	AMBIGUOUS - NSEQ matches no known subset size	YES	none	aaf6c15e48687f1399c11bad12765976ad4ea9afa656603566a88391ab7dca05	PRIOR / AUDIT / COMPARATOR - not training truth for g4	prior model	profile HMMs found under the audited prior trees
/home/borg/RESEARCH-in-sleep-RETRON-DB_V3/ARIS_OUTPUT/stage2b_assessor_redesign/step3_hmm/cache/lofo/perfam_RVT-Retrons_RETRON_t1294.hmm	perfam_RVT-Retrons_RETRON_t1294	perfam_RVT-Retrons_RETRON_t1294	259	50	AMBIGUOUS - NSEQ matches no known subset size	YES	none	6d2d1d6214441850143d8f475cacb094537f2c7ccbb25eb3db915dd70cf4cbdf	PRIOR / AUDIT / COMPARATOR - not training truth for g4	prior model	profile HMMs found under the audited prior trees
/home/borg/RESEARCH-in-sleep-RETRON-DB_V3/ARIS_OUTPUT/stage2b_assessor_redesign/step3_hmm/cache/lofo/perfam_RVT-Retrons_RETRON_t1323.hmm	perfam_RVT-Retrons_RETRON_t1323	perfam_RVT-Retrons_RETRON_t1323	259	50	AMBIGUOUS - NSEQ matches no known subset size	YES	none	ae57c518c58ae4c7032cf31649e6a0b20920f5b69bef4e4db75d4c2c3ed70262	PRIOR / AUDIT / COMPARATOR - not training truth for g4	prior model	profile HMMs found under the audited prior trees
/home/borg/RESEARCH-in-sleep-RETRON-DB_V3/ARIS_OUTPUT/stage2b_assessor_redesign/step3_hmm/cache/lofo/perfam_RVT-Retrons_RETRON_t1352.hmm	perfam_RVT-Retrons_RETRON_t1352	perfam_RVT-Retrons_RETRON_t1352	259	50	AMBIGUOUS - NSEQ matches no known subset size	YES	none	c72af4194ff5b3b90357dba397156e559b32c689a4d52cbcefc7f540f23c4a90	PRIOR / AUDIT / COMPARATOR - not training truth for g4	prior model	profile HMMs found under the audited prior trees
/home/borg/RESEARCH-in-sleep-RETRON-DB_V3/ARIS_OUTPUT/stage2b_assessor_redesign/step3_hmm/cache/lofo/perfam_RVT-Retrons_RETRON_t1353.hmm	perfam_RVT-Retrons_RETRON_t1353	perfam_RVT-Retrons_RETRON_t1353	259	50	AMBIGUOUS - NSEQ matches no known subset size	YES	none	02fbbbb6c6403e8ab1da67f377c4853569e9cc38a723490f62a98cb728ea6f32	PRIOR / AUDIT / COMPARATOR - not training truth for g4	prior model	profile HMMs found under the audited prior trees
/home/borg/RESEARCH-in-sleep-RETRON-DB_V3/ARIS_OUTPUT/stage2b_assessor_redesign/step3_hmm/cache/lofo/perfam_RVT-Retrons_RETRON_t1374.hmm	perfam_RVT-Retrons_RETRON_t1374	perfam_RVT-Retrons_RETRON_t1374	259	50	AMBIGUOUS - NSEQ matches no known subset size	YES	none	694f94917215c3ea23c119a3b0067ce6da67989465261cf1a6d5e5d0d9450ed5	PRIOR / AUDIT / COMPARATOR - not training truth for g4	prior model	profile HMMs found under the audited prior trees
/home/borg/RESEARCH-in-sleep-RETRON-DB_V3/ARIS_OUTPUT/stage2b_assessor_redesign/step3_hmm/cache/lofo/perfam_RVT-Retrons_RETRON_t1391.hmm	perfam_RVT-Retrons_RETRON_t1391	perfam_RVT-Retrons_RETRON_t1391	259	50	AMBIGUOUS - NSEQ matches no known subset size	YES	none	fa1d0e4a985f9c1855f32f97f74f3b224144185c04e57867d85670329e6bec66	PRIOR / AUDIT / COMPARATOR - not training truth for g4	prior model	profile HMMs found under the audited prior trees
/home/borg/RESEARCH-in-sleep-RETRON-DB_V3/ARIS_OUTPUT/stage2b_assessor_redesign/step3_hmm/cache/lofo/perfam_RVT-Retrons_RETRON_t1421.hmm	perfam_RVT-Retrons_RETRON_t1421	perfam_RVT-Retrons_RETRON_t1421	259	50	AMBIGUOUS - NSEQ matches no known subset size	YES	none	abf9cf7bb2634aa9eb0f7cbc024abb9e3d886c748ca74f5d02e20cd6d601bcb7	PRIOR / AUDIT / COMPARATOR - not training truth for g4	prior model	profile HMMs found under the audited prior trees
/home/borg/RESEARCH-in-sleep-RETRON-DB_V3/ARIS_OUTPUT/stage2b_assessor_redesign/step3_hmm/cache/lofo/perfam_RVT-Retrons_RETRON_t1422.hmm	perfam_RVT-Retrons_RETRON_t1422	perfam_RVT-Retrons_RETRON_t1422	259	50	AMBIGUOUS - NSEQ matches no known subset size	YES	none	52f1ad989a9de68d22f742f650064a19c54e4b35bdce9f5675599b70eda57485	PRIOR / AUDIT / COMPARATOR - not training truth for g4	prior model	profile HMMs found under the audited prior trees
/home/borg/RESEARCH-in-sleep-RETRON-DB_V3/ARIS_OUTPUT/stage2b_assessor_redesign/step3_hmm/cache/lofo/perfam_RVT-Retrons_RETRON_t1429.hmm	perfam_RVT-Retrons_RETRON_t1429	perfam_RVT-Retrons_RETRON_t1429	261	50	AMBIGUOUS - NSEQ matches no known subset size	YES	none	2b3d5aa274bab1108baeaff8f6c45203d006e377f88d2eb8d18d47c90dba6cf6	PRIOR / AUDIT / COMPARATOR - not training truth for g4	prior model	profile HMMs found under the audited prior trees
/home/borg/RESEARCH-in-sleep-RETRON-DB_V3/ARIS_OUTPUT/stage2b_assessor_redesign/step3_hmm/cache/lofo/perfam_RVT-Retrons_RETRON_t1450.hmm	perfam_RVT-Retrons_RETRON_t1450	perfam_RVT-Retrons_RETRON_t1450	261	50	AMBIGUOUS - NSEQ matches no known subset size	YES	none	81d811988c35e21c97386f6834e6ba9a4ce7d65e24b4491825dbdc7cecedbb18	PRIOR / AUDIT / COMPARATOR - not training truth for g4	prior model	profile HMMs found under the audited prior trees
/home/borg/RESEARCH-in-sleep-RETRON-DB_V3/ARIS_OUTPUT/stage2b_assessor_redesign/step3_hmm/cache/lofo/perfam_RVT-Retrons_RETRON_t1453.hmm	perfam_RVT-Retrons_RETRON_t1453	perfam_RVT-Retrons_RETRON_t1453	261	50	AMBIGUOUS - NSEQ matches no known subset size	YES	none	778dcfdc6e2ec3e976ff298060fcf8721077fee6fe190103d67e99192abab9b8	PRIOR / AUDIT / COMPARATOR - not training truth for g4	prior model	profile HMMs found under the audited prior trees
/home/borg/RESEARCH-in-sleep-RETRON-DB_V3/ARIS_OUTPUT/stage2b_assessor_redesign/step3_hmm/cache/lofo/perfam_RVT-Retrons_RETRON_t1520.hmm	perfam_RVT-Retrons_RETRON_t1520	perfam_RVT-Retrons_RETRON_t1520	261	50	AMBIGUOUS - NSEQ matches no known subset size	YES	none	624362ce0b2ed3d4cd5227e9ebae06b19b7377e25fb7d174ff79cb503f00c7db	PRIOR / AUDIT / COMPARATOR - not training truth for g4	prior model	profile HMMs found under the audited prior trees
/home/borg/RESEARCH-in-sleep-RETRON-DB_V3/ARIS_OUTPUT/stage2b_assessor_redesign/step3_hmm/cache/lofo/perfam_RVT-Retrons_RETRON_t1609.hmm	perfam_RVT-Retrons_RETRON_t1609	perfam_RVT-Retrons_RETRON_t1609	259	50	AMBIGUOUS - NSEQ matches no known subset size	YES	none	fdf48de560e3144312170feb29faaf0df656dc82351234d6b03bcd0d83e2a090	PRIOR / AUDIT / COMPARATOR - not training truth for g4	prior model	profile HMMs found under the audited prior trees
/home/borg/RESEARCH-in-sleep-RETRON-DB_V3/ARIS_OUTPUT/stage2b_assessor_redesign/step3_hmm/cache/lofo/perfam_RVT-Retrons_RETRON_t161.hmm	perfam_RVT-Retrons_RETRON_t161	perfam_RVT-Retrons_RETRON_t161	261	50	AMBIGUOUS - NSEQ matches no known subset size	YES	none	fe2b6cc982857e4295201940674e2f6f1ac72d6dba1aa8f6eac80e0905fa030b	PRIOR / AUDIT / COMPARATOR - not training truth for g4	prior model	profile HMMs found under the audited prior trees
/home/borg/RESEARCH-in-sleep-RETRON-DB_V3/ARIS_OUTPUT/stage2b_assessor_redesign/step3_hmm/cache/lofo/perfam_RVT-Retrons_RETRON_t1673.hmm	perfam_RVT-Retrons_RETRON_t1673	perfam_RVT-Retrons_RETRON_t1673	259	50	AMBIGUOUS - NSEQ matches no known subset size	YES	none	34d1dd193a8db5bb4311c46e4e6f9fd2174b45ba33c1decbd3950ec8c3f41825	PRIOR / AUDIT / COMPARATOR - not training truth for g4	prior model	profile HMMs found under the audited prior trees
/home/borg/RESEARCH-in-sleep-RETRON-DB_V3/ARIS_OUTPUT/stage2b_assessor_redesign/step3_hmm/cache/lofo/perfam_RVT-Retrons_RETRON_t1687.hmm	perfam_RVT-Retrons_RETRON_t1687	perfam_RVT-Retrons_RETRON_t1687	259	50	AMBIGUOUS - NSEQ matches no known subset size	YES	none	777980ca46f43c2733e84b99771e0cb28c188ec26d92ca54a422089a71c6e2da	PRIOR / AUDIT / COMPARATOR - not training truth for g4	prior model	profile HMMs found under the audited prior trees
/home/borg/RESEARCH-in-sleep-RETRON-DB_V3/ARIS_OUTPUT/stage2b_assessor_redesign/step3_hmm/cache/lofo/perfam_RVT-Retrons_RETRON_t1703.hmm	perfam_RVT-Retrons_RETRON_t1703	perfam_RVT-Retrons_RETRON_t1703	256	50	AMBIGUOUS - NSEQ matches no known subset size	YES	none	b3c43f8520798602b1c0fed48bd06fe8ead821b69eae85c02c5ccee7f2ca20f6	PRIOR / AUDIT / COMPARATOR - not training truth for g4	prior model	profile HMMs found under the audited prior trees
/home/borg/RESEARCH-in-sleep-RETRON-DB_V3/ARIS_OUTPUT/stage2b_assessor_redesign/step3_hmm/cache/lofo/perfam_RVT-Retrons_RETRON_t1710.hmm	perfam_RVT-Retrons_RETRON_t1710	perfam_RVT-Retrons_RETRON_t1710	259	50	AMBIGUOUS - NSEQ matches no known subset size	YES	none	242cb34f8c3d7f1762f0d1517630621cd600f0c545b42dc888a188d9a289f005	PRIOR / AUDIT / COMPARATOR - not training truth for g4	prior model	profile HMMs found under the audited prior trees
/home/borg/RESEARCH-in-sleep-RETRON-DB_V3/ARIS_OUTPUT/stage2b_assessor_redesign/step3_hmm/cache/lofo/perfam_RVT-Retrons_RETRON_t1732.hmm	perfam_RVT-Retrons_RETRON_t1732	perfam_RVT-Retrons_RETRON_t1732	259	50	AMBIGUOUS - NSEQ matches no known subset size	YES	none	845ee1a0cc96f49f21c17f8a62cad9c3cabe828b34efd97387b481730474c80e	PRIOR / AUDIT / COMPARATOR - not training truth for g4	prior model	profile HMMs found under the audited prior trees
/home/borg/RESEARCH-in-sleep-RETRON-DB_V3/ARIS_OUTPUT/stage2b_assessor_redesign/step3_hmm/cache/lofo/perfam_RVT-Retrons_RETRON_t1894.hmm	perfam_RVT-Retrons_RETRON_t1894	perfam_RVT-Retrons_RETRON_t1894	261	50	AMBIGUOUS - NSEQ matches no known subset size	YES	none	91d41064f34ab8b5f831649fcc26e6118f1b087e6cc1a266bd44f83adf81dcc6	PRIOR / AUDIT / COMPARATOR - not training truth for g4	prior model	profile HMMs found under the audited prior trees
/home/borg/RESEARCH-in-sleep-RETRON-DB_V3/ARIS_OUTPUT/stage2b_assessor_redesign/step3_hmm/cache/lofo/perfam_RVT-Retrons_RETRON_t1928.hmm	perfam_RVT-Retrons_RETRON_t1928	perfam_RVT-Retrons_RETRON_t1928	261	50	AMBIGUOUS - NSEQ matches no known subset size	YES	none	fb8e772ef8ecafeaf0ff07e640d166c0b5add644761b21b6654e9d987ab55ece	PRIOR / AUDIT / COMPARATOR - not training truth for g4	prior model	profile HMMs found under the audited prior trees
/home/borg/RESEARCH-in-sleep-RETRON-DB_V3/ARIS_OUTPUT/stage2b_assessor_redesign/step3_hmm/cache/lofo/perfam_RVT-Retrons_RETRON_t208.hmm	perfam_RVT-Retrons_RETRON_t208	perfam_RVT-Retrons_RETRON_t208	261	50	AMBIGUOUS - NSEQ matches no known subset size	YES	none	f3256b8a6ba99000aefb8a1fac6f211576203d08573e26b884470293d1d3243d	PRIOR / AUDIT / COMPARATOR - not training truth for g4	prior model	profile HMMs found under the audited prior trees
/home/borg/RESEARCH-in-sleep-RETRON-DB_V3/ARIS_OUTPUT/stage2b_assessor_redesign/step3_hmm/cache/lofo/perfam_RVT-Retrons_RETRON_t257.hmm	perfam_RVT-Retrons_RETRON_t257	perfam_RVT-Retrons_RETRON_t257	261	50	AMBIGUOUS - NSEQ matches no known subset size	YES	none	9c7f41bb1e3d4f08cc80c7d0926051ba90a3c9079dd014d34ef0465ca6864534	PRIOR / AUDIT / COMPARATOR - not training truth for g4	prior model	profile HMMs found under the audited prior trees
/home/borg/RESEARCH-in-sleep-RETRON-DB_V3/ARIS_OUTPUT/stage2b_assessor_redesign/step3_hmm/cache/lofo/perfam_RVT-Retrons_RETRON_t290.hmm	perfam_RVT-Retrons_RETRON_t290	perfam_RVT-Retrons_RETRON_t290	261	50	AMBIGUOUS - NSEQ matches no known subset size	YES	none	26c13beec030c530763463f30cf9bff657b717406e80c00b417db99b312ddf52	PRIOR / AUDIT / COMPARATOR - not training truth for g4	prior model	profile HMMs found under the audited prior trees
/home/borg/RESEARCH-in-sleep-RETRON-DB_V3/ARIS_OUTPUT/stage2b_assessor_redesign/step3_hmm/cache/lofo/perfam_RVT-Retrons_RETRON_t400.hmm	perfam_RVT-Retrons_RETRON_t400	perfam_RVT-Retrons_RETRON_t400	261	50	AMBIGUOUS - NSEQ matches no known subset size	YES	none	5f32b5d602befd16cca771aad65d265a337dbecb5f447ac25274ecdc55e100bc	PRIOR / AUDIT / COMPARATOR - not training truth for g4	prior model	profile HMMs found under the audited prior trees
/home/borg/RESEARCH-in-sleep-RETRON-DB_V3/ARIS_OUTPUT/stage2b_assessor_redesign/step3_hmm/cache/lofo/perfam_RVT-Retrons_RETRON_t430.hmm	perfam_RVT-Retrons_RETRON_t430	perfam_RVT-Retrons_RETRON_t430	261	50	AMBIGUOUS - NSEQ matches no known subset size	YES	none	7341fb3012f6996b91f81ca8ffa050d06f420ca83505a78f970cf9ed159044d0	PRIOR / AUDIT / COMPARATOR - not training truth for g4	prior model	profile HMMs found under the audited prior trees
/home/borg/RESEARCH-in-sleep-RETRON-DB_V3/ARIS_OUTPUT/stage2b_assessor_redesign/step3_hmm/cache/lofo/perfam_RVT-Retrons_RETRON_t443.hmm	perfam_RVT-Retrons_RETRON_t443	perfam_RVT-Retrons_RETRON_t443	261	50	AMBIGUOUS - NSEQ matches no known subset size	YES	none	e2700d53f0f2f754cd55969df504dcd6ed0f84409112fc73e4698113bcbe8c32	PRIOR / AUDIT / COMPARATOR - not training truth for g4	prior model	profile HMMs found under the audited prior trees
/home/borg/RESEARCH-in-sleep-RETRON-DB_V3/ARIS_OUTPUT/stage2b_assessor_redesign/step3_hmm/cache/lofo/perfam_RVT-Retrons_RETRON_t482.hmm	perfam_RVT-Retrons_RETRON_t482	perfam_RVT-Retrons_RETRON_t482	261	50	AMBIGUOUS - NSEQ matches no known subset size	YES	none	93dd1f61d6501183033f98ca9024c6d0a3e67e2d32399913bf2d31a4357e18bd	PRIOR / AUDIT / COMPARATOR - not training truth for g4	prior model	profile HMMs found under the audited prior trees
/home/borg/RESEARCH-in-sleep-RETRON-DB_V3/ARIS_OUTPUT/stage2b_assessor_redesign/step3_hmm/cache/lofo/perfam_RVT-Retrons_RETRON_t749.hmm	perfam_RVT-Retrons_RETRON_t749	perfam_RVT-Retrons_RETRON_t749	259	50	AMBIGUOUS - NSEQ matches no known subset size	YES	none	25e47b057009a96527aee0355c1c855571089b39bacd5a2c381153229092d752	PRIOR / AUDIT / COMPARATOR - not training truth for g4	prior model	profile HMMs found under the audited prior trees
/home/borg/RESEARCH-in-sleep-RETRON-DB_V3/ARIS_OUTPUT/stage2b_assessor_redesign/step3_hmm/cache/lofo/perfam_RVT-Retrons_RETRON_t803.hmm	perfam_RVT-Retrons_RETRON_t803	perfam_RVT-Retrons_RETRON_t803	261	50	AMBIGUOUS - NSEQ matches no known subset size	YES	none	af43e1f7208a555196fd8893b209f69661354521917a7c5066f26f54f62bdd0f	PRIOR / AUDIT / COMPARATOR - not training truth for g4	prior model	profile HMMs found under the audited prior trees
/home/borg/RESEARCH-in-sleep-RETRON-DB_V3/ARIS_OUTPUT/stage2b_assessor_redesign/step3_hmm/cache/lofo/perfam_RVT-Retrons_RETRON_t808.hmm	perfam_RVT-Retrons_RETRON_t808	perfam_RVT-Retrons_RETRON_t808	259	50	AMBIGUOUS - NSEQ matches no known subset size	YES	none	8b54454c6ae30ecb92c0c0c2eb2166d37baeeba03f49d351ab234ffef3ee2481	PRIOR / AUDIT / COMPARATOR - not training truth for g4	prior model	profile HMMs found under the audited prior trees
/home/borg/RESEARCH-in-sleep-RETRON-DB_V3/ARIS_OUTPUT/stage2b_assessor_redesign/step3_hmm/cache/lofo/perfam_RVT-Retrons_RETRON_t812.hmm	perfam_RVT-Retrons_RETRON_t812	perfam_RVT-Retrons_RETRON_t812	259	50	AMBIGUOUS - NSEQ matches no known subset size	YES	none	dcd5c12c8fb0804503afc633c96422a4de49241a368b218a5043a3a431ecc53f	PRIOR / AUDIT / COMPARATOR - not training truth for g4	prior model	profile HMMs found under the audited prior trees
/home/borg/RESEARCH-in-sleep-RETRON-DB_V3/ARIS_OUTPUT/stage2b_assessor_redesign/step3_hmm/cache/lofo/perfam_RVT-Retrons_RETRON_t815.hmm	perfam_RVT-Retrons_RETRON_t815	perfam_RVT-Retrons_RETRON_t815	261	50	AMBIGUOUS - NSEQ matches no known subset size	YES	none	45e1fbe43bf2d2aa1e111a795ccddfedc14ba3da6dee9dc6a608483518a54bdb	PRIOR / AUDIT / COMPARATOR - not training truth for g4	prior model	profile HMMs found under the audited prior trees
/home/borg/RESEARCH-in-sleep-RETRON-DB_V3/ARIS_OUTPUT/stage2b_assessor_redesign/step3_hmm/cache/lofo/perfam_RVT-Retrons_RETRON_t816.hmm	perfam_RVT-Retrons_RETRON_t816	perfam_RVT-Retrons_RETRON_t816	261	50	AMBIGUOUS - NSEQ matches no known subset size	YES	none	195fc957fce4351ff2350d8a544af28aa7dbec8c363dfdfdd3c6bd92d31af0f3	PRIOR / AUDIT / COMPARATOR - not training truth for g4	prior model	profile HMMs found under the audited prior trees
/home/borg/RESEARCH-in-sleep-RETRON-DB_V3/ARIS_OUTPUT/stage2b_assessor_redesign/step3_hmm/cache/lofo/perfam_RVT-Retrons_RETRON_t824.hmm	perfam_RVT-Retrons_RETRON_t824	perfam_RVT-Retrons_RETRON_t824	261	50	AMBIGUOUS - NSEQ matches no known subset size	YES	none	86383bae86fb3f956c8ef18e4d3d8bb1b0d5e97b62008cca2d5d8aec852f30f7	PRIOR / AUDIT / COMPARATOR - not training truth for g4	prior model	profile HMMs found under the audited prior trees
/home/borg/RESEARCH-in-sleep-RETRON-DB_V3/ARIS_OUTPUT/stage2b_assessor_redesign/step3_hmm/cache/lofo/perfam_RVT-Retrons_RETRON_t953.hmm	perfam_RVT-Retrons_RETRON_t953	perfam_RVT-Retrons_RETRON_t953	259	50	AMBIGUOUS - NSEQ matches no known subset size	YES	none	814cbed7a53b6a81b95c743cdbfbe553aad79cf6a94d4a25ef26ef6d0327c8ec	PRIOR / AUDIT / COMPARATOR - not training truth for g4	prior model	profile HMMs found under the audited prior trees
/home/borg/RESEARCH-in-sleep-RETRON-DB_V3/ARIS_OUTPUT/stage2b_assessor_redesign/step3_hmm/cache/lofo/perfam_RVT-Retrons_UNIPROT_P0DV89.hmm	perfam_RVT-Retrons_UNIPROT_P0DV89	perfam_RVT-Retrons_UNIPROT_P0DV89	259	50	AMBIGUOUS - NSEQ matches no known subset size	YES	none	38d3c9cfbda5b2c6238ff391081185faf20b190d5b5598974a43f7bc4090c343	PRIOR / AUDIT / COMPARATOR - not training truth for g4	prior model	profile HMMs found under the audited prior trees
/home/borg/RESEARCH-in-sleep-RETRON-DB_V3/ARIS_OUTPUT/stage2b_assessor_redesign/step3_hmm/cache/lofo/perfam_RVT-Retrons_UNIPROT_P0DV94.hmm	perfam_RVT-Retrons_UNIPROT_P0DV94	perfam_RVT-Retrons_UNIPROT_P0DV94	261	50	AMBIGUOUS - NSEQ matches no known subset size	YES	none	6d9225556665662b7d7b807a9ea97efd214c31224fa6cee388f220e909ea8029	PRIOR / AUDIT / COMPARATOR - not training truth for g4	prior model	profile HMMs found under the audited prior trees
/home/borg/RESEARCH-in-sleep-RETRON-DB_V3/ARIS_OUTPUT/stage2b_assessor_redesign/step3_hmm/cache/lofo/perfam_RVT-Retrons_UNIPROT_P71276.hmm	perfam_RVT-Retrons_UNIPROT_P71276	perfam_RVT-Retrons_UNIPROT_P71276	261	50	AMBIGUOUS - NSEQ matches no known subset size	YES	none	8f6367d667fe2cb825415e20b2c68857e61e12b3498640a4a44848bc617d2741	PRIOR / AUDIT / COMPARATOR - not training truth for g4	prior model	profile HMMs found under the audited prior trees
/home/borg/RESEARCH-in-sleep-RETRON-DB_V3/ARIS_OUTPUT/stage2b_assessor_redesign/step3_hmm/cache/lofo/perfam_RVT-UG12_CAND_UG12_12.hmm	perfam_RVT-UG12_CAND_UG12_12	perfam_RVT-UG12_CAND_UG12_12	303	6	AMBIGUOUS - NSEQ matches no known subset size	YES	none	4c100c55234b510361beb194ab94e4e3bf91e6c28fb80c4a654ae55c0f583b14	PRIOR / AUDIT / COMPARATOR - not training truth for g4	prior model	profile HMMs found under the audited prior trees
/home/borg/RESEARCH-in-sleep-RETRON-DB_V3/ARIS_OUTPUT/stage2b_assessor_redesign/step3_hmm/cache/lofo/perfam_RVT-UG12_CAND_UG12_147.hmm	perfam_RVT-UG12_CAND_UG12_147	perfam_RVT-UG12_CAND_UG12_147	301	6	AMBIGUOUS - NSEQ matches no known subset size	YES	none	2361d684a1c100c058b6dfcfc73c2f114dac53ffdf78b38bcb8be2bf7973dead	PRIOR / AUDIT / COMPARATOR - not training truth for g4	prior model	profile HMMs found under the audited prior trees
/home/borg/RESEARCH-in-sleep-RETRON-DB_V3/ARIS_OUTPUT/stage2b_assessor_redesign/step3_hmm/cache/lofo/perfam_RVT-UG12_CAND_UG12_21.hmm	perfam_RVT-UG12_CAND_UG12_21	perfam_RVT-UG12_CAND_UG12_21	302	6	AMBIGUOUS - NSEQ matches no known subset size	YES	none	39f3ac41045e501a06d00323768d34d86adb72edebf47c75ae6d7cbd622b93d1	PRIOR / AUDIT / COMPARATOR - not training truth for g4	prior model	profile HMMs found under the audited prior trees
/home/borg/RESEARCH-in-sleep-RETRON-DB_V3/ARIS_OUTPUT/stage2b_assessor_redesign/step3_hmm/cache/lofo/perfam_RVT-UG12_CAND_UG12_230.hmm	perfam_RVT-UG12_CAND_UG12_230	perfam_RVT-UG12_CAND_UG12_230	309	6	AMBIGUOUS - NSEQ matches no known subset size	YES	none	765782bc20eb482842c06b05a57851abb3306cc1895f91ab737e3dc648594beb	PRIOR / AUDIT / COMPARATOR - not training truth for g4	prior model	profile HMMs found under the audited prior trees
/home/borg/RESEARCH-in-sleep-RETRON-DB_V3/ARIS_OUTPUT/stage2b_assessor_redesign/step3_hmm/cache/lofo/perfam_RVT-UG12_CAND_UG12_3.hmm	perfam_RVT-UG12_CAND_UG12_3	perfam_RVT-UG12_CAND_UG12_3	308	6	AMBIGUOUS - NSEQ matches no known subset size	YES	none	20b94288a468d46c09c098404c3ade5098955cee3786e24ba0c42d44e82acf2f	PRIOR / AUDIT / COMPARATOR - not training truth for g4	prior model	profile HMMs found under the audited prior trees
/home/borg/RESEARCH-in-sleep-RETRON-DB_V3/ARIS_OUTPUT/stage2b_assessor_redesign/step3_hmm/cache/lofo/perfam_RVT-UG12_CAND_UG12_37.hmm	perfam_RVT-UG12_CAND_UG12_37	perfam_RVT-UG12_CAND_UG12_37	303	6	AMBIGUOUS - NSEQ matches no known subset size	YES	none	898ed8d048fb23b63d6293466770a8d1b3c139143c99f113d1e8620a557caebc	PRIOR / AUDIT / COMPARATOR - not training truth for g4	prior model	profile HMMs found under the audited prior trees
/home/borg/RESEARCH-in-sleep-RETRON-DB_V3/ARIS_OUTPUT/stage2b_assessor_redesign/step3_hmm/cache/lofo/perfam_RVT-UG12_PDB_9WY8_1.hmm	perfam_RVT-UG12_PDB_9WY8_1	perfam_RVT-UG12_PDB_9WY8_1	294	6	AMBIGUOUS - NSEQ matches no known subset size	YES	none	530aad48d4b78bc0d3ff3b2947cbf0a1e3a88b3a2d3735580f0b90edd1f2d7a5	PRIOR / AUDIT / COMPARATOR - not training truth for g4	prior model	profile HMMs found under the audited prior trees
/home/borg/RESEARCH-in-sleep-RETRON-DB_V3/ARIS_OUTPUT/stage2b_assessor_redesign/step3_hmm/cache/lofo/perfam_RVT-UG13_CAND_UG13_0.hmm	perfam_RVT-UG13_CAND_UG13_0	perfam_RVT-UG13_CAND_UG13_0	292	2	AMBIGUOUS - NSEQ matches no known subset size	YES	none	361183afefd2d22c0462f98b643f51e32a6748d21e2eb808a735be11ffc67f77	PRIOR / AUDIT / COMPARATOR - not training truth for g4	prior model	profile HMMs found under the audited prior trees
/home/borg/RESEARCH-in-sleep-RETRON-DB_V3/ARIS_OUTPUT/stage2b_assessor_redesign/step3_hmm/cache/lofo/perfam_RVT-UG13_CAND_UG13_16.hmm	perfam_RVT-UG13_CAND_UG13_16	perfam_RVT-UG13_CAND_UG13_16	339	2	AMBIGUOUS - NSEQ matches no known subset size	YES	none	241b428fbc850fe585edec2a11991db986ed4c650939a0a7a5d88f2b3fd3e31d	PRIOR / AUDIT / COMPARATOR - not training truth for g4	prior model	profile HMMs found under the audited prior trees
/home/borg/RESEARCH-in-sleep-RETRON-DB_V3/ARIS_OUTPUT/stage2b_assessor_redesign/step3_hmm/cache/lofo/perfam_RVT-UG13_CAND_UG13_30.hmm	perfam_RVT-UG13_CAND_UG13_30	perfam_RVT-UG13_CAND_UG13_30	373	2	AMBIGUOUS - NSEQ matches no known subset size	YES	none	6266bce28b785aef6ab52faa83045e936dd2911a2458727336caaa7e374fc52a	PRIOR / AUDIT / COMPARATOR - not training truth for g4	prior model	profile HMMs found under the audited prior trees
/home/borg/RESEARCH-in-sleep-RETRON-DB_V3/ARIS_OUTPUT/stage2b_assessor_redesign/step3_hmm/cache/lofo/perfam_RVT-UG15_CAND_UG15_123.hmm	perfam_RVT-UG15_CAND_UG15_123	perfam_RVT-UG15_CAND_UG15_123	322	5	AMBIGUOUS - NSEQ matches no known subset size	YES	none	a8856b38e016574b6bb6e80b5f9ef13ceedec41dad6e8544fc4dd0c4f503d161	PRIOR / AUDIT / COMPARATOR - not training truth for g4	prior model	profile HMMs found under the audited prior trees
/home/borg/RESEARCH-in-sleep-RETRON-DB_V3/ARIS_OUTPUT/stage2b_assessor_redesign/step3_hmm/cache/lofo/perfam_RVT-UG15_CAND_UG15_31.hmm	perfam_RVT-UG15_CAND_UG15_31	perfam_RVT-UG15_CAND_UG15_31	300	5	AMBIGUOUS - NSEQ matches no known subset size	YES	none	f015dc7ecd43acbb817243a005e1e5dd9dcf89ba7b79d261604712ea83ee555a	PRIOR / AUDIT / COMPARATOR - not training truth for g4	prior model	profile HMMs found under the audited prior trees
/home/borg/RESEARCH-in-sleep-RETRON-DB_V3/ARIS_OUTPUT/stage2b_assessor_redesign/step3_hmm/cache/lofo/perfam_RVT-UG15_CAND_UG15_42.hmm	perfam_RVT-UG15_CAND_UG15_42	perfam_RVT-UG15_CAND_UG15_42	317	5	AMBIGUOUS - NSEQ matches no known subset size	YES	none	4634880b69265817d042f4b3419d11217eebdcb4f7b5fe2ee8e1c653f135afa1	PRIOR / AUDIT / COMPARATOR - not training truth for g4	prior model	profile HMMs found under the audited prior trees
/home/borg/RESEARCH-in-sleep-RETRON-DB_V3/ARIS_OUTPUT/stage2b_assessor_redesign/step3_hmm/cache/lofo/perfam_RVT-UG15_CAND_UG15_65.hmm	perfam_RVT-UG15_CAND_UG15_65	perfam_RVT-UG15_CAND_UG15_65	323	5	AMBIGUOUS - NSEQ matches no known subset size	YES	none	ec2881cfc9b7d52b532e6d4284de73bd04705b3a1ce93bc10aa9754412457b4b	PRIOR / AUDIT / COMPARATOR - not training truth for g4	prior model	profile HMMs found under the audited prior trees
/home/borg/RESEARCH-in-sleep-RETRON-DB_V3/ARIS_OUTPUT/stage2b_assessor_redesign/step3_hmm/cache/lofo/perfam_RVT-UG15_CAND_UG15_74.hmm	perfam_RVT-UG15_CAND_UG15_74	perfam_RVT-UG15_CAND_UG15_74	320	5	AMBIGUOUS - NSEQ matches no known subset size	YES	none	2fe21a51eb2adc524d26eb638346d12688ca9a34abca2468bdc0a83abcd4ac43	PRIOR / AUDIT / COMPARATOR - not training truth for g4	prior model	profile HMMs found under the audited prior trees
/home/borg/RESEARCH-in-sleep-RETRON-DB_V3/ARIS_OUTPUT/stage2b_assessor_redesign/step3_hmm/cache/lofo/perfam_RVT-UG15_PDB_24NC_1.hmm	perfam_RVT-UG15_PDB_24NC_1	perfam_RVT-UG15_PDB_24NC_1	317	5	AMBIGUOUS - NSEQ matches no known subset size	YES	none	b3e9813cfb4d0f6eef8c8c405f1a0bb96201202f45c7463c9d12ec3354411930	PRIOR / AUDIT / COMPARATOR - not training truth for g4	prior model	profile HMMs found under the audited prior trees
/home/borg/RESEARCH-in-sleep-RETRON-DB_V3/ARIS_OUTPUT/stage2b_assessor_redesign/step3_hmm/cache/lofo/perfam_RVT-UG16_CAND_UG16_41.hmm	perfam_RVT-UG16_CAND_UG16_41	perfam_RVT-UG16_CAND_UG16_41	331	2	AMBIGUOUS - NSEQ matches no known subset size	YES	none	3ff2127aed52715a4f72bcaa34030fec31c59128d096346de79fee7443eca509	PRIOR / AUDIT / COMPARATOR - not training truth for g4	prior model	profile HMMs found under the audited prior trees
/home/borg/RESEARCH-in-sleep-RETRON-DB_V3/ARIS_OUTPUT/stage2b_assessor_redesign/step3_hmm/cache/lofo/perfam_RVT-UG16_CAND_UG16_60.hmm	perfam_RVT-UG16_CAND_UG16_60	perfam_RVT-UG16_CAND_UG16_60	372	2	AMBIGUOUS - NSEQ matches no known subset size	YES	none	02283c0f02673b1da50c8cebfd89cb7c10855c939d81796d63aca6a3fcb807d3	PRIOR / AUDIT / COMPARATOR - not training truth for g4	prior model	profile HMMs found under the audited prior trees
/home/borg/RESEARCH-in-sleep-RETRON-DB_V3/ARIS_OUTPUT/stage2b_assessor_redesign/step3_hmm/cache/lofo/perfam_RVT-UG16_CAND_UG16_91.hmm	perfam_RVT-UG16_CAND_UG16_91	perfam_RVT-UG16_CAND_UG16_91	371	2	AMBIGUOUS - NSEQ matches no known subset size	YES	none	cfa6b22ef7546708cf3a7e31d21c74a6f1e42e22d86b1ed3d7fbd7308189474a	PRIOR / AUDIT / COMPARATOR - not training truth for g4	prior model	profile HMMs found under the audited prior trees
/home/borg/RESEARCH-in-sleep-RETRON-DB_V3/ARIS_OUTPUT/stage2b_assessor_redesign/step3_hmm/cache/lofo/perfam_RVT-UG17_CAND_UG17_254.hmm	perfam_RVT-UG17_CAND_UG17_254	perfam_RVT-UG17_CAND_UG17_254	348	2	AMBIGUOUS - NSEQ matches no known subset size	YES	none	9a4edefe0ad02f2bd20e84e87a75d78c7e3925d1b92b41ff7a1d6abb0439dd30	PRIOR / AUDIT / COMPARATOR - not training truth for g4	prior model	profile HMMs found under the audited prior trees
/home/borg/RESEARCH-in-sleep-RETRON-DB_V3/ARIS_OUTPUT/stage2b_assessor_redesign/step3_hmm/cache/lofo/perfam_RVT-UG17_CAND_UG17_289.hmm	perfam_RVT-UG17_CAND_UG17_289	perfam_RVT-UG17_CAND_UG17_289	355	2	AMBIGUOUS - NSEQ matches no known subset size	YES	none	c5fd892b7cf96595a34a23a4b4cecd25267a0b9bc86d0e9764543b060a0466e9	PRIOR / AUDIT / COMPARATOR - not training truth for g4	prior model	profile HMMs found under the audited prior trees
/home/borg/RESEARCH-in-sleep-RETRON-DB_V3/ARIS_OUTPUT/stage2b_assessor_redesign/step3_hmm/cache/lofo/perfam_RVT-UG17_CAND_UG17_32.hmm	perfam_RVT-UG17_CAND_UG17_32	perfam_RVT-UG17_CAND_UG17_32	356	2	AMBIGUOUS - NSEQ matches no known subset size	YES	none	19f81deeedb7fe70c96a8f709040305c073392d95c2ffb0017309976cc642cc7	PRIOR / AUDIT / COMPARATOR - not training truth for g4	prior model	profile HMMs found under the audited prior trees
/home/borg/RESEARCH-in-sleep-RETRON-DB_V3/ARIS_OUTPUT/stage2b_assessor_redesign/step3_hmm/cache/lofo/perfam_RVT-UG19_CAND_UG19_156.hmm	perfam_RVT-UG19_CAND_UG19_156	perfam_RVT-UG19_CAND_UG19_156	339	2	AMBIGUOUS - NSEQ matches no known subset size	YES	none	ca2c00e37f756321cf5108c1ed0a31147262e46d9a91e55b4332661e1719aac6	PRIOR / AUDIT / COMPARATOR - not training truth for g4	prior model	profile HMMs found under the audited prior trees
/home/borg/RESEARCH-in-sleep-RETRON-DB_V3/ARIS_OUTPUT/stage2b_assessor_redesign/step3_hmm/cache/lofo/perfam_RVT-UG19_CAND_UG19_20.hmm	perfam_RVT-UG19_CAND_UG19_20	perfam_RVT-UG19_CAND_UG19_20	338	2	AMBIGUOUS - NSEQ matches no known subset size	YES	none	eb1fd8ce7ae8673e9fa754cd35c242eb0f86c751d4232123c8dde23892528270	PRIOR / AUDIT / COMPARATOR - not training truth for g4	prior model	profile HMMs found under the audited prior trees
/home/borg/RESEARCH-in-sleep-RETRON-DB_V3/ARIS_OUTPUT/stage2b_assessor_redesign/step3_hmm/cache/lofo/perfam_RVT-UG19_CAND_UG19_229.hmm	perfam_RVT-UG19_CAND_UG19_229	perfam_RVT-UG19_CAND_UG19_229	330	2	AMBIGUOUS - NSEQ matches no known subset size	YES	none	2b547823f635094690ebd131bae18f6dae9d46f3301c59dbbcdee085f451869d	PRIOR / AUDIT / COMPARATOR - not training truth for g4	prior model	profile HMMs found under the audited prior trees
/home/borg/RESEARCH-in-sleep-RETRON-DB_V3/ARIS_OUTPUT/stage2b_assessor_redesign/step3_hmm/cache/lofo/perfam_RVT-UG1_CAND_UG1_12.hmm	perfam_RVT-UG1_CAND_UG1_12	perfam_RVT-UG1_CAND_UG1_12	365	3	AMBIGUOUS - NSEQ matches no known subset size	YES	none	f66921eaa6c71790906659ded096ee0e1e5139fbd228afa23eccdc166165531b	PRIOR / AUDIT / COMPARATOR - not training truth for g4	prior model	profile HMMs found under the audited prior trees
/home/borg/RESEARCH-in-sleep-RETRON-DB_V3/ARIS_OUTPUT/stage2b_assessor_redesign/step3_hmm/cache/lofo/perfam_RVT-UG1_CAND_UG1_3.hmm	perfam_RVT-UG1_CAND_UG1_3	perfam_RVT-UG1_CAND_UG1_3	348	3	AMBIGUOUS - NSEQ matches no known subset size	YES	none	be6cef155eb9dca243dcc740c3f93d13b7ce93a2d96f2c43caf83aeabec1dd8d	PRIOR / AUDIT / COMPARATOR - not training truth for g4	prior model	profile HMMs found under the audited prior trees
/home/borg/RESEARCH-in-sleep-RETRON-DB_V3/ARIS_OUTPUT/stage2b_assessor_redesign/step3_hmm/cache/lofo/perfam_RVT-UG1_CAND_UG1_8.hmm	perfam_RVT-UG1_CAND_UG1_8	perfam_RVT-UG1_CAND_UG1_8	361	3	AMBIGUOUS - NSEQ matches no known subset size	YES	none	300d6d20ef1358ee0f8e8e0865003843101b5b86cd8e8f4025df369f374a5f10	PRIOR / AUDIT / COMPARATOR - not training truth for g4	prior model	profile HMMs found under the audited prior trees
/home/borg/RESEARCH-in-sleep-RETRON-DB_V3/ARIS_OUTPUT/stage2b_assessor_redesign/step3_hmm/cache/lofo/perfam_RVT-UG1_PDB_9YFD_1.hmm	perfam_RVT-UG1_PDB_9YFD_1	perfam_RVT-UG1_PDB_9YFD_1	360	3	AMBIGUOUS - NSEQ matches no known subset size	YES	none	c0bca66e3e906bf6936e1a4a2e1d48c810294b9bd313ffdc495bfa6a43d04065	PRIOR / AUDIT / COMPARATOR - not training truth for g4	prior model	profile HMMs found under the audited prior trees
/home/borg/RESEARCH-in-sleep-RETRON-DB_V3/ARIS_OUTPUT/stage2b_assessor_redesign/step3_hmm/cache/lofo/perfam_RVT-UG20_CAND_UG20_0.hmm	perfam_RVT-UG20_CAND_UG20_0	perfam_RVT-UG20_CAND_UG20_0	336	2	AMBIGUOUS - NSEQ matches no known subset size	YES	none	d3a90d14a9759735ebc3629b5bff5ecb057b64c184239079efb1a2581f0f4a3c	PRIOR / AUDIT / COMPARATOR - not training truth for g4	prior model	profile HMMs found under the audited prior trees
/home/borg/RESEARCH-in-sleep-RETRON-DB_V3/ARIS_OUTPUT/stage2b_assessor_redesign/step3_hmm/cache/lofo/perfam_RVT-UG20_CAND_UG20_1.hmm	perfam_RVT-UG20_CAND_UG20_1	perfam_RVT-UG20_CAND_UG20_1	356	2	AMBIGUOUS - NSEQ matches no known subset size	YES	none	8d6ec1940932d4d533bea587816bd1323e157a35c76779cc9bbf30fd10e42fb4	PRIOR / AUDIT / COMPARATOR - not training truth for g4	prior model	profile HMMs found under the audited prior trees
/home/borg/RESEARCH-in-sleep-RETRON-DB_V3/ARIS_OUTPUT/stage2b_assessor_redesign/step3_hmm/cache/lofo/perfam_RVT-UG20_CAND_UG20_2.hmm	perfam_RVT-UG20_CAND_UG20_2	perfam_RVT-UG20_CAND_UG20_2	360	2	AMBIGUOUS - NSEQ matches no known subset size	YES	none	9c7f60051ad08721afdfc5c7e0a98317f864b2d6c2075f612f45f021ac272262	PRIOR / AUDIT / COMPARATOR - not training truth for g4	prior model	profile HMMs found under the audited prior trees
/home/borg/RESEARCH-in-sleep-RETRON-DB_V3/ARIS_OUTPUT/stage2b_assessor_redesign/step3_hmm/cache/lofo/perfam_RVT-UG22_CAND_UG22_1.hmm	perfam_RVT-UG22_CAND_UG22_1	perfam_RVT-UG22_CAND_UG22_1	340	2	AMBIGUOUS - NSEQ matches no known subset size	YES	none	a3b9a7422236796879105b332a2163256ae1fd6f2ac7165dd5fb4f7867c326b4	PRIOR / AUDIT / COMPARATOR - not training truth for g4	prior model	profile HMMs found under the audited prior trees
/home/borg/RESEARCH-in-sleep-RETRON-DB_V3/ARIS_OUTPUT/stage2b_assessor_redesign/step3_hmm/cache/lofo/perfam_RVT-UG22_CAND_UG22_14.hmm	perfam_RVT-UG22_CAND_UG22_14	perfam_RVT-UG22_CAND_UG22_14	317	2	AMBIGUOUS - NSEQ matches no known subset size	YES	none	730e0b06011dcdf7a96d7978132065f7bb7efce8d688f8c957d55e143bd628af	PRIOR / AUDIT / COMPARATOR - not training truth for g4	prior model	profile HMMs found under the audited prior trees
/home/borg/RESEARCH-in-sleep-RETRON-DB_V3/ARIS_OUTPUT/stage2b_assessor_redesign/step3_hmm/cache/lofo/perfam_RVT-UG22_CAND_UG22_46.hmm	perfam_RVT-UG22_CAND_UG22_46	perfam_RVT-UG22_CAND_UG22_46	320	2	AMBIGUOUS - NSEQ matches no known subset size	YES	none	8fe9a1478f168e59e409e0e0ce12e4a24967215fc06f87acd8267cd797dca2c2	PRIOR / AUDIT / COMPARATOR - not training truth for g4	prior model	profile HMMs found under the audited prior trees
/home/borg/RESEARCH-in-sleep-RETRON-DB_V3/ARIS_OUTPUT/stage2b_assessor_redesign/step3_hmm/cache/lofo/perfam_RVT-UG26_CAND_UG26_78.hmm	perfam_RVT-UG26_CAND_UG26_78	perfam_RVT-UG26_CAND_UG26_78	310	2	AMBIGUOUS - NSEQ matches no known subset size	YES	none	e0f45a9ca75a0c99aed9b0bbd4d25810622537ed2f959e109ddffecd1ad9f78a	PRIOR / AUDIT / COMPARATOR - not training truth for g4	prior model	profile HMMs found under the audited prior trees
/home/borg/RESEARCH-in-sleep-RETRON-DB_V3/ARIS_OUTPUT/stage2b_assessor_redesign/step3_hmm/cache/lofo/perfam_RVT-UG26_CAND_UG26_86.hmm	perfam_RVT-UG26_CAND_UG26_86	perfam_RVT-UG26_CAND_UG26_86	311	2	AMBIGUOUS - NSEQ matches no known subset size	YES	none	651ce588e1c1fbfb89bd1f9bc20d11e47a2e88f9fbb7e36d567e82c7df343a22	PRIOR / AUDIT / COMPARATOR - not training truth for g4	prior model	profile HMMs found under the audited prior trees
/home/borg/RESEARCH-in-sleep-RETRON-DB_V3/ARIS_OUTPUT/stage2b_assessor_redesign/step3_hmm/cache/lofo/perfam_RVT-UG26_PDB_8BGJ_1.hmm	perfam_RVT-UG26_PDB_8BGJ_1	perfam_RVT-UG26_PDB_8BGJ_1	298	2	AMBIGUOUS - NSEQ matches no known subset size	YES	none	89e55b74d6d2a9d3cc82e1249693ee2f3c71edada94effed86f173dc1fbba375	PRIOR / AUDIT / COMPARATOR - not training truth for g4	prior model	profile HMMs found under the audited prior trees
/home/borg/RESEARCH-in-sleep-RETRON-DB_V3/ARIS_OUTPUT/stage2b_assessor_redesign/step3_hmm/cache/lofo/perfam_RVT-UG2_CAND_UG2_112.hmm	perfam_RVT-UG2_CAND_UG2_112	perfam_RVT-UG2_CAND_UG2_112	329	4	AMBIGUOUS - NSEQ matches no known subset size	YES	none	b6783dbfdea8d1deec8beedd83d95ad910f7a16f9d7364c2d8d9c20609c0a8fe	PRIOR / AUDIT / COMPARATOR - not training truth for g4	prior model	profile HMMs found under the audited prior trees
/home/borg/RESEARCH-in-sleep-RETRON-DB_V3/ARIS_OUTPUT/stage2b_assessor_redesign/step3_hmm/cache/lofo/perfam_RVT-UG2_CAND_UG2_75.hmm	perfam_RVT-UG2_CAND_UG2_75	perfam_RVT-UG2_CAND_UG2_75	328	4	AMBIGUOUS - NSEQ matches no known subset size	YES	none	72c3fa0c91700ba8c70ae832d12f966f2246012fdb5b19cdf32ad7de8028eb14	PRIOR / AUDIT / COMPARATOR - not training truth for g4	prior model	profile HMMs found under the audited prior trees
/home/borg/RESEARCH-in-sleep-RETRON-DB_V3/ARIS_OUTPUT/stage2b_assessor_redesign/step3_hmm/cache/lofo/perfam_RVT-UG2_CAND_UG2_80.hmm	perfam_RVT-UG2_CAND_UG2_80	perfam_RVT-UG2_CAND_UG2_80	328	4	AMBIGUOUS - NSEQ matches no known subset size	YES	none	00626d756ce48c6aff7947a304353fd36b6d7d1e74ad090a8cfb223b124028c5	PRIOR / AUDIT / COMPARATOR - not training truth for g4	prior model	profile HMMs found under the audited prior trees
/home/borg/RESEARCH-in-sleep-RETRON-DB_V3/ARIS_OUTPUT/stage2b_assessor_redesign/step3_hmm/cache/lofo/perfam_RVT-UG2_CAND_UG2_83.hmm	perfam_RVT-UG2_CAND_UG2_83	perfam_RVT-UG2_CAND_UG2_83	329	4	AMBIGUOUS - NSEQ matches no known subset size	YES	none	d37c7d8e78c31d3856697f097abce40ccaff4f588e8de4fcfb1b4088ff98ef92	PRIOR / AUDIT / COMPARATOR - not training truth for g4	prior model	profile HMMs found under the audited prior trees
/home/borg/RESEARCH-in-sleep-RETRON-DB_V3/ARIS_OUTPUT/stage2b_assessor_redesign/step3_hmm/cache/lofo/perfam_RVT-UG2_PDB_9LJE_1.hmm	perfam_RVT-UG2_PDB_9LJE_1	perfam_RVT-UG2_PDB_9LJE_1	329	4	AMBIGUOUS - NSEQ matches no known subset size	YES	none	f31a05ddd85b30e650a926564399fd2052541efb919a63dd5afe664c5f737d3d	PRIOR / AUDIT / COMPARATOR - not training truth for g4	prior model	profile HMMs found under the audited prior trees
/home/borg/RESEARCH-in-sleep-RETRON-DB_V3/ARIS_OUTPUT/stage2b_assessor_redesign/step3_hmm/cache/lofo/perfam_RVT-UG3_CAND_UG3_32.hmm	perfam_RVT-UG3_CAND_UG3_32	perfam_RVT-UG3_CAND_UG3_32	362	2	AMBIGUOUS - NSEQ matches no known subset size	YES	none	ce1c536c796217252e42e6df6475038799f1e69a8e2b81f24f5dd9ba9332e94e	PRIOR / AUDIT / COMPARATOR - not training truth for g4	prior model	profile HMMs found under the audited prior trees
/home/borg/RESEARCH-in-sleep-RETRON-DB_V3/ARIS_OUTPUT/stage2b_assessor_redesign/step3_hmm/cache/lofo/perfam_RVT-UG3_CAND_UG3_72.hmm	perfam_RVT-UG3_CAND_UG3_72	perfam_RVT-UG3_CAND_UG3_72	362	2	AMBIGUOUS - NSEQ matches no known subset size	YES	none	397686686d87e03368e3ef2212023d6951e32c17269dbd6cd9e73aa8ac5ad1e3	PRIOR / AUDIT / COMPARATOR - not training truth for g4	prior model	profile HMMs found under the audited prior trees
/home/borg/RESEARCH-in-sleep-RETRON-DB_V3/ARIS_OUTPUT/stage2b_assessor_redesign/step3_hmm/cache/lofo/perfam_RVT-UG3_PDB_9Z6Z_1.hmm	perfam_RVT-UG3_PDB_9Z6Z_1	perfam_RVT-UG3_PDB_9Z6Z_1	321	2	AMBIGUOUS - NSEQ matches no known subset size	YES	none	092f41210d8bbeec321f358d43c4dc885b2dc719724ad6afe51e1867fadc9986	PRIOR / AUDIT / COMPARATOR - not training truth for g4	prior model	profile HMMs found under the audited prior trees
/home/borg/RESEARCH-in-sleep-RETRON-DB_V3/ARIS_OUTPUT/stage2b_assessor_redesign/step3_hmm/cache/lofo/perfam_RVT-UG5_CAND_UG5_1.hmm	perfam_RVT-UG5_CAND_UG5_1	perfam_RVT-UG5_CAND_UG5_1	364	2	AMBIGUOUS - NSEQ matches no known subset size	YES	none	be726cbc0167b71264d5dbd9fe830d7a0129f63239c662c2bcb608120ae7f937	PRIOR / AUDIT / COMPARATOR - not training truth for g4	prior model	profile HMMs found under the audited prior trees
/home/borg/RESEARCH-in-sleep-RETRON-DB_V3/ARIS_OUTPUT/stage2b_assessor_redesign/step3_hmm/cache/lofo/perfam_RVT-UG5_CAND_UG5_84.hmm	perfam_RVT-UG5_CAND_UG5_84	perfam_RVT-UG5_CAND_UG5_84	539	2	AMBIGUOUS - NSEQ matches no known subset size	YES	none	4f73939fc0fbe3236f890e8075d5899a4c04c48f57af3f178d65ec065baec59b	PRIOR / AUDIT / COMPARATOR - not training truth for g4	prior model	profile HMMs found under the audited prior trees
/home/borg/RESEARCH-in-sleep-RETRON-DB_V3/ARIS_OUTPUT/stage2b_assessor_redesign/step3_hmm/cache/lofo/perfam_RVT-UG5_CAND_UG5_93.hmm	perfam_RVT-UG5_CAND_UG5_93	perfam_RVT-UG5_CAND_UG5_93	551	2	AMBIGUOUS - NSEQ matches no known subset size	YES	none	202fffb1573d3adf84878da30fc25c0360d9fffae62387072d1625705b7ec4b0	PRIOR / AUDIT / COMPARATOR - not training truth for g4	prior model	profile HMMs found under the audited prior trees
/home/borg/RESEARCH-in-sleep-RETRON-DB_V3/ARIS_OUTPUT/stage2b_assessor_redesign/step3_hmm/cache/lofo/perfam_RVT-UG6_CAND_UG6_32.hmm	perfam_RVT-UG6_CAND_UG6_32	perfam_RVT-UG6_CAND_UG6_32	409	2	AMBIGUOUS - NSEQ matches no known subset size	YES	none	77f57bf3c454655d63f41a11c4fbb6581cb1bff787fdded98dbed73e9dc5120f	PRIOR / AUDIT / COMPARATOR - not training truth for g4	prior model	profile HMMs found under the audited prior trees
/home/borg/RESEARCH-in-sleep-RETRON-DB_V3/ARIS_OUTPUT/stage2b_assessor_redesign/step3_hmm/cache/lofo/perfam_RVT-UG6_CAND_UG6_41.hmm	perfam_RVT-UG6_CAND_UG6_41	perfam_RVT-UG6_CAND_UG6_41	353	2	AMBIGUOUS - NSEQ matches no known subset size	YES	none	79aab85adc6cff6740d6644295ec426841f9553c375677ce59c27892c7968e8a	PRIOR / AUDIT / COMPARATOR - not training truth for g4	prior model	profile HMMs found under the audited prior trees
/home/borg/RESEARCH-in-sleep-RETRON-DB_V3/ARIS_OUTPUT/stage2b_assessor_redesign/step3_hmm/cache/lofo/perfam_RVT-UG6_CAND_UG6_87.hmm	perfam_RVT-UG6_CAND_UG6_87	perfam_RVT-UG6_CAND_UG6_87	433	2	AMBIGUOUS - NSEQ matches no known subset size	YES	none	09e796cbbb2d798ee36d058df3cf2b2ee59141d82d4856135f9adcd596b68f39	PRIOR / AUDIT / COMPARATOR - not training truth for g4	prior model	profile HMMs found under the audited prior trees
/home/borg/RESEARCH-in-sleep-RETRON-DB_V3/ARIS_OUTPUT/stage2b_assessor_redesign/step3_hmm/cache/lofo/perfam_RVT-UG8_CAND_UG8_118.hmm	perfam_RVT-UG8_CAND_UG8_118	perfam_RVT-UG8_CAND_UG8_118	358	7	AMBIGUOUS - NSEQ matches no known subset size	YES	none	9d4cc375c8c1f24ccf7ab0ea5510cea101d027c2e4ec6db7618ad5bdf34d2836	PRIOR / AUDIT / COMPARATOR - not training truth for g4	prior model	profile HMMs found under the audited prior trees
/home/borg/RESEARCH-in-sleep-RETRON-DB_V3/ARIS_OUTPUT/stage2b_assessor_redesign/step3_hmm/cache/lofo/perfam_RVT-UG8_CAND_UG8_126.hmm	perfam_RVT-UG8_CAND_UG8_126	perfam_RVT-UG8_CAND_UG8_126	359	7	AMBIGUOUS - NSEQ matches no known subset size	YES	none	926bdb9446cc23eb1833672e4d5adb6a9dc96a7a22c94be5a48d1ee27b695d93	PRIOR / AUDIT / COMPARATOR - not training truth for g4	prior model	profile HMMs found under the audited prior trees
/home/borg/RESEARCH-in-sleep-RETRON-DB_V3/ARIS_OUTPUT/stage2b_assessor_redesign/step3_hmm/cache/lofo/perfam_RVT-UG8_CAND_UG8_473.hmm	perfam_RVT-UG8_CAND_UG8_473	perfam_RVT-UG8_CAND_UG8_473	357	7	AMBIGUOUS - NSEQ matches no known subset size	YES	none	3e151c43442d62e6275db744b2c64748cf6c4235cecc1f0e1982298d6acdfbbe	PRIOR / AUDIT / COMPARATOR - not training truth for g4	prior model	profile HMMs found under the audited prior trees
/home/borg/RESEARCH-in-sleep-RETRON-DB_V3/ARIS_OUTPUT/stage2b_assessor_redesign/step3_hmm/cache/lofo/perfam_RVT-UG8_CAND_UG8_49.hmm	perfam_RVT-UG8_CAND_UG8_49	perfam_RVT-UG8_CAND_UG8_49	359	7	AMBIGUOUS - NSEQ matches no known subset size	YES	none	2af21ae57bf00def7cc70cdf301f7a55c27e86d5ad6bd6ccad979c0e89d2c5a8	PRIOR / AUDIT / COMPARATOR - not training truth for g4	prior model	profile HMMs found under the audited prior trees
/home/borg/RESEARCH-in-sleep-RETRON-DB_V3/ARIS_OUTPUT/stage2b_assessor_redesign/step3_hmm/cache/lofo/perfam_RVT-UG8_CAND_UG8_80.hmm	perfam_RVT-UG8_CAND_UG8_80	perfam_RVT-UG8_CAND_UG8_80	309	7	AMBIGUOUS - NSEQ matches no known subset size	YES	none	83ea9dd73396a83a1d427a947043e4ead4c757c9b404fcb48f0aae7e2f0e715d	PRIOR / AUDIT / COMPARATOR - not training truth for g4	prior model	profile HMMs found under the audited prior trees
/home/borg/RESEARCH-in-sleep-RETRON-DB_V3/ARIS_OUTPUT/stage2b_assessor_redesign/step3_hmm/cache/lofo/perfam_RVT-UG8_CAND_UG8_99.hmm	perfam_RVT-UG8_CAND_UG8_99	perfam_RVT-UG8_CAND_UG8_99	311	7	AMBIGUOUS - NSEQ matches no known subset size	YES	none	168a667cc609d31e4d5eb064e33f4d1c02e5c8260e8b87bc48a7209aac189b8b	PRIOR / AUDIT / COMPARATOR - not training truth for g4	prior model	profile HMMs found under the audited prior trees
/home/borg/RESEARCH-in-sleep-RETRON-DB_V3/ARIS_OUTPUT/stage2b_assessor_redesign/step3_hmm/cache/lofo/perfam_RVT-UG8_PDB_26CZ_1.hmm	perfam_RVT-UG8_PDB_26CZ_1	perfam_RVT-UG8_PDB_26CZ_1	311	7	AMBIGUOUS - NSEQ matches no known subset size	YES	none	974200d7fa718b955c28241aa193ce889d2b9e7cbefa0091eafd2dc670a3bc91	PRIOR / AUDIT / COMPARATOR - not training truth for g4	prior model	profile HMMs found under the audited prior trees
/home/borg/RESEARCH-in-sleep-RETRON-DB_V3/ARIS_OUTPUT/stage2b_assessor_redesign/step3_hmm/cache/lofo/perfam_RVT-UG8_PDB_9Z6Z_2.hmm	perfam_RVT-UG8_PDB_9Z6Z_2	perfam_RVT-UG8_PDB_9Z6Z_2	310	7	AMBIGUOUS - NSEQ matches no known subset size	YES	none	c389e47486cc07598659890418cfde0982b53a72e7ccd9909a3ddc00b77ad9f4	PRIOR / AUDIT / COMPARATOR - not training truth for g4	prior model	profile HMMs found under the audited prior trees
/home/borg/RESEARCH-in-sleep-RETRON-DB_V3/ARIS_OUTPUT/stage2b_assessor_redesign/step3_hmm/models/A_block_RT1.hmm	A_block_RT1	A_block_RT1	43	71	AMBIGUOUS - NSEQ matches no known subset size	YES	none	222550f79464614bbbedf4e4e32bede510018f82be336c64d6e89b99dbc451e4	PRIOR / AUDIT / COMPARATOR - not training truth for g4	prior model	profile HMMs found under the audited prior trees
/home/borg/RESEARCH-in-sleep-RETRON-DB_V3/ARIS_OUTPUT/stage2b_assessor_redesign/step3_hmm/models/A_block_RT2.hmm	A_block_RT2	A_block_RT2	32	72	anchors72 - the anchor set, itself inside all167	YES	none	9895fe928b55454ef091431b2feefeaa73defdc51bb704b6e4cec88a6eb51e3f	PRIOR / AUDIT / COMPARATOR - not training truth for g4	prior model	profile HMMs found under the audited prior trees
/home/borg/RESEARCH-in-sleep-RETRON-DB_V3/ARIS_OUTPUT/stage2b_assessor_redesign/step3_hmm/models/A_block_RT3.hmm	A_block_RT3	A_block_RT3	31	72	anchors72 - the anchor set, itself inside all167	YES	none	b05455b5984545395db22d3d1283191f489fede2739f36b1ea70980e223b98aa	PRIOR / AUDIT / COMPARATOR - not training truth for g4	prior model	profile HMMs found under the audited prior trees
/home/borg/RESEARCH-in-sleep-RETRON-DB_V3/ARIS_OUTPUT/stage2b_assessor_redesign/step3_hmm/models/A_block_RT4.hmm	A_block_RT4	A_block_RT4	38	72	anchors72 - the anchor set, itself inside all167	YES	none	f424e045c070bf2a59a4b1e878345eb775156b69c87d3ef9ec4f8d3db53b8499	PRIOR / AUDIT / COMPARATOR - not training truth for g4	prior model	profile HMMs found under the audited prior trees
/home/borg/RESEARCH-in-sleep-RETRON-DB_V3/ARIS_OUTPUT/stage2b_assessor_redesign/step3_hmm/models/A_block_RT5.hmm	A_block_RT5	A_block_RT5	31	72	anchors72 - the anchor set, itself inside all167	YES	none	7294d413adb6a009f1a8ce7de1e4bc7e06d2122bc70027f5aa6e8471db6abde6	PRIOR / AUDIT / COMPARATOR - not training truth for g4	prior model	profile HMMs found under the audited prior trees
/home/borg/RESEARCH-in-sleep-RETRON-DB_V3/ARIS_OUTPUT/stage2b_assessor_redesign/step3_hmm/models/A_block_RT6.hmm	A_block_RT6	A_block_RT6	26	72	anchors72 - the anchor set, itself inside all167	YES	none	3bf273e22baae164335518a338c79a8bccd5943e149df9c6eeeb7ff87a02c8f6	PRIOR / AUDIT / COMPARATOR - not training truth for g4	prior model	profile HMMs found under the audited prior trees
/home/borg/RESEARCH-in-sleep-RETRON-DB_V3/ARIS_OUTPUT/stage2b_assessor_redesign/step3_hmm/models/A_block_RT7.hmm	A_block_RT7	A_block_RT7	25	72	anchors72 - the anchor set, itself inside all167	YES	none	d07df198fad635c3cc11e5e63ce0820591fd105842e2f0600e89b45f03d82786	PRIOR / AUDIT / COMPARATOR - not training truth for g4	prior model	profile HMMs found under the audited prior trees
/home/borg/RESEARCH-in-sleep-RETRON-DB_V3/ARIS_OUTPUT/stage2b_assessor_redesign/step3_hmm/models/A_core.hmm	A_core	A_core	171	72	anchors72 - the anchor set, itself inside all167	YES	none	fd9ee184265e44958124ef38801cd58045deb33f2a0f402f5244570182f7be5f	PRIOR / AUDIT / COMPARATOR - not training truth for g4	prior model	profile HMMs found under the audited prior trees
/home/borg/RESEARCH-in-sleep-RETRON-DB_V3/ARIS_OUTPUT/stage2b_assessor_redesign/step3_hmm/models/A_core_hand.hmm	A_core_hand	A_core_hand	457	72	anchors72 - the anchor set, itself inside all167	YES	none	dc13097d527bdf90237e7aef568fc15bdbc99e44ea05788392b279e2b4ab597f	PRIOR / AUDIT / COMPARATOR - not training truth for g4	prior model	profile HMMs found under the audited prior trees
/home/borg/RESEARCH-in-sleep-RETRON-DB_V3/ARIS_OUTPUT/stage2b_assessor_redesign/step3_hmm/models/A_coreflank.hmm	A_coreflank	A_coreflank	272	72	anchors72 - the anchor set, itself inside all167	YES	none	c840799bd52b4f541a3ab4981921bd211998538a81f88e2110e30bcc88371c04	PRIOR / AUDIT / COMPARATOR - not training truth for g4	prior model	profile HMMs found under the audited prior trees
/home/borg/RESEARCH-in-sleep-RETRON-DB_V3/ARIS_OUTPUT/stage2b_assessor_redesign/step3_hmm/models/A_coreflank_hand.hmm	A_coreflank_hand	A_coreflank_hand	757	72	anchors72 - the anchor set, itself inside all167	YES	none	fd9f3c1a7403142d5e6168c70da5e0ac9a1ef716287c1a73c62c463e5b2de6dc	PRIOR / AUDIT / COMPARATOR - not training truth for g4	prior model	profile HMMs found under the audited prior trees
/home/borg/RESEARCH-in-sleep-RETRON-DB_V3/ARIS_OUTPUT/stage2b_assessor_redesign/step3_hmm/models/A_full.hmm	A_full	A_full	453	72	anchors72 - the anchor set, itself inside all167	YES	none	cbd2f2d70b501f95175b48a92acad9069158f10993b1846691efc070badbb292	PRIOR / AUDIT / COMPARATOR - not training truth for g4	prior model	profile HMMs found under the audited prior trees
/home/borg/RESEARCH-in-sleep-RETRON-DB_V3/ARIS_OUTPUT/stage2b_assessor_redesign/step3_hmm/models/A_span17.hmm	A_span17	A_span17	338	72	anchors72 - the anchor set, itself inside all167	YES	none	637c8fb0d21c9e63b9a67011e870a4caa67d241197342f7e9c74f61b7aab1b45	PRIOR / AUDIT / COMPARATOR - not training truth for g4	prior model	profile HMMs found under the audited prior trees
/home/borg/RESEARCH-in-sleep-RETRON-DB_V3/ARIS_OUTPUT/stage2b_assessor_redesign/step3_hmm/models/B_block_RT1.hmm	B_block_RT1	B_block_RT1	22	159	AMBIGUOUS - NSEQ matches no known subset size	YES	none	ab436c80f9398568afdd5ee0d570a949e66cbae34a463b430734698742d1c393	PRIOR / AUDIT / COMPARATOR - not training truth for g4	prior model	profile HMMs found under the audited prior trees
/home/borg/RESEARCH-in-sleep-RETRON-DB_V3/ARIS_OUTPUT/stage2b_assessor_redesign/step3_hmm/models/B_block_RT2.hmm	B_block_RT2	B_block_RT2	38	167	all167 (anchors72 + 95 CAND_*) - the old seed	YES	none	ec848db670811ddf5ce0650fc809aaf9deb0c74de6647834fd18d1054992a757	PRIOR / AUDIT / COMPARATOR - not training truth for g4	prior model	profile HMMs found under the audited prior trees
/home/borg/RESEARCH-in-sleep-RETRON-DB_V3/ARIS_OUTPUT/stage2b_assessor_redesign/step3_hmm/models/B_block_RT3.hmm	B_block_RT3	B_block_RT3	26	167	all167 (anchors72 + 95 CAND_*) - the old seed	YES	none	e3ab8b1d05cb3d8160bef3230ca15e0aae98c0df6c6dcb900019dc62732d30f5	PRIOR / AUDIT / COMPARATOR - not training truth for g4	prior model	profile HMMs found under the audited prior trees
/home/borg/RESEARCH-in-sleep-RETRON-DB_V3/ARIS_OUTPUT/stage2b_assessor_redesign/step3_hmm/models/B_block_RT4.hmm	B_block_RT4	B_block_RT4	32	167	all167 (anchors72 + 95 CAND_*) - the old seed	YES	none	aaad5377119cee6f8f14f9b2241268cbe94149d8a504c67934992b674de5cb19	PRIOR / AUDIT / COMPARATOR - not training truth for g4	prior model	profile HMMs found under the audited prior trees
/home/borg/RESEARCH-in-sleep-RETRON-DB_V3/ARIS_OUTPUT/stage2b_assessor_redesign/step3_hmm/models/B_block_RT5.hmm	B_block_RT5	B_block_RT5	30	167	all167 (anchors72 + 95 CAND_*) - the old seed	YES	none	180a9bc08ec97b04df5b1c4512d78a99923ded60e2b59f2886a127ea2c987ad4	PRIOR / AUDIT / COMPARATOR - not training truth for g4	prior model	profile HMMs found under the audited prior trees
/home/borg/RESEARCH-in-sleep-RETRON-DB_V3/ARIS_OUTPUT/stage2b_assessor_redesign/step3_hmm/models/B_block_RT6.hmm	B_block_RT6	B_block_RT6	22	167	all167 (anchors72 + 95 CAND_*) - the old seed	YES	none	4fc82b9fa39e3d96b51cd65f8fc17580996e140c228b31aa6d2ece582eb2c5eb	PRIOR / AUDIT / COMPARATOR - not training truth for g4	prior model	profile HMMs found under the audited prior trees
/home/borg/RESEARCH-in-sleep-RETRON-DB_V3/ARIS_OUTPUT/stage2b_assessor_redesign/step3_hmm/models/B_block_RT7.hmm	B_block_RT7	B_block_RT7	44	164	AMBIGUOUS - NSEQ matches no known subset size	YES	none	4b57e02af04fc4c6637151f46e2503cdad73e635920c4873c00630a5e2389138	PRIOR / AUDIT / COMPARATOR - not training truth for g4	prior model	profile HMMs found under the audited prior trees
/home/borg/RESEARCH-in-sleep-RETRON-DB_V3/ARIS_OUTPUT/stage2b_assessor_redesign/step3_hmm/models/B_core.hmm	B_core	B_core	177	167	all167 (anchors72 + 95 CAND_*) - the old seed	YES	none	75f981a002f572a28590c41ccbc0517c7bd17af159687cdd56f8e24bc319625e	PRIOR / AUDIT / COMPARATOR - not training truth for g4	prior model	profile HMMs found under the audited prior trees
/home/borg/RESEARCH-in-sleep-RETRON-DB_V3/ARIS_OUTPUT/stage2b_assessor_redesign/step3_hmm/models/B_core_hand.hmm	B_core_hand	B_core_hand	616	167	all167 (anchors72 + 95 CAND_*) - the old seed	YES	none	efc732b012639c92facdb54a270890d4d150a476885d347e0a8dc7105bd641f4	PRIOR / AUDIT / COMPARATOR - not training truth for g4	prior model	profile HMMs found under the audited prior trees
/home/borg/RESEARCH-in-sleep-RETRON-DB_V3/ARIS_OUTPUT/stage2b_assessor_redesign/step3_hmm/models/B_coreflank.hmm	B_coreflank	B_coreflank	248	167	all167 (anchors72 + 95 CAND_*) - the old seed	YES	none	274dd938e7f280b23b0279912972065f02956ba3549407736dde45c437aac2d2	PRIOR / AUDIT / COMPARATOR - not training truth for g4	prior model	profile HMMs found under the audited prior trees
/home/borg/RESEARCH-in-sleep-RETRON-DB_V3/ARIS_OUTPUT/stage2b_assessor_redesign/step3_hmm/models/B_coreflank_hand.hmm	B_coreflank_hand	B_coreflank_hand	916	167	all167 (anchors72 + 95 CAND_*) - the old seed	YES	none	920366782c8f3f3bc7b31908d9a96b5a177bed08e6909357a52200bb843b4ac8	PRIOR / AUDIT / COMPARATOR - not training truth for g4	prior model	profile HMMs found under the audited prior trees
/home/borg/RESEARCH-in-sleep-RETRON-DB_V3/ARIS_OUTPUT/stage2b_assessor_redesign/step3_hmm/models/B_full.hmm	B_full	B_full	376	167	all167 (anchors72 + 95 CAND_*) - the old seed	YES	none	00c756661c3d82af62addf4edbe4d6954370b0c003e2a2c29adb4e0d748d95a1	PRIOR / AUDIT / COMPARATOR - not training truth for g4	prior model	profile HMMs found under the audited prior trees
/home/borg/RESEARCH-in-sleep-RETRON-DB_V3/ARIS_OUTPUT/stage2b_assessor_redesign/step3_hmm/models/B_perfam_RVT-AbiK.hmm	B_perfam_RVT-AbiK	B_perfam_RVT-AbiK	316	5	AMBIGUOUS - NSEQ matches no known subset size	YES	none	7626bcf12f3cdf4515505a87bdb1959d65fd033b945a22fc203a46872650f1dc	PRIOR / AUDIT / COMPARATOR - not training truth for g4	prior model	profile HMMs found under the audited prior trees
/home/borg/RESEARCH-in-sleep-RETRON-DB_V3/ARIS_OUTPUT/stage2b_assessor_redesign/step3_hmm/models/B_perfam_RVT-AbiP2.hmm	B_perfam_RVT-AbiP2	B_perfam_RVT-AbiP2	259	6	AMBIGUOUS - NSEQ matches no known subset size	YES	none	528518b69160b1472d98d8425a370cee2fd7a112d03a2ca75d475581615362ba	PRIOR / AUDIT / COMPARATOR - not training truth for g4	prior model	profile HMMs found under the audited prior trees
/home/borg/RESEARCH-in-sleep-RETRON-DB_V3/ARIS_OUTPUT/stage2b_assessor_redesign/step3_hmm/models/B_perfam_RVT-CRISPR.hmm	B_perfam_RVT-CRISPR	B_perfam_RVT-CRISPR	266	6	AMBIGUOUS - NSEQ matches no known subset size	YES	none	eb1040cb5d4305a2e770aed1687b15e8a0c003366c4b04cf3a79ea9487036905	PRIOR / AUDIT / COMPARATOR - not training truth for g4	prior model	profile HMMs found under the audited prior trees
/home/borg/RESEARCH-in-sleep-RETRON-DB_V3/ARIS_OUTPUT/stage2b_assessor_redesign/step3_hmm/models/B_perfam_RVT-DGRs.hmm	B_perfam_RVT-DGRs	B_perfam_RVT-DGRs	251	5	AMBIGUOUS - NSEQ matches no known subset size	YES	none	ec6c3f49e8090d21e33c0d46b98e5542dfa6f2317c35584e7aa0439392c398d8	PRIOR / AUDIT / COMPARATOR - not training truth for g4	prior model	profile HMMs found under the audited prior trees
/home/borg/RESEARCH-in-sleep-RETRON-DB_V3/ARIS_OUTPUT/stage2b_assessor_redesign/step3_hmm/models/B_perfam_RVT-G2L.hmm	B_perfam_RVT-G2L	B_perfam_RVT-G2L	241	3	AMBIGUOUS - NSEQ matches no known subset size	YES	none	d41c680890dbc07b9c248627bda4e776e684e6a5f18bc74c2361e6216c1ce155	PRIOR / AUDIT / COMPARATOR - not training truth for g4	prior model	profile HMMs found under the audited prior trees
/home/borg/RESEARCH-in-sleep-RETRON-DB_V3/ARIS_OUTPUT/stage2b_assessor_redesign/step3_hmm/models/B_perfam_RVT-G2L4.hmm	B_perfam_RVT-G2L4	B_perfam_RVT-G2L4	255	5	AMBIGUOUS - NSEQ matches no known subset size	YES	none	11b4cd85e36b43168c6fb3ab2ae3f683710d41bf020c054ca4e9ed62a3f9f138	PRIOR / AUDIT / COMPARATOR - not training truth for g4	prior model	profile HMMs found under the audited prior trees
/home/borg/RESEARCH-in-sleep-RETRON-DB_V3/ARIS_OUTPUT/stage2b_assessor_redesign/step3_hmm/models/B_perfam_RVT-GII.hmm	B_perfam_RVT-GII	B_perfam_RVT-GII	246	4	AMBIGUOUS - NSEQ matches no known subset size	YES	none	d953b2474e00760dfc53c4316e34e348aab64df07c5bf0eeaf53750e49652005	PRIOR / AUDIT / COMPARATOR - not training truth for g4	prior model	profile HMMs found under the audited prior trees
/home/borg/RESEARCH-in-sleep-RETRON-DB_V3/ARIS_OUTPUT/stage2b_assessor_redesign/step3_hmm/models/B_perfam_RVT-Retrons.hmm	B_perfam_RVT-Retrons	B_perfam_RVT-Retrons	220	51	AMBIGUOUS - NSEQ matches no known subset size	YES	none	d85483030a02daeb4900948de28f46d40b3da1eb1300c1e7a1e243c97e19b4f2	PRIOR / AUDIT / COMPARATOR - not training truth for g4	prior model	profile HMMs found under the audited prior trees
/home/borg/RESEARCH-in-sleep-RETRON-DB_V3/ARIS_OUTPUT/stage2b_assessor_redesign/step3_hmm/models/B_perfam_RVT-UG1.hmm	B_perfam_RVT-UG1	B_perfam_RVT-UG1	281	4	AMBIGUOUS - NSEQ matches no known subset size	YES	none	0e2965a509cdc2f74b004f020951727359092c8b5132fc5f4784b4a526dfd052	PRIOR / AUDIT / COMPARATOR - not training truth for g4	prior model	profile HMMs found under the audited prior trees
/home/borg/RESEARCH-in-sleep-RETRON-DB_V3/ARIS_OUTPUT/stage2b_assessor_redesign/step3_hmm/models/B_perfam_RVT-UG12.hmm	B_perfam_RVT-UG12	B_perfam_RVT-UG12	246	7	AMBIGUOUS - NSEQ matches no known subset size	YES	none	7ea2277f10719048e82063f909f2db84b21759ed43eed6b5eafce9a9a0ebee2d	PRIOR / AUDIT / COMPARATOR - not training truth for g4	prior model	profile HMMs found under the audited prior trees
/home/borg/RESEARCH-in-sleep-RETRON-DB_V3/ARIS_OUTPUT/stage2b_assessor_redesign/step3_hmm/models/B_perfam_RVT-UG13.hmm	B_perfam_RVT-UG13	B_perfam_RVT-UG13	243	3	AMBIGUOUS - NSEQ matches no known subset size	YES	none	d1793d9aaf43380f9016979251bd8e6162cdb95bcec412e4af441dcd67ace76a	PRIOR / AUDIT / COMPARATOR - not training truth for g4	prior model	profile HMMs found under the audited prior trees
/home/borg/RESEARCH-in-sleep-RETRON-DB_V3/ARIS_OUTPUT/stage2b_assessor_redesign/step3_hmm/models/B_perfam_RVT-UG15.hmm	B_perfam_RVT-UG15	B_perfam_RVT-UG15	276	6	AMBIGUOUS - NSEQ matches no known subset size	YES	none	5fcb2802920f9fc7b6b710be0aa344964b074a218626160719075f74d7f8eced	PRIOR / AUDIT / COMPARATOR - not training truth for g4	prior model	profile HMMs found under the audited prior trees
/home/borg/RESEARCH-in-sleep-RETRON-DB_V3/ARIS_OUTPUT/stage2b_assessor_redesign/step3_hmm/models/B_perfam_RVT-UG16.hmm	B_perfam_RVT-UG16	B_perfam_RVT-UG16	272	3	AMBIGUOUS - NSEQ matches no known subset size	YES	none	76605489cfa1fb4425326770c53e26cc30413ff386b5f27392e869e8dace4894	PRIOR / AUDIT / COMPARATOR - not training truth for g4	prior model	profile HMMs found under the audited prior trees
/home/borg/RESEARCH-in-sleep-RETRON-DB_V3/ARIS_OUTPUT/stage2b_assessor_redesign/step3_hmm/models/B_perfam_RVT-UG17.hmm	B_perfam_RVT-UG17	B_perfam_RVT-UG17	238	3	AMBIGUOUS - NSEQ matches no known subset size	YES	none	a6cb683a4588ce3ebb22c9157f38ec59b990870d05ec6921844acc1ad9f00bbd	PRIOR / AUDIT / COMPARATOR - not training truth for g4	prior model	profile HMMs found under the audited prior trees
/home/borg/RESEARCH-in-sleep-RETRON-DB_V3/ARIS_OUTPUT/stage2b_assessor_redesign/step3_hmm/models/B_perfam_RVT-UG19.hmm	B_perfam_RVT-UG19	B_perfam_RVT-UG19	251	3	AMBIGUOUS - NSEQ matches no known subset size	YES	none	e67d9e2d4508ac6d10ebee78a487cfd2c03e1e0b3d91e6eb9038eeda3f75e349	PRIOR / AUDIT / COMPARATOR - not training truth for g4	prior model	profile HMMs found under the audited prior trees
/home/borg/RESEARCH-in-sleep-RETRON-DB_V3/ARIS_OUTPUT/stage2b_assessor_redesign/step3_hmm/models/B_perfam_RVT-UG2.hmm	B_perfam_RVT-UG2	B_perfam_RVT-UG2	294	5	AMBIGUOUS - NSEQ matches no known subset size	YES	none	962e2d93e111cc3e53e9d192d181f2c8f8d73cf95ac14e4b068421018b9b9621	PRIOR / AUDIT / COMPARATOR - not training truth for g4	prior model	profile HMMs found under the audited prior trees
/home/borg/RESEARCH-in-sleep-RETRON-DB_V3/ARIS_OUTPUT/stage2b_assessor_redesign/step3_hmm/models/B_perfam_RVT-UG20.hmm	B_perfam_RVT-UG20	B_perfam_RVT-UG20	285	3	AMBIGUOUS - NSEQ matches no known subset size	YES	none	6e87de4dcbe97fe729285e8b94b149c6b48f5f48c27ed908b5c4f22ce2fc9df5	PRIOR / AUDIT / COMPARATOR - not training truth for g4	prior model	profile HMMs found under the audited prior trees
/home/borg/RESEARCH-in-sleep-RETRON-DB_V3/ARIS_OUTPUT/stage2b_assessor_redesign/step3_hmm/models/B_perfam_RVT-UG22.hmm	B_perfam_RVT-UG22	B_perfam_RVT-UG22	263	3	AMBIGUOUS - NSEQ matches no known subset size	YES	none	e5b86d7ce8231f245434c39c85bcdbcf22a2abb657e9479089b0643e57f75542	PRIOR / AUDIT / COMPARATOR - not training truth for g4	prior model	profile HMMs found under the audited prior trees
/home/borg/RESEARCH-in-sleep-RETRON-DB_V3/ARIS_OUTPUT/stage2b_assessor_redesign/step3_hmm/models/B_perfam_RVT-UG26.hmm	B_perfam_RVT-UG26	B_perfam_RVT-UG26	235	3	AMBIGUOUS - NSEQ matches no known subset size	YES	none	d473fc3947b81010491c3982f7673d26a6322c7a9db0a80f2221260f1a78bb0b	PRIOR / AUDIT / COMPARATOR - not training truth for g4	prior model	profile HMMs found under the audited prior trees
/home/borg/RESEARCH-in-sleep-RETRON-DB_V3/ARIS_OUTPUT/stage2b_assessor_redesign/step3_hmm/models/B_perfam_RVT-UG3.hmm	B_perfam_RVT-UG3	B_perfam_RVT-UG3	263	3	AMBIGUOUS - NSEQ matches no known subset size	YES	none	370e829255b0609fd7f2956d0c8ba437f4033be654927abb7b0071d7cfdb568f	PRIOR / AUDIT / COMPARATOR - not training truth for g4	prior model	profile HMMs found under the audited prior trees
/home/borg/RESEARCH-in-sleep-RETRON-DB_V3/ARIS_OUTPUT/stage2b_assessor_redesign/step3_hmm/models/B_perfam_RVT-UG5.hmm	B_perfam_RVT-UG5	B_perfam_RVT-UG5	311	3	AMBIGUOUS - NSEQ matches no known subset size	YES	none	27685edb09809d7425246de3ae1ea7cb67b8ddc321b8565a6f7b508f15232d64	PRIOR / AUDIT / COMPARATOR - not training truth for g4	prior model	profile HMMs found under the audited prior trees
/home/borg/RESEARCH-in-sleep-RETRON-DB_V3/ARIS_OUTPUT/stage2b_assessor_redesign/step3_hmm/models/B_perfam_RVT-UG6.hmm	B_perfam_RVT-UG6	B_perfam_RVT-UG6	251	3	AMBIGUOUS - NSEQ matches no known subset size	YES	none	a7086deb3e3205b6508cd7726a000cd9f68107d820c34f208d23f3fd6e73bb1d	PRIOR / AUDIT / COMPARATOR - not training truth for g4	prior model	profile HMMs found under the audited prior trees
/home/borg/RESEARCH-in-sleep-RETRON-DB_V3/ARIS_OUTPUT/stage2b_assessor_redesign/step3_hmm/models/B_perfam_RVT-UG8.hmm	B_perfam_RVT-UG8	B_perfam_RVT-UG8	314	8	AMBIGUOUS - NSEQ matches no known subset size	YES	none	44248c59fd1ed34ad95c5c6e24d1f75ad80496573da574d133667c1a8a3a26ce	PRIOR / AUDIT / COMPARATOR - not training truth for g4	prior model	profile HMMs found under the audited prior trees
/home/borg/RESEARCH-in-sleep-RETRON-DB_V3/ARIS_OUTPUT/stage2b_assessor_redesign/step3_hmm/models/B_span17.hmm	B_span17	B_span17	305	167	all167 (anchors72 + 95 CAND_*) - the old seed	YES	RT17_CORE	f3ddb0b5deb5e1488027ac0e11e3b7efa66dbcf044be154b6bb766fa9cad419a	PRIOR / AUDIT / COMPARATOR - not training truth for g4	prior model	profile HMMs found under the audited prior trees
/home/borg/RESEARCH-in-sleep-RETRON-DB_V3/ARIS_OUTPUT/stage2b_assessor_redesign/step3_hmm/models/RT17_CORE.hmm	B_span17	RT17_CORE	305	167	all167 (anchors72 + 95 CAND_*) - the old seed	NO - declares B_span17	B_span17	f3ddb0b5deb5e1488027ac0e11e3b7efa66dbcf044be154b6bb766fa9cad419a	PRIOR / AUDIT / COMPARATOR - not training truth for g4	prior model	profile HMMs found under the audited prior trees
/home/borg/RESEARCH-in-sleep-RETRON-DB_V3/ARIS_OUTPUT/stage2b_assessor_redesign/step6_undetected_char/cache/famscan/full_RT_only.hmm	RVT-AbiA_full_RT	full_RT_only	339	19	AMBIGUOUS - NSEQ matches no known subset size	NO - declares RVT-AbiA_full_RT	none	729a96664a8b96404e1df4bd065726723c1bcf017989cf3e89478dece7a4fc19	PRIOR / AUDIT / COMPARATOR - not training truth for g4	prior model	profile HMMs found under the audited prior trees
/home/borg/RESEARCH-in-sleep-RETRON-DB_V3/ARIS_OUTPUT/stage2b_assessor_redesign/step7_reseed/models/RT17_CORE_v7.hmm	RT17_CORE_v7	RT17_CORE_v7	314	201	AMBIGUOUS - NSEQ matches no known subset size	YES	none	4d1341ed982668e74447fb86360c0fa09646e6682af8639da5f40f7c4fcd608e	PRIOR / AUDIT / COMPARATOR - not training truth for g4	prior model	profile HMMs found under the audited prior trees
/home/borg/RESEARCH-in-sleep-RETRON-DB_V4/ARIS_OUTPUT/D_instrument/cache/d1d_rebuild/A_RT1_default.hmm	A_RT1_default	A_RT1_default	43	71	AMBIGUOUS - NSEQ matches no known subset size	YES	none	cc3b6ec66b6954aead86a57434012b7e264ecf48cec947f01d4e7f135c294288	PRIOR / AUDIT / COMPARATOR - not training truth for g4	prior model	profile HMMs found under the audited prior trees
/home/borg/RESEARCH-in-sleep-RETRON-DB_V4/ARIS_OUTPUT/D_instrument/cache/d1d_rebuild/A_RT1_frag1.hmm	A_RT1_frag1	A_RT1_frag1	48	71	AMBIGUOUS - NSEQ matches no known subset size	YES	none	685971489f9b1f7957ae74c41403e6bd4363b94d53290064b7f35bd223cc5e54	PRIOR / AUDIT / COMPARATOR - not training truth for g4	prior model	profile HMMs found under the audited prior trees
/home/borg/RESEARCH-in-sleep-RETRON-DB_V4/ARIS_OUTPUT/D_instrument/cache/d1d_rebuild/A_RT1_hand.hmm	A_RT1_hand	A_RT1_hand	61	71	AMBIGUOUS - NSEQ matches no known subset size	YES	none	ce5298814cee1b4a23eb913b9080e06606eab1cc26567fa7c4b7ca9223f0c46e	PRIOR / AUDIT / COMPARATOR - not training truth for g4	prior model	profile HMMs found under the audited prior trees
/home/borg/RESEARCH-in-sleep-RETRON-DB_V4/ARIS_OUTPUT/D_instrument/cache/d1d_rebuild/A_RT1_wnone.hmm	A_RT1_wnone	A_RT1_wnone	48	71	AMBIGUOUS - NSEQ matches no known subset size	YES	none	d2028535e52045af6dab93e0d1cf16d679a2f60595bd364cea6dce32cbdaa771	PRIOR / AUDIT / COMPARATOR - not training truth for g4	prior model	profile HMMs found under the audited prior trees
/home/borg/RESEARCH-in-sleep-RETRON-DB_V4/ARIS_OUTPUT/D_instrument/cache/d1d_rebuild/A_RT1_wnone_frag1.hmm	A_RT1_wnone_frag1	A_RT1_wnone_frag1	48	71	AMBIGUOUS - NSEQ matches no known subset size	YES	none	d001be5e23691ed4bf9ea57de2f5d855e3fdfb6f58e17f1ef9ffe30fb8a0fc53	PRIOR / AUDIT / COMPARATOR - not training truth for g4	prior model	profile HMMs found under the audited prior trees
/home/borg/RESEARCH-in-sleep-RETRON-DB_V4/ARIS_OUTPUT/D_instrument/cache/d1d_rebuild/A_RT2_default.hmm	A_RT2_default	A_RT2_default	32	72	anchors72 - the anchor set, itself inside all167	YES	none	f1bb8427140bfea71de6e14ebefc0d409e91a758d6c7fac60f25950f275d4d22	PRIOR / AUDIT / COMPARATOR - not training truth for g4	prior model	profile HMMs found under the audited prior trees
/home/borg/RESEARCH-in-sleep-RETRON-DB_V4/ARIS_OUTPUT/D_instrument/cache/d1d_rebuild/A_RT2_frag1.hmm	A_RT2_frag1	A_RT2_frag1	37	72	anchors72 - the anchor set, itself inside all167	YES	none	f2e0a34cb50c4e220f766bcaac2dafe183be35121ae82b1ad36c33804570134a	PRIOR / AUDIT / COMPARATOR - not training truth for g4	prior model	profile HMMs found under the audited prior trees
/home/borg/RESEARCH-in-sleep-RETRON-DB_V4/ARIS_OUTPUT/D_instrument/cache/d1d_rebuild/A_RT2_hand.hmm	A_RT2_hand	A_RT2_hand	61	72	anchors72 - the anchor set, itself inside all167	YES	none	4660c55f5d96c2e204b5478bf600e9777cc21db86f3fa634e284aa156fcc0765	PRIOR / AUDIT / COMPARATOR - not training truth for g4	prior model	profile HMMs found under the audited prior trees
/home/borg/RESEARCH-in-sleep-RETRON-DB_V4/ARIS_OUTPUT/D_instrument/cache/d1d_rebuild/A_RT2_wnone.hmm	A_RT2_wnone	A_RT2_wnone	32	72	anchors72 - the anchor set, itself inside all167	YES	none	b32834cfd84271532b0f13e74e6c623d7e201721ace1212c8b6b0b9aba890792	PRIOR / AUDIT / COMPARATOR - not training truth for g4	prior model	profile HMMs found under the audited prior trees
/home/borg/RESEARCH-in-sleep-RETRON-DB_V4/ARIS_OUTPUT/D_instrument/cache/d1d_rebuild/A_RT2_wnone_frag1.hmm	A_RT2_wnone_frag1	A_RT2_wnone_frag1	37	72	anchors72 - the anchor set, itself inside all167	YES	none	8c0bdd115795f3b0fcba971982b2b5caf0e5f20d46dee8af251fa937aedcbbbe	PRIOR / AUDIT / COMPARATOR - not training truth for g4	prior model	profile HMMs found under the audited prior trees
/home/borg/RESEARCH-in-sleep-RETRON-DB_V4/ARIS_OUTPUT/D_instrument/cache/d1d_rebuild/A_RT3_default.hmm	A_RT3_default	A_RT3_default	31	72	anchors72 - the anchor set, itself inside all167	YES	none	97a8bfdb015d1231e4f4aff1541594fa517b354f64fa6c22cc5ffa09f453c03b	PRIOR / AUDIT / COMPARATOR - not training truth for g4	prior model	profile HMMs found under the audited prior trees
/home/borg/RESEARCH-in-sleep-RETRON-DB_V4/ARIS_OUTPUT/D_instrument/cache/d1d_rebuild/A_RT3_frag1.hmm	A_RT3_frag1	A_RT3_frag1	40	72	anchors72 - the anchor set, itself inside all167	YES	none	5baa25fadef1bb506bc6fbcafd3c452e4d29c16caaf2c35d26b152c7e50d3ce1	PRIOR / AUDIT / COMPARATOR - not training truth for g4	prior model	profile HMMs found under the audited prior trees
/home/borg/RESEARCH-in-sleep-RETRON-DB_V4/ARIS_OUTPUT/D_instrument/cache/d1d_rebuild/A_RT3_hand.hmm	A_RT3_hand	A_RT3_hand	61	72	anchors72 - the anchor set, itself inside all167	YES	none	39aaa010e9df9a589f27db1597f18c0be0e415ff1b4bc81b7d3de7540006d9ab	PRIOR / AUDIT / COMPARATOR - not training truth for g4	prior model	profile HMMs found under the audited prior trees
/home/borg/RESEARCH-in-sleep-RETRON-DB_V4/ARIS_OUTPUT/D_instrument/cache/d1d_rebuild/A_RT3_wnone.hmm	A_RT3_wnone	A_RT3_wnone	32	72	anchors72 - the anchor set, itself inside all167	YES	none	17c88ac2acb687051cf8eb677dfe99eebecb658bd67d0653e0c17730a78641b8	PRIOR / AUDIT / COMPARATOR - not training truth for g4	prior model	profile HMMs found under the audited prior trees
/home/borg/RESEARCH-in-sleep-RETRON-DB_V4/ARIS_OUTPUT/D_instrument/cache/d1d_rebuild/A_RT3_wnone_frag1.hmm	A_RT3_wnone_frag1	A_RT3_wnone_frag1	57	72	anchors72 - the anchor set, itself inside all167	YES	none	51a605dbcc5d38a5e241ecca428e205512f05243354efe7f966b1a6cdec19fe4	PRIOR / AUDIT / COMPARATOR - not training truth for g4	prior model	profile HMMs found under the audited prior trees
/home/borg/RESEARCH-in-sleep-RETRON-DB_V4/ARIS_OUTPUT/D_instrument/cache/d1d_rebuild/A_RT4_default.hmm	A_RT4_default	A_RT4_default	38	72	anchors72 - the anchor set, itself inside all167	YES	none	9f063e4b092246c8ad64d74bc9d835caec382f69ede9c64eb64bb5ad1dde0c32	PRIOR / AUDIT / COMPARATOR - not training truth for g4	prior model	profile HMMs found under the audited prior trees
/home/borg/RESEARCH-in-sleep-RETRON-DB_V4/ARIS_OUTPUT/D_instrument/cache/d1d_rebuild/A_RT4_frag1.hmm	A_RT4_frag1	A_RT4_frag1	50	72	anchors72 - the anchor set, itself inside all167	YES	none	70f95fb7ee905732ce632b83c680391aced0b047914c180170043eaaed8233bc	PRIOR / AUDIT / COMPARATOR - not training truth for g4	prior model	profile HMMs found under the audited prior trees
/home/borg/RESEARCH-in-sleep-RETRON-DB_V4/ARIS_OUTPUT/D_instrument/cache/d1d_rebuild/A_RT4_hand.hmm	A_RT4_hand	A_RT4_hand	61	72	anchors72 - the anchor set, itself inside all167	YES	none	c5fb208fd0b5e692fbfcc6d5556d4a5d38ed35afb87fab07757651ee384438df	PRIOR / AUDIT / COMPARATOR - not training truth for g4	prior model	profile HMMs found under the audited prior trees
/home/borg/RESEARCH-in-sleep-RETRON-DB_V4/ARIS_OUTPUT/D_instrument/cache/d1d_rebuild/A_RT4_wnone.hmm	A_RT4_wnone	A_RT4_wnone	39	72	anchors72 - the anchor set, itself inside all167	YES	none	414847e2617f84f470c488743e5c38521fb457ac8889e9992032c81453bd40c1	PRIOR / AUDIT / COMPARATOR - not training truth for g4	prior model	profile HMMs found under the audited prior trees
/home/borg/RESEARCH-in-sleep-RETRON-DB_V4/ARIS_OUTPUT/D_instrument/cache/d1d_rebuild/A_RT4_wnone_frag1.hmm	A_RT4_wnone_frag1	A_RT4_wnone_frag1	50	72	anchors72 - the anchor set, itself inside all167	YES	none	f5f95045c0b76b6d8fc2433be2b98043377804b3dae6f1827d02d57e984b9220	PRIOR / AUDIT / COMPARATOR - not training truth for g4	prior model	profile HMMs found under the audited prior trees
/home/borg/RESEARCH-in-sleep-RETRON-DB_V4/ARIS_OUTPUT/D_instrument/cache/d1d_rebuild/A_RT5_default.hmm	A_RT5_default	A_RT5_default	31	72	anchors72 - the anchor set, itself inside all167	YES	none	4dfe6c0adcc29038626f70d8e84d2b862e575b983ff8e8921f2522e14676f2a2	PRIOR / AUDIT / COMPARATOR - not training truth for g4	prior model	profile HMMs found under the audited prior trees
/home/borg/RESEARCH-in-sleep-RETRON-DB_V4/ARIS_OUTPUT/D_instrument/cache/d1d_rebuild/A_RT5_frag1.hmm	A_RT5_frag1	A_RT5_frag1	34	72	anchors72 - the anchor set, itself inside all167	YES	none	e76d176b552cbf6dedf425bdacf343d8ae1f5858eb04e191124607a55af5a1f1	PRIOR / AUDIT / COMPARATOR - not training truth for g4	prior model	profile HMMs found under the audited prior trees
/home/borg/RESEARCH-in-sleep-RETRON-DB_V4/ARIS_OUTPUT/D_instrument/cache/d1d_rebuild/A_RT5_hand.hmm	A_RT5_hand	A_RT5_hand	61	72	anchors72 - the anchor set, itself inside all167	YES	none	ebe58d527703f1e51b0b9815179abcead8df7bde9d9ca584a7ecf1c220d49d5f	PRIOR / AUDIT / COMPARATOR - not training truth for g4	prior model	profile HMMs found under the audited prior trees
/home/borg/RESEARCH-in-sleep-RETRON-DB_V4/ARIS_OUTPUT/D_instrument/cache/d1d_rebuild/A_RT5_wnone.hmm	A_RT5_wnone	A_RT5_wnone	32	72	anchors72 - the anchor set, itself inside all167	YES	none	a266dad8585c3e7c72ab2727d55ad8c2e53932c1fa0866a48296278d55e30109	PRIOR / AUDIT / COMPARATOR - not training truth for g4	prior model	profile HMMs found under the audited prior trees
/home/borg/RESEARCH-in-sleep-RETRON-DB_V4/ARIS_OUTPUT/D_instrument/cache/d1d_rebuild/A_RT5_wnone_frag1.hmm	A_RT5_wnone_frag1	A_RT5_wnone_frag1	35	72	anchors72 - the anchor set, itself inside all167	YES	none	653cb8c9e4e428b6fe55ff4ab9211f781d68afdbccb33dbf7ddadb1413dc54c6	PRIOR / AUDIT / COMPARATOR - not training truth for g4	prior model	profile HMMs found under the audited prior trees
/home/borg/RESEARCH-in-sleep-RETRON-DB_V4/ARIS_OUTPUT/D_instrument/cache/d1d_rebuild/A_RT6_default.hmm	A_RT6_default	A_RT6_default	26	72	anchors72 - the anchor set, itself inside all167	YES	none	ee645d5effb9281b29cef2b6ccb00397bb3fa8d2f2b36c185c35e7eae4fa192e	PRIOR / AUDIT / COMPARATOR - not training truth for g4	prior model	profile HMMs found under the audited prior trees
/home/borg/RESEARCH-in-sleep-RETRON-DB_V4/ARIS_OUTPUT/D_instrument/cache/d1d_rebuild/A_RT6_frag1.hmm	A_RT6_frag1	A_RT6_frag1	27	72	anchors72 - the anchor set, itself inside all167	YES	none	1492a5bd0b93aa397d00cc18eb17c628aafe05084842a6740b5b418f894dd654	PRIOR / AUDIT / COMPARATOR - not training truth for g4	prior model	profile HMMs found under the audited prior trees
/home/borg/RESEARCH-in-sleep-RETRON-DB_V4/ARIS_OUTPUT/D_instrument/cache/d1d_rebuild/A_RT6_hand.hmm	A_RT6_hand	A_RT6_hand	61	72	anchors72 - the anchor set, itself inside all167	YES	none	1abe7740b6e4f32da63e589e7f15d69a0b3b2548c6873e16379daa683216fd1a	PRIOR / AUDIT / COMPARATOR - not training truth for g4	prior model	profile HMMs found under the audited prior trees
/home/borg/RESEARCH-in-sleep-RETRON-DB_V4/ARIS_OUTPUT/D_instrument/cache/d1d_rebuild/A_RT6_wnone.hmm	A_RT6_wnone	A_RT6_wnone	27	72	anchors72 - the anchor set, itself inside all167	YES	none	4bea4be97e8d5c7a865a288df90de332cdb05e92cd728ee11f3042701ad73271	PRIOR / AUDIT / COMPARATOR - not training truth for g4	prior model	profile HMMs found under the audited prior trees
/home/borg/RESEARCH-in-sleep-RETRON-DB_V4/ARIS_OUTPUT/D_instrument/cache/d1d_rebuild/A_RT6_wnone_frag1.hmm	A_RT6_wnone_frag1	A_RT6_wnone_frag1	27	72	anchors72 - the anchor set, itself inside all167	YES	none	800af769c4d79fe579039552e0e127d5948f0340695dd6285e7644d677931f54	PRIOR / AUDIT / COMPARATOR - not training truth for g4	prior model	profile HMMs found under the audited prior trees
/home/borg/RESEARCH-in-sleep-RETRON-DB_V4/ARIS_OUTPUT/D_instrument/cache/d1d_rebuild/A_RT7_default.hmm	A_RT7_default	A_RT7_default	25	72	anchors72 - the anchor set, itself inside all167	YES	none	9351cc10fc64a70ac04a056875784b945c206f2990acec570c51216d8f5561c9	PRIOR / AUDIT / COMPARATOR - not training truth for g4	prior model	profile HMMs found under the audited prior trees
/home/borg/RESEARCH-in-sleep-RETRON-DB_V4/ARIS_OUTPUT/D_instrument/cache/d1d_rebuild/A_RT7_frag1.hmm	A_RT7_frag1	A_RT7_frag1	52	72	anchors72 - the anchor set, itself inside all167	YES	none	162b32d83255aba2da97f1c82811526608ed4aac6836aaf4ecc596b4a9a3935c	PRIOR / AUDIT / COMPARATOR - not training truth for g4	prior model	profile HMMs found under the audited prior trees
/home/borg/RESEARCH-in-sleep-RETRON-DB_V4/ARIS_OUTPUT/D_instrument/cache/d1d_rebuild/A_RT7_hand.hmm	A_RT7_hand	A_RT7_hand	61	72	anchors72 - the anchor set, itself inside all167	YES	none	efd20d6b75ff5e6aec216061c2bf096761b42131aa73a6dc6d35654068b48b90	PRIOR / AUDIT / COMPARATOR - not training truth for g4	prior model	profile HMMs found under the audited prior trees
/home/borg/RESEARCH-in-sleep-RETRON-DB_V4/ARIS_OUTPUT/D_instrument/cache/d1d_rebuild/A_RT7_wnone.hmm	A_RT7_wnone	A_RT7_wnone	30	72	anchors72 - the anchor set, itself inside all167	YES	none	92ffc2a34189277aad3959452538b0150239c833e4020d3b6571207e8f04b210	PRIOR / AUDIT / COMPARATOR - not training truth for g4	prior model	profile HMMs found under the audited prior trees
/home/borg/RESEARCH-in-sleep-RETRON-DB_V4/ARIS_OUTPUT/D_instrument/cache/d1d_rebuild/A_RT7_wnone_frag1.hmm	A_RT7_wnone_frag1	A_RT7_wnone_frag1	48	72	anchors72 - the anchor set, itself inside all167	YES	none	38fb81bba1de283ee49309f62b1b978e7bd33459a129315104ac054059eb4041	PRIOR / AUDIT / COMPARATOR - not training truth for g4	prior model	profile HMMs found under the audited prior trees
/home/borg/RESEARCH-in-sleep-RETRON-DB_V4/ARIS_OUTPUT/D_instrument/cache/d1d_rebuild/B_RT1_default.hmm	B_RT1_default	B_RT1_default	22	159	AMBIGUOUS - NSEQ matches no known subset size	YES	none	25c4c7f44a828fce3717b027ebd59a5066c0fb8473c4fc92f98481e5582a56f7	PRIOR / AUDIT / COMPARATOR - not training truth for g4	prior model	profile HMMs found under the audited prior trees
/home/borg/RESEARCH-in-sleep-RETRON-DB_V4/ARIS_OUTPUT/D_instrument/cache/d1d_rebuild/B_RT1_frag1.hmm	B_RT1_frag1	B_RT1_frag1	40	159	AMBIGUOUS - NSEQ matches no known subset size	YES	none	a787fa15ad089eb21ef0ad5987a83f912f6e2919fceb85435faad2406cd5a152	PRIOR / AUDIT / COMPARATOR - not training truth for g4	prior model	profile HMMs found under the audited prior trees
/home/borg/RESEARCH-in-sleep-RETRON-DB_V4/ARIS_OUTPUT/D_instrument/cache/d1d_rebuild/B_RT1_hand.hmm	B_RT1_hand	B_RT1_hand	61	159	AMBIGUOUS - NSEQ matches no known subset size	YES	none	9282014f2938b25d1dcef57ed68209a9751f1676daf536ac2906ddd3f5952fd3	PRIOR / AUDIT / COMPARATOR - not training truth for g4	prior model	profile HMMs found under the audited prior trees
/home/borg/RESEARCH-in-sleep-RETRON-DB_V4/ARIS_OUTPUT/D_instrument/cache/d1d_rebuild/B_RT1_wnone.hmm	B_RT1_wnone	B_RT1_wnone	20	159	AMBIGUOUS - NSEQ matches no known subset size	YES	none	0241ecba2a042872f3ab477b455cc820ba88dcaedb288595dddc74b7fe2d268d	PRIOR / AUDIT / COMPARATOR - not training truth for g4	prior model	profile HMMs found under the audited prior trees
/home/borg/RESEARCH-in-sleep-RETRON-DB_V4/ARIS_OUTPUT/D_instrument/cache/d1d_rebuild/B_RT1_wnone_frag1.hmm	B_RT1_wnone_frag1	B_RT1_wnone_frag1	40	159	AMBIGUOUS - NSEQ matches no known subset size	YES	none	c9940a025471eb0d80ef18a30fee153d8bbe44b398e6c82cf6c4600c64ab36e6	PRIOR / AUDIT / COMPARATOR - not training truth for g4	prior model	profile HMMs found under the audited prior trees
/home/borg/RESEARCH-in-sleep-RETRON-DB_V4/ARIS_OUTPUT/D_instrument/cache/d1d_rebuild/B_RT2_default.hmm	B_RT2_default	B_RT2_default	38	167	all167 (anchors72 + 95 CAND_*) - the old seed	YES	none	0fd1947395fee7b151d3b5155d8350a269d4880669170be5483b84dd4a6d563c	PRIOR / AUDIT / COMPARATOR - not training truth for g4	prior model	profile HMMs found under the audited prior trees
/home/borg/RESEARCH-in-sleep-RETRON-DB_V4/ARIS_OUTPUT/D_instrument/cache/d1d_rebuild/B_RT2_frag1.hmm	B_RT2_frag1	B_RT2_frag1	49	167	all167 (anchors72 + 95 CAND_*) - the old seed	YES	none	34ee7b89c3f29c223ad7405ffbd345fc5808a91c2d9a398b66c46032488f771a	PRIOR / AUDIT / COMPARATOR - not training truth for g4	prior model	profile HMMs found under the audited prior trees
/home/borg/RESEARCH-in-sleep-RETRON-DB_V4/ARIS_OUTPUT/D_instrument/cache/d1d_rebuild/B_RT2_hand.hmm	B_RT2_hand	B_RT2_hand	61	167	all167 (anchors72 + 95 CAND_*) - the old seed	YES	none	8b2ce1c1955794147b599b9153e4a7cbbf19eee084e894a06253f82d29b56738	PRIOR / AUDIT / COMPARATOR - not training truth for g4	prior model	profile HMMs found under the audited prior trees
/home/borg/RESEARCH-in-sleep-RETRON-DB_V4/ARIS_OUTPUT/D_instrument/cache/d1d_rebuild/B_RT2_wnone.hmm	B_RT2_wnone	B_RT2_wnone	39	167	all167 (anchors72 + 95 CAND_*) - the old seed	YES	none	d0e7d3032671e6647304eec0eae76551c00d1508b144237c22bfee51f1d4c09b	PRIOR / AUDIT / COMPARATOR - not training truth for g4	prior model	profile HMMs found under the audited prior trees
/home/borg/RESEARCH-in-sleep-RETRON-DB_V4/ARIS_OUTPUT/D_instrument/cache/d1d_rebuild/B_RT2_wnone_frag1.hmm	B_RT2_wnone_frag1	B_RT2_wnone_frag1	49	167	all167 (anchors72 + 95 CAND_*) - the old seed	YES	none	9cac236b3c11211034b15c7bfab5bc728da3bc7f79789332ff61322ae38da3fc	PRIOR / AUDIT / COMPARATOR - not training truth for g4	prior model	profile HMMs found under the audited prior trees
/home/borg/RESEARCH-in-sleep-RETRON-DB_V4/ARIS_OUTPUT/D_instrument/cache/d1d_rebuild/B_RT3_default.hmm	B_RT3_default	B_RT3_default	26	167	all167 (anchors72 + 95 CAND_*) - the old seed	YES	none	f4e61e19874d31a171c3dd01a2073b362800955e126f92f793c83421c28a4524	PRIOR / AUDIT / COMPARATOR - not training truth for g4	prior model	profile HMMs found under the audited prior trees
/home/borg/RESEARCH-in-sleep-RETRON-DB_V4/ARIS_OUTPUT/D_instrument/cache/d1d_rebuild/B_RT3_frag1.hmm	B_RT3_frag1	B_RT3_frag1	26	167	all167 (anchors72 + 95 CAND_*) - the old seed	YES	none	e30758c6348e9e17a26864c0c345c8f40f95912e8e7446c65917d92c5e80e3b1	PRIOR / AUDIT / COMPARATOR - not training truth for g4	prior model	profile HMMs found under the audited prior trees
/home/borg/RESEARCH-in-sleep-RETRON-DB_V4/ARIS_OUTPUT/D_instrument/cache/d1d_rebuild/B_RT3_hand.hmm	B_RT3_hand	B_RT3_hand	61	167	all167 (anchors72 + 95 CAND_*) - the old seed	YES	none	1319c686c891a35d83512cfceda8c293c906ec574bd2abc601a1aedace18d64a	PRIOR / AUDIT / COMPARATOR - not training truth for g4	prior model	profile HMMs found under the audited prior trees
/home/borg/RESEARCH-in-sleep-RETRON-DB_V4/ARIS_OUTPUT/D_instrument/cache/d1d_rebuild/B_RT3_wnone.hmm	B_RT3_wnone	B_RT3_wnone	26	167	all167 (anchors72 + 95 CAND_*) - the old seed	YES	none	2c6c344f37ca70a2229067380f4d76172997b55da64a8d40c414981b5e9ee6c7	PRIOR / AUDIT / COMPARATOR - not training truth for g4	prior model	profile HMMs found under the audited prior trees
/home/borg/RESEARCH-in-sleep-RETRON-DB_V4/ARIS_OUTPUT/D_instrument/cache/d1d_rebuild/B_RT3_wnone_frag1.hmm	B_RT3_wnone_frag1	B_RT3_wnone_frag1	26	167	all167 (anchors72 + 95 CAND_*) - the old seed	YES	none	a3a57c435dc12459ab128b4b023bc210bbba44be069f7d640aa36f7f907a356a	PRIOR / AUDIT / COMPARATOR - not training truth for g4	prior model	profile HMMs found under the audited prior trees
/home/borg/RESEARCH-in-sleep-RETRON-DB_V4/ARIS_OUTPUT/D_instrument/cache/d1d_rebuild/B_RT4_default.hmm	B_RT4_default	B_RT4_default	32	167	all167 (anchors72 + 95 CAND_*) - the old seed	YES	none	70d4a0c467372df51465851bf0fcd0fdeb3068af66ab6d2d258742012ef35e69	PRIOR / AUDIT / COMPARATOR - not training truth for g4	prior model	profile HMMs found under the audited prior trees
/home/borg/RESEARCH-in-sleep-RETRON-DB_V4/ARIS_OUTPUT/D_instrument/cache/d1d_rebuild/B_RT4_frag1.hmm	B_RT4_frag1	B_RT4_frag1	39	167	all167 (anchors72 + 95 CAND_*) - the old seed	YES	none	79b61b31b974fd8138d6362c11cf5640c7a90f139f6f06bc470e15a32d54687e	PRIOR / AUDIT / COMPARATOR - not training truth for g4	prior model	profile HMMs found under the audited prior trees
/home/borg/RESEARCH-in-sleep-RETRON-DB_V4/ARIS_OUTPUT/D_instrument/cache/d1d_rebuild/B_RT4_hand.hmm	B_RT4_hand	B_RT4_hand	61	167	all167 (anchors72 + 95 CAND_*) - the old seed	YES	none	1ea06d53ba50b18a6e1db6c3e66b2de330d476cc5926d4f139dbcb51cc570873	PRIOR / AUDIT / COMPARATOR - not training truth for g4	prior model	profile HMMs found under the audited prior trees
/home/borg/RESEARCH-in-sleep-RETRON-DB_V4/ARIS_OUTPUT/D_instrument/cache/d1d_rebuild/B_RT4_wnone.hmm	B_RT4_wnone	B_RT4_wnone	33	167	all167 (anchors72 + 95 CAND_*) - the old seed	YES	none	4b8bfea30654acf142e66f8ac2044eec08d5c4b8d53667951b8ea9d8adc219d0	PRIOR / AUDIT / COMPARATOR - not training truth for g4	prior model	profile HMMs found under the audited prior trees
/home/borg/RESEARCH-in-sleep-RETRON-DB_V4/ARIS_OUTPUT/D_instrument/cache/d1d_rebuild/B_RT4_wnone_frag1.hmm	B_RT4_wnone_frag1	B_RT4_wnone_frag1	42	167	all167 (anchors72 + 95 CAND_*) - the old seed	YES	none	df99cee6fac288a8c33f83f1d37155b9a38ab399d3bec697ded4d06dd846b0e9	PRIOR / AUDIT / COMPARATOR - not training truth for g4	prior model	profile HMMs found under the audited prior trees
/home/borg/RESEARCH-in-sleep-RETRON-DB_V4/ARIS_OUTPUT/D_instrument/cache/d1d_rebuild/B_RT5_default.hmm	B_RT5_default	B_RT5_default	30	167	all167 (anchors72 + 95 CAND_*) - the old seed	YES	none	f76b6f9801e6d61b499b3c309bb62aced7fc774f3fac8b6de15ff50abc31ee7f	PRIOR / AUDIT / COMPARATOR - not training truth for g4	prior model	profile HMMs found under the audited prior trees
/home/borg/RESEARCH-in-sleep-RETRON-DB_V4/ARIS_OUTPUT/D_instrument/cache/d1d_rebuild/B_RT5_frag1.hmm	B_RT5_frag1	B_RT5_frag1	39	167	all167 (anchors72 + 95 CAND_*) - the old seed	YES	none	30bdb60521d1f61571da42c76e2fdc8d762670d4f20777003aa61dc7d5b2b5f3	PRIOR / AUDIT / COMPARATOR - not training truth for g4	prior model	profile HMMs found under the audited prior trees
/home/borg/RESEARCH-in-sleep-RETRON-DB_V4/ARIS_OUTPUT/D_instrument/cache/d1d_rebuild/B_RT5_hand.hmm	B_RT5_hand	B_RT5_hand	61	167	all167 (anchors72 + 95 CAND_*) - the old seed	YES	none	1e4aac70d7aafd53ca5ee1cec435871b9d3ef80004511f5346782cfab378742f	PRIOR / AUDIT / COMPARATOR - not training truth for g4	prior model	profile HMMs found under the audited prior trees
/home/borg/RESEARCH-in-sleep-RETRON-DB_V4/ARIS_OUTPUT/D_instrument/cache/d1d_rebuild/B_RT5_wnone.hmm	B_RT5_wnone	B_RT5_wnone	30	167	all167 (anchors72 + 95 CAND_*) - the old seed	YES	none	d70e78f535b771b027298f7d523d8a9063611837c939e050183f0e2ab9e78c73	PRIOR / AUDIT / COMPARATOR - not training truth for g4	prior model	profile HMMs found under the audited prior trees
/home/borg/RESEARCH-in-sleep-RETRON-DB_V4/ARIS_OUTPUT/D_instrument/cache/d1d_rebuild/B_RT5_wnone_frag1.hmm	B_RT5_wnone_frag1	B_RT5_wnone_frag1	39	167	all167 (anchors72 + 95 CAND_*) - the old seed	YES	none	b8f88a1e751fa30dcb2e75f0929751eef6c5e2dd6f63b5f45f711df4ac2e09b6	PRIOR / AUDIT / COMPARATOR - not training truth for g4	prior model	profile HMMs found under the audited prior trees
/home/borg/RESEARCH-in-sleep-RETRON-DB_V4/ARIS_OUTPUT/D_instrument/cache/d1d_rebuild/B_RT6_default.hmm	B_RT6_default	B_RT6_default	22	167	all167 (anchors72 + 95 CAND_*) - the old seed	YES	none	d5b231ebe93e67d7ed89e5cc8360334dc68ebbb5a48108a41cf6c2e4afa75699	PRIOR / AUDIT / COMPARATOR - not training truth for g4	prior model	profile HMMs found under the audited prior trees
/home/borg/RESEARCH-in-sleep-RETRON-DB_V4/ARIS_OUTPUT/D_instrument/cache/d1d_rebuild/B_RT6_frag1.hmm	B_RT6_frag1	B_RT6_frag1	22	167	all167 (anchors72 + 95 CAND_*) - the old seed	YES	none	e037946c05b761c48152f9ff7da4b864de8afeb362b99acab3d73978d05525b4	PRIOR / AUDIT / COMPARATOR - not training truth for g4	prior model	profile HMMs found under the audited prior trees
/home/borg/RESEARCH-in-sleep-RETRON-DB_V4/ARIS_OUTPUT/D_instrument/cache/d1d_rebuild/B_RT6_hand.hmm	B_RT6_hand	B_RT6_hand	61	167	all167 (anchors72 + 95 CAND_*) - the old seed	YES	none	9074268f4bb2e93a36b37b961ef8569ed65f9885f9b259364ec2a7d4d5b5b33b	PRIOR / AUDIT / COMPARATOR - not training truth for g4	prior model	profile HMMs found under the audited prior trees
/home/borg/RESEARCH-in-sleep-RETRON-DB_V4/ARIS_OUTPUT/D_instrument/cache/d1d_rebuild/B_RT6_wnone.hmm	B_RT6_wnone	B_RT6_wnone	22	167	all167 (anchors72 + 95 CAND_*) - the old seed	YES	none	2c0479a5da0445b015f38e15f88c89bba9c82b482cb0ec6d7e54de2985400a7e	PRIOR / AUDIT / COMPARATOR - not training truth for g4	prior model	profile HMMs found under the audited prior trees
/home/borg/RESEARCH-in-sleep-RETRON-DB_V4/ARIS_OUTPUT/D_instrument/cache/d1d_rebuild/B_RT6_wnone_frag1.hmm	B_RT6_wnone_frag1	B_RT6_wnone_frag1	22	167	all167 (anchors72 + 95 CAND_*) - the old seed	YES	none	0c23ded0fa66af5ec88cf35e4ac939942d6b6a218c5039dcf83d4456a9df6c30	PRIOR / AUDIT / COMPARATOR - not training truth for g4	prior model	profile HMMs found under the audited prior trees
/home/borg/RESEARCH-in-sleep-RETRON-DB_V4/ARIS_OUTPUT/D_instrument/cache/d1d_rebuild/B_RT7_default.hmm	B_RT7_default	B_RT7_default	44	164	AMBIGUOUS - NSEQ matches no known subset size	YES	none	03e826d7bca09d184f733bbf4f7d1c416bdc6e29797085282d192c631a05f105	PRIOR / AUDIT / COMPARATOR - not training truth for g4	prior model	profile HMMs found under the audited prior trees
/home/borg/RESEARCH-in-sleep-RETRON-DB_V4/ARIS_OUTPUT/D_instrument/cache/d1d_rebuild/B_RT7_frag1.hmm	B_RT7_frag1	B_RT7_frag1	44	164	AMBIGUOUS - NSEQ matches no known subset size	YES	none	6f082dac6dc10370b0aa4c88929b1d3edef93898c1508a364b85cffddc36b12b	PRIOR / AUDIT / COMPARATOR - not training truth for g4	prior model	profile HMMs found under the audited prior trees
/home/borg/RESEARCH-in-sleep-RETRON-DB_V4/ARIS_OUTPUT/D_instrument/cache/d1d_rebuild/B_RT7_hand.hmm	B_RT7_hand	B_RT7_hand	61	164	AMBIGUOUS - NSEQ matches no known subset size	YES	none	96ef83097a804fbf11a1881bf0aadcdc269238817784f130f64fcaf81ba09173	PRIOR / AUDIT / COMPARATOR - not training truth for g4	prior model	profile HMMs found under the audited prior trees
/home/borg/RESEARCH-in-sleep-RETRON-DB_V4/ARIS_OUTPUT/D_instrument/cache/d1d_rebuild/B_RT7_wnone.hmm	B_RT7_wnone	B_RT7_wnone	60	164	AMBIGUOUS - NSEQ matches no known subset size	YES	none	8e81a188ca724c73eb6acccfd302c80e21d95c8febc881982d50d1cdb37c8c15	PRIOR / AUDIT / COMPARATOR - not training truth for g4	prior model	profile HMMs found under the audited prior trees
/home/borg/RESEARCH-in-sleep-RETRON-DB_V4/ARIS_OUTPUT/D_instrument/cache/d1d_rebuild/B_RT7_wnone_frag1.hmm	B_RT7_wnone_frag1	B_RT7_wnone_frag1	60	164	AMBIGUOUS - NSEQ matches no known subset size	YES	none	be002263c09e69010ab6d3f39de9a2324a3bef231af5aa5b9bdca81e47b8b83b	PRIOR / AUDIT / COMPARATOR - not training truth for g4	prior model	profile HMMs found under the audited prior trees
/home/borg/RESEARCH-in-sleep-RETRON-DB_V4/ARIS_OUTPUT/D_instrument/cache/d4/RETRON_SEED.hmm	RETRON_SEED	RETRON_SEED	440	1500	RETRON_SEED - 1,500 sampled corpus retrons	YES	none	0024943ed63363d5f729504ca84dc920c5f98a76ceed3f45794d924d0b7a9db3	PRIOR / AUDIT / COMPARATOR - not training truth for g4	prior model	profile HMMs found under the audited prior trees
/home/borg/RESEARCH-in-sleep-RETRON-DB_V4/ARIS_OUTPUT/rt0_rt7_domain_test/cache/frame/toro742.hmm	toro742_RT0-RT7	toro742	465	742	Toro 2014 published RT0-RT7 set (comparator)	NO - declares toro742_RT0-RT7	none	05c170fff39cde731fc195ad03700b8ac1fac26ed17037143f2dc9ac2ee9bd5c	PRIOR / AUDIT / COMPARATOR - not training truth for g4	prior model	profile HMMs found under the audited prior trees
/home/borg/RESEARCH-in-sleep-RETRON-DB_V4/ARIS_OUTPUT/rt0_rt7_domain_test/cache/frameR/frameR.hmm	FRAME_R	frameR	446	1642	frameR - a 1,642-sequence reconstruction frame	NO - declares FRAME_R	none	c7aece0daa5b9c35a142b9f6c547e3d6aad882ede07e2dd17c49a0dcbe8adf52	PRIOR / AUDIT / COMPARATOR - not training truth for g4	prior model	profile HMMs found under the audited prior trees
/home/borg/RESEARCH-in-sleep-RETRON-DB_V4/ARIS_OUTPUT/rt0_rt7_domain_test_v2/cache/RT17_CORE.hmm	B_span17	RT17_CORE	305	167	all167 (anchors72 + 95 CAND_*) - the old seed	NO - declares B_span17	B_span17	f3ddb0b5deb5e1488027ac0e11e3b7efa66dbcf044be154b6bb766fa9cad419a	PRIOR / AUDIT / COMPARATOR - not training truth for g4	prior model	profile HMMs found under the audited prior trees
