sequence_id	component	hmm_state	residue_index	amino_acid	alignment_state
AGA92426.1_G2L	0	107	86	E	MATCH
AGA92426.1_G2L	0	108	87	R	MATCH
AGA92426.1_G2L	0	109	88	I	MATCH
AGA92426.1_G2L	0	110	89	I	MATCH
AGA92426.1_G2L	0	111	90	S	MATCH
AGA92426.1_G2L	0	115	94	I	MATCH
AGA92426.1_G2L	0	116	95	R	MATCH
AGA92426.1_G2L	0	117	96	D	MATCH
AGA92426.1_G2L	0	118	97	T	MATCH
AGA92426.1_G2L	0	119	98	L	MATCH
AGA92426.1_G2L	0	127	106	Y	MATCH
AGA92426.1_G2L	0	128	107	L	MATCH
AGA92426.1_G2L	0	129	108	Y	MATCH
AGA92426.1_G2L	0	130	109	P	MATCH
AGA92426.1_G2L	0	131	110	I	MATCH
AGA92426.1_G2L	0	132	111	V	MATCH
AGA92426.1_G2L	0	133	112	D	MATCH
AGA92426.1_G2L	0	134	113	P	MATCH
AGA92426.1_G2L	0	135	114	L	MATCH
AGA92426.1_G2L	0	136	115	L	MATCH
AGA92426.1_G2L	0	137	116	S	MATCH
AGA92426.1_G2L	0	138	117	D	MATCH
AGA92426.1_G2L	0	139	118	A	MATCH
AGA92426.1_G2L	0	140	119	C	MATCH
AGA92426.1_G2L	0	145	124	R	MATCH
AGA92426.1_G2L	0	146	125	G	MATCH
AGA92426.1_G2L	0	157	136	R	MATCH
AGA92426.1_G2L	0	158	137	N	MATCH
AGA92426.1_G2L	0	159	138	A	MATCH
AGA92426.1_G2L	0	160	139	L	MATCH
AGA92426.1_G2L	0	161	140	D	MATCH
AGA92426.1_G2L	0	162	141	A	MATCH
AGA92426.1_G2L	0	163	142	G	MATCH
AGA92426.1_G2L	0	169	148	D	MATCH
AGA92426.1_G2L	0	170	149	A	MATCH
AGA92426.1_G2L	0	171	150	D	MATCH
AGA92426.1_G2L	0	172	151	I	MATCH
AGA92426.1_G2L	0	173	152	K	MATCH
AGA92426.1_G2L	0	174	153	S	MATCH
AGA92426.1_G2L	0	175	154	F	MATCH
AGA92426.1_G2L	0	176	155	F	MATCH
AGA92426.1_G2L	0	177	156	D	MATCH
AGA92426.1_G2L	0	178	157	R	MATCH
AGA92426.1_G2L	0	179	158	V	MATCH
AGA92426.1_G2L	0	180	159	D	MATCH
AGA92426.1_G2L	0	181	160	H	MATCH
AGA92426.1_G2L	0	182	161	E	MATCH
AGA92426.1_G2L	0	183	162	T	MATCH
AGA92426.1_G2L	0	184	163	L	MATCH
AGA92426.1_G2L	0	185	164	L	MATCH
AGA92426.1_G2L	0	186	165	A	MATCH
AGA92426.1_G2L	0	187	166	I	MATCH
AGA92426.1_G2L	0	188	167	A	MATCH
AGA92426.1_G2L	0	189	168	R	MATCH
AGA92426.1_G2L	0	190	169	D	MATCH
AGA92426.1_G2L	0	191	170	L	MATCH
AGA92426.1_G2L	0	192	171	P	MATCH
AGA92426.1_G2L	0	193	172	I	MATCH
AGA92426.1_G2L	0	194	173	D	MATCH
AGA92426.1_G2L	0	195	174	E	MATCH
AGA92426.1_G2L	0	196	175	R	MATCH
AGA92426.1_G2L	0	197	176	A	MATCH
AGA92426.1_G2L	0	198	177	L	MATCH
AGA92426.1_G2L	0	199	178	R	MATCH
AGA92426.1_G2L	0	200	179	L	MATCH
AGA92426.1_G2L	0	201	180	L	MATCH
AGA92426.1_G2L	0	202	181	Q	MATCH
AGA92426.1_G2L	0	203	182	I	MATCH
AGA92426.1_G2L	0	204	183	Y	MATCH
AGA92426.1_G2L	0	205	184	L	MATCH
AGA92426.1_G2L	0	206	185	T	MATCH
AGA92426.1_G2L	0	207	186	T	MATCH
AGA92426.1_G2L	0	208	187	P	MATCH
AGA92426.1_G2L	0	209	188	R	MATCH
AGA92426.1_G2L	0	210	189	V	MATCH
AGA92426.1_G2L	0	211	190	T	MATCH
AGA92426.1_G2L	0	228	221	I	MATCH
AGA92426.1_G2L	0	229	222	S	MATCH
AGA92426.1_G2L	0	230	223	G	MATCH
AGA92426.1_G2L	0	231	224	M	MATCH
AGA92426.1_G2L	0	232	225	L	MATCH
AGA92426.1_G2L	0	236	229	L	MATCH
AGA92426.1_G2L	0	237	230	L	MATCH
AGA92426.1_G2L	0	238	231	A	MATCH
AGA92426.1_G2L	0	239	232	S	MATCH
AGA92426.1_G2L	0	240	233	F	MATCH
AGA92426.1_G2L	0	241	234	D	MATCH
AGA92426.1_G2L	0	242	235	K	MATCH
AGA92426.1_G2L	0	243	236	E	MATCH
AGA92426.1_G2L	0	244	237	M	MATCH
AGA92426.1_G2L	0	245	238	Q	MATCH
AGA92426.1_G2L	0	246	239	Q	MATCH
AGA92426.1_G2L	0	247		-	DELETE
AGA92426.1_G2L	0	248		-	DELETE
AGA92426.1_G2L	0	249		-	DELETE
AGA92426.1_G2L	0	250		-	DELETE
AGA92426.1_G2L	0	251		-	DELETE
AGA92426.1_G2L	0	252		-	DELETE
AGA92426.1_G2L	0	253		-	DELETE
AGA92426.1_G2L	0	254		-	DELETE
AGA92426.1_G2L	0	255	240	G	MATCH
AGA92426.1_G2L	0	267	252	L	MATCH
AGA92426.1_G2L	0	268	253	V	MATCH
AGA92426.1_G2L	0	269	254	C	MATCH
AGA92426.1_G2L	0	270	255	C	MATCH
AGA92426.1_G2L	0	271	256	Q	MATCH
AGA92426.1_G2L	0	272	257	T	MATCH
AGA92426.1_G2L	0	273	258	E	MATCH
AGA92426.1_G2L	0	274	259	Q	MATCH
AGA92426.1_G2L	0	275	260	A	MATCH
AGA92426.1_G2L	0	276	261	A	MATCH
AGA92426.1_G2L	0	277	262	N	MATCH
AGA92426.1_G2L	0	278	263	D	MATCH
AGA92426.1_G2L	0	279	264	A	MATCH
AGA92426.1_G2L	0	280	265	D	MATCH
AGA92426.1_G2L	0	281	266	V	MATCH
AGA92426.1_G2L	0	282	267	R	MATCH
AGA92426.1_G2L	0	283	268	A	MATCH
AGA92426.1_G2L	0	284	269	A	MATCH
AGA92426.1_G2L	0	285	270	H	MATCH
AGA92426.1_G2L	0	286	271	A	MATCH
AGA92426.1_G2L	0	287	272	L	MATCH
AGA92426.1_G2L	0	288	274	A	MATCH
AGA92426.1_G2L	0	289	275	L	MATCH
AGA92426.1_G2L	0	290	276	G	MATCH
AGA92426.1_G2L	0	291	277	G	MATCH
AGA92426.1_G2L	0	292	278	L	MATCH
AGA92426.1_G2L	0	293	279	E	MATCH
AGA92426.1_G2L	0	294	280	L	MATCH
AGA92426.1_G2L	0	295	281	H	MATCH
AGA92426.1_G2L	0	296	282	P	MATCH
AGA92426.1_G2L	0	297	283	D	MATCH
AGA92426.1_G2L	0	299	285	T	MATCH
AGA92426.1_G2L	0	300	286	A	MATCH
AGA92426.1_G2L	0	301	287	V	MATCH
AGA92426.1_G2L	0	302	288	R	MATCH
AGA92426.1_G2L	0	303	289	D	MATCH
AGA92426.1_G2L	0	304	290	A	MATCH
AGA92426.1_G2L	0	305	291	T	MATCH
AGA92426.1_G2L	0	306	292	D	MATCH
AGA92426.1_G2L	0	307	293	G	MATCH
AGA92426.1_G2L	0	309	295	D	MATCH
AGA92426.1_G2L	0	310	296	F	MATCH
AGA92426.1_G2L	0	311	297	V	MATCH
AGA92426.1_G2L	0	312	298	G	MATCH
AGA92426.1_G2L	0	313	299	F	MATCH
AGA92426.1_G2L	0	314	300	R	MATCH
AGA92426.1_G2L	0	315	301	I	MATCH
AGA92426.1_G2L	0	316	302	G	MATCH
AGA92426.1_G2L	0	317	303	R	MATCH
ATI12522.1_G2L	0	107	82	L	MATCH
ATI12522.1_G2L	0	108	83	R	MATCH
ATI12522.1_G2L	0	109	84	L	MATCH
ATI12522.1_G2L	0	110	85	I	MATCH
ATI12522.1_G2L	0	111	86	C	MATCH
ATI12522.1_G2L	0	115	90	V	MATCH
ATI12522.1_G2L	0	116	91	A	MATCH
ATI12522.1_G2L	0	117	92	D	MATCH
ATI12522.1_G2L	0	118	93	R	MATCH
ATI12522.1_G2L	0	119	94	I	MATCH
ATI12522.1_G2L	0	127	102	V	MATCH
ATI12522.1_G2L	0	128	103	L	MATCH
ATI12522.1_G2L	0	129	104	E	MATCH
ATI12522.1_G2L	0	130	105	K	MATCH
ATI12522.1_G2L	0	131	106	Q	MATCH
ATI12522.1_G2L	0	132	107	S	MATCH
ATI12522.1_G2L	0	133	108	R	MATCH
ATI12522.1_G2L	0	134	109	K	MATCH
ATI12522.1_G2L	0	135	112	I	MATCH
ATI12522.1_G2L	0	136	113	L	MATCH
ATI12522.1_G2L	0	137	114	N	MATCH
ATI12522.1_G2L	0	138	115	E	MATCH
ATI12522.1_G2L	0	139	116	V	MATCH
ATI12522.1_G2L	0	140	117	S	MATCH
ATI12522.1_G2L	0	145	127	S	MATCH
ATI12522.1_G2L	0	146	128	E	MATCH
ATI12522.1_G2L	0	157	139	S	MATCH
ATI12522.1_G2L	0	158	140	K	MATCH
ATI12522.1_G2L	0	159	141	L	MATCH
ATI12522.1_G2L	0	160	142	R	MATCH
ATI12522.1_G2L	0	161		-	DELETE
ATI12522.1_G2L	0	162	143	D	MATCH
ATI12522.1_G2L	0	163	144	E	MATCH
ATI12522.1_G2L	0	169	150	K	MATCH
ATI12522.1_G2L	0	170	151	A	MATCH
ATI12522.1_G2L	0	171	152	D	MATCH
ATI12522.1_G2L	0	172	153	I	MATCH
ATI12522.1_G2L	0	173	154	S	MATCH
ATI12522.1_G2L	0	174	155	K	MATCH
ATI12522.1_G2L	0	175	156	F	MATCH
ATI12522.1_G2L	0	176	157	F	MATCH
ATI12522.1_G2L	0	177	158	D	MATCH
ATI12522.1_G2L	0	178	159	T	MATCH
ATI12522.1_G2L	0	179	160	I	MATCH
ATI12522.1_G2L	0	180	161	D	MATCH
ATI12522.1_G2L	0	181	162	R	MATCH
ATI12522.1_G2L	0	182	163	K	MATCH
ATI12522.1_G2L	0	183	164	D	MATCH
ATI12522.1_G2L	0	184	165	L	MATCH
ATI12522.1_G2L	0	185	166	S	MATCH
ATI12522.1_G2L	0	186	167	T	MATCH
ATI12522.1_G2L	0	187	168	R	MATCH
ATI12522.1_G2L	0	188	169	F	MATCH
ATI12522.1_G2L	0	189	170	C	MATCH
ATI12522.1_G2L	0	190	171	R	MATCH
ATI12522.1_G2L	0	191	172	A	MATCH
ATI12522.1_G2L	0	192	173	F	MATCH
ATI12522.1_G2L	0	193	174	H	MATCH
ATI12522.1_G2L	0	194	175	Q	MATCH
ATI12522.1_G2L	0	195	176	K	MATCH
ATI12522.1_G2L	0	196	177	S	MATCH
ATI12522.1_G2L	0	197	178	L	MATCH
ATI12522.1_G2L	0	198	179	A	MATCH
ATI12522.1_G2L	0	199	180	P	MATCH
ATI12522.1_G2L	0	200	181	L	MATCH
ATI12522.1_G2L	0	201	182	F	MATCH
ATI12522.1_G2L	0	202	183	L	MATCH
ATI12522.1_G2L	0	203	184	G	MATCH
ATI12522.1_G2L	0	204	185	A	MATCH
ATI12522.1_G2L	0	205	186	I	MATCH
ATI12522.1_G2L	0	206	187	N	MATCH
ATI12522.1_G2L	0	207	188	C	MATCH
ATI12522.1_G2L	0	208	189	E	MATCH
ATI12522.1_G2L	0	209	190	V	MATCH
ATI12522.1_G2L	0	210	191	L	MATCH
ATI12522.1_G2L	0	211	192	A	MATCH
ATI12522.1_G2L	0	228	218	L	MATCH
ATI12522.1_G2L	0	229	219	S	MATCH
ATI12522.1_G2L	0	230	220	P	MATCH
ATI12522.1_G2L	0	231	221	V	MATCH
ATI12522.1_G2L	0	232	222	L	MATCH
ATI12522.1_G2L	0	236	226	V	MATCH
ATI12522.1_G2L	0	237	227	L	MATCH
ATI12522.1_G2L	0	238	228	R	MATCH
ATI12522.1_G2L	0	239	229	D	MATCH
ATI12522.1_G2L	0	240	230	F	MATCH
ATI12522.1_G2L	0	241	231	D	MATCH
ATI12522.1_G2L	0	242	232	K	MATCH
ATI12522.1_G2L	0	243	233	N	MATCH
ATI12522.1_G2L	0	244	234	I	MATCH
ATI12522.1_G2L	0	245	235	S	MATCH
ATI12522.1_G2L	0	246	236	S	MATCH
ATI12522.1_G2L	0	247		-	DELETE
ATI12522.1_G2L	0	248		-	DELETE
ATI12522.1_G2L	0	249		-	DELETE
ATI12522.1_G2L	0	250		-	DELETE
ATI12522.1_G2L	0	251		-	DELETE
ATI12522.1_G2L	0	252		-	DELETE
ATI12522.1_G2L	0	253		-	DELETE
ATI12522.1_G2L	0	254		-	DELETE
ATI12522.1_G2L	0	255		-	DELETE
ATI12522.1_G2L	0	267	248	I	MATCH
ATI12522.1_G2L	0	268	249	V	MATCH
ATI12522.1_G2L	0	269	250	F	MATCH
ATI12522.1_G2L	0	270	251	T	MATCH
ATI12522.1_G2L	0	271	252	K	MATCH
ATI12522.1_G2L	0	272	253	T	MATCH
ATI12522.1_G2L	0	273	254	E	MATCH
ATI12522.1_G2L	0	274	255	A	MATCH
ATI12522.1_G2L	0	275	256	L	MATCH
ATI12522.1_G2L	0	276	257	C	MATCH
ATI12522.1_G2L	0	277	258	I	MATCH
ATI12522.1_G2L	0	278	259	E	MATCH
ATI12522.1_G2L	0	279	260	S	MATCH
ATI12522.1_G2L	0	280	261	K	MATCH
ATI12522.1_G2L	0	281	262	V	MATCH
ATI12522.1_G2L	0	282	263	L	MATCH
ATI12522.1_G2L	0	283	264	V	MATCH
ATI12522.1_G2L	0	284	265	E	MATCH
ATI12522.1_G2L	0	285	266	R	MATCH
ATI12522.1_G2L	0	286	267	E	MATCH
ATI12522.1_G2L	0	287	268	L	MATCH
ATI12522.1_G2L	0	288	269	E	MATCH
ATI12522.1_G2L	0	289	270	K	MATCH
ATI12522.1_G2L	0	290	271	L	MATCH
ATI12522.1_G2L	0	291	272	G	MATCH
ATI12522.1_G2L	0	292	273	L	MATCH
ATI12522.1_G2L	0	293	274	K	MATCH
ATI12522.1_G2L	0	294	275	L	MATCH
ATI12522.1_G2L	0	295	276	S	MATCH
ATI12522.1_G2L	0	296	277	A	MATCH
ATI12522.1_G2L	0	297	278	E	MATCH
ATI12522.1_G2L	0	299	280	S	MATCH
ATI12522.1_G2L	0	300	281	Y	MATCH
ATI12522.1_G2L	0	301	282	V	MATCH
ATI12522.1_G2L	0	302	283	R	MATCH
ATI12522.1_G2L	0	303	284	G	MATCH
ATI12522.1_G2L	0	304	285	P	MATCH
ATI12522.1_G2L	0	305	286	E	MATCH
ATI12522.1_G2L	0	306	287	E	MATCH
ATI12522.1_G2L	0	307	288	P	MATCH
ATI12522.1_G2L	0	309	290	E	MATCH
ATI12522.1_G2L	0	310	291	F	MATCH
ATI12522.1_G2L	0	311	292	L	MATCH
ATI12522.1_G2L	0	312	293	G	MATCH
ATI12522.1_G2L	0	313	294	M	MATCH
ATI12522.1_G2L	0	314	295	Q	MATCH
ATI12522.1_G2L	0	315	296	L	MATCH
ATI12522.1_G2L	0	316	297	T	MATCH
ATI12522.1_G2L	0	317	298	V	MATCH
CCA58983.1_G2L	1	107	80	R	MATCH
CCA58983.1_G2L	1	108	81	H	MATCH
CCA58983.1_G2L	1	109	82	T	MATCH
CCA58983.1_G2L	1	110	83	V	MATCH
CCA58983.1_G2L	1	111	84	T	MATCH
CCA58983.1_G2L	1	115	88	V	MATCH
CCA58983.1_G2L	1	116	89	A	MATCH
CCA58983.1_G2L	1	117	90	D	MATCH
CCA58983.1_G2L	1	118	91	R	MATCH
CCA58983.1_G2L	1	119	92	I	MATCH
CCA58983.1_G2L	1	127	100	A	MATCH
CCA58983.1_G2L	1	128	101	I	MATCH
CCA58983.1_G2L	1	129	102	E	MATCH
CCA58983.1_G2L	1	130	103	P	MATCH
CCA58983.1_G2L	1	131	104	V	MATCH
CCA58983.1_G2L	1	132	105	L	MATCH
CCA58983.1_G2L	1	133	106	E	MATCH
CCA58983.1_G2L	1	134	107	R	MATCH
CCA58983.1_G2L	1	135	108	D	MATCH
CCA58983.1_G2L	1	136	109	A	MATCH
CCA58983.1_G2L	1	137	110	Y	MATCH
CCA58983.1_G2L	1	138	111	P	MATCH
CCA58983.1_G2L	1	139	113	W	MATCH
CCA58983.1_G2L	1	140	114	M	MATCH
CCA58983.1_G2L	1	145	119	R	MATCH
CCA58983.1_G2L	1	146	120	R	MATCH
CCA58983.1_G2L	1	157	131	A	MATCH
CCA58983.1_G2L	1	158	132	R	MATCH
CCA58983.1_G2L	1	159	133	H	MATCH
CCA58983.1_G2L	1	160	134	L	MATCH
CCA58983.1_G2L	1	161	135	H	MATCH
CCA58983.1_G2L	1	162	136	A	MATCH
CCA58983.1_G2L	1	163	137	G	MATCH
CCA58983.1_G2L	1	169	143	D	MATCH
CCA58983.1_G2L	1	170	144	I	MATCH
CCA58983.1_G2L	1	171	145	D	MATCH
CCA58983.1_G2L	1	172	146	V	MATCH
CCA58983.1_G2L	1	173	147	A	MATCH
CCA58983.1_G2L	1	174	148	A	MATCH
CCA58983.1_G2L	1	175	149	A	MATCH
CCA58983.1_G2L	1	176	150	S	MATCH
CCA58983.1_G2L	1	177	151	R	MATCH
CCA58983.1_G2L	1	178	152	G	MATCH
CCA58983.1_G2L	1	179	153	V	MATCH
CCA58983.1_G2L	1	180	154	A	MATCH
CCA58983.1_G2L	1	181	155	L	MATCH
CCA58983.1_G2L	1	182	156	E	MATCH
CCA58983.1_G2L	1	183	157	D	MATCH
CCA58983.1_G2L	1	184	158	A	MATCH
CCA58983.1_G2L	1	185	159	I	MATCH
CCA58983.1_G2L	1	186	160	T	MATCH
CCA58983.1_G2L	1	187	161	S	MATCH
CCA58983.1_G2L	1	188	162	V	MATCH
CCA58983.1_G2L	1	189	163	A	MATCH
CCA58983.1_G2L	1	190	164	R	MATCH
CCA58983.1_G2L	1	191	165	F	MATCH
CCA58983.1_G2L	1	192	166	V	MATCH
CCA58983.1_G2L	1	193	167	H	MATCH
CCA58983.1_G2L	1	194	168	D	MATCH
CCA58983.1_G2L	1	195	169	G	MATCH
CCA58983.1_G2L	1	196	170	R	MATCH
CCA58983.1_G2L	1	197	171	I	MATCH
CCA58983.1_G2L	1	198	172	L	MATCH
CCA58983.1_G2L	1	199	173	T	MATCH
CCA58983.1_G2L	1	200	174	L	MATCH
CCA58983.1_G2L	1	201	175	L	MATCH
CCA58983.1_G2L	1	202	176	R	MATCH
CCA58983.1_G2L	1	203	177	R	MATCH
CCA58983.1_G2L	1	204	178	I	MATCH
CCA58983.1_G2L	1	205	179	L	MATCH
CCA58983.1_G2L	1	206	180	T	MATCH
CCA58983.1_G2L	1	207	181	A	MATCH
CCA58983.1_G2L	1	208		-	DELETE
CCA58983.1_G2L	1	209		-	DELETE
CCA58983.1_G2L	1	210	182	L	MATCH
CCA58983.1_G2L	1	211		-	DELETE
CCA58983.1_G2L	1	228	192	L	MATCH
CCA58983.1_G2L	1	229	193	S	MATCH
CCA58983.1_G2L	1	230	194	P	MATCH
CCA58983.1_G2L	1	231	195	M	MATCH
CCA58983.1_G2L	1	232	196	L	MATCH
CCA58983.1_G2L	1	236	200	R	MATCH
CCA58983.1_G2L	1	237	201	M	MATCH
CCA58983.1_G2L	1	238	202	T	MATCH
CCA58983.1_G2L	1	239	203	P	MATCH
CCA58983.1_G2L	1	240	204	V	MATCH
CCA58983.1_G2L	1	241	205	D	MATCH
CCA58983.1_G2L	1	242	206	Q	MATCH
CCA58983.1_G2L	1	243	207	Q	MATCH
CCA58983.1_G2L	1	244	208	L	MATCH
CCA58983.1_G2L	1	245	209	T	MATCH
CCA58983.1_G2L	1	246	210	G	MATCH
CCA58983.1_G2L	1	247		-	DELETE
CCA58983.1_G2L	1	248		-	DELETE
CCA58983.1_G2L	1	249		-	DELETE
CCA58983.1_G2L	1	250		-	DELETE
CCA58983.1_G2L	1	251		-	DELETE
CCA58983.1_G2L	1	252		-	DELETE
CCA58983.1_G2L	1	253		-	DELETE
CCA58983.1_G2L	1	254		-	DELETE
CCA58983.1_G2L	1	255		-	DELETE
CCA58983.1_G2L	1	267	221	T	MATCH
CCA58983.1_G2L	1	268	222	L	MATCH
CCA58983.1_G2L	1	269	223	F	MATCH
CCA58983.1_G2L	1	270	224	A	MATCH
CCA58983.1_G2L	1	271	225	V	MATCH
CCA58983.1_G2L	1	272	226	T	MATCH
CCA58983.1_G2L	1	273	227	E	MATCH
CCA58983.1_G2L	1	274	228	P	MATCH
CCA58983.1_G2L	1	275	229	E	MATCH
CCA58983.1_G2L	1	276	230	A	MATCH
CCA58983.1_G2L	1	277	231	E	MATCH
CCA58983.1_G2L	1	278	232	A	MATCH
CCA58983.1_G2L	1	279	233	A	MATCH
CCA58983.1_G2L	1	280	234	Y	MATCH
CCA58983.1_G2L	1	281	235	R	MATCH
CCA58983.1_G2L	1	282	236	H	MATCH
CCA58983.1_G2L	1	283	237	L	MATCH
CCA58983.1_G2L	1	284	238	A	MATCH
CCA58983.1_G2L	1	285	239	H	MATCH
CCA58983.1_G2L	1	286	240	L	MATCH
CCA58983.1_G2L	1	287	241	L	MATCH
CCA58983.1_G2L	1	288	242	T	MATCH
CCA58983.1_G2L	1	289	243	A	MATCH
CCA58983.1_G2L	1	290	244	H	MATCH
CCA58983.1_G2L	1	291	245	G	MATCH
CCA58983.1_G2L	1	292	246	M	MATCH
CCA58983.1_G2L	1	293	247	K	MATCH
CCA58983.1_G2L	1	294	248	P	MATCH
CCA58983.1_G2L	1	295	249	A	MATCH
CCA58983.1_G2L	1	296	250	P	MATCH
CCA58983.1_G2L	1	297	251	A	MATCH
CCA58983.1_G2L	1	299	253	S	MATCH
CCA58983.1_G2L	1	300	254	K	MATCH
CCA58983.1_G2L	1	301	255	I	MATCH
CCA58983.1_G2L	1	302	256	W	MATCH
CCA58983.1_G2L	1	303	257	R	MATCH
CCA58983.1_G2L	1	304	258	P	MATCH
CCA58983.1_G2L	1	305	259	N	MATCH
CCA58983.1_G2L	1	306		-	DELETE
CCA58983.1_G2L	1	307		-	DELETE
CCA58983.1_G2L	1	309		-	DELETE
CCA58983.1_G2L	1	310		-	DELETE
CCA58983.1_G2L	1	311		-	DELETE
CCA58983.1_G2L	1	312		-	DELETE
CCA58983.1_G2L	1	313		-	DELETE
CCA58983.1_G2L	1	314		-	DELETE
CCA58983.1_G2L	1	315		-	DELETE
CCA58983.1_G2L	1	316		-	DELETE
CCA58983.1_G2L	1	317		-	DELETE
CCH17786.1_G2L	1	107	75	V	MATCH
CCH17786.1_G2L	1	108	76	F	MATCH
CCH17786.1_G2L	1	109	77	P	MATCH
CCH17786.1_G2L	1	110	78	A	MATCH
CCH17786.1_G2L	1	111	79	V	MATCH
CCH17786.1_G2L	1	115	83	V	MATCH
CCH17786.1_G2L	1	116	84	E	MATCH
CCH17786.1_G2L	1	117	85	D	MATCH
CCH17786.1_G2L	1	118	86	R	MATCH
CCH17786.1_G2L	1	119	87	I	MATCH
CCH17786.1_G2L	1	127	95	A	MATCH
CCH17786.1_G2L	1	128	96	V	MATCH
CCH17786.1_G2L	1	129	97	E	MATCH
CCH17786.1_G2L	1	130	98	P	MATCH
CCH17786.1_G2L	1	131	99	I	MATCH
CCH17786.1_G2L	1	132	100	I	MATCH
CCH17786.1_G2L	1	133	101	E	MATCH
CCH17786.1_G2L	1	134	102	H	MATCH
CCH17786.1_G2L	1	135	103	H	MATCH
CCH17786.1_G2L	1	136	104	V	MATCH
CCH17786.1_G2L	1	137	105	L	MATCH
CCH17786.1_G2L	1	138	106	A	MATCH
CCH17786.1_G2L	1	139	107	D	MATCH
CCH17786.1_G2L	1	140	109	V	MATCH
CCH17786.1_G2L	1	145	114	P	MATCH
CCH17786.1_G2L	1	146	115	R	MATCH
CCH17786.1_G2L	1	157	126	E	MATCH
CCH17786.1_G2L	1	158	127	Q	MATCH
CCH17786.1_G2L	1	159	128	H	MATCH
CCH17786.1_G2L	1	160	129	L	MATCH
CCH17786.1_G2L	1	161	130	A	MATCH
CCH17786.1_G2L	1	162	131	A	MATCH
CCH17786.1_G2L	1	163	132	G	MATCH
CCH17786.1_G2L	1	169	138	D	MATCH
CCH17786.1_G2L	1	170	139	V	MATCH
CCH17786.1_G2L	1	171	140	D	MATCH
CCH17786.1_G2L	1	172	141	V	MATCH
CCH17786.1_G2L	1	173	142	A	MATCH
CCH17786.1_G2L	1	174	143	G	MATCH
CCH17786.1_G2L	1	175	144	A	MATCH
CCH17786.1_G2L	1	176	145	S	MATCH
CCH17786.1_G2L	1	177	146	A	MATCH
CCH17786.1_G2L	1	178	147	G	MATCH
CCH17786.1_G2L	1	179	148	G	MATCH
CCH17786.1_G2L	1	180	149	S	MATCH
CCH17786.1_G2L	1	181	150	S	MATCH
CCH17786.1_G2L	1	182	151	D	MATCH
CCH17786.1_G2L	1	183	152	Q	MATCH
CCH17786.1_G2L	1	184	153	F	MATCH
CCH17786.1_G2L	1	185	154	V	MATCH
CCH17786.1_G2L	1	186	155	D	MATCH
CCH17786.1_G2L	1	187	156	W	MATCH
CCH17786.1_G2L	1	188	157	L	MATCH
CCH17786.1_G2L	1	189	158	A	MATCH
CCH17786.1_G2L	1	190	159	V	MATCH
CCH17786.1_G2L	1	191	160	H	MATCH
CCH17786.1_G2L	1	192	161	V	MATCH
CCH17786.1_G2L	1	193	162	A	MATCH
CCH17786.1_G2L	1	194	163	D	MATCH
CCH17786.1_G2L	1	195	164	G	MATCH
CCH17786.1_G2L	1	196	165	S	MATCH
CCH17786.1_G2L	1	197	166	F	MATCH
CCH17786.1_G2L	1	198	167	L	MATCH
CCH17786.1_G2L	1	199	168	R	MATCH
CCH17786.1_G2L	1	200	169	L	MATCH
CCH17786.1_G2L	1	201	170	F	MATCH
CCH17786.1_G2L	1	202	171	R	MATCH
CCH17786.1_G2L	1	203	172	R	MATCH
CCH17786.1_G2L	1	204	173	I	MATCH
CCH17786.1_G2L	1	205	174	V	MATCH
CCH17786.1_G2L	1	206	175	G	MATCH
CCH17786.1_G2L	1	207	176	A	MATCH
CCH17786.1_G2L	1	208		-	DELETE
CCH17786.1_G2L	1	209		-	DELETE
CCH17786.1_G2L	1	210		-	DELETE
CCH17786.1_G2L	1	211		-	DELETE
CCH17786.1_G2L	1	228	187	L	MATCH
CCH17786.1_G2L	1	229	188	W	MATCH
CCH17786.1_G2L	1	230	189	P	MATCH
CCH17786.1_G2L	1	231	190	V	MATCH
CCH17786.1_G2L	1	232	191	L	MATCH
CCH17786.1_G2L	1	236	195	R	MATCH
CCH17786.1_G2L	1	237	196	L	MATCH
CCH17786.1_G2L	1	238	197	S	MATCH
CCH17786.1_G2L	1	239	198	Q	MATCH
CCH17786.1_G2L	1	240	199	V	MATCH
CCH17786.1_G2L	1	241	200	D	MATCH
CCH17786.1_G2L	1	242	201	A	MATCH
CCH17786.1_G2L	1	243	202	M	MATCH
CCH17786.1_G2L	1	244	203	L	MATCH
CCH17786.1_G2L	1	245	204	T	MATCH
CCH17786.1_G2L	1	246	205	G	MATCH
CCH17786.1_G2L	1	247		-	DELETE
CCH17786.1_G2L	1	248		-	DELETE
CCH17786.1_G2L	1	249		-	DELETE
CCH17786.1_G2L	1	250		-	DELETE
CCH17786.1_G2L	1	251		-	DELETE
CCH17786.1_G2L	1	252		-	DELETE
CCH17786.1_G2L	1	253		-	DELETE
CCH17786.1_G2L	1	254		-	DELETE
CCH17786.1_G2L	1	255		-	DELETE
CCH17786.1_G2L	1	267	216	L	MATCH
CCH17786.1_G2L	1	268	217	I	MATCH
CCH17786.1_G2L	1	269	218	F	MATCH
CCH17786.1_G2L	1	270	219	A	MATCH
CCH17786.1_G2L	1	271	220	T	MATCH
CCH17786.1_G2L	1	272	221	D	MATCH
CCH17786.1_G2L	1	273	222	Q	MATCH
CCH17786.1_G2L	1	274	223	A	MATCH
CCH17786.1_G2L	1	275	224	R	MATCH
CCH17786.1_G2L	1	276	225	A	MATCH
CCH17786.1_G2L	1	277	226	V	MATCH
CCH17786.1_G2L	1	278	227	A	MATCH
CCH17786.1_G2L	1	279	228	A	MATCH
CCH17786.1_G2L	1	280	229	F	MATCH
CCH17786.1_G2L	1	281	230	D	MATCH
CCH17786.1_G2L	1	282	231	A	MATCH
CCH17786.1_G2L	1	283	232	L	MATCH
CCH17786.1_G2L	1	284	233	T	MATCH
CCH17786.1_G2L	1	285	234	A	MATCH
CCH17786.1_G2L	1	286	235	A	MATCH
CCH17786.1_G2L	1	287	236	L	MATCH
CCH17786.1_G2L	1	288	237	A	MATCH
CCH17786.1_G2L	1	289	238	S	MATCH
CCH17786.1_G2L	1	290	239	W	MATCH
CCH17786.1_G2L	1	291	240	Q	MATCH
CCH17786.1_G2L	1	292	241	M	MATCH
CCH17786.1_G2L	1	293	242	Q	MATCH
CCH17786.1_G2L	1	294	243	P	MATCH
CCH17786.1_G2L	1	295	244	H	MATCH
CCH17786.1_G2L	1	296	245	P	MATCH
CCH17786.1_G2L	1	297	246	R	MATCH
CCH17786.1_G2L	1	299	248	S	MATCH
CCH17786.1_G2L	1	300	249	R	MATCH
CCH17786.1_G2L	1	301	250	V	MATCH
CCH17786.1_G2L	1	302	251	R	MATCH
CCH17786.1_G2L	1	303	252	P	MATCH
CCH17786.1_G2L	1	304	253	P	MATCH
CCH17786.1_G2L	1	305	254	H	MATCH
CCH17786.1_G2L	1	306		-	DELETE
CCH17786.1_G2L	1	307		-	DELETE
CCH17786.1_G2L	1	309		-	DELETE
CCH17786.1_G2L	1	310		-	DELETE
CCH17786.1_G2L	1	311		-	DELETE
CCH17786.1_G2L	1	312		-	DELETE
CCH17786.1_G2L	1	313		-	DELETE
CCH17786.1_G2L	1	314		-	DELETE
CCH17786.1_G2L	1	315		-	DELETE
CCH17786.1_G2L	1	316		-	DELETE
CCH17786.1_G2L	1	317		-	DELETE
CCT60821.1_G2L	0	107	79	Y	MATCH
CCT60821.1_G2L	0	108	80	R	MATCH
CCT60821.1_G2L	0	109	81	L	MATCH
CCT60821.1_G2L	0	110	82	I	MATCH
CCT60821.1_G2L	0	111	83	C	MATCH
CCT60821.1_G2L	0	115	87	L	MATCH
CCT60821.1_G2L	0	116	88	A	MATCH
CCT60821.1_G2L	0	117	89	D	MATCH
CCT60821.1_G2L	0	118	90	R	MATCH
CCT60821.1_G2L	0	119	91	I	MATCH
CCT60821.1_G2L	0	127	99	E	MATCH
CCT60821.1_G2L	0	128	100	M	MATCH
CCT60821.1_G2L	0	129	101	E	MATCH
CCT60821.1_G2L	0	130	102	K	MATCH
CCT60821.1_G2L	0	131	103	K	MATCH
CCT60821.1_G2L	0	132	104	G	MATCH
CCT60821.1_G2L	0	133	105	K	MATCH
CCT60821.1_G2L	0	134	106	Q	MATCH
CCT60821.1_G2L	0	135	107	L	MATCH
CCT60821.1_G2L	0	136	110	L	MATCH
CCT60821.1_G2L	0	137	111	N	MATCH
CCT60821.1_G2L	0	138	112	D	MATCH
CCT60821.1_G2L	0	139	113	V	MATCH
CCT60821.1_G2L	0	140	114	S	MATCH
CCT60821.1_G2L	0	145	119	A	MATCH
CCT60821.1_G2L	0	146	120	G	MATCH
CCT60821.1_G2L	0	157	133	C	MATCH
CCT60821.1_G2L	0	158	134	R	MATCH
CCT60821.1_G2L	0	159	135	I	MATCH
CCT60821.1_G2L	0	160	136	R	MATCH
CCT60821.1_G2L	0	161		-	DELETE
CCT60821.1_G2L	0	162	137	S	MATCH
CCT60821.1_G2L	0	163	138	E	MATCH
CCT60821.1_G2L	0	169	144	K	MATCH
CCT60821.1_G2L	0	170	145	A	MATCH
CCT60821.1_G2L	0	171	146	D	MATCH
CCT60821.1_G2L	0	172	147	I	MATCH
CCT60821.1_G2L	0	173	148	S	MATCH
CCT60821.1_G2L	0	174	149	K	MATCH
CCT60821.1_G2L	0	175	150	F	MATCH
CCT60821.1_G2L	0	176	151	F	MATCH
CCT60821.1_G2L	0	177	152	D	MATCH
CCT60821.1_G2L	0	178	153	R	MATCH
CCT60821.1_G2L	0	179	154	I	MATCH
CCT60821.1_G2L	0	180	155	D	MATCH
CCT60821.1_G2L	0	181	156	R	MATCH
CCT60821.1_G2L	0	182	157	D	MATCH
CCT60821.1_G2L	0	183	158	S	MATCH
CCT60821.1_G2L	0	184	159	L	MATCH
CCT60821.1_G2L	0	185	160	F	MATCH
CCT60821.1_G2L	0	186	161	D	MATCH
CCT60821.1_G2L	0	187	162	T	MATCH
CCT60821.1_G2L	0	188	163	F	MATCH
CCT60821.1_G2L	0	189	164	S	MATCH
CCT60821.1_G2L	0	190	165	K	MATCH
CCT60821.1_G2L	0	191	166	K	MATCH
CCT60821.1_G2L	0	192	167	F	MATCH
CCT60821.1_G2L	0	193	168	R	MATCH
CCT60821.1_G2L	0	194	169	F	MATCH
CCT60821.1_G2L	0	195	170	S	MATCH
CCT60821.1_G2L	0	196	171	T	MATCH
CCT60821.1_G2L	0	197	172	L	MATCH
CCT60821.1_G2L	0	198	173	H	MATCH
CCT60821.1_G2L	0	199	174	P	MATCH
CCT60821.1_G2L	0	200	175	L	MATCH
CCT60821.1_G2L	0	201	176	I	MATCH
CCT60821.1_G2L	0	202	177	K	MATCH
CCT60821.1_G2L	0	203	178	G	MATCH
CCT60821.1_G2L	0	204	179	A	MATCH
CCT60821.1_G2L	0	205	180	I	MATCH
CCT60821.1_G2L	0	206	181	Q	MATCH
CCT60821.1_G2L	0	207	182	S	MATCH
CCT60821.1_G2L	0	208	183	E	MATCH
CCT60821.1_G2L	0	209	184	V	MATCH
CCT60821.1_G2L	0	210	185	E	MATCH
CCT60821.1_G2L	0	211	186	V	MATCH
CCT60821.1_G2L	0	228	212	I	MATCH
CCT60821.1_G2L	0	229	213	S	MATCH
CCT60821.1_G2L	0	230	214	P	MATCH
CCT60821.1_G2L	0	231	215	F	MATCH
CCT60821.1_G2L	0	232	216	M	MATCH
CCT60821.1_G2L	0	236	220	A	MATCH
CCT60821.1_G2L	0	237	221	L	MATCH
CCT60821.1_G2L	0	238	222	S	MATCH
CCT60821.1_G2L	0	239	223	G	MATCH
CCT60821.1_G2L	0	240	224	F	MATCH
CCT60821.1_G2L	0	241	225	D	MATCH
CCT60821.1_G2L	0	242	226	K	MATCH
CCT60821.1_G2L	0	243	227	I	MATCH
CCT60821.1_G2L	0	244	228	I	MATCH
CCT60821.1_G2L	0	245	229	S	MATCH
CCT60821.1_G2L	0	246	230	S	MATCH
CCT60821.1_G2L	0	247		-	DELETE
CCT60821.1_G2L	0	248		-	DELETE
CCT60821.1_G2L	0	249		-	DELETE
CCT60821.1_G2L	0	250		-	DELETE
CCT60821.1_G2L	0	251		-	DELETE
CCT60821.1_G2L	0	252		-	DELETE
CCT60821.1_G2L	0	253		-	DELETE
CCT60821.1_G2L	0	254		-	DELETE
CCT60821.1_G2L	0	255		-	DELETE
CCT60821.1_G2L	0	267	242	I	MATCH
CCT60821.1_G2L	0	268	243	V	MATCH
CCT60821.1_G2L	0	269	244	L	MATCH
CCT60821.1_G2L	0	270	245	G	MATCH
CCT60821.1_G2L	0	271	246	K	MATCH
CCT60821.1_G2L	0	272	247	N	MATCH
CCT60821.1_G2L	0	273	248	E	MATCH
CCT60821.1_G2L	0	274	249	D	MATCH
CCT60821.1_G2L	0	275	250	E	MATCH
CCT60821.1_G2L	0	276	251	C	MATCH
CCT60821.1_G2L	0	277	252	K	MATCH
CCT60821.1_G2L	0	278	253	R	MATCH
CCT60821.1_G2L	0	279	254	A	MATCH
CCT60821.1_G2L	0	280	255	K	MATCH
CCT60821.1_G2L	0	281	256	E	MATCH
CCT60821.1_G2L	0	282	257	D	MATCH
CCT60821.1_G2L	0	283	258	I	MATCH
CCT60821.1_G2L	0	284	259	E	MATCH
CCT60821.1_G2L	0	285	260	C	MATCH
CCT60821.1_G2L	0	286	261	E	MATCH
CCT60821.1_G2L	0	287	262	L	MATCH
CCT60821.1_G2L	0	288	263	Y	MATCH
CCT60821.1_G2L	0	289	264	K	MATCH
CCT60821.1_G2L	0	290	265	I	MATCH
CCT60821.1_G2L	0	291	266	G	MATCH
CCT60821.1_G2L	0	292	267	Q	MATCH
CCT60821.1_G2L	0	293	268	T	MATCH
CCT60821.1_G2L	0	294	269	L	MATCH
CCT60821.1_G2L	0	295	270	N	MATCH
CCT60821.1_G2L	0	296	271	E	MATCH
CCT60821.1_G2L	0	297	272	D	MATCH
CCT60821.1_G2L	0	299	274	T	MATCH
CCT60821.1_G2L	0	300	275	Y	MATCH
CCT60821.1_G2L	0	301	276	I	MATCH
CCT60821.1_G2L	0	302	277	R	MATCH
CCT60821.1_G2L	0	303	278	A	MATCH
CCT60821.1_G2L	0	304	279	P	MATCH
CCT60821.1_G2L	0	305	280	N	MATCH
CCT60821.1_G2L	0	306	281	E	MATCH
CCT60821.1_G2L	0	307	282	S	MATCH
CCT60821.1_G2L	0	309	284	E	MATCH
CCT60821.1_G2L	0	310	285	F	MATCH
CCT60821.1_G2L	0	311	286	L	MATCH
CCT60821.1_G2L	0	312	287	G	MATCH
CCT60821.1_G2L	0	313	288	L	MATCH
CCT60821.1_G2L	0	314	289	E	MATCH
CCT60821.1_G2L	0	315	290	L	MATCH
CCT60821.1_G2L	0	316	291	R	MATCH
CCT60821.1_G2L	0	317	292	L	MATCH
CP004385.1_1408759_1409709_+_G2L	0	107		-	DELETE
CP004385.1_1408759_1409709_+_G2L	0	108		-	DELETE
CP004385.1_1408759_1409709_+_G2L	0	109		-	DELETE
CP004385.1_1408759_1409709_+_G2L	0	110		-	DELETE
CP004385.1_1408759_1409709_+_G2L	0	111		-	DELETE
CP004385.1_1408759_1409709_+_G2L	0	115	7	V	MATCH
CP004385.1_1408759_1409709_+_G2L	0	116	8	Q	MATCH
CP004385.1_1408759_1409709_+_G2L	0	117	9	D	MATCH
CP004385.1_1408759_1409709_+_G2L	0	118	10	R	MATCH
CP004385.1_1408759_1409709_+_G2L	0	119	11	I	MATCH
CP004385.1_1408759_1409709_+_G2L	0	127	19	F	MATCH
CP004385.1_1408759_1409709_+_G2L	0	128	20	L	MATCH
CP004385.1_1408759_1409709_+_G2L	0	129	21	S	MATCH
CP004385.1_1408759_1409709_+_G2L	0	130	22	D	MATCH
CP004385.1_1408759_1409709_+_G2L	0	131	23	R	MATCH
CP004385.1_1408759_1409709_+_G2L	0	132	24	Y	MATCH
CP004385.1_1408759_1409709_+_G2L	0	133	25	E	MATCH
CP004385.1_1408759_1409709_+_G2L	0	134	26	D	MATCH
CP004385.1_1408759_1409709_+_G2L	0	135	27	R	MATCH
CP004385.1_1408759_1409709_+_G2L	0	136	29	A	MATCH
CP004385.1_1408759_1409709_+_G2L	0	137	30	N	MATCH
CP004385.1_1408759_1409709_+_G2L	0	138	31	K	MATCH
CP004385.1_1408759_1409709_+_G2L	0	139	32	I	MATCH
CP004385.1_1408759_1409709_+_G2L	0	140	33	S	MATCH
CP004385.1_1408759_1409709_+_G2L	0	145	38	K	MATCH
CP004385.1_1408759_1409709_+_G2L	0	146	39	D	MATCH
CP004385.1_1408759_1409709_+_G2L	0	157	50	C	MATCH
CP004385.1_1408759_1409709_+_G2L	0	158	51	E	MATCH
CP004385.1_1408759_1409709_+_G2L	0	159	52	I	MATCH
CP004385.1_1408759_1409709_+_G2L	0	160	53	R	MATCH
CP004385.1_1408759_1409709_+_G2L	0	161		-	DELETE
CP004385.1_1408759_1409709_+_G2L	0	162	54	A	MATCH
CP004385.1_1408759_1409709_+_G2L	0	163	55	K	MATCH
CP004385.1_1408759_1409709_+_G2L	0	169	61	K	MATCH
CP004385.1_1408759_1409709_+_G2L	0	170	62	T	MATCH
CP004385.1_1408759_1409709_+_G2L	0	171	63	D	MATCH
CP004385.1_1408759_1409709_+_G2L	0	172	64	I	MATCH
CP004385.1_1408759_1409709_+_G2L	0	173	65	A	MATCH
CP004385.1_1408759_1409709_+_G2L	0	174	66	S	MATCH
CP004385.1_1408759_1409709_+_G2L	0	175	67	F	MATCH
CP004385.1_1408759_1409709_+_G2L	0	176	68	F	MATCH
CP004385.1_1408759_1409709_+_G2L	0	177	69	D	MATCH
CP004385.1_1408759_1409709_+_G2L	0	178	70	S	MATCH
CP004385.1_1408759_1409709_+_G2L	0	179	71	I	MATCH
CP004385.1_1408759_1409709_+_G2L	0	180	72	D	MATCH
CP004385.1_1408759_1409709_+_G2L	0	181	73	R	MATCH
CP004385.1_1408759_1409709_+_G2L	0	182	74	L	MATCH
CP004385.1_1408759_1409709_+_G2L	0	183	75	H	MATCH
CP004385.1_1408759_1409709_+_G2L	0	184	76	L	MATCH
CP004385.1_1408759_1409709_+_G2L	0	185	77	E	MATCH
CP004385.1_1408759_1409709_+_G2L	0	186	78	R	MATCH
CP004385.1_1408759_1409709_+_G2L	0	187	79	A	MATCH
CP004385.1_1408759_1409709_+_G2L	0	188	80	L	MATCH
CP004385.1_1408759_1409709_+_G2L	0	189	81	K	MATCH
CP004385.1_1408759_1409709_+_G2L	0	190	82	A	MATCH
CP004385.1_1408759_1409709_+_G2L	0	191	83	V	MATCH
CP004385.1_1408759_1409709_+_G2L	0	192	84	I	MATCH
CP004385.1_1408759_1409709_+_G2L	0	193	85	R	MATCH
CP004385.1_1408759_1409709_+_G2L	0	194	86	E	MATCH
CP004385.1_1408759_1409709_+_G2L	0	195	87	R	MATCH
CP004385.1_1408759_1409709_+_G2L	0	196	88	S	MATCH
CP004385.1_1408759_1409709_+_G2L	0	197	89	L	MATCH
CP004385.1_1408759_1409709_+_G2L	0	198	90	H	MATCH
CP004385.1_1408759_1409709_+_G2L	0	199	91	P	MATCH
CP004385.1_1408759_1409709_+_G2L	0	200	92	L	MATCH
CP004385.1_1408759_1409709_+_G2L	0	201	93	L	MATCH
CP004385.1_1408759_1409709_+_G2L	0	202	94	V	MATCH
CP004385.1_1408759_1409709_+_G2L	0	203	95	Q	MATCH
CP004385.1_1408759_1409709_+_G2L	0	204	96	A	MATCH
CP004385.1_1408759_1409709_+_G2L	0	205	97	I	MATCH
CP004385.1_1408759_1409709_+_G2L	0	206	98	G	MATCH
CP004385.1_1408759_1409709_+_G2L	0	207	99	C	MATCH
CP004385.1_1408759_1409709_+_G2L	0	208	100	E	MATCH
CP004385.1_1408759_1409709_+_G2L	0	209	101	I	MATCH
CP004385.1_1408759_1409709_+_G2L	0	210	102	S	MATCH
CP004385.1_1408759_1409709_+_G2L	0	211	103	V	MATCH
CP004385.1_1408759_1409709_+_G2L	0	228	129	L	MATCH
CP004385.1_1408759_1409709_+_G2L	0	229	130	S	MATCH
CP004385.1_1408759_1409709_+_G2L	0	230	131	P	MATCH
CP004385.1_1408759_1409709_+_G2L	0	231	132	F	MATCH
CP004385.1_1408759_1409709_+_G2L	0	232	133	F	MATCH
CP004385.1_1408759_1409709_+_G2L	0	236	137	M	MATCH
CP004385.1_1408759_1409709_+_G2L	0	237	138	L	MATCH
CP004385.1_1408759_1409709_+_G2L	0	238	139	A	MATCH
CP004385.1_1408759_1409709_+_G2L	0	239	140	G	MATCH
CP004385.1_1408759_1409709_+_G2L	0	240	141	F	MATCH
CP004385.1_1408759_1409709_+_G2L	0	241	142	D	MATCH
CP004385.1_1408759_1409709_+_G2L	0	242	143	R	MATCH
CP004385.1_1408759_1409709_+_G2L	0	243	144	V	MATCH
CP004385.1_1408759_1409709_+_G2L	0	244	145	I	MATCH
CP004385.1_1408759_1409709_+_G2L	0	245	146	E	MATCH
CP004385.1_1408759_1409709_+_G2L	0	246	147	Q	MATCH
CP004385.1_1408759_1409709_+_G2L	0	247		-	DELETE
CP004385.1_1408759_1409709_+_G2L	0	248		-	DELETE
CP004385.1_1408759_1409709_+_G2L	0	249		-	DELETE
CP004385.1_1408759_1409709_+_G2L	0	250		-	DELETE
CP004385.1_1408759_1409709_+_G2L	0	251		-	DELETE
CP004385.1_1408759_1409709_+_G2L	0	252		-	DELETE
CP004385.1_1408759_1409709_+_G2L	0	253		-	DELETE
CP004385.1_1408759_1409709_+_G2L	0	254		-	DELETE
CP004385.1_1408759_1409709_+_G2L	0	255	148	Q	MATCH
CP004385.1_1408759_1409709_+_G2L	0	267	160	I	MATCH
CP004385.1_1408759_1409709_+_G2L	0	268	161	F	MATCH
CP004385.1_1408759_1409709_+_G2L	0	269	162	F	MATCH
CP004385.1_1408759_1409709_+_G2L	0	270	163	A	MATCH
CP004385.1_1408759_1409709_+_G2L	0	271	164	S	MATCH
CP004385.1_1408759_1409709_+_G2L	0	272	165	S	MATCH
CP004385.1_1408759_1409709_+_G2L	0	273	166	R	MATCH
CP004385.1_1408759_1409709_+_G2L	0	274	167	G	MATCH
CP004385.1_1408759_1409709_+_G2L	0	275	168	E	MATCH
CP004385.1_1408759_1409709_+_G2L	0	276	169	C	MATCH
CP004385.1_1408759_1409709_+_G2L	0	277	170	E	MATCH
CP004385.1_1408759_1409709_+_G2L	0	278	171	D	MATCH
CP004385.1_1408759_1409709_+_G2L	0	279	172	V	MATCH
CP004385.1_1408759_1409709_+_G2L	0	280	173	A	MATCH
CP004385.1_1408759_1409709_+_G2L	0	281	174	E	MATCH
CP004385.1_1408759_1409709_+_G2L	0	282	175	F	MATCH
CP004385.1_1408759_1409709_+_G2L	0	283	176	C	MATCH
CP004385.1_1408759_1409709_+_G2L	0	284	177	A	MATCH
CP004385.1_1408759_1409709_+_G2L	0	285	178	R	MATCH
CP004385.1_1408759_1409709_+_G2L	0	286	179	H	MATCH
CP004385.1_1408759_1409709_+_G2L	0	287	180	L	MATCH
CP004385.1_1408759_1409709_+_G2L	0	288	181	A	MATCH
CP004385.1_1408759_1409709_+_G2L	0	289	182	P	MATCH
CP004385.1_1408759_1409709_+_G2L	0	290	183	I	MATCH
CP004385.1_1408759_1409709_+_G2L	0	291	184	G	MATCH
CP004385.1_1408759_1409709_+_G2L	0	292	185	L	MATCH
CP004385.1_1408759_1409709_+_G2L	0	293	186	M	MATCH
CP004385.1_1408759_1409709_+_G2L	0	294	187	V	MATCH
CP004385.1_1408759_1409709_+_G2L	0	295	188	P	MATCH
CP004385.1_1408759_1409709_+_G2L	0	296	189	P	MATCH
CP004385.1_1408759_1409709_+_G2L	0	297	194	S	MATCH
CP004385.1_1408759_1409709_+_G2L	0	299	196	S	MATCH
CP004385.1_1408759_1409709_+_G2L	0	300	197	V	MATCH
CP004385.1_1408759_1409709_+_G2L	0	301	198	I	MATCH
CP004385.1_1408759_1409709_+_G2L	0	302	199	Y	MATCH
CP004385.1_1408759_1409709_+_G2L	0	303	200	E	MATCH
CP004385.1_1408759_1409709_+_G2L	0	304	201	P	MATCH
CP004385.1_1408759_1409709_+_G2L	0	305	202	E	MATCH
CP004385.1_1408759_1409709_+_G2L	0	306	203	Q	MATCH
CP004385.1_1408759_1409709_+_G2L	0	307	204	A	MATCH
CP004385.1_1408759_1409709_+_G2L	0	309	206	E	MATCH
CP004385.1_1408759_1409709_+_G2L	0	310	207	F	MATCH
CP004385.1_1408759_1409709_+_G2L	0	311	208	L	MATCH
CP004385.1_1408759_1409709_+_G2L	0	312	209	G	MATCH
CP004385.1_1408759_1409709_+_G2L	0	313	210	V	MATCH
CP004385.1_1408759_1409709_+_G2L	0	314	211	S	MATCH
CP004385.1_1408759_1409709_+_G2L	0	315	212	L	MATCH
CP004385.1_1408759_1409709_+_G2L	0	316	213	V	MATCH
CP004385.1_1408759_1409709_+_G2L	0	317	214	R	MATCH
CP005587.1_2247168_2248427_+_G2L	0	107	94	H	MATCH
CP005587.1_2247168_2248427_+_G2L	0	108	95	R	MATCH
CP005587.1_2247168_2248427_+_G2L	0	109	96	V	MATCH
CP005587.1_2247168_2248427_+_G2L	0	110	97	I	MATCH
CP005587.1_2247168_2248427_+_G2L	0	111	98	C	MATCH
CP005587.1_2247168_2248427_+_G2L	0	115	102	V	MATCH
CP005587.1_2247168_2248427_+_G2L	0	116	103	A	MATCH
CP005587.1_2247168_2248427_+_G2L	0	117	104	D	MATCH
CP005587.1_2247168_2248427_+_G2L	0	118	105	R	MATCH
CP005587.1_2247168_2248427_+_G2L	0	119	106	L	MATCH
CP005587.1_2247168_2248427_+_G2L	0	127	114	S	MATCH
CP005587.1_2247168_2248427_+_G2L	0	128	115	L	MATCH
CP005587.1_2247168_2248427_+_G2L	0	129	116	T	MATCH
CP005587.1_2247168_2248427_+_G2L	0	130	117	T	MATCH
CP005587.1_2247168_2248427_+_G2L	0	131	118	N	MATCH
CP005587.1_2247168_2248427_+_G2L	0	132	119	D	MATCH
CP005587.1_2247168_2248427_+_G2L	0	133	120	R	MATCH
CP005587.1_2247168_2248427_+_G2L	0	134	122	R	MATCH
CP005587.1_2247168_2248427_+_G2L	0	135	123	L	MATCH
CP005587.1_2247168_2248427_+_G2L	0	136	124	V	MATCH
CP005587.1_2247168_2248427_+_G2L	0	137	125	N	MATCH
CP005587.1_2247168_2248427_+_G2L	0	138	126	D	MATCH
CP005587.1_2247168_2248427_+_G2L	0	139	127	A	MATCH
CP005587.1_2247168_2248427_+_G2L	0	140	128	S	MATCH
CP005587.1_2247168_2248427_+_G2L	0	145	133	R	MATCH
CP005587.1_2247168_2248427_+_G2L	0	146	134	G	MATCH
CP005587.1_2247168_2248427_+_G2L	0	157	145	I	MATCH
CP005587.1_2247168_2248427_+_G2L	0	158	146	A	MATCH
CP005587.1_2247168_2248427_+_G2L	0	159	147	T	MATCH
CP005587.1_2247168_2248427_+_G2L	0	160	148	R	MATCH
CP005587.1_2247168_2248427_+_G2L	0	161		-	DELETE
CP005587.1_2247168_2248427_+_G2L	0	162	149	T	MATCH
CP005587.1_2247168_2248427_+_G2L	0	163	150	N	MATCH
CP005587.1_2247168_2248427_+_G2L	0	169	156	K	MATCH
CP005587.1_2247168_2248427_+_G2L	0	170	157	T	MATCH
CP005587.1_2247168_2248427_+_G2L	0	171	158	D	MATCH
CP005587.1_2247168_2248427_+_G2L	0	172	159	I	MATCH
CP005587.1_2247168_2248427_+_G2L	0	173	160	E	MATCH
CP005587.1_2247168_2248427_+_G2L	0	174	161	S	MATCH
CP005587.1_2247168_2248427_+_G2L	0	175	162	Y	MATCH
CP005587.1_2247168_2248427_+_G2L	0	176	163	F	MATCH
CP005587.1_2247168_2248427_+_G2L	0	177	164	D	MATCH
CP005587.1_2247168_2248427_+_G2L	0	178	165	R	MATCH
CP005587.1_2247168_2248427_+_G2L	0	179	166	I	MATCH
CP005587.1_2247168_2248427_+_G2L	0	180	167	S	MATCH
CP005587.1_2247168_2248427_+_G2L	0	181	168	R	MATCH
CP005587.1_2247168_2248427_+_G2L	0	182	169	D	MATCH
CP005587.1_2247168_2248427_+_G2L	0	183	170	E	MATCH
CP005587.1_2247168_2248427_+_G2L	0	184	171	L	MATCH
CP005587.1_2247168_2248427_+_G2L	0	185	172	A	MATCH
CP005587.1_2247168_2248427_+_G2L	0	186	173	D	MATCH
CP005587.1_2247168_2248427_+_G2L	0	187	174	K	MATCH
CP005587.1_2247168_2248427_+_G2L	0	188	175	I	MATCH
CP005587.1_2247168_2248427_+_G2L	0	189	176	K	MATCH
CP005587.1_2247168_2248427_+_G2L	0	190	177	R	MATCH
CP005587.1_2247168_2248427_+_G2L	0	191	178	K	MATCH
CP005587.1_2247168_2248427_+_G2L	0	192	179	L	MATCH
CP005587.1_2247168_2248427_+_G2L	0	193	180	G	MATCH
CP005587.1_2247168_2248427_+_G2L	0	194	181	Q	MATCH
CP005587.1_2247168_2248427_+_G2L	0	195	182	H	MATCH
CP005587.1_2247168_2248427_+_G2L	0	196	183	S	MATCH
CP005587.1_2247168_2248427_+_G2L	0	197	184	L	MATCH
CP005587.1_2247168_2248427_+_G2L	0	198	185	V	MATCH
CP005587.1_2247168_2248427_+_G2L	0	199	186	P	MATCH
CP005587.1_2247168_2248427_+_G2L	0	200	187	L	MATCH
CP005587.1_2247168_2248427_+_G2L	0	201	188	L	MATCH
CP005587.1_2247168_2248427_+_G2L	0	202	189	L	MATCH
CP005587.1_2247168_2248427_+_G2L	0	203	190	Q	MATCH
CP005587.1_2247168_2248427_+_G2L	0	204	191	A	MATCH
CP005587.1_2247168_2248427_+_G2L	0	205	192	I	MATCH
CP005587.1_2247168_2248427_+_G2L	0	206	193	R	MATCH
CP005587.1_2247168_2248427_+_G2L	0	207	194	C	MATCH
CP005587.1_2247168_2248427_+_G2L	0	208	195	E	MATCH
CP005587.1_2247168_2248427_+_G2L	0	209	196	V	MATCH
CP005587.1_2247168_2248427_+_G2L	0	210	197	R	MATCH
CP005587.1_2247168_2248427_+_G2L	0	211	198	T	MATCH
CP005587.1_2247168_2248427_+_G2L	0	228	224	L	MATCH
CP005587.1_2247168_2248427_+_G2L	0	229	225	S	MATCH
CP005587.1_2247168_2248427_+_G2L	0	230	226	P	MATCH
CP005587.1_2247168_2248427_+_G2L	0	231	227	L	MATCH
CP005587.1_2247168_2248427_+_G2L	0	232	228	L	MATCH
CP005587.1_2247168_2248427_+_G2L	0	236	232	V	MATCH
CP005587.1_2247168_2248427_+_G2L	0	237	233	L	MATCH
CP005587.1_2247168_2248427_+_G2L	0	238	234	G	MATCH
CP005587.1_2247168_2248427_+_G2L	0	239	235	N	MATCH
CP005587.1_2247168_2248427_+_G2L	0	240	236	F	MATCH
CP005587.1_2247168_2248427_+_G2L	0	241	237	D	MATCH
CP005587.1_2247168_2248427_+_G2L	0	242	238	R	MATCH
CP005587.1_2247168_2248427_+_G2L	0	243	239	K	MATCH
CP005587.1_2247168_2248427_+_G2L	0	244	240	V	MATCH
CP005587.1_2247168_2248427_+_G2L	0	245	241	Q	MATCH
CP005587.1_2247168_2248427_+_G2L	0	246	242	K	MATCH
CP005587.1_2247168_2248427_+_G2L	0	247		-	DELETE
CP005587.1_2247168_2248427_+_G2L	0	248		-	DELETE
CP005587.1_2247168_2248427_+_G2L	0	249		-	DELETE
CP005587.1_2247168_2248427_+_G2L	0	250		-	DELETE
CP005587.1_2247168_2248427_+_G2L	0	251		-	DELETE
CP005587.1_2247168_2248427_+_G2L	0	252		-	DELETE
CP005587.1_2247168_2248427_+_G2L	0	253		-	DELETE
CP005587.1_2247168_2248427_+_G2L	0	254		-	DELETE
CP005587.1_2247168_2248427_+_G2L	0	255	243	A	MATCH
CP005587.1_2247168_2248427_+_G2L	0	267	255	I	MATCH
CP005587.1_2247168_2248427_+_G2L	0	268	256	V	MATCH
CP005587.1_2247168_2248427_+_G2L	0	269	257	F	MATCH
CP005587.1_2247168_2248427_+_G2L	0	270	258	G	MATCH
CP005587.1_2247168_2248427_+_G2L	0	271	259	A	MATCH
CP005587.1_2247168_2248427_+_G2L	0	272	260	S	MATCH
CP005587.1_2247168_2248427_+_G2L	0	273	261	K	MATCH
CP005587.1_2247168_2248427_+_G2L	0	274	262	S	MATCH
CP005587.1_2247168_2248427_+_G2L	0	275	263	E	MATCH
CP005587.1_2247168_2248427_+_G2L	0	276	264	V	MATCH
CP005587.1_2247168_2248427_+_G2L	0	277	265	E	MATCH
CP005587.1_2247168_2248427_+_G2L	0	278	266	A	MATCH
CP005587.1_2247168_2248427_+_G2L	0	279	267	A	MATCH
CP005587.1_2247168_2248427_+_G2L	0	280	268	F	MATCH
CP005587.1_2247168_2248427_+_G2L	0	281	269	G	MATCH
CP005587.1_2247168_2248427_+_G2L	0	282	270	L	MATCH
CP005587.1_2247168_2248427_+_G2L	0	283	271	I	MATCH
CP005587.1_2247168_2248427_+_G2L	0	284	272	V	MATCH
CP005587.1_2247168_2248427_+_G2L	0	285	273	S	MATCH
CP005587.1_2247168_2248427_+_G2L	0	286	274	E	MATCH
CP005587.1_2247168_2248427_+_G2L	0	287	275	L	MATCH
CP005587.1_2247168_2248427_+_G2L	0	288	276	E	MATCH
CP005587.1_2247168_2248427_+_G2L	0	289	277	K	MATCH
CP005587.1_2247168_2248427_+_G2L	0	290	278	L	MATCH
CP005587.1_2247168_2248427_+_G2L	0	291	279	G	MATCH
CP005587.1_2247168_2248427_+_G2L	0	292	280	H	MATCH
CP005587.1_2247168_2248427_+_G2L	0	293	281	T	MATCH
CP005587.1_2247168_2248427_+_G2L	0	294	282	V	MATCH
CP005587.1_2247168_2248427_+_G2L	0	295	287	E	MATCH
CP005587.1_2247168_2248427_+_G2L	0	296	288	K	MATCH
CP005587.1_2247168_2248427_+_G2L	0	297	289	S	MATCH
CP005587.1_2247168_2248427_+_G2L	0	299	291	T	MATCH
CP005587.1_2247168_2248427_+_G2L	0	300	292	Q	MATCH
CP005587.1_2247168_2248427_+_G2L	0	301	293	Y	MATCH
CP005587.1_2247168_2248427_+_G2L	0	302	294	V	MATCH
CP005587.1_2247168_2248427_+_G2L	0	303	295	C	MATCH
CP005587.1_2247168_2248427_+_G2L	0	304	296	P	MATCH
CP005587.1_2247168_2248427_+_G2L	0	305	297	Q	MATCH
CP005587.1_2247168_2248427_+_G2L	0	306	298	K	MATCH
CP005587.1_2247168_2248427_+_G2L	0	307	299	P	MATCH
CP005587.1_2247168_2248427_+_G2L	0	309	301	E	MATCH
CP005587.1_2247168_2248427_+_G2L	0	310	302	F	MATCH
CP005587.1_2247168_2248427_+_G2L	0	311	303	L	MATCH
CP005587.1_2247168_2248427_+_G2L	0	312	304	G	MATCH
CP005587.1_2247168_2248427_+_G2L	0	313	305	V	MATCH
CP005587.1_2247168_2248427_+_G2L	0	314	306	D	MATCH
CP005587.1_2247168_2248427_+_G2L	0	315	307	I	MATCH
CP005587.1_2247168_2248427_+_G2L	0	316	308	F	MATCH
CP005587.1_2247168_2248427_+_G2L	0	317	309	F	MATCH
CP018369.1_1678395_1679591_-_G2L	0	107	81	D	MATCH
CP018369.1_1678395_1679591_-_G2L	0	108	82	R	MATCH
CP018369.1_1678395_1679591_-_G2L	0	109	83	L	MATCH
CP018369.1_1678395_1679591_-_G2L	0	110	84	I	MATCH
CP018369.1_1678395_1679591_-_G2L	0	111	85	C	MATCH
CP018369.1_1678395_1679591_-_G2L	0	115	89	V	MATCH
CP018369.1_1678395_1679591_-_G2L	0	116	90	Q	MATCH
CP018369.1_1678395_1679591_-_G2L	0	117	91	D	MATCH
CP018369.1_1678395_1679591_-_G2L	0	118	92	R	MATCH
CP018369.1_1678395_1679591_-_G2L	0	119	93	I	MATCH
CP018369.1_1678395_1679591_-_G2L	0	127	101	F	MATCH
CP018369.1_1678395_1679591_-_G2L	0	128	102	L	MATCH
CP018369.1_1678395_1679591_-_G2L	0	129	103	S	MATCH
CP018369.1_1678395_1679591_-_G2L	0	130	104	D	MATCH
CP018369.1_1678395_1679591_-_G2L	0	131	106	Y	MATCH
CP018369.1_1678395_1679591_-_G2L	0	132	107	A	MATCH
CP018369.1_1678395_1679591_-_G2L	0	133	108	D	MATCH
CP018369.1_1678395_1679591_-_G2L	0	134	109	R	MATCH
CP018369.1_1678395_1679591_-_G2L	0	135	110	L	MATCH
CP018369.1_1678395_1679591_-_G2L	0	136	111	A	MATCH
CP018369.1_1678395_1679591_-_G2L	0	137	112	N	MATCH
CP018369.1_1678395_1679591_-_G2L	0	138	113	K	MATCH
CP018369.1_1678395_1679591_-_G2L	0	139	114	I	MATCH
CP018369.1_1678395_1679591_-_G2L	0	140	115	S	MATCH
CP018369.1_1678395_1679591_-_G2L	0	145	120	K	MATCH
CP018369.1_1678395_1679591_-_G2L	0	146	121	D	MATCH
CP018369.1_1678395_1679591_-_G2L	0	157	132	C	MATCH
CP018369.1_1678395_1679591_-_G2L	0	158	133	E	MATCH
CP018369.1_1678395_1679591_-_G2L	0	159	134	I	MATCH
CP018369.1_1678395_1679591_-_G2L	0	160	135	R	MATCH
CP018369.1_1678395_1679591_-_G2L	0	161		-	DELETE
CP018369.1_1678395_1679591_-_G2L	0	162	136	A	MATCH
CP018369.1_1678395_1679591_-_G2L	0	163	137	K	MATCH
CP018369.1_1678395_1679591_-_G2L	0	169	143	K	MATCH
CP018369.1_1678395_1679591_-_G2L	0	170	144	T	MATCH
CP018369.1_1678395_1679591_-_G2L	0	171	145	D	MATCH
CP018369.1_1678395_1679591_-_G2L	0	172	146	I	MATCH
CP018369.1_1678395_1679591_-_G2L	0	173	147	A	MATCH
CP018369.1_1678395_1679591_-_G2L	0	174	148	S	MATCH
CP018369.1_1678395_1679591_-_G2L	0	175	149	F	MATCH
CP018369.1_1678395_1679591_-_G2L	0	176	150	F	MATCH
CP018369.1_1678395_1679591_-_G2L	0	177	151	D	MATCH
CP018369.1_1678395_1679591_-_G2L	0	178	152	S	MATCH
CP018369.1_1678395_1679591_-_G2L	0	179	153	I	MATCH
CP018369.1_1678395_1679591_-_G2L	0	180	154	D	MATCH
CP018369.1_1678395_1679591_-_G2L	0	181	155	R	MATCH
CP018369.1_1678395_1679591_-_G2L	0	182	156	L	MATCH
CP018369.1_1678395_1679591_-_G2L	0	183	157	H	MATCH
CP018369.1_1678395_1679591_-_G2L	0	184	158	L	MATCH
CP018369.1_1678395_1679591_-_G2L	0	185	159	E	MATCH
CP018369.1_1678395_1679591_-_G2L	0	186	160	R	MATCH
CP018369.1_1678395_1679591_-_G2L	0	187	161	A	MATCH
CP018369.1_1678395_1679591_-_G2L	0	188	162	L	MATCH
CP018369.1_1678395_1679591_-_G2L	0	189	163	K	MATCH
CP018369.1_1678395_1679591_-_G2L	0	190	164	A	MATCH
CP018369.1_1678395_1679591_-_G2L	0	191	165	V	MATCH
CP018369.1_1678395_1679591_-_G2L	0	192	166	I	MATCH
CP018369.1_1678395_1679591_-_G2L	0	193	167	R	MATCH
CP018369.1_1678395_1679591_-_G2L	0	194	168	E	MATCH
CP018369.1_1678395_1679591_-_G2L	0	195	169	R	MATCH
CP018369.1_1678395_1679591_-_G2L	0	196	170	S	MATCH
CP018369.1_1678395_1679591_-_G2L	0	197	171	L	MATCH
CP018369.1_1678395_1679591_-_G2L	0	198	172	H	MATCH
CP018369.1_1678395_1679591_-_G2L	0	199	173	P	MATCH
CP018369.1_1678395_1679591_-_G2L	0	200	174	L	MATCH
CP018369.1_1678395_1679591_-_G2L	0	201	175	L	MATCH
CP018369.1_1678395_1679591_-_G2L	0	202	176	V	MATCH
CP018369.1_1678395_1679591_-_G2L	0	203	177	Q	MATCH
CP018369.1_1678395_1679591_-_G2L	0	204	178	A	MATCH
CP018369.1_1678395_1679591_-_G2L	0	205	179	I	MATCH
CP018369.1_1678395_1679591_-_G2L	0	206	180	G	MATCH
CP018369.1_1678395_1679591_-_G2L	0	207	181	C	MATCH
CP018369.1_1678395_1679591_-_G2L	0	208	182	E	MATCH
CP018369.1_1678395_1679591_-_G2L	0	209	183	I	MATCH
CP018369.1_1678395_1679591_-_G2L	0	210	184	S	MATCH
CP018369.1_1678395_1679591_-_G2L	0	211	185	A	MATCH
CP018369.1_1678395_1679591_-_G2L	0	228	211	L	MATCH
CP018369.1_1678395_1679591_-_G2L	0	229	212	S	MATCH
CP018369.1_1678395_1679591_-_G2L	0	230	213	P	MATCH
CP018369.1_1678395_1679591_-_G2L	0	231	214	F	MATCH
CP018369.1_1678395_1679591_-_G2L	0	232	215	F	MATCH
CP018369.1_1678395_1679591_-_G2L	0	236	219	M	MATCH
CP018369.1_1678395_1679591_-_G2L	0	237	220	L	MATCH
CP018369.1_1678395_1679591_-_G2L	0	238	221	A	MATCH
CP018369.1_1678395_1679591_-_G2L	0	239	222	G	MATCH
CP018369.1_1678395_1679591_-_G2L	0	240	223	F	MATCH
CP018369.1_1678395_1679591_-_G2L	0	241	224	D	MATCH
CP018369.1_1678395_1679591_-_G2L	0	242	225	R	MATCH
CP018369.1_1678395_1679591_-_G2L	0	243	226	V	MATCH
CP018369.1_1678395_1679591_-_G2L	0	244	227	I	MATCH
CP018369.1_1678395_1679591_-_G2L	0	245	228	E	MATCH
CP018369.1_1678395_1679591_-_G2L	0	246	229	Q	MATCH
CP018369.1_1678395_1679591_-_G2L	0	247		-	DELETE
CP018369.1_1678395_1679591_-_G2L	0	248		-	DELETE
CP018369.1_1678395_1679591_-_G2L	0	249		-	DELETE
CP018369.1_1678395_1679591_-_G2L	0	250		-	DELETE
CP018369.1_1678395_1679591_-_G2L	0	251		-	DELETE
CP018369.1_1678395_1679591_-_G2L	0	252		-	DELETE
CP018369.1_1678395_1679591_-_G2L	0	253		-	DELETE
CP018369.1_1678395_1679591_-_G2L	0	254		-	DELETE
CP018369.1_1678395_1679591_-_G2L	0	255	230	Q	MATCH
CP018369.1_1678395_1679591_-_G2L	0	267	242	I	MATCH
CP018369.1_1678395_1679591_-_G2L	0	268	243	F	MATCH
CP018369.1_1678395_1679591_-_G2L	0	269	244	F	MATCH
CP018369.1_1678395_1679591_-_G2L	0	270	245	A	MATCH
CP018369.1_1678395_1679591_-_G2L	0	271	246	S	MATCH
CP018369.1_1678395_1679591_-_G2L	0	272	247	S	MATCH
CP018369.1_1678395_1679591_-_G2L	0	273	248	R	MATCH
CP018369.1_1678395_1679591_-_G2L	0	274	249	G	MATCH
CP018369.1_1678395_1679591_-_G2L	0	275	250	E	MATCH
CP018369.1_1678395_1679591_-_G2L	0	276	251	C	MATCH
CP018369.1_1678395_1679591_-_G2L	0	277	252	E	MATCH
CP018369.1_1678395_1679591_-_G2L	0	278	253	D	MATCH
CP018369.1_1678395_1679591_-_G2L	0	279	254	V	MATCH
CP018369.1_1678395_1679591_-_G2L	0	280	255	A	MATCH
CP018369.1_1678395_1679591_-_G2L	0	281	256	E	MATCH
CP018369.1_1678395_1679591_-_G2L	0	282	257	F	MATCH
CP018369.1_1678395_1679591_-_G2L	0	283	258	C	MATCH
CP018369.1_1678395_1679591_-_G2L	0	284	259	A	MATCH
CP018369.1_1678395_1679591_-_G2L	0	285	260	R	MATCH
CP018369.1_1678395_1679591_-_G2L	0	286	261	H	MATCH
CP018369.1_1678395_1679591_-_G2L	0	287	262	L	MATCH
CP018369.1_1678395_1679591_-_G2L	0	288	263	A	MATCH
CP018369.1_1678395_1679591_-_G2L	0	289	264	P	MATCH
CP018369.1_1678395_1679591_-_G2L	0	290	265	I	MATCH
CP018369.1_1678395_1679591_-_G2L	0	291	266	G	MATCH
CP018369.1_1678395_1679591_-_G2L	0	292	267	L	MATCH
CP018369.1_1678395_1679591_-_G2L	0	293	268	M	MATCH
CP018369.1_1678395_1679591_-_G2L	0	294	269	A	MATCH
CP018369.1_1678395_1679591_-_G2L	0	295	270	P	MATCH
CP018369.1_1678395_1679591_-_G2L	0	296	271	P	MATCH
CP018369.1_1678395_1679591_-_G2L	0	297	276	S	MATCH
CP018369.1_1678395_1679591_-_G2L	0	299	278	S	MATCH
CP018369.1_1678395_1679591_-_G2L	0	300	279	V	MATCH
CP018369.1_1678395_1679591_-_G2L	0	301	280	I	MATCH
CP018369.1_1678395_1679591_-_G2L	0	302	281	Y	MATCH
CP018369.1_1678395_1679591_-_G2L	0	303	282	E	MATCH
CP018369.1_1678395_1679591_-_G2L	0	304	283	P	MATCH
CP018369.1_1678395_1679591_-_G2L	0	305	284	E	MATCH
CP018369.1_1678395_1679591_-_G2L	0	306	285	Q	MATCH
CP018369.1_1678395_1679591_-_G2L	0	307	286	A	MATCH
CP018369.1_1678395_1679591_-_G2L	0	309	288	E	MATCH
CP018369.1_1678395_1679591_-_G2L	0	310	289	F	MATCH
CP018369.1_1678395_1679591_-_G2L	0	311	290	L	MATCH
CP018369.1_1678395_1679591_-_G2L	0	312	291	G	MATCH
CP018369.1_1678395_1679591_-_G2L	0	313	292	V	MATCH
CP018369.1_1678395_1679591_-_G2L	0	314	293	S	MATCH
CP018369.1_1678395_1679591_-_G2L	0	315	294	L	MATCH
CP018369.1_1678395_1679591_-_G2L	0	316	295	V	MATCH
CP018369.1_1678395_1679591_-_G2L	0	317	296	R	MATCH
CP019322.1_1283679_1284887_+_G2L	0	107	78	K	MATCH
CP019322.1_1283679_1284887_+_G2L	0	108	79	R	MATCH
CP019322.1_1283679_1284887_+_G2L	0	109	80	L	MATCH
CP019322.1_1283679_1284887_+_G2L	0	110	81	I	MATCH
CP019322.1_1283679_1284887_+_G2L	0	111	82	C	MATCH
CP019322.1_1283679_1284887_+_G2L	0	115	86	V	MATCH
CP019322.1_1283679_1284887_+_G2L	0	116	87	R	MATCH
CP019322.1_1283679_1284887_+_G2L	0	117	88	D	MATCH
CP019322.1_1283679_1284887_+_G2L	0	118	89	R	MATCH
CP019322.1_1283679_1284887_+_G2L	0	119	90	I	MATCH
CP019322.1_1283679_1284887_+_G2L	0	127	98	Y	MATCH
CP019322.1_1283679_1284887_+_G2L	0	128	99	L	MATCH
CP019322.1_1283679_1284887_+_G2L	0	129	100	T	MATCH
CP019322.1_1283679_1284887_+_G2L	0	130	101	A	MATCH
CP019322.1_1283679_1284887_+_G2L	0	131	102	K	MATCH
CP019322.1_1283679_1284887_+_G2L	0	132	103	A	MATCH
CP019322.1_1283679_1284887_+_G2L	0	133	104	D	MATCH
CP019322.1_1283679_1284887_+_G2L	0	134	105	K	MATCH
CP019322.1_1283679_1284887_+_G2L	0	135	108	I	MATCH
CP019322.1_1283679_1284887_+_G2L	0	136	109	I	MATCH
CP019322.1_1283679_1284887_+_G2L	0	137	110	N	MATCH
CP019322.1_1283679_1284887_+_G2L	0	138	111	A	MATCH
CP019322.1_1283679_1284887_+_G2L	0	139	112	A	MATCH
CP019322.1_1283679_1284887_+_G2L	0	140	113	S	MATCH
CP019322.1_1283679_1284887_+_G2L	0	145	118	K	MATCH
CP019322.1_1283679_1284887_+_G2L	0	146	119	S	MATCH
CP019322.1_1283679_1284887_+_G2L	0	157	131	R	MATCH
CP019322.1_1283679_1284887_+_G2L	0	158	132	N	MATCH
CP019322.1_1283679_1284887_+_G2L	0	159	133	L	MATCH
CP019322.1_1283679_1284887_+_G2L	0	160	134	A	MATCH
CP019322.1_1283679_1284887_+_G2L	0	161	135	V	MATCH
CP019322.1_1283679_1284887_+_G2L	0	162	139	Q	MATCH
CP019322.1_1283679_1284887_+_G2L	0	163	140	E	MATCH
CP019322.1_1283679_1284887_+_G2L	0	169	146	K	MATCH
CP019322.1_1283679_1284887_+_G2L	0	170	147	T	MATCH
CP019322.1_1283679_1284887_+_G2L	0	171	148	D	MATCH
CP019322.1_1283679_1284887_+_G2L	0	172	149	I	MATCH
CP019322.1_1283679_1284887_+_G2L	0	173	150	T	MATCH
CP019322.1_1283679_1284887_+_G2L	0	174	151	S	MATCH
CP019322.1_1283679_1284887_+_G2L	0	175	152	F	MATCH
CP019322.1_1283679_1284887_+_G2L	0	176	153	F	MATCH
CP019322.1_1283679_1284887_+_G2L	0	177	154	D	MATCH
CP019322.1_1283679_1284887_+_G2L	0	178	155	N	MATCH
CP019322.1_1283679_1284887_+_G2L	0	179	156	I	MATCH
CP019322.1_1283679_1284887_+_G2L	0	180	157	P	MATCH
CP019322.1_1283679_1284887_+_G2L	0	181	158	R	MATCH
CP019322.1_1283679_1284887_+_G2L	0	182	159	E	MATCH
CP019322.1_1283679_1284887_+_G2L	0	183	160	K	MATCH
CP019322.1_1283679_1284887_+_G2L	0	184	161	L	MATCH
CP019322.1_1283679_1284887_+_G2L	0	185	162	V	MATCH
CP019322.1_1283679_1284887_+_G2L	0	186	163	S	MATCH
CP019322.1_1283679_1284887_+_G2L	0	187	164	L	MATCH
CP019322.1_1283679_1284887_+_G2L	0	188	165	T	MATCH
CP019322.1_1283679_1284887_+_G2L	0	189	166	M	MATCH
CP019322.1_1283679_1284887_+_G2L	0	190	167	R	MATCH
CP019322.1_1283679_1284887_+_G2L	0	191	168	A	MATCH
CP019322.1_1283679_1284887_+_G2L	0	192	169	L	MATCH
CP019322.1_1283679_1284887_+_G2L	0	193	170	R	MATCH
CP019322.1_1283679_1284887_+_G2L	0	194	171	T	MATCH
CP019322.1_1283679_1284887_+_G2L	0	195	172	D	MATCH
CP019322.1_1283679_1284887_+_G2L	0	196	173	S	MATCH
CP019322.1_1283679_1284887_+_G2L	0	197	174	F	MATCH
CP019322.1_1283679_1284887_+_G2L	0	198	175	R	MATCH
CP019322.1_1283679_1284887_+_G2L	0	199	176	P	MATCH
CP019322.1_1283679_1284887_+_G2L	0	200	177	I	MATCH
CP019322.1_1283679_1284887_+_G2L	0	201	178	I	MATCH
CP019322.1_1283679_1284887_+_G2L	0	202	179	R	MATCH
CP019322.1_1283679_1284887_+_G2L	0	203	180	A	MATCH
CP019322.1_1283679_1284887_+_G2L	0	204	181	V	MATCH
CP019322.1_1283679_1284887_+_G2L	0	205	182	V	MATCH
CP019322.1_1283679_1284887_+_G2L	0	206	183	G	MATCH
CP019322.1_1283679_1284887_+_G2L	0	207	184	C	MATCH
CP019322.1_1283679_1284887_+_G2L	0	208	185	E	MATCH
CP019322.1_1283679_1284887_+_G2L	0	209	186	I	MATCH
CP019322.1_1283679_1284887_+_G2L	0	210	187	D	MATCH
CP019322.1_1283679_1284887_+_G2L	0	211	188	E	MATCH
CP019322.1_1283679_1284887_+_G2L	0	228	214	L	MATCH
CP019322.1_1283679_1284887_+_G2L	0	229	215	S	MATCH
CP019322.1_1283679_1284887_+_G2L	0	230	216	P	MATCH
CP019322.1_1283679_1284887_+_G2L	0	231	217	L	MATCH
CP019322.1_1283679_1284887_+_G2L	0	232	218	L	MATCH
CP019322.1_1283679_1284887_+_G2L	0	236	222	V	MATCH
CP019322.1_1283679_1284887_+_G2L	0	237	223	L	MATCH
CP019322.1_1283679_1284887_+_G2L	0	238	224	K	MATCH
CP019322.1_1283679_1284887_+_G2L	0	239	225	D	MATCH
CP019322.1_1283679_1284887_+_G2L	0	240	226	F	MATCH
CP019322.1_1283679_1284887_+_G2L	0	241	227	D	MATCH
CP019322.1_1283679_1284887_+_G2L	0	242	228	R	MATCH
CP019322.1_1283679_1284887_+_G2L	0	243	229	G	MATCH
CP019322.1_1283679_1284887_+_G2L	0	244	230	M	MATCH
CP019322.1_1283679_1284887_+_G2L	0	245	231	I	MATCH
CP019322.1_1283679_1284887_+_G2L	0	246	232	E	MATCH
CP019322.1_1283679_1284887_+_G2L	0	247		-	DELETE
CP019322.1_1283679_1284887_+_G2L	0	248		-	DELETE
CP019322.1_1283679_1284887_+_G2L	0	249		-	DELETE
CP019322.1_1283679_1284887_+_G2L	0	250		-	DELETE
CP019322.1_1283679_1284887_+_G2L	0	251		-	DELETE
CP019322.1_1283679_1284887_+_G2L	0	252		-	DELETE
CP019322.1_1283679_1284887_+_G2L	0	253		-	DELETE
CP019322.1_1283679_1284887_+_G2L	0	254		-	DELETE
CP019322.1_1283679_1284887_+_G2L	0	255	233	K	MATCH
CP019322.1_1283679_1284887_+_G2L	0	267	245	I	MATCH
CP019322.1_1283679_1284887_+_G2L	0	268	246	V	MATCH
CP019322.1_1283679_1284887_+_G2L	0	269	247	L	MATCH
CP019322.1_1283679_1284887_+_G2L	0	270	248	A	MATCH
CP019322.1_1283679_1284887_+_G2L	0	271	249	N	MATCH
CP019322.1_1283679_1284887_+_G2L	0	272	250	S	MATCH
CP019322.1_1283679_1284887_+_G2L	0	273	251	R	MATCH
CP019322.1_1283679_1284887_+_G2L	0	274	252	D	MATCH
CP019322.1_1283679_1284887_+_G2L	0	275	253	E	MATCH
CP019322.1_1283679_1284887_+_G2L	0	276	254	C	MATCH
CP019322.1_1283679_1284887_+_G2L	0	277	255	L	MATCH
CP019322.1_1283679_1284887_+_G2L	0	278	256	R	MATCH
CP019322.1_1283679_1284887_+_G2L	0	279	257	A	MATCH
CP019322.1_1283679_1284887_+_G2L	0	280	258	D	MATCH
CP019322.1_1283679_1284887_+_G2L	0	281	259	Q	MATCH
CP019322.1_1283679_1284887_+_G2L	0	282	260	H	MATCH
CP019322.1_1283679_1284887_+_G2L	0	283	261	A	MATCH
CP019322.1_1283679_1284887_+_G2L	0	284	262	R	MATCH
CP019322.1_1283679_1284887_+_G2L	0	285	263	Y	MATCH
CP019322.1_1283679_1284887_+_G2L	0	286	264	M	MATCH
CP019322.1_1283679_1284887_+_G2L	0	287	265	L	MATCH
CP019322.1_1283679_1284887_+_G2L	0	288	266	D	MATCH
CP019322.1_1283679_1284887_+_G2L	0	289	267	K	MATCH
CP019322.1_1283679_1284887_+_G2L	0	290	268	I	MATCH
CP019322.1_1283679_1284887_+_G2L	0	291	269	D	MATCH
CP019322.1_1283679_1284887_+_G2L	0	292	270	L	MATCH
CP019322.1_1283679_1284887_+_G2L	0	293	271	V	MATCH
CP019322.1_1283679_1284887_+_G2L	0	294	272	L	MATCH
CP019322.1_1283679_1284887_+_G2L	0	295	277	D	MATCH
CP019322.1_1283679_1284887_+_G2L	0	296	278	N	MATCH
CP019322.1_1283679_1284887_+_G2L	0	297	279	S	MATCH
CP019322.1_1283679_1284887_+_G2L	0	299	281	T	MATCH
CP019322.1_1283679_1284887_+_G2L	0	300	282	Q	MATCH
CP019322.1_1283679_1284887_+_G2L	0	301	283	I	MATCH
CP019322.1_1283679_1284887_+_G2L	0	302	284	A	MATCH
CP019322.1_1283679_1284887_+_G2L	0	303	285	S	MATCH
CP019322.1_1283679_1284887_+_G2L	0	304	286	P	MATCH
CP019322.1_1283679_1284887_+_G2L	0	305	287	D	MATCH
CP019322.1_1283679_1284887_+_G2L	0	306	288	E	MATCH
CP019322.1_1283679_1284887_+_G2L	0	307	289	D	MATCH
CP019322.1_1283679_1284887_+_G2L	0	309	291	E	MATCH
CP019322.1_1283679_1284887_+_G2L	0	310	292	F	MATCH
CP019322.1_1283679_1284887_+_G2L	0	311	293	L	MATCH
CP019322.1_1283679_1284887_+_G2L	0	312	294	G	MATCH
CP019322.1_1283679_1284887_+_G2L	0	313	295	L	MATCH
CP019322.1_1283679_1284887_+_G2L	0	314	296	S	MATCH
CP019322.1_1283679_1284887_+_G2L	0	315	297	L	MATCH
CP019322.1_1283679_1284887_+_G2L	0	316	298	S	MATCH
CP019322.1_1283679_1284887_+_G2L	0	317	299	R	MATCH
CP020390.1_3686208_3687404_-_G2L	0	107	81	D	MATCH
CP020390.1_3686208_3687404_-_G2L	0	108	82	R	MATCH
CP020390.1_3686208_3687404_-_G2L	0	109	83	L	MATCH
CP020390.1_3686208_3687404_-_G2L	0	110	84	I	MATCH
CP020390.1_3686208_3687404_-_G2L	0	111	85	C	MATCH
CP020390.1_3686208_3687404_-_G2L	0	115	89	V	MATCH
CP020390.1_3686208_3687404_-_G2L	0	116	90	Q	MATCH
CP020390.1_3686208_3687404_-_G2L	0	117	91	D	MATCH
CP020390.1_3686208_3687404_-_G2L	0	118	92	R	MATCH
CP020390.1_3686208_3687404_-_G2L	0	119	93	I	MATCH
CP020390.1_3686208_3687404_-_G2L	0	127	101	F	MATCH
CP020390.1_3686208_3687404_-_G2L	0	128	102	L	MATCH
CP020390.1_3686208_3687404_-_G2L	0	129	103	S	MATCH
CP020390.1_3686208_3687404_-_G2L	0	130	104	D	MATCH
CP020390.1_3686208_3687404_-_G2L	0	131	106	Y	MATCH
CP020390.1_3686208_3687404_-_G2L	0	132	107	A	MATCH
CP020390.1_3686208_3687404_-_G2L	0	133	108	D	MATCH
CP020390.1_3686208_3687404_-_G2L	0	134	109	R	MATCH
CP020390.1_3686208_3687404_-_G2L	0	135	110	L	MATCH
CP020390.1_3686208_3687404_-_G2L	0	136	111	A	MATCH
CP020390.1_3686208_3687404_-_G2L	0	137	112	N	MATCH
CP020390.1_3686208_3687404_-_G2L	0	138	113	K	MATCH
CP020390.1_3686208_3687404_-_G2L	0	139	114	I	MATCH
CP020390.1_3686208_3687404_-_G2L	0	140	115	S	MATCH
CP020390.1_3686208_3687404_-_G2L	0	145	120	K	MATCH
CP020390.1_3686208_3687404_-_G2L	0	146	121	D	MATCH
CP020390.1_3686208_3687404_-_G2L	0	157	132	C	MATCH
CP020390.1_3686208_3687404_-_G2L	0	158	133	E	MATCH
CP020390.1_3686208_3687404_-_G2L	0	159	134	I	MATCH
CP020390.1_3686208_3687404_-_G2L	0	160	135	R	MATCH
CP020390.1_3686208_3687404_-_G2L	0	161		-	DELETE
CP020390.1_3686208_3687404_-_G2L	0	162	136	A	MATCH
CP020390.1_3686208_3687404_-_G2L	0	163	137	K	MATCH
CP020390.1_3686208_3687404_-_G2L	0	169	143	K	MATCH
CP020390.1_3686208_3687404_-_G2L	0	170	144	A	MATCH
CP020390.1_3686208_3687404_-_G2L	0	171	145	D	MATCH
CP020390.1_3686208_3687404_-_G2L	0	172	146	I	MATCH
CP020390.1_3686208_3687404_-_G2L	0	173	147	A	MATCH
CP020390.1_3686208_3687404_-_G2L	0	174	148	S	MATCH
CP020390.1_3686208_3687404_-_G2L	0	175	149	F	MATCH
CP020390.1_3686208_3687404_-_G2L	0	176	150	F	MATCH
CP020390.1_3686208_3687404_-_G2L	0	177	151	D	MATCH
CP020390.1_3686208_3687404_-_G2L	0	178	152	S	MATCH
CP020390.1_3686208_3687404_-_G2L	0	179	153	I	MATCH
CP020390.1_3686208_3687404_-_G2L	0	180	154	E	MATCH
CP020390.1_3686208_3687404_-_G2L	0	181	155	R	MATCH
CP020390.1_3686208_3687404_-_G2L	0	182	156	L	MATCH
CP020390.1_3686208_3687404_-_G2L	0	183	157	H	MATCH
CP020390.1_3686208_3687404_-_G2L	0	184	158	L	MATCH
CP020390.1_3686208_3687404_-_G2L	0	185	159	E	MATCH
CP020390.1_3686208_3687404_-_G2L	0	186	160	R	MATCH
CP020390.1_3686208_3687404_-_G2L	0	187	161	A	MATCH
CP020390.1_3686208_3687404_-_G2L	0	188	162	L	MATCH
CP020390.1_3686208_3687404_-_G2L	0	189	163	K	MATCH
CP020390.1_3686208_3687404_-_G2L	0	190	164	A	MATCH
CP020390.1_3686208_3687404_-_G2L	0	191	165	V	MATCH
CP020390.1_3686208_3687404_-_G2L	0	192	166	I	MATCH
CP020390.1_3686208_3687404_-_G2L	0	193	167	R	MATCH
CP020390.1_3686208_3687404_-_G2L	0	194	168	E	MATCH
CP020390.1_3686208_3687404_-_G2L	0	195	169	R	MATCH
CP020390.1_3686208_3687404_-_G2L	0	196	170	S	MATCH
CP020390.1_3686208_3687404_-_G2L	0	197	171	L	MATCH
CP020390.1_3686208_3687404_-_G2L	0	198	172	H	MATCH
CP020390.1_3686208_3687404_-_G2L	0	199	173	P	MATCH
CP020390.1_3686208_3687404_-_G2L	0	200	174	L	MATCH
CP020390.1_3686208_3687404_-_G2L	0	201	175	L	MATCH
CP020390.1_3686208_3687404_-_G2L	0	202	176	V	MATCH
CP020390.1_3686208_3687404_-_G2L	0	203	177	Q	MATCH
CP020390.1_3686208_3687404_-_G2L	0	204	178	A	MATCH
CP020390.1_3686208_3687404_-_G2L	0	205	179	I	MATCH
CP020390.1_3686208_3687404_-_G2L	0	206	180	G	MATCH
CP020390.1_3686208_3687404_-_G2L	0	207	181	C	MATCH
CP020390.1_3686208_3687404_-_G2L	0	208	182	E	MATCH
CP020390.1_3686208_3687404_-_G2L	0	209	183	I	MATCH
CP020390.1_3686208_3687404_-_G2L	0	210	184	S	MATCH
CP020390.1_3686208_3687404_-_G2L	0	211	185	A	MATCH
CP020390.1_3686208_3687404_-_G2L	0	228	211	L	MATCH
CP020390.1_3686208_3687404_-_G2L	0	229	212	S	MATCH
CP020390.1_3686208_3687404_-_G2L	0	230	213	P	MATCH
CP020390.1_3686208_3687404_-_G2L	0	231	214	F	MATCH
CP020390.1_3686208_3687404_-_G2L	0	232	215	F	MATCH
CP020390.1_3686208_3687404_-_G2L	0	236	219	M	MATCH
CP020390.1_3686208_3687404_-_G2L	0	237	220	L	MATCH
CP020390.1_3686208_3687404_-_G2L	0	238	221	A	MATCH
CP020390.1_3686208_3687404_-_G2L	0	239	222	G	MATCH
CP020390.1_3686208_3687404_-_G2L	0	240	223	F	MATCH
CP020390.1_3686208_3687404_-_G2L	0	241	224	D	MATCH
CP020390.1_3686208_3687404_-_G2L	0	242	225	R	MATCH
CP020390.1_3686208_3687404_-_G2L	0	243	226	V	MATCH
CP020390.1_3686208_3687404_-_G2L	0	244	227	I	MATCH
CP020390.1_3686208_3687404_-_G2L	0	245	228	E	MATCH
CP020390.1_3686208_3687404_-_G2L	0	246	229	Q	MATCH
CP020390.1_3686208_3687404_-_G2L	0	247		-	DELETE
CP020390.1_3686208_3687404_-_G2L	0	248		-	DELETE
CP020390.1_3686208_3687404_-_G2L	0	249		-	DELETE
CP020390.1_3686208_3687404_-_G2L	0	250		-	DELETE
CP020390.1_3686208_3687404_-_G2L	0	251		-	DELETE
CP020390.1_3686208_3687404_-_G2L	0	252		-	DELETE
CP020390.1_3686208_3687404_-_G2L	0	253		-	DELETE
CP020390.1_3686208_3687404_-_G2L	0	254		-	DELETE
CP020390.1_3686208_3687404_-_G2L	0	255	230	K	MATCH
CP020390.1_3686208_3687404_-_G2L	0	267	242	I	MATCH
CP020390.1_3686208_3687404_-_G2L	0	268	243	F	MATCH
CP020390.1_3686208_3687404_-_G2L	0	269	244	F	MATCH
CP020390.1_3686208_3687404_-_G2L	0	270	245	A	MATCH
CP020390.1_3686208_3687404_-_G2L	0	271	246	S	MATCH
CP020390.1_3686208_3687404_-_G2L	0	272	247	S	MATCH
CP020390.1_3686208_3687404_-_G2L	0	273	248	R	MATCH
CP020390.1_3686208_3687404_-_G2L	0	274	249	G	MATCH
CP020390.1_3686208_3687404_-_G2L	0	275	250	E	MATCH
CP020390.1_3686208_3687404_-_G2L	0	276	251	C	MATCH
CP020390.1_3686208_3687404_-_G2L	0	277	252	E	MATCH
CP020390.1_3686208_3687404_-_G2L	0	278	253	D	MATCH
CP020390.1_3686208_3687404_-_G2L	0	279	254	A	MATCH
CP020390.1_3686208_3687404_-_G2L	0	280	255	A	MATCH
CP020390.1_3686208_3687404_-_G2L	0	281	256	E	MATCH
CP020390.1_3686208_3687404_-_G2L	0	282	257	F	MATCH
CP020390.1_3686208_3687404_-_G2L	0	283	258	C	MATCH
CP020390.1_3686208_3687404_-_G2L	0	284	259	A	MATCH
CP020390.1_3686208_3687404_-_G2L	0	285	260	R	MATCH
CP020390.1_3686208_3687404_-_G2L	0	286	261	H	MATCH
CP020390.1_3686208_3687404_-_G2L	0	287	262	L	MATCH
CP020390.1_3686208_3687404_-_G2L	0	288	263	A	MATCH
CP020390.1_3686208_3687404_-_G2L	0	289	264	P	MATCH
CP020390.1_3686208_3687404_-_G2L	0	290	265	I	MATCH
CP020390.1_3686208_3687404_-_G2L	0	291	266	G	MATCH
CP020390.1_3686208_3687404_-_G2L	0	292	267	L	MATCH
CP020390.1_3686208_3687404_-_G2L	0	293	268	T	MATCH
CP020390.1_3686208_3687404_-_G2L	0	294	269	V	MATCH
CP020390.1_3686208_3687404_-_G2L	0	295	270	P	MATCH
CP020390.1_3686208_3687404_-_G2L	0	296	271	P	MATCH
CP020390.1_3686208_3687404_-_G2L	0	297	276	S	MATCH
CP020390.1_3686208_3687404_-_G2L	0	299	278	S	MATCH
CP020390.1_3686208_3687404_-_G2L	0	300	279	A	MATCH
CP020390.1_3686208_3687404_-_G2L	0	301	280	I	MATCH
CP020390.1_3686208_3687404_-_G2L	0	302	281	Y	MATCH
CP020390.1_3686208_3687404_-_G2L	0	303	282	E	MATCH
CP020390.1_3686208_3687404_-_G2L	0	304	283	P	MATCH
CP020390.1_3686208_3687404_-_G2L	0	305	284	D	MATCH
CP020390.1_3686208_3687404_-_G2L	0	306	285	E	MATCH
CP020390.1_3686208_3687404_-_G2L	0	307	286	A	MATCH
CP020390.1_3686208_3687404_-_G2L	0	309	288	E	MATCH
CP020390.1_3686208_3687404_-_G2L	0	310	289	F	MATCH
CP020390.1_3686208_3687404_-_G2L	0	311	290	L	MATCH
CP020390.1_3686208_3687404_-_G2L	0	312	291	G	MATCH
CP020390.1_3686208_3687404_-_G2L	0	313	292	V	MATCH
CP020390.1_3686208_3687404_-_G2L	0	314	293	S	MATCH
CP020390.1_3686208_3687404_-_G2L	0	315	294	L	MATCH
CP020390.1_3686208_3687404_-_G2L	0	316	295	V	MATCH
CP020390.1_3686208_3687404_-_G2L	0	317	296	R	MATCH
CP020397.1_1076542_1077738_+_G2L	0	107	81	D	MATCH
CP020397.1_1076542_1077738_+_G2L	0	108	82	R	MATCH
CP020397.1_1076542_1077738_+_G2L	0	109	83	L	MATCH
CP020397.1_1076542_1077738_+_G2L	0	110	84	I	MATCH
CP020397.1_1076542_1077738_+_G2L	0	111	85	C	MATCH
CP020397.1_1076542_1077738_+_G2L	0	115	89	V	MATCH
CP020397.1_1076542_1077738_+_G2L	0	116	90	Q	MATCH
CP020397.1_1076542_1077738_+_G2L	0	117	91	D	MATCH
CP020397.1_1076542_1077738_+_G2L	0	118	92	R	MATCH
CP020397.1_1076542_1077738_+_G2L	0	119	93	I	MATCH
CP020397.1_1076542_1077738_+_G2L	0	127	101	F	MATCH
CP020397.1_1076542_1077738_+_G2L	0	128	102	L	MATCH
CP020397.1_1076542_1077738_+_G2L	0	129	103	S	MATCH
CP020397.1_1076542_1077738_+_G2L	0	130	104	D	MATCH
CP020397.1_1076542_1077738_+_G2L	0	131	106	Y	MATCH
CP020397.1_1076542_1077738_+_G2L	0	132	107	A	MATCH
CP020397.1_1076542_1077738_+_G2L	0	133	108	D	MATCH
CP020397.1_1076542_1077738_+_G2L	0	134	109	R	MATCH
CP020397.1_1076542_1077738_+_G2L	0	135	110	L	MATCH
CP020397.1_1076542_1077738_+_G2L	0	136	111	A	MATCH
CP020397.1_1076542_1077738_+_G2L	0	137	112	N	MATCH
CP020397.1_1076542_1077738_+_G2L	0	138	113	K	MATCH
CP020397.1_1076542_1077738_+_G2L	0	139	114	I	MATCH
CP020397.1_1076542_1077738_+_G2L	0	140	115	S	MATCH
CP020397.1_1076542_1077738_+_G2L	0	145	120	T	MATCH
CP020397.1_1076542_1077738_+_G2L	0	146	121	N	MATCH
CP020397.1_1076542_1077738_+_G2L	0	157	132	C	MATCH
CP020397.1_1076542_1077738_+_G2L	0	158	133	E	MATCH
CP020397.1_1076542_1077738_+_G2L	0	159	134	I	MATCH
CP020397.1_1076542_1077738_+_G2L	0	160	135	R	MATCH
CP020397.1_1076542_1077738_+_G2L	0	161		-	DELETE
CP020397.1_1076542_1077738_+_G2L	0	162	136	A	MATCH
CP020397.1_1076542_1077738_+_G2L	0	163	137	K	MATCH
CP020397.1_1076542_1077738_+_G2L	0	169	143	K	MATCH
CP020397.1_1076542_1077738_+_G2L	0	170	144	T	MATCH
CP020397.1_1076542_1077738_+_G2L	0	171	145	D	MATCH
CP020397.1_1076542_1077738_+_G2L	0	172	146	I	MATCH
CP020397.1_1076542_1077738_+_G2L	0	173	147	A	MATCH
CP020397.1_1076542_1077738_+_G2L	0	174	148	S	MATCH
CP020397.1_1076542_1077738_+_G2L	0	175	149	F	MATCH
CP020397.1_1076542_1077738_+_G2L	0	176	150	F	MATCH
CP020397.1_1076542_1077738_+_G2L	0	177	151	D	MATCH
CP020397.1_1076542_1077738_+_G2L	0	178	152	S	MATCH
CP020397.1_1076542_1077738_+_G2L	0	179	153	I	MATCH
CP020397.1_1076542_1077738_+_G2L	0	180	154	G	MATCH
CP020397.1_1076542_1077738_+_G2L	0	181	155	R	MATCH
CP020397.1_1076542_1077738_+_G2L	0	182	156	L	MATCH
CP020397.1_1076542_1077738_+_G2L	0	183	157	H	MATCH
CP020397.1_1076542_1077738_+_G2L	0	184	158	L	MATCH
CP020397.1_1076542_1077738_+_G2L	0	185	159	E	MATCH
CP020397.1_1076542_1077738_+_G2L	0	186	160	R	MATCH
CP020397.1_1076542_1077738_+_G2L	0	187	161	A	MATCH
CP020397.1_1076542_1077738_+_G2L	0	188	162	L	MATCH
CP020397.1_1076542_1077738_+_G2L	0	189	163	K	MATCH
CP020397.1_1076542_1077738_+_G2L	0	190	164	A	MATCH
CP020397.1_1076542_1077738_+_G2L	0	191	165	V	MATCH
CP020397.1_1076542_1077738_+_G2L	0	192	166	I	MATCH
CP020397.1_1076542_1077738_+_G2L	0	193	167	R	MATCH
CP020397.1_1076542_1077738_+_G2L	0	194	168	E	MATCH
CP020397.1_1076542_1077738_+_G2L	0	195	169	R	MATCH
CP020397.1_1076542_1077738_+_G2L	0	196	170	S	MATCH
CP020397.1_1076542_1077738_+_G2L	0	197	171	L	MATCH
CP020397.1_1076542_1077738_+_G2L	0	198	172	H	MATCH
CP020397.1_1076542_1077738_+_G2L	0	199	173	P	MATCH
CP020397.1_1076542_1077738_+_G2L	0	200	174	L	MATCH
CP020397.1_1076542_1077738_+_G2L	0	201	175	L	MATCH
CP020397.1_1076542_1077738_+_G2L	0	202	176	V	MATCH
CP020397.1_1076542_1077738_+_G2L	0	203	177	Q	MATCH
CP020397.1_1076542_1077738_+_G2L	0	204	178	A	MATCH
CP020397.1_1076542_1077738_+_G2L	0	205	179	I	MATCH
CP020397.1_1076542_1077738_+_G2L	0	206	180	G	MATCH
CP020397.1_1076542_1077738_+_G2L	0	207	181	C	MATCH
CP020397.1_1076542_1077738_+_G2L	0	208	182	E	MATCH
CP020397.1_1076542_1077738_+_G2L	0	209	183	I	MATCH
CP020397.1_1076542_1077738_+_G2L	0	210	184	S	MATCH
CP020397.1_1076542_1077738_+_G2L	0	211	185	A	MATCH
CP020397.1_1076542_1077738_+_G2L	0	228	211	L	MATCH
CP020397.1_1076542_1077738_+_G2L	0	229	212	S	MATCH
CP020397.1_1076542_1077738_+_G2L	0	230	213	P	MATCH
CP020397.1_1076542_1077738_+_G2L	0	231	214	F	MATCH
CP020397.1_1076542_1077738_+_G2L	0	232	215	F	MATCH
CP020397.1_1076542_1077738_+_G2L	0	236	219	M	MATCH
CP020397.1_1076542_1077738_+_G2L	0	237	220	L	MATCH
CP020397.1_1076542_1077738_+_G2L	0	238	221	A	MATCH
CP020397.1_1076542_1077738_+_G2L	0	239	222	G	MATCH
CP020397.1_1076542_1077738_+_G2L	0	240	223	F	MATCH
CP020397.1_1076542_1077738_+_G2L	0	241	224	D	MATCH
CP020397.1_1076542_1077738_+_G2L	0	242	225	R	MATCH
CP020397.1_1076542_1077738_+_G2L	0	243	226	A	MATCH
CP020397.1_1076542_1077738_+_G2L	0	244	227	I	MATCH
CP020397.1_1076542_1077738_+_G2L	0	245	228	A	MATCH
CP020397.1_1076542_1077738_+_G2L	0	246	229	Q	MATCH
CP020397.1_1076542_1077738_+_G2L	0	247		-	DELETE
CP020397.1_1076542_1077738_+_G2L	0	248		-	DELETE
CP020397.1_1076542_1077738_+_G2L	0	249		-	DELETE
CP020397.1_1076542_1077738_+_G2L	0	250		-	DELETE
CP020397.1_1076542_1077738_+_G2L	0	251		-	DELETE
CP020397.1_1076542_1077738_+_G2L	0	252		-	DELETE
CP020397.1_1076542_1077738_+_G2L	0	253		-	DELETE
CP020397.1_1076542_1077738_+_G2L	0	254		-	DELETE
CP020397.1_1076542_1077738_+_G2L	0	255	230	Q	MATCH
CP020397.1_1076542_1077738_+_G2L	0	267	242	I	MATCH
CP020397.1_1076542_1077738_+_G2L	0	268	243	F	MATCH
CP020397.1_1076542_1077738_+_G2L	0	269	244	F	MATCH
CP020397.1_1076542_1077738_+_G2L	0	270	245	A	MATCH
CP020397.1_1076542_1077738_+_G2L	0	271	246	S	MATCH
CP020397.1_1076542_1077738_+_G2L	0	272	247	S	MATCH
CP020397.1_1076542_1077738_+_G2L	0	273	248	R	MATCH
CP020397.1_1076542_1077738_+_G2L	0	274	249	G	MATCH
CP020397.1_1076542_1077738_+_G2L	0	275	250	E	MATCH
CP020397.1_1076542_1077738_+_G2L	0	276	251	C	MATCH
CP020397.1_1076542_1077738_+_G2L	0	277	252	E	MATCH
CP020397.1_1076542_1077738_+_G2L	0	278	253	G	MATCH
CP020397.1_1076542_1077738_+_G2L	0	279	254	V	MATCH
CP020397.1_1076542_1077738_+_G2L	0	280	255	A	MATCH
CP020397.1_1076542_1077738_+_G2L	0	281	256	E	MATCH
CP020397.1_1076542_1077738_+_G2L	0	282	257	F	MATCH
CP020397.1_1076542_1077738_+_G2L	0	283	258	C	MATCH
CP020397.1_1076542_1077738_+_G2L	0	284	259	A	MATCH
CP020397.1_1076542_1077738_+_G2L	0	285	260	H	MATCH
CP020397.1_1076542_1077738_+_G2L	0	286	261	H	MATCH
CP020397.1_1076542_1077738_+_G2L	0	287	262	L	MATCH
CP020397.1_1076542_1077738_+_G2L	0	288	263	A	MATCH
CP020397.1_1076542_1077738_+_G2L	0	289	264	P	MATCH
CP020397.1_1076542_1077738_+_G2L	0	290	265	I	MATCH
CP020397.1_1076542_1077738_+_G2L	0	291	266	G	MATCH
CP020397.1_1076542_1077738_+_G2L	0	292	267	L	MATCH
CP020397.1_1076542_1077738_+_G2L	0	293	268	T	MATCH
CP020397.1_1076542_1077738_+_G2L	0	294	269	V	MATCH
CP020397.1_1076542_1077738_+_G2L	0	295	270	P	MATCH
CP020397.1_1076542_1077738_+_G2L	0	296	271	P	MATCH
CP020397.1_1076542_1077738_+_G2L	0	297	276	S	MATCH
CP020397.1_1076542_1077738_+_G2L	0	299	278	S	MATCH
CP020397.1_1076542_1077738_+_G2L	0	300	279	V	MATCH
CP020397.1_1076542_1077738_+_G2L	0	301	280	I	MATCH
CP020397.1_1076542_1077738_+_G2L	0	302	281	Y	MATCH
CP020397.1_1076542_1077738_+_G2L	0	303	282	E	MATCH
CP020397.1_1076542_1077738_+_G2L	0	304	283	P	MATCH
CP020397.1_1076542_1077738_+_G2L	0	305	284	D	MATCH
CP020397.1_1076542_1077738_+_G2L	0	306	285	Q	MATCH
CP020397.1_1076542_1077738_+_G2L	0	307	286	A	MATCH
CP020397.1_1076542_1077738_+_G2L	0	309	288	E	MATCH
CP020397.1_1076542_1077738_+_G2L	0	310	289	F	MATCH
CP020397.1_1076542_1077738_+_G2L	0	311	290	L	MATCH
CP020397.1_1076542_1077738_+_G2L	0	312	291	G	MATCH
CP020397.1_1076542_1077738_+_G2L	0	313	292	V	MATCH
CP020397.1_1076542_1077738_+_G2L	0	314	293	S	MATCH
CP020397.1_1076542_1077738_+_G2L	0	315	294	L	MATCH
CP020397.1_1076542_1077738_+_G2L	0	316	295	V	MATCH
CP020397.1_1076542_1077738_+_G2L	0	317	296	R	MATCH
CP023657.1_1851784_1852992_+_G2L	0	107	82	L	MATCH
CP023657.1_1851784_1852992_+_G2L	0	108	83	R	MATCH
CP023657.1_1851784_1852992_+_G2L	0	109	84	L	MATCH
CP023657.1_1851784_1852992_+_G2L	0	110	85	I	MATCH
CP023657.1_1851784_1852992_+_G2L	0	111	86	C	MATCH
CP023657.1_1851784_1852992_+_G2L	0	115	90	V	MATCH
CP023657.1_1851784_1852992_+_G2L	0	116	91	A	MATCH
CP023657.1_1851784_1852992_+_G2L	0	117	92	D	MATCH
CP023657.1_1851784_1852992_+_G2L	0	118	93	R	MATCH
CP023657.1_1851784_1852992_+_G2L	0	119	94	I	MATCH
CP023657.1_1851784_1852992_+_G2L	0	127	102	V	MATCH
CP023657.1_1851784_1852992_+_G2L	0	128	103	L	MATCH
CP023657.1_1851784_1852992_+_G2L	0	129	104	E	MATCH
CP023657.1_1851784_1852992_+_G2L	0	130	105	K	MATCH
CP023657.1_1851784_1852992_+_G2L	0	131	106	Q	MATCH
CP023657.1_1851784_1852992_+_G2L	0	132	107	S	MATCH
CP023657.1_1851784_1852992_+_G2L	0	133	108	R	MATCH
CP023657.1_1851784_1852992_+_G2L	0	134	109	K	MATCH
CP023657.1_1851784_1852992_+_G2L	0	135	112	I	MATCH
CP023657.1_1851784_1852992_+_G2L	0	136	113	L	MATCH
CP023657.1_1851784_1852992_+_G2L	0	137	114	N	MATCH
CP023657.1_1851784_1852992_+_G2L	0	138	115	E	MATCH
CP023657.1_1851784_1852992_+_G2L	0	139	116	V	MATCH
CP023657.1_1851784_1852992_+_G2L	0	140	117	S	MATCH
CP023657.1_1851784_1852992_+_G2L	0	145	127	S	MATCH
CP023657.1_1851784_1852992_+_G2L	0	146	128	E	MATCH
CP023657.1_1851784_1852992_+_G2L	0	157	139	S	MATCH
CP023657.1_1851784_1852992_+_G2L	0	158	140	K	MATCH
CP023657.1_1851784_1852992_+_G2L	0	159	141	L	MATCH
CP023657.1_1851784_1852992_+_G2L	0	160	142	R	MATCH
CP023657.1_1851784_1852992_+_G2L	0	161		-	DELETE
CP023657.1_1851784_1852992_+_G2L	0	162	143	D	MATCH
CP023657.1_1851784_1852992_+_G2L	0	163	144	E	MATCH
CP023657.1_1851784_1852992_+_G2L	0	169	150	K	MATCH
CP023657.1_1851784_1852992_+_G2L	0	170	151	A	MATCH
CP023657.1_1851784_1852992_+_G2L	0	171	152	D	MATCH
CP023657.1_1851784_1852992_+_G2L	0	172	153	I	MATCH
CP023657.1_1851784_1852992_+_G2L	0	173	154	S	MATCH
CP023657.1_1851784_1852992_+_G2L	0	174	155	K	MATCH
CP023657.1_1851784_1852992_+_G2L	0	175	156	F	MATCH
CP023657.1_1851784_1852992_+_G2L	0	176	157	F	MATCH
CP023657.1_1851784_1852992_+_G2L	0	177	158	D	MATCH
CP023657.1_1851784_1852992_+_G2L	0	178	159	T	MATCH
CP023657.1_1851784_1852992_+_G2L	0	179	160	I	MATCH
CP023657.1_1851784_1852992_+_G2L	0	180	161	D	MATCH
CP023657.1_1851784_1852992_+_G2L	0	181	162	R	MATCH
CP023657.1_1851784_1852992_+_G2L	0	182	163	K	MATCH
CP023657.1_1851784_1852992_+_G2L	0	183	164	D	MATCH
CP023657.1_1851784_1852992_+_G2L	0	184	165	L	MATCH
CP023657.1_1851784_1852992_+_G2L	0	185	166	S	MATCH
CP023657.1_1851784_1852992_+_G2L	0	186	167	T	MATCH
CP023657.1_1851784_1852992_+_G2L	0	187	168	R	MATCH
CP023657.1_1851784_1852992_+_G2L	0	188	169	F	MATCH
CP023657.1_1851784_1852992_+_G2L	0	189	170	C	MATCH
CP023657.1_1851784_1852992_+_G2L	0	190	171	R	MATCH
CP023657.1_1851784_1852992_+_G2L	0	191	172	A	MATCH
CP023657.1_1851784_1852992_+_G2L	0	192	173	F	MATCH
CP023657.1_1851784_1852992_+_G2L	0	193	174	H	MATCH
CP023657.1_1851784_1852992_+_G2L	0	194	175	Q	MATCH
CP023657.1_1851784_1852992_+_G2L	0	195	176	K	MATCH
CP023657.1_1851784_1852992_+_G2L	0	196	177	S	MATCH
CP023657.1_1851784_1852992_+_G2L	0	197	178	L	MATCH
CP023657.1_1851784_1852992_+_G2L	0	198	179	A	MATCH
CP023657.1_1851784_1852992_+_G2L	0	199	180	P	MATCH
CP023657.1_1851784_1852992_+_G2L	0	200	181	L	MATCH
CP023657.1_1851784_1852992_+_G2L	0	201	182	F	MATCH
CP023657.1_1851784_1852992_+_G2L	0	202	183	L	MATCH
CP023657.1_1851784_1852992_+_G2L	0	203	184	G	MATCH
CP023657.1_1851784_1852992_+_G2L	0	204	185	A	MATCH
CP023657.1_1851784_1852992_+_G2L	0	205	186	I	MATCH
CP023657.1_1851784_1852992_+_G2L	0	206	187	N	MATCH
CP023657.1_1851784_1852992_+_G2L	0	207	188	C	MATCH
CP023657.1_1851784_1852992_+_G2L	0	208	189	E	MATCH
CP023657.1_1851784_1852992_+_G2L	0	209	190	V	MATCH
CP023657.1_1851784_1852992_+_G2L	0	210	191	L	MATCH
CP023657.1_1851784_1852992_+_G2L	0	211	192	A	MATCH
CP023657.1_1851784_1852992_+_G2L	0	228	218	L	MATCH
CP023657.1_1851784_1852992_+_G2L	0	229	219	S	MATCH
CP023657.1_1851784_1852992_+_G2L	0	230	220	P	MATCH
CP023657.1_1851784_1852992_+_G2L	0	231	221	V	MATCH
CP023657.1_1851784_1852992_+_G2L	0	232	222	L	MATCH
CP023657.1_1851784_1852992_+_G2L	0	236	226	V	MATCH
CP023657.1_1851784_1852992_+_G2L	0	237	227	L	MATCH
CP023657.1_1851784_1852992_+_G2L	0	238	228	R	MATCH
CP023657.1_1851784_1852992_+_G2L	0	239	229	D	MATCH
CP023657.1_1851784_1852992_+_G2L	0	240	230	F	MATCH
CP023657.1_1851784_1852992_+_G2L	0	241	231	D	MATCH
CP023657.1_1851784_1852992_+_G2L	0	242	232	K	MATCH
CP023657.1_1851784_1852992_+_G2L	0	243	233	N	MATCH
CP023657.1_1851784_1852992_+_G2L	0	244	234	I	MATCH
CP023657.1_1851784_1852992_+_G2L	0	245	235	S	MATCH
CP023657.1_1851784_1852992_+_G2L	0	246	236	S	MATCH
CP023657.1_1851784_1852992_+_G2L	0	247		-	DELETE
CP023657.1_1851784_1852992_+_G2L	0	248		-	DELETE
CP023657.1_1851784_1852992_+_G2L	0	249		-	DELETE
CP023657.1_1851784_1852992_+_G2L	0	250		-	DELETE
CP023657.1_1851784_1852992_+_G2L	0	251		-	DELETE
CP023657.1_1851784_1852992_+_G2L	0	252		-	DELETE
CP023657.1_1851784_1852992_+_G2L	0	253		-	DELETE
CP023657.1_1851784_1852992_+_G2L	0	254		-	DELETE
CP023657.1_1851784_1852992_+_G2L	0	255		-	DELETE
CP023657.1_1851784_1852992_+_G2L	0	267	248	I	MATCH
CP023657.1_1851784_1852992_+_G2L	0	268	249	V	MATCH
CP023657.1_1851784_1852992_+_G2L	0	269	250	F	MATCH
CP023657.1_1851784_1852992_+_G2L	0	270	251	T	MATCH
CP023657.1_1851784_1852992_+_G2L	0	271	252	K	MATCH
CP023657.1_1851784_1852992_+_G2L	0	272	253	T	MATCH
CP023657.1_1851784_1852992_+_G2L	0	273	254	E	MATCH
CP023657.1_1851784_1852992_+_G2L	0	274	255	A	MATCH
CP023657.1_1851784_1852992_+_G2L	0	275	256	L	MATCH
CP023657.1_1851784_1852992_+_G2L	0	276	257	C	MATCH
CP023657.1_1851784_1852992_+_G2L	0	277	258	I	MATCH
CP023657.1_1851784_1852992_+_G2L	0	278	259	E	MATCH
CP023657.1_1851784_1852992_+_G2L	0	279	260	S	MATCH
CP023657.1_1851784_1852992_+_G2L	0	280	261	K	MATCH
CP023657.1_1851784_1852992_+_G2L	0	281	262	V	MATCH
CP023657.1_1851784_1852992_+_G2L	0	282	263	L	MATCH
CP023657.1_1851784_1852992_+_G2L	0	283	264	V	MATCH
CP023657.1_1851784_1852992_+_G2L	0	284	265	E	MATCH
CP023657.1_1851784_1852992_+_G2L	0	285	266	R	MATCH
CP023657.1_1851784_1852992_+_G2L	0	286	267	E	MATCH
CP023657.1_1851784_1852992_+_G2L	0	287	268	L	MATCH
CP023657.1_1851784_1852992_+_G2L	0	288	269	E	MATCH
CP023657.1_1851784_1852992_+_G2L	0	289	270	K	MATCH
CP023657.1_1851784_1852992_+_G2L	0	290	271	L	MATCH
CP023657.1_1851784_1852992_+_G2L	0	291	272	G	MATCH
CP023657.1_1851784_1852992_+_G2L	0	292	273	L	MATCH
CP023657.1_1851784_1852992_+_G2L	0	293	274	K	MATCH
CP023657.1_1851784_1852992_+_G2L	0	294	275	L	MATCH
CP023657.1_1851784_1852992_+_G2L	0	295	276	S	MATCH
CP023657.1_1851784_1852992_+_G2L	0	296	277	A	MATCH
CP023657.1_1851784_1852992_+_G2L	0	297	278	E	MATCH
CP023657.1_1851784_1852992_+_G2L	0	299	280	S	MATCH
CP023657.1_1851784_1852992_+_G2L	0	300	281	Y	MATCH
CP023657.1_1851784_1852992_+_G2L	0	301	282	V	MATCH
CP023657.1_1851784_1852992_+_G2L	0	302	283	R	MATCH
CP023657.1_1851784_1852992_+_G2L	0	303	284	G	MATCH
CP023657.1_1851784_1852992_+_G2L	0	304	285	P	MATCH
CP023657.1_1851784_1852992_+_G2L	0	305	286	E	MATCH
CP023657.1_1851784_1852992_+_G2L	0	306	287	E	MATCH
CP023657.1_1851784_1852992_+_G2L	0	307	288	P	MATCH
CP023657.1_1851784_1852992_+_G2L	0	309	290	E	MATCH
CP023657.1_1851784_1852992_+_G2L	0	310	291	F	MATCH
CP023657.1_1851784_1852992_+_G2L	0	311	292	L	MATCH
CP023657.1_1851784_1852992_+_G2L	0	312	293	G	MATCH
CP023657.1_1851784_1852992_+_G2L	0	313	294	M	MATCH
CP023657.1_1851784_1852992_+_G2L	0	314	295	Q	MATCH
CP023657.1_1851784_1852992_+_G2L	0	315	296	L	MATCH
CP023657.1_1851784_1852992_+_G2L	0	316	297	T	MATCH
CP023657.1_1851784_1852992_+_G2L	0	317	298	V	MATCH
CP028901.1_3181383_3182723_-_G2L	0	107	130	D	MATCH
CP028901.1_3181383_3182723_-_G2L	0	108	131	R	MATCH
CP028901.1_3181383_3182723_-_G2L	0	109	132	V	MATCH
CP028901.1_3181383_3182723_-_G2L	0	110	133	I	MATCH
CP028901.1_3181383_3182723_-_G2L	0	111	134	C	MATCH
CP028901.1_3181383_3182723_-_G2L	0	115	138	V	MATCH
CP028901.1_3181383_3182723_-_G2L	0	116	139	D	MATCH
CP028901.1_3181383_3182723_-_G2L	0	117	140	D	MATCH
CP028901.1_3181383_3182723_-_G2L	0	118	141	R	MATCH
CP028901.1_3181383_3182723_-_G2L	0	119	142	V	MATCH
CP028901.1_3181383_3182723_-_G2L	0	127	150	F	MATCH
CP028901.1_3181383_3182723_-_G2L	0	128	151	L	MATCH
CP028901.1_3181383_3182723_-_G2L	0	129	152	S	MATCH
CP028901.1_3181383_3182723_-_G2L	0	130	153	D	MATCH
CP028901.1_3181383_3182723_-_G2L	0	131	154	K	MATCH
CP028901.1_3181383_3182723_-_G2L	0	132	155	Y	MATCH
CP028901.1_3181383_3182723_-_G2L	0	133	156	R	MATCH
CP028901.1_3181383_3182723_-_G2L	0	134	157	N	MATCH
CP028901.1_3181383_3182723_-_G2L	0	135	158	Q	MATCH
CP028901.1_3181383_3182723_-_G2L	0	136	159	L	MATCH
CP028901.1_3181383_3182723_-_G2L	0	137	160	D	MATCH
CP028901.1_3181383_3182723_-_G2L	0	138	161	N	MATCH
CP028901.1_3181383_3182723_-_G2L	0	139	162	T	MATCH
CP028901.1_3181383_3182723_-_G2L	0	140	164	S	MATCH
CP028901.1_3181383_3182723_-_G2L	0	145	169	S	MATCH
CP028901.1_3181383_3182723_-_G2L	0	146	170	G	MATCH
CP028901.1_3181383_3182723_-_G2L	0	157	181	C	MATCH
CP028901.1_3181383_3182723_-_G2L	0	158	182	R	MATCH
CP028901.1_3181383_3182723_-_G2L	0	159	183	I	MATCH
CP028901.1_3181383_3182723_-_G2L	0	160	184	R	MATCH
CP028901.1_3181383_3182723_-_G2L	0	161		-	DELETE
CP028901.1_3181383_3182723_-_G2L	0	162	185	R	MATCH
CP028901.1_3181383_3182723_-_G2L	0	163	186	N	MATCH
CP028901.1_3181383_3182723_-_G2L	0	169	192	K	MATCH
CP028901.1_3181383_3182723_-_G2L	0	170	193	T	MATCH
CP028901.1_3181383_3182723_-_G2L	0	171	194	D	MATCH
CP028901.1_3181383_3182723_-_G2L	0	172	195	I	MATCH
CP028901.1_3181383_3182723_-_G2L	0	173	196	T	MATCH
CP028901.1_3181383_3182723_-_G2L	0	174	197	S	MATCH
CP028901.1_3181383_3182723_-_G2L	0	175	198	F	MATCH
CP028901.1_3181383_3182723_-_G2L	0	176	199	F	MATCH
CP028901.1_3181383_3182723_-_G2L	0	177	200	D	MATCH
CP028901.1_3181383_3182723_-_G2L	0	178	201	N	MATCH
CP028901.1_3181383_3182723_-_G2L	0	179	202	I	MATCH
CP028901.1_3181383_3182723_-_G2L	0	180	203	D	MATCH
CP028901.1_3181383_3182723_-_G2L	0	181	204	R	MATCH
CP028901.1_3181383_3182723_-_G2L	0	182	205	K	MATCH
CP028901.1_3181383_3182723_-_G2L	0	183	206	L	MATCH
CP028901.1_3181383_3182723_-_G2L	0	184	207	L	MATCH
CP028901.1_3181383_3182723_-_G2L	0	185	208	R	MATCH
CP028901.1_3181383_3182723_-_G2L	0	186	209	E	MATCH
CP028901.1_3181383_3182723_-_G2L	0	187	210	R	MATCH
CP028901.1_3181383_3182723_-_G2L	0	188	211	I	MATCH
CP028901.1_3181383_3182723_-_G2L	0	189	212	S	MATCH
CP028901.1_3181383_3182723_-_G2L	0	190	213	K	MATCH
CP028901.1_3181383_3182723_-_G2L	0	191	214	I	MATCH
CP028901.1_3181383_3182723_-_G2L	0	192	215	V	MATCH
CP028901.1_3181383_3182723_-_G2L	0	193	216	K	MATCH
CP028901.1_3181383_3182723_-_G2L	0	194	217	E	MATCH
CP028901.1_3181383_3182723_-_G2L	0	195	218	K	MATCH
CP028901.1_3181383_3182723_-_G2L	0	196	219	T	MATCH
CP028901.1_3181383_3182723_-_G2L	0	197	220	L	MATCH
CP028901.1_3181383_3182723_-_G2L	0	198	221	H	MATCH
CP028901.1_3181383_3182723_-_G2L	0	199	222	P	MATCH
CP028901.1_3181383_3182723_-_G2L	0	200	223	I	MATCH
CP028901.1_3181383_3182723_-_G2L	0	201	224	L	MATCH
CP028901.1_3181383_3182723_-_G2L	0	202	225	F	MATCH
CP028901.1_3181383_3182723_-_G2L	0	203	226	A	MATCH
CP028901.1_3181383_3182723_-_G2L	0	204	227	V	MATCH
CP028901.1_3181383_3182723_-_G2L	0	205	228	L	MATCH
CP028901.1_3181383_3182723_-_G2L	0	206	229	D	MATCH
CP028901.1_3181383_3182723_-_G2L	0	207	230	C	MATCH
CP028901.1_3181383_3182723_-_G2L	0	208	231	E	MATCH
CP028901.1_3181383_3182723_-_G2L	0	209	232	I	MATCH
CP028901.1_3181383_3182723_-_G2L	0	210	233	Q	MATCH
CP028901.1_3181383_3182723_-_G2L	0	211	234	G	MATCH
CP028901.1_3181383_3182723_-_G2L	0	228	260	L	MATCH
CP028901.1_3181383_3182723_-_G2L	0	229	261	S	MATCH
CP028901.1_3181383_3182723_-_G2L	0	230	262	P	MATCH
CP028901.1_3181383_3182723_-_G2L	0	231	263	L	MATCH
CP028901.1_3181383_3182723_-_G2L	0	232	264	L	MATCH
CP028901.1_3181383_3182723_-_G2L	0	236	268	F	MATCH
CP028901.1_3181383_3182723_-_G2L	0	237	269	L	MATCH
CP028901.1_3181383_3182723_-_G2L	0	238	270	I	MATCH
CP028901.1_3181383_3182723_-_G2L	0	239	271	P	MATCH
CP028901.1_3181383_3182723_-_G2L	0	240	272	F	MATCH
CP028901.1_3181383_3182723_-_G2L	0	241	273	D	MATCH
CP028901.1_3181383_3182723_-_G2L	0	242	274	S	MATCH
CP028901.1_3181383_3182723_-_G2L	0	243	275	A	MATCH
CP028901.1_3181383_3182723_-_G2L	0	244	276	T	MATCH
CP028901.1_3181383_3182723_-_G2L	0	245	277	K	MATCH
CP028901.1_3181383_3182723_-_G2L	0	246	278	L	MATCH
CP028901.1_3181383_3182723_-_G2L	0	247		-	DELETE
CP028901.1_3181383_3182723_-_G2L	0	248		-	DELETE
CP028901.1_3181383_3182723_-_G2L	0	249		-	DELETE
CP028901.1_3181383_3182723_-_G2L	0	250		-	DELETE
CP028901.1_3181383_3182723_-_G2L	0	251		-	DELETE
CP028901.1_3181383_3182723_-_G2L	0	252		-	DELETE
CP028901.1_3181383_3182723_-_G2L	0	253		-	DELETE
CP028901.1_3181383_3182723_-_G2L	0	254		-	DELETE
CP028901.1_3181383_3182723_-_G2L	0	255	279	S	MATCH
CP028901.1_3181383_3182723_-_G2L	0	267	291	I	MATCH
CP028901.1_3181383_3182723_-_G2L	0	268	292	F	MATCH
CP028901.1_3181383_3182723_-_G2L	0	269	293	M	MATCH
CP028901.1_3181383_3182723_-_G2L	0	270	294	A	MATCH
CP028901.1_3181383_3182723_-_G2L	0	271	295	D	MATCH
CP028901.1_3181383_3182723_-_G2L	0	272	296	S	MATCH
CP028901.1_3181383_3182723_-_G2L	0	273	297	E	MATCH
CP028901.1_3181383_3182723_-_G2L	0	274	298	E	MATCH
CP028901.1_3181383_3182723_-_G2L	0	275	299	E	MATCH
CP028901.1_3181383_3182723_-_G2L	0	276	300	C	MATCH
CP028901.1_3181383_3182723_-_G2L	0	277	301	R	MATCH
CP028901.1_3181383_3182723_-_G2L	0	278	302	G	MATCH
CP028901.1_3181383_3182723_-_G2L	0	279	303	L	MATCH
CP028901.1_3181383_3182723_-_G2L	0	280	304	L	MATCH
CP028901.1_3181383_3182723_-_G2L	0	281	305	E	MATCH
CP028901.1_3181383_3182723_-_G2L	0	282	306	F	MATCH
CP028901.1_3181383_3182723_-_G2L	0	283	307	C	MATCH
CP028901.1_3181383_3182723_-_G2L	0	284	308	K	MATCH
CP028901.1_3181383_3182723_-_G2L	0	285	309	A	MATCH
CP028901.1_3181383_3182723_-_G2L	0	286	310	E	MATCH
CP028901.1_3181383_3182723_-_G2L	0	287	311	F	MATCH
CP028901.1_3181383_3182723_-_G2L	0	288	312	K	MATCH
CP028901.1_3181383_3182723_-_G2L	0	289	313	N	MATCH
CP028901.1_3181383_3182723_-_G2L	0	290	314	L	MATCH
CP028901.1_3181383_3182723_-_G2L	0	291	315	S	MATCH
CP028901.1_3181383_3182723_-_G2L	0	292	316	L	MATCH
CP028901.1_3181383_3182723_-_G2L	0	293	317	T	MATCH
CP028901.1_3181383_3182723_-_G2L	0	294	318	I	MATCH
CP028901.1_3181383_3182723_-_G2L	0	295	319	P	MATCH
CP028901.1_3181383_3182723_-_G2L	0	296	320	E	MATCH
CP028901.1_3181383_3182723_-_G2L	0	297	325	S	MATCH
CP028901.1_3181383_3182723_-_G2L	0	299	327	S	MATCH
CP028901.1_3181383_3182723_-_G2L	0	300	328	E	MATCH
CP028901.1_3181383_3182723_-_G2L	0	301	329	I	MATCH
CP028901.1_3181383_3182723_-_G2L	0	302	330	Y	MATCH
CP028901.1_3181383_3182723_-_G2L	0	303	331	E	MATCH
CP028901.1_3181383_3182723_-_G2L	0	304	332	P	MATCH
CP028901.1_3181383_3182723_-_G2L	0	305	333	N	MATCH
CP028901.1_3181383_3182723_-_G2L	0	306	334	S	MATCH
CP028901.1_3181383_3182723_-_G2L	0	307	335	P	MATCH
CP028901.1_3181383_3182723_-_G2L	0	309	337	E	MATCH
CP028901.1_3181383_3182723_-_G2L	0	310	338	F	MATCH
CP028901.1_3181383_3182723_-_G2L	0	311	339	L	MATCH
CP028901.1_3181383_3182723_-_G2L	0	312	340	G	MATCH
CP028901.1_3181383_3182723_-_G2L	0	313	341	L	MATCH
CP028901.1_3181383_3182723_-_G2L	0	314	342	E	MATCH
CP028901.1_3181383_3182723_-_G2L	0	315	343	L	MATCH
CP028901.1_3181383_3182723_-_G2L	0	316	344	T	MATCH
CP028901.1_3181383_3182723_-_G2L	0	317	345	G	MATCH
CP032345.1_2878885_2880129_+_G2L	0	107	92	Y	MATCH
CP032345.1_2878885_2880129_+_G2L	0	108	93	R	MATCH
CP032345.1_2878885_2880129_+_G2L	0	109	94	I	MATCH
CP032345.1_2878885_2880129_+_G2L	0	110	95	I	MATCH
CP032345.1_2878885_2880129_+_G2L	0	111	96	C	MATCH
CP032345.1_2878885_2880129_+_G2L	0	115	100	V	MATCH
CP032345.1_2878885_2880129_+_G2L	0	116	101	R	MATCH
CP032345.1_2878885_2880129_+_G2L	0	117	102	D	MATCH
CP032345.1_2878885_2880129_+_G2L	0	118	103	R	MATCH
CP032345.1_2878885_2880129_+_G2L	0	119	104	L	MATCH
CP032345.1_2878885_2880129_+_G2L	0	127	112	F	MATCH
CP032345.1_2878885_2880129_+_G2L	0	128	113	L	MATCH
CP032345.1_2878885_2880129_+_G2L	0	129	114	T	MATCH
CP032345.1_2878885_2880129_+_G2L	0	130	115	K	MATCH
CP032345.1_2878885_2880129_+_G2L	0	131	116	E	MATCH
CP032345.1_2878885_2880129_+_G2L	0	132	117	T	MATCH
CP032345.1_2878885_2880129_+_G2L	0	133	118	D	MATCH
CP032345.1_2878885_2880129_+_G2L	0	134	119	R	MATCH
CP032345.1_2878885_2880129_+_G2L	0	135	120	L	MATCH
CP032345.1_2878885_2880129_+_G2L	0	136	121	K	MATCH
CP032345.1_2878885_2880129_+_G2L	0	137	124	N	MATCH
CP032345.1_2878885_2880129_+_G2L	0	138	125	N	MATCH
CP032345.1_2878885_2880129_+_G2L	0	139	126	A	MATCH
CP032345.1_2878885_2880129_+_G2L	0	140	127	S	MATCH
CP032345.1_2878885_2880129_+_G2L	0	145	132	S	MATCH
CP032345.1_2878885_2880129_+_G2L	0	146	133	G	MATCH
CP032345.1_2878885_2880129_+_G2L	0	157	146	C	MATCH
CP032345.1_2878885_2880129_+_G2L	0	158	147	R	MATCH
CP032345.1_2878885_2880129_+_G2L	0	159	148	R	MATCH
CP032345.1_2878885_2880129_+_G2L	0	160	149	R	MATCH
CP032345.1_2878885_2880129_+_G2L	0	161		-	DELETE
CP032345.1_2878885_2880129_+_G2L	0	162	150	G	MATCH
CP032345.1_2878885_2880129_+_G2L	0	163	151	Q	MATCH
CP032345.1_2878885_2880129_+_G2L	0	169	157	K	MATCH
CP032345.1_2878885_2880129_+_G2L	0	170	158	S	MATCH
CP032345.1_2878885_2880129_+_G2L	0	171	159	D	MATCH
CP032345.1_2878885_2880129_+_G2L	0	172	160	I	MATCH
CP032345.1_2878885_2880129_+_G2L	0	173	161	L	MATCH
CP032345.1_2878885_2880129_+_G2L	0	174	162	S	MATCH
CP032345.1_2878885_2880129_+_G2L	0	175	163	F	MATCH
CP032345.1_2878885_2880129_+_G2L	0	176	164	F	MATCH
CP032345.1_2878885_2880129_+_G2L	0	177	165	D	MATCH
CP032345.1_2878885_2880129_+_G2L	0	178	166	E	MATCH
CP032345.1_2878885_2880129_+_G2L	0	179	167	I	MATCH
CP032345.1_2878885_2880129_+_G2L	0	180	168	D	MATCH
CP032345.1_2878885_2880129_+_G2L	0	181	169	R	MATCH
CP032345.1_2878885_2880129_+_G2L	0	182	170	Q	MATCH
CP032345.1_2878885_2880129_+_G2L	0	183	171	I	MATCH
CP032345.1_2878885_2880129_+_G2L	0	184	172	L	MATCH
CP032345.1_2878885_2880129_+_G2L	0	185	173	V	MATCH
CP032345.1_2878885_2880129_+_G2L	0	186	174	D	MATCH
CP032345.1_2878885_2880129_+_G2L	0	187	175	R	MATCH
CP032345.1_2878885_2880129_+_G2L	0	188	176	L	MATCH
CP032345.1_2878885_2880129_+_G2L	0	189	177	R	MATCH
CP032345.1_2878885_2880129_+_G2L	0	190	178	R	MATCH
CP032345.1_2878885_2880129_+_G2L	0	191	179	C	MATCH
CP032345.1_2878885_2880129_+_G2L	0	192	180	V	MATCH
CP032345.1_2878885_2880129_+_G2L	0	193	181	R	MATCH
CP032345.1_2878885_2880129_+_G2L	0	194	182	S	MATCH
CP032345.1_2878885_2880129_+_G2L	0	195	183	V	MATCH
CP032345.1_2878885_2880129_+_G2L	0	196	184	S	MATCH
CP032345.1_2878885_2880129_+_G2L	0	197	185	V	MATCH
CP032345.1_2878885_2880129_+_G2L	0	198	186	L	MATCH
CP032345.1_2878885_2880129_+_G2L	0	199	187	K	MATCH
CP032345.1_2878885_2880129_+_G2L	0	200	188	L	MATCH
CP032345.1_2878885_2880129_+_G2L	0	201	189	L	MATCH
CP032345.1_2878885_2880129_+_G2L	0	202	190	E	MATCH
CP032345.1_2878885_2880129_+_G2L	0	203	191	Q	MATCH
CP032345.1_2878885_2880129_+_G2L	0	204	192	A	MATCH
CP032345.1_2878885_2880129_+_G2L	0	205	193	V	MATCH
CP032345.1_2878885_2880129_+_G2L	0	206	194	N	MATCH
CP032345.1_2878885_2880129_+_G2L	0	207	195	C	MATCH
CP032345.1_2878885_2880129_+_G2L	0	208	196	E	MATCH
CP032345.1_2878885_2880129_+_G2L	0	209	197	I	MATCH
CP032345.1_2878885_2880129_+_G2L	0	210	198	G	MATCH
CP032345.1_2878885_2880129_+_G2L	0	211	199	E	MATCH
CP032345.1_2878885_2880129_+_G2L	0	228	225	L	MATCH
CP032345.1_2878885_2880129_+_G2L	0	229	226	S	MATCH
CP032345.1_2878885_2880129_+_G2L	0	230	227	P	MATCH
CP032345.1_2878885_2880129_+_G2L	0	231	228	V	MATCH
CP032345.1_2878885_2880129_+_G2L	0	232	229	L	MATCH
CP032345.1_2878885_2880129_+_G2L	0	236	233	F	MATCH
CP032345.1_2878885_2880129_+_G2L	0	237	234	L	MATCH
CP032345.1_2878885_2880129_+_G2L	0	238	235	A	MATCH
CP032345.1_2878885_2880129_+_G2L	0	239	236	P	MATCH
CP032345.1_2878885_2880129_+_G2L	0	240	237	F	MATCH
CP032345.1_2878885_2880129_+_G2L	0	241	238	D	MATCH
CP032345.1_2878885_2880129_+_G2L	0	242	239	R	MATCH
CP032345.1_2878885_2880129_+_G2L	0	243	240	H	MATCH
CP032345.1_2878885_2880129_+_G2L	0	244	241	F	MATCH
CP032345.1_2878885_2880129_+_G2L	0	245	242	N	MATCH
CP032345.1_2878885_2880129_+_G2L	0	246	243	D	MATCH
CP032345.1_2878885_2880129_+_G2L	0	247		-	DELETE
CP032345.1_2878885_2880129_+_G2L	0	248		-	DELETE
CP032345.1_2878885_2880129_+_G2L	0	249		-	DELETE
CP032345.1_2878885_2880129_+_G2L	0	250		-	DELETE
CP032345.1_2878885_2880129_+_G2L	0	251		-	DELETE
CP032345.1_2878885_2880129_+_G2L	0	252		-	DELETE
CP032345.1_2878885_2880129_+_G2L	0	253		-	DELETE
CP032345.1_2878885_2880129_+_G2L	0	254		-	DELETE
CP032345.1_2878885_2880129_+_G2L	0	255	244	R	MATCH
CP032345.1_2878885_2880129_+_G2L	0	267	256	I	MATCH
CP032345.1_2878885_2880129_+_G2L	0	268	257	V	MATCH
CP032345.1_2878885_2880129_+_G2L	0	269	258	F	MATCH
CP032345.1_2878885_2880129_+_G2L	0	270	259	A	MATCH
CP032345.1_2878885_2880129_+_G2L	0	271	260	E	MATCH
CP032345.1_2878885_2880129_+_G2L	0	272	261	S	MATCH
CP032345.1_2878885_2880129_+_G2L	0	273	262	R	MATCH
CP032345.1_2878885_2880129_+_G2L	0	274	263	E	MATCH
CP032345.1_2878885_2880129_+_G2L	0	275	264	E	MATCH
CP032345.1_2878885_2880129_+_G2L	0	276	265	C	MATCH
CP032345.1_2878885_2880129_+_G2L	0	277	266	E	MATCH
CP032345.1_2878885_2880129_+_G2L	0	278	267	A	MATCH
CP032345.1_2878885_2880129_+_G2L	0	279	268	Y	MATCH
CP032345.1_2878885_2880129_+_G2L	0	280	269	H	MATCH
CP032345.1_2878885_2880129_+_G2L	0	281	270	T	MATCH
CP032345.1_2878885_2880129_+_G2L	0	282	271	V	MATCH
CP032345.1_2878885_2880129_+_G2L	0	283	272	C	MATCH
CP032345.1_2878885_2880129_+_G2L	0	284	273	C	MATCH
CP032345.1_2878885_2880129_+_G2L	0	285	274	D	MATCH
CP032345.1_2878885_2880129_+_G2L	0	286	275	L	MATCH
CP032345.1_2878885_2880129_+_G2L	0	287	276	L	MATCH
CP032345.1_2878885_2880129_+_G2L	0	288	277	S	MATCH
CP032345.1_2878885_2880129_+_G2L	0	289	278	E	MATCH
CP032345.1_2878885_2880129_+_G2L	0	290	279	L	MATCH
CP032345.1_2878885_2880129_+_G2L	0	291	280	N	MATCH
CP032345.1_2878885_2880129_+_G2L	0	292	281	L	MATCH
CP032345.1_2878885_2880129_+_G2L	0	293	282	G	MATCH
CP032345.1_2878885_2880129_+_G2L	0	294	283	I	MATCH
CP032345.1_2878885_2880129_+_G2L	0	295	288	A	MATCH
CP032345.1_2878885_2880129_+_G2L	0	296	289	E	MATCH
CP032345.1_2878885_2880129_+_G2L	0	297	290	S	MATCH
CP032345.1_2878885_2880129_+_G2L	0	299	292	T	MATCH
CP032345.1_2878885_2880129_+_G2L	0	300	293	K	MATCH
CP032345.1_2878885_2880129_+_G2L	0	301	294	I	MATCH
CP032345.1_2878885_2880129_+_G2L	0	302	295	Y	MATCH
CP032345.1_2878885_2880129_+_G2L	0	303	296	A	MATCH
CP032345.1_2878885_2880129_+_G2L	0	304	297	P	MATCH
CP032345.1_2878885_2880129_+_G2L	0	305	298	D	MATCH
CP032345.1_2878885_2880129_+_G2L	0	306	299	E	MATCH
CP032345.1_2878885_2880129_+_G2L	0	307	300	P	MATCH
CP032345.1_2878885_2880129_+_G2L	0	309	302	E	MATCH
CP032345.1_2878885_2880129_+_G2L	0	310	303	F	MATCH
CP032345.1_2878885_2880129_+_G2L	0	311	304	L	MATCH
CP032345.1_2878885_2880129_+_G2L	0	312	305	G	MATCH
CP032345.1_2878885_2880129_+_G2L	0	313	306	Y	MATCH
CP032345.1_2878885_2880129_+_G2L	0	314	307	E	MATCH
CP032345.1_2878885_2880129_+_G2L	0	315	308	I	MATCH
CP032345.1_2878885_2880129_+_G2L	0	316	309	S	MATCH
CP032345.1_2878885_2880129_+_G2L	0	317	310	P	MATCH
CP038026.1_5552810_5554066_+_G2L	0	107	98	K	MATCH
CP038026.1_5552810_5554066_+_G2L	0	108	99	R	MATCH
CP038026.1_5552810_5554066_+_G2L	0	109	100	L	MATCH
CP038026.1_5552810_5554066_+_G2L	0	110	101	I	MATCH
CP038026.1_5552810_5554066_+_G2L	0	111	102	C	MATCH
CP038026.1_5552810_5554066_+_G2L	0	115	106	V	MATCH
CP038026.1_5552810_5554066_+_G2L	0	116	107	R	MATCH
CP038026.1_5552810_5554066_+_G2L	0	117	108	D	MATCH
CP038026.1_5552810_5554066_+_G2L	0	118	109	R	MATCH
CP038026.1_5552810_5554066_+_G2L	0	119	110	I	MATCH
CP038026.1_5552810_5554066_+_G2L	0	127	118	Y	MATCH
CP038026.1_5552810_5554066_+_G2L	0	128	119	L	MATCH
CP038026.1_5552810_5554066_+_G2L	0	129	120	A	MATCH
CP038026.1_5552810_5554066_+_G2L	0	130	122	K	MATCH
CP038026.1_5552810_5554066_+_G2L	0	131	123	Y	MATCH
CP038026.1_5552810_5554066_+_G2L	0	132	124	A	MATCH
CP038026.1_5552810_5554066_+_G2L	0	133	125	E	MATCH
CP038026.1_5552810_5554066_+_G2L	0	134	126	R	MATCH
CP038026.1_5552810_5554066_+_G2L	0	135	127	L	MATCH
CP038026.1_5552810_5554066_+_G2L	0	136	128	A	MATCH
CP038026.1_5552810_5554066_+_G2L	0	137	129	N	MATCH
CP038026.1_5552810_5554066_+_G2L	0	138	130	N	MATCH
CP038026.1_5552810_5554066_+_G2L	0	139	131	I	MATCH
CP038026.1_5552810_5554066_+_G2L	0	140	132	S	MATCH
CP038026.1_5552810_5554066_+_G2L	0	145	137	K	MATCH
CP038026.1_5552810_5554066_+_G2L	0	146	138	G	MATCH
CP038026.1_5552810_5554066_+_G2L	0	157	149	C	MATCH
CP038026.1_5552810_5554066_+_G2L	0	158	150	T	MATCH
CP038026.1_5552810_5554066_+_G2L	0	159	151	A	MATCH
CP038026.1_5552810_5554066_+_G2L	0	160		-	DELETE
CP038026.1_5552810_5554066_+_G2L	0	161	152	R	MATCH
CP038026.1_5552810_5554066_+_G2L	0	162	153	N	MATCH
CP038026.1_5552810_5554066_+_G2L	0	163	154	Q	MATCH
CP038026.1_5552810_5554066_+_G2L	0	169	160	K	MATCH
CP038026.1_5552810_5554066_+_G2L	0	170	161	T	MATCH
CP038026.1_5552810_5554066_+_G2L	0	171	162	D	MATCH
CP038026.1_5552810_5554066_+_G2L	0	172	163	I	MATCH
CP038026.1_5552810_5554066_+_G2L	0	173	164	T	MATCH
CP038026.1_5552810_5554066_+_G2L	0	174	165	S	MATCH
CP038026.1_5552810_5554066_+_G2L	0	175	166	F	MATCH
CP038026.1_5552810_5554066_+_G2L	0	176	167	F	MATCH
CP038026.1_5552810_5554066_+_G2L	0	177	168	D	MATCH
CP038026.1_5552810_5554066_+_G2L	0	178	169	S	MATCH
CP038026.1_5552810_5554066_+_G2L	0	179	170	I	MATCH
CP038026.1_5552810_5554066_+_G2L	0	180	171	P	MATCH
CP038026.1_5552810_5554066_+_G2L	0	181	172	R	MATCH
CP038026.1_5552810_5554066_+_G2L	0	182	173	A	MATCH
CP038026.1_5552810_5554066_+_G2L	0	183	174	D	MATCH
CP038026.1_5552810_5554066_+_G2L	0	184	175	L	MATCH
CP038026.1_5552810_5554066_+_G2L	0	185	176	R	MATCH
CP038026.1_5552810_5554066_+_G2L	0	186	177	E	MATCH
CP038026.1_5552810_5554066_+_G2L	0	187	178	A	MATCH
CP038026.1_5552810_5554066_+_G2L	0	188	179	I	MATCH
CP038026.1_5552810_5554066_+_G2L	0	189	180	K	MATCH
CP038026.1_5552810_5554066_+_G2L	0	190	181	K	MATCH
CP038026.1_5552810_5554066_+_G2L	0	191	182	I	MATCH
CP038026.1_5552810_5554066_+_G2L	0	192	183	I	MATCH
CP038026.1_5552810_5554066_+_G2L	0	193	184	K	MATCH
CP038026.1_5552810_5554066_+_G2L	0	194	185	E	MATCH
CP038026.1_5552810_5554066_+_G2L	0	195	186	R	MATCH
CP038026.1_5552810_5554066_+_G2L	0	196	187	S	MATCH
CP038026.1_5552810_5554066_+_G2L	0	197	188	L	MATCH
CP038026.1_5552810_5554066_+_G2L	0	198	189	H	MATCH
CP038026.1_5552810_5554066_+_G2L	0	199	190	G	MATCH
CP038026.1_5552810_5554066_+_G2L	0	200	191	L	MATCH
CP038026.1_5552810_5554066_+_G2L	0	201	192	L	MATCH
CP038026.1_5552810_5554066_+_G2L	0	202	193	F	MATCH
CP038026.1_5552810_5554066_+_G2L	0	203	194	S	MATCH
CP038026.1_5552810_5554066_+_G2L	0	204	195	A	MATCH
CP038026.1_5552810_5554066_+_G2L	0	205	196	L	MATCH
CP038026.1_5552810_5554066_+_G2L	0	206	197	D	MATCH
CP038026.1_5552810_5554066_+_G2L	0	207	198	C	MATCH
CP038026.1_5552810_5554066_+_G2L	0	208	199	E	MATCH
CP038026.1_5552810_5554066_+_G2L	0	209	200	V	MATCH
CP038026.1_5552810_5554066_+_G2L	0	210	201	D	MATCH
CP038026.1_5552810_5554066_+_G2L	0	211	202	S	MATCH
CP038026.1_5552810_5554066_+_G2L	0	228	228	L	MATCH
CP038026.1_5552810_5554066_+_G2L	0	229	229	S	MATCH
CP038026.1_5552810_5554066_+_G2L	0	230	230	P	MATCH
CP038026.1_5552810_5554066_+_G2L	0	231	231	L	MATCH
CP038026.1_5552810_5554066_+_G2L	0	232	232	F	MATCH
CP038026.1_5552810_5554066_+_G2L	0	236	236	L	MATCH
CP038026.1_5552810_5554066_+_G2L	0	237	237	L	MATCH
CP038026.1_5552810_5554066_+_G2L	0	238	238	V	MATCH
CP038026.1_5552810_5554066_+_G2L	0	239	239	D	MATCH
CP038026.1_5552810_5554066_+_G2L	0	240	240	F	MATCH
CP038026.1_5552810_5554066_+_G2L	0	241	241	D	MATCH
CP038026.1_5552810_5554066_+_G2L	0	242	242	Q	MATCH
CP038026.1_5552810_5554066_+_G2L	0	243	243	K	MATCH
CP038026.1_5552810_5554066_+_G2L	0	244	244	I	MATCH
CP038026.1_5552810_5554066_+_G2L	0	245	245	E	MATCH
CP038026.1_5552810_5554066_+_G2L	0	246	246	L	MATCH
CP038026.1_5552810_5554066_+_G2L	0	247		-	DELETE
CP038026.1_5552810_5554066_+_G2L	0	248		-	DELETE
CP038026.1_5552810_5554066_+_G2L	0	249		-	DELETE
CP038026.1_5552810_5554066_+_G2L	0	250		-	DELETE
CP038026.1_5552810_5554066_+_G2L	0	251		-	DELETE
CP038026.1_5552810_5554066_+_G2L	0	252		-	DELETE
CP038026.1_5552810_5554066_+_G2L	0	253		-	DELETE
CP038026.1_5552810_5554066_+_G2L	0	254		-	DELETE
CP038026.1_5552810_5554066_+_G2L	0	255	247	S	MATCH
CP038026.1_5552810_5554066_+_G2L	0	267	259	I	MATCH
CP038026.1_5552810_5554066_+_G2L	0	268	260	F	MATCH
CP038026.1_5552810_5554066_+_G2L	0	269	261	L	MATCH
CP038026.1_5552810_5554066_+_G2L	0	270	262	C	MATCH
CP038026.1_5552810_5554066_+_G2L	0	271	263	K	MATCH
CP038026.1_5552810_5554066_+_G2L	0	272	264	D	MATCH
CP038026.1_5552810_5554066_+_G2L	0	273	265	Q	MATCH
CP038026.1_5552810_5554066_+_G2L	0	274	266	D	MATCH
CP038026.1_5552810_5554066_+_G2L	0	275	267	E	MATCH
CP038026.1_5552810_5554066_+_G2L	0	276	268	C	MATCH
CP038026.1_5552810_5554066_+_G2L	0	277	269	N	MATCH
CP038026.1_5552810_5554066_+_G2L	0	278	270	Q	MATCH
CP038026.1_5552810_5554066_+_G2L	0	279	271	V	MATCH
CP038026.1_5552810_5554066_+_G2L	0	280	272	A	MATCH
CP038026.1_5552810_5554066_+_G2L	0	281	273	A	MATCH
CP038026.1_5552810_5554066_+_G2L	0	282	274	F	MATCH
CP038026.1_5552810_5554066_+_G2L	0	283	275	C	MATCH
CP038026.1_5552810_5554066_+_G2L	0	284	276	K	MATCH
CP038026.1_5552810_5554066_+_G2L	0	285	277	G	MATCH
CP038026.1_5552810_5554066_+_G2L	0	286	278	E	MATCH
CP038026.1_5552810_5554066_+_G2L	0	287	279	F	MATCH
CP038026.1_5552810_5554066_+_G2L	0	288	280	N	MATCH
CP038026.1_5552810_5554066_+_G2L	0	289	281	K	MATCH
CP038026.1_5552810_5554066_+_G2L	0	290	282	I	MATCH
CP038026.1_5552810_5554066_+_G2L	0	291	283	G	MATCH
CP038026.1_5552810_5554066_+_G2L	0	292	284	L	MATCH
CP038026.1_5552810_5554066_+_G2L	0	293	285	D	MATCH
CP038026.1_5552810_5554066_+_G2L	0	294	286	V	MATCH
CP038026.1_5552810_5554066_+_G2L	0	295	287	P	MATCH
CP038026.1_5552810_5554066_+_G2L	0	296	288	A	MATCH
CP038026.1_5552810_5554066_+_G2L	0	297	293	S	MATCH
CP038026.1_5552810_5554066_+_G2L	0	299	295	S	MATCH
CP038026.1_5552810_5554066_+_G2L	0	300	296	I	MATCH
CP038026.1_5552810_5554066_+_G2L	0	301	297	I	MATCH
CP038026.1_5552810_5554066_+_G2L	0	302	298	Y	MATCH
CP038026.1_5552810_5554066_+_G2L	0	303	299	P	MATCH
CP038026.1_5552810_5554066_+_G2L	0	304	300	P	MATCH
CP038026.1_5552810_5554066_+_G2L	0	305	301	D	MATCH
CP038026.1_5552810_5554066_+_G2L	0	306	302	R	MATCH
CP038026.1_5552810_5554066_+_G2L	0	307	303	P	MATCH
CP038026.1_5552810_5554066_+_G2L	0	309	305	E	MATCH
CP038026.1_5552810_5554066_+_G2L	0	310	306	F	MATCH
CP038026.1_5552810_5554066_+_G2L	0	311	307	L	MATCH
CP038026.1_5552810_5554066_+_G2L	0	312	308	G	MATCH
CP038026.1_5552810_5554066_+_G2L	0	313	309	L	MATCH
CP038026.1_5552810_5554066_+_G2L	0	314	310	E	MATCH
CP038026.1_5552810_5554066_+_G2L	0	315	311	L	MATCH
CP038026.1_5552810_5554066_+_G2L	0	316	312	A	MATCH
CP038026.1_5552810_5554066_+_G2L	0	317	313	P	MATCH
CP038262.1_2811866_2813086_+_G2L	0	107	84	Y	MATCH
CP038262.1_2811866_2813086_+_G2L	0	108	85	R	MATCH
CP038262.1_2811866_2813086_+_G2L	0	109	86	L	MATCH
CP038262.1_2811866_2813086_+_G2L	0	110	87	I	MATCH
CP038262.1_2811866_2813086_+_G2L	0	111	88	C	MATCH
CP038262.1_2811866_2813086_+_G2L	0	115	92	I	MATCH
CP038262.1_2811866_2813086_+_G2L	0	116	93	E	MATCH
CP038262.1_2811866_2813086_+_G2L	0	117	94	D	MATCH
CP038262.1_2811866_2813086_+_G2L	0	118	95	R	MATCH
CP038262.1_2811866_2813086_+_G2L	0	119	96	V	MATCH
CP038262.1_2811866_2813086_+_G2L	0	127	104	V	MATCH
CP038262.1_2811866_2813086_+_G2L	0	128	105	L	MATCH
CP038262.1_2811866_2813086_+_G2L	0	129	106	N	MATCH
CP038262.1_2811866_2813086_+_G2L	0	130	107	N	MATCH
CP038262.1_2811866_2813086_+_G2L	0	131	108	Y	MATCH
CP038262.1_2811866_2813086_+_G2L	0	132	109	Y	MATCH
CP038262.1_2811866_2813086_+_G2L	0	133	110	H	MATCH
CP038262.1_2811866_2813086_+_G2L	0	134	111	N	MATCH
CP038262.1_2811866_2813086_+_G2L	0	135	112	Q	MATCH
CP038262.1_2811866_2813086_+_G2L	0	136	113	L	MATCH
CP038262.1_2811866_2813086_+_G2L	0	137	114	D	MATCH
CP038262.1_2811866_2813086_+_G2L	0	138	115	N	MATCH
CP038262.1_2811866_2813086_+_G2L	0	139	117	I	MATCH
CP038262.1_2811866_2813086_+_G2L	0	140	118	S	MATCH
CP038262.1_2811866_2813086_+_G2L	0	145	123	N	MATCH
CP038262.1_2811866_2813086_+_G2L	0	146	124	K	MATCH
CP038262.1_2811866_2813086_+_G2L	0	157	135	C	MATCH
CP038262.1_2811866_2813086_+_G2L	0	158	136	E	MATCH
CP038262.1_2811866_2813086_+_G2L	0	159	137	L	MATCH
CP038262.1_2811866_2813086_+_G2L	0	160	138	R	MATCH
CP038262.1_2811866_2813086_+_G2L	0	161		-	DELETE
CP038262.1_2811866_2813086_+_G2L	0	162	139	K	MATCH
CP038262.1_2811866_2813086_+_G2L	0	163	140	T	MATCH
CP038262.1_2811866_2813086_+_G2L	0	169	146	K	MATCH
CP038262.1_2811866_2813086_+_G2L	0	170	147	T	MATCH
CP038262.1_2811866_2813086_+_G2L	0	171	148	D	MATCH
CP038262.1_2811866_2813086_+_G2L	0	172	149	I	MATCH
CP038262.1_2811866_2813086_+_G2L	0	173	150	T	MATCH
CP038262.1_2811866_2813086_+_G2L	0	174	151	A	MATCH
CP038262.1_2811866_2813086_+_G2L	0	175	152	F	MATCH
CP038262.1_2811866_2813086_+_G2L	0	176	153	F	MATCH
CP038262.1_2811866_2813086_+_G2L	0	177	154	D	MATCH
CP038262.1_2811866_2813086_+_G2L	0	178	155	N	MATCH
CP038262.1_2811866_2813086_+_G2L	0	179	156	V	MATCH
CP038262.1_2811866_2813086_+_G2L	0	180	157	D	MATCH
CP038262.1_2811866_2813086_+_G2L	0	181	158	R	MATCH
CP038262.1_2811866_2813086_+_G2L	0	182	159	E	MATCH
CP038262.1_2811866_2813086_+_G2L	0	183	160	K	MATCH
CP038262.1_2811866_2813086_+_G2L	0	184	161	L	MATCH
CP038262.1_2811866_2813086_+_G2L	0	185	162	K	MATCH
CP038262.1_2811866_2813086_+_G2L	0	186	163	E	MATCH
CP038262.1_2811866_2813086_+_G2L	0	187	164	K	MATCH
CP038262.1_2811866_2813086_+_G2L	0	188	165	T	MATCH
CP038262.1_2811866_2813086_+_G2L	0	189	166	K	MATCH
CP038262.1_2811866_2813086_+_G2L	0	190	167	S	MATCH
CP038262.1_2811866_2813086_+_G2L	0	191	168	L	MATCH
CP038262.1_2811866_2813086_+_G2L	0	192	169	V	MATCH
CP038262.1_2811866_2813086_+_G2L	0	193	170	K	MATCH
CP038262.1_2811866_2813086_+_G2L	0	194	171	H	MATCH
CP038262.1_2811866_2813086_+_G2L	0	195	172	R	MATCH
CP038262.1_2811866_2813086_+_G2L	0	196	173	S	MATCH
CP038262.1_2811866_2813086_+_G2L	0	197	174	L	MATCH
CP038262.1_2811866_2813086_+_G2L	0	198	175	H	MATCH
CP038262.1_2811866_2813086_+_G2L	0	199	176	P	MATCH
CP038262.1_2811866_2813086_+_G2L	0	200	177	L	MATCH
CP038262.1_2811866_2813086_+_G2L	0	201	178	L	MATCH
CP038262.1_2811866_2813086_+_G2L	0	202	179	F	MATCH
CP038262.1_2811866_2813086_+_G2L	0	203	180	S	MATCH
CP038262.1_2811866_2813086_+_G2L	0	204	181	I	MATCH
CP038262.1_2811866_2813086_+_G2L	0	205	182	I	MATCH
CP038262.1_2811866_2813086_+_G2L	0	206	183	N	MATCH
CP038262.1_2811866_2813086_+_G2L	0	207	184	R	MATCH
CP038262.1_2811866_2813086_+_G2L	0	208	185	E	MATCH
CP038262.1_2811866_2813086_+_G2L	0	209	186	V	MATCH
CP038262.1_2811866_2813086_+_G2L	0	210	187	R	MATCH
CP038262.1_2811866_2813086_+_G2L	0	211	188	I	MATCH
CP038262.1_2811866_2813086_+_G2L	0	228	214	L	MATCH
CP038262.1_2811866_2813086_+_G2L	0	229	215	S	MATCH
CP038262.1_2811866_2813086_+_G2L	0	230	216	P	MATCH
CP038262.1_2811866_2813086_+_G2L	0	231	217	F	MATCH
CP038262.1_2811866_2813086_+_G2L	0	232	218	F	MATCH
CP038262.1_2811866_2813086_+_G2L	0	236	222	F	MATCH
CP038262.1_2811866_2813086_+_G2L	0	237	223	L	MATCH
CP038262.1_2811866_2813086_+_G2L	0	238	224	G	MATCH
CP038262.1_2811866_2813086_+_G2L	0	239	225	T	MATCH
CP038262.1_2811866_2813086_+_G2L	0	240	226	F	MATCH
CP038262.1_2811866_2813086_+_G2L	0	241	227	D	MATCH
CP038262.1_2811866_2813086_+_G2L	0	242	228	N	MATCH
CP038262.1_2811866_2813086_+_G2L	0	243	229	E	MATCH
CP038262.1_2811866_2813086_+_G2L	0	244	230	I	MATCH
CP038262.1_2811866_2813086_+_G2L	0	245	231	K	MATCH
CP038262.1_2811866_2813086_+_G2L	0	246	232	A	MATCH
CP038262.1_2811866_2813086_+_G2L	0	247		-	DELETE
CP038262.1_2811866_2813086_+_G2L	0	248		-	DELETE
CP038262.1_2811866_2813086_+_G2L	0	249		-	DELETE
CP038262.1_2811866_2813086_+_G2L	0	250		-	DELETE
CP038262.1_2811866_2813086_+_G2L	0	251		-	DELETE
CP038262.1_2811866_2813086_+_G2L	0	252		-	DELETE
CP038262.1_2811866_2813086_+_G2L	0	253		-	DELETE
CP038262.1_2811866_2813086_+_G2L	0	254		-	DELETE
CP038262.1_2811866_2813086_+_G2L	0	255	233	N	MATCH
CP038262.1_2811866_2813086_+_G2L	0	267	245	I	MATCH
CP038262.1_2811866_2813086_+_G2L	0	268	246	F	MATCH
CP038262.1_2811866_2813086_+_G2L	0	269	247	F	MATCH
CP038262.1_2811866_2813086_+_G2L	0	270	248	A	MATCH
CP038262.1_2811866_2813086_+_G2L	0	271	249	K	MATCH
CP038262.1_2811866_2813086_+_G2L	0	272	250	S	MATCH
CP038262.1_2811866_2813086_+_G2L	0	273	251	K	MATCH
CP038262.1_2811866_2813086_+_G2L	0	274	252	H	MATCH
CP038262.1_2811866_2813086_+_G2L	0	275	253	E	MATCH
CP038262.1_2811866_2813086_+_G2L	0	276	254	C	MATCH
CP038262.1_2811866_2813086_+_G2L	0	277	255	E	MATCH
CP038262.1_2811866_2813086_+_G2L	0	278	256	Q	MATCH
CP038262.1_2811866_2813086_+_G2L	0	279	257	I	MATCH
CP038262.1_2811866_2813086_+_G2L	0	280	258	D	MATCH
CP038262.1_2811866_2813086_+_G2L	0	281	259	S	MATCH
CP038262.1_2811866_2813086_+_G2L	0	282	260	F	MATCH
CP038262.1_2811866_2813086_+_G2L	0	283	261	C	MATCH
CP038262.1_2811866_2813086_+_G2L	0	284	262	R	MATCH
CP038262.1_2811866_2813086_+_G2L	0	285	263	T	MATCH
CP038262.1_2811866_2813086_+_G2L	0	286	264	S	MATCH
CP038262.1_2811866_2813086_+_G2L	0	287	265	L	MATCH
CP038262.1_2811866_2813086_+_G2L	0	288	266	K	MATCH
CP038262.1_2811866_2813086_+_G2L	0	289	267	K	MATCH
CP038262.1_2811866_2813086_+_G2L	0	290	268	L	MATCH
CP038262.1_2811866_2813086_+_G2L	0	291	269	D	MATCH
CP038262.1_2811866_2813086_+_G2L	0	292	270	L	MATCH
CP038262.1_2811866_2813086_+_G2L	0	293	271	D	MATCH
CP038262.1_2811866_2813086_+_G2L	0	294	272	I	MATCH
CP038262.1_2811866_2813086_+_G2L	0	295	273	P	MATCH
CP038262.1_2811866_2813086_+_G2L	0	296	279	N	MATCH
CP038262.1_2811866_2813086_+_G2L	0	297	280	S	MATCH
CP038262.1_2811866_2813086_+_G2L	0	299	282	T	MATCH
CP038262.1_2811866_2813086_+_G2L	0	300	283	V	MATCH
CP038262.1_2811866_2813086_+_G2L	0	301	284	I	MATCH
CP038262.1_2811866_2813086_+_G2L	0	302	285	Y	MATCH
CP038262.1_2811866_2813086_+_G2L	0	303	286	N	MATCH
CP038262.1_2811866_2813086_+_G2L	0	304	287	P	MATCH
CP038262.1_2811866_2813086_+_G2L	0	305	288	D	MATCH
CP038262.1_2811866_2813086_+_G2L	0	306	289	E	MATCH
CP038262.1_2811866_2813086_+_G2L	0	307	290	T	MATCH
CP038262.1_2811866_2813086_+_G2L	0	309	292	E	MATCH
CP038262.1_2811866_2813086_+_G2L	0	310	293	F	MATCH
CP038262.1_2811866_2813086_+_G2L	0	311	294	L	MATCH
CP038262.1_2811866_2813086_+_G2L	0	312	295	G	MATCH
CP038262.1_2811866_2813086_+_G2L	0	313	296	L	MATCH
CP038262.1_2811866_2813086_+_G2L	0	314	297	G	MATCH
CP038262.1_2811866_2813086_+_G2L	0	315	298	L	MATCH
CP038262.1_2811866_2813086_+_G2L	0	316	299	S	MATCH
CP038262.1_2811866_2813086_+_G2L	0	317	300	K	MATCH
CP040077.1_890709_891905_+_G2L	0	107	81	D	MATCH
CP040077.1_890709_891905_+_G2L	0	108	82	R	MATCH
CP040077.1_890709_891905_+_G2L	0	109	83	L	MATCH
CP040077.1_890709_891905_+_G2L	0	110	84	I	MATCH
CP040077.1_890709_891905_+_G2L	0	111	85	C	MATCH
CP040077.1_890709_891905_+_G2L	0	115	89	V	MATCH
CP040077.1_890709_891905_+_G2L	0	116	90	R	MATCH
CP040077.1_890709_891905_+_G2L	0	117	91	D	MATCH
CP040077.1_890709_891905_+_G2L	0	118	92	R	MATCH
CP040077.1_890709_891905_+_G2L	0	119	93	I	MATCH
CP040077.1_890709_891905_+_G2L	0	127	101	F	MATCH
CP040077.1_890709_891905_+_G2L	0	128	102	I	MATCH
CP040077.1_890709_891905_+_G2L	0	129	103	A	MATCH
CP040077.1_890709_891905_+_G2L	0	130	104	T	MATCH
CP040077.1_890709_891905_+_G2L	0	131	105	R	MATCH
CP040077.1_890709_891905_+_G2L	0	132	106	Y	MATCH
CP040077.1_890709_891905_+_G2L	0	133	107	A	MATCH
CP040077.1_890709_891905_+_G2L	0	134	108	D	MATCH
CP040077.1_890709_891905_+_G2L	0	135	109	K	MATCH
CP040077.1_890709_891905_+_G2L	0	136	110	F	MATCH
CP040077.1_890709_891905_+_G2L	0	137	111	A	MATCH
CP040077.1_890709_891905_+_G2L	0	138	112	N	MATCH
CP040077.1_890709_891905_+_G2L	0	139	113	N	MATCH
CP040077.1_890709_891905_+_G2L	0	140	115	S	MATCH
CP040077.1_890709_891905_+_G2L	0	145	120	K	MATCH
CP040077.1_890709_891905_+_G2L	0	146	121	K	MATCH
CP040077.1_890709_891905_+_G2L	0	157	132	C	MATCH
CP040077.1_890709_891905_+_G2L	0	158	133	A	MATCH
CP040077.1_890709_891905_+_G2L	0	159	134	L	MATCH
CP040077.1_890709_891905_+_G2L	0	160	135	R	MATCH
CP040077.1_890709_891905_+_G2L	0	161		-	DELETE
CP040077.1_890709_891905_+_G2L	0	162	136	A	MATCH
CP040077.1_890709_891905_+_G2L	0	163	137	E	MATCH
CP040077.1_890709_891905_+_G2L	0	169	143	K	MATCH
CP040077.1_890709_891905_+_G2L	0	170	144	T	MATCH
CP040077.1_890709_891905_+_G2L	0	171	145	D	MATCH
CP040077.1_890709_891905_+_G2L	0	172	146	I	MATCH
CP040077.1_890709_891905_+_G2L	0	173	147	T	MATCH
CP040077.1_890709_891905_+_G2L	0	174	148	S	MATCH
CP040077.1_890709_891905_+_G2L	0	175	149	F	MATCH
CP040077.1_890709_891905_+_G2L	0	176	150	F	MATCH
CP040077.1_890709_891905_+_G2L	0	177	151	D	MATCH
CP040077.1_890709_891905_+_G2L	0	178	152	R	MATCH
CP040077.1_890709_891905_+_G2L	0	179	153	I	MATCH
CP040077.1_890709_891905_+_G2L	0	180	154	D	MATCH
CP040077.1_890709_891905_+_G2L	0	181	155	R	MATCH
CP040077.1_890709_891905_+_G2L	0	182	156	S	MATCH
CP040077.1_890709_891905_+_G2L	0	183	157	R	MATCH
CP040077.1_890709_891905_+_G2L	0	184	158	L	MATCH
CP040077.1_890709_891905_+_G2L	0	185	159	T	MATCH
CP040077.1_890709_891905_+_G2L	0	186	160	S	MATCH
CP040077.1_890709_891905_+_G2L	0	187	161	A	MATCH
CP040077.1_890709_891905_+_G2L	0	188	162	I	MATCH
CP040077.1_890709_891905_+_G2L	0	189	163	R	MATCH
CP040077.1_890709_891905_+_G2L	0	190	164	R	MATCH
CP040077.1_890709_891905_+_G2L	0	191	165	S	MATCH
CP040077.1_890709_891905_+_G2L	0	192	166	I	MATCH
CP040077.1_890709_891905_+_G2L	0	193	167	R	MATCH
CP040077.1_890709_891905_+_G2L	0	194	168	E	MATCH
CP040077.1_890709_891905_+_G2L	0	195	169	R	MATCH
CP040077.1_890709_891905_+_G2L	0	196	170	S	MATCH
CP040077.1_890709_891905_+_G2L	0	197	171	L	MATCH
CP040077.1_890709_891905_+_G2L	0	198	172	H	MATCH
CP040077.1_890709_891905_+_G2L	0	199	173	E	MATCH
CP040077.1_890709_891905_+_G2L	0	200	174	T	MATCH
CP040077.1_890709_891905_+_G2L	0	201	175	L	MATCH
CP040077.1_890709_891905_+_G2L	0	202	176	L	MATCH
CP040077.1_890709_891905_+_G2L	0	203	177	G	MATCH
CP040077.1_890709_891905_+_G2L	0	204	178	A	MATCH
CP040077.1_890709_891905_+_G2L	0	205	179	V	MATCH
CP040077.1_890709_891905_+_G2L	0	206	180	S	MATCH
CP040077.1_890709_891905_+_G2L	0	207	181	C	MATCH
CP040077.1_890709_891905_+_G2L	0	208	182	E	MATCH
CP040077.1_890709_891905_+_G2L	0	209	183	I	MATCH
CP040077.1_890709_891905_+_G2L	0	210	184	Q	MATCH
CP040077.1_890709_891905_+_G2L	0	211	185	P	MATCH
CP040077.1_890709_891905_+_G2L	0	228	211	L	MATCH
CP040077.1_890709_891905_+_G2L	0	229	212	S	MATCH
CP040077.1_890709_891905_+_G2L	0	230	213	P	MATCH
CP040077.1_890709_891905_+_G2L	0	231	214	F	MATCH
CP040077.1_890709_891905_+_G2L	0	232	215	F	MATCH
CP040077.1_890709_891905_+_G2L	0	236	219	M	MATCH
CP040077.1_890709_891905_+_G2L	0	237	220	L	MATCH
CP040077.1_890709_891905_+_G2L	0	238	221	A	MATCH
CP040077.1_890709_891905_+_G2L	0	239	222	D	MATCH
CP040077.1_890709_891905_+_G2L	0	240	223	F	MATCH
CP040077.1_890709_891905_+_G2L	0	241	224	D	MATCH
CP040077.1_890709_891905_+_G2L	0	242	225	R	MATCH
CP040077.1_890709_891905_+_G2L	0	243	226	S	MATCH
CP040077.1_890709_891905_+_G2L	0	244	227	I	MATCH
CP040077.1_890709_891905_+_G2L	0	245	228	E	MATCH
CP040077.1_890709_891905_+_G2L	0	246	229	T	MATCH
CP040077.1_890709_891905_+_G2L	0	247		-	DELETE
CP040077.1_890709_891905_+_G2L	0	248		-	DELETE
CP040077.1_890709_891905_+_G2L	0	249		-	DELETE
CP040077.1_890709_891905_+_G2L	0	250		-	DELETE
CP040077.1_890709_891905_+_G2L	0	251		-	DELETE
CP040077.1_890709_891905_+_G2L	0	252		-	DELETE
CP040077.1_890709_891905_+_G2L	0	253		-	DELETE
CP040077.1_890709_891905_+_G2L	0	254		-	DELETE
CP040077.1_890709_891905_+_G2L	0	255	230	R	MATCH
CP040077.1_890709_891905_+_G2L	0	267	242	I	MATCH
CP040077.1_890709_891905_+_G2L	0	268	243	F	MATCH
CP040077.1_890709_891905_+_G2L	0	269	244	F	MATCH
CP040077.1_890709_891905_+_G2L	0	270	245	A	MATCH
CP040077.1_890709_891905_+_G2L	0	271	246	D	MATCH
CP040077.1_890709_891905_+_G2L	0	272	247	S	MATCH
CP040077.1_890709_891905_+_G2L	0	273	248	R	MATCH
CP040077.1_890709_891905_+_G2L	0	274	249	D	MATCH
CP040077.1_890709_891905_+_G2L	0	275	250	A	MATCH
CP040077.1_890709_891905_+_G2L	0	276	251	C	MATCH
CP040077.1_890709_891905_+_G2L	0	277	252	E	MATCH
CP040077.1_890709_891905_+_G2L	0	278	253	A	MATCH
CP040077.1_890709_891905_+_G2L	0	279	254	L	MATCH
CP040077.1_890709_891905_+_G2L	0	280	255	A	MATCH
CP040077.1_890709_891905_+_G2L	0	281	256	A	MATCH
CP040077.1_890709_891905_+_G2L	0	282	257	F	MATCH
CP040077.1_890709_891905_+_G2L	0	283	258	C	MATCH
CP040077.1_890709_891905_+_G2L	0	284	259	A	MATCH
CP040077.1_890709_891905_+_G2L	0	285	260	E	MATCH
CP040077.1_890709_891905_+_G2L	0	286	261	Q	MATCH
CP040077.1_890709_891905_+_G2L	0	287	262	L	MATCH
CP040077.1_890709_891905_+_G2L	0	288	263	G	MATCH
CP040077.1_890709_891905_+_G2L	0	289	264	R	MATCH
CP040077.1_890709_891905_+_G2L	0	290	265	I	MATCH
CP040077.1_890709_891905_+_G2L	0	291	266	G	MATCH
CP040077.1_890709_891905_+_G2L	0	292	267	L	MATCH
CP040077.1_890709_891905_+_G2L	0	293	268	E	MATCH
CP040077.1_890709_891905_+_G2L	0	294	269	I	MATCH
CP040077.1_890709_891905_+_G2L	0	295	270	P	MATCH
CP040077.1_890709_891905_+_G2L	0	296	271	P	MATCH
CP040077.1_890709_891905_+_G2L	0	297	276	T	MATCH
CP040077.1_890709_891905_+_G2L	0	299	278	S	MATCH
CP040077.1_890709_891905_+_G2L	0	300	279	V	MATCH
CP040077.1_890709_891905_+_G2L	0	301	280	I	MATCH
CP040077.1_890709_891905_+_G2L	0	302	281	Y	MATCH
CP040077.1_890709_891905_+_G2L	0	303	282	A	MATCH
CP040077.1_890709_891905_+_G2L	0	304	283	P	MATCH
CP040077.1_890709_891905_+_G2L	0	305	284	E	MATCH
CP040077.1_890709_891905_+_G2L	0	306	285	Q	MATCH
CP040077.1_890709_891905_+_G2L	0	307	286	P	MATCH
CP040077.1_890709_891905_+_G2L	0	309	288	E	MATCH
CP040077.1_890709_891905_+_G2L	0	310	289	F	MATCH
CP040077.1_890709_891905_+_G2L	0	311	290	L	MATCH
CP040077.1_890709_891905_+_G2L	0	312	291	G	MATCH
CP040077.1_890709_891905_+_G2L	0	313	292	V	MATCH
CP040077.1_890709_891905_+_G2L	0	314	293	S	MATCH
CP040077.1_890709_891905_+_G2L	0	315	294	L	MATCH
CP040077.1_890709_891905_+_G2L	0	316	295	V	MATCH
CP040077.1_890709_891905_+_G2L	0	317	296	P	MATCH
CRK55203.1_G2L	1	107	82	S	MATCH
CRK55203.1_G2L	1	108	83	M	MATCH
CRK55203.1_G2L	1	109	84	T	MATCH
CRK55203.1_G2L	1	110	85	V	MATCH
CRK55203.1_G2L	1	111	86	C	MATCH
CRK55203.1_G2L	1	115	90	M	MATCH
CRK55203.1_G2L	1	116	91	I	MATCH
CRK55203.1_G2L	1	117	92	D	MATCH
CRK55203.1_G2L	1	118	93	R	MATCH
CRK55203.1_G2L	1	119	94	L	MATCH
CRK55203.1_G2L	1	127	102	A	MATCH
CRK55203.1_G2L	1	128	103	I	MATCH
CRK55203.1_G2L	1	129	104	E	MATCH
CRK55203.1_G2L	1	130	105	P	MATCH
CRK55203.1_G2L	1	131	106	I	MATCH
CRK55203.1_G2L	1	132	107	M	MATCH
CRK55203.1_G2L	1	133	108	E	MATCH
CRK55203.1_G2L	1	134	109	T	MATCH
CRK55203.1_G2L	1	135	110	Q	MATCH
CRK55203.1_G2L	1	136	111	V	MATCH
CRK55203.1_G2L	1	137	112	L	MATCH
CRK55203.1_G2L	1	138	113	A	MATCH
CRK55203.1_G2L	1	139	114	D	MATCH
CRK55203.1_G2L	1	140	116	V	MATCH
CRK55203.1_G2L	1	145	121	P	MATCH
CRK55203.1_G2L	1	146	122	R	MATCH
CRK55203.1_G2L	1	157	133	A	MATCH
CRK55203.1_G2L	1	158	134	A	MATCH
CRK55203.1_G2L	1	159	135	H	MATCH
CRK55203.1_G2L	1	160	136	V	MATCH
CRK55203.1_G2L	1	161	137	E	MATCH
CRK55203.1_G2L	1	162	138	A	MATCH
CRK55203.1_G2L	1	163	139	G	MATCH
CRK55203.1_G2L	1	169	145	D	MATCH
CRK55203.1_G2L	1	170	146	V	MATCH
CRK55203.1_G2L	1	171	147	D	MATCH
CRK55203.1_G2L	1	172	148	V	MATCH
CRK55203.1_G2L	1	173	149	A	MATCH
CRK55203.1_G2L	1	174	150	S	MATCH
CRK55203.1_G2L	1	175	151	V	MATCH
CRK55203.1_G2L	1	176	152	S	MATCH
CRK55203.1_G2L	1	177	153	E	MATCH
CRK55203.1_G2L	1	178	154	G	MATCH
CRK55203.1_G2L	1	179	155	A	MATCH
CRK55203.1_G2L	1	180	156	T	MATCH
CRK55203.1_G2L	1	181	157	V	MATCH
CRK55203.1_G2L	1	182	158	E	MATCH
CRK55203.1_G2L	1	183	159	Q	MATCH
CRK55203.1_G2L	1	184	160	V	MATCH
CRK55203.1_G2L	1	185	161	V	MATCH
CRK55203.1_G2L	1	186	162	D	MATCH
CRK55203.1_G2L	1	187	163	W	MATCH
CRK55203.1_G2L	1	188	164	C	MATCH
CRK55203.1_G2L	1	189	165	A	MATCH
CRK55203.1_G2L	1	190	166	L	MATCH
CRK55203.1_G2L	1	191	167	H	MATCH
CRK55203.1_G2L	1	192	168	V	MATCH
CRK55203.1_G2L	1	193	169	H	MATCH
CRK55203.1_G2L	1	194	170	D	MATCH
CRK55203.1_G2L	1	195	171	G	MATCH
CRK55203.1_G2L	1	196	172	T	MATCH
CRK55203.1_G2L	1	197	173	F	MATCH
CRK55203.1_G2L	1	198	174	L	MATCH
CRK55203.1_G2L	1	199	175	D	MATCH
CRK55203.1_G2L	1	200	176	R	MATCH
CRK55203.1_G2L	1	201	177	V	MATCH
CRK55203.1_G2L	1	202	178	R	MATCH
CRK55203.1_G2L	1	203	179	T	MATCH
CRK55203.1_G2L	1	204	180	A	MATCH
CRK55203.1_G2L	1	205	181	L	MATCH
CRK55203.1_G2L	1	206	182	A	MATCH
CRK55203.1_G2L	1	207	183	A	MATCH
CRK55203.1_G2L	1	208	184	M	MATCH
CRK55203.1_G2L	1	209	185	P	MATCH
CRK55203.1_G2L	1	210	186	Y	MATCH
CRK55203.1_G2L	1	211		-	DELETE
CRK55203.1_G2L	1	228	194	L	MATCH
CRK55203.1_G2L	1	229	195	A	MATCH
CRK55203.1_G2L	1	230	196	P	MATCH
CRK55203.1_G2L	1	231	197	L	MATCH
CRK55203.1_G2L	1	232	198	L	MATCH
CRK55203.1_G2L	1	236	202	R	MATCH
CRK55203.1_G2L	1	237	203	L	MATCH
CRK55203.1_G2L	1	238	204	S	MATCH
CRK55203.1_G2L	1	239	205	R	MATCH
CRK55203.1_G2L	1	240	206	P	MATCH
CRK55203.1_G2L	1	241	207	D	MATCH
CRK55203.1_G2L	1	242	208	A	MATCH
CRK55203.1_G2L	1	243	209	L	MATCH
CRK55203.1_G2L	1	244	210	L	MATCH
CRK55203.1_G2L	1	245	211	G	MATCH
CRK55203.1_G2L	1	246	212	G	MATCH
CRK55203.1_G2L	1	247		-	DELETE
CRK55203.1_G2L	1	248		-	DELETE
CRK55203.1_G2L	1	249		-	DELETE
CRK55203.1_G2L	1	250		-	DELETE
CRK55203.1_G2L	1	251		-	DELETE
CRK55203.1_G2L	1	252		-	DELETE
CRK55203.1_G2L	1	253		-	DELETE
CRK55203.1_G2L	1	254		-	DELETE
CRK55203.1_G2L	1	255		-	DELETE
CRK55203.1_G2L	1	267	223	A	MATCH
CRK55203.1_G2L	1	268	224	A	MATCH
CRK55203.1_G2L	1	269	225	F	MATCH
CRK55203.1_G2L	1	270	226	A	MATCH
CRK55203.1_G2L	1	271	227	A	MATCH
CRK55203.1_G2L	1	272	228	D	MATCH
CRK55203.1_G2L	1	273	229	E	MATCH
CRK55203.1_G2L	1	274	230	T	MATCH
CRK55203.1_G2L	1	275	231	E	MATCH
CRK55203.1_G2L	1	276	232	A	MATCH
CRK55203.1_G2L	1	277	233	H	MATCH
CRK55203.1_G2L	1	278	234	V	MATCH
CRK55203.1_G2L	1	279	235	A	MATCH
CRK55203.1_G2L	1	280	236	F	MATCH
CRK55203.1_G2L	1	281	237	T	MATCH
CRK55203.1_G2L	1	282	238	V	MATCH
CRK55203.1_G2L	1	283	239	I	MATCH
CRK55203.1_G2L	1	284	240	A	MATCH
CRK55203.1_G2L	1	285	241	E	MATCH
CRK55203.1_G2L	1	286	242	A	MATCH
CRK55203.1_G2L	1	287	243	L	MATCH
CRK55203.1_G2L	1	288	244	A	MATCH
CRK55203.1_G2L	1	289	245	Q	MATCH
CRK55203.1_G2L	1	290	246	C	MATCH
CRK55203.1_G2L	1	291	247	G	MATCH
CRK55203.1_G2L	1	292	248	M	MATCH
CRK55203.1_G2L	1	293	249	R	MATCH
CRK55203.1_G2L	1	294	250	P	MATCH
CRK55203.1_G2L	1	295	251	N	MATCH
CRK55203.1_G2L	1	296	252	E	MATCH
CRK55203.1_G2L	1	297	253	S	MATCH
CRK55203.1_G2L	1	299	255	S	MATCH
CRK55203.1_G2L	1	300	256	R	MATCH
CRK55203.1_G2L	1	301	257	V	MATCH
CRK55203.1_G2L	1	302	258	R	MATCH
CRK55203.1_G2L	1	303	259	T	MATCH
CRK55203.1_G2L	1	304		-	DELETE
CRK55203.1_G2L	1	305		-	DELETE
CRK55203.1_G2L	1	306		-	DELETE
CRK55203.1_G2L	1	307		-	DELETE
CRK55203.1_G2L	1	309		-	DELETE
CRK55203.1_G2L	1	310		-	DELETE
CRK55203.1_G2L	1	311		-	DELETE
CRK55203.1_G2L	1	312		-	DELETE
CRK55203.1_G2L	1	313		-	DELETE
CRK55203.1_G2L	1	314		-	DELETE
CRK55203.1_G2L	1	315		-	DELETE
CRK55203.1_G2L	1	316		-	DELETE
CRK55203.1_G2L	1	317		-	DELETE
EFI52015.1_G2L	0	107	90	K	MATCH
EFI52015.1_G2L	0	108	91	R	MATCH
EFI52015.1_G2L	0	109	92	M	MATCH
EFI52015.1_G2L	0	110	93	I	MATCH
EFI52015.1_G2L	0	111	94	C	MATCH
EFI52015.1_G2L	0	115	98	V	MATCH
EFI52015.1_G2L	0	116	99	R	MATCH
EFI52015.1_G2L	0	117	100	D	MATCH
EFI52015.1_G2L	0	118	101	R	MATCH
EFI52015.1_G2L	0	119	102	L	MATCH
EFI52015.1_G2L	0	127	110	Y	MATCH
EFI52015.1_G2L	0	128	111	L	MATCH
EFI52015.1_G2L	0	129	112	T	MATCH
EFI52015.1_G2L	0	130	114	K	MATCH
EFI52015.1_G2L	0	131	115	K	MATCH
EFI52015.1_G2L	0	132	116	C	MATCH
EFI52015.1_G2L	0	133	117	L	MATCH
EFI52015.1_G2L	0	134	118	P	MATCH
EFI52015.1_G2L	0	135	119	I	MATCH
EFI52015.1_G2L	0	136	120	Y	MATCH
EFI52015.1_G2L	0	137	121	D	MATCH
EFI52015.1_G2L	0	138	122	P	MATCH
EFI52015.1_G2L	0	139	123	Y	MATCH
EFI52015.1_G2L	0	140	124	S	MATCH
EFI52015.1_G2L	0	145	129	Q	MATCH
EFI52015.1_G2L	0	146	130	E	MATCH
EFI52015.1_G2L	0	157	141	V	MATCH
EFI52015.1_G2L	0	158	142	E	MATCH
EFI52015.1_G2L	0	159	143	L	MATCH
EFI52015.1_G2L	0	160	144	R	MATCH
EFI52015.1_G2L	0	161		-	DELETE
EFI52015.1_G2L	0	162	145	G	MATCH
EFI52015.1_G2L	0	163	146	Q	MATCH
EFI52015.1_G2L	0	169	152	K	MATCH
EFI52015.1_G2L	0	170	153	A	MATCH
EFI52015.1_G2L	0	171	154	D	MATCH
EFI52015.1_G2L	0	172	155	I	MATCH
EFI52015.1_G2L	0	173	156	I	MATCH
EFI52015.1_G2L	0	174	157	S	MATCH
EFI52015.1_G2L	0	175	158	F	MATCH
EFI52015.1_G2L	0	176	159	F	MATCH
EFI52015.1_G2L	0	177	160	D	MATCH
EFI52015.1_G2L	0	178	161	R	MATCH
EFI52015.1_G2L	0	179	162	I	MATCH
EFI52015.1_G2L	0	180	163	S	MATCH
EFI52015.1_G2L	0	181	164	R	MATCH
EFI52015.1_G2L	0	182	165	E	MATCH
EFI52015.1_G2L	0	183	166	H	MATCH
EFI52015.1_G2L	0	184	167	L	MATCH
EFI52015.1_G2L	0	185	168	K	MATCH
EFI52015.1_G2L	0	186	169	N	MATCH
EFI52015.1_G2L	0	187	170	Q	MATCH
EFI52015.1_G2L	0	188	171	I	MATCH
EFI52015.1_G2L	0	189	172	K	MATCH
EFI52015.1_G2L	0	190	173	T	MATCH
EFI52015.1_G2L	0	191	174	A	MATCH
EFI52015.1_G2L	0	192	175	M	MATCH
EFI52015.1_G2L	0	193	176	R	MATCH
EFI52015.1_G2L	0	194	177	G	MATCH
EFI52015.1_G2L	0	195	178	H	MATCH
EFI52015.1_G2L	0	196	179	S	MATCH
EFI52015.1_G2L	0	197	180	L	MATCH
EFI52015.1_G2L	0	198	181	T	MATCH
EFI52015.1_G2L	0	199	182	H	MATCH
EFI52015.1_G2L	0	200	183	L	MATCH
EFI52015.1_G2L	0	201	184	L	MATCH
EFI52015.1_G2L	0	202	185	C	MATCH
EFI52015.1_G2L	0	203	186	K	MATCH
EFI52015.1_G2L	0	204	187	A	MATCH
EFI52015.1_G2L	0	205	188	V	MATCH
EFI52015.1_G2L	0	206	189	D	MATCH
EFI52015.1_G2L	0	207	190	C	MATCH
EFI52015.1_G2L	0	208	191	E	MATCH
EFI52015.1_G2L	0	209	192	V	MATCH
EFI52015.1_G2L	0	210	193	Y	MATCH
EFI52015.1_G2L	0	211	194	E	MATCH
EFI52015.1_G2L	0	228	219	L	MATCH
EFI52015.1_G2L	0	229	220	S	MATCH
EFI52015.1_G2L	0	230	221	P	MATCH
EFI52015.1_G2L	0	231	222	I	MATCH
EFI52015.1_G2L	0	232	223	L	MATCH
EFI52015.1_G2L	0	236	227	A	MATCH
EFI52015.1_G2L	0	237	228	L	MATCH
EFI52015.1_G2L	0	238	229	S	MATCH
EFI52015.1_G2L	0	239	230	K	MATCH
EFI52015.1_G2L	0	240	231	F	MATCH
EFI52015.1_G2L	0	241	232	D	MATCH
EFI52015.1_G2L	0	242	233	N	MATCH
EFI52015.1_G2L	0	243	234	A	MATCH
EFI52015.1_G2L	0	244	235	I	MATCH
EFI52015.1_G2L	0	245	236	R	MATCH
EFI52015.1_G2L	0	246	237	K	MATCH
EFI52015.1_G2L	0	247		-	DELETE
EFI52015.1_G2L	0	248		-	DELETE
EFI52015.1_G2L	0	249		-	DELETE
EFI52015.1_G2L	0	250		-	DELETE
EFI52015.1_G2L	0	251		-	DELETE
EFI52015.1_G2L	0	252		-	DELETE
EFI52015.1_G2L	0	253		-	DELETE
EFI52015.1_G2L	0	254		-	DELETE
EFI52015.1_G2L	0	255	238	R	MATCH
EFI52015.1_G2L	0	267	250	I	MATCH
EFI52015.1_G2L	0	268	251	L	MATCH
EFI52015.1_G2L	0	269	252	F	MATCH
EFI52015.1_G2L	0	270	253	F	MATCH
EFI52015.1_G2L	0	271	254	K	MATCH
EFI52015.1_G2L	0	272	255	S	MATCH
EFI52015.1_G2L	0	273	256	E	MATCH
EFI52015.1_G2L	0	274	257	A	MATCH
EFI52015.1_G2L	0	275	258	E	MATCH
EFI52015.1_G2L	0	276	259	M	MATCH
EFI52015.1_G2L	0	277	260	K	MATCH
EFI52015.1_G2L	0	278	261	E	MATCH
EFI52015.1_G2L	0	279	262	G	MATCH
EFI52015.1_G2L	0	280	263	E	MATCH
EFI52015.1_G2L	0	281	264	K	MATCH
EFI52015.1_G2L	0	282	265	F	MATCH
EFI52015.1_G2L	0	283	266	I	MATCH
EFI52015.1_G2L	0	284	267	R	MATCH
EFI52015.1_G2L	0	285	268	D	MATCH
EFI52015.1_G2L	0	286	269	Q	MATCH
EFI52015.1_G2L	0	287	270	L	MATCH
EFI52015.1_G2L	0	288	271	S	MATCH
EFI52015.1_G2L	0	289	272	K	MATCH
EFI52015.1_G2L	0	290	273	Y	MATCH
EFI52015.1_G2L	0	291	274	D	MATCH
EFI52015.1_G2L	0	292	275	L	MATCH
EFI52015.1_G2L	0	293	276	S	MATCH
EFI52015.1_G2L	0	294	277	I	MATCH
EFI52015.1_G2L	0	295	278	P	MATCH
EFI52015.1_G2L	0	296	280	D	MATCH
EFI52015.1_G2L	0	297	281	G	MATCH
EFI52015.1_G2L	0	299	283	T	MATCH
EFI52015.1_G2L	0	300	284	Q	MATCH
EFI52015.1_G2L	0	301	285	R	MATCH
EFI52015.1_G2L	0	302	286	I	MATCH
EFI52015.1_G2L	0	303	287	G	MATCH
EFI52015.1_G2L	0	304	288	P	MATCH
EFI52015.1_G2L	0	305	289	K	MATCH
EFI52015.1_G2L	0	306	290	G	MATCH
EFI52015.1_G2L	0	307	291	S	MATCH
EFI52015.1_G2L	0	309	293	D	MATCH
EFI52015.1_G2L	0	310	294	F	MATCH
EFI52015.1_G2L	0	311	295	L	MATCH
EFI52015.1_G2L	0	312	296	G	MATCH
EFI52015.1_G2L	0	313	297	R	MATCH
EFI52015.1_G2L	0	314	298	E	MATCH
EFI52015.1_G2L	0	315	299	I	MATCH
EFI52015.1_G2L	0	316	300	F	MATCH
EFI52015.1_G2L	0	317	301	H	MATCH
EHB91710.1_G2L	0	107	79	G	MATCH
EHB91710.1_G2L	0	108	80	R	MATCH
EHB91710.1_G2L	0	109	81	P	MATCH
EHB91710.1_G2L	0	110	82	L	MATCH
EHB91710.1_G2L	0	111	83	Q	MATCH
EHB91710.1_G2L	0	115	87	I	MATCH
EHB91710.1_G2L	0	116	88	Q	MATCH
EHB91710.1_G2L	0	117	89	D	MATCH
EHB91710.1_G2L	0	118	90	R	MATCH
EHB91710.1_G2L	0	119	91	L	MATCH
EHB91710.1_G2L	0	127	99	E	MATCH
EHB91710.1_G2L	0	128	100	L	MATCH
EHB91710.1_G2L	0	129	101	E	MATCH
EHB91710.1_G2L	0	130	102	S	MATCH
EHB91710.1_G2L	0	131	103	I	MATCH
EHB91710.1_G2L	0	132	104	F	MATCH
EHB91710.1_G2L	0	133	105	H	MATCH
EHB91710.1_G2L	0	134	106	E	MATCH
EHB91710.1_G2L	0	135	107	K	MATCH
EHB91710.1_G2L	0	136	108	L	MATCH
EHB91710.1_G2L	0	137	109	K	MATCH
EHB91710.1_G2L	0	138	110	A	MATCH
EHB91710.1_G2L	0	139	111	S	MATCH
EHB91710.1_G2L	0	140	115	S	MATCH
EHB91710.1_G2L	0	145	120	K	MATCH
EHB91710.1_G2L	0	146	121	D	MATCH
EHB91710.1_G2L	0	157	132	E	MATCH
EHB91710.1_G2L	0	158	133	S	MATCH
EHB91710.1_G2L	0	159	134	H	MATCH
EHB91710.1_G2L	0	160	135	Y	MATCH
EHB91710.1_G2L	0	161	136	K	MATCH
EHB91710.1_G2L	0	162	137	N	MATCH
EHB91710.1_G2L	0	163	138	G	MATCH
EHB91710.1_G2L	0	169	144	E	MATCH
EHB91710.1_G2L	0	170	145	S	MATCH
EHB91710.1_G2L	0	171	146	D	MATCH
EHB91710.1_G2L	0	172	147	L	MATCH
EHB91710.1_G2L	0	173	148	M	MATCH
EHB91710.1_G2L	0	174	149	D	MATCH
EHB91710.1_G2L	0	175	150	F	MATCH
EHB91710.1_G2L	0	176	151	F	MATCH
EHB91710.1_G2L	0	177	152	T	MATCH
EHB91710.1_G2L	0	178	153	S	MATCH
EHB91710.1_G2L	0	179	154	V	MATCH
EHB91710.1_G2L	0	180	155	D	MATCH
EHB91710.1_G2L	0	181	156	K	MATCH
EHB91710.1_G2L	0	182	157	N	MATCH
EHB91710.1_G2L	0	183	158	T	MATCH
EHB91710.1_G2L	0	184	159	L	MATCH
EHB91710.1_G2L	0	185	160	L	MATCH
EHB91710.1_G2L	0	186	161	N	MATCH
EHB91710.1_G2L	0	187	163	H	MATCH
EHB91710.1_G2L	0	188	164	I	MATCH
EHB91710.1_G2L	0	189	165	L	MATCH
EHB91710.1_G2L	0	190	166	P	MATCH
EHB91710.1_G2L	0	191	167	Y	MATCH
EHB91710.1_G2L	0	192	168	L	MATCH
EHB91710.1_G2L	0	193	169	P	MATCH
EHB91710.1_G2L	0	194	170	D	MATCH
EHB91710.1_G2L	0	195	171	E	MATCH
EHB91710.1_G2L	0	196	172	S	MATCH
EHB91710.1_G2L	0	197	173	I	MATCH
EHB91710.1_G2L	0	198	174	N	MATCH
EHB91710.1_G2L	0	199	175	D	MATCH
EHB91710.1_G2L	0	200	176	L	MATCH
EHB91710.1_G2L	0	201	177	L	MATCH
EHB91710.1_G2L	0	202	178	K	MATCH
EHB91710.1_G2L	0	203	179	D	MATCH
EHB91710.1_G2L	0	204	180	G	MATCH
EHB91710.1_G2L	0	205	181	L	MATCH
EHB91710.1_G2L	0	206	182	N	MATCH
EHB91710.1_G2L	0	207	183	Q	MATCH
EHB91710.1_G2L	0	208	184	G	MATCH
EHB91710.1_G2L	0	209	185	I	MATCH
EHB91710.1_G2L	0	210	186	G	MATCH
EHB91710.1_G2L	0	211	187	Q	MATCH
EHB91710.1_G2L	0	228	213	L	MATCH
EHB91710.1_G2L	0	229	214	S	MATCH
EHB91710.1_G2L	0	230	215	P	MATCH
EHB91710.1_G2L	0	231	216	L	MATCH
EHB91710.1_G2L	0	232	217	F	MATCH
EHB91710.1_G2L	0	236	221	Y	MATCH
EHB91710.1_G2L	0	237	222	L	MATCH
EHB91710.1_G2L	0	238	223	L	MATCH
EHB91710.1_G2L	0	239	224	P	MATCH
EHB91710.1_G2L	0	240	225	F	MATCH
EHB91710.1_G2L	0	241	226	D	MATCH
EHB91710.1_G2L	0	242	227	S	MATCH
EHB91710.1_G2L	0	243	228	S	MATCH
EHB91710.1_G2L	0	244	229	L	MATCH
EHB91710.1_G2L	0	245	230	K	MATCH
EHB91710.1_G2L	0	246	231	E	MATCH
EHB91710.1_G2L	0	247		-	DELETE
EHB91710.1_G2L	0	248		-	DELETE
EHB91710.1_G2L	0	249		-	DELETE
EHB91710.1_G2L	0	250		-	DELETE
EHB91710.1_G2L	0	251		-	DELETE
EHB91710.1_G2L	0	252		-	DELETE
EHB91710.1_G2L	0	253		-	DELETE
EHB91710.1_G2L	0	254		-	DELETE
EHB91710.1_G2L	0	255	232	K	MATCH
EHB91710.1_G2L	0	267	244	V	MATCH
EHB91710.1_G2L	0	268	245	V	MATCH
EHB91710.1_G2L	0	269	246	L	MATCH
EHB91710.1_G2L	0	270	247	A	MATCH
EHB91710.1_G2L	0	271	248	D	MATCH
EHB91710.1_G2L	0	272	249	S	MATCH
EHB91710.1_G2L	0	273	250	R	MATCH
EHB91710.1_G2L	0	274	251	K	MATCH
EHB91710.1_G2L	0	275	252	K	MATCH
EHB91710.1_G2L	0	276	253	C	MATCH
EHB91710.1_G2L	0	277	254	E	MATCH
EHB91710.1_G2L	0	278	255	Q	MATCH
EHB91710.1_G2L	0	279	256	A	MATCH
EHB91710.1_G2L	0	280	257	Y	MATCH
EHB91710.1_G2L	0	281	258	E	MATCH
EHB91710.1_G2L	0	282	259	D	MATCH
EHB91710.1_G2L	0	283	260	C	MATCH
EHB91710.1_G2L	0	284	261	R	MATCH
EHB91710.1_G2L	0	285	262	S	MATCH
EHB91710.1_G2L	0	286	263	I	MATCH
EHB91710.1_G2L	0	287	264	L	MATCH
EHB91710.1_G2L	0	288	267	D	MATCH
EHB91710.1_G2L	0	289	268	Q	MATCH
EHB91710.1_G2L	0	290	269	L	MATCH
EHB91710.1_G2L	0	291	270	K	MATCH
EHB91710.1_G2L	0	292	271	L	MATCH
EHB91710.1_G2L	0	293	272	S	MATCH
EHB91710.1_G2L	0	294	273	I	MATCH
EHB91710.1_G2L	0	295	274	H	MATCH
EHB91710.1_G2L	0	296	275	P	MATCH
EHB91710.1_G2L	0	297	285	I	MATCH
EHB91710.1_G2L	0	299	287	T	MATCH
EHB91710.1_G2L	0	300	288	K	MATCH
EHB91710.1_G2L	0	301	289	I	MATCH
EHB91710.1_G2L	0	302	290	F	MATCH
EHB91710.1_G2L	0	303	291	D	MATCH
EHB91710.1_G2L	0	304	292	I	MATCH
EHB91710.1_G2L	0	305	293	K	MATCH
EHB91710.1_G2L	0	306	294	E	MATCH
EHB91710.1_G2L	0	307	296	P	MATCH
EHB91710.1_G2L	0	309	298	H	MATCH
EHB91710.1_G2L	0	310	299	F	MATCH
EHB91710.1_G2L	0	311	300	L	MATCH
EHB91710.1_G2L	0	312	301	S	MATCH
EHB91710.1_G2L	0	313	302	I	MATCH
EHB91710.1_G2L	0	314	303	T	MATCH
EHB91710.1_G2L	0	315	304	F	MATCH
EHB91710.1_G2L	0	316	305	D	MATCH
EHB91710.1_G2L	0	317	306	G	MATCH
EKA88804.1_G2L	0	107	75	F	MATCH
EKA88804.1_G2L	0	108	76	R	MATCH
EKA88804.1_G2L	0	109	77	P	MATCH
EKA88804.1_G2L	0	110	78	L	MATCH
EKA88804.1_G2L	0	111	79	Q	MATCH
EKA88804.1_G2L	0	115	83	V	MATCH
EKA88804.1_G2L	0	116	84	S	MATCH
EKA88804.1_G2L	0	117	85	D	MATCH
EKA88804.1_G2L	0	118	86	R	MATCH
EKA88804.1_G2L	0	119	87	V	MATCH
EKA88804.1_G2L	0	127	95	E	MATCH
EKA88804.1_G2L	0	128	96	L	MATCH
EKA88804.1_G2L	0	129	97	E	MATCH
EKA88804.1_G2L	0	130	98	E	MATCH
EKA88804.1_G2L	0	131	99	H	MATCH
EKA88804.1_G2L	0	132	100	F	MATCH
EKA88804.1_G2L	0	133	101	K	MATCH
EKA88804.1_G2L	0	134	102	E	MATCH
EKA88804.1_G2L	0	135	103	L	MATCH
EKA88804.1_G2L	0	136	104	L	MATCH
EKA88804.1_G2L	0	137	105	E	MATCH
EKA88804.1_G2L	0	138	106	K	MATCH
EKA88804.1_G2L	0	139	107	S	MATCH
EKA88804.1_G2L	0	140	111	S	MATCH
EKA88804.1_G2L	0	145	116	K	MATCH
EKA88804.1_G2L	0	146	117	G	MATCH
EKA88804.1_G2L	0	157	128	N	MATCH
EKA88804.1_G2L	0	158	129	E	MATCH
EKA88804.1_G2L	0	159	130	Y	MATCH
EKA88804.1_G2L	0	160	131	C	MATCH
EKA88804.1_G2L	0	161	132	Q	MATCH
EKA88804.1_G2L	0	162	133	N	MATCH
EKA88804.1_G2L	0	163	134	G	MATCH
EKA88804.1_G2L	0	169	140	E	MATCH
EKA88804.1_G2L	0	170	141	A	MATCH
EKA88804.1_G2L	0	171	142	D	MATCH
EKA88804.1_G2L	0	172	143	L	MATCH
EKA88804.1_G2L	0	173	144	I	MATCH
EKA88804.1_G2L	0	174	145	N	MATCH
EKA88804.1_G2L	0	175	146	F	MATCH
EKA88804.1_G2L	0	176	147	F	MATCH
EKA88804.1_G2L	0	177	148	G	MATCH
EKA88804.1_G2L	0	178	149	T	MATCH
EKA88804.1_G2L	0	179	150	V	MATCH
EKA88804.1_G2L	0	180	151	D	MATCH
EKA88804.1_G2L	0	181	152	K	MATCH
EKA88804.1_G2L	0	182	153	D	MATCH
EKA88804.1_G2L	0	183	154	S	MATCH
EKA88804.1_G2L	0	184	155	L	MATCH
EKA88804.1_G2L	0	185	156	L	MATCH
EKA88804.1_G2L	0	186	157	N	MATCH
EKA88804.1_G2L	0	187	158	D	MATCH
EKA88804.1_G2L	0	188	159	V	MATCH
EKA88804.1_G2L	0	189	161	F	MATCH
EKA88804.1_G2L	0	190	162	K	MATCH
EKA88804.1_G2L	0	191	163	R	MATCH
EKA88804.1_G2L	0	192	164	L	MATCH
EKA88804.1_G2L	0	193	165	S	MATCH
EKA88804.1_G2L	0	194	166	D	MATCH
EKA88804.1_G2L	0	195	167	T	MATCH
EKA88804.1_G2L	0	196	168	T	MATCH
EKA88804.1_G2L	0	197	169	I	MATCH
EKA88804.1_G2L	0	198	170	N	MATCH
EKA88804.1_G2L	0	199	171	T	MATCH
EKA88804.1_G2L	0	200	172	L	MATCH
EKA88804.1_G2L	0	201	173	I	MATCH
EKA88804.1_G2L	0	202	174	Q	MATCH
EKA88804.1_G2L	0	203	175	Q	MATCH
EKA88804.1_G2L	0	204	176	A	MATCH
EKA88804.1_G2L	0	205	177	L	MATCH
EKA88804.1_G2L	0	206	178	N	MATCH
EKA88804.1_G2L	0	207	179	Q	MATCH
EKA88804.1_G2L	0	208	180	S	MATCH
EKA88804.1_G2L	0	209	181	I	MATCH
EKA88804.1_G2L	0	210	189	V	MATCH
EKA88804.1_G2L	0	211	190	E	MATCH
EKA88804.1_G2L	0	228	208	L	MATCH
EKA88804.1_G2L	0	229	209	S	MATCH
EKA88804.1_G2L	0	230	210	P	MATCH
EKA88804.1_G2L	0	231	211	L	MATCH
EKA88804.1_G2L	0	232	212	L	MATCH
EKA88804.1_G2L	0	236	216	F	MATCH
EKA88804.1_G2L	0	237	217	L	MATCH
EKA88804.1_G2L	0	238	218	S	MATCH
EKA88804.1_G2L	0	239	219	P	MATCH
EKA88804.1_G2L	0	240	220	F	MATCH
EKA88804.1_G2L	0	241	221	D	MATCH
EKA88804.1_G2L	0	242	222	L	MATCH
EKA88804.1_G2L	0	243	223	R	MATCH
EKA88804.1_G2L	0	244	224	L	MATCH
EKA88804.1_G2L	0	245	225	Q	MATCH
EKA88804.1_G2L	0	246	226	D	MATCH
EKA88804.1_G2L	0	247		-	DELETE
EKA88804.1_G2L	0	248		-	DELETE
EKA88804.1_G2L	0	249		-	DELETE
EKA88804.1_G2L	0	250		-	DELETE
EKA88804.1_G2L	0	251		-	DELETE
EKA88804.1_G2L	0	252		-	DELETE
EKA88804.1_G2L	0	253		-	DELETE
EKA88804.1_G2L	0	254		-	DELETE
EKA88804.1_G2L	0	255	227	K	MATCH
EKA88804.1_G2L	0	267	239	V	MATCH
EKA88804.1_G2L	0	268	240	I	MATCH
EKA88804.1_G2L	0	269	241	M	MATCH
EKA88804.1_G2L	0	270	242	C	MATCH
EKA88804.1_G2L	0	271	243	T	MATCH
EKA88804.1_G2L	0	272	244	S	MATCH
EKA88804.1_G2L	0	273	245	E	MATCH
EKA88804.1_G2L	0	274	246	K	MATCH
EKA88804.1_G2L	0	275	247	E	MATCH
EKA88804.1_G2L	0	276	248	C	MATCH
EKA88804.1_G2L	0	277	249	E	MATCH
EKA88804.1_G2L	0	278	250	E	MATCH
EKA88804.1_G2L	0	279	251	A	MATCH
EKA88804.1_G2L	0	280	252	Y	MATCH
EKA88804.1_G2L	0	281	253	I	MATCH
EKA88804.1_G2L	0	282	254	E	MATCH
EKA88804.1_G2L	0	283	255	C	MATCH
EKA88804.1_G2L	0	284	256	C	MATCH
EKA88804.1_G2L	0	285	257	T	MATCH
EKA88804.1_G2L	0	286	258	V	MATCH
EKA88804.1_G2L	0	287	259	L	MATCH
EKA88804.1_G2L	0	288	260	E	MATCH
EKA88804.1_G2L	0	289	261	E	MATCH
EKA88804.1_G2L	0	290	262	L	MATCH
EKA88804.1_G2L	0	291	263	N	MATCH
EKA88804.1_G2L	0	292	264	L	MATCH
EKA88804.1_G2L	0	293	265	N	MATCH
EKA88804.1_G2L	0	294	266	I	MATCH
EKA88804.1_G2L	0	295	267	H	MATCH
EKA88804.1_G2L	0	296	268	K	MATCH
EKA88804.1_G2L	0	297	273	G	MATCH
EKA88804.1_G2L	0	299	275	T	MATCH
EKA88804.1_G2L	0	300	276	R	MATCH
EKA88804.1_G2L	0	301	277	I	MATCH
EKA88804.1_G2L	0	302	278	V	MATCH
EKA88804.1_G2L	0	303	279	N	MATCH
EKA88804.1_G2L	0	304	280	F	MATCH
EKA88804.1_G2L	0	305	281	N	MATCH
EKA88804.1_G2L	0	306	282	K	MATCH
EKA88804.1_G2L	0	307	285	T	MATCH
EKA88804.1_G2L	0	309	287	D	MATCH
EKA88804.1_G2L	0	310	288	F	MATCH
EKA88804.1_G2L	0	311	289	L	MATCH
EKA88804.1_G2L	0	312	290	S	MATCH
EKA88804.1_G2L	0	313	291	V	MATCH
EKA88804.1_G2L	0	314	292	T	MATCH
EKA88804.1_G2L	0	315	293	F	MATCH
EKA88804.1_G2L	0	316	294	D	MATCH
EKA88804.1_G2L	0	317	295	G	MATCH
ETR70225.1_G2L	2	107	78	M	MATCH
ETR70225.1_G2L	2	108	79	L	MATCH
ETR70225.1_G2L	2	109	80	H	MATCH
ETR70225.1_G2L	2	110	81	L	MATCH
ETR70225.1_G2L	2	111	82	H	MATCH
ETR70225.1_G2L	2	115	86	V	MATCH
ETR70225.1_G2L	2	116	87	E	MATCH
ETR70225.1_G2L	2	117	88	D	MATCH
ETR70225.1_G2L	2	118	89	R	MATCH
ETR70225.1_G2L	2	119	90	I	MATCH
ETR70225.1_G2L	2	127	98	V	MATCH
ETR70225.1_G2L	2	128	99	L	MATCH
ETR70225.1_G2L	2	129	100	S	MATCH
ETR70225.1_G2L	2	130	101	P	MATCH
ETR70225.1_G2L	2	131	102	I	MATCH
ETR70225.1_G2L	2	132	103	F	MATCH
ETR70225.1_G2L	2	133	104	E	MATCH
ETR70225.1_G2L	2	134	105	R	MATCH
ETR70225.1_G2L	2	135	106	E	MATCH
ETR70225.1_G2L	2	136	107	F	MATCH
ETR70225.1_G2L	2	137	108	H	MATCH
ETR70225.1_G2L	2	138	109	D	MATCH
ETR70225.1_G2L	2	139	110	F	MATCH
ETR70225.1_G2L	2	140	111	S	MATCH
ETR70225.1_G2L	2	145	116	P	MATCH
ETR70225.1_G2L	2	146	117	K	MATCH
ETR70225.1_G2L	2	157	128	R	MATCH
ETR70225.1_G2L	2	158	129	K	MATCH
ETR70225.1_G2L	2	159	130	I	MATCH
ETR70225.1_G2L	2	160	131	Y	MATCH
ETR70225.1_G2L	2	161	132	S	MATCH
ETR70225.1_G2L	2	162	134	L	MATCH
ETR70225.1_G2L	2	163	135	I	MATCH
ETR70225.1_G2L	2	169	141	V	MATCH
ETR70225.1_G2L	2	170	142	A	MATCH
ETR70225.1_G2L	2	171	143	D	MATCH
ETR70225.1_G2L	2	172	144	I	MATCH
ETR70225.1_G2L	2	173	145	R	MATCH
ETR70225.1_G2L	2	174	146	K	MATCH
ETR70225.1_G2L	2	175	147	L	MATCH
ETR70225.1_G2L	2	176	148	S	MATCH
ETR70225.1_G2L	2	177	149	A	MATCH
ETR70225.1_G2L	2	178	150	S	MATCH
ETR70225.1_G2L	2	179	151	I	MATCH
ETR70225.1_G2L	2	180	152	N	MATCH
ETR70225.1_G2L	2	181	153	R	MATCH
ETR70225.1_G2L	2	182	154	R	MATCH
ETR70225.1_G2L	2	183	155	R	MATCH
ETR70225.1_G2L	2	184	156	L	MATCH
ETR70225.1_G2L	2	185	157	K	MATCH
ETR70225.1_G2L	2	186	158	R	MATCH
ETR70225.1_G2L	2	187	159	L	MATCH
ETR70225.1_G2L	2	188	160	F	MATCH
ETR70225.1_G2L	2	189	161	C	MATCH
ETR70225.1_G2L	2	190	162	L	MATCH
ETR70225.1_G2L	2	191	163	R	MATCH
ETR70225.1_G2L	2	192	164	I	MATCH
ETR70225.1_G2L	2	193	165	A	MATCH
ETR70225.1_G2L	2	194	166	D	MATCH
ETR70225.1_G2L	2	195	167	S	MATCH
ETR70225.1_G2L	2	196	168	K	MATCH
ETR70225.1_G2L	2	197	169	L	MATCH
ETR70225.1_G2L	2	198	170	I	MATCH
ETR70225.1_G2L	2	199	171	R	MATCH
ETR70225.1_G2L	2	200	172	L	MATCH
ETR70225.1_G2L	2	201	173	I	MATCH
ETR70225.1_G2L	2	202	174	E	MATCH
ETR70225.1_G2L	2	203	175	Q	MATCH
ETR70225.1_G2L	2	204	176	A	MATCH
ETR70225.1_G2L	2	205	177	I	MATCH
ETR70225.1_G2L	2	206	178	F	MATCH
ETR70225.1_G2L	2	207	179	S	MATCH
ETR70225.1_G2L	2	208		-	DELETE
ETR70225.1_G2L	2	209		-	DELETE
ETR70225.1_G2L	2	210		-	DELETE
ETR70225.1_G2L	2	211		-	DELETE
ETR70225.1_G2L	2	228	191	L	MATCH
ETR70225.1_G2L	2	229	192	S	MATCH
ETR70225.1_G2L	2	230	193	P	MATCH
ETR70225.1_G2L	2	231	194	L	MATCH
ETR70225.1_G2L	2	232	195	M	MATCH
ETR70225.1_G2L	2	236	199	Y	MATCH
ETR70225.1_G2L	2	237	200	L	MATCH
ETR70225.1_G2L	2	238	201	H	MATCH
ETR70225.1_G2L	2	239	202	E	MATCH
ETR70225.1_G2L	2	240	203	I	MATCH
ETR70225.1_G2L	2	241	204	D	MATCH
ETR70225.1_G2L	2	242	205	K	MATCH
ETR70225.1_G2L	2	243	206	I	MATCH
ETR70225.1_G2L	2	244	207	L	MATCH
ETR70225.1_G2L	2	245	208	N	MATCH
ETR70225.1_G2L	2	246	209	N	MATCH
ETR70225.1_G2L	2	247		-	DELETE
ETR70225.1_G2L	2	248		-	DELETE
ETR70225.1_G2L	2	249		-	DELETE
ETR70225.1_G2L	2	250		-	DELETE
ETR70225.1_G2L	2	251		-	DELETE
ETR70225.1_G2L	2	252		-	DELETE
ETR70225.1_G2L	2	253		-	DELETE
ETR70225.1_G2L	2	254		-	DELETE
ETR70225.1_G2L	2	255		-	DELETE
ETR70225.1_G2L	2	267	221	M	MATCH
ETR70225.1_G2L	2	268	222	T	MATCH
ETR70225.1_G2L	2	269	223	F	MATCH
ETR70225.1_G2L	2	270	224	S	MATCH
ETR70225.1_G2L	2	271	225	K	MATCH
ETR70225.1_G2L	2	272	226	S	MATCH
ETR70225.1_G2L	2	273	227	Q	MATCH
ETR70225.1_G2L	2	274	228	S	MATCH
ETR70225.1_G2L	2	275	229	N	MATCH
ETR70225.1_G2L	2	276	230	A	MATCH
ETR70225.1_G2L	2	277	231	L	MATCH
ETR70225.1_G2L	2	278	232	N	MATCH
ETR70225.1_G2L	2	279	233	N	MATCH
ETR70225.1_G2L	2	280	234	L	MATCH
ETR70225.1_G2L	2	281	235	R	MATCH
ETR70225.1_G2L	2	282	236	E	MATCH
ETR70225.1_G2L	2	283	237	I	MATCH
ETR70225.1_G2L	2	284	238	N	MATCH
ETR70225.1_G2L	2	285	239	V	MATCH
ETR70225.1_G2L	2	286	240	A	MATCH
ETR70225.1_G2L	2	287	241	T	MATCH
ETR70225.1_G2L	2	288	242	N	MATCH
ETR70225.1_G2L	2	289	243	C	MATCH
ETR70225.1_G2L	2	290	244	V	MATCH
ETR70225.1_G2L	2	291	245	E	MATCH
ETR70225.1_G2L	2	292	246	L	MATCH
ETR70225.1_G2L	2	293	247	E	MATCH
ETR70225.1_G2L	2	294	248	L	MATCH
ETR70225.1_G2L	2	295	249	N	MATCH
ETR70225.1_G2L	2	296	250	K	MATCH
ETR70225.1_G2L	2	297	251	E	MATCH
ETR70225.1_G2L	2	299	253	Q	MATCH
ETR70225.1_G2L	2	300	254	K	MATCH
ETR70225.1_G2L	2	301	255	F	MATCH
ETR70225.1_G2L	2	302	256	Y	MATCH
ETR70225.1_G2L	2	303		-	DELETE
ETR70225.1_G2L	2	304		-	DELETE
ETR70225.1_G2L	2	305		-	DELETE
ETR70225.1_G2L	2	306		-	DELETE
ETR70225.1_G2L	2	307		-	DELETE
ETR70225.1_G2L	2	309		-	DELETE
ETR70225.1_G2L	2	310		-	DELETE
ETR70225.1_G2L	2	311		-	DELETE
ETR70225.1_G2L	2	312		-	DELETE
ETR70225.1_G2L	2	313		-	DELETE
ETR70225.1_G2L	2	314		-	DELETE
ETR70225.1_G2L	2	315		-	DELETE
ETR70225.1_G2L	2	316		-	DELETE
ETR70225.1_G2L	2	317		-	DELETE
KOY81891.1_G2L	0	107	98	I	MATCH
KOY81891.1_G2L	0	108	99	R	MATCH
KOY81891.1_G2L	0	109	100	K	MATCH
KOY81891.1_G2L	0	110	101	L	MATCH
KOY81891.1_G2L	0	111	102	S	MATCH
KOY81891.1_G2L	0	115	106	I	MATCH
KOY81891.1_G2L	0	116	107	R	MATCH
KOY81891.1_G2L	0	117	108	D	MATCH
KOY81891.1_G2L	0	118	109	V	MATCH
KOY81891.1_G2L	0	119	110	I	MATCH
KOY81891.1_G2L	0	127	118	Y	MATCH
KOY81891.1_G2L	0	128	119	L	MATCH
KOY81891.1_G2L	0	129	120	S	MATCH
KOY81891.1_G2L	0	130	121	P	MATCH
KOY81891.1_G2L	0	131	122	F	MATCH
KOY81891.1_G2L	0	132	123	T	MATCH
KOY81891.1_G2L	0	133	124	E	MATCH
KOY81891.1_G2L	0	134	125	E	MATCH
KOY81891.1_G2L	0	135	126	K	MATCH
KOY81891.1_G2L	0	136	127	F	MATCH
KOY81891.1_G2L	0	137	128	T	MATCH
KOY81891.1_G2L	0	138	129	E	MATCH
KOY81891.1_G2L	0	139	133	V	MATCH
KOY81891.1_G2L	0	140	134	S	MATCH
KOY81891.1_G2L	0	145	139	K	MATCH
KOY81891.1_G2L	0	146	140	N	MATCH
KOY81891.1_G2L	0	157	151	F	MATCH
KOY81891.1_G2L	0	158	152	N	MATCH
KOY81891.1_G2L	0	159	153	D	MATCH
KOY81891.1_G2L	0	160	154	L	MATCH
KOY81891.1_G2L	0	161	155	N	MATCH
KOY81891.1_G2L	0	162	156	D	MATCH
KOY81891.1_G2L	0	163	157	Q	MATCH
KOY81891.1_G2L	0	169	163	D	MATCH
KOY81891.1_G2L	0	170	164	A	MATCH
KOY81891.1_G2L	0	171	165	D	MATCH
KOY81891.1_G2L	0	172	166	L	MATCH
KOY81891.1_G2L	0	173	167	K	MATCH
KOY81891.1_G2L	0	174	168	G	MATCH
KOY81891.1_G2L	0	175	169	F	MATCH
KOY81891.1_G2L	0	176	170	F	MATCH
KOY81891.1_G2L	0	177	171	D	MATCH
KOY81891.1_G2L	0	178	172	T	MATCH
KOY81891.1_G2L	0	179	173	I	MATCH
KOY81891.1_G2L	0	180	174	P	MATCH
KOY81891.1_G2L	0	181	175	H	MATCH
KOY81891.1_G2L	0	182	176	D	MATCH
KOY81891.1_G2L	0	183	177	K	MATCH
KOY81891.1_G2L	0	184	178	L	MATCH
KOY81891.1_G2L	0	185	179	F	MATCH
KOY81891.1_G2L	0	186	180	K	MATCH
KOY81891.1_G2L	0	187	181	Q	MATCH
KOY81891.1_G2L	0	188	182	V	MATCH
KOY81891.1_G2L	0	189	183	L	MATCH
KOY81891.1_G2L	0	190	184	T	MATCH
KOY81891.1_G2L	0	191	185	F	MATCH
KOY81891.1_G2L	0	192	186	F	MATCH
KOY81891.1_G2L	0	193	187	K	MATCH
KOY81891.1_G2L	0	194	188	D	MATCH
KOY81891.1_G2L	0	195	190	P	MATCH
KOY81891.1_G2L	0	196	191	E	MATCH
KOY81891.1_G2L	0	197	192	T	MATCH
KOY81891.1_G2L	0	198	193	H	MATCH
KOY81891.1_G2L	0	199	194	K	MATCH
KOY81891.1_G2L	0	200	195	L	MATCH
KOY81891.1_G2L	0	201	196	L	MATCH
KOY81891.1_G2L	0	202	197	Y	MATCH
KOY81891.1_G2L	0	203	198	R	MATCH
KOY81891.1_G2L	0	204	199	F	MATCH
KOY81891.1_G2L	0	205	200	I	MATCH
KOY81891.1_G2L	0	206	201	H	MATCH
KOY81891.1_G2L	0	207	202	I	MATCH
KOY81891.1_G2L	0	208	203	D	MATCH
KOY81891.1_G2L	0	209	204	I	MATCH
KOY81891.1_G2L	0	210	205	G	MATCH
KOY81891.1_G2L	0	211	206	Y	MATCH
KOY81891.1_G2L	0	228	229	I	MATCH
KOY81891.1_G2L	0	229	230	S	MATCH
KOY81891.1_G2L	0	230	231	G	MATCH
KOY81891.1_G2L	0	231	232	M	MATCH
KOY81891.1_G2L	0	232	233	L	MATCH
KOY81891.1_G2L	0	236	237	Y	MATCH
KOY81891.1_G2L	0	237	238	L	MATCH
KOY81891.1_G2L	0	238	239	H	MATCH
KOY81891.1_G2L	0	239	240	Q	MATCH
KOY81891.1_G2L	0	240	241	F	MATCH
KOY81891.1_G2L	0	241	242	D	MATCH
KOY81891.1_G2L	0	242	243	F	MATCH
KOY81891.1_G2L	0	243	244	W	MATCH
KOY81891.1_G2L	0	244	245	I	MATCH
KOY81891.1_G2L	0	245	246	M	MATCH
KOY81891.1_G2L	0	246	247	T	MATCH
KOY81891.1_G2L	0	247	248	V	MATCH
KOY81891.1_G2L	0	248		-	DELETE
KOY81891.1_G2L	0	249		-	DELETE
KOY81891.1_G2L	0	250		-	DELETE
KOY81891.1_G2L	0	251	249	L	MATCH
KOY81891.1_G2L	0	252	250	K	MATCH
KOY81891.1_G2L	0	253	251	A	MATCH
KOY81891.1_G2L	0	254	252	K	MATCH
KOY81891.1_G2L	0	255	253	Y	MATCH
KOY81891.1_G2L	0	267	265	I	MATCH
KOY81891.1_G2L	0	268	266	I	MATCH
KOY81891.1_G2L	0	269	267	L	MATCH
KOY81891.1_G2L	0	270	268	A	MATCH
KOY81891.1_G2L	0	271	269	K	MATCH
KOY81891.1_G2L	0	272	270	N	MATCH
KOY81891.1_G2L	0	273	271	N	MATCH
KOY81891.1_G2L	0	274	272	D	MATCH
KOY81891.1_G2L	0	275	273	S	MATCH
KOY81891.1_G2L	0	276	274	I	MATCH
KOY81891.1_G2L	0	277	275	T	MATCH
KOY81891.1_G2L	0	278	276	N	MATCH
KOY81891.1_G2L	0	279	277	I	MATCH
KOY81891.1_G2L	0	280	278	Q	MATCH
KOY81891.1_G2L	0	281	279	E	MATCH
KOY81891.1_G2L	0	282	280	E	MATCH
KOY81891.1_G2L	0	283	281	C	MATCH
KOY81891.1_G2L	0	284	282	K	MATCH
KOY81891.1_G2L	0	285	283	E	MATCH
KOY81891.1_G2L	0	286	284	F	MATCH
KOY81891.1_G2L	0	287	285	L	MATCH
KOY81891.1_G2L	0	288	286	E	MATCH
KOY81891.1_G2L	0	289	287	N	MATCH
KOY81891.1_G2L	0	290	288	I	MATCH
KOY81891.1_G2L	0	291	289	G	MATCH
KOY81891.1_G2L	0	292	290	L	MATCH
KOY81891.1_G2L	0	293	291	V	MATCH
KOY81891.1_G2L	0	294	292	L	MATCH
KOY81891.1_G2L	0	295	293	H	MATCH
KOY81891.1_G2L	0	296	294	P	MATCH
KOY81891.1_G2L	0	297	297	Q	MATCH
KOY81891.1_G2L	0	299	299	T	MATCH
KOY81891.1_G2L	0	300	300	K	MATCH
KOY81891.1_G2L	0	301	301	I	MATCH
KOY81891.1_G2L	0	302	302	C	MATCH
KOY81891.1_G2L	0	303	303	T	MATCH
KOY81891.1_G2L	0	304	304	L	MATCH
KOY81891.1_G2L	0	305	305	T	MATCH
KOY81891.1_G2L	0	306	306	N	MATCH
KOY81891.1_G2L	0	307	309	S	MATCH
KOY81891.1_G2L	0	309	311	D	MATCH
KOY81891.1_G2L	0	310	312	F	MATCH
KOY81891.1_G2L	0	311	313	V	MATCH
KOY81891.1_G2L	0	312	314	G	MATCH
KOY81891.1_G2L	0	313	315	F	MATCH
KOY81891.1_G2L	0	314	316	K	MATCH
KOY81891.1_G2L	0	315	317	I	MATCH
KOY81891.1_G2L	0	316	318	S	MATCH
KOY81891.1_G2L	0	317	319	Q	MATCH
KRD11792.1_G2L	0	107	77	F	MATCH
KRD11792.1_G2L	0	108	78	R	MATCH
KRD11792.1_G2L	0	109	79	P	MATCH
KRD11792.1_G2L	0	110	80	L	MATCH
KRD11792.1_G2L	0	111	81	Q	MATCH
KRD11792.1_G2L	0	115	85	V	MATCH
KRD11792.1_G2L	0	116	86	S	MATCH
KRD11792.1_G2L	0	117	87	D	MATCH
KRD11792.1_G2L	0	118	88	R	MATCH
KRD11792.1_G2L	0	119	89	I	MATCH
KRD11792.1_G2L	0	127	97	E	MATCH
KRD11792.1_G2L	0	128	98	L	MATCH
KRD11792.1_G2L	0	129	99	E	MATCH
KRD11792.1_G2L	0	130	100	N	MATCH
KRD11792.1_G2L	0	131	101	L	MATCH
KRD11792.1_G2L	0	132	102	F	MATCH
KRD11792.1_G2L	0	133	103	K	MATCH
KRD11792.1_G2L	0	134	104	N	MATCH
KRD11792.1_G2L	0	135	105	V	MATCH
KRD11792.1_G2L	0	136	106	I	MATCH
KRD11792.1_G2L	0	137	107	E	MATCH
KRD11792.1_G2L	0	138	108	K	MATCH
KRD11792.1_G2L	0	139	112	Y	MATCH
KRD11792.1_G2L	0	140	113	S	MATCH
KRD11792.1_G2L	0	145	118	K	MATCH
KRD11792.1_G2L	0	146	119	K	MATCH
KRD11792.1_G2L	0	157	130	I	MATCH
KRD11792.1_G2L	0	158	131	E	MATCH
KRD11792.1_G2L	0	159	132	H	MATCH
KRD11792.1_G2L	0	160	133	Y	MATCH
KRD11792.1_G2L	0	161	134	R	MATCH
KRD11792.1_G2L	0	162	135	N	MATCH
KRD11792.1_G2L	0	163	136	G	MATCH
KRD11792.1_G2L	0	169	142	E	MATCH
KRD11792.1_G2L	0	170	143	A	MATCH
KRD11792.1_G2L	0	171	144	D	MATCH
KRD11792.1_G2L	0	172	145	L	MATCH
KRD11792.1_G2L	0	173	146	I	MATCH
KRD11792.1_G2L	0	174	147	N	MATCH
KRD11792.1_G2L	0	175	148	F	MATCH
KRD11792.1_G2L	0	176	149	F	MATCH
KRD11792.1_G2L	0	177	150	G	MATCH
KRD11792.1_G2L	0	178	151	T	MATCH
KRD11792.1_G2L	0	179	152	V	MATCH
KRD11792.1_G2L	0	180	153	N	MATCH
KRD11792.1_G2L	0	181	154	K	MATCH
KRD11792.1_G2L	0	182	155	E	MATCH
KRD11792.1_G2L	0	183	156	D	MATCH
KRD11792.1_G2L	0	184	157	L	MATCH
KRD11792.1_G2L	0	185	158	L	MATCH
KRD11792.1_G2L	0	186	159	S	MATCH
KRD11792.1_G2L	0	187	160	N	MATCH
KRD11792.1_G2L	0	188	161	F	MATCH
KRD11792.1_G2L	0	189	163	Y	MATCH
KRD11792.1_G2L	0	190	164	P	MATCH
KRD11792.1_G2L	0	191	165	K	MATCH
KRD11792.1_G2L	0	192	166	L	MATCH
KRD11792.1_G2L	0	193	167	Q	MATCH
KRD11792.1_G2L	0	194	168	D	MATCH
KRD11792.1_G2L	0	195	169	E	MATCH
KRD11792.1_G2L	0	196	170	S	MATCH
KRD11792.1_G2L	0	197	171	I	MATCH
KRD11792.1_G2L	0	198	172	N	MATCH
KRD11792.1_G2L	0	199	173	K	MATCH
KRD11792.1_G2L	0	200	174	L	MATCH
KRD11792.1_G2L	0	201	175	L	MATCH
KRD11792.1_G2L	0	202	176	E	MATCH
KRD11792.1_G2L	0	203	177	K	MATCH
KRD11792.1_G2L	0	204	178	A	MATCH
KRD11792.1_G2L	0	205	179	L	MATCH
KRD11792.1_G2L	0	206	180	N	MATCH
KRD11792.1_G2L	0	207	181	Q	MATCH
KRD11792.1_G2L	0	208	182	E	MATCH
KRD11792.1_G2L	0	209	183	L	MATCH
KRD11792.1_G2L	0	210	184	K	MATCH
KRD11792.1_G2L	0	211	193	E	MATCH
KRD11792.1_G2L	0	228	210	L	MATCH
KRD11792.1_G2L	0	229	211	S	MATCH
KRD11792.1_G2L	0	230	212	P	MATCH
KRD11792.1_G2L	0	231	213	L	MATCH
KRD11792.1_G2L	0	232	214	L	MATCH
KRD11792.1_G2L	0	236	218	F	MATCH
KRD11792.1_G2L	0	237	219	L	MATCH
KRD11792.1_G2L	0	238	220	S	MATCH
KRD11792.1_G2L	0	239	221	P	MATCH
KRD11792.1_G2L	0	240	222	F	MATCH
KRD11792.1_G2L	0	241	223	D	MATCH
KRD11792.1_G2L	0	242	224	Q	MATCH
KRD11792.1_G2L	0	243	225	F	MATCH
KRD11792.1_G2L	0	244	226	L	MATCH
KRD11792.1_G2L	0	245	227	V	MATCH
KRD11792.1_G2L	0	246	228	K	MATCH
KRD11792.1_G2L	0	247		-	DELETE
KRD11792.1_G2L	0	248		-	DELETE
KRD11792.1_G2L	0	249		-	DELETE
KRD11792.1_G2L	0	250		-	DELETE
KRD11792.1_G2L	0	251		-	DELETE
KRD11792.1_G2L	0	252		-	DELETE
KRD11792.1_G2L	0	253		-	DELETE
KRD11792.1_G2L	0	254		-	DELETE
KRD11792.1_G2L	0	255	229	K	MATCH
KRD11792.1_G2L	0	267	241	V	MATCH
KRD11792.1_G2L	0	268	242	I	MATCH
KRD11792.1_G2L	0	269	243	L	MATCH
KRD11792.1_G2L	0	270	244	C	MATCH
KRD11792.1_G2L	0	271	245	K	MATCH
KRD11792.1_G2L	0	272	246	T	MATCH
KRD11792.1_G2L	0	273	247	K	MATCH
KRD11792.1_G2L	0	274	248	E	MATCH
KRD11792.1_G2L	0	275	249	Q	MATCH
KRD11792.1_G2L	0	276	250	C	MATCH
KRD11792.1_G2L	0	277	251	E	MATCH
KRD11792.1_G2L	0	278	252	Q	MATCH
KRD11792.1_G2L	0	279	253	A	MATCH
KRD11792.1_G2L	0	280	254	Y	MATCH
KRD11792.1_G2L	0	281	255	L	MATCH
KRD11792.1_G2L	0	282	256	D	MATCH
KRD11792.1_G2L	0	283	257	C	MATCH
KRD11792.1_G2L	0	284	258	C	MATCH
KRD11792.1_G2L	0	285	259	E	MATCH
KRD11792.1_G2L	0	286	260	I	MATCH
KRD11792.1_G2L	0	287	261	L	MATCH
KRD11792.1_G2L	0	288	262	K	MATCH
KRD11792.1_G2L	0	289	263	E	MATCH
KRD11792.1_G2L	0	290	264	L	MATCH
KRD11792.1_G2L	0	291	265	K	MATCH
KRD11792.1_G2L	0	292	266	L	MATCH
KRD11792.1_G2L	0	293	267	D	MATCH
KRD11792.1_G2L	0	294	268	I	MATCH
KRD11792.1_G2L	0	295	269	H	MATCH
KRD11792.1_G2L	0	296	270	S	MATCH
KRD11792.1_G2L	0	297	275	E	MATCH
KRD11792.1_G2L	0	299	277	T	MATCH
KRD11792.1_G2L	0	300	278	K	MATCH
KRD11792.1_G2L	0	301	279	I	MATCH
KRD11792.1_G2L	0	302	280	I	MATCH
KRD11792.1_G2L	0	303	281	K	MATCH
KRD11792.1_G2L	0	304	282	I	MATCH
KRD11792.1_G2L	0	305	283	D	MATCH
KRD11792.1_G2L	0	306	284	V	MATCH
KRD11792.1_G2L	0	307	286	S	MATCH
KRD11792.1_G2L	0	309	288	T	MATCH
KRD11792.1_G2L	0	310	289	F	MATCH
KRD11792.1_G2L	0	311	290	L	MATCH
KRD11792.1_G2L	0	312	291	S	MATCH
KRD11792.1_G2L	0	313	292	V	MATCH
KRD11792.1_G2L	0	314	293	T	MATCH
KRD11792.1_G2L	0	315	294	F	MATCH
KRD11792.1_G2L	0	316	295	D	MATCH
KRD11792.1_G2L	0	317	296	G	MATCH
NP_811761.1_G2L	3	107		-	DELETE
NP_811761.1_G2L	3	108		-	DELETE
NP_811761.1_G2L	3	109		-	DELETE
NP_811761.1_G2L	3	110		-	DELETE
NP_811761.1_G2L	3	111		-	DELETE
NP_811761.1_G2L	3	115		-	DELETE
NP_811761.1_G2L	3	116		-	DELETE
NP_811761.1_G2L	3	117		-	DELETE
NP_811761.1_G2L	3	118		-	DELETE
NP_811761.1_G2L	3	119		-	DELETE
NP_811761.1_G2L	3	127		-	DELETE
NP_811761.1_G2L	3	128		-	DELETE
NP_811761.1_G2L	3	129		-	DELETE
NP_811761.1_G2L	3	130		-	DELETE
NP_811761.1_G2L	3	131		-	DELETE
NP_811761.1_G2L	3	132		-	DELETE
NP_811761.1_G2L	3	133		-	DELETE
NP_811761.1_G2L	3	134		-	DELETE
NP_811761.1_G2L	3	135		-	DELETE
NP_811761.1_G2L	3	136		-	DELETE
NP_811761.1_G2L	3	137		-	DELETE
NP_811761.1_G2L	3	138		-	DELETE
NP_811761.1_G2L	3	139		-	DELETE
NP_811761.1_G2L	3	140		-	DELETE
NP_811761.1_G2L	3	145		-	DELETE
NP_811761.1_G2L	3	146		-	DELETE
NP_811761.1_G2L	3	157		-	DELETE
NP_811761.1_G2L	3	158		-	DELETE
NP_811761.1_G2L	3	159		-	DELETE
NP_811761.1_G2L	3	160		-	DELETE
NP_811761.1_G2L	3	161		-	DELETE
NP_811761.1_G2L	3	162		-	DELETE
NP_811761.1_G2L	3	163		-	DELETE
NP_811761.1_G2L	3	169		-	DELETE
NP_811761.1_G2L	3	170		-	DELETE
NP_811761.1_G2L	3	171		-	DELETE
NP_811761.1_G2L	3	172		-	DELETE
NP_811761.1_G2L	3	173		-	DELETE
NP_811761.1_G2L	3	174		-	DELETE
NP_811761.1_G2L	3	175		-	DELETE
NP_811761.1_G2L	3	176		-	DELETE
NP_811761.1_G2L	3	177		-	DELETE
NP_811761.1_G2L	3	178		-	DELETE
NP_811761.1_G2L	3	179		-	DELETE
NP_811761.1_G2L	3	180		-	DELETE
NP_811761.1_G2L	3	181		-	DELETE
NP_811761.1_G2L	3	182		-	DELETE
NP_811761.1_G2L	3	183		-	DELETE
NP_811761.1_G2L	3	184		-	DELETE
NP_811761.1_G2L	3	185		-	DELETE
NP_811761.1_G2L	3	186		-	DELETE
NP_811761.1_G2L	3	187		-	DELETE
NP_811761.1_G2L	3	188		-	DELETE
NP_811761.1_G2L	3	189		-	DELETE
NP_811761.1_G2L	3	190		-	DELETE
NP_811761.1_G2L	3	191		-	DELETE
NP_811761.1_G2L	3	192		-	DELETE
NP_811761.1_G2L	3	193		-	DELETE
NP_811761.1_G2L	3	194		-	DELETE
NP_811761.1_G2L	3	195		-	DELETE
NP_811761.1_G2L	3	196		-	DELETE
NP_811761.1_G2L	3	197		-	DELETE
NP_811761.1_G2L	3	198		-	DELETE
NP_811761.1_G2L	3	199		-	DELETE
NP_811761.1_G2L	3	200		-	DELETE
NP_811761.1_G2L	3	201		-	DELETE
NP_811761.1_G2L	3	202		-	DELETE
NP_811761.1_G2L	3	203		-	DELETE
NP_811761.1_G2L	3	204		-	DELETE
NP_811761.1_G2L	3	205		-	DELETE
NP_811761.1_G2L	3	206		-	DELETE
NP_811761.1_G2L	3	207		-	DELETE
NP_811761.1_G2L	3	208		-	DELETE
NP_811761.1_G2L	3	209		-	DELETE
NP_811761.1_G2L	3	210		-	DELETE
NP_811761.1_G2L	3	211		-	DELETE
NP_811761.1_G2L	3	228		-	DELETE
NP_811761.1_G2L	3	229		-	DELETE
NP_811761.1_G2L	3	230		-	DELETE
NP_811761.1_G2L	3	231		-	DELETE
NP_811761.1_G2L	3	232		-	DELETE
NP_811761.1_G2L	3	236		-	DELETE
NP_811761.1_G2L	3	237		-	DELETE
NP_811761.1_G2L	3	238		-	DELETE
NP_811761.1_G2L	3	239		-	DELETE
NP_811761.1_G2L	3	240		-	DELETE
NP_811761.1_G2L	3	241		-	DELETE
NP_811761.1_G2L	3	242		-	DELETE
NP_811761.1_G2L	3	243		-	DELETE
NP_811761.1_G2L	3	244		-	DELETE
NP_811761.1_G2L	3	245		-	DELETE
NP_811761.1_G2L	3	246		-	DELETE
NP_811761.1_G2L	3	247		-	DELETE
NP_811761.1_G2L	3	248		-	DELETE
NP_811761.1_G2L	3	249		-	DELETE
NP_811761.1_G2L	3	250		-	DELETE
NP_811761.1_G2L	3	251		-	DELETE
NP_811761.1_G2L	3	252		-	DELETE
NP_811761.1_G2L	3	253		-	DELETE
NP_811761.1_G2L	3	254		-	DELETE
NP_811761.1_G2L	3	255		-	DELETE
NP_811761.1_G2L	3	267		-	DELETE
NP_811761.1_G2L	3	268		-	DELETE
NP_811761.1_G2L	3	269		-	DELETE
NP_811761.1_G2L	3	270		-	DELETE
NP_811761.1_G2L	3	271		-	DELETE
NP_811761.1_G2L	3	272		-	DELETE
NP_811761.1_G2L	3	273		-	DELETE
NP_811761.1_G2L	3	274		-	DELETE
NP_811761.1_G2L	3	275		-	DELETE
NP_811761.1_G2L	3	276		-	DELETE
NP_811761.1_G2L	3	277		-	DELETE
NP_811761.1_G2L	3	278		-	DELETE
NP_811761.1_G2L	3	279		-	DELETE
NP_811761.1_G2L	3	280		-	DELETE
NP_811761.1_G2L	3	281		-	DELETE
NP_811761.1_G2L	3	282		-	DELETE
NP_811761.1_G2L	3	283		-	DELETE
NP_811761.1_G2L	3	284		-	DELETE
NP_811761.1_G2L	3	285		-	DELETE
NP_811761.1_G2L	3	286		-	DELETE
NP_811761.1_G2L	3	287		-	DELETE
NP_811761.1_G2L	3	288		-	DELETE
NP_811761.1_G2L	3	289		-	DELETE
NP_811761.1_G2L	3	290		-	DELETE
NP_811761.1_G2L	3	291		-	DELETE
NP_811761.1_G2L	3	292		-	DELETE
NP_811761.1_G2L	3	293		-	DELETE
NP_811761.1_G2L	3	294		-	DELETE
NP_811761.1_G2L	3	295		-	DELETE
NP_811761.1_G2L	3	296		-	DELETE
NP_811761.1_G2L	3	297		-	DELETE
NP_811761.1_G2L	3	299		-	DELETE
NP_811761.1_G2L	3	300		-	DELETE
NP_811761.1_G2L	3	301		-	DELETE
NP_811761.1_G2L	3	302		-	DELETE
NP_811761.1_G2L	3	303		-	DELETE
NP_811761.1_G2L	3	304		-	DELETE
NP_811761.1_G2L	3	305		-	DELETE
NP_811761.1_G2L	3	306		-	DELETE
NP_811761.1_G2L	3	307		-	DELETE
NP_811761.1_G2L	3	309		-	DELETE
NP_811761.1_G2L	3	310		-	DELETE
NP_811761.1_G2L	3	311		-	DELETE
NP_811761.1_G2L	3	312		-	DELETE
NP_811761.1_G2L	3	313		-	DELETE
NP_811761.1_G2L	3	314		-	DELETE
NP_811761.1_G2L	3	315		-	DELETE
NP_811761.1_G2L	3	316		-	DELETE
NP_811761.1_G2L	3	317		-	DELETE
OGW91992.1_G2L	0	107	71	P	MATCH
OGW91992.1_G2L	0	108	72	R	MATCH
OGW91992.1_G2L	0	109	73	P	MATCH
OGW91992.1_G2L	0	110	74	L	MATCH
OGW91992.1_G2L	0	111	75	K	MATCH
OGW91992.1_G2L	0	115	79	V	MATCH
OGW91992.1_G2L	0	116	80	I	MATCH
OGW91992.1_G2L	0	117	81	D	MATCH
OGW91992.1_G2L	0	118	82	R	MATCH
OGW91992.1_G2L	0	119	83	V	MATCH
OGW91992.1_G2L	0	127	91	V	MATCH
OGW91992.1_G2L	0	128	92	I	MATCH
OGW91992.1_G2L	0	129	93	E	MATCH
OGW91992.1_G2L	0	130	94	P	MATCH
OGW91992.1_G2L	0	131	95	F	MATCH
OGW91992.1_G2L	0	132	96	F	MATCH
OGW91992.1_G2L	0	133	97	S	MATCH
OGW91992.1_G2L	0	134	98	D	MATCH
OGW91992.1_G2L	0	135	99	L	MATCH
OGW91992.1_G2L	0	136	100	N	MATCH
OGW91992.1_G2L	0	137	101	L	MATCH
OGW91992.1_G2L	0	138	102	P	MATCH
OGW91992.1_G2L	0	139	103	C	MATCH
OGW91992.1_G2L	0	140	104	S	MATCH
OGW91992.1_G2L	0	145	109	S	MATCH
OGW91992.1_G2L	0	146	110	G	MATCH
OGW91992.1_G2L	0	157	121	L	MATCH
OGW91992.1_G2L	0	158	122	K	MATCH
OGW91992.1_G2L	0	159	123	L	MATCH
OGW91992.1_G2L	0	160	124	R	MATCH
OGW91992.1_G2L	0	161	125	D	MATCH
OGW91992.1_G2L	0	162	126	Q	MATCH
OGW91992.1_G2L	0	163	127	G	MATCH
OGW91992.1_G2L	0	169	133	E	MATCH
OGW91992.1_G2L	0	170	134	A	MATCH
OGW91992.1_G2L	0	171	135	D	MATCH
OGW91992.1_G2L	0	172	136	I	MATCH
OGW91992.1_G2L	0	173	137	K	MATCH
OGW91992.1_G2L	0	174	138	D	MATCH
OGW91992.1_G2L	0	175	139	F	MATCH
OGW91992.1_G2L	0	176	140	F	MATCH
OGW91992.1_G2L	0	177	141	G	MATCH
OGW91992.1_G2L	0	178	142	S	MATCH
OGW91992.1_G2L	0	179	143	V	MATCH
OGW91992.1_G2L	0	180	144	D	MATCH
OGW91992.1_G2L	0	181	145	H	MATCH
OGW91992.1_G2L	0	182	146	V	MATCH
OGW91992.1_G2L	0	183	147	R	MATCH
OGW91992.1_G2L	0	184	148	L	MATCH
OGW91992.1_G2L	0	185	149	L	MATCH
OGW91992.1_G2L	0	186	150	D	MATCH
OGW91992.1_G2L	0	187	151	L	MATCH
OGW91992.1_G2L	0	188	152	I	MATCH
OGW91992.1_G2L	0	189	153	K	MATCH
OGW91992.1_G2L	0	190	154	S	MATCH
OGW91992.1_G2L	0	191	155	V	MATCH
OGW91992.1_G2L	0	192	156	L	MATCH
OGW91992.1_G2L	0	193	157	H	MATCH
OGW91992.1_G2L	0	194	159	D	MATCH
OGW91992.1_G2L	0	195	160	D	MATCH
OGW91992.1_G2L	0	196	161	S	MATCH
OGW91992.1_G2L	0	197	162	L	MATCH
OGW91992.1_G2L	0	198	163	V	MATCH
OGW91992.1_G2L	0	199	164	E	MATCH
OGW91992.1_G2L	0	200	165	L	MATCH
OGW91992.1_G2L	0	201	166	L	MATCH
OGW91992.1_G2L	0	202	167	D	MATCH
OGW91992.1_G2L	0	203	168	A	MATCH
OGW91992.1_G2L	0	204	169	A	MATCH
OGW91992.1_G2L	0	205	170	I	MATCH
OGW91992.1_G2L	0	206	171	K	MATCH
OGW91992.1_G2L	0	207	172	T	MATCH
OGW91992.1_G2L	0	208	173	Q	MATCH
OGW91992.1_G2L	0	209	174	I	MATCH
OGW91992.1_G2L	0	210	175	G	MATCH
OGW91992.1_G2L	0	211	176	N	MATCH
OGW91992.1_G2L	0	228	202	L	MATCH
OGW91992.1_G2L	0	229	203	S	MATCH
OGW91992.1_G2L	0	230	204	P	MATCH
OGW91992.1_G2L	0	231	205	L	MATCH
OGW91992.1_G2L	0	232	206	F	MATCH
OGW91992.1_G2L	0	236	210	Y	MATCH
OGW91992.1_G2L	0	237	211	L	MATCH
OGW91992.1_G2L	0	238	212	S	MATCH
OGW91992.1_G2L	0	239	213	G	MATCH
OGW91992.1_G2L	0	240	214	F	MATCH
OGW91992.1_G2L	0	241	215	D	MATCH
OGW91992.1_G2L	0	242	216	H	MATCH
OGW91992.1_G2L	0	243	217	C	MATCH
OGW91992.1_G2L	0	244	218	M	MATCH
OGW91992.1_G2L	0	245	219	L	MATCH
OGW91992.1_G2L	0	246	220	S	MATCH
OGW91992.1_G2L	0	247		-	DELETE
OGW91992.1_G2L	0	248		-	DELETE
OGW91992.1_G2L	0	249		-	DELETE
OGW91992.1_G2L	0	250		-	DELETE
OGW91992.1_G2L	0	251		-	DELETE
OGW91992.1_G2L	0	252		-	DELETE
OGW91992.1_G2L	0	253		-	DELETE
OGW91992.1_G2L	0	254		-	DELETE
OGW91992.1_G2L	0	255	221	E	MATCH
OGW91992.1_G2L	0	267	233	V	MATCH
OGW91992.1_G2L	0	268	234	M	MATCH
OGW91992.1_G2L	0	269	235	L	MATCH
OGW91992.1_G2L	0	270	236	C	MATCH
OGW91992.1_G2L	0	271	237	K	MATCH
OGW91992.1_G2L	0	272	238	T	MATCH
OGW91992.1_G2L	0	273	239	E	MATCH
OGW91992.1_G2L	0	274	240	E	MATCH
OGW91992.1_G2L	0	275	241	E	MATCH
OGW91992.1_G2L	0	276	242	A	MATCH
OGW91992.1_G2L	0	277	243	F	MATCH
OGW91992.1_G2L	0	278	244	R	MATCH
OGW91992.1_G2L	0	279	245	A	MATCH
OGW91992.1_G2L	0	280	246	Y	MATCH
OGW91992.1_G2L	0	281	247	E	MATCH
OGW91992.1_G2L	0	282	248	H	MATCH
OGW91992.1_G2L	0	283	249	A	MATCH
OGW91992.1_G2L	0	284	250	N	MATCH
OGW91992.1_G2L	0	285	251	Q	MATCH
OGW91992.1_G2L	0	286	252	K	MATCH
OGW91992.1_G2L	0	287	253	L	MATCH
OGW91992.1_G2L	0	288	254	Q	MATCH
OGW91992.1_G2L	0	289	255	S	MATCH
OGW91992.1_G2L	0	290	256	L	MATCH
OGW91992.1_G2L	0	291	257	N	MATCH
OGW91992.1_G2L	0	292	258	L	MATCH
OGW91992.1_G2L	0	293	259	N	MATCH
OGW91992.1_G2L	0	294	260	L	MATCH
OGW91992.1_G2L	0	295	261	H	MATCH
OGW91992.1_G2L	0	296	262	P	MATCH
OGW91992.1_G2L	0	297	269	P	MATCH
OGW91992.1_G2L	0	299	271	T	MATCH
OGW91992.1_G2L	0	300	272	R	MATCH
OGW91992.1_G2L	0	301	273	I	MATCH
OGW91992.1_G2L	0	302	274	T	MATCH
OGW91992.1_G2L	0	303	275	T	MATCH
OGW91992.1_G2L	0	304	276	F	MATCH
OGW91992.1_G2L	0	305	277	N	MATCH
OGW91992.1_G2L	0	306	278	N	MATCH
OGW91992.1_G2L	0	307	279	G	MATCH
OGW91992.1_G2L	0	309	281	C	MATCH
OGW91992.1_G2L	0	310	282	F	MATCH
OGW91992.1_G2L	0	311	283	L	MATCH
OGW91992.1_G2L	0	312	284	G	MATCH
OGW91992.1_G2L	0	313	285	V	MATCH
OGW91992.1_G2L	0	314	286	Q	MATCH
OGW91992.1_G2L	0	315	287	F	MATCH
OGW91992.1_G2L	0	316	288	N	MATCH
OGW91992.1_G2L	0	317	289	G	MATCH
OJI07300.1_G2L	0	107	76	K	MATCH
OJI07300.1_G2L	0	108	77	R	MATCH
OJI07300.1_G2L	0	109	78	P	MATCH
OJI07300.1_G2L	0	110	79	L	MATCH
OJI07300.1_G2L	0	111	80	K	MATCH
OJI07300.1_G2L	0	115	84	V	MATCH
OJI07300.1_G2L	0	116	85	R	MATCH
OJI07300.1_G2L	0	117	86	D	MATCH
OJI07300.1_G2L	0	118	87	R	MATCH
OJI07300.1_G2L	0	119	88	V	MATCH
OJI07300.1_G2L	0	127	96	V	MATCH
OJI07300.1_G2L	0	128	97	I	MATCH
OJI07300.1_G2L	0	129	98	R	MATCH
OJI07300.1_G2L	0	130	99	P	MATCH
OJI07300.1_G2L	0	131	100	F	MATCH
OJI07300.1_G2L	0	132	101	I	MATCH
OJI07300.1_G2L	0	133	102	K	MATCH
OJI07300.1_G2L	0	134	103	R	MATCH
OJI07300.1_G2L	0	135	104	K	MATCH
OJI07300.1_G2L	0	136	105	Y	MATCH
OJI07300.1_G2L	0	137	106	K	MATCH
OJI07300.1_G2L	0	138	110	P	MATCH
OJI07300.1_G2L	0	139	111	A	MATCH
OJI07300.1_G2L	0	140	112	S	MATCH
OJI07300.1_G2L	0	145	117	R	MATCH
OJI07300.1_G2L	0	146	118	N	MATCH
OJI07300.1_G2L	0	157	129	I	MATCH
OJI07300.1_G2L	0	158	130	Q	MATCH
OJI07300.1_G2L	0	159	131	F	MATCH
OJI07300.1_G2L	0	160	132	R	MATCH
OJI07300.1_G2L	0	161	133	K	MATCH
OJI07300.1_G2L	0	162	134	E	MATCH
OJI07300.1_G2L	0	163	135	G	MATCH
OJI07300.1_G2L	0	169	141	K	MATCH
OJI07300.1_G2L	0	170	142	A	MATCH
OJI07300.1_G2L	0	171	143	D	MATCH
OJI07300.1_G2L	0	172	144	I	MATCH
OJI07300.1_G2L	0	173	145	E	MATCH
OJI07300.1_G2L	0	174	146	K	MATCH
OJI07300.1_G2L	0	175	147	F	MATCH
OJI07300.1_G2L	0	176	148	F	MATCH
OJI07300.1_G2L	0	177	149	D	MATCH
OJI07300.1_G2L	0	178	150	T	MATCH
OJI07300.1_G2L	0	179	151	V	MATCH
OJI07300.1_G2L	0	180	152	D	MATCH
OJI07300.1_G2L	0	181	153	V	MATCH
OJI07300.1_G2L	0	182	154	N	MATCH
OJI07300.1_G2L	0	183	155	L	MATCH
OJI07300.1_G2L	0	184	156	L	MATCH
OJI07300.1_G2L	0	185	157	L	MATCH
OJI07300.1_G2L	0	186	158	N	MATCH
OJI07300.1_G2L	0	187	159	E	MATCH
OJI07300.1_G2L	0	188	160	L	MATCH
OJI07300.1_G2L	0	189	162	Y	MATCH
OJI07300.1_G2L	0	190	163	P	MATCH
OJI07300.1_G2L	0	191	164	C	MATCH
OJI07300.1_G2L	0	192	165	L	MATCH
OJI07300.1_G2L	0	193	166	P	MATCH
OJI07300.1_G2L	0	194	167	D	MATCH
OJI07300.1_G2L	0	195	168	D	MATCH
OJI07300.1_G2L	0	196	169	S	MATCH
OJI07300.1_G2L	0	197	170	L	MATCH
OJI07300.1_G2L	0	198	171	N	MATCH
OJI07300.1_G2L	0	199	172	Q	MATCH
OJI07300.1_G2L	0	200	173	I	MATCH
OJI07300.1_G2L	0	201	174	I	MATCH
OJI07300.1_G2L	0	202	175	K	MATCH
OJI07300.1_G2L	0	203	176	D	MATCH
OJI07300.1_G2L	0	204	177	A	MATCH
OJI07300.1_G2L	0	205	178	L	MATCH
OJI07300.1_G2L	0	206	179	T	MATCH
OJI07300.1_G2L	0	207	180	I	MATCH
OJI07300.1_G2L	0	208	181	E	MATCH
OJI07300.1_G2L	0	209	182	L	MATCH
OJI07300.1_G2L	0	210	188	L	MATCH
OJI07300.1_G2L	0	211	189	E	MATCH
OJI07300.1_G2L	0	228	208	L	MATCH
OJI07300.1_G2L	0	229	209	S	MATCH
OJI07300.1_G2L	0	230	210	P	MATCH
OJI07300.1_G2L	0	231	211	L	MATCH
OJI07300.1_G2L	0	232	212	F	MATCH
OJI07300.1_G2L	0	236	216	Y	MATCH
OJI07300.1_G2L	0	237	217	L	MATCH
OJI07300.1_G2L	0	238	218	N	MATCH
OJI07300.1_G2L	0	239	219	P	MATCH
OJI07300.1_G2L	0	240	220	F	MATCH
OJI07300.1_G2L	0	241	221	D	MATCH
OJI07300.1_G2L	0	242	222	M	MATCH
OJI07300.1_G2L	0	243	223	E	MATCH
OJI07300.1_G2L	0	244	224	M	MATCH
OJI07300.1_G2L	0	245	225	L	MATCH
OJI07300.1_G2L	0	246	226	G	MATCH
OJI07300.1_G2L	0	247		-	DELETE
OJI07300.1_G2L	0	248		-	DELETE
OJI07300.1_G2L	0	249		-	DELETE
OJI07300.1_G2L	0	250		-	DELETE
OJI07300.1_G2L	0	251		-	DELETE
OJI07300.1_G2L	0	252		-	DELETE
OJI07300.1_G2L	0	253		-	DELETE
OJI07300.1_G2L	0	254		-	DELETE
OJI07300.1_G2L	0	255	227	N	MATCH
OJI07300.1_G2L	0	267	239	I	MATCH
OJI07300.1_G2L	0	268	240	V	MATCH
OJI07300.1_G2L	0	269	241	L	MATCH
OJI07300.1_G2L	0	270	242	C	MATCH
OJI07300.1_G2L	0	271	243	K	MATCH
OJI07300.1_G2L	0	272	244	D	MATCH
OJI07300.1_G2L	0	273	245	E	MATCH
OJI07300.1_G2L	0	274	246	S	MATCH
OJI07300.1_G2L	0	275	247	E	MATCH
OJI07300.1_G2L	0	276	248	A	MATCH
OJI07300.1_G2L	0	277	249	K	MATCH
OJI07300.1_G2L	0	278	250	N	MATCH
OJI07300.1_G2L	0	279	251	A	MATCH
OJI07300.1_G2L	0	280	252	D	MATCH
OJI07300.1_G2L	0	281	253	A	MATCH
OJI07300.1_G2L	0	282	254	L	MATCH
OJI07300.1_G2L	0	283	255	A	MATCH
OJI07300.1_G2L	0	284	256	R	MATCH
OJI07300.1_G2L	0	285	257	R	MATCH
OJI07300.1_G2L	0	286	258	I	MATCH
OJI07300.1_G2L	0	287	259	I	MATCH
OJI07300.1_G2L	0	288	261	K	MATCH
OJI07300.1_G2L	0	289	262	D	MATCH
OJI07300.1_G2L	0	290	263	L	MATCH
OJI07300.1_G2L	0	291	264	K	MATCH
OJI07300.1_G2L	0	292	265	L	MATCH
OJI07300.1_G2L	0	293	266	K	MATCH
OJI07300.1_G2L	0	294	267	I	MATCH
OJI07300.1_G2L	0	295	268	H	MATCH
OJI07300.1_G2L	0	296	269	P	MATCH
OJI07300.1_G2L	0	297	270	T	MATCH
OJI07300.1_G2L	0	299	272	I	MATCH
OJI07300.1_G2L	0	300	273	G	MATCH
OJI07300.1_G2L	0	301	274	K	MATCH
OJI07300.1_G2L	0	302	275	P	MATCH
OJI07300.1_G2L	0	303	276	R	MATCH
OJI07300.1_G2L	0	304	277	G	MATCH
OJI07300.1_G2L	0	305	278	K	MATCH
OJI07300.1_G2L	0	306	279	E	MATCH
OJI07300.1_G2L	0	307	289	E	MATCH
OJI07300.1_G2L	0	309	291	E	MATCH
OJI07300.1_G2L	0	310	292	F	MATCH
OJI07300.1_G2L	0	311	293	L	MATCH
OJI07300.1_G2L	0	312	294	G	MATCH
OJI07300.1_G2L	0	313	295	I	MATCH
OJI07300.1_G2L	0	314	296	R	MATCH
OJI07300.1_G2L	0	315	297	F	MATCH
OJI07300.1_G2L	0	316	298	Q	MATCH
OJI07300.1_G2L	0	317	299	G	MATCH
OTG72349.1_G2L	0	107	88	Y	MATCH
OTG72349.1_G2L	0	108	89	R	MATCH
OTG72349.1_G2L	0	109	90	M	MATCH
OTG72349.1_G2L	0	110	91	V	MATCH
OTG72349.1_G2L	0	111	92	C	MATCH
OTG72349.1_G2L	0	115	96	V	MATCH
OTG72349.1_G2L	0	116	97	K	MATCH
OTG72349.1_G2L	0	117	98	D	MATCH
OTG72349.1_G2L	0	118	99	R	MATCH
OTG72349.1_G2L	0	119	100	L	MATCH
OTG72349.1_G2L	0	127	108	Y	MATCH
OTG72349.1_G2L	0	128	109	L	MATCH
OTG72349.1_G2L	0	129	110	E	MATCH
OTG72349.1_G2L	0	130	111	K	MATCH
OTG72349.1_G2L	0	131	112	I	MATCH
OTG72349.1_G2L	0	132	113	E	MATCH
OTG72349.1_G2L	0	133	114	K	MATCH
OTG72349.1_G2L	0	134	115	K	MATCH
OTG72349.1_G2L	0	135	116	K	MATCH
OTG72349.1_G2L	0	136	118	L	MATCH
OTG72349.1_G2L	0	137	119	Q	MATCH
OTG72349.1_G2L	0	138	120	A	MATCH
OTG72349.1_G2L	0	139	121	Q	MATCH
OTG72349.1_G2L	0	140	122	D	MATCH
OTG72349.1_G2L	0	145	127	E	MATCH
OTG72349.1_G2L	0	146	128	K	MATCH
OTG72349.1_G2L	0	157	139	H	MATCH
OTG72349.1_G2L	0	158	140	D	MATCH
OTG72349.1_G2L	0	159	141	K	MATCH
OTG72349.1_G2L	0	160	142	L	MATCH
OTG72349.1_G2L	0	161	143	K	MATCH
OTG72349.1_G2L	0	162	147	K	MATCH
OTG72349.1_G2L	0	163	148	K	MATCH
OTG72349.1_G2L	0	169	154	K	MATCH
OTG72349.1_G2L	0	170	155	T	MATCH
OTG72349.1_G2L	0	171	156	D	MATCH
OTG72349.1_G2L	0	172	157	I	MATCH
OTG72349.1_G2L	0	173	158	E	MATCH
OTG72349.1_G2L	0	174	159	S	MATCH
OTG72349.1_G2L	0	175	160	F	MATCH
OTG72349.1_G2L	0	176	161	F	MATCH
OTG72349.1_G2L	0	177	162	D	MATCH
OTG72349.1_G2L	0	178	163	N	MATCH
OTG72349.1_G2L	0	179	164	L	MATCH
OTG72349.1_G2L	0	180	165	D	MATCH
OTG72349.1_G2L	0	181	166	R	MATCH
OTG72349.1_G2L	0	182	167	H	MATCH
OTG72349.1_G2L	0	183	168	R	MATCH
OTG72349.1_G2L	0	184	169	I	MATCH
OTG72349.1_G2L	0	185	170	L	MATCH
OTG72349.1_G2L	0	186	171	K	MATCH
OTG72349.1_G2L	0	187	172	L	MATCH
OTG72349.1_G2L	0	188	173	F	MATCH
OTG72349.1_G2L	0	189	174	E	MATCH
OTG72349.1_G2L	0	190	175	E	MATCH
OTG72349.1_G2L	0	191	176	K	MATCH
OTG72349.1_G2L	0	192	177	V	MATCH
OTG72349.1_G2L	0	193	178	G	MATCH
OTG72349.1_G2L	0	194	192	S	MATCH
OTG72349.1_G2L	0	195	193	D	MATCH
OTG72349.1_G2L	0	196	194	P	MATCH
OTG72349.1_G2L	0	197	195	I	MATCH
OTG72349.1_G2L	0	198	196	P	MATCH
OTG72349.1_G2L	0	199	197	R	MATCH
OTG72349.1_G2L	0	200	198	L	MATCH
OTG72349.1_G2L	0	201	199	I	MATCH
OTG72349.1_G2L	0	202	200	Q	MATCH
OTG72349.1_G2L	0	203	201	A	MATCH
OTG72349.1_G2L	0	204	202	T	MATCH
OTG72349.1_G2L	0	205	203	T	MATCH
OTG72349.1_G2L	0	206	204	D	MATCH
OTG72349.1_G2L	0	207	205	E	MATCH
OTG72349.1_G2L	0	208	206	Q	MATCH
OTG72349.1_G2L	0	209	209	I	MATCH
OTG72349.1_G2L	0	210	210	F	MATCH
OTG72349.1_G2L	0	211	211	S	MATCH
OTG72349.1_G2L	0	228	228	I	MATCH
OTG72349.1_G2L	0	229	229	A	MATCH
OTG72349.1_G2L	0	230	230	S	MATCH
OTG72349.1_G2L	0	231	231	L	MATCH
OTG72349.1_G2L	0	232	232	L	MATCH
OTG72349.1_G2L	0	236	236	Y	MATCH
OTG72349.1_G2L	0	237	237	L	MATCH
OTG72349.1_G2L	0	238	238	Q	MATCH
OTG72349.1_G2L	0	239	239	D	MATCH
OTG72349.1_G2L	0	240	240	F	MATCH
OTG72349.1_G2L	0	241	241	E	MATCH
OTG72349.1_G2L	0	242	242	I	MATCH
OTG72349.1_G2L	0	243	243	V	MATCH
OTG72349.1_G2L	0	244	244	L	MATCH
OTG72349.1_G2L	0	245	245	Q	MATCH
OTG72349.1_G2L	0	246	246	N	MATCH
OTG72349.1_G2L	0	247		-	DELETE
OTG72349.1_G2L	0	248		-	DELETE
OTG72349.1_G2L	0	249		-	DELETE
OTG72349.1_G2L	0	250		-	DELETE
OTG72349.1_G2L	0	251		-	DELETE
OTG72349.1_G2L	0	252		-	DELETE
OTG72349.1_G2L	0	253		-	DELETE
OTG72349.1_G2L	0	254		-	DELETE
OTG72349.1_G2L	0	255	247	A	MATCH
OTG72349.1_G2L	0	267	259	V	MATCH
OTG72349.1_G2L	0	268	260	V	MATCH
OTG72349.1_G2L	0	269	261	F	MATCH
OTG72349.1_G2L	0	270	262	A	MATCH
OTG72349.1_G2L	0	271	263	N	MATCH
OTG72349.1_G2L	0	272	264	T	MATCH
OTG72349.1_G2L	0	273	265	R	MATCH
OTG72349.1_G2L	0	274	266	D	MATCH
OTG72349.1_G2L	0	275	267	E	MATCH
OTG72349.1_G2L	0	276	268	I	MATCH
OTG72349.1_G2L	0	277	269	E	MATCH
OTG72349.1_G2L	0	278	270	K	MATCH
OTG72349.1_G2L	0	279	271	H	MATCH
OTG72349.1_G2L	0	280	272	F	MATCH
OTG72349.1_G2L	0	281	273	E	MATCH
OTG72349.1_G2L	0	282	274	L	MATCH
OTG72349.1_G2L	0	283	275	I	MATCH
OTG72349.1_G2L	0	284	276	R	MATCH
OTG72349.1_G2L	0	285	277	H	MATCH
OTG72349.1_G2L	0	286	278	E	MATCH
OTG72349.1_G2L	0	287	279	L	MATCH
OTG72349.1_G2L	0	288	280	N	MATCH
OTG72349.1_G2L	0	289	281	K	MATCH
OTG72349.1_G2L	0	290	282	I	MATCH
OTG72349.1_G2L	0	291	283	Q	MATCH
OTG72349.1_G2L	0	292	284	L	MATCH
OTG72349.1_G2L	0	293	285	S	MATCH
OTG72349.1_G2L	0	294	286	I	MATCH
OTG72349.1_G2L	0	295	290	G	MATCH
OTG72349.1_G2L	0	296	291	S	MATCH
OTG72349.1_G2L	0	297	292	G	MATCH
OTG72349.1_G2L	0	299	294	S	MATCH
OTG72349.1_G2L	0	300	295	E	MATCH
OTG72349.1_G2L	0	301	296	I	MATCH
OTG72349.1_G2L	0	302	297	Y	MATCH
OTG72349.1_G2L	0	303	298	T	MATCH
OTG72349.1_G2L	0	304	299	P	MATCH
OTG72349.1_G2L	0	305	300	S	MATCH
OTG72349.1_G2L	0	306	301	Q	MATCH
OTG72349.1_G2L	0	307	302	T	MATCH
OTG72349.1_G2L	0	309	304	I	MATCH
OTG72349.1_G2L	0	310	305	F	MATCH
OTG72349.1_G2L	0	311	306	L	MATCH
OTG72349.1_G2L	0	312	307	G	MATCH
OTG72349.1_G2L	0	313	308	L	MATCH
OTG72349.1_G2L	0	314	309	E	MATCH
OTG72349.1_G2L	0	315	310	L	MATCH
OTG72349.1_G2L	0	316	311	K	MATCH
OTG72349.1_G2L	0	317	312	K	MATCH
PFG50180.1_G2L	1	107	138	Q	MATCH
PFG50180.1_G2L	1	108	139	I	MATCH
PFG50180.1_G2L	1	109	140	H	MATCH
PFG50180.1_G2L	1	110	141	A	MATCH
PFG50180.1_G2L	1	111	142	F	MATCH
PFG50180.1_G2L	1	115	146	V	MATCH
PFG50180.1_G2L	1	116	147	R	MATCH
PFG50180.1_G2L	1	117	148	D	MATCH
PFG50180.1_G2L	1	118	149	R	MATCH
PFG50180.1_G2L	1	119	150	L	MATCH
PFG50180.1_G2L	1	127	158	A	MATCH
PFG50180.1_G2L	1	128	159	I	MATCH
PFG50180.1_G2L	1	129	160	E	MATCH
PFG50180.1_G2L	1	130	161	P	MATCH
PFG50180.1_G2L	1	131	162	I	MATCH
PFG50180.1_G2L	1	132	163	L	MATCH
PFG50180.1_G2L	1	133	164	E	MATCH
PFG50180.1_G2L	1	134	165	A	MATCH
PFG50180.1_G2L	1	135	166	R	MATCH
PFG50180.1_G2L	1	136	168	F	MATCH
PFG50180.1_G2L	1	137	169	R	MATCH
PFG50180.1_G2L	1	138	170	G	MATCH
PFG50180.1_G2L	1	139	171	W	MATCH
PFG50180.1_G2L	1	140	172	V	MATCH
PFG50180.1_G2L	1	145	177	P	MATCH
PFG50180.1_G2L	1	146	178	R	MATCH
PFG50180.1_G2L	1	157	189	A	MATCH
PFG50180.1_G2L	1	158	190	M	MATCH
PFG50180.1_G2L	1	159	191	Y	MATCH
PFG50180.1_G2L	1	160	192	H	MATCH
PFG50180.1_G2L	1	161	193	Q	MATCH
PFG50180.1_G2L	1	162	194	A	MATCH
PFG50180.1_G2L	1	163	195	G	MATCH
PFG50180.1_G2L	1	169	201	D	MATCH
PFG50180.1_G2L	1	170	202	L	MATCH
PFG50180.1_G2L	1	171	203	D	MATCH
PFG50180.1_G2L	1	172	204	V	MATCH
PFG50180.1_G2L	1	173	205	A	MATCH
PFG50180.1_G2L	1	174	206	S	MATCH
PFG50180.1_G2L	1	175	207	V	MATCH
PFG50180.1_G2L	1	176	208	S	MATCH
PFG50180.1_G2L	1	177	209	A	MATCH
PFG50180.1_G2L	1	178	210	G	MATCH
PFG50180.1_G2L	1	179	211	A	MATCH
PFG50180.1_G2L	1	180	212	I	MATCH
PFG50180.1_G2L	1	181	213	V	MATCH
PFG50180.1_G2L	1	182	214	D	MATCH
PFG50180.1_G2L	1	183	215	E	MATCH
PFG50180.1_G2L	1	184	216	V	MATCH
PFG50180.1_G2L	1	185	217	I	MATCH
PFG50180.1_G2L	1	186	218	D	MATCH
PFG50180.1_G2L	1	187	219	W	MATCH
PFG50180.1_G2L	1	188	220	H	MATCH
PFG50180.1_G2L	1	189	221	A	MATCH
PFG50180.1_G2L	1	190	222	E	MATCH
PFG50180.1_G2L	1	191	223	H	MATCH
PFG50180.1_G2L	1	192	224	I	MATCH
PFG50180.1_G2L	1	193	225	H	MATCH
PFG50180.1_G2L	1	194	226	D	MATCH
PFG50180.1_G2L	1	195	227	G	MATCH
PFG50180.1_G2L	1	196	228	A	MATCH
PFG50180.1_G2L	1	197	229	L	MATCH
PFG50180.1_G2L	1	198	230	L	MATCH
PFG50180.1_G2L	1	199	231	A	MATCH
PFG50180.1_G2L	1	200	232	R	MATCH
PFG50180.1_G2L	1	201	233	L	MATCH
PFG50180.1_G2L	1	202	234	R	MATCH
PFG50180.1_G2L	1	203	235	T	MATCH
PFG50180.1_G2L	1	204	236	A	MATCH
PFG50180.1_G2L	1	205	237	L	MATCH
PFG50180.1_G2L	1	206	238	A	MATCH
PFG50180.1_G2L	1	207	239	A	MATCH
PFG50180.1_G2L	1	208		-	DELETE
PFG50180.1_G2L	1	209		-	DELETE
PFG50180.1_G2L	1	210	240	M	MATCH
PFG50180.1_G2L	1	211	241	P	MATCH
PFG50180.1_G2L	1	228	250	L	MATCH
PFG50180.1_G2L	1	229	251	A	MATCH
PFG50180.1_G2L	1	230	252	P	MATCH
PFG50180.1_G2L	1	231	253	M	MATCH
PFG50180.1_G2L	1	232	254	L	MATCH
PFG50180.1_G2L	1	236	258	R	MATCH
PFG50180.1_G2L	1	237	259	L	MATCH
PFG50180.1_G2L	1	238	260	S	MATCH
PFG50180.1_G2L	1	239	261	Q	MATCH
PFG50180.1_G2L	1	240	262	V	MATCH
PFG50180.1_G2L	1	241	263	D	MATCH
PFG50180.1_G2L	1	242	264	K	MATCH
PFG50180.1_G2L	1	243	265	R	MATCH
PFG50180.1_G2L	1	244	266	V	MATCH
PFG50180.1_G2L	1	245	267	S	MATCH
PFG50180.1_G2L	1	246	268	G	MATCH
PFG50180.1_G2L	1	247		-	DELETE
PFG50180.1_G2L	1	248		-	DELETE
PFG50180.1_G2L	1	249		-	DELETE
PFG50180.1_G2L	1	250		-	DELETE
PFG50180.1_G2L	1	251		-	DELETE
PFG50180.1_G2L	1	252		-	DELETE
PFG50180.1_G2L	1	253		-	DELETE
PFG50180.1_G2L	1	254		-	DELETE
PFG50180.1_G2L	1	255		-	DELETE
PFG50180.1_G2L	1	267	279	V	MATCH
PFG50180.1_G2L	1	268	280	A	MATCH
PFG50180.1_G2L	1	269	281	F	MATCH
PFG50180.1_G2L	1	270	282	A	MATCH
PFG50180.1_G2L	1	271	283	G	MATCH
PFG50180.1_G2L	1	272	284	A	MATCH
PFG50180.1_G2L	1	273	285	R	MATCH
PFG50180.1_G2L	1	274	286	E	MATCH
PFG50180.1_G2L	1	275	287	E	MATCH
PFG50180.1_G2L	1	276	288	A	MATCH
PFG50180.1_G2L	1	277	289	H	MATCH
PFG50180.1_G2L	1	278	290	E	MATCH
PFG50180.1_G2L	1	279	291	A	MATCH
PFG50180.1_G2L	1	280	292	F	MATCH
PFG50180.1_G2L	1	281	293	Y	MATCH
PFG50180.1_G2L	1	282	294	A	MATCH
PFG50180.1_G2L	1	283	295	I	MATCH
PFG50180.1_G2L	1	284	296	S	MATCH
PFG50180.1_G2L	1	285	297	D	MATCH
PFG50180.1_G2L	1	286	298	A	MATCH
PFG50180.1_G2L	1	287	299	L	MATCH
PFG50180.1_G2L	1	288	300	L	MATCH
PFG50180.1_G2L	1	289	301	T	MATCH
PFG50180.1_G2L	1	290	302	L	MATCH
PFG50180.1_G2L	1	291	303	R	MATCH
PFG50180.1_G2L	1	292	304	L	MATCH
PFG50180.1_G2L	1	293	305	C	MATCH
PFG50180.1_G2L	1	294	306	P	MATCH
PFG50180.1_G2L	1	295	307	N	MATCH
PFG50180.1_G2L	1	296	308	E	MATCH
PFG50180.1_G2L	1	297	309	I	MATCH
PFG50180.1_G2L	1	299	311	S	MATCH
PFG50180.1_G2L	1	300	312	R	MATCH
PFG50180.1_G2L	1	301	313	I	MATCH
PFG50180.1_G2L	1	302	314	R	MATCH
PFG50180.1_G2L	1	303		-	DELETE
PFG50180.1_G2L	1	304		-	DELETE
PFG50180.1_G2L	1	305		-	DELETE
PFG50180.1_G2L	1	306		-	DELETE
PFG50180.1_G2L	1	307		-	DELETE
PFG50180.1_G2L	1	309		-	DELETE
PFG50180.1_G2L	1	310		-	DELETE
PFG50180.1_G2L	1	311		-	DELETE
PFG50180.1_G2L	1	312		-	DELETE
PFG50180.1_G2L	1	313		-	DELETE
PFG50180.1_G2L	1	314		-	DELETE
PFG50180.1_G2L	1	315		-	DELETE
PFG50180.1_G2L	1	316		-	DELETE
PFG50180.1_G2L	1	317		-	DELETE
PFH20450.1_G2L	0	107	101	D	MATCH
PFH20450.1_G2L	0	108	102	R	MATCH
PFH20450.1_G2L	0	109	103	L	MATCH
PFH20450.1_G2L	0	110	104	I	MATCH
PFH20450.1_G2L	0	111	105	C	MATCH
PFH20450.1_G2L	0	115	109	V	MATCH
PFH20450.1_G2L	0	116	110	Q	MATCH
PFH20450.1_G2L	0	117	111	D	MATCH
PFH20450.1_G2L	0	118	112	R	MATCH
PFH20450.1_G2L	0	119	113	I	MATCH
PFH20450.1_G2L	0	127	121	F	MATCH
PFH20450.1_G2L	0	128	122	L	MATCH
PFH20450.1_G2L	0	129	123	E	MATCH
PFH20450.1_G2L	0	130	124	L	MATCH
PFH20450.1_G2L	0	131	125	R	MATCH
PFH20450.1_G2L	0	132	126	Y	MATCH
PFH20450.1_G2L	0	133	128	D	MATCH
PFH20450.1_G2L	0	134	129	R	MATCH
PFH20450.1_G2L	0	135	130	L	MATCH
PFH20450.1_G2L	0	136	131	A	MATCH
PFH20450.1_G2L	0	137	132	N	MATCH
PFH20450.1_G2L	0	138	133	K	MATCH
PFH20450.1_G2L	0	139	134	V	MATCH
PFH20450.1_G2L	0	140	135	S	MATCH
PFH20450.1_G2L	0	145	140	R	MATCH
PFH20450.1_G2L	0	146	141	K	MATCH
PFH20450.1_G2L	0	157	152	C	MATCH
PFH20450.1_G2L	0	158	153	E	MATCH
PFH20450.1_G2L	0	159	154	L	MATCH
PFH20450.1_G2L	0	160	155	R	MATCH
PFH20450.1_G2L	0	161		-	DELETE
PFH20450.1_G2L	0	162	156	K	MATCH
PFH20450.1_G2L	0	163	157	K	MATCH
PFH20450.1_G2L	0	169	163	K	MATCH
PFH20450.1_G2L	0	170	164	T	MATCH
PFH20450.1_G2L	0	171	165	D	MATCH
PFH20450.1_G2L	0	172	166	I	MATCH
PFH20450.1_G2L	0	173	167	T	MATCH
PFH20450.1_G2L	0	174	168	S	MATCH
PFH20450.1_G2L	0	175	169	F	MATCH
PFH20450.1_G2L	0	176	170	F	MATCH
PFH20450.1_G2L	0	177	171	D	MATCH
PFH20450.1_G2L	0	178	172	S	MATCH
PFH20450.1_G2L	0	179	173	I	MATCH
PFH20450.1_G2L	0	180	174	D	MATCH
PFH20450.1_G2L	0	181	175	R	MATCH
PFH20450.1_G2L	0	182	176	A	MATCH
PFH20450.1_G2L	0	183	177	D	MATCH
PFH20450.1_G2L	0	184	178	L	MATCH
PFH20450.1_G2L	0	185	179	E	MATCH
PFH20450.1_G2L	0	186	180	R	MATCH
PFH20450.1_G2L	0	187	181	A	MATCH
PFH20450.1_G2L	0	188	182	L	MATCH
PFH20450.1_G2L	0	189	183	K	MATCH
PFH20450.1_G2L	0	190	184	R	MATCH
PFH20450.1_G2L	0	191	185	S	MATCH
PFH20450.1_G2L	0	192	186	I	MATCH
PFH20450.1_G2L	0	193	187	R	MATCH
PFH20450.1_G2L	0	194	188	E	MATCH
PFH20450.1_G2L	0	195	189	S	MATCH
PFH20450.1_G2L	0	196	190	S	MATCH
PFH20450.1_G2L	0	197	191	L	MATCH
PFH20450.1_G2L	0	198	192	Y	MATCH
PFH20450.1_G2L	0	199	193	P	MATCH
PFH20450.1_G2L	0	200	194	I	MATCH
PFH20450.1_G2L	0	201	195	L	MATCH
PFH20450.1_G2L	0	202	196	A	MATCH
PFH20450.1_G2L	0	203	197	E	MATCH
PFH20450.1_G2L	0	204	198	A	MATCH
PFH20450.1_G2L	0	205	199	I	MATCH
PFH20450.1_G2L	0	206	200	H	MATCH
PFH20450.1_G2L	0	207	201	C	MATCH
PFH20450.1_G2L	0	208	202	E	MATCH
PFH20450.1_G2L	0	209	203	I	MATCH
PFH20450.1_G2L	0	210	204	D	MATCH
PFH20450.1_G2L	0	211	205	S	MATCH
PFH20450.1_G2L	0	228	231	L	MATCH
PFH20450.1_G2L	0	229	232	S	MATCH
PFH20450.1_G2L	0	230	233	P	MATCH
PFH20450.1_G2L	0	231	234	F	MATCH
PFH20450.1_G2L	0	232	235	L	MATCH
PFH20450.1_G2L	0	236	239	M	MATCH
PFH20450.1_G2L	0	237	240	L	MATCH
PFH20450.1_G2L	0	238	241	A	MATCH
PFH20450.1_G2L	0	239	242	Q	MATCH
PFH20450.1_G2L	0	240	243	F	MATCH
PFH20450.1_G2L	0	241	244	D	MATCH
PFH20450.1_G2L	0	242	245	K	MATCH
PFH20450.1_G2L	0	243	246	E	MATCH
PFH20450.1_G2L	0	244	247	I	MATCH
PFH20450.1_G2L	0	245	248	E	MATCH
PFH20450.1_G2L	0	246	249	R	MATCH
PFH20450.1_G2L	0	247		-	DELETE
PFH20450.1_G2L	0	248		-	DELETE
PFH20450.1_G2L	0	249		-	DELETE
PFH20450.1_G2L	0	250		-	DELETE
PFH20450.1_G2L	0	251		-	DELETE
PFH20450.1_G2L	0	252		-	DELETE
PFH20450.1_G2L	0	253		-	DELETE
PFH20450.1_G2L	0	254		-	DELETE
PFH20450.1_G2L	0	255	250	R	MATCH
PFH20450.1_G2L	0	267	262	I	MATCH
PFH20450.1_G2L	0	268	263	F	MATCH
PFH20450.1_G2L	0	269	264	L	MATCH
PFH20450.1_G2L	0	270	265	A	MATCH
PFH20450.1_G2L	0	271	266	S	MATCH
PFH20450.1_G2L	0	272	267	S	MATCH
PFH20450.1_G2L	0	273	268	R	MATCH
PFH20450.1_G2L	0	274	269	H	MATCH
PFH20450.1_G2L	0	275	270	E	MATCH
PFH20450.1_G2L	0	276	271	C	MATCH
PFH20450.1_G2L	0	277	272	E	MATCH
PFH20450.1_G2L	0	278	273	Q	MATCH
PFH20450.1_G2L	0	279	274	L	MATCH
PFH20450.1_G2L	0	280	275	A	MATCH
PFH20450.1_G2L	0	281	276	I	MATCH
PFH20450.1_G2L	0	282	277	F	MATCH
PFH20450.1_G2L	0	283	278	C	MATCH
PFH20450.1_G2L	0	284	279	T	MATCH
PFH20450.1_G2L	0	285	280	E	MATCH
PFH20450.1_G2L	0	286	281	Q	MATCH
PFH20450.1_G2L	0	287	282	L	MATCH
PFH20450.1_G2L	0	288	283	A	MATCH
PFH20450.1_G2L	0	289	284	P	MATCH
PFH20450.1_G2L	0	290	285	I	MATCH
PFH20450.1_G2L	0	291	286	G	MATCH
PFH20450.1_G2L	0	292	287	L	MATCH
PFH20450.1_G2L	0	293	288	T	MATCH
PFH20450.1_G2L	0	294	289	V	MATCH
PFH20450.1_G2L	0	295	296	K	MATCH
PFH20450.1_G2L	0	296	297	E	MATCH
PFH20450.1_G2L	0	297	298	S	MATCH
PFH20450.1_G2L	0	299	300	S	MATCH
PFH20450.1_G2L	0	300	301	V	MATCH
PFH20450.1_G2L	0	301	302	I	MATCH
PFH20450.1_G2L	0	302	303	Y	MATCH
PFH20450.1_G2L	0	303	304	E	MATCH
PFH20450.1_G2L	0	304	305	P	MATCH
PFH20450.1_G2L	0	305	306	G	MATCH
PFH20450.1_G2L	0	306	307	E	MATCH
PFH20450.1_G2L	0	307	308	P	MATCH
PFH20450.1_G2L	0	309	310	E	MATCH
PFH20450.1_G2L	0	310	311	F	MATCH
PFH20450.1_G2L	0	311	312	L	MATCH
PFH20450.1_G2L	0	312	313	G	MATCH
PFH20450.1_G2L	0	313	314	V	MATCH
PFH20450.1_G2L	0	314	315	S	MATCH
PFH20450.1_G2L	0	315	316	L	MATCH
PFH20450.1_G2L	0	316	317	V	MATCH
PFH20450.1_G2L	0	317	318	P	MATCH
PIQ87175.1_G2L	0	107	71	P	MATCH
PIQ87175.1_G2L	0	108	72	R	MATCH
PIQ87175.1_G2L	0	109	73	P	MATCH
PIQ87175.1_G2L	0	110	74	L	MATCH
PIQ87175.1_G2L	0	111	75	K	MATCH
PIQ87175.1_G2L	0	115	79	V	MATCH
PIQ87175.1_G2L	0	116	80	I	MATCH
PIQ87175.1_G2L	0	117	81	D	MATCH
PIQ87175.1_G2L	0	118	82	R	MATCH
PIQ87175.1_G2L	0	119	83	I	MATCH
PIQ87175.1_G2L	0	127	91	V	MATCH
PIQ87175.1_G2L	0	128	92	I	MATCH
PIQ87175.1_G2L	0	129	93	E	MATCH
PIQ87175.1_G2L	0	130	94	P	MATCH
PIQ87175.1_G2L	0	131	95	F	MATCH
PIQ87175.1_G2L	0	132	96	F	MATCH
PIQ87175.1_G2L	0	133	97	A	MATCH
PIQ87175.1_G2L	0	134	98	D	MATCH
PIQ87175.1_G2L	0	135	99	L	MATCH
PIQ87175.1_G2L	0	136	100	N	MATCH
PIQ87175.1_G2L	0	137	101	L	MATCH
PIQ87175.1_G2L	0	138	102	P	MATCH
PIQ87175.1_G2L	0	139	103	C	MATCH
PIQ87175.1_G2L	0	140	104	S	MATCH
PIQ87175.1_G2L	0	145	109	S	MATCH
PIQ87175.1_G2L	0	146	110	G	MATCH
PIQ87175.1_G2L	0	157	121	L	MATCH
PIQ87175.1_G2L	0	158	122	K	MATCH
PIQ87175.1_G2L	0	159	123	L	MATCH
PIQ87175.1_G2L	0	160	124	R	MATCH
PIQ87175.1_G2L	0	161	125	D	MATCH
PIQ87175.1_G2L	0	162	126	Q	MATCH
PIQ87175.1_G2L	0	163	127	G	MATCH
PIQ87175.1_G2L	0	169	133	E	MATCH
PIQ87175.1_G2L	0	170	134	A	MATCH
PIQ87175.1_G2L	0	171	135	D	MATCH
PIQ87175.1_G2L	0	172	136	I	MATCH
PIQ87175.1_G2L	0	173	137	K	MATCH
PIQ87175.1_G2L	0	174	138	N	MATCH
PIQ87175.1_G2L	0	175	139	F	MATCH
PIQ87175.1_G2L	0	176	140	F	MATCH
PIQ87175.1_G2L	0	177	141	D	MATCH
PIQ87175.1_G2L	0	178	142	S	MATCH
PIQ87175.1_G2L	0	179	143	V	MATCH
PIQ87175.1_G2L	0	180	144	D	MATCH
PIQ87175.1_G2L	0	181	145	H	MATCH
PIQ87175.1_G2L	0	182	146	V	MATCH
PIQ87175.1_G2L	0	183	147	R	MATCH
PIQ87175.1_G2L	0	184	148	L	MATCH
PIQ87175.1_G2L	0	185	149	T	MATCH
PIQ87175.1_G2L	0	186	150	D	MATCH
PIQ87175.1_G2L	0	187	151	L	MATCH
PIQ87175.1_G2L	0	188	152	I	MATCH
PIQ87175.1_G2L	0	189	153	K	MATCH
PIQ87175.1_G2L	0	190	154	S	MATCH
PIQ87175.1_G2L	0	191	155	V	MATCH
PIQ87175.1_G2L	0	192	156	L	MATCH
PIQ87175.1_G2L	0	193	157	H	MATCH
PIQ87175.1_G2L	0	194	159	D	MATCH
PIQ87175.1_G2L	0	195	160	D	MATCH
PIQ87175.1_G2L	0	196	161	S	MATCH
PIQ87175.1_G2L	0	197	162	L	MATCH
PIQ87175.1_G2L	0	198	163	M	MATCH
PIQ87175.1_G2L	0	199	164	V	MATCH
PIQ87175.1_G2L	0	200	165	L	MATCH
PIQ87175.1_G2L	0	201	166	F	MATCH
PIQ87175.1_G2L	0	202	167	D	MATCH
PIQ87175.1_G2L	0	203	168	A	MATCH
PIQ87175.1_G2L	0	204	169	A	MATCH
PIQ87175.1_G2L	0	205	170	I	MATCH
PIQ87175.1_G2L	0	206	171	K	MATCH
PIQ87175.1_G2L	0	207	172	T	MATCH
PIQ87175.1_G2L	0	208	173	Q	MATCH
PIQ87175.1_G2L	0	209	174	I	MATCH
PIQ87175.1_G2L	0	210	175	G	MATCH
PIQ87175.1_G2L	0	211	176	N	MATCH
PIQ87175.1_G2L	0	228	202	L	MATCH
PIQ87175.1_G2L	0	229	203	S	MATCH
PIQ87175.1_G2L	0	230	204	P	MATCH
PIQ87175.1_G2L	0	231	205	L	MATCH
PIQ87175.1_G2L	0	232	206	F	MATCH
PIQ87175.1_G2L	0	236	210	Y	MATCH
PIQ87175.1_G2L	0	237	211	L	MATCH
PIQ87175.1_G2L	0	238	212	S	MATCH
PIQ87175.1_G2L	0	239	213	S	MATCH
PIQ87175.1_G2L	0	240	214	F	MATCH
PIQ87175.1_G2L	0	241	215	D	MATCH
PIQ87175.1_G2L	0	242	216	H	MATCH
PIQ87175.1_G2L	0	243	217	C	MATCH
PIQ87175.1_G2L	0	244	218	M	MATCH
PIQ87175.1_G2L	0	245	219	L	MATCH
PIQ87175.1_G2L	0	246	220	S	MATCH
PIQ87175.1_G2L	0	247		-	DELETE
PIQ87175.1_G2L	0	248		-	DELETE
PIQ87175.1_G2L	0	249		-	DELETE
PIQ87175.1_G2L	0	250		-	DELETE
PIQ87175.1_G2L	0	251		-	DELETE
PIQ87175.1_G2L	0	252		-	DELETE
PIQ87175.1_G2L	0	253		-	DELETE
PIQ87175.1_G2L	0	254		-	DELETE
PIQ87175.1_G2L	0	255	221	E	MATCH
PIQ87175.1_G2L	0	267	233	V	MATCH
PIQ87175.1_G2L	0	268	234	V	MATCH
PIQ87175.1_G2L	0	269	235	L	MATCH
PIQ87175.1_G2L	0	270	236	C	MATCH
PIQ87175.1_G2L	0	271	237	K	MATCH
PIQ87175.1_G2L	0	272	238	T	MATCH
PIQ87175.1_G2L	0	273	239	E	MATCH
PIQ87175.1_G2L	0	274	240	Q	MATCH
PIQ87175.1_G2L	0	275	241	E	MATCH
PIQ87175.1_G2L	0	276	242	A	MATCH
PIQ87175.1_G2L	0	277	243	L	MATCH
PIQ87175.1_G2L	0	278	244	R	MATCH
PIQ87175.1_G2L	0	279	245	A	MATCH
PIQ87175.1_G2L	0	280	246	Y	MATCH
PIQ87175.1_G2L	0	281	247	D	MATCH
PIQ87175.1_G2L	0	282	248	I	MATCH
PIQ87175.1_G2L	0	283	249	A	MATCH
PIQ87175.1_G2L	0	284	250	R	MATCH
PIQ87175.1_G2L	0	285	251	D	MATCH
PIQ87175.1_G2L	0	286	252	K	MATCH
PIQ87175.1_G2L	0	287	253	L	MATCH
PIQ87175.1_G2L	0	288	254	Q	MATCH
PIQ87175.1_G2L	0	289	255	S	MATCH
PIQ87175.1_G2L	0	290	256	F	MATCH
PIQ87175.1_G2L	0	291	257	K	MATCH
PIQ87175.1_G2L	0	292	258	L	MATCH
PIQ87175.1_G2L	0	293	259	M	MATCH
PIQ87175.1_G2L	0	294	260	L	MATCH
PIQ87175.1_G2L	0	295	261	H	MATCH
PIQ87175.1_G2L	0	296	262	P	MATCH
PIQ87175.1_G2L	0	297	269	P	MATCH
PIQ87175.1_G2L	0	299	271	T	MATCH
PIQ87175.1_G2L	0	300	272	R	MATCH
PIQ87175.1_G2L	0	301	273	I	MATCH
PIQ87175.1_G2L	0	302	274	T	MATCH
PIQ87175.1_G2L	0	303	275	T	MATCH
PIQ87175.1_G2L	0	304	276	F	MATCH
PIQ87175.1_G2L	0	305	277	N	MATCH
PIQ87175.1_G2L	0	306	278	N	MATCH
PIQ87175.1_G2L	0	307	279	G	MATCH
PIQ87175.1_G2L	0	309	281	C	MATCH
PIQ87175.1_G2L	0	310	282	F	MATCH
PIQ87175.1_G2L	0	311	283	L	MATCH
PIQ87175.1_G2L	0	312	284	G	MATCH
PIQ87175.1_G2L	0	313	285	V	MATCH
PIQ87175.1_G2L	0	314	286	Q	MATCH
PIQ87175.1_G2L	0	315	287	F	MATCH
PIQ87175.1_G2L	0	316	288	N	MATCH
PIQ87175.1_G2L	0	317	289	G	MATCH
PKV73035.1_G2L	1	107	126	V	MATCH
PKV73035.1_G2L	1	108	127	F	MATCH
PKV73035.1_G2L	1	109	128	T	MATCH
PKV73035.1_G2L	1	110	129	A	MATCH
PKV73035.1_G2L	1	111	130	V	MATCH
PKV73035.1_G2L	1	115	134	V	MATCH
PKV73035.1_G2L	1	116	135	S	MATCH
PKV73035.1_G2L	1	117	136	D	MATCH
PKV73035.1_G2L	1	118	137	R	MATCH
PKV73035.1_G2L	1	119	138	V	MATCH
PKV73035.1_G2L	1	127	146	A	MATCH
PKV73035.1_G2L	1	128	147	I	MATCH
PKV73035.1_G2L	1	129	148	E	MATCH
PKV73035.1_G2L	1	130	149	P	MATCH
PKV73035.1_G2L	1	131	150	V	MATCH
PKV73035.1_G2L	1	132	151	L	MATCH
PKV73035.1_G2L	1	133	152	E	MATCH
PKV73035.1_G2L	1	134	153	A	MATCH
PKV73035.1_G2L	1	135	154	R	MATCH
PKV73035.1_G2L	1	136	156	F	MATCH
PKV73035.1_G2L	1	137	157	A	MATCH
PKV73035.1_G2L	1	138	158	D	MATCH
PKV73035.1_G2L	1	139	159	W	MATCH
PKV73035.1_G2L	1	140	160	V	MATCH
PKV73035.1_G2L	1	145	165	V	MATCH
PKV73035.1_G2L	1	146	166	G	MATCH
PKV73035.1_G2L	1	157	177	D	MATCH
PKV73035.1_G2L	1	158	178	R	MATCH
PKV73035.1_G2L	1	159	179	H	MATCH
PKV73035.1_G2L	1	160	180	L	MATCH
PKV73035.1_G2L	1	161	181	R	MATCH
PKV73035.1_G2L	1	162	182	D	MATCH
PKV73035.1_G2L	1	163	183	G	MATCH
PKV73035.1_G2L	1	169	189	D	MATCH
PKV73035.1_G2L	1	170	190	L	MATCH
PKV73035.1_G2L	1	171	191	D	MATCH
PKV73035.1_G2L	1	172	192	V	MATCH
PKV73035.1_G2L	1	173	193	R	MATCH
PKV73035.1_G2L	1	174	194	Q	MATCH
PKV73035.1_G2L	1	175	195	T	MATCH
PKV73035.1_G2L	1	176	196	S	MATCH
PKV73035.1_G2L	1	177	197	A	MATCH
PKV73035.1_G2L	1	178	198	G	MATCH
PKV73035.1_G2L	1	179	199	S	MATCH
PKV73035.1_G2L	1	180	200	S	MATCH
PKV73035.1_G2L	1	181	201	A	MATCH
PKV73035.1_G2L	1	182	202	D	MATCH
PKV73035.1_G2L	1	183	203	E	MATCH
PKV73035.1_G2L	1	184	204	V	MATCH
PKV73035.1_G2L	1	185	205	T	MATCH
PKV73035.1_G2L	1	186	206	A	MATCH
PKV73035.1_G2L	1	187	207	W	MATCH
PKV73035.1_G2L	1	188	208	L	MATCH
PKV73035.1_G2L	1	189	209	A	MATCH
PKV73035.1_G2L	1	190	210	E	MATCH
PKV73035.1_G2L	1	191	211	H	MATCH
PKV73035.1_G2L	1	192	212	V	MATCH
PKV73035.1_G2L	1	193	213	A	MATCH
PKV73035.1_G2L	1	194	214	D	MATCH
PKV73035.1_G2L	1	195	215	G	MATCH
PKV73035.1_G2L	1	196	216	T	MATCH
PKV73035.1_G2L	1	197	217	F	MATCH
PKV73035.1_G2L	1	198	218	L	MATCH
PKV73035.1_G2L	1	199	219	D	MATCH
PKV73035.1_G2L	1	200	220	H	MATCH
PKV73035.1_G2L	1	201	221	F	MATCH
PKV73035.1_G2L	1	202	222	C	MATCH
PKV73035.1_G2L	1	203	223	R	MATCH
PKV73035.1_G2L	1	204	224	V	MATCH
PKV73035.1_G2L	1	205	225	L	MATCH
PKV73035.1_G2L	1	206	226	E	MATCH
PKV73035.1_G2L	1	207	227	P	MATCH
PKV73035.1_G2L	1	208		-	DELETE
PKV73035.1_G2L	1	209		-	DELETE
PKV73035.1_G2L	1	210		-	DELETE
PKV73035.1_G2L	1	211		-	DELETE
PKV73035.1_G2L	1	228	238	L	MATCH
PKV73035.1_G2L	1	229	239	A	MATCH
PKV73035.1_G2L	1	230	240	P	MATCH
PKV73035.1_G2L	1	231	241	T	MATCH
PKV73035.1_G2L	1	232	242	L	MATCH
PKV73035.1_G2L	1	236	246	R	MATCH
PKV73035.1_G2L	1	237	247	L	MATCH
PKV73035.1_G2L	1	238	248	S	MATCH
PKV73035.1_G2L	1	239	249	R	MATCH
PKV73035.1_G2L	1	240	250	A	MATCH
PKV73035.1_G2L	1	241	251	D	MATCH
PKV73035.1_G2L	1	242	252	A	MATCH
PKV73035.1_G2L	1	243	253	A	MATCH
PKV73035.1_G2L	1	244	254	L	MATCH
PKV73035.1_G2L	1	245	255	T	MATCH
PKV73035.1_G2L	1	246	256	G	MATCH
PKV73035.1_G2L	1	247		-	DELETE
PKV73035.1_G2L	1	248		-	DELETE
PKV73035.1_G2L	1	249		-	DELETE
PKV73035.1_G2L	1	250		-	DELETE
PKV73035.1_G2L	1	251		-	DELETE
PKV73035.1_G2L	1	252		-	DELETE
PKV73035.1_G2L	1	253		-	DELETE
PKV73035.1_G2L	1	254		-	DELETE
PKV73035.1_G2L	1	255		-	DELETE
PKV73035.1_G2L	1	267	267	V	MATCH
PKV73035.1_G2L	1	268	268	L	MATCH
PKV73035.1_G2L	1	269	269	F	MATCH
PKV73035.1_G2L	1	270	270	C	MATCH
PKV73035.1_G2L	1	271	271	L	MATCH
PKV73035.1_G2L	1	272	272	D	MATCH
PKV73035.1_G2L	1	273	273	E	MATCH
PKV73035.1_G2L	1	274	274	D	MATCH
PKV73035.1_G2L	1	275	275	Q	MATCH
PKV73035.1_G2L	1	276	276	A	MATCH
PKV73035.1_G2L	1	277	277	R	MATCH
PKV73035.1_G2L	1	278	278	E	MATCH
PKV73035.1_G2L	1	279	279	A	MATCH
PKV73035.1_G2L	1	280	280	M	MATCH
PKV73035.1_G2L	1	281	281	A	MATCH
PKV73035.1_G2L	1	282	282	A	MATCH
PKV73035.1_G2L	1	283	283	V	MATCH
PKV73035.1_G2L	1	284	284	E	MATCH
PKV73035.1_G2L	1	285	285	Q	MATCH
PKV73035.1_G2L	1	286	286	A	MATCH
PKV73035.1_G2L	1	287	287	L	MATCH
PKV73035.1_G2L	1	288	288	A	MATCH
PKV73035.1_G2L	1	289	289	G	MATCH
PKV73035.1_G2L	1	290	290	C	MATCH
PKV73035.1_G2L	1	291	291	G	MATCH
PKV73035.1_G2L	1	292	292	L	MATCH
PKV73035.1_G2L	1	293	293	E	MATCH
PKV73035.1_G2L	1	294	294	P	MATCH
PKV73035.1_G2L	1	295	295	H	MATCH
PKV73035.1_G2L	1	296	296	P	MATCH
PKV73035.1_G2L	1	297	297	D	MATCH
PKV73035.1_G2L	1	299	299	S	MATCH
PKV73035.1_G2L	1	300	300	R	MATCH
PKV73035.1_G2L	1	301	301	I	MATCH
PKV73035.1_G2L	1	302	302	R	MATCH
PKV73035.1_G2L	1	303		-	DELETE
PKV73035.1_G2L	1	304		-	DELETE
PKV73035.1_G2L	1	305		-	DELETE
PKV73035.1_G2L	1	306		-	DELETE
PKV73035.1_G2L	1	307		-	DELETE
PKV73035.1_G2L	1	309		-	DELETE
PKV73035.1_G2L	1	310		-	DELETE
PKV73035.1_G2L	1	311		-	DELETE
PKV73035.1_G2L	1	312		-	DELETE
PKV73035.1_G2L	1	313		-	DELETE
PKV73035.1_G2L	1	314		-	DELETE
PKV73035.1_G2L	1	315		-	DELETE
PKV73035.1_G2L	1	316		-	DELETE
PKV73035.1_G2L	1	317		-	DELETE
SAK23902.1_G2L	0	107		-	DELETE
SAK23902.1_G2L	0	108		-	DELETE
SAK23902.1_G2L	0	109		-	DELETE
SAK23902.1_G2L	0	110		-	DELETE
SAK23902.1_G2L	0	111	3	C	MATCH
SAK23902.1_G2L	0	115	7	V	MATCH
SAK23902.1_G2L	0	116	8	Q	MATCH
SAK23902.1_G2L	0	117	9	D	MATCH
SAK23902.1_G2L	0	118	10	R	MATCH
SAK23902.1_G2L	0	119	11	I	MATCH
SAK23902.1_G2L	0	127	19	F	MATCH
SAK23902.1_G2L	0	128	20	L	MATCH
SAK23902.1_G2L	0	129	21	S	MATCH
SAK23902.1_G2L	0	130	22	D	MATCH
SAK23902.1_G2L	0	131	24	Y	MATCH
SAK23902.1_G2L	0	132	25	A	MATCH
SAK23902.1_G2L	0	133	26	D	MATCH
SAK23902.1_G2L	0	134	27	R	MATCH
SAK23902.1_G2L	0	135	28	L	MATCH
SAK23902.1_G2L	0	136	29	A	MATCH
SAK23902.1_G2L	0	137	30	N	MATCH
SAK23902.1_G2L	0	138	31	K	MATCH
SAK23902.1_G2L	0	139	32	I	MATCH
SAK23902.1_G2L	0	140	33	S	MATCH
SAK23902.1_G2L	0	145	38	T	MATCH
SAK23902.1_G2L	0	146	39	N	MATCH
SAK23902.1_G2L	0	157	50	C	MATCH
SAK23902.1_G2L	0	158	51	E	MATCH
SAK23902.1_G2L	0	159	52	I	MATCH
SAK23902.1_G2L	0	160	53	R	MATCH
SAK23902.1_G2L	0	161		-	DELETE
SAK23902.1_G2L	0	162	54	A	MATCH
SAK23902.1_G2L	0	163	55	K	MATCH
SAK23902.1_G2L	0	169	61	K	MATCH
SAK23902.1_G2L	0	170	62	T	MATCH
SAK23902.1_G2L	0	171	63	D	MATCH
SAK23902.1_G2L	0	172	64	I	MATCH
SAK23902.1_G2L	0	173	65	A	MATCH
SAK23902.1_G2L	0	174	66	S	MATCH
SAK23902.1_G2L	0	175	67	F	MATCH
SAK23902.1_G2L	0	176	68	F	MATCH
SAK23902.1_G2L	0	177	69	D	MATCH
SAK23902.1_G2L	0	178	70	S	MATCH
SAK23902.1_G2L	0	179	71	I	MATCH
SAK23902.1_G2L	0	180	72	G	MATCH
SAK23902.1_G2L	0	181	73	R	MATCH
SAK23902.1_G2L	0	182	74	L	MATCH
SAK23902.1_G2L	0	183	75	H	MATCH
SAK23902.1_G2L	0	184	76	L	MATCH
SAK23902.1_G2L	0	185	77	E	MATCH
SAK23902.1_G2L	0	186	78	R	MATCH
SAK23902.1_G2L	0	187	79	A	MATCH
SAK23902.1_G2L	0	188	80	L	MATCH
SAK23902.1_G2L	0	189	81	K	MATCH
SAK23902.1_G2L	0	190	82	A	MATCH
SAK23902.1_G2L	0	191	83	V	MATCH
SAK23902.1_G2L	0	192	84	I	MATCH
SAK23902.1_G2L	0	193	85	R	MATCH
SAK23902.1_G2L	0	194	86	E	MATCH
SAK23902.1_G2L	0	195	87	R	MATCH
SAK23902.1_G2L	0	196	88	S	MATCH
SAK23902.1_G2L	0	197	89	L	MATCH
SAK23902.1_G2L	0	198	90	H	MATCH
SAK23902.1_G2L	0	199	91	P	MATCH
SAK23902.1_G2L	0	200	92	L	MATCH
SAK23902.1_G2L	0	201	93	L	MATCH
SAK23902.1_G2L	0	202	94	V	MATCH
SAK23902.1_G2L	0	203	95	Q	MATCH
SAK23902.1_G2L	0	204	96	A	MATCH
SAK23902.1_G2L	0	205	97	I	MATCH
SAK23902.1_G2L	0	206	98	G	MATCH
SAK23902.1_G2L	0	207	99	C	MATCH
SAK23902.1_G2L	0	208	100	E	MATCH
SAK23902.1_G2L	0	209	101	I	MATCH
SAK23902.1_G2L	0	210	102	S	MATCH
SAK23902.1_G2L	0	211	103	A	MATCH
SAK23902.1_G2L	0	228	129	L	MATCH
SAK23902.1_G2L	0	229	130	S	MATCH
SAK23902.1_G2L	0	230	131	P	MATCH
SAK23902.1_G2L	0	231	132	F	MATCH
SAK23902.1_G2L	0	232	133	F	MATCH
SAK23902.1_G2L	0	236	137	M	MATCH
SAK23902.1_G2L	0	237	138	L	MATCH
SAK23902.1_G2L	0	238	139	A	MATCH
SAK23902.1_G2L	0	239	140	G	MATCH
SAK23902.1_G2L	0	240	141	F	MATCH
SAK23902.1_G2L	0	241	142	D	MATCH
SAK23902.1_G2L	0	242	143	R	MATCH
SAK23902.1_G2L	0	243	144	A	MATCH
SAK23902.1_G2L	0	244	145	I	MATCH
SAK23902.1_G2L	0	245	146	A	MATCH
SAK23902.1_G2L	0	246	147	Q	MATCH
SAK23902.1_G2L	0	247		-	DELETE
SAK23902.1_G2L	0	248		-	DELETE
SAK23902.1_G2L	0	249		-	DELETE
SAK23902.1_G2L	0	250		-	DELETE
SAK23902.1_G2L	0	251		-	DELETE
SAK23902.1_G2L	0	252		-	DELETE
SAK23902.1_G2L	0	253		-	DELETE
SAK23902.1_G2L	0	254		-	DELETE
SAK23902.1_G2L	0	255	148	Q	MATCH
SAK23902.1_G2L	0	267	160	I	MATCH
SAK23902.1_G2L	0	268	161	F	MATCH
SAK23902.1_G2L	0	269	162	F	MATCH
SAK23902.1_G2L	0	270	163	A	MATCH
SAK23902.1_G2L	0	271	164	S	MATCH
SAK23902.1_G2L	0	272	165	S	MATCH
SAK23902.1_G2L	0	273	166	R	MATCH
SAK23902.1_G2L	0	274	167	G	MATCH
SAK23902.1_G2L	0	275	168	E	MATCH
SAK23902.1_G2L	0	276	169	C	MATCH
SAK23902.1_G2L	0	277	170	E	MATCH
SAK23902.1_G2L	0	278	171	G	MATCH
SAK23902.1_G2L	0	279	172	V	MATCH
SAK23902.1_G2L	0	280	173	A	MATCH
SAK23902.1_G2L	0	281	174	E	MATCH
SAK23902.1_G2L	0	282	175	F	MATCH
SAK23902.1_G2L	0	283	176	C	MATCH
SAK23902.1_G2L	0	284	177	A	MATCH
SAK23902.1_G2L	0	285	178	H	MATCH
SAK23902.1_G2L	0	286	179	H	MATCH
SAK23902.1_G2L	0	287	180	L	MATCH
SAK23902.1_G2L	0	288	181	A	MATCH
SAK23902.1_G2L	0	289	182	P	MATCH
SAK23902.1_G2L	0	290	183	I	MATCH
SAK23902.1_G2L	0	291	184	G	MATCH
SAK23902.1_G2L	0	292	185	L	MATCH
SAK23902.1_G2L	0	293	186	T	MATCH
SAK23902.1_G2L	0	294	187	V	MATCH
SAK23902.1_G2L	0	295	188	P	MATCH
SAK23902.1_G2L	0	296	189	P	MATCH
SAK23902.1_G2L	0	297	194	S	MATCH
SAK23902.1_G2L	0	299	196	S	MATCH
SAK23902.1_G2L	0	300	197	V	MATCH
SAK23902.1_G2L	0	301	198	I	MATCH
SAK23902.1_G2L	0	302	199	Y	MATCH
SAK23902.1_G2L	0	303	200	E	MATCH
SAK23902.1_G2L	0	304	201	P	MATCH
SAK23902.1_G2L	0	305	202	D	MATCH
SAK23902.1_G2L	0	306	203	Q	MATCH
SAK23902.1_G2L	0	307	204	A	MATCH
SAK23902.1_G2L	0	309	206	E	MATCH
SAK23902.1_G2L	0	310	207	F	MATCH
SAK23902.1_G2L	0	311	208	L	MATCH
SAK23902.1_G2L	0	312	209	G	MATCH
SAK23902.1_G2L	0	313	210	V	MATCH
SAK23902.1_G2L	0	314	211	S	MATCH
SAK23902.1_G2L	0	315	212	L	MATCH
SAK23902.1_G2L	0	316	213	V	MATCH
SAK23902.1_G2L	0	317	214	R	MATCH
SFJ98198.1_G2L	0	107	60	Y	MATCH
SFJ98198.1_G2L	0	108	61	R	MATCH
SFJ98198.1_G2L	0	109	62	I	MATCH
SFJ98198.1_G2L	0	110	63	I	MATCH
SFJ98198.1_G2L	0	111	64	C	MATCH
SFJ98198.1_G2L	0	115	68	V	MATCH
SFJ98198.1_G2L	0	116	69	K	MATCH
SFJ98198.1_G2L	0	117	70	D	MATCH
SFJ98198.1_G2L	0	118	71	R	MATCH
SFJ98198.1_G2L	0	119	72	F	MATCH
SFJ98198.1_G2L	0	127	80	F	MATCH
SFJ98198.1_G2L	0	128	81	L	MATCH
SFJ98198.1_G2L	0	129	82	N	MATCH
SFJ98198.1_G2L	0	130	83	N	MATCH
SFJ98198.1_G2L	0	131	84	H	MATCH
SFJ98198.1_G2L	0	132	85	D	MATCH
SFJ98198.1_G2L	0	133	86	Q	MATCH
SFJ98198.1_G2L	0	134	87	T	MATCH
SFJ98198.1_G2L	0	135	88	L	MATCH
SFJ98198.1_G2L	0	136	89	A	MATCH
SFJ98198.1_G2L	0	137	90	N	MATCH
SFJ98198.1_G2L	0	138	91	K	MATCH
SFJ98198.1_G2L	0	139	92	I	MATCH
SFJ98198.1_G2L	0	140	93	S	MATCH
SFJ98198.1_G2L	0	145	98	N	MATCH
SFJ98198.1_G2L	0	146	99	G	MATCH
SFJ98198.1_G2L	0	157	112	K	MATCH
SFJ98198.1_G2L	0	158	113	S	MATCH
SFJ98198.1_G2L	0	159	114	L	MATCH
SFJ98198.1_G2L	0	160	115	R	MATCH
SFJ98198.1_G2L	0	161		-	DELETE
SFJ98198.1_G2L	0	162	116	Q	MATCH
SFJ98198.1_G2L	0	163	117	S	MATCH
SFJ98198.1_G2L	0	169	123	K	MATCH
SFJ98198.1_G2L	0	170	124	A	MATCH
SFJ98198.1_G2L	0	171	125	D	MATCH
SFJ98198.1_G2L	0	172	126	I	MATCH
SFJ98198.1_G2L	0	173	127	S	MATCH
SFJ98198.1_G2L	0	174	128	A	MATCH
SFJ98198.1_G2L	0	175	129	F	MATCH
SFJ98198.1_G2L	0	176	130	F	MATCH
SFJ98198.1_G2L	0	177	131	D	MATCH
SFJ98198.1_G2L	0	178	132	N	MATCH
SFJ98198.1_G2L	0	179	133	I	MATCH
SFJ98198.1_G2L	0	180	134	Q	MATCH
SFJ98198.1_G2L	0	181	135	R	MATCH
SFJ98198.1_G2L	0	182	136	A	MATCH
SFJ98198.1_G2L	0	183	137	E	MATCH
SFJ98198.1_G2L	0	184	138	I	MATCH
SFJ98198.1_G2L	0	185	139	E	MATCH
SFJ98198.1_G2L	0	186	140	N	MATCH
SFJ98198.1_G2L	0	187	141	L	MATCH
SFJ98198.1_G2L	0	188	142	I	MATCH
SFJ98198.1_G2L	0	189	143	R	MATCH
SFJ98198.1_G2L	0	190	144	K	MATCH
SFJ98198.1_G2L	0	191	145	K	MATCH
SFJ98198.1_G2L	0	192	146	V	MATCH
SFJ98198.1_G2L	0	193	147	K	MATCH
SFJ98198.1_G2L	0	194	148	Y	MATCH
SFJ98198.1_G2L	0	195	149	R	MATCH
SFJ98198.1_G2L	0	196	150	S	MATCH
SFJ98198.1_G2L	0	197	151	L	MATCH
SFJ98198.1_G2L	0	198	152	H	MATCH
SFJ98198.1_G2L	0	199	153	N	MATCH
SFJ98198.1_G2L	0	200	154	L	MATCH
SFJ98198.1_G2L	0	201	155	I	MATCH
SFJ98198.1_G2L	0	202	156	I	MATCH
SFJ98198.1_G2L	0	203	157	K	MATCH
SFJ98198.1_G2L	0	204	158	F	MATCH
SFJ98198.1_G2L	0	205	159	V	MATCH
SFJ98198.1_G2L	0	206	160	H	MATCH
SFJ98198.1_G2L	0	207	161	T	MATCH
SFJ98198.1_G2L	0	208	162	E	MATCH
SFJ98198.1_G2L	0	209	163	I	MATCH
SFJ98198.1_G2L	0	210	164	Q	MATCH
SFJ98198.1_G2L	0	211	165	A	MATCH
SFJ98198.1_G2L	0	228	190	L	MATCH
SFJ98198.1_G2L	0	229	191	S	MATCH
SFJ98198.1_G2L	0	230	192	P	MATCH
SFJ98198.1_G2L	0	231	193	Y	MATCH
SFJ98198.1_G2L	0	232	194	L	MATCH
SFJ98198.1_G2L	0	236	198	Y	MATCH
SFJ98198.1_G2L	0	237	199	L	MATCH
SFJ98198.1_G2L	0	238	200	K	MATCH
SFJ98198.1_G2L	0	239	201	N	MATCH
SFJ98198.1_G2L	0	240	202	F	MATCH
SFJ98198.1_G2L	0	241	203	D	MATCH
SFJ98198.1_G2L	0	242	204	D	MATCH
SFJ98198.1_G2L	0	243	205	A	MATCH
SFJ98198.1_G2L	0	244	206	V	MATCH
SFJ98198.1_G2L	0	245	207	I	MATCH
SFJ98198.1_G2L	0	246	208	K	MATCH
SFJ98198.1_G2L	0	247		-	DELETE
SFJ98198.1_G2L	0	248		-	DELETE
SFJ98198.1_G2L	0	249		-	DELETE
SFJ98198.1_G2L	0	250		-	DELETE
SFJ98198.1_G2L	0	251		-	DELETE
SFJ98198.1_G2L	0	252		-	DELETE
SFJ98198.1_G2L	0	253		-	DELETE
SFJ98198.1_G2L	0	254		-	DELETE
SFJ98198.1_G2L	0	255	209	K	MATCH
SFJ98198.1_G2L	0	267	221	I	MATCH
SFJ98198.1_G2L	0	268	222	A	MATCH
SFJ98198.1_G2L	0	269	223	F	MATCH
SFJ98198.1_G2L	0	270	224	A	MATCH
SFJ98198.1_G2L	0	271	225	N	MATCH
SFJ98198.1_G2L	0	272	226	N	MATCH
SFJ98198.1_G2L	0	273	227	K	MATCH
SFJ98198.1_G2L	0	274	228	D	MATCH
SFJ98198.1_G2L	0	275	229	S	MATCH
SFJ98198.1_G2L	0	276	230	C	MATCH
SFJ98198.1_G2L	0	277	231	H	MATCH
SFJ98198.1_G2L	0	278	232	Q	MATCH
SFJ98198.1_G2L	0	279	233	I	MATCH
SFJ98198.1_G2L	0	280	234	H	MATCH
SFJ98198.1_G2L	0	281	235	D	MATCH
SFJ98198.1_G2L	0	282	236	F	MATCH
SFJ98198.1_G2L	0	283	237	C	MATCH
SFJ98198.1_G2L	0	284	238	K	MATCH
SFJ98198.1_G2L	0	285	239	Q	MATCH
SFJ98198.1_G2L	0	286	240	E	MATCH
SFJ98198.1_G2L	0	287	241	L	MATCH
SFJ98198.1_G2L	0	288	242	R	MATCH
SFJ98198.1_G2L	0	289	243	K	MATCH
SFJ98198.1_G2L	0	290	244	V	MATCH
SFJ98198.1_G2L	0	291	245	F	MATCH
SFJ98198.1_G2L	0	292	246	L	MATCH
SFJ98198.1_G2L	0	293	247	D	MATCH
SFJ98198.1_G2L	0	294	248	I	MATCH
SFJ98198.1_G2L	0	295	249	H	MATCH
SFJ98198.1_G2L	0	296	254	K	MATCH
SFJ98198.1_G2L	0	297	255	S	MATCH
SFJ98198.1_G2L	0	299	257	T	MATCH
SFJ98198.1_G2L	0	300	258	I	MATCH
SFJ98198.1_G2L	0	301	259	I	MATCH
SFJ98198.1_G2L	0	302	260	A	MATCH
SFJ98198.1_G2L	0	303	261	A	MATCH
SFJ98198.1_G2L	0	304	262	P	MATCH
SFJ98198.1_G2L	0	305	263	E	MATCH
SFJ98198.1_G2L	0	306	264	Q	MATCH
SFJ98198.1_G2L	0	307	265	D	MATCH
SFJ98198.1_G2L	0	309	267	E	MATCH
SFJ98198.1_G2L	0	310	268	F	MATCH
SFJ98198.1_G2L	0	311	269	L	MATCH
SFJ98198.1_G2L	0	312	270	G	MATCH
SFJ98198.1_G2L	0	313	271	L	MATCH
SFJ98198.1_G2L	0	314	272	S	MATCH
SFJ98198.1_G2L	0	315	273	I	MATCH
SFJ98198.1_G2L	0	316	274	C	MATCH
SFJ98198.1_G2L	0	317	275	P	MATCH
SHH90620.1_G2L	0	107	86	F	MATCH
SHH90620.1_G2L	0	108	87	R	MATCH
SHH90620.1_G2L	0	109	88	P	MATCH
SHH90620.1_G2L	0	110	89	L	MATCH
SHH90620.1_G2L	0	111	90	Q	MATCH
SHH90620.1_G2L	0	115	94	I	MATCH
SHH90620.1_G2L	0	116	95	Q	MATCH
SHH90620.1_G2L	0	117	96	D	MATCH
SHH90620.1_G2L	0	118	97	R	MATCH
SHH90620.1_G2L	0	119	98	L	MATCH
SHH90620.1_G2L	0	127	106	Q	MATCH
SHH90620.1_G2L	0	128	107	I	MATCH
SHH90620.1_G2L	0	129	108	E	MATCH
SHH90620.1_G2L	0	130	109	K	MATCH
SHH90620.1_G2L	0	131	110	E	MATCH
SHH90620.1_G2L	0	132	111	F	MATCH
SHH90620.1_G2L	0	133	112	A	MATCH
SHH90620.1_G2L	0	134	116	S	MATCH
SHH90620.1_G2L	0	135	117	K	MATCH
SHH90620.1_G2L	0	136	118	S	MATCH
SHH90620.1_G2L	0	137	119	K	MATCH
SHH90620.1_G2L	0	138	120	D	MATCH
SHH90620.1_G2L	0	139	121	V	MATCH
SHH90620.1_G2L	0	140	122	S	MATCH
SHH90620.1_G2L	0	145	127	K	MATCH
SHH90620.1_G2L	0	146	128	G	MATCH
SHH90620.1_G2L	0	157	139	V	MATCH
SHH90620.1_G2L	0	158	140	E	MATCH
SHH90620.1_G2L	0	159	141	Y	MATCH
SHH90620.1_G2L	0	160	142	Y	MATCH
SHH90620.1_G2L	0	161	143	Q	MATCH
SHH90620.1_G2L	0	162	144	D	MATCH
SHH90620.1_G2L	0	163	145	G	MATCH
SHH90620.1_G2L	0	169	151	E	MATCH
SHH90620.1_G2L	0	170	152	A	MATCH
SHH90620.1_G2L	0	171	153	D	MATCH
SHH90620.1_G2L	0	172	154	I	MATCH
SHH90620.1_G2L	0	173	155	V	MATCH
SHH90620.1_G2L	0	174	156	N	MATCH
SHH90620.1_G2L	0	175	157	F	MATCH
SHH90620.1_G2L	0	176	158	F	MATCH
SHH90620.1_G2L	0	177	159	D	MATCH
SHH90620.1_G2L	0	178	160	K	MATCH
SHH90620.1_G2L	0	179	161	V	MATCH
SHH90620.1_G2L	0	180	162	E	MATCH
SHH90620.1_G2L	0	181	163	K	MATCH
SHH90620.1_G2L	0	182	164	R	MATCH
SHH90620.1_G2L	0	183	165	R	MATCH
SHH90620.1_G2L	0	184	166	L	MATCH
SHH90620.1_G2L	0	185	167	L	MATCH
SHH90620.1_G2L	0	186	168	A	MATCH
SHH90620.1_G2L	0	187	169	Q	MATCH
SHH90620.1_G2L	0	188	170	F	MATCH
SHH90620.1_G2L	0	189	173	P	MATCH
SHH90620.1_G2L	0	190	174	Q	MATCH
SHH90620.1_G2L	0	191	175	L	MATCH
SHH90620.1_G2L	0	192	176	P	MATCH
SHH90620.1_G2L	0	193	177	N	MATCH
SHH90620.1_G2L	0	194	178	S	MATCH
SHH90620.1_G2L	0	195	179	Q	MATCH
SHH90620.1_G2L	0	196	180	V	MATCH
SHH90620.1_G2L	0	197	181	V	MATCH
SHH90620.1_G2L	0	198	182	H	MATCH
SHH90620.1_G2L	0	199	183	K	MATCH
SHH90620.1_G2L	0	200	184	L	MATCH
SHH90620.1_G2L	0	201	185	I	MATCH
SHH90620.1_G2L	0	202	186	E	MATCH
SHH90620.1_G2L	0	203	187	K	MATCH
SHH90620.1_G2L	0	204	188	G	MATCH
SHH90620.1_G2L	0	205	189	L	MATCH
SHH90620.1_G2L	0	206	190	S	MATCH
SHH90620.1_G2L	0	207	191	M	MATCH
SHH90620.1_G2L	0	208	192	K	MATCH
SHH90620.1_G2L	0	209	193	L	MATCH
SHH90620.1_G2L	0	210	199	G	MATCH
SHH90620.1_G2L	0	211	200	D	MATCH
SHH90620.1_G2L	0	228	219	L	MATCH
SHH90620.1_G2L	0	229	220	S	MATCH
SHH90620.1_G2L	0	230	221	P	MATCH
SHH90620.1_G2L	0	231	222	L	MATCH
SHH90620.1_G2L	0	232	223	F	MATCH
SHH90620.1_G2L	0	236	227	Y	MATCH
SHH90620.1_G2L	0	237	228	L	MATCH
SHH90620.1_G2L	0	238	229	Q	MATCH
SHH90620.1_G2L	0	239	230	A	MATCH
SHH90620.1_G2L	0	240	231	F	MATCH
SHH90620.1_G2L	0	241	232	D	MATCH
SHH90620.1_G2L	0	242	233	S	MATCH
SHH90620.1_G2L	0	243	234	Y	MATCH
SHH90620.1_G2L	0	244	235	M	MATCH
SHH90620.1_G2L	0	245	236	I	MATCH
SHH90620.1_G2L	0	246	237	S	MATCH
SHH90620.1_G2L	0	247		-	DELETE
SHH90620.1_G2L	0	248		-	DELETE
SHH90620.1_G2L	0	249		-	DELETE
SHH90620.1_G2L	0	250		-	DELETE
SHH90620.1_G2L	0	251		-	DELETE
SHH90620.1_G2L	0	252		-	DELETE
SHH90620.1_G2L	0	253		-	DELETE
SHH90620.1_G2L	0	254		-	DELETE
SHH90620.1_G2L	0	255	238	Q	MATCH
SHH90620.1_G2L	0	267	250	I	MATCH
SHH90620.1_G2L	0	268	251	V	MATCH
SHH90620.1_G2L	0	269	252	M	MATCH
SHH90620.1_G2L	0	270	253	L	MATCH
SHH90620.1_G2L	0	271	254	K	MATCH
SHH90620.1_G2L	0	272	255	S	MATCH
SHH90620.1_G2L	0	273	256	E	MATCH
SHH90620.1_G2L	0	274	257	E	MATCH
SHH90620.1_G2L	0	275	258	E	MATCH
SHH90620.1_G2L	0	276	259	A	MATCH
SHH90620.1_G2L	0	277	260	R	MATCH
SHH90620.1_G2L	0	278	261	K	MATCH
SHH90620.1_G2L	0	279	262	C	MATCH
SHH90620.1_G2L	0	280	263	F	MATCH
SHH90620.1_G2L	0	281	264	D	MATCH
SHH90620.1_G2L	0	282	265	K	MATCH
SHH90620.1_G2L	0	283	266	V	MATCH
SHH90620.1_G2L	0	284	267	S	MATCH
SHH90620.1_G2L	0	285	268	K	MATCH
SHH90620.1_G2L	0	286	269	F	MATCH
SHH90620.1_G2L	0	287	270	L	MATCH
SHH90620.1_G2L	0	288	272	E	MATCH
SHH90620.1_G2L	0	289	273	D	MATCH
SHH90620.1_G2L	0	290	274	L	MATCH
SHH90620.1_G2L	0	291	275	D	MATCH
SHH90620.1_G2L	0	292	276	L	MATCH
SHH90620.1_G2L	0	293	277	E	MATCH
SHH90620.1_G2L	0	294	278	L	MATCH
SHH90620.1_G2L	0	295	279	H	MATCH
SHH90620.1_G2L	0	296	280	P	MATCH
SHH90620.1_G2L	0	297	283	M	MATCH
SHH90620.1_G2L	0	299	285	S	MATCH
SHH90620.1_G2L	0	300	286	K	MATCH
SHH90620.1_G2L	0	301	287	I	MATCH
SHH90620.1_G2L	0	302	288	I	MATCH
SHH90620.1_G2L	0	303	289	K	MATCH
SHH90620.1_G2L	0	304	290	P	MATCH
SHH90620.1_G2L	0	305	291	D	MATCH
SHH90620.1_G2L	0	306	292	K	MATCH
SHH90620.1_G2L	0	307	294	A	MATCH
SHH90620.1_G2L	0	309	296	S	MATCH
SHH90620.1_G2L	0	310	297	F	MATCH
SHH90620.1_G2L	0	311	298	L	MATCH
SHH90620.1_G2L	0	312	299	S	MATCH
SHH90620.1_G2L	0	313	300	I	MATCH
SHH90620.1_G2L	0	314	301	T	MATCH
SHH90620.1_G2L	0	315	302	F	MATCH
SHH90620.1_G2L	0	316	303	D	MATCH
SHH90620.1_G2L	0	317	304	G	MATCH
SOB75353.1_G2L	0	107	81	Y	MATCH
SOB75353.1_G2L	0	108	82	R	MATCH
SOB75353.1_G2L	0	109	83	I	MATCH
SOB75353.1_G2L	0	110	84	I	MATCH
SOB75353.1_G2L	0	111	85	N	MATCH
SOB75353.1_G2L	0	115	89	I	MATCH
SOB75353.1_G2L	0	116	90	Q	MATCH
SOB75353.1_G2L	0	117	91	D	MATCH
SOB75353.1_G2L	0	118	92	R	MATCH
SOB75353.1_G2L	0	119	93	I	MATCH
SOB75353.1_G2L	0	127	101	F	MATCH
SOB75353.1_G2L	0	128	102	L	MATCH
SOB75353.1_G2L	0	129	103	S	MATCH
SOB75353.1_G2L	0	130	104	D	MATCH
SOB75353.1_G2L	0	131	105	K	MATCH
SOB75353.1_G2L	0	132		-	DELETE
SOB75353.1_G2L	0	133		-	DELETE
SOB75353.1_G2L	0	134	106	S	MATCH
SOB75353.1_G2L	0	135	107	I	MATCH
SOB75353.1_G2L	0	136	108	F	MATCH
SOB75353.1_G2L	0	137	109	K	MATCH
SOB75353.1_G2L	0	138	110	S	MATCH
SOB75353.1_G2L	0	139	111	Q	MATCH
SOB75353.1_G2L	0	140	112	S	MATCH
SOB75353.1_G2L	0	145	118	K	MATCH
SOB75353.1_G2L	0	146	119	G	MATCH
SOB75353.1_G2L	0	157	130	L	MATCH
SOB75353.1_G2L	0	158	131	A	MATCH
SOB75353.1_G2L	0	159	132	L	MATCH
SOB75353.1_G2L	0	160	133	R	MATCH
SOB75353.1_G2L	0	161		-	DELETE
SOB75353.1_G2L	0	162	134	T	MATCH
SOB75353.1_G2L	0	163	135	N	MATCH
SOB75353.1_G2L	0	169	141	K	MATCH
SOB75353.1_G2L	0	170	142	V	MATCH
SOB75353.1_G2L	0	171	143	D	MATCH
SOB75353.1_G2L	0	172	144	V	MATCH
SOB75353.1_G2L	0	173	145	E	MATCH
SOB75353.1_G2L	0	174	146	A	MATCH
SOB75353.1_G2L	0	175	147	F	MATCH
SOB75353.1_G2L	0	176	148	F	MATCH
SOB75353.1_G2L	0	177	149	D	MATCH
SOB75353.1_G2L	0	178	150	T	MATCH
SOB75353.1_G2L	0	179	151	I	MATCH
SOB75353.1_G2L	0	180	152	P	MATCH
SOB75353.1_G2L	0	181	153	R	MATCH
SOB75353.1_G2L	0	182	154	I	MATCH
SOB75353.1_G2L	0	183	155	E	MATCH
SOB75353.1_G2L	0	184	156	L	MATCH
SOB75353.1_G2L	0	185	157	I	MATCH
SOB75353.1_G2L	0	186	158	K	MATCH
SOB75353.1_G2L	0	187	159	R	MATCH
SOB75353.1_G2L	0	188	160	V	MATCH
SOB75353.1_G2L	0	189	161	K	MATCH
SOB75353.1_G2L	0	190	162	S	MATCH
SOB75353.1_G2L	0	191	163	K	MATCH
SOB75353.1_G2L	0	192	164	I	MATCH
SOB75353.1_G2L	0	193	165	R	MATCH
SOB75353.1_G2L	0	194	166	Y	MATCH
SOB75353.1_G2L	0	195	167	P	MATCH
SOB75353.1_G2L	0	196	168	S	MATCH
SOB75353.1_G2L	0	197	169	I	MATCH
SOB75353.1_G2L	0	198	170	R	MATCH
SOB75353.1_G2L	0	199	171	Q	MATCH
SOB75353.1_G2L	0	200	172	L	MATCH
SOB75353.1_G2L	0	201	173	I	MATCH
SOB75353.1_G2L	0	202	174	F	MATCH
SOB75353.1_G2L	0	203	175	D	MATCH
SOB75353.1_G2L	0	204	176	I	MATCH
SOB75353.1_G2L	0	205	177	I	MATCH
SOB75353.1_G2L	0	206	178	E	MATCH
SOB75353.1_G2L	0	207	181	S	MATCH
SOB75353.1_G2L	0	208	182	E	MATCH
SOB75353.1_G2L	0	209	183	F	MATCH
SOB75353.1_G2L	0	210	184	R	MATCH
SOB75353.1_G2L	0	211	185	S	MATCH
SOB75353.1_G2L	0	228	209	L	MATCH
SOB75353.1_G2L	0	229	210	S	MATCH
SOB75353.1_G2L	0	230	211	P	MATCH
SOB75353.1_G2L	0	231	212	F	MATCH
SOB75353.1_G2L	0	232	213	L	MATCH
SOB75353.1_G2L	0	236	217	Y	MATCH
SOB75353.1_G2L	0	237	218	L	MATCH
SOB75353.1_G2L	0	238	219	D	MATCH
SOB75353.1_G2L	0	239	220	Q	MATCH
SOB75353.1_G2L	0	240	221	L	MATCH
SOB75353.1_G2L	0	241	222	D	MATCH
SOB75353.1_G2L	0	242	223	L	MATCH
SOB75353.1_G2L	0	243	224	F	MATCH
SOB75353.1_G2L	0	244	225	V	MATCH
SOB75353.1_G2L	0	245	226	E	MATCH
SOB75353.1_G2L	0	246	227	K	MATCH
SOB75353.1_G2L	0	247		-	DELETE
SOB75353.1_G2L	0	248		-	DELETE
SOB75353.1_G2L	0	249		-	DELETE
SOB75353.1_G2L	0	250		-	DELETE
SOB75353.1_G2L	0	251		-	DELETE
SOB75353.1_G2L	0	252		-	DELETE
SOB75353.1_G2L	0	253		-	DELETE
SOB75353.1_G2L	0	254		-	DELETE
SOB75353.1_G2L	0	255	228	K	MATCH
SOB75353.1_G2L	0	267	240	V	MATCH
SOB75353.1_G2L	0	268	241	V	MATCH
SOB75353.1_G2L	0	269	242	L	MATCH
SOB75353.1_G2L	0	270	243	C	MATCH
SOB75353.1_G2L	0	271	244	S	MATCH
SOB75353.1_G2L	0	272	245	S	MATCH
SOB75353.1_G2L	0	273	246	H	MATCH
SOB75353.1_G2L	0	274	247	S	MATCH
SOB75353.1_G2L	0	275	248	E	MATCH
SOB75353.1_G2L	0	276	249	A	MATCH
SOB75353.1_G2L	0	277	250	E	MATCH
SOB75353.1_G2L	0	278	251	K	MATCH
SOB75353.1_G2L	0	279	252	A	MATCH
SOB75353.1_G2L	0	280	253	K	MATCH
SOB75353.1_G2L	0	281	254	L	MATCH
SOB75353.1_G2L	0	282	255	E	MATCH
SOB75353.1_G2L	0	283	256	V	MATCH
SOB75353.1_G2L	0	284	257	I	MATCH
SOB75353.1_G2L	0	285	258	S	MATCH
SOB75353.1_G2L	0	286	259	C	MATCH
SOB75353.1_G2L	0	287	260	L	MATCH
SOB75353.1_G2L	0	288	261	S	MATCH
SOB75353.1_G2L	0	289	262	G	MATCH
SOB75353.1_G2L	0	290	263	L	MATCH
SOB75353.1_G2L	0	291	264	G	MATCH
SOB75353.1_G2L	0	292	265	L	MATCH
SOB75353.1_G2L	0	293	266	L	MATCH
SOB75353.1_G2L	0	294	267	V	MATCH
SOB75353.1_G2L	0	295	268	S	MATCH
SOB75353.1_G2L	0	296	269	D	MATCH
SOB75353.1_G2L	0	297	270	K	MATCH
SOB75353.1_G2L	0	299	272	T	MATCH
SOB75353.1_G2L	0	300	273	A	MATCH
SOB75353.1_G2L	0	301	274	I	MATCH
SOB75353.1_G2L	0	302	275	F	MATCH
SOB75353.1_G2L	0	303	276	C	MATCH
SOB75353.1_G2L	0	304	277	P	MATCH
SOB75353.1_G2L	0	305	278	E	MATCH
SOB75353.1_G2L	0	306	279	D	MATCH
SOB75353.1_G2L	0	307	280	K	MATCH
SOB75353.1_G2L	0	309	282	E	MATCH
SOB75353.1_G2L	0	310	283	F	MATCH
SOB75353.1_G2L	0	311	284	L	MATCH
SOB75353.1_G2L	0	312	285	G	MATCH
SOB75353.1_G2L	0	313	286	I	MATCH
SOB75353.1_G2L	0	314	287	D	MATCH
SOB75353.1_G2L	0	315	288	C	MATCH
SOB75353.1_G2L	0	316	289	S	MATCH
SOB75353.1_G2L	0	317	290	L	MATCH
SOD41170.1_G2L	0	107	67	D	MATCH
SOD41170.1_G2L	0	108	68	R	MATCH
SOD41170.1_G2L	0	109	69	L	MATCH
SOD41170.1_G2L	0	110	70	I	MATCH
SOD41170.1_G2L	0	111	71	C	MATCH
SOD41170.1_G2L	0	115	75	V	MATCH
SOD41170.1_G2L	0	116	76	I	MATCH
SOD41170.1_G2L	0	117	77	D	MATCH
SOD41170.1_G2L	0	118	78	R	MATCH
SOD41170.1_G2L	0	119	79	I	MATCH
SOD41170.1_G2L	0	127	87	E	MATCH
SOD41170.1_G2L	0	128	88	L	MATCH
SOD41170.1_G2L	0	129	90	T	MATCH
SOD41170.1_G2L	0	130	91	K	MATCH
SOD41170.1_G2L	0	131	92	Y	MATCH
SOD41170.1_G2L	0	132	93	Y	MATCH
SOD41170.1_G2L	0	133	94	E	MATCH
SOD41170.1_G2L	0	134	95	R	MATCH
SOD41170.1_G2L	0	135	96	L	MATCH
SOD41170.1_G2L	0	136	97	A	MATCH
SOD41170.1_G2L	0	137	98	N	MATCH
SOD41170.1_G2L	0	138	99	R	MATCH
SOD41170.1_G2L	0	139	100	I	MATCH
SOD41170.1_G2L	0	140	101	S	MATCH
SOD41170.1_G2L	0	145	106	K	MATCH
SOD41170.1_G2L	0	146	107	N	MATCH
SOD41170.1_G2L	0	157	118	C	MATCH
SOD41170.1_G2L	0	158	119	V	MATCH
SOD41170.1_G2L	0	159	120	Q	MATCH
SOD41170.1_G2L	0	160	121	R	MATCH
SOD41170.1_G2L	0	161		-	DELETE
SOD41170.1_G2L	0	162	122	K	MATCH
SOD41170.1_G2L	0	163	123	K	MATCH
SOD41170.1_G2L	0	169	129	K	MATCH
SOD41170.1_G2L	0	170	130	T	MATCH
SOD41170.1_G2L	0	171	131	D	MATCH
SOD41170.1_G2L	0	172	132	I	MATCH
SOD41170.1_G2L	0	173	133	T	MATCH
SOD41170.1_G2L	0	174	134	S	MATCH
SOD41170.1_G2L	0	175	135	F	MATCH
SOD41170.1_G2L	0	176	136	F	MATCH
SOD41170.1_G2L	0	177	137	D	MATCH
SOD41170.1_G2L	0	178	138	S	MATCH
SOD41170.1_G2L	0	179	139	V	MATCH
SOD41170.1_G2L	0	180	140	D	MATCH
SOD41170.1_G2L	0	181	141	R	MATCH
SOD41170.1_G2L	0	182	142	K	MATCH
SOD41170.1_G2L	0	183	143	I	MATCH
SOD41170.1_G2L	0	184	144	L	MATCH
SOD41170.1_G2L	0	185	145	A	MATCH
SOD41170.1_G2L	0	186	146	G	MATCH
SOD41170.1_G2L	0	187	147	A	MATCH
SOD41170.1_G2L	0	188	148	I	MATCH
SOD41170.1_G2L	0	189	149	T	MATCH
SOD41170.1_G2L	0	190	150	K	MATCH
SOD41170.1_G2L	0	191	151	N	MATCH
SOD41170.1_G2L	0	192	152	I	MATCH
SOD41170.1_G2L	0	193	153	R	MATCH
SOD41170.1_G2L	0	194	154	E	MATCH
SOD41170.1_G2L	0	195	155	T	MATCH
SOD41170.1_G2L	0	196	156	S	MATCH
SOD41170.1_G2L	0	197	157	L	MATCH
SOD41170.1_G2L	0	198	158	H	MATCH
SOD41170.1_G2L	0	199	159	K	MATCH
SOD41170.1_G2L	0	200	160	L	MATCH
SOD41170.1_G2L	0	201	161	L	MATCH
SOD41170.1_G2L	0	202	162	I	MATCH
SOD41170.1_G2L	0	203	163	E	MATCH
SOD41170.1_G2L	0	204	164	A	MATCH
SOD41170.1_G2L	0	205	165	S	MATCH
SOD41170.1_G2L	0	206	166	A	MATCH
SOD41170.1_G2L	0	207	167	C	MATCH
SOD41170.1_G2L	0	208	168	E	MATCH
SOD41170.1_G2L	0	209	169	I	MATCH
SOD41170.1_G2L	0	210	170	Q	MATCH
SOD41170.1_G2L	0	211	171	H	MATCH
SOD41170.1_G2L	0	228	197	L	MATCH
SOD41170.1_G2L	0	229	198	S	MATCH
SOD41170.1_G2L	0	230	199	P	MATCH
SOD41170.1_G2L	0	231	200	F	MATCH
SOD41170.1_G2L	0	232	201	F	MATCH
SOD41170.1_G2L	0	236	205	L	MATCH
SOD41170.1_G2L	0	237	206	L	MATCH
SOD41170.1_G2L	0	238	207	L	MATCH
SOD41170.1_G2L	0	239	208	K	MATCH
SOD41170.1_G2L	0	240	209	F	MATCH
SOD41170.1_G2L	0	241	210	D	MATCH
SOD41170.1_G2L	0	242	211	E	MATCH
SOD41170.1_G2L	0	243	212	T	MATCH
SOD41170.1_G2L	0	244	213	V	MATCH
SOD41170.1_G2L	0	245	214	Q	MATCH
SOD41170.1_G2L	0	246	215	K	MATCH
SOD41170.1_G2L	0	247		-	DELETE
SOD41170.1_G2L	0	248		-	DELETE
SOD41170.1_G2L	0	249		-	DELETE
SOD41170.1_G2L	0	250		-	DELETE
SOD41170.1_G2L	0	251		-	DELETE
SOD41170.1_G2L	0	252		-	DELETE
SOD41170.1_G2L	0	253		-	DELETE
SOD41170.1_G2L	0	254		-	DELETE
SOD41170.1_G2L	0	255	216	K	MATCH
SOD41170.1_G2L	0	267	228	I	MATCH
SOD41170.1_G2L	0	268	229	F	MATCH
SOD41170.1_G2L	0	269	230	F	MATCH
SOD41170.1_G2L	0	270	231	A	MATCH
SOD41170.1_G2L	0	271	232	K	MATCH
SOD41170.1_G2L	0	272	233	N	MATCH
SOD41170.1_G2L	0	273	234	E	MATCH
SOD41170.1_G2L	0	274	235	N	MATCH
SOD41170.1_G2L	0	275	236	E	MATCH
SOD41170.1_G2L	0	276	237	C	MATCH
SOD41170.1_G2L	0	277	238	K	MATCH
SOD41170.1_G2L	0	278	239	E	MATCH
SOD41170.1_G2L	0	279	240	I	MATCH
SOD41170.1_G2L	0	280	241	A	MATCH
SOD41170.1_G2L	0	281	242	A	MATCH
SOD41170.1_G2L	0	282	243	F	MATCH
SOD41170.1_G2L	0	283	244	C	MATCH
SOD41170.1_G2L	0	284	245	S	MATCH
SOD41170.1_G2L	0	285	246	E	MATCH
SOD41170.1_G2L	0	286	247	E	MATCH
SOD41170.1_G2L	0	287	248	L	MATCH
SOD41170.1_G2L	0	288	249	G	MATCH
SOD41170.1_G2L	0	289	250	N	MATCH
SOD41170.1_G2L	0	290	251	L	MATCH
SOD41170.1_G2L	0	291	252	G	MATCH
SOD41170.1_G2L	0	292	253	L	MATCH
SOD41170.1_G2L	0	293	254	A	MATCH
SOD41170.1_G2L	0	294	255	I	MATCH
SOD41170.1_G2L	0	295	256	P	MATCH
SOD41170.1_G2L	0	296	257	R	MATCH
SOD41170.1_G2L	0	297	262	S	MATCH
SOD41170.1_G2L	0	299	264	S	MATCH
SOD41170.1_G2L	0	300	265	T	MATCH
SOD41170.1_G2L	0	301	266	I	MATCH
SOD41170.1_G2L	0	302	267	H	MATCH
SOD41170.1_G2L	0	303	268	D	MATCH
SOD41170.1_G2L	0	304	269	P	MATCH
SOD41170.1_G2L	0	305	270	E	MATCH
SOD41170.1_G2L	0	306	271	T	MATCH
SOD41170.1_G2L	0	307	272	P	MATCH
SOD41170.1_G2L	0	309	274	E	MATCH
SOD41170.1_G2L	0	310	275	F	MATCH
SOD41170.1_G2L	0	311	276	L	MATCH
SOD41170.1_G2L	0	312	277	G	MATCH
SOD41170.1_G2L	0	313	278	L	MATCH
SOD41170.1_G2L	0	314	279	G	MATCH
SOD41170.1_G2L	0	315	280	L	MATCH
SOD41170.1_G2L	0	316	281	C	MATCH
SOD41170.1_G2L	0	317	282	L	MATCH
WP_002069401.1_G2L	0	107	84	Y	MATCH
WP_002069401.1_G2L	0	108	85	R	MATCH
WP_002069401.1_G2L	0	109	86	L	MATCH
WP_002069401.1_G2L	0	110	87	I	MATCH
WP_002069401.1_G2L	0	111	88	C	MATCH
WP_002069401.1_G2L	0	115	92	I	MATCH
WP_002069401.1_G2L	0	116	93	E	MATCH
WP_002069401.1_G2L	0	117	94	D	MATCH
WP_002069401.1_G2L	0	118	95	R	MATCH
WP_002069401.1_G2L	0	119	96	V	MATCH
WP_002069401.1_G2L	0	127	104	V	MATCH
WP_002069401.1_G2L	0	128	105	L	MATCH
WP_002069401.1_G2L	0	129	106	N	MATCH
WP_002069401.1_G2L	0	130	107	N	MATCH
WP_002069401.1_G2L	0	131	108	Y	MATCH
WP_002069401.1_G2L	0	132	109	Y	MATCH
WP_002069401.1_G2L	0	133	110	H	MATCH
WP_002069401.1_G2L	0	134	111	N	MATCH
WP_002069401.1_G2L	0	135	112	Q	MATCH
WP_002069401.1_G2L	0	136	113	L	MATCH
WP_002069401.1_G2L	0	137	114	D	MATCH
WP_002069401.1_G2L	0	138	115	N	MATCH
WP_002069401.1_G2L	0	139	117	I	MATCH
WP_002069401.1_G2L	0	140	118	S	MATCH
WP_002069401.1_G2L	0	145	123	T	MATCH
WP_002069401.1_G2L	0	146	124	K	MATCH
WP_002069401.1_G2L	0	157	135	C	MATCH
WP_002069401.1_G2L	0	158	136	E	MATCH
WP_002069401.1_G2L	0	159	137	L	MATCH
WP_002069401.1_G2L	0	160	138	R	MATCH
WP_002069401.1_G2L	0	161		-	DELETE
WP_002069401.1_G2L	0	162	139	K	MATCH
WP_002069401.1_G2L	0	163	140	T	MATCH
WP_002069401.1_G2L	0	169	146	K	MATCH
WP_002069401.1_G2L	0	170	147	T	MATCH
WP_002069401.1_G2L	0	171	148	D	MATCH
WP_002069401.1_G2L	0	172	149	I	MATCH
WP_002069401.1_G2L	0	173	150	T	MATCH
WP_002069401.1_G2L	0	174	151	A	MATCH
WP_002069401.1_G2L	0	175	152	F	MATCH
WP_002069401.1_G2L	0	176	153	F	MATCH
WP_002069401.1_G2L	0	177	154	D	MATCH
WP_002069401.1_G2L	0	178	155	N	MATCH
WP_002069401.1_G2L	0	179	156	V	MATCH
WP_002069401.1_G2L	0	180	157	D	MATCH
WP_002069401.1_G2L	0	181	158	R	MATCH
WP_002069401.1_G2L	0	182	159	E	MATCH
WP_002069401.1_G2L	0	183	160	K	MATCH
WP_002069401.1_G2L	0	184	161	L	MATCH
WP_002069401.1_G2L	0	185	162	K	MATCH
WP_002069401.1_G2L	0	186	163	E	MATCH
WP_002069401.1_G2L	0	187	164	K	MATCH
WP_002069401.1_G2L	0	188	165	T	MATCH
WP_002069401.1_G2L	0	189	166	K	MATCH
WP_002069401.1_G2L	0	190	167	S	MATCH
WP_002069401.1_G2L	0	191	168	L	MATCH
WP_002069401.1_G2L	0	192	169	V	MATCH
WP_002069401.1_G2L	0	193	170	K	MATCH
WP_002069401.1_G2L	0	194	171	H	MATCH
WP_002069401.1_G2L	0	195	172	R	MATCH
WP_002069401.1_G2L	0	196	173	S	MATCH
WP_002069401.1_G2L	0	197	174	L	MATCH
WP_002069401.1_G2L	0	198	175	H	MATCH
WP_002069401.1_G2L	0	199	176	P	MATCH
WP_002069401.1_G2L	0	200	177	L	MATCH
WP_002069401.1_G2L	0	201	178	L	MATCH
WP_002069401.1_G2L	0	202	179	F	MATCH
WP_002069401.1_G2L	0	203	180	S	MATCH
WP_002069401.1_G2L	0	204	181	I	MATCH
WP_002069401.1_G2L	0	205	182	I	MATCH
WP_002069401.1_G2L	0	206	183	N	MATCH
WP_002069401.1_G2L	0	207	184	R	MATCH
WP_002069401.1_G2L	0	208	185	E	MATCH
WP_002069401.1_G2L	0	209	186	V	MATCH
WP_002069401.1_G2L	0	210	187	R	MATCH
WP_002069401.1_G2L	0	211	188	S	MATCH
WP_002069401.1_G2L	0	228	214	L	MATCH
WP_002069401.1_G2L	0	229	215	S	MATCH
WP_002069401.1_G2L	0	230	216	P	MATCH
WP_002069401.1_G2L	0	231	217	F	MATCH
WP_002069401.1_G2L	0	232	218	F	MATCH
WP_002069401.1_G2L	0	236	222	F	MATCH
WP_002069401.1_G2L	0	237	223	L	MATCH
WP_002069401.1_G2L	0	238	224	G	MATCH
WP_002069401.1_G2L	0	239	225	T	MATCH
WP_002069401.1_G2L	0	240	226	F	MATCH
WP_002069401.1_G2L	0	241	227	D	MATCH
WP_002069401.1_G2L	0	242	228	N	MATCH
WP_002069401.1_G2L	0	243	229	E	MATCH
WP_002069401.1_G2L	0	244	230	I	MATCH
WP_002069401.1_G2L	0	245	231	K	MATCH
WP_002069401.1_G2L	0	246	232	A	MATCH
WP_002069401.1_G2L	0	247		-	DELETE
WP_002069401.1_G2L	0	248		-	DELETE
WP_002069401.1_G2L	0	249		-	DELETE
WP_002069401.1_G2L	0	250		-	DELETE
WP_002069401.1_G2L	0	251		-	DELETE
WP_002069401.1_G2L	0	252		-	DELETE
WP_002069401.1_G2L	0	253		-	DELETE
WP_002069401.1_G2L	0	254		-	DELETE
WP_002069401.1_G2L	0	255	233	N	MATCH
WP_002069401.1_G2L	0	267	245	I	MATCH
WP_002069401.1_G2L	0	268	246	F	MATCH
WP_002069401.1_G2L	0	269	247	F	MATCH
WP_002069401.1_G2L	0	270	248	A	MATCH
WP_002069401.1_G2L	0	271	249	K	MATCH
WP_002069401.1_G2L	0	272	250	S	MATCH
WP_002069401.1_G2L	0	273	251	K	MATCH
WP_002069401.1_G2L	0	274	252	H	MATCH
WP_002069401.1_G2L	0	275	253	E	MATCH
WP_002069401.1_G2L	0	276	254	C	MATCH
WP_002069401.1_G2L	0	277	255	E	MATCH
WP_002069401.1_G2L	0	278	256	Q	MATCH
WP_002069401.1_G2L	0	279	257	I	MATCH
WP_002069401.1_G2L	0	280	258	D	MATCH
WP_002069401.1_G2L	0	281	259	S	MATCH
WP_002069401.1_G2L	0	282	260	F	MATCH
WP_002069401.1_G2L	0	283	261	C	MATCH
WP_002069401.1_G2L	0	284	262	R	MATCH
WP_002069401.1_G2L	0	285	263	T	MATCH
WP_002069401.1_G2L	0	286	264	S	MATCH
WP_002069401.1_G2L	0	287	265	L	MATCH
WP_002069401.1_G2L	0	288	266	K	MATCH
WP_002069401.1_G2L	0	289	267	K	MATCH
WP_002069401.1_G2L	0	290	268	L	MATCH
WP_002069401.1_G2L	0	291	269	D	MATCH
WP_002069401.1_G2L	0	292	270	L	MATCH
WP_002069401.1_G2L	0	293	271	D	MATCH
WP_002069401.1_G2L	0	294	272	I	MATCH
WP_002069401.1_G2L	0	295	273	P	MATCH
WP_002069401.1_G2L	0	296	279	N	MATCH
WP_002069401.1_G2L	0	297	280	S	MATCH
WP_002069401.1_G2L	0	299	282	T	MATCH
WP_002069401.1_G2L	0	300	283	V	MATCH
WP_002069401.1_G2L	0	301	284	I	MATCH
WP_002069401.1_G2L	0	302	285	Y	MATCH
WP_002069401.1_G2L	0	303	286	N	MATCH
WP_002069401.1_G2L	0	304	287	P	MATCH
WP_002069401.1_G2L	0	305	288	D	MATCH
WP_002069401.1_G2L	0	306	289	E	MATCH
WP_002069401.1_G2L	0	307	290	T	MATCH
WP_002069401.1_G2L	0	309	292	E	MATCH
WP_002069401.1_G2L	0	310	293	F	MATCH
WP_002069401.1_G2L	0	311	294	L	MATCH
WP_002069401.1_G2L	0	312	295	G	MATCH
WP_002069401.1_G2L	0	313	296	L	MATCH
WP_002069401.1_G2L	0	314	297	G	MATCH
WP_002069401.1_G2L	0	315	298	L	MATCH
WP_002069401.1_G2L	0	316	299	S	MATCH
WP_002069401.1_G2L	0	317	300	K	MATCH
WP_005404755.1_G2L	0	107	78	L	MATCH
WP_005404755.1_G2L	0	108	79	R	MATCH
WP_005404755.1_G2L	0	109	80	L	MATCH
WP_005404755.1_G2L	0	110	81	I	MATCH
WP_005404755.1_G2L	0	111	82	C	MATCH
WP_005404755.1_G2L	0	115	86	I	MATCH
WP_005404755.1_G2L	0	116	87	Q	MATCH
WP_005404755.1_G2L	0	117	88	D	MATCH
WP_005404755.1_G2L	0	118	89	R	MATCH
WP_005404755.1_G2L	0	119	90	L	MATCH
WP_005404755.1_G2L	0	127	98	Y	MATCH
WP_005404755.1_G2L	0	128	99	I	MATCH
WP_005404755.1_G2L	0	129	100	R	MATCH
WP_005404755.1_G2L	0	130	101	E	MATCH
WP_005404755.1_G2L	0	131	102	K	MATCH
WP_005404755.1_G2L	0	132	103	Y	MATCH
WP_005404755.1_G2L	0	133	105	D	MATCH
WP_005404755.1_G2L	0	134	106	K	MATCH
WP_005404755.1_G2L	0	135	107	Y	MATCH
WP_005404755.1_G2L	0	136	108	K	MATCH
WP_005404755.1_G2L	0	137	109	L	MATCH
WP_005404755.1_G2L	0	138	110	A	MATCH
WP_005404755.1_G2L	0	139	111	T	MATCH
WP_005404755.1_G2L	0	140	112	D	MATCH
WP_005404755.1_G2L	0	145	117	S	MATCH
WP_005404755.1_G2L	0	146	118	K	MATCH
WP_005404755.1_G2L	0	157	129	C	MATCH
WP_005404755.1_G2L	0	158	130	V	MATCH
WP_005404755.1_G2L	0	159	131	A	MATCH
WP_005404755.1_G2L	0	160	132	L	MATCH
WP_005404755.1_G2L	0	161	133	D	MATCH
WP_005404755.1_G2L	0	162	136	N	MATCH
WP_005404755.1_G2L	0	163	137	Q	MATCH
WP_005404755.1_G2L	0	169	143	K	MATCH
WP_005404755.1_G2L	0	170	144	T	MATCH
WP_005404755.1_G2L	0	171	145	D	MATCH
WP_005404755.1_G2L	0	172	146	I	MATCH
WP_005404755.1_G2L	0	173	147	S	MATCH
WP_005404755.1_G2L	0	174	148	A	MATCH
WP_005404755.1_G2L	0	175	149	F	MATCH
WP_005404755.1_G2L	0	176	150	F	MATCH
WP_005404755.1_G2L	0	177	151	D	MATCH
WP_005404755.1_G2L	0	178	152	N	MATCH
WP_005404755.1_G2L	0	179	153	L	MATCH
WP_005404755.1_G2L	0	180	154	D	MATCH
WP_005404755.1_G2L	0	181	155	R	MATCH
WP_005404755.1_G2L	0	182	156	K	MATCH
WP_005404755.1_G2L	0	183	157	I	MATCH
WP_005404755.1_G2L	0	184	158	I	MATCH
WP_005404755.1_G2L	0	185	159	K	MATCH
WP_005404755.1_G2L	0	186	160	K	MATCH
WP_005404755.1_G2L	0	187	161	N	MATCH
WP_005404755.1_G2L	0	188	162	I	MATCH
WP_005404755.1_G2L	0	189	163	D	MATCH
WP_005404755.1_G2L	0	190	164	I	MATCH
WP_005404755.1_G2L	0	191	165	Q	MATCH
WP_005404755.1_G2L	0	192	166	I	MATCH
WP_005404755.1_G2L	0	193	167	G	MATCH
WP_005404755.1_G2L	0	194	168	I	MATCH
WP_005404755.1_G2L	0	195	169	K	MATCH
WP_005404755.1_G2L	0	196	170	E	MATCH
WP_005404755.1_G2L	0	197	171	I	MATCH
WP_005404755.1_G2L	0	198	172	D	MATCH
WP_005404755.1_G2L	0	199	173	F	MATCH
WP_005404755.1_G2L	0	200	174	I	MATCH
WP_005404755.1_G2L	0	201	175	L	MATCH
WP_005404755.1_G2L	0	202	176	E	MATCH
WP_005404755.1_G2L	0	203	177	K	MATCH
WP_005404755.1_G2L	0	204	178	I	MATCH
WP_005404755.1_G2L	0	205	179	I	MATCH
WP_005404755.1_G2L	0	206	180	N	MATCH
WP_005404755.1_G2L	0	207	181	I	MATCH
WP_005404755.1_G2L	0	208	182	D	MATCH
WP_005404755.1_G2L	0	209	183	I	MATCH
WP_005404755.1_G2L	0	210	191	V	MATCH
WP_005404755.1_G2L	0	211	192	E	MATCH
WP_005404755.1_G2L	0	228	213	M	MATCH
WP_005404755.1_G2L	0	229	214	S	MATCH
WP_005404755.1_G2L	0	230	215	S	MATCH
WP_005404755.1_G2L	0	231	216	F	MATCH
WP_005404755.1_G2L	0	232	217	F	MATCH
WP_005404755.1_G2L	0	236	221	Y	MATCH
WP_005404755.1_G2L	0	237	222	L	MATCH
WP_005404755.1_G2L	0	238	223	Y	MATCH
WP_005404755.1_G2L	0	239	224	N	MATCH
WP_005404755.1_G2L	0	240	225	F	MATCH
WP_005404755.1_G2L	0	241	226	D	MATCH
WP_005404755.1_G2L	0	242	227	K	MATCH
WP_005404755.1_G2L	0	243	228	F	MATCH
WP_005404755.1_G2L	0	244	229	M	MATCH
WP_005404755.1_G2L	0	245	230	N	MATCH
WP_005404755.1_G2L	0	246	231	V	MATCH
WP_005404755.1_G2L	0	247		-	DELETE
WP_005404755.1_G2L	0	248		-	DELETE
WP_005404755.1_G2L	0	249		-	DELETE
WP_005404755.1_G2L	0	250		-	DELETE
WP_005404755.1_G2L	0	251		-	DELETE
WP_005404755.1_G2L	0	252		-	DELETE
WP_005404755.1_G2L	0	253		-	DELETE
WP_005404755.1_G2L	0	254		-	DELETE
WP_005404755.1_G2L	0	255	232	Q	MATCH
WP_005404755.1_G2L	0	267	244	I	MATCH
WP_005404755.1_G2L	0	268	245	V	MATCH
WP_005404755.1_G2L	0	269	246	F	MATCH
WP_005404755.1_G2L	0	270	247	C	MATCH
WP_005404755.1_G2L	0	271	248	S	MATCH
WP_005404755.1_G2L	0	272	249	S	MATCH
WP_005404755.1_G2L	0	273	250	Y	MATCH
WP_005404755.1_G2L	0	274	251	G	MATCH
WP_005404755.1_G2L	0	275	252	Q	MATCH
WP_005404755.1_G2L	0	276	253	A	MATCH
WP_005404755.1_G2L	0	277	254	K	MATCH
WP_005404755.1_G2L	0	278	255	Q	MATCH
WP_005404755.1_G2L	0	279	256	N	MATCH
WP_005404755.1_G2L	0	280	257	L	MATCH
WP_005404755.1_G2L	0	281	258	L	MATCH
WP_005404755.1_G2L	0	282	259	L	MATCH
WP_005404755.1_G2L	0	283	260	I	MATCH
WP_005404755.1_G2L	0	284	261	K	MATCH
WP_005404755.1_G2L	0	285	262	D	MATCH
WP_005404755.1_G2L	0	286	263	E	MATCH
WP_005404755.1_G2L	0	287	264	L	MATCH
WP_005404755.1_G2L	0	288	265	K	MATCH
WP_005404755.1_G2L	0	289	266	K	MATCH
WP_005404755.1_G2L	0	290	267	I	MATCH
WP_005404755.1_G2L	0	291	268	N	MATCH
WP_005404755.1_G2L	0	292	269	L	MATCH
WP_005404755.1_G2L	0	293	270	A	MATCH
WP_005404755.1_G2L	0	294	271	V	MATCH
WP_005404755.1_G2L	0	295	276	E	MATCH
WP_005404755.1_G2L	0	296	277	R	MATCH
WP_005404755.1_G2L	0	297	278	T	MATCH
WP_005404755.1_G2L	0	299	280	T	MATCH
WP_005404755.1_G2L	0	300	281	N	MATCH
WP_005404755.1_G2L	0	301	282	I	MATCH
WP_005404755.1_G2L	0	302	283	V	MATCH
WP_005404755.1_G2L	0	303	284	K	MATCH
WP_005404755.1_G2L	0	304	285	N	MATCH
WP_005404755.1_G2L	0	305	286	K	MATCH
WP_005404755.1_G2L	0	306	287	P	MATCH
WP_005404755.1_G2L	0	307		-	DELETE
WP_005404755.1_G2L	0	309	289	D	MATCH
WP_005404755.1_G2L	0	310	290	F	MATCH
WP_005404755.1_G2L	0	311	291	L	MATCH
WP_005404755.1_G2L	0	312	292	G	MATCH
WP_005404755.1_G2L	0	313	293	L	MATCH
WP_005404755.1_G2L	0	314	294	E	MATCH
WP_005404755.1_G2L	0	315	295	F	MATCH
WP_005404755.1_G2L	0	316	296	R	MATCH
WP_005404755.1_G2L	0	317	297	Y	MATCH
WP_031977679.1_G2L	0	107	78	L	MATCH
WP_031977679.1_G2L	0	108	79	R	MATCH
WP_031977679.1_G2L	0	109	80	L	MATCH
WP_031977679.1_G2L	0	110	81	I	MATCH
WP_031977679.1_G2L	0	111	82	C	MATCH
WP_031977679.1_G2L	0	115	86	I	MATCH
WP_031977679.1_G2L	0	116	87	K	MATCH
WP_031977679.1_G2L	0	117	88	D	MATCH
WP_031977679.1_G2L	0	118	89	R	MATCH
WP_031977679.1_G2L	0	119	90	V	MATCH
WP_031977679.1_G2L	0	127	98	Y	MATCH
WP_031977679.1_G2L	0	128	99	I	MATCH
WP_031977679.1_G2L	0	129	100	K	MATCH
WP_031977679.1_G2L	0	130	101	E	MATCH
WP_031977679.1_G2L	0	131	102	H	MATCH
WP_031977679.1_G2L	0	132	103	H	MATCH
WP_031977679.1_G2L	0	133	104	E	MATCH
WP_031977679.1_G2L	0	134	105	S	MATCH
WP_031977679.1_G2L	0	135	106	K	MATCH
WP_031977679.1_G2L	0	136	107	Y	MATCH
WP_031977679.1_G2L	0	137	109	L	MATCH
WP_031977679.1_G2L	0	138	110	A	MATCH
WP_031977679.1_G2L	0	139	111	T	MATCH
WP_031977679.1_G2L	0	140	112	N	MATCH
WP_031977679.1_G2L	0	145	117	A	MATCH
WP_031977679.1_G2L	0	146	118	K	MATCH
WP_031977679.1_G2L	0	157	129	T	MATCH
WP_031977679.1_G2L	0	158	130	K	MATCH
WP_031977679.1_G2L	0	159	131	A	MATCH
WP_031977679.1_G2L	0	160	132	L	MATCH
WP_031977679.1_G2L	0	161	133	I	MATCH
WP_031977679.1_G2L	0	162	136	N	MATCH
WP_031977679.1_G2L	0	163	137	Q	MATCH
WP_031977679.1_G2L	0	169	143	K	MATCH
WP_031977679.1_G2L	0	170	144	T	MATCH
WP_031977679.1_G2L	0	171	145	D	MATCH
WP_031977679.1_G2L	0	172	146	I	MATCH
WP_031977679.1_G2L	0	173	147	S	MATCH
WP_031977679.1_G2L	0	174	148	S	MATCH
WP_031977679.1_G2L	0	175	149	F	MATCH
WP_031977679.1_G2L	0	176	150	F	MATCH
WP_031977679.1_G2L	0	177	151	D	MATCH
WP_031977679.1_G2L	0	178	152	N	MATCH
WP_031977679.1_G2L	0	179	153	L	MATCH
WP_031977679.1_G2L	0	180	154	D	MATCH
WP_031977679.1_G2L	0	181	155	R	MATCH
WP_031977679.1_G2L	0	182	156	R	MATCH
WP_031977679.1_G2L	0	183	157	L	MATCH
WP_031977679.1_G2L	0	184	158	A	MATCH
WP_031977679.1_G2L	0	185	159	I	MATCH
WP_031977679.1_G2L	0	186	160	K	MATCH
WP_031977679.1_G2L	0	187	161	T	MATCH
WP_031977679.1_G2L	0	188	162	V	MATCH
WP_031977679.1_G2L	0	189	163	K	MATCH
WP_031977679.1_G2L	0	190	164	E	MATCH
WP_031977679.1_G2L	0	191	165	K	MATCH
WP_031977679.1_G2L	0	192	166	L	MATCH
WP_031977679.1_G2L	0	193	167	D	MATCH
WP_031977679.1_G2L	0	194	168	I	MATCH
WP_031977679.1_G2L	0	195	169	P	MATCH
WP_031977679.1_G2L	0	196	170	E	MATCH
WP_031977679.1_G2L	0	197	171	I	MATCH
WP_031977679.1_G2L	0	198	172	N	MATCH
WP_031977679.1_G2L	0	199	173	Y	MATCH
WP_031977679.1_G2L	0	200	174	L	MATCH
WP_031977679.1_G2L	0	201	175	L	MATCH
WP_031977679.1_G2L	0	202	176	E	MATCH
WP_031977679.1_G2L	0	203	177	R	MATCH
WP_031977679.1_G2L	0	204	178	I	MATCH
WP_031977679.1_G2L	0	205	179	I	MATCH
WP_031977679.1_G2L	0	206	180	K	MATCH
WP_031977679.1_G2L	0	207	181	V	MATCH
WP_031977679.1_G2L	0	208	182	E	MATCH
WP_031977679.1_G2L	0	209	183	T	MATCH
WP_031977679.1_G2L	0	210	184	R	MATCH
WP_031977679.1_G2L	0	211	185	F	MATCH
WP_031977679.1_G2L	0	228	213	M	MATCH
WP_031977679.1_G2L	0	229	214	S	MATCH
WP_031977679.1_G2L	0	230	215	S	MATCH
WP_031977679.1_G2L	0	231	216	F	MATCH
WP_031977679.1_G2L	0	232	217	L	MATCH
WP_031977679.1_G2L	0	236	221	Y	MATCH
WP_031977679.1_G2L	0	237	222	L	MATCH
WP_031977679.1_G2L	0	238	223	H	MATCH
WP_031977679.1_G2L	0	239	224	D	MATCH
WP_031977679.1_G2L	0	240	225	F	MATCH
WP_031977679.1_G2L	0	241	226	D	MATCH
WP_031977679.1_G2L	0	242	227	N	MATCH
WP_031977679.1_G2L	0	243	228	F	MATCH
WP_031977679.1_G2L	0	244	229	I	MATCH
WP_031977679.1_G2L	0	245	230	E	MATCH
WP_031977679.1_G2L	0	246	231	K	MATCH
WP_031977679.1_G2L	0	247		-	DELETE
WP_031977679.1_G2L	0	248		-	DELETE
WP_031977679.1_G2L	0	249		-	DELETE
WP_031977679.1_G2L	0	250		-	DELETE
WP_031977679.1_G2L	0	251		-	DELETE
WP_031977679.1_G2L	0	252		-	DELETE
WP_031977679.1_G2L	0	253		-	DELETE
WP_031977679.1_G2L	0	254		-	DELETE
WP_031977679.1_G2L	0	255	232	E	MATCH
WP_031977679.1_G2L	0	267	244	I	MATCH
WP_031977679.1_G2L	0	268	245	I	MATCH
WP_031977679.1_G2L	0	269	246	F	MATCH
WP_031977679.1_G2L	0	270	247	C	MATCH
WP_031977679.1_G2L	0	271	248	S	MATCH
WP_031977679.1_G2L	0	272	249	S	MATCH
WP_031977679.1_G2L	0	273	250	R	MATCH
WP_031977679.1_G2L	0	274	251	K	MATCH
WP_031977679.1_G2L	0	275	252	Q	MATCH
WP_031977679.1_G2L	0	276	253	A	MATCH
WP_031977679.1_G2L	0	277	254	L	MATCH
WP_031977679.1_G2L	0	278	255	N	MATCH
WP_031977679.1_G2L	0	279	256	Y	MATCH
WP_031977679.1_G2L	0	280	257	L	MATCH
WP_031977679.1_G2L	0	281	258	E	MATCH
WP_031977679.1_G2L	0	282	259	K	MATCH
WP_031977679.1_G2L	0	283	260	V	MATCH
WP_031977679.1_G2L	0	284	261	T	MATCH
WP_031977679.1_G2L	0	285	262	I	MATCH
WP_031977679.1_G2L	0	286	263	E	MATCH
WP_031977679.1_G2L	0	287	264	L	MATCH
WP_031977679.1_G2L	0	288	265	E	MATCH
WP_031977679.1_G2L	0	289	266	K	MATCH
WP_031977679.1_G2L	0	290	267	I	MATCH
WP_031977679.1_G2L	0	291	268	K	MATCH
WP_031977679.1_G2L	0	292	269	L	MATCH
WP_031977679.1_G2L	0	293	270	N	MATCH
WP_031977679.1_G2L	0	294	271	I	MATCH
WP_031977679.1_G2L	0	295	276	D	MATCH
WP_031977679.1_G2L	0	296	277	K	MATCH
WP_031977679.1_G2L	0	297	278	S	MATCH
WP_031977679.1_G2L	0	299	280	T	MATCH
WP_031977679.1_G2L	0	300	281	Q	MATCH
WP_031977679.1_G2L	0	301	282	I	MATCH
WP_031977679.1_G2L	0	302	283	V	MATCH
WP_031977679.1_G2L	0	303	284	K	MATCH
WP_031977679.1_G2L	0	304	285	N	MATCH
WP_031977679.1_G2L	0	305	286	K	MATCH
WP_031977679.1_G2L	0	306	287	P	MATCH
WP_031977679.1_G2L	0	307		-	DELETE
WP_031977679.1_G2L	0	309	289	D	MATCH
WP_031977679.1_G2L	0	310	290	F	MATCH
WP_031977679.1_G2L	0	311	291	L	MATCH
WP_031977679.1_G2L	0	312	292	G	MATCH
WP_031977679.1_G2L	0	313	293	L	MATCH
WP_031977679.1_G2L	0	314	294	E	MATCH
WP_031977679.1_G2L	0	315	295	F	MATCH
WP_031977679.1_G2L	0	316	296	R	MATCH
WP_031977679.1_G2L	0	317	297	F	MATCH
WP_046739911.1_G2L	0	107	80	P	MATCH
WP_046739911.1_G2L	0	108	81	R	MATCH
WP_046739911.1_G2L	0	109	82	L	MATCH
WP_046739911.1_G2L	0	110	83	I	MATCH
WP_046739911.1_G2L	0	111	84	C	MATCH
WP_046739911.1_G2L	0	115	88	V	MATCH
WP_046739911.1_G2L	0	116	89	R	MATCH
WP_046739911.1_G2L	0	117	90	D	MATCH
WP_046739911.1_G2L	0	118	91	R	MATCH
WP_046739911.1_G2L	0	119	92	L	MATCH
WP_046739911.1_G2L	0	127	100	Y	MATCH
WP_046739911.1_G2L	0	128	101	I	MATCH
WP_046739911.1_G2L	0	129	102	A	MATCH
WP_046739911.1_G2L	0	130	103	Q	MATCH
WP_046739911.1_G2L	0	131	104	N	MATCH
WP_046739911.1_G2L	0	132	105	L	MATCH
WP_046739911.1_G2L	0	133	107	H	MATCH
WP_046739911.1_G2L	0	134	108	E	MATCH
WP_046739911.1_G2L	0	135	109	L	MATCH
WP_046739911.1_G2L	0	136	110	A	MATCH
WP_046739911.1_G2L	0	137	111	I	MATCH
WP_046739911.1_G2L	0	138	112	L	MATCH
WP_046739911.1_G2L	0	139	113	K	MATCH
WP_046739911.1_G2L	0	140	114	S	MATCH
WP_046739911.1_G2L	0	145	119	V	MATCH
WP_046739911.1_G2L	0	146	121	G	MATCH
WP_046739911.1_G2L	0	157	132	K	MATCH
WP_046739911.1_G2L	0	158	133	D	MATCH
WP_046739911.1_G2L	0	159		-	DELETE
WP_046739911.1_G2L	0	160	134	L	MATCH
WP_046739911.1_G2L	0	161	135	R	MATCH
WP_046739911.1_G2L	0	162	136	N	MATCH
WP_046739911.1_G2L	0	163	137	T	MATCH
WP_046739911.1_G2L	0	169	143	K	MATCH
WP_046739911.1_G2L	0	170	144	T	MATCH
WP_046739911.1_G2L	0	171	145	D	MATCH
WP_046739911.1_G2L	0	172	146	I	MATCH
WP_046739911.1_G2L	0	173	147	A	MATCH
WP_046739911.1_G2L	0	174	148	S	MATCH
WP_046739911.1_G2L	0	175	149	F	MATCH
WP_046739911.1_G2L	0	176	150	F	MATCH
WP_046739911.1_G2L	0	177	151	D	MATCH
WP_046739911.1_G2L	0	178	152	N	MATCH
WP_046739911.1_G2L	0	179	153	L	MATCH
WP_046739911.1_G2L	0	180	154	V	MATCH
WP_046739911.1_G2L	0	181	155	R	MATCH
WP_046739911.1_G2L	0	182	156	A	MATCH
WP_046739911.1_G2L	0	183	157	T	MATCH
WP_046739911.1_G2L	0	184	158	L	MATCH
WP_046739911.1_G2L	0	185	159	L	MATCH
WP_046739911.1_G2L	0	186	160	K	MATCH
WP_046739911.1_G2L	0	187	161	E	MATCH
WP_046739911.1_G2L	0	188	162	I	MATCH
WP_046739911.1_G2L	0	189	163	R	MATCH
WP_046739911.1_G2L	0	190	164	E	MATCH
WP_046739911.1_G2L	0	191	165	N	MATCH
WP_046739911.1_G2L	0	192	166	I	MATCH
WP_046739911.1_G2L	0	193	167	P	MATCH
WP_046739911.1_G2L	0	194	168	T	MATCH
WP_046739911.1_G2L	0	195	169	D	MATCH
WP_046739911.1_G2L	0	196		-	DELETE
WP_046739911.1_G2L	0	197	170	I	MATCH
WP_046739911.1_G2L	0	198	171	L	MATCH
WP_046739911.1_G2L	0	199	172	Y	MATCH
WP_046739911.1_G2L	0	200	173	L	MATCH
WP_046739911.1_G2L	0	201	174	F	MATCH
WP_046739911.1_G2L	0	202	175	E	MATCH
WP_046739911.1_G2L	0	203	176	S	MATCH
WP_046739911.1_G2L	0	204	177	I	MATCH
WP_046739911.1_G2L	0	205	178	I	MATCH
WP_046739911.1_G2L	0	206	185	P	MATCH
WP_046739911.1_G2L	0	207	186	H	MATCH
WP_046739911.1_G2L	0	208	187	E	MATCH
WP_046739911.1_G2L	0	209	188	Y	MATCH
WP_046739911.1_G2L	0	210	189	A	MATCH
WP_046739911.1_G2L	0	211	190	K	MATCH
WP_046739911.1_G2L	0	228	210	L	MATCH
WP_046739911.1_G2L	0	229	211	S	MATCH
WP_046739911.1_G2L	0	230	212	P	MATCH
WP_046739911.1_G2L	0	231	213	L	MATCH
WP_046739911.1_G2L	0	232	214	L	MATCH
WP_046739911.1_G2L	0	236	218	Y	MATCH
WP_046739911.1_G2L	0	237	219	L	MATCH
WP_046739911.1_G2L	0	238	220	N	MATCH
WP_046739911.1_G2L	0	239	221	D	MATCH
WP_046739911.1_G2L	0	240	222	F	MATCH
WP_046739911.1_G2L	0	241	223	D	MATCH
WP_046739911.1_G2L	0	242	224	N	MATCH
WP_046739911.1_G2L	0	243	225	W	MATCH
WP_046739911.1_G2L	0	244	226	L	MATCH
WP_046739911.1_G2L	0	245	227	I	MATCH
WP_046739911.1_G2L	0	246	228	K	MATCH
WP_046739911.1_G2L	0	247		-	DELETE
WP_046739911.1_G2L	0	248		-	DELETE
WP_046739911.1_G2L	0	249		-	DELETE
WP_046739911.1_G2L	0	250		-	DELETE
WP_046739911.1_G2L	0	251		-	DELETE
WP_046739911.1_G2L	0	252		-	DELETE
WP_046739911.1_G2L	0	253		-	DELETE
WP_046739911.1_G2L	0	254		-	DELETE
WP_046739911.1_G2L	0	255	229	Q	MATCH
WP_046739911.1_G2L	0	267	241	I	MATCH
WP_046739911.1_G2L	0	268	242	F	MATCH
WP_046739911.1_G2L	0	269	243	F	MATCH
WP_046739911.1_G2L	0	270	244	L	MATCH
WP_046739911.1_G2L	0	271	245	D	MATCH
WP_046739911.1_G2L	0	272	246	S	MATCH
WP_046739911.1_G2L	0	273	247	E	MATCH
WP_046739911.1_G2L	0	274	248	Q	MATCH
WP_046739911.1_G2L	0	275	249	Q	MATCH
WP_046739911.1_G2L	0	276	250	C	MATCH
WP_046739911.1_G2L	0	277	251	K	MATCH
WP_046739911.1_G2L	0	278	252	E	MATCH
WP_046739911.1_G2L	0	279	253	V	MATCH
WP_046739911.1_G2L	0	280	254	F	MATCH
WP_046739911.1_G2L	0	281	255	E	MATCH
WP_046739911.1_G2L	0	282	256	L	MATCH
WP_046739911.1_G2L	0	283	257	V	MATCH
WP_046739911.1_G2L	0	284	258	F	MATCH
WP_046739911.1_G2L	0	285	259	Q	MATCH
WP_046739911.1_G2L	0	286	260	E	MATCH
WP_046739911.1_G2L	0	287	261	L	MATCH
WP_046739911.1_G2L	0	288	262	H	MATCH
WP_046739911.1_G2L	0	289	263	N	MATCH
WP_046739911.1_G2L	0	290	264	L	MATCH
WP_046739911.1_G2L	0	291	265	G	MATCH
WP_046739911.1_G2L	0	292	266	L	MATCH
WP_046739911.1_G2L	0	293	267	T	MATCH
WP_046739911.1_G2L	0	294	268	L	MATCH
WP_046739911.1_G2L	0	295	273	E	MATCH
WP_046739911.1_G2L	0	296	274	K	MATCH
WP_046739911.1_G2L	0	297	275	S	MATCH
WP_046739911.1_G2L	0	299	277	T	MATCH
WP_046739911.1_G2L	0	300	278	Q	MATCH
WP_046739911.1_G2L	0	301	279	I	MATCH
WP_046739911.1_G2L	0	302	280	I	MATCH
WP_046739911.1_G2L	0	303	281	S	MATCH
WP_046739911.1_G2L	0	304	282	E	MATCH
WP_046739911.1_G2L	0	305	283	K	MATCH
WP_046739911.1_G2L	0	306	284	E	MATCH
WP_046739911.1_G2L	0	307	285	T	MATCH
WP_046739911.1_G2L	0	309	287	N	MATCH
WP_046739911.1_G2L	0	310	288	F	MATCH
WP_046739911.1_G2L	0	311	289	L	MATCH
WP_046739911.1_G2L	0	312	290	G	MATCH
WP_046739911.1_G2L	0	313	291	L	MATCH
WP_046739911.1_G2L	0	314	292	D	MATCH
WP_046739911.1_G2L	0	315	293	L	MATCH
WP_046739911.1_G2L	0	316	294	R	MATCH
WP_046739911.1_G2L	0	317	295	Y	MATCH
WP_055414610.1_G2L	0	107	80	P	MATCH
WP_055414610.1_G2L	0	108	81	R	MATCH
WP_055414610.1_G2L	0	109	82	L	MATCH
WP_055414610.1_G2L	0	110	83	I	MATCH
WP_055414610.1_G2L	0	111	84	C	MATCH
WP_055414610.1_G2L	0	115	88	I	MATCH
WP_055414610.1_G2L	0	116	89	Q	MATCH
WP_055414610.1_G2L	0	117	90	D	MATCH
WP_055414610.1_G2L	0	118	91	R	MATCH
WP_055414610.1_G2L	0	119	92	L	MATCH
WP_055414610.1_G2L	0	127	100	Y	MATCH
WP_055414610.1_G2L	0	128	101	L	MATCH
WP_055414610.1_G2L	0	129	103	E	MATCH
WP_055414610.1_G2L	0	130	104	H	MATCH
WP_055414610.1_G2L	0	131	105	R	MATCH
WP_055414610.1_G2L	0	132	106	K	MATCH
WP_055414610.1_G2L	0	133	107	D	MATCH
WP_055414610.1_G2L	0	134	108	D	MATCH
WP_055414610.1_G2L	0	135	109	L	MATCH
WP_055414610.1_G2L	0	136	110	A	MATCH
WP_055414610.1_G2L	0	137	111	M	MATCH
WP_055414610.1_G2L	0	138	112	F	MATCH
WP_055414610.1_G2L	0	139	113	K	MATCH
WP_055414610.1_G2L	0	140	114	S	MATCH
WP_055414610.1_G2L	0	145	119	V	MATCH
WP_055414610.1_G2L	0	146	120	E	MATCH
WP_055414610.1_G2L	0	157		-	DELETE
WP_055414610.1_G2L	0	158	132	K	MATCH
WP_055414610.1_G2L	0	159	133	D	MATCH
WP_055414610.1_G2L	0	160	134	L	MATCH
WP_055414610.1_G2L	0	161	135	R	MATCH
WP_055414610.1_G2L	0	162	136	S	MATCH
WP_055414610.1_G2L	0	163	137	T	MATCH
WP_055414610.1_G2L	0	169	143	K	MATCH
WP_055414610.1_G2L	0	170	144	T	MATCH
WP_055414610.1_G2L	0	171	145	D	MATCH
WP_055414610.1_G2L	0	172	146	I	MATCH
WP_055414610.1_G2L	0	173	147	S	MATCH
WP_055414610.1_G2L	0	174	148	S	MATCH
WP_055414610.1_G2L	0	175	149	F	MATCH
WP_055414610.1_G2L	0	176	150	F	MATCH
WP_055414610.1_G2L	0	177	151	D	MATCH
WP_055414610.1_G2L	0	178	152	N	MATCH
WP_055414610.1_G2L	0	179	153	L	MATCH
WP_055414610.1_G2L	0	180	154	D	MATCH
WP_055414610.1_G2L	0	181	155	R	MATCH
WP_055414610.1_G2L	0	182	156	S	MATCH
WP_055414610.1_G2L	0	183	157	Q	MATCH
WP_055414610.1_G2L	0	184	158	L	MATCH
WP_055414610.1_G2L	0	185	159	I	MATCH
WP_055414610.1_G2L	0	186	160	K	MATCH
WP_055414610.1_G2L	0	187	161	D	MATCH
WP_055414610.1_G2L	0	188	162	F	MATCH
WP_055414610.1_G2L	0	189	163	R	MATCH
WP_055414610.1_G2L	0	190	164	Q	MATCH
WP_055414610.1_G2L	0	191	165	T	MATCH
WP_055414610.1_G2L	0	192	166	L	MATCH
WP_055414610.1_G2L	0	193	167	P	MATCH
WP_055414610.1_G2L	0	194		-	DELETE
WP_055414610.1_G2L	0	195	168	L	MATCH
WP_055414610.1_G2L	0	196	169	D	MATCH
WP_055414610.1_G2L	0	197	170	I	MATCH
WP_055414610.1_G2L	0	198	171	F	MATCH
WP_055414610.1_G2L	0	199	172	Y	MATCH
WP_055414610.1_G2L	0	200	173	L	MATCH
WP_055414610.1_G2L	0	201	174	F	MATCH
WP_055414610.1_G2L	0	202	175	E	MATCH
WP_055414610.1_G2L	0	203	176	S	MATCH
WP_055414610.1_G2L	0	204	177	I	MATCH
WP_055414610.1_G2L	0	205	178	V	MATCH
WP_055414610.1_G2L	0	206	179	K	MATCH
WP_055414610.1_G2L	0	207	180	C	MATCH
WP_055414610.1_G2L	0	208	187	D	MATCH
WP_055414610.1_G2L	0	209	188	Y	MATCH
WP_055414610.1_G2L	0	210	189	S	MATCH
WP_055414610.1_G2L	0	211	190	K	MATCH
WP_055414610.1_G2L	0	228	210	L	MATCH
WP_055414610.1_G2L	0	229	211	S	MATCH
WP_055414610.1_G2L	0	230	212	P	MATCH
WP_055414610.1_G2L	0	231	213	L	MATCH
WP_055414610.1_G2L	0	232	214	I	MATCH
WP_055414610.1_G2L	0	236	218	Y	MATCH
WP_055414610.1_G2L	0	237	219	L	MATCH
WP_055414610.1_G2L	0	238	220	S	MATCH
WP_055414610.1_G2L	0	239	221	E	MATCH
WP_055414610.1_G2L	0	240	222	F	MATCH
WP_055414610.1_G2L	0	241	223	D	MATCH
WP_055414610.1_G2L	0	242	224	E	MATCH
WP_055414610.1_G2L	0	243	225	W	MATCH
WP_055414610.1_G2L	0	244	226	L	MATCH
WP_055414610.1_G2L	0	245	227	K	MATCH
WP_055414610.1_G2L	0	246	228	R	MATCH
WP_055414610.1_G2L	0	247		-	DELETE
WP_055414610.1_G2L	0	248		-	DELETE
WP_055414610.1_G2L	0	249		-	DELETE
WP_055414610.1_G2L	0	250		-	DELETE
WP_055414610.1_G2L	0	251		-	DELETE
WP_055414610.1_G2L	0	252		-	DELETE
WP_055414610.1_G2L	0	253		-	DELETE
WP_055414610.1_G2L	0	254		-	DELETE
WP_055414610.1_G2L	0	255	229	K	MATCH
WP_055414610.1_G2L	0	267	241	I	MATCH
WP_055414610.1_G2L	0	268	242	F	MATCH
WP_055414610.1_G2L	0	269	243	F	MATCH
WP_055414610.1_G2L	0	270	244	L	MATCH
WP_055414610.1_G2L	0	271	245	D	MATCH
WP_055414610.1_G2L	0	272	246	S	MATCH
WP_055414610.1_G2L	0	273	247	K	MATCH
WP_055414610.1_G2L	0	274	248	E	MATCH
WP_055414610.1_G2L	0	275	249	Q	MATCH
WP_055414610.1_G2L	0	276	250	C	MATCH
WP_055414610.1_G2L	0	277	251	E	MATCH
WP_055414610.1_G2L	0	278	252	S	MATCH
WP_055414610.1_G2L	0	279	253	V	MATCH
WP_055414610.1_G2L	0	280	254	F	MATCH
WP_055414610.1_G2L	0	281	255	L	MATCH
WP_055414610.1_G2L	0	282	256	E	MATCH
WP_055414610.1_G2L	0	283	257	V	MATCH
WP_055414610.1_G2L	0	284	258	E	MATCH
WP_055414610.1_G2L	0	285	259	Q	MATCH
WP_055414610.1_G2L	0	286	260	Q	MATCH
WP_055414610.1_G2L	0	287	261	L	MATCH
WP_055414610.1_G2L	0	288	262	K	MATCH
WP_055414610.1_G2L	0	289	263	N	MATCH
WP_055414610.1_G2L	0	290	264	I	MATCH
WP_055414610.1_G2L	0	291	265	Q	MATCH
WP_055414610.1_G2L	0	292	266	L	MATCH
WP_055414610.1_G2L	0	293	267	S	MATCH
WP_055414610.1_G2L	0	294	268	L	MATCH
WP_055414610.1_G2L	0	295	273	Q	MATCH
WP_055414610.1_G2L	0	296	274	K	MATCH
WP_055414610.1_G2L	0	297	275	S	MATCH
WP_055414610.1_G2L	0	299	277	T	MATCH
WP_055414610.1_G2L	0	300	278	Q	MATCH
WP_055414610.1_G2L	0	301	279	I	MATCH
WP_055414610.1_G2L	0	302	280	I	MATCH
WP_055414610.1_G2L	0	303	281	A	MATCH
WP_055414610.1_G2L	0	304	282	P	MATCH
WP_055414610.1_G2L	0	305	283	Y	MATCH
WP_055414610.1_G2L	0	306	284	Q	MATCH
WP_055414610.1_G2L	0	307	285	P	MATCH
WP_055414610.1_G2L	0	309	287	T	MATCH
WP_055414610.1_G2L	0	310	288	F	MATCH
WP_055414610.1_G2L	0	311	289	L	MATCH
WP_055414610.1_G2L	0	312	290	G	MATCH
WP_055414610.1_G2L	0	313	291	L	MATCH
WP_055414610.1_G2L	0	314	292	D	MATCH
WP_055414610.1_G2L	0	315	293	L	MATCH
WP_055414610.1_G2L	0	316	294	S	MATCH
WP_055414610.1_G2L	0	317	295	Y	MATCH
WP_059273163.1_G2L	0	107	80	P	MATCH
WP_059273163.1_G2L	0	108	81	R	MATCH
WP_059273163.1_G2L	0	109	82	L	MATCH
WP_059273163.1_G2L	0	110	83	I	MATCH
WP_059273163.1_G2L	0	111	84	C	MATCH
WP_059273163.1_G2L	0	115	88	V	MATCH
WP_059273163.1_G2L	0	116	89	R	MATCH
WP_059273163.1_G2L	0	117	90	D	MATCH
WP_059273163.1_G2L	0	118	91	R	MATCH
WP_059273163.1_G2L	0	119	92	L	MATCH
WP_059273163.1_G2L	0	127	100	Y	MATCH
WP_059273163.1_G2L	0	128	101	I	MATCH
WP_059273163.1_G2L	0	129	102	S	MATCH
WP_059273163.1_G2L	0	130	103	I	MATCH
WP_059273163.1_G2L	0	131	104	H	MATCH
WP_059273163.1_G2L	0	132	105	L	MATCH
WP_059273163.1_G2L	0	133	106	K	MATCH
WP_059273163.1_G2L	0	134	107	N	MATCH
WP_059273163.1_G2L	0	135	109	L	MATCH
WP_059273163.1_G2L	0	136	110	A	MATCH
WP_059273163.1_G2L	0	137	111	V	MATCH
WP_059273163.1_G2L	0	138	112	L	MATCH
WP_059273163.1_G2L	0	139	113	K	MATCH
WP_059273163.1_G2L	0	140	114	S	MATCH
WP_059273163.1_G2L	0	145	120	S	MATCH
WP_059273163.1_G2L	0	146	121	G	MATCH
WP_059273163.1_G2L	0	157	132	K	MATCH
WP_059273163.1_G2L	0	158	133	D	MATCH
WP_059273163.1_G2L	0	159	134	L	MATCH
WP_059273163.1_G2L	0	160	135	R	MATCH
WP_059273163.1_G2L	0	161		-	DELETE
WP_059273163.1_G2L	0	162	136	N	MATCH
WP_059273163.1_G2L	0	163	137	T	MATCH
WP_059273163.1_G2L	0	169	143	K	MATCH
WP_059273163.1_G2L	0	170	144	T	MATCH
WP_059273163.1_G2L	0	171	145	D	MATCH
WP_059273163.1_G2L	0	172	146	I	MATCH
WP_059273163.1_G2L	0	173	147	S	MATCH
WP_059273163.1_G2L	0	174	148	S	MATCH
WP_059273163.1_G2L	0	175	149	F	MATCH
WP_059273163.1_G2L	0	176	150	F	MATCH
WP_059273163.1_G2L	0	177	151	D	MATCH
WP_059273163.1_G2L	0	178	152	N	MATCH
WP_059273163.1_G2L	0	179	153	I	MATCH
WP_059273163.1_G2L	0	180	154	D	MATCH
WP_059273163.1_G2L	0	181	155	R	MATCH
WP_059273163.1_G2L	0	182	156	A	MATCH
WP_059273163.1_G2L	0	183	157	K	MATCH
WP_059273163.1_G2L	0	184	158	L	MATCH
WP_059273163.1_G2L	0	185	159	L	MATCH
WP_059273163.1_G2L	0	186	160	N	MATCH
WP_059273163.1_G2L	0	187	161	E	MATCH
WP_059273163.1_G2L	0	188	162	I	MATCH
WP_059273163.1_G2L	0	189		-	DELETE
WP_059273163.1_G2L	0	190	163	K	MATCH
WP_059273163.1_G2L	0	191	164	D	MATCH
WP_059273163.1_G2L	0	192	165	V	MATCH
WP_059273163.1_G2L	0	193	166	M	MATCH
WP_059273163.1_G2L	0	194	167	P	MATCH
WP_059273163.1_G2L	0	195	168	P	MATCH
WP_059273163.1_G2L	0	196	169	D	MATCH
WP_059273163.1_G2L	0	197	170	I	MATCH
WP_059273163.1_G2L	0	198	171	L	MATCH
WP_059273163.1_G2L	0	199	172	Y	MATCH
WP_059273163.1_G2L	0	200	173	L	MATCH
WP_059273163.1_G2L	0	201	174	F	MATCH
WP_059273163.1_G2L	0	202	175	Q	MATCH
WP_059273163.1_G2L	0	203	176	S	MATCH
WP_059273163.1_G2L	0	204	177	I	MATCH
WP_059273163.1_G2L	0	205	178	I	MATCH
WP_059273163.1_G2L	0	206	179	Y	MATCH
WP_059273163.1_G2L	0	207	180	C	MATCH
WP_059273163.1_G2L	0	208	187	E	MATCH
WP_059273163.1_G2L	0	209	188	Y	MATCH
WP_059273163.1_G2L	0	210	189	N	MATCH
WP_059273163.1_G2L	0	211	190	K	MATCH
WP_059273163.1_G2L	0	228	210	I	MATCH
WP_059273163.1_G2L	0	229	211	S	MATCH
WP_059273163.1_G2L	0	230	212	P	MATCH
WP_059273163.1_G2L	0	231	213	L	MATCH
WP_059273163.1_G2L	0	232	214	L	MATCH
WP_059273163.1_G2L	0	236	218	Y	MATCH
WP_059273163.1_G2L	0	237	219	L	MATCH
WP_059273163.1_G2L	0	238	220	N	MATCH
WP_059273163.1_G2L	0	239	221	D	MATCH
WP_059273163.1_G2L	0	240	222	F	MATCH
WP_059273163.1_G2L	0	241	223	D	MATCH
WP_059273163.1_G2L	0	242	224	E	MATCH
WP_059273163.1_G2L	0	243	225	W	MATCH
WP_059273163.1_G2L	0	244	226	L	MATCH
WP_059273163.1_G2L	0	245	227	I	MATCH
WP_059273163.1_G2L	0	246	228	K	MATCH
WP_059273163.1_G2L	0	247		-	DELETE
WP_059273163.1_G2L	0	248		-	DELETE
WP_059273163.1_G2L	0	249		-	DELETE
WP_059273163.1_G2L	0	250		-	DELETE
WP_059273163.1_G2L	0	251		-	DELETE
WP_059273163.1_G2L	0	252		-	DELETE
WP_059273163.1_G2L	0	253		-	DELETE
WP_059273163.1_G2L	0	254		-	DELETE
WP_059273163.1_G2L	0	255	229	K	MATCH
WP_059273163.1_G2L	0	267	241	I	MATCH
WP_059273163.1_G2L	0	268	242	F	MATCH
WP_059273163.1_G2L	0	269	243	F	MATCH
WP_059273163.1_G2L	0	270	244	L	MATCH
WP_059273163.1_G2L	0	271	245	D	MATCH
WP_059273163.1_G2L	0	272	246	S	MATCH
WP_059273163.1_G2L	0	273	247	E	MATCH
WP_059273163.1_G2L	0	274	248	K	MATCH
WP_059273163.1_G2L	0	275	249	Q	MATCH
WP_059273163.1_G2L	0	276	250	C	MATCH
WP_059273163.1_G2L	0	277	251	K	MATCH
WP_059273163.1_G2L	0	278	252	E	MATCH
WP_059273163.1_G2L	0	279	253	V	MATCH
WP_059273163.1_G2L	0	280	254	Y	MATCH
WP_059273163.1_G2L	0	281	255	R	MATCH
WP_059273163.1_G2L	0	282	256	E	MATCH
WP_059273163.1_G2L	0	283	257	V	MATCH
WP_059273163.1_G2L	0	284	258	S	MATCH
WP_059273163.1_G2L	0	285	259	Q	MATCH
WP_059273163.1_G2L	0	286	260	E	MATCH
WP_059273163.1_G2L	0	287	261	L	MATCH
WP_059273163.1_G2L	0	288	262	L	MATCH
WP_059273163.1_G2L	0	289	263	K	MATCH
WP_059273163.1_G2L	0	290	264	L	MATCH
WP_059273163.1_G2L	0	291	265	N	MATCH
WP_059273163.1_G2L	0	292	266	L	MATCH
WP_059273163.1_G2L	0	293	267	T	MATCH
WP_059273163.1_G2L	0	294	268	L	MATCH
WP_059273163.1_G2L	0	295	273	E	MATCH
WP_059273163.1_G2L	0	296	274	N	MATCH
WP_059273163.1_G2L	0	297	275	T	MATCH
WP_059273163.1_G2L	0	299	277	T	MATCH
WP_059273163.1_G2L	0	300	278	Q	MATCH
WP_059273163.1_G2L	0	301	279	I	MATCH
WP_059273163.1_G2L	0	302	280	I	MATCH
WP_059273163.1_G2L	0	303	281	S	MATCH
WP_059273163.1_G2L	0	304	282	P	MATCH
WP_059273163.1_G2L	0	305	283	K	MATCH
WP_059273163.1_G2L	0	306	284	E	MATCH
WP_059273163.1_G2L	0	307	285	T	MATCH
WP_059273163.1_G2L	0	309	287	N	MATCH
WP_059273163.1_G2L	0	310	288	F	MATCH
WP_059273163.1_G2L	0	311	289	L	MATCH
WP_059273163.1_G2L	0	312	290	G	MATCH
WP_059273163.1_G2L	0	313	291	L	MATCH
WP_059273163.1_G2L	0	314	292	D	MATCH
WP_059273163.1_G2L	0	315	293	L	MATCH
WP_059273163.1_G2L	0	316	294	R	MATCH
WP_059273163.1_G2L	0	317	295	Y	MATCH
WP_072029177.1_G2L	1	107	70	Q	MATCH
WP_072029177.1_G2L	1	108	71	M	MATCH
WP_072029177.1_G2L	1	109	72	H	MATCH
WP_072029177.1_G2L	1	110	73	T	MATCH
WP_072029177.1_G2L	1	111	74	F	MATCH
WP_072029177.1_G2L	1	115	78	V	MATCH
WP_072029177.1_G2L	1	116	79	R	MATCH
WP_072029177.1_G2L	1	117	80	D	MATCH
WP_072029177.1_G2L	1	118	81	R	MATCH
WP_072029177.1_G2L	1	119	82	L	MATCH
WP_072029177.1_G2L	1	127	90	A	MATCH
WP_072029177.1_G2L	1	128	91	L	MATCH
WP_072029177.1_G2L	1	129	92	E	MATCH
WP_072029177.1_G2L	1	130	93	P	MATCH
WP_072029177.1_G2L	1	131	94	V	MATCH
WP_072029177.1_G2L	1	132	95	L	MATCH
WP_072029177.1_G2L	1	133	96	E	MATCH
WP_072029177.1_G2L	1	134	97	A	MATCH
WP_072029177.1_G2L	1	135	98	S	MATCH
WP_072029177.1_G2L	1	136	100	F	MATCH
WP_072029177.1_G2L	1	137	101	H	MATCH
WP_072029177.1_G2L	1	138	102	D	MATCH
WP_072029177.1_G2L	1	139	103	W	MATCH
WP_072029177.1_G2L	1	140	104	V	MATCH
WP_072029177.1_G2L	1	145	109	P	MATCH
WP_072029177.1_G2L	1	146	110	R	MATCH
WP_072029177.1_G2L	1	157	121	A	MATCH
WP_072029177.1_G2L	1	158	122	V	MATCH
WP_072029177.1_G2L	1	159	123	H	MATCH
WP_072029177.1_G2L	1	160	124	H	MATCH
WP_072029177.1_G2L	1	161	125	Q	MATCH
WP_072029177.1_G2L	1	162	126	A	MATCH
WP_072029177.1_G2L	1	163	127	G	MATCH
WP_072029177.1_G2L	1	169	133	D	MATCH
WP_072029177.1_G2L	1	170	134	L	MATCH
WP_072029177.1_G2L	1	171	135	D	MATCH
WP_072029177.1_G2L	1	172	136	V	MATCH
WP_072029177.1_G2L	1	173	137	A	MATCH
WP_072029177.1_G2L	1	174	138	S	MATCH
WP_072029177.1_G2L	1	175	139	V	MATCH
WP_072029177.1_G2L	1	176	140	S	MATCH
WP_072029177.1_G2L	1	177	141	E	MATCH
WP_072029177.1_G2L	1	178	142	G	MATCH
WP_072029177.1_G2L	1	179	143	A	MATCH
WP_072029177.1_G2L	1	180	144	T	MATCH
WP_072029177.1_G2L	1	181	145	I	MATCH
WP_072029177.1_G2L	1	182	146	D	MATCH
WP_072029177.1_G2L	1	183	147	E	MATCH
WP_072029177.1_G2L	1	184	148	V	MATCH
WP_072029177.1_G2L	1	185	149	I	MATCH
WP_072029177.1_G2L	1	186	150	D	MATCH
WP_072029177.1_G2L	1	187	151	W	MATCH
WP_072029177.1_G2L	1	188	152	H	MATCH
WP_072029177.1_G2L	1	189	153	A	MATCH
WP_072029177.1_G2L	1	190	154	E	MATCH
WP_072029177.1_G2L	1	191	155	H	MATCH
WP_072029177.1_G2L	1	192	156	I	MATCH
WP_072029177.1_G2L	1	193	157	H	MATCH
WP_072029177.1_G2L	1	194	158	D	MATCH
WP_072029177.1_G2L	1	195	159	G	MATCH
WP_072029177.1_G2L	1	196	160	T	MATCH
WP_072029177.1_G2L	1	197	161	F	MATCH
WP_072029177.1_G2L	1	198	162	L	MATCH
WP_072029177.1_G2L	1	199	163	A	MATCH
WP_072029177.1_G2L	1	200	164	R	MATCH
WP_072029177.1_G2L	1	201	165	L	MATCH
WP_072029177.1_G2L	1	202	166	R	MATCH
WP_072029177.1_G2L	1	203	167	T	MATCH
WP_072029177.1_G2L	1	204	168	A	MATCH
WP_072029177.1_G2L	1	205	169	L	MATCH
WP_072029177.1_G2L	1	206	170	A	MATCH
WP_072029177.1_G2L	1	207	171	A	MATCH
WP_072029177.1_G2L	1	208		-	DELETE
WP_072029177.1_G2L	1	209		-	DELETE
WP_072029177.1_G2L	1	210	172	M	MATCH
WP_072029177.1_G2L	1	211	173	P	MATCH
WP_072029177.1_G2L	1	228	182	L	MATCH
WP_072029177.1_G2L	1	229	183	A	MATCH
WP_072029177.1_G2L	1	230	184	P	MATCH
WP_072029177.1_G2L	1	231	185	L	MATCH
WP_072029177.1_G2L	1	232	186	L	MATCH
WP_072029177.1_G2L	1	236	190	R	MATCH
WP_072029177.1_G2L	1	237	191	L	MATCH
WP_072029177.1_G2L	1	238	192	S	MATCH
WP_072029177.1_G2L	1	239	193	Q	MATCH
WP_072029177.1_G2L	1	240	194	V	MATCH
WP_072029177.1_G2L	1	241	195	D	MATCH
WP_072029177.1_G2L	1	242	196	T	MATCH
WP_072029177.1_G2L	1	243	197	Q	MATCH
WP_072029177.1_G2L	1	244	198	L	MATCH
WP_072029177.1_G2L	1	245	199	P	MATCH
WP_072029177.1_G2L	1	246	200	Q	MATCH
WP_072029177.1_G2L	1	247		-	DELETE
WP_072029177.1_G2L	1	248		-	DELETE
WP_072029177.1_G2L	1	249		-	DELETE
WP_072029177.1_G2L	1	250		-	DELETE
WP_072029177.1_G2L	1	251		-	DELETE
WP_072029177.1_G2L	1	252		-	DELETE
WP_072029177.1_G2L	1	253		-	DELETE
WP_072029177.1_G2L	1	254		-	DELETE
WP_072029177.1_G2L	1	255		-	DELETE
WP_072029177.1_G2L	1	267	211	A	MATCH
WP_072029177.1_G2L	1	268	212	A	MATCH
WP_072029177.1_G2L	1	269	213	F	MATCH
WP_072029177.1_G2L	1	270	214	A	MATCH
WP_072029177.1_G2L	1	271	215	P	MATCH
WP_072029177.1_G2L	1	272	216	T	MATCH
WP_072029177.1_G2L	1	273	217	R	MATCH
WP_072029177.1_G2L	1	274	218	E	MATCH
WP_072029177.1_G2L	1	275	219	E	MATCH
WP_072029177.1_G2L	1	276	220	A	MATCH
WP_072029177.1_G2L	1	277	221	H	MATCH
WP_072029177.1_G2L	1	278	222	G	MATCH
WP_072029177.1_G2L	1	279	223	A	MATCH
WP_072029177.1_G2L	1	280	224	F	MATCH
WP_072029177.1_G2L	1	281	225	D	MATCH
WP_072029177.1_G2L	1	282	226	T	MATCH
WP_072029177.1_G2L	1	283	227	I	MATCH
WP_072029177.1_G2L	1	284	228	S	MATCH
WP_072029177.1_G2L	1	285	229	D	MATCH
WP_072029177.1_G2L	1	286	230	A	MATCH
WP_072029177.1_G2L	1	287	231	L	MATCH
WP_072029177.1_G2L	1	288	232	L	MATCH
WP_072029177.1_G2L	1	289	233	R	MATCH
WP_072029177.1_G2L	1	290	234	L	MATCH
WP_072029177.1_G2L	1	291	235	R	MATCH
WP_072029177.1_G2L	1	292	236	L	MATCH
WP_072029177.1_G2L	1	293	237	R	MATCH
WP_072029177.1_G2L	1	294	238	P	MATCH
WP_072029177.1_G2L	1	295	239	N	MATCH
WP_072029177.1_G2L	1	296	240	E	MATCH
WP_072029177.1_G2L	1	297	241	R	MATCH
WP_072029177.1_G2L	1	299	243	S	MATCH
WP_072029177.1_G2L	1	300	244	R	MATCH
WP_072029177.1_G2L	1	301	245	I	MATCH
WP_072029177.1_G2L	1	302	246	R	MATCH
WP_072029177.1_G2L	1	303	247	N	MATCH
WP_072029177.1_G2L	1	304		-	DELETE
WP_072029177.1_G2L	1	305		-	DELETE
WP_072029177.1_G2L	1	306		-	DELETE
WP_072029177.1_G2L	1	307		-	DELETE
WP_072029177.1_G2L	1	309		-	DELETE
WP_072029177.1_G2L	1	310		-	DELETE
WP_072029177.1_G2L	1	311		-	DELETE
WP_072029177.1_G2L	1	312		-	DELETE
WP_072029177.1_G2L	1	313		-	DELETE
WP_072029177.1_G2L	1	314		-	DELETE
WP_072029177.1_G2L	1	315		-	DELETE
WP_072029177.1_G2L	1	316		-	DELETE
WP_072029177.1_G2L	1	317		-	DELETE
WP_073312471.1_G2L	0	107	77	F	MATCH
WP_073312471.1_G2L	0	108	78	R	MATCH
WP_073312471.1_G2L	0	109	79	P	MATCH
WP_073312471.1_G2L	0	110	80	L	MATCH
WP_073312471.1_G2L	0	111	81	Q	MATCH
WP_073312471.1_G2L	0	115	85	I	MATCH
WP_073312471.1_G2L	0	116	86	A	MATCH
WP_073312471.1_G2L	0	117	87	D	MATCH
WP_073312471.1_G2L	0	118	88	R	MATCH
WP_073312471.1_G2L	0	119	89	L	MATCH
WP_073312471.1_G2L	0	127	97	E	MATCH
WP_073312471.1_G2L	0	128	98	L	MATCH
WP_073312471.1_G2L	0	129	99	E	MATCH
WP_073312471.1_G2L	0	130	100	N	MATCH
WP_073312471.1_G2L	0	131	101	Q	MATCH
WP_073312471.1_G2L	0	132	102	F	MATCH
WP_073312471.1_G2L	0	133	103	A	MATCH
WP_073312471.1_G2L	0	134	104	K	MATCH
WP_073312471.1_G2L	0	135	105	T	MATCH
WP_073312471.1_G2L	0	136	106	I	MATCH
WP_073312471.1_G2L	0	137	107	S	MATCH
WP_073312471.1_G2L	0	138	108	K	MATCH
WP_073312471.1_G2L	0	139	109	S	MATCH
WP_073312471.1_G2L	0	140	113	S	MATCH
WP_073312471.1_G2L	0	145	118	K	MATCH
WP_073312471.1_G2L	0	146	119	K	MATCH
WP_073312471.1_G2L	0	157	130	K	MATCH
WP_073312471.1_G2L	0	158	131	E	MATCH
WP_073312471.1_G2L	0	159	132	L	MATCH
WP_073312471.1_G2L	0	160	133	Y	MATCH
WP_073312471.1_G2L	0	161	134	D	MATCH
WP_073312471.1_G2L	0	162	135	K	MATCH
WP_073312471.1_G2L	0	163	136	G	MATCH
WP_073312471.1_G2L	0	169	142	E	MATCH
WP_073312471.1_G2L	0	170	143	A	MATCH
WP_073312471.1_G2L	0	171	144	D	MATCH
WP_073312471.1_G2L	0	172	145	L	MATCH
WP_073312471.1_G2L	0	173	146	I	MATCH
WP_073312471.1_G2L	0	174	147	N	MATCH
WP_073312471.1_G2L	0	175	148	F	MATCH
WP_073312471.1_G2L	0	176	149	F	MATCH
WP_073312471.1_G2L	0	177	150	G	MATCH
WP_073312471.1_G2L	0	178	151	E	MATCH
WP_073312471.1_G2L	0	179	152	V	MATCH
WP_073312471.1_G2L	0	180	153	D	MATCH
WP_073312471.1_G2L	0	181	154	K	MATCH
WP_073312471.1_G2L	0	182	155	N	MATCH
WP_073312471.1_G2L	0	183	156	V	MATCH
WP_073312471.1_G2L	0	184	157	L	MATCH
WP_073312471.1_G2L	0	185	158	L	MATCH
WP_073312471.1_G2L	0	186	160	K	MATCH
WP_073312471.1_G2L	0	187	161	Q	MATCH
WP_073312471.1_G2L	0	188	162	I	MATCH
WP_073312471.1_G2L	0	189	163	F	MATCH
WP_073312471.1_G2L	0	190	164	P	MATCH
WP_073312471.1_G2L	0	191	165	Q	MATCH
WP_073312471.1_G2L	0	192	166	L	MATCH
WP_073312471.1_G2L	0	193	167	P	MATCH
WP_073312471.1_G2L	0	194	168	D	MATCH
WP_073312471.1_G2L	0	195	169	D	MATCH
WP_073312471.1_G2L	0	196	170	S	MATCH
WP_073312471.1_G2L	0	197	171	L	MATCH
WP_073312471.1_G2L	0	198	172	N	MATCH
WP_073312471.1_G2L	0	199	173	N	MATCH
WP_073312471.1_G2L	0	200	174	L	MATCH
WP_073312471.1_G2L	0	201	175	I	MATCH
WP_073312471.1_G2L	0	202	176	E	MATCH
WP_073312471.1_G2L	0	203	177	S	MATCH
WP_073312471.1_G2L	0	204	178	A	MATCH
WP_073312471.1_G2L	0	205	179	L	MATCH
WP_073312471.1_G2L	0	206	180	N	MATCH
WP_073312471.1_G2L	0	207	181	Q	MATCH
WP_073312471.1_G2L	0	208	182	E	MATCH
WP_073312471.1_G2L	0	209	183	I	MATCH
WP_073312471.1_G2L	0	210	190	Q	MATCH
WP_073312471.1_G2L	0	211	191	K	MATCH
WP_073312471.1_G2L	0	228	210	L	MATCH
WP_073312471.1_G2L	0	229	211	S	MATCH
WP_073312471.1_G2L	0	230	212	P	MATCH
WP_073312471.1_G2L	0	231	213	L	MATCH
WP_073312471.1_G2L	0	232	214	L	MATCH
WP_073312471.1_G2L	0	236	218	Y	MATCH
WP_073312471.1_G2L	0	237	219	L	MATCH
WP_073312471.1_G2L	0	238	220	S	MATCH
WP_073312471.1_G2L	0	239	221	P	MATCH
WP_073312471.1_G2L	0	240	222	F	MATCH
WP_073312471.1_G2L	0	241	223	D	MATCH
WP_073312471.1_G2L	0	242	224	T	MATCH
WP_073312471.1_G2L	0	243	225	Y	MATCH
WP_073312471.1_G2L	0	244	226	I	MATCH
WP_073312471.1_G2L	0	245	227	K	MATCH
WP_073312471.1_G2L	0	246	228	R	MATCH
WP_073312471.1_G2L	0	247		-	DELETE
WP_073312471.1_G2L	0	248		-	DELETE
WP_073312471.1_G2L	0	249		-	DELETE
WP_073312471.1_G2L	0	250		-	DELETE
WP_073312471.1_G2L	0	251		-	DELETE
WP_073312471.1_G2L	0	252		-	DELETE
WP_073312471.1_G2L	0	253		-	DELETE
WP_073312471.1_G2L	0	254		-	DELETE
WP_073312471.1_G2L	0	255	229	K	MATCH
WP_073312471.1_G2L	0	267	241	V	MATCH
WP_073312471.1_G2L	0	268	242	I	MATCH
WP_073312471.1_G2L	0	269	243	L	MATCH
WP_073312471.1_G2L	0	270	244	C	MATCH
WP_073312471.1_G2L	0	271	245	S	MATCH
WP_073312471.1_G2L	0	272	246	N	MATCH
WP_073312471.1_G2L	0	273	247	E	MATCH
WP_073312471.1_G2L	0	274	248	K	MATCH
WP_073312471.1_G2L	0	275	249	E	MATCH
WP_073312471.1_G2L	0	276	250	C	MATCH
WP_073312471.1_G2L	0	277	251	K	MATCH
WP_073312471.1_G2L	0	278	252	K	MATCH
WP_073312471.1_G2L	0	279	253	A	MATCH
WP_073312471.1_G2L	0	280	254	F	MATCH
WP_073312471.1_G2L	0	281	255	D	MATCH
WP_073312471.1_G2L	0	282	256	D	MATCH
WP_073312471.1_G2L	0	283	257	C	MATCH
WP_073312471.1_G2L	0	284	258	E	MATCH
WP_073312471.1_G2L	0	285	259	L	MATCH
WP_073312471.1_G2L	0	286	260	I	MATCH
WP_073312471.1_G2L	0	287	261	L	MATCH
WP_073312471.1_G2L	0	288	262	K	MATCH
WP_073312471.1_G2L	0	289	263	K	MATCH
WP_073312471.1_G2L	0	290	264	L	MATCH
WP_073312471.1_G2L	0	291	265	G	MATCH
WP_073312471.1_G2L	0	292	266	L	MATCH
WP_073312471.1_G2L	0	293	267	K	MATCH
WP_073312471.1_G2L	0	294	268	I	MATCH
WP_073312471.1_G2L	0	295	269	H	MATCH
WP_073312471.1_G2L	0	296	270	P	MATCH
WP_073312471.1_G2L	0	297	275	D	MATCH
WP_073312471.1_G2L	0	299	277	T	MATCH
WP_073312471.1_G2L	0	300	278	K	MATCH
WP_073312471.1_G2L	0	301	279	I	MATCH
WP_073312471.1_G2L	0	302	280	V	MATCH
WP_073312471.1_G2L	0	303	281	D	MATCH
WP_073312471.1_G2L	0	304	282	L	MATCH
WP_073312471.1_G2L	0	305	283	K	MATCH
WP_073312471.1_G2L	0	306	284	T	MATCH
WP_073312471.1_G2L	0	307	286	T	MATCH
WP_073312471.1_G2L	0	309	288	D	MATCH
WP_073312471.1_G2L	0	310	289	F	MATCH
WP_073312471.1_G2L	0	311	290	L	MATCH
WP_073312471.1_G2L	0	312	291	S	MATCH
WP_073312471.1_G2L	0	313	292	I	MATCH
WP_073312471.1_G2L	0	314	293	T	MATCH
WP_073312471.1_G2L	0	315	294	F	MATCH
WP_073312471.1_G2L	0	316	295	N	MATCH
WP_073312471.1_G2L	0	317		-	DELETE
WP_073483196.1_G2L	1	107	70	P	MATCH
WP_073483196.1_G2L	1	108	71	M	MATCH
WP_073483196.1_G2L	1	109	72	A	MATCH
WP_073483196.1_G2L	1	110	73	A	MATCH
WP_073483196.1_G2L	1	111	74	C	MATCH
WP_073483196.1_G2L	1	115	78	V	MATCH
WP_073483196.1_G2L	1	116	79	I	MATCH
WP_073483196.1_G2L	1	117	80	D	MATCH
WP_073483196.1_G2L	1	118	81	R	MATCH
WP_073483196.1_G2L	1	119	82	L	MATCH
WP_073483196.1_G2L	1	127	90	A	MATCH
WP_073483196.1_G2L	1	128	91	I	MATCH
WP_073483196.1_G2L	1	129	92	E	MATCH
WP_073483196.1_G2L	1	130	93	P	MATCH
WP_073483196.1_G2L	1	131	94	I	MATCH
WP_073483196.1_G2L	1	132	95	L	MATCH
WP_073483196.1_G2L	1	133	96	E	MATCH
WP_073483196.1_G2L	1	134	97	D	MATCH
WP_073483196.1_G2L	1	135	98	R	MATCH
WP_073483196.1_G2L	1	136	99	V	MATCH
WP_073483196.1_G2L	1	137	100	L	MATCH
WP_073483196.1_G2L	1	138	101	R	MATCH
WP_073483196.1_G2L	1	139	102	C	MATCH
WP_073483196.1_G2L	1	140	104	V	MATCH
WP_073483196.1_G2L	1	145	109	P	MATCH
WP_073483196.1_G2L	1	146	110	R	MATCH
WP_073483196.1_G2L	1	157	121	A	MATCH
WP_073483196.1_G2L	1	158	122	A	MATCH
WP_073483196.1_G2L	1	159	123	H	MATCH
WP_073483196.1_G2L	1	160	124	S	MATCH
WP_073483196.1_G2L	1	161	125	E	MATCH
WP_073483196.1_G2L	1	162	126	A	MATCH
WP_073483196.1_G2L	1	163	127	G	MATCH
WP_073483196.1_G2L	1	169	133	D	MATCH
WP_073483196.1_G2L	1	170	134	V	MATCH
WP_073483196.1_G2L	1	171	135	D	MATCH
WP_073483196.1_G2L	1	172	136	V	MATCH
WP_073483196.1_G2L	1	173	137	A	MATCH
WP_073483196.1_G2L	1	174	138	S	MATCH
WP_073483196.1_G2L	1	175	139	V	MATCH
WP_073483196.1_G2L	1	176	140	S	MATCH
WP_073483196.1_G2L	1	177	141	E	MATCH
WP_073483196.1_G2L	1	178	142	G	MATCH
WP_073483196.1_G2L	1	179	143	A	MATCH
WP_073483196.1_G2L	1	180	144	T	MATCH
WP_073483196.1_G2L	1	181	145	V	MATCH
WP_073483196.1_G2L	1	182	146	D	MATCH
WP_073483196.1_G2L	1	183	147	E	MATCH
WP_073483196.1_G2L	1	184	148	V	MATCH
WP_073483196.1_G2L	1	185	149	V	MATCH
WP_073483196.1_G2L	1	186	150	G	MATCH
WP_073483196.1_G2L	1	187	151	W	MATCH
WP_073483196.1_G2L	1	188	152	C	MATCH
WP_073483196.1_G2L	1	189	153	A	MATCH
WP_073483196.1_G2L	1	190	154	E	MATCH
WP_073483196.1_G2L	1	191	155	H	MATCH
WP_073483196.1_G2L	1	192	156	V	MATCH
WP_073483196.1_G2L	1	193	157	H	MATCH
WP_073483196.1_G2L	1	194	158	D	MATCH
WP_073483196.1_G2L	1	195	159	G	MATCH
WP_073483196.1_G2L	1	196	160	T	MATCH
WP_073483196.1_G2L	1	197	161	F	MATCH
WP_073483196.1_G2L	1	198	162	L	MATCH
WP_073483196.1_G2L	1	199	163	A	MATCH
WP_073483196.1_G2L	1	200	164	R	MATCH
WP_073483196.1_G2L	1	201	165	V	MATCH
WP_073483196.1_G2L	1	202	166	R	MATCH
WP_073483196.1_G2L	1	203	167	T	MATCH
WP_073483196.1_G2L	1	204	168	A	MATCH
WP_073483196.1_G2L	1	205	169	L	MATCH
WP_073483196.1_G2L	1	206	170	A	MATCH
WP_073483196.1_G2L	1	207	171	A	MATCH
WP_073483196.1_G2L	1	208		-	DELETE
WP_073483196.1_G2L	1	209		-	DELETE
WP_073483196.1_G2L	1	210	172	M	MATCH
WP_073483196.1_G2L	1	211	173	P	MATCH
WP_073483196.1_G2L	1	228	182	L	MATCH
WP_073483196.1_G2L	1	229	183	A	MATCH
WP_073483196.1_G2L	1	230	184	P	MATCH
WP_073483196.1_G2L	1	231	185	L	MATCH
WP_073483196.1_G2L	1	232	186	L	MATCH
WP_073483196.1_G2L	1	236	190	R	MATCH
WP_073483196.1_G2L	1	237	191	L	MATCH
WP_073483196.1_G2L	1	238	192	S	MATCH
WP_073483196.1_G2L	1	239	193	R	MATCH
WP_073483196.1_G2L	1	240	194	P	MATCH
WP_073483196.1_G2L	1	241	195	D	MATCH
WP_073483196.1_G2L	1	242	196	A	MATCH
WP_073483196.1_G2L	1	243	197	L	MATCH
WP_073483196.1_G2L	1	244	198	L	MATCH
WP_073483196.1_G2L	1	245	199	D	MATCH
WP_073483196.1_G2L	1	246	200	G	MATCH
WP_073483196.1_G2L	1	247		-	DELETE
WP_073483196.1_G2L	1	248		-	DELETE
WP_073483196.1_G2L	1	249		-	DELETE
WP_073483196.1_G2L	1	250		-	DELETE
WP_073483196.1_G2L	1	251		-	DELETE
WP_073483196.1_G2L	1	252		-	DELETE
WP_073483196.1_G2L	1	253		-	DELETE
WP_073483196.1_G2L	1	254		-	DELETE
WP_073483196.1_G2L	1	255		-	DELETE
WP_073483196.1_G2L	1	267	211	V	MATCH
WP_073483196.1_G2L	1	268	212	A	MATCH
WP_073483196.1_G2L	1	269	213	F	MATCH
WP_073483196.1_G2L	1	270	214	A	MATCH
WP_073483196.1_G2L	1	271	215	P	MATCH
WP_073483196.1_G2L	1	272	216	D	MATCH
WP_073483196.1_G2L	1	273	217	E	MATCH
WP_073483196.1_G2L	1	274	218	S	MATCH
WP_073483196.1_G2L	1	275	219	E	MATCH
WP_073483196.1_G2L	1	276	220	A	MATCH
WP_073483196.1_G2L	1	277	221	E	MATCH
WP_073483196.1_G2L	1	278	222	D	MATCH
WP_073483196.1_G2L	1	279	223	A	MATCH
WP_073483196.1_G2L	1	280	224	F	MATCH
WP_073483196.1_G2L	1	281	225	G	MATCH
WP_073483196.1_G2L	1	282	226	T	MATCH
WP_073483196.1_G2L	1	283	227	I	MATCH
WP_073483196.1_G2L	1	284	228	G	MATCH
WP_073483196.1_G2L	1	285	229	A	MATCH
WP_073483196.1_G2L	1	286	230	A	MATCH
WP_073483196.1_G2L	1	287	231	L	MATCH
WP_073483196.1_G2L	1	288	232	A	MATCH
WP_073483196.1_G2L	1	289	233	R	MATCH
WP_073483196.1_G2L	1	290	234	F	MATCH
WP_073483196.1_G2L	1	291	235	G	MATCH
WP_073483196.1_G2L	1	292	236	L	MATCH
WP_073483196.1_G2L	1	293	237	G	MATCH
WP_073483196.1_G2L	1	294	238	P	MATCH
WP_073483196.1_G2L	1	295	239	N	MATCH
WP_073483196.1_G2L	1	296	240	E	MATCH
WP_073483196.1_G2L	1	297	241	A	MATCH
WP_073483196.1_G2L	1	299	243	S	MATCH
WP_073483196.1_G2L	1	300	244	R	MATCH
WP_073483196.1_G2L	1	301	245	V	MATCH
WP_073483196.1_G2L	1	302	246	R	MATCH
WP_073483196.1_G2L	1	303		-	DELETE
WP_073483196.1_G2L	1	304		-	DELETE
WP_073483196.1_G2L	1	305		-	DELETE
WP_073483196.1_G2L	1	306		-	DELETE
WP_073483196.1_G2L	1	307		-	DELETE
WP_073483196.1_G2L	1	309		-	DELETE
WP_073483196.1_G2L	1	310		-	DELETE
WP_073483196.1_G2L	1	311		-	DELETE
WP_073483196.1_G2L	1	312		-	DELETE
WP_073483196.1_G2L	1	313		-	DELETE
WP_073483196.1_G2L	1	314		-	DELETE
WP_073483196.1_G2L	1	315		-	DELETE
WP_073483196.1_G2L	1	316		-	DELETE
WP_073483196.1_G2L	1	317		-	DELETE
WP_075849433.1_G2L	1	107	70	S	MATCH
WP_075849433.1_G2L	1	108	71	M	MATCH
WP_075849433.1_G2L	1	109	72	P	MATCH
WP_075849433.1_G2L	1	110	73	T	MATCH
WP_075849433.1_G2L	1	111	74	A	MATCH
WP_075849433.1_G2L	1	115	78	V	MATCH
WP_075849433.1_G2L	1	116	79	M	MATCH
WP_075849433.1_G2L	1	117	80	D	MATCH
WP_075849433.1_G2L	1	118	81	R	MATCH
WP_075849433.1_G2L	1	119	82	L	MATCH
WP_075849433.1_G2L	1	127	90	A	MATCH
WP_075849433.1_G2L	1	128	91	A	MATCH
WP_075849433.1_G2L	1	129	92	E	MATCH
WP_075849433.1_G2L	1	130	93	P	MATCH
WP_075849433.1_G2L	1	131	94	I	MATCH
WP_075849433.1_G2L	1	132	95	L	MATCH
WP_075849433.1_G2L	1	133	96	E	MATCH
WP_075849433.1_G2L	1	134	97	A	MATCH
WP_075849433.1_G2L	1	135	98	R	MATCH
WP_075849433.1_G2L	1	136	100	F	MATCH
WP_075849433.1_G2L	1	137	101	A	MATCH
WP_075849433.1_G2L	1	138	102	D	MATCH
WP_075849433.1_G2L	1	139	103	W	MATCH
WP_075849433.1_G2L	1	140	104	V	MATCH
WP_075849433.1_G2L	1	145	109	P	MATCH
WP_075849433.1_G2L	1	146	110	R	MATCH
WP_075849433.1_G2L	1	157	121	N	MATCH
WP_075849433.1_G2L	1	158	122	D	MATCH
WP_075849433.1_G2L	1	159	123	H	MATCH
WP_075849433.1_G2L	1	160	124	L	MATCH
WP_075849433.1_G2L	1	161	125	T	MATCH
WP_075849433.1_G2L	1	162	126	A	MATCH
WP_075849433.1_G2L	1	163	127	G	MATCH
WP_075849433.1_G2L	1	169	133	D	MATCH
WP_075849433.1_G2L	1	170	134	I	MATCH
WP_075849433.1_G2L	1	171	135	D	MATCH
WP_075849433.1_G2L	1	172	136	A	MATCH
WP_075849433.1_G2L	1	173	137	A	MATCH
WP_075849433.1_G2L	1	174	138	R	MATCH
WP_075849433.1_G2L	1	175	139	V	MATCH
WP_075849433.1_G2L	1	176	140	S	MATCH
WP_075849433.1_G2L	1	177	141	D	MATCH
WP_075849433.1_G2L	1	178	142	G	MATCH
WP_075849433.1_G2L	1	179	143	A	MATCH
WP_075849433.1_G2L	1	180	144	T	MATCH
WP_075849433.1_G2L	1	181	145	A	MATCH
WP_075849433.1_G2L	1	182	146	A	MATCH
WP_075849433.1_G2L	1	183	147	E	MATCH
WP_075849433.1_G2L	1	184	148	A	MATCH
WP_075849433.1_G2L	1	185	149	V	MATCH
WP_075849433.1_G2L	1	186	150	D	MATCH
WP_075849433.1_G2L	1	187	151	W	MATCH
WP_075849433.1_G2L	1	188	152	F	MATCH
WP_075849433.1_G2L	1	189	153	A	MATCH
WP_075849433.1_G2L	1	190	154	E	MATCH
WP_075849433.1_G2L	1	191	155	Y	MATCH
WP_075849433.1_G2L	1	192	156	I	MATCH
WP_075849433.1_G2L	1	193	157	H	MATCH
WP_075849433.1_G2L	1	194	158	D	MATCH
WP_075849433.1_G2L	1	195	159	G	MATCH
WP_075849433.1_G2L	1	196	160	S	MATCH
WP_075849433.1_G2L	1	197	161	F	MATCH
WP_075849433.1_G2L	1	198	162	L	MATCH
WP_075849433.1_G2L	1	199	163	R	MATCH
WP_075849433.1_G2L	1	200	164	L	MATCH
WP_075849433.1_G2L	1	201	165	L	MATCH
WP_075849433.1_G2L	1	202	166	R	MATCH
WP_075849433.1_G2L	1	203	167	T	MATCH
WP_075849433.1_G2L	1	204	168	V	MATCH
WP_075849433.1_G2L	1	205	169	L	MATCH
WP_075849433.1_G2L	1	206	170	A	MATCH
WP_075849433.1_G2L	1	207	171	G	MATCH
WP_075849433.1_G2L	1	208		-	DELETE
WP_075849433.1_G2L	1	209	172	M	MATCH
WP_075849433.1_G2L	1	210	173	P	MATCH
WP_075849433.1_G2L	1	211	174	S	MATCH
WP_075849433.1_G2L	1	228	182	L	MATCH
WP_075849433.1_G2L	1	229	183	A	MATCH
WP_075849433.1_G2L	1	230	184	P	MATCH
WP_075849433.1_G2L	1	231	185	L	MATCH
WP_075849433.1_G2L	1	232	186	L	MATCH
WP_075849433.1_G2L	1	236	190	R	MATCH
WP_075849433.1_G2L	1	237	191	L	MATCH
WP_075849433.1_G2L	1	238	192	S	MATCH
WP_075849433.1_G2L	1	239	193	Q	MATCH
WP_075849433.1_G2L	1	240	194	V	MATCH
WP_075849433.1_G2L	1	241	195	D	MATCH
WP_075849433.1_G2L	1	242	196	K	MATCH
WP_075849433.1_G2L	1	243	197	E	MATCH
WP_075849433.1_G2L	1	244	198	V	MATCH
WP_075849433.1_G2L	1	245	199	S	MATCH
WP_075849433.1_G2L	1	246	200	G	MATCH
WP_075849433.1_G2L	1	247		-	DELETE
WP_075849433.1_G2L	1	248		-	DELETE
WP_075849433.1_G2L	1	249		-	DELETE
WP_075849433.1_G2L	1	250		-	DELETE
WP_075849433.1_G2L	1	251		-	DELETE
WP_075849433.1_G2L	1	252		-	DELETE
WP_075849433.1_G2L	1	253		-	DELETE
WP_075849433.1_G2L	1	254		-	DELETE
WP_075849433.1_G2L	1	255		-	DELETE
WP_075849433.1_G2L	1	267	211	C	MATCH
WP_075849433.1_G2L	1	268	212	A	MATCH
WP_075849433.1_G2L	1	269	213	F	MATCH
WP_075849433.1_G2L	1	270	214	A	MATCH
WP_075849433.1_G2L	1	271	215	A	MATCH
WP_075849433.1_G2L	1	272	216	T	MATCH
WP_075849433.1_G2L	1	273	217	M	MATCH
WP_075849433.1_G2L	1	274	218	A	MATCH
WP_075849433.1_G2L	1	275	219	G	MATCH
WP_075849433.1_G2L	1	276	220	A	MATCH
WP_075849433.1_G2L	1	277	221	G	MATCH
WP_075849433.1_G2L	1	278	222	E	MATCH
WP_075849433.1_G2L	1	279	223	A	MATCH
WP_075849433.1_G2L	1	280	224	F	MATCH
WP_075849433.1_G2L	1	281	225	W	MATCH
WP_075849433.1_G2L	1	282	226	C	MATCH
WP_075849433.1_G2L	1	283	227	I	MATCH
WP_075849433.1_G2L	1	284	228	S	MATCH
WP_075849433.1_G2L	1	285	229	D	MATCH
WP_075849433.1_G2L	1	286	230	A	MATCH
WP_075849433.1_G2L	1	287	231	M	MATCH
WP_075849433.1_G2L	1	288	232	A	MATCH
WP_075849433.1_G2L	1	289	233	A	MATCH
WP_075849433.1_G2L	1	290	234	V	MATCH
WP_075849433.1_G2L	1	291	235	R	MATCH
WP_075849433.1_G2L	1	292	236	L	MATCH
WP_075849433.1_G2L	1	293	237	E	MATCH
WP_075849433.1_G2L	1	294	238	P	MATCH
WP_075849433.1_G2L	1	295	239	N	MATCH
WP_075849433.1_G2L	1	296	240	A	MATCH
WP_075849433.1_G2L	1	297	241	A	MATCH
WP_075849433.1_G2L	1	299	243	S	MATCH
WP_075849433.1_G2L	1	300	244	R	MATCH
WP_075849433.1_G2L	1	301	245	I	MATCH
WP_075849433.1_G2L	1	302	246	R	MATCH
WP_075849433.1_G2L	1	303	247	R	MATCH
WP_075849433.1_G2L	1	304		-	DELETE
WP_075849433.1_G2L	1	305		-	DELETE
WP_075849433.1_G2L	1	306		-	DELETE
WP_075849433.1_G2L	1	307		-	DELETE
WP_075849433.1_G2L	1	309		-	DELETE
WP_075849433.1_G2L	1	310		-	DELETE
WP_075849433.1_G2L	1	311		-	DELETE
WP_075849433.1_G2L	1	312		-	DELETE
WP_075849433.1_G2L	1	313		-	DELETE
WP_075849433.1_G2L	1	314		-	DELETE
WP_075849433.1_G2L	1	315		-	DELETE
WP_075849433.1_G2L	1	316		-	DELETE
WP_075849433.1_G2L	1	317		-	DELETE
WP_078983422.1_G2L	1	107	79	H	MATCH
WP_078983422.1_G2L	1	108	80	M	MATCH
WP_078983422.1_G2L	1	109	81	T	MATCH
WP_078983422.1_G2L	1	110	82	I	MATCH
WP_078983422.1_G2L	1	111	83	V	MATCH
WP_078983422.1_G2L	1	115	87	V	MATCH
WP_078983422.1_G2L	1	116	88	G	MATCH
WP_078983422.1_G2L	1	117	89	D	MATCH
WP_078983422.1_G2L	1	118	90	R	MATCH
WP_078983422.1_G2L	1	119	91	I	MATCH
WP_078983422.1_G2L	1	127	99	A	MATCH
WP_078983422.1_G2L	1	128	100	V	MATCH
WP_078983422.1_G2L	1	129	101	E	MATCH
WP_078983422.1_G2L	1	130	102	P	MATCH
WP_078983422.1_G2L	1	131	103	V	MATCH
WP_078983422.1_G2L	1	132	104	L	MATCH
WP_078983422.1_G2L	1	133	105	E	MATCH
WP_078983422.1_G2L	1	134	106	R	MATCH
WP_078983422.1_G2L	1	135	107	D	MATCH
WP_078983422.1_G2L	1	136	108	A	MATCH
WP_078983422.1_G2L	1	137	109	Y	MATCH
WP_078983422.1_G2L	1	138	110	P	MATCH
WP_078983422.1_G2L	1	139	112	W	MATCH
WP_078983422.1_G2L	1	140	113	M	MATCH
WP_078983422.1_G2L	1	145	118	P	MATCH
WP_078983422.1_G2L	1	146	119	R	MATCH
WP_078983422.1_G2L	1	157	130	D	MATCH
WP_078983422.1_G2L	1	158	131	G	MATCH
WP_078983422.1_G2L	1	159	132	H	MATCH
WP_078983422.1_G2L	1	160	133	L	MATCH
WP_078983422.1_G2L	1	161	134	R	MATCH
WP_078983422.1_G2L	1	162	135	A	MATCH
WP_078983422.1_G2L	1	163	136	G	MATCH
WP_078983422.1_G2L	1	169	142	D	MATCH
WP_078983422.1_G2L	1	170	143	I	MATCH
WP_078983422.1_G2L	1	171	144	D	MATCH
WP_078983422.1_G2L	1	172	145	V	MATCH
WP_078983422.1_G2L	1	173	146	A	MATCH
WP_078983422.1_G2L	1	174	147	A	MATCH
WP_078983422.1_G2L	1	175	148	A	MATCH
WP_078983422.1_G2L	1	176	149	S	MATCH
WP_078983422.1_G2L	1	177	150	R	MATCH
WP_078983422.1_G2L	1	178	151	G	MATCH
WP_078983422.1_G2L	1	179	152	V	MATCH
WP_078983422.1_G2L	1	180	153	A	MATCH
WP_078983422.1_G2L	1	181	154	L	MATCH
WP_078983422.1_G2L	1	182	155	E	MATCH
WP_078983422.1_G2L	1	183	156	D	MATCH
WP_078983422.1_G2L	1	184	157	A	MATCH
WP_078983422.1_G2L	1	185	158	V	MATCH
WP_078983422.1_G2L	1	186	159	T	MATCH
WP_078983422.1_G2L	1	187	160	S	MATCH
WP_078983422.1_G2L	1	188	161	V	MATCH
WP_078983422.1_G2L	1	189	162	A	MATCH
WP_078983422.1_G2L	1	190	163	R	MATCH
WP_078983422.1_G2L	1	191	164	Y	MATCH
WP_078983422.1_G2L	1	192	165	V	MATCH
WP_078983422.1_G2L	1	193	166	H	MATCH
WP_078983422.1_G2L	1	194	167	D	MATCH
WP_078983422.1_G2L	1	195	168	G	MATCH
WP_078983422.1_G2L	1	196	169	S	MATCH
WP_078983422.1_G2L	1	197	170	V	MATCH
WP_078983422.1_G2L	1	198	171	L	MATCH
WP_078983422.1_G2L	1	199	172	A	MATCH
WP_078983422.1_G2L	1	200	173	L	MATCH
WP_078983422.1_G2L	1	201	174	L	MATCH
WP_078983422.1_G2L	1	202	175	R	MATCH
WP_078983422.1_G2L	1	203	176	H	MATCH
WP_078983422.1_G2L	1	204	177	I	MATCH
WP_078983422.1_G2L	1	205	178	L	MATCH
WP_078983422.1_G2L	1	206	179	A	MATCH
WP_078983422.1_G2L	1	207	180	A	MATCH
WP_078983422.1_G2L	1	208	181	L	MATCH
WP_078983422.1_G2L	1	209		-	DELETE
WP_078983422.1_G2L	1	210		-	DELETE
WP_078983422.1_G2L	1	211		-	DELETE
WP_078983422.1_G2L	1	228	191	L	MATCH
WP_078983422.1_G2L	1	229	192	T	MATCH
WP_078983422.1_G2L	1	230	193	P	MATCH
WP_078983422.1_G2L	1	231	194	M	MATCH
WP_078983422.1_G2L	1	232	195	L	MATCH
WP_078983422.1_G2L	1	236	199	R	MATCH
WP_078983422.1_G2L	1	237	200	M	MATCH
WP_078983422.1_G2L	1	238	201	S	MATCH
WP_078983422.1_G2L	1	239	202	P	MATCH
WP_078983422.1_G2L	1	240	203	V	MATCH
WP_078983422.1_G2L	1	241	204	D	MATCH
WP_078983422.1_G2L	1	242	205	Q	MATCH
WP_078983422.1_G2L	1	243	206	Q	MATCH
WP_078983422.1_G2L	1	244	207	L	MATCH
WP_078983422.1_G2L	1	245	208	T	MATCH
WP_078983422.1_G2L	1	246	209	E	MATCH
WP_078983422.1_G2L	1	247		-	DELETE
WP_078983422.1_G2L	1	248		-	DELETE
WP_078983422.1_G2L	1	249		-	DELETE
WP_078983422.1_G2L	1	250		-	DELETE
WP_078983422.1_G2L	1	251		-	DELETE
WP_078983422.1_G2L	1	252		-	DELETE
WP_078983422.1_G2L	1	253		-	DELETE
WP_078983422.1_G2L	1	254		-	DELETE
WP_078983422.1_G2L	1	255		-	DELETE
WP_078983422.1_G2L	1	267	220	T	MATCH
WP_078983422.1_G2L	1	268	221	I	MATCH
WP_078983422.1_G2L	1	269	222	F	MATCH
WP_078983422.1_G2L	1	270	223	C	MATCH
WP_078983422.1_G2L	1	271	224	R	MATCH
WP_078983422.1_G2L	1	272	225	S	MATCH
WP_078983422.1_G2L	1	273	226	L	MATCH
WP_078983422.1_G2L	1	274	227	P	MATCH
WP_078983422.1_G2L	1	275	228	C	MATCH
WP_078983422.1_G2L	1	276	229	A	MATCH
WP_078983422.1_G2L	1	277	230	E	MATCH
WP_078983422.1_G2L	1	278	231	A	MATCH
WP_078983422.1_G2L	1	279	232	A	MATCH
WP_078983422.1_G2L	1	280	233	Y	MATCH
WP_078983422.1_G2L	1	281	234	Q	MATCH
WP_078983422.1_G2L	1	282	235	H	MATCH
WP_078983422.1_G2L	1	283	236	L	MATCH
WP_078983422.1_G2L	1	284	237	E	MATCH
WP_078983422.1_G2L	1	285	238	R	MATCH
WP_078983422.1_G2L	1	286	239	A	MATCH
WP_078983422.1_G2L	1	287	240	L	MATCH
WP_078983422.1_G2L	1	288	241	A	MATCH
WP_078983422.1_G2L	1	289	242	E	MATCH
WP_078983422.1_G2L	1	290	243	H	MATCH
WP_078983422.1_G2L	1	291	244	G	MATCH
WP_078983422.1_G2L	1	292	245	M	MATCH
WP_078983422.1_G2L	1	293	246	R	MATCH
WP_078983422.1_G2L	1	294	247	P	MATCH
WP_078983422.1_G2L	1	295	248	A	MATCH
WP_078983422.1_G2L	1	296	249	P	MATCH
WP_078983422.1_G2L	1	297	250	A	MATCH
WP_078983422.1_G2L	1	299	252	S	MATCH
WP_078983422.1_G2L	1	300	253	K	MATCH
WP_078983422.1_G2L	1	301	254	I	MATCH
WP_078983422.1_G2L	1	302	255	W	MATCH
WP_078983422.1_G2L	1	303	256	R	MATCH
WP_078983422.1_G2L	1	304	257	P	MATCH
WP_078983422.1_G2L	1	305	258	N	MATCH
WP_078983422.1_G2L	1	306		-	DELETE
WP_078983422.1_G2L	1	307		-	DELETE
WP_078983422.1_G2L	1	309		-	DELETE
WP_078983422.1_G2L	1	310		-	DELETE
WP_078983422.1_G2L	1	311		-	DELETE
WP_078983422.1_G2L	1	312		-	DELETE
WP_078983422.1_G2L	1	313		-	DELETE
WP_078983422.1_G2L	1	314		-	DELETE
WP_078983422.1_G2L	1	315		-	DELETE
WP_078983422.1_G2L	1	316		-	DELETE
WP_078983422.1_G2L	1	317		-	DELETE
WP_081926074.1_G2L	0	107	81	Y	MATCH
WP_081926074.1_G2L	0	108	82	R	MATCH
WP_081926074.1_G2L	0	109	83	L	MATCH
WP_081926074.1_G2L	0	110	84	I	MATCH
WP_081926074.1_G2L	0	111	85	C	MATCH
WP_081926074.1_G2L	0	115	89	V	MATCH
WP_081926074.1_G2L	0	116	90	I	MATCH
WP_081926074.1_G2L	0	117	91	D	MATCH
WP_081926074.1_G2L	0	118	92	R	MATCH
WP_081926074.1_G2L	0	119	93	L	MATCH
WP_081926074.1_G2L	0	127	101	F	MATCH
WP_081926074.1_G2L	0	128	102	L	MATCH
WP_081926074.1_G2L	0	129	103	A	MATCH
WP_081926074.1_G2L	0	130	104	D	MATCH
WP_081926074.1_G2L	0	131	105	K	MATCH
WP_081926074.1_G2L	0	132	106	Y	MATCH
WP_081926074.1_G2L	0	133	107	H	MATCH
WP_081926074.1_G2L	0	134	108	A	MATCH
WP_081926074.1_G2L	0	135	109	Q	MATCH
WP_081926074.1_G2L	0	136	111	A	MATCH
WP_081926074.1_G2L	0	137	112	N	MATCH
WP_081926074.1_G2L	0	138	113	S	MATCH
WP_081926074.1_G2L	0	139	114	I	MATCH
WP_081926074.1_G2L	0	140	115	S	MATCH
WP_081926074.1_G2L	0	145	120	K	MATCH
WP_081926074.1_G2L	0	146	121	G	MATCH
WP_081926074.1_G2L	0	157	132	C	MATCH
WP_081926074.1_G2L	0	158	133	A	MATCH
WP_081926074.1_G2L	0	159	134	Y	MATCH
WP_081926074.1_G2L	0	160	135	R	MATCH
WP_081926074.1_G2L	0	161		-	DELETE
WP_081926074.1_G2L	0	162	136	K	MATCH
WP_081926074.1_G2L	0	163	137	K	MATCH
WP_081926074.1_G2L	0	169	143	K	MATCH
WP_081926074.1_G2L	0	170	144	T	MATCH
WP_081926074.1_G2L	0	171	145	D	MATCH
WP_081926074.1_G2L	0	172	146	I	MATCH
WP_081926074.1_G2L	0	173	147	T	MATCH
WP_081926074.1_G2L	0	174	148	S	MATCH
WP_081926074.1_G2L	0	175	149	F	MATCH
WP_081926074.1_G2L	0	176	150	F	MATCH
WP_081926074.1_G2L	0	177	151	D	MATCH
WP_081926074.1_G2L	0	178	152	S	MATCH
WP_081926074.1_G2L	0	179	153	V	MATCH
WP_081926074.1_G2L	0	180	154	D	MATCH
WP_081926074.1_G2L	0	181	155	R	MATCH
WP_081926074.1_G2L	0	182	156	E	MATCH
WP_081926074.1_G2L	0	183	157	I	MATCH
WP_081926074.1_G2L	0	184	158	L	MATCH
WP_081926074.1_G2L	0	185	159	S	MATCH
WP_081926074.1_G2L	0	186	160	S	MATCH
WP_081926074.1_G2L	0	187	161	A	MATCH
WP_081926074.1_G2L	0	188	162	I	MATCH
WP_081926074.1_G2L	0	189	163	K	MATCH
WP_081926074.1_G2L	0	190	164	K	MATCH
WP_081926074.1_G2L	0	191	165	R	MATCH
WP_081926074.1_G2L	0	192	166	I	MATCH
WP_081926074.1_G2L	0	193	167	K	MATCH
WP_081926074.1_G2L	0	194	168	E	MATCH
WP_081926074.1_G2L	0	195	169	R	MATCH
WP_081926074.1_G2L	0	196	170	S	MATCH
WP_081926074.1_G2L	0	197	171	L	MATCH
WP_081926074.1_G2L	0	198	172	H	MATCH
WP_081926074.1_G2L	0	199	173	P	MATCH
WP_081926074.1_G2L	0	200	174	L	MATCH
WP_081926074.1_G2L	0	201	175	L	MATCH
WP_081926074.1_G2L	0	202	176	L	MATCH
WP_081926074.1_G2L	0	203	177	S	MATCH
WP_081926074.1_G2L	0	204	178	A	MATCH
WP_081926074.1_G2L	0	205	179	L	MATCH
WP_081926074.1_G2L	0	206	180	E	MATCH
WP_081926074.1_G2L	0	207	181	C	MATCH
WP_081926074.1_G2L	0	208	182	E	MATCH
WP_081926074.1_G2L	0	209	183	V	MATCH
WP_081926074.1_G2L	0	210	184	E	MATCH
WP_081926074.1_G2L	0	211	185	S	MATCH
WP_081926074.1_G2L	0	228	211	L	MATCH
WP_081926074.1_G2L	0	229	212	S	MATCH
WP_081926074.1_G2L	0	230	213	P	MATCH
WP_081926074.1_G2L	0	231	214	F	MATCH
WP_081926074.1_G2L	0	232	215	F	MATCH
WP_081926074.1_G2L	0	236	219	L	MATCH
WP_081926074.1_G2L	0	237	220	L	MATCH
WP_081926074.1_G2L	0	238	221	Q	MATCH
WP_081926074.1_G2L	0	239	222	S	MATCH
WP_081926074.1_G2L	0	240	223	F	MATCH
WP_081926074.1_G2L	0	241	224	D	MATCH
WP_081926074.1_G2L	0	242	225	Q	MATCH
WP_081926074.1_G2L	0	243	226	A	MATCH
WP_081926074.1_G2L	0	244	227	V	MATCH
WP_081926074.1_G2L	0	245	228	E	MATCH
WP_081926074.1_G2L	0	246	229	K	MATCH
WP_081926074.1_G2L	0	247		-	DELETE
WP_081926074.1_G2L	0	248		-	DELETE
WP_081926074.1_G2L	0	249		-	DELETE
WP_081926074.1_G2L	0	250		-	DELETE
WP_081926074.1_G2L	0	251		-	DELETE
WP_081926074.1_G2L	0	252		-	DELETE
WP_081926074.1_G2L	0	253		-	DELETE
WP_081926074.1_G2L	0	254		-	DELETE
WP_081926074.1_G2L	0	255	230	K	MATCH
WP_081926074.1_G2L	0	267	242	I	MATCH
WP_081926074.1_G2L	0	268	243	F	MATCH
WP_081926074.1_G2L	0	269	244	F	MATCH
WP_081926074.1_G2L	0	270	245	C	MATCH
WP_081926074.1_G2L	0	271	246	D	MATCH
WP_081926074.1_G2L	0	272	247	S	MATCH
WP_081926074.1_G2L	0	273	248	R	MATCH
WP_081926074.1_G2L	0	274	249	A	MATCH
WP_081926074.1_G2L	0	275	250	D	MATCH
WP_081926074.1_G2L	0	276	251	C	MATCH
WP_081926074.1_G2L	0	277	252	L	MATCH
WP_081926074.1_G2L	0	278	253	S	MATCH
WP_081926074.1_G2L	0	279	254	V	MATCH
WP_081926074.1_G2L	0	280	255	A	MATCH
WP_081926074.1_G2L	0	281	256	D	MATCH
WP_081926074.1_G2L	0	282	257	F	MATCH
WP_081926074.1_G2L	0	283	258	C	MATCH
WP_081926074.1_G2L	0	284	259	K	MATCH
WP_081926074.1_G2L	0	285	260	A	MATCH
WP_081926074.1_G2L	0	286	261	E	MATCH
WP_081926074.1_G2L	0	287	262	F	MATCH
WP_081926074.1_G2L	0	288	263	E	MATCH
WP_081926074.1_G2L	0	289	264	K	MATCH
WP_081926074.1_G2L	0	290	265	I	MATCH
WP_081926074.1_G2L	0	291	266	G	MATCH
WP_081926074.1_G2L	0	292	267	L	MATCH
WP_081926074.1_G2L	0	293	268	T	MATCH
WP_081926074.1_G2L	0	294	269	I	MATCH
WP_081926074.1_G2L	0	295	275	E	MATCH
WP_081926074.1_G2L	0	296	276	K	MATCH
WP_081926074.1_G2L	0	297	277	T	MATCH
WP_081926074.1_G2L	0	299	279	S	MATCH
WP_081926074.1_G2L	0	300	280	V	MATCH
WP_081926074.1_G2L	0	301	281	I	MATCH
WP_081926074.1_G2L	0	302	282	Y	MATCH
WP_081926074.1_G2L	0	303	283	E	MATCH
WP_081926074.1_G2L	0	304	284	P	MATCH
WP_081926074.1_G2L	0	305	285	L	MATCH
WP_081926074.1_G2L	0	306	286	Q	MATCH
WP_081926074.1_G2L	0	307	287	A	MATCH
WP_081926074.1_G2L	0	309	289	E	MATCH
WP_081926074.1_G2L	0	310	290	F	MATCH
WP_081926074.1_G2L	0	311	291	L	MATCH
WP_081926074.1_G2L	0	312	292	G	MATCH
WP_081926074.1_G2L	0	313	293	L	MATCH
WP_081926074.1_G2L	0	314	294	E	MATCH
WP_081926074.1_G2L	0	315	295	L	MATCH
WP_081926074.1_G2L	0	316	296	A	MATCH
WP_081926074.1_G2L	0	317	297	P	MATCH
WP_092414825.1_G2L	0	107	81	F	MATCH
WP_092414825.1_G2L	0	108	82	R	MATCH
WP_092414825.1_G2L	0	109	83	L	MATCH
WP_092414825.1_G2L	0	110	84	I	MATCH
WP_092414825.1_G2L	0	111	85	C	MATCH
WP_092414825.1_G2L	0	115	89	V	MATCH
WP_092414825.1_G2L	0	116	90	R	MATCH
WP_092414825.1_G2L	0	117	91	D	MATCH
WP_092414825.1_G2L	0	118	92	R	MATCH
WP_092414825.1_G2L	0	119	93	I	MATCH
WP_092414825.1_G2L	0	127	101	Y	MATCH
WP_092414825.1_G2L	0	128	102	L	MATCH
WP_092414825.1_G2L	0	129	103	S	MATCH
WP_092414825.1_G2L	0	130	104	E	MATCH
WP_092414825.1_G2L	0	131	105	K	MATCH
WP_092414825.1_G2L	0	132	106	Y	MATCH
WP_092414825.1_G2L	0	133	108	S	MATCH
WP_092414825.1_G2L	0	134	109	Q	MATCH
WP_092414825.1_G2L	0	135	110	L	MATCH
WP_092414825.1_G2L	0	136	111	A	MATCH
WP_092414825.1_G2L	0	137	112	N	MATCH
WP_092414825.1_G2L	0	138	113	K	MATCH
WP_092414825.1_G2L	0	139	114	I	MATCH
WP_092414825.1_G2L	0	140	115	S	MATCH
WP_092414825.1_G2L	0	145	120	K	MATCH
WP_092414825.1_G2L	0	146	121	G	MATCH
WP_092414825.1_G2L	0	157	132	C	MATCH
WP_092414825.1_G2L	0	158	133	A	MATCH
WP_092414825.1_G2L	0	159		-	DELETE
WP_092414825.1_G2L	0	160	134	L	MATCH
WP_092414825.1_G2L	0	161	135	R	MATCH
WP_092414825.1_G2L	0	162	136	A	MATCH
WP_092414825.1_G2L	0	163	137	S	MATCH
WP_092414825.1_G2L	0	169	143	K	MATCH
WP_092414825.1_G2L	0	170	144	T	MATCH
WP_092414825.1_G2L	0	171	145	D	MATCH
WP_092414825.1_G2L	0	172	146	I	MATCH
WP_092414825.1_G2L	0	173	147	T	MATCH
WP_092414825.1_G2L	0	174	148	A	MATCH
WP_092414825.1_G2L	0	175	149	F	MATCH
WP_092414825.1_G2L	0	176	150	F	MATCH
WP_092414825.1_G2L	0	177	151	D	MATCH
WP_092414825.1_G2L	0	178	152	N	MATCH
WP_092414825.1_G2L	0	179	153	I	MATCH
WP_092414825.1_G2L	0	180	154	K	MATCH
WP_092414825.1_G2L	0	181	155	R	MATCH
WP_092414825.1_G2L	0	182	156	E	MATCH
WP_092414825.1_G2L	0	183	157	T	MATCH
WP_092414825.1_G2L	0	184	158	L	MATCH
WP_092414825.1_G2L	0	185	159	I	MATCH
WP_092414825.1_G2L	0	186	160	A	MATCH
WP_092414825.1_G2L	0	187	161	G	MATCH
WP_092414825.1_G2L	0	188	162	L	MATCH
WP_092414825.1_G2L	0	189	163	K	MATCH
WP_092414825.1_G2L	0	190	164	K	MATCH
WP_092414825.1_G2L	0	191	165	I	MATCH
WP_092414825.1_G2L	0	192	166	V	MATCH
WP_092414825.1_G2L	0	193	167	R	MATCH
WP_092414825.1_G2L	0	194	168	D	MATCH
WP_092414825.1_G2L	0	195	169	S	MATCH
WP_092414825.1_G2L	0	196	170	S	MATCH
WP_092414825.1_G2L	0	197	171	L	MATCH
WP_092414825.1_G2L	0	198	172	H	MATCH
WP_092414825.1_G2L	0	199	173	N	MATCH
WP_092414825.1_G2L	0	200	174	V	MATCH
WP_092414825.1_G2L	0	201	175	L	MATCH
WP_092414825.1_G2L	0	202	176	R	MATCH
WP_092414825.1_G2L	0	203	177	G	MATCH
WP_092414825.1_G2L	0	204	178	A	MATCH
WP_092414825.1_G2L	0	205	179	I	MATCH
WP_092414825.1_G2L	0	206	180	A	MATCH
WP_092414825.1_G2L	0	207	181	C	MATCH
WP_092414825.1_G2L	0	208	182	E	MATCH
WP_092414825.1_G2L	0	209	183	V	MATCH
WP_092414825.1_G2L	0	210	184	H	MATCH
WP_092414825.1_G2L	0	211	185	T	MATCH
WP_092414825.1_G2L	0	228	211	L	MATCH
WP_092414825.1_G2L	0	229	212	S	MATCH
WP_092414825.1_G2L	0	230	213	P	MATCH
WP_092414825.1_G2L	0	231	214	L	MATCH
WP_092414825.1_G2L	0	232	215	F	MATCH
WP_092414825.1_G2L	0	236	219	L	MATCH
WP_092414825.1_G2L	0	237	220	L	MATCH
WP_092414825.1_G2L	0	238	221	S	MATCH
WP_092414825.1_G2L	0	239	222	P	MATCH
WP_092414825.1_G2L	0	240	223	F	MATCH
WP_092414825.1_G2L	0	241	224	D	MATCH
WP_092414825.1_G2L	0	242	225	E	MATCH
WP_092414825.1_G2L	0	243	226	Q	MATCH
WP_092414825.1_G2L	0	244	227	V	MATCH
WP_092414825.1_G2L	0	245	228	Q	MATCH
WP_092414825.1_G2L	0	246	229	K	MATCH
WP_092414825.1_G2L	0	247		-	DELETE
WP_092414825.1_G2L	0	248		-	DELETE
WP_092414825.1_G2L	0	249		-	DELETE
WP_092414825.1_G2L	0	250		-	DELETE
WP_092414825.1_G2L	0	251		-	DELETE
WP_092414825.1_G2L	0	252		-	DELETE
WP_092414825.1_G2L	0	253		-	DELETE
WP_092414825.1_G2L	0	254		-	DELETE
WP_092414825.1_G2L	0	255	230	K	MATCH
WP_092414825.1_G2L	0	267	242	I	MATCH
WP_092414825.1_G2L	0	268	243	F	MATCH
WP_092414825.1_G2L	0	269	244	F	MATCH
WP_092414825.1_G2L	0	270	245	A	MATCH
WP_092414825.1_G2L	0	271	246	K	MATCH
WP_092414825.1_G2L	0	272	247	S	MATCH
WP_092414825.1_G2L	0	273	248	K	MATCH
WP_092414825.1_G2L	0	274	249	D	MATCH
WP_092414825.1_G2L	0	275	250	E	MATCH
WP_092414825.1_G2L	0	276	251	C	MATCH
WP_092414825.1_G2L	0	277	252	V	MATCH
WP_092414825.1_G2L	0	278	253	G	MATCH
WP_092414825.1_G2L	0	279	254	I	MATCH
WP_092414825.1_G2L	0	280	255	A	MATCH
WP_092414825.1_G2L	0	281	256	S	MATCH
WP_092414825.1_G2L	0	282	257	F	MATCH
WP_092414825.1_G2L	0	283	258	C	MATCH
WP_092414825.1_G2L	0	284	259	E	MATCH
WP_092414825.1_G2L	0	285	260	T	MATCH
WP_092414825.1_G2L	0	286	261	E	MATCH
WP_092414825.1_G2L	0	287	262	L	MATCH
WP_092414825.1_G2L	0	288	263	A	MATCH
WP_092414825.1_G2L	0	289	264	K	MATCH
WP_092414825.1_G2L	0	290	265	L	MATCH
WP_092414825.1_G2L	0	291	266	G	MATCH
WP_092414825.1_G2L	0	292	267	L	MATCH
WP_092414825.1_G2L	0	293	268	K	MATCH
WP_092414825.1_G2L	0	294	269	I	MATCH
WP_092414825.1_G2L	0	295	270	P	MATCH
WP_092414825.1_G2L	0	296	275	E	MATCH
WP_092414825.1_G2L	0	297	276	S	MATCH
WP_092414825.1_G2L	0	299	278	S	MATCH
WP_092414825.1_G2L	0	300	279	V	MATCH
WP_092414825.1_G2L	0	301	280	I	MATCH
WP_092414825.1_G2L	0	302	281	Y	MATCH
WP_092414825.1_G2L	0	303	282	E	MATCH
WP_092414825.1_G2L	0	304	283	P	MATCH
WP_092414825.1_G2L	0	305	284	G	MATCH
WP_092414825.1_G2L	0	306	285	E	MATCH
WP_092414825.1_G2L	0	307	286	A	MATCH
WP_092414825.1_G2L	0	309	288	D	MATCH
WP_092414825.1_G2L	0	310	289	F	MATCH
WP_092414825.1_G2L	0	311	290	L	MATCH
WP_092414825.1_G2L	0	312	291	G	MATCH
WP_092414825.1_G2L	0	313	292	L	MATCH
WP_092414825.1_G2L	0	314	293	E	MATCH
WP_092414825.1_G2L	0	315	294	L	MATCH
WP_092414825.1_G2L	0	316	295	A	MATCH
WP_092414825.1_G2L	0	317	296	V	MATCH
ZP_08470761.1_G2L	0	107	79	Y	MATCH
ZP_08470761.1_G2L	0	108	80	R	MATCH
ZP_08470761.1_G2L	0	109	81	P	MATCH
ZP_08470761.1_G2L	0	110	82	L	MATCH
ZP_08470761.1_G2L	0	111	83	Q	MATCH
ZP_08470761.1_G2L	0	115	87	I	MATCH
ZP_08470761.1_G2L	0	116	88	R	MATCH
ZP_08470761.1_G2L	0	117	89	D	MATCH
ZP_08470761.1_G2L	0	118	90	R	MATCH
ZP_08470761.1_G2L	0	119	91	V	MATCH
ZP_08470761.1_G2L	0	127	99	L	MATCH
ZP_08470761.1_G2L	0	128	100	L	MATCH
ZP_08470761.1_G2L	0	129	101	E	MATCH
ZP_08470761.1_G2L	0	130	102	S	MATCH
ZP_08470761.1_G2L	0	131	106	V	MATCH
ZP_08470761.1_G2L	0	132	107	L	MATCH
ZP_08470761.1_G2L	0	133	108	L	MATCH
ZP_08470761.1_G2L	0	134	109	K	MATCH
ZP_08470761.1_G2L	0	135	110	K	MATCH
ZP_08470761.1_G2L	0	136	111	S	MATCH
ZP_08470761.1_G2L	0	137	112	A	MATCH
ZP_08470761.1_G2L	0	138	113	D	MATCH
ZP_08470761.1_G2L	0	139	114	V	MATCH
ZP_08470761.1_G2L	0	140	115	S	MATCH
ZP_08470761.1_G2L	0	145	120	K	MATCH
ZP_08470761.1_G2L	0	146	121	G	MATCH
ZP_08470761.1_G2L	0	157	132	K	MATCH
ZP_08470761.1_G2L	0	158	133	S	MATCH
ZP_08470761.1_G2L	0	159	134	S	MATCH
ZP_08470761.1_G2L	0	160	135	Y	MATCH
ZP_08470761.1_G2L	0	161		-	DELETE
ZP_08470761.1_G2L	0	162	136	Q	MATCH
ZP_08470761.1_G2L	0	163	137	K	MATCH
ZP_08470761.1_G2L	0	169	143	K	MATCH
ZP_08470761.1_G2L	0	170	144	A	MATCH
ZP_08470761.1_G2L	0	171	145	D	MATCH
ZP_08470761.1_G2L	0	172	146	I	MATCH
ZP_08470761.1_G2L	0	173	147	I	MATCH
ZP_08470761.1_G2L	0	174	148	N	MATCH
ZP_08470761.1_G2L	0	175	149	F	MATCH
ZP_08470761.1_G2L	0	176	150	F	MATCH
ZP_08470761.1_G2L	0	177	151	E	MATCH
ZP_08470761.1_G2L	0	178	152	E	MATCH
ZP_08470761.1_G2L	0	179	153	V	MATCH
ZP_08470761.1_G2L	0	180	154	N	MATCH
ZP_08470761.1_G2L	0	181	155	K	MATCH
ZP_08470761.1_G2L	0	182	156	D	MATCH
ZP_08470761.1_G2L	0	183	157	R	MATCH
ZP_08470761.1_G2L	0	184	158	L	MATCH
ZP_08470761.1_G2L	0	185	159	L	MATCH
ZP_08470761.1_G2L	0	186	160	N	MATCH
ZP_08470761.1_G2L	0	187	161	K	MATCH
ZP_08470761.1_G2L	0	188	162	L	MATCH
ZP_08470761.1_G2L	0	189	164	F	MATCH
ZP_08470761.1_G2L	0	190	165	P	MATCH
ZP_08470761.1_G2L	0	191	166	N	MATCH
ZP_08470761.1_G2L	0	192	167	L	MATCH
ZP_08470761.1_G2L	0	193	168	K	MATCH
ZP_08470761.1_G2L	0	194	169	D	MATCH
ZP_08470761.1_G2L	0	195	170	D	MATCH
ZP_08470761.1_G2L	0	196	171	S	MATCH
ZP_08470761.1_G2L	0	197	172	I	MATCH
ZP_08470761.1_G2L	0	198	173	N	MATCH
ZP_08470761.1_G2L	0	199	174	E	MATCH
ZP_08470761.1_G2L	0	200	175	L	MATCH
ZP_08470761.1_G2L	0	201	176	I	MATCH
ZP_08470761.1_G2L	0	202	177	R	MATCH
ZP_08470761.1_G2L	0	203	178	N	MATCH
ZP_08470761.1_G2L	0	204	179	S	MATCH
ZP_08470761.1_G2L	0	205	180	L	MATCH
ZP_08470761.1_G2L	0	206	181	N	MATCH
ZP_08470761.1_G2L	0	207	182	P	MATCH
ZP_08470761.1_G2L	0	208	183	K	MATCH
ZP_08470761.1_G2L	0	209	184	L	MATCH
ZP_08470761.1_G2L	0	210	187	L	MATCH
ZP_08470761.1_G2L	0	211	188	K	MATCH
ZP_08470761.1_G2L	0	228	208	L	MATCH
ZP_08470761.1_G2L	0	229	209	S	MATCH
ZP_08470761.1_G2L	0	230	210	P	MATCH
ZP_08470761.1_G2L	0	231	211	L	MATCH
ZP_08470761.1_G2L	0	232	212	L	MATCH
ZP_08470761.1_G2L	0	236	216	Y	MATCH
ZP_08470761.1_G2L	0	237	217	L	MATCH
ZP_08470761.1_G2L	0	238	218	T	MATCH
ZP_08470761.1_G2L	0	239	219	Q	MATCH
ZP_08470761.1_G2L	0	240	220	F	MATCH
ZP_08470761.1_G2L	0	241	221	D	MATCH
ZP_08470761.1_G2L	0	242	222	S	MATCH
ZP_08470761.1_G2L	0	243	223	F	MATCH
ZP_08470761.1_G2L	0	244	224	I	MATCH
ZP_08470761.1_G2L	0	245	225	K	MATCH
ZP_08470761.1_G2L	0	246	226	D	MATCH
ZP_08470761.1_G2L	0	247		-	DELETE
ZP_08470761.1_G2L	0	248		-	DELETE
ZP_08470761.1_G2L	0	249		-	DELETE
ZP_08470761.1_G2L	0	250		-	DELETE
ZP_08470761.1_G2L	0	251		-	DELETE
ZP_08470761.1_G2L	0	252		-	DELETE
ZP_08470761.1_G2L	0	253		-	DELETE
ZP_08470761.1_G2L	0	254		-	DELETE
ZP_08470761.1_G2L	0	255	227	S	MATCH
ZP_08470761.1_G2L	0	267	239	I	MATCH
ZP_08470761.1_G2L	0	268	240	I	MATCH
ZP_08470761.1_G2L	0	269	241	I	MATCH
ZP_08470761.1_G2L	0	270	242	I	MATCH
ZP_08470761.1_G2L	0	271	243	K	MATCH
ZP_08470761.1_G2L	0	272	244	S	MATCH
ZP_08470761.1_G2L	0	273	245	K	MATCH
ZP_08470761.1_G2L	0	274	246	E	MATCH
ZP_08470761.1_G2L	0	275	247	D	MATCH
ZP_08470761.1_G2L	0	276	248	A	MATCH
ZP_08470761.1_G2L	0	277	249	E	MATCH
ZP_08470761.1_G2L	0	278	250	K	MATCH
ZP_08470761.1_G2L	0	279	251	V	MATCH
ZP_08470761.1_G2L	0	280	252	Y	MATCH
ZP_08470761.1_G2L	0	281	253	K	MATCH
ZP_08470761.1_G2L	0	282	254	L	MATCH
ZP_08470761.1_G2L	0	283	255	I	MATCH
ZP_08470761.1_G2L	0	284	256	C	MATCH
ZP_08470761.1_G2L	0	285	257	S	MATCH
ZP_08470761.1_G2L	0	286	258	Y	MATCH
ZP_08470761.1_G2L	0	287	259	L	MATCH
ZP_08470761.1_G2L	0	288	261	D	MATCH
ZP_08470761.1_G2L	0	289	262	N	MATCH
ZP_08470761.1_G2L	0	290	263	Y	MATCH
ZP_08470761.1_G2L	0	291	264	S	MATCH
ZP_08470761.1_G2L	0	292	270	L	MATCH
ZP_08470761.1_G2L	0	293	271	E	MATCH
ZP_08470761.1_G2L	0	294	272	L	MATCH
ZP_08470761.1_G2L	0	295	273	N	MATCH
ZP_08470761.1_G2L	0	296	274	N	MATCH
ZP_08470761.1_G2L	0	297	275	G	MATCH
ZP_08470761.1_G2L	0	299	277	T	MATCH
ZP_08470761.1_G2L	0	300	278	A	MATCH
ZP_08470761.1_G2L	0	301	279	I	MATCH
ZP_08470761.1_G2L	0	302	280	I	MATCH
ZP_08470761.1_G2L	0	303	281	N	MATCH
ZP_08470761.1_G2L	0	304	282	P	MATCH
ZP_08470761.1_G2L	0	305	283	E	MATCH
ZP_08470761.1_G2L	0	306	284	E	MATCH
ZP_08470761.1_G2L	0	307	286	E	MATCH
ZP_08470761.1_G2L	0	309	288	S	MATCH
ZP_08470761.1_G2L	0	310	289	F	MATCH
ZP_08470761.1_G2L	0	311	290	L	MATCH
ZP_08470761.1_G2L	0	312	291	S	MATCH
ZP_08470761.1_G2L	0	313	292	I	MATCH
ZP_08470761.1_G2L	0	314	293	K	MATCH
ZP_08470761.1_G2L	0	315		-	DELETE
ZP_08470761.1_G2L	0	316		-	DELETE
ZP_08470761.1_G2L	0	317	294	Y	MATCH
