chain	idx	model	auth_chain	resnum	icode	resname	domain
1dcsA	0	1	A	1		MET	1
1dcsA	1	1	A	2		ASP	1
1dcsA	2	1	A	3		THR	1
1dcsA	3	1	A	4		THR	1
1dcsA	4	1	A	5		VAL	1
1dcsA	5	1	A	6		PRO	1
1dcsA	6	1	A	7		THR	1
1dcsA	7	1	A	8		PHE	1
1dcsA	8	1	A	9		SER	1
1dcsA	9	1	A	10		LEU	1
1dcsA	10	1	A	11		ALA	1
1dcsA	11	1	A	12		GLU	1
1dcsA	12	1	A	13		LEU	1
1dcsA	13	1	A	14		GLN	1
1dcsA	14	1	A	15		GLN	1
1dcsA	15	1	A	16		GLY	1
1dcsA	16	1	A	17		LEU	1
1dcsA	17	1	A	18		HIS	1
1dcsA	18	1	A	19		GLN	1
1dcsA	19	1	A	20		ASP	1
1dcsA	20	1	A	21		GLU	1
1dcsA	21	1	A	22		PHE	1
1dcsA	22	1	A	23		ARG	1
1dcsA	23	1	A	24		ARG	1
1dcsA	24	1	A	25		CYS	1
1dcsA	25	1	A	26		LEU	1
1dcsA	26	1	A	27		ARG	1
1dcsA	27	1	A	28		ASP	1
1dcsA	28	1	A	29		LYS	1
1dcsA	29	1	A	30		GLY	1
1dcsA	30	1	A	31		LEU	1
1dcsA	31	1	A	32		PHE	1
1dcsA	32	1	A	33		TYR	1
1dcsA	33	1	A	34		LEU	1
1dcsA	34	1	A	35		THR	1
1dcsA	35	1	A	36		ASP	1
1dcsA	36	1	A	37		CYS	1
1dcsA	37	1	A	38		GLY	1
1dcsA	38	1	A	39		LEU	1
1dcsA	39	1	A	40		THR	2
1dcsA	40	1	A	41		ASP	2
1dcsA	41	1	A	42		THR	2
1dcsA	42	1	A	43		GLU	2
1dcsA	43	1	A	44		LEU	2
1dcsA	44	1	A	45		LYS	2
1dcsA	45	1	A	46		SER	2
1dcsA	46	1	A	47		ALA	2
1dcsA	47	1	A	48		LYS	2
1dcsA	48	1	A	49		ASP	2
1dcsA	49	1	A	50		LEU	2
1dcsA	50	1	A	51		VAL	2
1dcsA	51	1	A	52		ILE	2
1dcsA	52	1	A	53		ASP	2
1dcsA	53	1	A	54		PHE	2
1dcsA	54	1	A	55		PHE	2
1dcsA	55	1	A	56		GLU	2
1dcsA	56	1	A	57		HIS	2
1dcsA	57	1	A	58		GLY	2
1dcsA	58	1	A	59		SER	2
1dcsA	59	1	A	60		GLU	2
1dcsA	60	1	A	61		ALA	2
1dcsA	61	1	A	62		GLU	2
1dcsA	62	1	A	63		LYS	2
1dcsA	63	1	A	64		ARG	2
1dcsA	64	1	A	65		ALA	2
1dcsA	65	1	A	66		VAL	2
1dcsA	66	1	A	67		THR	2
1dcsA	67	1	A	68		SER	2
1dcsA	68	1	A	69		PRO	2
1dcsA	69	1	A	70		VAL	2
1dcsA	70	1	A	71		PRO	2
1dcsA	71	1	A	72		THR	2
1dcsA	72	1	A	73		MET	2
1dcsA	73	1	A	74		ARG	2
1dcsA	74	1	A	75		ARG	2
1dcsA	75	1	A	76		GLY	2
1dcsA	76	1	A	77		PHE	2
1dcsA	77	1	A	78		THR	2
1dcsA	78	1	A	79		GLY	2
1dcsA	79	1	A	80		LEU	2
1dcsA	80	1	A	98		SER	2
1dcsA	81	1	A	99		MET	2
1dcsA	82	1	A	100		CYS	2
1dcsA	83	1	A	101		TYR	2
1dcsA	84	1	A	102		SER	2
1dcsA	85	1	A	103		MET	2
1dcsA	86	1	A	104		GLY	2
1dcsA	87	1	A	105		THR	2
1dcsA	88	1	A	106		ALA	2
1dcsA	89	1	A	107		ASP	2
1dcsA	90	1	A	108		ASN	2
1dcsA	91	1	A	109		LEU	2
1dcsA	92	1	A	110		PHE	2
1dcsA	93	1	A	111		PRO	2
1dcsA	94	1	A	112		SER	2
1dcsA	95	1	A	113		GLY	2
1dcsA	96	1	A	114		ASP	2
1dcsA	97	1	A	115		PHE	2
1dcsA	98	1	A	116		GLU	2
1dcsA	99	1	A	117		ARG	2
1dcsA	100	1	A	118		ILE	2
1dcsA	101	1	A	119		TRP	2
1dcsA	102	1	A	120		THR	2
1dcsA	103	1	A	121		GLN	2
1dcsA	104	1	A	122		TYR	2
1dcsA	105	1	A	123		PHE	2
1dcsA	106	1	A	124		ASP	2
1dcsA	107	1	A	125		ARG	2
1dcsA	108	1	A	126		GLN	1
1dcsA	109	1	A	127		TYR	1
1dcsA	110	1	A	128		THR	1
1dcsA	111	1	A	129		ALA	1
1dcsA	112	1	A	130		SER	1
1dcsA	113	1	A	131		ARG	1
1dcsA	114	1	A	132		ALA	1
1dcsA	115	1	A	133		VAL	1
1dcsA	116	1	A	134		ALA	1
1dcsA	117	1	A	135		ARG	1
1dcsA	118	1	A	136		GLU	1
1dcsA	119	1	A	137		VAL	1
1dcsA	120	1	A	138		LEU	1
1dcsA	121	1	A	139		ARG	1
1dcsA	122	1	A	140		ALA	1
1dcsA	123	1	A	141		THR	1
1dcsA	124	1	A	142		GLY	1
1dcsA	125	1	A	143		THR	1
1dcsA	126	1	A	144		GLU	1
1dcsA	127	1	A	145		PRO	1
1dcsA	128	1	A	146		ASP	1
1dcsA	129	1	A	147		GLY	1
1dcsA	130	1	A	148		GLY	1
1dcsA	131	1	A	149		VAL	1
1dcsA	132	1	A	150		GLU	1
1dcsA	133	1	A	151		ALA	1
1dcsA	134	1	A	152		PHE	1
1dcsA	135	1	A	153		LEU	1
1dcsA	136	1	A	154		ASP	1
1dcsA	137	1	A	155		CYS	1
1dcsA	138	1	A	156		GLU	1
1dcsA	139	1	A	157		PRO	1
1dcsA	140	1	A	158		LEU	1
1dcsA	141	1	A	159		LEU	1
1dcsA	142	1	A	160		ARG	1
1dcsA	143	1	A	161		PHE	1
1dcsA	144	1	A	162		ARG	1
1dcsA	145	1	A	163		TYR	1
1dcsA	146	1	A	164		PHE	1
1dcsA	147	1	A	165		PRO	1
1dcsA	148	1	A	166		GLN	1
1dcsA	149	1	A	178		LEU	1
1dcsA	150	1	A	179		ARG	1
1dcsA	151	1	A	180		MET	1
1dcsA	152	1	A	181		ALA	1
1dcsA	153	1	A	182		PRO	1
1dcsA	154	1	A	183		HIS	1
1dcsA	155	1	A	184		TYR	1
1dcsA	156	1	A	185		ASP	1
1dcsA	157	1	A	186		LEU	1
1dcsA	158	1	A	187		SER	1
1dcsA	159	1	A	188		MET	1
1dcsA	160	1	A	189		VAL	1
1dcsA	161	1	A	190		THR	1
1dcsA	162	1	A	191		LEU	1
1dcsA	163	1	A	192		ILE	1
1dcsA	164	1	A	193		GLN	1
1dcsA	165	1	A	194		GLN	1
1dcsA	166	1	A	195		THR	1
1dcsA	167	1	A	196		PRO	1
1dcsA	168	1	A	197		CYS	1
1dcsA	169	1	A	198		ALA	1
1dcsA	170	1	A	199		ASN	1
1dcsA	171	1	A	200		GLY	1
1dcsA	172	1	A	201		PHE	1
1dcsA	173	1	A	202		VAL	1
1dcsA	174	1	A	203		SER	1
1dcsA	175	1	A	204		LEU	1
1dcsA	176	1	A	205		GLN	1
1dcsA	177	1	A	206		ALA	1
1dcsA	178	1	A	207		GLU	1
1dcsA	179	1	A	208		VAL	1
1dcsA	180	1	A	209		GLY	1
1dcsA	181	1	A	210		GLY	1
1dcsA	182	1	A	211		ALA	1
1dcsA	183	1	A	212		PHE	1
1dcsA	184	1	A	213		THR	1
1dcsA	185	1	A	214		ASP	1
1dcsA	186	1	A	215		LEU	1
1dcsA	187	1	A	216		PRO	1
1dcsA	188	1	A	217		TYR	1
1dcsA	189	1	A	218		ARG	1
1dcsA	190	1	A	219		PRO	1
1dcsA	191	1	A	220		ASP	1
1dcsA	192	1	A	221		ALA	1
1dcsA	193	1	A	222		VAL	1
1dcsA	194	1	A	223		LEU	1
1dcsA	195	1	A	224		VAL	1
1dcsA	196	1	A	225		PHE	1
1dcsA	197	1	A	226		CYS	1
1dcsA	198	1	A	227		GLY	1
1dcsA	199	1	A	228		ALA	1
1dcsA	200	1	A	229		ILE	1
1dcsA	201	1	A	230		ALA	1
1dcsA	202	1	A	231		THR	1
1dcsA	203	1	A	232		LEU	1
1dcsA	204	1	A	233		VAL	1
1dcsA	205	1	A	234		THR	1
1dcsA	206	1	A	235		GLY	1
1dcsA	207	1	A	236		GLY	1
1dcsA	208	1	A	237		GLN	1
1dcsA	209	1	A	238		VAL	1
1dcsA	210	1	A	239		LYS	1
1dcsA	211	1	A	240		ALA	1
1dcsA	212	1	A	241		PRO	1
1dcsA	213	1	A	242		ARG	1
1dcsA	214	1	A	243		HIS	1
1dcsA	215	1	A	244		HIS	1
1dcsA	216	1	A	245		VAL	1
1dcsA	217	1	A	246		ALA	1
1dcsA	218	1	A	247		ALA	1
1dcsA	219	1	A	248		PRO	1
1dcsA	220	1	A	253		ILE	1
1dcsA	221	1	A	254		ALA	1
1dcsA	222	1	A	255		GLY	1
1dcsA	223	1	A	256		SER	1
1dcsA	224	1	A	257		SER	1
1dcsA	225	1	A	258		ARG	1
1dcsA	226	1	A	259		THR	1
1dcsA	227	1	A	260		SER	1
1dcsA	228	1	A	261		SER	1
1dcsA	229	1	A	262		VAL	1
1dcsA	230	1	A	263		PHE	1
1dcsA	231	1	A	264		PHE	1
1dcsA	232	1	A	265		LEU	1
1dcsA	233	1	A	266		ARG	1
1dcsA	234	1	A	267		PRO	1
1dcsA	235	1	A	268		ASN	1
1dcsA	236	1	A	269		ALA	1
1dcsA	237	1	A	270		ASP	1
1dcsA	238	1	A	271		PHE	1
1dcsA	239	1	A	272		THR	1
1dcsA	240	1	A	273		PHE	1
1dcsA	241	1	A	274		SER	1
1dcsA	242	1	A	275		VAL	1
1dcsA	243	1	A	276		PRO	1
1dcsA	244	1	A	277		LEU	1
1dcsA	245	1	A	278		ALA	1
1dcsA	246	1	A	279		ARG	1
1dcsA	247	1	A	280		GLU	1
1dcsA	248	1	A	281		CYS	1
1dcsA	249	1	A	282		GLY	1
1dcsA	250	1	A	283		PHE	1
1dcsA	251	1	A	284		ASP	1
1dcsA	252	1	A	285		VAL	1
1dcsA	253	1	A	286		SER	1
1dcsA	254	1	A	287		LEU	1
1dcsA	255	1	A	288		ASP	1
1dcsA	256	1	A	289		GLY	1
1dcsA	257	1	A	290		GLU	1
1dcsA	258	1	A	291		THR	1
1dcsA	259	1	A	292		ALA	1
1dcsA	260	1	A	293		THR	1
1dcsA	261	1	A	294		PHE	1
1dcsA	262	1	A	295		GLN	1
1dcsA	263	1	A	296		ASP	1
1dcsA	264	1	A	297		TRP	1
1dcsA	265	1	A	298		ILE	1
1dcsA	266	1	A	299		GLY	1
1dcsA	267	1	A	300		GLY	1
1dcsA	268	1	A	301		ASN	1
1dcsA	269	1	A	302		TYR	1
1dcsA	270	1	A	303		VAL	1
1dcsA	271	1	A	304		ASN	1
1dcsA	272	1	A	305		ILE	1
1dcsA	273	1	A	306		ARG	1
1dcsA	274	1	A	307		ARG	1
1dcsA	275	1	A	308		THR	1
1dcsA	276	1	A	309		SER	1
1dcsA	277	1	A	310		LYS	1
1dcsA	278	1	A	311		ALA	1
1x0gA	0	1	A	1		MET	1
1x0gA	1	1	A	2		VAL	1
1x0gA	2	1	A	3		GLU	1
1x0gA	3	1	A	4		LEU	1
1x0gA	4	1	A	5		THR	1
1x0gA	5	1	A	6		PRO	1
1x0gA	6	1	A	7		ALA	1
1x0gA	7	1	A	8		ALA	1
1x0gA	8	1	A	9		ILE	1
1x0gA	9	1	A	10		GLN	1
1x0gA	10	1	A	11		GLU	1
1x0gA	11	1	A	12		LEU	1
1x0gA	12	1	A	13		GLU	1
1x0gA	13	1	A	14		ARG	1
1x0gA	14	1	A	15		LEU	1
1x0gA	15	1	A	16		GLN	1
1x0gA	16	1	A	27		ILE	1
1x0gA	17	1	A	28		LEU	1
1x0gA	18	1	A	29		ARG	1
1x0gA	19	1	A	30		ILE	1
1x0gA	20	1	A	31		GLN	1
1x0gA	21	1	A	32		VAL	1
1x0gA	22	1	A	33		GLN	1
1x0gA	23	1	A	34		PRO	1
1x0gA	24	1	A	35		SER	1
1x0gA	25	1	A	36		GLU	1
1x0gA	26	1	A	37		CYS	1
1x0gA	27	1	A	38		GLY	1
1x0gA	28	1	A	39		ASP	1
1x0gA	29	1	A	40		TRP	1
1x0gA	30	1	A	41		ARG	1
1x0gA	31	1	A	42		TYR	1
1x0gA	32	1	A	43		ASP	1
1x0gA	33	1	A	44		LEU	1
1x0gA	34	1	A	45		ALA	1
1x0gA	35	1	A	46		LEU	1
1x0gA	36	1	A	47		VAL	1
1x0gA	37	1	A	48		ALA	1
1x0gA	38	1	A	49		GLU	1
1x0gA	39	1	A	50		PRO	1
1x0gA	40	1	A	51		LYS	1
1x0gA	41	1	A	52		PRO	1
1x0gA	42	1	A	53		THR	1
1x0gA	43	1	A	54		ASP	1
1x0gA	44	1	A	55		LEU	1
1x0gA	45	1	A	56		LEU	1
1x0gA	46	1	A	57		THR	1
1x0gA	47	1	A	58		GLN	1
1x0gA	48	1	A	59		SER	1
1x0gA	49	1	A	60		GLN	1
1x0gA	50	1	A	61		GLY	1
1x0gA	51	1	A	62		TRP	1
1x0gA	52	1	A	63		THR	1
1x0gA	53	1	A	64		ILE	1
1x0gA	54	1	A	65		ALA	1
1x0gA	55	1	A	66		ILE	1
1x0gA	56	1	A	67		ALA	1
1x0gA	57	1	A	68		ALA	1
1x0gA	58	1	A	69		GLU	1
1x0gA	59	1	A	70		ALA	1
1x0gA	60	1	A	71		ALA	1
1x0gA	61	1	A	72		GLU	1
1x0gA	62	1	A	73		LEU	1
1x0gA	63	1	A	74		LEU	1
1x0gA	64	1	A	75		ARG	1
1x0gA	65	1	A	76		GLY	1
1x0gA	66	1	A	77		LEU	1
1x0gA	67	1	A	78		ARG	1
1x0gA	68	1	A	79		VAL	1
1x0gA	69	1	A	80		ASP	1
1x0gA	70	1	A	81		TYR	1
1x0gA	71	1	A	82		ILE	1
1x0gA	72	1	A	83		GLU	1
1x0gA	73	1	A	84		ASP	1
1x0gA	74	1	A	85		LEU	1
1x0gA	75	1	A	86		MET	1
1x0gA	76	1	A	87		GLY	1
1x0gA	77	1	A	88		GLY	1
1x0gA	78	1	A	89		ALA	1
1x0gA	79	1	A	90		PHE	1
1x0gA	80	1	A	91		ARG	1
1x0gA	81	1	A	92		PHE	1
1x0gA	82	1	A	93		HIS	1
1x0gA	83	1	A	94		ASN	1
1x0gA	84	1	A	95		PRO	1
1x0gA	85	1	A	96		ASN	1
1x0gA	86	1	A	97		ALA	1
1x0gA	87	1	A	98		SER	1
1x0gA	88	1	A	99		GLN	1
1x0gA	89	1	A	100		THR	1
1x0gA	90	1	A	101		CYS	1
1x0gA	91	1	A	102		GLY	1
1x0gA	92	1	A	103		CYS	1
1x0gA	93	1	A	104		GLY	1
1x0gA	94	1	A	105		MET	1
1x0gA	95	1	A	106		ALA	1
1x0gA	96	1	A	107		PHE	1
1x0gA	97	1	A	108		ARG	1
1x0gA	98	1	A	109		VAL	1
1x0gA	99	1	A	110		SER	1
1x0gA	100	1	A	111		ARG	1
1x0gA	101	1	A	112		SER	1
1u2hA	0	1	A	17		LYS	1
1u2hA	1	1	A	18		ALA	1
1u2hA	2	1	A	19		PRO	1
1u2hA	3	1	A	20		PRO	1
1u2hA	4	1	A	21		THR	1
1u2hA	5	1	A	22		PHE	1
1u2hA	6	1	A	23		LYS	1
1u2hA	7	1	A	24		VAL	1
1u2hA	8	1	A	25		SER	1
1u2hA	9	1	A	26		LEU	1
1u2hA	10	1	A	27		MET	1
1u2hA	11	1	A	28		ASP	1
1u2hA	12	1	A	29		GLN	1
1u2hA	13	1	A	30		SER	1
1u2hA	14	1	A	31		VAL	1
1u2hA	15	1	A	32		ARG	1
1u2hA	16	1	A	33		GLU	1
1u2hA	17	1	A	34		GLY	1
1u2hA	18	1	A	35		GLN	1
1u2hA	19	1	A	36		ASP	1
1u2hA	20	1	A	37		VAL	1
1u2hA	21	1	A	38		ILE	1
1u2hA	22	1	A	39		MET	1
1u2hA	23	1	A	40		SER	1
1u2hA	24	1	A	41		ILE	1
1u2hA	25	1	A	42		ARG	1
1u2hA	26	1	A	43		VAL	1
1u2hA	27	1	A	44		GLN	1
1u2hA	28	1	A	45		GLY	1
1u2hA	29	1	A	46		GLU	1
1u2hA	30	1	A	47		PRO	1
1u2hA	31	1	A	48		LYS	1
1u2hA	32	1	A	49		PRO	1
1u2hA	33	1	A	50		VAL	1
1u2hA	34	1	A	51		VAL	1
1u2hA	35	1	A	52		SER	1
1u2hA	36	1	A	53		TRP	1
1u2hA	37	1	A	54		LEU	1
1u2hA	38	1	A	55		ARG	1
1u2hA	39	1	A	56		ASN	1
1u2hA	40	1	A	57		ARG	1
1u2hA	41	1	A	58		GLN	1
1u2hA	42	1	A	59		PRO	1
1u2hA	43	1	A	60		VAL	1
1u2hA	44	1	A	61		ARG	1
1u2hA	45	1	A	62		PRO	1
1u2hA	46	1	A	63		ASP	1
1u2hA	47	1	A	64		GLN	1
1u2hA	48	1	A	65		ARG	1
1u2hA	49	1	A	66		ARG	1
1u2hA	50	1	A	67		PHE	1
1u2hA	51	1	A	68		ALA	1
1u2hA	52	1	A	69		GLU	1
1u2hA	53	1	A	70		GLU	1
1u2hA	54	1	A	71		ALA	1
1u2hA	55	1	A	72		GLU	1
1u2hA	56	1	A	73		GLY	1
1u2hA	57	1	A	74		GLY	1
1u2hA	58	1	A	75		LEU	1
1u2hA	59	1	A	76		CYS	1
1u2hA	60	1	A	77		ARG	1
1u2hA	61	1	A	78		LEU	1
1u2hA	62	1	A	79		ARG	1
1u2hA	63	1	A	80		ILE	1
1u2hA	64	1	A	81		LEU	1
1u2hA	65	1	A	82		ALA	1
1u2hA	66	1	A	83		ALA	1
1u2hA	67	1	A	84		GLU	1
1u2hA	68	1	A	85		ARG	1
1u2hA	69	1	A	86		GLY	1
1u2hA	70	1	A	87		ASP	1
1u2hA	71	1	A	88		ALA	1
1u2hA	72	1	A	89		GLY	1
1u2hA	73	1	A	90		PHE	1
1u2hA	74	1	A	91		TYR	1
1u2hA	75	1	A	92		THR	1
1u2hA	76	1	A	93		CYS	1
1u2hA	77	1	A	94		LYS	1
1u2hA	78	1	A	95		ALA	1
1u2hA	79	1	A	96		VAL	1
1u2hA	80	1	A	97		ASN	1
1u2hA	81	1	A	98		GLU	1
1u2hA	82	1	A	99		TYR	1
1u2hA	83	1	A	100		GLY	1
1u2hA	84	1	A	101		ALA	1
1u2hA	85	1	A	102		ARG	1
1u2hA	86	1	A	103		GLN	1
1u2hA	87	1	A	104		CYS	1
1u2hA	88	1	A	105		GLU	1
1u2hA	89	1	A	106		ALA	1
1u2hA	90	1	A	107		ARG	1
1u2hA	91	1	A	108		LEU	1
1u2hA	92	1	A	109		GLU	1
1u2hA	93	1	A	110		VAL	1
1u2hA	94	1	A	111		ARG	1
1u2hA	95	1	A	112		GLY	1
2i3dB	0	1	B	1		MSE	1
2i3dB	1	1	B	2		PRO	1
2i3dB	2	1	B	3		GLU	1
2i3dB	3	1	B	4		VAL	1
2i3dB	4	1	B	5		ILE	1
2i3dB	5	1	B	6		PHE	1
2i3dB	6	1	B	7		ASN	1
2i3dB	7	1	B	8		GLY	1
2i3dB	8	1	B	9		PRO	1
2i3dB	9	1	B	10		ALA	1
2i3dB	10	1	B	11		GLY	1
2i3dB	11	1	B	12		ARG	1
2i3dB	12	1	B	13		LEU	1
2i3dB	13	1	B	14		GLU	1
2i3dB	14	1	B	15		GLY	1
2i3dB	15	1	B	16		ARG	1
2i3dB	16	1	B	17		TYR	1
2i3dB	17	1	B	18		GLN	1
2i3dB	18	1	B	19		PRO	1
2i3dB	19	1	B	20		SER	1
2i3dB	20	1	B	21		LYS	1
2i3dB	21	1	B	22		GLU	1
2i3dB	22	1	B	23		LYS	1
2i3dB	23	1	B	24		SER	1
2i3dB	24	1	B	25		ALA	1
2i3dB	25	1	B	26		PRO	1
2i3dB	26	1	B	27		ILE	1
2i3dB	27	1	B	28		ALA	1
2i3dB	28	1	B	29		ILE	1
2i3dB	29	1	B	30		ILE	1
2i3dB	30	1	B	31		LEU	1
2i3dB	31	1	B	32		HIS	1
2i3dB	32	1	B	33		PRO	1
2i3dB	33	1	B	34		HIS	1
2i3dB	34	1	B	35		PRO	1
2i3dB	35	1	B	36		GLN	1
2i3dB	36	1	B	37		PHE	1
2i3dB	37	1	B	38		GLY	1
2i3dB	38	1	B	39		GLY	1
2i3dB	39	1	B	40		THR	1
2i3dB	40	1	B	41		MSE	1
2i3dB	41	1	B	42		ASN	1
2i3dB	42	1	B	43		ASN	1
2i3dB	43	1	B	44		GLN	1
2i3dB	44	1	B	45		ILE	1
2i3dB	45	1	B	46		VAL	1
2i3dB	46	1	B	47		TYR	1
2i3dB	47	1	B	48		GLN	1
2i3dB	48	1	B	49		LEU	1
2i3dB	49	1	B	50		PHE	1
2i3dB	50	1	B	51		TYR	1
2i3dB	51	1	B	52		LEU	1
2i3dB	52	1	B	53		PHE	1
2i3dB	53	1	B	54		GLN	1
2i3dB	54	1	B	55		LYS	1
2i3dB	55	1	B	56		ARG	1
2i3dB	56	1	B	57		GLY	1
2i3dB	57	1	B	58		PHE	1
2i3dB	58	1	B	59		THR	1
2i3dB	59	1	B	60		THR	1
2i3dB	60	1	B	61		LEU	1
2i3dB	61	1	B	62		ARG	1
2i3dB	62	1	B	63		PHE	1
2i3dB	63	1	B	64		ASN	1
2i3dB	64	1	B	65		PHE	1
2i3dB	65	1	B	66		ARG	1
2i3dB	66	1	B	67		SER	1
2i3dB	67	1	B	68		ILE	1
2i3dB	68	1	B	69		GLY	1
2i3dB	69	1	B	70		ARG	1
2i3dB	70	1	B	71		SER	1
2i3dB	71	1	B	72		GLN	1
2i3dB	72	1	B	73		GLY	1
2i3dB	73	1	B	74		GLU	1
2i3dB	74	1	B	75		PHE	1
2i3dB	75	1	B	76		ASP	1
2i3dB	76	1	B	77		HIS	1
2i3dB	77	1	B	78		GLY	1
2i3dB	78	1	B	79		ALA	1
2i3dB	79	1	B	80		GLY	1
2i3dB	80	1	B	81		GLU	1
2i3dB	81	1	B	82		LEU	1
2i3dB	82	1	B	83		SER	1
2i3dB	83	1	B	84		ASP	1
2i3dB	84	1	B	85		ALA	1
2i3dB	85	1	B	86		ALA	1
2i3dB	86	1	B	87		SER	1
2i3dB	87	1	B	88		ALA	1
2i3dB	88	1	B	89		LEU	1
2i3dB	89	1	B	90		ASP	1
2i3dB	90	1	B	91		TRP	1
2i3dB	91	1	B	92		VAL	1
2i3dB	92	1	B	93		GLN	1
2i3dB	93	1	B	94		SER	1
2i3dB	94	1	B	95		LEU	1
2i3dB	95	1	B	96		HIS	1
2i3dB	96	1	B	97		PRO	1
2i3dB	97	1	B	98		ASP	1
2i3dB	98	1	B	99		SER	1
2i3dB	99	1	B	100		LYS	1
2i3dB	100	1	B	101		SER	1
2i3dB	101	1	B	102		CYS	1
2i3dB	102	1	B	103		TRP	1
2i3dB	103	1	B	104		VAL	1
2i3dB	104	1	B	105		ALA	1
2i3dB	105	1	B	106		GLY	1
2i3dB	106	1	B	107		TYR	1
2i3dB	107	1	B	108		SER	1
2i3dB	108	1	B	109		PHE	1
2i3dB	109	1	B	110		GLY	1
2i3dB	110	1	B	111		ALA	1
2i3dB	111	1	B	112		TRP	1
2i3dB	112	1	B	113		ILE	1
2i3dB	113	1	B	114		GLY	1
2i3dB	114	1	B	115		MSE	1
2i3dB	115	1	B	116		GLN	1
2i3dB	116	1	B	117		LEU	1
2i3dB	117	1	B	118		LEU	1
2i3dB	118	1	B	119		MSE	1
2i3dB	119	1	B	120		ARG	1
2i3dB	120	1	B	121		ARG	1
2i3dB	121	1	B	122		PRO	1
2i3dB	122	1	B	123		GLU	1
2i3dB	123	1	B	124		ILE	1
2i3dB	124	1	B	125		GLU	1
2i3dB	125	1	B	126		GLY	1
2i3dB	126	1	B	127		PHE	1
2i3dB	127	1	B	128		MSE	1
2i3dB	128	1	B	129		SER	1
2i3dB	129	1	B	130		ILE	1
2i3dB	130	1	B	131		ALA	1
2i3dB	131	1	B	132		PRO	1
2i3dB	132	1	B	133		GLN	1
2i3dB	133	1	B	134		PRO	1
2i3dB	134	1	B	135		ASN	1
2i3dB	135	1	B	136		THR	1
2i3dB	136	1	B	137		TYR	1
2i3dB	137	1	B	138		ASP	1
2i3dB	138	1	B	139		PHE	1
2i3dB	139	1	B	140		SER	1
2i3dB	140	1	B	141		PHE	1
2i3dB	141	1	B	142		LEU	1
2i3dB	142	1	B	143		ALA	1
2i3dB	143	1	B	144		PRO	1
2i3dB	144	1	B	145		CYS	1
2i3dB	145	1	B	146		PRO	1
2i3dB	146	1	B	147		SER	1
2i3dB	147	1	B	148		SER	1
2i3dB	148	1	B	149		GLY	1
2i3dB	149	1	B	150		LEU	1
2i3dB	150	1	B	151		ILE	1
2i3dB	151	1	B	152		ILE	1
2i3dB	152	1	B	153		ASN	1
2i3dB	153	1	B	154		GLY	1
2i3dB	154	1	B	155		ASP	1
2i3dB	155	1	B	156		ALA	1
2i3dB	156	1	B	157		ASP	1
2i3dB	157	1	B	158		LYS	1
2i3dB	158	1	B	159		VAL	1
2i3dB	159	1	B	160		ALA	1
2i3dB	160	1	B	161		PRO	1
2i3dB	161	1	B	162		GLU	1
2i3dB	162	1	B	163		LYS	1
2i3dB	163	1	B	164		ASP	1
2i3dB	164	1	B	165		VAL	1
2i3dB	165	1	B	166		ASN	1
2i3dB	166	1	B	167		GLY	1
2i3dB	167	1	B	168		LEU	1
2i3dB	168	1	B	169		VAL	1
2i3dB	169	1	B	170		GLU	1
2i3dB	170	1	B	171		LYS	1
2i3dB	171	1	B	172		LEU	1
2i3dB	172	1	B	173		LYS	1
2i3dB	173	1	B	174		THR	1
2i3dB	174	1	B	175		GLN	1
2i3dB	175	1	B	176		LYS	1
2i3dB	176	1	B	177		GLY	1
2i3dB	177	1	B	178		ILE	1
2i3dB	178	1	B	179		LEU	1
2i3dB	179	1	B	180		ILE	1
2i3dB	180	1	B	181		THR	1
2i3dB	181	1	B	182		HIS	1
2i3dB	182	1	B	183		ARG	1
2i3dB	183	1	B	184		THR	1
2i3dB	184	1	B	185		LEU	1
2i3dB	185	1	B	186		PRO	1
2i3dB	186	1	B	187		GLY	1
2i3dB	187	1	B	188		ALA	1
2i3dB	188	1	B	189		ASN	1
2i3dB	189	1	B	190		HIS	1
2i3dB	190	1	B	191		PHE	1
2i3dB	191	1	B	192		PHE	1
2i3dB	192	1	B	193		ASN	1
2i3dB	193	1	B	194		GLY	1
2i3dB	194	1	B	195		LYS	1
2i3dB	195	1	B	196		VAL	1
2i3dB	196	1	B	197		ASP	1
2i3dB	197	1	B	198		GLU	1
2i3dB	198	1	B	199		LEU	1
2i3dB	199	1	B	200		MSE	1
2i3dB	200	1	B	201		GLY	1
2i3dB	201	1	B	202		GLU	1
2i3dB	202	1	B	203		CYS	1
2i3dB	203	1	B	204		GLU	1
2i3dB	204	1	B	205		ASP	1
2i3dB	205	1	B	206		TYR	1
2i3dB	206	1	B	207		LEU	1
2i3dB	207	1	B	208		ASP	1
2i3dB	208	1	B	209		ARG	1
2i3dB	209	1	B	210		ARG	1
2i3dB	210	1	B	211		LEU	1
2i3dB	211	1	B	212		ASN	1
2i3dB	212	1	B	213		GLY	1
2i3dB	213	1	B	214		GLU	1
2i3dB	214	1	B	215		LEU	1
2i3dB	215	1	B	216		VAL	1
2i3dB	216	1	B	217		PRO	1
2i3dB	217	1	B	218		GLU	1
2i3dB	218	1	B	219		PRO	1
2i3dB	219	1	B	220		ALA	1
5dblA	0	1	A	500		HIS	1
5dblA	1	1	A	501		MET	1
5dblA	2	1	A	502		ILE	1
5dblA	3	1	A	503		ALA	1
5dblA	4	1	A	504		PRO	1
5dblA	5	1	A	505		GLY	1
5dblA	6	1	A	506		HIS	1
5dblA	7	1	A	507		ARG	1
5dblA	8	1	A	508		ASP	1
5dblA	9	1	A	509		GLU	1
5dblA	10	1	A	510		PHE	1
5dblA	11	1	A	511		ASP	1
5dblA	12	1	A	512		PRO	1
5dblA	13	1	A	513		LYS	1
5dblA	14	1	A	514		LEU	1
5dblA	15	1	A	515		PRO	1
5dblA	16	1	A	516		THR	1
5dblA	17	1	A	517		GLY	1
5dblA	18	1	A	518		GLU	1
5dblA	19	1	A	519		LYS	1
5dblA	20	1	A	520		GLU	1
5dblA	21	1	A	521		GLU	1
5dblA	22	1	A	522		VAL	1
5dblA	23	1	A	523		PRO	1
5dblA	24	1	A	524		GLY	1
5dblA	25	1	A	525		LYS	1
5dblA	26	1	A	526		PRO	1
5dblA	27	1	A	527		GLY	1
5dblA	28	1	A	528		ILE	1
5dblA	29	1	A	529		LYS	1
5dblA	30	1	A	530		ASN	1
5dblA	31	1	A	531		PRO	1
5dblA	32	1	A	532		GLU	1
5dblA	33	1	A	533		THR	1
5dblA	34	1	A	534		GLY	1
5dblA	35	1	A	535		ASP	1
5dblA	36	1	A	536		VAL	1
5dblA	37	1	A	537		VAL	1
5dblA	38	1	A	538		ARG	1
5dblA	39	1	A	539		PRO	1
5dblA	40	1	A	540		PRO	1
5dblA	41	1	A	541		VAL	1
5dblA	42	1	A	542		ASP	1
5dblA	43	1	A	543		SER	1
5dblA	44	1	A	544		VAL	1
5dblA	45	1	A	545		THR	1
5dblA	46	1	A	546		LYS	1
5dblA	47	1	A	547		TYR	1
5dblA	48	1	A	548		GLY	1
5dblA	49	1	A	549		PRO	2
5dblA	50	1	A	550		VAL	2
5dblA	51	1	A	551		LYS	2
5dblA	52	1	A	552		GLY	2
5dblA	53	1	A	553		ASP	2
5dblA	54	1	A	554		SER	2
5dblA	55	1	A	555		ILE	2
5dblA	56	1	A	556		VAL	2
5dblA	57	1	A	557		GLU	2
5dblA	58	1	A	558		LYS	2
5dblA	59	1	A	559		GLU	2
5dblA	60	1	A	560		GLU	2
5dblA	61	1	A	561		ILE	2
5dblA	62	1	A	562		PRO	2
5dblA	63	1	A	563		PHE	2
5dblA	64	1	A	564		GLU	2
5dblA	65	1	A	565		LYS	2
5dblA	66	1	A	566		GLU	2
5dblA	67	1	A	567		ARG	2
5dblA	68	1	A	568		LYS	2
5dblA	69	1	A	569		PHE	2
5dblA	70	1	A	570		ASN	2
5dblA	71	1	A	571		PRO	2
5dblA	72	1	A	572		ASP	2
5dblA	73	1	A	573		LEU	2
5dblA	74	1	A	574		ALA	2
5dblA	75	1	A	575		PRO	2
5dblA	76	1	A	576		GLY	2
5dblA	77	1	A	577		THR	2
5dblA	78	1	A	578		GLU	2
5dblA	79	1	A	579		LYS	2
5dblA	80	1	A	580		VAL	2
5dblA	81	1	A	581		THR	2
5dblA	82	1	A	582		ARG	2
5dblA	83	1	A	583		GLU	2
5dblA	84	1	A	584		GLY	2
5dblA	85	1	A	585		GLN	2
5dblA	86	1	A	586		LYS	2
5dblA	87	1	A	587		GLY	2
5dblA	88	1	A	588		GLU	2
5dblA	89	1	A	589		LYS	2
5dblA	90	1	A	590		THR	2
5dblA	91	1	A	591		ILE	2
5dblA	92	1	A	592		THR	2
5dblA	93	1	A	593		THR	2
5dblA	94	1	A	594		PRO	2
5dblA	95	1	A	595		THR	2
5dblA	96	1	A	596		LEU	2
5dblA	97	1	A	597		LYS	2
5dblA	98	1	A	598		ASN	2
5dblA	99	1	A	599		PRO	2
5dblA	100	1	A	600		LEU	2
5dblA	101	1	A	601		THR	2
5dblA	102	1	A	602		GLY	2
5dblA	103	1	A	603		GLU	2
5dblA	104	1	A	604		ILE	2
5dblA	105	1	A	605		ILE	2
5dblA	106	1	A	606		SER	2
5dblA	107	1	A	607		LYS	2
5dblA	108	1	A	608		GLY	2
5dblA	109	1	A	609		GLU	2
5dblA	110	1	A	610		SER	2
5dblA	111	1	A	611		LYS	2
5dblA	112	1	A	612		GLU	2
5dblA	113	1	A	613		GLU	2
5dblA	114	1	A	614		ILE	2
5dblA	115	1	A	615		THR	2
5dblA	116	1	A	616		LYS	2
5dblA	117	1	A	617		ASP	2
5dblA	118	1	A	618		PRO	2
5dblA	119	1	A	619		ILE	2
5dblA	120	1	A	620		ASN	2
5dblA	121	1	A	621		GLU	2
5dblA	122	1	A	622		LEU	2
5dblA	123	1	A	623		THR	2
5dblA	124	1	A	624		GLU	2
5dblA	125	1	A	625		TRP	2
5dblA	126	1	A	626		GLY	2
5dblA	127	1	A	627		PRO	2
5dblA	128	1	A	628		GLU	2
5dblA	129	1	A	629		THR	2
6pzdA	0	1	A	81		ARG	1
6pzdA	1	1	A	82		ARG	1
6pzdA	2	1	A	83		ASN	1
6pzdA	3	1	A	84		PHE	1
6pzdA	4	1	A	85		ASN	1
6pzdA	5	1	A	86		ASN	1
6pzdA	6	1	A	87		LEU	1
6pzdA	7	1	A	88		THR	1
6pzdA	8	1	A	89		LYS	1
6pzdA	9	1	A	90		GLY	1
6pzdA	10	1	A	91		LEU	1
6pzdA	11	1	A	92		CYS	1
6pzdA	12	1	A	93		THR	1
6pzdA	13	1	A	94		ILE	1
6pzdA	14	1	A	95		ASN	1
6pzdA	15	1	A	96		SER	1
6pzdA	16	1	A	97		TRP	1
6pzdA	17	1	A	98		HIS	1
6pzdA	18	1	A	99		ILE	1
6pzdA	19	1	A	100		TYR	1
6pzdA	20	1	A	101		GLY	1
6pzdA	21	1	A	102		LYS	1
6pzdA	22	1	A	103		ASP	1
6pzdA	23	1	A	104		ASN	1
6pzdA	24	1	A	105		ALA	1
6pzdA	25	1	A	106		VAL	1
6pzdA	26	1	A	107		ARG	1
6pzdA	27	1	A	108		ILE	1
6pzdA	28	1	A	109		GLY	1
6pzdA	29	1	A	110		GLU	1
6pzdA	30	1	A	111		SER	1
6pzdA	31	1	A	112		SER	1
6pzdA	32	1	A	113		ASP	1
6pzdA	33	1	A	114		VAL	1
6pzdA	34	1	A	115		LEU	1
6pzdA	35	1	A	116		VAL	1
6pzdA	36	1	A	117		THR	1
6pzdA	37	1	A	118		ARG	1
6pzdA	38	1	A	119		GLU	1
6pzdA	39	1	A	120		PRO	1
6pzdA	40	1	A	121		TYR	1
6pzdA	41	1	A	122		VAL	1
6pzdA	42	1	A	123		SER	1
6pzdA	43	1	A	124		CYS	1
6pzdA	44	1	A	125		ASP	1
6pzdA	45	1	A	126		PRO	1
6pzdA	46	1	A	127		ASP	1
6pzdA	47	1	A	128		GLU	1
6pzdA	48	1	A	129		CYS	1
6pzdA	49	1	A	130		ARG	1
6pzdA	50	1	A	131		PHE	1
6pzdA	51	1	A	132		TYR	1
6pzdA	52	1	A	133		ALA	1
6pzdA	53	1	A	134		LEU	1
6pzdA	54	1	A	135		SER	1
6pzdA	55	1	A	136		GLN	1
6pzdA	56	1	A	137		GLY	1
6pzdA	57	1	A	138		THR	1
6pzdA	58	1	A	139		THR	1
6pzdA	59	1	A	140		ILE	1
6pzdA	60	1	A	141		ARG	1
6pzdA	61	1	A	142		GLY	1
6pzdA	62	1	A	143		LYS	1
6pzdA	63	1	A	144		HIS	1
6pzdA	64	1	A	145		SER	1
6pzdA	65	1	A	146		ASN	1
6pzdA	66	1	A	147		GLY	1
6pzdA	67	1	A	148		THR	1
6pzdA	68	1	A	149		ILE	1
6pzdA	69	1	A	150		HIS	1
6pzdA	70	1	A	151		ASP	1
6pzdA	71	1	A	152		ARG	1
6pzdA	72	1	A	153		SER	1
6pzdA	73	1	A	154		GLN	1
6pzdA	74	1	A	155		TYR	1
6pzdA	75	1	A	156		ARG	1
6pzdA	76	1	A	157		ALA	1
6pzdA	77	1	A	158		LEU	1
6pzdA	78	1	A	159		ILE	1
6pzdA	79	1	A	160		SER	1
6pzdA	80	1	A	161		TRP	1
6pzdA	81	1	A	162		PRO	1
6pzdA	82	1	A	163		LEU	1
6pzdA	83	1	A	164		SER	1
6pzdA	84	1	A	165		SER	1
6pzdA	85	1	A	166		PRO	1
6pzdA	86	1	A	167		PRO	1
6pzdA	87	1	A	168		THR	1
6pzdA	88	1	A	169		VAL	1
6pzdA	89	1	A	169	A	HIS	1
6pzdA	90	1	A	170		ASN	1
6pzdA	91	1	A	171		SER	1
6pzdA	92	1	A	172		ARG	1
6pzdA	93	1	A	173		VAL	1
6pzdA	94	1	A	174		GLU	1
6pzdA	95	1	A	175		CYS	1
6pzdA	96	1	A	176		ILE	1
6pzdA	97	1	A	177		GLY	1
6pzdA	98	1	A	178		TRP	1
6pzdA	99	1	A	179		SER	1
6pzdA	100	1	A	180		SER	1
6pzdA	101	1	A	181		THR	1
6pzdA	102	1	A	182		SER	1
6pzdA	103	1	A	183		CYS	1
6pzdA	104	1	A	184		HIS	1
6pzdA	105	1	A	185		ASP	1
6pzdA	106	1	A	186		GLY	1
6pzdA	107	1	A	187		LYS	1
6pzdA	108	1	A	188		SER	1
6pzdA	109	1	A	189		ARG	1
6pzdA	110	1	A	190		MET	1
6pzdA	111	1	A	191		SER	1
6pzdA	112	1	A	192		ILE	1
6pzdA	113	1	A	193		CYS	1
6pzdA	114	1	A	194		ILE	1
6pzdA	115	1	A	195		SER	1
6pzdA	116	1	A	196		GLY	1
6pzdA	117	1	A	197		PRO	1
6pzdA	118	1	A	198		ASN	1
6pzdA	119	1	A	199		ASN	1
6pzdA	120	1	A	200		ASN	1
6pzdA	121	1	A	201		ALA	1
6pzdA	122	1	A	202		SER	1
6pzdA	123	1	A	203		ALA	1
6pzdA	124	1	A	204		VAL	1
6pzdA	125	1	A	205		VAL	1
6pzdA	126	1	A	206		TRP	1
6pzdA	127	1	A	207		TYR	1
6pzdA	128	1	A	208		ASN	1
6pzdA	129	1	A	209		ARG	1
6pzdA	130	1	A	210		ARG	1
6pzdA	131	1	A	211		PRO	1
6pzdA	132	1	A	212		VAL	1
6pzdA	133	1	A	213		ALA	1
6pzdA	134	1	A	214		GLU	1
6pzdA	135	1	A	215		ILE	1
6pzdA	136	1	A	216		ASN	1
6pzdA	137	1	A	217		THR	1
6pzdA	138	1	A	218		TRP	1
6pzdA	139	1	A	219		ALA	1
6pzdA	140	1	A	220		ARG	1
6pzdA	141	1	A	221		ASN	1
6pzdA	142	1	A	222		ILE	1
6pzdA	143	1	A	223		LEU	1
6pzdA	144	1	A	224		ARG	1
6pzdA	145	1	A	225		THR	1
6pzdA	146	1	A	226		GLN	1
6pzdA	147	1	A	227		GLU	1
6pzdA	148	1	A	228		SER	1
6pzdA	149	1	A	229		GLU	1
6pzdA	150	1	A	230		CYS	1
6pzdA	151	1	A	231		VAL	1
6pzdA	152	1	A	232		CYS	1
6pzdA	153	1	A	233		HIS	1
6pzdA	154	1	A	234		ASN	1
6pzdA	155	1	A	235		GLY	1
6pzdA	156	1	A	236		VAL	1
6pzdA	157	1	A	237		CYS	1
6pzdA	158	1	A	238		PRO	1
6pzdA	159	1	A	239		VAL	1
6pzdA	160	1	A	240		VAL	1
6pzdA	161	1	A	241		PHE	1
6pzdA	162	1	A	242		THR	1
6pzdA	163	1	A	243		ASP	1
6pzdA	164	1	A	244		GLY	1
6pzdA	165	1	A	245		SER	1
6pzdA	166	1	A	246		ALA	1
6pzdA	167	1	A	247		THR	1
6pzdA	168	1	A	248		GLY	1
6pzdA	169	1	A	249		PRO	1
6pzdA	170	1	A	250		ALA	1
6pzdA	171	1	A	251		ASP	1
6pzdA	172	1	A	252		THR	1
6pzdA	173	1	A	253		ARG	1
6pzdA	174	1	A	254		ILE	1
6pzdA	175	1	A	255		TYR	1
6pzdA	176	1	A	256		TYR	1
6pzdA	177	1	A	257		PHE	1
6pzdA	178	1	A	258		LYS	1
6pzdA	179	1	A	259		GLU	1
6pzdA	180	1	A	260		GLY	1
6pzdA	181	1	A	261		LYS	1
6pzdA	182	1	A	262		ILE	1
6pzdA	183	1	A	263		LEU	1
6pzdA	184	1	A	264		LYS	1
6pzdA	185	1	A	265		TRP	1
6pzdA	186	1	A	266		GLU	1
6pzdA	187	1	A	267		SER	1
6pzdA	188	1	A	268		LEU	1
6pzdA	189	1	A	269		THR	1
6pzdA	190	1	A	270		GLY	1
6pzdA	191	1	A	271		THR	1
6pzdA	192	1	A	272		ALA	1
6pzdA	193	1	A	273		LYS	1
6pzdA	194	1	A	274		HIS	1
6pzdA	195	1	A	275		ILE	1
6pzdA	196	1	A	276		GLU	1
6pzdA	197	1	A	277		GLU	1
6pzdA	198	1	A	278		CYS	1
6pzdA	199	1	A	279		SER	1
6pzdA	200	1	A	280		CYS	1
6pzdA	201	1	A	281		TYR	1
6pzdA	202	1	A	282		GLY	1
6pzdA	203	1	A	283		GLU	1
6pzdA	204	1	A	284		ARG	1
6pzdA	205	1	A	285		THR	1
6pzdA	206	1	A	286		GLY	1
6pzdA	207	1	A	287		ILE	1
6pzdA	208	1	A	288		THR	1
6pzdA	209	1	A	289		CYS	1
6pzdA	210	1	A	290		THR	1
6pzdA	211	1	A	291		CYS	1
6pzdA	212	1	A	292		ARG	1
6pzdA	213	1	A	293		ASP	1
6pzdA	214	1	A	294		ASN	1
6pzdA	215	1	A	295		TRP	1
6pzdA	216	1	A	296		GLN	1
6pzdA	217	1	A	297		GLY	1
6pzdA	218	1	A	298		SER	1
6pzdA	219	1	A	299		ASN	1
6pzdA	220	1	A	300		ARG	1
6pzdA	221	1	A	301		PRO	1
6pzdA	222	1	A	302		VAL	1
6pzdA	223	1	A	303		ILE	1
6pzdA	224	1	A	304		GLN	1
6pzdA	225	1	A	305		ILE	1
6pzdA	226	1	A	306		ASP	1
6pzdA	227	1	A	307		PRO	1
6pzdA	228	1	A	308		VAL	1
6pzdA	229	1	A	309		ALA	1
6pzdA	230	1	A	310		MET	1
6pzdA	231	1	A	311		THR	1
6pzdA	232	1	A	312		HIS	1
6pzdA	233	1	A	313		THR	1
6pzdA	234	1	A	314		SER	1
6pzdA	235	1	A	315		GLN	1
6pzdA	236	1	A	316		TYR	1
6pzdA	237	1	A	317		ILE	1
6pzdA	238	1	A	318		CYS	1
6pzdA	239	1	A	319		SER	1
6pzdA	240	1	A	320		PRO	1
6pzdA	241	1	A	321		VAL	1
6pzdA	242	1	A	322		LEU	1
6pzdA	243	1	A	323		THR	1
6pzdA	244	1	A	324		ASP	1
6pzdA	245	1	A	325		ASN	1
6pzdA	246	1	A	326		PRO	1
6pzdA	247	1	A	327		ARG	1
6pzdA	248	1	A	328		PRO	1
6pzdA	249	1	A	329		ASN	1
6pzdA	250	1	A	330		ASP	1
6pzdA	251	1	A	331		PRO	1
6pzdA	252	1	A	333		ASN	1
6pzdA	253	1	A	334		ILE	1
6pzdA	254	1	A	335		GLY	1
6pzdA	255	1	A	336		LYS	1
6pzdA	256	1	A	337		CYS	1
6pzdA	257	1	A	338		ASN	1
6pzdA	258	1	A	339		ASP	1
6pzdA	259	1	A	340		PRO	1
6pzdA	260	1	A	341		TYR	1
6pzdA	261	1	A	342		PRO	1
6pzdA	262	1	A	343		GLY	1
6pzdA	263	1	A	344		ASN	1
6pzdA	264	1	A	345		ASN	1
6pzdA	265	1	A	346		ASN	1
6pzdA	266	1	A	347		ASN	1
6pzdA	267	1	A	348		GLY	1
6pzdA	268	1	A	349		VAL	1
6pzdA	269	1	A	350		LYS	1
6pzdA	270	1	A	351		GLY	1
6pzdA	271	1	A	352		PHE	1
6pzdA	272	1	A	353		SER	1
6pzdA	273	1	A	354		TYR	1
6pzdA	274	1	A	355		LEU	1
6pzdA	275	1	A	356		ASP	1
6pzdA	276	1	A	357		GLY	1
6pzdA	277	1	A	358		ALA	1
6pzdA	278	1	A	359		ASN	1
6pzdA	279	1	A	360		THR	1
6pzdA	280	1	A	361		TRP	1
6pzdA	281	1	A	362		LEU	1
6pzdA	282	1	A	363		GLY	1
6pzdA	283	1	A	364		ARG	1
6pzdA	284	1	A	365		THR	1
6pzdA	285	1	A	366		ILE	1
6pzdA	286	1	A	367		SER	1
6pzdA	287	1	A	368		THR	1
6pzdA	288	1	A	369		ALA	1
6pzdA	289	1	A	370		SER	1
6pzdA	290	1	A	371		ARG	1
6pzdA	291	1	A	372		SER	1
6pzdA	292	1	A	373		GLY	1
6pzdA	293	1	A	374		TYR	1
6pzdA	294	1	A	375		GLU	1
6pzdA	295	1	A	376		MET	1
6pzdA	296	1	A	377		LEU	1
6pzdA	297	1	A	378		LYS	1
6pzdA	298	1	A	379		VAL	1
6pzdA	299	1	A	380		PRO	1
6pzdA	300	1	A	381		ASN	1
6pzdA	301	1	A	382		ALA	1
6pzdA	302	1	A	383		LEU	1
6pzdA	303	1	A	384		THR	1
6pzdA	304	1	A	385		ASP	1
6pzdA	305	1	A	386		ASP	1
6pzdA	306	1	A	387		ARG	1
6pzdA	307	1	A	389		SER	1
6pzdA	308	1	A	390		LYS	1
6pzdA	309	1	A	391		PRO	1
6pzdA	310	1	A	392		ILE	1
6pzdA	311	1	A	393		GLN	1
6pzdA	312	1	A	394		GLY	1
6pzdA	313	1	A	395		GLN	1
6pzdA	314	1	A	396		THR	1
6pzdA	315	1	A	397		ILE	1
6pzdA	316	1	A	398		VAL	1
6pzdA	317	1	A	399		LEU	1
6pzdA	318	1	A	400		ASN	1
6pzdA	319	1	A	401		ALA	1
6pzdA	320	1	A	402		ASP	1
6pzdA	321	1	A	403		TRP	1
6pzdA	322	1	A	404		SER	1
6pzdA	323	1	A	405		GLY	1
6pzdA	324	1	A	406		TYR	1
6pzdA	325	1	A	407		SER	1
6pzdA	326	1	A	408		GLY	1
6pzdA	327	1	A	409		SER	1
6pzdA	328	1	A	410		PHE	1
6pzdA	329	1	A	411		MET	1
6pzdA	330	1	A	412		ASP	1
6pzdA	331	1	A	412	A	TYR	1
6pzdA	332	1	A	412	B	TRP	1
6pzdA	333	1	A	413		ALA	1
6pzdA	334	1	A	414		GLU	1
6pzdA	335	1	A	415		GLY	1
6pzdA	336	1	A	416		ASP	1
6pzdA	337	1	A	417		CYS	1
6pzdA	338	1	A	418		TYR	1
6pzdA	339	1	A	419		ARG	1
6pzdA	340	1	A	420		ALA	1
6pzdA	341	1	A	421		CYS	1
6pzdA	342	1	A	422		PHE	1
6pzdA	343	1	A	423		TYR	1
6pzdA	344	1	A	424		VAL	1
6pzdA	345	1	A	425		GLU	1
6pzdA	346	1	A	426		LEU	1
6pzdA	347	1	A	427		ILE	1
6pzdA	348	1	A	428		ARG	1
6pzdA	349	1	A	429		GLY	1
6pzdA	350	1	A	430		ARG	1
6pzdA	351	1	A	431		PRO	1
6pzdA	352	1	A	432		LYS	1
6pzdA	353	1	A	433		GLU	1
6pzdA	354	1	A	434		ASP	1
6pzdA	355	1	A	435		LYS	1
6pzdA	356	1	A	436		VAL	1
6pzdA	357	1	A	437		TRP	1
6pzdA	358	1	A	438		TRP	1
6pzdA	359	1	A	439		THR	1
6pzdA	360	1	A	440		SER	1
6pzdA	361	1	A	441		ASN	1
6pzdA	362	1	A	442		SER	1
6pzdA	363	1	A	443		ILE	1
6pzdA	364	1	A	444		VAL	1
6pzdA	365	1	A	445		SER	1
6pzdA	366	1	A	446		MET	1
6pzdA	367	1	A	447		CYS	1
6pzdA	368	1	A	448		SER	1
6pzdA	369	1	A	449		SER	1
6pzdA	370	1	A	450		THR	1
6pzdA	371	1	A	451		GLU	1
6pzdA	372	1	A	452		PHE	1
6pzdA	373	1	A	453		LEU	1
6pzdA	374	1	A	454		GLY	1
6pzdA	375	1	A	455		GLN	1
6pzdA	376	1	A	456		TRP	1
6pzdA	377	1	A	457		ASN	1
6pzdA	378	1	A	458		TRP	1
6pzdA	379	1	A	459		PRO	1
6pzdA	380	1	A	460		ASP	1
6pzdA	381	1	A	461		GLY	1
6pzdA	382	1	A	462		ALA	1
6pzdA	383	1	A	463		LYS	1
6pzdA	384	1	A	464		ILE	1
6pzdA	385	1	A	465		GLU	1
6pzdA	386	1	A	466		TYR	1
6pzdA	387	1	A	467		PHE	1
6pzdA	388	1	A	468		LEU	1
1xodB	0	1	B	6		GLY	1
1xodB	1	1	B	7		SER	1
1xodB	2	1	B	8		ASP	1
1xodB	3	1	B	9		ASP	1
1xodB	4	1	B	10		SER	1
1xodB	5	1	B	11		TYR	1
1xodB	6	1	B	12		ALA	1
1xodB	7	1	B	13		ARG	1
1xodB	8	1	B	14		VAL	1
1xodB	9	1	B	15		ARG	1
1xodB	10	1	B	16		ALA	1
1xodB	11	1	B	17		VAL	1
1xodB	12	1	B	18		VAL	1
1xodB	13	1	B	19		MET	1
1xodB	14	1	B	20		THR	1
1xodB	15	1	B	21		ARG	1
1xodB	16	1	B	22		ASP	1
1xodB	17	1	B	23		ASP	1
1xodB	18	1	B	24		SER	1
1xodB	19	1	B	25		SER	1
1xodB	20	1	B	26		GLY	1
1xodB	21	1	B	27		GLY	1
1xodB	22	1	B	28		TRP	1
1xodB	23	1	B	29		LEU	1
1xodB	24	1	B	30		GLN	1
1xodB	25	1	B	31		LEU	1
1xodB	26	1	B	32		GLY	1
1xodB	27	1	B	33		GLY	1
1xodB	28	1	B	34		GLY	1
1xodB	29	1	B	35		GLY	1
1xodB	30	1	B	36		LEU	1
1xodB	31	1	B	37		SER	1
1xodB	32	1	B	38		SER	1
1xodB	33	1	B	39		VAL	1
1xodB	34	1	B	40		THR	1
1xodB	35	1	B	41		VAL	1
1xodB	36	1	B	42		SER	1
1xodB	37	1	B	43		LYS	1
1xodB	38	1	B	44		THR	1
1xodB	39	1	B	45		LEU	1
1xodB	40	1	B	46		GLN	1
1xodB	41	1	B	47		PRO	1
1xodB	42	1	B	48		GLY	1
1xodB	43	1	B	49		ASP	1
1xodB	44	1	B	50		SER	1
1xodB	45	1	B	51		GLY	1
1xodB	46	1	B	52		GLY	1
1xodB	47	1	B	53		THR	1
1xodB	48	1	B	54		GLU	1
1xodB	49	1	B	55		PHE	1
1xodB	50	1	B	56		LEU	1
1xodB	51	1	B	57		VAL	1
1xodB	52	1	B	58		HIS	1
1xodB	53	1	B	59		GLY	1
1xodB	54	1	B	60		GLU	1
1xodB	55	1	B	61		ARG	1
1xodB	56	1	B	62		LEU	1
1xodB	57	1	B	63		ARG	1
1xodB	58	1	B	64		ASP	1
1xodB	59	1	B	65		LYS	1
1xodB	60	1	B	66		THR	1
1xodB	61	1	B	67		VAL	1
1xodB	62	1	B	68		VAL	1
1xodB	63	1	B	69		LEU	1
1xodB	64	1	B	70		GLU	1
1xodB	65	1	B	71		CYS	1
1xodB	66	1	B	72		VAL	1
1xodB	67	1	B	73		LEU	1
1xodB	68	1	B	74		ARG	1
1xodB	69	1	B	75		ARG	1
1xodB	70	1	B	76		ASP	1
1xodB	71	1	B	77		LEU	1
1xodB	72	1	B	78		VAL	1
1xodB	73	1	B	79		TYR	1
1xodB	74	1	B	80		ASN	1
1xodB	75	1	B	81		LYS	1
1xodB	76	1	B	82		VAL	1
1xodB	77	1	B	83		THR	1
1xodB	78	1	B	84		PRO	1
1xodB	79	1	B	85		THR	1
1xodB	80	1	B	86		PHE	1
1xodB	81	1	B	87		HIS	1
1xodB	82	1	B	88		HIS	1
1xodB	83	1	B	89		TRP	1
1xodB	84	1	B	90		ARG	1
1xodB	85	1	B	91		ILE	1
1xodB	86	1	B	92		GLY	1
1xodB	87	1	B	93		ASP	1
1xodB	88	1	B	94		LYS	1
1xodB	89	1	B	95		LYS	1
1xodB	90	1	B	96		PHE	1
1xodB	91	1	B	97		GLY	1
1xodB	92	1	B	98		LEU	1
1xodB	93	1	B	99		THR	1
1xodB	94	1	B	100		PHE	1
1xodB	95	1	B	101		GLN	1
1xodB	96	1	B	102		SER	1
1xodB	97	1	B	103		PRO	1
1xodB	98	1	B	104		ALA	1
1xodB	99	1	B	105		ASP	1
1xodB	100	1	B	106		ALA	1
1xodB	101	1	B	107		ARG	1
1xodB	102	1	B	108		ALA	1
1xodB	103	1	B	109		PHE	1
1xodB	104	1	B	110		ASP	1
1xodB	105	1	B	111		ARG	1
1xodB	106	1	B	112		GLY	1
1xodB	107	1	B	113		ILE	1
1xodB	108	1	B	114		ARG	1
1xodB	109	1	B	115		ARG	1
1xodB	110	1	B	116		ALA	1
1xodB	111	1	B	117		ILE	1
1xodB	112	1	B	118		GLU	1
1xodB	113	1	B	119		ASP	1
1xodB	114	1	B	120		LEU	1
1xodB	115	1	B	121		SER	1
1xodB	116	1	B	122		GLN	1
1xodB	117	1	B	123		GLY	1
1o5uA	0	1	A	2		GLU	1
1o5uA	1	1	A	3		VAL	1
1o5uA	2	1	A	4		LYS	1
1o5uA	3	1	A	5		ILE	1
1o5uA	4	1	A	6		GLU	1
1o5uA	5	1	A	7		LYS	1
1o5uA	6	1	A	8		PRO	1
1o5uA	7	1	A	9		THR	1
1o5uA	8	1	A	10		PRO	1
1o5uA	9	1	A	11		GLU	1
1o5uA	10	1	A	12		LYS	1
1o5uA	11	1	A	13		LEU	1
1o5uA	12	1	A	14		LYS	1
1o5uA	13	1	A	15		GLU	1
1o5uA	14	1	A	16		LEU	1
1o5uA	15	1	A	17		SER	1
1o5uA	16	1	A	18		VAL	1
1o5uA	17	1	A	19		GLU	1
1o5uA	18	1	A	20		LYS	1
1o5uA	19	1	A	21		TRP	1
1o5uA	20	1	A	22		PRO	1
1o5uA	21	1	A	23		ILE	1
1o5uA	22	1	A	24		TRP	1
1o5uA	23	1	A	25		GLU	1
1o5uA	24	1	A	26		LYS	1
1o5uA	25	1	A	27		GLU	1
1o5uA	26	1	A	28		VAL	1
1o5uA	27	1	A	29		SER	1
1o5uA	28	1	A	30		GLU	1
1o5uA	29	1	A	31		PHE	1
1o5uA	30	1	A	32		ASP	1
1o5uA	31	1	A	33		TRP	1
1o5uA	32	1	A	34		TYR	1
1o5uA	33	1	A	35		TYR	1
1o5uA	34	1	A	36		ASP	1
1o5uA	35	1	A	37		THR	1
1o5uA	36	1	A	38		ASN	1
1o5uA	37	1	A	39		GLU	1
1o5uA	38	1	A	40		THR	1
1o5uA	39	1	A	41		CYS	1
1o5uA	40	1	A	42		TYR	1
1o5uA	41	1	A	43		ILE	1
1o5uA	42	1	A	44		LEU	1
1o5uA	43	1	A	45		GLU	1
1o5uA	44	1	A	46		GLY	1
1o5uA	45	1	A	47		LYS	1
1o5uA	46	1	A	48		VAL	1
1o5uA	47	1	A	49		GLU	1
1o5uA	48	1	A	50		VAL	1
1o5uA	49	1	A	51		THR	1
1o5uA	50	1	A	52		THR	1
1o5uA	51	1	A	53		GLU	1
1o5uA	52	1	A	54		ASP	1
1o5uA	53	1	A	55		GLY	1
1o5uA	54	1	A	56		LYS	1
1o5uA	55	1	A	57		LYS	1
1o5uA	56	1	A	58		TYR	1
1o5uA	57	1	A	59		VAL	1
1o5uA	58	1	A	60		ILE	1
1o5uA	59	1	A	61		GLU	1
1o5uA	60	1	A	62		LYS	1
1o5uA	61	1	A	63		GLY	1
1o5uA	62	1	A	64		ASP	1
1o5uA	63	1	A	65		LEU	1
1o5uA	64	1	A	66		VAL	1
1o5uA	65	1	A	67		THR	1
1o5uA	66	1	A	68		PHE	1
1o5uA	67	1	A	69		PRO	1
1o5uA	68	1	A	70		LYS	1
1o5uA	69	1	A	71		GLY	1
1o5uA	70	1	A	72		LEU	1
1o5uA	71	1	A	73		ARG	1
1o5uA	72	1	A	74		CYS	1
1o5uA	73	1	A	75		ARG	1
1o5uA	74	1	A	76		TRP	1
1o5uA	75	1	A	77		LYS	1
1o5uA	76	1	A	78		VAL	1
1o5uA	77	1	A	79		LEU	1
1o5uA	78	1	A	80		GLU	1
1o5uA	79	1	A	81		PRO	1
1o5uA	80	1	A	82		VAL	1
1o5uA	81	1	A	83		ARG	1
1o5uA	82	1	A	84		LYS	1
1o5uA	83	1	A	85		HIS	1
1o5uA	84	1	A	86		TYR	1
1o5uA	85	1	A	87		ASN	1
1o5uA	86	1	A	88		LEU	1
1o5uA	87	1	A	89		PHE	1
6hq0A	0	1	A	5		CYS	1
6hq0A	1	1	A	6		THR	1
6hq0A	2	1	A	7		VAL	1
6hq0A	3	1	A	8		GLN	1
6hq0A	4	1	A	9		VAL	1
6hq0A	5	1	A	10		ARG	1
6hq0A	6	1	A	11		LEU	1
6hq0A	7	1	A	12		GLU	1
6hq0A	8	1	A	13		LEU	1
6hq0A	9	1	A	14		GLY	1
6hq0A	10	1	A	15		HIS	1
6hq0A	11	1	A	16		ARG	1
6hq0A	12	1	A	17		ALA	1
6hq0A	13	1	A	18		GLN	1
6hq0A	14	1	A	19		LEU	1
6hq0A	15	1	A	20		ARG	1
6hq0A	16	1	A	21		LYS	1
6hq0A	17	1	A	22		LYS	1
6hq0A	18	1	A	23		PRO	1
6hq0A	19	1	A	24		THR	1
6hq0A	20	1	A	25		THR	1
6hq0A	21	1	A	26		GLU	1
6hq0A	22	1	A	27		GLY	1
6hq0A	23	1	A	28		PHE	1
6hq0A	24	1	A	29		THR	1
6hq0A	25	1	A	30		HIS	1
6hq0A	26	1	A	31		ASP	1
6hq0A	27	1	A	32		TRP	1
6hq0A	28	1	A	33		MET	1
6hq0A	29	1	A	34		VAL	1
6hq0A	30	1	A	35		PHE	1
6hq0A	31	1	A	36		VAL	1
6hq0A	32	1	A	37		ARG	1
6hq0A	33	1	A	38		GLY	1
6hq0A	34	1	A	39		PRO	1
6hq0A	35	1	A	40		GLU	1
6hq0A	36	1	A	41		GLN	1
6hq0A	37	1	A	42		CYS	1
6hq0A	38	1	A	43		ASP	1
6hq0A	39	1	A	44		ILE	1
6hq0A	40	1	A	45		GLN	1
6hq0A	41	1	A	46		HIS	1
6hq0A	42	1	A	47		PHE	1
6hq0A	43	1	A	48		VAL	1
6hq0A	44	1	A	49		GLU	1
6hq0A	45	1	A	50		LYS	1
6hq0A	46	1	A	51		VAL	1
6hq0A	47	1	A	52		VAL	1
6hq0A	48	1	A	53		PHE	1
6hq0A	49	1	A	54		TRP	1
6hq0A	50	1	A	55		LEU	1
6hq0A	51	1	A	56		HIS	1
6hq0A	52	1	A	57		ASP	1
6hq0A	53	1	A	58		SER	1
6hq0A	54	1	A	59		PHE	1
6hq0A	55	1	A	60		PRO	1
6hq0A	56	1	A	61		LYS	1
6hq0A	57	1	A	62		PRO	1
6hq0A	58	1	A	63		ARG	1
6hq0A	59	1	A	64		ARG	1
6hq0A	60	1	A	65		VAL	1
6hq0A	61	1	A	66		CYS	1
6hq0A	62	1	A	67		LYS	1
6hq0A	63	1	A	68		GLU	1
6hq0A	64	1	A	69		PRO	1
6hq0A	65	1	A	70		PRO	1
6hq0A	66	1	A	71		TYR	1
6hq0A	67	1	A	72		LYS	1
6hq0A	68	1	A	73		VAL	1
6hq0A	69	1	A	74		GLU	1
6hq0A	70	1	A	75		GLU	1
6hq0A	71	1	A	76		SER	1
6hq0A	72	1	A	77		GLY	1
6hq0A	73	1	A	78		TYR	1
6hq0A	74	1	A	79		ALA	1
6hq0A	75	1	A	80		GLY	1
6hq0A	76	1	A	81		PHE	1
6hq0A	77	1	A	82		ILE	1
6hq0A	78	1	A	83		MET	1
6hq0A	79	1	A	84		PRO	1
6hq0A	80	1	A	85		ILE	1
6hq0A	81	1	A	86		GLU	1
6hq0A	82	1	A	87		VAL	1
6hq0A	83	1	A	88		HIS	1
6hq0A	84	1	A	89		PHE	1
6hq0A	85	1	A	90		LYS	1
6hq0A	86	1	A	91		ASN	1
6hq0A	87	1	A	92		LYS	1
6hq0A	88	1	A	93		GLU	1
6hq0A	89	1	A	94		GLU	1
6hq0A	90	1	A	95		PRO	1
6hq0A	91	1	A	96		ARG	1
6hq0A	92	1	A	97		LYS	1
6hq0A	93	1	A	98		VAL	1
6hq0A	94	1	A	99		CYS	1
6hq0A	95	1	A	100		PHE	1
6hq0A	96	1	A	101		THR	1
6hq0A	97	1	A	102		TYR	1
6hq0A	98	1	A	103		ASP	1
6hq0A	99	1	A	104		LEU	1
6hq0A	100	1	A	105		PHE	1
6hq0A	101	1	A	106		LEU	1
6hq0A	102	1	A	107		ASN	1
6hq0A	103	1	A	108		LEU	1
6hq0A	104	1	A	109		GLU	1
6hq0A	105	1	A	110		GLY	1
6hq0A	106	1	A	111		ASN	1
6hq0A	107	1	A	112		PRO	1
6hq0A	108	1	A	113		PRO	1
6hq0A	109	1	A	114		VAL	1
6hq0A	110	1	A	115		ASN	1
6hq0A	111	1	A	116		HIS	1
6hq0A	112	1	A	117		LEU	1
6hq0A	113	1	A	118		ARG	1
6hq0A	114	1	A	119		CYS	1
6hq0A	115	1	A	120		GLU	1
6hq0A	116	1	A	121		LYS	1
6hq0A	117	1	A	122		LEU	1
6hq0A	118	1	A	123		THR	1
6hq0A	119	1	A	124		PHE	1
6hq0A	120	1	A	125		ASN	1
6hq0A	121	1	A	126		ASN	1
6hq0A	122	1	A	127		PRO	1
6hq0A	123	1	A	128		THR	1
6hq0A	124	1	A	129		THR	1
6hq0A	125	1	A	130		GLU	1
6hq0A	126	1	A	131		PHE	1
6hq0A	127	1	A	132		ARG	1
6hq0A	128	1	A	133		TYR	1
6hq0A	129	1	A	134		LYS	1
6hq0A	130	1	A	135		LEU	1
6hq0A	131	1	A	136		LEU	1
6hq0A	132	1	A	137		ARG	1
6hq0A	133	1	A	138		ALA	1
6hq0A	134	1	A	139		GLY	1
6hq0A	135	1	A	140		GLY	1
6hq0A	136	1	A	141		VAL	1
6hq0A	137	1	A	142		MET	1
6hq0A	138	1	A	143		VAL	1
1htjF	0	1	F	306		GLU	1
1htjF	1	1	F	307		SER	1
1htjF	2	1	F	308		ASP	1
1htjF	3	1	F	309		ILE	1
1htjF	4	1	F	310		ILE	1
1htjF	5	1	F	311		PHE	1
1htjF	6	1	F	312		GLN	1
1htjF	7	1	F	313		ASP	1
1htjF	8	1	F	314		LEU	1
1htjF	9	1	F	315		GLU	1
1htjF	10	1	F	316		LYS	1
1htjF	11	1	F	317		LEU	1
1htjF	12	1	F	318		LYS	1
1htjF	13	1	F	319		SER	1
1htjF	14	1	F	320		ARG	1
1htjF	15	1	F	321		PRO	1
1htjF	16	1	F	322		ALA	1
1htjF	17	1	F	323		HIS	1
1htjF	18	1	F	324		LEU	1
1htjF	19	1	F	325		GLY	1
1htjF	20	1	F	326		VAL	1
1htjF	21	1	F	327		PHE	1
1htjF	22	1	F	328		LEU	1
1htjF	23	1	F	329		ARG	1
1htjF	24	1	F	330		TYR	1
1htjF	25	1	F	331		ILE	1
1htjF	26	1	F	332		PHE	1
1htjF	27	1	F	333		SER	1
1htjF	28	1	F	334		GLN	1
1htjF	29	1	F	335		ALA	2
1htjF	30	1	F	336		ASP	2
1htjF	31	1	F	337		PRO	2
1htjF	32	1	F	338		SER	2
1htjF	33	1	F	339		PRO	2
1htjF	34	1	F	340		LEU	2
1htjF	35	1	F	341		LEU	2
1htjF	36	1	F	342		PHE	2
1htjF	37	1	F	343		TYR	2
1htjF	38	1	F	344		LEU	2
1htjF	39	1	F	345		CYS	2
1htjF	40	1	F	346		ALA	2
1htjF	41	1	F	347		GLU	2
1htjF	42	1	F	348		VAL	2
1htjF	43	1	F	349		TYR	2
1htjF	44	1	F	350		GLN	2
1htjF	45	1	F	351		GLN	2
1htjF	46	1	F	352		ALA	2
1htjF	47	1	F	353		SER	2
1htjF	48	1	F	354		PRO	2
1htjF	49	1	F	355		LYS	2
1htjF	50	1	F	356		ASP	2
1htjF	51	1	F	357		SER	2
1htjF	52	1	F	358		ARG	2
1htjF	53	1	F	359		SER	2
1htjF	54	1	F	360		LEU	2
1htjF	55	1	F	361		GLY	2
1htjF	56	1	F	362		LYS	2
1htjF	57	1	F	363		ASP	2
1htjF	58	1	F	364		ILE	2
1htjF	59	1	F	365		TRP	2
1htjF	60	1	F	366		ASN	2
1htjF	61	1	F	367		ILE	2
1htjF	62	1	F	368		PHE	2
1htjF	63	1	F	369		LEU	2
1htjF	64	1	F	370		GLU	2
1htjF	65	1	F	371		LYS	2
1htjF	66	1	F	372		ASN	2
1htjF	67	1	F	373		ALA	2
1htjF	68	1	F	374		PRO	2
1htjF	69	1	F	375		LEU	2
1htjF	70	1	F	376		ARG	2
1htjF	71	1	F	377		VAL	2
1htjF	72	1	F	378		LYS	2
1htjF	73	1	F	379		ILE	2
1htjF	74	1	F	380		PRO	2
1htjF	75	1	F	381		GLU	2
1htjF	76	1	F	382		MSE	2
1htjF	77	1	F	383		LEU	2
1htjF	78	1	F	384		GLN	2
1htjF	79	1	F	385		ALA	2
1htjF	80	1	F	386		GLU	2
1htjF	81	1	F	387		ILE	2
1htjF	82	1	F	388		ASP	2
1htjF	83	1	F	389		SER	2
1htjF	84	1	F	390		ARG	2
1htjF	85	1	F	391		LEU	2
1htjF	86	1	F	392		ARG	2
1htjF	87	1	F	393		ASN	2
1htjF	88	1	F	394		SER	2
1htjF	89	1	F	395		GLU	2
1htjF	90	1	F	396		ASP	2
1htjF	91	1	F	397		ALA	2
1htjF	92	1	F	398		ARG	2
1htjF	93	1	F	399		GLY	2
1htjF	94	1	F	400		VAL	2
1htjF	95	1	F	401		LEU	2
1htjF	96	1	F	402		CYS	2
1htjF	97	1	F	403		GLU	2
1htjF	98	1	F	404		ALA	2
1htjF	99	1	F	405		GLN	2
1htjF	100	1	F	406		GLU	2
1htjF	101	1	F	407		ALA	2
1htjF	102	1	F	408		ALA	2
1htjF	103	1	F	409		MSE	2
1htjF	104	1	F	410		PRO	2
1htjF	105	1	F	411		GLU	2
1htjF	106	1	F	412		ILE	2
1htjF	107	1	F	413		GLN	2
1htjF	108	1	F	414		GLU	2
1htjF	109	1	F	415		GLN	2
1htjF	110	1	F	416		ILE	2
1htjF	111	1	F	417		HIS	2
1htjF	112	1	F	418		ASP	1
1htjF	113	1	F	419		TYR	1
1htjF	114	1	F	420		ARG	1
1htjF	115	1	F	421		THR	1
1htjF	116	1	F	422		LYS	1
1htjF	117	1	F	423		ARG	1
1htjF	118	1	F	424		THR	1
1htjF	119	1	F	425		LEU	1
1htjF	120	1	F	426		GLY	1
1htjF	121	1	F	427		LEU	1
1htjF	122	1	F	428		GLY	1
1htjF	123	1	F	429		SER	1
1htjF	124	1	F	430		LEU	1
1htjF	125	1	F	431		TYR	1
1htjF	126	1	F	432		GLY	1
1htjF	127	1	F	433		GLU	1
1htjF	128	1	F	434		ASN	1
1htjF	129	1	F	435		ASP	1
1htjF	130	1	F	436		LEU	1
1htjF	131	1	F	437		LEU	1
1htjF	132	1	F	438		ASP	1
1htjF	133	1	F	439		LEU	1
1htjF	134	1	F	440		ASP	1
1htjF	135	1	F	441		GLY	1
1htjF	136	1	F	442		ASP	1
1htjF	137	1	F	443		PRO	1
1htjF	138	1	F	444		LEU	1
1htjF	139	1	F	445		ARG	1
1htjF	140	1	F	446		GLU	1
1htjF	141	1	F	447		ARG	1
1htjF	142	1	F	448		GLN	1
1htjF	143	1	F	449		VAL	1
1htjF	144	1	F	450		ALA	1
1htjF	145	1	F	451		GLU	1
1htjF	146	1	F	452		LYS	1
1htjF	147	1	F	453		GLN	1
1htjF	148	1	F	454		LEU	1
1htjF	149	1	F	455		ALA	1
1htjF	150	1	F	456		ALA	1
1htjF	151	1	F	457		LEU	1
1htjF	152	1	F	458		GLY	1
1htjF	153	1	F	459		ASP	1
1htjF	154	1	F	460		ILE	1
1htjF	155	1	F	461		LEU	1
1htjF	156	1	F	462		SER	1
1htjF	157	1	F	463		ALA	1
1htjF	158	1	F	464		TYR	1
1htjF	159	1	F	465		ALA	1
1htjF	160	1	F	466		ALA	1
1htjF	161	1	F	467		ASP	1
1htjF	162	1	F	468		ARG	1
1htjF	163	1	F	469		SER	1
1htjF	164	1	F	470		ALA	1
1htjF	165	1	F	471		PRO	1
1htjF	166	1	F	472		MSE	1
1htjF	167	1	F	473		ASP	1
1htjF	168	1	F	474		PHE	1
1htjF	169	1	F	475		ALA	1
1htjF	170	1	F	476		LEU	1
1htjF	171	1	F	477		ASN	1
1htjF	172	1	F	478		THR	1
1htjF	173	1	F	479		TYR	1
1htjF	174	1	F	480		MSE	1
1htjF	175	1	F	481		SER	1
1htjF	176	1	F	482		HIS	1
1htjF	177	1	F	483		ALA	1
1htjF	178	1	F	484		GLY	1
1htjF	179	1	F	485		ILE	1
1htjF	180	1	F	486		ARG	1
1htjF	181	1	F	487		LEU	1
2i44B	0	1	B	13		VAL	1
2i44B	1	1	B	14		PRO	1
2i44B	2	1	B	15		PRO	1
2i44B	3	1	B	16		THR	1
2i44B	4	1	B	17		ILE	1
2i44B	5	1	B	18		HIS	1
2i44B	6	1	B	19		VAL	1
2i44B	7	1	B	20		PRO	1
2i44B	8	1	B	21		LEU	1
2i44B	9	1	B	22		PRO	1
2i44B	10	1	B	23		PRO	1
2i44B	11	1	B	24		THR	1
2i44B	12	1	B	25		SER	1
2i44B	13	1	B	26		TYR	1
2i44B	14	1	B	27		PRO	1
2i44B	15	1	B	28		ALA	1
2i44B	16	1	B	29		PHE	1
2i44B	17	1	B	30		ASP	1
2i44B	18	1	B	31		ALA	1
2i44B	19	1	B	32		ALA	1
2i44B	20	1	B	33		ILE	1
2i44B	21	1	B	34		PHE	1
2i44B	22	1	B	35		THR	1
2i44B	23	1	B	36		ASP	1
2i44B	24	1	B	37		ILE	1
2i44B	25	1	B	38		GLY	1
2i44B	26	1	B	39		GLY	1
2i44B	27	1	B	40		ARG	1
2i44B	28	1	B	41		LYS	1
2i44B	29	1	B	42		HIS	1
2i44B	30	1	B	43		GLN	1
2i44B	31	1	B	44		GLU	1
2i44B	32	1	B	45		ASP	1
2i44B	33	1	B	46		ARG	1
2i44B	34	1	B	47		PHE	1
2i44B	35	1	B	48		THR	1
2i44B	36	1	B	49		LEU	1
2i44B	37	1	B	50		CYS	1
2i44B	38	1	B	51		PRO	1
2i44B	39	1	B	52		GLN	1
2i44B	40	1	B	53		LEU	1
2i44B	41	1	B	54		VAL	1
2i44B	42	1	B	55		PRO	1
2i44B	43	1	B	56		GLY	1
2i44B	44	1	B	57		ARG	1
2i44B	45	1	B	58		ASP	1
2i44B	46	1	B	59		ASP	1
2i44B	47	1	B	60		CYS	1
2i44B	48	1	B	61		ALA	1
2i44B	49	1	B	62		PHE	1
2i44B	50	1	B	63		PHE	1
2i44B	51	1	B	64		GLY	1
2i44B	52	1	B	65		VAL	1
2i44B	53	1	B	66		PHE	1
2i44B	54	1	B	67		ASP	1
2i44B	55	1	B	68		GLY	1
2i44B	56	1	B	69		THR	1
2i44B	57	1	B	70		VAL	1
2i44B	58	1	B	71		GLY	1
2i44B	59	1	B	72		ASP	1
2i44B	60	1	B	73		PHE	1
2i44B	61	1	B	74		ALA	1
2i44B	62	1	B	75		SER	1
2i44B	63	1	B	76		GLU	1
2i44B	64	1	B	77		ASN	1
2i44B	65	1	B	78		VAL	1
2i44B	66	1	B	79		LYS	1
2i44B	67	1	B	80		ASP	1
2i44B	68	1	B	81		LEU	1
2i44B	69	1	B	82		VAL	1
2i44B	70	1	B	83		VAL	1
2i44B	71	1	B	84		PRO	1
2i44B	72	1	B	85		GLN	1
2i44B	73	1	B	86		LEU	1
2i44B	74	1	B	87		ILE	1
2i44B	75	1	B	88		SER	1
2i44B	76	1	B	89		SER	1
2i44B	77	1	B	90		PRO	1
2i44B	78	1	B	91		ALA	1
2i44B	79	1	B	92		TRP	1
2i44B	80	1	B	93		GLN	1
2i44B	81	1	B	94		GLU	1
2i44B	82	1	B	95		VAL	1
2i44B	83	1	B	96		THR	1
2i44B	84	1	B	97		GLU	1
2i44B	85	1	B	98		MSE	1
2i44B	86	1	B	99		LEU	1
2i44B	87	1	B	100		ARG	1
2i44B	88	1	B	101		SER	1
2i44B	89	1	B	102		ASP	1
2i44B	90	1	B	103		VAL	1
2i44B	91	1	B	104		PRO	1
2i44B	92	1	B	105		ALA	1
2i44B	93	1	B	106		THR	1
2i44B	94	1	B	107		GLU	1
2i44B	95	1	B	108		VAL	1
2i44B	96	1	B	109		ASP	1
2i44B	97	1	B	110		GLU	1
2i44B	98	1	B	111		LYS	1
2i44B	99	1	B	112		LEU	1
2i44B	100	1	B	113		PRO	1
2i44B	101	1	B	114		GLN	1
2i44B	102	1	B	115		LEU	1
2i44B	103	1	B	116		LEU	1
2i44B	104	1	B	117		ASP	1
2i44B	105	1	B	118		GLN	1
2i44B	106	1	B	119		ALA	1
2i44B	107	1	B	120		VAL	1
2i44B	108	1	B	121		ASP	1
2i44B	109	1	B	122		ASP	1
2i44B	110	1	B	123		MSE	1
2i44B	111	1	B	124		TYR	1
2i44B	112	1	B	125		LYS	1
2i44B	113	1	B	126		ASN	1
2i44B	114	1	B	127		ALA	1
2i44B	115	1	B	128		ASP	1
2i44B	116	1	B	129		ASN	1
2i44B	117	1	B	130		GLU	1
2i44B	118	1	B	131		LEU	1
2i44B	119	1	B	132		VAL	1
2i44B	120	1	B	133		LYS	1
2i44B	121	1	B	134		MSE	1
2i44B	122	1	B	135		CYS	1
2i44B	123	1	B	136		GLU	1
2i44B	124	1	B	137		GLN	1
2i44B	125	1	B	138		LEU	1
2i44B	126	1	B	139		ASN	1
2i44B	127	1	B	140		LYS	1
2i44B	128	1	B	141		ASP	1
2i44B	129	1	B	142		TYR	1
2i44B	130	1	B	143		ALA	1
2i44B	131	1	B	144		SER	1
2i44B	132	1	B	145		SER	1
2i44B	133	1	B	146		THR	1
2i44B	134	1	B	147		SER	1
2i44B	135	1	B	148		VAL	1
2i44B	136	1	B	149		THR	1
2i44B	137	1	B	150		ALA	1
2i44B	138	1	B	151		VAL	1
2i44B	139	1	B	152		LEU	1
2i44B	140	1	B	153		ALA	1
2i44B	141	1	B	154		LYS	1
2i44B	142	1	B	155		GLY	1
2i44B	143	1	B	156		PHE	1
2i44B	144	1	B	157		VAL	1
2i44B	145	1	B	158		ALA	1
2i44B	146	1	B	159		VAL	1
2i44B	147	1	B	160		GLY	1
2i44B	148	1	B	161		HIS	1
2i44B	149	1	B	162		LEU	1
2i44B	150	1	B	163		GLY	1
2i44B	151	1	B	164		ASP	1
2i44B	152	1	B	165		SER	1
2i44B	153	1	B	166		ARG	1
2i44B	154	1	B	167		ILE	1
2i44B	155	1	B	168		ALA	1
2i44B	156	1	B	169		MSE	1
2i44B	157	1	B	170		GLY	1
2i44B	158	1	B	171		VAL	1
2i44B	159	1	B	172		GLU	1
2i44B	160	1	B	173		THR	1
2i44B	161	1	B	174		PRO	1
2i44B	162	1	B	175		ASN	1
2i44B	163	1	B	176		GLY	1
2i44B	164	1	B	177		LEU	1
2i44B	165	1	B	178		ASN	1
2i44B	166	1	B	179		CYS	1
2i44B	167	1	B	180		GLU	1
2i44B	168	1	B	181		PHE	1
2i44B	169	1	B	182		LEU	1
2i44B	170	1	B	183		THR	1
2i44B	171	1	B	184		VAL	1
2i44B	172	1	B	185		ASP	1
2i44B	173	1	B	186		HIS	1
2i44B	174	1	B	187		LYS	1
2i44B	175	1	B	188		PRO	1
2i44B	176	1	B	189		ASP	1
2i44B	177	1	B	190		MSE	1
2i44B	178	1	B	191		PRO	1
2i44B	179	1	B	192		HIS	1
2i44B	180	1	B	193		GLU	1
2i44B	181	1	B	194		LYS	1
2i44B	182	1	B	195		LEU	1
2i44B	183	1	B	196		ARG	1
2i44B	184	1	B	197		ILE	1
2i44B	185	1	B	198		MSE	1
2i44B	186	1	B	199		ARG	1
2i44B	187	1	B	200		ASN	1
2i44B	188	1	B	201		GLY	1
2i44B	189	1	B	202		GLY	1
2i44B	190	1	B	203		SER	1
2i44B	191	1	B	204		VAL	1
2i44B	192	1	B	205		GLU	1
2i44B	193	1	B	206		TYR	1
2i44B	194	1	B	207		LEU	1
2i44B	195	1	B	208		HIS	1
2i44B	196	1	B	209		ASN	1
2i44B	197	1	B	210		HIS	1
2i44B	198	1	B	211		ASN	1
2i44B	199	1	B	212		ASN	1
2i44B	200	1	B	213		LYS	1
2i44B	201	1	B	214		PRO	1
2i44B	202	1	B	215		PHE	1
2i44B	203	1	B	216		ILE	1
2i44B	204	1	B	217		ARG	1
2i44B	205	1	B	218		GLY	1
2i44B	206	1	B	219		GLY	1
2i44B	207	1	B	220		ASP	1
2i44B	208	1	B	221		PHE	1
2i44B	209	1	B	222		SER	1
2i44B	210	1	B	223		PHE	1
2i44B	211	1	B	224		ARG	1
2i44B	212	1	B	225		LYS	1
2i44B	213	1	B	226		SER	1
2i44B	214	1	B	227		ARG	1
2i44B	215	1	B	228		GLY	1
2i44B	216	1	B	229		GLU	1
2i44B	217	1	B	230		GLN	1
2i44B	218	1	B	231		PRO	1
2i44B	219	1	B	232		MSE	1
2i44B	220	1	B	233		GLN	1
2i44B	221	1	B	234		LEU	1
2i44B	222	1	B	235		GLN	1
2i44B	223	1	B	236		TYR	1
2i44B	224	1	B	237		SER	1
2i44B	225	1	B	238		ARG	1
2i44B	226	1	B	239		ALA	1
2i44B	227	1	B	240		PHE	1
2i44B	228	1	B	241		GLY	1
2i44B	229	1	B	242		GLY	1
2i44B	230	1	B	243		LYS	1
2i44B	231	1	B	244		ASP	1
2i44B	232	1	B	245		LEU	1
2i44B	233	1	B	246		LYS	1
2i44B	234	1	B	247		MSE	1
2i44B	235	1	B	248		TYR	1
2i44B	236	1	B	249		GLY	1
2i44B	237	1	B	250		LEU	1
2i44B	238	1	B	251		SER	1
2i44B	239	1	B	252		ASN	1
2i44B	240	1	B	253		GLN	1
2i44B	241	1	B	254		PRO	1
2i44B	242	1	B	255		ASP	1
2i44B	243	1	B	256		VAL	1
2i44B	244	1	B	257		ARG	1
2i44B	245	1	B	258		VAL	1
2i44B	246	1	B	259		VAL	1
2i44B	247	1	B	260		ARG	1
2i44B	248	1	B	261		VAL	1
2i44B	249	1	B	262		THR	1
2i44B	250	1	B	263		PRO	1
2i44B	251	1	B	264		GLN	1
2i44B	252	1	B	265		HIS	1
2i44B	253	1	B	266		ARG	1
2i44B	254	1	B	267		VAL	1
2i44B	255	1	B	268		MSE	1
2i44B	256	1	B	269		ILE	1
2i44B	257	1	B	270		LEU	1
2i44B	258	1	B	271		ALA	1
2i44B	259	1	B	272		THR	1
2i44B	260	1	B	273		ASP	1
2i44B	261	1	B	274		GLY	1
2i44B	262	1	B	275		LEU	1
2i44B	263	1	B	276		TRP	1
2i44B	264	1	B	277		ASP	1
2i44B	265	1	B	278		VAL	1
2i44B	266	1	B	279		MSE	1
2i44B	267	1	B	280		SER	1
2i44B	268	1	B	281		ALA	1
2i44B	269	1	B	282		ALA	1
2i44B	270	1	B	283		GLN	1
2i44B	271	1	B	284		ALA	1
2i44B	272	1	B	285		VAL	1
2i44B	273	1	B	286		GLU	1
2i44B	274	1	B	287		ILE	1
2i44B	275	1	B	288		ALA	1
2i44B	276	1	B	289		MSE	1
2i44B	277	1	B	290		GLN	1
2i44B	278	1	B	291		ALA	1
2i44B	279	1	B	292		ARG	1
2i44B	280	1	B	293		GLN	1
2i44B	281	1	B	294		GLU	1
2i44B	282	1	B	295		GLY	1
2i44B	283	1	B	296		ARG	1
2i44B	284	1	B	297		ASN	1
2i44B	285	1	B	298		PRO	1
2i44B	286	1	B	299		ALA	1
2i44B	287	1	B	300		GLN	1
2i44B	288	1	B	301		ALA	1
2i44B	289	1	B	302		LEU	1
2i44B	290	1	B	303		VAL	1
2i44B	291	1	B	304		GLU	1
2i44B	292	1	B	305		MSE	1
2i44B	293	1	B	306		THR	1
2i44B	294	1	B	307		LEU	1
2i44B	295	1	B	308		ALA	1
2i44B	296	1	B	309		GLU	1
2i44B	297	1	B	310		GLN	1
2i44B	298	1	B	311		GLN	1
2i44B	299	1	B	312		SER	1
2i44B	300	1	B	313		ARG	1
2i44B	301	1	B	314		ASN	1
2i44B	302	1	B	315		GLN	1
2i44B	303	1	B	316		SER	1
2i44B	304	1	B	317		ALA	1
2i44B	305	1	B	318		ASP	1
2i44B	306	1	B	319		ASN	1
2i44B	307	1	B	320		ILE	1
2i44B	308	1	B	321		THR	1
2i44B	309	1	B	322		ALA	1
2i44B	310	1	B	323		MSE	1
2i44B	311	1	B	324		THR	1
2i44B	312	1	B	325		VAL	1
2i44B	313	1	B	326		PHE	1
2i44B	314	1	B	327		PHE	1
2i44B	315	1	B	328		LYS	1
1v96A	0	1	A	2		PRO	1
1v96A	1	1	A	3		LEU	1
1v96A	2	1	A	4		PRO	1
1v96A	3	1	A	5		PRO	1
1v96A	4	1	A	6		ASP	1
1v96A	5	1	A	7		ILE	1
1v96A	6	1	A	8		THR	1
1v96A	7	1	A	9		PHE	1
1v96A	8	1	A	10		ASP	1
1v96A	9	1	A	11		SER	1
1v96A	10	1	A	12		LEU	1
1v96A	11	1	A	13		ALA	1
1v96A	12	1	A	14		LEU	1
1v96A	13	1	A	15		ILE	1
1v96A	14	1	A	16		LYS	1
1v96A	15	1	A	17		MET	1
1v96A	16	1	A	18		HIS	1
1v96A	17	1	A	19		SER	1
1v96A	18	1	A	20		GLN	1
1v96A	19	1	A	21		ASN	1
1v96A	20	1	A	22		MET	1
1v96A	21	1	A	23		LYS	1
1v96A	22	1	A	24		ARG	1
1v96A	23	1	A	25		ILE	1
1v96A	24	1	A	26		LEU	1
1v96A	25	1	A	27		GLU	1
1v96A	26	1	A	28		VAL	1
1v96A	27	1	A	29		THR	1
1v96A	28	1	A	30		LEU	1
1v96A	29	1	A	31		ALA	1
1v96A	30	1	A	32		LYS	1
1v96A	31	1	A	33		PHE	1
1v96A	32	1	A	34		THR	1
1v96A	33	1	A	35		VAL	1
1v96A	34	1	A	36		ASN	1
1v96A	35	1	A	37		LEU	1
1v96A	36	1	A	38		SER	1
1v96A	37	1	A	39		ILE	1
1v96A	38	1	A	40		VAL	1
1v96A	39	1	A	41		THR	1
1v96A	40	1	A	42		VAL	1
1v96A	41	1	A	43		TYR	1
1v96A	42	1	A	44		ARG	1
1v96A	43	1	A	45		TYR	1
1v96A	44	1	A	46		LEU	1
1v96A	45	1	A	47		THR	1
1v96A	46	1	A	48		ALA	1
1v96A	47	1	A	49		ARG	1
1v96A	48	1	A	52		LEU	1
1v96A	49	1	A	53		LYS	1
1v96A	50	1	A	54		LYS	1
1v96A	51	1	A	55		ASN	1
1v96A	52	1	A	56		ILE	1
1v96A	53	1	A	57		GLU	1
1v96A	54	1	A	58		ALA	1
1v96A	55	1	A	59		GLU	1
1v96A	56	1	A	60		PHE	1
1v96A	57	1	A	61		GLU	1
1v96A	58	1	A	62		ILE	1
1v96A	59	1	A	63		LEU	1
1v96A	60	1	A	64		LYS	1
1v96A	61	1	A	65		ASP	1
1v96A	62	1	A	66		ILE	1
1v96A	63	1	A	67		TYR	1
1v96A	64	1	A	68		ASN	1
1v96A	65	1	A	69		ILE	1
1v96A	66	1	A	70		VAL	1
1v96A	67	1	A	71		PRO	1
1v96A	68	1	A	72		LEU	1
1v96A	69	1	A	73		LEU	1
1v96A	70	1	A	74		ASP	1
1v96A	71	1	A	75		ASP	1
1v96A	72	1	A	76		ILE	1
1v96A	73	1	A	77		ALA	1
1v96A	74	1	A	78		ILE	1
1v96A	75	1	A	79		LYS	1
1v96A	76	1	A	80		ALA	1
1v96A	77	1	A	81		ALA	1
1v96A	78	1	A	82		GLN	1
1v96A	79	1	A	83		ILE	1
1v96A	80	1	A	84		GLU	1
1v96A	81	1	A	85		ALA	1
1v96A	82	1	A	86		ASN	1
1v96A	83	1	A	87		LEU	1
1v96A	84	1	A	88		ILE	1
1v96A	85	1	A	89		LYS	1
1v96A	86	1	A	90		LYS	1
1v96A	87	1	A	91		GLU	1
1v96A	88	1	A	92		ILE	1
1v96A	89	1	A	93		THR	1
1v96A	90	1	A	94		LEU	1
1v96A	91	1	A	95		ASP	1
1v96A	92	1	A	96		MET	1
1v96A	93	1	A	97		GLU	1
1v96A	94	1	A	98		ASP	1
1v96A	95	1	A	99		ILE	1
1v96A	96	1	A	100		ILE	1
1v96A	97	1	A	101		THR	1
1v96A	98	1	A	102		ALA	1
1v96A	99	1	A	103		THR	1
1v96A	100	1	A	104		THR	1
1v96A	101	1	A	105		ALA	1
1v96A	102	1	A	106		ILE	1
1v96A	103	1	A	107		TYR	1
1v96A	104	1	A	108		THR	1
1v96A	105	1	A	109		ASN	1
1v96A	106	1	A	110		SER	1
1v96A	107	1	A	111		LEU	1
1v96A	108	1	A	112		LEU	1
1v96A	109	1	A	113		VAL	1
1v96A	110	1	A	114		THR	1
1v96A	111	1	A	115		ASP	1
1v96A	112	1	A	116		ASP	1
1v96A	113	1	A	117		PRO	1
1v96A	114	1	A	118		LYS	1
1v96A	115	1	A	119		ARG	1
1v96A	116	1	A	120		TYR	1
1v96A	117	1	A	121		GLU	1
1v96A	118	1	A	122		PRO	1
1v96A	119	1	A	123		ILE	1
1v96A	120	1	A	124		ARG	1
1v96A	121	1	A	125		ARG	1
1v96A	122	1	A	126		PHE	1
1v96A	123	1	A	127		GLY	1
1v96A	124	1	A	128		LEU	1
1v96A	125	1	A	129		ASP	1
1v96A	126	1	A	130		THR	1
1v96A	127	1	A	131		MET	1
1v96A	128	1	A	132		PRO	1
1v96A	129	1	A	133		LEU	1
1v96A	130	1	A	134		ASP	1
1v96A	131	1	A	135		LYS	1
1v96A	132	1	A	136		PHE	1
1v96A	133	1	A	137		ILE	1
1v96A	134	1	A	138		LYS	1
1v96A	135	1	A	139		GLU	1
1v96A	136	1	A	140		VAL	1
1v96A	137	1	A	141		GLU	1
1v96A	138	1	A	142		LEU	1
1v96A	139	1	A	143		MET	1
1v96A	140	1	A	144		VAL	1
1v96A	141	1	A	145		GLU	1
1v96A	142	1	A	146		LYS	1
1v96A	143	1	A	147		GLU	1
1v96A	144	1	A	148		LEU	1
1v96A	145	1	A	149		ILE	1
6j6vA	0	1	A	17		VAL	1
6j6vA	1	1	A	18		PRO	1
6j6vA	2	1	A	19		ALA	1
6j6vA	3	1	A	20		PHE	1
6j6vA	4	1	A	21		LEU	1
6j6vA	5	1	A	22		GLY	1
6j6vA	6	1	A	23		LYS	1
6j6vA	7	1	A	24		LEU	1
6j6vA	8	1	A	25		TRP	1
6j6vA	9	1	A	26		ALA	1
6j6vA	10	1	A	27		LEU	1
6j6vA	11	1	A	28		VAL	1
6j6vA	12	1	A	29		GLY	1
6j6vA	13	1	A	30		ASP	1
6j6vA	14	1	A	31		PRO	1
6j6vA	15	1	A	32		GLY	1
6j6vA	16	1	A	33		THR	1
6j6vA	17	1	A	34		ASP	1
6j6vA	18	1	A	35		HIS	1
6j6vA	19	1	A	36		LEU	1
6j6vA	20	1	A	37		ILE	1
6j6vA	21	1	A	38		ARG	1
6j6vA	22	1	A	39		TRP	1
6j6vA	23	1	A	40		SER	1
6j6vA	24	1	A	41		PRO	1
6j6vA	25	1	A	42		SER	1
6j6vA	26	1	A	43		GLY	1
6j6vA	27	1	A	44		THR	1
6j6vA	28	1	A	45		SER	1
6j6vA	29	1	A	46		PHE	1
6j6vA	30	1	A	47		LEU	1
6j6vA	31	1	A	48		VAL	1
6j6vA	32	1	A	49		SER	1
6j6vA	33	1	A	50		ASP	1
6j6vA	34	1	A	51		GLN	1
6j6vA	35	1	A	52		SER	1
6j6vA	36	1	A	53		ARG	1
6j6vA	37	1	A	54		PHE	1
6j6vA	38	1	A	55		ALA	1
6j6vA	39	1	A	56		LYS	1
6j6vA	40	1	A	57		GLU	1
6j6vA	41	1	A	58		VAL	1
6j6vA	42	1	A	59		LEU	1
6j6vA	43	1	A	60		PRO	1
6j6vA	44	1	A	61		GLN	1
6j6vA	45	1	A	62		TYR	1
6j6vA	46	1	A	63		PHE	1
6j6vA	47	1	A	64		LYS	1
6j6vA	48	1	A	65		HIS	1
6j6vA	49	1	A	66		SER	1
6j6vA	50	1	A	67		ASN	1
6j6vA	51	1	A	68		MET	1
6j6vA	52	1	A	69		ALA	1
6j6vA	53	1	A	70		SER	1
6j6vA	54	1	A	71		PHE	1
6j6vA	55	1	A	72		VAL	1
6j6vA	56	1	A	73		ARG	1
6j6vA	57	1	A	74		GLN	1
6j6vA	58	1	A	75		LEU	1
6j6vA	59	1	A	76		ASN	1
6j6vA	60	1	A	77		MET	1
6j6vA	61	1	A	78		TYR	1
6j6vA	62	1	A	79		GLY	1
6j6vA	63	1	A	80		PHE	1
6j6vA	64	1	A	81		ARG	1
6j6vA	65	1	A	82		LYS	1
6j6vA	66	1	A	83		VAL	1
6j6vA	67	1	A	84		VAL	1
6j6vA	68	1	A	85		SER	1
6j6vA	69	1	A	86		ILE	1
6j6vA	70	1	A	87		GLU	1
6j6vA	71	1	A	97		ASP	1
6j6vA	72	1	A	98		HIS	1
6j6vA	73	1	A	99		VAL	1
6j6vA	74	1	A	100		GLU	1
6j6vA	75	1	A	101		PHE	1
6j6vA	76	1	A	102		GLN	1
6j6vA	77	1	A	103		HIS	1
6j6vA	78	1	A	104		PRO	1
6j6vA	79	1	A	105		SER	1
6j6vA	80	1	A	106		PHE	1
6j6vA	81	1	A	107		VAL	1
6j6vA	82	1	A	108		ARG	1
6j6vA	83	1	A	109		GLY	1
6j6vA	84	1	A	110		ARG	1
6j6vA	85	1	A	111		GLU	1
6j6vA	86	1	A	112		GLN	1
6j6vA	87	1	A	113		LEU	1
6j6vA	88	1	A	114		LEU	1
6j6vA	89	1	A	115		GLU	1
6j6vA	90	1	A	116		ARG	1
6j6vA	91	1	A	117		VAL	1
6j6vA	92	1	A	118		ARG	1
6j6vA	93	1	A	119		ARG	1
3r6dA	0	1	A	-2		SER	1
3r6dA	1	1	A	-1		ASN	1
3r6dA	2	1	A	0		ALA	1
3r6dA	3	1	A	1		MSE	1
3r6dA	4	1	A	2		TYR	1
3r6dA	5	1	A	4		TYR	1
3r6dA	6	1	A	5		ILE	1
3r6dA	7	1	A	6		THR	1
3r6dA	8	1	A	7		ILE	1
3r6dA	9	1	A	8		LEU	1
3r6dA	10	1	A	9		GLY	1
3r6dA	11	1	A	10		ALA	1
3r6dA	12	1	A	11		ALA	1
3r6dA	13	1	A	12		GLY	1
3r6dA	14	1	A	13		GLN	1
3r6dA	15	1	A	14		ILE	1
3r6dA	16	1	A	15		ALA	1
3r6dA	17	1	A	16		GLN	1
3r6dA	18	1	A	18		LEU	1
3r6dA	19	1	A	19		THR	1
3r6dA	20	1	A	20		ALA	1
3r6dA	21	1	A	21		THR	1
3r6dA	22	1	A	22		LEU	1
3r6dA	23	1	A	23		LEU	1
3r6dA	24	1	A	24		THR	1
3r6dA	25	1	A	25		TYR	1
3r6dA	26	1	A	26		THR	1
3r6dA	27	1	A	27		ASP	1
3r6dA	28	1	A	28		MSE	1
3r6dA	29	1	A	29		HIS	1
3r6dA	30	1	A	30		ILE	1
3r6dA	31	1	A	31		THR	1
3r6dA	32	1	A	32		LEU	1
3r6dA	33	1	A	33		TYR	1
3r6dA	34	1	A	34		GLY	1
3r6dA	35	1	A	35		ARG	1
3r6dA	36	1	A	36		GLN	1
3r6dA	37	1	A	37		LEU	1
3r6dA	38	1	A	38		LYS	1
3r6dA	39	1	A	39		THR	1
3r6dA	40	1	A	40		ARG	1
3r6dA	41	1	A	41		ILE	1
3r6dA	42	1	A	42		PRO	1
3r6dA	43	1	A	43		PRO	1
3r6dA	44	1	A	44		GLU	1
3r6dA	45	1	A	45		ILE	1
3r6dA	46	1	A	46		ILE	1
3r6dA	47	1	A	47		ASP	1
3r6dA	48	1	A	48		HIS	1
3r6dA	49	1	A	49		GLU	1
3r6dA	50	1	A	50		ARG	1
3r6dA	51	1	A	51		VAL	1
3r6dA	52	1	A	52		THR	1
3r6dA	53	1	A	53		VAL	1
3r6dA	54	1	A	54		ILE	1
3r6dA	55	1	A	55		GLU	1
3r6dA	56	1	A	56		GLY	1
3r6dA	57	1	A	57		SER	1
3r6dA	58	1	A	58		PHE	1
3r6dA	59	1	A	59		GLN	1
3r6dA	60	1	A	60		ASN	1
3r6dA	61	1	A	61		PRO	1
3r6dA	62	1	A	62		GLY	1
3r6dA	63	1	A	64		LEU	1
3r6dA	64	1	A	65		GLU	1
3r6dA	65	1	A	66		GLN	1
3r6dA	66	1	A	67		ALA	1
3r6dA	67	1	A	68		VAL	1
3r6dA	68	1	A	69		THR	1
3r6dA	69	1	A	70		ASN	1
3r6dA	70	1	A	71		ALA	1
3r6dA	71	1	A	72		GLU	1
3r6dA	72	1	A	73		VAL	1
3r6dA	73	1	A	74		VAL	1
3r6dA	74	1	A	75		PHE	1
3r6dA	75	1	A	76		VAL	2
3r6dA	76	1	A	77		GLY	2
3r6dA	77	1	A	78		ALA	2
3r6dA	78	1	A	79		MSE	2
3r6dA	79	1	A	80		GLU	2
3r6dA	80	1	A	81		SER	2
3r6dA	81	1	A	82		GLY	2
3r6dA	82	1	A	83		SER	2
3r6dA	83	1	A	84		ASP	2
3r6dA	84	1	A	85		MSE	2
3r6dA	85	1	A	86		ALA	2
3r6dA	86	1	A	87		SER	2
3r6dA	87	1	A	88		ILE	2
3r6dA	88	1	A	89		VAL	2
3r6dA	89	1	A	90		LYS	2
3r6dA	90	1	A	91		ALA	2
3r6dA	91	1	A	92		LEU	2
3r6dA	92	1	A	93		SER	2
3r6dA	93	1	A	94		ARG	2
3r6dA	94	1	A	96		ASN	2
3r6dA	95	1	A	97		ILE	2
3r6dA	96	1	A	98		ARG	2
3r6dA	97	1	A	99		ARG	2
3r6dA	98	1	A	100		VAL	2
3r6dA	99	1	A	101		ILE	2
3r6dA	100	1	A	102		GLY	2
3r6dA	101	1	A	103		VAL	2
3r6dA	102	1	A	104		SER	2
3r6dA	103	1	A	105		MSE	2
3r6dA	104	1	A	106		ALA	2
3r6dA	105	1	A	107		GLY	2
3r6dA	106	1	A	108		LEU	2
3r6dA	107	1	A	109		SER	2
3r6dA	108	1	A	110		GLY	2
3r6dA	109	1	A	111		GLU	2
3r6dA	110	1	A	112		PHE	2
3r6dA	111	1	A	113		PRO	2
3r6dA	112	1	A	114		VAL	2
3r6dA	113	1	A	115		ALA	2
3r6dA	114	1	A	116		LEU	2
3r6dA	115	1	A	117		GLU	2
3r6dA	116	1	A	118		LYS	2
3r6dA	117	1	A	119		TRP	2
3r6dA	118	1	A	120		THR	2
3r6dA	119	1	A	121		PHE	2
3r6dA	120	1	A	122		ASP	2
3r6dA	121	1	A	123		ASN	2
3r6dA	122	1	A	124		LEU	2
3r6dA	123	1	A	125		PRO	2
3r6dA	124	1	A	126		ILE	2
3r6dA	125	1	A	127		SER	2
3r6dA	126	1	A	128		TYR	2
3r6dA	127	1	A	129		VAL	2
3r6dA	128	1	A	130		GLN	2
3r6dA	129	1	A	131		GLY	2
3r6dA	130	1	A	132		GLU	2
3r6dA	131	1	A	133		ARG	2
3r6dA	132	1	A	134		GLN	2
3r6dA	133	1	A	135		ALA	2
3r6dA	134	1	A	136		ARG	2
3r6dA	135	1	A	137		ASN	2
3r6dA	136	1	A	138		VAL	2
3r6dA	137	1	A	139		LEU	2
3r6dA	138	1	A	140		ARG	2
3r6dA	139	1	A	141		GLU	2
3r6dA	140	1	A	142		SER	2
3r6dA	141	1	A	143		ASN	2
3r6dA	142	1	A	144		LEU	2
3r6dA	143	1	A	145		ASN	2
3r6dA	144	1	A	146		TYR	2
3r6dA	145	1	A	147		THR	2
3r6dA	146	1	A	148		ILE	2
3r6dA	147	1	A	149		LEU	2
3r6dA	148	1	A	150		ARG	2
3r6dA	149	1	A	151		LEU	2
3r6dA	150	1	A	152		THR	2
3r6dA	151	1	A	153		TRP	2
3r6dA	152	1	A	154		LEU	2
3r6dA	153	1	A	155		TYR	2
3r6dA	154	1	A	156		ASN	2
3r6dA	155	1	A	157		ASP	2
3r6dA	156	1	A	158		PRO	2
3r6dA	157	1	A	159		GLU	2
3r6dA	158	1	A	161		THR	2
3r6dA	159	1	A	162		ASP	2
3r6dA	160	1	A	163		TYR	2
3r6dA	161	1	A	164		GLU	2
3r6dA	162	1	A	165		LEU	2
3r6dA	163	1	A	166		ILE	2
3r6dA	164	1	A	167		PRO	2
3r6dA	165	1	A	168		GLU	2
3r6dA	166	1	A	169		GLY	2
3r6dA	167	1	A	170		ALA	2
3r6dA	168	1	A	171		GLN	2
3r6dA	169	1	A	172		PHE	2
3r6dA	170	1	A	173		ASN	2
3r6dA	171	1	A	174		ASP	2
3r6dA	172	1	A	175		ALA	2
3r6dA	173	1	A	176		GLN	2
3r6dA	174	1	A	177		VAL	2
3r6dA	175	1	A	178		SER	2
3r6dA	176	1	A	179		ARG	2
3r6dA	177	1	A	180		GLU	2
3r6dA	178	1	A	181		ALA	2
3r6dA	179	1	A	182		VAL	2
3r6dA	180	1	A	183		VAL	2
3r6dA	181	1	A	184		LYS	2
3r6dA	182	1	A	185		ALA	2
3r6dA	183	1	A	186		ILE	2
3r6dA	184	1	A	187		PHE	2
3r6dA	185	1	A	188		ASP	2
3r6dA	186	1	A	189		ILE	2
3r6dA	187	1	A	190		LEU	2
3r6dA	188	1	A	191		HIS	2
3r6dA	189	1	A	192		ALA	2
3r6dA	190	1	A	193		ALA	2
3r6dA	191	1	A	194		ASP	2
3r6dA	192	1	A	195		GLU	2
3r6dA	193	1	A	196		THR	2
3r6dA	194	1	A	197		PRO	2
3r6dA	195	1	A	198		PHE	2
3r6dA	196	1	A	199		HIS	2
3r6dA	197	1	A	200		ARG	2
3r6dA	198	1	A	201		THR	2
3r6dA	199	1	A	202		SER	2
3r6dA	200	1	A	203		ILE	2
3r6dA	201	1	A	204		GLY	2
3r6dA	202	1	A	205		VAL	2
3r6dA	203	1	A	206		GLY	2
3r6dA	204	1	A	207		GLU	2
3r6dA	205	1	A	208		PRO	2
3r6dA	206	1	A	209		GLY	2
3r6dA	207	1	A	210		THR	2
3r6dA	208	1	A	211		HIS	2
3r6dA	209	1	A	212		TYR	2
3r6dA	210	1	A	213		ASP	2
3r6dA	211	1	A	215		PRO	2
3r6dA	212	1	A	216		SER	2
3r6dA	213	1	A	217		PHE	2
3r6dA	214	1	A	218		HIS	2
2ff7A	0	1	A	465		HIS	1
2ff7A	1	1	A	466		HIS	1
2ff7A	2	1	A	467		ASP	1
2ff7A	3	1	A	468		ILE	1
2ff7A	4	1	A	469		THR	1
2ff7A	5	1	A	470		PHE	1
2ff7A	6	1	A	471		ARG	1
2ff7A	7	1	A	472		ASN	1
2ff7A	8	1	A	473		ILE	1
2ff7A	9	1	A	474		ARG	1
2ff7A	10	1	A	475		PHE	1
2ff7A	11	1	A	476		ARG	1
2ff7A	12	1	A	477		TYR	1
2ff7A	13	1	A	478		LYS	1
2ff7A	14	1	A	479		PRO	1
2ff7A	15	1	A	480		ASP	1
2ff7A	16	1	A	481		SER	1
2ff7A	17	1	A	482		PRO	1
2ff7A	18	1	A	483		VAL	1
2ff7A	19	1	A	484		ILE	1
2ff7A	20	1	A	485		LEU	1
2ff7A	21	1	A	486		ASP	1
2ff7A	22	1	A	487		ASN	1
2ff7A	23	1	A	488		ILE	1
2ff7A	24	1	A	489		ASN	1
2ff7A	25	1	A	490		LEU	1
2ff7A	26	1	A	491		SER	1
2ff7A	27	1	A	492		ILE	1
2ff7A	28	1	A	493		LYS	1
2ff7A	29	1	A	494		GLN	1
2ff7A	30	1	A	495		GLY	1
2ff7A	31	1	A	496		GLU	1
2ff7A	32	1	A	497		VAL	1
2ff7A	33	1	A	498		ILE	1
2ff7A	34	1	A	499		GLY	1
2ff7A	35	1	A	500		ILE	1
2ff7A	36	1	A	501		VAL	1
2ff7A	37	1	A	502		GLY	1
2ff7A	38	1	A	503		ARG	1
2ff7A	39	1	A	504		SER	1
2ff7A	40	1	A	505		GLY	1
2ff7A	41	1	A	506		SER	1
2ff7A	42	1	A	507		GLY	1
2ff7A	43	1	A	508		LYS	1
2ff7A	44	1	A	509		SER	1
2ff7A	45	1	A	510		THR	1
2ff7A	46	1	A	511		LEU	1
2ff7A	47	1	A	512		THR	1
2ff7A	48	1	A	513		LYS	1
2ff7A	49	1	A	514		LEU	1
2ff7A	50	1	A	515		ILE	1
2ff7A	51	1	A	516		GLN	1
2ff7A	52	1	A	517		ARG	1
2ff7A	53	1	A	518		PHE	1
2ff7A	54	1	A	519		TYR	1
2ff7A	55	1	A	520		ILE	1
2ff7A	56	1	A	521		PRO	1
2ff7A	57	1	A	522		GLU	1
2ff7A	58	1	A	523		ASN	1
2ff7A	59	1	A	524		GLY	1
2ff7A	60	1	A	525		GLN	1
2ff7A	61	1	A	526		VAL	1
2ff7A	62	1	A	527		LEU	1
2ff7A	63	1	A	528		ILE	1
2ff7A	64	1	A	529		ASP	1
2ff7A	65	1	A	530		GLY	1
2ff7A	66	1	A	531		HIS	1
2ff7A	67	1	A	532		ASP	1
2ff7A	68	1	A	533		LEU	1
2ff7A	69	1	A	534		ALA	1
2ff7A	70	1	A	535		LEU	1
2ff7A	71	1	A	536		ALA	1
2ff7A	72	1	A	537		ASP	1
2ff7A	73	1	A	538		PRO	1
2ff7A	74	1	A	539		ASN	1
2ff7A	75	1	A	540		TRP	1
2ff7A	76	1	A	541		LEU	1
2ff7A	77	1	A	542		ARG	1
2ff7A	78	1	A	543		ARG	1
2ff7A	79	1	A	544		GLN	1
2ff7A	80	1	A	545		VAL	1
2ff7A	81	1	A	546		GLY	2
2ff7A	82	1	A	547		VAL	2
2ff7A	83	1	A	548		VAL	2
2ff7A	84	1	A	549		LEU	2
2ff7A	85	1	A	550		GLN	2
2ff7A	86	1	A	551		ASP	2
2ff7A	87	1	A	552		ASN	2
2ff7A	88	1	A	553		VAL	2
2ff7A	89	1	A	554		LEU	2
2ff7A	90	1	A	555		LEU	2
2ff7A	91	1	A	556		ASN	2
2ff7A	92	1	A	557		ARG	2
2ff7A	93	1	A	558		SER	2
2ff7A	94	1	A	559		ILE	2
2ff7A	95	1	A	560		ILE	2
2ff7A	96	1	A	561		ASP	2
2ff7A	97	1	A	562		ASN	2
2ff7A	98	1	A	563		ILE	2
2ff7A	99	1	A	564		SER	2
2ff7A	100	1	A	565		LEU	2
2ff7A	101	1	A	566		ALA	2
2ff7A	102	1	A	567		ASN	2
2ff7A	103	1	A	568		PRO	2
2ff7A	104	1	A	569		GLY	2
2ff7A	105	1	A	570		MET	2
2ff7A	106	1	A	571		SER	2
2ff7A	107	1	A	572		VAL	2
2ff7A	108	1	A	573		GLU	2
2ff7A	109	1	A	574		LYS	2
2ff7A	110	1	A	575		VAL	2
2ff7A	111	1	A	576		ILE	2
2ff7A	112	1	A	577		TYR	2
2ff7A	113	1	A	578		ALA	2
2ff7A	114	1	A	579		ALA	2
2ff7A	115	1	A	580		LYS	2
2ff7A	116	1	A	581		LEU	2
2ff7A	117	1	A	582		ALA	2
2ff7A	118	1	A	583		GLY	2
2ff7A	119	1	A	584		ALA	2
2ff7A	120	1	A	585		HIS	2
2ff7A	121	1	A	586		ASP	2
2ff7A	122	1	A	587		PHE	2
2ff7A	123	1	A	588		ILE	2
2ff7A	124	1	A	589		SER	2
2ff7A	125	1	A	590		GLU	2
2ff7A	126	1	A	591		LEU	2
2ff7A	127	1	A	592		ARG	2
2ff7A	128	1	A	593		GLU	2
2ff7A	129	1	A	594		GLY	2
2ff7A	130	1	A	595		TYR	2
2ff7A	131	1	A	596		ASN	2
2ff7A	132	1	A	597		THR	2
2ff7A	133	1	A	598		ILE	2
2ff7A	134	1	A	599		VAL	2
2ff7A	135	1	A	600		GLY	2
2ff7A	136	1	A	601		GLU	2
2ff7A	137	1	A	602		GLN	2
2ff7A	138	1	A	603		GLY	2
2ff7A	139	1	A	604		ALA	2
2ff7A	140	1	A	605		GLY	2
2ff7A	141	1	A	606		LEU	2
2ff7A	142	1	A	607		SER	2
2ff7A	143	1	A	608		GLY	2
2ff7A	144	1	A	609		GLY	2
2ff7A	145	1	A	610		GLN	2
2ff7A	146	1	A	611		ARG	2
2ff7A	147	1	A	612		GLN	2
2ff7A	148	1	A	613		ARG	2
2ff7A	149	1	A	614		ILE	2
2ff7A	150	1	A	615		ALA	2
2ff7A	151	1	A	616		ILE	2
2ff7A	152	1	A	617		ALA	2
2ff7A	153	1	A	618		ARG	2
2ff7A	154	1	A	619		ALA	2
2ff7A	155	1	A	620		LEU	2
2ff7A	156	1	A	621		VAL	2
2ff7A	157	1	A	622		ASN	2
2ff7A	158	1	A	623		ASN	2
2ff7A	159	1	A	624		PRO	1
2ff7A	160	1	A	625		LYS	1
2ff7A	161	1	A	626		ILE	1
2ff7A	162	1	A	627		LEU	1
2ff7A	163	1	A	628		ILE	1
2ff7A	164	1	A	629		PHE	1
2ff7A	165	1	A	630		ASP	1
2ff7A	166	1	A	631		GLU	1
2ff7A	167	1	A	632		ALA	1
2ff7A	168	1	A	633		THR	1
2ff7A	169	1	A	634		SER	1
2ff7A	170	1	A	635		ALA	1
2ff7A	171	1	A	636		LEU	1
2ff7A	172	1	A	637		ASP	1
2ff7A	173	1	A	638		TYR	1
2ff7A	174	1	A	639		GLU	1
2ff7A	175	1	A	640		SER	1
2ff7A	176	1	A	641		GLU	1
2ff7A	177	1	A	642		HIS	1
2ff7A	178	1	A	643		VAL	1
2ff7A	179	1	A	644		ILE	1
2ff7A	180	1	A	645		MET	1
2ff7A	181	1	A	646		ARG	1
2ff7A	182	1	A	647		ASN	1
2ff7A	183	1	A	648		MET	1
2ff7A	184	1	A	649		HIS	1
2ff7A	185	1	A	650		LYS	1
2ff7A	186	1	A	651		ILE	1
2ff7A	187	1	A	652		CYS	1
2ff7A	188	1	A	653		LYS	1
2ff7A	189	1	A	654		GLY	1
2ff7A	190	1	A	655		ARG	1
2ff7A	191	1	A	656		THR	1
2ff7A	192	1	A	657		VAL	1
2ff7A	193	1	A	658		ILE	1
2ff7A	194	1	A	659		ILE	1
2ff7A	195	1	A	660		ILE	1
2ff7A	196	1	A	661		ALA	1
2ff7A	197	1	A	662		HIS	1
2ff7A	198	1	A	663		ARG	1
2ff7A	199	1	A	664		LEU	1
2ff7A	200	1	A	665		SER	1
2ff7A	201	1	A	666		THR	1
2ff7A	202	1	A	667		VAL	1
2ff7A	203	1	A	668		LYS	1
2ff7A	204	1	A	669		ASN	1
2ff7A	205	1	A	670		ALA	1
2ff7A	206	1	A	671		ASP	1
2ff7A	207	1	A	672		ARG	1
2ff7A	208	1	A	673		ILE	1
2ff7A	209	1	A	674		ILE	1
2ff7A	210	1	A	675		VAL	1
2ff7A	211	1	A	676		MET	1
2ff7A	212	1	A	677		GLU	1
2ff7A	213	1	A	678		LYS	1
2ff7A	214	1	A	679		GLY	1
2ff7A	215	1	A	680		LYS	1
2ff7A	216	1	A	681		ILE	1
2ff7A	217	1	A	682		VAL	1
2ff7A	218	1	A	683		GLU	1
2ff7A	219	1	A	684		GLN	1
2ff7A	220	1	A	685		GLY	1
2ff7A	221	1	A	686		LYS	1
2ff7A	222	1	A	687		HIS	1
2ff7A	223	1	A	688		LYS	1
2ff7A	224	1	A	689		GLU	1
2ff7A	225	1	A	690		LEU	1
2ff7A	226	1	A	691		LEU	1
2ff7A	227	1	A	692		SER	1
2ff7A	228	1	A	693		GLU	1
2ff7A	229	1	A	694		PRO	1
2ff7A	230	1	A	695		GLU	1
2ff7A	231	1	A	696		SER	1
2ff7A	232	1	A	697		LEU	1
2ff7A	233	1	A	698		TYR	1
2ff7A	234	1	A	699		SER	1
2ff7A	235	1	A	700		TYR	1
2ff7A	236	1	A	701		LEU	1
2ff7A	237	1	A	702		TYR	1
2ff7A	238	1	A	703		GLN	1
2ff7A	239	1	A	704		LEU	1
2ff7A	240	1	A	705		GLN	1
2ff7A	241	1	A	706		SER	1
2ff7A	242	1	A	707		ASP	1
2c4eA	0	1	A	2		GLY	1
2c4eA	1	1	A	3		GLY	1
2c4eA	2	1	A	4		LYS	1
2c4eA	3	1	A	5		MET	1
2c4eA	4	1	A	6		GLU	1
2c4eA	5	1	A	7		LYS	1
2c4eA	6	1	A	8		ILE	1
2c4eA	7	1	A	9		THR	1
2c4eA	8	1	A	10		CYS	1
2c4eA	9	1	A	11		VAL	1
2c4eA	10	1	A	12		GLY	1
2c4eA	11	1	A	13		HIS	1
2c4eA	12	1	A	14		THR	1
2c4eA	13	1	A	15		ALA	1
2c4eA	14	1	A	16		LEU	1
2c4eA	15	1	A	17		ASP	1
2c4eA	16	1	A	18		TYR	1
2c4eA	17	1	A	19		ILE	1
2c4eA	18	1	A	20		PHE	1
2c4eA	19	1	A	21		ASN	1
2c4eA	20	1	A	22		VAL	1
2c4eA	21	1	A	23		GLU	1
2c4eA	22	1	A	24		LYS	1
2c4eA	23	1	A	25		PHE	1
2c4eA	24	1	A	26		PRO	1
2c4eA	25	1	A	27		GLU	1
2c4eA	26	1	A	28		PRO	1
2c4eA	27	1	A	29		ASN	1
2c4eA	28	1	A	30		THR	1
2c4eA	29	1	A	31		SER	1
2c4eA	30	1	A	32		ILE	1
2c4eA	31	1	A	33		GLN	1
2c4eA	32	1	A	34		ILE	1
2c4eA	33	1	A	35		PRO	1
2c4eA	34	1	A	36		SER	1
2c4eA	35	1	A	37		ALA	1
2c4eA	36	1	A	38		ARG	1
2c4eA	37	1	A	39		LYS	1
2c4eA	38	1	A	40		TYR	1
2c4eA	39	1	A	41		TYR	1
2c4eA	40	1	A	42		GLY	1
2c4eA	41	1	A	43		GLY	1
2c4eA	42	1	A	44		ALA	1
2c4eA	43	1	A	45		ALA	1
2c4eA	44	1	A	46		ALA	1
2c4eA	45	1	A	47		ASN	1
2c4eA	46	1	A	48		THR	1
2c4eA	47	1	A	49		ALA	1
2c4eA	48	1	A	50		VAL	1
2c4eA	49	1	A	51		GLY	1
2c4eA	50	1	A	52		ILE	1
2c4eA	51	1	A	53		LYS	1
2c4eA	52	1	A	54		LYS	1
2c4eA	53	1	A	55		LEU	1
2c4eA	54	1	A	56		GLY	1
2c4eA	55	1	A	57		VAL	1
2c4eA	56	1	A	58		ASN	1
2c4eA	57	1	A	59		SER	1
2c4eA	58	1	A	60		GLU	1
2c4eA	59	1	A	61		LEU	1
2c4eA	60	1	A	62		LEU	1
2c4eA	61	1	A	63		SER	1
2c4eA	62	1	A	64		CYS	1
2c4eA	63	1	A	65		VAL	1
2c4eA	64	1	A	66		GLY	1
2c4eA	65	1	A	67		TYR	1
2c4eA	66	1	A	68		ASP	1
2c4eA	67	1	A	69		PHE	1
2c4eA	68	1	A	70		LYS	1
2c4eA	69	1	A	71		ASN	1
2c4eA	70	1	A	72		SER	1
2c4eA	71	1	A	73		GLY	1
2c4eA	72	1	A	74		TYR	1
2c4eA	73	1	A	75		GLU	1
2c4eA	74	1	A	76		ARG	1
2c4eA	75	1	A	77		TYR	1
2c4eA	76	1	A	78		LEU	1
2c4eA	77	1	A	79		LYS	1
2c4eA	78	1	A	80		ASN	1
2c4eA	79	1	A	81		LEU	1
2c4eA	80	1	A	82		ASP	1
2c4eA	81	1	A	83		ILE	1
2c4eA	82	1	A	84		ASN	1
2c4eA	83	1	A	85		ILE	1
2c4eA	84	1	A	86		SER	1
2c4eA	85	1	A	87		LYS	1
2c4eA	86	1	A	88		LEU	1
2c4eA	87	1	A	89		TYR	1
2c4eA	88	1	A	90		TYR	1
2c4eA	89	1	A	91		SER	1
2c4eA	90	1	A	92		GLU	1
2c4eA	91	1	A	93		GLU	1
2c4eA	92	1	A	94		GLU	1
2c4eA	93	1	A	95		GLU	1
2c4eA	94	1	A	96		THR	1
2c4eA	95	1	A	97		PRO	1
2c4eA	96	1	A	98		LYS	1
2c4eA	97	1	A	99		ALA	1
2c4eA	98	1	A	100		TRP	1
2c4eA	99	1	A	101		ILE	1
2c4eA	100	1	A	102		PHE	1
2c4eA	101	1	A	103		THR	1
2c4eA	102	1	A	104		ASP	1
2c4eA	103	1	A	105		LYS	1
2c4eA	104	1	A	106		ASP	1
2c4eA	105	1	A	107		ASN	1
2c4eA	106	1	A	108		ASN	1
2c4eA	107	1	A	109		GLN	1
2c4eA	108	1	A	110		ILE	1
2c4eA	109	1	A	111		THR	1
2c4eA	110	1	A	112		PHE	1
2c4eA	111	1	A	113		PHE	1
2c4eA	112	1	A	114		LEU	1
2c4eA	113	1	A	115		TRP	1
2c4eA	114	1	A	116		GLY	1
2c4eA	115	1	A	117		ALA	1
2c4eA	116	1	A	118		ALA	1
2c4eA	117	1	A	119		LYS	1
2c4eA	118	1	A	120		HIS	1
2c4eA	119	1	A	121		TYR	1
2c4eA	120	1	A	122		LYS	1
2c4eA	121	1	A	123		GLU	1
2c4eA	122	1	A	124		LEU	1
2c4eA	123	1	A	125		ASN	1
2c4eA	124	1	A	126		PRO	1
2c4eA	125	1	A	127		PRO	1
2c4eA	126	1	A	128		ASN	1
2c4eA	127	1	A	129		PHE	1
2c4eA	128	1	A	130		ASN	1
2c4eA	129	1	A	131		THR	1
2c4eA	130	1	A	132		GLU	1
2c4eA	131	1	A	133		ILE	1
2c4eA	132	1	A	134		VAL	1
2c4eA	133	1	A	135		HIS	1
2c4eA	134	1	A	136		ILE	1
2c4eA	135	1	A	137		ALA	1
2c4eA	136	1	A	138		THR	1
2c4eA	137	1	A	139		GLY	1
2c4eA	138	1	A	140		ASP	1
2c4eA	139	1	A	141		PRO	1
2c4eA	140	1	A	142		GLU	1
2c4eA	141	1	A	143		PHE	1
2c4eA	142	1	A	144		ASN	1
2c4eA	143	1	A	145		LEU	1
2c4eA	144	1	A	146		LYS	1
2c4eA	145	1	A	147		CYS	1
2c4eA	146	1	A	148		ALA	1
2c4eA	147	1	A	149		LYS	1
2c4eA	148	1	A	150		LYS	1
2c4eA	149	1	A	151		ALA	1
2c4eA	150	1	A	152		TYR	1
2c4eA	151	1	A	153		GLY	1
2c4eA	152	1	A	154		ASN	1
2c4eA	153	1	A	155		ASN	1
2c4eA	154	1	A	156		LEU	1
2c4eA	155	1	A	157		VAL	1
2c4eA	156	1	A	158		SER	1
2c4eA	157	1	A	159		PHE	1
2c4eA	158	1	A	160		ASP	1
2c4eA	159	1	A	161		PRO	1
2c4eA	160	1	A	162		GLY	1
2c4eA	161	1	A	163		GLN	1
2c4eA	162	1	A	164		ASP	1
2c4eA	163	1	A	165		LEU	1
2c4eA	164	1	A	166		PRO	1
2c4eA	165	1	A	167		GLN	1
2c4eA	166	1	A	168		TYR	1
2c4eA	167	1	A	169		SER	1
2c4eA	168	1	A	170		LYS	1
2c4eA	169	1	A	171		GLU	1
2c4eA	170	1	A	172		MET	1
2c4eA	171	1	A	173		LEU	1
2c4eA	172	1	A	174		LEU	1
2c4eA	173	1	A	175		GLU	1
2c4eA	174	1	A	176		ILE	1
2c4eA	175	1	A	177		ILE	1
2c4eA	176	1	A	178		GLU	1
2c4eA	177	1	A	179		HIS	1
2c4eA	178	1	A	180		THR	1
2c4eA	179	1	A	181		ASN	1
2c4eA	180	1	A	182		PHE	1
2c4eA	181	1	A	183		LEU	1
2c4eA	182	1	A	184		PHE	1
2c4eA	183	1	A	185		MET	1
2c4eA	184	1	A	186		ASN	1
2c4eA	185	1	A	187		LYS	1
2c4eA	186	1	A	188		HIS	1
2c4eA	187	1	A	189		GLU	1
2c4eA	188	1	A	190		PHE	1
2c4eA	189	1	A	191		GLU	1
2c4eA	190	1	A	192		ARG	1
2c4eA	191	1	A	193		ALA	1
2c4eA	192	1	A	194		SER	1
2c4eA	193	1	A	195		ASN	1
2c4eA	194	1	A	196		LEU	1
2c4eA	195	1	A	197		LEU	1
2c4eA	196	1	A	198		ASN	1
2c4eA	197	1	A	199		PHE	1
2c4eA	198	1	A	200		GLU	1
2c4eA	199	1	A	201		ILE	1
2c4eA	200	1	A	202		ASP	1
2c4eA	201	1	A	203		ASP	1
2c4eA	202	1	A	204		TYR	1
2c4eA	203	1	A	205		LEU	1
2c4eA	204	1	A	206		GLU	1
2c4eA	205	1	A	207		ARG	1
2c4eA	206	1	A	208		VAL	1
2c4eA	207	1	A	209		ASP	1
2c4eA	208	1	A	210		ALA	1
2c4eA	209	1	A	211		LEU	1
2c4eA	210	1	A	212		ILE	1
2c4eA	211	1	A	213		VAL	1
2c4eA	212	1	A	214		THR	1
2c4eA	213	1	A	215		LYS	1
2c4eA	214	1	A	216		GLY	1
2c4eA	215	1	A	217		SER	1
2c4eA	216	1	A	218		LYS	1
2c4eA	217	1	A	219		GLY	1
2c4eA	218	1	A	220		SER	1
2c4eA	219	1	A	221		VAL	1
2c4eA	220	1	A	222		ILE	1
2c4eA	221	1	A	223		TYR	1
2c4eA	222	1	A	224		THR	1
2c4eA	223	1	A	225		LYS	1
2c4eA	224	1	A	226		ASP	1
2c4eA	225	1	A	227		LYS	1
2c4eA	226	1	A	228		LYS	1
2c4eA	227	1	A	229		ILE	1
2c4eA	228	1	A	230		GLU	1
2c4eA	229	1	A	231		ILE	1
2c4eA	230	1	A	232		PRO	1
2c4eA	231	1	A	233		CYS	1
2c4eA	232	1	A	234		ILE	1
2c4eA	233	1	A	235		LYS	1
2c4eA	234	1	A	236		ALA	1
2c4eA	235	1	A	237		GLY	1
2c4eA	236	1	A	238		LYS	1
2c4eA	237	1	A	239		VAL	1
2c4eA	238	1	A	240		ILE	1
2c4eA	239	1	A	241		ASP	1
2c4eA	240	1	A	242		PRO	1
2c4eA	241	1	A	243		THR	1
2c4eA	242	1	A	244		GLY	1
2c4eA	243	1	A	245		ALA	1
2c4eA	244	1	A	246		GLY	1
2c4eA	245	1	A	247		ASP	1
2c4eA	246	1	A	248		SER	1
2c4eA	247	1	A	249		TYR	1
2c4eA	248	1	A	250		ARG	1
2c4eA	249	1	A	251		ALA	1
2c4eA	250	1	A	252		GLY	1
2c4eA	251	1	A	253		PHE	1
2c4eA	252	1	A	254		LEU	1
2c4eA	253	1	A	255		SER	1
2c4eA	254	1	A	256		ALA	1
2c4eA	255	1	A	257		TYR	1
2c4eA	256	1	A	258		VAL	1
2c4eA	257	1	A	259		LYS	1
2c4eA	258	1	A	260		GLY	1
2c4eA	259	1	A	261		TYR	1
2c4eA	260	1	A	262		ASP	1
2c4eA	261	1	A	263		LEU	1
2c4eA	262	1	A	264		GLU	1
2c4eA	263	1	A	265		LYS	1
2c4eA	264	1	A	266		CYS	1
2c4eA	265	1	A	267		GLY	1
2c4eA	266	1	A	268		LEU	1
2c4eA	267	1	A	269		ILE	1
2c4eA	268	1	A	270		GLY	1
2c4eA	269	1	A	271		ALA	1
2c4eA	270	1	A	272		ALA	1
2c4eA	271	1	A	273		THR	1
2c4eA	272	1	A	274		ALA	1
2c4eA	273	1	A	275		SER	1
2c4eA	274	1	A	276		PHE	1
2c4eA	275	1	A	277		VAL	1
2c4eA	276	1	A	278		VAL	1
2c4eA	277	1	A	279		GLU	1
2c4eA	278	1	A	280		ALA	1
2c4eA	279	1	A	281		LYS	1
2c4eA	280	1	A	282		GLY	1
2c4eA	281	1	A	283		CYS	1
2c4eA	282	1	A	284		GLN	1
2c4eA	283	1	A	285		THR	1
2c4eA	284	1	A	286		ASN	1
2c4eA	285	1	A	287		LEU	1
2c4eA	286	1	A	288		PRO	1
2c4eA	287	1	A	289		THR	1
2c4eA	288	1	A	290		TRP	1
2c4eA	289	1	A	291		ASP	1
2c4eA	290	1	A	292		LYS	1
2c4eA	291	1	A	293		VAL	1
2c4eA	292	1	A	294		VAL	1
2c4eA	293	1	A	295		GLU	1
2c4eA	294	1	A	296		ARG	1
2c4eA	295	1	A	297		LEU	1
2c4eA	296	1	A	298		GLU	1
2c4eA	297	1	A	299		LYS	1
2c4eA	298	1	A	300		HIS	1
1cnt2	0	1	2	12		HIS	1
1cnt2	1	1	2	13		ARG	1
1cnt2	2	1	2	14		ARG	1
1cnt2	3	1	2	15		ASP	1
1cnt2	4	1	2	16		LEU	1
1cnt2	5	1	2	17		CYS	1
1cnt2	6	1	2	18		SER	1
1cnt2	7	1	2	19		ARG	1
1cnt2	8	1	2	20		SER	1
1cnt2	9	1	2	21		ILE	1
1cnt2	10	1	2	22		TRP	1
1cnt2	11	1	2	23		LEU	1
1cnt2	12	1	2	24		ALA	1
1cnt2	13	1	2	25		ARG	1
1cnt2	14	1	2	26		LYS	1
1cnt2	15	1	2	27		ILE	1
1cnt2	16	1	2	28		ARG	1
1cnt2	17	1	2	29		SER	1
1cnt2	18	1	2	30		ASP	1
1cnt2	19	1	2	31		LEU	1
1cnt2	20	1	2	32		THR	1
1cnt2	21	1	2	33		ALA	1
1cnt2	22	1	2	34		LEU	1
1cnt2	23	1	2	35		THR	1
1cnt2	24	1	2	36		GLU	1
1cnt2	25	1	2	37		SER	1
1cnt2	26	1	2	38		TYR	1
1cnt2	27	1	2	39		VAL	1
1cnt2	28	1	2	40		LYS	1
1cnt2	29	1	2	41		HIS	1
1cnt2	30	1	2	42		GLN	1
1cnt2	31	1	2	43		GLY	1
1cnt2	32	1	2	44		LEU	1
1cnt2	33	1	2	67		LEU	1
1cnt2	34	1	2	68		THR	1
1cnt2	35	1	2	69		GLU	1
1cnt2	36	1	2	70		ALA	1
1cnt2	37	1	2	71		GLU	1
1cnt2	38	1	2	72		ARG	1
1cnt2	39	1	2	73		LEU	1
1cnt2	40	1	2	74		GLN	1
1cnt2	41	1	2	75		GLU	1
1cnt2	42	1	2	76		ASN	1
1cnt2	43	1	2	77		LEU	1
1cnt2	44	1	2	78		GLN	1
1cnt2	45	1	2	79		ALA	1
1cnt2	46	1	2	80		TYR	1
1cnt2	47	1	2	81		ARG	1
1cnt2	48	1	2	82		THR	1
1cnt2	49	1	2	83		PHE	1
1cnt2	50	1	2	84		HIS	1
1cnt2	51	1	2	85		VAL	1
1cnt2	52	1	2	86		LEU	1
1cnt2	53	1	2	87		LEU	1
1cnt2	54	1	2	88		ALA	1
1cnt2	55	1	2	89		ARG	1
1cnt2	56	1	2	90		LEU	1
1cnt2	57	1	2	91		LEU	1
1cnt2	58	1	2	102		GLU	1
1cnt2	59	1	2	103		GLY	1
1cnt2	60	1	2	104		ASP	1
1cnt2	61	1	2	105		PHE	1
1cnt2	62	1	2	106		HIS	1
1cnt2	63	1	2	107		GLN	1
1cnt2	64	1	2	108		ALA	1
1cnt2	65	1	2	109		ILE	1
1cnt2	66	1	2	110		HIS	1
1cnt2	67	1	2	111		THR	1
1cnt2	68	1	2	112		LEU	1
1cnt2	69	1	2	113		LEU	1
1cnt2	70	1	2	114		LEU	1
1cnt2	71	1	2	115		GLN	1
1cnt2	72	1	2	116		VAL	1
1cnt2	73	1	2	117		ALA	1
1cnt2	74	1	2	118		ALA	1
1cnt2	75	1	2	119		PHE	1
1cnt2	76	1	2	120		ALA	1
1cnt2	77	1	2	121		TYR	1
1cnt2	78	1	2	122		GLN	1
1cnt2	79	1	2	123		ILE	1
1cnt2	80	1	2	124		GLU	1
1cnt2	81	1	2	125		GLU	1
1cnt2	82	1	2	126		LEU	1
1cnt2	83	1	2	127		MET	1
1cnt2	84	1	2	128		ILE	1
1cnt2	85	1	2	129		LEU	1
1cnt2	86	1	2	130		LEU	1
1cnt2	87	1	2	131		GLU	1
1cnt2	88	1	2	132		TYR	1
1cnt2	89	1	2	133		LYS	1
1cnt2	90	1	2	134		ILE	1
1cnt2	91	1	2	135		PRO	1
1cnt2	92	1	2	136		ARG	1
1cnt2	93	1	2	137		ASN	1
1cnt2	94	1	2	152		PHE	1
1cnt2	95	1	2	153		GLU	1
1cnt2	96	1	2	154		LYS	1
1cnt2	97	1	2	155		LYS	1
1cnt2	98	1	2	156		LEU	1
1cnt2	99	1	2	157		TRP	1
1cnt2	100	1	2	158		GLY	1
1cnt2	101	1	2	159		LEU	1
1cnt2	102	1	2	160		LYS	1
1cnt2	103	1	2	161		VAL	1
1cnt2	104	1	2	162		LEU	1
1cnt2	105	1	2	163		GLN	1
1cnt2	106	1	2	164		GLU	1
1cnt2	107	1	2	165		LEU	1
1cnt2	108	1	2	166		SER	1
1cnt2	109	1	2	167		GLN	1
1cnt2	110	1	2	168		TRP	1
1cnt2	111	1	2	169		THR	1
1cnt2	112	1	2	170		VAL	1
1cnt2	113	1	2	171		ARG	1
1cnt2	114	1	2	172		SER	1
1cnt2	115	1	2	173		ILE	1
1cnt2	116	1	2	174		HIS	1
1cnt2	117	1	2	175		ASP	1
1cnt2	118	1	2	176		LEU	1
1cnt2	119	1	2	177		ARG	1
1cnt2	120	1	2	178		PHE	1
1cnt2	121	1	2	179		ILE	1
1cnt2	122	1	2	180		SER	1
1cnt2	123	1	2	181		SER	1
1cnt2	124	1	2	182		HIS	1
1cnt2	125	1	2	183		GLN	1
1cnt2	126	1	2	184		THR	1
1cnt2	127	1	2	185		GLY	1
1cnt2	128	1	2	186		ILE	1
1cnt2	129	1	2	187		PRO	1
5y9pA	0	1	A	44		ALA	1
5y9pA	1	1	A	45		LEU	1
5y9pA	2	1	A	46		GLU	1
5y9pA	3	1	A	47		LYS	1
5y9pA	4	1	A	48		GLU	1
5y9pA	5	1	A	49		GLN	1
5y9pA	6	1	A	50		ALA	1
5y9pA	7	1	A	51		LEU	1
5y9pA	8	1	A	52		LYS	1
5y9pA	9	1	A	53		GLU	1
5y9pA	10	1	A	54		LYS	1
5y9pA	11	1	A	55		TYR	1
5y9pA	12	1	A	56		VAL	1
5y9pA	13	1	A	57		GLU	1
5y9pA	14	1	A	58		MET	1
5y9pA	15	1	A	59		THR	1
5y9pA	16	1	A	60		TYR	1
5y9pA	17	1	A	61		PHE	1
5y9pA	18	1	A	62		GLU	1
5y9pA	19	1	A	63		ASN	1
5y9pA	20	1	A	64		GLU	1
5y9pA	21	1	A	65		ILE	1
5y9pA	22	1	A	66		LEU	1
5y9pA	23	1	A	67		LYS	1
5y9pA	24	1	A	68		GLU	1
5y9pA	25	1	A	69		HIS	1
5y9pA	26	1	A	70		PRO	1
5y9pA	27	1	A	71		ASN	1
5y9pA	28	1	A	72		ALA	1
5y9pA	29	1	A	73		ILE	1
5y9pA	30	1	A	74		ILE	1
5y9pA	31	1	A	75		CYS	1
5y9pA	32	1	A	76		GLY	1
5y9pA	33	1	A	77		ILE	1
5y9pA	34	1	A	78		ASP	1
5y9pA	35	1	A	79		GLU	1
5y9pA	36	1	A	80		VAL	1
5y9pA	37	1	A	81		GLY	1
5y9pA	38	1	A	82		ARG	1
5y9pA	39	1	A	83		GLY	1
5y9pA	40	1	A	84		PRO	1
5y9pA	41	1	A	85		LEU	1
5y9pA	42	1	A	86		ALA	1
5y9pA	43	1	A	87		GLY	1
5y9pA	44	1	A	88		PRO	1
5y9pA	45	1	A	89		VAL	1
5y9pA	46	1	A	90		VAL	1
5y9pA	47	1	A	91		ALA	1
5y9pA	48	1	A	92		CYS	1
5y9pA	49	1	A	93		ALA	1
5y9pA	50	1	A	94		THR	1
5y9pA	51	1	A	95		ILE	1
5y9pA	52	1	A	96		LEU	1
5y9pA	53	1	A	97		ASN	1
5y9pA	54	1	A	98		SER	1
5y9pA	55	1	A	99		ASN	1
5y9pA	56	1	A	100		HIS	1
5y9pA	57	1	A	101		ASN	1
5y9pA	58	1	A	102		TYR	1
5y9pA	59	1	A	103		LEU	1
5y9pA	60	1	A	104		GLY	1
5y9pA	61	1	A	105		LEU	1
5y9pA	62	1	A	111		VAL	1
5y9pA	63	1	A	112		PRO	1
5y9pA	64	1	A	113		VAL	1
5y9pA	65	1	A	114		THR	1
5y9pA	66	1	A	115		LYS	1
5y9pA	67	1	A	116		ARG	1
5y9pA	68	1	A	117		LEU	1
5y9pA	69	1	A	118		GLU	1
5y9pA	70	1	A	119		LEU	1
5y9pA	71	1	A	120		ASN	1
5y9pA	72	1	A	121		GLU	1
5y9pA	73	1	A	122		ALA	1
5y9pA	74	1	A	123		LEU	1
5y9pA	75	1	A	124		LYS	1
5y9pA	76	1	A	125		ASN	1
5y9pA	77	1	A	126		GLU	1
5y9pA	78	1	A	127		VAL	1
5y9pA	79	1	A	128		THR	1
5y9pA	80	1	A	129		ALA	1
5y9pA	81	1	A	130		PHE	1
5y9pA	82	1	A	131		ALA	1
5y9pA	83	1	A	132		TYR	1
5y9pA	84	1	A	133		GLY	1
5y9pA	85	1	A	134		ILE	1
5y9pA	86	1	A	135		ALA	1
5y9pA	87	1	A	136		THR	1
5y9pA	88	1	A	137		ALA	1
5y9pA	89	1	A	138		GLU	1
5y9pA	90	1	A	139		GLU	1
5y9pA	91	1	A	140		ILE	1
5y9pA	92	1	A	141		ASP	1
5y9pA	93	1	A	142		GLU	1
5y9pA	94	1	A	143		PHE	1
5y9pA	95	1	A	144		ASN	1
5y9pA	96	1	A	145		ILE	1
5y9pA	97	1	A	146		TYR	1
5y9pA	98	1	A	147		LYS	1
5y9pA	99	1	A	148		ALA	1
5y9pA	100	1	A	149		THR	1
5y9pA	101	1	A	150		GLN	1
5y9pA	102	1	A	151		ILE	1
5y9pA	103	1	A	152		ALA	1
5y9pA	104	1	A	153		MET	1
5y9pA	105	1	A	154		GLN	1
5y9pA	106	1	A	155		ARG	1
5y9pA	107	1	A	156		ALA	1
5y9pA	108	1	A	157		ILE	1
5y9pA	109	1	A	158		ASP	1
5y9pA	110	1	A	159		GLY	1
5y9pA	111	1	A	160		LEU	1
5y9pA	112	1	A	161		SER	1
5y9pA	113	1	A	162		VAL	1
5y9pA	114	1	A	163		GLN	1
5y9pA	115	1	A	164		PRO	1
5y9pA	116	1	A	165		THR	1
5y9pA	117	1	A	166		HIS	1
5y9pA	118	1	A	167		LEU	1
5y9pA	119	1	A	168		LEU	1
5y9pA	120	1	A	169		ILE	1
5y9pA	121	1	A	170		ASP	1
5y9pA	122	1	A	171		ALA	1
5y9pA	123	1	A	172		MET	1
5y9pA	124	1	A	173		THR	1
5y9pA	125	1	A	174		LEU	1
5y9pA	126	1	A	175		ASP	1
5y9pA	127	1	A	176		ASN	1
5y9pA	128	1	A	177		ALA	1
5y9pA	129	1	A	178		LEU	1
5y9pA	130	1	A	179		PRO	1
5y9pA	131	1	A	180		GLN	1
5y9pA	132	1	A	181		VAL	1
5y9pA	133	1	A	182		SER	1
5y9pA	134	1	A	183		LEU	1
5y9pA	135	1	A	184		ILE	1
5y9pA	136	1	A	185		LYS	1
5y9pA	137	1	A	186		GLY	1
5y9pA	138	1	A	187		ASP	1
5y9pA	139	1	A	188		ALA	1
5y9pA	140	1	A	189		ARG	1
5y9pA	141	1	A	190		SER	1
5y9pA	142	1	A	191		VAL	1
5y9pA	143	1	A	192		SER	1
5y9pA	144	1	A	193		ILE	1
5y9pA	145	1	A	194		ALA	1
5y9pA	146	1	A	195		ALA	1
5y9pA	147	1	A	196		ALA	1
5y9pA	148	1	A	197		SER	1
5y9pA	149	1	A	198		ILE	1
5y9pA	150	1	A	199		MET	1
5y9pA	151	1	A	200		ALA	1
5y9pA	152	1	A	201		LYS	1
5y9pA	153	1	A	202		VAL	1
5y9pA	154	1	A	203		PHE	1
5y9pA	155	1	A	204		ARG	1
5y9pA	156	1	A	205		ASP	1
5y9pA	157	1	A	206		ASP	1
5y9pA	158	1	A	207		TYR	1
5y9pA	159	1	A	208		MET	1
5y9pA	160	1	A	209		THR	1
5y9pA	161	1	A	210		GLN	1
5y9pA	162	1	A	211		LEU	1
5y9pA	163	1	A	212		SER	1
5y9pA	164	1	A	213		LYS	1
5y9pA	165	1	A	214		ASP	1
5y9pA	166	1	A	215		TYR	1
5y9pA	167	1	A	216		PRO	1
5y9pA	168	1	A	217		GLU	1
5y9pA	169	1	A	218		TYR	1
5y9pA	170	1	A	219		GLY	1
5y9pA	171	1	A	220		PHE	1
5y9pA	172	1	A	221		GLU	1
5y9pA	173	1	A	222		LYS	1
5y9pA	174	1	A	223		ASN	1
5y9pA	175	1	A	224		ALA	1
5y9pA	176	1	A	225		GLY	1
5y9pA	177	1	A	226		TYR	1
5y9pA	178	1	A	227		GLY	1
5y9pA	179	1	A	228		THR	1
5y9pA	180	1	A	229		LYS	1
5y9pA	181	1	A	230		GLN	1
5y9pA	182	1	A	231		HIS	1
5y9pA	183	1	A	232		LEU	1
5y9pA	184	1	A	233		LEU	1
5y9pA	185	1	A	234		ALA	1
5y9pA	186	1	A	235		ILE	1
5y9pA	187	1	A	236		ASP	1
5y9pA	188	1	A	237		ASP	1
5y9pA	189	1	A	238		ILE	1
5y9pA	190	1	A	239		GLY	1
5y9pA	191	1	A	240		ILE	1
5y9pA	192	1	A	241		MET	1
5y9pA	193	1	A	242		LYS	1
5y9pA	194	1	A	243		GLU	1
5y9pA	195	1	A	244		HIS	1
5y9pA	196	1	A	245		ARG	1
5y9pA	197	1	A	246		LYS	1
5y9pA	198	1	A	247		SER	1
5y9pA	199	1	A	248		PHE	1
5y9pA	200	1	A	249		GLU	1
5y9pA	201	1	A	250		PRO	1
5y9pA	202	1	A	251		ILE	1
5y9pA	203	1	A	252		LYS	1
5y9pA	204	1	A	253		SER	1
5y9pA	205	1	A	254		LEU	1
5y9pA	206	1	A	255		LEU	1
5y9pA	207	1	A	256		LEU	1
5y9pA	208	1	A	257		GLU	1
5y9pA	209	1	A	258		HIS	1
5y9pA	210	1	A	259		HIS	1
5y9pA	211	1	A	260		HIS	1
2o7tA	0	1	A	1		MSE	1
2o7tA	1	1	A	2		ARG	1
2o7tA	2	1	A	3		ALA	1
2o7tA	3	1	A	4		ASP	1
2o7tA	4	1	A	5		ALA	1
2o7tA	5	1	A	6		LEU	1
2o7tA	6	1	A	7		LYS	1
2o7tA	7	1	A	8		ARG	1
2o7tA	8	1	A	9		ARG	1
2o7tA	9	1	A	10		GLU	1
2o7tA	10	1	A	11		HIS	1
2o7tA	11	1	A	12		ILE	1
2o7tA	12	1	A	13		ILE	1
2o7tA	13	1	A	14		THR	1
2o7tA	14	1	A	15		THR	1
2o7tA	15	1	A	16		THR	1
2o7tA	16	1	A	17		CYS	1
2o7tA	17	1	A	18		ASN	1
2o7tA	18	1	A	19		LEU	1
2o7tA	19	1	A	20		TYR	1
2o7tA	20	1	A	21		ARG	1
2o7tA	21	1	A	22		THR	1
2o7tA	22	1	A	23		HIS	1
2o7tA	23	1	A	24		HIS	1
2o7tA	24	1	A	25		HIS	1
2o7tA	25	1	A	26		ASP	1
2o7tA	26	1	A	27		SER	1
2o7tA	27	1	A	28		LEU	1
2o7tA	28	1	A	29		THR	1
2o7tA	29	1	A	30		MSE	1
2o7tA	30	1	A	31		GLU	1
2o7tA	31	1	A	32		ASN	1
2o7tA	32	1	A	33		ILE	1
2o7tA	33	1	A	34		ALA	1
2o7tA	34	1	A	35		GLU	1
2o7tA	35	1	A	36		GLN	1
2o7tA	36	1	A	37		ALA	1
2o7tA	37	1	A	38		GLY	1
2o7tA	38	1	A	39		VAL	1
2o7tA	39	1	A	40		GLY	1
2o7tA	40	1	A	41		VAL	1
2o7tA	41	1	A	42		ALA	1
2o7tA	42	1	A	43		THR	1
2o7tA	43	1	A	44		LEU	1
2o7tA	44	1	A	45		TYR	1
2o7tA	45	1	A	46		ARG	1
2o7tA	46	1	A	47		ASN	1
2o7tA	47	1	A	48		PHE	1
2o7tA	48	1	A	49		PRO	1
2o7tA	49	1	A	50		ASP	1
2o7tA	50	1	A	51		ARG	1
2o7tA	51	1	A	52		PHE	1
2o7tA	52	1	A	53		THR	1
2o7tA	53	1	A	54		LEU	1
2o7tA	54	1	A	55		ASP	1
2o7tA	55	1	A	56		MSE	1
2o7tA	56	1	A	57		ALA	1
2o7tA	57	1	A	58		CYS	1
2o7tA	58	1	A	59		ALA	2
2o7tA	59	1	A	60		GLN	2
2o7tA	60	1	A	61		TYR	2
2o7tA	61	1	A	62		LEU	2
2o7tA	62	1	A	63		PHE	2
2o7tA	63	1	A	64		ASN	2
2o7tA	64	1	A	65		VAL	2
2o7tA	65	1	A	66		VAL	2
2o7tA	66	1	A	67		ILE	2
2o7tA	67	1	A	68		SER	2
2o7tA	68	1	A	69		LEU	2
2o7tA	69	1	A	70		GLN	2
2o7tA	70	1	A	71		LEU	2
2o7tA	71	1	A	72		GLN	2
2o7tA	72	1	A	73		ALA	2
2o7tA	73	1	A	74		ILE	2
2o7tA	74	1	A	75		SER	2
2o7tA	75	1	A	76		THR	2
2o7tA	76	1	A	77		PHE	2
2o7tA	77	1	A	78		PRO	2
2o7tA	78	1	A	79		THR	2
2o7tA	79	1	A	80		ASP	2
2o7tA	80	1	A	81		PRO	2
2o7tA	81	1	A	82		GLU	2
2o7tA	82	1	A	83		GLY	2
2o7tA	83	1	A	84		VAL	2
2o7tA	84	1	A	85		TRP	2
2o7tA	85	1	A	86		THR	2
2o7tA	86	1	A	87		SER	2
2o7tA	87	1	A	88		PHE	2
2o7tA	88	1	A	89		ASN	2
2o7tA	89	1	A	90		GLN	2
2o7tA	90	1	A	91		LEU	2
2o7tA	91	1	A	92		LEU	2
2o7tA	92	1	A	93		PHE	2
2o7tA	93	1	A	94		ASP	2
2o7tA	94	1	A	95		ARG	2
2o7tA	95	1	A	96		GLY	2
2o7tA	96	1	A	97		LEU	2
2o7tA	97	1	A	98		GLY	2
2o7tA	98	1	A	99		SER	2
2o7tA	99	1	A	100		LEU	2
2o7tA	100	1	A	101		VAL	2
2o7tA	101	1	A	102		PRO	2
2o7tA	102	1	A	103		ALA	2
2o7tA	103	1	A	104		LEU	2
2o7tA	104	1	A	105		ALA	2
2o7tA	105	1	A	106		PRO	2
2o7tA	106	1	A	107		GLU	2
2o7tA	107	1	A	108		SER	2
2o7tA	108	1	A	109		LEU	2
2o7tA	109	1	A	110		ASP	2
2o7tA	110	1	A	111		ASP	2
2o7tA	111	1	A	112		LEU	2
2o7tA	112	1	A	113		PRO	2
2o7tA	113	1	A	114		ASP	2
2o7tA	114	1	A	115		GLU	2
2o7tA	115	1	A	116		VAL	2
2o7tA	116	1	A	117		SER	2
2o7tA	117	1	A	118		ALA	2
2o7tA	118	1	A	119		LEU	2
2o7tA	119	1	A	120		ARG	2
2o7tA	120	1	A	121		ARG	2
2o7tA	121	1	A	122		THR	2
2o7tA	122	1	A	123		THR	2
2o7tA	123	1	A	124		GLU	2
2o7tA	124	1	A	125		LYS	2
2o7tA	125	1	A	126		ASN	2
2o7tA	126	1	A	127		THR	2
2o7tA	127	1	A	128		THR	2
2o7tA	128	1	A	129		THR	2
2o7tA	129	1	A	130		LEU	2
2o7tA	130	1	A	131		ILE	2
2o7tA	131	1	A	132		ASN	2
2o7tA	132	1	A	133		LEU	2
2o7tA	133	1	A	134		ALA	2
2o7tA	134	1	A	135		LYS	2
2o7tA	135	1	A	136		GLN	2
2o7tA	136	1	A	137		HIS	2
2o7tA	137	1	A	138		GLY	2
2o7tA	138	1	A	139		LEU	2
2o7tA	139	1	A	140		VAL	2
2o7tA	140	1	A	141		HIS	2
2o7tA	141	1	A	142		HIS	2
2o7tA	142	1	A	143		ASP	2
2o7tA	143	1	A	144		ILE	2
2o7tA	144	1	A	145		ALA	2
2o7tA	145	1	A	146		PRO	2
2o7tA	146	1	A	147		GLY	2
2o7tA	147	1	A	148		THR	2
2o7tA	148	1	A	149		TYR	2
2o7tA	149	1	A	150		ILE	2
2o7tA	150	1	A	151		VAL	2
2o7tA	151	1	A	152		GLY	2
2o7tA	152	1	A	153		LEU	2
2o7tA	153	1	A	154		ILE	2
2o7tA	154	1	A	155		THR	2
2o7tA	155	1	A	156		ILE	2
2o7tA	156	1	A	157		SER	2
2o7tA	157	1	A	158		ARG	2
2o7tA	158	1	A	159		PRO	2
2o7tA	159	1	A	160		PRO	2
2o7tA	160	1	A	161		ILE	2
2o7tA	161	1	A	162		THR	2
2o7tA	162	1	A	163		ALA	2
2o7tA	163	1	A	164		LEU	2
2o7tA	164	1	A	165		ALA	2
2o7tA	165	1	A	166		THR	2
2o7tA	166	1	A	167		ILE	2
2o7tA	167	1	A	168		SER	2
2o7tA	168	1	A	169		GLU	2
2o7tA	169	1	A	170		ASN	2
2o7tA	170	1	A	171		SER	2
2o7tA	171	1	A	172		HIS	2
2o7tA	172	1	A	173		LYS	2
2o7tA	173	1	A	174		ALA	2
2o7tA	174	1	A	175		LEU	2
2o7tA	175	1	A	176		LEU	2
2o7tA	176	1	A	177		GLY	2
2o7tA	177	1	A	178		LEU	2
2o7tA	178	1	A	179		TYR	2
2o7tA	179	1	A	180		LEU	2
2o7tA	180	1	A	181		SER	2
2o7tA	181	1	A	182		GLY	2
2o7tA	182	1	A	183		LEU	2
2o7tA	183	1	A	184		LYS	2
2o7tA	184	1	A	185		HIS	2
2o7tA	185	1	A	186		GLY	2
2o7tA	186	1	A	187		MSE	2
2o7tA	187	1	A	188		MSE	2
2aneH	0	1	H	8		ARG	1
2aneH	1	1	H	9		ILE	1
2aneH	2	1	H	10		GLU	1
2aneH	3	1	H	11		ILE	1
2aneH	4	1	H	12		PRO	1
2aneH	5	1	H	13		VAL	1
2aneH	6	1	H	14		LEU	1
2aneH	7	1	H	15		PRO	1
2aneH	8	1	H	16		LEU	1
2aneH	9	1	H	17		ARG	1
2aneH	10	1	H	18		ASP	1
2aneH	11	1	H	19		VAL	1
2aneH	12	1	H	20		VAL	1
2aneH	13	1	H	21		VAL	1
2aneH	14	1	H	22		TYR	1
2aneH	15	1	H	23		PRO	1
2aneH	16	1	H	24		HIS	1
2aneH	17	1	H	25		MET	1
2aneH	18	1	H	26		VAL	1
2aneH	19	1	H	27		ILE	1
2aneH	20	1	H	28		PRO	1
2aneH	21	1	H	29		LEU	1
2aneH	22	1	H	30		PHE	1
2aneH	23	1	H	31		VAL	1
2aneH	24	1	H	32		GLY	1
2aneH	25	1	H	33		ARG	1
2aneH	26	1	H	34		GLU	1
2aneH	27	1	H	35		LYS	1
2aneH	28	1	H	36		SER	1
2aneH	29	1	H	37		ILE	1
2aneH	30	1	H	38		ARG	1
2aneH	31	1	H	39		CYS	1
2aneH	32	1	H	40		LEU	1
2aneH	33	1	H	41		GLU	1
2aneH	34	1	H	42		ALA	1
2aneH	35	1	H	43		ALA	1
2aneH	36	1	H	44		MET	1
2aneH	37	1	H	45		ASP	1
2aneH	38	1	H	46		HIS	1
2aneH	39	1	H	47		ASP	1
2aneH	40	1	H	48		LYS	1
2aneH	41	1	H	49		LYS	1
2aneH	42	1	H	50		ILE	1
2aneH	43	1	H	51		MET	1
2aneH	44	1	H	52		LEU	1
2aneH	45	1	H	53		VAL	1
2aneH	46	1	H	54		ALA	1
2aneH	47	1	H	55		GLN	1
2aneH	48	1	H	56		LYS	1
2aneH	49	1	H	57		GLU	1
2aneH	50	1	H	58		ALA	1
2aneH	51	1	H	59		SER	1
2aneH	52	1	H	60		THR	1
2aneH	53	1	H	61		ASP	1
2aneH	54	1	H	62		GLU	1
2aneH	55	1	H	63		PRO	1
2aneH	56	1	H	64		GLY	1
2aneH	57	1	H	65		VAL	1
2aneH	58	1	H	66		ASN	1
2aneH	59	1	H	67		ASP	1
2aneH	60	1	H	68		LEU	1
2aneH	61	1	H	69		PHE	1
2aneH	62	1	H	70		THR	1
2aneH	63	1	H	71		VAL	1
2aneH	64	1	H	72		GLY	1
2aneH	65	1	H	73		THR	1
2aneH	66	1	H	74		VAL	1
2aneH	67	1	H	75		ALA	1
2aneH	68	1	H	76		SER	1
2aneH	69	1	H	77		ILE	1
2aneH	70	1	H	78		LEU	1
2aneH	71	1	H	79		GLN	1
2aneH	72	1	H	80		MET	1
2aneH	73	1	H	81		LEU	1
2aneH	74	1	H	82		LYS	1
2aneH	75	1	H	83		LEU	1
2aneH	76	1	H	84		PRO	1
2aneH	77	1	H	85		ASP	1
2aneH	78	1	H	86		GLY	1
2aneH	79	1	H	87		THR	1
2aneH	80	1	H	88		VAL	1
2aneH	81	1	H	89		LYS	1
2aneH	82	1	H	90		VAL	1
2aneH	83	1	H	91		LEU	1
2aneH	84	1	H	92		VAL	1
2aneH	85	1	H	93		GLU	1
2aneH	86	1	H	94		GLY	1
2aneH	87	1	H	95		LEU	1
2aneH	88	1	H	96		GLN	1
2aneH	89	1	H	97		ARG	1
2aneH	90	1	H	98		ALA	1
2aneH	91	1	H	99		ARG	1
2aneH	92	1	H	100		ILE	1
2aneH	93	1	H	101		SER	1
2aneH	94	1	H	102		ALA	1
2aneH	95	1	H	103		LEU	1
2aneH	96	1	H	104		SER	1
2aneH	97	1	H	105		ASP	1
2aneH	98	1	H	106		ASN	1
2aneH	99	1	H	107		GLY	1
2aneH	100	1	H	108		GLU	1
2aneH	101	1	H	109		HIS	1
2aneH	102	1	H	110		PHE	1
2aneH	103	1	H	111		SER	1
2aneH	104	1	H	112		ALA	1
2aneH	105	1	H	113		LYS	1
2aneH	106	1	H	114		ALA	1
2aneH	107	1	H	115		GLU	1
2aneH	108	1	H	116		TYR	1
4ggcA	0	1	A	165		CYS	1
4ggcA	1	1	A	166		ARG	1
4ggcA	2	1	A	167		TYR	1
4ggcA	3	1	A	168		ILE	1
4ggcA	4	1	A	169		PRO	1
4ggcA	5	1	A	170		SER	1
4ggcA	6	1	A	171		LEU	1
4ggcA	7	1	A	172		PRO	1
4ggcA	8	1	A	173		ASP	1
4ggcA	9	1	A	174		ARG	1
4ggcA	10	1	A	175		ILE	1
4ggcA	11	1	A	176		LEU	1
4ggcA	12	1	A	177		ASP	1
4ggcA	13	1	A	178		ALA	1
4ggcA	14	1	A	179		PRO	1
4ggcA	15	1	A	180		GLU	1
4ggcA	16	1	A	181		ILE	1
4ggcA	17	1	A	182		ARG	1
4ggcA	18	1	A	183		ASN	1
4ggcA	19	1	A	184		ASP	1
4ggcA	20	1	A	185		TYR	1
4ggcA	21	1	A	186		TYR	2
4ggcA	22	1	A	187		LEU	2
4ggcA	23	1	A	188		ASN	2
4ggcA	24	1	A	189		LEU	2
4ggcA	25	1	A	190		VAL	2
4ggcA	26	1	A	191		ASP	2
4ggcA	27	1	A	192		TRP	2
4ggcA	28	1	A	193		SER	2
4ggcA	29	1	A	194		SER	2
4ggcA	30	1	A	195		GLY	2
4ggcA	31	1	A	196		ASN	2
4ggcA	32	1	A	197		VAL	2
4ggcA	33	1	A	198		LEU	2
4ggcA	34	1	A	199		ALA	2
4ggcA	35	1	A	200		VAL	2
4ggcA	36	1	A	201		ALA	2
4ggcA	37	1	A	202		LEU	2
4ggcA	38	1	A	203		ASP	2
4ggcA	39	1	A	204		ASN	2
4ggcA	40	1	A	205		SER	2
4ggcA	41	1	A	206		VAL	2
4ggcA	42	1	A	207		TYR	2
4ggcA	43	1	A	208		LEU	2
4ggcA	44	1	A	209		TRP	2
4ggcA	45	1	A	210		SER	2
4ggcA	46	1	A	211		ALA	2
4ggcA	47	1	A	212		SER	2
4ggcA	48	1	A	213		SER	2
4ggcA	49	1	A	214		GLY	2
4ggcA	50	1	A	215		ASP	2
4ggcA	51	1	A	216		ILE	2
4ggcA	52	1	A	217		LEU	2
4ggcA	53	1	A	218		GLN	2
4ggcA	54	1	A	219		LEU	2
4ggcA	55	1	A	220		LEU	2
4ggcA	56	1	A	221		GLN	2
4ggcA	57	1	A	222		MET	2
4ggcA	58	1	A	223		GLU	2
4ggcA	59	1	A	224		GLN	2
4ggcA	60	1	A	225		PRO	2
4ggcA	61	1	A	226		GLY	2
4ggcA	62	1	A	227		GLU	2
4ggcA	63	1	A	228		TYR	2
4ggcA	64	1	A	229		ILE	2
4ggcA	65	1	A	230		SER	2
4ggcA	66	1	A	231		SER	2
4ggcA	67	1	A	232		VAL	2
4ggcA	68	1	A	233		ALA	2
4ggcA	69	1	A	234		TRP	2
4ggcA	70	1	A	235		ILE	2
4ggcA	71	1	A	236		LYS	2
4ggcA	72	1	A	237		GLU	2
4ggcA	73	1	A	238		GLY	2
4ggcA	74	1	A	239		ASN	2
4ggcA	75	1	A	240		TYR	2
4ggcA	76	1	A	241		LEU	2
4ggcA	77	1	A	242		ALA	2
4ggcA	78	1	A	243		VAL	2
4ggcA	79	1	A	244		GLY	2
4ggcA	80	1	A	245		THR	2
4ggcA	81	1	A	246		SER	2
4ggcA	82	1	A	247		SER	2
4ggcA	83	1	A	248		ALA	2
4ggcA	84	1	A	249		GLU	2
4ggcA	85	1	A	250		VAL	2
4ggcA	86	1	A	251		GLN	2
4ggcA	87	1	A	252		LEU	2
4ggcA	88	1	A	253		TRP	2
4ggcA	89	1	A	254		ASP	2
4ggcA	90	1	A	255		VAL	2
4ggcA	91	1	A	256		GLN	2
4ggcA	92	1	A	257		GLN	2
4ggcA	93	1	A	258		GLN	2
4ggcA	94	1	A	259		LYS	2
4ggcA	95	1	A	260		ARG	2
4ggcA	96	1	A	261		LEU	2
4ggcA	97	1	A	262		ARG	2
4ggcA	98	1	A	263		ASN	2
4ggcA	99	1	A	264		MET	2
4ggcA	100	1	A	265		THR	2
4ggcA	101	1	A	266		SER	2
4ggcA	102	1	A	267		HIS	2
4ggcA	103	1	A	268		SER	2
4ggcA	104	1	A	269		ALA	2
4ggcA	105	1	A	270		ARG	2
4ggcA	106	1	A	271		VAL	2
4ggcA	107	1	A	272		GLY	2
4ggcA	108	1	A	273		SER	2
4ggcA	109	1	A	274		LEU	2
4ggcA	110	1	A	275		SER	2
4ggcA	111	1	A	276		TRP	2
4ggcA	112	1	A	277		ASN	2
4ggcA	113	1	A	278		SER	2
4ggcA	114	1	A	279		TYR	2
4ggcA	115	1	A	280		ILE	2
4ggcA	116	1	A	281		LEU	2
4ggcA	117	1	A	282		SER	2
4ggcA	118	1	A	283		SER	2
4ggcA	119	1	A	284		GLY	2
4ggcA	120	1	A	285		SER	2
4ggcA	121	1	A	286		ARG	2
4ggcA	122	1	A	287		SER	2
4ggcA	123	1	A	288		GLY	2
4ggcA	124	1	A	289		HIS	2
4ggcA	125	1	A	290		ILE	2
4ggcA	126	1	A	291		HIS	2
4ggcA	127	1	A	292		HIS	2
4ggcA	128	1	A	293		HIS	2
4ggcA	129	1	A	294		ASP	2
4ggcA	130	1	A	295		VAL	2
4ggcA	131	1	A	296		ARG	2
4ggcA	132	1	A	297		VAL	2
4ggcA	133	1	A	298		ALA	2
4ggcA	134	1	A	299		GLU	2
4ggcA	135	1	A	300		HIS	2
4ggcA	136	1	A	301		HIS	2
4ggcA	137	1	A	302		VAL	2
4ggcA	138	1	A	303		ALA	2
4ggcA	139	1	A	304		THR	2
4ggcA	140	1	A	305		LEU	2
4ggcA	141	1	A	306		SER	2
4ggcA	142	1	A	307		GLY	2
4ggcA	143	1	A	308		HIS	2
4ggcA	144	1	A	309		SER	2
4ggcA	145	1	A	310		GLN	2
4ggcA	146	1	A	311		GLU	2
4ggcA	147	1	A	312		VAL	2
4ggcA	148	1	A	313		CYS	1
4ggcA	149	1	A	314		GLY	1
4ggcA	150	1	A	315		LEU	1
4ggcA	151	1	A	316		ARG	1
4ggcA	152	1	A	317		TRP	1
4ggcA	153	1	A	318		ALA	1
4ggcA	154	1	A	319		PRO	1
4ggcA	155	1	A	320		ASP	1
4ggcA	156	1	A	321		GLY	1
4ggcA	157	1	A	322		ARG	1
4ggcA	158	1	A	323		HIS	1
4ggcA	159	1	A	324		LEU	1
4ggcA	160	1	A	325		ALA	1
4ggcA	161	1	A	326		SER	1
4ggcA	162	1	A	327		GLY	1
4ggcA	163	1	A	328		GLY	1
4ggcA	164	1	A	329		ASN	1
4ggcA	165	1	A	330		ASP	1
4ggcA	166	1	A	331		ASN	1
4ggcA	167	1	A	332		LEU	1
4ggcA	168	1	A	333		VAL	1
4ggcA	169	1	A	334		ASN	1
4ggcA	170	1	A	335		VAL	1
4ggcA	171	1	A	336		TRP	1
4ggcA	172	1	A	337		PRO	1
4ggcA	173	1	A	338		SER	1
4ggcA	174	1	A	339		ALA	1
4ggcA	175	1	A	340		PRO	1
4ggcA	176	1	A	341		GLY	1
4ggcA	177	1	A	342		GLU	1
4ggcA	178	1	A	343		GLY	1
4ggcA	179	1	A	344		GLY	1
4ggcA	180	1	A	345		TRP	1
4ggcA	181	1	A	346		VAL	1
4ggcA	182	1	A	347		PRO	1
4ggcA	183	1	A	348		LEU	1
4ggcA	184	1	A	349		GLN	1
4ggcA	185	1	A	350		THR	1
4ggcA	186	1	A	351		PHE	1
4ggcA	187	1	A	352		THR	1
4ggcA	188	1	A	353		GLN	1
4ggcA	189	1	A	354		HIS	1
4ggcA	190	1	A	355		GLN	1
4ggcA	191	1	A	356		GLY	1
4ggcA	192	1	A	357		ALA	1
4ggcA	193	1	A	358		VAL	1
4ggcA	194	1	A	359		LYS	1
4ggcA	195	1	A	360		ALA	1
4ggcA	196	1	A	361		VAL	1
4ggcA	197	1	A	362		ALA	1
4ggcA	198	1	A	363		TRP	1
4ggcA	199	1	A	364		CYS	1
4ggcA	200	1	A	365		PRO	1
4ggcA	201	1	A	366		TRP	1
4ggcA	202	1	A	367		GLN	1
4ggcA	203	1	A	368		SER	1
4ggcA	204	1	A	369		ASN	1
4ggcA	205	1	A	370		VAL	1
4ggcA	206	1	A	371		LEU	1
4ggcA	207	1	A	372		ALA	1
4ggcA	208	1	A	373		THR	1
4ggcA	209	1	A	374		GLY	1
4ggcA	210	1	A	375		GLY	1
4ggcA	211	1	A	376		GLY	1
4ggcA	212	1	A	377		THR	1
4ggcA	213	1	A	378		SER	1
4ggcA	214	1	A	379		ASP	1
4ggcA	215	1	A	380		ARG	1
4ggcA	216	1	A	381		HIS	1
4ggcA	217	1	A	382		ILE	1
4ggcA	218	1	A	383		ARG	1
4ggcA	219	1	A	384		ILE	1
4ggcA	220	1	A	385		TRP	1
4ggcA	221	1	A	386		ASN	1
4ggcA	222	1	A	387		VAL	1
4ggcA	223	1	A	388		CYS	1
4ggcA	224	1	A	389		SER	1
4ggcA	225	1	A	390		GLY	1
4ggcA	226	1	A	391		ALA	1
4ggcA	227	1	A	392		CYS	1
4ggcA	228	1	A	393		LEU	1
4ggcA	229	1	A	394		SER	1
4ggcA	230	1	A	395		ALA	1
4ggcA	231	1	A	396		VAL	1
4ggcA	232	1	A	397		ASP	1
4ggcA	233	1	A	398		ALA	1
4ggcA	234	1	A	399		HIS	1
4ggcA	235	1	A	400		SER	1
4ggcA	236	1	A	401		GLN	1
4ggcA	237	1	A	402		VAL	1
4ggcA	238	1	A	403		CYS	1
4ggcA	239	1	A	404		SER	1
4ggcA	240	1	A	405		ILE	1
4ggcA	241	1	A	406		LEU	1
4ggcA	242	1	A	407		TRP	1
4ggcA	243	1	A	408		SER	1
4ggcA	244	1	A	409		PRO	1
4ggcA	245	1	A	410		HIS	1
4ggcA	246	1	A	411		TYR	1
4ggcA	247	1	A	412		LYS	1
4ggcA	248	1	A	413		GLU	1
4ggcA	249	1	A	414		LEU	1
4ggcA	250	1	A	415		ILE	1
4ggcA	251	1	A	416		SER	1
4ggcA	252	1	A	417		GLY	1
4ggcA	253	1	A	418		HIS	1
4ggcA	254	1	A	419		GLY	1
4ggcA	255	1	A	420		PHE	1
4ggcA	256	1	A	421		ALA	1
4ggcA	257	1	A	422		GLN	1
4ggcA	258	1	A	423		ASN	1
4ggcA	259	1	A	424		GLN	1
4ggcA	260	1	A	425		LEU	1
4ggcA	261	1	A	426		VAL	1
4ggcA	262	1	A	427		ILE	1
4ggcA	263	1	A	428		TRP	1
4ggcA	264	1	A	429		LYS	1
4ggcA	265	1	A	430		TYR	1
4ggcA	266	1	A	431		PRO	1
4ggcA	267	1	A	432		THR	1
4ggcA	268	1	A	433		MET	1
4ggcA	269	1	A	434		ALA	1
4ggcA	270	1	A	435		LYS	1
4ggcA	271	1	A	436		VAL	1
4ggcA	272	1	A	437		ALA	1
4ggcA	273	1	A	438		GLU	1
4ggcA	274	1	A	439		LEU	1
4ggcA	275	1	A	440		LYS	1
4ggcA	276	1	A	441		GLY	1
4ggcA	277	1	A	442		HIS	1
4ggcA	278	1	A	443		THR	1
4ggcA	279	1	A	444		SER	1
4ggcA	280	1	A	445		ARG	1
4ggcA	281	1	A	446		VAL	1
4ggcA	282	1	A	447		LEU	1
4ggcA	283	1	A	448		SER	1
4ggcA	284	1	A	449		LEU	1
4ggcA	285	1	A	450		THR	1
4ggcA	286	1	A	451		MET	1
4ggcA	287	1	A	452		SER	1
4ggcA	288	1	A	453		PRO	1
4ggcA	289	1	A	454		ASP	1
4ggcA	290	1	A	455		GLY	1
4ggcA	291	1	A	456		ALA	1
4ggcA	292	1	A	457		THR	1
4ggcA	293	1	A	458		VAL	1
4ggcA	294	1	A	459		ALA	1
4ggcA	295	1	A	460		SER	1
4ggcA	296	1	A	461		ALA	1
4ggcA	297	1	A	462		ALA	1
4ggcA	298	1	A	463		ALA	1
4ggcA	299	1	A	464		ASP	1
4ggcA	300	1	A	465		GLU	1
4ggcA	301	1	A	466		THR	1
4ggcA	302	1	A	467		LEU	1
4ggcA	303	1	A	468		ARG	1
4ggcA	304	1	A	469		LEU	1
4ggcA	305	1	A	470		TRP	1
4ggcA	306	1	A	471		ARG	1
4ggcA	307	1	A	472		CYS	1
4ggcA	308	1	A	473		PHE	1
4ggcA	309	1	A	474		GLU	1
4ggcA	310	1	A	475		LEU	1
4ggcA	311	1	A	476		ASP	1
4ggcA	312	1	A	477		PRO	1
5b2nA	0	1	A	2		LYS	1
5b2nA	1	1	A	3		ASN	1
5b2nA	2	1	A	4		ILE	1
5b2nA	3	1	A	5		GLU	1
5b2nA	4	1	A	6		SER	1
5b2nA	5	1	A	7		LEU	1
5b2nA	6	1	A	8		PHE	1
5b2nA	7	1	A	9		ASP	1
5b2nA	8	1	A	10		TYR	1
5b2nA	9	1	A	11		SER	1
5b2nA	10	1	A	12		ALA	1
5b2nA	11	1	A	13		GLY	1
5b2nA	12	1	A	14		GLN	1
5b2nA	13	1	A	15		PHE	1
5b2nA	14	1	A	16		GLU	1
5b2nA	15	1	A	17		PHE	1
5b2nA	16	1	A	18		ILE	1
5b2nA	17	1	A	19		ASP	1
5b2nA	18	1	A	20		HIS	1
5b2nA	19	1	A	21		LEU	1
5b2nA	20	1	A	22		LEU	1
5b2nA	21	1	A	23		THR	1
5b2nA	22	1	A	24		MET	1
5b2nA	23	1	A	25		GLY	1
5b2nA	24	1	A	26		VAL	1
5b2nA	25	1	A	27		GLY	1
5b2nA	26	1	A	28		VAL	1
5b2nA	27	1	A	29		HIS	1
5b2nA	28	1	A	30		PHE	1
5b2nA	29	1	A	31		ALA	1
5b2nA	30	1	A	32		ALA	1
5b2nA	31	1	A	33		LEU	1
5b2nA	32	1	A	34		ILE	1
5b2nA	33	1	A	35		PHE	1
5b2nA	34	1	A	36		PHE	1
5b2nA	35	1	A	37		LEU	1
5b2nA	36	1	A	38		VAL	1
5b2nA	37	1	A	39		VAL	1
5b2nA	38	1	A	40		SER	1
5b2nA	39	1	A	41		GLN	1
5b2nA	40	1	A	42		PHE	1
5b2nA	41	1	A	43		VAL	1
5b2nA	42	1	A	44		ALA	1
5b2nA	43	1	A	45		PRO	1
5b2nA	44	1	A	46		LYS	1
5b2nA	45	1	A	47		TYR	1
5b2nA	46	1	A	48		ARG	1
5b2nA	47	1	A	49		ILE	1
5b2nA	48	1	A	50		ALA	1
5b2nA	49	1	A	51		THR	1
5b2nA	50	1	A	52		ALA	1
5b2nA	51	1	A	53		LEU	1
5b2nA	52	1	A	54		SER	1
5b2nA	53	1	A	55		CYS	1
5b2nA	54	1	A	56		ILE	1
5b2nA	55	1	A	57		VAL	1
5b2nA	56	1	A	58		MET	1
5b2nA	57	1	A	59		VAL	1
5b2nA	58	1	A	60		SER	1
5b2nA	59	1	A	61		ALA	1
5b2nA	60	1	A	62		GLY	1
5b2nA	61	1	A	63		LEU	1
5b2nA	62	1	A	64		ILE	1
5b2nA	63	1	A	65		LEU	1
5b2nA	64	1	A	66		ASN	1
5b2nA	65	1	A	67		SER	1
5b2nA	66	1	A	68		GLN	1
5b2nA	67	1	A	69		ALA	1
5b2nA	68	1	A	70		VAL	1
5b2nA	69	1	A	71		MET	1
5b2nA	70	1	A	72		TRP	1
5b2nA	71	1	A	73		THR	1
5b2nA	72	1	A	74		ASP	1
5b2nA	73	1	A	75		ALA	1
5b2nA	74	1	A	76		TYR	1
5b2nA	75	1	A	77		ALA	1
5b2nA	76	1	A	78		TYR	1
5b2nA	77	1	A	79		VAL	1
5b2nA	78	1	A	80		ASP	1
5b2nA	79	1	A	81		GLY	1
5b2nA	80	1	A	82		SER	1
5b2nA	81	1	A	83		TYR	1
5b2nA	82	1	A	84		GLN	1
5b2nA	83	1	A	85		LEU	1
5b2nA	84	1	A	86		GLN	1
5b2nA	85	1	A	87		ASP	1
5b2nA	86	1	A	88		LEU	1
5b2nA	87	1	A	89		THR	1
5b2nA	88	1	A	90		PHE	1
5b2nA	89	1	A	91		SER	1
5b2nA	90	1	A	92		ASN	1
5b2nA	91	1	A	93		GLY	1
5b2nA	92	1	A	94		TYR	1
5b2nA	93	1	A	95		ARG	1
5b2nA	94	1	A	96		TYR	1
5b2nA	95	1	A	97		VAL	1
5b2nA	96	1	A	98		ASN	1
5b2nA	97	1	A	99		TRP	1
5b2nA	98	1	A	100		MET	1
5b2nA	99	1	A	101		ALA	1
5b2nA	100	1	A	102		THR	1
5b2nA	101	1	A	103		ILE	1
5b2nA	102	1	A	104		PRO	1
5b2nA	103	1	A	105		CYS	1
5b2nA	104	1	A	106		LEU	1
5b2nA	105	1	A	107		LEU	1
5b2nA	106	1	A	108		LEU	1
5b2nA	107	1	A	109		GLN	1
5b2nA	108	1	A	110		LEU	1
5b2nA	109	1	A	111		LEU	1
5b2nA	110	1	A	112		ILE	1
5b2nA	111	1	A	113		VAL	1
5b2nA	112	1	A	114		LEU	1
5b2nA	113	1	A	115		ASN	1
5b2nA	114	1	A	116		LEU	1
5b2nA	115	1	A	117		LYS	1
5b2nA	116	1	A	118		GLY	1
5b2nA	117	1	A	119		LYS	1
5b2nA	118	1	A	120		GLU	1
5b2nA	119	1	A	121		LEU	1
5b2nA	120	1	A	122		PHE	1
5b2nA	121	1	A	123		SER	1
5b2nA	122	1	A	124		THR	1
5b2nA	123	1	A	125		ALA	1
5b2nA	124	1	A	126		THR	1
5b2nA	125	1	A	127		TRP	1
5b2nA	126	1	A	128		LEU	1
5b2nA	127	1	A	129		ILE	1
5b2nA	128	1	A	130		LEU	1
5b2nA	129	1	A	131		ALA	1
5b2nA	130	1	A	132		ALA	1
5b2nA	131	1	A	133		TRP	1
5b2nA	132	1	A	134		GLY	1
5b2nA	133	1	A	135		MET	1
5b2nA	134	1	A	136		ILE	1
5b2nA	135	1	A	137		ILE	1
5b2nA	136	1	A	138		THR	1
5b2nA	137	1	A	139		GLY	1
5b2nA	138	1	A	140		TYR	1
5b2nA	139	1	A	141		VAL	1
5b2nA	140	1	A	142		GLY	1
5b2nA	141	1	A	143		GLN	1
5b2nA	142	1	A	144		LEU	1
5b2nA	143	1	A	145		TYR	1
5b2nA	144	1	A	146		GLU	1
5b2nA	145	1	A	147		VAL	1
5b2nA	146	1	A	148		ASP	1
5b2nA	147	1	A	149		ASP	1
5b2nA	148	1	A	150		ILE	1
5b2nA	149	1	A	151		ALA	1
5b2nA	150	1	A	152		GLN	1
5b2nA	151	1	A	153		LEU	1
5b2nA	152	1	A	154		MET	1
5b2nA	153	1	A	155		ILE	1
5b2nA	154	1	A	156		TRP	1
5b2nA	155	1	A	157		GLY	1
5b2nA	156	1	A	158		ALA	1
5b2nA	157	1	A	159		VAL	1
5b2nA	158	1	A	160		SER	1
5b2nA	159	1	A	161		THR	1
5b2nA	160	1	A	162		ALA	1
5b2nA	161	1	A	163		PHE	1
5b2nA	162	1	A	164		PHE	1
5b2nA	163	1	A	165		VAL	1
5b2nA	164	1	A	166		VAL	1
5b2nA	165	1	A	167		MET	1
5b2nA	166	1	A	168		ASN	1
5b2nA	167	1	A	169		TRP	1
5b2nA	168	1	A	170		ILE	1
5b2nA	169	1	A	171		VAL	1
5b2nA	170	1	A	172		GLY	1
5b2nA	171	1	A	173		THR	1
5b2nA	172	1	A	174		LYS	1
5b2nA	173	1	A	175		ILE	1
5b2nA	174	1	A	176		PHE	1
5b2nA	175	1	A	177		LYS	1
5b2nA	176	1	A	178		ASN	1
5b2nA	177	1	A	179		ARG	1
5b2nA	178	1	A	180		ALA	1
5b2nA	179	1	A	181		THR	1
5b2nA	180	1	A	182		MET	1
5b2nA	181	1	A	183		LEU	1
5b2nA	182	1	A	184		GLY	1
5b2nA	183	1	A	185		GLY	1
5b2nA	184	1	A	186		THR	1
5b2nA	185	1	A	187		ASP	1
5b2nA	186	1	A	188		SER	1
5b2nA	187	1	A	189		THR	1
5b2nA	188	1	A	190		ILE	1
5b2nA	189	1	A	191		THR	1
5b2nA	190	1	A	192		LYS	1
5b2nA	191	1	A	193		VAL	1
5b2nA	192	1	A	194		PHE	1
5b2nA	193	1	A	195		TRP	1
5b2nA	194	1	A	196		LEU	1
5b2nA	195	1	A	197		MET	1
5b2nA	196	1	A	198		MET	1
5b2nA	197	1	A	199		PHE	1
5b2nA	198	1	A	200		ALA	1
5b2nA	199	1	A	201		TRP	1
5b2nA	200	1	A	202		THR	1
5b2nA	201	1	A	203		LEU	1
5b2nA	202	1	A	204		TYR	1
5b2nA	203	1	A	205		PRO	1
5b2nA	204	1	A	206		ILE	1
5b2nA	205	1	A	207		ALA	1
5b2nA	206	1	A	208		TYR	1
5b2nA	207	1	A	209		LEU	1
5b2nA	208	1	A	210		VAL	1
5b2nA	209	1	A	211		PRO	1
5b2nA	210	1	A	212		ALA	1
5b2nA	211	1	A	213		PHE	1
5b2nA	212	1	A	214		MET	1
5b2nA	213	1	A	215		ASN	1
5b2nA	214	1	A	216		ASN	1
5b2nA	215	1	A	217		ALA	1
5b2nA	216	1	A	218		ASP	1
5b2nA	217	1	A	219		GLY	1
5b2nA	218	1	A	220		VAL	1
5b2nA	219	1	A	221		VAL	1
5b2nA	220	1	A	222		LEU	1
5b2nA	221	1	A	223		ARG	1
5b2nA	222	1	A	224		GLN	1
5b2nA	223	1	A	225		LEU	1
5b2nA	224	1	A	226		LEU	1
5b2nA	225	1	A	227		PHE	1
5b2nA	226	1	A	228		THR	1
5b2nA	227	1	A	229		ILE	1
5b2nA	228	1	A	230		ALA	1
5b2nA	229	1	A	231		ASP	1
5b2nA	230	1	A	232		ILE	1
5b2nA	231	1	A	233		SER	1
5b2nA	232	1	A	234		SER	1
5b2nA	233	1	A	235		LYS	1
5b2nA	234	1	A	236		VAL	1
5b2nA	235	1	A	237		ILE	1
5b2nA	236	1	A	238		TYR	1
5b2nA	237	1	A	239		GLY	1
5b2nA	238	1	A	240		LEU	1
5b2nA	239	1	A	241		MET	1
5b2nA	240	1	A	242		ILE	1
5b2nA	241	1	A	243		THR	1
5b2nA	242	1	A	244		TYR	1
5b2nA	243	1	A	245		ILE	1
5b2nA	244	1	A	246		ALA	1
5b2nA	245	1	A	247		ILE	1
5b2nA	246	1	A	248		GLN	1
5b2nA	247	1	A	249		GLN	1
5b2nA	248	1	A	250		SER	1
5b2nA	249	1	A	251		ALA	1
5b2nA	250	1	A	252		ALA	1
5b2nA	251	1	A	253		ALA	1
5b2nA	252	1	A	254		GLY	1
5b2nA	253	1	A	255		TYR	1
5b2nA	254	1	A	256		VAL	1
5b2nA	255	1	A	257		PRO	1
5b2nA	256	1	A	258		ALA	1
5b2nA	257	1	A	259		GLN	1
5b2nA	258	1	A	260		GLN	1
5b2nA	259	1	A	261		ALA	1
5b2nA	260	1	A	262		LEU	1
5b2nA	261	1	A	263		GLY	1
5b2nA	262	1	A	264		ARG	1
3my2A	0	1	A	59		SER	1
3my2A	1	1	A	60		TYR	1
3my2A	2	1	A	61		ARG	1
3my2A	3	1	A	62		LEU	1
3my2A	4	1	A	63		ILE	1
3my2A	5	1	A	64		ALA	1
3my2A	6	1	A	65		GLN	1
3my2A	7	1	A	66		HIS	1
3my2A	8	1	A	67		VAL	1
3my2A	9	1	A	68		GLU	1
3my2A	10	1	A	69		TYR	1
3my2A	11	1	A	70		TYR	1
3my2A	12	1	A	71		SER	1
3my2A	13	1	A	72		ASP	1
3my2A	14	1	A	73		GLN	1
3my2A	15	1	A	74		ALA	1
3my2A	16	1	A	75		VAL	1
3my2A	17	1	A	76		SER	1
3my2A	18	1	A	77		TRP	1
3my2A	19	1	A	78		PHE	1
3my2A	20	1	A	79		THR	1
3my2A	21	1	A	80		GLN	1
3my2A	22	1	A	81		PRO	1
3my2A	23	1	A	82		VAL	1
3my2A	24	1	A	83		LEU	1
3my2A	25	1	A	84		THR	1
3my2A	26	1	A	85		THR	1
3my2A	27	1	A	86		PHE	1
3my2A	28	1	A	87		ASP	1
3my2A	29	1	A	88		LYS	1
3my2A	30	1	A	89		ASP	1
3my2A	31	1	A	90		LYS	1
3my2A	32	1	A	91		ILE	1
3my2A	33	1	A	92		PRO	1
3my2A	34	1	A	93		THR	1
3my2A	35	1	A	94		TRP	1
3my2A	36	1	A	95		SER	1
3my2A	37	1	A	96		VAL	1
3my2A	38	1	A	97		LYS	1
3my2A	39	1	A	98		ALA	1
3my2A	40	1	A	99		ASP	1
3my2A	41	1	A	100		LYS	1
3my2A	42	1	A	101		ALA	1
3my2A	43	1	A	102		LYS	1
3my2A	44	1	A	103		LEU	1
3my2A	45	1	A	104		THR	1
3my2A	46	1	A	105		ASN	1
3my2A	47	1	A	106		ASP	1
3my2A	48	1	A	107		ARG	1
3my2A	49	1	A	108		MSE	1
3my2A	50	1	A	109		LEU	1
3my2A	51	1	A	110		TYR	1
3my2A	52	1	A	111		LEU	1
3my2A	53	1	A	112		TYR	1
3my2A	54	1	A	113		GLY	1
3my2A	55	1	A	114		HIS	1
3my2A	56	1	A	115		VAL	1
3my2A	57	1	A	116		GLU	1
3my2A	58	1	A	117		VAL	1
3my2A	59	1	A	118		ASN	1
3my2A	60	1	A	119		ALA	1
3my2A	61	1	A	120		LEU	1
3my2A	62	1	A	121		VAL	1
3my2A	63	1	A	122		PRO	1
3my2A	64	1	A	123		ASP	1
3my2A	65	1	A	124		SER	1
3my2A	66	1	A	125		GLN	1
3my2A	67	1	A	126		LEU	1
3my2A	68	1	A	127		ARG	1
3my2A	69	1	A	128		ARG	1
3my2A	70	1	A	129		ILE	1
3my2A	71	1	A	130		THR	1
3my2A	72	1	A	131		THR	1
3my2A	73	1	A	132		ASP	1
3my2A	74	1	A	133		ASN	1
3my2A	75	1	A	134		ALA	1
3my2A	76	1	A	135		GLN	1
3my2A	77	1	A	136		ILE	1
3my2A	78	1	A	137		ASN	1
3my2A	79	1	A	138		LEU	1
3my2A	80	1	A	139		VAL	1
3my2A	81	1	A	140		THR	1
3my2A	82	1	A	141		GLN	1
3my2A	83	1	A	142		ASP	1
3my2A	84	1	A	143		VAL	1
3my2A	85	1	A	144		THR	1
3my2A	86	1	A	145		SER	1
3my2A	87	1	A	146		GLU	1
3my2A	88	1	A	147		ASP	1
3my2A	89	1	A	148		LEU	1
3my2A	90	1	A	149		VAL	1
3my2A	91	1	A	150		THR	1
3my2A	92	1	A	151		LEU	1
3my2A	93	1	A	152		TYR	1
3my2A	94	1	A	153		GLY	1
3my2A	95	1	A	154		THR	1
3my2A	96	1	A	155		THR	1
3my2A	97	1	A	156		PHE	1
3my2A	98	1	A	157		ASN	1
3my2A	99	1	A	158		SER	1
3my2A	100	1	A	159		SER	1
3my2A	101	1	A	160		GLY	1
3my2A	102	1	A	161		LEU	1
3my2A	103	1	A	162		LYS	1
3my2A	104	1	A	163		MSE	1
3my2A	105	1	A	164		ARG	1
3my2A	106	1	A	165		GLY	1
3my2A	107	1	A	166		ASN	1
3my2A	108	1	A	167		LEU	1
3my2A	109	1	A	168		ARG	1
3my2A	110	1	A	169		SER	1
3my2A	111	1	A	170		LYS	1
3my2A	112	1	A	171		ASN	1
3my2A	113	1	A	172		ALA	1
3my2A	114	1	A	173		GLU	1
3my2A	115	1	A	174		LEU	1
3my2A	116	1	A	175		ILE	1
3my2A	117	1	A	176		GLU	1
3my2A	118	1	A	177		LYS	1
3my2A	119	1	A	178		VAL	1
3my2A	120	1	A	179		ARG	1
3my2A	121	1	A	180		THR	1
3my2A	122	1	A	181		SER	1
3my2A	123	1	A	182		TYR	1
3my2A	124	1	A	183		GLU	1
3my2A	125	1	A	184		ILE	1
1hq0A	0	1	A	720		SER	1
1hq0A	1	1	A	721		ILE	1
1hq0A	2	1	A	722		GLU	1
1hq0A	3	1	A	723		SER	1
1hq0A	4	1	A	724		THR	1
1hq0A	5	1	A	725		SER	1
1hq0A	6	1	A	726		LYS	1
1hq0A	7	1	A	727		SER	1
1hq0A	8	1	A	728		ASN	1
1hq0A	9	1	A	729		PHE	1
1hq0A	10	1	A	730		GLN	1
1hq0A	11	1	A	731		LYS	1
1hq0A	12	1	A	732		LEU	1
1hq0A	13	1	A	733		SER	1
1hq0A	14	1	A	734		ARG	1
1hq0A	15	1	A	735		GLY	1
1hq0A	16	1	A	736		ASN	1
1hq0A	17	1	A	737		ILE	1
1hq0A	18	1	A	738		ASP	1
1hq0A	19	1	A	739		VAL	1
1hq0A	20	1	A	740		LEU	1
1hq0A	21	1	A	741		LYS	1
1hq0A	22	1	A	742		GLY	1
1hq0A	23	1	A	743		ARG	1
1hq0A	24	1	A	744		GLY	1
1hq0A	25	1	A	745		SER	1
1hq0A	26	1	A	746		ILE	1
1hq0A	27	1	A	747		SER	1
1hq0A	28	1	A	748		SER	1
1hq0A	29	1	A	749		THR	1
1hq0A	30	1	A	750		ARG	1
1hq0A	31	1	A	751		GLN	1
1hq0A	32	1	A	752		ARG	1
1hq0A	33	1	A	753		ALA	1
1hq0A	34	1	A	754		ILE	1
1hq0A	35	1	A	755		TYR	1
1hq0A	36	1	A	756		PRO	1
1hq0A	37	1	A	757		TYR	1
1hq0A	38	1	A	758		PHE	1
1hq0A	39	1	A	759		GLU	1
1hq0A	40	1	A	760		ALA	1
1hq0A	41	1	A	761		ALA	1
1hq0A	42	1	A	762		ASN	1
1hq0A	43	1	A	763		ALA	1
1hq0A	44	1	A	764		ASP	1
1hq0A	45	1	A	765		GLU	1
1hq0A	46	1	A	766		GLN	1
1hq0A	47	1	A	767		GLN	1
1hq0A	48	1	A	768		PRO	1
1hq0A	49	1	A	769		LEU	1
1hq0A	50	1	A	770		PHE	1
1hq0A	51	1	A	771		PHE	1
1hq0A	52	1	A	772		TYR	1
1hq0A	53	1	A	773		ILE	1
1hq0A	54	1	A	774		LYS	1
1hq0A	55	1	A	775		LYS	1
1hq0A	56	1	A	776		ASP	1
1hq0A	57	1	A	777		ARG	1
1hq0A	58	1	A	778		PHE	1
1hq0A	59	1	A	779		ASP	1
1hq0A	60	1	A	780		ASN	1
1hq0A	61	1	A	781		HIS	1
1hq0A	62	1	A	782		GLY	1
1hq0A	63	1	A	783		TYR	1
1hq0A	64	1	A	784		ASP	1
1hq0A	65	1	A	785		GLN	1
1hq0A	66	1	A	786		TYR	1
1hq0A	67	1	A	787		PHE	1
1hq0A	68	1	A	788		TYR	1
1hq0A	69	1	A	789		ASP	1
1hq0A	70	1	A	790		ASN	1
1hq0A	71	1	A	791		THR	1
1hq0A	72	1	A	792		VAL	1
1hq0A	73	1	A	793		GLY	1
1hq0A	74	1	A	794		PRO	1
1hq0A	75	1	A	795		ASN	1
1hq0A	76	1	A	796		GLY	1
1hq0A	77	1	A	797		ILE	1
1hq0A	78	1	A	798		PRO	1
1hq0A	79	1	A	799		THR	1
1hq0A	80	1	A	800		LEU	1
1hq0A	81	1	A	801		ASN	1
1hq0A	82	1	A	802		THR	1
1hq0A	83	1	A	803		TYR	1
1hq0A	84	1	A	804		THR	1
1hq0A	85	1	A	805		GLY	1
1hq0A	86	1	A	806		GLU	1
1hq0A	87	1	A	807		ILE	1
1hq0A	88	1	A	808		PRO	1
1hq0A	89	1	A	809		SER	1
1hq0A	90	1	A	810		ASP	1
1hq0A	91	1	A	811		SER	1
1hq0A	92	1	A	812		SER	1
1hq0A	93	1	A	813		SER	1
1hq0A	94	1	A	814		LEU	1
1hq0A	95	1	A	815		GLY	1
1hq0A	96	1	A	816		SER	1
1hq0A	97	1	A	817		THR	1
1hq0A	98	1	A	818		TYR	1
1hq0A	99	1	A	819		TRP	1
1hq0A	100	1	A	820		LYS	1
1hq0A	101	1	A	821		LYS	1
1hq0A	102	1	A	822		TYR	1
1hq0A	103	1	A	823		ASN	1
1hq0A	104	1	A	824		LEU	1
1hq0A	105	1	A	825		THR	1
1hq0A	106	1	A	826		ASN	1
1hq0A	107	1	A	827		GLU	1
1hq0A	108	1	A	828		THR	1
1hq0A	109	1	A	829		SER	1
1hq0A	110	1	A	830		ILE	1
1hq0A	111	1	A	831		ILE	1
1hq0A	112	1	A	832		ARG	1
1hq0A	113	1	A	833		VAL	1
1hq0A	114	1	A	834		SER	1
1hq0A	115	1	A	835		ASN	1
1hq0A	116	1	A	836		SER	1
1hq0A	117	1	A	837		ALA	1
1hq0A	118	1	A	838		ARG	1
1hq0A	119	1	A	839		GLY	1
1hq0A	120	1	A	840		ALA	1
1hq0A	121	1	A	841		ASN	1
1hq0A	122	1	A	842		GLY	1
1hq0A	123	1	A	843		ILE	1
1hq0A	124	1	A	844		LYS	1
1hq0A	125	1	A	845		ILE	1
1hq0A	126	1	A	846		ALA	1
1hq0A	127	1	A	847		LEU	1
1hq0A	128	1	A	848		GLU	1
1hq0A	129	1	A	849		GLU	1
1hq0A	130	1	A	850		VAL	1
1hq0A	131	1	A	851		GLN	1
1hq0A	132	1	A	852		GLU	1
1hq0A	133	1	A	853		GLY	1
1hq0A	134	1	A	854		LYS	1
1hq0A	135	1	A	855		PRO	1
1hq0A	136	1	A	856		VAL	1
1hq0A	137	1	A	857		ILE	1
1hq0A	138	1	A	858		ILE	1
1hq0A	139	1	A	859		THR	1
1hq0A	140	1	A	860		SER	1
1hq0A	141	1	A	861		GLY	1
1hq0A	142	1	A	862		ASN	1
1hq0A	143	1	A	863		LEU	1
1hq0A	144	1	A	864		SER	1
1hq0A	145	1	A	865		GLY	1
1hq0A	146	1	A	866		CYS	1
1hq0A	147	1	A	867		THR	1
1hq0A	148	1	A	868		THR	1
1hq0A	149	1	A	869		ILE	1
1hq0A	150	1	A	870		VAL	1
1hq0A	151	1	A	871		ALA	1
1hq0A	152	1	A	872		ARG	1
1hq0A	153	1	A	873		LYS	1
1hq0A	154	1	A	874		GLU	1
1hq0A	155	1	A	875		GLY	1
1hq0A	156	1	A	876		TYR	1
1hq0A	157	1	A	877		ILE	1
1hq0A	158	1	A	878		TYR	1
1hq0A	159	1	A	879		LYS	1
1hq0A	160	1	A	880		VAL	1
1hq0A	161	1	A	881		HIS	1
1hq0A	162	1	A	882		THR	1
1hq0A	163	1	A	883		GLY	1
1hq0A	164	1	A	884		THR	1
1hq0A	165	1	A	885		THR	1
1hq0A	166	1	A	886		LYS	1
1hq0A	167	1	A	887		SER	1
1hq0A	168	1	A	888		LEU	1
1hq0A	169	1	A	889		ALA	1
1hq0A	170	1	A	890		GLY	1
1hq0A	171	1	A	891		PHE	1
1hq0A	172	1	A	892		THR	1
1hq0A	173	1	A	893		SER	1
1hq0A	174	1	A	894		THR	1
1hq0A	175	1	A	895		THR	1
1hq0A	176	1	A	896		GLY	1
1hq0A	177	1	A	897		VAL	1
1hq0A	178	1	A	898		LYS	1
1hq0A	179	1	A	899		LYS	1
1hq0A	180	1	A	900		ALA	1
1hq0A	181	1	A	901		VAL	1
1hq0A	182	1	A	902		GLU	1
1hq0A	183	1	A	903		VAL	1
1hq0A	184	1	A	904		LEU	1
1hq0A	185	1	A	905		GLU	1
1hq0A	186	1	A	906		LEU	1
1hq0A	187	1	A	907		LEU	1
1hq0A	188	1	A	908		THR	1
1hq0A	189	1	A	909		LYS	1
1hq0A	190	1	A	910		GLU	1
1hq0A	191	1	A	911		PRO	1
1hq0A	192	1	A	912		ILE	1
1hq0A	193	1	A	913		PRO	1
1hq0A	194	1	A	914		ARG	1
1hq0A	195	1	A	915		VAL	1
1hq0A	196	1	A	916		GLU	1
1hq0A	197	1	A	917		GLY	1
1hq0A	198	1	A	918		ILE	1
1hq0A	199	1	A	919		MET	1
1hq0A	200	1	A	920		SER	1
1hq0A	201	1	A	921		ASN	1
1hq0A	202	1	A	922		ASP	1
1hq0A	203	1	A	923		PHE	1
1hq0A	204	1	A	924		LEU	1
1hq0A	205	1	A	925		VAL	1
1hq0A	206	1	A	926		ASP	1
1hq0A	207	1	A	927		TYR	1
1hq0A	208	1	A	928		LEU	1
1hq0A	209	1	A	929		SER	1
1hq0A	210	1	A	930		GLU	1
1hq0A	211	1	A	931		ASN	1
1hq0A	212	1	A	932		PHE	1
1hq0A	213	1	A	933		GLU	1
1hq0A	214	1	A	934		ASP	1
1hq0A	215	1	A	935		SER	1
1hq0A	216	1	A	936		LEU	1
1hq0A	217	1	A	937		ILE	1
1hq0A	218	1	A	938		THR	1
1hq0A	219	1	A	939		TYR	1
1hq0A	220	1	A	940		SER	1
1hq0A	221	1	A	941		SER	1
1hq0A	222	1	A	942		SER	1
1hq0A	223	1	A	943		GLU	1
1hq0A	224	1	A	944		LYS	1
1hq0A	225	1	A	945		LYS	1
1hq0A	226	1	A	946		PRO	1
1hq0A	227	1	A	947		ASP	1
1hq0A	228	1	A	948		SER	1
1hq0A	229	1	A	949		GLN	1
1hq0A	230	1	A	950		ILE	1
1hq0A	231	1	A	951		THR	1
1hq0A	232	1	A	952		ILE	1
1hq0A	233	1	A	953		ILE	1
1hq0A	234	1	A	954		ARG	1
1hq0A	235	1	A	955		ASP	1
1hq0A	236	1	A	956		ASN	1
1hq0A	237	1	A	957		VAL	1
1hq0A	238	1	A	958		SER	1
1hq0A	239	1	A	959		VAL	1
1hq0A	240	1	A	960		PHE	1
1hq0A	241	1	A	961		PRO	1
1hq0A	242	1	A	962		TYR	1
1hq0A	243	1	A	963		PHE	1
1hq0A	244	1	A	964		LEU	1
1hq0A	245	1	A	965		ASP	1
1hq0A	246	1	A	966		ASN	1
1hq0A	247	1	A	967		ILE	1
1hq0A	248	1	A	968		PRO	1
1hq0A	249	1	A	969		GLU	1
1hq0A	250	1	A	970		HIS	1
1hq0A	251	1	A	971		GLY	1
1hq0A	252	1	A	972		PHE	1
1hq0A	253	1	A	973		GLY	1
1hq0A	254	1	A	974		THR	1
1hq0A	255	1	A	975		SER	1
1hq0A	256	1	A	976		ALA	1
1hq0A	257	1	A	977		THR	1
1hq0A	258	1	A	978		VAL	1
1hq0A	259	1	A	979		LEU	1
1hq0A	260	1	A	980		VAL	1
1hq0A	261	1	A	981		ARG	1
1hq0A	262	1	A	982		VAL	1
1hq0A	263	1	A	983		ASP	1
1hq0A	264	1	A	984		GLY	1
1hq0A	265	1	A	985		ASN	1
1hq0A	266	1	A	986		VAL	1
1hq0A	267	1	A	987		VAL	1
1hq0A	268	1	A	988		VAL	1
1hq0A	269	1	A	989		ARG	1
1hq0A	270	1	A	990		SER	1
1hq0A	271	1	A	991		LEU	1
1hq0A	272	1	A	992		SER	1
1hq0A	273	1	A	993		GLU	1
1hq0A	274	1	A	994		SER	1
1hq0A	275	1	A	995		TYR	1
1hq0A	276	1	A	996		SER	1
1hq0A	277	1	A	997		LEU	1
1hq0A	278	1	A	998		ASN	1
1hq0A	279	1	A	999		ALA	1
1hq0A	280	1	A	1000		ASP	1
1hq0A	281	1	A	1001		ALA	1
1hq0A	282	1	A	1002		SER	1
1hq0A	283	1	A	1003		GLU	1
1hq0A	284	1	A	1004		ILE	1
1hq0A	285	1	A	1005		SER	1
1hq0A	286	1	A	1006		VAL	1
1hq0A	287	1	A	1007		LEU	1
1hq0A	288	1	A	1008		LYS	1
1hq0A	289	1	A	1009		VAL	1
1hq0A	290	1	A	1010		PHE	1
1hq0A	291	1	A	1011		SER	1
1hq0A	292	1	A	1012		LYS	1
1hq0A	293	1	A	1013		LYS	1
1hq0A	294	1	A	1014		PHE	1
4az3A	0	1	A	0		ARG	1
4az3A	1	1	A	1		ALA	1
4az3A	2	1	A	2		PRO	1
4az3A	3	1	A	3		ASP	1
4az3A	4	1	A	4		GLN	1
4az3A	5	1	A	5		ASP	1
4az3A	6	1	A	6		GLU	1
4az3A	7	1	A	7		ILE	1
4az3A	8	1	A	8		GLN	1
4az3A	9	1	A	9		ARG	1
4az3A	10	1	A	10		LEU	1
4az3A	11	1	A	11		PRO	1
4az3A	12	1	A	12		GLY	1
4az3A	13	1	A	13		LEU	1
4az3A	14	1	A	14		ALA	1
4az3A	15	1	A	15		LYS	1
4az3A	16	1	A	16		GLN	1
4az3A	17	1	A	17		PRO	1
4az3A	18	1	A	18		SER	1
4az3A	19	1	A	19		PHE	1
4az3A	20	1	A	20		ARG	1
4az3A	21	1	A	21		GLN	1
4az3A	22	1	A	22		TYR	1
4az3A	23	1	A	23		SER	1
4az3A	24	1	A	24		GLY	1
4az3A	25	1	A	25		TYR	1
4az3A	26	1	A	26		LEU	1
4az3A	27	1	A	27		LYS	1
4az3A	28	1	A	28		GLY	1
4az3A	29	1	A	29		SER	1
4az3A	30	1	A	30		GLY	1
4az3A	31	1	A	31		SER	1
4az3A	32	1	A	32		LYS	1
4az3A	33	1	A	33		HIS	1
4az3A	34	1	A	34		LEU	1
4az3A	35	1	A	35		HIS	1
4az3A	36	1	A	36		TYR	1
4az3A	37	1	A	37		TRP	1
4az3A	38	1	A	38		PHE	1
4az3A	39	1	A	39		VAL	1
4az3A	40	1	A	40		GLU	1
4az3A	41	1	A	41		SER	1
4az3A	42	1	A	42		GLN	1
4az3A	43	1	A	43		LYS	1
4az3A	44	1	A	44		ASP	1
4az3A	45	1	A	45		PRO	1
4az3A	46	1	A	46		GLU	1
4az3A	47	1	A	47		ASN	1
4az3A	48	1	A	48		SER	1
4az3A	49	1	A	49		PRO	1
4az3A	50	1	A	50		VAL	1
4az3A	51	1	A	51		VAL	1
4az3A	52	1	A	52		LEU	1
4az3A	53	1	A	53		TRP	1
4az3A	54	1	A	54		LEU	1
4az3A	55	1	A	55		ASN	1
4az3A	56	1	A	56		GLY	1
4az3A	57	1	A	57		GLY	1
4az3A	58	1	A	58		PRO	1
4az3A	59	1	A	59		GLY	1
4az3A	60	1	A	60		CYS	1
4az3A	61	1	A	61		SER	1
4az3A	62	1	A	62		SER	1
4az3A	63	1	A	63		LEU	1
4az3A	64	1	A	64		ASP	1
4az3A	65	1	A	65		GLY	1
4az3A	66	1	A	66		LEU	1
4az3A	67	1	A	67		LEU	1
4az3A	68	1	A	68		THR	1
4az3A	69	1	A	69		GLU	1
4az3A	70	1	A	70		HIS	1
4az3A	71	1	A	71		GLY	1
4az3A	72	1	A	72		PRO	1
4az3A	73	1	A	73		PHE	1
4az3A	74	1	A	74		LEU	1
4az3A	75	1	A	75		VAL	1
4az3A	76	1	A	76		GLN	1
4az3A	77	1	A	77		PRO	1
4az3A	78	1	A	78		ASP	1
4az3A	79	1	A	79		GLY	1
4az3A	80	1	A	80		VAL	1
4az3A	81	1	A	81		THR	1
4az3A	82	1	A	82		LEU	1
4az3A	83	1	A	83		GLU	1
4az3A	84	1	A	84		TYR	1
4az3A	85	1	A	85		ASN	1
4az3A	86	1	A	86		PRO	1
4az3A	87	1	A	87		TYR	1
4az3A	88	1	A	88		SER	1
4az3A	89	1	A	89		TRP	1
4az3A	90	1	A	90		ASN	1
4az3A	91	1	A	91		LEU	1
4az3A	92	1	A	92		ILE	1
4az3A	93	1	A	93		ALA	1
4az3A	94	1	A	94		ASN	1
4az3A	95	1	A	95		VAL	1
4az3A	96	1	A	96		LEU	1
4az3A	97	1	A	97		TYR	1
4az3A	98	1	A	98		LEU	1
4az3A	99	1	A	99		GLU	1
4az3A	100	1	A	100		SER	1
4az3A	101	1	A	101		PRO	1
4az3A	102	1	A	102		ALA	1
4az3A	103	1	A	103		GLY	1
4az3A	104	1	A	104		VAL	1
4az3A	105	1	A	105		GLY	1
4az3A	106	1	A	106		PHE	1
4az3A	107	1	A	107		SER	1
4az3A	108	1	A	108		TYR	1
4az3A	109	1	A	109		SER	1
4az3A	110	1	A	110		ASP	1
4az3A	111	1	A	111		ASP	1
4az3A	112	1	A	112		LYS	1
4az3A	113	1	A	113		PHE	1
4az3A	114	1	A	114		TYR	1
4az3A	115	1	A	115		ALA	1
4az3A	116	1	A	116		THR	1
4az3A	117	1	A	117		ASN	1
4az3A	118	1	A	118		ASP	1
4az3A	119	1	A	119		THR	1
4az3A	120	1	A	120		GLU	1
4az3A	121	1	A	121		VAL	1
4az3A	122	1	A	122		ALA	1
4az3A	123	1	A	123		GLN	1
4az3A	124	1	A	124		SER	1
4az3A	125	1	A	125		ASN	1
4az3A	126	1	A	126		PHE	1
4az3A	127	1	A	127		GLU	1
4az3A	128	1	A	128		ALA	1
4az3A	129	1	A	129		LEU	1
4az3A	130	1	A	130		GLN	1
4az3A	131	1	A	131		ASP	1
4az3A	132	1	A	132		PHE	1
4az3A	133	1	A	133		PHE	1
4az3A	134	1	A	134		ARG	1
4az3A	135	1	A	135		LEU	1
4az3A	136	1	A	136		PHE	1
4az3A	137	1	A	137		PRO	1
4az3A	138	1	A	138		GLU	1
4az3A	139	1	A	139		TYR	1
4az3A	140	1	A	140		LYS	1
4az3A	141	1	A	141		ASN	1
4az3A	142	1	A	142		ASN	1
4az3A	143	1	A	143		LYS	1
4az3A	144	1	A	144		LEU	1
4az3A	145	1	A	145		PHE	1
4az3A	146	1	A	146		LEU	1
4az3A	147	1	A	147		THR	1
4az3A	148	1	A	148		GLY	1
4az3A	149	1	A	149		GLU	1
4az3A	150	1	A	150		SER	1
4az3A	151	1	A	151		TYR	1
4az3A	152	1	A	152		ALA	1
4az3A	153	1	A	153		GLY	1
4az3A	154	1	A	154		ILE	1
4az3A	155	1	A	155		TYR	1
4az3A	156	1	A	156		ILE	1
4az3A	157	1	A	157		PRO	1
4az3A	158	1	A	158		THR	1
4az3A	159	1	A	159		LEU	1
4az3A	160	1	A	160		ALA	1
4az3A	161	1	A	161		VAL	1
4az3A	162	1	A	162		LEU	1
4az3A	163	1	A	163		VAL	1
4az3A	164	1	A	164		MET	1
4az3A	165	1	A	165		GLN	1
4az3A	166	1	A	166		ASP	1
4az3A	167	1	A	167		PRO	1
4az3A	168	1	A	168		SER	1
4az3A	169	1	A	169		MET	1
4az3A	170	1	A	170		ASN	1
4az3A	171	1	A	171		LEU	1
4az3A	172	1	A	172		GLN	1
4az3A	173	1	A	173		GLY	1
4az3A	174	1	A	174		LEU	1
4az3A	175	1	A	175		ALA	1
4az3A	176	1	A	176		VAL	1
4az3A	177	1	A	177		GLY	1
4az3A	178	1	A	178		ASN	1
4az3A	179	1	A	179		GLY	1
4az3A	180	1	A	180		LEU	1
4az3A	181	1	A	181		SER	1
4az3A	182	1	A	182		SER	2
4az3A	183	1	A	183		TYR	2
4az3A	184	1	A	184		GLU	2
4az3A	185	1	A	185		GLN	2
4az3A	186	1	A	186		ASN	2
4az3A	187	1	A	187		ASP	2
4az3A	188	1	A	188		ASN	2
4az3A	189	1	A	189		SER	2
4az3A	190	1	A	190		LEU	2
4az3A	191	1	A	191		VAL	2
4az3A	192	1	A	192		TYR	2
4az3A	193	1	A	193		PHE	2
4az3A	194	1	A	194		ALA	2
4az3A	195	1	A	195		TYR	2
4az3A	196	1	A	196		TYR	2
4az3A	197	1	A	197		HIS	2
4az3A	198	1	A	198		GLY	2
4az3A	199	1	A	199		LEU	2
4az3A	200	1	A	200		LEU	2
4az3A	201	1	A	201		GLY	2
4az3A	202	1	A	202		ASN	2
4az3A	203	1	A	203		ARG	2
4az3A	204	1	A	204		LEU	2
4az3A	205	1	A	205		TRP	2
4az3A	206	1	A	206		SER	2
4az3A	207	1	A	207		SER	2
4az3A	208	1	A	208		LEU	2
4az3A	209	1	A	209		GLN	2
4az3A	210	1	A	210		THR	2
4az3A	211	1	A	211		HIS	2
4az3A	212	1	A	212		CYS	2
4az3A	213	1	A	213		CYS	2
4az3A	214	1	A	214		SER	2
4az3A	215	1	A	215		GLN	2
4az3A	216	1	A	216		ASN	2
4az3A	217	1	A	217		LYS	2
4az3A	218	1	A	218		CYS	2
4az3A	219	1	A	219		ASN	2
4az3A	220	1	A	220		PHE	2
4az3A	221	1	A	221		TYR	2
4az3A	222	1	A	222		ASP	2
4az3A	223	1	A	223		ASN	2
4az3A	224	1	A	224		LYS	2
4az3A	225	1	A	225		ASP	2
4az3A	226	1	A	226		LEU	2
4az3A	227	1	A	227		GLU	2
4az3A	228	1	A	228		CYS	2
4az3A	229	1	A	229		VAL	2
4az3A	230	1	A	230		THR	2
4az3A	231	1	A	231		ASN	2
4az3A	232	1	A	232		LEU	2
4az3A	233	1	A	233		GLN	2
4az3A	234	1	A	234		GLU	2
4az3A	235	1	A	235		VAL	2
4az3A	236	1	A	236		ALA	2
4az3A	237	1	A	237		ARG	2
4az3A	238	1	A	238		ILE	2
4az3A	239	1	A	239		VAL	2
4az3A	240	1	A	240		GLY	0
4az3A	241	1	A	241		ASN	0
4az3A	242	1	A	242		SER	0
4az3A	243	1	A	243		GLY	0
4az3A	244	1	A	244		LEU	0
4az3A	245	1	A	245		ASN	0
4az3A	246	1	A	246		ILE	0
4az3A	247	1	A	247		TYR	0
4az3A	248	1	A	248		ASN	0
4az3A	249	1	A	249		LEU	0
4az3A	250	1	A	250		TYR	0
4az3A	251	1	A	251		ALA	0
4az3A	252	1	A	252		PRO	0
4az3A	253	1	A	253		CYS	0
4az3A	254	1	A	254		ALA	0
4az3A	255	1	A	255		GLY	0
4az3A	256	1	A	256		GLY	0
4az3A	257	1	A	257		VAL	0
4az3A	258	1	A	258		PRO	0
5xjvB	0	1	B	15		ALA	1
5xjvB	1	1	B	16		THR	1
5xjvB	2	1	B	17		PRO	1
5xjvB	3	1	B	18		ALA	1
5xjvB	4	1	B	19		PRO	1
5xjvB	5	1	B	20		SER	1
5xjvB	6	1	B	21		ILE	1
5xjvB	7	1	B	22		LEU	1
5xjvB	8	1	B	23		GLU	1
5xjvB	9	1	B	24		LEU	1
5xjvB	10	1	B	25		GLU	1
5xjvB	11	1	B	26		GLU	1
5xjvB	12	1	B	27		LEU	1
5xjvB	13	1	B	28		LEU	1
5xjvB	14	1	B	29		ARG	1
5xjvB	15	1	B	30		ALA	1
5xjvB	16	1	B	31		GLY	1
5xjvB	17	1	B	32		LYS	1
5xjvB	18	1	B	33		SER	1
5xjvB	19	1	B	34		SER	1
5xjvB	20	1	B	35		ALA	1
5xjvB	21	1	B	36		SER	1
5xjvB	22	1	B	37		ARG	1
5xjvB	23	1	B	38		VAL	1
5xjvB	24	1	B	39		ASP	1
5xjvB	25	1	B	40		GLU	1
5xjvB	26	1	B	41		VAL	1
5xjvB	27	1	B	42		TRP	1
5xjvB	28	1	B	43		PRO	1
5xjvB	29	1	B	44		ASN	1
5xjvB	30	1	B	45		LEU	1
5xjvB	31	1	B	46		PHE	1
5xjvB	32	1	B	47		ILE	1
5xjvB	33	1	B	48		GLY	1
5xjvB	34	1	B	49		ASP	1
5xjvB	35	1	B	50		ALA	1
5xjvB	36	1	B	51		ALA	1
5xjvB	37	1	B	52		THR	1
5xjvB	38	1	B	53		ALA	1
5xjvB	39	1	B	54		ASN	1
5xjvB	40	1	B	55		ASN	1
5xjvB	41	1	B	56		ARG	1
5xjvB	42	1	B	57		PHE	1
5xjvB	43	1	B	58		GLU	1
5xjvB	44	1	B	59		LEU	1
5xjvB	45	1	B	60		TRP	1
5xjvB	46	1	B	61		LYS	1
5xjvB	47	1	B	62		LEU	1
5xjvB	48	1	B	63		GLY	1
5xjvB	49	1	B	64		ILE	1
5xjvB	50	1	B	65		THR	1
5xjvB	51	1	B	66		HIS	1
5xjvB	52	1	B	67		VAL	1
5xjvB	53	1	B	68		LEU	1
5xjvB	54	1	B	69		ASN	1
5xjvB	55	1	B	70		ALA	1
5xjvB	56	1	B	71		ALA	1
5xjvB	57	1	B	72		HIS	1
5xjvB	58	1	B	73		LYS	1
5xjvB	59	1	B	74		GLY	1
5xjvB	60	1	B	75		LEU	1
5xjvB	61	1	B	76		TYR	1
5xjvB	62	1	B	77		ALA	1
5xjvB	63	1	B	78		GLN	1
5xjvB	64	1	B	79		GLY	1
5xjvB	65	1	B	80		GLY	1
5xjvB	66	1	B	81		PRO	1
5xjvB	67	1	B	82		ASP	1
5xjvB	68	1	B	83		PHE	1
5xjvB	69	1	B	84		TYR	1
5xjvB	70	1	B	85		GLY	1
5xjvB	71	1	B	86		SER	1
5xjvB	72	1	B	87		SER	1
5xjvB	73	1	B	88		VAL	1
5xjvB	74	1	B	89		SER	1
5xjvB	75	1	B	90		TYR	1
5xjvB	76	1	B	91		LEU	1
5xjvB	77	1	B	92		GLY	1
5xjvB	78	1	B	93		VAL	1
5xjvB	79	1	B	94		PRO	1
5xjvB	80	1	B	95		ALA	1
5xjvB	81	1	B	96		HIS	1
5xjvB	82	1	B	97		ASP	1
5xjvB	83	1	B	98		LEU	1
5xjvB	84	1	B	99		PRO	1
5xjvB	85	1	B	100		ASP	1
5xjvB	86	1	B	101		PHE	1
5xjvB	87	1	B	102		ASP	1
5xjvB	88	1	B	103		ILE	1
5xjvB	89	1	B	104		SER	1
5xjvB	90	1	B	105		ALA	1
5xjvB	91	1	B	106		TYR	1
5xjvB	92	1	B	107		PHE	1
5xjvB	93	1	B	108		SER	1
5xjvB	94	1	B	109		SER	1
5xjvB	95	1	B	110		ALA	1
5xjvB	96	1	B	111		ALA	1
5xjvB	97	1	B	112		ASP	1
5xjvB	98	1	B	113		PHE	1
5xjvB	99	1	B	114		ILE	1
5xjvB	100	1	B	115		HIS	1
5xjvB	101	1	B	116		ARG	1
5xjvB	102	1	B	117		ALA	1
5xjvB	103	1	B	118		LEU	1
5xjvB	104	1	B	119		ASN	1
5xjvB	105	1	B	120		THR	1
5xjvB	106	1	B	121		PRO	1
5xjvB	107	1	B	122		GLY	1
5xjvB	108	1	B	123		ALA	1
5xjvB	109	1	B	124		LYS	1
5xjvB	110	1	B	125		VAL	1
5xjvB	111	1	B	126		LEU	1
5xjvB	112	1	B	127		VAL	1
5xjvB	113	1	B	128		HIS	1
5xjvB	114	1	B	129		SER	1
5xjvB	115	1	B	130		VAL	1
5xjvB	116	1	B	131		VAL	1
5xjvB	117	1	B	132		GLY	1
5xjvB	118	1	B	133		VAL	1
5xjvB	119	1	B	134		SER	1
5xjvB	120	1	B	135		ARG	1
5xjvB	121	1	B	136		SER	1
5xjvB	122	1	B	137		ALA	1
5xjvB	123	1	B	138		THR	1
5xjvB	124	1	B	139		LEU	1
5xjvB	125	1	B	140		VAL	1
5xjvB	126	1	B	141		LEU	1
5xjvB	127	1	B	142		ALA	1
5xjvB	128	1	B	143		TYR	1
5xjvB	129	1	B	144		LEU	1
5xjvB	130	1	B	145		MET	1
5xjvB	131	1	B	146		LEU	1
5xjvB	132	1	B	147		HIS	1
5xjvB	133	1	B	148		GLN	1
5xjvB	134	1	B	149		ARG	1
5xjvB	135	1	B	150		LEU	1
5xjvB	136	1	B	151		SER	1
5xjvB	137	1	B	152		LEU	1
5xjvB	138	1	B	153		ARG	1
5xjvB	139	1	B	154		GLN	1
5xjvB	140	1	B	155		ALA	1
5xjvB	141	1	B	156		VAL	1
5xjvB	142	1	B	157		ILE	1
5xjvB	143	1	B	158		THR	1
5xjvB	144	1	B	159		VAL	1
5xjvB	145	1	B	160		ARG	1
5xjvB	146	1	B	161		GLN	1
5xjvB	147	1	B	162		HIS	1
5xjvB	148	1	B	163		ARG	1
5xjvB	149	1	B	164		TRP	1
5xjvB	150	1	B	165		VAL	1
5xjvB	151	1	B	166		PHE	1
5xjvB	152	1	B	167		PRO	1
5xjvB	153	1	B	168		ASN	1
5xjvB	154	1	B	169		ARG	1
5xjvB	155	1	B	170		GLY	1
5xjvB	156	1	B	171		PHE	1
5xjvB	157	1	B	172		LEU	1
5xjvB	158	1	B	173		HIS	1
5xjvB	159	1	B	174		GLN	1
5xjvB	160	1	B	175		LEU	1
5xjvB	161	1	B	176		ALA	1
5xjvB	162	1	B	177		ARG	1
5xjvB	163	1	B	178		LEU	1
5xjvB	164	1	B	179		ASP	1
5xjvB	165	1	B	180		GLN	1
5xjvB	166	1	B	181		GLN	1
5xjvB	167	1	B	182		LEU	1
5xjvB	168	1	B	183		ARG	1
5xjvB	169	1	B	184		GLY	1
5xjvB	170	1	B	185		ALA	1
4cqmG	0	1	G	5		CYS	1
4cqmG	1	1	G	6		ALA	1
4cqmG	2	1	G	7		VAL	1
4cqmG	3	1	G	8		PHE	1
4cqmG	4	1	G	9		GLY	1
4cqmG	5	1	G	10		GLY	1
4cqmG	6	1	G	11		SER	1
4cqmG	7	1	G	12		ARG	1
4cqmG	8	1	G	13		GLY	1
4cqmG	9	1	G	14		ILE	1
4cqmG	10	1	G	15		GLY	1
4cqmG	11	1	G	16		ARG	1
4cqmG	12	1	G	17		ALA	1
4cqmG	13	1	G	18		VAL	1
4cqmG	14	1	G	19		ALA	1
4cqmG	15	1	G	20		GLN	1
4cqmG	16	1	G	21		LEU	1
4cqmG	17	1	G	22		MET	1
4cqmG	18	1	G	23		ALA	1
4cqmG	19	1	G	24		ARG	1
4cqmG	20	1	G	25		LYS	1
4cqmG	21	1	G	26		GLY	1
4cqmG	22	1	G	27		TYR	1
4cqmG	23	1	G	28		ARG	1
4cqmG	24	1	G	29		LEU	1
4cqmG	25	1	G	30		ALA	1
4cqmG	26	1	G	31		VAL	1
4cqmG	27	1	G	32		ILE	1
4cqmG	28	1	G	33		ALA	1
4cqmG	29	1	G	34		ARG	1
4cqmG	30	1	G	35		ASN	1
4cqmG	31	1	G	36		LEU	1
4cqmG	32	1	G	37		GLU	1
4cqmG	33	1	G	38		GLY	1
4cqmG	34	1	G	39		ALA	1
4cqmG	35	1	G	40		LYS	1
4cqmG	36	1	G	41		ALA	1
4cqmG	37	1	G	42		ALA	1
4cqmG	38	1	G	43		ALA	1
4cqmG	39	1	G	44		GLY	1
4cqmG	40	1	G	45		ASP	1
4cqmG	41	1	G	49		ASP	1
4cqmG	42	1	G	50		HIS	1
4cqmG	43	1	G	51		LEU	1
4cqmG	44	1	G	52		ALA	1
4cqmG	45	1	G	53		PHE	1
4cqmG	46	1	G	54		SER	1
4cqmG	47	1	G	55		CYS	1
4cqmG	48	1	G	56		ASP	1
4cqmG	49	1	G	57		VAL	1
4cqmG	50	1	G	58		ALA	1
4cqmG	51	1	G	59		LYS	1
4cqmG	52	1	G	60		GLU	1
4cqmG	53	1	G	61		HIS	1
4cqmG	54	1	G	62		ASP	1
4cqmG	55	1	G	63		VAL	1
4cqmG	56	1	G	64		GLN	1
4cqmG	57	1	G	65		ASN	1
4cqmG	58	1	G	66		THR	1
4cqmG	59	1	G	67		PHE	1
4cqmG	60	1	G	68		GLU	1
4cqmG	61	1	G	69		GLU	1
4cqmG	62	1	G	70		LEU	1
4cqmG	63	1	G	71		GLU	1
4cqmG	64	1	G	72		LYS	1
4cqmG	65	1	G	73		HIS	1
4cqmG	66	1	G	74		LEU	1
4cqmG	67	1	G	75		GLY	1
4cqmG	68	1	G	76		ARG	1
4cqmG	69	1	G	77		VAL	1
4cqmG	70	1	G	78		ASN	1
4cqmG	71	1	G	79		PHE	1
4cqmG	72	1	G	80		LEU	1
4cqmG	73	1	G	81		VAL	1
4cqmG	74	1	G	82		ASN	1
4cqmG	75	1	G	83		ALA	1
4cqmG	76	1	G	84		ALA	1
4cqmG	77	1	G	85		GLY	1
4cqmG	78	1	G	86		ILE	1
4cqmG	79	1	G	87		ASN	1
4cqmG	80	1	G	88		ARG	1
4cqmG	81	1	G	89		ASP	1
4cqmG	82	1	G	90		GLY	1
4cqmG	83	1	G	91		LEU	1
4cqmG	84	1	G	92		LEU	1
4cqmG	85	1	G	93		VAL	1
4cqmG	86	1	G	94		ARG	1
4cqmG	87	1	G	95		THR	1
4cqmG	88	1	G	96		LYS	1
4cqmG	89	1	G	97		THR	1
4cqmG	90	1	G	98		GLU	1
4cqmG	91	1	G	99		ASP	1
4cqmG	92	1	G	100		MET	1
4cqmG	93	1	G	101		VAL	1
4cqmG	94	1	G	102		SER	1
4cqmG	95	1	G	103		GLN	1
4cqmG	96	1	G	104		LEU	1
4cqmG	97	1	G	105		HIS	1
4cqmG	98	1	G	106		THR	1
4cqmG	99	1	G	107		ASN	1
4cqmG	100	1	G	108		LEU	1
4cqmG	101	1	G	109		LEU	1
4cqmG	102	1	G	110		GLY	1
4cqmG	103	1	G	111		SER	1
4cqmG	104	1	G	112		MET	1
4cqmG	105	1	G	113		LEU	1
4cqmG	106	1	G	114		THR	1
4cqmG	107	1	G	115		CYS	1
4cqmG	108	1	G	116		LYS	1
4cqmG	109	1	G	117		ALA	1
4cqmG	110	1	G	118		ALA	1
4cqmG	111	1	G	119		MET	1
4cqmG	112	1	G	120		ARG	1
4cqmG	113	1	G	121		THR	1
4cqmG	114	1	G	122		MET	1
4cqmG	115	1	G	123		ILE	1
4cqmG	116	1	G	124		GLN	1
4cqmG	117	1	G	125		GLN	1
4cqmG	118	1	G	126		GLN	1
4cqmG	119	1	G	127		GLY	1
4cqmG	120	1	G	128		GLY	1
4cqmG	121	1	G	129		SER	1
4cqmG	122	1	G	130		ILE	1
4cqmG	123	1	G	131		VAL	1
4cqmG	124	1	G	132		ASN	1
4cqmG	125	1	G	133		VAL	1
4cqmG	126	1	G	134		GLY	1
4cqmG	127	1	G	135		SER	1
4cqmG	128	1	G	136		ILE	1
4cqmG	129	1	G	137		VAL	1
4cqmG	130	1	G	138		GLY	1
4cqmG	131	1	G	139		LEU	1
4cqmG	132	1	G	140		LYS	1
4cqmG	133	1	G	141		GLY	1
4cqmG	134	1	G	142		ASN	1
4cqmG	135	1	G	143		SER	1
4cqmG	136	1	G	144		GLY	1
4cqmG	137	1	G	145		GLN	1
4cqmG	138	1	G	146		SER	1
4cqmG	139	1	G	147		VAL	1
4cqmG	140	1	G	148		TYR	1
4cqmG	141	1	G	149		SER	1
4cqmG	142	1	G	150		ALA	1
4cqmG	143	1	G	151		SER	1
4cqmG	144	1	G	152		LYS	1
4cqmG	145	1	G	153		GLY	1
4cqmG	146	1	G	154		GLY	1
4cqmG	147	1	G	155		LEU	1
4cqmG	148	1	G	156		VAL	1
4cqmG	149	1	G	157		GLY	1
4cqmG	150	1	G	158		PHE	1
4cqmG	151	1	G	159		SER	1
4cqmG	152	1	G	160		ARG	1
4cqmG	153	1	G	161		ALA	1
4cqmG	154	1	G	162		LEU	1
4cqmG	155	1	G	163		ALA	1
4cqmG	156	1	G	164		LYS	1
4cqmG	157	1	G	165		GLU	1
4cqmG	158	1	G	166		VAL	1
4cqmG	159	1	G	167		ALA	1
4cqmG	160	1	G	168		ARG	1
4cqmG	161	1	G	169		LYS	1
4cqmG	162	1	G	170		LYS	1
4cqmG	163	1	G	171		ILE	1
4cqmG	164	1	G	172		ARG	1
4cqmG	165	1	G	173		VAL	1
4cqmG	166	1	G	174		ASN	1
4cqmG	167	1	G	175		VAL	1
4cqmG	168	1	G	176		VAL	1
4cqmG	169	1	G	177		ALA	1
4cqmG	170	1	G	178		PRO	1
4cqmG	171	1	G	179		GLY	1
4cqmG	172	1	G	180		PHE	1
4cqmG	173	1	G	181		VAL	1
4cqmG	174	1	G	182		HIS	1
4cqmG	175	1	G	183		THR	1
4cqmG	176	1	G	190		LYS	1
4cqmG	177	1	G	191		GLU	1
4cqmG	178	1	G	192		GLU	1
4cqmG	179	1	G	193		HIS	1
4cqmG	180	1	G	194		LEU	1
4cqmG	181	1	G	195		LYS	1
4cqmG	182	1	G	196		LYS	1
4cqmG	183	1	G	197		ASN	1
4cqmG	184	1	G	198		ILE	1
4cqmG	185	1	G	199		PRO	1
4cqmG	186	1	G	200		LEU	1
4cqmG	187	1	G	201		GLY	1
4cqmG	188	1	G	202		ARG	1
4cqmG	189	1	G	203		PHE	1
4cqmG	190	1	G	204		GLY	1
4cqmG	191	1	G	205		GLU	1
4cqmG	192	1	G	206		THR	1
4cqmG	193	1	G	207		ILE	1
4cqmG	194	1	G	208		GLU	1
4cqmG	195	1	G	209		VAL	1
4cqmG	196	1	G	210		ALA	1
4cqmG	197	1	G	211		HIS	1
4cqmG	198	1	G	212		ALA	1
4cqmG	199	1	G	213		VAL	1
4cqmG	200	1	G	214		VAL	1
4cqmG	201	1	G	215		PHE	1
4cqmG	202	1	G	216		LEU	1
4cqmG	203	1	G	217		LEU	1
4cqmG	204	1	G	218		GLU	1
4cqmG	205	1	G	219		SER	1
4cqmG	206	1	G	220		PRO	1
4cqmG	207	1	G	221		TYR	1
4cqmG	208	1	G	222		ILE	1
4cqmG	209	1	G	223		THR	1
4cqmG	210	1	G	224		GLY	1
4cqmG	211	1	G	225		HIS	1
4cqmG	212	1	G	226		VAL	1
4cqmG	213	1	G	227		LEU	1
4cqmG	214	1	G	228		VAL	1
4cqmG	215	1	G	229		VAL	1
4cqmG	216	1	G	230		ASP	1
4cqmG	217	1	G	231		GLY	1
4cqmG	218	1	G	232		GLY	1
4cqmG	219	1	G	233		LEU	1
4cqmG	220	1	G	234		GLN	1
4cqmG	221	1	G	235		LEU	1
4cqmG	222	1	G	236		ILE	1
4cqmG	223	1	G	237		LEU	1
3rpdA	0	1	A	10		LEU	1
3rpdA	1	1	A	11		ASN	1
3rpdA	2	1	A	12		GLN	1
3rpdA	3	1	A	13		ALA	1
3rpdA	4	1	A	14		LEU	1
3rpdA	5	1	A	15		LEU	1
3rpdA	6	1	A	16		PRO	1
3rpdA	7	1	A	17		THR	1
3rpdA	8	1	A	18		SER	1
3rpdA	9	1	A	19		THR	1
3rpdA	10	1	A	20		ALA	1
3rpdA	11	1	A	21		GLY	1
3rpdA	12	1	A	22		SER	1
3rpdA	13	1	A	23		LEU	1
3rpdA	14	1	A	24		PRO	1
3rpdA	15	1	A	25		LYS	1
3rpdA	16	1	A	26		PRO	1
3rpdA	17	1	A	27		LEU	1
3rpdA	18	1	A	28		TRP	1
3rpdA	19	1	A	29		LEU	1
3rpdA	20	1	A	30		ALA	1
3rpdA	21	1	A	31		GLU	1
3rpdA	22	1	A	32		PRO	1
3rpdA	23	1	A	33		GLU	1
3rpdA	24	1	A	34		THR	1
3rpdA	25	1	A	35		LEU	1
3rpdA	26	1	A	36		TRP	1
3rpdA	27	1	A	37		SER	1
3rpdA	28	1	A	38		PRO	1
3rpdA	29	1	A	39		TRP	1
3rpdA	30	1	A	40		LYS	1
3rpdA	31	1	A	41		LEU	1
3rpdA	32	1	A	42		GLN	1
3rpdA	33	1	A	43		GLY	1
3rpdA	34	1	A	44		GLU	1
3rpdA	35	1	A	45		GLU	1
3rpdA	36	1	A	46		LEU	1
3rpdA	37	1	A	47		ILE	1
3rpdA	38	1	A	48		THR	1
3rpdA	39	1	A	49		GLY	1
3rpdA	40	1	A	50		LYS	1
3rpdA	41	1	A	51		HIS	1
3rpdA	42	1	A	52		ASP	1
3rpdA	43	1	A	53		ALA	1
3rpdA	44	1	A	54		LEU	1
3rpdA	45	1	A	55		ARG	1
3rpdA	46	1	A	56		LEU	1
3rpdA	47	1	A	57		SER	1
3rpdA	48	1	A	58		LEU	1
3rpdA	49	1	A	59		GLN	1
3rpdA	50	1	A	60		ASP	1
3rpdA	51	1	A	61		GLN	1
3rpdA	52	1	A	62		GLN	1
3rpdA	53	1	A	63		LEU	1
3rpdA	54	1	A	64		ALA	1
3rpdA	55	1	A	65		GLY	1
3rpdA	56	1	A	66		ILE	1
3rpdA	57	1	A	67		ASP	1
3rpdA	58	1	A	68		ILE	1
3rpdA	59	1	A	69		VAL	1
3rpdA	60	1	A	70		SER	1
3rpdA	61	1	A	71		ASP	1
3rpdA	62	1	A	72		GLY	1
3rpdA	63	1	A	73		GLU	1
3rpdA	64	1	A	74		GLN	1
3rpdA	65	1	A	75		THR	1
3rpdA	66	1	A	76		ARG	1
3rpdA	67	1	A	77		GLN	1
3rpdA	68	1	A	78		HIS	1
3rpdA	69	1	A	79		PHE	1
3rpdA	70	1	A	80		VAL	1
3rpdA	71	1	A	81		THR	1
3rpdA	72	1	A	82		THR	1
3rpdA	73	1	A	83		PHE	1
3rpdA	74	1	A	84		ILE	1
3rpdA	75	1	A	85		GLU	1
3rpdA	76	1	A	86		HIS	1
3rpdA	77	1	A	87		LEU	1
3rpdA	78	1	A	88		ASN	1
3rpdA	79	1	A	89		GLY	1
3rpdA	80	1	A	90		VAL	1
3rpdA	81	1	A	91		ASP	1
3rpdA	82	1	A	92		PHE	1
3rpdA	83	1	A	93		SER	1
3rpdA	84	1	A	94		LYS	1
3rpdA	85	1	A	95		ARG	1
3rpdA	86	1	A	96		LYS	1
3rpdA	87	1	A	97		ILE	1
3rpdA	88	1	A	98		VAL	1
3rpdA	89	1	A	99		LYS	1
3rpdA	90	1	A	100		ILE	1
3rpdA	91	1	A	101		ARG	1
3rpdA	92	1	A	102		ASP	1
3rpdA	93	1	A	103		ARG	1
3rpdA	94	1	A	104		TYR	1
3rpdA	95	1	A	105		ASP	1
3rpdA	96	1	A	106		ALA	1
3rpdA	97	1	A	107		SER	1
3rpdA	98	1	A	108		VAL	1
3rpdA	99	1	A	109		PRO	1
3rpdA	100	1	A	110		THR	1
3rpdA	101	1	A	111		VAL	1
3rpdA	102	1	A	112		VAL	1
3rpdA	103	1	A	113		GLY	1
3rpdA	104	1	A	114		PRO	1
3rpdA	105	1	A	115		VAL	1
3rpdA	106	1	A	116		SER	1
3rpdA	107	1	A	117		ARG	1
3rpdA	108	1	A	118		GLN	1
3rpdA	109	1	A	119		LYS	1
3rpdA	110	1	A	120		SER	1
3rpdA	111	1	A	121		VAL	1
3rpdA	112	1	A	122		PHE	1
3rpdA	113	1	A	123		VAL	1
3rpdA	114	1	A	124		GLU	1
3rpdA	115	1	A	125		ASP	1
3rpdA	116	1	A	126		ALA	1
3rpdA	117	1	A	127		LYS	1
3rpdA	118	1	A	128		PHE	1
3rpdA	119	1	A	129		LEU	1
3rpdA	120	1	A	130		ARG	1
3rpdA	121	1	A	131		LYS	1
3rpdA	122	1	A	132		GLN	1
3rpdA	123	1	A	133		THR	1
3rpdA	124	1	A	134		THR	1
3rpdA	125	1	A	135		GLN	1
3rpdA	126	1	A	136		PRO	1
3rpdA	127	1	A	137		ILE	1
3rpdA	128	1	A	138		LYS	1
3rpdA	129	1	A	139		TRP	1
3rpdA	130	1	A	140		ALA	1
3rpdA	131	1	A	141		LEU	1
3rpdA	132	1	A	142		PRO	1
3rpdA	133	1	A	143		GLY	1
3rpdA	134	1	A	144		PRO	1
3rpdA	135	1	A	145		MSE	1
3rpdA	136	1	A	146		THR	1
3rpdA	137	1	A	147		MSE	1
3rpdA	138	1	A	148		ILE	1
3rpdA	139	1	A	149		ASP	1
3rpdA	140	1	A	150		THR	1
3rpdA	141	1	A	151		LEU	1
3rpdA	142	1	A	152		TYR	1
3rpdA	143	1	A	153		ASP	1
3rpdA	144	1	A	154		ASP	1
3rpdA	145	1	A	155		HIS	1
3rpdA	146	1	A	156		TYR	1
3rpdA	147	1	A	157		LYS	1
3rpdA	148	1	A	158		SER	1
3rpdA	149	1	A	159		ARG	1
3rpdA	150	1	A	160		GLU	1
3rpdA	151	1	A	161		LYS	1
3rpdA	152	1	A	162		LEU	1
3rpdA	153	1	A	163		ALA	1
3rpdA	154	1	A	164		TRP	1
3rpdA	155	1	A	165		GLU	1
3rpdA	156	1	A	166		PHE	1
3rpdA	157	1	A	167		ALA	1
3rpdA	158	1	A	168		LYS	1
3rpdA	159	1	A	169		ILE	1
3rpdA	160	1	A	170		LEU	1
3rpdA	161	1	A	171		ASN	1
3rpdA	162	1	A	172		GLU	1
3rpdA	163	1	A	173		GLU	1
3rpdA	164	1	A	174		ALA	1
3rpdA	165	1	A	175		LYS	1
3rpdA	166	1	A	176		GLU	1
3rpdA	167	1	A	177		LEU	1
3rpdA	168	1	A	178		GLU	1
3rpdA	169	1	A	179		ALA	1
3rpdA	170	1	A	180		ALA	1
3rpdA	171	1	A	181		GLY	1
3rpdA	172	1	A	182		VAL	1
3rpdA	173	1	A	183		ASP	1
3rpdA	174	1	A	184		ILE	1
3rpdA	175	1	A	185		ILE	1
3rpdA	176	1	A	186		GLN	1
3rpdA	177	1	A	187		PHE	1
3rpdA	178	1	A	188		ASP	1
3rpdA	179	1	A	189		GLU	1
3rpdA	180	1	A	190		PRO	1
3rpdA	181	1	A	191		ALA	1
3rpdA	182	1	A	192		PHE	1
3rpdA	183	1	A	193		ASN	1
3rpdA	184	1	A	194		VAL	1
3rpdA	185	1	A	195		PHE	1
3rpdA	186	1	A	196		PHE	1
3rpdA	187	1	A	197		ASP	1
3rpdA	188	1	A	198		GLU	1
3rpdA	189	1	A	199		VAL	1
3rpdA	190	1	A	200		ASN	1
3rpdA	191	1	A	201		ASP	1
3rpdA	192	1	A	202		TRP	1
3rpdA	193	1	A	203		GLY	1
3rpdA	194	1	A	204		ILE	1
3rpdA	195	1	A	205		ALA	1
3rpdA	196	1	A	206		CYS	1
3rpdA	197	1	A	207		LEU	1
3rpdA	198	1	A	208		GLU	1
3rpdA	199	1	A	209		ARG	1
3rpdA	200	1	A	210		ALA	1
3rpdA	201	1	A	211		ILE	1
3rpdA	202	1	A	212		GLU	1
3rpdA	203	1	A	213		GLY	1
3rpdA	204	1	A	214		LEU	1
3rpdA	205	1	A	215		LYS	1
3rpdA	206	1	A	216		CYS	1
3rpdA	207	1	A	217		GLU	1
3rpdA	208	1	A	218		THR	1
3rpdA	209	1	A	219		ALA	1
3rpdA	210	1	A	220		VAL	1
3rpdA	211	1	A	221		HIS	1
3rpdA	212	1	A	222		ILE	1
3rpdA	213	1	A	223		CYS	1
3rpdA	214	1	A	224		TYR	1
3rpdA	215	1	A	225		GLY	1
3rpdA	216	1	A	226		TYR	1
3rpdA	217	1	A	227		GLY	1
3rpdA	218	1	A	228		ILE	1
3rpdA	219	1	A	229		LYS	1
3rpdA	220	1	A	230		ALA	1
3rpdA	221	1	A	231		ASN	1
3rpdA	222	1	A	232		THR	1
3rpdA	223	1	A	233		ASP	1
3rpdA	224	1	A	234		TRP	1
3rpdA	225	1	A	235		LYS	1
3rpdA	226	1	A	236		LYS	1
3rpdA	227	1	A	237		THR	1
3rpdA	228	1	A	238		LEU	1
3rpdA	229	1	A	239		GLY	1
3rpdA	230	1	A	240		SER	1
3rpdA	231	1	A	241		GLU	1
3rpdA	232	1	A	242		TRP	1
3rpdA	233	1	A	243		ARG	1
3rpdA	234	1	A	244		GLN	1
3rpdA	235	1	A	245		TYR	1
3rpdA	236	1	A	246		GLU	1
3rpdA	237	1	A	247		GLU	1
3rpdA	238	1	A	248		VAL	1
3rpdA	239	1	A	249		PHE	1
3rpdA	240	1	A	250		PRO	1
3rpdA	241	1	A	251		LYS	1
3rpdA	242	1	A	252		LEU	1
3rpdA	243	1	A	253		GLN	1
3rpdA	244	1	A	254		LYS	1
3rpdA	245	1	A	255		SER	1
3rpdA	246	1	A	256		ASN	1
3rpdA	247	1	A	257		ILE	1
3rpdA	248	1	A	258		ASP	1
3rpdA	249	1	A	259		ILE	1
3rpdA	250	1	A	260		ILE	1
3rpdA	251	1	A	261		SER	1
3rpdA	252	1	A	262		LEU	1
3rpdA	253	1	A	263		GLU	1
3rpdA	254	1	A	264		CYS	1
3rpdA	255	1	A	265		HIS	1
3rpdA	256	1	A	266		ASN	1
3rpdA	257	1	A	267		SER	1
3rpdA	258	1	A	268		HIS	1
3rpdA	259	1	A	269		VAL	1
3rpdA	260	1	A	270		PRO	1
3rpdA	261	1	A	271		MSE	1
3rpdA	262	1	A	272		GLU	1
3rpdA	263	1	A	273		LEU	1
3rpdA	264	1	A	274		LEU	1
3rpdA	265	1	A	275		GLU	1
3rpdA	266	1	A	276		LEU	1
3rpdA	267	1	A	277		ILE	1
3rpdA	268	1	A	278		ARG	1
3rpdA	269	1	A	279		GLY	1
3rpdA	270	1	A	280		LYS	1
3rpdA	271	1	A	281		LYS	1
3rpdA	272	1	A	282		VAL	1
3rpdA	273	1	A	283		MSE	1
3rpdA	274	1	A	284		VAL	1
3rpdA	275	1	A	285		GLY	1
3rpdA	276	1	A	286		ALA	1
3rpdA	277	1	A	287		ILE	1
3rpdA	278	1	A	288		ASP	1
3rpdA	279	1	A	289		VAL	1
3rpdA	280	1	A	290		ALA	1
3rpdA	281	1	A	291		THR	1
3rpdA	282	1	A	292		ASP	1
3rpdA	283	1	A	293		THR	1
3rpdA	284	1	A	294		ILE	1
3rpdA	285	1	A	295		GLU	1
3rpdA	286	1	A	296		THR	1
3rpdA	287	1	A	297		ALA	1
3rpdA	288	1	A	298		GLU	1
3rpdA	289	1	A	299		GLU	1
3rpdA	290	1	A	300		VAL	1
3rpdA	291	1	A	301		ALA	1
3rpdA	292	1	A	302		ASP	1
3rpdA	293	1	A	303		THR	1
3rpdA	294	1	A	304		LEU	1
3rpdA	295	1	A	305		ARG	1
3rpdA	296	1	A	306		LYS	1
3rpdA	297	1	A	307		ALA	1
3rpdA	298	1	A	308		LEU	1
3rpdA	299	1	A	309		LYS	1
3rpdA	300	1	A	310		PHE	1
3rpdA	301	1	A	311		VAL	1
3rpdA	302	1	A	312		ASP	1
3rpdA	303	1	A	313		ALA	1
3rpdA	304	1	A	314		ASP	1
3rpdA	305	1	A	315		LYS	1
3rpdA	306	1	A	316		LEU	1
3rpdA	307	1	A	317		TYR	1
3rpdA	308	1	A	318		PRO	1
3rpdA	309	1	A	319		CYS	1
3rpdA	310	1	A	320		THR	1
3rpdA	311	1	A	321		ASN	1
3rpdA	312	1	A	322		CYS	1
3rpdA	313	1	A	323		GLY	1
3rpdA	314	1	A	324		MSE	1
3rpdA	315	1	A	325		THR	1
3rpdA	316	1	A	326		PRO	1
3rpdA	317	1	A	327		LEU	1
3rpdA	318	1	A	328		SER	1
3rpdA	319	1	A	329		HIS	1
3rpdA	320	1	A	330		GLN	1
3rpdA	321	1	A	331		VAL	1
3rpdA	322	1	A	332		THR	1
3rpdA	323	1	A	333		ARG	1
3rpdA	324	1	A	334		GLY	1
3rpdA	325	1	A	335		LYS	1
3rpdA	326	1	A	336		LEU	1
3rpdA	327	1	A	337		ASN	1
3rpdA	328	1	A	338		ALA	1
3rpdA	329	1	A	339		LEU	1
3rpdA	330	1	A	340		SER	1
3rpdA	331	1	A	341		ALA	1
3rpdA	332	1	A	342		GLY	1
3rpdA	333	1	A	343		ALA	1
3rpdA	334	1	A	344		GLU	1
3rpdA	335	1	A	345		ILE	1
3rpdA	336	1	A	346		VAL	1
3rpdA	337	1	A	347		ARG	1
3rpdA	338	1	A	348		LYS	1
3rpdA	339	1	A	349		GLU	1
3rpdA	340	1	A	350		LEU	1
3rpdA	341	1	A	351		LEU	1
3rpdA	342	1	A	352		ALA	1
3rpdA	343	1	A	353		LEU	1
3rpdA	344	1	A	354		ARG	1
4uabB	0	1	B	34		ILE	1
4uabB	1	1	B	35		LYS	1
4uabB	2	1	B	36		TRP	1
4uabB	3	1	B	37		ARG	1
4uabB	4	1	B	38		MSE	1
4uabB	5	1	B	39		GLN	1
4uabB	6	1	B	40		THR	1
4uabB	7	1	B	41		TYR	1
4uabB	8	1	B	42		ALA	1
4uabB	9	1	B	43		GLY	1
4uabB	10	1	B	44		ALA	1
4uabB	11	1	B	45		ALA	1
4uabB	12	1	B	46		LEU	1
4uabB	13	1	B	47		ALA	1
4uabB	14	1	B	48		GLU	1
4uabB	15	1	B	49		HIS	1
4uabB	16	1	B	50		VAL	1
4uabB	17	1	B	51		ALA	1
4uabB	18	1	B	52		LYS	1
4uabB	19	1	B	53		PRO	1
4uabB	20	1	B	54		ALA	1
4uabB	21	1	B	55		ILE	1
4uabB	22	1	B	56		ASP	1
4uabB	23	1	B	57		LEU	1
4uabB	24	1	B	58		PHE	1
4uabB	25	1	B	59		ASN	1
4uabB	26	1	B	60		ARG	1
4uabB	27	1	B	61		ILE	1
4uabB	28	1	B	62		ALA	1
4uabB	29	1	B	63		GLY	1
4uabB	30	1	B	64		ASP	1
4uabB	31	1	B	65		ARG	1
4uabB	32	1	B	66		MSE	1
4uabB	33	1	B	67		GLN	1
4uabB	34	1	B	68		ILE	1
4uabB	35	1	B	69		GLU	1
4uabB	36	1	B	70		LEU	1
4uabB	37	1	B	71		TYR	1
4uabB	38	1	B	72		SER	1
4uabB	39	1	B	73		ALA	1
4uabB	40	1	B	74		ASP	1
4uabB	41	1	B	75		GLN	1
4uabB	42	1	B	76		LEU	1
4uabB	43	1	B	77		VAL	1
4uabB	44	1	B	78		PRO	1
4uabB	45	1	B	79		THR	1
4uabB	46	1	B	80		GLY	1
4uabB	47	1	B	81		GLU	1
4uabB	48	1	B	82		LEU	1
4uabB	49	1	B	83		PHE	1
4uabB	50	1	B	84		ARG	1
4uabB	51	1	B	85		ALA	1
4uabB	52	1	B	86		MSE	1
4uabB	53	1	B	87		GLN	1
4uabB	54	1	B	88		ARG	1
4uabB	55	1	B	89		GLY	1
4uabB	56	1	B	90		THR	1
4uabB	57	1	B	91		ILE	1
4uabB	58	1	B	92		ASP	1
4uabB	59	1	B	93		ALA	1
4uabB	60	1	B	94		VAL	1
4uabB	61	1	B	95		GLN	1
4uabB	62	1	B	96		SER	1
4uabB	63	1	B	97		ASP	1
4uabB	64	1	B	98		ASP	1
4uabB	65	1	B	99		ASP	1
4uabB	66	1	B	100		SER	1
4uabB	67	1	B	101		MSE	1
4uabB	68	1	B	102		ALA	1
4uabB	69	1	B	103		SER	1
4uabB	70	1	B	104		PRO	1
4uabB	71	1	B	105		THR	1
4uabB	72	1	B	106		GLU	1
4uabB	73	1	B	107		VAL	1
4uabB	74	1	B	108		THR	1
4uabB	75	1	B	109		VAL	1
4uabB	76	1	B	110		PHE	1
4uabB	77	1	B	111		GLY	1
4uabB	78	1	B	112		GLY	1
4uabB	79	1	B	113		TYR	1
4uabB	80	1	B	114		PHE	1
4uabB	81	1	B	115		PRO	1
4uabB	82	1	B	116		PHE	1
4uabB	83	1	B	117		GLY	1
4uabB	84	1	B	118		CYS	1
4uabB	85	1	B	119		ARG	1
4uabB	86	1	B	120		TYR	1
4uabB	87	1	B	121		SER	1
4uabB	88	1	B	122		LEU	1
4uabB	89	1	B	123		ASP	1
4uabB	90	1	B	124		VAL	1
4uabB	91	1	B	125		PRO	1
4uabB	92	1	B	126		VAL	1
4uabB	93	1	B	127		LEU	1
4uabB	94	1	B	128		PHE	1
4uabB	95	1	B	129		ASN	1
4uabB	96	1	B	130		GLN	1
4uabB	97	1	B	131		TYR	1
4uabB	98	1	B	132		GLY	1
4uabB	99	1	B	133		LEU	1
4uabB	100	1	B	134		LYS	1
4uabB	101	1	B	135		GLU	1
4uabB	102	1	B	136		ILE	1
4uabB	103	1	B	137		TRP	1
4uabB	104	1	B	138		GLU	1
4uabB	105	1	B	139		GLU	1
4uabB	106	1	B	140		GLU	1
4uabB	107	1	B	141		TYR	1
4uabB	108	1	B	142		ALA	1
4uabB	109	1	B	143		LYS	1
4uabB	110	1	B	144		VAL	1
4uabB	111	1	B	145		GLY	1
4uabB	112	1	B	146		VAL	1
4uabB	113	1	B	147		LYS	1
4uabB	114	1	B	148		HIS	1
4uabB	115	1	B	149		VAL	1
4uabB	116	1	B	150		SER	1
4uabB	117	1	B	151		ALA	1
4uabB	118	1	B	152		GLY	1
4uabB	119	1	B	153		ALA	1
4uabB	120	1	B	154		TRP	1
4uabB	121	1	B	155		ASP	1
4uabB	122	1	B	156		PRO	1
4uabB	123	1	B	157		CYS	1
4uabB	124	1	B	158		HIS	1
4uabB	125	1	B	159		PHE	1
4uabB	126	1	B	160		ALA	1
4uabB	127	1	B	161		THR	1
4uabB	128	1	B	162		LYS	1
4uabB	129	1	B	163		GLU	1
4uabB	130	1	B	164		PRO	1
4uabB	131	1	B	165		ILE	1
4uabB	132	1	B	166		ARG	1
4uabB	133	1	B	167		SER	1
4uabB	134	1	B	168		LEU	1
4uabB	135	1	B	169		LYS	1
4uabB	136	1	B	170		ASP	1
4uabB	137	1	B	171		LEU	1
4uabB	138	1	B	172		GLU	1
4uabB	139	1	B	173		GLY	1
4uabB	140	1	B	174		LYS	1
4uabB	141	1	B	175		ARG	1
4uabB	142	1	B	176		VAL	1
4uabB	143	1	B	177		PHE	1
4uabB	144	1	B	178		THR	1
4uabB	145	1	B	179		PHE	1
4uabB	146	1	B	180		PRO	1
4uabB	147	1	B	181		THR	1
4uabB	148	1	B	182		ALA	1
4uabB	149	1	B	183		GLY	1
4uabB	150	1	B	184		ARG	1
4uabB	151	1	B	185		PHE	1
4uabB	152	1	B	186		LEU	1
4uabB	153	1	B	187		SER	1
4uabB	154	1	B	188		ARG	1
4uabB	155	1	B	189		PHE	1
4uabB	156	1	B	190		GLY	1
4uabB	157	1	B	191		VAL	1
4uabB	158	1	B	192		VAL	1
4uabB	159	1	B	193		PRO	1
4uabB	160	1	B	194		VAL	1
4uabB	161	1	B	195		THR	1
4uabB	162	1	B	196		LEU	1
4uabB	163	1	B	197		PRO	1
4uabB	164	1	B	198		TRP	1
4uabB	165	1	B	199		GLU	1
4uabB	166	1	B	200		ASP	1
4uabB	167	1	B	201		ILE	1
4uabB	168	1	B	202		GLU	1
4uabB	169	1	B	203		VAL	1
4uabB	170	1	B	204		ALA	1
4uabB	171	1	B	205		LEU	1
4uabB	172	1	B	206		GLN	1
4uabB	173	1	B	207		THR	1
4uabB	174	1	B	208		GLY	1
4uabB	175	1	B	209		GLU	1
4uabB	176	1	B	210		LEU	1
4uabB	177	1	B	211		ASP	1
4uabB	178	1	B	212		GLY	1
4uabB	179	1	B	213		ILE	1
4uabB	180	1	B	214		ALA	1
4uabB	181	1	B	215		TRP	1
4uabB	182	1	B	216		SER	1
4uabB	183	1	B	217		GLY	1
4uabB	184	1	B	218		ILE	1
4uabB	185	1	B	219		THR	1
4uabB	186	1	B	220		GLU	1
4uabB	187	1	B	221		ASP	1
4uabB	188	1	B	222		TYR	1
4uabB	189	1	B	223		THR	1
4uabB	190	1	B	224		VAL	1
4uabB	191	1	B	225		GLY	1
4uabB	192	1	B	226		TRP	1
4uabB	193	1	B	227		ALA	1
4uabB	194	1	B	228		ASN	1
4uabB	195	1	B	229		VAL	1
4uabB	196	1	B	230		THR	1
4uabB	197	1	B	231		ASN	1
4uabB	198	1	B	232		TYR	1
4uabB	199	1	B	233		PHE	1
4uabB	200	1	B	234		LEU	1
4uabB	201	1	B	235		THR	1
4uabB	202	1	B	236		ASN	1
4uabB	203	1	B	237		ASN	1
4uabB	204	1	B	238		ILE	1
4uabB	205	1	B	239		SER	1
4uabB	206	1	B	240		GLY	1
4uabB	207	1	B	241		ALA	1
4uabB	208	1	B	242		TRP	1
4uabB	209	1	B	243		ILE	1
4uabB	210	1	B	244		GLY	1
4uabB	211	1	B	245		HIS	1
4uabB	212	1	B	246		PHE	1
4uabB	213	1	B	247		PHE	1
4uabB	214	1	B	248		VAL	1
4uabB	215	1	B	249		ASN	1
4uabB	216	1	B	250		MSE	1
4uabB	217	1	B	251		GLU	1
4uabB	218	1	B	252		ARG	1
4uabB	219	1	B	253		TRP	1
4uabB	220	1	B	254		GLU	1
4uabB	221	1	B	255		GLU	1
4uabB	222	1	B	256		LEU	1
4uabB	223	1	B	257		PRO	1
4uabB	224	1	B	258		GLU	1
4uabB	225	1	B	259		ASP	1
4uabB	226	1	B	260		LEU	1
4uabB	227	1	B	261		ARG	1
4uabB	228	1	B	262		LEU	1
4uabB	229	1	B	263		LEU	1
4uabB	230	1	B	264		PHE	1
4uabB	231	1	B	265		GLU	1
4uabB	232	1	B	266		VAL	1
4uabB	233	1	B	267		CYS	1
4uabB	234	1	B	268		CYS	1
4uabB	235	1	B	269		GLU	1
4uabB	236	1	B	270		GLN	1
4uabB	237	1	B	271		SER	1
4uabB	238	1	B	272		HIS	1
4uabB	239	1	B	273		TYR	1
4uabB	240	1	B	274		HIS	1
4uabB	241	1	B	275		ARG	1
4uabB	242	1	B	276		GLN	1
4uabB	243	1	B	277		TYR	1
4uabB	244	1	B	278		TRP	1
4uabB	245	1	B	279		TYR	1
4uabB	246	1	B	280		TRP	1
4uabB	247	1	B	281		GLY	1
4uabB	248	1	B	282		GLY	1
4uabB	249	1	B	283		GLU	1
4uabB	250	1	B	284		ALA	1
4uabB	251	1	B	285		ARG	1
4uabB	252	1	B	286		LEU	1
4uabB	253	1	B	287		ARG	1
4uabB	254	1	B	288		VAL	1
4uabB	255	1	B	289		HIS	1
4uabB	256	1	B	290		GLY	1
4uabB	257	1	B	291		ASP	1
4uabB	258	1	B	292		LYS	1
4uabB	259	1	B	293		LEU	1
4uabB	260	1	B	294		GLU	1
4uabB	261	1	B	295		LEU	1
4uabB	262	1	B	296		THR	1
4uabB	263	1	B	297		SER	1
4uabB	264	1	B	298		ILE	1
4uabB	265	1	B	299		PRO	1
4uabB	266	1	B	300		ASP	1
4uabB	267	1	B	301		ALA	1
4uabB	268	1	B	302		GLU	1
4uabB	269	1	B	303		TRP	1
4uabB	270	1	B	304		ASP	1
4uabB	271	1	B	305		GLN	1
4uabB	272	1	B	306		VAL	1
4uabB	273	1	B	307		GLU	1
4uabB	274	1	B	308		THR	1
4uabB	275	1	B	309		ALA	1
4uabB	276	1	B	310		ALA	1
4uabB	277	1	B	311		GLN	1
4uabB	278	1	B	312		GLU	1
4uabB	279	1	B	313		PHE	1
4uabB	280	1	B	314		TRP	1
4uabB	281	1	B	315		ASP	1
4uabB	282	1	B	316		GLU	1
4uabB	283	1	B	317		ILE	1
4uabB	284	1	B	318		ALA	1
4uabB	285	1	B	319		ALA	1
4uabB	286	1	B	320		GLN	1
4uabB	287	1	B	321		SER	1
4uabB	288	1	B	322		GLU	1
4uabB	289	1	B	323		THR	1
4uabB	290	1	B	324		LYS	1
4uabB	291	1	B	325		ALA	1
4uabB	292	1	B	326		LYS	1
4uabB	293	1	B	327		VAL	1
4uabB	294	1	B	328		VAL	1
4uabB	295	1	B	329		GLU	1
4uabB	296	1	B	330		ILE	1
4uabB	297	1	B	331		PHE	1
4uabB	298	1	B	332		LYS	1
4uabB	299	1	B	333		GLN	1
4uabB	300	1	B	334		TYR	1
4uabB	301	1	B	335		ASN	1
4uabB	302	1	B	336		ALA	0
4uabB	303	1	B	337		ASP	0
4uabB	304	1	B	338		MSE	0
4uabB	305	1	B	339		ARG	0
4uabB	306	1	B	340		LYS	0
4uabB	307	1	B	341		ALA	0
4uabB	308	1	B	342		GLY	0
4uabB	309	1	B	343		ARG	0
4uabB	310	1	B	344		PRO	0
4uabB	311	1	B	345		TYR	0
4uabB	312	1	B	346		ARG	0
4uabB	313	1	B	347		TYR	0
2b82A	0	1	A	2		SER	0
2b82A	1	1	A	3		PRO	0
2b82A	2	1	A	4		SER	0
2b82A	3	1	A	5		PRO	0
2b82A	4	1	A	6		LEU	0
2b82A	5	1	A	7		ASN	0
2b82A	6	1	A	8		PRO	0
2b82A	7	1	A	9		GLY	0
2b82A	8	1	A	10		THR	0
2b82A	9	1	A	11		ASN	0
2b82A	10	1	A	12		VAL	0
2b82A	11	1	A	13		ALA	0
2b82A	12	1	A	14		ARG	0
2b82A	13	1	A	15		LEU	0
2b82A	14	1	A	16		ALA	0
2b82A	15	1	A	17		GLU	0
2b82A	16	1	A	18		GLN	0
2b82A	17	1	A	19		ALA	0
2b82A	18	1	A	20		PRO	1
2b82A	19	1	A	21		ILE	1
2b82A	20	1	A	22		HIS	1
2b82A	21	1	A	23		TRP	1
2b82A	22	1	A	24		VAL	1
2b82A	23	1	A	25		SER	1
2b82A	24	1	A	26		VAL	1
2b82A	25	1	A	27		ALA	1
2b82A	26	1	A	28		GLN	1
2b82A	27	1	A	29		ILE	1
2b82A	28	1	A	30		GLU	1
2b82A	29	1	A	31		ASN	1
2b82A	30	1	A	32		SER	1
2b82A	31	1	A	33		LEU	1
2b82A	32	1	A	34		ALA	1
2b82A	33	1	A	35		GLY	1
2b82A	34	1	A	36		ARG	1
2b82A	35	1	A	37		PRO	1
2b82A	36	1	A	38		PRO	1
2b82A	37	1	A	39		MET	1
2b82A	38	1	A	40		ALA	1
2b82A	39	1	A	41		VAL	1
2b82A	40	1	A	42		GLY	1
2b82A	41	1	A	43		PHE	1
2b82A	42	1	A	44		ASP	1
2b82A	43	1	A	45		ILE	1
2b82A	44	1	A	46		ASP	1
2b82A	45	1	A	47		ASP	1
2b82A	46	1	A	48		THR	1
2b82A	47	1	A	49		VAL	1
2b82A	48	1	A	50		LEU	1
2b82A	49	1	A	51		PHE	1
2b82A	50	1	A	52		SER	1
2b82A	51	1	A	53		SER	1
2b82A	52	1	A	54		PRO	1
2b82A	53	1	A	55		GLY	1
2b82A	54	1	A	56		PHE	1
2b82A	55	1	A	57		TRP	1
2b82A	56	1	A	58		ARG	1
2b82A	57	1	A	59		GLY	1
2b82A	58	1	A	60		LYS	1
2b82A	59	1	A	61		LYS	1
2b82A	60	1	A	62		THR	1
2b82A	61	1	A	63		PHE	1
2b82A	62	1	A	64		SER	1
2b82A	63	1	A	65		PRO	1
2b82A	64	1	A	66		GLU	1
2b82A	65	1	A	67		SER	1
2b82A	66	1	A	68		GLU	1
2b82A	67	1	A	69		ASP	1
2b82A	68	1	A	70		TYR	1
2b82A	69	1	A	71		LEU	1
2b82A	70	1	A	72		LYS	1
2b82A	71	1	A	73		ASN	1
2b82A	72	1	A	74		PRO	1
2b82A	73	1	A	75		VAL	1
2b82A	74	1	A	76		PHE	1
2b82A	75	1	A	77		TRP	1
2b82A	76	1	A	78		GLU	1
2b82A	77	1	A	79		LYS	1
2b82A	78	1	A	80		MET	1
2b82A	79	1	A	81		ASN	1
2b82A	80	1	A	82		ASN	1
2b82A	81	1	A	83		GLY	1
2b82A	82	1	A	84		TRP	1
2b82A	83	1	A	85		ASP	1
2b82A	84	1	A	86		GLU	1
2b82A	85	1	A	87		PHE	1
2b82A	86	1	A	88		SER	1
2b82A	87	1	A	89		ILE	1
2b82A	88	1	A	90		PRO	1
2b82A	89	1	A	91		LYS	1
2b82A	90	1	A	92		GLU	1
2b82A	91	1	A	93		VAL	1
2b82A	92	1	A	94		ALA	1
2b82A	93	1	A	95		ARG	1
2b82A	94	1	A	96		GLN	1
2b82A	95	1	A	97		LEU	1
2b82A	96	1	A	98		ILE	1
2b82A	97	1	A	99		ASP	1
2b82A	98	1	A	100		MET	1
2b82A	99	1	A	101		HIS	1
2b82A	100	1	A	102		VAL	1
2b82A	101	1	A	103		ARG	1
2b82A	102	1	A	104		ARG	1
2b82A	103	1	A	105		GLY	1
2b82A	104	1	A	106		ASP	1
2b82A	105	1	A	107		ALA	1
2b82A	106	1	A	108		ILE	1
2b82A	107	1	A	109		PHE	1
2b82A	108	1	A	110		PHE	1
2b82A	109	1	A	111		VAL	1
2b82A	110	1	A	112		THR	1
2b82A	111	1	A	113		GLY	1
2b82A	112	1	A	114		ARG	1
2b82A	113	1	A	115		SER	1
2b82A	114	1	A	116		PRO	1
2b82A	115	1	A	117		THR	1
2b82A	116	1	A	118		LYS	1
2b82A	117	1	A	119		THR	1
2b82A	118	1	A	120		GLU	1
2b82A	119	1	A	121		THR	1
2b82A	120	1	A	122		VAL	1
2b82A	121	1	A	123		SER	1
2b82A	122	1	A	124		LYS	1
2b82A	123	1	A	125		THR	1
2b82A	124	1	A	126		LEU	1
2b82A	125	1	A	127		ALA	1
2b82A	126	1	A	128		ASP	1
2b82A	127	1	A	129		ASN	1
2b82A	128	1	A	130		PHE	1
2b82A	129	1	A	131		HIS	1
2b82A	130	1	A	132		ILE	1
2b82A	131	1	A	133		PRO	1
2b82A	132	1	A	134		ALA	1
2b82A	133	1	A	135		THR	1
2b82A	134	1	A	136		ASN	1
2b82A	135	1	A	137		MET	1
2b82A	136	1	A	138		ASN	1
2b82A	137	1	A	139		PRO	1
2b82A	138	1	A	140		VAL	1
2b82A	139	1	A	141		ILE	1
2b82A	140	1	A	142		PHE	1
2b82A	141	1	A	143		ALA	1
2b82A	142	1	A	144		GLY	1
2b82A	143	1	A	145		ASP	1
2b82A	144	1	A	146		LYS	1
2b82A	145	1	A	147		PRO	1
2b82A	146	1	A	148		GLY	1
2b82A	147	1	A	149		GLN	1
2b82A	148	1	A	150		ASN	1
2b82A	149	1	A	151		THR	1
2b82A	150	1	A	152		LYS	1
2b82A	151	1	A	153		SER	1
2b82A	152	1	A	154		GLN	1
2b82A	153	1	A	155		TRP	1
2b82A	154	1	A	156		LEU	1
2b82A	155	1	A	157		GLN	1
2b82A	156	1	A	158		ASP	1
2b82A	157	1	A	159		LYS	1
2b82A	158	1	A	160		ASN	1
2b82A	159	1	A	161		ILE	1
2b82A	160	1	A	162		ARG	1
2b82A	161	1	A	163		ILE	1
2b82A	162	1	A	164		PHE	1
2b82A	163	1	A	165		TYR	1
2b82A	164	1	A	166		GLY	1
2b82A	165	1	A	167		ASP	1
2b82A	166	1	A	168		SER	1
2b82A	167	1	A	169		ASP	1
2b82A	168	1	A	170		ASN	1
2b82A	169	1	A	171		ASP	1
2b82A	170	1	A	172		ILE	1
2b82A	171	1	A	173		THR	1
2b82A	172	1	A	174		ALA	1
2b82A	173	1	A	175		ALA	1
2b82A	174	1	A	176		ARG	1
2b82A	175	1	A	177		ASP	1
2b82A	176	1	A	178		VAL	1
2b82A	177	1	A	179		GLY	1
2b82A	178	1	A	180		ALA	1
2b82A	179	1	A	181		ARG	1
2b82A	180	1	A	182		GLY	1
2b82A	181	1	A	183		ILE	1
2b82A	182	1	A	184		ARG	1
2b82A	183	1	A	185		ILE	1
2b82A	184	1	A	186		LEU	1
2b82A	185	1	A	187		ARG	1
2b82A	186	1	A	188		ALA	1
2b82A	187	1	A	189		SER	1
2b82A	188	1	A	190		ASN	1
2b82A	189	1	A	191		SER	1
2b82A	190	1	A	192		THR	1
2b82A	191	1	A	193		TYR	1
2b82A	192	1	A	194		LYS	1
2b82A	193	1	A	195		PRO	1
2b82A	194	1	A	196		LEU	1
2b82A	195	1	A	197		PRO	1
2b82A	196	1	A	198		GLN	1
2b82A	197	1	A	199		ALA	1
2b82A	198	1	A	200		GLY	1
2b82A	199	1	A	201		ALA	1
2b82A	200	1	A	202		PHE	1
2b82A	201	1	A	203		GLY	1
2b82A	202	1	A	204		GLU	1
2b82A	203	1	A	205		GLU	1
2b82A	204	1	A	206		VAL	1
2b82A	205	1	A	207		ILE	1
2b82A	206	1	A	208		VAL	1
2b82A	207	1	A	209		ASN	1
2b82A	208	1	A	210		SER	1
2b82A	209	1	A	211		GLU	1
2b82A	210	1	A	212		TYR	1
3r2uB	0	1	B	-3		GLN	1
3r2uB	1	1	B	-2		SER	1
3r2uB	2	1	B	-1		ASN	1
3r2uB	3	1	B	0		ALA	1
3r2uB	4	1	B	1		MET	1
3r2uB	5	1	B	2		PHE	1
3r2uB	6	1	B	3		PHE	1
3r2uB	7	1	B	4		LYS	1
3r2uB	8	1	B	5		GLN	1
3r2uB	9	1	B	6		PHE	1
3r2uB	10	1	B	7		TYR	1
3r2uB	11	1	B	8		ASP	1
3r2uB	12	1	B	9		LYS	1
3r2uB	13	1	B	10		HIS	1
3r2uB	14	1	B	11		LEU	1
3r2uB	15	1	B	12		SER	1
3r2uB	16	1	B	13		GLN	1
3r2uB	17	1	B	14		ALA	1
3r2uB	18	1	B	15		SER	1
3r2uB	19	1	B	16		TYR	1
3r2uB	20	1	B	17		LEU	1
3r2uB	21	1	B	18		ILE	1
3r2uB	22	1	B	19		GLY	1
3r2uB	23	1	B	20		CYS	1
3r2uB	24	1	B	21		GLN	1
3r2uB	25	1	B	22		LYS	1
3r2uB	26	1	B	23		THR	1
3r2uB	27	1	B	24		GLY	1
3r2uB	28	1	B	25		GLU	1
3r2uB	29	1	B	26		ALA	1
3r2uB	30	1	B	27		MET	1
3r2uB	31	1	B	28		ILE	1
3r2uB	32	1	B	29		ILE	1
3r2uB	33	1	B	30		ASP	1
3r2uB	34	1	B	31		PRO	1
3r2uB	35	1	B	32		ILE	1
3r2uB	36	1	B	33		ARG	1
3r2uB	37	1	B	34		ASP	1
3r2uB	38	1	B	35		LEU	1
3r2uB	39	1	B	36		SER	1
3r2uB	40	1	B	37		SER	1
3r2uB	41	1	B	38		TYR	1
3r2uB	42	1	B	39		ILE	1
3r2uB	43	1	B	40		ARG	1
3r2uB	44	1	B	41		VAL	1
3r2uB	45	1	B	42		ALA	1
3r2uB	46	1	B	43		ASP	1
3r2uB	47	1	B	44		GLU	1
3r2uB	48	1	B	45		GLU	1
3r2uB	49	1	B	46		GLY	1
3r2uB	50	1	B	47		LEU	1
3r2uB	51	1	B	48		THR	1
3r2uB	52	1	B	49		ILE	1
3r2uB	53	1	B	50		THR	1
3r2uB	54	1	B	51		HIS	1
3r2uB	55	1	B	52		ALA	1
3r2uB	56	1	B	53		ALA	1
3r2uB	57	1	B	54		GLU	1
3r2uB	58	1	B	55		THR	1
3r2uB	59	1	B	56		HIS	1
3r2uB	60	1	B	57		ILE	1
3r2uB	61	1	B	58		HIS	1
3r2uB	62	1	B	59		ALA	1
3r2uB	63	1	B	60		ASP	1
3r2uB	64	1	B	61		PHE	1
3r2uB	65	1	B	62		ALA	1
3r2uB	66	1	B	63		SER	1
3r2uB	67	1	B	64		GLY	1
3r2uB	68	1	B	65		ILE	1
3r2uB	69	1	B	66		ARG	1
3r2uB	70	1	B	67		ASP	1
3r2uB	71	1	B	68		VAL	1
3r2uB	72	1	B	69		ALA	1
3r2uB	73	1	B	70		ILE	1
3r2uB	74	1	B	71		LYS	1
3r2uB	75	1	B	72		LEU	1
3r2uB	76	1	B	73		ASN	1
3r2uB	77	1	B	74		ALA	1
3r2uB	78	1	B	75		ASN	1
3r2uB	79	1	B	76		ILE	1
3r2uB	80	1	B	77		TYR	1
3r2uB	81	1	B	78		VAL	1
3r2uB	82	1	B	79		SER	1
3r2uB	83	1	B	80		GLY	1
3r2uB	84	1	B	81		GLU	1
3r2uB	85	1	B	82		SER	1
3r2uB	86	1	B	83		ASP	1
3r2uB	87	1	B	84		ASP	1
3r2uB	88	1	B	85		THR	1
3r2uB	89	1	B	86		LEU	1
3r2uB	90	1	B	87		GLY	1
3r2uB	91	1	B	88		TYR	1
3r2uB	92	1	B	89		LYS	1
3r2uB	93	1	B	90		ASN	1
3r2uB	94	1	B	91		MET	1
3r2uB	95	1	B	92		PRO	1
3r2uB	96	1	B	93		ASN	1
3r2uB	97	1	B	94		HIS	1
3r2uB	98	1	B	95		THR	1
3r2uB	99	1	B	96		HIS	1
3r2uB	100	1	B	97		PHE	1
3r2uB	101	1	B	98		VAL	1
3r2uB	102	1	B	99		GLN	1
3r2uB	103	1	B	100		HIS	1
3r2uB	104	1	B	101		ASN	1
3r2uB	105	1	B	102		ASP	1
3r2uB	106	1	B	103		ASP	1
3r2uB	107	1	B	104		ILE	1
3r2uB	108	1	B	105		TYR	1
3r2uB	109	1	B	106		VAL	1
3r2uB	110	1	B	107		GLY	1
3r2uB	111	1	B	108		ASN	1
3r2uB	112	1	B	109		ILE	1
3r2uB	113	1	B	110		LYS	1
3r2uB	114	1	B	111		LEU	1
3r2uB	115	1	B	112		LYS	1
3r2uB	116	1	B	113		VAL	1
3r2uB	117	1	B	114		LEU	1
3r2uB	118	1	B	115		HIS	1
3r2uB	119	1	B	116		THR	1
3r2uB	120	1	B	117		PRO	1
3r2uB	121	1	B	118		GLY	1
3r2uB	122	1	B	119		HIS	1
3r2uB	123	1	B	120		THR	1
3r2uB	124	1	B	121		PRO	1
3r2uB	125	1	B	122		GLU	1
3r2uB	126	1	B	123		SER	1
3r2uB	127	1	B	124		ILE	1
3r2uB	128	1	B	125		SER	1
3r2uB	129	1	B	126		PHE	1
3r2uB	130	1	B	127		LEU	1
3r2uB	131	1	B	128		LEU	1
3r2uB	132	1	B	129		THR	1
3r2uB	133	1	B	130		ASP	1
3r2uB	134	1	B	131		GLU	1
3r2uB	135	1	B	132		GLY	1
3r2uB	136	1	B	133		ALA	1
3r2uB	137	1	B	134		GLY	1
3r2uB	138	1	B	135		ALA	1
3r2uB	139	1	B	136		GLN	1
3r2uB	140	1	B	137		VAL	1
3r2uB	141	1	B	138		PRO	1
3r2uB	142	1	B	139		MET	1
3r2uB	143	1	B	140		GLY	1
3r2uB	144	1	B	141		LEU	1
3r2uB	145	1	B	142		PHE	1
3r2uB	146	1	B	143		SER	1
3r2uB	147	1	B	144		GLY	1
3r2uB	148	1	B	145		ASP	1
3r2uB	149	1	B	146		PHE	1
3r2uB	150	1	B	147		ILE	1
3r2uB	151	1	B	148		PHE	1
3r2uB	152	1	B	149		VAL	1
3r2uB	153	1	B	150		GLY	1
3r2uB	154	1	B	151		ASP	1
3r2uB	155	1	B	152		ILE	1
3r2uB	156	1	B	153		GLY	1
3r2uB	157	1	B	154		ARG	1
3r2uB	158	1	B	155		PRO	1
3r2uB	159	1	B	156		ASP	1
3r2uB	160	1	B	157		LEU	1
3r2uB	161	1	B	168		SER	1
3r2uB	162	1	B	169		GLU	1
3r2uB	163	1	B	170		ILE	1
3r2uB	164	1	B	171		GLY	1
3r2uB	165	1	B	172		ALA	1
3r2uB	166	1	B	173		LYS	1
3r2uB	167	1	B	174		GLN	1
3r2uB	168	1	B	175		MET	1
3r2uB	169	1	B	176		PHE	1
3r2uB	170	1	B	177		LYS	1
3r2uB	171	1	B	178		SER	1
3r2uB	172	1	B	179		ILE	1
3r2uB	173	1	B	180		GLU	1
3r2uB	174	1	B	181		SER	1
3r2uB	175	1	B	182		ILE	1
3r2uB	176	1	B	183		LYS	1
3r2uB	177	1	B	184		ASP	1
3r2uB	178	1	B	185		LEU	1
3r2uB	179	1	B	186		PRO	1
3r2uB	180	1	B	187		ASP	1
3r2uB	181	1	B	188		TYR	1
3r2uB	182	1	B	189		ILE	1
3r2uB	183	1	B	190		GLN	1
3r2uB	184	1	B	191		ILE	1
3r2uB	185	1	B	192		TRP	1
3r2uB	186	1	B	193		PRO	1
3r2uB	187	1	B	194		GLY	1
3r2uB	188	1	B	195		HIS	1
3r2uB	189	1	B	196		GLY	1
3r2uB	190	1	B	197		ALA	1
3r2uB	191	1	B	198		GLY	1
3r2uB	192	1	B	199		SER	1
3r2uB	193	1	B	204		SER	1
3r2uB	194	1	B	205		LEU	1
3r2uB	195	1	B	206		GLY	1
3r2uB	196	1	B	207		ALA	1
3r2uB	197	1	B	208		ILE	1
3r2uB	198	1	B	209		PRO	1
3r2uB	199	1	B	210		THR	1
3r2uB	200	1	B	211		SER	1
3r2uB	201	1	B	212		THR	1
3r2uB	202	1	B	213		LEU	1
3r2uB	203	1	B	214		GLY	1
3r2uB	204	1	B	215		TYR	1
3r2uB	205	1	B	216		GLU	1
3r2uB	206	1	B	217		LYS	1
3r2uB	207	1	B	218		GLN	1
3r2uB	208	1	B	219		THR	1
3r2uB	209	1	B	220		ASN	1
3r2uB	210	1	B	221		TRP	1
3r2uB	211	1	B	222		ALA	1
3r2uB	212	1	B	223		PHE	1
3r2uB	213	1	B	224		SER	1
3r2uB	214	1	B	225		GLU	1
3r2uB	215	1	B	226		ASN	1
3r2uB	216	1	B	227		ASN	1
3r2uB	217	1	B	228		GLU	1
3r2uB	218	1	B	229		ALA	1
3r2uB	219	1	B	230		THR	1
3r2uB	220	1	B	231		PHE	1
3r2uB	221	1	B	232		ILE	1
3r2uB	222	1	B	233		ASP	1
3r2uB	223	1	B	234		LYS	1
3r2uB	224	1	B	235		LEU	1
3r2uB	225	1	B	236		ILE	1
3r2uB	226	1	B	237		SER	1
3r2uB	227	1	B	238		ASP	1
3r2uB	228	1	B	239		GLN	1
3r2uB	229	1	B	240		PRO	1
3r2uB	230	1	B	241		ALA	1
3r2uB	231	1	B	242		PRO	1
3r2uB	232	1	B	243		PRO	1
3r2uB	233	1	B	244		HIS	1
3r2uB	234	1	B	245		HIS	1
3r2uB	235	1	B	246		PHE	1
3r2uB	236	1	B	247		ALA	1
3r2uB	237	1	B	248		GLN	1
3r2uB	238	1	B	249		MET	1
3r2uB	239	1	B	250		LYS	1
3r2uB	240	1	B	251		LYS	1
3r2uB	241	1	B	252		ILE	1
3r2uB	242	1	B	253		ASN	1
3r2uB	243	1	B	254		GLN	1
3r2uB	244	1	B	255		PHE	1
3r2uB	245	1	B	256		GLY	1
3r2uB	246	1	B	257		MET	1
3r2uB	247	1	B	258		ASN	1
3r2uB	248	1	B	259		LEU	1
3r2uB	249	1	B	260		TYR	1
3r2uB	250	1	B	261		GLN	2
3r2uB	251	1	B	262		PRO	2
3r2uB	252	1	B	263		TYR	2
3r2uB	253	1	B	264		THR	2
3r2uB	254	1	B	265		VAL	2
3r2uB	255	1	B	266		TYR	2
3r2uB	256	1	B	267		PRO	2
3r2uB	257	1	B	268		ALA	2
3r2uB	258	1	B	269		THR	2
3r2uB	259	1	B	270		ASN	2
3r2uB	260	1	B	271		THR	2
3r2uB	261	1	B	272		ASN	2
3r2uB	262	1	B	273		ARG	2
3r2uB	263	1	B	274		LEU	2
3r2uB	264	1	B	275		THR	2
3r2uB	265	1	B	276		PHE	2
3r2uB	266	1	B	277		ASP	2
3r2uB	267	1	B	278		LEU	2
3r2uB	268	1	B	279		ARG	2
3r2uB	269	1	B	280		SER	2
3r2uB	270	1	B	281		LYS	2
3r2uB	271	1	B	282		GLU	2
3r2uB	272	1	B	283		ALA	2
3r2uB	273	1	B	284		TYR	2
3r2uB	274	1	B	285		HIS	2
3r2uB	275	1	B	286		GLY	2
3r2uB	276	1	B	287		GLY	2
3r2uB	277	1	B	288		HIS	2
3r2uB	278	1	B	289		ILE	2
3r2uB	279	1	B	290		GLU	2
3r2uB	280	1	B	291		GLY	2
3r2uB	281	1	B	292		THR	2
3r2uB	282	1	B	293		ILE	2
3r2uB	283	1	B	294		ASN	2
3r2uB	284	1	B	295		ILE	2
3r2uB	285	1	B	296		PRO	2
3r2uB	286	1	B	297		TYR	2
3r2uB	287	1	B	298		ASP	2
3r2uB	288	1	B	299		LYS	2
3r2uB	289	1	B	300		ASN	2
3r2uB	290	1	B	301		PHE	2
3r2uB	291	1	B	302		ILE	2
3r2uB	292	1	B	303		ASN	2
3r2uB	293	1	B	304		GLN	2
3r2uB	294	1	B	305		ILE	2
3r2uB	295	1	B	306		GLY	2
3r2uB	296	1	B	307		TRP	2
3r2uB	297	1	B	308		TYR	2
3r2uB	298	1	B	309		LEU	2
3r2uB	299	1	B	310		ASN	2
3r2uB	300	1	B	311		TYR	2
3r2uB	301	1	B	312		ASP	2
3r2uB	302	1	B	313		GLN	2
3r2uB	303	1	B	314		GLU	2
3r2uB	304	1	B	315		ILE	2
3r2uB	305	1	B	316		ASN	2
3r2uB	306	1	B	317		LEU	2
3r2uB	307	1	B	318		ILE	2
3r2uB	308	1	B	319		GLY	2
3r2uB	309	1	B	320		ASP	2
3r2uB	310	1	B	321		TYR	2
3r2uB	311	1	B	322		HIS	2
3r2uB	312	1	B	323		LEU	2
3r2uB	313	1	B	324		VAL	2
3r2uB	314	1	B	325		SER	2
3r2uB	315	1	B	326		LYS	2
3r2uB	316	1	B	327		ALA	2
3r2uB	317	1	B	328		THR	2
3r2uB	318	1	B	329		HIS	2
3r2uB	319	1	B	330		THR	2
3r2uB	320	1	B	331		LEU	2
3r2uB	321	1	B	332		GLN	2
3r2uB	322	1	B	333		LEU	2
3r2uB	323	1	B	334		ILE	2
3r2uB	324	1	B	335		GLY	2
3r2uB	325	1	B	336		TYR	2
3r2uB	326	1	B	337		ASP	2
3r2uB	327	1	B	338		ASP	2
3r2uB	328	1	B	339		ILE	2
3r2uB	329	1	B	340		ALA	2
3r2uB	330	1	B	341		GLY	2
3r2uB	331	1	B	342		TYR	2
3r2uB	332	1	B	343		GLN	2
3r2uB	333	1	B	344		LEU	2
3r2uB	334	1	B	345		PRO	2
3r2uB	335	1	B	346		GLN	2
4mkxA	0	1	A	1		MET	1
4mkxA	1	1	A	2		THR	1
4mkxA	2	1	A	3		GLN	1
4mkxA	3	1	A	4		LYS	1
4mkxA	4	1	A	5		THR	1
4mkxA	5	1	A	6		ILE	1
4mkxA	6	1	A	7		LYS	1
4mkxA	7	1	A	8		ILE	1
4mkxA	8	1	A	9		GLY	1
4mkxA	9	1	A	10		ILE	1
4mkxA	10	1	A	11		VAL	1
4mkxA	11	1	A	12		GLY	1
4mkxA	12	1	A	13		LEU	1
4mkxA	13	1	A	14		GLY	1
4mkxA	14	1	A	15		ARG	1
4mkxA	15	1	A	16		LEU	1
4mkxA	16	1	A	17		GLY	1
4mkxA	17	1	A	18		LYS	1
4mkxA	18	1	A	19		ILE	1
4mkxA	19	1	A	20		HIS	1
4mkxA	20	1	A	21		ALA	1
4mkxA	21	1	A	22		THR	1
4mkxA	22	1	A	23		ASN	1
4mkxA	23	1	A	24		ILE	1
4mkxA	24	1	A	25		ALA	1
4mkxA	25	1	A	26		THR	1
4mkxA	26	1	A	27		LYS	1
4mkxA	27	1	A	28		ILE	1
4mkxA	28	1	A	29		GLN	1
4mkxA	29	1	A	30		HIS	1
4mkxA	30	1	A	31		ALA	1
4mkxA	31	1	A	32		LYS	1
4mkxA	32	1	A	33		LEU	1
4mkxA	33	1	A	34		GLN	1
4mkxA	34	1	A	35		ALA	1
4mkxA	35	1	A	36		ALA	1
4mkxA	36	1	A	37		THR	1
4mkxA	37	1	A	38		SER	1
4mkxA	38	1	A	39		VAL	1
4mkxA	39	1	A	40		VAL	1
4mkxA	40	1	A	41		PRO	1
4mkxA	41	1	A	42		ALA	1
4mkxA	42	1	A	43		GLU	1
4mkxA	43	1	A	44		LEU	1
4mkxA	44	1	A	45		ASP	1
4mkxA	45	1	A	46		TRP	1
4mkxA	46	1	A	47		ALA	1
4mkxA	47	1	A	48		LYS	1
4mkxA	48	1	A	49		LYS	1
4mkxA	49	1	A	50		GLU	1
4mkxA	50	1	A	51		LEU	1
4mkxA	51	1	A	52		GLY	1
4mkxA	52	1	A	53		VAL	1
4mkxA	53	1	A	54		GLU	1
4mkxA	54	1	A	55		GLU	1
4mkxA	55	1	A	56		VAL	1
4mkxA	56	1	A	57		PHE	1
4mkxA	57	1	A	58		GLU	1
4mkxA	58	1	A	59		ASP	1
4mkxA	59	1	A	60		PHE	1
4mkxA	60	1	A	61		ASP	1
4mkxA	61	1	A	62		ASP	1
4mkxA	62	1	A	63		MET	1
4mkxA	63	1	A	64		VAL	1
4mkxA	64	1	A	65		GLN	1
4mkxA	65	1	A	66		HIS	1
4mkxA	66	1	A	67		ALA	1
4mkxA	67	1	A	68		ASP	1
4mkxA	68	1	A	69		ILE	1
4mkxA	69	1	A	70		ASP	1
4mkxA	70	1	A	71		ALA	1
4mkxA	71	1	A	72		VAL	1
4mkxA	72	1	A	73		PHE	1
4mkxA	73	1	A	74		ILE	1
4mkxA	74	1	A	75		VAL	1
4mkxA	75	1	A	76		SER	1
4mkxA	76	1	A	77		PRO	1
4mkxA	77	1	A	78		SER	1
4mkxA	78	1	A	79		GLY	1
4mkxA	79	1	A	80		PHE	1
4mkxA	80	1	A	81		HIS	1
4mkxA	81	1	A	82		LEU	1
4mkxA	82	1	A	83		GLN	1
4mkxA	83	1	A	84		GLN	1
4mkxA	84	1	A	85		ILE	1
4mkxA	85	1	A	86		GLU	1
4mkxA	86	1	A	87		SER	1
4mkxA	87	1	A	88		ALA	1
4mkxA	88	1	A	89		LEU	1
4mkxA	89	1	A	90		ASN	1
4mkxA	90	1	A	91		ALA	1
4mkxA	91	1	A	92		GLY	1
4mkxA	92	1	A	93		LYS	1
4mkxA	93	1	A	94		HIS	1
4mkxA	94	1	A	95		VAL	1
4mkxA	95	1	A	96		PHE	1
4mkxA	96	1	A	97		SER	1
4mkxA	97	1	A	98		GLU	1
4mkxA	98	1	A	99		LYS	1
4mkxA	99	1	A	100		PRO	1
4mkxA	100	1	A	101		ILE	1
4mkxA	101	1	A	102		GLY	1
4mkxA	102	1	A	103		LEU	1
4mkxA	103	1	A	104		ASP	1
4mkxA	104	1	A	105		ILE	1
4mkxA	105	1	A	106		GLU	1
4mkxA	106	1	A	107		ALA	1
4mkxA	107	1	A	108		ILE	1
4mkxA	108	1	A	109		GLU	1
4mkxA	109	1	A	110		HIS	1
4mkxA	110	1	A	111		THR	1
4mkxA	111	1	A	112		GLN	1
4mkxA	112	1	A	113		GLN	1
4mkxA	113	1	A	114		VAL	1
4mkxA	114	1	A	115		ILE	1
4mkxA	115	1	A	116		ALA	1
4mkxA	116	1	A	117		GLN	1
4mkxA	117	1	A	118		HIS	1
4mkxA	118	1	A	119		ALA	1
4mkxA	119	1	A	120		ASN	1
4mkxA	120	1	A	121		LEU	1
4mkxA	121	1	A	122		LYS	1
4mkxA	122	1	A	123		PHE	1
4mkxA	123	1	A	124		GLN	2
4mkxA	124	1	A	125		LEU	2
4mkxA	125	1	A	126		GLY	2
4mkxA	126	1	A	127		PHE	2
4mkxA	127	1	A	128		MET	2
4mkxA	128	1	A	129		ARG	2
4mkxA	129	1	A	130		ARG	2
4mkxA	130	1	A	131		PHE	2
4mkxA	131	1	A	132		ASP	2
4mkxA	132	1	A	133		ASP	2
4mkxA	133	1	A	134		SER	2
4mkxA	134	1	A	135		TYR	2
4mkxA	135	1	A	136		ARG	2
4mkxA	136	1	A	137		TYR	2
4mkxA	137	1	A	138		ALA	2
4mkxA	138	1	A	139		LYS	2
4mkxA	139	1	A	140		GLN	2
4mkxA	140	1	A	141		LEU	2
4mkxA	141	1	A	142		VAL	2
4mkxA	142	1	A	143		ASP	2
4mkxA	143	1	A	144		GLN	2
4mkxA	144	1	A	145		GLY	2
4mkxA	145	1	A	146		LYS	2
4mkxA	146	1	A	147		ILE	2
4mkxA	147	1	A	148		GLY	2
4mkxA	148	1	A	149		ASP	2
4mkxA	149	1	A	150		ILE	2
4mkxA	150	1	A	151		THR	2
4mkxA	151	1	A	152		LEU	2
4mkxA	152	1	A	153		ILE	2
4mkxA	153	1	A	154		ARG	2
4mkxA	154	1	A	155		SER	2
4mkxA	155	1	A	156		TYR	2
4mkxA	156	1	A	157		SER	2
4mkxA	157	1	A	158		ILE	2
4mkxA	158	1	A	159		ASP	2
4mkxA	159	1	A	160		PRO	2
4mkxA	160	1	A	161		ALA	2
4mkxA	161	1	A	162		ALA	2
4mkxA	162	1	A	163		GLY	2
4mkxA	163	1	A	164		MET	2
4mkxA	164	1	A	165		ALA	2
4mkxA	165	1	A	166		SER	2
4mkxA	166	1	A	167		PHE	2
4mkxA	167	1	A	168		VAL	2
4mkxA	168	1	A	169		LYS	2
4mkxA	169	1	A	170		PHE	2
4mkxA	170	1	A	176		SER	2
4mkxA	171	1	A	177		GLY	2
4mkxA	172	1	A	178		GLY	2
4mkxA	173	1	A	179		LEU	2
4mkxA	174	1	A	180		PHE	2
4mkxA	175	1	A	181		LEU	2
4mkxA	176	1	A	182		ASP	2
4mkxA	177	1	A	183		MET	2
4mkxA	178	1	A	184		SER	2
4mkxA	179	1	A	185		ILE	2
4mkxA	180	1	A	186		HIS	2
4mkxA	181	1	A	187		ASP	2
4mkxA	182	1	A	188		ILE	2
4mkxA	183	1	A	189		ASP	2
4mkxA	184	1	A	190		VAL	2
4mkxA	185	1	A	191		ILE	2
4mkxA	186	1	A	192		ARG	2
4mkxA	187	1	A	193		TRP	2
4mkxA	188	1	A	194		PHE	2
4mkxA	189	1	A	195		THR	2
4mkxA	190	1	A	196		GLY	2
4mkxA	191	1	A	197		LYS	2
4mkxA	192	1	A	198		GLU	2
4mkxA	193	1	A	199		ILE	2
4mkxA	194	1	A	200		ASP	2
4mkxA	195	1	A	201		LYS	2
4mkxA	196	1	A	202		VAL	2
4mkxA	197	1	A	203		TRP	2
4mkxA	198	1	A	204		ALA	2
4mkxA	199	1	A	205		ILE	2
4mkxA	200	1	A	206		GLY	2
4mkxA	201	1	A	207		LEU	2
4mkxA	202	1	A	208		ASN	2
4mkxA	203	1	A	209		ARG	2
4mkxA	204	1	A	210		ALA	2
4mkxA	205	1	A	211		TYR	2
4mkxA	206	1	A	212		PRO	2
4mkxA	207	1	A	213		VAL	2
4mkxA	208	1	A	214		LEU	2
4mkxA	209	1	A	215		ASP	2
4mkxA	210	1	A	216		LYS	2
4mkxA	211	1	A	217		ALA	2
4mkxA	212	1	A	218		GLY	2
4mkxA	213	1	A	219		GLU	2
4mkxA	214	1	A	220		LEU	2
4mkxA	215	1	A	221		GLU	2
4mkxA	216	1	A	222		THR	2
4mkxA	217	1	A	223		GLY	2
4mkxA	218	1	A	224		ALA	2
4mkxA	219	1	A	225		ALA	2
4mkxA	220	1	A	226		LEU	2
4mkxA	221	1	A	227		MET	2
4mkxA	222	1	A	228		GLN	2
4mkxA	223	1	A	229		LEU	2
4mkxA	224	1	A	230		GLU	2
4mkxA	225	1	A	231		ASP	2
4mkxA	226	1	A	232		LYS	2
4mkxA	227	1	A	233		THR	2
4mkxA	228	1	A	234		MET	2
4mkxA	229	1	A	235		ALA	2
4mkxA	230	1	A	236		ILE	2
4mkxA	231	1	A	237		LEU	2
4mkxA	232	1	A	238		VAL	2
4mkxA	233	1	A	239		ALA	2
4mkxA	234	1	A	240		GLY	2
4mkxA	235	1	A	241		ARG	2
4mkxA	236	1	A	242		ASN	2
4mkxA	237	1	A	243		ALA	2
4mkxA	238	1	A	244		ALA	2
4mkxA	239	1	A	245		HIS	2
4mkxA	240	1	A	246		GLY	2
4mkxA	241	1	A	247		TYR	2
4mkxA	242	1	A	248		HIS	2
4mkxA	243	1	A	249		VAL	2
4mkxA	244	1	A	250		GLU	2
4mkxA	245	1	A	251		THR	2
4mkxA	246	1	A	252		GLU	2
4mkxA	247	1	A	253		ILE	2
4mkxA	248	1	A	254		ILE	2
4mkxA	249	1	A	255		GLY	2
4mkxA	250	1	A	256		THR	2
4mkxA	251	1	A	257		LYS	2
4mkxA	252	1	A	258		GLY	2
4mkxA	253	1	A	259		MET	2
4mkxA	254	1	A	260		LEU	2
4mkxA	255	1	A	261		ARG	2
4mkxA	256	1	A	262		ILE	2
4mkxA	257	1	A	263		ALA	2
4mkxA	258	1	A	264		GLN	2
4mkxA	259	1	A	265		VAL	2
4mkxA	260	1	A	266		PRO	2
4mkxA	261	1	A	267		GLU	2
4mkxA	262	1	A	268		LYS	2
4mkxA	263	1	A	269		ASN	2
4mkxA	264	1	A	270		LEU	2
4mkxA	265	1	A	271		VAL	2
4mkxA	266	1	A	272		THR	2
4mkxA	267	1	A	273		VAL	2
4mkxA	268	1	A	274		MET	2
4mkxA	269	1	A	275		ASN	2
4mkxA	270	1	A	276		GLU	2
4mkxA	271	1	A	277		GLU	2
4mkxA	272	1	A	278		GLY	2
4mkxA	273	1	A	279		ILE	2
4mkxA	274	1	A	280		ILE	2
4mkxA	275	1	A	281		ARG	2
4mkxA	276	1	A	282		PRO	2
4mkxA	277	1	A	283		THR	2
4mkxA	278	1	A	284		SER	2
4mkxA	279	1	A	285		GLN	2
4mkxA	280	1	A	286		ASN	2
4mkxA	281	1	A	287		PHE	2
4mkxA	282	1	A	288		PRO	2
4mkxA	283	1	A	289		GLU	2
4mkxA	284	1	A	290		ARG	2
4mkxA	285	1	A	291		PHE	2
4mkxA	286	1	A	292		ALA	2
4mkxA	287	1	A	293		GLN	2
4mkxA	288	1	A	294		ALA	2
4mkxA	289	1	A	295		PHE	2
4mkxA	290	1	A	296		LEU	2
4mkxA	291	1	A	297		SER	2
4mkxA	292	1	A	298		GLU	2
4mkxA	293	1	A	299		GLU	2
4mkxA	294	1	A	300		GLN	2
4mkxA	295	1	A	301		ALA	2
4mkxA	296	1	A	302		PHE	2
4mkxA	297	1	A	303		VAL	2
4mkxA	298	1	A	304		ASN	2
4mkxA	299	1	A	305		SER	2
4mkxA	300	1	A	306		ILE	2
4mkxA	301	1	A	307		LEU	2
4mkxA	302	1	A	308		ASN	2
4mkxA	303	1	A	309		ASN	2
4mkxA	304	1	A	310		GLN	2
4mkxA	305	1	A	311		ASP	2
4mkxA	306	1	A	312		VAL	2
4mkxA	307	1	A	313		GLY	2
4mkxA	308	1	A	314		ILE	2
4mkxA	309	1	A	315		THR	2
4mkxA	310	1	A	316		ALA	2
4mkxA	311	1	A	317		GLU	2
4mkxA	312	1	A	318		ASP	2
4mkxA	313	1	A	319		GLY	2
4mkxA	314	1	A	320		LEU	2
4mkxA	315	1	A	321		GLN	2
4mkxA	316	1	A	322		GLY	2
4mkxA	317	1	A	323		THR	2
4mkxA	318	1	A	324		LYS	2
4mkxA	319	1	A	325		ALA	2
4mkxA	320	1	A	326		ALA	2
4mkxA	321	1	A	327		LEU	2
4mkxA	322	1	A	328		ALA	2
4mkxA	323	1	A	329		LEU	2
4mkxA	324	1	A	330		GLN	2
4mkxA	325	1	A	331		GLU	2
4mkxA	326	1	A	332		ALA	2
4mkxA	327	1	A	333		PHE	2
4mkxA	328	1	A	334		GLU	2
4mkxA	329	1	A	335		LYS	2
4mkxA	330	1	A	336		ASN	2
4mkxA	331	1	A	337		ASP	2
4mkxA	332	1	A	338		ILE	2
4mkxA	333	1	A	339		VAL	2
4mkxA	334	1	A	340		GLN	2
4mkxA	335	1	A	341		VAL	2
4mkxA	336	1	A	342		ALA	2
4mkxA	337	1	A	343		SER	2
4ksyA	0	1	A	152		ASN	1
4ksyA	1	1	A	153		PHE	1
4ksyA	2	1	A	154		ASN	1
4ksyA	3	1	A	155		VAL	1
4ksyA	4	1	A	156		ALA	1
4ksyA	5	1	A	157		HIS	1
4ksyA	6	1	A	158		GLY	1
4ksyA	7	1	A	159		LEU	1
4ksyA	8	1	A	160		ALA	1
4ksyA	9	1	A	161		TRP	1
4ksyA	10	1	A	162		SER	1
4ksyA	11	1	A	163		TYR	1
4ksyA	12	1	A	164		TYR	1
4ksyA	13	1	A	165		ILE	1
4ksyA	14	1	A	166		GLY	1
4ksyA	15	1	A	167		TYR	1
4ksyA	16	1	A	168		LEU	1
4ksyA	17	1	A	169		ARG	1
4ksyA	18	1	A	170		LEU	1
4ksyA	19	1	A	171		ILE	1
4ksyA	20	1	A	172		LEU	1
4ksyA	21	1	A	173		PRO	1
4ksyA	22	1	A	174		GLU	1
4ksyA	23	1	A	175		LEU	1
4ksyA	24	1	A	176		GLN	1
4ksyA	25	1	A	177		ALA	1
4ksyA	26	1	A	178		ARG	1
4ksyA	27	1	A	179		ILE	1
4ksyA	28	1	A	180		ARG	1
4ksyA	29	1	A	181		THR	1
4ksyA	30	1	A	182		TYR	1
4ksyA	31	1	A	183		ASN	1
4ksyA	32	1	A	184		GLN	1
4ksyA	33	1	A	185		HIS	1
4ksyA	34	1	A	186		TYR	1
4ksyA	35	1	A	187		ASN	1
4ksyA	36	1	A	188		ASN	1
4ksyA	37	1	A	189		LEU	1
4ksyA	38	1	A	190		LEU	1
4ksyA	39	1	A	191		ARG	1
4ksyA	40	1	A	192		GLY	1
4ksyA	41	1	A	193		ALA	1
4ksyA	42	1	A	194		VAL	1
4ksyA	43	1	A	195		SER	1
4ksyA	44	1	A	196		GLN	1
4ksyA	45	1	A	197		ARG	1
4ksyA	46	1	A	198		LEU	1
4ksyA	47	1	A	199		TYR	1
4ksyA	48	1	A	200		ILE	1
4ksyA	49	1	A	201		LEU	1
4ksyA	50	1	A	202		LEU	1
4ksyA	51	1	A	203		PRO	1
4ksyA	52	1	A	204		LEU	1
4ksyA	53	1	A	205		ASP	1
4ksyA	54	1	A	206		CYS	1
4ksyA	55	1	A	207		GLY	1
4ksyA	56	1	A	208		VAL	1
4ksyA	57	1	A	209		PRO	1
4ksyA	58	1	A	210		ASP	1
4ksyA	59	1	A	211		ASN	1
4ksyA	60	1	A	212		LEU	1
4ksyA	61	1	A	213		SER	1
4ksyA	62	1	A	214		MET	1
4ksyA	63	1	A	215		ALA	1
4ksyA	64	1	A	216		ASP	1
4ksyA	65	1	A	217		PRO	1
4ksyA	66	1	A	218		ASN	1
4ksyA	67	1	A	219		ILE	1
4ksyA	68	1	A	220		ARG	1
4ksyA	69	1	A	221		PHE	1
4ksyA	70	1	A	222		LEU	1
4ksyA	71	1	A	223		ASP	1
4ksyA	72	1	A	224		LYS	1
4ksyA	73	1	A	225		LEU	1
4ksyA	74	1	A	226		PRO	1
4ksyA	75	1	A	227		GLN	1
4ksyA	76	1	A	228		GLN	1
4ksyA	77	1	A	229		THR	1
4ksyA	78	1	A	230		GLY	1
4ksyA	79	1	A	231		ASP	1
4ksyA	80	1	A	232		ARG	1
4ksyA	81	1	A	233		ALA	1
4ksyA	82	1	A	234		GLY	1
4ksyA	83	1	A	235		ILE	1
4ksyA	84	1	A	236		LYS	1
4ksyA	85	1	A	237		ASP	1
4ksyA	86	1	A	238		ARG	1
4ksyA	87	1	A	239		VAL	1
4ksyA	88	1	A	240		TYR	1
4ksyA	89	1	A	241		SER	1
4ksyA	90	1	A	242		ASN	1
4ksyA	91	1	A	243		SER	1
4ksyA	92	1	A	244		ILE	1
4ksyA	93	1	A	245		TYR	1
4ksyA	94	1	A	246		GLU	1
4ksyA	95	1	A	247		LEU	1
4ksyA	96	1	A	248		LEU	1
4ksyA	97	1	A	249		GLU	1
4ksyA	98	1	A	250		ASN	1
4ksyA	99	1	A	251		GLY	1
4ksyA	100	1	A	252		GLN	1
4ksyA	101	1	A	253		ARG	1
4ksyA	102	1	A	254		ALA	1
4ksyA	103	1	A	255		GLY	1
4ksyA	104	1	A	256		THR	1
4ksyA	105	1	A	257		CYS	1
4ksyA	106	1	A	258		VAL	1
4ksyA	107	1	A	259		LEU	1
4ksyA	108	1	A	260		GLU	1
4ksyA	109	1	A	261		TYR	1
4ksyA	110	1	A	262		ALA	1
4ksyA	111	1	A	263		THR	1
4ksyA	112	1	A	264		PRO	1
4ksyA	113	1	A	265		LEU	1
4ksyA	114	1	A	266		GLN	1
4ksyA	115	1	A	267		THR	1
4ksyA	116	1	A	268		LEU	1
4ksyA	117	1	A	269		PHE	1
4ksyA	118	1	A	270		ALA	1
4ksyA	119	1	A	271		MET	1
4ksyA	120	1	A	272		SER	1
4ksyA	121	1	A	273		GLN	1
4ksyA	122	1	A	274		TYR	1
4ksyA	123	1	A	275		SER	1
4ksyA	124	1	A	276		GLN	1
4ksyA	125	1	A	277		ALA	1
4ksyA	126	1	A	278		GLY	1
4ksyA	127	1	A	279		PHE	1
4ksyA	128	1	A	280		SER	1
4ksyA	129	1	A	281		ARG	1
4ksyA	130	1	A	282		GLU	1
4ksyA	131	1	A	283		ASP	1
4ksyA	132	1	A	284		ARG	1
4ksyA	133	1	A	285		LEU	1
4ksyA	134	1	A	286		GLU	1
4ksyA	135	1	A	287		GLN	1
4ksyA	136	1	A	288		ALA	1
4ksyA	137	1	A	289		LYS	1
4ksyA	138	1	A	290		LEU	1
4ksyA	139	1	A	291		PHE	1
4ksyA	140	1	A	292		CYS	1
4ksyA	141	1	A	293		ARG	1
4ksyA	142	1	A	294		THR	1
4ksyA	143	1	A	295		LEU	1
4ksyA	144	1	A	296		GLU	1
4ksyA	145	1	A	297		ASP	1
4ksyA	146	1	A	298		ILE	1
4ksyA	147	1	A	299		LEU	1
4ksyA	148	1	A	300		ALA	1
4ksyA	149	1	A	301		ASP	1
4ksyA	150	1	A	302		ALA	1
4ksyA	151	1	A	303		PRO	1
4ksyA	152	1	A	304		GLU	1
4ksyA	153	1	A	305		SER	1
4ksyA	154	1	A	306		GLN	1
4ksyA	155	1	A	307		ASN	1
4ksyA	156	1	A	308		ASN	1
4ksyA	157	1	A	309		CYS	1
4ksyA	158	1	A	310		ARG	1
4ksyA	159	1	A	311		LEU	1
4ksyA	160	1	A	312		ILE	1
4ksyA	161	1	A	313		ALA	1
4ksyA	162	1	A	314		TYR	1
4ksyA	163	1	A	315		GLN	1
4ksyA	164	1	A	316		GLU	1
4ksyA	165	1	A	317		PRO	1
4ksyA	166	1	A	322		SER	1
4ksyA	167	1	A	323		PHE	1
4ksyA	168	1	A	324		SER	1
4ksyA	169	1	A	325		LEU	1
4ksyA	170	1	A	326		SER	1
4ksyA	171	1	A	327		GLN	1
4ksyA	172	1	A	328		GLU	1
4ksyA	173	1	A	329		VAL	1
4ksyA	174	1	A	330		LEU	1
4ksyA	175	1	A	331		ARG	1
4ksyA	176	1	A	332		HIS	1
4ksyA	177	1	A	333		LEU	1
4ksyA	178	1	A	334		ARG	1
4ksyA	179	1	A	335		GLN	1
4ksyA	180	1	A	336		GLU	1
1vkwA	0	1	A	-10		GLY	0
1vkwA	1	1	A	-9		SER	0
1vkwA	2	1	A	-8		ASP	0
1vkwA	3	1	A	-7		LYS	0
1vkwA	4	1	A	-6		ILE	0
1vkwA	5	1	A	-5		HIS	0
1vkwA	6	1	A	-4		HIS	0
1vkwA	7	1	A	-3		HIS	0
1vkwA	8	1	A	-2		HIS	0
1vkwA	9	1	A	-1		HIS	0
1vkwA	10	1	A	0		HIS	0
1vkwA	11	1	A	1		MSE	1
1vkwA	12	1	A	2		ASN	1
1vkwA	13	1	A	3		ILE	1
1vkwA	14	1	A	4		PHE	1
1vkwA	15	1	A	5		GLU	1
1vkwA	16	1	A	6		ALA	1
1vkwA	17	1	A	7		ILE	1
1vkwA	18	1	A	8		GLU	1
1vkwA	19	1	A	9		ASN	1
1vkwA	20	1	A	10		ARG	1
1vkwA	21	1	A	11		HIS	1
1vkwA	22	1	A	12		SER	1
1vkwA	23	1	A	13		VAL	1
1vkwA	24	1	A	14		ARG	1
1vkwA	25	1	A	15		ASP	1
1vkwA	26	1	A	16		PHE	1
1vkwA	27	1	A	17		LEU	1
1vkwA	28	1	A	18		GLU	1
1vkwA	29	1	A	19		ARG	1
1vkwA	30	1	A	20		LYS	1
1vkwA	31	1	A	21		MSE	1
1vkwA	32	1	A	22		PRO	1
1vkwA	33	1	A	23		GLU	1
1vkwA	34	1	A	24		ARG	1
1vkwA	35	1	A	25		VAL	1
1vkwA	36	1	A	26		LYS	1
1vkwA	37	1	A	27		ASP	1
1vkwA	38	1	A	28		ASP	1
1vkwA	39	1	A	29		ILE	1
1vkwA	40	1	A	30		GLU	1
1vkwA	41	1	A	31		ASN	1
1vkwA	42	1	A	32		LEU	1
1vkwA	43	1	A	33		LEU	1
1vkwA	44	1	A	34		VAL	1
1vkwA	45	1	A	35		LYS	1
1vkwA	46	1	A	36		PHE	1
1vkwA	47	1	A	37		ILE	1
1vkwA	48	1	A	38		THR	1
1vkwA	49	1	A	39		LYS	1
1vkwA	50	1	A	40		LYS	1
1vkwA	51	1	A	41		LEU	1
1vkwA	52	1	A	42		ASP	1
1vkwA	53	1	A	43		TRP	1
1vkwA	54	1	A	44		LYS	1
1vkwA	55	1	A	45		ILE	1
1vkwA	56	1	A	46		ASN	1
1vkwA	57	1	A	47		LEU	1
1vkwA	58	1	A	48		SER	1
1vkwA	59	1	A	49		SER	1
1vkwA	60	1	A	50		PHE	1
1vkwA	61	1	A	51		PRO	1
1vkwA	62	1	A	52		SER	1
1vkwA	63	1	A	53		TYR	1
1vkwA	64	1	A	54		ILE	1
1vkwA	65	1	A	55		TYR	1
1vkwA	66	1	A	56		ALA	1
1vkwA	67	1	A	57		LYS	1
1vkwA	68	1	A	58		ALA	1
1vkwA	69	1	A	59		GLU	1
1vkwA	70	1	A	60		LYS	1
1vkwA	71	1	A	61		HIS	1
1vkwA	72	1	A	62		PHE	1
1vkwA	73	1	A	63		ASP	1
1vkwA	74	1	A	64		GLU	1
1vkwA	75	1	A	65		LEU	1
1vkwA	76	1	A	66		VAL	1
1vkwA	77	1	A	67		GLU	1
1vkwA	78	1	A	68		TYR	1
1vkwA	79	1	A	69		GLY	1
1vkwA	80	1	A	70		PHE	1
1vkwA	81	1	A	71		GLN	1
1vkwA	82	1	A	72		GLY	1
1vkwA	83	1	A	73		GLU	1
1vkwA	84	1	A	74		GLN	1
1vkwA	85	1	A	75		ILE	1
1vkwA	86	1	A	76		VAL	1
1vkwA	87	1	A	77		LEU	1
1vkwA	88	1	A	78		PHE	1
1vkwA	89	1	A	79		LEU	1
1vkwA	90	1	A	80		THR	1
1vkwA	91	1	A	81		ALA	1
1vkwA	92	1	A	82		GLN	1
1vkwA	93	1	A	83		GLY	1
1vkwA	94	1	A	84		PHE	1
1vkwA	95	1	A	85		GLY	1
1vkwA	96	1	A	86		THR	1
1vkwA	97	1	A	87		CYS	1
1vkwA	98	1	A	88		TRP	1
1vkwA	99	1	A	89		MSE	1
1vkwA	100	1	A	90		ALA	1
1vkwA	101	1	A	91		ARG	1
1vkwA	102	1	A	92		SER	1
1vkwA	103	1	A	93		PRO	1
1vkwA	104	1	A	94		HIS	1
1vkwA	105	1	A	95		PRO	1
1vkwA	106	1	A	96		ASP	1
1vkwA	107	1	A	97		VAL	1
1vkwA	108	1	A	98		PRO	1
1vkwA	109	1	A	99		TYR	1
1vkwA	110	1	A	100		ILE	1
1vkwA	111	1	A	101		ILE	1
1vkwA	112	1	A	102		VAL	1
1vkwA	113	1	A	103		PHE	1
1vkwA	114	1	A	104		GLY	1
1vkwA	115	1	A	105		TYR	1
1vkwA	116	1	A	106		PRO	1
1vkwA	117	1	A	107		ARG	1
1vkwA	118	1	A	108		THR	1
1vkwA	119	1	A	109		ARG	1
1vkwA	120	1	A	110		ASN	1
1vkwA	121	1	A	111		PHE	1
1vkwA	122	1	A	112		THR	1
1vkwA	123	1	A	113		ARG	2
1vkwA	124	1	A	114		LYS	2
1vkwA	125	1	A	115		ARG	2
1vkwA	126	1	A	116		ARG	2
1vkwA	127	1	A	117		PRO	2
1vkwA	128	1	A	118		ILE	2
1vkwA	129	1	A	119		THR	2
1vkwA	130	1	A	120		SER	2
1vkwA	131	1	A	121		PHE	2
1vkwA	132	1	A	122		LEU	2
1vkwA	133	1	A	123		GLU	2
1vkwA	134	1	A	124		ASN	2
1vkwA	135	1	A	125		ASP	2
1vkwA	136	1	A	126		LEU	2
1vkwA	137	1	A	127		GLU	2
1vkwA	138	1	A	128		GLU	2
1vkwA	139	1	A	129		LEU	2
1vkwA	140	1	A	130		PRO	2
1vkwA	141	1	A	131		PRO	2
1vkwA	142	1	A	132		GLU	2
1vkwA	143	1	A	133		ILE	2
1vkwA	144	1	A	134		VAL	2
1vkwA	145	1	A	135		LYS	2
1vkwA	146	1	A	136		ILE	2
1vkwA	147	1	A	137		VAL	2
1vkwA	148	1	A	138		GLU	2
1vkwA	149	1	A	139		MSE	2
1vkwA	150	1	A	140		THR	2
1vkwA	151	1	A	141		ILE	2
1vkwA	152	1	A	142		LEU	2
1vkwA	153	1	A	143		ALA	2
1vkwA	154	1	A	144		PRO	2
1vkwA	155	1	A	145		SER	2
1vkwA	156	1	A	146		ALA	2
1vkwA	157	1	A	147		LEU	2
1vkwA	158	1	A	148		ASN	2
1vkwA	159	1	A	149		ARG	2
1vkwA	160	1	A	150		GLN	2
1vkwA	161	1	A	151		PRO	2
1vkwA	162	1	A	152		TRP	2
1vkwA	163	1	A	153		LYS	2
1vkwA	164	1	A	154		ILE	2
1vkwA	165	1	A	155		LYS	2
1vkwA	166	1	A	156		TYR	2
1vkwA	167	1	A	157		THR	2
1vkwA	168	1	A	158		GLY	2
1vkwA	169	1	A	159		GLY	2
1vkwA	170	1	A	160		GLU	2
1vkwA	171	1	A	161		LEU	2
1vkwA	172	1	A	162		CYS	2
1vkwA	173	1	A	163		ILE	2
1vkwA	174	1	A	164		SER	2
1vkwA	175	1	A	165		SER	2
1vkwA	176	1	A	166		GLU	2
1vkwA	177	1	A	167		ARG	2
1vkwA	178	1	A	168		PRO	2
1vkwA	179	1	A	169		VAL	2
1vkwA	180	1	A	170		ASP	2
1vkwA	181	1	A	171		LEU	2
1vkwA	182	1	A	172		GLY	2
1vkwA	183	1	A	173		ILE	2
1vkwA	184	1	A	174		ALA	2
1vkwA	185	1	A	175		LEU	2
1vkwA	186	1	A	176		SER	2
1vkwA	187	1	A	177		HIS	2
1vkwA	188	1	A	178		ALA	2
1vkwA	189	1	A	179		TYR	2
1vkwA	190	1	A	180		LEU	2
1vkwA	191	1	A	181		THR	2
1vkwA	192	1	A	182		ALA	2
1vkwA	193	1	A	183		ARG	2
1vkwA	194	1	A	184		GLU	2
1vkwA	195	1	A	185		ILE	2
1vkwA	196	1	A	186		PHE	2
1vkwA	197	1	A	187		LYS	2
1vkwA	198	1	A	188		ARG	2
1vkwA	199	1	A	189		GLU	2
1vkwA	200	1	A	190		PRO	2
1vkwA	201	1	A	191		VAL	2
1vkwA	202	1	A	192		ILE	2
1vkwA	203	1	A	193		GLN	2
1vkwA	204	1	A	194		LYS	2
1vkwA	205	1	A	195		ARG	2
1vkwA	206	1	A	196		GLY	2
1vkwA	207	1	A	197		GLU	2
1vkwA	208	1	A	198		ASP	2
1vkwA	209	1	A	199		THR	2
1vkwA	210	1	A	200		TYR	2
1vkwA	211	1	A	201		CYS	2
1vkwA	212	1	A	202		LEU	2
1vkwA	213	1	A	203		ILE	2
1vkwA	214	1	A	204		LEU	2
1vkwA	215	1	A	205		ASN	2
1vkwA	216	1	A	206		PRO	2
4c3xA	0	1	A	3		ASP	1
4c3xA	1	1	A	4		TRP	1
4c3xA	2	1	A	5		THR	1
4c3xA	3	1	A	6		SER	1
4c3xA	4	1	A	7		GLU	1
4c3xA	5	1	A	8		CYS	1
4c3xA	6	1	A	9		ASP	1
4c3xA	7	1	A	10		VAL	1
4c3xA	8	1	A	11		LEU	1
4c3xA	9	1	A	12		VAL	1
4c3xA	10	1	A	13		VAL	1
4c3xA	11	1	A	14		GLY	1
4c3xA	12	1	A	15		SER	1
4c3xA	13	1	A	16		GLY	1
4c3xA	14	1	A	17		GLY	1
4c3xA	15	1	A	18		GLY	1
4c3xA	16	1	A	19		ALA	1
4c3xA	17	1	A	20		LEU	1
4c3xA	18	1	A	21		THR	1
4c3xA	19	1	A	22		GLY	1
4c3xA	20	1	A	23		ALA	1
4c3xA	21	1	A	24		TYR	1
4c3xA	22	1	A	25		THR	1
4c3xA	23	1	A	26		ALA	1
4c3xA	24	1	A	27		ALA	1
4c3xA	25	1	A	28		ALA	1
4c3xA	26	1	A	29		GLN	1
4c3xA	27	1	A	30		GLY	1
4c3xA	28	1	A	31		LEU	1
4c3xA	29	1	A	32		THR	1
4c3xA	30	1	A	33		THR	1
4c3xA	31	1	A	34		ILE	1
4c3xA	32	1	A	35		VAL	1
4c3xA	33	1	A	36		LEU	1
4c3xA	34	1	A	37		GLU	1
4c3xA	35	1	A	38		LYS	1
4c3xA	36	1	A	39		THR	1
4c3xA	37	1	A	40		ASP	1
4c3xA	38	1	A	41		ARG	1
4c3xA	39	1	A	42		PHE	1
4c3xA	40	1	A	43		GLY	3
4c3xA	41	1	A	44		GLY	3
4c3xA	42	1	A	45		THR	3
4c3xA	43	1	A	46		SER	3
4c3xA	44	1	A	47		ALA	3
4c3xA	45	1	A	48		TYR	3
4c3xA	46	1	A	49		SER	3
4c3xA	47	1	A	50		GLY	3
4c3xA	48	1	A	51		ALA	3
4c3xA	49	1	A	52		SER	3
4c3xA	50	1	A	53		ILE	3
4c3xA	51	1	A	54		TRP	3
4c3xA	52	1	A	55		LEU	3
4c3xA	53	1	A	56		PRO	3
4c3xA	54	1	A	57		GLY	3
4c3xA	55	1	A	58		THR	3
4c3xA	56	1	A	59		GLN	3
4c3xA	57	1	A	60		VAL	3
4c3xA	58	1	A	61		GLN	3
4c3xA	59	1	A	62		GLU	3
4c3xA	60	1	A	63		ARG	3
4c3xA	61	1	A	64		ALA	3
4c3xA	62	1	A	65		GLY	3
4c3xA	63	1	A	66		LEU	3
4c3xA	64	1	A	67		PRO	3
4c3xA	65	1	A	68		ASP	3
4c3xA	66	1	A	69		SER	3
4c3xA	67	1	A	70		THR	3
4c3xA	68	1	A	71		GLU	3
4c3xA	69	1	A	72		ASN	3
4c3xA	70	1	A	73		ALA	3
4c3xA	71	1	A	74		ARG	3
4c3xA	72	1	A	75		THR	3
4c3xA	73	1	A	76		TYR	3
4c3xA	74	1	A	77		LEU	3
4c3xA	75	1	A	78		ARG	3
4c3xA	76	1	A	79		ALA	3
4c3xA	77	1	A	80		LEU	3
4c3xA	78	1	A	81		LEU	3
4c3xA	79	1	A	82		GLY	3
4c3xA	80	1	A	83		ASP	3
4c3xA	81	1	A	84		ALA	3
4c3xA	82	1	A	85		GLU	3
4c3xA	83	1	A	86		SER	3
4c3xA	84	1	A	87		GLU	3
4c3xA	85	1	A	88		ARG	3
4c3xA	86	1	A	89		GLN	3
4c3xA	87	1	A	90		ASP	3
4c3xA	88	1	A	91		ALA	3
4c3xA	89	1	A	92		TYR	3
4c3xA	90	1	A	93		VAL	3
4c3xA	91	1	A	94		GLU	3
4c3xA	92	1	A	95		THR	3
4c3xA	93	1	A	96		ALA	3
4c3xA	94	1	A	97		PRO	3
4c3xA	95	1	A	98		ALA	3
4c3xA	96	1	A	99		VAL	3
4c3xA	97	1	A	100		VAL	3
4c3xA	98	1	A	101		ALA	3
4c3xA	99	1	A	102		LEU	3
4c3xA	100	1	A	103		LEU	3
4c3xA	101	1	A	104		GLU	3
4c3xA	102	1	A	105		GLN	3
4c3xA	103	1	A	106		ASN	3
4c3xA	104	1	A	107		PRO	3
4c3xA	105	1	A	108		ASN	3
4c3xA	106	1	A	109		ILE	3
4c3xA	107	1	A	110		GLU	3
4c3xA	108	1	A	111		PHE	3
4c3xA	109	1	A	112		GLU	3
4c3xA	110	1	A	113		PHE	3
4c3xA	111	1	A	114		ARG	3
4c3xA	112	1	A	115		ALA	3
4c3xA	113	1	A	116		PHE	3
4c3xA	114	1	A	117		PRO	3
4c3xA	115	1	A	118		ASP	3
4c3xA	116	1	A	119		TYR	3
4c3xA	117	1	A	120		TYR	3
4c3xA	118	1	A	121		LYS	3
4c3xA	119	1	A	122		ALA	3
4c3xA	120	1	A	123		GLU	3
4c3xA	121	1	A	124		GLY	3
4c3xA	122	1	A	125		ARG	3
4c3xA	123	1	A	126		MET	3
4c3xA	124	1	A	127		ASP	3
4c3xA	125	1	A	128		THR	3
4c3xA	126	1	A	129		GLY	3
4c3xA	127	1	A	130		ARG	3
4c3xA	128	1	A	131		SER	3
4c3xA	129	1	A	132		ILE	3
4c3xA	130	1	A	133		ASN	3
4c3xA	131	1	A	134		PRO	3
4c3xA	132	1	A	135		LEU	3
4c3xA	133	1	A	136		ASP	4
4c3xA	134	1	A	137		LEU	4
4c3xA	135	1	A	138		ASP	4
4c3xA	136	1	A	139		PRO	4
4c3xA	137	1	A	140		ALA	4
4c3xA	138	1	A	141		ASP	4
4c3xA	139	1	A	142		ILE	4
4c3xA	140	1	A	143		GLY	4
4c3xA	141	1	A	144		ASP	4
4c3xA	142	1	A	145		LEU	4
4c3xA	143	1	A	146		ALA	4
4c3xA	144	1	A	147		GLY	4
4c3xA	145	1	A	148		LYS	4
4c3xA	146	1	A	149		VAL	4
4c3xA	147	1	A	150		ARG	4
4c3xA	148	1	A	151		PRO	4
4c3xA	149	1	A	152		GLU	4
4c3xA	150	1	A	153		LEU	4
4c3xA	151	1	A	154		ASP	4
4c3xA	152	1	A	155		GLN	4
4c3xA	153	1	A	156		ASP	4
4c3xA	154	1	A	157		ARG	4
4c3xA	155	1	A	158		THR	4
4c3xA	156	1	A	159		GLY	4
4c3xA	157	1	A	160		GLN	4
4c3xA	158	1	A	161		ASP	4
4c3xA	159	1	A	162		HIS	4
4c3xA	160	1	A	163		ALA	4
4c3xA	161	1	A	164		PRO	4
4c3xA	162	1	A	165		GLY	4
4c3xA	163	1	A	166		PRO	4
4c3xA	164	1	A	167		MET	4
4c3xA	165	1	A	168		ILE	4
4c3xA	166	1	A	169		GLY	4
4c3xA	167	1	A	170		GLY	4
4c3xA	168	1	A	171		ARG	4
4c3xA	169	1	A	172		ALA	4
4c3xA	170	1	A	173		LEU	4
4c3xA	171	1	A	174		ILE	4
4c3xA	172	1	A	175		GLY	4
4c3xA	173	1	A	176		ARG	4
4c3xA	174	1	A	177		LEU	4
4c3xA	175	1	A	178		LEU	1
4c3xA	176	1	A	179		ALA	1
4c3xA	177	1	A	180		ALA	1
4c3xA	178	1	A	181		VAL	1
4c3xA	179	1	A	182		GLN	1
4c3xA	180	1	A	183		SER	1
4c3xA	181	1	A	184		THR	1
4c3xA	182	1	A	185		GLY	1
4c3xA	183	1	A	186		LYS	1
4c3xA	184	1	A	187		ALA	1
4c3xA	185	1	A	188		GLU	1
4c3xA	186	1	A	189		LEU	1
4c3xA	187	1	A	190		ARG	1
4c3xA	188	1	A	191		THR	1
4c3xA	189	1	A	192		GLU	1
4c3xA	190	1	A	193		SER	1
4c3xA	191	1	A	194		VAL	1
4c3xA	192	1	A	195		LEU	1
4c3xA	193	1	A	196		THR	1
4c3xA	194	1	A	197		SER	1
4c3xA	195	1	A	198		LEU	1
4c3xA	196	1	A	199		ILE	1
4c3xA	197	1	A	200		VAL	1
4c3xA	198	1	A	201		GLU	1
4c3xA	199	1	A	202		ASP	1
4c3xA	200	1	A	203		GLY	1
4c3xA	201	1	A	204		ARG	1
4c3xA	202	1	A	205		VAL	1
4c3xA	203	1	A	206		VAL	1
4c3xA	204	1	A	207		GLY	1
4c3xA	205	1	A	208		ALA	1
4c3xA	206	1	A	209		GLU	1
4c3xA	207	1	A	210		VAL	1
4c3xA	208	1	A	211		GLU	1
4c3xA	209	1	A	212		SER	1
4c3xA	210	1	A	213		GLY	1
4c3xA	211	1	A	214		GLY	1
4c3xA	212	1	A	215		GLU	1
4c3xA	213	1	A	216		THR	1
4c3xA	214	1	A	217		GLN	1
4c3xA	215	1	A	218		ARG	1
4c3xA	216	1	A	219		ILE	1
4c3xA	217	1	A	220		LYS	1
4c3xA	218	1	A	221		ALA	1
4c3xA	219	1	A	222		ASN	1
4c3xA	220	1	A	223		ARG	1
4c3xA	221	1	A	224		GLY	1
4c3xA	222	1	A	225		VAL	1
4c3xA	223	1	A	226		LEU	1
4c3xA	224	1	A	227		MET	1
4c3xA	225	1	A	228		ALA	1
4c3xA	226	1	A	229		ALA	2
4c3xA	227	1	A	230		GLY	2
4c3xA	228	1	A	231		GLY	2
4c3xA	229	1	A	232		ILE	2
4c3xA	230	1	A	233		GLU	2
4c3xA	231	1	A	234		GLY	2
4c3xA	232	1	A	235		ASN	2
4c3xA	233	1	A	236		ALA	2
4c3xA	234	1	A	237		GLU	2
4c3xA	235	1	A	238		MET	2
4c3xA	236	1	A	239		ARG	2
4c3xA	237	1	A	240		GLU	2
4c3xA	238	1	A	241		GLN	2
4c3xA	239	1	A	242		ALA	2
4c3xA	240	1	A	243		GLY	2
4c3xA	241	1	A	244		THR	2
4c3xA	242	1	A	245		PRO	2
4c3xA	243	1	A	246		GLY	2
4c3xA	244	1	A	247		LYS	2
4c3xA	245	1	A	248		ALA	2
4c3xA	246	1	A	249		ILE	2
4c3xA	247	1	A	250		TRP	2
4c3xA	248	1	A	251		SER	2
4c3xA	249	1	A	252		MET	2
4c3xA	250	1	A	253		GLY	2
4c3xA	251	1	A	254		PRO	2
4c3xA	252	1	A	255		PHE	2
4c3xA	253	1	A	256		GLY	2
4c3xA	254	1	A	257		ALA	2
4c3xA	255	1	A	258		ASN	2
4c3xA	256	1	A	259		THR	2
4c3xA	257	1	A	260		GLY	2
4c3xA	258	1	A	261		ASP	2
4c3xA	259	1	A	262		ALA	2
4c3xA	260	1	A	263		ILE	2
4c3xA	261	1	A	264		SER	2
4c3xA	262	1	A	265		ALA	2
4c3xA	263	1	A	266		GLY	2
4c3xA	264	1	A	267		ILE	2
4c3xA	265	1	A	268		ALA	2
4c3xA	266	1	A	269		VAL	2
4c3xA	267	1	A	270		GLY	2
4c3xA	268	1	A	271		GLY	2
4c3xA	269	1	A	272		ALA	2
4c3xA	270	1	A	273		THR	2
4c3xA	271	1	A	274		ALA	2
4c3xA	272	1	A	275		LEU	2
4c3xA	273	1	A	276		LEU	2
4c3xA	274	1	A	277		ASP	2
4c3xA	275	1	A	278		GLN	2
4c3xA	276	1	A	279		ALA	2
4c3xA	277	1	A	280		TRP	2
4c3xA	278	1	A	281		PHE	5
4c3xA	279	1	A	282		CYS	5
4c3xA	280	1	A	283		PRO	5
4c3xA	281	1	A	284		GLY	5
4c3xA	282	1	A	285		VAL	5
4c3xA	283	1	A	286		GLU	5
4c3xA	284	1	A	287		GLN	5
4c3xA	285	1	A	288		PRO	5
4c3xA	286	1	A	289		ASP	5
4c3xA	287	1	A	290		GLY	5
4c3xA	288	1	A	291		SER	5
4c3xA	289	1	A	292		ALA	5
4c3xA	290	1	A	293		ALA	5
4c3xA	291	1	A	294		PHE	5
4c3xA	292	1	A	295		MET	5
4c3xA	293	1	A	296		VAL	5
4c3xA	294	1	A	297		GLY	5
4c3xA	295	1	A	298		VAL	5
4c3xA	296	1	A	299		ARG	5
4c3xA	297	1	A	300		GLY	5
4c3xA	298	1	A	301		GLY	5
4c3xA	299	1	A	302		LEU	5
4c3xA	300	1	A	303		VAL	5
4c3xA	301	1	A	304		VAL	5
4c3xA	302	1	A	305		ASP	5
4c3xA	303	1	A	306		SER	5
4c3xA	304	1	A	307		ALA	5
4c3xA	305	1	A	308		GLY	5
4c3xA	306	1	A	309		GLU	5
4c3xA	307	1	A	310		ARG	5
4c3xA	308	1	A	311		TYR	5
4c3xA	309	1	A	312		LEU	5
4c3xA	310	1	A	313		ASN	5
4c3xA	311	1	A	314		GLU	5
4c3xA	312	1	A	315		SER	5
4c3xA	313	1	A	316		LEU	5
4c3xA	314	1	A	317		PRO	5
4c3xA	315	1	A	318		TYR	5
4c3xA	316	1	A	319		ASP	5
4c3xA	317	1	A	320		GLN	5
4c3xA	318	1	A	321		PHE	5
4c3xA	319	1	A	322		GLY	5
4c3xA	320	1	A	323		ARG	5
4c3xA	321	1	A	324		ALA	5
4c3xA	322	1	A	325		MET	5
4c3xA	323	1	A	326		ASP	5
4c3xA	324	1	A	327		ALA	5
4c3xA	325	1	A	328		HIS	5
4c3xA	326	1	A	329		ASP	5
4c3xA	327	1	A	330		ASP	5
4c3xA	328	1	A	331		ASN	5
4c3xA	329	1	A	332		GLY	5
4c3xA	330	1	A	333		SER	5
4c3xA	331	1	A	334		ALA	5
4c3xA	332	1	A	335		VAL	5
4c3xA	333	1	A	336		PRO	5
4c3xA	334	1	A	337		SER	5
4c3xA	335	1	A	338		PHE	5
4c3xA	336	1	A	339		MET	5
4c3xA	337	1	A	340		ILE	5
4c3xA	338	1	A	341		PHE	5
4c3xA	339	1	A	342		ASP	5
4c3xA	340	1	A	343		SER	5
4c3xA	341	1	A	344		ARG	5
4c3xA	342	1	A	345		GLU	5
4c3xA	343	1	A	346		GLY	5
4c3xA	344	1	A	347		GLY	5
4c3xA	345	1	A	348		GLY	5
4c3xA	346	1	A	349		LEU	5
4c3xA	347	1	A	350		PRO	5
4c3xA	348	1	A	351		ALA	5
4c3xA	349	1	A	352		ILE	5
4c3xA	350	1	A	353		CYS	5
4c3xA	351	1	A	354		ILE	5
4c3xA	352	1	A	355		PRO	5
4c3xA	353	1	A	356		ASN	5
4c3xA	354	1	A	357		THR	5
4c3xA	355	1	A	358		ALA	5
4c3xA	356	1	A	359		PRO	5
4c3xA	357	1	A	360		ALA	5
4c3xA	358	1	A	361		LYS	5
4c3xA	359	1	A	362		HIS	5
4c3xA	360	1	A	363		LEU	5
4c3xA	361	1	A	364		GLU	5
4c3xA	362	1	A	365		ALA	5
4c3xA	363	1	A	366		GLY	5
4c3xA	364	1	A	367		THR	5
4c3xA	365	1	A	368		TRP	5
4c3xA	366	1	A	369		VAL	5
4c3xA	367	1	A	370		GLY	5
4c3xA	368	1	A	371		ALA	5
4c3xA	369	1	A	372		ASP	5
4c3xA	370	1	A	373		THR	5
4c3xA	371	1	A	374		LEU	5
4c3xA	372	1	A	375		GLU	5
4c3xA	373	1	A	376		GLU	5
4c3xA	374	1	A	377		LEU	5
4c3xA	375	1	A	378		ALA	5
4c3xA	376	1	A	379		ALA	5
4c3xA	377	1	A	380		LYS	5
4c3xA	378	1	A	381		THR	5
4c3xA	379	1	A	382		GLY	5
4c3xA	380	1	A	383		LEU	5
4c3xA	381	1	A	384		PRO	5
4c3xA	382	1	A	385		ALA	5
4c3xA	383	1	A	386		ASP	5
4c3xA	384	1	A	387		ALA	5
4c3xA	385	1	A	388		LEU	5
4c3xA	386	1	A	389		ARG	5
4c3xA	387	1	A	390		SER	5
4c3xA	388	1	A	391		THR	5
4c3xA	389	1	A	392		VAL	5
4c3xA	390	1	A	393		GLU	5
4c3xA	391	1	A	394		LYS	5
4c3xA	392	1	A	395		PHE	5
4c3xA	393	1	A	396		ASN	5
4c3xA	394	1	A	397		ASP	5
4c3xA	395	1	A	398		ALA	5
4c3xA	396	1	A	399		ALA	5
4c3xA	397	1	A	400		LYS	5
4c3xA	398	1	A	401		LEU	5
4c3xA	399	1	A	402		GLY	5
4c3xA	400	1	A	403		VAL	5
4c3xA	401	1	A	404		ASP	5
4c3xA	402	1	A	405		GLU	5
4c3xA	403	1	A	406		GLU	5
4c3xA	404	1	A	407		PHE	5
4c3xA	405	1	A	408		HIS	5
4c3xA	406	1	A	409		ARG	5
4c3xA	407	1	A	410		GLY	5
4c3xA	408	1	A	411		GLU	5
4c3xA	409	1	A	412		ASP	5
4c3xA	410	1	A	413		PRO	5
4c3xA	411	1	A	414		TYR	5
4c3xA	412	1	A	415		ASP	5
4c3xA	413	1	A	416		ALA	5
4c3xA	414	1	A	417		PHE	5
4c3xA	415	1	A	418		PHE	5
4c3xA	416	1	A	419		CYS	5
4c3xA	417	1	A	420		PRO	5
4c3xA	418	1	A	421		PRO	5
4c3xA	419	1	A	422		ASN	5
4c3xA	420	1	A	423		GLY	5
4c3xA	421	1	A	424		GLY	5
4c3xA	422	1	A	425		ALA	5
4c3xA	423	1	A	426		ASN	5
4c3xA	424	1	A	427		ALA	5
4c3xA	425	1	A	428		ALA	5
4c3xA	426	1	A	429		LEU	5
4c3xA	427	1	A	430		THR	5
4c3xA	428	1	A	431		ALA	5
4c3xA	429	1	A	432		ILE	5
4c3xA	430	1	A	433		GLU	5
4c3xA	431	1	A	434		ASN	5
4c3xA	432	1	A	435		GLY	5
4c3xA	433	1	A	436		PRO	5
4c3xA	434	1	A	437		PHE	5
4c3xA	435	1	A	438		TYR	5
4c3xA	436	1	A	439		ALA	5
4c3xA	437	1	A	440		ALA	5
4c3xA	438	1	A	441		ARG	5
4c3xA	439	1	A	442		ILE	5
4c3xA	440	1	A	443		VAL	5
4c3xA	441	1	A	444		LEU	5
4c3xA	442	1	A	445		SER	5
4c3xA	443	1	A	446		ASP	2
4c3xA	444	1	A	447		LEU	2
4c3xA	445	1	A	448		GLY	2
4c3xA	446	1	A	449		THR	2
4c3xA	447	1	A	450		LYS	2
4c3xA	448	1	A	451		GLY	2
4c3xA	449	1	A	452		GLY	2
4c3xA	450	1	A	453		LEU	2
4c3xA	451	1	A	454		VAL	2
4c3xA	452	1	A	455		THR	2
4c3xA	453	1	A	456		ASP	2
4c3xA	454	1	A	457		VAL	2
4c3xA	455	1	A	458		ASN	2
4c3xA	456	1	A	459		GLY	2
4c3xA	457	1	A	460		ARG	2
4c3xA	458	1	A	461		VAL	2
4c3xA	459	1	A	462		LEU	2
4c3xA	460	1	A	463		ARG	2
4c3xA	461	1	A	464		ALA	2
4c3xA	462	1	A	465		ASP	2
4c3xA	463	1	A	466		GLY	2
4c3xA	464	1	A	467		SER	2
4c3xA	465	1	A	468		ALA	2
4c3xA	466	1	A	469		ILE	2
4c3xA	467	1	A	470		ASP	2
4c3xA	468	1	A	471		GLY	2
4c3xA	469	1	A	472		LEU	2
4c3xA	470	1	A	473		TYR	2
4c3xA	471	1	A	474		ALA	2
4c3xA	472	1	A	475		ALA	2
4c3xA	473	1	A	476		GLY	2
4c3xA	474	1	A	477		ASN	2
4c3xA	475	1	A	478		THR	2
4c3xA	476	1	A	479		SER	2
4c3xA	477	1	A	480		ALA	2
4c3xA	478	1	A	481		SER	2
4c3xA	479	1	A	482		LEU	3
4c3xA	480	1	A	483		SER	3
4c3xA	481	1	A	484		GLY	3
4c3xA	482	1	A	485		ARG	3
4c3xA	483	1	A	486		PHE	3
4c3xA	484	1	A	487		TYR	3
4c3xA	485	1	A	488		PRO	3
4c3xA	486	1	A	489		GLY	3
4c3xA	487	1	A	490		PRO	3
4c3xA	488	1	A	491		GLY	3
4c3xA	489	1	A	492		VAL	3
4c3xA	490	1	A	493		PRO	3
4c3xA	491	1	A	494		LEU	3
4c3xA	492	1	A	495		GLY	3
4c3xA	493	1	A	496		THR	3
4c3xA	494	1	A	497		ALA	1
4c3xA	495	1	A	498		MET	1
4c3xA	496	1	A	499		VAL	1
4c3xA	497	1	A	500		PHE	1
4c3xA	498	1	A	501		SER	1
4c3xA	499	1	A	502		TYR	1
4c3xA	500	1	A	503		ARG	1
4c3xA	501	1	A	504		ALA	1
4c3xA	502	1	A	505		ALA	1
4c3xA	503	1	A	506		GLN	1
4c3xA	504	1	A	507		ASP	1
4c3xA	505	1	A	508		MET	1
4c3xA	506	1	A	509		ALA	1
4c3xA	507	1	A	510		LYS	1
4f1vA	0	1	A	1000		MET	1
4f1vA	1	1	A	1001		ASP	1
4f1vA	2	1	A	1002		ILE	1
4f1vA	3	1	A	1003		ASN	1
4f1vA	4	1	A	1004		GLY	1
4f1vA	5	1	A	1005		GLY	1
4f1vA	6	1	A	1006		GLY	1
4f1vA	7	1	A	1007		ALA	1
4f1vA	8	1	A	1008		THR	1
4f1vA	9	1	A	1009		LEU	1
4f1vA	10	1	A	1010		PRO	1
4f1vA	11	1	A	1011		GLN	1
4f1vA	12	1	A	1012		ALA	1
4f1vA	13	1	A	1013		LEU	1
4f1vA	14	1	A	1014		TYR	1
4f1vA	15	1	A	1015		GLN	1
4f1vA	16	1	A	1016		THR	1
4f1vA	17	1	A	1017		SER	1
4f1vA	18	1	A	1018		GLY	1
4f1vA	19	1	A	1019		VAL	1
4f1vA	20	1	A	1020		LEU	1
4f1vA	21	1	A	1021		THR	1
4f1vA	22	1	A	1022		ALA	1
4f1vA	23	1	A	1023		GLY	1
4f1vA	24	1	A	1024		PHE	1
4f1vA	25	1	A	1025		ALA	1
4f1vA	26	1	A	1026		GLN	1
4f1vA	27	1	A	1027		TYR	1
4f1vA	28	1	A	1028		ILE	1
4f1vA	29	1	A	1029		GLY	1
4f1vA	30	1	A	1030		VAL	1
4f1vA	31	1	A	1031		GLY	1
4f1vA	32	1	A	1032		SER	1
4f1vA	33	1	A	1033		GLY	1
4f1vA	34	1	A	1034		ASN	1
4f1vA	35	1	A	1035		GLY	1
4f1vA	36	1	A	1036		LYS	1
4f1vA	37	1	A	1037		ALA	1
4f1vA	38	1	A	1038		ALA	1
4f1vA	39	1	A	1039		PHE	1
4f1vA	40	1	A	1040		LEU	1
4f1vA	41	1	A	1041		ASN	1
4f1vA	42	1	A	1042		ASN	1
4f1vA	43	1	A	1043		ASP	1
4f1vA	44	1	A	1044		TYR	1
4f1vA	45	1	A	1045		THR	1
4f1vA	46	1	A	1046		LYS	1
4f1vA	47	1	A	1047		PHE	1
4f1vA	48	1	A	1048		GLN	1
4f1vA	49	1	A	1049		ALA	1
4f1vA	50	1	A	1050		GLY	1
4f1vA	51	1	A	1051		VAL	1
4f1vA	52	1	A	1052		THR	1
4f1vA	53	1	A	1053		ASN	1
4f1vA	54	1	A	1054		LYS	1
4f1vA	55	1	A	1055		ASN	1
4f1vA	56	1	A	1056		VAL	1
4f1vA	57	1	A	1057		HIS	1
4f1vA	58	1	A	1058		TRP	1
4f1vA	59	1	A	1059		ALA	1
4f1vA	60	1	A	1060		GLY	1
4f1vA	61	1	A	1061		SER	1
4f1vA	62	1	A	1062		ASP	1
4f1vA	63	1	A	1063		SER	1
4f1vA	64	1	A	1064		LYS	1
4f1vA	65	1	A	1065		LEU	1
4f1vA	66	1	A	1066		SER	1
4f1vA	67	1	A	1067		ALA	1
4f1vA	68	1	A	1068		THR	1
4f1vA	69	1	A	1069		GLU	1
4f1vA	70	1	A	1070		LEU	1
4f1vA	71	1	A	1071		SER	1
4f1vA	72	1	A	1072		THR	1
4f1vA	73	1	A	1073		TYR	1
4f1vA	74	1	A	1074		ALA	1
4f1vA	75	1	A	1075		SER	1
4f1vA	76	1	A	1076		ALA	1
4f1vA	77	1	A	1077		LYS	1
4f1vA	78	1	A	1078		GLN	1
4f1vA	79	1	A	1079		PRO	1
4f1vA	80	1	A	1080		THR	1
4f1vA	81	1	A	1081		TRP	1
4f1vA	82	1	A	1082		GLY	1
4f1vA	83	1	A	1083		LYS	1
4f1vA	84	1	A	1084		LEU	1
4f1vA	85	1	A	1085		ILE	1
4f1vA	86	1	A	1086		GLN	1
4f1vA	87	1	A	1087		VAL	1
4f1vA	88	1	A	1088		PRO	1
4f1vA	89	1	A	1089		SER	1
4f1vA	90	1	A	1090		VAL	1
4f1vA	91	1	A	1091		GLY	1
4f1vA	92	1	A	1092		THR	1
4f1vA	93	1	A	1093		SER	1
4f1vA	94	1	A	1094		VAL	2
4f1vA	95	1	A	1095		ALA	2
4f1vA	96	1	A	1096		ILE	2
4f1vA	97	1	A	1097		PRO	2
4f1vA	98	1	A	1098		PHE	2
4f1vA	99	1	A	1099		ASN	2
4f1vA	100	1	A	1100		LYS	2
4f1vA	101	1	A	1101		SER	2
4f1vA	102	1	A	1102		GLY	2
4f1vA	103	1	A	1103		SER	2
4f1vA	104	1	A	1104		ALA	2
4f1vA	105	1	A	1105		ALA	2
4f1vA	106	1	A	1106		VAL	2
4f1vA	107	1	A	1107		ASP	2
4f1vA	108	1	A	1108		LEU	2
4f1vA	109	1	A	1109		SER	2
4f1vA	110	1	A	1110		VAL	2
4f1vA	111	1	A	1111		GLN	2
4f1vA	112	1	A	1112		GLU	2
4f1vA	113	1	A	1113		LEU	2
4f1vA	114	1	A	1114		CYS	2
4f1vA	115	1	A	1115		GLY	2
4f1vA	116	1	A	1116		VAL	2
4f1vA	117	1	A	1117		PHE	2
4f1vA	118	1	A	1118		SER	2
4f1vA	119	1	A	1119		GLY	2
4f1vA	120	1	A	1120		ARG	2
4f1vA	121	1	A	1121		ILE	2
4f1vA	122	1	A	1122		ASN	2
4f1vA	123	1	A	1123		THR	2
4f1vA	124	1	A	1124		TRP	2
4f1vA	125	1	A	1125		ASP	2
4f1vA	126	1	A	1126		GLY	2
4f1vA	127	1	A	1127		ILE	2
4f1vA	128	1	A	1128		SER	2
4f1vA	129	1	A	1129		GLY	2
4f1vA	130	1	A	1130		SER	2
4f1vA	131	1	A	1131		GLY	2
4f1vA	132	1	A	1132		ARG	2
4f1vA	133	1	A	1133		THR	2
4f1vA	134	1	A	1134		GLY	2
4f1vA	135	1	A	1135		PRO	2
4f1vA	136	1	A	1136		ILE	2
4f1vA	137	1	A	1137		VAL	2
4f1vA	138	1	A	1138		VAL	2
4f1vA	139	1	A	1139		VAL	2
4f1vA	140	1	A	1140		TYR	2
4f1vA	141	1	A	1141		ARG	2
4f1vA	142	1	A	1142		SER	2
4f1vA	143	1	A	1143		GLU	2
4f1vA	144	1	A	1144		SER	2
4f1vA	145	1	A	1145		SER	2
4f1vA	146	1	A	1146		GLY	2
4f1vA	147	1	A	1147		THR	2
4f1vA	148	1	A	1148		THR	2
4f1vA	149	1	A	1149		GLU	2
4f1vA	150	1	A	1150		LEU	2
4f1vA	151	1	A	1151		PHE	2
4f1vA	152	1	A	1152		THR	2
4f1vA	153	1	A	1153		ARG	2
4f1vA	154	1	A	1154		PHE	2
4f1vA	155	1	A	1155		LEU	2
4f1vA	156	1	A	1156		ASN	2
4f1vA	157	1	A	1157		ALA	2
4f1vA	158	1	A	1158		LYS	2
4f1vA	159	1	A	1159		CYS	2
4f1vA	160	1	A	1160		ASN	2
4f1vA	161	1	A	1161		ALA	2
4f1vA	162	1	A	1162		GLU	2
4f1vA	163	1	A	1163		THR	2
4f1vA	164	1	A	1164		GLY	2
4f1vA	165	1	A	1165		ASN	2
4f1vA	166	1	A	1166		PHE	2
4f1vA	167	1	A	1167		ALA	2
4f1vA	168	1	A	1168		VAL	2
4f1vA	169	1	A	1169		THR	2
4f1vA	170	1	A	1170		THR	2
4f1vA	171	1	A	1171		THR	2
4f1vA	172	1	A	1172		PHE	2
4f1vA	173	1	A	1173		GLY	2
4f1vA	174	1	A	1174		THR	2
4f1vA	175	1	A	1175		SER	2
4f1vA	176	1	A	1176		PHE	2
4f1vA	177	1	A	1177		SER	2
4f1vA	178	1	A	1178		GLY	2
4f1vA	179	1	A	1179		GLY	2
4f1vA	180	1	A	1180		LEU	2
4f1vA	181	1	A	1181		PRO	2
4f1vA	182	1	A	1182		ALA	2
4f1vA	183	1	A	1183		GLY	2
4f1vA	184	1	A	1184		ALA	2
4f1vA	185	1	A	1185		VAL	2
4f1vA	186	1	A	1186		ALA	2
4f1vA	187	1	A	1187		ALA	2
4f1vA	188	1	A	1188		THR	2
4f1vA	189	1	A	1189		GLY	2
4f1vA	190	1	A	1190		SER	2
4f1vA	191	1	A	1191		GLN	2
4f1vA	192	1	A	1192		GLY	2
4f1vA	193	1	A	1193		VAL	2
4f1vA	194	1	A	1194		MET	2
4f1vA	195	1	A	1195		THR	2
4f1vA	196	1	A	1196		ALA	2
4f1vA	197	1	A	1197		LEU	2
4f1vA	198	1	A	1198		ALA	2
4f1vA	199	1	A	1199		ALA	2
4f1vA	200	1	A	1200		GLY	2
4f1vA	201	1	A	1201		ASP	2
4f1vA	202	1	A	1202		GLY	2
4f1vA	203	1	A	1203		ARG	2
4f1vA	204	1	A	1204		ILE	2
4f1vA	205	1	A	1205		THR	2
4f1vA	206	1	A	1206		TYR	2
4f1vA	207	1	A	1207		MET	2
4f1vA	208	1	A	1208		SER	2
4f1vA	209	1	A	1209		PRO	2
4f1vA	210	1	A	1210		ASP	2
4f1vA	211	1	A	1211		PHE	2
4f1vA	212	1	A	1212		ALA	2
4f1vA	213	1	A	1213		ALA	2
4f1vA	214	1	A	1214		PRO	2
4f1vA	215	1	A	1215		THR	2
4f1vA	216	1	A	1216		LEU	2
4f1vA	217	1	A	1217		ALA	2
4f1vA	218	1	A	1218		GLY	2
4f1vA	219	1	A	1219		LEU	2
4f1vA	220	1	A	1220		ASP	2
4f1vA	221	1	A	1221		ASP	2
4f1vA	222	1	A	1222		ALA	2
4f1vA	223	1	A	1223		THR	2
4f1vA	224	1	A	1224		LYS	2
4f1vA	225	1	A	1225		VAL	2
4f1vA	226	1	A	1226		ALA	2
4f1vA	227	1	A	1227		ARG	2
4f1vA	228	1	A	1228		VAL	2
4f1vA	229	1	A	1229		GLY	2
4f1vA	230	1	A	1230		LYS	2
4f1vA	231	1	A	1231		ASN	2
4f1vA	232	1	A	1232		VAL	2
4f1vA	233	1	A	1233		ALA	2
4f1vA	234	1	A	1234		THR	2
4f1vA	235	1	A	1235		ASN	2
4f1vA	236	1	A	1236		THR	2
4f1vA	237	1	A	1237		GLN	2
4f1vA	238	1	A	1238		GLY	2
4f1vA	239	1	A	1239		VAL	2
4f1vA	240	1	A	1240		SER	2
4f1vA	241	1	A	1241		PRO	2
4f1vA	242	1	A	1242		ALA	2
4f1vA	243	1	A	1243		ALA	1
4f1vA	244	1	A	1244		ALA	1
4f1vA	245	1	A	1245		ASN	1
4f1vA	246	1	A	1246		VAL	1
4f1vA	247	1	A	1247		SER	1
4f1vA	248	1	A	1248		ALA	1
4f1vA	249	1	A	1249		ALA	1
4f1vA	250	1	A	1250		ILE	1
4f1vA	251	1	A	1251		GLY	1
4f1vA	252	1	A	1252		ALA	1
4f1vA	253	1	A	1253		VAL	1
4f1vA	254	1	A	1254		PRO	1
4f1vA	255	1	A	1255		VAL	1
4f1vA	256	1	A	1256		PRO	1
4f1vA	257	1	A	1257		ALA	1
4f1vA	258	1	A	1258		ALA	1
4f1vA	259	1	A	1259		ALA	1
4f1vA	260	1	A	1260		ASP	1
4f1vA	261	1	A	1261		ARG	1
4f1vA	262	1	A	1262		SER	1
4f1vA	263	1	A	1263		ASN	1
4f1vA	264	1	A	1264		PRO	1
4f1vA	265	1	A	1265		ASP	1
4f1vA	266	1	A	1266		ALA	1
4f1vA	267	1	A	1267		TRP	1
4f1vA	268	1	A	1268		VAL	1
4f1vA	269	1	A	1269		PRO	1
4f1vA	270	1	A	1270		VAL	1
4f1vA	271	1	A	1271		PHE	1
4f1vA	272	1	A	1272		GLY	1
4f1vA	273	1	A	1273		PRO	1
4f1vA	274	1	A	1274		ASP	1
4f1vA	275	1	A	1275		ASN	1
4f1vA	276	1	A	1276		THR	1
4f1vA	277	1	A	1277		ALA	1
4f1vA	278	1	A	1278		GLY	1
4f1vA	279	1	A	1279		VAL	1
4f1vA	280	1	A	1280		GLN	1
4f1vA	281	1	A	1281		PRO	1
4f1vA	282	1	A	1282		TYR	1
4f1vA	283	1	A	1283		PRO	1
4f1vA	284	1	A	1284		THR	1
4f1vA	285	1	A	1285		SER	1
4f1vA	286	1	A	1286		GLY	1
4f1vA	287	1	A	1287		TYR	1
4f1vA	288	1	A	1288		PRO	1
4f1vA	289	1	A	1289		ILE	1
4f1vA	290	1	A	1290		LEU	1
4f1vA	291	1	A	1291		GLY	1
4f1vA	292	1	A	1292		PHE	1
4f1vA	293	1	A	1293		THR	1
4f1vA	294	1	A	1294		ASN	1
4f1vA	295	1	A	1295		LEU	1
4f1vA	296	1	A	1296		ILE	1
4f1vA	297	1	A	1297		PHE	1
4f1vA	298	1	A	1298		SER	1
4f1vA	299	1	A	1299		GLN	1
4f1vA	300	1	A	1300		CYS	1
4f1vA	301	1	A	1301		TYR	1
4f1vA	302	1	A	1302		ALA	1
4f1vA	303	1	A	1303		ASP	1
4f1vA	304	1	A	1304		ALA	1
4f1vA	305	1	A	1305		THR	1
4f1vA	306	1	A	1306		GLN	1
4f1vA	307	1	A	1307		THR	1
4f1vA	308	1	A	1308		THR	1
4f1vA	309	1	A	1309		GLN	1
4f1vA	310	1	A	1310		VAL	1
4f1vA	311	1	A	1311		ARG	1
4f1vA	312	1	A	1312		ASP	1
4f1vA	313	1	A	1313		PHE	1
4f1vA	314	1	A	1314		PHE	1
4f1vA	315	1	A	1315		THR	1
4f1vA	316	1	A	1316		LYS	1
4f1vA	317	1	A	1317		HIS	1
4f1vA	318	1	A	1318		TYR	1
4f1vA	319	1	A	1319		GLY	1
4f1vA	320	1	A	1320		ALA	1
4f1vA	321	1	A	1321		SER	1
4f1vA	322	1	A	1322		ASN	1
4f1vA	323	1	A	1323		ASN	1
4f1vA	324	1	A	1324		ASN	1
4f1vA	325	1	A	1325		ASP	1
4f1vA	326	1	A	1326		ALA	1
4f1vA	327	1	A	1327		ALA	1
4f1vA	328	1	A	1328		ILE	1
4f1vA	329	1	A	1329		THR	1
4f1vA	330	1	A	1330		ALA	1
4f1vA	331	1	A	1331		ASN	1
4f1vA	332	1	A	1332		ALA	1
4f1vA	333	1	A	1333		PHE	1
4f1vA	334	1	A	1334		VAL	1
4f1vA	335	1	A	1335		PRO	1
4f1vA	336	1	A	1336		LEU	1
4f1vA	337	1	A	1337		PRO	1
4f1vA	338	1	A	1338		THR	1
4f1vA	339	1	A	1339		ALA	1
4f1vA	340	1	A	1340		TRP	1
4f1vA	341	1	A	1341		LYS	1
4f1vA	342	1	A	1342		ALA	1
4f1vA	343	1	A	1343		THR	1
4f1vA	344	1	A	1344		VAL	1
4f1vA	345	1	A	1345		ARG	1
4f1vA	346	1	A	1346		ALA	1
4f1vA	347	1	A	1347		SER	1
4f1vA	348	1	A	1348		PHE	1
4f1vA	349	1	A	1349		LEU	1
4f1vA	350	1	A	1350		THR	1
4f1vA	351	1	A	1351		ALA	1
4f1vA	352	1	A	1352		SER	1
4f1vA	353	1	A	1353		ASN	1
4f1vA	354	1	A	1354		ALA	1
4f1vA	355	1	A	1355		LEU	1
4f1vA	356	1	A	1356		SER	1
4f1vA	357	1	A	1357		ILE	1
4f1vA	358	1	A	1358		GLY	1
4f1vA	359	1	A	1359		ASN	1
4f1vA	360	1	A	1360		THR	1
4f1vA	361	1	A	1361		ASN	1
4f1vA	362	1	A	1362		VAL	1
4f1vA	363	1	A	1363		CYS	1
4f1vA	364	1	A	1364		ASN	1
4f1vA	365	1	A	1365		GLY	1
4f1vA	366	1	A	1366		ILE	1
4f1vA	367	1	A	1367		GLY	1
4f1vA	368	1	A	1368		ARG	1
4f1vA	369	1	A	1369		PRO	1
4f1vA	370	1	A	1370		LEU	1
4f1vA	371	1	A	1371		LEU	1
3k8wA	0	1	A	44		ASP	1
3k8wA	1	1	A	45		ALA	1
3k8wA	2	1	A	46		ALA	1
3k8wA	3	1	A	47		GLY	1
3k8wA	4	1	A	48		LEU	1
3k8wA	5	1	A	49		ALA	1
3k8wA	6	1	A	50		ILE	1
3k8wA	7	1	A	51		SER	1
3k8wA	8	1	A	52		ASP	1
3k8wA	9	1	A	53		ARG	1
3k8wA	10	1	A	54		MET	1
3k8wA	11	1	A	55		THR	1
3k8wA	12	1	A	56		ALA	1
3k8wA	13	1	A	57		GLN	1
3k8wA	14	1	A	58		ILE	1
3k8wA	15	1	A	59		LYS	1
3k8wA	16	1	A	60		GLY	1
3k8wA	17	1	A	61		LEU	1
3k8wA	18	1	A	62		THR	1
3k8wA	19	1	A	63		GLN	1
3k8wA	20	1	A	64		ALA	1
3k8wA	21	1	A	65		GLN	1
3k8wA	22	1	A	66		ARG	1
3k8wA	23	1	A	67		ASN	1
3k8wA	24	1	A	68		ALA	1
3k8wA	25	1	A	69		ASN	1
3k8wA	26	1	A	70		ASP	1
3k8wA	27	1	A	71		GLY	1
3k8wA	28	1	A	72		ILE	1
3k8wA	29	1	A	73		SER	1
3k8wA	30	1	A	74		LEU	1
3k8wA	31	1	A	75		ALA	1
3k8wA	32	1	A	76		GLN	1
3k8wA	33	1	A	77		THR	1
3k8wA	34	1	A	78		ALA	1
3k8wA	35	1	A	79		GLU	1
3k8wA	36	1	A	80		GLY	1
3k8wA	37	1	A	81		ALA	1
3k8wA	38	1	A	82		LEU	1
3k8wA	39	1	A	83		GLY	1
3k8wA	40	1	A	84		GLU	1
3k8wA	41	1	A	85		ILE	1
3k8wA	42	1	A	86		SER	1
3k8wA	43	1	A	87		ASN	1
3k8wA	44	1	A	88		ASN	1
3k8wA	45	1	A	89		LEU	1
3k8wA	46	1	A	90		GLN	1
3k8wA	47	1	A	91		ARG	1
3k8wA	48	1	A	92		ILE	1
3k8wA	49	1	A	93		ARG	1
3k8wA	50	1	A	94		GLU	1
3k8wA	51	1	A	95		LEU	1
3k8wA	52	1	A	96		ALA	1
3k8wA	53	1	A	97		VAL	1
3k8wA	54	1	A	98		GLN	1
3k8wA	55	1	A	99		ALA	1
3k8wA	56	1	A	100		SER	1
3k8wA	57	1	A	101		ASN	1
3k8wA	58	1	A	102		GLY	1
3k8wA	59	1	A	103		THR	1
3k8wA	60	1	A	104		ASN	1
3k8wA	61	1	A	105		THR	1
3k8wA	62	1	A	106		GLN	1
3k8wA	63	1	A	107		THR	1
3k8wA	64	1	A	108		ASP	1
3k8wA	65	1	A	109		ARG	1
3k8wA	66	1	A	110		ASP	1
3k8wA	67	1	A	111		ALA	1
3k8wA	68	1	A	112		LEU	1
3k8wA	69	1	A	113		GLN	1
3k8wA	70	1	A	114		ALA	1
3k8wA	71	1	A	115		GLU	1
3k8wA	72	1	A	116		VAL	1
3k8wA	73	1	A	117		THR	1
3k8wA	74	1	A	118		GLN	1
3k8wA	75	1	A	119		LEU	1
3k8wA	76	1	A	120		GLN	1
3k8wA	77	1	A	121		SER	1
3k8wA	78	1	A	122		GLU	1
3k8wA	79	1	A	123		ILE	1
3k8wA	80	1	A	124		GLN	1
3k8wA	81	1	A	125		ARG	1
3k8wA	82	1	A	126		VAL	1
3k8wA	83	1	A	127		ALA	1
3k8wA	84	1	A	128		GLU	1
3k8wA	85	1	A	129		GLN	1
3k8wA	86	1	A	130		THR	1
3k8wA	87	1	A	131		SER	1
3k8wA	88	1	A	132		PHE	1
3k8wA	89	1	A	133		ASN	1
3k8wA	90	1	A	134		GLY	1
3k8wA	91	1	A	135		GLN	1
3k8wA	92	1	A	136		LYS	1
3k8wA	93	1	A	137		LEU	1
3k8wA	94	1	A	138		LEU	1
3k8wA	95	1	A	139		ASP	1
3k8wA	96	1	A	140		GLY	1
3k8wA	97	1	A	141		SER	1
3k8wA	98	1	A	142		PHE	1
3k8wA	99	1	A	143		ASN	1
3k8wA	100	1	A	144		GLY	1
3k8wA	101	1	A	145		VAL	1
3k8wA	102	1	A	146		GLN	1
3k8wA	103	1	A	147		PHE	1
3k8wA	104	1	A	148		GLN	1
3k8wA	105	1	A	149		ILE	1
3k8wA	106	1	A	150		GLY	1
3k8wA	107	1	A	151		ALA	1
3k8wA	108	1	A	152		ASN	1
3k8wA	109	1	A	153		ALA	1
3k8wA	110	1	A	154		GLY	1
3k8wA	111	1	A	155		GLU	1
3k8wA	112	1	A	156		THR	1
3k8wA	113	1	A	157		ILE	1
3k8wA	114	1	A	158		GLY	1
3k8wA	115	1	A	159		VAL	1
3k8wA	116	1	A	160		SER	1
3k8wA	117	1	A	161		LYS	1
3k8wA	118	1	A	162		ILE	1
3k8wA	119	1	A	163		MET	1
3k8wA	120	1	A	164		ASN	1
3k8wA	121	1	A	165		ALA	1
3k8wA	122	1	A	166		GLN	1
3k8wA	123	1	A	167		THR	1
3k8wA	124	1	A	168		ALA	1
3k8wA	125	1	A	169		SER	1
3k8wA	126	1	A	170		LEU	1
3k8wA	127	1	A	171		GLY	2
3k8wA	128	1	A	172		GLY	2
3k8wA	129	1	A	173		SER	2
3k8wA	130	1	A	174		LEU	2
3k8wA	131	1	A	175		THR	2
3k8wA	132	1	A	176		ARG	2
3k8wA	133	1	A	177		THR	2
3k8wA	134	1	A	178		THR	2
3k8wA	135	1	A	179		SER	2
3k8wA	136	1	A	180		THR	2
3k8wA	137	1	A	181		ILE	2
3k8wA	138	1	A	182		ASP	2
3k8wA	139	1	A	183		ALA	2
3k8wA	140	1	A	184		THR	2
3k8wA	141	1	A	185		ASP	2
3k8wA	142	1	A	186		LEU	2
3k8wA	143	1	A	187		THR	2
3k8wA	144	1	A	188		LYS	2
3k8wA	145	1	A	189		TYR	2
3k8wA	146	1	A	190		ASP	2
3k8wA	147	1	A	191		THR	2
3k8wA	148	1	A	192		ALA	2
3k8wA	149	1	A	193		MET	2
3k8wA	150	1	A	194		ALA	2
3k8wA	151	1	A	195		ALA	2
3k8wA	152	1	A	196		GLY	2
3k8wA	153	1	A	197		ASP	2
3k8wA	154	1	A	198		LEU	2
3k8wA	155	1	A	199		THR	2
3k8wA	156	1	A	200		ILE	2
3k8wA	157	1	A	201		ASN	2
3k8wA	158	1	A	202		GLY	2
3k8wA	159	1	A	203		VAL	2
3k8wA	160	1	A	204		ASP	2
3k8wA	161	1	A	205		VAL	2
3k8wA	162	1	A	206		GLY	2
3k8wA	163	1	A	207		LYS	2
3k8wA	164	1	A	208		ILE	2
3k8wA	165	1	A	209		ASP	2
3k8wA	166	1	A	210		ALA	2
3k8wA	167	1	A	211		ALA	2
3k8wA	168	1	A	212		SER	2
3k8wA	169	1	A	213		THR	2
3k8wA	170	1	A	214		ALA	2
3k8wA	171	1	A	215		GLN	2
3k8wA	172	1	A	216		GLU	2
3k8wA	173	1	A	217		ARG	2
3k8wA	174	1	A	218		ALA	2
3k8wA	175	1	A	219		ALA	2
3k8wA	176	1	A	220		GLN	2
3k8wA	177	1	A	221		LEU	2
3k8wA	178	1	A	222		THR	2
3k8wA	179	1	A	223		GLU	2
3k8wA	180	1	A	224		ALA	2
3k8wA	181	1	A	225		ILE	2
3k8wA	182	1	A	226		ASN	2
3k8wA	183	1	A	227		ARG	2
3k8wA	184	1	A	228		VAL	2
3k8wA	185	1	A	229		SER	2
3k8wA	186	1	A	230		SER	2
3k8wA	187	1	A	231		GLN	2
3k8wA	188	1	A	232		THR	2
3k8wA	189	1	A	233		ASN	2
3k8wA	190	1	A	234		VAL	2
3k8wA	191	1	A	235		GLY	2
3k8wA	192	1	A	236		ALA	2
3k8wA	193	1	A	237		SER	2
3k8wA	194	1	A	238		TYR	2
3k8wA	195	1	A	239		ASP	2
3k8wA	196	1	A	240		LYS	2
3k8wA	197	1	A	241		THR	2
3k8wA	198	1	A	242		THR	2
3k8wA	199	1	A	243		GLY	2
3k8wA	200	1	A	244		GLN	2
3k8wA	201	1	A	245		VAL	2
3k8wA	202	1	A	246		THR	2
3k8wA	203	1	A	247		LEU	2
3k8wA	204	1	A	248		THR	2
3k8wA	205	1	A	249		SER	2
3k8wA	206	1	A	250		ASN	2
3k8wA	207	1	A	251		ALA	2
3k8wA	208	1	A	252		ALA	2
3k8wA	209	1	A	253		ILE	2
3k8wA	210	1	A	254		ALA	2
3k8wA	211	1	A	255		VAL	2
3k8wA	212	1	A	256		ALA	2
3k8wA	213	1	A	257		GLY	2
3k8wA	214	1	A	258		ALA	2
3k8wA	215	1	A	259		ALA	2
3k8wA	216	1	A	260		ASN	2
3k8wA	217	1	A	261		ASP	2
3k8wA	218	1	A	262		ALA	2
3k8wA	219	1	A	263		THR	2
3k8wA	220	1	A	264		VAL	2
3k8wA	221	1	A	265		ALA	2
3k8wA	222	1	A	266		GLY	2
3k8wA	223	1	A	267		TRP	2
3k8wA	224	1	A	268		ALA	2
3k8wA	225	1	A	269		ASN	2
3k8wA	226	1	A	270		ASN	2
3k8wA	227	1	A	271		ALA	2
3k8wA	228	1	A	272		THR	2
3k8wA	229	1	A	273		THR	2
3k8wA	230	1	A	274		GLY	2
3k8wA	231	1	A	275		THR	2
3k8wA	232	1	A	276		ALA	2
3k8wA	233	1	A	277		THR	2
3k8wA	234	1	A	278		THR	2
3k8wA	235	1	A	279		THR	2
3k8wA	236	1	A	280		THR	2
3k8wA	237	1	A	281		GLY	2
3k8wA	238	1	A	282		ILE	1
3k8wA	239	1	A	283		ASN	1
3k8wA	240	1	A	284		SER	1
3k8wA	241	1	A	285		LEU	1
3k8wA	242	1	A	286		THR	1
3k8wA	243	1	A	287		VAL	1
3k8wA	244	1	A	288		SER	1
3k8wA	245	1	A	289		SER	1
3k8wA	246	1	A	290		PHE	1
3k8wA	247	1	A	291		THR	1
3k8wA	248	1	A	292		ASN	1
3k8wA	249	1	A	293		ALA	1
3k8wA	250	1	A	294		GLN	1
3k8wA	251	1	A	295		GLN	1
3k8wA	252	1	A	296		THR	1
3k8wA	253	1	A	297		ILE	1
3k8wA	254	1	A	298		THR	1
3k8wA	255	1	A	299		GLN	1
3k8wA	256	1	A	300		ILE	1
3k8wA	257	1	A	301		ASP	1
3k8wA	258	1	A	302		ASN	1
3k8wA	259	1	A	303		ALA	1
3k8wA	260	1	A	304		LEU	1
3k8wA	261	1	A	305		LYS	1
3k8wA	262	1	A	306		ASP	1
3k8wA	263	1	A	307		ILE	1
3k8wA	264	1	A	308		ASN	1
3k8wA	265	1	A	309		THR	1
3k8wA	266	1	A	310		ALA	1
3k8wA	267	1	A	311		ARG	1
3k8wA	268	1	A	312		ALA	1
3k8wA	269	1	A	313		ASP	1
3k8wA	270	1	A	314		LEU	1
3k8wA	271	1	A	315		GLY	1
3k8wA	272	1	A	316		ALA	1
3k8wA	273	1	A	317		VAL	1
3k8wA	274	1	A	318		GLN	1
3k8wA	275	1	A	319		ASN	1
3k8wA	276	1	A	320		ARG	1
3k8wA	277	1	A	321		PHE	1
3k8wA	278	1	A	322		THR	1
3k8wA	279	1	A	323		SER	1
3k8wA	280	1	A	324		THR	1
3k8wA	281	1	A	325		VAL	1
3k8wA	282	1	A	326		ALA	1
3k8wA	283	1	A	327		ASN	1
3k8wA	284	1	A	328		LEU	1
3k8wA	285	1	A	329		GLN	1
3k8wA	286	1	A	330		SER	1
3k8wA	287	1	A	331		MET	1
3k8wA	288	1	A	332		THR	1
3k8wA	289	1	A	333		GLU	1
3k8wA	290	1	A	334		ASN	1
3k8wA	291	1	A	335		LEU	1
3k8wA	292	1	A	336		SER	1
3k8wA	293	1	A	337		SER	1
3k8wA	294	1	A	338		ALA	1
3k8wA	295	1	A	339		LEU	1
1wx1A	0	1	A	1		MET	1
1wx1A	1	1	A	2		ASP	1
1wx1A	2	1	A	3		PRO	1
1wx1A	3	1	A	4		GLU	1
1wx1A	4	1	A	5		VAL	1
1wx1A	5	1	A	6		PHE	1
1wx1A	6	1	A	7		ALA	1
1wx1A	7	1	A	8		GLN	1
1wx1A	8	1	A	9		ALA	1
1wx1A	9	1	A	10		ARG	1
1wx1A	10	1	A	11		LEU	1
1wx1A	11	1	A	12		ARG	1
1wx1A	12	1	A	13		MET	1
1wx1A	13	1	A	14		ASP	1
1wx1A	14	1	A	15		GLN	1
1wx1A	15	1	A	16		LEU	1
1wx1A	16	1	A	17		THR	1
1wx1A	17	1	A	18		LYS	1
1wx1A	18	1	A	19		PRO	1
1wx1A	19	1	A	20		PRO	1
1wx1A	20	1	A	21		ARG	1
1wx1A	21	1	A	22		ALA	1
1wx1A	22	1	A	23		LEU	1
1wx1A	23	1	A	24		GLY	1
1wx1A	24	1	A	25		TYR	1
1wx1A	25	1	A	26		LEU	1
1wx1A	26	1	A	27		GLU	1
1wx1A	27	1	A	28		GLU	1
1wx1A	28	1	A	29		VAL	1
1wx1A	29	1	A	30		ALA	1
1wx1A	30	1	A	31		LEU	1
1wx1A	31	1	A	32		ARG	1
1wx1A	32	1	A	33		LEU	1
1wx1A	33	1	A	34		ALA	1
1wx1A	34	1	A	35		ALA	1
1wx1A	35	1	A	36		LEU	1
1wx1A	36	1	A	37		GLN	1
1wx1A	37	1	A	38		GLY	1
1wx1A	38	1	A	39		ARG	1
1wx1A	39	1	A	40		VAL	1
1wx1A	40	1	A	41		LYS	1
1wx1A	41	1	A	42		PRO	1
1wx1A	42	1	A	43		GLU	1
1wx1A	43	1	A	44		LEU	1
1wx1A	44	1	A	45		GLY	2
1wx1A	45	1	A	46		ARG	2
1wx1A	46	1	A	47		GLY	2
1wx1A	47	1	A	48		ALA	2
1wx1A	48	1	A	49		VAL	2
1wx1A	49	1	A	50		VAL	2
1wx1A	50	1	A	51		VAL	2
1wx1A	51	1	A	52		ALA	2
1wx1A	52	1	A	53		ALA	2
1wx1A	53	1	A	54		ALA	2
1wx1A	54	1	A	55		ASP	2
1wx1A	55	1	A	56		HIS	2
1wx1A	56	1	A	57		GLY	2
1wx1A	57	1	A	58		VAL	2
1wx1A	58	1	A	59		VAL	2
1wx1A	59	1	A	60		ALA	2
1wx1A	60	1	A	61		GLU	2
1wx1A	61	1	A	62		GLY	2
1wx1A	62	1	A	63		VAL	2
1wx1A	63	1	A	64		SER	2
1wx1A	64	1	A	65		ALA	2
1wx1A	65	1	A	66		TYR	2
1wx1A	66	1	A	67		PRO	2
1wx1A	67	1	A	68		GLN	2
1wx1A	68	1	A	69		GLU	2
1wx1A	69	1	A	70		VAL	2
1wx1A	70	1	A	71		THR	2
1wx1A	71	1	A	72		ARG	2
1wx1A	72	1	A	73		GLN	2
1wx1A	73	1	A	74		MET	2
1wx1A	74	1	A	75		VAL	2
1wx1A	75	1	A	76		LEU	2
1wx1A	76	1	A	77		ASN	2
1wx1A	77	1	A	78		PHE	2
1wx1A	78	1	A	79		LEU	2
1wx1A	79	1	A	80		ARG	2
1wx1A	80	1	A	81		GLY	2
1wx1A	81	1	A	82		GLY	2
1wx1A	82	1	A	83		ALA	2
1wx1A	83	1	A	84		ALA	2
1wx1A	84	1	A	85		ILE	2
1wx1A	85	1	A	86		ASN	2
1wx1A	86	1	A	87		GLN	2
1wx1A	87	1	A	88		PHE	2
1wx1A	88	1	A	89		ALA	2
1wx1A	89	1	A	90		LEU	2
1wx1A	90	1	A	91		ALA	2
1wx1A	91	1	A	92		ALA	2
1wx1A	92	1	A	93		ASP	2
1wx1A	93	1	A	94		CYS	2
1wx1A	94	1	A	95		ALA	2
1wx1A	95	1	A	96		VAL	2
1wx1A	96	1	A	97		TYR	2
1wx1A	97	1	A	98		VAL	2
1wx1A	98	1	A	99		LEU	2
1wx1A	99	1	A	100		ASP	2
1wx1A	100	1	A	101		VAL	2
1wx1A	101	1	A	102		GLY	2
1wx1A	102	1	A	103		VAL	2
1wx1A	103	1	A	104		VAL	2
1wx1A	104	1	A	105		GLY	2
1wx1A	105	1	A	106		GLU	2
1wx1A	106	1	A	107		LEU	2
1wx1A	107	1	A	108		PRO	2
1wx1A	108	1	A	109		ASP	2
1wx1A	109	1	A	110		HIS	2
1wx1A	110	1	A	111		PRO	2
1wx1A	111	1	A	112		GLY	2
1wx1A	112	1	A	113		LEU	2
1wx1A	113	1	A	114		LEU	2
1wx1A	114	1	A	115		LYS	2
1wx1A	115	1	A	116		ARG	2
1wx1A	116	1	A	117		LYS	2
1wx1A	117	1	A	118		VAL	2
1wx1A	118	1	A	119		ARG	2
1wx1A	119	1	A	120		PRO	2
1wx1A	120	1	A	121		GLY	2
1wx1A	121	1	A	122		THR	2
1wx1A	122	1	A	123		ALA	2
1wx1A	123	1	A	124		ASN	2
1wx1A	124	1	A	125		LEU	2
1wx1A	125	1	A	126		ALA	2
1wx1A	126	1	A	127		GLN	2
1wx1A	127	1	A	128		GLY	2
1wx1A	128	1	A	129		PRO	2
1wx1A	129	1	A	130		ALA	2
1wx1A	130	1	A	131		MET	2
1wx1A	131	1	A	132		THR	2
1wx1A	132	1	A	133		PRO	2
1wx1A	133	1	A	134		GLU	2
1wx1A	134	1	A	135		GLU	2
1wx1A	135	1	A	136		ALA	2
1wx1A	136	1	A	137		GLU	2
1wx1A	137	1	A	138		ARG	2
1wx1A	138	1	A	139		ALA	2
1wx1A	139	1	A	140		LEU	2
1wx1A	140	1	A	141		LEU	2
1wx1A	141	1	A	142		ALA	2
1wx1A	142	1	A	143		GLY	2
1wx1A	143	1	A	144		ARG	2
1wx1A	144	1	A	145		GLU	2
1wx1A	145	1	A	146		ALA	2
1wx1A	146	1	A	147		ALA	2
1wx1A	147	1	A	148		ARG	2
1wx1A	148	1	A	149		ARG	2
1wx1A	149	1	A	150		ALA	2
1wx1A	150	1	A	151		ILE	2
1wx1A	151	1	A	152		ALA	2
1wx1A	152	1	A	153		GLU	2
1wx1A	153	1	A	154		GLY	2
1wx1A	154	1	A	155		ALA	2
1wx1A	155	1	A	156		THR	2
1wx1A	156	1	A	157		LEU	2
1wx1A	157	1	A	158		LEU	2
1wx1A	158	1	A	159		ALA	2
1wx1A	159	1	A	160		ALA	2
1wx1A	160	1	A	161		GLY	2
1wx1A	161	1	A	162		ASP	2
1wx1A	162	1	A	163		MET	2
1wx1A	163	1	A	164		GLY	2
1wx1A	164	1	A	165		ILE	2
1wx1A	165	1	A	166		GLY	2
1wx1A	166	1	A	167		ASN	2
1wx1A	167	1	A	168		THR	2
1wx1A	168	1	A	169		THR	2
1wx1A	169	1	A	170		ALA	2
1wx1A	170	1	A	171		ALA	2
1wx1A	171	1	A	172		ALA	2
1wx1A	172	1	A	173		ALA	2
1wx1A	173	1	A	174		LEU	2
1wx1A	174	1	A	175		THR	2
1wx1A	175	1	A	176		ALA	2
1wx1A	176	1	A	177		ALA	2
1wx1A	177	1	A	178		LEU	2
1wx1A	178	1	A	179		LEU	2
1wx1A	179	1	A	180		GLY	2
1wx1A	180	1	A	181		LEU	2
1wx1A	181	1	A	182		PRO	2
1wx1A	182	1	A	183		PRO	2
1wx1A	183	1	A	184		GLU	2
1wx1A	184	1	A	185		ALA	2
1wx1A	185	1	A	186		VAL	2
1wx1A	186	1	A	187		VAL	2
1wx1A	187	1	A	188		GLY	2
1wx1A	188	1	A	194		GLY	2
1wx1A	189	1	A	195		GLU	2
1wx1A	190	1	A	196		GLU	2
1wx1A	191	1	A	197		GLY	2
1wx1A	192	1	A	198		LEU	2
1wx1A	193	1	A	199		ARG	2
1wx1A	194	1	A	200		ARG	2
1wx1A	195	1	A	201		LYS	2
1wx1A	196	1	A	202		ARG	2
1wx1A	197	1	A	203		GLN	2
1wx1A	198	1	A	204		ALA	2
1wx1A	199	1	A	205		VAL	2
1wx1A	200	1	A	206		ALA	2
1wx1A	201	1	A	207		ARG	2
1wx1A	202	1	A	208		ALA	2
1wx1A	203	1	A	209		LEU	2
1wx1A	204	1	A	210		ALA	2
1wx1A	205	1	A	211		ARG	2
1wx1A	206	1	A	212		LEU	2
1wx1A	207	1	A	213		HIS	2
1wx1A	208	1	A	214		PRO	2
1wx1A	209	1	A	215		GLY	2
1wx1A	210	1	A	216		MET	2
1wx1A	211	1	A	217		GLY	2
1wx1A	212	1	A	218		PRO	2
1wx1A	213	1	A	219		LEU	2
1wx1A	214	1	A	220		GLU	2
1wx1A	215	1	A	221		VAL	2
1wx1A	216	1	A	222		ALA	2
1wx1A	217	1	A	223		ALA	2
1wx1A	218	1	A	224		GLU	2
1wx1A	219	1	A	225		VAL	2
1wx1A	220	1	A	226		GLY	2
1wx1A	221	1	A	227		GLY	2
1wx1A	222	1	A	228		LEU	2
1wx1A	223	1	A	229		GLU	2
1wx1A	224	1	A	230		LEU	2
1wx1A	225	1	A	231		VAL	2
1wx1A	226	1	A	232		ALA	2
1wx1A	227	1	A	233		ILE	2
1wx1A	228	1	A	234		ALA	2
1wx1A	229	1	A	235		GLY	2
1wx1A	230	1	A	236		ILE	2
1wx1A	231	1	A	237		TYR	2
1wx1A	232	1	A	238		LEU	2
1wx1A	233	1	A	239		GLU	2
1wx1A	234	1	A	240		GLY	2
1wx1A	235	1	A	241		TYR	2
1wx1A	236	1	A	242		GLU	2
1wx1A	237	1	A	243		ALA	2
1wx1A	238	1	A	244		GLY	2
1wx1A	239	1	A	245		LEU	2
1wx1A	240	1	A	246		PRO	2
1wx1A	241	1	A	247		LEU	2
1wx1A	242	1	A	248		VAL	2
1wx1A	243	1	A	249		LEU	2
1wx1A	244	1	A	250		ASP	2
1wx1A	245	1	A	251		GLY	2
1wx1A	246	1	A	252		PHE	2
1wx1A	247	1	A	253		PRO	2
1wx1A	248	1	A	254		VAL	2
1wx1A	249	1	A	255		THR	2
1wx1A	250	1	A	256		ALA	2
1wx1A	251	1	A	257		GLY	2
1wx1A	252	1	A	258		ALA	2
1wx1A	253	1	A	259		LEU	2
1wx1A	254	1	A	260		LEU	2
1wx1A	255	1	A	261		ALA	2
1wx1A	256	1	A	262		TRP	2
1wx1A	257	1	A	263		LYS	2
1wx1A	258	1	A	264		MET	2
1wx1A	259	1	A	265		ALA	2
1wx1A	260	1	A	266		PRO	2
1wx1A	261	1	A	267		GLY	2
1wx1A	262	1	A	268		LEU	2
1wx1A	263	1	A	269		ARG	2
1wx1A	264	1	A	270		ASP	2
1wx1A	265	1	A	271		HIS	2
1wx1A	266	1	A	272		LEU	2
1wx1A	267	1	A	273		PHE	2
1wx1A	268	1	A	274		ALA	2
1wx1A	269	1	A	275		GLY	2
1wx1A	270	1	A	276		HIS	2
1wx1A	271	1	A	277		LEU	2
1wx1A	272	1	A	278		SER	2
1wx1A	273	1	A	279		ARG	2
1wx1A	274	1	A	280		GLU	2
1wx1A	275	1	A	281		PRO	2
1wx1A	276	1	A	282		GLY	2
1wx1A	277	1	A	283		HIS	2
1wx1A	278	1	A	284		ARG	2
1wx1A	279	1	A	285		HIS	2
1wx1A	280	1	A	286		GLN	2
1wx1A	281	1	A	287		LEU	2
1wx1A	282	1	A	288		GLU	2
1wx1A	283	1	A	289		ALA	2
1wx1A	284	1	A	290		LEU	2
1wx1A	285	1	A	291		GLY	2
1wx1A	286	1	A	292		LEU	2
1wx1A	287	1	A	293		ARG	2
1wx1A	288	1	A	294		PRO	2
1wx1A	289	1	A	295		LEU	2
1wx1A	290	1	A	296		LEU	2
1wx1A	291	1	A	297		ASP	2
1wx1A	292	1	A	298		LEU	2
1wx1A	293	1	A	299		ASP	2
1wx1A	294	1	A	300		LEU	2
1wx1A	295	1	A	301		ALA	2
1wx1A	296	1	A	302		LEU	2
1wx1A	297	1	A	303		GLY	2
1wx1A	298	1	A	304		GLU	2
1wx1A	299	1	A	305		GLY	2
1wx1A	300	1	A	306		THR	2
1wx1A	301	1	A	307		GLY	2
1wx1A	302	1	A	308		ALA	2
1wx1A	303	1	A	309		VAL	2
1wx1A	304	1	A	310		LEU	2
1wx1A	305	1	A	311		ALA	2
1wx1A	306	1	A	312		MET	2
1wx1A	307	1	A	313		PRO	2
1wx1A	308	1	A	314		LEU	2
1wx1A	309	1	A	315		LEU	2
1wx1A	310	1	A	316		ARG	1
1wx1A	311	1	A	317		ALA	1
1wx1A	312	1	A	318		ALA	1
1wx1A	313	1	A	319		ALA	1
1wx1A	314	1	A	320		ARG	1
1wx1A	315	1	A	321		ILE	1
1wx1A	316	1	A	322		LEU	1
1wx1A	317	1	A	323		HIS	1
1wx1A	318	1	A	324		MET	1
1wx1A	319	1	A	325		ALA	1
1wx1A	320	1	A	326		THR	1
1wx1A	321	1	A	327		PHE	1
1wx1A	322	1	A	328		GLN	1
1wx1A	323	1	A	329		GLU	1
1wx1A	324	1	A	330		ALA	1
1wx1A	325	1	A	331		GLY	1
1wx1A	326	1	A	332		VAL	1
1wx1A	327	1	A	333		SER	1
1wx1A	328	1	A	334		ARG	1
1wx1A	329	1	A	335		GLY	1
5pxlB	0	1	B	700		GLU	1
5pxlB	1	1	B	701		ASN	1
5pxlB	2	1	B	702		SER	1
5pxlB	3	1	B	703		ASN	1
5pxlB	4	1	B	704		ILE	1
5pxlB	5	1	B	705		CYS	1
5pxlB	6	1	B	706		GLU	1
5pxlB	7	1	B	707		VAL	1
5pxlB	8	1	B	708		CYS	1
5pxlB	9	1	B	709		ASN	1
5pxlB	10	1	B	710		LYS	1
5pxlB	11	1	B	711		TRP	1
5pxlB	12	1	B	712		GLY	1
5pxlB	13	1	B	713		ARG	1
5pxlB	14	1	B	714		LEU	1
5pxlB	15	1	B	715		PHE	1
5pxlB	16	1	B	716		CYS	1
5pxlB	17	1	B	717		CYS	1
5pxlB	18	1	B	718		ASP	1
5pxlB	19	1	B	719		THR	1
5pxlB	20	1	B	720		CYS	1
5pxlB	21	1	B	721		PRO	1
5pxlB	22	1	B	722		ARG	1
5pxlB	23	1	B	723		SER	1
5pxlB	24	1	B	724		PHE	1
5pxlB	25	1	B	725		HIS	1
5pxlB	26	1	B	726		GLU	1
5pxlB	27	1	B	727		HIS	1
5pxlB	28	1	B	728		CYS	1
5pxlB	29	1	B	729		HIS	1
5pxlB	30	1	B	730		ILE	1
5pxlB	31	1	B	731		PRO	1
5pxlB	32	1	B	732		SER	1
5pxlB	33	1	B	733		VAL	1
5pxlB	34	1	B	734		GLU	1
5pxlB	35	1	B	735		ALA	1
5pxlB	36	1	B	736		ASN	1
5pxlB	37	1	B	737		LYS	1
5pxlB	38	1	B	738		ASN	1
5pxlB	39	1	B	739		PRO	1
5pxlB	40	1	B	740		TRP	1
5pxlB	41	1	B	741		SER	1
5pxlB	42	1	B	742		CYS	1
5pxlB	43	1	B	743		ILE	1
5pxlB	44	1	B	744		PHE	1
5pxlB	45	1	B	745		CYS	1
5pxlB	46	1	B	746		ARG	0
5pxlB	47	1	B	747		ILE	0
5pxlB	48	1	B	748		LYS	0
5pxlB	49	1	B	749		THR	0
5pxlB	50	1	B	750		ILE	0
5pxlB	51	1	B	751		GLN	0
5pxlB	52	1	B	752		GLU	0
5pxlB	53	1	B	753		ARG	0
5pxlB	54	1	B	754		CYS	0
5pxlB	55	1	B	755		PRO	0
5pxlB	56	1	B	756		GLU	0
5pxlB	57	1	B	757		SER	0
5pxlB	58	1	B	758		GLN	0
5pxlB	59	1	B	759		SER	0
5pxlB	60	1	B	760		GLY	0
5pxlB	61	1	B	761		HIS	2
5pxlB	62	1	B	762		GLN	2
5pxlB	63	1	B	763		GLU	2
5pxlB	64	1	B	764		SER	2
5pxlB	65	1	B	765		GLU	2
5pxlB	66	1	B	766		VAL	2
5pxlB	67	1	B	767		LEU	2
5pxlB	68	1	B	768		MET	2
5pxlB	69	1	B	769		ARG	2
5pxlB	70	1	B	770		GLN	2
5pxlB	71	1	B	771		MET	2
5pxlB	72	1	B	772		LEU	2
5pxlB	73	1	B	773		PRO	2
5pxlB	74	1	B	774		GLU	2
5pxlB	75	1	B	775		GLU	2
5pxlB	76	1	B	776		GLN	2
5pxlB	77	1	B	777		LEU	2
5pxlB	78	1	B	778		LYS	2
5pxlB	79	1	B	779		CYS	2
5pxlB	80	1	B	780		GLU	2
5pxlB	81	1	B	781		PHE	2
5pxlB	82	1	B	782		LEU	2
5pxlB	83	1	B	783		LEU	2
5pxlB	84	1	B	784		LEU	2
5pxlB	85	1	B	785		LYS	2
5pxlB	86	1	B	786		VAL	2
5pxlB	87	1	B	787		TYR	2
5pxlB	88	1	B	788		CYS	2
5pxlB	89	1	B	789		ASP	2
5pxlB	90	1	B	790		SER	2
5pxlB	91	1	B	791		LYS	2
5pxlB	92	1	B	792		SER	2
5pxlB	93	1	B	793		CYS	2
5pxlB	94	1	B	794		PHE	2
5pxlB	95	1	B	795		PHE	2
5pxlB	96	1	B	796		ALA	2
5pxlB	97	1	B	797		SER	2
5pxlB	98	1	B	798		GLU	2
5pxlB	99	1	B	799		PRO	2
5pxlB	100	1	B	800		TYR	2
5pxlB	101	1	B	801		TYR	2
5pxlB	102	1	B	802		ASN	2
5pxlB	103	1	B	803		ARG	2
5pxlB	104	1	B	804		GLU	2
5pxlB	105	1	B	805		GLY	2
5pxlB	106	1	B	806		SER	2
5pxlB	107	1	B	807		GLN	2
5pxlB	108	1	B	808		GLY	2
5pxlB	109	1	B	809		PRO	2
5pxlB	110	1	B	810		GLN	2
5pxlB	111	1	B	811		LYS	2
5pxlB	112	1	B	812		PRO	2
5pxlB	113	1	B	813		MET	2
5pxlB	114	1	B	814		TRP	2
5pxlB	115	1	B	815		LEU	2
5pxlB	116	1	B	816		ASN	2
5pxlB	117	1	B	817		LYS	2
5pxlB	118	1	B	818		VAL	2
5pxlB	119	1	B	819		LYS	2
5pxlB	120	1	B	820		THR	2
5pxlB	121	1	B	821		SER	2
5pxlB	122	1	B	822		LEU	2
5pxlB	123	1	B	823		ASN	2
5pxlB	124	1	B	824		GLU	2
5pxlB	125	1	B	825		GLN	2
5pxlB	126	1	B	826		MET	2
5pxlB	127	1	B	827		TYR	2
5pxlB	128	1	B	828		THR	2
5pxlB	129	1	B	829		ARG	2
5pxlB	130	1	B	830		VAL	2
5pxlB	131	1	B	831		GLU	2
5pxlB	132	1	B	832		GLY	2
5pxlB	133	1	B	833		PHE	2
5pxlB	134	1	B	834		VAL	2
5pxlB	135	1	B	835		GLN	2
5pxlB	136	1	B	836		ASP	2
5pxlB	137	1	B	837		MET	2
5pxlB	138	1	B	838		ARG	2
5pxlB	139	1	B	839		LEU	2
5pxlB	140	1	B	840		ILE	2
5pxlB	141	1	B	841		PHE	2
5pxlB	142	1	B	842		HIS	2
5pxlB	143	1	B	843		ASN	2
5pxlB	144	1	B	844		HIS	2
5pxlB	145	1	B	845		LYS	2
5pxlB	146	1	B	846		GLU	2
5pxlB	147	1	B	847		PHE	2
5pxlB	148	1	B	848		TYR	2
5pxlB	149	1	B	849		ARG	2
5pxlB	150	1	B	850		GLU	2
5pxlB	151	1	B	851		ASP	2
5pxlB	152	1	B	852		LYS	2
5pxlB	153	1	B	853		PHE	2
5pxlB	154	1	B	854		THR	2
5pxlB	155	1	B	855		ARG	2
5pxlB	156	1	B	856		LEU	2
5pxlB	157	1	B	857		GLY	2
5pxlB	158	1	B	858		ILE	2
5pxlB	159	1	B	859		GLN	2
5pxlB	160	1	B	860		VAL	2
5pxlB	161	1	B	861		GLN	2
5pxlB	162	1	B	862		ASP	2
5pxlB	163	1	B	863		ILE	2
5pxlB	164	1	B	864		PHE	2
5pxlB	165	1	B	865		GLU	2
5pxlB	166	1	B	866		LYS	2
5pxlB	167	1	B	867		ASN	2
5pxlB	168	1	B	868		PHE	2
5pxlB	169	1	B	869		ARG	2
5pxlB	170	1	B	870		ASN	2
5pxlB	171	1	B	871		ILE	2
5pxlB	172	1	B	872		PHE	2
5pxlB	173	1	B	873		ALA	2
5pxlB	174	1	B	874		ILE	2
5pxlB	175	1	B	875		GLN	2
5pxlB	176	1	B	876		GLU	2
4on1A	0	1	A	32		PRO	1
4on1A	1	1	A	33		GLN	1
4on1A	2	1	A	34		LEU	1
4on1A	3	1	A	35		GLU	1
4on1A	4	1	A	36		HIS	1
4on1A	5	1	A	37		VAL	1
4on1A	6	1	A	38		LEU	1
4on1A	7	1	A	39		ASN	1
4on1A	8	1	A	40		LEU	1
4on1A	9	1	A	41		ARG	1
4on1A	10	1	A	42		SER	1
4on1A	11	1	A	43		MET	1
4on1A	12	1	A	44		ASP	1
4on1A	13	1	A	45		TYR	1
4on1A	14	1	A	46		GLU	1
4on1A	15	1	A	47		ASP	1
4on1A	16	1	A	48		LEU	1
4on1A	17	1	A	49		ALA	1
4on1A	18	1	A	50		GLY	1
4on1A	19	1	A	51		VAL	1
4on1A	20	1	A	52		LEU	1
4on1A	21	1	A	53		SER	1
4on1A	22	1	A	54		LYS	1
4on1A	23	1	A	55		ILE	1
4on1A	24	1	A	56		SER	1
4on1A	25	1	A	57		ASN	1
4on1A	26	1	A	58		THR	1
4on1A	27	1	A	59		GLU	1
4on1A	28	1	A	60		HIS	1
4on1A	29	1	A	61		THR	1
4on1A	30	1	A	62		ILE	1
4on1A	31	1	A	63		MET	1
4on1A	32	1	A	64		LEU	1
4on1A	33	1	A	65		GLN	1
4on1A	34	1	A	66		GLU	1
4on1A	35	1	A	67		GLY	1
4on1A	36	1	A	68		SER	1
4on1A	37	1	A	69		GLU	1
4on1A	38	1	A	70		LEU	1
4on1A	39	1	A	71		TRP	1
4on1A	40	1	A	72		THR	1
4on1A	41	1	A	73		THR	1
4on1A	42	1	A	74		SER	1
4on1A	43	1	A	75		ILE	1
4on1A	44	1	A	76		LYS	1
4on1A	45	1	A	77		ALA	1
4on1A	46	1	A	78		ILE	1
4on1A	47	1	A	79		HIS	1
4on1A	48	1	A	80		GLY	1
4on1A	49	1	A	81		VAL	1
4on1A	50	1	A	82		GLU	1
4on1A	51	1	A	83		ILE	1
4on1A	52	1	A	84		GLU	1
4on1A	53	1	A	85		GLU	1
4on1A	54	1	A	86		SER	1
4on1A	55	1	A	87		ASN	1
4on1A	56	1	A	88		ARG	1
4on1A	57	1	A	89		PRO	1
4on1A	58	1	A	90		VAL	1
4on1A	59	1	A	91		TYR	1
4on1A	60	1	A	92		LEU	1
4on1A	61	1	A	93		PHE	1
4on1A	62	1	A	94		GLU	1
4on1A	63	1	A	95		GLY	1
4on1A	64	1	A	96		GLN	1
4on1A	65	1	A	97		ASP	1
4on1A	66	1	A	98		LYS	1
4on1A	67	1	A	99		ASP	1
4on1A	68	1	A	100		SER	1
4on1A	69	1	A	101		ILE	1
4on1A	70	1	A	102		ASN	1
4on1A	71	1	A	103		ALA	1
4on1A	72	1	A	104		ILE	1
4on1A	73	1	A	105		LEU	1
4on1A	74	1	A	106		SER	1
4on1A	75	1	A	107		GLN	1
4on1A	76	1	A	108		SER	1
4on1A	77	1	A	109		TYR	1
4on1A	78	1	A	110		ALA	1
4on1A	79	1	A	111		THR	1
4on1A	80	1	A	112		ILE	1
4on1A	81	1	A	113		ARG	1
4on1A	82	1	A	114		LEU	1
4on1A	83	1	A	115		GLN	1
4on1A	84	1	A	116		ARG	1
4on1A	85	1	A	117		GLY	1
4on1A	86	1	A	118		GLY	1
4on1A	87	1	A	119		ASP	1
4on1A	88	1	A	120		LEU	1
4on1A	89	1	A	121		ILE	1
4on1A	90	1	A	122		ASP	1
4on1A	91	1	A	123		TYR	1
4on1A	92	1	A	124		ILE	1
4on1A	93	1	A	125		VAL	1
4on1A	94	1	A	126		TYR	1
4on1A	95	1	A	127		LYS	1
4on1A	96	1	A	128		ASP	1
4on1A	97	1	A	129		LYS	1
4on1A	98	1	A	130		GLU	1
4on1A	99	1	A	131		ARG	1
4on1A	100	1	A	132		MET	1
4on1A	101	1	A	133		ALA	1
4on1A	102	1	A	134		GLU	1
4on1A	103	1	A	135		ILE	1
4on1A	104	1	A	136		ALA	1
4on1A	105	1	A	137		ASN	1
4on1A	106	1	A	138		TYR	1
4on1A	107	1	A	139		TYR	1
4on1A	108	1	A	140		GLN	1
4on1A	109	1	A	141		ASN	1
4on1A	110	1	A	142		HIS	1
4on1A	111	1	A	143		TYR	1
4on1A	112	1	A	144		LEU	1
4on1A	113	1	A	152		ASP	1
4on1A	114	1	A	153		LYS	1
4on1A	115	1	A	154		ILE	1
4on1A	116	1	A	155		VAL	1
4on1A	117	1	A	156		VAL	1
4on1A	118	1	A	157		CYS	1
4on1A	119	1	A	158		ASN	1
4on1A	120	1	A	159		THR	1
4on1A	121	1	A	160		GLY	1
4on1A	122	1	A	169		ASP	1
4on1A	123	1	A	170		ILE	1
4on1A	124	1	A	171		LYS	1
4on1A	125	1	A	172		ASN	1
4on1A	126	1	A	173		ILE	1
4on1A	127	1	A	174		ARG	1
4on1A	128	1	A	175		ILE	1
4on1A	129	1	A	176		ASP	1
4on1A	130	1	A	177		ILE	1
4on1A	131	1	A	178		THR	1
4on1A	132	1	A	179		LYS	1
4on1A	133	1	A	180		ALA	1
4on1A	134	1	A	181		ILE	2
4on1A	135	1	A	182		GLY	2
4on1A	136	1	A	183		ASN	2
4on1A	137	1	A	184		ASN	2
4on1A	138	1	A	185		PRO	2
4on1A	139	1	A	186		PHE	2
4on1A	140	1	A	187		LYS	2
4on1A	141	1	A	188		GLY	2
4on1A	142	1	A	189		LEU	2
4on1A	143	1	A	190		PRO	2
4on1A	144	1	A	191		ILE	2
4on1A	145	1	A	192		LYS	2
4on1A	146	1	A	193		ASP	2
4on1A	147	1	A	194		TYR	2
4on1A	148	1	A	195		PRO	2
4on1A	149	1	A	196		THR	2
4on1A	150	1	A	197		GLU	2
4on1A	151	1	A	214		ALA	2
4on1A	152	1	A	215		THR	2
4on1A	153	1	A	216		TYR	2
4on1A	154	1	A	217		PRO	2
4on1A	155	1	A	218		ALA	2
4on1A	156	1	A	219		THR	2
4on1A	157	1	A	220		LEU	2
4on1A	158	1	A	221		GLU	2
4on1A	159	1	A	222		PHE	2
4on1A	160	1	A	223		MET	2
4on1A	161	1	A	224		LEU	2
4on1A	162	1	A	225		ILE	2
4on1A	163	1	A	226		LYS	2
4on1A	164	1	A	227		GLU	2
4on1A	165	1	A	228		LYS	2
4on1A	166	1	A	229		ASP	2
4on1A	167	1	A	230		GLY	2
4on1A	168	1	A	231		GLY	2
4on1A	169	1	A	232		SER	2
4on1A	170	1	A	233		LEU	2
4on1A	171	1	A	234		GLU	2
4on1A	172	1	A	235		HIS	2
4on1A	173	1	A	236		ASP	2
4on1A	174	1	A	237		ILE	2
4on1A	175	1	A	238		THR	2
4on1A	176	1	A	239		SER	2
4on1A	177	1	A	240		GLN	2
4on1A	178	1	A	241		ILE	2
4on1A	179	1	A	242		GLN	2
4on1A	180	1	A	243		ALA	2
4on1A	181	1	A	244		VAL	2
4on1A	182	1	A	245		THR	2
4on1A	183	1	A	246		THR	2
4on1A	184	1	A	247		SER	2
4on1A	185	1	A	248		LEU	2
4on1A	186	1	A	249		LYS	2
4on1A	187	1	A	250		PHE	2
4on1A	188	1	A	251		LEU	2
4on1A	189	1	A	252		ILE	2
4on1A	190	1	A	253		ASP	2
4on1A	191	1	A	254		SER	2
4on1A	192	1	A	255		GLY	2
4on1A	193	1	A	256		PHE	2
4on1A	194	1	A	257		ILE	2
4on1A	195	1	A	258		THR	2
4on1A	196	1	A	259		VAL	2
4on1A	197	1	A	260		LYS	2
4on1A	198	1	A	261		TYR	2
4on1A	199	1	A	262		THR	2
4on1A	200	1	A	263		ILE	2
4on1A	201	1	A	264		LYS	2
4on1A	202	1	A	265		ASP	2
4on1A	203	1	A	266		SER	2
4on1A	204	1	A	267		SER	2
4on1A	205	1	A	268		HIS	2
4on1A	206	1	A	269		LYS	2
4on1A	207	1	A	270		GLY	2
4on1A	208	1	A	271		GLY	2
4on1A	209	1	A	272		ALA	2
4on1A	210	1	A	273		SER	2
4on1A	211	1	A	274		ASP	2
4on1A	212	1	A	275		TYR	2
4on1A	213	1	A	276		GLU	2
4on1A	214	1	A	277		VAL	2
4on1A	215	1	A	278		SER	2
4on1A	216	1	A	279		ALA	2
4on1A	217	1	A	280		LEU	2
4on1A	218	1	A	281		GLU	2
4on1A	219	1	A	282		SER	2
4on1A	220	1	A	283		PHE	2
4on1A	221	1	A	284		GLN	2
4on1A	222	1	A	285		ASN	2
4on1A	223	1	A	286		TYR	2
4on1A	224	1	A	287		LEU	2
4on1A	225	1	A	288		ARG	2
4on1A	226	1	A	289		SER	2
4on1A	227	1	A	290		TRP	2
4on1A	228	1	A	291		ASP	2
4on1A	229	1	A	292		GLU	2
4on1A	230	1	A	293		VAL	2
4on1A	231	1	A	294		LYS	2
4on1A	232	1	A	295		GLY	2
4on1A	233	1	A	296		GLN	2
4on1A	234	1	A	297		ASP	2
4on1A	235	1	A	298		LYS	2
4on1A	236	1	A	299		LYS	2
4on1A	237	1	A	300		PRO	2
4on1A	238	1	A	301		TYR	2
4on1A	239	1	A	302		ILE	2
4on1A	240	1	A	303		LEU	2
4on1A	241	1	A	304		LEU	2
4on1A	242	1	A	305		ARG	2
4on1A	243	1	A	306		ASP	2
4on1A	244	1	A	307		GLY	2
4on1A	245	1	A	308		THR	2
4on1A	246	1	A	309		TRP	2
4on1A	247	1	A	310		ASP	2
4on1A	248	1	A	311		SER	2
4on1A	249	1	A	312		GLY	2
4on1A	250	1	A	313		LYS	2
4on1A	251	1	A	314		THR	2
4on1A	252	1	A	315		PHE	2
4on1A	253	1	A	316		GLY	2
4on1A	254	1	A	317		TYR	2
4on1A	255	1	A	318		ALA	2
4on1A	256	1	A	319		SER	2
4on1A	257	1	A	320		GLY	2
4on1A	258	1	A	321		ILE	2
4on1A	259	1	A	322		GLY	2
4on1A	260	1	A	323		VAL	2
4on1A	261	1	A	324		ILE	2
4on1A	262	1	A	325		HIS	2
4on1A	263	1	A	326		LEU	2
4on1A	264	1	A	327		ASN	2
4on1A	265	1	A	328		ASN	2
4on1A	266	1	A	329		PRO	2
4on1A	267	1	A	330		ARG	2
4on1A	268	1	A	331		GLY	2
4on1A	269	1	A	332		ASN	2
4on1A	270	1	A	333		PHE	2
4on1A	271	1	A	334		GLU	2
4on1A	272	1	A	335		VAL	2
4on1A	273	1	A	336		ALA	2
4on1A	274	1	A	337		ALA	2
4on1A	275	1	A	338		ILE	2
4on1A	276	1	A	339		SER	2
4on1A	277	1	A	340		THR	2
4on1A	278	1	A	341		THR	2
4on1A	279	1	A	342		SER	2
4on1A	280	1	A	343		SER	2
4on1A	281	1	A	344		SER	2
4on1A	282	1	A	345		HIS	2
4on1A	283	1	A	346		PRO	2
4on1A	284	1	A	347		TYR	2
4on1A	285	1	A	348		THR	2
4on1A	286	1	A	349		LEU	2
4on1A	287	1	A	350		ALA	2
4on1A	288	1	A	351		HIS	2
4on1A	289	1	A	352		GLU	2
4on1A	290	1	A	353		ILE	2
4on1A	291	1	A	354		GLY	2
4on1A	292	1	A	355		HIS	2
4on1A	293	1	A	356		LEU	2
4on1A	294	1	A	357		LEU	2
4on1A	295	1	A	358		GLY	2
4on1A	296	1	A	359		ALA	2
4on1A	297	1	A	360		GLU	2
4on1A	298	1	A	361		HIS	2
4on1A	299	1	A	362		VAL	2
4on1A	300	1	A	363		ASP	2
4on1A	301	1	A	364		ASN	2
4on1A	302	1	A	365		GLU	2
4on1A	303	1	A	366		GLN	2
4on1A	304	1	A	367		ASP	2
4on1A	305	1	A	368		LEU	2
4on1A	306	1	A	369		MET	2
4on1A	307	1	A	370		TYR	2
4on1A	308	1	A	371		THR	2
4on1A	309	1	A	372		TRP	2
4on1A	310	1	A	373		TYR	2
4on1A	311	1	A	374		SER	2
4on1A	312	1	A	375		PRO	2
4on1A	313	1	A	376		GLN	2
4on1A	314	1	A	377		VAL	2
4on1A	315	1	A	378		THR	2
4on1A	316	1	A	379		PRO	2
4on1A	317	1	A	380		ASN	2
4on1A	318	1	A	381		HIS	2
4on1A	319	1	A	382		LEU	2
4on1A	320	1	A	383		SER	2
4on1A	321	1	A	384		ALA	2
4on1A	322	1	A	385		ASP	2
4on1A	323	1	A	386		ASN	2
4on1A	324	1	A	387		TRP	2
4on1A	325	1	A	388		VAL	2
4on1A	326	1	A	389		ARG	2
4on1A	327	1	A	390		MET	2
4on1A	328	1	A	391		LEU	2
4on1A	329	1	A	392		GLU	2
4on1A	330	1	A	393		CYS	2
4on1A	331	1	A	394		ILE	2
4on1A	332	1	A	395		GLN	2
4on1A	333	1	A	396		LYS	2
3pdiA	0	1	A	24		GLY	0
3pdiA	1	1	A	25		CYS	0
3pdiA	2	1	A	26		ALA	0
3pdiA	3	1	A	27		LYS	0
3pdiA	4	1	A	28		PRO	0
3pdiA	5	1	A	29		LYS	0
3pdiA	6	1	A	30		PRO	0
3pdiA	7	1	A	31		GLY	0
3pdiA	8	1	A	32		ALA	0
3pdiA	9	1	A	33		THR	0
3pdiA	10	1	A	34		ASP	0
3pdiA	11	1	A	35		GLY	0
3pdiA	12	1	A	36		GLY	0
3pdiA	13	1	A	37		CYS	1
3pdiA	14	1	A	38		SER	1
3pdiA	15	1	A	39		PHE	1
3pdiA	16	1	A	40		ASP	1
3pdiA	17	1	A	41		GLY	1
3pdiA	18	1	A	42		ALA	1
3pdiA	19	1	A	43		GLN	1
3pdiA	20	1	A	44		ILE	1
3pdiA	21	1	A	45		ALA	1
3pdiA	22	1	A	46		LEU	1
3pdiA	23	1	A	47		LEU	1
3pdiA	24	1	A	48		PRO	1
3pdiA	25	1	A	49		VAL	1
3pdiA	26	1	A	50		ALA	1
3pdiA	27	1	A	51		ASP	1
3pdiA	28	1	A	52		VAL	1
3pdiA	29	1	A	53		ALA	1
3pdiA	30	1	A	54		HIS	1
3pdiA	31	1	A	55		ILE	1
3pdiA	32	1	A	56		VAL	1
3pdiA	33	1	A	57		HIS	1
3pdiA	34	1	A	58		GLY	1
3pdiA	35	1	A	59		PRO	1
3pdiA	36	1	A	60		ILE	1
3pdiA	37	1	A	61		ALA	1
3pdiA	38	1	A	62		CYS	1
3pdiA	39	1	A	63		ALA	1
3pdiA	40	1	A	64		GLY	1
3pdiA	41	1	A	65		SER	1
3pdiA	42	1	A	66		SER	1
3pdiA	43	1	A	67		TRP	1
3pdiA	44	1	A	68		ASP	1
3pdiA	45	1	A	69		ASN	1
3pdiA	46	1	A	70		ARG	1
3pdiA	47	1	A	71		GLY	1
3pdiA	48	1	A	72		THR	1
3pdiA	49	1	A	73		ARG	1
3pdiA	50	1	A	74		SER	1
3pdiA	51	1	A	75		SER	1
3pdiA	52	1	A	76		GLY	1
3pdiA	53	1	A	77		PRO	1
3pdiA	54	1	A	78		ASP	1
3pdiA	55	1	A	79		LEU	1
3pdiA	56	1	A	80		TYR	1
3pdiA	57	1	A	81		ARG	1
3pdiA	58	1	A	82		ILE	1
3pdiA	59	1	A	83		GLY	1
3pdiA	60	1	A	84		MET	1
3pdiA	61	1	A	85		THR	1
3pdiA	62	1	A	86		THR	1
3pdiA	63	1	A	87		ASP	1
3pdiA	64	1	A	88		LEU	1
3pdiA	65	1	A	89		THR	1
3pdiA	66	1	A	90		GLU	1
3pdiA	67	1	A	91		ASN	1
3pdiA	68	1	A	92		ASP	1
3pdiA	69	1	A	93		VAL	1
3pdiA	70	1	A	94		ILE	1
3pdiA	71	1	A	95		MET	1
3pdiA	72	1	A	96		GLY	1
3pdiA	73	1	A	97		ARG	1
3pdiA	74	1	A	98		ALA	1
3pdiA	75	1	A	99		GLU	1
3pdiA	76	1	A	100		LYS	1
3pdiA	77	1	A	101		ARG	1
3pdiA	78	1	A	102		LEU	1
3pdiA	79	1	A	103		PHE	1
3pdiA	80	1	A	104		HIS	1
3pdiA	81	1	A	105		ALA	1
3pdiA	82	1	A	106		ILE	1
3pdiA	83	1	A	107		ARG	1
3pdiA	84	1	A	108		GLN	1
3pdiA	85	1	A	109		ALA	1
3pdiA	86	1	A	110		VAL	1
3pdiA	87	1	A	111		GLU	1
3pdiA	88	1	A	112		SER	1
3pdiA	89	1	A	113		TYR	1
3pdiA	90	1	A	114		SER	1
3pdiA	91	1	A	115		PRO	1
3pdiA	92	1	A	116		PRO	1
3pdiA	93	1	A	117		ALA	1
3pdiA	94	1	A	118		VAL	1
3pdiA	95	1	A	119		PHE	1
3pdiA	96	1	A	120		VAL	1
3pdiA	97	1	A	121		TYR	1
3pdiA	98	1	A	122		ASN	1
3pdiA	99	1	A	123		THR	1
3pdiA	100	1	A	124		CYS	1
3pdiA	101	1	A	125		VAL	1
3pdiA	102	1	A	126		PRO	1
3pdiA	103	1	A	127		ALA	1
3pdiA	104	1	A	128		LEU	1
3pdiA	105	1	A	129		ILE	1
3pdiA	106	1	A	130		GLY	1
3pdiA	107	1	A	131		ASP	1
3pdiA	108	1	A	132		ASP	1
3pdiA	109	1	A	133		VAL	1
3pdiA	110	1	A	134		ASP	1
3pdiA	111	1	A	135		ALA	1
3pdiA	112	1	A	136		VAL	1
3pdiA	113	1	A	137		CYS	1
3pdiA	114	1	A	138		LYS	1
3pdiA	115	1	A	139		ALA	1
3pdiA	116	1	A	140		ALA	1
3pdiA	117	1	A	141		ALA	1
3pdiA	118	1	A	142		GLU	1
3pdiA	119	1	A	143		ARG	1
3pdiA	120	1	A	144		PHE	1
3pdiA	121	1	A	145		GLY	1
3pdiA	122	1	A	146		THR	1
3pdiA	123	1	A	147		PRO	1
3pdiA	124	1	A	148		VAL	1
3pdiA	125	1	A	149		ILE	1
3pdiA	126	1	A	150		PRO	1
3pdiA	127	1	A	151		VAL	1
3pdiA	128	1	A	152		ASP	1
3pdiA	129	1	A	153		SER	1
3pdiA	130	1	A	154		ALA	1
3pdiA	131	1	A	155		GLY	1
3pdiA	132	1	A	156		PHE	1
3pdiA	133	1	A	157		TYR	1
3pdiA	134	1	A	158		GLY	1
3pdiA	135	1	A	159		THR	1
3pdiA	136	1	A	160		LYS	1
3pdiA	137	1	A	161		ASN	1
3pdiA	138	1	A	162		LEU	1
3pdiA	139	1	A	163		GLY	1
3pdiA	140	1	A	164		ASN	1
3pdiA	141	1	A	165		ARG	1
3pdiA	142	1	A	166		ILE	1
3pdiA	143	1	A	167		ALA	1
3pdiA	144	1	A	168		GLY	1
3pdiA	145	1	A	169		GLU	1
3pdiA	146	1	A	170		ALA	1
3pdiA	147	1	A	171		MET	2
3pdiA	148	1	A	172		LEU	2
3pdiA	149	1	A	173		LYS	2
3pdiA	150	1	A	174		TYR	2
3pdiA	151	1	A	175		VAL	2
3pdiA	152	1	A	176		ILE	2
3pdiA	153	1	A	177		GLY	2
3pdiA	154	1	A	178		THR	2
3pdiA	155	1	A	179		ARG	2
3pdiA	156	1	A	180		GLU	2
3pdiA	157	1	A	181		PRO	2
3pdiA	158	1	A	182		ASP	2
3pdiA	159	1	A	183		PRO	2
3pdiA	160	1	A	184		LEU	2
3pdiA	161	1	A	185		PRO	2
3pdiA	162	1	A	186		VAL	2
3pdiA	163	1	A	187		GLY	2
3pdiA	164	1	A	188		SER	2
3pdiA	165	1	A	189		GLU	2
3pdiA	166	1	A	190		ARG	2
3pdiA	167	1	A	191		PRO	2
3pdiA	168	1	A	192		GLY	2
3pdiA	169	1	A	193		ILE	2
3pdiA	170	1	A	194		ARG	2
3pdiA	171	1	A	195		VAL	2
3pdiA	172	1	A	196		HIS	2
3pdiA	173	1	A	197		ASP	2
3pdiA	174	1	A	198		VAL	2
3pdiA	175	1	A	199		ASN	2
3pdiA	176	1	A	200		LEU	2
3pdiA	177	1	A	201		ILE	2
3pdiA	178	1	A	202		GLY	2
3pdiA	179	1	A	203		GLU	2
3pdiA	180	1	A	204		TYR	2
3pdiA	181	1	A	205		ASN	2
3pdiA	182	1	A	206		ILE	2
3pdiA	183	1	A	207		ALA	2
3pdiA	184	1	A	208		GLY	2
3pdiA	185	1	A	209		GLU	2
3pdiA	186	1	A	210		PHE	2
3pdiA	187	1	A	211		TRP	2
3pdiA	188	1	A	212		HIS	2
3pdiA	189	1	A	213		VAL	2
3pdiA	190	1	A	214		LEU	2
3pdiA	191	1	A	215		PRO	2
3pdiA	192	1	A	216		LEU	2
3pdiA	193	1	A	217		LEU	2
3pdiA	194	1	A	218		ASP	2
3pdiA	195	1	A	219		GLU	2
3pdiA	196	1	A	220		LEU	2
3pdiA	197	1	A	221		GLY	2
3pdiA	198	1	A	222		LEU	2
3pdiA	199	1	A	223		ARG	2
3pdiA	200	1	A	224		VAL	2
3pdiA	201	1	A	225		LEU	2
3pdiA	202	1	A	226		CYS	2
3pdiA	203	1	A	227		THR	2
3pdiA	204	1	A	228		LEU	2
3pdiA	205	1	A	229		ALA	2
3pdiA	206	1	A	230		GLY	2
3pdiA	207	1	A	231		ASP	2
3pdiA	208	1	A	232		ALA	2
3pdiA	209	1	A	233		ARG	2
3pdiA	210	1	A	234		TYR	2
3pdiA	211	1	A	235		ARG	2
3pdiA	212	1	A	236		GLU	2
3pdiA	213	1	A	237		VAL	2
3pdiA	214	1	A	238		GLN	2
3pdiA	215	1	A	239		THR	2
3pdiA	216	1	A	240		MET	2
3pdiA	217	1	A	241		HIS	2
3pdiA	218	1	A	242		ARG	2
3pdiA	219	1	A	243		ALA	2
3pdiA	220	1	A	244		GLU	2
3pdiA	221	1	A	245		VAL	2
3pdiA	222	1	A	246		ASN	2
3pdiA	223	1	A	247		MET	2
3pdiA	224	1	A	248		MET	2
3pdiA	225	1	A	249		VAL	2
3pdiA	226	1	A	250		CYS	2
3pdiA	227	1	A	251		SER	2
3pdiA	228	1	A	252		LYS	2
3pdiA	229	1	A	253		ALA	2
3pdiA	230	1	A	254		MET	2
3pdiA	231	1	A	255		LEU	2
3pdiA	232	1	A	256		ASN	2
3pdiA	233	1	A	257		VAL	2
3pdiA	234	1	A	258		ALA	2
3pdiA	235	1	A	259		ARG	2
3pdiA	236	1	A	260		LYS	2
3pdiA	237	1	A	261		LEU	2
3pdiA	238	1	A	262		GLN	2
3pdiA	239	1	A	263		GLU	2
3pdiA	240	1	A	264		THR	2
3pdiA	241	1	A	265		TYR	2
3pdiA	242	1	A	266		GLY	2
3pdiA	243	1	A	267		THR	2
3pdiA	244	1	A	268		PRO	2
3pdiA	245	1	A	269		TRP	2
3pdiA	246	1	A	270		PHE	2
3pdiA	247	1	A	271		GLU	2
3pdiA	248	1	A	272		GLY	2
3pdiA	249	1	A	273		SER	2
3pdiA	250	1	A	274		PHE	2
3pdiA	251	1	A	275		TYR	2
3pdiA	252	1	A	276		GLY	2
3pdiA	253	1	A	277		ILE	2
3pdiA	254	1	A	278		THR	2
3pdiA	255	1	A	279		ASP	2
3pdiA	256	1	A	280		THR	2
3pdiA	257	1	A	281		SER	2
3pdiA	258	1	A	282		GLN	2
3pdiA	259	1	A	283		ALA	2
3pdiA	260	1	A	284		LEU	2
3pdiA	261	1	A	285		ARG	2
3pdiA	262	1	A	286		ASP	2
3pdiA	263	1	A	287		PHE	2
3pdiA	264	1	A	288		ALA	2
3pdiA	265	1	A	289		ARG	2
3pdiA	266	1	A	290		LEU	2
3pdiA	267	1	A	291		LEU	2
3pdiA	268	1	A	292		ASP	2
3pdiA	269	1	A	293		ASP	2
3pdiA	270	1	A	294		PRO	2
3pdiA	271	1	A	295		ASP	2
3pdiA	272	1	A	296		LEU	2
3pdiA	273	1	A	297		THR	2
3pdiA	274	1	A	298		ALA	2
3pdiA	275	1	A	299		ARG	2
3pdiA	276	1	A	300		THR	2
3pdiA	277	1	A	301		GLU	2
3pdiA	278	1	A	302		ALA	2
3pdiA	279	1	A	303		LEU	2
3pdiA	280	1	A	304		ILE	2
3pdiA	281	1	A	305		ALA	2
3pdiA	282	1	A	306		ARG	2
3pdiA	283	1	A	307		GLU	2
3pdiA	284	1	A	308		GLU	2
3pdiA	285	1	A	309		ALA	2
3pdiA	286	1	A	310		LYS	3
3pdiA	287	1	A	311		VAL	3
3pdiA	288	1	A	312		ARG	3
3pdiA	289	1	A	313		ALA	3
3pdiA	290	1	A	314		ALA	3
3pdiA	291	1	A	315		LEU	3
3pdiA	292	1	A	316		GLU	3
3pdiA	293	1	A	317		PRO	3
3pdiA	294	1	A	318		TRP	3
3pdiA	295	1	A	319		ARG	3
3pdiA	296	1	A	320		ALA	3
3pdiA	297	1	A	321		ARG	3
3pdiA	298	1	A	322		LEU	3
3pdiA	299	1	A	323		GLU	3
3pdiA	300	1	A	324		GLY	3
3pdiA	301	1	A	325		LYS	3
3pdiA	302	1	A	326		ARG	3
3pdiA	303	1	A	327		VAL	3
3pdiA	304	1	A	328		LEU	3
3pdiA	305	1	A	329		LEU	3
3pdiA	306	1	A	330		TYR	3
3pdiA	307	1	A	331		THR	3
3pdiA	308	1	A	332		GLY	3
3pdiA	309	1	A	333		GLY	3
3pdiA	310	1	A	334		VAL	3
3pdiA	311	1	A	335		LYS	3
3pdiA	312	1	A	336		SER	3
3pdiA	313	1	A	337		TRP	3
3pdiA	314	1	A	338		SER	3
3pdiA	315	1	A	339		VAL	3
3pdiA	316	1	A	340		VAL	3
3pdiA	317	1	A	341		SER	3
3pdiA	318	1	A	342		ALA	3
3pdiA	319	1	A	343		LEU	3
3pdiA	320	1	A	344		GLN	3
3pdiA	321	1	A	345		ASP	3
3pdiA	322	1	A	346		LEU	3
3pdiA	323	1	A	347		GLY	3
3pdiA	324	1	A	348		MET	3
3pdiA	325	1	A	349		LYS	3
3pdiA	326	1	A	350		VAL	3
3pdiA	327	1	A	351		VAL	3
3pdiA	328	1	A	352		ALA	3
3pdiA	329	1	A	353		THR	3
3pdiA	330	1	A	354		GLY	3
3pdiA	331	1	A	355		THR	3
3pdiA	332	1	A	356		LYS	3
3pdiA	333	1	A	357		LYS	3
3pdiA	334	1	A	358		SER	3
3pdiA	335	1	A	359		THR	3
3pdiA	336	1	A	360		GLU	3
3pdiA	337	1	A	361		GLU	3
3pdiA	338	1	A	362		ASP	3
3pdiA	339	1	A	363		LYS	3
3pdiA	340	1	A	364		ALA	3
3pdiA	341	1	A	365		ARG	3
3pdiA	342	1	A	366		ILE	3
3pdiA	343	1	A	367		ARG	3
3pdiA	344	1	A	368		GLU	3
3pdiA	345	1	A	369		LEU	3
3pdiA	346	1	A	370		MET	3
3pdiA	347	1	A	371		GLY	3
3pdiA	348	1	A	372		ASP	3
3pdiA	349	1	A	373		ASP	3
3pdiA	350	1	A	374		VAL	3
3pdiA	351	1	A	375		LYS	3
3pdiA	352	1	A	376		MET	3
3pdiA	353	1	A	377		LEU	3
3pdiA	354	1	A	378		ASP	3
3pdiA	355	1	A	379		GLU	3
3pdiA	356	1	A	380		GLY	3
3pdiA	357	1	A	381		ASN	3
3pdiA	358	1	A	382		ALA	3
3pdiA	359	1	A	383		ARG	3
3pdiA	360	1	A	384		VAL	3
3pdiA	361	1	A	385		LEU	3
3pdiA	362	1	A	386		LEU	3
3pdiA	363	1	A	387		LYS	3
3pdiA	364	1	A	388		THR	3
3pdiA	365	1	A	389		VAL	3
3pdiA	366	1	A	390		ASP	3
3pdiA	367	1	A	391		GLU	3
3pdiA	368	1	A	392		TYR	3
3pdiA	369	1	A	393		GLN	3
3pdiA	370	1	A	394		ALA	3
3pdiA	371	1	A	395		ASP	3
3pdiA	372	1	A	396		ILE	3
3pdiA	373	1	A	397		LEU	3
3pdiA	374	1	A	398		ILE	3
3pdiA	375	1	A	399		ALA	3
3pdiA	376	1	A	400		GLY	3
3pdiA	377	1	A	401		GLY	3
3pdiA	378	1	A	402		ARG	3
3pdiA	379	1	A	403		ASN	3
3pdiA	380	1	A	404		MET	3
3pdiA	381	1	A	405		TYR	3
3pdiA	382	1	A	406		THR	3
3pdiA	383	1	A	407		ALA	3
3pdiA	384	1	A	408		LEU	3
3pdiA	385	1	A	409		LYS	3
3pdiA	386	1	A	410		GLY	3
3pdiA	387	1	A	411		ARG	3
3pdiA	388	1	A	412		VAL	3
3pdiA	389	1	A	413		PRO	3
3pdiA	390	1	A	414		PHE	3
3pdiA	391	1	A	415		LEU	3
3pdiA	392	1	A	416		ASP	3
3pdiA	393	1	A	417		ILE	3
3pdiA	394	1	A	418		ASN	3
3pdiA	395	1	A	419		GLN	3
3pdiA	396	1	A	420		GLU	3
3pdiA	397	1	A	421		ARG	3
3pdiA	398	1	A	422		GLU	3
3pdiA	399	1	A	423		PHE	3
3pdiA	400	1	A	424		GLY	3
3pdiA	401	1	A	425		TYR	3
3pdiA	402	1	A	426		ALA	3
3pdiA	403	1	A	427		GLY	3
3pdiA	404	1	A	428		TYR	3
3pdiA	405	1	A	429		ASP	3
3pdiA	406	1	A	430		GLY	3
3pdiA	407	1	A	431		MET	3
3pdiA	408	1	A	432		LEU	3
3pdiA	409	1	A	433		GLU	3
3pdiA	410	1	A	434		LEU	3
3pdiA	411	1	A	435		VAL	3
3pdiA	412	1	A	436		ARG	3
3pdiA	413	1	A	437		GLN	3
3pdiA	414	1	A	438		LEU	3
3pdiA	415	1	A	439		CYS	3
3pdiA	416	1	A	440		ILE	3
3pdiA	417	1	A	441		THR	3
3pdiA	418	1	A	442		LEU	3
3pdiA	419	1	A	443		GLU	3
3pdiA	420	1	A	444		CYS	3
3pdiA	421	1	A	445		PRO	3
3pdiA	422	1	A	446		VAL	3
3pdiA	423	1	A	447		TRP	3
3pdiA	424	1	A	448		GLU	3
3pdiA	425	1	A	449		ALA	3
3pdiA	426	1	A	450		VAL	3
3me4B	0	1	B	36		THR	1
3me4B	1	1	B	37		GLN	1
3me4B	2	1	B	38		GLU	1
3me4B	3	1	B	39		ARG	1
3me4B	4	1	B	40		HIS	1
3me4B	5	1	B	41		TYR	1
3me4B	6	1	B	42		GLU	1
3me4B	7	1	B	43		HIS	1
3me4B	8	1	B	44		LEU	1
3me4B	9	1	B	45		GLY	1
3me4B	10	1	B	46		ARG	1
3me4B	11	1	B	47		CYS	1
3me4B	12	1	B	48		CYS	1
3me4B	13	1	B	49		SER	1
3me4B	14	1	B	50		ARG	1
3me4B	15	1	B	51		CYS	1
3me4B	16	1	B	52		GLU	1
3me4B	17	1	B	53		PRO	1
3me4B	18	1	B	54		GLY	1
3me4B	19	1	B	55		LYS	1
3me4B	20	1	B	56		TYR	1
3me4B	21	1	B	57		LEU	1
3me4B	22	1	B	58		SER	1
3me4B	23	1	B	59		SER	1
3me4B	24	1	B	60		LYS	1
3me4B	25	1	B	61		CYS	1
3me4B	26	1	B	62		THR	1
3me4B	27	1	B	63		PRO	1
3me4B	28	1	B	64		THR	1
3me4B	29	1	B	65		SER	1
3me4B	30	1	B	66		ASP	1
3me4B	31	1	B	67		SER	1
3me4B	32	1	B	68		VAL	1
3me4B	33	1	B	69		CYS	1
3me4B	34	1	B	70		LEU	1
3me4B	35	1	B	71		PRO	1
3me4B	36	1	B	72		CYS	1
3me4B	37	1	B	73		GLY	1
3me4B	38	1	B	74		PRO	1
3me4B	39	1	B	75		ASP	1
3me4B	40	1	B	76		GLU	1
3me4B	41	1	B	77		TYR	1
3me4B	42	1	B	78		LEU	1
3me4B	43	1	B	79		ASP	1
3me4B	44	1	B	80		THR	1
3me4B	45	1	B	81		TRP	1
3me4B	46	1	B	82		ASN	1
3me4B	47	1	B	83		GLU	1
3me4B	48	1	B	84		GLU	1
3me4B	49	1	B	85		ASP	1
3me4B	50	1	B	86		LYS	1
3me4B	51	1	B	87		CYS	1
3me4B	52	1	B	88		LEU	1
3me4B	53	1	B	89		LEU	1
3me4B	54	1	B	90		HIS	0
3me4B	55	1	B	91		LYS	0
3me4B	56	1	B	92		VAL	0
3me4B	57	1	B	93		CYS	0
3me4B	58	1	B	94		ASP	0
3me4B	59	1	B	95		ALA	0
3me4B	60	1	B	96		GLY	0
3me4B	61	1	B	97		LYS	0
3me4B	62	1	B	98		ALA	0
3me4B	63	1	B	99		LEU	0
3me4B	64	1	B	100		VAL	0
3me4B	65	1	B	101		ALA	0
3me4B	66	1	B	102		VAL	0
3me4B	67	1	B	103		ASP	0
3me4B	68	1	B	104		PRO	0
3me4B	69	1	B	105		GLY	0
3me4B	70	1	B	106		ASN	0
3me4B	71	1	B	107		HIS	0
3me4B	72	1	B	108		THR	0
3me4B	73	1	B	109		ALA	0
3me4B	74	1	B	110		PRO	0
3me4B	75	1	B	111		ARG	0
3me4B	76	1	B	112		ARG	0
3me4B	77	1	B	113		CYS	0
3me4B	78	1	B	114		ALA	0
3me4B	79	1	B	115		CYS	0
3me4B	80	1	B	116		THR	0
3me4B	81	1	B	117		ALA	0
3me4B	82	1	B	118		GLY	0
3me4B	83	1	B	119		TYR	0
3me4B	84	1	B	120		HIS	0
3me4B	85	1	B	121		TRP	0
3me4B	86	1	B	122		ASN	0
3me4B	87	1	B	123		SER	0
3me4B	88	1	B	124		ASP	0
3me4B	89	1	B	125		CYS	0
3me4B	90	1	B	126		GLU	0
3me4B	91	1	B	127		CYS	0
3me4B	92	1	B	128		CYS	0
3me4B	93	1	B	129		ARG	0
3me4B	94	1	B	130		ARG	0
3me4B	95	1	B	131		ASN	2
3me4B	96	1	B	132		THR	2
3me4B	97	1	B	133		GLU	2
3me4B	98	1	B	134		CYS	2
3me4B	99	1	B	135		ALA	2
3me4B	100	1	B	136		PRO	2
3me4B	101	1	B	137		GLY	2
3me4B	102	1	B	138		PHE	2
3me4B	103	1	B	139		GLY	2
3me4B	104	1	B	140		ALA	2
3me4B	105	1	B	141		GLN	2
3me4B	106	1	B	142		HIS	2
3me4B	107	1	B	143		PRO	2
3me4B	108	1	B	144		LEU	2
3me4B	109	1	B	145		GLN	2
3me4B	110	1	B	146		LEU	2
3me4B	111	1	B	147		ASN	2
3me4B	112	1	B	148		LYS	2
3me4B	113	1	B	149		ASP	2
3me4B	114	1	B	150		THR	2
3me4B	115	1	B	151		VAL	2
3me4B	116	1	B	152		CYS	2
3me4B	117	1	B	153		THR	2
3me4B	118	1	B	154		PRO	2
3me4B	119	1	B	155		CYS	2
3me4B	120	1	B	156		LEU	2
3me4B	121	1	B	157		LEU	2
3me4B	122	1	B	158		GLY	2
3me4B	123	1	B	159		PHE	2
3me4B	124	1	B	160		PHE	2
3me4B	125	1	B	161		SER	2
3me4B	126	1	B	162		ASP	2
3me4B	127	1	B	163		VAL	2
3me4B	128	1	B	164		PHE	2
3me4B	129	1	B	165		SER	2
3me4B	130	1	B	166		SER	2
3me4B	131	1	B	167		THR	2
3me4B	132	1	B	168		ASP	2
3me4B	133	1	B	169		LYS	2
3me4B	134	1	B	170		CYS	2
3me4B	135	1	B	171		LYS	2
3me4B	136	1	B	172		PRO	2
3me4B	137	1	B	173		TRP	2
3me4B	138	1	B	174		THR	2
3me4B	139	1	B	175		ASN	2
3me4B	140	1	B	176		CYS	2
3me4B	141	1	B	186		GLN	2
3me4B	142	1	B	187		GLY	2
3me4B	143	1	B	188		THR	2
3me4B	144	1	B	189		THR	2
3me4B	145	1	B	190		GLU	2
3me4B	146	1	B	191		SER	2
3me4B	147	1	B	192		ASP	2
3me4B	148	1	B	193		VAL	2
3me4B	149	1	B	194		VAL	2
1x9yA	0	1	A	41		LYS	1
1x9yA	1	1	A	42		GLN	1
1x9yA	2	1	A	43		LEU	1
1x9yA	3	1	A	44		GLU	1
1x9yA	4	1	A	45		ILE	1
1x9yA	5	1	A	46		ASN	1
1x9yA	6	1	A	47		VAL	1
1x9yA	7	1	A	48		LYS	1
1x9yA	8	1	A	49		SER	1
1x9yA	9	1	A	50		ASP	1
1x9yA	10	1	A	51		LYS	1
1x9yA	11	1	A	52		VAL	1
1x9yA	12	1	A	53		PRO	1
1x9yA	13	1	A	54		GLN	1
1x9yA	14	1	A	55		LYS	1
1x9yA	15	1	A	56		VAL	1
1x9yA	16	1	A	57		LYS	1
1x9yA	17	1	A	58		ASP	1
1x9yA	18	1	A	59		LEU	1
1x9yA	19	1	A	60		ALA	1
1x9yA	20	1	A	61		GLN	1
1x9yA	21	1	A	62		GLN	1
1x9yA	22	1	A	63		GLN	1
1x9yA	23	1	A	64		PHE	1
1x9yA	24	1	A	65		ALA	1
1x9yA	25	1	A	66		GLY	1
1x9yA	26	1	A	67		TYR	1
1x9yA	27	1	A	68		ALA	1
1x9yA	28	1	A	69		LYS	1
1x9yA	29	1	A	70		ALA	1
1x9yA	30	1	A	71		LEU	1
1x9yA	31	1	A	72		ASP	1
1x9yA	32	1	A	73		LYS	1
1x9yA	33	1	A	74		GLN	1
1x9yA	34	1	A	75		SER	1
1x9yA	35	1	A	76		ASN	1
1x9yA	36	1	A	77		ALA	1
1x9yA	37	1	A	78		LYS	1
1x9yA	38	1	A	79		THR	1
1x9yA	39	1	A	80		GLY	1
1x9yA	40	1	A	81		LYS	1
1x9yA	41	1	A	82		TYR	1
1x9yA	42	1	A	83		GLU	1
1x9yA	43	1	A	84		LEU	1
1x9yA	44	1	A	85		GLY	1
1x9yA	45	1	A	86		GLU	1
1x9yA	46	1	A	87		ALA	1
1x9yA	47	1	A	88		PHE	1
1x9yA	48	1	A	89		LYS	1
1x9yA	49	1	A	90		ILE	1
1x9yA	50	1	A	91		TYR	1
1x9yA	51	1	A	92		LYS	1
1x9yA	52	1	A	93		PHE	1
1x9yA	53	1	A	94		ASN	1
1x9yA	54	1	A	95		GLY	1
1x9yA	55	1	A	96		GLU	1
1x9yA	56	1	A	97		GLU	1
1x9yA	57	1	A	98		ASP	1
1x9yA	58	1	A	99		ASN	1
1x9yA	59	1	A	100		SER	1
1x9yA	60	1	A	101		TYR	1
1x9yA	61	1	A	102		TYR	1
1x9yA	62	1	A	103		TYR	1
1x9yA	63	1	A	104		PRO	1
1x9yA	64	1	A	105		VAL	1
1x9yA	65	1	A	106		ILE	1
1x9yA	66	1	A	107		LYS	1
1x9yA	67	1	A	108		ASP	1
1x9yA	68	1	A	109		GLY	1
1x9yA	69	1	A	110		LYS	1
1x9yA	70	1	A	111		ILE	1
1x9yA	71	1	A	112		VAL	1
1x9yA	72	1	A	113		TYR	1
1x9yA	73	1	A	114		THR	1
1x9yA	74	1	A	115		LEU	1
1x9yA	75	1	A	116		THR	1
1x9yA	76	1	A	117		LEU	1
1x9yA	77	1	A	118		SER	1
1x9yA	78	1	A	119		PRO	1
1x9yA	79	1	A	120		LYS	1
1x9yA	80	1	A	121		ASN	1
1x9yA	81	1	A	122		LYS	1
1x9yA	82	1	A	123		ASP	1
1x9yA	83	1	A	124		ASP	1
1x9yA	84	1	A	125		LEU	1
1x9yA	85	1	A	126		ASN	1
1x9yA	86	1	A	127		LYS	1
1x9yA	87	1	A	128		SER	1
1x9yA	88	1	A	129		LYS	1
1x9yA	89	1	A	130		GLU	1
1x9yA	90	1	A	131		ASP	1
1x9yA	91	1	A	132		MET	1
1x9yA	92	1	A	133		ASN	1
1x9yA	93	1	A	134		TYR	1
1x9yA	94	1	A	135		SER	1
1x9yA	95	1	A	136		VAL	1
1x9yA	96	1	A	137		LYS	1
1x9yA	97	1	A	138		ILE	1
1x9yA	98	1	A	139		SER	1
1x9yA	99	1	A	140		ASN	1
1x9yA	100	1	A	141		PHE	1
1x9yA	101	1	A	142		ILE	1
1x9yA	102	1	A	143		ALA	1
1x9yA	103	1	A	144		LYS	1
1x9yA	104	1	A	145		ASP	1
1x9yA	105	1	A	146		LEU	1
1x9yA	106	1	A	147		ASP	1
1x9yA	107	1	A	148		GLN	1
1x9yA	108	1	A	149		ILE	1
1x9yA	109	1	A	150		LYS	1
1x9yA	110	1	A	151		ASP	1
1x9yA	111	1	A	152		LYS	1
1x9yA	112	1	A	153		ASN	1
1x9yA	113	1	A	154		SER	1
1x9yA	114	1	A	155		ASN	1
1x9yA	115	1	A	156		ILE	1
1x9yA	116	1	A	157		THR	1
1x9yA	117	1	A	158		VAL	1
1x9yA	118	1	A	159		LEU	1
1x9yA	119	1	A	160		THR	1
1x9yA	120	1	A	161		ASP	1
1x9yA	121	1	A	162		GLU	1
1x9yA	122	1	A	163		LYS	1
1x9yA	123	1	A	164		GLY	1
1x9yA	124	1	A	165		PHE	1
1x9yA	125	1	A	166		TYR	1
1x9yA	126	1	A	167		PHE	1
1x9yA	127	1	A	168		GLU	1
1x9yA	128	1	A	169		GLU	1
1x9yA	129	1	A	170		ASP	1
1x9yA	130	1	A	171		GLY	1
1x9yA	131	1	A	172		LYS	1
1x9yA	132	1	A	173		VAL	1
1x9yA	133	1	A	174		ARG	1
1x9yA	134	1	A	175		LEU	1
1x9yA	135	1	A	176		VAL	1
1x9yA	136	1	A	177		LYS	1
1x9yA	137	1	A	178		ALA	1
1x9yA	138	1	A	179		THR	1
1x9yA	139	1	A	180		PRO	1
1x9yA	140	1	A	181		LEU	1
1x9yA	141	1	A	182		ALA	1
1x9yA	142	1	A	183		ASN	1
1x9yA	143	1	A	184		ASN	1
1x9yA	144	1	A	185		ILE	1
1x9yA	145	1	A	186		LYS	1
1x9yA	146	1	A	187		GLU	1
1x9yA	147	1	A	188		LYS	1
1x9yA	148	1	A	189		GLU	1
1x9yA	149	1	A	190		SER	1
1x9yA	150	1	A	191		ALA	1
1x9yA	151	1	A	192		LYS	1
1x9yA	152	1	A	193		THR	1
1x9yA	153	1	A	194		VAL	1
1x9yA	154	1	A	195		SER	1
1x9yA	155	1	A	196		PRO	1
1x9yA	156	1	A	197		GLN	1
1x9yA	157	1	A	198		LEU	1
1x9yA	158	1	A	199		LYS	1
1x9yA	159	1	A	200		GLN	1
1x9yA	160	1	A	201		GLU	1
1x9yA	161	1	A	202		LEU	1
1x9yA	162	1	A	203		LYS	1
1x9yA	163	1	A	204		THR	1
1x9yA	164	1	A	205		THR	1
1x9yA	165	1	A	206		VAL	1
1x9yA	166	1	A	207		THR	1
1x9yA	167	1	A	208		PRO	1
1x9yA	168	1	A	209		THR	1
1x9yA	169	1	A	210		LYS	1
1x9yA	170	1	A	211		VAL	1
1x9yA	171	1	A	223		GLN	2
1x9yA	172	1	A	224		TYR	2
1x9yA	173	1	A	225		GLU	2
1x9yA	174	1	A	226		ASN	2
1x9yA	175	1	A	227		THR	2
1x9yA	176	1	A	228		LEU	2
1x9yA	177	1	A	229		LYS	2
1x9yA	178	1	A	230		ASN	2
1x9yA	179	1	A	231		PHE	2
1x9yA	180	1	A	232		LYS	2
1x9yA	181	1	A	233		ILE	2
1x9yA	182	1	A	234		ARG	2
1x9yA	183	1	A	235		GLU	2
1x9yA	184	1	A	236		GLN	2
1x9yA	185	1	A	237		GLN	2
1x9yA	186	1	A	238		PHE	2
1x9yA	187	1	A	239		ASP	2
1x9yA	188	1	A	240		ASN	2
1x9yA	189	1	A	241		SER	2
1x9yA	190	1	A	242		TRP	2
1x9yA	191	1	A	243		CYS	2
1x9yA	192	1	A	244		ALA	2
1x9yA	193	1	A	245		GLY	2
1x9yA	194	1	A	246		PHE	2
1x9yA	195	1	A	247		SER	2
1x9yA	196	1	A	248		MET	2
1x9yA	197	1	A	249		ALA	2
1x9yA	198	1	A	250		ALA	2
1x9yA	199	1	A	251		LEU	2
1x9yA	200	1	A	252		LEU	2
1x9yA	201	1	A	253		ASN	2
1x9yA	202	1	A	254		ALA	2
1x9yA	203	1	A	255		THR	2
1x9yA	204	1	A	256		LYS	2
1x9yA	205	1	A	257		ASN	2
1x9yA	206	1	A	258		THR	2
1x9yA	207	1	A	259		ASP	2
1x9yA	208	1	A	260		THR	2
1x9yA	209	1	A	261		TYR	2
1x9yA	210	1	A	262		ASN	2
1x9yA	211	1	A	263		ALA	2
1x9yA	212	1	A	264		HIS	2
1x9yA	213	1	A	265		ASP	2
1x9yA	214	1	A	266		ILE	2
1x9yA	215	1	A	267		MET	2
1x9yA	216	1	A	268		ARG	2
1x9yA	217	1	A	269		THR	2
1x9yA	218	1	A	270		LEU	2
1x9yA	219	1	A	271		TYR	2
1x9yA	220	1	A	272		PRO	2
1x9yA	221	1	A	273		GLU	2
1x9yA	222	1	A	274		VAL	2
1x9yA	223	1	A	275		SER	2
1x9yA	224	1	A	276		GLU	2
1x9yA	225	1	A	277		GLN	2
1x9yA	226	1	A	278		ASP	2
1x9yA	227	1	A	279		LEU	2
1x9yA	228	1	A	280		PRO	2
1x9yA	229	1	A	281		ASN	2
1x9yA	230	1	A	282		CYS	2
1x9yA	231	1	A	283		ALA	2
1x9yA	232	1	A	284		THR	2
1x9yA	233	1	A	285		PHE	2
1x9yA	234	1	A	286		PRO	2
1x9yA	235	1	A	287		ASN	2
1x9yA	236	1	A	288		GLN	2
1x9yA	237	1	A	289		MET	2
1x9yA	238	1	A	290		ILE	2
1x9yA	239	1	A	291		GLU	2
1x9yA	240	1	A	292		TYR	2
1x9yA	241	1	A	293		GLY	2
1x9yA	242	1	A	294		LYS	2
1x9yA	243	1	A	295		SER	2
1x9yA	244	1	A	296		GLN	2
1x9yA	245	1	A	297		GLY	2
1x9yA	246	1	A	298		ARG	2
1x9yA	247	1	A	299		ASP	2
1x9yA	248	1	A	300		ILE	2
1x9yA	249	1	A	301		HIS	2
1x9yA	250	1	A	302		TYR	2
1x9yA	251	1	A	303		GLN	2
1x9yA	252	1	A	304		GLU	2
1x9yA	253	1	A	305		GLY	2
1x9yA	254	1	A	306		VAL	2
1x9yA	255	1	A	307		PRO	2
1x9yA	256	1	A	308		SER	2
1x9yA	257	1	A	309		TYR	2
1x9yA	258	1	A	310		ASN	2
1x9yA	259	1	A	311		GLN	2
1x9yA	260	1	A	312		VAL	2
1x9yA	261	1	A	313		ASP	2
1x9yA	262	1	A	314		GLN	2
1x9yA	263	1	A	315		LEU	2
1x9yA	264	1	A	316		THR	2
1x9yA	265	1	A	317		LYS	2
1x9yA	266	1	A	318		ASP	2
1x9yA	267	1	A	319		ASN	2
1x9yA	268	1	A	320		VAL	2
1x9yA	269	1	A	321		GLY	2
1x9yA	270	1	A	322		ILE	2
1x9yA	271	1	A	323		MET	2
1x9yA	272	1	A	324		ILE	2
1x9yA	273	1	A	325		LEU	2
1x9yA	274	1	A	326		ALA	2
1x9yA	275	1	A	327		GLN	2
1x9yA	276	1	A	328		SER	2
1x9yA	277	1	A	329		VAL	2
1x9yA	278	1	A	330		SER	2
1x9yA	279	1	A	331		GLN	2
1x9yA	280	1	A	332		ASN	2
1x9yA	281	1	A	333		PRO	2
1x9yA	282	1	A	334		ASN	2
1x9yA	283	1	A	335		ASP	2
1x9yA	284	1	A	336		PRO	2
1x9yA	285	1	A	337		HIS	2
1x9yA	286	1	A	338		LEU	2
1x9yA	287	1	A	339		GLY	2
1x9yA	288	1	A	340		HIS	2
1x9yA	289	1	A	341		ALA	2
1x9yA	290	1	A	342		LEU	2
1x9yA	291	1	A	343		ALA	2
1x9yA	292	1	A	344		VAL	2
1x9yA	293	1	A	345		VAL	2
1x9yA	294	1	A	346		GLY	2
1x9yA	295	1	A	347		ASN	2
1x9yA	296	1	A	348		ALA	2
1x9yA	297	1	A	349		LYS	2
1x9yA	298	1	A	350		ILE	2
1x9yA	299	1	A	351		ASN	2
1x9yA	300	1	A	352		ASP	2
1x9yA	301	1	A	353		GLN	2
1x9yA	302	1	A	354		GLU	2
1x9yA	303	1	A	355		LYS	2
1x9yA	304	1	A	356		LEU	2
1x9yA	305	1	A	357		ILE	2
1x9yA	306	1	A	358		TYR	2
1x9yA	307	1	A	359		TRP	2
1x9yA	308	1	A	360		ASN	2
1x9yA	309	1	A	361		PRO	2
1x9yA	310	1	A	362		TRP	2
1x9yA	311	1	A	363		ASP	2
1x9yA	312	1	A	364		THR	2
1x9yA	313	1	A	365		GLU	2
1x9yA	314	1	A	366		LEU	2
1x9yA	315	1	A	367		SER	2
1x9yA	316	1	A	368		ILE	2
1x9yA	317	1	A	369		GLN	2
1x9yA	318	1	A	370		ASP	2
1x9yA	319	1	A	371		ALA	2
1x9yA	320	1	A	372		ASP	2
1x9yA	321	1	A	373		SER	2
1x9yA	322	1	A	374		SER	2
1x9yA	323	1	A	375		LEU	2
1x9yA	324	1	A	376		LEU	2
1x9yA	325	1	A	377		HIS	2
1x9yA	326	1	A	378		LEU	2
1x9yA	327	1	A	379		SER	2
1x9yA	328	1	A	380		PHE	2
1x9yA	329	1	A	381		ASN	2
1x9yA	330	1	A	382		ARG	2
1x9yA	331	1	A	383		ASP	2
1x9yA	332	1	A	384		TYR	2
1x9yA	333	1	A	385		ASN	2
1x9yA	334	1	A	386		TRP	2
1x9yA	335	1	A	387		TYR	2
1x9yA	336	1	A	388		GLY	2
1x9yA	337	1	A	389		SER	2
1x9yA	338	1	A	390		MET	2
1x9yA	339	1	A	391		ILE	2
1x9yA	340	1	A	392		GLY	2
1x9yA	341	1	A	393		TYR	2
1x9yA	342	1	A	394		LEU	2
1x9yA	343	1	A	395		GLU	2
1x9yA	344	1	A	396		VAL	2
1x9yA	345	1	A	397		PRO	2
4bllA	0	1	A	2		ALA	1
4bllA	1	1	A	3		THR	1
4bllA	2	1	A	4		CYS	1
4bllA	3	1	A	5		ALA	1
4bllA	4	1	A	6		ASP	1
4bllA	5	1	A	7		GLY	1
4bllA	6	1	A	8		ARG	1
4bllA	7	1	A	9		THR	1
4bllA	8	1	A	10		THR	1
4bllA	9	1	A	11		ALA	1
4bllA	10	1	A	12		ASN	1
4bllA	11	1	A	13		ALA	1
4bllA	12	1	A	14		ALA	1
4bllA	13	1	A	15		CYS	1
4bllA	14	1	A	16		CYS	1
4bllA	15	1	A	17		VAL	1
4bllA	16	1	A	18		LEU	1
4bllA	17	1	A	19		PHE	1
4bllA	18	1	A	20		PRO	1
4bllA	19	1	A	21		ILE	1
4bllA	20	1	A	22		LEU	1
4bllA	21	1	A	23		ASP	1
4bllA	22	1	A	24		ASP	1
4bllA	23	1	A	25		ILE	1
4bllA	24	1	A	26		GLN	1
4bllA	25	1	A	27		GLU	1
4bllA	26	1	A	28		ASN	1
4bllA	27	1	A	29		LEU	1
4bllA	28	1	A	30		PHE	1
4bllA	29	1	A	31		ASP	1
4bllA	30	1	A	32		GLY	1
4bllA	31	1	A	33		ALA	1
4bllA	32	1	A	34		GLN	1
4bllA	33	1	A	35		CYS	1
4bllA	34	1	A	36		GLY	1
4bllA	35	1	A	37		GLU	1
4bllA	36	1	A	38		GLU	1
4bllA	37	1	A	39		VAL	1
4bllA	38	1	A	40		HIS	1
4bllA	39	1	A	41		GLU	1
4bllA	40	1	A	42		SER	1
4bllA	41	1	A	43		LEU	1
4bllA	42	1	A	44		ARG	1
4bllA	43	1	A	45		LEU	1
4bllA	44	1	A	46		THR	1
4bllA	45	1	A	47		PHE	1
4bllA	46	1	A	48		HIS	1
4bllA	47	1	A	49		ASP	1
4bllA	48	1	A	50		ALA	1
4bllA	49	1	A	51		ILE	1
4bllA	50	1	A	52		GLY	1
4bllA	51	1	A	53		PHE	1
4bllA	52	1	A	54		SER	1
4bllA	53	1	A	55		PRO	1
4bllA	54	1	A	56		THR	1
4bllA	55	1	A	57		LEU	1
4bllA	56	1	A	58		GLY	1
4bllA	57	1	A	59		GLY	1
4bllA	58	1	A	60		GLY	1
4bllA	59	1	A	61		GLY	1
4bllA	60	1	A	62		ALA	1
4bllA	61	1	A	63		ASP	1
4bllA	62	1	A	64		GLY	1
4bllA	63	1	A	65		SER	1
4bllA	64	1	A	66		ILE	1
4bllA	65	1	A	67		ILE	1
4bllA	66	1	A	68		THR	1
4bllA	67	1	A	69		PHE	1
4bllA	68	1	A	70		ASP	1
4bllA	69	1	A	71		THR	1
4bllA	70	1	A	72		ILE	1
4bllA	71	1	A	73		GLU	1
4bllA	72	1	A	74		THR	1
4bllA	73	1	A	75		ASN	1
4bllA	74	1	A	76		PHE	1
4bllA	75	1	A	77		PRO	1
4bllA	76	1	A	78		ALA	1
4bllA	77	1	A	79		ASN	1
4bllA	78	1	A	80		ALA	1
4bllA	79	1	A	81		GLY	1
4bllA	80	1	A	82		ILE	1
4bllA	81	1	A	83		ASP	1
4bllA	82	1	A	84		GLU	1
4bllA	83	1	A	85		ILE	1
4bllA	84	1	A	86		VAL	1
4bllA	85	1	A	87		SER	1
4bllA	86	1	A	88		ALA	1
4bllA	87	1	A	89		GLN	1
4bllA	88	1	A	90		LYS	1
4bllA	89	1	A	91		PRO	1
4bllA	90	1	A	92		PHE	1
4bllA	91	1	A	93		VAL	1
4bllA	92	1	A	94		ALA	1
4bllA	93	1	A	95		LYS	1
4bllA	94	1	A	96		HIS	1
4bllA	95	1	A	97		ASN	1
4bllA	96	1	A	98		ILE	1
4bllA	97	1	A	99		SER	1
4bllA	98	1	A	100		ALA	1
4bllA	99	1	A	101		GLY	1
4bllA	100	1	A	102		ASP	1
4bllA	101	1	A	103		PHE	1
4bllA	102	1	A	104		ILE	1
4bllA	103	1	A	105		GLN	1
4bllA	104	1	A	106		PHE	1
4bllA	105	1	A	107		ALA	1
4bllA	106	1	A	108		GLY	1
4bllA	107	1	A	109		ALA	1
4bllA	108	1	A	110		VAL	1
4bllA	109	1	A	111		GLY	1
4bllA	110	1	A	112		VAL	1
4bllA	111	1	A	113		SER	1
4bllA	112	1	A	114		ASN	1
4bllA	113	1	A	115		CYS	1
4bllA	114	1	A	116		PRO	1
4bllA	115	1	A	117		GLY	1
4bllA	116	1	A	118		GLY	1
4bllA	117	1	A	119		VAL	1
4bllA	118	1	A	120		ARG	1
4bllA	119	1	A	121		ILE	1
4bllA	120	1	A	122		PRO	1
4bllA	121	1	A	123		PHE	1
4bllA	122	1	A	124		PHE	1
4bllA	123	1	A	125		LEU	1
4bllA	124	1	A	126		GLY	1
4bllA	125	1	A	127		ARG	1
4bllA	126	1	A	128		PRO	1
4bllA	127	1	A	129		ASP	1
4bllA	128	1	A	130		ALA	1
4bllA	129	1	A	131		VAL	1
4bllA	130	1	A	132		ALA	1
4bllA	131	1	A	133		ALA	1
4bllA	132	1	A	134		SER	1
4bllA	133	1	A	135		PRO	1
4bllA	134	1	A	136		ASP	1
4bllA	135	1	A	137		HIS	1
4bllA	136	1	A	138		LEU	1
4bllA	137	1	A	139		VAL	1
4bllA	138	1	A	140		PRO	1
4bllA	139	1	A	141		GLU	1
4bllA	140	1	A	142		PRO	1
4bllA	141	1	A	143		PHE	1
4bllA	142	1	A	144		ASP	1
4bllA	143	1	A	145		SER	1
4bllA	144	1	A	146		VAL	1
4bllA	145	1	A	147		ASP	1
4bllA	146	1	A	148		THR	1
4bllA	147	1	A	149		ILE	1
4bllA	148	1	A	150		LEU	1
4bllA	149	1	A	151		ALA	1
4bllA	150	1	A	152		ARG	1
4bllA	151	1	A	153		MET	1
4bllA	152	1	A	154		GLY	1
4bllA	153	1	A	155		ASP	1
4bllA	154	1	A	156		ALA	1
4bllA	155	1	A	157		GLY	1
4bllA	156	1	A	158		PHE	1
4bllA	157	1	A	159		SER	1
4bllA	158	1	A	160		ALA	1
4bllA	159	1	A	161		VAL	1
4bllA	160	1	A	162		GLU	1
4bllA	161	1	A	163		VAL	1
4bllA	162	1	A	164		VAL	1
4bllA	163	1	A	165		TRP	1
4bllA	164	1	A	166		LEU	1
4bllA	165	1	A	167		LEU	1
4bllA	166	1	A	168		ALA	1
4bllA	167	1	A	169		SER	1
4bllA	168	1	A	170		HIS	1
4bllA	169	1	A	171		SER	1
4bllA	170	1	A	172		ILE	1
4bllA	171	1	A	173		ALA	1
4bllA	172	1	A	174		ALA	1
4bllA	173	1	A	175		ALA	1
4bllA	174	1	A	176		ASP	1
4bllA	175	1	A	177		LYS	1
4bllA	176	1	A	178		VAL	1
4bllA	177	1	A	179		ASP	1
4bllA	178	1	A	180		PRO	1
4bllA	179	1	A	181		SER	1
4bllA	180	1	A	182		ILE	1
4bllA	181	1	A	183		PRO	1
4bllA	182	1	A	184		GLY	1
4bllA	183	1	A	185		THR	1
4bllA	184	1	A	186		PRO	1
4bllA	185	1	A	187		PHE	1
4bllA	186	1	A	188		ASP	1
4bllA	187	1	A	189		SER	1
4bllA	188	1	A	190		THR	1
4bllA	189	1	A	191		PRO	1
4bllA	190	1	A	192		GLY	1
4bllA	191	1	A	193		VAL	1
4bllA	192	1	A	194		PHE	1
4bllA	193	1	A	195		ASP	1
4bllA	194	1	A	196		SER	1
4bllA	195	1	A	197		GLN	1
4bllA	196	1	A	198		PHE	1
4bllA	197	1	A	199		PHE	1
4bllA	198	1	A	200		ILE	1
4bllA	199	1	A	201		GLU	1
4bllA	200	1	A	202		THR	1
4bllA	201	1	A	203		GLN	1
4bllA	202	1	A	204		LEU	1
4bllA	203	1	A	205		LYS	1
4bllA	204	1	A	206		GLY	1
4bllA	205	1	A	207		ARG	1
4bllA	206	1	A	208		LEU	1
4bllA	207	1	A	209		PHE	1
4bllA	208	1	A	210		PRO	1
4bllA	209	1	A	211		GLY	1
4bllA	210	1	A	212		THR	1
4bllA	211	1	A	213		PRO	1
4bllA	212	1	A	214		ASP	1
4bllA	213	1	A	215		ASN	1
4bllA	214	1	A	216		LYS	1
4bllA	215	1	A	217		GLY	1
4bllA	216	1	A	218		GLU	1
4bllA	217	1	A	219		VAL	1
4bllA	218	1	A	220		GLN	1
4bllA	219	1	A	221		SER	1
4bllA	220	1	A	222		PRO	1
4bllA	221	1	A	223		LEU	1
4bllA	222	1	A	224		GLN	1
4bllA	223	1	A	225		GLY	1
4bllA	224	1	A	226		GLU	1
4bllA	225	1	A	227		ILE	1
4bllA	226	1	A	228		ARG	1
4bllA	227	1	A	229		LEU	1
4bllA	228	1	A	230		GLN	1
4bllA	229	1	A	231		SER	1
4bllA	230	1	A	232		ASP	1
4bllA	231	1	A	233		HIS	1
4bllA	232	1	A	234		LEU	1
4bllA	233	1	A	235		LEU	1
4bllA	234	1	A	236		ALA	1
4bllA	235	1	A	237		ARG	1
4bllA	236	1	A	238		ASP	1
4bllA	237	1	A	239		PRO	1
4bllA	238	1	A	240		GLN	1
4bllA	239	1	A	241		THR	1
4bllA	240	1	A	242		ALA	1
4bllA	241	1	A	243		CYS	1
4bllA	242	1	A	244		GLU	1
4bllA	243	1	A	245		TRP	1
4bllA	244	1	A	246		GLN	1
4bllA	245	1	A	247		SER	1
4bllA	246	1	A	248		MET	1
4bllA	247	1	A	249		VAL	1
4bllA	248	1	A	250		ASN	1
4bllA	249	1	A	251		ASN	1
4bllA	250	1	A	252		GLN	1
4bllA	251	1	A	253		PRO	1
4bllA	252	1	A	254		LYS	1
4bllA	253	1	A	255		ILE	1
4bllA	254	1	A	256		GLN	1
4bllA	255	1	A	257		ASN	1
4bllA	256	1	A	258		ARG	1
4bllA	257	1	A	259		PHE	1
4bllA	258	1	A	260		ALA	1
4bllA	259	1	A	261		GLY	1
4bllA	260	1	A	262		THR	1
4bllA	261	1	A	263		MET	1
4bllA	262	1	A	264		SER	1
4bllA	263	1	A	265		LYS	1
4bllA	264	1	A	266		MET	1
4bllA	265	1	A	267		ALA	1
4bllA	266	1	A	268		LEU	1
4bllA	267	1	A	269		LEU	1
4bllA	268	1	A	270		GLY	1
4bllA	269	1	A	271		GLN	1
4bllA	270	1	A	272		ASP	1
4bllA	271	1	A	273		LYS	1
4bllA	272	1	A	274		SER	1
4bllA	273	1	A	275		LYS	1
4bllA	274	1	A	276		LEU	1
4bllA	275	1	A	277		ILE	1
4bllA	276	1	A	278		ASP	1
4bllA	277	1	A	279		CYS	1
4bllA	278	1	A	280		SER	1
4bllA	279	1	A	281		ASP	1
4bllA	280	1	A	282		ILE	1
4bllA	281	1	A	283		ILE	1
4bllA	282	1	A	284		PRO	1
4bllA	283	1	A	285		THR	1
4bllA	284	1	A	286		PRO	1
4bllA	285	1	A	287		PRO	1
4bllA	286	1	A	288		ALA	1
4bllA	287	1	A	289		LEU	1
4bllA	288	1	A	290		VAL	1
4bllA	289	1	A	291		GLY	1
4bllA	290	1	A	292		ALA	1
4bllA	291	1	A	293		ALA	1
4bllA	292	1	A	294		HIS	1
4bllA	293	1	A	295		LEU	1
4bllA	294	1	A	296		PRO	1
4bllA	295	1	A	297		ALA	1
4bllA	296	1	A	298		GLY	1
4bllA	297	1	A	299		PHE	1
4bllA	298	1	A	300		SER	1
4bllA	299	1	A	301		LEU	1
4bllA	300	1	A	302		SER	1
4bllA	301	1	A	303		ASP	1
4bllA	302	1	A	304		VAL	1
4bllA	303	1	A	305		GLU	1
4bllA	304	1	A	306		GLN	1
4bllA	305	1	A	307		ALA	1
4bllA	306	1	A	308		CYS	1
4bllA	307	1	A	309		ALA	1
4bllA	308	1	A	310		GLU	1
4bllA	309	1	A	311		THR	1
4bllA	310	1	A	312		PRO	1
4bllA	311	1	A	313		PHE	1
4bllA	312	1	A	314		PRO	1
4bllA	313	1	A	315		ALA	1
4bllA	314	1	A	316		LEU	1
4bllA	315	1	A	317		THR	1
4bllA	316	1	A	318		ALA	1
4bllA	317	1	A	319		ASP	1
2bc4B	0	1	B	3		PHE	1
2bc4B	1	1	B	4		VAL	1
2bc4B	2	1	B	5		ALA	1
2bc4B	3	1	B	6		HIS	1
2bc4B	4	1	B	7		VAL	1
2bc4B	5	1	B	8		GLU	1
2bc4B	6	1	B	9		SER	1
2bc4B	7	1	B	10		THR	1
2bc4B	8	1	B	11		CYS	1
2bc4B	9	1	B	12		LEU	1
2bc4B	10	1	B	13		LEU	1
2bc4B	11	1	B	14		ASP	1
2bc4B	12	1	B	15		ASP	1
2bc4B	13	1	B	16		ALA	1
2bc4B	14	1	B	17		GLY	1
2bc4B	15	1	B	18		THR	1
2bc4B	16	1	B	19		PRO	1
2bc4B	17	1	B	20		LYS	1
2bc4B	18	1	B	21		ASP	1
2bc4B	19	1	B	22		PHE	1
2bc4B	20	1	B	23		THR	1
2bc4B	21	1	B	24		TYR	1
2bc4B	22	1	B	25		CYS	1
2bc4B	23	1	B	26		ILE	1
2bc4B	24	1	B	27		SER	1
2bc4B	25	1	B	28		PHE	1
2bc4B	26	1	B	29		ASN	1
2bc4B	27	1	B	30		LYS	1
2bc4B	28	1	B	31		ASP	1
2bc4B	29	1	B	32		LEU	1
2bc4B	30	1	B	33		LEU	1
2bc4B	31	1	B	34		THR	1
2bc4B	32	1	B	35		CYS	1
2bc4B	33	1	B	36		TRP	1
2bc4B	34	1	B	37		ASP	1
2bc4B	35	1	B	38		PRO	1
2bc4B	36	1	B	39		GLU	1
2bc4B	37	1	B	40		GLU	1
2bc4B	38	1	B	41		ASN	1
2bc4B	39	1	B	42		LYS	1
2bc4B	40	1	B	43		MET	1
2bc4B	41	1	B	44		ALA	1
2bc4B	42	1	B	45		PRO	1
2bc4B	43	1	B	46		CYS	1
2bc4B	44	1	B	47		GLU	1
2bc4B	45	1	B	48		PHE	1
2bc4B	46	1	B	49		GLY	1
2bc4B	47	1	B	50		VAL	1
2bc4B	48	1	B	51		LEU	1
2bc4B	49	1	B	52		ASN	1
2bc4B	50	1	B	53		SER	1
2bc4B	51	1	B	54		LEU	1
2bc4B	52	1	B	55		ALA	1
2bc4B	53	1	B	56		ASN	1
2bc4B	54	1	B	57		VAL	1
2bc4B	55	1	B	58		LEU	1
2bc4B	56	1	B	59		SER	1
2bc4B	57	1	B	60		GLN	1
2bc4B	58	1	B	61		HIS	1
2bc4B	59	1	B	62		LEU	1
2bc4B	60	1	B	63		ASN	1
2bc4B	61	1	B	64		GLN	1
2bc4B	62	1	B	65		LYS	1
2bc4B	63	1	B	66		ASP	1
2bc4B	64	1	B	67		THR	1
2bc4B	65	1	B	68		LEU	1
2bc4B	66	1	B	69		MET	1
2bc4B	67	1	B	70		GLN	1
2bc4B	68	1	B	71		ARG	1
2bc4B	69	1	B	72		LEU	1
2bc4B	70	1	B	73		ARG	1
2bc4B	71	1	B	74		ASN	1
2bc4B	72	1	B	75		GLY	1
2bc4B	73	1	B	76		LEU	1
2bc4B	74	1	B	77		GLN	1
2bc4B	75	1	B	78		ASN	1
2bc4B	76	1	B	79		CYS	1
2bc4B	77	1	B	80		ALA	1
2bc4B	78	1	B	81		THR	1
2bc4B	79	1	B	82		HIS	1
2bc4B	80	1	B	83		THR	1
2bc4B	81	1	B	84		GLN	1
2bc4B	82	1	B	85		PRO	1
2bc4B	83	1	B	86		PHE	1
2bc4B	84	1	B	87		TRP	1
2bc4B	85	1	B	88		GLY	1
2bc4B	86	1	B	89		SER	1
2bc4B	87	1	B	90		LEU	1
2bc4B	88	1	B	91		THR	1
2bc4B	89	1	B	92		ASN	1
2bc4B	90	1	B	93		ARG	2
2bc4B	91	1	B	94		THR	2
2bc4B	92	1	B	95		ARG	2
2bc4B	93	1	B	96		PRO	2
2bc4B	94	1	B	97		PRO	2
2bc4B	95	1	B	98		SER	2
2bc4B	96	1	B	99		VAL	2
2bc4B	97	1	B	100		GLN	2
2bc4B	98	1	B	101		VAL	2
2bc4B	99	1	B	102		ALA	2
2bc4B	100	1	B	103		LYS	2
2bc4B	101	1	B	104		THR	2
2bc4B	102	1	B	105		THR	2
2bc4B	103	1	B	106		PRO	2
2bc4B	104	1	B	107		PHE	2
2bc4B	105	1	B	108		ASN	2
2bc4B	106	1	B	109		THR	2
2bc4B	107	1	B	110		ARG	2
2bc4B	108	1	B	111		GLU	2
2bc4B	109	1	B	112		PRO	2
2bc4B	110	1	B	113		VAL	2
2bc4B	111	1	B	114		MET	2
2bc4B	112	1	B	115		LEU	2
2bc4B	113	1	B	116		ALA	2
2bc4B	114	1	B	117		CYS	2
2bc4B	115	1	B	118		TYR	2
2bc4B	116	1	B	119		VAL	2
2bc4B	117	1	B	120		TRP	2
2bc4B	118	1	B	121		GLY	2
2bc4B	119	1	B	122		PHE	2
2bc4B	120	1	B	123		TYR	2
2bc4B	121	1	B	124		PRO	2
2bc4B	122	1	B	125		ALA	2
2bc4B	123	1	B	126		GLU	2
2bc4B	124	1	B	127		VAL	2
2bc4B	125	1	B	128		THR	2
2bc4B	126	1	B	129		ILE	2
2bc4B	127	1	B	130		THR	2
2bc4B	128	1	B	131		TRP	2
2bc4B	129	1	B	132		ARG	2
2bc4B	130	1	B	133		LYS	2
2bc4B	131	1	B	134		ASN	2
2bc4B	132	1	B	135		GLY	2
2bc4B	133	1	B	136		LYS	2
2bc4B	134	1	B	137		LEU	2
2bc4B	135	1	B	138		VAL	2
2bc4B	136	1	B	139		MET	2
2bc4B	137	1	B	140		PRO	2
2bc4B	138	1	B	141		HIS	2
2bc4B	139	1	B	142		SER	2
2bc4B	140	1	B	143		SER	2
2bc4B	141	1	B	144		ALA	2
2bc4B	142	1	B	145		HIS	2
2bc4B	143	1	B	146		LYS	2
2bc4B	144	1	B	147		THR	2
2bc4B	145	1	B	148		ALA	2
2bc4B	146	1	B	149		GLN	2
2bc4B	147	1	B	150		PRO	2
2bc4B	148	1	B	151		ASN	2
2bc4B	149	1	B	152		GLY	2
2bc4B	150	1	B	153		ASP	2
2bc4B	151	1	B	154		TRP	2
2bc4B	152	1	B	155		THR	2
2bc4B	153	1	B	156		TYR	2
2bc4B	154	1	B	157		GLN	2
2bc4B	155	1	B	158		THR	2
2bc4B	156	1	B	159		LEU	2
2bc4B	157	1	B	160		SER	2
2bc4B	158	1	B	161		HIS	2
2bc4B	159	1	B	162		LEU	2
2bc4B	160	1	B	163		ALA	2
2bc4B	161	1	B	164		LEU	2
2bc4B	162	1	B	165		THR	2
2bc4B	163	1	B	166		PRO	2
2bc4B	164	1	B	167		SER	2
2bc4B	165	1	B	168		TYR	2
2bc4B	166	1	B	169		GLY	2
2bc4B	167	1	B	170		ASP	2
2bc4B	168	1	B	171		THR	2
2bc4B	169	1	B	172		TYR	2
2bc4B	170	1	B	173		THR	2
2bc4B	171	1	B	174		CYS	2
2bc4B	172	1	B	175		VAL	2
2bc4B	173	1	B	176		VAL	2
2bc4B	174	1	B	177		GLU	2
2bc4B	175	1	B	178		HIS	2
2bc4B	176	1	B	179		ILE	2
2bc4B	177	1	B	180		GLY	2
2bc4B	178	1	B	181		ALA	2
2bc4B	179	1	B	182		PRO	2
2bc4B	180	1	B	183		GLU	2
2bc4B	181	1	B	184		PRO	2
2bc4B	182	1	B	185		ILE	2
2bc4B	183	1	B	186		LEU	2
2bc4B	184	1	B	187		ARG	2
2bc4B	185	1	B	188		ASP	2
2bc4B	186	1	B	189		TRP	2
2bc4B	187	1	B	190		THR	2
2bc4B	188	1	B	191		PRO	2
2bc4B	189	1	B	192		GLY	2
2bc4B	190	1	B	193		LEU	2
3loqA	0	1	A	-7		ASN	1
3loqA	1	1	A	-6		LEU	1
3loqA	2	1	A	-5		TYR	1
3loqA	3	1	A	-4		PHE	1
3loqA	4	1	A	-3		GLN	1
3loqA	5	1	A	-2		SER	1
3loqA	6	1	A	-1		ASN	1
3loqA	7	1	A	0		ALA	1
3loqA	8	1	A	1		MSE	1
3loqA	9	1	A	2		LEU	1
3loqA	10	1	A	3		LEU	1
3loqA	11	1	A	4		PRO	1
3loqA	12	1	A	5		THR	1
3loqA	13	1	A	6		ASP	1
3loqA	14	1	A	7		LEU	1
3loqA	15	1	A	8		SER	1
3loqA	16	1	A	9		GLU	1
3loqA	17	1	A	10		ASN	1
3loqA	18	1	A	11		SER	1
3loqA	19	1	A	12		PHE	1
3loqA	20	1	A	13		LYS	1
3loqA	21	1	A	14		VAL	1
3loqA	22	1	A	15		LEU	1
3loqA	23	1	A	16		GLU	1
3loqA	24	1	A	17		TYR	1
3loqA	25	1	A	18		LEU	1
3loqA	26	1	A	19		GLY	1
3loqA	27	1	A	20		ASP	1
3loqA	28	1	A	21		PHE	1
3loqA	29	1	A	22		LYS	1
3loqA	30	1	A	23		LYS	1
3loqA	31	1	A	24		VAL	1
3loqA	32	1	A	25		GLY	1
3loqA	33	1	A	26		VAL	1
3loqA	34	1	A	27		GLU	1
3loqA	35	1	A	28		GLU	1
3loqA	36	1	A	29		ILE	1
3loqA	37	1	A	30		GLY	1
3loqA	38	1	A	31		VAL	1
3loqA	39	1	A	32		LEU	1
3loqA	40	1	A	33		PHE	1
3loqA	41	1	A	34		VAL	1
3loqA	42	1	A	35		ILE	1
3loqA	43	1	A	36		ASN	1
3loqA	44	1	A	37		LEU	1
3loqA	45	1	A	38		THR	1
3loqA	46	1	A	39		LYS	1
3loqA	47	1	A	40		LEU	1
3loqA	48	1	A	46		GLY	1
3loqA	49	1	A	47		ILE	1
3loqA	50	1	A	48		ASP	1
3loqA	51	1	A	49		ILE	1
3loqA	52	1	A	50		ASP	1
3loqA	53	1	A	51		HIS	1
3loqA	54	1	A	52		TYR	1
3loqA	55	1	A	53		ILE	1
3loqA	56	1	A	54		ASP	1
3loqA	57	1	A	55		GLU	1
3loqA	58	1	A	56		MSE	1
3loqA	59	1	A	57		SER	1
3loqA	60	1	A	58		GLU	1
3loqA	61	1	A	59		LYS	1
3loqA	62	1	A	60		ALA	1
3loqA	63	1	A	61		GLU	1
3loqA	64	1	A	62		GLU	1
3loqA	65	1	A	63		VAL	1
3loqA	66	1	A	64		LEU	1
3loqA	67	1	A	65		PRO	1
3loqA	68	1	A	66		GLU	1
3loqA	69	1	A	67		VAL	1
3loqA	70	1	A	68		ALA	1
3loqA	71	1	A	69		GLN	1
3loqA	72	1	A	70		LYS	1
3loqA	73	1	A	71		ILE	1
3loqA	74	1	A	72		GLU	1
3loqA	75	1	A	73		ALA	1
3loqA	76	1	A	74		ALA	1
3loqA	77	1	A	75		GLY	1
3loqA	78	1	A	76		ILE	1
3loqA	79	1	A	77		LYS	1
3loqA	80	1	A	78		ALA	1
3loqA	81	1	A	79		GLU	1
3loqA	82	1	A	80		VAL	1
3loqA	83	1	A	81		ILE	1
3loqA	84	1	A	82		LYS	1
3loqA	85	1	A	83		PRO	1
3loqA	86	1	A	84		PHE	1
3loqA	87	1	A	85		PRO	1
3loqA	88	1	A	86		ALA	1
3loqA	89	1	A	87		GLY	1
3loqA	90	1	A	88		ASP	1
3loqA	91	1	A	89		PRO	1
3loqA	92	1	A	90		VAL	1
3loqA	93	1	A	91		VAL	1
3loqA	94	1	A	92		GLU	1
3loqA	95	1	A	93		ILE	1
3loqA	96	1	A	94		ILE	1
3loqA	97	1	A	95		LYS	1
3loqA	98	1	A	96		ALA	1
3loqA	99	1	A	97		SER	1
3loqA	100	1	A	98		GLU	1
3loqA	101	1	A	99		ASN	1
3loqA	102	1	A	100		TYR	1
3loqA	103	1	A	101		SER	1
3loqA	104	1	A	102		PHE	1
3loqA	105	1	A	103		ILE	1
3loqA	106	1	A	104		ALA	1
3loqA	107	1	A	105		MSE	1
3loqA	108	1	A	106		GLY	1
3loqA	109	1	A	107		SER	1
3loqA	110	1	A	108		ARG	1
3loqA	111	1	A	109		GLY	1
3loqA	112	1	A	110		ALA	1
3loqA	113	1	A	111		SER	1
3loqA	114	1	A	112		LYS	1
3loqA	115	1	A	113		PHE	1
3loqA	116	1	A	114		LYS	1
3loqA	117	1	A	115		LYS	1
3loqA	118	1	A	116		ILE	1
3loqA	119	1	A	117		LEU	1
3loqA	120	1	A	118		LEU	1
3loqA	121	1	A	119		GLY	1
3loqA	122	1	A	120		SER	1
3loqA	123	1	A	121		VAL	1
3loqA	124	1	A	122		SER	1
3loqA	125	1	A	123		GLU	1
3loqA	126	1	A	124		GLY	1
3loqA	127	1	A	125		VAL	1
3loqA	128	1	A	126		LEU	1
3loqA	129	1	A	127		HIS	1
3loqA	130	1	A	128		ASP	1
3loqA	131	1	A	129		SER	1
3loqA	132	1	A	130		LYS	1
3loqA	133	1	A	131		VAL	1
3loqA	134	1	A	132		PRO	1
3loqA	135	1	A	133		VAL	1
3loqA	136	1	A	134		TYR	1
3loqA	137	1	A	135		ILE	1
3loqA	138	1	A	136		PHE	1
3loqA	139	1	A	137		LYS	1
3loqA	140	1	A	138		HIS	1
3loqA	141	1	A	139		ASP	1
3loqA	142	1	A	140		MSE	1
3loqA	143	1	A	141		VAL	1
3loqA	144	1	A	142		VAL	1
3loqA	145	1	A	143		ASN	1
3loqA	146	1	A	144		SER	2
3loqA	147	1	A	145		LEU	2
3loqA	148	1	A	146		PHE	2
3loqA	149	1	A	147		ASP	2
3loqA	150	1	A	148		ARG	2
3loqA	151	1	A	149		VAL	2
3loqA	152	1	A	150		LEU	2
3loqA	153	1	A	151		VAL	2
3loqA	154	1	A	152		ALA	2
3loqA	155	1	A	153		TYR	2
3loqA	156	1	A	154		ASP	2
3loqA	157	1	A	155		PHE	2
3loqA	158	1	A	156		SER	2
3loqA	159	1	A	157		LYS	2
3loqA	160	1	A	158		TRP	2
3loqA	161	1	A	159		ALA	2
3loqA	162	1	A	160		ASP	2
3loqA	163	1	A	161		ARG	2
3loqA	164	1	A	162		ALA	2
3loqA	165	1	A	163		LEU	2
3loqA	166	1	A	164		GLU	2
3loqA	167	1	A	165		TYR	2
3loqA	168	1	A	166		ALA	2
3loqA	169	1	A	167		LYS	2
3loqA	170	1	A	168		PHE	2
3loqA	171	1	A	169		VAL	2
3loqA	172	1	A	170		VAL	2
3loqA	173	1	A	171		LYS	2
3loqA	174	1	A	172		LYS	2
3loqA	175	1	A	173		THR	2
3loqA	176	1	A	174		GLY	2
3loqA	177	1	A	175		GLY	2
3loqA	178	1	A	176		GLU	2
3loqA	179	1	A	177		LEU	2
3loqA	180	1	A	178		HIS	2
3loqA	181	1	A	179		ILE	2
3loqA	182	1	A	180		ILE	2
3loqA	183	1	A	181		HIS	2
3loqA	184	1	A	182		VAL	2
3loqA	185	1	A	183		SER	2
3loqA	186	1	A	184		GLU	2
3loqA	187	1	A	185		ASP	2
3loqA	188	1	A	186		GLY	2
3loqA	189	1	A	187		ASP	2
3loqA	190	1	A	188		LYS	2
3loqA	191	1	A	189		THR	2
3loqA	192	1	A	190		ALA	2
3loqA	193	1	A	191		ASP	2
3loqA	194	1	A	192		LEU	2
3loqA	195	1	A	193		ARG	2
3loqA	196	1	A	194		VAL	2
3loqA	197	1	A	195		MSE	2
3loqA	198	1	A	196		GLU	2
3loqA	199	1	A	197		GLU	2
3loqA	200	1	A	198		VAL	2
3loqA	201	1	A	199		ILE	2
3loqA	202	1	A	200		GLY	2
3loqA	203	1	A	201		ALA	2
3loqA	204	1	A	202		GLU	2
3loqA	205	1	A	203		GLY	2
3loqA	206	1	A	204		ILE	2
3loqA	207	1	A	205		GLU	2
3loqA	208	1	A	206		VAL	2
3loqA	209	1	A	207		HIS	2
3loqA	210	1	A	208		VAL	2
3loqA	211	1	A	209		HIS	2
3loqA	212	1	A	210		ILE	2
3loqA	213	1	A	211		GLU	2
3loqA	214	1	A	212		SER	2
3loqA	215	1	A	213		GLY	2
3loqA	216	1	A	214		THR	2
3loqA	217	1	A	215		PRO	2
3loqA	218	1	A	216		HIS	2
3loqA	219	1	A	217		LYS	2
3loqA	220	1	A	218		ALA	2
3loqA	221	1	A	219		ILE	2
3loqA	222	1	A	220		LEU	2
3loqA	223	1	A	221		ALA	2
3loqA	224	1	A	222		LYS	2
3loqA	225	1	A	223		ARG	2
3loqA	226	1	A	224		GLU	2
3loqA	227	1	A	225		GLU	2
3loqA	228	1	A	226		ILE	2
3loqA	229	1	A	227		ASN	2
3loqA	230	1	A	228		ALA	2
3loqA	231	1	A	229		THR	2
3loqA	232	1	A	230		THR	2
3loqA	233	1	A	231		ILE	2
3loqA	234	1	A	232		PHE	2
3loqA	235	1	A	233		MSE	2
3loqA	236	1	A	234		GLY	2
3loqA	237	1	A	235		SER	2
3loqA	238	1	A	236		ARG	2
3loqA	239	1	A	237		GLY	2
3loqA	240	1	A	238		ALA	2
3loqA	241	1	A	239		GLY	2
3loqA	242	1	A	240		SER	2
3loqA	243	1	A	241		VAL	2
3loqA	244	1	A	242		MSE	2
3loqA	245	1	A	243		THR	2
3loqA	246	1	A	244		MSE	2
3loqA	247	1	A	245		ILE	2
3loqA	248	1	A	246		LEU	2
3loqA	249	1	A	247		GLY	2
3loqA	250	1	A	248		SER	2
3loqA	251	1	A	249		THR	2
3loqA	252	1	A	250		SER	2
3loqA	253	1	A	251		GLU	2
3loqA	254	1	A	252		SER	2
3loqA	255	1	A	253		VAL	2
3loqA	256	1	A	254		ILE	2
3loqA	257	1	A	255		ARG	2
3loqA	258	1	A	256		ARG	2
3loqA	259	1	A	257		SER	2
3loqA	260	1	A	258		PRO	2
3loqA	261	1	A	259		VAL	2
3loqA	262	1	A	260		PRO	2
3loqA	263	1	A	261		VAL	2
3loqA	264	1	A	262		PHE	2
3loqA	265	1	A	263		VAL	2
3loqA	266	1	A	264		CYS	2
3loqA	267	1	A	265		LYS	2
3loqA	268	1	A	266		ARG	2
3loqA	269	1	A	267		GLY	2
3loqA	270	1	A	268		ASP	2
3loqA	271	1	A	269		ASP	2
3loqA	272	1	A	270		GLU	2
2dvmA	0	1	A	2		ILE	0
2dvmA	1	1	A	3		ARG	0
2dvmA	2	1	A	4		GLU	0
2dvmA	3	1	A	5		LYS	0
2dvmA	4	1	A	6		ALA	0
2dvmA	5	1	A	7		LEU	0
2dvmA	6	1	A	8		GLU	0
2dvmA	7	1	A	9		PHE	0
2dvmA	8	1	A	10		HIS	0
2dvmA	9	1	A	11		LYS	0
2dvmA	10	1	A	12		ASN	0
2dvmA	11	1	A	13		ASN	1
2dvmA	12	1	A	14		PHE	1
2dvmA	13	1	A	15		PRO	1
2dvmA	14	1	A	16		GLY	1
2dvmA	15	1	A	17		ASN	1
2dvmA	16	1	A	18		GLY	1
2dvmA	17	1	A	19		LYS	1
2dvmA	18	1	A	20		ILE	1
2dvmA	19	1	A	21		GLU	1
2dvmA	20	1	A	22		VAL	1
2dvmA	21	1	A	23		ILE	1
2dvmA	22	1	A	24		PRO	1
2dvmA	23	1	A	25		LYS	1
2dvmA	24	1	A	26		VAL	0
2dvmA	25	1	A	27		SER	0
2dvmA	26	1	A	28		LEU	0
2dvmA	27	1	A	29		GLU	0
2dvmA	28	1	A	30		SER	0
2dvmA	29	1	A	31		ARG	0
2dvmA	30	1	A	32		GLU	0
2dvmA	31	1	A	33		GLU	0
2dvmA	32	1	A	34		LEU	0
2dvmA	33	1	A	35		THR	0
2dvmA	34	1	A	36		LEU	0
2dvmA	35	1	A	37		ALA	0
2dvmA	36	1	A	38		TYR	0
2dvmA	37	1	A	39		THR	0
2dvmA	38	1	A	40		PRO	0
2dvmA	39	1	A	41		GLY	0
2dvmA	40	1	A	42		VAL	0
2dvmA	41	1	A	43		ALA	0
2dvmA	42	1	A	44		GLU	0
2dvmA	43	1	A	45		PRO	0
2dvmA	44	1	A	46		CYS	0
2dvmA	45	1	A	47		LYS	0
2dvmA	46	1	A	48		GLU	0
2dvmA	47	1	A	49		ILE	0
2dvmA	48	1	A	50		ALA	0
2dvmA	49	1	A	51		ARG	0
2dvmA	50	1	A	52		ASP	0
2dvmA	51	1	A	53		PRO	0
2dvmA	52	1	A	54		GLY	0
2dvmA	53	1	A	55		LYS	0
2dvmA	54	1	A	56		VAL	0
2dvmA	55	1	A	57		TYR	0
2dvmA	56	1	A	58		GLU	0
2dvmA	57	1	A	59		TYR	0
2dvmA	58	1	A	60		THR	0
2dvmA	59	1	A	61		SER	1
2dvmA	60	1	A	62		LYS	1
2dvmA	61	1	A	63		GLY	1
2dvmA	62	1	A	64		ASN	1
2dvmA	63	1	A	65		LEU	1
2dvmA	64	1	A	66		VAL	1
2dvmA	65	1	A	67		ALA	1
2dvmA	66	1	A	68		VAL	1
2dvmA	67	1	A	69		VAL	1
2dvmA	68	1	A	70		SER	1
2dvmA	69	1	A	71		ASP	1
2dvmA	70	1	A	72		GLY	1
2dvmA	71	1	A	73		SER	1
2dvmA	72	1	A	74		ARG	1
2dvmA	73	1	A	75		ILE	1
2dvmA	74	1	A	76		LEU	1
2dvmA	75	1	A	77		GLY	1
2dvmA	76	1	A	78		LEU	1
2dvmA	77	1	A	79		GLY	1
2dvmA	78	1	A	80		ASN	1
2dvmA	79	1	A	81		ILE	1
2dvmA	80	1	A	82		GLY	1
2dvmA	81	1	A	83		PRO	1
2dvmA	82	1	A	84		LEU	1
2dvmA	83	1	A	85		ALA	1
2dvmA	84	1	A	86		GLY	1
2dvmA	85	1	A	87		LEU	1
2dvmA	86	1	A	88		PRO	1
2dvmA	87	1	A	89		VAL	1
2dvmA	88	1	A	90		MET	1
2dvmA	89	1	A	91		GLU	1
2dvmA	90	1	A	92		GLY	1
2dvmA	91	1	A	93		LYS	1
2dvmA	92	1	A	94		ALA	1
2dvmA	93	1	A	95		LEU	1
2dvmA	94	1	A	96		LEU	1
2dvmA	95	1	A	97		PHE	1
2dvmA	96	1	A	98		LYS	1
2dvmA	97	1	A	99		ARG	1
2dvmA	98	1	A	100		PHE	1
2dvmA	99	1	A	101		GLY	1
2dvmA	100	1	A	102		GLY	1
2dvmA	101	1	A	103		VAL	1
2dvmA	102	1	A	104		ASP	1
2dvmA	103	1	A	105		ALA	1
2dvmA	104	1	A	106		PHE	1
2dvmA	105	1	A	107		PRO	1
2dvmA	106	1	A	108		ILE	1
2dvmA	107	1	A	109		MET	1
2dvmA	108	1	A	110		ILE	1
2dvmA	109	1	A	111		LYS	1
2dvmA	110	1	A	112		GLU	1
2dvmA	111	1	A	113		GLN	1
2dvmA	112	1	A	114		GLU	1
2dvmA	113	1	A	115		PRO	1
2dvmA	114	1	A	116		ASN	1
2dvmA	115	1	A	117		LYS	1
2dvmA	116	1	A	118		PHE	1
2dvmA	117	1	A	119		ILE	1
2dvmA	118	1	A	120		ASP	1
2dvmA	119	1	A	121		ILE	1
2dvmA	120	1	A	122		VAL	1
2dvmA	121	1	A	123		LYS	1
2dvmA	122	1	A	124		ALA	1
2dvmA	123	1	A	125		ILE	1
2dvmA	124	1	A	126		ALA	1
2dvmA	125	1	A	127		PRO	1
2dvmA	126	1	A	128		THR	1
2dvmA	127	1	A	129		PHE	1
2dvmA	128	1	A	130		GLY	1
2dvmA	129	1	A	131		GLY	1
2dvmA	130	1	A	132		ILE	1
2dvmA	131	1	A	133		ASN	1
2dvmA	132	1	A	134		LEU	1
2dvmA	133	1	A	135		GLU	1
2dvmA	134	1	A	136		ASP	1
2dvmA	135	1	A	137		ILE	1
2dvmA	136	1	A	138		ALA	1
2dvmA	137	1	A	139		SER	1
2dvmA	138	1	A	140		PRO	1
2dvmA	139	1	A	141		LYS	1
2dvmA	140	1	A	142		CYS	1
2dvmA	141	1	A	143		PHE	1
2dvmA	142	1	A	144		TYR	1
2dvmA	143	1	A	145		ILE	1
2dvmA	144	1	A	146		LEU	1
2dvmA	145	1	A	147		GLU	1
2dvmA	146	1	A	148		ARG	1
2dvmA	147	1	A	149		LEU	1
2dvmA	148	1	A	150		ARG	1
2dvmA	149	1	A	151		GLU	1
2dvmA	150	1	A	152		GLU	1
2dvmA	151	1	A	153		LEU	1
2dvmA	152	1	A	154		ASP	1
2dvmA	153	1	A	155		ILE	1
2dvmA	154	1	A	156		PRO	1
2dvmA	155	1	A	157		VAL	1
2dvmA	156	1	A	158		PHE	1
2dvmA	157	1	A	159		HIS	1
2dvmA	158	1	A	160		ASP	1
2dvmA	159	1	A	161		ASP	1
2dvmA	160	1	A	162		GLN	2
2dvmA	161	1	A	163		GLN	2
2dvmA	162	1	A	164		GLY	2
2dvmA	163	1	A	165		THR	2
2dvmA	164	1	A	166		ALA	2
2dvmA	165	1	A	167		ALA	2
2dvmA	166	1	A	168		VAL	2
2dvmA	167	1	A	169		VAL	2
2dvmA	168	1	A	170		LEU	2
2dvmA	169	1	A	171		ALA	2
2dvmA	170	1	A	172		GLY	2
2dvmA	171	1	A	173		LEU	2
2dvmA	172	1	A	174		LEU	2
2dvmA	173	1	A	175		ASN	2
2dvmA	174	1	A	176		ALA	2
2dvmA	175	1	A	177		LEU	2
2dvmA	176	1	A	178		LYS	2
2dvmA	177	1	A	179		VAL	2
2dvmA	178	1	A	180		VAL	2
2dvmA	179	1	A	181		GLY	2
2dvmA	180	1	A	182		LYS	2
2dvmA	181	1	A	183		LYS	2
2dvmA	182	1	A	184		ILE	2
2dvmA	183	1	A	185		SER	2
2dvmA	184	1	A	186		GLU	2
2dvmA	185	1	A	187		ILE	2
2dvmA	186	1	A	188		THR	2
2dvmA	187	1	A	189		LEU	2
2dvmA	188	1	A	190		ALA	2
2dvmA	189	1	A	191		LEU	2
2dvmA	190	1	A	192		PHE	2
2dvmA	191	1	A	193		GLY	2
2dvmA	192	1	A	194		ALA	2
2dvmA	193	1	A	195		GLY	2
2dvmA	194	1	A	196		ALA	2
2dvmA	195	1	A	197		ALA	2
2dvmA	196	1	A	198		GLY	2
2dvmA	197	1	A	199		PHE	2
2dvmA	198	1	A	200		ALA	2
2dvmA	199	1	A	201		THR	2
2dvmA	200	1	A	202		LEU	2
2dvmA	201	1	A	203		ARG	2
2dvmA	202	1	A	204		ILE	2
2dvmA	203	1	A	205		LEU	2
2dvmA	204	1	A	206		THR	2
2dvmA	205	1	A	207		GLU	2
2dvmA	206	1	A	208		ALA	2
2dvmA	207	1	A	209		GLY	2
2dvmA	208	1	A	210		VAL	2
2dvmA	209	1	A	211		LYS	2
2dvmA	210	1	A	212		PRO	2
2dvmA	211	1	A	213		GLU	2
2dvmA	212	1	A	214		ASN	2
2dvmA	213	1	A	215		VAL	2
2dvmA	214	1	A	216		ARG	2
2dvmA	215	1	A	217		VAL	2
2dvmA	216	1	A	218		VAL	2
2dvmA	217	1	A	219		GLU	2
2dvmA	218	1	A	220		LEU	2
2dvmA	219	1	A	221		VAL	2
2dvmA	220	1	A	222		ASN	2
2dvmA	221	1	A	223		GLY	2
2dvmA	222	1	A	224		LYS	2
2dvmA	223	1	A	225		PRO	2
2dvmA	224	1	A	226		ARG	2
2dvmA	225	1	A	227		ILE	2
2dvmA	226	1	A	228		LEU	2
2dvmA	227	1	A	229		THR	2
2dvmA	228	1	A	230		SER	2
2dvmA	229	1	A	231		ASP	2
2dvmA	230	1	A	232		LEU	2
2dvmA	231	1	A	233		ASP	2
2dvmA	232	1	A	234		LEU	2
2dvmA	233	1	A	235		GLU	2
2dvmA	234	1	A	236		LYS	2
2dvmA	235	1	A	237		LEU	2
2dvmA	236	1	A	238		PHE	2
2dvmA	237	1	A	239		PRO	2
2dvmA	238	1	A	240		TYR	2
2dvmA	239	1	A	241		ARG	2
2dvmA	240	1	A	242		GLY	2
2dvmA	241	1	A	243		TRP	2
2dvmA	242	1	A	244		LEU	2
2dvmA	243	1	A	245		LEU	2
2dvmA	244	1	A	246		LYS	2
2dvmA	245	1	A	247		LYS	2
2dvmA	246	1	A	248		THR	2
2dvmA	247	1	A	249		ASN	2
2dvmA	248	1	A	250		GLY	2
2dvmA	249	1	A	251		GLU	2
2dvmA	250	1	A	252		ASN	2
2dvmA	251	1	A	253		ILE	2
2dvmA	252	1	A	254		GLU	2
2dvmA	253	1	A	255		GLY	2
2dvmA	254	1	A	256		GLY	2
2dvmA	255	1	A	257		PRO	2
2dvmA	256	1	A	258		GLN	2
2dvmA	257	1	A	259		GLU	2
2dvmA	258	1	A	260		ALA	2
2dvmA	259	1	A	261		LEU	2
2dvmA	260	1	A	262		LYS	2
2dvmA	261	1	A	263		ASP	2
2dvmA	262	1	A	264		ALA	2
2dvmA	263	1	A	265		ASP	2
2dvmA	264	1	A	266		VAL	2
2dvmA	265	1	A	267		LEU	2
2dvmA	266	1	A	268		ILE	2
2dvmA	267	1	A	269		SER	2
2dvmA	268	1	A	270		PHE	2
2dvmA	269	1	A	271		THR	2
2dvmA	270	1	A	272		ARG	2
2dvmA	271	1	A	273		PRO	2
2dvmA	272	1	A	274		GLY	2
2dvmA	273	1	A	275		PRO	2
2dvmA	274	1	A	276		GLY	2
2dvmA	275	1	A	277		VAL	2
2dvmA	276	1	A	278		ILE	2
2dvmA	277	1	A	279		LYS	2
2dvmA	278	1	A	280		PRO	2
2dvmA	279	1	A	281		GLN	2
2dvmA	280	1	A	282		TRP	2
2dvmA	281	1	A	283		ILE	2
2dvmA	282	1	A	284		GLU	2
2dvmA	283	1	A	285		LYS	2
2dvmA	284	1	A	286		MET	2
2dvmA	285	1	A	287		ASN	2
2dvmA	286	1	A	288		GLU	2
2dvmA	287	1	A	289		ASP	2
2dvmA	288	1	A	290		ALA	2
2dvmA	289	1	A	291		ILE	2
2dvmA	290	1	A	292		VAL	2
2dvmA	291	1	A	293		PHE	2
2dvmA	292	1	A	294		PRO	2
2dvmA	293	1	A	295		LEU	2
2dvmA	294	1	A	296		ALA	2
2dvmA	295	1	A	297		ASN	2
2dvmA	296	1	A	298		PRO	2
2dvmA	297	1	A	299		VAL	2
2dvmA	298	1	A	300		PRO	2
2dvmA	299	1	A	301		GLU	2
2dvmA	300	1	A	302		ILE	2
2dvmA	301	1	A	303		LEU	2
2dvmA	302	1	A	304		PRO	2
2dvmA	303	1	A	305		GLU	2
2dvmA	304	1	A	306		GLU	2
2dvmA	305	1	A	307		ALA	2
2dvmA	306	1	A	308		LYS	2
2dvmA	307	1	A	309		LYS	2
2dvmA	308	1	A	310		ALA	2
2dvmA	309	1	A	311		GLY	2
2dvmA	310	1	A	312		ALA	2
2dvmA	311	1	A	313		ARG	2
2dvmA	312	1	A	314		ILE	2
2dvmA	313	1	A	315		VAL	2
2dvmA	314	1	A	316		ALA	2
2dvmA	315	1	A	317		THR	2
2dvmA	316	1	A	318		GLY	2
2dvmA	317	1	A	319		ARG	2
2dvmA	318	1	A	320		SER	2
2dvmA	319	1	A	321		ASP	2
2dvmA	320	1	A	322		TYR	2
2dvmA	321	1	A	323		PRO	2
2dvmA	322	1	A	324		ASN	2
2dvmA	323	1	A	325		GLN	2
2dvmA	324	1	A	326		ILE	2
2dvmA	325	1	A	327		ASN	2
2dvmA	326	1	A	328		ASN	2
2dvmA	327	1	A	329		LEU	3
2dvmA	328	1	A	330		LEU	3
2dvmA	329	1	A	331		GLY	3
2dvmA	330	1	A	332		PHE	3
2dvmA	331	1	A	333		PRO	3
2dvmA	332	1	A	334		GLY	3
2dvmA	333	1	A	335		ILE	3
2dvmA	334	1	A	336		PHE	3
2dvmA	335	1	A	337		ARG	3
2dvmA	336	1	A	338		GLY	3
2dvmA	337	1	A	339		ALA	3
2dvmA	338	1	A	340		LEU	3
2dvmA	339	1	A	341		ASP	3
2dvmA	340	1	A	342		VAL	3
2dvmA	341	1	A	343		ARG	3
2dvmA	342	1	A	344		ALA	3
2dvmA	343	1	A	345		ARG	3
2dvmA	344	1	A	346		THR	3
2dvmA	345	1	A	347		ILE	3
2dvmA	346	1	A	348		THR	3
2dvmA	347	1	A	349		ASP	3
2dvmA	348	1	A	350		SER	3
2dvmA	349	1	A	351		MET	3
2dvmA	350	1	A	352		ILE	3
2dvmA	351	1	A	353		ILE	3
2dvmA	352	1	A	354		ALA	3
2dvmA	353	1	A	355		ALA	3
2dvmA	354	1	A	356		ALA	3
2dvmA	355	1	A	357		LYS	3
2dvmA	356	1	A	358		ALA	3
2dvmA	357	1	A	359		ILE	3
2dvmA	358	1	A	360		ALA	3
2dvmA	359	1	A	361		SER	3
2dvmA	360	1	A	362		ILE	3
2dvmA	361	1	A	363		VAL	3
2dvmA	362	1	A	364		GLU	3
2dvmA	363	1	A	365		GLU	3
2dvmA	364	1	A	366		PRO	3
2dvmA	365	1	A	367		SER	3
2dvmA	366	1	A	368		GLU	3
2dvmA	367	1	A	369		GLU	3
2dvmA	368	1	A	370		ASN	3
2dvmA	369	1	A	371		ILE	3
2dvmA	370	1	A	372		ILE	3
2dvmA	371	1	A	373		PRO	3
2dvmA	372	1	A	374		SER	3
2dvmA	373	1	A	375		PRO	3
2dvmA	374	1	A	376		LEU	3
2dvmA	375	1	A	377		ASN	3
2dvmA	376	1	A	378		PRO	3
2dvmA	377	1	A	379		ILE	3
2dvmA	378	1	A	380		VAL	3
2dvmA	379	1	A	381		TYR	3
2dvmA	380	1	A	382		ALA	3
2dvmA	381	1	A	383		ARG	3
2dvmA	382	1	A	384		GLU	3
2dvmA	383	1	A	385		ALA	3
2dvmA	384	1	A	386		ARG	3
2dvmA	385	1	A	387		ALA	3
2dvmA	386	1	A	388		VAL	3
2dvmA	387	1	A	389		ALA	3
2dvmA	388	1	A	390		GLU	3
2dvmA	389	1	A	391		GLU	3
2dvmA	390	1	A	392		ALA	3
2dvmA	391	1	A	393		MET	3
2dvmA	392	1	A	394		LYS	3
2dvmA	393	1	A	395		GLU	3
2dvmA	394	1	A	396		GLY	3
2dvmA	395	1	A	397		VAL	3
2dvmA	396	1	A	398		ALA	3
2dvmA	397	1	A	399		ARG	3
2dvmA	398	1	A	400		THR	3
2dvmA	399	1	A	401		LYS	3
2dvmA	400	1	A	402		VAL	3
2dvmA	401	1	A	403		LYS	3
2dvmA	402	1	A	404		GLY	3
2dvmA	403	1	A	405		GLU	3
2dvmA	404	1	A	406		TRP	3
2dvmA	405	1	A	407		VAL	3
2dvmA	406	1	A	408		GLU	3
2dvmA	407	1	A	409		GLU	3
2dvmA	408	1	A	410		HIS	3
2dvmA	409	1	A	411		THR	3
2dvmA	410	1	A	412		ILE	3
2dvmA	411	1	A	413		ARG	3
2dvmA	412	1	A	414		LEU	3
2dvmA	413	1	A	415		ILE	3
2dvmA	414	1	A	416		GLU	0
2dvmA	415	1	A	417		PHE	0
2dvmA	416	1	A	418		TYR	0
2dvmA	417	1	A	419		GLU	0
2dvmA	418	1	A	420		ASN	0
2dvmA	419	1	A	421		VAL	0
2dvmA	420	1	A	422		ILE	0
2dvmA	421	1	A	423		ALA	0
2dvmA	422	1	A	424		PRO	0
2dvmA	423	1	A	425		ILE	0
2dvmA	424	1	A	426		ASN	0
2dvmA	425	1	A	427		LYS	0
2dvmA	426	1	A	428		LYS	0
2dvmA	427	1	A	429		ARG	0
2dvmA	428	1	A	430		ARG	0
2dvmA	429	1	A	431		GLU	0
2dvmA	430	1	A	432		TYR	0
2dvmA	431	1	A	433		SER	0
2dvmA	432	1	A	434		LYS	0
2dvmA	433	1	A	435		ALA	0
2dvmA	434	1	A	436		ILE	0
2dvmA	435	1	A	437		THR	0
2dvmA	436	1	A	438		ARG	0
2dvmA	437	1	A	439		ALA	0
2ot3A	0	1	A	139		SER	1
2ot3A	1	1	A	140		LYS	1
2ot3A	2	1	A	141		GLU	1
2ot3A	3	1	A	142		PHE	1
2ot3A	4	1	A	143		ILE	1
2ot3A	5	1	A	144		GLU	1
2ot3A	6	1	A	145		PHE	1
2ot3A	7	1	A	146		LEU	1
2ot3A	8	1	A	147		LYS	1
2ot3A	9	1	A	148		THR	1
2ot3A	10	1	A	149		PHE	1
2ot3A	11	1	A	150		HIS	1
2ot3A	12	1	A	151		LYS	1
2ot3A	13	1	A	152		THR	1
2ot3A	14	1	A	153		GLY	1
2ot3A	15	1	A	154		GLN	1
2ot3A	16	1	A	155		GLU	1
2ot3A	17	1	A	156		ILE	1
2ot3A	18	1	A	157		TYR	1
2ot3A	19	1	A	158		LYS	1
2ot3A	20	1	A	159		GLN	1
2ot3A	21	1	A	160		THR	1
2ot3A	22	1	A	161		LYS	1
2ot3A	23	1	A	162		LEU	1
2ot3A	24	1	A	163		PHE	1
2ot3A	25	1	A	164		LEU	1
2ot3A	26	1	A	165		GLU	1
2ot3A	27	1	A	166		GLY	1
2ot3A	28	1	A	167		MET	1
2ot3A	29	1	A	168		HIS	1
2ot3A	30	1	A	169		TYR	1
2ot3A	31	1	A	170		LYS	1
2ot3A	32	1	A	171		ARG	1
2ot3A	33	1	A	172		ASP	1
2ot3A	34	1	A	173		LEU	1
2ot3A	35	1	A	174		SER	1
2ot3A	36	1	A	175		ILE	1
2ot3A	37	1	A	176		GLU	1
2ot3A	38	1	A	177		GLU	1
2ot3A	39	1	A	178		GLN	1
2ot3A	40	1	A	179		SER	1
2ot3A	41	1	A	180		GLU	1
2ot3A	42	1	A	181		CYS	1
2ot3A	43	1	A	182		ALA	1
2ot3A	44	1	A	183		GLN	1
2ot3A	45	1	A	184		ASP	1
2ot3A	46	1	A	185		PHE	1
2ot3A	47	1	A	186		TYR	1
2ot3A	48	1	A	187		HIS	1
2ot3A	49	1	A	188		ASN	1
2ot3A	50	1	A	189		VAL	1
2ot3A	51	1	A	190		ALA	1
2ot3A	52	1	A	191		GLU	1
2ot3A	53	1	A	192		ARG	1
2ot3A	54	1	A	193		MET	1
2ot3A	55	1	A	194		GLN	1
2ot3A	56	1	A	195		THR	1
2ot3A	57	1	A	196		ARG	1
2ot3A	58	1	A	197		GLY	1
2ot3A	59	1	A	198		LYS	1
2ot3A	60	1	A	199		VAL	1
2ot3A	61	1	A	200		PRO	1
2ot3A	62	1	A	201		PRO	1
2ot3A	63	1	A	202		GLU	1
2ot3A	64	1	A	203		ARG	1
2ot3A	65	1	A	204		VAL	1
2ot3A	66	1	A	205		GLU	1
2ot3A	67	1	A	206		LYS	1
2ot3A	68	1	A	207		ILE	1
2ot3A	69	1	A	208		MET	1
2ot3A	70	1	A	209		ASP	1
2ot3A	71	1	A	210		GLN	1
2ot3A	72	1	A	211		ILE	1
2ot3A	73	1	A	212		GLU	1
2ot3A	74	1	A	213		LYS	1
2ot3A	75	1	A	214		TYR	1
2ot3A	76	1	A	215		ILE	1
2ot3A	77	1	A	216		MET	1
2ot3A	78	1	A	217		THR	1
2ot3A	79	1	A	218		ARG	1
2ot3A	80	1	A	219		LEU	1
2ot3A	81	1	A	220		TYR	1
2ot3A	82	1	A	221		LYS	1
2ot3A	83	1	A	222		TYR	1
2ot3A	84	1	A	223		VAL	1
2ot3A	85	1	A	224		PHE	2
2ot3A	86	1	A	225		CYS	2
2ot3A	87	1	A	226		PRO	2
2ot3A	88	1	A	227		GLU	2
2ot3A	89	1	A	228		THR	2
2ot3A	90	1	A	229		THR	2
2ot3A	91	1	A	230		ASP	2
2ot3A	92	1	A	231		ASP	2
2ot3A	93	1	A	232		GLU	2
2ot3A	94	1	A	233		LYS	2
2ot3A	95	1	A	234		LYS	2
2ot3A	96	1	A	235		ASP	2
2ot3A	97	1	A	236		LEU	2
2ot3A	98	1	A	237		ALA	2
2ot3A	99	1	A	238		ILE	2
2ot3A	100	1	A	239		GLN	2
2ot3A	101	1	A	240		LYS	2
2ot3A	102	1	A	241		ARG	2
2ot3A	103	1	A	242		ILE	2
2ot3A	104	1	A	243		ARG	2
2ot3A	105	1	A	244		ALA	2
2ot3A	106	1	A	245		LEU	2
2ot3A	107	1	A	246		ARG	2
2ot3A	108	1	A	247		TRP	2
2ot3A	109	1	A	248		VAL	2
2ot3A	110	1	A	249		THR	2
2ot3A	111	1	A	250		PRO	2
2ot3A	112	1	A	251		GLN	2
2ot3A	113	1	A	252		MET	2
2ot3A	114	1	A	253		LEU	2
2ot3A	115	1	A	254		CYS	2
2ot3A	116	1	A	255		VAL	2
2ot3A	117	1	A	256		PRO	2
2ot3A	118	1	A	257		VAL	2
2ot3A	119	1	A	258		ASN	2
2ot3A	120	1	A	259		GLU	2
2ot3A	121	1	A	260		ASP	2
2ot3A	122	1	A	261		ILE	2
2ot3A	123	1	A	262		PRO	2
2ot3A	124	1	A	263		GLU	2
2ot3A	125	1	A	264		VAL	2
2ot3A	126	1	A	265		SER	2
2ot3A	127	1	A	266		ASP	2
2ot3A	128	1	A	267		MET	2
2ot3A	129	1	A	268		VAL	2
2ot3A	130	1	A	269		VAL	2
2ot3A	131	1	A	270		LYS	2
2ot3A	132	1	A	271		ALA	2
2ot3A	133	1	A	272		ILE	2
2ot3A	134	1	A	273		THR	2
2ot3A	135	1	A	274		ASP	2
2ot3A	136	1	A	275		ILE	2
2ot3A	137	1	A	276		ILE	2
2ot3A	138	1	A	277		GLU	2
2ot3A	139	1	A	278		MET	2
2ot3A	140	1	A	279		ASP	2
2ot3A	141	1	A	280		SER	2
2ot3A	142	1	A	281		LYS	2
2ot3A	143	1	A	282		ARG	2
2ot3A	144	1	A	283		VAL	2
2ot3A	145	1	A	284		PRO	2
2ot3A	146	1	A	285		ARG	2
2ot3A	147	1	A	286		ASP	2
2ot3A	148	1	A	287		LYS	2
2ot3A	149	1	A	288		LEU	2
2ot3A	150	1	A	289		ALA	2
2ot3A	151	1	A	290		CYS	2
2ot3A	152	1	A	291		ILE	2
2ot3A	153	1	A	292		THR	2
2ot3A	154	1	A	293		LYS	2
2ot3A	155	1	A	294		CYS	2
2ot3A	156	1	A	295		SER	2
2ot3A	157	1	A	296		LYS	2
2ot3A	158	1	A	297		HIS	2
2ot3A	159	1	A	298		ILE	2
2ot3A	160	1	A	299		PHE	2
2ot3A	161	1	A	300		ASN	2
2ot3A	162	1	A	301		ALA	2
2ot3A	163	1	A	302		ILE	2
2ot3A	164	1	A	303		LYS	2
2ot3A	165	1	A	304		ILE	2
2ot3A	166	1	A	305		THR	2
2ot3A	167	1	A	306		LYS	2
2ot3A	168	1	A	307		ASN	2
2ot3A	169	1	A	308		GLU	2
2ot3A	170	1	A	309		PRO	2
2ot3A	171	1	A	310		ALA	2
2ot3A	172	1	A	311		SER	2
2ot3A	173	1	A	312		ALA	2
2ot3A	174	1	A	313		ASP	2
2ot3A	175	1	A	314		ASP	2
2ot3A	176	1	A	315		PHE	2
2ot3A	177	1	A	316		LEU	2
2ot3A	178	1	A	317		PRO	2
2ot3A	179	1	A	318		THR	2
2ot3A	180	1	A	319		LEU	2
2ot3A	181	1	A	320		ILE	2
2ot3A	182	1	A	321		TYR	2
2ot3A	183	1	A	322		ILE	2
2ot3A	184	1	A	323		VAL	2
2ot3A	185	1	A	324		LEU	2
2ot3A	186	1	A	325		LYS	2
2ot3A	187	1	A	326		GLY	2
2ot3A	188	1	A	327		ASN	2
2ot3A	189	1	A	328		PRO	2
2ot3A	190	1	A	329		PRO	2
2ot3A	191	1	A	330		ARG	2
2ot3A	192	1	A	331		LEU	2
2ot3A	193	1	A	332		GLN	2
2ot3A	194	1	A	333		SER	2
2ot3A	195	1	A	334		ASN	2
2ot3A	196	1	A	335		ILE	2
2ot3A	197	1	A	336		GLN	2
2ot3A	198	1	A	337		TYR	2
2ot3A	199	1	A	338		ILE	2
2ot3A	200	1	A	339		THR	2
2ot3A	201	1	A	340		ARG	2
2ot3A	202	1	A	341		PHE	2
2ot3A	203	1	A	342		CYS	2
2ot3A	204	1	A	343		ASN	2
2ot3A	205	1	A	344		PRO	2
2ot3A	206	1	A	345		SER	2
2ot3A	207	1	A	346		ARG	2
2ot3A	208	1	A	347		LEU	2
2ot3A	209	1	A	348		MET	2
2ot3A	210	1	A	349		THR	2
2ot3A	211	1	A	350		GLY	2
2ot3A	212	1	A	351		GLU	2
2ot3A	213	1	A	352		ASP	2
2ot3A	214	1	A	353		GLY	2
2ot3A	215	1	A	354		TYR	2
2ot3A	216	1	A	355		TYR	2
2ot3A	217	1	A	356		PHE	2
2ot3A	218	1	A	357		THR	2
2ot3A	219	1	A	358		ASN	2
2ot3A	220	1	A	359		LEU	2
2ot3A	221	1	A	360		CYS	2
2ot3A	222	1	A	361		CYS	2
2ot3A	223	1	A	362		ALA	2
2ot3A	224	1	A	363		VAL	2
2ot3A	225	1	A	364		ALA	2
2ot3A	226	1	A	365		PHE	2
2ot3A	227	1	A	366		ILE	2
2ot3A	228	1	A	367		GLU	2
2ot3A	229	1	A	368		LYS	2
2ot3A	230	1	A	369		LEU	2
2ot3A	231	1	A	370		ASP	2
2ot3A	232	1	A	371		ALA	2
2ot3A	233	1	A	372		GLN	2
2ot3A	234	1	A	373		SER	2
2ot3A	235	1	A	374		LEU	2
2ot3A	236	1	A	375		ASN	2
2ot3A	237	1	A	376		LEU	2
2ot3A	238	1	A	377		SER	2
2ot3A	239	1	A	378		GLN	2
2ot3A	240	1	A	379		GLU	2
2ot3A	241	1	A	380		ASP	2
2ot3A	242	1	A	381		PHE	2
2ot3A	243	1	A	382		ASP	2
2ot3A	244	1	A	383		ARG	2
2ot3A	245	1	A	384		TYR	2
2ot3A	246	1	A	385		MET	2
2ot3A	247	1	A	386		SER	2
2ot3A	248	1	A	387		GLY	2
2ot3A	249	1	A	388		GLN	2
2ot3A	250	1	A	389		THR	2
2ot3A	251	1	A	390		SER	2
2ot3A	252	1	A	391		PRO	2
6y43A	0	1	A	-1		SER	1
6y43A	1	1	A	0		MET	1
6y43A	2	1	A	251		THR	1
6y43A	3	1	A	252		LYS	1
6y43A	4	1	A	253		PRO	1
6y43A	5	1	A	254		VAL	1
6y43A	6	1	A	255		GLY	1
6y43A	7	1	A	256		PRO	1
6y43A	8	1	A	257		TRP	1
6y43A	9	1	A	258		GLN	1
6y43A	10	1	A	259		ASP	1
6y43A	11	1	A	260		CYS	1
6y43A	12	1	A	261		ALA	1
6y43A	13	1	A	262		GLU	1
6y43A	14	1	A	263		ALA	1
6y43A	15	1	A	264		ARG	1
6y43A	16	1	A	265		GLN	1
6y43A	17	1	A	266		ALA	1
6y43A	18	1	A	267		GLY	1
6y43A	19	1	A	268		HIS	1
6y43A	20	1	A	269		GLU	1
6y43A	21	1	A	270		GLN	1
6y43A	22	1	A	271		SER	1
6y43A	23	1	A	272		GLY	1
6y43A	24	1	A	273		VAL	1
6y43A	25	1	A	274		TYR	1
6y43A	26	1	A	275		GLU	1
6y43A	27	1	A	276		LEU	1
6y43A	28	1	A	277		ARG	1
6y43A	29	1	A	278		VAL	1
6y43A	30	1	A	279		GLY	1
6y43A	31	1	A	280		ARG	1
6y43A	32	1	A	281		HIS	1
6y43A	33	1	A	282		VAL	1
6y43A	34	1	A	283		VAL	1
6y43A	35	1	A	284		SER	1
6y43A	36	1	A	285		VAL	1
6y43A	37	1	A	286		TRP	1
6y43A	38	1	A	287		CYS	1
6y43A	39	1	A	288		GLU	1
6y43A	40	1	A	289		GLN	1
6y43A	41	1	A	290		GLN	1
6y43A	42	1	A	291		LEU	1
6y43A	43	1	A	292		GLU	1
6y43A	44	1	A	293		GLY	1
6y43A	45	1	A	294		GLY	1
6y43A	46	1	A	295		GLY	1
6y43A	47	1	A	296		TRP	1
6y43A	48	1	A	297		THR	1
6y43A	49	1	A	298		VAL	1
6y43A	50	1	A	299		ILE	1
6y43A	51	1	A	300		GLN	1
6y43A	52	1	A	301		ARG	1
6y43A	53	1	A	302		ARG	1
6y43A	54	1	A	303		GLN	1
6y43A	55	1	A	304		ASP	1
6y43A	56	1	A	305		GLY	1
6y43A	57	1	A	306		SER	1
6y43A	58	1	A	307		VAL	1
6y43A	59	1	A	308		ASN	1
6y43A	60	1	A	309		PHE	1
6y43A	61	1	A	310		PHE	1
6y43A	62	1	A	311		THR	1
6y43A	63	1	A	312		THR	1
6y43A	64	1	A	313		TRP	1
6y43A	65	1	A	314		GLN	1
6y43A	66	1	A	315		HIS	1
6y43A	67	1	A	316		TYR	1
6y43A	68	1	A	317		LYS	1
6y43A	69	1	A	318		ALA	1
6y43A	70	1	A	319		GLY	1
6y43A	71	1	A	320		PHE	1
6y43A	72	1	A	321		GLY	1
6y43A	73	1	A	322		ARG	1
6y43A	74	1	A	323		PRO	1
6y43A	75	1	A	324		ASP	1
6y43A	76	1	A	325		GLY	1
6y43A	77	1	A	326		GLU	1
6y43A	78	1	A	327		TYR	1
6y43A	79	1	A	328		TRP	1
6y43A	80	1	A	329		LEU	1
6y43A	81	1	A	330		GLY	1
6y43A	82	1	A	331		LEU	1
6y43A	83	1	A	332		GLU	1
6y43A	84	1	A	333		PRO	1
6y43A	85	1	A	334		VAL	1
6y43A	86	1	A	335		TYR	1
6y43A	87	1	A	336		GLN	1
6y43A	88	1	A	337		LEU	1
6y43A	89	1	A	338		THR	1
6y43A	90	1	A	339		SER	1
6y43A	91	1	A	340		ARG	1
6y43A	92	1	A	341		GLY	1
6y43A	93	1	A	342		ASP	1
6y43A	94	1	A	343		HIS	1
6y43A	95	1	A	344		GLU	1
6y43A	96	1	A	345		LEU	1
6y43A	97	1	A	346		LEU	1
6y43A	98	1	A	347		VAL	1
6y43A	99	1	A	348		LEU	1
6y43A	100	1	A	349		LEU	1
6y43A	101	1	A	350		GLU	1
6y43A	102	1	A	351		ASP	1
6y43A	103	1	A	352		TRP	1
6y43A	104	1	A	353		GLY	1
6y43A	105	1	A	354		GLY	1
6y43A	106	1	A	355		ARG	1
6y43A	107	1	A	356		GLY	1
6y43A	108	1	A	357		ALA	1
6y43A	109	1	A	358		ARG	1
6y43A	110	1	A	359		ALA	1
6y43A	111	1	A	360		HIS	1
6y43A	112	1	A	361		TYR	1
6y43A	113	1	A	362		ASP	1
6y43A	114	1	A	363		GLY	1
6y43A	115	1	A	364		PHE	1
6y43A	116	1	A	365		SER	1
6y43A	117	1	A	366		LEU	1
6y43A	118	1	A	367		GLU	1
6y43A	119	1	A	368		PRO	1
6y43A	120	1	A	369		GLU	1
6y43A	121	1	A	370		SER	1
6y43A	122	1	A	371		ASP	1
6y43A	123	1	A	372		HIS	1
6y43A	124	1	A	373		TYR	1
6y43A	125	1	A	374		ARG	1
6y43A	126	1	A	375		LEU	1
6y43A	127	1	A	376		ARG	1
6y43A	128	1	A	377		LEU	1
6y43A	129	1	A	378		GLY	1
6y43A	130	1	A	379		GLN	1
6y43A	131	1	A	380		TYR	1
6y43A	132	1	A	381		HIS	1
6y43A	133	1	A	382		GLY	1
6y43A	134	1	A	383		ASP	1
6y43A	135	1	A	384		ALA	1
6y43A	136	1	A	385		GLY	1
6y43A	137	1	A	386		ASP	1
6y43A	138	1	A	387		SER	1
6y43A	139	1	A	388		LEU	1
6y43A	140	1	A	389		SER	1
6y43A	141	1	A	390		TRP	1
6y43A	142	1	A	391		HIS	1
6y43A	143	1	A	392		ASN	1
6y43A	144	1	A	393		ASP	1
6y43A	145	1	A	394		LYS	1
6y43A	146	1	A	395		PRO	1
6y43A	147	1	A	396		PHE	1
6y43A	148	1	A	397		SER	1
6y43A	149	1	A	398		THR	1
6y43A	150	1	A	399		VAL	1
6y43A	151	1	A	400		ASP	1
6y43A	152	1	A	401		ARG	1
6y43A	153	1	A	402		ASP	1
6y43A	154	1	A	403		ARG	1
6y43A	155	1	A	404		ASP	1
6y43A	156	1	A	405		SER	1
6y43A	157	1	A	406		TYR	1
6y43A	158	1	A	407		SER	1
6y43A	159	1	A	408		GLY	1
6y43A	160	1	A	409		ASN	1
6y43A	161	1	A	410		CYS	1
6y43A	162	1	A	411		ALA	1
6y43A	163	1	A	412		LEU	1
6y43A	164	1	A	413		TYR	1
6y43A	165	1	A	414		GLN	1
6y43A	166	1	A	415		ARG	1
6y43A	167	1	A	416		GLY	1
6y43A	168	1	A	417		GLY	1
6y43A	169	1	A	418		TRP	1
6y43A	170	1	A	419		TRP	1
6y43A	171	1	A	420		TYR	1
6y43A	172	1	A	421		HIS	1
6y43A	173	1	A	422		ALA	1
6y43A	174	1	A	423		CYS	1
6y43A	175	1	A	424		ALA	1
6y43A	176	1	A	425		HIS	1
6y43A	177	1	A	426		SER	1
6y43A	178	1	A	427		ASN	1
6y43A	179	1	A	428		LEU	1
6y43A	180	1	A	429		ASN	1
6y43A	181	1	A	430		GLY	1
6y43A	182	1	A	431		VAL	1
6y43A	183	1	A	432		TRP	1
6y43A	184	1	A	433		HIS	1
6y43A	185	1	A	434		HIS	1
6y43A	186	1	A	435		GLY	1
6y43A	187	1	A	436		GLY	1
6y43A	188	1	A	437		HIS	1
6y43A	189	1	A	438		TYR	1
6y43A	190	1	A	439		ARG	1
6y43A	191	1	A	440		SER	1
6y43A	192	1	A	441		ARG	1
6y43A	193	1	A	442		TYR	1
6y43A	194	1	A	443		GLN	1
6y43A	195	1	A	444		ASP	1
6y43A	196	1	A	445		GLY	1
6y43A	197	1	A	446		VAL	1
6y43A	198	1	A	447		TYR	1
6y43A	199	1	A	448		TRP	1
6y43A	200	1	A	449		ALA	1
6y43A	201	1	A	450		GLU	1
6y43A	202	1	A	451		PHE	1
6y43A	203	1	A	452		ARG	1
6y43A	204	1	A	453		GLY	1
6y43A	205	1	A	454		GLY	1
6y43A	206	1	A	455		ALA	1
6y43A	207	1	A	456		TYR	1
6y43A	208	1	A	457		SER	1
6y43A	209	1	A	458		LEU	1
6y43A	210	1	A	459		ARG	1
6y43A	211	1	A	460		LYS	1
6y43A	212	1	A	461		ALA	1
6y43A	213	1	A	462		ALA	1
6y43A	214	1	A	463		MET	1
6y43A	215	1	A	464		LEU	1
6y43A	216	1	A	465		ILE	1
6y43A	217	1	A	466		ARG	1
6y43A	218	1	A	467		PRO	1
6y43A	219	1	A	468		LEU	1
6y43A	220	1	A	469		LYS	1
6y43A	221	1	A	470		LEU	1
3hs3A	0	1	A	57		LYS	1
3hs3A	1	1	A	58		LYS	1
3hs3A	2	1	A	59		SER	1
3hs3A	3	1	A	60		LYS	1
3hs3A	4	1	A	61		MET	1
3hs3A	5	1	A	62		ILE	1
3hs3A	6	1	A	63		GLY	1
3hs3A	7	1	A	64		ILE	1
3hs3A	8	1	A	65		ILE	1
3hs3A	9	1	A	66		ILE	1
3hs3A	10	1	A	67		PRO	1
3hs3A	11	1	A	68		ASP	1
3hs3A	12	1	A	69		LEU	1
3hs3A	13	1	A	70		ASN	1
3hs3A	14	1	A	71		ASN	1
3hs3A	15	1	A	72		ARG	1
3hs3A	16	1	A	73		PHE	1
3hs3A	17	1	A	74		TYR	1
3hs3A	18	1	A	75		ALA	1
3hs3A	19	1	A	76		GLN	1
3hs3A	20	1	A	77		ILE	1
3hs3A	21	1	A	78		ILE	1
3hs3A	22	1	A	79		ASP	1
3hs3A	23	1	A	80		GLY	1
3hs3A	24	1	A	81		ILE	1
3hs3A	25	1	A	82		GLN	1
3hs3A	26	1	A	83		GLU	1
3hs3A	27	1	A	84		VAL	1
3hs3A	28	1	A	85		ILE	1
3hs3A	29	1	A	86		GLN	1
3hs3A	30	1	A	87		LYS	1
3hs3A	31	1	A	88		GLU	1
3hs3A	32	1	A	89		GLY	1
3hs3A	33	1	A	90		TYR	1
3hs3A	34	1	A	91		THR	1
3hs3A	35	1	A	92		ALA	1
3hs3A	36	1	A	93		LEU	1
3hs3A	37	1	A	94		ILE	1
3hs3A	38	1	A	95		SER	1
3hs3A	39	1	A	96		PHE	1
3hs3A	40	1	A	97		SER	1
3hs3A	41	1	A	98		THR	1
3hs3A	42	1	A	99		ASN	1
3hs3A	43	1	A	100		SER	1
3hs3A	44	1	A	101		ASP	1
3hs3A	45	1	A	102		VAL	1
3hs3A	46	1	A	103		LYS	1
3hs3A	47	1	A	104		LYS	1
3hs3A	48	1	A	105		TYR	1
3hs3A	49	1	A	106		GLN	1
3hs3A	50	1	A	107		ASN	1
3hs3A	51	1	A	108		ALA	1
3hs3A	52	1	A	109		ILE	1
3hs3A	53	1	A	110		ILE	1
3hs3A	54	1	A	111		ASN	1
3hs3A	55	1	A	112		PHE	1
3hs3A	56	1	A	113		GLU	1
3hs3A	57	1	A	114		ASN	1
3hs3A	58	1	A	115		ASN	1
3hs3A	59	1	A	116		ASN	1
3hs3A	60	1	A	117		VAL	1
3hs3A	61	1	A	118		ASP	1
3hs3A	62	1	A	119		GLY	1
3hs3A	63	1	A	120		ILE	1
3hs3A	64	1	A	121		ILE	1
3hs3A	65	1	A	122		THR	1
3hs3A	66	1	A	123		SER	1
3hs3A	67	1	A	124		ALA	1
3hs3A	68	1	A	125		PHE	1
3hs3A	69	1	A	126		THR	1
3hs3A	70	1	A	127		ILE	1
3hs3A	71	1	A	128		PRO	1
3hs3A	72	1	A	129		PRO	1
3hs3A	73	1	A	130		ASN	1
3hs3A	74	1	A	131		PHE	1
3hs3A	75	1	A	132		HIS	1
3hs3A	76	1	A	133		LEU	1
3hs3A	77	1	A	134		ASN	1
3hs3A	78	1	A	135		THR	1
3hs3A	79	1	A	136		PRO	1
3hs3A	80	1	A	137		LEU	1
3hs3A	81	1	A	138		VAL	1
3hs3A	82	1	A	139		MET	1
3hs3A	83	1	A	140		TYR	1
3hs3A	84	1	A	141		ASP	1
3hs3A	85	1	A	142		SER	1
3hs3A	86	1	A	143		ALA	1
3hs3A	87	1	A	144		ASN	1
3hs3A	88	1	A	145		ILE	1
3hs3A	89	1	A	146		ASN	1
3hs3A	90	1	A	147		ASP	1
3hs3A	91	1	A	148		ASP	1
3hs3A	92	1	A	149		ILE	1
3hs3A	93	1	A	150		VAL	1
3hs3A	94	1	A	151		ARG	1
3hs3A	95	1	A	152		ILE	1
3hs3A	96	1	A	153		VAL	1
3hs3A	97	1	A	154		SER	1
3hs3A	98	1	A	155		ASN	2
3hs3A	99	1	A	156		ASN	2
3hs3A	100	1	A	157		THR	2
3hs3A	101	1	A	158		LYS	2
3hs3A	102	1	A	159		GLY	2
3hs3A	103	1	A	160		GLY	2
3hs3A	104	1	A	161		LYS	2
3hs3A	105	1	A	162		GLU	2
3hs3A	106	1	A	163		SER	2
3hs3A	107	1	A	164		ILE	2
3hs3A	108	1	A	165		LYS	2
3hs3A	109	1	A	166		LEU	2
3hs3A	110	1	A	167		LEU	2
3hs3A	111	1	A	168		SER	2
3hs3A	112	1	A	169		LYS	2
3hs3A	113	1	A	170		LYS	2
3hs3A	114	1	A	171		ILE	2
3hs3A	115	1	A	172		GLU	2
3hs3A	116	1	A	173		LYS	2
3hs3A	117	1	A	174		VAL	2
3hs3A	118	1	A	175		LEU	2
3hs3A	119	1	A	176		ILE	2
3hs3A	120	1	A	177		GLN	2
3hs3A	121	1	A	178		HIS	2
3hs3A	122	1	A	179		TRP	2
3hs3A	123	1	A	180		PRO	2
3hs3A	124	1	A	181		LEU	2
3hs3A	125	1	A	182		SER	2
3hs3A	126	1	A	183		LEU	2
3hs3A	127	1	A	184		PRO	2
3hs3A	128	1	A	185		THR	2
3hs3A	129	1	A	186		ILE	2
3hs3A	130	1	A	187		ARG	2
3hs3A	131	1	A	188		GLU	2
3hs3A	132	1	A	189		ARG	2
3hs3A	133	1	A	190		ILE	2
3hs3A	134	1	A	191		GLU	2
3hs3A	135	1	A	192		ALA	2
3hs3A	136	1	A	193		MET	2
3hs3A	137	1	A	194		THR	2
3hs3A	138	1	A	195		ALA	2
3hs3A	139	1	A	196		GLU	2
3hs3A	140	1	A	197		ALA	2
3hs3A	141	1	A	198		SER	2
3hs3A	142	1	A	199		LYS	2
3hs3A	143	1	A	200		LEU	2
3hs3A	144	1	A	201		LYS	2
3hs3A	145	1	A	202		ILE	2
3hs3A	146	1	A	203		ASP	2
3hs3A	147	1	A	204		TYR	2
3hs3A	148	1	A	205		LEU	2
3hs3A	149	1	A	206		LEU	2
3hs3A	150	1	A	207		GLU	2
3hs3A	151	1	A	208		GLU	2
3hs3A	152	1	A	209		THR	2
3hs3A	153	1	A	210		PRO	2
3hs3A	154	1	A	211		GLU	2
3hs3A	155	1	A	212		ASN	2
3hs3A	156	1	A	213		ASN	2
3hs3A	157	1	A	214		PRO	2
3hs3A	158	1	A	215		TYR	2
3hs3A	159	1	A	216		ILE	2
3hs3A	160	1	A	217		SER	2
3hs3A	161	1	A	218		ALA	2
3hs3A	162	1	A	219		GLN	2
3hs3A	163	1	A	220		SER	2
3hs3A	164	1	A	221		ALA	2
3hs3A	165	1	A	222		LEU	2
3hs3A	166	1	A	223		ASN	2
3hs3A	167	1	A	224		LYS	2
3hs3A	168	1	A	225		SER	2
3hs3A	169	1	A	226		ASN	2
3hs3A	170	1	A	227		GLN	2
3hs3A	171	1	A	228		PHE	2
3hs3A	172	1	A	229		ASP	2
3hs3A	173	1	A	230		ALA	2
3hs3A	174	1	A	231		ILE	2
3hs3A	175	1	A	232		ILE	2
3hs3A	176	1	A	233		THR	2
3hs3A	177	1	A	234		VAL	2
3hs3A	178	1	A	235		ASN	2
3hs3A	179	1	A	236		ASP	2
3hs3A	180	1	A	237		LEU	2
3hs3A	181	1	A	238		TYR	2
3hs3A	182	1	A	239		ALA	2
3hs3A	183	1	A	240		ALA	2
3hs3A	184	1	A	241		GLU	2
3hs3A	185	1	A	242		ILE	2
3hs3A	186	1	A	243		ILE	2
3hs3A	187	1	A	244		LYS	2
3hs3A	188	1	A	245		GLU	2
3hs3A	189	1	A	246		ALA	2
3hs3A	190	1	A	247		LYS	2
3hs3A	191	1	A	248		ARG	2
3hs3A	192	1	A	249		ARG	2
3hs3A	193	1	A	250		ASN	2
3hs3A	194	1	A	251		LEU	2
3hs3A	195	1	A	252		LYS	2
3hs3A	196	1	A	253		ILE	2
3hs3A	197	1	A	254		PRO	2
3hs3A	198	1	A	255		ASP	2
3hs3A	199	1	A	256		ASP	2
3hs3A	200	1	A	257		PHE	2
3hs3A	201	1	A	258		GLN	2
3hs3A	202	1	A	259		LEU	2
3hs3A	203	1	A	260		VAL	2
3hs3A	204	1	A	261		GLY	2
3hs3A	205	1	A	262		TYR	2
3hs3A	206	1	A	263		ASP	2
3hs3A	207	1	A	264		ASN	2
3hs3A	208	1	A	265		ASN	2
3hs3A	209	1	A	266		ILE	2
3hs3A	210	1	A	267		LEU	2
3hs3A	211	1	A	268		CYS	2
3hs3A	212	1	A	269		GLY	2
3hs3A	213	1	A	270		TYR	2
3hs3A	214	1	A	271		THR	2
3hs3A	215	1	A	272		SER	2
3hs3A	216	1	A	273		PRO	2
3hs3A	217	1	A	274		THR	2
3hs3A	218	1	A	275		ILE	2
3hs3A	219	1	A	276		SER	2
3hs3A	220	1	A	277		THR	2
3hs3A	221	1	A	278		ILE	2
3hs3A	222	1	A	279		ASP	2
3hs3A	223	1	A	280		GLN	1
3hs3A	224	1	A	281		ASN	1
3hs3A	225	1	A	282		PRO	1
3hs3A	226	1	A	283		LYS	1
3hs3A	227	1	A	284		LEU	1
3hs3A	228	1	A	285		ILE	1
3hs3A	229	1	A	286		GLY	1
3hs3A	230	1	A	287		GLN	1
3hs3A	231	1	A	288		THR	1
3hs3A	232	1	A	289		ALA	1
3hs3A	233	1	A	290		ALA	1
3hs3A	234	1	A	291		HIS	1
3hs3A	235	1	A	292		ARG	1
3hs3A	236	1	A	293		LEU	1
3hs3A	237	1	A	294		LEU	1
3hs3A	238	1	A	295		ASP	1
3hs3A	239	1	A	296		LEU	1
3hs3A	240	1	A	297		MET	1
3hs3A	241	1	A	298		SER	1
3hs3A	242	1	A	299		GLY	1
3hs3A	243	1	A	300		ASN	1
3hs3A	244	1	A	301		ASN	1
3hs3A	245	1	A	302		SER	1
3hs3A	246	1	A	303		THR	1
3hs3A	247	1	A	304		ARG	1
3hs3A	248	1	A	305		ASN	1
3hs3A	249	1	A	306		SER	1
3hs3A	250	1	A	307		ILE	1
3hs3A	251	1	A	308		ILE	1
3hs3A	252	1	A	309		ASP	1
3hs3A	253	1	A	310		VAL	1
3hs3A	254	1	A	311		LEU	2
3hs3A	255	1	A	312		PRO	2
3hs3A	256	1	A	313		ILE	2
3hs3A	257	1	A	314		LYS	2
3hs3A	258	1	A	315		ARG	2
3hs3A	259	1	A	316		ASP	2
3hs3A	260	1	A	317		SER	2
3hs3A	261	1	A	318		THR	2
3hs3A	262	1	A	319		GLU	2
3hs3A	263	1	A	320		GLY	2
5iz3A	0	1	A	79		GLU	1
5iz3A	1	1	A	80		LEU	1
5iz3A	2	1	A	81		GLY	1
5iz3A	3	1	A	82		ASP	1
5iz3A	4	1	A	83		SER	1
5iz3A	5	1	A	84		LEU	1
5iz3A	6	1	A	85		GLU	1
5iz3A	7	1	A	86		GLU	1
5iz3A	8	1	A	87		PHE	1
5iz3A	9	1	A	88		LEU	1
5iz3A	10	1	A	89		ALA	1
5iz3A	11	1	A	90		LYS	1
5iz3A	12	1	A	91		ALA	1
5iz3A	13	1	A	92		THR	1
5iz3A	14	1	A	93		THR	1
5iz3A	15	1	A	94		ASP	1
5iz3A	16	1	A	95		LYS	1
5iz3A	17	1	A	96		ASN	1
5iz3A	18	1	A	97		LEU	1
5iz3A	19	1	A	98		ALA	1
5iz3A	20	1	A	99		ARG	1
5iz3A	21	1	A	100		LEU	1
5iz3A	22	1	A	101		LEU	1
5iz3A	23	1	A	102		VAL	1
5iz3A	24	1	A	103		CYS	1
5iz3A	25	1	A	104		MET	1
5iz3A	26	1	A	105		GLY	1
5iz3A	27	1	A	106		GLU	1
5iz3A	28	1	A	107		ALA	1
5iz3A	29	1	A	108		LEU	1
5iz3A	30	1	A	109		ARG	1
5iz3A	31	1	A	110		THR	1
5iz3A	32	1	A	111		ILE	1
5iz3A	33	1	A	112		ALA	1
5iz3A	34	1	A	113		PHE	1
5iz3A	35	1	A	114		LYS	1
5iz3A	36	1	A	115		VAL	1
5iz3A	37	1	A	116		ARG	1
5iz3A	38	1	A	117		THR	1
5iz3A	39	1	A	118		ALA	1
5iz3A	40	1	A	119		SER	1
5iz3A	41	1	A	120		CYS	1
5iz3A	42	1	A	121		GLY	1
5iz3A	43	1	A	122		ALA	1
5iz3A	44	1	A	123		THR	1
5iz3A	45	1	A	124		ALA	1
5iz3A	46	1	A	125		CYS	1
5iz3A	47	1	A	126		VAL	1
5iz3A	48	1	A	127		ASN	1
5iz3A	49	1	A	128		THR	1
5iz3A	50	1	A	129		PHE	1
5iz3A	51	1	A	130		GLY	1
5iz3A	52	1	A	131		ASP	1
5iz3A	53	1	A	132		GLU	1
5iz3A	54	1	A	133		GLN	1
5iz3A	55	1	A	134		LEU	1
5iz3A	56	1	A	135		ALA	1
5iz3A	57	1	A	136		VAL	1
5iz3A	58	1	A	137		ASP	1
5iz3A	59	1	A	138		MET	1
5iz3A	60	1	A	139		LEU	1
5iz3A	61	1	A	140		ALA	1
5iz3A	62	1	A	141		ASP	1
5iz3A	63	1	A	142		LYS	1
5iz3A	64	1	A	143		LEU	1
5iz3A	65	1	A	144		LEU	1
5iz3A	66	1	A	145		PHE	1
5iz3A	67	1	A	146		GLU	1
5iz3A	68	1	A	147		ALA	1
5iz3A	69	1	A	148		LEU	1
5iz3A	70	1	A	149		ARG	1
5iz3A	71	1	A	150		HIS	1
5iz3A	72	1	A	151		SER	1
5iz3A	73	1	A	152		HIS	1
5iz3A	74	1	A	153		VAL	1
5iz3A	75	1	A	154		CYS	1
5iz3A	76	1	A	155		LYS	1
5iz3A	77	1	A	156		TYR	1
5iz3A	78	1	A	157		ALA	1
5iz3A	79	1	A	158		CYS	1
5iz3A	80	1	A	159		SER	1
5iz3A	81	1	A	160		GLU	1
5iz3A	82	1	A	161		GLU	1
5iz3A	83	1	A	162		GLU	1
5iz3A	84	1	A	163		PRO	1
5iz3A	85	1	A	164		ILE	1
5iz3A	86	1	A	165		LEU	1
5iz3A	87	1	A	166		GLN	1
5iz3A	88	1	A	167		ASP	1
5iz3A	89	1	A	168		MET	1
5iz3A	90	1	A	169		GLU	1
5iz3A	91	1	A	170		GLY	1
5iz3A	92	1	A	171		GLU	1
5iz3A	93	1	A	172		GLY	1
5iz3A	94	1	A	173		PHE	1
5iz3A	95	1	A	174		SER	1
5iz3A	96	1	A	175		VAL	1
5iz3A	97	1	A	176		ALA	1
5iz3A	98	1	A	177		PHE	1
5iz3A	99	1	A	178		ASP	1
5iz3A	100	1	A	179		PRO	1
5iz3A	101	1	A	180		LEU	1
5iz3A	102	1	A	181		ASP	1
5iz3A	103	1	A	182		GLY	1
5iz3A	104	1	A	183		SER	1
5iz3A	105	1	A	184		SER	1
5iz3A	106	1	A	185		ILE	1
5iz3A	107	1	A	186		VAL	1
5iz3A	108	1	A	187		ASP	1
5iz3A	109	1	A	188		THR	1
5iz3A	110	1	A	189		ASN	1
5iz3A	111	1	A	190		PHE	1
5iz3A	112	1	A	191		THR	1
5iz3A	113	1	A	192		VAL	1
5iz3A	114	1	A	193		GLY	1
5iz3A	115	1	A	194		THR	1
5iz3A	116	1	A	195		ILE	1
5iz3A	117	1	A	196		PHE	1
5iz3A	118	1	A	197		GLY	1
5iz3A	119	1	A	198		VAL	1
5iz3A	120	1	A	199		TRP	1
5iz3A	121	1	A	200		PRO	1
5iz3A	122	1	A	201		GLY	1
5iz3A	123	1	A	202		ASP	1
5iz3A	124	1	A	203		LYS	1
5iz3A	125	1	A	204		LEU	1
5iz3A	126	1	A	205		THR	1
5iz3A	127	1	A	206		GLY	1
5iz3A	128	1	A	207		ILE	1
5iz3A	129	1	A	208		THR	1
5iz3A	130	1	A	209		GLY	1
5iz3A	131	1	A	210		ARG	1
5iz3A	132	1	A	211		ASP	1
5iz3A	133	1	A	212		GLN	1
5iz3A	134	1	A	213		ALA	1
5iz3A	135	1	A	214		ALA	1
5iz3A	136	1	A	215		SER	1
5iz3A	137	1	A	216		ALA	1
5iz3A	138	1	A	217		MET	1
5iz3A	139	1	A	218		GLY	1
5iz3A	140	1	A	219		ILE	1
5iz3A	141	1	A	220		TYR	1
5iz3A	142	1	A	221		GLY	1
5iz3A	143	1	A	222		PRO	1
5iz3A	144	1	A	223		ARG	1
5iz3A	145	1	A	224		THR	1
5iz3A	146	1	A	225		THR	1
5iz3A	147	1	A	226		TYR	1
5iz3A	148	1	A	227		VAL	1
5iz3A	149	1	A	228		VAL	1
5iz3A	150	1	A	229		ALA	1
5iz3A	151	1	A	230		ILE	1
5iz3A	152	1	A	231		ASN	1
5iz3A	153	1	A	232		GLY	1
5iz3A	154	1	A	233		PHE	1
5iz3A	155	1	A	234		PRO	1
5iz3A	156	1	A	235		GLY	1
5iz3A	157	1	A	236		THR	1
5iz3A	158	1	A	237		HIS	1
5iz3A	159	1	A	238		GLU	1
5iz3A	160	1	A	239		PHE	1
5iz3A	161	1	A	240		LEU	1
5iz3A	162	1	A	241		LEU	1
5iz3A	163	1	A	242		MET	1
5iz3A	164	1	A	243		ASP	1
5iz3A	165	1	A	244		ASP	1
5iz3A	166	1	A	245		GLY	1
5iz3A	167	1	A	246		LYS	1
5iz3A	168	1	A	247		TRP	1
5iz3A	169	1	A	248		GLN	1
5iz3A	170	1	A	249		HIS	1
5iz3A	171	1	A	250		VAL	1
5iz3A	172	1	A	251		LYS	1
5iz3A	173	1	A	252		GLU	1
5iz3A	174	1	A	253		THR	1
5iz3A	175	1	A	254		THR	1
5iz3A	176	1	A	255		GLU	1
5iz3A	177	1	A	256		ILE	1
5iz3A	178	1	A	257		LYS	1
5iz3A	179	1	A	258		GLU	1
5iz3A	180	1	A	259		GLY	1
5iz3A	181	1	A	260		LYS	1
5iz3A	182	1	A	261		LEU	1
5iz3A	183	1	A	262		PHE	1
5iz3A	184	1	A	263		SER	1
5iz3A	185	1	A	264		PRO	1
5iz3A	186	1	A	265		GLY	1
5iz3A	187	1	A	266		ASN	1
5iz3A	188	1	A	267		LEU	1
5iz3A	189	1	A	268		ARG	1
5iz3A	190	1	A	269		ALA	1
5iz3A	191	1	A	270		THR	1
5iz3A	192	1	A	271		PHE	1
5iz3A	193	1	A	272		ASP	1
5iz3A	194	1	A	273		ASN	1
5iz3A	195	1	A	274		ALA	1
5iz3A	196	1	A	275		ASP	1
5iz3A	197	1	A	276		TYR	1
5iz3A	198	1	A	277		GLU	1
5iz3A	199	1	A	278		LYS	1
5iz3A	200	1	A	279		LEU	1
5iz3A	201	1	A	280		ILE	1
5iz3A	202	1	A	281		ASN	1
5iz3A	203	1	A	282		TYR	1
5iz3A	204	1	A	283		TYR	1
5iz3A	205	1	A	284		VAL	1
5iz3A	206	1	A	285		SER	1
5iz3A	207	1	A	286		GLU	1
5iz3A	208	1	A	287		LYS	1
5iz3A	209	1	A	288		TYR	1
5iz3A	210	1	A	289		THR	1
5iz3A	211	1	A	290		LEU	1
5iz3A	212	1	A	291		ARG	1
5iz3A	213	1	A	292		TYR	1
5iz3A	214	1	A	293		THR	1
5iz3A	215	1	A	294		GLY	1
5iz3A	216	1	A	295		GLY	1
5iz3A	217	1	A	296		MET	1
5iz3A	218	1	A	297		VAL	1
5iz3A	219	1	A	298		PRO	1
5iz3A	220	1	A	299		ASP	1
5iz3A	221	1	A	300		VAL	1
5iz3A	222	1	A	301		ASN	1
5iz3A	223	1	A	302		GLN	1
5iz3A	224	1	A	303		ILE	1
5iz3A	225	1	A	304		ILE	1
5iz3A	226	1	A	305		VAL	1
5iz3A	227	1	A	306		LYS	1
5iz3A	228	1	A	307		GLU	1
5iz3A	229	1	A	308		ARG	1
5iz3A	230	1	A	309		GLY	1
5iz3A	231	1	A	310		ILE	1
5iz3A	232	1	A	311		PHE	1
5iz3A	233	1	A	312		THR	1
5iz3A	234	1	A	313		ASN	1
5iz3A	235	1	A	314		VAL	1
5iz3A	236	1	A	315		THR	1
5iz3A	237	1	A	316		SER	1
5iz3A	238	1	A	317		PRO	1
5iz3A	239	1	A	318		THR	1
5iz3A	240	1	A	319		THR	1
5iz3A	241	1	A	320		LYS	1
5iz3A	242	1	A	321		ALA	1
5iz3A	243	1	A	322		LYS	1
5iz3A	244	1	A	323		LEU	1
5iz3A	245	1	A	324		ARG	1
5iz3A	246	1	A	325		LEU	1
5iz3A	247	1	A	326		LEU	1
5iz3A	248	1	A	327		PHE	1
5iz3A	249	1	A	328		GLU	1
5iz3A	250	1	A	329		VAL	1
5iz3A	251	1	A	330		ALA	1
5iz3A	252	1	A	331		PRO	1
5iz3A	253	1	A	332		LEU	1
5iz3A	254	1	A	333		GLY	1
5iz3A	255	1	A	334		LEU	1
5iz3A	256	1	A	335		LEU	1
5iz3A	257	1	A	336		ILE	1
5iz3A	258	1	A	337		GLU	1
5iz3A	259	1	A	338		ASN	1
5iz3A	260	1	A	339		ALA	1
5iz3A	261	1	A	340		GLY	1
5iz3A	262	1	A	341		GLY	1
5iz3A	263	1	A	342		TYR	1
5iz3A	264	1	A	343		SER	1
5iz3A	265	1	A	344		SER	1
5iz3A	266	1	A	345		ASP	1
5iz3A	267	1	A	346		GLY	1
5iz3A	268	1	A	347		LYS	1
5iz3A	269	1	A	348		GLN	1
5iz3A	270	1	A	349		SER	1
5iz3A	271	1	A	350		VAL	1
5iz3A	272	1	A	351		LEU	1
5iz3A	273	1	A	352		ASP	1
5iz3A	274	1	A	353		LYS	1
5iz3A	275	1	A	354		VAL	1
5iz3A	276	1	A	355		VAL	1
5iz3A	277	1	A	356		VAL	1
5iz3A	278	1	A	357		ASN	1
5iz3A	279	1	A	358		THR	1
5iz3A	280	1	A	359		ASP	1
5iz3A	281	1	A	360		ASP	1
5iz3A	282	1	A	361		ARG	1
5iz3A	283	1	A	362		THR	1
5iz3A	284	1	A	363		GLN	1
5iz3A	285	1	A	364		VAL	1
5iz3A	286	1	A	365		ALA	1
5iz3A	287	1	A	366		TYR	1
5iz3A	288	1	A	367		GLY	1
5iz3A	289	1	A	368		SER	1
5iz3A	290	1	A	369		ARG	1
5iz3A	291	1	A	370		ASP	1
5iz3A	292	1	A	371		GLU	1
5iz3A	293	1	A	372		ILE	1
5iz3A	294	1	A	373		ILE	1
5iz3A	295	1	A	374		ARG	1
5iz3A	296	1	A	375		PHE	1
5iz3A	297	1	A	376		GLU	1
5iz3A	298	1	A	377		GLU	1
5iz3A	299	1	A	378		THR	1
5iz3A	300	1	A	379		LEU	1
5iz3A	301	1	A	380		TYR	1
5iz3A	302	1	A	381		GLY	1
5iz3A	303	1	A	382		ASP	1
5iz3A	304	1	A	383		SER	1
5iz3A	305	1	A	384		ARG	1
5iz3A	306	1	A	385		LEU	1
5iz3A	307	1	A	386		LYS	1
5iz3A	308	1	A	387		ALA	1
5iz3A	309	1	A	388		GLU	1
5iz3A	310	1	A	389		LEU	1
5iz3A	311	1	A	390		ALA	1
5iz3A	312	1	A	391		ALA	1
5iz3A	313	1	A	392		ALA	1
5iz3A	314	1	A	393		THR	1
5iz3A	315	1	A	394		VAL	1
3iavA	0	1	A	10		ASP	0
3iavA	1	1	A	11		ILE	0
3iavA	2	1	A	12		HIS	0
3iavA	3	1	A	13		THR	0
3iavA	4	1	A	14		THR	0
3iavA	5	1	A	15		ALA	0
3iavA	6	1	A	16		GLY	0
3iavA	7	1	A	17		LYS	0
3iavA	8	1	A	18		LEU	0
3iavA	9	1	A	19		ALA	0
3iavA	10	1	A	20		ASP	0
3iavA	11	1	A	21		LEU	0
3iavA	12	1	A	22		ARG	0
3iavA	13	1	A	23		ARG	0
3iavA	14	1	A	24		ARG	1
3iavA	15	1	A	25		ILE	1
3iavA	16	1	A	26		GLU	1
3iavA	17	1	A	27		GLU	1
3iavA	18	1	A	28		ALA	1
3iavA	19	1	A	29		THR	1
3iavA	20	1	A	30		HIS	1
3iavA	21	1	A	31		ALA	1
3iavA	22	1	A	32		GLY	1
3iavA	23	1	A	33		SER	1
3iavA	24	1	A	34		ALA	1
3iavA	25	1	A	35		ARG	1
3iavA	26	1	A	36		ALA	1
3iavA	27	1	A	37		VAL	1
3iavA	28	1	A	38		GLU	1
3iavA	29	1	A	39		LYS	1
3iavA	30	1	A	40		GLN	1
3iavA	31	1	A	41		HIS	1
3iavA	32	1	A	42		ALA	1
3iavA	33	1	A	43		LYS	1
3iavA	34	1	A	44		GLY	1
3iavA	35	1	A	45		LYS	1
3iavA	36	1	A	46		LEU	1
3iavA	37	1	A	47		THR	1
3iavA	38	1	A	48		ALA	1
3iavA	39	1	A	49		ARG	1
3iavA	40	1	A	50		GLU	1
3iavA	41	1	A	51		ARG	1
3iavA	42	1	A	52		ILE	1
3iavA	43	1	A	53		ASP	1
3iavA	44	1	A	54		LEU	1
3iavA	45	1	A	55		LEU	1
3iavA	46	1	A	56		LEU	1
3iavA	47	1	A	57		ASP	1
3iavA	48	1	A	58		GLU	1
3iavA	49	1	A	59		GLY	1
3iavA	50	1	A	60		SER	1
3iavA	51	1	A	61		PHE	1
3iavA	52	1	A	62		VAL	1
3iavA	53	1	A	63		GLU	1
3iavA	54	1	A	64		LEU	1
3iavA	55	1	A	65		ASP	1
3iavA	56	1	A	66		GLU	1
3iavA	57	1	A	67		PHE	1
3iavA	58	1	A	68		ALA	1
3iavA	59	1	A	69		ARG	1
3iavA	60	1	A	70		HIS	1
3iavA	61	1	A	71		ARG	1
3iavA	62	1	A	72		SER	1
3iavA	63	1	A	73		THR	1
3iavA	64	1	A	74		ASN	1
3iavA	65	1	A	75		PHE	1
3iavA	66	1	A	76		GLY	1
3iavA	67	1	A	77		LEU	1
3iavA	68	1	A	78		ASP	1
3iavA	69	1	A	79		ALA	1
3iavA	70	1	A	80		ASN	1
3iavA	71	1	A	81		ARG	1
3iavA	72	1	A	82		PRO	1
3iavA	73	1	A	83		TYR	1
3iavA	74	1	A	84		GLY	1
3iavA	75	1	A	85		ASP	1
3iavA	76	1	A	86		GLY	1
3iavA	77	1	A	87		VAL	1
3iavA	78	1	A	88		VAL	1
3iavA	79	1	A	89		THR	1
3iavA	80	1	A	90		GLY	1
3iavA	81	1	A	91		TYR	1
3iavA	82	1	A	92		GLY	1
3iavA	83	1	A	93		THR	1
3iavA	84	1	A	94		VAL	1
3iavA	85	1	A	95		ASP	1
3iavA	86	1	A	96		GLY	1
3iavA	87	1	A	97		ARG	1
3iavA	88	1	A	98		PRO	1
3iavA	89	1	A	99		VAL	1
3iavA	90	1	A	100		ALA	1
3iavA	91	1	A	101		VAL	1
3iavA	92	1	A	102		PHE	1
3iavA	93	1	A	103		SER	1
3iavA	94	1	A	104		GLN	1
3iavA	95	1	A	105		ASP	1
3iavA	96	1	A	106		PHE	1
3iavA	97	1	A	107		THR	1
3iavA	98	1	A	108		VAL	1
3iavA	99	1	A	109		PHE	1
3iavA	100	1	A	110		GLY	1
3iavA	101	1	A	111		GLY	1
3iavA	102	1	A	112		ALA	1
3iavA	103	1	A	113		LEU	1
3iavA	104	1	A	114		GLY	1
3iavA	105	1	A	115		GLU	1
3iavA	106	1	A	116		VAL	1
3iavA	107	1	A	117		TYR	1
3iavA	108	1	A	118		GLY	1
3iavA	109	1	A	119		GLN	1
3iavA	110	1	A	120		LYS	1
3iavA	111	1	A	121		ILE	1
3iavA	112	1	A	122		VAL	1
3iavA	113	1	A	123		LYS	1
3iavA	114	1	A	124		VAL	1
3iavA	115	1	A	125		MET	1
3iavA	116	1	A	126		ASP	1
3iavA	117	1	A	127		PHE	1
3iavA	118	1	A	128		ALA	1
3iavA	119	1	A	129		LEU	1
3iavA	120	1	A	130		LYS	1
3iavA	121	1	A	131		THR	1
3iavA	122	1	A	132		GLY	1
3iavA	123	1	A	133		CYS	1
3iavA	124	1	A	134		PRO	1
3iavA	125	1	A	135		VAL	1
3iavA	126	1	A	136		VAL	1
3iavA	127	1	A	137		GLY	1
3iavA	128	1	A	138		ILE	1
3iavA	129	1	A	139		ASN	1
3iavA	130	1	A	140		ASP	1
3iavA	131	1	A	141		SER	1
3iavA	132	1	A	142		GLY	1
3iavA	133	1	A	143		GLY	1
3iavA	134	1	A	144		ALA	1
3iavA	135	1	A	145		ARG	1
3iavA	136	1	A	146		ILE	1
3iavA	137	1	A	147		GLN	1
3iavA	138	1	A	148		GLU	1
3iavA	139	1	A	149		GLY	1
3iavA	140	1	A	150		VAL	1
3iavA	141	1	A	151		ALA	1
3iavA	142	1	A	152		SER	1
3iavA	143	1	A	153		LEU	1
3iavA	144	1	A	154		GLY	1
3iavA	145	1	A	155		ALA	1
3iavA	146	1	A	156		TYR	1
3iavA	147	1	A	157		GLY	1
3iavA	148	1	A	158		GLU	1
3iavA	149	1	A	159		ILE	1
3iavA	150	1	A	160		PHE	1
3iavA	151	1	A	161		ARG	1
3iavA	152	1	A	162		ARG	1
3iavA	153	1	A	163		ASN	1
3iavA	154	1	A	164		THR	1
3iavA	155	1	A	165		HIS	1
3iavA	156	1	A	166		ALA	1
3iavA	157	1	A	167		SER	1
3iavA	158	1	A	168		GLY	1
3iavA	159	1	A	169		VAL	1
3iavA	160	1	A	170		ILE	1
3iavA	161	1	A	171		PRO	1
3iavA	162	1	A	172		GLN	1
3iavA	163	1	A	173		ILE	1
3iavA	164	1	A	174		SER	1
3iavA	165	1	A	175		LEU	1
3iavA	166	1	A	176		VAL	1
3iavA	167	1	A	177		VAL	1
3iavA	168	1	A	178		GLY	1
3iavA	169	1	A	179		PRO	1
3iavA	170	1	A	180		CYS	1
3iavA	171	1	A	181		ALA	1
3iavA	172	1	A	182		GLY	1
3iavA	173	1	A	183		GLY	1
3iavA	174	1	A	184		ALA	1
3iavA	175	1	A	185		VAL	1
3iavA	176	1	A	186		TYR	1
3iavA	177	1	A	187		SER	1
3iavA	178	1	A	188		PRO	1
3iavA	179	1	A	189		ALA	1
3iavA	180	1	A	190		ILE	1
3iavA	181	1	A	191		THR	1
3iavA	182	1	A	192		ASP	1
3iavA	183	1	A	193		PHE	1
3iavA	184	1	A	194		THR	1
3iavA	185	1	A	195		VAL	1
3iavA	186	1	A	196		MET	1
3iavA	187	1	A	197		VAL	1
3iavA	188	1	A	198		ASP	1
3iavA	189	1	A	199		GLN	1
3iavA	190	1	A	200		THR	1
3iavA	191	1	A	201		SER	1
3iavA	192	1	A	202		HIS	1
3iavA	193	1	A	203		MET	1
3iavA	194	1	A	204		PHE	1
3iavA	195	1	A	205		ILE	1
3iavA	196	1	A	206		THR	1
3iavA	197	1	A	207		GLY	1
3iavA	198	1	A	208		PRO	1
3iavA	199	1	A	209		ASP	1
3iavA	200	1	A	210		VAL	1
3iavA	201	1	A	211		ILE	1
3iavA	202	1	A	212		LYS	1
3iavA	203	1	A	213		THR	1
3iavA	204	1	A	214		VAL	1
3iavA	205	1	A	215		THR	1
3iavA	206	1	A	216		GLY	1
3iavA	207	1	A	217		GLU	1
3iavA	208	1	A	218		ASP	1
3iavA	209	1	A	219		VAL	1
3iavA	210	1	A	220		GLY	1
3iavA	211	1	A	221		PHE	1
3iavA	212	1	A	222		GLU	1
3iavA	213	1	A	223		GLU	1
3iavA	214	1	A	224		LEU	1
3iavA	215	1	A	225		GLY	1
3iavA	216	1	A	226		GLY	1
3iavA	217	1	A	227		ALA	1
3iavA	218	1	A	228		ARG	1
3iavA	219	1	A	229		THR	1
3iavA	220	1	A	230		HIS	1
3iavA	221	1	A	231		ASN	1
3iavA	222	1	A	232		SER	1
3iavA	223	1	A	233		THR	1
3iavA	224	1	A	234		SER	1
3iavA	225	1	A	235		GLY	1
3iavA	226	1	A	236		VAL	1
3iavA	227	1	A	237		ALA	1
3iavA	228	1	A	238		HIS	1
3iavA	229	1	A	239		HIS	1
3iavA	230	1	A	240		MET	1
3iavA	231	1	A	241		ALA	1
3iavA	232	1	A	242		GLY	1
3iavA	233	1	A	243		ASP	1
3iavA	234	1	A	244		GLU	1
3iavA	235	1	A	245		LYS	1
3iavA	236	1	A	246		ASP	1
3iavA	237	1	A	247		ALA	1
3iavA	238	1	A	248		VAL	1
3iavA	239	1	A	249		GLU	1
3iavA	240	1	A	250		TYR	1
3iavA	241	1	A	251		VAL	1
3iavA	242	1	A	252		LYS	1
3iavA	243	1	A	253		GLN	1
3iavA	244	1	A	254		LEU	1
3iavA	245	1	A	255		LEU	1
3iavA	246	1	A	256		SER	2
3iavA	247	1	A	257		TYR	2
3iavA	248	1	A	258		LEU	2
3iavA	249	1	A	259		PRO	2
3iavA	250	1	A	260		SER	2
3iavA	251	1	A	261		ASN	2
3iavA	252	1	A	262		ASN	2
3iavA	253	1	A	263		LEU	2
3iavA	254	1	A	264		SER	2
3iavA	255	1	A	265		GLU	2
3iavA	256	1	A	266		PRO	2
3iavA	257	1	A	267		PRO	2
3iavA	258	1	A	268		ALA	2
3iavA	259	1	A	269		PHE	2
3iavA	260	1	A	270		PRO	2
3iavA	261	1	A	271		GLU	2
3iavA	262	1	A	272		GLU	2
3iavA	263	1	A	273		ALA	2
3iavA	264	1	A	274		ASP	2
3iavA	265	1	A	275		LEU	2
3iavA	266	1	A	276		ALA	2
3iavA	267	1	A	277		VAL	2
3iavA	268	1	A	278		THR	2
3iavA	269	1	A	279		ASP	2
3iavA	270	1	A	280		GLU	2
3iavA	271	1	A	281		ASP	2
3iavA	272	1	A	282		ALA	2
3iavA	273	1	A	283		GLU	2
3iavA	274	1	A	284		LEU	2
3iavA	275	1	A	285		ASP	2
3iavA	276	1	A	286		THR	2
3iavA	277	1	A	287		ILE	2
3iavA	278	1	A	288		VAL	2
3iavA	279	1	A	289		PRO	2
3iavA	280	1	A	290		ASP	2
3iavA	281	1	A	291		SER	2
3iavA	282	1	A	292		ALA	2
3iavA	283	1	A	293		ASN	2
3iavA	284	1	A	294		GLN	2
3iavA	285	1	A	295		PRO	2
3iavA	286	1	A	296		TYR	2
3iavA	287	1	A	297		ASP	2
3iavA	288	1	A	298		MET	2
3iavA	289	1	A	299		HIS	2
3iavA	290	1	A	300		SER	2
3iavA	291	1	A	301		VAL	2
3iavA	292	1	A	302		ILE	2
3iavA	293	1	A	303		GLU	2
3iavA	294	1	A	304		HIS	2
3iavA	295	1	A	305		VAL	2
3iavA	296	1	A	306		LEU	2
3iavA	297	1	A	307		ASP	2
3iavA	298	1	A	308		ASP	2
3iavA	299	1	A	309		ALA	2
3iavA	300	1	A	310		GLU	2
3iavA	301	1	A	311		PHE	2
3iavA	302	1	A	312		PHE	2
3iavA	303	1	A	313		GLU	2
3iavA	304	1	A	314		THR	2
3iavA	305	1	A	315		GLN	2
3iavA	306	1	A	316		PRO	2
3iavA	307	1	A	317		LEU	2
3iavA	308	1	A	318		PHE	2
3iavA	309	1	A	319		ALA	2
3iavA	310	1	A	320		PRO	2
3iavA	311	1	A	321		ASN	2
3iavA	312	1	A	322		ILE	2
3iavA	313	1	A	323		LEU	2
3iavA	314	1	A	324		THR	2
3iavA	315	1	A	325		GLY	2
3iavA	316	1	A	326		PHE	2
3iavA	317	1	A	327		GLY	2
3iavA	318	1	A	328		ARG	2
3iavA	319	1	A	329		VAL	2
3iavA	320	1	A	330		GLU	2
3iavA	321	1	A	331		GLY	2
3iavA	322	1	A	332		ARG	2
3iavA	323	1	A	333		PRO	2
3iavA	324	1	A	334		VAL	2
3iavA	325	1	A	335		GLY	2
3iavA	326	1	A	336		ILE	2
3iavA	327	1	A	337		VAL	2
3iavA	328	1	A	338		ALA	2
3iavA	329	1	A	339		ASN	2
3iavA	330	1	A	340		GLN	2
3iavA	331	1	A	341		PRO	2
3iavA	332	1	A	342		MET	2
3iavA	333	1	A	343		GLN	2
3iavA	334	1	A	344		PHE	2
3iavA	335	1	A	345		ALA	2
3iavA	336	1	A	346		GLY	2
3iavA	337	1	A	347		CYS	2
3iavA	338	1	A	348		LEU	2
3iavA	339	1	A	349		ASP	2
3iavA	340	1	A	350		ILE	2
3iavA	341	1	A	351		THR	2
3iavA	342	1	A	352		ALA	2
3iavA	343	1	A	353		SER	2
3iavA	344	1	A	354		GLU	2
3iavA	345	1	A	355		LYS	2
3iavA	346	1	A	356		ALA	2
3iavA	347	1	A	357		ALA	2
3iavA	348	1	A	358		ARG	2
3iavA	349	1	A	359		PHE	2
3iavA	350	1	A	360		VAL	2
3iavA	351	1	A	361		ARG	2
3iavA	352	1	A	362		THR	2
3iavA	353	1	A	363		CYS	2
3iavA	354	1	A	364		ASP	2
3iavA	355	1	A	365		ALA	2
3iavA	356	1	A	366		PHE	2
3iavA	357	1	A	367		ASN	2
3iavA	358	1	A	368		VAL	2
3iavA	359	1	A	369		PRO	2
3iavA	360	1	A	370		VAL	2
3iavA	361	1	A	371		LEU	2
3iavA	362	1	A	372		THR	2
3iavA	363	1	A	373		PHE	2
3iavA	364	1	A	374		VAL	2
3iavA	365	1	A	375		ASP	2
3iavA	366	1	A	376		VAL	2
3iavA	367	1	A	377		PRO	2
3iavA	368	1	A	378		GLY	2
3iavA	369	1	A	379		PHE	2
3iavA	370	1	A	380		LEU	2
3iavA	371	1	A	381		PRO	2
3iavA	372	1	A	382		GLY	2
3iavA	373	1	A	383		VAL	2
3iavA	374	1	A	384		ASP	2
3iavA	375	1	A	385		GLN	2
3iavA	376	1	A	386		GLU	2
3iavA	377	1	A	387		HIS	2
3iavA	378	1	A	388		ASP	2
3iavA	379	1	A	389		GLY	2
3iavA	380	1	A	390		ILE	2
3iavA	381	1	A	391		ILE	2
3iavA	382	1	A	392		ARG	2
3iavA	383	1	A	393		ARG	2
3iavA	384	1	A	394		GLY	2
3iavA	385	1	A	395		ALA	2
3iavA	386	1	A	396		LYS	2
3iavA	387	1	A	397		LEU	2
3iavA	388	1	A	398		ILE	2
3iavA	389	1	A	399		PHE	2
3iavA	390	1	A	400		ALA	2
3iavA	391	1	A	401		TYR	2
3iavA	392	1	A	402		ALA	2
3iavA	393	1	A	403		GLU	2
3iavA	394	1	A	404		ALA	2
3iavA	395	1	A	405		THR	2
3iavA	396	1	A	406		VAL	2
3iavA	397	1	A	407		PRO	2
3iavA	398	1	A	408		LEU	2
3iavA	399	1	A	409		ILE	2
3iavA	400	1	A	410		THR	2
3iavA	401	1	A	411		VAL	2
3iavA	402	1	A	412		ILE	2
3iavA	403	1	A	413		THR	2
3iavA	404	1	A	414		ARG	2
3iavA	405	1	A	415		LYS	2
3iavA	406	1	A	416		ALA	2
3iavA	407	1	A	417		PHE	2
3iavA	408	1	A	418		GLY	2
3iavA	409	1	A	419		GLY	2
3iavA	410	1	A	420		ALA	2
3iavA	411	1	A	421		TYR	2
3iavA	412	1	A	422		VAL	2
3iavA	413	1	A	423		VAL	2
3iavA	414	1	A	424		MET	2
3iavA	415	1	A	425		GLY	2
3iavA	416	1	A	426		SER	2
3iavA	417	1	A	427		LYS	2
3iavA	418	1	A	428		HIS	2
3iavA	419	1	A	429		LEU	2
3iavA	420	1	A	430		GLY	2
3iavA	421	1	A	431		ALA	2
3iavA	422	1	A	432		ASP	2
3iavA	423	1	A	433		LEU	2
3iavA	424	1	A	434		ASN	2
3iavA	425	1	A	435		LEU	2
3iavA	426	1	A	436		ALA	2
3iavA	427	1	A	437		TRP	2
3iavA	428	1	A	438		PRO	2
3iavA	429	1	A	439		THR	2
3iavA	430	1	A	440		ALA	2
3iavA	431	1	A	441		GLN	2
3iavA	432	1	A	442		ILE	2
3iavA	433	1	A	443		ALA	3
3iavA	434	1	A	444		VAL	3
3iavA	435	1	A	445		MET	3
3iavA	436	1	A	446		GLY	3
3iavA	437	1	A	447		ALA	3
3iavA	438	1	A	448		GLN	3
3iavA	439	1	A	449		GLY	3
3iavA	440	1	A	450		ALA	3
3iavA	441	1	A	451		VAL	3
3iavA	442	1	A	452		ASN	3
3iavA	443	1	A	453		ILE	3
3iavA	444	1	A	454		LEU	3
3iavA	445	1	A	455		HIS	3
3iavA	446	1	A	456		ARG	3
3iavA	447	1	A	457		ARG	3
3iavA	448	1	A	458		THR	3
3iavA	449	1	A	459		ILE	3
3iavA	450	1	A	460		ALA	3
3iavA	451	1	A	461		ASP	3
3iavA	452	1	A	462		ALA	3
3iavA	453	1	A	463		GLY	3
3iavA	454	1	A	464		ASP	3
3iavA	455	1	A	465		ASP	3
3iavA	456	1	A	466		ALA	3
3iavA	457	1	A	467		GLU	3
3iavA	458	1	A	468		ALA	3
3iavA	459	1	A	469		THR	3
3iavA	460	1	A	470		ARG	3
3iavA	461	1	A	471		ALA	3
3iavA	462	1	A	472		ARG	3
3iavA	463	1	A	473		LEU	3
3iavA	464	1	A	474		ILE	3
3iavA	465	1	A	475		GLN	3
3iavA	466	1	A	476		GLU	3
3iavA	467	1	A	477		TYR	3
3iavA	468	1	A	478		GLU	3
3iavA	469	1	A	479		ASP	3
3iavA	470	1	A	480		ALA	3
3iavA	471	1	A	481		LEU	3
3iavA	472	1	A	482		LEU	3
3iavA	473	1	A	483		ASN	2
3iavA	474	1	A	484		PRO	2
3iavA	475	1	A	485		TYR	2
3iavA	476	1	A	486		THR	2
3iavA	477	1	A	487		ALA	2
3iavA	478	1	A	488		ALA	2
3iavA	479	1	A	489		GLU	2
3iavA	480	1	A	490		ARG	2
3iavA	481	1	A	491		GLY	2
3iavA	482	1	A	492		TYR	2
3iavA	483	1	A	493		VAL	2
3iavA	484	1	A	494		ASP	2
3iavA	485	1	A	495		ALA	2
3iavA	486	1	A	496		VAL	2
3iavA	487	1	A	497		ILE	2
3iavA	488	1	A	498		MET	2
3iavA	489	1	A	499		PRO	2
3iavA	490	1	A	500		SER	2
3iavA	491	1	A	501		ASP	2
3iavA	492	1	A	502		THR	2
3iavA	493	1	A	503		ARG	2
3iavA	494	1	A	504		ARG	2
3iavA	495	1	A	505		HIS	2
3iavA	496	1	A	506		ILE	2
3iavA	497	1	A	507		VAL	2
3iavA	498	1	A	508		ARG	2
3iavA	499	1	A	509		GLY	2
3iavA	500	1	A	510		LEU	2
3iavA	501	1	A	511		ARG	2
3iavA	502	1	A	512		GLN	2
3iavA	503	1	A	513		LEU	2
3iavA	504	1	A	514		ARG	2
3iavA	505	1	A	515		THR	2
3iavA	506	1	A	516		LYS	2
3iavA	507	1	A	517		ARG	2
3iavA	508	1	A	518		GLU	2
3iavA	509	1	A	519		SER	2
3iavA	510	1	A	520		LEU	2
3iavA	511	1	A	521		PRO	2
3iavA	512	1	A	522		PRO	2
3iavA	513	1	A	523		LYS	2
3iavA	514	1	A	524		LYS	2
3iavA	515	1	A	525		HIS	2
3iavA	516	1	A	526		GLY	2
3iavA	517	1	A	527		ASN	2
3iavA	518	1	A	528		ILE	2
3iavA	519	1	A	529		PRO	2
3iavA	520	1	A	530		LEU	2
1zavA	0	1	A	0		VAL	1
1zavA	1	1	A	1		MET	1
1zavA	2	1	A	2		LEU	1
1zavA	3	1	A	3		THR	1
1zavA	4	1	A	4		ARG	1
1zavA	5	1	A	5		GLN	1
1zavA	6	1	A	6		GLN	1
1zavA	7	1	A	7		LYS	1
1zavA	8	1	A	8		GLU	1
1zavA	9	1	A	9		LEU	1
1zavA	10	1	A	10		ILE	1
1zavA	11	1	A	11		VAL	1
1zavA	12	1	A	12		LYS	1
1zavA	13	1	A	13		GLU	1
1zavA	14	1	A	14		MET	1
1zavA	15	1	A	15		SER	1
1zavA	16	1	A	16		GLU	1
1zavA	17	1	A	17		ILE	1
1zavA	18	1	A	18		PHE	1
1zavA	19	1	A	19		LYS	1
1zavA	20	1	A	20		LYS	1
1zavA	21	1	A	21		THR	1
1zavA	22	1	A	22		SER	1
1zavA	23	1	A	23		LEU	1
1zavA	24	1	A	24		ILE	1
1zavA	25	1	A	25		LEU	1
1zavA	26	1	A	26		PHE	1
1zavA	27	1	A	27		ALA	1
1zavA	28	1	A	28		ASP	1
1zavA	29	1	A	29		PHE	1
1zavA	30	1	A	30		LEU	1
1zavA	31	1	A	31		GLY	1
1zavA	32	1	A	32		PHE	1
1zavA	33	1	A	33		THR	1
1zavA	34	1	A	34		VAL	1
1zavA	35	1	A	35		ALA	1
1zavA	36	1	A	36		ASP	1
1zavA	37	1	A	37		LEU	1
1zavA	38	1	A	38		THR	1
1zavA	39	1	A	39		GLU	1
1zavA	40	1	A	40		LEU	1
1zavA	41	1	A	41		ARG	1
1zavA	42	1	A	42		SER	1
1zavA	43	1	A	43		ARG	1
1zavA	44	1	A	44		LEU	1
1zavA	45	1	A	45		ARG	1
1zavA	46	1	A	46		GLU	1
1zavA	47	1	A	47		LYS	1
1zavA	48	1	A	48		TYR	1
1zavA	49	1	A	49		GLY	1
1zavA	50	1	A	50		ASP	1
1zavA	51	1	A	51		GLY	1
1zavA	52	1	A	52		ALA	1
1zavA	53	1	A	53		ARG	1
1zavA	54	1	A	54		PHE	1
1zavA	55	1	A	55		ARG	1
1zavA	56	1	A	56		VAL	1
1zavA	57	1	A	57		VAL	1
1zavA	58	1	A	58		LYS	1
1zavA	59	1	A	59		ASN	1
1zavA	60	1	A	60		THR	1
1zavA	61	1	A	61		LEU	1
1zavA	62	1	A	62		LEU	1
1zavA	63	1	A	63		ASN	1
1zavA	64	1	A	64		LEU	1
1zavA	65	1	A	65		ALA	1
1zavA	66	1	A	66		LEU	1
1zavA	67	1	A	67		LYS	1
1zavA	68	1	A	68		ASN	1
1zavA	69	1	A	69		ALA	1
1zavA	70	1	A	70		GLU	1
1zavA	71	1	A	71		TYR	1
1zavA	72	1	A	72		GLU	1
1zavA	73	1	A	73		GLY	1
1zavA	74	1	A	74		TYR	1
1zavA	75	1	A	75		GLU	1
1zavA	76	1	A	76		GLU	1
1zavA	77	1	A	77		PHE	1
1zavA	78	1	A	78		LEU	1
1zavA	79	1	A	79		LYS	1
1zavA	80	1	A	80		GLY	1
1zavA	81	1	A	81		PRO	1
1zavA	82	1	A	82		THR	1
1zavA	83	1	A	83		ALA	1
1zavA	84	1	A	84		VAL	1
1zavA	85	1	A	85		LEU	1
1zavA	86	1	A	86		TYR	1
1zavA	87	1	A	87		VAL	1
1zavA	88	1	A	88		THR	1
1zavA	89	1	A	89		GLU	1
1zavA	90	1	A	90		GLY	1
1zavA	91	1	A	91		ASP	1
1zavA	92	1	A	92		PRO	1
1zavA	93	1	A	93		VAL	1
1zavA	94	1	A	94		GLU	1
1zavA	95	1	A	95		ALA	1
1zavA	96	1	A	96		VAL	1
1zavA	97	1	A	97		LYS	1
1zavA	98	1	A	98		ILE	1
1zavA	99	1	A	99		ILE	1
1zavA	100	1	A	100		TYR	1
1zavA	101	1	A	101		ASN	1
1zavA	102	1	A	102		PHE	1
1zavA	103	1	A	103		TYR	1
1zavA	104	1	A	104		LYS	1
1zavA	105	1	A	105		ASP	1
1zavA	106	1	A	106		LYS	1
1zavA	107	1	A	107		LYS	1
1zavA	108	1	A	108		ALA	1
1zavA	109	1	A	109		ASP	1
1zavA	110	1	A	110		LEU	1
1zavA	111	1	A	111		SER	1
1zavA	112	1	A	112		ARG	1
1zavA	113	1	A	113		LEU	1
1zavA	114	1	A	114		LYS	1
1zavA	115	1	A	115		GLY	1
1zavA	116	1	A	116		GLY	1
1zavA	117	1	A	117		PHE	1
1zavA	118	1	A	118		LEU	1
1zavA	119	1	A	119		GLU	1
1zavA	120	1	A	120		GLY	1
1zavA	121	1	A	121		LYS	1
1zavA	122	1	A	122		LYS	1
1zavA	123	1	A	123		PHE	1
1zavA	124	1	A	124		THR	1
1zavA	125	1	A	125		ALA	1
1zavA	126	1	A	126		GLU	1
1zavA	127	1	A	127		GLU	1
1zavA	128	1	A	128		VAL	1
1zavA	129	1	A	129		GLU	1
1zavA	130	1	A	130		ASN	1
1zavA	131	1	A	131		ILE	1
1zavA	132	1	A	132		ALA	1
1zavA	133	1	A	133		LYS	1
1zavA	134	1	A	134		LEU	1
1zavA	135	1	A	135		PRO	0
1zavA	136	1	A	136		SER	0
1zavA	137	1	A	137		LYS	0
1zavA	138	1	A	138		GLU	0
1zavA	139	1	A	139		GLU	0
1zavA	140	1	A	140		LEU	0
1zavA	141	1	A	141		TYR	0
1zavA	142	1	A	142		ALA	0
1zavA	143	1	A	143		MET	0
1zavA	144	1	A	144		LEU	0
1zavA	145	1	A	145		VAL	0
1zavA	146	1	A	146		GLY	0
1zavA	147	1	A	147		ARG	0
1zavA	148	1	A	148		VAL	0
1zavA	149	1	A	149		LYS	0
1zavA	150	1	A	150		ALA	0
1zavA	151	1	A	151		PRO	0
1zavA	152	1	A	152		ILE	0
1zavA	153	1	A	153		THR	0
1zavA	154	1	A	154		GLY	0
1zavA	155	1	A	155		LEU	0
1zavA	156	1	A	156		VAL	0
1zavA	157	1	A	157		PHE	0
1zavA	158	1	A	158		ALA	0
1zavA	159	1	A	159		LEU	0
1zavA	160	1	A	160		SER	0
1zavA	161	1	A	161		GLY	0
1zavA	162	1	A	162		ILE	0
1zavA	163	1	A	163		LEU	0
1zavA	164	1	A	164		ARG	0
1zavA	165	1	A	165		ASN	0
1zavA	166	1	A	166		LEU	0
1zavA	167	1	A	167		VAL	0
1zavA	168	1	A	168		TYR	0
1zavA	169	1	A	169		VAL	0
1zavA	170	1	A	170		LEU	0
1zavA	171	1	A	171		ASN	0
1zavA	172	1	A	172		ALA	0
1zavA	173	1	A	173		ILE	0
1zavA	174	1	A	174		LYS	0
1zavA	175	1	A	175		GLU	0
1zavA	176	1	A	176		LYS	0
1zavA	177	1	A	177		LYS	0
5cecA	0	1	A	38		MET	1
5cecA	1	1	A	39		VAL	1
5cecA	2	1	A	40		TYR	1
5cecA	3	1	A	41		LEU	1
5cecA	4	1	A	42		ASN	1
5cecA	5	1	A	43		SER	1
5cecA	6	1	A	44		MET	1
5cecA	7	1	A	45		CYS	1
5cecA	8	1	A	46		HIS	1
5cecA	9	1	A	47		MET	1
5cecA	10	1	A	48		ALA	1
5cecA	11	1	A	49		ALA	1
5cecA	12	1	A	50		ASN	1
5cecA	13	1	A	51		SER	1
5cecA	14	1	A	52		LYS	1
5cecA	15	1	A	53		THR	1
5cecA	16	1	A	54		GLN	1
5cecA	17	1	A	55		GLN	1
5cecA	18	1	A	56		ILE	1
5cecA	19	1	A	57		GLN	1
5cecA	20	1	A	58		GLY	1
5cecA	21	1	A	59		ASP	1
5cecA	22	1	A	60		ASP	1
5cecA	23	1	A	61		ASN	1
5cecA	24	1	A	62		LYS	1
5cecA	25	1	A	63		ASP	1
5cecA	26	1	A	64		ASP	1
5cecA	27	1	A	65		LYS	1
5cecA	28	1	A	66		PHE	1
5cecA	29	1	A	67		PRO	1
5cecA	30	1	A	68		LEU	1
5cecA	31	1	A	69		ALA	1
5cecA	32	1	A	70		SER	1
5cecA	33	1	A	71		ILE	1
5cecA	34	1	A	72		SER	1
5cecA	35	1	A	73		LYS	1
5cecA	36	1	A	74		VAL	1
5cecA	37	1	A	75		VAL	1
5cecA	38	1	A	76		THR	1
5cecA	39	1	A	77		THR	1
5cecA	40	1	A	78		LEU	1
5cecA	41	1	A	79		TRP	1
5cecA	42	1	A	80		ALA	1
5cecA	43	1	A	81		VAL	1
5cecA	44	1	A	82		ASP	1
5cecA	45	1	A	83		ARG	1
5cecA	46	1	A	84		LEU	1
5cecA	47	1	A	85		GLY	1
5cecA	48	1	A	86		PRO	1
5cecA	49	1	A	87		ASP	1
5cecA	50	1	A	88		TYR	1
5cecA	51	1	A	89		ARG	1
5cecA	52	1	A	90		PHE	2
5cecA	53	1	A	91		LYS	2
5cecA	54	1	A	92		THR	2
5cecA	55	1	A	93		LYS	2
5cecA	56	1	A	94		LEU	2
5cecA	57	1	A	95		HIS	2
5cecA	58	1	A	96		VAL	2
5cecA	59	1	A	97		THR	2
5cecA	60	1	A	98		PRO	2
5cecA	61	1	A	99		THR	2
5cecA	62	1	A	100		ALA	2
5cecA	63	1	A	101		ASN	2
5cecA	64	1	A	102		GLY	2
5cecA	65	1	A	103		SER	2
5cecA	66	1	A	104		TYR	2
5cecA	67	1	A	105		ASP	2
5cecA	68	1	A	106		ILE	2
5cecA	69	1	A	107		HIS	2
5cecA	70	1	A	108		ILE	2
5cecA	71	1	A	109		GLU	2
5cecA	72	1	A	110		GLY	2
5cecA	73	1	A	111		SER	2
5cecA	74	1	A	112		ARG	2
5cecA	75	1	A	113		ASP	2
5cecA	76	1	A	114		PRO	2
5cecA	77	1	A	115		LEU	2
5cecA	78	1	A	116		PHE	2
5cecA	79	1	A	117		GLY	2
5cecA	80	1	A	118		ARG	2
5cecA	81	1	A	119		ASN	2
5cecA	82	1	A	120		MET	2
5cecA	83	1	A	121		SER	2
5cecA	84	1	A	122		TYR	2
5cecA	85	1	A	123		PHE	2
5cecA	86	1	A	124		LEU	2
5cecA	87	1	A	125		ILE	2
5cecA	88	1	A	126		SER	2
5cecA	89	1	A	127		GLU	2
5cecA	90	1	A	128		LEU	2
5cecA	91	1	A	129		ASN	2
5cecA	92	1	A	130		ARG	2
5cecA	93	1	A	131		MET	2
5cecA	94	1	A	132		LYS	2
5cecA	95	1	A	133		ILE	2
5cecA	96	1	A	134		THR	2
5cecA	97	1	A	135		LYS	2
5cecA	98	1	A	136		ILE	2
5cecA	99	1	A	137		GLU	2
5cecA	100	1	A	138		LYS	2
5cecA	101	1	A	139		LEU	2
5cecA	102	1	A	140		THR	2
5cecA	103	1	A	141		PHE	2
5cecA	104	1	A	142		ASP	2
5cecA	105	1	A	143		GLU	2
5cecA	106	1	A	144		ASN	2
5cecA	107	1	A	145		PHE	2
5cecA	108	1	A	146		LEU	2
5cecA	109	1	A	147		LEU	2
5cecA	110	1	A	148		ALA	2
5cecA	111	1	A	149		TRP	2
5cecA	112	1	A	150		LEU	2
5cecA	113	1	A	151		ALA	2
5cecA	114	1	A	152		GLU	2
5cecA	115	1	A	153		GLU	2
5cecA	116	1	A	154		LYS	2
5cecA	117	1	A	155		PRO	2
5cecA	118	1	A	156		MET	2
5cecA	119	1	A	157		ILE	2
5cecA	120	1	A	158		GLY	2
5cecA	121	1	A	159		GLY	2
5cecA	122	1	A	160		THR	2
5cecA	123	1	A	161		THR	2
5cecA	124	1	A	162		PRO	2
5cecA	125	1	A	163		LYS	2
5cecA	126	1	A	164		TYR	2
5cecA	127	1	A	165		ASP	2
5cecA	128	1	A	166		THR	2
5cecA	129	1	A	167		VAL	2
5cecA	130	1	A	168		GLU	2
5cecA	131	1	A	169		GLN	2
5cecA	132	1	A	170		GLN	2
5cecA	133	1	A	171		ALA	2
5cecA	134	1	A	172		SER	2
5cecA	135	1	A	173		ILE	2
5cecA	136	1	A	174		VAL	2
5cecA	137	1	A	175		ARG	2
5cecA	138	1	A	176		ALA	2
5cecA	139	1	A	177		THR	2
5cecA	140	1	A	178		LEU	2
5cecA	141	1	A	179		THR	2
5cecA	142	1	A	180		SER	2
5cecA	143	1	A	181		SER	2
5cecA	144	1	A	182		PHE	2
5cecA	145	1	A	183		ALA	2
5cecA	146	1	A	184		THR	2
5cecA	147	1	A	185		ALA	2
5cecA	148	1	A	186		ILE	2
5cecA	149	1	A	187		SER	2
5cecA	150	1	A	188		PRO	2
5cecA	151	1	A	189		GLY	2
5cecA	152	1	A	190		TYR	2
5cecA	153	1	A	191		TYR	2
5cecA	154	1	A	192		THR	2
5cecA	155	1	A	193		ILE	2
5cecA	156	1	A	194		LEU	2
5cecA	157	1	A	195		LYS	2
5cecA	158	1	A	196		THR	2
5cecA	159	1	A	197		LYS	2
5cecA	160	1	A	198		ALA	2
5cecA	161	1	A	199		ALA	2
5cecA	162	1	A	200		ARG	2
5cecA	163	1	A	201		ILE	2
5cecA	164	1	A	202		GLY	2
5cecA	165	1	A	203		VAL	2
5cecA	166	1	A	204		GLN	2
5cecA	167	1	A	205		MET	2
5cecA	168	1	A	206		SER	2
5cecA	169	1	A	207		ASN	2
5cecA	170	1	A	208		ARG	2
5cecA	171	1	A	209		PRO	2
5cecA	172	1	A	210		LYS	2
5cecA	173	1	A	211		ILE	2
5cecA	174	1	A	212		ASP	2
5cecA	175	1	A	213		VAL	2
5cecA	176	1	A	214		ARG	2
5cecA	177	1	A	215		THR	2
5cecA	178	1	A	216		ILE	2
5cecA	179	1	A	217		SER	2
5cecA	180	1	A	218		PHE	2
5cecA	181	1	A	219		VAL	2
5cecA	182	1	A	220		LYS	2
5cecA	183	1	A	221		LYS	2
5cecA	184	1	A	222		ALA	2
5cecA	185	1	A	223		GLU	2
5cecA	186	1	A	224		PHE	2
5cecA	187	1	A	225		GLN	2
5cecA	188	1	A	226		LYS	2
5cecA	189	1	A	227		ASN	2
5cecA	190	1	A	228		GLU	2
5cecA	191	1	A	229		LYS	2
5cecA	192	1	A	230		SER	2
5cecA	193	1	A	231		THR	2
5cecA	194	1	A	232		THR	2
5cecA	195	1	A	233		MET	2
5cecA	196	1	A	234		VAL	2
5cecA	197	1	A	235		LEU	2
5cecA	198	1	A	236		MET	2
5cecA	199	1	A	237		SER	2
5cecA	200	1	A	238		ALA	1
5cecA	201	1	A	239		PRO	1
5cecA	202	1	A	240		LEU	1
5cecA	203	1	A	241		LYS	1
5cecA	204	1	A	242		THR	1
5cecA	205	1	A	243		ILE	1
5cecA	206	1	A	244		LEU	1
5cecA	207	1	A	245		LYS	1
5cecA	208	1	A	246		ARG	1
5cecA	209	1	A	247		MET	1
5cecA	210	1	A	248		ASN	1
5cecA	211	1	A	249		ASN	1
5cecA	212	1	A	250		GLN	1
5cecA	213	1	A	251		SER	1
5cecA	214	1	A	252		ASN	1
5cecA	215	1	A	253		ASN	1
5cecA	216	1	A	254		TYR	1
5cecA	217	1	A	255		ILE	1
5cecA	218	1	A	256		ALA	1
5cecA	219	1	A	257		ASP	1
5cecA	220	1	A	258		ASN	1
5cecA	221	1	A	259		LEU	1
5cecA	222	1	A	260		TYR	1
5cecA	223	1	A	261		TRP	1
5cecA	224	1	A	262		ASN	1
5cecA	225	1	A	263		LEU	1
5cecA	226	1	A	264		GLY	1
5cecA	227	1	A	265		GLY	1
5cecA	228	1	A	266		THR	1
5cecA	229	1	A	267		GLU	1
5cecA	230	1	A	268		ALA	1
5cecA	231	1	A	269		PHE	1
5cecA	232	1	A	270		ASN	1
5cecA	233	1	A	271		ALA	1
5cecA	234	1	A	272		TYR	1
5cecA	235	1	A	273		ILE	1
5cecA	236	1	A	274		ALA	1
5cecA	237	1	A	275		GLY	1
5cecA	238	1	A	276		LYS	1
5cecA	239	1	A	277		MET	1
5cecA	240	1	A	278		GLN	1
5cecA	241	1	A	279		ALA	1
5cecA	242	1	A	280		ASP	1
5cecA	243	1	A	281		THR	1
5cecA	244	1	A	282		SER	1
5cecA	245	1	A	283		ASP	1
5cecA	246	1	A	284		ILE	1
5cecA	247	1	A	285		GLU	1
5cecA	248	1	A	286		PHE	1
5cecA	249	1	A	287		HIS	1
5cecA	250	1	A	288		ASN	1
5cecA	251	1	A	289		GLY	1
5cecA	252	1	A	290		SER	1
5cecA	253	1	A	291		GLY	1
5cecA	254	1	A	292		ASN	1
5cecA	255	1	A	293		ASN	1
5cecA	256	1	A	294		GLU	1
5cecA	257	1	A	295		GLY	1
5cecA	258	1	A	296		SER	1
5cecA	259	1	A	297		VAL	1
5cecA	260	1	A	298		ALA	1
5cecA	261	1	A	299		LYS	1
5cecA	262	1	A	300		PRO	1
5cecA	263	1	A	301		VAL	1
5cecA	264	1	A	302		TYR	1
5cecA	265	1	A	303		ASN	1
5cecA	266	1	A	304		GLU	1
5cecA	267	1	A	305		ALA	1
5cecA	268	1	A	306		THR	1
5cecA	269	1	A	307		CYS	1
5cecA	270	1	A	308		GLU	1
5cecA	271	1	A	309		MET	1
5cecA	272	1	A	310		MET	1
5cecA	273	1	A	311		ILE	1
5cecA	274	1	A	312		LYS	1
5cecA	275	1	A	313		VAL	1
5cecA	276	1	A	314		LEU	1
5cecA	277	1	A	315		TYR	1
5cecA	278	1	A	316		SER	1
5cecA	279	1	A	317		LEU	1
5cecA	280	1	A	318		ASP	1
5cecA	281	1	A	319		LYS	1
5cecA	282	1	A	320		SER	1
5cecA	283	1	A	321		LEU	1
5cecA	284	1	A	322		SER	1
5cecA	285	1	A	323		ALA	1
5cecA	286	1	A	324		LYS	1
5cecA	287	1	A	325		GLY	1
5cecA	288	1	A	326		TYR	1
5cecA	289	1	A	327		ASP	1
5cecA	290	1	A	328		LEU	1
5cecA	291	1	A	329		SER	1
5cecA	292	1	A	330		ASP	1
5cecA	293	1	A	331		VAL	1
5cecA	294	1	A	332		MET	1
5cecA	295	1	A	333		ALA	1
5cecA	296	1	A	334		VAL	1
5cecA	297	1	A	335		ALA	1
5cecA	298	1	A	336		ALA	1
5cecA	299	1	A	337		LYS	1
5cecA	300	1	A	338		ASP	1
5cecA	301	1	A	339		LYS	1
5cecA	302	1	A	340		ALA	1
5cecA	303	1	A	341		SER	1
5cecA	304	1	A	342		THR	1
5cecA	305	1	A	343		VAL	1
5cecA	306	1	A	344		GLY	1
5cecA	307	1	A	345		SER	1
5cecA	308	1	A	346		TYR	1
5cecA	309	1	A	347		GLY	1
5cecA	310	1	A	348		GLY	1
5cecA	311	1	A	349		VAL	1
5cecA	312	1	A	350		MET	1
5cecA	313	1	A	351		ALA	1
5cecA	314	1	A	352		GLY	1
5cecA	315	1	A	353		SER	1
5cecA	316	1	A	354		THR	1
5cecA	317	1	A	355		THR	1
5cecA	318	1	A	356		ALA	1
5cecA	319	1	A	357		LYS	1
5cecA	320	1	A	358		THR	1
5cecA	321	1	A	359		GLY	1
5cecA	322	1	A	360		SER	1
5cecA	323	1	A	361		VAL	1
5cecA	324	1	A	362		ASN	1
5cecA	325	1	A	363		LYS	1
5cecA	326	1	A	364		ALA	1
5cecA	327	1	A	365		LYS	1
5cecA	328	1	A	366		THR	1
5cecA	329	1	A	367		LEU	1
5cecA	330	1	A	368		MET	1
5cecA	331	1	A	369		GLY	1
5cecA	332	1	A	370		SER	1
5cecA	333	1	A	371		VAL	1
5cecA	334	1	A	372		SER	1
5cecA	335	1	A	373		THR	1
5cecA	336	1	A	374		LYS	1
5cecA	337	1	A	375		ASN	1
5cecA	338	1	A	376		GLY	1
5cecA	339	1	A	377		GLU	1
5cecA	340	1	A	378		ILE	1
5cecA	341	1	A	379		TYR	1
5cecA	342	1	A	380		PHE	1
5cecA	343	1	A	381		ALA	1
5cecA	344	1	A	382		VAL	1
5cecA	345	1	A	383		LEU	1
5cecA	346	1	A	384		MET	1
5cecA	347	1	A	385		HIS	1
5cecA	348	1	A	386		THR	1
5cecA	349	1	A	387		ASP	1
5cecA	350	1	A	388		TYR	1
5cecA	351	1	A	389		ASP	1
5cecA	352	1	A	390		LYS	1
5cecA	353	1	A	391		SER	1
5cecA	354	1	A	392		ARG	1
5cecA	355	1	A	393		SER	1
5cecA	356	1	A	394		ASP	1
5cecA	357	1	A	395		TRP	1
5cecA	358	1	A	396		GLY	1
5cecA	359	1	A	397		VAL	1
5cecA	360	1	A	398		ALA	1
5cecA	361	1	A	399		SER	1
5cecA	362	1	A	400		GLN	1
5cecA	363	1	A	401		GLN	1
5cecA	364	1	A	402		ILE	1
5cecA	365	1	A	403		LYS	1
5cecA	366	1	A	404		ASN	1
5cecA	367	1	A	405		LYS	1
5cecA	368	1	A	406		VAL	1
5cecA	369	1	A	407		SER	1
5cecA	370	1	A	408		GLN	1
5cecA	371	1	A	409		LEU	1
5cecA	372	1	A	410		ILE	1
5cecA	373	1	A	411		ASN	1
5cecA	374	1	A	412		GLN	1
5cecA	375	1	A	413		ASN	1
5cecA	376	1	A	414		GLY	1
5cecA	377	1	A	415		GLY	1
5cecA	378	1	A	416		PRO	1
5cecA	379	1	A	417		LYS	1
5cecA	380	1	A	418		ALA	1
5cecA	381	1	A	419		ILE	1
5cecA	382	1	A	420		LYS	1
5cecA	383	1	A	421		TYR	1
5cecA	384	1	A	422		THR	1
5cecA	385	1	A	423		GLU	1
5cecA	386	1	A	424		GLN	1
5cecA	387	1	A	425		LEU	1
5cecA	388	1	A	426		PRO	1
5cecA	389	1	A	427		LEU	1
5cecA	390	1	A	428		PRO	1
5cecA	391	1	A	429		PHE	2
5cecA	392	1	A	430		ASP	2
5cecA	393	1	A	431		LYS	2
5cecA	394	1	A	432		TYR	2
5cecA	395	1	A	433		SER	2
5cecA	396	1	A	434		TYR	2
5cecA	397	1	A	435		LEU	2
5cecA	398	1	A	436		THR	2
5cecA	399	1	A	437		LYS	2
5cecA	400	1	A	438		ALA	2
3mvgA	0	1	A	1		ILE	1
3mvgA	1	1	A	2		GLU	1
3mvgA	2	1	A	3		THR	1
3mvgA	3	1	A	4		VAL	1
3mvgA	4	1	A	5		GLU	1
3mvgA	5	1	A	6		PHE	1
3mvgA	6	1	A	7		ARG	1
3mvgA	7	1	A	8		VAL	1
3mvgA	8	1	A	9		THR	1
3mvgA	9	1	A	10		GLY	1
3mvgA	10	1	A	11		THR	1
3mvgA	11	1	A	12		THR	1
3mvgA	12	1	A	13		ARG	1
3mvgA	13	1	A	14		ARG	1
3mvgA	14	1	A	15		SER	1
3mvgA	15	1	A	16		TYR	1
3mvgA	16	1	A	17		SER	1
3mvgA	17	1	A	18		ASP	1
3mvgA	18	1	A	19		PHE	1
3mvgA	19	1	A	20		LEU	1
3mvgA	20	1	A	21		GLN	1
3mvgA	21	1	A	22		ASN	1
3mvgA	22	1	A	23		LEU	1
3mvgA	23	1	A	24		ARG	1
3mvgA	24	1	A	25		ASN	1
3mvgA	25	1	A	26		ARG	1
3mvgA	26	1	A	27		LEU	1
3mvgA	27	1	A	28		SER	1
3mvgA	28	1	A	29		SER	1
3mvgA	29	1	A	30		GLY	1
3mvgA	30	1	A	31		THR	1
3mvgA	31	1	A	32		SER	1
3mvgA	32	1	A	33		VAL	1
3mvgA	33	1	A	34		HIS	1
3mvgA	34	1	A	35		ASP	1
3mvgA	35	1	A	36		ILE	1
3mvgA	36	1	A	37		PRO	1
3mvgA	37	1	A	38		LEU	1
3mvgA	38	1	A	39		LEU	1
3mvgA	39	1	A	40		PRO	1
3mvgA	40	1	A	41		ALA	1
3mvgA	41	1	A	42		GLN	1
3mvgA	42	1	A	43		SER	1
3mvgA	43	1	A	44		GLY	1
3mvgA	44	1	A	45		SER	1
3mvgA	45	1	A	46		GLN	1
3mvgA	46	1	A	47		GLN	1
3mvgA	47	1	A	48		ASP	1
3mvgA	48	1	A	49		LEU	1
3mvgA	49	1	A	50		LEU	1
3mvgA	50	1	A	51		PHE	1
3mvgA	51	1	A	52		VAL	1
3mvgA	52	1	A	53		ARG	1
3mvgA	53	1	A	54		LEU	1
3mvgA	54	1	A	55		PHE	1
3mvgA	55	1	A	56		ASP	1
3mvgA	56	1	A	57		TRP	1
3mvgA	57	1	A	58		GLY	1
3mvgA	58	1	A	59		ASN	1
3mvgA	59	1	A	60		ARG	1
3mvgA	60	1	A	61		PRO	1
3mvgA	61	1	A	62		ILE	1
3mvgA	62	1	A	63		THR	1
3mvgA	63	1	A	64		LEU	1
3mvgA	64	1	A	65		VAL	1
3mvgA	65	1	A	66		LEU	1
3mvgA	66	1	A	67		ASN	1
3mvgA	67	1	A	68		ARG	1
3mvgA	68	1	A	69		VAL	1
3mvgA	69	1	A	70		ASN	1
3mvgA	70	1	A	71		ALA	1
3mvgA	71	1	A	72		TYR	1
3mvgA	72	1	A	73		VAL	1
3mvgA	73	1	A	74		VAL	1
3mvgA	74	1	A	75		ALA	1
3mvgA	75	1	A	76		TYR	1
3mvgA	76	1	A	77		GLN	1
3mvgA	77	1	A	78		ALA	1
3mvgA	78	1	A	79		GLN	1
3mvgA	79	1	A	80		ASN	1
3mvgA	80	1	A	81		ARG	1
3mvgA	81	1	A	82		PHE	1
3mvgA	82	1	A	83		TYR	1
3mvgA	83	1	A	84		LEU	1
3mvgA	84	1	A	85		LEU	1
3mvgA	85	1	A	86		SER	1
3mvgA	86	1	A	87		ASP	1
3mvgA	87	1	A	88		THR	1
3mvgA	88	1	A	89		PRO	1
3mvgA	89	1	A	90		ALA	1
3mvgA	90	1	A	91		ASN	1
3mvgA	91	1	A	92		PRO	1
3mvgA	92	1	A	93		GLN	1
3mvgA	93	1	A	94		VAL	1
3mvgA	94	1	A	95		TYR	1
3mvgA	95	1	A	96		GLY	1
3mvgA	96	1	A	97		ASN	1
3mvgA	97	1	A	98		ASN	1
3mvgA	98	1	A	99		PRO	1
3mvgA	99	1	A	100		HIS	1
3mvgA	100	1	A	101		ARG	1
3mvgA	101	1	A	102		LEU	1
3mvgA	102	1	A	103		THR	1
3mvgA	103	1	A	104		PHE	1
3mvgA	104	1	A	105		THR	1
3mvgA	105	1	A	106		GLY	1
3mvgA	106	1	A	107		SER	1
3mvgA	107	1	A	108		TYR	1
3mvgA	108	1	A	109		GLY	1
3mvgA	109	1	A	110		ALA	1
3mvgA	110	1	A	111		LEU	1
3mvgA	111	1	A	112		GLN	1
3mvgA	112	1	A	113		ASN	1
3mvgA	113	1	A	114		VAL	1
3mvgA	114	1	A	115		ALA	1
3mvgA	115	1	A	116		LYS	1
3mvgA	116	1	A	117		SER	1
3mvgA	117	1	A	118		ASN	1
3mvgA	118	1	A	119		ARG	1
3mvgA	119	1	A	120		GLU	1
3mvgA	120	1	A	121		ASN	1
3mvgA	121	1	A	122		ILE	1
3mvgA	122	1	A	123		ASP	1
3mvgA	123	1	A	124		LEU	1
3mvgA	124	1	A	125		GLY	1
3mvgA	125	1	A	126		ILE	1
3mvgA	126	1	A	127		ASN	1
3mvgA	127	1	A	128		PRO	1
3mvgA	128	1	A	129		LEU	1
3mvgA	129	1	A	130		ALA	1
3mvgA	130	1	A	131		THR	1
3mvgA	131	1	A	132		ALA	1
3mvgA	132	1	A	133		ILE	1
3mvgA	133	1	A	134		THR	1
3mvgA	134	1	A	135		THR	1
3mvgA	135	1	A	136		LEU	1
3mvgA	136	1	A	137		HIS	1
3mvgA	137	1	A	138		ASN	1
3mvgA	138	1	A	139		TRP	1
3mvgA	139	1	A	140		SER	1
3mvgA	140	1	A	141		PRO	1
3mvgA	141	1	A	142		PRO	1
3mvgA	142	1	A	143		THR	1
3mvgA	143	1	A	144		VAL	1
3mvgA	144	1	A	145		GLU	1
3mvgA	145	1	A	146		THR	1
3mvgA	146	1	A	147		SER	1
3mvgA	147	1	A	148		VAL	1
3mvgA	148	1	A	149		ALA	1
3mvgA	149	1	A	150		ARG	1
3mvgA	150	1	A	151		SER	1
3mvgA	151	1	A	152		LEU	1
3mvgA	152	1	A	153		ILE	1
3mvgA	153	1	A	154		VAL	1
3mvgA	154	1	A	155		LEU	1
3mvgA	155	1	A	156		ILE	1
3mvgA	156	1	A	157		GLN	1
3mvgA	157	1	A	158		LEU	1
3mvgA	158	1	A	159		VAL	1
3mvgA	159	1	A	160		SER	1
3mvgA	160	1	A	161		GLU	1
3mvgA	161	1	A	162		THR	1
3mvgA	162	1	A	163		ALA	1
3mvgA	163	1	A	164		ARG	1
3mvgA	164	1	A	165		PHE	1
3mvgA	165	1	A	166		ARG	1
3mvgA	166	1	A	167		ALA	1
3mvgA	167	1	A	168		ILE	1
3mvgA	168	1	A	169		GLU	1
3mvgA	169	1	A	170		GLN	1
3mvgA	170	1	A	171		ARG	1
3mvgA	171	1	A	172		VAL	1
3mvgA	172	1	A	173		THR	1
3mvgA	173	1	A	174		ASN	1
3mvgA	174	1	A	175		ASN	1
3mvgA	175	1	A	176		ILE	1
3mvgA	176	1	A	177		ILE	1
3mvgA	177	1	A	178		ASP	1
3mvgA	178	1	A	179		GLN	1
3mvgA	179	1	A	180		VAL	1
3mvgA	180	1	A	181		THR	1
3mvgA	181	1	A	182		PRO	1
3mvgA	182	1	A	183		ILE	1
3mvgA	183	1	A	184		ARG	1
3mvgA	184	1	A	185		TYR	1
3mvgA	185	1	A	186		ASP	1
3mvgA	186	1	A	187		ASN	1
3mvgA	187	1	A	188		PHE	1
3mvgA	188	1	A	189		ARG	1
3mvgA	189	1	A	190		PRO	1
3mvgA	190	1	A	191		ARG	1
3mvgA	191	1	A	192		VAL	1
3mvgA	192	1	A	193		GLY	1
3mvgA	193	1	A	194		ILE	1
3mvgA	194	1	A	195		ILE	1
3mvgA	195	1	A	196		ASP	1
3mvgA	196	1	A	197		LEU	1
3mvgA	197	1	A	198		GLN	1
3mvgA	198	1	A	199		THR	1
3mvgA	199	1	A	200		ASN	1
3mvgA	200	1	A	201		TRP	1
3mvgA	201	1	A	202		GLN	1
3mvgA	202	1	A	203		THR	1
3mvgA	203	1	A	204		LEU	1
3mvgA	204	1	A	205		SER	1
3mvgA	205	1	A	206		THR	1
3mvgA	206	1	A	207		GLU	1
3mvgA	207	1	A	208		VAL	1
3mvgA	208	1	A	209		GLN	1
3mvgA	209	1	A	210		ARG	1
3mvgA	210	1	A	211		ALA	1
3mvgA	211	1	A	212		GLU	1
3mvgA	212	1	A	213		GLY	1
3mvgA	213	1	A	214		GLY	1
3mvgA	214	1	A	215		ARG	1
3mvgA	215	1	A	216		PHE	1
3mvgA	216	1	A	217		LEU	1
3mvgA	217	1	A	218		GLN	1
3mvgA	218	1	A	219		PRO	1
3mvgA	219	1	A	220		VAL	1
3mvgA	220	1	A	221		LYS	1
3mvgA	221	1	A	222		LEU	1
3mvgA	222	1	A	223		GLN	1
3mvgA	223	1	A	224		VAL	1
3mvgA	224	1	A	225		SER	1
3mvgA	225	1	A	226		VAL	1
3mvgA	226	1	A	227		GLN	1
3mvgA	227	1	A	228		GLN	1
3mvgA	228	1	A	229		THR	1
3mvgA	229	1	A	230		VAL	1
3mvgA	230	1	A	231		VAL	1
3mvgA	231	1	A	232		ILE	1
3mvgA	232	1	A	233		SER	1
3mvgA	233	1	A	234		ASP	1
3mvgA	234	1	A	235		VAL	1
3mvgA	235	1	A	236		GLU	1
3mvgA	236	1	A	237		LYS	1
3mvgA	237	1	A	238		ALA	1
3mvgA	238	1	A	239		ARG	1
3mvgA	239	1	A	240		THR	1
3mvgA	240	1	A	241		PHE	1
3mvgA	241	1	A	242		CYS	1
3mvgA	242	1	A	243		GLY	1
3mvgA	243	1	A	244		LEU	1
3mvgA	244	1	A	245		ALA	1
3mvgA	245	1	A	246		LEU	1
3mvgA	246	1	A	247		LEU	1
3mvgA	247	1	A	248		LEU	1
3mvgA	248	1	A	249		ARG	1
3mvgA	249	1	A	250		TRP	1
3mvgA	250	1	A	251		ARG	1
3u62A	0	1	A	1		MET	1
3u62A	1	1	A	2		LYS	1
3u62A	2	1	A	3		PHE	1
3u62A	3	1	A	4		CYS	1
3u62A	4	1	A	5		ILE	1
3u62A	5	1	A	6		ILE	1
3u62A	6	1	A	7		GLY	1
3u62A	7	1	A	8		TYR	1
3u62A	8	1	A	9		PRO	1
3u62A	9	1	A	10		VAL	1
3u62A	10	1	A	11		ARG	1
3u62A	11	1	A	12		HIS	1
3u62A	12	1	A	13		SER	1
3u62A	13	1	A	14		ILE	1
3u62A	14	1	A	15		SER	1
3u62A	15	1	A	16		PRO	1
3u62A	16	1	A	17		ARG	1
3u62A	17	1	A	18		LEU	1
3u62A	18	1	A	19		TYR	1
3u62A	19	1	A	20		ASN	1
3u62A	20	1	A	21		GLU	1
3u62A	21	1	A	22		TYR	1
3u62A	22	1	A	23		PHE	1
3u62A	23	1	A	24		LYS	1
3u62A	24	1	A	25		ARG	1
3u62A	25	1	A	26		ALA	1
3u62A	26	1	A	27		GLY	1
3u62A	27	1	A	28		MET	1
3u62A	28	1	A	29		ASN	1
3u62A	29	1	A	30		HIS	1
3u62A	30	1	A	31		SER	1
3u62A	31	1	A	32		TYR	1
3u62A	32	1	A	33		GLY	1
3u62A	33	1	A	34		MET	1
3u62A	34	1	A	35		GLU	1
3u62A	35	1	A	36		GLU	1
3u62A	36	1	A	37		ILE	1
3u62A	37	1	A	38		PRO	1
3u62A	38	1	A	39		PRO	1
3u62A	39	1	A	40		GLU	1
3u62A	40	1	A	41		SER	1
3u62A	41	1	A	42		PHE	1
3u62A	42	1	A	43		ASP	1
3u62A	43	1	A	44		THR	1
3u62A	44	1	A	45		GLU	1
3u62A	45	1	A	46		ILE	1
3u62A	46	1	A	47		ARG	1
3u62A	47	1	A	48		ARG	1
3u62A	48	1	A	49		ILE	1
3u62A	49	1	A	50		LEU	1
3u62A	50	1	A	51		GLU	1
3u62A	51	1	A	52		GLU	1
3u62A	52	1	A	53		TYR	1
3u62A	53	1	A	54		ASP	1
3u62A	54	1	A	55		GLY	1
3u62A	55	1	A	56		PHE	1
3u62A	56	1	A	57		ASN	1
3u62A	57	1	A	58		ALA	1
3u62A	58	1	A	59		THR	1
3u62A	59	1	A	60		ILE	1
3u62A	60	1	A	61		PRO	1
3u62A	61	1	A	62		HIS	1
3u62A	62	1	A	63		LYS	1
3u62A	63	1	A	64		GLU	1
3u62A	64	1	A	65		ARG	1
3u62A	65	1	A	66		VAL	1
3u62A	66	1	A	67		MET	1
3u62A	67	1	A	68		ARG	1
3u62A	68	1	A	69		TYR	1
3u62A	69	1	A	70		VAL	1
3u62A	70	1	A	71		GLU	1
3u62A	71	1	A	72		PRO	1
3u62A	72	1	A	73		SER	1
3u62A	73	1	A	74		GLU	1
3u62A	74	1	A	75		ASP	1
3u62A	75	1	A	76		ALA	1
3u62A	76	1	A	77		GLN	1
3u62A	77	1	A	78		ARG	1
3u62A	78	1	A	79		ILE	1
3u62A	79	1	A	80		LYS	1
3u62A	80	1	A	81		ALA	1
3u62A	81	1	A	82		VAL	1
3u62A	82	1	A	83		ASN	1
3u62A	83	1	A	84		CYS	1
3u62A	84	1	A	85		VAL	1
3u62A	85	1	A	86		PHE	1
3u62A	86	1	A	87		ARG	1
3u62A	87	1	A	88		GLY	1
3u62A	88	1	A	89		LYS	1
3u62A	89	1	A	90		GLY	1
3u62A	90	1	A	91		TYR	1
3u62A	91	1	A	92		ASN	1
3u62A	92	1	A	93		THR	1
3u62A	93	1	A	94		ASP	1
3u62A	94	1	A	95		TRP	2
3u62A	95	1	A	96		VAL	2
3u62A	96	1	A	97		GLY	2
3u62A	97	1	A	98		VAL	2
3u62A	98	1	A	99		VAL	2
3u62A	99	1	A	100		LYS	2
3u62A	100	1	A	101		SER	2
3u62A	101	1	A	102		LEU	2
3u62A	102	1	A	103		GLU	2
3u62A	103	1	A	104		GLY	2
3u62A	104	1	A	105		VAL	2
3u62A	105	1	A	106		GLU	2
3u62A	106	1	A	107		VAL	2
3u62A	107	1	A	108		LYS	2
3u62A	108	1	A	109		GLU	2
3u62A	109	1	A	110		PRO	2
3u62A	110	1	A	111		VAL	2
3u62A	111	1	A	112		VAL	2
3u62A	112	1	A	113		VAL	2
3u62A	113	1	A	114		VAL	2
3u62A	114	1	A	115		GLY	2
3u62A	115	1	A	116		ALA	2
3u62A	116	1	A	117		GLY	2
3u62A	117	1	A	118		GLY	2
3u62A	118	1	A	119		ALA	2
3u62A	119	1	A	120		ALA	2
3u62A	120	1	A	121		ARG	2
3u62A	121	1	A	122		ALA	2
3u62A	122	1	A	123		VAL	2
3u62A	123	1	A	124		ILE	2
3u62A	124	1	A	125		TYR	2
3u62A	125	1	A	126		ALA	2
3u62A	126	1	A	127		LEU	2
3u62A	127	1	A	128		LEU	2
3u62A	128	1	A	129		GLN	2
3u62A	129	1	A	130		MET	2
3u62A	130	1	A	131		GLY	2
3u62A	131	1	A	132		VAL	2
3u62A	132	1	A	133		LYS	2
3u62A	133	1	A	134		ASP	2
3u62A	134	1	A	135		ILE	2
3u62A	135	1	A	136		TRP	2
3u62A	136	1	A	137		VAL	2
3u62A	137	1	A	138		VAL	2
3u62A	138	1	A	139		ASN	2
3u62A	139	1	A	140		ARG	2
3u62A	140	1	A	141		THR	2
3u62A	141	1	A	142		ILE	2
3u62A	142	1	A	143		GLU	2
3u62A	143	1	A	144		ARG	2
3u62A	144	1	A	145		ALA	2
3u62A	145	1	A	146		LYS	2
3u62A	146	1	A	147		ALA	2
3u62A	147	1	A	148		LEU	2
3u62A	148	1	A	149		ASP	2
3u62A	149	1	A	150		PHE	2
3u62A	150	1	A	151		PRO	2
3u62A	151	1	A	152		VAL	2
3u62A	152	1	A	153		LYS	2
3u62A	153	1	A	154		ILE	2
3u62A	154	1	A	155		PHE	2
3u62A	155	1	A	156		SER	2
3u62A	156	1	A	157		LEU	2
3u62A	157	1	A	158		ASP	2
3u62A	158	1	A	159		GLN	2
3u62A	159	1	A	160		LEU	2
3u62A	160	1	A	161		ASP	2
3u62A	161	1	A	162		GLU	2
3u62A	162	1	A	163		VAL	2
3u62A	163	1	A	164		VAL	2
3u62A	164	1	A	165		LYS	2
3u62A	165	1	A	166		LYS	2
3u62A	166	1	A	167		ALA	2
3u62A	167	1	A	168		LYS	2
3u62A	168	1	A	169		SER	2
3u62A	169	1	A	170		LEU	2
3u62A	170	1	A	171		PHE	2
3u62A	171	1	A	172		ASN	2
3u62A	172	1	A	173		THR	2
3u62A	173	1	A	174		THR	2
3u62A	174	1	A	175		SER	2
3u62A	175	1	A	176		VAL	2
3u62A	176	1	A	177		GLY	2
3u62A	177	1	A	178		MET	2
3u62A	178	1	A	179		LYS	2
3u62A	179	1	A	180		GLY	2
3u62A	180	1	A	181		GLU	2
3u62A	181	1	A	182		GLU	2
3u62A	182	1	A	183		LEU	2
3u62A	183	1	A	184		PRO	2
3u62A	184	1	A	185		VAL	2
3u62A	185	1	A	186		SER	2
3u62A	186	1	A	187		ASP	2
3u62A	187	1	A	188		ASP	2
3u62A	188	1	A	189		SER	2
3u62A	189	1	A	190		LEU	2
3u62A	190	1	A	191		LYS	2
3u62A	191	1	A	192		ASN	2
3u62A	192	1	A	193		LEU	2
3u62A	193	1	A	194		SER	2
3u62A	194	1	A	195		LEU	2
3u62A	195	1	A	196		VAL	2
3u62A	196	1	A	197		TYR	2
3u62A	197	1	A	198		ASP	2
3u62A	198	1	A	199		VAL	2
3u62A	199	1	A	200		ILE	2
3u62A	200	1	A	201		TYR	2
3u62A	201	1	A	202		PHE	2
3u62A	202	1	A	203		ASP	2
3u62A	203	1	A	204		THR	2
3u62A	204	1	A	205		PRO	2
3u62A	205	1	A	206		LEU	2
3u62A	206	1	A	207		VAL	2
3u62A	207	1	A	208		VAL	2
3u62A	208	1	A	209		LYS	2
3u62A	209	1	A	210		ALA	2
3u62A	210	1	A	211		ARG	2
3u62A	211	1	A	212		LYS	2
3u62A	212	1	A	213		LEU	2
3u62A	213	1	A	214		GLY	2
3u62A	214	1	A	215		VAL	2
3u62A	215	1	A	216		LYS	2
3u62A	216	1	A	217		HIS	2
3u62A	217	1	A	218		ILE	2
3u62A	218	1	A	219		ILE	2
3u62A	219	1	A	220		LYS	2
3u62A	220	1	A	221		GLY	2
3u62A	221	1	A	222		ASN	2
3u62A	222	1	A	223		LEU	2
3u62A	223	1	A	224		MET	1
3u62A	224	1	A	225		PHE	1
3u62A	225	1	A	226		TYR	1
3u62A	226	1	A	227		TYR	1
3u62A	227	1	A	228		GLN	1
3u62A	228	1	A	229		ALA	1
3u62A	229	1	A	230		MET	1
3u62A	230	1	A	231		GLU	1
3u62A	231	1	A	232		ASN	1
3u62A	232	1	A	233		LEU	1
3u62A	233	1	A	234		LYS	1
3u62A	234	1	A	235		ILE	1
3u62A	235	1	A	236		TRP	1
3u62A	236	1	A	237		GLY	1
3u62A	237	1	A	238		ILE	1
3u62A	238	1	A	239		TYR	1
3u62A	239	1	A	240		ASP	1
3u62A	240	1	A	241		GLU	1
3u62A	241	1	A	242		GLU	1
3u62A	242	1	A	243		VAL	1
3u62A	243	1	A	244		PHE	1
3u62A	244	1	A	245		LYS	1
3u62A	245	1	A	246		GLU	1
3u62A	246	1	A	247		VAL	1
3u62A	247	1	A	248		PHE	1
3u62A	248	1	A	249		GLY	1
3u62A	249	1	A	250		GLU	1
3u62A	250	1	A	251		VAL	1
3u62A	251	1	A	252		LEU	1
3u62A	252	1	A	253		LYS	1
2bhgA	0	1	A	7		ASP	1
2bhgA	1	1	A	8		LEU	1
2bhgA	2	1	A	9		GLN	1
2bhgA	3	1	A	10		LYS	1
2bhgA	4	1	A	11		MSE	1
2bhgA	5	1	A	12		VAL	1
2bhgA	6	1	A	13		MSE	1
2bhgA	7	1	A	14		GLY	1
2bhgA	8	1	A	15		ASN	1
2bhgA	9	1	A	16		THR	1
2bhgA	10	1	A	17		LYS	1
2bhgA	11	1	A	18		PRO	1
2bhgA	12	1	A	19		VAL	1
2bhgA	13	1	A	20		GLU	1
2bhgA	14	1	A	21		LEU	1
2bhgA	15	1	A	22		ASN	1
2bhgA	16	1	A	23		LEU	1
2bhgA	17	1	A	24		ASP	1
2bhgA	18	1	A	25		GLY	1
2bhgA	19	1	A	26		LYS	1
2bhgA	20	1	A	27		THR	1
2bhgA	21	1	A	28		VAL	1
2bhgA	22	1	A	29		ALA	1
2bhgA	23	1	A	30		ILE	1
2bhgA	24	1	A	31		CYS	1
2bhgA	25	1	A	32		CYS	1
2bhgA	26	1	A	33		ALA	1
2bhgA	27	1	A	34		THR	1
2bhgA	28	1	A	35		GLY	1
2bhgA	29	1	A	36		VAL	1
2bhgA	30	1	A	37		PHE	1
2bhgA	31	1	A	38		GLY	1
2bhgA	32	1	A	39		THR	1
2bhgA	33	1	A	40		ALA	1
2bhgA	34	1	A	41		TYR	1
2bhgA	35	1	A	42		LEU	1
2bhgA	36	1	A	43		VAL	1
2bhgA	37	1	A	44		PRO	1
2bhgA	38	1	A	45		ARG	1
2bhgA	39	1	A	46		HIS	1
2bhgA	40	1	A	47		LEU	1
2bhgA	41	1	A	48		PHE	1
2bhgA	42	1	A	49		ALA	1
2bhgA	43	1	A	50		GLU	1
2bhgA	44	1	A	51		LYS	1
2bhgA	45	1	A	52		TYR	1
2bhgA	46	1	A	53		ASP	1
2bhgA	47	1	A	54		LYS	1
2bhgA	48	1	A	55		ILE	1
2bhgA	49	1	A	56		MSE	1
2bhgA	50	1	A	57		LEU	1
2bhgA	51	1	A	58		ASP	1
2bhgA	52	1	A	59		GLY	1
2bhgA	53	1	A	60		ARG	1
2bhgA	54	1	A	61		ALA	1
2bhgA	55	1	A	62		MSE	1
2bhgA	56	1	A	63		THR	1
2bhgA	57	1	A	64		ASP	1
2bhgA	58	1	A	65		SER	1
2bhgA	59	1	A	66		ASP	1
2bhgA	60	1	A	67		TYR	1
2bhgA	61	1	A	68		ARG	1
2bhgA	62	1	A	69		VAL	1
2bhgA	63	1	A	70		PHE	1
2bhgA	64	1	A	71		GLU	1
2bhgA	65	1	A	72		PHE	1
2bhgA	66	1	A	73		GLU	1
2bhgA	67	1	A	74		ILE	1
2bhgA	68	1	A	75		LYS	1
2bhgA	69	1	A	76		VAL	1
2bhgA	70	1	A	77		LYS	1
2bhgA	71	1	A	78		GLY	1
2bhgA	72	1	A	79		GLN	1
2bhgA	73	1	A	80		ASP	1
2bhgA	74	1	A	81		MSE	1
2bhgA	75	1	A	82		LEU	1
2bhgA	76	1	A	83		SER	1
2bhgA	77	1	A	84		ASP	1
2bhgA	78	1	A	85		ALA	1
2bhgA	79	1	A	86		ALA	1
2bhgA	80	1	A	87		LEU	1
2bhgA	81	1	A	88		MSE	1
2bhgA	82	1	A	89		VAL	1
2bhgA	83	1	A	90		LEU	1
2bhgA	84	1	A	91		HIS	1
2bhgA	85	1	A	92		ARG	1
2bhgA	86	1	A	93		GLY	1
2bhgA	87	1	A	94		ASN	1
2bhgA	88	1	A	95		LYS	1
2bhgA	89	1	A	96		VAL	1
2bhgA	90	1	A	97		ARG	1
2bhgA	91	1	A	98		ASP	1
2bhgA	92	1	A	99		ILE	1
2bhgA	93	1	A	100		THR	1
2bhgA	94	1	A	101		LYS	1
2bhgA	95	1	A	102		HIS	1
2bhgA	96	1	A	103		PHE	1
2bhgA	97	1	A	104		ARG	1
2bhgA	98	1	A	105		ASP	1
2bhgA	99	1	A	106		THR	1
2bhgA	100	1	A	107		ALA	1
2bhgA	101	1	A	108		ARG	1
2bhgA	102	1	A	109		MSE	1
2bhgA	103	1	A	110		LYS	1
2bhgA	104	1	A	111		LYS	1
2bhgA	105	1	A	112		GLY	1
2bhgA	106	1	A	113		THR	1
2bhgA	107	1	A	114		PRO	1
2bhgA	108	1	A	115		VAL	1
2bhgA	109	1	A	116		VAL	1
2bhgA	110	1	A	117		GLY	1
2bhgA	111	1	A	118		VAL	1
2bhgA	112	1	A	119		VAL	1
2bhgA	113	1	A	120		ASN	1
2bhgA	114	1	A	121		ASN	1
2bhgA	115	1	A	122		ALA	1
2bhgA	116	1	A	123		ASP	1
2bhgA	117	1	A	124		VAL	1
2bhgA	118	1	A	125		GLY	1
2bhgA	119	1	A	126		ARG	1
2bhgA	120	1	A	127		LEU	1
2bhgA	121	1	A	128		ILE	1
2bhgA	122	1	A	129		PHE	1
2bhgA	123	1	A	130		SER	1
2bhgA	124	1	A	131		GLY	1
2bhgA	125	1	A	132		GLU	1
2bhgA	126	1	A	133		ALA	1
2bhgA	127	1	A	134		LEU	1
2bhgA	128	1	A	135		THR	1
2bhgA	129	1	A	136		TYR	1
2bhgA	130	1	A	137		LYS	1
2bhgA	131	1	A	138		ASP	1
2bhgA	132	1	A	139		ILE	1
2bhgA	133	1	A	140		VAL	1
2bhgA	134	1	A	141		VAL	1
2bhgA	135	1	A	147		THR	1
2bhgA	136	1	A	148		MSE	1
2bhgA	137	1	A	149		PRO	1
2bhgA	138	1	A	150		GLY	1
2bhgA	139	1	A	151		LEU	1
2bhgA	140	1	A	152		PHE	1
2bhgA	141	1	A	153		ALA	1
2bhgA	142	1	A	154		TYR	1
2bhgA	143	1	A	155		LYS	1
2bhgA	144	1	A	156		ALA	1
2bhgA	145	1	A	157		ALA	1
2bhgA	146	1	A	158		THR	1
2bhgA	147	1	A	159		ARG	1
2bhgA	148	1	A	160		ALA	1
2bhgA	149	1	A	161		GLY	1
2bhgA	150	1	A	162		TYR	1
2bhgA	151	1	A	163		ALA	1
2bhgA	152	1	A	164		GLY	1
2bhgA	153	1	A	165		GLY	1
2bhgA	154	1	A	166		ALA	1
2bhgA	155	1	A	167		VAL	1
2bhgA	156	1	A	168		LEU	1
2bhgA	157	1	A	169		ALA	1
2bhgA	158	1	A	170		LYS	1
2bhgA	159	1	A	171		ASP	1
2bhgA	160	1	A	172		GLY	1
2bhgA	161	1	A	173		ALA	1
2bhgA	162	1	A	174		ASP	1
2bhgA	163	1	A	175		THR	1
2bhgA	164	1	A	176		PHE	1
2bhgA	165	1	A	177		ILE	1
2bhgA	166	1	A	178		VAL	1
2bhgA	167	1	A	179		GLY	1
2bhgA	168	1	A	180		THR	1
2bhgA	169	1	A	181		HIS	1
2bhgA	170	1	A	182		SER	1
2bhgA	171	1	A	183		ALA	1
2bhgA	172	1	A	184		GLY	1
2bhgA	173	1	A	185		GLY	1
2bhgA	174	1	A	186		ASN	1
2bhgA	175	1	A	187		GLY	1
2bhgA	176	1	A	188		VAL	1
2bhgA	177	1	A	189		GLY	1
2bhgA	178	1	A	190		TYR	1
2bhgA	179	1	A	191		CYS	1
2bhgA	180	1	A	192		SER	1
2bhgA	181	1	A	193		CYS	1
2bhgA	182	1	A	194		VAL	1
2bhgA	183	1	A	195		SER	1
2bhgA	184	1	A	196		ARG	1
2bhgA	185	1	A	197		SER	1
2bhgA	186	1	A	198		MSE	1
2bhgA	187	1	A	199		LEU	1
2bhgA	188	1	A	200		GLN	1
2bhgA	189	1	A	201		LYS	1
2bhgA	190	1	A	202		MSE	1
2bhgA	191	1	A	203		LYS	1
2bhgA	192	1	A	204		ALA	1
2bhgA	193	1	A	205		HIS	1
5hdmA	0	1	A	7		SER	1
5hdmA	1	1	A	8		PHE	1
5hdmA	2	1	A	9		SER	1
5hdmA	3	1	A	10		LEU	1
5hdmA	4	1	A	11		GLN	1
5hdmA	5	1	A	12		LYS	1
5hdmA	6	1	A	13		SER	1
5hdmA	7	1	A	14		GLU	1
5hdmA	8	1	A	15		GLU	1
5hdmA	9	1	A	16		ALA	1
5hdmA	10	1	A	17		PHE	1
5hdmA	11	1	A	18		ASN	1
5hdmA	12	1	A	19		ALA	1
5hdmA	13	1	A	20		ALA	1
5hdmA	14	1	A	21		LYS	1
5hdmA	15	1	A	22		ASN	1
5hdmA	16	1	A	23		LEU	1
5hdmA	17	1	A	24		MET	1
5hdmA	18	1	A	25		PRO	1
5hdmA	19	1	A	26		GLY	1
5hdmA	20	1	A	27		GLY	1
5hdmA	21	1	A	28		VAL	1
5hdmA	22	1	A	29		ASN	1
5hdmA	23	1	A	30		SER	1
5hdmA	24	1	A	31		PRO	1
5hdmA	25	1	A	32		VAL	1
5hdmA	26	1	A	33		ARG	1
5hdmA	27	1	A	34		ALA	1
5hdmA	28	1	A	35		PHE	1
5hdmA	29	1	A	36		LYS	1
5hdmA	30	1	A	37		SER	1
5hdmA	31	1	A	38		VAL	1
5hdmA	32	1	A	39		GLY	1
5hdmA	33	1	A	40		GLY	1
5hdmA	34	1	A	41		GLN	1
5hdmA	35	1	A	42		PRO	1
5hdmA	36	1	A	43		VAL	1
5hdmA	37	1	A	44		LEU	1
5hdmA	38	1	A	45		ILE	1
5hdmA	39	1	A	46		ASP	1
5hdmA	40	1	A	47		SER	1
5hdmA	41	1	A	48		VAL	1
5hdmA	42	1	A	49		LYS	1
5hdmA	43	1	A	50		GLY	1
5hdmA	44	1	A	51		SER	1
5hdmA	45	1	A	52		LYS	1
5hdmA	46	1	A	53		MET	1
5hdmA	47	1	A	54		TRP	1
5hdmA	48	1	A	55		ASP	1
5hdmA	49	1	A	56		ILE	1
5hdmA	50	1	A	57		ASP	1
5hdmA	51	1	A	58		GLY	1
5hdmA	52	1	A	59		ASN	1
5hdmA	53	1	A	60		GLU	1
5hdmA	54	1	A	61		TYR	1
5hdmA	55	1	A	62		ILE	2
5hdmA	56	1	A	63		ASP	2
5hdmA	57	1	A	64		TYR	2
5hdmA	58	1	A	65		VAL	2
5hdmA	59	1	A	66		GLY	2
5hdmA	60	1	A	67		SER	2
5hdmA	61	1	A	68		TRP	2
5hdmA	62	1	A	69		GLY	2
5hdmA	63	1	A	70		PRO	2
5hdmA	64	1	A	71		ALA	2
5hdmA	65	1	A	72		ILE	2
5hdmA	66	1	A	73		ILE	2
5hdmA	67	1	A	74		GLY	2
5hdmA	68	1	A	75		HIS	2
5hdmA	69	1	A	76		ALA	2
5hdmA	70	1	A	77		ASP	2
5hdmA	71	1	A	78		ASP	3
5hdmA	72	1	A	79		GLU	3
5hdmA	73	1	A	80		VAL	3
5hdmA	74	1	A	81		LEU	3
5hdmA	75	1	A	82		ALA	3
5hdmA	76	1	A	83		ALA	3
5hdmA	77	1	A	84		LEU	3
5hdmA	78	1	A	85		ALA	3
5hdmA	79	1	A	86		GLU	3
5hdmA	80	1	A	87		THR	3
5hdmA	81	1	A	88		MET	3
5hdmA	82	1	A	89		LYS	3
5hdmA	83	1	A	90		LYS	3
5hdmA	84	1	A	91		GLY	3
5hdmA	85	1	A	92		THR	3
5hdmA	86	1	A	93		SER	3
5hdmA	87	1	A	94		PHE	3
5hdmA	88	1	A	95		GLY	3
5hdmA	89	1	A	96		ALA	3
5hdmA	90	1	A	97		PRO	3
5hdmA	91	1	A	98		CYS	3
5hdmA	92	1	A	99		LEU	3
5hdmA	93	1	A	100		LEU	3
5hdmA	94	1	A	101		GLU	3
5hdmA	95	1	A	102		ASN	3
5hdmA	96	1	A	103		VAL	3
5hdmA	97	1	A	104		LEU	3
5hdmA	98	1	A	105		ALA	3
5hdmA	99	1	A	106		GLU	3
5hdmA	100	1	A	107		MET	3
5hdmA	101	1	A	108		VAL	3
5hdmA	102	1	A	109		ILE	3
5hdmA	103	1	A	110		SER	3
5hdmA	104	1	A	111		ALA	3
5hdmA	105	1	A	112		VAL	3
5hdmA	106	1	A	113		PRO	3
5hdmA	107	1	A	114		SER	3
5hdmA	108	1	A	115		ILE	3
5hdmA	109	1	A	116		GLU	3
5hdmA	110	1	A	117		MET	3
5hdmA	111	1	A	118		VAL	3
5hdmA	112	1	A	119		ARG	3
5hdmA	113	1	A	120		PHE	3
5hdmA	114	1	A	121		VAL	3
5hdmA	115	1	A	122		ASN	3
5hdmA	116	1	A	123		SER	3
5hdmA	117	1	A	124		GLY	3
5hdmA	118	1	A	125		THR	3
5hdmA	119	1	A	126		GLU	3
5hdmA	120	1	A	127		ALA	3
5hdmA	121	1	A	128		CYS	4
5hdmA	122	1	A	129		MET	4
5hdmA	123	1	A	130		GLY	4
5hdmA	124	1	A	131		VAL	4
5hdmA	125	1	A	132		LEU	4
5hdmA	126	1	A	133		ARG	4
5hdmA	127	1	A	134		LEU	4
5hdmA	128	1	A	135		ALA	4
5hdmA	129	1	A	136		ARG	4
5hdmA	130	1	A	137		ALA	4
5hdmA	131	1	A	138		PHE	4
5hdmA	132	1	A	139		THR	4
5hdmA	133	1	A	140		ASN	4
5hdmA	134	1	A	141		LYS	4
5hdmA	135	1	A	142		GLU	4
5hdmA	136	1	A	143		LYS	4
5hdmA	137	1	A	144		PHE	4
5hdmA	138	1	A	145		ILE	4
5hdmA	139	1	A	146		LYS	4
5hdmA	140	1	A	147		PHE	4
5hdmA	141	1	A	148		GLU	4
5hdmA	142	1	A	149		GLY	4
5hdmA	143	1	A	150		CYS	4
5hdmA	144	1	A	151		TYR	4
5hdmA	145	1	A	152		HIS	4
5hdmA	146	1	A	153		GLY	4
5hdmA	147	1	A	154		HIS	4
5hdmA	148	1	A	155		ALA	4
5hdmA	149	1	A	156		ASN	4
5hdmA	150	1	A	157		ALA	4
5hdmA	151	1	A	158		PHE	4
5hdmA	152	1	A	159		LEU	4
5hdmA	153	1	A	160		VAL	4
5hdmA	154	1	A	161		LYS	4
5hdmA	155	1	A	162		ALA	4
5hdmA	156	1	A	163		GLY	4
5hdmA	157	1	A	164		SER	4
5hdmA	158	1	A	165		GLY	4
5hdmA	159	1	A	166		VAL	4
5hdmA	160	1	A	167		ALA	4
5hdmA	161	1	A	168		THR	4
5hdmA	162	1	A	169		LEU	4
5hdmA	163	1	A	170		GLY	4
5hdmA	164	1	A	171		LEU	4
5hdmA	165	1	A	172		PRO	4
5hdmA	166	1	A	173		ASP	4
5hdmA	167	1	A	174		SER	4
5hdmA	168	1	A	175		PRO	4
5hdmA	169	1	A	176		GLY	4
5hdmA	170	1	A	177		VAL	4
5hdmA	171	1	A	178		PRO	4
5hdmA	172	1	A	179		LYS	4
5hdmA	173	1	A	180		ALA	4
5hdmA	174	1	A	181		ALA	4
5hdmA	175	1	A	182		THR	4
5hdmA	176	1	A	183		SER	4
5hdmA	177	1	A	184		ASP	4
5hdmA	178	1	A	185		THR	4
5hdmA	179	1	A	186		LEU	4
5hdmA	180	1	A	187		THR	4
5hdmA	181	1	A	188		ALA	4
5hdmA	182	1	A	189		PRO	4
5hdmA	183	1	A	190		TYR	4
5hdmA	184	1	A	191		ASN	4
5hdmA	185	1	A	192		ASP	4
5hdmA	186	1	A	193		LEU	4
5hdmA	187	1	A	194		GLU	4
5hdmA	188	1	A	195		ALA	4
5hdmA	189	1	A	196		VAL	4
5hdmA	190	1	A	197		GLU	4
5hdmA	191	1	A	198		LYS	4
5hdmA	192	1	A	199		LEU	4
5hdmA	193	1	A	200		PHE	4
5hdmA	194	1	A	201		ALA	4
5hdmA	195	1	A	202		ALA	4
5hdmA	196	1	A	203		HIS	4
5hdmA	197	1	A	204		LYS	4
5hdmA	198	1	A	205		GLY	4
5hdmA	199	1	A	206		GLU	4
5hdmA	200	1	A	207		ILE	4
5hdmA	201	1	A	208		SER	4
5hdmA	202	1	A	209		ALA	4
5hdmA	203	1	A	210		VAL	4
5hdmA	204	1	A	211		ILE	4
5hdmA	205	1	A	212		LEU	4
5hdmA	206	1	A	213		GLU	4
5hdmA	207	1	A	214		PRO	4
5hdmA	208	1	A	215		VAL	4
5hdmA	209	1	A	216		VAL	4
5hdmA	210	1	A	217		GLY	4
5hdmA	211	1	A	218		ASN	4
5hdmA	212	1	A	219		SER	4
5hdmA	213	1	A	220		GLY	4
5hdmA	214	1	A	221		PHE	4
5hdmA	215	1	A	222		ILE	4
5hdmA	216	1	A	223		PRO	4
5hdmA	217	1	A	224		PRO	4
5hdmA	218	1	A	225		THR	4
5hdmA	219	1	A	226		PRO	4
5hdmA	220	1	A	227		GLU	4
5hdmA	221	1	A	228		PHE	4
5hdmA	222	1	A	229		ILE	4
5hdmA	223	1	A	230		ASN	4
5hdmA	224	1	A	231		GLY	4
5hdmA	225	1	A	232		LEU	4
5hdmA	226	1	A	233		ARG	4
5hdmA	227	1	A	234		GLN	4
5hdmA	228	1	A	235		LEU	4
5hdmA	229	1	A	236		THR	4
5hdmA	230	1	A	237		LYS	4
5hdmA	231	1	A	238		ASP	4
5hdmA	232	1	A	239		ASN	4
5hdmA	233	1	A	240		GLY	4
5hdmA	234	1	A	241		VAL	4
5hdmA	235	1	A	242		LEU	4
5hdmA	236	1	A	243		LEU	4
5hdmA	237	1	A	244		ILE	4
5hdmA	238	1	A	245		PHE	4
5hdmA	239	1	A	246		ASP	4
5hdmA	240	1	A	247		GLU	4
5hdmA	241	1	A	248		VAL	4
5hdmA	242	1	A	249		MET	4
5hdmA	243	1	A	250		THR	4
5hdmA	244	1	A	251		GLY	4
5hdmA	245	1	A	252		PHE	4
5hdmA	246	1	A	253		ARG	4
5hdmA	247	1	A	254		LEU	4
5hdmA	248	1	A	255		ALA	4
5hdmA	249	1	A	256		TYR	4
5hdmA	250	1	A	257		GLY	4
5hdmA	251	1	A	258		GLY	4
5hdmA	252	1	A	259		ALA	4
5hdmA	253	1	A	260		GLN	4
5hdmA	254	1	A	261		GLU	4
5hdmA	255	1	A	262		TYR	4
5hdmA	256	1	A	263		PHE	4
5hdmA	257	1	A	264		GLY	4
5hdmA	258	1	A	265		ILE	4
5hdmA	259	1	A	266		THR	4
5hdmA	260	1	A	267		PRO	4
5hdmA	261	1	A	268		ASP	4
5hdmA	262	1	A	269		LEU	4
5hdmA	263	1	A	270		THR	4
5hdmA	264	1	A	271		THR	4
5hdmA	265	1	A	272		LEU	3
5hdmA	266	1	A	273		GLY	3
5hdmA	267	1	A	274		LYS	3
5hdmA	268	1	A	275		ILE	3
5hdmA	269	1	A	276		ILE	3
5hdmA	270	1	A	277		GLY	3
5hdmA	271	1	A	278		GLY	3
5hdmA	272	1	A	279		GLY	3
5hdmA	273	1	A	280		LEU	3
5hdmA	274	1	A	281		PRO	3
5hdmA	275	1	A	282		VAL	3
5hdmA	276	1	A	283		GLY	3
5hdmA	277	1	A	284		ALA	3
5hdmA	278	1	A	285		TYR	3
5hdmA	279	1	A	286		GLY	3
5hdmA	280	1	A	287		GLY	3
5hdmA	281	1	A	288		ARG	3
5hdmA	282	1	A	289		ARG	3
5hdmA	283	1	A	290		ASP	3
5hdmA	284	1	A	291		ILE	3
5hdmA	285	1	A	292		MET	3
5hdmA	286	1	A	293		GLU	3
5hdmA	287	1	A	294		MET	3
5hdmA	288	1	A	295		VAL	3
5hdmA	289	1	A	296		ALA	3
5hdmA	290	1	A	297		PRO	3
5hdmA	291	1	A	298		ALA	3
5hdmA	292	1	A	299		GLY	3
5hdmA	293	1	A	300		PRO	3
5hdmA	294	1	A	301		MET	3
5hdmA	295	1	A	302		TYR	3
5hdmA	296	1	A	303		GLN	3
5hdmA	297	1	A	304		ALA	3
5hdmA	298	1	A	305		GLY	3
5hdmA	299	1	A	306		THR	3
5hdmA	300	1	A	307		LEU	3
5hdmA	301	1	A	308		SER	3
5hdmA	302	1	A	309		GLY	3
5hdmA	303	1	A	310		ASN	3
5hdmA	304	1	A	311		PRO	3
5hdmA	305	1	A	312		LEU	3
5hdmA	306	1	A	313		ALA	3
5hdmA	307	1	A	314		MET	3
5hdmA	308	1	A	315		THR	3
5hdmA	309	1	A	316		ALA	3
5hdmA	310	1	A	317		GLY	3
5hdmA	311	1	A	318		ILE	3
5hdmA	312	1	A	319		HIS	3
5hdmA	313	1	A	320		THR	3
5hdmA	314	1	A	321		LEU	3
5hdmA	315	1	A	322		LYS	3
5hdmA	316	1	A	323		ARG	2
5hdmA	317	1	A	324		LEU	2
5hdmA	318	1	A	325		LYS	2
5hdmA	319	1	A	326		GLN	2
5hdmA	320	1	A	327		ALA	2
5hdmA	321	1	A	328		GLY	2
5hdmA	322	1	A	329		THR	2
5hdmA	323	1	A	330		TYR	2
5hdmA	324	1	A	331		GLU	2
5hdmA	325	1	A	332		TYR	2
5hdmA	326	1	A	333		LEU	2
5hdmA	327	1	A	334		ASP	2
5hdmA	328	1	A	335		LYS	2
5hdmA	329	1	A	336		ILE	2
5hdmA	330	1	A	337		THR	2
5hdmA	331	1	A	338		LYS	2
5hdmA	332	1	A	339		GLU	2
5hdmA	333	1	A	340		LEU	2
5hdmA	334	1	A	341		THR	2
5hdmA	335	1	A	342		ASN	2
5hdmA	336	1	A	343		GLY	2
5hdmA	337	1	A	344		ILE	2
5hdmA	338	1	A	345		LEU	2
5hdmA	339	1	A	346		GLU	2
5hdmA	340	1	A	347		ALA	2
5hdmA	341	1	A	348		GLY	2
5hdmA	342	1	A	349		LYS	2
5hdmA	343	1	A	350		LYS	2
5hdmA	344	1	A	351		THR	2
5hdmA	345	1	A	352		GLY	2
5hdmA	346	1	A	353		HIS	2
5hdmA	347	1	A	354		PRO	2
5hdmA	348	1	A	355		MET	2
5hdmA	349	1	A	356		CYS	2
5hdmA	350	1	A	357		GLY	2
5hdmA	351	1	A	358		GLY	2
5hdmA	352	1	A	359		TYR	2
5hdmA	353	1	A	360		ILE	2
5hdmA	354	1	A	361		SER	2
5hdmA	355	1	A	362		GLY	2
5hdmA	356	1	A	363		MET	2
5hdmA	357	1	A	364		PHE	2
5hdmA	358	1	A	365		GLY	2
5hdmA	359	1	A	366		PHE	2
5hdmA	360	1	A	367		PHE	2
5hdmA	361	1	A	368		PHE	2
5hdmA	362	1	A	369		ALA	2
5hdmA	363	1	A	370		GLU	2
5hdmA	364	1	A	371		GLY	2
5hdmA	365	1	A	372		PRO	2
5hdmA	366	1	A	373		VAL	2
5hdmA	367	1	A	374		TYR	2
5hdmA	368	1	A	375		ASN	2
5hdmA	369	1	A	376		PHE	2
5hdmA	370	1	A	377		ALA	2
5hdmA	371	1	A	378		ASP	2
5hdmA	372	1	A	379		SER	2
5hdmA	373	1	A	380		LYS	2
5hdmA	374	1	A	381		LYS	2
5hdmA	375	1	A	382		SER	2
5hdmA	376	1	A	383		ASP	2
5hdmA	377	1	A	384		THR	2
5hdmA	378	1	A	385		GLU	2
5hdmA	379	1	A	386		LYS	2
5hdmA	380	1	A	387		PHE	2
5hdmA	381	1	A	388		GLY	2
5hdmA	382	1	A	389		ARG	2
5hdmA	383	1	A	390		PHE	2
5hdmA	384	1	A	391		PHE	2
5hdmA	385	1	A	392		ARG	2
5hdmA	386	1	A	393		GLY	2
5hdmA	387	1	A	394		MET	2
5hdmA	388	1	A	395		LEU	2
5hdmA	389	1	A	396		GLU	2
5hdmA	390	1	A	397		GLU	2
5hdmA	391	1	A	398		GLY	2
5hdmA	392	1	A	399		VAL	2
5hdmA	393	1	A	400		TYR	2
5hdmA	394	1	A	401		PHE	2
5hdmA	395	1	A	402		ALA	2
5hdmA	396	1	A	403		PRO	2
5hdmA	397	1	A	404		SER	2
5hdmA	398	1	A	405		GLN	2
5hdmA	399	1	A	406		PHE	2
5hdmA	400	1	A	407		GLU	2
5hdmA	401	1	A	408		ALA	2
5hdmA	402	1	A	409		GLY	2
5hdmA	403	1	A	410		PHE	2
5hdmA	404	1	A	411		THR	2
5hdmA	405	1	A	412		SER	2
5hdmA	406	1	A	413		LEU	2
5hdmA	407	1	A	414		ALA	2
5hdmA	408	1	A	415		HIS	2
5hdmA	409	1	A	416		THR	2
5hdmA	410	1	A	417		PRO	2
5hdmA	411	1	A	418		GLU	2
5hdmA	412	1	A	419		ASP	2
5hdmA	413	1	A	420		ILE	2
5hdmA	414	1	A	421		GLN	2
5hdmA	415	1	A	422		LEU	2
5hdmA	416	1	A	423		THR	2
5hdmA	417	1	A	424		ILE	2
5hdmA	418	1	A	425		ALA	2
5hdmA	419	1	A	426		ALA	2
5hdmA	420	1	A	427		ALA	2
5hdmA	421	1	A	428		GLU	2
5hdmA	422	1	A	429		ARG	2
5hdmA	423	1	A	430		VAL	2
5hdmA	424	1	A	431		LEU	2
5hdmA	425	1	A	432		SER	2
5hdmA	426	1	A	433		ARG	2
5hdmA	427	1	A	434		ILE	2
3aowA	0	1	A	25		SER	0
3aowA	1	1	A	26		MET	0
3aowA	2	1	A	27		LEU	0
3aowA	3	1	A	28		GLY	0
3aowA	4	1	A	29		ASP	0
3aowA	5	1	A	30		VAL	0
3aowA	6	1	A	31		GLU	0
3aowA	7	1	A	32		ARG	0
3aowA	8	1	A	33		PHE	0
3aowA	9	1	A	34		PHE	0
3aowA	10	1	A	35		SER	0
3aowA	11	1	A	36		LYS	0
3aowA	12	1	A	37		LYS	0
3aowA	13	1	A	38		ALA	0
3aowA	14	1	A	39		LEU	0
3aowA	15	1	A	40		GLU	1
3aowA	16	1	A	41		MET	1
3aowA	17	1	A	42		ARG	1
3aowA	18	1	A	43		ALA	1
3aowA	19	1	A	44		SER	1
3aowA	20	1	A	45		GLU	1
3aowA	21	1	A	46		VAL	1
3aowA	22	1	A	47		ARG	1
3aowA	23	1	A	48		GLU	1
3aowA	24	1	A	49		LEU	1
3aowA	25	1	A	50		LEU	1
3aowA	26	1	A	51		LYS	1
3aowA	27	1	A	52		LEU	1
3aowA	28	1	A	53		VAL	1
3aowA	29	1	A	54		GLU	1
3aowA	30	1	A	55		THR	1
3aowA	31	1	A	56		SER	1
3aowA	32	1	A	57		ASP	1
3aowA	33	1	A	58		ILE	1
3aowA	34	1	A	59		ILE	1
3aowA	35	1	A	60		SER	1
3aowA	36	1	A	61		LEU	1
3aowA	37	1	A	62		ALA	1
3aowA	38	1	A	63		GLY	1
3aowA	39	1	A	64		GLY	1
3aowA	40	1	A	65		LEU	1
3aowA	41	1	A	66		PRO	1
3aowA	42	1	A	67		ASN	1
3aowA	43	1	A	68		PRO	1
3aowA	44	1	A	69		LYS	1
3aowA	45	1	A	70		THR	1
3aowA	46	1	A	71		PHE	1
3aowA	47	1	A	72		PRO	1
3aowA	48	1	A	73		LYS	2
3aowA	49	1	A	74		GLU	2
3aowA	50	1	A	75		ILE	2
3aowA	51	1	A	76		ILE	2
3aowA	52	1	A	77		ARG	2
3aowA	53	1	A	78		ASP	2
3aowA	54	1	A	79		ILE	2
3aowA	55	1	A	80		LEU	2
3aowA	56	1	A	81		VAL	2
3aowA	57	1	A	82		GLU	2
3aowA	58	1	A	83		ILE	2
3aowA	59	1	A	84		MET	2
3aowA	60	1	A	85		GLU	2
3aowA	61	1	A	86		LYS	2
3aowA	62	1	A	87		TYR	2
3aowA	63	1	A	88		ALA	2
3aowA	64	1	A	89		ASP	2
3aowA	65	1	A	90		LYS	2
3aowA	66	1	A	91		ALA	2
3aowA	67	1	A	92		LEU	2
3aowA	68	1	A	93		GLN	2
3aowA	69	1	A	94		TYR	2
3aowA	70	1	A	95		GLY	2
3aowA	71	1	A	96		THR	2
3aowA	72	1	A	97		THR	2
3aowA	73	1	A	98		LYS	2
3aowA	74	1	A	99		GLY	2
3aowA	75	1	A	100		PHE	2
3aowA	76	1	A	101		THR	2
3aowA	77	1	A	102		PRO	2
3aowA	78	1	A	103		LEU	2
3aowA	79	1	A	104		ARG	2
3aowA	80	1	A	105		GLU	2
3aowA	81	1	A	106		THR	2
3aowA	82	1	A	107		LEU	2
3aowA	83	1	A	108		MET	2
3aowA	84	1	A	109		LYS	2
3aowA	85	1	A	110		TRP	2
3aowA	86	1	A	111		LEU	2
3aowA	87	1	A	112		GLY	2
3aowA	88	1	A	113		LYS	2
3aowA	89	1	A	114		ARG	2
3aowA	90	1	A	115		TYR	2
3aowA	91	1	A	116		GLY	2
3aowA	92	1	A	117		ILE	2
3aowA	93	1	A	118		SER	2
3aowA	94	1	A	119		GLN	2
3aowA	95	1	A	120		ASP	2
3aowA	96	1	A	121		ASN	2
3aowA	97	1	A	122		ASP	2
3aowA	98	1	A	123		ILE	2
3aowA	99	1	A	124		MET	2
3aowA	100	1	A	125		ILE	2
3aowA	101	1	A	126		THR	2
3aowA	102	1	A	127		SER	2
3aowA	103	1	A	128		GLY	2
3aowA	104	1	A	129		SER	2
3aowA	105	1	A	130		GLN	2
3aowA	106	1	A	131		GLN	2
3aowA	107	1	A	132		ALA	2
3aowA	108	1	A	133		LEU	2
3aowA	109	1	A	134		ASP	2
3aowA	110	1	A	135		LEU	2
3aowA	111	1	A	136		ILE	2
3aowA	112	1	A	137		GLY	3
3aowA	113	1	A	138		ARG	3
3aowA	114	1	A	139		VAL	3
3aowA	115	1	A	140		PHE	3
3aowA	116	1	A	141		LEU	3
3aowA	117	1	A	142		ASN	3
3aowA	118	1	A	143		PRO	3
3aowA	119	1	A	144		GLY	3
3aowA	120	1	A	145		ASP	3
3aowA	121	1	A	146		ILE	3
3aowA	122	1	A	147		VAL	3
3aowA	123	1	A	148		VAL	3
3aowA	124	1	A	149		VAL	3
3aowA	125	1	A	150		GLU	3
3aowA	126	1	A	151		ALA	3
3aowA	127	1	A	152		PRO	3
3aowA	128	1	A	153		THR	3
3aowA	129	1	A	154		TYR	3
3aowA	130	1	A	155		LEU	3
3aowA	131	1	A	156		ALA	3
3aowA	132	1	A	157		ALA	3
3aowA	133	1	A	158		LEU	3
3aowA	134	1	A	159		GLN	3
3aowA	135	1	A	160		ALA	3
3aowA	136	1	A	161		PHE	3
3aowA	137	1	A	162		ASN	3
3aowA	138	1	A	163		PHE	3
3aowA	139	1	A	164		TYR	3
3aowA	140	1	A	165		GLU	3
3aowA	141	1	A	166		PRO	3
3aowA	142	1	A	167		GLN	3
3aowA	143	1	A	168		TYR	3
3aowA	144	1	A	169		ILE	3
3aowA	145	1	A	170		GLN	3
3aowA	146	1	A	171		ILE	3
3aowA	147	1	A	172		PRO	3
3aowA	148	1	A	173		LEU	3
3aowA	149	1	A	174		ASP	3
3aowA	150	1	A	175		ASP	3
3aowA	151	1	A	176		GLU	3
3aowA	152	1	A	177		GLY	3
3aowA	153	1	A	178		MET	3
3aowA	154	1	A	179		LYS	3
3aowA	155	1	A	180		VAL	3
3aowA	156	1	A	181		GLU	3
3aowA	157	1	A	182		ILE	3
3aowA	158	1	A	183		LEU	3
3aowA	159	1	A	184		GLU	3
3aowA	160	1	A	185		GLU	3
3aowA	161	1	A	186		LYS	3
3aowA	162	1	A	187		LEU	3
3aowA	163	1	A	188		LYS	3
3aowA	164	1	A	189		GLU	3
3aowA	165	1	A	190		LEU	3
3aowA	166	1	A	191		LYS	3
3aowA	167	1	A	192		SER	3
3aowA	168	1	A	193		GLN	3
3aowA	169	1	A	194		GLY	3
3aowA	170	1	A	195		LYS	3
3aowA	171	1	A	196		LYS	3
3aowA	172	1	A	197		VAL	3
3aowA	173	1	A	198		LYS	3
3aowA	174	1	A	199		VAL	3
3aowA	175	1	A	200		VAL	3
3aowA	176	1	A	201		TYR	3
3aowA	177	1	A	202		THR	3
3aowA	178	1	A	203		VAL	3
3aowA	179	1	A	204		PRO	3
3aowA	180	1	A	205		THR	3
3aowA	181	1	A	206		PHE	3
3aowA	182	1	A	207		GLN	3
3aowA	183	1	A	208		ASN	3
3aowA	184	1	A	209		PRO	3
3aowA	185	1	A	210		ALA	3
3aowA	186	1	A	211		GLY	3
3aowA	187	1	A	212		VAL	3
3aowA	188	1	A	213		THR	3
3aowA	189	1	A	214		MET	3
3aowA	190	1	A	215		ASN	3
3aowA	191	1	A	216		GLU	3
3aowA	192	1	A	217		ASP	3
3aowA	193	1	A	218		ARG	3
3aowA	194	1	A	219		ARG	3
3aowA	195	1	A	220		LYS	3
3aowA	196	1	A	221		TYR	3
3aowA	197	1	A	222		LEU	3
3aowA	198	1	A	223		LEU	3
3aowA	199	1	A	224		GLU	3
3aowA	200	1	A	225		LEU	3
3aowA	201	1	A	226		ALA	3
3aowA	202	1	A	227		SER	3
3aowA	203	1	A	228		GLU	3
3aowA	204	1	A	229		TYR	3
3aowA	205	1	A	230		ASP	3
3aowA	206	1	A	231		PHE	3
3aowA	207	1	A	232		ILE	3
3aowA	208	1	A	233		VAL	3
3aowA	209	1	A	234		VAL	3
3aowA	210	1	A	235		GLU	3
3aowA	211	1	A	236		ASP	3
3aowA	212	1	A	237		ASP	3
3aowA	213	1	A	238		PRO	3
3aowA	214	1	A	239		TYR	3
3aowA	215	1	A	240		GLY	3
3aowA	216	1	A	241		GLU	3
3aowA	217	1	A	242		LEU	3
3aowA	218	1	A	243		ARG	3
3aowA	219	1	A	244		TYR	3
3aowA	220	1	A	245		SER	3
3aowA	221	1	A	246		GLY	3
3aowA	222	1	A	247		ASN	3
3aowA	223	1	A	248		PRO	3
3aowA	224	1	A	249		GLU	3
3aowA	225	1	A	250		LYS	3
3aowA	226	1	A	251		LYS	3
3aowA	227	1	A	252		ILE	3
3aowA	228	1	A	253		LYS	3
3aowA	229	1	A	254		ALA	3
3aowA	230	1	A	255		LEU	3
3aowA	231	1	A	256		ASP	3
3aowA	232	1	A	257		ASN	3
3aowA	233	1	A	258		GLU	3
3aowA	234	1	A	259		GLY	3
3aowA	235	1	A	260		ARG	3
3aowA	236	1	A	261		VAL	3
3aowA	237	1	A	262		ILE	2
3aowA	238	1	A	263		TYR	2
3aowA	239	1	A	264		LEU	2
3aowA	240	1	A	265		GLY	2
3aowA	241	1	A	266		THR	2
3aowA	242	1	A	267		PHE	2
3aowA	243	1	A	268		SER	2
3aowA	244	1	A	269		LYS	2
3aowA	245	1	A	270		ILE	2
3aowA	246	1	A	271		LEU	2
3aowA	247	1	A	272		ALA	2
3aowA	248	1	A	273		PRO	2
3aowA	249	1	A	274		GLY	2
3aowA	250	1	A	275		PHE	2
3aowA	251	1	A	276		ARG	2
3aowA	252	1	A	277		ILE	2
3aowA	253	1	A	278		GLY	2
3aowA	254	1	A	279		TRP	2
3aowA	255	1	A	280		MET	2
3aowA	256	1	A	281		VAL	2
3aowA	257	1	A	282		GLY	2
3aowA	258	1	A	283		ASP	2
3aowA	259	1	A	284		PRO	2
3aowA	260	1	A	285		GLY	2
3aowA	261	1	A	286		ILE	2
3aowA	262	1	A	287		ILE	2
3aowA	263	1	A	288		ARG	2
3aowA	264	1	A	289		LYS	2
3aowA	265	1	A	290		MET	2
3aowA	266	1	A	291		GLU	2
3aowA	267	1	A	292		ILE	2
3aowA	268	1	A	293		ALA	2
3aowA	269	1	A	294		LYS	2
3aowA	270	1	A	295		GLN	2
3aowA	271	1	A	296		SER	2
3aowA	272	1	A	297		THR	2
3aowA	273	1	A	298		ASP	2
3aowA	274	1	A	299		LEU	2
3aowA	275	1	A	300		CYS	2
3aowA	276	1	A	301		THR	2
3aowA	277	1	A	302		ASN	2
3aowA	278	1	A	303		VAL	2
3aowA	279	1	A	304		PHE	2
3aowA	280	1	A	305		GLY	2
3aowA	281	1	A	306		GLN	2
3aowA	282	1	A	307		VAL	2
3aowA	283	1	A	308		VAL	2
3aowA	284	1	A	309		ALA	2
3aowA	285	1	A	310		TRP	2
3aowA	286	1	A	311		ARG	2
3aowA	287	1	A	312		TYR	2
3aowA	288	1	A	313		VAL	2
3aowA	289	1	A	314		ASP	2
3aowA	290	1	A	315		GLY	2
3aowA	291	1	A	316		GLY	2
3aowA	292	1	A	317		TYR	1
3aowA	293	1	A	318		LEU	1
3aowA	294	1	A	319		GLU	1
3aowA	295	1	A	320		LYS	1
3aowA	296	1	A	321		HIS	1
3aowA	297	1	A	322		ILE	1
3aowA	298	1	A	323		PRO	1
3aowA	299	1	A	324		GLU	1
3aowA	300	1	A	325		ILE	1
3aowA	301	1	A	326		ARG	1
3aowA	302	1	A	327		LYS	1
3aowA	303	1	A	328		PHE	1
3aowA	304	1	A	329		TYR	1
3aowA	305	1	A	330		LYS	1
3aowA	306	1	A	331		PRO	1
3aowA	307	1	A	332		ARG	1
3aowA	308	1	A	333		ARG	1
3aowA	309	1	A	334		ASP	1
3aowA	310	1	A	335		ALA	1
3aowA	311	1	A	336		MET	1
3aowA	312	1	A	337		LEU	1
3aowA	313	1	A	338		GLU	1
3aowA	314	1	A	339		ALA	1
3aowA	315	1	A	340		LEU	1
3aowA	316	1	A	341		GLU	1
3aowA	317	1	A	342		GLU	1
3aowA	318	1	A	343		PHE	1
3aowA	319	1	A	344		MET	1
3aowA	320	1	A	345		PRO	1
3aowA	321	1	A	346		GLU	1
3aowA	322	1	A	347		GLY	1
3aowA	323	1	A	348		VAL	1
3aowA	324	1	A	349		LYS	1
3aowA	325	1	A	350		TRP	1
3aowA	326	1	A	351		THR	1
3aowA	327	1	A	352		LYS	1
3aowA	328	1	A	353		PRO	1
3aowA	329	1	A	354		GLU	1
3aowA	330	1	A	355		GLY	1
3aowA	331	1	A	356		GLY	1
3aowA	332	1	A	357		MET	1
3aowA	333	1	A	358		PHE	1
3aowA	334	1	A	359		ILE	1
3aowA	335	1	A	360		TRP	1
3aowA	336	1	A	361		VAL	1
3aowA	337	1	A	362		THR	1
3aowA	338	1	A	363		LEU	1
3aowA	339	1	A	364		PRO	1
3aowA	340	1	A	365		ASP	1
3aowA	341	1	A	366		GLY	1
3aowA	342	1	A	367		ILE	1
3aowA	343	1	A	368		ASP	1
3aowA	344	1	A	369		SER	1
3aowA	345	1	A	370		LYS	1
3aowA	346	1	A	371		LYS	1
3aowA	347	1	A	372		MET	1
3aowA	348	1	A	373		LEU	1
3aowA	349	1	A	374		GLU	1
3aowA	350	1	A	375		ARG	1
3aowA	351	1	A	376		ALA	1
3aowA	352	1	A	377		ILE	1
3aowA	353	1	A	378		LYS	1
3aowA	354	1	A	379		LYS	1
3aowA	355	1	A	380		GLY	1
3aowA	356	1	A	381		VAL	1
3aowA	357	1	A	382		ALA	1
3aowA	358	1	A	383		TYR	1
3aowA	359	1	A	384		VAL	1
3aowA	360	1	A	385		PRO	1
3aowA	361	1	A	386		GLY	1
3aowA	362	1	A	387		GLU	1
3aowA	363	1	A	388		ALA	1
3aowA	364	1	A	389		PHE	1
3aowA	365	1	A	390		TYR	1
3aowA	366	1	A	391		ALA	1
3aowA	367	1	A	392		HIS	1
3aowA	368	1	A	393		ARG	1
3aowA	369	1	A	394		ASP	1
3aowA	370	1	A	395		VAL	1
3aowA	371	1	A	396		LYS	1
3aowA	372	1	A	397		ASN	1
3aowA	373	1	A	398		THR	1
3aowA	374	1	A	399		MET	1
3aowA	375	1	A	400		ARG	1
3aowA	376	1	A	401		LEU	1
3aowA	377	1	A	402		ASN	1
3aowA	378	1	A	403		PHE	1
3aowA	379	1	A	404		THR	1
3aowA	380	1	A	405		TYR	1
3aowA	381	1	A	406		VAL	1
3aowA	382	1	A	407		ASP	1
3aowA	383	1	A	408		GLU	1
3aowA	384	1	A	409		ASP	1
3aowA	385	1	A	410		LYS	1
3aowA	386	1	A	411		ILE	1
3aowA	387	1	A	412		MET	1
3aowA	388	1	A	413		GLU	1
3aowA	389	1	A	414		GLY	1
3aowA	390	1	A	415		ILE	1
3aowA	391	1	A	416		LYS	1
3aowA	392	1	A	417		ARG	1
3aowA	393	1	A	418		LEU	1
3aowA	394	1	A	419		ALA	1
3aowA	395	1	A	420		GLU	1
3aowA	396	1	A	421		THR	1
3aowA	397	1	A	422		ILE	1
3aowA	398	1	A	423		LYS	1
3aowA	399	1	A	424		GLU	1
3aowA	400	1	A	425		GLU	1
3aowA	401	1	A	426		LEU	1
3aowA	402	1	A	427		LYS	1
3aowA	403	1	A	428		ALA	1
3a4lB	0	1	B	1		MET	1
3a4lB	1	1	B	2		GLY	1
3a4lB	2	1	B	3		ASP	1
3a4lB	3	1	B	4		ILE	1
3a4lB	4	1	B	5		MET	1
3a4lB	5	1	B	6		LEU	1
3a4lB	6	1	B	7		ILE	1
3a4lB	7	1	B	8		ILE	1
3a4lB	8	1	B	9		LEU	1
3a4lB	9	1	B	10		THR	1
3a4lB	10	1	B	11		GLY	1
3a4lB	11	1	B	12		LEU	1
3a4lB	12	1	B	13		PRO	1
3a4lB	13	1	B	14		GLY	1
3a4lB	14	1	B	15		VAL	1
3a4lB	15	1	B	16		GLY	1
3a4lB	16	1	B	17		LYS	1
3a4lB	17	1	B	18		SER	1
3a4lB	18	1	B	19		THR	1
3a4lB	19	1	B	20		PHE	1
3a4lB	20	1	B	21		SER	1
3a4lB	21	1	B	22		LYS	1
3a4lB	22	1	B	23		ASN	1
3a4lB	23	1	B	24		LEU	1
3a4lB	24	1	B	25		ALA	1
3a4lB	25	1	B	26		LYS	1
3a4lB	26	1	B	27		ILE	1
3a4lB	27	1	B	28		LEU	1
3a4lB	28	1	B	29		SER	1
3a4lB	29	1	B	30		LYS	1
3a4lB	30	1	B	31		ASN	1
3a4lB	31	1	B	32		ASN	1
3a4lB	32	1	B	33		ILE	1
3a4lB	33	1	B	34		ASP	1
3a4lB	34	1	B	35		VAL	1
3a4lB	35	1	B	36		ILE	1
3a4lB	36	1	B	37		VAL	1
3a4lB	37	1	B	38		LEU	1
3a4lB	38	1	B	39		GLY	1
3a4lB	39	1	B	40		SER	1
3a4lB	40	1	B	41		ASP	1
3a4lB	41	1	B	42		LEU	1
3a4lB	42	1	B	43		ILE	1
3a4lB	43	1	B	44		ARG	1
3a4lB	44	1	B	45		GLU	1
3a4lB	45	1	B	46		SER	1
3a4lB	46	1	B	47		PHE	1
3a4lB	47	1	B	48		PRO	1
3a4lB	48	1	B	49		VAL	1
3a4lB	49	1	B	50		TRP	1
3a4lB	50	1	B	51		LYS	1
3a4lB	51	1	B	52		GLU	1
3a4lB	52	1	B	53		LYS	1
3a4lB	53	1	B	54		TYR	1
3a4lB	54	1	B	55		GLU	1
3a4lB	55	1	B	56		GLU	1
3a4lB	56	1	B	57		PHE	1
3a4lB	57	1	B	58		ILE	1
3a4lB	58	1	B	59		LYS	1
3a4lB	59	1	B	60		LYS	1
3a4lB	60	1	B	61		SER	1
3a4lB	61	1	B	62		THR	1
3a4lB	62	1	B	63		TYR	1
3a4lB	63	1	B	64		ARG	1
3a4lB	64	1	B	65		LEU	1
3a4lB	65	1	B	66		ILE	1
3a4lB	66	1	B	67		ASP	1
3a4lB	67	1	B	68		SER	1
3a4lB	68	1	B	69		ALA	1
3a4lB	69	1	B	70		LEU	1
3a4lB	70	1	B	71		LYS	1
3a4lB	71	1	B	72		ASN	1
3a4lB	72	1	B	73		TYR	1
3a4lB	73	1	B	74		TRP	1
3a4lB	74	1	B	75		VAL	1
3a4lB	75	1	B	76		ILE	1
3a4lB	76	1	B	77		VAL	1
3a4lB	77	1	B	78		ASP	1
3a4lB	78	1	B	79		ASP	1
3a4lB	79	1	B	80		THR	1
3a4lB	80	1	B	81		ASN	1
3a4lB	81	1	B	82		TYR	1
3a4lB	82	1	B	83		TYR	1
3a4lB	83	1	B	84		ASN	1
3a4lB	84	1	B	85		SER	1
3a4lB	85	1	B	86		MET	1
3a4lB	86	1	B	87		ARG	1
3a4lB	87	1	B	88		ARG	1
3a4lB	88	1	B	89		ASP	1
3a4lB	89	1	B	90		LEU	1
3a4lB	90	1	B	91		ILE	1
3a4lB	91	1	B	92		ASN	1
3a4lB	92	1	B	93		ILE	1
3a4lB	93	1	B	94		ALA	1
3a4lB	94	1	B	95		LYS	1
3a4lB	95	1	B	96		LYS	1
3a4lB	96	1	B	97		TYR	1
3a4lB	97	1	B	98		ASN	1
3a4lB	98	1	B	99		LYS	1
3a4lB	99	1	B	100		ASN	1
3a4lB	100	1	B	101		TYR	1
3a4lB	101	1	B	102		ALA	1
3a4lB	102	1	B	103		ILE	1
3a4lB	103	1	B	104		ILE	1
3a4lB	104	1	B	105		TYR	1
3a4lB	105	1	B	106		LEU	1
3a4lB	106	1	B	107		LYS	1
3a4lB	107	1	B	108		ALA	1
3a4lB	108	1	B	109		SER	1
3a4lB	109	1	B	110		LEU	1
3a4lB	110	1	B	111		ASP	1
3a4lB	111	1	B	112		VAL	1
3a4lB	112	1	B	113		LEU	1
3a4lB	113	1	B	114		ILE	1
3a4lB	114	1	B	115		ARG	1
3a4lB	115	1	B	116		ARG	1
3a4lB	116	1	B	117		ASN	1
3a4lB	117	1	B	118		ILE	1
3a4lB	118	1	B	119		GLU	1
3a4lB	119	1	B	120		ARG	1
3a4lB	120	1	B	121		GLY	1
3a4lB	121	1	B	122		GLU	1
3a4lB	122	1	B	123		LYS	1
3a4lB	123	1	B	124		ILE	1
3a4lB	124	1	B	125		PRO	1
3a4lB	125	1	B	126		ASN	1
3a4lB	126	1	B	127		GLU	1
3a4lB	127	1	B	128		VAL	1
3a4lB	128	1	B	129		ILE	1
3a4lB	129	1	B	130		LYS	1
3a4lB	130	1	B	131		LYS	1
3a4lB	131	1	B	132		MET	1
3a4lB	132	1	B	133		TYR	1
3a4lB	133	1	B	134		GLU	1
3a4lB	134	1	B	135		LYS	1
3a4lB	135	1	B	136		PHE	1
3a4lB	136	1	B	137		ASP	1
3a4lB	137	1	B	138		GLU	1
3a4lB	138	1	B	139		PRO	1
3a4lB	139	1	B	140		GLY	1
3a4lB	140	1	B	141		LYS	1
3a4lB	141	1	B	142		LYS	1
3a4lB	142	1	B	143		TYR	1
3a4lB	143	1	B	144		LYS	1
3a4lB	144	1	B	145		TRP	1
3a4lB	145	1	B	146		ASP	1
3a4lB	146	1	B	147		GLU	1
3a4lB	147	1	B	148		PRO	1
3a4lB	148	1	B	149		PHE	1
3a4lB	149	1	B	150		LEU	1
3a4lB	150	1	B	151		ILE	1
3a4lB	151	1	B	152		ILE	1
3a4lB	152	1	B	153		ASP	1
3a4lB	153	1	B	154		THR	1
3a4lB	154	1	B	155		THR	1
3a4lB	155	1	B	156		LYS	1
3a4lB	156	1	B	157		ASP	1
3a4lB	157	1	B	158		ILE	1
3a4lB	158	1	B	159		ASP	1
3a4lB	159	1	B	160		PHE	1
3a4lB	160	1	B	161		ASN	1
3a4lB	161	1	B	162		GLU	1
3a4lB	162	1	B	163		ILE	1
3a4lB	163	1	B	164		ALA	1
3a4lB	164	1	B	165		LYS	1
3a4lB	165	1	B	166		LYS	1
3a4lB	166	1	B	167		LEU	1
3a4lB	167	1	B	168		ILE	1
3a4lB	168	1	B	169		GLU	1
3a4lB	169	1	B	170		LYS	1
3a4lB	170	1	B	171		SER	1
3a4lB	171	1	B	172		LYS	1
3a4lB	172	1	B	173		GLU	1
3a4lB	173	1	B	174		ILE	1
3a4lB	174	1	B	175		PRO	1
3a4lB	175	1	B	176		LYS	1
3a4lB	176	1	B	177		PHE	1
3a4lB	177	1	B	188		ASN	1
3a4lB	178	1	B	189		ASN	1
3a4lB	179	1	B	190		ILE	1
3a4lB	180	1	B	191		SER	1
3a4lB	181	1	B	192		ASP	1
3a4lB	182	1	B	193		LYS	2
3a4lB	183	1	B	194		ILE	2
3a4lB	184	1	B	195		ASP	2
3a4lB	185	1	B	196		LYS	2
3a4lB	186	1	B	197		GLU	2
3a4lB	187	1	B	198		THR	2
3a4lB	188	1	B	199		ARG	2
3a4lB	189	1	B	200		LYS	2
3a4lB	190	1	B	201		ILE	2
3a4lB	191	1	B	202		VAL	2
3a4lB	192	1	B	203		SER	2
3a4lB	193	1	B	204		GLU	2
3a4lB	194	1	B	205		TYR	2
3a4lB	195	1	B	206		ILE	2
3a4lB	196	1	B	207		LYS	2
3a4lB	197	1	B	208		SER	2
3a4lB	198	1	B	209		LYS	2
3a4lB	199	1	B	210		LYS	2
3a4lB	200	1	B	211		LEU	2
3a4lB	201	1	B	212		ASP	2
3a4lB	202	1	B	213		LYS	2
3a4lB	203	1	B	214		ASP	2
3a4lB	204	1	B	215		LYS	2
3a4lB	205	1	B	216		ILE	2
3a4lB	206	1	B	217		LYS	2
3a4lB	207	1	B	218		GLU	2
3a4lB	208	1	B	219		VAL	2
3a4lB	209	1	B	220		VAL	2
3a4lB	210	1	B	221		GLU	2
3a4lB	211	1	B	222		LEU	2
3a4lB	212	1	B	223		ARG	2
3a4lB	213	1	B	224		LYS	2
3a4lB	214	1	B	225		GLU	2
3a4lB	215	1	B	226		PHE	2
3a4lB	216	1	B	227		LEU	2
3a4lB	217	1	B	228		LYS	2
3a4lB	218	1	B	229		LYS	2
3a4lB	219	1	B	230		ILE	2
3a4lB	220	1	B	231		LYS	2
3a4lB	221	1	B	237		ASP	2
3a4lB	222	1	B	238		ALA	2
3a4lB	223	1	B	239		ASP	2
3a4lB	224	1	B	240		ARG	2
3a4lB	225	1	B	241		VAL	2
3a4lB	226	1	B	242		LEU	2
3a4lB	227	1	B	243		LYS	2
3a4lB	228	1	B	244		GLU	2
3a4lB	229	1	B	245		PHE	2
3a4lB	230	1	B	246		LYS	2
3a4lB	231	1	B	247		ASP	2
3a4lB	232	1	B	248		LEU	2
3a4lB	233	1	B	249		LEU	2
3a4lB	234	1	B	250		ASN	2
3a4lB	235	1	B	251		SER	2
3a4lB	236	1	B	252		TYR	2
3swoB	0	1	B	11		THR	1
3swoB	1	1	B	12		TYR	1
3swoB	2	1	B	13		ALA	1
3swoB	3	1	B	14		PRO	1
3swoB	4	1	B	15		LEU	1
3swoB	5	1	B	16		GLU	1
3swoB	6	1	B	17		LEU	1
3swoB	7	1	B	18		PHE	1
3swoB	8	1	B	19		ASP	1
3swoB	9	1	B	20		THR	1
3swoB	10	1	B	21		ASP	1
3swoB	11	1	B	22		ARG	1
3swoB	12	1	B	23		LEU	2
3swoB	13	1	B	24		LEU	2
3swoB	14	1	B	25		ASP	2
3swoB	15	1	B	26		GLN	2
3swoB	16	1	B	27		ASP	2
3swoB	17	1	B	28		GLU	2
3swoB	18	1	B	29		ARG	2
3swoB	19	1	B	30		ASP	2
3swoB	20	1	B	31		ILE	2
3swoB	21	1	B	32		ALA	2
3swoB	22	1	B	33		ALA	2
3swoB	23	1	B	34		THR	2
3swoB	24	1	B	35		VAL	2
3swoB	25	1	B	36		ARG	2
3swoB	26	1	B	37		GLN	2
3swoB	27	1	B	38		PHE	2
3swoB	28	1	B	39		VAL	2
3swoB	29	1	B	40		ASP	2
3swoB	30	1	B	41		THR	2
3swoB	31	1	B	42		ARG	2
3swoB	32	1	B	43		LEU	2
3swoB	33	1	B	44		LYS	2
3swoB	34	1	B	45		PRO	2
3swoB	35	1	B	46		ASN	2
3swoB	36	1	B	47		VAL	2
3swoB	37	1	B	48		GLU	2
3swoB	38	1	B	49		GLY	2
3swoB	39	1	B	50		TRP	2
3swoB	40	1	B	51		PHE	2
3swoB	41	1	B	52		GLU	2
3swoB	42	1	B	53		SER	2
3swoB	43	1	B	54		ALA	2
3swoB	44	1	B	55		THR	2
3swoB	45	1	B	56		LEU	2
3swoB	46	1	B	57		PRO	2
3swoB	47	1	B	58		SER	2
3swoB	48	1	B	59		GLU	2
3swoB	49	1	B	60		LEU	2
3swoB	50	1	B	61		ALA	2
3swoB	51	1	B	62		LYS	2
3swoB	52	1	B	63		GLU	2
3swoB	53	1	B	64		PHE	2
3swoB	54	1	B	65		GLY	2
3swoB	55	1	B	66		ASN	2
3swoB	56	1	B	67		LEU	2
3swoB	57	1	B	68		GLY	2
3swoB	58	1	B	69		VAL	2
3swoB	59	1	B	70		LEU	2
3swoB	60	1	B	71		GLY	2
3swoB	61	1	B	72		MET	2
3swoB	62	1	B	73		HIS	2
3swoB	63	1	B	74		LEU	2
3swoB	64	1	B	75		GLN	2
3swoB	65	1	B	76		GLY	2
3swoB	66	1	B	77		TYR	2
3swoB	67	1	B	78		GLY	2
3swoB	68	1	B	79		CYS	2
3swoB	69	1	B	80		ALA	2
3swoB	70	1	B	81		GLY	2
3swoB	71	1	B	82		THR	2
3swoB	72	1	B	83		ASN	2
3swoB	73	1	B	84		ALA	2
3swoB	74	1	B	85		VAL	2
3swoB	75	1	B	86		SER	2
3swoB	76	1	B	87		TYR	2
3swoB	77	1	B	88		GLY	2
3swoB	78	1	B	89		LEU	2
3swoB	79	1	B	90		ALA	2
3swoB	80	1	B	91		CYS	1
3swoB	81	1	B	92		MET	1
3swoB	82	1	B	93		GLU	1
3swoB	83	1	B	94		LEU	1
3swoB	84	1	B	95		GLU	1
3swoB	85	1	B	96		ALA	1
3swoB	86	1	B	97		GLY	1
3swoB	87	1	B	98		ASP	1
3swoB	88	1	B	99		SER	1
3swoB	89	1	B	100		GLY	1
3swoB	90	1	B	101		PHE	1
3swoB	91	1	B	102		ARG	1
3swoB	92	1	B	103		SER	1
3swoB	93	1	B	104		PHE	1
3swoB	94	1	B	105		VAL	1
3swoB	95	1	B	106		SER	1
3swoB	96	1	B	107		VAL	3
3swoB	97	1	B	108		GLN	3
3swoB	98	1	B	109		GLY	3
3swoB	99	1	B	110		SER	3
3swoB	100	1	B	111		LEU	3
3swoB	101	1	B	112		SER	3
3swoB	102	1	B	113		MET	3
3swoB	103	1	B	114		PHE	3
3swoB	104	1	B	115		SER	3
3swoB	105	1	B	116		ILE	3
3swoB	106	1	B	117		TYR	3
3swoB	107	1	B	118		ARG	3
3swoB	108	1	B	119		TYR	3
3swoB	109	1	B	120		GLY	3
3swoB	110	1	B	121		SER	3
3swoB	111	1	B	122		GLU	3
3swoB	112	1	B	123		GLU	3
3swoB	113	1	B	124		GLN	3
3swoB	114	1	B	125		LYS	3
3swoB	115	1	B	126		ASN	3
3swoB	116	1	B	127		GLU	3
3swoB	117	1	B	128		TRP	3
3swoB	118	1	B	129		LEU	3
3swoB	119	1	B	130		PRO	3
3swoB	120	1	B	131		ARG	3
3swoB	121	1	B	132		LEU	3
3swoB	122	1	B	133		ALA	3
3swoB	123	1	B	134		ALA	3
3swoB	124	1	B	135		GLY	3
3swoB	125	1	B	136		ASP	3
3swoB	126	1	B	137		ALA	3
3swoB	127	1	B	138		ILE	3
3swoB	128	1	B	139		GLY	3
3swoB	129	1	B	140		CYS	3
3swoB	130	1	B	141		PHE	3
3swoB	131	1	B	142		GLY	3
3swoB	132	1	B	143		LEU	3
3swoB	133	1	B	144		THR	3
3swoB	134	1	B	145		GLU	3
3swoB	135	1	B	146		PRO	3
3swoB	136	1	B	147		ASP	3
3swoB	137	1	B	148		PHE	3
3swoB	138	1	B	149		GLY	3
3swoB	139	1	B	150		SER	3
3swoB	140	1	B	151		ASN	3
3swoB	141	1	B	152		PRO	3
3swoB	142	1	B	153		ALA	3
3swoB	143	1	B	154		GLY	3
3swoB	144	1	B	155		MET	3
3swoB	145	1	B	156		ARG	3
3swoB	146	1	B	157		THR	3
3swoB	147	1	B	158		ARG	3
3swoB	148	1	B	159		ALA	3
3swoB	149	1	B	160		ARG	3
3swoB	150	1	B	161		ARG	3
3swoB	151	1	B	162		ASP	3
3swoB	152	1	B	163		GLY	3
3swoB	153	1	B	164		SER	3
3swoB	154	1	B	165		ASP	3
3swoB	155	1	B	166		TRP	3
3swoB	156	1	B	167		ILE	3
3swoB	157	1	B	168		LEU	3
3swoB	158	1	B	169		ASN	3
3swoB	159	1	B	170		GLY	3
3swoB	160	1	B	171		THR	3
3swoB	161	1	B	172		LYS	3
3swoB	162	1	B	173		MET	3
3swoB	163	1	B	174		TRP	3
3swoB	164	1	B	175		ILE	3
3swoB	165	1	B	176		THR	3
3swoB	166	1	B	177		ASN	3
3swoB	167	1	B	178		GLY	3
3swoB	168	1	B	179		ASN	3
3swoB	169	1	B	180		LEU	3
3swoB	170	1	B	181		ALA	3
3swoB	171	1	B	182		ASP	3
3swoB	172	1	B	183		VAL	3
3swoB	173	1	B	184		ALA	3
3swoB	174	1	B	185		THR	3
3swoB	175	1	B	186		VAL	3
3swoB	176	1	B	187		TRP	3
3swoB	177	1	B	188		ALA	3
3swoB	178	1	B	189		GLN	3
3swoB	179	1	B	190		THR	3
3swoB	180	1	B	191		ASP	3
3swoB	181	1	B	192		ASP	3
3swoB	182	1	B	193		GLY	3
3swoB	183	1	B	194		ILE	3
3swoB	184	1	B	195		ARG	3
3swoB	185	1	B	196		GLY	3
3swoB	186	1	B	197		PHE	3
3swoB	187	1	B	198		LEU	3
3swoB	188	1	B	199		VAL	3
3swoB	189	1	B	200		PRO	3
3swoB	190	1	B	201		THR	3
3swoB	191	1	B	202		ASP	3
3swoB	192	1	B	203		THR	3
3swoB	193	1	B	204		PRO	3
3swoB	194	1	B	205		GLY	3
3swoB	195	1	B	206		PHE	3
3swoB	196	1	B	207		THR	3
3swoB	197	1	B	208		ALA	3
3swoB	198	1	B	209		ASN	3
3swoB	199	1	B	210		GLU	3
3swoB	200	1	B	211		ILE	3
3swoB	201	1	B	212		HIS	3
3swoB	202	1	B	213		ARG	3
3swoB	203	1	B	214		LYS	3
3swoB	204	1	B	215		LEU	3
3swoB	205	1	B	216		SER	3
3swoB	206	1	B	217		LEU	3
3swoB	207	1	B	218		ARG	3
3swoB	208	1	B	219		ALA	3
3swoB	209	1	B	220		SER	3
3swoB	210	1	B	221		VAL	3
3swoB	211	1	B	222		THR	3
3swoB	212	1	B	223		SER	3
3swoB	213	1	B	224		GLU	3
3swoB	214	1	B	225		LEU	3
3swoB	215	1	B	226		VAL	3
3swoB	216	1	B	227		LEU	3
3swoB	217	1	B	228		ASP	3
3swoB	218	1	B	229		ASN	3
3swoB	219	1	B	230		VAL	3
3swoB	220	1	B	231		ARG	3
3swoB	221	1	B	232		LEU	3
3swoB	222	1	B	233		PRO	3
3swoB	223	1	B	234		ALA	3
3swoB	224	1	B	235		SER	3
3swoB	225	1	B	236		ALA	3
3swoB	226	1	B	237		GLN	3
3swoB	227	1	B	238		LEU	3
3swoB	228	1	B	239		PRO	3
3swoB	229	1	B	240		LEU	3
3swoB	230	1	B	241		ALA	3
3swoB	231	1	B	242		GLU	3
3swoB	232	1	B	243		GLY	3
3swoB	233	1	B	244		LEU	3
3swoB	234	1	B	245		SER	3
3swoB	235	1	B	246		ALA	3
3swoB	236	1	B	247		PRO	3
3swoB	237	1	B	248		LEU	3
3swoB	238	1	B	249		SER	3
3swoB	239	1	B	250		CYS	3
3swoB	240	1	B	251		LEU	3
3swoB	241	1	B	252		ASN	3
3swoB	242	1	B	253		GLU	3
3swoB	243	1	B	254		ALA	1
3swoB	244	1	B	255		ARG	1
3swoB	245	1	B	256		PHE	1
3swoB	246	1	B	257		GLY	1
3swoB	247	1	B	258		ILE	1
3swoB	248	1	B	259		VAL	1
3swoB	249	1	B	260		PHE	1
3swoB	250	1	B	261		GLY	1
3swoB	251	1	B	262		ALA	1
3swoB	252	1	B	263		LEU	1
3swoB	253	1	B	264		GLY	1
3swoB	254	1	B	265		ALA	1
3swoB	255	1	B	266		ALA	1
3swoB	256	1	B	267		ARG	1
3swoB	257	1	B	268		ASP	1
3swoB	258	1	B	269		SER	1
3swoB	259	1	B	270		LEU	1
3swoB	260	1	B	271		GLU	1
3swoB	261	1	B	272		THR	1
3swoB	262	1	B	273		THR	1
3swoB	263	1	B	274		ILE	1
3swoB	264	1	B	275		ALA	1
3swoB	265	1	B	276		TYR	1
3swoB	266	1	B	277		THR	1
3swoB	267	1	B	278		GLN	1
3swoB	268	1	B	279		SER	1
3swoB	269	1	B	280		ARG	1
3swoB	270	1	B	281		GLU	1
3swoB	271	1	B	282		VAL	1
3swoB	272	1	B	283		PHE	1
3swoB	273	1	B	284		ASP	1
3swoB	274	1	B	285		LYS	1
3swoB	275	1	B	286		PRO	1
3swoB	276	1	B	287		LEU	1
3swoB	277	1	B	288		SER	1
3swoB	278	1	B	289		ASN	1
3swoB	279	1	B	290		TYR	1
3swoB	280	1	B	291		GLN	1
3swoB	281	1	B	292		LEU	1
3swoB	282	1	B	293		THR	1
3swoB	283	1	B	294		GLN	1
3swoB	284	1	B	295		GLU	1
3swoB	285	1	B	296		LYS	1
3swoB	286	1	B	297		LEU	1
3swoB	287	1	B	298		ALA	1
3swoB	288	1	B	299		ASN	1
3swoB	289	1	B	300		MET	1
3swoB	290	1	B	301		THR	1
3swoB	291	1	B	302		VAL	1
3swoB	292	1	B	303		GLU	1
3swoB	293	1	B	304		LEU	1
3swoB	294	1	B	305		GLY	1
3swoB	295	1	B	306		LYS	1
3swoB	296	1	B	307		GLY	1
3swoB	297	1	B	308		MET	1
3swoB	298	1	B	309		LEU	1
3swoB	299	1	B	310		LEU	1
3swoB	300	1	B	311		ALA	1
3swoB	301	1	B	312		ILE	1
3swoB	302	1	B	313		HIS	1
3swoB	303	1	B	314		LEU	1
3swoB	304	1	B	315		GLY	1
3swoB	305	1	B	316		ARG	1
3swoB	306	1	B	317		ILE	1
3swoB	307	1	B	318		LYS	1
3swoB	308	1	B	319		ASP	1
3swoB	309	1	B	320		ALA	1
3swoB	310	1	B	321		GLU	1
3swoB	311	1	B	322		GLY	1
3swoB	312	1	B	323		VAL	1
3swoB	313	1	B	324		ARG	1
3swoB	314	1	B	325		PRO	1
3swoB	315	1	B	326		GLU	1
3swoB	316	1	B	327		GLN	1
3swoB	317	1	B	328		ILE	1
3swoB	318	1	B	329		SER	1
3swoB	319	1	B	330		LEU	1
3swoB	320	1	B	331		GLY	1
3swoB	321	1	B	332		LYS	1
3swoB	322	1	B	333		LEU	1
3swoB	323	1	B	334		ASN	1
3swoB	324	1	B	335		ASN	1
3swoB	325	1	B	336		VAL	1
3swoB	326	1	B	337		ARG	1
3swoB	327	1	B	338		GLU	1
3swoB	328	1	B	339		ALA	1
3swoB	329	1	B	340		ILE	1
3swoB	330	1	B	341		ALA	1
3swoB	331	1	B	342		ILE	1
3swoB	332	1	B	343		ALA	1
3swoB	333	1	B	344		ARG	1
3swoB	334	1	B	345		GLU	1
3swoB	335	1	B	346		CYS	1
3swoB	336	1	B	347		ARG	1
3swoB	337	1	B	348		THR	1
3swoB	338	1	B	349		LEU	1
3swoB	339	1	B	350		LEU	1
3swoB	340	1	B	351		GLY	1
3swoB	341	1	B	352		GLY	1
3swoB	342	1	B	353		SER	1
3swoB	343	1	B	354		GLY	1
3swoB	344	1	B	355		ILE	1
3swoB	345	1	B	356		THR	1
3swoB	346	1	B	357		LEU	1
3swoB	347	1	B	358		GLU	1
3swoB	348	1	B	359		TYR	1
3swoB	349	1	B	360		SER	1
3swoB	350	1	B	361		PRO	1
3swoB	351	1	B	362		LEU	1
3swoB	352	1	B	363		ARG	1
3swoB	353	1	B	364		HIS	1
3swoB	354	1	B	365		ALA	1
3swoB	355	1	B	366		ASN	1
3swoB	356	1	B	367		ASN	1
3swoB	357	1	B	368		LEU	1
3swoB	358	1	B	369		GLU	1
3swoB	359	1	B	370		SER	1
3swoB	360	1	B	371		VAL	1
3swoB	361	1	B	372		LEU	1
3swoB	362	1	B	373		THR	1
3swoB	363	1	B	374		TYR	1
3swoB	364	1	B	375		GLU	1
3swoB	365	1	B	376		GLY	1
3swoB	366	1	B	377		THR	1
3swoB	367	1	B	378		SER	1
3swoB	368	1	B	379		GLU	1
3swoB	369	1	B	380		MET	1
3swoB	370	1	B	381		HIS	1
3swoB	371	1	B	382		LEU	1
3swoB	372	1	B	383		LEU	1
3swoB	373	1	B	384		SER	1
3swoB	374	1	B	385		ILE	1
3swoB	375	1	B	386		GLY	1
3swoB	376	1	B	387		LYS	1
3swoB	377	1	B	388		ALA	1
3swoB	378	1	B	389		LEU	1
3swoB	379	1	B	390		THR	1
3swoB	380	1	B	391		GLY	1
3swoB	381	1	B	392		LYS	1
3swoB	382	1	B	393		ALA	1
3swoB	383	1	B	394		ALA	1
3swoB	384	1	B	395		PHE	1
3swoB	385	1	B	396		ARG	1
3vkwA	0	1	A	672		GLU	1
3vkwA	1	1	A	673		ILE	1
3vkwA	2	1	A	674		GLU	1
3vkwA	3	1	A	675		SER	1
3vkwA	4	1	A	676		LEU	1
3vkwA	5	1	A	677		GLU	1
3vkwA	6	1	A	678		GLN	1
3vkwA	7	1	A	679		PHE	1
3vkwA	8	1	A	680		HIS	1
3vkwA	9	1	A	681		MET	1
3vkwA	10	1	A	682		ALA	1
3vkwA	11	1	A	683		THR	1
3vkwA	12	1	A	684		ALA	1
3vkwA	13	1	A	685		SER	1
3vkwA	14	1	A	686		SER	1
3vkwA	15	1	A	687		LEU	1
3vkwA	16	1	A	688		ILE	1
3vkwA	17	1	A	689		HIS	1
3vkwA	18	1	A	690		LYS	1
3vkwA	19	1	A	691		GLN	1
3vkwA	20	1	A	692		MET	1
3vkwA	21	1	A	693		CYS	1
3vkwA	22	1	A	694		SER	1
3vkwA	23	1	A	695		ILE	1
3vkwA	24	1	A	696		VAL	1
3vkwA	25	1	A	697		TYR	1
3vkwA	26	1	A	698		THR	1
3vkwA	27	1	A	699		GLY	1
3vkwA	28	1	A	700		PRO	1
3vkwA	29	1	A	701		LEU	1
3vkwA	30	1	A	702		LYS	1
3vkwA	31	1	A	703		VAL	1
3vkwA	32	1	A	704		GLN	1
3vkwA	33	1	A	705		GLN	1
3vkwA	34	1	A	706		MET	1
3vkwA	35	1	A	707		LYS	1
3vkwA	36	1	A	708		ASN	1
3vkwA	37	1	A	709		PHE	1
3vkwA	38	1	A	710		ILE	1
3vkwA	39	1	A	711		ASP	1
3vkwA	40	1	A	712		SER	1
3vkwA	41	1	A	713		LEU	1
3vkwA	42	1	A	714		VAL	1
3vkwA	43	1	A	715		ALA	1
3vkwA	44	1	A	716		SER	1
3vkwA	45	1	A	717		LEU	1
3vkwA	46	1	A	718		SER	1
3vkwA	47	1	A	719		ALA	1
3vkwA	48	1	A	720		ALA	1
3vkwA	49	1	A	721		VAL	1
3vkwA	50	1	A	722		SER	1
3vkwA	51	1	A	723		ASN	1
3vkwA	52	1	A	724		LEU	1
3vkwA	53	1	A	725		VAL	1
3vkwA	54	1	A	726		LYS	1
3vkwA	55	1	A	727		ILE	1
3vkwA	56	1	A	728		LEU	1
3vkwA	57	1	A	729		LYS	1
3vkwA	58	1	A	730		ASP	1
3vkwA	59	1	A	731		THR	1
3vkwA	60	1	A	732		ALA	1
3vkwA	61	1	A	733		ALA	1
3vkwA	62	1	A	734		ILE	1
3vkwA	63	1	A	735		ASP	1
3vkwA	64	1	A	736		LEU	1
3vkwA	65	1	A	737		GLU	1
3vkwA	66	1	A	738		THR	1
3vkwA	67	1	A	739		ARG	1
3vkwA	68	1	A	740		GLN	1
3vkwA	69	1	A	741		LYS	1
3vkwA	70	1	A	742		PHE	1
3vkwA	71	1	A	743		GLY	1
3vkwA	72	1	A	744		VAL	1
3vkwA	73	1	A	745		LEU	1
3vkwA	74	1	A	746		ASP	1
3vkwA	75	1	A	747		VAL	1
3vkwA	76	1	A	748		ALA	1
3vkwA	77	1	A	749		SER	1
3vkwA	78	1	A	750		LYS	1
3vkwA	79	1	A	751		ARG	1
3vkwA	80	1	A	752		TRP	1
3vkwA	81	1	A	753		LEU	1
3vkwA	82	1	A	754		VAL	1
3vkwA	83	1	A	755		LYS	1
3vkwA	84	1	A	756		PRO	1
3vkwA	85	1	A	757		SER	1
3vkwA	86	1	A	758		ALA	1
3vkwA	87	1	A	759		LYS	1
3vkwA	88	1	A	760		ASN	1
3vkwA	89	1	A	761		HIS	1
3vkwA	90	1	A	762		ALA	1
3vkwA	91	1	A	763		TRP	1
3vkwA	92	1	A	764		GLY	1
3vkwA	93	1	A	765		VAL	1
3vkwA	94	1	A	766		VAL	1
3vkwA	95	1	A	767		GLU	1
3vkwA	96	1	A	768		THR	1
3vkwA	97	1	A	769		HIS	1
3vkwA	98	1	A	770		ALA	1
3vkwA	99	1	A	771		ARG	1
3vkwA	100	1	A	772		LYS	1
3vkwA	101	1	A	773		TYR	1
3vkwA	102	1	A	774		HIS	1
3vkwA	103	1	A	775		VAL	1
3vkwA	104	1	A	776		ALA	1
3vkwA	105	1	A	777		LEU	1
3vkwA	106	1	A	778		LEU	1
3vkwA	107	1	A	779		GLU	1
3vkwA	108	1	A	780		HIS	1
3vkwA	109	1	A	781		ASP	1
3vkwA	110	1	A	782		GLU	1
3vkwA	111	1	A	783		PHE	1
3vkwA	112	1	A	784		GLY	1
3vkwA	113	1	A	785		ILE	1
3vkwA	114	1	A	786		ILE	1
3vkwA	115	1	A	787		THR	1
3vkwA	116	1	A	788		CYS	1
3vkwA	117	1	A	789		ASP	1
3vkwA	118	1	A	790		ASN	1
3vkwA	119	1	A	791		TRP	1
3vkwA	120	1	A	792		ARG	1
3vkwA	121	1	A	793		ARG	1
3vkwA	122	1	A	794		VAL	1
3vkwA	123	1	A	795		ALA	1
3vkwA	124	1	A	796		VAL	1
3vkwA	125	1	A	797		SER	1
3vkwA	126	1	A	798		SER	1
3vkwA	127	1	A	799		GLU	1
3vkwA	128	1	A	800		SER	1
3vkwA	129	1	A	801		VAL	1
3vkwA	130	1	A	802		VAL	1
3vkwA	131	1	A	803		TYR	1
3vkwA	132	1	A	804		SER	1
3vkwA	133	1	A	805		ASP	1
3vkwA	134	1	A	806		MET	1
3vkwA	135	1	A	807		ALA	1
3vkwA	136	1	A	808		LYS	1
3vkwA	137	1	A	809		LEU	1
3vkwA	138	1	A	810		ARG	1
3vkwA	139	1	A	811		THR	1
3vkwA	140	1	A	812		LEU	1
3vkwA	141	1	A	813		ARG	1
3vkwA	142	1	A	814		ARG	1
3vkwA	143	1	A	815		LEU	1
3vkwA	144	1	A	816		LEU	1
3vkwA	145	1	A	817		LYS	1
3vkwA	146	1	A	818		ASP	1
3vkwA	147	1	A	819		GLY	1
3vkwA	148	1	A	820		GLU	1
3vkwA	149	1	A	821		PRO	1
3vkwA	150	1	A	822		HIS	1
3vkwA	151	1	A	823		VAL	1
3vkwA	152	1	A	824		SER	2
3vkwA	153	1	A	825		SER	2
3vkwA	154	1	A	826		ALA	2
3vkwA	155	1	A	827		LYS	2
3vkwA	156	1	A	828		VAL	2
3vkwA	157	1	A	829		VAL	2
3vkwA	158	1	A	830		LEU	2
3vkwA	159	1	A	831		VAL	2
3vkwA	160	1	A	832		ASP	2
3vkwA	161	1	A	833		GLY	2
3vkwA	162	1	A	834		VAL	2
3vkwA	163	1	A	835		PRO	2
3vkwA	164	1	A	836		GLY	2
3vkwA	165	1	A	837		CYS	2
3vkwA	166	1	A	838		GLY	2
3vkwA	167	1	A	839		LYS	2
3vkwA	168	1	A	840		THR	2
3vkwA	169	1	A	841		LYS	2
3vkwA	170	1	A	842		GLU	2
3vkwA	171	1	A	843		ILE	2
3vkwA	172	1	A	844		LEU	2
3vkwA	173	1	A	845		SER	2
3vkwA	174	1	A	846		ARG	2
3vkwA	175	1	A	847		VAL	2
3vkwA	176	1	A	848		ASN	2
3vkwA	177	1	A	849		PHE	2
3vkwA	178	1	A	850		GLU	2
3vkwA	179	1	A	851		GLU	2
3vkwA	180	1	A	852		ASP	2
3vkwA	181	1	A	853		LEU	2
3vkwA	182	1	A	854		ILE	2
3vkwA	183	1	A	855		LEU	2
3vkwA	184	1	A	856		VAL	2
3vkwA	185	1	A	857		PRO	2
3vkwA	186	1	A	858		GLY	2
3vkwA	187	1	A	859		ARG	2
3vkwA	188	1	A	860		GLN	2
3vkwA	189	1	A	861		ALA	2
3vkwA	190	1	A	862		ALA	2
3vkwA	191	1	A	863		GLU	2
3vkwA	192	1	A	864		MET	2
3vkwA	193	1	A	865		ILE	2
3vkwA	194	1	A	866		ARG	2
3vkwA	195	1	A	867		ARG	2
3vkwA	196	1	A	868		ARG	2
3vkwA	197	1	A	869		ALA	2
3vkwA	198	1	A	870		ASN	2
3vkwA	199	1	A	871		ALA	2
3vkwA	200	1	A	872		SER	2
3vkwA	201	1	A	873		GLY	2
3vkwA	202	1	A	874		ILE	2
3vkwA	203	1	A	875		ILE	2
3vkwA	204	1	A	876		VAL	2
3vkwA	205	1	A	877		ALA	2
3vkwA	206	1	A	878		THR	2
3vkwA	207	1	A	879		LYS	2
3vkwA	208	1	A	880		ASP	2
3vkwA	209	1	A	881		ASN	2
3vkwA	210	1	A	882		VAL	2
3vkwA	211	1	A	883		ARG	2
3vkwA	212	1	A	884		THR	2
3vkwA	213	1	A	885		VAL	2
3vkwA	214	1	A	886		ASP	2
3vkwA	215	1	A	887		SER	2
3vkwA	216	1	A	888		PHE	2
3vkwA	217	1	A	889		LEU	2
3vkwA	218	1	A	890		MET	2
3vkwA	219	1	A	891		ASN	2
3vkwA	220	1	A	892		TYR	2
3vkwA	221	1	A	893		GLY	2
3vkwA	222	1	A	894		LYS	2
3vkwA	223	1	A	895		GLY	2
3vkwA	224	1	A	896		ALA	2
3vkwA	225	1	A	897		ARG	2
3vkwA	226	1	A	898		CYS	2
3vkwA	227	1	A	899		GLN	2
3vkwA	228	1	A	900		PHE	2
3vkwA	229	1	A	901		LYS	2
3vkwA	230	1	A	902		ARG	2
3vkwA	231	1	A	903		LEU	2
3vkwA	232	1	A	904		PHE	2
3vkwA	233	1	A	905		ILE	2
3vkwA	234	1	A	906		ASP	2
3vkwA	235	1	A	907		GLU	2
3vkwA	236	1	A	908		GLY	2
3vkwA	237	1	A	909		LEU	2
3vkwA	238	1	A	910		MET	2
3vkwA	239	1	A	911		LEU	2
3vkwA	240	1	A	912		HIS	2
3vkwA	241	1	A	913		THR	2
3vkwA	242	1	A	914		GLY	2
3vkwA	243	1	A	915		CYS	2
3vkwA	244	1	A	916		VAL	2
3vkwA	245	1	A	917		ASN	2
3vkwA	246	1	A	918		PHE	2
3vkwA	247	1	A	919		LEU	2
3vkwA	248	1	A	920		VAL	2
3vkwA	249	1	A	921		GLU	2
3vkwA	250	1	A	922		MET	2
3vkwA	251	1	A	923		SER	2
3vkwA	252	1	A	924		LEU	2
3vkwA	253	1	A	925		CYS	2
3vkwA	254	1	A	926		ASP	2
3vkwA	255	1	A	927		ILE	2
3vkwA	256	1	A	928		ALA	2
3vkwA	257	1	A	929		TYR	2
3vkwA	258	1	A	930		VAL	2
3vkwA	259	1	A	931		TYR	2
3vkwA	260	1	A	932		GLY	2
3vkwA	261	1	A	933		ASP	2
3vkwA	262	1	A	934		THR	2
3vkwA	263	1	A	935		GLN	2
3vkwA	264	1	A	936		GLN	2
3vkwA	265	1	A	937		ILE	2
3vkwA	266	1	A	938		PRO	2
3vkwA	267	1	A	939		TYR	2
3vkwA	268	1	A	940		ILE	2
3vkwA	269	1	A	941		ASN	2
3vkwA	270	1	A	942		ARG	2
3vkwA	271	1	A	943		VAL	2
3vkwA	272	1	A	944		THR	2
3vkwA	273	1	A	945		GLY	2
3vkwA	274	1	A	946		PHE	2
3vkwA	275	1	A	947		PRO	2
3vkwA	276	1	A	948		TYR	2
3vkwA	277	1	A	949		PRO	2
3vkwA	278	1	A	950		ALA	2
3vkwA	279	1	A	951		HIS	2
3vkwA	280	1	A	952		PHE	2
3vkwA	281	1	A	953		ALA	2
3vkwA	282	1	A	954		LYS	2
3vkwA	283	1	A	955		LEU	2
3vkwA	284	1	A	956		GLU	2
3vkwA	285	1	A	957		VAL	2
3vkwA	286	1	A	958		ASP	2
3vkwA	287	1	A	959		GLU	2
3vkwA	288	1	A	960		VAL	2
3vkwA	289	1	A	961		GLU	2
3vkwA	290	1	A	962		THR	2
3vkwA	291	1	A	963		ARG	2
3vkwA	292	1	A	964		ARG	3
3vkwA	293	1	A	965		THR	3
3vkwA	294	1	A	966		THR	3
3vkwA	295	1	A	967		LEU	3
3vkwA	296	1	A	968		ARG	3
3vkwA	297	1	A	969		CYS	3
3vkwA	298	1	A	970		PRO	3
3vkwA	299	1	A	971		ALA	3
3vkwA	300	1	A	972		ASP	3
3vkwA	301	1	A	973		VAL	3
3vkwA	302	1	A	974		THR	3
3vkwA	303	1	A	975		HIS	3
3vkwA	304	1	A	976		PHE	3
3vkwA	305	1	A	977		LEU	3
3vkwA	306	1	A	978		ASN	3
3vkwA	307	1	A	979		GLN	3
3vkwA	308	1	A	980		ARG	3
3vkwA	309	1	A	981		TYR	3
3vkwA	310	1	A	982		GLU	3
3vkwA	311	1	A	983		GLY	3
3vkwA	312	1	A	984		HIS	3
3vkwA	313	1	A	985		VAL	3
3vkwA	314	1	A	986		MET	3
3vkwA	315	1	A	987		CYS	3
3vkwA	316	1	A	988		THR	3
3vkwA	317	1	A	989		SER	3
3vkwA	318	1	A	990		SER	3
3vkwA	319	1	A	991		GLU	3
3vkwA	320	1	A	992		LYS	3
3vkwA	321	1	A	993		LYS	3
3vkwA	322	1	A	994		SER	3
3vkwA	323	1	A	995		VAL	3
3vkwA	324	1	A	996		SER	3
3vkwA	325	1	A	997		GLN	3
3vkwA	326	1	A	998		GLU	3
3vkwA	327	1	A	999		MET	3
3vkwA	328	1	A	1000		VAL	3
3vkwA	329	1	A	1001		SER	3
3vkwA	330	1	A	1002		GLY	3
3vkwA	331	1	A	1003		ALA	3
3vkwA	332	1	A	1004		ALA	3
3vkwA	333	1	A	1005		SER	3
3vkwA	334	1	A	1006		ILE	3
3vkwA	335	1	A	1007		ASN	3
3vkwA	336	1	A	1008		PRO	3
3vkwA	337	1	A	1009		VAL	3
3vkwA	338	1	A	1010		SER	3
3vkwA	339	1	A	1011		LYS	3
3vkwA	340	1	A	1012		PRO	3
3vkwA	341	1	A	1013		LEU	3
3vkwA	342	1	A	1014		LYS	3
3vkwA	343	1	A	1015		GLY	3
3vkwA	344	1	A	1016		LYS	3
3vkwA	345	1	A	1017		ILE	3
3vkwA	346	1	A	1018		LEU	3
3vkwA	347	1	A	1019		THR	3
3vkwA	348	1	A	1020		PHE	3
3vkwA	349	1	A	1021		THR	3
3vkwA	350	1	A	1022		GLN	3
3vkwA	351	1	A	1023		SER	3
3vkwA	352	1	A	1024		ASP	3
3vkwA	353	1	A	1025		LYS	3
3vkwA	354	1	A	1026		GLU	3
3vkwA	355	1	A	1027		ALA	3
3vkwA	356	1	A	1028		LEU	3
3vkwA	357	1	A	1029		LEU	3
3vkwA	358	1	A	1030		SER	3
3vkwA	359	1	A	1031		ARG	3
3vkwA	360	1	A	1032		GLY	3
3vkwA	361	1	A	1033		TYR	3
3vkwA	362	1	A	1034		ALA	3
3vkwA	363	1	A	1035		ASP	3
3vkwA	364	1	A	1036		VAL	3
3vkwA	365	1	A	1037		HIS	3
3vkwA	366	1	A	1038		THR	3
3vkwA	367	1	A	1039		VAL	3
3vkwA	368	1	A	1040		HIS	3
3vkwA	369	1	A	1041		GLU	3
3vkwA	370	1	A	1042		VAL	3
3vkwA	371	1	A	1043		GLN	3
3vkwA	372	1	A	1044		GLY	3
3vkwA	373	1	A	1045		GLU	3
3vkwA	374	1	A	1046		THR	3
3vkwA	375	1	A	1047		TYR	3
3vkwA	376	1	A	1048		ALA	3
3vkwA	377	1	A	1049		ASP	3
3vkwA	378	1	A	1050		VAL	3
3vkwA	379	1	A	1051		SER	3
3vkwA	380	1	A	1052		LEU	3
3vkwA	381	1	A	1053		VAL	3
3vkwA	382	1	A	1054		ARG	3
3vkwA	383	1	A	1055		LEU	3
3vkwA	384	1	A	1056		THR	3
3vkwA	385	1	A	1057		PRO	3
3vkwA	386	1	A	1058		THR	3
3vkwA	387	1	A	1059		PRO	3
3vkwA	388	1	A	1060		VAL	3
3vkwA	389	1	A	1061		SER	3
3vkwA	390	1	A	1062		ILE	3
3vkwA	391	1	A	1063		ILE	3
3vkwA	392	1	A	1064		ALA	3
3vkwA	393	1	A	1065		ARG	3
3vkwA	394	1	A	1066		ASP	3
3vkwA	395	1	A	1067		SER	3
3vkwA	396	1	A	1068		PRO	3
3vkwA	397	1	A	1069		HIS	3
3vkwA	398	1	A	1070		VAL	3
3vkwA	399	1	A	1071		LEU	3
3vkwA	400	1	A	1072		VAL	3
3vkwA	401	1	A	1073		SER	3
3vkwA	402	1	A	1074		LEU	3
3vkwA	403	1	A	1075		SER	3
3vkwA	404	1	A	1076		ARG	3
3vkwA	405	1	A	1077		HIS	3
3vkwA	406	1	A	1078		THR	3
3vkwA	407	1	A	1079		LYS	3
3vkwA	408	1	A	1080		SER	3
3vkwA	409	1	A	1081		LEU	3
3vkwA	410	1	A	1082		LYS	3
3vkwA	411	1	A	1083		TYR	3
3vkwA	412	1	A	1084		TYR	3
3vkwA	413	1	A	1085		THR	3
3vkwA	414	1	A	1086		VAL	3
3vkwA	415	1	A	1087		VAL	3
3vkwA	416	1	A	1088		MET	3
3vkwA	417	1	A	1089		ASP	3
3vkwA	418	1	A	1090		PRO	3
3vkwA	419	1	A	1091		LEU	3
3vkwA	420	1	A	1092		VAL	3
3vkwA	421	1	A	1093		SER	3
3vkwA	422	1	A	1094		ILE	3
3vkwA	423	1	A	1095		ILE	3
3vkwA	424	1	A	1096		ARG	3
3vkwA	425	1	A	1097		ASP	3
3vkwA	426	1	A	1098		LEU	3
3vkwA	427	1	A	1099		GLU	3
3vkwA	428	1	A	1100		ARG	3
3vkwA	429	1	A	1101		VAL	3
3vkwA	430	1	A	1102		SER	3
3vkwA	431	1	A	1103		SER	3
3vkwA	432	1	A	1104		TYR	3
3vkwA	433	1	A	1105		LEU	3
3vkwA	434	1	A	1106		LEU	3
3vkwA	435	1	A	1107		ASP	3
3vkwA	436	1	A	1108		MET	3
3vkwA	437	1	A	1109		TYR	3
3vkwA	438	1	A	1110		LYS	3
3vkwA	439	1	A	1111		VAL	3
4o5qA	0	1	A	1		MET	1
4o5qA	1	1	A	2		LEU	1
4o5qA	2	1	A	3		ASP	1
4o5qA	3	1	A	4		THR	1
4o5qA	4	1	A	5		ASN	1
4o5qA	5	1	A	6		MET	1
4o5qA	6	1	A	7		LYS	1
4o5qA	7	1	A	8		THR	1
4o5qA	8	1	A	9		GLN	1
4o5qA	9	1	A	10		LEU	1
4o5qA	10	1	A	11		LYS	1
4o5qA	11	1	A	12		ALA	1
4o5qA	12	1	A	13		TYR	1
4o5qA	13	1	A	14		LEU	1
4o5qA	14	1	A	15		GLU	1
4o5qA	15	1	A	16		LYS	1
4o5qA	16	1	A	17		LEU	1
4o5qA	17	1	A	18		THR	1
4o5qA	18	1	A	19		LYS	1
4o5qA	19	1	A	20		PRO	1
4o5qA	20	1	A	21		VAL	1
4o5qA	21	1	A	22		GLU	1
4o5qA	22	1	A	23		LEU	1
4o5qA	23	1	A	24		ILE	1
4o5qA	24	1	A	25		ALA	1
4o5qA	25	1	A	26		THR	1
4o5qA	26	1	A	27		LEU	1
4o5qA	27	1	A	28		ASP	1
4o5qA	28	1	A	29		ASP	1
4o5qA	29	1	A	30		SER	1
4o5qA	30	1	A	31		ALA	1
4o5qA	31	1	A	32		LYS	1
4o5qA	32	1	A	33		SER	1
4o5qA	33	1	A	34		ALA	1
4o5qA	34	1	A	35		GLU	1
4o5qA	35	1	A	36		ILE	1
4o5qA	36	1	A	37		LYS	1
4o5qA	37	1	A	38		GLU	1
4o5qA	38	1	A	39		LEU	1
4o5qA	39	1	A	40		LEU	1
4o5qA	40	1	A	41		ALA	1
4o5qA	41	1	A	42		GLU	1
4o5qA	42	1	A	43		ILE	1
4o5qA	43	1	A	44		ALA	1
4o5qA	44	1	A	45		GLU	1
4o5qA	45	1	A	46		LEU	1
4o5qA	46	1	A	47		SER	1
4o5qA	47	1	A	48		ASP	1
4o5qA	48	1	A	49		LYS	1
4o5qA	49	1	A	50		VAL	1
4o5qA	50	1	A	51		THR	1
4o5qA	51	1	A	52		PHE	1
4o5qA	52	1	A	53		LYS	1
4o5qA	53	1	A	54		GLU	1
4o5qA	54	1	A	55		ASP	1
4o5qA	55	1	A	56		ASN	1
4o5qA	56	1	A	57		SER	1
4o5qA	57	1	A	58		LEU	1
4o5qA	58	1	A	59		PRO	1
4o5qA	59	1	A	60		VAL	1
4o5qA	60	1	A	61		ARG	1
4o5qA	61	1	A	62		LYS	1
4o5qA	62	1	A	63		PRO	1
4o5qA	63	1	A	64		SER	1
4o5qA	64	1	A	65		PHE	1
4o5qA	65	1	A	66		LEU	1
4o5qA	66	1	A	67		ILE	1
4o5qA	67	1	A	68		THR	1
4o5qA	68	1	A	69		ASN	1
4o5qA	69	1	A	70		PRO	1
4o5qA	70	1	A	71		GLY	1
4o5qA	71	1	A	72		SER	1
4o5qA	72	1	A	73		ASN	1
4o5qA	73	1	A	74		GLN	1
4o5qA	74	1	A	75		GLY	1
4o5qA	75	1	A	76		PRO	2
4o5qA	76	1	A	77		ARG	2
4o5qA	77	1	A	78		PHE	2
4o5qA	78	1	A	79		ALA	2
4o5qA	79	1	A	80		GLY	2
4o5qA	80	1	A	81		SER	2
4o5qA	81	1	A	82		PRO	2
4o5qA	82	1	A	83		LEU	2
4o5qA	83	1	A	84		GLY	2
4o5qA	84	1	A	85		HIS	2
4o5qA	85	1	A	86		GLU	2
4o5qA	86	1	A	87		PHE	2
4o5qA	87	1	A	88		THR	2
4o5qA	88	1	A	89		SER	2
4o5qA	89	1	A	90		LEU	2
4o5qA	90	1	A	91		VAL	2
4o5qA	91	1	A	92		LEU	2
4o5qA	92	1	A	93		ALA	2
4o5qA	93	1	A	94		LEU	2
4o5qA	94	1	A	95		LEU	2
4o5qA	95	1	A	96		TRP	2
4o5qA	96	1	A	97		THR	2
4o5qA	97	1	A	98		GLY	2
4o5qA	98	1	A	99		GLY	2
4o5qA	99	1	A	100		HIS	2
4o5qA	100	1	A	101		PRO	2
4o5qA	101	1	A	102		SER	2
4o5qA	102	1	A	103		LYS	2
4o5qA	103	1	A	104		GLU	2
4o5qA	104	1	A	105		ALA	2
4o5qA	105	1	A	106		GLN	2
4o5qA	106	1	A	107		SER	2
4o5qA	107	1	A	108		LEU	2
4o5qA	108	1	A	109		LEU	2
4o5qA	109	1	A	110		GLU	2
4o5qA	110	1	A	111		GLN	2
4o5qA	111	1	A	112		ILE	2
4o5qA	112	1	A	113		ARG	2
4o5qA	113	1	A	114		HIS	2
4o5qA	114	1	A	115		ILE	2
4o5qA	115	1	A	116		ASP	2
4o5qA	116	1	A	117		GLY	2
4o5qA	117	1	A	118		ASP	2
4o5qA	118	1	A	119		PHE	2
4o5qA	119	1	A	120		GLU	2
4o5qA	120	1	A	121		PHE	2
4o5qA	121	1	A	122		GLU	2
4o5qA	122	1	A	123		THR	2
4o5qA	123	1	A	124		TYR	2
4o5qA	124	1	A	125		TYR	2
4o5qA	125	1	A	126		SER	2
4o5qA	126	1	A	127		LEU	2
4o5qA	127	1	A	128		SER	2
4o5qA	128	1	A	129		CYS	2
4o5qA	129	1	A	130		HIS	2
4o5qA	130	1	A	131		ASN	2
4o5qA	131	1	A	132		CYS	2
4o5qA	132	1	A	133		PRO	2
4o5qA	133	1	A	134		ASP	2
4o5qA	134	1	A	135		VAL	2
4o5qA	135	1	A	136		VAL	2
4o5qA	136	1	A	137		GLN	2
4o5qA	137	1	A	138		ALA	2
4o5qA	138	1	A	139		LEU	2
4o5qA	139	1	A	140		ASN	2
4o5qA	140	1	A	141		LEU	2
4o5qA	141	1	A	142		MET	2
4o5qA	142	1	A	143		SER	2
4o5qA	143	1	A	144		VAL	2
4o5qA	144	1	A	145		LEU	2
4o5qA	145	1	A	146		ASN	2
4o5qA	146	1	A	147		PRO	2
4o5qA	147	1	A	148		ARG	2
4o5qA	148	1	A	149		ILE	2
4o5qA	149	1	A	150		LYS	2
4o5qA	150	1	A	151		HIS	2
4o5qA	151	1	A	152		THR	2
4o5qA	152	1	A	153		ALA	2
4o5qA	153	1	A	154		ILE	2
4o5qA	154	1	A	155		ASP	2
4o5qA	155	1	A	156		GLY	2
4o5qA	156	1	A	157		GLY	2
4o5qA	157	1	A	158		THR	2
4o5qA	158	1	A	159		PHE	2
4o5qA	159	1	A	160		GLN	2
4o5qA	160	1	A	161		ASN	2
4o5qA	161	1	A	162		GLU	2
4o5qA	162	1	A	163		ILE	2
4o5qA	163	1	A	164		THR	2
4o5qA	164	1	A	165		ASP	2
4o5qA	165	1	A	166		ARG	2
4o5qA	166	1	A	167		ASN	2
4o5qA	167	1	A	168		VAL	2
4o5qA	168	1	A	169		MET	2
4o5qA	169	1	A	170		GLY	2
4o5qA	170	1	A	171		VAL	2
4o5qA	171	1	A	172		PRO	2
4o5qA	172	1	A	173		ALA	2
4o5qA	173	1	A	174		VAL	2
4o5qA	174	1	A	175		PHE	2
4o5qA	175	1	A	176		VAL	2
4o5qA	176	1	A	177		ASN	2
4o5qA	177	1	A	178		GLY	2
4o5qA	178	1	A	179		LYS	2
4o5qA	179	1	A	180		GLU	2
4o5qA	180	1	A	181		PHE	2
4o5qA	181	1	A	182		GLY	2
4o5qA	182	1	A	183		GLN	2
4o5qA	183	1	A	184		GLY	2
4o5qA	184	1	A	185		ARG	2
4o5qA	185	1	A	186		MET	2
4o5qA	186	1	A	187		THR	2
4o5qA	187	1	A	188		LEU	2
4o5qA	188	1	A	189		THR	2
4o5qA	189	1	A	190		GLU	2
4o5qA	190	1	A	191		ILE	2
4o5qA	191	1	A	192		VAL	2
4o5qA	192	1	A	193		ALA	2
4o5qA	193	1	A	194		LYS	2
4o5qA	194	1	A	195		ILE	2
4o5qA	195	1	A	196		ASP	2
4o5qA	196	1	A	197		THR	2
4o5qA	197	1	A	198		GLY	2
4o5qA	198	1	A	199		ALA	2
4o5qA	199	1	A	200		GLU	2
4o5qA	200	1	A	201		LYS	3
4o5qA	201	1	A	202		ARG	3
4o5qA	202	1	A	203		ALA	3
4o5qA	203	1	A	204		ALA	3
4o5qA	204	1	A	205		GLU	3
4o5qA	205	1	A	206		GLU	3
4o5qA	206	1	A	207		LEU	3
4o5qA	207	1	A	208		ASN	3
4o5qA	208	1	A	209		LYS	3
4o5qA	209	1	A	210		ARG	3
4o5qA	210	1	A	211		ASP	3
4o5qA	211	1	A	212		ALA	3
4o5qA	212	1	A	213		TYR	3
4o5qA	213	1	A	214		ASP	3
4o5qA	214	1	A	215		VAL	3
4o5qA	215	1	A	216		LEU	3
4o5qA	216	1	A	217		ILE	3
4o5qA	217	1	A	218		VAL	3
4o5qA	218	1	A	219		GLY	3
4o5qA	219	1	A	220		SER	3
4o5qA	220	1	A	221		GLY	3
4o5qA	221	1	A	222		PRO	3
4o5qA	222	1	A	223		ALA	3
4o5qA	223	1	A	224		GLY	3
4o5qA	224	1	A	225		ALA	3
4o5qA	225	1	A	226		ALA	3
4o5qA	226	1	A	227		ALA	3
4o5qA	227	1	A	228		ALA	3
4o5qA	228	1	A	229		ILE	3
4o5qA	229	1	A	230		TYR	3
4o5qA	230	1	A	231		SER	3
4o5qA	231	1	A	232		ALA	3
4o5qA	232	1	A	233		ARG	3
4o5qA	233	1	A	234		LYS	3
4o5qA	234	1	A	235		GLY	3
4o5qA	235	1	A	236		ILE	3
4o5qA	236	1	A	237		ARG	3
4o5qA	237	1	A	238		THR	3
4o5qA	238	1	A	239		GLY	3
4o5qA	239	1	A	240		LEU	3
4o5qA	240	1	A	241		MET	3
4o5qA	241	1	A	242		GLY	3
4o5qA	242	1	A	243		GLU	3
4o5qA	243	1	A	244		ARG	3
4o5qA	244	1	A	245		PHE	3
4o5qA	245	1	A	246		GLY	3
4o5qA	246	1	A	247		GLY	3
4o5qA	247	1	A	248		GLN	3
4o5qA	248	1	A	249		ILE	3
4o5qA	249	1	A	250		LEU	3
4o5qA	250	1	A	251		ASP	3
4o5qA	251	1	A	252		THR	3
4o5qA	252	1	A	253		VAL	3
4o5qA	253	1	A	254		ASP	3
4o5qA	254	1	A	255		ILE	3
4o5qA	255	1	A	256		GLU	3
4o5qA	256	1	A	257		ASN	3
4o5qA	257	1	A	258		TYR	3
4o5qA	258	1	A	259		ILE	3
4o5qA	259	1	A	260		SER	3
4o5qA	260	1	A	261		VAL	3
4o5qA	261	1	A	262		PRO	3
4o5qA	262	1	A	263		LYS	3
4o5qA	263	1	A	264		THR	3
4o5qA	264	1	A	265		GLU	3
4o5qA	265	1	A	266		GLY	3
4o5qA	266	1	A	267		GLN	3
4o5qA	267	1	A	268		LYS	3
4o5qA	268	1	A	269		LEU	3
4o5qA	269	1	A	270		ALA	3
4o5qA	270	1	A	271		GLY	3
4o5qA	271	1	A	272		ALA	3
4o5qA	272	1	A	273		LEU	3
4o5qA	273	1	A	274		LYS	3
4o5qA	274	1	A	275		VAL	3
4o5qA	275	1	A	276		HIS	3
4o5qA	276	1	A	277		VAL	3
4o5qA	277	1	A	278		ASP	3
4o5qA	278	1	A	279		GLU	3
4o5qA	279	1	A	280		TYR	3
4o5qA	280	1	A	281		ASP	3
4o5qA	281	1	A	282		VAL	3
4o5qA	282	1	A	283		ASP	3
4o5qA	283	1	A	284		VAL	3
4o5qA	284	1	A	285		ILE	3
4o5qA	285	1	A	286		ASP	3
4o5qA	286	1	A	287		SER	3
4o5qA	287	1	A	288		GLN	3
4o5qA	288	1	A	289		SER	3
4o5qA	289	1	A	290		ALA	3
4o5qA	290	1	A	291		SER	3
4o5qA	291	1	A	292		LYS	3
4o5qA	292	1	A	293		LEU	3
4o5qA	293	1	A	294		ILE	3
4o5qA	294	1	A	295		PRO	3
4o5qA	295	1	A	296		ALA	3
4o5qA	296	1	A	297		ALA	3
4o5qA	297	1	A	298		VAL	3
4o5qA	298	1	A	299		GLU	3
4o5qA	299	1	A	300		GLY	3
4o5qA	300	1	A	301		GLY	3
4o5qA	301	1	A	302		LEU	3
4o5qA	302	1	A	303		HIS	3
4o5qA	303	1	A	304		GLN	3
4o5qA	304	1	A	305		ILE	3
4o5qA	305	1	A	306		GLU	3
4o5qA	306	1	A	307		THR	3
4o5qA	307	1	A	308		ALA	3
4o5qA	308	1	A	309		SER	3
4o5qA	309	1	A	310		GLY	3
4o5qA	310	1	A	311		ALA	3
4o5qA	311	1	A	312		VAL	3
4o5qA	312	1	A	313		LEU	3
4o5qA	313	1	A	314		LYS	3
4o5qA	314	1	A	315		ALA	3
4o5qA	315	1	A	316		ARG	3
4o5qA	316	1	A	317		SER	3
4o5qA	317	1	A	318		ILE	3
4o5qA	318	1	A	319		ILE	3
4o5qA	319	1	A	320		VAL	3
4o5qA	320	1	A	321		ALA	3
4o5qA	321	1	A	322		THR	3
4o5qA	322	1	A	323		GLY	3
4o5qA	323	1	A	324		ALA	3
4o5qA	324	1	A	325		LYS	3
4o5qA	325	1	A	326		TRP	3
4o5qA	326	1	A	327		ARG	3
4o5qA	327	1	A	328		ASN	4
4o5qA	328	1	A	329		MET	4
4o5qA	329	1	A	330		ASN	4
4o5qA	330	1	A	331		VAL	4
4o5qA	331	1	A	332		PRO	4
4o5qA	332	1	A	333		GLY	4
4o5qA	333	1	A	334		GLU	4
4o5qA	334	1	A	335		ASP	4
4o5qA	335	1	A	336		GLN	4
4o5qA	336	1	A	337		TYR	4
4o5qA	337	1	A	338		ARG	4
4o5qA	338	1	A	339		THR	4
4o5qA	339	1	A	340		LYS	4
4o5qA	340	1	A	341		GLY	4
4o5qA	341	1	A	342		VAL	4
4o5qA	342	1	A	343		THR	4
4o5qA	343	1	A	344		TYR	4
4o5qA	344	1	A	345		CYS	4
4o5qA	345	1	A	346		PRO	4
4o5qA	346	1	A	347		HIS	4
4o5qA	347	1	A	348		CYS	4
4o5qA	348	1	A	349		ASP	4
4o5qA	349	1	A	350		GLY	4
4o5qA	350	1	A	351		PRO	4
4o5qA	351	1	A	352		LEU	4
4o5qA	352	1	A	353		PHE	4
4o5qA	353	1	A	354		LYS	4
4o5qA	354	1	A	355		GLY	4
4o5qA	355	1	A	356		LYS	4
4o5qA	356	1	A	357		ARG	4
4o5qA	357	1	A	358		VAL	4
4o5qA	358	1	A	359		ALA	4
4o5qA	359	1	A	360		VAL	4
4o5qA	360	1	A	361		ILE	4
4o5qA	361	1	A	362		GLY	4
4o5qA	362	1	A	363		GLY	4
4o5qA	363	1	A	364		GLY	4
4o5qA	364	1	A	365		ASN	4
4o5qA	365	1	A	366		SER	4
4o5qA	366	1	A	367		GLY	4
4o5qA	367	1	A	368		VAL	4
4o5qA	368	1	A	369		GLU	4
4o5qA	369	1	A	370		ALA	4
4o5qA	370	1	A	371		ALA	4
4o5qA	371	1	A	372		ILE	4
4o5qA	372	1	A	373		ASP	4
4o5qA	373	1	A	374		LEU	4
4o5qA	374	1	A	375		ALA	4
4o5qA	375	1	A	376		GLY	4
4o5qA	376	1	A	377		ILE	4
4o5qA	377	1	A	378		VAL	4
4o5qA	378	1	A	379		GLU	4
4o5qA	379	1	A	380		HIS	4
4o5qA	380	1	A	381		VAL	4
4o5qA	381	1	A	382		THR	4
4o5qA	382	1	A	383		LEU	4
4o5qA	383	1	A	384		LEU	4
4o5qA	384	1	A	385		GLU	4
4o5qA	385	1	A	386		PHE	4
4o5qA	386	1	A	387		ALA	4
4o5qA	387	1	A	388		PRO	4
4o5qA	388	1	A	389		GLU	4
4o5qA	389	1	A	390		MET	4
4o5qA	390	1	A	391		LYS	4
4o5qA	391	1	A	392		ALA	4
4o5qA	392	1	A	393		ASP	4
4o5qA	393	1	A	394		GLN	4
4o5qA	394	1	A	395		VAL	4
4o5qA	395	1	A	396		LEU	4
4o5qA	396	1	A	397		GLN	4
4o5qA	397	1	A	398		ASP	4
4o5qA	398	1	A	399		LYS	4
4o5qA	399	1	A	400		LEU	4
4o5qA	400	1	A	401		ARG	4
4o5qA	401	1	A	402		SER	4
4o5qA	402	1	A	403		LEU	4
4o5qA	403	1	A	404		LYS	4
4o5qA	404	1	A	405		ASN	4
4o5qA	405	1	A	406		VAL	4
4o5qA	406	1	A	407		ASP	4
4o5qA	407	1	A	408		ILE	4
4o5qA	408	1	A	409		ILE	4
4o5qA	409	1	A	410		LEU	4
4o5qA	410	1	A	411		ASN	4
4o5qA	411	1	A	412		ALA	4
4o5qA	412	1	A	413		GLN	4
4o5qA	413	1	A	414		THR	4
4o5qA	414	1	A	415		THR	4
4o5qA	415	1	A	416		GLU	4
4o5qA	416	1	A	417		VAL	4
4o5qA	417	1	A	418		LYS	4
4o5qA	418	1	A	419		GLY	4
4o5qA	419	1	A	420		ASP	4
4o5qA	420	1	A	421		GLY	4
4o5qA	421	1	A	422		SER	4
4o5qA	422	1	A	423		LYS	4
4o5qA	423	1	A	424		VAL	4
4o5qA	424	1	A	425		VAL	4
4o5qA	425	1	A	426		GLY	4
4o5qA	426	1	A	427		LEU	4
4o5qA	427	1	A	428		GLU	4
4o5qA	428	1	A	429		TYR	4
4o5qA	429	1	A	430		ARG	4
4o5qA	430	1	A	431		ASP	4
4o5qA	431	1	A	432		ARG	4
4o5qA	432	1	A	433		VAL	4
4o5qA	433	1	A	434		SER	4
4o5qA	434	1	A	435		GLY	4
4o5qA	435	1	A	436		ASP	4
4o5qA	436	1	A	437		ILE	4
4o5qA	437	1	A	438		HIS	4
4o5qA	438	1	A	439		ASN	4
4o5qA	439	1	A	440		ILE	4
4o5qA	440	1	A	441		GLU	4
4o5qA	441	1	A	442		LEU	4
4o5qA	442	1	A	443		ALA	4
4o5qA	443	1	A	444		GLY	4
4o5qA	444	1	A	445		ILE	4
4o5qA	445	1	A	446		PHE	4
4o5qA	446	1	A	447		VAL	4
4o5qA	447	1	A	448		GLN	4
4o5qA	448	1	A	449		ILE	3
4o5qA	449	1	A	450		GLY	3
4o5qA	450	1	A	451		LEU	3
4o5qA	451	1	A	452		LEU	3
4o5qA	452	1	A	453		PRO	3
4o5qA	453	1	A	454		ASN	3
4o5qA	454	1	A	455		THR	3
4o5qA	455	1	A	456		ASN	3
4o5qA	456	1	A	457		TRP	3
4o5qA	457	1	A	458		LEU	3
4o5qA	458	1	A	459		GLU	3
4o5qA	459	1	A	460		GLY	3
4o5qA	460	1	A	461		ALA	3
4o5qA	461	1	A	462		VAL	3
4o5qA	462	1	A	463		GLU	3
4o5qA	463	1	A	464		ARG	3
4o5qA	464	1	A	465		ASN	3
4o5qA	465	1	A	466		ARG	3
4o5qA	466	1	A	467		MET	3
4o5qA	467	1	A	468		GLY	3
4o5qA	468	1	A	469		GLU	3
4o5qA	469	1	A	470		ILE	3
4o5qA	470	1	A	471		ILE	3
4o5qA	471	1	A	472		ILE	3
4o5qA	472	1	A	473		ASP	3
4o5qA	473	1	A	474		ALA	3
4o5qA	474	1	A	475		LYS	3
4o5qA	475	1	A	476		CYS	3
4o5qA	476	1	A	477		GLU	3
4o5qA	477	1	A	478		THR	3
4o5qA	478	1	A	479		ASN	3
4o5qA	479	1	A	480		VAL	3
4o5qA	480	1	A	481		LYS	3
4o5qA	481	1	A	482		GLY	3
4o5qA	482	1	A	483		VAL	3
4o5qA	483	1	A	484		PHE	3
4o5qA	484	1	A	485		ALA	3
4o5qA	485	1	A	486		ALA	3
4o5qA	486	1	A	487		GLY	3
4o5qA	487	1	A	488		ASP	3
4o5qA	488	1	A	489		CYS	3
4o5qA	489	1	A	490		THR	3
4o5qA	490	1	A	491		THR	3
4o5qA	491	1	A	492		VAL	3
4o5qA	492	1	A	493		PRO	3
4o5qA	493	1	A	494		TYR	3
4o5qA	494	1	A	495		LYS	3
4o5qA	495	1	A	496		GLN	3
4o5qA	496	1	A	497		ILE	3
4o5qA	497	1	A	498		ILE	3
4o5qA	498	1	A	499		ILE	3
4o5qA	499	1	A	500		ALA	3
4o5qA	500	1	A	501		THR	3
4o5qA	501	1	A	502		GLY	3
4o5qA	502	1	A	503		GLU	3
4o5qA	503	1	A	504		GLY	3
4o5qA	504	1	A	505		ALA	3
4o5qA	505	1	A	506		LYS	3
4o5qA	506	1	A	507		ALA	3
4o5qA	507	1	A	508		SER	3
4o5qA	508	1	A	509		LEU	3
4o5qA	509	1	A	510		SER	3
4o5qA	510	1	A	511		ALA	3
4o5qA	511	1	A	512		PHE	3
4o5qA	512	1	A	513		ASP	3
4o5qA	513	1	A	514		TYR	3
4o5qA	514	1	A	515		LEU	3
4o5qA	515	1	A	516		ILE	3
4o5qA	516	1	A	517		ARG	3
4o5qA	517	1	A	518		THR	3
4o5qA	518	1	A	519		LYS	3
4o5qA	519	1	A	520		THR	3
4o5qA	520	1	A	521		ALA	3
3vpdA	0	1	A	1		MET	1
3vpdA	1	1	A	2		LEU	1
3vpdA	2	1	A	3		ALA	1
3vpdA	3	1	A	4		ILE	1
3vpdA	4	1	A	5		LEU	1
3vpdA	5	1	A	6		TYR	1
3vpdA	6	1	A	7		ASP	1
3vpdA	7	1	A	8		ARG	1
3vpdA	8	1	A	9		ILE	1
3vpdA	9	1	A	10		ARG	1
3vpdA	10	1	A	11		PRO	1
3vpdA	11	1	A	12		ASP	1
3vpdA	12	1	A	13		GLU	1
3vpdA	13	1	A	14		ARG	1
3vpdA	14	1	A	15		MET	1
3vpdA	15	1	A	16		LEU	1
3vpdA	16	1	A	17		PHE	1
3vpdA	17	1	A	18		GLU	1
3vpdA	18	1	A	19		ARG	1
3vpdA	19	1	A	20		ALA	1
3vpdA	20	1	A	21		GLU	1
3vpdA	21	1	A	22		ALA	1
3vpdA	22	1	A	23		LEU	1
3vpdA	23	1	A	24		GLY	1
3vpdA	24	1	A	25		LEU	1
3vpdA	25	1	A	26		PRO	1
3vpdA	26	1	A	27		TYR	1
3vpdA	27	1	A	28		LYS	1
3vpdA	28	1	A	29		LYS	1
3vpdA	29	1	A	30		VAL	1
3vpdA	30	1	A	31		TYR	1
3vpdA	31	1	A	32		VAL	1
3vpdA	32	1	A	33		PRO	1
3vpdA	33	1	A	34		ALA	1
3vpdA	34	1	A	35		LEU	1
3vpdA	35	1	A	36		PRO	1
3vpdA	36	1	A	37		MET	1
3vpdA	37	1	A	38		VAL	1
3vpdA	38	1	A	39		LEU	1
3vpdA	39	1	A	40		GLY	1
3vpdA	40	1	A	41		GLU	1
3vpdA	41	1	A	42		ARG	1
3vpdA	42	1	A	43		PRO	1
3vpdA	43	1	A	44		GLU	1
3vpdA	44	1	A	45		ALA	1
3vpdA	45	1	A	46		LEU	1
3vpdA	46	1	A	47		GLU	1
3vpdA	47	1	A	48		GLY	1
3vpdA	48	1	A	49		VAL	1
3vpdA	49	1	A	50		THR	1
3vpdA	50	1	A	51		VAL	1
3vpdA	51	1	A	52		ALA	1
3vpdA	52	1	A	53		LEU	1
3vpdA	53	1	A	54		GLU	1
3vpdA	54	1	A	55		ARG	1
3vpdA	55	1	A	56		CYS	1
3vpdA	56	1	A	57		VAL	1
3vpdA	57	1	A	58		SER	1
3vpdA	58	1	A	59		GLN	1
3vpdA	59	1	A	60		SER	1
3vpdA	60	1	A	61		ARG	1
3vpdA	61	1	A	62		GLY	1
3vpdA	62	1	A	63		LEU	1
3vpdA	63	1	A	64		ALA	1
3vpdA	64	1	A	65		ALA	1
3vpdA	65	1	A	66		ALA	1
3vpdA	66	1	A	67		ARG	1
3vpdA	67	1	A	68		TYR	1
3vpdA	68	1	A	69		LEU	1
3vpdA	69	1	A	70		THR	1
3vpdA	70	1	A	71		ALA	1
3vpdA	71	1	A	72		LEU	1
3vpdA	72	1	A	73		GLY	1
3vpdA	73	1	A	74		ILE	1
3vpdA	74	1	A	75		PRO	1
3vpdA	75	1	A	76		VAL	1
3vpdA	76	1	A	77		VAL	1
3vpdA	77	1	A	78		ASN	1
3vpdA	78	1	A	79		ARG	1
3vpdA	79	1	A	80		PRO	1
3vpdA	80	1	A	81		GLU	1
3vpdA	81	1	A	82		VAL	1
3vpdA	82	1	A	83		ILE	1
3vpdA	83	1	A	84		GLU	2
3vpdA	84	1	A	85		ALA	2
3vpdA	85	1	A	86		CYS	2
3vpdA	86	1	A	87		GLY	2
3vpdA	87	1	A	88		ASP	2
3vpdA	88	1	A	89		LYS	2
3vpdA	89	1	A	90		TRP	2
3vpdA	90	1	A	91		ALA	2
3vpdA	91	1	A	92		THR	2
3vpdA	92	1	A	93		SER	2
3vpdA	93	1	A	94		VAL	2
3vpdA	94	1	A	95		ALA	2
3vpdA	95	1	A	96		LEU	2
3vpdA	96	1	A	97		ALA	2
3vpdA	97	1	A	98		LYS	2
3vpdA	98	1	A	99		ALA	2
3vpdA	99	1	A	100		GLY	2
3vpdA	100	1	A	101		LEU	2
3vpdA	101	1	A	102		PRO	2
3vpdA	102	1	A	103		GLN	2
3vpdA	103	1	A	104		PRO	2
3vpdA	104	1	A	105		LYS	3
3vpdA	105	1	A	106		THR	3
3vpdA	106	1	A	107		ALA	3
3vpdA	107	1	A	108		LEU	3
3vpdA	108	1	A	109		ALA	3
3vpdA	109	1	A	110		THR	3
3vpdA	110	1	A	111		ASP	3
3vpdA	111	1	A	112		ARG	3
3vpdA	112	1	A	113		GLU	3
3vpdA	113	1	A	114		GLU	3
3vpdA	114	1	A	115		ALA	3
3vpdA	115	1	A	116		LEU	3
3vpdA	116	1	A	117		ARG	3
3vpdA	117	1	A	118		LEU	3
3vpdA	118	1	A	119		MET	3
3vpdA	119	1	A	120		GLU	3
3vpdA	120	1	A	121		ALA	3
3vpdA	121	1	A	122		PHE	3
3vpdA	122	1	A	123		GLY	3
3vpdA	123	1	A	124		TYR	3
3vpdA	124	1	A	125		PRO	3
3vpdA	125	1	A	126		VAL	3
3vpdA	126	1	A	127		VAL	3
3vpdA	127	1	A	128		LEU	3
3vpdA	128	1	A	129		LYS	3
3vpdA	129	1	A	130		PRO	3
3vpdA	130	1	A	131		VAL	3
3vpdA	131	1	A	132		ILE	3
3vpdA	132	1	A	133		GLY	3
3vpdA	133	1	A	134		SER	3
3vpdA	134	1	A	135		TRP	3
3vpdA	135	1	A	136		GLY	3
3vpdA	136	1	A	137		ARG	3
3vpdA	137	1	A	138		LEU	3
3vpdA	138	1	A	139		LEU	3
3vpdA	139	1	A	140		ALA	3
3vpdA	140	1	A	141		LYS	3
3vpdA	141	1	A	142		VAL	3
3vpdA	142	1	A	143		THR	3
3vpdA	143	1	A	144		ASP	3
3vpdA	144	1	A	145		ARG	3
3vpdA	145	1	A	146		ALA	3
3vpdA	146	1	A	147		ALA	3
3vpdA	147	1	A	148		ALA	3
3vpdA	148	1	A	149		GLU	3
3vpdA	149	1	A	150		ALA	3
3vpdA	150	1	A	151		LEU	3
3vpdA	151	1	A	152		LEU	3
3vpdA	152	1	A	153		GLU	3
3vpdA	153	1	A	154		HIS	3
3vpdA	154	1	A	155		LYS	3
3vpdA	155	1	A	156		GLU	3
3vpdA	156	1	A	157		VAL	3
3vpdA	157	1	A	158		LEU	3
3vpdA	158	1	A	159		GLY	3
3vpdA	159	1	A	160		GLY	3
3vpdA	160	1	A	161		PHE	3
3vpdA	161	1	A	162		GLN	3
3vpdA	162	1	A	163		HIS	3
3vpdA	163	1	A	164		GLN	3
3vpdA	164	1	A	165		LEU	3
3vpdA	165	1	A	166		PHE	3
3vpdA	166	1	A	167		TYR	3
3vpdA	167	1	A	168		ILE	3
3vpdA	168	1	A	169		GLN	3
3vpdA	169	1	A	170		GLU	3
3vpdA	170	1	A	171		TYR	3
3vpdA	171	1	A	172		VAL	2
3vpdA	172	1	A	173		GLU	2
3vpdA	173	1	A	174		LYS	2
3vpdA	174	1	A	175		PRO	2
3vpdA	175	1	A	176		GLY	2
3vpdA	176	1	A	177		ARG	2
3vpdA	177	1	A	178		ASP	2
3vpdA	178	1	A	179		ILE	2
3vpdA	179	1	A	180		ARG	2
3vpdA	180	1	A	181		VAL	2
3vpdA	181	1	A	182		PHE	2
3vpdA	182	1	A	183		VAL	2
3vpdA	183	1	A	184		VAL	2
3vpdA	184	1	A	185		GLY	2
3vpdA	185	1	A	186		GLU	2
3vpdA	186	1	A	187		ARG	2
3vpdA	187	1	A	188		ALA	2
3vpdA	188	1	A	189		ILE	2
3vpdA	189	1	A	190		ALA	2
3vpdA	190	1	A	191		ALA	2
3vpdA	191	1	A	192		ILE	2
3vpdA	192	1	A	193		TYR	2
3vpdA	193	1	A	194		ARG	2
3vpdA	194	1	A	195		ARG	2
3vpdA	195	1	A	196		SER	2
3vpdA	196	1	A	197		ALA	2
3vpdA	197	1	A	198		HIS	2
3vpdA	198	1	A	199		TRP	2
3vpdA	199	1	A	200		ILE	2
3vpdA	200	1	A	201		THR	2
3vpdA	201	1	A	202		ASN	2
3vpdA	202	1	A	203		THR	2
3vpdA	203	1	A	204		ALA	2
3vpdA	204	1	A	205		ARG	2
3vpdA	205	1	A	206		GLY	2
3vpdA	206	1	A	207		GLY	2
3vpdA	207	1	A	208		GLN	2
3vpdA	208	1	A	209		ALA	2
3vpdA	209	1	A	210		GLU	2
3vpdA	210	1	A	211		ASN	2
3vpdA	211	1	A	212		CYS	2
3vpdA	212	1	A	213		PRO	2
3vpdA	213	1	A	214		LEU	2
3vpdA	214	1	A	215		THR	2
3vpdA	215	1	A	216		GLU	2
3vpdA	216	1	A	217		GLU	2
3vpdA	217	1	A	218		ILE	2
3vpdA	218	1	A	219		ALA	2
3vpdA	219	1	A	220		ARG	2
3vpdA	220	1	A	221		LEU	2
3vpdA	221	1	A	222		SER	2
3vpdA	222	1	A	223		VAL	2
3vpdA	223	1	A	224		GLY	2
3vpdA	224	1	A	225		ALA	2
3vpdA	225	1	A	226		ALA	2
3vpdA	226	1	A	227		GLU	2
3vpdA	227	1	A	228		ALA	2
3vpdA	228	1	A	229		VAL	2
3vpdA	229	1	A	230		GLY	2
3vpdA	230	1	A	231		GLY	2
3vpdA	231	1	A	232		GLY	2
3vpdA	232	1	A	233		VAL	2
3vpdA	233	1	A	234		VAL	2
3vpdA	234	1	A	235		ALA	2
3vpdA	235	1	A	236		VAL	2
3vpdA	236	1	A	237		ASP	2
3vpdA	237	1	A	238		LEU	2
3vpdA	238	1	A	239		PHE	2
3vpdA	239	1	A	240		GLU	2
3vpdA	240	1	A	241		SER	2
3vpdA	241	1	A	242		GLU	2
3vpdA	242	1	A	243		ARG	2
3vpdA	243	1	A	244		GLY	2
3vpdA	244	1	A	245		LEU	2
3vpdA	245	1	A	246		LEU	2
3vpdA	246	1	A	247		VAL	2
3vpdA	247	1	A	248		ASN	2
3vpdA	248	1	A	249		GLU	2
3vpdA	249	1	A	250		VAL	2
3vpdA	250	1	A	251		ASN	2
3vpdA	251	1	A	252		HIS	1
3vpdA	252	1	A	253		THR	1
3vpdA	253	1	A	254		MET	1
3vpdA	254	1	A	255		GLU	1
3vpdA	255	1	A	256		PHE	1
3vpdA	256	1	A	257		LYS	1
3vpdA	257	1	A	258		ASN	1
3vpdA	258	1	A	259		SER	1
3vpdA	259	1	A	260		VAL	1
3vpdA	260	1	A	261		HIS	1
3vpdA	261	1	A	262		THR	1
3vpdA	262	1	A	263		THR	1
3vpdA	263	1	A	264		GLY	1
3vpdA	264	1	A	265		VAL	1
3vpdA	265	1	A	266		ASP	1
3vpdA	266	1	A	267		ILE	1
3vpdA	267	1	A	268		PRO	1
3vpdA	268	1	A	269		GLY	1
3vpdA	269	1	A	270		GLU	1
3vpdA	270	1	A	271		ILE	1
3vpdA	271	1	A	272		LEU	1
3vpdA	272	1	A	273		ARG	1
3vpdA	273	1	A	274		TYR	1
3vpdA	274	1	A	275		ALA	1
3vpdA	275	1	A	276		TRP	1
3vpdA	276	1	A	277		GLU	1
3vpdA	277	1	A	278		VAL	1
3vpdA	278	1	A	279		ALA	1
3vpdA	279	1	A	280		ARG	1
3vpdA	280	1	A	281		GLY	1
2g50A	0	1	A	12		ILE	0
2g50A	1	1	A	13		GLN	0
2g50A	2	1	A	14		THR	0
2g50A	3	1	A	15		GLN	0
2g50A	4	1	A	16		GLN	0
2g50A	5	1	A	17		LEU	0
2g50A	6	1	A	18		HIS	0
2g50A	7	1	A	19		ALA	0
2g50A	8	1	A	20		ALA	0
2g50A	9	1	A	21		MET	0
2g50A	10	1	A	22		ALA	0
2g50A	11	1	A	23		ASP	0
2g50A	12	1	A	24		THR	0
2g50A	13	1	A	25		PHE	0
2g50A	14	1	A	26		LEU	0
2g50A	15	1	A	27		GLU	0
2g50A	16	1	A	28		HIS	0
2g50A	17	1	A	29		LYS	0
2g50A	18	1	A	30		CYS	0
2g50A	19	1	A	31		ARG	0
2g50A	20	1	A	32		LEU	0
2g50A	21	1	A	33		ASP	0
2g50A	22	1	A	34		ILE	0
2g50A	23	1	A	35		ASP	0
2g50A	24	1	A	36		SER	0
2g50A	25	1	A	37		ALA	0
2g50A	26	1	A	38		PRO	1
2g50A	27	1	A	39		ILE	1
2g50A	28	1	A	40		THR	1
2g50A	29	1	A	41		ALA	1
2g50A	30	1	A	42		ARG	1
2g50A	31	1	A	43		ASN	1
2g50A	32	1	A	44		THR	1
2g50A	33	1	A	45		GLY	1
2g50A	34	1	A	46		ILE	1
2g50A	35	1	A	47		ILE	1
2g50A	36	1	A	48		CYS	1
2g50A	37	1	A	49		THR	1
2g50A	38	1	A	50		ILE	1
2g50A	39	1	A	51		GLY	1
2g50A	40	1	A	52		PRO	1
2g50A	41	1	A	53		ALA	1
2g50A	42	1	A	54		SER	1
2g50A	43	1	A	55		ARG	1
2g50A	44	1	A	56		SER	1
2g50A	45	1	A	57		VAL	1
2g50A	46	1	A	58		GLU	1
2g50A	47	1	A	59		THR	1
2g50A	48	1	A	60		LEU	1
2g50A	49	1	A	61		LYS	1
2g50A	50	1	A	62		GLU	1
2g50A	51	1	A	63		MET	1
2g50A	52	1	A	64		ILE	1
2g50A	53	1	A	65		LYS	1
2g50A	54	1	A	66		SER	1
2g50A	55	1	A	67		GLY	1
2g50A	56	1	A	68		MET	1
2g50A	57	1	A	69		ASN	1
2g50A	58	1	A	70		VAL	1
2g50A	59	1	A	71		ALA	1
2g50A	60	1	A	72		ARG	1
2g50A	61	1	A	73		MET	1
2g50A	62	1	A	74		ASN	1
2g50A	63	1	A	75		PHE	1
2g50A	64	1	A	76		SER	1
2g50A	65	1	A	77		HIS	1
2g50A	66	1	A	78		GLY	1
2g50A	67	1	A	79		THR	1
2g50A	68	1	A	80		HIS	1
2g50A	69	1	A	81		GLU	1
2g50A	70	1	A	82		TYR	1
2g50A	71	1	A	83		HIS	1
2g50A	72	1	A	84		ALA	1
2g50A	73	1	A	85		GLU	1
2g50A	74	1	A	86		THR	1
2g50A	75	1	A	87		ILE	1
2g50A	76	1	A	88		LYS	1
2g50A	77	1	A	89		ASN	1
2g50A	78	1	A	90		VAL	1
2g50A	79	1	A	91		ARG	1
2g50A	80	1	A	92		THR	1
2g50A	81	1	A	93		ALA	1
2g50A	82	1	A	94		THR	1
2g50A	83	1	A	95		GLU	1
2g50A	84	1	A	96		SER	1
2g50A	85	1	A	97		PHE	1
2g50A	86	1	A	98		ALA	1
2g50A	87	1	A	99		SER	1
2g50A	88	1	A	100		ASP	1
2g50A	89	1	A	101		PRO	1
2g50A	90	1	A	102		ILE	1
2g50A	91	1	A	103		LEU	1
2g50A	92	1	A	104		TYR	1
2g50A	93	1	A	105		ARG	1
2g50A	94	1	A	106		PRO	1
2g50A	95	1	A	107		VAL	1
2g50A	96	1	A	108		ALA	1
2g50A	97	1	A	109		VAL	1
2g50A	98	1	A	110		ALA	1
2g50A	99	1	A	111		LEU	1
2g50A	100	1	A	112		ASP	1
2g50A	101	1	A	113		THR	1
2g50A	102	1	A	114		LYS	1
2g50A	103	1	A	115		GLY	1
2g50A	104	1	A	116		PRO	1
2g50A	105	1	A	117		GLU	3
2g50A	106	1	A	118		ILE	3
2g50A	107	1	A	119		ARG	3
2g50A	108	1	A	120		THR	3
2g50A	109	1	A	121		GLY	3
2g50A	110	1	A	122		LEU	3
2g50A	111	1	A	123		ILE	3
2g50A	112	1	A	124		LYS	3
2g50A	113	1	A	125		GLY	3
2g50A	114	1	A	126		SER	3
2g50A	115	1	A	127		GLY	3
2g50A	116	1	A	128		THR	3
2g50A	117	1	A	129		ALA	3
2g50A	118	1	A	130		GLU	3
2g50A	119	1	A	131		VAL	3
2g50A	120	1	A	132		GLU	3
2g50A	121	1	A	133		LEU	3
2g50A	122	1	A	134		LYS	3
2g50A	123	1	A	135		LYS	3
2g50A	124	1	A	136		GLY	3
2g50A	125	1	A	137		ALA	3
2g50A	126	1	A	138		THR	3
2g50A	127	1	A	139		LEU	3
2g50A	128	1	A	140		LYS	3
2g50A	129	1	A	141		ILE	3
2g50A	130	1	A	142		THR	3
2g50A	131	1	A	143		LEU	3
2g50A	132	1	A	144		ASP	3
2g50A	133	1	A	145		ASN	3
2g50A	134	1	A	146		ALA	3
2g50A	135	1	A	147		TYR	3
2g50A	136	1	A	148		MET	3
2g50A	137	1	A	149		GLU	3
2g50A	138	1	A	150		LYS	3
2g50A	139	1	A	151		CYS	3
2g50A	140	1	A	152		ASP	3
2g50A	141	1	A	153		GLU	3
2g50A	142	1	A	154		ASN	3
2g50A	143	1	A	155		ILE	3
2g50A	144	1	A	156		LEU	3
2g50A	145	1	A	157		TRP	3
2g50A	146	1	A	158		LEU	3
2g50A	147	1	A	159		ASP	3
2g50A	148	1	A	160		TYR	3
2g50A	149	1	A	161		LYS	3
2g50A	150	1	A	162		ASN	3
2g50A	151	1	A	163		ILE	3
2g50A	152	1	A	164		CYS	3
2g50A	153	1	A	165		LYS	3
2g50A	154	1	A	166		VAL	3
2g50A	155	1	A	167		VAL	3
2g50A	156	1	A	168		ASP	3
2g50A	157	1	A	169		VAL	3
2g50A	158	1	A	170		GLY	3
2g50A	159	1	A	171		SER	3
2g50A	160	1	A	172		LYS	3
2g50A	161	1	A	173		VAL	3
2g50A	162	1	A	174		TYR	3
2g50A	163	1	A	175		VAL	3
2g50A	164	1	A	176		ASP	3
2g50A	165	1	A	177		ASP	3
2g50A	166	1	A	178		GLY	3
2g50A	167	1	A	179		LEU	3
2g50A	168	1	A	180		ILE	3
2g50A	169	1	A	181		SER	3
2g50A	170	1	A	182		LEU	3
2g50A	171	1	A	183		GLN	3
2g50A	172	1	A	184		VAL	3
2g50A	173	1	A	185		LYS	3
2g50A	174	1	A	186		GLN	3
2g50A	175	1	A	187		LYS	3
2g50A	176	1	A	188		GLY	3
2g50A	177	1	A	189		PRO	3
2g50A	178	1	A	190		ASP	3
2g50A	179	1	A	191		PHE	3
2g50A	180	1	A	192		LEU	3
2g50A	181	1	A	193		VAL	3
2g50A	182	1	A	194		THR	3
2g50A	183	1	A	195		GLU	3
2g50A	184	1	A	196		VAL	3
2g50A	185	1	A	197		GLU	3
2g50A	186	1	A	198		ASN	3
2g50A	187	1	A	199		GLY	3
2g50A	188	1	A	200		GLY	3
2g50A	189	1	A	201		PHE	3
2g50A	190	1	A	202		LEU	3
2g50A	191	1	A	203		GLY	3
2g50A	192	1	A	204		SER	3
2g50A	193	1	A	205		LYS	3
2g50A	194	1	A	206		LYS	3
2g50A	195	1	A	207		GLY	3
2g50A	196	1	A	208		VAL	3
2g50A	197	1	A	209		ASN	3
2g50A	198	1	A	210		LEU	3
2g50A	199	1	A	211		PRO	3
2g50A	200	1	A	212		GLY	3
2g50A	201	1	A	213		ALA	3
2g50A	202	1	A	214		ALA	3
2g50A	203	1	A	215		VAL	3
2g50A	204	1	A	216		ASP	3
2g50A	205	1	A	217		LEU	3
2g50A	206	1	A	218		PRO	1
2g50A	207	1	A	219		ALA	1
2g50A	208	1	A	220		VAL	1
2g50A	209	1	A	221		SER	1
2g50A	210	1	A	222		GLU	1
2g50A	211	1	A	223		LYS	1
2g50A	212	1	A	224		ASP	1
2g50A	213	1	A	225		ILE	1
2g50A	214	1	A	226		GLN	1
2g50A	215	1	A	227		ASP	1
2g50A	216	1	A	228		LEU	1
2g50A	217	1	A	229		LYS	1
2g50A	218	1	A	230		PHE	1
2g50A	219	1	A	231		GLY	1
2g50A	220	1	A	232		VAL	1
2g50A	221	1	A	233		GLU	1
2g50A	222	1	A	234		GLN	1
2g50A	223	1	A	235		ASP	1
2g50A	224	1	A	236		VAL	1
2g50A	225	1	A	237		ASP	1
2g50A	226	1	A	238		MET	1
2g50A	227	1	A	239		VAL	1
2g50A	228	1	A	240		PHE	1
2g50A	229	1	A	241		ALA	1
2g50A	230	1	A	242		SER	1
2g50A	231	1	A	243		PHE	1
2g50A	232	1	A	244		ILE	1
2g50A	233	1	A	245		ARG	1
2g50A	234	1	A	246		LYS	1
2g50A	235	1	A	247		ALA	1
2g50A	236	1	A	248		ALA	1
2g50A	237	1	A	249		ASP	1
2g50A	238	1	A	250		VAL	1
2g50A	239	1	A	251		HIS	1
2g50A	240	1	A	252		GLU	1
2g50A	241	1	A	253		VAL	1
2g50A	242	1	A	254		ARG	1
2g50A	243	1	A	255		LYS	1
2g50A	244	1	A	256		ILE	1
2g50A	245	1	A	257		LEU	1
2g50A	246	1	A	258		GLY	1
2g50A	247	1	A	259		GLU	1
2g50A	248	1	A	260		LYS	1
2g50A	249	1	A	261		GLY	1
2g50A	250	1	A	262		LYS	1
2g50A	251	1	A	263		ASN	1
2g50A	252	1	A	264		ILE	1
2g50A	253	1	A	265		LYS	1
2g50A	254	1	A	266		ILE	1
2g50A	255	1	A	267		ILE	1
2g50A	256	1	A	268		SER	1
2g50A	257	1	A	269		LYS	1
2g50A	258	1	A	270		ILE	1
2g50A	259	1	A	271		GLU	1
2g50A	260	1	A	272		ASN	1
2g50A	261	1	A	273		HIS	1
2g50A	262	1	A	274		GLU	1
2g50A	263	1	A	275		GLY	1
2g50A	264	1	A	276		VAL	1
2g50A	265	1	A	277		ARG	1
2g50A	266	1	A	278		ARG	1
2g50A	267	1	A	279		PHE	1
2g50A	268	1	A	280		ASP	1
2g50A	269	1	A	281		GLU	1
2g50A	270	1	A	282		ILE	1
2g50A	271	1	A	283		LEU	1
2g50A	272	1	A	284		GLU	1
2g50A	273	1	A	285		ALA	1
2g50A	274	1	A	286		SER	1
2g50A	275	1	A	287		ASP	1
2g50A	276	1	A	288		GLY	1
2g50A	277	1	A	289		ILE	1
2g50A	278	1	A	290		MET	1
2g50A	279	1	A	291		VAL	1
2g50A	280	1	A	292		ALA	1
2g50A	281	1	A	293		ARG	1
2g50A	282	1	A	294		GLY	1
2g50A	283	1	A	295		ASP	1
2g50A	284	1	A	296		LEU	1
2g50A	285	1	A	297		GLY	1
2g50A	286	1	A	298		ILE	1
2g50A	287	1	A	299		GLU	1
2g50A	288	1	A	300		ILE	1
2g50A	289	1	A	301		PRO	1
2g50A	290	1	A	302		ALA	1
2g50A	291	1	A	303		GLU	1
2g50A	292	1	A	304		LYS	1
2g50A	293	1	A	305		VAL	1
2g50A	294	1	A	306		PHE	1
2g50A	295	1	A	307		LEU	1
2g50A	296	1	A	308		ALA	1
2g50A	297	1	A	309		GLN	1
2g50A	298	1	A	310		LYS	1
2g50A	299	1	A	311		MET	1
2g50A	300	1	A	312		ILE	1
2g50A	301	1	A	313		ILE	1
2g50A	302	1	A	314		GLY	1
2g50A	303	1	A	315		ARG	1
2g50A	304	1	A	316		CYS	1
2g50A	305	1	A	317		ASN	1
2g50A	306	1	A	318		ARG	1
2g50A	307	1	A	319		ALA	1
2g50A	308	1	A	320		GLY	1
2g50A	309	1	A	321		LYS	1
2g50A	310	1	A	322		PRO	1
2g50A	311	1	A	323		VAL	1
2g50A	312	1	A	324		ILE	1
2g50A	313	1	A	325		CYS	1
2g50A	314	1	A	326		ALA	1
2g50A	315	1	A	327		THR	1
2g50A	316	1	A	328		GLN	1
2g50A	317	1	A	329		MET	1
2g50A	318	1	A	330		LEU	1
2g50A	319	1	A	331		GLU	1
2g50A	320	1	A	332		SER	1
2g50A	321	1	A	333		MET	1
2g50A	322	1	A	334		ILE	1
2g50A	323	1	A	335		LYS	1
2g50A	324	1	A	336		LYS	1
2g50A	325	1	A	337		PRO	1
2g50A	326	1	A	338		ARG	1
2g50A	327	1	A	339		PRO	1
2g50A	328	1	A	340		THR	1
2g50A	329	1	A	341		ARG	1
2g50A	330	1	A	342		ALA	1
2g50A	331	1	A	343		GLU	1
2g50A	332	1	A	344		GLY	1
2g50A	333	1	A	345		SER	1
2g50A	334	1	A	346		ASP	1
2g50A	335	1	A	347		VAL	1
2g50A	336	1	A	348		ALA	1
2g50A	337	1	A	349		ASN	1
2g50A	338	1	A	350		ALA	1
2g50A	339	1	A	351		VAL	1
2g50A	340	1	A	352		LEU	1
2g50A	341	1	A	353		ASP	1
2g50A	342	1	A	354		GLY	1
2g50A	343	1	A	355		ALA	1
2g50A	344	1	A	356		ASP	1
2g50A	345	1	A	357		CYS	1
2g50A	346	1	A	358		ILE	1
2g50A	347	1	A	359		MET	1
2g50A	348	1	A	360		LEU	1
2g50A	349	1	A	361		SER	1
2g50A	350	1	A	362		GLY	1
2g50A	351	1	A	363		GLU	1
2g50A	352	1	A	364		THR	1
2g50A	353	1	A	365		ALA	1
2g50A	354	1	A	366		LYS	1
2g50A	355	1	A	367		GLY	1
2g50A	356	1	A	368		ASP	1
2g50A	357	1	A	369		TYR	1
2g50A	358	1	A	370		PRO	1
2g50A	359	1	A	371		LEU	1
2g50A	360	1	A	372		GLU	1
2g50A	361	1	A	373		ALA	1
2g50A	362	1	A	374		VAL	1
2g50A	363	1	A	375		ARG	1
2g50A	364	1	A	376		MET	1
2g50A	365	1	A	377		GLN	1
2g50A	366	1	A	378		HIS	1
2g50A	367	1	A	379		LEU	1
2g50A	368	1	A	380		ILE	1
2g50A	369	1	A	381		ALA	1
2g50A	370	1	A	382		ARG	1
2g50A	371	1	A	383		GLU	1
2g50A	372	1	A	384		ALA	1
2g50A	373	1	A	385		GLU	1
2g50A	374	1	A	386		ALA	1
2g50A	375	1	A	387		ALA	1
2g50A	376	1	A	388		MET	2
2g50A	377	1	A	389		PHE	2
2g50A	378	1	A	390		HIS	2
2g50A	379	1	A	391		ARG	2
2g50A	380	1	A	392		LYS	2
2g50A	381	1	A	393		LEU	2
2g50A	382	1	A	394		PHE	2
2g50A	383	1	A	395		GLU	2
2g50A	384	1	A	396		GLU	2
2g50A	385	1	A	397		LEU	2
2g50A	386	1	A	398		ALA	2
2g50A	387	1	A	399		ARG	2
2g50A	388	1	A	400		ALA	2
2g50A	389	1	A	401		SER	2
2g50A	390	1	A	402		SER	2
2g50A	391	1	A	403		GLN	2
2g50A	392	1	A	404		SER	2
2g50A	393	1	A	405		THR	2
2g50A	394	1	A	406		ASP	2
2g50A	395	1	A	407		LEU	2
2g50A	396	1	A	408		MET	2
2g50A	397	1	A	409		GLU	2
2g50A	398	1	A	410		ALA	2
2g50A	399	1	A	411		MET	2
2g50A	400	1	A	412		ALA	2
2g50A	401	1	A	413		MET	2
2g50A	402	1	A	414		GLY	2
2g50A	403	1	A	415		SER	2
2g50A	404	1	A	416		VAL	2
2g50A	405	1	A	417		GLU	2
2g50A	406	1	A	418		ALA	2
2g50A	407	1	A	419		SER	2
2g50A	408	1	A	420		TYR	2
2g50A	409	1	A	421		LYS	2
2g50A	410	1	A	422		CYS	2
2g50A	411	1	A	423		LEU	2
2g50A	412	1	A	424		ALA	2
2g50A	413	1	A	425		ALA	2
2g50A	414	1	A	426		ALA	2
2g50A	415	1	A	427		LEU	2
2g50A	416	1	A	428		ILE	2
2g50A	417	1	A	429		VAL	2
2g50A	418	1	A	430		LEU	2
2g50A	419	1	A	431		THR	2
2g50A	420	1	A	432		GLU	2
2g50A	421	1	A	433		SER	2
2g50A	422	1	A	434		GLY	2
2g50A	423	1	A	435		ARG	2
2g50A	424	1	A	436		SER	2
2g50A	425	1	A	437		ALA	2
2g50A	426	1	A	438		HIS	2
2g50A	427	1	A	439		GLN	2
2g50A	428	1	A	440		VAL	2
2g50A	429	1	A	441		ALA	2
2g50A	430	1	A	442		ARG	2
2g50A	431	1	A	443		TYR	2
2g50A	432	1	A	444		ARG	2
2g50A	433	1	A	445		PRO	2
2g50A	434	1	A	446		ARG	2
2g50A	435	1	A	447		ALA	2
2g50A	436	1	A	448		PRO	2
2g50A	437	1	A	449		ILE	2
2g50A	438	1	A	450		ILE	2
2g50A	439	1	A	451		ALA	2
2g50A	440	1	A	452		VAL	2
2g50A	441	1	A	453		THR	2
2g50A	442	1	A	454		ARG	2
2g50A	443	1	A	455		ASN	2
2g50A	444	1	A	456		HIS	2
2g50A	445	1	A	457		GLN	2
2g50A	446	1	A	458		THR	2
2g50A	447	1	A	459		ALA	2
2g50A	448	1	A	460		ARG	2
2g50A	449	1	A	461		GLN	2
2g50A	450	1	A	462		ALA	2
2g50A	451	1	A	463		HIS	2
2g50A	452	1	A	464		LEU	2
2g50A	453	1	A	465		TYR	2
2g50A	454	1	A	466		ARG	2
2g50A	455	1	A	467		GLY	2
2g50A	456	1	A	468		ILE	2
2g50A	457	1	A	469		PHE	2
2g50A	458	1	A	470		PRO	2
2g50A	459	1	A	471		VAL	2
2g50A	460	1	A	472		VAL	2
2g50A	461	1	A	473		CYS	2
2g50A	462	1	A	474		LYS	2
2g50A	463	1	A	475		ASP	2
2g50A	464	1	A	476		PRO	2
2g50A	465	1	A	477		VAL	2
2g50A	466	1	A	478		GLN	2
2g50A	467	1	A	479		GLU	2
2g50A	468	1	A	480		ALA	2
2g50A	469	1	A	481		TRP	2
2g50A	470	1	A	482		ALA	2
2g50A	471	1	A	483		GLU	2
2g50A	472	1	A	484		ASP	2
2g50A	473	1	A	485		VAL	2
2g50A	474	1	A	486		ASP	2
2g50A	475	1	A	487		LEU	2
2g50A	476	1	A	488		ARG	2
2g50A	477	1	A	489		VAL	2
2g50A	478	1	A	490		ASN	2
2g50A	479	1	A	491		LEU	2
2g50A	480	1	A	492		ALA	2
2g50A	481	1	A	493		MET	2
2g50A	482	1	A	494		ASN	2
2g50A	483	1	A	495		VAL	2
2g50A	484	1	A	496		GLY	2
2g50A	485	1	A	497		LYS	2
2g50A	486	1	A	498		ALA	2
2g50A	487	1	A	499		ARG	2
2g50A	488	1	A	500		GLY	2
2g50A	489	1	A	501		PHE	2
2g50A	490	1	A	502		PHE	2
2g50A	491	1	A	503		LYS	2
2g50A	492	1	A	504		LYS	2
2g50A	493	1	A	505		GLY	2
2g50A	494	1	A	506		ASP	2
2g50A	495	1	A	507		VAL	2
2g50A	496	1	A	508		VAL	2
2g50A	497	1	A	509		ILE	2
2g50A	498	1	A	510		VAL	2
2g50A	499	1	A	511		LEU	2
2g50A	500	1	A	512		THR	2
2g50A	501	1	A	513		GLY	2
2g50A	502	1	A	514		TRP	2
2g50A	503	1	A	515		ARG	2
2g50A	504	1	A	516		PRO	2
2g50A	505	1	A	517		GLY	2
2g50A	506	1	A	518		SER	2
2g50A	507	1	A	519		GLY	2
2g50A	508	1	A	520		PHE	2
2g50A	509	1	A	521		THR	2
2g50A	510	1	A	522		ASN	2
2g50A	511	1	A	523		THR	2
2g50A	512	1	A	524		MET	2
2g50A	513	1	A	525		ARG	2
2g50A	514	1	A	526		VAL	2
2g50A	515	1	A	527		VAL	2
2g50A	516	1	A	528		PRO	2
2g50A	517	1	A	529		VAL	2
2g50A	518	1	A	530		PRO	2
2p67A	0	1	A	0		SER	1
2p67A	1	1	A	1		LEU	1
2p67A	2	1	A	2		ILE	1
2p67A	3	1	A	3		ASN	1
2p67A	4	1	A	4		GLU	1
2p67A	5	1	A	5		ALA	1
2p67A	6	1	A	6		THR	1
2p67A	7	1	A	7		LEU	1
2p67A	8	1	A	8		ALA	1
2p67A	9	1	A	9		GLU	1
2p67A	10	1	A	10		SER	1
2p67A	11	1	A	11		ILE	1
2p67A	12	1	A	12		ARG	1
2p67A	13	1	A	13		ARG	1
2p67A	14	1	A	14		LEU	1
2p67A	15	1	A	15		ARG	1
2p67A	16	1	A	16		GLN	1
2p67A	17	1	A	17		GLY	1
2p67A	18	1	A	18		GLU	1
2p67A	19	1	A	19		ARG	1
2p67A	20	1	A	20		ALA	1
2p67A	21	1	A	21		THR	1
2p67A	22	1	A	22		LEU	1
2p67A	23	1	A	23		ALA	1
2p67A	24	1	A	24		GLN	1
2p67A	25	1	A	25		ALA	1
2p67A	26	1	A	26		MET	1
2p67A	27	1	A	27		THR	1
2p67A	28	1	A	28		LEU	1
2p67A	29	1	A	29		VAL	1
2p67A	30	1	A	30		GLU	1
2p67A	31	1	A	31		SER	1
2p67A	32	1	A	32		ARG	1
2p67A	33	1	A	33		HIS	1
2p67A	34	1	A	34		PRO	1
2p67A	35	1	A	35		ARG	1
2p67A	36	1	A	36		HIS	1
2p67A	37	1	A	37		GLN	1
2p67A	38	1	A	38		ALA	1
2p67A	39	1	A	39		LEU	1
2p67A	40	1	A	40		SER	1
2p67A	41	1	A	41		THR	1
2p67A	42	1	A	42		GLN	1
2p67A	43	1	A	43		LEU	1
2p67A	44	1	A	44		LEU	1
2p67A	45	1	A	45		ASP	1
2p67A	46	1	A	46		ALA	1
2p67A	47	1	A	47		ILE	2
2p67A	48	1	A	48		MET	2
2p67A	49	1	A	49		PRO	2
2p67A	50	1	A	50		TYR	2
2p67A	51	1	A	51		CYS	2
2p67A	52	1	A	52		GLY	2
2p67A	53	1	A	53		ASN	2
2p67A	54	1	A	54		THR	2
2p67A	55	1	A	55		LEU	2
2p67A	56	1	A	56		ARG	2
2p67A	57	1	A	57		LEU	2
2p67A	58	1	A	58		GLY	2
2p67A	59	1	A	59		VAL	2
2p67A	60	1	A	60		THR	2
2p67A	61	1	A	61		GLY	2
2p67A	62	1	A	62		THR	2
2p67A	63	1	A	63		PRO	2
2p67A	64	1	A	64		GLY	2
2p67A	65	1	A	65		ALA	2
2p67A	66	1	A	66		GLY	2
2p67A	67	1	A	67		LYS	2
2p67A	68	1	A	68		SER	2
2p67A	69	1	A	69		THR	2
2p67A	70	1	A	70		PHE	2
2p67A	71	1	A	71		LEU	2
2p67A	72	1	A	72		GLU	2
2p67A	73	1	A	73		ALA	2
2p67A	74	1	A	74		PHE	2
2p67A	75	1	A	75		GLY	2
2p67A	76	1	A	76		MET	2
2p67A	77	1	A	77		LEU	2
2p67A	78	1	A	78		LEU	2
2p67A	79	1	A	79		ILE	2
2p67A	80	1	A	80		ARG	2
2p67A	81	1	A	81		GLU	2
2p67A	82	1	A	82		GLY	2
2p67A	83	1	A	83		LEU	2
2p67A	84	1	A	84		LYS	2
2p67A	85	1	A	85		VAL	2
2p67A	86	1	A	86		ALA	2
2p67A	87	1	A	87		VAL	2
2p67A	88	1	A	88		ILE	2
2p67A	89	1	A	89		ALA	2
2p67A	90	1	A	90		VAL	2
2p67A	91	1	A	91		ASP	2
2p67A	92	1	A	92		PRO	2
2p67A	93	1	A	93		SER	2
2p67A	94	1	A	109		ASN	2
2p67A	95	1	A	110		ASP	2
2p67A	96	1	A	111		LEU	2
2p67A	97	1	A	112		ALA	2
2p67A	98	1	A	113		ARG	2
2p67A	99	1	A	114		ALA	2
2p67A	100	1	A	115		GLU	2
2p67A	101	1	A	116		ALA	2
2p67A	102	1	A	117		ALA	2
2p67A	103	1	A	118		PHE	2
2p67A	104	1	A	119		ILE	2
2p67A	105	1	A	120		ARG	2
2p67A	106	1	A	121		PRO	2
2p67A	107	1	A	122		VAL	2
2p67A	108	1	A	123		PRO	2
2p67A	109	1	A	124		SER	2
2p67A	110	1	A	130		GLY	2
2p67A	111	1	A	131		ALA	2
2p67A	112	1	A	132		SER	2
2p67A	113	1	A	133		GLN	2
2p67A	114	1	A	134		ARG	2
2p67A	115	1	A	135		ALA	2
2p67A	116	1	A	136		ARG	2
2p67A	117	1	A	137		GLU	2
2p67A	118	1	A	138		LEU	2
2p67A	119	1	A	139		MET	2
2p67A	120	1	A	140		LEU	2
2p67A	121	1	A	141		LEU	2
2p67A	122	1	A	142		CYS	2
2p67A	123	1	A	143		GLU	2
2p67A	124	1	A	144		ALA	2
2p67A	125	1	A	145		ALA	2
2p67A	126	1	A	146		GLY	2
2p67A	127	1	A	147		TYR	2
2p67A	128	1	A	148		ASP	2
2p67A	129	1	A	149		VAL	2
2p67A	130	1	A	150		VAL	2
2p67A	131	1	A	151		ILE	2
2p67A	132	1	A	152		VAL	2
2p67A	133	1	A	153		GLU	2
2p67A	134	1	A	154		THR	2
2p67A	135	1	A	155		VAL	2
2p67A	136	1	A	156		GLY	2
2p67A	137	1	A	157		VAL	2
2p67A	138	1	A	158		GLY	2
2p67A	139	1	A	159		GLN	2
2p67A	140	1	A	160		SER	2
2p67A	141	1	A	161		GLU	2
2p67A	142	1	A	162		THR	2
2p67A	143	1	A	163		GLU	2
2p67A	144	1	A	164		VAL	2
2p67A	145	1	A	165		ALA	2
2p67A	146	1	A	166		ARG	2
2p67A	147	1	A	167		MET	2
2p67A	148	1	A	168		VAL	2
2p67A	149	1	A	169		ASP	2
2p67A	150	1	A	170		CYS	3
2p67A	151	1	A	171		PHE	3
2p67A	152	1	A	172		ILE	3
2p67A	153	1	A	173		SER	3
2p67A	154	1	A	174		LEU	3
2p67A	155	1	A	175		GLN	3
2p67A	156	1	A	176		ILE	3
2p67A	157	1	A	177		ALA	3
2p67A	158	1	A	184		GLN	3
2p67A	159	1	A	185		GLY	3
2p67A	160	1	A	186		ILE	3
2p67A	161	1	A	187		LYS	3
2p67A	162	1	A	188		LYS	3
2p67A	163	1	A	189		GLY	3
2p67A	164	1	A	190		LEU	3
2p67A	165	1	A	191		MET	3
2p67A	166	1	A	192		GLU	3
2p67A	167	1	A	193		VAL	3
2p67A	168	1	A	194		ALA	3
2p67A	169	1	A	195		ASP	3
2p67A	170	1	A	196		LEU	3
2p67A	171	1	A	197		ILE	3
2p67A	172	1	A	198		VAL	3
2p67A	173	1	A	199		ILE	3
2p67A	174	1	A	200		ASN	3
2p67A	175	1	A	201		LYS	3
2p67A	176	1	A	202		ASP	3
2p67A	177	1	A	203		ASP	3
2p67A	178	1	A	204		GLY	3
2p67A	179	1	A	205		ASP	3
2p67A	180	1	A	206		ASN	3
2p67A	181	1	A	207		HIS	3
2p67A	182	1	A	208		THR	3
2p67A	183	1	A	209		ASN	3
2p67A	184	1	A	210		VAL	3
2p67A	185	1	A	211		ALA	3
2p67A	186	1	A	212		ILE	3
2p67A	187	1	A	213		ALA	3
2p67A	188	1	A	214		ARG	3
2p67A	189	1	A	215		HIS	3
2p67A	190	1	A	216		MET	3
2p67A	191	1	A	217		TYR	3
2p67A	192	1	A	218		GLU	3
2p67A	193	1	A	219		SER	3
2p67A	194	1	A	220		ALA	3
2p67A	195	1	A	221		LEU	3
2p67A	196	1	A	222		HIS	3
2p67A	197	1	A	223		ILE	3
2p67A	198	1	A	224		LEU	3
2p67A	199	1	A	225		ARG	3
2p67A	200	1	A	226		ARG	3
2p67A	201	1	A	227		LYS	3
2p67A	202	1	A	228		TYR	3
2p67A	203	1	A	229		ASP	3
2p67A	204	1	A	230		GLU	3
2p67A	205	1	A	231		TRP	3
2p67A	206	1	A	232		GLN	3
2p67A	207	1	A	233		PRO	3
2p67A	208	1	A	234		ARG	3
2p67A	209	1	A	235		VAL	3
2p67A	210	1	A	236		LEU	3
2p67A	211	1	A	237		THR	3
2p67A	212	1	A	238		CYS	3
2p67A	213	1	A	239		SER	3
2p67A	214	1	A	240		ALA	3
2p67A	215	1	A	241		LEU	3
2p67A	216	1	A	242		GLU	3
2p67A	217	1	A	243		LYS	3
2p67A	218	1	A	244		ARG	3
2p67A	219	1	A	245		GLY	3
2p67A	220	1	A	246		ILE	3
2p67A	221	1	A	247		ASP	3
2p67A	222	1	A	248		GLU	3
2p67A	223	1	A	249		ILE	3
2p67A	224	1	A	250		TRP	3
2p67A	225	1	A	251		HIS	3
2p67A	226	1	A	252		ALA	3
2p67A	227	1	A	253		ILE	3
2p67A	228	1	A	254		ILE	3
2p67A	229	1	A	255		ASP	3
2p67A	230	1	A	256		PHE	3
2p67A	231	1	A	257		LYS	3
2p67A	232	1	A	258		THR	3
2p67A	233	1	A	259		ALA	3
2p67A	234	1	A	260		LEU	3
2p67A	235	1	A	261		THR	3
2p67A	236	1	A	262		ALA	3
2p67A	237	1	A	263		SER	3
2p67A	238	1	A	264		GLY	3
2p67A	239	1	A	265		ARG	3
2p67A	240	1	A	266		LEU	3
2p67A	241	1	A	267		GLN	3
2p67A	242	1	A	268		GLN	0
2p67A	243	1	A	269		VAL	0
2p67A	244	1	A	270		ARG	0
2p67A	245	1	A	271		GLN	0
2p67A	246	1	A	272		GLN	0
2p67A	247	1	A	273		GLN	0
2p67A	248	1	A	274		SER	0
2p67A	249	1	A	275		VAL	0
2p67A	250	1	A	276		GLU	0
2p67A	251	1	A	277		TRP	0
2p67A	252	1	A	278		LEU	0
2p67A	253	1	A	279		ARG	0
2p67A	254	1	A	280		LYS	0
2p67A	255	1	A	281		GLN	0
2p67A	256	1	A	282		THR	0
2p67A	257	1	A	283		GLU	0
2p67A	258	1	A	284		GLU	0
2p67A	259	1	A	285		GLU	0
2p67A	260	1	A	286		VAL	0
2p67A	261	1	A	287		LEU	0
2p67A	262	1	A	288		ASN	0
2p67A	263	1	A	289		HIS	0
2p67A	264	1	A	290		LEU	0
2p67A	265	1	A	291		PHE	0
2p67A	266	1	A	292		ALA	0
2p67A	267	1	A	293		ASN	0
2p67A	268	1	A	294		GLU	0
2p67A	269	1	A	295		ASP	0
2p67A	270	1	A	296		PHE	0
2p67A	271	1	A	297		ASP	0
2p67A	272	1	A	298		ARG	0
2p67A	273	1	A	299		TYR	0
2p67A	274	1	A	300		TYR	0
2p67A	275	1	A	301		ARG	0
2p67A	276	1	A	302		GLN	0
2p67A	277	1	A	303		THR	0
2p67A	278	1	A	304		LEU	0
2p67A	279	1	A	305		LEU	0
2p67A	280	1	A	306		ALA	0
2p67A	281	1	A	307		VAL	0
2p67A	282	1	A	308		LYS	0
2p67A	283	1	A	309		ASN	0
2p67A	284	1	A	310		ASN	0
2p67A	285	1	A	311		THR	0
2p67A	286	1	A	312		LEU	0
2p67A	287	1	A	313		SER	0
2p67A	288	1	A	314		PRO	0
2p67A	289	1	A	315		ARG	0
2p67A	290	1	A	316		THR	0
2p67A	291	1	A	317		GLY	0
2p67A	292	1	A	318		LEU	0
2p67A	293	1	A	319		ARG	0
2p67A	294	1	A	320		GLN	0
2p67A	295	1	A	321		LEU	0
2p67A	296	1	A	322		SER	0
2p67A	297	1	A	323		GLU	0
2p67A	298	1	A	324		PHE	0
2p67A	299	1	A	325		ILE	0
2p67A	300	1	A	326		GLN	0
2p67A	301	1	A	327		THR	0
1el6A	0	1	A	12		SER	1
1el6A	1	1	A	13		ARG	1
1el6A	2	1	A	14		LEU	1
1el6A	3	1	A	15		ALA	1
1el6A	4	1	A	16		ASP	1
1el6A	5	1	A	17		PHE	1
1el6A	6	1	A	18		LEU	1
1el6A	7	1	A	19		GLY	1
1el6A	8	1	A	20		PHE	1
1el6A	9	1	A	21		ARG	1
1el6A	10	1	A	22		PRO	1
1el6A	11	1	A	23		LYS	1
1el6A	12	1	A	24		THR	1
1el6A	13	1	A	25		GLY	1
1el6A	14	1	A	26		ASP	1
1el6A	15	1	A	27		ILE	1
1el6A	16	1	A	28		ASP	1
1el6A	17	1	A	29		VAL	1
1el6A	18	1	A	30		MET	1
1el6A	19	1	A	31		ASN	1
1el6A	20	1	A	32		ARG	1
1el6A	21	1	A	33		GLN	1
1el6A	22	1	A	34		SER	1
1el6A	23	1	A	35		VAL	1
1el6A	24	1	A	36		GLY	1
1el6A	25	1	A	37		SER	1
1el6A	26	1	A	38		VAL	1
1el6A	27	1	A	39		THR	1
1el6A	28	1	A	40		ILE	1
1el6A	29	1	A	41		SER	1
1el6A	30	1	A	42		GLN	1
1el6A	31	1	A	43		LEU	1
1el6A	32	1	A	44		ALA	1
1el6A	33	1	A	45		LYS	1
1el6A	34	1	A	46		GLY	1
1el6A	35	1	A	47		PHE	1
1el6A	36	1	A	48		TYR	1
1el6A	37	1	A	49		GLU	1
1el6A	38	1	A	50		PRO	1
1el6A	39	1	A	51		ASN	1
1el6A	40	1	A	52		ILE	1
1el6A	41	1	A	53		GLU	1
1el6A	42	1	A	54		SER	1
1el6A	43	1	A	55		ALA	1
1el6A	44	1	A	56		ILE	1
1el6A	45	1	A	57		ASN	1
1el6A	46	1	A	58		ASP	1
1el6A	47	1	A	59		VAL	1
1el6A	48	1	A	60		HIS	1
1el6A	49	1	A	61		ASN	1
1el6A	50	1	A	62		PHE	1
1el6A	51	1	A	63		SER	2
1el6A	52	1	A	64		ILE	2
1el6A	53	1	A	65		LYS	2
1el6A	54	1	A	66		ASP	2
1el6A	55	1	A	67		VAL	2
1el6A	56	1	A	68		GLY	2
1el6A	57	1	A	69		THR	2
1el6A	58	1	A	70		ILE	2
1el6A	59	1	A	71		ILE	2
1el6A	60	1	A	72		THR	2
1el6A	61	1	A	73		ASN	2
1el6A	62	1	A	74		LYS	2
1el6A	63	1	A	75		THR	2
1el6A	64	1	A	76		GLY	2
1el6A	65	1	A	77		VAL	2
1el6A	66	1	A	78		SER	2
1el6A	67	1	A	79		PRO	2
1el6A	68	1	A	80		GLU	2
1el6A	69	1	A	81		GLY	3
1el6A	70	1	A	82		VAL	3
1el6A	71	1	A	83		SER	3
1el6A	72	1	A	84		GLN	3
1el6A	73	1	A	85		THR	3
1el6A	74	1	A	86		ASP	3
1el6A	75	1	A	87		TYR	3
1el6A	76	1	A	88		TRP	3
1el6A	77	1	A	89		ALA	3
1el6A	78	1	A	90		PHE	3
1el6A	79	1	A	91		SER	3
1el6A	80	1	A	92		GLY	3
1el6A	81	1	A	93		THR	3
1el6A	82	1	A	94		VAL	3
1el6A	83	1	A	95		THR	3
1el6A	84	1	A	96		ASP	3
1el6A	85	1	A	97		ASP	3
1el6A	86	1	A	98		SER	3
1el6A	87	1	A	99		LEU	3
1el6A	88	1	A	100		PRO	3
1el6A	89	1	A	101		PRO	3
1el6A	90	1	A	102		GLY	3
1el6A	91	1	A	103		SER	3
1el6A	92	1	A	104		PRO	3
1el6A	93	1	A	105		ILE	3
1el6A	94	1	A	106		THR	3
1el6A	95	1	A	107		VAL	3
1el6A	96	1	A	108		LEU	3
1el6A	97	1	A	109		VAL	3
1el6A	98	1	A	110		PHE	3
1el6A	99	1	A	111		GLY	3
1el6A	100	1	A	112		LEU	3
1el6A	101	1	A	113		PRO	3
1el6A	102	1	A	114		VAL	3
1el6A	103	1	A	115		SER	3
1el6A	104	1	A	116		ALA	3
1el6A	105	1	A	117		THR	3
1el6A	106	1	A	118		THR	3
1el6A	107	1	A	119		GLY	3
1el6A	108	1	A	120		MET	3
1el6A	109	1	A	121		THR	3
1el6A	110	1	A	122		ALA	3
1el6A	111	1	A	123		ILE	3
1el6A	112	1	A	124		GLU	3
1el6A	113	1	A	125		PHE	3
1el6A	114	1	A	126		VAL	3
1el6A	115	1	A	127		ALA	3
1el6A	116	1	A	128		LYS	3
1el6A	117	1	A	129		VAL	3
1el6A	118	1	A	130		ARG	3
1el6A	119	1	A	131		VAL	3
1el6A	120	1	A	132		ALA	3
1el6A	121	1	A	133		LEU	3
1el6A	122	1	A	134		GLN	3
1el6A	123	1	A	135		GLU	3
1el6A	124	1	A	136		ALA	3
1el6A	125	1	A	137		ILE	3
1el6A	126	1	A	138		ALA	3
1el6A	127	1	A	139		SER	3
1el6A	128	1	A	140		PHE	3
1el6A	129	1	A	141		THR	3
1el6A	130	1	A	142		ALA	3
1el6A	131	1	A	143		ILE	3
1el6A	132	1	A	144		ASN	3
1el6A	133	1	A	145		SER	3
1el6A	134	1	A	146		TYR	3
1el6A	135	1	A	147		LYS	3
1el6A	136	1	A	148		ASP	3
1el6A	137	1	A	149		HIS	3
1el6A	138	1	A	150		PRO	3
1el6A	139	1	A	151		THR	3
1el6A	140	1	A	152		ASP	3
1el6A	141	1	A	153		GLY	3
1el6A	142	1	A	154		SER	3
1el6A	143	1	A	155		LYS	3
1el6A	144	1	A	156		LEU	3
1el6A	145	1	A	157		GLU	3
1el6A	146	1	A	158		VAL	3
1el6A	147	1	A	159		THR	3
1el6A	148	1	A	160		TYR	3
1el6A	149	1	A	161		LEU	3
1el6A	150	1	A	162		ASP	3
1el6A	151	1	A	163		ASN	3
1el6A	152	1	A	164		GLN	3
1el6A	153	1	A	165		LYS	3
1el6A	154	1	A	166		HIS	3
1el6A	155	1	A	167		VAL	3
1el6A	156	1	A	168		LEU	3
1el6A	157	1	A	169		SER	3
1el6A	158	1	A	170		THR	3
1el6A	159	1	A	171		TYR	3
1el6A	160	1	A	172		SER	3
1el6A	161	1	A	173		THR	3
1el6A	162	1	A	174		TYR	3
1el6A	163	1	A	175		GLY	3
1el6A	164	1	A	176		ILE	3
1el6A	165	1	A	177		THR	3
1el6A	166	1	A	178		ILE	3
1el6A	167	1	A	179		SER	3
1el6A	168	1	A	180		GLN	3
1el6A	169	1	A	181		GLU	3
1el6A	170	1	A	182		ILE	3
1el6A	171	1	A	183		ILE	3
1el6A	172	1	A	184		SER	3
1el6A	173	1	A	185		GLU	3
1el6A	174	1	A	186		SER	3
1el6A	175	1	A	187		LYS	3
1el6A	176	1	A	188		PRO	3
1el6A	177	1	A	189		GLY	3
1el6A	178	1	A	190		TYR	2
1el6A	179	1	A	191		GLY	2
1el6A	180	1	A	192		THR	2
1el6A	181	1	A	193		TRP	2
1el6A	182	1	A	194		ASN	2
1el6A	183	1	A	195		LEU	2
1el6A	184	1	A	196		LEU	2
1el6A	185	1	A	197		GLY	2
1el6A	186	1	A	198		ALA	2
1el6A	187	1	A	199		GLN	2
1el6A	188	1	A	200		THR	2
1el6A	189	1	A	201		VAL	2
1el6A	190	1	A	202		THR	2
1el6A	191	1	A	203		LEU	2
1el6A	192	1	A	204		ASP	2
1el6A	193	1	A	205		ASN	2
1el6A	194	1	A	206		GLN	2
1el6A	195	1	A	207		GLN	2
1el6A	196	1	A	208		THR	2
1el6A	197	1	A	209		PRO	2
1el6A	198	1	A	210		THR	2
1el6A	199	1	A	211		VAL	2
1el6A	200	1	A	212		PHE	2
1el6A	201	1	A	213		TYR	2
1el6A	202	1	A	214		HIS	2
1el6A	203	1	A	215		PHE	2
1el6A	204	1	A	216		GLU	2
1el6A	205	1	A	217		ARG	2
1el6A	206	1	A	218		THR	2
1el6A	207	1	A	219		ALA	2
4c12A	0	1	A	1		MET	1
4c12A	1	1	A	2		ASP	1
4c12A	2	1	A	3		ALA	1
4c12A	3	1	A	4		SER	1
4c12A	4	1	A	5		THR	1
4c12A	5	1	A	6		LEU	1
4c12A	6	1	A	7		PHE	1
4c12A	7	1	A	8		LYS	1
4c12A	8	1	A	9		LYS	1
4c12A	9	1	A	10		VAL	1
4c12A	10	1	A	11		LYS	1
4c12A	11	1	A	12		VAL	1
4c12A	12	1	A	13		LYS	1
4c12A	13	1	A	14		ARG	1
4c12A	14	1	A	15		VAL	1
4c12A	15	1	A	16		LEU	1
4c12A	16	1	A	17		GLY	1
4c12A	17	1	A	18		SER	1
4c12A	18	1	A	19		LEU	1
4c12A	19	1	A	20		GLU	1
4c12A	20	1	A	21		GLN	1
4c12A	21	1	A	22		GLN	1
4c12A	22	1	A	23		ILE	1
4c12A	23	1	A	24		ASP	1
4c12A	24	1	A	25		ASP	1
4c12A	25	1	A	26		ILE	1
4c12A	26	1	A	27		THR	1
4c12A	27	1	A	28		THR	1
4c12A	28	1	A	29		ASP	1
4c12A	29	1	A	30		SER	1
4c12A	30	1	A	31		ARG	1
4c12A	31	1	A	32		THR	1
4c12A	32	1	A	33		ALA	1
4c12A	33	1	A	34		ARG	1
4c12A	34	1	A	35		GLU	1
4c12A	35	1	A	36		GLY	1
4c12A	36	1	A	37		SER	1
4c12A	37	1	A	38		ILE	1
4c12A	38	1	A	39		PHE	1
4c12A	39	1	A	40		VAL	1
4c12A	40	1	A	41		ALA	1
4c12A	41	1	A	42		SER	1
4c12A	42	1	A	43		VAL	1
4c12A	43	1	A	44		GLY	1
4c12A	44	1	A	45		TYR	1
4c12A	45	1	A	46		THR	1
4c12A	46	1	A	47		VAL	1
4c12A	47	1	A	48		ASP	1
4c12A	48	1	A	49		SER	1
4c12A	49	1	A	50		HIS	1
4c12A	50	1	A	51		LYS	1
4c12A	51	1	A	52		PHE	1
4c12A	52	1	A	53		CYS	1
4c12A	53	1	A	54		GLN	1
4c12A	54	1	A	55		ASN	1
4c12A	55	1	A	56		VAL	1
4c12A	56	1	A	57		ALA	1
4c12A	57	1	A	58		ASP	1
4c12A	58	1	A	59		GLN	1
4c12A	59	1	A	60		GLY	1
4c12A	60	1	A	61		CYS	1
4c12A	61	1	A	62		LYS	1
4c12A	62	1	A	63		LEU	1
4c12A	63	1	A	64		VAL	1
4c12A	64	1	A	65		VAL	1
4c12A	65	1	A	66		VAL	1
4c12A	66	1	A	67		ASN	1
4c12A	67	1	A	68		LYS	1
4c12A	68	1	A	69		GLU	1
4c12A	69	1	A	70		GLN	1
4c12A	70	1	A	71		SER	1
4c12A	71	1	A	72		LEU	1
4c12A	72	1	A	73		PRO	1
4c12A	73	1	A	74		ALA	1
4c12A	74	1	A	75		ASN	1
4c12A	75	1	A	76		VAL	1
4c12A	76	1	A	77		THR	1
4c12A	77	1	A	78		GLN	1
4c12A	78	1	A	79		VAL	1
4c12A	79	1	A	80		VAL	1
4c12A	80	1	A	81		VAL	1
4c12A	81	1	A	82		PRO	1
4c12A	82	1	A	83		ASP	1
4c12A	83	1	A	84		THR	1
4c12A	84	1	A	85		LEU	1
4c12A	85	1	A	86		ARG	1
4c12A	86	1	A	87		VAL	1
4c12A	87	1	A	88		ALA	1
4c12A	88	1	A	89		SER	1
4c12A	89	1	A	90		ILE	1
4c12A	90	1	A	91		LEU	1
4c12A	91	1	A	92		ALA	2
4c12A	92	1	A	93		HIS	2
4c12A	93	1	A	94		THR	2
4c12A	94	1	A	95		LEU	2
4c12A	95	1	A	96		TYR	2
4c12A	96	1	A	97		ASP	2
4c12A	97	1	A	98		TYR	2
4c12A	98	1	A	99		PRO	2
4c12A	99	1	A	100		SER	2
4c12A	100	1	A	101		HIS	2
4c12A	101	1	A	102		GLN	2
4c12A	102	1	A	103		LEU	2
4c12A	103	1	A	104		VAL	2
4c12A	104	1	A	105		THR	2
4c12A	105	1	A	106		PHE	2
4c12A	106	1	A	107		GLY	2
4c12A	107	1	A	108		VAL	2
4c12A	108	1	A	109		THR	2
4c12A	109	1	A	110		GLY	2
4c12A	110	1	A	111		THR	2
4c12A	111	1	A	112		ASN	2
4c12A	112	1	A	113		GLY	2
4c12A	113	1	A	114		LYS	2
4c12A	114	1	A	115		THR	2
4c12A	115	1	A	116		SER	2
4c12A	116	1	A	117		ILE	2
4c12A	117	1	A	118		ALA	2
4c12A	118	1	A	119		THR	2
4c12A	119	1	A	120		MET	2
4c12A	120	1	A	121		ILE	2
4c12A	121	1	A	122		HIS	2
4c12A	122	1	A	123		LEU	2
4c12A	123	1	A	124		ILE	2
4c12A	124	1	A	125		GLN	2
4c12A	125	1	A	126		ARG	2
4c12A	126	1	A	127		LYS	2
4c12A	127	1	A	128		LEU	2
4c12A	128	1	A	129		GLN	2
4c12A	129	1	A	130		LYS	2
4c12A	130	1	A	131		ASN	2
4c12A	131	1	A	132		SER	2
4c12A	132	1	A	133		ALA	2
4c12A	133	1	A	134		TYR	2
4c12A	134	1	A	135		LEU	2
4c12A	135	1	A	136		GLY	2
4c12A	136	1	A	137		THR	2
4c12A	137	1	A	138		ASN	2
4c12A	138	1	A	139		GLY	2
4c12A	139	1	A	140		PHE	2
4c12A	140	1	A	141		GLN	2
4c12A	141	1	A	142		ILE	2
4c12A	142	1	A	143		ASN	2
4c12A	143	1	A	144		GLU	2
4c12A	144	1	A	145		THR	2
4c12A	145	1	A	146		LYS	2
4c12A	146	1	A	147		THR	2
4c12A	147	1	A	148		LYS	2
4c12A	148	1	A	149		GLY	2
4c12A	149	1	A	150		ALA	2
4c12A	150	1	A	151		ASN	2
4c12A	151	1	A	152		THR	2
4c12A	152	1	A	153		THR	2
4c12A	153	1	A	154		PRO	2
4c12A	154	1	A	155		GLU	2
4c12A	155	1	A	156		THR	2
4c12A	156	1	A	157		VAL	2
4c12A	157	1	A	158		SER	2
4c12A	158	1	A	159		LEU	2
4c12A	159	1	A	160		THR	2
4c12A	160	1	A	161		LYS	2
4c12A	161	1	A	162		LYS	2
4c12A	162	1	A	163		ILE	2
4c12A	163	1	A	164		LYS	2
4c12A	164	1	A	165		GLU	2
4c12A	165	1	A	166		ALA	2
4c12A	166	1	A	167		VAL	2
4c12A	167	1	A	168		ASP	2
4c12A	168	1	A	169		ALA	2
4c12A	169	1	A	170		GLY	2
4c12A	170	1	A	171		ALA	2
4c12A	171	1	A	172		GLU	2
4c12A	172	1	A	173		SER	2
4c12A	173	1	A	174		MET	2
4c12A	174	1	A	175		THR	2
4c12A	175	1	A	176		LEU	2
4c12A	176	1	A	177		GLU	2
4c12A	177	1	A	178		VAL	2
4c12A	178	1	A	179		SER	2
4c12A	179	1	A	180		SER	2
4c12A	180	1	A	181		HIS	2
4c12A	181	1	A	182		GLY	2
4c12A	182	1	A	183		LEU	2
4c12A	183	1	A	184		VAL	2
4c12A	184	1	A	185		LEU	2
4c12A	185	1	A	186		GLY	2
4c12A	186	1	A	187		ARG	2
4c12A	187	1	A	188		LEU	2
4c12A	188	1	A	189		ARG	2
4c12A	189	1	A	190		GLY	2
4c12A	190	1	A	191		VAL	2
4c12A	191	1	A	192		GLU	2
4c12A	192	1	A	193		PHE	2
4c12A	193	1	A	194		ASP	2
4c12A	194	1	A	195		VAL	2
4c12A	195	1	A	196		ALA	2
4c12A	196	1	A	197		ILE	2
4c12A	197	1	A	198		PHE	2
4c12A	198	1	A	199		SER	2
4c12A	199	1	A	200		ASN	2
4c12A	200	1	A	201		LEU	2
4c12A	201	1	A	202		THR	2
4c12A	202	1	A	203		GLN	2
4c12A	203	1	A	204		ASP	2
4c12A	204	1	A	205		HIS	2
4c12A	205	1	A	206		LEU	2
4c12A	206	1	A	207		ASP	2
4c12A	207	1	A	208		PHE	2
4c12A	208	1	A	209		HIS	2
4c12A	209	1	A	210		GLY	2
4c12A	210	1	A	211		THR	2
4c12A	211	1	A	212		MET	2
4c12A	212	1	A	213		GLU	2
4c12A	213	1	A	214		ALA	2
4c12A	214	1	A	215		TYR	2
4c12A	215	1	A	216		GLY	2
4c12A	216	1	A	217		HIS	2
4c12A	217	1	A	218		ALA	2
4c12A	218	1	A	220		SER	2
4c12A	219	1	A	221		LEU	2
4c12A	220	1	A	222		LEU	2
4c12A	221	1	A	223		PHE	2
4c12A	222	1	A	224		SER	2
4c12A	223	1	A	225		GLN	2
4c12A	224	1	A	226		LEU	2
4c12A	225	1	A	227		GLY	2
4c12A	226	1	A	228		GLU	2
4c12A	227	1	A	229		ASP	2
4c12A	228	1	A	230		LEU	2
4c12A	229	1	A	231		SER	2
4c12A	230	1	A	232		LYS	2
4c12A	231	1	A	233		GLU	2
4c12A	232	1	A	234		LYS	2
4c12A	233	1	A	235		TYR	2
4c12A	234	1	A	236		VAL	2
4c12A	235	1	A	237		VAL	2
4c12A	236	1	A	238		LEU	2
4c12A	237	1	A	239		ASN	2
4c12A	238	1	A	240		ASN	2
4c12A	239	1	A	241		ASP	2
4c12A	240	1	A	242		ASP	2
4c12A	241	1	A	243		SER	2
4c12A	242	1	A	244		PHE	2
4c12A	243	1	A	245		SER	2
4c12A	244	1	A	246		GLU	2
4c12A	245	1	A	247		TYR	2
4c12A	246	1	A	248		LEU	2
4c12A	247	1	A	249		ARG	2
4c12A	248	1	A	250		THR	2
4c12A	249	1	A	251		VAL	2
4c12A	250	1	A	252		THR	2
4c12A	251	1	A	253		PRO	2
4c12A	252	1	A	254		TYR	2
4c12A	253	1	A	255		GLU	2
4c12A	254	1	A	256		VAL	2
4c12A	255	1	A	257		PHE	2
4c12A	256	1	A	258		SER	2
4c12A	257	1	A	259		TYR	2
4c12A	258	1	A	260		GLY	2
4c12A	259	1	A	261		ILE	2
4c12A	260	1	A	262		ASP	2
4c12A	261	1	A	263		GLU	2
4c12A	262	1	A	264		GLU	2
4c12A	263	1	A	265		ALA	2
4c12A	264	1	A	266		GLN	2
4c12A	265	1	A	267		PHE	2
4c12A	266	1	A	268		MET	2
4c12A	267	1	A	269		ALA	2
4c12A	268	1	A	270		LYS	2
4c12A	269	1	A	271		ASN	2
4c12A	270	1	A	272		ILE	2
4c12A	271	1	A	273		GLN	2
4c12A	272	1	A	274		GLU	2
4c12A	273	1	A	275		SER	2
4c12A	274	1	A	276		LEU	2
4c12A	275	1	A	277		GLN	2
4c12A	276	1	A	278		GLY	2
4c12A	277	1	A	279		VAL	2
4c12A	278	1	A	280		SER	2
4c12A	279	1	A	281		PHE	2
4c12A	280	1	A	282		ASP	2
4c12A	281	1	A	283		PHE	2
4c12A	282	1	A	284		VAL	2
4c12A	283	1	A	285		THR	2
4c12A	284	1	A	286		PRO	2
4c12A	285	1	A	287		PHE	2
4c12A	286	1	A	288		GLY	2
4c12A	287	1	A	289		THR	2
4c12A	288	1	A	290		TYR	2
4c12A	289	1	A	291		PRO	2
4c12A	290	1	A	292		VAL	2
4c12A	291	1	A	293		LYS	2
4c12A	292	1	A	294		SER	2
4c12A	293	1	A	295		PRO	2
4c12A	294	1	A	296		TYR	2
4c12A	295	1	A	297		VAL	2
4c12A	296	1	A	298		GLY	2
4c12A	297	1	A	299		LYS	2
4c12A	298	1	A	300		PHE	2
4c12A	299	1	A	301		ASN	2
4c12A	300	1	A	302		ILE	2
4c12A	301	1	A	303		SER	2
4c12A	302	1	A	304		ASN	2
4c12A	303	1	A	305		ILE	2
4c12A	304	1	A	306		MET	2
4c12A	305	1	A	307		ALA	2
4c12A	306	1	A	308		ALA	2
4c12A	307	1	A	309		MET	2
4c12A	308	1	A	310		ILE	2
4c12A	309	1	A	311		ALA	2
4c12A	310	1	A	312		VAL	2
4c12A	311	1	A	313		TRP	2
4c12A	312	1	A	314		SER	2
4c12A	313	1	A	315		LYS	2
4c12A	314	1	A	316		GLY	2
4c12A	315	1	A	317		THR	2
4c12A	316	1	A	318		SER	2
4c12A	317	1	A	319		LEU	2
4c12A	318	1	A	320		GLU	2
4c12A	319	1	A	321		THR	2
4c12A	320	1	A	322		ILE	2
4c12A	321	1	A	323		ILE	2
4c12A	322	1	A	324		LYS	2
4c12A	323	1	A	325		ALA	2
4c12A	324	1	A	326		VAL	2
4c12A	325	1	A	327		GLU	2
4c12A	326	1	A	328		ASN	2
4c12A	327	1	A	329		LEU	2
4c12A	328	1	A	330		GLU	2
4c12A	329	1	A	331		PRO	2
4c12A	330	1	A	332		VAL	2
4c12A	331	1	A	333		GLU	2
4c12A	332	1	A	334		GLY	2
4c12A	333	1	A	335		ARG	2
4c12A	334	1	A	336		LEU	3
4c12A	335	1	A	337		GLU	3
4c12A	336	1	A	338		VAL	3
4c12A	337	1	A	339		LEU	3
4c12A	338	1	A	340		ASP	3
4c12A	339	1	A	341		PRO	3
4c12A	340	1	A	342		SER	3
4c12A	341	1	A	343		LEU	3
4c12A	342	1	A	344		PRO	3
4c12A	343	1	A	345		ILE	3
4c12A	344	1	A	346		ASP	3
4c12A	345	1	A	347		LEU	3
4c12A	346	1	A	348		ILE	3
4c12A	347	1	A	349		ILE	3
4c12A	348	1	A	350		ASP	3
4c12A	349	1	A	351		TYR	3
4c12A	350	1	A	352		ALA	3
4c12A	351	1	A	353		HIS	3
4c12A	352	1	A	354		THR	3
4c12A	353	1	A	355		ALA	3
4c12A	354	1	A	356		ASP	3
4c12A	355	1	A	357		GLY	3
4c12A	356	1	A	358		MET	3
4c12A	357	1	A	359		ASN	3
4c12A	358	1	A	360		LYS	3
4c12A	359	1	A	361		LEU	3
4c12A	360	1	A	362		ILE	3
4c12A	361	1	A	363		ASP	3
4c12A	362	1	A	364		ALA	3
4c12A	363	1	A	365		VAL	3
4c12A	364	1	A	366		GLN	3
4c12A	365	1	A	367		PRO	3
4c12A	366	1	A	368		PHE	3
4c12A	367	1	A	369		VAL	3
4c12A	368	1	A	370		LYS	3
4c12A	369	1	A	371		GLN	3
4c12A	370	1	A	372		LYS	3
4c12A	371	1	A	373		LEU	3
4c12A	372	1	A	374		ILE	3
4c12A	373	1	A	375		PHE	3
4c12A	374	1	A	376		LEU	3
4c12A	375	1	A	377		VAL	3
4c12A	376	1	A	378		GLY	3
4c12A	377	1	A	379		MET	3
4c12A	378	1	A	380		ALA	3
4c12A	379	1	A	381		GLY	3
4c12A	380	1	A	382		GLU	3
4c12A	381	1	A	383		ARG	3
4c12A	382	1	A	384		ASP	3
4c12A	383	1	A	385		LEU	3
4c12A	384	1	A	386		THR	3
4c12A	385	1	A	387		LYS	3
4c12A	386	1	A	388		THR	3
4c12A	387	1	A	389		PRO	3
4c12A	388	1	A	390		GLU	3
4c12A	389	1	A	391		MET	3
4c12A	390	1	A	392		GLY	3
4c12A	391	1	A	393		ARG	3
4c12A	392	1	A	394		VAL	3
4c12A	393	1	A	395		ALA	3
4c12A	394	1	A	396		CYS	3
4c12A	395	1	A	397		ARG	3
4c12A	396	1	A	398		ALA	3
4c12A	397	1	A	399		ASP	3
4c12A	398	1	A	400		TYR	3
4c12A	399	1	A	401		VAL	3
4c12A	400	1	A	402		ILE	3
4c12A	401	1	A	403		PHE	3
4c12A	402	1	A	404		THR	3
4c12A	403	1	A	405		PRO	3
4c12A	404	1	A	406		ASP	3
4c12A	405	1	A	407		ASN	3
4c12A	406	1	A	408		PRO	3
4c12A	407	1	A	409		ALA	3
4c12A	408	1	A	410		ASN	3
4c12A	409	1	A	411		ASP	3
4c12A	410	1	A	412		ASP	3
4c12A	411	1	A	413		PRO	3
4c12A	412	1	A	414		LYS	3
4c12A	413	1	A	415		MET	3
4c12A	414	1	A	416		LEU	3
4c12A	415	1	A	417		THR	3
4c12A	416	1	A	418		ALA	3
4c12A	417	1	A	419		GLU	3
4c12A	418	1	A	420		LEU	3
4c12A	419	1	A	421		ALA	3
4c12A	420	1	A	422		LYS	3
4c12A	421	1	A	423		GLY	3
4c12A	422	1	A	424		ALA	3
4c12A	423	1	A	425		THR	3
4c12A	424	1	A	426		HIS	3
4c12A	425	1	A	427		GLN	3
4c12A	426	1	A	428		ASN	3
4c12A	427	1	A	429		TYR	3
4c12A	428	1	A	430		ILE	3
4c12A	429	1	A	431		GLU	3
4c12A	430	1	A	432		PHE	3
4c12A	431	1	A	433		ASP	3
4c12A	432	1	A	434		ASP	3
4c12A	433	1	A	435		ARG	3
4c12A	434	1	A	436		ALA	3
4c12A	435	1	A	437		GLU	3
4c12A	436	1	A	438		GLY	3
4c12A	437	1	A	439		ILE	3
4c12A	438	1	A	440		LYS	3
4c12A	439	1	A	441		HIS	3
4c12A	440	1	A	442		ALA	3
4c12A	441	1	A	443		ILE	3
4c12A	442	1	A	444		ASP	3
4c12A	443	1	A	445		ILE	3
4c12A	444	1	A	446		ALA	3
4c12A	445	1	A	447		GLU	3
4c12A	446	1	A	448		PRO	3
4c12A	447	1	A	449		GLY	3
4c12A	448	1	A	450		ASP	3
4c12A	449	1	A	451		THR	3
4c12A	450	1	A	452		VAL	3
4c12A	451	1	A	453		VAL	3
4c12A	452	1	A	454		LEU	3
4c12A	453	1	A	455		ALA	3
4c12A	454	1	A	456		SER	3
4c12A	455	1	A	457		LYS	3
4c12A	456	1	A	458		GLY	3
4c12A	457	1	A	459		ARG	3
4c12A	458	1	A	460		GLU	3
4c12A	459	1	A	461		PRO	3
4c12A	460	1	A	462		TYR	3
4c12A	461	1	A	463		GLN	3
4c12A	462	1	A	464		ILE	3
4c12A	463	1	A	465		MET	3
4c12A	464	1	A	466		PRO	3
4c12A	465	1	A	467		GLY	3
4c12A	466	1	A	468		HIS	3
4c12A	467	1	A	469		ILE	3
4c12A	468	1	A	470		LYS	3
4c12A	469	1	A	471		VAL	3
4c12A	470	1	A	472		PRO	3
4c12A	471	1	A	473		HIS	3
4c12A	472	1	A	474		ARG	3
4c12A	473	1	A	475		ASP	3
4c12A	474	1	A	476		ASP	3
4c12A	475	1	A	477		LEU	3
4c12A	476	1	A	478		ILE	3
4c12A	477	1	A	479		GLY	3
4c12A	478	1	A	480		LEU	3
4c12A	479	1	A	481		GLU	3
4c12A	480	1	A	482		ALA	3
4c12A	481	1	A	483		ALA	3
4c12A	482	1	A	484		TYR	3
4c12A	483	1	A	485		LYS	3
4c12A	484	1	A	486		LYS	3
4c12A	485	1	A	487		PHE	3
4c12A	486	1	A	488		GLY	3
4c12A	487	1	A	489		GLY	3
4c12A	488	1	A	490		GLY	3
4c12A	489	1	A	491		PRO	3
4c12A	490	1	A	492		VAL	3
4c12A	491	1	A	493		ASP	3
4azsA	0	1	A	4		ASP	1
4azsA	1	1	A	5		LEU	1
4azsA	2	1	A	6		ASN	1
4azsA	3	1	A	7		THR	1
4azsA	4	1	A	8		LEU	1
4azsA	5	1	A	9		VAL	1
4azsA	6	1	A	10		SER	1
4azsA	7	1	A	11		GLU	1
4azsA	8	1	A	12		LEU	1
4azsA	9	1	A	13		PRO	1
4azsA	10	1	A	14		GLU	1
4azsA	11	1	A	15		ILE	1
4azsA	12	1	A	16		TYR	1
4azsA	13	1	A	17		GLN	1
4azsA	14	1	A	18		THR	1
4azsA	15	1	A	19		ILE	1
4azsA	16	1	A	20		PHE	1
4azsA	17	1	A	21		GLY	1
4azsA	18	1	A	22		HIS	1
4azsA	19	1	A	23		PRO	1
4azsA	20	1	A	24		GLU	1
4azsA	21	1	A	25		TRP	1
4azsA	22	1	A	26		ASP	1
4azsA	23	1	A	27		GLY	1
4azsA	24	1	A	28		ASP	1
4azsA	25	1	A	29		ALA	1
4azsA	26	1	A	30		ALA	1
4azsA	27	1	A	31		ARG	1
4azsA	28	1	A	32		ASP	1
4azsA	29	1	A	33		CYS	1
4azsA	30	1	A	34		ASN	1
4azsA	31	1	A	35		GLN	1
4azsA	32	1	A	36		ARG	1
4azsA	33	1	A	37		LEU	1
4azsA	34	1	A	38		ASP	1
4azsA	35	1	A	39		LEU	1
4azsA	36	1	A	40		ILE	1
4azsA	37	1	A	41		THR	1
4azsA	38	1	A	42		GLU	1
4azsA	39	1	A	43		GLN	1
4azsA	40	1	A	44		TYR	1
4azsA	41	1	A	45		ASP	1
4azsA	42	1	A	46		ASN	1
4azsA	43	1	A	47		LEU	1
4azsA	44	1	A	48		SER	1
4azsA	45	1	A	49		ARG	1
4azsA	46	1	A	50		ALA	1
4azsA	47	1	A	51		LEU	1
4azsA	48	1	A	52		GLY	1
4azsA	49	1	A	53		ARG	1
4azsA	50	1	A	54		PRO	1
4azsA	51	1	A	55		LEU	1
4azsA	52	1	A	56		ASN	1
4azsA	53	1	A	57		VAL	1
4azsA	54	1	A	58		LEU	1
4azsA	55	1	A	59		ASP	1
4azsA	56	1	A	60		LEU	1
4azsA	57	1	A	61		GLY	1
4azsA	58	1	A	62		CYS	1
4azsA	59	1	A	63		ALA	1
4azsA	60	1	A	64		GLN	1
4azsA	61	1	A	65		GLY	1
4azsA	62	1	A	66		PHE	1
4azsA	63	1	A	67		PHE	1
4azsA	64	1	A	68		SER	1
4azsA	65	1	A	69		LEU	1
4azsA	66	1	A	70		SER	1
4azsA	67	1	A	71		LEU	1
4azsA	68	1	A	72		ALA	1
4azsA	69	1	A	73		SER	1
4azsA	70	1	A	74		LYS	1
4azsA	71	1	A	75		GLY	1
4azsA	72	1	A	76		ALA	1
4azsA	73	1	A	77		THR	1
4azsA	74	1	A	78		ILE	1
4azsA	75	1	A	79		VAL	1
4azsA	76	1	A	80		GLY	1
4azsA	77	1	A	81		ILE	1
4azsA	78	1	A	82		ASP	1
4azsA	79	1	A	83		PHE	1
4azsA	80	1	A	84		GLN	1
4azsA	81	1	A	85		GLN	1
4azsA	82	1	A	86		GLU	1
4azsA	83	1	A	87		ASN	1
4azsA	84	1	A	88		ILE	1
4azsA	85	1	A	89		ASN	1
4azsA	86	1	A	90		VAL	1
4azsA	87	1	A	91		CYS	1
4azsA	88	1	A	92		ARG	1
4azsA	89	1	A	93		ALA	1
4azsA	90	1	A	94		LEU	1
4azsA	91	1	A	95		ALA	1
4azsA	92	1	A	96		GLU	1
4azsA	93	1	A	97		GLU	1
4azsA	94	1	A	98		ASN	1
4azsA	95	1	A	99		PRO	1
4azsA	96	1	A	100		ASP	1
4azsA	97	1	A	101		PHE	1
4azsA	98	1	A	102		ALA	1
4azsA	99	1	A	103		ALA	1
4azsA	100	1	A	104		GLU	1
4azsA	101	1	A	105		PHE	1
4azsA	102	1	A	106		ARG	1
4azsA	103	1	A	107		VAL	1
4azsA	104	1	A	108		GLY	1
4azsA	105	1	A	109		ARG	1
4azsA	106	1	A	110		ILE	1
4azsA	107	1	A	111		GLU	1
4azsA	108	1	A	112		GLU	1
4azsA	109	1	A	113		VAL	1
4azsA	110	1	A	114		ILE	1
4azsA	111	1	A	115		ALA	1
4azsA	112	1	A	116		ALA	1
4azsA	113	1	A	117		LEU	1
4azsA	114	1	A	118		GLU	1
4azsA	115	1	A	119		GLU	1
4azsA	116	1	A	120		GLY	1
4azsA	117	1	A	121		GLU	1
4azsA	118	1	A	122		PHE	1
4azsA	119	1	A	123		ASP	1
4azsA	120	1	A	124		LEU	1
4azsA	121	1	A	125		ALA	1
4azsA	122	1	A	126		ILE	1
4azsA	123	1	A	127		GLY	1
4azsA	124	1	A	128		LEU	1
4azsA	125	1	A	129		SER	1
4azsA	126	1	A	130		VAL	1
4azsA	127	1	A	131		PHE	1
4azsA	128	1	A	132		HIS	1
4azsA	129	1	A	133		HIS	1
4azsA	130	1	A	134		ILE	1
4azsA	131	1	A	135		VAL	1
4azsA	132	1	A	136		HIS	1
4azsA	133	1	A	137		LEU	1
4azsA	134	1	A	138		HIS	1
4azsA	135	1	A	139		GLY	1
4azsA	136	1	A	140		ILE	1
4azsA	137	1	A	141		ASP	1
4azsA	138	1	A	142		GLU	1
4azsA	139	1	A	143		VAL	1
4azsA	140	1	A	144		LYS	1
4azsA	141	1	A	145		ARG	1
4azsA	142	1	A	146		LEU	1
4azsA	143	1	A	147		LEU	1
4azsA	144	1	A	148		SER	1
4azsA	145	1	A	149		ARG	1
4azsA	146	1	A	150		LEU	1
4azsA	147	1	A	151		ALA	1
4azsA	148	1	A	152		ASP	1
4azsA	149	1	A	153		VAL	1
4azsA	150	1	A	154		THR	1
4azsA	151	1	A	155		GLN	1
4azsA	152	1	A	156		ALA	1
4azsA	153	1	A	157		VAL	1
4azsA	154	1	A	158		ILE	1
4azsA	155	1	A	159		LEU	1
4azsA	156	1	A	160		GLU	1
4azsA	157	1	A	161		LEU	1
4azsA	158	1	A	162		ALA	1
4azsA	159	1	A	163		VAL	1
4azsA	160	1	A	164		LYS	1
4azsA	161	1	A	165		GLU	1
4azsA	162	1	A	166		GLU	1
4azsA	163	1	A	167		PRO	1
4azsA	164	1	A	168		PHE	1
4azsA	165	1	A	169		TYR	1
4azsA	166	1	A	170		TRP	1
4azsA	167	1	A	171		GLY	1
4azsA	168	1	A	172		VAL	1
4azsA	169	1	A	173		SER	1
4azsA	170	1	A	174		GLN	1
4azsA	171	1	A	175		PRO	1
4azsA	172	1	A	176		ASP	1
4azsA	173	1	A	177		ASP	1
4azsA	174	1	A	178		PRO	1
4azsA	175	1	A	179		ARG	1
4azsA	176	1	A	180		GLU	1
4azsA	177	1	A	181		LEU	1
4azsA	178	1	A	182		ILE	1
4azsA	179	1	A	183		GLU	1
4azsA	180	1	A	184		GLN	1
4azsA	181	1	A	185		CYS	1
4azsA	182	1	A	186		ALA	1
4azsA	183	1	A	187		PHE	1
4azsA	184	1	A	188		TYR	1
4azsA	185	1	A	189		ARG	1
4azsA	186	1	A	190		LEU	1
4azsA	187	1	A	191		ILE	1
4azsA	188	1	A	192		GLY	1
4azsA	189	1	A	193		GLU	1
4azsA	190	1	A	194		PHE	1
4azsA	191	1	A	195		ASP	1
4azsA	192	1	A	196		THR	1
4azsA	193	1	A	197		HIS	1
4azsA	194	1	A	198		LEU	1
4azsA	195	1	A	199		SER	1
4azsA	196	1	A	200		PRO	1
4azsA	197	1	A	201		VAL	1
4azsA	198	1	A	202		PRO	1
4azsA	199	1	A	203		ARG	1
4azsA	200	1	A	204		PRO	1
4azsA	201	1	A	205		MET	1
4azsA	202	1	A	206		TYR	1
4azsA	203	1	A	207		LEU	1
4azsA	204	1	A	208		VAL	1
4azsA	205	1	A	209		SER	1
4azsA	206	1	A	210		ASN	1
4azsA	207	1	A	211		HIS	1
4azsA	208	1	A	212		ARG	1
4azsA	209	1	A	213		VAL	1
4azsA	210	1	A	214		LEU	1
4azsA	211	1	A	215		ILE	1
4azsA	212	1	A	216		ASN	1
4azsA	213	1	A	217		ASP	1
4azsA	214	1	A	218		PHE	1
4azsA	215	1	A	219		ASN	1
4azsA	216	1	A	220		GLN	1
4azsA	217	1	A	221		PRO	1
4azsA	218	1	A	222		PHE	2
4azsA	219	1	A	223		GLN	2
4azsA	220	1	A	224		HIS	2
4azsA	221	1	A	225		TRP	2
4azsA	222	1	A	226		GLN	2
4azsA	223	1	A	227		ASN	2
4azsA	224	1	A	228		GLN	2
4azsA	225	1	A	229		PRO	2
4azsA	226	1	A	230		TYR	2
4azsA	227	1	A	239		ARG	2
4azsA	228	1	A	240		SER	2
4azsA	229	1	A	241		ARG	2
4azsA	230	1	A	242		ARG	2
4azsA	231	1	A	243		TYR	2
4azsA	232	1	A	244		PHE	2
4azsA	233	1	A	245		PHE	2
4azsA	234	1	A	246		GLY	2
4azsA	235	1	A	247		GLU	2
4azsA	236	1	A	248		ASP	2
4azsA	237	1	A	249		TYR	2
4azsA	238	1	A	250		VAL	2
4azsA	239	1	A	251		CYS	2
4azsA	240	1	A	252		LYS	2
4azsA	241	1	A	253		PHE	2
4azsA	242	1	A	254		PHE	2
4azsA	243	1	A	255		TYR	2
4azsA	244	1	A	256		TYR	2
4azsA	245	1	A	257		ASP	2
4azsA	246	1	A	258		MET	2
4azsA	247	1	A	259		PRO	2
4azsA	248	1	A	260		HIS	2
4azsA	249	1	A	261		GLY	2
4azsA	250	1	A	262		ILE	2
4azsA	251	1	A	263		LEU	2
4azsA	252	1	A	264		THR	2
4azsA	253	1	A	265		ALA	2
4azsA	254	1	A	266		GLU	2
4azsA	255	1	A	267		GLU	2
4azsA	256	1	A	268		SER	2
4azsA	257	1	A	269		GLN	2
4azsA	258	1	A	270		ARG	2
4azsA	259	1	A	271		ASN	2
4azsA	260	1	A	272		LYS	2
4azsA	261	1	A	273		TYR	2
4azsA	262	1	A	274		GLU	2
4azsA	263	1	A	275		LEU	2
4azsA	264	1	A	276		HIS	2
4azsA	265	1	A	277		ASN	2
4azsA	266	1	A	278		GLU	2
4azsA	267	1	A	279		ILE	2
4azsA	268	1	A	280		LYS	2
4azsA	269	1	A	281		PHE	2
4azsA	270	1	A	282		LEU	2
4azsA	271	1	A	283		THR	2
4azsA	272	1	A	284		GLN	2
4azsA	273	1	A	285		PRO	2
4azsA	274	1	A	286		PRO	2
4azsA	275	1	A	287		ALA	2
4azsA	276	1	A	288		GLY	2
4azsA	277	1	A	289		PHE	2
4azsA	278	1	A	290		ASP	2
4azsA	279	1	A	291		ALA	2
4azsA	280	1	A	292		PRO	2
4azsA	281	1	A	293		ALA	2
4azsA	282	1	A	294		VAL	2
4azsA	283	1	A	295		LEU	2
4azsA	284	1	A	296		ALA	2
4azsA	285	1	A	297		HIS	2
4azsA	286	1	A	298		GLY	2
4azsA	287	1	A	299		GLU	2
4azsA	288	1	A	300		ASN	2
4azsA	289	1	A	301		ALA	2
4azsA	290	1	A	302		GLN	2
4azsA	291	1	A	303		SER	2
4azsA	292	1	A	304		GLY	2
4azsA	293	1	A	305		TRP	2
4azsA	294	1	A	306		LEU	2
4azsA	295	1	A	307		VAL	2
4azsA	296	1	A	308		MET	2
4azsA	297	1	A	309		GLU	2
4azsA	298	1	A	310		LYS	2
4azsA	299	1	A	311		LEU	3
4azsA	300	1	A	312		PRO	3
4azsA	301	1	A	313		GLY	3
4azsA	302	1	A	314		ARG	3
4azsA	303	1	A	315		LEU	3
4azsA	304	1	A	316		LEU	3
4azsA	305	1	A	317		SER	3
4azsA	306	1	A	318		ASP	3
4azsA	307	1	A	319		MET	3
4azsA	308	1	A	320		LEU	3
4azsA	309	1	A	321		ALA	3
4azsA	310	1	A	322		ALA	3
4azsA	311	1	A	323		GLY	3
4azsA	312	1	A	324		GLU	3
4azsA	313	1	A	325		GLU	3
4azsA	314	1	A	326		ILE	3
4azsA	315	1	A	327		ASP	3
4azsA	316	1	A	328		ARG	3
4azsA	317	1	A	329		GLU	3
4azsA	318	1	A	330		LYS	3
4azsA	319	1	A	331		ILE	3
4azsA	320	1	A	332		LEU	3
4azsA	321	1	A	333		GLY	3
4azsA	322	1	A	334		SER	3
4azsA	323	1	A	335		LEU	3
4azsA	324	1	A	336		LEU	3
4azsA	325	1	A	337		ARG	3
4azsA	326	1	A	338		SER	3
4azsA	327	1	A	339		LEU	3
4azsA	328	1	A	340		ALA	3
4azsA	329	1	A	341		ALA	3
4azsA	330	1	A	342		LEU	3
4azsA	331	1	A	343		GLU	3
4azsA	332	1	A	344		LYS	3
4azsA	333	1	A	345		GLN	3
4azsA	334	1	A	346		GLY	3
4azsA	335	1	A	347		PHE	3
4azsA	336	1	A	348		TRP	3
4azsA	337	1	A	349		HIS	3
4azsA	338	1	A	350		ASP	3
4azsA	339	1	A	351		ASP	3
4azsA	340	1	A	352		VAL	3
4azsA	341	1	A	353		ARG	3
4azsA	342	1	A	354		PRO	3
4azsA	343	1	A	355		TRP	3
4azsA	344	1	A	356		ASN	3
4azsA	345	1	A	357		VAL	3
4azsA	346	1	A	358		MET	3
4azsA	347	1	A	359		VAL	3
4azsA	348	1	A	360		ASP	3
4azsA	349	1	A	361		ALA	3
4azsA	350	1	A	362		ARG	3
4azsA	351	1	A	363		GLN	3
4azsA	352	1	A	364		HIS	3
4azsA	353	1	A	365		ALA	3
4azsA	354	1	A	366		ARG	3
4azsA	355	1	A	367		LEU	3
4azsA	356	1	A	368		ILE	3
4azsA	357	1	A	369		ASP	3
4azsA	358	1	A	370		PHE	3
4azsA	359	1	A	371		GLY	3
4azsA	360	1	A	372		SER	3
4azsA	361	1	A	373		ILE	3
4azsA	362	1	A	374		VAL	3
4azsA	363	1	A	375		THR	3
4azsA	364	1	A	376		THR	3
4azsA	365	1	A	377		PRO	3
4azsA	366	1	A	381		SER	4
4azsA	367	1	A	382		TRP	4
4azsA	368	1	A	383		PRO	4
4azsA	369	1	A	384		THR	4
4azsA	370	1	A	385		ASN	4
4azsA	371	1	A	386		LEU	4
4azsA	372	1	A	387		VAL	4
4azsA	373	1	A	388		GLN	4
4azsA	374	1	A	389		SER	4
4azsA	375	1	A	390		PHE	4
4azsA	376	1	A	391		PHE	4
4azsA	377	1	A	392		VAL	4
4azsA	378	1	A	393		PHE	4
4azsA	379	1	A	394		VAL	4
4azsA	380	1	A	395		ASN	4
4azsA	381	1	A	396		GLU	4
4azsA	382	1	A	397		LEU	4
4azsA	383	1	A	398		PHE	4
4azsA	384	1	A	416		PHE	4
4azsA	385	1	A	417		ASN	4
4azsA	386	1	A	418		LEU	4
4azsA	387	1	A	419		PRO	4
4azsA	388	1	A	420		GLN	4
4azsA	389	1	A	421		PRO	4
4azsA	390	1	A	422		TRP	4
4azsA	391	1	A	423		SER	4
4azsA	392	1	A	424		ASN	4
4azsA	393	1	A	425		TRP	4
4azsA	394	1	A	426		LEU	4
4azsA	395	1	A	427		TYR	4
4azsA	396	1	A	428		ALA	4
4azsA	397	1	A	429		VAL	4
4azsA	398	1	A	430		TRP	4
4azsA	399	1	A	431		GLN	4
4azsA	400	1	A	432		GLU	4
4azsA	401	1	A	433		PRO	4
4azsA	402	1	A	434		VAL	4
4azsA	403	1	A	435		GLU	4
4azsA	404	1	A	436		ARG	4
4azsA	405	1	A	437		TRP	4
4azsA	406	1	A	438		ASN	4
4azsA	407	1	A	439		PHE	4
4azsA	408	1	A	440		VAL	4
4azsA	409	1	A	441		LEU	4
4azsA	410	1	A	442		LEU	4
4azsA	411	1	A	443		LEU	4
4azsA	412	1	A	444		ALA	4
4azsA	413	1	A	445		LEU	4
4azsA	414	1	A	446		PHE	4
4azsA	415	1	A	447		GLU	4
4azsA	416	1	A	448		LYS	4
4azsA	417	1	A	449		LYS	4
4azsA	418	1	A	450		ALA	4
4azsA	419	1	A	451		LYS	4
4azsA	420	1	A	452		LEU	4
4azsA	421	1	A	453		PRO	4
4azsA	422	1	A	454		SER	4
4azsA	423	1	A	455		ALA	4
4azsA	424	1	A	456		GLU	4
4azsA	425	1	A	457		GLN	4
4azsA	426	1	A	458		GLN	4
4azsA	427	1	A	459		ARG	4
4azsA	428	1	A	460		GLY	4
4azsA	429	1	A	461		ALA	4
4azsA	430	1	A	462		THR	4
4azsA	431	1	A	463		GLU	4
4azsA	432	1	A	464		GLN	4
4azsA	433	1	A	465		TRP	4
4azsA	434	1	A	466		ILE	4
4azsA	435	1	A	467		ILE	4
4azsA	436	1	A	468		ALA	4
4azsA	437	1	A	469		GLN	4
4azsA	438	1	A	470		GLU	4
4azsA	439	1	A	471		THR	4
4azsA	440	1	A	472		VAL	4
4azsA	441	1	A	473		LEU	4
3arxA	0	1	A	22		ALA	1
3arxA	1	1	A	23		PRO	1
3arxA	2	1	A	24		THR	1
3arxA	3	1	A	25		ALA	1
3arxA	4	1	A	26		PRO	1
3arxA	5	1	A	27		SER	1
3arxA	6	1	A	28		ILE	1
3arxA	7	1	A	29		ASP	1
3arxA	8	1	A	30		MET	1
3arxA	9	1	A	31		TYR	1
3arxA	10	1	A	32		GLY	1
3arxA	11	1	A	33		SER	1
3arxA	12	1	A	34		ASN	1
3arxA	13	1	A	35		ASN	1
3arxA	14	1	A	36		LEU	1
3arxA	15	1	A	37		GLN	1
3arxA	16	1	A	38		PHE	1
3arxA	17	1	A	39		SER	1
3arxA	18	1	A	40		LYS	1
3arxA	19	1	A	41		ILE	1
3arxA	20	1	A	42		GLU	1
3arxA	21	1	A	43		LEU	1
3arxA	22	1	A	44		ALA	1
3arxA	23	1	A	45		MET	1
3arxA	24	1	A	46		GLU	1
3arxA	25	1	A	47		THR	1
3arxA	26	1	A	48		THR	1
3arxA	27	1	A	49		SER	1
3arxA	28	1	A	50		GLY	1
3arxA	29	1	A	51		TYR	1
3arxA	30	1	A	52		ASN	1
3arxA	31	1	A	53		ASP	1
3arxA	32	1	A	54		MET	1
3arxA	33	1	A	55		VAL	1
3arxA	34	1	A	56		LYS	1
3arxA	35	1	A	57		TYR	1
3arxA	36	1	A	58		HIS	1
3arxA	37	1	A	59		GLU	1
3arxA	38	1	A	60		LEU	1
3arxA	39	1	A	61		ALA	1
3arxA	40	1	A	62		LYS	1
3arxA	41	1	A	63		ILE	1
3arxA	42	1	A	64		LYS	1
3arxA	43	1	A	65		VAL	1
3arxA	44	1	A	66		LYS	1
3arxA	45	1	A	67		PHE	1
3arxA	46	1	A	68		ASN	1
3arxA	47	1	A	69		GLN	1
3arxA	48	1	A	70		TRP	1
3arxA	49	1	A	71		SER	1
3arxA	50	1	A	72		GLY	1
3arxA	51	1	A	73		THR	1
3arxA	52	1	A	74		SER	1
3arxA	53	1	A	75		GLY	1
3arxA	54	1	A	76		ASP	1
3arxA	55	1	A	77		THR	1
3arxA	56	1	A	78		TYR	1
3arxA	57	1	A	79		ASN	1
3arxA	58	1	A	80		VAL	1
3arxA	59	1	A	81		TYR	1
3arxA	60	1	A	82		PHE	1
3arxA	61	1	A	83		ASP	1
3arxA	62	1	A	84		GLY	1
3arxA	63	1	A	85		VAL	1
3arxA	64	1	A	86		LYS	1
3arxA	65	1	A	87		VAL	1
3arxA	66	1	A	88		ALA	1
3arxA	67	1	A	89		THR	1
3arxA	68	1	A	90		GLY	1
3arxA	69	1	A	91		ALA	1
3arxA	70	1	A	92		ILE	1
3arxA	71	1	A	93		THR	1
3arxA	72	1	A	94		GLY	1
3arxA	73	1	A	95		SER	1
3arxA	74	1	A	96		GLN	1
3arxA	75	1	A	97		THR	1
3arxA	76	1	A	98		THR	1
3arxA	77	1	A	99		ALA	1
3arxA	78	1	A	100		SER	1
3arxA	79	1	A	101		PHE	1
3arxA	80	1	A	102		GLU	1
3arxA	81	1	A	103		TYR	1
3arxA	82	1	A	104		GLY	1
3arxA	83	1	A	105		GLN	1
3arxA	84	1	A	106		GLY	1
3arxA	85	1	A	107		GLY	1
3arxA	86	1	A	108		LEU	1
3arxA	87	1	A	109		TYR	1
3arxA	88	1	A	110		GLN	1
3arxA	89	1	A	111		MET	1
3arxA	90	1	A	112		GLU	1
3arxA	91	1	A	113		ILE	1
3arxA	92	1	A	114		GLU	1
3arxA	93	1	A	115		ALA	1
3arxA	94	1	A	116		CYS	1
3arxA	95	1	A	117		ASP	1
3arxA	96	1	A	118		ALA	1
3arxA	97	1	A	119		THR	1
3arxA	98	1	A	120		GLY	1
3arxA	99	1	A	121		CYS	1
3arxA	100	1	A	122		SER	1
3arxA	101	1	A	123		LYS	1
3arxA	102	1	A	124		SER	1
3arxA	103	1	A	125		ALA	1
3arxA	104	1	A	126		PRO	1
3arxA	105	1	A	127		VAL	1
3arxA	106	1	A	128		GLU	1
3arxA	107	1	A	129		ILE	1
3arxA	108	1	A	130		THR	1
3arxA	109	1	A	131		ILE	1
3arxA	110	1	A	132		ALA	1
3arxA	111	1	A	133		ASP	1
3arxA	112	1	A	134		THR	2
3arxA	113	1	A	135		ASP	2
3arxA	114	1	A	136		GLY	2
3arxA	115	1	A	137		SER	2
3arxA	116	1	A	138		HIS	2
3arxA	117	1	A	139		LEU	2
3arxA	118	1	A	140		LYS	2
3arxA	119	1	A	141		PRO	2
3arxA	120	1	A	142		LEU	2
3arxA	121	1	A	143		THR	2
3arxA	122	1	A	144		MET	2
3arxA	123	1	A	145		ASN	2
3arxA	124	1	A	146		VAL	2
3arxA	125	1	A	147		ASP	2
3arxA	126	1	A	148		PRO	2
3arxA	127	1	A	149		ASN	2
3arxA	128	1	A	150		ASN	2
3arxA	129	1	A	151		LYS	2
3arxA	130	1	A	152		SER	2
3arxA	131	1	A	153		TYR	2
3arxA	132	1	A	154		ASN	2
3arxA	133	1	A	155		THR	2
3arxA	134	1	A	156		ASP	2
3arxA	135	1	A	157		PRO	2
3arxA	136	1	A	158		SER	2
3arxA	137	1	A	159		ILE	2
3arxA	138	1	A	160		VAL	2
3arxA	139	1	A	161		MET	2
3arxA	140	1	A	162		GLY	2
3arxA	141	1	A	163		THR	2
3arxA	142	1	A	164		TYR	2
3arxA	143	1	A	165		PHE	2
3arxA	144	1	A	166		VAL	2
3arxA	145	1	A	167		GLU	2
3arxA	146	1	A	168		TRP	2
3arxA	147	1	A	169		GLY	2
3arxA	148	1	A	170		ILE	2
3arxA	149	1	A	171		TYR	2
3arxA	150	1	A	172		GLY	2
3arxA	151	1	A	173		ARG	2
3arxA	152	1	A	174		ASP	2
3arxA	153	1	A	175		TYR	2
3arxA	154	1	A	176		THR	2
3arxA	155	1	A	177		VAL	2
3arxA	156	1	A	178		ASP	2
3arxA	157	1	A	179		ASN	2
3arxA	158	1	A	180		MET	2
3arxA	159	1	A	181		PRO	2
3arxA	160	1	A	182		VAL	2
3arxA	161	1	A	183		ASP	2
3arxA	162	1	A	184		ASN	2
3arxA	163	1	A	185		LEU	2
3arxA	164	1	A	186		THR	2
3arxA	165	1	A	187		HIS	2
3arxA	166	1	A	188		ILE	2
3arxA	167	1	A	189		LEU	2
3arxA	168	1	A	190		TYR	2
3arxA	169	1	A	191		GLY	2
3arxA	170	1	A	192		PHE	2
3arxA	171	1	A	193		ILE	2
3arxA	172	1	A	194		PRO	2
3arxA	173	1	A	195		ILE	2
3arxA	174	1	A	196		CYS	2
3arxA	175	1	A	197		GLY	2
3arxA	176	1	A	198		PRO	2
3arxA	177	1	A	199		ASN	2
3arxA	178	1	A	200		GLU	2
3arxA	179	1	A	201		SER	2
3arxA	180	1	A	202		VAL	2
3arxA	181	1	A	203		LYS	2
3arxA	182	1	A	204		SER	2
3arxA	183	1	A	205		VAL	2
3arxA	184	1	A	206		GLY	2
3arxA	185	1	A	207		GLY	2
3arxA	186	1	A	208		ASN	2
3arxA	187	1	A	209		SER	2
3arxA	188	1	A	210		PHE	2
3arxA	189	1	A	211		ASN	2
3arxA	190	1	A	212		ALA	2
3arxA	191	1	A	213		LEU	2
3arxA	192	1	A	214		GLN	2
3arxA	193	1	A	215		THR	2
3arxA	194	1	A	216		ALA	2
3arxA	195	1	A	217		CYS	2
3arxA	196	1	A	218		ARG	2
3arxA	197	1	A	219		GLY	2
3arxA	198	1	A	220		VAL	2
3arxA	199	1	A	221		ASN	2
3arxA	200	1	A	222		ASP	2
3arxA	201	1	A	223		TYR	2
3arxA	202	1	A	224		GLU	2
3arxA	203	1	A	225		VAL	2
3arxA	204	1	A	226		VAL	2
3arxA	205	1	A	227		ILE	2
3arxA	206	1	A	228		HIS	2
3arxA	207	1	A	229		ASP	2
3arxA	208	1	A	230		PRO	2
3arxA	209	1	A	231		TRP	2
3arxA	210	1	A	232		ALA	2
3arxA	211	1	A	233		ALA	2
3arxA	212	1	A	234		TYR	2
3arxA	213	1	A	235		GLN	2
3arxA	214	1	A	236		LYS	2
3arxA	215	1	A	237		SER	2
3arxA	216	1	A	238		PHE	2
3arxA	217	1	A	239		PRO	2
3arxA	218	1	A	240		GLN	2
3arxA	219	1	A	241		ALA	2
3arxA	220	1	A	242		GLY	2
3arxA	221	1	A	243		HIS	2
3arxA	222	1	A	244		GLU	2
3arxA	223	1	A	245		TYR	2
3arxA	224	1	A	246		SER	2
3arxA	225	1	A	247		THR	2
3arxA	226	1	A	248		PRO	2
3arxA	227	1	A	249		ILE	2
3arxA	228	1	A	250		LYS	2
3arxA	229	1	A	251		GLY	2
3arxA	230	1	A	252		ASN	2
3arxA	231	1	A	253		TYR	2
3arxA	232	1	A	254		ALA	2
3arxA	233	1	A	255		MET	2
3arxA	234	1	A	256		LEU	2
3arxA	235	1	A	257		MET	2
3arxA	236	1	A	258		ALA	2
3arxA	237	1	A	259		LEU	2
3arxA	238	1	A	260		LYS	2
3arxA	239	1	A	261		GLN	2
3arxA	240	1	A	262		ARG	2
3arxA	241	1	A	263		ASN	2
3arxA	242	1	A	264		PRO	2
3arxA	243	1	A	265		ASP	2
3arxA	244	1	A	266		LEU	2
3arxA	245	1	A	267		LYS	2
3arxA	246	1	A	268		ILE	2
3arxA	247	1	A	269		ILE	2
3arxA	248	1	A	270		PRO	2
3arxA	249	1	A	271		SER	2
3arxA	250	1	A	272		ILE	2
3arxA	251	1	A	273		GLY	2
3arxA	252	1	A	274		GLY	2
3arxA	253	1	A	275		TRP	2
3arxA	254	1	A	276		THR	2
3arxA	255	1	A	277		LEU	2
3arxA	256	1	A	278		SER	2
3arxA	257	1	A	279		ASP	2
3arxA	258	1	A	280		PRO	2
3arxA	259	1	A	281		PHE	2
3arxA	260	1	A	282		TYR	2
3arxA	261	1	A	283		ASP	2
3arxA	262	1	A	284		PHE	2
3arxA	263	1	A	285		VAL	2
3arxA	264	1	A	286		ASP	2
3arxA	265	1	A	287		LYS	2
3arxA	266	1	A	288		LYS	2
3arxA	267	1	A	289		ASN	2
3arxA	268	1	A	290		ARG	2
3arxA	269	1	A	291		ASP	2
3arxA	270	1	A	292		THR	2
3arxA	271	1	A	293		PHE	2
3arxA	272	1	A	294		VAL	2
3arxA	273	1	A	295		ALA	2
3arxA	274	1	A	296		SER	2
3arxA	275	1	A	297		VAL	2
3arxA	276	1	A	298		LYS	2
3arxA	277	1	A	299		LYS	2
3arxA	278	1	A	300		PHE	2
3arxA	279	1	A	301		LEU	2
3arxA	280	1	A	302		LYS	2
3arxA	281	1	A	303		THR	2
3arxA	282	1	A	304		TRP	2
3arxA	283	1	A	305		LYS	2
3arxA	284	1	A	306		PHE	2
3arxA	285	1	A	307		TYR	2
3arxA	286	1	A	308		ASP	2
3arxA	287	1	A	309		GLY	2
3arxA	288	1	A	310		VAL	2
3arxA	289	1	A	311		ASP	2
3arxA	290	1	A	312		ILE	2
3arxA	291	1	A	313		ASP	2
3arxA	292	1	A	314		TRP	2
3arxA	293	1	A	315		GLU	2
3arxA	294	1	A	316		PHE	2
3arxA	295	1	A	317		PRO	2
3arxA	296	1	A	318		GLY	2
3arxA	297	1	A	319		GLY	2
3arxA	298	1	A	320		GLY	2
3arxA	299	1	A	321		GLY	2
3arxA	300	1	A	322		ALA	2
3arxA	301	1	A	323		ALA	2
3arxA	302	1	A	324		ALA	2
3arxA	303	1	A	325		ASP	2
3arxA	304	1	A	326		LYS	2
3arxA	305	1	A	327		GLY	2
3arxA	306	1	A	328		ASP	2
3arxA	307	1	A	329		PRO	2
3arxA	308	1	A	330		VAL	2
3arxA	309	1	A	331		ASN	2
3arxA	310	1	A	332		ASP	2
3arxA	311	1	A	333		GLY	2
3arxA	312	1	A	334		PRO	2
3arxA	313	1	A	335		ALA	2
3arxA	314	1	A	336		TYR	2
3arxA	315	1	A	337		ILE	2
3arxA	316	1	A	338		ALA	2
3arxA	317	1	A	339		LEU	2
3arxA	318	1	A	340		MET	2
3arxA	319	1	A	341		ARG	2
3arxA	320	1	A	342		GLU	2
3arxA	321	1	A	343		LEU	2
3arxA	322	1	A	344		ARG	2
3arxA	323	1	A	345		VAL	2
3arxA	324	1	A	346		MET	2
3arxA	325	1	A	347		LEU	2
3arxA	326	1	A	348		ASP	2
3arxA	327	1	A	349		GLU	2
3arxA	328	1	A	350		LEU	2
3arxA	329	1	A	351		GLU	2
3arxA	330	1	A	352		ALA	2
3arxA	331	1	A	353		GLU	2
3arxA	332	1	A	354		THR	2
3arxA	333	1	A	355		GLY	2
3arxA	334	1	A	356		ARG	2
3arxA	335	1	A	357		THR	2
3arxA	336	1	A	358		TYR	2
3arxA	337	1	A	359		GLU	2
3arxA	338	1	A	360		LEU	2
3arxA	339	1	A	361		THR	2
3arxA	340	1	A	362		SER	2
3arxA	341	1	A	363		ALA	2
3arxA	342	1	A	364		ILE	2
3arxA	343	1	A	365		GLY	2
3arxA	344	1	A	366		VAL	2
3arxA	345	1	A	367		GLY	2
3arxA	346	1	A	368		TYR	2
3arxA	347	1	A	369		ASP	2
3arxA	348	1	A	370		LYS	2
3arxA	349	1	A	371		ILE	2
3arxA	350	1	A	372		GLU	2
3arxA	351	1	A	373		ASP	2
3arxA	352	1	A	374		VAL	2
3arxA	353	1	A	375		ASP	2
3arxA	354	1	A	376		TYR	2
3arxA	355	1	A	377		ALA	2
3arxA	356	1	A	378		ASP	2
3arxA	357	1	A	379		ALA	2
3arxA	358	1	A	380		VAL	2
3arxA	359	1	A	381		GLN	2
3arxA	360	1	A	382		TYR	2
3arxA	361	1	A	383		MET	2
3arxA	362	1	A	384		ASP	2
3arxA	363	1	A	385		TYR	2
3arxA	364	1	A	386		ILE	2
3arxA	365	1	A	387		PHE	2
3arxA	366	1	A	388		ALA	2
3arxA	367	1	A	389		MET	2
3arxA	368	1	A	390		THR	2
3arxA	369	1	A	391		TYR	2
3arxA	370	1	A	392		ASP	2
3arxA	371	1	A	393		PHE	2
3arxA	372	1	A	394		TYR	2
3arxA	373	1	A	395		GLY	2
3arxA	374	1	A	396		GLY	2
3arxA	375	1	A	397		TRP	2
3arxA	376	1	A	398		ASN	2
3arxA	377	1	A	399		ASN	2
3arxA	378	1	A	400		VAL	2
3arxA	379	1	A	401		PRO	2
3arxA	380	1	A	402		GLY	2
3arxA	381	1	A	403		HIS	2
3arxA	382	1	A	404		GLN	2
3arxA	383	1	A	405		THR	2
3arxA	384	1	A	406		ALA	2
3arxA	385	1	A	407		LEU	2
3arxA	386	1	A	408		TYR	2
3arxA	387	1	A	409		CYS	2
3arxA	388	1	A	410		GLY	2
3arxA	389	1	A	411		SER	2
3arxA	390	1	A	412		PHE	2
3arxA	391	1	A	413		MET	2
3arxA	392	1	A	414		ARG	2
3arxA	393	1	A	415		PRO	2
3arxA	394	1	A	416		GLY	2
3arxA	395	1	A	417		GLN	2
3arxA	396	1	A	418		CYS	2
3arxA	397	1	A	419		ASP	2
3arxA	398	1	A	420		GLY	2
3arxA	399	1	A	421		GLY	2
3arxA	400	1	A	422		GLY	2
3arxA	401	1	A	423		VAL	2
3arxA	402	1	A	424		ASP	2
3arxA	403	1	A	425		GLU	2
3arxA	404	1	A	426		ASN	2
3arxA	405	1	A	427		GLY	2
3arxA	406	1	A	428		GLU	2
3arxA	407	1	A	429		PRO	2
3arxA	408	1	A	430		TYR	2
3arxA	409	1	A	431		LYS	2
3arxA	410	1	A	432		GLY	2
3arxA	411	1	A	433		PRO	2
3arxA	412	1	A	434		ALA	2
3arxA	413	1	A	435		TYR	2
3arxA	414	1	A	436		THR	2
3arxA	415	1	A	437		ALA	2
3arxA	416	1	A	438		ASP	2
3arxA	417	1	A	439		ASN	2
3arxA	418	1	A	440		GLY	2
3arxA	419	1	A	441		ILE	2
3arxA	420	1	A	442		GLN	2
3arxA	421	1	A	443		LEU	2
3arxA	422	1	A	444		LEU	2
3arxA	423	1	A	445		LEU	2
3arxA	424	1	A	446		ALA	2
3arxA	425	1	A	447		GLN	2
3arxA	426	1	A	448		GLY	2
3arxA	427	1	A	449		VAL	2
3arxA	428	1	A	450		PRO	2
3arxA	429	1	A	451		ALA	2
3arxA	430	1	A	452		ASN	2
3arxA	431	1	A	453		LYS	2
3arxA	432	1	A	454		LEU	2
3arxA	433	1	A	455		VAL	2
3arxA	434	1	A	456		LEU	2
3arxA	435	1	A	457		GLY	2
3arxA	436	1	A	458		THR	2
3arxA	437	1	A	459		ALA	2
3arxA	438	1	A	460		MET	2
3arxA	439	1	A	461		TYR	2
3arxA	440	1	A	462		GLY	2
3arxA	441	1	A	463		ARG	2
3arxA	442	1	A	464		GLY	2
3arxA	443	1	A	465		TRP	2
3arxA	444	1	A	466		GLU	2
3arxA	445	1	A	467		GLY	2
3arxA	446	1	A	468		VAL	2
3arxA	447	1	A	469		THR	2
3arxA	448	1	A	470		PRO	2
3arxA	449	1	A	471		ASP	2
3arxA	450	1	A	472		THR	2
3arxA	451	1	A	473		LEU	2
3arxA	452	1	A	474		THR	2
3arxA	453	1	A	475		ASP	2
3arxA	454	1	A	476		PRO	2
3arxA	455	1	A	477		ASN	2
3arxA	456	1	A	478		ASP	2
3arxA	457	1	A	479		PRO	2
3arxA	458	1	A	480		MET	2
3arxA	459	1	A	481		THR	2
3arxA	460	1	A	482		GLY	2
3arxA	461	1	A	483		THR	2
3arxA	462	1	A	484		ALA	2
3arxA	463	1	A	485		THR	2
3arxA	464	1	A	486		GLY	2
3arxA	465	1	A	487		LYS	2
3arxA	466	1	A	488		LEU	2
3arxA	467	1	A	489		LYS	2
3arxA	468	1	A	490		GLY	2
3arxA	469	1	A	491		SER	2
3arxA	470	1	A	492		THR	2
3arxA	471	1	A	493		ALA	2
3arxA	472	1	A	494		GLN	2
3arxA	473	1	A	495		GLY	2
3arxA	474	1	A	496		VAL	2
3arxA	475	1	A	497		TRP	2
3arxA	476	1	A	498		GLU	2
3arxA	477	1	A	499		ASP	2
3arxA	478	1	A	500		GLY	2
3arxA	479	1	A	501		VAL	2
3arxA	480	1	A	502		ILE	2
3arxA	481	1	A	503		ASP	2
3arxA	482	1	A	504		TYR	2
3arxA	483	1	A	505		LYS	2
3arxA	484	1	A	506		GLY	2
3arxA	485	1	A	507		ILE	2
3arxA	486	1	A	508		LYS	2
3arxA	487	1	A	509		SER	2
3arxA	488	1	A	510		PHE	2
3arxA	489	1	A	511		MET	2
3arxA	490	1	A	512		LEU	2
3arxA	491	1	A	513		GLY	2
3arxA	492	1	A	514		ALA	2
3arxA	493	1	A	515		ASN	2
3arxA	494	1	A	516		ASN	2
3arxA	495	1	A	517		THR	2
3arxA	496	1	A	518		GLY	2
3arxA	497	1	A	519		ILE	2
3arxA	498	1	A	520		ASN	2
3arxA	499	1	A	521		GLY	2
3arxA	500	1	A	522		PHE	2
3arxA	501	1	A	523		GLU	2
3arxA	502	1	A	524		TYR	2
3arxA	503	1	A	525		GLY	2
3arxA	504	1	A	526		TYR	2
3arxA	505	1	A	527		ASP	2
3arxA	506	1	A	528		ALA	2
3arxA	507	1	A	529		GLN	2
3arxA	508	1	A	530		ALA	2
3arxA	509	1	A	531		GLU	2
3arxA	510	1	A	532		ALA	2
3arxA	511	1	A	533		PRO	2
3arxA	512	1	A	534		TRP	2
3arxA	513	1	A	535		VAL	2
3arxA	514	1	A	536		TRP	2
3arxA	515	1	A	537		ASN	2
3arxA	516	1	A	538		ARG	2
3arxA	517	1	A	539		SER	2
3arxA	518	1	A	540		THR	2
3arxA	519	1	A	541		GLY	2
3arxA	520	1	A	542		GLU	2
3arxA	521	1	A	543		LEU	2
3arxA	522	1	A	544		ILE	2
3arxA	523	1	A	545		THR	2
3arxA	524	1	A	546		PHE	2
3arxA	525	1	A	547		ASP	2
3arxA	526	1	A	548		ASP	2
3arxA	527	1	A	549		HIS	2
3arxA	528	1	A	550		ARG	2
3arxA	529	1	A	551		SER	2
3arxA	530	1	A	552		VAL	2
3arxA	531	1	A	553		LEU	2
3arxA	532	1	A	554		ALA	2
3arxA	533	1	A	555		LYS	2
3arxA	534	1	A	556		GLY	2
3arxA	535	1	A	557		ASN	2
3arxA	536	1	A	558		TYR	2
3arxA	537	1	A	559		ALA	2
3arxA	538	1	A	560		LYS	2
3arxA	539	1	A	561		SER	2
3arxA	540	1	A	562		LEU	2
3arxA	541	1	A	563		GLY	2
3arxA	542	1	A	564		LEU	2
3arxA	543	1	A	565		ALA	2
3arxA	544	1	A	566		GLY	2
3arxA	545	1	A	567		LEU	2
3arxA	546	1	A	568		PHE	2
3arxA	547	1	A	569		SER	2
3arxA	548	1	A	570		TRP	2
3arxA	549	1	A	571		GLU	2
3arxA	550	1	A	572		ILE	2
3arxA	551	1	A	573		ASP	2
3arxA	552	1	A	574		ALA	2
3arxA	553	1	A	575		ASP	2
3arxA	554	1	A	576		ASN	2
3arxA	555	1	A	577		GLY	2
3arxA	556	1	A	578		ASP	2
3arxA	557	1	A	579		ILE	2
3arxA	558	1	A	580		LEU	2
3arxA	559	1	A	581		ASN	2
3arxA	560	1	A	582		ALA	2
3arxA	561	1	A	583		MET	2
3arxA	562	1	A	584		HIS	2
3arxA	563	1	A	585		GLU	2
3arxA	564	1	A	586		GLY	2
3arxA	565	1	A	587		MET	2
3arxA	566	1	A	588		ALA	2
3arxA	567	1	A	589		GLY	2
3arxA	568	1	A	590		GLY	2
3arxA	569	1	A	591		VAL	2
3arxA	570	1	A	592		VAL	2
3arxA	571	1	A	593		THR	2
3arxA	572	1	A	594		PRO	2
3arxA	573	1	A	595		PRO	2
3arxA	574	1	A	596		ASN	2
4aw7A	0	1	A	26		HIS	1
4aw7A	1	1	A	27		MET	1
4aw7A	2	1	A	28		ALA	1
4aw7A	3	1	A	29		SER	1
4aw7A	4	1	A	30		VAL	1
4aw7A	5	1	A	31		ASP	1
4aw7A	6	1	A	32		TYR	1
4aw7A	7	1	A	33		ASN	1
4aw7A	8	1	A	34		THR	1
4aw7A	9	1	A	35		ARG	1
4aw7A	10	1	A	36		ARG	1
4aw7A	11	1	A	37		PHE	1
4aw7A	12	1	A	38		LEU	1
4aw7A	13	1	A	39		SER	1
4aw7A	14	1	A	40		GLY	1
4aw7A	15	1	A	41		VAL	1
4aw7A	16	1	A	42		SER	1
4aw7A	17	1	A	43		GLU	1
4aw7A	18	1	A	44		LEU	1
4aw7A	19	1	A	45		ASP	2
4aw7A	20	1	A	46		ARG	2
4aw7A	21	1	A	47		SER	2
4aw7A	22	1	A	48		LYS	2
4aw7A	23	1	A	49		TYR	2
4aw7A	24	1	A	50		PHE	2
4aw7A	25	1	A	51		ASN	2
4aw7A	26	1	A	52		ILE	2
4aw7A	27	1	A	53		HIS	2
4aw7A	28	1	A	54		SER	2
4aw7A	29	1	A	55		THR	2
4aw7A	30	1	A	56		SER	2
4aw7A	31	1	A	57		ASP	2
4aw7A	32	1	A	58		ASP	2
4aw7A	33	1	A	59		ASP	2
4aw7A	34	1	A	60		LYS	2
4aw7A	35	1	A	61		ASP	2
4aw7A	36	1	A	62		VAL	2
4aw7A	37	1	A	63		GLY	2
4aw7A	38	1	A	64		LYS	2
4aw7A	39	1	A	65		PHE	2
4aw7A	40	1	A	66		LEU	2
4aw7A	41	1	A	67		ALA	2
4aw7A	42	1	A	68		ASP	2
4aw7A	43	1	A	69		TYR	2
4aw7A	44	1	A	70		GLN	2
4aw7A	45	1	A	71		VAL	2
4aw7A	46	1	A	72		GLY	2
4aw7A	47	1	A	73		LEU	2
4aw7A	48	1	A	74		GLY	2
4aw7A	49	1	A	75		ARG	2
4aw7A	50	1	A	76		LYS	3
4aw7A	51	1	A	77		PHE	3
4aw7A	52	1	A	78		TRP	3
4aw7A	53	1	A	79		GLY	3
4aw7A	54	1	A	80		PRO	3
4aw7A	55	1	A	81		TYR	3
4aw7A	56	1	A	82		SER	3
4aw7A	57	1	A	83		TYR	3
4aw7A	58	1	A	84		ALA	3
4aw7A	59	1	A	85		TYR	3
4aw7A	60	1	A	86		ASN	3
4aw7A	61	1	A	87		LYS	3
4aw7A	62	1	A	88		THR	3
4aw7A	63	1	A	89		HIS	3
4aw7A	64	1	A	90		GLU	3
4aw7A	65	1	A	91		VAL	3
4aw7A	66	1	A	92		GLY	3
4aw7A	67	1	A	93		LYS	3
4aw7A	68	1	A	94		TYR	3
4aw7A	69	1	A	95		PRO	3
4aw7A	70	1	A	96		GLN	3
4aw7A	71	1	A	97		MET	3
4aw7A	72	1	A	98		LYS	3
4aw7A	73	1	A	99		PRO	3
4aw7A	74	1	A	100		TYR	3
4aw7A	75	1	A	101		SER	3
4aw7A	76	1	A	102		GLY	3
4aw7A	77	1	A	103		ASN	3
4aw7A	78	1	A	104		ILE	3
4aw7A	79	1	A	105		SER	3
4aw7A	80	1	A	106		VAL	3
4aw7A	81	1	A	107		LYS	3
4aw7A	82	1	A	108		ARG	3
4aw7A	83	1	A	109		TYR	3
4aw7A	84	1	A	110		ILE	3
4aw7A	85	1	A	111		ALA	3
4aw7A	86	1	A	112		THR	3
4aw7A	87	1	A	113		GLU	3
4aw7A	88	1	A	114		HIS	3
4aw7A	89	1	A	115		PRO	3
4aw7A	90	1	A	116		TYR	3
4aw7A	91	1	A	117		VAL	3
4aw7A	92	1	A	118		GLN	3
4aw7A	93	1	A	119		HIS	3
4aw7A	94	1	A	120		ILE	3
4aw7A	95	1	A	121		GLN	3
4aw7A	96	1	A	122		GLY	3
4aw7A	97	1	A	123		GLY	3
4aw7A	98	1	A	124		ILE	3
4aw7A	99	1	A	125		ASP	3
4aw7A	100	1	A	126		VAL	3
4aw7A	101	1	A	127		GLN	3
4aw7A	102	1	A	128		ALA	3
4aw7A	103	1	A	129		ALA	3
4aw7A	104	1	A	130		GLY	3
4aw7A	105	1	A	131		ALA	3
4aw7A	106	1	A	132		TRP	3
4aw7A	107	1	A	133		SER	3
4aw7A	108	1	A	134		ALA	3
4aw7A	109	1	A	135		GLU	3
4aw7A	110	1	A	136		TYR	3
4aw7A	111	1	A	137		TYR	3
4aw7A	112	1	A	138		SER	3
4aw7A	113	1	A	139		ASN	3
4aw7A	114	1	A	140		SER	3
4aw7A	115	1	A	141		GLU	3
4aw7A	116	1	A	142		LEU	3
4aw7A	117	1	A	143		VAL	3
4aw7A	118	1	A	144		PRO	3
4aw7A	119	1	A	145		GLU	3
4aw7A	120	1	A	146		PHE	3
4aw7A	121	1	A	147		PHE	3
4aw7A	122	1	A	148		GLU	3
4aw7A	123	1	A	149		PRO	3
4aw7A	124	1	A	150		LEU	3
4aw7A	125	1	A	151		ASN	3
4aw7A	126	1	A	152		GLU	3
4aw7A	127	1	A	153		PRO	3
4aw7A	128	1	A	154		PHE	3
4aw7A	129	1	A	155		VAL	3
4aw7A	130	1	A	156		HIS	3
4aw7A	131	1	A	157		ALA	3
4aw7A	132	1	A	158		ASN	3
4aw7A	133	1	A	159		ASP	3
4aw7A	134	1	A	160		ALA	3
4aw7A	135	1	A	161		GLY	3
4aw7A	136	1	A	162		PHE	3
4aw7A	137	1	A	163		THR	3
4aw7A	138	1	A	164		VAL	3
4aw7A	139	1	A	165		GLN	3
4aw7A	140	1	A	166		GLY	3
4aw7A	141	1	A	167		GLN	3
4aw7A	142	1	A	168		ALA	3
4aw7A	143	1	A	169		MET	3
4aw7A	144	1	A	170		ARG	3
4aw7A	145	1	A	171		GLU	3
4aw7A	146	1	A	172		LEU	3
4aw7A	147	1	A	173		MET	3
4aw7A	148	1	A	174		VAL	3
4aw7A	149	1	A	175		ASP	3
4aw7A	150	1	A	176		PHE	3
4aw7A	151	1	A	177		TYR	3
4aw7A	152	1	A	178		ALA	3
4aw7A	153	1	A	179		SER	3
4aw7A	154	1	A	180		ILE	3
4aw7A	155	1	A	181		GLY	3
4aw7A	156	1	A	182		LYS	3
4aw7A	157	1	A	183		HIS	3
4aw7A	158	1	A	184		ILE	3
4aw7A	159	1	A	185		HIS	3
4aw7A	160	1	A	186		ASN	3
4aw7A	161	1	A	187		ASN	3
4aw7A	162	1	A	188		PRO	3
4aw7A	163	1	A	189		ARG	3
4aw7A	164	1	A	190		LEU	3
4aw7A	165	1	A	191		ASN	3
4aw7A	166	1	A	192		GLY	3
4aw7A	167	1	A	193		LYS	3
4aw7A	168	1	A	194		MET	3
4aw7A	169	1	A	195		LYS	3
4aw7A	170	1	A	196		VAL	3
4aw7A	171	1	A	197		ILE	3
4aw7A	172	1	A	198		GLY	3
4aw7A	173	1	A	199		TYR	3
4aw7A	174	1	A	200		ALA	3
4aw7A	175	1	A	201		ALA	3
4aw7A	176	1	A	202		ALA	3
4aw7A	177	1	A	203		TYR	3
4aw7A	178	1	A	204		PRO	3
4aw7A	179	1	A	205		ALA	3
4aw7A	180	1	A	206		TRP	3
4aw7A	181	1	A	207		GLU	3
4aw7A	182	1	A	208		ASP	3
4aw7A	183	1	A	209		GLY	3
4aw7A	184	1	A	210		ASN	3
4aw7A	185	1	A	211		PHE	3
4aw7A	186	1	A	212		ASN	3
4aw7A	187	1	A	213		TYR	3
4aw7A	188	1	A	214		TRP	3
4aw7A	189	1	A	215		ASN	3
4aw7A	190	1	A	216		THR	3
4aw7A	191	1	A	217		ARG	3
4aw7A	192	1	A	218		MET	3
4aw7A	193	1	A	219		LYS	3
4aw7A	194	1	A	220		MET	3
4aw7A	195	1	A	221		PHE	3
4aw7A	196	1	A	222		ILE	3
4aw7A	197	1	A	223		ASP	3
4aw7A	198	1	A	224		ARG	3
4aw7A	199	1	A	225		ALA	3
4aw7A	200	1	A	226		GLY	3
4aw7A	201	1	A	227		ALA	3
4aw7A	202	1	A	228		TYR	3
4aw7A	203	1	A	229		MET	3
4aw7A	204	1	A	230		ASP	3
4aw7A	205	1	A	231		GLY	3
4aw7A	206	1	A	232		PHE	3
4aw7A	207	1	A	233		SER	3
4aw7A	208	1	A	234		VAL	3
4aw7A	209	1	A	235		HIS	3
4aw7A	210	1	A	236		LEU	3
4aw7A	211	1	A	237		TYR	3
4aw7A	212	1	A	238		ASP	3
4aw7A	213	1	A	239		GLY	3
4aw7A	214	1	A	240		ILE	3
4aw7A	215	1	A	247		THR	3
4aw7A	216	1	A	248		LYS	3
4aw7A	217	1	A	249		ARG	3
4aw7A	218	1	A	250		SER	3
4aw7A	219	1	A	251		GLY	3
4aw7A	220	1	A	252		SER	3
4aw7A	221	1	A	253		ASN	3
4aw7A	222	1	A	254		SER	3
4aw7A	223	1	A	255		GLU	3
4aw7A	224	1	A	256		ALA	3
4aw7A	225	1	A	257		VAL	3
4aw7A	226	1	A	258		LEU	3
4aw7A	227	1	A	259		ASP	3
4aw7A	228	1	A	260		MET	3
4aw7A	229	1	A	261		VAL	3
4aw7A	230	1	A	262		GLU	3
4aw7A	231	1	A	263		ALA	3
4aw7A	232	1	A	264		TYR	3
4aw7A	233	1	A	265		SER	3
4aw7A	234	1	A	266		TYR	3
4aw7A	235	1	A	267		ILE	3
4aw7A	236	1	A	268		LYS	3
4aw7A	237	1	A	269		PHE	3
4aw7A	238	1	A	270		GLY	3
4aw7A	239	1	A	271		HIS	3
4aw7A	240	1	A	272		VAL	3
4aw7A	241	1	A	273		LYS	3
4aw7A	242	1	A	274		PRO	3
4aw7A	243	1	A	275		LEU	3
4aw7A	244	1	A	276		ALA	3
4aw7A	245	1	A	277		ILE	3
4aw7A	246	1	A	278		SER	3
4aw7A	247	1	A	279		GLU	2
4aw7A	248	1	A	280		PHE	2
4aw7A	249	1	A	281		GLY	2
4aw7A	250	1	A	282		GLY	2
4aw7A	251	1	A	283		ILE	2
4aw7A	252	1	A	284		ASP	2
4aw7A	253	1	A	285		ASN	2
4aw7A	254	1	A	287		LYS	2
4aw7A	255	1	A	288		PRO	2
4aw7A	256	1	A	289		ASP	2
4aw7A	257	1	A	290		ASP	2
4aw7A	258	1	A	291		SER	2
4aw7A	259	1	A	292		TYR	2
4aw7A	260	1	A	293		ASP	2
4aw7A	261	1	A	294		ASP	2
4aw7A	262	1	A	295		ILE	2
4aw7A	263	1	A	296		SER	2
4aw7A	264	1	A	297		SER	2
4aw7A	265	1	A	298		VAL	2
4aw7A	266	1	A	299		ARG	2
4aw7A	267	1	A	300		SER	2
4aw7A	268	1	A	301		VAL	2
4aw7A	269	1	A	302		SER	2
4aw7A	270	1	A	303		SER	2
4aw7A	271	1	A	304		PHE	2
4aw7A	272	1	A	305		ASN	2
4aw7A	273	1	A	306		HIS	2
4aw7A	274	1	A	307		PHE	2
4aw7A	275	1	A	308		LEU	2
4aw7A	276	1	A	309		PHE	2
4aw7A	277	1	A	310		ASN	2
4aw7A	278	1	A	311		LEU	2
4aw7A	279	1	A	312		MET	2
4aw7A	280	1	A	313		GLU	2
4aw7A	281	1	A	314		ARG	2
4aw7A	282	1	A	315		GLN	2
4aw7A	283	1	A	316		ASP	2
4aw7A	284	1	A	317		ASN	2
4aw7A	285	1	A	318		LEU	2
4aw7A	286	1	A	319		PHE	2
4aw7A	287	1	A	320		ILE	2
4aw7A	288	1	A	321		SER	2
4aw7A	289	1	A	322		ILE	2
4aw7A	290	1	A	323		PRO	2
4aw7A	291	1	A	324		PHE	2
4aw7A	292	1	A	325		VAL	2
4aw7A	293	1	A	326		SER	2
4aw7A	294	1	A	327		ASP	2
4aw7A	295	1	A	328		LYS	2
4aw7A	296	1	A	329		ALA	2
4aw7A	297	1	A	330		GLU	2
4aw7A	298	1	A	331		TRP	2
4aw7A	299	1	A	332		HIS	2
4aw7A	300	1	A	333		ILE	2
4aw7A	301	1	A	334		THR	2
4aw7A	302	1	A	335		ALA	2
4aw7A	303	1	A	336		ALA	2
4aw7A	304	1	A	337		ASN	2
4aw7A	305	1	A	338		ASN	2
4aw7A	306	1	A	339		TYR	2
4aw7A	307	1	A	340		THR	2
4aw7A	308	1	A	341		SER	2
4aw7A	309	1	A	342		TYR	2
4aw7A	310	1	A	343		SER	2
4aw7A	311	1	A	344		ALA	2
4aw7A	312	1	A	345		ALA	2
4aw7A	313	1	A	346		LEU	2
4aw7A	314	1	A	347		PHE	2
4aw7A	315	1	A	348		ILE	2
4aw7A	316	1	A	349		PRO	2
4aw7A	317	1	A	350		ASP	2
4aw7A	318	1	A	351		ASN	2
4aw7A	319	1	A	352		PRO	2
4aw7A	320	1	A	353		GLN	2
4aw7A	321	1	A	354		ASN	2
4aw7A	322	1	A	355		LEU	2
4aw7A	323	1	A	356		LYS	2
4aw7A	324	1	A	357		ASN	2
4aw7A	325	1	A	358		THR	2
4aw7A	326	1	A	359		THR	2
4aw7A	327	1	A	360		TRP	2
4aw7A	328	1	A	361		ARG	2
4aw7A	329	1	A	362		LEU	2
4aw7A	330	1	A	363		ASN	2
4aw7A	331	1	A	364		ASP	2
4aw7A	332	1	A	365		LYS	2
4aw7A	333	1	A	366		LYS	2
4aw7A	334	1	A	367		TYR	2
4aw7A	335	1	A	368		PHE	2
4aw7A	336	1	A	369		PHE	2
4aw7A	337	1	A	370		GLU	2
4aw7A	338	1	A	371		LEU	2
4aw7A	339	1	A	372		TRP	2
4aw7A	340	1	A	373		LYS	2
4aw7A	341	1	A	374		ASN	2
4aw7A	342	1	A	375		VAL	1
4aw7A	343	1	A	376		LYS	1
4aw7A	344	1	A	377		GLY	1
4aw7A	345	1	A	378		GLU	1
4aw7A	346	1	A	379		ARG	1
4aw7A	347	1	A	380		VAL	1
4aw7A	348	1	A	381		ASP	1
4aw7A	349	1	A	382		ILE	1
4aw7A	350	1	A	383		THR	1
4aw7A	351	1	A	384		SER	1
4aw7A	352	1	A	385		SER	1
4aw7A	353	1	A	386		ASN	1
4aw7A	354	1	A	387		PRO	1
4aw7A	355	1	A	388		ASP	1
4aw7A	356	1	A	389		ILE	1
4aw7A	357	1	A	390		GLN	1
4aw7A	358	1	A	391		VAL	1
4aw7A	359	1	A	392		GLN	1
4aw7A	360	1	A	393		ALA	1
4aw7A	361	1	A	394		PHE	1
4aw7A	362	1	A	395		LYS	1
4aw7A	363	1	A	396		ASP	1
4aw7A	364	1	A	397		GLY	1
4aw7A	365	1	A	398		GLY	1
4aw7A	366	1	A	399		ARG	1
4aw7A	367	1	A	400		LEU	1
4aw7A	368	1	A	401		TYR	1
4aw7A	369	1	A	402		ILE	1
4aw7A	370	1	A	403		ALA	1
4aw7A	371	1	A	404		LEU	1
4aw7A	372	1	A	405		ASP	1
4aw7A	373	1	A	406		ASN	1
4aw7A	374	1	A	407		LEU	1
4aw7A	375	1	A	408		ASP	1
4aw7A	376	1	A	409		ASP	1
4aw7A	377	1	A	410		ASN	1
4aw7A	378	1	A	411		PRO	1
4aw7A	379	1	A	412		GLN	1
4aw7A	380	1	A	413		THR	1
4aw7A	381	1	A	414		VAL	1
4aw7A	382	1	A	415		TYR	1
4aw7A	383	1	A	416		LEU	1
4aw7A	384	1	A	417		ASN	1
4aw7A	385	1	A	418		ASN	1
4aw7A	386	1	A	419		LYS	1
4aw7A	387	1	A	420		ASN	1
4aw7A	388	1	A	421		SER	1
4aw7A	389	1	A	422		TRP	1
4aw7A	390	1	A	423		LYS	1
4aw7A	391	1	A	424		ASP	1
4aw7A	392	1	A	425		VAL	1
4aw7A	393	1	A	426		SER	1
4aw7A	394	1	A	427		ASN	1
4aw7A	395	1	A	428		VAL	1
4aw7A	396	1	A	429		THR	1
4aw7A	397	1	A	430		LYS	1
4aw7A	398	1	A	431		ARG	1
4aw7A	399	1	A	432		SER	1
4aw7A	400	1	A	433		LEU	1
4aw7A	401	1	A	434		TYR	1
4aw7A	402	1	A	435		VAL	1
4aw7A	403	1	A	436		ASN	1
4aw7A	404	1	A	437		TYR	1
4aw7A	405	1	A	438		ASN	1
4aw7A	406	1	A	439		ALA	1
4aw7A	407	1	A	440		GLY	1
4aw7A	408	1	A	441		ILE	1
4aw7A	409	1	A	442		GLU	1
4aw7A	410	1	A	443		TYR	1
4aw7A	411	1	A	444		THR	1
4aw7A	412	1	A	445		GLU	1
4aw7A	413	1	A	446		GLN	1
4aw7A	414	1	A	447		ASN	1
4aw7A	415	1	A	448		VAL	1
4aw7A	416	1	A	449		PRO	1
4aw7A	417	1	A	450		SER	1
4aw7A	418	1	A	451		MET	1
4aw7A	419	1	A	452		PRO	1
4aw7A	420	1	A	453		GLU	1
4aw7A	421	1	A	454		SER	1
4aw7A	422	1	A	455		ILE	1
4aw7A	423	1	A	456		SER	1
4aw7A	424	1	A	457		ILE	1
4aw7A	425	1	A	458		VAL	1
4aw7A	426	1	A	459		PRO	1
4aw7A	427	1	A	460		ASN	1
4aw7A	428	1	A	461		GLN	1
4aw7A	429	1	A	462		THR	1
4aw7A	430	1	A	463		ILE	1
4aw7A	431	1	A	464		VAL	1
4aw7A	432	1	A	465		LEU	1
4aw7A	433	1	A	466		VAL	1
4aw7A	434	1	A	467		ALA	1
4aw7A	435	1	A	468		ASP	1
4aw7A	436	1	A	469		VAL	1
4aw7A	437	1	A	470		SER	1
4aw7A	438	1	A	471		SER	1
4aw7A	439	1	A	473		ALA	1
4aw7A	440	1	A	474		PHE	1
4aw7A	441	1	A	475		THR	1
4aw7A	442	1	A	476		ASN	1
4aw7A	443	1	A	477		SER	1
4aw7A	444	1	A	478		ILE	4
4aw7A	445	1	A	479		ILE	4
4aw7A	446	1	A	480		ARG	4
4aw7A	447	1	A	481		ASN	4
4aw7A	448	1	A	482		LYS	4
4aw7A	449	1	A	483		TYR	4
4aw7A	450	1	A	484		TYR	4
4aw7A	451	1	A	485		SER	4
4aw7A	452	1	A	486		SER	4
4aw7A	453	1	A	487		GLU	4
4aw7A	454	1	A	488		TYR	4
4aw7A	455	1	A	489		LEU	4
4aw7A	456	1	A	490		LYS	4
4aw7A	457	1	A	491		PRO	4
4aw7A	458	1	A	492		ILE	4
4aw7A	459	1	A	493		SER	4
4aw7A	460	1	A	494		ALA	4
4aw7A	461	1	A	495		GLY	4
4aw7A	462	1	A	496		SER	4
4aw7A	463	1	A	497		SER	4
4aw7A	464	1	A	498		LEU	4
4aw7A	465	1	A	499		SER	4
4aw7A	466	1	A	500		PHE	4
4aw7A	467	1	A	501		PRO	4
4aw7A	468	1	A	502		PHE	4
4aw7A	469	1	A	503		THR	4
4aw7A	470	1	A	504		GLY	4
4aw7A	471	1	A	505		ILE	4
4aw7A	472	1	A	506		GLU	4
4aw7A	473	1	A	507		SER	4
4aw7A	474	1	A	508		GLY	4
4aw7A	475	1	A	509		SER	4
4aw7A	476	1	A	510		GLY	4
4aw7A	477	1	A	511		ARG	4
4aw7A	478	1	A	512		ALA	4
4aw7A	479	1	A	513		SER	4
4aw7A	480	1	A	514		LEU	4
4aw7A	481	1	A	515		ARG	4
4aw7A	482	1	A	516		MET	4
4aw7A	483	1	A	517		SER	4
4aw7A	484	1	A	518		ILE	4
4aw7A	485	1	A	519		GLY	4
4aw7A	486	1	A	520		ARG	4
4aw7A	487	1	A	521		PRO	4
4aw7A	488	1	A	522		VAL	4
4aw7A	489	1	A	523		SER	4
4aw7A	490	1	A	524		ALA	4
4aw7A	491	1	A	525		SER	4
4aw7A	492	1	A	526		LYS	4
4aw7A	493	1	A	527		LYS	4
4aw7A	494	1	A	528		PRO	4
4aw7A	495	1	A	529		VAL	4
4aw7A	496	1	A	530		VAL	4
4aw7A	497	1	A	531		LYS	4
4aw7A	498	1	A	532		ILE	4
4aw7A	499	1	A	533		ASN	4
4aw7A	500	1	A	534		GLY	4
4aw7A	501	1	A	535		THR	4
4aw7A	502	1	A	536		ALA	4
4aw7A	503	1	A	537		VAL	4
4aw7A	504	1	A	538		SER	4
4aw7A	505	1	A	539		VAL	4
4aw7A	506	1	A	540		PRO	4
4aw7A	507	1	A	541		ASP	4
4aw7A	508	1	A	542		ASN	4
4aw7A	509	1	A	543		TRP	4
4aw7A	510	1	A	544		LYS	4
4aw7A	511	1	A	545		GLY	4
4aw7A	512	1	A	546		TYR	4
4aw7A	513	1	A	547		GLY	4
4aw7A	514	1	A	548		GLN	4
4aw7A	515	1	A	549		SER	4
4aw7A	516	1	A	550		ASN	4
4aw7A	517	1	A	551		ARG	4
4aw7A	518	1	A	552		ASN	4
4aw7A	519	1	A	553		ILE	4
4aw7A	520	1	A	554		PHE	4
4aw7A	521	1	A	555		PHE	4
4aw7A	522	1	A	556		GLY	4
4aw7A	523	1	A	557		MET	4
4aw7A	524	1	A	558		ILE	4
4aw7A	525	1	A	559		GLU	4
4aw7A	526	1	A	560		VAL	4
4aw7A	527	1	A	561		PRO	4
4aw7A	528	1	A	562		PHE	4
4aw7A	529	1	A	563		ASP	4
4aw7A	530	1	A	564		ILE	4
4aw7A	531	1	A	565		GLN	4
4aw7A	532	1	A	566		LEU	4
4aw7A	533	1	A	567		LEU	4
4aw7A	534	1	A	568		LYS	4
4aw7A	535	1	A	569		ASN	4
4aw7A	536	1	A	570		GLY	4
4aw7A	537	1	A	571		ASP	4
4aw7A	538	1	A	572		ASN	4
4aw7A	539	1	A	573		ASN	4
4aw7A	540	1	A	574		VAL	4
4aw7A	541	1	A	575		ASP	4
4aw7A	542	1	A	576		ILE	4
4aw7A	543	1	A	577		THR	4
4aw7A	544	1	A	578		PHE	4
4aw7A	545	1	A	579		SER	4
4aw7A	546	1	A	580		ASP	4
4aw7A	547	1	A	581		GLY	4
4aw7A	548	1	A	582		GLY	4
4aw7A	549	1	A	583		GLY	4
4aw7A	550	1	A	584		HIS	4
4aw7A	551	1	A	585		VAL	4
4aw7A	552	1	A	586		SER	4
4aw7A	553	1	A	587		SER	4
4aw7A	554	1	A	588		MET	4
4aw7A	555	1	A	589		ILE	4
4aw7A	556	1	A	590		LEU	4
4aw7A	557	1	A	591		GLN	4
4aw7A	558	1	A	592		VAL	4
4aw7A	559	1	A	593		GLU	4
4aw7A	560	1	A	594		LYS	4
4aw7A	561	1	A	595		TYR	4
4aw7A	562	1	A	596		THR	4
4aw7A	563	1	A	597		VAL	4
4aw7A	564	1	A	598		SER	4
3qouA	0	1	A	3		VAL	1
3qouA	1	1	A	4		GLU	1
3qouA	2	1	A	5		ASN	1
3qouA	3	1	A	6		ILE	1
3qouA	4	1	A	7		VAL	1
3qouA	5	1	A	8		ASN	1
3qouA	6	1	A	9		ILE	1
3qouA	7	1	A	10		ASN	1
3qouA	8	1	A	11		GLU	1
3qouA	9	1	A	12		SER	1
3qouA	10	1	A	13		ASN	1
3qouA	11	1	A	14		LEU	1
3qouA	12	1	A	15		GLN	1
3qouA	13	1	A	16		GLN	1
3qouA	14	1	A	17		VAL	1
3qouA	15	1	A	18		LEU	1
3qouA	16	1	A	19		GLU	1
3qouA	17	1	A	20		GLN	1
3qouA	18	1	A	21		SER	1
3qouA	19	1	A	22		MET	1
3qouA	20	1	A	23		THR	1
3qouA	21	1	A	24		THR	1
3qouA	22	1	A	25		PRO	1
3qouA	23	1	A	26		VAL	1
3qouA	24	1	A	27		LEU	1
3qouA	25	1	A	28		PHE	1
3qouA	26	1	A	29		TYR	1
3qouA	27	1	A	30		PHE	1
3qouA	28	1	A	31		TRP	1
3qouA	29	1	A	32		SER	1
3qouA	30	1	A	33		GLU	1
3qouA	31	1	A	34		ARG	1
3qouA	32	1	A	35		SER	1
3qouA	33	1	A	36		GLN	1
3qouA	34	1	A	37		HIS	1
3qouA	35	1	A	38		CYS	1
3qouA	36	1	A	39		LEU	1
3qouA	37	1	A	40		GLN	1
3qouA	38	1	A	41		LEU	1
3qouA	39	1	A	42		THR	1
3qouA	40	1	A	43		PRO	1
3qouA	41	1	A	44		ILE	1
3qouA	42	1	A	45		LEU	1
3qouA	43	1	A	46		GLU	1
3qouA	44	1	A	47		SER	1
3qouA	45	1	A	48		LEU	1
3qouA	46	1	A	49		ALA	1
3qouA	47	1	A	50		ALA	1
3qouA	48	1	A	51		GLN	1
3qouA	49	1	A	52		TYR	1
3qouA	50	1	A	53		ASN	1
3qouA	51	1	A	54		GLY	1
3qouA	52	1	A	55		GLN	1
3qouA	53	1	A	56		PHE	1
3qouA	54	1	A	57		ILE	1
3qouA	55	1	A	58		LEU	1
3qouA	56	1	A	59		ALA	1
3qouA	57	1	A	60		LYS	1
3qouA	58	1	A	61		LEU	1
3qouA	59	1	A	62		ASP	1
3qouA	60	1	A	63		CYS	1
3qouA	61	1	A	64		ASP	1
3qouA	62	1	A	65		ALA	1
3qouA	63	1	A	66		GLU	1
3qouA	64	1	A	67		GLN	1
3qouA	65	1	A	68		MET	1
3qouA	66	1	A	69		ILE	1
3qouA	67	1	A	70		ALA	1
3qouA	68	1	A	71		ALA	1
3qouA	69	1	A	72		GLN	1
3qouA	70	1	A	73		PHE	1
3qouA	71	1	A	74		GLY	1
3qouA	72	1	A	75		LEU	1
3qouA	73	1	A	76		ARG	1
3qouA	74	1	A	77		ALA	1
3qouA	75	1	A	78		ILE	1
3qouA	76	1	A	79		PRO	1
3qouA	77	1	A	80		THR	1
3qouA	78	1	A	81		VAL	1
3qouA	79	1	A	82		TYR	1
3qouA	80	1	A	83		LEU	1
3qouA	81	1	A	84		PHE	1
3qouA	82	1	A	85		GLN	1
3qouA	83	1	A	86		ASN	1
3qouA	84	1	A	87		GLY	1
3qouA	85	1	A	88		GLN	1
3qouA	86	1	A	89		PRO	1
3qouA	87	1	A	90		VAL	1
3qouA	88	1	A	91		ASP	1
3qouA	89	1	A	92		GLY	1
3qouA	90	1	A	93		PHE	1
3qouA	91	1	A	94		GLN	1
3qouA	92	1	A	95		GLY	1
3qouA	93	1	A	96		PRO	1
3qouA	94	1	A	97		GLN	1
3qouA	95	1	A	98		PRO	1
3qouA	96	1	A	99		GLU	1
3qouA	97	1	A	100		GLU	1
3qouA	98	1	A	101		ALA	1
3qouA	99	1	A	102		ILE	1
3qouA	100	1	A	103		ARG	1
3qouA	101	1	A	104		ALA	1
3qouA	102	1	A	105		LEU	1
3qouA	103	1	A	106		LEU	1
3qouA	104	1	A	107		ASP	1
3qouA	105	1	A	109		VAL	1
3qouA	106	1	A	110		LEU	1
3qouA	107	1	A	111		PRO	2
3qouA	108	1	A	112		ARG	2
3qouA	109	1	A	113		GLU	2
3qouA	110	1	A	114		GLU	2
3qouA	111	1	A	115		GLU	2
3qouA	112	1	A	116		LEU	2
3qouA	113	1	A	118		ALA	2
3qouA	114	1	A	119		GLN	2
3qouA	115	1	A	120		GLN	2
3qouA	116	1	A	121		ALA	2
3qouA	117	1	A	122		MET	2
3qouA	118	1	A	123		GLN	2
3qouA	119	1	A	124		LEU	2
3qouA	120	1	A	125		MET	2
3qouA	121	1	A	126		GLN	2
3qouA	122	1	A	127		GLU	2
3qouA	123	1	A	128		SER	2
3qouA	124	1	A	129		ASN	2
3qouA	125	1	A	130		TYR	2
3qouA	126	1	A	131		THR	2
3qouA	127	1	A	132		ASP	2
3qouA	128	1	A	133		ALA	2
3qouA	129	1	A	134		LEU	2
3qouA	130	1	A	135		PRO	2
3qouA	131	1	A	136		LEU	2
3qouA	132	1	A	137		LEU	2
3qouA	133	1	A	139		ASP	2
3qouA	134	1	A	140		ALA	2
3qouA	135	1	A	141		TRP	2
3qouA	136	1	A	142		GLN	2
3qouA	137	1	A	143		LEU	2
3qouA	138	1	A	144		SER	2
3qouA	139	1	A	145		ASN	2
3qouA	140	1	A	146		GLN	2
3qouA	141	1	A	147		ASN	2
3qouA	142	1	A	148		GLY	2
3qouA	143	1	A	149		GLU	2
3qouA	144	1	A	150		ILE	2
3qouA	145	1	A	151		GLY	2
3qouA	146	1	A	152		LEU	2
3qouA	147	1	A	153		LEU	2
3qouA	148	1	A	154		LEU	2
3qouA	149	1	A	155		ALA	2
3qouA	150	1	A	156		GLU	2
3qouA	151	1	A	157		THR	2
3qouA	152	1	A	158		LEU	2
3qouA	153	1	A	159		ILE	2
3qouA	154	1	A	160		ALA	2
3qouA	155	1	A	161		LEU	2
3qouA	156	1	A	162		ASN	2
3qouA	157	1	A	163		ARG	2
3qouA	158	1	A	164		SER	2
3qouA	159	1	A	165		GLU	2
3qouA	160	1	A	166		ASP	2
3qouA	161	1	A	167		ALA	2
3qouA	162	1	A	168		GLU	2
3qouA	163	1	A	169		ALA	2
3qouA	164	1	A	170		VAL	2
3qouA	165	1	A	171		LEU	2
3qouA	166	1	A	173		THR	2
3qouA	167	1	A	174		ILE	2
3qouA	168	1	A	175		PRO	2
3qouA	169	1	A	176		LEU	2
3qouA	170	1	A	177		GLN	2
3qouA	171	1	A	178		ASP	2
3qouA	172	1	A	179		GLN	2
3qouA	173	1	A	180		ASP	2
3qouA	174	1	A	181		THR	2
3qouA	175	1	A	182		ARG	2
3qouA	176	1	A	183		TYR	2
3qouA	177	1	A	184		GLN	2
3qouA	178	1	A	185		GLY	2
3qouA	179	1	A	186		LEU	2
3qouA	180	1	A	187		VAL	2
3qouA	181	1	A	188		ALA	2
3qouA	182	1	A	189		GLN	2
3qouA	183	1	A	190		ILE	2
3qouA	184	1	A	191		GLU	2
3qouA	185	1	A	192		LEU	2
3qouA	186	1	A	193		LEU	2
3qouA	187	1	A	195		GLN	2
3qouA	188	1	A	196		ALA	3
3qouA	189	1	A	197		ALA	3
3qouA	190	1	A	198		ASP	3
3qouA	191	1	A	199		THR	3
3qouA	192	1	A	200		PRO	3
3qouA	193	1	A	201		GLU	3
3qouA	194	1	A	202		ILE	3
3qouA	195	1	A	203		GLN	3
3qouA	196	1	A	204		GLN	3
3qouA	197	1	A	205		LEU	3
3qouA	198	1	A	206		GLN	3
3qouA	199	1	A	207		GLN	3
3qouA	200	1	A	208		GLN	3
3qouA	201	1	A	209		VAL	3
3qouA	202	1	A	210		ALA	3
3qouA	203	1	A	211		GLU	3
3qouA	204	1	A	212		ASN	3
3qouA	205	1	A	213		PRO	3
3qouA	206	1	A	214		GLU	3
3qouA	207	1	A	215		ASP	3
3qouA	208	1	A	216		ALA	3
3qouA	209	1	A	217		ALA	3
3qouA	210	1	A	218		LEU	3
3qouA	211	1	A	219		ALA	3
3qouA	212	1	A	220		THR	3
3qouA	213	1	A	221		GLN	3
3qouA	214	1	A	222		LEU	3
3qouA	215	1	A	223		ALA	3
3qouA	216	1	A	224		LEU	3
3qouA	217	1	A	225		GLN	3
3qouA	218	1	A	226		LEU	3
3qouA	219	1	A	227		HIS	3
3qouA	220	1	A	228		GLN	3
3qouA	221	1	A	229		VAL	3
3qouA	222	1	A	230		GLY	3
3qouA	223	1	A	231		ARG	3
3qouA	224	1	A	232		ASN	3
3qouA	225	1	A	233		GLU	3
3qouA	226	1	A	234		GLU	3
3qouA	227	1	A	235		ALA	3
3qouA	228	1	A	236		LEU	3
3qouA	229	1	A	237		GLU	3
3qouA	230	1	A	238		LEU	3
3qouA	231	1	A	239		LEU	3
3qouA	232	1	A	240		PHE	3
3qouA	233	1	A	241		GLY	3
3qouA	234	1	A	242		HIS	3
3qouA	235	1	A	243		LEU	3
3qouA	236	1	A	244		ARG	3
3qouA	237	1	A	246		ASP	3
3qouA	238	1	A	247		LEU	3
3qouA	239	1	A	248		THR	3
3qouA	240	1	A	249		ALA	3
3qouA	241	1	A	250		ALA	3
3qouA	242	1	A	251		ASP	3
3qouA	243	1	A	252		GLY	3
3qouA	244	1	A	253		GLN	3
3qouA	245	1	A	254		THR	3
3qouA	246	1	A	255		ARG	3
3qouA	247	1	A	257		THR	3
3qouA	248	1	A	258		PHE	3
3qouA	249	1	A	259		GLN	3
3qouA	250	1	A	260		GLU	3
3qouA	251	1	A	261		ILE	3
3qouA	252	1	A	262		LEU	3
3qouA	253	1	A	263		ALA	3
3qouA	254	1	A	264		ALA	3
3qouA	255	1	A	265		LEU	3
3qouA	256	1	A	266		GLY	3
3qouA	257	1	A	267		THR	3
3qouA	258	1	A	268		GLY	3
3qouA	259	1	A	269		ASP	3
3qouA	260	1	A	270		ALA	3
3qouA	261	1	A	271		LEU	3
3qouA	262	1	A	272		ALA	3
3qouA	263	1	A	273		SER	3
3qouA	264	1	A	275		TYR	3
3qouA	265	1	A	276		ARG	3
3qouA	266	1	A	277		ARG	3
3qouA	267	1	A	278		GLN	3
3qouA	268	1	A	279		LEU	3
3qouA	269	1	A	280		TYR	3
3qouA	270	1	A	281		ALA	3
3qouA	271	1	A	282		LEU	3
3qouA	272	1	A	283		LEU	3
3qouA	273	1	A	284		TYR	3
4r0kB	0	1	B	25		ARG	1
4r0kB	1	1	B	26		PRO	1
4r0kB	2	1	B	27		MSE	1
4r0kB	3	1	B	28		PRO	1
4r0kB	4	1	B	29		ALA	1
4r0kB	5	1	B	30		ASP	1
4r0kB	6	1	B	31		SER	1
4r0kB	7	1	B	32		ALA	1
4r0kB	8	1	B	33		TYR	1
4r0kB	9	1	B	34		GLY	1
4r0kB	10	1	B	35		VAL	1
4r0kB	11	1	B	36		VAL	1
4r0kB	12	1	B	37		HIS	1
4r0kB	13	1	B	38		ILE	1
4r0kB	14	1	B	39		SER	1
4r0kB	15	1	B	40		VAL	1
4r0kB	16	1	B	41		CYS	1
4r0kB	17	1	B	42		ASN	1
4r0kB	18	1	B	43		MSE	1
4r0kB	19	1	B	44		ARG	1
4r0kB	20	1	B	45		ASP	1
4r0kB	21	1	B	46		GLU	1
4r0kB	22	1	B	47		GLY	1
4r0kB	23	1	B	48		LYS	1
4r0kB	24	1	B	49		PHE	1
4r0kB	25	1	B	50		THR	1
4r0kB	26	1	B	51		SER	1
4r0kB	27	1	B	52		GLY	1
4r0kB	28	1	B	53		MSE	1
4r0kB	29	1	B	54		SER	1
4r0kB	30	1	B	55		THR	1
4r0kB	31	1	B	56		GLN	1
4r0kB	32	1	B	57		ALA	1
4r0kB	33	1	B	58		LEU	1
4r0kB	34	1	B	59		LEU	1
4r0kB	35	1	B	60		GLY	1
4r0kB	36	1	B	61		MSE	1
4r0kB	37	1	B	62		PRO	1
4r0kB	38	1	B	63		VAL	1
4r0kB	39	1	B	64		LYS	1
4r0kB	40	1	B	65		VAL	1
4r0kB	41	1	B	66		LEU	1
4r0kB	42	1	B	67		GLN	1
4r0kB	43	1	B	68		TYR	1
4r0kB	44	1	B	69		THR	1
4r0kB	45	1	B	70		GLY	1
4r0kB	46	1	B	71		TRP	1
4r0kB	47	1	B	72		TYR	1
4r0kB	48	1	B	73		GLU	1
4r0kB	49	1	B	74		ILE	1
4r0kB	50	1	B	75		GLN	1
4r0kB	51	1	B	76		THR	1
4r0kB	52	1	B	77		PRO	1
4r0kB	53	1	B	78		ASP	1
4r0kB	54	1	B	79		ASP	1
4r0kB	55	1	B	80		TYR	1
4r0kB	56	1	B	81		THR	1
4r0kB	57	1	B	82		GLY	1
4r0kB	58	1	B	83		TRP	1
4r0kB	59	1	B	84		VAL	1
4r0kB	60	1	B	85		HIS	1
4r0kB	61	1	B	86		ARG	1
4r0kB	62	1	B	87		MSE	1
4r0kB	63	1	B	88		VAL	1
4r0kB	64	1	B	89		ILE	1
4r0kB	65	1	B	90		THR	1
4r0kB	66	1	B	91		PRO	1
4r0kB	67	1	B	92		MSE	1
4r0kB	68	1	B	93		SER	1
4r0kB	69	1	B	94		LYS	1
4r0kB	70	1	B	95		GLU	1
4r0kB	71	1	B	96		LYS	1
4r0kB	72	1	B	97		TYR	1
4r0kB	73	1	B	98		ASP	1
4r0kB	74	1	B	99		GLU	1
4r0kB	75	1	B	100		TRP	1
4r0kB	76	1	B	101		ASN	1
4r0kB	77	1	B	102		ARG	2
4r0kB	78	1	B	103		ALA	2
4r0kB	79	1	B	104		GLU	2
4r0kB	80	1	B	105		LYS	2
4r0kB	81	1	B	106		ILE	2
4r0kB	82	1	B	107		VAL	2
4r0kB	83	1	B	108		VAL	2
4r0kB	84	1	B	109		THR	2
4r0kB	85	1	B	110		SER	2
4r0kB	86	1	B	111		HIS	2
4r0kB	87	1	B	112		TYR	2
4r0kB	88	1	B	113		GLY	2
4r0kB	89	1	B	114		PHE	2
4r0kB	90	1	B	115		THR	2
4r0kB	91	1	B	116		TYR	2
4r0kB	92	1	B	117		GLU	2
4r0kB	93	1	B	118		LYS	2
4r0kB	94	1	B	119		PRO	2
4r0kB	95	1	B	120		ASP	2
4r0kB	96	1	B	121		ASP	2
4r0kB	97	1	B	122		ASP	2
4r0kB	98	1	B	123		SER	2
4r0kB	99	1	B	124		GLN	2
4r0kB	100	1	B	125		THR	2
4r0kB	101	1	B	126		VAL	2
4r0kB	102	1	B	127		SER	2
4r0kB	103	1	B	128		ASP	2
4r0kB	104	1	B	129		VAL	2
4r0kB	105	1	B	130		VAL	2
4r0kB	106	1	B	131		ALA	2
4r0kB	107	1	B	132		GLY	2
4r0kB	108	1	B	133		ASN	2
4r0kB	109	1	B	134		ARG	2
4r0kB	110	1	B	135		LEU	2
4r0kB	111	1	B	136		LYS	2
4r0kB	112	1	B	137		TRP	2
4r0kB	113	1	B	138		GLU	2
4r0kB	114	1	B	139		GLY	2
4r0kB	115	1	B	140		SER	2
4r0kB	116	1	B	141		LYS	2
4r0kB	117	1	B	142		GLY	2
4r0kB	118	1	B	143		HIS	2
4r0kB	119	1	B	144		PHE	2
4r0kB	120	1	B	145		TYR	2
4r0kB	121	1	B	146		LYS	2
4r0kB	122	1	B	147		VAL	2
4r0kB	123	1	B	148		SER	2
4r0kB	124	1	B	149		TYR	2
4r0kB	125	1	B	150		PRO	2
4r0kB	126	1	B	151		ASP	2
4r0kB	127	1	B	152		GLY	2
4r0kB	128	1	B	153		ARG	2
4r0kB	129	1	B	154		GLN	2
4r0kB	130	1	B	155		ALA	2
4r0kB	131	1	B	156		TYR	2
4r0kB	132	1	B	157		ILE	2
4r0kB	133	1	B	158		SER	2
4r0kB	134	1	B	159		ARG	2
4r0kB	135	1	B	160		HIS	2
4r0kB	136	1	B	161		ILE	2
4r0kB	137	1	B	162		SER	2
4r0kB	138	1	B	163		GLN	2
4r0kB	139	1	B	164		PRO	2
4r0kB	140	1	B	165		GLU	2
4r0kB	141	1	B	166		SER	2
4r0kB	142	1	B	167		LYS	2
4r0kB	143	1	B	168		TRP	2
4r0kB	144	1	B	169		ARG	3
4r0kB	145	1	B	170		ALA	3
4r0kB	146	1	B	171		SER	3
4r0kB	147	1	B	172		LEU	3
4r0kB	148	1	B	173		LYS	3
4r0kB	149	1	B	174		GLN	3
4r0kB	150	1	B	175		ASP	3
4r0kB	151	1	B	176		ALA	3
4r0kB	152	1	B	177		GLU	3
4r0kB	153	1	B	178		SER	3
4r0kB	154	1	B	179		ILE	3
4r0kB	155	1	B	180		ILE	3
4r0kB	156	1	B	181		LYS	3
4r0kB	157	1	B	182		THR	3
4r0kB	158	1	B	183		ALA	3
4r0kB	159	1	B	184		TYR	3
4r0kB	160	1	B	185		THR	3
4r0kB	161	1	B	186		MSE	3
4r0kB	162	1	B	187		ILE	3
4r0kB	163	1	B	188		GLY	3
4r0kB	164	1	B	189		ILE	3
4r0kB	165	1	B	190		PRO	3
4r0kB	166	1	B	191		TYR	3
4r0kB	167	1	B	192		LEU	3
4r0kB	168	1	B	193		TRP	3
4r0kB	169	1	B	194		ALA	3
4r0kB	170	1	B	195		GLY	3
4r0kB	171	1	B	196		THR	3
4r0kB	172	1	B	197		SER	3
4r0kB	173	1	B	198		SER	3
4r0kB	174	1	B	199		LYS	3
4r0kB	175	1	B	200		GLY	3
4r0kB	176	1	B	201		VAL	3
4r0kB	177	1	B	202		ASP	3
4r0kB	178	1	B	204		SER	3
4r0kB	179	1	B	205		GLY	3
4r0kB	180	1	B	206		LEU	3
4r0kB	181	1	B	207		VAL	3
4r0kB	182	1	B	208		ARG	3
4r0kB	183	1	B	209		THR	3
4r0kB	184	1	B	210		VAL	3
4r0kB	185	1	B	211		LEU	3
4r0kB	186	1	B	212		PHE	3
4r0kB	187	1	B	213		MSE	3
4r0kB	188	1	B	214		HIS	3
4r0kB	189	1	B	215		ASP	3
4r0kB	190	1	B	216		ILE	3
4r0kB	191	1	B	217		ILE	3
4r0kB	192	1	B	218		ILE	3
4r0kB	193	1	B	219		PRO	3
4r0kB	194	1	B	220		ARG	3
4r0kB	195	1	B	221		ASP	3
4r0kB	196	1	B	222		ALA	3
4r0kB	197	1	B	223		SER	3
4r0kB	198	1	B	224		GLN	3
4r0kB	199	1	B	225		GLN	3
4r0kB	200	1	B	226		ALA	3
4r0kB	201	1	B	227		TYR	3
4r0kB	202	1	B	228		VAL	3
4r0kB	203	1	B	229		GLY	3
4r0kB	204	1	B	230		GLU	3
4r0kB	205	1	B	231		ARG	3
4r0kB	206	1	B	232		ILE	3
4r0kB	207	1	B	233		GLU	3
4r0kB	208	1	B	234		ILE	3
4r0kB	209	1	B	235		ALA	3
4r0kB	210	1	B	236		PRO	3
4r0kB	211	1	B	237		ASP	3
4r0kB	212	1	B	238		PHE	3
4r0kB	213	1	B	239		SER	3
4r0kB	214	1	B	240		ASN	3
4r0kB	215	1	B	241		VAL	3
4r0kB	216	1	B	242		GLN	3
4r0kB	217	1	B	243		ARG	3
4r0kB	218	1	B	244		GLY	3
4r0kB	219	1	B	245		ASP	3
4r0kB	220	1	B	246		LEU	3
4r0kB	221	1	B	247		VAL	3
4r0kB	222	1	B	248		PHE	3
4r0kB	223	1	B	249		PHE	3
4r0kB	224	1	B	250		GLY	3
4r0kB	225	1	B	251		ARG	3
4r0kB	226	1	B	252		LYS	3
4r0kB	227	1	B	253		ALA	3
4r0kB	228	1	B	254		THR	3
4r0kB	229	1	B	255		ALA	3
4r0kB	230	1	B	256		ASP	3
4r0kB	231	1	B	257		ARG	3
4r0kB	232	1	B	258		LYS	3
4r0kB	233	1	B	259		GLU	3
4r0kB	234	1	B	260		GLY	3
4r0kB	235	1	B	261		ILE	3
4r0kB	236	1	B	262		SER	3
4r0kB	237	1	B	263		HIS	3
4r0kB	238	1	B	264		VAL	3
4r0kB	239	1	B	265		GLY	3
4r0kB	240	1	B	266		ILE	3
4r0kB	241	1	B	267		TYR	3
4r0kB	242	1	B	268		LEU	3
4r0kB	243	1	B	269		GLY	3
4r0kB	244	1	B	270		ASN	3
4r0kB	245	1	B	271		LYS	3
4r0kB	246	1	B	272		ARG	3
4r0kB	247	1	B	273		PHE	3
4r0kB	248	1	B	274		ILE	3
4r0kB	249	1	B	275		HIS	3
4r0kB	250	1	B	276		ALA	3
4r0kB	251	1	B	277		LEU	3
4r0kB	252	1	B	278		GLY	3
4r0kB	253	1	B	279		ASP	3
4r0kB	254	1	B	280		VAL	3
4r0kB	255	1	B	281		HIS	3
4r0kB	256	1	B	282		ILE	3
4r0kB	257	1	B	283		SER	3
4r0kB	258	1	B	284		SER	3
4r0kB	259	1	B	285		PHE	3
4r0kB	260	1	B	286		ASP	3
4r0kB	261	1	B	287		PRO	3
4r0kB	262	1	B	288		GLU	3
4r0kB	263	1	B	289		ASP	3
4r0kB	264	1	B	290		GLU	3
4r0kB	265	1	B	292		TYR	3
4r0kB	266	1	B	293		ASP	3
4r0kB	267	1	B	294		GLU	3
4r0kB	268	1	B	295		PHE	3
4r0kB	269	1	B	296		ASN	3
4r0kB	270	1	B	297		THR	3
4r0kB	271	1	B	298		GLY	3
4r0kB	272	1	B	299		ARG	3
4r0kB	273	1	B	300		LEU	3
4r0kB	274	1	B	301		LEU	3
4r0kB	275	1	B	302		PHE	3
4r0kB	276	1	B	303		ALA	3
4r0kB	277	1	B	304		THR	3
4r0kB	278	1	B	305		ARG	3
4r0kB	279	1	B	306		PHE	3
4r0kB	280	1	B	307		LEU	3
4r0kB	281	1	B	308		PRO	3
4r0kB	282	1	B	309		TYR	3
4r0kB	283	1	B	310		ILE	3
4r0kB	284	1	B	311		ASN	3
4r0kB	285	1	B	312		LYS	3
4r0kB	286	1	B	313		GLU	3
4r0kB	287	1	B	314		LYS	3
4r0kB	288	1	B	315		GLY	3
4r0kB	289	1	B	316		MSE	3
4r0kB	290	1	B	317		ASN	3
4r0kB	291	1	B	318		THR	3
4r0kB	292	1	B	319		THR	1
4r0kB	293	1	B	320		ASP	1
4r0kB	294	1	B	321		HIS	1
4r0kB	295	1	B	322		ASN	1
4r0kB	296	1	B	323		LEU	1
4r0kB	297	1	B	324		TYR	1
4r0kB	298	1	B	325		TYR	1
4r0kB	299	1	B	326		LEU	1
4r0kB	300	1	B	327		HIS	1
4r0kB	301	1	B	328		HIS	1
3ubgB	0	1	B	439		ALA	1
3ubgB	1	1	B	440		VAL	1
3ubgB	2	1	B	441		ARG	1
3ubgB	3	1	B	442		PRO	1
3ubgB	4	1	B	443		THR	1
3ubgB	5	1	B	444		LYS	1
3ubgB	6	1	B	445		ARG	1
3ubgB	7	1	B	446		ILE	1
3ubgB	8	1	B	447		GLU	1
3ubgB	9	1	B	448		PHE	1
3ubgB	10	1	B	449		THR	1
3ubgB	11	1	B	450		GLU	1
3ubgB	12	1	B	451		ALA	1
3ubgB	13	1	B	452		ASP	1
3ubgB	14	1	B	453		GLY	1
3ubgB	15	1	B	454		ASP	1
3ubgB	16	1	B	455		THR	1
3ubgB	17	1	B	456		GLU	1
3ubgB	18	1	B	457		GLY	1
3ubgB	19	1	B	458		LYS	1
3ubgB	20	1	B	459		SER	1
3ubgB	21	1	B	460		VAL	1
3ubgB	22	1	B	461		PHE	1
3ubgB	23	1	B	462		GLN	1
3ubgB	24	1	B	463		LEU	1
3ubgB	25	1	B	464		GLU	1
3ubgB	26	1	B	465		LYS	1
3ubgB	27	1	B	466		GLU	1
3ubgB	28	1	B	467		THR	1
3ubgB	29	1	B	468		ASP	1
3ubgB	30	1	B	469		LYS	1
3ubgB	31	1	B	470		GLU	1
3ubgB	32	1	B	471		THR	1
3ubgB	33	1	B	472		PHE	1
3ubgB	34	1	B	473		LYS	1
3ubgB	35	1	B	474		ILE	1
3ubgB	36	1	B	475		ARG	1
3ubgB	37	1	B	476		ASP	1
3ubgB	38	1	B	477		ASP	1
3ubgB	39	1	B	478		ASN	1
3ubgB	40	1	B	479		PRO	1
3ubgB	41	1	B	480		TRP	1
3ubgB	42	1	B	481		VAL	1
3ubgB	43	1	B	482		THR	1
3ubgB	44	1	B	483		VAL	1
3ubgB	45	1	B	484		GLU	1
3ubgB	46	1	B	485		THR	1
3ubgB	47	1	B	486		ASN	1
3ubgB	48	1	B	487		GLY	1
3ubgB	49	1	B	488		ALA	1
3ubgB	50	1	B	489		VAL	1
3ubgB	51	1	B	490		ARG	1
3ubgB	52	1	B	491		VAL	1
3ubgB	53	1	B	492		LYS	1
3ubgB	54	1	B	493		LYS	1
3ubgB	55	1	B	494		LYS	1
3ubgB	56	1	B	495		TRP	1
3ubgB	57	1	B	496		ASP	1
3ubgB	58	1	B	497		TYR	1
3ubgB	59	1	B	498		GLU	1
3ubgB	60	1	B	499		GLU	1
3ubgB	61	1	B	500		LEU	1
3ubgB	62	1	B	501		GLY	1
3ubgB	63	1	B	502		PRO	1
3ubgB	64	1	B	503		GLU	1
3ubgB	65	1	B	504		LYS	1
3ubgB	66	1	B	505		THR	1
3ubgB	67	1	B	506		ILE	1
3ubgB	68	1	B	507		ASP	1
3ubgB	69	1	B	508		PHE	1
3ubgB	70	1	B	509		TRP	1
3ubgB	71	1	B	510		VAL	1
3ubgB	72	1	B	511		ILE	1
3ubgB	73	1	B	512		ILE	1
3ubgB	74	1	B	513		THR	1
3ubgB	75	1	B	514		ASN	1
3ubgB	76	1	B	515		MET	1
3ubgB	77	1	B	516		GLY	1
3ubgB	78	1	B	517		HIS	1
3ubgB	79	1	B	518		ASN	1
3ubgB	80	1	B	519		ALA	1
3ubgB	81	1	B	520		GLY	1
3ubgB	82	1	B	521		ILE	1
3ubgB	83	1	B	522		LYS	1
3ubgB	84	1	B	523		TYR	1
3ubgB	85	1	B	524		THR	1
3ubgB	86	1	B	525		ASP	1
3ubgB	87	1	B	526		ASN	1
3ubgB	88	1	B	527		GLN	1
3ubgB	89	1	B	528		ARG	1
3ubgB	90	1	B	529		VAL	1
3ubgB	91	1	B	530		ILE	1
3ubgB	92	1	B	531		ILE	1
3ubgB	93	1	B	532		LEU	1
3ubgB	94	1	B	533		VAL	1
3ubgB	95	1	B	534		LYS	1
3ubgB	96	1	B	535		ASP	1
3ubgB	97	1	B	536		VAL	1
3ubgB	98	1	B	537		ASN	2
3ubgB	99	1	B	538		ASP	2
3ubgB	100	1	B	539		GLU	2
3ubgB	101	1	B	540		PRO	2
3ubgB	102	1	B	541		PRO	2
3ubgB	103	1	B	542		TYR	2
3ubgB	104	1	B	543		PHE	2
3ubgB	105	1	B	544		ILE	2
3ubgB	106	1	B	545		ASN	2
3ubgB	107	1	B	546		ARG	2
3ubgB	108	1	B	547		PRO	2
3ubgB	109	1	B	548		LEU	2
3ubgB	110	1	B	549		PRO	2
3ubgB	111	1	B	550		MET	2
3ubgB	112	1	B	551		GLN	2
3ubgB	113	1	B	552		ALA	2
3ubgB	114	1	B	553		VAL	2
3ubgB	115	1	B	554		VAL	2
3ubgB	116	1	B	555		GLN	2
3ubgB	117	1	B	556		LEU	2
3ubgB	118	1	B	557		ASN	2
3ubgB	119	1	B	558		ALA	2
3ubgB	120	1	B	559		PRO	2
3ubgB	121	1	B	560		PRO	2
3ubgB	122	1	B	561		ASN	2
3ubgB	123	1	B	562		THR	2
3ubgB	124	1	B	563		PRO	2
3ubgB	125	1	B	564		VAL	2
3ubgB	126	1	B	565		PHE	2
3ubgB	127	1	B	566		THR	2
3ubgB	128	1	B	567		LEU	2
3ubgB	129	1	B	568		GLN	2
3ubgB	130	1	B	569		ALA	2
3ubgB	131	1	B	570		ARG	2
3ubgB	132	1	B	571		ASP	2
3ubgB	133	1	B	572		PRO	2
3ubgB	134	1	B	573		ASP	2
3ubgB	135	1	B	574		THR	2
3ubgB	136	1	B	575		ASP	2
3ubgB	137	1	B	576		HIS	2
3ubgB	138	1	B	577		ASN	2
3ubgB	139	1	B	578		ILE	2
3ubgB	140	1	B	579		HIS	2
3ubgB	141	1	B	580		TYR	2
3ubgB	142	1	B	581		PHE	2
3ubgB	143	1	B	582		ILE	2
3ubgB	144	1	B	583		VAL	2
3ubgB	145	1	B	584		ARG	2
3ubgB	146	1	B	585		ASP	2
3ubgB	147	1	B	586		ARG	2
3ubgB	148	1	B	587		THR	2
3ubgB	149	1	B	588		GLY	2
3ubgB	150	1	B	589		GLY	2
3ubgB	151	1	B	590		ARG	2
3ubgB	152	1	B	591		PHE	2
3ubgB	153	1	B	592		GLU	2
3ubgB	154	1	B	593		VAL	2
3ubgB	155	1	B	594		ASP	2
3ubgB	156	1	B	595		GLU	2
3ubgB	157	1	B	596		ARG	2
3ubgB	158	1	B	597		SER	2
3ubgB	159	1	B	598		GLY	2
3ubgB	160	1	B	599		VAL	2
3ubgB	161	1	B	600		VAL	2
3ubgB	162	1	B	601		ARG	2
3ubgB	163	1	B	602		THR	2
3ubgB	164	1	B	603		ARG	2
3ubgB	165	1	B	604		GLY	2
3ubgB	166	1	B	605		THR	2
3ubgB	167	1	B	606		ASP	2
3ubgB	168	1	B	607		LEU	2
3ubgB	169	1	B	608		PHE	2
3ubgB	170	1	B	609		GLN	2
3ubgB	171	1	B	610		LEU	2
3ubgB	172	1	B	611		ASP	2
3ubgB	173	1	B	612		MET	2
3ubgB	174	1	B	613		GLU	2
3ubgB	175	1	B	614		TYR	2
3ubgB	176	1	B	615		VAL	2
3ubgB	177	1	B	616		LEU	2
3ubgB	178	1	B	617		TYR	2
3ubgB	179	1	B	618		VAL	2
3ubgB	180	1	B	619		LYS	2
3ubgB	181	1	B	620		ALA	2
3ubgB	182	1	B	621		GLU	2
3ubgB	183	1	B	622		ASP	2
3ubgB	184	1	B	623		GLN	2
3ubgB	185	1	B	624		ASN	2
3ubgB	186	1	B	625		GLY	2
3ubgB	187	1	B	626		LYS	2
3ubgB	188	1	B	627		VAL	2
3ubgB	189	1	B	628		ASP	2
3ubgB	190	1	B	629		ASP	2
3ubgB	191	1	B	630		ARG	2
3ubgB	192	1	B	631		ARG	2
3ubgB	193	1	B	632		PHE	2
3ubgB	194	1	B	633		GLN	2
3ubgB	195	1	B	634		SER	2
3ubgB	196	1	B	635		THR	2
3ubgB	197	1	B	636		PRO	2
3ubgB	198	1	B	637		GLU	2
3ubgB	199	1	B	638		GLU	2
3ubgB	200	1	B	639		ARG	2
3ubgB	201	1	B	640		LEU	2
3ubgB	202	1	B	641		SER	2
3ubgB	203	1	B	642		ILE	2
3ubgB	204	1	B	643		VAL	2
3ubgB	205	1	B	644		GLY	2
3ubgB	206	1	B	645		GLY	2
3ubgB	207	1	B	646		LYS	2
3ubgB	208	1	B	647		ARG	2
3ubgB	209	1	B	648		ALA	3
3ubgB	210	1	B	649		PRO	3
3ubgB	211	1	B	650		GLN	3
3ubgB	212	1	B	651		PHE	3
3ubgB	213	1	B	652		TYR	3
3ubgB	214	1	B	653		MET	3
3ubgB	215	1	B	654		PRO	3
3ubgB	216	1	B	655		SER	3
3ubgB	217	1	B	656		TYR	3
3ubgB	218	1	B	657		GLU	3
3ubgB	219	1	B	658		ALA	3
3ubgB	220	1	B	659		GLU	3
3ubgB	221	1	B	660		ILE	3
3ubgB	222	1	B	661		PRO	3
3ubgB	223	1	B	662		GLU	3
3ubgB	224	1	B	663		ASN	3
3ubgB	225	1	B	664		GLN	3
3ubgB	226	1	B	665		LYS	3
3ubgB	227	1	B	666		LYS	3
3ubgB	228	1	B	667		ASP	3
3ubgB	229	1	B	668		SER	3
3ubgB	230	1	B	669		ASP	3
3ubgB	231	1	B	670		ILE	3
3ubgB	232	1	B	671		ILE	3
3ubgB	233	1	B	672		SER	3
3ubgB	234	1	B	673		ILE	3
3ubgB	235	1	B	674		LYS	3
3ubgB	236	1	B	675		ALA	3
3ubgB	237	1	B	676		LYS	3
3ubgB	238	1	B	677		SER	3
3ubgB	239	1	B	678		PHE	3
3ubgB	240	1	B	679		ALA	3
3ubgB	241	1	B	680		ASP	3
3ubgB	242	1	B	681		ARG	3
3ubgB	243	1	B	682		GLU	3
3ubgB	244	1	B	683		ILE	3
3ubgB	245	1	B	684		ARG	3
3ubgB	246	1	B	685		TYR	3
3ubgB	247	1	B	686		THR	3
3ubgB	248	1	B	687		LEU	3
3ubgB	249	1	B	688		LYS	3
3ubgB	250	1	B	689		ALA	3
3ubgB	251	1	B	690		GLN	3
3ubgB	252	1	B	691		GLY	3
3ubgB	253	1	B	692		GLN	3
3ubgB	254	1	B	693		GLY	3
3ubgB	255	1	B	694		ALA	3
3ubgB	256	1	B	695		GLY	3
3ubgB	257	1	B	696		THR	3
3ubgB	258	1	B	697		PHE	3
3ubgB	259	1	B	698		ASN	3
3ubgB	260	1	B	699		ILE	3
3ubgB	261	1	B	700		GLY	3
3ubgB	262	1	B	701		PRO	3
3ubgB	263	1	B	702		THR	3
3ubgB	264	1	B	703		SER	3
3ubgB	265	1	B	704		GLY	3
3ubgB	266	1	B	705		ILE	3
3ubgB	267	1	B	706		VAL	3
3ubgB	268	1	B	707		LYS	3
3ubgB	269	1	B	708		LEU	3
3ubgB	270	1	B	709		ALA	3
3ubgB	271	1	B	710		LYS	3
3ubgB	272	1	B	711		GLU	3
3ubgB	273	1	B	712		LEU	3
3ubgB	274	1	B	713		ASP	3
3ubgB	275	1	B	714		PHE	3
3ubgB	276	1	B	715		GLU	3
3ubgB	277	1	B	716		ASP	3
3ubgB	278	1	B	717		LEU	3
3ubgB	279	1	B	718		ARG	3
3ubgB	280	1	B	719		GLN	3
3ubgB	281	1	B	720		PRO	3
3ubgB	282	1	B	721		HIS	3
3ubgB	283	1	B	722		VAL	3
3ubgB	284	1	B	723		TYR	3
3ubgB	285	1	B	724		SER	3
3ubgB	286	1	B	725		LEU	3
3ubgB	287	1	B	726		ILE	3
3ubgB	288	1	B	727		VAL	3
3ubgB	289	1	B	728		THR	3
3ubgB	290	1	B	729		ALA	3
3ubgB	291	1	B	730		THR	3
3ubgB	292	1	B	731		GLU	3
3ubgB	293	1	B	732		ASP	3
3ubgB	294	1	B	733		SER	3
3ubgB	295	1	B	734		GLY	3
3ubgB	296	1	B	735		GLY	3
3ubgB	297	1	B	736		PHE	3
3ubgB	298	1	B	737		SER	3
3ubgB	299	1	B	738		THR	3
3ubgB	300	1	B	739		SER	3
3ubgB	301	1	B	740		VAL	3
3ubgB	302	1	B	741		ASP	3
3ubgB	303	1	B	742		LEU	3
3ubgB	304	1	B	743		THR	3
3ubgB	305	1	B	744		ILE	3
3ubgB	306	1	B	745		ARG	3
3ubgB	307	1	B	746		VAL	3
3ubgB	308	1	B	747		THR	3
3ubgB	309	1	B	748		ASP	3
4ccdA	0	1	A	25		GLY	1
4ccdA	1	1	A	26		ALA	1
4ccdA	2	1	A	27		TYR	1
4ccdA	3	1	A	28		VAL	1
4ccdA	4	1	A	29		LEU	1
4ccdA	5	1	A	30		ASP	1
4ccdA	6	1	A	31		ASP	1
4ccdA	7	1	A	32		SER	1
4ccdA	8	1	A	33		ASP	1
4ccdA	9	1	A	34		GLY	1
4ccdA	10	1	A	35		LEU	1
4ccdA	11	1	A	36		GLY	1
4ccdA	12	1	A	37		ARG	1
4ccdA	13	1	A	38		GLU	1
4ccdA	14	1	A	39		PHE	1
4ccdA	15	1	A	40		ASP	2
4ccdA	16	1	A	41		GLY	2
4ccdA	17	1	A	42		ILE	2
4ccdA	18	1	A	43		GLY	2
4ccdA	19	1	A	44		ALA	2
4ccdA	20	1	A	45		VAL	2
4ccdA	21	1	A	46		SER	2
4ccdA	22	1	A	47		GLY	2
4ccdA	23	1	A	48		GLY	2
4ccdA	24	1	A	49		GLY	2
4ccdA	25	1	A	50		ALA	2
4ccdA	26	1	A	51		THR	2
4ccdA	27	1	A	52		SER	2
4ccdA	28	1	A	53		ARG	2
4ccdA	29	1	A	54		LEU	2
4ccdA	30	1	A	55		LEU	2
4ccdA	31	1	A	56		VAL	2
4ccdA	32	1	A	57		ASN	2
4ccdA	33	1	A	58		TYR	2
4ccdA	34	1	A	59		PRO	2
4ccdA	35	1	A	60		GLU	2
4ccdA	36	1	A	61		PRO	2
4ccdA	37	1	A	62		TYR	2
4ccdA	38	1	A	63		ARG	2
4ccdA	39	1	A	64		SER	2
4ccdA	40	1	A	65		GLU	2
4ccdA	41	1	A	66		ILE	2
4ccdA	42	1	A	67		LEU	2
4ccdA	43	1	A	68		ASP	2
4ccdA	44	1	A	69		TYR	2
4ccdA	45	1	A	70		LEU	2
4ccdA	46	1	A	71		PHE	2
4ccdA	47	1	A	72		LYS	2
4ccdA	48	1	A	73		PRO	2
4ccdA	49	1	A	74		ASN	2
4ccdA	50	1	A	75		PHE	2
4ccdA	51	1	A	76		GLY	2
4ccdA	52	1	A	77		ALA	2
4ccdA	53	1	A	78		SER	2
4ccdA	54	1	A	79		LEU	2
4ccdA	55	1	A	80		HIS	2
4ccdA	56	1	A	81		ILE	2
4ccdA	57	1	A	82		LEU	2
4ccdA	58	1	A	83		LYS	2
4ccdA	59	1	A	84		VAL	2
4ccdA	60	1	A	85		GLU	2
4ccdA	61	1	A	86		ILE	2
4ccdA	62	1	A	87		GLY	2
4ccdA	63	1	A	88		GLY	2
4ccdA	64	1	A	89		ASP	2
4ccdA	65	1	A	90		GLY	2
4ccdA	66	1	A	91		GLN	2
4ccdA	67	1	A	92		THR	2
4ccdA	68	1	A	93		THR	2
4ccdA	69	1	A	94		ASP	2
4ccdA	70	1	A	95		GLY	2
4ccdA	71	1	A	96		THR	2
4ccdA	72	1	A	97		GLU	2
4ccdA	73	1	A	98		PRO	2
4ccdA	74	1	A	99		SER	2
4ccdA	75	1	A	100		HIS	2
4ccdA	76	1	A	101		MET	2
4ccdA	77	1	A	102		HIS	2
4ccdA	78	1	A	103		TYR	2
4ccdA	79	1	A	104		GLU	2
4ccdA	80	1	A	105		LEU	2
4ccdA	81	1	A	106		ASP	2
4ccdA	82	1	A	107		GLU	2
4ccdA	83	1	A	108		ASN	2
4ccdA	84	1	A	109		TYR	2
4ccdA	85	1	A	110		PHE	2
4ccdA	86	1	A	111		ARG	2
4ccdA	87	1	A	112		GLY	2
4ccdA	88	1	A	113		TYR	2
4ccdA	89	1	A	114		GLU	2
4ccdA	90	1	A	115		TRP	2
4ccdA	91	1	A	116		TRP	2
4ccdA	92	1	A	117		LEU	2
4ccdA	93	1	A	118		MET	2
4ccdA	94	1	A	119		LYS	2
4ccdA	95	1	A	120		GLU	2
4ccdA	96	1	A	121		ALA	2
4ccdA	97	1	A	122		LYS	2
4ccdA	98	1	A	123		LYS	2
4ccdA	99	1	A	124		ARG	2
4ccdA	100	1	A	125		ASN	2
4ccdA	101	1	A	126		PRO	2
4ccdA	102	1	A	127		ASP	2
4ccdA	103	1	A	128		ILE	2
4ccdA	104	1	A	129		ILE	2
4ccdA	105	1	A	130		LEU	2
4ccdA	106	1	A	131		MET	2
4ccdA	107	1	A	132		GLY	2
4ccdA	108	1	A	133		LEU	2
4ccdA	109	1	A	134		PRO	2
4ccdA	110	1	A	135		TRP	2
4ccdA	111	1	A	136		SER	2
4ccdA	112	1	A	137		PHE	2
4ccdA	113	1	A	138		PRO	2
4ccdA	114	1	A	139		GLY	2
4ccdA	115	1	A	140		TRP	2
4ccdA	116	1	A	141		LEU	2
4ccdA	117	1	A	142		GLY	2
4ccdA	118	1	A	143		LYS	2
4ccdA	119	1	A	144		GLY	2
4ccdA	120	1	A	145		PHE	2
4ccdA	121	1	A	146		SER	2
4ccdA	122	1	A	147		TRP	2
4ccdA	123	1	A	148		PRO	2
4ccdA	124	1	A	149		TYR	2
4ccdA	125	1	A	150		VAL	2
4ccdA	126	1	A	151		ASN	2
4ccdA	127	1	A	152		LEU	2
4ccdA	128	1	A	153		GLN	2
4ccdA	129	1	A	154		LEU	2
4ccdA	130	1	A	155		THR	2
4ccdA	131	1	A	156		ALA	2
4ccdA	132	1	A	157		TYR	2
4ccdA	133	1	A	158		TYR	2
4ccdA	134	1	A	159		VAL	2
4ccdA	135	1	A	160		VAL	2
4ccdA	136	1	A	161		ARG	2
4ccdA	137	1	A	162		TRP	2
4ccdA	138	1	A	163		ILE	2
4ccdA	139	1	A	164		LEU	2
4ccdA	140	1	A	165		GLY	2
4ccdA	141	1	A	166		ALA	2
4ccdA	142	1	A	167		LYS	2
4ccdA	143	1	A	168		HIS	2
4ccdA	144	1	A	169		TYR	2
4ccdA	145	1	A	170		HIS	2
4ccdA	146	1	A	171		ASP	2
4ccdA	147	1	A	172		LEU	2
4ccdA	148	1	A	173		ASP	2
4ccdA	149	1	A	174		ILE	2
4ccdA	150	1	A	175		ASP	2
4ccdA	151	1	A	176		TYR	2
4ccdA	152	1	A	177		ILE	2
4ccdA	153	1	A	178		GLY	2
4ccdA	154	1	A	179		ILE	2
4ccdA	155	1	A	180		TRP	2
4ccdA	156	1	A	181		ASN	2
4ccdA	157	1	A	182		GLU	2
4ccdA	158	1	A	183		ARG	2
4ccdA	159	1	A	184		PRO	2
4ccdA	160	1	A	185		PHE	2
4ccdA	161	1	A	186		ASP	2
4ccdA	162	1	A	187		ALA	2
4ccdA	163	1	A	188		ASN	2
4ccdA	164	1	A	189		TYR	2
4ccdA	165	1	A	190		ILE	2
4ccdA	166	1	A	191		LYS	2
4ccdA	167	1	A	192		GLU	2
4ccdA	168	1	A	193		LEU	2
4ccdA	169	1	A	194		ARG	2
4ccdA	170	1	A	195		LYS	2
4ccdA	171	1	A	196		MET	2
4ccdA	172	1	A	197		LEU	2
4ccdA	173	1	A	198		ASP	2
4ccdA	174	1	A	199		TYR	2
4ccdA	175	1	A	200		GLN	2
4ccdA	176	1	A	201		GLY	2
4ccdA	177	1	A	202		LEU	2
4ccdA	178	1	A	203		GLN	2
4ccdA	179	1	A	204		ARG	2
4ccdA	180	1	A	205		VAL	2
4ccdA	181	1	A	206		ARG	2
4ccdA	182	1	A	207		ILE	2
4ccdA	183	1	A	208		ILE	2
4ccdA	184	1	A	209		ALA	2
4ccdA	185	1	A	210		SER	2
4ccdA	186	1	A	211		ASP	2
4ccdA	187	1	A	212		ASN	2
4ccdA	188	1	A	213		LEU	2
4ccdA	189	1	A	214		TRP	2
4ccdA	190	1	A	215		GLU	2
4ccdA	191	1	A	216		PRO	2
4ccdA	192	1	A	217		ILE	2
4ccdA	193	1	A	218		SER	2
4ccdA	194	1	A	219		SER	2
4ccdA	195	1	A	220		SER	2
4ccdA	196	1	A	221		LEU	2
4ccdA	197	1	A	222		LEU	2
4ccdA	198	1	A	223		LEU	2
4ccdA	199	1	A	224		ASP	2
4ccdA	200	1	A	225		GLN	2
4ccdA	201	1	A	226		GLU	2
4ccdA	202	1	A	227		LEU	2
4ccdA	203	1	A	228		TRP	2
4ccdA	204	1	A	229		LYS	2
4ccdA	205	1	A	230		VAL	2
4ccdA	206	1	A	231		VAL	2
4ccdA	207	1	A	232		ASP	2
4ccdA	208	1	A	233		VAL	2
4ccdA	209	1	A	234		ILE	2
4ccdA	210	1	A	235		GLY	2
4ccdA	211	1	A	236		ALA	2
4ccdA	212	1	A	237		HIS	2
4ccdA	213	1	A	238		TYR	2
4ccdA	214	1	A	239		PRO	2
4ccdA	215	1	A	240		GLY	2
4ccdA	216	1	A	241		THR	2
4ccdA	217	1	A	242		TYR	2
4ccdA	218	1	A	243		THR	2
4ccdA	219	1	A	244		VAL	2
4ccdA	220	1	A	245		TRP	2
4ccdA	221	1	A	246		ASN	2
4ccdA	222	1	A	247		ALA	2
4ccdA	223	1	A	248		LYS	2
4ccdA	224	1	A	249		MET	2
4ccdA	225	1	A	250		SER	2
4ccdA	226	1	A	251		GLY	2
4ccdA	227	1	A	252		LYS	2
4ccdA	228	1	A	253		LYS	2
4ccdA	229	1	A	254		LEU	2
4ccdA	230	1	A	255		TRP	2
4ccdA	231	1	A	256		SER	2
4ccdA	232	1	A	257		SER	2
4ccdA	233	1	A	258		GLU	2
4ccdA	234	1	A	259		ASP	2
4ccdA	235	1	A	260		PHE	2
4ccdA	236	1	A	261		SER	2
4ccdA	237	1	A	262		THR	2
4ccdA	238	1	A	263		ILE	2
4ccdA	239	1	A	264		ASN	2
4ccdA	240	1	A	265		SER	2
4ccdA	241	1	A	266		ASN	2
4ccdA	242	1	A	267		VAL	2
4ccdA	243	1	A	268		GLY	2
4ccdA	244	1	A	269		ALA	2
4ccdA	245	1	A	270		GLY	2
4ccdA	246	1	A	271		CYS	2
4ccdA	247	1	A	272		TRP	2
4ccdA	248	1	A	273		SER	2
4ccdA	249	1	A	274		ARG	2
4ccdA	250	1	A	275		ILE	2
4ccdA	251	1	A	276		LEU	2
4ccdA	252	1	A	277		ASN	2
4ccdA	253	1	A	278		GLN	2
4ccdA	254	1	A	279		ASN	2
4ccdA	255	1	A	280		TYR	2
4ccdA	256	1	A	281		ILE	2
4ccdA	257	1	A	282		ASN	2
4ccdA	258	1	A	283		GLY	2
4ccdA	259	1	A	284		ASN	2
4ccdA	260	1	A	285		MET	2
4ccdA	261	1	A	286		THR	2
4ccdA	262	1	A	287		SER	2
4ccdA	263	1	A	288		THR	2
4ccdA	264	1	A	289		ILE	2
4ccdA	265	1	A	290		ALA	2
4ccdA	266	1	A	291		TRP	2
4ccdA	267	1	A	292		ASN	2
4ccdA	268	1	A	293		LEU	2
4ccdA	269	1	A	294		VAL	2
4ccdA	270	1	A	295		ALA	2
4ccdA	271	1	A	296		SER	2
4ccdA	272	1	A	297		TYR	2
4ccdA	273	1	A	298		TYR	2
4ccdA	274	1	A	299		GLU	2
4ccdA	275	1	A	300		GLU	2
4ccdA	276	1	A	301		LEU	2
4ccdA	277	1	A	302		PRO	2
4ccdA	278	1	A	303		TYR	2
4ccdA	279	1	A	304		GLY	2
4ccdA	280	1	A	305		ARG	2
4ccdA	281	1	A	306		SER	2
4ccdA	282	1	A	307		GLY	2
4ccdA	283	1	A	308		LEU	2
4ccdA	284	1	A	309		MET	2
4ccdA	285	1	A	310		THR	2
4ccdA	286	1	A	311		ALA	2
4ccdA	287	1	A	312		GLN	2
4ccdA	288	1	A	313		GLU	2
4ccdA	289	1	A	314		PRO	2
4ccdA	290	1	A	315		TRP	2
4ccdA	291	1	A	316		SER	2
4ccdA	292	1	A	317		GLY	2
4ccdA	293	1	A	318		HIS	2
4ccdA	294	1	A	319		TYR	2
4ccdA	295	1	A	320		VAL	2
4ccdA	296	1	A	321		VAL	2
4ccdA	297	1	A	322		ALA	2
4ccdA	298	1	A	323		SER	2
4ccdA	299	1	A	324		PRO	2
4ccdA	300	1	A	325		ILE	2
4ccdA	301	1	A	326		TRP	2
4ccdA	302	1	A	327		VAL	2
4ccdA	303	1	A	328		SER	2
4ccdA	304	1	A	329		ALA	2
4ccdA	305	1	A	330		HIS	2
4ccdA	306	1	A	331		THR	2
4ccdA	307	1	A	332		THR	2
4ccdA	308	1	A	333		GLN	2
4ccdA	309	1	A	334		PHE	2
4ccdA	310	1	A	335		THR	1
4ccdA	311	1	A	336		GLN	1
4ccdA	312	1	A	337		PRO	1
4ccdA	313	1	A	338		GLY	1
4ccdA	314	1	A	339		TRP	1
4ccdA	315	1	A	340		TYR	1
4ccdA	316	1	A	341		TYR	1
4ccdA	317	1	A	342		LEU	1
4ccdA	318	1	A	343		LYS	1
4ccdA	319	1	A	344		THR	1
4ccdA	320	1	A	345		VAL	1
4ccdA	321	1	A	346		GLY	1
4ccdA	322	1	A	347		HIS	1
4ccdA	323	1	A	348		LEU	1
4ccdA	324	1	A	349		GLU	1
4ccdA	325	1	A	350		LYS	1
4ccdA	326	1	A	351		GLY	1
4ccdA	327	1	A	352		GLY	1
4ccdA	328	1	A	353		SER	1
4ccdA	329	1	A	354		TYR	1
4ccdA	330	1	A	355		VAL	1
4ccdA	331	1	A	356		ALA	1
4ccdA	332	1	A	357		LEU	1
4ccdA	333	1	A	358		THR	1
4ccdA	334	1	A	359		ASP	1
4ccdA	335	1	A	360		GLY	1
4ccdA	336	1	A	361		LEU	1
4ccdA	337	1	A	362		GLY	1
4ccdA	338	1	A	363		ASN	1
4ccdA	339	1	A	364		LEU	1
4ccdA	340	1	A	365		THR	1
4ccdA	341	1	A	366		ILE	1
4ccdA	342	1	A	367		ILE	1
4ccdA	343	1	A	368		ILE	1
4ccdA	344	1	A	369		GLU	1
4ccdA	345	1	A	370		THR	1
4ccdA	346	1	A	371		MET	1
4ccdA	347	1	A	372		SER	1
4ccdA	348	1	A	373		HIS	1
4ccdA	349	1	A	374		GLN	1
4ccdA	350	1	A	375		HIS	1
4ccdA	351	1	A	376		SER	1
4ccdA	352	1	A	377		MET	1
4ccdA	353	1	A	378		CYS	1
4ccdA	354	1	A	379		ILE	1
4ccdA	355	1	A	380		ARG	1
4ccdA	356	1	A	381		PRO	1
4ccdA	357	1	A	382		TYR	1
4ccdA	358	1	A	383		LEU	1
4ccdA	359	1	A	384		PRO	1
4ccdA	360	1	A	385		TYR	1
4ccdA	361	1	A	386		TYR	1
4ccdA	362	1	A	387		ASN	1
4ccdA	363	1	A	388		VAL	1
4ccdA	364	1	A	389		SER	1
4ccdA	365	1	A	390		HIS	1
4ccdA	366	1	A	391		GLN	1
4ccdA	367	1	A	392		LEU	1
4ccdA	368	1	A	393		ALA	1
4ccdA	369	1	A	394		THR	1
4ccdA	370	1	A	395		PHE	1
4ccdA	371	1	A	396		THR	1
4ccdA	372	1	A	397		LEU	1
4ccdA	373	1	A	398		LYS	1
4ccdA	374	1	A	399		GLY	1
4ccdA	375	1	A	400		SER	1
4ccdA	376	1	A	401		LEU	1
4ccdA	377	1	A	402		ARG	1
4ccdA	378	1	A	403		GLU	1
4ccdA	379	1	A	404		ILE	1
4ccdA	380	1	A	405		GLN	1
4ccdA	381	1	A	406		GLU	1
4ccdA	382	1	A	407		LEU	1
4ccdA	383	1	A	408		GLN	1
4ccdA	384	1	A	409		VAL	1
4ccdA	385	1	A	410		TRP	1
4ccdA	386	1	A	411		TYR	1
4ccdA	387	1	A	412		THR	1
4ccdA	388	1	A	413		LYS	1
4ccdA	389	1	A	414		LEU	1
4ccdA	390	1	A	415		GLY	1
4ccdA	391	1	A	420		ARG	1
4ccdA	392	1	A	421		LEU	1
4ccdA	393	1	A	422		HIS	1
4ccdA	394	1	A	423		PHE	1
4ccdA	395	1	A	424		LYS	1
4ccdA	396	1	A	425		GLN	1
4ccdA	397	1	A	426		LEU	1
4ccdA	398	1	A	427		ASP	1
4ccdA	399	1	A	428		THR	1
4ccdA	400	1	A	429		LEU	1
4ccdA	401	1	A	430		TRP	1
4ccdA	402	1	A	431		LEU	1
4ccdA	403	1	A	432		LEU	1
4ccdA	404	1	A	433		ASP	1
4ccdA	405	1	A	434		GLY	1
4ccdA	406	1	A	435		SER	1
4ccdA	407	1	A	436		GLY	1
4ccdA	408	1	A	437		SER	1
4ccdA	409	1	A	438		PHE	1
4ccdA	410	1	A	439		THR	1
4ccdA	411	1	A	440		LEU	1
4ccdA	412	1	A	441		GLU	1
4ccdA	413	1	A	442		LEU	1
4ccdA	414	1	A	443		GLU	1
4ccdA	415	1	A	444		GLU	1
4ccdA	416	1	A	445		ASP	1
4ccdA	417	1	A	446		GLU	1
4ccdA	418	1	A	447		ILE	1
4ccdA	419	1	A	448		PHE	1
4ccdA	420	1	A	449		THR	1
4ccdA	421	1	A	450		LEU	1
4ccdA	422	1	A	451		THR	1
4ccdA	423	1	A	452		THR	1
4ccdA	424	1	A	453		LEU	1
4ccdA	425	1	A	454		THR	1
4ccdA	426	1	A	455		THR	2
4ccdA	427	1	A	456		GLY	2
4ccdA	428	1	A	457		ARG	2
4ccdA	429	1	A	458		LYS	2
4ccdA	430	1	A	459		GLY	2
4ccdA	431	1	A	460		SER	2
4ccdA	432	1	A	461		TYR	2
4ccdA	433	1	A	462		PRO	2
4ccdA	434	1	A	463		PRO	2
4ccdA	435	1	A	464		PRO	2
4ccdA	436	1	A	465		PRO	2
4ccdA	437	1	A	466		SER	2
4ccdA	438	1	A	467		SER	2
4ccdA	439	1	A	468		LYS	2
4ccdA	440	1	A	469		PRO	3
4ccdA	441	1	A	470		PHE	3
4ccdA	442	1	A	471		PRO	3
4ccdA	443	1	A	472		THR	3
4ccdA	444	1	A	473		ASN	3
4ccdA	445	1	A	474		TYR	3
4ccdA	446	1	A	475		LYS	3
4ccdA	447	1	A	476		ASP	3
4ccdA	448	1	A	477		ASP	3
4ccdA	449	1	A	478		PHE	3
4ccdA	450	1	A	479		ASN	3
4ccdA	451	1	A	480		VAL	3
4ccdA	452	1	A	481		GLU	3
4ccdA	453	1	A	482		TYR	3
4ccdA	454	1	A	483		PRO	3
4ccdA	455	1	A	484		LEU	3
4ccdA	456	1	A	485		PHE	3
4ccdA	457	1	A	486		SER	3
4ccdA	458	1	A	487		GLU	3
4ccdA	459	1	A	488		ALA	3
4ccdA	460	1	A	489		PRO	3
4ccdA	461	1	A	490		ASN	3
4ccdA	462	1	A	491		PHE	3
4ccdA	463	1	A	492		ALA	3
4ccdA	464	1	A	493		ASP	3
4ccdA	465	1	A	494		GLN	3
4ccdA	466	1	A	495		THR	3
4ccdA	467	1	A	496		GLY	3
4ccdA	468	1	A	497		VAL	3
4ccdA	469	1	A	498		PHE	3
4ccdA	470	1	A	499		GLU	3
4ccdA	471	1	A	500		TYR	3
4ccdA	472	1	A	501		TYR	3
4ccdA	473	1	A	502		MET	3
4ccdA	474	1	A	503		ASN	3
4ccdA	475	1	A	504		ASN	3
4ccdA	476	1	A	505		GLU	3
4ccdA	477	1	A	506		ASP	3
4ccdA	478	1	A	507		ARG	3
4ccdA	479	1	A	508		GLU	3
4ccdA	480	1	A	509		HIS	3
4ccdA	481	1	A	510		ARG	3
4ccdA	482	1	A	511		PHE	3
4ccdA	483	1	A	512		THR	3
4ccdA	484	1	A	513		LEU	3
4ccdA	485	1	A	514		ARG	3
4ccdA	486	1	A	515		GLN	3
4ccdA	487	1	A	516		VAL	3
4ccdA	488	1	A	517		LEU	3
4ccdA	489	1	A	518		ASN	3
4ccdA	490	1	A	519		GLN	3
4ccdA	491	1	A	520		ARG	3
4ccdA	492	1	A	521		PRO	3
4ccdA	493	1	A	522		ILE	3
4ccdA	494	1	A	523		THR	3
4ccdA	495	1	A	524		TRP	3
4ccdA	496	1	A	525		ALA	3
4ccdA	497	1	A	526		ALA	3
4ccdA	498	1	A	527		ASP	3
4ccdA	499	1	A	528		ALA	3
4ccdA	500	1	A	529		SER	3
4ccdA	501	1	A	530		SER	3
4ccdA	502	1	A	531		THR	3
4ccdA	503	1	A	532		ILE	3
4ccdA	504	1	A	533		SER	3
4ccdA	505	1	A	534		VAL	3
4ccdA	506	1	A	535		ILE	3
4ccdA	507	1	A	536		GLY	3
4ccdA	508	1	A	537		ASP	3
4ccdA	509	1	A	538		HIS	3
4ccdA	510	1	A	539		HIS	3
4ccdA	511	1	A	540		TRP	3
4ccdA	512	1	A	541		THR	3
4ccdA	513	1	A	542		ASN	3
4ccdA	514	1	A	543		MET	3
4ccdA	515	1	A	544		THR	3
4ccdA	516	1	A	545		VAL	3
4ccdA	517	1	A	546		GLN	3
4ccdA	518	1	A	547		CYS	3
4ccdA	519	1	A	548		ASP	3
4ccdA	520	1	A	549		VAL	3
4ccdA	521	1	A	550		TYR	3
4ccdA	522	1	A	551		ILE	3
4ccdA	523	1	A	552		GLU	3
4ccdA	524	1	A	553		THR	3
4ccdA	525	1	A	554		PRO	3
4ccdA	526	1	A	555		ARG	3
4ccdA	527	1	A	556		SER	3
4ccdA	528	1	A	557		GLY	3
4ccdA	529	1	A	558		GLY	3
4ccdA	530	1	A	559		VAL	3
4ccdA	531	1	A	560		PHE	3
4ccdA	532	1	A	561		ILE	3
4ccdA	533	1	A	562		ALA	3
4ccdA	534	1	A	563		GLY	3
4ccdA	535	1	A	564		ARG	3
4ccdA	536	1	A	565		VAL	3
4ccdA	537	1	A	566		ASN	3
4ccdA	538	1	A	567		LYS	3
4ccdA	539	1	A	568		GLY	3
4ccdA	540	1	A	569		GLY	3
4ccdA	541	1	A	570		ILE	3
4ccdA	542	1	A	571		LEU	3
4ccdA	543	1	A	572		ILE	3
4ccdA	544	1	A	573		ARG	3
4ccdA	545	1	A	574		SER	3
4ccdA	546	1	A	575		ALA	3
4ccdA	547	1	A	576		THR	3
4ccdA	548	1	A	577		GLY	3
4ccdA	549	1	A	578		VAL	3
4ccdA	550	1	A	579		PHE	3
4ccdA	551	1	A	580		PHE	3
4ccdA	552	1	A	581		TRP	3
4ccdA	553	1	A	582		ILE	3
4ccdA	554	1	A	583		PHE	3
4ccdA	555	1	A	584		ALA	3
4ccdA	556	1	A	585		ASN	3
4ccdA	557	1	A	586		GLY	3
4ccdA	558	1	A	587		SER	3
4ccdA	559	1	A	588		TYR	3
4ccdA	560	1	A	589		ARG	3
4ccdA	561	1	A	590		VAL	3
4ccdA	562	1	A	591		THR	3
4ccdA	563	1	A	592		ALA	3
4ccdA	564	1	A	593		ASP	3
4ccdA	565	1	A	594		LEU	3
4ccdA	566	1	A	595		GLY	3
4ccdA	567	1	A	596		GLY	3
4ccdA	568	1	A	597		TRP	3
4ccdA	569	1	A	598		ILE	3
4ccdA	570	1	A	599		THR	3
4ccdA	571	1	A	600		TYR	3
4ccdA	572	1	A	601		ALA	3
4ccdA	573	1	A	602		SER	3
4ccdA	574	1	A	603		GLY	3
4ccdA	575	1	A	604		HIS	3
4ccdA	576	1	A	605		ALA	3
4ccdA	577	1	A	606		ASP	3
4ccdA	578	1	A	607		VAL	3
4ccdA	579	1	A	608		THR	3
4ccdA	580	1	A	609		ALA	3
4ccdA	581	1	A	610		LYS	3
4ccdA	582	1	A	611		ARG	3
4ccdA	583	1	A	612		TRP	3
4ccdA	584	1	A	613		TYR	3
4ccdA	585	1	A	614		THR	3
4ccdA	586	1	A	615		LEU	3
4ccdA	587	1	A	616		THR	3
4ccdA	588	1	A	617		LEU	3
4ccdA	589	1	A	618		GLY	3
4ccdA	590	1	A	619		ILE	3
4ccdA	591	1	A	620		LYS	3
4ccdA	592	1	A	621		GLY	3
4ccdA	593	1	A	622		TYR	3
4ccdA	594	1	A	623		PHE	3
4ccdA	595	1	A	624		ALA	3
4ccdA	596	1	A	625		PHE	3
4ccdA	597	1	A	626		GLY	3
4ccdA	598	1	A	627		MET	3
4ccdA	599	1	A	628		LEU	3
4ccdA	600	1	A	629		ASN	3
4ccdA	601	1	A	630		GLY	3
4ccdA	602	1	A	631		THR	3
4ccdA	603	1	A	632		ILE	3
4ccdA	604	1	A	633		LEU	3
4ccdA	605	1	A	634		TRP	3
4ccdA	606	1	A	635		LYS	3
4ccdA	607	1	A	636		ASN	3
4ccdA	608	1	A	637		VAL	3
4ccdA	609	1	A	638		ARG	3
4ccdA	610	1	A	639		VAL	3
4ccdA	611	1	A	640		LYS	3
4ccdA	612	1	A	641		TYR	3
4ccdA	613	1	A	642		PRO	3
4ccdA	614	1	A	643		GLY	3
4ccdA	615	1	A	644		HIS	3
4ccdA	616	1	A	645		GLY	3
4ccdA	617	1	A	646		TRP	3
4ccdA	618	1	A	647		ALA	3
4ccdA	619	1	A	648		ALA	3
4ccdA	620	1	A	649		ILE	3
4ccdA	621	1	A	650		GLY	3
4ccdA	622	1	A	651		THR	3
4ccdA	623	1	A	652		HIS	3
4ccdA	624	1	A	653		THR	3
4ccdA	625	1	A	654		PHE	3
4ccdA	626	1	A	655		GLU	3
4ccdA	627	1	A	656		PHE	3
4ccdA	628	1	A	657		ALA	3
4ccdA	629	1	A	658		GLN	3
4ccdA	630	1	A	659		PHE	3
4ccdA	631	1	A	660		ASP	3
4ccdA	632	1	A	661		ASN	3
4ccdA	633	1	A	662		PHE	3
4ccdA	634	1	A	663		ARG	3
4ccdA	635	1	A	664		VAL	3
4ccdA	636	1	A	665		GLU	3
4ccdA	637	1	A	666		ALA	3
4ccdA	638	1	A	667		ALA	3
4ccdA	639	1	A	668		ARG	3
3vqtA	0	1	A	1		MET	1
3vqtA	1	1	A	2		SER	1
3vqtA	2	1	A	3		SER	1
3vqtA	3	1	A	4		ARG	1
3vqtA	4	1	A	5		LEU	1
3vqtA	5	1	A	6		GLU	1
3vqtA	6	1	A	7		ARG	1
3vqtA	7	1	A	8		GLU	1
3vqtA	8	1	A	9		ALA	1
3vqtA	9	1	A	10		ALA	1
3vqtA	10	1	A	11		ARG	1
3vqtA	11	1	A	12		ARG	2
3vqtA	12	1	A	13		ARG	2
3vqtA	13	1	A	14		THR	2
3vqtA	14	1	A	15		PHE	2
3vqtA	15	1	A	16		ALA	2
3vqtA	16	1	A	17		ILE	2
3vqtA	17	1	A	18		ILE	2
3vqtA	18	1	A	19		SER	2
3vqtA	19	1	A	20		HIS	2
3vqtA	20	1	A	21		PRO	2
3vqtA	21	1	A	22		ASP	2
3vqtA	22	1	A	23		ALA	2
3vqtA	23	1	A	24		GLY	2
3vqtA	24	1	A	25		LYS	2
3vqtA	25	1	A	26		THR	2
3vqtA	26	1	A	27		THR	2
3vqtA	27	1	A	28		LEU	2
3vqtA	28	1	A	29		THR	2
3vqtA	29	1	A	30		GLU	2
3vqtA	30	1	A	31		LYS	2
3vqtA	31	1	A	32		LEU	2
3vqtA	32	1	A	33		LEU	2
3vqtA	33	1	A	34		LEU	2
3vqtA	34	1	A	35		PHE	2
3vqtA	35	1	A	36		GLY	2
3vqtA	36	1	A	37		GLY	2
3vqtA	37	1	A	38		ALA	2
3vqtA	38	1	A	39		ILE	2
3vqtA	39	1	A	40		GLN	2
3vqtA	40	1	A	41		MET	2
3vqtA	41	1	A	42		ALA	2
3vqtA	42	1	A	43		GLY	2
3vqtA	43	1	A	44		SER	2
3vqtA	44	1	A	45		VAL	2
3vqtA	45	1	A	46		LYS	2
3vqtA	46	1	A	47		ALA	2
3vqtA	47	1	A	48		ARG	2
3vqtA	48	1	A	69		VAL	2
3vqtA	49	1	A	70		THR	2
3vqtA	50	1	A	71		THR	2
3vqtA	51	1	A	72		SER	2
3vqtA	52	1	A	73		VAL	2
3vqtA	53	1	A	74		MET	2
3vqtA	54	1	A	75		GLN	2
3vqtA	55	1	A	76		PHE	2
3vqtA	56	1	A	77		PRO	2
3vqtA	57	1	A	78		TYR	2
3vqtA	58	1	A	79		ARG	2
3vqtA	59	1	A	80		ASP	2
3vqtA	60	1	A	81		ARG	2
3vqtA	61	1	A	82		VAL	2
3vqtA	62	1	A	83		VAL	2
3vqtA	63	1	A	84		ASN	2
3vqtA	64	1	A	85		LEU	2
3vqtA	65	1	A	86		LEU	2
3vqtA	66	1	A	87		ASP	2
3vqtA	67	1	A	88		THR	2
3vqtA	68	1	A	89		PRO	2
3vqtA	69	1	A	90		GLY	2
3vqtA	70	1	A	91		HIS	2
3vqtA	71	1	A	92		GLN	2
3vqtA	72	1	A	93		ASP	2
3vqtA	73	1	A	94		PHE	2
3vqtA	74	1	A	95		SER	2
3vqtA	75	1	A	96		GLU	2
3vqtA	76	1	A	97		ASP	2
3vqtA	77	1	A	98		THR	2
3vqtA	78	1	A	99		TYR	2
3vqtA	79	1	A	100		ARG	2
3vqtA	80	1	A	101		VAL	2
3vqtA	81	1	A	102		LEU	2
3vqtA	82	1	A	103		THR	2
3vqtA	83	1	A	104		ALA	2
3vqtA	84	1	A	105		VAL	2
3vqtA	85	1	A	106		ASP	2
3vqtA	86	1	A	107		SER	2
3vqtA	87	1	A	108		ALA	2
3vqtA	88	1	A	109		LEU	2
3vqtA	89	1	A	110		VAL	2
3vqtA	90	1	A	111		VAL	2
3vqtA	91	1	A	112		ILE	2
3vqtA	92	1	A	113		ASP	2
3vqtA	93	1	A	114		ALA	2
3vqtA	94	1	A	115		ALA	2
3vqtA	95	1	A	116		LYS	2
3vqtA	96	1	A	117		GLY	2
3vqtA	97	1	A	118		VAL	2
3vqtA	98	1	A	119		GLU	2
3vqtA	99	1	A	120		ALA	2
3vqtA	100	1	A	121		GLN	2
3vqtA	101	1	A	122		THR	2
3vqtA	102	1	A	123		ARG	2
3vqtA	103	1	A	124		LYS	2
3vqtA	104	1	A	125		LEU	2
3vqtA	105	1	A	126		MET	2
3vqtA	106	1	A	127		ASP	2
3vqtA	107	1	A	128		VAL	2
3vqtA	108	1	A	129		CYS	2
3vqtA	109	1	A	130		ARG	2
3vqtA	110	1	A	131		MET	2
3vqtA	111	1	A	132		ARG	2
3vqtA	112	1	A	133		ALA	2
3vqtA	113	1	A	134		THR	2
3vqtA	114	1	A	135		PRO	2
3vqtA	115	1	A	136		VAL	2
3vqtA	116	1	A	137		MET	2
3vqtA	117	1	A	138		THR	2
3vqtA	118	1	A	139		PHE	2
3vqtA	119	1	A	140		VAL	2
3vqtA	120	1	A	141		ASN	2
3vqtA	121	1	A	142		LYS	2
3vqtA	122	1	A	143		MET	2
3vqtA	123	1	A	144		ASP	2
3vqtA	124	1	A	145		ARG	2
3vqtA	125	1	A	146		GLU	2
3vqtA	126	1	A	147		ALA	2
3vqtA	127	1	A	148		LEU	2
3vqtA	128	1	A	149		HIS	2
3vqtA	129	1	A	150		PRO	2
3vqtA	130	1	A	151		LEU	2
3vqtA	131	1	A	152		ASP	2
3vqtA	132	1	A	153		VAL	2
3vqtA	133	1	A	154		MET	2
3vqtA	134	1	A	155		ALA	2
3vqtA	135	1	A	156		ASP	2
3vqtA	136	1	A	157		ILE	2
3vqtA	137	1	A	158		GLU	2
3vqtA	138	1	A	159		GLN	2
3vqtA	139	1	A	160		HIS	2
3vqtA	140	1	A	161		LEU	2
3vqtA	141	1	A	162		GLN	2
3vqtA	142	1	A	163		ILE	2
3vqtA	143	1	A	164		GLU	2
3vqtA	144	1	A	165		CYS	2
3vqtA	145	1	A	166		ALA	2
3vqtA	146	1	A	167		PRO	2
3vqtA	147	1	A	168		MET	3
3vqtA	148	1	A	169		THR	3
3vqtA	149	1	A	170		TRP	3
3vqtA	150	1	A	171		PRO	3
3vqtA	151	1	A	172		ILE	3
3vqtA	152	1	A	173		GLY	3
3vqtA	153	1	A	174		MET	3
3vqtA	154	1	A	175		GLY	3
3vqtA	155	1	A	176		SER	3
3vqtA	156	1	A	177		SER	3
3vqtA	157	1	A	178		PHE	3
3vqtA	158	1	A	179		LYS	3
3vqtA	159	1	A	180		GLY	3
3vqtA	160	1	A	181		THR	3
3vqtA	161	1	A	182		TYR	3
3vqtA	162	1	A	183		ASP	3
3vqtA	163	1	A	184		LEU	3
3vqtA	164	1	A	185		LEU	3
3vqtA	165	1	A	186		HIS	3
3vqtA	166	1	A	187		LYS	3
3vqtA	167	1	A	188		GLN	3
3vqtA	168	1	A	189		LEU	3
3vqtA	169	1	A	190		HIS	3
3vqtA	170	1	A	191		LEU	3
3vqtA	171	1	A	192		PHE	3
3vqtA	172	1	A	193		SER	3
3vqtA	173	1	A	201		GLN	3
3vqtA	174	1	A	202		SER	3
3vqtA	175	1	A	203		GLY	3
3vqtA	176	1	A	204		ILE	3
3vqtA	177	1	A	205		VAL	3
3vqtA	178	1	A	206		ILE	3
3vqtA	179	1	A	207		HIS	3
3vqtA	180	1	A	208		GLY	3
3vqtA	181	1	A	209		ALA	3
3vqtA	182	1	A	210		ASP	3
3vqtA	183	1	A	211		ASP	3
3vqtA	184	1	A	212		PRO	3
3vqtA	185	1	A	213		GLN	3
3vqtA	186	1	A	214		LEU	3
3vqtA	187	1	A	215		ASP	3
3vqtA	188	1	A	216		GLU	3
3vqtA	189	1	A	217		TYR	3
3vqtA	190	1	A	218		LEU	3
3vqtA	191	1	A	219		GLY	3
3vqtA	192	1	A	220		ASP	3
3vqtA	193	1	A	221		GLN	3
3vqtA	194	1	A	222		ALA	3
3vqtA	195	1	A	223		GLU	3
3vqtA	196	1	A	224		GLN	3
3vqtA	197	1	A	225		LEU	3
3vqtA	198	1	A	226		ARG	3
3vqtA	199	1	A	227		MET	3
3vqtA	200	1	A	228		ASP	3
3vqtA	201	1	A	229		LEU	3
3vqtA	202	1	A	230		ALA	3
3vqtA	203	1	A	231		LEU	3
3vqtA	204	1	A	232		LEU	3
3vqtA	205	1	A	233		GLU	3
3vqtA	206	1	A	234		GLU	3
3vqtA	207	1	A	235		ALA	3
3vqtA	208	1	A	236		GLY	3
3vqtA	209	1	A	237		THR	2
3vqtA	210	1	A	238		PRO	2
3vqtA	211	1	A	239		PHE	2
3vqtA	212	1	A	240		ASP	2
3vqtA	213	1	A	241		GLU	2
3vqtA	214	1	A	242		GLU	2
3vqtA	215	1	A	243		ARG	2
3vqtA	216	1	A	244		TYR	2
3vqtA	217	1	A	245		LEU	2
3vqtA	218	1	A	246		LYS	2
3vqtA	219	1	A	247		GLY	2
3vqtA	220	1	A	248		GLU	2
3vqtA	221	1	A	249		LEU	2
3vqtA	222	1	A	250		THR	2
3vqtA	223	1	A	251		PRO	2
3vqtA	224	1	A	252		VAL	2
3vqtA	225	1	A	253		PHE	2
3vqtA	226	1	A	254		PHE	2
3vqtA	227	1	A	255		GLY	2
3vqtA	228	1	A	256		SER	2
3vqtA	229	1	A	257		ALA	2
3vqtA	230	1	A	258		ILE	2
3vqtA	231	1	A	259		ASN	2
3vqtA	232	1	A	260		ASN	2
3vqtA	233	1	A	261		PHE	2
3vqtA	234	1	A	262		GLY	2
3vqtA	235	1	A	263		VAL	2
3vqtA	236	1	A	264		ARG	2
3vqtA	237	1	A	265		GLU	2
3vqtA	238	1	A	266		MET	2
3vqtA	239	1	A	267		LEU	2
3vqtA	240	1	A	268		ASP	2
3vqtA	241	1	A	269		MET	2
3vqtA	242	1	A	270		PHE	2
3vqtA	243	1	A	271		VAL	2
3vqtA	244	1	A	272		GLU	2
3vqtA	245	1	A	273		PHE	2
3vqtA	246	1	A	274		ALA	2
3vqtA	247	1	A	275		PRO	2
3vqtA	248	1	A	276		GLY	1
3vqtA	249	1	A	277		PRO	1
3vqtA	250	1	A	278		GLN	1
3vqtA	251	1	A	279		PRO	1
3vqtA	252	1	A	280		ARG	1
3vqtA	253	1	A	281		PRO	1
3vqtA	254	1	A	282		ALA	1
3vqtA	255	1	A	283		ALA	1
3vqtA	256	1	A	284		THR	1
3vqtA	257	1	A	285		ARG	1
3vqtA	258	1	A	286		VAL	1
3vqtA	259	1	A	287		VAL	1
3vqtA	260	1	A	288		GLU	1
3vqtA	261	1	A	289		PRO	1
3vqtA	262	1	A	290		GLY	1
3vqtA	263	1	A	291		GLU	1
3vqtA	264	1	A	292		GLU	1
3vqtA	265	1	A	293		ALA	1
3vqtA	266	1	A	294		PHE	1
3vqtA	267	1	A	295		THR	1
3vqtA	268	1	A	296		GLY	1
3vqtA	269	1	A	297		VAL	1
3vqtA	270	1	A	298		VAL	1
3vqtA	271	1	A	299		PHE	1
3vqtA	272	1	A	300		LYS	1
3vqtA	273	1	A	301		ILE	1
3vqtA	274	1	A	302		GLN	1
3vqtA	275	1	A	303		ALA	1
3vqtA	276	1	A	304		ASN	1
3vqtA	277	1	A	312		ARG	1
3vqtA	278	1	A	313		MET	1
3vqtA	279	1	A	314		ALA	1
3vqtA	280	1	A	315		PHE	1
3vqtA	281	1	A	316		LEU	1
3vqtA	282	1	A	317		ARG	1
3vqtA	283	1	A	318		ILE	1
3vqtA	284	1	A	319		CYS	1
3vqtA	285	1	A	320		SER	1
3vqtA	286	1	A	321		GLY	1
3vqtA	287	1	A	322		THR	1
3vqtA	288	1	A	323		PHE	1
3vqtA	289	1	A	324		THR	1
3vqtA	290	1	A	325		ARG	1
3vqtA	291	1	A	326		GLY	1
3vqtA	292	1	A	327		MET	1
3vqtA	293	1	A	328		ARG	1
3vqtA	294	1	A	329		LEU	1
3vqtA	295	1	A	330		LYS	1
3vqtA	296	1	A	331		HIS	1
3vqtA	297	1	A	332		HIS	1
3vqtA	298	1	A	333		ARG	1
3vqtA	299	1	A	334		THR	1
3vqtA	300	1	A	335		GLY	1
3vqtA	301	1	A	336		LYS	1
3vqtA	302	1	A	337		ASP	1
3vqtA	303	1	A	338		VAL	1
3vqtA	304	1	A	339		THR	1
3vqtA	305	1	A	340		VAL	1
3vqtA	306	1	A	341		ALA	1
3vqtA	307	1	A	342		ASN	1
3vqtA	308	1	A	343		ALA	1
3vqtA	309	1	A	344		THR	1
3vqtA	310	1	A	345		ILE	1
3vqtA	311	1	A	346		PHE	1
3vqtA	312	1	A	347		MET	1
3vqtA	313	1	A	348		ALA	1
3vqtA	314	1	A	349		GLN	1
3vqtA	315	1	A	350		ASP	1
3vqtA	316	1	A	351		ARG	1
3vqtA	317	1	A	352		THR	1
3vqtA	318	1	A	353		GLY	1
3vqtA	319	1	A	354		VAL	1
3vqtA	320	1	A	355		GLU	1
3vqtA	321	1	A	356		GLU	1
3vqtA	322	1	A	357		ALA	1
3vqtA	323	1	A	358		PHE	1
3vqtA	324	1	A	359		PRO	1
3vqtA	325	1	A	360		GLY	1
3vqtA	326	1	A	361		ASP	1
3vqtA	327	1	A	362		ILE	1
3vqtA	328	1	A	363		ILE	1
3vqtA	329	1	A	364		GLY	1
3vqtA	330	1	A	365		ILE	1
3vqtA	331	1	A	366		PRO	1
3vqtA	332	1	A	367		ASN	1
3vqtA	333	1	A	368		HIS	1
3vqtA	334	1	A	369		GLY	1
3vqtA	335	1	A	370		THR	1
3vqtA	336	1	A	371		ILE	1
3vqtA	337	1	A	372		LYS	1
3vqtA	338	1	A	373		ILE	1
3vqtA	339	1	A	374		GLY	1
3vqtA	340	1	A	375		ASP	1
3vqtA	341	1	A	376		THR	1
3vqtA	342	1	A	377		PHE	1
3vqtA	343	1	A	378		THR	1
3vqtA	344	1	A	379		GLU	1
3vqtA	345	1	A	380		SER	1
3vqtA	346	1	A	381		LYS	1
3vqtA	347	1	A	382		GLU	1
3vqtA	348	1	A	383		VAL	1
3vqtA	349	1	A	384		LEU	1
3vqtA	350	1	A	385		LYS	1
3vqtA	351	1	A	386		PHE	1
3vqtA	352	1	A	387		VAL	1
3vqtA	353	1	A	388		GLY	1
3vqtA	354	1	A	389		ILE	1
3vqtA	355	1	A	390		PRO	4
3vqtA	356	1	A	391		ASN	4
3vqtA	357	1	A	392		PHE	4
3vqtA	358	1	A	393		ALA	4
3vqtA	359	1	A	394		PRO	4
3vqtA	360	1	A	395		GLU	4
3vqtA	361	1	A	396		HIS	4
3vqtA	362	1	A	397		PHE	4
3vqtA	363	1	A	398		ARG	4
3vqtA	364	1	A	399		ARG	4
3vqtA	365	1	A	400		VAL	4
3vqtA	366	1	A	401		ARG	4
3vqtA	367	1	A	402		LEU	4
3vqtA	368	1	A	403		LYS	4
3vqtA	369	1	A	404		ASN	4
3vqtA	370	1	A	405		PRO	4
3vqtA	371	1	A	406		LEU	4
3vqtA	372	1	A	407		LYS	4
3vqtA	373	1	A	408		ALA	4
3vqtA	374	1	A	409		LYS	4
3vqtA	375	1	A	410		GLN	4
3vqtA	376	1	A	411		LEU	4
3vqtA	377	1	A	412		GLN	4
3vqtA	378	1	A	413		LYS	4
3vqtA	379	1	A	414		GLY	4
3vqtA	380	1	A	415		LEU	4
3vqtA	381	1	A	416		GLU	4
3vqtA	382	1	A	417		GLN	4
3vqtA	383	1	A	418		LEU	4
3vqtA	384	1	A	419		ALA	4
3vqtA	385	1	A	420		GLU	4
3vqtA	386	1	A	421		GLU	4
3vqtA	387	1	A	422		GLY	4
3vqtA	388	1	A	423		ALA	4
3vqtA	389	1	A	424		VAL	4
3vqtA	390	1	A	425		GLN	4
3vqtA	391	1	A	426		LEU	4
3vqtA	392	1	A	427		PHE	4
3vqtA	393	1	A	428		ARG	4
3vqtA	394	1	A	429		PRO	4
3vqtA	395	1	A	430		LEU	4
3vqtA	396	1	A	431		VAL	4
3vqtA	397	1	A	432		ASN	4
3vqtA	398	1	A	433		ASN	4
3vqtA	399	1	A	434		ASP	4
3vqtA	400	1	A	435		TYR	4
3vqtA	401	1	A	436		ILE	4
3vqtA	402	1	A	437		LEU	4
3vqtA	403	1	A	438		GLY	4
3vqtA	404	1	A	439		ALA	4
3vqtA	405	1	A	440		VAL	4
3vqtA	406	1	A	441		GLY	4
3vqtA	407	1	A	442		VAL	4
3vqtA	408	1	A	443		LEU	4
3vqtA	409	1	A	444		GLN	4
3vqtA	410	1	A	445		PHE	4
3vqtA	411	1	A	446		ASP	4
3vqtA	412	1	A	447		VAL	4
3vqtA	413	1	A	448		ILE	4
3vqtA	414	1	A	449		VAL	4
3vqtA	415	1	A	450		ALA	4
3vqtA	416	1	A	451		ARG	4
3vqtA	417	1	A	452		LEU	4
3vqtA	418	1	A	453		ALA	4
3vqtA	419	1	A	454		ASP	4
3vqtA	420	1	A	455		GLU	4
3vqtA	421	1	A	456		TYR	4
3vqtA	422	1	A	457		GLY	4
3vqtA	423	1	A	458		VAL	4
3vqtA	424	1	A	459		ASP	4
3vqtA	425	1	A	460		ALA	4
3vqtA	426	1	A	461		VAL	4
3vqtA	427	1	A	462		TYR	4
3vqtA	428	1	A	463		GLU	4
3vqtA	429	1	A	464		GLY	4
3vqtA	430	1	A	465		VAL	4
3vqtA	431	1	A	466		SER	4
3vqtA	432	1	A	467		THR	4
3vqtA	433	1	A	468		HIS	4
3vqtA	434	1	A	469		THR	4
3vqtA	435	1	A	470		ALA	4
3vqtA	436	1	A	471		ARG	4
3vqtA	437	1	A	472		TRP	4
3vqtA	438	1	A	473		VAL	4
3vqtA	439	1	A	474		TYR	4
3vqtA	440	1	A	475		CYS	4
3vqtA	441	1	A	476		GLU	4
3vqtA	442	1	A	477		ASP	4
3vqtA	443	1	A	478		LYS	4
3vqtA	444	1	A	479		LYS	4
3vqtA	445	1	A	480		ILE	4
3vqtA	446	1	A	481		PHE	4
3vqtA	447	1	A	482		ALA	4
3vqtA	448	1	A	483		ASP	4
3vqtA	449	1	A	484		PHE	4
3vqtA	450	1	A	485		GLN	4
3vqtA	451	1	A	486		ASP	4
3vqtA	452	1	A	487		TYR	4
3vqtA	453	1	A	488		HIS	4
3vqtA	454	1	A	489		ARG	4
3vqtA	455	1	A	490		GLY	4
3vqtA	456	1	A	491		GLU	4
3vqtA	457	1	A	492		LEU	4
3vqtA	458	1	A	493		ALA	4
3vqtA	459	1	A	494		VAL	4
3vqtA	460	1	A	495		ASP	4
3vqtA	461	1	A	496		ALA	4
3vqtA	462	1	A	497		GLU	4
3vqtA	463	1	A	498		GLY	4
3vqtA	464	1	A	499		ALA	4
3vqtA	465	1	A	500		LEU	4
3vqtA	466	1	A	501		ALA	4
3vqtA	467	1	A	502		TYR	4
3vqtA	468	1	A	503		LEU	4
3vqtA	469	1	A	504		ALA	4
3vqtA	470	1	A	505		PRO	4
3vqtA	471	1	A	506		ASN	4
3vqtA	472	1	A	507		PRO	4
3vqtA	473	1	A	508		TRP	4
3vqtA	474	1	A	509		ARG	4
3vqtA	475	1	A	510		LEU	4
3vqtA	476	1	A	511		GLU	4
3vqtA	477	1	A	512		SER	4
3vqtA	478	1	A	513		ALA	4
3vqtA	479	1	A	514		MET	4
3vqtA	480	1	A	515		GLU	4
3vqtA	481	1	A	516		ARG	4
3vqtA	482	1	A	517		TYR	4
3vqtA	483	1	A	518		PRO	4
3vqtA	484	1	A	519		LYS	4
3vqtA	485	1	A	520		VAL	4
3vqtA	486	1	A	521		GLU	4
3vqtA	487	1	A	522		PHE	4
3vqtA	488	1	A	523		ARG	4
3vqtA	489	1	A	524		THR	4
3vqtA	490	1	A	525		THR	4
3vqtA	491	1	A	526		ARG	4
3vqtA	492	1	A	527		GLU	4
3vqtA	493	1	A	528		ILE	4
3vqtA	494	1	A	529		SER	4
5e1qB	0	1	B	19		ILE	1
5e1qB	1	1	B	20		GLU	1
5e1qB	2	1	B	21		GLY	1
5e1qB	3	1	B	22		ARG	1
5e1qB	4	1	B	23		HIS	1
5e1qB	5	1	B	24		MET	1
5e1qB	6	1	B	25		GLU	1
5e1qB	7	1	B	26		LEU	1
5e1qB	8	1	B	27		SER	1
5e1qB	9	1	B	28		PRO	1
5e1qB	10	1	B	29		ASP	1
5e1qB	11	1	B	30		GLY	1
5e1qB	12	1	B	31		ASN	1
5e1qB	13	1	B	32		LEU	1
5e1qB	14	1	B	33		LYS	1
5e1qB	15	1	B	34		THR	1
5e1qB	16	1	B	35		THR	1
5e1qB	17	1	B	36		ILE	1
5e1qB	18	1	B	37		THR	1
5e1qB	19	1	B	38		ILE	1
5e1qB	20	1	B	39		GLY	1
5e1qB	21	1	B	40		ASP	1
5e1qB	22	1	B	41		ARG	1
5e1qB	23	1	B	42		LEU	1
5e1qB	24	1	B	43		THR	1
5e1qB	25	1	B	44		TYR	1
5e1qB	26	1	B	45		ASP	1
5e1qB	27	1	B	46		ILE	1
5e1qB	28	1	B	47		THR	1
5e1qB	29	1	B	48		CYS	1
5e1qB	30	1	B	49		ASN	1
5e1qB	31	1	B	50		GLY	1
5e1qB	32	1	B	51		ARG	1
5e1qB	33	1	B	52		GLN	1
5e1qB	34	1	B	53		ILE	1
5e1qB	35	1	B	54		LEU	1
5e1qB	36	1	B	55		THR	1
5e1qB	37	1	B	56		PRO	1
5e1qB	38	1	B	57		SER	1
5e1qB	39	1	B	58		PRO	1
5e1qB	40	1	B	59		ILE	1
5e1qB	41	1	B	60		SER	1
5e1qB	42	1	B	61		MET	1
5e1qB	43	1	B	62		THR	1
5e1qB	44	1	B	63		LEU	1
5e1qB	45	1	B	64		ASP	1
5e1qB	46	1	B	65		ASN	1
5e1qB	47	1	B	66		GLY	1
5e1qB	48	1	B	67		THR	1
5e1qB	49	1	B	68		VAL	1
5e1qB	50	1	B	69		TRP	1
5e1qB	51	1	B	70		GLY	1
5e1qB	52	1	B	71		GLU	1
5e1qB	53	1	B	72		ASN	1
5e1qB	54	1	B	73		ALA	1
5e1qB	55	1	B	74		LYS	1
5e1qB	56	1	B	75		LEU	1
5e1qB	57	1	B	76		SER	1
5e1qB	58	1	B	77		GLY	1
5e1qB	59	1	B	78		THR	1
5e1qB	60	1	B	79		SER	1
5e1qB	61	1	B	80		ARG	1
5e1qB	62	1	B	81		LYS	1
5e1qB	63	1	B	82		SER	1
5e1qB	64	1	B	83		VAL	1
5e1qB	65	1	B	84		ASP	1
5e1qB	66	1	B	85		GLU	1
5e1qB	67	1	B	86		MET	1
5e1qB	68	1	B	87		ILE	1
5e1qB	69	1	B	88		PRO	1
5e1qB	70	1	B	89		SER	1
5e1qB	71	1	B	90		PRO	1
5e1qB	72	1	B	91		PHE	1
5e1qB	73	1	B	92		TYR	1
5e1qB	74	1	B	93		ARG	1
5e1qB	75	1	B	94		ALA	1
5e1qB	76	1	B	95		SER	1
5e1qB	77	1	B	96		GLU	1
5e1qB	78	1	B	97		LEU	1
5e1qB	79	1	B	98		ARG	1
5e1qB	80	1	B	99		ASN	1
5e1qB	81	1	B	100		HIS	1
5e1qB	82	1	B	101		TYR	1
5e1qB	83	1	B	102		ASN	1
5e1qB	84	1	B	103		GLY	1
5e1qB	85	1	B	104		LEU	1
5e1qB	86	1	B	105		THR	1
5e1qB	87	1	B	106		LEU	1
5e1qB	88	1	B	107		ARG	1
5e1qB	89	1	B	108		PHE	1
5e1qB	90	1	B	109		LYS	1
5e1qB	91	1	B	110		LYS	1
5e1qB	92	1	B	111		ASP	1
5e1qB	93	1	B	112		TRP	1
5e1qB	94	1	B	113		ASN	1
5e1qB	95	1	B	114		VAL	1
5e1qB	96	1	B	115		GLU	1
5e1qB	97	1	B	116		PHE	1
5e1qB	98	1	B	117		ARG	1
5e1qB	99	1	B	118		ALA	1
5e1qB	100	1	B	119		TYR	1
5e1qB	101	1	B	120		ASN	1
5e1qB	102	1	B	121		ASP	1
5e1qB	103	1	B	122		GLY	1
5e1qB	104	1	B	123		ILE	1
5e1qB	105	1	B	124		ALA	1
5e1qB	106	1	B	125		TYR	1
5e1qB	107	1	B	126		ARG	1
5e1qB	108	1	B	127		PHE	1
5e1qB	109	1	B	128		VAL	1
5e1qB	110	1	B	129		ASN	1
5e1qB	111	1	B	130		GLN	1
5e1qB	112	1	B	131		GLY	1
5e1qB	113	1	B	132		LYS	1
5e1qB	114	1	B	133		LYS	1
5e1qB	115	1	B	134		PRO	1
5e1qB	116	1	B	135		PHE	1
5e1qB	117	1	B	136		ARG	1
5e1qB	118	1	B	137		VAL	1
5e1qB	119	1	B	138		VAL	1
5e1qB	120	1	B	139		THR	1
5e1qB	121	1	B	140		GLU	1
5e1qB	122	1	B	141		VAL	1
5e1qB	123	1	B	142		SER	1
5e1qB	124	1	B	143		ASP	1
5e1qB	125	1	B	144		TYR	1
5e1qB	126	1	B	145		CYS	1
5e1qB	127	1	B	146		PHE	1
5e1qB	128	1	B	147		PRO	1
5e1qB	129	1	B	148		SER	1
5e1qB	130	1	B	149		ASP	1
5e1qB	131	1	B	150		MET	1
5e1qB	132	1	B	151		THR	1
5e1qB	133	1	B	152		ALA	1
5e1qB	134	1	B	153		SER	1
5e1qB	135	1	B	154		VAL	1
5e1qB	136	1	B	155		PRO	1
5e1qB	137	1	B	156		TYR	1
5e1qB	138	1	B	157		VAL	1
5e1qB	139	1	B	158		LYS	1
5e1qB	140	1	B	159		SER	1
5e1qB	141	1	B	160		GLY	1
5e1qB	142	1	B	161		LYS	1
5e1qB	143	1	B	162		ASP	1
5e1qB	144	1	B	163		GLY	1
5e1qB	145	1	B	164		ASP	1
5e1qB	146	1	B	165		TYR	1
5e1qB	147	1	B	166		ASN	1
5e1qB	148	1	B	167		SER	1
5e1qB	149	1	B	168		GLN	1
5e1qB	150	1	B	169		PHE	1
5e1qB	151	1	B	170		PHE	1
5e1qB	152	1	B	171		ASN	1
5e1qB	153	1	B	172		SER	1
5e1qB	154	1	B	173		PHE	1
5e1qB	155	1	B	174		GLU	1
5e1qB	156	1	B	175		ASN	1
5e1qB	157	1	B	176		THR	1
5e1qB	158	1	B	177		TYR	1
5e1qB	159	1	B	178		THR	1
5e1qB	160	1	B	179		THR	1
5e1qB	161	1	B	180		ASP	1
5e1qB	162	1	B	181		LYS	1
5e1qB	163	1	B	182		LEU	1
5e1qB	164	1	B	183		SER	1
5e1qB	165	1	B	184		LYS	1
5e1qB	166	1	B	185		LEU	1
5e1qB	167	1	B	186		ASN	1
5e1qB	168	1	B	187		LYS	1
5e1qB	169	1	B	188		GLN	1
5e1qB	170	1	B	189		ARG	1
5e1qB	171	1	B	190		LEU	1
5e1qB	172	1	B	191		MET	1
5e1qB	173	1	B	192		PHE	1
5e1qB	174	1	B	193		LEU	1
5e1qB	175	1	B	194		PRO	1
5e1qB	176	1	B	195		LEU	1
5e1qB	177	1	B	196		VAL	1
5e1qB	178	1	B	197		VAL	1
5e1qB	179	1	B	198		ASP	1
5e1qB	180	1	B	199		ALA	1
5e1qB	181	1	B	200		GLY	1
5e1qB	182	1	B	201		ASP	1
5e1qB	183	1	B	202		GLY	1
5e1qB	184	1	B	203		VAL	1
5e1qB	185	1	B	204		LYS	1
5e1qB	186	1	B	205		VAL	1
5e1qB	187	1	B	206		CYS	1
5e1qB	188	1	B	207		ILE	1
5e1qB	189	1	B	208		THR	1
5e1qB	190	1	B	209		GLU	1
5e1qB	191	1	B	210		SER	1
5e1qB	192	1	B	211		ASP	1
5e1qB	193	1	B	212		LEU	1
5e1qB	194	1	B	213		GLU	1
5e1qB	195	1	B	214		ASN	1
5e1qB	196	1	B	215		TYR	1
5e1qB	197	1	B	216		PRO	1
5e1qB	198	1	B	217		GLY	1
5e1qB	199	1	B	218		LEU	1
5e1qB	200	1	B	219		TYR	1
5e1qB	201	1	B	220		LEU	1
5e1qB	202	1	B	221		SER	1
5e1qB	203	1	B	222		ALA	1
5e1qB	204	1	B	223		SER	1
5e1qB	205	1	B	224		GLU	1
5e1qB	206	1	B	225		GLY	1
5e1qB	207	1	B	226		ALA	1
5e1qB	208	1	B	227		ASN	1
5e1qB	209	1	B	228		ARG	1
5e1qB	210	1	B	229		LEU	1
5e1qB	211	1	B	230		SER	1
5e1qB	212	1	B	231		SER	1
5e1qB	213	1	B	232		MET	1
5e1qB	214	1	B	233		HIS	1
5e1qB	215	1	B	234		ALA	1
5e1qB	216	1	B	235		PRO	1
5e1qB	217	1	B	236		TYR	1
5e1qB	218	1	B	237		PRO	1
5e1qB	219	1	B	238		LYS	1
5e1qB	220	1	B	239		ARG	1
5e1qB	221	1	B	240		THR	1
5e1qB	222	1	B	241		VAL	1
5e1qB	223	1	B	242		GLN	1
5e1qB	224	1	B	243		GLY	1
5e1qB	225	1	B	244		GLY	1
5e1qB	226	1	B	245		HIS	1
5e1qB	227	1	B	246		ASN	1
5e1qB	228	1	B	247		GLN	1
5e1qB	229	1	B	248		LEU	1
5e1qB	230	1	B	249		GLN	1
5e1qB	231	1	B	250		MET	1
5e1qB	232	1	B	251		LEU	1
5e1qB	233	1	B	252		VAL	1
5e1qB	234	1	B	253		LYS	1
5e1qB	235	1	B	254		GLU	1
5e1qB	236	1	B	255		HIS	1
5e1qB	237	1	B	256		GLU	1
5e1qB	238	1	B	257		ASP	1
5e1qB	239	1	B	258		TYR	1
5e1qB	240	1	B	259		ILE	1
5e1qB	241	1	B	260		ALA	1
5e1qB	242	1	B	261		LYS	1
5e1qB	243	1	B	262		VAL	1
5e1qB	244	1	B	263		ASP	1
5e1qB	245	1	B	264		LYS	1
5e1qB	246	1	B	265		PRO	1
5e1qB	247	1	B	266		ARG	1
5e1qB	248	1	B	267		ASN	1
5e1qB	249	1	B	268		PHE	1
5e1qB	250	1	B	269		PRO	1
5e1qB	251	1	B	270		TRP	1
5e1qB	252	1	B	271		ARG	1
5e1qB	253	1	B	272		ILE	1
5e1qB	254	1	B	273		ALA	1
5e1qB	255	1	B	274		VAL	1
5e1qB	256	1	B	275		VAL	1
5e1qB	257	1	B	276		THR	1
5e1qB	258	1	B	277		THR	1
5e1qB	259	1	B	278		THR	1
5e1qB	260	1	B	279		ASP	1
5e1qB	261	1	B	280		LYS	1
5e1qB	262	1	B	281		ASP	1
5e1qB	263	1	B	282		LEU	1
5e1qB	264	1	B	283		ALA	1
5e1qB	265	1	B	284		ALA	1
5e1qB	266	1	B	285		THR	1
5e1qB	267	1	B	286		ASN	1
5e1qB	268	1	B	287		LEU	1
5e1qB	269	1	B	288		SER	1
5e1qB	270	1	B	289		TYR	1
5e1qB	271	1	B	290		LEU	1
5e1qB	272	1	B	291		LEU	1
5e1qB	273	1	B	292		GLY	1
5e1qB	274	1	B	293		ALA	1
5e1qB	275	1	B	294		PRO	1
5e1qB	276	1	B	295		SER	1
5e1qB	277	1	B	296		ARG	1
5e1qB	278	1	B	297		MET	1
5e1qB	279	1	B	298		SER	1
5e1qB	280	1	B	299		ASP	1
5e1qB	281	1	B	300		LEU	1
5e1qB	282	1	B	301		SER	1
5e1qB	283	1	B	302		TRP	1
5e1qB	284	1	B	303		ILE	1
5e1qB	285	1	B	304		LYS	1
5e1qB	286	1	B	305		PRO	1
5e1qB	287	1	B	306		GLY	1
5e1qB	288	1	B	307		LYS	1
5e1qB	289	1	B	308		VAL	1
5e1qB	290	1	B	309		ALA	1
5e1qB	291	1	B	310		TRP	1
5e1qB	292	1	B	311		ASP	1
5e1qB	293	1	B	312		TRP	1
5e1qB	294	1	B	313		TRP	1
5e1qB	295	1	B	314		ASN	1
5e1qB	296	1	B	315		ASP	1
5e1qB	297	1	B	316		TRP	1
5e1qB	298	1	B	317		ASN	1
5e1qB	299	1	B	318		LEU	1
5e1qB	300	1	B	319		ASP	1
5e1qB	301	1	B	320		GLY	1
5e1qB	302	1	B	321		VAL	1
5e1qB	303	1	B	322		ASP	1
5e1qB	304	1	B	323		PHE	1
5e1qB	305	1	B	324		VAL	1
5e1qB	306	1	B	325		THR	1
5e1qB	307	1	B	326		GLY	1
5e1qB	308	1	B	327		VAL	1
5e1qB	309	1	B	328		ASN	1
5e1qB	310	1	B	329		ASN	1
5e1qB	311	1	B	330		PRO	1
5e1qB	312	1	B	331		THR	1
5e1qB	313	1	B	332		TYR	1
5e1qB	314	1	B	333		LYS	1
5e1qB	315	1	B	334		ALA	1
5e1qB	316	1	B	335		TYR	1
5e1qB	317	1	B	336		ILE	1
5e1qB	318	1	B	337		ASP	1
5e1qB	319	1	B	338		PHE	1
5e1qB	320	1	B	339		ALA	1
5e1qB	321	1	B	340		SER	1
5e1qB	322	1	B	341		ALA	1
5e1qB	323	1	B	342		ASN	1
5e1qB	324	1	B	343		GLY	1
5e1qB	325	1	B	344		ILE	1
5e1qB	326	1	B	345		GLU	1
5e1qB	327	1	B	346		TYR	1
5e1qB	328	1	B	347		VAL	1
5e1qB	329	1	B	348		ILE	1
5e1qB	330	1	B	349		LEU	1
5e1qB	331	1	B	350		ASP	1
5e1qB	332	1	B	351		GLU	1
5e1qB	333	1	B	352		GLY	1
5e1qB	334	1	B	353		TRP	1
5e1qB	335	1	B	354		ALA	1
5e1qB	336	1	B	355		VAL	1
5e1qB	337	1	B	356		ASN	1
5e1qB	338	1	B	357		LEU	1
5e1qB	339	1	B	358		GLN	1
5e1qB	340	1	B	359		ALA	1
5e1qB	341	1	B	360		ASP	1
5e1qB	342	1	B	361		LEU	1
5e1qB	343	1	B	362		MET	1
5e1qB	344	1	B	363		GLN	1
5e1qB	345	1	B	364		VAL	1
5e1qB	346	1	B	365		VAL	1
5e1qB	347	1	B	366		LYS	1
5e1qB	348	1	B	367		GLU	1
5e1qB	349	1	B	368		ILE	1
5e1qB	350	1	B	369		ASP	1
5e1qB	351	1	B	370		LEU	1
5e1qB	352	1	B	371		LYS	1
5e1qB	353	1	B	372		GLU	1
5e1qB	354	1	B	373		LEU	1
5e1qB	355	1	B	374		VAL	1
5e1qB	356	1	B	375		ASP	1
5e1qB	357	1	B	376		TYR	1
5e1qB	358	1	B	377		ALA	1
5e1qB	359	1	B	378		ALA	1
5e1qB	360	1	B	379		SER	1
5e1qB	361	1	B	380		LYS	1
5e1qB	362	1	B	381		ASN	1
5e1qB	363	1	B	382		VAL	1
5e1qB	364	1	B	383		GLY	1
5e1qB	365	1	B	384		ILE	1
5e1qB	366	1	B	385		ILE	1
5e1qB	367	1	B	386		LEU	1
5e1qB	368	1	B	387		TRP	1
5e1qB	369	1	B	388		ALA	1
5e1qB	370	1	B	389		GLY	1
5e1qB	371	1	B	390		TYR	1
5e1qB	372	1	B	391		HIS	1
5e1qB	373	1	B	392		ALA	1
5e1qB	374	1	B	393		PHE	1
5e1qB	375	1	B	394		GLU	1
5e1qB	376	1	B	395		ARG	1
5e1qB	377	1	B	396		ASP	1
5e1qB	378	1	B	397		MET	1
5e1qB	379	1	B	398		GLU	1
5e1qB	380	1	B	399		ASN	1
5e1qB	381	1	B	400		VAL	1
5e1qB	382	1	B	401		CYS	1
5e1qB	383	1	B	402		ARG	1
5e1qB	384	1	B	403		HIS	1
5e1qB	385	1	B	404		TYR	1
5e1qB	386	1	B	405		ALA	1
5e1qB	387	1	B	406		GLU	1
5e1qB	388	1	B	407		MET	1
5e1qB	389	1	B	408		GLY	1
5e1qB	390	1	B	409		VAL	1
5e1qB	391	1	B	410		LYS	1
5e1qB	392	1	B	411		GLY	1
5e1qB	393	1	B	412		PHE	1
5e1qB	394	1	B	413		LYS	1
5e1qB	395	1	B	414		VAL	1
5e1qB	396	1	B	415		GLY	1
5e1qB	397	1	B	416		PHE	1
5e1qB	398	1	B	417		MET	1
5e1qB	399	1	B	418		ASP	1
5e1qB	400	1	B	419		ARG	1
5e1qB	401	1	B	420		ASP	1
5e1qB	402	1	B	421		ASP	1
5e1qB	403	1	B	422		GLN	1
5e1qB	404	1	B	423		GLU	1
5e1qB	405	1	B	424		MET	1
5e1qB	406	1	B	425		THR	1
5e1qB	407	1	B	426		ALA	1
5e1qB	408	1	B	427		PHE	1
5e1qB	409	1	B	428		ASN	1
5e1qB	410	1	B	429		TYR	1
5e1qB	411	1	B	430		ARG	1
5e1qB	412	1	B	431		ALA	1
5e1qB	413	1	B	432		ALA	1
5e1qB	414	1	B	433		GLU	1
5e1qB	415	1	B	434		MET	1
5e1qB	416	1	B	435		CYS	1
5e1qB	417	1	B	436		ALA	1
5e1qB	418	1	B	437		LYS	1
5e1qB	419	1	B	438		TYR	1
5e1qB	420	1	B	439		LYS	1
5e1qB	421	1	B	440		LEU	1
5e1qB	422	1	B	441		ILE	1
5e1qB	423	1	B	442		LEU	1
5e1qB	424	1	B	443		ASP	1
5e1qB	425	1	B	444		LEU	1
5e1qB	426	1	B	445		HIS	1
5e1qB	427	1	B	446		GLY	1
5e1qB	428	1	B	447		THR	1
5e1qB	429	1	B	448		HIS	1
5e1qB	430	1	B	449		LYS	1
5e1qB	431	1	B	450		PRO	1
5e1qB	432	1	B	451		ALA	1
5e1qB	433	1	B	452		GLY	1
5e1qB	434	1	B	453		LEU	1
5e1qB	435	1	B	454		ASN	1
5e1qB	436	1	B	455		ARG	1
5e1qB	437	1	B	456		THR	1
5e1qB	438	1	B	457		TYR	1
5e1qB	439	1	B	458		PRO	1
5e1qB	440	1	B	459		ASN	1
5e1qB	441	1	B	460		VAL	1
5e1qB	442	1	B	461		LEU	1
5e1qB	443	1	B	462		ASN	1
5e1qB	444	1	B	463		PHE	1
5e1qB	445	1	B	464		GLU	1
5e1qB	446	1	B	465		GLY	1
5e1qB	447	1	B	466		VAL	1
5e1qB	448	1	B	467		ASN	1
5e1qB	449	1	B	468		GLY	1
5e1qB	450	1	B	469		LEU	1
5e1qB	451	1	B	470		GLU	1
5e1qB	452	1	B	471		GLN	1
5e1qB	453	1	B	472		MET	1
5e1qB	454	1	B	473		LYS	1
5e1qB	455	1	B	474		TRP	1
5e1qB	456	1	B	475		SER	1
5e1qB	457	1	B	476		SER	1
5e1qB	458	1	B	477		PRO	1
5e1qB	459	1	B	478		SER	1
5e1qB	460	1	B	479		VAL	1
5e1qB	461	1	B	480		ASP	1
5e1qB	462	1	B	481		GLN	1
5e1qB	463	1	B	482		VAL	1
5e1qB	464	1	B	483		LYS	1
5e1qB	465	1	B	484		TYR	1
5e1qB	466	1	B	485		ASP	1
5e1qB	467	1	B	486		VAL	1
5e1qB	468	1	B	487		MET	1
5e1qB	469	1	B	488		ILE	1
5e1qB	470	1	B	489		PRO	1
5e1qB	471	1	B	490		PHE	1
5e1qB	472	1	B	491		ILE	1
5e1qB	473	1	B	492		ARG	1
5e1qB	474	1	B	493		GLN	1
5e1qB	475	1	B	494		VAL	1
5e1qB	476	1	B	495		SER	1
5e1qB	477	1	B	496		GLY	1
5e1qB	478	1	B	497		PRO	1
5e1qB	479	1	B	498		MET	1
5e1qB	480	1	B	499		ASP	1
5e1qB	481	1	B	500		TYR	1
5e1qB	482	1	B	501		THR	1
5e1qB	483	1	B	502		GLN	1
5e1qB	484	1	B	503		GLY	1
5e1qB	485	1	B	504		ALA	1
5e1qB	486	1	B	505		MET	1
5e1qB	487	1	B	506		ARG	1
5e1qB	488	1	B	507		ASN	1
5e1qB	489	1	B	508		ALA	1
5e1qB	490	1	B	509		SER	1
5e1qB	491	1	B	510		LYS	1
5e1qB	492	1	B	511		GLY	1
5e1qB	493	1	B	512		ASN	1
5e1qB	494	1	B	513		TYR	1
5e1qB	495	1	B	514		TYR	1
5e1qB	496	1	B	515		PRO	1
5e1qB	497	1	B	516		CYS	1
5e1qB	498	1	B	517		TYR	1
5e1qB	499	1	B	518		SER	1
5e1qB	500	1	B	519		GLU	1
5e1qB	501	1	B	520		PRO	1
5e1qB	502	1	B	521		MET	1
5e1qB	503	1	B	522		SER	1
5e1qB	504	1	B	523		GLN	1
5e1qB	505	1	B	524		GLY	1
5e1qB	506	1	B	525		THR	1
5e1qB	507	1	B	526		ARG	1
5e1qB	508	1	B	527		CYS	1
5e1qB	509	1	B	528		ARG	1
5e1qB	510	1	B	529		GLN	1
5e1qB	511	1	B	530		LEU	1
5e1qB	512	1	B	531		ALA	1
5e1qB	513	1	B	532		LEU	1
5e1qB	514	1	B	533		TYR	1
5e1qB	515	1	B	534		VAL	1
5e1qB	516	1	B	535		VAL	1
5e1qB	517	1	B	536		PHE	1
5e1qB	518	1	B	537		GLU	1
5e1qB	519	1	B	538		SER	1
5e1qB	520	1	B	539		PRO	1
5e1qB	521	1	B	540		PHE	1
5e1qB	522	1	B	541		ASN	1
5e1qB	523	1	B	542		MET	1
5e1qB	524	1	B	543		LEU	1
5e1qB	525	1	B	544		CYS	1
5e1qB	526	1	B	545		ASP	1
5e1qB	527	1	B	546		THR	1
5e1qB	528	1	B	547		PRO	1
5e1qB	529	1	B	548		SER	1
5e1qB	530	1	B	549		ASN	1
5e1qB	531	1	B	550		TYR	1
5e1qB	532	1	B	551		MET	1
5e1qB	533	1	B	552		ARG	1
5e1qB	534	1	B	553		GLU	1
5e1qB	535	1	B	554		PRO	1
5e1qB	536	1	B	555		GLU	1
5e1qB	537	1	B	556		SER	1
5e1qB	538	1	B	557		THR	1
5e1qB	539	1	B	558		ALA	1
5e1qB	540	1	B	559		PHE	1
5e1qB	541	1	B	560		ILE	1
5e1qB	542	1	B	561		ALA	1
5e1qB	543	1	B	562		GLU	1
5e1qB	544	1	B	563		ILE	1
5e1qB	545	1	B	564		PRO	1
5e1qB	546	1	B	565		THR	1
5e1qB	547	1	B	566		VAL	1
5e1qB	548	1	B	567		TRP	1
5e1qB	549	1	B	568		ASP	1
5e1qB	550	1	B	569		GLU	1
5e1qB	551	1	B	570		SER	1
5e1qB	552	1	B	571		ILE	1
5e1qB	553	1	B	572		VAL	1
5e1qB	554	1	B	573		LEU	1
5e1qB	555	1	B	574		ASP	1
5e1qB	556	1	B	575		GLY	1
5e1qB	557	1	B	576		LYS	1
5e1qB	558	1	B	577		MET	1
5e1qB	559	1	B	578		GLY	1
5e1qB	560	1	B	579		GLU	1
5e1qB	561	1	B	580		TYR	1
5e1qB	562	1	B	581		ILE	1
5e1qB	563	1	B	582		VAL	1
5e1qB	564	1	B	583		THR	1
5e1qB	565	1	B	584		ALA	1
5e1qB	566	1	B	585		ARG	1
5e1qB	567	1	B	586		ARG	1
5e1qB	568	1	B	587		LYS	1
5e1qB	569	1	B	588		GLY	1
5e1qB	570	1	B	589		ASP	1
5e1qB	571	1	B	590		VAL	1
5e1qB	572	1	B	591		TRP	1
5e1qB	573	1	B	592		TYR	1
5e1qB	574	1	B	593		VAL	1
5e1qB	575	1	B	594		GLY	1
5e1qB	576	1	B	595		GLY	1
5e1qB	577	1	B	596		ILE	1
5e1qB	578	1	B	597		THR	1
5e1qB	579	1	B	598		ASP	1
5e1qB	580	1	B	599		TRP	1
5e1qB	581	1	B	600		SER	1
5e1qB	582	1	B	601		ALA	1
5e1qB	583	1	B	602		ARG	1
5e1qB	584	1	B	603		ASP	1
5e1qB	585	1	B	604		ILE	1
5e1qB	586	1	B	605		GLU	1
5e1qB	587	1	B	606		VAL	1
5e1qB	588	1	B	607		ASP	1
5e1qB	589	1	B	608		CYS	1
5e1qB	590	1	B	609		SER	1
5e1qB	591	1	B	610		PHE	1
5e1qB	592	1	B	611		LEU	1
5e1qB	593	1	B	612		GLY	1
5e1qB	594	1	B	613		ASP	1
5e1qB	595	1	B	614		LYS	1
5e1qB	596	1	B	615		SER	1
5e1qB	597	1	B	616		TYR	1
5e1qB	598	1	B	617		HIS	1
5e1qB	599	1	B	618		ALA	1
5e1qB	600	1	B	619		THR	1
5e1qB	601	1	B	620		LEU	1
5e1qB	602	1	B	621		PHE	1
5e1qB	603	1	B	622		LYS	1
5e1qB	604	1	B	623		ASP	1
5e1qB	605	1	B	624		GLY	1
5e1qB	606	1	B	625		VAL	1
5e1qB	607	1	B	626		ASN	1
5e1qB	608	1	B	627		ALA	1
5e1qB	609	1	B	628		HIS	1
5e1qB	610	1	B	629		ARG	1
5e1qB	611	1	B	630		ALA	1
5e1qB	612	1	B	631		GLY	1
5e1qB	613	1	B	632		ARG	1
5e1qB	614	1	B	633		ASP	1
5e1qB	615	1	B	634		TYR	1
5e1qB	616	1	B	635		LYS	1
5e1qB	617	1	B	636		CYS	1
5e1qB	618	1	B	637		GLU	1
5e1qB	619	1	B	638		SER	1
5e1qB	620	1	B	639		PHE	1
5e1qB	621	1	B	640		PRO	1
5e1qB	622	1	B	641		ILE	1
5e1qB	623	1	B	642		LYS	1
5e1qB	624	1	B	643		LYS	1
5e1qB	625	1	B	644		ASP	1
5e1qB	626	1	B	645		GLY	1
5e1qB	627	1	B	646		LYS	1
5e1qB	628	1	B	647		LEU	1
5e1qB	629	1	B	648		LYS	1
5e1qB	630	1	B	649		VAL	1
5e1qB	631	1	B	650		HIS	1
5e1qB	632	1	B	651		LEU	1
5e1qB	633	1	B	652		ALA	1
5e1qB	634	1	B	653		PRO	1
5e1qB	635	1	B	654		GLY	1
5e1qB	636	1	B	655		GLY	1
5e1qB	637	1	B	656		GLY	1
5e1qB	638	1	B	657		PHE	1
5e1qB	639	1	B	658		ALA	1
5e1qB	640	1	B	659		LEU	1
5e1qB	641	1	B	660		LYS	1
5e1qB	642	1	B	661		ILE	1
5e1qB	643	1	B	662		LYS	1
4aukA	0	1	A	1		MET	1
4aukA	1	1	A	2		ASN	1
4aukA	2	1	A	3		LYS	1
4aukA	3	1	A	4		VAL	1
4aukA	4	1	A	5		VAL	1
4aukA	5	1	A	6		LEU	1
4aukA	6	1	A	7		LEU	1
4aukA	7	1	A	8		CYS	1
4aukA	8	1	A	9		ARG	1
4aukA	9	1	A	10		PRO	1
4aukA	10	1	A	11		GLY	1
4aukA	11	1	A	12		PHE	1
4aukA	12	1	A	13		GLU	1
4aukA	13	1	A	14		LYS	1
4aukA	14	1	A	15		GLU	1
4aukA	15	1	A	16		CYS	1
4aukA	16	1	A	17		ALA	1
4aukA	17	1	A	18		ALA	1
4aukA	18	1	A	19		GLU	1
4aukA	19	1	A	20		ILE	1
4aukA	20	1	A	21		THR	1
4aukA	21	1	A	22		ASP	1
4aukA	22	1	A	23		LYS	1
4aukA	23	1	A	24		ALA	1
4aukA	24	1	A	25		GLY	1
4aukA	25	1	A	26		GLN	1
4aukA	26	1	A	27		ARG	1
4aukA	27	1	A	28		GLU	1
4aukA	28	1	A	29		ILE	1
4aukA	29	1	A	30		PHE	1
4aukA	30	1	A	31		GLY	1
4aukA	31	1	A	32		PHE	1
4aukA	32	1	A	33		ALA	1
4aukA	33	1	A	34		ARG	1
4aukA	34	1	A	35		VAL	1
4aukA	35	1	A	36		LYS	1
4aukA	36	1	A	37		GLU	1
4aukA	37	1	A	38		ASN	1
4aukA	38	1	A	39		ALA	1
4aukA	39	1	A	40		GLY	1
4aukA	40	1	A	41		TYR	1
4aukA	41	1	A	42		VAL	1
4aukA	42	1	A	43		ILE	1
4aukA	43	1	A	44		TYR	1
4aukA	44	1	A	45		GLU	1
4aukA	45	1	A	46		CYS	1
4aukA	46	1	A	47		TYR	1
4aukA	47	1	A	48		GLN	1
4aukA	48	1	A	49		PRO	1
4aukA	49	1	A	50		ASP	1
4aukA	50	1	A	51		ASP	1
4aukA	51	1	A	52		GLY	1
4aukA	52	1	A	53		ASP	1
4aukA	53	1	A	54		LYS	1
4aukA	54	1	A	55		LEU	1
4aukA	55	1	A	56		ILE	1
4aukA	56	1	A	57		ARG	1
4aukA	57	1	A	58		GLU	1
4aukA	58	1	A	59		LEU	1
4aukA	59	1	A	60		PRO	1
4aukA	60	1	A	61		PHE	1
4aukA	61	1	A	62		SER	1
4aukA	62	1	A	63		SER	1
4aukA	63	1	A	64		LEU	1
4aukA	64	1	A	65		ILE	1
4aukA	65	1	A	66		PHE	1
4aukA	66	1	A	67		ALA	1
4aukA	67	1	A	68		ARG	1
4aukA	68	1	A	69		GLN	1
4aukA	69	1	A	70		TRP	1
4aukA	70	1	A	71		PHE	1
4aukA	71	1	A	72		VAL	1
4aukA	72	1	A	73		VAL	1
4aukA	73	1	A	74		GLY	1
4aukA	74	1	A	75		GLU	2
4aukA	75	1	A	76		LEU	2
4aukA	76	1	A	77		LEU	2
4aukA	77	1	A	78		GLN	2
4aukA	78	1	A	79		HIS	2
4aukA	79	1	A	80		LEU	2
4aukA	80	1	A	81		PRO	2
4aukA	81	1	A	82		PRO	2
4aukA	82	1	A	83		GLU	2
4aukA	83	1	A	84		ASP	2
4aukA	84	1	A	85		ARG	2
4aukA	85	1	A	86		ILE	2
4aukA	86	1	A	87		THR	2
4aukA	87	1	A	88		PRO	2
4aukA	88	1	A	89		ILE	2
4aukA	89	1	A	90		VAL	2
4aukA	90	1	A	91		GLY	2
4aukA	91	1	A	92		MET	2
4aukA	92	1	A	93		LEU	2
4aukA	93	1	A	94		GLN	2
4aukA	94	1	A	95		GLY	2
4aukA	95	1	A	96		VAL	2
4aukA	96	1	A	97		VAL	2
4aukA	97	1	A	98		GLU	2
4aukA	98	1	A	99		LYS	2
4aukA	99	1	A	100		GLY	2
4aukA	100	1	A	101		GLY	2
4aukA	101	1	A	102		GLU	2
4aukA	102	1	A	103		LEU	2
4aukA	103	1	A	104		ARG	2
4aukA	104	1	A	105		VAL	2
4aukA	105	1	A	106		GLU	2
4aukA	106	1	A	107		VAL	2
4aukA	107	1	A	108		ALA	2
4aukA	108	1	A	109		ASP	2
4aukA	109	1	A	110		THR	2
4aukA	110	1	A	111		ASN	2
4aukA	111	1	A	112		GLU	2
4aukA	112	1	A	113		SER	2
4aukA	113	1	A	114		LYS	2
4aukA	114	1	A	115		GLU	2
4aukA	115	1	A	116		LEU	2
4aukA	116	1	A	117		LEU	2
4aukA	117	1	A	118		LYS	2
4aukA	118	1	A	119		PHE	2
4aukA	119	1	A	120		CYS	2
4aukA	120	1	A	121		ARG	2
4aukA	121	1	A	122		LYS	2
4aukA	122	1	A	123		PHE	2
4aukA	123	1	A	124		THR	2
4aukA	124	1	A	125		VAL	2
4aukA	125	1	A	126		PRO	2
4aukA	126	1	A	127		LEU	2
4aukA	127	1	A	128		ARG	2
4aukA	128	1	A	129		ALA	2
4aukA	129	1	A	130		ALA	2
4aukA	130	1	A	131		LEU	2
4aukA	131	1	A	132		ARG	2
4aukA	132	1	A	133		ASP	2
4aukA	133	1	A	134		ALA	2
4aukA	134	1	A	135		GLY	2
4aukA	135	1	A	136		VAL	2
4aukA	136	1	A	137		LEU	2
4aukA	137	1	A	138		ALA	2
4aukA	138	1	A	139		ASN	2
4aukA	139	1	A	140		TYR	2
4aukA	140	1	A	141		GLU	2
4aukA	141	1	A	142		THR	2
4aukA	142	1	A	143		PRO	2
4aukA	143	1	A	144		LYS	2
4aukA	144	1	A	145		ARG	2
4aukA	145	1	A	146		PRO	2
4aukA	146	1	A	147		VAL	2
4aukA	147	1	A	148		VAL	2
4aukA	148	1	A	149		HIS	2
4aukA	149	1	A	150		VAL	2
4aukA	150	1	A	151		PHE	2
4aukA	151	1	A	152		PHE	2
4aukA	152	1	A	153		ILE	2
4aukA	153	1	A	154		ALA	2
4aukA	154	1	A	155		PRO	2
4aukA	155	1	A	156		GLY	2
4aukA	156	1	A	158		CYS	2
4aukA	157	1	A	159		TYR	2
4aukA	158	1	A	160		THR	2
4aukA	159	1	A	161		GLY	2
4aukA	160	1	A	162		TYR	2
4aukA	161	1	A	163		SER	2
4aukA	162	1	A	164		TYR	2
4aukA	163	1	A	165		SER	2
4aukA	164	1	A	166		ASN	2
4aukA	165	1	A	167		ASN	2
4aukA	166	1	A	168		ASN	2
4aukA	167	1	A	169		SER	2
4aukA	168	1	A	170		PRO	2
4aukA	169	1	A	171		PHE	2
4aukA	170	1	A	172		TYR	2
4aukA	171	1	A	173		MET	2
4aukA	172	1	A	174		GLY	2
4aukA	173	1	A	175		ILE	2
4aukA	174	1	A	176		PRO	3
4aukA	175	1	A	177		ARG	3
4aukA	176	1	A	178		LEU	3
4aukA	177	1	A	179		LYS	3
4aukA	178	1	A	180		PHE	3
4aukA	179	1	A	181		PRO	3
4aukA	180	1	A	182		ALA	3
4aukA	181	1	A	183		ASP	3
4aukA	182	1	A	184		ALA	3
4aukA	183	1	A	185		PRO	3
4aukA	184	1	A	186		SER	3
4aukA	185	1	A	187		ARG	3
4aukA	186	1	A	188		SER	3
4aukA	187	1	A	189		THR	3
4aukA	188	1	A	190		LEU	3
4aukA	189	1	A	191		LYS	3
4aukA	190	1	A	192		LEU	3
4aukA	191	1	A	193		GLU	3
4aukA	192	1	A	194		GLU	3
4aukA	193	1	A	195		ALA	3
4aukA	194	1	A	196		PHE	3
4aukA	195	1	A	197		HIS	3
4aukA	196	1	A	198		VAL	3
4aukA	197	1	A	199		PHE	3
4aukA	198	1	A	200		ILE	3
4aukA	199	1	A	201		PRO	3
4aukA	200	1	A	202		ALA	3
4aukA	201	1	A	203		ASP	3
4aukA	202	1	A	204		GLU	3
4aukA	203	1	A	205		TRP	3
4aukA	204	1	A	206		ASP	3
4aukA	205	1	A	207		GLU	3
4aukA	206	1	A	208		ARG	3
4aukA	207	1	A	209		LEU	3
4aukA	208	1	A	210		ALA	3
4aukA	209	1	A	211		ASN	3
4aukA	210	1	A	212		GLY	3
4aukA	211	1	A	213		MET	3
4aukA	212	1	A	214		TRP	3
4aukA	213	1	A	215		ALA	3
4aukA	214	1	A	216		VAL	3
4aukA	215	1	A	217		ASP	3
4aukA	216	1	A	218		LEU	3
4aukA	217	1	A	219		GLY	3
4aukA	218	1	A	220		ALA	3
4aukA	219	1	A	222		PRO	3
4aukA	220	1	A	223		GLY	3
4aukA	221	1	A	224		GLY	3
4aukA	222	1	A	225		TRP	3
4aukA	223	1	A	226		THR	3
4aukA	224	1	A	227		TYR	3
4aukA	225	1	A	228		GLN	3
4aukA	226	1	A	229		LEU	3
4aukA	227	1	A	230		VAL	3
4aukA	228	1	A	231		LYS	3
4aukA	229	1	A	232		ARG	3
4aukA	230	1	A	233		ASN	3
4aukA	231	1	A	234		MET	3
4aukA	232	1	A	235		TRP	3
4aukA	233	1	A	236		VAL	3
4aukA	234	1	A	237		TYR	3
4aukA	235	1	A	238		SER	3
4aukA	236	1	A	239		VAL	3
4aukA	237	1	A	240		ASP	3
4aukA	238	1	A	241		ASN	3
4aukA	239	1	A	242		GLY	3
4aukA	240	1	A	243		PRO	3
4aukA	241	1	A	244		MET	3
4aukA	242	1	A	245		ALA	3
4aukA	243	1	A	246		GLN	3
4aukA	244	1	A	247		SER	3
4aukA	245	1	A	248		LEU	3
4aukA	246	1	A	249		MET	3
4aukA	247	1	A	250		ASP	3
4aukA	248	1	A	251		THR	3
4aukA	249	1	A	252		GLY	3
4aukA	250	1	A	253		GLN	3
4aukA	251	1	A	254		VAL	3
4aukA	252	1	A	255		THR	3
4aukA	253	1	A	256		TRP	3
4aukA	254	1	A	257		LEU	3
4aukA	255	1	A	258		ARG	3
4aukA	256	1	A	259		GLU	3
4aukA	257	1	A	260		ASP	3
4aukA	258	1	A	261		GLY	3
4aukA	259	1	A	262		PHE	3
4aukA	260	1	A	263		LYS	3
4aukA	261	1	A	264		PHE	3
4aukA	262	1	A	265		ARG	3
4aukA	263	1	A	266		PRO	3
4aukA	264	1	A	267		THR	3
4aukA	265	1	A	268		ARG	3
4aukA	266	1	A	269		SER	3
4aukA	267	1	A	270		ASN	3
4aukA	268	1	A	271		ILE	3
4aukA	269	1	A	272		SER	3
4aukA	270	1	A	273		TRP	3
4aukA	271	1	A	274		MET	3
4aukA	272	1	A	275		VAL	3
4aukA	273	1	A	276		CYS	4
4aukA	274	1	A	277		ASP	4
4aukA	275	1	A	278		MET	4
4aukA	276	1	A	279		VAL	4
4aukA	277	1	A	280		GLU	4
4aukA	278	1	A	281		LYS	4
4aukA	279	1	A	282		PRO	4
4aukA	280	1	A	283		ALA	4
4aukA	281	1	A	284		LYS	4
4aukA	282	1	A	285		VAL	4
4aukA	283	1	A	286		ALA	4
4aukA	284	1	A	287		ALA	4
4aukA	285	1	A	288		LEU	4
4aukA	286	1	A	289		MET	4
4aukA	287	1	A	290		ALA	4
4aukA	288	1	A	291		GLN	4
4aukA	289	1	A	292		TRP	4
4aukA	290	1	A	293		LEU	4
4aukA	291	1	A	294		VAL	4
4aukA	292	1	A	295		ASN	4
4aukA	293	1	A	296		GLY	4
4aukA	294	1	A	297		TRP	4
4aukA	295	1	A	298		CYS	4
4aukA	296	1	A	299		ARG	4
4aukA	297	1	A	300		GLU	4
4aukA	298	1	A	301		THR	4
4aukA	299	1	A	302		ILE	4
4aukA	300	1	A	303		PHE	4
4aukA	301	1	A	304		ASN	4
4aukA	302	1	A	305		LEU	4
4aukA	303	1	A	306		LYS	4
4aukA	304	1	A	307		LEU	4
4aukA	305	1	A	308		PRO	4
4aukA	306	1	A	309		MET	4
4aukA	307	1	A	310		LYS	4
4aukA	308	1	A	311		LYS	4
4aukA	309	1	A	312		ARG	4
4aukA	310	1	A	313		TYR	4
4aukA	311	1	A	314		GLU	4
4aukA	312	1	A	315		GLU	4
4aukA	313	1	A	316		VAL	4
4aukA	314	1	A	317		SER	4
4aukA	315	1	A	318		HIS	4
4aukA	316	1	A	319		ASN	4
4aukA	317	1	A	320		LEU	4
4aukA	318	1	A	321		ALA	4
4aukA	319	1	A	322		TYR	4
4aukA	320	1	A	323		ILE	4
4aukA	321	1	A	324		GLN	4
4aukA	322	1	A	325		ALA	4
4aukA	323	1	A	326		GLN	4
4aukA	324	1	A	327		LEU	4
4aukA	325	1	A	328		ASP	4
4aukA	326	1	A	329		GLU	4
4aukA	327	1	A	330		HIS	4
4aukA	328	1	A	331		GLY	4
4aukA	329	1	A	332		ILE	4
4aukA	330	1	A	333		ASN	4
4aukA	331	1	A	334		ALA	4
4aukA	332	1	A	335		GLN	4
4aukA	333	1	A	336		ILE	4
4aukA	334	1	A	337		GLN	4
4aukA	335	1	A	338		ALA	4
4aukA	336	1	A	339		ARG	4
4aukA	337	1	A	340		GLN	4
4aukA	338	1	A	341		LEU	4
4aukA	339	1	A	342		TYR	4
4aukA	340	1	A	343		HIS	4
4aukA	341	1	A	344		ASP	4
4aukA	342	1	A	345		ARG	4
4aukA	343	1	A	346		GLU	4
4aukA	344	1	A	347		GLU	4
4aukA	345	1	A	348		VAL	4
4aukA	346	1	A	349		THR	4
4aukA	347	1	A	350		VAL	4
4aukA	348	1	A	351		HIS	4
4aukA	349	1	A	352		VAL	4
4aukA	350	1	A	353		ARG	4
4aukA	351	1	A	354		ARG	4
4aukA	352	1	A	355		ILE	4
4aukA	353	1	A	356		TRP	4
4aukA	354	1	A	357		ALA	4
4ic6C	0	1	C	110		GLY	0
4ic6C	1	1	C	111		PRO	0
4ic6C	2	1	C	112		LEU	0
4ic6C	3	1	C	113		PHE	0
4ic6C	4	1	C	114		PRO	0
4ic6C	5	1	C	115		THR	0
4ic6C	6	1	C	116		GLU	0
4ic6C	7	1	C	117		GLY	0
4ic6C	8	1	C	118		ARG	0
4ic6C	9	1	C	119		ILE	0
4ic6C	10	1	C	120		VAL	0
4ic6C	11	1	C	121		GLN	0
4ic6C	12	1	C	122		LEU	1
4ic6C	13	1	C	123		PHE	1
4ic6C	14	1	C	124		GLU	1
4ic6C	15	1	C	125		LYS	1
4ic6C	16	1	C	126		ASN	1
4ic6C	17	1	C	127		THR	1
4ic6C	18	1	C	128		TYR	1
4ic6C	19	1	C	129		SER	1
4ic6C	20	1	C	130		VAL	1
4ic6C	21	1	C	131		VAL	1
4ic6C	22	1	C	132		ASN	1
4ic6C	23	1	C	133		ILE	1
4ic6C	24	1	C	134		PHE	1
4ic6C	25	1	C	135		ASP	1
4ic6C	26	1	C	136		VAL	1
4ic6C	27	1	C	137		THR	1
4ic6C	28	1	C	138		LEU	1
4ic6C	29	1	C	139		ARG	1
4ic6C	30	1	C	140		PRO	1
4ic6C	31	1	C	141		GLN	1
4ic6C	32	1	C	153		GLY	1
4ic6C	33	1	C	154		ASN	1
4ic6C	34	1	C	155		GLY	1
4ic6C	35	1	C	156		SER	1
4ic6C	36	1	C	157		GLY	1
4ic6C	37	1	C	158		VAL	1
4ic6C	38	1	C	159		VAL	1
4ic6C	39	1	C	160		TRP	1
4ic6C	40	1	C	161		ASP	1
4ic6C	41	1	C	162		GLY	1
4ic6C	42	1	C	163		GLN	1
4ic6C	43	1	C	164		GLY	1
4ic6C	44	1	C	165		TYR	1
4ic6C	45	1	C	166		ILE	1
4ic6C	46	1	C	167		VAL	1
4ic6C	47	1	C	168		THR	1
4ic6C	48	1	C	169		ASN	1
4ic6C	49	1	C	170		TYR	1
4ic6C	50	1	C	171		HIS	1
4ic6C	51	1	C	172		VAL	1
4ic6C	52	1	C	173		ILE	1
4ic6C	53	1	C	174		GLY	1
4ic6C	54	1	C	175		ASN	1
4ic6C	55	1	C	176		ALA	1
4ic6C	56	1	C	177		LEU	1
4ic6C	57	1	C	178		SER	1
4ic6C	58	1	C	179		ARG	1
4ic6C	59	1	C	180		ASN	1
4ic6C	60	1	C	181		PRO	1
4ic6C	61	1	C	182		SER	1
4ic6C	62	1	C	183		PRO	1
4ic6C	63	1	C	184		GLY	1
4ic6C	64	1	C	185		ASP	1
4ic6C	65	1	C	186		VAL	1
4ic6C	66	1	C	187		VAL	1
4ic6C	67	1	C	188		GLY	1
4ic6C	68	1	C	189		ARG	1
4ic6C	69	1	C	190		VAL	1
4ic6C	70	1	C	191		ASN	1
4ic6C	71	1	C	192		ILE	1
4ic6C	72	1	C	193		LEU	1
4ic6C	73	1	C	194		ALA	1
4ic6C	74	1	C	195		SER	1
4ic6C	75	1	C	196		ASP	1
4ic6C	76	1	C	197		GLY	1
4ic6C	77	1	C	198		VAL	1
4ic6C	78	1	C	199		GLN	1
4ic6C	79	1	C	200		LYS	1
4ic6C	80	1	C	201		ASN	1
4ic6C	81	1	C	202		PHE	1
4ic6C	82	1	C	203		GLU	1
4ic6C	83	1	C	204		GLY	1
4ic6C	84	1	C	205		LYS	1
4ic6C	85	1	C	206		LEU	1
4ic6C	86	1	C	207		VAL	1
4ic6C	87	1	C	208		GLY	1
4ic6C	88	1	C	209		ALA	1
4ic6C	89	1	C	210		ASP	1
4ic6C	90	1	C	211		ARG	1
4ic6C	91	1	C	212		ALA	1
4ic6C	92	1	C	213		LYS	1
4ic6C	93	1	C	214		ASP	1
4ic6C	94	1	C	215		LEU	1
4ic6C	95	1	C	216		ALA	1
4ic6C	96	1	C	217		VAL	1
4ic6C	97	1	C	218		LEU	1
4ic6C	98	1	C	219		LYS	1
4ic6C	99	1	C	220		VAL	1
4ic6C	100	1	C	221		ASP	1
4ic6C	101	1	C	222		ALA	1
4ic6C	102	1	C	223		PRO	1
4ic6C	103	1	C	224		GLU	1
4ic6C	104	1	C	225		THR	1
4ic6C	105	1	C	226		LEU	1
4ic6C	106	1	C	227		LEU	1
4ic6C	107	1	C	228		LYS	1
4ic6C	108	1	C	229		PRO	1
4ic6C	109	1	C	230		ILE	1
4ic6C	110	1	C	231		LYS	1
4ic6C	111	1	C	232		VAL	1
4ic6C	112	1	C	233		GLY	2
4ic6C	113	1	C	234		GLN	2
4ic6C	114	1	C	235		SER	2
4ic6C	115	1	C	236		ASN	2
4ic6C	116	1	C	237		SER	2
4ic6C	117	1	C	238		LEU	2
4ic6C	118	1	C	239		LYS	2
4ic6C	119	1	C	240		VAL	2
4ic6C	120	1	C	241		GLY	2
4ic6C	121	1	C	242		GLN	2
4ic6C	122	1	C	243		GLN	2
4ic6C	123	1	C	244		CYS	2
4ic6C	124	1	C	245		LEU	2
4ic6C	125	1	C	246		ALA	2
4ic6C	126	1	C	247		ILE	2
4ic6C	127	1	C	248		GLY	2
4ic6C	128	1	C	249		ASN	2
4ic6C	129	1	C	250		PRO	2
4ic6C	130	1	C	251		PHE	2
4ic6C	131	1	C	252		GLY	2
4ic6C	132	1	C	253		PHE	2
4ic6C	133	1	C	254		ASP	2
4ic6C	134	1	C	255		HIS	2
4ic6C	135	1	C	256		THR	2
4ic6C	136	1	C	257		LEU	2
4ic6C	137	1	C	258		THR	2
4ic6C	138	1	C	259		VAL	2
4ic6C	139	1	C	260		GLY	2
4ic6C	140	1	C	261		VAL	2
4ic6C	141	1	C	262		ILE	2
4ic6C	142	1	C	263		SER	2
4ic6C	143	1	C	264		GLY	2
4ic6C	144	1	C	265		LEU	2
4ic6C	145	1	C	266		ASN	2
4ic6C	146	1	C	267		ARG	2
4ic6C	147	1	C	268		ASP	2
4ic6C	148	1	C	269		ILE	2
4ic6C	149	1	C	270		PHE	2
4ic6C	150	1	C	271		SER	2
4ic6C	151	1	C	272		GLN	2
4ic6C	152	1	C	273		THR	2
4ic6C	153	1	C	274		GLY	2
4ic6C	154	1	C	275		VAL	2
4ic6C	155	1	C	276		THR	2
4ic6C	156	1	C	277		ILE	2
4ic6C	157	1	C	278		GLY	2
4ic6C	158	1	C	279		GLY	2
4ic6C	159	1	C	280		GLY	2
4ic6C	160	1	C	281		ILE	2
4ic6C	161	1	C	282		GLN	2
4ic6C	162	1	C	283		THR	2
4ic6C	163	1	C	284		ASP	2
4ic6C	164	1	C	285		ALA	2
4ic6C	165	1	C	286		ALA	2
4ic6C	166	1	C	287		ILE	2
4ic6C	167	1	C	288		ASN	2
4ic6C	168	1	C	289		PRO	2
4ic6C	169	1	C	290		GLY	2
4ic6C	170	1	C	291		ASN	2
4ic6C	171	1	C	292		ALA	2
4ic6C	172	1	C	293		GLY	2
4ic6C	173	1	C	294		GLY	2
4ic6C	174	1	C	295		PRO	2
4ic6C	175	1	C	296		LEU	2
4ic6C	176	1	C	297		LEU	2
4ic6C	177	1	C	298		ASP	2
4ic6C	178	1	C	299		SER	2
4ic6C	179	1	C	300		LYS	2
4ic6C	180	1	C	301		GLY	2
4ic6C	181	1	C	302		ASN	2
4ic6C	182	1	C	303		LEU	2
4ic6C	183	1	C	304		ILE	2
4ic6C	184	1	C	305		GLY	2
4ic6C	185	1	C	306		ILE	2
4ic6C	186	1	C	307		ASN	2
4ic6C	187	1	C	308		THR	2
4ic6C	188	1	C	309		ALA	2
4ic6C	189	1	C	310		ILE	2
4ic6C	190	1	C	311		PHE	2
4ic6C	191	1	C	312		THR	2
4ic6C	192	1	C	313		GLN	2
4ic6C	193	1	C	314		THR	2
4ic6C	194	1	C	315		GLY	2
4ic6C	195	1	C	316		THR	2
4ic6C	196	1	C	317		SER	2
4ic6C	197	1	C	318		ALA	2
4ic6C	198	1	C	319		GLY	2
4ic6C	199	1	C	320		VAL	2
4ic6C	200	1	C	321		GLY	2
4ic6C	201	1	C	322		PHE	2
4ic6C	202	1	C	323		ALA	2
4ic6C	203	1	C	324		ILE	2
4ic6C	204	1	C	325		PRO	2
4ic6C	205	1	C	326		SER	2
4ic6C	206	1	C	327		SER	2
4ic6C	207	1	C	328		THR	2
4ic6C	208	1	C	329		VAL	1
4ic6C	209	1	C	330		LEU	1
4ic6C	210	1	C	331		LYS	1
4ic6C	211	1	C	332		ILE	1
4ic6C	212	1	C	333		VAL	1
4ic6C	213	1	C	334		PRO	1
4ic6C	214	1	C	335		GLN	1
4ic6C	215	1	C	336		LEU	1
4ic6C	216	1	C	337		ILE	1
4ic6C	217	1	C	338		GLN	1
4ic6C	218	1	C	339		PHE	1
4ic6C	219	1	C	340		SER	1
4ic6C	220	1	C	341		LYS	1
4ic6C	221	1	C	342		VAL	1
4ic6C	222	1	C	343		LEU	3
4ic6C	223	1	C	344		ARG	3
4ic6C	224	1	C	345		ALA	3
4ic6C	225	1	C	346		GLY	3
4ic6C	226	1	C	347		ILE	3
4ic6C	227	1	C	348		ASN	3
4ic6C	228	1	C	349		ILE	3
4ic6C	229	1	C	350		GLU	3
4ic6C	230	1	C	351		LEU	3
4ic6C	231	1	C	352		ALA	3
4ic6C	232	1	C	353		PRO	3
4ic6C	233	1	C	354		ASP	3
4ic6C	234	1	C	355		PRO	3
4ic6C	235	1	C	356		VAL	3
4ic6C	236	1	C	357		ALA	3
4ic6C	237	1	C	358		ASN	3
4ic6C	238	1	C	359		GLN	3
4ic6C	239	1	C	360		LEU	3
4ic6C	240	1	C	361		ASN	3
4ic6C	241	1	C	362		VAL	3
4ic6C	242	1	C	363		ARG	3
4ic6C	243	1	C	364		ASN	3
4ic6C	244	1	C	365		GLY	3
4ic6C	245	1	C	366		ALA	3
4ic6C	246	1	C	367		LEU	3
4ic6C	247	1	C	368		VAL	3
4ic6C	248	1	C	369		LEU	3
4ic6C	249	1	C	370		GLN	3
4ic6C	250	1	C	371		VAL	3
4ic6C	251	1	C	372		PRO	3
4ic6C	252	1	C	373		GLY	3
4ic6C	253	1	C	374		LYS	3
4ic6C	254	1	C	375		SER	3
4ic6C	255	1	C	376		LEU	3
4ic6C	256	1	C	377		ALA	3
4ic6C	257	1	C	378		GLU	3
4ic6C	258	1	C	379		LYS	3
4ic6C	259	1	C	380		ALA	3
4ic6C	260	1	C	381		GLY	3
4ic6C	261	1	C	382		LEU	3
4ic6C	262	1	C	383		HIS	3
4ic6C	263	1	C	384		PRO	3
4ic6C	264	1	C	385		THR	3
4ic6C	265	1	C	386		SER	3
4ic6C	266	1	C	387		ARG	3
4ic6C	267	1	C	388		GLY	3
4ic6C	268	1	C	389		PHE	3
4ic6C	269	1	C	390		ALA	3
4ic6C	270	1	C	391		GLY	3
4ic6C	271	1	C	392		ASN	3
4ic6C	272	1	C	393		ILE	3
4ic6C	273	1	C	394		VAL	3
4ic6C	274	1	C	395		LEU	3
4ic6C	275	1	C	396		GLY	3
4ic6C	276	1	C	397		ASP	3
4ic6C	277	1	C	398		ILE	3
4ic6C	278	1	C	399		ILE	3
4ic6C	279	1	C	400		VAL	3
4ic6C	280	1	C	401		ALA	3
4ic6C	281	1	C	402		VAL	3
4ic6C	282	1	C	403		ASP	3
4ic6C	283	1	C	404		ASP	3
4ic6C	284	1	C	405		LYS	3
4ic6C	285	1	C	406		PRO	3
4ic6C	286	1	C	407		VAL	3
4ic6C	287	1	C	408		LYS	3
4ic6C	288	1	C	409		ASN	3
4ic6C	289	1	C	410		LYS	3
4ic6C	290	1	C	411		ALA	3
4ic6C	291	1	C	412		GLU	3
4ic6C	292	1	C	413		LEU	3
4ic6C	293	1	C	414		MET	3
4ic6C	294	1	C	415		LYS	3
4ic6C	295	1	C	416		ILE	3
4ic6C	296	1	C	417		LEU	3
4ic6C	297	1	C	418		ASP	3
4ic6C	298	1	C	419		GLU	3
4ic6C	299	1	C	420		TYR	3
4ic6C	300	1	C	421		SER	3
4ic6C	301	1	C	422		VAL	3
4ic6C	302	1	C	423		GLY	3
4ic6C	303	1	C	424		ASP	3
4ic6C	304	1	C	425		LYS	3
4ic6C	305	1	C	426		VAL	3
4ic6C	306	1	C	427		THR	3
4ic6C	307	1	C	428		LEU	3
4ic6C	308	1	C	429		LYS	3
4ic6C	309	1	C	430		ILE	3
4ic6C	310	1	C	431		LYS	3
4ic6C	311	1	C	432		ARG	3
4ic6C	312	1	C	433		GLY	3
4ic6C	313	1	C	434		ASN	3
4ic6C	314	1	C	435		GLU	3
4ic6C	315	1	C	436		ASP	3
4ic6C	316	1	C	437		LEU	3
4ic6C	317	1	C	438		GLU	3
4ic6C	318	1	C	439		LEU	3
4ic6C	319	1	C	440		LYS	3
4ic6C	320	1	C	441		ILE	3
4ic6C	321	1	C	442		SER	3
4ic6C	322	1	C	443		LEU	3
4ic6C	323	1	C	444		GLU	3
4ic6C	324	1	C	445		GLU	3
4ic6C	325	1	C	446		LYS	2
4ic6C	326	1	C	447		SER	2
4ic6C	327	1	C	448		SER	2
4ic6C	328	1	C	449		LEU	2
4ic6C	329	1	C	450		GLU	2
4ic6C	330	1	C	451		HIS	2
4ic6C	331	1	C	452		HIS	2
4ic6C	332	1	C	453		HIS	2
4ic6C	333	1	C	454		HIS	2
4ic6C	334	1	C	455		HIS	2
4ze8A	0	1	A	31		GLU	1
4ze8A	1	1	A	32		ARG	1
4ze8A	2	1	A	33		ARG	1
4ze8A	3	1	A	34		ALA	1
4ze8A	4	1	A	35		LEU	1
4ze8A	5	1	A	36		ARG	1
4ze8A	6	1	A	37		LEU	1
4ze8A	7	1	A	38		GLY	1
4ze8A	8	1	A	39		VAL	1
4ze8A	9	1	A	40		ASN	1
4ze8A	10	1	A	41		GLY	1
4ze8A	11	1	A	42		LEU	1
4ze8A	12	1	A	43		PRO	1
4ze8A	13	1	A	44		ASN	1
4ze8A	14	1	A	45		SER	1
4ze8A	15	1	A	46		LEU	1
4ze8A	16	1	A	47		GLU	1
4ze8A	17	1	A	48		PRO	1
4ze8A	18	1	A	49		VAL	1
4ze8A	19	1	A	50		ASN	1
4ze8A	20	1	A	51		ALA	1
4ze8A	21	1	A	52		ILE	1
4ze8A	22	1	A	53		SER	1
4ze8A	23	1	A	54		ASN	1
4ze8A	24	1	A	55		VAL	1
4ze8A	25	1	A	56		GLY	1
4ze8A	26	1	A	57		PRO	1
4ze8A	27	1	A	58		ARG	1
4ze8A	28	1	A	59		ILE	1
4ze8A	29	1	A	60		VAL	1
4ze8A	30	1	A	61		ASN	1
4ze8A	31	1	A	62		GLN	1
4ze8A	32	1	A	63		ILE	2
4ze8A	33	1	A	64		PHE	2
4ze8A	34	1	A	65		ASP	2
4ze8A	35	1	A	66		THR	2
4ze8A	36	1	A	67		LEU	2
4ze8A	37	1	A	68		ILE	2
4ze8A	38	1	A	69		ALA	2
4ze8A	39	1	A	70		ARG	2
4ze8A	40	1	A	71		ASP	2
4ze8A	41	1	A	72		PHE	2
4ze8A	42	1	A	73		PHE	2
4ze8A	43	1	A	74		ALA	2
4ze8A	44	1	A	75		LYS	2
4ze8A	45	1	A	76		GLY	2
4ze8A	46	1	A	77		ALA	2
4ze8A	47	1	A	78		PRO	2
4ze8A	48	1	A	79		GLY	2
4ze8A	49	1	A	80		ASN	2
4ze8A	50	1	A	81		ALA	2
4ze8A	51	1	A	82		ILE	2
4ze8A	52	1	A	83		ASP	2
4ze8A	53	1	A	84		LEU	2
4ze8A	54	1	A	85		VAL	2
4ze8A	55	1	A	86		PRO	2
4ze8A	56	1	A	87		ALA	2
4ze8A	57	1	A	88		LEU	2
4ze8A	58	1	A	89		ALA	2
4ze8A	59	1	A	90		GLU	2
4ze8A	60	1	A	91		SER	2
4ze8A	61	1	A	92		TRP	2
4ze8A	62	1	A	93		GLU	2
4ze8A	63	1	A	94		ARG	2
4ze8A	64	1	A	95		ILE	2
4ze8A	65	1	A	96		ASP	2
4ze8A	66	1	A	97		GLU	2
4ze8A	67	1	A	98		LYS	2
4ze8A	68	1	A	99		SER	2
4ze8A	69	1	A	100		VAL	2
4ze8A	70	1	A	101		ARG	2
4ze8A	71	1	A	102		PHE	2
4ze8A	72	1	A	103		LYS	2
4ze8A	73	1	A	104		LEU	2
4ze8A	74	1	A	105		ARG	2
4ze8A	75	1	A	106		GLN	2
4ze8A	76	1	A	107		LYS	2
4ze8A	77	1	A	108		VAL	2
4ze8A	78	1	A	109		MET	2
4ze8A	79	1	A	110		PHE	2
4ze8A	80	1	A	111		HIS	2
4ze8A	81	1	A	112		ASP	2
4ze8A	82	1	A	113		GLY	2
4ze8A	83	1	A	114		VAL	2
4ze8A	84	1	A	115		GLU	2
4ze8A	85	1	A	116		LEU	2
4ze8A	86	1	A	117		THR	2
4ze8A	87	1	A	118		ALA	2
4ze8A	88	1	A	119		ASP	2
4ze8A	89	1	A	120		ASP	2
4ze8A	90	1	A	121		VAL	2
4ze8A	91	1	A	122		ALA	2
4ze8A	92	1	A	123		TYR	2
4ze8A	93	1	A	124		THR	2
4ze8A	94	1	A	125		PHE	2
4ze8A	95	1	A	126		SER	2
4ze8A	96	1	A	127		SER	2
4ze8A	97	1	A	128		GLU	2
4ze8A	98	1	A	129		ARG	2
4ze8A	99	1	A	130		LEU	2
4ze8A	100	1	A	131		TRP	2
4ze8A	101	1	A	132		GLY	2
4ze8A	102	1	A	133		PRO	2
4ze8A	103	1	A	134		GLU	2
4ze8A	104	1	A	135		ALA	2
4ze8A	105	1	A	136		ILE	2
4ze8A	106	1	A	137		LYS	2
4ze8A	107	1	A	138		LYS	2
4ze8A	108	1	A	139		ILE	2
4ze8A	109	1	A	140		PRO	2
4ze8A	110	1	A	141		LEU	2
4ze8A	111	1	A	142		GLY	2
4ze8A	112	1	A	143		LYS	2
4ze8A	113	1	A	144		SER	2
4ze8A	114	1	A	145		TYR	2
4ze8A	115	1	A	146		SER	2
4ze8A	116	1	A	147		LEU	2
4ze8A	117	1	A	148		ASP	2
4ze8A	118	1	A	149		PHE	2
4ze8A	119	1	A	150		ASP	2
4ze8A	120	1	A	151		GLU	2
4ze8A	121	1	A	152		PRO	2
4ze8A	122	1	A	153		VAL	2
4ze8A	123	1	A	154		VAL	2
4ze8A	124	1	A	155		GLU	2
4ze8A	125	1	A	156		ASP	2
4ze8A	126	1	A	157		LYS	2
4ze8A	127	1	A	158		TYR	2
4ze8A	128	1	A	159		THR	2
4ze8A	129	1	A	160		VAL	2
4ze8A	130	1	A	161		THR	2
4ze8A	131	1	A	162		LEU	2
4ze8A	132	1	A	163		ARG	2
4ze8A	133	1	A	164		THR	2
4ze8A	134	1	A	165		LYS	2
4ze8A	135	1	A	166		THR	2
4ze8A	136	1	A	167		PRO	2
4ze8A	137	1	A	168		SER	2
4ze8A	138	1	A	169		TYR	2
4ze8A	139	1	A	170		LEU	2
4ze8A	140	1	A	171		ILE	2
4ze8A	141	1	A	172		GLU	2
4ze8A	142	1	A	173		THR	2
4ze8A	143	1	A	174		PHE	2
4ze8A	144	1	A	175		VAL	2
4ze8A	145	1	A	176		ALA	2
4ze8A	146	1	A	177		SER	2
4ze8A	147	1	A	178		TRP	2
4ze8A	148	1	A	179		MET	2
4ze8A	149	1	A	180		SER	2
4ze8A	150	1	A	181		ARG	2
4ze8A	151	1	A	182		ILE	2
4ze8A	152	1	A	183		VAL	2
4ze8A	153	1	A	184		PRO	2
4ze8A	154	1	A	185		LYS	2
4ze8A	155	1	A	186		GLU	2
4ze8A	156	1	A	187		TYR	2
4ze8A	157	1	A	188		TYR	2
4ze8A	158	1	A	189		LYS	2
4ze8A	159	1	A	190		LYS	2
4ze8A	160	1	A	191		LEU	2
4ze8A	161	1	A	192		GLY	2
4ze8A	162	1	A	193		ALA	2
4ze8A	163	1	A	194		VAL	2
4ze8A	164	1	A	195		ASP	2
4ze8A	165	1	A	196		PHE	2
4ze8A	166	1	A	197		GLY	2
4ze8A	167	1	A	198		ASN	2
4ze8A	168	1	A	199		LYS	2
4ze8A	169	1	A	200		PRO	2
4ze8A	170	1	A	201		VAL	2
4ze8A	171	1	A	202		GLY	2
4ze8A	172	1	A	203		THR	2
4ze8A	173	1	A	204		GLY	2
4ze8A	174	1	A	205		PRO	1
4ze8A	175	1	A	206		TYR	1
4ze8A	176	1	A	207		LYS	1
4ze8A	177	1	A	208		PHE	1
4ze8A	178	1	A	209		VAL	1
4ze8A	179	1	A	210		GLU	1
4ze8A	180	1	A	211		PHE	1
4ze8A	181	1	A	212		VAL	1
4ze8A	182	1	A	213		ALA	1
4ze8A	183	1	A	214		GLY	1
4ze8A	184	1	A	215		ASP	1
4ze8A	185	1	A	216		ARG	1
4ze8A	186	1	A	217		VAL	1
4ze8A	187	1	A	218		VAL	1
4ze8A	188	1	A	219		LEU	1
4ze8A	189	1	A	220		GLU	1
4ze8A	190	1	A	221		ALA	1
4ze8A	191	1	A	222		ASN	1
4ze8A	192	1	A	223		ASP	1
4ze8A	193	1	A	224		ALA	1
4ze8A	194	1	A	225		TYR	1
4ze8A	195	1	A	226		TRP	1
4ze8A	196	1	A	227		GLY	1
4ze8A	197	1	A	228		PRO	1
4ze8A	198	1	A	229		LYS	1
4ze8A	199	1	A	230		PRO	1
4ze8A	200	1	A	231		THR	1
4ze8A	201	1	A	232		ALA	1
4ze8A	202	1	A	233		SER	1
4ze8A	203	1	A	234		LYS	1
4ze8A	204	1	A	235		ILE	1
4ze8A	205	1	A	236		THR	1
4ze8A	206	1	A	237		TYR	1
4ze8A	207	1	A	238		GLN	1
4ze8A	208	1	A	239		ILE	1
4ze8A	209	1	A	240		VAL	1
4ze8A	210	1	A	241		ALA	1
4ze8A	211	1	A	242		GLU	1
4ze8A	212	1	A	243		PRO	1
4ze8A	213	1	A	244		ALA	1
4ze8A	214	1	A	245		THR	1
4ze8A	215	1	A	246		ARG	1
4ze8A	216	1	A	247		VAL	1
4ze8A	217	1	A	248		ALA	1
4ze8A	218	1	A	249		GLY	1
4ze8A	219	1	A	250		LEU	1
4ze8A	220	1	A	251		ILE	1
4ze8A	221	1	A	252		SER	1
4ze8A	222	1	A	253		GLY	1
4ze8A	223	1	A	254		GLU	1
4ze8A	224	1	A	255		TYR	1
4ze8A	225	1	A	256		ASP	1
4ze8A	226	1	A	257		ILE	1
4ze8A	227	1	A	258		ILE	1
4ze8A	228	1	A	259		THR	1
4ze8A	229	1	A	260		THR	1
4ze8A	230	1	A	261		LEU	1
4ze8A	231	1	A	262		THR	1
4ze8A	232	1	A	263		PRO	1
4ze8A	233	1	A	264		ASP	1
4ze8A	234	1	A	265		ASP	1
4ze8A	235	1	A	266		ILE	1
4ze8A	236	1	A	267		GLN	1
4ze8A	237	1	A	268		LEU	1
4ze8A	238	1	A	269		ILE	1
4ze8A	239	1	A	270		ASN	1
4ze8A	240	1	A	271		SER	1
4ze8A	241	1	A	272		TYR	1
4ze8A	242	1	A	273		PRO	1
4ze8A	243	1	A	274		ASP	1
4ze8A	244	1	A	275		LEU	1
4ze8A	245	1	A	276		GLU	1
4ze8A	246	1	A	277		THR	1
4ze8A	247	1	A	278		ARG	1
4ze8A	248	1	A	279		GLY	1
4ze8A	249	1	A	280		THR	1
4ze8A	250	1	A	281		LEU	3
4ze8A	251	1	A	282		ILE	3
4ze8A	252	1	A	283		GLU	3
4ze8A	253	1	A	284		ASN	3
4ze8A	254	1	A	285		PHE	3
4ze8A	255	1	A	286		HIS	3
4ze8A	256	1	A	287		MET	3
4ze8A	257	1	A	288		PHE	3
4ze8A	258	1	A	289		THR	3
4ze8A	259	1	A	290		PHE	3
4ze8A	260	1	A	291		ASN	3
4ze8A	261	1	A	292		MET	3
4ze8A	262	1	A	293		ASN	3
4ze8A	263	1	A	294		GLN	3
4ze8A	264	1	A	295		GLU	3
4ze8A	265	1	A	296		VAL	3
4ze8A	266	1	A	297		PHE	3
4ze8A	267	1	A	298		LYS	3
4ze8A	268	1	A	299		ASP	3
4ze8A	269	1	A	300		LYS	3
4ze8A	270	1	A	301		LYS	3
4ze8A	271	1	A	302		LEU	3
4ze8A	272	1	A	303		ARG	3
4ze8A	273	1	A	304		ARG	3
4ze8A	274	1	A	305		ALA	3
4ze8A	275	1	A	306		LEU	3
4ze8A	276	1	A	307		ALA	3
4ze8A	277	1	A	308		LEU	3
4ze8A	278	1	A	309		ALA	3
4ze8A	279	1	A	310		VAL	3
4ze8A	280	1	A	311		ASN	3
4ze8A	281	1	A	312		ARG	3
4ze8A	282	1	A	313		PRO	3
4ze8A	283	1	A	314		ILE	3
4ze8A	284	1	A	315		MET	3
4ze8A	285	1	A	316		VAL	3
4ze8A	286	1	A	317		GLU	3
4ze8A	287	1	A	318		ALA	3
4ze8A	288	1	A	319		LEU	3
4ze8A	289	1	A	320		TRP	3
4ze8A	290	1	A	321		LYS	3
4ze8A	291	1	A	322		LYS	3
4ze8A	292	1	A	323		GLN	3
4ze8A	293	1	A	324		ALA	3
4ze8A	294	1	A	325		SER	3
4ze8A	295	1	A	326		ILE	3
4ze8A	296	1	A	327		PRO	3
4ze8A	297	1	A	328		ALA	3
4ze8A	298	1	A	329		GLY	3
4ze8A	299	1	A	330		PHE	3
4ze8A	300	1	A	331		ASN	3
4ze8A	301	1	A	332		PHE	3
4ze8A	302	1	A	333		PRO	3
4ze8A	303	1	A	334		ASN	3
4ze8A	304	1	A	335		TYR	3
4ze8A	305	1	A	336		GLY	3
4ze8A	306	1	A	337		GLU	3
4ze8A	307	1	A	338		THR	3
4ze8A	308	1	A	339		PHE	3
4ze8A	309	1	A	340		ASP	3
4ze8A	310	1	A	341		PRO	3
4ze8A	311	1	A	342		LYS	3
4ze8A	312	1	A	343		ARG	3
4ze8A	313	1	A	344		LYS	3
4ze8A	314	1	A	345		ALA	3
4ze8A	315	1	A	346		MET	3
4ze8A	316	1	A	347		GLU	3
4ze8A	317	1	A	348		TYR	3
4ze8A	318	1	A	349		ASN	3
4ze8A	319	1	A	350		VAL	3
4ze8A	320	1	A	351		GLU	3
4ze8A	321	1	A	352		GLU	3
4ze8A	322	1	A	353		ALA	3
4ze8A	323	1	A	354		LYS	3
4ze8A	324	1	A	355		ARG	3
4ze8A	325	1	A	356		LEU	3
4ze8A	326	1	A	357		VAL	3
4ze8A	327	1	A	358		LYS	3
4ze8A	328	1	A	359		GLU	3
4ze8A	329	1	A	360		SER	3
4ze8A	330	1	A	361		GLY	3
4ze8A	331	1	A	362		TYR	3
4ze8A	332	1	A	363		ASP	3
4ze8A	333	1	A	364		GLY	3
4ze8A	334	1	A	365		THR	3
4ze8A	335	1	A	366		PRO	3
4ze8A	336	1	A	367		ILE	3
4ze8A	337	1	A	368		THR	3
4ze8A	338	1	A	369		TYR	3
4ze8A	339	1	A	370		HIS	3
4ze8A	340	1	A	371		THR	3
4ze8A	341	1	A	372		MET	3
4ze8A	342	1	A	373		GLY	3
4ze8A	343	1	A	374		ASN	3
4ze8A	344	1	A	375		TYR	3
4ze8A	345	1	A	376		TYR	3
4ze8A	346	1	A	377		ALA	3
4ze8A	347	1	A	378		ASN	3
4ze8A	348	1	A	379		ALA	3
4ze8A	349	1	A	380		MET	3
4ze8A	350	1	A	381		PRO	3
4ze8A	351	1	A	382		ALA	3
4ze8A	352	1	A	383		LEU	3
4ze8A	353	1	A	384		MET	3
4ze8A	354	1	A	385		MET	3
4ze8A	355	1	A	386		MET	3
4ze8A	356	1	A	387		ILE	3
4ze8A	357	1	A	388		GLU	3
4ze8A	358	1	A	389		MET	3
4ze8A	359	1	A	390		TRP	3
4ze8A	360	1	A	391		LYS	3
4ze8A	361	1	A	392		GLN	3
4ze8A	362	1	A	393		ILE	3
4ze8A	363	1	A	394		GLY	3
4ze8A	364	1	A	395		VAL	3
4ze8A	365	1	A	396		ASN	3
4ze8A	366	1	A	397		VAL	3
4ze8A	367	1	A	398		VAL	3
4ze8A	368	1	A	399		MET	3
4ze8A	369	1	A	400		LYS	3
4ze8A	370	1	A	401		THR	3
4ze8A	371	1	A	402		TYR	3
4ze8A	372	1	A	403		ALA	3
4ze8A	373	1	A	404		PRO	3
4ze8A	374	1	A	405		GLY	3
4ze8A	375	1	A	406		SER	3
4ze8A	376	1	A	407		PHE	3
4ze8A	377	1	A	408		PRO	3
4ze8A	378	1	A	409		PRO	3
4ze8A	379	1	A	410		ASP	3
4ze8A	380	1	A	411		ASN	3
4ze8A	381	1	A	412		GLN	3
4ze8A	382	1	A	413		THR	3
4ze8A	383	1	A	414		TRP	3
4ze8A	384	1	A	415		MET	3
4ze8A	385	1	A	416		ARG	3
4ze8A	386	1	A	417		ASN	3
4ze8A	387	1	A	418		TRP	3
4ze8A	388	1	A	419		SER	3
4ze8A	389	1	A	420		ASN	3
4ze8A	390	1	A	421		GLY	3
4ze8A	391	1	A	422		GLN	3
4ze8A	392	1	A	423		TRP	3
4ze8A	393	1	A	424		MET	3
4ze8A	394	1	A	425		THR	3
4ze8A	395	1	A	426		ASP	3
4ze8A	396	1	A	427		ALA	3
4ze8A	397	1	A	428		TYR	3
4ze8A	398	1	A	429		ALA	3
4ze8A	399	1	A	430		THR	3
4ze8A	400	1	A	431		ILE	3
4ze8A	401	1	A	432		VAL	3
4ze8A	402	1	A	433		PRO	3
4ze8A	403	1	A	434		GLU	3
4ze8A	404	1	A	435		PHE	3
4ze8A	405	1	A	436		GLY	3
4ze8A	406	1	A	437		PRO	3
4ze8A	407	1	A	438		ASN	3
4ze8A	408	1	A	439		GLY	3
4ze8A	409	1	A	440		GLN	3
4ze8A	410	1	A	441		VAL	3
4ze8A	411	1	A	442		GLN	3
4ze8A	412	1	A	443		LYS	3
4ze8A	413	1	A	444		ARG	3
4ze8A	414	1	A	445		TRP	3
4ze8A	415	1	A	446		GLY	3
4ze8A	416	1	A	447		TRP	3
4ze8A	417	1	A	448		LYS	3
4ze8A	418	1	A	449		ALA	3
4ze8A	419	1	A	450		PRO	3
4ze8A	420	1	A	451		ALA	3
4ze8A	421	1	A	452		GLU	3
4ze8A	422	1	A	453		PHE	3
4ze8A	423	1	A	454		ASN	3
4ze8A	424	1	A	455		GLU	3
4ze8A	425	1	A	456		LEU	3
4ze8A	426	1	A	457		CYS	3
4ze8A	427	1	A	458		GLN	3
4ze8A	428	1	A	459		LYS	3
4ze8A	429	1	A	460		VAL	3
4ze8A	430	1	A	461		THR	3
4ze8A	431	1	A	462		VAL	3
4ze8A	432	1	A	463		LEU	3
4ze8A	433	1	A	464		PRO	3
4ze8A	434	1	A	465		ASN	3
4ze8A	435	1	A	466		GLY	3
4ze8A	436	1	A	467		LYS	3
4ze8A	437	1	A	468		GLU	3
4ze8A	438	1	A	469		ARG	3
4ze8A	439	1	A	470		PHE	3
4ze8A	440	1	A	471		ASP	3
4ze8A	441	1	A	472		ALA	3
4ze8A	442	1	A	473		TYR	3
4ze8A	443	1	A	474		ASN	3
4ze8A	444	1	A	475		ARG	3
4ze8A	445	1	A	476		MET	3
4ze8A	446	1	A	477		ARG	3
4ze8A	447	1	A	478		ASP	3
4ze8A	448	1	A	479		ILE	3
4ze8A	449	1	A	480		PHE	3
4ze8A	450	1	A	481		GLU	3
4ze8A	451	1	A	482		GLU	3
4ze8A	452	1	A	483		GLU	3
4ze8A	453	1	A	484		ALA	3
4ze8A	454	1	A	485		PRO	3
4ze8A	455	1	A	486		ALA	3
4ze8A	456	1	A	487		VAL	3
4ze8A	457	1	A	488		ILE	3
4ze8A	458	1	A	489		LEU	3
4ze8A	459	1	A	490		TYR	3
4ze8A	460	1	A	491		GLN	3
4ze8A	461	1	A	492		PRO	3
4ze8A	462	1	A	493		TYR	3
4ze8A	463	1	A	494		ASP	1
4ze8A	464	1	A	495		VAL	1
4ze8A	465	1	A	496		TYR	1
4ze8A	466	1	A	497		ALA	1
4ze8A	467	1	A	498		ALA	1
4ze8A	468	1	A	499		ARG	1
4ze8A	469	1	A	500		LYS	1
4ze8A	470	1	A	501		ASP	1
4ze8A	471	1	A	502		VAL	1
4ze8A	472	1	A	503		HIS	1
4ze8A	473	1	A	504		TRP	1
4ze8A	474	1	A	505		LYS	1
4ze8A	475	1	A	506		PRO	1
4ze8A	476	1	A	507		VAL	1
4ze8A	477	1	A	508		SER	1
4ze8A	478	1	A	509		PHE	1
4ze8A	479	1	A	510		GLU	1
4ze8A	480	1	A	511		MET	1
4ze8A	481	1	A	512		MET	1
4ze8A	482	1	A	513		GLU	1
4ze8A	483	1	A	514		PHE	1
4ze8A	484	1	A	515		ARG	1
4ze8A	485	1	A	516		ASN	1
4ze8A	486	1	A	517		ASN	1
4ze8A	487	1	A	518		LEU	1
4ze8A	488	1	A	519		SER	1
4ze8A	489	1	A	520		PHE	1
4ze8A	490	1	A	521		GLY	1
4o5vA	0	1	A	6		ILE	1
4o5vA	1	1	A	7		ARG	1
4o5vA	2	1	A	8		SER	1
4o5vA	3	1	A	9		VAL	1
4o5vA	4	1	A	10		THR	1
4o5vA	5	1	A	11		GLU	1
4o5vA	6	1	A	12		GLU	1
4o5vA	7	1	A	13		ASP	1
4o5vA	8	1	A	14		TYR	1
4o5vA	9	1	A	15		LEU	1
4o5vA	10	1	A	16		LYS	1
4o5vA	11	1	A	17		ILE	1
4o5vA	12	1	A	18		ILE	1
4o5vA	13	1	A	19		GLN	1
4o5vA	14	1	A	20		GLU	1
4o5vA	15	1	A	21		LEU	1
4o5vA	16	1	A	22		VAL	1
4o5vA	17	1	A	23		LEU	1
4o5vA	18	1	A	24		TYR	1
4o5vA	19	1	A	25		LYS	1
4o5vA	20	1	A	26		GLY	1
4o5vA	21	1	A	27		TYR	1
4o5vA	22	1	A	28		ALA	1
4o5vA	23	1	A	29		THR	1
4o5vA	24	1	A	30		LEU	1
4o5vA	25	1	A	31		ALA	1
4o5vA	26	1	A	32		ASP	1
4o5vA	27	1	A	33		ILE	1
4o5vA	28	1	A	34		SER	1
4o5vA	29	1	A	35		ARG	1
4o5vA	30	1	A	36		SER	1
4o5vA	31	1	A	37		LEU	1
4o5vA	32	1	A	38		ASN	1
4o5vA	33	1	A	39		VAL	1
4o5vA	34	1	A	40		LYS	1
4o5vA	35	1	A	41		ARG	1
4o5vA	36	1	A	42		GLN	1
4o5vA	37	1	A	43		SER	1
4o5vA	38	1	A	44		VAL	1
4o5vA	39	1	A	45		ARG	1
4o5vA	40	1	A	46		ASP	1
4o5vA	41	1	A	47		GLU	1
4o5vA	42	1	A	48		ILE	1
4o5vA	43	1	A	49		ASN	1
4o5vA	44	1	A	50		HIS	1
4o5vA	45	1	A	51		LEU	1
4o5vA	46	1	A	52		ILE	1
4o5vA	47	1	A	53		SER	1
4o5vA	48	1	A	54		LEU	1
4o5vA	49	1	A	55		SER	1
4o5vA	50	1	A	56		MSE	1
4o5vA	51	1	A	57		ALA	1
4o5vA	52	1	A	58		GLU	1
4o5vA	53	1	A	59		LYS	1
4o5vA	54	1	A	60		ILE	1
4o5vA	55	1	A	61		GLU	1
4o5vA	56	1	A	62		ARG	1
4o5vA	57	1	A	63		GLY	1
4o5vA	58	1	A	64		LYS	1
4o5vA	59	1	A	65		TYR	1
4o5vA	60	1	A	66		ARG	1
4o5vA	61	1	A	67		LEU	1
4o5vA	62	1	A	68		THR	1
4o5vA	63	1	A	69		PRO	1
4o5vA	64	1	A	70		SER	1
4o5vA	65	1	A	71		GLY	1
4o5vA	66	1	A	72		ASP	1
4o5vA	67	1	A	73		ARG	1
4o5vA	68	1	A	74		GLU	1
4o5vA	69	1	A	75		ALA	1
4o5vA	70	1	A	76		ASN	2
4o5vA	71	1	A	77		ARG	2
4o5vA	72	1	A	78		PHE	2
4o5vA	73	1	A	79		LEU	2
4o5vA	74	1	A	80		ARG	2
4o5vA	75	1	A	81		LYS	2
4o5vA	76	1	A	82		HIS	2
4o5vA	77	1	A	83		ARG	2
4o5vA	78	1	A	84		THR	2
4o5vA	79	1	A	85		ALA	2
4o5vA	80	1	A	86		GLU	2
4o5vA	81	1	A	87		ILE	2
4o5vA	82	1	A	88		LEU	2
4o5vA	83	1	A	89		LEU	2
4o5vA	84	1	A	90		SER	2
4o5vA	85	1	A	91		ARG	2
4o5vA	86	1	A	92		CYS	2
4o5vA	87	1	A	93		ILE	2
4o5vA	88	1	A	94		GLY	2
4o5vA	89	1	A	95		ILE	2
4o5vA	90	1	A	96		PRO	2
4o5vA	91	1	A	97		TRP	2
4o5vA	92	1	A	98		GLU	2
4o5vA	93	1	A	99		ARG	2
4o5vA	94	1	A	100		VAL	2
4o5vA	95	1	A	101		ASP	2
4o5vA	96	1	A	102		GLU	2
4o5vA	97	1	A	103		GLU	2
4o5vA	98	1	A	104		ALA	2
4o5vA	99	1	A	105		MSE	2
4o5vA	100	1	A	106		GLY	2
4o5vA	101	1	A	107		ILE	2
4o5vA	102	1	A	108		GLU	2
4o5vA	103	1	A	109		HIS	2
4o5vA	104	1	A	110		GLY	2
4o5vA	105	1	A	111		MSE	2
4o5vA	106	1	A	112		THR	2
4o5vA	107	1	A	113		GLU	2
4o5vA	108	1	A	114		GLU	2
4o5vA	109	1	A	115		ILE	2
4o5vA	110	1	A	116		ILE	2
4o5vA	111	1	A	117		GLN	2
4o5vA	112	1	A	118		ARG	2
4o5vA	113	1	A	119		THR	2
4o5vA	114	1	A	120		ILE	2
4o5vA	115	1	A	121		GLU	2
4o5vA	116	1	A	122		ARG	2
4o5vA	117	1	A	123		PHE	2
4o5vA	118	1	A	124		GLY	2
4o5vA	119	1	A	125		VAL	2
4o5vA	120	1	A	126		ASP	2
4o5vA	121	1	A	127		ARG	2
4o5vA	122	1	A	128		CYS	2
4o5vA	123	1	A	129		PRO	2
4o5vA	124	1	A	130		HIS	2
4o5vA	125	1	A	131		GLY	2
4o5vA	126	1	A	132		ASN	2
4o5vA	127	1	A	133		PRO	2
4o5vA	128	1	A	134		ILE	2
4o5vA	129	1	A	135		PRO	2
4o5vA	130	1	A	136		ASP	2
4o5vA	131	1	A	137		PRO	2
4o5vA	132	1	A	138		GLU	2
4o5vA	133	1	A	139		GLY	2
4o5vA	134	1	A	140		ASN	2
4o5vA	135	1	A	141		VAL	2
4o5vA	136	1	A	142		GLU	2
4o5vA	137	1	A	143		PRO	2
4o5vA	138	1	A	144		VAL	3
4o5vA	139	1	A	145		ALA	3
4o5vA	140	1	A	146		ASP	3
4o5vA	141	1	A	147		VAL	3
4o5vA	142	1	A	148		ARG	3
4o5vA	143	1	A	149		ILE	3
4o5vA	144	1	A	150		THR	3
4o5vA	145	1	A	151		SER	3
4o5vA	146	1	A	152		LEU	3
4o5vA	147	1	A	153		LEU	3
4o5vA	148	1	A	154		PRO	3
4o5vA	149	1	A	155		ASP	3
4o5vA	150	1	A	156		SER	3
4o5vA	151	1	A	157		THR	3
4o5vA	152	1	A	158		ALA	3
4o5vA	153	1	A	159		ARG	3
4o5vA	154	1	A	160		ILE	3
4o5vA	155	1	A	161		SER	3
4o5vA	156	1	A	162		ARG	3
4o5vA	157	1	A	163		ILE	3
4o5vA	158	1	A	164		VAL	3
4o5vA	159	1	A	165		TYR	3
4o5vA	160	1	A	166		GLU	3
4o5vA	161	1	A	167		THR	3
4o5vA	162	1	A	168		ASP	3
4o5vA	163	1	A	169		ASP	3
4o5vA	164	1	A	170		ILE	3
4o5vA	165	1	A	171		LEU	3
4o5vA	166	1	A	172		HIS	3
4o5vA	167	1	A	173		PHE	3
4o5vA	168	1	A	174		LEU	3
4o5vA	169	1	A	175		ALA	3
4o5vA	170	1	A	176		LEU	3
4o5vA	171	1	A	177		ASN	3
4o5vA	172	1	A	178		GLY	3
4o5vA	173	1	A	179		LEU	3
4o5vA	174	1	A	180		ILE	3
4o5vA	175	1	A	181		PRO	3
4o5vA	176	1	A	182		GLY	3
4o5vA	177	1	A	183		LYS	3
4o5vA	178	1	A	184		ASP	3
4o5vA	179	1	A	185		ILE	3
4o5vA	180	1	A	186		LYS	3
4o5vA	181	1	A	187		ILE	3
4o5vA	182	1	A	188		GLU	3
4o5vA	183	1	A	189		SER	3
4o5vA	184	1	A	190		VAL	3
4o5vA	185	1	A	191		LYS	3
4o5vA	186	1	A	192		ASP	3
4o5vA	187	1	A	193		THR	3
4o5vA	188	1	A	194		VAL	3
4o5vA	189	1	A	195		ARG	3
4o5vA	190	1	A	196		VAL	3
4o5vA	191	1	A	197		LEU	3
4o5vA	192	1	A	198		VAL	3
4o5vA	193	1	A	199		ASP	3
4o5vA	194	1	A	200		GLY	3
4o5vA	195	1	A	201		ARG	3
4o5vA	196	1	A	202		SER	3
4o5vA	197	1	A	203		ILE	3
4o5vA	198	1	A	204		GLU	3
4o5vA	199	1	A	205		ILE	3
4o5vA	200	1	A	206		PRO	3
4o5vA	201	1	A	207		THR	3
4o5vA	202	1	A	208		ASP	3
4o5vA	203	1	A	209		ILE	3
4o5vA	204	1	A	210		ALA	3
4o5vA	205	1	A	211		MSE	3
4o5vA	206	1	A	212		ALA	3
4o5vA	207	1	A	213		ILE	3
4o5vA	208	1	A	214		MSE	3
4o5vA	209	1	A	215		VAL	3
4o5vA	210	1	A	216		THR	3
4o5vA	211	1	A	217		VAL	3
4o5vA	212	1	A	218		ASP	3
5ysnA	0	1	A	1		MET	1
5ysnA	1	1	A	2		LYS	1
5ysnA	2	1	A	3		LEU	1
5ysnA	3	1	A	4		LYS	1
5ysnA	4	1	A	5		THR	1
5ysnA	5	1	A	6		THR	1
5ysnA	6	1	A	7		LEU	1
5ysnA	7	1	A	8		PHE	1
5ysnA	8	1	A	9		GLY	1
5ysnA	9	1	A	10		ASN	1
5ysnA	10	1	A	11		VAL	1
5ysnA	11	1	A	12		TYR	1
5ysnA	12	1	A	13		GLN	1
5ysnA	13	1	A	14		PHE	1
5ysnA	14	1	A	15		LYS	1
5ysnA	15	1	A	16		ASP	1
5ysnA	16	1	A	17		VAL	1
5ysnA	17	1	A	18		LYS	1
5ysnA	18	1	A	19		GLU	1
5ysnA	19	1	A	20		VAL	1
5ysnA	20	1	A	21		LEU	1
5ysnA	21	1	A	22		ALA	1
5ysnA	22	1	A	23		LYS	1
5ysnA	23	1	A	24		ALA	1
5ysnA	24	1	A	25		ASN	1
5ysnA	25	1	A	26		GLU	1
5ysnA	26	1	A	27		LEU	1
5ysnA	27	1	A	28		ARG	1
5ysnA	28	1	A	29		SER	1
5ysnA	29	1	A	30		GLY	1
5ysnA	30	1	A	31		ASP	1
5ysnA	31	1	A	32		VAL	1
5ysnA	32	1	A	33		LEU	1
5ysnA	33	1	A	34		ALA	1
5ysnA	34	1	A	35		GLY	1
5ysnA	35	1	A	36		VAL	1
5ysnA	36	1	A	37		ALA	1
5ysnA	37	1	A	38		ALA	1
5ysnA	38	1	A	39		ALA	1
5ysnA	39	1	A	40		SER	1
5ysnA	40	1	A	41		SER	1
5ysnA	41	1	A	42		GLN	1
5ysnA	42	1	A	43		GLU	1
5ysnA	43	1	A	44		ARG	1
5ysnA	44	1	A	45		VAL	1
5ysnA	45	1	A	46		ALA	1
5ysnA	46	1	A	47		ALA	1
5ysnA	47	1	A	48		LYS	1
5ysnA	48	1	A	49		GLN	1
5ysnA	49	1	A	50		VAL	1
5ysnA	50	1	A	51		LEU	1
5ysnA	51	1	A	52		SER	2
5ysnA	52	1	A	53		GLU	2
5ysnA	53	1	A	54		MET	2
5ysnA	54	1	A	55		THR	2
5ysnA	55	1	A	56		VAL	2
5ysnA	56	1	A	57		ALA	2
5ysnA	57	1	A	58		ASP	2
5ysnA	58	1	A	59		ILE	2
5ysnA	59	1	A	60		ARG	2
5ysnA	60	1	A	61		ASN	2
5ysnA	61	1	A	62		ASN	2
5ysnA	62	1	A	63		PRO	2
5ysnA	63	1	A	64		VAL	2
5ysnA	64	1	A	65		ILE	2
5ysnA	65	1	A	66		ALA	2
5ysnA	66	1	A	67		TYR	2
5ysnA	67	1	A	68		GLU	2
5ysnA	68	1	A	69		ASP	2
5ysnA	69	1	A	70		ASP	2
5ysnA	70	1	A	71		CYS	2
5ysnA	71	1	A	72		VAL	2
5ysnA	72	1	A	73		THR	2
5ysnA	73	1	A	74		ARG	2
5ysnA	74	1	A	75		LEU	2
5ysnA	75	1	A	76		ILE	2
5ysnA	76	1	A	77		GLN	2
5ysnA	77	1	A	78		ASP	2
5ysnA	78	1	A	79		ASP	2
5ysnA	79	1	A	80		VAL	2
5ysnA	80	1	A	81		ASN	2
5ysnA	81	1	A	82		GLU	2
5ysnA	82	1	A	83		THR	2
5ysnA	83	1	A	84		ALA	2
5ysnA	84	1	A	85		TYR	2
5ysnA	85	1	A	86		ASN	2
5ysnA	86	1	A	87		GLN	2
5ysnA	87	1	A	88		ILE	2
5ysnA	88	1	A	89		LYS	2
5ysnA	89	1	A	90		ASN	2
5ysnA	90	1	A	91		TRP	2
5ysnA	91	1	A	92		SER	2
5ysnA	92	1	A	93		ILE	2
5ysnA	93	1	A	94		SER	2
5ysnA	94	1	A	95		GLU	2
5ysnA	95	1	A	96		LEU	2
5ysnA	96	1	A	97		ARG	2
5ysnA	97	1	A	98		GLU	2
5ysnA	98	1	A	99		TYR	2
5ysnA	99	1	A	100		VAL	2
5ysnA	100	1	A	101		LEU	2
5ysnA	101	1	A	102		SER	2
5ysnA	102	1	A	103		ASP	2
5ysnA	103	1	A	104		GLU	2
5ysnA	104	1	A	105		THR	2
5ysnA	105	1	A	106		SER	2
5ysnA	106	1	A	107		VAL	2
5ysnA	107	1	A	108		ASP	2
5ysnA	108	1	A	109		ASP	2
5ysnA	109	1	A	110		ILE	2
5ysnA	110	1	A	111		ALA	2
5ysnA	111	1	A	112		PHE	2
5ysnA	112	1	A	113		THR	2
5ysnA	113	1	A	114		ARG	2
5ysnA	114	1	A	115		LYS	2
5ysnA	115	1	A	116		GLY	2
5ysnA	116	1	A	117		LEU	2
5ysnA	117	1	A	118		THR	2
5ysnA	118	1	A	119		SER	2
5ysnA	119	1	A	120		GLU	2
5ysnA	120	1	A	121		VAL	2
5ysnA	121	1	A	122		VAL	2
5ysnA	122	1	A	123		ALA	2
5ysnA	123	1	A	124		ALA	2
5ysnA	124	1	A	125		VAL	2
5ysnA	125	1	A	126		ALA	2
5ysnA	126	1	A	127		LYS	2
5ysnA	127	1	A	128		ILE	2
5ysnA	128	1	A	129		CYS	2
5ysnA	129	1	A	130		SER	2
5ysnA	130	1	A	131		ASN	2
5ysnA	131	1	A	132		ALA	2
5ysnA	132	1	A	133		ASP	2
5ysnA	133	1	A	134		LEU	3
5ysnA	134	1	A	135		ILE	3
5ysnA	135	1	A	136		TYR	3
5ysnA	136	1	A	137		GLY	3
5ysnA	137	1	A	138		ALA	3
5ysnA	138	1	A	139		LYS	3
5ysnA	139	1	A	140		LYS	3
5ysnA	140	1	A	141		MET	3
5ysnA	141	1	A	142		PRO	3
5ysnA	142	1	A	143		VAL	3
5ysnA	143	1	A	144		ILE	3
5ysnA	144	1	A	145		LYS	3
5ysnA	145	1	A	146		LYS	3
5ysnA	146	1	A	147		ALA	3
5ysnA	147	1	A	148		ASN	3
5ysnA	148	1	A	149		THR	3
5ysnA	149	1	A	150		THR	3
5ysnA	150	1	A	151		ILE	3
5ysnA	151	1	A	152		GLY	3
5ysnA	152	1	A	153		ILE	3
5ysnA	153	1	A	154		PRO	3
5ysnA	154	1	A	155		GLY	3
5ysnA	155	1	A	156		THR	3
5ysnA	156	1	A	157		PHE	3
5ysnA	157	1	A	158		SER	3
5ysnA	158	1	A	159		ALA	3
5ysnA	159	1	A	160		ARG	3
5ysnA	160	1	A	161		LEU	3
5ysnA	161	1	A	162		GLN	3
5ysnA	162	1	A	163		PRO	3
5ysnA	163	1	A	164		ASN	3
5ysnA	164	1	A	165		ASP	3
5ysnA	165	1	A	166		THR	3
5ysnA	166	1	A	167		ARG	3
5ysnA	167	1	A	168		ASP	3
5ysnA	168	1	A	169		ASP	3
5ysnA	169	1	A	170		VAL	3
5ysnA	170	1	A	171		GLN	3
5ysnA	171	1	A	172		SER	3
5ysnA	172	1	A	173		ILE	3
5ysnA	173	1	A	174		ALA	3
5ysnA	174	1	A	175		ALA	3
5ysnA	175	1	A	176		GLN	3
5ysnA	176	1	A	177		ILE	3
5ysnA	177	1	A	178		TYR	3
5ysnA	178	1	A	179		GLU	3
5ysnA	179	1	A	180		GLY	3
5ysnA	180	1	A	181		LEU	3
5ysnA	181	1	A	182		SER	3
5ysnA	182	1	A	183		PHE	3
5ysnA	183	1	A	184		GLY	3
5ysnA	184	1	A	185		VAL	3
5ysnA	185	1	A	186		GLY	3
5ysnA	186	1	A	187		ASP	3
5ysnA	187	1	A	188		ALA	3
5ysnA	188	1	A	189		VAL	3
5ysnA	189	1	A	190		ILE	3
5ysnA	190	1	A	191		GLY	3
5ysnA	191	1	A	192		VAL	3
5ysnA	192	1	A	193		ASN	3
5ysnA	193	1	A	194		PRO	3
5ysnA	194	1	A	195		VAL	3
5ysnA	195	1	A	196		THR	3
5ysnA	196	1	A	197		ASP	3
5ysnA	197	1	A	198		ASP	3
5ysnA	198	1	A	199		VAL	3
5ysnA	199	1	A	200		GLU	3
5ysnA	200	1	A	201		ASN	3
5ysnA	201	1	A	202		LEU	3
5ysnA	202	1	A	203		SER	3
5ysnA	203	1	A	204		ARG	3
5ysnA	204	1	A	205		VAL	3
5ysnA	205	1	A	206		LEU	3
5ysnA	206	1	A	207		ASP	3
5ysnA	207	1	A	208		THR	3
5ysnA	208	1	A	209		ILE	3
5ysnA	209	1	A	210		TYR	3
5ysnA	210	1	A	211		GLY	3
5ysnA	211	1	A	212		VAL	3
5ysnA	212	1	A	213		ILE	3
5ysnA	213	1	A	214		ASP	3
5ysnA	214	1	A	215		LYS	3
5ysnA	215	1	A	216		PHE	3
5ysnA	216	1	A	217		ASN	3
5ysnA	217	1	A	218		ILE	3
5ysnA	218	1	A	219		PRO	3
5ysnA	219	1	A	220		THR	3
5ysnA	220	1	A	221		GLN	3
5ysnA	221	1	A	222		GLY	3
5ysnA	222	1	A	223		CYS	3
5ysnA	223	1	A	224		VAL	3
5ysnA	224	1	A	225		LEU	3
5ysnA	225	1	A	226		ALA	3
5ysnA	226	1	A	227		HIS	3
5ysnA	227	1	A	228		VAL	3
5ysnA	228	1	A	229		THR	3
5ysnA	229	1	A	230		THR	3
5ysnA	230	1	A	231		GLN	3
5ysnA	231	1	A	232		ILE	3
5ysnA	232	1	A	233		GLU	3
5ysnA	233	1	A	234		ALA	3
5ysnA	234	1	A	235		ILE	3
5ysnA	235	1	A	236		ARG	3
5ysnA	236	1	A	237		ARG	3
5ysnA	237	1	A	238		GLY	3
5ysnA	238	1	A	239		ALA	3
5ysnA	239	1	A	240		PRO	3
5ysnA	240	1	A	241		GLY	3
5ysnA	241	1	A	242		GLY	3
5ysnA	242	1	A	243		LEU	3
5ysnA	243	1	A	244		ILE	3
5ysnA	244	1	A	245		PHE	3
5ysnA	245	1	A	246		GLN	3
5ysnA	246	1	A	247		SER	3
5ysnA	247	1	A	248		ILE	3
5ysnA	248	1	A	249		CYS	3
5ysnA	249	1	A	250		GLY	3
5ysnA	250	1	A	251		SER	3
5ysnA	251	1	A	252		GLU	3
5ysnA	252	1	A	253		LYS	3
5ysnA	253	1	A	254		GLY	3
5ysnA	254	1	A	255		LEU	3
5ysnA	255	1	A	256		LYS	3
5ysnA	256	1	A	257		GLU	3
5ysnA	257	1	A	258		PHE	3
5ysnA	258	1	A	259		GLY	3
5ysnA	259	1	A	260		VAL	3
5ysnA	260	1	A	261		GLU	3
5ysnA	261	1	A	262		LEU	3
5ysnA	262	1	A	263		ALA	3
5ysnA	263	1	A	264		MET	3
5ysnA	264	1	A	265		LEU	3
5ysnA	265	1	A	266		ASP	3
5ysnA	266	1	A	267		GLU	3
5ysnA	267	1	A	268		ALA	3
5ysnA	268	1	A	269		ARG	3
5ysnA	269	1	A	270		ALA	3
5ysnA	270	1	A	271		VAL	3
5ysnA	271	1	A	272		GLY	3
5ysnA	272	1	A	273		ALA	3
5ysnA	273	1	A	274		GLU	3
5ysnA	274	1	A	275		PHE	3
5ysnA	275	1	A	276		ASN	3
5ysnA	276	1	A	277		ARG	3
5ysnA	277	1	A	278		ILE	3
5ysnA	278	1	A	279		ALA	3
5ysnA	279	1	A	280		GLY	3
5ysnA	280	1	A	281		GLU	3
5ysnA	281	1	A	282		ASN	3
5ysnA	282	1	A	283		CYS	3
5ysnA	283	1	A	284		LEU	3
5ysnA	284	1	A	285		TYR	3
5ysnA	285	1	A	286		PHE	3
5ysnA	286	1	A	287		GLU	3
5ysnA	287	1	A	288		THR	3
5ysnA	288	1	A	289		GLY	3
5ysnA	289	1	A	290		GLN	3
5ysnA	290	1	A	291		GLY	3
5ysnA	291	1	A	292		SER	3
5ysnA	292	1	A	293		ALA	3
5ysnA	293	1	A	294		LEU	3
5ysnA	294	1	A	295		SER	3
5ysnA	295	1	A	296		ALA	3
5ysnA	296	1	A	297		GLY	3
5ysnA	297	1	A	298		ALA	3
5ysnA	298	1	A	299		ASN	3
5ysnA	299	1	A	300		PHE	3
5ysnA	300	1	A	301		GLY	3
5ysnA	301	1	A	302		ALA	3
5ysnA	302	1	A	303		ASP	3
5ysnA	303	1	A	304		GLN	3
5ysnA	304	1	A	305		VAL	3
5ysnA	305	1	A	306		THR	3
5ysnA	306	1	A	307		MET	3
5ysnA	307	1	A	308		GLU	3
5ysnA	308	1	A	309		ALA	3
5ysnA	309	1	A	310		ARG	3
5ysnA	310	1	A	311		ASN	3
5ysnA	311	1	A	312		TYR	3
5ysnA	312	1	A	313		GLY	3
5ysnA	313	1	A	314		LEU	3
5ysnA	314	1	A	315		ALA	3
5ysnA	315	1	A	316		ARG	3
5ysnA	316	1	A	317		HIS	3
5ysnA	317	1	A	318		TYR	3
5ysnA	318	1	A	319		ASP	3
5ysnA	319	1	A	320		PRO	3
5ysnA	320	1	A	321		PHE	3
5ysnA	321	1	A	322		ILE	3
5ysnA	322	1	A	323		VAL	3
5ysnA	323	1	A	324		ASN	3
5ysnA	324	1	A	325		THR	3
5ysnA	325	1	A	326		VAL	3
5ysnA	326	1	A	327		VAL	3
5ysnA	327	1	A	328		GLY	3
5ysnA	328	1	A	329		PHE	3
5ysnA	329	1	A	330		ILE	3
5ysnA	330	1	A	331		GLY	3
5ysnA	331	1	A	332		PRO	3
5ysnA	332	1	A	333		GLU	3
5ysnA	333	1	A	334		TYR	3
5ysnA	334	1	A	335		LEU	3
5ysnA	335	1	A	336		TYR	3
5ysnA	336	1	A	337		ASN	3
5ysnA	337	1	A	338		ASP	3
5ysnA	338	1	A	339		ARG	3
5ysnA	339	1	A	340		GLN	3
5ysnA	340	1	A	341		ILE	3
5ysnA	341	1	A	342		ILE	3
5ysnA	342	1	A	343		ARG	3
5ysnA	343	1	A	344		ALA	3
5ysnA	344	1	A	345		GLY	3
5ysnA	345	1	A	346		LEU	3
5ysnA	346	1	A	347		GLU	3
5ysnA	347	1	A	348		ASP	3
5ysnA	348	1	A	349		HIS	3
5ysnA	349	1	A	350		PHE	3
5ysnA	350	1	A	351		MET	3
5ysnA	351	1	A	352		GLY	3
5ysnA	352	1	A	353		LYS	3
5ysnA	353	1	A	354		LEU	3
5ysnA	354	1	A	355		SER	3
5ysnA	355	1	A	356		GLY	3
5ysnA	356	1	A	357		ILE	3
5ysnA	357	1	A	358		SER	3
5ysnA	358	1	A	359		MET	3
5ysnA	359	1	A	360		GLY	3
5ysnA	360	1	A	361		CYS	3
5ysnA	361	1	A	362		ASP	3
5ysnA	362	1	A	363		CYS	3
5ysnA	363	1	A	364		CYS	3
5ysnA	364	1	A	365		TYR	3
5ysnA	365	1	A	366		THR	3
5ysnA	366	1	A	367		ASN	3
5ysnA	367	1	A	368		HIS	3
5ysnA	368	1	A	369		ALA	3
5ysnA	369	1	A	370		ASP	3
5ysnA	370	1	A	371		ALA	3
5ysnA	371	1	A	372		ASP	3
5ysnA	372	1	A	373		GLN	3
5ysnA	373	1	A	374		ASN	3
5ysnA	374	1	A	375		LEU	3
5ysnA	375	1	A	376		ASN	3
5ysnA	376	1	A	377		GLU	3
5ysnA	377	1	A	378		ASN	3
5ysnA	378	1	A	379		LEU	3
5ysnA	379	1	A	380		MET	3
5ysnA	380	1	A	381		ILE	3
5ysnA	381	1	A	382		LEU	3
5ysnA	382	1	A	383		LEU	3
5ysnA	383	1	A	384		ALA	3
5ysnA	384	1	A	385		THR	3
5ysnA	385	1	A	386		ALA	3
5ysnA	386	1	A	387		GLY	3
5ysnA	387	1	A	388		CYS	3
5ysnA	388	1	A	389		ASN	3
5ysnA	389	1	A	390		TYR	3
5ysnA	390	1	A	391		ILE	3
5ysnA	391	1	A	392		MET	3
5ysnA	392	1	A	393		GLY	3
5ysnA	393	1	A	394		MET	3
5ysnA	394	1	A	395		PRO	3
5ysnA	395	1	A	396		LEU	3
5ysnA	396	1	A	397		GLY	3
5ysnA	397	1	A	398		ASP	3
5ysnA	398	1	A	399		ASP	3
5ysnA	399	1	A	400		ILE	3
5ysnA	400	1	A	401		MET	3
5ysnA	401	1	A	402		LEU	3
5ysnA	402	1	A	403		ASN	3
5ysnA	403	1	A	404		TYR	3
5ysnA	404	1	A	405		GLN	3
5ysnA	405	1	A	406		THR	3
5ysnA	406	1	A	407		THR	3
5ysnA	407	1	A	408		ALA	3
5ysnA	408	1	A	409		PHE	3
5ysnA	409	1	A	410		HIS	3
5ysnA	410	1	A	411		ASP	3
5ysnA	411	1	A	412		THR	3
5ysnA	412	1	A	413		ALA	3
5ysnA	413	1	A	414		THR	3
5ysnA	414	1	A	415		VAL	3
5ysnA	415	1	A	416		ARG	3
5ysnA	416	1	A	417		GLN	3
5ysnA	417	1	A	418		LEU	3
5ysnA	418	1	A	419		LEU	3
5ysnA	419	1	A	420		ASN	3
5ysnA	420	1	A	421		LEU	3
5ysnA	421	1	A	422		ARG	3
5ysnA	422	1	A	423		PRO	3
5ysnA	423	1	A	424		SER	3
5ysnA	424	1	A	425		PRO	3
5ysnA	425	1	A	426		GLU	3
5ysnA	426	1	A	427		PHE	3
5ysnA	427	1	A	428		GLU	3
5ysnA	428	1	A	429		ARG	3
5ysnA	429	1	A	430		TRP	3
5ysnA	430	1	A	431		LEU	3
5ysnA	431	1	A	432		GLU	3
5ysnA	432	1	A	433		SER	3
5ysnA	433	1	A	434		MET	3
5ysnA	434	1	A	435		GLY	3
5ysnA	435	1	A	436		ILE	3
5ysnA	436	1	A	437		MET	3
5ysnA	437	1	A	438		ALA	3
5ysnA	438	1	A	439		ASN	3
5ysnA	439	1	A	440		GLY	3
5ysnA	440	1	A	441		ARG	3
5ysnA	441	1	A	442		LEU	3
5ysnA	442	1	A	443		THR	3
5ysnA	443	1	A	444		LYS	3
5ysnA	444	1	A	445		ARG	3
5ysnA	445	1	A	446		ALA	3
5ysnA	446	1	A	447		GLY	3
5ysnA	447	1	A	448		ASP	3
5ysnA	448	1	A	449		PRO	3
5ysnA	449	1	A	450		SER	3
5ysnA	450	1	A	451		LEU	3
5ysnA	451	1	A	452		PHE	3
5ysnA	452	1	A	453		PHE	3
5is2A	0	1	A	5		PRO	1
5is2A	1	1	A	6		LYS	1
5is2A	2	1	A	7		VAL	1
5is2A	3	1	A	8		SER	1
5is2A	4	1	A	9		VAL	1
5is2A	5	1	A	10		LEU	1
5is2A	6	1	A	11		ILE	1
5is2A	7	1	A	12		THR	1
5is2A	8	1	A	13		VAL	1
5is2A	9	1	A	14		THR	1
5is2A	10	1	A	15		GLY	1
5is2A	11	1	A	16		VAL	1
5is2A	12	1	A	17		ASP	1
5is2A	13	1	A	18		GLN	1
5is2A	14	1	A	19		PRO	1
5is2A	15	1	A	20		GLY	1
5is2A	16	1	A	21		VAL	1
5is2A	17	1	A	22		THR	1
5is2A	18	1	A	23		ALA	1
5is2A	19	1	A	24		THR	1
5is2A	20	1	A	25		LEU	1
5is2A	21	1	A	26		PHE	1
5is2A	22	1	A	27		GLU	1
5is2A	23	1	A	28		VAL	1
5is2A	24	1	A	29		LEU	1
5is2A	25	1	A	30		SER	1
5is2A	26	1	A	31		ARG	1
5is2A	27	1	A	32		HIS	1
5is2A	28	1	A	33		GLY	1
5is2A	29	1	A	34		VAL	1
5is2A	30	1	A	35		GLU	1
5is2A	31	1	A	36		LEU	1
5is2A	32	1	A	37		LEU	1
5is2A	33	1	A	38		ASN	1
5is2A	34	1	A	39		VAL	1
5is2A	35	1	A	40		GLU	1
5is2A	36	1	A	41		GLN	1
5is2A	37	1	A	42		VAL	1
5is2A	38	1	A	43		VAL	1
5is2A	39	1	A	44		ILE	1
5is2A	40	1	A	45		ARG	1
5is2A	41	1	A	46		HIS	1
5is2A	42	1	A	47		ARG	1
5is2A	43	1	A	48		LEU	1
5is2A	44	1	A	49		THR	1
5is2A	45	1	A	50		LEU	1
5is2A	46	1	A	51		GLY	1
5is2A	47	1	A	52		VAL	1
5is2A	48	1	A	53		LEU	1
5is2A	49	1	A	54		VAL	1
5is2A	50	1	A	55		CYS	1
5is2A	51	1	A	56		CYS	1
5is2A	52	1	A	57		PRO	1
5is2A	53	1	A	58		ALA	1
5is2A	54	1	A	59		ASP	1
5is2A	55	1	A	60		VAL	1
5is2A	56	1	A	61		ALA	1
5is2A	57	1	A	62		ASP	1
5is2A	58	1	A	63		GLY	1
5is2A	59	1	A	64		PRO	1
5is2A	60	1	A	65		ALA	1
5is2A	61	1	A	66		LEU	1
5is2A	62	1	A	67		ARG	1
5is2A	63	1	A	68		HIS	1
5is2A	64	1	A	69		ASP	1
5is2A	65	1	A	70		VAL	1
5is2A	66	1	A	71		GLU	1
5is2A	67	1	A	72		ALA	1
5is2A	68	1	A	73		ALA	1
5is2A	69	1	A	74		ILE	1
5is2A	70	1	A	75		ARG	1
5is2A	71	1	A	76		LYS	1
5is2A	72	1	A	77		VAL	1
5is2A	73	1	A	78		GLY	1
5is2A	74	1	A	79		LEU	1
5is2A	75	1	A	80		ASP	1
5is2A	76	1	A	81		VAL	1
5is2A	77	1	A	82		SER	1
5is2A	78	1	A	83		ILE	1
5is2A	79	1	A	84		GLU	1
5is2A	80	1	A	85		ARG	1
5is2A	81	1	A	86		SER	1
5is2A	82	1	A	87		ASP	1
5is2A	83	1	A	88		ASP	1
5is2A	84	1	A	89		VAL	1
5is2A	85	1	A	90		PRO	1
5is2A	86	1	A	91		ILE	1
5is2A	87	1	A	92		ILE	1
5is2A	88	1	A	93		ARG	1
5is2A	89	1	A	94		GLU	2
5is2A	90	1	A	95		PRO	2
5is2A	91	1	A	96		SER	2
5is2A	92	1	A	97		THR	2
5is2A	93	1	A	98		HIS	2
5is2A	94	1	A	99		THR	2
5is2A	95	1	A	100		ILE	2
5is2A	96	1	A	101		PHE	2
5is2A	97	1	A	102		VAL	2
5is2A	98	1	A	103		LEU	2
5is2A	99	1	A	104		GLY	2
5is2A	100	1	A	105		ARG	2
5is2A	101	1	A	106		PRO	2
5is2A	102	1	A	107		ILE	2
5is2A	103	1	A	108		THR	2
5is2A	104	1	A	109		ALA	2
5is2A	105	1	A	110		ALA	2
5is2A	106	1	A	111		ALA	2
5is2A	107	1	A	112		PHE	2
5is2A	108	1	A	113		GLY	2
5is2A	109	1	A	114		ALA	2
5is2A	110	1	A	115		VAL	2
5is2A	111	1	A	116		ALA	2
5is2A	112	1	A	117		ARG	2
5is2A	113	1	A	118		GLU	2
5is2A	114	1	A	119		VAL	2
5is2A	115	1	A	120		ALA	2
5is2A	116	1	A	121		ALA	2
5is2A	117	1	A	122		LEU	2
5is2A	118	1	A	123		GLY	2
5is2A	119	1	A	124		VAL	2
5is2A	120	1	A	125		ASN	2
5is2A	121	1	A	126		ILE	2
5is2A	122	1	A	127		ASP	2
5is2A	123	1	A	128		LEU	2
5is2A	124	1	A	129		ILE	2
5is2A	125	1	A	130		ARG	2
5is2A	126	1	A	131		GLY	2
5is2A	127	1	A	132		VAL	2
5is2A	128	1	A	133		SER	2
5is2A	129	1	A	134		ASP	2
5is2A	130	1	A	135		TYR	2
5is2A	131	1	A	136		PRO	2
5is2A	132	1	A	137		VAL	2
5is2A	133	1	A	138		ILE	2
5is2A	134	1	A	139		GLY	2
5is2A	135	1	A	140		LEU	2
5is2A	136	1	A	141		GLU	2
5is2A	137	1	A	142		LEU	2
5is2A	138	1	A	143		ARG	2
5is2A	139	1	A	144		VAL	2
5is2A	140	1	A	145		SER	2
5is2A	141	1	A	146		VAL	2
5is2A	142	1	A	147		PRO	2
5is2A	143	1	A	148		PRO	2
5is2A	144	1	A	149		GLY	2
5is2A	145	1	A	150		ALA	2
5is2A	146	1	A	151		ASP	2
5is2A	147	1	A	152		GLY	2
5is2A	148	1	A	153		ALA	2
5is2A	149	1	A	154		LEU	2
5is2A	150	1	A	155		ARG	2
5is2A	151	1	A	156		THR	2
5is2A	152	1	A	157		ALA	2
5is2A	153	1	A	158		LEU	2
5is2A	154	1	A	159		ASN	2
5is2A	155	1	A	160		ARG	2
5is2A	156	1	A	161		VAL	2
5is2A	157	1	A	162		SER	2
5is2A	158	1	A	163		SER	2
5is2A	159	1	A	164		GLU	2
5is2A	160	1	A	165		GLU	2
5is2A	161	1	A	166		HIS	2
5is2A	162	1	A	167		VAL	2
5is2A	163	1	A	168		ASP	2
5is2A	164	1	A	169		VAL	2
5is2A	165	1	A	170		ALA	2
5is2A	166	1	A	171		VAL	2
5is2A	167	1	A	172		GLU	2
5is2A	168	1	A	173		ASP	2
5is2A	169	1	A	174		TYR	2
5is2A	170	1	A	175		THR	2
5is2A	171	1	A	176		LEU	2
5is2A	172	1	A	177		GLU	2
5is2A	173	1	A	178		ARG	2
5is2A	174	1	A	179		ARG	2
5is2A	175	1	A	180		ALA	3
5is2A	176	1	A	181		LYS	3
5is2A	177	1	A	182		ARG	3
5is2A	178	1	A	183		LEU	3
5is2A	179	1	A	184		ILE	3
5is2A	180	1	A	185		VAL	3
5is2A	181	1	A	186		PHE	3
5is2A	182	1	A	187		ASP	3
5is2A	183	1	A	188		VAL	3
5is2A	184	1	A	189		ASP	3
5is2A	185	1	A	190		SER	3
5is2A	186	1	A	191		THR	3
5is2A	187	1	A	192		LEU	3
5is2A	188	1	A	193		VAL	3
5is2A	189	1	A	194		GLN	3
5is2A	190	1	A	195		GLY	3
5is2A	191	1	A	196		GLU	3
5is2A	192	1	A	197		VAL	3
5is2A	193	1	A	198		ILE	3
5is2A	194	1	A	199		GLU	3
5is2A	195	1	A	200		MET	3
5is2A	196	1	A	201		LEU	3
5is2A	197	1	A	202		ALA	3
5is2A	198	1	A	203		ALA	3
5is2A	199	1	A	204		LYS	3
5is2A	200	1	A	205		ALA	3
5is2A	201	1	A	206		GLY	3
5is2A	202	1	A	207		ALA	3
5is2A	203	1	A	208		GLU	3
5is2A	204	1	A	209		GLY	3
5is2A	205	1	A	210		GLN	3
5is2A	206	1	A	211		VAL	3
5is2A	207	1	A	213		ALA	3
5is2A	208	1	A	214		ILE	3
5is2A	209	1	A	215		THR	3
5is2A	210	1	A	216		ASP	3
5is2A	211	1	A	217		ALA	3
5is2A	212	1	A	218		ALA	3
5is2A	213	1	A	219		MET	3
5is2A	214	1	A	220		ARG	3
5is2A	215	1	A	221		GLY	3
5is2A	216	1	A	222		GLU	3
5is2A	217	1	A	223		LEU	3
5is2A	218	1	A	224		ASP	3
5is2A	219	1	A	225		PHE	3
5is2A	220	1	A	226		ALA	3
5is2A	221	1	A	227		GLN	3
5is2A	222	1	A	228		SER	3
5is2A	223	1	A	229		LEU	3
5is2A	224	1	A	230		GLN	3
5is2A	225	1	A	231		GLN	3
5is2A	226	1	A	232		ARG	3
5is2A	227	1	A	233		VAL	3
5is2A	228	1	A	234		ALA	3
5is2A	229	1	A	235		THR	3
5is2A	230	1	A	236		LEU	3
5is2A	231	1	A	237		ALA	3
5is2A	232	1	A	238		GLY	3
5is2A	233	1	A	239		LEU	3
5is2A	234	1	A	240		PRO	3
5is2A	235	1	A	241		ALA	3
5is2A	236	1	A	242		THR	3
5is2A	237	1	A	243		VAL	3
5is2A	238	1	A	244		ILE	3
5is2A	239	1	A	245		ASP	3
5is2A	240	1	A	246		GLU	3
5is2A	241	1	A	247		VAL	3
5is2A	242	1	A	248		ALA	3
5is2A	243	1	A	249		GLY	3
5is2A	244	1	A	250		GLN	3
5is2A	245	1	A	251		LEU	3
5is2A	246	1	A	252		GLU	3
5is2A	247	1	A	253		LEU	3
5is2A	248	1	A	254		MET	3
5is2A	249	1	A	255		PRO	3
5is2A	250	1	A	256		GLY	3
5is2A	251	1	A	257		ALA	3
5is2A	252	1	A	258		ARG	3
5is2A	253	1	A	259		THR	3
5is2A	254	1	A	260		THR	3
5is2A	255	1	A	261		LEU	3
5is2A	256	1	A	262		ARG	3
5is2A	257	1	A	263		THR	3
5is2A	258	1	A	264		LEU	3
5is2A	259	1	A	265		ARG	3
5is2A	260	1	A	266		ARG	3
5is2A	261	1	A	267		LEU	3
5is2A	262	1	A	268		GLY	3
5is2A	263	1	A	269		TYR	3
5is2A	264	1	A	270		ALA	3
5is2A	265	1	A	271		CYS	3
5is2A	266	1	A	272		GLY	3
5is2A	267	1	A	273		VAL	3
5is2A	268	1	A	274		VAL	3
5is2A	269	1	A	275		SER	3
5is2A	270	1	A	276		GLY	3
5is2A	271	1	A	277		GLY	3
5is2A	272	1	A	278		PHE	3
5is2A	273	1	A	279		ARG	3
5is2A	274	1	A	280		ARG	3
5is2A	275	1	A	281		ILE	3
5is2A	276	1	A	282		ILE	3
5is2A	277	1	A	283		GLU	3
5is2A	278	1	A	284		PRO	3
5is2A	279	1	A	285		LEU	3
5is2A	280	1	A	286		ALA	3
5is2A	281	1	A	287		GLU	3
5is2A	282	1	A	288		GLU	3
5is2A	283	1	A	289		LEU	3
5is2A	284	1	A	290		MET	3
5is2A	285	1	A	291		LEU	3
5is2A	286	1	A	292		ASP	3
5is2A	287	1	A	293		TYR	3
5is2A	288	1	A	294		VAL	3
5is2A	289	1	A	295		ALA	3
5is2A	290	1	A	296		ALA	3
5is2A	291	1	A	297		ASN	3
5is2A	292	1	A	298		GLU	3
5is2A	293	1	A	299		LEU	3
5is2A	294	1	A	300		GLU	3
5is2A	295	1	A	301		ILE	3
5is2A	296	1	A	302		VAL	3
5is2A	297	1	A	303		ASP	3
5is2A	298	1	A	304		GLY	3
5is2A	299	1	A	305		THR	3
5is2A	300	1	A	306		LEU	3
5is2A	301	1	A	307		THR	3
5is2A	302	1	A	308		GLY	3
5is2A	303	1	A	309		ARG	3
5is2A	304	1	A	310		VAL	3
5is2A	305	1	A	311		VAL	3
5is2A	306	1	A	312		GLY	3
5is2A	307	1	A	313		PRO	3
5is2A	308	1	A	314		ILE	3
5is2A	309	1	A	315		ILE	3
5is2A	310	1	A	316		ASP	3
5is2A	311	1	A	317		ARG	3
5is2A	312	1	A	318		ALA	3
5is2A	313	1	A	319		GLY	3
5is2A	314	1	A	320		LYS	3
5is2A	315	1	A	321		ALA	3
5is2A	316	1	A	322		THR	3
5is2A	317	1	A	323		ALA	3
5is2A	318	1	A	324		LEU	3
5is2A	319	1	A	325		ARG	3
5is2A	320	1	A	326		GLU	3
5is2A	321	1	A	327		PHE	3
5is2A	322	1	A	328		ALA	3
5is2A	323	1	A	329		GLN	3
5is2A	324	1	A	330		ARG	3
5is2A	325	1	A	331		ALA	3
5is2A	326	1	A	332		GLY	3
5is2A	327	1	A	333		VAL	3
5is2A	328	1	A	334		PRO	3
5is2A	329	1	A	335		MET	3
5is2A	330	1	A	336		ALA	3
5is2A	331	1	A	337		GLN	3
5is2A	332	1	A	338		THR	3
5is2A	333	1	A	339		VAL	3
5is2A	334	1	A	340		ALA	3
5is2A	335	1	A	341		VAL	3
5is2A	336	1	A	342		GLY	3
5is2A	337	1	A	343		ASP	3
5is2A	338	1	A	344		GLY	3
5is2A	339	1	A	345		ALA	3
5is2A	340	1	A	346		ASN	3
5is2A	341	1	A	347		ASP	3
5is2A	342	1	A	348		ILE	3
5is2A	343	1	A	349		ASP	3
5is2A	344	1	A	350		MET	3
5is2A	345	1	A	351		LEU	3
5is2A	346	1	A	352		ALA	3
5is2A	347	1	A	353		ALA	3
5is2A	348	1	A	354		ALA	3
5is2A	349	1	A	355		GLY	3
5is2A	350	1	A	356		LEU	3
5is2A	351	1	A	357		GLY	3
5is2A	352	1	A	358		ILE	3
5is2A	353	1	A	359		ALA	3
5is2A	354	1	A	360		PHE	3
5is2A	355	1	A	361		ASN	3
5is2A	356	1	A	362		ALA	3
5is2A	357	1	A	363		LYS	3
5is2A	358	1	A	364		PRO	3
5is2A	359	1	A	365		ALA	3
5is2A	360	1	A	366		LEU	3
5is2A	361	1	A	367		ARG	3
5is2A	362	1	A	368		GLU	3
5is2A	363	1	A	369		VAL	3
5is2A	364	1	A	370		ALA	3
5is2A	365	1	A	371		ASP	3
5is2A	366	1	A	372		ALA	3
5is2A	367	1	A	373		SER	3
5is2A	368	1	A	374		LEU	3
5is2A	369	1	A	375		SER	3
5is2A	370	1	A	376		HIS	3
5is2A	371	1	A	377		PRO	3
5is2A	372	1	A	378		TYR	3
5is2A	373	1	A	379		LEU	3
5is2A	374	1	A	380		ASP	3
5is2A	375	1	A	381		THR	3
5is2A	376	1	A	382		VAL	3
5is2A	377	1	A	383		LEU	3
5is2A	378	1	A	384		PHE	3
5is2A	379	1	A	385		LEU	3
5is2A	380	1	A	386		LEU	3
5is2A	381	1	A	387		GLY	3
5is2A	382	1	A	388		VAL	3
5is2A	383	1	A	389		THR	3
5is2A	384	1	A	390		ARG	3
5is2A	385	1	A	391		GLY	3
5is2A	386	1	A	392		GLU	3
5is2A	387	1	A	393		ILE	3
5is2A	388	1	A	394		GLU	3
5is2A	389	1	A	395		ALA	3
5is2A	390	1	A	396		ALA	3
5is2A	391	1	A	397		ASP	3
5is2A	392	1	A	398		ALA	3
5is2A	393	1	A	399		ILE	3
5is2A	394	1	A	400		ASP	3
3crvA	0	1	A	1		MET	1
3crvA	1	1	A	2		VAL	1
3crvA	2	1	A	3		LYS	1
3crvA	3	1	A	4		LEU	1
3crvA	4	1	A	5		ARG	1
3crvA	5	1	A	6		ASP	1
3crvA	6	1	A	7		TRP	1
3crvA	7	1	A	8		GLN	1
3crvA	8	1	A	9		GLU	1
3crvA	9	1	A	10		LYS	1
3crvA	10	1	A	11		LEU	1
3crvA	11	1	A	12		LYS	1
3crvA	12	1	A	13		ASP	1
3crvA	13	1	A	14		LYS	1
3crvA	14	1	A	15		VAL	1
3crvA	15	1	A	16		ILE	1
3crvA	16	1	A	17		GLU	1
3crvA	17	1	A	18		GLY	1
3crvA	18	1	A	19		LEU	1
3crvA	19	1	A	20		ARG	1
3crvA	20	1	A	21		ASN	1
3crvA	21	1	A	22		ASN	1
3crvA	22	1	A	23		PHE	1
3crvA	23	1	A	24		LEU	1
3crvA	24	1	A	25		VAL	1
3crvA	25	1	A	26		ALA	1
3crvA	26	1	A	27		LEU	1
3crvA	27	1	A	28		ASN	1
3crvA	28	1	A	29		ALA	1
3crvA	29	1	A	30		PRO	1
3crvA	30	1	A	31		THR	1
3crvA	31	1	A	32		GLY	1
3crvA	32	1	A	33		SER	1
3crvA	33	1	A	34		GLY	1
3crvA	34	1	A	35		LYS	1
3crvA	35	1	A	36		THR	1
3crvA	36	1	A	37		LEU	1
3crvA	37	1	A	38		PHE	1
3crvA	38	1	A	39		SER	1
3crvA	39	1	A	40		LEU	1
3crvA	40	1	A	41		LEU	1
3crvA	41	1	A	42		VAL	1
3crvA	42	1	A	43		SER	1
3crvA	43	1	A	44		LEU	1
3crvA	44	1	A	45		GLU	1
3crvA	45	1	A	46		VAL	1
3crvA	46	1	A	47		LYS	1
3crvA	47	1	A	48		PRO	1
3crvA	48	1	A	49		LYS	1
3crvA	49	1	A	50		VAL	1
3crvA	50	1	A	51		LEU	1
3crvA	51	1	A	52		PHE	1
3crvA	52	1	A	53		VAL	1
3crvA	53	1	A	54		VAL	1
3crvA	54	1	A	55		ARG	1
3crvA	55	1	A	56		THR	1
3crvA	56	1	A	57		HIS	1
3crvA	57	1	A	58		ASN	1
3crvA	58	1	A	59		GLU	1
3crvA	59	1	A	60		PHE	1
3crvA	60	1	A	61		TYR	1
3crvA	61	1	A	62		PRO	1
3crvA	62	1	A	63		ILE	1
3crvA	63	1	A	64		TYR	1
3crvA	64	1	A	65		ARG	1
3crvA	65	1	A	66		ASP	1
3crvA	66	1	A	67		LEU	1
3crvA	67	1	A	68		THR	1
3crvA	68	1	A	69		LYS	1
3crvA	69	1	A	70		ILE	1
3crvA	70	1	A	71		ARG	1
3crvA	71	1	A	72		GLU	1
3crvA	72	1	A	73		LYS	1
3crvA	73	1	A	74		ARG	1
3crvA	74	1	A	75		ASN	1
3crvA	75	1	A	76		ILE	1
3crvA	76	1	A	77		THR	1
3crvA	77	1	A	78		PHE	1
3crvA	78	1	A	79		SER	1
3crvA	79	1	A	80		PHE	1
3crvA	80	1	A	81		LEU	1
3crvA	81	1	A	82		VAL	2
3crvA	82	1	A	83		GLY	2
3crvA	83	1	A	84		LYS	2
3crvA	84	1	A	85		PRO	2
3crvA	85	1	A	86		SER	2
3crvA	86	1	A	87		SER	2
3crvA	87	1	A	88		CYS	2
3crvA	88	1	A	89		LEU	2
3crvA	89	1	A	90		TYR	2
3crvA	90	1	A	91		ALA	2
3crvA	91	1	A	92		GLU	2
3crvA	92	1	A	93		LYS	2
3crvA	93	1	A	94		GLY	2
3crvA	94	1	A	95		ALA	2
3crvA	95	1	A	96		GLU	2
3crvA	96	1	A	97		SER	2
3crvA	97	1	A	98		GLU	2
3crvA	98	1	A	99		ASP	2
3crvA	99	1	A	100		ILE	2
3crvA	100	1	A	101		PRO	2
3crvA	101	1	A	102		CYS	2
3crvA	102	1	A	103		LYS	2
3crvA	103	1	A	104		TYR	2
3crvA	104	1	A	105		CYS	2
3crvA	105	1	A	106		GLU	2
3crvA	106	1	A	107		LEU	2
3crvA	107	1	A	108		LYS	2
3crvA	108	1	A	109		GLY	2
3crvA	109	1	A	110		SER	2
3crvA	110	1	A	111		ILE	2
3crvA	111	1	A	112		VAL	2
3crvA	112	1	A	113		GLU	2
3crvA	113	1	A	114		VAL	2
3crvA	114	1	A	115		LYS	2
3crvA	115	1	A	116		THR	2
3crvA	116	1	A	117		ASP	2
3crvA	117	1	A	118		ASP	2
3crvA	118	1	A	119		SER	2
3crvA	119	1	A	120		PRO	2
3crvA	120	1	A	121		LEU	2
3crvA	121	1	A	122		SER	2
3crvA	122	1	A	123		LEU	2
3crvA	123	1	A	124		VAL	2
3crvA	124	1	A	125		LYS	2
3crvA	125	1	A	126		LYS	2
3crvA	126	1	A	127		LEU	2
3crvA	127	1	A	128		LYS	2
3crvA	128	1	A	129		LYS	2
3crvA	129	1	A	130		ASP	2
3crvA	130	1	A	131		GLY	2
3crvA	131	1	A	132		LEU	2
3crvA	132	1	A	133		GLN	2
3crvA	133	1	A	134		ASP	2
3crvA	134	1	A	135		LYS	2
3crvA	135	1	A	136		PHE	2
3crvA	136	1	A	137		CYS	2
3crvA	137	1	A	138		PRO	2
3crvA	138	1	A	139		TYR	2
3crvA	139	1	A	140		TYR	2
3crvA	140	1	A	141		SER	2
3crvA	141	1	A	142		LEU	2
3crvA	142	1	A	143		LEU	1
3crvA	143	1	A	144		ASN	1
3crvA	144	1	A	145		SER	1
3crvA	145	1	A	146		LEU	1
3crvA	146	1	A	147		TYR	1
3crvA	147	1	A	148		LYS	1
3crvA	148	1	A	149		ALA	1
3crvA	149	1	A	150		ASP	1
3crvA	150	1	A	151		VAL	1
3crvA	151	1	A	152		ILE	1
3crvA	152	1	A	153		ALA	1
3crvA	153	1	A	154		LEU	1
3crvA	154	1	A	155		THR	1
3crvA	155	1	A	156		TYR	1
3crvA	156	1	A	157		PRO	1
3crvA	157	1	A	158		TYR	1
3crvA	158	1	A	159		PHE	1
3crvA	159	1	A	160		PHE	1
3crvA	160	1	A	161		ILE	1
3crvA	161	1	A	162		ASP	1
3crvA	162	1	A	163		ARG	1
3crvA	163	1	A	164		TYR	1
3crvA	164	1	A	165		ARG	1
3crvA	165	1	A	166		GLU	1
3crvA	166	1	A	167		PHE	1
3crvA	167	1	A	168		ILE	1
3crvA	168	1	A	169		ASP	1
3crvA	169	1	A	170		ILE	1
3crvA	170	1	A	171		ASP	1
3crvA	171	1	A	172		LEU	1
3crvA	172	1	A	173		ARG	1
3crvA	173	1	A	174		GLU	1
3crvA	174	1	A	175		TYR	1
3crvA	175	1	A	176		MET	1
3crvA	176	1	A	177		ILE	1
3crvA	177	1	A	178		VAL	1
3crvA	178	1	A	179		ILE	1
3crvA	179	1	A	180		ASP	1
3crvA	180	1	A	181		GLU	1
3crvA	181	1	A	182		ALA	1
3crvA	182	1	A	183		HIS	1
3crvA	183	1	A	184		ASN	1
3crvA	184	1	A	185		LEU	1
3crvA	185	1	A	186		ASP	1
3crvA	186	1	A	187		LYS	1
3crvA	187	1	A	188		VAL	1
3crvA	188	1	A	189		ASN	1
3crvA	189	1	A	190		GLU	3
3crvA	190	1	A	191		LEU	3
3crvA	191	1	A	192		GLU	3
3crvA	192	1	A	193		GLU	3
3crvA	193	1	A	194		ARG	3
3crvA	194	1	A	195		SER	3
3crvA	195	1	A	196		LEU	3
3crvA	196	1	A	197		SER	3
3crvA	197	1	A	198		GLU	3
3crvA	198	1	A	199		ILE	3
3crvA	199	1	A	200		THR	3
3crvA	200	1	A	201		ILE	3
3crvA	201	1	A	202		GLN	3
3crvA	202	1	A	203		MET	3
3crvA	203	1	A	204		ALA	3
3crvA	204	1	A	205		ILE	3
3crvA	205	1	A	206		LYS	3
3crvA	206	1	A	207		GLN	3
3crvA	207	1	A	208		SER	3
3crvA	208	1	A	209		LYS	3
3crvA	209	1	A	210		SER	3
3crvA	210	1	A	211		GLU	3
3crvA	211	1	A	212		GLU	3
3crvA	212	1	A	213		SER	3
3crvA	213	1	A	214		ARG	3
3crvA	214	1	A	215		ARG	3
3crvA	215	1	A	216		ILE	3
3crvA	216	1	A	217		LEU	3
3crvA	217	1	A	218		SER	3
3crvA	218	1	A	219		LYS	3
3crvA	219	1	A	220		LEU	3
3crvA	220	1	A	221		LEU	3
3crvA	221	1	A	222		ASN	3
3crvA	222	1	A	223		GLN	3
3crvA	223	1	A	224		LEU	3
3crvA	224	1	A	225		ARG	3
3crvA	225	1	A	226		GLU	3
3crvA	226	1	A	227		VAL	3
3crvA	227	1	A	228		VAL	3
3crvA	228	1	A	229		LEU	3
3crvA	229	1	A	230		PRO	3
3crvA	230	1	A	231		ASP	3
3crvA	231	1	A	232		GLU	3
3crvA	232	1	A	233		LYS	3
3crvA	233	1	A	234		TYR	3
3crvA	234	1	A	235		ILE	3
3crvA	235	1	A	236		LYS	3
3crvA	236	1	A	237		VAL	3
3crvA	237	1	A	238		GLU	3
3crvA	238	1	A	239		ASN	3
3crvA	239	1	A	240		VAL	3
3crvA	240	1	A	241		PRO	3
3crvA	241	1	A	242		LYS	3
3crvA	242	1	A	243		LEU	3
3crvA	243	1	A	244		SER	3
3crvA	244	1	A	245		LYS	3
3crvA	245	1	A	246		GLU	3
3crvA	246	1	A	247		GLU	3
3crvA	247	1	A	248		LEU	3
3crvA	248	1	A	249		GLU	3
3crvA	249	1	A	250		ILE	3
3crvA	250	1	A	251		LEU	3
3crvA	251	1	A	252		ALA	3
3crvA	252	1	A	253		ASP	3
3crvA	253	1	A	254		ASP	3
3crvA	254	1	A	255		TYR	3
3crvA	255	1	A	256		GLU	3
3crvA	256	1	A	257		ASP	3
3crvA	257	1	A	258		ILE	3
3crvA	258	1	A	259		ARG	3
3crvA	259	1	A	260		LYS	3
3crvA	260	1	A	261		ASP	3
3crvA	261	1	A	262		SER	3
3crvA	262	1	A	263		LEU	3
3crvA	263	1	A	264		LYS	3
3crvA	264	1	A	265		GLN	3
3crvA	265	1	A	266		GLY	3
3crvA	266	1	A	267		LYS	3
3crvA	267	1	A	268		VAL	3
3crvA	268	1	A	269		ASN	3
3crvA	269	1	A	270		LYS	3
3crvA	270	1	A	271		ILE	3
3crvA	271	1	A	272		HIS	3
3crvA	272	1	A	273		ILE	3
3crvA	273	1	A	274		GLY	3
3crvA	274	1	A	275		SER	3
3crvA	275	1	A	276		ILE	3
3crvA	276	1	A	277		LEU	3
3crvA	277	1	A	278		ARG	3
3crvA	278	1	A	279		PHE	3
3crvA	279	1	A	280		PHE	3
3crvA	280	1	A	281		SER	3
3crvA	281	1	A	282		LEU	3
3crvA	282	1	A	283		LEU	3
3crvA	283	1	A	284		SER	3
3crvA	284	1	A	285		ILE	3
3crvA	285	1	A	286		GLY	3
3crvA	286	1	A	287		SER	3
3crvA	287	1	A	288		PHE	3
3crvA	288	1	A	289		ILE	3
3crvA	289	1	A	290		PRO	3
3crvA	290	1	A	291		PHE	3
3crvA	291	1	A	292		SER	3
3crvA	292	1	A	293		TYR	3
3crvA	293	1	A	294		SER	3
3crvA	294	1	A	295		LYS	3
3crvA	295	1	A	296		ARG	3
3crvA	296	1	A	297		LEU	3
3crvA	297	1	A	298		VAL	3
3crvA	298	1	A	299		ILE	3
3crvA	299	1	A	300		LYS	3
3crvA	300	1	A	301		ASN	3
3crvA	301	1	A	302		PRO	3
3crvA	302	1	A	303		GLU	1
3crvA	303	1	A	304		ILE	1
3crvA	304	1	A	305		SER	1
3crvA	305	1	A	306		TYR	1
3crvA	306	1	A	307		TYR	1
3crvA	307	1	A	308		LEU	1
3crvA	308	1	A	309		ASN	1
3crvA	309	1	A	310		LEU	1
3crvA	310	1	A	311		LEU	1
3crvA	311	1	A	312		ASN	1
3crvA	312	1	A	313		ASP	1
3crvA	313	1	A	314		ASN	1
3crvA	314	1	A	315		GLU	1
3crvA	315	1	A	316		LEU	1
3crvA	316	1	A	317		SER	1
3crvA	317	1	A	318		ILE	1
3crvA	318	1	A	319		ILE	1
3crvA	319	1	A	320		LEU	1
3crvA	320	1	A	321		MET	1
3crvA	321	1	A	322		SER	1
3crvA	322	1	A	323		GLY	1
3crvA	323	1	A	324		THR	1
3crvA	324	1	A	325		LEU	1
3crvA	325	1	A	326		PRO	1
3crvA	326	1	A	327		PRO	1
3crvA	327	1	A	328		ARG	1
3crvA	328	1	A	329		GLU	1
3crvA	329	1	A	330		TYR	1
3crvA	330	1	A	331		MET	1
3crvA	331	1	A	332		GLU	1
3crvA	332	1	A	333		LYS	1
3crvA	333	1	A	334		VAL	1
3crvA	334	1	A	335		TRP	1
3crvA	335	1	A	336		GLY	1
3crvA	336	1	A	337		ILE	1
3crvA	337	1	A	338		LYS	1
3crvA	338	1	A	339		ARG	1
3crvA	339	1	A	340		ASN	1
3crvA	340	1	A	341		MET	1
3crvA	341	1	A	342		LEU	1
3crvA	342	1	A	343		TYR	1
3crvA	343	1	A	344		LEU	1
3crvA	344	1	A	345		ASP	1
3crvA	345	1	A	346		VAL	1
3crvA	346	1	A	347		GLU	1
3crvA	347	1	A	348		ARG	1
3crvA	348	1	A	349		GLU	1
3crvA	349	1	A	350		ILE	1
3crvA	350	1	A	351		GLN	1
3crvA	351	1	A	352		LYS	1
3crvA	352	1	A	353		ARG	1
3crvA	353	1	A	354		VAL	1
3crvA	354	1	A	355		SER	4
3crvA	355	1	A	356		GLY	4
3crvA	356	1	A	357		SER	4
3crvA	357	1	A	358		TYR	4
3crvA	358	1	A	359		GLU	4
3crvA	359	1	A	360		CYS	4
3crvA	360	1	A	361		TYR	4
3crvA	361	1	A	362		ILE	4
3crvA	362	1	A	363		GLY	4
3crvA	363	1	A	364		VAL	4
3crvA	364	1	A	365		ASP	4
3crvA	365	1	A	366		VAL	4
3crvA	366	1	A	367		THR	4
3crvA	367	1	A	368		SER	4
3crvA	368	1	A	369		LYS	4
3crvA	369	1	A	370		TYR	4
3crvA	370	1	A	371		ASP	4
3crvA	371	1	A	372		MET	4
3crvA	372	1	A	373		ARG	4
3crvA	373	1	A	374		SER	4
3crvA	374	1	A	375		ASP	4
3crvA	375	1	A	376		ASN	4
3crvA	376	1	A	377		MET	4
3crvA	377	1	A	378		TRP	4
3crvA	378	1	A	379		LYS	4
3crvA	379	1	A	380		ARG	4
3crvA	380	1	A	381		TYR	4
3crvA	381	1	A	382		ALA	4
3crvA	382	1	A	383		ASP	4
3crvA	383	1	A	384		TYR	4
3crvA	384	1	A	385		LEU	4
3crvA	385	1	A	386		LEU	4
3crvA	386	1	A	387		LYS	4
3crvA	387	1	A	388		ILE	4
3crvA	388	1	A	389		TYR	4
3crvA	389	1	A	390		PHE	4
3crvA	390	1	A	391		GLN	4
3crvA	391	1	A	392		ALA	4
3crvA	392	1	A	393		LYS	4
3crvA	393	1	A	394		ALA	4
3crvA	394	1	A	395		ASN	4
3crvA	395	1	A	396		VAL	4
3crvA	396	1	A	397		LEU	4
3crvA	397	1	A	398		VAL	4
3crvA	398	1	A	399		VAL	4
3crvA	399	1	A	400		PHE	4
3crvA	400	1	A	401		PRO	4
3crvA	401	1	A	402		SER	4
3crvA	402	1	A	403		TYR	4
3crvA	403	1	A	404		GLU	4
3crvA	404	1	A	405		ILE	4
3crvA	405	1	A	406		MET	4
3crvA	406	1	A	407		ASP	4
3crvA	407	1	A	408		ARG	4
3crvA	408	1	A	409		VAL	4
3crvA	409	1	A	410		MET	4
3crvA	410	1	A	411		SER	4
3crvA	411	1	A	412		ARG	4
3crvA	412	1	A	413		ILE	4
3crvA	413	1	A	414		SER	4
3crvA	414	1	A	415		LEU	4
3crvA	415	1	A	416		PRO	4
3crvA	416	1	A	417		LYS	4
3crvA	417	1	A	418		TYR	4
3crvA	418	1	A	419		VAL	4
3crvA	419	1	A	420		GLU	4
3crvA	420	1	A	421		SER	4
3crvA	421	1	A	422		GLU	4
3crvA	422	1	A	423		ASP	4
3crvA	423	1	A	424		SER	4
3crvA	424	1	A	425		SER	4
3crvA	425	1	A	426		VAL	4
3crvA	426	1	A	427		GLU	4
3crvA	427	1	A	428		ASP	4
3crvA	428	1	A	429		LEU	4
3crvA	429	1	A	430		TYR	4
3crvA	430	1	A	431		SER	4
3crvA	431	1	A	432		ALA	4
3crvA	432	1	A	433		ILE	4
3crvA	433	1	A	434		SER	4
3crvA	434	1	A	435		ALA	4
3crvA	435	1	A	436		ASN	4
3crvA	436	1	A	437		ASN	4
3crvA	437	1	A	438		LYS	4
3crvA	438	1	A	439		VAL	4
3crvA	439	1	A	440		LEU	4
3crvA	440	1	A	441		ILE	4
3crvA	441	1	A	442		GLY	4
3crvA	442	1	A	443		SER	4
3crvA	443	1	A	444		VAL	4
3crvA	444	1	A	445		GLY	4
3crvA	445	1	A	446		LYS	4
3crvA	446	1	A	447		GLY	4
3crvA	447	1	A	448		LYS	4
3crvA	448	1	A	449		LEU	4
3crvA	449	1	A	450		ALA	4
3crvA	450	1	A	451		GLU	4
3crvA	451	1	A	452		GLY	4
3crvA	452	1	A	453		ILE	4
3crvA	453	1	A	454		GLU	4
3crvA	454	1	A	455		LEU	4
3crvA	455	1	A	456		ARG	4
3crvA	456	1	A	457		ASN	4
3crvA	457	1	A	458		ASN	4
3crvA	458	1	A	459		ASP	4
3crvA	459	1	A	460		ARG	4
3crvA	460	1	A	461		SER	4
3crvA	461	1	A	462		LEU	4
3crvA	462	1	A	463		ILE	4
3crvA	463	1	A	464		SER	4
3crvA	464	1	A	465		ASP	4
3crvA	465	1	A	466		VAL	4
3crvA	466	1	A	467		VAL	4
3crvA	467	1	A	468		ILE	4
3crvA	468	1	A	469		VAL	4
3crvA	469	1	A	470		GLY	4
3crvA	470	1	A	471		ILE	4
3crvA	471	1	A	472		PRO	4
3crvA	472	1	A	473		TYR	5
3crvA	473	1	A	474		PRO	5
3crvA	474	1	A	475		PRO	5
3crvA	475	1	A	476		PRO	5
3crvA	476	1	A	477		ASP	5
3crvA	477	1	A	478		ASP	5
3crvA	478	1	A	479		TYR	5
3crvA	479	1	A	480		LEU	5
3crvA	480	1	A	481		LYS	5
3crvA	481	1	A	482		ILE	5
3crvA	482	1	A	483		LEU	5
3crvA	483	1	A	484		ALA	5
3crvA	484	1	A	485		GLN	5
3crvA	485	1	A	486		ARG	5
3crvA	486	1	A	487		VAL	5
3crvA	487	1	A	488		SER	5
3crvA	488	1	A	489		LEU	5
3crvA	489	1	A	490		LYS	5
3crvA	490	1	A	491		MET	5
3crvA	491	1	A	492		ASN	5
3crvA	492	1	A	493		ARG	5
3crvA	493	1	A	494		GLU	5
3crvA	494	1	A	495		ASN	5
3crvA	495	1	A	496		GLU	5
3crvA	496	1	A	497		GLU	5
3crvA	497	1	A	498		PHE	5
3crvA	498	1	A	499		LEU	5
3crvA	499	1	A	500		PHE	5
3crvA	500	1	A	501		LYS	5
3crvA	501	1	A	502		ILE	5
3crvA	502	1	A	503		PRO	5
3crvA	503	1	A	504		ALA	5
3crvA	504	1	A	505		LEU	5
3crvA	505	1	A	506		VAL	5
3crvA	506	1	A	507		THR	5
3crvA	507	1	A	508		ILE	4
3crvA	508	1	A	509		LYS	4
3crvA	509	1	A	510		GLN	4
3crvA	510	1	A	511		ALA	4
3crvA	511	1	A	512		ILE	4
3crvA	512	1	A	513		GLY	4
3crvA	513	1	A	514		ARG	4
3crvA	514	1	A	515		ALA	4
3crvA	515	1	A	516		ILE	4
3crvA	516	1	A	517		ARG	4
3crvA	517	1	A	518		ASP	4
3crvA	518	1	A	519		VAL	4
3crvA	519	1	A	520		ASN	4
3crvA	520	1	A	521		ASP	4
3crvA	521	1	A	522		LYS	4
3crvA	522	1	A	523		CYS	4
3crvA	523	1	A	524		ASN	4
3crvA	524	1	A	525		VAL	4
3crvA	525	1	A	526		TRP	4
3crvA	526	1	A	527		LEU	4
3crvA	527	1	A	528		LEU	4
3crvA	528	1	A	529		ASP	4
3crvA	529	1	A	530		LYS	4
3crvA	530	1	A	531		ARG	4
3crvA	531	1	A	532		PHE	4
3crvA	532	1	A	533		GLU	4
3crvA	533	1	A	534		SER	4
3crvA	534	1	A	535		LEU	4
3crvA	535	1	A	536		TYR	4
3crvA	536	1	A	537		TRP	4
3crvA	537	1	A	538		LYS	4
3crvA	538	1	A	539		LYS	4
3crvA	539	1	A	540		ASN	4
3crvA	540	1	A	541		LEU	4
3crvA	541	1	A	542		LYS	4
3crvA	542	1	A	543		CYS	4
3crvA	543	1	A	544		LEU	4
3crvA	544	1	A	545		ASN	4
3crvA	545	1	A	546		ALA	4
3crvA	546	1	A	547		ASN	4
3crvA	547	1	A	548		LYS	4
3crvA	548	1	A	549		MET	4
3crvA	549	1	A	550		LYS	4
3crvA	550	1	A	551		LEU	4
4b8vA	0	1	A	7		CYS	1
4b8vA	1	1	A	8		GLY	1
4b8vA	2	1	A	9		SER	1
4b8vA	3	1	A	10		THR	1
4b8vA	4	1	A	11		SER	1
4b8vA	5	1	A	12		ASN	1
4b8vA	6	1	A	13		ILE	1
4b8vA	7	1	A	14		LYS	1
4b8vA	8	1	A	15		TYR	1
4b8vA	9	1	A	16		THR	1
4b8vA	10	1	A	17		VAL	1
4b8vA	11	1	A	18		VAL	1
4b8vA	12	1	A	19		LYS	1
4b8vA	13	1	A	20		GLY	1
4b8vA	14	1	A	21		ASP	1
4b8vA	15	1	A	22		THR	1
4b8vA	16	1	A	23		LEU	1
4b8vA	17	1	A	24		THR	1
4b8vA	18	1	A	25		SER	1
4b8vA	19	1	A	26		ILE	1
4b8vA	20	1	A	27		ALA	1
4b8vA	21	1	A	28		LYS	1
4b8vA	22	1	A	29		LYS	1
4b8vA	23	1	A	30		PHE	1
4b8vA	24	1	A	31		LYS	1
4b8vA	25	1	A	32		SER	1
4b8vA	26	1	A	33		GLY	1
4b8vA	27	1	A	34		ILE	1
4b8vA	28	1	A	35		CYS	1
4b8vA	29	1	A	36		ASN	1
4b8vA	30	1	A	37		ILE	1
4b8vA	31	1	A	38		VAL	1
4b8vA	32	1	A	39		SER	1
4b8vA	33	1	A	40		VAL	1
4b8vA	34	1	A	41		ASN	1
4b8vA	35	1	A	42		LYS	1
4b8vA	36	1	A	43		LEU	1
4b8vA	37	1	A	44		ALA	1
4b8vA	38	1	A	45		ASN	1
4b8vA	39	1	A	46		PRO	1
4b8vA	40	1	A	47		ASN	1
4b8vA	41	1	A	48		LEU	1
4b8vA	42	1	A	49		ILE	1
4b8vA	43	1	A	50		GLU	1
4b8vA	44	1	A	51		LEU	1
4b8vA	45	1	A	52		GLY	1
4b8vA	46	1	A	53		ALA	1
4b8vA	47	1	A	54		THR	1
4b8vA	48	1	A	55		LEU	1
4b8vA	49	1	A	56		ILE	1
4b8vA	50	1	A	57		ILE	1
4b8vA	51	1	A	58		PRO	1
4b8vA	52	1	A	59		GLU	1
4b8vA	53	1	A	60		ASN	1
4b8vA	54	1	A	61		CYS	1
4b8vA	55	1	A	62		SER	1
4b8vA	56	1	A	63		ASN	1
4b8vA	57	1	A	64		PRO	1
4b8vA	58	1	A	65		ASP	1
4b8vA	59	1	A	66		ASN	1
4b8vA	60	1	A	67		LYS	1
4b8vA	61	1	A	68		SER	1
4b8vA	62	1	A	69		CYS	1
4b8vA	63	1	A	70		VAL	1
4b8vA	64	1	A	71		SER	1
4b8vA	65	1	A	72		THR	1
4b8vA	66	1	A	73		PRO	2
4b8vA	67	1	A	74		ALA	2
4b8vA	68	1	A	75		GLU	2
4b8vA	69	1	A	76		PRO	2
4b8vA	70	1	A	77		THR	2
4b8vA	71	1	A	78		GLU	2
4b8vA	72	1	A	79		THR	2
4b8vA	73	1	A	80		CYS	2
4b8vA	74	1	A	81		VAL	2
4b8vA	75	1	A	82		PRO	2
4b8vA	76	1	A	83		GLY	2
4b8vA	77	1	A	84		LEU	2
4b8vA	78	1	A	85		PRO	2
4b8vA	79	1	A	86		GLY	2
4b8vA	80	1	A	87		SER	2
4b8vA	81	1	A	88		TYR	2
4b8vA	82	1	A	89		THR	2
4b8vA	83	1	A	90		ILE	2
4b8vA	84	1	A	91		VAL	2
4b8vA	85	1	A	92		SER	2
4b8vA	86	1	A	93		GLY	2
4b8vA	87	1	A	94		ASP	2
4b8vA	88	1	A	95		THR	2
4b8vA	89	1	A	96		LEU	2
4b8vA	90	1	A	97		THR	2
4b8vA	91	1	A	98		ASN	2
4b8vA	92	1	A	99		ILE	2
4b8vA	93	1	A	100		SER	2
4b8vA	94	1	A	101		GLN	2
4b8vA	95	1	A	102		ASP	2
4b8vA	96	1	A	103		PHE	2
4b8vA	97	1	A	104		ASN	2
4b8vA	98	1	A	105		ILE	2
4b8vA	99	1	A	106		THR	2
4b8vA	100	1	A	107		LEU	2
4b8vA	101	1	A	108		ASP	2
4b8vA	102	1	A	109		SER	2
4b8vA	103	1	A	110		LEU	2
4b8vA	104	1	A	111		ILE	2
4b8vA	105	1	A	112		ALA	2
4b8vA	106	1	A	113		ALA	2
4b8vA	107	1	A	114		ASN	2
4b8vA	108	1	A	115		THR	2
4b8vA	109	1	A	116		GLN	2
4b8vA	110	1	A	117		ILE	2
4b8vA	111	1	A	118		GLU	2
4b8vA	112	1	A	119		ASN	2
4b8vA	113	1	A	120		PRO	2
4b8vA	114	1	A	121		ASP	2
4b8vA	115	1	A	122		ALA	2
4b8vA	116	1	A	123		ILE	2
4b8vA	117	1	A	124		ASP	2
4b8vA	118	1	A	125		VAL	2
4b8vA	119	1	A	126		GLY	2
4b8vA	120	1	A	127		GLN	2
4b8vA	121	1	A	128		ILE	2
4b8vA	122	1	A	129		ILE	2
4b8vA	123	1	A	130		THR	2
4b8vA	124	1	A	131		VAL	2
4b8vA	125	1	A	132		PRO	2
4b8vA	126	1	A	133		VAL	2
4b8vA	127	1	A	134		CYS	2
4b8vA	128	1	A	135		PRO	2
4b8vA	129	1	A	136		SER	2
4b8vA	130	1	A	137		SER	2
4b8vA	131	1	A	138		GLN	2
4b8vA	132	1	A	139		CYS	2
4b8vA	133	1	A	140		GLU	2
4b8vA	134	1	A	141		ALA	2
4b8vA	135	1	A	142		VAL	2
4b8vA	136	1	A	143		GLY	2
4b8vA	137	1	A	144		THR	2
4b8vA	138	1	A	145		TYR	2
4b8vA	139	1	A	146		ASN	2
4b8vA	140	1	A	147		ILE	2
4b8vA	141	1	A	148		VAL	2
4b8vA	142	1	A	149		ALA	2
4b8vA	143	1	A	150		GLY	2
4b8vA	144	1	A	151		ASP	2
4b8vA	145	1	A	152		LEU	2
4b8vA	146	1	A	153		PHE	2
4b8vA	147	1	A	154		VAL	2
4b8vA	148	1	A	155		ASP	2
4b8vA	149	1	A	156		LEU	2
4b8vA	150	1	A	157		ALA	2
4b8vA	151	1	A	158		ALA	2
4b8vA	152	1	A	159		THR	2
4b8vA	153	1	A	160		TYR	2
4b8vA	154	1	A	161		HIS	2
4b8vA	155	1	A	162		THR	2
4b8vA	156	1	A	163		THR	2
4b8vA	157	1	A	164		ILE	2
4b8vA	158	1	A	165		GLY	2
4b8vA	159	1	A	166		GLN	2
4b8vA	160	1	A	167		ILE	2
4b8vA	161	1	A	168		LYS	2
4b8vA	162	1	A	169		ALA	2
4b8vA	163	1	A	170		LEU	2
4b8vA	164	1	A	171		ASN	2
4b8vA	165	1	A	172		ASN	2
4b8vA	166	1	A	173		ASN	2
4b8vA	167	1	A	174		VAL	2
4b8vA	168	1	A	175		ASN	2
4b8vA	169	1	A	176		PRO	2
4b8vA	170	1	A	177		SER	2
4b8vA	171	1	A	178		LYS	2
4b8vA	172	1	A	179		LEU	2
4b8vA	173	1	A	180		LYS	2
4b8vA	174	1	A	181		VAL	2
4b8vA	175	1	A	182		GLY	2
4b8vA	176	1	A	183		GLN	2
4b8vA	177	1	A	184		GLN	2
4b8vA	178	1	A	185		ILE	2
4b8vA	179	1	A	186		ILE	2
4b8vA	180	1	A	187		LEU	2
4b8vA	181	1	A	188		PRO	2
4b8vA	182	1	A	189		GLN	2
4b8vA	183	1	A	190		ASP	2
4b8vA	184	1	A	191		CYS	2
4b8vA	185	1	A	192		LYS	2
4b8vA	186	1	A	193		ASN	2
4b8vA	187	1	A	194		VAL	2
4b8vA	188	1	A	195		THR	2
1ygyA	0	1	A	3		SER	1
1ygyA	1	1	A	4		LEU	1
1ygyA	2	1	A	5		PRO	1
1ygyA	3	1	A	6		VAL	1
1ygyA	4	1	A	7		VAL	1
1ygyA	5	1	A	8		LEU	1
1ygyA	6	1	A	9		ILE	1
1ygyA	7	1	A	10		ALA	1
1ygyA	8	1	A	11		ASP	1
1ygyA	9	1	A	12		LYS	1
1ygyA	10	1	A	13		LEU	1
1ygyA	11	1	A	14		ALA	1
1ygyA	12	1	A	15		PRO	1
1ygyA	13	1	A	16		SER	1
1ygyA	14	1	A	17		THR	1
1ygyA	15	1	A	18		VAL	1
1ygyA	16	1	A	19		ALA	1
1ygyA	17	1	A	20		ALA	1
1ygyA	18	1	A	21		LEU	1
1ygyA	19	1	A	22		GLY	1
1ygyA	20	1	A	23		ASP	1
1ygyA	21	1	A	24		GLN	1
1ygyA	22	1	A	25		VAL	1
1ygyA	23	1	A	26		GLU	1
1ygyA	24	1	A	27		VAL	1
1ygyA	25	1	A	28		ARG	1
1ygyA	26	1	A	29		TRP	1
1ygyA	27	1	A	30		VAL	1
1ygyA	28	1	A	31		ASP	1
1ygyA	29	1	A	32		GLY	1
1ygyA	30	1	A	33		PRO	1
1ygyA	31	1	A	34		ASP	1
1ygyA	32	1	A	35		ARG	1
1ygyA	33	1	A	36		ASP	1
1ygyA	34	1	A	37		LYS	1
1ygyA	35	1	A	38		LEU	1
1ygyA	36	1	A	39		LEU	1
1ygyA	37	1	A	40		ALA	1
1ygyA	38	1	A	41		ALA	1
1ygyA	39	1	A	42		VAL	1
1ygyA	40	1	A	43		PRO	1
1ygyA	41	1	A	44		GLU	1
1ygyA	42	1	A	45		ALA	1
1ygyA	43	1	A	46		ASP	1
1ygyA	44	1	A	47		ALA	1
1ygyA	45	1	A	48		LEU	1
1ygyA	46	1	A	49		LEU	1
1ygyA	47	1	A	50		VAL	1
1ygyA	48	1	A	51		ARG	1
1ygyA	49	1	A	52		SER	1
1ygyA	50	1	A	53		ALA	1
1ygyA	51	1	A	54		THR	1
1ygyA	52	1	A	55		THR	1
1ygyA	53	1	A	56		VAL	1
1ygyA	54	1	A	57		ASP	1
1ygyA	55	1	A	58		ALA	1
1ygyA	56	1	A	59		GLU	1
1ygyA	57	1	A	60		VAL	1
1ygyA	58	1	A	61		LEU	1
1ygyA	59	1	A	62		ALA	1
1ygyA	60	1	A	63		ALA	1
1ygyA	61	1	A	64		ALA	1
1ygyA	62	1	A	65		PRO	1
1ygyA	63	1	A	66		LYS	1
1ygyA	64	1	A	67		LEU	1
1ygyA	65	1	A	68		LYS	1
1ygyA	66	1	A	69		ILE	1
1ygyA	67	1	A	70		VAL	1
1ygyA	68	1	A	71		ALA	1
1ygyA	69	1	A	72		ARG	1
1ygyA	70	1	A	73		ALA	1
1ygyA	71	1	A	74		GLY	1
1ygyA	72	1	A	75		VAL	1
1ygyA	73	1	A	76		GLY	1
1ygyA	74	1	A	77		LEU	1
1ygyA	75	1	A	78		ASP	1
1ygyA	76	1	A	79		ASN	1
1ygyA	77	1	A	80		VAL	1
1ygyA	78	1	A	81		ASP	1
1ygyA	79	1	A	82		VAL	1
1ygyA	80	1	A	83		ASP	1
1ygyA	81	1	A	84		ALA	1
1ygyA	82	1	A	85		ALA	1
1ygyA	83	1	A	86		THR	1
1ygyA	84	1	A	87		ALA	1
1ygyA	85	1	A	88		ARG	1
1ygyA	86	1	A	89		GLY	1
1ygyA	87	1	A	90		VAL	1
1ygyA	88	1	A	91		LEU	1
1ygyA	89	1	A	92		VAL	1
1ygyA	90	1	A	93		VAL	1
1ygyA	91	1	A	94		ASN	1
1ygyA	92	1	A	95		ALA	1
1ygyA	93	1	A	96		PRO	1
1ygyA	94	1	A	97		THR	1
1ygyA	95	1	A	98		SER	1
1ygyA	96	1	A	99		ASN	1
1ygyA	97	1	A	100		ILE	2
1ygyA	98	1	A	101		HIS	2
1ygyA	99	1	A	102		SER	2
1ygyA	100	1	A	103		ALA	2
1ygyA	101	1	A	104		ALA	2
1ygyA	102	1	A	105		GLU	2
1ygyA	103	1	A	106		HIS	2
1ygyA	104	1	A	107		ALA	2
1ygyA	105	1	A	108		LEU	2
1ygyA	106	1	A	109		ALA	2
1ygyA	107	1	A	110		LEU	2
1ygyA	108	1	A	111		LEU	2
1ygyA	109	1	A	112		LEU	2
1ygyA	110	1	A	113		ALA	2
1ygyA	111	1	A	114		ALA	2
1ygyA	112	1	A	115		SER	2
1ygyA	113	1	A	116		ARG	2
1ygyA	114	1	A	117		GLN	2
1ygyA	115	1	A	118		ILE	2
1ygyA	116	1	A	119		PRO	2
1ygyA	117	1	A	120		ALA	2
1ygyA	118	1	A	121		ALA	2
1ygyA	119	1	A	122		ASP	2
1ygyA	120	1	A	123		ALA	2
1ygyA	121	1	A	124		SER	2
1ygyA	122	1	A	125		LEU	2
1ygyA	123	1	A	126		ARG	2
1ygyA	124	1	A	127		GLU	2
1ygyA	125	1	A	128		HIS	2
1ygyA	126	1	A	129		THR	2
1ygyA	127	1	A	130		TRP	2
1ygyA	128	1	A	131		LYS	2
1ygyA	129	1	A	132		ARG	2
1ygyA	130	1	A	133		SER	2
1ygyA	131	1	A	134		SER	2
1ygyA	132	1	A	135		PHE	2
1ygyA	133	1	A	136		SER	2
1ygyA	134	1	A	137		GLY	2
1ygyA	135	1	A	138		THR	2
1ygyA	136	1	A	139		GLU	2
1ygyA	137	1	A	140		ILE	2
1ygyA	138	1	A	141		PHE	2
1ygyA	139	1	A	142		GLY	2
1ygyA	140	1	A	143		LYS	2
1ygyA	141	1	A	144		THR	2
1ygyA	142	1	A	145		VAL	2
1ygyA	143	1	A	146		GLY	2
1ygyA	144	1	A	147		VAL	2
1ygyA	145	1	A	148		VAL	2
1ygyA	146	1	A	149		GLY	2
1ygyA	147	1	A	150		LEU	2
1ygyA	148	1	A	151		GLY	2
1ygyA	149	1	A	152		ARG	2
1ygyA	150	1	A	153		ILE	2
1ygyA	151	1	A	154		GLY	2
1ygyA	152	1	A	155		GLN	2
1ygyA	153	1	A	156		LEU	2
1ygyA	154	1	A	157		VAL	2
1ygyA	155	1	A	158		ALA	2
1ygyA	156	1	A	159		GLN	2
1ygyA	157	1	A	160		ARG	2
1ygyA	158	1	A	161		ILE	2
1ygyA	159	1	A	162		ALA	2
1ygyA	160	1	A	163		ALA	2
1ygyA	161	1	A	164		PHE	2
1ygyA	162	1	A	165		GLY	2
1ygyA	163	1	A	166		ALA	2
1ygyA	164	1	A	167		TYR	2
1ygyA	165	1	A	168		VAL	2
1ygyA	166	1	A	169		VAL	2
1ygyA	167	1	A	170		ALA	2
1ygyA	168	1	A	171		TYR	2
1ygyA	169	1	A	172		ASP	2
1ygyA	170	1	A	173		PRO	2
1ygyA	171	1	A	174		TYR	2
1ygyA	172	1	A	175		VAL	2
1ygyA	173	1	A	176		SER	2
1ygyA	174	1	A	177		PRO	2
1ygyA	175	1	A	178		ALA	2
1ygyA	176	1	A	179		ARG	2
1ygyA	177	1	A	180		ALA	2
1ygyA	178	1	A	181		ALA	2
1ygyA	179	1	A	182		GLN	2
1ygyA	180	1	A	183		LEU	2
1ygyA	181	1	A	184		GLY	2
1ygyA	182	1	A	185		ILE	2
1ygyA	183	1	A	186		GLU	2
1ygyA	184	1	A	187		LEU	2
1ygyA	185	1	A	188		LEU	2
1ygyA	186	1	A	189		SER	2
1ygyA	187	1	A	190		LEU	2
1ygyA	188	1	A	191		ASP	2
1ygyA	189	1	A	192		ASP	2
1ygyA	190	1	A	193		LEU	2
1ygyA	191	1	A	194		LEU	2
1ygyA	192	1	A	195		ALA	2
1ygyA	193	1	A	196		ARG	2
1ygyA	194	1	A	197		ALA	2
1ygyA	195	1	A	198		ASP	2
1ygyA	196	1	A	199		PHE	2
1ygyA	197	1	A	200		ILE	2
1ygyA	198	1	A	201		SER	2
1ygyA	199	1	A	202		VAL	2
1ygyA	200	1	A	203		HIS	2
1ygyA	201	1	A	204		LEU	2
1ygyA	202	1	A	205		PRO	2
1ygyA	203	1	A	206		LYS	2
1ygyA	204	1	A	207		THR	2
1ygyA	205	1	A	208		PRO	2
1ygyA	206	1	A	209		GLU	2
1ygyA	207	1	A	210		THR	2
1ygyA	208	1	A	211		ALA	2
1ygyA	209	1	A	212		GLY	2
1ygyA	210	1	A	213		LEU	2
1ygyA	211	1	A	214		ILE	2
1ygyA	212	1	A	215		ASP	2
1ygyA	213	1	A	216		LYS	2
1ygyA	214	1	A	217		GLU	2
1ygyA	215	1	A	218		ALA	2
1ygyA	216	1	A	219		LEU	2
1ygyA	217	1	A	220		ALA	2
1ygyA	218	1	A	221		LYS	2
1ygyA	219	1	A	222		THR	2
1ygyA	220	1	A	223		LYS	2
1ygyA	221	1	A	224		PRO	2
1ygyA	222	1	A	225		GLY	2
1ygyA	223	1	A	226		VAL	2
1ygyA	224	1	A	227		ILE	2
1ygyA	225	1	A	228		ILE	2
1ygyA	226	1	A	229		VAL	2
1ygyA	227	1	A	230		ASN	2
1ygyA	228	1	A	231		ALA	2
1ygyA	229	1	A	232		ALA	2
1ygyA	230	1	A	233		ARG	2
1ygyA	231	1	A	234		GLY	2
1ygyA	232	1	A	235		GLY	2
1ygyA	233	1	A	236		LEU	2
1ygyA	234	1	A	237		VAL	2
1ygyA	235	1	A	238		ASP	2
1ygyA	236	1	A	239		GLU	2
1ygyA	237	1	A	240		ALA	2
1ygyA	238	1	A	241		ALA	2
1ygyA	239	1	A	242		LEU	2
1ygyA	240	1	A	243		ALA	2
1ygyA	241	1	A	244		ASP	2
1ygyA	242	1	A	245		ALA	2
1ygyA	243	1	A	246		ILE	2
1ygyA	244	1	A	247		THR	2
1ygyA	245	1	A	248		GLY	2
1ygyA	246	1	A	249		GLY	2
1ygyA	247	1	A	250		HIS	2
1ygyA	248	1	A	251		VAL	2
1ygyA	249	1	A	252		ARG	2
1ygyA	250	1	A	253		ALA	2
1ygyA	251	1	A	254		ALA	2
1ygyA	252	1	A	255		GLY	2
1ygyA	253	1	A	256		LEU	2
1ygyA	254	1	A	257		ASP	2
1ygyA	255	1	A	258		VAL	2
1ygyA	256	1	A	259		PHE	2
1ygyA	257	1	A	260		ALA	2
1ygyA	258	1	A	261		THR	2
1ygyA	259	1	A	262		GLU	2
1ygyA	260	1	A	263		PRO	2
1ygyA	261	1	A	264		CYS	2
1ygyA	262	1	A	265		THR	2
1ygyA	263	1	A	266		ASP	2
1ygyA	264	1	A	267		SER	2
1ygyA	265	1	A	268		PRO	2
1ygyA	266	1	A	269		LEU	2
1ygyA	267	1	A	270		PHE	2
1ygyA	268	1	A	271		GLU	2
1ygyA	269	1	A	272		LEU	2
1ygyA	270	1	A	273		ALA	2
1ygyA	271	1	A	274		GLN	2
1ygyA	272	1	A	275		VAL	2
1ygyA	273	1	A	276		VAL	2
1ygyA	274	1	A	277		VAL	2
1ygyA	275	1	A	278		THR	2
1ygyA	276	1	A	279		PRO	2
1ygyA	277	1	A	280		HIS	2
1ygyA	278	1	A	281		LEU	2
1ygyA	279	1	A	282		GLY	2
1ygyA	280	1	A	283		ALA	2
1ygyA	281	1	A	284		SER	2
1ygyA	282	1	A	285		THR	1
1ygyA	283	1	A	286		ALA	1
1ygyA	284	1	A	287		GLU	1
1ygyA	285	1	A	288		ALA	1
1ygyA	286	1	A	289		GLN	1
1ygyA	287	1	A	290		ASP	1
1ygyA	288	1	A	291		ARG	1
1ygyA	289	1	A	292		ALA	1
1ygyA	290	1	A	293		GLY	1
1ygyA	291	1	A	294		THR	1
1ygyA	292	1	A	295		ASP	1
1ygyA	293	1	A	296		VAL	1
1ygyA	294	1	A	297		ALA	1
1ygyA	295	1	A	298		GLU	1
1ygyA	296	1	A	299		SER	1
1ygyA	297	1	A	300		VAL	1
1ygyA	298	1	A	301		ARG	1
1ygyA	299	1	A	302		LEU	1
1ygyA	300	1	A	303		ALA	1
1ygyA	301	1	A	304		LEU	1
1ygyA	302	1	A	305		ALA	1
1ygyA	303	1	A	306		GLY	1
1ygyA	304	1	A	307		GLU	1
1ygyA	305	1	A	308		PHE	1
1ygyA	306	1	A	309		VAL	1
1ygyA	307	1	A	310		PRO	1
1ygyA	308	1	A	311		ASP	1
1ygyA	309	1	A	312		ALA	1
1ygyA	310	1	A	313		VAL	1
1ygyA	311	1	A	314		ASN	1
1ygyA	312	1	A	315		VAL	3
1ygyA	313	1	A	316		GLY	3
1ygyA	314	1	A	317		GLY	3
1ygyA	315	1	A	318		GLY	3
1ygyA	316	1	A	319		VAL	3
1ygyA	317	1	A	320		VAL	3
1ygyA	318	1	A	321		ASN	3
1ygyA	319	1	A	322		GLU	3
1ygyA	320	1	A	323		GLU	3
1ygyA	321	1	A	324		VAL	3
1ygyA	322	1	A	325		ALA	3
1ygyA	323	1	A	326		PRO	3
1ygyA	324	1	A	327		TRP	3
1ygyA	325	1	A	328		LEU	3
1ygyA	326	1	A	329		ASP	3
1ygyA	327	1	A	330		LEU	3
1ygyA	328	1	A	331		VAL	3
1ygyA	329	1	A	332		ARG	3
1ygyA	330	1	A	333		LYS	3
1ygyA	331	1	A	334		LEU	3
1ygyA	332	1	A	335		GLY	3
1ygyA	333	1	A	336		VAL	3
1ygyA	334	1	A	337		LEU	3
1ygyA	335	1	A	338		ALA	3
1ygyA	336	1	A	339		GLY	3
1ygyA	337	1	A	340		VAL	3
1ygyA	338	1	A	341		LEU	3
1ygyA	339	1	A	342		SER	3
1ygyA	340	1	A	343		ASP	3
1ygyA	341	1	A	344		GLU	3
1ygyA	342	1	A	345		LEU	3
1ygyA	343	1	A	346		PRO	3
1ygyA	344	1	A	347		VAL	3
1ygyA	345	1	A	348		SER	3
1ygyA	346	1	A	349		LEU	3
1ygyA	347	1	A	350		SER	3
1ygyA	348	1	A	351		VAL	3
1ygyA	349	1	A	352		GLN	3
1ygyA	350	1	A	353		VAL	3
1ygyA	351	1	A	354		ARG	3
1ygyA	352	1	A	355		GLY	3
1ygyA	353	1	A	356		GLU	3
1ygyA	354	1	A	357		LEU	3
1ygyA	355	1	A	358		ALA	3
1ygyA	356	1	A	359		ALA	3
1ygyA	357	1	A	360		GLU	3
1ygyA	358	1	A	361		GLU	3
1ygyA	359	1	A	362		VAL	3
1ygyA	360	1	A	363		GLU	3
1ygyA	361	1	A	364		VAL	3
1ygyA	362	1	A	365		LEU	3
1ygyA	363	1	A	366		ARG	3
1ygyA	364	1	A	367		LEU	3
1ygyA	365	1	A	368		SER	3
1ygyA	366	1	A	369		ALA	3
1ygyA	367	1	A	370		LEU	3
1ygyA	368	1	A	371		ARG	3
1ygyA	369	1	A	372		GLY	3
1ygyA	370	1	A	373		LEU	3
1ygyA	371	1	A	374		PHE	3
1ygyA	372	1	A	375		SER	3
1ygyA	373	1	A	376		ALA	3
1ygyA	374	1	A	377		VAL	3
1ygyA	375	1	A	378		ILE	3
1ygyA	376	1	A	379		GLU	3
1ygyA	377	1	A	380		ASP	3
1ygyA	378	1	A	381		ALA	3
1ygyA	379	1	A	382		VAL	3
1ygyA	380	1	A	383		THR	3
1ygyA	381	1	A	384		PHE	3
1ygyA	382	1	A	385		VAL	3
1ygyA	383	1	A	386		ASN	3
1ygyA	384	1	A	387		ALA	3
1ygyA	385	1	A	388		PRO	3
1ygyA	386	1	A	389		ALA	3
1ygyA	387	1	A	390		LEU	3
1ygyA	388	1	A	391		ALA	3
1ygyA	389	1	A	392		ALA	3
1ygyA	390	1	A	393		GLU	3
1ygyA	391	1	A	394		ARG	3
1ygyA	392	1	A	395		GLY	3
1ygyA	393	1	A	396		VAL	3
1ygyA	394	1	A	397		THR	3
1ygyA	395	1	A	398		ALA	3
1ygyA	396	1	A	399		GLU	3
1ygyA	397	1	A	400		ILE	3
1ygyA	398	1	A	401		CYS	3
1ygyA	399	1	A	402		LYS	3
1ygyA	400	1	A	403		ALA	3
1ygyA	401	1	A	404		SER	3
1ygyA	402	1	A	405		GLU	3
1ygyA	403	1	A	406		SER	3
1ygyA	404	1	A	407		PRO	3
1ygyA	405	1	A	408		ASN	3
1ygyA	406	1	A	409		HIS	3
1ygyA	407	1	A	410		ARG	3
1ygyA	408	1	A	411		SER	3
1ygyA	409	1	A	412		VAL	3
1ygyA	410	1	A	413		VAL	3
1ygyA	411	1	A	414		ASP	3
1ygyA	412	1	A	415		VAL	3
1ygyA	413	1	A	416		ARG	3
1ygyA	414	1	A	417		ALA	3
1ygyA	415	1	A	418		VAL	3
1ygyA	416	1	A	419		GLY	3
1ygyA	417	1	A	420		ALA	3
1ygyA	418	1	A	421		ASP	3
1ygyA	419	1	A	422		GLY	3
1ygyA	420	1	A	423		SER	3
1ygyA	421	1	A	424		VAL	3
1ygyA	422	1	A	425		VAL	3
1ygyA	423	1	A	426		THR	3
1ygyA	424	1	A	427		VAL	3
1ygyA	425	1	A	428		SER	3
1ygyA	426	1	A	429		GLY	3
1ygyA	427	1	A	430		THR	3
1ygyA	428	1	A	431		LEU	3
1ygyA	429	1	A	432		TYR	3
1ygyA	430	1	A	433		GLY	3
1ygyA	431	1	A	434		PRO	3
1ygyA	432	1	A	435		GLN	3
1ygyA	433	1	A	436		LEU	3
1ygyA	434	1	A	437		SER	3
1ygyA	435	1	A	438		GLN	3
1ygyA	436	1	A	439		LYS	3
1ygyA	437	1	A	440		ILE	3
1ygyA	438	1	A	441		VAL	3
1ygyA	439	1	A	442		GLN	3
1ygyA	440	1	A	443		ILE	3
1ygyA	441	1	A	444		ASN	3
1ygyA	442	1	A	445		GLY	3
1ygyA	443	1	A	446		ARG	3
1ygyA	444	1	A	447		HIS	3
1ygyA	445	1	A	448		PHE	3
1ygyA	446	1	A	449		ASP	3
1ygyA	447	1	A	450		LEU	3
1ygyA	448	1	A	451		ARG	3
1ygyA	449	1	A	452		ALA	3
1ygyA	450	1	A	453		GLN	4
1ygyA	451	1	A	454		GLY	4
1ygyA	452	1	A	455		ILE	4
1ygyA	453	1	A	456		ASN	4
1ygyA	454	1	A	457		LEU	4
1ygyA	455	1	A	458		ILE	4
1ygyA	456	1	A	459		ILE	4
1ygyA	457	1	A	460		HIS	4
1ygyA	458	1	A	461		TYR	4
1ygyA	459	1	A	462		VAL	4
1ygyA	460	1	A	463		ASP	4
1ygyA	461	1	A	464		ARG	4
1ygyA	462	1	A	465		PRO	4
1ygyA	463	1	A	466		GLY	4
1ygyA	464	1	A	467		ALA	4
1ygyA	465	1	A	468		LEU	4
1ygyA	466	1	A	469		GLY	4
1ygyA	467	1	A	470		LYS	4
1ygyA	468	1	A	471		ILE	4
1ygyA	469	1	A	472		GLY	4
1ygyA	470	1	A	473		THR	4
1ygyA	471	1	A	474		LEU	4
1ygyA	472	1	A	475		LEU	4
1ygyA	473	1	A	476		GLY	4
1ygyA	474	1	A	477		THR	4
1ygyA	475	1	A	478		ALA	4
1ygyA	476	1	A	479		GLY	4
1ygyA	477	1	A	480		VAL	4
1ygyA	478	1	A	481		ASN	4
1ygyA	479	1	A	482		ILE	4
1ygyA	480	1	A	483		GLN	4
1ygyA	481	1	A	484		ALA	4
1ygyA	482	1	A	485		ALA	4
1ygyA	483	1	A	486		GLN	4
1ygyA	484	1	A	487		LEU	4
1ygyA	485	1	A	488		SER	4
1ygyA	486	1	A	489		GLU	4
1ygyA	487	1	A	490		ASP	4
1ygyA	488	1	A	491		ALA	4
1ygyA	489	1	A	492		GLU	4
1ygyA	490	1	A	493		GLY	4
1ygyA	491	1	A	494		PRO	4
1ygyA	492	1	A	495		GLY	4
1ygyA	493	1	A	496		ALA	4
1ygyA	494	1	A	497		THR	4
1ygyA	495	1	A	498		ILE	4
1ygyA	496	1	A	499		LEU	4
1ygyA	497	1	A	500		LEU	4
1ygyA	498	1	A	501		ARG	4
1ygyA	499	1	A	502		LEU	4
1ygyA	500	1	A	503		ASP	4
1ygyA	501	1	A	504		GLN	4
1ygyA	502	1	A	505		ASP	4
1ygyA	503	1	A	506		VAL	4
1ygyA	504	1	A	507		PRO	4
1ygyA	505	1	A	508		ASP	4
1ygyA	506	1	A	509		ASP	4
1ygyA	507	1	A	510		VAL	4
1ygyA	508	1	A	511		ARG	4
1ygyA	509	1	A	512		THR	4
1ygyA	510	1	A	513		ALA	4
1ygyA	511	1	A	514		ILE	4
1ygyA	512	1	A	515		ALA	4
1ygyA	513	1	A	516		ALA	4
1ygyA	514	1	A	517		ALA	4
1ygyA	515	1	A	518		VAL	4
1ygyA	516	1	A	519		ASP	4
1ygyA	517	1	A	520		ALA	4
1ygyA	518	1	A	521		TYR	4
1ygyA	519	1	A	522		LYS	4
1ygyA	520	1	A	523		LEU	4
1ygyA	521	1	A	524		GLU	4
1ygyA	522	1	A	525		VAL	4
1ygyA	523	1	A	526		VAL	4
1ygyA	524	1	A	527		ASP	4
1ygyA	525	1	A	528		LEU	4
1ygyA	526	1	A	529		SER	4
1ofcX	0	1	X	697		ALA	1
1ofcX	1	1	X	698		VAL	1
1ofcX	2	1	X	699		ASP	1
1ofcX	3	1	X	700		ALA	1
1ofcX	4	1	X	701		TYR	1
1ofcX	5	1	X	702		PHE	1
1ofcX	6	1	X	703		ARG	1
1ofcX	7	1	X	704		GLU	1
1ofcX	8	1	X	705		ALA	1
1ofcX	9	1	X	706		LEU	1
1ofcX	10	1	X	715		LYS	1
1ofcX	11	1	X	716		ALA	1
1ofcX	12	1	X	717		PRO	1
1ofcX	13	1	X	718		ARG	1
1ofcX	14	1	X	719		PRO	1
1ofcX	15	1	X	720		PRO	1
1ofcX	16	1	X	721		LYS	1
1ofcX	17	1	X	722		GLN	1
1ofcX	18	1	X	723		PRO	1
1ofcX	19	1	X	724		ILE	1
1ofcX	20	1	X	725		VAL	1
1ofcX	21	1	X	726		GLN	1
1ofcX	22	1	X	727		ASP	1
1ofcX	23	1	X	728		PHE	1
1ofcX	24	1	X	729		GLN	1
1ofcX	25	1	X	730		PHE	1
1ofcX	26	1	X	731		PHE	1
1ofcX	27	1	X	732		PRO	1
1ofcX	28	1	X	733		PRO	1
1ofcX	29	1	X	734		ARG	1
1ofcX	30	1	X	735		LEU	1
1ofcX	31	1	X	736		PHE	1
1ofcX	32	1	X	737		GLU	1
1ofcX	33	1	X	738		LEU	1
1ofcX	34	1	X	739		LEU	1
1ofcX	35	1	X	740		ASP	1
1ofcX	36	1	X	741		GLN	1
1ofcX	37	1	X	742		GLU	1
1ofcX	38	1	X	743		ILE	1
1ofcX	39	1	X	744		TYR	1
1ofcX	40	1	X	745		TYR	1
1ofcX	41	1	X	746		PHE	1
1ofcX	42	1	X	747		ARG	1
1ofcX	43	1	X	748		LYS	1
1ofcX	44	1	X	749		THR	1
1ofcX	45	1	X	750		VAL	1
1ofcX	46	1	X	751		GLY	1
1ofcX	47	1	X	752		TYR	1
1ofcX	48	1	X	753		LYS	1
1ofcX	49	1	X	754		VAL	1
1ofcX	50	1	X	755		PRO	1
1ofcX	51	1	X	756		LYS	1
1ofcX	52	1	X	757		ASN	1
1ofcX	53	1	X	765		THR	1
1ofcX	54	1	X	766		LYS	1
1ofcX	55	1	X	767		VAL	1
1ofcX	56	1	X	768		GLN	1
1ofcX	57	1	X	769		ARG	1
1ofcX	58	1	X	770		GLU	1
1ofcX	59	1	X	771		GLU	1
1ofcX	60	1	X	772		GLN	1
1ofcX	61	1	X	773		ARG	1
1ofcX	62	1	X	774		LYS	1
1ofcX	63	1	X	775		ILE	1
1ofcX	64	1	X	776		ASP	1
1ofcX	65	1	X	777		GLU	1
1ofcX	66	1	X	778		ALA	1
1ofcX	67	1	X	779		GLU	1
1ofcX	68	1	X	780		PRO	1
1ofcX	69	1	X	781		LEU	1
1ofcX	70	1	X	782		THR	1
1ofcX	71	1	X	783		GLU	1
1ofcX	72	1	X	784		GLU	1
1ofcX	73	1	X	785		GLU	1
1ofcX	74	1	X	786		ILE	1
1ofcX	75	1	X	787		GLN	1
1ofcX	76	1	X	788		GLU	1
1ofcX	77	1	X	789		LYS	1
1ofcX	78	1	X	790		GLU	1
1ofcX	79	1	X	791		ASN	1
1ofcX	80	1	X	792		LEU	1
1ofcX	81	1	X	793		LEU	1
1ofcX	82	1	X	794		SER	1
1ofcX	83	1	X	795		GLN	1
1ofcX	84	1	X	796		GLY	1
1ofcX	85	1	X	797		PHE	1
1ofcX	86	1	X	798		THR	1
1ofcX	87	1	X	799		ALA	2
1ofcX	88	1	X	800		TRP	2
1ofcX	89	1	X	801		THR	2
1ofcX	90	1	X	802		LYS	2
1ofcX	91	1	X	803		ARG	2
1ofcX	92	1	X	804		ASP	2
1ofcX	93	1	X	805		PHE	2
1ofcX	94	1	X	806		ASN	2
1ofcX	95	1	X	807		GLN	2
1ofcX	96	1	X	808		PHE	2
1ofcX	97	1	X	809		ILE	2
1ofcX	98	1	X	810		LYS	2
1ofcX	99	1	X	811		ALA	2
1ofcX	100	1	X	812		ASN	2
1ofcX	101	1	X	813		GLU	2
1ofcX	102	1	X	814		LYS	2
1ofcX	103	1	X	815		TYR	2
1ofcX	104	1	X	816		GLY	2
1ofcX	105	1	X	817		ARG	2
1ofcX	106	1	X	818		ASP	2
1ofcX	107	1	X	819		ASP	2
1ofcX	108	1	X	820		ILE	2
1ofcX	109	1	X	821		ASP	2
1ofcX	110	1	X	822		ASN	2
1ofcX	111	1	X	823		ILE	2
1ofcX	112	1	X	824		ALA	2
1ofcX	113	1	X	825		LYS	2
1ofcX	114	1	X	826		ASP	2
1ofcX	115	1	X	827		VAL	2
1ofcX	116	1	X	828		GLU	2
1ofcX	117	1	X	829		GLY	2
1ofcX	118	1	X	830		LYS	2
1ofcX	119	1	X	831		THR	2
1ofcX	120	1	X	832		PRO	2
1ofcX	121	1	X	833		GLU	2
1ofcX	122	1	X	834		GLU	2
1ofcX	123	1	X	835		VAL	2
1ofcX	124	1	X	836		ILE	2
1ofcX	125	1	X	837		GLU	2
1ofcX	126	1	X	838		TYR	2
1ofcX	127	1	X	839		ASN	2
1ofcX	128	1	X	840		ALA	2
1ofcX	129	1	X	841		VAL	2
1ofcX	130	1	X	842		PHE	2
1ofcX	131	1	X	843		TRP	2
1ofcX	132	1	X	844		GLU	0
1ofcX	133	1	X	845		ARG	0
1ofcX	134	1	X	846		CYS	0
1ofcX	135	1	X	847		THR	0
1ofcX	136	1	X	848		GLU	0
1ofcX	137	1	X	849		LEU	0
1ofcX	138	1	X	850		GLN	0
1ofcX	139	1	X	851		ASP	0
1ofcX	140	1	X	852		ILE	0
1ofcX	141	1	X	853		GLU	0
1ofcX	142	1	X	854		ARG	0
1ofcX	143	1	X	855		ILE	0
1ofcX	144	1	X	856		MET	0
1ofcX	145	1	X	857		GLY	0
1ofcX	146	1	X	858		GLN	0
1ofcX	147	1	X	859		ILE	0
1ofcX	148	1	X	860		GLU	0
1ofcX	149	1	X	861		ARG	0
1ofcX	150	1	X	862		GLY	0
1ofcX	151	1	X	863		GLU	0
1ofcX	152	1	X	864		GLY	0
1ofcX	153	1	X	865		LYS	0
1ofcX	154	1	X	866		ILE	0
1ofcX	155	1	X	867		GLN	3
1ofcX	156	1	X	868		ARG	3
1ofcX	157	1	X	869		ARG	3
1ofcX	158	1	X	870		LEU	3
1ofcX	159	1	X	871		SER	3
1ofcX	160	1	X	872		ILE	3
1ofcX	161	1	X	873		LYS	3
1ofcX	162	1	X	874		LYS	3
1ofcX	163	1	X	875		ALA	3
1ofcX	164	1	X	876		LEU	3
1ofcX	165	1	X	877		ASP	3
1ofcX	166	1	X	878		GLN	3
1ofcX	167	1	X	879		LYS	3
1ofcX	168	1	X	880		MET	3
1ofcX	169	1	X	881		SER	3
1ofcX	170	1	X	882		ARG	3
1ofcX	171	1	X	883		TYR	3
1ofcX	172	1	X	884		ARG	3
1ofcX	173	1	X	885		ALA	3
1ofcX	174	1	X	886		PRO	3
1ofcX	175	1	X	887		PHE	3
1ofcX	176	1	X	888		HIS	3
1ofcX	177	1	X	889		GLN	3
1ofcX	178	1	X	890		LEU	3
1ofcX	179	1	X	891		ARG	3
1ofcX	180	1	X	892		LEU	3
1ofcX	181	1	X	893		GLN	3
1ofcX	182	1	X	894		TYR	3
1ofcX	183	1	X	895		GLY	3
1ofcX	184	1	X	896		ASN	3
1ofcX	185	1	X	897		ASN	3
1ofcX	186	1	X	898		LYS	3
1ofcX	187	1	X	899		GLY	3
1ofcX	188	1	X	900		LYS	3
1ofcX	189	1	X	901		ASN	3
1ofcX	190	1	X	902		TYR	3
1ofcX	191	1	X	903		THR	3
1ofcX	192	1	X	904		GLU	3
1ofcX	193	1	X	905		ILE	3
1ofcX	194	1	X	906		GLU	3
1ofcX	195	1	X	907		ASP	3
1ofcX	196	1	X	908		ARG	3
1ofcX	197	1	X	909		PHE	3
1ofcX	198	1	X	910		LEU	3
1ofcX	199	1	X	911		VAL	3
1ofcX	200	1	X	912		CYS	3
1ofcX	201	1	X	913		MET	3
1ofcX	202	1	X	914		LEU	3
1ofcX	203	1	X	915		HIS	3
1ofcX	204	1	X	916		LYS	3
1ofcX	205	1	X	917		LEU	3
1ofcX	206	1	X	918		GLY	3
1ofcX	207	1	X	919		PHE	3
1ofcX	208	1	X	920		ASP	3
1ofcX	209	1	X	921		LYS	3
1ofcX	210	1	X	922		GLU	3
1ofcX	211	1	X	923		ASN	3
1ofcX	212	1	X	924		VAL	3
1ofcX	213	1	X	925		TYR	3
1ofcX	214	1	X	926		GLU	3
1ofcX	215	1	X	927		GLU	3
1ofcX	216	1	X	928		LEU	3
1ofcX	217	1	X	929		ARG	3
1ofcX	218	1	X	930		ALA	3
1ofcX	219	1	X	931		ALA	3
1ofcX	220	1	X	932		ILE	3
1ofcX	221	1	X	933		ARG	3
1ofcX	222	1	X	934		ALA	3
1ofcX	223	1	X	935		SER	3
1ofcX	224	1	X	936		PRO	3
1ofcX	225	1	X	937		GLN	3
1ofcX	226	1	X	938		PHE	3
1ofcX	227	1	X	939		ARG	3
1ofcX	228	1	X	940		PHE	3
1ofcX	229	1	X	941		ASP	3
1ofcX	230	1	X	942		TRP	3
1ofcX	231	1	X	943		PHE	3
1ofcX	232	1	X	944		ILE	3
1ofcX	233	1	X	945		LYS	3
1ofcX	234	1	X	946		SER	3
1ofcX	235	1	X	947		ARG	3
1ofcX	236	1	X	948		THR	3
1ofcX	237	1	X	949		ALA	3
1ofcX	238	1	X	950		LEU	3
1ofcX	239	1	X	951		GLU	3
1ofcX	240	1	X	952		LEU	3
1ofcX	241	1	X	953		GLN	3
1ofcX	242	1	X	954		ARG	3
1ofcX	243	1	X	955		ARG	3
1ofcX	244	1	X	956		CYS	3
1ofcX	245	1	X	957		ASN	3
1ofcX	246	1	X	958		THR	3
1ofcX	247	1	X	959		LEU	3
1ofcX	248	1	X	960		ILE	3
1ofcX	249	1	X	961		THR	3
1ofcX	250	1	X	962		LEU	3
1ofcX	251	1	X	963		ILE	3
1ofcX	252	1	X	964		GLU	3
1ofcX	253	1	X	965		ARG	3
1ofcX	254	1	X	966		GLU	3
1ofcX	255	1	X	967		ASN	3
1ofcX	256	1	X	968		ILE	0
1ofcX	257	1	X	969		GLU	0
1ofcX	258	1	X	970		LEU	0
1ofcX	259	1	X	971		GLU	0
1ofcX	260	1	X	972		GLU	0
1ofcX	261	1	X	973		LYS	0
1ofcX	262	1	X	974		GLU	0
1ofcX	263	1	X	975		ARG	0
1ofcX	264	1	X	976		ALA	0
1ofcX	265	1	X	977		GLU	0
2wadA	0	1	A	50		SER	1
2wadA	1	1	A	51		GLN	1
2wadA	2	1	A	52		THR	1
2wadA	3	1	A	53		LYS	1
2wadA	4	1	A	54		VAL	1
2wadA	5	1	A	55		THR	1
2wadA	6	1	A	56		THR	1
2wadA	7	1	A	57		SER	1
2wadA	8	1	A	58		SER	1
2wadA	9	1	A	59		ALA	1
2wadA	10	1	A	60		ARG	1
2wadA	11	1	A	61		GLY	1
2wadA	12	1	A	62		GLU	1
2wadA	13	1	A	63		ILE	1
2wadA	14	1	A	64		TYR	1
2wadA	15	1	A	65		ASP	1
2wadA	16	1	A	66		ALA	1
2wadA	17	1	A	67		SER	1
2wadA	18	1	A	68		GLY	1
2wadA	19	1	A	69		LYS	1
2wadA	20	1	A	70		PRO	1
2wadA	21	1	A	71		LEU	1
2wadA	22	1	A	72		VAL	1
2wadA	23	1	A	73		GLU	1
2wadA	24	1	A	74		ASN	1
2wadA	25	1	A	75		THR	1
2wadA	26	1	A	76		LEU	4
2wadA	27	1	A	77		LYS	4
2wadA	28	1	A	78		GLN	4
2wadA	29	1	A	79		VAL	4
2wadA	30	1	A	80		VAL	4
2wadA	31	1	A	81		SER	4
2wadA	32	1	A	82		PHE	4
2wadA	33	1	A	83		THR	4
2wadA	34	1	A	84		ARG	4
2wadA	35	1	A	85		SER	4
2wadA	36	1	A	86		ASN	4
2wadA	37	1	A	87		LYS	4
2wadA	38	1	A	88		MET	4
2wadA	39	1	A	89		THR	4
2wadA	40	1	A	90		ALA	4
2wadA	41	1	A	91		THR	4
2wadA	42	1	A	92		ASP	4
2wadA	43	1	A	93		LEU	4
2wadA	44	1	A	94		LYS	4
2wadA	45	1	A	95		GLU	4
2wadA	46	1	A	96		ILE	4
2wadA	47	1	A	97		ALA	4
2wadA	48	1	A	98		LYS	4
2wadA	49	1	A	99		LYS	4
2wadA	50	1	A	100		LEU	4
2wadA	51	1	A	101		LEU	4
2wadA	52	1	A	102		THR	4
2wadA	53	1	A	103		TYR	4
2wadA	54	1	A	104		VAL	4
2wadA	55	1	A	105		SER	4
2wadA	56	1	A	106		ILE	4
2wadA	57	1	A	107		SER	4
2wadA	58	1	A	108		SER	4
2wadA	59	1	A	109		PRO	4
2wadA	60	1	A	110		ASN	4
2wadA	61	1	A	111		LEU	4
2wadA	62	1	A	112		THR	4
2wadA	63	1	A	113		GLU	4
2wadA	64	1	A	114		ARG	4
2wadA	65	1	A	115		GLN	4
2wadA	66	1	A	116		LEU	4
2wadA	67	1	A	117		ALA	4
2wadA	68	1	A	118		ASP	4
2wadA	69	1	A	119		TYR	4
2wadA	70	1	A	120		TYR	4
2wadA	71	1	A	121		LEU	4
2wadA	72	1	A	122		ALA	4
2wadA	73	1	A	123		ASP	4
2wadA	74	1	A	124		PRO	4
2wadA	75	1	A	125		GLU	4
2wadA	76	1	A	126		ILE	4
2wadA	77	1	A	127		TYR	4
2wadA	78	1	A	128		LYS	4
2wadA	79	1	A	129		LYS	4
2wadA	80	1	A	130		THR	4
2wadA	81	1	A	131		VAL	4
2wadA	82	1	A	132		GLU	4
2wadA	83	1	A	133		ALA	4
2wadA	84	1	A	134		LEU	4
2wadA	85	1	A	135		PRO	4
2wadA	86	1	A	149		GLU	4
2wadA	87	1	A	150		SER	4
2wadA	88	1	A	151		GLU	4
2wadA	89	1	A	152		LEU	4
2wadA	90	1	A	153		TYR	4
2wadA	91	1	A	154		ASN	4
2wadA	92	1	A	155		ASN	4
2wadA	93	1	A	156		ALA	4
2wadA	94	1	A	157		VAL	4
2wadA	95	1	A	158		ASP	4
2wadA	96	1	A	159		SER	4
2wadA	97	1	A	160		VAL	4
2wadA	98	1	A	161		PRO	4
2wadA	99	1	A	162		THR	4
2wadA	100	1	A	163		SER	4
2wadA	101	1	A	164		GLN	4
2wadA	102	1	A	165		LEU	4
2wadA	103	1	A	166		ASN	4
2wadA	104	1	A	167		TYR	4
2wadA	105	1	A	168		THR	4
2wadA	106	1	A	169		GLU	4
2wadA	107	1	A	170		ASP	4
2wadA	108	1	A	171		GLU	4
2wadA	109	1	A	172		LYS	4
2wadA	110	1	A	173		LYS	4
2wadA	111	1	A	174		GLU	4
2wadA	112	1	A	175		ILE	4
2wadA	113	1	A	176		TYR	4
2wadA	114	1	A	177		LEU	4
2wadA	115	1	A	178		PHE	4
2wadA	116	1	A	179		SER	4
2wadA	117	1	A	180		GLN	4
2wadA	118	1	A	181		LEU	4
2wadA	119	1	A	182		ASN	4
2wadA	120	1	A	183		ALA	4
2wadA	121	1	A	184		VAL	4
2wadA	122	1	A	185		GLY	4
2wadA	123	1	A	186		ASN	4
2wadA	124	1	A	187		PHE	4
2wadA	125	1	A	188		ALA	4
2wadA	126	1	A	189		THR	4
2wadA	127	1	A	190		GLY	4
2wadA	128	1	A	191		THR	4
2wadA	129	1	A	192		ILE	4
2wadA	130	1	A	193		ALA	4
2wadA	131	1	A	194		THR	4
2wadA	132	1	A	195		ASP	4
2wadA	133	1	A	196		PRO	4
2wadA	134	1	A	197		LEU	4
2wadA	135	1	A	198		ASN	4
2wadA	136	1	A	199		ASP	4
2wadA	137	1	A	200		SER	4
2wadA	138	1	A	201		GLN	4
2wadA	139	1	A	202		VAL	4
2wadA	140	1	A	203		ALA	4
2wadA	141	1	A	204		VAL	4
2wadA	142	1	A	205		ILE	4
2wadA	143	1	A	206		ALA	4
2wadA	144	1	A	207		SER	4
2wadA	145	1	A	208		ILE	4
2wadA	146	1	A	209		SER	4
2wadA	147	1	A	210		LYS	4
2wadA	148	1	A	211		GLU	4
2wadA	149	1	A	212		MET	4
2wadA	150	1	A	213		PRO	4
2wadA	151	1	A	214		GLY	4
2wadA	152	1	A	215		ILE	4
2wadA	153	1	A	216		SER	4
2wadA	154	1	A	217		ILE	4
2wadA	155	1	A	218		SER	4
2wadA	156	1	A	219		THR	4
2wadA	157	1	A	220		SER	4
2wadA	158	1	A	221		TRP	1
2wadA	159	1	A	222		ASP	1
2wadA	160	1	A	223		ARG	1
2wadA	161	1	A	224		LYS	1
2wadA	162	1	A	225		ILE	1
2wadA	163	1	A	226		LEU	1
2wadA	164	1	A	227		GLU	1
2wadA	165	1	A	228		THR	1
2wadA	166	1	A	229		SER	1
2wadA	167	1	A	230		LEU	1
2wadA	168	1	A	231		SER	1
2wadA	169	1	A	232		SER	1
2wadA	170	1	A	233		ILE	1
2wadA	171	1	A	234		VAL	1
2wadA	172	1	A	235		GLY	1
2wadA	173	1	A	236		SER	1
2wadA	174	1	A	237		VAL	1
2wadA	175	1	A	238		SER	1
2wadA	176	1	A	239		SER	1
2wadA	177	1	A	240		GLU	1
2wadA	178	1	A	241		LYS	1
2wadA	179	1	A	242		ALA	1
2wadA	180	1	A	243		GLY	1
2wadA	181	1	A	244		LEU	1
2wadA	182	1	A	245		PRO	1
2wadA	183	1	A	246		ALA	1
2wadA	184	1	A	247		GLU	1
2wadA	185	1	A	248		GLU	1
2wadA	186	1	A	249		ALA	1
2wadA	187	1	A	250		GLU	1
2wadA	188	1	A	251		SER	1
2wadA	189	1	A	252		TYR	1
2wadA	190	1	A	253		LEU	1
2wadA	191	1	A	254		LYS	1
2wadA	192	1	A	255		LYS	1
2wadA	193	1	A	256		GLY	1
2wadA	194	1	A	257		TYR	1
2wadA	195	1	A	258		SER	1
2wadA	196	1	A	259		LEU	1
2wadA	197	1	A	260		ASN	1
2wadA	198	1	A	261		ASP	1
2wadA	199	1	A	262		ARG	1
2wadA	200	1	A	263		VAL	1
2wadA	201	1	A	264		GLY	1
2wadA	202	1	A	265		THR	1
2wadA	203	1	A	266		SER	1
2wadA	204	1	A	267		TYR	1
2wadA	205	1	A	268		LEU	1
2wadA	206	1	A	269		GLU	1
2wadA	207	1	A	270		LYS	1
2wadA	208	1	A	271		GLN	1
2wadA	209	1	A	272		TYR	1
2wadA	210	1	A	273		GLU	1
2wadA	211	1	A	274		GLU	1
2wadA	212	1	A	275		VAL	1
2wadA	213	1	A	276		LEU	1
2wadA	214	1	A	277		GLN	1
2wadA	215	1	A	278		GLY	1
2wadA	216	1	A	279		LYS	1
2wadA	217	1	A	280		ARG	1
2wadA	218	1	A	281		PRO	1
2wadA	219	1	A	282		VAL	1
2wadA	220	1	A	283		LYS	1
2wadA	221	1	A	284		GLU	1
2wadA	222	1	A	285		ILE	1
2wadA	223	1	A	286		HIS	1
2wadA	224	1	A	287		LEU	1
2wadA	225	1	A	288		ASP	1
2wadA	226	1	A	289		LYS	1
2wadA	227	1	A	290		HIS	1
2wadA	228	1	A	291		GLY	1
2wadA	229	1	A	292		ASP	1
2wadA	230	1	A	293		MET	1
2wadA	231	1	A	294		GLU	1
2wadA	232	1	A	295		SER	1
2wadA	233	1	A	296		VAL	1
2wadA	234	1	A	297		GLU	1
2wadA	235	1	A	298		ASN	1
2wadA	236	1	A	299		ILE	1
2wadA	237	1	A	300		GLU	1
2wadA	238	1	A	301		GLU	1
2wadA	239	1	A	302		GLY	1
2wadA	240	1	A	303		SER	1
2wadA	241	1	A	304		LYS	1
2wadA	242	1	A	305		GLY	1
2wadA	243	1	A	306		LYS	1
2wadA	244	1	A	307		ASN	1
2wadA	245	1	A	308		ILE	1
2wadA	246	1	A	309		LYS	1
2wadA	247	1	A	310		LEU	1
2wadA	248	1	A	311		THR	1
2wadA	249	1	A	312		ILE	1
2wadA	250	1	A	313		ASP	1
2wadA	251	1	A	314		LEU	1
2wadA	252	1	A	315		ALA	1
2wadA	253	1	A	316		PHE	2
2wadA	254	1	A	317		GLN	2
2wadA	255	1	A	318		ASP	2
2wadA	256	1	A	319		SER	2
2wadA	257	1	A	320		VAL	2
2wadA	258	1	A	321		ASP	2
2wadA	259	1	A	322		ALA	2
2wadA	260	1	A	323		LEU	2
2wadA	261	1	A	324		LEU	2
2wadA	262	1	A	325		LYS	2
2wadA	263	1	A	326		SER	2
2wadA	264	1	A	327		TYR	2
2wadA	265	1	A	328		PHE	2
2wadA	266	1	A	329		ASN	2
2wadA	267	1	A	330		SER	2
2wadA	268	1	A	331		GLU	2
2wadA	269	1	A	332		LEU	2
2wadA	270	1	A	333		GLY	2
2wadA	271	1	A	334		ASN	2
2wadA	272	1	A	335		GLY	2
2wadA	273	1	A	336		GLY	2
2wadA	274	1	A	337		ALA	2
2wadA	275	1	A	338		LYS	2
2wadA	276	1	A	339		TYR	2
2wadA	277	1	A	340		SER	2
2wadA	278	1	A	341		GLU	2
2wadA	279	1	A	342		GLY	2
2wadA	280	1	A	343		VAL	2
2wadA	281	1	A	344		TYR	2
2wadA	282	1	A	345		ALA	2
2wadA	283	1	A	346		VAL	2
2wadA	284	1	A	347		ALA	2
2wadA	285	1	A	348		LEU	2
2wadA	286	1	A	349		ASN	2
2wadA	287	1	A	350		PRO	2
2wadA	288	1	A	351		GLN	2
2wadA	289	1	A	352		THR	2
2wadA	290	1	A	353		GLY	2
2wadA	291	1	A	354		ALA	2
2wadA	292	1	A	355		VAL	2
2wadA	293	1	A	356		LEU	2
2wadA	294	1	A	357		SER	2
2wadA	295	1	A	358		MET	2
2wadA	296	1	A	359		SER	2
2wadA	297	1	A	360		GLY	2
2wadA	298	1	A	361		LEU	2
2wadA	299	1	A	362		LYS	2
2wadA	300	1	A	363		HIS	2
2wadA	301	1	A	364		ASP	2
2wadA	302	1	A	365		LEU	2
2wadA	303	1	A	366		LYS	2
2wadA	304	1	A	367		THR	2
2wadA	305	1	A	368		GLY	2
2wadA	306	1	A	369		GLU	2
2wadA	307	1	A	370		LEU	2
2wadA	308	1	A	371		THR	2
2wadA	309	1	A	372		PRO	2
2wadA	310	1	A	373		ASP	2
2wadA	311	1	A	374		SER	2
2wadA	312	1	A	375		LEU	2
2wadA	313	1	A	376		GLY	2
2wadA	314	1	A	377		THR	2
2wadA	315	1	A	378		VAL	3
2wadA	316	1	A	379		THR	3
2wadA	317	1	A	380		ASN	3
2wadA	318	1	A	381		VAL	3
2wadA	319	1	A	382		PHE	3
2wadA	320	1	A	383		VAL	3
2wadA	321	1	A	384		PRO	3
2wadA	322	1	A	385		GLY	3
2wadA	323	1	A	386		SER	3
2wadA	324	1	A	387		VAL	3
2wadA	325	1	A	388		VAL	3
2wadA	326	1	A	389		LYS	3
2wadA	327	1	A	390		ALA	3
2wadA	328	1	A	391		ALA	3
2wadA	329	1	A	392		THR	3
2wadA	330	1	A	393		ILE	3
2wadA	331	1	A	394		SER	3
2wadA	332	1	A	395		SER	3
2wadA	333	1	A	396		GLY	3
2wadA	334	1	A	397		TRP	3
2wadA	335	1	A	398		GLU	3
2wadA	336	1	A	399		ASN	3
2wadA	337	1	A	400		GLY	3
2wadA	338	1	A	401		VAL	3
2wadA	339	1	A	402		LEU	3
2wadA	340	1	A	403		SER	3
2wadA	341	1	A	404		GLY	3
2wadA	342	1	A	405		ASN	3
2wadA	343	1	A	406		GLN	3
2wadA	344	1	A	407		THR	3
2wadA	345	1	A	408		LEU	3
2wadA	346	1	A	409		THR	3
2wadA	347	1	A	410		ASP	3
2wadA	348	1	A	411		GLN	3
2wadA	349	1	A	412		PRO	3
2wadA	350	1	A	413		ILE	3
2wadA	351	1	A	414		VAL	3
2wadA	352	1	A	415		PHE	3
2wadA	353	1	A	416		GLN	3
2wadA	354	1	A	417		GLY	3
2wadA	355	1	A	418		SER	3
2wadA	356	1	A	419		ALA	3
2wadA	357	1	A	420		PRO	3
2wadA	358	1	A	421		ILE	3
2wadA	359	1	A	422		TYR	3
2wadA	360	1	A	423		SER	3
2wadA	361	1	A	424		TRP	3
2wadA	362	1	A	425		TYR	3
2wadA	363	1	A	426		LYS	3
2wadA	364	1	A	427		LEU	3
2wadA	365	1	A	428		ALA	3
2wadA	366	1	A	429		TYR	3
2wadA	367	1	A	430		GLY	3
2wadA	368	1	A	431		SER	3
2wadA	369	1	A	432		PHE	3
2wadA	370	1	A	433		PRO	3
2wadA	371	1	A	434		ILE	3
2wadA	372	1	A	435		THR	3
2wadA	373	1	A	436		ALA	3
2wadA	374	1	A	437		VAL	3
2wadA	375	1	A	438		GLU	3
2wadA	376	1	A	439		ALA	3
2wadA	377	1	A	440		LEU	3
2wadA	378	1	A	441		GLU	3
2wadA	379	1	A	442		TYR	3
2wadA	380	1	A	443		SER	3
2wadA	381	1	A	444		SER	3
2wadA	382	1	A	445		ASN	3
2wadA	383	1	A	446		ALA	3
2wadA	384	1	A	447		TYR	3
2wadA	385	1	A	448		VAL	3
2wadA	386	1	A	449		VAL	3
2wadA	387	1	A	450		GLN	3
2wadA	388	1	A	451		THR	3
2wadA	389	1	A	452		ALA	3
2wadA	390	1	A	453		LEU	3
2wadA	391	1	A	454		GLY	3
2wadA	392	1	A	455		ILE	3
2wadA	393	1	A	456		MET	3
2wadA	394	1	A	457		GLY	3
2wadA	395	1	A	458		GLN	3
2wadA	396	1	A	459		THR	3
2wadA	397	1	A	460		TYR	3
2wadA	398	1	A	461		GLN	3
2wadA	399	1	A	462		PRO	3
2wadA	400	1	A	463		ASN	3
2wadA	401	1	A	464		MET	3
2wadA	402	1	A	465		PHE	3
2wadA	403	1	A	466		VAL	3
2wadA	404	1	A	467		GLY	3
2wadA	405	1	A	468		THR	3
2wadA	406	1	A	469		SER	3
2wadA	407	1	A	470		ASN	3
2wadA	408	1	A	471		LEU	3
2wadA	409	1	A	472		GLU	3
2wadA	410	1	A	473		SER	3
2wadA	411	1	A	474		ALA	3
2wadA	412	1	A	475		MET	3
2wadA	413	1	A	476		GLY	3
2wadA	414	1	A	477		LYS	3
2wadA	415	1	A	478		LEU	3
2wadA	416	1	A	479		ARG	3
2wadA	417	1	A	480		SER	3
2wadA	418	1	A	481		THR	3
2wadA	419	1	A	482		PHE	3
2wadA	420	1	A	483		GLY	3
2wadA	421	1	A	484		GLU	3
2wadA	422	1	A	485		TYR	3
2wadA	423	1	A	486		GLY	3
2wadA	424	1	A	487		LEU	3
2wadA	425	1	A	488		GLY	3
2wadA	426	1	A	489		SER	3
2wadA	427	1	A	490		ALA	3
2wadA	428	1	A	491		THR	3
2wadA	429	1	A	492		GLY	3
2wadA	430	1	A	493		ILE	3
2wadA	431	1	A	494		ASP	3
2wadA	432	1	A	495		LEU	3
2wadA	433	1	A	496		PRO	3
2wadA	434	1	A	497		ASP	3
2wadA	435	1	A	498		GLU	3
2wadA	436	1	A	499		SER	3
2wadA	437	1	A	500		THR	3
2wadA	438	1	A	501		GLY	3
2wadA	439	1	A	502		LEU	3
2wadA	440	1	A	503		VAL	3
2wadA	441	1	A	504		PRO	3
2wadA	442	1	A	505		LYS	3
2wadA	443	1	A	506		GLU	3
2wadA	444	1	A	507		TYR	3
2wadA	445	1	A	508		ASN	3
2wadA	446	1	A	509		PHE	3
2wadA	447	1	A	510		ALA	3
2wadA	448	1	A	511		ASN	3
2wadA	449	1	A	512		PHE	3
2wadA	450	1	A	513		ILE	3
2wadA	451	1	A	514		THR	3
2wadA	452	1	A	515		ASN	3
2wadA	453	1	A	516		ALA	3
2wadA	454	1	A	517		PHE	3
2wadA	455	1	A	518		GLY	3
2wadA	456	1	A	519		GLN	3
2wadA	457	1	A	520		PHE	3
2wadA	458	1	A	521		ASP	3
2wadA	459	1	A	522		ASN	3
2wadA	460	1	A	523		TYR	3
2wadA	461	1	A	524		THR	3
2wadA	462	1	A	525		PRO	2
2wadA	463	1	A	526		MET	2
2wadA	464	1	A	527		GLN	2
2wadA	465	1	A	528		LEU	2
2wadA	466	1	A	529		ALA	2
2wadA	467	1	A	530		GLN	2
2wadA	468	1	A	531		TYR	2
2wadA	469	1	A	532		VAL	2
2wadA	470	1	A	533		ALA	2
2wadA	471	1	A	534		THR	2
2wadA	472	1	A	535		ILE	2
2wadA	473	1	A	536		ALA	2
2wadA	474	1	A	537		ASN	2
2wadA	475	1	A	538		ASN	2
2wadA	476	1	A	539		GLY	1
2wadA	477	1	A	540		VAL	1
2wadA	478	1	A	541		ARG	1
2wadA	479	1	A	542		LEU	1
2wadA	480	1	A	543		ALA	1
2wadA	481	1	A	544		PRO	1
2wadA	482	1	A	545		HIS	1
2wadA	483	1	A	546		ILE	1
2wadA	484	1	A	547		VAL	1
2wadA	485	1	A	548		GLU	1
2wadA	486	1	A	549		GLY	1
2wadA	487	1	A	550		ILE	1
2wadA	488	1	A	551		TYR	1
2wadA	489	1	A	552		ASP	1
2wadA	490	1	A	553		ASN	1
2wadA	491	1	A	554		ASN	1
2wadA	492	1	A	555		ASP	1
2wadA	493	1	A	556		LYS	1
2wadA	494	1	A	557		GLY	1
2wadA	495	1	A	558		GLY	1
2wadA	496	1	A	559		LEU	1
2wadA	497	1	A	560		GLY	1
2wadA	498	1	A	561		GLU	1
2wadA	499	1	A	562		LEU	1
2wadA	500	1	A	563		ILE	1
2wadA	501	1	A	564		GLN	1
2wadA	502	1	A	565		ALA	1
2wadA	503	1	A	566		ILE	1
2wadA	504	1	A	567		ASP	1
2wadA	505	1	A	568		THR	1
2wadA	506	1	A	569		LYS	1
2wadA	507	1	A	570		GLU	1
2wadA	508	1	A	571		ILE	1
2wadA	509	1	A	572		ASN	1
2wadA	510	1	A	573		LYS	1
2wadA	511	1	A	574		VAL	1
2wadA	512	1	A	575		ASN	1
2wadA	513	1	A	576		ILE	1
2wadA	514	1	A	577		SER	1
2wadA	515	1	A	578		GLU	2
2wadA	516	1	A	579		SER	2
2wadA	517	1	A	580		ASP	2
2wadA	518	1	A	581		MET	2
2wadA	519	1	A	582		ALA	2
2wadA	520	1	A	583		ILE	2
2wadA	521	1	A	584		LEU	2
2wadA	522	1	A	585		HIS	2
2wadA	523	1	A	586		GLN	2
2wadA	524	1	A	587		GLY	2
2wadA	525	1	A	588		PHE	2
2wadA	526	1	A	589		TYR	2
2wadA	527	1	A	590		GLN	2
2wadA	528	1	A	591		VAL	2
2wadA	529	1	A	592		SER	2
2wadA	530	1	A	593		HIS	2
2wadA	531	1	A	594		GLY	2
2wadA	532	1	A	595		THR	2
2wadA	533	1	A	596		SER	2
2wadA	534	1	A	597		PRO	2
2wadA	535	1	A	598		LEU	2
2wadA	536	1	A	599		THR	2
2wadA	537	1	A	600		THR	2
2wadA	538	1	A	601		GLY	2
2wadA	539	1	A	602		ARG	2
2wadA	540	1	A	603		ALA	2
2wadA	541	1	A	604		PHE	2
2wadA	542	1	A	605		SER	2
2wadA	543	1	A	606		ASP	2
2wadA	544	1	A	607		GLY	2
2wadA	545	1	A	608		ALA	2
2wadA	546	1	A	609		THR	2
2wadA	547	1	A	610		VAL	2
2wadA	548	1	A	611		SER	2
2wadA	549	1	A	612		ILE	2
2wadA	550	1	A	613		SER	2
2wadA	551	1	A	614		GLY	2
2wadA	552	1	A	615		LYS	2
2wadA	553	1	A	616		THR	2
2wadA	554	1	A	617		GLY	2
2wadA	555	1	A	630		THR	2
2wadA	556	1	A	631		ASN	2
2wadA	557	1	A	632		THR	2
2wadA	558	1	A	633		ASN	2
2wadA	559	1	A	634		ALA	2
2wadA	560	1	A	635		VAL	2
2wadA	561	1	A	636		ALA	2
2wadA	562	1	A	637		TYR	2
2wadA	563	1	A	638		ALA	2
2wadA	564	1	A	639		PRO	2
2wadA	565	1	A	640		THR	2
2wadA	566	1	A	641		GLU	2
2wadA	567	1	A	642		ASN	2
2wadA	568	1	A	643		PRO	2
2wadA	569	1	A	644		GLN	2
2wadA	570	1	A	645		ILE	2
2wadA	571	1	A	646		ALA	2
2wadA	572	1	A	647		VAL	2
2wadA	573	1	A	648		ALA	2
2wadA	574	1	A	649		VAL	2
2wadA	575	1	A	650		VAL	2
2wadA	576	1	A	651		PHE	2
2wadA	577	1	A	652		PRO	2
2wadA	578	1	A	653		HIS	2
2wadA	579	1	A	654		ASN	2
2wadA	580	1	A	655		THR	2
2wadA	581	1	A	656		ASN	2
2wadA	582	1	A	657		LEU	2
2wadA	583	1	A	658		THR	2
2wadA	584	1	A	659		LYS	2
2wadA	585	1	A	660		ASN	2
2wadA	586	1	A	661		VAL	2
2wadA	587	1	A	662		GLY	2
2wadA	588	1	A	663		PRO	2
2wadA	589	1	A	664		ALA	2
2wadA	590	1	A	665		ILE	2
2wadA	591	1	A	666		ALA	2
2wadA	592	1	A	667		ARG	2
2wadA	593	1	A	668		ASP	2
2wadA	594	1	A	669		ILE	2
2wadA	595	1	A	670		ILE	2
2wadA	596	1	A	671		ASN	2
2wadA	597	1	A	672		LEU	2
2wadA	598	1	A	673		TYR	2
2wadA	599	1	A	674		ASN	2
2wadA	600	1	A	675		GLN	2
2wadA	601	1	A	676		HIS	2
2wadA	602	1	A	677		HIS	2
2wadA	603	1	A	678		PRO	2
2wadA	604	1	A	679		MET	2
2wadA	605	1	A	680		ASN	2
3mwbA	0	1	A	4		VAL	1
3mwbA	1	1	A	5		THR	1
3mwbA	2	1	A	6		TYR	1
3mwbA	3	1	A	7		THR	1
3mwbA	4	1	A	8		PHE	1
3mwbA	5	1	A	9		LEU	1
3mwbA	6	1	A	10		GLY	1
3mwbA	7	1	A	11		PRO	1
3mwbA	8	1	A	12		GLN	1
3mwbA	9	1	A	13		GLY	1
3mwbA	10	1	A	14		THR	1
3mwbA	11	1	A	15		PHE	1
3mwbA	12	1	A	16		THR	1
3mwbA	13	1	A	17		GLU	1
3mwbA	14	1	A	18		ALA	1
3mwbA	15	1	A	19		ALA	1
3mwbA	16	1	A	20		LEU	1
3mwbA	17	1	A	21		MSE	1
3mwbA	18	1	A	22		GLN	1
3mwbA	19	1	A	23		VAL	1
3mwbA	20	1	A	24		PRO	1
3mwbA	21	1	A	25		GLY	1
3mwbA	22	1	A	26		ALA	1
3mwbA	23	1	A	27		ALA	1
3mwbA	24	1	A	28		ASP	1
3mwbA	25	1	A	29		ALA	1
3mwbA	26	1	A	30		THR	1
3mwbA	27	1	A	31		ARG	1
3mwbA	28	1	A	32		ILE	1
3mwbA	29	1	A	33		PRO	1
3mwbA	30	1	A	34		CYS	1
3mwbA	31	1	A	35		THR	1
3mwbA	32	1	A	36		ASN	1
3mwbA	33	1	A	37		VAL	1
3mwbA	34	1	A	38		ASN	1
3mwbA	35	1	A	39		THR	1
3mwbA	36	1	A	40		ALA	1
3mwbA	37	1	A	41		LEU	1
3mwbA	38	1	A	42		GLU	1
3mwbA	39	1	A	43		ARG	1
3mwbA	40	1	A	44		VAL	1
3mwbA	41	1	A	45		ARG	1
3mwbA	42	1	A	46		ALA	1
3mwbA	43	1	A	47		GLY	1
3mwbA	44	1	A	48		GLU	1
3mwbA	45	1	A	49		ALA	1
3mwbA	46	1	A	50		ASP	1
3mwbA	47	1	A	51		ALA	1
3mwbA	48	1	A	52		ALA	1
3mwbA	49	1	A	53		MSE	1
3mwbA	50	1	A	54		VAL	1
3mwbA	51	1	A	55		PRO	1
3mwbA	52	1	A	56		ILE	1
3mwbA	53	1	A	57		GLU	1
3mwbA	54	1	A	58		ASN	1
3mwbA	55	1	A	59		SER	1
3mwbA	56	1	A	60		VAL	1
3mwbA	57	1	A	61		GLU	1
3mwbA	58	1	A	62		GLY	1
3mwbA	59	1	A	63		GLY	1
3mwbA	60	1	A	64		VAL	1
3mwbA	61	1	A	65		THR	1
3mwbA	62	1	A	66		ALA	1
3mwbA	63	1	A	67		THR	1
3mwbA	64	1	A	68		LEU	1
3mwbA	65	1	A	69		ASP	1
3mwbA	66	1	A	70		ALA	1
3mwbA	67	1	A	71		ILE	1
3mwbA	68	1	A	72		ALA	1
3mwbA	69	1	A	73		THR	1
3mwbA	70	1	A	74		GLY	1
3mwbA	71	1	A	75		GLN	1
3mwbA	72	1	A	76		GLU	1
3mwbA	73	1	A	77		LEU	1
3mwbA	74	1	A	78		ARG	1
3mwbA	75	1	A	79		ILE	1
3mwbA	76	1	A	80		ILE	1
3mwbA	77	1	A	81		ARG	1
3mwbA	78	1	A	82		GLU	1
3mwbA	79	1	A	83		ALA	1
3mwbA	80	1	A	84		LEU	1
3mwbA	81	1	A	85		VAL	1
3mwbA	82	1	A	86		PRO	1
3mwbA	83	1	A	87		ILE	1
3mwbA	84	1	A	88		THR	2
3mwbA	85	1	A	89		PHE	2
3mwbA	86	1	A	90		VAL	2
3mwbA	87	1	A	91		LEU	2
3mwbA	88	1	A	92		VAL	2
3mwbA	89	1	A	93		ALA	2
3mwbA	90	1	A	94		ARG	2
3mwbA	91	1	A	95		PRO	2
3mwbA	92	1	A	96		GLY	2
3mwbA	93	1	A	97		VAL	2
3mwbA	94	1	A	98		GLU	2
3mwbA	95	1	A	99		LEU	2
3mwbA	96	1	A	100		SER	2
3mwbA	97	1	A	101		ASP	2
3mwbA	98	1	A	102		ILE	2
3mwbA	99	1	A	103		LYS	2
3mwbA	100	1	A	104		ARG	2
3mwbA	101	1	A	105		ILE	2
3mwbA	102	1	A	106		SER	2
3mwbA	103	1	A	107		THR	2
3mwbA	104	1	A	108		HIS	2
3mwbA	105	1	A	109		GLY	2
3mwbA	106	1	A	110		HIS	2
3mwbA	107	1	A	111		ALA	2
3mwbA	108	1	A	112		TRP	2
3mwbA	109	1	A	113		ALA	2
3mwbA	110	1	A	114		GLN	2
3mwbA	111	1	A	115		CYS	2
3mwbA	112	1	A	116		ARG	2
3mwbA	113	1	A	117		LEU	2
3mwbA	114	1	A	118		TRP	2
3mwbA	115	1	A	119		VAL	2
3mwbA	116	1	A	120		ASP	2
3mwbA	117	1	A	121		GLU	2
3mwbA	118	1	A	122		HIS	2
3mwbA	119	1	A	123		LEU	2
3mwbA	120	1	A	124		PRO	2
3mwbA	121	1	A	125		ASN	2
3mwbA	122	1	A	126		ALA	2
3mwbA	123	1	A	127		ASP	2
3mwbA	124	1	A	128		TYR	2
3mwbA	125	1	A	129		VAL	2
3mwbA	126	1	A	130		PRO	2
3mwbA	127	1	A	131		GLY	2
3mwbA	128	1	A	132		SER	2
3mwbA	129	1	A	133		SER	2
3mwbA	130	1	A	134		THR	2
3mwbA	131	1	A	135		ALA	2
3mwbA	132	1	A	136		ALA	2
3mwbA	133	1	A	137		SER	2
3mwbA	134	1	A	138		ALA	2
3mwbA	135	1	A	139		MSE	2
3mwbA	136	1	A	140		GLY	2
3mwbA	137	1	A	141		LEU	2
3mwbA	138	1	A	142		LEU	2
3mwbA	139	1	A	143		GLU	2
3mwbA	140	1	A	144		ASP	2
3mwbA	141	1	A	145		ASP	2
3mwbA	142	1	A	146		ALA	2
3mwbA	143	1	A	147		PRO	2
3mwbA	144	1	A	148		TYR	2
3mwbA	145	1	A	149		GLU	2
3mwbA	146	1	A	150		ALA	2
3mwbA	147	1	A	151		ALA	2
3mwbA	148	1	A	152		ILE	2
3mwbA	149	1	A	153		CYS	2
3mwbA	150	1	A	154		ALA	2
3mwbA	151	1	A	155		PRO	2
3mwbA	152	1	A	156		LEU	2
3mwbA	153	1	A	157		ILE	2
3mwbA	154	1	A	158		ALA	2
3mwbA	155	1	A	159		ALA	2
3mwbA	156	1	A	160		GLU	2
3mwbA	157	1	A	161		GLN	2
3mwbA	158	1	A	162		PRO	2
3mwbA	159	1	A	163		GLY	2
3mwbA	160	1	A	164		LEU	2
3mwbA	161	1	A	165		ASN	2
3mwbA	162	1	A	166		VAL	2
3mwbA	163	1	A	167		LEU	2
3mwbA	164	1	A	168		ALA	2
3mwbA	165	1	A	169		GLU	2
3mwbA	166	1	A	170		ASP	2
3mwbA	167	1	A	171		ILE	2
3mwbA	168	1	A	172		GLY	2
3mwbA	169	1	A	173		ASP	2
3mwbA	170	1	A	174		ASN	1
3mwbA	171	1	A	175		PRO	1
3mwbA	172	1	A	176		ASP	1
3mwbA	173	1	A	177		ALA	1
3mwbA	174	1	A	178		VAL	1
3mwbA	175	1	A	179		THR	1
3mwbA	176	1	A	180		ARG	1
3mwbA	177	1	A	181		PHE	1
3mwbA	178	1	A	182		ILE	1
3mwbA	179	1	A	183		LEU	1
3mwbA	180	1	A	184		VAL	1
3mwbA	181	1	A	185		SER	1
3mwbA	182	1	A	186		ARG	1
3mwbA	183	1	A	187		PRO	1
3mwbA	184	1	A	188		GLY	3
3mwbA	185	1	A	189		ALA	3
3mwbA	186	1	A	190		LEU	3
3mwbA	187	1	A	191		PRO	3
3mwbA	188	1	A	192		GLU	3
3mwbA	189	1	A	193		ARG	3
3mwbA	190	1	A	194		THR	3
3mwbA	191	1	A	195		GLY	3
3mwbA	192	1	A	196		ALA	3
3mwbA	193	1	A	197		ASP	3
3mwbA	194	1	A	198		LYS	3
3mwbA	195	1	A	199		THR	3
3mwbA	196	1	A	200		THR	3
3mwbA	197	1	A	201		VAL	3
3mwbA	198	1	A	202		VAL	3
3mwbA	199	1	A	203		VAL	3
3mwbA	200	1	A	204		PRO	3
3mwbA	201	1	A	205		LEU	3
3mwbA	202	1	A	206		PRO	3
3mwbA	203	1	A	207		GLU	3
3mwbA	204	1	A	208		ASP	3
3mwbA	205	1	A	209		HIS	3
3mwbA	206	1	A	210		PRO	3
3mwbA	207	1	A	211		GLY	3
3mwbA	208	1	A	212		ALA	3
3mwbA	209	1	A	213		LEU	3
3mwbA	210	1	A	214		MSE	3
3mwbA	211	1	A	215		GLU	3
3mwbA	212	1	A	216		ILE	3
3mwbA	213	1	A	217		LEU	3
3mwbA	214	1	A	218		ASP	3
3mwbA	215	1	A	219		GLN	3
3mwbA	216	1	A	220		PHE	3
3mwbA	217	1	A	221		ALA	3
3mwbA	218	1	A	222		SER	3
3mwbA	219	1	A	223		ARG	3
3mwbA	220	1	A	224		GLY	3
3mwbA	221	1	A	225		VAL	3
3mwbA	222	1	A	226		ASN	3
3mwbA	223	1	A	227		LEU	3
3mwbA	224	1	A	228		SER	3
3mwbA	225	1	A	229		ARG	3
3mwbA	226	1	A	230		ILE	3
3mwbA	227	1	A	231		GLU	3
3mwbA	228	1	A	232		SER	3
3mwbA	229	1	A	233		ARG	3
3mwbA	230	1	A	234		PRO	3
3mwbA	231	1	A	235		THR	3
3mwbA	232	1	A	236		GLY	3
3mwbA	233	1	A	237		GLN	3
3mwbA	234	1	A	238		TYR	3
3mwbA	235	1	A	239		LEU	3
3mwbA	236	1	A	240		GLY	3
3mwbA	237	1	A	241		HIS	3
3mwbA	238	1	A	242		TYR	3
3mwbA	239	1	A	243		PHE	3
3mwbA	240	1	A	244		PHE	3
3mwbA	241	1	A	245		SER	3
3mwbA	242	1	A	246		ILE	3
3mwbA	243	1	A	247		ASP	3
3mwbA	244	1	A	248		ALA	3
3mwbA	245	1	A	249		ASP	3
3mwbA	246	1	A	250		GLY	3
3mwbA	247	1	A	251		HIS	3
3mwbA	248	1	A	252		ALA	3
3mwbA	249	1	A	253		THR	3
3mwbA	250	1	A	254		ASP	3
3mwbA	251	1	A	255		SER	3
3mwbA	252	1	A	256		ARG	3
3mwbA	253	1	A	257		VAL	3
3mwbA	254	1	A	258		ALA	3
3mwbA	255	1	A	259		ASP	3
3mwbA	256	1	A	260		ALA	3
3mwbA	257	1	A	261		LEU	3
3mwbA	258	1	A	262		ALA	3
3mwbA	259	1	A	263		GLY	3
3mwbA	260	1	A	264		LEU	3
3mwbA	261	1	A	265		HIS	3
3mwbA	262	1	A	266		ARG	3
3mwbA	263	1	A	267		ILE	3
3mwbA	264	1	A	268		SER	3
3mwbA	265	1	A	269		PRO	3
3mwbA	266	1	A	270		ALA	3
3mwbA	267	1	A	271		THR	3
3mwbA	268	1	A	272		ARG	3
3mwbA	269	1	A	273		PHE	3
3mwbA	270	1	A	274		LEU	3
3mwbA	271	1	A	275		GLY	3
3mwbA	272	1	A	276		SER	3
3mwbA	273	1	A	277		TYR	3
3mwbA	274	1	A	278		ALA	3
3mwbA	275	1	A	279		ARG	3
3mwbA	276	1	A	280		ALA	3
3mwbA	277	1	A	281		ASP	3
3mwbA	278	1	A	282		LYS	3
3mwbA	279	1	A	283		GLN	3
3mwbA	280	1	A	284		PRO	3
3mwbA	281	1	A	285		ALA	3
3mwbA	282	1	A	286		VAL	3
3mwbA	283	1	A	287		VAL	3
3mwbA	284	1	A	288		ALA	3
3mwbA	285	1	A	289		PRO	3
3mwbA	286	1	A	290		HIS	3
3mwbA	287	1	A	291		THR	3
3mwbA	288	1	A	292		SER	3
3mwbA	289	1	A	293		ASP	3
3mwbA	290	1	A	294		ALA	3
3mwbA	291	1	A	295		ALA	3
3mwbA	292	1	A	296		PHE	3
3mwbA	293	1	A	297		ALA	3
3mwbA	294	1	A	298		SER	3
3mwbA	295	1	A	299		ALA	3
3mwbA	296	1	A	300		HIS	0
3mwbA	297	1	A	301		ALA	0
3mwbA	298	1	A	302		TRP	0
3mwbA	299	1	A	303		VAL	0
3mwbA	300	1	A	304		ASP	0
3mwbA	301	1	A	305		SER	0
3mwbA	302	1	A	306		ILE	0
3mwbA	303	1	A	307		LEU	0
3mwbA	304	1	A	308		LYS	0
3mwbA	305	1	A	309		GLY	0
1j0hA	0	1	A	1		MET	1
1j0hA	1	1	A	2		ARG	1
1j0hA	2	1	A	3		LYS	1
1j0hA	3	1	A	4		GLU	1
1j0hA	4	1	A	5		ALA	1
1j0hA	5	1	A	6		ILE	1
1j0hA	6	1	A	7		TYR	1
1j0hA	7	1	A	8		HIS	1
1j0hA	8	1	A	9		ARG	1
1j0hA	9	1	A	10		PRO	1
1j0hA	10	1	A	11		ALA	1
1j0hA	11	1	A	12		ASP	1
1j0hA	12	1	A	13		ASN	1
1j0hA	13	1	A	14		PHE	1
1j0hA	14	1	A	15		ALA	1
1j0hA	15	1	A	16		TYR	1
1j0hA	16	1	A	17		ALA	1
1j0hA	17	1	A	18		TYR	1
1j0hA	18	1	A	19		ASP	1
1j0hA	19	1	A	20		SER	1
1j0hA	20	1	A	21		GLU	1
1j0hA	21	1	A	22		THR	1
1j0hA	22	1	A	23		LEU	1
1j0hA	23	1	A	24		HIS	1
1j0hA	24	1	A	25		LEU	1
1j0hA	25	1	A	26		ARG	1
1j0hA	26	1	A	27		LEU	1
1j0hA	27	1	A	28		ARG	1
1j0hA	28	1	A	29		THR	1
1j0hA	29	1	A	30		LYS	1
1j0hA	30	1	A	31		LYS	1
1j0hA	31	1	A	32		ASP	1
1j0hA	32	1	A	33		ASP	1
1j0hA	33	1	A	34		ILE	1
1j0hA	34	1	A	35		ASP	1
1j0hA	35	1	A	36		ARG	1
1j0hA	36	1	A	37		VAL	1
1j0hA	37	1	A	38		GLU	1
1j0hA	38	1	A	39		LEU	1
1j0hA	39	1	A	40		LEU	1
1j0hA	40	1	A	41		HIS	1
1j0hA	41	1	A	42		GLY	1
1j0hA	42	1	A	43		ASP	1
1j0hA	43	1	A	44		PRO	1
1j0hA	44	1	A	45		TYR	1
1j0hA	45	1	A	46		ASP	1
1j0hA	46	1	A	47		TRP	1
1j0hA	47	1	A	48		GLN	1
1j0hA	48	1	A	49		ASN	1
1j0hA	49	1	A	50		GLY	1
1j0hA	50	1	A	51		ALA	1
1j0hA	51	1	A	52		TRP	1
1j0hA	52	1	A	53		GLN	1
1j0hA	53	1	A	54		PHE	1
1j0hA	54	1	A	55		GLN	1
1j0hA	55	1	A	56		MET	1
1j0hA	56	1	A	57		MET	1
1j0hA	57	1	A	58		PRO	1
1j0hA	58	1	A	59		MET	1
1j0hA	59	1	A	60		ARG	1
1j0hA	60	1	A	61		LYS	1
1j0hA	61	1	A	62		THR	1
1j0hA	62	1	A	63		GLY	1
1j0hA	63	1	A	64		SER	1
1j0hA	64	1	A	65		ASP	1
1j0hA	65	1	A	66		GLU	1
1j0hA	66	1	A	67		LEU	1
1j0hA	67	1	A	68		PHE	1
1j0hA	68	1	A	69		ASP	1
1j0hA	69	1	A	70		TYR	1
1j0hA	70	1	A	71		TRP	1
1j0hA	71	1	A	72		PHE	1
1j0hA	72	1	A	73		ALA	1
1j0hA	73	1	A	74		GLU	1
1j0hA	74	1	A	75		VAL	1
1j0hA	75	1	A	76		LYS	1
1j0hA	76	1	A	77		PRO	1
1j0hA	77	1	A	78		PRO	1
1j0hA	78	1	A	79		TYR	1
1j0hA	79	1	A	80		ARG	1
1j0hA	80	1	A	81		ARG	1
1j0hA	81	1	A	82		LEU	1
1j0hA	82	1	A	83		ARG	1
1j0hA	83	1	A	84		TYR	1
1j0hA	84	1	A	85		GLY	1
1j0hA	85	1	A	86		PHE	1
1j0hA	86	1	A	87		VAL	1
1j0hA	87	1	A	88		LEU	1
1j0hA	88	1	A	89		TYR	1
1j0hA	89	1	A	90		SER	1
1j0hA	90	1	A	91		GLY	1
1j0hA	91	1	A	92		GLU	1
1j0hA	92	1	A	93		GLU	1
1j0hA	93	1	A	94		LYS	1
1j0hA	94	1	A	95		LEU	1
1j0hA	95	1	A	96		VAL	1
1j0hA	96	1	A	97		TYR	1
1j0hA	97	1	A	98		THR	1
1j0hA	98	1	A	99		GLU	1
1j0hA	99	1	A	100		LYS	1
1j0hA	100	1	A	101		GLY	1
1j0hA	101	1	A	102		PHE	1
1j0hA	102	1	A	103		TYR	1
1j0hA	103	1	A	104		PHE	1
1j0hA	104	1	A	105		GLU	1
1j0hA	105	1	A	106		VAL	1
1j0hA	106	1	A	107		PRO	1
1j0hA	107	1	A	108		THR	1
1j0hA	108	1	A	109		ASP	1
1j0hA	109	1	A	110		ASP	1
1j0hA	110	1	A	111		THR	1
1j0hA	111	1	A	112		ALA	1
1j0hA	112	1	A	113		TYR	1
1j0hA	113	1	A	114		TYR	1
1j0hA	114	1	A	115		PHE	1
1j0hA	115	1	A	116		CYS	1
1j0hA	116	1	A	117		PHE	1
1j0hA	117	1	A	118		PRO	1
1j0hA	118	1	A	119		PHE	1
1j0hA	119	1	A	120		LEU	1
1j0hA	120	1	A	121		HIS	1
1j0hA	121	1	A	122		ARG	1
1j0hA	122	1	A	123		VAL	1
1j0hA	123	1	A	124		ASP	1
1j0hA	124	1	A	125		LEU	1
1j0hA	125	1	A	126		PHE	2
1j0hA	126	1	A	127		GLU	2
1j0hA	127	1	A	128		ALA	2
1j0hA	128	1	A	129		PRO	2
1j0hA	129	1	A	130		ASP	2
1j0hA	130	1	A	131		TRP	2
1j0hA	131	1	A	132		VAL	2
1j0hA	132	1	A	133		LYS	2
1j0hA	133	1	A	134		ASP	2
1j0hA	134	1	A	135		THR	2
1j0hA	135	1	A	136		VAL	2
1j0hA	136	1	A	137		TRP	2
1j0hA	137	1	A	138		TYR	2
1j0hA	138	1	A	139		GLN	2
1j0hA	139	1	A	140		ILE	2
1j0hA	140	1	A	141		PHE	2
1j0hA	141	1	A	142		PRO	2
1j0hA	142	1	A	143		GLU	2
1j0hA	143	1	A	144		ARG	2
1j0hA	144	1	A	145		PHE	2
1j0hA	145	1	A	146		ALA	2
1j0hA	146	1	A	147		ASN	2
1j0hA	147	1	A	148		GLY	2
1j0hA	148	1	A	149		ASN	2
1j0hA	149	1	A	150		PRO	2
1j0hA	150	1	A	151		SER	2
1j0hA	151	1	A	152		ILE	2
1j0hA	152	1	A	153		SER	2
1j0hA	153	1	A	154		PRO	2
1j0hA	154	1	A	155		GLU	2
1j0hA	155	1	A	156		GLY	2
1j0hA	156	1	A	157		SER	2
1j0hA	157	1	A	158		ARG	2
1j0hA	158	1	A	159		PRO	2
1j0hA	159	1	A	160		TRP	2
1j0hA	160	1	A	161		GLY	2
1j0hA	161	1	A	162		SER	2
1j0hA	162	1	A	163		GLU	2
1j0hA	163	1	A	164		ASP	2
1j0hA	164	1	A	165		PRO	2
1j0hA	165	1	A	166		THR	2
1j0hA	166	1	A	167		PRO	2
1j0hA	167	1	A	168		THR	2
1j0hA	168	1	A	169		SER	2
1j0hA	169	1	A	170		PHE	2
1j0hA	170	1	A	171		PHE	2
1j0hA	171	1	A	172		GLY	2
1j0hA	172	1	A	173		GLY	2
1j0hA	173	1	A	174		ASP	2
1j0hA	174	1	A	175		LEU	2
1j0hA	175	1	A	176		GLN	2
1j0hA	176	1	A	177		GLY	2
1j0hA	177	1	A	178		ILE	2
1j0hA	178	1	A	179		ILE	2
1j0hA	179	1	A	180		ASP	2
1j0hA	180	1	A	181		HIS	2
1j0hA	181	1	A	182		LEU	2
1j0hA	182	1	A	183		ASP	2
1j0hA	183	1	A	184		TYR	2
1j0hA	184	1	A	185		LEU	2
1j0hA	185	1	A	186		VAL	2
1j0hA	186	1	A	187		ASP	2
1j0hA	187	1	A	188		LEU	2
1j0hA	188	1	A	189		GLY	2
1j0hA	189	1	A	190		ILE	2
1j0hA	190	1	A	191		THR	2
1j0hA	191	1	A	192		GLY	2
1j0hA	192	1	A	193		ILE	2
1j0hA	193	1	A	194		TYR	2
1j0hA	194	1	A	195		LEU	2
1j0hA	195	1	A	196		THR	2
1j0hA	196	1	A	197		PRO	2
1j0hA	197	1	A	198		ILE	2
1j0hA	198	1	A	199		PHE	2
1j0hA	199	1	A	200		ARG	2
1j0hA	200	1	A	201		SER	2
1j0hA	201	1	A	202		PRO	2
1j0hA	202	1	A	203		SER	2
1j0hA	203	1	A	204		ASN	2
1j0hA	204	1	A	205		HIS	2
1j0hA	205	1	A	206		LYS	2
1j0hA	206	1	A	207		TYR	2
1j0hA	207	1	A	208		ASP	2
1j0hA	208	1	A	209		THR	2
1j0hA	209	1	A	210		ALA	2
1j0hA	210	1	A	211		ASP	2
1j0hA	211	1	A	212		TYR	2
1j0hA	212	1	A	213		PHE	2
1j0hA	213	1	A	214		GLU	2
1j0hA	214	1	A	215		VAL	2
1j0hA	215	1	A	216		ASP	2
1j0hA	216	1	A	217		PRO	2
1j0hA	217	1	A	218		HIS	2
1j0hA	218	1	A	219		PHE	2
1j0hA	219	1	A	220		GLY	2
1j0hA	220	1	A	221		ASP	2
1j0hA	221	1	A	222		LYS	2
1j0hA	222	1	A	223		GLU	2
1j0hA	223	1	A	224		THR	2
1j0hA	224	1	A	225		LEU	2
1j0hA	225	1	A	226		LYS	2
1j0hA	226	1	A	227		THR	2
1j0hA	227	1	A	228		LEU	2
1j0hA	228	1	A	229		ILE	2
1j0hA	229	1	A	230		ASP	2
1j0hA	230	1	A	231		ARG	2
1j0hA	231	1	A	232		CYS	2
1j0hA	232	1	A	233		HIS	2
1j0hA	233	1	A	234		GLU	2
1j0hA	234	1	A	235		LYS	2
1j0hA	235	1	A	236		GLY	2
1j0hA	236	1	A	237		ILE	2
1j0hA	237	1	A	238		ARG	2
1j0hA	238	1	A	239		VAL	2
1j0hA	239	1	A	240		MET	2
1j0hA	240	1	A	241		LEU	2
1j0hA	241	1	A	242		ASP	2
1j0hA	242	1	A	243		ALA	2
1j0hA	243	1	A	244		VAL	2
1j0hA	244	1	A	245		PHE	2
1j0hA	245	1	A	246		ASN	4
1j0hA	246	1	A	247		HIS	4
1j0hA	247	1	A	248		CYS	4
1j0hA	248	1	A	249		GLY	4
1j0hA	249	1	A	250		TYR	4
1j0hA	250	1	A	251		GLU	4
1j0hA	251	1	A	252		PHE	4
1j0hA	252	1	A	253		ALA	4
1j0hA	253	1	A	254		PRO	4
1j0hA	254	1	A	255		PHE	4
1j0hA	255	1	A	256		GLN	4
1j0hA	256	1	A	257		ASP	4
1j0hA	257	1	A	258		VAL	4
1j0hA	258	1	A	259		TRP	4
1j0hA	259	1	A	260		LYS	4
1j0hA	260	1	A	261		ASN	4
1j0hA	261	1	A	262		GLY	4
1j0hA	262	1	A	263		GLU	4
1j0hA	263	1	A	264		SER	4
1j0hA	264	1	A	265		SER	4
1j0hA	265	1	A	266		LYS	4
1j0hA	266	1	A	267		TYR	4
1j0hA	267	1	A	268		LYS	4
1j0hA	268	1	A	269		ASP	4
1j0hA	269	1	A	270		TRP	4
1j0hA	270	1	A	271		PHE	4
1j0hA	271	1	A	272		HIS	4
1j0hA	272	1	A	273		ILE	4
1j0hA	273	1	A	274		HIS	4
1j0hA	274	1	A	275		GLU	4
1j0hA	275	1	A	276		PHE	4
1j0hA	276	1	A	277		PRO	4
1j0hA	277	1	A	278		LEU	4
1j0hA	278	1	A	279		GLN	4
1j0hA	279	1	A	280		THR	4
1j0hA	280	1	A	281		GLU	4
1j0hA	281	1	A	282		PRO	4
1j0hA	282	1	A	283		ARG	4
1j0hA	283	1	A	284		PRO	4
1j0hA	284	1	A	285		ASN	4
1j0hA	285	1	A	286		TYR	4
1j0hA	286	1	A	287		ASP	4
1j0hA	287	1	A	288		THR	4
1j0hA	288	1	A	289		PHE	4
1j0hA	289	1	A	290		ALA	4
1j0hA	290	1	A	291		PHE	4
1j0hA	291	1	A	292		VAL	4
1j0hA	292	1	A	293		PRO	4
1j0hA	293	1	A	294		GLN	4
1j0hA	294	1	A	295		MET	4
1j0hA	295	1	A	296		PRO	4
1j0hA	296	1	A	297		LYS	4
1j0hA	297	1	A	298		LEU	4
1j0hA	298	1	A	299		ASN	4
1j0hA	299	1	A	300		THR	4
1j0hA	300	1	A	301		ALA	4
1j0hA	301	1	A	302		ASN	4
1j0hA	302	1	A	303		PRO	4
1j0hA	303	1	A	304		GLU	4
1j0hA	304	1	A	305		VAL	4
1j0hA	305	1	A	306		LYS	4
1j0hA	306	1	A	307		ARG	4
1j0hA	307	1	A	308		TYR	4
1j0hA	308	1	A	309		LEU	2
1j0hA	309	1	A	310		LEU	2
1j0hA	310	1	A	311		ASP	2
1j0hA	311	1	A	312		VAL	2
1j0hA	312	1	A	313		ALA	2
1j0hA	313	1	A	314		THR	2
1j0hA	314	1	A	315		TYR	2
1j0hA	315	1	A	316		TRP	2
1j0hA	316	1	A	317		ILE	2
1j0hA	317	1	A	318		ARG	2
1j0hA	318	1	A	319		GLU	2
1j0hA	319	1	A	320		PHE	2
1j0hA	320	1	A	321		ASP	2
1j0hA	321	1	A	322		ILE	2
1j0hA	322	1	A	323		ASP	2
1j0hA	323	1	A	324		GLY	2
1j0hA	324	1	A	325		TRP	2
1j0hA	325	1	A	326		ARG	2
1j0hA	326	1	A	327		LEU	2
1j0hA	327	1	A	328		ASP	2
1j0hA	328	1	A	329		VAL	2
1j0hA	329	1	A	330		ALA	2
1j0hA	330	1	A	331		ASN	2
1j0hA	331	1	A	332		GLU	2
1j0hA	332	1	A	333		ILE	2
1j0hA	333	1	A	334		ASP	2
1j0hA	334	1	A	335		HIS	2
1j0hA	335	1	A	336		GLU	2
1j0hA	336	1	A	337		PHE	2
1j0hA	337	1	A	338		TRP	2
1j0hA	338	1	A	339		ARG	2
1j0hA	339	1	A	340		GLU	2
1j0hA	340	1	A	341		PHE	2
1j0hA	341	1	A	342		ARG	2
1j0hA	342	1	A	343		GLN	2
1j0hA	343	1	A	344		GLU	2
1j0hA	344	1	A	345		VAL	2
1j0hA	345	1	A	346		LYS	2
1j0hA	346	1	A	347		ALA	2
1j0hA	347	1	A	348		LEU	2
1j0hA	348	1	A	349		LYS	2
1j0hA	349	1	A	350		PRO	2
1j0hA	350	1	A	351		ASP	2
1j0hA	351	1	A	352		VAL	2
1j0hA	352	1	A	353		TYR	2
1j0hA	353	1	A	354		ILE	2
1j0hA	354	1	A	355		LEU	2
1j0hA	355	1	A	356		GLY	2
1j0hA	356	1	A	357		GLU	2
1j0hA	357	1	A	358		ILE	2
1j0hA	358	1	A	359		TRP	2
1j0hA	359	1	A	360		HIS	2
1j0hA	360	1	A	361		ASP	2
1j0hA	361	1	A	362		ALA	2
1j0hA	362	1	A	363		MET	2
1j0hA	363	1	A	364		PRO	2
1j0hA	364	1	A	365		TRP	2
1j0hA	365	1	A	366		LEU	2
1j0hA	366	1	A	367		ARG	2
1j0hA	367	1	A	368		GLY	2
1j0hA	368	1	A	369		ASP	2
1j0hA	369	1	A	370		GLN	2
1j0hA	370	1	A	371		PHE	2
1j0hA	371	1	A	372		ASP	2
1j0hA	372	1	A	373		ALA	2
1j0hA	373	1	A	374		VAL	2
1j0hA	374	1	A	375		MET	2
1j0hA	375	1	A	376		ASN	3
1j0hA	376	1	A	377		TYR	3
1j0hA	377	1	A	378		PRO	3
1j0hA	378	1	A	379		PHE	3
1j0hA	379	1	A	380		THR	3
1j0hA	380	1	A	381		ASP	3
1j0hA	381	1	A	382		GLY	3
1j0hA	382	1	A	383		VAL	3
1j0hA	383	1	A	384		LEU	3
1j0hA	384	1	A	385		ARG	3
1j0hA	385	1	A	386		PHE	3
1j0hA	386	1	A	387		PHE	3
1j0hA	387	1	A	388		ALA	3
1j0hA	388	1	A	389		LYS	3
1j0hA	389	1	A	390		GLU	3
1j0hA	390	1	A	391		GLU	3
1j0hA	391	1	A	392		ILE	3
1j0hA	392	1	A	393		SER	3
1j0hA	393	1	A	394		ALA	3
1j0hA	394	1	A	395		ARG	3
1j0hA	395	1	A	396		GLN	3
1j0hA	396	1	A	397		PHE	3
1j0hA	397	1	A	398		ALA	3
1j0hA	398	1	A	399		ASN	3
1j0hA	399	1	A	400		GLN	3
1j0hA	400	1	A	401		MET	3
1j0hA	401	1	A	402		MET	3
1j0hA	402	1	A	403		HIS	3
1j0hA	403	1	A	404		VAL	3
1j0hA	404	1	A	405		LEU	3
1j0hA	405	1	A	406		HIS	3
1j0hA	406	1	A	407		SER	3
1j0hA	407	1	A	408		TYR	3
1j0hA	408	1	A	409		PRO	3
1j0hA	409	1	A	410		ASN	3
1j0hA	410	1	A	411		ASN	3
1j0hA	411	1	A	412		VAL	3
1j0hA	412	1	A	413		ASN	3
1j0hA	413	1	A	414		GLU	3
1j0hA	414	1	A	415		ALA	3
1j0hA	415	1	A	416		ALA	3
1j0hA	416	1	A	417		PHE	3
1j0hA	417	1	A	418		ASN	3
1j0hA	418	1	A	419		LEU	3
1j0hA	419	1	A	420		LEU	3
1j0hA	420	1	A	421		GLY	3
1j0hA	421	1	A	422		SER	3
1j0hA	422	1	A	423		HIS	3
1j0hA	423	1	A	424		ASP	3
1j0hA	424	1	A	425		THR	3
1j0hA	425	1	A	426		SER	3
1j0hA	426	1	A	427		ARG	3
1j0hA	427	1	A	428		ILE	3
1j0hA	428	1	A	429		LEU	3
1j0hA	429	1	A	430		THR	3
1j0hA	430	1	A	431		VAL	3
1j0hA	431	1	A	432		CYS	3
1j0hA	432	1	A	433		GLY	3
1j0hA	433	1	A	434		GLY	3
1j0hA	434	1	A	435		ASP	3
1j0hA	435	1	A	436		ILE	3
1j0hA	436	1	A	437		ARG	3
1j0hA	437	1	A	438		LYS	3
1j0hA	438	1	A	439		VAL	3
1j0hA	439	1	A	440		LYS	3
1j0hA	440	1	A	441		LEU	3
1j0hA	441	1	A	442		LEU	3
1j0hA	442	1	A	443		PHE	3
1j0hA	443	1	A	444		LEU	3
1j0hA	444	1	A	445		PHE	3
1j0hA	445	1	A	446		GLN	3
1j0hA	446	1	A	447		LEU	3
1j0hA	447	1	A	448		THR	3
1j0hA	448	1	A	449		PHE	3
1j0hA	449	1	A	450		THR	3
1j0hA	450	1	A	451		GLY	3
1j0hA	451	1	A	452		SER	3
1j0hA	452	1	A	453		PRO	3
1j0hA	453	1	A	454		CYS	3
1j0hA	454	1	A	455		ILE	3
1j0hA	455	1	A	456		TYR	3
1j0hA	456	1	A	457		TYR	3
1j0hA	457	1	A	458		GLY	3
1j0hA	458	1	A	459		ASP	3
1j0hA	459	1	A	460		GLU	3
1j0hA	460	1	A	461		ILE	3
1j0hA	461	1	A	462		GLY	3
1j0hA	462	1	A	463		MET	3
1j0hA	463	1	A	464		THR	3
1j0hA	464	1	A	465		GLY	3
1j0hA	465	1	A	466		GLY	3
1j0hA	466	1	A	467		ASN	3
1j0hA	467	1	A	468		ASP	3
1j0hA	468	1	A	469		PRO	3
1j0hA	469	1	A	470		GLU	3
1j0hA	470	1	A	471		CYS	3
1j0hA	471	1	A	472		ARG	3
1j0hA	472	1	A	473		LYS	3
1j0hA	473	1	A	474		CYS	3
1j0hA	474	1	A	475		MET	3
1j0hA	475	1	A	476		VAL	3
1j0hA	476	1	A	477		TRP	3
1j0hA	477	1	A	478		ASP	3
1j0hA	478	1	A	479		PRO	3
1j0hA	479	1	A	480		MET	3
1j0hA	480	1	A	481		GLN	3
1j0hA	481	1	A	482		GLN	3
1j0hA	482	1	A	483		ASN	3
1j0hA	483	1	A	484		LYS	3
1j0hA	484	1	A	485		GLU	3
1j0hA	485	1	A	486		LEU	3
1j0hA	486	1	A	487		HIS	3
1j0hA	487	1	A	488		GLN	3
1j0hA	488	1	A	489		HIS	3
1j0hA	489	1	A	490		VAL	3
1j0hA	490	1	A	491		LYS	3
1j0hA	491	1	A	492		GLN	3
1j0hA	492	1	A	493		LEU	3
1j0hA	493	1	A	494		ILE	3
1j0hA	494	1	A	495		ALA	5
1j0hA	495	1	A	496		LEU	5
1j0hA	496	1	A	497		ARG	5
1j0hA	497	1	A	498		LYS	5
1j0hA	498	1	A	499		GLN	5
1j0hA	499	1	A	500		TYR	5
1j0hA	500	1	A	501		ARG	5
1j0hA	501	1	A	502		SER	5
1j0hA	502	1	A	503		LEU	5
1j0hA	503	1	A	504		ARG	5
1j0hA	504	1	A	505		ARG	5
1j0hA	505	1	A	506		GLY	5
1j0hA	506	1	A	507		GLU	5
1j0hA	507	1	A	508		ILE	5
1j0hA	508	1	A	509		SER	5
1j0hA	509	1	A	510		PHE	5
1j0hA	510	1	A	511		LEU	5
1j0hA	511	1	A	512		HIS	5
1j0hA	512	1	A	513		ALA	5
1j0hA	513	1	A	514		ASP	5
1j0hA	514	1	A	515		ASP	5
1j0hA	515	1	A	516		GLU	5
1j0hA	516	1	A	517		MET	5
1j0hA	517	1	A	518		ASN	5
1j0hA	518	1	A	519		TYR	5
1j0hA	519	1	A	520		LEU	5
1j0hA	520	1	A	521		ILE	5
1j0hA	521	1	A	522		TYR	5
1j0hA	522	1	A	523		LYS	5
1j0hA	523	1	A	524		LYS	5
1j0hA	524	1	A	525		THR	5
1j0hA	525	1	A	526		ASP	5
1j0hA	526	1	A	527		GLY	5
1j0hA	527	1	A	528		ASP	5
1j0hA	528	1	A	529		GLU	5
1j0hA	529	1	A	530		THR	5
1j0hA	530	1	A	531		VAL	5
1j0hA	531	1	A	532		LEU	5
1j0hA	532	1	A	533		VAL	5
1j0hA	533	1	A	534		ILE	5
1j0hA	534	1	A	535		ILE	5
1j0hA	535	1	A	536		ASN	5
1j0hA	536	1	A	537		ARG	5
1j0hA	537	1	A	538		SER	5
1j0hA	538	1	A	539		ASP	5
1j0hA	539	1	A	540		GLN	5
1j0hA	540	1	A	541		LYS	5
1j0hA	541	1	A	542		ALA	5
1j0hA	542	1	A	543		ASP	5
1j0hA	543	1	A	544		ILE	5
1j0hA	544	1	A	545		PRO	5
1j0hA	545	1	A	546		ILE	5
1j0hA	546	1	A	547		PRO	5
1j0hA	547	1	A	548		LEU	5
1j0hA	548	1	A	549		ASP	5
1j0hA	549	1	A	550		ALA	5
1j0hA	550	1	A	551		ARG	5
1j0hA	551	1	A	552		GLY	5
1j0hA	552	1	A	553		THR	5
1j0hA	553	1	A	554		TRP	5
1j0hA	554	1	A	555		LEU	5
1j0hA	555	1	A	556		VAL	5
1j0hA	556	1	A	557		ASN	5
1j0hA	557	1	A	558		LEU	5
1j0hA	558	1	A	559		LEU	5
1j0hA	559	1	A	560		THR	5
1j0hA	560	1	A	561		GLY	5
1j0hA	561	1	A	562		GLU	5
1j0hA	562	1	A	563		ARG	5
1j0hA	563	1	A	564		PHE	5
1j0hA	564	1	A	565		ALA	5
1j0hA	565	1	A	566		ALA	5
1j0hA	566	1	A	567		GLU	5
1j0hA	567	1	A	568		ALA	5
1j0hA	568	1	A	569		GLU	5
1j0hA	569	1	A	570		THR	5
1j0hA	570	1	A	571		LEU	5
1j0hA	571	1	A	572		CYS	5
1j0hA	572	1	A	573		THR	5
1j0hA	573	1	A	574		SER	5
1j0hA	574	1	A	575		LEU	5
1j0hA	575	1	A	576		PRO	5
1j0hA	576	1	A	577		PRO	5
1j0hA	577	1	A	578		TYR	5
1j0hA	578	1	A	579		GLY	5
1j0hA	579	1	A	580		PHE	5
1j0hA	580	1	A	581		VAL	5
1j0hA	581	1	A	582		LEU	5
1j0hA	582	1	A	583		TYR	5
1j0hA	583	1	A	584		ALA	5
1j0hA	584	1	A	585		ILE	5
1j0hA	585	1	A	586		GLU	5
1j0hA	586	1	A	587		HIS	5
1j0hA	587	1	A	588		TRP	5
4x83D	0	1	D	-1		ALA	1
4x83D	1	1	D	0		ASP	1
4x83D	2	1	D	1		GLN	1
4x83D	3	1	D	2		LYS	1
4x83D	4	1	D	3		GLY	1
4x83D	5	1	D	4		PRO	1
4x83D	6	1	D	5		VAL	1
4x83D	7	1	D	6		PHE	1
4x83D	8	1	D	7		LEU	1
4x83D	9	1	D	8		LYS	1
4x83D	10	1	D	9		GLU	1
4x83D	11	1	D	10		PRO	1
4x83D	12	1	D	11		THR	1
4x83D	13	1	D	12		ASN	1
4x83D	14	1	D	13		ARG	1
4x83D	15	1	D	14		ILE	1
4x83D	16	1	D	15		ASP	1
4x83D	17	1	D	16		PHE	1
4x83D	18	1	D	17		SER	1
4x83D	19	1	D	18		ASN	1
4x83D	20	1	D	19		SER	1
4x83D	21	1	D	20		THR	1
4x83D	22	1	D	21		GLY	1
4x83D	23	1	D	22		ALA	1
4x83D	24	1	D	23		GLU	1
4x83D	25	1	D	24		ILE	1
4x83D	26	1	D	25		GLU	1
4x83D	27	1	D	26		CYS	1
4x83D	28	1	D	27		LYS	1
4x83D	29	1	D	28		ALA	1
4x83D	30	1	D	29		SER	1
4x83D	31	1	D	30		GLY	1
4x83D	32	1	D	31		ASN	1
4x83D	33	1	D	32		PRO	1
4x83D	34	1	D	33		MET	1
4x83D	35	1	D	34		PRO	1
4x83D	36	1	D	35		GLU	1
4x83D	37	1	D	36		ILE	1
4x83D	38	1	D	37		ILE	1
4x83D	39	1	D	38		TRP	1
4x83D	40	1	D	39		ILE	1
4x83D	41	1	D	40		ARG	1
4x83D	42	1	D	41		SER	1
4x83D	43	1	D	42		ASP	1
4x83D	44	1	D	43		GLY	1
4x83D	45	1	D	44		THR	1
4x83D	46	1	D	45		ALA	1
4x83D	47	1	D	46		VAL	1
4x83D	48	1	D	47		GLY	1
4x83D	49	1	D	48		ASP	1
4x83D	50	1	D	49		VAL	1
4x83D	51	1	D	50		PRO	1
4x83D	52	1	D	51		GLY	1
4x83D	53	1	D	52		LEU	1
4x83D	54	1	D	53		ARG	1
4x83D	55	1	D	54		GLN	1
4x83D	56	1	D	55		ILE	1
4x83D	57	1	D	56		SER	1
4x83D	58	1	D	57		SER	1
4x83D	59	1	D	58		ASP	1
4x83D	60	1	D	59		GLY	1
4x83D	61	1	D	60		LYS	1
4x83D	62	1	D	61		LEU	1
4x83D	63	1	D	62		VAL	1
4x83D	64	1	D	63		PHE	1
4x83D	65	1	D	64		PRO	1
4x83D	66	1	D	65		PRO	1
4x83D	67	1	D	66		PHE	1
4x83D	68	1	D	67		ARG	1
4x83D	69	1	D	68		ALA	1
4x83D	70	1	D	69		GLU	1
4x83D	71	1	D	70		ASP	1
4x83D	72	1	D	71		TYR	1
4x83D	73	1	D	72		ARG	1
4x83D	74	1	D	73		GLN	1
4x83D	75	1	D	74		GLU	1
4x83D	76	1	D	75		VAL	1
4x83D	77	1	D	76		HIS	1
4x83D	78	1	D	77		ALA	1
4x83D	79	1	D	78		GLN	1
4x83D	80	1	D	79		VAL	1
4x83D	81	1	D	80		TYR	1
4x83D	82	1	D	81		ALA	1
4x83D	83	1	D	82		CYS	1
4x83D	84	1	D	83		LEU	1
4x83D	85	1	D	84		ALA	1
4x83D	86	1	D	85		ARG	1
4x83D	87	1	D	86		ASN	1
4x83D	88	1	D	87		GLN	1
4x83D	89	1	D	88		PHE	1
4x83D	90	1	D	89		GLY	1
4x83D	91	1	D	90		SER	1
4x83D	92	1	D	91		ILE	1
4x83D	93	1	D	92		ILE	1
4x83D	94	1	D	93		SER	1
4x83D	95	1	D	94		ARG	1
4x83D	96	1	D	95		ASP	1
4x83D	97	1	D	96		VAL	1
4x83D	98	1	D	97		HIS	1
4x83D	99	1	D	98		VAL	1
4x83D	100	1	D	99		ARG	1
4x83D	101	1	D	100		ALA	1
4x83D	102	1	D	101		VAL	1
4x83D	103	1	D	102		VAL	1
4x83D	104	1	D	103		ASN	1
4x83D	105	1	D	104		GLN	2
4x83D	106	1	D	105		PHE	2
4x83D	107	1	D	106		TYR	2
4x83D	108	1	D	107		GLU	2
4x83D	109	1	D	108		ALA	2
4x83D	110	1	D	109		GLU	2
4x83D	111	1	D	110		ILE	2
4x83D	112	1	D	111		MET	2
4x83D	113	1	D	112		THR	2
4x83D	114	1	D	113		GLU	2
4x83D	115	1	D	114		TYR	2
4x83D	116	1	D	115		VAL	2
4x83D	117	1	D	116		ILE	2
4x83D	118	1	D	117		ARG	2
4x83D	119	1	D	118		GLY	2
4x83D	120	1	D	119		ASN	2
4x83D	121	1	D	120		ALA	2
4x83D	122	1	D	121		ALA	2
4x83D	123	1	D	122		VAL	2
4x83D	124	1	D	123		LEU	2
4x83D	125	1	D	124		LYS	2
4x83D	126	1	D	125		CYS	2
4x83D	127	1	D	126		SER	2
4x83D	128	1	D	127		ILE	2
4x83D	129	1	D	128		PRO	2
4x83D	130	1	D	129		SER	2
4x83D	131	1	D	130		PHE	2
4x83D	132	1	D	131		VAL	2
4x83D	133	1	D	132		ALA	2
4x83D	134	1	D	133		ASP	2
4x83D	135	1	D	134		PHE	2
4x83D	136	1	D	135		VAL	2
4x83D	137	1	D	136		ARG	2
4x83D	138	1	D	137		VAL	2
4x83D	139	1	D	138		GLU	2
4x83D	140	1	D	139		SER	2
4x83D	141	1	D	140		TRP	2
4x83D	142	1	D	141		ILE	2
4x83D	143	1	D	142		ASP	2
4x83D	144	1	D	143		ASP	2
4x83D	145	1	D	144		GLU	2
4x83D	146	1	D	145		GLY	2
4x83D	147	1	D	146		ASN	2
4x83D	148	1	D	147		VAL	2
4x83D	149	1	D	148		LEU	2
4x83D	150	1	D	149		SER	2
4x83D	151	1	D	150		PHE	2
4x83D	152	1	D	151		SER	2
4x83D	153	1	D	152		ASP	2
4x83D	154	1	D	153		ASN	2
4x83D	155	1	D	154		TYR	2
4x83D	156	1	D	155		ASP	2
4x83D	157	1	D	156		GLY	2
4x83D	158	1	D	157		LYS	2
4x83D	159	1	D	158		TYR	2
4x83D	160	1	D	159		LEU	2
4x83D	161	1	D	160		VAL	2
4x83D	162	1	D	161		LEU	2
4x83D	163	1	D	162		PRO	2
4x83D	164	1	D	163		SER	2
4x83D	165	1	D	164		GLY	2
4x83D	166	1	D	165		GLU	2
4x83D	167	1	D	166		LEU	2
4x83D	168	1	D	167		HIS	2
4x83D	169	1	D	168		ILE	2
4x83D	170	1	D	169		ARG	2
4x83D	171	1	D	170		GLU	2
4x83D	172	1	D	171		VAL	2
4x83D	173	1	D	172		GLY	2
4x83D	174	1	D	173		PRO	2
4x83D	175	1	D	174		GLU	2
4x83D	176	1	D	175		ASP	2
4x83D	177	1	D	176		GLY	2
4x83D	178	1	D	177		TYR	2
4x83D	179	1	D	178		LYS	2
4x83D	180	1	D	179		SER	2
4x83D	181	1	D	180		TYR	2
4x83D	182	1	D	181		GLN	2
4x83D	183	1	D	182		CYS	2
4x83D	184	1	D	183		ARG	2
4x83D	185	1	D	184		THR	2
4x83D	186	1	D	185		LYS	2
4x83D	187	1	D	186		HIS	2
4x83D	188	1	D	187		ARG	2
4x83D	189	1	D	188		LEU	2
4x83D	190	1	D	189		THR	2
4x83D	191	1	D	190		GLY	2
4x83D	192	1	D	191		GLU	2
4x83D	193	1	D	192		THR	2
4x83D	194	1	D	193		ARG	2
4x83D	195	1	D	194		LEU	2
4x83D	196	1	D	195		SER	2
4x83D	197	1	D	196		ALA	2
4x83D	198	1	D	197		THR	2
4x83D	199	1	D	198		LYS	2
4x83D	200	1	D	199		GLY	2
4x83D	201	1	D	200		ARG	2
4x83D	202	1	D	201		LEU	2
4x83D	203	1	D	202		VAL	2
4x83D	204	1	D	203		ILE	2
4x83D	205	1	D	204		THR	2
4x83D	206	1	D	205		GLU	2
4x83D	207	1	D	206		PRO	2
4x83D	208	1	D	207		VAL	3
4x83D	209	1	D	208		GLY	3
4x83D	210	1	D	209		SER	3
4x83D	211	1	D	210		LYS	3
4x83D	212	1	D	211		ALA	3
4x83D	213	1	D	212		PRO	3
4x83D	214	1	D	213		THR	3
4x83D	215	1	D	214		PHE	3
4x83D	216	1	D	215		ALA	3
4x83D	217	1	D	216		THR	3
4x83D	218	1	D	217		ALA	3
4x83D	219	1	D	218		SER	3
4x83D	220	1	D	219		LYS	3
4x83D	221	1	D	220		ILE	3
4x83D	222	1	D	221		SER	3
4x83D	223	1	D	222		SER	3
4x83D	224	1	D	223		LEU	3
4x83D	225	1	D	224		LEU	3
4x83D	226	1	D	225		GLY	3
4x83D	227	1	D	226		SER	3
4x83D	228	1	D	227		SER	3
4x83D	229	1	D	228		SER	3
4x83D	230	1	D	229		SER	3
4x83D	231	1	D	230		ASP	3
4x83D	232	1	D	231		ILE	3
4x83D	233	1	D	232		VAL	3
4x83D	234	1	D	233		LEU	3
4x83D	235	1	D	234		LEU	3
4x83D	236	1	D	235		CYS	3
4x83D	237	1	D	236		GLN	3
4x83D	238	1	D	237		ALA	3
4x83D	239	1	D	238		GLN	3
4x83D	240	1	D	239		ALA	3
4x83D	241	1	D	240		PHE	3
4x83D	242	1	D	241		PRO	3
4x83D	243	1	D	242		VAL	3
4x83D	244	1	D	243		PRO	3
4x83D	245	1	D	244		TYR	3
4x83D	246	1	D	245		THR	3
4x83D	247	1	D	246		ARG	3
4x83D	248	1	D	247		TRP	3
4x83D	249	1	D	248		TYR	3
4x83D	250	1	D	249		LYS	3
4x83D	251	1	D	250		PHE	3
4x83D	252	1	D	251		ILE	3
4x83D	253	1	D	252		GLU	3
4x83D	254	1	D	253		GLY	3
4x83D	255	1	D	254		THR	3
4x83D	256	1	D	255		THR	3
4x83D	257	1	D	256		ARG	3
4x83D	258	1	D	257		LYS	3
4x83D	259	1	D	258		GLN	3
4x83D	260	1	D	259		ALA	3
4x83D	261	1	D	260		VAL	3
4x83D	262	1	D	261		VAL	3
4x83D	263	1	D	262		LEU	3
4x83D	264	1	D	263		ASN	3
4x83D	265	1	D	264		ASP	3
4x83D	266	1	D	265		ARG	3
4x83D	267	1	D	266		VAL	3
4x83D	268	1	D	267		LYS	3
4x83D	269	1	D	268		GLN	3
4x83D	270	1	D	269		VAL	3
4x83D	271	1	D	270		SER	3
4x83D	272	1	D	271		GLY	3
4x83D	273	1	D	272		THR	3
4x83D	274	1	D	273		LEU	3
4x83D	275	1	D	274		ILE	3
4x83D	276	1	D	275		ILE	3
4x83D	277	1	D	276		LYS	3
4x83D	278	1	D	277		ASP	3
4x83D	279	1	D	278		ALA	3
4x83D	280	1	D	279		VAL	3
4x83D	281	1	D	280		VAL	3
4x83D	282	1	D	281		GLU	3
4x83D	283	1	D	282		ASP	3
4x83D	284	1	D	283		SER	3
4x83D	285	1	D	284		GLY	3
4x83D	286	1	D	285		LYS	3
4x83D	287	1	D	286		TYR	3
4x83D	288	1	D	287		LEU	3
4x83D	289	1	D	288		CYS	3
4x83D	290	1	D	289		VAL	3
4x83D	291	1	D	290		VAL	3
4x83D	292	1	D	291		ASN	3
4x83D	293	1	D	292		ASN	3
4x83D	294	1	D	293		SER	3
4x83D	295	1	D	294		VAL	3
4x83D	296	1	D	295		GLY	3
4x83D	297	1	D	296		GLY	3
4x83D	298	1	D	297		GLU	3
4x83D	299	1	D	298		SER	3
4x83D	300	1	D	299		VAL	3
4x83D	301	1	D	300		GLU	3
4x83D	302	1	D	301		THR	3
4x83D	303	1	D	302		VAL	3
4x83D	304	1	D	303		LEU	3
4x83D	305	1	D	304		THR	3
4x83D	306	1	D	305		VAL	3
4x83D	307	1	D	306		THR	3
4x83D	308	1	D	307		ALA	3
4x83D	309	1	D	308		PRO	4
4x83D	310	1	D	309		LEU	4
4x83D	311	1	D	310		SER	4
4x83D	312	1	D	311		ALA	4
4x83D	313	1	D	312		LYS	4
4x83D	314	1	D	313		ILE	4
4x83D	315	1	D	314		ASP	4
4x83D	316	1	D	315		PRO	4
4x83D	317	1	D	316		PRO	4
4x83D	318	1	D	317		THR	4
4x83D	319	1	D	318		GLN	4
4x83D	320	1	D	319		THR	4
4x83D	321	1	D	320		VAL	4
4x83D	322	1	D	321		ASP	4
4x83D	323	1	D	322		PHE	4
4x83D	324	1	D	323		GLY	4
4x83D	325	1	D	324		ARG	4
4x83D	326	1	D	325		PRO	4
4x83D	327	1	D	326		ALA	4
4x83D	328	1	D	327		VAL	4
4x83D	329	1	D	328		PHE	4
4x83D	330	1	D	329		THR	4
4x83D	331	1	D	330		CYS	4
4x83D	332	1	D	331		GLN	4
4x83D	333	1	D	332		TYR	4
4x83D	334	1	D	333		THR	4
4x83D	335	1	D	334		GLY	4
4x83D	336	1	D	335		ASN	4
4x83D	337	1	D	336		PRO	4
4x83D	338	1	D	337		ILE	4
4x83D	339	1	D	338		LYS	4
4x83D	340	1	D	339		THR	4
4x83D	341	1	D	340		VAL	4
4x83D	342	1	D	341		SER	4
4x83D	343	1	D	342		TRP	4
4x83D	344	1	D	343		MET	4
4x83D	345	1	D	344		LYS	4
4x83D	346	1	D	345		ASP	4
4x83D	347	1	D	346		GLY	4
4x83D	348	1	D	347		LYS	4
4x83D	349	1	D	348		ALA	4
4x83D	350	1	D	349		ILE	4
4x83D	351	1	D	350		GLY	4
4x83D	352	1	D	351		HIS	4
4x83D	353	1	D	352		SER	4
4x83D	354	1	D	353		GLU	4
4x83D	355	1	D	354		PRO	4
4x83D	356	1	D	355		VAL	4
4x83D	357	1	D	356		LEU	4
4x83D	358	1	D	357		ARG	4
4x83D	359	1	D	358		ILE	4
4x83D	360	1	D	359		GLU	4
4x83D	361	1	D	360		SER	4
4x83D	362	1	D	361		VAL	4
4x83D	363	1	D	362		LYS	4
4x83D	364	1	D	363		LYS	4
4x83D	365	1	D	364		GLU	4
4x83D	366	1	D	365		ASP	4
4x83D	367	1	D	366		LYS	4
4x83D	368	1	D	367		GLY	4
4x83D	369	1	D	368		MET	4
4x83D	370	1	D	369		TYR	4
4x83D	371	1	D	370		GLN	4
4x83D	372	1	D	371		CYS	4
4x83D	373	1	D	372		PHE	4
4x83D	374	1	D	373		VAL	4
4x83D	375	1	D	374		ARG	4
4x83D	376	1	D	375		ASN	4
4x83D	377	1	D	376		ASP	4
4x83D	378	1	D	377		GLN	4
4x83D	379	1	D	378		GLU	4
4x83D	380	1	D	379		SER	4
4x83D	381	1	D	380		ALA	4
4x83D	382	1	D	381		GLU	4
4x83D	383	1	D	382		ALA	4
4x83D	384	1	D	383		SER	4
4x83D	385	1	D	384		ALA	4
4x83D	386	1	D	385		GLU	4
4x83D	387	1	D	386		LEU	4
4x83D	388	1	D	387		LYS	4
4x83D	389	1	D	388		LEU	4
4x83D	390	1	D	389		GLY	4
2ii2A	0	1	A	2		TYR	1
2ii2A	1	1	A	3		GLY	1
2ii2A	2	1	A	4		ASP	1
2ii2A	3	1	A	5		ALA	1
2ii2A	4	1	A	6		ILE	1
2ii2A	5	1	A	7		PRO	1
2ii2A	6	1	A	8		GLU	1
2ii2A	7	1	A	9		VAL	1
2ii2A	8	1	A	10		LYS	1
2ii2A	9	1	A	11		ALA	1
2ii2A	10	1	A	12		ILE	1
2ii2A	11	1	A	13		LEU	1
2ii2A	12	1	A	14		GLU	1
2ii2A	13	1	A	15		ALA	1
2ii2A	14	1	A	16		LYS	1
2ii2A	15	1	A	17		ASN	1
2ii2A	16	1	A	18		GLU	1
2ii2A	17	1	A	19		GLU	1
2ii2A	18	1	A	20		GLU	1
2ii2A	19	1	A	21		LEU	1
2ii2A	20	1	A	22		VAL	1
2ii2A	21	1	A	23		THR	1
2ii2A	22	1	A	24		PHE	1
2ii2A	23	1	A	25		THR	1
2ii2A	24	1	A	26		SER	1
2ii2A	25	1	A	27		ARG	1
2ii2A	26	1	A	28		TRP	1
2ii2A	27	1	A	29		SER	1
2ii2A	28	1	A	30		ALA	1
2ii2A	29	1	A	31		GLU	1
2ii2A	30	1	A	32		GLU	1
2ii2A	31	1	A	33		ARG	1
2ii2A	32	1	A	34		LYS	1
2ii2A	33	1	A	35		GLU	1
2ii2A	34	1	A	36		LEU	1
2ii2A	35	1	A	37		ARG	1
2ii2A	36	1	A	38		THR	1
2ii2A	37	1	A	39		GLN	1
2ii2A	38	1	A	40		PHE	1
2ii2A	39	1	A	41		GLN	1
2ii2A	40	1	A	42		ASP	1
2ii2A	41	1	A	43		THR	1
2ii2A	42	1	A	44		THR	1
2ii2A	43	1	A	45		GLY	1
2ii2A	44	1	A	46		LEU	1
2ii2A	45	1	A	47		GLU	1
2ii2A	46	1	A	48		PHE	1
2ii2A	47	1	A	49		ILE	1
2ii2A	48	1	A	50		ALA	1
2ii2A	49	1	A	51		PHE	1
2ii2A	50	1	A	52		LEU	1
2ii2A	51	1	A	53		LYS	1
2ii2A	52	1	A	54		LYS	1
2ii2A	53	1	A	55		CYS	1
2ii2A	54	1	A	56		ILE	2
2ii2A	55	1	A	57		LYS	2
2ii2A	56	1	A	58		ASN	2
2ii2A	57	1	A	59		GLY	2
2ii2A	58	1	A	60		PRO	2
2ii2A	59	1	A	61		TYR	2
2ii2A	60	1	A	62		GLU	2
2ii2A	61	1	A	63		ASP	2
2ii2A	62	1	A	64		VAL	2
2ii2A	63	1	A	65		MET	2
2ii2A	64	1	A	66		ALA	2
2ii2A	65	1	A	67		LEU	2
2ii2A	66	1	A	68		GLY	2
2ii2A	67	1	A	69		TRP	2
2ii2A	68	1	A	70		ASP	2
2ii2A	69	1	A	71		CYS	2
2ii2A	70	1	A	72		ASN	2
2ii2A	71	1	A	73		ILE	2
2ii2A	72	1	A	74		SER	2
2ii2A	73	1	A	75		ALA	2
2ii2A	74	1	A	76		ARG	2
2ii2A	75	1	A	77		VAL	2
2ii2A	76	1	A	78		ASN	2
2ii2A	77	1	A	79		VAL	2
2ii2A	78	1	A	80		ILE	2
2ii2A	79	1	A	81		LYS	2
2ii2A	80	1	A	82		LYS	2
2ii2A	81	1	A	83		ALA	2
2ii2A	82	1	A	84		MET	2
2ii2A	83	1	A	85		LYS	2
2ii2A	84	1	A	86		ASN	2
2ii2A	85	1	A	87		VAL	2
2ii2A	86	1	A	88		ASN	2
2ii2A	87	1	A	89		ASP	2
2ii2A	88	1	A	90		PHE	2
2ii2A	89	1	A	91		ARG	2
2ii2A	90	1	A	92		ALA	2
2ii2A	91	1	A	93		ILE	2
2ii2A	92	1	A	94		HIS	2
2ii2A	93	1	A	95		ASP	2
2ii2A	94	1	A	96		VAL	2
2ii2A	95	1	A	97		VAL	2
2ii2A	96	1	A	98		LEU	2
2ii2A	97	1	A	99		ILE	2
2ii2A	98	1	A	100		ALA	2
2ii2A	99	1	A	101		THR	2
2ii2A	100	1	A	102		PRO	2
2ii2A	101	1	A	103		ASP	2
2ii2A	102	1	A	104		GLU	2
2ii2A	103	1	A	105		ARG	2
2ii2A	104	1	A	106		LEU	2
2ii2A	105	1	A	107		LYS	2
2ii2A	106	1	A	108		LEU	2
2ii2A	107	1	A	109		ALA	2
2ii2A	108	1	A	110		GLN	2
2ii2A	109	1	A	111		ALA	2
2ii2A	110	1	A	112		TYR	2
2ii2A	111	1	A	113		LYS	2
2ii2A	112	1	A	114		GLU	2
2ii2A	113	1	A	115		LYS	2
2ii2A	114	1	A	116		THR	2
2ii2A	115	1	A	117		GLY	2
2ii2A	116	1	A	118		ASN	2
2ii2A	117	1	A	119		ASP	2
2ii2A	118	1	A	120		LEU	2
2ii2A	119	1	A	121		LEU	2
2ii2A	120	1	A	122		GLN	2
2ii2A	121	1	A	123		ASP	2
2ii2A	122	1	A	124		PHE	2
2ii2A	123	1	A	125		VAL	2
2ii2A	124	1	A	126		ASP	2
2ii2A	125	1	A	127		GLN	2
2ii2A	126	1	A	128		ILE	2
2ii2A	127	1	A	129		PRO	2
2ii2A	128	1	A	130		LEU	2
2ii2A	129	1	A	131		THR	2
2ii2A	130	1	A	132		SER	2
2ii2A	131	1	A	133		ALA	2
2ii2A	132	1	A	134		ALA	2
2ii2A	133	1	A	135		SER	2
2ii2A	134	1	A	136		TYR	2
2ii2A	135	1	A	137		LEU	2
2ii2A	136	1	A	138		CYS	2
2ii2A	137	1	A	139		HIS	2
2ii2A	138	1	A	140		LEU	2
2ii2A	139	1	A	141		ALA	2
2ii2A	140	1	A	142		ILE	2
2ii2A	141	1	A	143		ARG	2
2ii2A	142	1	A	144		GLU	2
2ii2A	143	1	A	145		ASN	2
2ii2A	144	1	A	146		ARG	2
2ii2A	145	1	A	147		THR	2
2ii2A	146	1	A	148		PRO	2
2ii2A	147	1	A	149		ARG	2
2ii2A	148	1	A	150		GLY	2
2ii2A	149	1	A	151		SER	2
2ii2A	150	1	A	152		VAL	2
2ii2A	151	1	A	153		ALA	2
2ii2A	152	1	A	154		SER	2
2ii2A	153	1	A	155		ASP	2
2ii2A	154	1	A	156		ALA	2
2ii2A	155	1	A	157		GLU	2
2ii2A	156	1	A	158		VAL	2
2ii2A	157	1	A	159		LEU	2
2ii2A	158	1	A	160		LYS	2
2ii2A	159	1	A	161		HIS	2
2ii2A	160	1	A	162		ASN	2
2ii2A	161	1	A	163		LEU	2
2ii2A	162	1	A	164		ILE	2
2ii2A	163	1	A	165		ASP	2
2ii2A	164	1	A	166		ALA	2
2ii2A	165	1	A	167		ASP	2
2ii2A	166	1	A	168		GLU	2
2ii2A	167	1	A	169		PRO	2
2ii2A	168	1	A	170		ASP	2
2ii2A	169	1	A	171		HIS	2
2ii2A	170	1	A	172		GLU	2
2ii2A	171	1	A	173		ALA	2
2ii2A	172	1	A	174		VAL	2
2ii2A	173	1	A	175		VAL	2
2ii2A	174	1	A	176		ARG	2
2ii2A	175	1	A	177		LEU	2
2ii2A	176	1	A	178		ILE	2
2ii2A	177	1	A	179		ILE	2
2ii2A	178	1	A	180		THR	2
2ii2A	179	1	A	181		SER	2
2ii2A	180	1	A	182		THR	2
2ii2A	181	1	A	183		ALA	2
2ii2A	182	1	A	184		ASP	2
2ii2A	183	1	A	185		GLU	2
2ii2A	184	1	A	186		TYR	2
2ii2A	185	1	A	187		LYS	2
2ii2A	186	1	A	188		GLU	2
2ii2A	187	1	A	189		ILE	2
2ii2A	188	1	A	190		ASN	2
2ii2A	189	1	A	191		HIS	2
2ii2A	190	1	A	192		ARG	2
2ii2A	191	1	A	193		PHE	2
2ii2A	192	1	A	194		GLU	2
2ii2A	193	1	A	195		VAL	2
2ii2A	194	1	A	196		LEU	2
2ii2A	195	1	A	197		THR	2
2ii2A	196	1	A	198		GLY	2
2ii2A	197	1	A	199		LYS	2
2ii2A	198	1	A	200		SER	2
2ii2A	199	1	A	201		VAL	2
2ii2A	200	1	A	202		GLN	2
2ii2A	201	1	A	203		GLU	2
2ii2A	202	1	A	204		ALA	2
2ii2A	203	1	A	205		ILE	2
2ii2A	204	1	A	206		GLU	2
2ii2A	205	1	A	207		THR	2
2ii2A	206	1	A	208		ARG	2
2ii2A	207	1	A	209		TYR	2
2ii2A	208	1	A	210		ALA	2
2ii2A	209	1	A	211		ASP	2
2ii2A	210	1	A	212		LYS	2
2ii2A	211	1	A	213		GLU	2
2ii2A	212	1	A	214		ASN	2
2ii2A	213	1	A	215		ALA	2
2ii2A	214	1	A	216		ARG	2
2ii2A	215	1	A	217		GLY	2
2ii2A	216	1	A	218		LEU	2
2ii2A	217	1	A	219		CYS	2
2ii2A	218	1	A	220		ILE	2
2ii2A	219	1	A	221		ALA	2
2ii2A	220	1	A	222		HIS	2
2ii2A	221	1	A	223		TYR	2
2ii2A	222	1	A	224		TYR	2
2ii2A	223	1	A	225		ASN	2
2ii2A	224	1	A	226		LEU	2
2ii2A	225	1	A	227		ALA	2
2ii2A	226	1	A	228		PRO	2
2ii2A	227	1	A	229		ALA	2
2ii2A	228	1	A	230		ARG	2
2ii2A	229	1	A	231		ALA	2
2ii2A	230	1	A	232		VAL	2
2ii2A	231	1	A	233		ALA	2
2ii2A	232	1	A	234		TYR	2
2ii2A	233	1	A	235		ALA	2
2ii2A	234	1	A	236		PHE	2
2ii2A	235	1	A	237		HIS	2
2ii2A	236	1	A	238		SER	2
2ii2A	237	1	A	239		ALA	2
2ii2A	238	1	A	240		VAL	2
2ii2A	239	1	A	241		GLU	2
2ii2A	240	1	A	242		THR	2
2ii2A	241	1	A	243		GLN	2
2ii2A	242	1	A	244		ASN	2
2ii2A	243	1	A	245		ASP	2
2ii2A	244	1	A	246		ASP	2
2ii2A	245	1	A	247		MET	2
2ii2A	246	1	A	248		ALA	2
2ii2A	247	1	A	249		TYR	2
2ii2A	248	1	A	250		GLU	2
2ii2A	249	1	A	251		GLN	2
2ii2A	250	1	A	252		ALA	2
2ii2A	251	1	A	253		ALA	2
2ii2A	252	1	A	254		ARG	2
2ii2A	253	1	A	255		ILE	2
2ii2A	254	1	A	256		THR	2
2ii2A	255	1	A	257		GLY	2
2ii2A	256	1	A	258		LEU	2
2ii2A	257	1	A	259		PHE	2
2ii2A	258	1	A	260		HIS	2
2ii2A	259	1	A	261		ASP	2
2ii2A	260	1	A	262		LEU	2
2ii2A	261	1	A	263		HIS	2
2ii2A	262	1	A	264		LYS	2
2ii2A	263	1	A	265		PHE	2
2ii2A	264	1	A	266		ALA	2
2ii2A	265	1	A	267		TRP	2
2ii2A	266	1	A	268		VAL	2
2ii2A	267	1	A	269		HIS	2
2ii2A	268	1	A	270		TYR	2
2ii2A	269	1	A	271		ALA	2
2ii2A	270	1	A	272		CYS	2
2ii2A	271	1	A	273		TRP	2
2ii2A	272	1	A	274		GLY	2
2ii2A	273	1	A	275		VAL	2
2ii2A	274	1	A	276		MET	2
2ii2A	275	1	A	277		ARG	2
2ii2A	276	1	A	278		ASP	2
2ii2A	277	1	A	279		ASP	2
2ii2A	278	1	A	280		ILE	2
2ii2A	279	1	A	281		LEU	2
2ii2A	280	1	A	282		SER	2
2ii2A	281	1	A	283		ARG	2
2ii2A	282	1	A	284		PHE	2
2ii2A	283	1	A	285		GLN	2
2ii2A	284	1	A	286		SER	2
2ii2A	285	1	A	287		LYS	2
2ii2A	286	1	A	288		GLU	2
2ii2A	287	1	A	289		ALA	2
2ii2A	288	1	A	290		ASN	2
2ii2A	289	1	A	291		LYS	2
2ii2A	290	1	A	292		VAL	2
2ii2A	291	1	A	293		ASN	2
2ii2A	292	1	A	294		PHE	2
2ii2A	293	1	A	295		ARG	2
2ii2A	294	1	A	296		ASP	2
2ii2A	295	1	A	297		ALA	2
2ii2A	296	1	A	298		CYS	2
2ii2A	297	1	A	299		LEU	2
2ii2A	298	1	A	300		MET	2
2ii2A	299	1	A	301		PHE	2
2ii2A	300	1	A	302		TRP	2
2ii2A	301	1	A	303		LYS	2
2ii2A	302	1	A	304		LEU	2
2ii2A	303	1	A	305		ALA	2
1svbA	0	1	A	1		SER	1
1svbA	1	1	A	2		ARG	1
1svbA	2	1	A	3		CYS	1
1svbA	3	1	A	4		THR	1
1svbA	4	1	A	5		HIS	1
1svbA	5	1	A	6		LEU	1
1svbA	6	1	A	7		GLU	1
1svbA	7	1	A	8		ASN	1
1svbA	8	1	A	9		ARG	1
1svbA	9	1	A	10		ASP	1
1svbA	10	1	A	11		PHE	1
1svbA	11	1	A	12		VAL	1
1svbA	12	1	A	13		THR	1
1svbA	13	1	A	14		GLY	1
1svbA	14	1	A	15		THR	1
1svbA	15	1	A	16		GLN	1
1svbA	16	1	A	17		GLY	1
1svbA	17	1	A	18		THR	1
1svbA	18	1	A	19		THR	1
1svbA	19	1	A	20		ARG	1
1svbA	20	1	A	21		VAL	1
1svbA	21	1	A	22		THR	1
1svbA	22	1	A	23		LEU	1
1svbA	23	1	A	24		VAL	1
1svbA	24	1	A	25		LEU	1
1svbA	25	1	A	26		GLU	1
1svbA	26	1	A	27		LEU	1
1svbA	27	1	A	28		GLY	1
1svbA	28	1	A	29		GLY	1
1svbA	29	1	A	30		CYS	1
1svbA	30	1	A	31		VAL	1
1svbA	31	1	A	32		THR	1
1svbA	32	1	A	33		ILE	1
1svbA	33	1	A	34		THR	1
1svbA	34	1	A	35		ALA	1
1svbA	35	1	A	36		GLU	1
1svbA	36	1	A	37		GLY	1
1svbA	37	1	A	38		LYS	1
1svbA	38	1	A	39		PRO	1
1svbA	39	1	A	40		SER	1
1svbA	40	1	A	41		MET	1
1svbA	41	1	A	42		ASP	1
1svbA	42	1	A	43		VAL	1
1svbA	43	1	A	44		TRP	1
1svbA	44	1	A	45		LEU	1
1svbA	45	1	A	46		ASP	1
1svbA	46	1	A	47		ALA	1
1svbA	47	1	A	48		ILE	1
1svbA	48	1	A	49		TYR	1
1svbA	49	1	A	50		GLN	1
1svbA	50	1	A	51		GLU	1
1svbA	51	1	A	52		ASN	1
1svbA	52	1	A	53		PRO	1
1svbA	53	1	A	54		ALA	1
1svbA	54	1	A	55		LYS	1
1svbA	55	1	A	56		THR	1
1svbA	56	1	A	57		ARG	1
1svbA	57	1	A	58		GLU	1
1svbA	58	1	A	59		TYR	1
1svbA	59	1	A	60		CYS	1
1svbA	60	1	A	61		LEU	1
1svbA	61	1	A	62		HIS	1
1svbA	62	1	A	63		ALA	1
1svbA	63	1	A	64		LYS	1
1svbA	64	1	A	65		LEU	1
1svbA	65	1	A	66		SER	1
1svbA	66	1	A	67		ASP	1
1svbA	67	1	A	68		THR	1
1svbA	68	1	A	69		LYS	1
1svbA	69	1	A	70		VAL	1
1svbA	70	1	A	71		ALA	1
1svbA	71	1	A	72		ALA	1
1svbA	72	1	A	73		ARG	1
1svbA	73	1	A	74		CYS	1
1svbA	74	1	A	75		PRO	1
1svbA	75	1	A	76		THR	1
1svbA	76	1	A	77		MET	1
1svbA	77	1	A	78		GLY	1
1svbA	78	1	A	79		PRO	1
1svbA	79	1	A	80		ALA	1
1svbA	80	1	A	81		THR	1
1svbA	81	1	A	82		LEU	1
1svbA	82	1	A	83		ALA	1
1svbA	83	1	A	84		GLU	1
1svbA	84	1	A	85		GLU	1
1svbA	85	1	A	86		HIS	1
1svbA	86	1	A	87		GLN	1
1svbA	87	1	A	88		GLY	1
1svbA	88	1	A	89		GLY	1
1svbA	89	1	A	90		THR	1
1svbA	90	1	A	91		VAL	1
1svbA	91	1	A	92		CYS	1
1svbA	92	1	A	93		LYS	1
1svbA	93	1	A	94		ARG	1
1svbA	94	1	A	95		ASP	1
1svbA	95	1	A	96		GLN	1
1svbA	96	1	A	97		SER	1
1svbA	97	1	A	98		ASP	1
1svbA	98	1	A	99		ARG	1
1svbA	99	1	A	100		GLY	1
1svbA	100	1	A	101		TRP	1
1svbA	101	1	A	102		GLY	1
1svbA	102	1	A	103		ASN	1
1svbA	103	1	A	104		HIS	1
1svbA	104	1	A	105		CYS	1
1svbA	105	1	A	106		GLY	1
1svbA	106	1	A	107		LEU	1
1svbA	107	1	A	108		PHE	1
1svbA	108	1	A	109		GLY	1
1svbA	109	1	A	110		LYS	1
1svbA	110	1	A	111		GLY	1
1svbA	111	1	A	112		SER	1
1svbA	112	1	A	113		ILE	1
1svbA	113	1	A	114		VAL	1
1svbA	114	1	A	115		ALA	1
1svbA	115	1	A	116		CYS	1
1svbA	116	1	A	117		VAL	1
1svbA	117	1	A	118		LYS	1
1svbA	118	1	A	119		ALA	1
1svbA	119	1	A	120		ALA	1
1svbA	120	1	A	121		CYS	1
1svbA	121	1	A	122		GLU	1
1svbA	122	1	A	123		ALA	1
1svbA	123	1	A	124		LYS	1
1svbA	124	1	A	125		LYS	1
1svbA	125	1	A	126		LYS	1
1svbA	126	1	A	127		ALA	1
1svbA	127	1	A	128		THR	1
1svbA	128	1	A	129		GLY	1
1svbA	129	1	A	130		HIS	1
1svbA	130	1	A	131		VAL	1
1svbA	131	1	A	132		TYR	1
1svbA	132	1	A	133		ASP	1
1svbA	133	1	A	134		ALA	1
1svbA	134	1	A	135		ASN	1
1svbA	135	1	A	136		LYS	1
1svbA	136	1	A	137		ILE	1
1svbA	137	1	A	138		VAL	1
1svbA	138	1	A	139		TYR	1
1svbA	139	1	A	140		THR	1
1svbA	140	1	A	141		VAL	1
1svbA	141	1	A	142		LYS	1
1svbA	142	1	A	143		VAL	1
1svbA	143	1	A	144		GLU	1
1svbA	144	1	A	145		PRO	1
1svbA	145	1	A	146		HIS	1
1svbA	146	1	A	147		THR	1
1svbA	147	1	A	148		GLY	1
1svbA	148	1	A	149		ASP	1
1svbA	149	1	A	150		TYR	1
1svbA	150	1	A	151		VAL	1
1svbA	151	1	A	152		ALA	1
1svbA	152	1	A	153		ALA	1
1svbA	153	1	A	154		ASN	1
1svbA	154	1	A	155		GLU	1
1svbA	155	1	A	156		THR	1
1svbA	156	1	A	157		HIS	1
1svbA	157	1	A	158		SER	1
1svbA	158	1	A	159		GLY	1
1svbA	159	1	A	160		ARG	1
1svbA	160	1	A	161		LYS	1
1svbA	161	1	A	162		THR	1
1svbA	162	1	A	163		ALA	1
1svbA	163	1	A	164		SER	1
1svbA	164	1	A	165		PHE	1
1svbA	165	1	A	166		THR	1
1svbA	166	1	A	167		ILE	1
1svbA	167	1	A	168		SER	1
1svbA	168	1	A	169		SER	1
1svbA	169	1	A	170		GLU	1
1svbA	170	1	A	171		LYS	1
1svbA	171	1	A	172		THR	1
1svbA	172	1	A	173		ILE	1
1svbA	173	1	A	174		LEU	1
1svbA	174	1	A	175		THR	1
1svbA	175	1	A	176		MET	1
1svbA	176	1	A	177		GLY	1
1svbA	177	1	A	178		GLU	1
1svbA	178	1	A	179		TYR	1
1svbA	179	1	A	180		GLY	1
1svbA	180	1	A	181		ASP	1
1svbA	181	1	A	182		VAL	1
1svbA	182	1	A	183		SER	1
1svbA	183	1	A	184		LEU	1
1svbA	184	1	A	185		LEU	1
1svbA	185	1	A	186		CYS	1
1svbA	186	1	A	187		ARG	1
1svbA	187	1	A	188		VAL	1
1svbA	188	1	A	189		ALA	1
1svbA	189	1	A	190		SER	1
1svbA	190	1	A	191		GLY	1
1svbA	191	1	A	192		VAL	1
1svbA	192	1	A	193		ASP	1
1svbA	193	1	A	194		LEU	1
1svbA	194	1	A	195		ALA	1
1svbA	195	1	A	196		GLN	1
1svbA	196	1	A	197		THR	1
1svbA	197	1	A	198		VAL	1
1svbA	198	1	A	199		ILE	1
1svbA	199	1	A	200		LEU	1
1svbA	200	1	A	201		GLU	1
1svbA	201	1	A	202		LEU	1
1svbA	202	1	A	203		ASP	1
1svbA	203	1	A	204		LYS	1
1svbA	204	1	A	205		THR	1
1svbA	205	1	A	206		VAL	1
1svbA	206	1	A	207		GLU	1
1svbA	207	1	A	208		HIS	1
1svbA	208	1	A	209		LEU	1
1svbA	209	1	A	210		PRO	1
1svbA	210	1	A	211		THR	1
1svbA	211	1	A	212		ALA	1
1svbA	212	1	A	213		TRP	1
1svbA	213	1	A	214		GLN	1
1svbA	214	1	A	215		VAL	1
1svbA	215	1	A	216		HIS	1
1svbA	216	1	A	217		ARG	1
1svbA	217	1	A	218		ASP	1
1svbA	218	1	A	219		TRP	1
1svbA	219	1	A	220		PHE	1
1svbA	220	1	A	221		ASN	1
1svbA	221	1	A	222		ASP	1
1svbA	222	1	A	223		LEU	1
1svbA	223	1	A	224		ALA	1
1svbA	224	1	A	225		LEU	1
1svbA	225	1	A	226		PRO	1
1svbA	226	1	A	227		TRP	1
1svbA	227	1	A	228		LYS	1
1svbA	228	1	A	229		HIS	1
1svbA	229	1	A	230		GLU	1
1svbA	230	1	A	231		GLY	1
1svbA	231	1	A	232		ALA	1
1svbA	232	1	A	233		GLN	1
1svbA	233	1	A	234		ASN	1
1svbA	234	1	A	235		TRP	1
1svbA	235	1	A	236		ASN	1
1svbA	236	1	A	237		ASN	1
1svbA	237	1	A	238		ALA	1
1svbA	238	1	A	239		GLU	1
1svbA	239	1	A	240		ARG	1
1svbA	240	1	A	241		LEU	1
1svbA	241	1	A	242		VAL	1
1svbA	242	1	A	243		GLU	1
1svbA	243	1	A	244		PHE	1
1svbA	244	1	A	245		GLY	1
1svbA	245	1	A	246		ALA	1
1svbA	246	1	A	247		PRO	1
1svbA	247	1	A	248		HIS	1
1svbA	248	1	A	249		ALA	1
1svbA	249	1	A	250		VAL	1
1svbA	250	1	A	251		LYS	1
1svbA	251	1	A	252		MET	1
1svbA	252	1	A	253		ASP	1
1svbA	253	1	A	254		VAL	1
1svbA	254	1	A	255		TYR	1
1svbA	255	1	A	256		ASN	1
1svbA	256	1	A	257		LEU	1
1svbA	257	1	A	258		GLY	1
1svbA	258	1	A	259		ASP	1
1svbA	259	1	A	260		GLN	1
1svbA	260	1	A	261		THR	1
1svbA	261	1	A	262		GLY	1
1svbA	262	1	A	263		VAL	1
1svbA	263	1	A	264		LEU	1
1svbA	264	1	A	265		LEU	1
1svbA	265	1	A	266		LYS	1
1svbA	266	1	A	267		ALA	1
1svbA	267	1	A	268		LEU	1
1svbA	268	1	A	269		ALA	1
1svbA	269	1	A	270		GLY	1
1svbA	270	1	A	271		VAL	1
1svbA	271	1	A	272		PRO	1
1svbA	272	1	A	273		VAL	1
1svbA	273	1	A	274		ALA	1
1svbA	274	1	A	275		HIS	1
1svbA	275	1	A	276		ILE	1
1svbA	276	1	A	277		GLU	1
1svbA	277	1	A	278		GLY	1
1svbA	278	1	A	279		THR	1
1svbA	279	1	A	280		LYS	1
1svbA	280	1	A	281		TYR	1
1svbA	281	1	A	282		HIS	1
1svbA	282	1	A	283		LEU	1
1svbA	283	1	A	284		LYS	1
1svbA	284	1	A	285		SER	1
1svbA	285	1	A	286		GLY	1
1svbA	286	1	A	287		HIS	1
1svbA	287	1	A	288		VAL	1
1svbA	288	1	A	289		THR	1
1svbA	289	1	A	290		CYS	1
1svbA	290	1	A	291		GLU	1
1svbA	291	1	A	292		VAL	1
1svbA	292	1	A	293		GLY	1
1svbA	293	1	A	294		LEU	1
1svbA	294	1	A	295		GLU	1
1svbA	295	1	A	296		LYS	1
1svbA	296	1	A	297		LEU	1
1svbA	297	1	A	298		LYS	1
1svbA	298	1	A	299		MET	1
1svbA	299	1	A	300		LYS	1
1svbA	300	1	A	301		GLY	2
1svbA	301	1	A	302		LEU	2
1svbA	302	1	A	303		THR	2
1svbA	303	1	A	304		TYR	2
1svbA	304	1	A	305		THR	2
1svbA	305	1	A	306		MET	2
1svbA	306	1	A	307		CYS	2
1svbA	307	1	A	308		ASP	2
1svbA	308	1	A	309		LYS	2
1svbA	309	1	A	310		THR	2
1svbA	310	1	A	311		LYS	2
1svbA	311	1	A	312		PHE	2
1svbA	312	1	A	313		THR	2
1svbA	313	1	A	314		TRP	2
1svbA	314	1	A	315		LYS	2
1svbA	315	1	A	316		ARG	2
1svbA	316	1	A	317		ALA	2
1svbA	317	1	A	318		PRO	2
1svbA	318	1	A	319		THR	2
1svbA	319	1	A	320		ASP	2
1svbA	320	1	A	321		SER	2
1svbA	321	1	A	322		GLY	2
1svbA	322	1	A	323		HIS	2
1svbA	323	1	A	324		ASP	2
1svbA	324	1	A	325		THR	2
1svbA	325	1	A	326		VAL	2
1svbA	326	1	A	327		VAL	2
1svbA	327	1	A	328		MET	2
1svbA	328	1	A	329		GLU	2
1svbA	329	1	A	330		VAL	2
1svbA	330	1	A	331		THR	2
1svbA	331	1	A	332		PHE	2
1svbA	332	1	A	333		SER	2
1svbA	333	1	A	334		GLY	2
1svbA	334	1	A	335		THR	2
1svbA	335	1	A	336		LYS	2
1svbA	336	1	A	337		PRO	2
1svbA	337	1	A	338		CYS	2
1svbA	338	1	A	339		ARG	2
1svbA	339	1	A	340		ILE	2
1svbA	340	1	A	341		PRO	2
1svbA	341	1	A	342		VAL	2
1svbA	342	1	A	343		ARG	2
1svbA	343	1	A	344		ALA	2
1svbA	344	1	A	345		VAL	2
1svbA	345	1	A	346		ALA	2
1svbA	346	1	A	347		HIS	2
1svbA	347	1	A	348		GLY	2
1svbA	348	1	A	349		SER	2
1svbA	349	1	A	350		PRO	2
1svbA	350	1	A	351		ASP	2
1svbA	351	1	A	352		VAL	2
1svbA	352	1	A	353		ASN	2
1svbA	353	1	A	354		VAL	2
1svbA	354	1	A	355		ALA	2
1svbA	355	1	A	356		MET	2
1svbA	356	1	A	357		LEU	2
1svbA	357	1	A	358		ILE	2
1svbA	358	1	A	359		THR	2
1svbA	359	1	A	360		PRO	2
1svbA	360	1	A	361		ASN	2
1svbA	361	1	A	362		PRO	2
1svbA	362	1	A	363		THR	2
1svbA	363	1	A	364		ILE	2
1svbA	364	1	A	365		GLU	2
1svbA	365	1	A	366		ASN	2
1svbA	366	1	A	367		ASN	2
1svbA	367	1	A	368		GLY	2
1svbA	368	1	A	369		GLY	2
1svbA	369	1	A	370		GLY	2
1svbA	370	1	A	371		PHE	2
1svbA	371	1	A	372		ILE	2
1svbA	372	1	A	373		GLU	2
1svbA	373	1	A	374		MET	2
1svbA	374	1	A	375		GLN	2
1svbA	375	1	A	376		LEU	2
1svbA	376	1	A	377		PRO	2
1svbA	377	1	A	378		PRO	2
1svbA	378	1	A	379		GLY	2
1svbA	379	1	A	380		ASP	2
1svbA	380	1	A	381		ASN	2
1svbA	381	1	A	382		ILE	2
1svbA	382	1	A	383		ILE	2
1svbA	383	1	A	384		TYR	2
1svbA	384	1	A	385		VAL	2
1svbA	385	1	A	386		GLY	2
1svbA	386	1	A	387		GLU	2
1svbA	387	1	A	388		LEU	2
1svbA	388	1	A	389		SER	2
1svbA	389	1	A	390		HIS	2
1svbA	390	1	A	391		GLN	2
1svbA	391	1	A	392		TRP	2
1svbA	392	1	A	393		PHE	2
1svbA	393	1	A	394		GLN	2
1svbA	394	1	A	395		LYS	2
6fhkA	0	1	A	4		ALA	1
6fhkA	1	1	A	5		ALA	1
6fhkA	2	1	A	6		ALA	1
6fhkA	3	1	A	7		ILE	1
6fhkA	4	1	A	8		GLY	1
6fhkA	5	1	A	9		ILE	1
6fhkA	6	1	A	10		ASP	1
6fhkA	7	1	A	11		LEU	1
6fhkA	8	1	A	12		GLY	1
6fhkA	9	1	A	13		THR	1
6fhkA	10	1	A	14		THR	1
6fhkA	11	1	A	15		TYR	1
6fhkA	12	1	A	16		SER	1
6fhkA	13	1	A	17		CYS	1
6fhkA	14	1	A	18		VAL	1
6fhkA	15	1	A	19		GLY	1
6fhkA	16	1	A	20		VAL	1
6fhkA	17	1	A	21		PHE	1
6fhkA	18	1	A	22		GLN	1
6fhkA	19	1	A	23		HIS	1
6fhkA	20	1	A	24		GLY	1
6fhkA	21	1	A	25		LYS	1
6fhkA	22	1	A	26		VAL	1
6fhkA	23	1	A	27		GLU	1
6fhkA	24	1	A	28		ILE	1
6fhkA	25	1	A	29		ILE	1
6fhkA	26	1	A	30		ALA	1
6fhkA	27	1	A	31		ASN	1
6fhkA	28	1	A	32		ASP	1
6fhkA	29	1	A	33		GLN	1
6fhkA	30	1	A	34		GLY	1
6fhkA	31	1	A	35		ASN	1
6fhkA	32	1	A	36		ARG	1
6fhkA	33	1	A	37		THR	1
6fhkA	34	1	A	38		THR	1
6fhkA	35	1	A	39		PRO	1
6fhkA	36	1	A	40		SER	1
6fhkA	37	1	A	41		TYR	3
6fhkA	38	1	A	42		VAL	3
6fhkA	39	1	A	43		ALA	3
6fhkA	40	1	A	44		PHE	3
6fhkA	41	1	A	45		THR	3
6fhkA	42	1	A	46		ASP	3
6fhkA	43	1	A	47		THR	3
6fhkA	44	1	A	48		GLU	3
6fhkA	45	1	A	49		ARG	3
6fhkA	46	1	A	50		LEU	3
6fhkA	47	1	A	51		ILE	3
6fhkA	48	1	A	52		GLY	3
6fhkA	49	1	A	53		ASP	3
6fhkA	50	1	A	54		ALA	3
6fhkA	51	1	A	55		ALA	3
6fhkA	52	1	A	56		LYS	3
6fhkA	53	1	A	57		ASN	3
6fhkA	54	1	A	58		GLN	3
6fhkA	55	1	A	59		VAL	3
6fhkA	56	1	A	60		ALA	3
6fhkA	57	1	A	61		LEU	3
6fhkA	58	1	A	62		ASN	3
6fhkA	59	1	A	63		PRO	3
6fhkA	60	1	A	64		GLN	3
6fhkA	61	1	A	65		ASN	3
6fhkA	62	1	A	67		VAL	3
6fhkA	63	1	A	68		PHE	3
6fhkA	64	1	A	69		ASP	3
6fhkA	65	1	A	70		ALA	3
6fhkA	66	1	A	71		LYS	3
6fhkA	67	1	A	72		ARG	3
6fhkA	68	1	A	73		LEU	3
6fhkA	69	1	A	74		ILE	3
6fhkA	70	1	A	75		GLY	3
6fhkA	71	1	A	76		ARG	3
6fhkA	72	1	A	77		LYS	3
6fhkA	73	1	A	78		PHE	3
6fhkA	74	1	A	79		GLY	3
6fhkA	75	1	A	80		ASP	3
6fhkA	76	1	A	81		PRO	3
6fhkA	77	1	A	82		VAL	3
6fhkA	78	1	A	83		VAL	3
6fhkA	79	1	A	84		GLN	3
6fhkA	80	1	A	85		SER	3
6fhkA	81	1	A	86		ASP	3
6fhkA	82	1	A	87		MET	3
6fhkA	83	1	A	88		LYS	3
6fhkA	84	1	A	89		HIS	3
6fhkA	85	1	A	90		TRP	3
6fhkA	86	1	A	91		PRO	3
6fhkA	87	1	A	92		PHE	3
6fhkA	88	1	A	93		GLN	3
6fhkA	89	1	A	94		VAL	3
6fhkA	90	1	A	95		ILE	3
6fhkA	91	1	A	96		ASN	3
6fhkA	92	1	A	97		ASP	3
6fhkA	93	1	A	98		GLY	3
6fhkA	94	1	A	99		ASP	3
6fhkA	95	1	A	100		LYS	3
6fhkA	96	1	A	101		PRO	3
6fhkA	97	1	A	102		LYS	3
6fhkA	98	1	A	103		VAL	3
6fhkA	99	1	A	104		GLN	3
6fhkA	100	1	A	105		VAL	3
6fhkA	101	1	A	106		SER	3
6fhkA	102	1	A	107		TYR	3
6fhkA	103	1	A	108		LYS	3
6fhkA	104	1	A	109		GLY	3
6fhkA	105	1	A	110		GLU	3
6fhkA	106	1	A	111		THR	3
6fhkA	107	1	A	112		LYS	3
6fhkA	108	1	A	113		ALA	3
6fhkA	109	1	A	114		PHE	3
6fhkA	110	1	A	115		TYR	3
6fhkA	111	1	A	116		PRO	3
6fhkA	112	1	A	117		GLU	3
6fhkA	113	1	A	118		GLU	3
6fhkA	114	1	A	119		ILE	3
6fhkA	115	1	A	120		SER	1
6fhkA	116	1	A	121		SER	1
6fhkA	117	1	A	122		MET	1
6fhkA	118	1	A	123		VAL	1
6fhkA	119	1	A	124		LEU	1
6fhkA	120	1	A	125		THR	1
6fhkA	121	1	A	126		LYS	1
6fhkA	122	1	A	127		MET	1
6fhkA	123	1	A	128		LYS	1
6fhkA	124	1	A	129		GLU	1
6fhkA	125	1	A	130		ILE	1
6fhkA	126	1	A	131		ALA	1
6fhkA	127	1	A	132		GLU	1
6fhkA	128	1	A	133		ALA	1
6fhkA	129	1	A	134		TYR	1
6fhkA	130	1	A	135		LEU	1
6fhkA	131	1	A	136		GLY	1
6fhkA	132	1	A	137		TYR	1
6fhkA	133	1	A	138		PRO	1
6fhkA	134	1	A	139		VAL	1
6fhkA	135	1	A	140		THR	1
6fhkA	136	1	A	141		ASN	1
6fhkA	137	1	A	142		ALA	1
6fhkA	138	1	A	143		VAL	1
6fhkA	139	1	A	144		ILE	1
6fhkA	140	1	A	145		THR	1
6fhkA	141	1	A	146		VAL	1
6fhkA	142	1	A	147		PRO	1
6fhkA	143	1	A	148		ALA	1
6fhkA	144	1	A	149		TYR	1
6fhkA	145	1	A	150		PHE	1
6fhkA	146	1	A	151		ASN	1
6fhkA	147	1	A	152		ASP	1
6fhkA	148	1	A	153		SER	1
6fhkA	149	1	A	154		GLN	1
6fhkA	150	1	A	155		ARG	1
6fhkA	151	1	A	156		GLN	1
6fhkA	152	1	A	157		ALA	1
6fhkA	153	1	A	158		THR	1
6fhkA	154	1	A	159		LYS	1
6fhkA	155	1	A	160		ASP	1
6fhkA	156	1	A	161		ALA	1
6fhkA	157	1	A	162		GLY	1
6fhkA	158	1	A	163		VAL	1
6fhkA	159	1	A	164		ILE	1
6fhkA	160	1	A	165		ALA	1
6fhkA	161	1	A	166		GLY	1
6fhkA	162	1	A	167		LEU	1
6fhkA	163	1	A	168		ASN	1
6fhkA	164	1	A	169		VAL	1
6fhkA	165	1	A	170		LEU	1
6fhkA	166	1	A	171		ARG	1
6fhkA	167	1	A	172		ILE	1
6fhkA	168	1	A	173		ILE	1
6fhkA	169	1	A	174		ASN	1
6fhkA	170	1	A	175		GLU	1
6fhkA	171	1	A	176		PRO	1
6fhkA	172	1	A	177		THR	1
6fhkA	173	1	A	178		ALA	1
6fhkA	174	1	A	179		ALA	2
6fhkA	175	1	A	180		ALA	2
6fhkA	176	1	A	181		ILE	2
6fhkA	177	1	A	182		ALA	2
6fhkA	178	1	A	183		TYR	2
6fhkA	179	1	A	184		GLY	2
6fhkA	180	1	A	185		LEU	2
6fhkA	181	1	A	186		ASP	2
6fhkA	182	1	A	187		ARG	2
6fhkA	183	1	A	188		THR	2
6fhkA	184	1	A	189		GLY	2
6fhkA	185	1	A	190		LYS	2
6fhkA	186	1	A	191		GLY	2
6fhkA	187	1	A	192		GLU	2
6fhkA	188	1	A	193		ARG	2
6fhkA	189	1	A	194		ASN	2
6fhkA	190	1	A	195		VAL	2
6fhkA	191	1	A	196		LEU	2
6fhkA	192	1	A	197		ILE	2
6fhkA	193	1	A	198		PHE	2
6fhkA	194	1	A	199		ASP	2
6fhkA	195	1	A	200		LEU	2
6fhkA	196	1	A	201		GLY	2
6fhkA	197	1	A	202		GLY	2
6fhkA	198	1	A	203		GLY	2
6fhkA	199	1	A	204		THR	2
6fhkA	200	1	A	205		PHE	2
6fhkA	201	1	A	206		ASP	2
6fhkA	202	1	A	207		VAL	2
6fhkA	203	1	A	208		SER	2
6fhkA	204	1	A	209		ILE	2
6fhkA	205	1	A	210		LEU	2
6fhkA	206	1	A	211		THR	2
6fhkA	207	1	A	212		ILE	2
6fhkA	208	1	A	213		ASP	2
6fhkA	209	1	A	214		ASP	2
6fhkA	210	1	A	215		GLY	2
6fhkA	211	1	A	216		ILE	2
6fhkA	212	1	A	217		PHE	2
6fhkA	213	1	A	218		GLU	2
6fhkA	214	1	A	219		VAL	2
6fhkA	215	1	A	220		LYS	2
6fhkA	216	1	A	221		ALA	2
6fhkA	217	1	A	222		THR	2
6fhkA	218	1	A	223		ALA	2
6fhkA	219	1	A	224		GLY	2
6fhkA	220	1	A	225		ASP	2
6fhkA	221	1	A	226		THR	2
6fhkA	222	1	A	227		HIS	2
6fhkA	223	1	A	228		LEU	2
6fhkA	224	1	A	229		GLY	4
6fhkA	225	1	A	230		GLY	4
6fhkA	226	1	A	231		GLU	4
6fhkA	227	1	A	232		ASP	4
6fhkA	228	1	A	233		PHE	4
6fhkA	229	1	A	234		ASP	4
6fhkA	230	1	A	235		ASN	4
6fhkA	231	1	A	236		ARG	4
6fhkA	232	1	A	237		LEU	4
6fhkA	233	1	A	238		VAL	4
6fhkA	234	1	A	239		ASN	4
6fhkA	235	1	A	240		HIS	4
6fhkA	236	1	A	241		PHE	4
6fhkA	237	1	A	242		VAL	4
6fhkA	238	1	A	243		GLU	4
6fhkA	239	1	A	244		GLU	4
6fhkA	240	1	A	245		PHE	4
6fhkA	241	1	A	246		LYS	4
6fhkA	242	1	A	247		ARG	4
6fhkA	243	1	A	248		LYS	4
6fhkA	244	1	A	249		HIS	4
6fhkA	245	1	A	250		LYS	4
6fhkA	246	1	A	251		LYS	4
6fhkA	247	1	A	252		ASP	4
6fhkA	248	1	A	253		ILE	4
6fhkA	249	1	A	254		SER	4
6fhkA	250	1	A	255		GLN	4
6fhkA	251	1	A	256		ASN	4
6fhkA	252	1	A	257		LYS	4
6fhkA	253	1	A	258		ARG	4
6fhkA	254	1	A	259		ALA	4
6fhkA	255	1	A	260		VAL	4
6fhkA	256	1	A	261		ARG	4
6fhkA	257	1	A	262		ARG	4
6fhkA	258	1	A	263		LEU	4
6fhkA	259	1	A	264		ARG	4
6fhkA	260	1	A	265		THR	4
6fhkA	261	1	A	266		ALA	4
6fhkA	262	1	A	267		CYS	4
6fhkA	263	1	A	268		GLU	4
6fhkA	264	1	A	269		ARG	4
6fhkA	265	1	A	270		ALA	4
6fhkA	266	1	A	271		LYS	4
6fhkA	267	1	A	272		ARG	4
6fhkA	268	1	A	273		THR	4
6fhkA	269	1	A	274		LEU	4
6fhkA	270	1	A	275		SER	4
6fhkA	271	1	A	276		SER	4
6fhkA	272	1	A	277		SER	4
6fhkA	273	1	A	278		THR	4
6fhkA	274	1	A	279		GLN	4
6fhkA	275	1	A	280		ALA	4
6fhkA	276	1	A	281		SER	4
6fhkA	277	1	A	282		LEU	4
6fhkA	278	1	A	283		GLU	4
6fhkA	279	1	A	284		ILE	4
6fhkA	280	1	A	285		ASP	4
6fhkA	281	1	A	286		SER	4
6fhkA	282	1	A	287		LEU	4
6fhkA	283	1	A	288		PHE	4
6fhkA	284	1	A	289		GLU	4
6fhkA	285	1	A	290		GLY	4
6fhkA	286	1	A	291		ILE	4
6fhkA	287	1	A	292		ASP	4
6fhkA	288	1	A	293		PHE	4
6fhkA	289	1	A	294		TYR	4
6fhkA	290	1	A	295		THR	4
6fhkA	291	1	A	296		SER	4
6fhkA	292	1	A	297		ILE	4
6fhkA	293	1	A	298		THR	4
6fhkA	294	1	A	299		ARG	4
6fhkA	295	1	A	300		ALA	4
6fhkA	296	1	A	301		ARG	4
6fhkA	297	1	A	302		PHE	4
6fhkA	298	1	A	303		GLU	4
6fhkA	299	1	A	304		GLU	4
6fhkA	300	1	A	305		LEU	4
6fhkA	301	1	A	306		CYS	4
6fhkA	302	1	A	307		SER	4
6fhkA	303	1	A	308		ASP	4
6fhkA	304	1	A	309		LEU	2
6fhkA	305	1	A	310		PHE	2
6fhkA	306	1	A	311		ARG	2
6fhkA	307	1	A	312		SER	2
6fhkA	308	1	A	313		THR	2
6fhkA	309	1	A	314		LEU	2
6fhkA	310	1	A	315		GLU	2
6fhkA	311	1	A	316		PRO	2
6fhkA	312	1	A	317		VAL	2
6fhkA	313	1	A	318		GLU	2
6fhkA	314	1	A	319		LYS	2
6fhkA	315	1	A	320		ALA	2
6fhkA	316	1	A	321		LEU	2
6fhkA	317	1	A	322		ARG	2
6fhkA	318	1	A	323		ASP	2
6fhkA	319	1	A	324		ALA	2
6fhkA	320	1	A	325		LYS	2
6fhkA	321	1	A	326		LEU	2
6fhkA	322	1	A	327		ASP	2
6fhkA	323	1	A	328		LYS	2
6fhkA	324	1	A	329		ALA	2
6fhkA	325	1	A	330		GLN	2
6fhkA	326	1	A	331		ILE	2
6fhkA	327	1	A	332		HIS	2
6fhkA	328	1	A	333		ASP	2
6fhkA	329	1	A	334		LEU	2
6fhkA	330	1	A	335		VAL	2
6fhkA	331	1	A	336		LEU	2
6fhkA	332	1	A	337		VAL	2
6fhkA	333	1	A	338		GLY	2
6fhkA	334	1	A	339		GLY	2
6fhkA	335	1	A	340		SER	2
6fhkA	336	1	A	341		THR	2
6fhkA	337	1	A	342		ARG	2
6fhkA	338	1	A	343		ILE	2
6fhkA	339	1	A	344		PRO	2
6fhkA	340	1	A	345		LYS	2
6fhkA	341	1	A	346		VAL	2
6fhkA	342	1	A	347		GLN	2
6fhkA	343	1	A	348		LYS	2
6fhkA	344	1	A	349		LEU	2
6fhkA	345	1	A	350		LEU	2
6fhkA	346	1	A	351		GLN	2
6fhkA	347	1	A	352		ASP	2
6fhkA	348	1	A	353		PHE	2
6fhkA	349	1	A	354		PHE	2
6fhkA	350	1	A	355		ASN	2
6fhkA	351	1	A	356		GLY	2
6fhkA	352	1	A	357		ARG	2
6fhkA	353	1	A	358		ASP	2
6fhkA	354	1	A	359		LEU	2
6fhkA	355	1	A	360		ASN	2
6fhkA	356	1	A	361		LYS	2
6fhkA	357	1	A	362		SER	2
6fhkA	358	1	A	363		ILE	2
6fhkA	359	1	A	364		ASN	2
6fhkA	360	1	A	365		PRO	2
6fhkA	361	1	A	366		ASP	2
6fhkA	362	1	A	367		GLU	2
6fhkA	363	1	A	368		ALA	2
6fhkA	364	1	A	369		VAL	1
6fhkA	365	1	A	370		ALA	1
6fhkA	366	1	A	371		TYR	1
6fhkA	367	1	A	372		GLY	1
6fhkA	368	1	A	373		ALA	1
6fhkA	369	1	A	374		ALA	1
6fhkA	370	1	A	375		VAL	1
6fhkA	371	1	A	376		GLN	1
6fhkA	372	1	A	377		ALA	1
6fhkA	373	1	A	378		ALA	1
6fhkA	374	1	A	379		ILE	1
6fhkA	375	1	A	380		LEU	1
6fhkA	376	1	A	381		MET	1
6ivzA	0	1	A	2		HIS	1
6ivzA	1	1	A	3		CYS	1
6ivzA	2	1	A	4		ILE	1
6ivzA	3	1	A	5		GLY	1
6ivzA	4	1	A	6		ILE	1
6ivzA	5	1	A	7		THR	1
6ivzA	6	1	A	8		ASP	1
6ivzA	7	1	A	9		ARG	1
6ivzA	8	1	A	10		ASP	1
6ivzA	9	1	A	11		PHE	1
6ivzA	10	1	A	12		ILE	1
6ivzA	11	1	A	13		GLU	1
6ivzA	12	1	A	14		GLY	1
6ivzA	13	1	A	15		VAL	1
6ivzA	14	1	A	16		HIS	1
6ivzA	15	1	A	17		GLY	1
6ivzA	16	1	A	18		GLY	1
6ivzA	17	1	A	19		THR	1
6ivzA	18	1	A	20		TRP	1
6ivzA	19	1	A	21		VAL	1
6ivzA	20	1	A	22		SER	1
6ivzA	21	1	A	23		ALA	1
6ivzA	22	1	A	24		THR	1
6ivzA	23	1	A	25		LEU	1
6ivzA	24	1	A	26		GLU	1
6ivzA	25	1	A	27		GLN	1
6ivzA	26	1	A	28		ASP	1
6ivzA	27	1	A	29		LYS	1
6ivzA	28	1	A	30		CYS	1
6ivzA	29	1	A	31		VAL	1
6ivzA	30	1	A	32		THR	1
6ivzA	31	1	A	33		VAL	1
6ivzA	32	1	A	34		MET	1
6ivzA	33	1	A	35		ALA	1
6ivzA	34	1	A	36		PRO	1
6ivzA	35	1	A	37		ASP	1
6ivzA	36	1	A	38		LYS	1
6ivzA	37	1	A	39		PRO	1
6ivzA	38	1	A	40		SER	1
6ivzA	39	1	A	41		LEU	1
6ivzA	40	1	A	42		ASP	1
6ivzA	41	1	A	43		ILE	1
6ivzA	42	1	A	44		SER	1
6ivzA	43	1	A	45		LEU	1
6ivzA	44	1	A	46		GLN	1
6ivzA	45	1	A	47		THR	1
6ivzA	46	1	A	48		VAL	1
6ivzA	47	1	A	49		ALA	1
6ivzA	48	1	A	50		ILE	1
6ivzA	49	1	A	51		ASP	1
6ivzA	50	1	A	52		GLY	1
6ivzA	51	1	A	53		PRO	1
6ivzA	52	1	A	54		ALA	1
6ivzA	53	1	A	55		GLU	1
6ivzA	54	1	A	56		ALA	1
6ivzA	55	1	A	57		ARG	1
6ivzA	56	1	A	58		LYS	1
6ivzA	57	1	A	59		VAL	1
6ivzA	58	1	A	60		CYS	1
6ivzA	59	1	A	61		TYR	1
6ivzA	60	1	A	62		SER	1
6ivzA	61	1	A	63		ALA	1
6ivzA	62	1	A	64		VAL	1
6ivzA	63	1	A	65		LEU	1
6ivzA	64	1	A	66		THR	1
6ivzA	65	1	A	67		HIS	1
6ivzA	66	1	A	68		VAL	1
6ivzA	67	1	A	69		LYS	1
6ivzA	68	1	A	70		ILE	1
6ivzA	69	1	A	71		ASN	1
6ivzA	70	1	A	72		ASP	1
6ivzA	71	1	A	73		LYS	1
6ivzA	72	1	A	74		CYS	1
6ivzA	73	1	A	75		PRO	1
6ivzA	74	1	A	76		SER	1
6ivzA	75	1	A	77		THR	1
6ivzA	76	1	A	78		GLY	1
6ivzA	77	1	A	79		GLU	1
6ivzA	78	1	A	80		ALA	1
6ivzA	79	1	A	81		HIS	1
6ivzA	80	1	A	82		LEU	1
6ivzA	81	1	A	83		ALA	1
6ivzA	82	1	A	84		GLU	1
6ivzA	83	1	A	85		GLU	1
6ivzA	84	1	A	86		ASN	1
6ivzA	85	1	A	87		ASP	1
6ivzA	86	1	A	88		GLY	1
6ivzA	87	1	A	89		ASP	1
6ivzA	88	1	A	90		ASN	1
6ivzA	89	1	A	91		ALA	1
6ivzA	90	1	A	92		CYS	1
6ivzA	91	1	A	93		LYS	1
6ivzA	92	1	A	94		ARG	1
6ivzA	93	1	A	95		THR	1
6ivzA	94	1	A	96		TYR	1
6ivzA	95	1	A	97		SER	1
6ivzA	96	1	A	98		ASP	1
6ivzA	97	1	A	99		ARG	1
6ivzA	98	1	A	100		GLY	1
6ivzA	99	1	A	101		TRP	1
6ivzA	100	1	A	102		GLY	1
6ivzA	101	1	A	103		ASN	1
6ivzA	102	1	A	104		GLY	1
6ivzA	103	1	A	105		CYS	1
6ivzA	104	1	A	106		GLY	1
6ivzA	105	1	A	107		LEU	1
6ivzA	106	1	A	108		PHE	1
6ivzA	107	1	A	109		GLY	1
6ivzA	108	1	A	110		LYS	1
6ivzA	109	1	A	111		GLY	1
6ivzA	110	1	A	112		SER	1
6ivzA	111	1	A	113		ILE	1
6ivzA	112	1	A	114		VAL	1
6ivzA	113	1	A	115		ALA	1
6ivzA	114	1	A	116		CYS	1
6ivzA	115	1	A	117		ALA	1
6ivzA	116	1	A	118		LYS	1
6ivzA	117	1	A	119		PHE	1
6ivzA	118	1	A	120		THR	1
6ivzA	119	1	A	121		CYS	1
6ivzA	120	1	A	122		ALA	1
6ivzA	121	1	A	123		LYS	1
6ivzA	122	1	A	124		SER	1
6ivzA	123	1	A	125		MET	1
6ivzA	124	1	A	126		SER	1
6ivzA	125	1	A	127		LEU	1
6ivzA	126	1	A	128		PHE	1
6ivzA	127	1	A	129		GLU	1
6ivzA	128	1	A	130		VAL	1
6ivzA	129	1	A	131		ASP	1
6ivzA	130	1	A	132		GLN	1
6ivzA	131	1	A	133		THR	1
6ivzA	132	1	A	134		LYS	1
6ivzA	133	1	A	135		ILE	1
6ivzA	134	1	A	136		GLN	1
6ivzA	135	1	A	137		TYR	1
6ivzA	136	1	A	138		VAL	1
6ivzA	137	1	A	139		ILE	1
6ivzA	138	1	A	140		ARG	1
6ivzA	139	1	A	141		ALA	1
6ivzA	140	1	A	142		GLN	1
6ivzA	141	1	A	143		LEU	1
6ivzA	142	1	A	144		HIS	1
6ivzA	143	1	A	145		VAL	1
6ivzA	144	1	A	146		GLY	1
6ivzA	145	1	A	147		ALA	1
6ivzA	146	1	A	148		LYS	1
6ivzA	147	1	A	149		GLN	1
6ivzA	148	1	A	150		GLU	1
6ivzA	149	1	A	151		ASN	1
6ivzA	150	1	A	152		TRP	1
6ivzA	151	1	A	153		ASN	1
6ivzA	152	1	A	154		THR	1
6ivzA	153	1	A	155		ASP	1
6ivzA	154	1	A	156		ILE	1
6ivzA	155	1	A	157		LYS	1
6ivzA	156	1	A	158		THR	1
6ivzA	157	1	A	159		LEU	1
6ivzA	158	1	A	160		LYS	1
6ivzA	159	1	A	161		PHE	1
6ivzA	160	1	A	162		ASP	1
6ivzA	161	1	A	163		ALA	1
6ivzA	162	1	A	164		LEU	1
6ivzA	163	1	A	165		SER	1
6ivzA	164	1	A	166		GLY	1
6ivzA	165	1	A	167		SER	1
6ivzA	166	1	A	168		GLN	1
6ivzA	167	1	A	169		GLU	1
6ivzA	168	1	A	170		ALA	1
6ivzA	169	1	A	171		GLU	1
6ivzA	170	1	A	172		PHE	1
6ivzA	171	1	A	173		THR	1
6ivzA	172	1	A	174		GLY	1
6ivzA	173	1	A	175		TYR	1
6ivzA	174	1	A	176		GLY	1
6ivzA	175	1	A	177		LYS	1
6ivzA	176	1	A	178		ALA	1
6ivzA	177	1	A	179		THR	1
6ivzA	178	1	A	180		LEU	1
6ivzA	179	1	A	181		GLU	1
6ivzA	180	1	A	182		CYS	1
6ivzA	181	1	A	183		GLN	1
6ivzA	182	1	A	184		VAL	1
6ivzA	183	1	A	185		GLN	1
6ivzA	184	1	A	186		THR	1
6ivzA	185	1	A	187		ALA	1
6ivzA	186	1	A	188		VAL	1
6ivzA	187	1	A	189		ASP	1
6ivzA	188	1	A	190		PHE	1
6ivzA	189	1	A	191		GLY	1
6ivzA	190	1	A	192		ASN	1
6ivzA	191	1	A	193		SER	1
6ivzA	192	1	A	194		TYR	1
6ivzA	193	1	A	195		ILE	1
6ivzA	194	1	A	196		ALA	1
6ivzA	195	1	A	197		GLU	1
6ivzA	196	1	A	198		MET	1
6ivzA	197	1	A	199		GLU	1
6ivzA	198	1	A	200		LYS	1
6ivzA	199	1	A	201		ASP	1
6ivzA	200	1	A	202		SER	1
6ivzA	201	1	A	203		TRP	1
6ivzA	202	1	A	204		ILE	1
6ivzA	203	1	A	205		VAL	1
6ivzA	204	1	A	206		ASP	1
6ivzA	205	1	A	207		ARG	1
6ivzA	206	1	A	208		GLN	1
6ivzA	207	1	A	209		TRP	1
6ivzA	208	1	A	210		ALA	1
6ivzA	209	1	A	211		GLN	1
6ivzA	210	1	A	212		ASP	1
6ivzA	211	1	A	213		LEU	1
6ivzA	212	1	A	214		THR	1
6ivzA	213	1	A	215		LEU	1
6ivzA	214	1	A	216		PRO	1
6ivzA	215	1	A	217		TRP	1
6ivzA	216	1	A	218		GLN	1
6ivzA	217	1	A	219		SER	1
6ivzA	218	1	A	220		GLY	1
6ivzA	219	1	A	221		SER	1
6ivzA	220	1	A	222		GLY	1
6ivzA	221	1	A	223		GLY	1
6ivzA	222	1	A	224		ILE	1
6ivzA	223	1	A	225		TRP	1
6ivzA	224	1	A	226		ARG	1
6ivzA	225	1	A	227		GLU	1
6ivzA	226	1	A	228		MET	1
6ivzA	227	1	A	229		HIS	1
6ivzA	228	1	A	230		HIS	1
6ivzA	229	1	A	231		LEU	1
6ivzA	230	1	A	232		VAL	1
6ivzA	231	1	A	233		GLU	1
6ivzA	232	1	A	234		PHE	1
6ivzA	233	1	A	235		GLU	1
6ivzA	234	1	A	236		PRO	1
6ivzA	235	1	A	237		PRO	1
6ivzA	236	1	A	238		HIS	1
6ivzA	237	1	A	239		ALA	1
6ivzA	238	1	A	240		ALA	1
6ivzA	239	1	A	241		THR	1
6ivzA	240	1	A	242		ILE	1
6ivzA	241	1	A	243		ARG	1
6ivzA	242	1	A	244		VAL	1
6ivzA	243	1	A	245		LEU	1
6ivzA	244	1	A	246		ALA	1
6ivzA	245	1	A	247		LEU	1
6ivzA	246	1	A	248		GLY	1
6ivzA	247	1	A	249		ASN	1
6ivzA	248	1	A	250		GLN	1
6ivzA	249	1	A	251		GLU	1
6ivzA	250	1	A	252		GLY	1
6ivzA	251	1	A	253		SER	1
6ivzA	252	1	A	254		LEU	1
6ivzA	253	1	A	255		LYS	1
6ivzA	254	1	A	256		THR	1
6ivzA	255	1	A	257		ALA	1
6ivzA	256	1	A	258		LEU	1
6ivzA	257	1	A	259		THR	1
6ivzA	258	1	A	260		GLY	1
6ivzA	259	1	A	261		ALA	1
6ivzA	260	1	A	262		MET	1
6ivzA	261	1	A	263		ARG	1
6ivzA	262	1	A	264		VAL	1
6ivzA	263	1	A	265		THR	1
6ivzA	264	1	A	266		LYS	1
6ivzA	265	1	A	267		ASP	1
6ivzA	266	1	A	268		GLU	1
6ivzA	267	1	A	269		ASN	1
6ivzA	268	1	A	270		ASP	1
6ivzA	269	1	A	271		ASN	1
6ivzA	270	1	A	272		ASN	1
6ivzA	271	1	A	273		LEU	1
6ivzA	272	1	A	274		TYR	1
6ivzA	273	1	A	275		LYS	1
6ivzA	274	1	A	276		LEU	1
6ivzA	275	1	A	277		HIS	1
6ivzA	276	1	A	278		GLY	1
6ivzA	277	1	A	279		GLY	1
6ivzA	278	1	A	280		HIS	1
6ivzA	279	1	A	281		VAL	1
6ivzA	280	1	A	282		SER	1
6ivzA	281	1	A	283		CYS	1
6ivzA	282	1	A	284		ARG	1
6ivzA	283	1	A	285		VAL	1
6ivzA	284	1	A	286		LYS	1
6ivzA	285	1	A	287		LEU	1
6ivzA	286	1	A	288		SER	1
6ivzA	287	1	A	289		ALA	1
6ivzA	288	1	A	290		LEU	1
6ivzA	289	1	A	291		THR	1
6ivzA	290	1	A	292		LEU	1
6ivzA	291	1	A	293		LYS	1
6ivzA	292	1	A	294		GLY	1
6ivzA	293	1	A	295		THR	1
6ivzA	294	1	A	296		SER	1
6ivzA	295	1	A	297		TYR	2
6ivzA	296	1	A	298		LYS	2
6ivzA	297	1	A	299		MET	2
6ivzA	298	1	A	300		CYS	2
6ivzA	299	1	A	301		THR	2
6ivzA	300	1	A	302		ASP	2
6ivzA	301	1	A	303		LYS	2
6ivzA	302	1	A	304		MET	2
6ivzA	303	1	A	305		SER	2
6ivzA	304	1	A	306		PHE	2
6ivzA	305	1	A	307		VAL	2
6ivzA	306	1	A	308		LYS	2
6ivzA	307	1	A	309		ASN	2
6ivzA	308	1	A	310		PRO	2
6ivzA	309	1	A	311		THR	2
6ivzA	310	1	A	312		ASP	2
6ivzA	311	1	A	313		THR	2
6ivzA	312	1	A	314		GLY	2
6ivzA	313	1	A	315		HIS	2
6ivzA	314	1	A	316		GLY	2
6ivzA	315	1	A	317		THR	2
6ivzA	316	1	A	318		VAL	2
6ivzA	317	1	A	319		VAL	2
6ivzA	318	1	A	320		MET	2
6ivzA	319	1	A	321		GLN	2
6ivzA	320	1	A	322		VAL	2
6ivzA	321	1	A	323		LYS	2
6ivzA	322	1	A	324		VAL	2
6ivzA	323	1	A	325		PRO	2
6ivzA	324	1	A	326		LYS	2
6ivzA	325	1	A	327		GLY	2
6ivzA	326	1	A	328		ALA	2
6ivzA	327	1	A	329		PRO	2
6ivzA	328	1	A	330		CYS	2
6ivzA	329	1	A	331		LYS	2
6ivzA	330	1	A	332		ILE	2
6ivzA	331	1	A	333		PRO	2
6ivzA	332	1	A	334		VAL	2
6ivzA	333	1	A	335		ILE	2
6ivzA	334	1	A	336		VAL	2
6ivzA	335	1	A	337		ALA	2
6ivzA	336	1	A	338		ASP	2
6ivzA	337	1	A	339		ASP	2
6ivzA	338	1	A	340		LEU	2
6ivzA	339	1	A	341		THR	2
6ivzA	340	1	A	342		ALA	2
6ivzA	341	1	A	343		ALA	2
6ivzA	342	1	A	344		VAL	2
6ivzA	343	1	A	345		ASN	2
6ivzA	344	1	A	346		LYS	2
6ivzA	345	1	A	347		GLY	2
6ivzA	346	1	A	348		ILE	2
6ivzA	347	1	A	349		LEU	2
6ivzA	348	1	A	350		VAL	2
6ivzA	349	1	A	351		THR	2
6ivzA	350	1	A	352		VAL	2
6ivzA	351	1	A	353		ASN	2
6ivzA	352	1	A	354		PRO	2
6ivzA	353	1	A	355		ILE	2
6ivzA	354	1	A	356		ALA	2
6ivzA	355	1	A	357		SER	2
6ivzA	356	1	A	358		THR	2
6ivzA	357	1	A	359		ASN	2
6ivzA	358	1	A	360		ASP	2
6ivzA	359	1	A	361		ASP	2
6ivzA	360	1	A	362		GLU	2
6ivzA	361	1	A	363		VAL	2
6ivzA	362	1	A	364		LEU	2
6ivzA	363	1	A	365		ILE	2
6ivzA	364	1	A	366		GLU	2
6ivzA	365	1	A	367		VAL	2
6ivzA	366	1	A	368		ASN	2
6ivzA	367	1	A	369		PRO	2
6ivzA	368	1	A	370		PRO	2
6ivzA	369	1	A	371		PHE	2
6ivzA	370	1	A	372		GLY	2
6ivzA	371	1	A	373		ASP	2
6ivzA	372	1	A	374		SER	2
6ivzA	373	1	A	375		TYR	2
6ivzA	374	1	A	376		ILE	2
6ivzA	375	1	A	377		ILE	2
6ivzA	376	1	A	378		VAL	2
6ivzA	377	1	A	379		GLY	2
6ivzA	378	1	A	380		THR	2
6ivzA	379	1	A	381		GLY	2
6ivzA	380	1	A	382		ASP	2
6ivzA	381	1	A	383		SER	2
6ivzA	382	1	A	384		ARG	2
6ivzA	383	1	A	385		LEU	2
6ivzA	384	1	A	386		THR	2
6ivzA	385	1	A	387		TYR	2
6ivzA	386	1	A	388		GLN	2
6ivzA	387	1	A	389		TRP	2
6ivzA	388	1	A	390		HIS	2
6ivzA	389	1	A	391		LYS	2
6ivzA	390	1	A	392		GLU	2
2qtsD	0	1	D	42		LEU	0
2qtsD	1	1	D	43		LYS	0
2qtsD	2	1	D	44		ARG	0
2qtsD	3	1	D	45		VAL	0
2qtsD	4	1	D	46		VAL	0
2qtsD	5	1	D	47		TRP	0
2qtsD	6	1	D	48		ALA	0
2qtsD	7	1	D	49		LEU	0
2qtsD	8	1	D	50		CYS	0
2qtsD	9	1	D	51		PHE	0
2qtsD	10	1	D	52		MET	0
2qtsD	11	1	D	53		GLY	0
2qtsD	12	1	D	54		SER	0
2qtsD	13	1	D	55		LEU	0
2qtsD	14	1	D	56		ALA	0
2qtsD	15	1	D	57		LEU	0
2qtsD	16	1	D	58		LEU	0
2qtsD	17	1	D	59		ALA	0
2qtsD	18	1	D	60		LEU	0
2qtsD	19	1	D	61		VAL	0
2qtsD	20	1	D	62		CYS	0
2qtsD	21	1	D	63		THR	0
2qtsD	22	1	D	64		ASN	0
2qtsD	23	1	D	65		ARG	0
2qtsD	24	1	D	66		ILE	0
2qtsD	25	1	D	67		GLN	0
2qtsD	26	1	D	68		TYR	0
2qtsD	27	1	D	69		TYR	0
2qtsD	28	1	D	70		PHE	0
2qtsD	29	1	D	71		LEU	0
2qtsD	30	1	D	72		TYR	1
2qtsD	31	1	D	73		PRO	1
2qtsD	32	1	D	74		HIS	1
2qtsD	33	1	D	75		VAL	1
2qtsD	34	1	D	76		THR	1
2qtsD	35	1	D	77		LYS	1
2qtsD	36	1	D	78		LEU	1
2qtsD	37	1	D	79		ASP	1
2qtsD	38	1	D	80		GLU	1
2qtsD	39	1	D	81		VAL	1
2qtsD	40	1	D	82		ALA	1
2qtsD	41	1	D	83		ALA	1
2qtsD	42	1	D	84		THR	1
2qtsD	43	1	D	85		ARG	1
2qtsD	44	1	D	86		LEU	1
2qtsD	45	1	D	87		THR	1
2qtsD	46	1	D	88		PHE	1
2qtsD	47	1	D	89		PRO	1
2qtsD	48	1	D	90		ALA	1
2qtsD	49	1	D	91		VAL	1
2qtsD	50	1	D	92		THR	1
2qtsD	51	1	D	93		PHE	1
2qtsD	52	1	D	94		CYS	1
2qtsD	53	1	D	95		ASN	1
2qtsD	54	1	D	96		LEU	1
2qtsD	55	1	D	97		ASN	1
2qtsD	56	1	D	98		GLU	1
2qtsD	57	1	D	99		PHE	1
2qtsD	58	1	D	100		ARG	1
2qtsD	59	1	D	101		PHE	1
2qtsD	60	1	D	102		SER	1
2qtsD	61	1	D	103		ARG	1
2qtsD	62	1	D	104		VAL	1
2qtsD	63	1	D	105		THR	1
2qtsD	64	1	D	106		LYS	1
2qtsD	65	1	D	107		ASN	1
2qtsD	66	1	D	108		ASP	1
2qtsD	67	1	D	109		LEU	1
2qtsD	68	1	D	110		TYR	1
2qtsD	69	1	D	111		HIS	1
2qtsD	70	1	D	112		ALA	1
2qtsD	71	1	D	113		GLY	1
2qtsD	72	1	D	114		GLU	1
2qtsD	73	1	D	115		LEU	1
2qtsD	74	1	D	116		LEU	1
2qtsD	75	1	D	117		ALA	1
2qtsD	76	1	D	118		LEU	1
2qtsD	77	1	D	119		LEU	1
2qtsD	78	1	D	120		ASN	1
2qtsD	79	1	D	121		ASN	1
2qtsD	80	1	D	122		ARG	1
2qtsD	81	1	D	123		TYR	1
2qtsD	82	1	D	124		GLU	1
2qtsD	83	1	D	125		ILE	1
2qtsD	84	1	D	126		PRO	1
2qtsD	85	1	D	127		ASP	1
2qtsD	86	1	D	128		THR	1
2qtsD	87	1	D	129		GLN	1
2qtsD	88	1	D	130		THR	1
2qtsD	89	1	D	131		ALA	1
2qtsD	90	1	D	132		ASP	1
2qtsD	91	1	D	133		GLU	1
2qtsD	92	1	D	134		LYS	1
2qtsD	93	1	D	135		GLN	1
2qtsD	94	1	D	136		LEU	1
2qtsD	95	1	D	137		GLU	1
2qtsD	96	1	D	138		ILE	1
2qtsD	97	1	D	139		LEU	1
2qtsD	98	1	D	140		GLN	1
2qtsD	99	1	D	141		ASP	1
2qtsD	100	1	D	142		LYS	1
2qtsD	101	1	D	143		ALA	1
2qtsD	102	1	D	144		ASN	1
2qtsD	103	1	D	145		PHE	1
2qtsD	104	1	D	146		ARG	1
2qtsD	105	1	D	147		ASN	1
2qtsD	106	1	D	148		PHE	1
2qtsD	107	1	D	149		LYS	1
2qtsD	108	1	D	150		PRO	1
2qtsD	109	1	D	151		LYS	1
2qtsD	110	1	D	152		PRO	1
2qtsD	111	1	D	153		PHE	1
2qtsD	112	1	D	154		ASN	1
2qtsD	113	1	D	155		MET	1
2qtsD	114	1	D	156		LEU	1
2qtsD	115	1	D	157		GLU	1
2qtsD	116	1	D	158		PHE	1
2qtsD	117	1	D	159		TYR	1
2qtsD	118	1	D	160		ASP	1
2qtsD	119	1	D	161		ARG	1
2qtsD	120	1	D	162		ALA	1
2qtsD	121	1	D	163		GLY	1
2qtsD	122	1	D	164		HIS	1
2qtsD	123	1	D	165		ASP	1
2qtsD	124	1	D	166		ILE	1
2qtsD	125	1	D	167		ARG	1
2qtsD	126	1	D	168		GLU	1
2qtsD	127	1	D	169		MET	1
2qtsD	128	1	D	170		LEU	1
2qtsD	129	1	D	171		LEU	1
2qtsD	130	1	D	172		SER	1
2qtsD	131	1	D	173		CYS	1
2qtsD	132	1	D	174		PHE	1
2qtsD	133	1	D	175		PHE	1
2qtsD	134	1	D	176		ARG	1
2qtsD	135	1	D	177		GLY	1
2qtsD	136	1	D	178		GLU	1
2qtsD	137	1	D	179		GLN	1
2qtsD	138	1	D	180		CYS	1
2qtsD	139	1	D	181		SER	1
2qtsD	140	1	D	182		PRO	1
2qtsD	141	1	D	183		GLU	1
2qtsD	142	1	D	184		ASP	1
2qtsD	143	1	D	185		PHE	1
2qtsD	144	1	D	186		LYS	1
2qtsD	145	1	D	187		VAL	1
2qtsD	146	1	D	188		VAL	1
2qtsD	147	1	D	189		PHE	1
2qtsD	148	1	D	190		THR	1
2qtsD	149	1	D	191		ARG	1
2qtsD	150	1	D	192		TYR	1
2qtsD	151	1	D	193		GLY	1
2qtsD	152	1	D	194		LYS	1
2qtsD	153	1	D	195		CYS	1
2qtsD	154	1	D	196		TYR	1
2qtsD	155	1	D	197		THR	1
2qtsD	156	1	D	198		PHE	1
2qtsD	157	1	D	199		ASN	1
2qtsD	158	1	D	200		ALA	1
2qtsD	159	1	D	201		GLY	1
2qtsD	160	1	D	202		GLN	1
2qtsD	161	1	D	203		ASP	1
2qtsD	162	1	D	204		GLY	1
2qtsD	163	1	D	205		LYS	1
2qtsD	164	1	D	206		PRO	1
2qtsD	165	1	D	207		ARG	1
2qtsD	166	1	D	208		LEU	1
2qtsD	167	1	D	209		ILE	1
2qtsD	168	1	D	210		THR	1
2qtsD	169	1	D	211		MET	1
2qtsD	170	1	D	212		LYS	1
2qtsD	171	1	D	213		GLY	1
2qtsD	172	1	D	214		GLY	1
2qtsD	173	1	D	215		THR	1
2qtsD	174	1	D	216		GLY	1
2qtsD	175	1	D	217		ASN	1
2qtsD	176	1	D	218		GLY	1
2qtsD	177	1	D	219		LEU	1
2qtsD	178	1	D	220		GLU	1
2qtsD	179	1	D	221		ILE	1
2qtsD	180	1	D	222		MET	1
2qtsD	181	1	D	223		LEU	1
2qtsD	182	1	D	224		ASP	1
2qtsD	183	1	D	225		ILE	1
2qtsD	184	1	D	226		GLN	1
2qtsD	185	1	D	227		GLN	1
2qtsD	186	1	D	228		ASP	1
2qtsD	187	1	D	229		GLU	1
2qtsD	188	1	D	230		TYR	1
2qtsD	189	1	D	231		LEU	1
2qtsD	190	1	D	232		PRO	1
2qtsD	191	1	D	233		VAL	1
2qtsD	192	1	D	234		TRP	1
2qtsD	193	1	D	235		GLY	1
2qtsD	194	1	D	236		GLU	1
2qtsD	195	1	D	237		THR	1
2qtsD	196	1	D	238		ASP	1
2qtsD	197	1	D	239		GLU	1
2qtsD	198	1	D	240		THR	1
2qtsD	199	1	D	241		SER	1
2qtsD	200	1	D	242		PHE	1
2qtsD	201	1	D	243		GLU	1
2qtsD	202	1	D	244		ALA	1
2qtsD	203	1	D	245		GLY	1
2qtsD	204	1	D	246		ILE	1
2qtsD	205	1	D	247		LYS	1
2qtsD	206	1	D	248		VAL	1
2qtsD	207	1	D	249		GLN	1
2qtsD	208	1	D	250		ILE	1
2qtsD	209	1	D	251		HIS	1
2qtsD	210	1	D	252		SER	1
2qtsD	211	1	D	253		GLN	1
2qtsD	212	1	D	254		ASP	1
2qtsD	213	1	D	255		GLU	1
2qtsD	214	1	D	256		PRO	1
2qtsD	215	1	D	257		PRO	1
2qtsD	216	1	D	258		LEU	1
2qtsD	217	1	D	259		ILE	1
2qtsD	218	1	D	260		ASP	1
2qtsD	219	1	D	261		GLN	1
2qtsD	220	1	D	262		LEU	1
2qtsD	221	1	D	263		GLY	1
2qtsD	222	1	D	264		PHE	1
2qtsD	223	1	D	265		GLY	1
2qtsD	224	1	D	266		VAL	1
2qtsD	225	1	D	267		ALA	1
2qtsD	226	1	D	268		PRO	1
2qtsD	227	1	D	269		GLY	1
2qtsD	228	1	D	270		PHE	1
2qtsD	229	1	D	271		GLN	1
2qtsD	230	1	D	272		THR	1
2qtsD	231	1	D	273		PHE	1
2qtsD	232	1	D	274		VAL	1
2qtsD	233	1	D	275		SER	1
2qtsD	234	1	D	276		CYS	1
2qtsD	235	1	D	277		GLN	1
2qtsD	236	1	D	278		GLU	1
2qtsD	237	1	D	279		GLN	1
2qtsD	238	1	D	280		ARG	1
2qtsD	239	1	D	281		LEU	1
2qtsD	240	1	D	282		ILE	1
2qtsD	241	1	D	283		TYR	1
2qtsD	242	1	D	284		LEU	1
2qtsD	243	1	D	285		PRO	1
2qtsD	244	1	D	286		PRO	1
2qtsD	245	1	D	287		PRO	1
2qtsD	246	1	D	288		TRP	1
2qtsD	247	1	D	289		GLY	1
2qtsD	248	1	D	290		ASP	1
2qtsD	249	1	D	291		CYS	1
2qtsD	250	1	D	292		LYS	1
2qtsD	251	1	D	293		ALA	1
2qtsD	252	1	D	294		THR	1
2qtsD	253	1	D	295		THR	1
2qtsD	254	1	D	296		GLY	1
2qtsD	255	1	D	297		ASP	1
2qtsD	256	1	D	298		SER	1
2qtsD	257	1	D	299		GLU	1
2qtsD	258	1	D	300		PHE	1
2qtsD	259	1	D	301		TYR	1
2qtsD	260	1	D	302		ASP	1
2qtsD	261	1	D	303		THR	1
2qtsD	262	1	D	304		TYR	1
2qtsD	263	1	D	305		SER	1
2qtsD	264	1	D	306		ILE	1
2qtsD	265	1	D	307		THR	1
2qtsD	266	1	D	308		ALA	1
2qtsD	267	1	D	309		CYS	1
2qtsD	268	1	D	310		ARG	1
2qtsD	269	1	D	311		ILE	1
2qtsD	270	1	D	312		ASP	1
2qtsD	271	1	D	313		CYS	1
2qtsD	272	1	D	314		GLU	1
2qtsD	273	1	D	315		THR	1
2qtsD	274	1	D	316		ARG	1
2qtsD	275	1	D	317		TYR	1
2qtsD	276	1	D	318		LEU	1
2qtsD	277	1	D	319		VAL	1
2qtsD	278	1	D	320		GLU	1
2qtsD	279	1	D	321		ASN	1
2qtsD	280	1	D	322		CYS	1
2qtsD	281	1	D	323		ASN	1
2qtsD	282	1	D	324		CYS	1
2qtsD	283	1	D	325		ARG	1
2qtsD	284	1	D	326		MET	1
2qtsD	285	1	D	327		VAL	1
2qtsD	286	1	D	328		HIS	1
2qtsD	287	1	D	329		MET	1
2qtsD	288	1	D	330		PRO	1
2qtsD	289	1	D	331		GLY	1
2qtsD	290	1	D	332		ASP	1
2qtsD	291	1	D	333		ALA	1
2qtsD	292	1	D	334		PRO	1
2qtsD	293	1	D	335		TYR	1
2qtsD	294	1	D	336		CYS	1
2qtsD	295	1	D	337		THR	1
2qtsD	296	1	D	338		PRO	1
2qtsD	297	1	D	339		GLU	1
2qtsD	298	1	D	340		GLN	1
2qtsD	299	1	D	341		TYR	1
2qtsD	300	1	D	342		LYS	1
2qtsD	301	1	D	343		GLU	1
2qtsD	302	1	D	344		CYS	1
2qtsD	303	1	D	345		ALA	1
2qtsD	304	1	D	346		ASP	1
2qtsD	305	1	D	347		PRO	1
2qtsD	306	1	D	348		ALA	1
2qtsD	307	1	D	349		LEU	1
2qtsD	308	1	D	350		ASP	1
2qtsD	309	1	D	351		PHE	1
2qtsD	310	1	D	352		LEU	1
2qtsD	311	1	D	353		VAL	1
2qtsD	312	1	D	354		GLU	1
2qtsD	313	1	D	355		LYS	1
2qtsD	314	1	D	356		ASP	1
2qtsD	315	1	D	357		ASN	1
2qtsD	316	1	D	358		GLU	1
2qtsD	317	1	D	359		TYR	1
2qtsD	318	1	D	360		CYS	1
2qtsD	319	1	D	361		VAL	1
2qtsD	320	1	D	362		CYS	1
2qtsD	321	1	D	363		GLU	1
2qtsD	322	1	D	364		MET	1
2qtsD	323	1	D	365		PRO	1
2qtsD	324	1	D	366		CYS	1
2qtsD	325	1	D	367		ASN	1
2qtsD	326	1	D	368		VAL	1
2qtsD	327	1	D	369		THR	1
2qtsD	328	1	D	370		ARG	1
2qtsD	329	1	D	371		TYR	1
2qtsD	330	1	D	372		GLY	1
2qtsD	331	1	D	373		LYS	1
2qtsD	332	1	D	374		GLU	1
2qtsD	333	1	D	375		LEU	1
2qtsD	334	1	D	376		SER	1
2qtsD	335	1	D	377		MET	1
2qtsD	336	1	D	378		VAL	1
2qtsD	337	1	D	379		LYS	1
2qtsD	338	1	D	380		ILE	1
2qtsD	339	1	D	381		PRO	1
2qtsD	340	1	D	382		SER	1
2qtsD	341	1	D	383		LYS	1
2qtsD	342	1	D	384		ALA	1
2qtsD	343	1	D	385		SER	1
2qtsD	344	1	D	386		ALA	1
2qtsD	345	1	D	387		LYS	1
2qtsD	346	1	D	388		TYR	1
2qtsD	347	1	D	389		LEU	1
2qtsD	348	1	D	390		ALA	1
2qtsD	349	1	D	391		LYS	1
2qtsD	350	1	D	392		LYS	1
2qtsD	351	1	D	393		TYR	1
2qtsD	352	1	D	394		ASN	1
2qtsD	353	1	D	395		LYS	1
2qtsD	354	1	D	396		SER	1
2qtsD	355	1	D	397		GLU	1
2qtsD	356	1	D	398		GLN	1
2qtsD	357	1	D	399		TYR	1
2qtsD	358	1	D	400		ILE	1
2qtsD	359	1	D	401		GLY	1
2qtsD	360	1	D	402		GLU	1
2qtsD	361	1	D	403		ASN	1
2qtsD	362	1	D	404		ILE	1
2qtsD	363	1	D	405		LEU	1
2qtsD	364	1	D	406		VAL	1
2qtsD	365	1	D	407		LEU	1
2qtsD	366	1	D	408		ASP	1
2qtsD	367	1	D	409		ILE	1
2qtsD	368	1	D	410		PHE	1
2qtsD	369	1	D	411		PHE	1
2qtsD	370	1	D	412		GLU	1
2qtsD	371	1	D	413		ALA	1
2qtsD	372	1	D	414		LEU	1
2qtsD	373	1	D	415		ASN	1
2qtsD	374	1	D	416		TYR	1
2qtsD	375	1	D	417		GLU	1
2qtsD	376	1	D	418		THR	1
2qtsD	377	1	D	419		ILE	1
2qtsD	378	1	D	420		GLU	1
2qtsD	379	1	D	421		GLN	1
2qtsD	380	1	D	422		LYS	1
2qtsD	381	1	D	423		LYS	1
2qtsD	382	1	D	424		ALA	1
2qtsD	383	1	D	425		TYR	0
2qtsD	384	1	D	426		GLU	0
2qtsD	385	1	D	427		VAL	0
2qtsD	386	1	D	428		ALA	0
2qtsD	387	1	D	429		GLY	0
2qtsD	388	1	D	430		LEU	0
2qtsD	389	1	D	431		LEU	0
2qtsD	390	1	D	432		GLY	0
2qtsD	391	1	D	433		ASP	0
2qtsD	392	1	D	434		ILE	0
2qtsD	393	1	D	435		GLY	0
2qtsD	394	1	D	436		GLY	0
2qtsD	395	1	D	437		GLN	0
2qtsD	396	1	D	438		MET	0
2qtsD	397	1	D	439		GLY	0
2qtsD	398	1	D	440		LEU	0
2qtsD	399	1	D	441		PHE	0
2qtsD	400	1	D	442		ILE	0
2qtsD	401	1	D	443		GLY	0
2qtsD	402	1	D	444		ALA	0
2qtsD	403	1	D	445		SER	0
2qtsD	404	1	D	446		ILE	0
2qtsD	405	1	D	447		LEU	0
2qtsD	406	1	D	448		THR	0
2qtsD	407	1	D	449		VAL	0
2qtsD	408	1	D	450		LEU	0
2qtsD	409	1	D	451		GLU	0
2qtsD	410	1	D	452		LEU	0
2qtsD	411	1	D	453		PHE	0
2qtsD	412	1	D	454		ASP	0
2qtsD	413	1	D	455		TYR	0
2qtsD	414	1	D	456		ALA	0
3n40P	0	1	P	5		PRO	1
3n40P	1	1	P	6		VAL	1
3n40P	2	1	P	7		MET	1
3n40P	3	1	P	8		CYS	1
3n40P	4	1	P	9		LEU	1
3n40P	5	1	P	10		LEU	1
3n40P	6	1	P	11		ALA	1
3n40P	7	1	P	12		ASN	1
3n40P	8	1	P	13		THR	1
3n40P	9	1	P	14		THR	1
3n40P	10	1	P	15		PHE	1
3n40P	11	1	P	16		PRO	1
3n40P	12	1	P	17		CYS	1
3n40P	13	1	P	18		SER	1
3n40P	14	1	P	19		GLN	1
3n40P	15	1	P	20		PRO	1
3n40P	16	1	P	21		PRO	1
3n40P	17	1	P	22		CYS	1
3n40P	18	1	P	23		THR	1
3n40P	19	1	P	24		PRO	1
3n40P	20	1	P	25		CYS	1
3n40P	21	1	P	26		CYS	1
3n40P	22	1	P	27		TYR	1
3n40P	23	1	P	28		GLU	1
3n40P	24	1	P	29		LYS	1
3n40P	25	1	P	30		GLU	1
3n40P	26	1	P	31		PRO	1
3n40P	27	1	P	32		GLU	1
3n40P	28	1	P	33		GLU	1
3n40P	29	1	P	34		THR	1
3n40P	30	1	P	35		LEU	1
3n40P	31	1	P	36		ARG	1
3n40P	32	1	P	37		MET	1
3n40P	33	1	P	38		LEU	1
3n40P	34	1	P	39		GLU	1
3n40P	35	1	P	40		ASP	1
3n40P	36	1	P	41		ASN	1
3n40P	37	1	P	42		VAL	1
3n40P	38	1	P	43		MET	1
3n40P	39	1	P	44		ARG	1
3n40P	40	1	P	45		PRO	1
3n40P	41	1	P	46		GLY	1
3n40P	42	1	P	47		TYR	1
3n40P	43	1	P	48		TYR	1
3n40P	44	1	P	49		GLN	1
3n40P	45	1	P	50		LEU	1
3n40P	46	1	P	51		LEU	1
3n40P	47	1	P	52		GLN	1
3n40P	48	1	P	53		ALA	1
3n40P	49	1	P	54		SER	1
3n40P	50	1	P	55		LEU	1
3n40P	51	1	P	56		THR	1
3n40P	52	1	P	57		CYS	1
3n40P	53	1	P	58		SER	1
3n40P	54	1	P	59		PRO	1
3n40P	55	1	P	60		HIS	1
3n40P	56	1	P	61		ARG	1
3n40P	57	1	P	62		GLN	1
3n40P	58	1	P	63		ARG	1
3n40P	59	1	P	64		GLU	1
3n40P	60	1	P	65		SER	1
3n40P	61	1	P	66		THR	1
3n40P	62	1	P	67		LYS	1
3n40P	63	1	P	68		ASP	1
3n40P	64	1	P	69		ASN	1
3n40P	65	1	P	70		PHE	1
3n40P	66	1	P	71		ASN	1
3n40P	67	1	P	72		VAL	1
3n40P	68	1	P	73		TYR	1
3n40P	69	1	P	74		LYS	1
3n40P	70	1	P	75		ALA	1
3n40P	71	1	P	76		THR	2
3n40P	72	1	P	77		ARG	2
3n40P	73	1	P	78		PRO	2
3n40P	74	1	P	79		TYR	2
3n40P	75	1	P	80		LEU	2
3n40P	76	1	P	81		ALA	2
3n40P	77	1	P	82		HIS	2
3n40P	78	1	P	83		CYS	2
3n40P	79	1	P	84		PRO	2
3n40P	80	1	P	85		ASP	2
3n40P	81	1	P	86		CYS	2
3n40P	82	1	P	87		GLY	2
3n40P	83	1	P	88		GLU	2
3n40P	84	1	P	89		GLY	2
3n40P	85	1	P	90		HIS	2
3n40P	86	1	P	91		SER	2
3n40P	87	1	P	92		CYS	2
3n40P	88	1	P	93		HIS	2
3n40P	89	1	P	94		SER	2
3n40P	90	1	P	95		PRO	2
3n40P	91	1	P	96		VAL	2
3n40P	92	1	P	97		ALA	2
3n40P	93	1	P	98		LEU	2
3n40P	94	1	P	99		GLU	2
3n40P	95	1	P	100		ARG	2
3n40P	96	1	P	101		ILE	2
3n40P	97	1	P	102		ARG	2
3n40P	98	1	P	103		ASN	2
3n40P	99	1	P	104		GLU	2
3n40P	100	1	P	105		ALA	2
3n40P	101	1	P	106		THR	2
3n40P	102	1	P	107		ASP	2
3n40P	103	1	P	108		GLY	2
3n40P	104	1	P	109		THR	2
3n40P	105	1	P	110		LEU	2
3n40P	106	1	P	111		LYS	2
3n40P	107	1	P	112		ILE	2
3n40P	108	1	P	113		GLN	2
3n40P	109	1	P	114		VAL	2
3n40P	110	1	P	115		SER	2
3n40P	111	1	P	116		LEU	2
3n40P	112	1	P	117		GLN	2
3n40P	113	1	P	118		ILE	2
3n40P	114	1	P	119		GLY	2
3n40P	115	1	P	120		ILE	2
3n40P	116	1	P	121		LYS	2
3n40P	117	1	P	122		THR	2
3n40P	118	1	P	123		ASP	2
3n40P	119	1	P	124		ASP	2
3n40P	120	1	P	125		SER	2
3n40P	121	1	P	126		HIS	2
3n40P	122	1	P	127		ASP	2
3n40P	123	1	P	128		TRP	2
3n40P	124	1	P	129		THR	2
3n40P	125	1	P	130		LYS	2
3n40P	126	1	P	131		LEU	2
3n40P	127	1	P	132		ARG	2
3n40P	128	1	P	133		TYR	2
3n40P	129	1	P	134		MET	2
3n40P	130	1	P	135		ASP	2
3n40P	131	1	P	136		ASN	2
3n40P	132	1	P	137		HIS	2
3n40P	133	1	P	138		MET	2
3n40P	134	1	P	139		PRO	2
3n40P	135	1	P	140		ALA	2
3n40P	136	1	P	141		ASP	2
3n40P	137	1	P	142		ALA	2
3n40P	138	1	P	143		GLU	2
3n40P	139	1	P	144		ARG	2
3n40P	140	1	P	145		ALA	2
3n40P	141	1	P	146		GLY	2
3n40P	142	1	P	147		LEU	2
3n40P	143	1	P	148		PHE	2
3n40P	144	1	P	149		VAL	2
3n40P	145	1	P	150		ARG	2
3n40P	146	1	P	151		THR	2
3n40P	147	1	P	152		SER	2
3n40P	148	1	P	153		ALA	2
3n40P	149	1	P	154		PRO	2
3n40P	150	1	P	155		CYS	2
3n40P	151	1	P	156		THR	2
3n40P	152	1	P	157		ILE	2
3n40P	153	1	P	158		THR	2
3n40P	154	1	P	159		GLY	2
3n40P	155	1	P	160		THR	2
3n40P	156	1	P	161		MET	2
3n40P	157	1	P	162		GLY	2
3n40P	158	1	P	163		HIS	2
3n40P	159	1	P	164		PHE	2
3n40P	160	1	P	165		ILE	2
3n40P	161	1	P	166		LEU	2
3n40P	162	1	P	167		ALA	2
3n40P	163	1	P	168		ARG	2
3n40P	164	1	P	169		CYS	2
3n40P	165	1	P	170		PRO	2
3n40P	166	1	P	171		LYS	2
3n40P	167	1	P	172		GLY	2
3n40P	168	1	P	173		GLU	2
3n40P	169	1	P	174		THR	2
3n40P	170	1	P	175		LEU	2
3n40P	171	1	P	176		THR	2
3n40P	172	1	P	177		VAL	2
3n40P	173	1	P	178		GLY	2
3n40P	174	1	P	179		PHE	2
3n40P	175	1	P	180		THR	2
3n40P	176	1	P	181		ASP	2
3n40P	177	1	P	182		SER	2
3n40P	178	1	P	183		ARG	2
3n40P	179	1	P	184		LYS	2
3n40P	180	1	P	185		ILE	2
3n40P	181	1	P	186		SER	2
3n40P	182	1	P	187		HIS	2
3n40P	183	1	P	188		SER	2
3n40P	184	1	P	189		CYS	2
3n40P	185	1	P	190		THR	2
3n40P	186	1	P	191		HIS	2
3n40P	187	1	P	192		PRO	2
3n40P	188	1	P	193		PHE	2
3n40P	189	1	P	194		HIS	2
3n40P	190	1	P	195		HIS	2
3n40P	191	1	P	196		ASP	2
3n40P	192	1	P	197		PRO	2
3n40P	193	1	P	198		PRO	2
3n40P	194	1	P	199		VAL	3
3n40P	195	1	P	200		ILE	3
3n40P	196	1	P	201		GLY	3
3n40P	197	1	P	202		ARG	3
3n40P	198	1	P	203		GLU	3
3n40P	199	1	P	204		LYS	3
3n40P	200	1	P	205		PHE	3
3n40P	201	1	P	206		HIS	3
3n40P	202	1	P	207		SER	3
3n40P	203	1	P	208		ARG	3
3n40P	204	1	P	209		PRO	3
3n40P	205	1	P	210		GLN	3
3n40P	206	1	P	211		HIS	3
3n40P	207	1	P	212		GLY	3
3n40P	208	1	P	213		LYS	2
3n40P	209	1	P	214		GLU	2
3n40P	210	1	P	215		LEU	2
3n40P	211	1	P	216		PRO	2
3n40P	212	1	P	217		CYS	2
3n40P	213	1	P	218		SER	2
3n40P	214	1	P	219		THR	2
3n40P	215	1	P	220		TYR	2
3n40P	216	1	P	221		VAL	2
3n40P	217	1	P	222		GLN	2
3n40P	218	1	P	223		SER	2
3n40P	219	1	P	224		THR	2
3n40P	220	1	P	225		ALA	2
3n40P	221	1	P	226		ALA	2
3n40P	222	1	P	227		THR	2
3n40P	223	1	P	228		THR	2
3n40P	224	1	P	229		GLU	2
3n40P	225	1	P	230		GLU	2
3n40P	226	1	P	231		ILE	2
3n40P	227	1	P	232		GLU	2
3n40P	228	1	P	233		VAL	2
3n40P	229	1	P	234		HIS	2
3n40P	230	1	P	235		MET	2
3n40P	231	1	P	236		PRO	2
3n40P	232	1	P	237		PRO	2
3n40P	233	1	P	238		ASP	4
3n40P	234	1	P	239		THR	4
3n40P	235	1	P	240		PRO	4
3n40P	236	1	P	241		ASP	4
3n40P	237	1	P	242		ARG	4
3n40P	238	1	P	243		THR	4
3n40P	239	1	P	244		LEU	4
3n40P	240	1	P	245		MET	4
3n40P	241	1	P	246		SER	4
3n40P	242	1	P	247		GLN	4
3n40P	243	1	P	248		GLN	4
3n40P	244	1	P	249		SER	4
3n40P	245	1	P	250		GLY	4
3n40P	246	1	P	251		ASN	4
3n40P	247	1	P	252		VAL	4
3n40P	248	1	P	253		LYS	4
3n40P	249	1	P	254		ILE	4
3n40P	250	1	P	255		THR	4
3n40P	251	1	P	256		VAL	4
3n40P	252	1	P	257		ASN	4
3n40P	253	1	P	258		GLY	4
3n40P	254	1	P	259		GLN	4
3n40P	255	1	P	260		THR	4
3n40P	256	1	P	261		VAL	4
3n40P	257	1	P	262		ARG	4
3n40P	258	1	P	263		TYR	4
3n40P	259	1	P	264		LYS	4
3n40P	260	1	P	265		CYS	4
3n40P	261	1	P	266		ASN	4
3n40P	262	1	P	267		CYS	4
3n40P	263	1	P	268		GLY	4
3n40P	264	1	P	269		GLY	4
3n40P	265	1	P	270		SER	4
3n40P	266	1	P	271		ASN	4
3n40P	267	1	P	272		GLU	4
3n40P	268	1	P	273		GLY	4
3n40P	269	1	P	274		LEU	4
3n40P	270	1	P	275		THR	4
3n40P	271	1	P	276		THR	4
3n40P	272	1	P	277		THR	4
3n40P	273	1	P	278		ASP	4
3n40P	274	1	P	279		LYS	4
3n40P	275	1	P	280		VAL	4
3n40P	276	1	P	281		ILE	4
3n40P	277	1	P	282		ASN	4
3n40P	278	1	P	283		ASN	4
3n40P	279	1	P	284		CYS	4
3n40P	280	1	P	285		LYS	4
3n40P	281	1	P	286		VAL	4
3n40P	282	1	P	287		ASP	4
3n40P	283	1	P	288		GLN	4
3n40P	284	1	P	289		CYS	4
3n40P	285	1	P	290		HIS	4
3n40P	286	1	P	291		ALA	4
3n40P	287	1	P	292		ALA	4
3n40P	288	1	P	293		VAL	4
3n40P	289	1	P	294		THR	4
3n40P	290	1	P	295		ASN	2
3n40P	291	1	P	296		HIS	2
3n40P	292	1	P	297		LYS	2
3n40P	293	1	P	298		LYS	2
3n40P	294	1	P	299		TRP	2
3n40P	295	1	P	300		GLN	2
3n40P	296	1	P	301		TYR	2
3n40P	297	1	P	302		ASN	2
3n40P	298	1	P	303		SER	2
3n40P	299	1	P	304		PRO	2
3n40P	300	1	P	305		LEU	2
3n40P	301	1	P	306		VAL	2
3n40P	302	1	P	307		PRO	2
3n40P	303	1	P	308		ARG	2
3n40P	304	1	P	309		ASN	2
3n40P	305	1	P	310		ALA	2
3n40P	306	1	P	311		GLU	2
3n40P	307	1	P	312		LEU	2
3n40P	308	1	P	313		GLY	2
3n40P	309	1	P	314		ASP	2
3n40P	310	1	P	315		ARG	2
3n40P	311	1	P	316		LYS	2
3n40P	312	1	P	317		GLY	2
3n40P	313	1	P	318		LYS	2
3n40P	314	1	P	319		ILE	2
3n40P	315	1	P	320		HIS	2
3n40P	316	1	P	321		ILE	2
3n40P	317	1	P	322		PRO	2
3n40P	318	1	P	323		PHE	2
3n40P	319	1	P	324		PRO	2
3n40P	320	1	P	325		LEU	2
3n40P	321	1	P	326		ALA	2
3n40P	322	1	P	327		ASN	2
3n40P	323	1	P	328		VAL	2
3n40P	324	1	P	329		THR	2
3n40P	325	1	P	330		CYS	2
3n40P	326	1	P	331		ARG	2
3n40P	327	1	P	332		VAL	2
3n40P	328	1	P	333		PRO	2
3n40P	329	1	P	334		LYS	3
3n40P	330	1	P	335		ALA	3
3n40P	331	1	P	336		ARG	3
3n40P	332	1	P	337		ASN	3
3n40P	333	1	P	338		PRO	3
3n40P	334	1	P	339		THR	3
3n40P	335	1	P	340		VAL	3
3n40P	336	1	P	341		THR	3
3n40P	337	1	P	342		TYR	3
3n40P	338	1	P	343		GLY	3
3n40P	339	1	P	344		LYS	3
3n40P	340	1	P	345		ASN	3
3n40P	341	1	P	346		GLN	3
3n40P	342	1	P	347		VAL	3
3n40P	343	1	P	348		ILE	3
3n40P	344	1	P	349		MET	3
3n40P	345	1	P	350		LEU	3
3n40P	346	1	P	351		LEU	3
3n40P	347	1	P	352		TYR	3
3n40P	348	1	P	353		PRO	3
3n40P	349	1	P	354		ASP	3
3n40P	350	1	P	355		HIS	3
3n40P	351	1	P	356		PRO	3
3n40P	352	1	P	357		THR	3
3n40P	353	1	P	358		LEU	3
3n40P	354	1	P	359		LEU	3
3n40P	355	1	P	360		SER	3
3n40P	356	1	P	361		TYR	3
3n40P	357	1	P	362		ARG	3
3n40P	358	1	P	363		ASN	3
3n40P	359	1	P	364		MET	3
3n40P	360	1	P	365		GLY	3
3n40P	361	1	P	366		GLU	3
3n40P	362	1	P	367		GLU	3
3n40P	363	1	P	368		PRO	3
3n40P	364	1	P	369		ASN	3
3n40P	365	1	P	370		TYR	3
3n40P	366	1	P	371		GLN	3
3n40P	367	1	P	372		GLU	3
3n40P	368	1	P	373		GLU	3
3n40P	369	1	P	374		TRP	3
3n40P	370	1	P	375		VAL	3
3n40P	371	1	P	376		MET	3
3n40P	372	1	P	377		HIS	3
3n40P	373	1	P	378		LYS	3
3n40P	374	1	P	379		LYS	3
3n40P	375	1	P	380		GLU	3
3n40P	376	1	P	381		VAL	3
3n40P	377	1	P	382		VAL	3
3n40P	378	1	P	383		LEU	3
3n40P	379	1	P	384		THR	3
3n40P	380	1	P	385		VAL	3
3n40P	381	1	P	386		PRO	3
3n40P	382	1	P	387		THR	3
3n40P	383	1	P	388		GLU	3
3n40P	384	1	P	389		GLY	3
3n40P	385	1	P	390		LEU	3
3n40P	386	1	P	391		GLU	3
3n40P	387	1	P	392		VAL	3
3n40P	388	1	P	393		THR	3
3n40P	389	1	P	394		TRP	3
3n40P	390	1	P	395		GLY	3
3n40P	391	1	P	396		ASN	3
3n40P	392	1	P	397		ASN	3
3n40P	393	1	P	398		GLU	3
3n40P	394	1	P	399		PRO	3
3n40P	395	1	P	400		TYR	3
3n40P	396	1	P	401		LYS	3
3n40P	397	1	P	402		TYR	3
3n40P	398	1	P	403		TRP	3
3n40P	399	1	P	404		PRO	3
3n40P	400	1	P	405		GLN	3
1uz5A	0	1	A	5		LYS	1
1uz5A	1	1	A	6		VAL	1
1uz5A	2	1	A	7		VAL	1
1uz5A	3	1	A	8		PRO	1
1uz5A	4	1	A	9		LEU	1
1uz5A	5	1	A	10		GLU	1
1uz5A	6	1	A	11		LYS	1
1uz5A	7	1	A	12		ALA	1
1uz5A	8	1	A	13		LEU	1
1uz5A	9	1	A	14		GLU	1
1uz5A	10	1	A	15		VAL	1
1uz5A	11	1	A	16		VAL	1
1uz5A	12	1	A	17		GLN	1
1uz5A	13	1	A	18		SER	1
1uz5A	14	1	A	19		PHE	1
1uz5A	15	1	A	20		LYS	1
1uz5A	16	1	A	21		ILE	1
1uz5A	17	1	A	22		SER	1
1uz5A	18	1	A	23		PRO	1
1uz5A	19	1	A	24		GLY	3
1uz5A	20	1	A	25		ILE	3
1uz5A	21	1	A	26		GLU	3
1uz5A	22	1	A	27		GLU	3
1uz5A	23	1	A	28		VAL	3
1uz5A	24	1	A	29		PRO	3
1uz5A	25	1	A	30		ILE	3
1uz5A	26	1	A	31		GLU	3
1uz5A	27	1	A	32		LYS	3
1uz5A	28	1	A	33		GLY	3
1uz5A	29	1	A	34		LEU	3
1uz5A	30	1	A	35		GLY	3
1uz5A	31	1	A	36		ARG	3
1uz5A	32	1	A	37		ILE	3
1uz5A	33	1	A	38		ALA	3
1uz5A	34	1	A	39		ALA	3
1uz5A	35	1	A	40		GLU	3
1uz5A	36	1	A	41		ASP	3
1uz5A	37	1	A	42		ILE	3
1uz5A	38	1	A	43		TYR	3
1uz5A	39	1	A	44		SER	3
1uz5A	40	1	A	45		PRO	3
1uz5A	41	1	A	46		ILE	3
1uz5A	42	1	A	47		ASP	3
1uz5A	43	1	A	48		VAL	3
1uz5A	44	1	A	49		PRO	4
1uz5A	45	1	A	50		PRO	4
1uz5A	46	1	A	51		PHE	4
1uz5A	47	1	A	52		ASP	4
1uz5A	48	1	A	53		ARG	4
1uz5A	49	1	A	54		ALA	4
1uz5A	50	1	A	55		THR	4
1uz5A	51	1	A	56		VAL	4
1uz5A	52	1	A	57		ASP	4
1uz5A	53	1	A	58		GLY	4
1uz5A	54	1	A	59		TYR	4
1uz5A	55	1	A	60		ALA	4
1uz5A	56	1	A	61		VAL	4
1uz5A	57	1	A	62		ARG	4
1uz5A	58	1	A	63		ALA	4
1uz5A	59	1	A	64		GLU	4
1uz5A	60	1	A	65		ASP	4
1uz5A	61	1	A	66		THR	4
1uz5A	62	1	A	67		PHE	4
1uz5A	63	1	A	68		MET	4
1uz5A	64	1	A	69		ALA	4
1uz5A	65	1	A	70		SER	4
1uz5A	66	1	A	71		GLU	4
1uz5A	67	1	A	72		ALA	4
1uz5A	68	1	A	73		SER	4
1uz5A	69	1	A	74		PRO	4
1uz5A	70	1	A	75		VAL	4
1uz5A	71	1	A	76		ARG	4
1uz5A	72	1	A	77		LEU	4
1uz5A	73	1	A	78		LYS	4
1uz5A	74	1	A	79		VAL	4
1uz5A	75	1	A	80		ILE	4
1uz5A	76	1	A	81		GLY	4
1uz5A	77	1	A	82		SER	4
1uz5A	78	1	A	83		VAL	4
1uz5A	79	1	A	84		HIS	4
1uz5A	80	1	A	85		ALA	4
1uz5A	81	1	A	86		GLY	4
1uz5A	82	1	A	87		GLU	4
1uz5A	83	1	A	88		GLU	4
1uz5A	84	1	A	89		PRO	4
1uz5A	85	1	A	90		LYS	4
1uz5A	86	1	A	91		PHE	4
1uz5A	87	1	A	92		LYS	4
1uz5A	88	1	A	93		LEU	4
1uz5A	89	1	A	94		GLY	4
1uz5A	90	1	A	95		LYS	4
1uz5A	91	1	A	96		GLY	4
1uz5A	92	1	A	97		GLU	4
1uz5A	93	1	A	98		ALA	4
1uz5A	94	1	A	99		ALA	4
1uz5A	95	1	A	100		TYR	4
1uz5A	96	1	A	101		ILE	4
1uz5A	97	1	A	102		SER	4
1uz5A	98	1	A	103		THR	4
1uz5A	99	1	A	104		GLY	4
1uz5A	100	1	A	105		ALA	4
1uz5A	101	1	A	106		MET	4
1uz5A	102	1	A	107		LEU	4
1uz5A	103	1	A	108		PRO	4
1uz5A	104	1	A	109		GLY	4
1uz5A	105	1	A	110		ASN	4
1uz5A	106	1	A	111		ALA	4
1uz5A	107	1	A	112		ASP	4
1uz5A	108	1	A	113		ALA	4
1uz5A	109	1	A	114		VAL	4
1uz5A	110	1	A	115		ILE	4
1uz5A	111	1	A	116		GLN	4
1uz5A	112	1	A	117		PHE	4
1uz5A	113	1	A	118		GLU	4
1uz5A	114	1	A	119		ASP	4
1uz5A	115	1	A	120		VAL	4
1uz5A	116	1	A	121		GLU	4
1uz5A	117	1	A	122		ARG	4
1uz5A	118	1	A	123		VAL	4
1uz5A	119	1	A	124		ASN	4
1uz5A	120	1	A	125		GLY	4
1uz5A	121	1	A	126		GLU	4
1uz5A	122	1	A	127		ILE	4
1uz5A	123	1	A	128		LEU	4
1uz5A	124	1	A	129		ILE	4
1uz5A	125	1	A	130		TYR	4
1uz5A	126	1	A	131		LYS	4
1uz5A	127	1	A	132		PRO	4
1uz5A	128	1	A	133		ALA	4
1uz5A	129	1	A	134		TYR	4
1uz5A	130	1	A	135		PRO	4
1uz5A	131	1	A	136		GLY	4
1uz5A	132	1	A	137		LEU	4
1uz5A	133	1	A	138		GLY	4
1uz5A	134	1	A	139		VAL	4
1uz5A	135	1	A	140		MET	4
1uz5A	136	1	A	141		LYS	4
1uz5A	137	1	A	142		LYS	4
1uz5A	138	1	A	143		GLY	4
1uz5A	139	1	A	144		ILE	4
1uz5A	140	1	A	145		ASP	3
1uz5A	141	1	A	146		ILE	3
1uz5A	142	1	A	147		GLU	3
1uz5A	143	1	A	148		LYS	3
1uz5A	144	1	A	149		GLY	3
1uz5A	145	1	A	150		ARG	3
1uz5A	146	1	A	151		LEU	3
1uz5A	147	1	A	152		LEU	3
1uz5A	148	1	A	153		VAL	3
1uz5A	149	1	A	154		LYS	3
1uz5A	150	1	A	155		LYS	3
1uz5A	151	1	A	156		GLY	3
1uz5A	152	1	A	157		GLU	3
1uz5A	153	1	A	158		ARG	3
1uz5A	154	1	A	159		LEU	3
1uz5A	155	1	A	160		GLY	3
1uz5A	156	1	A	161		PHE	3
1uz5A	157	1	A	162		LYS	3
1uz5A	158	1	A	163		GLN	3
1uz5A	159	1	A	164		THR	3
1uz5A	160	1	A	165		ALA	3
1uz5A	161	1	A	166		LEU	3
1uz5A	162	1	A	167		LEU	3
1uz5A	163	1	A	168		SER	3
1uz5A	164	1	A	169		ALA	3
1uz5A	165	1	A	170		VAL	3
1uz5A	166	1	A	171		GLY	3
1uz5A	167	1	A	172		ILE	3
1uz5A	168	1	A	173		ASN	3
1uz5A	169	1	A	174		LYS	3
1uz5A	170	1	A	175		VAL	3
1uz5A	171	1	A	176		LYS	3
1uz5A	172	1	A	177		VAL	3
1uz5A	173	1	A	178		PHE	3
1uz5A	174	1	A	179		ARG	3
1uz5A	175	1	A	180		LYS	1
1uz5A	176	1	A	181		PRO	1
1uz5A	177	1	A	182		LYS	1
1uz5A	178	1	A	183		VAL	1
1uz5A	179	1	A	184		ALA	1
1uz5A	180	1	A	185		VAL	1
1uz5A	181	1	A	186		ILE	1
1uz5A	182	1	A	187		SER	1
1uz5A	183	1	A	188		THR	1
1uz5A	184	1	A	189		GLY	1
1uz5A	185	1	A	190		ASN	1
1uz5A	186	1	A	191		GLU	1
1uz5A	187	1	A	192		ILE	1
1uz5A	188	1	A	193		VAL	1
1uz5A	189	1	A	194		PRO	1
1uz5A	190	1	A	195		PRO	1
1uz5A	191	1	A	196		GLY	1
1uz5A	192	1	A	197		ASN	1
1uz5A	193	1	A	198		GLU	1
1uz5A	194	1	A	199		LEU	1
1uz5A	195	1	A	200		LYS	1
1uz5A	196	1	A	201		PRO	1
1uz5A	197	1	A	202		GLY	1
1uz5A	198	1	A	203		GLN	1
1uz5A	199	1	A	204		ILE	1
1uz5A	200	1	A	205		TYR	1
1uz5A	201	1	A	206		ASP	1
1uz5A	202	1	A	207		ILE	1
1uz5A	203	1	A	208		ASN	1
1uz5A	204	1	A	209		GLY	1
1uz5A	205	1	A	210		ARG	1
1uz5A	206	1	A	211		ALA	1
1uz5A	207	1	A	212		LEU	1
1uz5A	208	1	A	213		CYS	1
1uz5A	209	1	A	214		ASP	1
1uz5A	210	1	A	215		ALA	1
1uz5A	211	1	A	216		ILE	1
1uz5A	212	1	A	217		ASN	1
1uz5A	213	1	A	218		GLU	1
1uz5A	214	1	A	219		LEU	1
1uz5A	215	1	A	220		GLY	1
1uz5A	216	1	A	221		GLY	1
1uz5A	217	1	A	222		GLU	1
1uz5A	218	1	A	223		GLY	1
1uz5A	219	1	A	224		ILE	1
1uz5A	220	1	A	225		PHE	1
1uz5A	221	1	A	226		MET	1
1uz5A	222	1	A	227		GLY	1
1uz5A	223	1	A	228		VAL	1
1uz5A	224	1	A	229		ALA	1
1uz5A	225	1	A	230		ARG	1
1uz5A	226	1	A	231		ASP	1
1uz5A	227	1	A	232		ASP	1
1uz5A	228	1	A	233		LYS	1
1uz5A	229	1	A	234		GLU	1
1uz5A	230	1	A	235		SER	1
1uz5A	231	1	A	236		LEU	1
1uz5A	232	1	A	237		LYS	1
1uz5A	233	1	A	238		ALA	1
1uz5A	234	1	A	239		LEU	1
1uz5A	235	1	A	240		ILE	1
1uz5A	236	1	A	241		GLU	1
1uz5A	237	1	A	242		LYS	1
1uz5A	238	1	A	243		ALA	1
1uz5A	239	1	A	244		VAL	1
1uz5A	240	1	A	245		ASN	1
1uz5A	241	1	A	246		VAL	1
1uz5A	242	1	A	247		GLY	1
1uz5A	243	1	A	248		ASP	1
1uz5A	244	1	A	249		VAL	1
1uz5A	245	1	A	250		VAL	1
1uz5A	246	1	A	251		VAL	1
1uz5A	247	1	A	252		ILE	1
1uz5A	248	1	A	253		SER	1
1uz5A	249	1	A	254		GLY	1
1uz5A	250	1	A	255		GLY	1
1uz5A	251	1	A	256		ALA	1
1uz5A	252	1	A	262		ASP	1
1uz5A	253	1	A	263		LEU	1
1uz5A	254	1	A	264		THR	1
1uz5A	255	1	A	265		ALA	1
1uz5A	256	1	A	266		SER	1
1uz5A	257	1	A	267		VAL	1
1uz5A	258	1	A	268		ILE	1
1uz5A	259	1	A	269		GLU	1
1uz5A	260	1	A	270		GLU	1
1uz5A	261	1	A	271		LEU	1
1uz5A	262	1	A	272		GLY	1
1uz5A	263	1	A	273		GLU	1
1uz5A	264	1	A	274		VAL	1
1uz5A	265	1	A	275		LYS	1
1uz5A	266	1	A	276		VAL	1
1uz5A	267	1	A	277		HIS	1
1uz5A	268	1	A	278		GLY	1
1uz5A	269	1	A	279		ILE	1
1uz5A	270	1	A	280		ALA	1
1uz5A	271	1	A	281		ILE	1
1uz5A	272	1	A	282		GLN	1
1uz5A	273	1	A	283		PRO	1
1uz5A	274	1	A	284		GLY	1
1uz5A	275	1	A	285		LYS	1
1uz5A	276	1	A	286		PRO	1
1uz5A	277	1	A	287		THR	1
1uz5A	278	1	A	288		ILE	1
1uz5A	279	1	A	289		ILE	1
1uz5A	280	1	A	290		GLY	1
1uz5A	281	1	A	291		VAL	1
1uz5A	282	1	A	292		ILE	1
1uz5A	283	1	A	293		LYS	1
1uz5A	284	1	A	294		GLY	1
1uz5A	285	1	A	295		LYS	1
1uz5A	286	1	A	296		PRO	1
1uz5A	287	1	A	297		VAL	1
1uz5A	288	1	A	298		PHE	1
1uz5A	289	1	A	299		GLY	1
1uz5A	290	1	A	300		LEU	1
1uz5A	291	1	A	301		PRO	1
1uz5A	292	1	A	302		GLY	1
1uz5A	293	1	A	303		TYR	1
1uz5A	294	1	A	304		PRO	1
1uz5A	295	1	A	305		THR	1
1uz5A	296	1	A	306		SER	1
1uz5A	297	1	A	307		CYS	1
1uz5A	298	1	A	308		LEU	1
1uz5A	299	1	A	309		THR	1
1uz5A	300	1	A	310		ASN	1
1uz5A	301	1	A	311		PHE	1
1uz5A	302	1	A	312		THR	1
1uz5A	303	1	A	313		LEU	1
1uz5A	304	1	A	314		LEU	1
1uz5A	305	1	A	315		VAL	1
1uz5A	306	1	A	316		VAL	1
1uz5A	307	1	A	317		PRO	1
1uz5A	308	1	A	318		LEU	1
1uz5A	309	1	A	319		LEU	1
1uz5A	310	1	A	320		LEU	1
1uz5A	311	1	A	321		ARG	1
1uz5A	312	1	A	322		ALA	1
1uz5A	313	1	A	323		LEU	1
1uz5A	314	1	A	324		GLY	1
1uz5A	315	1	A	325		ARG	1
1uz5A	316	1	A	326		GLU	1
1uz5A	317	1	A	327		GLY	1
1uz5A	318	1	A	328		LYS	1
1uz5A	319	1	A	329		ILE	2
1uz5A	320	1	A	330		GLY	2
1uz5A	321	1	A	331		LYS	2
1uz5A	322	1	A	332		LYS	2
1uz5A	323	1	A	333		VAL	2
1uz5A	324	1	A	334		ALA	2
1uz5A	325	1	A	335		ARG	2
1uz5A	326	1	A	336		LEU	2
1uz5A	327	1	A	337		LYS	2
1uz5A	328	1	A	338		HIS	2
1uz5A	329	1	A	339		LYS	2
1uz5A	330	1	A	340		VAL	2
1uz5A	331	1	A	341		PHE	2
1uz5A	332	1	A	342		SER	2
1uz5A	333	1	A	343		VAL	2
1uz5A	334	1	A	346		ARG	2
1uz5A	335	1	A	347		ARG	2
1uz5A	336	1	A	348		GLN	2
1uz5A	337	1	A	349		PHE	2
1uz5A	338	1	A	350		LEU	2
1uz5A	339	1	A	351		PRO	2
1uz5A	340	1	A	352		VAL	2
1uz5A	341	1	A	353		LYS	2
1uz5A	342	1	A	354		LEU	2
1uz5A	343	1	A	355		GLU	2
1uz5A	344	1	A	356		GLY	2
1uz5A	345	1	A	357		ASP	2
1uz5A	346	1	A	358		LEU	2
1uz5A	347	1	A	359		ALA	2
1uz5A	348	1	A	360		VAL	2
1uz5A	349	1	A	361		PRO	2
1uz5A	350	1	A	362		ILE	2
1uz5A	351	1	A	363		LEU	2
1uz5A	352	1	A	364		LYS	2
1uz5A	353	1	A	365		GLY	2
1uz5A	354	1	A	366		SER	2
1uz5A	355	1	A	367		GLY	2
1uz5A	356	1	A	368		ALA	2
1uz5A	357	1	A	369		VAL	2
1uz5A	358	1	A	370		THR	2
1uz5A	359	1	A	371		SER	2
1uz5A	360	1	A	372		PHE	2
1uz5A	361	1	A	373		ILE	2
1uz5A	362	1	A	374		ASP	2
1uz5A	363	1	A	375		ALA	2
1uz5A	364	1	A	376		ASP	2
1uz5A	365	1	A	377		GLY	2
1uz5A	366	1	A	378		PHE	2
1uz5A	367	1	A	379		VAL	2
1uz5A	368	1	A	380		GLU	2
1uz5A	369	1	A	381		ILE	2
1uz5A	370	1	A	382		PRO	2
1uz5A	371	1	A	383		GLU	2
1uz5A	372	1	A	384		THR	2
1uz5A	373	1	A	385		VAL	2
1uz5A	374	1	A	386		GLU	2
1uz5A	375	1	A	387		SER	2
1uz5A	376	1	A	388		LEU	2
1uz5A	377	1	A	389		ASP	2
1uz5A	378	1	A	390		GLU	2
1uz5A	379	1	A	391		GLY	2
1uz5A	380	1	A	392		GLU	2
1uz5A	381	1	A	393		GLU	2
1uz5A	382	1	A	394		VAL	2
1uz5A	383	1	A	395		GLU	2
1uz5A	384	1	A	396		VAL	2
1uz5A	385	1	A	397		THR	2
1uz5A	386	1	A	398		LEU	2
1uz5A	387	1	A	399		PHE	2
1uz5A	388	1	A	400		LYS	2
1uz5A	389	1	A	401		GLY	2
1uz5A	390	1	A	402		TRP	2
4hizA	0	1	A	99		TRP	1
4hizA	1	1	A	100		ILE	1
4hizA	2	1	A	101		ILE	1
4hizA	3	1	A	102		ASP	1
4hizA	4	1	A	103		GLY	1
4hizA	5	1	A	104		ARG	1
4hizA	6	1	A	105		ASN	1
4hizA	7	1	A	106		LEU	1
4hizA	8	1	A	107		THR	1
4hizA	9	1	A	108		PHE	1
4hizA	10	1	A	109		LYS	1
4hizA	11	1	A	110		VAL	1
4hizA	12	1	A	111		THR	1
4hizA	13	1	A	112		THR	1
4hizA	14	1	A	113		LEU	1
4hizA	15	1	A	114		PRO	1
4hizA	16	1	A	115		ASP	1
4hizA	17	1	A	116		ILE	1
4hizA	18	1	A	117		SER	1
4hizA	19	1	A	118		LYS	1
4hizA	20	1	A	119		PHE	1
4hizA	21	1	A	120		LYS	1
4hizA	22	1	A	121		ASN	1
4hizA	23	1	A	122		ALA	1
4hizA	24	1	A	123		ALA	1
4hizA	25	1	A	124		PHE	1
4hizA	26	1	A	125		VAL	1
4hizA	27	1	A	126		TYR	1
4hizA	28	1	A	127		GLU	1
4hizA	29	1	A	128		ARG	1
4hizA	30	1	A	129		ILE	1
4hizA	31	1	A	130		VAL	1
4hizA	32	1	A	131		GLY	1
4hizA	33	1	A	132		GLN	1
4hizA	34	1	A	133		PRO	1
4hizA	35	1	A	134		LEU	1
4hizA	36	1	A	135		THR	1
4hizA	37	1	A	136		TYR	1
4hizA	38	1	A	137		VAL	1
4hizA	39	1	A	138		SER	1
4hizA	40	1	A	139		GLU	1
4hizA	41	1	A	140		GLY	1
4hizA	42	1	A	141		PHE	1
4hizA	43	1	A	142		PHE	2
4hizA	44	1	A	143		ASP	2
4hizA	45	1	A	144		GLY	2
4hizA	46	1	A	145		ASN	2
4hizA	47	1	A	146		LEU	2
4hizA	48	1	A	147		THR	2
4hizA	49	1	A	148		LYS	2
4hizA	50	1	A	149		ILE	2
4hizA	51	1	A	150		THR	2
4hizA	52	1	A	151		ASP	2
4hizA	53	1	A	152		THR	2
4hizA	54	1	A	153		PRO	2
4hizA	55	1	A	154		PHE	2
4hizA	56	1	A	155		TYR	2
4hizA	57	1	A	156		ASN	2
4hizA	58	1	A	157		ALA	2
4hizA	59	1	A	158		TRP	2
4hizA	60	1	A	159		THR	2
4hizA	61	1	A	160		GLN	2
4hizA	62	1	A	161		ASP	3
4hizA	63	1	A	162		LYS	3
4hizA	64	1	A	163		THR	3
4hizA	65	1	A	164		PHE	3
4hizA	66	1	A	165		VAL	3
4hizA	67	1	A	166		TYR	3
4hizA	68	1	A	167		ASP	3
4hizA	69	1	A	168		ASN	3
4hizA	70	1	A	169		VAL	3
4hizA	71	1	A	170		ILE	3
4hizA	72	1	A	171		TYR	3
4hizA	73	1	A	172		ALA	3
4hizA	74	1	A	173		PRO	3
4hizA	75	1	A	174		PHE	3
4hizA	76	1	A	175		MET	3
4hizA	77	1	A	176		ALA	3
4hizA	78	1	A	177		GLY	3
4hizA	79	1	A	178		GLU	3
4hizA	80	1	A	179		ARG	3
4hizA	81	1	A	180		HIS	3
4hizA	82	1	A	181		GLY	3
4hizA	83	1	A	182		VAL	3
4hizA	84	1	A	183		GLN	3
4hizA	85	1	A	184		ASN	3
4hizA	86	1	A	185		LEU	3
4hizA	87	1	A	186		HIS	3
4hizA	88	1	A	187		VAL	3
4hizA	89	1	A	188		ALA	3
4hizA	90	1	A	189		TRP	3
4hizA	91	1	A	190		VAL	3
4hizA	92	1	A	191		LYS	3
4hizA	93	1	A	192		SER	3
4hizA	94	1	A	193		GLY	3
4hizA	95	1	A	194		ASP	3
4hizA	96	1	A	195		ASP	3
4hizA	97	1	A	196		GLY	3
4hizA	98	1	A	197		GLN	3
4hizA	99	1	A	198		THR	3
4hizA	100	1	A	199		TRP	3
4hizA	101	1	A	200		SER	3
4hizA	102	1	A	201		MET	3
4hizA	103	1	A	202		PRO	3
4hizA	104	1	A	203		GLU	3
4hizA	105	1	A	204		TRP	3
4hizA	106	1	A	205		LEU	3
4hizA	107	1	A	206		THR	3
4hizA	108	1	A	207		PRO	3
4hizA	109	1	A	208		ILE	3
4hizA	110	1	A	209		HIS	3
4hizA	111	1	A	210		PRO	3
4hizA	112	1	A	211		ASP	3
4hizA	113	1	A	212		TYR	3
4hizA	114	1	A	213		THR	3
4hizA	115	1	A	214		ALA	3
4hizA	116	1	A	215		ASP	3
4hizA	117	1	A	216		LYS	3
4hizA	118	1	A	217		VAL	3
4hizA	119	1	A	218		ASN	3
4hizA	120	1	A	219		TYR	3
4hizA	121	1	A	220		HIS	3
4hizA	122	1	A	221		CYS	3
4hizA	123	1	A	222		MET	3
4hizA	124	1	A	223		SER	3
4hizA	125	1	A	224		MET	3
4hizA	126	1	A	225		GLY	3
4hizA	127	1	A	226		VAL	3
4hizA	128	1	A	227		CYS	3
4hizA	129	1	A	228		GLY	3
4hizA	130	1	A	229		ASN	3
4hizA	131	1	A	230		ARG	3
4hizA	132	1	A	231		LEU	3
4hizA	133	1	A	232		TYR	3
4hizA	134	1	A	233		ALA	3
4hizA	135	1	A	234		VAL	3
4hizA	136	1	A	235		ILE	3
4hizA	137	1	A	236		GLU	3
4hizA	138	1	A	237		THR	3
4hizA	139	1	A	238		ARG	3
4hizA	140	1	A	239		TYR	3
4hizA	141	1	A	240		LEU	3
4hizA	142	1	A	241		SER	3
4hizA	143	1	A	242		ASN	3
4hizA	144	1	A	243		MET	3
4hizA	145	1	A	244		ARG	3
4hizA	146	1	A	245		LEU	3
4hizA	147	1	A	246		LYS	3
4hizA	148	1	A	247		LYS	3
4hizA	149	1	A	248		ALA	3
4hizA	150	1	A	249		GLU	3
4hizA	151	1	A	250		LEU	3
4hizA	152	1	A	251		TRP	3
4hizA	153	1	A	252		SER	3
4hizA	154	1	A	253		ARG	4
4hizA	155	1	A	254		PRO	4
4hizA	156	1	A	255		MET	4
4hizA	157	1	A	256		PRO	4
4hizA	158	1	A	257		TYR	4
4hizA	159	1	A	258		TYR	4
4hizA	160	1	A	259		ARG	4
4hizA	161	1	A	260		ARG	4
4hizA	162	1	A	261		PRO	4
4hizA	163	1	A	262		THR	4
4hizA	164	1	A	263		GLY	4
4hizA	165	1	A	264		GLY	4
4hizA	166	1	A	265		ILE	4
4hizA	167	1	A	266		THR	4
4hizA	168	1	A	267		ILE	4
4hizA	169	1	A	268		SER	4
4hizA	170	1	A	269		SER	4
4hizA	171	1	A	270		GLY	4
4hizA	172	1	A	271		SER	4
4hizA	173	1	A	272		THR	4
4hizA	174	1	A	273		THR	4
4hizA	175	1	A	274		ALA	4
4hizA	176	1	A	275		THR	4
4hizA	177	1	A	276		ILE	4
4hizA	178	1	A	277		VAL	4
4hizA	179	1	A	278		LEU	4
4hizA	180	1	A	279		LYS	4
4hizA	181	1	A	280		LYS	4
4hizA	182	1	A	281		HIS	4
4hizA	183	1	A	282		GLY	4
4hizA	184	1	A	283		LEU	4
4hizA	185	1	A	284		LYS	4
4hizA	186	1	A	285		VAL	4
4hizA	187	1	A	286		GLY	4
4hizA	188	1	A	287		ASP	4
4hizA	189	1	A	288		ALA	4
4hizA	190	1	A	289		VAL	4
4hizA	191	1	A	290		ASN	4
4hizA	192	1	A	291		PHE	4
4hizA	193	1	A	292		SER	4
4hizA	194	1	A	293		ASN	4
4hizA	195	1	A	294		SER	4
4hizA	196	1	A	295		GLY	4
4hizA	197	1	A	296		ALA	4
4hizA	198	1	A	297		THR	4
4hizA	199	1	A	298		GLY	4
4hizA	200	1	A	299		VAL	4
4hizA	201	1	A	300		SER	4
4hizA	202	1	A	301		GLY	4
4hizA	203	1	A	302		ASN	4
4hizA	204	1	A	303		MET	4
4hizA	205	1	A	304		THR	4
4hizA	206	1	A	305		VAL	4
4hizA	207	1	A	306		ALA	4
4hizA	208	1	A	307		SER	4
4hizA	209	1	A	308		VAL	4
4hizA	210	1	A	309		ILE	4
4hizA	211	1	A	310		ASN	4
4hizA	212	1	A	311		LYS	4
4hizA	213	1	A	312		ASP	4
4hizA	214	1	A	313		THR	4
4hizA	215	1	A	314		PHE	4
4hizA	216	1	A	315		THR	4
4hizA	217	1	A	316		VAL	4
4hizA	218	1	A	317		THR	4
4hizA	219	1	A	318		LEU	4
4hizA	220	1	A	319		ALA	4
4hizA	221	1	A	320		ARG	4
4hizA	222	1	A	321		ALA	4
4hizA	223	1	A	322		ALA	4
4hizA	224	1	A	323		THR	4
4hizA	225	1	A	324		SER	4
4hizA	226	1	A	325		ASN	4
4hizA	227	1	A	326		ILE	4
4hizA	228	1	A	327		ASP	4
4hizA	229	1	A	328		ASN	4
4hizA	230	1	A	329		THR	4
4hizA	231	1	A	330		GLY	4
4hizA	232	1	A	331		THR	4
4hizA	233	1	A	332		THR	4
4hizA	234	1	A	333		TRP	4
4hizA	235	1	A	334		HIS	4
4hizA	236	1	A	335		PHE	4
4hizA	237	1	A	336		GLY	4
4hizA	238	1	A	337		THR	4
4hizA	239	1	A	338		ARG	4
4hizA	240	1	A	339		PHE	4
4hizA	241	1	A	340		TRP	4
4hizA	242	1	A	341		ASP	4
4hizA	243	1	A	342		SER	4
4hizA	244	1	A	343		PRO	4
4hizA	245	1	A	344		TRP	3
4hizA	246	1	A	345		GLU	3
4hizA	247	1	A	346		ILE	3
4hizA	248	1	A	347		THR	3
4hizA	249	1	A	348		GLU	3
4hizA	250	1	A	349		LEU	3
4hizA	251	1	A	350		PRO	3
4hizA	252	1	A	351		ASP	3
4hizA	253	1	A	352		VAL	3
4hizA	254	1	A	353		ALA	3
4hizA	255	1	A	354		TYR	3
4hizA	256	1	A	355		SER	3
4hizA	257	1	A	356		THR	3
4hizA	258	1	A	357		ASN	3
4hizA	259	1	A	358		ALA	3
4hizA	260	1	A	359		ASP	3
4hizA	261	1	A	360		LEU	3
4hizA	262	1	A	361		CYS	3
4hizA	263	1	A	362		VAL	3
4hizA	264	1	A	363		THR	3
4hizA	265	1	A	364		GLU	3
4hizA	266	1	A	365		THR	3
4hizA	267	1	A	366		HIS	3
4hizA	268	1	A	367		SER	3
4hizA	269	1	A	368		PHE	3
4hizA	270	1	A	369		THR	3
4hizA	271	1	A	370		VAL	3
4hizA	272	1	A	371		ILE	3
4hizA	273	1	A	372		ASP	3
4hizA	274	1	A	373		ASP	3
4hizA	275	1	A	374		ASP	3
4hizA	276	1	A	375		ASN	3
4hizA	277	1	A	376		TYR	3
4hizA	278	1	A	377		THR	3
4hizA	279	1	A	378		PHE	3
4hizA	280	1	A	379		ALA	3
4hizA	281	1	A	380		VAL	3
4hizA	282	1	A	381		GLY	3
4hizA	283	1	A	382		TYR	3
4hizA	284	1	A	383		HIS	3
4hizA	285	1	A	384		ASN	3
4hizA	286	1	A	385		GLY	3
4hizA	287	1	A	386		ASP	3
4hizA	288	1	A	387		ILE	3
4hizA	289	1	A	388		SER	3
4hizA	290	1	A	389		PRO	3
4hizA	291	1	A	390		ARG	3
4hizA	292	1	A	391		ARG	3
4hizA	293	1	A	392		LEU	3
4hizA	294	1	A	393		GLY	3
4hizA	295	1	A	394		ILE	3
4hizA	296	1	A	395		LEU	3
4hizA	297	1	A	396		TYR	3
4hizA	298	1	A	397		PHE	3
4hizA	299	1	A	398		ASN	3
4hizA	300	1	A	399		ASN	3
4hizA	301	1	A	400		ALA	3
4hizA	302	1	A	401		TYR	3
4hizA	303	1	A	402		SER	3
4hizA	304	1	A	403		ASP	3
4hizA	305	1	A	404		PRO	3
4hizA	306	1	A	405		SER	3
4hizA	307	1	A	406		SER	3
4hizA	308	1	A	407		PHE	3
4hizA	309	1	A	408		THR	3
4hizA	310	1	A	409		ARG	3
4hizA	311	1	A	410		ARG	3
4hizA	312	1	A	411		THR	3
4hizA	313	1	A	412		ILE	3
4hizA	314	1	A	413		SER	3
4hizA	315	1	A	414		GLN	3
4hizA	316	1	A	415		GLU	3
4hizA	317	1	A	416		TYR	3
4hizA	318	1	A	417		ALA	3
4hizA	319	1	A	418		ASP	3
4hizA	320	1	A	419		ASN	3
4hizA	321	1	A	420		ALA	3
4hizA	322	1	A	421		ALA	3
4hizA	323	1	A	422		GLU	3
4hizA	324	1	A	423		PRO	3
4hizA	325	1	A	424		CYS	3
4hizA	326	1	A	425		ILE	3
4hizA	327	1	A	426		LYS	3
4hizA	328	1	A	427		TYR	3
4hizA	329	1	A	428		TYR	3
4hizA	330	1	A	429		ASP	3
4hizA	331	1	A	430		GLY	3
4hizA	332	1	A	431		ILE	3
4hizA	333	1	A	432		LEU	3
4hizA	334	1	A	433		TYR	3
4hizA	335	1	A	434		LEU	3
4hizA	336	1	A	435		THR	3
4hizA	337	1	A	436		THR	3
4hizA	338	1	A	437		ARG	3
4hizA	339	1	A	438		GLY	3
4hizA	340	1	A	439		THR	3
4hizA	341	1	A	440		SER	3
4hizA	342	1	A	441		THR	3
4hizA	343	1	A	442		SER	3
4hizA	344	1	A	443		ALA	3
4hizA	345	1	A	444		ALA	3
4hizA	346	1	A	445		GLY	3
4hizA	347	1	A	446		SER	3
4hizA	348	1	A	447		THR	3
4hizA	349	1	A	448		LEU	3
4hizA	350	1	A	449		ALA	3
4hizA	351	1	A	450		MET	3
4hizA	352	1	A	451		SER	3
4hizA	353	1	A	452		ALA	3
4hizA	354	1	A	453		ASP	3
4hizA	355	1	A	454		LEU	3
4hizA	356	1	A	455		GLY	3
4hizA	357	1	A	456		GLU	3
4hizA	358	1	A	457		ASN	3
4hizA	359	1	A	458		TRP	3
4hizA	360	1	A	459		ASN	3
4hizA	361	1	A	460		TYR	3
4hizA	362	1	A	461		LEU	3
4hizA	363	1	A	462		ARG	3
4hizA	364	1	A	463		PHE	3
4hizA	365	1	A	464		PRO	3
4hizA	366	1	A	465		ASN	3
4hizA	367	1	A	466		ASN	3
4hizA	368	1	A	467		VAL	3
4hizA	369	1	A	468		HIS	3
4hizA	370	1	A	469		HIS	3
4hizA	371	1	A	470		THR	3
4hizA	372	1	A	471		ASN	3
4hizA	373	1	A	472		LEU	3
4hizA	374	1	A	473		PRO	2
4hizA	375	1	A	474		PHE	2
4hizA	376	1	A	475		ALA	2
4hizA	377	1	A	476		LYS	2
4hizA	378	1	A	477		VAL	2
4hizA	379	1	A	478		GLY	2
4hizA	380	1	A	479		ASP	2
4hizA	381	1	A	480		TYR	2
4hizA	382	1	A	481		LEU	2
4hizA	383	1	A	482		TYR	2
4hizA	384	1	A	483		ILE	2
4hizA	385	1	A	484		PHE	2
4hizA	386	1	A	485		GLY	2
4hizA	387	1	A	486		THR	2
4hizA	388	1	A	487		GLU	2
4hizA	389	1	A	488		ARG	2
4hizA	390	1	A	489		SER	2
4hizA	391	1	A	490		PHE	2
4hizA	392	1	A	491		GLY	2
4hizA	393	1	A	492		GLU	2
4hizA	394	1	A	493		TRP	2
4hizA	395	1	A	494		GLU	2
4hizA	396	1	A	495		GLY	2
4hizA	397	1	A	496		GLN	2
4hizA	398	1	A	497		GLU	2
4hizA	399	1	A	498		LEU	2
4hizA	400	1	A	499		ASP	2
4hizA	401	1	A	500		ASN	2
4hizA	402	1	A	501		ARG	2
4hizA	403	1	A	502		TYR	2
4hizA	404	1	A	503		LYS	2
4hizA	405	1	A	504		GLY	2
4hizA	406	1	A	505		THR	2
4hizA	407	1	A	506		TYR	2
4hizA	408	1	A	507		PRO	2
4hizA	409	1	A	508		ARG	2
4hizA	410	1	A	509		THR	2
4hizA	411	1	A	510		PHE	2
4hizA	412	1	A	511		MET	2
4hizA	413	1	A	512		CYS	2
4hizA	414	1	A	513		LYS	2
4hizA	415	1	A	514		ILE	2
4hizA	416	1	A	515		ASN	2
4hizA	417	1	A	516		VAL	2
4hizA	418	1	A	517		SER	2
4hizA	419	1	A	518		SER	2
4hizA	420	1	A	519		TRP	2
4hizA	421	1	A	520		PRO	2
4hizA	422	1	A	521		VAL	2
4hizA	423	1	A	522		SER	2
4hizA	424	1	A	523		LEU	2
4hizA	425	1	A	524		SER	2
4hizA	426	1	A	525		ASN	2
4hizA	427	1	A	526		VAL	2
4hizA	428	1	A	527		GLN	2
4hizA	429	1	A	528		TRP	2
4hizA	430	1	A	529		PHE	2
4hizA	431	1	A	530		ASN	2
4hizA	432	1	A	531		ILE	2
4hizA	433	1	A	532		THR	2
4hizA	434	1	A	533		ASP	2
4hizA	435	1	A	534		GLN	2
4hizA	436	1	A	535		ILE	2
4hizA	437	1	A	536		TYR	2
4hizA	438	1	A	537		GLN	2
4hizA	439	1	A	538		GLY	2
4hizA	440	1	A	539		HIS	2
4hizA	441	1	A	540		ILE	2
4hizA	442	1	A	541		VAL	2
4hizA	443	1	A	542		ASN	2
4hizA	444	1	A	543		SER	2
4hizA	445	1	A	544		ALA	2
4hizA	446	1	A	545		CYS	2
4hizA	447	1	A	546		GLY	2
4hizA	448	1	A	547		VAL	2
4hizA	449	1	A	548		GLY	2
4hizA	450	1	A	549		SER	2
4hizA	451	1	A	550		VAL	2
4hizA	452	1	A	551		CYS	2
4hizA	453	1	A	552		VAL	2
4hizA	454	1	A	553		LYS	2
4hizA	455	1	A	554		ASP	2
4hizA	456	1	A	555		GLY	2
4hizA	457	1	A	556		TRP	2
4hizA	458	1	A	557		LEU	2
4hizA	459	1	A	558		TYR	2
4hizA	460	1	A	559		TYR	2
4hizA	461	1	A	560		ILE	2
4hizA	462	1	A	561		PHE	2
4hizA	463	1	A	562		GLY	2
4hizA	464	1	A	563		GLY	2
4hizA	465	1	A	564		GLU	2
4hizA	466	1	A	565		ASP	2
4hizA	467	1	A	566		PHE	2
4hizA	468	1	A	567		LEU	2
4hizA	469	1	A	568		SER	2
4hizA	470	1	A	569		PRO	2
4hizA	471	1	A	570		TRP	2
4hizA	472	1	A	571		SER	2
4hizA	473	1	A	572		ILE	2
4hizA	474	1	A	573		GLY	2
4hizA	475	1	A	574		ASP	2
4hizA	476	1	A	575		ASN	2
4hizA	477	1	A	576		SER	2
4hizA	478	1	A	577		LYS	2
4hizA	479	1	A	578		LYS	2
4hizA	480	1	A	579		LEU	2
4hizA	481	1	A	580		TRP	2
4hizA	482	1	A	581		TYR	2
4hizA	483	1	A	582		LYS	2
4hizA	484	1	A	583		HIS	2
4hizA	485	1	A	584		ASP	2
4hizA	486	1	A	585		GLY	2
4hizA	487	1	A	586		HIS	2
4hizA	488	1	A	587		PRO	2
4hizA	489	1	A	588		ALA	2
4hizA	490	1	A	589		ASP	2
4hizA	491	1	A	590		LEU	2
4hizA	492	1	A	591		TYR	2
4hizA	493	1	A	592		SER	2
4hizA	494	1	A	593		TYR	2
4hizA	495	1	A	594		ARG	2
4hizA	496	1	A	595		LEU	2
4hizA	497	1	A	596		LYS	2
4hizA	498	1	A	597		ILE	2
4hizA	499	1	A	598		THR	2
4hizA	500	1	A	599		GLU	0
4hizA	501	1	A	600		HIS	0
4hizA	502	1	A	601		ASP	0
4hizA	503	1	A	602		PHE	0
4hizA	504	1	A	603		VAL	0
4hizA	505	1	A	604		SER	0
4hizA	506	1	A	605		ARG	0
4hizA	507	1	A	606		ASP	0
4hizA	508	1	A	607		PHE	0
4hizA	509	1	A	608		LYS	0
4hizA	510	1	A	609		TYR	0
4hizA	511	1	A	610		GLY	0
4hizA	512	1	A	611		ALA	0
4hizA	513	1	A	612		THR	0
4hizA	514	1	A	613		PRO	0
4hizA	515	1	A	614		ASN	0
4hizA	516	1	A	615		ARG	0
4hizA	517	1	A	616		THR	0
4hizA	518	1	A	617		LEU	5
4hizA	519	1	A	618		PRO	5
4hizA	520	1	A	619		VAL	5
4hizA	521	1	A	620		SER	5
4hizA	522	1	A	621		MET	5
4hizA	523	1	A	622		GLY	5
4hizA	524	1	A	623		THR	5
4hizA	525	1	A	624		ASP	5
4hizA	526	1	A	625		GLY	5
4hizA	527	1	A	626		VAL	5
4hizA	528	1	A	627		ARG	5
4hizA	529	1	A	628		HIS	5
4hizA	530	1	A	629		VAL	5
4hizA	531	1	A	630		SER	5
4hizA	532	1	A	631		ALA	5
4hizA	533	1	A	632		PRO	5
4hizA	534	1	A	633		VAL	5
4hizA	535	1	A	634		THR	5
4hizA	536	1	A	635		PHE	5
4hizA	537	1	A	636		ASP	5
4hizA	538	1	A	637		ASN	5
4hizA	539	1	A	638		ASP	5
4hizA	540	1	A	639		VAL	5
4hizA	541	1	A	640		GLN	5
4hizA	542	1	A	641		MET	5
4hizA	543	1	A	642		TYR	5
4hizA	544	1	A	643		SER	5
4hizA	545	1	A	644		LEU	5
4hizA	546	1	A	645		THR	5
4hizA	547	1	A	646		VAL	5
4hizA	548	1	A	647		THR	5
4hizA	549	1	A	648		GLY	5
4hizA	550	1	A	649		LEU	5
4hizA	551	1	A	650		GLU	5
4hizA	552	1	A	651		HIS	5
4hizA	553	1	A	652		ASP	5
4hizA	554	1	A	653		GLY	5
4hizA	555	1	A	654		THR	5
4hizA	556	1	A	655		GLN	5
4hizA	557	1	A	656		GLN	5
4hizA	558	1	A	657		SER	5
4hizA	559	1	A	658		ALA	5
4hizA	560	1	A	659		VAL	5
4hizA	561	1	A	660		ARG	5
4hizA	562	1	A	661		VAL	5
4hizA	563	1	A	662		LYS	6
4hizA	564	1	A	663		LEU	6
4hizA	565	1	A	664		ASP	6
4hizA	566	1	A	665		GLY	6
4hizA	567	1	A	666		ASP	6
4hizA	568	1	A	667		TYR	6
4hizA	569	1	A	668		GLY	6
4hizA	570	1	A	669		VAL	6
4hizA	571	1	A	670		ILE	6
4hizA	572	1	A	671		ALA	6
4hizA	573	1	A	672		LYS	6
4hizA	574	1	A	673		ASN	6
4hizA	575	1	A	674		ILE	6
4hizA	576	1	A	675		PRO	6
4hizA	577	1	A	676		ILE	6
4hizA	578	1	A	677		LYS	6
4hizA	579	1	A	678		ASN	6
4hizA	580	1	A	679		PRO	6
4hizA	581	1	A	680		SER	6
4hizA	582	1	A	681		GLU	6
4hizA	583	1	A	682		GLN	6
4hizA	584	1	A	683		ARG	6
4hizA	585	1	A	684		LEU	6
4hizA	586	1	A	685		ILE	6
4hizA	587	1	A	686		LEU	6
4hizA	588	1	A	687		CYS	6
4hizA	589	1	A	688		GLY	6
4hizA	590	1	A	689		GLY	6
4hizA	591	1	A	690		GLU	6
4hizA	592	1	A	691		THR	6
4hizA	593	1	A	692		PRO	6
4hizA	594	1	A	693		TYR	6
4hizA	595	1	A	694		THR	6
4hizA	596	1	A	695		THR	6
4hizA	597	1	A	696		ASP	6
4hizA	598	1	A	697		GLY	6
4hizA	599	1	A	698		SER	6
4hizA	600	1	A	699		LEU	6
4hizA	601	1	A	700		LEU	6
4hizA	602	1	A	701		GLN	6
4hizA	603	1	A	702		LEU	6
4hizA	604	1	A	703		TYR	6
4hizA	605	1	A	704		GLY	6
4hizA	606	1	A	705		SER	6
4hizA	607	1	A	706		ASN	6
4hizA	608	1	A	707		HIS	6
4hizA	609	1	A	708		THR	6
4hizA	610	1	A	709		TYR	6
4hizA	611	1	A	710		PRO	6
4hizA	612	1	A	711		ASN	6
4hizA	613	1	A	712		ARG	6
4hizA	614	1	A	713		ALA	6
4hizA	615	1	A	714		ILE	6
4hizA	616	1	A	715		LEU	6
4hizA	617	1	A	716		TYR	6
4hizA	618	1	A	717		ALA	6
4hizA	619	1	A	718		PRO	6
4hizA	620	1	A	719		GLY	6
4hizA	621	1	A	720		GLY	6
4hizA	622	1	A	721		ALA	6
4hizA	623	1	A	722		TYR	6
4hizA	624	1	A	723		THR	0
4hizA	625	1	A	724		GLN	0
4hizA	626	1	A	725		ASN	0
4hizA	627	1	A	726		ASN	0
4hizA	628	1	A	727		PHE	0
4hizA	629	1	A	728		MET	0
4hizA	630	1	A	729		PRO	0
4hizA	631	1	A	730		TYR	0
4hizA	632	1	A	731		LEU	0
4hizA	633	1	A	732		ASP	0
4hizA	634	1	A	733		GLY	0
4hizA	635	1	A	734		GLN	0
4hizA	636	1	A	735		VAL	0
4hizA	637	1	A	736		SER	0
4hizA	638	1	A	737		LEU	0
4hizA	639	1	A	738		GLY	0
4hizA	640	1	A	739		GLY	0
4hizA	641	1	A	740		ALA	0
4hizA	642	1	A	741		SER	0
4hizA	643	1	A	742		ASN	0
4hizA	644	1	A	743		ARG	0
4hizA	645	1	A	744		TRP	0
4hizA	646	1	A	745		SER	0
4hizA	647	1	A	746		GLU	0
4hizA	648	1	A	747		VAL	0
4hizA	649	1	A	748		TYR	0
4hizA	650	1	A	749		ALA	0
4hizA	651	1	A	750		SER	0
4hizA	652	1	A	751		THR	0
4hizA	653	1	A	752		GLY	0
4hizA	654	1	A	753		THR	0
4hizA	655	1	A	754		ILE	0
4hizA	656	1	A	755		ASN	0
4hizA	657	1	A	756		THR	0
2zpaA	0	1	A	2		ALA	1
2zpaA	1	1	A	3		GLU	1
2zpaA	2	1	A	4		LEU	1
2zpaA	3	1	A	5		THR	1
2zpaA	4	1	A	6		ALA	1
2zpaA	5	1	A	7		LEU	1
2zpaA	6	1	A	8		HIS	1
2zpaA	7	1	A	9		THR	1
2zpaA	8	1	A	10		LEU	1
2zpaA	9	1	A	11		THR	1
2zpaA	10	1	A	12		ALA	1
2zpaA	11	1	A	13		GLN	1
2zpaA	12	1	A	14		MSE	1
2zpaA	13	1	A	15		LYS	1
2zpaA	14	1	A	16		ARG	1
2zpaA	15	1	A	17		GLU	1
2zpaA	16	1	A	18		GLY	1
2zpaA	17	1	A	19		ILE	1
2zpaA	18	1	A	20		ARG	1
2zpaA	19	1	A	21		ARG	1
2zpaA	20	1	A	22		LEU	1
2zpaA	21	1	A	23		LEU	1
2zpaA	22	1	A	24		VAL	1
2zpaA	23	1	A	25		LEU	1
2zpaA	24	1	A	26		SER	1
2zpaA	25	1	A	27		GLY	1
2zpaA	26	1	A	28		GLU	1
2zpaA	27	1	A	29		GLU	1
2zpaA	28	1	A	30		GLY	1
2zpaA	29	1	A	31		TRP	1
2zpaA	30	1	A	32		CYS	1
2zpaA	31	1	A	33		PHE	1
2zpaA	32	1	A	34		GLU	1
2zpaA	33	1	A	35		HIS	1
2zpaA	34	1	A	36		THR	1
2zpaA	35	1	A	37		LEU	1
2zpaA	36	1	A	38		LYS	1
2zpaA	37	1	A	39		LEU	1
2zpaA	38	1	A	40		ARG	1
2zpaA	39	1	A	41		ASP	1
2zpaA	40	1	A	42		ALA	1
2zpaA	41	1	A	43		LEU	1
2zpaA	42	1	A	44		PRO	1
2zpaA	43	1	A	45		GLY	1
2zpaA	44	1	A	46		ASP	1
2zpaA	45	1	A	47		TRP	1
2zpaA	46	1	A	48		LEU	1
2zpaA	47	1	A	49		TRP	1
2zpaA	48	1	A	50		ILE	1
2zpaA	49	1	A	51		SER	1
2zpaA	50	1	A	52		PRO	1
2zpaA	51	1	A	53		ARG	1
2zpaA	52	1	A	54		PRO	1
2zpaA	53	1	A	66		GLN	1
2zpaA	54	1	A	67		THR	1
2zpaA	55	1	A	68		LEU	1
2zpaA	56	1	A	69		LEU	1
2zpaA	57	1	A	70		GLY	1
2zpaA	58	1	A	71		ARG	1
2zpaA	59	1	A	72		GLU	1
2zpaA	60	1	A	73		PHE	1
2zpaA	61	1	A	74		ARG	1
2zpaA	62	1	A	75		HIS	1
2zpaA	63	1	A	76		ALA	1
2zpaA	64	1	A	77		VAL	1
2zpaA	65	1	A	78		PHE	1
2zpaA	66	1	A	79		ASP	1
2zpaA	67	1	A	80		ALA	1
2zpaA	68	1	A	81		ARG	1
2zpaA	69	1	A	82		HIS	1
2zpaA	70	1	A	83		GLY	1
2zpaA	71	1	A	84		PHE	1
2zpaA	72	1	A	85		ASP	1
2zpaA	73	1	A	86		ALA	1
2zpaA	74	1	A	87		ALA	1
2zpaA	75	1	A	88		ALA	1
2zpaA	76	1	A	89		PHE	1
2zpaA	77	1	A	90		ALA	1
2zpaA	78	1	A	91		ALA	1
2zpaA	79	1	A	92		LEU	1
2zpaA	80	1	A	93		SER	1
2zpaA	81	1	A	94		GLY	1
2zpaA	82	1	A	95		THR	1
2zpaA	83	1	A	96		LEU	1
2zpaA	84	1	A	97		LYS	1
2zpaA	85	1	A	98		ALA	1
2zpaA	86	1	A	99		GLY	1
2zpaA	87	1	A	100		SER	1
2zpaA	88	1	A	101		TRP	1
2zpaA	89	1	A	102		LEU	1
2zpaA	90	1	A	103		VAL	1
2zpaA	91	1	A	104		LEU	1
2zpaA	92	1	A	105		LEU	1
2zpaA	93	1	A	106		LEU	1
2zpaA	94	1	A	107		PRO	1
2zpaA	95	1	A	108		VAL	1
2zpaA	96	1	A	109		TRP	1
2zpaA	97	1	A	110		GLU	1
2zpaA	98	1	A	111		GLU	1
2zpaA	99	1	A	112		TRP	1
2zpaA	100	1	A	113		GLU	1
2zpaA	101	1	A	114		ASN	1
2zpaA	102	1	A	115		GLN	1
2zpaA	103	1	A	116		PRO	1
2zpaA	104	1	A	117		ASP	1
2zpaA	105	1	A	118		ALA	1
2zpaA	106	1	A	119		ASP	1
2zpaA	107	1	A	120		SER	1
2zpaA	108	1	A	121		LEU	1
2zpaA	109	1	A	122		ARG	1
2zpaA	110	1	A	123		TRP	1
2zpaA	111	1	A	124		SER	1
2zpaA	112	1	A	125		ASP	1
2zpaA	113	1	A	126		CYS	1
2zpaA	114	1	A	127		PRO	1
2zpaA	115	1	A	128		ASP	1
2zpaA	116	1	A	129		PRO	1
2zpaA	117	1	A	130		ILE	1
2zpaA	118	1	A	131		ALA	1
2zpaA	119	1	A	132		THR	1
2zpaA	120	1	A	133		PRO	1
2zpaA	121	1	A	134		HIS	1
2zpaA	122	1	A	135		PHE	1
2zpaA	123	1	A	136		VAL	1
2zpaA	124	1	A	137		GLN	1
2zpaA	125	1	A	138		HIS	1
2zpaA	126	1	A	139		LEU	1
2zpaA	127	1	A	140		LYS	1
2zpaA	128	1	A	141		ARG	1
2zpaA	129	1	A	142		VAL	1
2zpaA	130	1	A	143		LEU	1
2zpaA	131	1	A	144		THR	1
2zpaA	132	1	A	145		ALA	1
2zpaA	133	1	A	146		ASP	1
2zpaA	134	1	A	147		ASN	1
2zpaA	135	1	A	148		GLU	1
2zpaA	136	1	A	149		ALA	1
2zpaA	137	1	A	150		ILE	1
2zpaA	138	1	A	151		LEU	1
2zpaA	139	1	A	152		TRP	1
2zpaA	140	1	A	153		ARG	1
2zpaA	141	1	A	154		GLN	1
2zpaA	142	1	A	155		ASN	1
2zpaA	143	1	A	156		GLN	1
2zpaA	144	1	A	157		PRO	1
2zpaA	145	1	A	158		PHE	1
2zpaA	146	1	A	159		SER	1
2zpaA	147	1	A	160		LEU	1
2zpaA	148	1	A	161		ALA	1
2zpaA	149	1	A	162		HIS	1
2zpaA	150	1	A	163		PHE	1
2zpaA	151	1	A	164		THR	1
2zpaA	152	1	A	165		PRO	1
2zpaA	153	1	A	166		ARG	1
2zpaA	154	1	A	167		THR	1
2zpaA	155	1	A	168		ASP	1
2zpaA	156	1	A	169		TRP	1
2zpaA	157	1	A	170		TYR	1
2zpaA	158	1	A	171		PRO	1
2zpaA	159	1	A	172		ALA	5
2zpaA	160	1	A	173		THR	5
2zpaA	161	1	A	174		GLY	5
2zpaA	162	1	A	175		ALA	5
2zpaA	163	1	A	176		PRO	5
2zpaA	164	1	A	177		GLN	5
2zpaA	165	1	A	178		PRO	5
2zpaA	166	1	A	179		GLU	5
2zpaA	167	1	A	180		GLN	5
2zpaA	168	1	A	181		GLN	5
2zpaA	169	1	A	182		GLN	5
2zpaA	170	1	A	183		LEU	5
2zpaA	171	1	A	184		LEU	5
2zpaA	172	1	A	185		LYS	5
2zpaA	173	1	A	186		GLN	5
2zpaA	174	1	A	187		LEU	5
2zpaA	175	1	A	188		MSE	5
2zpaA	176	1	A	189		THR	5
2zpaA	177	1	A	190		MSE	5
2zpaA	178	1	A	191		PRO	5
2zpaA	179	1	A	192		PRO	5
2zpaA	180	1	A	193		GLY	5
2zpaA	181	1	A	194		VAL	5
2zpaA	182	1	A	195		ALA	5
2zpaA	183	1	A	196		ALA	5
2zpaA	184	1	A	197		VAL	5
2zpaA	185	1	A	198		THR	5
2zpaA	186	1	A	199		ALA	5
2zpaA	187	1	A	200		ALA	5
2zpaA	188	1	A	201		ARG	5
2zpaA	189	1	A	202		GLY	5
2zpaA	190	1	A	203		ARG	5
2zpaA	191	1	A	204		GLY	5
2zpaA	192	1	A	205		LYS	5
2zpaA	193	1	A	206		SER	5
2zpaA	194	1	A	207		ALA	5
2zpaA	195	1	A	208		LEU	5
2zpaA	196	1	A	209		ALA	5
2zpaA	197	1	A	210		GLY	5
2zpaA	198	1	A	211		GLN	5
2zpaA	199	1	A	212		LEU	5
2zpaA	200	1	A	213		ILE	5
2zpaA	201	1	A	214		SER	5
2zpaA	202	1	A	215		ARG	5
2zpaA	203	1	A	216		ILE	5
2zpaA	204	1	A	217		ALA	5
2zpaA	205	1	A	218		GLY	5
2zpaA	206	1	A	219		ARG	5
2zpaA	207	1	A	220		ALA	5
2zpaA	208	1	A	221		ILE	5
2zpaA	209	1	A	222		VAL	5
2zpaA	210	1	A	223		THR	5
2zpaA	211	1	A	224		ALA	5
2zpaA	212	1	A	225		PRO	5
2zpaA	213	1	A	226		ALA	5
2zpaA	214	1	A	227		LYS	5
2zpaA	215	1	A	228		ALA	5
2zpaA	216	1	A	229		SER	5
2zpaA	217	1	A	230		THR	5
2zpaA	218	1	A	231		ASP	5
2zpaA	219	1	A	232		VAL	5
2zpaA	220	1	A	233		LEU	5
2zpaA	221	1	A	234		ALA	5
2zpaA	222	1	A	235		GLN	5
2zpaA	223	1	A	236		PHE	5
2zpaA	224	1	A	237		ALA	5
2zpaA	225	1	A	238		GLY	5
2zpaA	226	1	A	239		GLU	5
2zpaA	227	1	A	240		LYS	5
2zpaA	228	1	A	241		PHE	5
2zpaA	229	1	A	242		ARG	5
2zpaA	230	1	A	243		PHE	5
2zpaA	231	1	A	244		ILE	5
2zpaA	232	1	A	245		ALA	5
2zpaA	233	1	A	246		PRO	5
2zpaA	234	1	A	247		ASP	5
2zpaA	235	1	A	248		ALA	5
2zpaA	236	1	A	249		LEU	5
2zpaA	237	1	A	250		LEU	5
2zpaA	238	1	A	251		ALA	5
2zpaA	239	1	A	252		SER	5
2zpaA	240	1	A	253		ASP	5
2zpaA	241	1	A	254		GLU	5
2zpaA	242	1	A	255		GLN	5
2zpaA	243	1	A	256		ALA	5
2zpaA	244	1	A	257		ASP	5
2zpaA	245	1	A	258		TRP	5
2zpaA	246	1	A	259		LEU	5
2zpaA	247	1	A	260		VAL	5
2zpaA	248	1	A	261		VAL	5
2zpaA	249	1	A	262		ASP	5
2zpaA	250	1	A	263		GLU	5
2zpaA	251	1	A	264		ALA	5
2zpaA	252	1	A	265		ALA	5
2zpaA	253	1	A	266		ALA	5
2zpaA	254	1	A	267		ILE	5
2zpaA	255	1	A	268		PRO	5
2zpaA	256	1	A	269		ALA	5
2zpaA	257	1	A	270		PRO	5
2zpaA	258	1	A	271		LEU	5
2zpaA	259	1	A	272		LEU	5
2zpaA	260	1	A	273		HIS	5
2zpaA	261	1	A	274		GLN	5
2zpaA	262	1	A	275		LEU	5
2zpaA	263	1	A	276		VAL	5
2zpaA	264	1	A	277		SER	5
2zpaA	265	1	A	278		ARG	5
2zpaA	266	1	A	279		PHE	5
2zpaA	267	1	A	280		PRO	5
2zpaA	268	1	A	281		ARG	5
2zpaA	269	1	A	282		THR	5
2zpaA	270	1	A	283		LEU	5
2zpaA	271	1	A	284		LEU	5
2zpaA	272	1	A	285		THR	5
2zpaA	273	1	A	286		THR	5
2zpaA	274	1	A	287		THR	5
2zpaA	275	1	A	288		VAL	5
2zpaA	276	1	A	289		GLN	5
2zpaA	277	1	A	290		GLY	5
2zpaA	278	1	A	291		TYR	5
2zpaA	279	1	A	292		GLU	5
2zpaA	280	1	A	293		GLY	5
2zpaA	281	1	A	294		THR	5
2zpaA	282	1	A	295		GLY	5
2zpaA	283	1	A	296		ARG	5
2zpaA	284	1	A	297		GLY	5
2zpaA	285	1	A	298		PHE	5
2zpaA	286	1	A	299		LEU	5
2zpaA	287	1	A	300		LEU	5
2zpaA	288	1	A	301		LYS	5
2zpaA	289	1	A	302		PHE	5
2zpaA	290	1	A	303		CYS	5
2zpaA	291	1	A	304		ALA	5
2zpaA	292	1	A	305		ARG	5
2zpaA	293	1	A	306		PHE	5
2zpaA	294	1	A	307		PRO	5
2zpaA	295	1	A	308		HIS	5
2zpaA	296	1	A	309		LEU	5
2zpaA	297	1	A	310		HIS	5
2zpaA	298	1	A	311		ARG	5
2zpaA	299	1	A	312		PHE	5
2zpaA	300	1	A	313		GLU	5
2zpaA	301	1	A	314		LEU	5
2zpaA	302	1	A	315		GLN	5
2zpaA	303	1	A	316		GLN	5
2zpaA	304	1	A	317		PRO	5
2zpaA	305	1	A	318		ILE	5
2zpaA	306	1	A	319		ARG	1
2zpaA	307	1	A	320		TRP	1
2zpaA	308	1	A	321		ALA	1
2zpaA	309	1	A	322		GLN	1
2zpaA	310	1	A	323		GLY	1
2zpaA	311	1	A	324		CYS	1
2zpaA	312	1	A	325		PRO	1
2zpaA	313	1	A	326		LEU	1
2zpaA	314	1	A	327		GLU	1
2zpaA	315	1	A	328		LYS	1
2zpaA	316	1	A	329		MSE	1
2zpaA	317	1	A	330		VAL	1
2zpaA	318	1	A	331		SER	1
2zpaA	319	1	A	332		GLU	1
2zpaA	320	1	A	333		ALA	1
2zpaA	321	1	A	334		LEU	1
2zpaA	322	1	A	335		VAL	2
2zpaA	323	1	A	336		PHE	2
2zpaA	324	1	A	337		ASP	2
2zpaA	325	1	A	338		ASP	2
2zpaA	326	1	A	339		GLU	2
2zpaA	327	1	A	340		ASN	2
2zpaA	328	1	A	341		PHE	2
2zpaA	329	1	A	342		THR	2
2zpaA	330	1	A	343		HIS	2
2zpaA	331	1	A	344		THR	2
2zpaA	332	1	A	345		PRO	2
2zpaA	333	1	A	346		GLN	2
2zpaA	334	1	A	347		GLY	2
2zpaA	335	1	A	348		ASN	2
2zpaA	336	1	A	349		ILE	2
2zpaA	337	1	A	350		VAL	2
2zpaA	338	1	A	351		ILE	2
2zpaA	339	1	A	352		SER	2
2zpaA	340	1	A	353		ALA	2
2zpaA	341	1	A	354		PHE	2
2zpaA	342	1	A	355		GLU	2
2zpaA	343	1	A	356		GLN	2
2zpaA	344	1	A	357		THR	2
2zpaA	345	1	A	358		LEU	2
2zpaA	346	1	A	359		TRP	2
2zpaA	347	1	A	360		GLN	2
2zpaA	348	1	A	361		SER	2
2zpaA	349	1	A	362		ASP	2
2zpaA	350	1	A	363		PRO	2
2zpaA	351	1	A	364		GLU	2
2zpaA	352	1	A	365		THR	2
2zpaA	353	1	A	366		PRO	2
2zpaA	354	1	A	367		LEU	2
2zpaA	355	1	A	368		LYS	2
2zpaA	356	1	A	369		VAL	2
2zpaA	357	1	A	370		TYR	2
2zpaA	358	1	A	371		GLN	2
2zpaA	359	1	A	372		LEU	2
2zpaA	360	1	A	373		LEU	2
2zpaA	361	1	A	374		SER	2
2zpaA	362	1	A	375		GLY	2
2zpaA	363	1	A	376		ALA	2
2zpaA	364	1	A	377		HIS	2
2zpaA	365	1	A	378		TYR	2
2zpaA	366	1	A	379		ARG	2
2zpaA	367	1	A	380		THR	2
2zpaA	368	1	A	381		SER	2
2zpaA	369	1	A	382		PRO	2
2zpaA	370	1	A	383		LEU	2
2zpaA	371	1	A	384		ASP	2
2zpaA	372	1	A	385		LEU	2
2zpaA	373	1	A	386		ARG	2
2zpaA	374	1	A	387		ARG	2
2zpaA	375	1	A	388		MSE	2
2zpaA	376	1	A	389		MSE	2
2zpaA	377	1	A	390		ASP	2
2zpaA	378	1	A	391		ALA	2
2zpaA	379	1	A	392		PRO	2
2zpaA	380	1	A	393		GLY	2
2zpaA	381	1	A	394		GLN	2
2zpaA	382	1	A	395		HIS	2
2zpaA	383	1	A	396		PHE	2
2zpaA	384	1	A	397		LEU	2
2zpaA	385	1	A	398		GLN	2
2zpaA	386	1	A	399		ALA	2
2zpaA	387	1	A	400		ALA	2
2zpaA	388	1	A	401		GLY	2
2zpaA	389	1	A	402		GLU	2
2zpaA	390	1	A	403		ASN	2
2zpaA	391	1	A	404		GLU	2
2zpaA	392	1	A	405		ILE	2
2zpaA	393	1	A	406		ALA	2
2zpaA	394	1	A	407		GLY	2
2zpaA	395	1	A	408		ALA	2
2zpaA	396	1	A	409		LEU	2
2zpaA	397	1	A	410		TRP	2
2zpaA	398	1	A	411		LEU	2
2zpaA	399	1	A	412		VAL	2
2zpaA	400	1	A	413		ASP	2
2zpaA	401	1	A	414		GLU	2
2zpaA	402	1	A	415		GLY	3
2zpaA	403	1	A	416		GLY	3
2zpaA	404	1	A	417		LEU	3
2zpaA	405	1	A	418		SER	3
2zpaA	406	1	A	419		GLN	3
2zpaA	407	1	A	420		GLN	3
2zpaA	408	1	A	421		LEU	3
2zpaA	409	1	A	422		SER	3
2zpaA	410	1	A	423		GLN	3
2zpaA	411	1	A	424		ALA	3
2zpaA	412	1	A	425		VAL	3
2zpaA	413	1	A	426		TRP	3
2zpaA	414	1	A	427		ALA	3
2zpaA	415	1	A	428		GLY	3
2zpaA	416	1	A	429		PHE	3
2zpaA	417	1	A	430		ARG	3
2zpaA	418	1	A	431		ARG	3
2zpaA	419	1	A	432		PRO	3
2zpaA	420	1	A	433		ARG	3
2zpaA	421	1	A	434		GLY	3
2zpaA	422	1	A	435		ASN	3
2zpaA	423	1	A	436		LEU	3
2zpaA	424	1	A	437		VAL	3
2zpaA	425	1	A	438		ALA	3
2zpaA	426	1	A	439		GLN	3
2zpaA	427	1	A	440		SER	3
2zpaA	428	1	A	441		LEU	3
2zpaA	429	1	A	442		ALA	3
2zpaA	430	1	A	443		ALA	3
2zpaA	431	1	A	444		HIS	3
2zpaA	432	1	A	445		GLY	3
2zpaA	433	1	A	446		ASN	3
2zpaA	434	1	A	447		ASN	3
2zpaA	435	1	A	448		PRO	3
2zpaA	436	1	A	449		LEU	3
2zpaA	437	1	A	450		ALA	3
2zpaA	438	1	A	451		ALA	3
2zpaA	439	1	A	452		THR	3
2zpaA	440	1	A	453		LEU	3
2zpaA	441	1	A	454		ARG	2
2zpaA	442	1	A	455		GLY	2
2zpaA	443	1	A	456		ARG	2
2zpaA	444	1	A	457		ARG	2
2zpaA	445	1	A	458		VAL	2
2zpaA	446	1	A	459		SER	2
2zpaA	447	1	A	460		ARG	2
2zpaA	448	1	A	461		ILE	2
2zpaA	449	1	A	462		ALA	2
2zpaA	450	1	A	463		VAL	2
2zpaA	451	1	A	464		HIS	2
2zpaA	452	1	A	465		PRO	2
2zpaA	453	1	A	466		ALA	2
2zpaA	454	1	A	467		ARG	2
2zpaA	455	1	A	468		GLN	2
2zpaA	456	1	A	469		ARG	2
2zpaA	457	1	A	470		GLU	2
2zpaA	458	1	A	471		GLY	2
2zpaA	459	1	A	472		THR	2
2zpaA	460	1	A	473		GLY	2
2zpaA	461	1	A	474		ARG	2
2zpaA	462	1	A	475		GLN	2
2zpaA	463	1	A	476		LEU	2
2zpaA	464	1	A	477		ILE	4
2zpaA	465	1	A	478		ALA	4
2zpaA	466	1	A	479		GLY	4
2zpaA	467	1	A	480		ALA	4
2zpaA	468	1	A	481		LEU	4
2zpaA	469	1	A	482		GLN	4
2zpaA	470	1	A	483		TYR	4
2zpaA	471	1	A	484		THR	4
2zpaA	472	1	A	485		GLN	4
2zpaA	473	1	A	486		ASP	4
2zpaA	474	1	A	487		LEU	4
2zpaA	475	1	A	488		ASP	4
2zpaA	476	1	A	489		TYR	4
2zpaA	477	1	A	490		LEU	4
2zpaA	478	1	A	491		SER	4
2zpaA	479	1	A	492		VAL	4
2zpaA	480	1	A	493		SER	4
2zpaA	481	1	A	494		PHE	4
2zpaA	482	1	A	495		GLY	4
2zpaA	483	1	A	496		TYR	4
2zpaA	484	1	A	497		THR	4
2zpaA	485	1	A	498		GLY	4
2zpaA	486	1	A	499		GLU	4
2zpaA	487	1	A	500		LEU	4
2zpaA	488	1	A	501		TRP	4
2zpaA	489	1	A	502		ARG	4
2zpaA	490	1	A	503		PHE	4
2zpaA	491	1	A	504		TRP	4
2zpaA	492	1	A	505		GLN	4
2zpaA	493	1	A	506		ARG	4
2zpaA	494	1	A	507		CYS	4
2zpaA	495	1	A	508		GLY	4
2zpaA	496	1	A	509		PHE	4
2zpaA	497	1	A	510		VAL	4
2zpaA	498	1	A	511		LEU	4
2zpaA	499	1	A	512		VAL	4
2zpaA	500	1	A	513		ARG	4
2zpaA	501	1	A	514		MSE	4
2zpaA	502	1	A	515		GLY	4
2zpaA	503	1	A	516		ASN	4
2zpaA	504	1	A	517		HIS	4
2zpaA	505	1	A	518		ARG	4
2zpaA	506	1	A	519		GLU	4
2zpaA	507	1	A	520		ALA	4
2zpaA	508	1	A	521		SER	4
2zpaA	509	1	A	522		SER	4
2zpaA	510	1	A	523		GLY	4
2zpaA	511	1	A	524		CYS	4
2zpaA	512	1	A	525		TYR	4
2zpaA	513	1	A	526		THR	4
2zpaA	514	1	A	527		ALA	4
2zpaA	515	1	A	528		MSE	4
2zpaA	516	1	A	529		ALA	4
2zpaA	517	1	A	530		LEU	4
2zpaA	518	1	A	531		LEU	4
2zpaA	519	1	A	532		PRO	4
2zpaA	520	1	A	533		MSE	4
2zpaA	521	1	A	534		SER	4
2zpaA	522	1	A	535		ASP	4
2zpaA	523	1	A	536		ALA	4
2zpaA	524	1	A	537		GLY	4
2zpaA	525	1	A	538		LYS	4
2zpaA	526	1	A	539		GLN	4
2zpaA	527	1	A	540		LEU	4
2zpaA	528	1	A	541		ALA	4
2zpaA	529	1	A	542		GLU	4
2zpaA	530	1	A	543		ARG	4
2zpaA	531	1	A	544		GLU	4
2zpaA	532	1	A	545		HIS	4
2zpaA	533	1	A	546		TYR	4
2zpaA	534	1	A	547		ARG	4
2zpaA	535	1	A	548		LEU	4
2zpaA	536	1	A	549		ARG	4
2zpaA	537	1	A	550		ARG	4
2zpaA	538	1	A	551		ASP	4
2zpaA	539	1	A	552		ALA	4
2zpaA	540	1	A	553		GLN	4
2zpaA	541	1	A	554		ALA	4
2zpaA	542	1	A	555		LEU	4
2zpaA	543	1	A	556		ALA	4
2zpaA	544	1	A	557		GLN	4
2zpaA	545	1	A	558		TRP	4
2zpaA	546	1	A	559		ASN	4
2zpaA	547	1	A	560		GLY	4
2zpaA	548	1	A	561		GLU	4
2zpaA	549	1	A	562		THR	4
2zpaA	550	1	A	563		LEU	4
2zpaA	551	1	A	564		PRO	4
2zpaA	552	1	A	565		VAL	4
2zpaA	553	1	A	566		ASP	4
2zpaA	554	1	A	567		PRO	4
2zpaA	555	1	A	568		LEU	4
2zpaA	556	1	A	569		ASN	4
2zpaA	557	1	A	570		ASP	4
2zpaA	558	1	A	571		ALA	6
2zpaA	559	1	A	572		VAL	6
2zpaA	560	1	A	573		LEU	6
2zpaA	561	1	A	574		SER	6
2zpaA	562	1	A	575		ASP	6
2zpaA	563	1	A	576		ASP	6
2zpaA	564	1	A	577		ASP	6
2zpaA	565	1	A	578		TRP	6
2zpaA	566	1	A	579		LEU	6
2zpaA	567	1	A	580		GLU	6
2zpaA	568	1	A	581		LEU	6
2zpaA	569	1	A	582		ALA	6
2zpaA	570	1	A	583		GLY	6
2zpaA	571	1	A	584		PHE	6
2zpaA	572	1	A	585		ALA	6
2zpaA	573	1	A	586		PHE	6
2zpaA	574	1	A	587		ALA	6
2zpaA	575	1	A	588		HIS	6
2zpaA	576	1	A	589		ARG	6
2zpaA	577	1	A	590		PRO	6
2zpaA	578	1	A	591		LEU	6
2zpaA	579	1	A	592		LEU	6
2zpaA	580	1	A	593		THR	6
2zpaA	581	1	A	594		SER	6
2zpaA	582	1	A	595		LEU	6
2zpaA	583	1	A	596		GLY	6
2zpaA	584	1	A	597		CYS	6
2zpaA	585	1	A	598		LEU	6
2zpaA	586	1	A	599		LEU	6
2zpaA	587	1	A	600		ARG	6
2zpaA	588	1	A	601		LEU	6
2zpaA	589	1	A	602		LEU	6
2zpaA	590	1	A	603		GLN	6
2zpaA	591	1	A	604		THR	6
2zpaA	592	1	A	605		SER	6
2zpaA	593	1	A	606		GLU	6
2zpaA	594	1	A	607		LEU	6
2zpaA	595	1	A	608		ALA	6
2zpaA	596	1	A	609		LEU	6
2zpaA	597	1	A	610		PRO	6
2zpaA	598	1	A	611		ALA	6
2zpaA	599	1	A	612		LEU	6
2zpaA	600	1	A	613		ARG	6
2zpaA	601	1	A	614		GLY	6
2zpaA	602	1	A	615		ARG	6
2zpaA	603	1	A	616		LEU	6
2zpaA	604	1	A	617		GLN	6
2zpaA	605	1	A	618		LYS	6
2zpaA	606	1	A	619		ASN	6
2zpaA	607	1	A	620		ALA	6
2zpaA	608	1	A	621		SER	6
2zpaA	609	1	A	622		ASP	6
2zpaA	610	1	A	623		ALA	6
2zpaA	611	1	A	624		GLN	6
2zpaA	612	1	A	625		LEU	6
2zpaA	613	1	A	626		CYS	6
2zpaA	614	1	A	627		THR	6
2zpaA	615	1	A	628		THR	6
2zpaA	616	1	A	629		LEU	6
2zpaA	617	1	A	630		LYS	6
2zpaA	618	1	A	631		LEU	6
2zpaA	619	1	A	632		SER	6
2zpaA	620	1	A	633		GLY	6
2zpaA	621	1	A	634		ARG	6
2zpaA	622	1	A	635		LYS	6
2zpaA	623	1	A	636		MSE	6
2zpaA	624	1	A	637		LEU	6
2zpaA	625	1	A	638		LEU	6
2zpaA	626	1	A	639		VAL	6
2zpaA	627	1	A	640		ARG	6
2zpaA	628	1	A	641		GLN	6
2zpaA	629	1	A	642		ARG	6
2zpaA	630	1	A	643		GLU	6
2zpaA	631	1	A	644		GLU	6
2zpaA	632	1	A	645		ALA	6
2zpaA	633	1	A	646		ALA	6
2zpaA	634	1	A	647		GLN	6
2zpaA	635	1	A	648		ALA	6
2zpaA	636	1	A	649		LEU	6
2zpaA	637	1	A	650		PHE	6
2zpaA	638	1	A	651		ALA	6
2zpaA	639	1	A	652		LEU	6
2zpaA	640	1	A	653		ASN	6
2zpaA	641	1	A	654		ASP	6
2zpaA	642	1	A	655		VAL	6
2zpaA	643	1	A	656		ARG	6
2zpaA	644	1	A	657		THR	6
2zpaA	645	1	A	658		GLU	6
2zpaA	646	1	A	659		ARG	6
2zpaA	647	1	A	660		LEU	6
2zpaA	648	1	A	661		ARG	6
2zpaA	649	1	A	662		ASP	6
2zpaA	650	1	A	663		ARG	6
2zpaA	651	1	A	664		ILE	6
2zpaA	652	1	A	665		THR	6
2zpaA	653	1	A	666		GLN	6
2zpaA	654	1	A	667		TRP	6
2zpaA	655	1	A	668		GLN	6
2zpaA	656	1	A	669		LEU	6
2zpaA	657	1	A	670		PHE	6
