chain	idx	model	auth_chain	resnum	icode	resname	domain
1RTD_A	0	1	A	1		LYS	1
1RTD_A	1	1	A	2		ILE	1
1RTD_A	2	1	A	3		SER	1
1RTD_A	3	1	A	4		PRO	1
1RTD_A	4	1	A	5		ILE	1
1RTD_A	5	1	A	6		GLU	1
1RTD_A	6	1	A	7		THR	1
1RTD_A	7	1	A	8		VAL	1
1RTD_A	8	1	A	9		PRO	1
1RTD_A	9	1	A	10		VAL	1
1RTD_A	10	1	A	11		LYS	1
1RTD_A	11	1	A	12		LEU	1
1RTD_A	12	1	A	13		LYS	1
1RTD_A	13	1	A	14		PRO	1
1RTD_A	14	1	A	15		GLY	1
1RTD_A	15	1	A	16		MET	1
1RTD_A	16	1	A	17		ASP	1
1RTD_A	17	1	A	18		GLY	1
1RTD_A	18	1	A	19		PRO	1
1RTD_A	19	1	A	20		LYS	1
1RTD_A	20	1	A	21		VAL	1
1RTD_A	21	1	A	22		LYS	1
1RTD_A	22	1	A	23		GLN	1
1RTD_A	23	1	A	24		TRP	1
1RTD_A	24	1	A	25		PRO	1
1RTD_A	25	1	A	26		LEU	1
1RTD_A	26	1	A	27		THR	1
1RTD_A	27	1	A	28		GLU	1
1RTD_A	28	1	A	29		GLU	1
1RTD_A	29	1	A	30		LYS	1
1RTD_A	30	1	A	31		ILE	1
1RTD_A	31	1	A	32		LYS	1
1RTD_A	32	1	A	33		ALA	1
1RTD_A	33	1	A	34		LEU	1
1RTD_A	34	1	A	35		VAL	1
1RTD_A	35	1	A	36		GLU	1
1RTD_A	36	1	A	37		ILE	1
1RTD_A	37	1	A	38		CYS	1
1RTD_A	38	1	A	39		THR	1
1RTD_A	39	1	A	40		GLU	1
1RTD_A	40	1	A	41		MET	1
1RTD_A	41	1	A	42		GLU	1
1RTD_A	42	1	A	43		LYS	1
1RTD_A	43	1	A	44		GLU	1
1RTD_A	44	1	A	45		GLY	1
1RTD_A	45	1	A	46		LYS	1
1RTD_A	46	1	A	47		ILE	1
1RTD_A	47	1	A	48		SER	1
1RTD_A	48	1	A	49		LYS	1
1RTD_A	49	1	A	50		ILE	1
1RTD_A	50	1	A	51		GLY	1
1RTD_A	51	1	A	52		PRO	1
1RTD_A	52	1	A	53		GLU	1
1RTD_A	53	1	A	54		ASN	1
1RTD_A	54	1	A	55		PRO	1
1RTD_A	55	1	A	56		TYR	1
1RTD_A	56	1	A	57		ASN	1
1RTD_A	57	1	A	58		THR	1
1RTD_A	58	1	A	59		PRO	1
1RTD_A	59	1	A	60		VAL	1
1RTD_A	60	1	A	61		PHE	1
1RTD_A	61	1	A	62		ALA	1
1RTD_A	62	1	A	63		ILE	1
1RTD_A	63	1	A	64		LYS	1
1RTD_A	64	1	A	65		LYS	1
1RTD_A	65	1	A	66		LYS	1
1RTD_A	66	1	A	67		ASP	1
1RTD_A	67	1	A	68		SER	1
1RTD_A	68	1	A	69		THR	1
1RTD_A	69	1	A	70		LYS	1
1RTD_A	70	1	A	71		TRP	1
1RTD_A	71	1	A	72		ARG	1
1RTD_A	72	1	A	73		LYS	1
1RTD_A	73	1	A	74		LEU	1
1RTD_A	74	1	A	75		VAL	1
1RTD_A	75	1	A	76		ASP	1
1RTD_A	76	1	A	77		PHE	1
1RTD_A	77	1	A	78		ARG	1
1RTD_A	78	1	A	79		GLU	1
1RTD_A	79	1	A	80		LEU	1
1RTD_A	80	1	A	81		ASN	1
1RTD_A	81	1	A	82		LYS	1
1RTD_A	82	1	A	83		ARG	1
1RTD_A	83	1	A	84		THR	1
1RTD_A	84	1	A	85		GLN	1
1RTD_A	85	1	A	86		ASP	1
1RTD_A	86	1	A	87		PHE	1
1RTD_A	87	1	A	88		TRP	1
1RTD_A	88	1	A	89		GLU	1
1RTD_A	89	1	A	90		VAL	1
1RTD_A	90	1	A	91		GLN	1
1RTD_A	91	1	A	92		LEU	1
1RTD_A	92	1	A	93		GLY	1
1RTD_A	93	1	A	94		ILE	1
1RTD_A	94	1	A	95		PRO	1
1RTD_A	95	1	A	96		HIS	1
1RTD_A	96	1	A	97		PRO	1
1RTD_A	97	1	A	98		ALA	1
1RTD_A	98	1	A	99		GLY	1
1RTD_A	99	1	A	100		LEU	1
1RTD_A	100	1	A	101		LYS	1
1RTD_A	101	1	A	102		LYS	1
1RTD_A	102	1	A	103		LYS	1
1RTD_A	103	1	A	104		LYS	1
1RTD_A	104	1	A	105		SER	1
1RTD_A	105	1	A	106		VAL	1
1RTD_A	106	1	A	107		THR	1
1RTD_A	107	1	A	108		VAL	1
1RTD_A	108	1	A	109		LEU	1
1RTD_A	109	1	A	110		ASP	1
1RTD_A	110	1	A	111		VAL	1
1RTD_A	111	1	A	112		GLY	1
1RTD_A	112	1	A	113		ASP	1
1RTD_A	113	1	A	114		ALA	1
1RTD_A	114	1	A	115		TYR	1
1RTD_A	115	1	A	116		PHE	1
1RTD_A	116	1	A	117		SER	1
1RTD_A	117	1	A	118		VAL	1
1RTD_A	118	1	A	119		PRO	1
1RTD_A	119	1	A	120		LEU	1
1RTD_A	120	1	A	121		ASP	1
1RTD_A	121	1	A	122		GLU	1
1RTD_A	122	1	A	123		ASP	1
1RTD_A	123	1	A	124		PHE	1
1RTD_A	124	1	A	125		ARG	1
1RTD_A	125	1	A	126		LYS	1
1RTD_A	126	1	A	127		TYR	1
1RTD_A	127	1	A	128		THR	1
1RTD_A	128	1	A	129		ALA	1
1RTD_A	129	1	A	130		PHE	1
1RTD_A	130	1	A	131		THR	1
1RTD_A	131	1	A	132		ILE	1
1RTD_A	132	1	A	133		PRO	1
1RTD_A	133	1	A	134		SER	1
1RTD_A	134	1	A	135		ILE	1
1RTD_A	135	1	A	136		ASN	1
1RTD_A	136	1	A	137		ASN	1
1RTD_A	137	1	A	138		GLU	1
1RTD_A	138	1	A	139		THR	1
1RTD_A	139	1	A	140		PRO	1
1RTD_A	140	1	A	141		GLY	1
1RTD_A	141	1	A	142		ILE	1
1RTD_A	142	1	A	143		ARG	1
1RTD_A	143	1	A	144		TYR	1
1RTD_A	144	1	A	145		GLN	1
1RTD_A	145	1	A	146		TYR	1
1RTD_A	146	1	A	147		ASN	1
1RTD_A	147	1	A	148		VAL	1
1RTD_A	148	1	A	149		LEU	1
1RTD_A	149	1	A	150		PRO	1
1RTD_A	150	1	A	151		GLN	1
1RTD_A	151	1	A	152		GLY	1
1RTD_A	152	1	A	153		TRP	1
1RTD_A	153	1	A	154		LYS	1
1RTD_A	154	1	A	155		GLY	1
1RTD_A	155	1	A	156		SER	1
1RTD_A	156	1	A	157		PRO	1
1RTD_A	157	1	A	158		ALA	1
1RTD_A	158	1	A	159		ILE	1
1RTD_A	159	1	A	160		PHE	1
1RTD_A	160	1	A	161		GLN	1
1RTD_A	161	1	A	162		SER	1
1RTD_A	162	1	A	163		SER	1
1RTD_A	163	1	A	164		MET	1
1RTD_A	164	1	A	165		THR	1
1RTD_A	165	1	A	166		LYS	1
1RTD_A	166	1	A	167		ILE	1
1RTD_A	167	1	A	168		LEU	1
1RTD_A	168	1	A	169		GLU	1
1RTD_A	169	1	A	170		PRO	1
1RTD_A	170	1	A	171		PHE	1
1RTD_A	171	1	A	172		ARG	1
1RTD_A	172	1	A	173		LYS	1
1RTD_A	173	1	A	174		GLN	1
1RTD_A	174	1	A	175		ASN	1
1RTD_A	175	1	A	176		PRO	1
1RTD_A	176	1	A	177		ASP	1
1RTD_A	177	1	A	178		ILE	1
1RTD_A	178	1	A	179		VAL	1
1RTD_A	179	1	A	180		ILE	1
1RTD_A	180	1	A	181		TYR	1
1RTD_A	181	1	A	182		GLN	1
1RTD_A	182	1	A	183		TYR	1
1RTD_A	183	1	A	184		MET	1
1RTD_A	184	1	A	185		ASP	1
1RTD_A	185	1	A	186		ASP	1
1RTD_A	186	1	A	187		LEU	1
1RTD_A	187	1	A	188		TYR	1
1RTD_A	188	1	A	189		VAL	1
1RTD_A	189	1	A	190		GLY	1
1RTD_A	190	1	A	191		SER	1
1RTD_A	191	1	A	192		ASP	1
1RTD_A	192	1	A	193		LEU	1
1RTD_A	193	1	A	194		GLU	1
1RTD_A	194	1	A	195		ILE	1
1RTD_A	195	1	A	196		GLY	1
1RTD_A	196	1	A	197		GLN	1
1RTD_A	197	1	A	198		HIS	1
1RTD_A	198	1	A	199		ARG	1
1RTD_A	199	1	A	200		THR	1
1RTD_A	200	1	A	201		LYS	1
1RTD_A	201	1	A	202		ILE	1
1RTD_A	202	1	A	203		GLU	1
1RTD_A	203	1	A	204		GLU	1
1RTD_A	204	1	A	205		LEU	1
1RTD_A	205	1	A	206		ARG	1
1RTD_A	206	1	A	207		GLN	1
1RTD_A	207	1	A	208		HIS	1
1RTD_A	208	1	A	209		LEU	1
1RTD_A	209	1	A	210		LEU	1
1RTD_A	210	1	A	211		ARG	1
1RTD_A	211	1	A	212		TRP	1
1RTD_A	212	1	A	213		GLY	1
1RTD_A	213	1	A	214		LEU	1
1RTD_A	214	1	A	215		THR	1
1RTD_A	215	1	A	216		THR	1
1RTD_A	216	1	A	217		PRO	1
1RTD_A	217	1	A	218		ASP	1
1RTD_A	218	1	A	219		LYS	1
1RTD_A	219	1	A	220		LYS	1
1RTD_A	220	1	A	221		HIS	1
1RTD_A	221	1	A	222		GLN	1
1RTD_A	222	1	A	223		LYS	1
1RTD_A	223	1	A	224		GLU	1
1RTD_A	224	1	A	225		PRO	1
1RTD_A	225	1	A	226		PRO	1
1RTD_A	226	1	A	227		PHE	1
1RTD_A	227	1	A	228		LEU	1
1RTD_A	228	1	A	229		TRP	1
1RTD_A	229	1	A	230		MET	1
1RTD_A	230	1	A	231		GLY	1
1RTD_A	231	1	A	232		TYR	1
1RTD_A	232	1	A	233		GLU	1
1RTD_A	233	1	A	234		LEU	1
1RTD_A	234	1	A	235		HIS	1
1RTD_A	235	1	A	236		PRO	1
1RTD_A	236	1	A	237		ASP	1
1RTD_A	237	1	A	238		LYS	1
1RTD_A	238	1	A	239		TRP	1
1RTD_A	239	1	A	240		THR	1
1RTD_A	240	1	A	241		VAL	1
1RTD_A	241	1	A	242		GLN	1
1RTD_A	242	1	A	243		PRO	1
1RTD_A	243	1	A	244		ILE	2
1RTD_A	244	1	A	245		VAL	2
1RTD_A	245	1	A	246		LEU	2
1RTD_A	246	1	A	247		PRO	2
1RTD_A	247	1	A	248		GLU	2
1RTD_A	248	1	A	249		LYS	2
1RTD_A	249	1	A	250		ASP	2
1RTD_A	250	1	A	251		SER	2
1RTD_A	251	1	A	252		TRP	2
1RTD_A	252	1	A	253		THR	2
1RTD_A	253	1	A	254		VAL	2
1RTD_A	254	1	A	255		ASN	2
1RTD_A	255	1	A	256		ASP	2
1RTD_A	256	1	A	257		ILE	2
1RTD_A	257	1	A	258		CYS	2
1RTD_A	258	1	A	259		LYS	2
1RTD_A	259	1	A	260		LEU	2
1RTD_A	260	1	A	261		VAL	2
1RTD_A	261	1	A	262		GLY	2
1RTD_A	262	1	A	263		LYS	2
1RTD_A	263	1	A	264		LEU	2
1RTD_A	264	1	A	265		ASN	2
1RTD_A	265	1	A	266		TRP	2
1RTD_A	266	1	A	267		ALA	2
1RTD_A	267	1	A	268		SER	2
1RTD_A	268	1	A	269		GLN	2
1RTD_A	269	1	A	270		ILE	2
1RTD_A	270	1	A	271		TYR	2
1RTD_A	271	1	A	272		PRO	2
1RTD_A	272	1	A	273		GLY	2
1RTD_A	273	1	A	274		ILE	2
1RTD_A	274	1	A	275		LYS	2
1RTD_A	275	1	A	276		VAL	2
1RTD_A	276	1	A	277		ARG	2
1RTD_A	277	1	A	278		GLN	2
1RTD_A	278	1	A	279		LEU	2
1RTD_A	279	1	A	280		CYS	2
1RTD_A	280	1	A	281		LYS	2
1RTD_A	281	1	A	282		LEU	2
1RTD_A	282	1	A	283		LEU	2
1RTD_A	283	1	A	284		ARG	2
1RTD_A	284	1	A	285		GLY	2
1RTD_A	285	1	A	286		THR	2
1RTD_A	286	1	A	287		LYS	2
1RTD_A	287	1	A	288		ALA	2
1RTD_A	288	1	A	289		LEU	2
1RTD_A	289	1	A	290		THR	2
1RTD_A	290	1	A	291		GLU	2
1RTD_A	291	1	A	292		VAL	2
1RTD_A	292	1	A	293		ILE	2
1RTD_A	293	1	A	294		PRO	2
1RTD_A	294	1	A	295		LEU	2
1RTD_A	295	1	A	296		THR	2
1RTD_A	296	1	A	297		GLU	2
1RTD_A	297	1	A	298		GLU	2
1RTD_A	298	1	A	299		ALA	2
1RTD_A	299	1	A	300		GLU	2
1RTD_A	300	1	A	301		LEU	2
1RTD_A	301	1	A	302		GLU	2
1RTD_A	302	1	A	303		LEU	2
1RTD_A	303	1	A	304		ALA	2
1RTD_A	304	1	A	305		GLU	2
1RTD_A	305	1	A	306		ASN	2
1RTD_A	306	1	A	307		ARG	2
1RTD_A	307	1	A	308		GLU	2
1RTD_A	308	1	A	309		ILE	2
1RTD_A	309	1	A	310		LEU	2
1RTD_A	310	1	A	311		LYS	2
1RTD_A	311	1	A	312		GLU	2
1RTD_A	312	1	A	313		PRO	2
1RTD_A	313	1	A	314		VAL	2
1RTD_A	314	1	A	315		HIS	3
1RTD_A	315	1	A	316		GLY	3
1RTD_A	316	1	A	317		VAL	3
1RTD_A	317	1	A	318		TYR	3
1RTD_A	318	1	A	319		TYR	3
1RTD_A	319	1	A	320		ASP	3
1RTD_A	320	1	A	321		PRO	3
1RTD_A	321	1	A	322		SER	3
1RTD_A	322	1	A	323		LYS	3
1RTD_A	323	1	A	324		ASP	3
1RTD_A	324	1	A	325		LEU	3
1RTD_A	325	1	A	326		ILE	3
1RTD_A	326	1	A	327		ALA	3
1RTD_A	327	1	A	328		GLU	3
1RTD_A	328	1	A	329		ILE	3
1RTD_A	329	1	A	330		GLN	3
1RTD_A	330	1	A	331		LYS	3
1RTD_A	331	1	A	332		GLN	3
1RTD_A	332	1	A	333		GLY	3
1RTD_A	333	1	A	334		GLN	3
1RTD_A	334	1	A	335		GLY	3
1RTD_A	335	1	A	336		GLN	3
1RTD_A	336	1	A	337		TRP	3
1RTD_A	337	1	A	338		THR	3
1RTD_A	338	1	A	339		TYR	3
1RTD_A	339	1	A	340		GLN	3
1RTD_A	340	1	A	341		ILE	3
1RTD_A	341	1	A	342		TYR	3
1RTD_A	342	1	A	343		GLN	3
1RTD_A	343	1	A	344		GLU	3
1RTD_A	344	1	A	345		PRO	3
1RTD_A	345	1	A	346		PHE	3
1RTD_A	346	1	A	347		LYS	3
1RTD_A	347	1	A	348		ASN	3
1RTD_A	348	1	A	349		LEU	3
1RTD_A	349	1	A	350		LYS	3
1RTD_A	350	1	A	351		THR	3
1RTD_A	351	1	A	352		GLY	3
1RTD_A	352	1	A	353		LYS	3
1RTD_A	353	1	A	354		TYR	3
1RTD_A	354	1	A	355		ALA	3
1RTD_A	355	1	A	356		ARG	3
1RTD_A	356	1	A	357		MET	3
1RTD_A	357	1	A	358		ARG	3
1RTD_A	358	1	A	359		GLY	3
1RTD_A	359	1	A	360		ALA	3
1RTD_A	360	1	A	361		HIS	3
1RTD_A	361	1	A	362		THR	3
1RTD_A	362	1	A	363		ASN	3
1RTD_A	363	1	A	364		ASP	3
1RTD_A	364	1	A	365		VAL	3
1RTD_A	365	1	A	366		LYS	3
1RTD_A	366	1	A	367		GLN	3
1RTD_A	367	1	A	368		LEU	3
1RTD_A	368	1	A	369		THR	3
1RTD_A	369	1	A	370		GLU	3
1RTD_A	370	1	A	371		ALA	3
1RTD_A	371	1	A	372		VAL	3
1RTD_A	372	1	A	373		GLN	3
1RTD_A	373	1	A	374		LYS	3
1RTD_A	374	1	A	375		ILE	3
1RTD_A	375	1	A	376		THR	3
1RTD_A	376	1	A	377		THR	3
1RTD_A	377	1	A	378		GLU	3
1RTD_A	378	1	A	379		SER	3
1RTD_A	379	1	A	380		ILE	3
1RTD_A	380	1	A	381		VAL	3
1RTD_A	381	1	A	382		ILE	3
1RTD_A	382	1	A	383		TRP	3
1RTD_A	383	1	A	384		GLY	3
1RTD_A	384	1	A	385		LYS	3
1RTD_A	385	1	A	386		THR	3
1RTD_A	386	1	A	387		PRO	3
1RTD_A	387	1	A	388		LYS	3
1RTD_A	388	1	A	389		PHE	3
1RTD_A	389	1	A	390		LYS	3
1RTD_A	390	1	A	391		LEU	3
1RTD_A	391	1	A	392		PRO	3
1RTD_A	392	1	A	393		ILE	3
1RTD_A	393	1	A	394		GLN	3
1RTD_A	394	1	A	395		LYS	3
1RTD_A	395	1	A	396		GLU	3
1RTD_A	396	1	A	397		THR	3
1RTD_A	397	1	A	398		TRP	3
1RTD_A	398	1	A	399		GLU	3
1RTD_A	399	1	A	400		THR	3
1RTD_A	400	1	A	401		TRP	3
1RTD_A	401	1	A	402		TRP	3
1RTD_A	402	1	A	403		THR	3
1RTD_A	403	1	A	404		GLU	3
1RTD_A	404	1	A	405		TYR	3
1RTD_A	405	1	A	406		TRP	3
1RTD_A	406	1	A	407		GLN	3
1RTD_A	407	1	A	408		ALA	3
1RTD_A	408	1	A	409		THR	3
1RTD_A	409	1	A	410		TRP	3
1RTD_A	410	1	A	411		ILE	3
1RTD_A	411	1	A	412		PRO	3
1RTD_A	412	1	A	413		GLU	3
1RTD_A	413	1	A	414		TRP	3
1RTD_A	414	1	A	415		GLU	3
1RTD_A	415	1	A	416		PHE	3
1RTD_A	416	1	A	417		VAL	3
1RTD_A	417	1	A	418		ASN	3
1RTD_A	418	1	A	419		THR	3
1RTD_A	419	1	A	420		PRO	3
1RTD_A	420	1	A	421		PRO	3
1RTD_A	421	1	A	422		LEU	3
1RTD_A	422	1	A	423		VAL	3
1RTD_A	423	1	A	424		LYS	3
1RTD_A	424	1	A	425		LEU	3
1RTD_A	425	1	A	426		TRP	4
1RTD_A	426	1	A	427		TYR	4
1RTD_A	427	1	A	428		GLN	4
1RTD_A	428	1	A	429		LEU	4
1RTD_A	429	1	A	430		GLU	4
1RTD_A	430	1	A	431		LYS	4
1RTD_A	431	1	A	432		GLU	4
1RTD_A	432	1	A	433		PRO	4
1RTD_A	433	1	A	434		ILE	4
1RTD_A	434	1	A	435		VAL	4
1RTD_A	435	1	A	436		GLY	4
1RTD_A	436	1	A	437		ALA	4
1RTD_A	437	1	A	438		GLU	4
1RTD_A	438	1	A	439		THR	4
1RTD_A	439	1	A	440		PHE	4
1RTD_A	440	1	A	441		TYR	4
1RTD_A	441	1	A	442		VAL	4
1RTD_A	442	1	A	443		ASP	4
1RTD_A	443	1	A	444		GLY	4
1RTD_A	444	1	A	445		ALA	4
1RTD_A	445	1	A	446		ALA	4
1RTD_A	446	1	A	447		ASN	4
1RTD_A	447	1	A	448		ARG	4
1RTD_A	448	1	A	449		GLU	4
1RTD_A	449	1	A	450		THR	4
1RTD_A	450	1	A	451		LYS	4
1RTD_A	451	1	A	452		LEU	4
1RTD_A	452	1	A	453		GLY	4
1RTD_A	453	1	A	454		LYS	4
1RTD_A	454	1	A	455		ALA	4
1RTD_A	455	1	A	456		GLY	4
1RTD_A	456	1	A	457		TYR	4
1RTD_A	457	1	A	458		VAL	4
1RTD_A	458	1	A	459		THR	4
1RTD_A	459	1	A	460		ASN	4
1RTD_A	460	1	A	461		LYS	4
1RTD_A	461	1	A	462		GLY	4
1RTD_A	462	1	A	463		ARG	4
1RTD_A	463	1	A	464		GLN	4
1RTD_A	464	1	A	465		LYS	4
1RTD_A	465	1	A	466		VAL	4
1RTD_A	466	1	A	467		VAL	4
1RTD_A	467	1	A	468		PRO	4
1RTD_A	468	1	A	469		LEU	4
1RTD_A	469	1	A	470		THR	4
1RTD_A	470	1	A	471		ASP	4
1RTD_A	471	1	A	472		THR	4
1RTD_A	472	1	A	473		THR	4
1RTD_A	473	1	A	474		ASN	4
1RTD_A	474	1	A	475		GLN	4
1RTD_A	475	1	A	476		LYS	4
1RTD_A	476	1	A	477		THR	4
1RTD_A	477	1	A	478		GLN	4
1RTD_A	478	1	A	479		LEU	4
1RTD_A	479	1	A	480		GLN	4
1RTD_A	480	1	A	481		ALA	4
1RTD_A	481	1	A	482		ILE	4
1RTD_A	482	1	A	483		TYR	4
1RTD_A	483	1	A	484		LEU	4
1RTD_A	484	1	A	485		ALA	4
1RTD_A	485	1	A	486		LEU	4
1RTD_A	486	1	A	487		GLN	4
1RTD_A	487	1	A	488		ASP	4
1RTD_A	488	1	A	489		SER	4
1RTD_A	489	1	A	490		GLY	4
1RTD_A	490	1	A	491		LEU	4
1RTD_A	491	1	A	492		GLU	4
1RTD_A	492	1	A	493		VAL	4
1RTD_A	493	1	A	494		ASN	4
1RTD_A	494	1	A	495		ILE	4
1RTD_A	495	1	A	496		VAL	4
1RTD_A	496	1	A	497		THR	4
1RTD_A	497	1	A	498		ASP	4
1RTD_A	498	1	A	499		SER	4
1RTD_A	499	1	A	500		GLN	4
1RTD_A	500	1	A	501		TYR	4
1RTD_A	501	1	A	502		ALA	4
1RTD_A	502	1	A	503		LEU	4
1RTD_A	503	1	A	504		GLY	4
1RTD_A	504	1	A	505		ILE	4
1RTD_A	505	1	A	506		ILE	4
1RTD_A	506	1	A	507		GLN	4
1RTD_A	507	1	A	508		ALA	4
1RTD_A	508	1	A	509		GLN	4
1RTD_A	509	1	A	510		PRO	4
1RTD_A	510	1	A	511		ASP	4
1RTD_A	511	1	A	512		GLU	4
1RTD_A	512	1	A	513		SER	4
1RTD_A	513	1	A	514		GLU	4
1RTD_A	514	1	A	515		SER	4
1RTD_A	515	1	A	516		GLU	4
1RTD_A	516	1	A	517		LEU	4
1RTD_A	517	1	A	518		VAL	4
1RTD_A	518	1	A	519		ASN	4
1RTD_A	519	1	A	520		GLN	4
1RTD_A	520	1	A	521		ILE	4
1RTD_A	521	1	A	522		ILE	4
1RTD_A	522	1	A	523		GLU	4
1RTD_A	523	1	A	524		GLN	4
1RTD_A	524	1	A	525		LEU	4
1RTD_A	525	1	A	526		ILE	4
1RTD_A	526	1	A	527		LYS	4
1RTD_A	527	1	A	528		LYS	4
1RTD_A	528	1	A	529		GLU	4
1RTD_A	529	1	A	530		LYS	4
1RTD_A	530	1	A	531		VAL	4
1RTD_A	531	1	A	532		TYR	4
1RTD_A	532	1	A	533		LEU	4
1RTD_A	533	1	A	534		ALA	4
1RTD_A	534	1	A	535		TRP	4
1RTD_A	535	1	A	536		VAL	4
1RTD_A	536	1	A	537		PRO	4
1RTD_A	537	1	A	538		ALA	4
1RTD_A	538	1	A	539		HIS	4
1RTD_A	539	1	A	540		LYS	4
1RTD_A	540	1	A	541		GLY	4
1RTD_A	541	1	A	542		ILE	4
1RTD_A	542	1	A	543		GLY	4
1RTD_A	543	1	A	544		GLY	4
1RTD_A	544	1	A	545		ASN	4
1RTD_A	545	1	A	546		GLU	4
1RTD_A	546	1	A	547		GLN	4
1RTD_A	547	1	A	548		VAL	4
1RTD_A	548	1	A	549		ASP	4
1RTD_A	549	1	A	550		LYS	4
1RTD_A	550	1	A	551		LEU	4
1RTD_A	551	1	A	552		VAL	4
1RTD_A	552	1	A	553		SER	4
1RTD_A	553	1	A	554		ALA	4
23OR_A	0	1	A	5		LYS	1
23OR_A	1	1	A	6		MET	1
23OR_A	2	1	A	7		ILE	1
23OR_A	3	1	A	8		LEU	1
23OR_A	4	1	A	9		VAL	1
23OR_A	5	1	A	10		ASP	1
23OR_A	6	1	A	11		LYS	1
23OR_A	7	1	A	12		VAL	1
23OR_A	8	1	A	13		PHE	1
23OR_A	9	1	A	14		TYR	1
23OR_A	10	1	A	15		GLU	1
23OR_A	11	1	A	16		LYS	1
23OR_A	12	1	A	17		ILE	1
23OR_A	13	1	A	18		LEU	1
23OR_A	14	1	A	19		SER	1
23OR_A	15	1	A	20		VAL	1
23OR_A	16	1	A	21		GLU	1
23OR_A	17	1	A	22		SER	1
23OR_A	18	1	A	23		PHE	1
23OR_A	19	1	A	24		LYS	1
23OR_A	20	1	A	25		GLU	1
23OR_A	21	1	A	26		ASN	1
23OR_A	22	1	A	27		ILE	1
23OR_A	23	1	A	28		ILE	1
23OR_A	24	1	A	29		THR	1
23OR_A	25	1	A	30		GLN	1
23OR_A	26	1	A	31		SER	1
23OR_A	27	1	A	32		ALA	1
23OR_A	28	1	A	33		ILE	1
23OR_A	29	1	A	34		PRO	1
23OR_A	30	1	A	35		LYS	1
23OR_A	31	1	A	36		ILE	1
23OR_A	32	1	A	37		SER	1
23OR_A	33	1	A	38		ASN	1
23OR_A	34	1	A	39		LYS	1
23OR_A	35	1	A	40		GLU	1
23OR_A	36	1	A	41		VAL	1
23OR_A	37	1	A	42		ARG	1
23OR_A	38	1	A	43		LEU	1
23OR_A	39	1	A	44		ILE	1
23OR_A	40	1	A	45		SER	1
23OR_A	41	1	A	46		SER	1
23OR_A	42	1	A	47		GLY	1
23OR_A	43	1	A	48		SER	1
23OR_A	44	1	A	49		LYS	1
23OR_A	45	1	A	50		ILE	1
23OR_A	46	1	A	51		PHE	1
23OR_A	47	1	A	52		TYR	1
23OR_A	48	1	A	53		ALA	1
23OR_A	49	1	A	54		ILE	1
23OR_A	50	1	A	55		ASN	1
23OR_A	51	1	A	56		ASN	1
23OR_A	52	1	A	57		THR	1
23OR_A	53	1	A	58		SER	1
23OR_A	54	1	A	59		PRO	1
23OR_A	55	1	A	60		HIS	1
23OR_A	56	1	A	61		SER	1
23OR_A	57	1	A	62		HIS	1
23OR_A	58	1	A	63		VAL	1
23OR_A	59	1	A	64		GLN	1
23OR_A	60	1	A	65		LEU	1
23OR_A	61	1	A	66		ARG	1
23OR_A	62	1	A	67		LEU	1
23OR_A	63	1	A	68		ASN	1
23OR_A	64	1	A	69		ARG	1
23OR_A	65	1	A	70		PHE	1
23OR_A	66	1	A	71		PHE	1
23OR_A	67	1	A	72		LEU	2
23OR_A	68	1	A	73		SER	2
23OR_A	69	1	A	74		HIS	2
23OR_A	70	1	A	75		ILE	2
23OR_A	71	1	A	76		PRO	2
23OR_A	72	1	A	77		LEU	2
23OR_A	73	1	A	78		ASN	2
23OR_A	74	1	A	79		SER	2
23OR_A	75	1	A	80		ALA	2
23OR_A	76	1	A	81		ALA	2
23OR_A	77	1	A	82		LYS	2
23OR_A	78	1	A	83		ALA	2
23OR_A	79	1	A	84		PHE	2
23OR_A	80	1	A	85		VAL	2
23OR_A	81	1	A	86		ARG	2
23OR_A	82	1	A	87		GLY	2
23OR_A	83	1	A	88		GLY	2
23OR_A	84	1	A	89		SER	2
23OR_A	85	1	A	90		TYR	2
23OR_A	86	1	A	91		LEU	2
23OR_A	87	1	A	92		LYS	2
23OR_A	88	1	A	93		TYR	2
23OR_A	89	1	A	94		LEU	2
23OR_A	90	1	A	95		GLU	2
23OR_A	91	1	A	96		PRO	2
23OR_A	92	1	A	97		HIS	2
23OR_A	93	1	A	98		ILE	2
23OR_A	94	1	A	99		TYR	2
23OR_A	95	1	A	100		GLY	2
23OR_A	96	1	A	101		SER	2
23OR_A	97	1	A	102		SER	2
23OR_A	98	1	A	103		TYR	2
23OR_A	99	1	A	104		CYS	2
23OR_A	100	1	A	105		ARG	2
23OR_A	101	1	A	106		LEU	2
23OR_A	102	1	A	107		ASP	2
23OR_A	103	1	A	108		ILE	2
23OR_A	104	1	A	109		SER	2
23OR_A	105	1	A	110		SER	2
23OR_A	106	1	A	111		PHE	2
23OR_A	107	1	A	112		PHE	2
23OR_A	108	1	A	113		ASN	2
23OR_A	109	1	A	114		ASN	2
23OR_A	110	1	A	115		ILE	2
23OR_A	111	1	A	116		SER	1
23OR_A	112	1	A	117		PHE	1
23OR_A	113	1	A	118		ASP	1
23OR_A	114	1	A	119		ASP	1
23OR_A	115	1	A	120		VAL	1
23OR_A	116	1	A	121		LYS	1
23OR_A	117	1	A	122		GLN	1
23OR_A	118	1	A	123		SER	1
23OR_A	119	1	A	124		LEU	1
23OR_A	120	1	A	125		SER	1
23OR_A	121	1	A	126		PRO	1
23OR_A	122	1	A	127		TYR	1
23OR_A	123	1	A	128		ILE	1
23OR_A	124	1	A	129		LYS	1
23OR_A	125	1	A	130		ASP	1
23OR_A	126	1	A	131		GLU	1
23OR_A	127	1	A	132		TYR	1
23OR_A	128	1	A	133		LEU	1
23OR_A	129	1	A	134		ILE	1
23OR_A	130	1	A	135		GLY	1
23OR_A	131	1	A	136		THR	1
23OR_A	132	1	A	137		GLU	1
23OR_A	133	1	A	138		GLN	1
23OR_A	134	1	A	139		LYS	1
23OR_A	135	1	A	140		LEU	1
23OR_A	136	1	A	141		ILE	1
23OR_A	137	1	A	142		ASP	1
23OR_A	138	1	A	143		ALA	1
23OR_A	139	1	A	144		ILE	1
23OR_A	140	1	A	145		LEU	1
23OR_A	141	1	A	146		ASN	1
23OR_A	142	1	A	147		SER	1
23OR_A	143	1	A	148		VAL	1
23OR_A	144	1	A	149		GLY	0
23OR_A	145	1	A	150		TYR	0
23OR_A	146	1	A	151		GLU	0
23OR_A	147	1	A	152		SER	0
23OR_A	148	1	A	153		PRO	0
23OR_A	149	1	A	154		ILE	0
23OR_A	150	1	A	155		ARG	0
23OR_A	151	1	A	156		LYS	0
23OR_A	152	1	A	157		ASP	0
23OR_A	153	1	A	158		LYS	0
23OR_A	154	1	A	159		GLY	0
23OR_A	155	1	A	160		MET	0
23OR_A	156	1	A	161		ILE	0
23OR_A	157	1	A	162		ILE	2
23OR_A	158	1	A	163		PRO	2
23OR_A	159	1	A	164		MET	2
23OR_A	160	1	A	165		GLY	2
23OR_A	161	1	A	166		PHE	2
23OR_A	162	1	A	167		ARG	2
23OR_A	163	1	A	168		THR	2
23OR_A	164	1	A	169		SER	2
23OR_A	165	1	A	170		PRO	2
23OR_A	166	1	A	171		ALA	2
23OR_A	167	1	A	172		ILE	2
23OR_A	168	1	A	173		SER	2
23OR_A	169	1	A	174		ASN	2
23OR_A	170	1	A	175		ILE	2
23OR_A	171	1	A	176		VAL	2
23OR_A	172	1	A	177		PHE	2
23OR_A	173	1	A	178		ARG	2
23OR_A	174	1	A	179		LYS	2
23OR_A	175	1	A	180		MET	2
23OR_A	176	1	A	181		ASP	2
23OR_A	177	1	A	182		LEU	2
23OR_A	178	1	A	183		LEU	2
23OR_A	179	1	A	184		ILE	2
23OR_A	180	1	A	185		GLN	2
23OR_A	181	1	A	186		ASP	2
23OR_A	182	1	A	187		PHE	2
23OR_A	183	1	A	188		CYS	2
23OR_A	184	1	A	189		ALA	2
23OR_A	185	1	A	190		LYS	2
23OR_A	186	1	A	191		LYS	2
23OR_A	187	1	A	192		GLY	2
23OR_A	188	1	A	193		VAL	2
23OR_A	189	1	A	194		ILE	2
23OR_A	190	1	A	195		TYR	2
23OR_A	191	1	A	196		SER	2
23OR_A	192	1	A	197		ARG	2
23OR_A	193	1	A	198		TYR	2
23OR_A	194	1	A	199		ALA	2
23OR_A	195	1	A	200		ASP	2
23OR_A	196	1	A	201		ASP	2
23OR_A	197	1	A	202		MET	2
23OR_A	198	1	A	203		LEU	2
23OR_A	199	1	A	204		PHE	2
23OR_A	200	1	A	205		SER	2
23OR_A	201	1	A	206		ASN	2
23OR_A	202	1	A	207		PRO	2
23OR_A	203	1	A	208		ARG	2
23OR_A	204	1	A	209		GLU	2
23OR_A	205	1	A	210		SER	2
23OR_A	206	1	A	211		LYS	2
23OR_A	207	1	A	212		LEU	2
23OR_A	208	1	A	213		LEU	2
23OR_A	209	1	A	214		MET	2
23OR_A	210	1	A	215		SER	2
23OR_A	211	1	A	216		ASP	2
23OR_A	212	1	A	217		TYR	2
23OR_A	213	1	A	218		PHE	2
23OR_A	214	1	A	219		ILE	2
23OR_A	215	1	A	220		ASP	2
23OR_A	216	1	A	221		GLU	2
23OR_A	217	1	A	222		ILE	2
23OR_A	218	1	A	223		SER	2
23OR_A	219	1	A	224		SER	2
23OR_A	220	1	A	225		LEU	2
23OR_A	221	1	A	226		LEU	2
23OR_A	222	1	A	227		SER	2
23OR_A	223	1	A	228		ILE	2
23OR_A	224	1	A	229		MET	2
23OR_A	225	1	A	230		GLY	2
23OR_A	226	1	A	231		PHE	2
23OR_A	227	1	A	232		ASN	2
23OR_A	228	1	A	233		ILE	2
23OR_A	229	1	A	234		ASN	2
23OR_A	230	1	A	235		GLN	2
23OR_A	231	1	A	236		SER	2
23OR_A	232	1	A	237		LYS	2
23OR_A	233	1	A	238		TYR	2
23OR_A	234	1	A	239		ILE	2
23OR_A	235	1	A	240		SER	2
23OR_A	236	1	A	241		ARG	2
23OR_A	237	1	A	242		GLU	2
23OR_A	238	1	A	243		LYS	2
23OR_A	239	1	A	244		GLU	2
23OR_A	240	1	A	245		ILE	2
23OR_A	241	1	A	246		SER	2
23OR_A	242	1	A	247		ILE	2
23OR_A	243	1	A	248		ASN	2
23OR_A	244	1	A	249		GLY	2
23OR_A	245	1	A	250		TYR	2
23OR_A	246	1	A	251		VAL	2
23OR_A	247	1	A	252		ILE	2
23OR_A	248	1	A	253		GLU	2
23OR_A	249	1	A	254		ASN	2
23OR_A	250	1	A	255		LYS	2
23OR_A	251	1	A	256		GLY	2
23OR_A	252	1	A	257		GLY	2
23OR_A	253	1	A	258		ASN	2
23OR_A	254	1	A	259		GLY	2
23OR_A	255	1	A	260		SER	2
23OR_A	256	1	A	261		ILE	2
23OR_A	257	1	A	262		GLY	2
23OR_A	258	1	A	263		THR	2
23OR_A	259	1	A	264		ILE	2
23OR_A	260	1	A	265		ARG	2
23OR_A	261	1	A	266		LEU	2
23OR_A	262	1	A	267		SER	2
23OR_A	263	1	A	268		LYS	3
23OR_A	264	1	A	269		SER	3
23OR_A	265	1	A	270		LYS	3
23OR_A	266	1	A	271		LEU	3
23OR_A	267	1	A	272		ASN	3
23OR_A	268	1	A	273		THR	3
23OR_A	269	1	A	274		VAL	3
23OR_A	270	1	A	275		LEU	3
23OR_A	271	1	A	276		LYS	3
23OR_A	272	1	A	277		VAL	3
23OR_A	273	1	A	278		THR	3
23OR_A	274	1	A	279		HIS	3
23OR_A	275	1	A	280		ALA	3
23OR_A	276	1	A	281		LEU	3
23OR_A	277	1	A	282		ALA	3
23OR_A	278	1	A	283		GLN	3
23OR_A	279	1	A	284		ASN	3
23OR_A	280	1	A	285		ILE	3
23OR_A	281	1	A	286		PRO	3
23OR_A	282	1	A	287		TYR	3
23OR_A	283	1	A	288		LYS	3
23OR_A	284	1	A	289		ASN	3
23OR_A	285	1	A	290		ILE	3
23OR_A	286	1	A	291		CYS	3
23OR_A	287	1	A	292		ASN	3
23OR_A	288	1	A	293		LYS	3
23OR_A	289	1	A	294		TYR	3
23OR_A	290	1	A	295		ILE	3
23OR_A	291	1	A	296		LYS	3
23OR_A	292	1	A	297		VAL	3
23OR_A	293	1	A	298		ARG	3
23OR_A	294	1	A	299		LEU	3
23OR_A	295	1	A	300		LYS	3
23OR_A	296	1	A	301		GLU	3
23OR_A	297	1	A	302		LYS	3
23OR_A	298	1	A	303		ASN	3
23OR_A	299	1	A	304		ILE	3
23OR_A	300	1	A	305		LYS	3
23OR_A	301	1	A	306		TYR	3
23OR_A	302	1	A	307		GLU	3
23OR_A	303	1	A	308		SER	3
23OR_A	304	1	A	309		LYS	3
23OR_A	305	1	A	310		LYS	3
23OR_A	306	1	A	311		ASP	3
23OR_A	307	1	A	312		GLU	3
23OR_A	308	1	A	313		PHE	3
23OR_A	309	1	A	314		GLU	3
23OR_A	310	1	A	315		LYS	3
23OR_A	311	1	A	316		LYS	3
23OR_A	312	1	A	317		TYR	3
23OR_A	313	1	A	318		TYR	3
23OR_A	314	1	A	319		ARG	3
23OR_A	315	1	A	320		ASP	3
23OR_A	316	1	A	321		GLN	3
23OR_A	317	1	A	322		LEU	3
23OR_A	318	1	A	323		ILE	4
23OR_A	319	1	A	324		ASN	4
23OR_A	320	1	A	325		TYR	4
23OR_A	321	1	A	326		LEU	4
23OR_A	322	1	A	327		GLY	4
23OR_A	323	1	A	328		GLY	4
23OR_A	324	1	A	329		TYR	4
23OR_A	325	1	A	330		ARG	4
23OR_A	326	1	A	331		SER	4
23OR_A	327	1	A	332		TYR	4
23OR_A	328	1	A	333		LEU	4
23OR_A	329	1	A	334		ILE	4
23OR_A	330	1	A	335		SER	4
23OR_A	331	1	A	336		LEU	4
23OR_A	332	1	A	337		VAL	4
23OR_A	333	1	A	338		LYS	4
23OR_A	334	1	A	339		PHE	4
23OR_A	335	1	A	340		HIS	4
23OR_A	336	1	A	341		SER	4
23OR_A	337	1	A	342		GLU	4
23OR_A	338	1	A	343		TYR	4
23OR_A	339	1	A	344		LYS	4
23OR_A	340	1	A	345		CYS	4
23OR_A	341	1	A	346		VAL	4
23OR_A	342	1	A	347		ASN	4
23OR_A	343	1	A	348		SER	4
23OR_A	344	1	A	349		ASP	4
23OR_A	345	1	A	350		PHE	4
23OR_A	346	1	A	351		ILE	4
23OR_A	347	1	A	352		ILE	4
23OR_A	348	1	A	353		GLN	4
23OR_A	349	1	A	354		ILE	4
23OR_A	350	1	A	355		ASN	4
23OR_A	351	1	A	356		GLY	4
23OR_A	352	1	A	357		ILE	4
23OR_A	353	1	A	358		LEU	4
23OR_A	354	1	A	359		ASN	4
23OR_A	355	1	A	360		ASP	4
23OR_A	356	1	A	361		ILE	4
23OR_A	357	1	A	362		GLN	4
23OR_A	358	1	A	363		ASN	4
23OR_A	359	1	A	364		HIS	4
23OR_A	360	1	A	365		ILE	4
23OR_A	361	1	A	366		GLN	4
23OR_A	362	1	A	367		LYS	4
23OR_A	363	1	A	368		ILE	4
23OR_A	364	1	A	369		LYS	4
23OR_A	365	1	A	370		LYS	4
23OR_A	366	1	A	371		ASN	4
24NC_A	0	1	A	5		ASP	1
24NC_A	1	1	A	6		GLU	1
24NC_A	2	1	A	7		LYS	1
24NC_A	3	1	A	8		ARG	1
24NC_A	4	1	A	9		HIS	1
24NC_A	5	1	A	10		LEU	1
24NC_A	6	1	A	11		TYR	1
24NC_A	7	1	A	12		GLU	1
24NC_A	8	1	A	13		ALA	1
24NC_A	9	1	A	14		LEU	1
24NC_A	10	1	A	15		LEU	1
24NC_A	11	1	A	16		ARG	1
24NC_A	12	1	A	17		HIS	1
24NC_A	13	1	A	18		ASN	1
24NC_A	14	1	A	19		TYR	1
24NC_A	15	1	A	20		PHE	1
24NC_A	16	1	A	21		PRO	1
24NC_A	17	1	A	22		ASN	1
24NC_A	18	1	A	23		GLN	1
24NC_A	19	1	A	24		LYS	1
24NC_A	20	1	A	25		GLY	1
24NC_A	21	1	A	26		SER	1
24NC_A	22	1	A	27		ILE	1
24NC_A	23	1	A	28		SER	1
24NC_A	24	1	A	29		GLU	1
24NC_A	25	1	A	30		ILE	1
24NC_A	26	1	A	31		PRO	1
24NC_A	27	1	A	32		PRO	1
24NC_A	28	1	A	33		CYS	1
24NC_A	29	1	A	34		PHE	1
24NC_A	30	1	A	35		SER	1
24NC_A	31	1	A	36		SER	1
24NC_A	32	1	A	37		ARG	1
24NC_A	33	1	A	38		THR	1
24NC_A	34	1	A	39		PHE	1
24NC_A	35	1	A	40		THR	1
24NC_A	36	1	A	41		PRO	1
24NC_A	37	1	A	42		GLU	1
24NC_A	38	1	A	43		ILE	1
24NC_A	39	1	A	44		ALA	1
24NC_A	40	1	A	45		GLU	1
24NC_A	41	1	A	46		LEU	1
24NC_A	42	1	A	47		ILE	1
24NC_A	43	1	A	48		SER	1
24NC_A	44	1	A	49		SER	1
24NC_A	45	1	A	50		ASP	1
24NC_A	46	1	A	51		THR	1
24NC_A	47	1	A	52		SER	1
24NC_A	48	1	A	53		GLY	1
24NC_A	49	1	A	54		ARG	1
24NC_A	50	1	A	55		ARG	1
24NC_A	51	1	A	56		SER	1
24NC_A	52	1	A	57		LEU	1
24NC_A	53	1	A	58		GLN	1
24NC_A	54	1	A	59		GLY	1
24NC_A	55	1	A	60		TYR	1
24NC_A	56	1	A	61		ASP	1
24NC_A	57	1	A	62		CYS	1
24NC_A	58	1	A	63		VAL	1
24NC_A	59	1	A	64		GLU	1
24NC_A	60	1	A	65		TYR	1
24NC_A	61	1	A	66		TYR	1
24NC_A	62	1	A	67		ALA	1
24NC_A	63	1	A	68		THR	1
24NC_A	64	1	A	69		ARG	1
24NC_A	65	1	A	70		TYR	1
24NC_A	66	1	A	71		ASN	1
24NC_A	67	1	A	72		ASN	1
24NC_A	68	1	A	73		PHE	1
24NC_A	69	1	A	74		PRO	1
24NC_A	70	1	A	75		ARG	1
24NC_A	71	1	A	76		THR	1
24NC_A	72	1	A	77		LEU	1
24NC_A	73	1	A	78		SER	1
24NC_A	74	1	A	79		ILE	1
24NC_A	75	1	A	80		ILE	1
24NC_A	76	1	A	81		HIS	1
24NC_A	77	1	A	82		PRO	1
24NC_A	78	1	A	83		LYS	1
24NC_A	79	1	A	84		ALA	1
24NC_A	80	1	A	85		TYR	1
24NC_A	81	1	A	86		SER	1
24NC_A	82	1	A	87		LYS	1
24NC_A	83	1	A	88		LEU	1
24NC_A	84	1	A	89		ALA	1
24NC_A	85	1	A	90		LYS	1
24NC_A	86	1	A	91		HIS	1
24NC_A	87	1	A	92		ILE	1
24NC_A	88	1	A	93		HIS	1
24NC_A	89	1	A	94		ASP	1
24NC_A	90	1	A	95		ASN	1
24NC_A	91	1	A	96		TRP	1
24NC_A	92	1	A	97		GLU	1
24NC_A	93	1	A	98		GLU	2
24NC_A	94	1	A	99		ILE	2
24NC_A	95	1	A	100		ARG	2
24NC_A	96	1	A	101		PHE	2
24NC_A	97	1	A	102		ILE	2
24NC_A	98	1	A	103		LYS	2
24NC_A	99	1	A	104		GLU	2
24NC_A	100	1	A	105		ASN	2
24NC_A	101	1	A	106		GLU	2
24NC_A	102	1	A	107		ASN	2
24NC_A	103	1	A	108		SER	2
24NC_A	104	1	A	109		MET	2
24NC_A	105	1	A	110		ILE	2
24NC_A	106	1	A	111		LYS	2
24NC_A	107	1	A	112		PRO	2
24NC_A	108	1	A	113		ASP	2
24NC_A	109	1	A	114		MET	2
24NC_A	110	1	A	115		HIS	2
24NC_A	111	1	A	116		ALA	2
24NC_A	112	1	A	117		ASP	2
24NC_A	113	1	A	118		GLY	2
24NC_A	114	1	A	119		ARG	2
24NC_A	115	1	A	120		ILE	2
24NC_A	116	1	A	121		ILE	2
24NC_A	117	1	A	122		ILE	2
24NC_A	118	1	A	123		MET	2
24NC_A	119	1	A	124		ASN	2
24NC_A	120	1	A	125		TYR	2
24NC_A	121	1	A	126		GLU	2
24NC_A	122	1	A	127		ASP	2
24NC_A	123	1	A	128		ALA	2
24NC_A	124	1	A	129		GLU	2
24NC_A	125	1	A	130		THR	2
24NC_A	126	1	A	131		LYS	2
24NC_A	127	1	A	132		THR	2
24NC_A	128	1	A	133		ILE	2
24NC_A	129	1	A	134		ARG	2
24NC_A	130	1	A	135		GLU	2
24NC_A	131	1	A	136		LEU	2
24NC_A	132	1	A	137		ASN	2
24NC_A	133	1	A	138		ASP	2
24NC_A	134	1	A	139		GLY	2
24NC_A	135	1	A	140		PHE	2
24NC_A	136	1	A	141		GLY	2
24NC_A	137	1	A	142		ARG	2
24NC_A	138	1	A	143		ARG	2
24NC_A	139	1	A	144		PHE	2
24NC_A	140	1	A	145		LYS	2
24NC_A	141	1	A	146		VAL	2
24NC_A	142	1	A	147		ASN	2
24NC_A	143	1	A	148		ALA	2
24NC_A	144	1	A	149		ASP	2
24NC_A	145	1	A	150		ILE	2
24NC_A	146	1	A	151		SER	2
24NC_A	147	1	A	152		GLY	2
24NC_A	148	1	A	153		CYS	2
24NC_A	149	1	A	154		PHE	2
24NC_A	150	1	A	155		THR	2
24NC_A	151	1	A	156		ASN	2
24NC_A	152	1	A	157		ILE	2
24NC_A	153	1	A	158		TYR	3
24NC_A	154	1	A	159		SER	3
24NC_A	155	1	A	160		HIS	3
24NC_A	156	1	A	161		SER	3
24NC_A	157	1	A	162		ILE	3
24NC_A	158	1	A	163		PRO	3
24NC_A	159	1	A	164		TRP	3
24NC_A	160	1	A	165		ALA	3
24NC_A	161	1	A	166		VAL	3
24NC_A	162	1	A	167		ILE	3
24NC_A	163	1	A	168		GLY	3
24NC_A	164	1	A	169		VAL	3
24NC_A	165	1	A	170		ASN	3
24NC_A	166	1	A	171		ASN	3
24NC_A	167	1	A	172		ALA	3
24NC_A	168	1	A	173		LYS	3
24NC_A	169	1	A	174		ILE	3
24NC_A	170	1	A	175		ALA	3
24NC_A	171	1	A	176		LEU	3
24NC_A	172	1	A	177		ASN	3
24NC_A	173	1	A	178		THR	3
24NC_A	174	1	A	179		LYS	3
24NC_A	175	1	A	180		VAL	3
24NC_A	176	1	A	181		LYS	3
24NC_A	177	1	A	182		ASN	3
24NC_A	178	1	A	183		GLN	3
24NC_A	179	1	A	184		ASP	3
24NC_A	180	1	A	185		LYS	3
24NC_A	181	1	A	186		HIS	3
24NC_A	182	1	A	187		TRP	3
24NC_A	183	1	A	188		SER	3
24NC_A	184	1	A	189		ASP	3
24NC_A	185	1	A	190		LYS	3
24NC_A	186	1	A	191		LEU	3
24NC_A	187	1	A	192		ASP	3
24NC_A	188	1	A	193		TYR	1
24NC_A	189	1	A	194		PHE	1
24NC_A	190	1	A	195		GLN	1
24NC_A	191	1	A	196		ARG	1
24NC_A	192	1	A	197		GLN	1
24NC_A	193	1	A	198		ALA	1
24NC_A	194	1	A	199		LYS	1
24NC_A	195	1	A	200		ARG	1
24NC_A	196	1	A	201		ASN	1
24NC_A	197	1	A	202		GLU	1
24NC_A	198	1	A	203		THR	1
24NC_A	199	1	A	204		HIS	1
24NC_A	200	1	A	205		GLY	1
24NC_A	201	1	A	206		VAL	2
24NC_A	202	1	A	207		PRO	2
24NC_A	203	1	A	208		ILE	2
24NC_A	204	1	A	209		GLY	2
24NC_A	205	1	A	210		PRO	2
24NC_A	206	1	A	211		ALA	2
24NC_A	207	1	A	212		THR	2
24NC_A	208	1	A	213		SER	2
24NC_A	209	1	A	214		SER	2
24NC_A	210	1	A	215		ILE	2
24NC_A	211	1	A	216		VAL	2
24NC_A	212	1	A	217		CYS	2
24NC_A	213	1	A	218		GLU	2
24NC_A	214	1	A	219		ILE	2
24NC_A	215	1	A	220		ILE	2
24NC_A	216	1	A	221		LEU	2
24NC_A	217	1	A	222		SER	2
24NC_A	218	1	A	223		ALA	2
24NC_A	219	1	A	224		VAL	2
24NC_A	220	1	A	225		ASP	2
24NC_A	221	1	A	226		LYS	2
24NC_A	222	1	A	227		ARG	2
24NC_A	223	1	A	228		LEU	2
24NC_A	224	1	A	229		ARG	2
24NC_A	225	1	A	230		ASP	2
24NC_A	226	1	A	231		ASP	2
24NC_A	227	1	A	232		GLY	2
24NC_A	228	1	A	233		PHE	2
24NC_A	229	1	A	234		LEU	2
24NC_A	230	1	A	235		PHE	2
24NC_A	231	1	A	236		ARG	2
24NC_A	232	1	A	237		ARG	2
24NC_A	233	1	A	238		TYR	2
24NC_A	234	1	A	239		ILE	2
24NC_A	235	1	A	240		ASP	2
24NC_A	236	1	A	241		ASP	2
24NC_A	237	1	A	242		TYR	2
24NC_A	238	1	A	243		THR	2
24NC_A	239	1	A	244		CYS	2
24NC_A	240	1	A	245		TYR	2
24NC_A	241	1	A	246		CYS	2
24NC_A	242	1	A	247		LYS	2
24NC_A	243	1	A	248		THR	2
24NC_A	244	1	A	249		HIS	2
24NC_A	245	1	A	250		ASP	2
24NC_A	246	1	A	251		ASP	2
24NC_A	247	1	A	252		ALA	2
24NC_A	248	1	A	253		LYS	2
24NC_A	249	1	A	254		GLU	2
24NC_A	250	1	A	255		PHE	2
24NC_A	251	1	A	256		LEU	2
24NC_A	252	1	A	257		HIS	2
24NC_A	253	1	A	258		LEU	2
24NC_A	254	1	A	259		LEU	2
24NC_A	255	1	A	260		GLY	2
24NC_A	256	1	A	261		MET	2
24NC_A	257	1	A	262		GLU	2
24NC_A	258	1	A	263		LEU	2
24NC_A	259	1	A	264		SER	2
24NC_A	260	1	A	265		LYS	2
24NC_A	261	1	A	266		TYR	2
24NC_A	262	1	A	267		LYS	2
24NC_A	263	1	A	268		LEU	2
24NC_A	264	1	A	269		SER	2
24NC_A	265	1	A	270		LEU	2
24NC_A	266	1	A	271		ASN	2
24NC_A	267	1	A	272		LEU	2
24NC_A	268	1	A	273		HIS	2
24NC_A	269	1	A	274		LYS	2
24NC_A	270	1	A	275		THR	2
24NC_A	271	1	A	276		LYS	2
24NC_A	272	1	A	277		ILE	2
24NC_A	273	1	A	278		THR	2
24NC_A	274	1	A	279		ASN	2
24NC_A	275	1	A	280		LEU	2
24NC_A	276	1	A	281		PRO	2
24NC_A	277	1	A	282		GLY	2
24NC_A	278	1	A	283		THR	2
24NC_A	279	1	A	284		LEU	2
24NC_A	280	1	A	285		ASN	2
24NC_A	281	1	A	286		ASP	4
24NC_A	282	1	A	287		ASN	4
24NC_A	283	1	A	288		TRP	4
24NC_A	284	1	A	289		VAL	4
24NC_A	285	1	A	290		SER	4
24NC_A	286	1	A	291		LEU	4
24NC_A	287	1	A	292		LEU	4
24NC_A	288	1	A	293		ASN	4
24NC_A	289	1	A	294		VAL	4
24NC_A	290	1	A	295		ASN	4
24NC_A	291	1	A	296		SER	4
24NC_A	292	1	A	297		PRO	4
24NC_A	293	1	A	298		THR	4
24NC_A	294	1	A	299		LYS	4
24NC_A	295	1	A	300		LYS	4
24NC_A	296	1	A	301		ARG	4
24NC_A	297	1	A	302		PHE	4
24NC_A	298	1	A	303		THR	4
24NC_A	299	1	A	304		ASP	4
24NC_A	300	1	A	305		GLN	4
24NC_A	301	1	A	306		ASP	4
24NC_A	302	1	A	307		LEU	4
24NC_A	303	1	A	308		ASN	4
24NC_A	304	1	A	309		LYS	4
24NC_A	305	1	A	310		LEU	4
24NC_A	306	1	A	311		SER	4
24NC_A	307	1	A	312		SER	4
24NC_A	308	1	A	313		SER	4
24NC_A	309	1	A	314		GLU	4
24NC_A	310	1	A	315		VAL	4
24NC_A	311	1	A	316		ILE	4
24NC_A	312	1	A	317		ASN	4
24NC_A	313	1	A	318		PHE	4
24NC_A	314	1	A	319		LEU	4
24NC_A	315	1	A	320		ASP	4
24NC_A	316	1	A	321		TYR	4
24NC_A	317	1	A	322		ALA	4
24NC_A	318	1	A	323		VAL	4
24NC_A	319	1	A	324		GLN	4
24NC_A	320	1	A	325		LEU	4
24NC_A	321	1	A	326		ASN	4
24NC_A	322	1	A	327		THR	4
24NC_A	323	1	A	328		GLN	4
24NC_A	324	1	A	329		VAL	4
24NC_A	325	1	A	330		GLY	4
24NC_A	326	1	A	331		GLY	4
24NC_A	327	1	A	332		GLY	4
24NC_A	328	1	A	333		SER	4
24NC_A	329	1	A	334		ILE	4
24NC_A	330	1	A	335		LEU	4
24NC_A	331	1	A	336		LYS	4
24NC_A	332	1	A	337		TYR	4
24NC_A	333	1	A	338		ALA	4
24NC_A	334	1	A	339		ILE	4
24NC_A	335	1	A	340		SER	4
24NC_A	336	1	A	341		LEU	4
24NC_A	337	1	A	342		VAL	4
24NC_A	338	1	A	343		ILE	4
24NC_A	339	1	A	344		ASN	4
24NC_A	340	1	A	345		ASN	4
24NC_A	341	1	A	346		LEU	4
24NC_A	342	1	A	347		ASP	4
24NC_A	343	1	A	348		GLU	4
24NC_A	344	1	A	349		TYR	4
24NC_A	345	1	A	350		THR	4
24NC_A	346	1	A	351		ILE	4
24NC_A	347	1	A	352		THR	4
24NC_A	348	1	A	353		GLN	4
24NC_A	349	1	A	354		VAL	4
24NC_A	350	1	A	355		TYR	5
24NC_A	351	1	A	356		ASP	5
24NC_A	352	1	A	357		TYR	5
24NC_A	353	1	A	358		LEU	5
24NC_A	354	1	A	359		LEU	5
24NC_A	355	1	A	360		ASN	5
24NC_A	356	1	A	361		LEU	5
24NC_A	357	1	A	362		SER	5
24NC_A	358	1	A	363		TRP	5
24NC_A	359	1	A	364		HIS	5
24NC_A	360	1	A	365		TYR	5
24NC_A	361	1	A	366		PRO	5
24NC_A	362	1	A	367		MET	5
24NC_A	363	1	A	368		LEU	5
24NC_A	364	1	A	369		ILE	5
24NC_A	365	1	A	370		PRO	5
24NC_A	366	1	A	371		TYR	5
24NC_A	367	1	A	372		LEU	5
24NC_A	368	1	A	373		GLY	5
24NC_A	369	1	A	374		VAL	5
24NC_A	370	1	A	375		LEU	5
24NC_A	371	1	A	376		ILE	5
24NC_A	372	1	A	377		GLU	5
24NC_A	373	1	A	378		HIS	5
24NC_A	374	1	A	379		VAL	5
24NC_A	375	1	A	380		TYR	5
24NC_A	376	1	A	381		LEU	5
24NC_A	377	1	A	382		ASP	5
24NC_A	378	1	A	383		ASP	5
24NC_A	379	1	A	384		GLY	5
24NC_A	380	1	A	385		ASP	5
24NC_A	381	1	A	386		GLU	5
24NC_A	382	1	A	387		TYR	5
24NC_A	383	1	A	388		LYS	5
24NC_A	384	1	A	389		ASN	5
24NC_A	385	1	A	390		LYS	5
24NC_A	386	1	A	391		PHE	5
24NC_A	387	1	A	392		ASN	5
24NC_A	388	1	A	393		GLU	5
24NC_A	389	1	A	394		ILE	5
24NC_A	390	1	A	395		LEU	5
24NC_A	391	1	A	396		SER	5
24NC_A	392	1	A	397		MET	5
24NC_A	393	1	A	398		CYS	5
24NC_A	394	1	A	399		ALA	5
24NC_A	395	1	A	400		GLU	5
24NC_A	396	1	A	401		ASN	5
24NC_A	397	1	A	402		LYS	5
24NC_A	398	1	A	403		CYS	5
24NC_A	399	1	A	404		SER	5
24NC_A	400	1	A	405		ASP	5
24NC_A	401	1	A	406		GLY	5
24NC_A	402	1	A	407		MET	5
24NC_A	403	1	A	408		ALA	5
24NC_A	404	1	A	409		TRP	5
24NC_A	405	1	A	410		THR	5
24NC_A	406	1	A	411		LEU	5
24NC_A	407	1	A	412		TYR	5
24NC_A	408	1	A	413		PHE	5
24NC_A	409	1	A	414		CYS	5
24NC_A	410	1	A	415		ILE	5
24NC_A	411	1	A	416		LYS	5
24NC_A	412	1	A	417		ASN	5
24NC_A	413	1	A	418		ASN	5
24NC_A	414	1	A	419		ILE	5
24NC_A	415	1	A	420		ASP	5
24NC_A	416	1	A	421		ILE	5
24NC_A	417	1	A	422		ASP	5
24NC_A	418	1	A	423		ASP	5
24NC_A	419	1	A	424		ASP	5
24NC_A	420	1	A	425		VAL	5
24NC_A	421	1	A	426		ILE	5
24NC_A	422	1	A	427		GLU	5
24NC_A	423	1	A	428		LYS	5
24NC_A	424	1	A	429		ILE	5
24NC_A	425	1	A	430		ILE	5
24NC_A	426	1	A	431		CYS	5
24NC_A	427	1	A	432		PHE	5
24NC_A	428	1	A	433		GLY	5
24NC_A	429	1	A	434		ASP	5
24NC_A	430	1	A	435		CYS	5
24NC_A	431	1	A	436		LEU	5
24NC_A	432	1	A	437		SER	5
24NC_A	433	1	A	438		LEU	1
24NC_A	434	1	A	439		CYS	1
24NC_A	435	1	A	440		LEU	1
24NC_A	436	1	A	441		LEU	1
24NC_A	437	1	A	442		ASP	1
24NC_A	438	1	A	443		SER	1
24NC_A	439	1	A	444		SER	1
24NC_A	440	1	A	445		ASP	1
24NC_A	441	1	A	446		ILE	1
24NC_A	442	1	A	447		TYR	1
24NC_A	443	1	A	448		GLU	1
24NC_A	444	1	A	449		GLU	1
24NC_A	445	1	A	450		LYS	1
24NC_A	446	1	A	451		ILE	1
24NC_A	447	1	A	452		ASN	1
24NC_A	448	1	A	453		ASN	1
24NC_A	449	1	A	454		PHE	1
24NC_A	450	1	A	455		VAL	1
24NC_A	451	1	A	456		SER	1
24NC_A	452	1	A	457		ASP	1
24NC_A	453	1	A	458		ILE	1
24NC_A	454	1	A	459		ILE	1
24NC_A	455	1	A	460		LYS	1
24NC_A	456	1	A	461		LEU	1
24NC_A	457	1	A	462		ASP	1
24NC_A	458	1	A	463		TYR	1
24NC_A	459	1	A	464		GLU	1
24NC_A	460	1	A	465		TYR	1
24NC_A	461	1	A	466		ASP	1
24NC_A	462	1	A	467		ILE	1
24NC_A	463	1	A	468		ASP	1
24NC_A	464	1	A	469		ARG	1
24NC_A	465	1	A	470		TYR	1
24NC_A	466	1	A	471		TRP	1
24NC_A	467	1	A	472		LEU	1
24NC_A	468	1	A	473		LEU	1
24NC_A	469	1	A	474		PHE	1
24NC_A	470	1	A	475		TYR	1
24NC_A	471	1	A	476		GLN	1
24NC_A	472	1	A	477		ARG	1
24NC_A	473	1	A	478		PHE	1
24NC_A	474	1	A	479		PHE	1
24NC_A	475	1	A	480		LYS	1
24NC_A	476	1	A	481		ASP	1
24NC_A	477	1	A	482		LYS	1
24NC_A	478	1	A	483		ALA	1
24NC_A	479	1	A	484		PRO	1
24NC_A	480	1	A	485		SER	1
24NC_A	481	1	A	486		PRO	1
24NC_A	482	1	A	487		TYR	1
24NC_A	483	1	A	488		ASN	1
24NC_A	484	1	A	489		ASP	1
24NC_A	485	1	A	490		LYS	1
24NC_A	486	1	A	491		CYS	1
24NC_A	487	1	A	492		PHE	1
24NC_A	488	1	A	493		ASP	1
24NC_A	489	1	A	494		ILE	1
24NC_A	490	1	A	495		MET	1
24NC_A	491	1	A	496		LYS	1
24NC_A	492	1	A	497		GLY	1
24NC_A	493	1	A	498		TYR	1
24NC_A	494	1	A	499		GLY	1
24NC_A	495	1	A	500		VAL	1
24NC_A	496	1	A	501		ASP	1
24NC_A	497	1	A	502		PHE	1
24NC_A	498	1	A	503		MET	1
24NC_A	499	1	A	504		PRO	1
24NC_A	500	1	A	505		ASP	1
24NC_A	501	1	A	506		GLU	1
24NC_A	502	1	A	507		ASN	1
24NC_A	503	1	A	508		TYR	1
24NC_A	504	1	A	509		LYS	1
24NC_A	505	1	A	510		THR	1
24NC_A	506	1	A	511		LYS	1
24NC_A	507	1	A	512		ALA	1
24NC_A	508	1	A	513		GLU	1
24NC_A	509	1	A	514		SER	1
24NC_A	510	1	A	515		TYR	1
24NC_A	511	1	A	516		CYS	1
24NC_A	512	1	A	517		HIS	1
24NC_A	513	1	A	518		VAL	1
24NC_A	514	1	A	519		VAL	1
24NC_A	515	1	A	532		SER	1
24NC_A	516	1	A	533		PHE	1
24NC_A	517	1	A	534		ASN	1
24NC_A	518	1	A	535		ASP	1
24NC_A	519	1	A	536		TYR	1
26CZ_A	0	1	A	1		MET	1
26CZ_A	1	1	A	2		LYS	1
26CZ_A	2	1	A	3		ILE	1
26CZ_A	3	1	A	4		LYS	1
26CZ_A	4	1	A	5		ILE	1
26CZ_A	5	1	A	6		SER	1
26CZ_A	6	1	A	7		LYS	1
26CZ_A	7	1	A	8		SER	1
26CZ_A	8	1	A	9		ASP	1
26CZ_A	9	1	A	10		TYR	1
26CZ_A	10	1	A	11		LYS	1
26CZ_A	11	1	A	12		ARG	1
26CZ_A	12	1	A	13		VAL	2
26CZ_A	13	1	A	14		LEU	2
26CZ_A	14	1	A	15		LEU	2
26CZ_A	15	1	A	16		THR	2
26CZ_A	16	1	A	17		ASP	2
26CZ_A	17	1	A	18		ILE	2
26CZ_A	18	1	A	19		LEU	2
26CZ_A	19	1	A	20		PRO	2
26CZ_A	20	1	A	21		TYR	2
26CZ_A	21	1	A	22		GLU	2
26CZ_A	22	1	A	23		VAL	2
26CZ_A	23	1	A	24		PRO	2
26CZ_A	24	1	A	25		ILE	2
26CZ_A	25	1	A	26		LEU	2
26CZ_A	26	1	A	27		PHE	2
26CZ_A	27	1	A	28		SER	2
26CZ_A	28	1	A	29		ASN	2
26CZ_A	29	1	A	30		GLU	2
26CZ_A	30	1	A	31		GLY	2
26CZ_A	31	1	A	32		PHE	2
26CZ_A	32	1	A	33		TYR	2
26CZ_A	33	1	A	34		LYS	2
26CZ_A	34	1	A	35		LEU	2
26CZ_A	35	1	A	36		ILE	2
26CZ_A	36	1	A	37		SER	2
26CZ_A	37	1	A	38		GLU	2
26CZ_A	38	1	A	39		ASN	2
26CZ_A	39	1	A	40		LYS	2
26CZ_A	40	1	A	41		VAL	2
26CZ_A	41	1	A	42		LEU	2
26CZ_A	42	1	A	43		PRO	2
26CZ_A	43	1	A	44		GLY	2
26CZ_A	44	1	A	45		THR	2
26CZ_A	45	1	A	46		PHE	2
26CZ_A	46	1	A	47		SER	2
26CZ_A	47	1	A	48		GLU	2
26CZ_A	48	1	A	49		GLY	2
26CZ_A	49	1	A	50		LEU	2
26CZ_A	50	1	A	51		LYS	2
26CZ_A	51	1	A	52		LEU	2
26CZ_A	52	1	A	53		ASP	2
26CZ_A	53	1	A	54		SER	2
26CZ_A	54	1	A	55		TYR	2
26CZ_A	55	1	A	56		THR	2
26CZ_A	56	1	A	57		ILE	2
26CZ_A	57	1	A	58		PRO	2
26CZ_A	58	1	A	59		TYR	2
26CZ_A	59	1	A	60		SER	2
26CZ_A	60	1	A	61		TYR	2
26CZ_A	61	1	A	62		LYS	2
26CZ_A	62	1	A	63		ILE	2
26CZ_A	63	1	A	64		LYS	2
26CZ_A	64	1	A	65		LYS	2
26CZ_A	65	1	A	66		GLY	2
26CZ_A	66	1	A	67		LEU	2
26CZ_A	67	1	A	68		ALA	2
26CZ_A	68	1	A	69		SER	2
26CZ_A	69	1	A	70		SER	2
26CZ_A	70	1	A	71		ARG	2
26CZ_A	71	1	A	72		SER	2
26CZ_A	72	1	A	73		LEU	2
26CZ_A	73	1	A	74		GLY	2
26CZ_A	74	1	A	75		ILE	2
26CZ_A	75	1	A	76		ILE	2
26CZ_A	76	1	A	77		HIS	2
26CZ_A	77	1	A	78		PRO	2
26CZ_A	78	1	A	79		SER	2
26CZ_A	79	1	A	80		THR	2
26CZ_A	80	1	A	81		GLN	2
26CZ_A	81	1	A	82		LEU	2
26CZ_A	82	1	A	83		ARG	2
26CZ_A	83	1	A	84		ILE	2
26CZ_A	84	1	A	85		CYS	2
26CZ_A	85	1	A	86		ASP	2
26CZ_A	86	1	A	87		PHE	2
26CZ_A	87	1	A	88		TYR	2
26CZ_A	88	1	A	89		ASP	2
26CZ_A	89	1	A	90		LYS	3
26CZ_A	90	1	A	91		TYR	3
26CZ_A	91	1	A	92		GLU	3
26CZ_A	92	1	A	93		HIS	3
26CZ_A	93	1	A	94		LEU	3
26CZ_A	94	1	A	95		MET	3
26CZ_A	95	1	A	96		VAL	3
26CZ_A	96	1	A	97		HIS	3
26CZ_A	97	1	A	98		MET	3
26CZ_A	98	1	A	99		CYS	3
26CZ_A	99	1	A	100		THR	3
26CZ_A	100	1	A	101		LYS	3
26CZ_A	101	1	A	102		SER	3
26CZ_A	102	1	A	103		PRO	3
26CZ_A	103	1	A	104		PHE	3
26CZ_A	104	1	A	105		SER	3
26CZ_A	105	1	A	106		LEU	3
26CZ_A	106	1	A	107		ARG	3
26CZ_A	107	1	A	108		TYR	1
26CZ_A	108	1	A	109		PRO	1
26CZ_A	109	1	A	110		SER	1
26CZ_A	110	1	A	111		LYS	1
26CZ_A	111	1	A	112		ILE	1
26CZ_A	112	1	A	113		GLY	1
26CZ_A	113	1	A	114		SER	1
26CZ_A	114	1	A	115		TYR	1
26CZ_A	115	1	A	116		TYR	1
26CZ_A	116	1	A	117		TYR	1
26CZ_A	117	1	A	118		GLU	1
26CZ_A	118	1	A	119		LYS	1
26CZ_A	119	1	A	120		ASP	1
26CZ_A	120	1	A	121		PHE	1
26CZ_A	121	1	A	122		LEU	1
26CZ_A	122	1	A	123		LYS	1
26CZ_A	123	1	A	124		SER	1
26CZ_A	124	1	A	125		ARG	1
26CZ_A	125	1	A	126		ILE	1
26CZ_A	126	1	A	127		ASN	1
26CZ_A	127	1	A	128		LEU	1
26CZ_A	128	1	A	129		LYS	1
26CZ_A	129	1	A	130		ASP	1
26CZ_A	130	1	A	131		GLY	1
26CZ_A	131	1	A	132		LEU	1
26CZ_A	132	1	A	145		THR	1
26CZ_A	133	1	A	146		SER	1
26CZ_A	134	1	A	147		SER	1
26CZ_A	135	1	A	148		SER	1
26CZ_A	136	1	A	149		SER	1
26CZ_A	137	1	A	150		HIS	1
26CZ_A	138	1	A	151		PHE	1
26CZ_A	139	1	A	152		SER	1
26CZ_A	140	1	A	153		TYR	1
26CZ_A	141	1	A	154		LYS	1
26CZ_A	142	1	A	155		LYS	3
26CZ_A	143	1	A	156		TYR	3
26CZ_A	144	1	A	157		PRO	3
26CZ_A	145	1	A	158		PHE	3
26CZ_A	146	1	A	159		ILE	3
26CZ_A	147	1	A	160		TYR	3
26CZ_A	148	1	A	161		LYS	3
26CZ_A	149	1	A	162		PHE	3
26CZ_A	150	1	A	163		TYR	3
26CZ_A	151	1	A	164		GLU	3
26CZ_A	152	1	A	165		SER	3
26CZ_A	153	1	A	166		TYR	3
26CZ_A	154	1	A	167		GLU	3
26CZ_A	155	1	A	168		PHE	3
26CZ_A	156	1	A	169		HIS	3
26CZ_A	157	1	A	170		ARG	3
26CZ_A	158	1	A	171		LEU	3
26CZ_A	159	1	A	172		GLU	3
26CZ_A	160	1	A	173		ARG	3
26CZ_A	161	1	A	174		LYS	3
26CZ_A	162	1	A	175		PHE	3
26CZ_A	163	1	A	176		ARG	3
26CZ_A	164	1	A	177		LYS	3
26CZ_A	165	1	A	178		LEU	3
26CZ_A	166	1	A	179		LEU	3
26CZ_A	167	1	A	180		LYS	3
26CZ_A	168	1	A	181		LEU	3
26CZ_A	169	1	A	182		ASP	3
26CZ_A	170	1	A	183		ILE	3
26CZ_A	171	1	A	184		ALA	3
26CZ_A	172	1	A	185		LYS	3
26CZ_A	173	1	A	186		CYS	3
26CZ_A	174	1	A	187		PHE	3
26CZ_A	175	1	A	188		SER	3
26CZ_A	176	1	A	189		HIS	3
26CZ_A	177	1	A	190		ILE	3
26CZ_A	178	1	A	191		TYR	3
26CZ_A	179	1	A	192		THR	3
26CZ_A	180	1	A	193		HIS	3
26CZ_A	181	1	A	194		SER	3
26CZ_A	182	1	A	195		VAL	3
26CZ_A	183	1	A	196		SER	3
26CZ_A	184	1	A	197		TRP	3
26CZ_A	185	1	A	198		ALA	3
26CZ_A	186	1	A	199		VAL	3
26CZ_A	187	1	A	212		ASN	3
26CZ_A	188	1	A	213		SER	3
26CZ_A	189	1	A	214		PHE	3
26CZ_A	190	1	A	215		GLU	3
26CZ_A	191	1	A	216		GLY	3
26CZ_A	192	1	A	217		CYS	3
26CZ_A	193	1	A	218		LEU	3
26CZ_A	194	1	A	219		ASP	3
26CZ_A	195	1	A	220		LYS	3
26CZ_A	196	1	A	221		LEU	3
26CZ_A	197	1	A	222		PHE	3
26CZ_A	198	1	A	223		GLN	3
26CZ_A	199	1	A	224		ASP	3
26CZ_A	200	1	A	225		ALA	3
26CZ_A	201	1	A	226		ASN	3
26CZ_A	202	1	A	227		TYR	3
26CZ_A	203	1	A	228		GLY	3
26CZ_A	204	1	A	229		GLU	3
26CZ_A	205	1	A	230		THR	3
26CZ_A	206	1	A	231		ASN	3
26CZ_A	207	1	A	232		GLY	3
26CZ_A	208	1	A	233		ILE	3
26CZ_A	209	1	A	234		ILE	3
26CZ_A	210	1	A	235		ILE	3
26CZ_A	211	1	A	236		GLY	3
26CZ_A	212	1	A	237		PRO	3
26CZ_A	213	1	A	238		GLU	3
26CZ_A	214	1	A	239		PHE	3
26CZ_A	215	1	A	240		SER	3
26CZ_A	216	1	A	241		ARG	3
26CZ_A	217	1	A	242		ILE	3
26CZ_A	218	1	A	243		PHE	3
26CZ_A	219	1	A	244		ALA	3
26CZ_A	220	1	A	245		GLU	3
26CZ_A	221	1	A	246		ILE	3
26CZ_A	222	1	A	247		ILE	3
26CZ_A	223	1	A	248		LEU	3
26CZ_A	224	1	A	249		GLN	3
26CZ_A	225	1	A	250		ARG	3
26CZ_A	226	1	A	251		VAL	3
26CZ_A	227	1	A	252		ASP	3
26CZ_A	228	1	A	253		LEU	3
26CZ_A	229	1	A	254		ASN	3
26CZ_A	230	1	A	255		VAL	3
26CZ_A	231	1	A	256		GLU	3
26CZ_A	232	1	A	257		SER	3
26CZ_A	233	1	A	258		HIS	3
26CZ_A	234	1	A	259		LEU	3
26CZ_A	235	1	A	260		ASN	3
26CZ_A	236	1	A	261		LEU	3
26CZ_A	237	1	A	262		GLU	3
26CZ_A	238	1	A	263		PRO	3
26CZ_A	239	1	A	264		GLY	3
26CZ_A	240	1	A	265		ILE	3
26CZ_A	241	1	A	266		VAL	3
26CZ_A	242	1	A	267		LYS	3
26CZ_A	243	1	A	268		ASP	3
26CZ_A	244	1	A	269		LYS	3
26CZ_A	245	1	A	270		SER	3
26CZ_A	246	1	A	271		TYR	3
26CZ_A	247	1	A	272		ALA	3
26CZ_A	248	1	A	273		ILE	3
26CZ_A	249	1	A	274		ARG	3
26CZ_A	250	1	A	275		ARG	3
26CZ_A	251	1	A	276		TYR	3
26CZ_A	252	1	A	277		VAL	3
26CZ_A	253	1	A	278		ASP	3
26CZ_A	254	1	A	279		ASP	3
26CZ_A	255	1	A	280		TYR	3
26CZ_A	256	1	A	281		PHE	3
26CZ_A	257	1	A	282		ILE	3
26CZ_A	258	1	A	283		PHE	3
26CZ_A	259	1	A	284		ALA	3
26CZ_A	260	1	A	285		ASP	3
26CZ_A	261	1	A	286		ASP	3
26CZ_A	262	1	A	287		ASP	3
26CZ_A	263	1	A	288		GLU	3
26CZ_A	264	1	A	289		THR	3
26CZ_A	265	1	A	290		PHE	3
26CZ_A	266	1	A	291		LYS	3
26CZ_A	267	1	A	292		LEU	3
26CZ_A	268	1	A	293		ILE	3
26CZ_A	269	1	A	294		GLU	3
26CZ_A	270	1	A	295		PHE	3
26CZ_A	271	1	A	296		VAL	3
26CZ_A	272	1	A	297		LEU	3
26CZ_A	273	1	A	298		ALA	3
26CZ_A	274	1	A	299		ASN	3
26CZ_A	275	1	A	300		GLU	3
26CZ_A	276	1	A	301		LEU	3
26CZ_A	277	1	A	302		GLU	3
26CZ_A	278	1	A	303		LYS	3
26CZ_A	279	1	A	304		TYR	3
26CZ_A	280	1	A	305		LYS	3
26CZ_A	281	1	A	306		LEU	3
26CZ_A	282	1	A	307		TYR	3
26CZ_A	283	1	A	308		LEU	3
26CZ_A	284	1	A	309		ASN	3
26CZ_A	285	1	A	310		GLU	3
26CZ_A	286	1	A	311		SER	3
26CZ_A	287	1	A	312		LYS	3
26CZ_A	288	1	A	313		LYS	3
26CZ_A	289	1	A	314		GLU	3
26CZ_A	290	1	A	315		PHE	3
26CZ_A	291	1	A	316		ILE	3
26CZ_A	292	1	A	317		GLU	3
26CZ_A	293	1	A	318		ARG	3
26CZ_A	294	1	A	319		PRO	3
26CZ_A	295	1	A	320		PHE	3
26CZ_A	296	1	A	321		VAL	3
26CZ_A	297	1	A	322		THR	3
26CZ_A	298	1	A	323		GLY	3
26CZ_A	299	1	A	324		ALA	4
26CZ_A	300	1	A	325		THR	4
26CZ_A	301	1	A	326		MET	4
26CZ_A	302	1	A	327		ALA	4
26CZ_A	303	1	A	328		LYS	4
26CZ_A	304	1	A	329		ASN	4
26CZ_A	305	1	A	330		ASP	4
26CZ_A	306	1	A	331		ILE	4
26CZ_A	307	1	A	332		ALA	4
26CZ_A	308	1	A	333		GLU	4
26CZ_A	309	1	A	334		ILE	4
26CZ_A	310	1	A	335		ILE	4
26CZ_A	311	1	A	336		GLU	4
26CZ_A	312	1	A	337		ASP	4
26CZ_A	313	1	A	338		LEU	4
26CZ_A	314	1	A	339		TYR	4
26CZ_A	315	1	A	340		GLY	4
26CZ_A	316	1	A	341		SER	4
26CZ_A	317	1	A	342		LEU	4
26CZ_A	318	1	A	343		ILE	4
26CZ_A	319	1	A	344		HIS	4
26CZ_A	320	1	A	345		THR	4
26CZ_A	321	1	A	346		GLU	4
26CZ_A	322	1	A	347		LYS	4
26CZ_A	323	1	A	348		LEU	4
26CZ_A	324	1	A	349		ASP	4
26CZ_A	325	1	A	350		GLU	4
26CZ_A	326	1	A	351		LEU	4
26CZ_A	327	1	A	352		THR	4
26CZ_A	328	1	A	353		ALA	4
26CZ_A	329	1	A	354		MET	4
26CZ_A	330	1	A	355		VAL	4
26CZ_A	331	1	A	356		ASN	4
26CZ_A	332	1	A	357		LEU	4
26CZ_A	333	1	A	358		ASN	4
26CZ_A	334	1	A	359		PRO	4
26CZ_A	335	1	A	363		ILE	4
26CZ_A	336	1	A	364		GLN	4
26CZ_A	337	1	A	365		PRO	4
26CZ_A	338	1	A	366		GLU	4
26CZ_A	339	1	A	367		ASN	4
26CZ_A	340	1	A	368		MET	4
26CZ_A	341	1	A	369		ASN	4
26CZ_A	342	1	A	370		ASP	4
26CZ_A	343	1	A	371		LEU	4
26CZ_A	344	1	A	372		PHE	4
26CZ_A	345	1	A	373		PRO	4
26CZ_A	346	1	A	374		LEU	4
26CZ_A	347	1	A	375		LYS	4
26CZ_A	348	1	A	376		GLY	4
26CZ_A	349	1	A	377		VAL	4
26CZ_A	350	1	A	378		TRP	4
26CZ_A	351	1	A	379		ASN	4
26CZ_A	352	1	A	380		LYS	4
26CZ_A	353	1	A	381		LYS	4
26CZ_A	354	1	A	382		LEU	4
26CZ_A	355	1	A	383		HIS	4
26CZ_A	356	1	A	384		ALA	4
26CZ_A	357	1	A	385		ASP	4
26CZ_A	358	1	A	386		LYS	4
26CZ_A	359	1	A	387		PHE	4
26CZ_A	360	1	A	388		ILE	4
26CZ_A	361	1	A	389		LYS	4
26CZ_A	362	1	A	390		ARG	4
26CZ_A	363	1	A	391		ILE	4
26CZ_A	364	1	A	392		LYS	4
26CZ_A	365	1	A	393		ILE	4
26CZ_A	366	1	A	394		ALA	4
26CZ_A	367	1	A	395		VAL	4
26CZ_A	368	1	A	396		ARG	4
26CZ_A	369	1	A	397		LYS	4
26CZ_A	370	1	A	398		ASN	4
26CZ_A	371	1	A	399		ASN	4
26CZ_A	372	1	A	400		THR	4
26CZ_A	373	1	A	401		THR	4
26CZ_A	374	1	A	402		PHE	4
26CZ_A	375	1	A	403		ASP	4
26CZ_A	376	1	A	404		LEU	4
26CZ_A	377	1	A	405		VAL	4
26CZ_A	378	1	A	406		SER	4
26CZ_A	379	1	A	407		SER	4
26CZ_A	380	1	A	408		TYR	4
26CZ_A	381	1	A	409		LEU	4
26CZ_A	382	1	A	410		LEU	4
26CZ_A	383	1	A	411		SER	4
26CZ_A	384	1	A	412		ALA	4
26CZ_A	385	1	A	413		ILE	4
26CZ_A	386	1	A	414		LYS	4
26CZ_A	387	1	A	415		SER	4
26CZ_A	388	1	A	416		LYS	4
26CZ_A	389	1	A	417		PHE	4
26CZ_A	390	1	A	418		PHE	4
26CZ_A	391	1	A	419		LYS	4
26CZ_A	392	1	A	420		VAL	4
26CZ_A	393	1	A	421		ILE	4
26CZ_A	394	1	A	422		ARG	4
26CZ_A	395	1	A	423		LEU	4
26CZ_A	396	1	A	424		LEU	4
26CZ_A	397	1	A	425		ARG	4
26CZ_A	398	1	A	426		MET	4
26CZ_A	399	1	A	427		PHE	4
26CZ_A	400	1	A	428		ASP	4
26CZ_A	401	1	A	429		LEU	4
26CZ_A	402	1	A	430		SER	4
26CZ_A	403	1	A	431		GLY	4
26CZ_A	404	1	A	432		LYS	4
26CZ_A	405	1	A	433		GLU	4
26CZ_A	406	1	A	434		ASP	4
26CZ_A	407	1	A	435		ILE	4
26CZ_A	408	1	A	436		THR	4
26CZ_A	409	1	A	437		TYR	4
26CZ_A	410	1	A	438		LYS	4
26CZ_A	411	1	A	439		PHE	4
26CZ_A	412	1	A	440		PHE	4
26CZ_A	413	1	A	441		SER	4
26CZ_A	414	1	A	442		ILE	4
26CZ_A	415	1	A	443		PHE	4
26CZ_A	416	1	A	444		ASN	4
26CZ_A	417	1	A	445		GLU	4
26CZ_A	418	1	A	446		VAL	4
26CZ_A	419	1	A	447		ILE	4
26CZ_A	420	1	A	448		PHE	4
26CZ_A	421	1	A	449		PHE	4
26CZ_A	422	1	A	450		ILE	4
26CZ_A	423	1	A	451		TYR	4
26CZ_A	424	1	A	452		ALA	4
26CZ_A	425	1	A	453		MET	4
26CZ_A	426	1	A	454		ASP	4
26CZ_A	427	1	A	455		PHE	4
26CZ_A	428	1	A	456		ARG	4
26CZ_A	429	1	A	457		VAL	4
26CZ_A	430	1	A	458		ARG	4
26CZ_A	431	1	A	459		GLN	4
26CZ_A	432	1	A	460		THR	4
26CZ_A	433	1	A	461		TYR	4
26CZ_A	434	1	A	462		ILE	4
26CZ_A	435	1	A	463		ILE	4
26CZ_A	436	1	A	464		SER	4
26CZ_A	437	1	A	465		GLN	4
26CZ_A	438	1	A	466		VAL	4
26CZ_A	439	1	A	467		ILE	4
26CZ_A	440	1	A	468		LEU	4
26CZ_A	441	1	A	469		GLU	4
26CZ_A	442	1	A	470		ILE	4
26CZ_A	443	1	A	471		ASN	4
26CZ_A	444	1	A	472		SER	4
26CZ_A	445	1	A	473		PHE	4
26CZ_A	446	1	A	474		ALA	4
26CZ_A	447	1	A	475		ASN	4
26CZ_A	448	1	A	476		LYS	4
26CZ_A	449	1	A	477		GLN	4
26CZ_A	450	1	A	478		ALA	4
26CZ_A	451	1	A	479		SER	4
26CZ_A	452	1	A	480		ASP	4
26CZ_A	453	1	A	481		ILE	4
26CZ_A	454	1	A	482		SER	4
26CZ_A	455	1	A	483		GLU	4
26CZ_A	456	1	A	484		VAL	4
26CZ_A	457	1	A	485		ILE	4
26CZ_A	458	1	A	486		LYS	4
26CZ_A	459	1	A	487		LYS	4
26CZ_A	460	1	A	488		ASN	4
26CZ_A	461	1	A	489		THR	4
26CZ_A	462	1	A	490		PHE	4
26CZ_A	463	1	A	491		ASP	4
26CZ_A	464	1	A	492		GLU	4
26CZ_A	465	1	A	493		LEU	4
26CZ_A	466	1	A	494		LEU	4
26CZ_A	467	1	A	495		MET	4
26CZ_A	468	1	A	496		CYS	4
26CZ_A	469	1	A	497		MET	4
26CZ_A	470	1	A	498		LYS	4
26CZ_A	471	1	A	499		SER	4
26CZ_A	472	1	A	500		MET	4
26CZ_A	473	1	A	501		GLY	4
26CZ_A	474	1	A	502		ASN	4
26CZ_A	475	1	A	503		ILE	4
26CZ_A	476	1	A	504		HIS	4
26CZ_A	477	1	A	505		GLU	4
26CZ_A	478	1	A	506		ARG	4
26CZ_A	479	1	A	507		PRO	4
26CZ_A	480	1	A	508		VAL	4
26CZ_A	481	1	A	509		GLU	4
26CZ_A	482	1	A	510		LEU	4
26CZ_A	483	1	A	511		SER	4
26CZ_A	484	1	A	512		ASN	4
26CZ_A	485	1	A	513		LEU	4
26CZ_A	486	1	A	514		LEU	4
26CZ_A	487	1	A	515		ILE	4
26CZ_A	488	1	A	516		CYS	4
26CZ_A	489	1	A	517		MET	4
26CZ_A	490	1	A	518		LYS	4
26CZ_A	491	1	A	519		GLY	4
26CZ_A	492	1	A	520		LEU	4
26CZ_A	493	1	A	521		GLY	4
26CZ_A	494	1	A	522		GLU	4
26CZ_A	495	1	A	523		GLN	4
26CZ_A	496	1	A	524		TYR	4
26CZ_A	497	1	A	525		LYS	2
26CZ_A	498	1	A	526		LEU	2
26CZ_A	499	1	A	527		ASN	2
26CZ_A	500	1	A	528		PRO	2
26CZ_A	501	1	A	529		ASP	2
26CZ_A	502	1	A	530		GLU	2
26CZ_A	503	1	A	531		PHE	2
26CZ_A	504	1	A	532		LYS	2
26CZ_A	505	1	A	533		ASP	2
26CZ_A	506	1	A	534		LEU	2
26CZ_A	507	1	A	535		LEU	2
26CZ_A	508	1	A	536		GLY	2
26CZ_A	509	1	A	537		ILE	2
26CZ_A	510	1	A	538		SER	2
26CZ_A	511	1	A	539		GLU	2
26CZ_A	512	1	A	540		ASN	2
26CZ_A	513	1	A	541		GLU	2
26CZ_A	514	1	A	542		CYS	2
26CZ_A	515	1	A	543		PHE	2
26CZ_A	516	1	A	544		TYR	2
26CZ_A	517	1	A	545		ASP	2
26CZ_A	518	1	A	546		LEU	2
26CZ_A	519	1	A	547		GLU	2
26CZ_A	520	1	A	548		TYR	2
26CZ_A	521	1	A	549		PHE	2
26CZ_A	522	1	A	550		SER	2
26CZ_A	523	1	A	551		ILE	2
26CZ_A	524	1	A	552		CYS	2
26CZ_A	525	1	A	553		SER	2
26CZ_A	526	1	A	554		MET	2
26CZ_A	527	1	A	555		LEU	2
26CZ_A	528	1	A	556		HIS	2
26CZ_A	529	1	A	557		TYR	2
26CZ_A	530	1	A	558		ILE	2
26CZ_A	531	1	A	559		GLY	2
26CZ_A	532	1	A	560		ASP	2
26CZ_A	533	1	A	561		ASP	2
26CZ_A	534	1	A	562		VAL	2
26CZ_A	535	1	A	563		LEU	2
26CZ_A	536	1	A	564		TYR	2
26CZ_A	537	1	A	565		LEU	2
26CZ_A	538	1	A	566		LYS	2
26CZ_A	539	1	A	567		MET	2
26CZ_A	540	1	A	568		LYS	2
26CZ_A	541	1	A	569		GLU	2
26CZ_A	542	1	A	570		ASP	2
26CZ_A	543	1	A	571		ILE	2
26CZ_A	544	1	A	572		VAL	2
26CZ_A	545	1	A	573		LEU	2
26CZ_A	546	1	A	574		ALA	2
26CZ_A	547	1	A	575		ILE	2
26CZ_A	548	1	A	576		GLN	2
26CZ_A	549	1	A	577		SER	2
26CZ_A	550	1	A	578		LEU	2
26CZ_A	551	1	A	579		ILE	2
26CZ_A	552	1	A	580		SER	2
26CZ_A	553	1	A	581		GLY	2
26CZ_A	554	1	A	582		ARG	2
26CZ_A	555	1	A	583		ASN	2
26CZ_A	556	1	A	584		ASP	2
26CZ_A	557	1	A	585		ILE	2
26CZ_A	558	1	A	586		LYS	2
26CZ_A	559	1	A	587		LYS	2
26CZ_A	560	1	A	588		ASP	2
26CZ_A	561	1	A	589		THR	2
26CZ_A	562	1	A	590		GLU	2
26CZ_A	563	1	A	591		THR	2
26CZ_A	564	1	A	592		PHE	2
26CZ_A	565	1	A	593		MET	2
26CZ_A	566	1	A	594		LEU	2
26CZ_A	567	1	A	595		PHE	2
26CZ_A	568	1	A	596		LEU	2
26CZ_A	569	1	A	597		ASP	2
26CZ_A	570	1	A	598		MET	2
26CZ_A	571	1	A	599		MET	2
26CZ_A	572	1	A	600		THR	2
26CZ_A	573	1	A	601		CYS	2
26CZ_A	574	1	A	602		PRO	2
26CZ_A	575	1	A	603		TYR	2
26CZ_A	576	1	A	604		LEU	2
26CZ_A	577	1	A	605		THR	2
26CZ_A	578	1	A	606		VAL	2
26CZ_A	579	1	A	607		LYS	2
26CZ_A	580	1	A	608		HIS	2
26CZ_A	581	1	A	609		LYS	2
26CZ_A	582	1	A	610		ARG	2
26CZ_A	583	1	A	611		ILE	2
26CZ_A	584	1	A	612		ILE	2
26CZ_A	585	1	A	613		TYR	2
26CZ_A	586	1	A	614		ARG	2
26CZ_A	587	1	A	615		THR	2
26CZ_A	588	1	A	616		TYR	2
26CZ_A	589	1	A	617		VAL	2
26CZ_A	590	1	A	618		GLU	2
26CZ_A	591	1	A	619		ALA	2
26CZ_A	592	1	A	620		ASN	2
26CZ_A	593	1	A	621		THR	2
26CZ_A	594	1	A	622		GLY	2
26CZ_A	595	1	A	623		GLN	2
26CZ_A	596	1	A	624		LYS	2
26CZ_A	597	1	A	625		ARG	2
26CZ_A	598	1	A	626		PHE	2
26CZ_A	599	1	A	627		THR	2
26CZ_A	600	1	A	628		ASN	2
26CZ_A	601	1	A	629		ALA	2
26CZ_A	602	1	A	630		VAL	2
26CZ_A	603	1	A	631		ILE	2
26CZ_A	604	1	A	632		ASP	2
26CZ_A	605	1	A	633		SER	2
26CZ_A	606	1	A	634		GLU	2
26CZ_A	607	1	A	635		ILE	2
26CZ_A	608	1	A	636		ASP	2
26CZ_A	609	1	A	637		SER	2
26CZ_A	610	1	A	638		LEU	2
26CZ_A	611	1	A	639		LYS	2
26CZ_A	612	1	A	640		ASN	2
26CZ_A	613	1	A	641		ASN	2
26CZ_A	614	1	A	642		VAL	2
26CZ_A	615	1	A	643		ILE	2
26CZ_A	616	1	A	644		PHE	2
26CZ_A	617	1	A	645		PHE	2
26CZ_A	618	1	A	646		ASN	2
26CZ_A	619	1	A	647		TRP	2
26CZ_A	620	1	A	648		SER	2
26CZ_A	621	1	A	649		GLY	2
26CZ_A	622	1	A	650		ASP	2
26CZ_A	623	1	A	651		ALA	2
26CZ_A	624	1	A	652		ASP	2
26CZ_A	625	1	A	653		LEU	2
26CZ_A	626	1	A	654		GLU	2
26CZ_A	627	1	A	655		HIS	2
26CZ_A	628	1	A	656		VAL	2
26CZ_A	629	1	A	657		LEU	2
26CZ_A	630	1	A	658		TYR	1
26CZ_A	631	1	A	659		LYS	1
26CZ_A	632	1	A	660		LYS	1
26CZ_A	633	1	A	661		GLU	1
26CZ_A	634	1	A	662		LEU	1
26CZ_A	635	1	A	663		ARG	1
26CZ_A	636	1	A	664		THR	1
26CZ_A	637	1	A	665		ALA	1
26CZ_A	638	1	A	666		TYR	1
26CZ_A	639	1	A	667		GLU	1
5G2X_C	0	1	C	4		THR	1
5G2X_C	1	1	C	5		MET	1
5G2X_C	2	1	C	6		ALA	1
5G2X_C	3	1	C	7		ILE	1
5G2X_C	4	1	C	8		LEU	1
5G2X_C	5	1	C	9		GLU	1
5G2X_C	6	1	C	10		ARG	1
5G2X_C	7	1	C	11		ILE	1
5G2X_C	8	1	C	12		SER	1
5G2X_C	9	1	C	13		LYS	1
5G2X_C	10	1	C	14		ASN	1
5G2X_C	11	1	C	15		SER	1
5G2X_C	12	1	C	16		GLN	1
5G2X_C	13	1	C	17		GLU	1
5G2X_C	14	1	C	18		ASN	1
5G2X_C	15	1	C	19		ILE	1
5G2X_C	16	1	C	20		ASP	1
5G2X_C	17	1	C	21		GLU	1
5G2X_C	18	1	C	22		VAL	1
5G2X_C	19	1	C	23		PHE	1
5G2X_C	20	1	C	24		THR	1
5G2X_C	21	1	C	25		ARG	1
5G2X_C	22	1	C	26		LEU	1
5G2X_C	23	1	C	27		TYR	1
5G2X_C	24	1	C	28		ARG	1
5G2X_C	25	1	C	29		TYR	1
5G2X_C	26	1	C	30		LEU	1
5G2X_C	27	1	C	31		LEU	1
5G2X_C	28	1	C	32		ARG	1
5G2X_C	29	1	C	33		PRO	1
5G2X_C	30	1	C	34		ASP	1
5G2X_C	31	1	C	35		ILE	1
5G2X_C	32	1	C	36		TYR	1
5G2X_C	33	1	C	37		TYR	1
5G2X_C	34	1	C	38		VAL	1
5G2X_C	35	1	C	39		ALA	1
5G2X_C	36	1	C	40		TYR	1
5G2X_C	37	1	C	41		GLN	1
5G2X_C	38	1	C	42		ASN	1
5G2X_C	39	1	C	43		LEU	1
5G2X_C	40	1	C	44		TYR	1
5G2X_C	41	1	C	45		SER	1
5G2X_C	42	1	C	46		ASN	1
5G2X_C	43	1	C	47		LYS	1
5G2X_C	44	1	C	48		GLY	1
5G2X_C	45	1	C	49		ALA	1
5G2X_C	46	1	C	50		SER	1
5G2X_C	47	1	C	51		THR	1
5G2X_C	48	1	C	52		LYS	1
5G2X_C	49	1	C	53		GLY	1
5G2X_C	50	1	C	54		ILE	1
5G2X_C	51	1	C	55		LEU	1
5G2X_C	52	1	C	56		ASP	1
5G2X_C	53	1	C	57		ASP	1
5G2X_C	54	1	C	58		THR	1
5G2X_C	55	1	C	59		ALA	1
5G2X_C	56	1	C	60		ASP	1
5G2X_C	57	1	C	61		GLY	1
5G2X_C	58	1	C	62		PHE	1
5G2X_C	59	1	C	63		SER	1
5G2X_C	60	1	C	64		GLU	1
5G2X_C	61	1	C	65		GLU	1
5G2X_C	62	1	C	66		LYS	1
5G2X_C	63	1	C	67		ILE	1
5G2X_C	64	1	C	68		LYS	1
5G2X_C	65	1	C	69		LYS	1
5G2X_C	66	1	C	70		ILE	1
5G2X_C	67	1	C	71		ILE	1
5G2X_C	68	1	C	72		GLN	1
5G2X_C	69	1	C	73		SER	1
5G2X_C	70	1	C	74		LEU	1
5G2X_C	71	1	C	75		LYS	1
5G2X_C	72	1	C	76		ASP	1
5G2X_C	73	1	C	77		GLY	1
5G2X_C	74	1	C	78		THR	1
5G2X_C	75	1	C	79		TYR	1
5G2X_C	76	1	C	80		TYR	1
5G2X_C	77	1	C	81		PRO	1
5G2X_C	78	1	C	82		GLN	1
5G2X_C	79	1	C	83		PRO	1
5G2X_C	80	1	C	84		VAL	1
5G2X_C	81	1	C	85		ARG	1
5G2X_C	82	1	C	86		ARG	1
5G2X_C	83	1	C	87		MET	1
5G2X_C	84	1	C	88		TYR	1
5G2X_C	85	1	C	89		ILE	1
5G2X_C	86	1	C	90		ALA	1
5G2X_C	87	1	C	91		LYS	1
5G2X_C	88	1	C	92		LYS	1
5G2X_C	89	1	C	93		ASN	1
5G2X_C	90	1	C	94		SER	1
5G2X_C	91	1	C	95		LYS	1
5G2X_C	92	1	C	96		LYS	1
5G2X_C	93	1	C	97		MET	1
5G2X_C	94	1	C	98		ARG	1
5G2X_C	95	1	C	99		PRO	1
5G2X_C	96	1	C	100		LEU	1
5G2X_C	97	1	C	101		GLY	1
5G2X_C	98	1	C	102		ILE	1
5G2X_C	99	1	C	103		PRO	1
5G2X_C	100	1	C	104		THR	1
5G2X_C	101	1	C	105		PHE	1
5G2X_C	102	1	C	106		THR	1
5G2X_C	103	1	C	107		ASP	1
5G2X_C	104	1	C	108		LYS	1
5G2X_C	105	1	C	109		LEU	1
5G2X_C	106	1	C	110		ILE	1
5G2X_C	107	1	C	111		GLN	1
5G2X_C	108	1	C	112		GLU	1
5G2X_C	109	1	C	113		ALA	1
5G2X_C	110	1	C	114		VAL	1
5G2X_C	111	1	C	115		ARG	1
5G2X_C	112	1	C	116		ILE	1
5G2X_C	113	1	C	117		ILE	1
5G2X_C	114	1	C	118		LEU	1
5G2X_C	115	1	C	119		GLU	1
5G2X_C	116	1	C	120		SER	1
5G2X_C	117	1	C	121		ILE	1
5G2X_C	118	1	C	122		TYR	1
5G2X_C	119	1	C	123		GLU	1
5G2X_C	120	1	C	124		PRO	1
5G2X_C	121	1	C	125		VAL	1
5G2X_C	122	1	C	126		PHE	1
5G2X_C	123	1	C	127		GLU	1
5G2X_C	124	1	C	128		ASP	1
5G2X_C	125	1	C	129		VAL	1
5G2X_C	126	1	C	130		SER	1
5G2X_C	127	1	C	131		HIS	1
5G2X_C	128	1	C	132		GLY	1
5G2X_C	129	1	C	133		PHE	1
5G2X_C	130	1	C	134		ARG	1
5G2X_C	131	1	C	135		PRO	1
5G2X_C	132	1	C	136		GLN	1
5G2X_C	133	1	C	137		ARG	1
5G2X_C	134	1	C	138		SER	1
5G2X_C	135	1	C	139		CYS	1
5G2X_C	136	1	C	140		HIS	1
5G2X_C	137	1	C	141		THR	1
5G2X_C	138	1	C	142		ALA	1
5G2X_C	139	1	C	143		LEU	1
5G2X_C	140	1	C	144		LYS	1
5G2X_C	141	1	C	145		THR	1
5G2X_C	142	1	C	146		ILE	1
5G2X_C	143	1	C	147		LYS	1
5G2X_C	144	1	C	148		ARG	1
5G2X_C	145	1	C	149		GLU	1
5G2X_C	146	1	C	150		PHE	1
5G2X_C	147	1	C	151		GLY	1
5G2X_C	148	1	C	152		GLY	1
5G2X_C	149	1	C	153		ALA	1
5G2X_C	150	1	C	154		ARG	1
5G2X_C	151	1	C	155		TRP	1
5G2X_C	152	1	C	156		PHE	1
5G2X_C	153	1	C	157		VAL	1
5G2X_C	154	1	C	158		GLU	1
5G2X_C	155	1	C	159		GLY	1
5G2X_C	156	1	C	160		ASP	1
5G2X_C	157	1	C	161		ILE	1
5G2X_C	158	1	C	162		LYS	1
5G2X_C	159	1	C	163		GLY	1
5G2X_C	160	1	C	164		CYS	1
5G2X_C	161	1	C	165		PHE	1
5G2X_C	162	1	C	166		ASP	1
5G2X_C	163	1	C	167		ASN	1
5G2X_C	164	1	C	168		ILE	1
5G2X_C	165	1	C	169		ASP	1
5G2X_C	166	1	C	170		HIS	1
5G2X_C	167	1	C	171		VAL	1
5G2X_C	168	1	C	172		THR	1
5G2X_C	169	1	C	173		LEU	1
5G2X_C	170	1	C	174		ILE	1
5G2X_C	171	1	C	175		GLY	1
5G2X_C	172	1	C	176		LEU	1
5G2X_C	173	1	C	177		ILE	1
5G2X_C	174	1	C	178		ASN	1
5G2X_C	175	1	C	179		LEU	1
5G2X_C	176	1	C	180		LYS	1
5G2X_C	177	1	C	181		ILE	1
5G2X_C	178	1	C	182		LYS	1
5G2X_C	179	1	C	183		ASP	1
5G2X_C	180	1	C	184		MET	1
5G2X_C	181	1	C	185		LYS	1
5G2X_C	182	1	C	186		MET	1
5G2X_C	183	1	C	187		SER	1
5G2X_C	184	1	C	188		GLN	1
5G2X_C	185	1	C	189		LEU	1
5G2X_C	186	1	C	190		ILE	1
5G2X_C	187	1	C	191		TYR	1
5G2X_C	188	1	C	192		LYS	1
5G2X_C	189	1	C	193		PHE	1
5G2X_C	190	1	C	194		LEU	1
5G2X_C	191	1	C	195		LYS	1
5G2X_C	192	1	C	196		ALA	1
5G2X_C	193	1	C	197		GLY	1
5G2X_C	194	1	C	198		TYR	1
5G2X_C	195	1	C	199		LEU	1
5G2X_C	196	1	C	200		GLU	1
5G2X_C	197	1	C	201		ASN	1
5G2X_C	198	1	C	202		TRP	1
5G2X_C	199	1	C	203		GLN	1
5G2X_C	200	1	C	204		TYR	1
5G2X_C	201	1	C	205		HIS	1
5G2X_C	202	1	C	206		LYS	1
5G2X_C	203	1	C	207		THR	1
5G2X_C	204	1	C	208		TYR	1
5G2X_C	205	1	C	209		SER	1
5G2X_C	206	1	C	210		GLY	1
5G2X_C	207	1	C	211		THR	1
5G2X_C	208	1	C	212		PRO	1
5G2X_C	209	1	C	213		GLN	1
5G2X_C	210	1	C	214		GLY	1
5G2X_C	211	1	C	215		GLY	1
5G2X_C	212	1	C	216		ILE	1
5G2X_C	213	1	C	217		LEU	1
5G2X_C	214	1	C	218		SER	1
5G2X_C	215	1	C	219		PRO	1
5G2X_C	216	1	C	220		LEU	1
5G2X_C	217	1	C	221		LEU	1
5G2X_C	218	1	C	222		ALA	1
5G2X_C	219	1	C	223		ASN	1
5G2X_C	220	1	C	224		ILE	1
5G2X_C	221	1	C	225		TYR	1
5G2X_C	222	1	C	226		LEU	1
5G2X_C	223	1	C	227		HIS	1
5G2X_C	224	1	C	228		GLU	1
5G2X_C	225	1	C	229		LEU	1
5G2X_C	226	1	C	230		ASP	1
5G2X_C	227	1	C	231		LYS	1
5G2X_C	228	1	C	232		PHE	1
5G2X_C	229	1	C	233		VAL	1
5G2X_C	230	1	C	234		LEU	1
5G2X_C	231	1	C	235		GLN	1
5G2X_C	232	1	C	236		LEU	1
5G2X_C	233	1	C	237		LYS	1
5G2X_C	234	1	C	238		MET	1
5G2X_C	235	1	C	239		LYS	1
5G2X_C	236	1	C	240		PHE	1
5G2X_C	237	1	C	241		ASP	1
5G2X_C	238	1	C	242		ARG	1
5G2X_C	239	1	C	243		GLU	1
5G2X_C	240	1	C	244		SER	1
5G2X_C	241	1	C	245		PRO	1
5G2X_C	242	1	C	246		GLU	1
5G2X_C	243	1	C	247		ARG	1
5G2X_C	244	1	C	248		ILE	1
5G2X_C	245	1	C	249		THR	1
5G2X_C	246	1	C	250		PRO	1
5G2X_C	247	1	C	251		GLU	1
5G2X_C	248	1	C	302		LYS	1
5G2X_C	249	1	C	303		TYR	1
5G2X_C	250	1	C	304		VAL	1
5G2X_C	251	1	C	305		ARG	1
5G2X_C	252	1	C	306		TYR	1
5G2X_C	253	1	C	307		ALA	1
5G2X_C	254	1	C	308		ASP	1
5G2X_C	255	1	C	309		ASP	1
5G2X_C	256	1	C	310		PHE	1
5G2X_C	257	1	C	311		ILE	1
5G2X_C	258	1	C	312		ILE	1
5G2X_C	259	1	C	313		SER	1
5G2X_C	260	1	C	314		VAL	1
5G2X_C	261	1	C	315		LYS	1
5G2X_C	262	1	C	316		GLY	1
5G2X_C	263	1	C	317		SER	1
5G2X_C	264	1	C	318		LYS	1
5G2X_C	265	1	C	319		GLU	1
5G2X_C	266	1	C	320		ASP	1
5G2X_C	267	1	C	321		CYS	1
5G2X_C	268	1	C	322		GLN	1
5G2X_C	269	1	C	323		TRP	1
5G2X_C	270	1	C	324		ILE	1
5G2X_C	271	1	C	325		LYS	1
5G2X_C	272	1	C	326		GLU	1
5G2X_C	273	1	C	327		GLN	1
5G2X_C	274	1	C	328		LEU	1
5G2X_C	275	1	C	329		LYS	1
5G2X_C	276	1	C	330		LEU	1
5G2X_C	277	1	C	331		PHE	1
5G2X_C	278	1	C	332		ILE	1
5G2X_C	279	1	C	333		HIS	1
5G2X_C	280	1	C	334		ASN	1
5G2X_C	281	1	C	335		LYS	1
5G2X_C	282	1	C	336		LEU	1
5G2X_C	283	1	C	337		LYS	1
5G2X_C	284	1	C	338		MET	1
5G2X_C	285	1	C	339		GLU	1
5G2X_C	286	1	C	340		LEU	1
5G2X_C	287	1	C	341		SER	1
5G2X_C	288	1	C	342		GLU	1
5G2X_C	289	1	C	343		GLU	1
5G2X_C	290	1	C	344		LYS	1
5G2X_C	291	1	C	345		THR	1
5G2X_C	292	1	C	346		LEU	1
5G2X_C	293	1	C	347		ILE	1
5G2X_C	294	1	C	348		THR	1
5G2X_C	295	1	C	349		HIS	1
5G2X_C	296	1	C	350		SER	1
5G2X_C	297	1	C	351		SER	2
5G2X_C	298	1	C	352		GLN	2
5G2X_C	299	1	C	353		PRO	2
5G2X_C	300	1	C	354		ALA	2
5G2X_C	301	1	C	355		ARG	2
5G2X_C	302	1	C	356		PHE	2
5G2X_C	303	1	C	357		LEU	2
5G2X_C	304	1	C	358		GLY	2
5G2X_C	305	1	C	359		TYR	2
5G2X_C	306	1	C	360		ASP	2
5G2X_C	307	1	C	361		ILE	2
5G2X_C	308	1	C	362		ARG	2
5G2X_C	309	1	C	363		VAL	2
5G2X_C	310	1	C	375		VAL	2
5G2X_C	311	1	C	376		LYS	2
5G2X_C	312	1	C	377		LYS	2
5G2X_C	313	1	C	378		ARG	2
5G2X_C	314	1	C	379		THR	2
5G2X_C	315	1	C	380		LEU	2
5G2X_C	316	1	C	381		ASN	2
5G2X_C	317	1	C	382		GLY	2
5G2X_C	318	1	C	383		SER	2
5G2X_C	319	1	C	384		VAL	2
5G2X_C	320	1	C	385		GLU	2
5G2X_C	321	1	C	386		LEU	2
5G2X_C	322	1	C	387		LEU	2
5G2X_C	323	1	C	388		ILE	2
5G2X_C	324	1	C	389		PRO	2
5G2X_C	325	1	C	390		LEU	2
5G2X_C	326	1	C	391		GLN	2
5G2X_C	327	1	C	392		ASP	2
5G2X_C	328	1	C	393		LYS	2
5G2X_C	329	1	C	394		ILE	2
5G2X_C	330	1	C	395		ARG	2
5G2X_C	331	1	C	396		GLN	2
5G2X_C	332	1	C	397		PHE	2
5G2X_C	333	1	C	398		ILE	2
5G2X_C	334	1	C	399		PHE	2
5G2X_C	335	1	C	400		ASP	2
5G2X_C	336	1	C	401		LYS	2
5G2X_C	337	1	C	402		LYS	2
5G2X_C	338	1	C	403		ILE	2
5G2X_C	339	1	C	404		ALA	2
5G2X_C	340	1	C	405		ILE	2
5G2X_C	341	1	C	406		GLN	2
5G2X_C	342	1	C	407		LYS	2
5G2X_C	343	1	C	408		LYS	2
5G2X_C	344	1	C	409		ASP	2
5G2X_C	345	1	C	410		SER	2
5G2X_C	346	1	C	411		SER	2
5G2X_C	347	1	C	412		TRP	2
5G2X_C	348	1	C	413		PHE	2
5G2X_C	349	1	C	414		PRO	2
5G2X_C	350	1	C	415		VAL	2
5G2X_C	351	1	C	416		HIS	2
5G2X_C	352	1	C	417		ARG	2
5G2X_C	353	1	C	418		LYS	2
5G2X_C	354	1	C	419		TYR	2
5G2X_C	355	1	C	420		LEU	2
5G2X_C	356	1	C	421		ILE	2
5G2X_C	357	1	C	422		ARG	2
5G2X_C	358	1	C	423		SER	2
5G2X_C	359	1	C	424		THR	2
5G2X_C	360	1	C	425		ASP	2
5G2X_C	361	1	C	426		LEU	2
5G2X_C	362	1	C	427		GLU	2
5G2X_C	363	1	C	428		ILE	2
5G2X_C	364	1	C	429		ILE	2
5G2X_C	365	1	C	430		THR	2
5G2X_C	366	1	C	431		ILE	2
5G2X_C	367	1	C	432		TYR	2
5G2X_C	368	1	C	433		ASN	2
5G2X_C	369	1	C	434		SER	2
5G2X_C	370	1	C	435		GLU	2
5G2X_C	371	1	C	436		LEU	2
5G2X_C	372	1	C	437		ARG	2
5G2X_C	373	1	C	438		GLY	2
5G2X_C	374	1	C	439		ILE	2
5G2X_C	375	1	C	440		CYS	2
5G2X_C	376	1	C	441		ASN	2
5G2X_C	377	1	C	442		TYR	2
5G2X_C	378	1	C	443		TYR	2
5G2X_C	379	1	C	444		GLY	2
5G2X_C	380	1	C	445		LEU	2
5G2X_C	381	1	C	446		ALA	2
5G2X_C	382	1	C	447		SER	2
5G2X_C	383	1	C	448		ASN	2
5G2X_C	384	1	C	449		PHE	2
5G2X_C	385	1	C	450		ASN	2
5G2X_C	386	1	C	451		GLN	2
5G2X_C	387	1	C	452		LEU	2
5G2X_C	388	1	C	453		ASN	2
5G2X_C	389	1	C	454		TYR	2
5G2X_C	390	1	C	455		PHE	2
5G2X_C	391	1	C	456		ALA	2
5G2X_C	392	1	C	457		TYR	2
5G2X_C	393	1	C	458		LEU	2
5G2X_C	394	1	C	459		MET	2
5G2X_C	395	1	C	460		GLU	2
5G2X_C	396	1	C	461		TYR	2
5G2X_C	397	1	C	462		SER	2
5G2X_C	398	1	C	463		CYS	2
5G2X_C	399	1	C	464		LEU	2
5G2X_C	400	1	C	465		LYS	2
5G2X_C	401	1	C	466		THR	2
5G2X_C	402	1	C	467		ILE	2
5G2X_C	403	1	C	468		ALA	2
5G2X_C	404	1	C	469		SER	2
5G2X_C	405	1	C	470		LYS	2
5G2X_C	406	1	C	471		HIS	2
5G2X_C	407	1	C	472		LYS	2
5G2X_C	408	1	C	473		GLY	2
5G2X_C	409	1	C	474		THR	2
5G2X_C	410	1	C	475		LEU	2
5G2X_C	411	1	C	476		SER	2
5G2X_C	412	1	C	477		LYS	2
5G2X_C	413	1	C	478		THR	2
5G2X_C	414	1	C	479		ILE	2
5G2X_C	415	1	C	480		SER	2
5G2X_C	416	1	C	481		MET	2
5G2X_C	417	1	C	482		PHE	2
5G2X_C	418	1	C	483		LYS	2
5G2X_C	419	1	C	484		ASP	2
5G2X_C	420	1	C	485		GLY	2
5G2X_C	421	1	C	486		SER	2
5G2X_C	422	1	C	487		GLY	2
5G2X_C	423	1	C	488		SER	2
5G2X_C	424	1	C	489		TRP	2
5G2X_C	425	1	C	490		GLY	2
5G2X_C	426	1	C	491		ILE	2
5G2X_C	427	1	C	492		PRO	2
5G2X_C	428	1	C	493		TYR	2
5G2X_C	429	1	C	494		GLU	2
5G2X_C	430	1	C	495		ILE	2
5G2X_C	431	1	C	496		LYS	2
5G2X_C	432	1	C	497		GLN	2
5G2X_C	433	1	C	498		GLY	2
5G2X_C	434	1	C	499		LYS	2
5G2X_C	435	1	C	500		GLN	2
5G2X_C	436	1	C	501		ARG	2
5G2X_C	437	1	C	502		ARG	2
5G2X_C	438	1	C	525		VAL	2
5G2X_C	439	1	C	526		LEU	2
5G2X_C	440	1	C	527		TYR	2
5G2X_C	441	1	C	528		GLY	2
5G2X_C	442	1	C	529		TYR	2
5G2X_C	443	1	C	530		ALA	2
5G2X_C	444	1	C	531		ARG	2
5G2X_C	445	1	C	532		ASN	2
5G2X_C	446	1	C	533		THR	2
5G2X_C	447	1	C	534		LEU	2
5G2X_C	448	1	C	535		GLU	2
5G2X_C	449	1	C	536		ASN	2
5G2X_C	450	1	C	537		ARG	2
5G2X_C	451	1	C	538		LEU	2
5G2X_C	452	1	C	539		LYS	2
5G2X_C	453	1	C	540		ALA	2
5G2X_C	454	1	C	541		LYS	2
5G2X_C	455	1	C	542		CYS	2
5G2X_C	456	1	C	543		CYS	2
5G2X_C	457	1	C	544		GLU	2
5G2X_C	458	1	C	545		LEU	2
5G2X_C	459	1	C	546		CYS	2
5G2X_C	460	1	C	547		GLY	2
5G2X_C	461	1	C	548		THR	2
5G2X_C	462	1	C	549		SER	2
5G2X_C	463	1	C	550		ASP	2
5G2X_C	464	1	C	551		GLU	2
5G2X_C	465	1	C	552		ASN	2
5G2X_C	466	1	C	553		THR	2
5G2X_C	467	1	C	554		SER	2
5G2X_C	468	1	C	555		TYR	2
5G2X_C	469	1	C	556		GLU	2
5G2X_C	470	1	C	557		ILE	2
5G2X_C	471	1	C	558		HIS	2
5G2X_C	472	1	C	559		HIS	2
5G2X_C	473	1	C	560		VAL	2
5G2X_C	474	1	C	561		ASN	2
5G2X_C	475	1	C	581		ARG	2
5G2X_C	476	1	C	582		LYS	2
5G2X_C	477	1	C	583		THR	2
5G2X_C	478	1	C	584		LEU	2
5G2X_C	479	1	C	585		VAL	2
5G2X_C	480	1	C	586		VAL	2
5G2X_C	481	1	C	587		CYS	2
5G2X_C	482	1	C	588		PHE	2
5G2X_C	483	1	C	589		HIS	2
5G2X_C	484	1	C	590		CYS	2
5G2X_C	485	1	C	591		HIS	2
5HHJ_A	0	1	A	12		ARG	1
5HHJ_A	1	1	A	13		MET	1
5HHJ_A	2	1	A	14		ASP	1
5HHJ_A	3	1	A	15		THR	1
5HHJ_A	4	1	A	16		SER	1
5HHJ_A	5	1	A	17		SER	1
5HHJ_A	6	1	A	18		LEU	1
5HHJ_A	7	1	A	19		MET	1
5HHJ_A	8	1	A	20		GLU	1
5HHJ_A	9	1	A	21		GLN	1
5HHJ_A	10	1	A	22		ILE	1
5HHJ_A	11	1	A	23		LEU	1
5HHJ_A	12	1	A	24		SER	1
5HHJ_A	13	1	A	25		ASN	1
5HHJ_A	14	1	A	26		ASP	1
5HHJ_A	15	1	A	27		ASN	1
5HHJ_A	16	1	A	28		LEU	1
5HHJ_A	17	1	A	29		ASN	1
5HHJ_A	18	1	A	30		ARG	1
5HHJ_A	19	1	A	31		ALA	1
5HHJ_A	20	1	A	32		TYR	1
5HHJ_A	21	1	A	33		LEU	1
5HHJ_A	22	1	A	34		GLN	1
5HHJ_A	23	1	A	35		VAL	1
5HHJ_A	24	1	A	36		VAL	1
5HHJ_A	25	1	A	37		ARG	1
5HHJ_A	26	1	A	38		ASN	1
5HHJ_A	27	1	A	39		LYS	1
5HHJ_A	28	1	A	40		GLY	1
5HHJ_A	29	1	A	41		ALA	1
5HHJ_A	30	1	A	42		GLU	1
5HHJ_A	31	1	A	43		GLY	1
5HHJ_A	32	1	A	44		VAL	1
5HHJ_A	33	1	A	45		ASP	1
5HHJ_A	34	1	A	46		GLY	1
5HHJ_A	35	1	A	47		MET	1
5HHJ_A	36	1	A	48		LYS	1
5HHJ_A	37	1	A	49		TYR	1
5HHJ_A	38	1	A	50		THR	1
5HHJ_A	39	1	A	51		GLU	1
5HHJ_A	40	1	A	52		LEU	1
5HHJ_A	41	1	A	53		LYS	1
5HHJ_A	42	1	A	54		GLU	1
5HHJ_A	43	1	A	55		TYR	1
5HHJ_A	44	1	A	56		LEU	1
5HHJ_A	45	1	A	57		ALA	1
5HHJ_A	46	1	A	58		LYS	1
5HHJ_A	47	1	A	59		ASN	1
5HHJ_A	48	1	A	60		GLY	1
5HHJ_A	49	1	A	61		GLU	1
5HHJ_A	50	1	A	62		ILE	1
5HHJ_A	51	1	A	63		ILE	1
5HHJ_A	52	1	A	64		LYS	1
5HHJ_A	53	1	A	65		GLU	1
5HHJ_A	54	1	A	66		GLN	1
5HHJ_A	55	1	A	67		LEU	1
5HHJ_A	56	1	A	68		ARG	1
5HHJ_A	57	1	A	69		ILE	1
5HHJ_A	58	1	A	70		ARG	1
5HHJ_A	59	1	A	71		LYS	1
5HHJ_A	60	1	A	72		TYR	1
5HHJ_A	61	1	A	73		LYS	1
5HHJ_A	62	1	A	74		PRO	1
5HHJ_A	63	1	A	75		GLN	1
5HHJ_A	64	1	A	76		PRO	1
5HHJ_A	65	1	A	77		VAL	1
5HHJ_A	66	1	A	78		ARG	1
5HHJ_A	67	1	A	79		ARG	1
5HHJ_A	68	1	A	80		VAL	1
5HHJ_A	69	1	A	81		GLU	1
5HHJ_A	70	1	A	82		ILE	1
5HHJ_A	71	1	A	83		PRO	1
5HHJ_A	72	1	A	84		LYS	1
5HHJ_A	73	1	A	85		PRO	1
5HHJ_A	74	1	A	86		ASP	1
5HHJ_A	75	1	A	87		GLY	1
5HHJ_A	76	1	A	88		GLY	1
5HHJ_A	77	1	A	89		VAL	1
5HHJ_A	78	1	A	90		ARG	1
5HHJ_A	79	1	A	91		ASN	1
5HHJ_A	80	1	A	92		LEU	1
5HHJ_A	81	1	A	93		GLY	1
5HHJ_A	82	1	A	94		VAL	1
5HHJ_A	83	1	A	95		PRO	1
5HHJ_A	84	1	A	96		THR	1
5HHJ_A	85	1	A	97		VAL	1
5HHJ_A	86	1	A	98		THR	1
5HHJ_A	87	1	A	99		ASP	1
5HHJ_A	88	1	A	100		ARG	1
5HHJ_A	89	1	A	101		PHE	1
5HHJ_A	90	1	A	102		ILE	1
5HHJ_A	91	1	A	103		GLN	1
5HHJ_A	92	1	A	104		GLN	1
5HHJ_A	93	1	A	105		ALA	1
5HHJ_A	94	1	A	106		ILE	1
5HHJ_A	95	1	A	107		ALA	1
5HHJ_A	96	1	A	108		GLN	1
5HHJ_A	97	1	A	109		VAL	1
5HHJ_A	98	1	A	110		LEU	2
5HHJ_A	99	1	A	111		THR	2
5HHJ_A	100	1	A	112		PRO	2
5HHJ_A	101	1	A	113		ILE	2
5HHJ_A	102	1	A	114		TYR	2
5HHJ_A	103	1	A	115		GLU	2
5HHJ_A	104	1	A	116		GLU	2
5HHJ_A	105	1	A	117		GLN	2
5HHJ_A	106	1	A	118		PHE	2
5HHJ_A	107	1	A	119		HIS	2
5HHJ_A	108	1	A	120		ASP	2
5HHJ_A	109	1	A	121		HIS	2
5HHJ_A	110	1	A	122		SER	2
5HHJ_A	111	1	A	123		TYR	2
5HHJ_A	112	1	A	124		GLY	2
5HHJ_A	113	1	A	125		PHE	2
5HHJ_A	114	1	A	126		ARG	2
5HHJ_A	115	1	A	127		PRO	2
5HHJ_A	116	1	A	128		ASN	2
5HHJ_A	117	1	A	129		ARG	2
5HHJ_A	118	1	A	130		CYS	2
5HHJ_A	119	1	A	131		ALA	2
5HHJ_A	120	1	A	132		GLN	2
5HHJ_A	121	1	A	133		GLN	2
5HHJ_A	122	1	A	134		ALA	2
5HHJ_A	123	1	A	135		ILE	2
5HHJ_A	124	1	A	136		LEU	2
5HHJ_A	125	1	A	137		THR	2
5HHJ_A	126	1	A	138		ALA	2
5HHJ_A	127	1	A	139		LEU	2
5HHJ_A	128	1	A	140		ASP	2
5HHJ_A	129	1	A	141		MET	2
5HHJ_A	130	1	A	142		MET	2
5HHJ_A	131	1	A	143		ASN	2
5HHJ_A	132	1	A	144		ASP	2
5HHJ_A	133	1	A	145		GLY	2
5HHJ_A	134	1	A	146		ASN	2
5HHJ_A	135	1	A	147		ASP	2
5HHJ_A	136	1	A	148		TRP	2
5HHJ_A	137	1	A	149		ILE	2
5HHJ_A	138	1	A	150		VAL	2
5HHJ_A	139	1	A	151		ASP	2
5HHJ_A	140	1	A	152		ILE	2
5HHJ_A	141	1	A	153		ASP	2
5HHJ_A	142	1	A	154		LEU	2
5HHJ_A	143	1	A	155		GLU	2
5HHJ_A	144	1	A	156		LYS	2
5HHJ_A	145	1	A	157		PHE	2
5HHJ_A	146	1	A	158		PHE	1
5HHJ_A	147	1	A	159		ASP	1
5HHJ_A	148	1	A	160		THR	1
5HHJ_A	149	1	A	161		VAL	1
5HHJ_A	150	1	A	162		ASN	1
5HHJ_A	151	1	A	163		HIS	1
5HHJ_A	152	1	A	164		ASP	1
5HHJ_A	153	1	A	165		LYS	1
5HHJ_A	154	1	A	166		LEU	1
5HHJ_A	155	1	A	167		MET	1
5HHJ_A	156	1	A	168		THR	1
5HHJ_A	157	1	A	169		ILE	1
5HHJ_A	158	1	A	170		ILE	1
5HHJ_A	159	1	A	171		GLY	1
5HHJ_A	160	1	A	172		ARG	1
5HHJ_A	161	1	A	173		THR	1
5HHJ_A	162	1	A	174		ILE	1
5HHJ_A	163	1	A	175		LYS	1
5HHJ_A	164	1	A	176		ASP	1
5HHJ_A	165	1	A	177		GLY	1
5HHJ_A	166	1	A	178		ASP	1
5HHJ_A	167	1	A	179		VAL	1
5HHJ_A	168	1	A	180		ILE	1
5HHJ_A	169	1	A	181		SER	1
5HHJ_A	170	1	A	182		ILE	1
5HHJ_A	171	1	A	183		VAL	1
5HHJ_A	172	1	A	184		ARG	1
5HHJ_A	173	1	A	185		LYS	1
5HHJ_A	174	1	A	186		TYR	1
5HHJ_A	175	1	A	187		LEU	1
5HHJ_A	176	1	A	188		VAL	1
5HHJ_A	177	1	A	189		SER	1
5HHJ_A	178	1	A	190		GLY	1
5HHJ_A	179	1	A	191		ILE	1
5HHJ_A	180	1	A	192		MET	1
5HHJ_A	181	1	A	193		ILE	1
5HHJ_A	182	1	A	194		ASP	1
5HHJ_A	183	1	A	195		ASP	1
5HHJ_A	184	1	A	196		GLU	1
5HHJ_A	185	1	A	197		TYR	1
5HHJ_A	186	1	A	198		GLU	1
5HHJ_A	187	1	A	199		ASP	1
5HHJ_A	188	1	A	200		SER	1
5HHJ_A	189	1	A	201		ILE	1
5HHJ_A	190	1	A	202		VAL	1
5HHJ_A	191	1	A	203		GLY	1
5HHJ_A	192	1	A	204		THR	1
5HHJ_A	193	1	A	205		PRO	1
5HHJ_A	194	1	A	206		GLN	1
5HHJ_A	195	1	A	207		GLY	1
5HHJ_A	196	1	A	208		GLY	1
5HHJ_A	197	1	A	209		ASN	1
5HHJ_A	198	1	A	210		LEU	1
5HHJ_A	199	1	A	211		SER	1
5HHJ_A	200	1	A	212		PRO	1
5HHJ_A	201	1	A	213		LEU	1
5HHJ_A	202	1	A	214		LEU	1
5HHJ_A	203	1	A	215		ALA	2
5HHJ_A	204	1	A	216		ASN	2
5HHJ_A	205	1	A	217		ILE	2
5HHJ_A	206	1	A	218		MET	2
5HHJ_A	207	1	A	219		LEU	2
5HHJ_A	208	1	A	220		ASN	2
5HHJ_A	209	1	A	221		GLU	2
5HHJ_A	210	1	A	222		LEU	2
5HHJ_A	211	1	A	223		ASP	2
5HHJ_A	212	1	A	224		LYS	2
5HHJ_A	213	1	A	225		GLU	2
5HHJ_A	214	1	A	226		MET	2
5HHJ_A	215	1	A	227		GLU	2
5HHJ_A	216	1	A	228		LYS	2
5HHJ_A	217	1	A	229		ARG	2
5HHJ_A	218	1	A	230		GLY	2
5HHJ_A	219	1	A	231		LEU	2
5HHJ_A	220	1	A	232		ASN	2
5HHJ_A	221	1	A	233		PHE	2
5HHJ_A	222	1	A	234		VAL	2
5HHJ_A	223	1	A	235		ARG	2
5HHJ_A	224	1	A	236		TYR	2
5HHJ_A	225	1	A	237		ALA	2
5HHJ_A	226	1	A	238		ASP	2
5HHJ_A	227	1	A	239		ASP	2
5HHJ_A	228	1	A	240		CYS	2
5HHJ_A	229	1	A	241		ILE	2
5HHJ_A	230	1	A	242		ILE	2
5HHJ_A	231	1	A	243		MET	2
5HHJ_A	232	1	A	244		VAL	2
5HHJ_A	233	1	A	245		GLY	2
5HHJ_A	234	1	A	246		SER	2
5HHJ_A	235	1	A	247		GLU	2
5HHJ_A	236	1	A	248		MET	2
5HHJ_A	237	1	A	249		SER	2
5HHJ_A	238	1	A	250		ALA	2
5HHJ_A	239	1	A	251		ASN	2
5HHJ_A	240	1	A	252		ARG	2
5HHJ_A	241	1	A	253		VAL	2
5HHJ_A	242	1	A	254		MET	2
5HHJ_A	243	1	A	255		ARG	2
5HHJ_A	244	1	A	256		ASN	2
5HHJ_A	245	1	A	257		ILE	2
5HHJ_A	246	1	A	258		SER	2
5HHJ_A	247	1	A	259		ARG	2
5HHJ_A	248	1	A	260		PHE	2
5HHJ_A	249	1	A	261		ILE	2
5HHJ_A	250	1	A	262		GLU	2
5HHJ_A	251	1	A	263		GLU	2
5HHJ_A	252	1	A	264		LYS	2
5HHJ_A	253	1	A	265		LEU	2
5HHJ_A	254	1	A	266		GLY	2
5HHJ_A	255	1	A	267		LEU	2
5HHJ_A	256	1	A	268		LYS	2
5HHJ_A	257	1	A	269		VAL	2
5HHJ_A	258	1	A	270		ASN	2
5HHJ_A	259	1	A	271		MET	2
5HHJ_A	260	1	A	272		THR	2
5HHJ_A	261	1	A	273		LYS	2
5HHJ_A	262	1	A	274		SER	2
5HHJ_A	263	1	A	275		LYS	2
5HHJ_A	264	1	A	276		VAL	2
5HHJ_A	265	1	A	277		ASP	2
5HHJ_A	266	1	A	278		ARG	2
5HHJ_A	267	1	A	279		PRO	2
5HHJ_A	268	1	A	280		ARG	2
5HHJ_A	269	1	A	281		GLY	2
5HHJ_A	270	1	A	282		ILE	2
5HHJ_A	271	1	A	283		LYS	2
5HHJ_A	272	1	A	284		TYR	2
5HHJ_A	273	1	A	285		LEU	2
5HHJ_A	274	1	A	286		GLY	2
5HHJ_A	275	1	A	287		PHE	2
5HHJ_A	276	1	A	288		GLY	2
5HHJ_A	277	1	A	289		PHE	2
5HHJ_A	278	1	A	290		TYR	2
5HHJ_A	279	1	A	291		TYR	2
5HHJ_A	280	1	A	292		ASP	2
5HHJ_A	281	1	A	293		THR	2
5HHJ_A	282	1	A	294		SER	2
5HHJ_A	283	1	A	295		ALA	2
5HHJ_A	284	1	A	296		GLN	2
5HHJ_A	285	1	A	297		GLN	2
5HHJ_A	286	1	A	298		PHE	2
5HHJ_A	287	1	A	299		LYS	2
5HHJ_A	288	1	A	300		ALA	2
5HHJ_A	289	1	A	301		LYS	2
5HHJ_A	290	1	A	302		PRO	2
5HHJ_A	291	1	A	303		HIS	2
5HHJ_A	292	1	A	304		ALA	2
5HHJ_A	293	1	A	305		LYS	2
5HHK_A	0	1	A	13		MSE	1
5HHK_A	1	1	A	14		ASP	1
5HHK_A	2	1	A	15		THR	1
5HHK_A	3	1	A	16		SER	1
5HHK_A	4	1	A	17		SER	1
5HHK_A	5	1	A	18		LEU	1
5HHK_A	6	1	A	19		MSE	1
5HHK_A	7	1	A	20		GLU	1
5HHK_A	8	1	A	21		GLN	1
5HHK_A	9	1	A	22		ILE	1
5HHK_A	10	1	A	23		LEU	1
5HHK_A	11	1	A	24		SER	1
5HHK_A	12	1	A	25		ASN	1
5HHK_A	13	1	A	26		ASP	1
5HHK_A	14	1	A	27		ASN	1
5HHK_A	15	1	A	28		LEU	1
5HHK_A	16	1	A	29		ASN	1
5HHK_A	17	1	A	30		ARG	1
5HHK_A	18	1	A	31		ALA	1
5HHK_A	19	1	A	32		TYR	1
5HHK_A	20	1	A	33		LEU	1
5HHK_A	21	1	A	34		GLN	1
5HHK_A	22	1	A	35		VAL	1
5HHK_A	23	1	A	36		VAL	1
5HHK_A	24	1	A	37		ARG	1
5HHK_A	25	1	A	38		ASN	1
5HHK_A	26	1	A	39		LYS	1
5HHK_A	27	1	A	40		GLY	1
5HHK_A	28	1	A	41		ALA	1
5HHK_A	29	1	A	42		GLU	1
5HHK_A	30	1	A	43		GLY	1
5HHK_A	31	1	A	44		VAL	1
5HHK_A	32	1	A	45		ASP	1
5HHK_A	33	1	A	46		GLY	1
5HHK_A	34	1	A	47		MSE	1
5HHK_A	35	1	A	48		LYS	1
5HHK_A	36	1	A	49		TYR	1
5HHK_A	37	1	A	50		THR	1
5HHK_A	38	1	A	51		GLU	1
5HHK_A	39	1	A	52		LEU	1
5HHK_A	40	1	A	53		LYS	1
5HHK_A	41	1	A	54		GLU	1
5HHK_A	42	1	A	55		TYR	1
5HHK_A	43	1	A	56		LEU	1
5HHK_A	44	1	A	57		ALA	1
5HHK_A	45	1	A	58		LYS	1
5HHK_A	46	1	A	59		ASN	1
5HHK_A	47	1	A	60		GLY	1
5HHK_A	48	1	A	61		GLU	1
5HHK_A	49	1	A	62		ILE	1
5HHK_A	50	1	A	63		ILE	1
5HHK_A	51	1	A	64		LYS	1
5HHK_A	52	1	A	65		GLU	1
5HHK_A	53	1	A	66		GLN	1
5HHK_A	54	1	A	67		LEU	1
5HHK_A	55	1	A	68		ARG	1
5HHK_A	56	1	A	69		ILE	1
5HHK_A	57	1	A	70		ARG	1
5HHK_A	58	1	A	71		LYS	1
5HHK_A	59	1	A	72		TYR	1
5HHK_A	60	1	A	73		LYS	1
5HHK_A	61	1	A	74		PRO	1
5HHK_A	62	1	A	75		GLN	1
5HHK_A	63	1	A	76		PRO	1
5HHK_A	64	1	A	77		VAL	1
5HHK_A	65	1	A	78		ARG	1
5HHK_A	66	1	A	79		ARG	1
5HHK_A	67	1	A	80		VAL	1
5HHK_A	68	1	A	81		GLU	1
5HHK_A	69	1	A	82		ILE	1
5HHK_A	70	1	A	83		PRO	1
5HHK_A	71	1	A	84		LYS	1
5HHK_A	72	1	A	85		PRO	1
5HHK_A	73	1	A	86		ASP	1
5HHK_A	74	1	A	87		GLY	1
5HHK_A	75	1	A	88		GLY	1
5HHK_A	76	1	A	89		VAL	1
5HHK_A	77	1	A	90		ARG	1
5HHK_A	78	1	A	91		ASN	1
5HHK_A	79	1	A	92		LEU	1
5HHK_A	80	1	A	93		GLY	1
5HHK_A	81	1	A	94		VAL	1
5HHK_A	82	1	A	95		PRO	1
5HHK_A	83	1	A	96		THR	1
5HHK_A	84	1	A	97		VAL	1
5HHK_A	85	1	A	98		THR	1
5HHK_A	86	1	A	99		ASP	1
5HHK_A	87	1	A	100		ARG	1
5HHK_A	88	1	A	101		PHE	1
5HHK_A	89	1	A	102		ILE	1
5HHK_A	90	1	A	103		GLN	1
5HHK_A	91	1	A	104		GLN	1
5HHK_A	92	1	A	105		ALA	1
5HHK_A	93	1	A	106		ILE	1
5HHK_A	94	1	A	107		ALA	1
5HHK_A	95	1	A	108		GLN	1
5HHK_A	96	1	A	109		VAL	1
5HHK_A	97	1	A	110		LEU	2
5HHK_A	98	1	A	111		THR	2
5HHK_A	99	1	A	112		PRO	2
5HHK_A	100	1	A	113		ILE	2
5HHK_A	101	1	A	114		TYR	2
5HHK_A	102	1	A	115		GLU	2
5HHK_A	103	1	A	116		GLU	2
5HHK_A	104	1	A	117		GLN	2
5HHK_A	105	1	A	118		PHE	2
5HHK_A	106	1	A	119		HIS	2
5HHK_A	107	1	A	120		ASP	2
5HHK_A	108	1	A	121		HIS	2
5HHK_A	109	1	A	122		SER	2
5HHK_A	110	1	A	123		TYR	2
5HHK_A	111	1	A	124		GLY	2
5HHK_A	112	1	A	125		PHE	2
5HHK_A	113	1	A	126		ARG	2
5HHK_A	114	1	A	127		PRO	2
5HHK_A	115	1	A	128		ASN	2
5HHK_A	116	1	A	129		ARG	2
5HHK_A	117	1	A	130		CYS	2
5HHK_A	118	1	A	131		ALA	2
5HHK_A	119	1	A	132		GLN	2
5HHK_A	120	1	A	133		GLN	2
5HHK_A	121	1	A	134		ALA	2
5HHK_A	122	1	A	135		ILE	2
5HHK_A	123	1	A	136		LEU	2
5HHK_A	124	1	A	137		THR	2
5HHK_A	125	1	A	138		ALA	2
5HHK_A	126	1	A	139		LEU	2
5HHK_A	127	1	A	140		ASP	2
5HHK_A	128	1	A	141		MSE	2
5HHK_A	129	1	A	142		MSE	2
5HHK_A	130	1	A	143		ASN	2
5HHK_A	131	1	A	144		ASP	2
5HHK_A	132	1	A	145		GLY	2
5HHK_A	133	1	A	146		ASN	2
5HHK_A	134	1	A	147		ASP	2
5HHK_A	135	1	A	148		TRP	2
5HHK_A	136	1	A	149		ILE	2
5HHK_A	137	1	A	150		VAL	2
5HHK_A	138	1	A	151		ASP	2
5HHK_A	139	1	A	152		ILE	2
5HHK_A	140	1	A	153		ASP	2
5HHK_A	141	1	A	154		LEU	2
5HHK_A	142	1	A	155		GLU	2
5HHK_A	143	1	A	156		LYS	2
5HHK_A	144	1	A	157		PHE	2
5HHK_A	145	1	A	158		PHE	1
5HHK_A	146	1	A	159		ASP	1
5HHK_A	147	1	A	160		THR	1
5HHK_A	148	1	A	161		VAL	1
5HHK_A	149	1	A	162		ASN	1
5HHK_A	150	1	A	163		HIS	1
5HHK_A	151	1	A	164		ASP	1
5HHK_A	152	1	A	165		LYS	1
5HHK_A	153	1	A	166		LEU	1
5HHK_A	154	1	A	167		MSE	1
5HHK_A	155	1	A	168		THR	1
5HHK_A	156	1	A	169		ILE	1
5HHK_A	157	1	A	170		ILE	1
5HHK_A	158	1	A	171		GLY	1
5HHK_A	159	1	A	172		ARG	1
5HHK_A	160	1	A	173		THR	1
5HHK_A	161	1	A	174		ILE	1
5HHK_A	162	1	A	175		LYS	1
5HHK_A	163	1	A	176		ASP	1
5HHK_A	164	1	A	177		GLY	1
5HHK_A	165	1	A	178		ASP	1
5HHK_A	166	1	A	179		VAL	1
5HHK_A	167	1	A	180		ILE	1
5HHK_A	168	1	A	181		SER	1
5HHK_A	169	1	A	182		ILE	1
5HHK_A	170	1	A	183		VAL	1
5HHK_A	171	1	A	184		ARG	1
5HHK_A	172	1	A	185		LYS	1
5HHK_A	173	1	A	186		TYR	1
5HHK_A	174	1	A	187		LEU	1
5HHK_A	175	1	A	188		VAL	1
5HHK_A	176	1	A	189		SER	1
5HHK_A	177	1	A	190		GLY	1
5HHK_A	178	1	A	191		ILE	1
5HHK_A	179	1	A	192		MSE	1
5HHK_A	180	1	A	193		ILE	1
5HHK_A	181	1	A	194		ASP	1
5HHK_A	182	1	A	195		ASP	1
5HHK_A	183	1	A	196		GLU	1
5HHK_A	184	1	A	197		TYR	1
5HHK_A	185	1	A	198		GLU	1
5HHK_A	186	1	A	199		ASP	1
5HHK_A	187	1	A	200		SER	1
5HHK_A	188	1	A	201		ILE	1
5HHK_A	189	1	A	202		VAL	1
5HHK_A	190	1	A	203		GLY	1
5HHK_A	191	1	A	204		THR	1
5HHK_A	192	1	A	205		PRO	1
5HHK_A	193	1	A	206		GLN	1
5HHK_A	194	1	A	207		GLY	1
5HHK_A	195	1	A	208		GLY	1
5HHK_A	196	1	A	209		ASN	1
5HHK_A	197	1	A	210		LEU	1
5HHK_A	198	1	A	211		SER	1
5HHK_A	199	1	A	212		PRO	1
5HHK_A	200	1	A	213		LEU	1
5HHK_A	201	1	A	214		LEU	1
5HHK_A	202	1	A	215		ALA	2
5HHK_A	203	1	A	216		ASN	2
5HHK_A	204	1	A	217		ILE	2
5HHK_A	205	1	A	218		MSE	2
5HHK_A	206	1	A	219		LEU	2
5HHK_A	207	1	A	220		ASN	2
5HHK_A	208	1	A	221		GLU	2
5HHK_A	209	1	A	222		LEU	2
5HHK_A	210	1	A	223		ASP	2
5HHK_A	211	1	A	224		LYS	2
5HHK_A	212	1	A	225		GLU	2
5HHK_A	213	1	A	226		MSE	2
5HHK_A	214	1	A	227		GLU	2
5HHK_A	215	1	A	228		LYS	2
5HHK_A	216	1	A	229		ARG	2
5HHK_A	217	1	A	230		GLY	2
5HHK_A	218	1	A	231		LEU	2
5HHK_A	219	1	A	232		ASN	2
5HHK_A	220	1	A	233		PHE	2
5HHK_A	221	1	A	234		VAL	2
5HHK_A	222	1	A	235		ARG	2
5HHK_A	223	1	A	236		TYR	2
5HHK_A	224	1	A	237		ALA	2
5HHK_A	225	1	A	238		ASP	2
5HHK_A	226	1	A	239		ASP	2
5HHK_A	227	1	A	240		CYS	2
5HHK_A	228	1	A	241		ILE	2
5HHK_A	229	1	A	242		ILE	2
5HHK_A	230	1	A	243		MSE	2
5HHK_A	231	1	A	244		VAL	2
5HHK_A	232	1	A	245		GLY	2
5HHK_A	233	1	A	246		SER	2
5HHK_A	234	1	A	247		GLU	2
5HHK_A	235	1	A	248		MSE	2
5HHK_A	236	1	A	249		SER	2
5HHK_A	237	1	A	250		ALA	2
5HHK_A	238	1	A	251		ASN	2
5HHK_A	239	1	A	252		ARG	2
5HHK_A	240	1	A	253		VAL	2
5HHK_A	241	1	A	254		MSE	2
5HHK_A	242	1	A	255		ARG	2
5HHK_A	243	1	A	256		ASN	2
5HHK_A	244	1	A	257		ILE	2
5HHK_A	245	1	A	258		SER	2
5HHK_A	246	1	A	259		ARG	2
5HHK_A	247	1	A	260		PHE	2
5HHK_A	248	1	A	261		ILE	2
5HHK_A	249	1	A	262		GLU	2
5HHK_A	250	1	A	263		GLU	2
5HHK_A	251	1	A	264		LYS	2
5HHK_A	252	1	A	265		LEU	2
5HHK_A	253	1	A	266		GLY	2
5HHK_A	254	1	A	267		LEU	2
5HHK_A	255	1	A	268		LYS	2
5HHK_A	256	1	A	269		VAL	2
5HHK_A	257	1	A	270		ASN	2
5HHK_A	258	1	A	271		MSE	2
5HHK_A	259	1	A	272		THR	2
5HHK_A	260	1	A	273		LYS	2
5HHK_A	261	1	A	274		SER	2
5HHK_A	262	1	A	275		LYS	2
5HHK_A	263	1	A	276		VAL	2
5HHK_A	264	1	A	277		ASP	2
5HHK_A	265	1	A	278		ARG	2
5HHK_A	266	1	A	279		PRO	2
5HHK_A	267	1	A	280		ARG	2
5HHK_A	268	1	A	281		GLY	2
5HHK_A	269	1	A	282		ILE	2
5HHK_A	270	1	A	283		LYS	2
5HHK_A	271	1	A	284		TYR	2
5HHK_A	272	1	A	285		LEU	2
5HHK_A	273	1	A	286		GLY	2
5HHK_A	274	1	A	287		PHE	2
5HHK_A	275	1	A	288		GLY	2
5HHK_A	276	1	A	289		PHE	2
5HHK_A	277	1	A	290		TYR	2
5HHK_A	278	1	A	291		TYR	2
5HHK_A	279	1	A	292		ASP	2
5HHK_A	280	1	A	293		THR	2
5HHK_A	281	1	A	294		SER	2
5HHK_A	282	1	A	295		ALA	2
5HHK_A	283	1	A	296		GLN	2
5HHK_A	284	1	A	297		GLN	2
5HHK_A	285	1	A	298		PHE	2
5HHK_A	286	1	A	299		LYS	2
5HHK_A	287	1	A	300		ALA	2
5HHK_A	288	1	A	301		LYS	2
5HHK_A	289	1	A	302		PRO	2
5HHK_A	290	1	A	303		HIS	2
5HHK_A	291	1	A	304		ALA	2
5HHK_A	292	1	A	305		LYS	2
5HHL_A	0	1	A	1		MET	1
5HHL_A	1	1	A	2		ASP	1
5HHL_A	2	1	A	3		THR	1
5HHL_A	3	1	A	4		SER	1
5HHL_A	4	1	A	5		ASN	1
5HHL_A	5	1	A	6		LEU	1
5HHL_A	6	1	A	7		MET	1
5HHL_A	7	1	A	8		GLU	1
5HHL_A	8	1	A	9		GLN	1
5HHL_A	9	1	A	10		ILE	1
5HHL_A	10	1	A	11		LEU	1
5HHL_A	11	1	A	12		SER	1
5HHL_A	12	1	A	13		SER	1
5HHL_A	13	1	A	14		ASP	1
5HHL_A	14	1	A	15		ASN	1
5HHL_A	15	1	A	16		LEU	1
5HHL_A	16	1	A	17		ASN	1
5HHL_A	17	1	A	18		ARG	1
5HHL_A	18	1	A	19		ALA	1
5HHL_A	19	1	A	20		TYR	1
5HHL_A	20	1	A	21		LEU	1
5HHL_A	21	1	A	22		GLN	1
5HHL_A	22	1	A	23		VAL	1
5HHL_A	23	1	A	24		VAL	1
5HHL_A	24	1	A	25		ARG	1
5HHL_A	25	1	A	26		ASN	1
5HHL_A	26	1	A	27		LYS	1
5HHL_A	27	1	A	28		GLY	1
5HHL_A	28	1	A	29		ALA	1
5HHL_A	29	1	A	30		GLU	1
5HHL_A	30	1	A	31		GLY	1
5HHL_A	31	1	A	32		VAL	1
5HHL_A	32	1	A	33		ASP	1
5HHL_A	33	1	A	34		GLY	1
5HHL_A	34	1	A	35		MET	1
5HHL_A	35	1	A	36		LYS	1
5HHL_A	36	1	A	37		TYR	1
5HHL_A	37	1	A	38		THR	1
5HHL_A	38	1	A	39		GLU	1
5HHL_A	39	1	A	40		LEU	1
5HHL_A	40	1	A	41		LYS	1
5HHL_A	41	1	A	42		GLU	1
5HHL_A	42	1	A	43		HIS	1
5HHL_A	43	1	A	44		LEU	1
5HHL_A	44	1	A	45		ALA	1
5HHL_A	45	1	A	46		LYS	1
5HHL_A	46	1	A	47		ASN	1
5HHL_A	47	1	A	48		GLY	1
5HHL_A	48	1	A	49		GLU	1
5HHL_A	49	1	A	50		THR	1
5HHL_A	50	1	A	51		ILE	1
5HHL_A	51	1	A	52		LYS	1
5HHL_A	52	1	A	53		GLY	1
5HHL_A	53	1	A	54		GLN	1
5HHL_A	54	1	A	55		LEU	1
5HHL_A	55	1	A	56		ARG	1
5HHL_A	56	1	A	57		THR	1
5HHL_A	57	1	A	58		ARG	1
5HHL_A	58	1	A	59		LYS	1
5HHL_A	59	1	A	60		TYR	1
5HHL_A	60	1	A	61		LYS	1
5HHL_A	61	1	A	62		PRO	1
5HHL_A	62	1	A	63		GLN	1
5HHL_A	63	1	A	64		PRO	1
5HHL_A	64	1	A	65		ALA	1
5HHL_A	65	1	A	66		ARG	1
5HHL_A	66	1	A	67		ARG	1
5HHL_A	67	1	A	68		VAL	1
5HHL_A	68	1	A	69		GLU	1
5HHL_A	69	1	A	70		ILE	1
5HHL_A	70	1	A	71		PRO	1
5HHL_A	71	1	A	72		LYS	1
5HHL_A	72	1	A	73		PRO	1
5HHL_A	73	1	A	74		ASP	1
5HHL_A	74	1	A	75		GLY	1
5HHL_A	75	1	A	76		GLY	1
5HHL_A	76	1	A	77		VAL	1
5HHL_A	77	1	A	78		ARG	1
5HHL_A	78	1	A	79		ASN	1
5HHL_A	79	1	A	80		LEU	1
5HHL_A	80	1	A	81		GLY	1
5HHL_A	81	1	A	82		VAL	1
5HHL_A	82	1	A	83		PRO	1
5HHL_A	83	1	A	84		THR	1
5HHL_A	84	1	A	85		VAL	1
5HHL_A	85	1	A	86		THR	1
5HHL_A	86	1	A	87		ASP	1
5HHL_A	87	1	A	88		ARG	1
5HHL_A	88	1	A	89		PHE	1
5HHL_A	89	1	A	90		ILE	1
5HHL_A	90	1	A	91		GLN	1
5HHL_A	91	1	A	92		GLN	1
5HHL_A	92	1	A	93		ALA	1
5HHL_A	93	1	A	94		ILE	1
5HHL_A	94	1	A	95		ALA	1
5HHL_A	95	1	A	96		GLN	1
5HHL_A	96	1	A	97		VAL	1
5HHL_A	97	1	A	98		LEU	2
5HHL_A	98	1	A	99		THR	2
5HHL_A	99	1	A	100		PRO	2
5HHL_A	100	1	A	101		ILE	2
5HHL_A	101	1	A	102		TYR	2
5HHL_A	102	1	A	103		GLU	2
5HHL_A	103	1	A	104		GLU	2
5HHL_A	104	1	A	105		GLN	2
5HHL_A	105	1	A	106		PHE	2
5HHL_A	106	1	A	107		HIS	2
5HHL_A	107	1	A	108		ASP	2
5HHL_A	108	1	A	109		HIS	2
5HHL_A	109	1	A	110		SER	2
5HHL_A	110	1	A	111		TYR	2
5HHL_A	111	1	A	112		GLY	2
5HHL_A	112	1	A	113		PHE	2
5HHL_A	113	1	A	114		ARG	2
5HHL_A	114	1	A	115		PRO	2
5HHL_A	115	1	A	116		ASN	2
5HHL_A	116	1	A	117		ARG	2
5HHL_A	117	1	A	118		CYS	2
5HHL_A	118	1	A	119		ALA	2
5HHL_A	119	1	A	120		GLN	2
5HHL_A	120	1	A	121		GLN	2
5HHL_A	121	1	A	122		ALA	2
5HHL_A	122	1	A	123		ILE	2
5HHL_A	123	1	A	124		LEU	2
5HHL_A	124	1	A	125		THR	2
5HHL_A	125	1	A	126		ALA	2
5HHL_A	126	1	A	127		LEU	2
5HHL_A	127	1	A	128		ASN	2
5HHL_A	128	1	A	129		ILE	2
5HHL_A	129	1	A	130		MET	2
5HHL_A	130	1	A	131		ASN	2
5HHL_A	131	1	A	132		ASP	2
5HHL_A	132	1	A	133		GLY	2
5HHL_A	133	1	A	134		ASN	2
5HHL_A	134	1	A	135		ASP	2
5HHL_A	135	1	A	136		TRP	2
5HHL_A	136	1	A	137		ILE	2
5HHL_A	137	1	A	138		VAL	2
5HHL_A	138	1	A	139		ASP	2
5HHL_A	139	1	A	140		ILE	2
5HHL_A	140	1	A	141		ASP	2
5HHL_A	141	1	A	142		LEU	2
5HHL_A	142	1	A	143		GLU	2
5HHL_A	143	1	A	144		LYS	2
5HHL_A	144	1	A	145		PHE	2
5HHL_A	145	1	A	146		PHE	2
5HHL_A	146	1	A	147		ASP	2
5HHL_A	147	1	A	148		THR	2
5HHL_A	148	1	A	149		VAL	2
5HHL_A	149	1	A	150		ASN	1
5HHL_A	150	1	A	151		HIS	1
5HHL_A	151	1	A	152		ASP	1
5HHL_A	152	1	A	153		LYS	1
5HHL_A	153	1	A	154		LEU	1
5HHL_A	154	1	A	155		MET	1
5HHL_A	155	1	A	156		THR	1
5HHL_A	156	1	A	157		LEU	1
5HHL_A	157	1	A	158		ILE	1
5HHL_A	158	1	A	159		GLY	1
5HHL_A	159	1	A	160		ARG	1
5HHL_A	160	1	A	161		THR	1
5HHL_A	161	1	A	162		ILE	1
5HHL_A	162	1	A	163		LYS	1
5HHL_A	163	1	A	164		ASP	1
5HHL_A	164	1	A	165		GLY	1
5HHL_A	165	1	A	166		ASP	1
5HHL_A	166	1	A	167		VAL	1
5HHL_A	167	1	A	168		ILE	1
5HHL_A	168	1	A	169		SER	1
5HHL_A	169	1	A	170		ILE	1
5HHL_A	170	1	A	171		VAL	1
5HHL_A	171	1	A	172		ARG	1
5HHL_A	172	1	A	173		LYS	1
5HHL_A	173	1	A	174		TYR	1
5HHL_A	174	1	A	175		LEU	1
5HHL_A	175	1	A	176		VAL	1
5HHL_A	176	1	A	177		SER	1
5HHL_A	177	1	A	178		GLY	1
5HHL_A	178	1	A	179		ILE	1
5HHL_A	179	1	A	180		MET	1
5HHL_A	180	1	A	181		ILE	1
5HHL_A	181	1	A	182		ASP	1
5HHL_A	182	1	A	183		ASP	1
5HHL_A	183	1	A	184		GLU	1
5HHL_A	184	1	A	185		TYR	1
5HHL_A	185	1	A	186		GLU	1
5HHL_A	186	1	A	187		ASP	1
5HHL_A	187	1	A	188		SER	1
5HHL_A	188	1	A	189		ILE	1
5HHL_A	189	1	A	190		VAL	1
5HHL_A	190	1	A	191		GLY	1
5HHL_A	191	1	A	192		THR	1
5HHL_A	192	1	A	193		PRO	1
5HHL_A	193	1	A	194		GLN	1
5HHL_A	194	1	A	195		GLY	1
5HHL_A	195	1	A	196		GLY	1
5HHL_A	196	1	A	197		ASN	1
5HHL_A	197	1	A	198		LEU	1
5HHL_A	198	1	A	199		SER	1
5HHL_A	199	1	A	200		PRO	1
5HHL_A	200	1	A	201		LEU	1
5HHL_A	201	1	A	202		LEU	1
5HHL_A	202	1	A	203		ALA	2
5HHL_A	203	1	A	204		ASN	2
5HHL_A	204	1	A	205		ILE	2
5HHL_A	205	1	A	206		MET	2
5HHL_A	206	1	A	207		LEU	2
5HHL_A	207	1	A	208		ASN	2
5HHL_A	208	1	A	209		GLU	2
5HHL_A	209	1	A	210		LEU	2
5HHL_A	210	1	A	211		ASP	2
5HHL_A	211	1	A	212		LYS	2
5HHL_A	212	1	A	213		GLU	2
5HHL_A	213	1	A	214		MET	2
5HHL_A	214	1	A	215		GLU	2
5HHL_A	215	1	A	216		LYS	2
5HHL_A	216	1	A	217		ARG	2
5HHL_A	217	1	A	218		GLY	2
5HHL_A	218	1	A	219		LEU	2
5HHL_A	219	1	A	220		ASN	2
5HHL_A	220	1	A	221		PHE	2
5HHL_A	221	1	A	222		VAL	2
5HHL_A	222	1	A	223		ARG	2
5HHL_A	223	1	A	224		TYR	2
5HHL_A	224	1	A	225		ALA	2
5HHL_A	225	1	A	226		ASP	2
5HHL_A	226	1	A	227		ASP	2
5HHL_A	227	1	A	228		CYS	2
5HHL_A	228	1	A	229		ILE	2
5HHL_A	229	1	A	230		ILE	2
5HHL_A	230	1	A	231		MET	2
5HHL_A	231	1	A	232		VAL	2
5HHL_A	232	1	A	233		GLY	2
5HHL_A	233	1	A	234		SER	2
5HHL_A	234	1	A	235		GLU	2
5HHL_A	235	1	A	236		MET	2
5HHL_A	236	1	A	237		SER	2
5HHL_A	237	1	A	238		ALA	2
5HHL_A	238	1	A	239		ASN	2
5HHL_A	239	1	A	240		ARG	2
5HHL_A	240	1	A	241		VAL	2
5HHL_A	241	1	A	242		MET	2
5HHL_A	242	1	A	243		ARG	2
5HHL_A	243	1	A	244		ASN	2
5HHL_A	244	1	A	245		ILE	2
5HHL_A	245	1	A	246		SER	2
5HHL_A	246	1	A	247		ARG	2
5HHL_A	247	1	A	248		PHE	2
5HHL_A	248	1	A	249		ILE	2
5HHL_A	249	1	A	250		GLU	2
5HHL_A	250	1	A	251		GLU	2
5HHL_A	251	1	A	252		LYS	2
5HHL_A	252	1	A	253		LEU	2
5HHL_A	253	1	A	254		GLY	2
5HHL_A	254	1	A	255		LEU	2
5HHL_A	255	1	A	256		LYS	2
5HHL_A	256	1	A	257		VAL	2
5HHL_A	257	1	A	258		ASN	2
5HHL_A	258	1	A	259		MET	2
5HHL_A	259	1	A	260		THR	2
5HHL_A	260	1	A	261		LYS	2
5HHL_A	261	1	A	262		SER	2
5HHL_A	262	1	A	263		LYS	2
5HHL_A	263	1	A	264		VAL	2
5HHL_A	264	1	A	265		ASP	2
5HHL_A	265	1	A	266		ARG	2
5HHL_A	266	1	A	267		PRO	2
5HHL_A	267	1	A	268		SER	2
5HHL_A	268	1	A	269		GLY	2
5HHL_A	269	1	A	270		LEU	2
5HHL_A	270	1	A	271		LYS	2
5HHL_A	271	1	A	272		TYR	2
5HHL_A	272	1	A	273		LEU	2
5HHL_A	273	1	A	274		GLY	2
5HHL_A	274	1	A	275		PHE	2
5HHL_A	275	1	A	276		GLY	2
5HHL_A	276	1	A	277		PHE	2
5HHL_A	277	1	A	278		TYR	2
5HHL_A	278	1	A	279		PHE	2
5HHL_A	279	1	A	280		ASP	2
5HHL_A	280	1	A	281		PRO	2
5HHL_A	281	1	A	282		ARG	2
5HHL_A	282	1	A	283		ALA	2
5HHL_A	283	1	A	284		HIS	2
5HHL_A	284	1	A	285		GLN	2
5HHL_A	285	1	A	286		PHE	2
5HHL_A	286	1	A	287		LYS	2
5HHL_A	287	1	A	288		ALA	2
5HHL_A	288	1	A	289		LYS	2
5HHL_A	289	1	A	290		PRO	2
5HHL_A	290	1	A	291		HIS	2
5HHL_A	291	1	A	292		ALA	2
5VBS_A	0	1	A	24		THR	1
5VBS_A	1	1	A	25		TRP	1
5VBS_A	2	1	A	26		LEU	1
5VBS_A	3	1	A	27		SER	1
5VBS_A	4	1	A	28		ASP	1
5VBS_A	5	1	A	29		PHE	1
5VBS_A	6	1	A	30		PRO	1
5VBS_A	7	1	A	31		GLN	1
5VBS_A	8	1	A	32		ALA	1
5VBS_A	9	1	A	33		TRP	1
5VBS_A	10	1	A	34		ALA	1
5VBS_A	11	1	A	35		GLU	1
5VBS_A	12	1	A	36		THR	1
5VBS_A	13	1	A	37		GLY	1
5VBS_A	14	1	A	38		GLY	1
5VBS_A	15	1	A	39		MET	1
5VBS_A	16	1	A	40		GLY	1
5VBS_A	17	1	A	41		LEU	1
5VBS_A	18	1	A	42		ALA	1
5VBS_A	19	1	A	43		VAL	1
5VBS_A	20	1	A	44		ARG	1
5VBS_A	21	1	A	45		GLN	1
5VBS_A	22	1	A	46		ALA	1
5VBS_A	23	1	A	47		PRO	1
5VBS_A	24	1	A	48		LEU	1
5VBS_A	25	1	A	49		ILE	1
5VBS_A	26	1	A	50		ILE	1
5VBS_A	27	1	A	51		PRO	1
5VBS_A	28	1	A	52		LEU	1
5VBS_A	29	1	A	53		LYS	1
5VBS_A	30	1	A	54		ALA	1
5VBS_A	31	1	A	55		THR	1
5VBS_A	32	1	A	56		SER	1
5VBS_A	33	1	A	57		THR	1
5VBS_A	34	1	A	58		PRO	1
5VBS_A	35	1	A	59		VAL	1
5VBS_A	36	1	A	60		SER	1
5VBS_A	37	1	A	61		ILE	1
5VBS_A	38	1	A	62		LYS	1
5VBS_A	39	1	A	63		GLN	1
5VBS_A	40	1	A	64		TYR	1
5VBS_A	41	1	A	65		PRO	1
5VBS_A	42	1	A	66		MET	1
5VBS_A	43	1	A	67		SER	1
5VBS_A	44	1	A	68		GLN	1
5VBS_A	45	1	A	69		GLU	1
5VBS_A	46	1	A	70		ALA	1
5VBS_A	47	1	A	71		ARG	1
5VBS_A	48	1	A	72		LEU	1
5VBS_A	49	1	A	73		GLY	1
5VBS_A	50	1	A	74		ILE	1
5VBS_A	51	1	A	75		LYS	1
5VBS_A	52	1	A	76		PRO	1
5VBS_A	53	1	A	77		HIS	1
5VBS_A	54	1	A	78		ILE	1
5VBS_A	55	1	A	79		GLN	1
5VBS_A	56	1	A	80		ARG	1
5VBS_A	57	1	A	81		LEU	1
5VBS_A	58	1	A	82		LEU	1
5VBS_A	59	1	A	83		ASP	1
5VBS_A	60	1	A	84		GLN	1
5VBS_A	61	1	A	85		GLY	1
5VBS_A	62	1	A	86		ILE	1
5VBS_A	63	1	A	87		LEU	1
5VBS_A	64	1	A	88		VAL	1
5VBS_A	65	1	A	89		PRO	1
5VBS_A	66	1	A	90		CYS	1
5VBS_A	67	1	A	91		GLN	1
5VBS_A	68	1	A	92		SER	1
5VBS_A	69	1	A	93		PRO	1
5VBS_A	70	1	A	94		TRP	1
5VBS_A	71	1	A	95		ASN	1
5VBS_A	72	1	A	96		THR	1
5VBS_A	73	1	A	97		PRO	1
5VBS_A	74	1	A	98		LEU	1
5VBS_A	75	1	A	99		LEU	1
5VBS_A	76	1	A	100		PRO	1
5VBS_A	77	1	A	101		VAL	1
5VBS_A	78	1	A	102		LYS	1
5VBS_A	79	1	A	108		ASP	1
5VBS_A	80	1	A	109		TYR	1
5VBS_A	81	1	A	110		ARG	1
5VBS_A	82	1	A	111		PRO	1
5VBS_A	83	1	A	112		VAL	1
5VBS_A	84	1	A	113		GLN	1
5VBS_A	85	1	A	114		ASP	1
5VBS_A	86	1	A	115		LEU	1
5VBS_A	87	1	A	116		ARG	1
5VBS_A	88	1	A	117		GLU	1
5VBS_A	89	1	A	118		VAL	1
5VBS_A	90	1	A	119		ASN	1
5VBS_A	91	1	A	120		LYS	1
5VBS_A	92	1	A	121		ARG	1
5VBS_A	93	1	A	122		VAL	1
5VBS_A	94	1	A	123		GLU	1
5VBS_A	95	1	A	124		ASP	1
5VBS_A	96	1	A	125		ILE	1
5VBS_A	97	1	A	126		HIS	1
5VBS_A	98	1	A	127		PRO	1
5VBS_A	99	1	A	128		THR	1
5VBS_A	100	1	A	129		VAL	1
5VBS_A	101	1	A	130		PRO	1
5VBS_A	102	1	A	131		ASN	1
5VBS_A	103	1	A	132		PRO	1
5VBS_A	104	1	A	133		TYR	1
5VBS_A	105	1	A	134		ASN	1
5VBS_A	106	1	A	135		LEU	1
5VBS_A	107	1	A	136		LEU	1
5VBS_A	108	1	A	137		SER	1
5VBS_A	109	1	A	138		GLY	1
5VBS_A	110	1	A	139		LEU	1
5VBS_A	111	1	A	140		PRO	1
5VBS_A	112	1	A	141		PRO	1
5VBS_A	113	1	A	142		SER	1
5VBS_A	114	1	A	143		HIS	1
5VBS_A	115	1	A	144		GLN	1
5VBS_A	116	1	A	145		TRP	1
5VBS_A	117	1	A	146		TYR	1
5VBS_A	118	1	A	147		THR	1
5VBS_A	119	1	A	148		VAL	1
5VBS_A	120	1	A	149		LEU	1
5VBS_A	121	1	A	150		ASP	1
5VBS_A	122	1	A	151		LEU	1
5VBS_A	123	1	A	152		LYS	1
5VBS_A	124	1	A	153		ASP	1
5VBS_A	125	1	A	154		ALA	1
5VBS_A	126	1	A	155		PHE	1
5VBS_A	127	1	A	156		PHE	1
5VBS_A	128	1	A	157		CYS	1
5VBS_A	129	1	A	158		LEU	1
5VBS_A	130	1	A	159		ARG	1
5VBS_A	131	1	A	160		LEU	1
5VBS_A	132	1	A	161		HIS	1
5VBS_A	133	1	A	162		PRO	1
5VBS_A	134	1	A	163		THR	1
5VBS_A	135	1	A	164		SER	1
5VBS_A	136	1	A	165		GLN	1
5VBS_A	137	1	A	166		PRO	1
5VBS_A	138	1	A	167		LEU	1
5VBS_A	139	1	A	168		PHE	1
5VBS_A	140	1	A	169		ALA	1
5VBS_A	141	1	A	170		PHE	1
5VBS_A	142	1	A	171		GLU	1
5VBS_A	143	1	A	172		TRP	1
5VBS_A	144	1	A	173		ARG	1
5VBS_A	145	1	A	174		ASP	1
5VBS_A	146	1	A	175		PRO	1
5VBS_A	147	1	A	180		SER	1
5VBS_A	148	1	A	181		GLY	1
5VBS_A	149	1	A	182		GLN	1
5VBS_A	150	1	A	183		LEU	1
5VBS_A	151	1	A	184		THR	1
5VBS_A	152	1	A	185		TRP	1
5VBS_A	153	1	A	186		THR	1
5VBS_A	154	1	A	187		ARG	1
5VBS_A	155	1	A	188		LEU	1
5VBS_A	156	1	A	189		PRO	1
5VBS_A	157	1	A	190		GLN	1
5VBS_A	158	1	A	191		GLY	1
5VBS_A	159	1	A	192		PHE	1
5VBS_A	160	1	A	193		LYS	1
5VBS_A	161	1	A	194		ASN	1
5VBS_A	162	1	A	195		SER	1
5VBS_A	163	1	A	196		PRO	1
5VBS_A	164	1	A	197		THR	1
5VBS_A	165	1	A	198		LEU	1
5VBS_A	166	1	A	199		PHE	1
5VBS_A	167	1	A	200		ASP	1
5VBS_A	168	1	A	201		GLU	1
5VBS_A	169	1	A	202		ALA	1
5VBS_A	170	1	A	203		LEU	1
5VBS_A	171	1	A	204		HIS	1
5VBS_A	172	1	A	205		ARG	1
5VBS_A	173	1	A	206		ASP	1
5VBS_A	174	1	A	207		LEU	1
5VBS_A	175	1	A	208		ALA	1
5VBS_A	176	1	A	209		ASP	1
5VBS_A	177	1	A	210		PHE	1
5VBS_A	178	1	A	211		ARG	1
5VBS_A	179	1	A	212		ILE	1
5VBS_A	180	1	A	213		GLN	1
5VBS_A	181	1	A	214		HIS	1
5VBS_A	182	1	A	215		PRO	1
5VBS_A	183	1	A	216		ASP	1
5VBS_A	184	1	A	217		LEU	1
5VBS_A	185	1	A	218		ILE	1
5VBS_A	186	1	A	219		LEU	1
5VBS_A	187	1	A	220		LEU	1
5VBS_A	188	1	A	221		GLN	1
5VBS_A	189	1	A	222		TYR	1
5VBS_A	190	1	A	223		VAL	1
5VBS_A	191	1	A	224		ASP	1
5VBS_A	192	1	A	225		ASP	1
5VBS_A	193	1	A	226		LEU	1
5VBS_A	194	1	A	227		LEU	1
5VBS_A	195	1	A	228		LEU	1
5VBS_A	196	1	A	229		ALA	1
5VBS_A	197	1	A	230		ALA	1
5VBS_A	198	1	A	231		THR	1
5VBS_A	199	1	A	232		SER	1
5VBS_A	200	1	A	233		GLU	1
5VBS_A	201	1	A	234		LEU	1
5VBS_A	202	1	A	235		ASP	1
5VBS_A	203	1	A	236		CYS	1
5VBS_A	204	1	A	237		GLN	1
5VBS_A	205	1	A	238		GLN	1
5VBS_A	206	1	A	239		GLY	1
5VBS_A	207	1	A	240		THR	1
5VBS_A	208	1	A	241		ARG	1
5VBS_A	209	1	A	242		ALA	1
5VBS_A	210	1	A	243		LEU	1
5VBS_A	211	1	A	244		LEU	1
5VBS_A	212	1	A	245		GLN	1
5VBS_A	213	1	A	246		THR	1
5VBS_A	214	1	A	247		LEU	1
5VBS_A	215	1	A	248		GLY	1
5VBS_A	216	1	A	249		ASN	1
5VBS_A	217	1	A	250		LEU	1
5VBS_A	218	1	A	251		GLY	1
5VBS_A	219	1	A	252		TYR	1
5VBS_A	220	1	A	253		ARG	1
5VBS_A	221	1	A	254		ALA	1
5VBS_A	222	1	A	255		SER	1
5VBS_A	223	1	A	256		ALA	1
5VBS_A	224	1	A	257		LYS	1
5VBS_A	225	1	A	258		LYS	1
5VBS_A	226	1	A	259		ALA	1
5VBS_A	227	1	A	260		GLN	1
5VBS_A	228	1	A	261		ILE	1
5VBS_A	229	1	A	262		CYS	1
5VBS_A	230	1	A	263		GLN	1
5VBS_A	231	1	A	264		LYS	1
5VBS_A	232	1	A	265		GLN	1
5VBS_A	233	1	A	266		VAL	1
5VBS_A	234	1	A	267		LYS	1
5VBS_A	235	1	A	268		TYR	1
5VBS_A	236	1	A	269		LEU	1
5VBS_A	237	1	A	270		GLY	1
5VBS_A	238	1	A	271		TYR	1
5VBS_A	239	1	A	272		LEU	1
5VBS_A	240	1	A	273		LEU	1
5VBS_A	241	1	A	274		LYS	1
5VBS_A	242	1	A	275		GLU	1
5VBS_A	243	1	A	276		GLY	1
5VBS_A	244	1	A	277		GLN	1
5VBS_A	245	1	A	278		ARG	1
6AR1_A	0	1	A	2		ALA	1
6AR1_A	1	1	A	3		LEU	1
6AR1_A	2	1	A	4		LEU	1
6AR1_A	3	1	A	5		GLU	1
6AR1_A	4	1	A	6		ARG	1
6AR1_A	5	1	A	7		ILE	1
6AR1_A	6	1	A	8		LEU	1
6AR1_A	7	1	A	9		ALA	1
6AR1_A	8	1	A	10		ARG	1
6AR1_A	9	1	A	11		ASP	1
6AR1_A	10	1	A	12		ASN	1
6AR1_A	11	1	A	13		LEU	1
6AR1_A	12	1	A	14		ILE	1
6AR1_A	13	1	A	15		THR	1
6AR1_A	14	1	A	16		ALA	1
6AR1_A	15	1	A	17		LEU	1
6AR1_A	16	1	A	18		LYS	1
6AR1_A	17	1	A	19		ARG	1
6AR1_A	18	1	A	20		VAL	1
6AR1_A	19	1	A	21		GLU	1
6AR1_A	20	1	A	22		ALA	1
6AR1_A	21	1	A	23		ASN	1
6AR1_A	22	1	A	24		GLN	1
6AR1_A	23	1	A	25		GLY	1
6AR1_A	24	1	A	26		ALA	1
6AR1_A	25	1	A	27		PRO	1
6AR1_A	26	1	A	28		GLY	1
6AR1_A	27	1	A	29		ILE	1
6AR1_A	28	1	A	30		ASP	1
6AR1_A	29	1	A	31		GLY	1
6AR1_A	30	1	A	32		VAL	1
6AR1_A	31	1	A	33		SER	1
6AR1_A	32	1	A	34		THR	1
6AR1_A	33	1	A	35		ASP	1
6AR1_A	34	1	A	36		GLN	1
6AR1_A	35	1	A	37		LEU	1
6AR1_A	36	1	A	38		ARG	1
6AR1_A	37	1	A	39		ASP	1
6AR1_A	38	1	A	40		TYR	1
6AR1_A	39	1	A	41		ILE	1
6AR1_A	40	1	A	42		ARG	1
6AR1_A	41	1	A	43		ALA	1
6AR1_A	42	1	A	44		HIS	1
6AR1_A	43	1	A	45		TRP	1
6AR1_A	44	1	A	46		SER	1
6AR1_A	45	1	A	47		THR	1
6AR1_A	46	1	A	48		ILE	1
6AR1_A	47	1	A	49		HIS	1
6AR1_A	48	1	A	50		ALA	1
6AR1_A	49	1	A	51		GLN	1
6AR1_A	50	1	A	52		LEU	1
6AR1_A	51	1	A	53		LEU	1
6AR1_A	52	1	A	54		ALA	1
6AR1_A	53	1	A	55		GLY	1
6AR1_A	54	1	A	56		THR	1
6AR1_A	55	1	A	57		TYR	1
6AR1_A	56	1	A	58		ARG	1
6AR1_A	57	1	A	59		PRO	1
6AR1_A	58	1	A	60		ALA	1
6AR1_A	59	1	A	61		PRO	1
6AR1_A	60	1	A	62		VAL	1
6AR1_A	61	1	A	63		ARG	1
6AR1_A	62	1	A	64		ARG	1
6AR1_A	63	1	A	65		VAL	1
6AR1_A	64	1	A	66		GLU	1
6AR1_A	65	1	A	67		ILE	1
6AR1_A	66	1	A	68		PRO	1
6AR1_A	67	1	A	69		LYS	1
6AR1_A	68	1	A	70		PRO	1
6AR1_A	69	1	A	71		GLY	1
6AR1_A	70	1	A	72		GLY	1
6AR1_A	71	1	A	73		GLY	1
6AR1_A	72	1	A	74		THR	1
6AR1_A	73	1	A	75		ARG	1
6AR1_A	74	1	A	76		GLN	1
6AR1_A	75	1	A	77		LEU	1
6AR1_A	76	1	A	78		GLY	1
6AR1_A	77	1	A	79		ILE	1
6AR1_A	78	1	A	80		PRO	1
6AR1_A	79	1	A	81		THR	1
6AR1_A	80	1	A	82		VAL	1
6AR1_A	81	1	A	83		VAL	1
6AR1_A	82	1	A	84		ASP	1
6AR1_A	83	1	A	85		ARG	1
6AR1_A	84	1	A	86		LEU	1
6AR1_A	85	1	A	87		ILE	1
6AR1_A	86	1	A	88		GLN	1
6AR1_A	87	1	A	89		GLN	1
6AR1_A	88	1	A	90		ALA	1
6AR1_A	89	1	A	91		ILE	1
6AR1_A	90	1	A	92		LEU	1
6AR1_A	91	1	A	93		GLN	1
6AR1_A	92	1	A	94		GLU	1
6AR1_A	93	1	A	95		LEU	2
6AR1_A	94	1	A	96		THR	2
6AR1_A	95	1	A	97		PRO	2
6AR1_A	96	1	A	98		ILE	2
6AR1_A	97	1	A	99		PHE	2
6AR1_A	98	1	A	100		ASP	2
6AR1_A	99	1	A	101		PRO	2
6AR1_A	100	1	A	102		ASP	2
6AR1_A	101	1	A	103		PHE	2
6AR1_A	102	1	A	104		SER	2
6AR1_A	103	1	A	105		SER	2
6AR1_A	104	1	A	106		SER	2
6AR1_A	105	1	A	107		SER	2
6AR1_A	106	1	A	108		PHE	2
6AR1_A	107	1	A	109		GLY	2
6AR1_A	108	1	A	110		PHE	2
6AR1_A	109	1	A	111		ARG	2
6AR1_A	110	1	A	112		PRO	2
6AR1_A	111	1	A	113		GLY	2
6AR1_A	112	1	A	114		ARG	2
6AR1_A	113	1	A	115		ASN	2
6AR1_A	114	1	A	116		ALA	2
6AR1_A	115	1	A	117		HIS	2
6AR1_A	116	1	A	118		ASP	2
6AR1_A	117	1	A	119		ALA	2
6AR1_A	118	1	A	120		VAL	2
6AR1_A	119	1	A	121		ARG	2
6AR1_A	120	1	A	122		GLN	2
6AR1_A	121	1	A	123		ALA	2
6AR1_A	122	1	A	124		GLN	2
6AR1_A	123	1	A	125		GLY	2
6AR1_A	124	1	A	126		TYR	2
6AR1_A	125	1	A	127		ILE	2
6AR1_A	126	1	A	128		GLN	2
6AR1_A	127	1	A	129		GLU	2
6AR1_A	128	1	A	130		GLY	2
6AR1_A	129	1	A	131		TYR	2
6AR1_A	130	1	A	132		ARG	2
6AR1_A	131	1	A	133		TYR	2
6AR1_A	132	1	A	134		VAL	2
6AR1_A	133	1	A	135		VAL	2
6AR1_A	134	1	A	136		ASP	2
6AR1_A	135	1	A	137		MET	2
6AR1_A	136	1	A	138		ASP	2
6AR1_A	137	1	A	139		LEU	2
6AR1_A	138	1	A	140		GLU	2
6AR1_A	139	1	A	141		LYS	2
6AR1_A	140	1	A	142		PHE	2
6AR1_A	141	1	A	143		PHE	2
6AR1_A	142	1	A	144		ASP	2
6AR1_A	143	1	A	145		ARG	2
6AR1_A	144	1	A	146		VAL	2
6AR1_A	145	1	A	147		ASN	1
6AR1_A	146	1	A	148		HIS	1
6AR1_A	147	1	A	149		ASP	1
6AR1_A	148	1	A	150		ILE	1
6AR1_A	149	1	A	151		LEU	1
6AR1_A	150	1	A	152		MET	1
6AR1_A	151	1	A	153		SER	1
6AR1_A	152	1	A	154		ARG	1
6AR1_A	153	1	A	155		VAL	1
6AR1_A	154	1	A	156		ALA	1
6AR1_A	155	1	A	157		ARG	1
6AR1_A	156	1	A	158		LYS	1
6AR1_A	157	1	A	159		VAL	1
6AR1_A	158	1	A	160		LYS	1
6AR1_A	159	1	A	161		ASP	1
6AR1_A	160	1	A	162		LYS	1
6AR1_A	161	1	A	163		ARG	1
6AR1_A	162	1	A	164		VAL	1
6AR1_A	163	1	A	165		LEU	1
6AR1_A	164	1	A	166		LYS	1
6AR1_A	165	1	A	167		LEU	1
6AR1_A	166	1	A	168		ILE	1
6AR1_A	167	1	A	169		ARG	1
6AR1_A	168	1	A	170		ALA	1
6AR1_A	169	1	A	171		TYR	1
6AR1_A	170	1	A	172		LEU	1
6AR1_A	171	1	A	173		GLN	1
6AR1_A	172	1	A	174		ALA	1
6AR1_A	173	1	A	175		GLY	1
6AR1_A	174	1	A	176		VAL	1
6AR1_A	175	1	A	177		MET	1
6AR1_A	176	1	A	178		ILE	1
6AR1_A	177	1	A	179		GLU	1
6AR1_A	178	1	A	180		GLY	1
6AR1_A	179	1	A	181		VAL	1
6AR1_A	180	1	A	182		LYS	1
6AR1_A	181	1	A	183		VAL	1
6AR1_A	182	1	A	184		GLN	1
6AR1_A	183	1	A	185		THR	1
6AR1_A	184	1	A	186		GLU	1
6AR1_A	185	1	A	187		GLU	1
6AR1_A	186	1	A	188		GLY	1
6AR1_A	187	1	A	189		THR	2
6AR1_A	188	1	A	190		PRO	2
6AR1_A	189	1	A	191		GLN	2
6AR1_A	190	1	A	192		GLY	2
6AR1_A	191	1	A	193		GLY	2
6AR1_A	192	1	A	194		PRO	2
6AR1_A	193	1	A	195		LEU	2
6AR1_A	194	1	A	196		SER	2
6AR1_A	195	1	A	197		PRO	2
6AR1_A	196	1	A	198		LEU	2
6AR1_A	197	1	A	199		LEU	2
6AR1_A	198	1	A	200		ALA	2
6AR1_A	199	1	A	201		ASN	2
6AR1_A	200	1	A	202		ILE	2
6AR1_A	201	1	A	203		LEU	2
6AR1_A	202	1	A	204		LEU	2
6AR1_A	203	1	A	205		ASP	2
6AR1_A	204	1	A	206		ASP	2
6AR1_A	205	1	A	207		LEU	2
6AR1_A	206	1	A	208		ASP	2
6AR1_A	207	1	A	209		LYS	2
6AR1_A	208	1	A	210		GLU	2
6AR1_A	209	1	A	211		LEU	2
6AR1_A	210	1	A	212		GLU	2
6AR1_A	211	1	A	213		LYS	2
6AR1_A	212	1	A	214		ARG	2
6AR1_A	213	1	A	215		GLY	2
6AR1_A	214	1	A	216		LEU	2
6AR1_A	215	1	A	217		LYS	2
6AR1_A	216	1	A	218		PHE	2
6AR1_A	217	1	A	219		CYS	2
6AR1_A	218	1	A	220		ARG	2
6AR1_A	219	1	A	221		TYR	2
6AR1_A	220	1	A	222		ALA	2
6AR1_A	221	1	A	223		ASP	2
6AR1_A	222	1	A	224		ASP	2
6AR1_A	223	1	A	225		CYS	2
6AR1_A	224	1	A	226		ASN	2
6AR1_A	225	1	A	227		ILE	2
6AR1_A	226	1	A	228		TYR	2
6AR1_A	227	1	A	229		VAL	2
6AR1_A	228	1	A	230		LYS	2
6AR1_A	229	1	A	231		SER	2
6AR1_A	230	1	A	232		LEU	2
6AR1_A	231	1	A	233		ARG	2
6AR1_A	232	1	A	234		ALA	2
6AR1_A	233	1	A	235		GLY	2
6AR1_A	234	1	A	236		GLN	2
6AR1_A	235	1	A	237		ARG	2
6AR1_A	236	1	A	238		VAL	2
6AR1_A	237	1	A	239		LYS	2
6AR1_A	238	1	A	240		GLN	2
6AR1_A	239	1	A	241		SER	2
6AR1_A	240	1	A	242		ILE	2
6AR1_A	241	1	A	243		GLN	2
6AR1_A	242	1	A	244		ARG	2
6AR1_A	243	1	A	245		PHE	2
6AR1_A	244	1	A	246		LEU	2
6AR1_A	245	1	A	247		GLU	2
6AR1_A	246	1	A	248		LYS	2
6AR1_A	247	1	A	249		THR	2
6AR1_A	248	1	A	250		LEU	2
6AR1_A	249	1	A	251		LYS	2
6AR1_A	250	1	A	252		LEU	2
6AR1_A	251	1	A	253		LYS	2
6AR1_A	252	1	A	254		VAL	2
6AR1_A	253	1	A	255		ASN	2
6AR1_A	254	1	A	256		GLU	2
6AR1_A	255	1	A	257		GLU	2
6AR1_A	256	1	A	258		LYS	2
6AR1_A	257	1	A	259		SER	2
6AR1_A	258	1	A	260		ALA	2
6AR1_A	259	1	A	261		VAL	2
6AR1_A	260	1	A	262		ASP	2
6AR1_A	261	1	A	263		ARG	2
6AR1_A	262	1	A	264		PRO	2
6AR1_A	263	1	A	265		TRP	2
6AR1_A	264	1	A	266		LYS	2
6AR1_A	265	1	A	267		ARG	2
6AR1_A	266	1	A	268		ALA	2
6AR1_A	267	1	A	269		PHE	2
6AR1_A	268	1	A	270		LEU	2
6AR1_A	269	1	A	271		GLY	2
6AR1_A	270	1	A	272		PHE	2
6AR1_A	271	1	A	273		SER	2
6AR1_A	272	1	A	274		PHE	2
6AR1_A	273	1	A	275		THR	2
6AR1_A	274	1	A	276		PRO	2
6AR1_A	275	1	A	277		GLU	2
6AR1_A	276	1	A	278		ARG	2
6AR1_A	277	1	A	279		LYS	2
6AR1_A	278	1	A	280		ALA	2
6AR1_A	279	1	A	281		ARG	2
6AR1_A	280	1	A	282		ILE	2
6AR1_A	281	1	A	283		ARG	2
6AR1_A	282	1	A	284		LEU	2
6AR1_A	283	1	A	285		ALA	2
6AR1_A	284	1	A	286		PRO	2
6AR1_A	285	1	A	287		ARG	2
6AR1_A	286	1	A	288		SER	3
6AR1_A	287	1	A	289		ILE	3
6AR1_A	288	1	A	290		GLN	3
6AR1_A	289	1	A	291		ARG	3
6AR1_A	290	1	A	292		LEU	3
6AR1_A	291	1	A	293		LYS	3
6AR1_A	292	1	A	294		GLN	3
6AR1_A	293	1	A	295		ARG	3
6AR1_A	294	1	A	296		ILE	3
6AR1_A	295	1	A	297		ARG	3
6AR1_A	296	1	A	298		GLN	3
6AR1_A	297	1	A	299		LEU	3
6AR1_A	298	1	A	300		THR	3
6AR1_A	299	1	A	301		ASN	3
6AR1_A	300	1	A	302		PRO	3
6AR1_A	301	1	A	303		ASN	3
6AR1_A	302	1	A	304		TRP	3
6AR1_A	303	1	A	305		SER	3
6AR1_A	304	1	A	306		ILE	3
6AR1_A	305	1	A	307		SER	3
6AR1_A	306	1	A	308		MET	3
6AR1_A	307	1	A	309		PRO	3
6AR1_A	308	1	A	310		GLU	3
6AR1_A	309	1	A	311		ARG	3
6AR1_A	310	1	A	312		ILE	3
6AR1_A	311	1	A	313		HIS	3
6AR1_A	312	1	A	314		ARG	3
6AR1_A	313	1	A	315		VAL	3
6AR1_A	314	1	A	316		ASN	3
6AR1_A	315	1	A	317		GLN	3
6AR1_A	316	1	A	318		TYR	3
6AR1_A	317	1	A	319		VAL	3
6AR1_A	318	1	A	320		MET	3
6AR1_A	319	1	A	321		GLY	3
6AR1_A	320	1	A	322		TRP	3
6AR1_A	321	1	A	323		ILE	3
6AR1_A	322	1	A	324		GLY	3
6AR1_A	323	1	A	325		TYR	3
6AR1_A	324	1	A	326		PHE	3
6AR1_A	325	1	A	327		ARG	3
6AR1_A	326	1	A	328		LEU	3
6AR1_A	327	1	A	329		VAL	3
6AR1_A	328	1	A	330		GLU	3
6AR1_A	329	1	A	331		THR	3
6AR1_A	330	1	A	332		PRO	3
6AR1_A	331	1	A	333		SER	3
6AR1_A	332	1	A	334		VAL	3
6AR1_A	333	1	A	335		LEU	3
6AR1_A	334	1	A	336		GLN	3
6AR1_A	335	1	A	337		THR	3
6AR1_A	336	1	A	338		ILE	3
6AR1_A	337	1	A	339		GLU	3
6AR1_A	338	1	A	340		GLY	3
6AR1_A	339	1	A	341		TRP	3
6AR1_A	340	1	A	342		ILE	3
6AR1_A	341	1	A	343		ARG	3
6AR1_A	342	1	A	344		ARG	3
6AR1_A	343	1	A	345		ARG	3
6AR1_A	344	1	A	346		LEU	3
6AR1_A	345	1	A	347		ARG	4
6AR1_A	346	1	A	348		LEU	4
6AR1_A	347	1	A	349		CYS	4
6AR1_A	348	1	A	350		GLN	4
6AR1_A	349	1	A	351		TRP	4
6AR1_A	350	1	A	352		LEU	4
6AR1_A	351	1	A	353		GLN	4
6AR1_A	352	1	A	354		TRP	4
6AR1_A	353	1	A	355		LYS	4
6AR1_A	354	1	A	356		ARG	4
6AR1_A	355	1	A	357		VAL	4
6AR1_A	356	1	A	358		ARG	4
6AR1_A	357	1	A	359		THR	4
6AR1_A	358	1	A	360		ARG	4
6AR1_A	359	1	A	361		ILE	4
6AR1_A	360	1	A	362		ARG	4
6AR1_A	361	1	A	363		GLU	4
6AR1_A	362	1	A	364		LEU	4
6AR1_A	363	1	A	365		ARG	4
6AR1_A	364	1	A	366		ALA	4
6AR1_A	365	1	A	367		LEU	4
6AR1_A	366	1	A	368		GLY	4
6AR1_A	367	1	A	369		LEU	4
6AR1_A	368	1	A	370		LYS	4
6AR1_A	369	1	A	371		GLU	4
6AR1_A	370	1	A	372		THR	4
6AR1_A	371	1	A	373		ALA	4
6AR1_A	372	1	A	374		VAL	4
6AR1_A	373	1	A	375		MET	4
6AR1_A	374	1	A	376		GLU	4
6AR1_A	375	1	A	377		ILE	4
6AR1_A	376	1	A	378		ALA	4
6AR1_A	377	1	A	379		ASN	4
6AR1_A	378	1	A	380		THR	4
6AR1_A	379	1	A	381		ARG	4
6AR1_A	380	1	A	382		LYS	4
6AR1_A	381	1	A	383		GLY	4
6AR1_A	382	1	A	384		ALA	4
6AR1_A	383	1	A	385		TRP	4
6AR1_A	384	1	A	386		ARG	4
6AR1_A	385	1	A	387		THR	4
6AR1_A	386	1	A	388		THR	4
6AR1_A	387	1	A	389		LYS	4
6AR1_A	388	1	A	390		THR	4
6AR1_A	389	1	A	391		PRO	4
6AR1_A	390	1	A	392		GLN	4
6AR1_A	391	1	A	393		LEU	4
6AR1_A	392	1	A	394		HIS	4
6AR1_A	393	1	A	395		GLN	4
6AR1_A	394	1	A	396		ALA	4
6AR1_A	395	1	A	397		LEU	4
6AR1_A	396	1	A	398		GLY	4
6AR1_A	397	1	A	399		LYS	4
6AR1_A	398	1	A	400		THR	4
6AR1_A	399	1	A	401		TYR	4
6AR1_A	400	1	A	402		TRP	4
6AR1_A	401	1	A	403		THR	4
6AR1_A	402	1	A	404		ALA	4
6AR1_A	403	1	A	405		GLN	4
6AR1_A	404	1	A	406		GLY	4
6AR1_A	405	1	A	407		LEU	3
6AR1_A	406	1	A	408		LYS	3
6AR1_A	407	1	A	409		SER	3
6AR1_A	408	1	A	410		LEU	3
6AR1_A	409	1	A	411		THR	3
6AR1_A	410	1	A	412		GLN	3
6AR1_A	411	1	A	413		ARG	3
6AR1_A	412	1	A	414		TYR	3
6AR1_A	413	1	A	415		PHE	3
6AR1_A	414	1	A	416		GLU	3
6AR1_A	415	1	A	417		LEU	3
6AR1_A	416	1	A	418		ARG	3
6ME0_C	0	1	C	27		ASP	1
6ME0_C	1	1	C	28		TRP	1
6ME0_C	2	1	C	29		ALA	1
6ME0_C	3	1	C	30		LYS	1
6ME0_C	4	1	C	31		ALA	1
6ME0_C	5	1	C	32		ASN	1
6ME0_C	6	1	C	33		ARG	1
6ME0_C	7	1	C	34		GLU	1
6ME0_C	8	1	C	35		VAL	1
6ME0_C	9	1	C	36		LYS	1
6ME0_C	10	1	C	37		ARG	1
6ME0_C	11	1	C	38		LEU	1
6ME0_C	12	1	C	39		GLN	1
6ME0_C	13	1	C	40		VAL	1
6ME0_C	14	1	C	41		ARG	1
6ME0_C	15	1	C	42		ILE	1
6ME0_C	16	1	C	43		ALA	1
6ME0_C	17	1	C	44		LYS	1
6ME0_C	18	1	C	45		ALA	1
6ME0_C	19	1	C	46		VAL	1
6ME0_C	20	1	C	47		LYS	1
6ME0_C	21	1	C	48		GLU	1
6ME0_C	22	1	C	49		GLY	1
6ME0_C	23	1	C	50		ARG	1
6ME0_C	24	1	C	51		TRP	1
6ME0_C	25	1	C	52		GLY	1
6ME0_C	26	1	C	53		LYS	1
6ME0_C	27	1	C	54		VAL	1
6ME0_C	28	1	C	55		LYS	1
6ME0_C	29	1	C	56		ALA	1
6ME0_C	30	1	C	57		LEU	1
6ME0_C	31	1	C	58		GLN	1
6ME0_C	32	1	C	59		TRP	1
6ME0_C	33	1	C	60		LEU	1
6ME0_C	34	1	C	61		LEU	1
6ME0_C	35	1	C	62		THR	1
6ME0_C	36	1	C	63		HIS	1
6ME0_C	37	1	C	64		SER	1
6ME0_C	38	1	C	65		PHE	1
6ME0_C	39	1	C	66		TYR	1
6ME0_C	40	1	C	67		GLY	1
6ME0_C	41	1	C	68		LYS	1
6ME0_C	42	1	C	69		ALA	1
6ME0_C	43	1	C	70		LEU	1
6ME0_C	44	1	C	71		ALA	1
6ME0_C	45	1	C	72		VAL	1
6ME0_C	46	1	C	73		LYS	1
6ME0_C	47	1	C	74		ARG	1
6ME0_C	48	1	C	75		VAL	1
6ME0_C	49	1	C	76		THR	1
6ME0_C	50	1	C	77		ASP	1
6ME0_C	51	1	C	78		ASN	1
6ME0_C	52	1	C	79		SER	2
6ME0_C	53	1	C	80		GLY	2
6ME0_C	54	1	C	81		SER	2
6ME0_C	55	1	C	82		LYS	2
6ME0_C	56	1	C	83		THR	2
6ME0_C	57	1	C	84		PRO	2
6ME0_C	58	1	C	85		GLY	2
6ME0_C	59	1	C	86		VAL	2
6ME0_C	60	1	C	87		ASP	2
6ME0_C	61	1	C	88		GLY	2
6ME0_C	62	1	C	89		ILE	2
6ME0_C	63	1	C	90		THR	2
6ME0_C	64	1	C	91		TRP	2
6ME0_C	65	1	C	92		SER	2
6ME0_C	66	1	C	93		THR	2
6ME0_C	67	1	C	94		GLN	2
6ME0_C	68	1	C	95		GLU	2
6ME0_C	69	1	C	96		GLN	2
6ME0_C	70	1	C	97		LYS	2
6ME0_C	71	1	C	98		ALA	2
6ME0_C	72	1	C	99		GLN	2
6ME0_C	73	1	C	100		ALA	2
6ME0_C	74	1	C	101		ILE	2
6ME0_C	75	1	C	102		LYS	2
6ME0_C	76	1	C	103		SER	2
6ME0_C	77	1	C	104		LEU	2
6ME0_C	78	1	C	105		ARG	2
6ME0_C	79	1	C	106		ARG	2
6ME0_C	80	1	C	107		ARG	2
6ME0_C	81	1	C	108		GLY	2
6ME0_C	82	1	C	109		TYR	2
6ME0_C	83	1	C	110		LYS	2
6ME0_C	84	1	C	111		PRO	2
6ME0_C	85	1	C	112		GLN	2
6ME0_C	86	1	C	113		PRO	2
6ME0_C	87	1	C	114		LEU	2
6ME0_C	88	1	C	115		ARG	2
6ME0_C	89	1	C	116		ARG	2
6ME0_C	90	1	C	117		VAL	2
6ME0_C	91	1	C	118		TYR	2
6ME0_C	92	1	C	119		ILE	2
6ME0_C	93	1	C	120		PRO	2
6ME0_C	94	1	C	121		LYS	2
6ME0_C	95	1	C	122		ALA	2
6ME0_C	96	1	C	123		SER	2
6ME0_C	97	1	C	124		GLY	2
6ME0_C	98	1	C	125		LYS	2
6ME0_C	99	1	C	126		GLN	2
6ME0_C	100	1	C	127		ARG	2
6ME0_C	101	1	C	128		PRO	2
6ME0_C	102	1	C	129		LEU	2
6ME0_C	103	1	C	130		GLY	2
6ME0_C	104	1	C	131		ILE	2
6ME0_C	105	1	C	132		PRO	2
6ME0_C	106	1	C	133		THR	2
6ME0_C	107	1	C	134		THR	2
6ME0_C	108	1	C	135		LYS	2
6ME0_C	109	1	C	136		ASP	2
6ME0_C	110	1	C	137		ARG	1
6ME0_C	111	1	C	138		ALA	1
6ME0_C	112	1	C	139		MET	1
6ME0_C	113	1	C	140		GLN	1
6ME0_C	114	1	C	141		ALA	1
6ME0_C	115	1	C	142		LEU	1
6ME0_C	116	1	C	143		TYR	1
6ME0_C	117	1	C	144		ALA	1
6ME0_C	118	1	C	145		LEU	1
6ME0_C	119	1	C	146		ALA	1
6ME0_C	120	1	C	147		LEU	1
6ME0_C	121	1	C	148		GLU	1
6ME0_C	122	1	C	149		PRO	1
6ME0_C	123	1	C	150		VAL	1
6ME0_C	124	1	C	151		ALA	3
6ME0_C	125	1	C	152		GLU	3
6ME0_C	126	1	C	153		THR	3
6ME0_C	127	1	C	154		THR	3
6ME0_C	128	1	C	155		ALA	3
6ME0_C	129	1	C	156		ASP	3
6ME0_C	130	1	C	157		ARG	3
6ME0_C	131	1	C	158		ASN	3
6ME0_C	132	1	C	159		SER	3
6ME0_C	133	1	C	160		TYR	3
6ME0_C	134	1	C	161		GLY	3
6ME0_C	135	1	C	162		PHE	3
6ME0_C	136	1	C	163		ARG	3
6ME0_C	137	1	C	164		GLN	3
6ME0_C	138	1	C	165		GLY	3
6ME0_C	139	1	C	166		ARG	3
6ME0_C	140	1	C	167		CYS	3
6ME0_C	141	1	C	168		THR	3
6ME0_C	142	1	C	169		ALA	3
6ME0_C	143	1	C	170		ASP	3
6ME0_C	144	1	C	171		ALA	3
6ME0_C	145	1	C	172		ALA	3
6ME0_C	146	1	C	173		GLY	3
6ME0_C	147	1	C	174		GLN	3
6ME0_C	148	1	C	175		CYS	3
6ME0_C	149	1	C	176		PHE	3
6ME0_C	150	1	C	177		THR	3
6ME0_C	151	1	C	178		VAL	3
6ME0_C	152	1	C	179		LEU	3
6ME0_C	153	1	C	180		GLY	3
6ME0_C	154	1	C	181		ARG	3
6ME0_C	155	1	C	182		SER	3
6ME0_C	156	1	C	183		ASP	3
6ME0_C	157	1	C	184		CYS	3
6ME0_C	158	1	C	185		ALA	3
6ME0_C	159	1	C	186		LYS	3
6ME0_C	160	1	C	187		TYR	3
6ME0_C	161	1	C	188		ILE	3
6ME0_C	162	1	C	189		LEU	3
6ME0_C	163	1	C	190		ASP	3
6ME0_C	164	1	C	191		ALA	3
6ME0_C	165	1	C	192		ASP	3
6ME0_C	166	1	C	193		ILE	3
6ME0_C	167	1	C	194		THR	3
6ME0_C	168	1	C	195		GLY	3
6ME0_C	169	1	C	196		CYS	3
6ME0_C	170	1	C	197		PHE	3
6ME0_C	171	1	C	198		ASP	3
6ME0_C	172	1	C	199		ASN	3
6ME0_C	173	1	C	200		ILE	3
6ME0_C	174	1	C	201		SER	3
6ME0_C	175	1	C	202		HIS	3
6ME0_C	176	1	C	203		GLU	3
6ME0_C	177	1	C	204		TRP	3
6ME0_C	178	1	C	205		LEU	3
6ME0_C	179	1	C	206		LEU	3
6ME0_C	180	1	C	207		ASP	3
6ME0_C	181	1	C	208		ASN	3
6ME0_C	182	1	C	209		ILE	3
6ME0_C	183	1	C	210		PRO	3
6ME0_C	184	1	C	211		LEU	3
6ME0_C	185	1	C	212		ASP	3
6ME0_C	186	1	C	213		LYS	3
6ME0_C	187	1	C	214		GLU	3
6ME0_C	188	1	C	215		VAL	3
6ME0_C	189	1	C	216		LEU	3
6ME0_C	190	1	C	217		ARG	3
6ME0_C	191	1	C	218		LYS	3
6ME0_C	192	1	C	219		TRP	3
6ME0_C	193	1	C	220		LEU	3
6ME0_C	194	1	C	221		LYS	3
6ME0_C	195	1	C	222		SER	3
6ME0_C	196	1	C	223		GLY	3
6ME0_C	197	1	C	224		PHE	3
6ME0_C	198	1	C	225		VAL	3
6ME0_C	199	1	C	226		TRP	3
6ME0_C	200	1	C	227		LYS	3
6ME0_C	201	1	C	228		GLN	3
6ME0_C	202	1	C	229		GLN	3
6ME0_C	203	1	C	230		LEU	3
6ME0_C	204	1	C	231		PHE	3
6ME0_C	205	1	C	232		PRO	3
6ME0_C	206	1	C	241		GLY	3
6ME0_C	207	1	C	242		VAL	3
6ME0_C	208	1	C	243		ILE	3
6ME0_C	209	1	C	244		SER	3
6ME0_C	210	1	C	245		PRO	3
6ME0_C	211	1	C	246		MET	3
6ME0_C	212	1	C	247		LEU	3
6ME0_C	213	1	C	248		ALA	3
6ME0_C	214	1	C	249		ASN	3
6ME0_C	215	1	C	250		MET	3
6ME0_C	216	1	C	251		THR	3
6ME0_C	217	1	C	252		LEU	3
6ME0_C	218	1	C	253		ASP	3
6ME0_C	219	1	C	254		GLY	3
6ME0_C	220	1	C	255		MET	3
6ME0_C	221	1	C	256		GLU	3
6ME0_C	222	1	C	257		GLU	3
6ME0_C	223	1	C	258		LEU	3
6ME0_C	224	1	C	259		LEU	3
6ME0_C	225	1	C	260		LYS	3
6ME0_C	226	1	C	261		LYS	3
6ME0_C	227	1	C	262		HIS	3
6ME0_C	228	1	C	263		LEU	3
6ME0_C	229	1	C	264		ARG	3
6ME0_C	230	1	C	265		LYS	3
6ME0_C	231	1	C	266		GLN	3
6ME0_C	232	1	C	267		LYS	3
6ME0_C	233	1	C	268		VAL	3
6ME0_C	234	1	C	269		ASN	3
6ME0_C	235	1	C	270		LEU	3
6ME0_C	236	1	C	271		ILE	3
6ME0_C	237	1	C	272		ARG	3
6ME0_C	238	1	C	273		TYR	3
6ME0_C	239	1	C	274		ALA	3
6ME0_C	240	1	C	275		ASP	3
6ME0_C	241	1	C	276		ASP	3
6ME0_C	242	1	C	277		PHE	3
6ME0_C	243	1	C	278		VAL	3
6ME0_C	244	1	C	279		VAL	3
6ME0_C	245	1	C	280		THR	3
6ME0_C	246	1	C	281		GLY	3
6ME0_C	247	1	C	282		GLU	3
6ME0_C	248	1	C	283		SER	3
6ME0_C	249	1	C	284		LYS	3
6ME0_C	250	1	C	285		GLU	3
6ME0_C	251	1	C	286		THR	3
6ME0_C	252	1	C	287		LEU	3
6ME0_C	253	1	C	288		GLU	3
6ME0_C	254	1	C	289		LYS	3
6ME0_C	255	1	C	290		VAL	3
6ME0_C	256	1	C	291		THR	3
6ME0_C	257	1	C	292		THR	3
6ME0_C	258	1	C	293		VAL	3
6ME0_C	259	1	C	294		ILE	3
6ME0_C	260	1	C	295		GLN	3
6ME0_C	261	1	C	296		GLU	3
6ME0_C	262	1	C	297		PHE	3
6ME0_C	263	1	C	298		LEU	3
6ME0_C	264	1	C	299		LYS	3
6ME0_C	265	1	C	300		GLU	3
6ME0_C	266	1	C	301		ARG	3
6ME0_C	267	1	C	302		GLY	3
6ME0_C	268	1	C	303		LEU	3
6ME0_C	269	1	C	304		THR	3
6ME0_C	270	1	C	305		LEU	3
6ME0_C	271	1	C	306		SER	3
6ME0_C	272	1	C	307		GLU	3
6ME0_C	273	1	C	308		GLU	3
6ME0_C	274	1	C	309		LYS	3
6ME0_C	275	1	C	310		THR	3
6ME0_C	276	1	C	311		LYS	3
6ME0_C	277	1	C	312		VAL	3
6ME0_C	278	1	C	313		VAL	3
6ME0_C	279	1	C	314		HIS	3
6ME0_C	280	1	C	315		ILE	3
6ME0_C	281	1	C	316		GLU	3
6ME0_C	282	1	C	317		GLU	3
6ME0_C	283	1	C	318		GLY	3
6ME0_C	284	1	C	319		PHE	3
6ME0_C	285	1	C	320		ASP	3
6ME0_C	286	1	C	321		PHE	3
6ME0_C	287	1	C	322		LEU	3
6ME0_C	288	1	C	323		GLY	3
6ME0_C	289	1	C	324		TRP	3
6ME0_C	290	1	C	325		ASN	3
6ME0_C	291	1	C	326		ILE	3
6ME0_C	292	1	C	327		ARG	3
6ME0_C	293	1	C	328		LYS	3
6ME0_C	294	1	C	329		TYR	3
6ME0_C	295	1	C	330		GLY	3
6ME0_C	296	1	C	331		GLU	3
6ME0_C	297	1	C	332		LYS	3
6ME0_C	298	1	C	333		LEU	3
6ME0_C	299	1	C	334		LEU	3
6ME0_C	300	1	C	335		ILE	3
6ME0_C	301	1	C	336		LYS	3
6ME0_C	302	1	C	337		PRO	3
6ME0_C	303	1	C	338		ALA	3
6ME0_C	304	1	C	339		LYS	3
6ME0_C	305	1	C	340		LYS	3
6ME0_C	306	1	C	341		ASN	3
6ME0_C	307	1	C	342		ILE	4
6ME0_C	308	1	C	343		LYS	4
6ME0_C	309	1	C	344		ALA	4
6ME0_C	310	1	C	345		PHE	4
6ME0_C	311	1	C	346		HIS	4
6ME0_C	312	1	C	347		LYS	4
6ME0_C	313	1	C	348		LYS	4
6ME0_C	314	1	C	349		ILE	4
6ME0_C	315	1	C	350		ARG	4
6ME0_C	316	1	C	351		ASP	4
6ME0_C	317	1	C	352		ALA	4
6ME0_C	318	1	C	353		LEU	4
6ME0_C	319	1	C	354		LYS	4
6ME0_C	320	1	C	355		GLU	4
6ME0_C	321	1	C	356		LEU	4
6ME0_C	322	1	C	357		ARG	4
6ME0_C	323	1	C	358		THR	4
6ME0_C	324	1	C	359		ALA	4
6ME0_C	325	1	C	360		THR	4
6ME0_C	326	1	C	361		GLN	4
6ME0_C	327	1	C	362		GLU	4
6ME0_C	328	1	C	363		ALA	4
6ME0_C	329	1	C	364		VAL	4
6ME0_C	330	1	C	365		ILE	4
6ME0_C	331	1	C	366		ASP	4
6ME0_C	332	1	C	367		THR	4
6ME0_C	333	1	C	368		LEU	4
6ME0_C	334	1	C	369		ASN	4
6ME0_C	335	1	C	370		PRO	4
6ME0_C	336	1	C	371		ILE	4
6ME0_C	337	1	C	372		ILE	4
6ME0_C	338	1	C	373		LYS	4
6ME0_C	339	1	C	374		GLY	4
6ME0_C	340	1	C	375		TRP	4
6ME0_C	341	1	C	376		ALA	4
6ME0_C	342	1	C	377		ASN	4
6ME0_C	343	1	C	378		TYR	4
6ME0_C	344	1	C	379		HIS	4
6ME0_C	345	1	C	380		ARG	4
6ME0_C	346	1	C	381		ASN	4
6ME0_C	347	1	C	382		GLN	4
6ME0_C	348	1	C	383		VAL	4
6ME0_C	349	1	C	384		SER	4
6ME0_C	350	1	C	385		LYS	4
6ME0_C	351	1	C	386		ARG	4
6ME0_C	352	1	C	387		ILE	4
6ME0_C	353	1	C	388		PHE	4
6ME0_C	354	1	C	389		ASN	4
6ME0_C	355	1	C	390		ARG	4
6ME0_C	356	1	C	391		ALA	4
6ME0_C	357	1	C	392		ASP	4
6ME0_C	358	1	C	393		ASP	4
6ME0_C	359	1	C	394		ASN	4
6ME0_C	360	1	C	395		ILE	4
6ME0_C	361	1	C	396		TRP	4
6ME0_C	362	1	C	397		HIS	4
6ME0_C	363	1	C	398		LYS	4
6ME0_C	364	1	C	399		LEU	4
6ME0_C	365	1	C	400		TRP	4
6ME0_C	366	1	C	401		ARG	4
6ME0_C	367	1	C	402		TRP	4
6ME0_C	368	1	C	403		ALA	4
6ME0_C	369	1	C	404		LYS	4
6ME0_C	370	1	C	405		ARG	4
6ME0_C	371	1	C	406		ARG	4
6ME0_C	372	1	C	407		HIS	4
6ME0_C	373	1	C	408		PRO	4
6ME0_C	374	1	C	409		ASN	4
6ME0_C	375	1	C	410		LYS	4
6ME0_C	376	1	C	411		PRO	4
6ME0_C	377	1	C	412		ALA	4
6ME0_C	378	1	C	413		ARG	4
6ME0_C	379	1	C	414		TRP	4
6ME0_C	380	1	C	415		THR	4
6ME0_C	381	1	C	416		LYS	4
6ME0_C	382	1	C	417		ASN	4
6ME0_C	383	1	C	418		LYS	4
6ME0_C	384	1	C	419		TYR	4
6ME0_C	385	1	C	420		PHE	4
6ME0_C	386	1	C	421		ILE	4
6ME0_C	387	1	C	422		LYS	4
6ME0_C	388	1	C	423		ILE	4
6ME0_C	389	1	C	424		GLY	4
6ME0_C	390	1	C	425		ASN	4
6ME0_C	391	1	C	426		ARG	4
6ME0_C	392	1	C	427		HIS	4
6ME0_C	393	1	C	428		TRP	4
6ME0_C	394	1	C	429		VAL	4
6ME0_C	395	1	C	430		PHE	4
6ME0_C	396	1	C	431		GLY	4
6ME0_C	397	1	C	432		THR	4
6ME0_C	398	1	C	433		TRP	4
6ME0_C	399	1	C	442		ARG	4
6ME0_C	400	1	C	443		SER	4
6ME0_C	401	1	C	444		ARG	4
6ME0_C	402	1	C	445		TYR	4
6ME0_C	403	1	C	446		LEU	4
6ME0_C	404	1	C	447		ILE	4
6ME0_C	405	1	C	448		LYS	4
6ME0_C	406	1	C	449		ALA	4
6ME0_C	407	1	C	450		GLY	4
6ME0_C	408	1	C	451		ASP	4
6ME0_C	409	1	C	452		THR	4
6ME0_C	410	1	C	453		ARG	4
6ME0_C	411	1	C	454		ILE	4
6ME0_C	412	1	C	455		GLN	4
6ME0_C	413	1	C	456		ARG	4
6MEC_C	0	1	C	27		ASP	1
6MEC_C	1	1	C	28		TRP	1
6MEC_C	2	1	C	29		ALA	1
6MEC_C	3	1	C	30		LYS	1
6MEC_C	4	1	C	31		ALA	1
6MEC_C	5	1	C	32		ASN	1
6MEC_C	6	1	C	33		ARG	1
6MEC_C	7	1	C	34		GLU	1
6MEC_C	8	1	C	35		VAL	1
6MEC_C	9	1	C	36		LYS	1
6MEC_C	10	1	C	37		ARG	1
6MEC_C	11	1	C	38		LEU	1
6MEC_C	12	1	C	39		GLN	1
6MEC_C	13	1	C	40		VAL	1
6MEC_C	14	1	C	41		ARG	1
6MEC_C	15	1	C	42		ILE	1
6MEC_C	16	1	C	43		ALA	1
6MEC_C	17	1	C	44		LYS	1
6MEC_C	18	1	C	45		ALA	1
6MEC_C	19	1	C	46		VAL	1
6MEC_C	20	1	C	47		LYS	1
6MEC_C	21	1	C	48		GLU	1
6MEC_C	22	1	C	49		GLY	1
6MEC_C	23	1	C	50		ARG	1
6MEC_C	24	1	C	51		TRP	1
6MEC_C	25	1	C	52		GLY	1
6MEC_C	26	1	C	53		LYS	1
6MEC_C	27	1	C	54		VAL	1
6MEC_C	28	1	C	55		LYS	1
6MEC_C	29	1	C	56		ALA	1
6MEC_C	30	1	C	57		LEU	1
6MEC_C	31	1	C	58		GLN	1
6MEC_C	32	1	C	59		TRP	1
6MEC_C	33	1	C	60		LEU	1
6MEC_C	34	1	C	61		LEU	1
6MEC_C	35	1	C	62		THR	1
6MEC_C	36	1	C	63		HIS	1
6MEC_C	37	1	C	64		SER	1
6MEC_C	38	1	C	65		PHE	1
6MEC_C	39	1	C	66		TYR	1
6MEC_C	40	1	C	67		GLY	1
6MEC_C	41	1	C	68		LYS	1
6MEC_C	42	1	C	69		ALA	1
6MEC_C	43	1	C	70		LEU	1
6MEC_C	44	1	C	71		ALA	1
6MEC_C	45	1	C	72		VAL	1
6MEC_C	46	1	C	73		LYS	1
6MEC_C	47	1	C	74		ARG	1
6MEC_C	48	1	C	75		VAL	1
6MEC_C	49	1	C	76		THR	1
6MEC_C	50	1	C	77		ASP	1
6MEC_C	51	1	C	78		ASN	1
6MEC_C	52	1	C	79		SER	1
6MEC_C	53	1	C	80		GLY	1
6MEC_C	54	1	C	81		SER	1
6MEC_C	55	1	C	82		LYS	1
6MEC_C	56	1	C	83		THR	1
6MEC_C	57	1	C	84		PRO	1
6MEC_C	58	1	C	85		GLY	1
6MEC_C	59	1	C	86		VAL	1
6MEC_C	60	1	C	87		ASP	1
6MEC_C	61	1	C	88		GLY	1
6MEC_C	62	1	C	89		ILE	1
6MEC_C	63	1	C	90		THR	1
6MEC_C	64	1	C	91		TRP	1
6MEC_C	65	1	C	92		SER	1
6MEC_C	66	1	C	93		THR	1
6MEC_C	67	1	C	94		GLN	1
6MEC_C	68	1	C	95		GLU	1
6MEC_C	69	1	C	96		GLN	1
6MEC_C	70	1	C	97		LYS	1
6MEC_C	71	1	C	98		ALA	1
6MEC_C	72	1	C	99		GLN	1
6MEC_C	73	1	C	100		ALA	1
6MEC_C	74	1	C	101		ILE	1
6MEC_C	75	1	C	102		LYS	1
6MEC_C	76	1	C	103		SER	1
6MEC_C	77	1	C	104		LEU	1
6MEC_C	78	1	C	105		ARG	1
6MEC_C	79	1	C	106		ARG	1
6MEC_C	80	1	C	107		ARG	1
6MEC_C	81	1	C	108		GLY	1
6MEC_C	82	1	C	109		TYR	1
6MEC_C	83	1	C	110		LYS	1
6MEC_C	84	1	C	111		PRO	1
6MEC_C	85	1	C	112		GLN	1
6MEC_C	86	1	C	113		PRO	1
6MEC_C	87	1	C	114		LEU	1
6MEC_C	88	1	C	115		ARG	1
6MEC_C	89	1	C	116		ARG	1
6MEC_C	90	1	C	117		VAL	1
6MEC_C	91	1	C	118		TYR	1
6MEC_C	92	1	C	119		ILE	1
6MEC_C	93	1	C	120		PRO	1
6MEC_C	94	1	C	121		LYS	1
6MEC_C	95	1	C	122		ALA	1
6MEC_C	96	1	C	123		SER	1
6MEC_C	97	1	C	124		GLY	1
6MEC_C	98	1	C	125		LYS	1
6MEC_C	99	1	C	126		GLN	1
6MEC_C	100	1	C	127		ARG	1
6MEC_C	101	1	C	128		PRO	1
6MEC_C	102	1	C	129		LEU	1
6MEC_C	103	1	C	130		GLY	1
6MEC_C	104	1	C	131		ILE	1
6MEC_C	105	1	C	132		PRO	1
6MEC_C	106	1	C	133		THR	1
6MEC_C	107	1	C	134		THR	1
6MEC_C	108	1	C	135		LYS	1
6MEC_C	109	1	C	136		ASP	1
6MEC_C	110	1	C	137		ARG	1
6MEC_C	111	1	C	138		ALA	1
6MEC_C	112	1	C	139		MET	1
6MEC_C	113	1	C	140		GLN	1
6MEC_C	114	1	C	141		ALA	1
6MEC_C	115	1	C	142		LEU	1
6MEC_C	116	1	C	143		TYR	1
6MEC_C	117	1	C	144		ALA	1
6MEC_C	118	1	C	145		LEU	1
6MEC_C	119	1	C	146		ALA	1
6MEC_C	120	1	C	147		LEU	1
6MEC_C	121	1	C	148		GLU	1
6MEC_C	122	1	C	149		PRO	1
6MEC_C	123	1	C	150		VAL	1
6MEC_C	124	1	C	151		ALA	2
6MEC_C	125	1	C	152		GLU	2
6MEC_C	126	1	C	153		THR	2
6MEC_C	127	1	C	154		THR	2
6MEC_C	128	1	C	155		ALA	2
6MEC_C	129	1	C	156		ASP	2
6MEC_C	130	1	C	157		ARG	2
6MEC_C	131	1	C	158		ASN	2
6MEC_C	132	1	C	159		SER	2
6MEC_C	133	1	C	160		TYR	2
6MEC_C	134	1	C	161		GLY	2
6MEC_C	135	1	C	162		PHE	2
6MEC_C	136	1	C	163		ARG	2
6MEC_C	137	1	C	164		GLN	2
6MEC_C	138	1	C	165		GLY	2
6MEC_C	139	1	C	166		ARG	2
6MEC_C	140	1	C	167		CYS	2
6MEC_C	141	1	C	168		THR	2
6MEC_C	142	1	C	169		ALA	2
6MEC_C	143	1	C	170		ASP	2
6MEC_C	144	1	C	171		ALA	2
6MEC_C	145	1	C	172		ALA	2
6MEC_C	146	1	C	173		GLY	2
6MEC_C	147	1	C	174		GLN	2
6MEC_C	148	1	C	175		CYS	2
6MEC_C	149	1	C	176		PHE	2
6MEC_C	150	1	C	177		THR	2
6MEC_C	151	1	C	178		VAL	2
6MEC_C	152	1	C	179		LEU	2
6MEC_C	153	1	C	180		GLY	2
6MEC_C	154	1	C	181		ARG	2
6MEC_C	155	1	C	182		SER	2
6MEC_C	156	1	C	183		ASP	2
6MEC_C	157	1	C	184		CYS	2
6MEC_C	158	1	C	185		ALA	2
6MEC_C	159	1	C	186		LYS	2
6MEC_C	160	1	C	187		TYR	2
6MEC_C	161	1	C	188		ILE	2
6MEC_C	162	1	C	189		LEU	2
6MEC_C	163	1	C	190		ASP	2
6MEC_C	164	1	C	191		ALA	2
6MEC_C	165	1	C	192		ASP	2
6MEC_C	166	1	C	193		ILE	2
6MEC_C	167	1	C	194		THR	2
6MEC_C	168	1	C	195		GLY	2
6MEC_C	169	1	C	196		CYS	2
6MEC_C	170	1	C	197		PHE	2
6MEC_C	171	1	C	198		ASP	2
6MEC_C	172	1	C	199		ASN	2
6MEC_C	173	1	C	200		ILE	2
6MEC_C	174	1	C	201		SER	2
6MEC_C	175	1	C	202		HIS	2
6MEC_C	176	1	C	203		GLU	2
6MEC_C	177	1	C	204		TRP	2
6MEC_C	178	1	C	205		LEU	2
6MEC_C	179	1	C	206		LEU	2
6MEC_C	180	1	C	207		ASP	2
6MEC_C	181	1	C	208		ASN	2
6MEC_C	182	1	C	209		ILE	2
6MEC_C	183	1	C	210		PRO	2
6MEC_C	184	1	C	211		LEU	2
6MEC_C	185	1	C	212		ASP	2
6MEC_C	186	1	C	213		LYS	2
6MEC_C	187	1	C	214		GLU	2
6MEC_C	188	1	C	215		VAL	2
6MEC_C	189	1	C	216		LEU	2
6MEC_C	190	1	C	217		ARG	2
6MEC_C	191	1	C	218		LYS	2
6MEC_C	192	1	C	219		TRP	2
6MEC_C	193	1	C	220		LEU	2
6MEC_C	194	1	C	221		LYS	2
6MEC_C	195	1	C	222		SER	2
6MEC_C	196	1	C	223		GLY	2
6MEC_C	197	1	C	224		PHE	2
6MEC_C	198	1	C	225		VAL	2
6MEC_C	199	1	C	226		TRP	2
6MEC_C	200	1	C	227		LYS	2
6MEC_C	201	1	C	228		GLN	2
6MEC_C	202	1	C	229		GLN	2
6MEC_C	203	1	C	230		LEU	2
6MEC_C	204	1	C	231		PHE	2
6MEC_C	205	1	C	232		PRO	2
6MEC_C	206	1	C	241		GLY	2
6MEC_C	207	1	C	242		VAL	2
6MEC_C	208	1	C	243		ILE	2
6MEC_C	209	1	C	244		SER	2
6MEC_C	210	1	C	245		PRO	2
6MEC_C	211	1	C	246		MET	2
6MEC_C	212	1	C	247		LEU	2
6MEC_C	213	1	C	248		ALA	2
6MEC_C	214	1	C	249		ASN	2
6MEC_C	215	1	C	250		MET	2
6MEC_C	216	1	C	251		THR	2
6MEC_C	217	1	C	252		LEU	2
6MEC_C	218	1	C	253		ASP	2
6MEC_C	219	1	C	254		GLY	2
6MEC_C	220	1	C	255		MET	2
6MEC_C	221	1	C	256		GLU	2
6MEC_C	222	1	C	257		GLU	2
6MEC_C	223	1	C	258		LEU	2
6MEC_C	224	1	C	259		LEU	2
6MEC_C	225	1	C	260		LYS	2
6MEC_C	226	1	C	261		LYS	2
6MEC_C	227	1	C	262		HIS	2
6MEC_C	228	1	C	263		LEU	2
6MEC_C	229	1	C	264		ARG	2
6MEC_C	230	1	C	265		LYS	2
6MEC_C	231	1	C	266		GLN	2
6MEC_C	232	1	C	267		LYS	2
6MEC_C	233	1	C	268		VAL	2
6MEC_C	234	1	C	269		ASN	2
6MEC_C	235	1	C	270		LEU	2
6MEC_C	236	1	C	271		ILE	2
6MEC_C	237	1	C	272		ARG	2
6MEC_C	238	1	C	273		TYR	2
6MEC_C	239	1	C	274		ALA	2
6MEC_C	240	1	C	275		ASP	2
6MEC_C	241	1	C	276		ASP	2
6MEC_C	242	1	C	277		PHE	2
6MEC_C	243	1	C	278		VAL	2
6MEC_C	244	1	C	279		VAL	2
6MEC_C	245	1	C	280		THR	2
6MEC_C	246	1	C	281		GLY	2
6MEC_C	247	1	C	282		GLU	2
6MEC_C	248	1	C	283		SER	2
6MEC_C	249	1	C	284		LYS	2
6MEC_C	250	1	C	285		GLU	2
6MEC_C	251	1	C	286		THR	2
6MEC_C	252	1	C	287		LEU	2
6MEC_C	253	1	C	288		GLU	2
6MEC_C	254	1	C	289		LYS	2
6MEC_C	255	1	C	290		VAL	2
6MEC_C	256	1	C	291		THR	2
6MEC_C	257	1	C	292		THR	2
6MEC_C	258	1	C	293		VAL	2
6MEC_C	259	1	C	294		ILE	2
6MEC_C	260	1	C	295		GLN	2
6MEC_C	261	1	C	296		GLU	2
6MEC_C	262	1	C	297		PHE	2
6MEC_C	263	1	C	298		LEU	2
6MEC_C	264	1	C	299		LYS	2
6MEC_C	265	1	C	300		GLU	2
6MEC_C	266	1	C	301		ARG	2
6MEC_C	267	1	C	302		GLY	2
6MEC_C	268	1	C	303		LEU	2
6MEC_C	269	1	C	304		THR	2
6MEC_C	270	1	C	305		LEU	2
6MEC_C	271	1	C	306		SER	2
6MEC_C	272	1	C	307		GLU	2
6MEC_C	273	1	C	308		GLU	2
6MEC_C	274	1	C	309		LYS	2
6MEC_C	275	1	C	310		THR	2
6MEC_C	276	1	C	311		LYS	2
6MEC_C	277	1	C	312		VAL	2
6MEC_C	278	1	C	313		VAL	2
6MEC_C	279	1	C	314		HIS	2
6MEC_C	280	1	C	315		ILE	2
6MEC_C	281	1	C	316		GLU	2
6MEC_C	282	1	C	317		GLU	2
6MEC_C	283	1	C	318		GLY	2
6MEC_C	284	1	C	319		PHE	2
6MEC_C	285	1	C	320		ASP	2
6MEC_C	286	1	C	321		PHE	2
6MEC_C	287	1	C	322		LEU	2
6MEC_C	288	1	C	323		GLY	2
6MEC_C	289	1	C	324		TRP	2
6MEC_C	290	1	C	325		ASN	2
6MEC_C	291	1	C	326		ILE	2
6MEC_C	292	1	C	327		ARG	2
6MEC_C	293	1	C	328		LYS	2
6MEC_C	294	1	C	329		TYR	2
6MEC_C	295	1	C	330		GLY	2
6MEC_C	296	1	C	331		GLU	2
6MEC_C	297	1	C	332		LYS	2
6MEC_C	298	1	C	333		LEU	2
6MEC_C	299	1	C	334		LEU	2
6MEC_C	300	1	C	335		ILE	2
6MEC_C	301	1	C	336		LYS	2
6MEC_C	302	1	C	337		PRO	2
6MEC_C	303	1	C	338		ALA	2
6MEC_C	304	1	C	339		LYS	2
6MEC_C	305	1	C	340		LYS	2
6MEC_C	306	1	C	341		ASN	2
6MEC_C	307	1	C	342		ILE	3
6MEC_C	308	1	C	343		LYS	3
6MEC_C	309	1	C	344		ALA	3
6MEC_C	310	1	C	345		PHE	3
6MEC_C	311	1	C	346		HIS	3
6MEC_C	312	1	C	347		LYS	3
6MEC_C	313	1	C	348		LYS	3
6MEC_C	314	1	C	349		ILE	3
6MEC_C	315	1	C	350		ARG	3
6MEC_C	316	1	C	351		ASP	3
6MEC_C	317	1	C	352		ALA	3
6MEC_C	318	1	C	353		LEU	3
6MEC_C	319	1	C	354		LYS	3
6MEC_C	320	1	C	355		GLU	3
6MEC_C	321	1	C	356		LEU	3
6MEC_C	322	1	C	357		ARG	3
6MEC_C	323	1	C	358		THR	3
6MEC_C	324	1	C	359		ALA	3
6MEC_C	325	1	C	360		THR	3
6MEC_C	326	1	C	361		GLN	3
6MEC_C	327	1	C	362		GLU	3
6MEC_C	328	1	C	363		ALA	3
6MEC_C	329	1	C	364		VAL	3
6MEC_C	330	1	C	365		ILE	3
6MEC_C	331	1	C	366		ASP	3
6MEC_C	332	1	C	367		THR	3
6MEC_C	333	1	C	368		LEU	3
6MEC_C	334	1	C	369		ASN	3
6MEC_C	335	1	C	370		PRO	3
6MEC_C	336	1	C	371		ILE	3
6MEC_C	337	1	C	372		ILE	3
6MEC_C	338	1	C	373		LYS	3
6MEC_C	339	1	C	374		GLY	3
6MEC_C	340	1	C	375		TRP	3
6MEC_C	341	1	C	376		ALA	3
6MEC_C	342	1	C	377		ASN	3
6MEC_C	343	1	C	378		TYR	3
6MEC_C	344	1	C	379		HIS	3
6MEC_C	345	1	C	380		ARG	3
6MEC_C	346	1	C	381		ASN	3
6MEC_C	347	1	C	382		GLN	3
6MEC_C	348	1	C	383		VAL	3
6MEC_C	349	1	C	384		SER	3
6MEC_C	350	1	C	385		LYS	3
6MEC_C	351	1	C	386		ARG	3
6MEC_C	352	1	C	387		ILE	3
6MEC_C	353	1	C	388		PHE	3
6MEC_C	354	1	C	389		ASN	3
6MEC_C	355	1	C	390		ARG	3
6MEC_C	356	1	C	391		ALA	3
6MEC_C	357	1	C	392		ASP	3
6MEC_C	358	1	C	393		ASP	3
6MEC_C	359	1	C	394		ASN	3
6MEC_C	360	1	C	395		ILE	3
6MEC_C	361	1	C	396		TRP	3
6MEC_C	362	1	C	397		HIS	3
6MEC_C	363	1	C	398		LYS	3
6MEC_C	364	1	C	399		LEU	3
6MEC_C	365	1	C	400		TRP	3
6MEC_C	366	1	C	401		ARG	3
6MEC_C	367	1	C	402		TRP	3
6MEC_C	368	1	C	403		ALA	3
6MEC_C	369	1	C	404		LYS	3
6MEC_C	370	1	C	405		ARG	3
6MEC_C	371	1	C	406		ARG	3
6MEC_C	372	1	C	407		HIS	3
6MEC_C	373	1	C	408		PRO	3
6MEC_C	374	1	C	409		ASN	3
6MEC_C	375	1	C	410		LYS	3
6MEC_C	376	1	C	411		PRO	3
6MEC_C	377	1	C	412		ALA	3
6MEC_C	378	1	C	413		ARG	3
6MEC_C	379	1	C	414		TRP	3
6MEC_C	380	1	C	415		THR	3
6MEC_C	381	1	C	416		LYS	3
6MEC_C	382	1	C	417		ASN	3
6MEC_C	383	1	C	418		LYS	3
6MEC_C	384	1	C	419		TYR	3
6MEC_C	385	1	C	420		PHE	3
6MEC_C	386	1	C	421		ILE	3
6MEC_C	387	1	C	422		LYS	3
6MEC_C	388	1	C	423		ILE	3
6MEC_C	389	1	C	424		GLY	3
6MEC_C	390	1	C	425		ASN	3
6MEC_C	391	1	C	426		ARG	3
6MEC_C	392	1	C	427		HIS	3
6MEC_C	393	1	C	428		TRP	3
6MEC_C	394	1	C	429		VAL	3
6MEC_C	395	1	C	430		PHE	3
6MEC_C	396	1	C	431		GLY	3
6MEC_C	397	1	C	432		THR	3
6MEC_C	398	1	C	433		TRP	3
6MEC_C	399	1	C	442		ARG	3
6MEC_C	400	1	C	443		SER	3
6MEC_C	401	1	C	444		ARG	3
6MEC_C	402	1	C	445		TYR	3
6MEC_C	403	1	C	446		LEU	3
6MEC_C	404	1	C	447		ILE	3
6MEC_C	405	1	C	448		LYS	3
6MEC_C	406	1	C	449		ALA	3
6MEC_C	407	1	C	450		GLY	3
6MEC_C	408	1	C	451		ASP	3
6MEC_C	409	1	C	452		THR	3
6MEC_C	410	1	C	453		ARG	3
6MEC_C	411	1	C	454		ILE	3
6MEC_C	412	1	C	455		GLN	3
6MEC_C	413	1	C	456		ARG	3
7KFT_C	0	1	C	1		MET	1
7KFT_C	1	1	C	2		ILE	1
7KFT_C	2	1	C	3		LEU	1
7KFT_C	3	1	C	4		PRO	1
7KFT_C	4	1	C	5		SER	1
7KFT_C	5	1	C	6		PHE	1
7KFT_C	6	1	C	7		PRO	1
7KFT_C	7	1	C	8		ASP	1
7KFT_C	8	1	C	9		LEU	1
7KFT_C	9	1	C	10		THR	1
7KFT_C	10	1	C	11		GLY	1
7KFT_C	11	1	C	12		LEU	1
7KFT_C	12	1	C	13		VAL	1
7KFT_C	13	1	C	14		VAL	1
7KFT_C	14	1	C	15		ASN	1
7KFT_C	15	1	C	16		LEU	1
7KFT_C	16	1	C	17		LYS	1
7KFT_C	17	1	C	18		PHE	1
7KFT_C	18	1	C	19		THR	1
7KFT_C	19	1	C	20		ALA	1
7KFT_C	20	1	C	21		ARG	1
7KFT_C	21	1	C	22		ALA	1
7KFT_C	22	1	C	23		GLU	1
7KFT_C	23	1	C	24		PHE	1
7KFT_C	24	1	C	25		SER	1
7KFT_C	25	1	C	26		LEU	1
7KFT_C	26	1	C	27		ASN	1
7KFT_C	27	1	C	28		HIS	1
7KFT_C	28	1	C	29		GLU	1
7KFT_C	29	1	C	30		MET	1
7KFT_C	30	1	C	31		ALA	1
7KFT_C	31	1	C	32		VAL	1
7KFT_C	32	1	C	33		ASP	1
7KFT_C	33	1	C	34		ALA	1
7KFT_C	34	1	C	35		PHE	1
7KFT_C	35	1	C	36		LEU	1
7KFT_C	36	1	C	37		ARG	1
7KFT_C	37	1	C	38		HIS	1
7KFT_C	38	1	C	39		SER	1
7KFT_C	39	1	C	40		LEU	1
7KFT_C	40	1	C	41		ASN	1
7KFT_C	41	1	C	42		LEU	1
7KFT_C	42	1	C	43		GLY	1
7KFT_C	43	1	C	44		GLU	1
7KFT_C	44	1	C	45		SER	1
7KFT_C	45	1	C	46		TYR	1
7KFT_C	46	1	C	47		SER	1
7KFT_C	47	1	C	48		HIS	1
7KFT_C	48	1	C	49		HIS	1
7KFT_C	49	1	C	50		LEU	1
7KFT_C	50	1	C	51		SER	1
7KFT_C	51	1	C	52		ILE	1
7KFT_C	52	1	C	53		ILE	1
7KFT_C	53	1	C	54		THR	1
7KFT_C	54	1	C	55		PRO	1
7KFT_C	55	1	C	56		GLU	1
7KFT_C	56	1	C	57		ASN	1
7KFT_C	57	1	C	58		GLY	1
7KFT_C	58	1	C	59		ARG	1
7KFT_C	59	1	C	60		LEU	1
7KFT_C	60	1	C	61		PHE	1
7KFT_C	61	1	C	62		TYR	1
7KFT_C	62	1	C	63		ARG	1
7KFT_C	63	1	C	64		GLU	1
7KFT_C	64	1	C	65		GLY	1
7KFT_C	65	1	C	66		ASP	1
7KFT_C	66	1	C	67		THR	1
7KFT_C	67	1	C	68		TYR	1
7KFT_C	68	1	C	69		ARG	1
7KFT_C	69	1	C	70		PHE	1
7KFT_C	70	1	C	71		VAL	1
7KFT_C	71	1	C	72		VAL	1
7KFT_C	72	1	C	73		ILE	1
7KFT_C	73	1	C	74		ALA	1
7KFT_C	74	1	C	75		MET	1
7KFT_C	75	1	C	76		GLY	1
7KFT_C	76	1	C	77		ASN	1
7KFT_C	77	1	C	78		GLN	1
7KFT_C	78	1	C	79		GLN	1
7KFT_C	79	1	C	80		GLN	1
7KFT_C	80	1	C	81		THR	1
7KFT_C	81	1	C	82		ASN	1
7KFT_C	82	1	C	83		SER	1
7KFT_C	83	1	C	84		ILE	1
7KFT_C	84	1	C	85		TRP	1
7KFT_C	85	1	C	86		HIS	1
7KFT_C	86	1	C	87		THR	1
7KFT_C	87	1	C	88		LEU	1
7KFT_C	88	1	C	89		ILE	1
7KFT_C	89	1	C	90		ASN	1
7KFT_C	90	1	C	91		HIS	1
7KFT_C	91	1	C	92		LEU	1
7KFT_C	92	1	C	93		ARG	1
7KFT_C	93	1	C	94		LYS	1
7KFT_C	94	1	C	111		ASN	1
7KFT_C	95	1	C	112		ILE	1
7KFT_C	96	1	C	113		LYS	1
7KFT_C	97	1	C	114		LEU	1
7KFT_C	98	1	C	115		GLU	1
7KFT_C	99	1	C	116		SER	1
7KFT_C	100	1	C	117		LEU	1
7KFT_C	101	1	C	118		ASN	1
7KFT_C	102	1	C	119		ASP	1
7KFT_C	103	1	C	120		LEU	1
7KFT_C	104	1	C	121		PHE	1
7KFT_C	105	1	C	122		ASP	1
7KFT_C	106	1	C	123		GLY	1
7KFT_C	107	1	C	124		ILE	1
7KFT_C	108	1	C	125		PRO	1
7KFT_C	109	1	C	126		VAL	1
7KFT_C	110	1	C	127		SER	1
7KFT_C	111	1	C	128		SER	1
7KFT_C	112	1	C	129		LYS	1
7KFT_C	113	1	C	130		GLU	1
7KFT_C	114	1	C	131		SER	1
7KFT_C	115	1	C	132		LEU	1
7KFT_C	116	1	C	133		ASP	1
7KFT_C	117	1	C	134		ALA	1
7KFT_C	118	1	C	135		TYR	1
7KFT_C	119	1	C	136		THR	1
7KFT_C	120	1	C	137		LEU	1
7KFT_C	121	1	C	138		GLN	1
7KFT_C	122	1	C	139		ARG	1
7KFT_C	123	1	C	140		ALA	1
7KFT_C	124	1	C	141		MET	1
7KFT_C	125	1	C	142		GLU	1
7KFT_C	126	1	C	143		GLN	1
7KFT_C	127	1	C	144		GLY	1
7KFT_C	128	1	C	145		LEU	1
7KFT_C	129	1	C	146		ALA	1
7KFT_C	130	1	C	147		TRP	2
7KFT_C	131	1	C	148		HIS	2
7KFT_C	132	1	C	149		LYS	2
7KFT_C	133	1	C	150		ALA	2
7KFT_C	134	1	C	151		ALA	2
7KFT_C	135	1	C	152		ASN	2
7KFT_C	136	1	C	153		LEU	2
7KFT_C	137	1	C	154		THR	2
7KFT_C	138	1	C	155		GLU	2
7KFT_C	139	1	C	156		GLN	2
7KFT_C	140	1	C	157		PRO	2
7KFT_C	141	1	C	158		LEU	2
7KFT_C	142	1	C	159		ASP	2
7KFT_C	143	1	C	160		ILE	2
7KFT_C	144	1	C	161		GLN	2
7KFT_C	145	1	C	162		TRP	2
7KFT_C	146	1	C	163		TYR	2
7KFT_C	147	1	C	164		TRP	2
7KFT_C	148	1	C	165		GLN	2
7KFT_C	149	1	C	166		SER	2
7KFT_C	150	1	C	167		THR	2
7KFT_C	151	1	C	168		VAL	2
7KFT_C	152	1	C	169		ARG	2
7KFT_C	153	1	C	170		ILE	2
7KFT_C	154	1	C	171		LEU	2
7KFT_C	155	1	C	172		HIS	2
7KFT_C	156	1	C	173		ALA	2
7KFT_C	157	1	C	174		ASP	2
7KFT_C	158	1	C	175		HIS	2
7KFT_C	159	1	C	176		LYS	2
7KFT_C	160	1	C	177		GLN	2
7KFT_C	161	1	C	178		HIS	2
7KFT_C	162	1	C	179		LYS	2
7KFT_C	163	1	C	180		GLY	2
7KFT_C	164	1	C	181		GLU	2
7KFT_C	165	1	C	182		GLN	2
7KFT_C	166	1	C	183		ARG	2
7KFT_C	167	1	C	184		TYR	2
7KFT_C	168	1	C	185		CYS	2
7KFT_C	169	1	C	186		ARG	2
7KFT_C	170	1	C	187		ASP	2
7KFT_C	171	1	C	188		ALA	2
7KFT_C	172	1	C	189		VAL	2
7KFT_C	173	1	C	190		GLN	2
7KFT_C	174	1	C	191		LEU	2
7KFT_C	175	1	C	192		THR	2
7KFT_C	176	1	C	193		PRO	2
7KFT_C	177	1	C	194		LEU	2
7KFT_C	178	1	C	195		LEU	2
7KFT_C	179	1	C	196		LEU	2
7KFT_C	180	1	C	197		LEU	2
7KFT_C	181	1	C	198		LYS	2
7KFT_C	182	1	C	199		ARG	2
7KFT_C	183	1	C	200		ILE	2
7KFT_C	184	1	C	201		TYR	2
7KFT_C	185	1	C	202		GLU	2
7KFT_C	186	1	C	203		THR	2
7KFT_C	187	1	C	204		LEU	2
7KFT_C	188	1	C	205		ASN	2
7KFT_C	189	1	C	206		ASN	2
7KFT_C	190	1	C	207		VAL	2
7KFT_C	191	1	C	208		ALA	2
7KFT_C	192	1	C	209		THR	2
7KFT_C	193	1	C	210		TYR	2
7KFT_C	194	1	C	211		PHE	2
7KFT_C	195	1	C	222		ASN	2
7KFT_C	196	1	C	223		HIS	2
7KFT_C	197	1	C	224		GLN	2
7KFT_C	198	1	C	225		ALA	2
7KFT_C	199	1	C	226		TRP	2
7KFT_C	200	1	C	227		LEU	2
7KFT_C	201	1	C	228		LYS	2
7KFT_C	202	1	C	229		GLU	2
7KFT_C	203	1	C	230		GLN	2
7KFT_C	204	1	C	231		ALA	2
7KFT_C	205	1	C	232		GLN	2
7KFT_C	206	1	C	233		TYR	2
7KFT_C	207	1	C	234		ILE	2
7KFT_C	208	1	C	235		GLU	2
7KFT_C	209	1	C	236		ILE	2
7KFT_C	210	1	C	237		GLN	2
7KFT_C	211	1	C	238		HIS	2
7KFT_C	212	1	C	239		PRO	2
7KFT_C	213	1	C	240		ASP	2
7KFT_C	214	1	C	241		LEU	2
7KFT_C	215	1	C	242		TYR	2
7KFT_C	216	1	C	243		TRP	2
7KFT_C	217	1	C	244		ILE	2
7KFT_C	218	1	C	245		ASP	2
7KFT_C	219	1	C	246		THR	2
7KFT_C	220	1	C	247		PRO	2
7KFT_C	221	1	C	258		LEU	2
7KFT_C	222	1	C	259		GLY	2
7KFT_C	223	1	C	260		GLY	2
7KFT_C	224	1	C	261		MET	2
7KFT_C	225	1	C	262		ALA	2
7KFT_C	226	1	C	263		GLY	2
7KFT_C	227	1	C	264		ASN	2
7KFT_C	228	1	C	265		PHE	2
7KFT_C	229	1	C	266		THR	2
7KFT_C	230	1	C	267		LEU	2
7KFT_C	231	1	C	268		SER	2
7KFT_C	232	1	C	269		LEU	2
7KFT_C	233	1	C	270		LYS	2
7KFT_C	234	1	C	271		PRO	2
7KFT_C	235	1	C	272		GLY	2
7KFT_C	236	1	C	273		ILE	2
7KFT_C	237	1	C	274		GLU	2
7KFT_C	238	1	C	275		PRO	2
7KFT_C	239	1	C	276		GLY	2
7KFT_C	240	1	C	277		LEU	2
7KFT_C	241	1	C	278		LEU	2
7KFT_C	242	1	C	279		ALA	2
7KFT_C	243	1	C	280		MET	2
7KFT_C	244	1	C	281		LEU	2
7KFT_C	245	1	C	282		ILE	2
7KFT_C	246	1	C	283		LEU	2
7KFT_C	247	1	C	284		THR	2
7KFT_C	248	1	C	285		GLN	2
7KFT_C	249	1	C	286		MET	2
7KFT_C	250	1	C	287		VAL	2
7KFT_C	251	1	C	288		GLY	2
7KFT_C	252	1	C	289		VAL	2
7KFT_C	253	1	C	290		GLY	2
7KFT_C	254	1	C	291		GLN	2
7KFT_C	255	1	C	292		ARG	2
7KFT_C	256	1	C	293		ARG	2
7KFT_C	257	1	C	294		THR	2
7KFT_C	258	1	C	295		SER	2
7KFT_C	259	1	C	296		GLY	2
7KFT_C	260	1	C	297		LEU	2
7KFT_C	261	1	C	298		GLY	2
7KFT_C	262	1	C	299		LYS	2
7KFT_C	263	1	C	300		TYR	2
7KFT_C	264	1	C	301		TRP	2
7KFT_C	265	1	C	302		LEU	2
7KFT_C	266	1	C	303		LYS	2
7KFT_C	267	1	C	304		HIS	2
7KFT_C	268	1	C	305		SER	2
7KFT_C	269	1	C	306		LEU	2
7KFT_C	270	1	C	307		LYS	2
7KFT_C	271	1	C	308		HIS	2
7KFT_C	272	1	C	309		ALA	2
7KFT_C	273	1	C	310		HIS	2
7KFT_C	274	1	C	311		LEU	1
7KFT_C	275	1	C	312		ILE	1
7KFT_C	276	1	C	313		LEU	1
7KFT_C	277	1	C	314		GLY	1
7KFT_C	278	1	C	315		LEU	1
7KFT_C	279	1	C	316		LYS	1
7KFT_C	280	1	C	317		PRO	1
7KFT_C	281	1	C	318		ASN	1
7KFT_C	282	1	C	319		ARG	1
7KFT_C	283	1	C	320		VAL	1
7KFT_C	284	1	C	321		THR	1
7KFT_C	285	1	C	322		ARG	1
7KFT_C	286	1	C	323		SER	1
7KFT_C	287	1	C	324		GLN	1
7KFT_C	288	1	C	325		THR	3
7KFT_C	289	1	C	326		LEU	3
7KFT_C	290	1	C	327		LEU	3
7KFT_C	291	1	C	328		ASP	3
7KFT_C	292	1	C	329		CYS	3
7KFT_C	293	1	C	330		ILE	3
7KFT_C	294	1	C	331		ILE	3
7KFT_C	295	1	C	332		GLN	3
7KFT_C	296	1	C	333		PRO	3
7KFT_C	297	1	C	334		HIS	3
7KFT_C	298	1	C	335		ILE	3
7KFT_C	299	1	C	336		ILE	3
7KFT_C	300	1	C	337		SER	3
7KFT_C	301	1	C	338		GLN	3
7KFT_C	302	1	C	339		ALA	3
7KFT_C	303	1	C	340		ILE	3
7KFT_C	304	1	C	341		ALA	3
7KFT_C	305	1	C	342		GLU	3
7KFT_C	306	1	C	343		ILE	3
7KFT_C	307	1	C	344		GLU	3
7KFT_C	308	1	C	345		LYS	3
7KFT_C	309	1	C	346		LYS	3
7KFT_C	310	1	C	347		THR	3
7KFT_C	311	1	C	348		ASN	3
7KFT_C	312	1	C	349		ILE	3
7KFT_C	313	1	C	350		ASP	3
7KFT_C	314	1	C	351		THR	3
7KFT_C	315	1	C	352		LEU	3
7KFT_C	316	1	C	353		ASN	3
7KFT_C	317	1	C	354		GLU	3
7KFT_C	318	1	C	355		ARG	3
7KFT_C	319	1	C	356		THR	3
7KFT_C	320	1	C	357		LEU	3
7KFT_C	321	1	C	358		SER	3
7KFT_C	322	1	C	359		GLN	3
7KFT_C	323	1	C	360		VAL	3
7KFT_C	324	1	C	361		GLN	3
7KFT_C	325	1	C	362		SER	3
7KFT_C	326	1	C	363		ALA	3
7KFT_C	327	1	C	364		ILE	3
7KFT_C	328	1	C	365		GLY	3
7KFT_C	329	1	C	366		GLN	3
7KFT_C	330	1	C	367		LEU	3
7KFT_C	331	1	C	368		ARG	3
7KFT_C	332	1	C	369		LYS	3
7KFT_C	333	1	C	370		HIS	3
7KFT_C	334	1	C	371		GLN	3
7KFT_C	335	1	C	372		TYR	3
7KFT_C	336	1	C	373		GLN	3
7KFT_C	337	1	C	374		ALA	3
7KFT_C	338	1	C	375		PRO	3
7KFT_C	339	1	C	376		LYS	3
7KFT_C	340	1	C	377		LEU	3
7KFT_C	341	1	C	378		GLN	3
7KFT_C	342	1	C	379		GLY	3
7KFT_C	343	1	C	380		PHE	3
7KFT_C	344	1	C	381		THR	3
7KFT_C	345	1	C	382		ILE	3
7KFT_C	346	1	C	389		GLU	3
7KFT_C	347	1	C	390		ARG	3
7KFT_C	348	1	C	391		LEU	3
7KFT_C	349	1	C	392		LEU	3
7KFT_C	350	1	C	393		ALA	3
7KFT_C	351	1	C	394		VAL	3
7KFT_C	352	1	C	395		SER	3
7KFT_C	353	1	C	396		PRO	3
7KFT_C	354	1	C	397		LEU	3
7KFT_C	355	1	C	398		TYR	3
7KFT_C	356	1	C	399		ASP	3
7KFT_C	357	1	C	400		ARG	3
7KFT_C	358	1	C	401		ILE	3
7KFT_C	359	1	C	402		LEU	3
7KFT_C	360	1	C	403		GLN	3
7KFT_C	361	1	C	404		LYS	3
7KFT_C	362	1	C	405		ALA	3
7KFT_C	363	1	C	406		ALA	3
7KFT_C	364	1	C	407		ALA	3
7KFT_C	365	1	C	408		ILE	3
7KFT_C	366	1	C	409		VAL	3
7KFT_C	367	1	C	410		LEU	3
7KFT_C	368	1	C	411		THR	3
7KFT_C	369	1	C	412		PRO	3
7KFT_C	370	1	C	413		GLY	3
7KFT_C	371	1	C	414		LEU	3
7KFT_C	372	1	C	415		ASP	3
7KFT_C	373	1	C	416		ALA	3
7KFT_C	374	1	C	417		ILE	3
7KFT_C	375	1	C	418		MET	3
7KFT_C	376	1	C	419		SER	3
7KFT_C	377	1	C	420		GLN	3
7KFT_C	378	1	C	421		ALA	3
7KFT_C	379	1	C	422		SER	3
7KFT_C	380	1	C	423		TYR	3
7KFT_C	381	1	C	424		GLY	3
7KFT_C	382	1	C	425		TYR	4
7KFT_C	383	1	C	426		ARG	4
7KFT_C	384	1	C	427		LYS	4
7KFT_C	385	1	C	428		GLY	4
7KFT_C	386	1	C	429		LEU	4
7KFT_C	387	1	C	430		SER	4
7KFT_C	388	1	C	431		ARG	4
7KFT_C	389	1	C	432		GLN	4
7KFT_C	390	1	C	433		GLN	4
7KFT_C	391	1	C	434		VAL	4
7KFT_C	392	1	C	435		ARG	4
7KFT_C	393	1	C	436		TYR	4
7KFT_C	394	1	C	437		GLU	4
7KFT_C	395	1	C	438		ILE	4
7KFT_C	396	1	C	439		GLN	4
7KFT_C	397	1	C	440		ASN	4
7KFT_C	398	1	C	441		ALA	4
7KFT_C	399	1	C	442		TYR	4
7KFT_C	400	1	C	443		ARG	4
7KFT_C	401	1	C	444		GLN	4
7KFT_C	402	1	C	445		GLY	4
7KFT_C	403	1	C	446		TYR	4
7KFT_C	404	1	C	447		HIS	4
7KFT_C	405	1	C	448		TRP	4
7KFT_C	406	1	C	449		VAL	4
7KFT_C	407	1	C	450		TYR	4
7KFT_C	408	1	C	451		GLU	4
7KFT_C	409	1	C	452		SER	4
7KFT_C	410	1	C	453		ASP	4
7KFT_C	411	1	C	454		ILE	4
7KFT_C	412	1	C	455		GLU	4
7KFT_C	413	1	C	456		ASP	4
7KFT_C	414	1	C	457		PHE	4
7KFT_C	415	1	C	458		PHE	4
7KFT_C	416	1	C	459		ASP	4
7KFT_C	417	1	C	460		ALA	4
7KFT_C	418	1	C	461		VAL	3
7KFT_C	419	1	C	462		TYR	3
7KFT_C	420	1	C	463		ARG	3
7KFT_C	421	1	C	464		PRO	3
7KFT_C	422	1	C	465		GLN	3
7KFT_C	423	1	C	466		LEU	3
7KFT_C	424	1	C	467		ILE	3
7KFT_C	425	1	C	468		ASN	3
7KFT_C	426	1	C	469		ARG	3
7KFT_C	427	1	C	470		LEU	3
7KFT_C	428	1	C	471		LYS	3
7KFT_C	429	1	C	472		SER	3
7KFT_C	430	1	C	473		LEU	3
7KFT_C	431	1	C	474		LEU	3
7KFT_C	432	1	C	475		GLY	3
7KFT_C	433	1	C	476		ASN	3
7KFT_C	434	1	C	477		ASP	3
7KFT_C	435	1	C	478		PRO	3
7KFT_C	436	1	C	479		LEU	3
7KFT_C	437	1	C	480		TRP	3
7KFT_C	438	1	C	481		GLU	3
7KFT_C	439	1	C	482		GLN	3
7KFT_C	440	1	C	483		ILE	3
7KFT_C	441	1	C	484		GLU	3
7KFT_C	442	1	C	485		SER	3
7KFT_C	443	1	C	486		TRP	3
7KFT_C	444	1	C	487		LEU	3
7KFT_C	445	1	C	488		GLY	3
7KFT_C	446	1	C	489		GLN	3
7KFT_C	447	1	C	490		ASP	3
7KFT_C	448	1	C	491		ILE	3
7KFT_C	449	1	C	492		HIS	3
7KFT_C	450	1	C	493		ILE	3
7KFT_C	451	1	C	494		LYS	3
7KFT_C	452	1	C	495		ASP	3
7KFT_C	453	1	C	496		THR	3
7KFT_C	454	1	C	497		ILE	3
7KFT_C	455	1	C	498		ILE	3
7KFT_C	456	1	C	499		GLU	3
7KFT_C	457	1	C	500		ARG	3
7KFT_C	458	1	C	501		THR	3
7KFT_C	459	1	C	502		PRO	3
7KFT_C	460	1	C	503		ASN	3
7KFT_C	461	1	C	504		LEU	3
7KFT_C	462	1	C	505		GLY	3
7KFT_C	463	1	C	506		LEU	3
7KFT_C	464	1	C	507		PRO	3
7KFT_C	465	1	C	508		GLN	3
7KFT_C	466	1	C	509		GLY	3
7KFT_C	467	1	C	510		SER	3
7KFT_C	468	1	C	511		PRO	3
7KFT_C	469	1	C	512		LEU	3
7KFT_C	470	1	C	513		SER	3
7KFT_C	471	1	C	514		PRO	3
7KFT_C	472	1	C	515		LEU	3
7KFT_C	473	1	C	516		LEU	3
7KFT_C	474	1	C	517		ALA	3
7KFT_C	475	1	C	518		ASN	3
7KFT_C	476	1	C	519		PHE	3
7KFT_C	477	1	C	520		ILE	3
7KFT_C	478	1	C	521		LEU	3
7KFT_C	479	1	C	522		ASP	3
7KFT_C	480	1	C	523		ASP	3
7KFT_C	481	1	C	524		PHE	4
7KFT_C	482	1	C	525		ASP	4
7KFT_C	483	1	C	526		SER	4
7KFT_C	484	1	C	527		ASP	4
7KFT_C	485	1	C	528		LEU	4
7KFT_C	486	1	C	529		GLU	4
7KFT_C	487	1	C	530		THR	4
7KFT_C	488	1	C	531		HIS	4
7KFT_C	489	1	C	532		GLY	4
7KFT_C	490	1	C	533		PHE	4
7KFT_C	491	1	C	534		LYS	4
7KFT_C	492	1	C	535		ILE	4
7KFT_C	493	1	C	536		ILE	4
7KFT_C	494	1	C	537		ARG	4
7KFT_C	495	1	C	538		PHE	4
7KFT_C	496	1	C	539		ALA	4
7KFT_C	497	1	C	540		ASP	4
7KFT_C	498	1	C	541		ASP	4
7KFT_C	499	1	C	542		PHE	4
7KFT_C	500	1	C	543		ILE	4
7KFT_C	501	1	C	544		ILE	4
7KFT_C	502	1	C	545		LEU	4
7KFT_C	503	1	C	546		CYS	4
7KFT_C	504	1	C	547		LYS	4
7KFT_C	505	1	C	548		SER	4
7KFT_C	506	1	C	549		GLN	4
7KFT_C	507	1	C	550		HIS	4
7KFT_C	508	1	C	551		GLU	4
7KFT_C	509	1	C	552		ALA	4
7KFT_C	510	1	C	553		GLN	4
7KFT_C	511	1	C	554		GLN	4
7KFT_C	512	1	C	555		ALA	4
7KFT_C	513	1	C	556		ALA	4
7KFT_C	514	1	C	557		HIS	4
7KFT_C	515	1	C	558		ALA	4
7KFT_C	516	1	C	559		VAL	3
7KFT_C	517	1	C	560		GLU	3
7KFT_C	518	1	C	561		GLN	3
7KFT_C	519	1	C	562		SER	3
7KFT_C	520	1	C	563		LEU	3
7KFT_C	521	1	C	564		LYS	3
7KFT_C	522	1	C	565		GLU	3
7KFT_C	523	1	C	566		VAL	3
7KFT_C	524	1	C	567		LYS	3
7KFT_C	525	1	C	568		LEU	3
7KFT_C	526	1	C	569		SER	3
7KFT_C	527	1	C	570		ILE	3
7KFT_C	528	1	C	571		ASN	3
7KFT_C	529	1	C	572		VAL	3
7KFT_C	530	1	C	573		GLU	3
7KFT_C	531	1	C	574		LYS	3
7KFT_C	532	1	C	575		THR	3
7KFT_C	533	1	C	576		HIS	3
7KFT_C	534	1	C	577		ILE	3
7KFT_C	535	1	C	578		ILE	3
7KFT_C	536	1	C	579		GLN	3
7KFT_C	537	1	C	580		LEU	3
7KFT_C	538	1	C	581		ASN	3
7KFT_C	539	1	C	582		GLN	3
7KFT_C	540	1	C	583		GLY	3
7KFT_C	541	1	C	584		PHE	3
7KFT_C	542	1	C	585		ARG	3
7KFT_C	543	1	C	586		PHE	3
7KFT_C	544	1	C	587		LEU	3
7KFT_C	545	1	C	588		GLY	3
7KFT_C	546	1	C	589		TYR	3
7KFT_C	547	1	C	590		LEU	3
7KFT_C	548	1	C	591		PHE	3
7KFT_C	549	1	C	592		ARG	3
7KFT_C	550	1	C	617		THR	3
7KFT_C	551	1	C	618		ASN	3
7KFT_C	552	1	C	619		LEU	4
7KFT_C	553	1	C	620		PRO	4
7KFT_C	554	1	C	621		PRO	4
7KFT_C	555	1	C	622		TRP	4
7KFT_C	556	1	C	623		LEU	4
7KFT_C	557	1	C	624		ALA	4
7KFT_C	558	1	C	625		ASN	4
7KFT_C	559	1	C	626		LEU	4
7KFT_C	560	1	C	627		GLY	4
7KFT_C	561	1	C	628		THR	4
7KFT_C	562	1	C	629		LYS	4
7KFT_C	563	1	C	630		SER	4
7KFT_C	564	1	C	631		PRO	4
7KFT_C	565	1	C	632		GLN	4
7KFT_C	566	1	C	633		PRO	4
7KFT_C	567	1	C	634		LEU	4
7R06_A	0	1	A	0		SER	1
7R06_A	1	1	A	1		MET	1
7R06_A	2	1	A	2		LYS	1
7R06_A	3	1	A	3		LYS	1
7R06_A	4	1	A	4		GLU	1
7R06_A	5	1	A	5		PHE	1
7R06_A	6	1	A	6		THR	1
7R06_A	7	1	A	7		GLU	1
7R06_A	8	1	A	8		LEU	1
7R06_A	9	1	A	9		TYR	1
7R06_A	10	1	A	10		ASP	1
7R06_A	11	1	A	11		PHE	1
7R06_A	12	1	A	12		ILE	1
7R06_A	13	1	A	13		PHE	1
7R06_A	14	1	A	14		ASP	1
7R06_A	15	1	A	15		PRO	1
7R06_A	16	1	A	16		ILE	1
7R06_A	17	1	A	17		PHE	1
7R06_A	18	1	A	18		LEU	1
7R06_A	19	1	A	19		VAL	1
7R06_A	20	1	A	20		ARG	1
7R06_A	21	1	A	21		TYR	1
7R06_A	22	1	A	22		GLY	1
7R06_A	23	1	A	23		TYR	1
7R06_A	24	1	A	24		TYR	1
7R06_A	25	1	A	25		ASP	1
7R06_A	26	1	A	26		ARG	1
7R06_A	27	1	A	27		SER	1
7R06_A	28	1	A	28		ILE	1
7R06_A	29	1	A	29		LYS	1
7R06_A	30	1	A	30		ASN	1
7R06_A	31	1	A	31		LYS	1
7R06_A	32	1	A	32		LYS	1
7R06_A	33	1	A	33		MET	1
7R06_A	34	1	A	34		ASN	1
7R06_A	35	1	A	35		THR	1
7R06_A	36	1	A	36		ALA	1
7R06_A	37	1	A	37		LYS	1
7R06_A	38	1	A	38		VAL	1
7R06_A	39	1	A	39		GLU	1
7R06_A	40	1	A	40		LEU	1
7R06_A	41	1	A	41		ASP	1
7R06_A	42	1	A	42		ASN	1
7R06_A	43	1	A	43		GLU	1
7R06_A	44	1	A	45		GLY	1
7R06_A	45	1	A	46		LYS	1
7R06_A	46	1	A	47		SER	1
7R06_A	47	1	A	48		ASP	1
7R06_A	48	1	A	49		SER	1
7R06_A	49	1	A	50		PHE	1
7R06_A	50	1	A	51		TYR	1
7R06_A	51	1	A	52		PHE	1
7R06_A	52	1	A	53		LYS	1
7R06_A	53	1	A	54		VAL	1
7R06_A	54	1	A	55		PHE	1
7R06_A	55	1	A	56		ASN	1
7R06_A	56	1	A	57		MET	1
7R06_A	57	1	A	58		GLU	1
7R06_A	58	1	A	59		SER	1
7R06_A	59	1	A	60		PHE	1
7R06_A	60	1	A	61		ALA	1
7R06_A	61	1	A	62		ASP	1
7R06_A	62	1	A	63		TYR	1
7R06_A	63	1	A	64		LEU	1
7R06_A	64	1	A	65		ARG	1
7R06_A	65	1	A	66		SER	1
7R06_A	66	1	A	67		HIS	1
7R06_A	67	1	A	68		ASP	1
7R06_A	68	1	A	69		LEU	1
7R06_A	69	1	A	70		LYS	1
7R06_A	70	1	A	71		THR	1
7R06_A	71	1	A	72		HIS	1
7R06_A	72	1	A	73		PHE	1
7R06_A	73	1	A	74		ASN	1
7R06_A	74	1	A	75		GLY	1
7R06_A	75	1	A	76		LYS	1
7R06_A	76	1	A	77		LYS	1
7R06_A	77	1	A	78		PRO	1
7R06_A	78	1	A	79		LEU	1
7R06_A	79	1	A	80		SER	1
7R06_A	80	1	A	81		THR	1
7R06_A	81	1	A	82		ASP	1
7R06_A	82	1	A	83		PRO	1
7R06_A	83	1	A	84		VAL	1
7R06_A	84	1	A	85		TYR	1
7R06_A	85	1	A	86		PHE	1
7R06_A	86	1	A	87		ASN	1
7R06_A	87	1	A	88		ILE	1
7R06_A	88	1	A	89		PRO	1
7R06_A	89	1	A	90		LYS	1
7R06_A	90	1	A	91		ASN	1
7R06_A	91	1	A	92		ILE	1
7R06_A	92	1	A	93		GLU	1
7R06_A	93	1	A	94		ALA	1
7R06_A	94	1	A	95		ARG	1
7R06_A	95	1	A	96		ARG	1
7R06_A	96	1	A	97		GLN	1
7R06_A	97	1	A	98		TYR	1
7R06_A	98	1	A	99		LYS	1
7R06_A	99	1	A	100		MET	1
7R06_A	100	1	A	101		PRO	1
7R06_A	101	1	A	102		ASN	1
7R06_A	102	1	A	103		LEU	1
7R06_A	103	1	A	104		TYR	1
7R06_A	104	1	A	105		SER	1
7R06_A	105	1	A	106		TYR	1
7R06_A	106	1	A	107		MET	1
7R06_A	107	1	A	108		ALA	1
7R06_A	108	1	A	109		LEU	1
7R06_A	109	1	A	110		ASN	1
7R06_A	110	1	A	111		TYR	1
7R06_A	111	1	A	112		TYR	1
7R06_A	112	1	A	113		ILE	1
7R06_A	113	1	A	114		CYS	1
7R06_A	114	1	A	115		ASP	1
7R06_A	115	1	A	116		ASN	1
7R06_A	116	1	A	117		LYS	1
7R06_A	117	1	A	118		LYS	1
7R06_A	118	1	A	119		GLU	1
7R06_A	119	1	A	120		PHE	1
7R06_A	120	1	A	121		ILE	1
7R06_A	121	1	A	122		GLU	1
7R06_A	122	1	A	123		VAL	1
7R06_A	123	1	A	124		PHE	1
7R06_A	124	1	A	125		ILE	1
7R06_A	125	1	A	126		ASP	1
7R06_A	126	1	A	127		ASN	1
7R06_A	127	1	A	128		LYS	1
7R06_A	128	1	A	129		PHE	1
7R06_A	129	1	A	130		SER	1
7R06_A	130	1	A	131		THR	1
7R06_A	131	1	A	132		SER	1
7R06_A	132	1	A	133		LYS	1
7R06_A	133	1	A	134		PHE	1
7R06_A	134	1	A	135		PHE	1
7R06_A	135	1	A	136		ASN	1
7R06_A	136	1	A	137		GLN	1
7R06_A	137	1	A	138		LEU	1
7R06_A	138	1	A	139		ASN	1
7R06_A	139	1	A	140		PHE	1
7R06_A	140	1	A	141		ASP	1
7R06_A	141	1	A	142		TYR	1
7R06_A	142	1	A	143		PRO	1
7R06_A	143	1	A	144		LYS	1
7R06_A	144	1	A	145		THR	1
7R06_A	145	1	A	146		GLN	1
7R06_A	146	1	A	147		GLU	1
7R06_A	147	1	A	148		ILE	1
7R06_A	148	1	A	149		THR	1
7R06_A	149	1	A	150		GLN	1
7R06_A	150	1	A	151		THR	1
7R06_A	151	1	A	152		LEU	1
7R06_A	152	1	A	153		LEU	1
7R06_A	153	1	A	154		TYR	1
7R06_A	154	1	A	155		GLY	1
7R06_A	155	1	A	156		GLY	1
7R06_A	156	1	A	157		ILE	1
7R06_A	157	1	A	158		LYS	1
7R06_A	158	1	A	159		LYS	1
7R06_A	159	1	A	160		LEU	1
7R06_A	160	1	A	161		HIS	1
7R06_A	161	1	A	162		LEU	1
7R06_A	162	1	A	163		ASP	1
7R06_A	163	1	A	164		LEU	1
7R06_A	164	1	A	165		SER	1
7R06_A	165	1	A	166		ASN	1
7R06_A	166	1	A	167		PHE	1
7R06_A	167	1	A	168		TYR	1
7R06_A	168	1	A	169		HIS	1
7R06_A	169	1	A	170		THR	1
7R06_A	170	1	A	171		LEU	1
7R06_A	171	1	A	172		TYR	1
7R06_A	172	1	A	173		THR	1
7R06_A	173	1	A	174		HIS	1
7R06_A	174	1	A	175		SER	1
7R06_A	175	1	A	176		ILE	1
7R06_A	176	1	A	177		PRO	1
7R06_A	177	1	A	178		TRP	1
7R06_A	178	1	A	179		MET	1
7R06_A	179	1	A	180		ILE	1
7R06_A	180	1	A	181		ASP	1
7R06_A	181	1	A	182		GLY	1
7R06_A	182	1	A	183		LYS	1
7R06_A	183	1	A	184		SER	1
7R06_A	184	1	A	185		ALA	1
7R06_A	185	1	A	186		SER	1
7R06_A	186	1	A	187		LYS	1
7R06_A	187	1	A	188		GLN	1
7R06_A	188	1	A	191		LYS	1
7R06_A	189	1	A	192		LYS	1
7R06_A	190	1	A	193		GLY	1
7R06_A	191	1	A	194		PHE	1
7R06_A	192	1	A	195		SER	1
7R06_A	193	1	A	196		ASN	1
7R06_A	194	1	A	197		THR	1
7R06_A	195	1	A	198		LEU	1
7R06_A	196	1	A	199		ASP	1
7R06_A	197	1	A	200		THR	1
7R06_A	198	1	A	201		LEU	1
7R06_A	199	1	A	202		ILE	1
7R06_A	200	1	A	203		THR	1
7R06_A	201	1	A	204		ALA	1
7R06_A	202	1	A	205		CYS	1
7R06_A	203	1	A	206		GLN	1
7R06_A	204	1	A	207		TYR	1
7R06_A	205	1	A	208		ASP	1
7R06_A	206	1	A	209		GLU	1
7R06_A	207	1	A	210		THR	1
7R06_A	208	1	A	211		HIS	1
7R06_A	209	1	A	212		GLY	1
7R06_A	210	1	A	213		ILE	1
7R06_A	211	1	A	214		PRO	1
7R06_A	212	1	A	215		THR	1
7R06_A	213	1	A	216		GLY	1
7R06_A	214	1	A	217		ASN	1
7R06_A	215	1	A	218		LEU	1
7R06_A	216	1	A	219		LEU	1
7R06_A	217	1	A	220		SER	1
7R06_A	218	1	A	221		ARG	1
7R06_A	219	1	A	222		ILE	1
7R06_A	220	1	A	223		ILE	1
7R06_A	221	1	A	224		THR	1
7R06_A	222	1	A	225		GLU	1
7R06_A	223	1	A	226		LEU	1
7R06_A	224	1	A	227		TYR	1
7R06_A	225	1	A	228		MET	1
7R06_A	226	1	A	229		CYS	1
7R06_A	227	1	A	230		HIS	1
7R06_A	228	1	A	231		PHE	1
7R06_A	229	1	A	232		ASP	1
7R06_A	230	1	A	233		LYS	1
7R06_A	231	1	A	234		GLN	1
7R06_A	232	1	A	235		MET	1
7R06_A	233	1	A	236		GLU	1
7R06_A	234	1	A	237		TYR	1
7R06_A	235	1	A	238		LYS	1
7R06_A	236	1	A	239		LYS	1
7R06_A	237	1	A	240		PHE	1
7R06_A	238	1	A	241		VAL	1
7R06_A	239	1	A	242		TYR	1
7R06_A	240	1	A	243		SER	1
7R06_A	241	1	A	244		ARG	1
7R06_A	242	1	A	245		TYR	1
7R06_A	243	1	A	246		VAL	1
7R06_A	244	1	A	247		ASP	1
7R06_A	245	1	A	248		ASP	1
7R06_A	246	1	A	249		PHE	1
7R06_A	247	1	A	250		ILE	1
7R06_A	248	1	A	251		PHE	1
7R06_A	249	1	A	252		PRO	1
7R06_A	250	1	A	253		PHE	1
7R06_A	251	1	A	254		THR	1
7R06_A	252	1	A	255		PHE	1
7R06_A	253	1	A	256		GLU	1
7R06_A	254	1	A	257		ASN	1
7R06_A	255	1	A	258		GLU	1
7R06_A	256	1	A	259		LYS	1
7R06_A	257	1	A	260		GLN	1
7R06_A	258	1	A	261		GLU	1
7R06_A	259	1	A	262		PHE	1
7R06_A	260	1	A	263		LEU	1
7R06_A	261	1	A	264		ASN	1
7R06_A	262	1	A	265		GLU	1
7R06_A	263	1	A	266		PHE	1
7R06_A	264	1	A	267		ASN	1
7R06_A	265	1	A	268		LEU	1
7R06_A	266	1	A	269		ILE	1
7R06_A	267	1	A	270		CYS	1
7R06_A	268	1	A	271		ARG	1
7R06_A	269	1	A	272		GLU	1
7R06_A	270	1	A	273		ASN	1
7R06_A	271	1	A	274		ASN	1
7R06_A	272	1	A	275		LEU	1
7R06_A	273	1	A	276		ILE	1
7R06_A	274	1	A	277		ILE	1
7R06_A	275	1	A	278		ASN	1
7R06_A	276	1	A	279		ASP	1
7R06_A	277	1	A	280		ASN	1
7R06_A	278	1	A	281		LYS	1
7R06_A	279	1	A	282		THR	1
7R06_A	280	1	A	283		LYS	1
7R06_A	281	1	A	284		VAL	1
7R06_A	282	1	A	285		ASP	1
7R06_A	283	1	A	286		ASN	1
7R06_A	284	1	A	287		PHE	1
7R06_A	285	1	A	288		PRO	1
7R06_A	286	1	A	289		PHE	1
7R06_A	287	1	A	290		VAL	1
7R06_A	288	1	A	291		ASP	1
7R06_A	289	1	A	292		LYS	2
7R06_A	290	1	A	293		SER	2
7R06_A	291	1	A	294		SER	2
7R06_A	292	1	A	295		LYS	2
7R06_A	293	1	A	296		SER	2
7R06_A	294	1	A	297		ASP	2
7R06_A	295	1	A	298		ILE	2
7R06_A	296	1	A	299		PHE	2
7R06_A	297	1	A	300		SER	2
7R06_A	298	1	A	301		PHE	2
7R06_A	299	1	A	302		PHE	2
7R06_A	300	1	A	303		GLU	2
7R06_A	301	1	A	304		ASN	2
7R06_A	302	1	A	305		ILE	2
7R06_A	303	1	A	306		THR	2
7R06_A	304	1	A	307		SER	2
7R06_A	305	1	A	308		THR	2
7R06_A	306	1	A	309		ASN	2
7R06_A	307	1	A	310		SER	2
7R06_A	308	1	A	311		ASN	2
7R06_A	309	1	A	312		ASP	2
7R06_A	310	1	A	313		LYS	2
7R06_A	311	1	A	314		TRP	2
7R06_A	312	1	A	315		ILE	2
7R06_A	313	1	A	316		LYS	2
7R06_A	314	1	A	317		GLU	2
7R06_A	315	1	A	318		ILE	2
7R06_A	316	1	A	319		SER	2
7R06_A	317	1	A	320		ASN	2
7R06_A	318	1	A	321		PHE	2
7R06_A	319	1	A	322		ILE	2
7R06_A	320	1	A	323		ASP	2
7R06_A	321	1	A	324		TYR	2
7R06_A	322	1	A	325		CYS	2
7R06_A	323	1	A	326		VAL	2
7R06_A	324	1	A	327		ASN	2
7R06_A	325	1	A	328		GLU	2
7R06_A	326	1	A	329		GLU	2
7R06_A	327	1	A	330		HIS	2
7R06_A	328	1	A	331		LEU	2
7R06_A	329	1	A	332		GLY	2
7R06_A	330	1	A	333		ASN	2
7R06_A	331	1	A	334		LYS	2
7R06_A	332	1	A	335		GLY	2
7R06_A	333	1	A	336		ALA	2
7R06_A	334	1	A	337		ILE	2
7R06_A	335	1	A	338		LYS	2
7R06_A	336	1	A	339		CYS	2
7R06_A	337	1	A	340		ILE	2
7R06_A	338	1	A	341		PHE	2
7R06_A	339	1	A	342		PRO	2
7R06_A	340	1	A	343		VAL	2
7R06_A	341	1	A	344		ILE	2
7R06_A	342	1	A	345		THR	2
7R06_A	343	1	A	346		ASN	2
7R06_A	344	1	A	347		THR	2
7R06_A	345	1	A	348		LEU	2
7R06_A	346	1	A	349		LYS	2
7R06_A	347	1	A	350		GLN	2
7R06_A	348	1	A	351		LYS	2
7R06_A	349	1	A	352		LYS	2
7R06_A	350	1	A	353		VAL	2
7R06_A	351	1	A	354		ASP	2
7R06_A	352	1	A	355		THR	2
7R06_A	353	1	A	356		LYS	2
7R06_A	354	1	A	357		ASN	2
7R06_A	355	1	A	358		ILE	2
7R06_A	356	1	A	359		ASP	2
7R06_A	357	1	A	360		ASN	2
7R06_A	358	1	A	361		ILE	2
7R06_A	359	1	A	362		PHE	2
7R06_A	360	1	A	363		SER	2
7R06_A	361	1	A	364		LYS	2
7R06_A	362	1	A	365		ARG	2
7R06_A	363	1	A	366		ASN	2
7R06_A	364	1	A	367		MET	2
7R06_A	365	1	A	368		VAL	2
7R06_A	366	1	A	369		THR	2
7R06_A	367	1	A	370		ASN	2
7R06_A	368	1	A	371		PHE	2
7R06_A	369	1	A	372		ASN	2
7R06_A	370	1	A	373		VAL	2
7R06_A	371	1	A	374		PHE	2
7R06_A	372	1	A	375		GLU	2
7R06_A	373	1	A	376		LYS	2
7R06_A	374	1	A	377		ILE	2
7R06_A	375	1	A	378		LEU	2
7R06_A	376	1	A	379		ASP	2
7R06_A	377	1	A	380		LEU	2
7R06_A	378	1	A	381		SER	2
7R06_A	379	1	A	382		LEU	2
7R06_A	380	1	A	383		LYS	2
7R06_A	381	1	A	384		ASP	2
7R06_A	382	1	A	385		SER	2
7R06_A	383	1	A	386		ARG	2
7R06_A	384	1	A	387		LEU	2
7R06_A	385	1	A	388		THR	2
7R06_A	386	1	A	389		ASN	2
7R06_A	387	1	A	390		LYS	2
7R06_A	388	1	A	391		PHE	2
7R06_A	389	1	A	392		LEU	2
7R06_A	390	1	A	393		THR	2
7R06_A	391	1	A	394		PHE	2
7R06_A	392	1	A	395		PHE	2
7R06_A	393	1	A	396		GLU	2
7R06_A	394	1	A	397		ASN	2
7R06_A	395	1	A	398		ILE	2
7R06_A	396	1	A	399		ASN	2
7R06_A	397	1	A	400		GLU	2
7R06_A	398	1	A	401		PHE	2
7R06_A	399	1	A	402		GLY	2
7R06_A	400	1	A	403		PHE	2
7R06_A	401	1	A	404		SER	2
7R06_A	402	1	A	405		SER	2
7R06_A	403	1	A	406		LEU	2
7R06_A	404	1	A	407		SER	2
7R06_A	405	1	A	408		ALA	2
7R06_A	406	1	A	409		SER	2
7R06_A	407	1	A	410		ASN	2
7R06_A	408	1	A	411		ILE	2
7R06_A	409	1	A	412		VAL	2
7R06_A	410	1	A	413		LYS	2
7R06_A	411	1	A	414		LYS	2
7R06_A	412	1	A	415		TYR	2
7R06_A	413	1	A	416		PHE	3
7R06_A	414	1	A	417		SER	3
7R06_A	415	1	A	418		ASN	3
7R06_A	416	1	A	419		ASN	3
7R06_A	417	1	A	420		SER	3
7R06_A	418	1	A	421		LYS	3
7R06_A	419	1	A	422		GLY	3
7R06_A	420	1	A	423		LEU	3
7R06_A	421	1	A	424		LYS	3
7R06_A	422	1	A	425		GLU	3
7R06_A	423	1	A	426		LYS	3
7R06_A	424	1	A	427		ILE	3
7R06_A	425	1	A	428		ASP	3
7R06_A	426	1	A	429		HIS	3
7R06_A	427	1	A	430		TYR	3
7R06_A	428	1	A	431		ARG	3
7R06_A	429	1	A	432		LYS	3
7R06_A	430	1	A	433		ASN	3
7R06_A	431	1	A	434		ASN	3
7R06_A	432	1	A	435		PHE	3
7R06_A	433	1	A	436		ASN	3
7R06_A	434	1	A	437		GLN	3
7R06_A	435	1	A	438		GLU	3
7R06_A	436	1	A	439		LEU	3
7R06_A	437	1	A	440		TYR	3
7R06_A	438	1	A	441		GLN	3
7R06_A	439	1	A	442		ILE	3
7R06_A	440	1	A	443		LEU	3
7R06_A	441	1	A	444		LEU	3
7R06_A	442	1	A	445		TYR	3
7R06_A	443	1	A	446		MET	3
7R06_A	444	1	A	447		VAL	3
7R06_A	445	1	A	448		VAL	3
7R06_A	446	1	A	449		PHE	3
7R06_A	447	1	A	450		GLU	3
7R06_A	448	1	A	451		ILE	3
7R06_A	449	1	A	452		ASP	3
7R06_A	450	1	A	453		ASP	3
7R06_A	451	1	A	454		LEU	3
7R06_A	452	1	A	455		LEU	3
7R06_A	453	1	A	456		ASN	3
7R06_A	454	1	A	457		GLN	3
7R06_A	455	1	A	458		GLU	3
7R06_A	456	1	A	459		GLU	3
7R06_A	457	1	A	460		LEU	3
7R06_A	458	1	A	461		LEU	3
7R06_A	459	1	A	462		ASN	3
7R06_A	460	1	A	463		LEU	3
7R06_A	461	1	A	464		ILE	3
7R06_A	462	1	A	465		ASP	3
7R06_A	463	1	A	466		LEU	3
7R06_A	464	1	A	467		ASN	3
7R06_A	465	1	A	468		ILE	3
7R06_A	466	1	A	469		ASP	3
7R06_A	467	1	A	470		ASP	3
7R06_A	468	1	A	471		TYR	3
7R06_A	469	1	A	472		SER	3
7R06_A	470	1	A	473		LEU	3
7R06_A	471	1	A	474		ILE	3
7R06_A	472	1	A	475		LEU	3
7R06_A	473	1	A	476		GLY	3
7R06_A	474	1	A	477		THR	3
7R06_A	475	1	A	478		ILE	3
7R06_A	476	1	A	479		LEU	3
7R06_A	477	1	A	480		TYR	3
7R06_A	478	1	A	481		LEU	3
7R06_A	479	1	A	482		LYS	3
7R06_A	480	1	A	483		ASN	3
7R06_A	481	1	A	484		SER	3
7R06_A	482	1	A	485		SER	3
7R06_A	483	1	A	486		TYR	3
7R06_A	484	1	A	487		LYS	3
7R06_A	485	1	A	488		LEU	3
7R06_A	486	1	A	489		GLU	3
7R06_A	487	1	A	490		LYS	3
7R06_A	488	1	A	491		LEU	3
7R06_A	489	1	A	492		LEU	3
7R06_A	490	1	A	493		LYS	3
7R06_A	491	1	A	494		LYS	3
7R06_A	492	1	A	495		ILE	3
7R06_A	493	1	A	496		ASP	3
7R06_A	494	1	A	497		GLN	3
7R06_A	495	1	A	498		LEU	3
7R06_A	496	1	A	499		PHE	3
7R06_A	497	1	A	500		ILE	3
7R06_A	498	1	A	501		ASN	3
7R06_A	499	1	A	502		THR	3
7R06_A	500	1	A	503		HIS	3
7R06_A	501	1	A	504		ALA	3
7R06_A	502	1	A	505		ASN	3
7R06_A	503	1	A	506		TYR	3
7R06_A	504	1	A	507		ASP	3
7R06_A	505	1	A	508		VAL	3
7R06_A	506	1	A	509		LYS	3
7R06_A	507	1	A	510		THR	3
7R06_A	508	1	A	511		SER	3
7R06_A	509	1	A	512		ARG	3
7R06_A	510	1	A	513		MET	3
7R06_A	511	1	A	514		ALA	3
7R06_A	512	1	A	515		GLU	3
7R06_A	513	1	A	516		LYS	3
7R06_A	514	1	A	517		LEU	3
7R06_A	515	1	A	518		TRP	3
7R06_A	516	1	A	519		LEU	3
7R06_A	517	1	A	520		PHE	3
7R06_A	518	1	A	521		ARG	3
7R06_A	519	1	A	522		TYR	3
7R06_A	520	1	A	523		PHE	3
7R06_A	521	1	A	524		PHE	3
7R06_A	522	1	A	525		TYR	3
7R06_A	523	1	A	526		PHE	3
7R06_A	524	1	A	527		LEU	3
7R06_A	525	1	A	528		ASN	3
7R06_A	526	1	A	529		CYS	3
7R06_A	527	1	A	530		LYS	3
7R06_A	528	1	A	531		ASN	3
7R06_A	529	1	A	532		ILE	3
7R06_A	530	1	A	533		PHE	3
7R06_A	531	1	A	534		SER	3
7R06_A	532	1	A	535		GLN	3
7R06_A	533	1	A	536		LYS	3
7R06_A	534	1	A	537		GLU	3
7R06_A	535	1	A	538		ILE	3
7R06_A	536	1	A	539		ASN	3
7R06_A	537	1	A	540		SER	3
7R06_A	538	1	A	541		TYR	3
7R06_A	539	1	A	542		CYS	3
7R06_A	540	1	A	543		GLN	3
7R06_A	541	1	A	544		SER	3
7R06_A	542	1	A	545		GLN	3
7R06_A	543	1	A	546		ASN	3
7R06_A	544	1	A	547		TYR	3
7R06_A	545	1	A	548		ASN	3
7R06_A	546	1	A	549		SER	3
7R06_A	547	1	A	550		GLY	3
7R06_A	548	1	A	551		GLN	3
7R06_A	549	1	A	552		ASN	3
7R06_A	550	1	A	553		GLY	3
7R06_A	551	1	A	554		TYR	3
7R06_A	552	1	A	555		GLN	3
7R06_A	553	1	A	556		THR	3
7R06_A	554	1	A	557		GLU	3
7R06_A	555	1	A	558		LEU	3
7R06_A	556	1	A	559		ASN	3
7R06_A	557	1	A	560		TRP	3
7R06_A	558	1	A	561		ASN	3
7R06_A	559	1	A	562		TYR	3
7R06_A	560	1	A	563		ILE	3
7R06_A	561	1	A	564		LYS	3
7R06_A	562	1	A	565		GLY	3
7R06_A	563	1	A	566		GLN	3
7R06_A	564	1	A	567		GLY	3
7R06_A	565	1	A	568		LYS	3
7R06_A	566	1	A	569		ASP	3
7R06_A	567	1	A	570		LEU	3
7R06_A	568	1	A	571		ARG	3
7R06_A	569	1	A	572		ALA	3
7R06_A	570	1	A	573		ASN	3
7R06_A	571	1	A	574		ASN	3
7R06_A	572	1	A	575		PHE	3
7R06_A	573	1	A	576		PHE	3
7R06_A	574	1	A	577		ASN	3
7R06_A	575	1	A	578		GLU	3
7R06_A	576	1	A	579		LEU	3
7R06_A	577	1	A	580		ILE	3
7R06_A	578	1	A	581		VAL	3
7R06_A	579	1	A	582		LYS	3
7R06_A	580	1	A	583		GLU	3
7R06_A	581	1	A	584		VAL	3
7R06_A	582	1	A	585		TRP	3
7R06_A	583	1	A	586		LEU	3
7R06_A	584	1	A	587		ILE	3
7R06_A	585	1	A	588		SER	3
7R06_A	586	1	A	589		CYS	3
7R06_A	587	1	A	590		GLY	3
7R06_A	588	1	A	591		GLU	3
7R06_A	589	1	A	592		ASN	3
7R06_A	590	1	A	593		GLU	3
7R06_A	591	1	A	594		ASP	3
7R06_A	592	1	A	595		PHE	3
7R06_A	593	1	A	596		LYS	3
7R06_A	594	1	A	597		TYR	3
7R06_A	595	1	A	598		LEU	3
7R06_A	596	1	A	599		ASN	3
7R08_A	0	1	A	32		MET	1
7R08_A	1	1	A	33		LYS	1
7R08_A	2	1	A	34		LYS	1
7R08_A	3	1	A	35		VAL	1
7R08_A	4	1	A	36		TYR	1
7R08_A	5	1	A	37		GLU	1
7R08_A	6	1	A	38		LEU	1
7R08_A	7	1	A	39		THR	1
7R08_A	8	1	A	40		SER	1
7R08_A	9	1	A	41		GLU	1
7R08_A	10	1	A	42		GLU	1
7R08_A	11	1	A	43		ALA	1
7R08_A	12	1	A	44		LEU	1
7R08_A	13	1	A	45		SER	1
7R08_A	14	1	A	46		TYR	1
7R08_A	15	1	A	47		PHE	1
7R08_A	16	1	A	48		LEU	1
7R08_A	17	1	A	49		ARG	1
7R08_A	18	1	A	50		HIS	1
7R08_A	19	1	A	51		ASP	1
7R08_A	20	1	A	52		SER	1
7R08_A	21	1	A	53		TYR	1
7R08_A	22	1	A	54		THR	1
7R08_A	23	1	A	55		THR	1
7R08_A	24	1	A	56		LEU	1
7R08_A	25	1	A	57		GLU	1
7R08_A	26	1	A	58		LEU	1
7R08_A	27	1	A	59		PRO	1
7R08_A	28	1	A	60		ALA	1
7R08_A	29	1	A	61		TYR	1
7R08_A	30	1	A	62		ILE	1
7R08_A	31	1	A	63		ASN	1
7R08_A	32	1	A	64		PHE	1
7R08_A	33	1	A	65		THR	1
7R08_A	34	1	A	66		THR	1
7R08_A	35	1	A	67		LEU	1
7R08_A	36	1	A	68		LEU	1
7R08_A	37	1	A	69		ASN	1
7R08_A	38	1	A	70		ASP	1
7R08_A	39	1	A	71		ILE	1
7R08_A	40	1	A	72		ASN	1
7R08_A	41	1	A	73		SER	1
7R08_A	42	1	A	74		SER	1
7R08_A	43	1	A	75		ILE	1
7R08_A	44	1	A	76		HIS	1
7R08_A	45	1	A	77		ASN	1
7R08_A	46	1	A	78		LYS	1
7R08_A	47	1	A	79		LYS	1
7R08_A	48	1	A	80		ILE	1
7R08_A	49	1	A	81		LYS	1
7R08_A	50	1	A	82		ILE	1
7R08_A	51	1	A	83		GLU	1
7R08_A	52	1	A	84		PRO	1
7R08_A	53	1	A	85		THR	1
7R08_A	54	1	A	86		ALA	1
7R08_A	55	1	A	87		LYS	1
7R08_A	56	1	A	88		GLU	1
7R08_A	57	1	A	89		LEU	1
7R08_A	58	1	A	90		MET	1
7R08_A	59	1	A	91		GLY	1
7R08_A	60	1	A	92		LYS	1
7R08_A	61	1	A	93		ASP	1
7R08_A	62	1	A	94		ILE	1
7R08_A	63	1	A	95		ASN	1
7R08_A	64	1	A	96		TYR	1
7R08_A	65	1	A	97		GLU	1
7R08_A	66	1	A	98		VAL	1
7R08_A	67	1	A	99		LEU	1
7R08_A	68	1	A	100		VAL	1
7R08_A	69	1	A	101		SER	1
7R08_A	70	1	A	102		LYS	1
7R08_A	71	1	A	103		ASP	1
7R08_A	72	1	A	104		GLY	1
7R08_A	73	1	A	105		LEU	1
7R08_A	74	1	A	106		TYR	1
7R08_A	75	1	A	107		SER	1
7R08_A	76	1	A	108		TRP	1
7R08_A	77	1	A	109		ARG	1
7R08_A	78	1	A	110		ARG	1
7R08_A	79	1	A	111		ILE	1
7R08_A	80	1	A	112		THR	1
7R08_A	81	1	A	113		LEU	1
7R08_A	82	1	A	114		ILE	1
7R08_A	83	1	A	115		ASN	1
7R08_A	84	1	A	116		PRO	1
7R08_A	85	1	A	117		LEU	1
7R08_A	86	1	A	118		TYR	1
7R08_A	87	1	A	119		TYR	1
7R08_A	88	1	A	120		VAL	1
7R08_A	89	1	A	121		TYR	1
7R08_A	90	1	A	122		PHE	1
7R08_A	91	1	A	123		CYS	1
7R08_A	92	1	A	124		ARG	1
7R08_A	93	1	A	125		LYS	1
7R08_A	94	1	A	126		ILE	1
7R08_A	95	1	A	127		THR	1
7R08_A	96	1	A	128		ALA	1
7R08_A	97	1	A	129		PRO	1
7R08_A	98	1	A	130		ALA	1
7R08_A	99	1	A	131		THR	1
7R08_A	100	1	A	132		TRP	1
7R08_A	101	1	A	133		GLU	1
7R08_A	102	1	A	134		ILE	1
7R08_A	103	1	A	135		ILE	1
7R08_A	104	1	A	136		THR	1
7R08_A	105	1	A	137		GLU	1
7R08_A	106	1	A	138		LYS	2
7R08_A	107	1	A	139		PHE	2
7R08_A	108	1	A	140		LYS	2
7R08_A	109	1	A	141		SER	2
7R08_A	110	1	A	142		PHE	2
7R08_A	111	1	A	143		GLU	2
7R08_A	112	1	A	144		SER	2
7R08_A	113	1	A	145		ASN	2
7R08_A	114	1	A	146		ASP	2
7R08_A	115	1	A	147		LEU	2
7R08_A	116	1	A	148		PHE	2
7R08_A	117	1	A	149		THR	2
7R08_A	118	1	A	150		CYS	2
7R08_A	119	1	A	151		SER	2
7R08_A	120	1	A	152		SER	2
7R08_A	121	1	A	153		ILE	2
7R08_A	122	1	A	154		PRO	2
7R08_A	123	1	A	155		VAL	2
7R08_A	124	1	A	156		ARG	2
7R08_A	125	1	A	157		LYS	2
7R08_A	126	1	A	170		TRP	2
7R08_A	127	1	A	171		TRP	2
7R08_A	128	1	A	172		GLU	2
7R08_A	129	1	A	173		ASP	2
7R08_A	130	1	A	174		PHE	2
7R08_A	131	1	A	175		GLU	2
7R08_A	132	1	A	176		GLN	2
7R08_A	133	1	A	177		LYS	2
7R08_A	134	1	A	178		SER	2
7R08_A	135	1	A	179		LEU	2
7R08_A	136	1	A	180		ALA	2
7R08_A	137	1	A	181		LEU	2
7R08_A	138	1	A	182		ALA	2
7R08_A	139	1	A	183		LEU	2
7R08_A	140	1	A	184		GLU	2
7R08_A	141	1	A	185		TYR	2
7R08_A	142	1	A	186		GLU	2
7R08_A	143	1	A	187		PHE	2
7R08_A	144	1	A	188		MET	2
7R08_A	145	1	A	189		PHE	2
7R08_A	146	1	A	190		SER	2
7R08_A	147	1	A	191		THR	2
7R08_A	148	1	A	192		ASP	2
7R08_A	149	1	A	193		ILE	2
7R08_A	150	1	A	194		SER	2
7R08_A	151	1	A	195		ASN	2
7R08_A	152	1	A	196		PHE	2
7R08_A	153	1	A	197		TYR	1
7R08_A	154	1	A	198		PRO	1
7R08_A	155	1	A	199		SER	1
7R08_A	156	1	A	200		ILE	1
7R08_A	157	1	A	201		TYR	1
7R08_A	158	1	A	202		THR	1
7R08_A	159	1	A	203		HIS	1
7R08_A	160	1	A	204		SER	1
7R08_A	161	1	A	205		PHE	1
7R08_A	162	1	A	206		GLU	1
7R08_A	163	1	A	207		TRP	1
7R08_A	164	1	A	208		VAL	1
7R08_A	165	1	A	209		PHE	1
7R08_A	166	1	A	210		ILE	1
7R08_A	167	1	A	211		SER	1
7R08_A	168	1	A	212		LYS	1
7R08_A	169	1	A	213		GLU	1
7R08_A	170	1	A	223		ASN	1
7R08_A	171	1	A	224		PRO	1
7R08_A	172	1	A	225		GLY	1
7R08_A	173	1	A	226		GLY	1
7R08_A	174	1	A	227		LEU	1
7R08_A	175	1	A	228		ILE	1
7R08_A	176	1	A	229		ASP	1
7R08_A	177	1	A	230		SER	1
7R08_A	178	1	A	231		HIS	1
7R08_A	179	1	A	232		ILE	1
7R08_A	180	1	A	233		GLN	1
7R08_A	181	1	A	234		MET	1
7R08_A	182	1	A	235		MET	1
7R08_A	183	1	A	236		MET	1
7R08_A	184	1	A	237		ASN	1
7R08_A	185	1	A	238		ASN	1
7R08_A	186	1	A	239		GLN	1
7R08_A	187	1	A	240		THR	1
7R08_A	188	1	A	241		ASN	1
7R08_A	189	1	A	242		GLY	1
7R08_A	190	1	A	243		ILE	1
7R08_A	191	1	A	244		PRO	1
7R08_A	192	1	A	245		LEU	1
7R08_A	193	1	A	246		GLY	1
7R08_A	194	1	A	247		SER	1
7R08_A	195	1	A	248		THR	1
7R08_A	196	1	A	249		LEU	1
7R08_A	197	1	A	250		MET	1
7R08_A	198	1	A	251		ASP	1
7R08_A	199	1	A	252		THR	1
7R08_A	200	1	A	253		PHE	1
7R08_A	201	1	A	254		ALA	1
7R08_A	202	1	A	255		GLU	1
7R08_A	203	1	A	256		LEU	1
7R08_A	204	1	A	257		ILE	1
7R08_A	205	1	A	258		LEU	2
7R08_A	206	1	A	259		GLY	2
7R08_A	207	1	A	260		GLN	2
7R08_A	208	1	A	261		ILE	2
7R08_A	209	1	A	262		ASP	2
7R08_A	210	1	A	263		ILE	2
7R08_A	211	1	A	264		GLU	2
7R08_A	212	1	A	265		LEU	2
7R08_A	213	1	A	266		ARG	2
7R08_A	214	1	A	267		LYS	2
7R08_A	215	1	A	268		LYS	2
7R08_A	216	1	A	269		THR	2
7R08_A	217	1	A	270		ASN	2
7R08_A	218	1	A	271		GLU	2
7R08_A	219	1	A	272		LEU	2
7R08_A	220	1	A	273		LYS	2
7R08_A	221	1	A	274		ILE	2
7R08_A	222	1	A	275		ILE	2
7R08_A	223	1	A	276		ASN	2
7R08_A	224	1	A	277		TYR	2
7R08_A	225	1	A	278		LYS	2
7R08_A	226	1	A	279		VAL	2
7R08_A	227	1	A	280		VAL	2
7R08_A	228	1	A	281		ARG	2
7R08_A	229	1	A	282		TYR	2
7R08_A	230	1	A	283		ARG	2
7R08_A	231	1	A	284		ASP	2
7R08_A	232	1	A	285		ASP	2
7R08_A	233	1	A	286		TYR	2
7R08_A	234	1	A	287		ARG	2
7R08_A	235	1	A	288		ILE	2
7R08_A	236	1	A	289		PHE	2
7R08_A	237	1	A	290		SER	2
7R08_A	238	1	A	291		ASN	2
7R08_A	239	1	A	292		SER	2
7R08_A	240	1	A	293		LYS	2
7R08_A	241	1	A	294		ASP	2
7R08_A	242	1	A	295		ASP	2
7R08_A	243	1	A	296		LEU	2
7R08_A	244	1	A	297		ASP	2
7R08_A	245	1	A	298		ILE	2
7R08_A	246	1	A	299		ILE	2
7R08_A	247	1	A	300		SER	2
7R08_A	248	1	A	301		LYS	2
7R08_A	249	1	A	302		CYS	2
7R08_A	250	1	A	303		LEU	2
7R08_A	251	1	A	304		VAL	2
7R08_A	252	1	A	305		ASN	2
7R08_A	253	1	A	306		VAL	2
7R08_A	254	1	A	307		LEU	2
7R08_A	255	1	A	308		GLY	2
7R08_A	256	1	A	309		ASP	2
7R08_A	257	1	A	310		PHE	2
7R08_A	258	1	A	311		GLY	2
7R08_A	259	1	A	312		LEU	2
7R08_A	260	1	A	313		ASP	2
7R08_A	261	1	A	314		LEU	2
7R08_A	262	1	A	315		ASN	2
7R08_A	263	1	A	316		SER	2
7R08_A	264	1	A	317		LYS	2
7R08_A	265	1	A	318		LYS	2
7R08_A	266	1	A	319		THR	2
7R08_A	267	1	A	320		GLU	2
7R08_A	268	1	A	321		LEU	2
7R08_A	269	1	A	322		TYR	2
7R08_A	270	1	A	323		GLU	2
7R08_A	271	1	A	324		ASP	2
7R08_A	272	1	A	325		ILE	2
7R08_A	273	1	A	326		ILE	2
7R08_A	274	1	A	327		LEU	2
7R08_A	275	1	A	328		HIS	2
7R08_A	276	1	A	329		SER	2
7R08_A	277	1	A	330		LEU	2
7R08_A	278	1	A	331		LYS	3
7R08_A	279	1	A	332		GLN	3
7R08_A	280	1	A	333		ALA	3
7R08_A	281	1	A	334		LYS	3
7R08_A	282	1	A	335		LYS	3
7R08_A	283	1	A	336		ASP	3
7R08_A	284	1	A	337		TYR	3
7R08_A	285	1	A	338		ILE	3
7R08_A	286	1	A	339		LYS	3
7R08_A	287	1	A	340		GLU	3
7R08_A	288	1	A	341		LYS	3
7R08_A	289	1	A	342		ARG	3
7R08_A	290	1	A	343		HIS	3
7R08_A	291	1	A	344		LYS	3
7R08_A	292	1	A	345		SER	3
7R08_A	293	1	A	346		LEU	3
7R08_A	294	1	A	347		GLN	3
7R08_A	295	1	A	348		LYS	3
7R08_A	296	1	A	349		MET	3
7R08_A	297	1	A	350		LEU	3
7R08_A	298	1	A	351		TYR	3
7R08_A	299	1	A	352		SER	3
7R08_A	300	1	A	353		ILE	3
7R08_A	301	1	A	354		TYR	3
7R08_A	302	1	A	355		LEU	3
7R08_A	303	1	A	356		PHE	3
7R08_A	304	1	A	357		SER	3
7R08_A	305	1	A	358		LEU	3
7R08_A	306	1	A	359		LYS	3
7R08_A	307	1	A	360		HIS	3
7R08_A	308	1	A	361		PRO	3
7R08_A	309	1	A	362		ASN	3
7R08_A	310	1	A	363		SER	3
7R08_A	311	1	A	364		LYS	3
7R08_A	312	1	A	365		THR	3
7R08_A	313	1	A	366		THR	3
7R08_A	314	1	A	367		VAL	3
7R08_A	315	1	A	368		ARG	3
7R08_A	316	1	A	369		TYR	3
7R08_A	317	1	A	370		LEU	3
7R08_A	318	1	A	371		ASN	3
7R08_A	319	1	A	372		ASP	3
7R08_A	320	1	A	373		PHE	3
7R08_A	321	1	A	374		LEU	3
7R08_A	322	1	A	375		ARG	3
7R08_A	323	1	A	376		ASN	3
7R08_A	324	1	A	377		LEU	3
7R08_A	325	1	A	378		PHE	3
7R08_A	326	1	A	379		LYS	3
7R08_A	327	1	A	380		ARG	3
7R08_A	328	1	A	381		LYS	3
7R08_A	329	1	A	382		THR	3
7R08_A	330	1	A	383		ILE	3
7R08_A	331	1	A	384		LYS	3
7R08_A	332	1	A	385		ASP	3
7R08_A	333	1	A	386		ASN	3
7R08_A	334	1	A	387		GLY	3
7R08_A	335	1	A	388		GLN	3
7R08_A	336	1	A	389		GLN	3
7R08_A	337	1	A	390		VAL	3
7R08_A	338	1	A	391		ASP	3
7R08_A	339	1	A	392		ALA	3
7R08_A	340	1	A	393		MET	3
7R08_A	341	1	A	394		LEU	3
7R08_A	342	1	A	395		GLY	3
7R08_A	343	1	A	396		ILE	3
7R08_A	344	1	A	397		ILE	3
7R08_A	345	1	A	398		SER	3
7R08_A	346	1	A	399		SER	3
7R08_A	347	1	A	400		ILE	3
7R08_A	348	1	A	401		MET	3
7R08_A	349	1	A	402		ALA	3
7R08_A	350	1	A	403		LYS	3
7R08_A	351	1	A	404		ASN	3
7R08_A	352	1	A	405		PRO	3
7R08_A	353	1	A	406		THR	3
7R08_A	354	1	A	407		THR	3
7R08_A	355	1	A	408		TYR	3
7R08_A	356	1	A	409		PRO	3
7R08_A	357	1	A	410		VAL	3
7R08_A	358	1	A	411		GLY	3
7R08_A	359	1	A	412		THR	3
7R08_A	360	1	A	413		ALA	3
7R08_A	361	1	A	414		ILE	3
7R08_A	362	1	A	415		PHE	3
7R08_A	363	1	A	416		SER	3
7R08_A	364	1	A	417		LYS	3
7R08_A	365	1	A	418		LEU	3
7R08_A	366	1	A	419		LEU	3
7R08_A	367	1	A	420		SER	3
7R08_A	368	1	A	421		PHE	3
7R08_A	369	1	A	422		LEU	3
7R08_A	370	1	A	423		TYR	3
7R08_A	371	1	A	424		GLY	3
7R08_A	372	1	A	425		ASP	3
7R08_A	373	1	A	426		ASP	3
7R08_A	374	1	A	427		THR	3
7R08_A	375	1	A	428		GLN	3
7R08_A	376	1	A	429		LYS	3
7R08_A	377	1	A	430		LYS	3
7R08_A	378	1	A	431		LEU	3
7R08_A	379	1	A	432		THR	3
7R08_A	380	1	A	433		LYS	3
7R08_A	381	1	A	434		LEU	3
7R08_A	382	1	A	435		GLU	3
7R08_A	383	1	A	436		GLN	3
7R08_A	384	1	A	437		LEU	3
7R08_A	385	1	A	438		HIS	3
7R08_A	386	1	A	439		LYS	3
7R08_A	387	1	A	440		LYS	3
7R08_A	388	1	A	441		LEU	3
7R08_A	389	1	A	442		ASP	3
7R08_A	390	1	A	443		LYS	3
7R08_A	391	1	A	444		GLN	3
7R08_A	392	1	A	445		PRO	3
7R08_A	393	1	A	446		ASN	3
7R08_A	394	1	A	447		THR	3
7R08_A	395	1	A	448		GLU	3
7R08_A	396	1	A	449		MET	3
7R08_A	397	1	A	450		LEU	3
7R08_A	398	1	A	451		ASP	3
7R08_A	399	1	A	452		ILE	3
7R08_A	400	1	A	453		TRP	3
7R08_A	401	1	A	454		PHE	3
7R08_A	402	1	A	455		GLN	3
7R08_A	403	1	A	456		ARG	3
7R08_A	404	1	A	457		THR	3
7R08_A	405	1	A	458		GLN	3
7R08_A	406	1	A	459		ALA	3
7R08_A	407	1	A	460		LYS	3
7R08_A	408	1	A	461		ILE	3
7R08_A	409	1	A	462		ASN	1
7R08_A	410	1	A	463		LEU	1
7R08_A	411	1	A	464		GLU	1
7R08_A	412	1	A	465		TRP	1
7R08_A	413	1	A	468		SER	1
7R08_A	414	1	A	469		TYR	1
7R08_A	415	1	A	470		LYS	1
7R08_A	416	1	A	471		SER	1
7R08_A	417	1	A	472		ALA	1
7R08_A	418	1	A	473		LEU	1
7R08_A	419	1	A	474		CYS	1
7R08_A	420	1	A	475		VAL	1
7R08_A	421	1	A	476		ARG	1
7R08_A	422	1	A	477		ILE	1
7R08_A	423	1	A	478		ASN	1
7R08_A	424	1	A	479		ASP	1
7R08_A	425	1	A	480		GLU	1
7R08_A	426	1	A	481		LEU	1
7R08_A	427	1	A	482		THR	1
7R08_A	428	1	A	483		LYS	1
7R08_A	429	1	A	484		GLU	1
7R08_A	430	1	A	485		LYS	1
7R08_A	431	1	A	486		THR	1
7R08_A	432	1	A	487		PHE	1
7R08_A	433	1	A	488		SER	1
7R08_A	434	1	A	489		VAL	1
7R08_A	435	1	A	490		ASN	1
7R08_A	436	1	A	491		ASN	1
7R08_A	437	1	A	492		LEU	1
7R08_A	438	1	A	493		TRP	1
7R08_A	439	1	A	494		ASN	1
7R08_A	440	1	A	495		ILE	1
7R08_A	441	1	A	496		ASP	1
7R08_A	442	1	A	497		TRP	1
7R08_A	443	1	A	498		ILE	1
7R08_A	444	1	A	499		GLN	1
7R08_A	445	1	A	500		GLY	1
7R08_A	446	1	A	501		LYS	1
7R08_A	447	1	A	502		GLU	1
7R08_A	448	1	A	503		THR	1
7R08_A	449	1	A	504		SER	1
7R08_A	450	1	A	505		PRO	1
7R08_A	451	1	A	506		ASN	1
7R08_A	452	1	A	507		LYS	1
7R08_A	453	1	A	508		ALA	1
7R08_A	454	1	A	509		LYS	1
7R08_A	455	1	A	510		ILE	1
7R08_A	456	1	A	511		LEU	1
7R08_A	457	1	A	512		SER	1
7R08_A	458	1	A	513		LEU	1
7R08_A	459	1	A	514		LEU	1
7R08_A	460	1	A	515		ARG	1
7R08_A	461	1	A	516		LYS	1
7R08_A	462	1	A	517		THR	1
7R08_A	463	1	A	518		LYS	1
7R08_A	464	1	A	519		ILE	1
7R08_A	465	1	A	520		VAL	1
7R08_A	466	1	A	521		ASP	1
7R08_A	467	1	A	522		THR	1
7R08_A	468	1	A	523		ASP	1
7R08_A	469	1	A	524		LYS	1
7R08_A	470	1	A	525		PHE	1
7R08_A	471	1	A	526		ASP	1
7R08_A	472	1	A	527		LYS	1
7R08_A	473	1	A	528		MET	1
7R08_A	474	1	A	529		ASP	1
7R08_A	475	1	A	530		ASP	3
7R08_A	476	1	A	531		ASN	3
7R08_A	477	1	A	532		ILE	3
7R08_A	478	1	A	533		THR	3
7R08_A	479	1	A	534		PRO	3
7R08_A	480	1	A	535		GLU	3
7R08_A	481	1	A	536		GLU	3
7R08_A	482	1	A	537		VAL	3
7R08_A	483	1	A	538		ASN	3
7R08_A	484	1	A	539		LEU	3
7R08_A	485	1	A	540		PHE	3
7R08_A	486	1	A	541		PHE	3
7UIM_D	0	1	D	5		ASN	1
7UIM_D	1	1	D	6		LEU	1
7UIM_D	2	1	D	7		MET	1
7UIM_D	3	1	D	8		GLU	1
7UIM_D	4	1	D	9		GLN	1
7UIM_D	5	1	D	10		ILE	1
7UIM_D	6	1	D	11		LEU	1
7UIM_D	7	1	D	12		SER	1
7UIM_D	8	1	D	13		SER	1
7UIM_D	9	1	D	14		ASP	1
7UIM_D	10	1	D	15		ASN	1
7UIM_D	11	1	D	16		LEU	1
7UIM_D	12	1	D	17		ASN	1
7UIM_D	13	1	D	18		ARG	1
7UIM_D	14	1	D	19		ALA	1
7UIM_D	15	1	D	20		TYR	1
7UIM_D	16	1	D	21		LEU	1
7UIM_D	17	1	D	22		GLN	1
7UIM_D	18	1	D	23		VAL	1
7UIM_D	19	1	D	24		VAL	1
7UIM_D	20	1	D	25		ARG	1
7UIM_D	21	1	D	26		ASN	1
7UIM_D	22	1	D	27		LYS	1
7UIM_D	23	1	D	28		GLY	1
7UIM_D	24	1	D	29		ALA	1
7UIM_D	25	1	D	30		GLU	1
7UIM_D	26	1	D	31		GLY	1
7UIM_D	27	1	D	32		VAL	1
7UIM_D	28	1	D	33		ASP	1
7UIM_D	29	1	D	34		GLY	1
7UIM_D	30	1	D	35		MET	1
7UIM_D	31	1	D	36		LYS	1
7UIM_D	32	1	D	37		TYR	1
7UIM_D	33	1	D	38		THR	1
7UIM_D	34	1	D	39		GLU	1
7UIM_D	35	1	D	40		LEU	1
7UIM_D	36	1	D	41		LYS	1
7UIM_D	37	1	D	42		GLU	1
7UIM_D	38	1	D	43		HIS	1
7UIM_D	39	1	D	44		LEU	1
7UIM_D	40	1	D	45		ALA	1
7UIM_D	41	1	D	46		LYS	1
7UIM_D	42	1	D	47		ASN	1
7UIM_D	43	1	D	48		GLY	1
7UIM_D	44	1	D	49		GLU	1
7UIM_D	45	1	D	50		THR	1
7UIM_D	46	1	D	51		ILE	1
7UIM_D	47	1	D	52		LYS	1
7UIM_D	48	1	D	53		GLY	1
7UIM_D	49	1	D	54		GLN	1
7UIM_D	50	1	D	55		LEU	1
7UIM_D	51	1	D	56		ARG	1
7UIM_D	52	1	D	57		THR	1
7UIM_D	53	1	D	58		ARG	1
7UIM_D	54	1	D	59		LYS	1
7UIM_D	55	1	D	60		TYR	1
7UIM_D	56	1	D	61		LYS	1
7UIM_D	57	1	D	62		PRO	1
7UIM_D	58	1	D	63		GLN	1
7UIM_D	59	1	D	64		PRO	1
7UIM_D	60	1	D	81		GLY	1
7UIM_D	61	1	D	82		VAL	1
7UIM_D	62	1	D	83		PRO	1
7UIM_D	63	1	D	84		THR	1
7UIM_D	64	1	D	85		VAL	1
7UIM_D	65	1	D	86		THR	1
7UIM_D	66	1	D	87		ASP	1
7UIM_D	67	1	D	88		ARG	1
7UIM_D	68	1	D	89		PHE	1
7UIM_D	69	1	D	90		ILE	1
7UIM_D	70	1	D	91		GLN	1
7UIM_D	71	1	D	92		GLN	1
7UIM_D	72	1	D	93		ALA	1
7UIM_D	73	1	D	94		ILE	2
7UIM_D	74	1	D	95		ALA	2
7UIM_D	75	1	D	96		GLN	2
7UIM_D	76	1	D	97		VAL	2
7UIM_D	77	1	D	98		LEU	2
7UIM_D	78	1	D	99		THR	2
7UIM_D	79	1	D	100		PRO	2
7UIM_D	80	1	D	101		ILE	2
7UIM_D	81	1	D	102		TYR	2
7UIM_D	82	1	D	103		GLU	2
7UIM_D	83	1	D	104		GLU	2
7UIM_D	84	1	D	105		GLN	2
7UIM_D	85	1	D	106		PHE	2
7UIM_D	86	1	D	107		HIS	2
7UIM_D	87	1	D	108		ASP	2
7UIM_D	88	1	D	109		HIS	2
7UIM_D	89	1	D	110		SER	2
7UIM_D	90	1	D	111		TYR	2
7UIM_D	91	1	D	112		GLY	2
7UIM_D	92	1	D	113		PHE	2
7UIM_D	93	1	D	114		ARG	2
7UIM_D	94	1	D	115		PRO	2
7UIM_D	95	1	D	116		ASN	2
7UIM_D	96	1	D	117		ARG	2
7UIM_D	97	1	D	118		CYS	2
7UIM_D	98	1	D	119		ALA	2
7UIM_D	99	1	D	120		GLN	2
7UIM_D	100	1	D	121		GLN	2
7UIM_D	101	1	D	122		ALA	2
7UIM_D	102	1	D	123		ILE	2
7UIM_D	103	1	D	124		LEU	2
7UIM_D	104	1	D	125		THR	2
7UIM_D	105	1	D	126		ALA	2
7UIM_D	106	1	D	127		LEU	2
7UIM_D	107	1	D	128		ASN	2
7UIM_D	108	1	D	129		ILE	2
7UIM_D	109	1	D	130		MET	2
7UIM_D	110	1	D	131		ASN	2
7UIM_D	111	1	D	132		ASP	2
7UIM_D	112	1	D	133		GLY	2
7UIM_D	113	1	D	134		ASN	2
7UIM_D	114	1	D	135		ASP	2
7UIM_D	115	1	D	136		TRP	2
7UIM_D	116	1	D	137		ILE	2
7UIM_D	117	1	D	138		VAL	2
7UIM_D	118	1	D	139		ASP	2
7UIM_D	119	1	D	140		ILE	2
7UIM_D	120	1	D	141		ASP	2
7UIM_D	121	1	D	142		LEU	2
7UIM_D	122	1	D	143		GLU	2
7UIM_D	123	1	D	144		LYS	2
7UIM_D	124	1	D	145		PHE	2
7UIM_D	125	1	D	146		PHE	2
7UIM_D	126	1	D	147		ASP	2
7UIM_D	127	1	D	148		THR	2
7UIM_D	128	1	D	149		VAL	2
7UIM_D	129	1	D	150		ASN	2
7UIM_D	130	1	D	151		HIS	2
7UIM_D	131	1	D	152		ASP	2
7UIM_D	132	1	D	153		LYS	2
7UIM_D	133	1	D	154		LEU	2
7UIM_D	134	1	D	155		MET	2
7UIM_D	135	1	D	156		THR	2
7UIM_D	136	1	D	157		LEU	2
7UIM_D	137	1	D	158		ILE	2
7UIM_D	138	1	D	159		GLY	2
7UIM_D	139	1	D	160		ARG	2
7UIM_D	140	1	D	161		THR	2
7UIM_D	141	1	D	162		ILE	2
7UIM_D	142	1	D	163		LYS	2
7UIM_D	143	1	D	164		ASP	2
7UIM_D	144	1	D	165		GLY	2
7UIM_D	145	1	D	166		ASP	2
7UIM_D	146	1	D	167		VAL	2
7UIM_D	147	1	D	168		ILE	2
7UIM_D	148	1	D	169		SER	2
7UIM_D	149	1	D	170		ILE	2
7UIM_D	150	1	D	171		VAL	2
7UIM_D	151	1	D	172		ARG	2
7UIM_D	152	1	D	173		LYS	2
7UIM_D	153	1	D	174		TYR	2
7UIM_D	154	1	D	175		LEU	2
7UIM_D	155	1	D	176		VAL	2
7UIM_D	156	1	D	177		SER	2
7UIM_D	157	1	D	195		GLY	2
7UIM_D	158	1	D	196		GLY	2
7UIM_D	159	1	D	197		ASN	2
7UIM_D	160	1	D	198		LEU	2
7UIM_D	161	1	D	199		SER	2
7UIM_D	162	1	D	200		PRO	2
7UIM_D	163	1	D	201		LEU	2
7UIM_D	164	1	D	202		LEU	2
7UIM_D	165	1	D	203		ALA	2
7UIM_D	166	1	D	204		ASN	2
7UIM_D	167	1	D	205		ILE	2
7UIM_D	168	1	D	206		MET	2
7UIM_D	169	1	D	207		LEU	2
7UIM_D	170	1	D	208		ASN	2
7UIM_D	171	1	D	209		GLU	2
7UIM_D	172	1	D	210		LEU	2
7UIM_D	173	1	D	211		ASP	2
7UIM_D	174	1	D	212		LYS	2
7UIM_D	175	1	D	213		GLU	2
7UIM_D	176	1	D	214		MET	2
7UIM_D	177	1	D	215		GLU	2
7UIM_D	178	1	D	216		LYS	2
7UIM_D	179	1	D	217		ARG	2
7UIM_D	180	1	D	218		GLY	2
7UIM_D	181	1	D	219		LEU	2
7UIM_D	182	1	D	220		ASN	2
7UIM_D	183	1	D	221		PHE	2
7UIM_D	184	1	D	222		VAL	2
7UIM_D	185	1	D	223		ARG	2
7UIM_D	186	1	D	224		TYR	2
7UIM_D	187	1	D	225		ALA	2
7UIM_D	188	1	D	226		ASP	2
7UIM_D	189	1	D	227		ASP	2
7UIM_D	190	1	D	228		CYS	2
7UIM_D	191	1	D	229		ILE	2
7UIM_D	192	1	D	230		ILE	2
7UIM_D	193	1	D	231		MET	2
7UIM_D	194	1	D	232		VAL	2
7UIM_D	195	1	D	233		GLY	2
7UIM_D	196	1	D	234		SER	2
7UIM_D	197	1	D	235		GLU	2
7UIM_D	198	1	D	236		MET	2
7UIM_D	199	1	D	237		SER	2
7UIM_D	200	1	D	238		ALA	2
7UIM_D	201	1	D	239		ASN	2
7UIM_D	202	1	D	240		ARG	2
7UIM_D	203	1	D	241		VAL	2
7UIM_D	204	1	D	242		MET	2
7UIM_D	205	1	D	243		ARG	2
7UIM_D	206	1	D	244		ASN	2
7UIM_D	207	1	D	245		ILE	2
7UIM_D	208	1	D	246		SER	2
7UIM_D	209	1	D	247		ARG	2
7UIM_D	210	1	D	248		PHE	2
7UIM_D	211	1	D	249		ILE	2
7UIM_D	212	1	D	250		GLU	2
7UIM_D	213	1	D	251		GLU	2
7UIM_D	214	1	D	252		LYS	2
7UIM_D	215	1	D	253		LEU	2
7UIM_D	216	1	D	254		GLY	2
7UIM_D	217	1	D	255		LEU	2
7UIM_D	218	1	D	256		LYS	2
7UIM_D	219	1	D	257		VAL	2
7UIM_D	220	1	D	258		ASN	2
7UIM_D	221	1	D	259		MET	2
7UIM_D	222	1	D	260		THR	2
7UIM_D	223	1	D	261		LYS	2
7UIM_D	224	1	D	262		SER	2
7UIM_D	225	1	D	263		LYS	2
7UIM_D	226	1	D	264		VAL	2
7UIM_D	227	1	D	265		ASP	2
7UIM_D	228	1	D	266		ARG	2
7UIM_D	229	1	D	267		PRO	2
7UIM_D	230	1	D	268		SER	2
7UIM_D	231	1	D	269		GLY	2
7UIM_D	232	1	D	270		LEU	2
7UIM_D	233	1	D	271		LYS	2
7UIM_D	234	1	D	272		TYR	2
7UIM_D	235	1	D	273		LEU	2
7UIM_D	236	1	D	274		GLY	2
7UIM_D	237	1	D	275		PHE	2
7UIM_D	238	1	D	276		GLY	2
7UIM_D	239	1	D	277		PHE	2
7UIM_D	240	1	D	278		TYR	2
7UIM_D	241	1	D	279		PHE	2
7UIM_D	242	1	D	280		ASP	2
7UIM_D	243	1	D	281		PRO	2
7UIM_D	244	1	D	282		ARG	2
7UIM_D	245	1	D	283		ALA	2
7UIM_D	246	1	D	284		HIS	2
7UIM_D	247	1	D	285		GLN	2
7UIM_D	248	1	D	286		PHE	2
7UIM_D	249	1	D	287		LYS	2
7UIM_D	250	1	D	288		ALA	2
7UIM_D	251	1	D	289		LYS	3
7UIM_D	252	1	D	290		PRO	3
7UIM_D	253	1	D	291		HIS	3
7UIM_D	254	1	D	292		ALA	3
7UIM_D	255	1	D	293		LYS	3
7UIM_D	256	1	D	294		SER	3
7UIM_D	257	1	D	295		VAL	3
7UIM_D	258	1	D	296		ALA	3
7UIM_D	259	1	D	297		LYS	3
7UIM_D	260	1	D	298		PHE	3
7UIM_D	261	1	D	299		LYS	3
7UIM_D	262	1	D	300		LYS	3
7UIM_D	263	1	D	301		ARG	3
7UIM_D	264	1	D	302		MET	3
7UIM_D	265	1	D	303		LYS	3
7UIM_D	266	1	D	304		GLU	3
7UIM_D	267	1	D	305		LEU	3
7UIM_D	268	1	D	306		THR	3
7UIM_D	269	1	D	307		CYS	3
7UIM_D	270	1	D	308		ARG	3
7UIM_D	271	1	D	309		SER	3
7UIM_D	272	1	D	310		TRP	3
7UIM_D	273	1	D	311		GLY	3
7UIM_D	274	1	D	312		VAL	3
7UIM_D	275	1	D	313		SER	3
7UIM_D	276	1	D	314		ASN	3
7UIM_D	277	1	D	315		SER	3
7UIM_D	278	1	D	316		TYR	3
7UIM_D	279	1	D	317		LYS	3
7UIM_D	280	1	D	318		VAL	3
7UIM_D	281	1	D	319		GLU	3
7UIM_D	282	1	D	320		LYS	3
7UIM_D	283	1	D	321		LEU	3
7UIM_D	284	1	D	322		ASN	3
7UIM_D	285	1	D	323		GLN	3
7UIM_D	286	1	D	324		LEU	3
7UIM_D	287	1	D	325		ILE	3
7UIM_D	288	1	D	326		ARG	3
7UIM_D	289	1	D	327		GLY	3
7UIM_D	290	1	D	328		TRP	3
7UIM_D	291	1	D	329		ILE	3
7UIM_D	292	1	D	330		ASN	3
7UIM_D	293	1	D	331		TYR	3
7UIM_D	294	1	D	332		PHE	3
7UIM_D	295	1	D	333		LYS	3
7UIM_D	296	1	D	334		ILE	3
7UIM_D	297	1	D	335		GLY	3
7UIM_D	298	1	D	336		SER	3
7UIM_D	299	1	D	337		MET	3
7UIM_D	300	1	D	338		LYS	3
7UIM_D	301	1	D	339		THR	3
7UIM_D	302	1	D	340		LEU	3
7UIM_D	303	1	D	341		CYS	3
7UIM_D	304	1	D	342		LYS	3
7UIM_D	305	1	D	343		GLU	3
7UIM_D	306	1	D	344		LEU	3
7UIM_D	307	1	D	345		ASP	3
7UIM_D	308	1	D	346		SER	3
7UIM_D	309	1	D	347		ARG	3
7UIM_D	310	1	D	348		ILE	3
7UIM_D	311	1	D	349		ARG	3
7UIM_D	312	1	D	350		TYR	3
7UIM_D	313	1	D	351		ARG	3
7UIM_D	314	1	D	352		LEU	3
7UIM_D	315	1	D	353		ARG	3
7UIM_D	316	1	D	354		MET	3
7UIM_D	317	1	D	355		CYS	3
7UIM_D	318	1	D	356		ILE	3
7UIM_D	319	1	D	357		TRP	3
7UIM_D	320	1	D	358		LYS	3
7UIM_D	321	1	D	359		GLN	3
7UIM_D	322	1	D	360		TRP	3
7UIM_D	323	1	D	361		LYS	3
7UIM_D	324	1	D	362		THR	3
7UIM_D	325	1	D	363		PRO	3
7UIM_D	326	1	D	364		GLN	3
7UIM_D	327	1	D	365		ASN	3
7UIM_D	328	1	D	366		GLN	3
7UIM_D	329	1	D	367		GLU	3
7UIM_D	330	1	D	368		LYS	3
7UIM_D	331	1	D	369		ASN	3
7UIM_D	332	1	D	370		LEU	3
7UIM_D	333	1	D	371		VAL	3
7UIM_D	334	1	D	372		LYS	3
7UIM_D	335	1	D	373		LEU	3
7UIM_D	336	1	D	374		GLY	3
7UIM_D	337	1	D	375		ILE	3
7UIM_D	338	1	D	376		ASP	3
7UIM_D	339	1	D	377		ARG	3
7UIM_D	340	1	D	378		ASN	3
7UIM_D	341	1	D	379		THR	3
7UIM_D	342	1	D	380		ALA	3
7UIM_D	343	1	D	381		ARG	3
7UIM_D	344	1	D	382		ARG	3
7UIM_D	345	1	D	383		VAL	3
7UIM_D	346	1	D	384		ALA	3
7UIM_D	347	1	D	385		TYR	3
7UIM_D	348	1	D	386		THR	3
7UIM_D	349	1	D	387		GLY	3
7UIM_D	350	1	D	388		LYS	3
7UIM_D	351	1	D	389		ARG	3
7UIM_D	352	1	D	390		ILE	3
7UIM_D	353	1	D	391		ALA	3
7UIM_D	354	1	D	392		TYR	3
7UIM_D	355	1	D	393		VAL	3
7UIM_D	356	1	D	394		CYS	3
7UIM_D	357	1	D	395		ASN	3
7UIM_D	358	1	D	396		LYS	3
7UIM_D	359	1	D	397		GLY	3
7UIM_D	360	1	D	398		ALA	3
7UIM_D	361	1	D	399		VAL	3
7UIM_D	362	1	D	400		ASN	3
7UIM_D	363	1	D	401		VAL	3
7UIM_D	364	1	D	402		ALA	3
7UIM_D	365	1	D	403		ILE	3
7UIM_D	366	1	D	404		SER	3
7UIM_D	367	1	D	405		ASN	3
7UIM_D	368	1	D	406		LYS	3
7UIM_D	369	1	D	407		ARG	3
7UIM_D	370	1	D	408		LEU	3
7UIM_D	371	1	D	409		ALA	3
7UIM_D	372	1	D	410		SER	3
7UIM_D	373	1	D	411		PHE	3
7UIM_D	374	1	D	412		GLY	3
7UIM_D	375	1	D	413		LEU	3
7UIM_D	376	1	D	414		ILE	3
7UIM_D	377	1	D	415		SER	3
7UIM_D	378	1	D	416		MET	3
7UIM_D	379	1	D	417		LEU	3
7UIM_D	380	1	D	418		ASP	3
7UIM_D	381	1	D	419		TYR	3
7UIM_D	382	1	D	420		TYR	3
7UIM_D	383	1	D	421		ILE	3
7UIM_D	384	1	D	422		GLU	3
7UIM_D	385	1	D	423		LYS	3
7UIM_D	386	1	D	424		CYS	3
7UIN_D	0	1	D	5		ASN	1
7UIN_D	1	1	D	6		LEU	1
7UIN_D	2	1	D	7		MET	1
7UIN_D	3	1	D	8		GLU	1
7UIN_D	4	1	D	9		GLN	1
7UIN_D	5	1	D	10		ILE	1
7UIN_D	6	1	D	11		LEU	1
7UIN_D	7	1	D	12		SER	1
7UIN_D	8	1	D	13		SER	1
7UIN_D	9	1	D	14		ASP	1
7UIN_D	10	1	D	15		ASN	1
7UIN_D	11	1	D	16		LEU	1
7UIN_D	12	1	D	17		ASN	1
7UIN_D	13	1	D	18		ARG	1
7UIN_D	14	1	D	19		ALA	1
7UIN_D	15	1	D	20		TYR	1
7UIN_D	16	1	D	21		LEU	1
7UIN_D	17	1	D	22		GLN	1
7UIN_D	18	1	D	23		VAL	1
7UIN_D	19	1	D	24		VAL	1
7UIN_D	20	1	D	25		ARG	1
7UIN_D	21	1	D	26		ASN	1
7UIN_D	22	1	D	27		LYS	1
7UIN_D	23	1	D	28		GLY	1
7UIN_D	24	1	D	29		ALA	1
7UIN_D	25	1	D	30		GLU	1
7UIN_D	26	1	D	31		GLY	1
7UIN_D	27	1	D	32		VAL	1
7UIN_D	28	1	D	33		ASP	1
7UIN_D	29	1	D	34		GLY	1
7UIN_D	30	1	D	35		MET	1
7UIN_D	31	1	D	36		LYS	1
7UIN_D	32	1	D	37		TYR	1
7UIN_D	33	1	D	38		THR	1
7UIN_D	34	1	D	39		GLU	1
7UIN_D	35	1	D	40		LEU	1
7UIN_D	36	1	D	41		LYS	1
7UIN_D	37	1	D	42		GLU	1
7UIN_D	38	1	D	43		HIS	1
7UIN_D	39	1	D	44		LEU	1
7UIN_D	40	1	D	45		ALA	1
7UIN_D	41	1	D	46		LYS	1
7UIN_D	42	1	D	47		ASN	1
7UIN_D	43	1	D	48		GLY	1
7UIN_D	44	1	D	49		GLU	1
7UIN_D	45	1	D	50		THR	1
7UIN_D	46	1	D	51		ILE	1
7UIN_D	47	1	D	52		LYS	1
7UIN_D	48	1	D	53		GLY	1
7UIN_D	49	1	D	54		GLN	1
7UIN_D	50	1	D	55		LEU	1
7UIN_D	51	1	D	56		ARG	1
7UIN_D	52	1	D	57		THR	1
7UIN_D	53	1	D	58		ARG	1
7UIN_D	54	1	D	59		LYS	1
7UIN_D	55	1	D	60		TYR	1
7UIN_D	56	1	D	61		LYS	1
7UIN_D	57	1	D	62		PRO	1
7UIN_D	58	1	D	63		GLN	1
7UIN_D	59	1	D	64		PRO	1
7UIN_D	60	1	D	81		GLY	1
7UIN_D	61	1	D	82		VAL	1
7UIN_D	62	1	D	83		PRO	1
7UIN_D	63	1	D	84		THR	1
7UIN_D	64	1	D	85		VAL	1
7UIN_D	65	1	D	86		THR	1
7UIN_D	66	1	D	87		ASP	1
7UIN_D	67	1	D	88		ARG	1
7UIN_D	68	1	D	89		PHE	1
7UIN_D	69	1	D	90		ILE	1
7UIN_D	70	1	D	91		GLN	1
7UIN_D	71	1	D	92		GLN	1
7UIN_D	72	1	D	93		ALA	1
7UIN_D	73	1	D	94		ILE	1
7UIN_D	74	1	D	95		ALA	1
7UIN_D	75	1	D	96		GLN	1
7UIN_D	76	1	D	97		VAL	1
7UIN_D	77	1	D	98		LEU	2
7UIN_D	78	1	D	99		THR	2
7UIN_D	79	1	D	100		PRO	2
7UIN_D	80	1	D	101		ILE	2
7UIN_D	81	1	D	102		TYR	2
7UIN_D	82	1	D	103		GLU	2
7UIN_D	83	1	D	104		GLU	2
7UIN_D	84	1	D	105		GLN	2
7UIN_D	85	1	D	106		PHE	2
7UIN_D	86	1	D	107		HIS	2
7UIN_D	87	1	D	108		ASP	2
7UIN_D	88	1	D	109		HIS	2
7UIN_D	89	1	D	110		SER	2
7UIN_D	90	1	D	111		TYR	2
7UIN_D	91	1	D	112		GLY	2
7UIN_D	92	1	D	113		PHE	2
7UIN_D	93	1	D	114		ARG	2
7UIN_D	94	1	D	115		PRO	2
7UIN_D	95	1	D	116		ASN	2
7UIN_D	96	1	D	117		ARG	2
7UIN_D	97	1	D	118		CYS	2
7UIN_D	98	1	D	119		ALA	2
7UIN_D	99	1	D	120		GLN	2
7UIN_D	100	1	D	121		GLN	2
7UIN_D	101	1	D	122		ALA	2
7UIN_D	102	1	D	123		ILE	2
7UIN_D	103	1	D	124		LEU	2
7UIN_D	104	1	D	125		THR	2
7UIN_D	105	1	D	126		ALA	2
7UIN_D	106	1	D	127		LEU	2
7UIN_D	107	1	D	128		ASN	2
7UIN_D	108	1	D	129		ILE	2
7UIN_D	109	1	D	130		MET	2
7UIN_D	110	1	D	131		ASN	2
7UIN_D	111	1	D	132		ASP	2
7UIN_D	112	1	D	133		GLY	2
7UIN_D	113	1	D	134		ASN	2
7UIN_D	114	1	D	135		ASP	2
7UIN_D	115	1	D	136		TRP	2
7UIN_D	116	1	D	137		ILE	2
7UIN_D	117	1	D	138		VAL	2
7UIN_D	118	1	D	139		ASP	2
7UIN_D	119	1	D	140		ILE	2
7UIN_D	120	1	D	141		ASP	2
7UIN_D	121	1	D	142		LEU	2
7UIN_D	122	1	D	143		GLU	2
7UIN_D	123	1	D	144		LYS	2
7UIN_D	124	1	D	145		PHE	2
7UIN_D	125	1	D	146		PHE	2
7UIN_D	126	1	D	147		ASP	1
7UIN_D	127	1	D	148		THR	1
7UIN_D	128	1	D	149		VAL	1
7UIN_D	129	1	D	150		ASN	1
7UIN_D	130	1	D	151		HIS	1
7UIN_D	131	1	D	152		ASP	1
7UIN_D	132	1	D	153		LYS	1
7UIN_D	133	1	D	154		LEU	1
7UIN_D	134	1	D	155		MET	1
7UIN_D	135	1	D	156		THR	1
7UIN_D	136	1	D	157		LEU	1
7UIN_D	137	1	D	158		ILE	1
7UIN_D	138	1	D	159		GLY	1
7UIN_D	139	1	D	160		ARG	1
7UIN_D	140	1	D	161		THR	1
7UIN_D	141	1	D	162		ILE	1
7UIN_D	142	1	D	163		LYS	1
7UIN_D	143	1	D	164		ASP	1
7UIN_D	144	1	D	165		GLY	1
7UIN_D	145	1	D	166		ASP	1
7UIN_D	146	1	D	167		VAL	1
7UIN_D	147	1	D	168		ILE	1
7UIN_D	148	1	D	169		SER	1
7UIN_D	149	1	D	170		ILE	1
7UIN_D	150	1	D	171		VAL	1
7UIN_D	151	1	D	172		ARG	1
7UIN_D	152	1	D	173		LYS	1
7UIN_D	153	1	D	174		TYR	1
7UIN_D	154	1	D	175		LEU	1
7UIN_D	155	1	D	176		VAL	1
7UIN_D	156	1	D	177		SER	1
7UIN_D	157	1	D	195		GLY	1
7UIN_D	158	1	D	196		GLY	1
7UIN_D	159	1	D	197		ASN	1
7UIN_D	160	1	D	198		LEU	1
7UIN_D	161	1	D	199		SER	2
7UIN_D	162	1	D	200		PRO	2
7UIN_D	163	1	D	201		LEU	2
7UIN_D	164	1	D	202		LEU	2
7UIN_D	165	1	D	203		ALA	2
7UIN_D	166	1	D	204		ASN	2
7UIN_D	167	1	D	205		ILE	2
7UIN_D	168	1	D	206		MET	2
7UIN_D	169	1	D	207		LEU	2
7UIN_D	170	1	D	208		ASN	2
7UIN_D	171	1	D	209		GLU	2
7UIN_D	172	1	D	210		LEU	2
7UIN_D	173	1	D	211		ASP	2
7UIN_D	174	1	D	212		LYS	2
7UIN_D	175	1	D	213		GLU	2
7UIN_D	176	1	D	214		MET	2
7UIN_D	177	1	D	215		GLU	2
7UIN_D	178	1	D	216		LYS	2
7UIN_D	179	1	D	217		ARG	2
7UIN_D	180	1	D	218		GLY	2
7UIN_D	181	1	D	219		LEU	2
7UIN_D	182	1	D	220		ASN	2
7UIN_D	183	1	D	221		PHE	2
7UIN_D	184	1	D	222		VAL	2
7UIN_D	185	1	D	223		ARG	2
7UIN_D	186	1	D	224		TYR	2
7UIN_D	187	1	D	225		ALA	2
7UIN_D	188	1	D	226		ASP	2
7UIN_D	189	1	D	227		ASP	2
7UIN_D	190	1	D	228		CYS	2
7UIN_D	191	1	D	229		ILE	2
7UIN_D	192	1	D	230		ILE	2
7UIN_D	193	1	D	231		MET	2
7UIN_D	194	1	D	232		VAL	2
7UIN_D	195	1	D	233		GLY	2
7UIN_D	196	1	D	234		SER	2
7UIN_D	197	1	D	235		GLU	2
7UIN_D	198	1	D	236		MET	2
7UIN_D	199	1	D	237		SER	2
7UIN_D	200	1	D	238		ALA	2
7UIN_D	201	1	D	239		ASN	2
7UIN_D	202	1	D	240		ARG	2
7UIN_D	203	1	D	241		VAL	2
7UIN_D	204	1	D	242		MET	2
7UIN_D	205	1	D	243		ARG	2
7UIN_D	206	1	D	244		ASN	2
7UIN_D	207	1	D	245		ILE	2
7UIN_D	208	1	D	246		SER	2
7UIN_D	209	1	D	247		ARG	2
7UIN_D	210	1	D	248		PHE	2
7UIN_D	211	1	D	249		ILE	2
7UIN_D	212	1	D	250		GLU	2
7UIN_D	213	1	D	251		GLU	2
7UIN_D	214	1	D	252		LYS	2
7UIN_D	215	1	D	253		LEU	2
7UIN_D	216	1	D	254		GLY	2
7UIN_D	217	1	D	255		LEU	2
7UIN_D	218	1	D	256		LYS	2
7UIN_D	219	1	D	257		VAL	2
7UIN_D	220	1	D	258		ASN	2
7UIN_D	221	1	D	259		MET	2
7UIN_D	222	1	D	260		THR	2
7UIN_D	223	1	D	261		LYS	2
7UIN_D	224	1	D	262		SER	2
7UIN_D	225	1	D	263		LYS	2
7UIN_D	226	1	D	264		VAL	2
7UIN_D	227	1	D	265		ASP	2
7UIN_D	228	1	D	266		ARG	2
7UIN_D	229	1	D	267		PRO	2
7UIN_D	230	1	D	268		SER	2
7UIN_D	231	1	D	269		GLY	2
7UIN_D	232	1	D	270		LEU	2
7UIN_D	233	1	D	271		LYS	2
7UIN_D	234	1	D	272		TYR	2
7UIN_D	235	1	D	273		LEU	2
7UIN_D	236	1	D	274		GLY	2
7UIN_D	237	1	D	275		PHE	2
7UIN_D	238	1	D	276		GLY	2
7UIN_D	239	1	D	277		PHE	2
7UIN_D	240	1	D	278		TYR	2
7UIN_D	241	1	D	279		PHE	2
7UIN_D	242	1	D	280		ASP	2
7UIN_D	243	1	D	281		PRO	2
7UIN_D	244	1	D	282		ARG	2
7UIN_D	245	1	D	283		ALA	2
7UIN_D	246	1	D	284		HIS	2
7UIN_D	247	1	D	285		GLN	2
7UIN_D	248	1	D	286		PHE	2
7UIN_D	249	1	D	287		LYS	2
7UIN_D	250	1	D	288		ALA	2
7UIN_D	251	1	D	289		LYS	2
7UIN_D	252	1	D	290		PRO	3
7UIN_D	253	1	D	291		HIS	3
7UIN_D	254	1	D	292		ALA	3
7UIN_D	255	1	D	293		LYS	3
7UIN_D	256	1	D	294		SER	3
7UIN_D	257	1	D	295		VAL	3
7UIN_D	258	1	D	296		ALA	3
7UIN_D	259	1	D	297		LYS	3
7UIN_D	260	1	D	298		PHE	3
7UIN_D	261	1	D	299		LYS	3
7UIN_D	262	1	D	300		LYS	3
7UIN_D	263	1	D	301		ARG	3
7UIN_D	264	1	D	302		MET	3
7UIN_D	265	1	D	303		LYS	3
7UIN_D	266	1	D	304		GLU	3
7UIN_D	267	1	D	305		LEU	3
7UIN_D	268	1	D	306		THR	3
7UIN_D	269	1	D	307		CYS	3
7UIN_D	270	1	D	308		ARG	3
7UIN_D	271	1	D	309		SER	3
7UIN_D	272	1	D	310		TRP	3
7UIN_D	273	1	D	311		GLY	3
7UIN_D	274	1	D	312		VAL	3
7UIN_D	275	1	D	313		SER	3
7UIN_D	276	1	D	314		ASN	3
7UIN_D	277	1	D	315		SER	3
7UIN_D	278	1	D	316		TYR	3
7UIN_D	279	1	D	317		LYS	3
7UIN_D	280	1	D	318		VAL	3
7UIN_D	281	1	D	319		GLU	3
7UIN_D	282	1	D	320		LYS	3
7UIN_D	283	1	D	321		LEU	3
7UIN_D	284	1	D	322		ASN	3
7UIN_D	285	1	D	323		GLN	3
7UIN_D	286	1	D	324		LEU	3
7UIN_D	287	1	D	325		ILE	3
7UIN_D	288	1	D	326		ARG	3
7UIN_D	289	1	D	327		GLY	3
7UIN_D	290	1	D	328		TRP	3
7UIN_D	291	1	D	329		ILE	3
7UIN_D	292	1	D	330		ASN	3
7UIN_D	293	1	D	331		TYR	3
7UIN_D	294	1	D	332		PHE	3
7UIN_D	295	1	D	333		LYS	3
7UIN_D	296	1	D	334		ILE	3
7UIN_D	297	1	D	335		GLY	3
7UIN_D	298	1	D	336		SER	3
7UIN_D	299	1	D	337		MET	3
7UIN_D	300	1	D	338		LYS	3
7UIN_D	301	1	D	339		THR	3
7UIN_D	302	1	D	340		LEU	3
7UIN_D	303	1	D	341		CYS	3
7UIN_D	304	1	D	342		LYS	3
7UIN_D	305	1	D	343		GLU	3
7UIN_D	306	1	D	344		LEU	3
7UIN_D	307	1	D	345		ASP	3
7UIN_D	308	1	D	346		SER	3
7UIN_D	309	1	D	347		ARG	3
7UIN_D	310	1	D	348		ILE	3
7UIN_D	311	1	D	349		ARG	3
7UIN_D	312	1	D	350		TYR	3
7UIN_D	313	1	D	351		ARG	3
7UIN_D	314	1	D	352		LEU	3
7UIN_D	315	1	D	353		ARG	3
7UIN_D	316	1	D	354		MET	3
7UIN_D	317	1	D	355		CYS	3
7UIN_D	318	1	D	356		ILE	3
7UIN_D	319	1	D	357		TRP	4
7UIN_D	320	1	D	358		LYS	4
7UIN_D	321	1	D	359		GLN	4
7UIN_D	322	1	D	360		TRP	4
7UIN_D	323	1	D	361		LYS	4
7UIN_D	324	1	D	362		THR	4
7UIN_D	325	1	D	363		PRO	4
7UIN_D	326	1	D	364		GLN	4
7UIN_D	327	1	D	365		ASN	4
7UIN_D	328	1	D	366		GLN	4
7UIN_D	329	1	D	367		GLU	4
7UIN_D	330	1	D	368		LYS	4
7UIN_D	331	1	D	369		ASN	4
7UIN_D	332	1	D	370		LEU	4
7UIN_D	333	1	D	371		VAL	4
7UIN_D	334	1	D	372		LYS	4
7UIN_D	335	1	D	373		LEU	4
7UIN_D	336	1	D	374		GLY	4
7UIN_D	337	1	D	375		ILE	4
7UIN_D	338	1	D	376		ASP	4
7UIN_D	339	1	D	377		ARG	4
7UIN_D	340	1	D	378		ASN	4
7UIN_D	341	1	D	379		THR	4
7UIN_D	342	1	D	380		ALA	4
7UIN_D	343	1	D	381		ARG	4
7UIN_D	344	1	D	382		ARG	4
7UIN_D	345	1	D	383		VAL	4
7UIN_D	346	1	D	384		ALA	4
7UIN_D	347	1	D	385		TYR	4
7UIN_D	348	1	D	386		THR	4
7UIN_D	349	1	D	387		GLY	4
7UIN_D	350	1	D	388		LYS	4
7UIN_D	351	1	D	389		ARG	4
7UIN_D	352	1	D	390		ILE	4
7UIN_D	353	1	D	391		ALA	4
7UIN_D	354	1	D	392		TYR	4
7UIN_D	355	1	D	393		VAL	4
7UIN_D	356	1	D	394		CYS	4
7UIN_D	357	1	D	395		ASN	4
7UIN_D	358	1	D	396		LYS	4
7UIN_D	359	1	D	397		GLY	4
7UIN_D	360	1	D	398		ALA	4
7UIN_D	361	1	D	399		VAL	4
7UIN_D	362	1	D	400		ASN	4
7UIN_D	363	1	D	401		VAL	4
7UIN_D	364	1	D	402		ALA	4
7UIN_D	365	1	D	403		ILE	3
7UIN_D	366	1	D	404		SER	3
7UIN_D	367	1	D	405		ASN	3
7UIN_D	368	1	D	406		LYS	3
7UIN_D	369	1	D	407		ARG	3
7UIN_D	370	1	D	408		LEU	3
7UIN_D	371	1	D	409		ALA	3
7UIN_D	372	1	D	410		SER	3
7UIN_D	373	1	D	411		PHE	3
7UIN_D	374	1	D	412		GLY	3
7UIN_D	375	1	D	413		LEU	3
7UIN_D	376	1	D	414		ILE	3
7UIN_D	377	1	D	415		SER	3
7UIN_D	378	1	D	416		MET	3
7UIN_D	379	1	D	417		LEU	3
7UIN_D	380	1	D	418		ASP	3
7UIN_D	381	1	D	419		TYR	3
7UIN_D	382	1	D	420		TYR	3
7UIN_D	383	1	D	421		ILE	3
7UIN_D	384	1	D	422		GLU	3
7UIN_D	385	1	D	423		LYS	3
7UIN_D	386	1	D	424		CYS	3
7V9U_A	0	1	A	3		SER	0
7V9U_A	1	1	A	4		ALA	0
7V9U_A	2	1	A	5		GLU	0
7V9U_A	3	1	A	6		TYR	0
7V9U_A	4	1	A	7		LEU	0
7V9U_A	5	1	A	8		ASN	0
7V9U_A	6	1	A	9		THR	0
7V9U_A	7	1	A	10		PHE	0
7V9U_A	8	1	A	11		ARG	0
7V9U_A	9	1	A	12		LEU	0
7V9U_A	10	1	A	13		ARG	0
7V9U_A	11	1	A	14		ASN	0
7V9U_A	12	1	A	15		LEU	0
7V9U_A	13	1	A	16		GLY	0
7V9U_A	14	1	A	17		LEU	0
7V9U_A	15	1	A	18		PRO	0
7V9U_A	16	1	A	19		VAL	0
7V9U_A	17	1	A	20		MET	1
7V9U_A	18	1	A	21		ASN	1
7V9U_A	19	1	A	22		ASN	1
7V9U_A	20	1	A	23		LEU	1
7V9U_A	21	1	A	24		HIS	1
7V9U_A	22	1	A	25		ASP	1
7V9U_A	23	1	A	26		MET	1
7V9U_A	24	1	A	27		SER	1
7V9U_A	25	1	A	28		LYS	1
7V9U_A	26	1	A	29		ALA	1
7V9U_A	27	1	A	30		THR	1
7V9U_A	28	1	A	31		ARG	1
7V9U_A	29	1	A	32		ILE	1
7V9U_A	30	1	A	33		SER	1
7V9U_A	31	1	A	34		VAL	1
7V9U_A	32	1	A	35		GLU	1
7V9U_A	33	1	A	36		THR	1
7V9U_A	34	1	A	37		LEU	1
7V9U_A	35	1	A	38		ARG	1
7V9U_A	36	1	A	39		LEU	1
7V9U_A	37	1	A	40		LEU	1
7V9U_A	38	1	A	41		ILE	1
7V9U_A	39	1	A	42		TYR	1
7V9U_A	40	1	A	43		THR	1
7V9U_A	41	1	A	44		ALA	1
7V9U_A	42	1	A	45		ASP	1
7V9U_A	43	1	A	46		PHE	1
7V9U_A	44	1	A	47		ARG	1
7V9U_A	45	1	A	48		TYR	1
7V9U_A	46	1	A	49		ARG	1
7V9U_A	47	1	A	50		ILE	1
7V9U_A	48	1	A	51		TYR	1
7V9U_A	49	1	A	52		THR	1
7V9U_A	50	1	A	53		VAL	1
7V9U_A	51	1	A	54		GLU	1
7V9U_A	52	1	A	55		LYS	1
7V9U_A	53	1	A	56		LYS	1
7V9U_A	54	1	A	57		GLY	1
7V9U_A	55	1	A	58		PRO	1
7V9U_A	56	1	A	59		GLU	1
7V9U_A	57	1	A	60		LYS	1
7V9U_A	58	1	A	61		ARG	1
7V9U_A	59	1	A	62		MET	1
7V9U_A	60	1	A	63		ARG	1
7V9U_A	61	1	A	64		THR	1
7V9U_A	62	1	A	65		ILE	1
7V9U_A	63	1	A	66		TYR	1
7V9U_A	64	1	A	67		GLN	1
7V9U_A	65	1	A	68		PRO	1
7V9U_A	66	1	A	69		SER	1
7V9U_A	67	1	A	70		ARG	1
7V9U_A	68	1	A	71		GLU	1
7V9U_A	69	1	A	72		LEU	1
7V9U_A	70	1	A	73		LYS	1
7V9U_A	71	1	A	74		ALA	1
7V9U_A	72	1	A	75		LEU	1
7V9U_A	73	1	A	76		GLN	1
7V9U_A	74	1	A	77		GLY	1
7V9U_A	75	1	A	78		TRP	1
7V9U_A	76	1	A	79		VAL	1
7V9U_A	77	1	A	80		LEU	1
7V9U_A	78	1	A	81		ARG	1
7V9U_A	79	1	A	82		ASN	1
7V9U_A	80	1	A	83		ILE	1
7V9U_A	81	1	A	84		LEU	1
7V9U_A	82	1	A	85		ASP	1
7V9U_A	83	1	A	86		LYS	1
7V9U_A	84	1	A	87		LEU	1
7V9U_A	85	1	A	88		SER	1
7V9U_A	86	1	A	89		SER	1
7V9U_A	87	1	A	90		SER	1
7V9U_A	88	1	A	91		PRO	1
7V9U_A	89	1	A	92		PHE	1
7V9U_A	90	1	A	93		SER	1
7V9U_A	91	1	A	94		ILE	1
7V9U_A	92	1	A	95		GLY	1
7V9U_A	93	1	A	96		PHE	1
7V9U_A	94	1	A	97		GLU	1
7V9U_A	95	1	A	98		LYS	1
7V9U_A	96	1	A	99		HIS	1
7V9U_A	97	1	A	100		GLN	1
7V9U_A	98	1	A	101		SER	1
7V9U_A	99	1	A	102		ILE	1
7V9U_A	100	1	A	103		LEU	1
7V9U_A	101	1	A	104		ASN	1
7V9U_A	102	1	A	105		ASN	1
7V9U_A	103	1	A	106		ALA	1
7V9U_A	104	1	A	107		THR	1
7V9U_A	105	1	A	108		PRO	1
7V9U_A	106	1	A	109		HIS	1
7V9U_A	107	1	A	110		ILE	1
7V9U_A	108	1	A	111		GLY	1
7V9U_A	109	1	A	112		ALA	1
7V9U_A	110	1	A	113		ASN	1
7V9U_A	111	1	A	114		PHE	1
7V9U_A	112	1	A	115		ILE	1
7V9U_A	113	1	A	116		LEU	1
7V9U_A	114	1	A	117		ASN	1
7V9U_A	115	1	A	118		ILE	1
7V9U_A	116	1	A	119		ASP	1
7V9U_A	117	1	A	120		LEU	1
7V9U_A	118	1	A	121		GLU	1
7V9U_A	119	1	A	122		ASP	1
7V9U_A	120	1	A	123		PHE	1
7V9U_A	121	1	A	124		PHE	1
7V9U_A	122	1	A	125		PRO	1
7V9U_A	123	1	A	126		SER	1
7V9U_A	124	1	A	127		LEU	1
7V9U_A	125	1	A	128		THR	1
7V9U_A	126	1	A	129		ALA	1
7V9U_A	127	1	A	130		ASN	1
7V9U_A	128	1	A	131		LYS	1
7V9U_A	129	1	A	132		VAL	1
7V9U_A	130	1	A	133		PHE	1
7V9U_A	131	1	A	134		GLY	1
7V9U_A	132	1	A	135		VAL	1
7V9U_A	133	1	A	136		PHE	1
7V9U_A	134	1	A	137		HIS	1
7V9U_A	135	1	A	138		SER	1
7V9U_A	136	1	A	139		LEU	1
7V9U_A	137	1	A	140		GLY	1
7V9U_A	138	1	A	141		TYR	1
7V9U_A	139	1	A	142		ASN	1
7V9U_A	140	1	A	143		ARG	1
7V9U_A	141	1	A	144		LEU	1
7V9U_A	142	1	A	145		ILE	1
7V9U_A	143	1	A	146		SER	1
7V9U_A	144	1	A	147		SER	1
7V9U_A	145	1	A	148		VAL	1
7V9U_A	146	1	A	149		LEU	1
7V9U_A	147	1	A	150		THR	1
7V9U_A	148	1	A	151		LYS	1
7V9U_A	149	1	A	152		ILE	1
7V9U_A	150	1	A	153		CYS	1
7V9U_A	151	1	A	154		CYS	1
7V9U_A	152	1	A	155		TYR	1
7V9U_A	153	1	A	156		LYS	1
7V9U_A	154	1	A	157		ASN	1
7V9U_A	155	1	A	158		LEU	1
7V9U_A	156	1	A	159		LEU	1
7V9U_A	157	1	A	160		PRO	1
7V9U_A	158	1	A	161		GLN	1
7V9U_A	159	1	A	162		GLY	1
7V9U_A	160	1	A	163		ALA	1
7V9U_A	161	1	A	164		PRO	1
7V9U_A	162	1	A	165		SER	1
7V9U_A	163	1	A	166		SER	1
7V9U_A	164	1	A	167		PRO	1
7V9U_A	165	1	A	168		LYS	1
7V9U_A	166	1	A	169		LEU	1
7V9U_A	167	1	A	170		ALA	1
7V9U_A	168	1	A	171		ASN	1
7V9U_A	169	1	A	172		LEU	1
7V9U_A	170	1	A	173		ILE	1
7V9U_A	171	1	A	174		CYS	1
7V9U_A	172	1	A	175		SER	1
7V9U_A	173	1	A	176		LYS	1
7V9U_A	174	1	A	177		LEU	1
7V9U_A	175	1	A	178		ASP	1
7V9U_A	176	1	A	179		TYR	1
7V9U_A	177	1	A	180		ARG	1
7V9U_A	178	1	A	181		ILE	1
7V9U_A	179	1	A	182		GLN	1
7V9U_A	180	1	A	183		GLY	1
7V9U_A	181	1	A	184		TYR	1
7V9U_A	182	1	A	185		ALA	1
7V9U_A	183	1	A	186		GLY	1
7V9U_A	184	1	A	187		SER	1
7V9U_A	185	1	A	188		ARG	1
7V9U_A	186	1	A	189		GLY	1
7V9U_A	187	1	A	190		LEU	1
7V9U_A	188	1	A	191		ILE	1
7V9U_A	189	1	A	192		TYR	1
7V9U_A	190	1	A	193		THR	1
7V9U_A	191	1	A	194		ARG	1
7V9U_A	192	1	A	195		TYR	1
7V9U_A	193	1	A	196		ALA	1
7V9U_A	194	1	A	197		ASP	1
7V9U_A	195	1	A	198		ASP	1
7V9U_A	196	1	A	199		LEU	1
7V9U_A	197	1	A	200		THR	1
7V9U_A	198	1	A	201		LEU	1
7V9U_A	199	1	A	202		SER	1
7V9U_A	200	1	A	203		ALA	1
7V9U_A	201	1	A	204		GLN	1
7V9U_A	202	1	A	205		SER	1
7V9U_A	203	1	A	206		MET	1
7V9U_A	204	1	A	207		LYS	1
7V9U_A	205	1	A	208		LYS	1
7V9U_A	206	1	A	209		VAL	1
7V9U_A	207	1	A	210		VAL	1
7V9U_A	208	1	A	211		LYS	1
7V9U_A	209	1	A	212		ALA	1
7V9U_A	210	1	A	213		ARG	1
7V9U_A	211	1	A	214		ASP	1
7V9U_A	212	1	A	215		PHE	1
7V9U_A	213	1	A	216		LEU	1
7V9U_A	214	1	A	217		PHE	1
7V9U_A	215	1	A	218		SER	1
7V9U_A	216	1	A	219		ILE	1
7V9U_A	217	1	A	220		ILE	1
7V9U_A	218	1	A	221		PRO	1
7V9U_A	219	1	A	222		SER	1
7V9U_A	220	1	A	223		GLU	1
7V9U_A	221	1	A	224		GLY	1
7V9U_A	222	1	A	225		LEU	1
7V9U_A	223	1	A	226		VAL	1
7V9U_A	224	1	A	227		ILE	1
7V9U_A	225	1	A	228		ASN	1
7V9U_A	226	1	A	229		SER	1
7V9U_A	227	1	A	230		LYS	1
7V9U_A	228	1	A	231		LYS	1
7V9U_A	229	1	A	232		THR	1
7V9U_A	230	1	A	233		CYS	1
7V9U_A	231	1	A	234		ILE	1
7V9U_A	232	1	A	235		SER	1
7V9U_A	233	1	A	236		GLY	1
7V9U_A	234	1	A	237		PRO	1
7V9U_A	235	1	A	238		ARG	1
7V9U_A	236	1	A	239		SER	1
7V9U_A	237	1	A	240		GLN	1
7V9U_A	238	1	A	241		ARG	1
7V9U_A	239	1	A	242		LYS	1
7V9U_A	240	1	A	243		VAL	1
7V9U_A	241	1	A	244		THR	1
7V9U_A	242	1	A	245		GLY	1
7V9U_A	243	1	A	246		LEU	1
7V9U_A	244	1	A	247		VAL	1
7V9U_A	245	1	A	248		ILE	1
7V9U_A	246	1	A	249		SER	1
7V9U_A	247	1	A	250		GLN	1
7V9U_A	248	1	A	251		GLU	1
7V9U_A	249	1	A	252		LYS	1
7V9U_A	250	1	A	253		VAL	1
7V9U_A	251	1	A	254		GLY	2
7V9U_A	252	1	A	255		ILE	2
7V9U_A	253	1	A	256		GLY	2
7V9U_A	254	1	A	257		ARG	2
7V9U_A	255	1	A	258		GLU	2
7V9U_A	256	1	A	259		LYS	2
7V9U_A	257	1	A	260		TYR	2
7V9U_A	258	1	A	261		LYS	2
7V9U_A	259	1	A	262		GLU	2
7V9U_A	260	1	A	263		ILE	2
7V9U_A	261	1	A	264		ARG	2
7V9U_A	262	1	A	265		ALA	2
7V9U_A	263	1	A	266		LYS	2
7V9U_A	264	1	A	267		ILE	2
7V9U_A	265	1	A	268		HIS	2
7V9U_A	266	1	A	269		HIS	2
7V9U_A	267	1	A	270		ILE	2
7V9U_A	268	1	A	271		PHE	2
7V9U_A	269	1	A	272		CYS	2
7V9U_A	270	1	A	273		GLY	2
7V9U_A	271	1	A	274		LYS	2
7V9U_A	272	1	A	275		SER	2
7V9U_A	273	1	A	276		SER	2
7V9U_A	274	1	A	277		GLU	2
7V9U_A	275	1	A	278		ILE	2
7V9U_A	276	1	A	279		GLU	2
7V9U_A	277	1	A	280		HIS	2
7V9U_A	278	1	A	281		VAL	2
7V9U_A	279	1	A	282		ARG	2
7V9U_A	280	1	A	283		GLY	2
7V9U_A	281	1	A	284		TRP	2
7V9U_A	282	1	A	285		LEU	2
7V9U_A	283	1	A	286		SER	2
7V9U_A	284	1	A	287		PHE	2
7V9U_A	285	1	A	288		ILE	2
7V9U_A	286	1	A	289		LEU	2
7V9U_A	287	1	A	290		SER	2
7V9U_A	288	1	A	291		VAL	2
7V9U_A	289	1	A	292		ASP	2
7V9U_A	290	1	A	293		SER	2
7V9U_A	291	1	A	294		LYS	2
7V9U_A	292	1	A	295		SER	2
7V9U_A	293	1	A	296		HIS	2
7V9U_A	294	1	A	297		ARG	2
7V9U_A	295	1	A	298		ARG	2
7V9U_A	296	1	A	299		LEU	2
7V9U_A	297	1	A	300		ILE	2
7V9U_A	298	1	A	301		THR	2
7V9U_A	299	1	A	302		TYR	2
7V9U_A	300	1	A	303		ILE	2
7V9U_A	301	1	A	304		SER	2
7V9U_A	302	1	A	305		LYS	2
7V9U_A	303	1	A	306		LEU	2
7V9U_A	304	1	A	307		GLU	2
7V9U_A	305	1	A	308		LYS	2
7V9U_A	306	1	A	309		LYS	2
7V9U_A	307	1	A	310		TYR	2
7V9U_A	308	1	A	311		GLY	2
7V9X_A	0	1	A	3		SER	1
7V9X_A	1	1	A	4		ALA	1
7V9X_A	2	1	A	5		GLU	1
7V9X_A	3	1	A	6		TYR	1
7V9X_A	4	1	A	7		LEU	1
7V9X_A	5	1	A	8		ASN	1
7V9X_A	6	1	A	9		THR	1
7V9X_A	7	1	A	10		PHE	1
7V9X_A	8	1	A	11		ARG	1
7V9X_A	9	1	A	12		LEU	1
7V9X_A	10	1	A	13		ARG	1
7V9X_A	11	1	A	14		ASN	1
7V9X_A	12	1	A	15		LEU	1
7V9X_A	13	1	A	16		GLY	1
7V9X_A	14	1	A	17		LEU	1
7V9X_A	15	1	A	18		PRO	1
7V9X_A	16	1	A	19		VAL	1
7V9X_A	17	1	A	20		MET	1
7V9X_A	18	1	A	21		ASN	1
7V9X_A	19	1	A	22		ASN	1
7V9X_A	20	1	A	23		LEU	1
7V9X_A	21	1	A	24		HIS	1
7V9X_A	22	1	A	25		ASP	1
7V9X_A	23	1	A	26		MET	1
7V9X_A	24	1	A	27		SER	1
7V9X_A	25	1	A	28		LYS	1
7V9X_A	26	1	A	29		ALA	1
7V9X_A	27	1	A	30		THR	1
7V9X_A	28	1	A	31		ARG	1
7V9X_A	29	1	A	32		ILE	1
7V9X_A	30	1	A	33		SER	1
7V9X_A	31	1	A	34		VAL	1
7V9X_A	32	1	A	35		GLU	1
7V9X_A	33	1	A	36		THR	1
7V9X_A	34	1	A	37		LEU	1
7V9X_A	35	1	A	38		ARG	1
7V9X_A	36	1	A	39		LEU	1
7V9X_A	37	1	A	40		LEU	2
7V9X_A	38	1	A	41		ILE	2
7V9X_A	39	1	A	42		TYR	2
7V9X_A	40	1	A	43		THR	2
7V9X_A	41	1	A	44		ALA	2
7V9X_A	42	1	A	45		ASP	2
7V9X_A	43	1	A	46		PHE	2
7V9X_A	44	1	A	47		ARG	2
7V9X_A	45	1	A	48		TYR	2
7V9X_A	46	1	A	49		ARG	2
7V9X_A	47	1	A	50		ILE	2
7V9X_A	48	1	A	51		TYR	2
7V9X_A	49	1	A	52		THR	2
7V9X_A	50	1	A	53		VAL	2
7V9X_A	51	1	A	54		GLU	2
7V9X_A	52	1	A	55		LYS	2
7V9X_A	53	1	A	56		LYS	2
7V9X_A	54	1	A	57		GLY	2
7V9X_A	55	1	A	58		PRO	2
7V9X_A	56	1	A	59		GLU	2
7V9X_A	57	1	A	60		LYS	2
7V9X_A	58	1	A	61		ARG	2
7V9X_A	59	1	A	62		MET	2
7V9X_A	60	1	A	63		ARG	2
7V9X_A	61	1	A	64		THR	2
7V9X_A	62	1	A	65		ILE	2
7V9X_A	63	1	A	66		TYR	2
7V9X_A	64	1	A	67		GLN	2
7V9X_A	65	1	A	68		PRO	2
7V9X_A	66	1	A	69		SER	2
7V9X_A	67	1	A	70		ARG	2
7V9X_A	68	1	A	71		GLU	2
7V9X_A	69	1	A	72		LEU	2
7V9X_A	70	1	A	73		LYS	2
7V9X_A	71	1	A	74		ALA	2
7V9X_A	72	1	A	75		LEU	2
7V9X_A	73	1	A	76		GLN	2
7V9X_A	74	1	A	77		GLY	2
7V9X_A	75	1	A	78		TRP	2
7V9X_A	76	1	A	79		VAL	2
7V9X_A	77	1	A	80		LEU	2
7V9X_A	78	1	A	81		ARG	2
7V9X_A	79	1	A	82		ASN	2
7V9X_A	80	1	A	83		ILE	2
7V9X_A	81	1	A	84		LEU	2
7V9X_A	82	1	A	85		ASP	2
7V9X_A	83	1	A	86		LYS	2
7V9X_A	84	1	A	87		LEU	2
7V9X_A	85	1	A	88		SER	2
7V9X_A	86	1	A	89		SER	2
7V9X_A	87	1	A	90		SER	2
7V9X_A	88	1	A	91		PRO	2
7V9X_A	89	1	A	92		PHE	2
7V9X_A	90	1	A	93		SER	2
7V9X_A	91	1	A	94		ILE	2
7V9X_A	92	1	A	95		GLY	2
7V9X_A	93	1	A	96		PHE	2
7V9X_A	94	1	A	97		GLU	2
7V9X_A	95	1	A	98		LYS	2
7V9X_A	96	1	A	99		HIS	2
7V9X_A	97	1	A	100		GLN	2
7V9X_A	98	1	A	101		SER	2
7V9X_A	99	1	A	102		ILE	2
7V9X_A	100	1	A	103		LEU	2
7V9X_A	101	1	A	104		ASN	2
7V9X_A	102	1	A	105		ASN	2
7V9X_A	103	1	A	106		ALA	2
7V9X_A	104	1	A	107		THR	2
7V9X_A	105	1	A	108		PRO	2
7V9X_A	106	1	A	109		HIS	2
7V9X_A	107	1	A	110		ILE	2
7V9X_A	108	1	A	111		GLY	2
7V9X_A	109	1	A	112		ALA	2
7V9X_A	110	1	A	113		ASN	2
7V9X_A	111	1	A	114		PHE	2
7V9X_A	112	1	A	115		ILE	2
7V9X_A	113	1	A	116		LEU	2
7V9X_A	114	1	A	117		ASN	2
7V9X_A	115	1	A	118		ILE	2
7V9X_A	116	1	A	119		ASP	2
7V9X_A	117	1	A	120		LEU	2
7V9X_A	118	1	A	121		GLU	2
7V9X_A	119	1	A	122		ASP	2
7V9X_A	120	1	A	123		PHE	2
7V9X_A	121	1	A	124		PHE	2
7V9X_A	122	1	A	125		PRO	2
7V9X_A	123	1	A	126		SER	2
7V9X_A	124	1	A	127		LEU	2
7V9X_A	125	1	A	128		THR	2
7V9X_A	126	1	A	129		ALA	2
7V9X_A	127	1	A	130		ASN	2
7V9X_A	128	1	A	131		LYS	2
7V9X_A	129	1	A	132		VAL	2
7V9X_A	130	1	A	133		PHE	2
7V9X_A	131	1	A	134		GLY	2
7V9X_A	132	1	A	135		VAL	2
7V9X_A	133	1	A	136		PHE	2
7V9X_A	134	1	A	137		HIS	2
7V9X_A	135	1	A	138		SER	2
7V9X_A	136	1	A	139		LEU	2
7V9X_A	137	1	A	140		GLY	2
7V9X_A	138	1	A	141		TYR	2
7V9X_A	139	1	A	142		ASN	2
7V9X_A	140	1	A	143		ARG	2
7V9X_A	141	1	A	144		LEU	2
7V9X_A	142	1	A	145		ILE	2
7V9X_A	143	1	A	146		SER	2
7V9X_A	144	1	A	147		SER	2
7V9X_A	145	1	A	148		VAL	2
7V9X_A	146	1	A	149		LEU	2
7V9X_A	147	1	A	150		THR	2
7V9X_A	148	1	A	151		LYS	2
7V9X_A	149	1	A	152		ILE	2
7V9X_A	150	1	A	153		CYS	2
7V9X_A	151	1	A	154		CYS	2
7V9X_A	152	1	A	155		TYR	2
7V9X_A	153	1	A	156		LYS	2
7V9X_A	154	1	A	157		ASN	2
7V9X_A	155	1	A	158		LEU	2
7V9X_A	156	1	A	159		LEU	2
7V9X_A	157	1	A	160		PRO	2
7V9X_A	158	1	A	161		GLN	2
7V9X_A	159	1	A	162		GLY	2
7V9X_A	160	1	A	163		ALA	2
7V9X_A	161	1	A	164		PRO	2
7V9X_A	162	1	A	165		SER	2
7V9X_A	163	1	A	166		SER	2
7V9X_A	164	1	A	167		PRO	2
7V9X_A	165	1	A	168		LYS	2
7V9X_A	166	1	A	169		LEU	2
7V9X_A	167	1	A	170		ALA	2
7V9X_A	168	1	A	171		ASN	2
7V9X_A	169	1	A	172		LEU	2
7V9X_A	170	1	A	173		ILE	2
7V9X_A	171	1	A	174		CYS	2
7V9X_A	172	1	A	175		SER	2
7V9X_A	173	1	A	176		LYS	2
7V9X_A	174	1	A	177		LEU	2
7V9X_A	175	1	A	178		ASP	2
7V9X_A	176	1	A	179		TYR	2
7V9X_A	177	1	A	180		ARG	2
7V9X_A	178	1	A	181		ILE	2
7V9X_A	179	1	A	182		GLN	2
7V9X_A	180	1	A	183		GLY	2
7V9X_A	181	1	A	184		TYR	2
7V9X_A	182	1	A	185		ALA	2
7V9X_A	183	1	A	186		GLY	2
7V9X_A	184	1	A	187		SER	2
7V9X_A	185	1	A	188		ARG	2
7V9X_A	186	1	A	189		GLY	2
7V9X_A	187	1	A	190		LEU	2
7V9X_A	188	1	A	191		ILE	2
7V9X_A	189	1	A	192		TYR	2
7V9X_A	190	1	A	193		THR	2
7V9X_A	191	1	A	194		ARG	2
7V9X_A	192	1	A	195		TYR	2
7V9X_A	193	1	A	196		ALA	2
7V9X_A	194	1	A	197		ASP	2
7V9X_A	195	1	A	198		ASP	2
7V9X_A	196	1	A	199		LEU	2
7V9X_A	197	1	A	200		THR	2
7V9X_A	198	1	A	201		LEU	2
7V9X_A	199	1	A	202		SER	2
7V9X_A	200	1	A	203		ALA	2
7V9X_A	201	1	A	204		GLN	2
7V9X_A	202	1	A	205		SER	2
7V9X_A	203	1	A	206		MET	2
7V9X_A	204	1	A	207		LYS	2
7V9X_A	205	1	A	208		LYS	2
7V9X_A	206	1	A	209		VAL	2
7V9X_A	207	1	A	210		VAL	2
7V9X_A	208	1	A	211		LYS	2
7V9X_A	209	1	A	212		ALA	2
7V9X_A	210	1	A	213		ARG	2
7V9X_A	211	1	A	214		ASP	2
7V9X_A	212	1	A	215		PHE	2
7V9X_A	213	1	A	216		LEU	2
7V9X_A	214	1	A	217		PHE	2
7V9X_A	215	1	A	218		SER	2
7V9X_A	216	1	A	219		ILE	2
7V9X_A	217	1	A	220		ILE	2
7V9X_A	218	1	A	221		PRO	2
7V9X_A	219	1	A	222		SER	2
7V9X_A	220	1	A	223		GLU	2
7V9X_A	221	1	A	224		GLY	2
7V9X_A	222	1	A	225		LEU	2
7V9X_A	223	1	A	226		VAL	2
7V9X_A	224	1	A	227		ILE	2
7V9X_A	225	1	A	228		ASN	2
7V9X_A	226	1	A	229		SER	2
7V9X_A	227	1	A	230		LYS	2
7V9X_A	228	1	A	231		LYS	2
7V9X_A	229	1	A	232		THR	2
7V9X_A	230	1	A	233		CYS	2
7V9X_A	231	1	A	234		ILE	2
7V9X_A	232	1	A	235		SER	2
7V9X_A	233	1	A	236		GLY	2
7V9X_A	234	1	A	237		PRO	2
7V9X_A	235	1	A	238		ARG	2
7V9X_A	236	1	A	239		SER	2
7V9X_A	237	1	A	240		GLN	2
7V9X_A	238	1	A	241		ARG	2
7V9X_A	239	1	A	242		LYS	2
7V9X_A	240	1	A	243		VAL	2
7V9X_A	241	1	A	244		THR	2
7V9X_A	242	1	A	245		GLY	2
7V9X_A	243	1	A	246		LEU	2
7V9X_A	244	1	A	247		VAL	2
7V9X_A	245	1	A	248		ILE	2
7V9X_A	246	1	A	249		SER	2
7V9X_A	247	1	A	250		GLN	2
7V9X_A	248	1	A	251		GLU	2
7V9X_A	249	1	A	252		LYS	2
7V9X_A	250	1	A	253		VAL	2
7V9X_A	251	1	A	254		GLY	3
7V9X_A	252	1	A	255		ILE	3
7V9X_A	253	1	A	256		GLY	3
7V9X_A	254	1	A	257		ARG	3
7V9X_A	255	1	A	258		GLU	3
7V9X_A	256	1	A	259		LYS	3
7V9X_A	257	1	A	260		TYR	3
7V9X_A	258	1	A	261		LYS	3
7V9X_A	259	1	A	262		GLU	3
7V9X_A	260	1	A	263		ILE	3
7V9X_A	261	1	A	264		ARG	3
7V9X_A	262	1	A	265		ALA	3
7V9X_A	263	1	A	266		LYS	3
7V9X_A	264	1	A	267		ILE	3
7V9X_A	265	1	A	268		HIS	3
7V9X_A	266	1	A	269		HIS	3
7V9X_A	267	1	A	270		ILE	3
7V9X_A	268	1	A	271		PHE	3
7V9X_A	269	1	A	272		CYS	3
7V9X_A	270	1	A	273		GLY	3
7V9X_A	271	1	A	274		LYS	3
7V9X_A	272	1	A	275		SER	3
7V9X_A	273	1	A	276		SER	3
7V9X_A	274	1	A	277		GLU	3
7V9X_A	275	1	A	278		ILE	3
7V9X_A	276	1	A	279		GLU	3
7V9X_A	277	1	A	280		HIS	3
7V9X_A	278	1	A	281		VAL	3
7V9X_A	279	1	A	282		ARG	3
7V9X_A	280	1	A	283		GLY	3
7V9X_A	281	1	A	284		TRP	3
7V9X_A	282	1	A	285		LEU	3
7V9X_A	283	1	A	286		SER	3
7V9X_A	284	1	A	287		PHE	3
7V9X_A	285	1	A	288		ILE	3
7V9X_A	286	1	A	289		LEU	3
7V9X_A	287	1	A	290		SER	3
7V9X_A	288	1	A	291		VAL	3
7V9X_A	289	1	A	292		ASP	3
7V9X_A	290	1	A	293		SER	3
7V9X_A	291	1	A	294		LYS	3
7V9X_A	292	1	A	295		SER	3
7V9X_A	293	1	A	296		HIS	3
7V9X_A	294	1	A	297		ARG	3
7V9X_A	295	1	A	298		ARG	3
7V9X_A	296	1	A	299		LEU	3
7V9X_A	297	1	A	300		ILE	3
7V9X_A	298	1	A	301		THR	3
7V9X_A	299	1	A	302		TYR	3
7V9X_A	300	1	A	303		ILE	3
7V9X_A	301	1	A	304		SER	3
7V9X_A	302	1	A	305		LYS	3
7V9X_A	303	1	A	306		LEU	3
7V9X_A	304	1	A	307		GLU	3
7V9X_A	305	1	A	308		LYS	3
7V9X_A	306	1	A	309		LYS	3
7V9X_A	307	1	A	310		TYR	3
7V9X_A	308	1	A	311		GLY	3
7V9X_A	309	1	A	312		LYS	3
7V9X_A	310	1	A	313		ASN	3
7V9X_A	311	1	A	314		PRO	3
7V9X_A	312	1	A	315		LEU	3
7V9X_A	313	1	A	316		ASN	3
7XJG_A	0	1	A	3		SER	1
7XJG_A	1	1	A	4		ALA	1
7XJG_A	2	1	A	5		GLU	1
7XJG_A	3	1	A	6		TYR	1
7XJG_A	4	1	A	7		LEU	1
7XJG_A	5	1	A	8		ASN	1
7XJG_A	6	1	A	9		THR	1
7XJG_A	7	1	A	10		PHE	1
7XJG_A	8	1	A	11		ARG	1
7XJG_A	9	1	A	12		LEU	1
7XJG_A	10	1	A	13		ARG	1
7XJG_A	11	1	A	14		ASN	1
7XJG_A	12	1	A	15		LEU	1
7XJG_A	13	1	A	16		GLY	1
7XJG_A	14	1	A	17		LEU	1
7XJG_A	15	1	A	18		PRO	1
7XJG_A	16	1	A	19		VAL	1
7XJG_A	17	1	A	20		MET	1
7XJG_A	18	1	A	21		ASN	1
7XJG_A	19	1	A	22		ASN	1
7XJG_A	20	1	A	23		LEU	1
7XJG_A	21	1	A	24		HIS	1
7XJG_A	22	1	A	25		ASP	1
7XJG_A	23	1	A	26		MET	1
7XJG_A	24	1	A	27		SER	1
7XJG_A	25	1	A	28		LYS	1
7XJG_A	26	1	A	29		ALA	1
7XJG_A	27	1	A	30		THR	1
7XJG_A	28	1	A	31		ARG	1
7XJG_A	29	1	A	32		ILE	1
7XJG_A	30	1	A	33		SER	1
7XJG_A	31	1	A	34		VAL	1
7XJG_A	32	1	A	35		GLU	1
7XJG_A	33	1	A	36		THR	1
7XJG_A	34	1	A	37		LEU	1
7XJG_A	35	1	A	38		ARG	1
7XJG_A	36	1	A	39		LEU	1
7XJG_A	37	1	A	40		LEU	2
7XJG_A	38	1	A	41		ILE	2
7XJG_A	39	1	A	42		TYR	2
7XJG_A	40	1	A	43		THR	2
7XJG_A	41	1	A	44		ALA	2
7XJG_A	42	1	A	45		ASP	2
7XJG_A	43	1	A	46		PHE	2
7XJG_A	44	1	A	47		ARG	2
7XJG_A	45	1	A	48		TYR	2
7XJG_A	46	1	A	49		ARG	2
7XJG_A	47	1	A	50		ILE	2
7XJG_A	48	1	A	51		TYR	2
7XJG_A	49	1	A	52		THR	2
7XJG_A	50	1	A	53		VAL	2
7XJG_A	51	1	A	54		GLU	2
7XJG_A	52	1	A	55		LYS	2
7XJG_A	53	1	A	56		LYS	2
7XJG_A	54	1	A	57		GLY	2
7XJG_A	55	1	A	58		PRO	2
7XJG_A	56	1	A	59		GLU	2
7XJG_A	57	1	A	60		LYS	2
7XJG_A	58	1	A	61		ARG	2
7XJG_A	59	1	A	62		MET	2
7XJG_A	60	1	A	63		ARG	2
7XJG_A	61	1	A	64		THR	2
7XJG_A	62	1	A	65		ILE	2
7XJG_A	63	1	A	66		TYR	2
7XJG_A	64	1	A	67		GLN	2
7XJG_A	65	1	A	68		PRO	2
7XJG_A	66	1	A	69		SER	2
7XJG_A	67	1	A	70		ARG	2
7XJG_A	68	1	A	71		GLU	2
7XJG_A	69	1	A	72		LEU	2
7XJG_A	70	1	A	73		LYS	2
7XJG_A	71	1	A	74		ALA	2
7XJG_A	72	1	A	75		LEU	2
7XJG_A	73	1	A	76		GLN	2
7XJG_A	74	1	A	77		GLY	2
7XJG_A	75	1	A	78		TRP	2
7XJG_A	76	1	A	79		VAL	2
7XJG_A	77	1	A	80		LEU	2
7XJG_A	78	1	A	81		ARG	2
7XJG_A	79	1	A	82		ASN	2
7XJG_A	80	1	A	83		ILE	2
7XJG_A	81	1	A	84		LEU	2
7XJG_A	82	1	A	85		ASP	2
7XJG_A	83	1	A	86		LYS	2
7XJG_A	84	1	A	87		LEU	2
7XJG_A	85	1	A	88		SER	2
7XJG_A	86	1	A	89		SER	2
7XJG_A	87	1	A	90		SER	2
7XJG_A	88	1	A	91		PRO	2
7XJG_A	89	1	A	92		PHE	2
7XJG_A	90	1	A	93		SER	2
7XJG_A	91	1	A	94		ILE	2
7XJG_A	92	1	A	95		GLY	2
7XJG_A	93	1	A	96		PHE	2
7XJG_A	94	1	A	97		GLU	2
7XJG_A	95	1	A	98		LYS	2
7XJG_A	96	1	A	99		HIS	2
7XJG_A	97	1	A	100		GLN	2
7XJG_A	98	1	A	101		SER	2
7XJG_A	99	1	A	102		ILE	2
7XJG_A	100	1	A	103		LEU	2
7XJG_A	101	1	A	104		ASN	2
7XJG_A	102	1	A	105		ASN	2
7XJG_A	103	1	A	106		ALA	2
7XJG_A	104	1	A	107		THR	2
7XJG_A	105	1	A	108		PRO	2
7XJG_A	106	1	A	109		HIS	2
7XJG_A	107	1	A	110		ILE	2
7XJG_A	108	1	A	111		GLY	2
7XJG_A	109	1	A	112		ALA	2
7XJG_A	110	1	A	113		ASN	2
7XJG_A	111	1	A	114		PHE	2
7XJG_A	112	1	A	115		ILE	2
7XJG_A	113	1	A	116		LEU	2
7XJG_A	114	1	A	117		ASN	2
7XJG_A	115	1	A	118		ILE	2
7XJG_A	116	1	A	119		ASP	2
7XJG_A	117	1	A	120		LEU	2
7XJG_A	118	1	A	121		GLU	2
7XJG_A	119	1	A	122		ASP	2
7XJG_A	120	1	A	123		PHE	2
7XJG_A	121	1	A	124		PHE	2
7XJG_A	122	1	A	125		PRO	2
7XJG_A	123	1	A	126		SER	2
7XJG_A	124	1	A	127		LEU	2
7XJG_A	125	1	A	128		THR	2
7XJG_A	126	1	A	129		ALA	2
7XJG_A	127	1	A	130		ASN	2
7XJG_A	128	1	A	131		LYS	2
7XJG_A	129	1	A	132		VAL	2
7XJG_A	130	1	A	133		PHE	2
7XJG_A	131	1	A	134		GLY	2
7XJG_A	132	1	A	135		VAL	2
7XJG_A	133	1	A	136		PHE	2
7XJG_A	134	1	A	137		HIS	2
7XJG_A	135	1	A	138		SER	2
7XJG_A	136	1	A	139		LEU	2
7XJG_A	137	1	A	140		GLY	2
7XJG_A	138	1	A	141		TYR	2
7XJG_A	139	1	A	142		ASN	2
7XJG_A	140	1	A	143		ARG	2
7XJG_A	141	1	A	144		LEU	2
7XJG_A	142	1	A	145		ILE	2
7XJG_A	143	1	A	146		SER	2
7XJG_A	144	1	A	147		SER	2
7XJG_A	145	1	A	148		VAL	2
7XJG_A	146	1	A	149		LEU	2
7XJG_A	147	1	A	150		THR	2
7XJG_A	148	1	A	151		LYS	2
7XJG_A	149	1	A	152		ILE	2
7XJG_A	150	1	A	153		CYS	2
7XJG_A	151	1	A	154		CYS	2
7XJG_A	152	1	A	155		TYR	2
7XJG_A	153	1	A	156		LYS	2
7XJG_A	154	1	A	157		ASN	2
7XJG_A	155	1	A	158		LEU	2
7XJG_A	156	1	A	159		LEU	2
7XJG_A	157	1	A	160		PRO	2
7XJG_A	158	1	A	161		GLN	2
7XJG_A	159	1	A	162		GLY	2
7XJG_A	160	1	A	163		ALA	2
7XJG_A	161	1	A	164		PRO	2
7XJG_A	162	1	A	165		SER	2
7XJG_A	163	1	A	166		SER	2
7XJG_A	164	1	A	167		PRO	2
7XJG_A	165	1	A	168		LYS	2
7XJG_A	166	1	A	169		LEU	2
7XJG_A	167	1	A	170		ALA	2
7XJG_A	168	1	A	171		ASN	2
7XJG_A	169	1	A	172		LEU	2
7XJG_A	170	1	A	173		ILE	2
7XJG_A	171	1	A	174		CYS	2
7XJG_A	172	1	A	175		SER	2
7XJG_A	173	1	A	176		LYS	2
7XJG_A	174	1	A	177		LEU	2
7XJG_A	175	1	A	178		ASP	2
7XJG_A	176	1	A	179		TYR	2
7XJG_A	177	1	A	180		ARG	2
7XJG_A	178	1	A	181		ILE	2
7XJG_A	179	1	A	182		GLN	2
7XJG_A	180	1	A	183		GLY	2
7XJG_A	181	1	A	184		TYR	2
7XJG_A	182	1	A	185		ALA	2
7XJG_A	183	1	A	186		GLY	2
7XJG_A	184	1	A	187		SER	2
7XJG_A	185	1	A	188		ARG	2
7XJG_A	186	1	A	189		GLY	2
7XJG_A	187	1	A	190		LEU	2
7XJG_A	188	1	A	191		ILE	2
7XJG_A	189	1	A	192		TYR	2
7XJG_A	190	1	A	193		THR	2
7XJG_A	191	1	A	194		ARG	2
7XJG_A	192	1	A	195		TYR	2
7XJG_A	193	1	A	196		ALA	2
7XJG_A	194	1	A	197		ASP	2
7XJG_A	195	1	A	198		ASP	2
7XJG_A	196	1	A	199		LEU	2
7XJG_A	197	1	A	200		THR	2
7XJG_A	198	1	A	201		LEU	2
7XJG_A	199	1	A	202		SER	2
7XJG_A	200	1	A	203		ALA	2
7XJG_A	201	1	A	204		GLN	2
7XJG_A	202	1	A	205		SER	2
7XJG_A	203	1	A	206		MET	2
7XJG_A	204	1	A	207		LYS	2
7XJG_A	205	1	A	208		LYS	2
7XJG_A	206	1	A	209		VAL	2
7XJG_A	207	1	A	210		VAL	2
7XJG_A	208	1	A	211		LYS	2
7XJG_A	209	1	A	212		ALA	2
7XJG_A	210	1	A	213		ARG	2
7XJG_A	211	1	A	214		ASP	2
7XJG_A	212	1	A	215		PHE	2
7XJG_A	213	1	A	216		LEU	2
7XJG_A	214	1	A	217		PHE	2
7XJG_A	215	1	A	218		SER	2
7XJG_A	216	1	A	219		ILE	2
7XJG_A	217	1	A	220		ILE	2
7XJG_A	218	1	A	221		PRO	2
7XJG_A	219	1	A	222		SER	2
7XJG_A	220	1	A	223		GLU	2
7XJG_A	221	1	A	224		GLY	2
7XJG_A	222	1	A	225		LEU	2
7XJG_A	223	1	A	226		VAL	2
7XJG_A	224	1	A	227		ILE	2
7XJG_A	225	1	A	228		ASN	2
7XJG_A	226	1	A	229		SER	2
7XJG_A	227	1	A	230		LYS	2
7XJG_A	228	1	A	231		LYS	2
7XJG_A	229	1	A	232		THR	2
7XJG_A	230	1	A	233		CYS	2
7XJG_A	231	1	A	234		ILE	2
7XJG_A	232	1	A	235		SER	2
7XJG_A	233	1	A	236		GLY	2
7XJG_A	234	1	A	237		PRO	2
7XJG_A	235	1	A	238		ARG	2
7XJG_A	236	1	A	239		SER	2
7XJG_A	237	1	A	240		GLN	2
7XJG_A	238	1	A	241		ARG	2
7XJG_A	239	1	A	242		LYS	2
7XJG_A	240	1	A	243		VAL	2
7XJG_A	241	1	A	244		THR	2
7XJG_A	242	1	A	245		GLY	2
7XJG_A	243	1	A	246		LEU	2
7XJG_A	244	1	A	247		VAL	2
7XJG_A	245	1	A	248		ILE	2
7XJG_A	246	1	A	249		SER	2
7XJG_A	247	1	A	250		GLN	2
7XJG_A	248	1	A	251		GLU	2
7XJG_A	249	1	A	252		LYS	2
7XJG_A	250	1	A	253		VAL	2
7XJG_A	251	1	A	254		GLY	3
7XJG_A	252	1	A	255		ILE	3
7XJG_A	253	1	A	256		GLY	3
7XJG_A	254	1	A	257		ARG	3
7XJG_A	255	1	A	258		GLU	3
7XJG_A	256	1	A	259		LYS	3
7XJG_A	257	1	A	260		TYR	3
7XJG_A	258	1	A	261		LYS	3
7XJG_A	259	1	A	262		GLU	3
7XJG_A	260	1	A	263		ILE	3
7XJG_A	261	1	A	264		ARG	3
7XJG_A	262	1	A	265		ALA	3
7XJG_A	263	1	A	266		LYS	3
7XJG_A	264	1	A	267		ILE	3
7XJG_A	265	1	A	268		HIS	3
7XJG_A	266	1	A	269		HIS	3
7XJG_A	267	1	A	270		ILE	3
7XJG_A	268	1	A	271		PHE	3
7XJG_A	269	1	A	272		CYS	3
7XJG_A	270	1	A	273		GLY	3
7XJG_A	271	1	A	274		LYS	3
7XJG_A	272	1	A	275		SER	3
7XJG_A	273	1	A	276		SER	3
7XJG_A	274	1	A	277		GLU	3
7XJG_A	275	1	A	278		ILE	3
7XJG_A	276	1	A	279		GLU	3
7XJG_A	277	1	A	280		HIS	3
7XJG_A	278	1	A	281		VAL	3
7XJG_A	279	1	A	282		ARG	3
7XJG_A	280	1	A	283		GLY	3
7XJG_A	281	1	A	284		TRP	3
7XJG_A	282	1	A	285		LEU	3
7XJG_A	283	1	A	286		SER	3
7XJG_A	284	1	A	287		PHE	3
7XJG_A	285	1	A	288		ILE	3
7XJG_A	286	1	A	289		LEU	3
7XJG_A	287	1	A	290		SER	3
7XJG_A	288	1	A	291		VAL	3
7XJG_A	289	1	A	292		ASP	3
7XJG_A	290	1	A	293		SER	3
7XJG_A	291	1	A	294		LYS	3
7XJG_A	292	1	A	295		SER	3
7XJG_A	293	1	A	296		HIS	3
7XJG_A	294	1	A	297		ARG	3
7XJG_A	295	1	A	298		ARG	3
7XJG_A	296	1	A	299		LEU	3
7XJG_A	297	1	A	300		ILE	3
7XJG_A	298	1	A	301		THR	3
7XJG_A	299	1	A	302		TYR	3
7XJG_A	300	1	A	303		ILE	3
7XJG_A	301	1	A	304		SER	3
7XJG_A	302	1	A	305		LYS	3
7XJG_A	303	1	A	306		LEU	3
7XJG_A	304	1	A	307		GLU	3
7XJG_A	305	1	A	308		LYS	3
7XJG_A	306	1	A	309		LYS	3
7XJG_A	307	1	A	310		TYR	3
7XJG_A	308	1	A	311		GLY	3
7XJG_A	309	1	A	312		LYS	3
7XJG_A	310	1	A	313		ASN	3
7XJG_A	311	1	A	314		PRO	3
7XJG_A	312	1	A	315		LEU	3
7XJG_A	313	1	A	316		ASN	3
8BGJ_A	0	1	A	1		MET	1
8BGJ_A	1	1	A	2		LYS	1
8BGJ_A	2	1	A	3		LYS	1
8BGJ_A	3	1	A	4		TYR	1
8BGJ_A	4	1	A	5		MET	1
8BGJ_A	5	1	A	6		ILE	1
8BGJ_A	6	1	A	7		LYS	1
8BGJ_A	7	1	A	8		ASN	1
8BGJ_A	8	1	A	9		LYS	1
8BGJ_A	9	1	A	10		ASN	1
8BGJ_A	10	1	A	11		LYS	1
8BGJ_A	11	1	A	12		PHE	1
8BGJ_A	12	1	A	13		ARG	1
8BGJ_A	13	1	A	14		GLU	1
8BGJ_A	14	1	A	15		VAL	1
8BGJ_A	15	1	A	16		VAL	1
8BGJ_A	16	1	A	17		VAL	1
8BGJ_A	17	1	A	18		TYR	1
8BGJ_A	18	1	A	19		GLU	1
8BGJ_A	19	1	A	20		ASP	1
8BGJ_A	20	1	A	21		ASP	1
8BGJ_A	21	1	A	22		GLU	1
8BGJ_A	22	1	A	23		LEU	1
8BGJ_A	23	1	A	24		ARG	1
8BGJ_A	24	1	A	25		LEU	1
8BGJ_A	25	1	A	26		ARG	1
8BGJ_A	26	1	A	27		LYS	1
8BGJ_A	27	1	A	28		GLU	1
8BGJ_A	28	1	A	29		LEU	1
8BGJ_A	29	1	A	30		LYS	1
8BGJ_A	30	1	A	31		GLU	1
8BGJ_A	31	1	A	32		LYS	1
8BGJ_A	32	1	A	33		LEU	1
8BGJ_A	33	1	A	34		GLU	1
8BGJ_A	34	1	A	35		LYS	1
8BGJ_A	35	1	A	36		TYR	1
8BGJ_A	36	1	A	37		PHE	1
8BGJ_A	37	1	A	38		ILE	1
8BGJ_A	38	1	A	39		PHE	1
8BGJ_A	39	1	A	40		PRO	1
8BGJ_A	40	1	A	41		PRO	1
8BGJ_A	41	1	A	42		CYS	1
8BGJ_A	42	1	A	43		VAL	1
8BGJ_A	43	1	A	44		PHE	1
8BGJ_A	44	1	A	45		SER	1
8BGJ_A	45	1	A	46		PHE	1
8BGJ_A	46	1	A	47		ILE	1
8BGJ_A	47	1	A	48		LYS	1
8BGJ_A	48	1	A	49		GLY	1
8BGJ_A	49	1	A	50		ARG	1
8BGJ_A	50	1	A	51		SER	1
8BGJ_A	51	1	A	52		ALA	1
8BGJ_A	52	1	A	53		LYS	1
8BGJ_A	53	1	A	54		ASP	1
8BGJ_A	54	1	A	55		ALA	1
8BGJ_A	55	1	A	56		ILE	1
8BGJ_A	56	1	A	57		ILE	1
8BGJ_A	57	1	A	58		LEU	1
8BGJ_A	58	1	A	59		ALA	1
8BGJ_A	59	1	A	60		LYS	1
8BGJ_A	60	1	A	61		GLU	1
8BGJ_A	61	1	A	62		TYR	1
8BGJ_A	62	1	A	63		ILE	1
8BGJ_A	63	1	A	64		ASN	1
8BGJ_A	64	1	A	65		GLN	1
8BGJ_A	65	1	A	66		TYR	1
8BGJ_A	66	1	A	67		ASP	1
8BGJ_A	67	1	A	68		TYR	1
8BGJ_A	68	1	A	69		PHE	1
8BGJ_A	69	1	A	70		PHE	1
8BGJ_A	70	1	A	71		LYS	1
8BGJ_A	71	1	A	72		CYS	1
8BGJ_A	72	1	A	73		ASP	1
8BGJ_A	73	1	A	74		ILE	1
8BGJ_A	74	1	A	75		LYS	1
8BGJ_A	75	1	A	76		ASP	1
8BGJ_A	76	1	A	77		PHE	1
8BGJ_A	77	1	A	78		PHE	1
8BGJ_A	78	1	A	79		PRO	1
8BGJ_A	79	1	A	80		SER	1
8BGJ_A	80	1	A	81		ILE	1
8BGJ_A	81	1	A	82		ASN	1
8BGJ_A	82	1	A	83		ILE	1
8BGJ_A	83	1	A	84		GLU	1
8BGJ_A	84	1	A	85		LYS	1
8BGJ_A	85	1	A	86		LEU	1
8BGJ_A	86	1	A	87		LEU	1
8BGJ_A	87	1	A	88		ASN	1
8BGJ_A	88	1	A	89		LEU	1
8BGJ_A	89	1	A	90		LEU	1
8BGJ_A	90	1	A	91		ARG	1
8BGJ_A	91	1	A	92		LYS	1
8BGJ_A	92	1	A	93		ARG	1
8BGJ_A	93	1	A	94		VAL	1
8BGJ_A	94	1	A	95		ASN	1
8BGJ_A	95	1	A	96		ASP	1
8BGJ_A	96	1	A	97		VAL	1
8BGJ_A	97	1	A	98		LYS	1
8BGJ_A	98	1	A	99		PHE	1
8BGJ_A	99	1	A	100		PHE	1
8BGJ_A	100	1	A	101		LYS	1
8BGJ_A	101	1	A	102		GLU	1
8BGJ_A	102	1	A	103		LEU	1
8BGJ_A	103	1	A	104		GLU	1
8BGJ_A	104	1	A	105		LYS	1
8BGJ_A	105	1	A	106		LEU	1
8BGJ_A	106	1	A	107		ILE	1
8BGJ_A	107	1	A	108		ILE	1
8BGJ_A	108	1	A	109		GLU	1
8BGJ_A	109	1	A	110		ASP	1
8BGJ_A	110	1	A	111		ASN	1
8BGJ_A	111	1	A	112		LYS	1
8BGJ_A	112	1	A	113		ILE	1
8BGJ_A	113	1	A	114		ALA	1
8BGJ_A	114	1	A	115		ASP	1
8BGJ_A	115	1	A	116		PHE	1
8BGJ_A	116	1	A	117		LYS	1
8BGJ_A	117	1	A	118		GLY	1
8BGJ_A	118	1	A	119		LEU	1
8BGJ_A	119	1	A	120		PRO	1
8BGJ_A	120	1	A	121		LEU	1
8BGJ_A	121	1	A	122		GLY	1
8BGJ_A	122	1	A	123		SER	1
8BGJ_A	123	1	A	124		PRO	1
8BGJ_A	124	1	A	125		LEU	1
8BGJ_A	125	1	A	126		SER	1
8BGJ_A	126	1	A	127		PRO	1
8BGJ_A	127	1	A	128		ILE	1
8BGJ_A	128	1	A	129		LEU	1
8BGJ_A	129	1	A	130		SER	1
8BGJ_A	130	1	A	131		ASN	1
8BGJ_A	131	1	A	132		VAL	1
8BGJ_A	132	1	A	133		TYR	1
8BGJ_A	133	1	A	134		LEU	1
8BGJ_A	134	1	A	135		GLU	1
8BGJ_A	135	1	A	136		GLU	1
8BGJ_A	136	1	A	137		PHE	1
8BGJ_A	137	1	A	138		ASP	1
8BGJ_A	138	1	A	139		ASN	1
8BGJ_A	139	1	A	140		TYR	1
8BGJ_A	140	1	A	141		PHE	1
8BGJ_A	141	1	A	142		TYR	1
8BGJ_A	142	1	A	143		LYS	1
8BGJ_A	143	1	A	144		ASN	1
8BGJ_A	144	1	A	145		LYS	1
8BGJ_A	145	1	A	146		LYS	1
8BGJ_A	146	1	A	147		ILE	1
8BGJ_A	147	1	A	148		ARG	1
8BGJ_A	148	1	A	149		TYR	1
8BGJ_A	149	1	A	150		LEU	1
8BGJ_A	150	1	A	151		ARG	1
8BGJ_A	151	1	A	152		PHE	1
8BGJ_A	152	1	A	153		CYS	1
8BGJ_A	153	1	A	154		ASP	1
8BGJ_A	154	1	A	155		ASP	1
8BGJ_A	155	1	A	156		MET	1
8BGJ_A	156	1	A	157		ILE	1
8BGJ_A	157	1	A	158		PHE	1
8BGJ_A	158	1	A	159		PHE	1
8BGJ_A	159	1	A	160		SER	1
8BGJ_A	160	1	A	161		ASN	1
8BGJ_A	161	1	A	162		ALA	1
8BGJ_A	162	1	A	163		ASN	1
8BGJ_A	163	1	A	164		ILE	1
8BGJ_A	164	1	A	165		TYR	1
8BGJ_A	165	1	A	166		ASP	1
8BGJ_A	166	1	A	167		GLU	1
8BGJ_A	167	1	A	168		ILE	1
8BGJ_A	168	1	A	169		ILE	1
8BGJ_A	169	1	A	170		ASN	1
8BGJ_A	170	1	A	171		LYS	1
8BGJ_A	171	1	A	172		LEU	1
8BGJ_A	172	1	A	173		LYS	1
8BGJ_A	173	1	A	174		GLU	1
8BGJ_A	174	1	A	175		LEU	1
8BGJ_A	175	1	A	176		GLY	1
8BGJ_A	176	1	A	177		LEU	1
8BGJ_A	177	1	A	178		ASN	1
8BGJ_A	178	1	A	179		LEU	1
8BGJ_A	179	1	A	180		ASN	1
8BGJ_A	180	1	A	181		GLU	1
8BGJ_A	181	1	A	182		THR	1
8BGJ_A	182	1	A	183		LYS	1
8BGJ_A	183	1	A	184		THR	1
8BGJ_A	184	1	A	185		ILE	1
8BGJ_A	185	1	A	186		LEU	1
8BGJ_A	186	1	A	187		GLY	1
8BGJ_A	187	1	A	188		ALA	1
8BGJ_A	188	1	A	189		LYS	1
8BGJ_A	189	1	A	190		GLY	1
8BGJ_A	190	1	A	191		ASP	1
8BGJ_A	191	1	A	192		SER	1
8BGJ_A	192	1	A	193		VAL	1
8BGJ_A	193	1	A	194		LYS	1
8BGJ_A	194	1	A	195		PHE	1
8BGJ_A	195	1	A	196		LEU	1
8BGJ_A	196	1	A	197		GLY	1
8BGJ_A	197	1	A	198		ILE	1
8BGJ_A	198	1	A	199		ILE	1
8BGJ_A	199	1	A	200		ILE	1
8BGJ_A	200	1	A	201		ASN	1
8BGJ_A	201	1	A	202		PHE	1
8BGJ_A	202	1	A	203		LYS	1
8C8J_A	0	1	A	251		LYS	1
8C8J_A	1	1	A	252		LEU	1
8C8J_A	2	1	A	253		ASN	1
8C8J_A	3	1	A	254		ASN	1
8C8J_A	4	1	A	255		LEU	1
8C8J_A	5	1	A	256		LEU	1
8C8J_A	6	1	A	257		LEU	1
8C8J_A	7	1	A	258		ASN	1
8C8J_A	8	1	A	259		ASP	1
8C8J_A	9	1	A	260		TYR	1
8C8J_A	10	1	A	261		TRP	1
8C8J_A	11	1	A	262		VAL	1
8C8J_A	12	1	A	263		HIS	1
8C8J_A	13	1	A	264		ASN	1
8C8J_A	14	1	A	265		GLU	1
8C8J_A	15	1	A	266		MET	1
8C8J_A	16	1	A	267		LYS	1
8C8J_A	17	1	A	268		ALA	1
8C8J_A	18	1	A	269		GLU	1
8C8J_A	19	1	A	270		ILE	1
8C8J_A	20	1	A	271		LYS	1
8C8J_A	21	1	A	272		MET	1
8C8J_A	22	1	A	273		PHE	1
8C8J_A	23	1	A	274		PHE	1
8C8J_A	24	1	A	275		GLU	1
8C8J_A	25	1	A	276		THR	1
8C8J_A	26	1	A	277		ASN	1
8C8J_A	27	1	A	278		GLU	1
8C8J_A	28	1	A	279		ASN	1
8C8J_A	29	1	A	280		LYS	1
8C8J_A	30	1	A	281		ASP	1
8C8J_A	31	1	A	282		THR	1
8C8J_A	32	1	A	283		THR	1
8C8J_A	33	1	A	284		TYR	1
8C8J_A	34	1	A	285		GLN	1
8C8J_A	35	1	A	286		ASN	1
8C8J_A	36	1	A	287		LEU	1
8C8J_A	37	1	A	288		TRP	1
8C8J_A	38	1	A	289		ASP	1
8C8J_A	39	1	A	290		ALA	1
8C8J_A	40	1	A	291		PHE	1
8C8J_A	41	1	A	292		LYS	1
8C8J_A	42	1	A	293		ALA	1
8C8J_A	43	1	A	294		VAL	1
8C8J_A	44	1	A	295		CYS	1
8C8J_A	45	1	A	296		ARG	1
8C8J_A	46	1	A	297		GLY	1
8C8J_A	47	1	A	298		LYS	1
8C8J_A	48	1	A	299		PHE	1
8C8J_A	49	1	A	300		ILE	1
8C8J_A	50	1	A	301		ALA	1
8C8J_A	51	1	A	302		LEU	1
8C8J_A	52	1	A	303		ASN	1
8C8J_A	53	1	A	304		ALA	1
8C8J_A	54	1	A	388		ASN	1
8C8J_A	55	1	A	389		GLN	1
8C8J_A	56	1	A	390		ILE	1
8C8J_A	57	1	A	391		ASP	1
8C8J_A	58	1	A	392		THR	1
8C8J_A	59	1	A	393		ILE	1
8C8J_A	60	1	A	394		LYS	1
8C8J_A	61	1	A	395		ASN	1
8C8J_A	62	1	A	396		ASP	1
8C8J_A	63	1	A	397		LYS	1
8C8J_A	64	1	A	398		GLY	1
8C8J_A	65	1	A	399		ASP	1
8C8J_A	66	1	A	400		ILE	1
8C8J_A	67	1	A	401		THR	1
8C8J_A	68	1	A	402		THR	1
8C8J_A	69	1	A	403		ASP	1
8C8J_A	70	1	A	404		PRO	1
8C8J_A	71	1	A	405		THR	1
8C8J_A	72	1	A	406		GLU	1
8C8J_A	73	1	A	407		ILE	1
8C8J_A	74	1	A	408		GLN	1
8C8J_A	75	1	A	409		THR	1
8C8J_A	76	1	A	410		THR	1
8C8J_A	77	1	A	411		ILE	1
8C8J_A	78	1	A	412		ARG	1
8C8J_A	79	1	A	413		GLU	1
8C8J_A	80	1	A	414		TYR	1
8C8J_A	81	1	A	415		TYR	1
8C8J_A	82	1	A	416		LYS	1
8C8J_A	83	1	A	417		HIS	1
8C8J_A	84	1	A	418		LEU	1
8C8J_A	85	1	A	419		TYR	1
8C8J_A	86	1	A	420		ALA	1
8C8J_A	87	1	A	421		ASN	1
8C8J_A	88	1	A	422		LYS	1
8C8J_A	89	1	A	423		LEU	1
8C8J_A	90	1	A	424		GLU	1
8C8J_A	91	1	A	425		ASN	1
8C8J_A	92	1	A	426		LEU	1
8C8J_A	93	1	A	427		GLU	1
8C8J_A	94	1	A	428		GLU	1
8C8J_A	95	1	A	429		MET	1
8C8J_A	96	1	A	430		ASP	1
8C8J_A	97	1	A	431		THR	1
8C8J_A	98	1	A	432		PHE	1
8C8J_A	99	1	A	433		LEU	1
8C8J_A	100	1	A	434		ASP	1
8C8J_A	101	1	A	435		THR	1
8C8J_A	102	1	A	436		TYR	1
8C8J_A	103	1	A	437		THR	1
8C8J_A	104	1	A	438		LEU	1
8C8J_A	105	1	A	439		PRO	1
8C8J_A	106	1	A	440		ARG	1
8C8J_A	107	1	A	441		LEU	1
8C8J_A	108	1	A	442		ASN	1
8C8J_A	109	1	A	443		GLN	1
8C8J_A	110	1	A	444		GLU	1
8C8J_A	111	1	A	445		GLU	1
8C8J_A	112	1	A	446		VAL	1
8C8J_A	113	1	A	447		GLU	1
8C8J_A	114	1	A	448		SER	1
8C8J_A	115	1	A	449		LEU	1
8C8J_A	116	1	A	450		ASN	1
8C8J_A	117	1	A	451		ARG	1
8C8J_A	118	1	A	452		PRO	1
8C8J_A	119	1	A	453		ILE	1
8C8J_A	120	1	A	454		THR	1
8C8J_A	121	1	A	455		GLY	1
8C8J_A	122	1	A	456		SER	1
8C8J_A	123	1	A	457		GLU	1
8C8J_A	124	1	A	458		ILE	1
8C8J_A	125	1	A	459		VAL	1
8C8J_A	126	1	A	460		ALA	1
8C8J_A	127	1	A	461		ILE	1
8C8J_A	128	1	A	462		ILE	1
8C8J_A	129	1	A	463		ASN	1
8C8J_A	130	1	A	464		SER	1
8C8J_A	131	1	A	465		LEU	1
8C8J_A	132	1	A	466		PRO	1
8C8J_A	133	1	A	467		THR	1
8C8J_A	134	1	A	468		LYS	1
8C8J_A	135	1	A	469		LYS	1
8C8J_A	136	1	A	470		SER	1
8C8J_A	137	1	A	471		PRO	1
8C8J_A	138	1	A	472		GLY	1
8C8J_A	139	1	A	473		PRO	1
8C8J_A	140	1	A	474		ASP	1
8C8J_A	141	1	A	475		GLY	1
8C8J_A	142	1	A	476		PHE	1
8C8J_A	143	1	A	477		THR	1
8C8J_A	144	1	A	478		ALA	1
8C8J_A	145	1	A	479		GLU	1
8C8J_A	146	1	A	480		PHE	1
8C8J_A	147	1	A	481		TYR	1
8C8J_A	148	1	A	482		GLN	1
8C8J_A	149	1	A	483		ARG	1
8C8J_A	150	1	A	484		TYR	1
8C8J_A	151	1	A	485		LYS	1
8C8J_A	152	1	A	486		GLU	1
8C8J_A	153	1	A	487		GLU	1
8C8J_A	154	1	A	488		LEU	1
8C8J_A	155	1	A	489		VAL	1
8C8J_A	156	1	A	490		PRO	1
8C8J_A	157	1	A	491		PHE	1
8C8J_A	158	1	A	492		LEU	1
8C8J_A	159	1	A	493		LEU	1
8C8J_A	160	1	A	494		LYS	1
8C8J_A	161	1	A	495		LEU	1
8C8J_A	162	1	A	496		PHE	1
8C8J_A	163	1	A	497		GLN	1
8C8J_A	164	1	A	498		SER	1
8C8J_A	165	1	A	499		ILE	1
8C8J_A	166	1	A	500		GLU	1
8C8J_A	167	1	A	501		LYS	1
8C8J_A	168	1	A	502		GLU	1
8C8J_A	169	1	A	503		GLY	1
8C8J_A	170	1	A	504		ILE	1
8C8J_A	171	1	A	505		LEU	1
8C8J_A	172	1	A	506		PRO	1
8C8J_A	173	1	A	507		ASN	1
8C8J_A	174	1	A	508		SER	1
8C8J_A	175	1	A	509		PHE	1
8C8J_A	176	1	A	510		TYR	1
8C8J_A	177	1	A	511		GLU	1
8C8J_A	178	1	A	512		ALA	1
8C8J_A	179	1	A	513		SER	1
8C8J_A	180	1	A	514		ILE	1
8C8J_A	181	1	A	515		ILE	1
8C8J_A	182	1	A	516		LEU	1
8C8J_A	183	1	A	517		ILE	1
8C8J_A	184	1	A	518		PRO	1
8C8J_A	185	1	A	519		LYS	1
8C8J_A	186	1	A	520		PRO	1
8C8J_A	187	1	A	521		GLY	1
8C8J_A	188	1	A	522		ARG	1
8C8J_A	189	1	A	523		ASP	1
8C8J_A	190	1	A	524		THR	1
8C8J_A	191	1	A	525		THR	1
8C8J_A	192	1	A	526		LYS	1
8C8J_A	193	1	A	527		LYS	1
8C8J_A	194	1	A	528		GLU	1
8C8J_A	195	1	A	529		ASN	1
8C8J_A	196	1	A	530		PHE	1
8C8J_A	197	1	A	531		ARG	1
8C8J_A	198	1	A	532		PRO	1
8C8J_A	199	1	A	533		ILE	1
8C8J_A	200	1	A	534		SER	1
8C8J_A	201	1	A	535		LEU	1
8C8J_A	202	1	A	536		MET	1
8C8J_A	203	1	A	537		ASN	1
8C8J_A	204	1	A	538		ILE	1
8C8J_A	205	1	A	539		ASP	1
8C8J_A	206	1	A	540		ALA	1
8C8J_A	207	1	A	541		LYS	1
8C8J_A	208	1	A	542		ILE	1
8C8J_A	209	1	A	543		LEU	1
8C8J_A	210	1	A	544		ASN	1
8C8J_A	211	1	A	545		LYS	1
8C8J_A	212	1	A	546		ILE	1
8C8J_A	213	1	A	547		LEU	1
8C8J_A	214	1	A	548		ALA	1
8C8J_A	215	1	A	549		ASN	1
8C8J_A	216	1	A	550		ARG	1
8C8J_A	217	1	A	551		ILE	1
8C8J_A	218	1	A	552		GLN	1
8C8J_A	219	1	A	553		GLN	1
8C8J_A	220	1	A	554		HIS	1
8C8J_A	221	1	A	555		ILE	1
8C8J_A	222	1	A	556		LYS	1
8C8J_A	223	1	A	557		LYS	1
8C8J_A	224	1	A	558		LEU	1
8C8J_A	225	1	A	559		ILE	1
8C8J_A	226	1	A	560		HIS	1
8C8J_A	227	1	A	561		HIS	1
8C8J_A	228	1	A	562		ASP	1
8C8J_A	229	1	A	563		GLN	1
8C8J_A	230	1	A	564		VAL	1
8C8J_A	231	1	A	565		GLY	1
8C8J_A	232	1	A	566		PHE	1
8C8J_A	233	1	A	567		ILE	1
8C8J_A	234	1	A	568		PRO	1
8C8J_A	235	1	A	569		GLY	1
8C8J_A	236	1	A	570		MET	1
8C8J_A	237	1	A	571		GLN	1
8C8J_A	238	1	A	572		GLY	1
8C8J_A	239	1	A	573		TRP	1
8C8J_A	240	1	A	574		PHE	1
8C8J_A	241	1	A	575		ASN	1
8C8J_A	242	1	A	576		ILE	1
8C8J_A	243	1	A	577		ARG	1
8C8J_A	244	1	A	578		LYS	1
8C8J_A	245	1	A	579		SER	1
8C8J_A	246	1	A	580		ILE	1
8C8J_A	247	1	A	581		ASN	1
8C8J_A	248	1	A	582		VAL	1
8C8J_A	249	1	A	583		ILE	1
8C8J_A	250	1	A	584		GLN	1
8C8J_A	251	1	A	585		HIS	1
8C8J_A	252	1	A	586		ILE	1
8C8J_A	253	1	A	587		ASN	1
8C8J_A	254	1	A	588		ARG	1
8C8J_A	255	1	A	589		ALA	1
8C8J_A	256	1	A	590		LYS	1
8C8J_A	257	1	A	591		ASP	1
8C8J_A	258	1	A	592		LYS	1
8C8J_A	259	1	A	593		ASN	1
8C8J_A	260	1	A	594		HIS	1
8C8J_A	261	1	A	595		MET	1
8C8J_A	262	1	A	596		ILE	1
8C8J_A	263	1	A	597		ILE	1
8C8J_A	264	1	A	598		SER	1
8C8J_A	265	1	A	599		ILE	1
8C8J_A	266	1	A	600		ASP	1
8C8J_A	267	1	A	601		ALA	1
8C8J_A	268	1	A	602		GLU	1
8C8J_A	269	1	A	603		LYS	1
8C8J_A	270	1	A	604		ALA	1
8C8J_A	271	1	A	605		PHE	1
8C8J_A	272	1	A	606		ASP	1
8C8J_A	273	1	A	607		LYS	1
8C8J_A	274	1	A	608		ILE	1
8C8J_A	275	1	A	609		GLN	1
8C8J_A	276	1	A	610		GLN	1
8C8J_A	277	1	A	611		PRO	1
8C8J_A	278	1	A	612		PHE	1
8C8J_A	279	1	A	613		MET	1
8C8J_A	280	1	A	614		LEU	1
8C8J_A	281	1	A	615		LYS	1
8C8J_A	282	1	A	616		THR	1
8C8J_A	283	1	A	617		LEU	1
8C8J_A	284	1	A	618		ASN	1
8C8J_A	285	1	A	619		LYS	1
8C8J_A	286	1	A	620		LEU	1
8C8J_A	287	1	A	621		GLY	1
8C8J_A	288	1	A	622		ILE	1
8C8J_A	289	1	A	623		ASP	1
8C8J_A	290	1	A	624		GLY	1
8C8J_A	291	1	A	625		THR	1
8C8J_A	292	1	A	626		TYR	1
8C8J_A	293	1	A	627		PHE	1
8C8J_A	294	1	A	628		LYS	1
8C8J_A	295	1	A	629		ILE	1
8C8J_A	296	1	A	630		ILE	1
8C8J_A	297	1	A	631		ARG	1
8C8J_A	298	1	A	632		ALA	1
8C8J_A	299	1	A	633		ILE	1
8C8J_A	300	1	A	634		TYR	1
8C8J_A	301	1	A	635		ASP	1
8C8J_A	302	1	A	636		LYS	1
8C8J_A	303	1	A	637		PRO	1
8C8J_A	304	1	A	638		THR	1
8C8J_A	305	1	A	639		ALA	1
8C8J_A	306	1	A	640		ASN	1
8C8J_A	307	1	A	641		ILE	1
8C8J_A	308	1	A	642		ILE	1
8C8J_A	309	1	A	643		LEU	1
8C8J_A	310	1	A	644		ASN	1
8C8J_A	311	1	A	645		GLY	1
8C8J_A	312	1	A	646		GLN	1
8C8J_A	313	1	A	647		LYS	1
8C8J_A	314	1	A	648		LEU	1
8C8J_A	315	1	A	649		GLU	1
8C8J_A	316	1	A	650		ALA	1
8C8J_A	317	1	A	651		PHE	1
8C8J_A	318	1	A	652		PRO	1
8C8J_A	319	1	A	653		LEU	1
8C8J_A	320	1	A	654		LYS	1
8C8J_A	321	1	A	655		THR	1
8C8J_A	322	1	A	656		GLY	1
8C8J_A	323	1	A	657		THR	1
8C8J_A	324	1	A	658		ARG	1
8C8J_A	325	1	A	659		GLN	1
8C8J_A	326	1	A	660		GLY	1
8C8J_A	327	1	A	662		PRO	1
8C8J_A	328	1	A	663		LEU	1
8C8J_A	329	1	A	664		SER	1
8C8J_A	330	1	A	665		PRO	1
8C8J_A	331	1	A	666		LEU	1
8C8J_A	332	1	A	667		LEU	1
8C8J_A	333	1	A	668		PHE	1
8C8J_A	334	1	A	669		ASN	1
8C8J_A	335	1	A	670		ILE	1
8C8J_A	336	1	A	671		VAL	1
8C8J_A	337	1	A	672		LEU	1
8C8J_A	338	1	A	673		GLU	1
8C8J_A	339	1	A	674		VAL	1
8C8J_A	340	1	A	675		LEU	1
8C8J_A	341	1	A	676		ALA	1
8C8J_A	342	1	A	677		ARG	1
8C8J_A	343	1	A	678		ALA	1
8C8J_A	344	1	A	679		ILE	1
8C8J_A	345	1	A	680		ARG	1
8C8J_A	346	1	A	681		GLN	1
8C8J_A	347	1	A	682		GLU	1
8C8J_A	348	1	A	683		LYS	1
8C8J_A	349	1	A	684		GLU	1
8C8J_A	350	1	A	685		ILE	1
8C8J_A	351	1	A	686		LYS	1
8C8J_A	352	1	A	687		GLY	1
8C8J_A	353	1	A	688		ILE	1
8C8J_A	354	1	A	689		GLN	1
8C8J_A	355	1	A	690		LEU	1
8C8J_A	356	1	A	691		GLY	1
8C8J_A	357	1	A	692		LYS	1
8C8J_A	358	1	A	693		GLU	1
8C8J_A	359	1	A	694		GLU	1
8C8J_A	360	1	A	695		VAL	1
8C8J_A	361	1	A	696		LYS	1
8C8J_A	362	1	A	697		LEU	1
8C8J_A	363	1	A	698		SER	1
8C8J_A	364	1	A	699		LEU	1
8C8J_A	365	1	A	700		PHE	1
8C8J_A	366	1	A	701		ALA	1
8C8J_A	367	1	A	702		ASP	1
8C8J_A	368	1	A	703		ASP	1
8C8J_A	369	1	A	704		MET	1
8C8J_A	370	1	A	705		ILE	1
8C8J_A	371	1	A	706		VAL	1
8C8J_A	372	1	A	707		TYR	1
8C8J_A	373	1	A	708		LEU	1
8C8J_A	374	1	A	709		GLU	1
8C8J_A	375	1	A	710		ASN	1
8C8J_A	376	1	A	711		PRO	1
8C8J_A	377	1	A	712		ILE	1
8C8J_A	378	1	A	713		VAL	1
8C8J_A	379	1	A	714		SER	1
8C8J_A	380	1	A	715		ALA	1
8C8J_A	381	1	A	716		GLN	1
8C8J_A	382	1	A	717		ASN	1
8C8J_A	383	1	A	718		LEU	1
8C8J_A	384	1	A	719		LEU	1
8C8J_A	385	1	A	720		LYS	1
8C8J_A	386	1	A	721		LEU	1
8C8J_A	387	1	A	722		ILE	1
8C8J_A	388	1	A	723		SER	1
8C8J_A	389	1	A	724		ASN	1
8C8J_A	390	1	A	725		PHE	1
8C8J_A	391	1	A	726		SER	1
8C8J_A	392	1	A	727		LYS	1
8C8J_A	393	1	A	728		VAL	1
8C8J_A	394	1	A	729		SER	1
8C8J_A	395	1	A	730		GLY	1
8C8J_A	396	1	A	731		TYR	1
8C8J_A	397	1	A	732		LYS	1
8C8J_A	398	1	A	733		ILE	1
8C8J_A	399	1	A	734		ASN	1
8C8J_A	400	1	A	735		VAL	1
8C8J_A	401	1	A	736		GLN	1
8C8J_A	402	1	A	737		LYS	1
8C8J_A	403	1	A	738		SER	1
8C8J_A	404	1	A	739		GLN	1
8C8J_A	405	1	A	740		ALA	1
8C8J_A	406	1	A	741		PHE	1
8C8J_A	407	1	A	742		LEU	1
8C8J_A	408	1	A	743		TYR	1
8C8J_A	409	1	A	744		THR	1
8C8J_A	410	1	A	745		ASN	1
8C8J_A	411	1	A	746		ASN	1
8C8J_A	412	1	A	747		ARG	1
8C8J_A	413	1	A	748		GLN	1
8C8J_A	414	1	A	749		THR	1
8C8J_A	415	1	A	750		GLU	1
8C8J_A	416	1	A	751		SER	1
8C8J_A	417	1	A	752		GLN	1
8C8J_A	418	1	A	753		ILE	1
8C8J_A	419	1	A	754		MET	1
8C8J_A	420	1	A	755		GLY	1
8C8J_A	421	1	A	756		GLU	1
8C8J_A	422	1	A	757		LEU	1
8C8J_A	423	1	A	758		PRO	1
8C8J_A	424	1	A	759		PHE	1
8C8J_A	425	1	A	760		THR	1
8C8J_A	426	1	A	761		ILE	1
8C8J_A	427	1	A	762		ALA	1
8C8J_A	428	1	A	763		SER	1
8C8J_A	429	1	A	764		LYS	1
8C8J_A	430	1	A	765		ARG	1
8C8J_A	431	1	A	766		ILE	1
8C8J_A	432	1	A	767		LYS	1
8C8J_A	433	1	A	768		TYR	1
8C8J_A	434	1	A	769		LEU	1
8C8J_A	435	1	A	770		GLY	1
8C8J_A	436	1	A	771		ILE	1
8C8J_A	437	1	A	772		GLN	1
8C8J_A	438	1	A	773		LEU	1
8C8J_A	439	1	A	774		THR	1
8C8J_A	440	1	A	775		ARG	1
8C8J_A	441	1	A	776		ASP	1
8C8J_A	442	1	A	777		VAL	1
8C8J_A	443	1	A	778		LYS	1
8C8J_A	444	1	A	779		ASP	1
8C8J_A	445	1	A	780		LEU	1
8C8J_A	446	1	A	781		PHE	1
8C8J_A	447	1	A	782		LYS	1
8C8J_A	448	1	A	783		GLU	1
8C8J_A	449	1	A	784		ASN	2
8C8J_A	450	1	A	785		TYR	2
8C8J_A	451	1	A	786		LYS	2
8C8J_A	452	1	A	787		PRO	2
8C8J_A	453	1	A	788		LEU	2
8C8J_A	454	1	A	789		LEU	2
8C8J_A	455	1	A	790		LYS	2
8C8J_A	456	1	A	791		GLU	2
8C8J_A	457	1	A	792		ILE	2
8C8J_A	458	1	A	793		LYS	2
8C8J_A	459	1	A	794		GLU	2
8C8J_A	460	1	A	795		GLU	2
8C8J_A	461	1	A	796		THR	2
8C8J_A	462	1	A	797		ASN	2
8C8J_A	463	1	A	798		LYS	2
8C8J_A	464	1	A	799		TRP	2
8C8J_A	465	1	A	803		PRO	2
8C8J_A	466	1	A	804		CYS	2
8C8J_A	467	1	A	805		SER	2
8C8J_A	468	1	A	806		TRP	2
8C8J_A	469	1	A	807		VAL	2
8C8J_A	470	1	A	808		GLY	2
8C8J_A	471	1	A	809		ARG	2
8C8J_A	472	1	A	810		ILE	2
8C8J_A	473	1	A	811		ASN	2
8C8J_A	474	1	A	812		ILE	2
8C8J_A	475	1	A	813		VAL	2
8C8J_A	476	1	A	814		LYS	2
8C8J_A	477	1	A	815		MET	2
8C8J_A	478	1	A	816		ALA	2
8C8J_A	479	1	A	817		ILE	2
8C8J_A	480	1	A	818		LEU	2
8C8J_A	481	1	A	819		PRO	2
8C8J_A	482	1	A	820		LYS	2
8C8J_A	483	1	A	821		VAL	2
8C8J_A	484	1	A	822		ILE	2
8C8J_A	485	1	A	823		TYR	2
8C8J_A	486	1	A	824		ARG	2
8C8J_A	487	1	A	825		PHE	2
8C8J_A	488	1	A	826		ASN	2
8C8J_A	489	1	A	827		ALA	2
8C8J_A	490	1	A	828		ILE	2
8C8J_A	491	1	A	829		PRO	2
8C8J_A	492	1	A	830		ILE	2
8C8J_A	493	1	A	831		LYS	2
8C8J_A	494	1	A	832		LEU	2
8C8J_A	495	1	A	833		PRO	2
8C8J_A	496	1	A	834		MET	2
8C8J_A	497	1	A	835		THR	2
8C8J_A	498	1	A	836		PHE	2
8C8J_A	499	1	A	837		PHE	2
8C8J_A	500	1	A	838		THR	2
8C8J_A	501	1	A	839		GLU	2
8C8J_A	502	1	A	840		LEU	2
8C8J_A	503	1	A	841		GLU	2
8C8J_A	504	1	A	842		LYS	2
8C8J_A	505	1	A	843		THR	2
8C8J_A	506	1	A	844		THR	2
8C8J_A	507	1	A	845		LEU	2
8C8J_A	508	1	A	846		LYS	2
8C8J_A	509	1	A	847		PHE	2
8C8J_A	510	1	A	848		ILE	2
8C8J_A	511	1	A	849		TRP	2
8C8J_A	512	1	A	850		ASN	2
8C8J_A	513	1	A	851		GLN	2
8C8J_A	514	1	A	871		THR	2
8C8J_A	515	1	A	872		LEU	2
8C8J_A	516	1	A	873		PRO	2
8C8J_A	517	1	A	874		ASP	2
8C8J_A	518	1	A	875		PHE	2
8C8J_A	519	1	A	876		LYS	2
8C8J_A	520	1	A	877		LEU	2
8C8J_A	521	1	A	878		TYR	2
8C8J_A	522	1	A	879		TYR	2
8C8J_A	523	1	A	880		LYS	3
8C8J_A	524	1	A	881		ALA	3
8C8J_A	525	1	A	882		THR	3
8C8J_A	526	1	A	883		VAL	3
8C8J_A	527	1	A	884		THR	3
8C8J_A	528	1	A	885		LYS	3
8C8J_A	529	1	A	886		THR	3
8C8J_A	530	1	A	887		ALA	3
8C8J_A	531	1	A	888		TRP	3
8C8J_A	532	1	A	889		TYR	3
8C8J_A	533	1	A	890		TRP	3
8C8J_A	534	1	A	891		TYR	3
8C8J_A	535	1	A	892		GLN	3
8C8J_A	536	1	A	893		ASN	3
8C8J_A	537	1	A	894		ARG	3
8C8J_A	538	1	A	895		ASP	3
8C8J_A	539	1	A	896		ILE	3
8C8J_A	540	1	A	897		ASP	3
8C8J_A	541	1	A	898		GLN	3
8C8J_A	542	1	A	899		TRP	3
8C8J_A	543	1	A	900		ASN	3
8C8J_A	544	1	A	901		ARG	3
8C8J_A	545	1	A	902		THR	3
8C8J_A	546	1	A	903		GLU	3
8C8J_A	547	1	A	904		PRO	3
8C8J_A	548	1	A	905		SER	3
8C8J_A	549	1	A	912		TYR	3
8C8J_A	550	1	A	913		ASN	3
8C8J_A	551	1	A	914		TYR	3
8C8J_A	552	1	A	915		LEU	3
8C8J_A	553	1	A	916		ILE	3
8C8J_A	554	1	A	917		PHE	3
8C8J_A	555	1	A	918		ASP	3
8C8J_A	556	1	A	919		LYS	3
8C8J_A	557	1	A	920		PRO	3
8C8J_A	558	1	A	921		GLU	3
8C8J_A	559	1	A	922		LYS	3
8C8J_A	560	1	A	923		ASN	3
8C8J_A	561	1	A	927		GLY	3
8C8J_A	562	1	A	928		LYS	3
8C8J_A	563	1	A	929		ASP	3
8C8J_A	564	1	A	930		SER	3
8C8J_A	565	1	A	931		LEU	3
8C8J_A	566	1	A	932		PHE	3
8C8J_A	567	1	A	933		ASN	3
8C8J_A	568	1	A	934		LYS	3
8C8J_A	569	1	A	935		TRP	3
8C8J_A	570	1	A	936		CYS	3
8C8J_A	571	1	A	937		TRP	3
8C8J_A	572	1	A	938		GLU	3
8C8J_A	573	1	A	939		ASN	3
8C8J_A	574	1	A	940		TRP	3
8C8J_A	575	1	A	941		LEU	3
8C8J_A	576	1	A	942		ALA	3
8C8J_A	577	1	A	943		ILE	3
8C8J_A	578	1	A	944		CYS	3
8C8J_A	579	1	A	945		ARG	3
8C8J_A	580	1	A	946		LYS	3
8C8J_A	581	1	A	947		LEU	3
8C8J_A	582	1	A	948		LYS	3
8C8J_A	583	1	A	949		LEU	3
8C8J_A	584	1	A	950		ASP	3
8C8J_A	585	1	A	951		PRO	3
8C8J_A	586	1	A	952		PHE	3
8C8J_A	587	1	A	953		LEU	3
8C8J_A	588	1	A	954		THR	3
8C8J_A	589	1	A	955		PRO	4
8C8J_A	590	1	A	956		TYR	4
8C8J_A	591	1	A	957		THR	4
8C8J_A	592	1	A	958		LYS	4
8C8J_A	593	1	A	959		ILE	4
8C8J_A	594	1	A	960		ASN	4
8C8J_A	595	1	A	961		SER	4
8C8J_A	596	1	A	962		ARG	4
8C8J_A	597	1	A	963		TRP	4
8C8J_A	598	1	A	964		ILE	4
8C8J_A	599	1	A	965		LYS	4
8C8J_A	600	1	A	966		ASP	4
8C8J_A	601	1	A	967		LEU	4
8C8J_A	602	1	A	968		ASN	4
8C8J_A	603	1	A	969		VAL	4
8C8J_A	604	1	A	970		LYS	4
8C8J_A	605	1	A	971		PRO	4
8C8J_A	606	1	A	972		LYS	4
8C8J_A	607	1	A	973		THR	4
8C8J_A	608	1	A	974		ILE	4
8C8J_A	609	1	A	975		LYS	4
8C8J_A	610	1	A	976		THR	4
8C8J_A	611	1	A	977		LEU	4
8C8J_A	612	1	A	978		GLU	4
8C8J_A	613	1	A	979		GLU	4
8C8J_A	614	1	A	980		ASN	4
8C8J_A	615	1	A	981		LEU	4
8C8J_A	616	1	A	982		GLY	4
8C8J_A	617	1	A	983		ILE	4
8C8J_A	618	1	A	984		THR	4
8C8J_A	619	1	A	985		ILE	4
8C8J_A	620	1	A	986		GLN	4
8C8J_A	621	1	A	987		ASP	4
8C8J_A	622	1	A	988		ILE	4
8C8J_A	623	1	A	989		GLY	4
8C8J_A	624	1	A	990		VAL	4
8C8J_A	625	1	A	991		GLY	4
8C8J_A	626	1	A	992		LYS	4
8C8J_A	627	1	A	993		ASP	4
8C8J_A	628	1	A	994		PHE	4
8C8J_A	629	1	A	995		MET	4
8C8J_A	630	1	A	996		SER	4
8C8J_A	631	1	A	997		LYS	4
8C8J_A	632	1	A	998		THR	4
8C8J_A	633	1	A	999		PRO	4
8C8J_A	634	1	A	1000		LYS	4
8C8J_A	635	1	A	1001		ALA	4
8C8J_A	636	1	A	1002		MET	4
8C8J_A	637	1	A	1003		ALA	4
8C8J_A	638	1	A	1004		THR	4
8C8J_A	639	1	A	1005		LYS	4
8C8J_A	640	1	A	1006		ASP	4
8C8J_A	641	1	A	1007		LYS	4
8C8J_A	642	1	A	1008		ILE	4
8C8J_A	643	1	A	1009		ASP	4
8C8J_A	644	1	A	1010		LYS	4
8C8J_A	645	1	A	1011		TRP	4
8C8J_A	646	1	A	1012		ASP	4
8C8J_A	647	1	A	1013		LEU	4
8C8J_A	648	1	A	1014		ILE	4
8C8J_A	649	1	A	1015		LYS	4
8C8J_A	650	1	A	1016		LEU	4
8C8J_A	651	1	A	1017		LYS	4
8C8J_A	652	1	A	1018		SER	4
8C8J_A	653	1	A	1019		PHE	4
8C8J_A	654	1	A	1020		CYS	4
8C8J_A	655	1	A	1021		THR	4
8C8J_A	656	1	A	1022		ALA	4
8C8J_A	657	1	A	1023		LYS	4
8C8J_A	658	1	A	1024		GLU	4
8C8J_A	659	1	A	1025		THR	4
8C8J_A	660	1	A	1026		THR	4
8C8J_A	661	1	A	1027		ILE	4
8C8J_A	662	1	A	1028		ARG	4
8C8J_A	663	1	A	1029		VAL	4
8C8J_A	664	1	A	1030		ASN	4
8C8J_A	665	1	A	1031		ARG	4
8C8J_A	666	1	A	1032		GLN	4
8C8J_A	667	1	A	1033		PRO	3
8C8J_A	668	1	A	1034		THR	3
8C8J_A	669	1	A	1035		THR	3
8C8J_A	670	1	A	1036		TRP	3
8C8J_A	671	1	A	1037		GLU	3
8C8J_A	672	1	A	1038		LYS	3
8C8J_A	673	1	A	1039		ILE	3
8C8J_A	674	1	A	1040		PHE	3
8C8J_A	675	1	A	1041		ALA	3
8C8J_A	676	1	A	1042		THR	3
8C8J_A	677	1	A	1043		TYR	3
8C8J_A	678	1	A	1044		SER	3
8C8J_A	679	1	A	1045		SER	3
8C8J_A	680	1	A	1046		ASP	3
8C8J_A	681	1	A	1047		LYS	3
8C8J_A	682	1	A	1048		GLY	3
8C8J_A	683	1	A	1049		LEU	3
8C8J_A	684	1	A	1050		ILE	3
8C8J_A	685	1	A	1051		SER	3
8C8J_A	686	1	A	1052		ARG	3
8C8J_A	687	1	A	1053		ILE	3
8C8J_A	688	1	A	1054		TYR	3
8C8J_A	689	1	A	1055		ASN	3
8C8J_A	690	1	A	1056		GLU	3
8C8J_A	691	1	A	1057		LEU	3
8C8J_A	692	1	A	1058		LYS	3
8C8J_A	693	1	A	1059		GLN	3
8C8J_A	694	1	A	1060		ILE	3
8C8J_A	695	1	A	1061		TYR	3
8C8J_A	696	1	A	1062		HIS	3
8FLI_B	0	1	B	22		SER	1
8FLI_B	1	1	B	23		TRP	1
8FLI_B	2	1	B	24		HIS	1
8FLI_B	3	1	B	25		SER	1
8FLI_B	4	1	B	26		ILE	1
8FLI_B	5	1	B	27		ASP	1
8FLI_B	6	1	B	28		TRP	1
8FLI_B	7	1	B	29		ALA	1
8FLI_B	8	1	B	30		LYS	1
8FLI_B	9	1	B	31		ALA	1
8FLI_B	10	1	B	32		ASN	1
8FLI_B	11	1	B	33		ARG	1
8FLI_B	12	1	B	34		GLU	1
8FLI_B	13	1	B	35		VAL	1
8FLI_B	14	1	B	36		LYS	1
8FLI_B	15	1	B	37		ARG	1
8FLI_B	16	1	B	38		LEU	1
8FLI_B	17	1	B	39		GLN	1
8FLI_B	18	1	B	40		VAL	1
8FLI_B	19	1	B	41		ARG	1
8FLI_B	20	1	B	42		ILE	1
8FLI_B	21	1	B	43		ALA	1
8FLI_B	22	1	B	44		LYS	1
8FLI_B	23	1	B	45		ALA	1
8FLI_B	24	1	B	46		VAL	1
8FLI_B	25	1	B	47		LYS	1
8FLI_B	26	1	B	48		GLU	1
8FLI_B	27	1	B	49		GLY	1
8FLI_B	28	1	B	50		ARG	1
8FLI_B	29	1	B	51		TRP	1
8FLI_B	30	1	B	52		GLY	1
8FLI_B	31	1	B	53		LYS	1
8FLI_B	32	1	B	54		VAL	1
8FLI_B	33	1	B	55		LYS	1
8FLI_B	34	1	B	56		ALA	1
8FLI_B	35	1	B	57		LEU	1
8FLI_B	36	1	B	58		GLN	1
8FLI_B	37	1	B	59		TRP	1
8FLI_B	38	1	B	60		LEU	1
8FLI_B	39	1	B	61		LEU	1
8FLI_B	40	1	B	62		THR	1
8FLI_B	41	1	B	63		HIS	1
8FLI_B	42	1	B	64		SER	1
8FLI_B	43	1	B	65		PHE	1
8FLI_B	44	1	B	66		TYR	1
8FLI_B	45	1	B	67		GLY	1
8FLI_B	46	1	B	68		LYS	1
8FLI_B	47	1	B	69		ALA	1
8FLI_B	48	1	B	70		LEU	1
8FLI_B	49	1	B	71		ALA	1
8FLI_B	50	1	B	72		VAL	1
8FLI_B	51	1	B	73		LYS	1
8FLI_B	52	1	B	74		ARG	1
8FLI_B	53	1	B	75		VAL	1
8FLI_B	54	1	B	76		THR	2
8FLI_B	55	1	B	77		ASP	2
8FLI_B	56	1	B	78		ASN	2
8FLI_B	57	1	B	79		SER	2
8FLI_B	58	1	B	80		GLY	2
8FLI_B	59	1	B	81		SER	2
8FLI_B	60	1	B	82		LYS	2
8FLI_B	61	1	B	83		THR	2
8FLI_B	62	1	B	84		PRO	2
8FLI_B	63	1	B	85		GLY	2
8FLI_B	64	1	B	86		VAL	2
8FLI_B	65	1	B	87		ASP	2
8FLI_B	66	1	B	88		GLY	2
8FLI_B	67	1	B	89		ILE	2
8FLI_B	68	1	B	90		THR	2
8FLI_B	69	1	B	91		TRP	2
8FLI_B	70	1	B	92		SER	2
8FLI_B	71	1	B	93		THR	2
8FLI_B	72	1	B	94		GLN	2
8FLI_B	73	1	B	95		GLU	2
8FLI_B	74	1	B	96		GLN	2
8FLI_B	75	1	B	97		LYS	2
8FLI_B	76	1	B	98		ALA	2
8FLI_B	77	1	B	99		GLN	2
8FLI_B	78	1	B	100		ALA	2
8FLI_B	79	1	B	101		ILE	2
8FLI_B	80	1	B	102		LYS	2
8FLI_B	81	1	B	103		SER	2
8FLI_B	82	1	B	104		LEU	2
8FLI_B	83	1	B	105		ARG	2
8FLI_B	84	1	B	106		ARG	2
8FLI_B	85	1	B	107		ARG	2
8FLI_B	86	1	B	108		GLY	2
8FLI_B	87	1	B	109		TYR	2
8FLI_B	88	1	B	110		LYS	2
8FLI_B	89	1	B	111		PRO	2
8FLI_B	90	1	B	112		GLN	2
8FLI_B	91	1	B	113		PRO	2
8FLI_B	92	1	B	114		LEU	2
8FLI_B	93	1	B	115		ARG	2
8FLI_B	94	1	B	116		ARG	2
8FLI_B	95	1	B	117		VAL	2
8FLI_B	96	1	B	118		TYR	2
8FLI_B	97	1	B	119		ILE	2
8FLI_B	98	1	B	120		PRO	2
8FLI_B	99	1	B	121		LYS	2
8FLI_B	100	1	B	122		ALA	2
8FLI_B	101	1	B	123		SER	2
8FLI_B	102	1	B	124		GLY	2
8FLI_B	103	1	B	125		LYS	2
8FLI_B	104	1	B	126		GLN	2
8FLI_B	105	1	B	127		ARG	2
8FLI_B	106	1	B	128		PRO	2
8FLI_B	107	1	B	129		LEU	2
8FLI_B	108	1	B	130		GLY	2
8FLI_B	109	1	B	131		ILE	2
8FLI_B	110	1	B	132		PRO	2
8FLI_B	111	1	B	133		THR	2
8FLI_B	112	1	B	134		THR	2
8FLI_B	113	1	B	135		LYS	2
8FLI_B	114	1	B	136		ASP	2
8FLI_B	115	1	B	137		ARG	1
8FLI_B	116	1	B	138		ALA	1
8FLI_B	117	1	B	139		MET	1
8FLI_B	118	1	B	140		GLN	1
8FLI_B	119	1	B	141		ALA	1
8FLI_B	120	1	B	142		LEU	1
8FLI_B	121	1	B	143		TYR	1
8FLI_B	122	1	B	144		ALA	1
8FLI_B	123	1	B	145		LEU	1
8FLI_B	124	1	B	146		ALA	1
8FLI_B	125	1	B	147		LEU	1
8FLI_B	126	1	B	148		GLU	1
8FLI_B	127	1	B	149		PRO	1
8FLI_B	128	1	B	150		VAL	1
8FLI_B	129	1	B	151		ALA	3
8FLI_B	130	1	B	152		GLU	3
8FLI_B	131	1	B	153		THR	3
8FLI_B	132	1	B	154		THR	3
8FLI_B	133	1	B	155		ALA	3
8FLI_B	134	1	B	156		ASP	3
8FLI_B	135	1	B	157		ARG	3
8FLI_B	136	1	B	158		ASN	3
8FLI_B	137	1	B	159		SER	3
8FLI_B	138	1	B	160		TYR	3
8FLI_B	139	1	B	161		GLY	3
8FLI_B	140	1	B	162		PHE	3
8FLI_B	141	1	B	163		ARG	3
8FLI_B	142	1	B	164		GLN	3
8FLI_B	143	1	B	165		GLY	3
8FLI_B	144	1	B	166		ARG	3
8FLI_B	145	1	B	167		CYS	3
8FLI_B	146	1	B	168		THR	3
8FLI_B	147	1	B	169		ALA	3
8FLI_B	148	1	B	170		ASP	3
8FLI_B	149	1	B	171		ALA	3
8FLI_B	150	1	B	172		ALA	3
8FLI_B	151	1	B	173		GLY	3
8FLI_B	152	1	B	174		GLN	3
8FLI_B	153	1	B	175		CYS	3
8FLI_B	154	1	B	176		PHE	3
8FLI_B	155	1	B	177		THR	3
8FLI_B	156	1	B	178		VAL	3
8FLI_B	157	1	B	179		LEU	3
8FLI_B	158	1	B	180		GLY	3
8FLI_B	159	1	B	181		ARG	3
8FLI_B	160	1	B	182		SER	3
8FLI_B	161	1	B	183		ASP	3
8FLI_B	162	1	B	184		CYS	3
8FLI_B	163	1	B	185		ALA	3
8FLI_B	164	1	B	186		LYS	3
8FLI_B	165	1	B	187		TYR	3
8FLI_B	166	1	B	188		ILE	3
8FLI_B	167	1	B	189		LEU	3
8FLI_B	168	1	B	190		ASP	3
8FLI_B	169	1	B	191		ALA	3
8FLI_B	170	1	B	192		ASP	3
8FLI_B	171	1	B	193		ILE	3
8FLI_B	172	1	B	194		THR	4
8FLI_B	173	1	B	195		GLY	4
8FLI_B	174	1	B	196		CYS	4
8FLI_B	175	1	B	197		PHE	4
8FLI_B	176	1	B	198		ASP	4
8FLI_B	177	1	B	199		ASN	4
8FLI_B	178	1	B	200		ILE	4
8FLI_B	179	1	B	201		SER	4
8FLI_B	180	1	B	202		HIS	4
8FLI_B	181	1	B	203		GLU	4
8FLI_B	182	1	B	204		TRP	4
8FLI_B	183	1	B	205		LEU	4
8FLI_B	184	1	B	206		LEU	4
8FLI_B	185	1	B	207		ASP	4
8FLI_B	186	1	B	208		ASN	4
8FLI_B	187	1	B	209		ILE	4
8FLI_B	188	1	B	210		PRO	4
8FLI_B	189	1	B	211		LEU	4
8FLI_B	190	1	B	212		ASP	4
8FLI_B	191	1	B	213		LYS	4
8FLI_B	192	1	B	214		GLU	4
8FLI_B	193	1	B	215		VAL	4
8FLI_B	194	1	B	216		LEU	4
8FLI_B	195	1	B	217		ARG	4
8FLI_B	196	1	B	218		LYS	4
8FLI_B	197	1	B	219		TRP	4
8FLI_B	198	1	B	220		LEU	4
8FLI_B	199	1	B	221		LYS	4
8FLI_B	200	1	B	222		SER	4
8FLI_B	201	1	B	223		GLY	4
8FLI_B	202	1	B	224		PHE	4
8FLI_B	203	1	B	225		VAL	4
8FLI_B	204	1	B	226		TRP	4
8FLI_B	205	1	B	227		LYS	4
8FLI_B	206	1	B	228		GLN	4
8FLI_B	207	1	B	229		GLN	4
8FLI_B	208	1	B	230		LEU	3
8FLI_B	209	1	B	231		PHE	3
8FLI_B	210	1	B	232		PRO	3
8FLI_B	211	1	B	233		THR	3
8FLI_B	212	1	B	234		HIS	3
8FLI_B	213	1	B	235		ALA	3
8FLI_B	214	1	B	236		GLY	3
8FLI_B	215	1	B	237		THR	3
8FLI_B	216	1	B	238		PRO	3
8FLI_B	217	1	B	239		GLN	3
8FLI_B	218	1	B	240		GLY	3
8FLI_B	219	1	B	241		GLY	3
8FLI_B	220	1	B	242		VAL	3
8FLI_B	221	1	B	243		ILE	3
8FLI_B	222	1	B	244		SER	3
8FLI_B	223	1	B	245		PRO	3
8FLI_B	224	1	B	246		MET	3
8FLI_B	225	1	B	247		LEU	3
8FLI_B	226	1	B	248		ALA	3
8FLI_B	227	1	B	249		ASN	3
8FLI_B	228	1	B	250		MET	3
8FLI_B	229	1	B	251		THR	3
8FLI_B	230	1	B	252		LEU	3
8FLI_B	231	1	B	253		ASP	3
8FLI_B	232	1	B	254		GLY	3
8FLI_B	233	1	B	255		MET	3
8FLI_B	234	1	B	256		GLU	3
8FLI_B	235	1	B	257		GLU	3
8FLI_B	236	1	B	258		LEU	3
8FLI_B	237	1	B	259		LEU	3
8FLI_B	238	1	B	260		LYS	3
8FLI_B	239	1	B	261		LYS	3
8FLI_B	240	1	B	262		HIS	3
8FLI_B	241	1	B	263		LEU	3
8FLI_B	242	1	B	264		ARG	3
8FLI_B	243	1	B	265		LYS	3
8FLI_B	244	1	B	266		GLN	3
8FLI_B	245	1	B	267		LYS	3
8FLI_B	246	1	B	268		VAL	3
8FLI_B	247	1	B	269		ASN	3
8FLI_B	248	1	B	270		LEU	3
8FLI_B	249	1	B	271		ILE	3
8FLI_B	250	1	B	272		ARG	3
8FLI_B	251	1	B	273		TYR	3
8FLI_B	252	1	B	274		ALA	3
8FLI_B	253	1	B	275		ASP	3
8FLI_B	254	1	B	276		ASP	3
8FLI_B	255	1	B	277		PHE	3
8FLI_B	256	1	B	278		VAL	3
8FLI_B	257	1	B	279		VAL	3
8FLI_B	258	1	B	280		THR	3
8FLI_B	259	1	B	281		GLY	3
8FLI_B	260	1	B	282		GLU	3
8FLI_B	261	1	B	283		SER	3
8FLI_B	262	1	B	284		LYS	3
8FLI_B	263	1	B	285		GLU	3
8FLI_B	264	1	B	286		THR	3
8FLI_B	265	1	B	287		LEU	3
8FLI_B	266	1	B	288		GLU	3
8FLI_B	267	1	B	289		LYS	3
8FLI_B	268	1	B	290		VAL	3
8FLI_B	269	1	B	291		THR	3
8FLI_B	270	1	B	292		THR	3
8FLI_B	271	1	B	293		VAL	3
8FLI_B	272	1	B	294		ILE	3
8FLI_B	273	1	B	295		GLN	3
8FLI_B	274	1	B	296		GLU	3
8FLI_B	275	1	B	297		PHE	3
8FLI_B	276	1	B	298		LEU	3
8FLI_B	277	1	B	299		LYS	3
8FLI_B	278	1	B	300		GLU	3
8FLI_B	279	1	B	301		ARG	3
8FLI_B	280	1	B	302		GLY	3
8FLI_B	281	1	B	303		LEU	3
8FLI_B	282	1	B	304		THR	3
8FLI_B	283	1	B	305		LEU	3
8FLI_B	284	1	B	306		SER	3
8FLI_B	285	1	B	307		GLU	3
8FLI_B	286	1	B	308		GLU	3
8FLI_B	287	1	B	309		LYS	3
8FLI_B	288	1	B	310		THR	3
8FLI_B	289	1	B	311		LYS	3
8FLI_B	290	1	B	312		VAL	3
8FLI_B	291	1	B	313		VAL	3
8FLI_B	292	1	B	314		HIS	3
8FLI_B	293	1	B	315		ILE	3
8FLI_B	294	1	B	316		GLU	3
8FLI_B	295	1	B	317		GLU	3
8FLI_B	296	1	B	318		GLY	3
8FLI_B	297	1	B	319		PHE	3
8FLI_B	298	1	B	320		ASP	3
8FLI_B	299	1	B	321		PHE	3
8FLI_B	300	1	B	322		LEU	3
8FLI_B	301	1	B	323		GLY	3
8FLI_B	302	1	B	324		TRP	3
8FLI_B	303	1	B	325		ASN	3
8FLI_B	304	1	B	326		ILE	3
8FLI_B	305	1	B	327		ARG	3
8FLI_B	306	1	B	328		LYS	3
8FLI_B	307	1	B	329		TYR	3
8FLI_B	308	1	B	330		GLY	3
8FLI_B	309	1	B	331		GLU	3
8FLI_B	310	1	B	332		LYS	3
8FLI_B	311	1	B	333		LEU	3
8FLI_B	312	1	B	334		LEU	3
8FLI_B	313	1	B	335		ILE	3
8FLI_B	314	1	B	336		LYS	5
8FLI_B	315	1	B	337		PRO	5
8FLI_B	316	1	B	338		ALA	5
8FLI_B	317	1	B	339		LYS	5
8FLI_B	318	1	B	340		LYS	5
8FLI_B	319	1	B	341		ASN	5
8FLI_B	320	1	B	342		ILE	5
8FLI_B	321	1	B	343		LYS	5
8FLI_B	322	1	B	344		ALA	5
8FLI_B	323	1	B	345		PHE	5
8FLI_B	324	1	B	346		HIS	5
8FLI_B	325	1	B	347		LYS	5
8FLI_B	326	1	B	348		LYS	5
8FLI_B	327	1	B	349		ILE	5
8FLI_B	328	1	B	350		ARG	5
8FLI_B	329	1	B	351		ASP	5
8FLI_B	330	1	B	352		ALA	5
8FLI_B	331	1	B	353		LEU	5
8FLI_B	332	1	B	354		LYS	5
8FLI_B	333	1	B	355		GLU	5
8FLI_B	334	1	B	356		LEU	5
8FLI_B	335	1	B	357		ARG	5
8FLI_B	336	1	B	358		THR	5
8FLI_B	337	1	B	359		ALA	5
8FLI_B	338	1	B	360		THR	5
8FLI_B	339	1	B	361		GLN	5
8FLI_B	340	1	B	362		GLU	5
8FLI_B	341	1	B	363		ALA	5
8FLI_B	342	1	B	364		VAL	5
8FLI_B	343	1	B	365		ILE	5
8FLI_B	344	1	B	366		ASP	5
8FLI_B	345	1	B	367		THR	5
8FLI_B	346	1	B	368		LEU	5
8FLI_B	347	1	B	369		ASN	5
8FLI_B	348	1	B	370		PRO	5
8FLI_B	349	1	B	371		ILE	5
8FLI_B	350	1	B	372		ILE	5
8FLI_B	351	1	B	373		LYS	5
8FLI_B	352	1	B	374		GLY	5
8FLI_B	353	1	B	375		TRP	5
8FLI_B	354	1	B	376		ALA	5
8FLI_B	355	1	B	377		ASN	5
8FLI_B	356	1	B	378		TYR	5
8FLI_B	357	1	B	379		HIS	5
8FLI_B	358	1	B	380		ARG	5
8FLI_B	359	1	B	381		ASN	5
8FLI_B	360	1	B	382		GLN	5
8FLI_B	361	1	B	383		VAL	5
8FLI_B	362	1	B	384		SER	5
8FLI_B	363	1	B	385		LYS	5
8FLI_B	364	1	B	386		ARG	5
8FLI_B	365	1	B	387		ILE	5
8FLI_B	366	1	B	388		PHE	5
8FLI_B	367	1	B	389		ASN	5
8FLI_B	368	1	B	390		ARG	5
8FLI_B	369	1	B	391		ALA	5
8FLI_B	370	1	B	392		ASP	5
8FLI_B	371	1	B	393		ASP	5
8FLI_B	372	1	B	394		ASN	5
8FLI_B	373	1	B	395		ILE	5
8FLI_B	374	1	B	396		TRP	5
8FLI_B	375	1	B	397		HIS	5
8FLI_B	376	1	B	398		LYS	5
8FLI_B	377	1	B	399		LEU	5
8FLI_B	378	1	B	400		TRP	5
8FLI_B	379	1	B	401		ARG	5
8FLI_B	380	1	B	402		TRP	5
8FLI_B	381	1	B	403		ALA	5
8FLI_B	382	1	B	404		LYS	5
8FLI_B	383	1	B	405		ARG	5
8FLI_B	384	1	B	406		ARG	5
8FLI_B	385	1	B	407		HIS	5
8FLI_B	386	1	B	408		PRO	5
8FLI_B	387	1	B	409		ASN	5
8FLI_B	388	1	B	410		LYS	5
8FLI_B	389	1	B	411		PRO	5
8FLI_B	390	1	B	412		ALA	5
8FLI_B	391	1	B	413		ARG	5
8FLI_B	392	1	B	414		TRP	5
8FLI_B	393	1	B	415		THR	5
8FLI_B	394	1	B	416		LYS	5
8FLI_B	395	1	B	417		ASN	5
8FLI_B	396	1	B	418		LYS	5
8FLI_B	397	1	B	419		TYR	5
8FLI_B	398	1	B	420		PHE	5
8FLI_B	399	1	B	421		ILE	5
8FLI_B	400	1	B	422		LYS	5
8FLI_B	401	1	B	423		ILE	5
8FLI_B	402	1	B	424		GLY	5
8FLI_B	403	1	B	425		ASN	5
8FLI_B	404	1	B	426		ARG	5
8FLI_B	405	1	B	427		HIS	5
8FLI_B	406	1	B	428		TRP	5
8FLI_B	407	1	B	429		VAL	5
8FLI_B	408	1	B	430		PHE	5
8FLI_B	409	1	B	431		GLY	5
8FLI_B	410	1	B	432		THR	5
8FLI_B	411	1	B	433		TRP	5
8FLI_B	412	1	B	434		LYS	5
8FLI_B	413	1	B	435		LYS	5
8FLI_B	414	1	B	436		ASP	5
8FLI_B	415	1	B	437		LYS	5
8FLI_B	416	1	B	438		GLU	5
8FLI_B	417	1	B	439		GLY	5
8FLI_B	418	1	B	440		ARG	5
8FLI_B	419	1	B	441		LEU	5
8FLI_B	420	1	B	442		ARG	5
8FLI_B	421	1	B	443		SER	5
8FLI_B	422	1	B	444		ARG	5
8FLI_B	423	1	B	445		TYR	5
8FLI_B	424	1	B	446		LEU	5
8FLI_B	425	1	B	447		ILE	5
8FLI_B	426	1	B	448		LYS	5
8FLI_B	427	1	B	449		ALA	5
8FLI_B	428	1	B	450		GLY	5
8FLI_B	429	1	B	451		ASP	5
8FLI_B	430	1	B	452		THR	5
8FLI_B	431	1	B	453		ARG	5
8FLI_B	432	1	B	454		ILE	5
8FLI_B	433	1	B	455		GLN	5
8FLI_B	434	1	B	456		ARG	5
8FLI_B	435	1	B	457		HIS	5
8FLI_B	436	1	B	458		VAL	0
8FLI_B	437	1	B	459		LYS	0
8FLI_B	438	1	B	460		ILE	0
8FLI_B	439	1	B	461		LYS	0
8FLI_B	440	1	B	462		ALA	0
8FLI_B	441	1	B	463		ASP	0
8FLI_B	442	1	B	464		ALA	0
8FLI_B	443	1	B	465		ASN	0
8FLI_B	444	1	B	466		PRO	0
8FLI_B	445	1	B	467		PHE	0
8FLI_B	446	1	B	468		LEU	0
8FLI_B	447	1	B	469		PRO	0
8FLI_B	448	1	B	470		GLU	0
8FLI_B	449	1	B	471		TRP	0
8FLI_B	450	1	B	472		ALA	0
8FLI_B	451	1	B	473		GLU	0
8FLI_B	452	1	B	474		TYR	0
8FLI_B	453	1	B	475		PHE	0
8FLI_B	454	1	B	476		GLU	0
8FLI_B	455	1	B	477		GLU	0
8FLI_B	456	1	B	478		ARG	0
8FLI_B	457	1	B	479		LYS	0
8GH6_A	0	1	A	111		GLY	0
8GH6_A	1	1	A	112		TRP	0
8GH6_A	2	1	A	113		THR	0
8GH6_A	3	1	A	114		CYS	0
8GH6_A	4	1	A	115		GLN	0
8GH6_A	5	1	A	116		PHE	0
8GH6_A	6	1	A	117		CYS	0
8GH6_A	7	1	A	118		GLU	0
8GH6_A	8	1	A	119		ARG	0
8GH6_A	9	1	A	120		THR	0
8GH6_A	10	1	A	121		PHE	0
8GH6_A	11	1	A	122		SER	0
8GH6_A	12	1	A	123		THR	0
8GH6_A	13	1	A	124		ASN	0
8GH6_A	14	1	A	125		ARG	0
8GH6_A	15	1	A	126		GLY	0
8GH6_A	16	1	A	127		LEU	0
8GH6_A	17	1	A	128		GLY	0
8GH6_A	18	1	A	129		VAL	0
8GH6_A	19	1	A	130		HIS	0
8GH6_A	20	1	A	131		LYS	0
8GH6_A	21	1	A	132		ARG	0
8GH6_A	22	1	A	133		ARG	0
8GH6_A	23	1	A	134		ALA	0
8GH6_A	24	1	A	135		HIS	0
8GH6_A	25	1	A	136		PRO	1
8GH6_A	26	1	A	137		VAL	1
8GH6_A	27	1	A	138		GLU	1
8GH6_A	28	1	A	139		THR	1
8GH6_A	29	1	A	140		ASN	1
8GH6_A	30	1	A	141		THR	1
8GH6_A	31	1	A	142		ASP	1
8GH6_A	32	1	A	143		ALA	1
8GH6_A	33	1	A	144		ALA	1
8GH6_A	34	1	A	145		PRO	1
8GH6_A	35	1	A	146		MET	1
8GH6_A	36	1	A	147		MET	1
8GH6_A	37	1	A	148		VAL	1
8GH6_A	38	1	A	149		LYS	1
8GH6_A	39	1	A	150		ARG	2
8GH6_A	40	1	A	151		ARG	2
8GH6_A	41	1	A	152		TRP	2
8GH6_A	42	1	A	153		HIS	2
8GH6_A	43	1	A	154		GLY	2
8GH6_A	44	1	A	155		GLU	2
8GH6_A	45	1	A	156		GLU	2
8GH6_A	46	1	A	157		ILE	2
8GH6_A	47	1	A	158		ASP	2
8GH6_A	48	1	A	159		LEU	2
8GH6_A	49	1	A	160		LEU	2
8GH6_A	50	1	A	161		ALA	2
8GH6_A	51	1	A	162		ARG	2
8GH6_A	52	1	A	163		THR	2
8GH6_A	53	1	A	164		GLU	2
8GH6_A	54	1	A	165		ALA	2
8GH6_A	55	1	A	166		ARG	2
8GH6_A	56	1	A	167		LEU	2
8GH6_A	57	1	A	168		LEU	2
8GH6_A	58	1	A	169		ALA	2
8GH6_A	59	1	A	170		GLU	2
8GH6_A	60	1	A	171		ARG	2
8GH6_A	61	1	A	172		GLY	2
8GH6_A	62	1	A	173		GLN	2
8GH6_A	63	1	A	174		CYS	2
8GH6_A	64	1	A	175		SER	2
8GH6_A	65	1	A	176		GLY	2
8GH6_A	66	1	A	177		GLY	2
8GH6_A	67	1	A	178		ASP	2
8GH6_A	68	1	A	179		LEU	2
8GH6_A	69	1	A	180		PHE	2
8GH6_A	70	1	A	181		GLY	2
8GH6_A	71	1	A	182		ALA	2
8GH6_A	72	1	A	183		LEU	2
8GH6_A	73	1	A	184		PRO	2
8GH6_A	74	1	A	185		GLY	2
8GH6_A	75	1	A	186		PHE	2
8GH6_A	76	1	A	187		GLY	2
8GH6_A	77	1	A	188		ARG	2
8GH6_A	78	1	A	189		THR	2
8GH6_A	79	1	A	190		LEU	2
8GH6_A	80	1	A	191		GLU	2
8GH6_A	81	1	A	192		ALA	2
8GH6_A	82	1	A	193		ILE	2
8GH6_A	83	1	A	194		LYS	2
8GH6_A	84	1	A	195		GLY	2
8GH6_A	85	1	A	196		GLN	2
8GH6_A	86	1	A	197		ARG	2
8GH6_A	87	1	A	198		ARG	2
8GH6_A	88	1	A	199		ARG	2
8GH6_A	89	1	A	200		GLU	2
8GH6_A	90	1	A	201		PRO	2
8GH6_A	91	1	A	202		TYR	2
8GH6_A	92	1	A	203		ARG	2
8GH6_A	93	1	A	204		ALA	2
8GH6_A	94	1	A	205		LEU	2
8GH6_A	95	1	A	206		VAL	2
8GH6_A	96	1	A	207		GLN	2
8GH6_A	97	1	A	208		ALA	2
8GH6_A	98	1	A	209		HIS	2
8GH6_A	99	1	A	210		LEU	2
8GH6_A	100	1	A	211		ALA	0
8GH6_A	101	1	A	212		ARG	0
8GH6_A	102	1	A	213		PHE	0
8GH6_A	103	1	A	214		GLY	0
8GH6_A	104	1	A	215		SER	0
8GH6_A	105	1	A	305		THR	0
8GH6_A	106	1	A	306		SER	0
8GH6_A	107	1	A	307		ARG	0
8GH6_A	108	1	A	308		GLN	0
8GH6_A	109	1	A	309		LYS	0
8GH6_A	110	1	A	310		ARG	0
8GH6_A	111	1	A	311		ARG	0
8GH6_A	112	1	A	312		ALA	0
8GH6_A	113	1	A	313		GLU	3
8GH6_A	114	1	A	314		TYR	3
8GH6_A	115	1	A	315		ALA	3
8GH6_A	116	1	A	316		ARG	3
8GH6_A	117	1	A	317		VAL	3
8GH6_A	118	1	A	318		GLN	3
8GH6_A	119	1	A	319		GLU	3
8GH6_A	120	1	A	320		LEU	3
8GH6_A	121	1	A	321		TYR	3
8GH6_A	122	1	A	322		LYS	3
8GH6_A	123	1	A	323		LYS	3
8GH6_A	124	1	A	324		CYS	3
8GH6_A	125	1	A	325		ARG	3
8GH6_A	126	1	A	326		SER	3
8GH6_A	127	1	A	327		ARG	3
8GH6_A	128	1	A	328		ALA	3
8GH6_A	129	1	A	329		ALA	3
8GH6_A	130	1	A	330		ALA	3
8GH6_A	131	1	A	331		GLU	3
8GH6_A	132	1	A	332		VAL	3
8GH6_A	133	1	A	333		ILE	3
8GH6_A	134	1	A	334		ASP	3
8GH6_A	135	1	A	335		GLY	3
8GH6_A	136	1	A	336		ALA	3
8GH6_A	137	1	A	337		CYS	3
8GH6_A	138	1	A	338		GLY	3
8GH6_A	139	1	A	339		GLY	3
8GH6_A	140	1	A	340		VAL	1
8GH6_A	141	1	A	341		GLY	1
8GH6_A	142	1	A	342		HIS	1
8GH6_A	143	1	A	343		SER	1
8GH6_A	144	1	A	344		LEU	1
8GH6_A	145	1	A	345		GLU	1
8GH6_A	146	1	A	346		GLU	1
8GH6_A	147	1	A	347		MET	1
8GH6_A	148	1	A	348		GLU	1
8GH6_A	149	1	A	349		THR	1
8GH6_A	150	1	A	350		TYR	1
8GH6_A	151	1	A	351		TRP	1
8GH6_A	152	1	A	352		ARG	1
8GH6_A	153	1	A	353		PRO	1
8GH6_A	154	1	A	354		ILE	1
8GH6_A	155	1	A	355		LEU	1
8GH6_A	156	1	A	356		GLU	1
8GH6_A	157	1	A	357		ARG	1
8GH6_A	158	1	A	358		VAL	1
8GH6_A	159	1	A	359		SER	1
8GH6_A	160	1	A	360		ASP	1
8GH6_A	161	1	A	361		ALA	1
8GH6_A	162	1	A	362		PRO	1
8GH6_A	163	1	A	363		GLY	1
8GH6_A	164	1	A	364		PRO	1
8GH6_A	165	1	A	365		THR	1
8GH6_A	166	1	A	366		PRO	1
8GH6_A	167	1	A	367		GLU	1
8GH6_A	168	1	A	368		ALA	1
8GH6_A	169	1	A	369		LEU	1
8GH6_A	170	1	A	370		HIS	1
8GH6_A	171	1	A	371		ALA	1
8GH6_A	172	1	A	372		LEU	1
8GH6_A	173	1	A	373		GLY	1
8GH6_A	174	1	A	374		ARG	1
8GH6_A	175	1	A	385		THR	1
8GH6_A	176	1	A	386		GLN	1
8GH6_A	177	1	A	387		LEU	1
8GH6_A	178	1	A	388		TRP	1
8GH6_A	179	1	A	389		LYS	1
8GH6_A	180	1	A	390		PRO	1
8GH6_A	181	1	A	391		ILE	1
8GH6_A	182	1	A	392		SER	1
8GH6_A	183	1	A	393		VAL	1
8GH6_A	184	1	A	394		GLU	1
8GH6_A	185	1	A	395		GLU	1
8GH6_A	186	1	A	396		ILE	1
8GH6_A	187	1	A	397		LYS	1
8GH6_A	188	1	A	398		ALA	1
8GH6_A	189	1	A	399		SER	1
8GH6_A	190	1	A	400		ARG	1
8GH6_A	191	1	A	401		PHE	1
8GH6_A	192	1	A	402		ASP	1
8GH6_A	193	1	A	403		TRP	1
8GH6_A	194	1	A	404		ARG	1
8GH6_A	195	1	A	405		THR	1
8GH6_A	196	1	A	406		SER	1
8GH6_A	197	1	A	407		PRO	1
8GH6_A	198	1	A	408		GLY	1
8GH6_A	199	1	A	409		PRO	1
8GH6_A	200	1	A	410		ASP	1
8GH6_A	201	1	A	411		GLY	1
8GH6_A	202	1	A	412		ILE	1
8GH6_A	203	1	A	413		ARG	1
8GH6_A	204	1	A	414		SER	1
8GH6_A	205	1	A	415		GLY	1
8GH6_A	206	1	A	416		GLN	1
8GH6_A	207	1	A	417		TRP	1
8GH6_A	208	1	A	418		ARG	1
8GH6_A	209	1	A	419		ALA	1
8GH6_A	210	1	A	420		VAL	1
8GH6_A	211	1	A	421		PRO	1
8GH6_A	212	1	A	422		VAL	1
8GH6_A	213	1	A	423		HIS	1
8GH6_A	214	1	A	424		LEU	1
8GH6_A	215	1	A	425		LYS	1
8GH6_A	216	1	A	426		ALA	1
8GH6_A	217	1	A	427		GLU	1
8GH6_A	218	1	A	428		MET	1
8GH6_A	219	1	A	429		PHE	1
8GH6_A	220	1	A	430		ASN	1
8GH6_A	221	1	A	431		ALA	1
8GH6_A	222	1	A	432		TRP	1
8GH6_A	223	1	A	433		MET	1
8GH6_A	224	1	A	434		ALA	1
8GH6_A	225	1	A	435		ARG	1
8GH6_A	226	1	A	436		GLY	1
8GH6_A	227	1	A	437		GLU	1
8GH6_A	228	1	A	438		ILE	1
8GH6_A	229	1	A	439		PRO	1
8GH6_A	230	1	A	440		GLU	1
8GH6_A	231	1	A	441		ILE	1
8GH6_A	232	1	A	442		LEU	1
8GH6_A	233	1	A	443		ARG	1
8GH6_A	234	1	A	444		GLN	1
8GH6_A	235	1	A	445		CYS	1
8GH6_A	236	1	A	446		ARG	1
8GH6_A	237	1	A	447		THR	1
8GH6_A	238	1	A	448		VAL	1
8GH6_A	239	1	A	449		PHE	1
8GH6_A	240	1	A	450		VAL	1
8GH6_A	241	1	A	451		PRO	1
8GH6_A	242	1	A	452		LYS	1
8GH6_A	243	1	A	453		VAL	1
8GH6_A	244	1	A	454		GLU	1
8GH6_A	245	1	A	455		ARG	1
8GH6_A	246	1	A	456		PRO	1
8GH6_A	247	1	A	457		GLY	1
8GH6_A	248	1	A	458		GLY	1
8GH6_A	249	1	A	459		PRO	1
8GH6_A	250	1	A	460		GLY	1
8GH6_A	251	1	A	461		GLU	1
8GH6_A	252	1	A	462		TYR	1
8GH6_A	253	1	A	463		ARG	1
8GH6_A	254	1	A	464		PRO	1
8GH6_A	255	1	A	465		ILE	1
8GH6_A	256	1	A	466		SER	1
8GH6_A	257	1	A	467		ILE	1
8GH6_A	258	1	A	468		ALA	1
8GH6_A	259	1	A	469		SER	1
8GH6_A	260	1	A	470		ILE	1
8GH6_A	261	1	A	471		PRO	1
8GH6_A	262	1	A	472		LEU	1
8GH6_A	263	1	A	473		ARG	1
8GH6_A	264	1	A	474		HIS	1
8GH6_A	265	1	A	475		PHE	1
8GH6_A	266	1	A	476		HIS	1
8GH6_A	267	1	A	477		SER	1
8GH6_A	268	1	A	478		ILE	1
8GH6_A	269	1	A	479		LEU	1
8GH6_A	270	1	A	480		ALA	1
8GH6_A	271	1	A	481		ARG	1
8GH6_A	272	1	A	482		ARG	1
8GH6_A	273	1	A	483		LEU	1
8GH6_A	274	1	A	484		LEU	1
8GH6_A	275	1	A	485		ALA	1
8GH6_A	276	1	A	486		CYS	1
8GH6_A	277	1	A	487		CYS	1
8GH6_A	278	1	A	488		PRO	1
8GH6_A	279	1	A	489		PRO	1
8GH6_A	280	1	A	490		ASP	1
8GH6_A	281	1	A	491		ALA	1
8GH6_A	282	1	A	492		ARG	1
8GH6_A	283	1	A	493		GLN	1
8GH6_A	284	1	A	494		ARG	1
8GH6_A	285	1	A	495		GLY	1
8GH6_A	286	1	A	496		PHE	1
8GH6_A	287	1	A	497		ILE	1
8GH6_A	288	1	A	498		CYS	1
8GH6_A	289	1	A	499		ALA	1
8GH6_A	290	1	A	500		ASP	1
8GH6_A	291	1	A	501		GLY	1
8GH6_A	292	1	A	502		THR	1
8GH6_A	293	1	A	503		LEU	1
8GH6_A	294	1	A	504		GLU	1
8GH6_A	295	1	A	505		ASN	1
8GH6_A	296	1	A	506		SER	1
8GH6_A	297	1	A	507		ALA	1
8GH6_A	298	1	A	508		VAL	1
8GH6_A	299	1	A	509		LEU	1
8GH6_A	300	1	A	510		ASP	1
8GH6_A	301	1	A	511		ALA	1
8GH6_A	302	1	A	512		VAL	1
8GH6_A	303	1	A	513		LEU	1
8GH6_A	304	1	A	514		GLY	1
8GH6_A	305	1	A	515		ASP	1
8GH6_A	306	1	A	516		SER	1
8GH6_A	307	1	A	517		ARG	1
8GH6_A	308	1	A	518		LYS	1
8GH6_A	309	1	A	519		LYS	1
8GH6_A	310	1	A	520		LEU	1
8GH6_A	311	1	A	521		ARG	1
8GH6_A	312	1	A	522		GLU	1
8GH6_A	313	1	A	523		CYS	1
8GH6_A	314	1	A	524		HIS	1
8GH6_A	315	1	A	525		VAL	1
8GH6_A	316	1	A	526		ALA	1
8GH6_A	317	1	A	527		VAL	1
8GH6_A	318	1	A	528		LEU	1
8GH6_A	319	1	A	529		ASP	1
8GH6_A	320	1	A	530		PHE	1
8GH6_A	321	1	A	531		ALA	1
8GH6_A	322	1	A	532		LYS	1
8GH6_A	323	1	A	533		ALA	1
8GH6_A	324	1	A	534		PHE	1
8GH6_A	325	1	A	535		ASP	1
8GH6_A	326	1	A	536		THR	1
8GH6_A	327	1	A	537		VAL	1
8GH6_A	328	1	A	538		SER	1
8GH6_A	329	1	A	539		HIS	1
8GH6_A	330	1	A	540		GLU	1
8GH6_A	331	1	A	541		ALA	1
8GH6_A	332	1	A	542		LEU	1
8GH6_A	333	1	A	543		VAL	1
8GH6_A	334	1	A	544		GLU	1
8GH6_A	335	1	A	545		LEU	1
8GH6_A	336	1	A	546		LEU	1
8GH6_A	337	1	A	547		ARG	1
8GH6_A	338	1	A	548		LEU	1
8GH6_A	339	1	A	549		ARG	1
8GH6_A	340	1	A	550		GLY	1
8GH6_A	341	1	A	551		MET	1
8GH6_A	342	1	A	552		PRO	1
8GH6_A	343	1	A	553		GLU	1
8GH6_A	344	1	A	554		GLN	1
8GH6_A	345	1	A	555		PHE	1
8GH6_A	346	1	A	556		CYS	1
8GH6_A	347	1	A	557		GLY	1
8GH6_A	348	1	A	558		TYR	1
8GH6_A	349	1	A	559		ILE	1
8GH6_A	350	1	A	560		ALA	1
8GH6_A	351	1	A	561		HIS	1
8GH6_A	352	1	A	562		LEU	1
8GH6_A	353	1	A	563		TYR	1
8GH6_A	354	1	A	564		ASP	1
8GH6_A	355	1	A	565		THR	1
8GH6_A	356	1	A	566		ALA	1
8GH6_A	357	1	A	567		SER	1
8GH6_A	358	1	A	568		THR	1
8GH6_A	359	1	A	569		THR	1
8GH6_A	360	1	A	570		LEU	1
8GH6_A	361	1	A	571		ALA	1
8GH6_A	362	1	A	572		VAL	1
8GH6_A	363	1	A	573		ASN	1
8GH6_A	364	1	A	574		ASN	1
8GH6_A	365	1	A	575		GLU	1
8GH6_A	366	1	A	576		MET	1
8GH6_A	367	1	A	577		SER	1
8GH6_A	368	1	A	578		SER	1
8GH6_A	369	1	A	579		PRO	1
8GH6_A	370	1	A	580		VAL	1
8GH6_A	371	1	A	581		LYS	1
8GH6_A	372	1	A	582		VAL	1
8GH6_A	373	1	A	583		GLY	1
8GH6_A	374	1	A	584		ARG	1
8GH6_A	375	1	A	585		GLY	1
8GH6_A	376	1	A	586		VAL	1
8GH6_A	377	1	A	587		ARG	1
8GH6_A	378	1	A	588		GLN	1
8GH6_A	379	1	A	589		GLY	1
8GH6_A	380	1	A	590		ASP	1
8GH6_A	381	1	A	591		PRO	1
8GH6_A	382	1	A	592		LEU	1
8GH6_A	383	1	A	593		SER	1
8GH6_A	384	1	A	594		PRO	1
8GH6_A	385	1	A	595		ILE	1
8GH6_A	386	1	A	596		LEU	1
8GH6_A	387	1	A	597		PHE	1
8GH6_A	388	1	A	598		ASN	1
8GH6_A	389	1	A	599		VAL	1
8GH6_A	390	1	A	600		VAL	1
8GH6_A	391	1	A	601		MET	1
8GH6_A	392	1	A	602		ASP	1
8GH6_A	393	1	A	603		LEU	1
8GH6_A	394	1	A	604		ILE	1
8GH6_A	395	1	A	605		LEU	1
8GH6_A	396	1	A	606		ALA	1
8GH6_A	397	1	A	607		SER	1
8GH6_A	398	1	A	608		LEU	1
8GH6_A	399	1	A	609		PRO	1
8GH6_A	400	1	A	610		GLU	1
8GH6_A	401	1	A	611		ARG	1
8GH6_A	402	1	A	612		VAL	1
8GH6_A	403	1	A	613		GLY	1
8GH6_A	404	1	A	614		TYR	1
8GH6_A	405	1	A	615		ARG	1
8GH6_A	406	1	A	616		LEU	1
8GH6_A	407	1	A	617		GLU	1
8GH6_A	408	1	A	618		MET	1
8GH6_A	409	1	A	619		GLU	1
8GH6_A	410	1	A	620		LEU	1
8GH6_A	411	1	A	621		VAL	1
8GH6_A	412	1	A	622		SER	1
8GH6_A	413	1	A	623		ALA	1
8GH6_A	414	1	A	624		LEU	1
8GH6_A	415	1	A	625		ALA	1
8GH6_A	416	1	A	626		TYR	1
8GH6_A	417	1	A	627		ALA	1
8GH6_A	418	1	A	628		ASP	1
8GH6_A	419	1	A	629		ASP	1
8GH6_A	420	1	A	630		LEU	1
8GH6_A	421	1	A	631		VAL	1
8GH6_A	422	1	A	632		LEU	1
8GH6_A	423	1	A	633		LEU	1
8GH6_A	424	1	A	634		ALA	1
8GH6_A	425	1	A	635		GLY	1
8GH6_A	426	1	A	636		SER	1
8GH6_A	427	1	A	637		LYS	1
8GH6_A	428	1	A	638		VAL	1
8GH6_A	429	1	A	639		GLY	1
8GH6_A	430	1	A	640		MET	1
8GH6_A	431	1	A	641		GLN	1
8GH6_A	432	1	A	642		GLU	1
8GH6_A	433	1	A	643		SER	1
8GH6_A	434	1	A	644		ILE	1
8GH6_A	435	1	A	645		SER	1
8GH6_A	436	1	A	646		ALA	1
8GH6_A	437	1	A	647		VAL	1
8GH6_A	438	1	A	648		ASP	1
8GH6_A	439	1	A	649		CYS	1
8GH6_A	440	1	A	650		VAL	1
8GH6_A	441	1	A	651		GLY	1
8GH6_A	442	1	A	652		ARG	1
8GH6_A	443	1	A	653		GLN	1
8GH6_A	444	1	A	654		MET	1
8GH6_A	445	1	A	655		GLY	1
8GH6_A	446	1	A	656		LEU	1
8GH6_A	447	1	A	657		ARG	1
8GH6_A	448	1	A	658		LEU	1
8GH6_A	449	1	A	659		ASN	1
8GH6_A	450	1	A	660		CYS	1
8GH6_A	451	1	A	661		ARG	1
8GH6_A	452	1	A	662		LYS	1
8GH6_A	453	1	A	663		SER	1
8GH6_A	454	1	A	664		ALA	1
8GH6_A	455	1	A	665		VAL	1
8GH6_A	456	1	A	666		LEU	1
8GH6_A	457	1	A	667		SER	1
8GH6_A	458	1	A	668		MET	1
8GH6_A	459	1	A	669		ILE	1
8GH6_A	460	1	A	670		PRO	1
8GH6_A	461	1	A	671		ASP	1
8GH6_A	462	1	A	672		GLY	1
8GH6_A	463	1	A	673		HIS	1
8GH6_A	464	1	A	674		ARG	1
8GH6_A	465	1	A	675		LYS	1
8GH6_A	466	1	A	676		LYS	1
8GH6_A	467	1	A	677		HIS	1
8GH6_A	468	1	A	678		HIS	1
8GH6_A	469	1	A	679		TYR	1
8GH6_A	470	1	A	680		LEU	1
8GH6_A	471	1	A	681		THR	1
8GH6_A	472	1	A	682		GLU	1
8GH6_A	473	1	A	683		ARG	1
8GH6_A	474	1	A	684		THR	1
8GH6_A	475	1	A	685		PHE	1
8GH6_A	476	1	A	686		ASN	1
8GH6_A	477	1	A	687		ILE	1
8GH6_A	478	1	A	688		GLY	1
8GH6_A	479	1	A	689		GLY	1
8GH6_A	480	1	A	690		LYS	1
8GH6_A	481	1	A	691		PRO	1
8GH6_A	482	1	A	692		LEU	1
8GH6_A	483	1	A	693		ARG	1
8GH6_A	484	1	A	694		GLN	1
8GH6_A	485	1	A	695		VAL	1
8GH6_A	486	1	A	696		SER	1
8GH6_A	487	1	A	697		CYS	1
8GH6_A	488	1	A	698		VAL	1
8GH6_A	489	1	A	699		GLU	1
8GH6_A	490	1	A	700		ARG	1
8GH6_A	491	1	A	701		TRP	1
8GH6_A	492	1	A	702		ARG	1
8GH6_A	493	1	A	703		TYR	1
8GH6_A	494	1	A	704		LEU	1
8GH6_A	495	1	A	705		GLY	1
8GH6_A	496	1	A	706		VAL	1
8GH6_A	497	1	A	707		ASP	1
8GH6_A	498	1	A	708		PHE	1
8GH6_A	499	1	A	709		GLU	1
8GH6_A	500	1	A	710		ALA	1
8GH6_A	501	1	A	711		SER	1
8GH6_A	502	1	A	712		GLY	1
8GH6_A	503	1	A	713		CYS	1
8GH6_A	504	1	A	714		VAL	1
8GH6_A	505	1	A	715		THR	1
8GH6_A	506	1	A	716		LEU	1
8GH6_A	507	1	A	717		GLU	1
8GH6_A	508	1	A	718		HIS	1
8GH6_A	509	1	A	719		SER	1
8GH6_A	510	1	A	720		ILE	3
8GH6_A	511	1	A	721		SER	3
8GH6_A	512	1	A	722		SER	3
8GH6_A	513	1	A	723		ALA	3
8GH6_A	514	1	A	724		LEU	3
8GH6_A	515	1	A	725		ASN	3
8GH6_A	516	1	A	726		ASN	3
8GH6_A	517	1	A	727		ILE	3
8GH6_A	518	1	A	728		SER	3
8GH6_A	519	1	A	729		ARG	3
8GH6_A	520	1	A	730		ALA	3
8GH6_A	521	1	A	731		PRO	3
8GH6_A	522	1	A	732		LEU	3
8GH6_A	523	1	A	733		LYS	3
8GH6_A	524	1	A	734		PRO	3
8GH6_A	525	1	A	735		GLN	3
8GH6_A	526	1	A	736		GLN	3
8GH6_A	527	1	A	737		ARG	3
8GH6_A	528	1	A	738		LEU	3
8GH6_A	529	1	A	739		GLU	3
8GH6_A	530	1	A	740		ILE	3
8GH6_A	531	1	A	741		LEU	3
8GH6_A	532	1	A	742		ARG	3
8GH6_A	533	1	A	743		ALA	3
8GH6_A	534	1	A	744		HIS	3
8GH6_A	535	1	A	745		LEU	3
8GH6_A	536	1	A	746		ILE	3
8GH6_A	537	1	A	747		PRO	3
8GH6_A	538	1	A	748		ARG	3
8GH6_A	539	1	A	749		PHE	3
8GH6_A	540	1	A	750		GLN	3
8GH6_A	541	1	A	751		HIS	3
8GH6_A	542	1	A	752		GLY	3
8GH6_A	543	1	A	753		PHE	3
8GH6_A	544	1	A	754		VAL	3
8GH6_A	545	1	A	755		LEU	3
8GH6_A	546	1	A	756		GLY	3
8GH6_A	547	1	A	757		ASN	3
8GH6_A	548	1	A	758		ILE	3
8GH6_A	549	1	A	759		SER	3
8GH6_A	550	1	A	760		ASP	3
8GH6_A	551	1	A	761		ASP	3
8GH6_A	552	1	A	762		ARG	3
8GH6_A	553	1	A	763		LEU	3
8GH6_A	554	1	A	764		ARG	3
8GH6_A	555	1	A	765		MET	3
8GH6_A	556	1	A	766		LEU	3
8GH6_A	557	1	A	767		ASP	3
8GH6_A	558	1	A	768		VAL	3
8GH6_A	559	1	A	769		GLN	3
8GH6_A	560	1	A	770		ILE	3
8GH6_A	561	1	A	771		ARG	3
8GH6_A	562	1	A	772		LYS	3
8GH6_A	563	1	A	773		ALA	3
8GH6_A	564	1	A	774		VAL	3
8GH6_A	565	1	A	775		GLY	3
8GH6_A	566	1	A	776		GLN	3
8GH6_A	567	1	A	777		TRP	3
8GH6_A	568	1	A	778		LEU	3
8GH6_A	569	1	A	779		ARG	3
8GH6_A	570	1	A	780		LEU	3
8GH6_A	571	1	A	781		PRO	3
8GH6_A	572	1	A	782		ALA	3
8GH6_A	573	1	A	783		ASP	3
8GH6_A	574	1	A	784		VAL	3
8GH6_A	575	1	A	785		PRO	3
8GH6_A	576	1	A	786		LYS	3
8GH6_A	577	1	A	787		ALA	3
8GH6_A	578	1	A	788		TYR	3
8GH6_A	579	1	A	789		TYR	3
8GH6_A	580	1	A	790		HIS	3
8GH6_A	581	1	A	791		ALA	3
8GH6_A	582	1	A	792		ALA	3
8GH6_A	583	1	A	793		VAL	3
8GH6_A	584	1	A	794		GLN	3
8GH6_A	585	1	A	795		ASP	3
8GH6_A	586	1	A	796		GLY	3
8GH6_A	587	1	A	797		GLY	3
8GH6_A	588	1	A	798		LEU	3
8GH6_A	589	1	A	799		ALA	3
8GH6_A	590	1	A	800		ILE	3
8GH6_A	591	1	A	801		PRO	3
8GH6_A	592	1	A	802		SER	3
8GH6_A	593	1	A	803		VAL	3
8GH6_A	594	1	A	804		ARG	3
8GH6_A	595	1	A	805		ALA	3
8GH6_A	596	1	A	806		THR	3
8GH6_A	597	1	A	807		ILE	3
8GH6_A	598	1	A	808		PRO	3
8GH6_A	599	1	A	809		ASP	3
8GH6_A	600	1	A	810		LEU	3
8GH6_A	601	1	A	811		ILE	3
8GH6_A	602	1	A	812		VAL	3
8GH6_A	603	1	A	813		ARG	3
8GH6_A	604	1	A	814		ARG	3
8GH6_A	605	1	A	815		PHE	3
8GH6_A	606	1	A	816		GLY	3
8GH6_A	607	1	A	817		GLY	3
8GH6_A	608	1	A	818		LEU	3
8GH6_A	609	1	A	819		ASP	3
8GH6_A	610	1	A	820		SER	3
8GH6_A	611	1	A	821		SER	3
8GH6_A	612	1	A	822		PRO	3
8GH6_A	613	1	A	823		TRP	3
8GH6_A	614	1	A	824		SER	3
8GH6_A	615	1	A	825		VAL	3
8GH6_A	616	1	A	826		ALA	3
8GH6_A	617	1	A	827		ARG	3
8GH6_A	618	1	A	828		ALA	3
8GH6_A	619	1	A	829		ALA	3
8GH6_A	620	1	A	830		ALA	3
8GH6_A	621	1	A	831		LYS	3
8GH6_A	622	1	A	832		SER	3
8GH6_A	623	1	A	833		ASP	3
8GH6_A	624	1	A	834		LYS	3
8GH6_A	625	1	A	835		ILE	3
8GH6_A	626	1	A	836		ARG	3
8GH6_A	627	1	A	837		LYS	3
8GH6_A	628	1	A	838		LYS	3
8GH6_A	629	1	A	839		LEU	3
8GH6_A	630	1	A	840		ARG	3
8GH6_A	631	1	A	841		TRP	3
8GH6_A	632	1	A	842		ALA	3
8GH6_A	633	1	A	843		TRP	3
8GH6_A	634	1	A	844		LYS	3
8GH6_A	635	1	A	845		GLN	3
8GH6_A	636	1	A	846		LEU	3
8GH6_A	637	1	A	847		ARG	3
8GH6_A	638	1	A	848		ARG	3
8GH6_A	639	1	A	849		PHE	3
8GH6_A	640	1	A	850		SER	3
8GH6_A	641	1	A	851		ARG	3
8GH6_A	642	1	A	852		VAL	3
8GH6_A	643	1	A	853		ASP	3
8GH6_A	644	1	A	854		SER	3
8GH6_A	645	1	A	855		THR	3
8GH6_A	646	1	A	856		THR	3
8GH6_A	647	1	A	857		GLN	3
8GH6_A	648	1	A	858		ARG	3
8GH6_A	649	1	A	859		PRO	3
8GH6_A	650	1	A	860		SER	3
8GH6_A	651	1	A	861		VAL	3
8GH6_A	652	1	A	862		ARG	3
8GH6_A	653	1	A	863		LEU	3
8GH6_A	654	1	A	864		PHE	3
8GH6_A	655	1	A	865		TRP	3
8GH6_A	656	1	A	866		ARG	3
8GH6_A	657	1	A	867		GLU	3
8GH6_A	658	1	A	868		HIS	3
8GH6_A	659	1	A	869		LEU	3
8GH6_A	660	1	A	870		HIS	4
8GH6_A	661	1	A	871		ALA	4
8GH6_A	662	1	A	872		SER	4
8GH6_A	663	1	A	873		VAL	4
8GH6_A	664	1	A	874		ASP	4
8GH6_A	665	1	A	875		GLY	4
8GH6_A	666	1	A	876		ARG	4
8GH6_A	667	1	A	877		GLU	4
8GH6_A	668	1	A	878		LEU	4
8GH6_A	669	1	A	879		ARG	4
8GH6_A	670	1	A	880		GLU	4
8GH6_A	671	1	A	881		SER	4
8GH6_A	672	1	A	882		THR	4
8GH6_A	673	1	A	883		ARG	4
8GH6_A	674	1	A	884		THR	4
8GH6_A	675	1	A	885		PRO	4
8GH6_A	676	1	A	886		THR	4
8GH6_A	677	1	A	887		SER	4
8GH6_A	678	1	A	888		THR	4
8GH6_A	679	1	A	889		LYS	5
8GH6_A	680	1	A	890		TRP	5
8GH6_A	681	1	A	891		ILE	5
8GH6_A	682	1	A	892		ARG	5
8GH6_A	683	1	A	893		GLU	5
8GH6_A	684	1	A	894		ARG	5
8GH6_A	685	1	A	895		CYS	5
8GH6_A	686	1	A	896		ALA	5
8GH6_A	687	1	A	897		GLN	5
8GH6_A	688	1	A	898		ILE	5
8GH6_A	689	1	A	899		THR	5
8GH6_A	690	1	A	900		GLY	5
8GH6_A	691	1	A	901		ARG	5
8GH6_A	692	1	A	902		ASP	5
8GH6_A	693	1	A	903		PHE	5
8GH6_A	694	1	A	904		VAL	5
8GH6_A	695	1	A	905		GLN	5
8GH6_A	696	1	A	906		PHE	5
8GH6_A	697	1	A	907		VAL	5
8GH6_A	698	1	A	908		HIS	5
8GH6_A	699	1	A	909		THR	5
8GH6_A	700	1	A	910		HIS	5
8GH6_A	701	1	A	911		ILE	5
8GH6_A	702	1	A	912		ASN	5
8GH6_A	703	1	A	913		ALA	5
8GH6_A	704	1	A	914		LEU	5
8GH6_A	705	1	A	915		PRO	5
8GH6_A	706	1	A	916		SER	5
8GH6_A	707	1	A	917		ARG	5
8GH6_A	708	1	A	918		ILE	5
8GH6_A	709	1	A	919		ARG	5
8GH6_A	710	1	A	920		GLY	5
8GH6_A	711	1	A	921		SER	5
8GH6_A	712	1	A	922		ARG	5
8GH6_A	713	1	A	923		GLY	5
8GH6_A	714	1	A	924		ARG	5
8GH6_A	715	1	A	925		ARG	5
8GH6_A	716	1	A	926		GLY	5
8GH6_A	717	1	A	927		GLY	5
8GH6_A	718	1	A	928		GLY	5
8GH6_A	719	1	A	929		GLU	5
8GH6_A	720	1	A	930		SER	5
8GH6_A	721	1	A	931		SER	5
8GH6_A	722	1	A	932		LEU	5
8GH6_A	723	1	A	933		THR	5
8GH6_A	724	1	A	934		CYS	5
8GH6_A	725	1	A	935		ARG	5
8GH6_A	726	1	A	936		ALA	5
8GH6_A	727	1	A	937		GLY	5
8GH6_A	728	1	A	938		CYS	5
8GH6_A	729	1	A	939		LYS	5
8GH6_A	730	1	A	940		VAL	5
8GH6_A	731	1	A	941		ARG	5
8GH6_A	732	1	A	942		GLU	5
8GH6_A	733	1	A	943		THR	5
8GH6_A	734	1	A	944		THR	5
8GH6_A	735	1	A	945		ALA	5
8GH6_A	736	1	A	946		HIS	5
8GH6_A	737	1	A	947		ILE	5
8GH6_A	738	1	A	948		LEU	5
8GH6_A	739	1	A	949		GLN	5
8GH6_A	740	1	A	950		GLN	5
8GH6_A	741	1	A	951		CYS	5
8GH6_A	742	1	A	952		HIS	5
8GH6_A	743	1	A	953		ARG	5
8GH6_A	744	1	A	954		THR	5
8GH6_A	745	1	A	955		HIS	5
8GH6_A	746	1	A	956		GLY	5
8GH6_A	747	1	A	957		GLY	5
8GH6_A	748	1	A	958		ARG	5
8GH6_A	749	1	A	959		ILE	5
8GH6_A	750	1	A	960		LEU	5
8GH6_A	751	1	A	961		ARG	5
8GH6_A	752	1	A	962		HIS	5
8GH6_A	753	1	A	963		ASN	5
8GH6_A	754	1	A	964		LYS	5
8GH6_A	755	1	A	965		ILE	5
8GH6_A	756	1	A	966		VAL	4
8GH6_A	757	1	A	967		SER	4
8GH6_A	758	1	A	968		PHE	4
8GH6_A	759	1	A	969		VAL	4
8GH6_A	760	1	A	970		ALA	4
8GH6_A	761	1	A	971		LYS	4
8GH6_A	762	1	A	972		ALA	4
8GH6_A	763	1	A	973		MET	4
8GH6_A	764	1	A	974		GLU	4
8GH6_A	765	1	A	975		GLU	4
8GH6_A	766	1	A	976		ASN	4
8GH6_A	767	1	A	977		LYS	4
8GH6_A	768	1	A	978		TRP	4
8GH6_A	769	1	A	979		THR	4
8GH6_A	770	1	A	980		VAL	4
8GH6_A	771	1	A	981		GLU	4
8GH6_A	772	1	A	982		LEU	4
8GH6_A	773	1	A	983		GLU	4
8GH6_A	774	1	A	984		PRO	4
8GH6_A	775	1	A	985		ARG	4
8GH6_A	776	1	A	986		LEU	4
8GH6_A	777	1	A	987		ARG	4
8GH6_A	778	1	A	988		THR	4
8GH6_A	779	1	A	989		SER	4
8GH6_A	780	1	A	990		VAL	4
8GH6_A	781	1	A	991		GLY	4
8GH6_A	782	1	A	992		LEU	4
8GH6_A	783	1	A	993		ARG	4
8GH6_A	784	1	A	994		LYS	4
8GH6_A	785	1	A	995		PRO	4
8GH6_A	786	1	A	996		ASP	4
8GH6_A	787	1	A	997		ILE	4
8GH6_A	788	1	A	998		ILE	4
8GH6_A	789	1	A	999		ALA	4
8GH6_A	790	1	A	1000		SER	4
8GH6_A	791	1	A	1001		ARG	4
8GH6_A	792	1	A	1002		ASP	4
8GH6_A	793	1	A	1003		GLY	4
8GH6_A	794	1	A	1004		VAL	4
8GH6_A	795	1	A	1005		GLY	4
8GH6_A	796	1	A	1006		VAL	4
8GH6_A	797	1	A	1007		ILE	4
8GH6_A	798	1	A	1008		VAL	4
8GH6_A	799	1	A	1009		ASP	4
8GH6_A	800	1	A	1010		VAL	4
8GH6_A	801	1	A	1011		GLN	4
8GH6_A	802	1	A	1012		VAL	4
8GH6_A	803	1	A	1013		VAL	4
8GH6_A	804	1	A	1014		SER	4
8GH6_A	805	1	A	1015		GLY	4
8GH6_A	806	1	A	1016		GLN	4
8GH6_A	807	1	A	1017		ARG	4
8GH6_A	808	1	A	1018		SER	4
8GH6_A	809	1	A	1019		LEU	4
8GH6_A	810	1	A	1020		ASP	4
8GH6_A	811	1	A	1021		GLU	4
8GH6_A	812	1	A	1022		LEU	4
8GH6_A	813	1	A	1023		HIS	4
8GH6_A	814	1	A	1024		ARG	4
8GH6_A	815	1	A	1025		GLU	4
8GH6_A	816	1	A	1026		LYS	4
8GH6_A	817	1	A	1027		ARG	4
8GH6_A	818	1	A	1028		ASN	4
8GH6_A	819	1	A	1029		LYS	4
8GH6_A	820	1	A	1030		TYR	4
8GH6_A	821	1	A	1031		GLY	4
8GH6_A	822	1	A	1032		ASN	4
8GH6_A	823	1	A	1033		HIS	4
8GH6_A	824	1	A	1034		GLY	4
8GH6_A	825	1	A	1035		GLU	4
8GH6_A	826	1	A	1036		LEU	4
8GH6_A	827	1	A	1037		VAL	4
8GH6_A	828	1	A	1038		GLU	4
8GH6_A	829	1	A	1039		LEU	4
8GH6_A	830	1	A	1040		VAL	4
8GH6_A	831	1	A	1041		ALA	4
8GH6_A	832	1	A	1042		GLY	4
8GH6_A	833	1	A	1043		ARG	4
8GH6_A	834	1	A	1044		LEU	4
8GH6_A	835	1	A	1045		GLY	4
8GH6_A	836	1	A	1046		LEU	4
8GH6_A	837	1	A	1047		PRO	4
8GH6_A	838	1	A	1048		LYS	4
8GH6_A	839	1	A	1049		ALA	4
8GH6_A	840	1	A	1050		GLU	4
8GH6_A	841	1	A	1051		CYS	4
8GH6_A	842	1	A	1052		VAL	4
8GH6_A	843	1	A	1053		ARG	4
8GH6_A	844	1	A	1054		ALA	4
8GH6_A	845	1	A	1055		THR	4
8GH6_A	846	1	A	1056		SER	4
8GH6_A	847	1	A	1057		CYS	4
8GH6_A	848	1	A	1058		THR	4
8GH6_A	849	1	A	1059		ILE	4
8GH6_A	850	1	A	1060		SER	4
8GH6_A	851	1	A	1061		TRP	4
8GH6_A	852	1	A	1062		ARG	4
8GH6_A	853	1	A	1063		GLY	4
8GH6_A	854	1	A	1064		VAL	4
8GH6_A	855	1	A	1065		TRP	4
8GH6_A	856	1	A	1066		SER	4
8GH6_A	857	1	A	1067		LEU	4
8GH6_A	858	1	A	1068		THR	4
8GH6_A	859	1	A	1069		SER	4
8GH6_A	860	1	A	1070		TYR	4
8GH6_A	861	1	A	1071		LYS	4
8GH6_A	862	1	A	1072		GLU	4
8GH6_A	863	1	A	1073		LEU	4
8GH6_A	864	1	A	1074		ARG	4
8GH6_A	865	1	A	1075		SER	4
8GH6_A	866	1	A	1076		ILE	4
8GH6_A	867	1	A	1077		ILE	4
8GH6_A	868	1	A	1078		GLY	4
8GH6_A	869	1	A	1079		LEU	4
8GH6_A	870	1	A	1080		ARG	4
8GH6_A	871	1	A	1081		GLU	4
8GH6_A	872	1	A	1082		PRO	4
8GH6_A	873	1	A	1083		THR	4
8GH6_A	874	1	A	1084		LEU	4
8GH6_A	875	1	A	1085		GLN	4
8GH6_A	876	1	A	1086		ILE	4
8GH6_A	877	1	A	1087		VAL	5
8GH6_A	878	1	A	1088		PRO	5
8GH6_A	879	1	A	1089		ILE	5
8GH6_A	880	1	A	1090		LEU	5
8GH6_A	881	1	A	1091		ALA	5
8GH6_A	882	1	A	1092		LEU	5
8GH6_A	883	1	A	1093		ARG	5
8GH6_A	884	1	A	1094		GLY	5
8GH6_A	885	1	A	1095		SER	5
8GH6_A	886	1	A	1096		HIS	5
8GH6_A	887	1	A	1097		MET	5
8GH6_A	888	1	A	1098		ASN	5
8GH6_A	889	1	A	1099		TRP	5
8GH6_A	890	1	A	1100		THR	5
8GH6_A	891	1	A	1101		ARG	5
8GH6_A	892	1	A	1102		PHE	5
8GH6_A	893	1	A	1103		ASN	5
8GH6_A	894	1	A	1104		GLN	5
8GH6_A	895	1	A	1105		MET	5
8GH6_A	896	1	A	1106		THR	5
8GH6_A	897	1	A	1107		SER	5
8OZ7_A	0	1	A	0		SER	1
8OZ7_A	1	1	A	1		MET	1
8OZ7_A	2	1	A	2		ILE	1
8OZ7_A	3	1	A	3		THR	1
8OZ7_A	4	1	A	4		LEU	1
8OZ7_A	5	1	A	5		GLN	1
8OZ7_A	6	1	A	6		HIS	1
8OZ7_A	7	1	A	7		GLN	1
8OZ7_A	8	1	A	8		ASP	1
8OZ7_A	9	1	A	9		TRP	1
8OZ7_A	10	1	A	10		GLU	1
8OZ7_A	11	1	A	11		ARG	1
8OZ7_A	12	1	A	12		ALA	1
8OZ7_A	13	1	A	13		VAL	1
8OZ7_A	14	1	A	14		ASN	1
8OZ7_A	15	1	A	15		MET	1
8OZ7_A	16	1	A	16		ILE	1
8OZ7_A	17	1	A	17		LYS	1
8OZ7_A	18	1	A	18		ASN	1
8OZ7_A	19	1	A	19		ILE	1
8OZ7_A	20	1	A	20		PRO	1
8OZ7_A	21	1	A	21		PRO	1
8OZ7_A	22	1	A	22		SER	1
8OZ7_A	23	1	A	23		ALA	1
8OZ7_A	24	1	A	24		LYS	1
8OZ7_A	25	1	A	25		ASN	1
8OZ7_A	26	1	A	26		LYS	1
8OZ7_A	27	1	A	27		TYR	1
8OZ7_A	28	1	A	28		PHE	1
8OZ7_A	29	1	A	29		GLN	1
8OZ7_A	30	1	A	30		THR	1
8OZ7_A	31	1	A	31		PHE	1
8OZ7_A	32	1	A	32		PRO	1
8OZ7_A	33	1	A	33		PHE	1
8OZ7_A	34	1	A	34		PHE	1
8OZ7_A	35	1	A	35		LEU	1
8OZ7_A	36	1	A	36		LEU	1
8OZ7_A	37	1	A	37		SER	1
8OZ7_A	38	1	A	38		GLU	1
8OZ7_A	39	1	A	39		THR	1
8OZ7_A	40	1	A	40		SER	1
8OZ7_A	41	1	A	41		TRP	1
8OZ7_A	42	1	A	42		GLU	1
8OZ7_A	43	1	A	43		GLU	1
8OZ7_A	44	1	A	44		LEU	1
8OZ7_A	45	1	A	45		LEU	1
8OZ7_A	46	1	A	46		SER	1
8OZ7_A	47	1	A	47		GLU	1
8OZ7_A	48	1	A	48		ASN	1
8OZ7_A	49	1	A	49		PHE	1
8OZ7_A	50	1	A	50		PHE	1
8OZ7_A	51	1	A	51		TYR	1
8OZ7_A	52	1	A	52		SER	1
8OZ7_A	53	1	A	53		TYR	1
8OZ7_A	54	1	A	54		ILE	1
8OZ7_A	55	1	A	55		LYS	1
8OZ7_A	56	1	A	56		SER	1
8OZ7_A	57	1	A	57		GLY	1
8OZ7_A	58	1	A	58		GLU	1
8OZ7_A	59	1	A	59		PHE	1
8OZ7_A	60	1	A	60		LEU	1
8OZ7_A	61	1	A	61		THR	1
8OZ7_A	62	1	A	62		TYR	1
8OZ7_A	63	1	A	63		GLN	1
8OZ7_A	64	1	A	64		GLU	1
8OZ7_A	65	1	A	65		ASN	1
8OZ7_A	66	1	A	66		LEU	1
8OZ7_A	67	1	A	67		SER	1
8OZ7_A	68	1	A	68		PHE	1
8OZ7_A	69	1	A	69		TYR	1
8OZ7_A	70	1	A	70		ASP	1
8OZ7_A	71	1	A	71		ARG	1
8OZ7_A	72	1	A	72		THR	1
8OZ7_A	73	1	A	73		ILE	1
8OZ7_A	74	1	A	74		GLN	1
8OZ7_A	75	1	A	75		LYS	1
8OZ7_A	76	1	A	77		HIS	1
8OZ7_A	77	1	A	78		GLY	1
8OZ7_A	78	1	A	79		ALA	1
8OZ7_A	79	1	A	80		TYR	1
8OZ7_A	80	1	A	81		ARG	1
8OZ7_A	81	1	A	82		GLN	1
8OZ7_A	82	1	A	83		THR	1
8OZ7_A	83	1	A	84		ARG	1
8OZ7_A	84	1	A	85		ILE	1
8OZ7_A	85	1	A	86		VAL	1
8OZ7_A	86	1	A	87		SER	1
8OZ7_A	87	1	A	88		PRO	1
8OZ7_A	88	1	A	89		ILE	1
8OZ7_A	89	1	A	90		ILE	1
8OZ7_A	90	1	A	91		TYR	1
8OZ7_A	91	1	A	92		ILE	1
8OZ7_A	92	1	A	93		PHE	1
8OZ7_A	93	1	A	94		LEU	1
8OZ7_A	94	1	A	95		ILE	1
8OZ7_A	95	1	A	96		ALA	1
8OZ7_A	96	1	A	97		ILE	1
8OZ7_A	97	1	A	98		ALA	1
8OZ7_A	98	1	A	99		SER	1
8OZ7_A	99	1	A	100		GLN	1
8OZ7_A	100	1	A	101		VAL	2
8OZ7_A	101	1	A	102		GLU	2
8OZ7_A	102	1	A	103		ARG	2
8OZ7_A	103	1	A	104		ILE	2
8OZ7_A	104	1	A	105		TYR	2
8OZ7_A	105	1	A	106		VAL	2
8OZ7_A	106	1	A	107		GLU	2
8OZ7_A	107	1	A	108		LYS	2
8OZ7_A	108	1	A	109		ARG	2
8OZ7_A	109	1	A	110		THR	2
8OZ7_A	110	1	A	111		ASN	2
8OZ7_A	111	1	A	112		ASP	2
8OZ7_A	112	1	A	113		MET	2
8OZ7_A	113	1	A	114		SER	2
8OZ7_A	114	1	A	115		VAL	2
8OZ7_A	115	1	A	116		TYR	2
8OZ7_A	116	1	A	117		PHE	2
8OZ7_A	117	1	A	118		SER	2
8OZ7_A	118	1	A	119		GLY	2
8OZ7_A	119	1	A	120		SER	2
8OZ7_A	120	1	A	121		PHE	2
8OZ7_A	121	1	A	122		GLU	2
8OZ7_A	122	1	A	123		LYS	2
8OZ7_A	123	1	A	124		GLU	2
8OZ7_A	124	1	A	125		LYS	2
8OZ7_A	125	1	A	126		ASN	2
8OZ7_A	126	1	A	127		THR	2
8OZ7_A	127	1	A	128		ALA	2
8OZ7_A	128	1	A	129		HIS	2
8OZ7_A	129	1	A	130		TYR	2
8OZ7_A	130	1	A	131		LYS	2
8OZ7_A	131	1	A	132		GLN	2
8OZ7_A	132	1	A	133		SER	2
8OZ7_A	133	1	A	134		TYR	2
8OZ7_A	134	1	A	135		ASN	2
8OZ7_A	135	1	A	136		THR	2
8OZ7_A	136	1	A	137		TYR	2
8OZ7_A	137	1	A	138		MET	2
8OZ7_A	138	1	A	139		THR	2
8OZ7_A	139	1	A	140		GLU	2
8OZ7_A	140	1	A	141		LEU	2
8OZ7_A	141	1	A	142		ASN	2
8OZ7_A	142	1	A	143		ALA	2
8OZ7_A	143	1	A	144		CYS	2
8OZ7_A	144	1	A	145		GLN	2
8OZ7_A	145	1	A	146		GLU	2
8OZ7_A	146	1	A	147		GLU	2
8OZ7_A	147	1	A	148		PHE	2
8OZ7_A	148	1	A	149		ASP	2
8OZ7_A	149	1	A	150		TYR	2
8OZ7_A	150	1	A	151		TYR	2
8OZ7_A	151	1	A	152		PHE	2
8OZ7_A	152	1	A	153		GLN	2
8OZ7_A	153	1	A	154		THR	2
8OZ7_A	154	1	A	155		ASP	2
8OZ7_A	155	1	A	156		PHE	2
8OZ7_A	156	1	A	157		SER	2
8OZ7_A	157	1	A	158		THR	2
8OZ7_A	158	1	A	159		PHE	2
8OZ7_A	159	1	A	160		PHE	1
8OZ7_A	160	1	A	161		HIS	1
8OZ7_A	161	1	A	162		LEU	1
8OZ7_A	162	1	A	163		VAL	1
8OZ7_A	163	1	A	164		ASP	1
8OZ7_A	164	1	A	165		THR	1
8OZ7_A	165	1	A	166		ASP	1
8OZ7_A	166	1	A	167		ASN	1
8OZ7_A	167	1	A	168		LEU	1
8OZ7_A	168	1	A	169		PHE	1
8OZ7_A	169	1	A	170		ASN	1
8OZ7_A	170	1	A	171		LYS	1
8OZ7_A	171	1	A	172		ILE	1
8OZ7_A	172	1	A	173		ASP	1
8OZ7_A	173	1	A	174		ARG	1
8OZ7_A	174	1	A	175		LEU	1
8OZ7_A	175	1	A	176		ASP	1
8OZ7_A	176	1	A	177		PRO	1
8OZ7_A	177	1	A	178		LYS	1
8OZ7_A	178	1	A	179		SER	1
8OZ7_A	179	1	A	180		ALA	1
8OZ7_A	180	1	A	181		LEU	1
8OZ7_A	181	1	A	182		VAL	1
8OZ7_A	182	1	A	183		TYR	1
8OZ7_A	183	1	A	184		SER	1
8OZ7_A	184	1	A	185		SER	1
8OZ7_A	185	1	A	186		LEU	1
8OZ7_A	186	1	A	187		ILE	1
8OZ7_A	187	1	A	188		LYS	1
8OZ7_A	188	1	A	189		MET	1
8OZ7_A	189	1	A	190		ILE	1
8OZ7_A	190	1	A	191		GLY	1
8OZ7_A	191	1	A	192		GLN	1
8OZ7_A	192	1	A	193		GLY	1
8OZ7_A	193	1	A	194		ARG	1
8OZ7_A	194	1	A	195		MET	1
8OZ7_A	195	1	A	196		PRO	1
8OZ7_A	196	1	A	197		ILE	1
8OZ7_A	197	1	A	198		VAL	1
8OZ7_A	198	1	A	199		ASP	1
8OZ7_A	199	1	A	200		GLY	2
8OZ7_A	200	1	A	201		ASN	2
8OZ7_A	201	1	A	202		SER	2
8OZ7_A	202	1	A	203		GLY	2
8OZ7_A	203	1	A	204		LEU	2
8OZ7_A	204	1	A	205		SER	2
8OZ7_A	205	1	A	206		PHE	2
8OZ7_A	206	1	A	207		LEU	2
8OZ7_A	207	1	A	208		ASN	2
8OZ7_A	208	1	A	209		THR	2
8OZ7_A	209	1	A	210		VAL	2
8OZ7_A	210	1	A	211		VAL	2
8OZ7_A	211	1	A	212		TYR	2
8OZ7_A	212	1	A	213		LEU	2
8OZ7_A	213	1	A	214		ASP	2
8OZ7_A	214	1	A	215		ASP	2
8OZ7_A	215	1	A	216		PHE	2
8OZ7_A	216	1	A	217		ASP	2
8OZ7_A	217	1	A	218		LYS	2
8OZ7_A	218	1	A	219		GLU	2
8OZ7_A	219	1	A	220		ILE	2
8OZ7_A	220	1	A	221		ILE	2
8OZ7_A	221	1	A	222		ASP	2
8OZ7_A	222	1	A	223		SER	2
8OZ7_A	223	1	A	224		LEU	2
8OZ7_A	224	1	A	225		LYS	2
8OZ7_A	225	1	A	226		THR	2
8OZ7_A	226	1	A	227		ILE	2
8OZ7_A	227	1	A	228		VAL	2
8OZ7_A	228	1	A	229		GLU	2
8OZ7_A	229	1	A	230		ILE	2
8OZ7_A	230	1	A	231		GLU	2
8OZ7_A	231	1	A	232		SER	2
8OZ7_A	232	1	A	233		PHE	2
8OZ7_A	233	1	A	234		LYS	2
8OZ7_A	234	1	A	235		LEU	2
8OZ7_A	235	1	A	236		VAL	2
8OZ7_A	236	1	A	237		ARG	2
8OZ7_A	237	1	A	238		TYR	2
8OZ7_A	238	1	A	239		VAL	2
8OZ7_A	239	1	A	240		ASP	2
8OZ7_A	240	1	A	241		ASP	2
8OZ7_A	241	1	A	242		LEU	2
8OZ7_A	242	1	A	243		HIS	2
8OZ7_A	243	1	A	244		ILE	2
8OZ7_A	244	1	A	245		PHE	2
8OZ7_A	245	1	A	246		ILE	2
8OZ7_A	246	1	A	247		LYS	2
8OZ7_A	247	1	A	248		CYS	2
8OZ7_A	248	1	A	249		ALA	2
8OZ7_A	249	1	A	250		ASN	2
8OZ7_A	250	1	A	251		LYS	2
8OZ7_A	251	1	A	252		ASP	2
8OZ7_A	252	1	A	253		LEU	2
8OZ7_A	253	1	A	254		ASP	2
8OZ7_A	254	1	A	255		PHE	2
8OZ7_A	255	1	A	256		LEU	2
8OZ7_A	256	1	A	257		ASN	2
8OZ7_A	257	1	A	258		TYR	2
8OZ7_A	258	1	A	259		LYS	2
8OZ7_A	259	1	A	260		VAL	2
8OZ7_A	260	1	A	261		TYR	2
8OZ7_A	261	1	A	262		ASN	2
8OZ7_A	262	1	A	263		LEU	2
8OZ7_A	263	1	A	264		LEU	2
8OZ7_A	264	1	A	265		CYS	2
8OZ7_A	265	1	A	266		GLU	2
8OZ7_A	266	1	A	267		LYS	2
8OZ7_A	267	1	A	268		ALA	2
8OZ7_A	268	1	A	269		THR	2
8OZ7_A	269	1	A	270		LYS	2
8OZ7_A	270	1	A	271		HIS	2
8OZ7_A	271	1	A	272		HIS	2
8OZ7_A	272	1	A	273		LEU	2
8OZ7_A	273	1	A	274		GLU	2
8OZ7_A	274	1	A	275		ILE	2
8OZ7_A	275	1	A	276		ASN	2
8OZ7_A	276	1	A	277		SER	2
8OZ7_A	277	1	A	278		SER	2
8OZ7_A	278	1	A	279		LYS	2
8OZ7_A	279	1	A	280		THR	2
8OZ7_A	280	1	A	281		LYS	2
8OZ7_A	281	1	A	282		SER	2
8OZ7_A	282	1	A	283		PHE	2
8OZ7_A	283	1	A	284		THR	2
8OZ7_A	284	1	A	285		PRO	2
8OZ7_A	285	1	A	286		THR	2
8OZ7_A	286	1	A	287		SER	2
8OZ7_A	287	1	A	288		GLU	2
8OZ7_A	288	1	A	289		LEU	2
8OZ7_A	289	1	A	290		SER	3
8OZ7_A	290	1	A	308		ASP	3
8OZ7_A	291	1	A	309		PHE	3
8OZ7_A	292	1	A	310		GLU	3
8OZ7_A	293	1	A	311		GLN	3
8OZ7_A	294	1	A	312		TYR	3
8OZ7_A	295	1	A	313		PHE	3
8OZ7_A	296	1	A	314		SER	3
8OZ7_A	297	1	A	315		LYS	3
8OZ7_A	298	1	A	316		ASN	3
8OZ7_A	299	1	A	317		THR	3
8OZ7_A	300	1	A	318		LEU	3
8OZ7_A	301	1	A	319		ILE	3
8OZ7_A	302	1	A	320		GLU	3
8OZ7_A	303	1	A	321		PHE	3
8OZ7_A	304	1	A	322		LEU	3
8OZ7_A	305	1	A	323		ASP	3
8OZ7_A	306	1	A	324		LYS	3
8OZ7_A	307	1	A	325		LEU	3
8OZ7_A	308	1	A	326		ASN	3
8OZ7_A	309	1	A	327		ASN	3
8OZ7_A	310	1	A	328		MET	3
8OZ7_A	311	1	A	329		SER	3
8OZ7_A	312	1	A	330		VAL	3
8OZ7_A	313	1	A	331		ASN	3
8OZ7_A	314	1	A	332		ALA	3
8OZ7_A	315	1	A	333		ASP	3
8OZ7_A	316	1	A	334		PHE	3
8OZ7_A	317	1	A	335		SER	3
8OZ7_A	318	1	A	336		GLU	3
8OZ7_A	319	1	A	337		TYR	3
8OZ7_A	320	1	A	338		GLU	3
8OZ7_A	321	1	A	339		LYS	3
8OZ7_A	322	1	A	340		GLU	3
8OZ7_A	323	1	A	341		VAL	3
8OZ7_A	324	1	A	342		LEU	3
8OZ7_A	325	1	A	343		TYR	3
8OZ7_A	326	1	A	344		THR	3
8OZ7_A	327	1	A	345		LEU	3
8OZ7_A	328	1	A	346		GLU	3
8OZ7_A	329	1	A	347		ASN	3
8OZ7_A	330	1	A	348		PRO	3
8OZ7_A	331	1	A	349		GLU	3
8OZ7_A	332	1	A	350		ILE	3
8OZ7_A	333	1	A	351		VAL	3
8OZ7_A	334	1	A	352		SER	3
8OZ7_A	335	1	A	353		ASP	3
8OZ7_A	336	1	A	354		GLY	3
8OZ7_A	337	1	A	355		SER	3
8OZ7_A	338	1	A	356		TYR	3
8OZ7_A	339	1	A	357		ILE	3
8OZ7_A	340	1	A	358		LEU	3
8OZ7_A	341	1	A	359		ASN	3
8OZ7_A	342	1	A	360		ALA	3
8OZ7_A	343	1	A	361		ILE	3
8OZ7_A	344	1	A	362		VAL	3
8OZ7_A	345	1	A	363		TYR	3
8OZ7_A	346	1	A	364		ASN	3
8OZ7_A	347	1	A	365		LYS	3
8OZ7_A	348	1	A	366		SER	3
8OZ7_A	349	1	A	367		THR	3
8OZ7_A	350	1	A	368		TRP	3
8OZ7_A	351	1	A	369		SER	3
8OZ7_A	352	1	A	370		GLN	3
8OZ7_A	353	1	A	371		ASP	3
8OZ7_A	354	1	A	372		TYR	3
8OZ7_A	355	1	A	373		ASP	3
8OZ7_A	356	1	A	374		ILE	3
8OZ7_A	357	1	A	375		LYS	3
8OZ7_A	358	1	A	376		ASN	3
8OZ7_A	359	1	A	377		LYS	3
8OZ7_A	360	1	A	378		ILE	3
8OZ7_A	361	1	A	379		SER	3
8OZ7_A	362	1	A	380		LEU	3
8OZ7_A	363	1	A	381		LEU	3
8OZ7_A	364	1	A	382		VAL	3
8OZ7_A	365	1	A	383		ASN	3
8OZ7_A	366	1	A	384		SER	3
8OZ7_A	367	1	A	385		ASN	3
8OZ7_A	368	1	A	386		TYR	3
8OZ7_A	369	1	A	387		ARG	3
8OZ7_A	370	1	A	388		LYS	3
8OZ7_A	371	1	A	389		LEU	3
8OZ7_A	372	1	A	390		ARG	3
8OZ7_A	373	1	A	391		TYR	3
8OZ7_A	374	1	A	392		SER	3
8OZ7_A	375	1	A	393		ALA	3
8OZ7_A	376	1	A	394		LYS	3
8OZ7_A	377	1	A	395		ALA	3
8OZ7_A	378	1	A	396		LEU	3
8OZ7_A	379	1	A	397		ILE	3
8OZ7_A	380	1	A	398		THR	3
8OZ7_A	381	1	A	399		LEU	3
8OZ7_A	382	1	A	400		VAL	3
8OZ7_A	383	1	A	401		LEU	3
8OZ7_A	384	1	A	402		ASN	3
8OZ7_A	385	1	A	403		THR	3
8OZ7_A	386	1	A	404		ARG	3
8OZ7_A	387	1	A	405		ASP	3
8OZ7_A	388	1	A	406		GLY	3
8OZ7_A	389	1	A	407		ASP	3
8OZ7_A	390	1	A	408		ILE	3
8OZ7_A	391	1	A	409		ILE	3
8OZ7_A	392	1	A	410		LYS	3
8OZ7_A	393	1	A	411		GLY	3
8OZ7_A	394	1	A	412		LEU	3
8OZ7_A	395	1	A	413		LEU	3
8OZ7_A	396	1	A	414		ASN	3
8OZ7_A	397	1	A	415		ASN	3
8OZ7_A	398	1	A	416		LEU	3
8OZ7_A	399	1	A	417		PHE	3
8OZ7_A	400	1	A	418		THR	3
8OZ7_A	401	1	A	419		THR	3
8OZ7_A	402	1	A	420		PHE	3
8OZ7_A	403	1	A	421		LYS	3
8OZ7_A	404	1	A	422		ASN	3
8OZ7_A	405	1	A	423		GLY	3
8OZ7_A	406	1	A	424		THR	3
8OZ7_A	407	1	A	425		ASN	3
8OZ7_A	408	1	A	426		ASP	3
8OZ7_A	409	1	A	427		ILE	3
8OZ7_A	410	1	A	428		ILE	3
8OZ7_A	411	1	A	429		ASP	3
8OZ7_A	412	1	A	430		GLU	3
8OZ7_A	413	1	A	431		ILE	3
8OZ7_A	414	1	A	432		ILE	3
8OZ7_A	415	1	A	433		LEU	3
8OZ7_A	416	1	A	434		ILE	3
8OZ7_A	417	1	A	435		GLU	3
8OZ7_A	418	1	A	436		TYR	3
8OZ7_A	419	1	A	437		LEU	3
8OZ7_A	420	1	A	438		VAL	3
8OZ7_A	421	1	A	439		GLN	3
8OZ7_A	422	1	A	440		ARG	3
8OZ7_A	423	1	A	441		LYS	3
8OZ7_A	424	1	A	442		PHE	3
8OZ7_A	425	1	A	443		ASN	3
8OZ7_A	426	1	A	444		HIS	3
8OZ7_A	427	1	A	445		LYS	3
8OZ7_A	428	1	A	446		ASP	3
8OZ7_A	429	1	A	447		LEU	3
8OZ7_A	430	1	A	448		MET	3
8OZ7_A	431	1	A	449		THR	3
8OZ7_A	432	1	A	450		ILE	3
8OZ7_A	433	1	A	451		LEU	1
8OZ7_A	434	1	A	457		GLY	1
8OZ7_A	435	1	A	458		ILE	1
8OZ7_A	436	1	A	459		LYS	1
8OZ7_A	437	1	A	460		GLU	1
8OZ7_A	438	1	A	461		TYR	1
8OZ7_A	439	1	A	462		ILE	1
8OZ7_A	440	1	A	463		LYS	1
8OZ7_A	441	1	A	464		ALA	1
8OZ7_A	442	1	A	465		TYR	1
8OZ7_A	443	1	A	466		GLN	1
8OZ7_A	444	1	A	467		THR	1
8OZ7_A	445	1	A	468		SER	1
8OZ7_A	446	1	A	469		ASP	1
8OZ7_A	447	1	A	470		PHE	1
8OZ7_A	448	1	A	471		ILE	1
8OZ7_A	449	1	A	472		LYS	1
8OZ7_A	450	1	A	473		SER	1
8OZ7_A	451	1	A	474		LEU	1
8OZ7_A	452	1	A	475		GLU	4
8OZ7_A	453	1	A	476		LYS	4
8OZ7_A	454	1	A	477		ASN	4
8OZ7_A	455	1	A	478		LYS	4
8OZ7_A	456	1	A	479		VAL	4
8OZ7_A	457	1	A	480		ILE	4
8OZ7_A	458	1	A	481		PHE	4
8OZ7_A	459	1	A	482		TYR	4
8OZ7_A	460	1	A	483		THR	4
8OZ7_A	461	1	A	484		ASN	4
8OZ7_A	462	1	A	485		GLN	4
8OZ7_A	463	1	A	486		LYS	4
8OZ7_A	464	1	A	487		GLU	4
8OZ7_A	465	1	A	488		VAL	4
8OZ7_A	466	1	A	489		TYR	4
8OZ7_A	467	1	A	490		PRO	4
8OZ7_A	468	1	A	491		LEU	4
8OZ7_A	469	1	A	492		ILE	4
8OZ7_A	470	1	A	493		SER	4
8OZ7_A	471	1	A	494		LYS	4
8OZ7_A	472	1	A	495		ASP	4
8OZ7_A	473	1	A	496		LYS	4
8OZ7_A	474	1	A	497		ILE	4
8OZ7_A	475	1	A	498		LEU	4
8OZ7_A	476	1	A	499		ASN	4
8OZ7_A	477	1	A	500		PHE	4
8OZ7_A	478	1	A	501		ILE	4
8OZ7_A	479	1	A	502		TYR	4
8OZ7_A	480	1	A	503		PHE	4
8OZ7_A	481	1	A	504		ARG	4
8OZ7_A	482	1	A	505		ALA	4
8OZ7_A	483	1	A	506		LYS	4
8OZ7_A	484	1	A	507		TYR	4
8OZ7_A	485	1	A	508		PHE	4
8OZ7_A	486	1	A	509		GLU	4
8OZ7_A	487	1	A	510		SER	4
8OZ7_A	488	1	A	511		LEU	4
8OZ7_A	489	1	A	512		ASP	4
8OZ7_A	490	1	A	513		LEU	4
8OZ7_A	491	1	A	514		VAL	4
8OZ7_A	492	1	A	515		LEU	4
8OZ7_A	493	1	A	516		GLU	4
8OZ7_A	494	1	A	517		SER	4
8OZ7_A	495	1	A	518		PHE	4
8OZ7_A	496	1	A	519		ALA	4
8OZ7_A	497	1	A	520		TYR	4
8OZ7_A	498	1	A	521		TYR	4
8OZ7_A	499	1	A	522		LYS	4
8OZ7_A	500	1	A	523		ASN	4
8OZ7_A	501	1	A	524		TYR	4
8OZ7_A	502	1	A	525		PHE	4
8OZ7_A	503	1	A	526		ASP	4
8OZ7_A	504	1	A	527		ARG	4
8OZ7_A	505	1	A	528		PHE	4
8OZ7_A	506	1	A	529		VAL	4
8OZ7_A	507	1	A	530		ALA	4
8OZ7_A	508	1	A	531		HIS	4
8OZ7_A	509	1	A	532		ALA	4
8OZ7_A	510	1	A	533		MET	4
8OZ7_A	511	1	A	534		PHE	4
8OZ7_A	512	1	A	535		CYS	4
8OZ7_A	513	1	A	536		THR	4
8OZ7_A	514	1	A	537		GLY	4
8OZ7_A	515	1	A	538		ILE	4
8OZ7_A	516	1	A	539		ASP	4
8OZ7_A	517	1	A	540		SER	4
8OZ7_A	518	1	A	541		GLY	4
8OZ7_A	519	1	A	542		ARG	4
8OZ7_A	520	1	A	543		LYS	4
8OZ7_A	521	1	A	544		PRO	4
8OZ7_A	522	1	A	545		ASN	4
8OZ7_A	523	1	A	546		TYR	4
8OZ7_A	524	1	A	547		LYS	4
8OZ7_A	525	1	A	548		LEU	4
8OZ7_A	526	1	A	549		TYR	4
8OZ7_A	527	1	A	550		TYR	4
8OZ7_A	528	1	A	551		THR	4
8OZ7_A	529	1	A	552		GLU	4
8OZ7_A	530	1	A	553		GLY	4
8OZ7_A	531	1	A	554		LYS	4
8OZ7_A	532	1	A	555		LEU	4
8OZ7_A	533	1	A	556		ILE	4
8OZ7_A	534	1	A	557		ASP	4
8OZ7_A	535	1	A	558		GLY	4
8OZ7_A	536	1	A	559		LEU	4
8OZ7_A	537	1	A	560		LYS	4
8OZ7_A	538	1	A	561		GLN	4
8OZ7_A	539	1	A	562		LEU	4
8OZ7_A	540	1	A	563		ASN	4
8OZ7_A	541	1	A	564		PHE	4
8OZ7_A	542	1	A	565		LEU	4
8OZ7_A	543	1	A	566		SER	4
8OZ7_A	544	1	A	567		SER	4
8OZ7_A	545	1	A	568		ASP	4
8OZ7_A	546	1	A	569		GLU	4
8OZ7_A	547	1	A	570		ILE	4
8OZ7_A	548	1	A	571		THR	4
8OZ7_A	549	1	A	572		LYS	4
8OZ7_A	550	1	A	573		ILE	4
8OZ7_A	551	1	A	574		ILE	4
8OZ7_A	552	1	A	575		ASN	4
8OZ7_A	553	1	A	576		GLU	4
8OZ7_A	554	1	A	577		ALA	4
8OZ7_A	555	1	A	578		HIS	4
8OZ7_A	556	1	A	579		LYS	4
8OZ7_A	557	1	A	580		ILE	4
8OZ7_A	558	1	A	581		ARG	4
8OZ7_A	559	1	A	582		ASN	4
8OZ7_A	560	1	A	583		SER	4
8OZ7_A	561	1	A	584		ASN	4
8OZ7_A	562	1	A	585		PRO	4
8OZ7_A	563	1	A	586		VAL	4
8OZ7_A	564	1	A	587		SER	4
8OZ7_A	565	1	A	597		GLU	4
8OZ7_A	566	1	A	598		ASP	4
8OZ7_A	567	1	A	599		PHE	4
8OZ7_A	568	1	A	600		SER	4
8OZ7_A	569	1	A	601		ARG	4
8OZ7_A	570	1	A	602		TYR	4
8OZ7_A	571	1	A	603		ARG	4
8OZ7_A	572	1	A	604		VAL	4
8OZ7_A	573	1	A	605		LYS	4
8OZ7_A	574	1	A	606		SER	4
8OZ7_A	575	1	A	607		SER	4
8OZ7_A	576	1	A	608		LEU	4
8OZ7_A	577	1	A	609		ASN	4
8OZ7_A	578	1	A	610		ASP	4
8OZ7_A	579	1	A	611		LEU	4
8OZ7_A	580	1	A	612		LYS	4
8OZ7_A	581	1	A	613		ILE	4
8OZ7_A	582	1	A	614		ILE	4
8OZ7_A	583	1	A	615		ILE	4
8OZ7_A	584	1	A	616		GLU	4
8OZ7_A	585	1	A	617		GLN	4
8OZ7_A	586	1	A	618		LEU	4
8OZ7_A	587	1	A	619		SER	4
8OZ7_A	588	1	A	620		THR	4
8OZ7_A	589	1	A	621		LEU	4
8OZ7_A	590	1	A	622		LEU	4
8OZ7_A	591	1	A	623		GLN	4
8OZ7_A	592	1	A	624		ASN	4
8OZ7_A	593	1	A	625		LYS	4
8OZ7_A	594	1	A	626		ASN	4
8OZ7_A	595	1	A	627		ARG	4
8OZ7_A	596	1	A	628		LEU	4
8QBK_A	0	1	A	3		SER	1
8QBK_A	1	1	A	4		ALA	1
8QBK_A	2	1	A	5		GLU	1
8QBK_A	3	1	A	6		TYR	1
8QBK_A	4	1	A	7		LEU	1
8QBK_A	5	1	A	8		ASN	1
8QBK_A	6	1	A	9		THR	1
8QBK_A	7	1	A	10		PHE	1
8QBK_A	8	1	A	11		ARG	1
8QBK_A	9	1	A	12		LEU	1
8QBK_A	10	1	A	13		ARG	1
8QBK_A	11	1	A	14		ASN	1
8QBK_A	12	1	A	15		LEU	1
8QBK_A	13	1	A	16		GLY	1
8QBK_A	14	1	A	17		LEU	1
8QBK_A	15	1	A	18		PRO	1
8QBK_A	16	1	A	19		VAL	1
8QBK_A	17	1	A	20		MET	1
8QBK_A	18	1	A	21		ASN	1
8QBK_A	19	1	A	22		ASN	1
8QBK_A	20	1	A	23		LEU	1
8QBK_A	21	1	A	24		HIS	1
8QBK_A	22	1	A	25		ASP	1
8QBK_A	23	1	A	26		MET	1
8QBK_A	24	1	A	27		SER	1
8QBK_A	25	1	A	28		LYS	1
8QBK_A	26	1	A	29		ALA	1
8QBK_A	27	1	A	30		THR	1
8QBK_A	28	1	A	31		ARG	1
8QBK_A	29	1	A	32		ILE	1
8QBK_A	30	1	A	33		SER	1
8QBK_A	31	1	A	34		VAL	1
8QBK_A	32	1	A	35		GLU	1
8QBK_A	33	1	A	36		THR	1
8QBK_A	34	1	A	37		LEU	1
8QBK_A	35	1	A	38		ARG	1
8QBK_A	36	1	A	39		LEU	1
8QBK_A	37	1	A	40		LEU	1
8QBK_A	38	1	A	41		ILE	1
8QBK_A	39	1	A	42		TYR	1
8QBK_A	40	1	A	43		THR	1
8QBK_A	41	1	A	44		ALA	1
8QBK_A	42	1	A	45		ASP	1
8QBK_A	43	1	A	46		PHE	1
8QBK_A	44	1	A	47		ARG	1
8QBK_A	45	1	A	48		TYR	1
8QBK_A	46	1	A	49		ARG	1
8QBK_A	47	1	A	50		ILE	1
8QBK_A	48	1	A	51		TYR	1
8QBK_A	49	1	A	52		THR	1
8QBK_A	50	1	A	53		VAL	1
8QBK_A	51	1	A	54		GLU	1
8QBK_A	52	1	A	55		LYS	1
8QBK_A	53	1	A	56		LYS	1
8QBK_A	54	1	A	57		GLY	1
8QBK_A	55	1	A	58		PRO	1
8QBK_A	56	1	A	59		GLU	1
8QBK_A	57	1	A	60		LYS	1
8QBK_A	58	1	A	61		ARG	1
8QBK_A	59	1	A	62		MET	1
8QBK_A	60	1	A	63		ARG	1
8QBK_A	61	1	A	64		THR	1
8QBK_A	62	1	A	65		ILE	1
8QBK_A	63	1	A	66		TYR	1
8QBK_A	64	1	A	67		GLN	1
8QBK_A	65	1	A	68		PRO	1
8QBK_A	66	1	A	69		SER	1
8QBK_A	67	1	A	70		ARG	1
8QBK_A	68	1	A	71		GLU	1
8QBK_A	69	1	A	72		LEU	1
8QBK_A	70	1	A	73		LYS	1
8QBK_A	71	1	A	74		ALA	1
8QBK_A	72	1	A	75		LEU	1
8QBK_A	73	1	A	76		GLN	1
8QBK_A	74	1	A	77		GLY	1
8QBK_A	75	1	A	78		TRP	1
8QBK_A	76	1	A	79		VAL	1
8QBK_A	77	1	A	80		LEU	1
8QBK_A	78	1	A	81		ARG	1
8QBK_A	79	1	A	82		ASN	1
8QBK_A	80	1	A	83		ILE	1
8QBK_A	81	1	A	84		LEU	1
8QBK_A	82	1	A	85		ASP	1
8QBK_A	83	1	A	86		LYS	1
8QBK_A	84	1	A	87		LEU	1
8QBK_A	85	1	A	88		SER	1
8QBK_A	86	1	A	89		SER	1
8QBK_A	87	1	A	90		SER	1
8QBK_A	88	1	A	91		PRO	1
8QBK_A	89	1	A	92		PHE	1
8QBK_A	90	1	A	93		SER	1
8QBK_A	91	1	A	94		ILE	1
8QBK_A	92	1	A	95		GLY	1
8QBK_A	93	1	A	96		PHE	1
8QBK_A	94	1	A	97		GLU	1
8QBK_A	95	1	A	98		LYS	1
8QBK_A	96	1	A	99		HIS	1
8QBK_A	97	1	A	100		GLN	1
8QBK_A	98	1	A	101		SER	1
8QBK_A	99	1	A	102		ILE	1
8QBK_A	100	1	A	103		LEU	1
8QBK_A	101	1	A	104		ASN	1
8QBK_A	102	1	A	105		ASN	1
8QBK_A	103	1	A	106		ALA	1
8QBK_A	104	1	A	107		THR	1
8QBK_A	105	1	A	108		PRO	1
8QBK_A	106	1	A	109		HIS	1
8QBK_A	107	1	A	110		ILE	1
8QBK_A	108	1	A	111		GLY	1
8QBK_A	109	1	A	112		ALA	1
8QBK_A	110	1	A	113		ASN	1
8QBK_A	111	1	A	114		PHE	1
8QBK_A	112	1	A	115		ILE	1
8QBK_A	113	1	A	116		LEU	1
8QBK_A	114	1	A	117		ASN	1
8QBK_A	115	1	A	118		ILE	1
8QBK_A	116	1	A	119		ASP	1
8QBK_A	117	1	A	120		LEU	1
8QBK_A	118	1	A	121		GLU	1
8QBK_A	119	1	A	122		ASP	1
8QBK_A	120	1	A	123		PHE	1
8QBK_A	121	1	A	124		PHE	1
8QBK_A	122	1	A	125		PRO	1
8QBK_A	123	1	A	126		SER	1
8QBK_A	124	1	A	127		LEU	1
8QBK_A	125	1	A	128		THR	1
8QBK_A	126	1	A	129		ALA	1
8QBK_A	127	1	A	130		ASN	1
8QBK_A	128	1	A	131		LYS	1
8QBK_A	129	1	A	132		VAL	1
8QBK_A	130	1	A	133		PHE	1
8QBK_A	131	1	A	134		GLY	1
8QBK_A	132	1	A	135		VAL	1
8QBK_A	133	1	A	136		PHE	1
8QBK_A	134	1	A	137		HIS	1
8QBK_A	135	1	A	138		SER	1
8QBK_A	136	1	A	139		LEU	1
8QBK_A	137	1	A	140		GLY	1
8QBK_A	138	1	A	141		TYR	1
8QBK_A	139	1	A	142		ASN	1
8QBK_A	140	1	A	143		ARG	1
8QBK_A	141	1	A	144		LEU	1
8QBK_A	142	1	A	145		ILE	1
8QBK_A	143	1	A	146		SER	1
8QBK_A	144	1	A	147		SER	1
8QBK_A	145	1	A	148		VAL	1
8QBK_A	146	1	A	149		LEU	1
8QBK_A	147	1	A	150		THR	1
8QBK_A	148	1	A	151		LYS	1
8QBK_A	149	1	A	152		ILE	1
8QBK_A	150	1	A	153		CYS	1
8QBK_A	151	1	A	154		CYS	1
8QBK_A	152	1	A	155		TYR	1
8QBK_A	153	1	A	156		LYS	1
8QBK_A	154	1	A	157		ASN	1
8QBK_A	155	1	A	158		LEU	1
8QBK_A	156	1	A	159		LEU	1
8QBK_A	157	1	A	160		PRO	1
8QBK_A	158	1	A	161		GLN	1
8QBK_A	159	1	A	162		GLY	1
8QBK_A	160	1	A	163		ALA	1
8QBK_A	161	1	A	164		PRO	1
8QBK_A	162	1	A	165		SER	1
8QBK_A	163	1	A	166		SER	1
8QBK_A	164	1	A	167		PRO	1
8QBK_A	165	1	A	168		LYS	1
8QBK_A	166	1	A	169		LEU	1
8QBK_A	167	1	A	170		ALA	1
8QBK_A	168	1	A	171		ASN	1
8QBK_A	169	1	A	172		LEU	1
8QBK_A	170	1	A	173		ILE	1
8QBK_A	171	1	A	174		CYS	1
8QBK_A	172	1	A	175		SER	1
8QBK_A	173	1	A	176		LYS	1
8QBK_A	174	1	A	177		LEU	1
8QBK_A	175	1	A	178		ASP	1
8QBK_A	176	1	A	179		TYR	1
8QBK_A	177	1	A	180		ARG	1
8QBK_A	178	1	A	181		ILE	1
8QBK_A	179	1	A	182		GLN	1
8QBK_A	180	1	A	183		GLY	1
8QBK_A	181	1	A	184		TYR	1
8QBK_A	182	1	A	185		ALA	1
8QBK_A	183	1	A	186		GLY	1
8QBK_A	184	1	A	187		SER	1
8QBK_A	185	1	A	188		ARG	1
8QBK_A	186	1	A	189		GLY	1
8QBK_A	187	1	A	190		LEU	1
8QBK_A	188	1	A	191		ILE	1
8QBK_A	189	1	A	192		TYR	1
8QBK_A	190	1	A	193		THR	1
8QBK_A	191	1	A	194		ARG	1
8QBK_A	192	1	A	195		TYR	1
8QBK_A	193	1	A	196		ALA	1
8QBK_A	194	1	A	197		ASP	1
8QBK_A	195	1	A	198		ASP	1
8QBK_A	196	1	A	199		LEU	1
8QBK_A	197	1	A	200		THR	1
8QBK_A	198	1	A	201		LEU	1
8QBK_A	199	1	A	202		SER	1
8QBK_A	200	1	A	203		ALA	1
8QBK_A	201	1	A	204		GLN	1
8QBK_A	202	1	A	205		SER	1
8QBK_A	203	1	A	206		MET	1
8QBK_A	204	1	A	207		LYS	1
8QBK_A	205	1	A	208		LYS	1
8QBK_A	206	1	A	209		VAL	1
8QBK_A	207	1	A	210		VAL	1
8QBK_A	208	1	A	211		LYS	1
8QBK_A	209	1	A	212		ALA	1
8QBK_A	210	1	A	213		ARG	1
8QBK_A	211	1	A	214		ASP	1
8QBK_A	212	1	A	215		PHE	1
8QBK_A	213	1	A	216		LEU	1
8QBK_A	214	1	A	217		PHE	1
8QBK_A	215	1	A	218		SER	1
8QBK_A	216	1	A	219		ILE	1
8QBK_A	217	1	A	220		ILE	1
8QBK_A	218	1	A	221		PRO	1
8QBK_A	219	1	A	222		SER	1
8QBK_A	220	1	A	223		GLU	1
8QBK_A	221	1	A	224		GLY	1
8QBK_A	222	1	A	225		LEU	1
8QBK_A	223	1	A	226		VAL	1
8QBK_A	224	1	A	227		ILE	1
8QBK_A	225	1	A	228		ASN	1
8QBK_A	226	1	A	229		SER	1
8QBK_A	227	1	A	230		LYS	1
8QBK_A	228	1	A	231		LYS	1
8QBK_A	229	1	A	232		THR	1
8QBK_A	230	1	A	233		CYS	1
8QBK_A	231	1	A	234		ILE	1
8QBK_A	232	1	A	235		SER	1
8QBK_A	233	1	A	236		GLY	1
8QBK_A	234	1	A	237		PRO	1
8QBK_A	235	1	A	238		ARG	1
8QBK_A	236	1	A	239		SER	1
8QBK_A	237	1	A	240		GLN	1
8QBK_A	238	1	A	241		ARG	1
8QBK_A	239	1	A	242		LYS	1
8QBK_A	240	1	A	243		VAL	1
8QBK_A	241	1	A	244		THR	1
8QBK_A	242	1	A	245		GLY	1
8QBK_A	243	1	A	246		LEU	1
8QBK_A	244	1	A	247		VAL	1
8QBK_A	245	1	A	248		ILE	1
8QBK_A	246	1	A	249		SER	1
8QBK_A	247	1	A	250		GLN	1
8QBK_A	248	1	A	251		GLU	1
8QBK_A	249	1	A	252		LYS	1
8QBK_A	250	1	A	253		VAL	1
8QBK_A	251	1	A	254		GLY	2
8QBK_A	252	1	A	255		ILE	2
8QBK_A	253	1	A	256		GLY	2
8QBK_A	254	1	A	257		ARG	2
8QBK_A	255	1	A	258		GLU	2
8QBK_A	256	1	A	259		LYS	2
8QBK_A	257	1	A	260		TYR	2
8QBK_A	258	1	A	261		LYS	2
8QBK_A	259	1	A	262		GLU	2
8QBK_A	260	1	A	263		ILE	2
8QBK_A	261	1	A	264		ARG	2
8QBK_A	262	1	A	265		ALA	2
8QBK_A	263	1	A	266		LYS	2
8QBK_A	264	1	A	267		ILE	2
8QBK_A	265	1	A	268		HIS	2
8QBK_A	266	1	A	269		HIS	2
8QBK_A	267	1	A	270		ILE	2
8QBK_A	268	1	A	271		PHE	2
8QBK_A	269	1	A	272		CYS	2
8QBK_A	270	1	A	273		GLY	2
8QBK_A	271	1	A	274		LYS	2
8QBK_A	272	1	A	275		SER	2
8QBK_A	273	1	A	276		SER	2
8QBK_A	274	1	A	277		GLU	2
8QBK_A	275	1	A	278		ILE	2
8QBK_A	276	1	A	279		GLU	2
8QBK_A	277	1	A	280		HIS	2
8QBK_A	278	1	A	281		VAL	2
8QBK_A	279	1	A	282		ARG	2
8QBK_A	280	1	A	283		GLY	2
8QBK_A	281	1	A	284		TRP	2
8QBK_A	282	1	A	285		LEU	2
8QBK_A	283	1	A	286		SER	2
8QBK_A	284	1	A	287		PHE	2
8QBK_A	285	1	A	288		ILE	2
8QBK_A	286	1	A	289		LEU	2
8QBK_A	287	1	A	290		SER	2
8QBK_A	288	1	A	291		VAL	2
8QBK_A	289	1	A	292		ASP	2
8QBK_A	290	1	A	293		SER	2
8QBK_A	291	1	A	294		LYS	2
8QBK_A	292	1	A	295		SER	2
8QBK_A	293	1	A	296		HIS	2
8QBK_A	294	1	A	297		ARG	2
8QBK_A	295	1	A	298		ARG	2
8QBK_A	296	1	A	299		LEU	2
8QBK_A	297	1	A	300		ILE	2
8QBK_A	298	1	A	301		THR	2
8QBK_A	299	1	A	302		TYR	2
8QBK_A	300	1	A	303		ILE	2
8QBK_A	301	1	A	304		SER	2
8QBK_A	302	1	A	305		LYS	2
8QBK_A	303	1	A	306		LEU	2
8QBK_A	304	1	A	307		GLU	2
8QBK_A	305	1	A	308		LYS	2
8QBK_A	306	1	A	309		LYS	2
8QBK_A	307	1	A	310		TYR	2
8QBK_A	308	1	A	311		GLY	2
8QBL_A	0	1	A	3		SER	1
8QBL_A	1	1	A	4		ALA	1
8QBL_A	2	1	A	5		GLU	1
8QBL_A	3	1	A	6		TYR	1
8QBL_A	4	1	A	7		LEU	1
8QBL_A	5	1	A	8		ASN	1
8QBL_A	6	1	A	9		THR	1
8QBL_A	7	1	A	10		PHE	1
8QBL_A	8	1	A	11		ARG	1
8QBL_A	9	1	A	12		LEU	1
8QBL_A	10	1	A	13		ARG	1
8QBL_A	11	1	A	14		ASN	1
8QBL_A	12	1	A	15		LEU	1
8QBL_A	13	1	A	16		GLY	1
8QBL_A	14	1	A	17		LEU	1
8QBL_A	15	1	A	18		PRO	1
8QBL_A	16	1	A	19		VAL	1
8QBL_A	17	1	A	20		MET	1
8QBL_A	18	1	A	21		ASN	1
8QBL_A	19	1	A	22		ASN	1
8QBL_A	20	1	A	23		LEU	1
8QBL_A	21	1	A	24		HIS	1
8QBL_A	22	1	A	25		ASP	1
8QBL_A	23	1	A	26		MET	1
8QBL_A	24	1	A	27		SER	1
8QBL_A	25	1	A	28		LYS	1
8QBL_A	26	1	A	29		ALA	1
8QBL_A	27	1	A	30		THR	1
8QBL_A	28	1	A	31		ARG	1
8QBL_A	29	1	A	32		ILE	1
8QBL_A	30	1	A	33		SER	1
8QBL_A	31	1	A	34		VAL	1
8QBL_A	32	1	A	35		GLU	1
8QBL_A	33	1	A	36		THR	1
8QBL_A	34	1	A	37		LEU	1
8QBL_A	35	1	A	38		ARG	1
8QBL_A	36	1	A	39		LEU	1
8QBL_A	37	1	A	40		LEU	1
8QBL_A	38	1	A	41		ILE	1
8QBL_A	39	1	A	42		TYR	1
8QBL_A	40	1	A	43		THR	1
8QBL_A	41	1	A	44		ALA	1
8QBL_A	42	1	A	45		ASP	1
8QBL_A	43	1	A	46		PHE	1
8QBL_A	44	1	A	47		ARG	1
8QBL_A	45	1	A	48		TYR	1
8QBL_A	46	1	A	49		ARG	1
8QBL_A	47	1	A	50		ILE	1
8QBL_A	48	1	A	51		TYR	1
8QBL_A	49	1	A	52		THR	1
8QBL_A	50	1	A	53		VAL	1
8QBL_A	51	1	A	54		GLU	1
8QBL_A	52	1	A	55		LYS	1
8QBL_A	53	1	A	56		LYS	1
8QBL_A	54	1	A	57		GLY	1
8QBL_A	55	1	A	58		PRO	1
8QBL_A	56	1	A	59		GLU	1
8QBL_A	57	1	A	60		LYS	1
8QBL_A	58	1	A	61		ARG	1
8QBL_A	59	1	A	62		MET	1
8QBL_A	60	1	A	63		ARG	1
8QBL_A	61	1	A	64		THR	1
8QBL_A	62	1	A	65		ILE	1
8QBL_A	63	1	A	66		TYR	1
8QBL_A	64	1	A	67		GLN	1
8QBL_A	65	1	A	68		PRO	1
8QBL_A	66	1	A	69		SER	1
8QBL_A	67	1	A	70		ARG	1
8QBL_A	68	1	A	71		GLU	1
8QBL_A	69	1	A	72		LEU	1
8QBL_A	70	1	A	73		LYS	1
8QBL_A	71	1	A	74		ALA	1
8QBL_A	72	1	A	75		LEU	1
8QBL_A	73	1	A	76		GLN	1
8QBL_A	74	1	A	77		GLY	1
8QBL_A	75	1	A	78		TRP	1
8QBL_A	76	1	A	79		VAL	1
8QBL_A	77	1	A	80		LEU	1
8QBL_A	78	1	A	81		ARG	1
8QBL_A	79	1	A	82		ASN	1
8QBL_A	80	1	A	83		ILE	1
8QBL_A	81	1	A	84		LEU	1
8QBL_A	82	1	A	85		ASP	1
8QBL_A	83	1	A	86		LYS	1
8QBL_A	84	1	A	87		LEU	1
8QBL_A	85	1	A	88		SER	1
8QBL_A	86	1	A	89		SER	1
8QBL_A	87	1	A	90		SER	1
8QBL_A	88	1	A	91		PRO	1
8QBL_A	89	1	A	92		PHE	1
8QBL_A	90	1	A	93		SER	1
8QBL_A	91	1	A	94		ILE	1
8QBL_A	92	1	A	95		GLY	1
8QBL_A	93	1	A	96		PHE	1
8QBL_A	94	1	A	97		GLU	1
8QBL_A	95	1	A	98		LYS	1
8QBL_A	96	1	A	99		HIS	1
8QBL_A	97	1	A	100		GLN	1
8QBL_A	98	1	A	101		SER	1
8QBL_A	99	1	A	102		ILE	1
8QBL_A	100	1	A	103		LEU	1
8QBL_A	101	1	A	104		ASN	1
8QBL_A	102	1	A	105		ASN	1
8QBL_A	103	1	A	106		ALA	1
8QBL_A	104	1	A	107		THR	1
8QBL_A	105	1	A	108		PRO	1
8QBL_A	106	1	A	109		HIS	1
8QBL_A	107	1	A	110		ILE	1
8QBL_A	108	1	A	111		GLY	1
8QBL_A	109	1	A	112		ALA	1
8QBL_A	110	1	A	113		ASN	1
8QBL_A	111	1	A	114		PHE	1
8QBL_A	112	1	A	115		ILE	1
8QBL_A	113	1	A	116		LEU	1
8QBL_A	114	1	A	117		ASN	1
8QBL_A	115	1	A	118		ILE	1
8QBL_A	116	1	A	119		ASP	1
8QBL_A	117	1	A	120		LEU	1
8QBL_A	118	1	A	121		GLU	1
8QBL_A	119	1	A	122		ASP	1
8QBL_A	120	1	A	123		PHE	1
8QBL_A	121	1	A	124		PHE	1
8QBL_A	122	1	A	125		PRO	1
8QBL_A	123	1	A	126		SER	1
8QBL_A	124	1	A	127		LEU	1
8QBL_A	125	1	A	128		THR	1
8QBL_A	126	1	A	129		ALA	1
8QBL_A	127	1	A	130		ASN	1
8QBL_A	128	1	A	131		LYS	1
8QBL_A	129	1	A	132		VAL	1
8QBL_A	130	1	A	133		PHE	1
8QBL_A	131	1	A	134		GLY	1
8QBL_A	132	1	A	135		VAL	1
8QBL_A	133	1	A	136		PHE	1
8QBL_A	134	1	A	137		HIS	1
8QBL_A	135	1	A	138		SER	1
8QBL_A	136	1	A	139		LEU	1
8QBL_A	137	1	A	140		GLY	1
8QBL_A	138	1	A	141		TYR	1
8QBL_A	139	1	A	142		ASN	1
8QBL_A	140	1	A	143		ARG	1
8QBL_A	141	1	A	144		LEU	1
8QBL_A	142	1	A	145		ILE	1
8QBL_A	143	1	A	146		SER	1
8QBL_A	144	1	A	147		SER	1
8QBL_A	145	1	A	148		VAL	1
8QBL_A	146	1	A	149		LEU	1
8QBL_A	147	1	A	150		THR	1
8QBL_A	148	1	A	151		LYS	1
8QBL_A	149	1	A	152		ILE	1
8QBL_A	150	1	A	153		CYS	1
8QBL_A	151	1	A	154		CYS	1
8QBL_A	152	1	A	155		TYR	1
8QBL_A	153	1	A	156		LYS	1
8QBL_A	154	1	A	157		ASN	1
8QBL_A	155	1	A	158		LEU	1
8QBL_A	156	1	A	159		LEU	1
8QBL_A	157	1	A	160		PRO	1
8QBL_A	158	1	A	161		GLN	1
8QBL_A	159	1	A	162		GLY	1
8QBL_A	160	1	A	163		ALA	1
8QBL_A	161	1	A	164		PRO	1
8QBL_A	162	1	A	165		SER	1
8QBL_A	163	1	A	166		SER	1
8QBL_A	164	1	A	167		PRO	1
8QBL_A	165	1	A	168		LYS	1
8QBL_A	166	1	A	169		LEU	1
8QBL_A	167	1	A	170		ALA	1
8QBL_A	168	1	A	171		ASN	1
8QBL_A	169	1	A	172		LEU	1
8QBL_A	170	1	A	173		ILE	1
8QBL_A	171	1	A	174		CYS	1
8QBL_A	172	1	A	175		SER	1
8QBL_A	173	1	A	176		LYS	1
8QBL_A	174	1	A	177		LEU	1
8QBL_A	175	1	A	178		ASP	1
8QBL_A	176	1	A	179		TYR	1
8QBL_A	177	1	A	180		ARG	1
8QBL_A	178	1	A	181		ILE	1
8QBL_A	179	1	A	182		GLN	1
8QBL_A	180	1	A	183		GLY	1
8QBL_A	181	1	A	184		TYR	1
8QBL_A	182	1	A	185		ALA	1
8QBL_A	183	1	A	186		GLY	1
8QBL_A	184	1	A	187		SER	1
8QBL_A	185	1	A	188		ARG	1
8QBL_A	186	1	A	189		GLY	1
8QBL_A	187	1	A	190		LEU	1
8QBL_A	188	1	A	191		ILE	1
8QBL_A	189	1	A	192		TYR	1
8QBL_A	190	1	A	193		THR	1
8QBL_A	191	1	A	194		ARG	1
8QBL_A	192	1	A	195		TYR	1
8QBL_A	193	1	A	196		ALA	1
8QBL_A	194	1	A	197		ASP	1
8QBL_A	195	1	A	198		ASP	1
8QBL_A	196	1	A	199		LEU	1
8QBL_A	197	1	A	200		THR	1
8QBL_A	198	1	A	201		LEU	1
8QBL_A	199	1	A	202		SER	1
8QBL_A	200	1	A	203		ALA	1
8QBL_A	201	1	A	204		GLN	1
8QBL_A	202	1	A	205		SER	1
8QBL_A	203	1	A	206		MET	1
8QBL_A	204	1	A	207		LYS	1
8QBL_A	205	1	A	208		LYS	1
8QBL_A	206	1	A	209		VAL	1
8QBL_A	207	1	A	210		VAL	1
8QBL_A	208	1	A	211		LYS	1
8QBL_A	209	1	A	212		ALA	1
8QBL_A	210	1	A	213		ARG	1
8QBL_A	211	1	A	214		ASP	1
8QBL_A	212	1	A	215		PHE	1
8QBL_A	213	1	A	216		LEU	1
8QBL_A	214	1	A	217		PHE	1
8QBL_A	215	1	A	218		SER	1
8QBL_A	216	1	A	219		ILE	1
8QBL_A	217	1	A	220		ILE	1
8QBL_A	218	1	A	221		PRO	1
8QBL_A	219	1	A	222		SER	1
8QBL_A	220	1	A	223		GLU	1
8QBL_A	221	1	A	224		GLY	1
8QBL_A	222	1	A	225		LEU	1
8QBL_A	223	1	A	226		VAL	1
8QBL_A	224	1	A	227		ILE	1
8QBL_A	225	1	A	228		ASN	1
8QBL_A	226	1	A	229		SER	1
8QBL_A	227	1	A	230		LYS	1
8QBL_A	228	1	A	231		LYS	1
8QBL_A	229	1	A	232		THR	1
8QBL_A	230	1	A	233		CYS	1
8QBL_A	231	1	A	234		ILE	1
8QBL_A	232	1	A	235		SER	1
8QBL_A	233	1	A	236		GLY	1
8QBL_A	234	1	A	237		PRO	1
8QBL_A	235	1	A	238		ARG	1
8QBL_A	236	1	A	239		SER	1
8QBL_A	237	1	A	240		GLN	1
8QBL_A	238	1	A	241		ARG	1
8QBL_A	239	1	A	242		LYS	1
8QBL_A	240	1	A	243		VAL	1
8QBL_A	241	1	A	244		THR	1
8QBL_A	242	1	A	245		GLY	1
8QBL_A	243	1	A	246		LEU	1
8QBL_A	244	1	A	247		VAL	1
8QBL_A	245	1	A	248		ILE	1
8QBL_A	246	1	A	249		SER	1
8QBL_A	247	1	A	250		GLN	1
8QBL_A	248	1	A	251		GLU	1
8QBL_A	249	1	A	252		LYS	1
8QBL_A	250	1	A	253		VAL	1
8QBL_A	251	1	A	254		GLY	2
8QBL_A	252	1	A	255		ILE	2
8QBL_A	253	1	A	256		GLY	2
8QBL_A	254	1	A	257		ARG	2
8QBL_A	255	1	A	258		GLU	2
8QBL_A	256	1	A	259		LYS	2
8QBL_A	257	1	A	260		TYR	2
8QBL_A	258	1	A	261		LYS	2
8QBL_A	259	1	A	262		GLU	2
8QBL_A	260	1	A	263		ILE	2
8QBL_A	261	1	A	264		ARG	2
8QBL_A	262	1	A	265		ALA	2
8QBL_A	263	1	A	266		LYS	2
8QBL_A	264	1	A	267		ILE	2
8QBL_A	265	1	A	268		HIS	2
8QBL_A	266	1	A	269		HIS	2
8QBL_A	267	1	A	270		ILE	2
8QBL_A	268	1	A	271		PHE	2
8QBL_A	269	1	A	272		CYS	2
8QBL_A	270	1	A	273		GLY	2
8QBL_A	271	1	A	274		LYS	2
8QBL_A	272	1	A	275		SER	2
8QBL_A	273	1	A	276		SER	2
8QBL_A	274	1	A	277		GLU	2
8QBL_A	275	1	A	278		ILE	2
8QBL_A	276	1	A	279		GLU	2
8QBL_A	277	1	A	280		HIS	2
8QBL_A	278	1	A	281		VAL	2
8QBL_A	279	1	A	282		ARG	2
8QBL_A	280	1	A	283		GLY	2
8QBL_A	281	1	A	284		TRP	2
8QBL_A	282	1	A	285		LEU	2
8QBL_A	283	1	A	286		SER	2
8QBL_A	284	1	A	287		PHE	2
8QBL_A	285	1	A	288		ILE	2
8QBL_A	286	1	A	289		LEU	2
8QBL_A	287	1	A	290		SER	2
8QBL_A	288	1	A	291		VAL	2
8QBL_A	289	1	A	292		ASP	2
8QBL_A	290	1	A	293		SER	2
8QBL_A	291	1	A	294		LYS	2
8QBL_A	292	1	A	295		SER	2
8QBL_A	293	1	A	296		HIS	2
8QBL_A	294	1	A	297		ARG	2
8QBL_A	295	1	A	298		ARG	2
8QBL_A	296	1	A	299		LEU	2
8QBL_A	297	1	A	300		ILE	2
8QBL_A	298	1	A	301		THR	2
8QBL_A	299	1	A	302		TYR	2
8QBL_A	300	1	A	303		ILE	2
8QBL_A	301	1	A	304		SER	2
8QBL_A	302	1	A	305		LYS	2
8QBL_A	303	1	A	306		LEU	2
8QBL_A	304	1	A	307		GLU	2
8QBL_A	305	1	A	308		LYS	2
8QBL_A	306	1	A	309		LYS	2
8QBL_A	307	1	A	310		TYR	2
8QBL_A	308	1	A	311		GLY	2
8QBM_A	0	1	A	3		SER	1
8QBM_A	1	1	A	4		ALA	1
8QBM_A	2	1	A	5		GLU	1
8QBM_A	3	1	A	6		TYR	1
8QBM_A	4	1	A	7		LEU	1
8QBM_A	5	1	A	8		ASN	1
8QBM_A	6	1	A	9		THR	1
8QBM_A	7	1	A	10		PHE	1
8QBM_A	8	1	A	11		ARG	1
8QBM_A	9	1	A	12		LEU	1
8QBM_A	10	1	A	13		ARG	1
8QBM_A	11	1	A	14		ASN	1
8QBM_A	12	1	A	15		LEU	1
8QBM_A	13	1	A	16		GLY	1
8QBM_A	14	1	A	17		LEU	1
8QBM_A	15	1	A	18		PRO	1
8QBM_A	16	1	A	19		VAL	1
8QBM_A	17	1	A	20		MET	1
8QBM_A	18	1	A	21		ASN	1
8QBM_A	19	1	A	22		ASN	1
8QBM_A	20	1	A	23		LEU	1
8QBM_A	21	1	A	24		HIS	1
8QBM_A	22	1	A	25		ASP	1
8QBM_A	23	1	A	26		MET	1
8QBM_A	24	1	A	27		SER	1
8QBM_A	25	1	A	28		LYS	1
8QBM_A	26	1	A	29		ALA	1
8QBM_A	27	1	A	30		THR	1
8QBM_A	28	1	A	31		ARG	1
8QBM_A	29	1	A	32		ILE	1
8QBM_A	30	1	A	33		SER	1
8QBM_A	31	1	A	34		VAL	1
8QBM_A	32	1	A	35		GLU	1
8QBM_A	33	1	A	36		THR	1
8QBM_A	34	1	A	37		LEU	1
8QBM_A	35	1	A	38		ARG	1
8QBM_A	36	1	A	39		LEU	1
8QBM_A	37	1	A	40		LEU	1
8QBM_A	38	1	A	41		ILE	1
8QBM_A	39	1	A	42		TYR	1
8QBM_A	40	1	A	43		THR	1
8QBM_A	41	1	A	44		ALA	1
8QBM_A	42	1	A	45		ASP	1
8QBM_A	43	1	A	46		PHE	1
8QBM_A	44	1	A	47		ARG	1
8QBM_A	45	1	A	48		TYR	1
8QBM_A	46	1	A	49		ARG	1
8QBM_A	47	1	A	50		ILE	1
8QBM_A	48	1	A	51		TYR	1
8QBM_A	49	1	A	52		THR	1
8QBM_A	50	1	A	53		VAL	1
8QBM_A	51	1	A	54		GLU	1
8QBM_A	52	1	A	55		LYS	1
8QBM_A	53	1	A	56		LYS	1
8QBM_A	54	1	A	57		GLY	1
8QBM_A	55	1	A	58		PRO	1
8QBM_A	56	1	A	59		GLU	1
8QBM_A	57	1	A	60		LYS	1
8QBM_A	58	1	A	61		ARG	1
8QBM_A	59	1	A	62		MET	1
8QBM_A	60	1	A	63		ARG	1
8QBM_A	61	1	A	64		THR	1
8QBM_A	62	1	A	65		ILE	1
8QBM_A	63	1	A	66		TYR	1
8QBM_A	64	1	A	67		GLN	1
8QBM_A	65	1	A	68		PRO	1
8QBM_A	66	1	A	69		SER	1
8QBM_A	67	1	A	70		ARG	1
8QBM_A	68	1	A	71		GLU	1
8QBM_A	69	1	A	72		LEU	1
8QBM_A	70	1	A	73		LYS	1
8QBM_A	71	1	A	74		ALA	1
8QBM_A	72	1	A	75		LEU	1
8QBM_A	73	1	A	76		GLN	1
8QBM_A	74	1	A	77		GLY	1
8QBM_A	75	1	A	78		TRP	1
8QBM_A	76	1	A	79		VAL	1
8QBM_A	77	1	A	80		LEU	1
8QBM_A	78	1	A	81		ARG	1
8QBM_A	79	1	A	82		ASN	1
8QBM_A	80	1	A	83		ILE	1
8QBM_A	81	1	A	84		LEU	1
8QBM_A	82	1	A	85		ASP	1
8QBM_A	83	1	A	86		LYS	1
8QBM_A	84	1	A	87		LEU	1
8QBM_A	85	1	A	88		SER	1
8QBM_A	86	1	A	89		SER	1
8QBM_A	87	1	A	90		SER	1
8QBM_A	88	1	A	91		PRO	1
8QBM_A	89	1	A	92		PHE	1
8QBM_A	90	1	A	93		SER	1
8QBM_A	91	1	A	94		ILE	1
8QBM_A	92	1	A	95		GLY	1
8QBM_A	93	1	A	96		PHE	1
8QBM_A	94	1	A	97		GLU	1
8QBM_A	95	1	A	98		LYS	1
8QBM_A	96	1	A	99		HIS	1
8QBM_A	97	1	A	100		GLN	1
8QBM_A	98	1	A	101		SER	1
8QBM_A	99	1	A	102		ILE	1
8QBM_A	100	1	A	103		LEU	1
8QBM_A	101	1	A	104		ASN	1
8QBM_A	102	1	A	105		ASN	1
8QBM_A	103	1	A	106		ALA	1
8QBM_A	104	1	A	107		THR	1
8QBM_A	105	1	A	108		PRO	1
8QBM_A	106	1	A	109		HIS	1
8QBM_A	107	1	A	110		ILE	1
8QBM_A	108	1	A	111		GLY	1
8QBM_A	109	1	A	112		ALA	1
8QBM_A	110	1	A	113		ASN	1
8QBM_A	111	1	A	114		PHE	1
8QBM_A	112	1	A	115		ILE	1
8QBM_A	113	1	A	116		LEU	1
8QBM_A	114	1	A	117		ASN	1
8QBM_A	115	1	A	118		ILE	1
8QBM_A	116	1	A	119		ASP	1
8QBM_A	117	1	A	120		LEU	1
8QBM_A	118	1	A	121		GLU	1
8QBM_A	119	1	A	122		ASP	1
8QBM_A	120	1	A	123		PHE	1
8QBM_A	121	1	A	124		PHE	1
8QBM_A	122	1	A	125		PRO	1
8QBM_A	123	1	A	126		SER	1
8QBM_A	124	1	A	127		LEU	1
8QBM_A	125	1	A	128		THR	1
8QBM_A	126	1	A	129		ALA	1
8QBM_A	127	1	A	130		ASN	1
8QBM_A	128	1	A	131		LYS	1
8QBM_A	129	1	A	132		VAL	1
8QBM_A	130	1	A	133		PHE	1
8QBM_A	131	1	A	134		GLY	1
8QBM_A	132	1	A	135		VAL	1
8QBM_A	133	1	A	136		PHE	1
8QBM_A	134	1	A	137		HIS	1
8QBM_A	135	1	A	138		SER	1
8QBM_A	136	1	A	139		LEU	1
8QBM_A	137	1	A	140		GLY	1
8QBM_A	138	1	A	141		TYR	1
8QBM_A	139	1	A	142		ASN	1
8QBM_A	140	1	A	143		ARG	1
8QBM_A	141	1	A	144		LEU	1
8QBM_A	142	1	A	145		ILE	1
8QBM_A	143	1	A	146		SER	1
8QBM_A	144	1	A	147		SER	1
8QBM_A	145	1	A	148		VAL	1
8QBM_A	146	1	A	149		LEU	1
8QBM_A	147	1	A	150		THR	1
8QBM_A	148	1	A	151		LYS	1
8QBM_A	149	1	A	152		ILE	1
8QBM_A	150	1	A	153		CYS	1
8QBM_A	151	1	A	154		CYS	1
8QBM_A	152	1	A	155		TYR	1
8QBM_A	153	1	A	156		LYS	1
8QBM_A	154	1	A	157		ASN	1
8QBM_A	155	1	A	158		LEU	1
8QBM_A	156	1	A	159		LEU	1
8QBM_A	157	1	A	160		PRO	1
8QBM_A	158	1	A	161		GLN	1
8QBM_A	159	1	A	162		GLY	1
8QBM_A	160	1	A	163		ALA	1
8QBM_A	161	1	A	164		PRO	1
8QBM_A	162	1	A	165		SER	1
8QBM_A	163	1	A	166		SER	1
8QBM_A	164	1	A	167		PRO	1
8QBM_A	165	1	A	168		LYS	1
8QBM_A	166	1	A	169		LEU	1
8QBM_A	167	1	A	170		ALA	1
8QBM_A	168	1	A	171		ASN	1
8QBM_A	169	1	A	172		LEU	1
8QBM_A	170	1	A	173		ILE	1
8QBM_A	171	1	A	174		CYS	1
8QBM_A	172	1	A	175		SER	1
8QBM_A	173	1	A	176		LYS	1
8QBM_A	174	1	A	177		LEU	1
8QBM_A	175	1	A	178		ASP	1
8QBM_A	176	1	A	179		TYR	1
8QBM_A	177	1	A	180		ARG	1
8QBM_A	178	1	A	181		ILE	1
8QBM_A	179	1	A	182		GLN	1
8QBM_A	180	1	A	183		GLY	1
8QBM_A	181	1	A	184		TYR	1
8QBM_A	182	1	A	185		ALA	1
8QBM_A	183	1	A	186		GLY	1
8QBM_A	184	1	A	187		SER	1
8QBM_A	185	1	A	188		ARG	1
8QBM_A	186	1	A	189		GLY	1
8QBM_A	187	1	A	190		LEU	1
8QBM_A	188	1	A	191		ILE	1
8QBM_A	189	1	A	192		TYR	1
8QBM_A	190	1	A	193		THR	1
8QBM_A	191	1	A	194		ARG	1
8QBM_A	192	1	A	195		TYR	1
8QBM_A	193	1	A	196		ALA	1
8QBM_A	194	1	A	197		ASP	1
8QBM_A	195	1	A	198		ASP	1
8QBM_A	196	1	A	199		LEU	1
8QBM_A	197	1	A	200		THR	1
8QBM_A	198	1	A	201		LEU	1
8QBM_A	199	1	A	202		SER	1
8QBM_A	200	1	A	203		ALA	1
8QBM_A	201	1	A	204		GLN	1
8QBM_A	202	1	A	205		SER	1
8QBM_A	203	1	A	206		MET	1
8QBM_A	204	1	A	207		LYS	1
8QBM_A	205	1	A	208		LYS	1
8QBM_A	206	1	A	209		VAL	1
8QBM_A	207	1	A	210		VAL	1
8QBM_A	208	1	A	211		LYS	1
8QBM_A	209	1	A	212		ALA	1
8QBM_A	210	1	A	213		ARG	1
8QBM_A	211	1	A	214		ASP	1
8QBM_A	212	1	A	215		PHE	1
8QBM_A	213	1	A	216		LEU	1
8QBM_A	214	1	A	217		PHE	1
8QBM_A	215	1	A	218		SER	1
8QBM_A	216	1	A	219		ILE	1
8QBM_A	217	1	A	220		ILE	1
8QBM_A	218	1	A	221		PRO	1
8QBM_A	219	1	A	222		SER	1
8QBM_A	220	1	A	223		GLU	1
8QBM_A	221	1	A	224		GLY	1
8QBM_A	222	1	A	225		LEU	1
8QBM_A	223	1	A	226		VAL	1
8QBM_A	224	1	A	227		ILE	1
8QBM_A	225	1	A	228		ASN	1
8QBM_A	226	1	A	229		SER	1
8QBM_A	227	1	A	230		LYS	1
8QBM_A	228	1	A	231		LYS	1
8QBM_A	229	1	A	232		THR	1
8QBM_A	230	1	A	233		CYS	1
8QBM_A	231	1	A	234		ILE	1
8QBM_A	232	1	A	235		SER	1
8QBM_A	233	1	A	236		GLY	1
8QBM_A	234	1	A	237		PRO	1
8QBM_A	235	1	A	238		ARG	1
8QBM_A	236	1	A	239		SER	1
8QBM_A	237	1	A	240		GLN	1
8QBM_A	238	1	A	241		ARG	1
8QBM_A	239	1	A	242		LYS	1
8QBM_A	240	1	A	243		VAL	1
8QBM_A	241	1	A	244		THR	1
8QBM_A	242	1	A	245		GLY	1
8QBM_A	243	1	A	246		LEU	1
8QBM_A	244	1	A	247		VAL	1
8QBM_A	245	1	A	248		ILE	1
8QBM_A	246	1	A	249		SER	1
8QBM_A	247	1	A	250		GLN	1
8QBM_A	248	1	A	251		GLU	1
8QBM_A	249	1	A	252		LYS	1
8QBM_A	250	1	A	253		VAL	1
8QBM_A	251	1	A	254		GLY	2
8QBM_A	252	1	A	255		ILE	2
8QBM_A	253	1	A	256		GLY	2
8QBM_A	254	1	A	257		ARG	2
8QBM_A	255	1	A	258		GLU	2
8QBM_A	256	1	A	259		LYS	2
8QBM_A	257	1	A	260		TYR	2
8QBM_A	258	1	A	261		LYS	2
8QBM_A	259	1	A	262		GLU	2
8QBM_A	260	1	A	263		ILE	2
8QBM_A	261	1	A	264		ARG	2
8QBM_A	262	1	A	265		ALA	2
8QBM_A	263	1	A	266		LYS	2
8QBM_A	264	1	A	267		ILE	2
8QBM_A	265	1	A	268		HIS	2
8QBM_A	266	1	A	269		HIS	2
8QBM_A	267	1	A	270		ILE	2
8QBM_A	268	1	A	271		PHE	2
8QBM_A	269	1	A	272		CYS	2
8QBM_A	270	1	A	273		GLY	2
8QBM_A	271	1	A	274		LYS	2
8QBM_A	272	1	A	275		SER	2
8QBM_A	273	1	A	276		SER	2
8QBM_A	274	1	A	277		GLU	2
8QBM_A	275	1	A	278		ILE	2
8QBM_A	276	1	A	279		GLU	2
8QBM_A	277	1	A	280		HIS	2
8QBM_A	278	1	A	281		VAL	2
8QBM_A	279	1	A	282		ARG	2
8QBM_A	280	1	A	283		GLY	2
8QBM_A	281	1	A	284		TRP	2
8QBM_A	282	1	A	285		LEU	2
8QBM_A	283	1	A	286		SER	2
8QBM_A	284	1	A	287		PHE	2
8QBM_A	285	1	A	288		ILE	2
8QBM_A	286	1	A	289		LEU	2
8QBM_A	287	1	A	290		SER	2
8QBM_A	288	1	A	291		VAL	2
8QBM_A	289	1	A	292		ASP	2
8QBM_A	290	1	A	293		SER	2
8QBM_A	291	1	A	294		LYS	2
8QBM_A	292	1	A	295		SER	2
8QBM_A	293	1	A	296		HIS	2
8QBM_A	294	1	A	297		ARG	2
8QBM_A	295	1	A	298		ARG	2
8QBM_A	296	1	A	299		LEU	2
8QBM_A	297	1	A	300		ILE	2
8QBM_A	298	1	A	301		THR	2
8QBM_A	299	1	A	302		TYR	2
8QBM_A	300	1	A	303		ILE	2
8QBM_A	301	1	A	304		SER	2
8QBM_A	302	1	A	305		LYS	2
8QBM_A	303	1	A	306		LEU	2
8QBM_A	304	1	A	307		GLU	2
8QBM_A	305	1	A	308		LYS	2
8QBM_A	306	1	A	309		LYS	2
8QBM_A	307	1	A	310		TYR	2
8QBM_A	308	1	A	311		GLY	2
8SXT_A	0	1	A	254		ASN	1
8SXT_A	1	1	A	255		LEU	1
8SXT_A	2	1	A	256		LEU	1
8SXT_A	3	1	A	257		LEU	1
8SXT_A	4	1	A	258		ASN	1
8SXT_A	5	1	A	259		ASP	1
8SXT_A	6	1	A	260		TYR	1
8SXT_A	7	1	A	261		TRP	1
8SXT_A	8	1	A	262		VAL	1
8SXT_A	9	1	A	263		HIS	1
8SXT_A	10	1	A	264		ASN	1
8SXT_A	11	1	A	265		GLU	1
8SXT_A	12	1	A	266		MET	1
8SXT_A	13	1	A	267		LYS	1
8SXT_A	14	1	A	268		ALA	1
8SXT_A	15	1	A	269		GLU	1
8SXT_A	16	1	A	270		ILE	1
8SXT_A	17	1	A	271		LYS	1
8SXT_A	18	1	A	272		MET	1
8SXT_A	19	1	A	273		PHE	1
8SXT_A	20	1	A	274		PHE	1
8SXT_A	21	1	A	275		GLU	1
8SXT_A	22	1	A	276		THR	1
8SXT_A	23	1	A	277		ASN	1
8SXT_A	24	1	A	278		GLU	1
8SXT_A	25	1	A	279		ASN	1
8SXT_A	26	1	A	280		LYS	1
8SXT_A	27	1	A	281		ASP	1
8SXT_A	28	1	A	282		THR	1
8SXT_A	29	1	A	283		THR	1
8SXT_A	30	1	A	284		TYR	1
8SXT_A	31	1	A	285		GLN	1
8SXT_A	32	1	A	286		ASN	1
8SXT_A	33	1	A	287		LEU	1
8SXT_A	34	1	A	288		TRP	1
8SXT_A	35	1	A	289		ASP	1
8SXT_A	36	1	A	290		ALA	1
8SXT_A	37	1	A	291		PHE	1
8SXT_A	38	1	A	292		LYS	1
8SXT_A	39	1	A	293		ALA	1
8SXT_A	40	1	A	294		VAL	1
8SXT_A	41	1	A	295		CYS	1
8SXT_A	42	1	A	296		ARG	1
8SXT_A	43	1	A	297		GLY	1
8SXT_A	44	1	A	298		LYS	1
8SXT_A	45	1	A	299		PHE	1
8SXT_A	46	1	A	300		ILE	1
8SXT_A	47	1	A	301		ALA	1
8SXT_A	48	1	A	302		LEU	1
8SXT_A	49	1	A	303		ASN	1
8SXT_A	50	1	A	304		ALA	1
8SXT_A	51	1	A	305		TYR	1
8SXT_A	52	1	A	306		LYS	1
8SXT_A	53	1	A	307		ARG	1
8SXT_A	54	1	A	308		LYS	1
8SXT_A	55	1	A	309		GLN	1
8SXT_A	56	1	A	310		GLU	1
8SXT_A	57	1	A	393		ILE	2
8SXT_A	58	1	A	394		LYS	2
8SXT_A	59	1	A	395		ASN	2
8SXT_A	60	1	A	396		ASP	2
8SXT_A	61	1	A	397		LYS	2
8SXT_A	62	1	A	398		GLY	2
8SXT_A	63	1	A	399		ASP	2
8SXT_A	64	1	A	400		ILE	2
8SXT_A	65	1	A	401		THR	2
8SXT_A	66	1	A	402		THR	2
8SXT_A	67	1	A	403		ASP	2
8SXT_A	68	1	A	404		PRO	2
8SXT_A	69	1	A	405		THR	2
8SXT_A	70	1	A	406		GLU	2
8SXT_A	71	1	A	407		ILE	2
8SXT_A	72	1	A	408		GLN	2
8SXT_A	73	1	A	409		THR	2
8SXT_A	74	1	A	410		THR	2
8SXT_A	75	1	A	411		ILE	2
8SXT_A	76	1	A	412		ARG	2
8SXT_A	77	1	A	413		GLU	2
8SXT_A	78	1	A	414		TYR	2
8SXT_A	79	1	A	415		TYR	2
8SXT_A	80	1	A	416		LYS	2
8SXT_A	81	1	A	417		HIS	2
8SXT_A	82	1	A	418		LEU	2
8SXT_A	83	1	A	419		TYR	2
8SXT_A	84	1	A	420		ALA	2
8SXT_A	85	1	A	421		ASN	2
8SXT_A	86	1	A	422		LYS	2
8SXT_A	87	1	A	423		LEU	2
8SXT_A	88	1	A	424		GLU	2
8SXT_A	89	1	A	425		ASN	2
8SXT_A	90	1	A	426		LEU	2
8SXT_A	91	1	A	427		GLU	2
8SXT_A	92	1	A	428		GLU	2
8SXT_A	93	1	A	429		MET	2
8SXT_A	94	1	A	430		ASP	2
8SXT_A	95	1	A	431		THR	2
8SXT_A	96	1	A	432		PHE	2
8SXT_A	97	1	A	433		LEU	2
8SXT_A	98	1	A	434		ASP	2
8SXT_A	99	1	A	435		THR	2
8SXT_A	100	1	A	436		TYR	2
8SXT_A	101	1	A	437		THR	2
8SXT_A	102	1	A	438		LEU	2
8SXT_A	103	1	A	439		PRO	2
8SXT_A	104	1	A	440		ARG	2
8SXT_A	105	1	A	441		LEU	2
8SXT_A	106	1	A	442		ASN	2
8SXT_A	107	1	A	443		GLN	2
8SXT_A	108	1	A	444		GLU	2
8SXT_A	109	1	A	445		GLU	2
8SXT_A	110	1	A	446		VAL	2
8SXT_A	111	1	A	447		GLU	2
8SXT_A	112	1	A	448		SER	2
8SXT_A	113	1	A	449		LEU	2
8SXT_A	114	1	A	450		ASN	2
8SXT_A	115	1	A	451		ARG	2
8SXT_A	116	1	A	452		PRO	2
8SXT_A	117	1	A	453		ILE	2
8SXT_A	118	1	A	454		THR	2
8SXT_A	119	1	A	455		GLY	2
8SXT_A	120	1	A	456		SER	2
8SXT_A	121	1	A	457		GLU	2
8SXT_A	122	1	A	458		ILE	2
8SXT_A	123	1	A	459		VAL	2
8SXT_A	124	1	A	460		ALA	2
8SXT_A	125	1	A	461		ILE	2
8SXT_A	126	1	A	462		ILE	2
8SXT_A	127	1	A	463		ASN	2
8SXT_A	128	1	A	464		SER	2
8SXT_A	129	1	A	465		LEU	2
8SXT_A	130	1	A	466		PRO	2
8SXT_A	131	1	A	467		THR	2
8SXT_A	132	1	A	468		LYS	2
8SXT_A	133	1	A	469		LYS	2
8SXT_A	134	1	A	470		SER	2
8SXT_A	135	1	A	471		PRO	2
8SXT_A	136	1	A	472		GLY	2
8SXT_A	137	1	A	473		PRO	2
8SXT_A	138	1	A	474		ASP	2
8SXT_A	139	1	A	475		GLY	2
8SXT_A	140	1	A	476		PHE	2
8SXT_A	141	1	A	477		THR	2
8SXT_A	142	1	A	478		ALA	2
8SXT_A	143	1	A	479		GLU	2
8SXT_A	144	1	A	480		PHE	2
8SXT_A	145	1	A	481		TYR	2
8SXT_A	146	1	A	482		GLN	2
8SXT_A	147	1	A	483		ARG	2
8SXT_A	148	1	A	484		TYR	2
8SXT_A	149	1	A	485		LYS	2
8SXT_A	150	1	A	486		GLU	2
8SXT_A	151	1	A	487		GLU	2
8SXT_A	152	1	A	488		LEU	2
8SXT_A	153	1	A	489		VAL	2
8SXT_A	154	1	A	490		PRO	2
8SXT_A	155	1	A	491		PHE	2
8SXT_A	156	1	A	492		LEU	2
8SXT_A	157	1	A	493		LEU	2
8SXT_A	158	1	A	494		LYS	2
8SXT_A	159	1	A	495		LEU	2
8SXT_A	160	1	A	496		PHE	2
8SXT_A	161	1	A	497		GLN	2
8SXT_A	162	1	A	498		SER	2
8SXT_A	163	1	A	499		ILE	2
8SXT_A	164	1	A	500		GLU	2
8SXT_A	165	1	A	501		LYS	2
8SXT_A	166	1	A	502		GLU	2
8SXT_A	167	1	A	503		GLY	2
8SXT_A	168	1	A	504		ILE	2
8SXT_A	169	1	A	505		LEU	2
8SXT_A	170	1	A	506		PRO	2
8SXT_A	171	1	A	507		ASN	2
8SXT_A	172	1	A	508		SER	2
8SXT_A	173	1	A	509		PHE	2
8SXT_A	174	1	A	510		TYR	2
8SXT_A	175	1	A	511		GLU	2
8SXT_A	176	1	A	512		ALA	2
8SXT_A	177	1	A	513		SER	2
8SXT_A	178	1	A	514		ILE	2
8SXT_A	179	1	A	515		ILE	2
8SXT_A	180	1	A	516		LEU	2
8SXT_A	181	1	A	517		ILE	2
8SXT_A	182	1	A	518		PRO	2
8SXT_A	183	1	A	519		LYS	2
8SXT_A	184	1	A	520		PRO	2
8SXT_A	185	1	A	521		GLY	2
8SXT_A	186	1	A	522		ARG	2
8SXT_A	187	1	A	523		ASP	2
8SXT_A	188	1	A	524		THR	2
8SXT_A	189	1	A	525		THR	2
8SXT_A	190	1	A	526		LYS	2
8SXT_A	191	1	A	527		LYS	2
8SXT_A	192	1	A	528		GLU	2
8SXT_A	193	1	A	529		ASN	2
8SXT_A	194	1	A	530		PHE	2
8SXT_A	195	1	A	531		ARG	2
8SXT_A	196	1	A	532		PRO	2
8SXT_A	197	1	A	533		ILE	2
8SXT_A	198	1	A	534		SER	2
8SXT_A	199	1	A	535		LEU	2
8SXT_A	200	1	A	536		MET	2
8SXT_A	201	1	A	537		ASN	2
8SXT_A	202	1	A	538		ILE	2
8SXT_A	203	1	A	539		ASP	2
8SXT_A	204	1	A	540		ALA	2
8SXT_A	205	1	A	541		LYS	2
8SXT_A	206	1	A	542		ILE	2
8SXT_A	207	1	A	543		LEU	2
8SXT_A	208	1	A	544		ASN	2
8SXT_A	209	1	A	545		LYS	2
8SXT_A	210	1	A	546		ILE	2
8SXT_A	211	1	A	547		LEU	2
8SXT_A	212	1	A	548		ALA	2
8SXT_A	213	1	A	549		ASN	2
8SXT_A	214	1	A	550		ARG	2
8SXT_A	215	1	A	551		ILE	2
8SXT_A	216	1	A	552		GLN	2
8SXT_A	217	1	A	553		GLN	2
8SXT_A	218	1	A	554		HIS	2
8SXT_A	219	1	A	555		ILE	2
8SXT_A	220	1	A	556		LYS	2
8SXT_A	221	1	A	557		LYS	2
8SXT_A	222	1	A	558		LEU	2
8SXT_A	223	1	A	559		ILE	2
8SXT_A	224	1	A	560		HIS	2
8SXT_A	225	1	A	561		HIS	2
8SXT_A	226	1	A	562		ASP	2
8SXT_A	227	1	A	563		GLN	2
8SXT_A	228	1	A	564		VAL	2
8SXT_A	229	1	A	565		GLY	2
8SXT_A	230	1	A	566		PHE	2
8SXT_A	231	1	A	567		ILE	2
8SXT_A	232	1	A	568		PRO	2
8SXT_A	233	1	A	569		GLY	2
8SXT_A	234	1	A	570		MET	2
8SXT_A	235	1	A	571		GLN	2
8SXT_A	236	1	A	572		GLY	2
8SXT_A	237	1	A	573		TRP	2
8SXT_A	238	1	A	574		PHE	2
8SXT_A	239	1	A	575		ASN	2
8SXT_A	240	1	A	576		ILE	2
8SXT_A	241	1	A	577		ARG	2
8SXT_A	242	1	A	578		LYS	2
8SXT_A	243	1	A	579		SER	2
8SXT_A	244	1	A	580		ILE	2
8SXT_A	245	1	A	581		ASN	2
8SXT_A	246	1	A	582		VAL	2
8SXT_A	247	1	A	583		ILE	2
8SXT_A	248	1	A	584		GLN	2
8SXT_A	249	1	A	585		HIS	2
8SXT_A	250	1	A	586		ILE	2
8SXT_A	251	1	A	587		ASN	2
8SXT_A	252	1	A	588		ARG	2
8SXT_A	253	1	A	589		ALA	2
8SXT_A	254	1	A	590		LYS	2
8SXT_A	255	1	A	591		ASP	2
8SXT_A	256	1	A	592		LYS	2
8SXT_A	257	1	A	593		ASN	2
8SXT_A	258	1	A	594		HIS	2
8SXT_A	259	1	A	595		VAL	2
8SXT_A	260	1	A	596		ILE	2
8SXT_A	261	1	A	597		ILE	2
8SXT_A	262	1	A	598		SER	2
8SXT_A	263	1	A	599		ILE	2
8SXT_A	264	1	A	600		ASP	2
8SXT_A	265	1	A	601		ALA	2
8SXT_A	266	1	A	602		GLU	2
8SXT_A	267	1	A	603		LYS	2
8SXT_A	268	1	A	604		ALA	2
8SXT_A	269	1	A	605		PHE	2
8SXT_A	270	1	A	606		ASP	2
8SXT_A	271	1	A	607		LYS	2
8SXT_A	272	1	A	608		ILE	2
8SXT_A	273	1	A	609		GLN	2
8SXT_A	274	1	A	610		GLN	2
8SXT_A	275	1	A	611		PRO	2
8SXT_A	276	1	A	612		PHE	2
8SXT_A	277	1	A	613		MET	2
8SXT_A	278	1	A	614		LEU	2
8SXT_A	279	1	A	615		LYS	2
8SXT_A	280	1	A	616		THR	2
8SXT_A	281	1	A	617		LEU	2
8SXT_A	282	1	A	618		ASN	2
8SXT_A	283	1	A	619		LYS	2
8SXT_A	284	1	A	620		LEU	2
8SXT_A	285	1	A	621		GLY	2
8SXT_A	286	1	A	622		ILE	2
8SXT_A	287	1	A	623		ASP	2
8SXT_A	288	1	A	624		GLY	2
8SXT_A	289	1	A	625		MET	2
8SXT_A	290	1	A	626		TYR	2
8SXT_A	291	1	A	627		LEU	2
8SXT_A	292	1	A	628		LYS	2
8SXT_A	293	1	A	629		ILE	2
8SXT_A	294	1	A	630		ILE	2
8SXT_A	295	1	A	631		ARG	2
8SXT_A	296	1	A	632		ALA	2
8SXT_A	297	1	A	633		ILE	2
8SXT_A	298	1	A	634		TYR	2
8SXT_A	299	1	A	635		ASP	2
8SXT_A	300	1	A	636		LYS	2
8SXT_A	301	1	A	637		PRO	2
8SXT_A	302	1	A	638		THR	2
8SXT_A	303	1	A	639		ALA	2
8SXT_A	304	1	A	640		ASN	2
8SXT_A	305	1	A	641		ILE	2
8SXT_A	306	1	A	642		ILE	2
8SXT_A	307	1	A	643		LEU	2
8SXT_A	308	1	A	644		ASN	2
8SXT_A	309	1	A	645		GLY	2
8SXT_A	310	1	A	646		GLN	2
8SXT_A	311	1	A	647		LYS	2
8SXT_A	312	1	A	648		LEU	2
8SXT_A	313	1	A	649		GLU	2
8SXT_A	314	1	A	650		ALA	2
8SXT_A	315	1	A	651		PHE	2
8SXT_A	316	1	A	652		PRO	2
8SXT_A	317	1	A	653		LEU	2
8SXT_A	318	1	A	654		LYS	2
8SXT_A	319	1	A	655		THR	2
8SXT_A	320	1	A	656		GLY	2
8SXT_A	321	1	A	657		THR	2
8SXT_A	322	1	A	658		ARG	2
8SXT_A	323	1	A	659		GLN	2
8SXT_A	324	1	A	660		GLY	2
8SXT_A	325	1	A	661		CYS	2
8SXT_A	326	1	A	662		PRO	2
8SXT_A	327	1	A	663		LEU	2
8SXT_A	328	1	A	664		SER	2
8SXT_A	329	1	A	665		PRO	2
8SXT_A	330	1	A	666		LEU	2
8SXT_A	331	1	A	667		LEU	2
8SXT_A	332	1	A	668		PHE	2
8SXT_A	333	1	A	669		ASN	2
8SXT_A	334	1	A	670		ILE	2
8SXT_A	335	1	A	671		VAL	2
8SXT_A	336	1	A	672		LEU	2
8SXT_A	337	1	A	673		GLU	2
8SXT_A	338	1	A	674		VAL	2
8SXT_A	339	1	A	675		LEU	2
8SXT_A	340	1	A	676		ALA	2
8SXT_A	341	1	A	677		ARG	2
8SXT_A	342	1	A	678		ALA	2
8SXT_A	343	1	A	679		ILE	2
8SXT_A	344	1	A	680		ARG	2
8SXT_A	345	1	A	681		GLN	2
8SXT_A	346	1	A	682		GLU	2
8SXT_A	347	1	A	683		LYS	2
8SXT_A	348	1	A	684		GLU	2
8SXT_A	349	1	A	685		ILE	2
8SXT_A	350	1	A	686		LYS	2
8SXT_A	351	1	A	687		GLY	2
8SXT_A	352	1	A	688		ILE	2
8SXT_A	353	1	A	689		GLN	2
8SXT_A	354	1	A	690		LEU	2
8SXT_A	355	1	A	691		GLY	2
8SXT_A	356	1	A	692		LYS	2
8SXT_A	357	1	A	693		GLU	2
8SXT_A	358	1	A	694		GLU	2
8SXT_A	359	1	A	695		VAL	2
8SXT_A	360	1	A	696		LYS	2
8SXT_A	361	1	A	697		LEU	2
8SXT_A	362	1	A	698		SER	2
8SXT_A	363	1	A	699		LEU	2
8SXT_A	364	1	A	700		PHE	2
8SXT_A	365	1	A	701		ALA	2
8SXT_A	366	1	A	702		ASP	2
8SXT_A	367	1	A	703		ASP	2
8SXT_A	368	1	A	704		MET	2
8SXT_A	369	1	A	705		ILE	2
8SXT_A	370	1	A	706		VAL	2
8SXT_A	371	1	A	707		TYR	2
8SXT_A	372	1	A	708		LEU	2
8SXT_A	373	1	A	709		GLU	2
8SXT_A	374	1	A	710		ASN	2
8SXT_A	375	1	A	711		PRO	2
8SXT_A	376	1	A	712		ILE	2
8SXT_A	377	1	A	713		VAL	2
8SXT_A	378	1	A	714		SER	2
8SXT_A	379	1	A	715		ALA	2
8SXT_A	380	1	A	716		GLN	2
8SXT_A	381	1	A	717		ASN	2
8SXT_A	382	1	A	718		LEU	2
8SXT_A	383	1	A	719		LEU	2
8SXT_A	384	1	A	720		LYS	2
8SXT_A	385	1	A	721		LEU	2
8SXT_A	386	1	A	722		ILE	2
8SXT_A	387	1	A	723		SER	2
8SXT_A	388	1	A	724		ASN	2
8SXT_A	389	1	A	725		PHE	2
8SXT_A	390	1	A	726		SER	2
8SXT_A	391	1	A	727		LYS	2
8SXT_A	392	1	A	728		VAL	2
8SXT_A	393	1	A	729		SER	2
8SXT_A	394	1	A	730		GLY	2
8SXT_A	395	1	A	731		TYR	2
8SXT_A	396	1	A	732		LYS	2
8SXT_A	397	1	A	733		ILE	2
8SXT_A	398	1	A	734		ASN	2
8SXT_A	399	1	A	735		VAL	2
8SXT_A	400	1	A	736		GLN	2
8SXT_A	401	1	A	737		LYS	2
8SXT_A	402	1	A	738		SER	2
8SXT_A	403	1	A	739		GLN	2
8SXT_A	404	1	A	740		ALA	2
8SXT_A	405	1	A	741		PHE	2
8SXT_A	406	1	A	742		LEU	2
8SXT_A	407	1	A	743		TYR	2
8SXT_A	408	1	A	744		ASN	2
8SXT_A	409	1	A	745		ASN	2
8SXT_A	410	1	A	746		ASN	2
8SXT_A	411	1	A	747		ARG	2
8SXT_A	412	1	A	748		GLN	2
8SXT_A	413	1	A	749		THR	2
8SXT_A	414	1	A	750		GLU	2
8SXT_A	415	1	A	751		SER	2
8SXT_A	416	1	A	752		GLN	2
8SXT_A	417	1	A	753		ILE	2
8SXT_A	418	1	A	754		MET	2
8SXT_A	419	1	A	755		GLY	2
8SXT_A	420	1	A	756		GLU	2
8SXT_A	421	1	A	757		LEU	2
8SXT_A	422	1	A	758		PRO	2
8SXT_A	423	1	A	759		PHE	2
8SXT_A	424	1	A	760		THR	2
8SXT_A	425	1	A	761		ILE	2
8SXT_A	426	1	A	762		ALA	2
8SXT_A	427	1	A	763		SER	2
8SXT_A	428	1	A	764		LYS	2
8SXT_A	429	1	A	765		ARG	2
8SXT_A	430	1	A	766		ILE	2
8SXT_A	431	1	A	767		LYS	2
8SXT_A	432	1	A	768		TYR	2
8SXT_A	433	1	A	769		LEU	2
8SXT_A	434	1	A	770		GLY	2
8SXT_A	435	1	A	771		ILE	2
8SXT_A	436	1	A	772		GLN	2
8SXT_A	437	1	A	773		LEU	2
8SXT_A	438	1	A	774		THR	2
8SXT_A	439	1	A	775		ARG	2
8SXT_A	440	1	A	776		ASP	2
8SXT_A	441	1	A	777		VAL	2
8SXT_A	442	1	A	778		LYS	2
8SXT_A	443	1	A	779		ASP	2
8SXT_A	444	1	A	780		LEU	2
8SXT_A	445	1	A	781		PHE	2
8SXT_A	446	1	A	782		LYS	2
8SXT_A	447	1	A	783		GLU	2
8SXT_A	448	1	A	784		ASN	3
8SXT_A	449	1	A	785		TYR	3
8SXT_A	450	1	A	786		LYS	3
8SXT_A	451	1	A	787		PRO	3
8SXT_A	452	1	A	788		LEU	3
8SXT_A	453	1	A	789		LEU	3
8SXT_A	454	1	A	790		LYS	3
8SXT_A	455	1	A	791		GLU	3
8SXT_A	456	1	A	792		ILE	3
8SXT_A	457	1	A	793		LYS	3
8SXT_A	458	1	A	794		GLU	3
8SXT_A	459	1	A	795		ASP	3
8SXT_A	460	1	A	796		THR	3
8SXT_A	461	1	A	797		ASN	3
8SXT_A	462	1	A	798		LYS	3
8SXT_A	463	1	A	799		TRP	3
8SXT_A	464	1	A	800		LYS	3
8SXT_A	465	1	A	801		ASN	3
8SXT_A	466	1	A	802		ILE	3
8SXT_A	467	1	A	803		PRO	3
8SXT_A	468	1	A	804		CYS	3
8SXT_A	469	1	A	805		SER	3
8SXT_A	470	1	A	806		TRP	3
8SXT_A	471	1	A	807		VAL	3
8SXT_A	472	1	A	808		GLY	3
8SXT_A	473	1	A	809		ARG	3
8SXT_A	474	1	A	810		ILE	3
8SXT_A	475	1	A	811		ASN	3
8SXT_A	476	1	A	812		ILE	3
8SXT_A	477	1	A	813		VAL	3
8SXT_A	478	1	A	814		LYS	3
8SXT_A	479	1	A	815		MET	3
8SXT_A	480	1	A	816		ALA	3
8SXT_A	481	1	A	817		ILE	3
8SXT_A	482	1	A	818		LEU	3
8SXT_A	483	1	A	819		PRO	3
8SXT_A	484	1	A	820		LYS	3
8SXT_A	485	1	A	821		VAL	3
8SXT_A	486	1	A	822		ILE	3
8SXT_A	487	1	A	823		TYR	3
8SXT_A	488	1	A	824		ARG	3
8SXT_A	489	1	A	825		PHE	3
8SXT_A	490	1	A	826		ASN	3
8SXT_A	491	1	A	827		ALA	3
8SXT_A	492	1	A	828		ILE	3
8SXT_A	493	1	A	829		PRO	3
8SXT_A	494	1	A	830		ILE	3
8SXT_A	495	1	A	831		LYS	3
8SXT_A	496	1	A	832		LEU	3
8SXT_A	497	1	A	833		PRO	3
8SXT_A	498	1	A	834		MET	3
8SXT_A	499	1	A	835		THR	3
8SXT_A	500	1	A	836		PHE	3
8SXT_A	501	1	A	837		PHE	3
8SXT_A	502	1	A	838		THR	3
8SXT_A	503	1	A	839		GLU	3
8SXT_A	504	1	A	840		LEU	3
8SXT_A	505	1	A	841		GLU	3
8SXT_A	506	1	A	842		LYS	3
8SXT_A	507	1	A	843		THR	3
8SXT_A	508	1	A	844		THR	3
8SXT_A	509	1	A	845		LEU	3
8SXT_A	510	1	A	846		LYS	3
8SXT_A	511	1	A	847		PHE	3
8SXT_A	512	1	A	848		ILE	3
8SXT_A	513	1	A	849		TRP	3
8SXT_A	514	1	A	850		ASN	3
8SXT_A	515	1	A	851		GLN	3
8SXT_A	516	1	A	852		LYS	3
8SXT_A	517	1	A	853		ARG	3
8SXT_A	518	1	A	854		ALA	3
8SXT_A	519	1	A	855		ARG	3
8SXT_A	520	1	A	856		ILE	3
8SXT_A	521	1	A	857		ALA	3
8SXT_A	522	1	A	858		LYS	3
8SXT_A	523	1	A	859		SER	3
8SXT_A	524	1	A	860		ILE	3
8SXT_A	525	1	A	861		LEU	3
8SXT_A	526	1	A	862		SER	3
8SXT_A	527	1	A	863		GLN	3
8SXT_A	528	1	A	864		LYS	3
8SXT_A	529	1	A	865		ASN	3
8SXT_A	530	1	A	866		LYS	3
8SXT_A	531	1	A	867		ALA	3
8SXT_A	532	1	A	868		GLY	3
8SXT_A	533	1	A	869		GLY	3
8SXT_A	534	1	A	870		ILE	3
8SXT_A	535	1	A	871		THR	3
8SXT_A	536	1	A	872		LEU	3
8SXT_A	537	1	A	873		PRO	3
8SXT_A	538	1	A	874		ASP	3
8SXT_A	539	1	A	875		PHE	3
8SXT_A	540	1	A	876		LYS	3
8SXT_A	541	1	A	877		LEU	4
8SXT_A	542	1	A	878		TYR	4
8SXT_A	543	1	A	879		TYR	4
8SXT_A	544	1	A	880		LYS	4
8SXT_A	545	1	A	881		ALA	4
8SXT_A	546	1	A	882		THR	4
8SXT_A	547	1	A	883		VAL	4
8SXT_A	548	1	A	884		THR	4
8SXT_A	549	1	A	885		LYS	4
8SXT_A	550	1	A	886		THR	4
8SXT_A	551	1	A	887		ALA	4
8SXT_A	552	1	A	888		TRP	4
8SXT_A	553	1	A	889		TYR	4
8SXT_A	554	1	A	890		TRP	4
8SXT_A	555	1	A	891		TYR	4
8SXT_A	556	1	A	892		GLN	4
8SXT_A	557	1	A	893		ASN	4
8SXT_A	558	1	A	894		ARG	4
8SXT_A	559	1	A	895		ASP	4
8SXT_A	560	1	A	896		ILE	4
8SXT_A	561	1	A	897		ASP	4
8SXT_A	562	1	A	898		GLN	4
8SXT_A	563	1	A	899		TRP	4
8SXT_A	564	1	A	900		ASN	4
8SXT_A	565	1	A	901		ARG	4
8SXT_A	566	1	A	902		THR	4
8SXT_A	567	1	A	903		GLU	4
8SXT_A	568	1	A	904		PRO	4
8SXT_A	569	1	A	905		SER	4
8SXT_A	570	1	A	906		GLU	4
8SXT_A	571	1	A	907		ILE	4
8SXT_A	572	1	A	908		MET	4
8SXT_A	573	1	A	909		PRO	4
8SXT_A	574	1	A	910		HIS	4
8SXT_A	575	1	A	911		ILE	4
8SXT_A	576	1	A	912		TYR	4
8SXT_A	577	1	A	913		ASN	4
8SXT_A	578	1	A	914		TYR	4
8SXT_A	579	1	A	915		LEU	4
8SXT_A	580	1	A	916		ILE	4
8SXT_A	581	1	A	917		PHE	4
8SXT_A	582	1	A	918		ASP	4
8SXT_A	583	1	A	919		LYS	4
8SXT_A	584	1	A	920		PRO	4
8SXT_A	585	1	A	921		GLU	4
8SXT_A	586	1	A	922		LYS	4
8SXT_A	587	1	A	923		ASN	4
8SXT_A	588	1	A	924		LYS	4
8SXT_A	589	1	A	925		GLN	4
8SXT_A	590	1	A	926		TRP	4
8SXT_A	591	1	A	927		GLY	4
8SXT_A	592	1	A	928		LYS	4
8SXT_A	593	1	A	929		ASP	4
8SXT_A	594	1	A	930		SER	4
8SXT_A	595	1	A	931		LEU	4
8SXT_A	596	1	A	932		LEU	4
8SXT_A	597	1	A	933		ASN	4
8SXT_A	598	1	A	934		LYS	4
8SXT_A	599	1	A	935		TRP	4
8SXT_A	600	1	A	936		CYS	4
8SXT_A	601	1	A	937		TRP	4
8SXT_A	602	1	A	938		GLU	4
8SXT_A	603	1	A	939		ASN	4
8SXT_A	604	1	A	940		TRP	4
8SXT_A	605	1	A	941		LEU	4
8SXT_A	606	1	A	942		ALA	4
8SXT_A	607	1	A	943		ILE	4
8SXT_A	608	1	A	944		CYS	4
8SXT_A	609	1	A	945		ARG	4
8SXT_A	610	1	A	946		LYS	4
8SXT_A	611	1	A	947		LEU	4
8SXT_A	612	1	A	948		LYS	4
8SXT_A	613	1	A	949		LEU	4
8SXT_A	614	1	A	950		ASP	4
8SXT_A	615	1	A	951		PRO	4
8SXT_A	616	1	A	952		PHE	4
8SXT_A	617	1	A	953		LEU	4
8SXT_A	618	1	A	954		THR	4
8SXT_A	619	1	A	955		PRO	5
8SXT_A	620	1	A	956		TYR	5
8SXT_A	621	1	A	957		THR	5
8SXT_A	622	1	A	958		LYS	5
8SXT_A	623	1	A	959		ILE	5
8SXT_A	624	1	A	960		ASN	5
8SXT_A	625	1	A	961		SER	5
8SXT_A	626	1	A	962		ARG	5
8SXT_A	627	1	A	963		TRP	5
8SXT_A	628	1	A	964		ILE	5
8SXT_A	629	1	A	965		LYS	5
8SXT_A	630	1	A	966		ASP	5
8SXT_A	631	1	A	967		LEU	5
8SXT_A	632	1	A	968		ASN	5
8SXT_A	633	1	A	969		VAL	5
8SXT_A	634	1	A	970		LYS	5
8SXT_A	635	1	A	971		PRO	5
8SXT_A	636	1	A	972		LYS	5
8SXT_A	637	1	A	973		THR	5
8SXT_A	638	1	A	974		ILE	5
8SXT_A	639	1	A	975		LYS	5
8SXT_A	640	1	A	976		THR	5
8SXT_A	641	1	A	977		LEU	5
8SXT_A	642	1	A	978		GLU	5
8SXT_A	643	1	A	979		GLU	5
8SXT_A	644	1	A	980		ASN	5
8SXT_A	645	1	A	981		LEU	5
8SXT_A	646	1	A	982		GLY	5
8SXT_A	647	1	A	983		ILE	5
8SXT_A	648	1	A	984		THR	5
8SXT_A	649	1	A	985		ILE	5
8SXT_A	650	1	A	986		GLN	5
8SXT_A	651	1	A	987		ASP	5
8SXT_A	652	1	A	988		ILE	5
8SXT_A	653	1	A	989		GLY	5
8SXT_A	654	1	A	990		VAL	5
8SXT_A	655	1	A	991		GLY	5
8SXT_A	656	1	A	992		LYS	5
8SXT_A	657	1	A	993		ASP	5
8SXT_A	658	1	A	994		PHE	5
8SXT_A	659	1	A	995		MET	5
8SXT_A	660	1	A	996		SER	5
8SXT_A	661	1	A	997		LYS	5
8SXT_A	662	1	A	998		THR	5
8SXT_A	663	1	A	999		PRO	5
8SXT_A	664	1	A	1000		LYS	5
8SXT_A	665	1	A	1001		ALA	5
8SXT_A	666	1	A	1002		MET	5
8SXT_A	667	1	A	1003		ALA	5
8SXT_A	668	1	A	1004		THR	5
8SXT_A	669	1	A	1005		LYS	5
8SXT_A	670	1	A	1006		ASP	5
8SXT_A	671	1	A	1007		LYS	5
8SXT_A	672	1	A	1008		ILE	5
8SXT_A	673	1	A	1009		ASP	5
8SXT_A	674	1	A	1010		LYS	5
8SXT_A	675	1	A	1011		TRP	5
8SXT_A	676	1	A	1012		ASP	5
8SXT_A	677	1	A	1013		LEU	5
8SXT_A	678	1	A	1014		ILE	5
8SXT_A	679	1	A	1015		LYS	5
8SXT_A	680	1	A	1016		LEU	5
8SXT_A	681	1	A	1017		LYS	5
8SXT_A	682	1	A	1018		SER	5
8SXT_A	683	1	A	1019		PHE	5
8SXT_A	684	1	A	1020		CYS	5
8SXT_A	685	1	A	1021		THR	5
8SXT_A	686	1	A	1022		ALA	5
8SXT_A	687	1	A	1023		LYS	5
8SXT_A	688	1	A	1024		GLU	5
8SXT_A	689	1	A	1025		THR	5
8SXT_A	690	1	A	1026		THR	5
8SXT_A	691	1	A	1027		ILE	5
8SXT_A	692	1	A	1028		ARG	5
8SXT_A	693	1	A	1029		VAL	5
8SXT_A	694	1	A	1030		ASN	5
8SXT_A	695	1	A	1031		ARG	5
8SXT_A	696	1	A	1032		GLN	5
8SXT_A	697	1	A	1033		PRO	4
8SXT_A	698	1	A	1034		THR	4
8SXT_A	699	1	A	1035		THR	4
8SXT_A	700	1	A	1036		TRP	4
8SXT_A	701	1	A	1037		GLU	4
8SXT_A	702	1	A	1038		LYS	4
8SXT_A	703	1	A	1039		ILE	4
8SXT_A	704	1	A	1040		PHE	4
8SXT_A	705	1	A	1041		ALA	4
8SXT_A	706	1	A	1042		THR	4
8SXT_A	707	1	A	1043		TYR	4
8SXT_A	708	1	A	1044		SER	4
8SXT_A	709	1	A	1045		SER	4
8SXT_A	710	1	A	1046		ASP	4
8SXT_A	711	1	A	1047		LYS	4
8SXT_A	712	1	A	1048		GLY	4
8SXT_A	713	1	A	1049		LEU	4
8SXT_A	714	1	A	1050		ILE	4
8SXT_A	715	1	A	1051		SER	4
8SXT_A	716	1	A	1052		ARG	4
8SXT_A	717	1	A	1053		ILE	4
8SXT_A	718	1	A	1054		TYR	4
8SXT_A	719	1	A	1055		ASN	4
8SXT_A	720	1	A	1056		GLU	4
8SXT_A	721	1	A	1057		LEU	4
8SXT_A	722	1	A	1058		LYS	4
8SXT_A	723	1	A	1059		GLN	4
8SXT_A	724	1	A	1060		ILE	4
8SXT_A	725	1	A	1061		TYR	4
8UB7_A	0	1	A	1		MET	1
8UB7_A	1	1	A	2		GLY	1
8UB7_A	2	1	A	3		LYS	1
8UB7_A	3	1	A	4		ARG	1
8UB7_A	4	1	A	5		HIS	1
8UB7_A	5	1	A	6		ARG	1
8UB7_A	6	1	A	7		ASN	1
8UB7_A	7	1	A	8		LEU	1
8UB7_A	8	1	A	9		ILE	1
8UB7_A	9	1	A	10		ASP	1
8UB7_A	10	1	A	11		GLN	1
8UB7_A	11	1	A	12		ILE	1
8UB7_A	12	1	A	13		THR	2
8UB7_A	13	1	A	14		THR	2
8UB7_A	14	1	A	15		TRP	2
8UB7_A	15	1	A	16		GLU	2
8UB7_A	16	1	A	17		ASN	2
8UB7_A	17	1	A	18		LEU	2
8UB7_A	18	1	A	19		LEU	2
8UB7_A	19	1	A	20		ASP	2
8UB7_A	20	1	A	21		ALA	2
8UB7_A	21	1	A	22		TYR	2
8UB7_A	22	1	A	23		ARG	2
8UB7_A	23	1	A	24		LYS	2
8UB7_A	24	1	A	25		THR	2
8UB7_A	25	1	A	26		SER	2
8UB7_A	26	1	A	27		HIS	2
8UB7_A	27	1	A	28		GLY	2
8UB7_A	28	1	A	29		LYS	2
8UB7_A	29	1	A	30		ARG	2
8UB7_A	30	1	A	31		ARG	2
8UB7_A	31	1	A	32		THR	2
8UB7_A	32	1	A	33		TRP	2
8UB7_A	33	1	A	34		GLY	2
8UB7_A	34	1	A	35		TYR	2
8UB7_A	35	1	A	36		LEU	2
8UB7_A	36	1	A	37		GLU	2
8UB7_A	37	1	A	38		PHE	2
8UB7_A	38	1	A	39		LYS	2
8UB7_A	39	1	A	40		GLU	2
8UB7_A	40	1	A	41		TYR	2
8UB7_A	41	1	A	42		ASP	2
8UB7_A	42	1	A	43		LEU	2
8UB7_A	43	1	A	44		ALA	2
8UB7_A	44	1	A	45		ASN	2
8UB7_A	45	1	A	46		LEU	2
8UB7_A	46	1	A	47		LEU	2
8UB7_A	47	1	A	48		ALA	2
8UB7_A	48	1	A	49		LEU	2
8UB7_A	49	1	A	50		GLN	2
8UB7_A	50	1	A	51		ALA	2
8UB7_A	51	1	A	52		GLU	2
8UB7_A	52	1	A	53		LEU	2
8UB7_A	53	1	A	54		LYS	2
8UB7_A	54	1	A	55		ALA	2
8UB7_A	55	1	A	56		GLY	2
8UB7_A	56	1	A	57		ASN	2
8UB7_A	57	1	A	58		TYR	2
8UB7_A	58	1	A	59		GLU	2
8UB7_A	59	1	A	60		ARG	2
8UB7_A	60	1	A	61		GLY	2
8UB7_A	61	1	A	62		PRO	2
8UB7_A	62	1	A	63		TYR	2
8UB7_A	63	1	A	64		ARG	2
8UB7_A	64	1	A	65		GLU	2
8UB7_A	65	1	A	66		PHE	2
8UB7_A	66	1	A	67		LEU	2
8UB7_A	67	1	A	68		VAL	2
8UB7_A	68	1	A	69		TYR	2
8UB7_A	69	1	A	70		GLU	2
8UB7_A	70	1	A	71		PRO	2
8UB7_A	71	1	A	72		LYS	2
8UB7_A	72	1	A	73		PRO	2
8UB7_A	73	1	A	74		ARG	2
8UB7_A	74	1	A	75		LEU	2
8UB7_A	75	1	A	76		ILE	2
8UB7_A	76	1	A	77		SER	2
8UB7_A	77	1	A	78		ALA	2
8UB7_A	78	1	A	79		LEU	2
8UB7_A	79	1	A	80		GLU	2
8UB7_A	80	1	A	81		PHE	2
8UB7_A	81	1	A	82		LYS	2
8UB7_A	82	1	A	83		ASP	2
8UB7_A	83	1	A	84		ARG	2
8UB7_A	84	1	A	85		LEU	2
8UB7_A	85	1	A	86		VAL	2
8UB7_A	86	1	A	87		GLN	2
8UB7_A	87	1	A	88		HIS	2
8UB7_A	88	1	A	89		ALA	2
8UB7_A	89	1	A	90		LEU	1
8UB7_A	90	1	A	91		CYS	1
8UB7_A	91	1	A	92		ASN	1
8UB7_A	92	1	A	93		ILE	1
8UB7_A	93	1	A	94		VAL	1
8UB7_A	94	1	A	95		ALA	1
8UB7_A	95	1	A	96		PRO	1
8UB7_A	96	1	A	97		ILE	1
8UB7_A	97	1	A	98		PHE	1
8UB7_A	98	1	A	99		GLU	1
8UB7_A	99	1	A	100		ALA	1
8UB7_A	100	1	A	101		GLY	1
8UB7_A	101	1	A	102		LEU	1
8UB7_A	102	1	A	103		LEU	1
8UB7_A	103	1	A	104		PRO	1
8UB7_A	104	1	A	105		TYR	1
8UB7_A	105	1	A	106		THR	1
8UB7_A	106	1	A	107		TYR	1
8UB7_A	107	1	A	108		ALA	1
8UB7_A	108	1	A	109		CYS	1
8UB7_A	109	1	A	110		ARG	1
8UB7_A	110	1	A	111		PRO	1
8UB7_A	111	1	A	112		ASP	1
8UB7_A	112	1	A	113		LYS	1
8UB7_A	113	1	A	114		GLY	1
8UB7_A	114	1	A	115		THR	1
8UB7_A	115	1	A	116		HIS	1
8UB7_A	116	1	A	117		ALA	1
8UB7_A	117	1	A	118		GLY	1
8UB7_A	118	1	A	119		VAL	1
8UB7_A	119	1	A	120		CYS	1
8UB7_A	120	1	A	121		HIS	1
8UB7_A	121	1	A	122		VAL	1
8UB7_A	122	1	A	123		GLN	1
8UB7_A	123	1	A	124		ALA	1
8UB7_A	124	1	A	125		GLU	1
8UB7_A	125	1	A	126		LEU	1
8UB7_A	126	1	A	127		ARG	1
8UB7_A	127	1	A	128		ARG	1
8UB7_A	128	1	A	129		THR	1
8UB7_A	129	1	A	130		ARG	1
8UB7_A	130	1	A	131		ALA	1
8UB7_A	131	1	A	132		THR	1
8UB7_A	132	1	A	133		HIS	1
8UB7_A	133	1	A	134		PHE	1
8UB7_A	134	1	A	135		LEU	1
8UB7_A	135	1	A	136		LYS	1
8UB7_A	136	1	A	137		SER	1
8UB7_A	137	1	A	138		ASP	1
8UB7_A	138	1	A	139		PHE	1
8UB7_A	139	1	A	140		SER	1
8UB7_A	140	1	A	141		LYS	1
8UB7_A	141	1	A	142		PHE	1
8UB7_A	142	1	A	143		PHE	1
8UB7_A	143	1	A	144		PRO	1
8UB7_A	144	1	A	145		SER	1
8UB7_A	145	1	A	146		ILE	1
8UB7_A	146	1	A	147		ASP	1
8UB7_A	147	1	A	148		ARG	1
8UB7_A	148	1	A	149		ALA	1
8UB7_A	149	1	A	150		ALA	1
8UB7_A	150	1	A	151		LEU	1
8UB7_A	151	1	A	152		TYR	1
8UB7_A	152	1	A	153		ALA	1
8UB7_A	153	1	A	154		MET	1
8UB7_A	154	1	A	155		ILE	1
8UB7_A	155	1	A	156		ASP	1
8UB7_A	156	1	A	157		LYS	1
8UB7_A	157	1	A	158		LYS	1
8UB7_A	158	1	A	159		ILE	1
8UB7_A	159	1	A	160		HIS	1
8UB7_A	160	1	A	161		CYS	1
8UB7_A	161	1	A	162		ALA	1
8UB7_A	162	1	A	163		ALA	1
8UB7_A	163	1	A	164		THR	1
8UB7_A	164	1	A	165		ARG	1
8UB7_A	165	1	A	166		ARG	1
8UB7_A	166	1	A	167		LEU	1
8UB7_A	167	1	A	168		LEU	1
8UB7_A	168	1	A	169		ARG	1
8UB7_A	169	1	A	170		VAL	1
8UB7_A	170	1	A	171		VAL	1
8UB7_A	171	1	A	172		LEU	1
8UB7_A	172	1	A	173		PRO	1
8UB7_A	173	1	A	174		ASP	1
8UB7_A	174	1	A	175		GLU	1
8UB7_A	175	1	A	176		GLY	1
8UB7_A	176	1	A	177		VAL	1
8UB7_A	177	1	A	178		GLY	1
8UB7_A	178	1	A	179		ILE	1
8UB7_A	179	1	A	180		PRO	1
8UB7_A	180	1	A	181		ILE	1
8UB7_A	181	1	A	182		GLY	1
8UB7_A	182	1	A	183		SER	1
8UB7_A	183	1	A	184		LEU	1
8UB7_A	184	1	A	185		THR	1
8UB7_A	185	1	A	186		SER	1
8UB7_A	186	1	A	187		GLN	1
8UB7_A	187	1	A	188		LEU	1
8UB7_A	188	1	A	189		PHE	1
8UB7_A	189	1	A	190		ALA	1
8UB7_A	190	1	A	191		ASN	1
8UB7_A	191	1	A	192		VAL	1
8UB7_A	192	1	A	193		TYR	1
8UB7_A	193	1	A	194		GLY	1
8UB7_A	194	1	A	195		GLY	1
8UB7_A	195	1	A	196		ALA	1
8UB7_A	196	1	A	197		VAL	1
8UB7_A	197	1	A	198		ASP	1
8UB7_A	198	1	A	199		ARG	1
8UB7_A	199	1	A	200		LEU	1
8UB7_A	200	1	A	201		LEU	1
8UB7_A	201	1	A	202		HIS	1
8UB7_A	202	1	A	203		ASP	1
8UB7_A	203	1	A	204		GLU	1
8UB7_A	204	1	A	205		LEU	1
8UB7_A	205	1	A	206		LYS	1
8UB7_A	206	1	A	207		GLN	1
8UB7_A	207	1	A	208		ARG	1
8UB7_A	208	1	A	209		HIS	1
8UB7_A	209	1	A	210		TRP	1
8UB7_A	210	1	A	211		ALA	1
8UB7_A	211	1	A	212		ARG	1
8UB7_A	212	1	A	213		TYR	1
8UB7_A	213	1	A	214		MET	1
8UB7_A	214	1	A	215		ASP	1
8UB7_A	215	1	A	216		ASP	1
8UB7_A	216	1	A	217		ILE	1
8UB7_A	217	1	A	218		VAL	1
8UB7_A	218	1	A	219		VAL	1
8UB7_A	219	1	A	220		LEU	1
8UB7_A	220	1	A	221		GLY	1
8UB7_A	221	1	A	222		ASP	1
8UB7_A	222	1	A	223		ASP	1
8UB7_A	223	1	A	224		PRO	1
8UB7_A	224	1	A	225		GLU	1
8UB7_A	225	1	A	226		GLU	1
8UB7_A	226	1	A	227		LEU	1
8UB7_A	227	1	A	228		ARG	1
8UB7_A	228	1	A	229		ALA	1
8UB7_A	229	1	A	230		VAL	1
8UB7_A	230	1	A	231		PHE	1
8UB7_A	231	1	A	232		TYR	1
8UB7_A	232	1	A	233		ARG	1
8UB7_A	233	1	A	234		LEU	1
8UB7_A	234	1	A	235		ARG	1
8UB7_A	235	1	A	236		ASP	1
8UB7_A	236	1	A	237		PHE	1
8UB7_A	237	1	A	238		ALA	1
8UB7_A	238	1	A	239		SER	1
8UB7_A	239	1	A	240		GLU	1
8UB7_A	240	1	A	241		ARG	1
8UB7_A	241	1	A	242		LEU	1
8UB7_A	242	1	A	243		GLY	1
8UB7_A	243	1	A	244		LEU	1
8UB7_A	244	1	A	245		LYS	1
8UB7_A	245	1	A	246		ILE	1
8UB7_A	246	1	A	247		SER	1
8UB7_A	247	1	A	248		HIS	1
8UB7_A	248	1	A	249		TRP	1
8UB7_A	249	1	A	250		GLN	1
8UB7_A	250	1	A	251		VAL	1
8UB7_A	251	1	A	252		ALA	1
8UB7_A	252	1	A	253		PRO	1
8UB7_A	253	1	A	254		VAL	1
8UB7_A	254	1	A	255		SER	1
8UB7_A	255	1	A	256		ARG	1
8UB7_A	256	1	A	257		GLY	1
8UB7_A	257	1	A	258		ILE	1
8UB7_A	258	1	A	259		ASN	1
8UB7_A	259	1	A	260		PHE	1
8UB7_A	260	1	A	261		LEU	1
8UB7_A	261	1	A	262		GLY	1
8UB7_A	262	1	A	263		TYR	1
8UB7_A	263	1	A	264		ARG	1
8UB7_A	264	1	A	265		ILE	1
8UB7_A	265	1	A	266		TRP	1
8UB7_A	266	1	A	267		PRO	1
8UB7_A	267	1	A	268		THR	1
8UB7_A	268	1	A	269		HIS	1
8UB7_A	269	1	A	270		LYS	1
8UB7_A	270	1	A	271		LEU	1
8UB7_A	271	1	A	272		LEU	3
8UB7_A	272	1	A	273		ARG	3
8UB7_A	273	1	A	274		LYS	3
8UB7_A	274	1	A	275		SER	3
8UB7_A	275	1	A	276		SER	3
8UB7_A	276	1	A	277		VAL	3
8UB7_A	277	1	A	278		LYS	3
8UB7_A	278	1	A	279		ARG	3
8UB7_A	279	1	A	280		ALA	3
8UB7_A	280	1	A	281		LYS	3
8UB7_A	281	1	A	282		ARG	3
8UB7_A	282	1	A	283		LYS	3
8UB7_A	283	1	A	284		VAL	3
8UB7_A	284	1	A	285		ALA	3
8UB7_A	285	1	A	286		ASN	3
8UB7_A	286	1	A	287		PHE	3
8UB7_A	287	1	A	288		ILE	3
8UB7_A	288	1	A	289		LYS	3
8UB7_A	289	1	A	290		HIS	3
8UB7_A	290	1	A	291		GLY	3
8UB7_A	291	1	A	292		GLU	3
8UB7_A	292	1	A	293		ASP	3
8UB7_A	293	1	A	294		GLU	3
8UB7_A	294	1	A	295		SER	3
8UB7_A	295	1	A	296		LEU	3
8UB7_A	296	1	A	297		GLN	3
8UB7_A	297	1	A	298		ARG	3
8UB7_A	298	1	A	299		PHE	3
8UB7_A	299	1	A	300		LEU	3
8UB7_A	300	1	A	301		ALA	3
8UB7_A	301	1	A	302		SER	3
8UB7_A	302	1	A	303		TRP	3
8UB7_A	303	1	A	304		SER	3
8UB7_A	304	1	A	305		GLY	3
8UB7_A	305	1	A	306		HIS	3
8UB7_A	306	1	A	307		ALA	3
8UB7_A	307	1	A	308		GLN	3
8UB7_A	308	1	A	309		TRP	3
8UB7_A	309	1	A	310		ALA	3
8UB7_A	310	1	A	311		ASP	3
8UB7_A	311	1	A	312		THR	3
8UB7_A	312	1	A	313		HIS	3
8UB7_A	313	1	A	314		ASN	3
8UB7_A	314	1	A	315		LEU	3
8UB7_A	315	1	A	316		PHE	3
8UB7_A	316	1	A	317		THR	3
8UB7_A	317	1	A	318		TRP	3
8UB7_A	318	1	A	319		MET	3
8UB7_A	319	1	A	320		GLU	3
8UB7_A	320	1	A	321		GLU	3
8UB7_A	321	1	A	322		GLN	3
8UB7_A	322	1	A	323		TYR	3
8UB7_A	323	1	A	324		GLY	3
8UB7_A	324	1	A	325		ILE	3
8UB7_A	325	1	A	326		ALA	3
8UB7_A	326	1	A	327		CYS	3
8UB7_A	327	1	A	328		HIS	3
8UBD_A	0	1	A	1		MET	1
8UBD_A	1	1	A	2		GLY	1
8UBD_A	2	1	A	3		LYS	1
8UBD_A	3	1	A	4		ARG	1
8UBD_A	4	1	A	5		HIS	1
8UBD_A	5	1	A	6		ARG	1
8UBD_A	6	1	A	7		ASN	1
8UBD_A	7	1	A	8		LEU	1
8UBD_A	8	1	A	9		ILE	1
8UBD_A	9	1	A	10		ASP	1
8UBD_A	10	1	A	11		GLN	1
8UBD_A	11	1	A	12		ILE	1
8UBD_A	12	1	A	13		THR	2
8UBD_A	13	1	A	14		THR	2
8UBD_A	14	1	A	15		TRP	2
8UBD_A	15	1	A	16		GLU	2
8UBD_A	16	1	A	17		ASN	2
8UBD_A	17	1	A	18		LEU	2
8UBD_A	18	1	A	19		LEU	2
8UBD_A	19	1	A	20		ASP	2
8UBD_A	20	1	A	21		ALA	2
8UBD_A	21	1	A	22		TYR	2
8UBD_A	22	1	A	23		ARG	2
8UBD_A	23	1	A	24		LYS	2
8UBD_A	24	1	A	25		THR	2
8UBD_A	25	1	A	26		SER	2
8UBD_A	26	1	A	27		HIS	2
8UBD_A	27	1	A	28		GLY	2
8UBD_A	28	1	A	29		LYS	2
8UBD_A	29	1	A	30		ARG	2
8UBD_A	30	1	A	31		ARG	2
8UBD_A	31	1	A	32		THR	2
8UBD_A	32	1	A	33		TRP	2
8UBD_A	33	1	A	34		GLY	2
8UBD_A	34	1	A	35		TYR	2
8UBD_A	35	1	A	36		LEU	2
8UBD_A	36	1	A	37		GLU	2
8UBD_A	37	1	A	38		PHE	2
8UBD_A	38	1	A	39		LYS	2
8UBD_A	39	1	A	40		GLU	2
8UBD_A	40	1	A	41		TYR	2
8UBD_A	41	1	A	42		ASP	2
8UBD_A	42	1	A	43		LEU	2
8UBD_A	43	1	A	44		ALA	2
8UBD_A	44	1	A	45		ASN	2
8UBD_A	45	1	A	46		LEU	2
8UBD_A	46	1	A	47		LEU	2
8UBD_A	47	1	A	48		ALA	2
8UBD_A	48	1	A	49		LEU	2
8UBD_A	49	1	A	50		GLN	2
8UBD_A	50	1	A	51		ALA	2
8UBD_A	51	1	A	52		GLU	2
8UBD_A	52	1	A	53		LEU	2
8UBD_A	53	1	A	54		LYS	2
8UBD_A	54	1	A	55		ALA	2
8UBD_A	55	1	A	56		GLY	2
8UBD_A	56	1	A	57		ASN	2
8UBD_A	57	1	A	58		TYR	2
8UBD_A	58	1	A	59		GLU	2
8UBD_A	59	1	A	60		ARG	2
8UBD_A	60	1	A	61		GLY	2
8UBD_A	61	1	A	62		PRO	2
8UBD_A	62	1	A	63		TYR	2
8UBD_A	63	1	A	64		ARG	2
8UBD_A	64	1	A	65		GLU	2
8UBD_A	65	1	A	66		PHE	2
8UBD_A	66	1	A	67		LEU	2
8UBD_A	67	1	A	68		VAL	2
8UBD_A	68	1	A	69		TYR	2
8UBD_A	69	1	A	73		PRO	2
8UBD_A	70	1	A	74		ARG	2
8UBD_A	71	1	A	75		LEU	2
8UBD_A	72	1	A	76		ILE	2
8UBD_A	73	1	A	77		SER	2
8UBD_A	74	1	A	78		ALA	2
8UBD_A	75	1	A	79		LEU	2
8UBD_A	76	1	A	80		GLU	2
8UBD_A	77	1	A	81		PHE	2
8UBD_A	78	1	A	82		LYS	2
8UBD_A	79	1	A	83		ASP	2
8UBD_A	80	1	A	84		ARG	2
8UBD_A	81	1	A	85		LEU	2
8UBD_A	82	1	A	86		VAL	2
8UBD_A	83	1	A	87		GLN	2
8UBD_A	84	1	A	88		HIS	2
8UBD_A	85	1	A	89		ALA	2
8UBD_A	86	1	A	90		LEU	1
8UBD_A	87	1	A	91		CYS	1
8UBD_A	88	1	A	92		ASN	1
8UBD_A	89	1	A	93		ILE	1
8UBD_A	90	1	A	94		VAL	1
8UBD_A	91	1	A	95		ALA	1
8UBD_A	92	1	A	96		PRO	1
8UBD_A	93	1	A	97		ILE	1
8UBD_A	94	1	A	98		PHE	1
8UBD_A	95	1	A	99		GLU	1
8UBD_A	96	1	A	100		ALA	1
8UBD_A	97	1	A	101		GLY	1
8UBD_A	98	1	A	102		LEU	1
8UBD_A	99	1	A	103		LEU	1
8UBD_A	100	1	A	104		PRO	1
8UBD_A	101	1	A	105		TYR	1
8UBD_A	102	1	A	106		THR	1
8UBD_A	103	1	A	107		TYR	1
8UBD_A	104	1	A	108		ALA	1
8UBD_A	105	1	A	109		CYS	1
8UBD_A	106	1	A	110		ARG	1
8UBD_A	107	1	A	111		PRO	1
8UBD_A	108	1	A	112		ASP	1
8UBD_A	109	1	A	113		LYS	1
8UBD_A	110	1	A	114		GLY	1
8UBD_A	111	1	A	115		THR	1
8UBD_A	112	1	A	116		HIS	1
8UBD_A	113	1	A	117		ALA	1
8UBD_A	114	1	A	118		GLY	1
8UBD_A	115	1	A	119		VAL	1
8UBD_A	116	1	A	120		CYS	1
8UBD_A	117	1	A	121		HIS	1
8UBD_A	118	1	A	122		VAL	1
8UBD_A	119	1	A	123		GLN	1
8UBD_A	120	1	A	124		ALA	1
8UBD_A	121	1	A	125		GLU	1
8UBD_A	122	1	A	126		LEU	1
8UBD_A	123	1	A	127		ARG	1
8UBD_A	124	1	A	128		ARG	1
8UBD_A	125	1	A	129		THR	1
8UBD_A	126	1	A	130		ARG	1
8UBD_A	127	1	A	131		ALA	1
8UBD_A	128	1	A	132		THR	1
8UBD_A	129	1	A	133		HIS	1
8UBD_A	130	1	A	134		PHE	1
8UBD_A	131	1	A	135		LEU	1
8UBD_A	132	1	A	136		LYS	1
8UBD_A	133	1	A	137		SER	1
8UBD_A	134	1	A	138		ASP	1
8UBD_A	135	1	A	139		PHE	1
8UBD_A	136	1	A	140		SER	1
8UBD_A	137	1	A	141		LYS	1
8UBD_A	138	1	A	142		PHE	1
8UBD_A	139	1	A	143		PHE	1
8UBD_A	140	1	A	144		PRO	1
8UBD_A	141	1	A	145		SER	1
8UBD_A	142	1	A	146		ILE	1
8UBD_A	143	1	A	147		ASP	1
8UBD_A	144	1	A	148		ARG	1
8UBD_A	145	1	A	149		ALA	1
8UBD_A	146	1	A	150		ALA	1
8UBD_A	147	1	A	151		LEU	1
8UBD_A	148	1	A	152		TYR	1
8UBD_A	149	1	A	153		ALA	1
8UBD_A	150	1	A	154		MET	1
8UBD_A	151	1	A	155		ILE	1
8UBD_A	152	1	A	156		ASP	1
8UBD_A	153	1	A	157		LYS	1
8UBD_A	154	1	A	158		LYS	1
8UBD_A	155	1	A	159		ILE	1
8UBD_A	156	1	A	160		HIS	1
8UBD_A	157	1	A	161		CYS	1
8UBD_A	158	1	A	162		ALA	1
8UBD_A	159	1	A	163		ALA	1
8UBD_A	160	1	A	164		THR	1
8UBD_A	161	1	A	165		ARG	1
8UBD_A	162	1	A	166		ARG	1
8UBD_A	163	1	A	167		LEU	1
8UBD_A	164	1	A	168		LEU	1
8UBD_A	165	1	A	169		ARG	1
8UBD_A	166	1	A	170		VAL	1
8UBD_A	167	1	A	171		VAL	1
8UBD_A	168	1	A	172		LEU	1
8UBD_A	169	1	A	173		PRO	1
8UBD_A	170	1	A	174		ASP	1
8UBD_A	171	1	A	175		GLU	1
8UBD_A	172	1	A	176		GLY	1
8UBD_A	173	1	A	177		VAL	1
8UBD_A	174	1	A	178		GLY	1
8UBD_A	175	1	A	179		ILE	1
8UBD_A	176	1	A	180		PRO	1
8UBD_A	177	1	A	181		ILE	1
8UBD_A	178	1	A	182		GLY	1
8UBD_A	179	1	A	183		SER	1
8UBD_A	180	1	A	184		LEU	1
8UBD_A	181	1	A	185		THR	1
8UBD_A	182	1	A	186		SER	1
8UBD_A	183	1	A	187		GLN	1
8UBD_A	184	1	A	188		LEU	1
8UBD_A	185	1	A	189		PHE	1
8UBD_A	186	1	A	190		ALA	1
8UBD_A	187	1	A	191		ASN	1
8UBD_A	188	1	A	192		VAL	1
8UBD_A	189	1	A	193		TYR	1
8UBD_A	190	1	A	194		GLY	1
8UBD_A	191	1	A	195		GLY	1
8UBD_A	192	1	A	196		ALA	1
8UBD_A	193	1	A	197		VAL	1
8UBD_A	194	1	A	198		ASP	1
8UBD_A	195	1	A	199		ARG	1
8UBD_A	196	1	A	200		LEU	1
8UBD_A	197	1	A	201		LEU	1
8UBD_A	198	1	A	202		HIS	1
8UBD_A	199	1	A	203		ASP	1
8UBD_A	200	1	A	204		GLU	1
8UBD_A	201	1	A	205		LEU	1
8UBD_A	202	1	A	206		LYS	1
8UBD_A	203	1	A	207		GLN	1
8UBD_A	204	1	A	208		ARG	1
8UBD_A	205	1	A	209		HIS	1
8UBD_A	206	1	A	210		TRP	1
8UBD_A	207	1	A	211		ALA	1
8UBD_A	208	1	A	212		ARG	1
8UBD_A	209	1	A	213		TYR	1
8UBD_A	210	1	A	214		MET	1
8UBD_A	211	1	A	215		ASP	1
8UBD_A	212	1	A	216		ASP	1
8UBD_A	213	1	A	217		ILE	1
8UBD_A	214	1	A	218		VAL	1
8UBD_A	215	1	A	219		VAL	1
8UBD_A	216	1	A	220		LEU	1
8UBD_A	217	1	A	221		GLY	1
8UBD_A	218	1	A	222		ASP	1
8UBD_A	219	1	A	223		ASP	1
8UBD_A	220	1	A	224		PRO	1
8UBD_A	221	1	A	225		GLU	1
8UBD_A	222	1	A	226		GLU	1
8UBD_A	223	1	A	227		LEU	1
8UBD_A	224	1	A	228		ARG	1
8UBD_A	225	1	A	229		ALA	1
8UBD_A	226	1	A	230		VAL	1
8UBD_A	227	1	A	231		PHE	1
8UBD_A	228	1	A	232		TYR	1
8UBD_A	229	1	A	233		ARG	1
8UBD_A	230	1	A	234		LEU	1
8UBD_A	231	1	A	235		ARG	1
8UBD_A	232	1	A	236		ASP	1
8UBD_A	233	1	A	237		PHE	1
8UBD_A	234	1	A	238		ALA	1
8UBD_A	235	1	A	239		SER	1
8UBD_A	236	1	A	240		GLU	1
8UBD_A	237	1	A	241		ARG	1
8UBD_A	238	1	A	242		LEU	1
8UBD_A	239	1	A	243		GLY	1
8UBD_A	240	1	A	244		LEU	1
8UBD_A	241	1	A	245		LYS	1
8UBD_A	242	1	A	246		ILE	1
8UBD_A	243	1	A	247		SER	1
8UBD_A	244	1	A	248		HIS	1
8UBD_A	245	1	A	249		TRP	1
8UBD_A	246	1	A	250		GLN	1
8UBD_A	247	1	A	251		VAL	1
8UBD_A	248	1	A	252		ALA	1
8UBD_A	249	1	A	253		PRO	1
8UBD_A	250	1	A	254		VAL	1
8UBD_A	251	1	A	255		SER	1
8UBD_A	252	1	A	256		ARG	1
8UBD_A	253	1	A	257		GLY	1
8UBD_A	254	1	A	258		ILE	1
8UBD_A	255	1	A	259		ASN	1
8UBD_A	256	1	A	260		PHE	1
8UBD_A	257	1	A	261		LEU	1
8UBD_A	258	1	A	262		GLY	1
8UBD_A	259	1	A	263		TYR	1
8UBD_A	260	1	A	264		ARG	1
8UBD_A	261	1	A	265		ILE	1
8UBD_A	262	1	A	266		TRP	1
8UBD_A	263	1	A	267		PRO	1
8UBD_A	264	1	A	268		THR	1
8UBD_A	265	1	A	269		HIS	1
8UBD_A	266	1	A	270		LYS	1
8UBD_A	267	1	A	271		LEU	1
8UBD_A	268	1	A	272		LEU	3
8UBD_A	269	1	A	273		ARG	3
8UBD_A	270	1	A	274		LYS	3
8UBD_A	271	1	A	275		SER	3
8UBD_A	272	1	A	276		SER	3
8UBD_A	273	1	A	277		VAL	3
8UBD_A	274	1	A	278		LYS	3
8UBD_A	275	1	A	279		ARG	3
8UBD_A	276	1	A	280		ALA	3
8UBD_A	277	1	A	281		LYS	3
8UBD_A	278	1	A	282		ARG	3
8UBD_A	279	1	A	283		LYS	3
8UBD_A	280	1	A	284		VAL	3
8UBD_A	281	1	A	285		ALA	3
8UBD_A	282	1	A	286		ASN	3
8UBD_A	283	1	A	287		PHE	3
8UBD_A	284	1	A	288		ILE	3
8UBD_A	285	1	A	289		LYS	3
8UBD_A	286	1	A	290		HIS	3
8UBD_A	287	1	A	291		GLY	3
8UBD_A	288	1	A	292		GLU	3
8UBD_A	289	1	A	293		ASP	3
8UBD_A	290	1	A	294		GLU	3
8UBD_A	291	1	A	295		SER	3
8UBD_A	292	1	A	296		LEU	3
8UBD_A	293	1	A	297		GLN	3
8UBD_A	294	1	A	298		ARG	3
8UBD_A	295	1	A	299		PHE	3
8UBD_A	296	1	A	300		LEU	3
8UBD_A	297	1	A	301		ALA	3
8UBD_A	298	1	A	302		SER	3
8UBD_A	299	1	A	303		TRP	3
8UBD_A	300	1	A	304		SER	3
8UBD_A	301	1	A	305		GLY	3
8UBD_A	302	1	A	306		HIS	3
8UBD_A	303	1	A	307		ALA	3
8UBD_A	304	1	A	308		GLN	3
8UBD_A	305	1	A	309		TRP	3
8UBD_A	306	1	A	310		ALA	3
8UBD_A	307	1	A	311		ASP	3
8UBD_A	308	1	A	312		THR	3
8UBD_A	309	1	A	313		HIS	3
8UBD_A	310	1	A	314		ASN	3
8UBD_A	311	1	A	315		LEU	3
8UBD_A	312	1	A	316		PHE	3
8UBD_A	313	1	A	317		THR	3
8UBD_A	314	1	A	318		TRP	3
8UBD_A	315	1	A	319		MET	3
8UBD_A	316	1	A	320		GLU	3
8UBD_A	317	1	A	321		GLU	3
8UBD_A	318	1	A	322		GLN	3
8UBD_A	319	1	A	323		TYR	3
8UBD_A	320	1	A	324		GLY	3
8UBD_A	321	1	A	325		ILE	3
8UBD_A	322	1	A	326		ALA	3
8UBD_A	323	1	A	327		CYS	3
8UBD_A	324	1	A	328		HIS	3
8UW3_A	0	1	A	6		SER	1
8UW3_A	1	1	A	7		HIS	1
8UW3_A	2	1	A	8		ILE	1
8UW3_A	3	1	A	9		THR	1
8UW3_A	4	1	A	10		ILE	1
8UW3_A	5	1	A	11		LEU	1
8UW3_A	6	1	A	12		THR	1
8UW3_A	7	1	A	13		LEU	1
8UW3_A	8	1	A	14		ASN	1
8UW3_A	9	1	A	15		ILE	1
8UW3_A	10	1	A	16		ASN	1
8UW3_A	11	1	A	17		GLY	1
8UW3_A	12	1	A	18		LEU	1
8UW3_A	13	1	A	19		ASN	1
8UW3_A	14	1	A	20		SER	1
8UW3_A	15	1	A	21		ALA	1
8UW3_A	16	1	A	22		ILE	1
8UW3_A	17	1	A	23		LYS	1
8UW3_A	18	1	A	24		ARG	1
8UW3_A	19	1	A	25		HIS	1
8UW3_A	20	1	A	26		ARG	1
8UW3_A	21	1	A	27		LEU	1
8UW3_A	22	1	A	28		ALA	1
8UW3_A	23	1	A	29		SER	1
8UW3_A	24	1	A	30		TRP	1
8UW3_A	25	1	A	31		ILE	1
8UW3_A	26	1	A	32		LYS	1
8UW3_A	27	1	A	33		SER	1
8UW3_A	28	1	A	34		GLN	1
8UW3_A	29	1	A	35		ASP	1
8UW3_A	30	1	A	36		PRO	1
8UW3_A	31	1	A	37		SER	1
8UW3_A	32	1	A	38		VAL	1
8UW3_A	33	1	A	39		CYS	1
8UW3_A	34	1	A	40		CYS	1
8UW3_A	35	1	A	41		ILE	1
8UW3_A	36	1	A	42		GLN	1
8UW3_A	37	1	A	43		GLU	1
8UW3_A	38	1	A	44		THR	1
8UW3_A	39	1	A	45		HIS	1
8UW3_A	40	1	A	46		LEU	1
8UW3_A	41	1	A	47		THR	1
8UW3_A	42	1	A	48		CYS	1
8UW3_A	43	1	A	49		ARG	1
8UW3_A	44	1	A	50		ASP	1
8UW3_A	45	1	A	51		THR	1
8UW3_A	46	1	A	52		HIS	1
8UW3_A	47	1	A	53		ARG	1
8UW3_A	48	1	A	54		LEU	1
8UW3_A	49	1	A	55		LYS	1
8UW3_A	50	1	A	56		ILE	1
8UW3_A	51	1	A	57		LYS	1
8UW3_A	52	1	A	58		GLY	1
8UW3_A	53	1	A	59		TRP	1
8UW3_A	54	1	A	60		ARG	1
8UW3_A	55	1	A	61		LYS	1
8UW3_A	56	1	A	62		ILE	1
8UW3_A	57	1	A	63		TYR	1
8UW3_A	58	1	A	64		GLN	1
8UW3_A	59	1	A	65		ALA	1
8UW3_A	60	1	A	66		ASN	1
8UW3_A	61	1	A	67		GLY	1
8UW3_A	62	1	A	68		LYS	1
8UW3_A	63	1	A	69		GLN	1
8UW3_A	64	1	A	70		LYS	1
8UW3_A	65	1	A	71		LYS	1
8UW3_A	66	1	A	72		ALA	1
8UW3_A	67	1	A	73		GLY	1
8UW3_A	68	1	A	74		VAL	1
8UW3_A	69	1	A	75		ALA	1
8UW3_A	70	1	A	76		ILE	1
8UW3_A	71	1	A	77		LEU	1
8UW3_A	72	1	A	78		VAL	1
8UW3_A	73	1	A	79		SER	1
8UW3_A	74	1	A	80		ASP	1
8UW3_A	75	1	A	81		LYS	1
8UW3_A	76	1	A	82		THR	1
8UW3_A	77	1	A	83		ASP	1
8UW3_A	78	1	A	84		PHE	1
8UW3_A	79	1	A	85		LYS	1
8UW3_A	80	1	A	86		PRO	1
8UW3_A	81	1	A	87		THR	1
8UW3_A	82	1	A	88		LYS	1
8UW3_A	83	1	A	89		ILE	1
8UW3_A	84	1	A	90		LYS	1
8UW3_A	85	1	A	91		ARG	1
8UW3_A	86	1	A	92		ASP	1
8UW3_A	87	1	A	93		LYS	1
8UW3_A	88	1	A	94		GLU	1
8UW3_A	89	1	A	95		GLY	1
8UW3_A	90	1	A	96		HIS	1
8UW3_A	91	1	A	97		TYR	1
8UW3_A	92	1	A	98		ILE	1
8UW3_A	93	1	A	99		MET	1
8UW3_A	94	1	A	100		VAL	1
8UW3_A	95	1	A	101		LYS	1
8UW3_A	96	1	A	102		GLY	1
8UW3_A	97	1	A	103		SER	1
8UW3_A	98	1	A	104		ILE	1
8UW3_A	99	1	A	105		GLN	1
8UW3_A	100	1	A	106		GLN	1
8UW3_A	101	1	A	107		GLU	1
8UW3_A	102	1	A	108		GLU	2
8UW3_A	103	1	A	109		LEU	2
8UW3_A	104	1	A	110		THR	2
8UW3_A	105	1	A	111		ILE	2
8UW3_A	106	1	A	112		LEU	2
8UW3_A	107	1	A	113		ASN	2
8UW3_A	108	1	A	114		ILE	2
8UW3_A	109	1	A	115		TYR	2
8UW3_A	110	1	A	116		ALA	2
8UW3_A	111	1	A	117		PRO	2
8UW3_A	112	1	A	118		ASN	2
8UW3_A	113	1	A	119		THR	2
8UW3_A	114	1	A	120		GLY	2
8UW3_A	115	1	A	121		ALA	2
8UW3_A	116	1	A	122		PRO	2
8UW3_A	117	1	A	123		ARG	2
8UW3_A	118	1	A	124		PHE	2
8UW3_A	119	1	A	125		ILE	2
8UW3_A	120	1	A	126		LYS	2
8UW3_A	121	1	A	127		GLN	2
8UW3_A	122	1	A	128		VAL	2
8UW3_A	123	1	A	129		LEU	2
8UW3_A	124	1	A	130		SER	2
8UW3_A	125	1	A	131		ASP	2
8UW3_A	126	1	A	132		LEU	2
8UW3_A	127	1	A	133		GLN	2
8UW3_A	128	1	A	134		ARG	2
8UW3_A	129	1	A	135		ASP	2
8UW3_A	130	1	A	136		LEU	2
8UW3_A	131	1	A	137		ASP	2
8UW3_A	132	1	A	138		SER	2
8UW3_A	133	1	A	139		HIS	2
8UW3_A	134	1	A	140		THR	2
8UW3_A	135	1	A	141		LEU	2
8UW3_A	136	1	A	142		ILE	2
8UW3_A	137	1	A	143		MET	2
8UW3_A	138	1	A	144		GLY	2
8UW3_A	139	1	A	145		ASP	2
8UW3_A	140	1	A	146		PHE	2
8UW3_A	141	1	A	147		ASN	2
8UW3_A	142	1	A	148		THR	2
8UW3_A	143	1	A	149		PRO	2
8UW3_A	144	1	A	150		LEU	2
8UW3_A	145	1	A	151		SER	2
8UW3_A	146	1	A	152		THR	2
8UW3_A	147	1	A	153		LEU	2
8UW3_A	148	1	A	154		ASP	2
8UW3_A	149	1	A	155		ARG	2
8UW3_A	150	1	A	156		SER	2
8UW3_A	151	1	A	157		THR	2
8UW3_A	152	1	A	158		ARG	2
8UW3_A	153	1	A	159		GLN	2
8UW3_A	154	1	A	160		LYS	2
8UW3_A	155	1	A	161		VAL	2
8UW3_A	156	1	A	162		ASN	2
8UW3_A	157	1	A	163		LYS	2
8UW3_A	158	1	A	164		ASP	2
8UW3_A	159	1	A	165		THR	2
8UW3_A	160	1	A	166		GLN	2
8UW3_A	161	1	A	167		GLU	2
8UW3_A	162	1	A	168		LEU	2
8UW3_A	163	1	A	169		ASN	2
8UW3_A	164	1	A	170		SER	2
8UW3_A	165	1	A	171		ALA	2
8UW3_A	166	1	A	172		LEU	2
8UW3_A	167	1	A	173		HIS	2
8UW3_A	168	1	A	174		GLN	2
8UW3_A	169	1	A	175		ALA	2
8UW3_A	170	1	A	176		ASP	2
8UW3_A	171	1	A	177		LEU	2
8UW3_A	172	1	A	178		ILE	2
8UW3_A	173	1	A	179		ASP	2
8UW3_A	174	1	A	180		ILE	2
8UW3_A	175	1	A	181		TYR	2
8UW3_A	176	1	A	182		ARG	2
8UW3_A	177	1	A	183		THR	2
8UW3_A	178	1	A	184		LEU	2
8UW3_A	179	1	A	185		HIS	2
8UW3_A	180	1	A	186		PRO	2
8UW3_A	181	1	A	187		LYS	2
8UW3_A	182	1	A	188		SER	2
8UW3_A	183	1	A	189		THR	2
8UW3_A	184	1	A	190		GLU	2
8UW3_A	185	1	A	191		TYR	2
8UW3_A	186	1	A	192		THR	2
8UW3_A	187	1	A	193		PHE	2
8UW3_A	188	1	A	194		PHE	2
8UW3_A	189	1	A	195		SER	2
8UW3_A	190	1	A	196		ALA	2
8UW3_A	191	1	A	197		PRO	2
8UW3_A	192	1	A	198		HIS	2
8UW3_A	193	1	A	199		HIS	2
8UW3_A	194	1	A	200		THR	2
8UW3_A	195	1	A	201		TYR	2
8UW3_A	196	1	A	202		SER	2
8UW3_A	197	1	A	203		LYS	2
8UW3_A	198	1	A	204		ILE	2
8UW3_A	199	1	A	205		ASP	2
8UW3_A	200	1	A	206		HIS	2
8UW3_A	201	1	A	207		ILE	2
8UW3_A	202	1	A	208		VAL	2
8UW3_A	203	1	A	209		GLY	2
8UW3_A	204	1	A	210		SER	2
8UW3_A	205	1	A	211		LYS	2
8UW3_A	206	1	A	212		ALA	2
8UW3_A	207	1	A	213		LEU	2
8UW3_A	208	1	A	214		LEU	2
8UW3_A	209	1	A	215		SER	2
8UW3_A	210	1	A	216		LYS	1
8UW3_A	211	1	A	217		CYS	1
8UW3_A	212	1	A	218		LYS	1
8UW3_A	213	1	A	219		ARG	1
8UW3_A	214	1	A	220		THR	1
8UW3_A	215	1	A	221		GLU	1
8UW3_A	216	1	A	222		ILE	1
8UW3_A	217	1	A	223		ILE	1
8UW3_A	218	1	A	224		THR	1
8UW3_A	219	1	A	225		ASN	1
8UW3_A	220	1	A	226		TYR	1
8UW3_A	221	1	A	227		LEU	1
8UW3_A	222	1	A	228		SER	1
8UW3_A	223	1	A	229		ASP	1
8UW3_A	224	1	A	230		HIS	1
8UW3_A	225	1	A	231		SER	1
8UW3_A	226	1	A	232		ALA	1
8UW3_A	227	1	A	233		ILE	1
8UW3_A	228	1	A	234		LYS	1
8UW3_A	229	1	A	235		LEU	1
8UW3_A	230	1	A	236		GLU	1
8UW3_A	231	1	A	237		LEU	1
8UW3_A	232	1	A	238		ARG	1
8UW3_A	233	1	A	239		ILE	1
8UW3_A	234	1	A	240		LYS	1
8UW3_A	235	1	A	241		ASN	1
8UW3_A	236	1	A	247		SER	1
8UW3_A	237	1	A	248		THR	3
8UW3_A	238	1	A	249		THR	3
8UW3_A	239	1	A	250		TRP	3
8UW3_A	240	1	A	251		LYS	3
8UW3_A	241	1	A	252		LEU	3
8UW3_A	242	1	A	253		ASN	3
8UW3_A	243	1	A	254		ASN	3
8UW3_A	244	1	A	255		LEU	3
8UW3_A	245	1	A	256		LEU	3
8UW3_A	246	1	A	257		LEU	3
8UW3_A	247	1	A	258		ASN	3
8UW3_A	248	1	A	259		ASP	3
8UW3_A	249	1	A	260		TYR	3
8UW3_A	250	1	A	261		TRP	3
8UW3_A	251	1	A	262		VAL	3
8UW3_A	252	1	A	263		HIS	3
8UW3_A	253	1	A	264		ASN	3
8UW3_A	254	1	A	265		GLU	3
8UW3_A	255	1	A	266		MET	3
8UW3_A	256	1	A	267		LYS	3
8UW3_A	257	1	A	268		ALA	3
8UW3_A	258	1	A	269		GLU	3
8UW3_A	259	1	A	270		ILE	3
8UW3_A	260	1	A	271		LYS	3
8UW3_A	261	1	A	272		MET	3
8UW3_A	262	1	A	273		PHE	3
8UW3_A	263	1	A	274		PHE	3
8UW3_A	264	1	A	275		GLU	3
8UW3_A	265	1	A	276		THR	3
8UW3_A	266	1	A	277		ASN	3
8UW3_A	267	1	A	278		GLU	3
8UW3_A	268	1	A	279		ASN	3
8UW3_A	269	1	A	280		LYS	3
8UW3_A	270	1	A	281		ASP	3
8UW3_A	271	1	A	282		THR	3
8UW3_A	272	1	A	283		THR	3
8UW3_A	273	1	A	284		TYR	3
8UW3_A	274	1	A	285		GLN	3
8UW3_A	275	1	A	286		ASN	3
8UW3_A	276	1	A	287		LEU	3
8UW3_A	277	1	A	288		TRP	3
8UW3_A	278	1	A	289		ASP	3
8UW3_A	279	1	A	290		ALA	3
8UW3_A	280	1	A	291		PHE	3
8UW3_A	281	1	A	292		LYS	3
8UW3_A	282	1	A	293		ALA	3
8UW3_A	283	1	A	294		VAL	3
8UW3_A	284	1	A	295		CYS	3
8UW3_A	285	1	A	296		ARG	3
8UW3_A	286	1	A	297		GLY	3
8UW3_A	287	1	A	298		LYS	3
8UW3_A	288	1	A	299		PHE	3
8UW3_A	289	1	A	300		ILE	3
8UW3_A	290	1	A	301		ALA	3
8UW3_A	291	1	A	302		LEU	3
8UW3_A	292	1	A	303		ASN	3
8UW3_A	293	1	A	304		ALA	3
8UW3_A	294	1	A	305		HIS	3
8UW3_A	295	1	A	306		LYS	3
8UW3_A	296	1	A	307		ARG	3
8UW3_A	297	1	A	308		LYS	3
8UW3_A	298	1	A	309		GLN	3
8UW3_A	299	1	A	310		GLU	3
8UW3_A	300	1	A	311		ARG	3
8UW3_A	301	1	A	312		SER	8
8UW3_A	302	1	A	313		LYS	8
8UW3_A	303	1	A	314		ILE	8
8UW3_A	304	1	A	315		ASP	8
8UW3_A	305	1	A	316		THR	8
8UW3_A	306	1	A	317		LEU	8
8UW3_A	307	1	A	318		THR	8
8UW3_A	308	1	A	319		SER	8
8UW3_A	309	1	A	320		GLN	8
8UW3_A	310	1	A	321		LEU	8
8UW3_A	311	1	A	322		LYS	8
8UW3_A	312	1	A	323		GLU	8
8UW3_A	313	1	A	324		LEU	8
8UW3_A	314	1	A	325		GLU	8
8UW3_A	315	1	A	326		LYS	8
8UW3_A	316	1	A	327		GLN	8
8UW3_A	317	1	A	328		GLU	8
8UW3_A	318	1	A	329		GLN	8
8UW3_A	319	1	A	330		THR	8
8UW3_A	320	1	A	331		HIS	8
8UW3_A	321	1	A	332		SER	8
8UW3_A	322	1	A	333		LYS	8
8UW3_A	323	1	A	334		ALA	8
8UW3_A	324	1	A	335		SER	8
8UW3_A	325	1	A	336		ARG	8
8UW3_A	326	1	A	337		ARG	8
8UW3_A	327	1	A	338		GLN	8
8UW3_A	328	1	A	339		GLU	8
8UW3_A	329	1	A	340		ILE	8
8UW3_A	330	1	A	341		THR	8
8UW3_A	331	1	A	342		LYS	8
8UW3_A	332	1	A	343		ILE	8
8UW3_A	333	1	A	344		ARG	8
8UW3_A	334	1	A	345		ALA	8
8UW3_A	335	1	A	346		GLU	8
8UW3_A	336	1	A	347		LEU	8
8UW3_A	337	1	A	348		LYS	8
8UW3_A	338	1	A	349		GLU	8
8UW3_A	339	1	A	350		ILE	8
8UW3_A	340	1	A	351		GLU	8
8UW3_A	341	1	A	352		THR	8
8UW3_A	342	1	A	353		GLN	8
8UW3_A	343	1	A	354		LYS	3
8UW3_A	344	1	A	355		THR	3
8UW3_A	345	1	A	356		LEU	3
8UW3_A	346	1	A	357		GLN	3
8UW3_A	347	1	A	358		LYS	3
8UW3_A	348	1	A	359		ILE	3
8UW3_A	349	1	A	360		ASN	3
8UW3_A	350	1	A	361		GLU	3
8UW3_A	351	1	A	362		SER	3
8UW3_A	352	1	A	363		ARG	3
8UW3_A	353	1	A	364		SER	3
8UW3_A	354	1	A	365		TRP	3
8UW3_A	355	1	A	366		PHE	3
8UW3_A	356	1	A	367		PHE	3
8UW3_A	357	1	A	368		GLU	4
8UW3_A	358	1	A	369		ARG	4
8UW3_A	359	1	A	370		ILE	4
8UW3_A	360	1	A	371		ASN	4
8UW3_A	361	1	A	372		LYS	4
8UW3_A	362	1	A	373		ILE	4
8UW3_A	363	1	A	374		ASP	4
8UW3_A	364	1	A	375		ARG	4
8UW3_A	365	1	A	376		PRO	4
8UW3_A	366	1	A	377		LEU	4
8UW3_A	367	1	A	378		ALA	4
8UW3_A	368	1	A	379		ARG	4
8UW3_A	369	1	A	380		LEU	4
8UW3_A	370	1	A	381		ILE	4
8UW3_A	371	1	A	382		LYS	4
8UW3_A	372	1	A	383		LYS	4
8UW3_A	373	1	A	384		LYS	4
8UW3_A	374	1	A	385		ARG	4
8UW3_A	375	1	A	386		GLU	4
8UW3_A	376	1	A	387		LYS	4
8UW3_A	377	1	A	388		ASN	5
8UW3_A	378	1	A	389		GLN	5
8UW3_A	379	1	A	390		ILE	5
8UW3_A	380	1	A	391		ASP	5
8UW3_A	381	1	A	392		THR	5
8UW3_A	382	1	A	393		ILE	5
8UW3_A	383	1	A	394		LYS	5
8UW3_A	384	1	A	395		ASN	5
8UW3_A	385	1	A	396		ASP	5
8UW3_A	386	1	A	397		LYS	5
8UW3_A	387	1	A	398		GLY	5
8UW3_A	388	1	A	399		ASP	5
8UW3_A	389	1	A	400		ILE	5
8UW3_A	390	1	A	401		THR	5
8UW3_A	391	1	A	402		THR	5
8UW3_A	392	1	A	403		ASP	5
8UW3_A	393	1	A	404		PRO	5
8UW3_A	394	1	A	405		THR	5
8UW3_A	395	1	A	406		GLU	5
8UW3_A	396	1	A	407		ILE	5
8UW3_A	397	1	A	408		GLN	5
8UW3_A	398	1	A	409		THR	5
8UW3_A	399	1	A	410		THR	5
8UW3_A	400	1	A	411		ILE	5
8UW3_A	401	1	A	412		ARG	5
8UW3_A	402	1	A	413		GLU	5
8UW3_A	403	1	A	414		TYR	5
8UW3_A	404	1	A	415		TYR	5
8UW3_A	405	1	A	416		LYS	5
8UW3_A	406	1	A	417		HIS	5
8UW3_A	407	1	A	418		LEU	5
8UW3_A	408	1	A	419		TYR	5
8UW3_A	409	1	A	420		ALA	5
8UW3_A	410	1	A	421		ASN	5
8UW3_A	411	1	A	422		LYS	5
8UW3_A	412	1	A	423		LEU	5
8UW3_A	413	1	A	424		GLU	5
8UW3_A	414	1	A	425		ASN	5
8UW3_A	415	1	A	426		LEU	5
8UW3_A	416	1	A	427		GLU	5
8UW3_A	417	1	A	428		GLU	5
8UW3_A	418	1	A	429		MET	5
8UW3_A	419	1	A	430		ASP	5
8UW3_A	420	1	A	431		LYS	5
8UW3_A	421	1	A	432		PHE	5
8UW3_A	422	1	A	433		LEU	5
8UW3_A	423	1	A	434		ASP	5
8UW3_A	424	1	A	435		THR	5
8UW3_A	425	1	A	436		TYR	5
8UW3_A	426	1	A	437		THR	5
8UW3_A	427	1	A	438		LEU	5
8UW3_A	428	1	A	439		PRO	5
8UW3_A	429	1	A	440		ARG	5
8UW3_A	430	1	A	441		LEU	5
8UW3_A	431	1	A	442		ASN	5
8UW3_A	432	1	A	443		GLN	5
8UW3_A	433	1	A	444		GLU	5
8UW3_A	434	1	A	445		GLU	5
8UW3_A	435	1	A	446		VAL	5
8UW3_A	436	1	A	447		GLU	5
8UW3_A	437	1	A	448		SER	5
8UW3_A	438	1	A	449		LEU	5
8UW3_A	439	1	A	450		ASN	5
8UW3_A	440	1	A	451		ARG	5
8UW3_A	441	1	A	452		PRO	5
8UW3_A	442	1	A	453		ILE	5
8UW3_A	443	1	A	454		THR	5
8UW3_A	444	1	A	455		GLY	5
8UW3_A	445	1	A	456		SER	5
8UW3_A	446	1	A	457		GLU	5
8UW3_A	447	1	A	458		ILE	5
8UW3_A	448	1	A	459		VAL	5
8UW3_A	449	1	A	460		ALA	5
8UW3_A	450	1	A	461		ILE	5
8UW3_A	451	1	A	462		ILE	5
8UW3_A	452	1	A	463		ASN	5
8UW3_A	453	1	A	464		SER	5
8UW3_A	454	1	A	465		LEU	5
8UW3_A	455	1	A	466		PRO	5
8UW3_A	456	1	A	467		THR	5
8UW3_A	457	1	A	468		LYS	5
8UW3_A	458	1	A	469		LYS	5
8UW3_A	459	1	A	470		SER	5
8UW3_A	460	1	A	471		PRO	5
8UW3_A	461	1	A	472		GLY	5
8UW3_A	462	1	A	473		PRO	5
8UW3_A	463	1	A	474		ASP	5
8UW3_A	464	1	A	475		GLY	5
8UW3_A	465	1	A	476		PHE	5
8UW3_A	466	1	A	477		THR	5
8UW3_A	467	1	A	478		ALA	5
8UW3_A	468	1	A	479		GLU	5
8UW3_A	469	1	A	480		PHE	5
8UW3_A	470	1	A	481		TYR	5
8UW3_A	471	1	A	482		GLN	5
8UW3_A	472	1	A	483		ARG	5
8UW3_A	473	1	A	484		TYR	5
8UW3_A	474	1	A	485		LYS	5
8UW3_A	475	1	A	486		GLU	5
8UW3_A	476	1	A	487		GLU	5
8UW3_A	477	1	A	488		LEU	5
8UW3_A	478	1	A	489		VAL	5
8UW3_A	479	1	A	490		PRO	5
8UW3_A	480	1	A	491		PHE	5
8UW3_A	481	1	A	492		LEU	5
8UW3_A	482	1	A	493		LEU	5
8UW3_A	483	1	A	494		LYS	5
8UW3_A	484	1	A	495		LEU	5
8UW3_A	485	1	A	496		PHE	5
8UW3_A	486	1	A	497		GLN	5
8UW3_A	487	1	A	498		SER	5
8UW3_A	488	1	A	499		ILE	5
8UW3_A	489	1	A	500		GLU	5
8UW3_A	490	1	A	501		LYS	5
8UW3_A	491	1	A	502		GLU	5
8UW3_A	492	1	A	503		GLY	5
8UW3_A	493	1	A	504		ILE	5
8UW3_A	494	1	A	505		LEU	5
8UW3_A	495	1	A	506		PRO	5
8UW3_A	496	1	A	507		ASN	5
8UW3_A	497	1	A	508		SER	5
8UW3_A	498	1	A	509		PHE	5
8UW3_A	499	1	A	510		TYR	5
8UW3_A	500	1	A	511		GLU	5
8UW3_A	501	1	A	512		ALA	5
8UW3_A	502	1	A	513		SER	5
8UW3_A	503	1	A	514		ILE	5
8UW3_A	504	1	A	515		ILE	5
8UW3_A	505	1	A	516		LEU	5
8UW3_A	506	1	A	517		ILE	5
8UW3_A	507	1	A	518		PRO	5
8UW3_A	508	1	A	519		LYS	5
8UW3_A	509	1	A	520		PRO	5
8UW3_A	510	1	A	521		GLY	5
8UW3_A	511	1	A	522		ARG	5
8UW3_A	512	1	A	523		ASP	5
8UW3_A	513	1	A	524		THR	5
8UW3_A	514	1	A	525		THR	5
8UW3_A	515	1	A	526		LYS	5
8UW3_A	516	1	A	527		LYS	5
8UW3_A	517	1	A	528		GLU	5
8UW3_A	518	1	A	529		ASN	5
8UW3_A	519	1	A	530		PHE	5
8UW3_A	520	1	A	531		ARG	5
8UW3_A	521	1	A	532		PRO	5
8UW3_A	522	1	A	533		ILE	5
8UW3_A	523	1	A	534		SER	5
8UW3_A	524	1	A	535		LEU	5
8UW3_A	525	1	A	536		MET	5
8UW3_A	526	1	A	537		ASN	5
8UW3_A	527	1	A	538		ILE	5
8UW3_A	528	1	A	539		ASP	5
8UW3_A	529	1	A	540		ALA	5
8UW3_A	530	1	A	541		LYS	5
8UW3_A	531	1	A	542		ILE	5
8UW3_A	532	1	A	543		LEU	5
8UW3_A	533	1	A	544		ASN	5
8UW3_A	534	1	A	545		LYS	5
8UW3_A	535	1	A	546		ILE	5
8UW3_A	536	1	A	547		LEU	5
8UW3_A	537	1	A	548		ALA	5
8UW3_A	538	1	A	549		ASN	5
8UW3_A	539	1	A	550		ARG	5
8UW3_A	540	1	A	551		ILE	5
8UW3_A	541	1	A	552		GLN	5
8UW3_A	542	1	A	553		GLN	5
8UW3_A	543	1	A	554		HIS	5
8UW3_A	544	1	A	555		ILE	5
8UW3_A	545	1	A	556		LYS	5
8UW3_A	546	1	A	557		LYS	5
8UW3_A	547	1	A	558		LEU	5
8UW3_A	548	1	A	559		ILE	5
8UW3_A	549	1	A	560		HIS	5
8UW3_A	550	1	A	561		HIS	5
8UW3_A	551	1	A	562		ASP	5
8UW3_A	552	1	A	563		GLN	5
8UW3_A	553	1	A	564		VAL	5
8UW3_A	554	1	A	565		GLY	5
8UW3_A	555	1	A	566		PHE	5
8UW3_A	556	1	A	567		ILE	5
8UW3_A	557	1	A	568		PRO	5
8UW3_A	558	1	A	569		GLY	5
8UW3_A	559	1	A	570		MET	5
8UW3_A	560	1	A	571		GLN	5
8UW3_A	561	1	A	572		GLY	5
8UW3_A	562	1	A	573		TRP	5
8UW3_A	563	1	A	574		PHE	5
8UW3_A	564	1	A	575		ASN	5
8UW3_A	565	1	A	576		ILE	5
8UW3_A	566	1	A	577		ARG	5
8UW3_A	567	1	A	578		LYS	5
8UW3_A	568	1	A	579		SER	5
8UW3_A	569	1	A	580		ILE	5
8UW3_A	570	1	A	581		ASN	5
8UW3_A	571	1	A	582		VAL	5
8UW3_A	572	1	A	583		ILE	5
8UW3_A	573	1	A	584		GLN	5
8UW3_A	574	1	A	585		HIS	5
8UW3_A	575	1	A	586		ILE	5
8UW3_A	576	1	A	587		ASN	5
8UW3_A	577	1	A	588		ARG	5
8UW3_A	578	1	A	589		ALA	5
8UW3_A	579	1	A	590		LYS	5
8UW3_A	580	1	A	591		ASP	5
8UW3_A	581	1	A	592		LYS	5
8UW3_A	582	1	A	593		ASN	5
8UW3_A	583	1	A	594		HIS	5
8UW3_A	584	1	A	595		MET	5
8UW3_A	585	1	A	596		ILE	5
8UW3_A	586	1	A	597		ILE	5
8UW3_A	587	1	A	598		SER	5
8UW3_A	588	1	A	599		ILE	5
8UW3_A	589	1	A	600		ASP	5
8UW3_A	590	1	A	601		ALA	5
8UW3_A	591	1	A	602		GLU	5
8UW3_A	592	1	A	603		LYS	5
8UW3_A	593	1	A	604		ALA	5
8UW3_A	594	1	A	605		PHE	5
8UW3_A	595	1	A	606		ASP	5
8UW3_A	596	1	A	607		LYS	5
8UW3_A	597	1	A	608		ILE	5
8UW3_A	598	1	A	609		GLN	5
8UW3_A	599	1	A	610		GLN	5
8UW3_A	600	1	A	611		PRO	5
8UW3_A	601	1	A	612		PHE	5
8UW3_A	602	1	A	613		MET	5
8UW3_A	603	1	A	614		LEU	5
8UW3_A	604	1	A	615		LYS	5
8UW3_A	605	1	A	616		THR	5
8UW3_A	606	1	A	617		LEU	5
8UW3_A	607	1	A	618		ASN	5
8UW3_A	608	1	A	619		LYS	5
8UW3_A	609	1	A	620		LEU	5
8UW3_A	610	1	A	621		GLY	5
8UW3_A	611	1	A	622		ILE	5
8UW3_A	612	1	A	623		ASP	5
8UW3_A	613	1	A	624		GLY	5
8UW3_A	614	1	A	625		THR	5
8UW3_A	615	1	A	626		TYR	5
8UW3_A	616	1	A	627		PHE	5
8UW3_A	617	1	A	628		LYS	5
8UW3_A	618	1	A	629		ILE	5
8UW3_A	619	1	A	630		ILE	5
8UW3_A	620	1	A	631		ARG	5
8UW3_A	621	1	A	632		ALA	5
8UW3_A	622	1	A	633		ILE	5
8UW3_A	623	1	A	634		TYR	5
8UW3_A	624	1	A	635		ASP	5
8UW3_A	625	1	A	636		LYS	5
8UW3_A	626	1	A	637		PRO	5
8UW3_A	627	1	A	638		THR	5
8UW3_A	628	1	A	639		ALA	5
8UW3_A	629	1	A	640		ASN	5
8UW3_A	630	1	A	641		ILE	5
8UW3_A	631	1	A	642		ILE	5
8UW3_A	632	1	A	643		LEU	5
8UW3_A	633	1	A	644		ASN	5
8UW3_A	634	1	A	645		GLY	5
8UW3_A	635	1	A	646		GLN	5
8UW3_A	636	1	A	647		LYS	5
8UW3_A	637	1	A	648		LEU	5
8UW3_A	638	1	A	649		GLU	5
8UW3_A	639	1	A	650		ALA	5
8UW3_A	640	1	A	651		PHE	5
8UW3_A	641	1	A	652		PRO	5
8UW3_A	642	1	A	653		LEU	5
8UW3_A	643	1	A	654		LYS	5
8UW3_A	644	1	A	655		THR	5
8UW3_A	645	1	A	656		GLY	5
8UW3_A	646	1	A	657		THR	5
8UW3_A	647	1	A	658		ARG	5
8UW3_A	648	1	A	659		GLN	5
8UW3_A	649	1	A	660		GLY	5
8UW3_A	650	1	A	661		CYS	5
8UW3_A	651	1	A	662		PRO	5
8UW3_A	652	1	A	663		LEU	5
8UW3_A	653	1	A	664		SER	5
8UW3_A	654	1	A	665		PRO	5
8UW3_A	655	1	A	666		LEU	5
8UW3_A	656	1	A	667		LEU	5
8UW3_A	657	1	A	668		PHE	5
8UW3_A	658	1	A	669		ASN	5
8UW3_A	659	1	A	670		ILE	5
8UW3_A	660	1	A	671		VAL	5
8UW3_A	661	1	A	672		LEU	5
8UW3_A	662	1	A	673		GLU	5
8UW3_A	663	1	A	674		VAL	5
8UW3_A	664	1	A	675		LEU	5
8UW3_A	665	1	A	676		ALA	5
8UW3_A	666	1	A	677		ARG	5
8UW3_A	667	1	A	678		ALA	5
8UW3_A	668	1	A	679		ILE	5
8UW3_A	669	1	A	680		ARG	5
8UW3_A	670	1	A	681		GLN	5
8UW3_A	671	1	A	682		GLU	5
8UW3_A	672	1	A	683		LYS	5
8UW3_A	673	1	A	684		GLU	5
8UW3_A	674	1	A	685		ILE	5
8UW3_A	675	1	A	686		LYS	5
8UW3_A	676	1	A	687		GLY	5
8UW3_A	677	1	A	688		ILE	5
8UW3_A	678	1	A	689		GLN	5
8UW3_A	679	1	A	690		LEU	5
8UW3_A	680	1	A	691		GLY	5
8UW3_A	681	1	A	692		LYS	5
8UW3_A	682	1	A	693		GLU	5
8UW3_A	683	1	A	694		GLU	5
8UW3_A	684	1	A	695		VAL	5
8UW3_A	685	1	A	696		LYS	5
8UW3_A	686	1	A	697		LEU	5
8UW3_A	687	1	A	698		SER	5
8UW3_A	688	1	A	699		LEU	5
8UW3_A	689	1	A	700		PHE	5
8UW3_A	690	1	A	701		ALA	5
8UW3_A	691	1	A	702		ASP	5
8UW3_A	692	1	A	703		ASP	5
8UW3_A	693	1	A	704		MET	5
8UW3_A	694	1	A	705		ILE	5
8UW3_A	695	1	A	706		VAL	5
8UW3_A	696	1	A	707		TYR	5
8UW3_A	697	1	A	708		LEU	5
8UW3_A	698	1	A	709		GLU	5
8UW3_A	699	1	A	710		ASN	5
8UW3_A	700	1	A	711		PRO	5
8UW3_A	701	1	A	712		ILE	5
8UW3_A	702	1	A	713		VAL	5
8UW3_A	703	1	A	714		SER	5
8UW3_A	704	1	A	715		ALA	5
8UW3_A	705	1	A	716		GLN	5
8UW3_A	706	1	A	717		ASN	5
8UW3_A	707	1	A	718		LEU	5
8UW3_A	708	1	A	719		LEU	5
8UW3_A	709	1	A	720		LYS	5
8UW3_A	710	1	A	721		LEU	5
8UW3_A	711	1	A	722		ILE	5
8UW3_A	712	1	A	723		SER	5
8UW3_A	713	1	A	724		ASN	5
8UW3_A	714	1	A	725		PHE	5
8UW3_A	715	1	A	726		SER	5
8UW3_A	716	1	A	727		LYS	5
8UW3_A	717	1	A	728		VAL	5
8UW3_A	718	1	A	729		SER	5
8UW3_A	719	1	A	730		GLY	5
8UW3_A	720	1	A	731		TYR	5
8UW3_A	721	1	A	732		LYS	5
8UW3_A	722	1	A	733		ILE	5
8UW3_A	723	1	A	734		ASN	5
8UW3_A	724	1	A	735		VAL	5
8UW3_A	725	1	A	736		GLN	5
8UW3_A	726	1	A	737		LYS	5
8UW3_A	727	1	A	738		SER	5
8UW3_A	728	1	A	739		GLN	5
8UW3_A	729	1	A	740		ALA	5
8UW3_A	730	1	A	741		PHE	5
8UW3_A	731	1	A	742		LEU	5
8UW3_A	732	1	A	743		TYR	5
8UW3_A	733	1	A	744		THR	5
8UW3_A	734	1	A	745		ASN	5
8UW3_A	735	1	A	746		ASN	5
8UW3_A	736	1	A	747		ARG	5
8UW3_A	737	1	A	748		GLN	5
8UW3_A	738	1	A	749		THR	5
8UW3_A	739	1	A	750		GLU	5
8UW3_A	740	1	A	751		SER	5
8UW3_A	741	1	A	752		GLN	5
8UW3_A	742	1	A	753		ILE	5
8UW3_A	743	1	A	754		MET	5
8UW3_A	744	1	A	755		GLY	5
8UW3_A	745	1	A	756		GLU	5
8UW3_A	746	1	A	757		LEU	5
8UW3_A	747	1	A	758		PRO	5
8UW3_A	748	1	A	759		PHE	5
8UW3_A	749	1	A	760		THR	5
8UW3_A	750	1	A	761		ILE	5
8UW3_A	751	1	A	762		ALA	5
8UW3_A	752	1	A	763		SER	5
8UW3_A	753	1	A	764		LYS	5
8UW3_A	754	1	A	765		ARG	5
8UW3_A	755	1	A	766		ILE	5
8UW3_A	756	1	A	767		LYS	5
8UW3_A	757	1	A	768		TYR	5
8UW3_A	758	1	A	769		LEU	5
8UW3_A	759	1	A	770		GLY	5
8UW3_A	760	1	A	771		ILE	5
8UW3_A	761	1	A	772		GLN	5
8UW3_A	762	1	A	773		LEU	5
8UW3_A	763	1	A	774		THR	5
8UW3_A	764	1	A	775		ARG	5
8UW3_A	765	1	A	776		ASP	5
8UW3_A	766	1	A	777		VAL	5
8UW3_A	767	1	A	778		LYS	5
8UW3_A	768	1	A	779		ASP	5
8UW3_A	769	1	A	780		LEU	5
8UW3_A	770	1	A	781		PHE	4
8UW3_A	771	1	A	782		LYS	4
8UW3_A	772	1	A	783		GLU	4
8UW3_A	773	1	A	784		ASN	4
8UW3_A	774	1	A	785		TYR	4
8UW3_A	775	1	A	786		LYS	4
8UW3_A	776	1	A	787		PRO	4
8UW3_A	777	1	A	788		LEU	4
8UW3_A	778	1	A	789		LEU	4
8UW3_A	779	1	A	790		LYS	4
8UW3_A	780	1	A	791		GLU	4
8UW3_A	781	1	A	792		ILE	4
8UW3_A	782	1	A	793		LYS	4
8UW3_A	783	1	A	794		GLU	4
8UW3_A	784	1	A	795		GLU	4
8UW3_A	785	1	A	796		THR	4
8UW3_A	786	1	A	797		ASN	4
8UW3_A	787	1	A	798		LYS	4
8UW3_A	788	1	A	799		TRP	4
8UW3_A	789	1	A	800		LYS	4
8UW3_A	790	1	A	801		ASN	4
8UW3_A	791	1	A	802		ILE	4
8UW3_A	792	1	A	803		PRO	4
8UW3_A	793	1	A	804		CYS	4
8UW3_A	794	1	A	805		SER	4
8UW3_A	795	1	A	806		TRP	4
8UW3_A	796	1	A	807		VAL	4
8UW3_A	797	1	A	808		GLY	4
8UW3_A	798	1	A	809		ARG	4
8UW3_A	799	1	A	810		ILE	4
8UW3_A	800	1	A	811		ASN	4
8UW3_A	801	1	A	812		ILE	4
8UW3_A	802	1	A	813		VAL	4
8UW3_A	803	1	A	814		LYS	4
8UW3_A	804	1	A	815		MET	4
8UW3_A	805	1	A	816		ALA	4
8UW3_A	806	1	A	817		ILE	4
8UW3_A	807	1	A	818		LEU	4
8UW3_A	808	1	A	819		PRO	4
8UW3_A	809	1	A	820		LYS	4
8UW3_A	810	1	A	821		VAL	4
8UW3_A	811	1	A	822		ILE	4
8UW3_A	812	1	A	823		TYR	4
8UW3_A	813	1	A	824		ARG	4
8UW3_A	814	1	A	825		PHE	4
8UW3_A	815	1	A	826		ASN	4
8UW3_A	816	1	A	827		ALA	4
8UW3_A	817	1	A	828		ILE	4
8UW3_A	818	1	A	829		PRO	4
8UW3_A	819	1	A	830		ILE	4
8UW3_A	820	1	A	831		LYS	4
8UW3_A	821	1	A	832		LEU	4
8UW3_A	822	1	A	833		PRO	4
8UW3_A	823	1	A	834		MET	4
8UW3_A	824	1	A	835		THR	4
8UW3_A	825	1	A	836		PHE	4
8UW3_A	826	1	A	837		PHE	4
8UW3_A	827	1	A	838		THR	4
8UW3_A	828	1	A	839		GLU	4
8UW3_A	829	1	A	840		LEU	4
8UW3_A	830	1	A	841		GLU	4
8UW3_A	831	1	A	842		LYS	4
8UW3_A	832	1	A	843		THR	4
8UW3_A	833	1	A	844		THR	4
8UW3_A	834	1	A	845		LEU	4
8UW3_A	835	1	A	846		LYS	4
8UW3_A	836	1	A	847		PHE	4
8UW3_A	837	1	A	848		ILE	4
8UW3_A	838	1	A	849		TRP	4
8UW3_A	839	1	A	850		ASN	4
8UW3_A	840	1	A	851		GLN	4
8UW3_A	841	1	A	852		LYS	4
8UW3_A	842	1	A	853		ARG	4
8UW3_A	843	1	A	854		ALA	4
8UW3_A	844	1	A	855		ARG	4
8UW3_A	845	1	A	856		ILE	4
8UW3_A	846	1	A	857		ALA	4
8UW3_A	847	1	A	858		LYS	4
8UW3_A	848	1	A	859		SER	4
8UW3_A	849	1	A	860		ILE	4
8UW3_A	850	1	A	861		LEU	4
8UW3_A	851	1	A	862		SER	4
8UW3_A	852	1	A	863		GLN	4
8UW3_A	853	1	A	864		LYS	4
8UW3_A	854	1	A	865		ASN	4
8UW3_A	855	1	A	866		LYS	4
8UW3_A	856	1	A	867		ALA	4
8UW3_A	857	1	A	868		GLY	4
8UW3_A	858	1	A	869		GLY	4
8UW3_A	859	1	A	870		ILE	4
8UW3_A	860	1	A	871		THR	4
8UW3_A	861	1	A	872		LEU	4
8UW3_A	862	1	A	873		PRO	4
8UW3_A	863	1	A	874		ASP	4
8UW3_A	864	1	A	875		PHE	4
8UW3_A	865	1	A	876		LYS	4
8UW3_A	866	1	A	877		LEU	4
8UW3_A	867	1	A	878		TYR	4
8UW3_A	868	1	A	879		TYR	4
8UW3_A	869	1	A	880		LYS	6
8UW3_A	870	1	A	881		ALA	6
8UW3_A	871	1	A	882		THR	6
8UW3_A	872	1	A	883		VAL	6
8UW3_A	873	1	A	884		THR	6
8UW3_A	874	1	A	885		LYS	6
8UW3_A	875	1	A	886		THR	6
8UW3_A	876	1	A	887		ALA	6
8UW3_A	877	1	A	888		TRP	6
8UW3_A	878	1	A	889		TYR	6
8UW3_A	879	1	A	890		TRP	6
8UW3_A	880	1	A	891		TYR	6
8UW3_A	881	1	A	892		GLN	6
8UW3_A	882	1	A	893		ASN	6
8UW3_A	883	1	A	894		ARG	6
8UW3_A	884	1	A	895		ASP	6
8UW3_A	885	1	A	896		ILE	6
8UW3_A	886	1	A	897		ASP	6
8UW3_A	887	1	A	898		GLN	6
8UW3_A	888	1	A	899		TRP	6
8UW3_A	889	1	A	900		ASN	6
8UW3_A	890	1	A	901		ARG	6
8UW3_A	891	1	A	902		THR	6
8UW3_A	892	1	A	903		GLU	6
8UW3_A	893	1	A	904		PRO	6
8UW3_A	894	1	A	905		SER	6
8UW3_A	895	1	A	906		GLU	6
8UW3_A	896	1	A	907		ILE	6
8UW3_A	897	1	A	908		MET	6
8UW3_A	898	1	A	909		PRO	6
8UW3_A	899	1	A	910		HIS	6
8UW3_A	900	1	A	911		ILE	6
8UW3_A	901	1	A	912		TYR	6
8UW3_A	902	1	A	913		ASN	6
8UW3_A	903	1	A	914		TYR	6
8UW3_A	904	1	A	915		LEU	6
8UW3_A	905	1	A	916		ILE	6
8UW3_A	906	1	A	917		PHE	6
8UW3_A	907	1	A	918		ASP	6
8UW3_A	908	1	A	919		LYS	6
8UW3_A	909	1	A	920		PRO	6
8UW3_A	910	1	A	921		GLU	6
8UW3_A	911	1	A	922		LYS	6
8UW3_A	912	1	A	923		ASN	6
8UW3_A	913	1	A	924		LYS	6
8UW3_A	914	1	A	925		GLN	6
8UW3_A	915	1	A	926		TRP	6
8UW3_A	916	1	A	927		GLY	6
8UW3_A	917	1	A	928		LYS	6
8UW3_A	918	1	A	929		ASP	6
8UW3_A	919	1	A	930		SER	6
8UW3_A	920	1	A	931		LEU	6
8UW3_A	921	1	A	932		PHE	6
8UW3_A	922	1	A	933		ASN	6
8UW3_A	923	1	A	934		LYS	6
8UW3_A	924	1	A	935		TRP	6
8UW3_A	925	1	A	936		CYS	6
8UW3_A	926	1	A	937		TRP	6
8UW3_A	927	1	A	938		GLU	6
8UW3_A	928	1	A	939		ASN	6
8UW3_A	929	1	A	940		TRP	6
8UW3_A	930	1	A	941		LEU	6
8UW3_A	931	1	A	942		ALA	6
8UW3_A	932	1	A	943		ILE	6
8UW3_A	933	1	A	944		CYS	6
8UW3_A	934	1	A	945		ARG	6
8UW3_A	935	1	A	946		LYS	6
8UW3_A	936	1	A	947		LEU	6
8UW3_A	937	1	A	948		LYS	6
8UW3_A	938	1	A	949		LEU	6
8UW3_A	939	1	A	950		ASP	6
8UW3_A	940	1	A	951		PRO	6
8UW3_A	941	1	A	952		PHE	6
8UW3_A	942	1	A	953		LEU	6
8UW3_A	943	1	A	954		THR	6
8UW3_A	944	1	A	955		PRO	7
8UW3_A	945	1	A	956		TYR	7
8UW3_A	946	1	A	957		THR	7
8UW3_A	947	1	A	958		LYS	7
8UW3_A	948	1	A	959		ILE	7
8UW3_A	949	1	A	960		ASN	7
8UW3_A	950	1	A	961		SER	7
8UW3_A	951	1	A	962		ARG	7
8UW3_A	952	1	A	963		TRP	7
8UW3_A	953	1	A	964		ILE	7
8UW3_A	954	1	A	965		LYS	7
8UW3_A	955	1	A	966		ASP	7
8UW3_A	956	1	A	967		LEU	7
8UW3_A	957	1	A	968		ASN	7
8UW3_A	958	1	A	969		VAL	7
8UW3_A	959	1	A	970		LYS	7
8UW3_A	960	1	A	971		PRO	7
8UW3_A	961	1	A	972		LYS	7
8UW3_A	962	1	A	973		THR	7
8UW3_A	963	1	A	974		ILE	7
8UW3_A	964	1	A	975		LYS	7
8UW3_A	965	1	A	976		THR	7
8UW3_A	966	1	A	977		LEU	7
8UW3_A	967	1	A	978		GLU	7
8UW3_A	968	1	A	979		GLU	7
8UW3_A	969	1	A	980		ASN	7
8UW3_A	970	1	A	981		LEU	7
8UW3_A	971	1	A	982		GLY	7
8UW3_A	972	1	A	983		ILE	7
8UW3_A	973	1	A	984		THR	7
8UW3_A	974	1	A	985		ILE	7
8UW3_A	975	1	A	986		GLN	7
8UW3_A	976	1	A	987		ASP	7
8UW3_A	977	1	A	988		ILE	7
8UW3_A	978	1	A	989		GLY	7
8UW3_A	979	1	A	990		VAL	7
8UW3_A	980	1	A	991		GLY	7
8UW3_A	981	1	A	992		LYS	7
8UW3_A	982	1	A	993		ASP	7
8UW3_A	983	1	A	994		PHE	7
8UW3_A	984	1	A	995		MET	7
8UW3_A	985	1	A	996		SER	7
8UW3_A	986	1	A	997		LYS	7
8UW3_A	987	1	A	998		THR	7
8UW3_A	988	1	A	999		PRO	7
8UW3_A	989	1	A	1000		LYS	7
8UW3_A	990	1	A	1001		ALA	7
8UW3_A	991	1	A	1002		MET	7
8UW3_A	992	1	A	1003		ALA	7
8UW3_A	993	1	A	1004		THR	7
8UW3_A	994	1	A	1005		LYS	7
8UW3_A	995	1	A	1006		ASP	7
8UW3_A	996	1	A	1007		LYS	7
8UW3_A	997	1	A	1008		ILE	7
8UW3_A	998	1	A	1009		ASP	7
8UW3_A	999	1	A	1010		LYS	7
8UW3_A	1000	1	A	1011		TRP	7
8UW3_A	1001	1	A	1012		ASP	7
8UW3_A	1002	1	A	1013		LEU	7
8UW3_A	1003	1	A	1014		ILE	7
8UW3_A	1004	1	A	1015		LYS	7
8UW3_A	1005	1	A	1016		LEU	7
8UW3_A	1006	1	A	1017		LYS	7
8UW3_A	1007	1	A	1018		SER	7
8UW3_A	1008	1	A	1019		PHE	7
8UW3_A	1009	1	A	1020		CYS	7
8UW3_A	1010	1	A	1021		THR	7
8UW3_A	1011	1	A	1022		ALA	7
8UW3_A	1012	1	A	1023		LYS	7
8UW3_A	1013	1	A	1024		GLU	7
8UW3_A	1014	1	A	1025		THR	7
8UW3_A	1015	1	A	1026		THR	7
8UW3_A	1016	1	A	1027		ILE	7
8UW3_A	1017	1	A	1028		ARG	7
8UW3_A	1018	1	A	1029		VAL	7
8UW3_A	1019	1	A	1030		ASN	7
8UW3_A	1020	1	A	1031		ARG	7
8UW3_A	1021	1	A	1032		GLN	7
8UW3_A	1022	1	A	1033		PRO	6
8UW3_A	1023	1	A	1034		THR	6
8UW3_A	1024	1	A	1035		THR	6
8UW3_A	1025	1	A	1036		TRP	6
8UW3_A	1026	1	A	1037		GLU	6
8UW3_A	1027	1	A	1038		LYS	6
8UW3_A	1028	1	A	1039		ILE	6
8UW3_A	1029	1	A	1040		PHE	6
8UW3_A	1030	1	A	1041		ALA	6
8UW3_A	1031	1	A	1042		THR	6
8UW3_A	1032	1	A	1043		TYR	6
8UW3_A	1033	1	A	1044		SER	6
8UW3_A	1034	1	A	1045		SER	6
8UW3_A	1035	1	A	1046		ASP	6
8UW3_A	1036	1	A	1047		LYS	6
8UW3_A	1037	1	A	1048		GLY	6
8UW3_A	1038	1	A	1049		LEU	6
8UW3_A	1039	1	A	1050		ILE	6
8UW3_A	1040	1	A	1051		SER	6
8UW3_A	1041	1	A	1052		ARG	6
8UW3_A	1042	1	A	1053		ILE	6
8UW3_A	1043	1	A	1054		TYR	6
8UW3_A	1044	1	A	1055		ASN	6
8UW3_A	1045	1	A	1056		GLU	6
8UW3_A	1046	1	A	1057		LEU	6
8UW3_A	1047	1	A	1058		LYS	6
8UW3_A	1048	1	A	1059		GLN	6
8UW3_A	1049	1	A	1060		ILE	6
8UW3_A	1050	1	A	1061		TYR	6
8UW3_A	1051	1	A	1062		LYS	6
8UW3_A	1052	1	A	1063		LYS	6
8UW3_A	1053	1	A	1064		LYS	6
8UW3_A	1054	1	A	1065		THR	6
8UW3_A	1055	1	A	1066		ASN	6
8UW3_A	1056	1	A	1067		ASN	6
8UW3_A	1057	1	A	1068		PRO	9
8UW3_A	1058	1	A	1069		ILE	9
8UW3_A	1059	1	A	1070		LYS	9
8UW3_A	1060	1	A	1071		LYS	9
8UW3_A	1061	1	A	1072		TRP	9
8UW3_A	1062	1	A	1073		ALA	9
8UW3_A	1063	1	A	1074		LYS	9
8UW3_A	1064	1	A	1075		ASP	9
8UW3_A	1065	1	A	1076		MET	9
8UW3_A	1066	1	A	1077		ASN	9
8UW3_A	1067	1	A	1078		ARG	9
8UW3_A	1068	1	A	1079		HIS	9
8UW3_A	1069	1	A	1080		PHE	9
8UW3_A	1070	1	A	1081		SER	9
8UW3_A	1071	1	A	1082		LYS	9
8UW3_A	1072	1	A	1083		GLU	9
8UW3_A	1073	1	A	1084		ASP	9
8UW3_A	1074	1	A	1085		ILE	9
8UW3_A	1075	1	A	1086		TYR	9
8UW3_A	1076	1	A	1087		ALA	9
8UW3_A	1077	1	A	1088		ALA	9
8UW3_A	1078	1	A	1089		LYS	9
8UW3_A	1079	1	A	1090		LYS	9
8UW3_A	1080	1	A	1091		HIS	9
8UW3_A	1081	1	A	1092		MET	9
8UW3_A	1082	1	A	1093		LYS	9
8UW3_A	1083	1	A	1094		LYS	9
8UW3_A	1084	1	A	1095		CYS	9
8UW3_A	1085	1	A	1096		SER	9
8UW3_A	1086	1	A	1097		SER	9
8UW3_A	1087	1	A	1098		SER	9
8UW3_A	1088	1	A	1099		LEU	9
8UW3_A	1089	1	A	1100		ALA	9
8UW3_A	1090	1	A	1101		ILE	9
8UW3_A	1091	1	A	1102		ARG	9
8UW3_A	1092	1	A	1103		GLU	9
8UW3_A	1093	1	A	1104		MET	9
8UW3_A	1094	1	A	1105		GLN	9
8UW3_A	1095	1	A	1106		ILE	9
8UW3_A	1096	1	A	1107		LYS	9
8UW3_A	1097	1	A	1108		THR	9
8UW3_A	1098	1	A	1109		THR	9
8UW3_A	1099	1	A	1110		MET	9
8UW3_A	1100	1	A	1111		ARG	9
8UW3_A	1101	1	A	1112		TYR	9
8UW3_A	1102	1	A	1113		HIS	9
8UW3_A	1103	1	A	1114		LEU	9
8UW3_A	1104	1	A	1115		THR	9
8UW3_A	1105	1	A	1116		PRO	9
8UW3_A	1106	1	A	1117		VAL	9
8UW3_A	1107	1	A	1118		ARG	9
8UW3_A	1108	1	A	1119		MET	9
8UW3_A	1109	1	A	1120		ALA	9
8UW3_A	1110	1	A	1121		ILE	9
8UW3_A	1111	1	A	1122		ILE	9
8UW3_A	1112	1	A	1123		LYS	9
8UW3_A	1113	1	A	1124		LYS	9
8UW3_A	1114	1	A	1125		SER	9
8UW3_A	1115	1	A	1126		GLY	9
8UW3_A	1116	1	A	1127		ASN	9
8UW3_A	1117	1	A	1128		ASN	9
8UW3_A	1118	1	A	1129		ARG	9
8UW3_A	1119	1	A	1130		CYS	9
8UW3_A	1120	1	A	1131		TRP	9
8UW3_A	1121	1	A	1132		ARG	9
8UW3_A	1122	1	A	1133		GLY	9
8UW3_A	1123	1	A	1134		CYS	9
8UW3_A	1124	1	A	1135		GLY	9
8UW3_A	1125	1	A	1136		GLU	9
8UW3_A	1126	1	A	1137		ILE	9
8UW3_A	1127	1	A	1138		GLY	9
8UW3_A	1128	1	A	1139		THR	9
8UW3_A	1129	1	A	1140		LEU	9
8UW3_A	1130	1	A	1141		LEU	9
8UW3_A	1131	1	A	1142		HIS	9
8UW3_A	1132	1	A	1143		CYS	9
8UW3_A	1133	1	A	1144		TRP	9
8UW3_A	1134	1	A	1145		TRP	9
8UW3_A	1135	1	A	1146		ASP	9
8UW3_A	1136	1	A	1147		CYS	9
8UW3_A	1137	1	A	1148		LYS	9
8UW3_A	1138	1	A	1149		LEU	9
8UW3_A	1139	1	A	1150		VAL	9
8UW3_A	1140	1	A	1151		GLN	9
8UW3_A	1141	1	A	1152		PRO	9
8UW3_A	1142	1	A	1153		LEU	9
8UW3_A	1143	1	A	1154		TRP	9
8UW3_A	1144	1	A	1155		LYS	9
8UW3_A	1145	1	A	1156		SER	9
8UW3_A	1146	1	A	1157		VAL	9
8UW3_A	1147	1	A	1158		TRP	9
8UW3_A	1148	1	A	1159		ARG	9
8UW3_A	1149	1	A	1160		PHE	9
8UW3_A	1150	1	A	1161		LEU	9
8UW3_A	1151	1	A	1162		ARG	9
8UW3_A	1152	1	A	1163		ASP	9
8UW3_A	1153	1	A	1164		LEU	9
8UW3_A	1154	1	A	1165		GLU	9
8UW3_A	1155	1	A	1166		LEU	9
8UW3_A	1156	1	A	1167		GLU	9
8UW3_A	1157	1	A	1168		ILE	9
8UW3_A	1158	1	A	1169		PRO	9
8UW3_A	1159	1	A	1170		PHE	9
8UW3_A	1160	1	A	1171		ASP	9
8UW3_A	1161	1	A	1172		PRO	9
8UW3_A	1162	1	A	1173		ALA	9
8UW3_A	1163	1	A	1174		ILE	9
8UW3_A	1164	1	A	1175		PRO	9
8UW3_A	1165	1	A	1176		LEU	9
8UW3_A	1166	1	A	1177		LEU	9
8UW3_A	1167	1	A	1178		GLY	9
8UW3_A	1168	1	A	1179		ILE	9
8UW3_A	1169	1	A	1180		TYR	9
8UW3_A	1170	1	A	1181		PRO	9
8UW3_A	1171	1	A	1182		ASN	9
8UW3_A	1172	1	A	1183		GLU	9
8UW3_A	1173	1	A	1184		TYR	9
8UW3_A	1174	1	A	1185		LYS	9
8UW3_A	1175	1	A	1186		SER	9
8UW3_A	1176	1	A	1187		CYS	9
8UW3_A	1177	1	A	1188		CYS	9
8UW3_A	1178	1	A	1189		TYR	9
8UW3_A	1179	1	A	1190		LYS	9
8UW3_A	1180	1	A	1191		ASP	9
8UW3_A	1181	1	A	1192		THR	9
8UW3_A	1182	1	A	1193		CYS	9
8UW3_A	1183	1	A	1194		THR	9
8UW3_A	1184	1	A	1195		ARG	9
8UW3_A	1185	1	A	1196		MET	9
8UW3_A	1186	1	A	1197		PHE	9
8UW3_A	1187	1	A	1198		ILE	9
8UW3_A	1188	1	A	1199		ALA	9
8UW3_A	1189	1	A	1200		ALA	9
8UW3_A	1190	1	A	1201		LEU	9
8UW3_A	1191	1	A	1202		PHE	9
8UW3_A	1192	1	A	1203		THR	9
8UW3_A	1193	1	A	1204		ILE	9
8UW3_A	1194	1	A	1205		ALA	9
8UW3_A	1195	1	A	1206		LYS	9
8UW3_A	1196	1	A	1207		THR	9
8UW3_A	1197	1	A	1208		TRP	9
8UW3_A	1198	1	A	1209		ASN	9
8UW3_A	1199	1	A	1210		GLN	9
8UW3_A	1200	1	A	1211		PRO	9
8UW3_A	1201	1	A	1212		LYS	9
8UW3_A	1202	1	A	1213		CYS	9
8UW3_A	1203	1	A	1214		PRO	9
8UW3_A	1204	1	A	1215		THR	9
8UW3_A	1205	1	A	1216		MET	9
8UW3_A	1206	1	A	1217		ILE	9
8UW3_A	1207	1	A	1218		ASP	9
8UW3_A	1208	1	A	1219		TRP	9
8UW3_A	1209	1	A	1220		ILE	9
8UW3_A	1210	1	A	1221		LYS	9
8UW3_A	1211	1	A	1222		LYS	9
8UW3_A	1212	1	A	1223		MET	9
8UW3_A	1213	1	A	1224		TRP	9
8UW3_A	1214	1	A	1225		HIS	9
8UW3_A	1215	1	A	1226		ILE	9
8UW3_A	1216	1	A	1227		TYR	9
8UW3_A	1217	1	A	1228		THR	9
8UW3_A	1218	1	A	1229		MET	9
8UW3_A	1219	1	A	1230		GLU	9
8UW3_A	1220	1	A	1231		TYR	9
8UW3_A	1221	1	A	1232		TYR	9
8UW3_A	1222	1	A	1233		ALA	9
8UW3_A	1223	1	A	1234		ALA	9
8UW3_A	1224	1	A	1235		ILE	9
8UW3_A	1225	1	A	1236		LYS	9
8UW3_A	1226	1	A	1237		ASN	9
8UW3_A	1227	1	A	1238		ASP	9
8UW3_A	1228	1	A	1239		GLU	9
8UW3_A	1229	1	A	1240		PHE	9
8UW3_A	1230	1	A	1241		ILE	9
8UW3_A	1231	1	A	1242		SER	9
8UW3_A	1232	1	A	1243		PHE	9
8UW3_A	1233	1	A	1244		VAL	9
8UW3_A	1234	1	A	1245		GLY	9
8UW3_A	1235	1	A	1246		THR	9
8UW3_A	1236	1	A	1247		TRP	9
8UW3_A	1237	1	A	1248		MET	9
8UW3_A	1238	1	A	1249		LYS	9
8UW3_A	1239	1	A	1250		LEU	9
8UW3_A	1240	1	A	1251		GLU	9
8UW3_A	1241	1	A	1252		THR	9
8UW3_A	1242	1	A	1253		ILE	9
8UW3_A	1243	1	A	1254		ILE	9
8UW3_A	1244	1	A	1255		LEU	9
8UW3_A	1245	1	A	1256		SER	9
8UW3_A	1246	1	A	1257		LYS	9
8UW3_A	1247	1	A	1258		LEU	9
8UW3_A	1248	1	A	1259		SER	9
8UW3_A	1249	1	A	1260		GLN	9
8UW3_A	1250	1	A	1261		GLU	9
8UW3_A	1251	1	A	1262		GLN	9
8UW3_A	1252	1	A	1263		LYS	9
8UW3_A	1253	1	A	1264		THR	9
8UW3_A	1254	1	A	1265		LYS	9
8UW3_A	1255	1	A	1266		HIS	9
8UW3_A	1256	1	A	1267		ARG	9
8UW3_A	1257	1	A	1268		ILE	9
8UW3_A	1258	1	A	1269		PHE	9
8UW3_A	1259	1	A	1270		SER	9
8UW3_A	1260	1	A	1271		LEU	9
8UW3_A	1261	1	A	1272		ILE	9
8UW3_A	1262	1	A	1273		GLY	9
8UW3_A	1263	1	A	1274		GLY	9
8UW3_A	1264	1	A	1275		ASN	9
9C0I_A	0	1	A	1		MET	0
9C0I_A	1	1	A	2		ASN	0
9C0I_A	2	1	A	3		ASN	0
9C0I_A	3	1	A	4		ASP	0
9C0I_A	4	1	A	5		ASP	0
9C0I_A	5	1	A	6		TYR	0
9C0I_A	6	1	A	7		PRO	0
9C0I_A	7	1	A	8		TRP	0
9C0I_A	8	1	A	9		PHE	0
9C0I_A	9	1	A	10		ARG	0
9C0I_A	10	1	A	11		LYS	0
9C0I_A	11	1	A	12		ARG	0
9C0I_A	12	1	A	13		GLY	0
9C0I_A	13	1	A	14		TYR	0
9C0I_A	14	1	A	15		LEU	0
9C0I_A	15	1	A	16		HIS	0
9C0I_A	16	1	A	17		PHE	0
9C0I_A	17	1	A	18		ASP	0
9C0I_A	18	1	A	19		GLU	0
9C0I_A	19	1	A	20		PRO	0
9C0I_A	20	1	A	21		VAL	0
9C0I_A	21	1	A	22		SER	0
9C0I_A	22	1	A	23		LEU	0
9C0I_A	23	1	A	24		LYS	0
9C0I_A	24	1	A	25		LYS	0
9C0I_A	25	1	A	26		ALA	0
9C0I_A	26	1	A	27		VAL	0
9C0I_A	27	1	A	28		LYS	0
9C0I_A	28	1	A	29		TYR	0
9C0I_A	29	1	A	30		VAL	0
9C0I_A	30	1	A	31		SER	0
9C0I_A	31	1	A	32		SER	0
9C0I_A	32	1	A	33		PRO	0
9C0I_A	33	1	A	34		GLU	0
9C0I_A	34	1	A	35		LYS	0
9C0I_A	35	1	A	36		ILE	0
9C0I_A	36	1	A	37		ILE	0
9C0I_A	37	1	A	38		LYS	0
9C0I_A	38	1	A	39		HIS	0
9C0I_A	39	1	A	40		SER	0
9C0I_A	40	1	A	41		PHE	0
9C0I_A	41	1	A	42		LEU	0
9C0I_A	42	1	A	43		PRO	0
9C0I_A	43	1	A	44		PHE	0
9C0I_A	44	1	A	45		LEU	0
9C0I_A	45	1	A	46		SER	0
9C0I_A	46	1	A	47		PHE	0
9C0I_A	47	1	A	48		GLU	0
9C0I_A	48	1	A	49		VAL	0
9C0I_A	49	1	A	50		LYS	0
9C0I_A	50	1	A	51		SER	0
9C0I_A	51	1	A	52		PHE	0
9C0I_A	52	1	A	53		LYS	0
9C0I_A	53	1	A	54		ILE	0
9C0I_A	54	1	A	55		LYS	0
9C0I_A	55	1	A	56		LYS	0
9C0I_A	56	1	A	57		ASP	0
9C0I_A	57	1	A	58		LYS	0
9C0I_A	58	1	A	59		SER	0
9C0I_A	59	1	A	60		THR	0
9C0I_A	60	1	A	61		LYS	0
9C0I_A	61	1	A	62		GLN	0
9C0I_A	62	1	A	63		LEU	0
9C0I_A	63	1	A	64		SER	0
9C0I_A	64	1	A	65		LYS	0
9C0I_A	65	1	A	66		THR	0
9C0I_A	66	1	A	67		GLU	0
9C0I_A	67	1	A	68		LYS	0
9C0I_A	68	1	A	69		LEU	0
9C0I_A	69	1	A	70		ARG	0
9C0I_A	70	1	A	71		PRO	0
9C0I_A	71	1	A	72		ILE	0
9C0I_A	72	1	A	73		ALA	0
9C0I_A	73	1	A	74		TYR	0
9C0I_A	74	1	A	75		SER	0
9C0I_A	75	1	A	76		SER	0
9C0I_A	76	1	A	77		HIS	0
9C0I_A	77	1	A	78		LEU	0
9C0I_A	78	1	A	79		ASP	0
9C0I_A	79	1	A	80		SER	0
9C0I_A	80	1	A	81		HIS	0
9C0I_A	81	1	A	82		ILE	0
9C0I_A	82	1	A	83		TYR	0
9C0I_A	83	1	A	84		ALA	0
9C0I_A	84	1	A	85		PHE	0
9C0I_A	85	1	A	86		TYR	1
9C0I_A	86	1	A	87		ALA	1
9C0I_A	87	1	A	88		GLU	1
9C0I_A	88	1	A	89		TYR	1
9C0I_A	89	1	A	90		LEU	1
9C0I_A	90	1	A	91		THR	1
9C0I_A	91	1	A	92		GLY	1
9C0I_A	92	1	A	93		HIS	1
9C0I_A	93	1	A	94		TYR	1
9C0I_A	94	1	A	95		GLU	1
9C0I_A	95	1	A	96		LEU	1
9C0I_A	96	1	A	97		LEU	1
9C0I_A	97	1	A	98		ILE	1
9C0I_A	98	1	A	99		GLN	1
9C0I_A	99	1	A	100		GLU	1
9C0I_A	100	1	A	101		ASN	1
9C0I_A	101	1	A	102		ASN	1
9C0I_A	102	1	A	103		LEU	1
9C0I_A	103	1	A	104		HIS	1
9C0I_A	104	1	A	105		GLU	1
9C0I_A	105	1	A	106		ASN	1
9C0I_A	106	1	A	107		ILE	1
9C0I_A	107	1	A	108		LEU	1
9C0I_A	108	1	A	109		ALA	1
9C0I_A	109	1	A	110		PHE	1
9C0I_A	110	1	A	111		ARG	1
9C0I_A	111	1	A	112		SER	1
9C0I_A	112	1	A	113		LEU	1
9C0I_A	113	1	A	114		ASN	1
9C0I_A	114	1	A	115		LYS	1
9C0I_A	115	1	A	116		SER	1
9C0I_A	116	1	A	117		ASN	1
9C0I_A	117	1	A	118		ILE	1
9C0I_A	118	1	A	119		GLU	1
9C0I_A	119	1	A	120		PHE	1
9C0I_A	120	1	A	121		ALA	1
9C0I_A	121	1	A	122		LYS	1
9C0I_A	122	1	A	123		ARG	1
9C0I_A	123	1	A	124		ALA	1
9C0I_A	124	1	A	125		PHE	1
9C0I_A	125	1	A	126		ASP	1
9C0I_A	126	1	A	127		THR	1
9C0I_A	127	1	A	128		ILE	1
9C0I_A	128	1	A	129		THR	1
9C0I_A	129	1	A	130		GLU	1
9C0I_A	130	1	A	131		MET	1
9C0I_A	131	1	A	132		GLY	1
9C0I_A	132	1	A	133		GLU	1
9C0I_A	133	1	A	134		CYS	1
9C0I_A	134	1	A	135		SER	1
9C0I_A	135	1	A	136		ALA	1
9C0I_A	136	1	A	137		VAL	1
9C0I_A	137	1	A	138		ALA	1
9C0I_A	138	1	A	139		LEU	1
9C0I_A	139	1	A	140		ASP	1
9C0I_A	140	1	A	141		LEU	1
9C0I_A	141	1	A	142		SER	1
9C0I_A	142	1	A	143		GLY	1
9C0I_A	143	1	A	144		PHE	1
9C0I_A	144	1	A	145		PHE	1
9C0I_A	145	1	A	146		ASP	1
9C0I_A	146	1	A	147		ASN	1
9C0I_A	147	1	A	148		LEU	1
9C0I_A	148	1	A	149		ASP	1
9C0I_A	149	1	A	150		HIS	1
9C0I_A	150	1	A	151		GLN	1
9C0I_A	151	1	A	152		ILE	1
9C0I_A	152	1	A	153		LEU	1
9C0I_A	153	1	A	154		LYS	1
9C0I_A	154	1	A	155		HIS	1
9C0I_A	155	1	A	156		GLN	1
9C0I_A	156	1	A	157		TRP	1
9C0I_A	157	1	A	158		CYS	1
9C0I_A	158	1	A	159		LYS	1
9C0I_A	159	1	A	160		VAL	1
9C0I_A	160	1	A	161		ILE	1
9C0I_A	161	1	A	162		GLY	1
9C0I_A	162	1	A	163		THR	1
9C0I_A	163	1	A	164		GLU	1
9C0I_A	164	1	A	165		ALA	1
9C0I_A	165	1	A	166		LEU	1
9C0I_A	166	1	A	167		PRO	1
9C0I_A	167	1	A	168		GLN	1
9C0I_A	168	1	A	169		ASP	1
9C0I_A	169	1	A	170		HIS	1
9C0I_A	170	1	A	171		PHE	1
9C0I_A	171	1	A	172		ALA	1
9C0I_A	172	1	A	173		ILE	1
9C0I_A	173	1	A	174		TYR	1
9C0I_A	174	1	A	175		LYS	1
9C0I_A	175	1	A	176		SER	1
9C0I_A	176	1	A	177		ILE	1
9C0I_A	177	1	A	178		THR	1
9C0I_A	178	1	A	179		ARG	1
9C0I_A	179	1	A	180		TYR	1
9C0I_A	180	1	A	181		SER	2
9C0I_A	181	1	A	182		LYS	2
9C0I_A	182	1	A	183		VAL	2
9C0I_A	183	1	A	184		ASP	2
9C0I_A	184	1	A	185		LYS	2
9C0I_A	185	1	A	186		ASN	2
9C0I_A	186	1	A	187		ARG	2
9C0I_A	187	1	A	188		ALA	2
9C0I_A	188	1	A	189		TYR	2
9C0I_A	189	1	A	190		GLU	2
9C0I_A	190	1	A	191		ILE	2
9C0I_A	191	1	A	192		LEU	2
9C0I_A	192	1	A	193		GLY	2
9C0I_A	193	1	A	194		ILE	2
9C0I_A	194	1	A	195		SER	2
9C0I_A	195	1	A	196		LYS	2
9C0I_A	196	1	A	197		ASN	2
9C0I_A	197	1	A	198		ASN	2
9C0I_A	198	1	A	199		PRO	2
9C0I_A	199	1	A	200		LYS	2
9C0I_A	200	1	A	201		TYR	2
9C0I_A	201	1	A	202		ASN	2
9C0I_A	202	1	A	203		ARG	2
9C0I_A	203	1	A	204		ARG	2
9C0I_A	204	1	A	205		LYS	2
9C0I_A	205	1	A	206		ILE	2
9C0I_A	206	1	A	207		CYS	2
9C0I_A	207	1	A	208		THR	2
9C0I_A	208	1	A	209		PRO	2
9C0I_A	209	1	A	210		VAL	2
9C0I_A	210	1	A	211		ASP	2
9C0I_A	211	1	A	212		PHE	2
9C0I_A	212	1	A	213		ARG	2
9C0I_A	213	1	A	214		ASN	2
9C0I_A	214	1	A	215		LYS	2
9C0I_A	215	1	A	216		ILE	2
9C0I_A	216	1	A	217		ARG	2
9C0I_A	217	1	A	218		LYS	2
9C0I_A	218	1	A	219		ASN	2
9C0I_A	219	1	A	220		GLY	2
9C0I_A	220	1	A	221		LEU	2
9C0I_A	221	1	A	222		ILE	2
9C0I_A	222	1	A	223		ILE	2
9C0I_A	223	1	A	224		VAL	1
9C0I_A	224	1	A	225		ASN	1
9C0I_A	225	1	A	226		ASN	1
9C0I_A	226	1	A	227		SER	1
9C0I_A	227	1	A	228		GLN	1
9C0I_A	228	1	A	229		LYS	1
9C0I_A	229	1	A	230		GLY	1
9C0I_A	230	1	A	231		ILE	1
9C0I_A	231	1	A	232		PRO	1
9C0I_A	232	1	A	233		GLN	1
9C0I_A	233	1	A	234		GLY	1
9C0I_A	234	1	A	235		SER	1
9C0I_A	235	1	A	236		PRO	1
9C0I_A	236	1	A	237		ILE	1
9C0I_A	237	1	A	238		SER	1
9C0I_A	238	1	A	239		ALA	1
9C0I_A	239	1	A	240		LEU	1
9C0I_A	240	1	A	241		LEU	1
9C0I_A	241	1	A	242		SER	1
9C0I_A	242	1	A	243		ASN	1
9C0I_A	243	1	A	244		ILE	1
9C0I_A	244	1	A	245		TYR	1
9C0I_A	245	1	A	246		MET	1
9C0I_A	246	1	A	247		LEU	1
9C0I_A	247	1	A	248		ASP	1
9C0I_A	248	1	A	249		PHE	1
9C0I_A	249	1	A	250		ASP	1
9C0I_A	250	1	A	251		ILE	1
9C0I_A	251	1	A	252		GLU	1
9C0I_A	252	1	A	253		MET	1
9C0I_A	253	1	A	254		ARG	1
9C0I_A	254	1	A	255		ASP	1
9C0I_A	255	1	A	256		TYR	1
9C0I_A	256	1	A	257		ALA	1
9C0I_A	257	1	A	258		GLN	1
9C0I_A	258	1	A	259		GLU	1
9C0I_A	259	1	A	260		ARG	1
9C0I_A	260	1	A	261		GLY	1
9C0I_A	261	1	A	262		GLY	1
9C0I_A	262	1	A	263		HIS	1
9C0I_A	263	1	A	264		TYR	1
9C0I_A	264	1	A	265		TYR	1
9C0I_A	265	1	A	266		ARG	1
9C0I_A	266	1	A	267		TYR	1
9C0I_A	267	1	A	268		CYS	1
9C0I_A	268	1	A	269		ASP	1
9C0I_A	269	1	A	270		ASP	1
9C0I_A	270	1	A	271		MET	1
9C0I_A	271	1	A	272		LEU	1
9C0I_A	272	1	A	273		PHE	1
9C0I_A	273	1	A	274		ILE	1
9C0I_A	274	1	A	275		VAL	1
9C0I_A	275	1	A	276		PRO	1
9C0I_A	276	1	A	277		THR	1
9C0I_A	277	1	A	278		LYS	1
9C0I_A	278	1	A	279		TYR	1
9C0I_A	279	1	A	280		ASN	1
9C0I_A	280	1	A	281		LYS	1
9C0I_A	281	1	A	282		THR	1
9C0I_A	282	1	A	283		LEU	1
9C0I_A	283	1	A	284		ALA	1
9C0I_A	284	1	A	285		GLY	1
9C0I_A	285	1	A	286		ASP	1
9C0I_A	286	1	A	287		VAL	1
9C0I_A	287	1	A	288		ALA	1
9C0I_A	288	1	A	289		GLN	1
9C0I_A	289	1	A	290		ARG	1
9C0I_A	290	1	A	291		ILE	1
9C0I_A	291	1	A	292		LYS	1
9C0I_A	292	1	A	293		HIS	1
9C0I_A	293	1	A	294		LEU	1
9C0I_A	294	1	A	295		LYS	1
9C0I_A	295	1	A	296		VAL	1
9C0I_A	296	1	A	297		GLU	1
9C0I_A	297	1	A	298		LEU	1
9C0I_A	298	1	A	299		ASN	1
9C0I_A	299	1	A	300		THR	1
9C0I_A	300	1	A	301		LYS	1
9C0I_A	301	1	A	302		LYS	1
9C0I_A	302	1	A	303		THR	1
9C0I_A	303	1	A	304		GLU	1
9C0I_A	304	1	A	305		ILE	1
9C0I_A	305	1	A	306		ARG	1
9C0I_A	306	1	A	307		ASP	1
9C0I_A	307	1	A	308		PHE	1
9C0I_A	308	1	A	309		ILE	1
9C0I_A	309	1	A	310		TYR	1
9C0I_A	310	1	A	311		LYS	1
9C0I_A	311	1	A	312		ASP	1
9C0I_A	312	1	A	313		SER	1
9C0I_A	313	1	A	314		THR	1
9C0I_A	314	1	A	315		LEU	1
9C0I_A	315	1	A	316		VAL	1
9C0I_A	316	1	A	317		ALA	1
9C0I_A	317	1	A	318		ASN	1
9C0I_A	318	1	A	319		MET	1
9C0I_A	319	1	A	320		PRO	1
9C0I_A	320	1	A	321		LEU	1
9C0I_A	321	1	A	322		GLN	1
9C0I_A	322	1	A	323		TYR	1
9C0I_A	323	1	A	324		LEU	1
9C0I_A	324	1	A	325		GLY	1
9C0I_A	325	1	A	326		PHE	1
9C0I_A	326	1	A	327		ILE	1
9C0I_A	327	1	A	328		PHE	1
9C0I_A	328	1	A	329		ASP	1
9C0I_A	329	1	A	330		GLY	1
9C0I_A	330	1	A	331		SER	1
9C0I_A	331	1	A	332		ASN	3
9C0I_A	332	1	A	333		ILE	3
9C0I_A	333	1	A	334		LEU	3
9C0I_A	334	1	A	335		LEU	3
9C0I_A	335	1	A	336		ARG	3
9C0I_A	336	1	A	337		SER	3
9C0I_A	337	1	A	338		SER	3
9C0I_A	338	1	A	339		SER	3
9C0I_A	339	1	A	340		LEU	3
9C0I_A	340	1	A	341		ALA	3
9C0I_A	341	1	A	342		ARG	3
9C0I_A	342	1	A	343		TYR	3
9C0I_A	343	1	A	344		SER	3
9C0I_A	344	1	A	345		GLU	3
9C0I_A	345	1	A	346		ARG	3
9C0I_A	346	1	A	347		MET	3
9C0I_A	347	1	A	348		LYS	3
9C0I_A	348	1	A	349		ARG	3
9C0I_A	349	1	A	350		GLY	3
9C0I_A	350	1	A	351		VAL	3
9C0I_A	351	1	A	352		ARG	3
9C0I_A	352	1	A	353		LEU	3
9C0I_A	353	1	A	354		ALA	3
9C0I_A	354	1	A	355		LYS	3
9C0I_A	355	1	A	356		ALA	3
9C0I_A	356	1	A	357		THR	3
9C0I_A	357	1	A	358		MET	3
9C0I_A	358	1	A	359		ASP	3
9C0I_A	359	1	A	360		SER	3
9C0I_A	360	1	A	361		LYS	3
9C0I_A	361	1	A	362		ASN	3
9C0I_A	362	1	A	363		ARG	3
9C0I_A	363	1	A	364		ILE	3
9C0I_A	364	1	A	365		ARG	3
9C0I_A	365	1	A	366		GLU	3
9C0I_A	366	1	A	367		ASN	3
9C0I_A	367	1	A	368		LYS	3
9C0I_A	368	1	A	369		GLY	3
9C0I_A	369	1	A	370		GLU	3
9C0I_A	370	1	A	371		ALA	3
9C0I_A	371	1	A	372		LEU	3
9C0I_A	372	1	A	373		LYS	3
9C0I_A	373	1	A	374		ALA	3
9C0I_A	374	1	A	375		LEU	3
9C0I_A	375	1	A	376		PHE	3
9C0I_A	376	1	A	377		LYS	3
9C0I_A	377	1	A	378		LYS	3
9C0I_A	378	1	A	379		LYS	3
9C0I_A	379	1	A	380		LEU	3
9C0I_A	380	1	A	381		TYR	3
9C0I_A	381	1	A	382		ALA	3
9C0I_A	382	1	A	383		ARG	3
9C0I_A	383	1	A	384		TYR	3
9C0I_A	384	1	A	385		SER	3
9C0I_A	385	1	A	386		HIS	3
9C0I_A	386	1	A	387		ILE	3
9C0I_A	387	1	A	388		GLY	3
9C0I_A	388	1	A	389		ARG	3
9C0I_A	389	1	A	390		ARG	3
9C0I_A	390	1	A	391		ASN	3
9C0I_A	391	1	A	392		PHE	3
9C0I_A	392	1	A	393		LEU	3
9C0I_A	393	1	A	394		THR	3
9C0I_A	394	1	A	395		TYR	3
9C0I_A	395	1	A	396		GLY	3
9C0I_A	396	1	A	397		TYR	3
9C0I_A	397	1	A	398		ARG	3
9C0I_A	398	1	A	399		ALA	3
9C0I_A	399	1	A	400		ALA	3
9C0I_A	400	1	A	401		LYS	3
9C0I_A	401	1	A	402		ILE	3
9C0I_A	402	1	A	403		MET	3
9C0I_A	403	1	A	404		ASN	3
9C0I_A	404	1	A	405		SER	3
9C0I_A	405	1	A	406		LYS	3
9C0I_A	406	1	A	407		ALA	3
9C0I_A	407	1	A	408		ILE	3
9C0I_A	408	1	A	409		LYS	3
9C0I_A	409	1	A	410		ARG	3
9C0I_A	410	1	A	411		GLN	3
9C0I_A	411	1	A	412		LEU	3
9C0I_A	412	1	A	413		LYS	3
9C0I_A	413	1	A	414		PRO	3
9C0I_A	414	1	A	415		LEU	3
9C0I_A	415	1	A	416		GLN	3
9C0I_A	416	1	A	417		LYS	3
9C0I_A	417	1	A	418		ARG	3
9C0I_A	418	1	A	419		LEU	3
9C0I_A	419	1	A	420		GLU	3
9C0I_A	420	1	A	421		ASN	3
9C0I_A	421	1	A	422		GLU	3
9C0I_A	422	1	A	423		ILE	3
9C0I_A	423	1	A	424		LEU	3
9C0I_A	424	1	A	425		LYS	3
9D4S_A	0	1	A	2		SER	1
9D4S_A	1	1	A	3		ARG	1
9D4S_A	2	1	A	4		LEU	1
9D4S_A	3	1	A	5		TYR	1
9D4S_A	4	1	A	6		LYS	1
9D4S_A	5	1	A	7		ASP	1
9D4S_A	6	1	A	8		ILE	1
9D4S_A	7	1	A	9		CYS	1
9D4S_A	8	1	A	10		SER	1
9D4S_A	9	1	A	11		LEU	1
9D4S_A	10	1	A	12		ARG	1
9D4S_A	11	1	A	13		THR	1
9D4S_A	12	1	A	14		LEU	1
9D4S_A	13	1	A	15		TYR	1
9D4S_A	14	1	A	16		GLY	1
9D4S_A	15	1	A	17		ALA	1
9D4S_A	16	1	A	18		TRP	1
9D4S_A	17	1	A	19		ARG	1
9D4S_A	18	1	A	20		LYS	1
9D4S_A	19	1	A	21		VAL	1
9D4S_A	20	1	A	22		ARG	1
9D4S_A	21	1	A	23		SER	1
9D4S_A	22	1	A	24		SER	1
9D4S_A	23	1	A	25		ALA	1
9D4S_A	24	1	A	26		PHE	1
9D4S_A	25	1	A	27		LEU	1
9D4S_A	26	1	A	28		SER	1
9D4S_A	27	1	A	29		SER	1
9D4S_A	28	1	A	30		SER	1
9D4S_A	29	1	A	31		ASP	1
9D4S_A	30	1	A	32		GLU	1
9D4S_A	31	1	A	33		ILE	1
9D4S_A	32	1	A	34		ARG	1
9D4S_A	33	1	A	35		ARG	1
9D4S_A	34	1	A	36		GLU	1
9D4S_A	35	1	A	37		ALA	1
9D4S_A	36	1	A	38		GLU	1
9D4S_A	37	1	A	39		GLU	1
9D4S_A	38	1	A	40		PHE	1
9D4S_A	39	1	A	41		GLU	1
9D4S_A	40	1	A	42		SER	1
9D4S_A	41	1	A	43		ARG	1
9D4S_A	42	1	A	44		LEU	1
9D4S_A	43	1	A	45		PRO	1
9D4S_A	44	1	A	46		ASP	1
9D4S_A	45	1	A	47		SER	1
9D4S_A	46	1	A	48		LEU	1
9D4S_A	47	1	A	49		ILE	1
9D4S_A	48	1	A	50		GLU	1
9D4S_A	49	1	A	51		ILE	1
9D4S_A	50	1	A	52		GLN	1
9D4S_A	51	1	A	53		HIS	1
9D4S_A	52	1	A	54		ALA	1
9D4S_A	53	1	A	55		LEU	1
9D4S_A	54	1	A	56		SER	1
9D4S_A	55	1	A	57		LYS	1
9D4S_A	56	1	A	58		GLN	1
9D4S_A	57	1	A	59		ILE	1
9D4S_A	58	1	A	60		PHE	1
9D4S_A	59	1	A	61		ILE	1
9D4S_A	60	1	A	62		PHE	1
9D4S_A	61	1	A	63		LEU	1
9D4S_A	62	1	A	64		GLN	1
9D4S_A	63	1	A	65		GLN	1
9D4S_A	64	1	A	66		THR	1
9D4S_A	65	1	A	67		GLY	1
9D4S_A	66	1	A	68		VAL	1
9D4S_A	67	1	A	69		ALA	1
9D4S_A	68	1	A	70		GLN	1
9D4S_A	69	1	A	71		LYS	1
9D4S_A	70	1	A	72		LYS	1
9D4S_A	71	1	A	73		PRO	1
9D4S_A	72	1	A	74		GLY	1
9D4S_A	73	1	A	75		GLY	1
9D4S_A	74	1	A	76		LYS	1
9D4S_A	75	1	A	77		SER	1
9D4S_A	76	1	A	78		ARG	1
9D4S_A	77	1	A	79		PRO	1
9D4S_A	78	1	A	80		LEU	1
9D4S_A	79	1	A	81		VAL	1
9D4S_A	80	1	A	82		LEU	1
9D4S_A	81	1	A	83		ALA	1
9D4S_A	82	1	A	84		PRO	1
9D4S_A	83	1	A	85		ILE	1
9D4S_A	84	1	A	86		PRO	1
9D4S_A	85	1	A	87		ASN	1
9D4S_A	86	1	A	88		ARG	1
9D4S_A	87	1	A	89		VAL	1
9D4S_A	88	1	A	90		VAL	1
9D4S_A	89	1	A	91		GLN	1
9D4S_A	90	1	A	92		ARG	1
9D4S_A	91	1	A	93		ALA	1
9D4S_A	92	1	A	94		LEU	1
9D4S_A	93	1	A	95		LEU	1
9D4S_A	94	1	A	96		ASP	1
9D4S_A	95	1	A	97		VAL	1
9D4S_A	96	1	A	98		LEU	1
9D4S_A	97	1	A	99		GLN	1
9D4S_A	98	1	A	100		ARG	1
9D4S_A	99	1	A	101		ARG	1
9D4S_A	100	1	A	102		VAL	1
9D4S_A	101	1	A	103		ARG	1
9D4S_A	102	1	A	104		LEU	1
9D4S_A	103	1	A	105		VAL	1
9D4S_A	104	1	A	106		LYS	1
9D4S_A	105	1	A	107		ARG	1
9D4S_A	106	1	A	108		VAL	1
9D4S_A	107	1	A	109		LEU	1
9D4S_A	108	1	A	110		GLY	1
9D4S_A	109	1	A	111		THR	1
9D4S_A	110	1	A	112		PRO	1
9D4S_A	111	1	A	113		THR	2
9D4S_A	112	1	A	114		SER	2
9D4S_A	113	1	A	115		TYR	2
9D4S_A	114	1	A	116		GLY	2
9D4S_A	115	1	A	117		GLY	2
9D4S_A	116	1	A	118		ILE	2
9D4S_A	117	1	A	119		PRO	2
9D4S_A	118	1	A	120		ASP	2
9D4S_A	119	1	A	121		LYS	2
9D4S_A	120	1	A	122		ARG	2
9D4S_A	121	1	A	123		VAL	2
9D4S_A	122	1	A	124		ALA	2
9D4S_A	123	1	A	125		MET	2
9D4S_A	124	1	A	126		ALA	2
9D4S_A	125	1	A	127		ILE	2
9D4S_A	126	1	A	128		ALA	2
9D4S_A	127	1	A	129		ASP	2
9D4S_A	128	1	A	130		ALA	2
9D4S_A	129	1	A	131		ARG	2
9D4S_A	130	1	A	132		GLU	2
9D4S_A	131	1	A	133		ALA	2
9D4S_A	132	1	A	134		MET	2
9D4S_A	133	1	A	135		ARG	2
9D4S_A	134	1	A	136		THR	2
9D4S_A	135	1	A	137		GLY	2
9D4S_A	136	1	A	138		ALA	2
9D4S_A	137	1	A	139		ARG	2
9D4S_A	138	1	A	140		PHE	2
9D4S_A	139	1	A	141		HIS	2
9D4S_A	140	1	A	142		ILE	2
9D4S_A	141	1	A	143		ARG	2
9D4S_A	142	1	A	144		SER	2
9D4S_A	143	1	A	145		ASP	2
9D4S_A	144	1	A	146		ILE	2
9D4S_A	145	1	A	147		PRO	2
9D4S_A	146	1	A	148		ALA	2
9D4S_A	147	1	A	149		PHE	2
9D4S_A	148	1	A	150		PHE	1
9D4S_A	149	1	A	151		THR	1
9D4S_A	150	1	A	152		LYS	1
9D4S_A	151	1	A	153		ILE	1
9D4S_A	152	1	A	154		ASN	1
9D4S_A	153	1	A	155		LYS	1
9D4S_A	154	1	A	156		ASP	1
9D4S_A	155	1	A	157		ARG	1
9D4S_A	156	1	A	158		VAL	1
9D4S_A	157	1	A	159		LEU	1
9D4S_A	158	1	A	160		GLU	1
9D4S_A	159	1	A	161		LEU	1
9D4S_A	160	1	A	162		LEU	1
9D4S_A	161	1	A	163		ARG	1
9D4S_A	162	1	A	164		PRO	1
9D4S_A	163	1	A	165		HIS	1
9D4S_A	164	1	A	166		LEU	1
9D4S_A	165	1	A	167		ASN	1
9D4S_A	166	1	A	168		CYS	1
9D4S_A	167	1	A	169		GLU	1
9D4S_A	168	1	A	170		ALA	1
9D4S_A	169	1	A	171		THR	1
9D4S_A	170	1	A	172		LEU	1
9D4S_A	171	1	A	173		LYS	1
9D4S_A	172	1	A	174		LEU	1
9D4S_A	173	1	A	175		PHE	1
9D4S_A	174	1	A	176		GLU	1
9D4S_A	175	1	A	177		GLU	1
9D4S_A	176	1	A	178		ALA	1
9D4S_A	177	1	A	179		ILE	1
9D4S_A	178	1	A	180		ARG	1
9D4S_A	179	1	A	181		THR	1
9D4S_A	180	1	A	182		ASP	1
9D4S_A	181	1	A	183		LEU	1
9D4S_A	182	1	A	184		ALA	1
9D4S_A	183	1	A	185		ASN	1
9D4S_A	184	1	A	186		ILE	1
9D4S_A	185	1	A	187		ASP	1
9D4S_A	186	1	A	188		ASP	1
9D4S_A	187	1	A	189		LEU	1
9D4S_A	188	1	A	190		ARG	1
9D4S_A	189	1	A	191		ARG	1
9D4S_A	190	1	A	192		LYS	1
9D4S_A	191	1	A	193		GLY	1
9D4S_A	192	1	A	194		LEU	1
9D4S_A	193	1	A	195		ASP	1
9D4S_A	194	1	A	196		GLU	1
9D4S_A	195	1	A	197		ILE	1
9D4S_A	196	1	A	198		PHE	1
9D4S_A	197	1	A	199		PRO	1
9D4S_A	198	1	A	200		ILE	1
9D4S_A	199	1	A	201		GLY	1
9D4S_A	200	1	A	202		ILE	1
9D4S_A	201	1	A	203		GLU	1
9D4S_A	202	1	A	204		GLY	1
9D4S_A	203	1	A	205		VAL	1
9D4S_A	204	1	A	206		ALA	1
9D4S_A	205	1	A	207		GLN	1
9D4S_A	206	1	A	208		GLY	1
9D4S_A	207	1	A	209		SER	1
9D4S_A	208	1	A	210		PRO	1
9D4S_A	209	1	A	211		LEU	1
9D4S_A	210	1	A	212		SER	1
9D4S_A	211	1	A	213		PRO	1
9D4S_A	212	1	A	214		LEU	1
9D4S_A	213	1	A	215		LEU	1
9D4S_A	214	1	A	216		ALA	2
9D4S_A	215	1	A	217		ASN	2
9D4S_A	216	1	A	218		ILE	2
9D4S_A	217	1	A	219		TYR	2
9D4S_A	218	1	A	220		LEU	2
9D4S_A	219	1	A	221		ALA	2
9D4S_A	220	1	A	222		ASP	2
9D4S_A	221	1	A	223		PHE	2
9D4S_A	222	1	A	224		ASP	2
9D4S_A	223	1	A	225		LEU	2
9D4S_A	224	1	A	226		ALA	2
9D4S_A	225	1	A	227		MET	2
9D4S_A	226	1	A	228		ASN	2
9D4S_A	227	1	A	229		SER	2
9D4S_A	228	1	A	230		ASN	2
9D4S_A	229	1	A	231		GLY	2
9D4S_A	230	1	A	232		ILE	2
9D4S_A	231	1	A	233		THR	2
9D4S_A	232	1	A	234		CYS	2
9D4S_A	233	1	A	235		LEU	2
9D4S_A	234	1	A	236		ARG	2
9D4S_A	235	1	A	237		TYR	2
9D4S_A	236	1	A	238		ILE	2
9D4S_A	237	1	A	239		ASP	2
9D4S_A	238	1	A	240		ASP	2
9D4S_A	239	1	A	241		PHE	2
9D4S_A	240	1	A	242		LEU	2
9D4S_A	241	1	A	243		LEU	2
9D4S_A	242	1	A	244		LEU	2
9D4S_A	243	1	A	245		GLY	2
9D4S_A	244	1	A	246		ALA	2
9D4S_A	245	1	A	247		SER	2
9D4S_A	246	1	A	248		LEU	2
9D4S_A	247	1	A	249		SER	2
9D4S_A	248	1	A	250		ASP	2
9D4S_A	249	1	A	251		VAL	2
9D4S_A	250	1	A	252		ASP	2
9D4S_A	251	1	A	253		LYS	2
9D4S_A	252	1	A	254		ALA	2
9D4S_A	253	1	A	255		PHE	2
9D4S_A	254	1	A	256		ASN	2
9D4S_A	255	1	A	257		ARG	2
9D4S_A	256	1	A	258		ALA	2
9D4S_A	257	1	A	259		LEU	2
9D4S_A	258	1	A	260		LYS	2
9D4S_A	259	1	A	261		GLU	2
9D4S_A	260	1	A	262		LEU	2
9D4S_A	261	1	A	263		GLY	2
9D4S_A	262	1	A	264		LYS	2
9D4S_A	263	1	A	265		ILE	2
9D4S_A	264	1	A	266		GLY	2
9D4S_A	265	1	A	267		LEU	2
9D4S_A	266	1	A	268		GLU	2
9D4S_A	267	1	A	269		ALA	2
9D4S_A	268	1	A	270		TYR	2
9D4S_A	269	1	A	271		ASP	2
9D4S_A	270	1	A	272		PRO	2
9D4S_A	271	1	A	273		ARG	2
9D4S_A	272	1	A	274		THR	2
9D4S_A	273	1	A	275		ASP	2
9D4S_A	274	1	A	276		LYS	2
9D4S_A	275	1	A	277		THR	2
9D4S_A	276	1	A	278		LYS	2
9D4S_A	277	1	A	279		ALA	2
9D4S_A	278	1	A	280		SER	2
9D4S_A	279	1	A	281		ARG	2
9D4S_A	280	1	A	282		GLY	2
9D4S_A	281	1	A	283		ALA	2
9D4S_A	282	1	A	284		THR	2
9D4S_A	283	1	A	285		GLU	2
9D4S_A	284	1	A	286		ILE	2
9D4S_A	285	1	A	287		GLY	2
9D4S_A	286	1	A	288		PHE	2
9D4S_A	287	1	A	289		ASP	2
9D4S_A	288	1	A	290		PHE	2
9D4S_A	289	1	A	291		LEU	2
9D4S_A	290	1	A	292		GLY	2
9D4S_A	291	1	A	293		CYS	2
9D4S_A	292	1	A	294		ASN	2
9D4S_A	293	1	A	295		VAL	2
9D4S_A	294	1	A	296		SER	2
9D4S_A	295	1	A	297		PRO	2
9D4S_A	296	1	A	298		GLY	2
9D4S_A	297	1	A	299		LEU	2
9D4S_A	298	1	A	300		ILE	2
9D4S_A	299	1	A	301		GLN	3
9D4S_A	300	1	A	302		PRO	3
9D4S_A	301	1	A	303		SER	3
9D4S_A	302	1	A	304		GLU	3
9D4S_A	303	1	A	305		ALA	3
9D4S_A	304	1	A	306		THR	3
9D4S_A	305	1	A	307		ARG	3
9D4S_A	306	1	A	308		ARG	3
9D4S_A	307	1	A	309		ARG	3
9D4S_A	308	1	A	310		PHE	3
9D4S_A	309	1	A	311		ARG	3
9D4S_A	310	1	A	312		ALA	3
9D4S_A	311	1	A	313		LYS	3
9D4S_A	312	1	A	314		LEU	3
9D4S_A	313	1	A	315		ASP	3
9D4S_A	314	1	A	316		ALA	3
9D4S_A	315	1	A	317		GLU	3
9D4S_A	316	1	A	318		PHE	3
9D4S_A	317	1	A	319		VAL	3
9D4S_A	318	1	A	320		ALA	3
9D4S_A	319	1	A	321		ALA	3
9D4S_A	320	1	A	322		SER	3
9D4S_A	321	1	A	323		HIS	3
9D4S_A	322	1	A	324		ALA	3
9D4S_A	323	1	A	325		LEU	3
9D4S_A	324	1	A	326		ARG	3
9D4S_A	325	1	A	327		TYR	3
9D4S_A	326	1	A	328		ASN	3
9D4S_A	327	1	A	329		ALA	3
9D4S_A	328	1	A	330		GLN	3
9D4S_A	329	1	A	331		TYR	3
9D4S_A	330	1	A	332		GLN	3
9D4S_A	331	1	A	333		ASP	3
9D4S_A	332	1	A	334		GLY	3
9D4S_A	333	1	A	335		ASP	3
9D4S_A	334	1	A	336		GLY	3
9D4S_A	335	1	A	337		LYS	3
9D4S_A	336	1	A	338		TYR	3
9D4S_A	337	1	A	339		SER	3
9D4S_A	338	1	A	340		TYR	3
9D4S_A	339	1	A	341		SER	3
9D4S_A	340	1	A	342		SER	3
9D4S_A	341	1	A	343		ALA	3
9D4S_A	342	1	A	344		LEU	3
9D4S_A	343	1	A	345		TYR	3
9D4S_A	344	1	A	346		ARG	3
9D4S_A	345	1	A	347		ILE	3
9D4S_A	346	1	A	348		ASP	3
9D4S_A	347	1	A	349		LYS	3
9D4S_A	348	1	A	350		ILE	3
9D4S_A	349	1	A	351		ILE	3
9D4S_A	350	1	A	352		LEU	3
9D4S_A	351	1	A	353		GLY	3
9D4S_A	352	1	A	354		TRP	3
9D4S_A	353	1	A	355		GLY	3
9D4S_A	354	1	A	356		LYS	3
9D4S_A	355	1	A	357		ALA	3
9D4S_A	356	1	A	358		PHE	3
9D4S_A	357	1	A	359		THR	3
9D4S_A	358	1	A	360		PHE	3
9D4S_A	359	1	A	361		CYS	3
9D4S_A	360	1	A	362		ASN	3
9D4S_A	361	1	A	363		GLY	3
9D4S_A	362	1	A	364		SER	3
9D4S_A	363	1	A	365		GLN	3
9D4S_A	364	1	A	366		CYS	3
9D4S_A	365	1	A	367		MET	3
9D4S_A	366	1	A	368		ILE	3
9D4S_A	367	1	A	369		ALA	3
9D4S_A	368	1	A	370		LEU	3
9D4S_A	369	1	A	371		ASP	3
9D4S_A	370	1	A	372		ASP	3
9D4S_A	371	1	A	373		PHE	3
9D4S_A	372	1	A	374		ILE	3
9D4S_A	373	1	A	375		SER	3
9D4S_A	374	1	A	376		ASN	3
9D4S_A	375	1	A	377		LYS	3
9D4S_A	376	1	A	378		LEU	3
9D4S_A	377	1	A	379		ALA	3
9D4S_A	378	1	A	380		GLN	3
9D4S_A	379	1	A	381		LEU	3
9D4S_A	380	1	A	382		GLU	3
9D4S_A	381	1	A	383		ALA	3
9D4S_A	382	1	A	384		GLU	3
9D4S_A	383	1	A	385		LYS	3
9D4S_A	384	1	A	386		ILE	3
9D4S_A	385	1	A	387		ALA	3
9D4S_A	386	1	A	388		ILE	3
9D4S_A	387	1	A	389		LEU	3
9D4S_A	388	1	A	390		ALA	3
9D4S_A	389	1	A	391		ASN	3
9D4S_A	390	1	A	392		SER	3
9D4S_A	391	1	A	393		ASP	3
9D4S_A	392	1	A	394		SER	3
9D4S_A	393	1	A	395		THR	3
9D4S_A	394	1	A	396		VAL	3
9D4S_A	395	1	A	397		ARG	3
9D4S_A	396	1	A	398		ARG	3
9D4S_A	397	1	A	399		ARG	3
9D4S_A	398	1	A	400		VAL	3
9D4S_A	399	1	A	401		LEU	3
9D4S_A	400	1	A	402		GLY	3
9D4S_A	401	1	A	403		VAL	3
9D4S_A	402	1	A	404		ARG	3
9D4S_A	403	1	A	405		LEU	3
9D4S_A	404	1	A	406		LEU	3
9D4S_A	405	1	A	407		ILE	3
9D4S_A	406	1	A	408		ASP	3
9D4S_A	407	1	A	409		ILE	3
9D5X_A	0	1	A	1		MET	1
9D5X_A	1	1	A	2		SER	1
9D5X_A	2	1	A	3		ARG	1
9D5X_A	3	1	A	4		LEU	1
9D5X_A	4	1	A	5		TYR	1
9D5X_A	5	1	A	6		LYS	1
9D5X_A	6	1	A	7		ASP	1
9D5X_A	7	1	A	8		ILE	1
9D5X_A	8	1	A	9		CYS	1
9D5X_A	9	1	A	10		SER	1
9D5X_A	10	1	A	11		LEU	1
9D5X_A	11	1	A	12		ARG	1
9D5X_A	12	1	A	13		THR	1
9D5X_A	13	1	A	14		LEU	1
9D5X_A	14	1	A	15		TYR	1
9D5X_A	15	1	A	16		GLY	1
9D5X_A	16	1	A	17		ALA	1
9D5X_A	17	1	A	18		TRP	1
9D5X_A	18	1	A	19		ARG	1
9D5X_A	19	1	A	20		LYS	1
9D5X_A	20	1	A	21		VAL	1
9D5X_A	21	1	A	22		ARG	1
9D5X_A	22	1	A	23		SER	1
9D5X_A	23	1	A	24		SER	1
9D5X_A	24	1	A	25		ALA	1
9D5X_A	25	1	A	26		PHE	1
9D5X_A	26	1	A	27		LEU	1
9D5X_A	27	1	A	28		SER	1
9D5X_A	28	1	A	29		SER	1
9D5X_A	29	1	A	30		SER	1
9D5X_A	30	1	A	31		ASP	1
9D5X_A	31	1	A	32		GLU	1
9D5X_A	32	1	A	33		ILE	1
9D5X_A	33	1	A	34		ARG	1
9D5X_A	34	1	A	35		ARG	1
9D5X_A	35	1	A	36		GLU	1
9D5X_A	36	1	A	37		ALA	1
9D5X_A	37	1	A	38		GLU	1
9D5X_A	38	1	A	39		GLU	1
9D5X_A	39	1	A	40		PHE	1
9D5X_A	40	1	A	41		GLU	1
9D5X_A	41	1	A	42		SER	1
9D5X_A	42	1	A	43		ARG	1
9D5X_A	43	1	A	44		LEU	1
9D5X_A	44	1	A	45		PRO	1
9D5X_A	45	1	A	46		ASP	1
9D5X_A	46	1	A	47		SER	1
9D5X_A	47	1	A	48		LEU	1
9D5X_A	48	1	A	49		ILE	1
9D5X_A	49	1	A	50		GLU	1
9D5X_A	50	1	A	51		ILE	1
9D5X_A	51	1	A	52		GLN	1
9D5X_A	52	1	A	53		HIS	1
9D5X_A	53	1	A	54		ALA	1
9D5X_A	54	1	A	55		LEU	1
9D5X_A	55	1	A	56		SER	1
9D5X_A	56	1	A	57		LYS	1
9D5X_A	57	1	A	58		GLN	1
9D5X_A	58	1	A	59		ILE	1
9D5X_A	59	1	A	60		PHE	1
9D5X_A	60	1	A	61		ILE	1
9D5X_A	61	1	A	62		PHE	1
9D5X_A	62	1	A	63		LEU	1
9D5X_A	63	1	A	64		GLN	1
9D5X_A	64	1	A	79		PRO	1
9D5X_A	65	1	A	80		LEU	1
9D5X_A	66	1	A	81		VAL	1
9D5X_A	67	1	A	82		LEU	1
9D5X_A	68	1	A	83		ALA	1
9D5X_A	69	1	A	84		PRO	1
9D5X_A	70	1	A	85		ILE	1
9D5X_A	71	1	A	86		PRO	1
9D5X_A	72	1	A	87		ASN	1
9D5X_A	73	1	A	88		ARG	1
9D5X_A	74	1	A	89		VAL	1
9D5X_A	75	1	A	90		VAL	1
9D5X_A	76	1	A	91		GLN	1
9D5X_A	77	1	A	92		ARG	1
9D5X_A	78	1	A	93		ALA	1
9D5X_A	79	1	A	94		LEU	1
9D5X_A	80	1	A	95		LEU	1
9D5X_A	81	1	A	96		ASP	1
9D5X_A	82	1	A	97		VAL	1
9D5X_A	83	1	A	98		LEU	1
9D5X_A	84	1	A	99		GLN	1
9D5X_A	85	1	A	100		ARG	1
9D5X_A	86	1	A	101		ARG	1
9D5X_A	87	1	A	102		VAL	1
9D5X_A	88	1	A	103		ARG	1
9D5X_A	89	1	A	104		LEU	1
9D5X_A	90	1	A	105		VAL	1
9D5X_A	91	1	A	106		LYS	1
9D5X_A	92	1	A	107		ARG	1
9D5X_A	93	1	A	108		VAL	1
9D5X_A	94	1	A	109		LEU	1
9D5X_A	95	1	A	110		GLY	1
9D5X_A	96	1	A	111		THR	1
9D5X_A	97	1	A	112		PRO	1
9D5X_A	98	1	A	113		THR	1
9D5X_A	99	1	A	114		SER	1
9D5X_A	100	1	A	115		TYR	1
9D5X_A	101	1	A	121		LYS	1
9D5X_A	102	1	A	122		ARG	1
9D5X_A	103	1	A	123		VAL	1
9D5X_A	104	1	A	124		ALA	1
9D5X_A	105	1	A	125		MET	1
9D5X_A	106	1	A	126		ALA	1
9D5X_A	107	1	A	127		ILE	1
9D5X_A	108	1	A	128		ALA	1
9D5X_A	109	1	A	129		ASP	1
9D5X_A	110	1	A	130		ALA	1
9D5X_A	111	1	A	131		ARG	1
9D5X_A	112	1	A	132		GLU	1
9D5X_A	113	1	A	133		ALA	1
9D5X_A	114	1	A	134		MET	1
9D5X_A	115	1	A	135		ARG	1
9D5X_A	116	1	A	136		THR	1
9D5X_A	117	1	A	137		GLY	1
9D5X_A	118	1	A	138		ALA	1
9D5X_A	119	1	A	139		ARG	1
9D5X_A	120	1	A	140		PHE	1
9D5X_A	121	1	A	141		HIS	1
9D5X_A	122	1	A	142		ILE	1
9D5X_A	123	1	A	143		ARG	1
9D5X_A	124	1	A	144		SER	1
9D5X_A	125	1	A	145		ASP	1
9D5X_A	126	1	A	146		ILE	1
9D5X_A	127	1	A	147		PRO	1
9D5X_A	128	1	A	148		ALA	1
9D5X_A	129	1	A	149		PHE	1
9D5X_A	130	1	A	150		PHE	1
9D5X_A	131	1	A	151		THR	1
9D5X_A	132	1	A	152		LYS	1
9D5X_A	133	1	A	153		ILE	1
9D5X_A	134	1	A	154		ASN	1
9D5X_A	135	1	A	155		LYS	1
9D5X_A	136	1	A	156		ASP	1
9D5X_A	137	1	A	157		ARG	1
9D5X_A	138	1	A	158		VAL	1
9D5X_A	139	1	A	159		LEU	1
9D5X_A	140	1	A	160		GLU	1
9D5X_A	141	1	A	161		LEU	1
9D5X_A	142	1	A	162		LEU	1
9D5X_A	143	1	A	163		ARG	1
9D5X_A	144	1	A	164		PRO	1
9D5X_A	145	1	A	165		HIS	1
9D5X_A	146	1	A	166		LEU	1
9D5X_A	147	1	A	167		ASN	1
9D5X_A	148	1	A	168		CYS	1
9D5X_A	149	1	A	169		GLU	1
9D5X_A	150	1	A	170		ALA	1
9D5X_A	151	1	A	171		THR	1
9D5X_A	152	1	A	172		LEU	1
9D5X_A	153	1	A	173		LYS	1
9D5X_A	154	1	A	174		LEU	1
9D5X_A	155	1	A	175		PHE	1
9D5X_A	156	1	A	176		GLU	1
9D5X_A	157	1	A	177		GLU	1
9D5X_A	158	1	A	178		ALA	1
9D5X_A	159	1	A	179		ILE	1
9D5X_A	160	1	A	180		ARG	1
9D5X_A	161	1	A	181		THR	1
9D5X_A	162	1	A	182		ASP	1
9D5X_A	163	1	A	183		LEU	1
9D5X_A	164	1	A	184		ALA	1
9D5X_A	165	1	A	185		ASN	1
9D5X_A	166	1	A	186		ILE	1
9D5X_A	167	1	A	187		ASP	1
9D5X_A	168	1	A	188		ASP	1
9D5X_A	169	1	A	189		LEU	1
9D5X_A	170	1	A	190		ARG	1
9D5X_A	171	1	A	191		ARG	1
9D5X_A	172	1	A	192		LYS	1
9D5X_A	173	1	A	193		GLY	1
9D5X_A	174	1	A	194		LEU	1
9D5X_A	175	1	A	195		ASP	1
9D5X_A	176	1	A	196		GLU	1
9D5X_A	177	1	A	197		ILE	1
9D5X_A	178	1	A	198		PHE	1
9D5X_A	179	1	A	199		PRO	1
9D5X_A	180	1	A	200		ILE	1
9D5X_A	181	1	A	201		GLY	1
9D5X_A	182	1	A	202		ILE	1
9D5X_A	183	1	A	203		GLU	1
9D5X_A	184	1	A	204		GLY	1
9D5X_A	185	1	A	205		VAL	1
9D5X_A	186	1	A	206		ALA	1
9D5X_A	187	1	A	207		GLN	1
9D5X_A	188	1	A	208		GLY	1
9D5X_A	189	1	A	209		SER	1
9D5X_A	190	1	A	210		PRO	1
9D5X_A	191	1	A	211		LEU	1
9D5X_A	192	1	A	212		SER	1
9D5X_A	193	1	A	213		PRO	1
9D5X_A	194	1	A	214		LEU	1
9D5X_A	195	1	A	215		LEU	1
9D5X_A	196	1	A	216		ALA	1
9D5X_A	197	1	A	217		ASN	1
9D5X_A	198	1	A	218		ILE	1
9D5X_A	199	1	A	219		TYR	1
9D5X_A	200	1	A	220		LEU	1
9D5X_A	201	1	A	221		ALA	1
9D5X_A	202	1	A	222		ASP	1
9D5X_A	203	1	A	223		PHE	1
9D5X_A	204	1	A	224		ASP	1
9D5X_A	205	1	A	225		LEU	1
9D5X_A	206	1	A	226		ALA	1
9D5X_A	207	1	A	227		MET	1
9D5X_A	208	1	A	228		ASN	1
9D5X_A	209	1	A	229		SER	1
9D5X_A	210	1	A	230		ASN	1
9D5X_A	211	1	A	231		GLY	1
9D5X_A	212	1	A	232		ILE	1
9D5X_A	213	1	A	233		THR	1
9D5X_A	214	1	A	234		CYS	1
9D5X_A	215	1	A	235		LEU	1
9D5X_A	216	1	A	236		ARG	1
9D5X_A	217	1	A	237		TYR	1
9D5X_A	218	1	A	238		ILE	1
9D5X_A	219	1	A	239		ASP	1
9D5X_A	220	1	A	240		ASP	1
9D5X_A	221	1	A	241		PHE	1
9D5X_A	222	1	A	242		LEU	1
9D5X_A	223	1	A	243		LEU	1
9D5X_A	224	1	A	244		LEU	1
9D5X_A	225	1	A	245		GLY	1
9D5X_A	226	1	A	246		ALA	1
9D5X_A	227	1	A	247		SER	1
9D5X_A	228	1	A	248		LEU	1
9D5X_A	229	1	A	249		SER	1
9D5X_A	230	1	A	250		ASP	1
9D5X_A	231	1	A	251		VAL	1
9D5X_A	232	1	A	252		ASP	1
9D5X_A	233	1	A	253		LYS	1
9D5X_A	234	1	A	254		ALA	1
9D5X_A	235	1	A	255		PHE	1
9D5X_A	236	1	A	256		ASN	1
9D5X_A	237	1	A	257		ARG	1
9D5X_A	238	1	A	258		ALA	1
9D5X_A	239	1	A	259		LEU	1
9D5X_A	240	1	A	260		LYS	1
9D5X_A	241	1	A	261		GLU	1
9D5X_A	242	1	A	262		LEU	1
9D5X_A	243	1	A	263		GLY	1
9D5X_A	244	1	A	264		LYS	1
9D5X_A	245	1	A	265		ILE	1
9D5X_A	246	1	A	266		GLY	1
9D5X_A	247	1	A	267		LEU	1
9D5X_A	248	1	A	268		GLU	1
9D5X_A	249	1	A	269		ALA	1
9D5X_A	250	1	A	270		TYR	1
9D5X_A	251	1	A	271		ASP	1
9D5X_A	252	1	A	272		PRO	1
9D5X_A	253	1	A	273		ARG	1
9D5X_A	254	1	A	274		THR	1
9D5X_A	255	1	A	275		ASP	1
9D5X_A	256	1	A	276		LYS	1
9D5X_A	257	1	A	277		THR	1
9D5X_A	258	1	A	278		LYS	1
9D5X_A	259	1	A	279		ALA	1
9D5X_A	260	1	A	280		SER	1
9D5X_A	261	1	A	281		ARG	1
9D5X_A	262	1	A	282		GLY	1
9D5X_A	263	1	A	283		ALA	1
9D5X_A	264	1	A	284		THR	1
9D5X_A	265	1	A	285		GLU	1
9D5X_A	266	1	A	286		ILE	1
9D5X_A	267	1	A	287		GLY	1
9D5X_A	268	1	A	288		PHE	1
9D5X_A	269	1	A	289		ASP	1
9D5X_A	270	1	A	290		PHE	1
9D5X_A	271	1	A	291		LEU	1
9D5X_A	272	1	A	292		GLY	1
9D5X_A	273	1	A	293		CYS	1
9D5X_A	274	1	A	294		ASN	1
9D5X_A	275	1	A	295		VAL	1
9D5X_A	276	1	A	296		SER	1
9D5X_A	277	1	A	297		PRO	1
9D5X_A	278	1	A	298		GLY	1
9D5X_A	279	1	A	299		LEU	1
9D5X_A	280	1	A	300		ILE	1
9D5X_A	281	1	A	301		GLN	1
9D5X_A	282	1	A	302		PRO	1
9D5X_A	283	1	A	303		SER	1
9D5X_A	284	1	A	304		GLU	1
9D5X_A	285	1	A	305		ALA	1
9D5X_A	286	1	A	306		THR	1
9D5X_A	287	1	A	307		ARG	1
9D5X_A	288	1	A	308		ARG	1
9D5X_A	289	1	A	309		ARG	1
9D5X_A	290	1	A	310		PHE	2
9D5X_A	291	1	A	311		ARG	2
9D5X_A	292	1	A	312		ALA	2
9D5X_A	293	1	A	313		LYS	2
9D5X_A	294	1	A	314		LEU	2
9D5X_A	295	1	A	315		ASP	2
9D5X_A	296	1	A	316		ALA	2
9D5X_A	297	1	A	317		GLU	2
9D5X_A	298	1	A	318		PHE	2
9D5X_A	299	1	A	319		VAL	2
9D5X_A	300	1	A	320		ALA	2
9D5X_A	301	1	A	321		ALA	2
9D5X_A	302	1	A	322		SER	2
9D5X_A	303	1	A	323		HIS	2
9D5X_A	304	1	A	324		ALA	2
9D5X_A	305	1	A	325		LEU	2
9D5X_A	306	1	A	326		ARG	2
9D5X_A	307	1	A	327		TYR	2
9D5X_A	308	1	A	328		ASN	2
9D5X_A	309	1	A	329		ALA	2
9D5X_A	310	1	A	330		GLN	2
9D5X_A	311	1	A	331		TYR	2
9D5X_A	312	1	A	332		GLN	2
9D5X_A	313	1	A	333		ASP	2
9D5X_A	314	1	A	334		GLY	2
9D5X_A	315	1	A	335		ASP	2
9D5X_A	316	1	A	336		GLY	2
9D5X_A	317	1	A	337		LYS	2
9D5X_A	318	1	A	338		TYR	2
9D5X_A	319	1	A	339		SER	2
9D5X_A	320	1	A	340		TYR	2
9D5X_A	321	1	A	341		SER	2
9D5X_A	322	1	A	342		SER	2
9D5X_A	323	1	A	343		ALA	2
9D5X_A	324	1	A	344		LEU	2
9D5X_A	325	1	A	345		TYR	2
9D5X_A	326	1	A	346		ARG	2
9D5X_A	327	1	A	347		ILE	2
9D5X_A	328	1	A	348		ASP	2
9D5X_A	329	1	A	349		LYS	2
9D5X_A	330	1	A	350		ILE	2
9D5X_A	331	1	A	351		ILE	2
9D5X_A	332	1	A	352		LEU	2
9D5X_A	333	1	A	353		GLY	2
9D5X_A	334	1	A	354		TRP	2
9D5X_A	335	1	A	355		GLY	2
9D5X_A	336	1	A	356		LYS	2
9D5X_A	337	1	A	357		ALA	2
9D5X_A	338	1	A	358		PHE	2
9D5X_A	339	1	A	359		THR	2
9D5X_A	340	1	A	360		PHE	2
9D5X_A	341	1	A	361		CYS	2
9D5X_A	342	1	A	362		ASN	2
9D5X_A	343	1	A	363		GLY	2
9D5X_A	344	1	A	364		SER	2
9D5X_A	345	1	A	365		GLN	2
9D5X_A	346	1	A	366		CYS	2
9D5X_A	347	1	A	367		MET	2
9D5X_A	348	1	A	368		ILE	2
9D5X_A	349	1	A	369		ALA	2
9D5X_A	350	1	A	370		LEU	2
9D5X_A	351	1	A	371		ASP	2
9D5X_A	352	1	A	372		ASP	2
9D5X_A	353	1	A	373		PHE	2
9D5X_A	354	1	A	374		ILE	2
9D5X_A	355	1	A	375		SER	2
9D5X_A	356	1	A	376		ASN	2
9D5X_A	357	1	A	377		LYS	2
9D5X_A	358	1	A	378		LEU	2
9D5X_A	359	1	A	379		ALA	2
9D5X_A	360	1	A	380		GLN	2
9D5X_A	361	1	A	381		LEU	2
9D5X_A	362	1	A	382		GLU	2
9D5X_A	363	1	A	383		ALA	2
9D5X_A	364	1	A	384		GLU	2
9D5X_A	365	1	A	385		LYS	2
9D5X_A	366	1	A	386		ILE	2
9D5X_A	367	1	A	387		ALA	2
9D5X_A	368	1	A	388		ILE	2
9D5X_A	369	1	A	389		LEU	2
9D5X_A	370	1	A	390		ALA	2
9D5X_A	371	1	A	391		ASN	2
9D5X_A	372	1	A	392		SER	2
9D5X_A	373	1	A	393		ASP	2
9D5X_A	374	1	A	394		SER	2
9D5X_A	375	1	A	395		THR	2
9D5X_A	376	1	A	396		VAL	2
9D5X_A	377	1	A	397		ARG	2
9D5X_A	378	1	A	398		ARG	2
9D5X_A	379	1	A	399		ARG	2
9D5X_A	380	1	A	400		VAL	2
9D5X_A	381	1	A	401		LEU	2
9D5X_A	382	1	A	402		GLY	0
9D5X_A	383	1	A	403		VAL	0
9D5X_A	384	1	A	404		ARG	0
9D5X_A	385	1	A	405		LEU	0
9D5X_A	386	1	A	406		LEU	0
9D5X_A	387	1	A	407		ILE	0
9D5X_A	388	1	A	408		ASP	0
9D5X_A	389	1	A	409		ILE	0
9D5X_A	390	1	A	410		GLN	0
9D5X_A	391	1	A	411		ASN	0
9DOU_A	0	1	A	220		LYS	1
9DOU_A	1	1	A	221		VAL	1
9DOU_A	2	1	A	222		MET	1
9DOU_A	3	1	A	223		VAL	1
9DOU_A	4	1	A	224		THR	1
9DOU_A	5	1	A	225		VAL	1
9DOU_A	6	1	A	226		PRO	1
9DOU_A	7	1	A	227		ASP	1
9DOU_A	8	1	A	228		LYS	1
9DOU_A	9	1	A	229		ASN	1
9DOU_A	10	1	A	230		PRO	1
9DOU_A	11	1	A	231		PRO	1
9DOU_A	12	1	A	232		CYS	1
9DOU_A	13	1	A	233		PRO	1
9DOU_A	14	1	A	234		CYS	1
9DOU_A	15	1	A	235		CYS	1
9DOU_A	16	1	A	236		GLY	1
9DOU_A	17	1	A	237		THR	1
9DOU_A	18	1	A	238		ARG	1
9DOU_A	19	1	A	239		VAL	1
9DOU_A	20	1	A	240		ASN	1
9DOU_A	21	1	A	241		SER	1
9DOU_A	22	1	A	242		VAL	1
9DOU_A	23	1	A	243		LEU	1
9DOU_A	24	1	A	244		ASN	1
9DOU_A	25	1	A	245		LEU	1
9DOU_A	26	1	A	246		ILE	1
9DOU_A	27	1	A	247		GLU	1
9DOU_A	28	1	A	248		HIS	1
9DOU_A	29	1	A	249		LEU	1
9DOU_A	30	1	A	250		LYS	1
9DOU_A	31	1	A	251		VAL	1
9DOU_A	32	1	A	252		SER	1
9DOU_A	33	1	A	253		HIS	1
9DOU_A	34	1	A	254		GLY	1
9DOU_A	35	1	A	255		LYS	1
9DOU_A	36	1	A	256		ARG	1
9DOU_A	37	1	A	257		GLY	1
9DOU_A	38	1	A	258		VAL	1
9DOU_A	39	1	A	259		CYS	1
9DOU_A	40	1	A	260		PHE	1
9DOU_A	41	1	A	261		ARG	1
9DOU_A	42	1	A	262		CYS	1
9DOU_A	43	1	A	263		ALA	1
9DOU_A	44	1	A	264		LYS	1
9DOU_A	45	1	A	265		CYS	1
9DOU_A	46	1	A	266		GLY	1
9DOU_A	47	1	A	267		LYS	1
9DOU_A	48	1	A	268		GLU	1
9DOU_A	49	1	A	269		ASN	1
9DOU_A	50	1	A	270		SER	1
9DOU_A	51	1	A	271		ASN	1
9DOU_A	52	1	A	272		TYR	1
9DOU_A	53	1	A	273		HIS	1
9DOU_A	54	1	A	274		SER	1
9DOU_A	55	1	A	275		VAL	1
9DOU_A	56	1	A	276		VAL	1
9DOU_A	57	1	A	277		CYS	1
9DOU_A	58	1	A	278		HIS	1
9DOU_A	59	1	A	279		PHE	1
9DOU_A	60	1	A	280		PRO	1
9DOU_A	61	1	A	281		LYS	1
9DOU_A	62	1	A	282		CYS	1
9DOU_A	63	1	A	283		ARG	1
9DOU_A	64	1	A	293		GLY	1
9DOU_A	65	1	A	294		GLU	0
9DOU_A	66	1	A	295		TRP	0
9DOU_A	67	1	A	296		ILE	0
9DOU_A	68	1	A	297		CYS	0
9DOU_A	69	1	A	298		GLU	0
9DOU_A	70	1	A	299		VAL	0
9DOU_A	71	1	A	300		CYS	0
9DOU_A	72	1	A	301		ASN	0
9DOU_A	73	1	A	302		ARG	0
9DOU_A	74	1	A	303		ASP	0
9DOU_A	75	1	A	304		PHE	0
9DOU_A	76	1	A	305		THR	0
9DOU_A	77	1	A	306		THR	0
9DOU_A	78	1	A	307		LYS	0
9DOU_A	79	1	A	308		ILE	0
9DOU_A	80	1	A	309		GLY	0
9DOU_A	81	1	A	310		LEU	0
9DOU_A	82	1	A	311		GLY	0
9DOU_A	83	1	A	312		GLN	0
9DOU_A	84	1	A	313		HIS	0
9DOU_A	85	1	A	314		LYS	0
9DOU_A	86	1	A	315		ARG	0
9DOU_A	87	1	A	316		LEU	0
9DOU_A	88	1	A	317		ALA	0
9DOU_A	89	1	A	318		HIS	0
9DOU_A	90	1	A	319		PRO	2
9DOU_A	91	1	A	320		ALA	2
9DOU_A	92	1	A	321		VAL	2
9DOU_A	93	1	A	322		ARG	2
9DOU_A	94	1	A	323		ASN	2
9DOU_A	95	1	A	324		GLN	2
9DOU_A	96	1	A	325		GLU	2
9DOU_A	97	1	A	326		ARG	2
9DOU_A	98	1	A	327		ILE	2
9DOU_A	99	1	A	328		VAL	2
9DOU_A	100	1	A	329		ALA	2
9DOU_A	101	1	A	330		SER	2
9DOU_A	102	1	A	546		LYS	2
9DOU_A	103	1	A	547		LYS	2
9DOU_A	104	1	A	548		PRO	2
9DOU_A	105	1	A	549		PHE	2
9DOU_A	106	1	A	550		GLN	2
9DOU_A	107	1	A	551		LYS	2
9DOU_A	108	1	A	552		TRP	2
9DOU_A	109	1	A	553		MET	2
9DOU_A	110	1	A	554		LYS	2
9DOU_A	111	1	A	555		ASP	2
9DOU_A	112	1	A	556		ARG	2
9DOU_A	113	1	A	557		ALA	2
9DOU_A	114	1	A	558		ILE	2
9DOU_A	115	1	A	559		LYS	2
9DOU_A	116	1	A	560		LYS	3
9DOU_A	117	1	A	561		GLY	3
9DOU_A	118	1	A	562		ASN	3
9DOU_A	119	1	A	563		TYR	3
9DOU_A	120	1	A	564		LEU	3
9DOU_A	121	1	A	565		ARG	3
9DOU_A	122	1	A	566		PHE	3
9DOU_A	123	1	A	567		GLN	3
9DOU_A	124	1	A	568		ARG	3
9DOU_A	125	1	A	569		LEU	3
9DOU_A	126	1	A	570		PHE	3
9DOU_A	127	1	A	571		TYR	3
9DOU_A	128	1	A	572		LEU	3
9DOU_A	129	1	A	573		ASP	3
9DOU_A	130	1	A	574		ARG	3
9DOU_A	131	1	A	575		GLY	3
9DOU_A	132	1	A	576		LYS	3
9DOU_A	133	1	A	577		LEU	3
9DOU_A	134	1	A	578		ALA	3
9DOU_A	135	1	A	579		LYS	3
9DOU_A	136	1	A	580		ILE	3
9DOU_A	137	1	A	581		ILE	3
9DOU_A	138	1	A	582		LEU	3
9DOU_A	139	1	A	583		ASP	3
9DOU_A	140	1	A	584		ASP	3
9DOU_A	141	1	A	585		ILE	3
9DOU_A	142	1	A	594		LEU	2
9DOU_A	143	1	A	595		SER	2
9DOU_A	144	1	A	596		GLU	2
9DOU_A	145	1	A	597		ILE	2
9DOU_A	146	1	A	598		TYR	2
9DOU_A	147	1	A	599		SER	2
9DOU_A	148	1	A	600		VAL	2
9DOU_A	149	1	A	601		PHE	2
9DOU_A	150	1	A	602		LYS	2
9DOU_A	151	1	A	603		THR	2
9DOU_A	152	1	A	604		ARG	2
9DOU_A	153	1	A	605		TRP	2
9DOU_A	154	1	A	606		GLU	2
9DOU_A	155	1	A	607		THR	2
9DOU_A	156	1	A	608		THR	2
9DOU_A	157	1	A	609		GLY	2
9DOU_A	158	1	A	610		SER	2
9DOU_A	159	1	A	611		PHE	2
9DOU_A	160	1	A	612		LYS	2
9DOU_A	161	1	A	613		SER	2
9DOU_A	162	1	A	614		LEU	2
9DOU_A	163	1	A	615		GLY	2
9DOU_A	164	1	A	616		ASP	2
9DOU_A	165	1	A	617		PHE	2
9DOU_A	166	1	A	618		LYS	2
9DOU_A	167	1	A	619		THR	2
9DOU_A	168	1	A	620		TYR	2
9DOU_A	169	1	A	621		GLY	2
9DOU_A	170	1	A	622		LYS	2
9DOU_A	171	1	A	623		ALA	2
9DOU_A	172	1	A	624		ASP	2
9DOU_A	173	1	A	625		ASN	2
9DOU_A	174	1	A	626		THR	2
9DOU_A	175	1	A	627		ALA	2
9DOU_A	176	1	A	628		PHE	2
9DOU_A	177	1	A	629		ARG	4
9DOU_A	178	1	A	630		GLU	4
9DOU_A	179	1	A	631		LEU	4
9DOU_A	180	1	A	632		ILE	4
9DOU_A	181	1	A	633		THR	4
9DOU_A	182	1	A	634		ALA	4
9DOU_A	183	1	A	635		LYS	4
9DOU_A	184	1	A	636		GLU	4
9DOU_A	185	1	A	637		ILE	4
9DOU_A	186	1	A	638		GLU	4
9DOU_A	187	1	A	639		LYS	4
9DOU_A	188	1	A	640		ASN	4
9DOU_A	189	1	A	641		VAL	4
9DOU_A	190	1	A	642		GLN	4
9DOU_A	191	1	A	643		GLU	4
9DOU_A	192	1	A	644		MET	4
9DOU_A	193	1	A	645		SER	4
9DOU_A	194	1	A	646		LYS	4
9DOU_A	195	1	A	647		GLY	4
9DOU_A	196	1	A	648		SER	4
9DOU_A	197	1	A	649		ALA	4
9DOU_A	198	1	A	650		PRO	4
9DOU_A	199	1	A	651		GLY	4
9DOU_A	200	1	A	652		PRO	4
9DOU_A	201	1	A	653		ASP	4
9DOU_A	202	1	A	654		GLY	4
9DOU_A	203	1	A	655		ILE	4
9DOU_A	204	1	A	656		THR	4
9DOU_A	205	1	A	657		LEU	4
9DOU_A	206	1	A	658		GLY	4
9DOU_A	207	1	A	659		ASP	4
9DOU_A	208	1	A	660		VAL	4
9DOU_A	209	1	A	661		VAL	4
9DOU_A	210	1	A	662		LYS	4
9DOU_A	211	1	A	663		MET	4
9DOU_A	212	1	A	664		ASP	4
9DOU_A	213	1	A	665		PRO	4
9DOU_A	214	1	A	666		GLU	4
9DOU_A	215	1	A	667		PHE	4
9DOU_A	216	1	A	668		SER	4
9DOU_A	217	1	A	669		ARG	4
9DOU_A	218	1	A	670		THR	4
9DOU_A	219	1	A	671		MET	4
9DOU_A	220	1	A	672		GLU	4
9DOU_A	221	1	A	673		ILE	4
9DOU_A	222	1	A	674		PHE	4
9DOU_A	223	1	A	675		ASN	4
9DOU_A	224	1	A	676		LEU	4
9DOU_A	225	1	A	677		TRP	4
9DOU_A	226	1	A	678		LEU	4
9DOU_A	227	1	A	679		THR	4
9DOU_A	228	1	A	680		THR	4
9DOU_A	229	1	A	681		GLY	4
9DOU_A	230	1	A	682		LYS	4
9DOU_A	231	1	A	683		ILE	4
9DOU_A	232	1	A	684		PRO	4
9DOU_A	233	1	A	685		ASP	4
9DOU_A	234	1	A	686		MET	4
9DOU_A	235	1	A	687		VAL	4
9DOU_A	236	1	A	688		ARG	4
9DOU_A	237	1	A	689		GLY	4
9DOU_A	238	1	A	690		CYS	4
9DOU_A	239	1	A	691		ARG	4
9DOU_A	240	1	A	692		THR	4
9DOU_A	241	1	A	693		VAL	4
9DOU_A	242	1	A	694		LEU	4
9DOU_A	243	1	A	695		ILE	4
9DOU_A	244	1	A	696		PRO	4
9DOU_A	245	1	A	697		LYS	4
9DOU_A	246	1	A	698		SER	4
9DOU_A	247	1	A	699		SER	4
9DOU_A	248	1	A	700		LYS	4
9DOU_A	249	1	A	701		PRO	4
9DOU_A	250	1	A	702		ASP	4
9DOU_A	251	1	A	703		ARG	4
9DOU_A	252	1	A	704		LEU	4
9DOU_A	253	1	A	705		LYS	4
9DOU_A	254	1	A	706		ASP	4
9DOU_A	255	1	A	707		ILE	4
9DOU_A	256	1	A	708		ASN	4
9DOU_A	257	1	A	709		ASN	4
9DOU_A	258	1	A	710		TRP	4
9DOU_A	259	1	A	711		ARG	4
9DOU_A	260	1	A	712		PRO	4
9DOU_A	261	1	A	713		ILE	4
9DOU_A	262	1	A	714		THR	4
9DOU_A	263	1	A	715		ILE	4
9DOU_A	264	1	A	716		GLY	4
9DOU_A	265	1	A	717		SER	4
9DOU_A	266	1	A	718		ILE	4
9DOU_A	267	1	A	719		LEU	4
9DOU_A	268	1	A	720		LEU	4
9DOU_A	269	1	A	721		ARG	4
9DOU_A	270	1	A	722		LEU	4
9DOU_A	271	1	A	723		PHE	4
9DOU_A	272	1	A	724		SER	4
9DOU_A	273	1	A	725		ARG	4
9DOU_A	274	1	A	726		ILE	4
9DOU_A	275	1	A	727		VAL	4
9DOU_A	276	1	A	728		THR	4
9DOU_A	277	1	A	729		ALA	4
9DOU_A	278	1	A	730		ARG	2
9DOU_A	279	1	A	731		LEU	2
9DOU_A	280	1	A	732		SER	2
9DOU_A	281	1	A	733		LYS	2
9DOU_A	282	1	A	734		ALA	2
9DOU_A	283	1	A	735		CYS	2
9DOU_A	284	1	A	736		PRO	2
9DOU_A	285	1	A	737		LEU	2
9DOU_A	286	1	A	738		ASN	2
9DOU_A	287	1	A	739		PRO	2
9DOU_A	288	1	A	740		ARG	2
9DOU_A	289	1	A	741		GLN	2
9DOU_A	290	1	A	742		ARG	2
9DOU_A	291	1	A	743		GLY	2
9DOU_A	292	1	A	744		PHE	2
9DOU_A	293	1	A	745		ILE	2
9DOU_A	294	1	A	746		ARG	2
9DOU_A	295	1	A	747		ALA	2
9DOU_A	296	1	A	748		ALA	2
9DOU_A	297	1	A	749		GLY	2
9DOU_A	298	1	A	750		CYS	2
9DOU_A	299	1	A	751		SER	2
9DOU_A	300	1	A	752		GLU	2
9DOU_A	301	1	A	753		ASN	2
9DOU_A	302	1	A	754		LEU	2
9DOU_A	303	1	A	755		LYS	2
9DOU_A	304	1	A	756		LEU	2
9DOU_A	305	1	A	757		LEU	2
9DOU_A	306	1	A	758		GLN	2
9DOU_A	307	1	A	759		THR	2
9DOU_A	308	1	A	760		ILE	2
9DOU_A	309	1	A	761		ILE	2
9DOU_A	310	1	A	762		TRP	2
9DOU_A	311	1	A	763		SER	2
9DOU_A	312	1	A	764		ALA	2
9DOU_A	313	1	A	765		LYS	2
9DOU_A	314	1	A	766		ARG	2
9DOU_A	315	1	A	767		GLU	2
9DOU_A	316	1	A	768		HIS	2
9DOU_A	317	1	A	769		ARG	2
9DOU_A	318	1	A	770		PRO	2
9DOU_A	319	1	A	771		LEU	2
9DOU_A	320	1	A	772		GLY	2
9DOU_A	321	1	A	773		VAL	2
9DOU_A	322	1	A	774		VAL	2
9DOU_A	323	1	A	775		PHE	2
9DOU_A	324	1	A	776		VAL	2
9DOU_A	325	1	A	777		ASP	2
9DOU_A	326	1	A	778		ILE	2
9DOU_A	327	1	A	779		ALA	2
9DOU_A	328	1	A	780		LYS	2
9DOU_A	329	1	A	781		ALA	2
9DOU_A	330	1	A	782		PHE	2
9DOU_A	331	1	A	783		ASP	2
9DOU_A	332	1	A	784		THR	2
9DOU_A	333	1	A	785		VAL	2
9DOU_A	334	1	A	786		SER	2
9DOU_A	335	1	A	787		HIS	2
9DOU_A	336	1	A	788		GLN	2
9DOU_A	337	1	A	789		HIS	2
9DOU_A	338	1	A	790		ILE	2
9DOU_A	339	1	A	791		ILE	2
9DOU_A	340	1	A	792		HIS	2
9DOU_A	341	1	A	793		ALA	2
9DOU_A	342	1	A	794		LEU	2
9DOU_A	343	1	A	795		GLN	2
9DOU_A	344	1	A	796		GLN	2
9DOU_A	345	1	A	797		ARG	2
9DOU_A	346	1	A	798		GLU	2
9DOU_A	347	1	A	799		VAL	2
9DOU_A	348	1	A	800		ASP	2
9DOU_A	349	1	A	801		PRO	2
9DOU_A	350	1	A	802		HIS	2
9DOU_A	351	1	A	803		ILE	2
9DOU_A	352	1	A	804		VAL	2
9DOU_A	353	1	A	805		GLY	2
9DOU_A	354	1	A	806		LEU	2
9DOU_A	355	1	A	807		VAL	2
9DOU_A	356	1	A	808		SER	2
9DOU_A	357	1	A	809		ASN	2
9DOU_A	358	1	A	810		MET	2
9DOU_A	359	1	A	811		TYR	2
9DOU_A	360	1	A	812		GLU	2
9DOU_A	361	1	A	813		ASN	2
9DOU_A	362	1	A	814		ILE	2
9DOU_A	363	1	A	815		SER	2
9DOU_A	364	1	A	816		THR	2
9DOU_A	365	1	A	817		TYR	2
9DOU_A	366	1	A	818		ILE	2
9DOU_A	367	1	A	819		THR	2
9DOU_A	368	1	A	820		THR	2
9DOU_A	369	1	A	821		LYS	2
9DOU_A	370	1	A	822		ARG	2
9DOU_A	371	1	A	823		ASN	2
9DOU_A	372	1	A	824		THR	2
9DOU_A	373	1	A	825		HIS	2
9DOU_A	374	1	A	826		THR	2
9DOU_A	375	1	A	827		ASP	2
9DOU_A	376	1	A	828		LYS	2
9DOU_A	377	1	A	829		ILE	2
9DOU_A	378	1	A	830		GLN	2
9DOU_A	379	1	A	831		ILE	2
9DOU_A	380	1	A	832		ARG	2
9DOU_A	381	1	A	833		VAL	2
9DOU_A	382	1	A	834		GLY	2
9DOU_A	383	1	A	835		VAL	2
9DOU_A	384	1	A	836		LYS	2
9DOU_A	385	1	A	837		GLN	2
9DOU_A	386	1	A	838		GLY	2
9DOU_A	387	1	A	839		ASP	2
9DOU_A	388	1	A	840		PRO	2
9DOU_A	389	1	A	841		MET	2
9DOU_A	390	1	A	842		SER	2
9DOU_A	391	1	A	843		PRO	2
9DOU_A	392	1	A	844		LEU	2
9DOU_A	393	1	A	845		LEU	2
9DOU_A	394	1	A	846		PHE	2
9DOU_A	395	1	A	847		ASN	2
9DOU_A	396	1	A	848		LEU	2
9DOU_A	397	1	A	849		ALA	2
9DOU_A	398	1	A	850		MET	2
9DOU_A	399	1	A	851		ASP	2
9DOU_A	400	1	A	852		PRO	2
9DOU_A	401	1	A	853		LEU	2
9DOU_A	402	1	A	854		LEU	2
9DOU_A	403	1	A	855		CYS	2
9DOU_A	404	1	A	856		LYS	2
9DOU_A	405	1	A	857		LEU	2
9DOU_A	406	1	A	858		GLU	2
9DOU_A	407	1	A	859		GLU	2
9DOU_A	408	1	A	860		SER	2
9DOU_A	409	1	A	861		GLY	2
9DOU_A	410	1	A	862		LYS	2
9DOU_A	411	1	A	863		GLY	2
9DOU_A	412	1	A	864		TYR	2
9DOU_A	413	1	A	865		HIS	2
9DOU_A	414	1	A	866		ARG	2
9DOU_A	415	1	A	867		GLY	2
9DOU_A	416	1	A	868		GLN	2
9DOU_A	417	1	A	869		SER	2
9DOU_A	418	1	A	870		SER	2
9DOU_A	419	1	A	871		ILE	2
9DOU_A	420	1	A	872		THR	2
9DOU_A	421	1	A	873		ALA	2
9DOU_A	422	1	A	874		MET	2
9DOU_A	423	1	A	875		ALA	2
9DOU_A	424	1	A	876		PHE	2
9DOU_A	425	1	A	877		ALA	2
9DOU_A	426	1	A	878		ASP	2
9DOU_A	427	1	A	879		ASP	2
9DOU_A	428	1	A	880		LEU	2
9DOU_A	429	1	A	881		VAL	2
9DOU_A	430	1	A	882		LEU	2
9DOU_A	431	1	A	883		LEU	2
9DOU_A	432	1	A	884		SER	2
9DOU_A	433	1	A	885		ASP	2
9DOU_A	434	1	A	886		SER	2
9DOU_A	435	1	A	887		TRP	2
9DOU_A	436	1	A	888		GLU	2
9DOU_A	437	1	A	889		ASN	2
9DOU_A	438	1	A	890		MET	2
9DOU_A	439	1	A	891		ASN	2
9DOU_A	440	1	A	892		THR	2
9DOU_A	441	1	A	893		ASN	2
9DOU_A	442	1	A	894		ILE	2
9DOU_A	443	1	A	895		SER	2
9DOU_A	444	1	A	896		ILE	2
9DOU_A	445	1	A	897		LEU	2
9DOU_A	446	1	A	898		GLU	2
9DOU_A	447	1	A	899		THR	2
9DOU_A	448	1	A	900		PHE	2
9DOU_A	449	1	A	901		CYS	2
9DOU_A	450	1	A	902		ASN	2
9DOU_A	451	1	A	903		LEU	2
9DOU_A	452	1	A	904		THR	2
9DOU_A	453	1	A	905		GLY	2
9DOU_A	454	1	A	906		LEU	2
9DOU_A	455	1	A	907		LYS	2
9DOU_A	456	1	A	908		THR	2
9DOU_A	457	1	A	909		GLN	2
9DOU_A	458	1	A	910		GLY	2
9DOU_A	459	1	A	911		GLN	2
9DOU_A	460	1	A	912		LYS	2
9DOU_A	461	1	A	913		CYS	2
9DOU_A	462	1	A	914		HIS	2
9DOU_A	463	1	A	915		GLY	2
9DOU_A	464	1	A	916		PHE	2
9DOU_A	465	1	A	917		TYR	2
9DOU_A	466	1	A	918		ILE	2
9DOU_A	467	1	A	919		LYS	2
9DOU_A	468	1	A	920		PRO	2
9DOU_A	469	1	A	921		THR	2
9DOU_A	470	1	A	922		LYS	2
9DOU_A	471	1	A	923		ASP	2
9DOU_A	472	1	A	924		SER	2
9DOU_A	473	1	A	925		TYR	2
9DOU_A	474	1	A	926		THR	2
9DOU_A	475	1	A	927		ILE	2
9DOU_A	476	1	A	928		ASN	2
9DOU_A	477	1	A	929		ASP	2
9DOU_A	478	1	A	930		CYS	2
9DOU_A	479	1	A	931		ALA	2
9DOU_A	480	1	A	932		ALA	2
9DOU_A	481	1	A	933		TRP	2
9DOU_A	482	1	A	934		THR	2
9DOU_A	483	1	A	935		ILE	2
9DOU_A	484	1	A	936		ASN	2
9DOU_A	485	1	A	937		GLY	2
9DOU_A	486	1	A	938		THR	2
9DOU_A	487	1	A	939		PRO	2
9DOU_A	488	1	A	940		LEU	2
9DOU_A	489	1	A	941		ASN	2
9DOU_A	490	1	A	942		MET	2
9DOU_A	491	1	A	943		ILE	2
9DOU_A	492	1	A	944		ASP	2
9DOU_A	493	1	A	945		PRO	2
9DOU_A	494	1	A	946		GLY	2
9DOU_A	495	1	A	947		GLU	2
9DOU_A	496	1	A	948		SER	2
9DOU_A	497	1	A	949		GLU	2
9DOU_A	498	1	A	950		LYS	2
9DOU_A	499	1	A	951		TYR	2
9DOU_A	500	1	A	952		LEU	2
9DOU_A	501	1	A	953		GLY	2
9DOU_A	502	1	A	954		LEU	2
9DOU_A	503	1	A	955		GLN	2
9DOU_A	504	1	A	956		PHE	2
9DOU_A	505	1	A	957		ASP	2
9DOU_A	506	1	A	958		PRO	2
9DOU_A	507	1	A	959		TRP	2
9DOU_A	508	1	A	960		ILE	2
9DOU_A	509	1	A	961		GLY	2
9DOU_A	510	1	A	962		ILE	2
9DOU_A	511	1	A	963		ALA	2
9DOU_A	512	1	A	964		ARG	3
9DOU_A	513	1	A	965		SER	3
9DOU_A	514	1	A	966		GLY	3
9DOU_A	515	1	A	967		LEU	3
9DOU_A	516	1	A	968		SER	3
9DOU_A	517	1	A	969		THR	3
9DOU_A	518	1	A	970		LYS	3
9DOU_A	519	1	A	971		LEU	3
9DOU_A	520	1	A	972		ASP	3
9DOU_A	521	1	A	973		PHE	3
9DOU_A	522	1	A	974		TRP	3
9DOU_A	523	1	A	975		LEU	3
9DOU_A	524	1	A	976		GLN	3
9DOU_A	525	1	A	977		ARG	3
9DOU_A	526	1	A	978		ILE	3
9DOU_A	527	1	A	979		ASP	3
9DOU_A	528	1	A	980		GLN	3
9DOU_A	529	1	A	981		ALA	3
9DOU_A	530	1	A	982		PRO	3
9DOU_A	531	1	A	983		LEU	3
9DOU_A	532	1	A	984		LYS	3
9DOU_A	533	1	A	985		PRO	3
9DOU_A	534	1	A	986		LEU	3
9DOU_A	535	1	A	987		GLN	3
9DOU_A	536	1	A	988		LYS	3
9DOU_A	537	1	A	989		THR	3
9DOU_A	538	1	A	990		ASP	3
9DOU_A	539	1	A	991		ILE	3
9DOU_A	540	1	A	992		LEU	3
9DOU_A	541	1	A	993		LYS	3
9DOU_A	542	1	A	994		THR	3
9DOU_A	543	1	A	995		TYR	3
9DOU_A	544	1	A	996		THR	3
9DOU_A	545	1	A	997		ILE	3
9DOU_A	546	1	A	998		PRO	3
9DOU_A	547	1	A	999		ARG	3
9DOU_A	548	1	A	1000		LEU	3
9DOU_A	549	1	A	1001		ILE	3
9DOU_A	550	1	A	1002		TYR	3
9DOU_A	551	1	A	1003		ILE	3
9DOU_A	552	1	A	1004		ALA	3
9DOU_A	553	1	A	1005		ASP	3
9DOU_A	554	1	A	1006		HIS	3
9DOU_A	555	1	A	1007		SER	3
9DOU_A	556	1	A	1008		GLU	3
9DOU_A	557	1	A	1009		VAL	3
9DOU_A	558	1	A	1010		LYS	3
9DOU_A	559	1	A	1011		THR	3
9DOU_A	560	1	A	1012		ALA	3
9DOU_A	561	1	A	1013		LEU	3
9DOU_A	562	1	A	1014		LEU	3
9DOU_A	563	1	A	1015		GLU	3
9DOU_A	564	1	A	1016		THR	3
9DOU_A	565	1	A	1017		LEU	3
9DOU_A	566	1	A	1018		ASP	3
9DOU_A	567	1	A	1019		GLN	3
9DOU_A	568	1	A	1020		LYS	3
9DOU_A	569	1	A	1021		ILE	3
9DOU_A	570	1	A	1022		ARG	3
9DOU_A	571	1	A	1023		THR	3
9DOU_A	572	1	A	1024		ALA	3
9DOU_A	573	1	A	1025		VAL	3
9DOU_A	574	1	A	1026		LYS	3
9DOU_A	575	1	A	1027		GLU	3
9DOU_A	576	1	A	1028		TRP	3
9DOU_A	577	1	A	1029		LEU	3
9DOU_A	578	1	A	1030		HIS	3
9DOU_A	579	1	A	1031		LEU	3
9DOU_A	580	1	A	1032		PRO	3
9DOU_A	581	1	A	1033		PRO	3
9DOU_A	582	1	A	1034		CYS	3
9DOU_A	583	1	A	1035		THR	3
9DOU_A	584	1	A	1036		CYS	3
9DOU_A	585	1	A	1037		ASP	3
9DOU_A	586	1	A	1038		ALA	3
9DOU_A	587	1	A	1039		ILE	3
9DOU_A	588	1	A	1040		LEU	3
9DOU_A	589	1	A	1041		TYR	3
9DOU_A	590	1	A	1042		SER	3
9DOU_A	591	1	A	1043		SER	3
9DOU_A	592	1	A	1044		THR	3
9DOU_A	593	1	A	1045		ARG	3
9DOU_A	594	1	A	1046		ASP	3
9DOU_A	595	1	A	1047		GLY	3
9DOU_A	596	1	A	1048		GLY	3
9DOU_A	597	1	A	1049		LEU	3
9DOU_A	598	1	A	1050		GLY	3
9DOU_A	599	1	A	1051		ILE	3
9DOU_A	600	1	A	1052		THR	3
9DOU_A	601	1	A	1053		LYS	3
9DOU_A	602	1	A	1054		LEU	3
9DOU_A	603	1	A	1055		ALA	3
9DOU_A	604	1	A	1056		GLY	3
9DOU_A	605	1	A	1057		LEU	3
9DOU_A	606	1	A	1058		ILE	3
9DOU_A	607	1	A	1059		PRO	5
9DOU_A	608	1	A	1060		SER	5
9DOU_A	609	1	A	1061		VAL	5
9DOU_A	610	1	A	1062		GLN	5
9DOU_A	611	1	A	1063		ALA	5
9DOU_A	612	1	A	1064		ARG	5
9DOU_A	613	1	A	1065		ARG	5
9DOU_A	614	1	A	1066		LEU	5
9DOU_A	615	1	A	1067		HIS	5
9DOU_A	616	1	A	1068		ARG	5
9DOU_A	617	1	A	1069		ILE	5
9DOU_A	618	1	A	1070		ALA	5
9DOU_A	619	1	A	1071		GLN	5
9DOU_A	620	1	A	1072		SER	5
9DOU_A	621	1	A	1073		SER	5
9DOU_A	622	1	A	1074		ASP	5
9DOU_A	623	1	A	1075		ASP	5
9DOU_A	624	1	A	1076		THR	5
9DOU_A	625	1	A	1077		MET	5
9DOU_A	626	1	A	1078		LYS	5
9DOU_A	627	1	A	1079		CYS	5
9DOU_A	628	1	A	1080		PHE	5
9DOU_A	629	1	A	1081		MET	5
9DOU_A	630	1	A	1082		GLU	5
9DOU_A	631	1	A	1083		LYS	5
9DOU_A	632	1	A	1084		GLU	5
9DOU_A	633	1	A	1085		LYS	5
9DOU_A	634	1	A	1086		MET	5
9DOU_A	635	1	A	1087		GLU	5
9DOU_A	636	1	A	1088		GLN	5
9DOU_A	637	1	A	1089		LEU	5
9DOU_A	638	1	A	1090		HIS	5
9DOU_A	639	1	A	1091		LYS	5
9DOU_A	640	1	A	1092		LYS	5
9DOU_A	641	1	A	1093		LEU	5
9DOU_A	642	1	A	1094		TRP	5
9DOU_A	643	1	A	1095		ILE	5
9DOU_A	644	1	A	1096		GLN	5
9DOU_A	645	1	A	1097		ALA	5
9DOU_A	646	1	A	1098		GLY	5
9DOU_A	647	1	A	1099		GLY	5
9DOU_A	648	1	A	1100		ASP	5
9DOU_A	649	1	A	1101		ARG	5
9DOU_A	650	1	A	1102		GLU	5
9DOU_A	651	1	A	1103		ASN	5
9DOU_A	652	1	A	1104		ILE	5
9DOU_A	653	1	A	1105		PRO	5
9DOU_A	654	1	A	1106		SER	5
9DOU_A	655	1	A	1107		ILE	5
9DOU_A	656	1	A	1108		TRP	5
9DOU_A	657	1	A	1124		SER	5
9DOU_A	658	1	A	1125		GLU	5
9DOU_A	659	1	A	1126		TRP	5
9DOU_A	660	1	A	1127		GLU	5
9DOU_A	661	1	A	1128		ALA	5
9DOU_A	662	1	A	1129		PRO	5
9DOU_A	663	1	A	1130		THR	5
9DOU_A	664	1	A	1131		GLN	5
9DOU_A	665	1	A	1132		LYS	5
9DOU_A	666	1	A	1133		ASP	5
9DOU_A	667	1	A	1134		LYS	5
9DOU_A	668	1	A	1135		PHE	5
9DOU_A	669	1	A	1136		PRO	5
9DOU_A	670	1	A	1137		LYS	5
9DOU_A	671	1	A	1138		PRO	5
9DOU_A	672	1	A	1139		CYS	5
9DOU_A	673	1	A	1140		ASN	5
9DOU_A	674	1	A	1141		TRP	5
9DOU_A	675	1	A	1142		ARG	5
9DOU_A	676	1	A	1143		LYS	5
9DOU_A	677	1	A	1144		ASN	5
9DOU_A	678	1	A	1145		GLU	5
9DOU_A	679	1	A	1146		PHE	5
9DOU_A	680	1	A	1147		LYS	5
9DOU_A	681	1	A	1148		LYS	5
9DOU_A	682	1	A	1149		TRP	5
9DOU_A	683	1	A	1150		THR	0
9DOU_A	684	1	A	1151		LYS	0
9DOU_A	685	1	A	1152		LEU	0
9DOU_A	686	1	A	1153		ALA	0
9DOU_A	687	1	A	1154		SER	0
9DOU_A	688	1	A	1155		GLN	0
9DOU_A	689	1	A	1156		GLY	0
9DOU_A	690	1	A	1157		ARG	0
9DOU_A	691	1	A	1158		GLY	0
9DOU_A	692	1	A	1159		ILE	0
9DOU_A	693	1	A	1160		VAL	0
9DOU_A	694	1	A	1161		ASN	0
9DOU_A	695	1	A	1162		PHE	0
9DOU_A	696	1	A	1163		GLU	0
9DOU_A	697	1	A	1164		ARG	0
9DOU_A	698	1	A	1165		ASP	0
9DOU_A	699	1	A	1166		LYS	0
9DOU_A	700	1	A	1167		ILE	0
9DOU_A	701	1	A	1168		SER	0
9DOU_A	702	1	A	1169		ASN	0
9DOU_A	703	1	A	1170		HIS	6
9DOU_A	704	1	A	1171		TRP	6
9DOU_A	705	1	A	1172		ILE	6
9DOU_A	706	1	A	1173		GLN	6
9DOU_A	707	1	A	1174		TYR	6
9DOU_A	708	1	A	1175		TYR	6
9DOU_A	709	1	A	1176		ARG	6
9DOU_A	710	1	A	1177		ARG	6
9DOU_A	711	1	A	1178		ILE	6
9DOU_A	712	1	A	1179		PRO	6
9DOU_A	713	1	A	1180		HIS	6
9DOU_A	714	1	A	1181		ARG	6
9DOU_A	715	1	A	1182		LYS	6
9DOU_A	716	1	A	1183		LEU	6
9DOU_A	717	1	A	1184		LEU	6
9DOU_A	718	1	A	1185		THR	6
9DOU_A	719	1	A	1186		ALA	6
9DOU_A	720	1	A	1187		LEU	6
9DOU_A	721	1	A	1188		GLN	6
9DOU_A	722	1	A	1189		LEU	6
9DOU_A	723	1	A	1190		ARG	6
9DOU_A	724	1	A	1191		ALA	6
9DOU_A	725	1	A	1192		ASN	6
9DOU_A	726	1	A	1193		VAL	6
9DOU_A	727	1	A	1194		TYR	6
9DOU_A	728	1	A	1195		PRO	6
9DOU_A	729	1	A	1196		THR	6
9DOU_A	730	1	A	1197		ARG	6
9DOU_A	731	1	A	1198		GLU	6
9DOU_A	732	1	A	1199		PHE	6
9DOU_A	733	1	A	1200		LEU	6
9DOU_A	734	1	A	1201		ALA	6
9DOU_A	735	1	A	1202		ARG	6
9DOU_A	736	1	A	1203		GLY	6
9DOU_A	737	1	A	1204		ARG	6
9DOU_A	738	1	A	1205		GLN	6
9DOU_A	739	1	A	1206		ASP	6
9DOU_A	740	1	A	1207		GLN	6
9DOU_A	741	1	A	1208		TYR	6
9DOU_A	742	1	A	1209		ILE	6
9DOU_A	743	1	A	1210		LYS	6
9DOU_A	744	1	A	1211		ALA	6
9DOU_A	745	1	A	1212		CYS	6
9DOU_A	746	1	A	1213		ARG	6
9DOU_A	747	1	A	1214		HIS	6
9DOU_A	748	1	A	1215		CYS	6
9DOU_A	749	1	A	1216		ASP	6
9DOU_A	750	1	A	1217		ALA	6
9DOU_A	751	1	A	1218		ASP	6
9DOU_A	752	1	A	1219		ILE	6
9DOU_A	753	1	A	1220		GLU	6
9DOU_A	754	1	A	1221		SER	6
9DOU_A	755	1	A	1222		CYS	6
9DOU_A	756	1	A	1223		ALA	6
9DOU_A	757	1	A	1224		HIS	6
9DOU_A	758	1	A	1225		ILE	6
9DOU_A	759	1	A	1226		ILE	6
9DOU_A	760	1	A	1227		GLY	6
9DOU_A	761	1	A	1228		ASN	6
9DOU_A	762	1	A	1229		CYS	6
9DOU_A	763	1	A	1230		PRO	6
9DOU_A	764	1	A	1231		VAL	6
9DOU_A	765	1	A	1232		THR	6
9DOU_A	766	1	A	1233		GLN	6
9DOU_A	767	1	A	1234		ASP	6
9DOU_A	768	1	A	1235		ALA	6
9DOU_A	769	1	A	1236		ARG	6
9DOU_A	770	1	A	1237		ILE	6
9DOU_A	771	1	A	1238		LYS	6
9DOU_A	772	1	A	1239		ARG	6
9DOU_A	773	1	A	1240		HIS	6
9DOU_A	774	1	A	1241		ASN	6
9DOU_A	775	1	A	1242		TYR	6
9DOU_A	776	1	A	1243		ILE	6
9DOU_A	777	1	A	1244		CYS	6
9DOU_A	778	1	A	1245		GLU	6
9DOU_A	779	1	A	1246		LEU	6
9DOU_A	780	1	A	1247		LEU	7
9DOU_A	781	1	A	1248		LEU	7
9DOU_A	782	1	A	1249		GLU	7
9DOU_A	783	1	A	1250		GLU	7
9DOU_A	784	1	A	1251		ALA	7
9DOU_A	785	1	A	1252		LYS	7
9DOU_A	786	1	A	1253		LYS	7
9DOU_A	787	1	A	1254		LYS	7
9DOU_A	788	1	A	1255		ASP	7
9DOU_A	789	1	A	1256		TRP	7
9DOU_A	790	1	A	1257		VAL	7
9DOU_A	791	1	A	1258		VAL	7
9DOU_A	792	1	A	1259		PHE	7
9DOU_A	793	1	A	1260		LYS	7
9DOU_A	794	1	A	1261		GLU	7
9DOU_A	795	1	A	1262		PRO	7
9DOU_A	796	1	A	1263		HIS	7
9DOU_A	797	1	A	1264		ILE	7
9DOU_A	798	1	A	1265		ARG	7
9DOU_A	799	1	A	1266		ASP	7
9DOU_A	800	1	A	1267		SER	7
9DOU_A	801	1	A	1268		ASN	7
9DOU_A	802	1	A	1269		LYS	7
9DOU_A	803	1	A	1270		GLU	7
9DOU_A	804	1	A	1271		LEU	7
9DOU_A	805	1	A	1272		TYR	7
9DOU_A	806	1	A	1273		LYS	7
9DOU_A	807	1	A	1274		PRO	7
9DOU_A	808	1	A	1275		ASP	7
9DOU_A	809	1	A	1276		LEU	7
9DOU_A	810	1	A	1277		ILE	7
9DOU_A	811	1	A	1278		PHE	7
9DOU_A	812	1	A	1279		VAL	7
9DOU_A	813	1	A	1280		LYS	7
9DOU_A	814	1	A	1281		ASP	7
9DOU_A	815	1	A	1282		ALA	7
9DOU_A	816	1	A	1283		ARG	7
9DOU_A	817	1	A	1284		ALA	7
9DOU_A	818	1	A	1285		LEU	7
9DOU_A	819	1	A	1286		VAL	7
9DOU_A	820	1	A	1287		VAL	7
9DOU_A	821	1	A	1288		ASP	7
9DOU_A	822	1	A	1289		VAL	7
9DOU_A	823	1	A	1290		THR	7
9DOU_A	824	1	A	1291		VAL	7
9DOU_A	825	1	A	1292		ARG	7
9DOU_A	826	1	A	1293		TYR	7
9DOU_A	827	1	A	1294		GLU	7
9DOU_A	828	1	A	1295		ALA	7
9DOU_A	829	1	A	1296		ALA	7
9DOU_A	830	1	A	1297		LYS	7
9DOU_A	831	1	A	1298		SER	7
9DOU_A	832	1	A	1299		SER	7
9DOU_A	833	1	A	1300		LEU	7
9DOU_A	834	1	A	1301		GLU	7
9DOU_A	835	1	A	1302		GLU	7
9DOU_A	836	1	A	1303		ALA	7
9DOU_A	837	1	A	1304		ALA	7
9DOU_A	838	1	A	1305		ALA	7
9DOU_A	839	1	A	1306		GLU	7
9DOU_A	840	1	A	1307		LYS	7
9DOU_A	841	1	A	1308		VAL	7
9DOU_A	842	1	A	1309		ARG	7
9DOU_A	843	1	A	1310		LYS	7
9DOU_A	844	1	A	1311		TYR	7
9DOU_A	845	1	A	1312		LYS	7
9DOU_A	846	1	A	1313		HIS	7
9DOU_A	847	1	A	1314		LEU	7
9DOU_A	848	1	A	1315		GLU	7
9DOU_A	849	1	A	1316		THR	7
9DOU_A	850	1	A	1317		GLU	7
9DOU_A	851	1	A	1318		VAL	7
9DOU_A	852	1	A	1319		ARG	7
9DOU_A	853	1	A	1320		HIS	7
9DOU_A	854	1	A	1321		LEU	7
9DOU_A	855	1	A	1322		THR	7
9DOU_A	856	1	A	1323		ASN	7
9DOU_A	857	1	A	1324		ALA	7
9DOU_A	858	1	A	1325		LYS	7
9DOU_A	859	1	A	1326		ASP	7
9DOU_A	860	1	A	1327		VAL	7
9DOU_A	861	1	A	1328		THR	7
9DOU_A	862	1	A	1329		PHE	7
9DOU_A	863	1	A	1330		VAL	7
9DOU_A	864	1	A	1331		GLY	7
9DOU_A	865	1	A	1332		PHE	7
9DOU_A	866	1	A	1333		PRO	7
9DOU_A	867	1	A	1334		LEU	7
9DOU_A	868	1	A	1335		GLY	7
9DOU_A	869	1	A	1336		ALA	7
9DOU_A	870	1	A	1337		ARG	7
9DOU_A	871	1	A	1338		GLY	7
9DOU_A	872	1	A	1339		LYS	7
9DOU_A	873	1	A	1340		TRP	7
9DOU_A	874	1	A	1341		HIS	7
9DOU_A	875	1	A	1342		GLN	7
9DOU_A	876	1	A	1343		ASP	7
9DOU_A	877	1	A	1344		ASN	7
9DOU_A	878	1	A	1345		PHE	7
9DOU_A	879	1	A	1346		LYS	7
9DOU_A	880	1	A	1347		LEU	7
9DOU_A	881	1	A	1348		LEU	7
9DOU_A	882	1	A	1349		THR	7
9DOU_A	883	1	A	1350		GLU	7
9DOU_A	884	1	A	1351		LEU	7
9DOU_A	885	1	A	1352		GLY	7
9DOU_A	886	1	A	1353		LEU	7
9DOU_A	887	1	A	1354		SER	7
9DOU_A	888	1	A	1355		LYS	7
9DOU_A	889	1	A	1356		SER	7
9DOU_A	890	1	A	1357		ARG	7
9DOU_A	891	1	A	1358		GLN	7
9DOU_A	892	1	A	1359		VAL	7
9DOU_A	893	1	A	1360		LYS	7
9DOU_A	894	1	A	1361		MET	7
9DOU_A	895	1	A	1362		ALA	7
9DOU_A	896	1	A	1363		GLU	7
9DOU_A	897	1	A	1364		THR	6
9DOU_A	898	1	A	1365		PHE	6
9DOU_A	899	1	A	1366		SER	6
9DOU_A	900	1	A	1367		THR	6
9DOU_A	901	1	A	1368		VAL	6
9DOU_A	902	1	A	1369		ALA	6
9DOU_A	903	1	A	1370		LEU	6
9DOU_A	904	1	A	1371		PHE	6
9DOU_A	905	1	A	1372		SER	6
9DOU_A	906	1	A	1373		SER	6
9DOU_A	907	1	A	1374		VAL	6
9DOU_A	908	1	A	1375		ASP	6
9DOU_A	909	1	A	1376		ILE	6
9DOU_A	910	1	A	1377		VAL	6
9DOU_A	911	1	A	1378		HIS	6
9DOU_A	912	1	A	1379		MET	6
9DOU_A	913	1	A	1380		PHE	6
9DOU_A	914	1	A	1381		ALA	6
9DOU_A	915	1	A	1382		SER	6
9DOU_A	916	1	A	1383		ARG	6
9DOU_A	917	1	A	1384		ALA	6
9DOU_A	918	1	A	1385		ARG	6
9DOU_A	919	1	A	1386		LYS	6
9DOU_A	920	1	A	1387		SER	6
9DOU_A	921	1	A	1388		MET	6
9DOU_A	922	1	A	1389		VAL	6
9DOU_A	923	1	A	1390		MET	6
9E8Z_H	0	1	H	4		ASP	1
9E8Z_H	1	1	H	5		ILE	1
9E8Z_H	2	1	H	6		GLU	1
9E8Z_H	3	1	H	7		THR	1
9E8Z_H	4	1	H	8		THR	1
9E8Z_H	5	1	H	9		LEU	1
9E8Z_H	6	1	H	10		GLN	1
9E8Z_H	7	1	H	11		LYS	1
9E8Z_H	8	1	H	12		ALA	1
9E8Z_H	9	1	H	13		TYR	1
9E8Z_H	10	1	H	14		PRO	1
9E8Z_H	11	1	H	15		ASP	1
9E8Z_H	12	1	H	16		PHE	1
9E8Z_H	13	1	H	17		ASP	1
9E8Z_H	14	1	H	18		VAL	1
9E8Z_H	15	1	H	19		LEU	1
9E8Z_H	16	1	H	20		LEU	1
9E8Z_H	17	1	H	21		LYS	1
9E8Z_H	18	1	H	22		SER	1
9E8Z_H	19	1	H	23		ARG	1
9E8Z_H	20	1	H	24		PRO	1
9E8Z_H	21	1	H	25		ALA	1
9E8Z_H	22	1	H	26		THR	1
9E8Z_H	23	1	H	27		HIS	1
9E8Z_H	24	1	H	28		TYR	1
9E8Z_H	25	1	H	29		LYS	1
9E8Z_H	26	1	H	30		VAL	1
9E8Z_H	27	1	H	31		TYR	1
9E8Z_H	28	1	H	32		LYS	1
9E8Z_H	29	1	H	33		ILE	1
9E8Z_H	30	1	H	34		PRO	1
9E8Z_H	31	1	H	35		LYS	1
9E8Z_H	32	1	H	36		ARG	1
9E8Z_H	33	1	H	37		THR	1
9E8Z_H	34	1	H	38		ILE	1
9E8Z_H	35	1	H	39		GLY	1
9E8Z_H	36	1	H	40		TYR	1
9E8Z_H	37	1	H	41		ARG	1
9E8Z_H	38	1	H	42		ILE	1
9E8Z_H	39	1	H	43		ILE	1
9E8Z_H	40	1	H	44		ALA	1
9E8Z_H	41	1	H	45		GLN	1
9E8Z_H	42	1	H	46		PRO	1
9E8Z_H	43	1	H	47		THR	1
9E8Z_H	44	1	H	48		PRO	1
9E8Z_H	45	1	H	49		ARG	1
9E8Z_H	46	1	H	50		VAL	1
9E8Z_H	47	1	H	51		LYS	1
9E8Z_H	48	1	H	52		ALA	1
9E8Z_H	49	1	H	53		ILE	1
9E8Z_H	50	1	H	54		GLN	1
9E8Z_H	51	1	H	55		ARG	1
9E8Z_H	52	1	H	56		ASP	1
9E8Z_H	53	1	H	57		ILE	1
9E8Z_H	54	1	H	58		ILE	1
9E8Z_H	55	1	H	59		GLU	1
9E8Z_H	56	1	H	60		ILE	1
9E8Z_H	57	1	H	61		LEU	1
9E8Z_H	58	1	H	62		LYS	1
9E8Z_H	59	1	H	63		GLN	1
9E8Z_H	60	1	H	64		HIS	1
9E8Z_H	61	1	H	65		THR	1
9E8Z_H	62	1	H	66		HIS	1
9E8Z_H	63	1	H	67		ILE	1
9E8Z_H	64	1	H	68		HIS	1
9E8Z_H	65	1	H	69		ASP	1
9E8Z_H	66	1	H	70		ALA	1
9E8Z_H	67	1	H	71		ALA	1
9E8Z_H	68	1	H	72		THR	1
9E8Z_H	69	1	H	73		ALA	1
9E8Z_H	70	1	H	74		TYR	1
9E8Z_H	71	1	H	75		VAL	1
9E8Z_H	72	1	H	76		ASP	1
9E8Z_H	73	1	H	77		GLY	1
9E8Z_H	74	1	H	78		LYS	1
9E8Z_H	75	1	H	79		ASN	1
9E8Z_H	76	1	H	80		ILE	1
9E8Z_H	77	1	H	81		LEU	1
9E8Z_H	78	1	H	82		ASP	1
9E8Z_H	79	1	H	83		ASN	1
9E8Z_H	80	1	H	84		ALA	1
9E8Z_H	81	1	H	85		LYS	1
9E8Z_H	82	1	H	86		ILE	1
9E8Z_H	83	1	H	87		HIS	1
9E8Z_H	84	1	H	88		GLN	1
9E8Z_H	85	1	H	89		SER	1
9E8Z_H	86	1	H	90		SER	1
9E8Z_H	87	1	H	91		VAL	1
9E8Z_H	88	1	H	92		TYR	1
9E8Z_H	89	1	H	93		LEU	1
9E8Z_H	90	1	H	94		LEU	1
9E8Z_H	91	1	H	95		LYS	1
9E8Z_H	92	1	H	96		LEU	1
9E8Z_H	93	1	H	97		ASP	1
9E8Z_H	94	1	H	98		LEU	1
9E8Z_H	95	1	H	99		VAL	1
9E8Z_H	96	1	H	100		ASN	1
9E8Z_H	97	1	H	101		PHE	1
9E8Z_H	98	1	H	102		PHE	1
9E8Z_H	99	1	H	103		ASN	1
9E8Z_H	100	1	H	104		LYS	1
9E8Z_H	101	1	H	105		ILE	1
9E8Z_H	102	1	H	106		THR	1
9E8Z_H	103	1	H	107		PRO	1
9E8Z_H	104	1	H	108		GLU	1
9E8Z_H	105	1	H	109		LEU	1
9E8Z_H	106	1	H	110		LEU	1
9E8Z_H	107	1	H	111		PHE	1
9E8Z_H	108	1	H	112		LYS	1
9E8Z_H	109	1	H	113		ALA	1
9E8Z_H	110	1	H	114		LEU	1
9E8Z_H	111	1	H	115		ALA	1
9E8Z_H	112	1	H	116		ARG	1
9E8Z_H	113	1	H	117		GLN	1
9E8Z_H	114	1	H	118		LYS	1
9E8Z_H	115	1	H	119		VAL	1
9E8Z_H	116	1	H	120		ASP	1
9E8Z_H	117	1	H	121		ILE	1
9E8Z_H	118	1	H	122		SER	1
9E8Z_H	119	1	H	123		ASP	1
9E8Z_H	120	1	H	124		THR	1
9E8Z_H	121	1	H	125		ASN	1
9E8Z_H	122	1	H	126		LYS	1
9E8Z_H	123	1	H	127		ASN	1
9E8Z_H	124	1	H	128		LEU	1
9E8Z_H	125	1	H	129		LEU	1
9E8Z_H	126	1	H	130		LYS	1
9E8Z_H	127	1	H	131		GLN	1
9E8Z_H	128	1	H	132		PHE	1
9E8Z_H	129	1	H	133		CYS	1
9E8Z_H	130	1	H	134		PHE	1
9E8Z_H	131	1	H	135		TRP	1
9E8Z_H	132	1	H	136		ASN	1
9E8Z_H	133	1	H	137		ARG	1
9E8Z_H	134	1	H	138		THR	1
9E8Z_H	135	1	H	139		LYS	1
9E8Z_H	136	1	H	140		ARG	1
9E8Z_H	137	1	H	141		LYS	1
9E8Z_H	138	1	H	142		ASN	1
9E8Z_H	139	1	H	143		GLY	1
9E8Z_H	140	1	H	144		ALA	1
9E8Z_H	141	1	H	145		LEU	1
9E8Z_H	142	1	H	146		VAL	1
9E8Z_H	143	1	H	147		LEU	1
9E8Z_H	144	1	H	148		SER	1
9E8Z_H	145	1	H	149		VAL	1
9E8Z_H	146	1	H	150		GLY	1
9E8Z_H	147	1	H	151		ALA	1
9E8Z_H	148	1	H	152		PRO	1
9E8Z_H	149	1	H	153		SER	1
9E8Z_H	150	1	H	154		SER	1
9E8Z_H	151	1	H	155		PRO	1
9E8Z_H	152	1	H	156		PHE	1
9E8Z_H	153	1	H	157		ILE	1
9E8Z_H	154	1	H	158		SER	1
9E8Z_H	155	1	H	159		ASN	1
9E8Z_H	156	1	H	160		ILE	1
9E8Z_H	157	1	H	161		VAL	1
9E8Z_H	158	1	H	162		MET	1
9E8Z_H	159	1	H	163		SER	1
9E8Z_H	160	1	H	164		SER	1
9E8Z_H	161	1	H	165		PHE	1
9E8Z_H	162	1	H	166		ASP	1
9E8Z_H	163	1	H	167		GLU	1
9E8Z_H	164	1	H	168		GLU	1
9E8Z_H	165	1	H	169		ILE	1
9E8Z_H	166	1	H	170		SER	1
9E8Z_H	167	1	H	171		SER	1
9E8Z_H	168	1	H	172		PHE	1
9E8Z_H	169	1	H	173		CYS	1
9E8Z_H	170	1	H	174		LYS	1
9E8Z_H	171	1	H	175		GLU	1
9E8Z_H	172	1	H	176		ASN	1
9E8Z_H	173	1	H	177		LYS	1
9E8Z_H	174	1	H	178		ILE	1
9E8Z_H	175	1	H	179		SER	1
9E8Z_H	176	1	H	180		TYR	1
9E8Z_H	177	1	H	181		SER	1
9E8Z_H	178	1	H	182		ARG	1
9E8Z_H	179	1	H	183		TYR	1
9E8Z_H	180	1	H	184		ALA	1
9E8Z_H	181	1	H	185		ASP	1
9E8Z_H	182	1	H	186		ASP	1
9E8Z_H	183	1	H	187		LEU	1
9E8Z_H	184	1	H	188		THR	1
9E8Z_H	185	1	H	189		PHE	1
9E8Z_H	186	1	H	190		SER	1
9E8Z_H	187	1	H	191		THR	1
9E8Z_H	188	1	H	192		ASN	1
9E8Z_H	189	1	H	193		GLU	1
9E8Z_H	190	1	H	194		ARG	1
9E8Z_H	191	1	H	195		ASP	1
9E8Z_H	192	1	H	196		VAL	1
9E8Z_H	193	1	H	197		LEU	1
9E8Z_H	194	1	H	198		GLY	1
9E8Z_H	195	1	H	199		LEU	1
9E8Z_H	196	1	H	200		ALA	1
9E8Z_H	197	1	H	201		HIS	1
9E8Z_H	198	1	H	202		GLN	1
9E8Z_H	199	1	H	203		LYS	1
9E8Z_H	200	1	H	204		VAL	1
9E8Z_H	201	1	H	205		LYS	1
9E8Z_H	202	1	H	206		THR	1
9E8Z_H	203	1	H	207		THR	1
9E8Z_H	204	1	H	208		LEU	1
9E8Z_H	205	1	H	209		ILE	1
9E8Z_H	206	1	H	210		ARG	1
9E8Z_H	207	1	H	211		PHE	1
9E8Z_H	208	1	H	212		PHE	1
9E8Z_H	209	1	H	213		GLY	1
9E8Z_H	210	1	H	214		THR	1
9E8Z_H	211	1	H	215		ARG	1
9E8Z_H	212	1	H	216		ILE	1
9E8Z_H	213	1	H	217		ILE	1
9E8Z_H	214	1	H	218		ILE	1
9E8Z_H	215	1	H	219		ASN	1
9E8Z_H	216	1	H	220		ASN	1
9E8Z_H	217	1	H	221		ASN	1
9E8Z_H	218	1	H	222		LYS	1
9E8Z_H	219	1	H	223		ILE	1
9E8Z_H	220	1	H	224		VAL	1
9E8Z_H	221	1	H	225		TYR	1
9E8Z_H	222	1	H	226		SER	1
9E8Z_H	223	1	H	227		SER	1
9E8Z_H	224	1	H	228		LYS	1
9E8Z_H	225	1	H	229		ALA	1
9E8Z_H	226	1	H	230		HIS	1
9E8Z_H	227	1	H	231		ASN	1
9E8Z_H	228	1	H	232		ARG	1
9E8Z_H	229	1	H	233		HIS	1
9E8Z_H	230	1	H	234		VAL	1
9E8Z_H	231	1	H	235		THR	1
9E8Z_H	232	1	H	236		GLY	1
9E8Z_H	233	1	H	237		VAL	1
9E8Z_H	234	1	H	238		THR	1
9E8Z_H	235	1	H	239		LEU	1
9E8Z_H	236	1	H	240		THR	1
9E8Z_H	237	1	H	241		ASN	1
9E8Z_H	238	1	H	242		ASN	1
9E8Z_H	239	1	H	243		ASN	1
9E8Z_H	240	1	H	244		LYS	1
9E8Z_H	241	1	H	245		LEU	1
9E8Z_H	242	1	H	246		SER	1
9E8Z_H	243	1	H	247		LEU	2
9E8Z_H	244	1	H	248		GLY	2
9E8Z_H	245	1	H	249		ARG	2
9E8Z_H	246	1	H	250		GLU	2
9E8Z_H	247	1	H	251		ARG	2
9E8Z_H	248	1	H	252		LYS	2
9E8Z_H	249	1	H	253		ARG	2
9E8Z_H	250	1	H	254		TYR	2
9E8Z_H	251	1	H	255		ILE	2
9E8Z_H	252	1	H	256		THR	2
9E8Z_H	253	1	H	257		SER	2
9E8Z_H	254	1	H	258		LEU	2
9E8Z_H	255	1	H	259		VAL	2
9E8Z_H	256	1	H	260		PHE	2
9E8Z_H	257	1	H	261		LYS	2
9E8Z_H	258	1	H	262		PHE	2
9E8Z_H	259	1	H	263		LYS	2
9E8Z_H	260	1	H	264		GLU	2
9E8Z_H	261	1	H	265		GLY	2
9E8Z_H	262	1	H	266		LYS	2
9E8Z_H	263	1	H	267		LEU	2
9E8Z_H	264	1	H	268		SER	2
9E8Z_H	265	1	H	269		ASN	2
9E8Z_H	266	1	H	270		VAL	2
9E8Z_H	267	1	H	271		ASP	2
9E8Z_H	268	1	H	272		ILE	2
9E8Z_H	269	1	H	273		ASN	2
9E8Z_H	270	1	H	274		HIS	2
9E8Z_H	271	1	H	275		LEU	2
9E8Z_H	272	1	H	276		ARG	2
9E8Z_H	273	1	H	277		GLY	2
9E8Z_H	274	1	H	278		LEU	2
9E8Z_H	275	1	H	279		ILE	2
9E8Z_H	276	1	H	280		GLY	2
9E8Z_H	277	1	H	281		PHE	2
9E8Z_H	278	1	H	282		ALA	2
9E8Z_H	279	1	H	283		TYR	2
9E8Z_H	280	1	H	284		ASN	2
9E8Z_H	281	1	H	285		ILE	2
9E8Z_H	282	1	H	286		GLU	2
9E8Z_H	283	1	H	287		PRO	2
9E8Z_H	284	1	H	288		ALA	2
9E8Z_H	285	1	H	289		PHE	2
9E8Z_H	286	1	H	290		ILE	2
9E8Z_H	287	1	H	291		GLU	2
9E8Z_H	288	1	H	292		ARG	2
9E8Z_H	289	1	H	293		LEU	2
9E8Z_H	290	1	H	294		GLU	2
9E8Z_H	291	1	H	295		LYS	2
9E8Z_H	292	1	H	296		LYS	2
9E8Z_H	293	1	H	297		TYR	2
9E8Z_H	294	1	H	298		GLY	2
9E8Z_H	295	1	H	299		GLU	2
9E8Z_H	296	1	H	300		SER	2
9E8Z_H	297	1	H	301		THR	2
9E8Z_H	298	1	H	302		ILE	2
9E8Z_H	299	1	H	303		LYS	2
9E8Z_H	300	1	H	304		SER	2
9E8Z_H	301	1	H	305		ILE	2
9E8Z_H	302	1	H	306		LYS	2
9E8Z_H	303	1	H	307		LYS	2
9E8Z_H	304	1	H	308		TYR	2
9E8Z_H	305	1	H	309		SER	2
9HDO_A	0	1	A	249		THR	1
9HDO_A	1	1	A	250		TRP	1
9HDO_A	2	1	A	251		LYS	1
9HDO_A	3	1	A	252		LEU	1
9HDO_A	4	1	A	253		ASN	1
9HDO_A	5	1	A	254		ASN	1
9HDO_A	6	1	A	255		LEU	1
9HDO_A	7	1	A	256		LEU	1
9HDO_A	8	1	A	257		LEU	1
9HDO_A	9	1	A	258		ASN	1
9HDO_A	10	1	A	259		ASP	1
9HDO_A	11	1	A	260		TYR	1
9HDO_A	12	1	A	261		TRP	1
9HDO_A	13	1	A	262		VAL	1
9HDO_A	14	1	A	263		HIS	1
9HDO_A	15	1	A	264		ASN	1
9HDO_A	16	1	A	265		GLU	1
9HDO_A	17	1	A	266		MET	1
9HDO_A	18	1	A	267		LYS	1
9HDO_A	19	1	A	268		ALA	1
9HDO_A	20	1	A	269		GLU	1
9HDO_A	21	1	A	270		ILE	1
9HDO_A	22	1	A	271		LYS	1
9HDO_A	23	1	A	272		MET	1
9HDO_A	24	1	A	273		PHE	1
9HDO_A	25	1	A	274		PHE	1
9HDO_A	26	1	A	275		GLU	1
9HDO_A	27	1	A	276		THR	1
9HDO_A	28	1	A	277		ASN	1
9HDO_A	29	1	A	278		GLU	1
9HDO_A	30	1	A	279		ASN	1
9HDO_A	31	1	A	280		LYS	1
9HDO_A	32	1	A	281		ASP	1
9HDO_A	33	1	A	282		THR	1
9HDO_A	34	1	A	283		THR	1
9HDO_A	35	1	A	284		TYR	1
9HDO_A	36	1	A	285		GLN	1
9HDO_A	37	1	A	286		ASN	1
9HDO_A	38	1	A	287		LEU	1
9HDO_A	39	1	A	288		TRP	1
9HDO_A	40	1	A	289		ASP	1
9HDO_A	41	1	A	290		ALA	1
9HDO_A	42	1	A	291		PHE	1
9HDO_A	43	1	A	292		LYS	1
9HDO_A	44	1	A	293		ALA	1
9HDO_A	45	1	A	294		VAL	1
9HDO_A	46	1	A	295		CYS	1
9HDO_A	47	1	A	296		ARG	1
9HDO_A	48	1	A	297		GLY	1
9HDO_A	49	1	A	298		LYS	1
9HDO_A	50	1	A	299		PHE	1
9HDO_A	51	1	A	300		ILE	1
9HDO_A	52	1	A	301		ALA	1
9HDO_A	53	1	A	302		LEU	1
9HDO_A	54	1	A	303		ASN	1
9HDO_A	55	1	A	304		ALA	1
9HDO_A	56	1	A	305		TYR	1
9HDO_A	57	1	A	306		LYS	1
9HDO_A	58	1	A	307		ARG	1
9HDO_A	59	1	A	308		LYS	2
9HDO_A	60	1	A	309		GLN	2
9HDO_A	61	1	A	310		GLU	2
9HDO_A	62	1	A	311		ARG	2
9HDO_A	63	1	A	312		SER	2
9HDO_A	64	1	A	313		LYS	2
9HDO_A	65	1	A	314		ILE	2
9HDO_A	66	1	A	315		ASP	2
9HDO_A	67	1	A	316		THR	2
9HDO_A	68	1	A	317		LEU	2
9HDO_A	69	1	A	318		THR	2
9HDO_A	70	1	A	319		SER	2
9HDO_A	71	1	A	320		GLN	2
9HDO_A	72	1	A	321		LEU	2
9HDO_A	73	1	A	322		LYS	2
9HDO_A	74	1	A	323		GLU	2
9HDO_A	75	1	A	324		LEU	2
9HDO_A	76	1	A	325		GLU	2
9HDO_A	77	1	A	326		LYS	2
9HDO_A	78	1	A	327		GLN	2
9HDO_A	79	1	A	328		GLU	2
9HDO_A	80	1	A	329		GLN	2
9HDO_A	81	1	A	330		THR	2
9HDO_A	82	1	A	331		HIS	2
9HDO_A	83	1	A	332		SER	2
9HDO_A	84	1	A	333		LYS	2
9HDO_A	85	1	A	334		ALA	2
9HDO_A	86	1	A	335		SER	2
9HDO_A	87	1	A	336		ARG	2
9HDO_A	88	1	A	337		ARG	2
9HDO_A	89	1	A	338		GLN	2
9HDO_A	90	1	A	339		GLU	2
9HDO_A	91	1	A	340		ILE	2
9HDO_A	92	1	A	341		THR	2
9HDO_A	93	1	A	342		LYS	2
9HDO_A	94	1	A	343		ILE	2
9HDO_A	95	1	A	344		ARG	2
9HDO_A	96	1	A	345		ALA	2
9HDO_A	97	1	A	346		GLU	2
9HDO_A	98	1	A	347		LEU	2
9HDO_A	99	1	A	348		LYS	2
9HDO_A	100	1	A	349		GLU	2
9HDO_A	101	1	A	350		ILE	2
9HDO_A	102	1	A	351		GLU	2
9HDO_A	103	1	A	352		THR	3
9HDO_A	104	1	A	353		GLN	3
9HDO_A	105	1	A	354		LYS	3
9HDO_A	106	1	A	355		THR	3
9HDO_A	107	1	A	356		LEU	3
9HDO_A	108	1	A	357		GLN	3
9HDO_A	109	1	A	358		LYS	3
9HDO_A	110	1	A	359		ILE	3
9HDO_A	111	1	A	360		ASN	3
9HDO_A	112	1	A	361		GLU	3
9HDO_A	113	1	A	362		SER	3
9HDO_A	114	1	A	363		ARG	3
9HDO_A	115	1	A	364		SER	3
9HDO_A	116	1	A	365		TRP	3
9HDO_A	117	1	A	366		PHE	3
9HDO_A	118	1	A	367		PHE	3
9HDO_A	119	1	A	368		GLU	3
9HDO_A	120	1	A	369		ARG	3
9HDO_A	121	1	A	370		ILE	3
9HDO_A	122	1	A	371		ASN	3
9HDO_A	123	1	A	372		LYS	3
9HDO_A	124	1	A	373		ILE	3
9HDO_A	125	1	A	374		ASP	3
9HDO_A	126	1	A	375		ARG	3
9HDO_A	127	1	A	376		PRO	3
9HDO_A	128	1	A	377		LEU	3
9HDO_A	129	1	A	378		ALA	3
9HDO_A	130	1	A	379		ARG	3
9HDO_A	131	1	A	380		LEU	3
9HDO_A	132	1	A	381		ILE	3
9HDO_A	133	1	A	382		LYS	3
9HDO_A	134	1	A	383		LYS	3
9HDO_A	135	1	A	384		LYS	3
9HDO_A	136	1	A	385		ARG	3
9HDO_A	137	1	A	386		GLU	3
9HDO_A	138	1	A	387		LYS	3
9HDO_A	139	1	A	388		ASN	4
9HDO_A	140	1	A	389		GLN	4
9HDO_A	141	1	A	390		ILE	4
9HDO_A	142	1	A	391		ASP	4
9HDO_A	143	1	A	392		THR	4
9HDO_A	144	1	A	393		ILE	4
9HDO_A	145	1	A	394		LYS	4
9HDO_A	146	1	A	395		ASN	4
9HDO_A	147	1	A	396		ASP	4
9HDO_A	148	1	A	397		LYS	4
9HDO_A	149	1	A	398		GLY	4
9HDO_A	150	1	A	399		ASP	4
9HDO_A	151	1	A	400		ILE	4
9HDO_A	152	1	A	401		THR	4
9HDO_A	153	1	A	402		THR	4
9HDO_A	154	1	A	403		ASP	4
9HDO_A	155	1	A	404		PRO	4
9HDO_A	156	1	A	405		THR	4
9HDO_A	157	1	A	406		GLU	4
9HDO_A	158	1	A	407		ILE	4
9HDO_A	159	1	A	408		GLN	4
9HDO_A	160	1	A	409		THR	4
9HDO_A	161	1	A	410		THR	4
9HDO_A	162	1	A	411		ILE	4
9HDO_A	163	1	A	412		ARG	4
9HDO_A	164	1	A	413		GLU	4
9HDO_A	165	1	A	414		TYR	4
9HDO_A	166	1	A	415		TYR	4
9HDO_A	167	1	A	416		LYS	4
9HDO_A	168	1	A	417		HIS	4
9HDO_A	169	1	A	418		LEU	4
9HDO_A	170	1	A	419		TYR	4
9HDO_A	171	1	A	420		ALA	4
9HDO_A	172	1	A	421		ASN	4
9HDO_A	173	1	A	422		LYS	4
9HDO_A	174	1	A	423		LEU	4
9HDO_A	175	1	A	424		GLU	4
9HDO_A	176	1	A	425		ASN	4
9HDO_A	177	1	A	426		LEU	4
9HDO_A	178	1	A	427		GLU	4
9HDO_A	179	1	A	428		GLU	4
9HDO_A	180	1	A	429		MET	4
9HDO_A	181	1	A	430		ASP	4
9HDO_A	182	1	A	431		THR	4
9HDO_A	183	1	A	432		PHE	4
9HDO_A	184	1	A	433		LEU	4
9HDO_A	185	1	A	434		ASP	4
9HDO_A	186	1	A	435		THR	4
9HDO_A	187	1	A	436		TYR	4
9HDO_A	188	1	A	437		THR	4
9HDO_A	189	1	A	438		LEU	4
9HDO_A	190	1	A	439		PRO	4
9HDO_A	191	1	A	440		ARG	4
9HDO_A	192	1	A	441		LEU	4
9HDO_A	193	1	A	442		ASN	4
9HDO_A	194	1	A	443		GLN	4
9HDO_A	195	1	A	444		GLU	4
9HDO_A	196	1	A	445		GLU	4
9HDO_A	197	1	A	446		VAL	4
9HDO_A	198	1	A	447		GLU	4
9HDO_A	199	1	A	448		SER	4
9HDO_A	200	1	A	449		LEU	4
9HDO_A	201	1	A	450		ASN	4
9HDO_A	202	1	A	451		ARG	4
9HDO_A	203	1	A	452		PRO	4
9HDO_A	204	1	A	453		ILE	4
9HDO_A	205	1	A	454		THR	4
9HDO_A	206	1	A	455		GLY	4
9HDO_A	207	1	A	456		SER	4
9HDO_A	208	1	A	457		GLU	4
9HDO_A	209	1	A	458		ILE	4
9HDO_A	210	1	A	459		VAL	4
9HDO_A	211	1	A	460		ALA	4
9HDO_A	212	1	A	461		ILE	4
9HDO_A	213	1	A	462		ILE	4
9HDO_A	214	1	A	463		ASN	4
9HDO_A	215	1	A	464		SER	4
9HDO_A	216	1	A	465		LEU	4
9HDO_A	217	1	A	466		PRO	4
9HDO_A	218	1	A	467		THR	4
9HDO_A	219	1	A	468		LYS	4
9HDO_A	220	1	A	469		LYS	4
9HDO_A	221	1	A	470		SER	4
9HDO_A	222	1	A	471		PRO	4
9HDO_A	223	1	A	472		GLY	4
9HDO_A	224	1	A	473		PRO	4
9HDO_A	225	1	A	474		ASP	4
9HDO_A	226	1	A	475		GLY	4
9HDO_A	227	1	A	476		PHE	4
9HDO_A	228	1	A	477		THR	4
9HDO_A	229	1	A	478		ALA	4
9HDO_A	230	1	A	479		GLU	4
9HDO_A	231	1	A	480		PHE	4
9HDO_A	232	1	A	481		TYR	4
9HDO_A	233	1	A	482		GLN	4
9HDO_A	234	1	A	483		ARG	4
9HDO_A	235	1	A	484		TYR	4
9HDO_A	236	1	A	485		LYS	4
9HDO_A	237	1	A	486		GLU	4
9HDO_A	238	1	A	487		GLU	4
9HDO_A	239	1	A	488		LEU	4
9HDO_A	240	1	A	489		VAL	4
9HDO_A	241	1	A	490		PRO	4
9HDO_A	242	1	A	491		PHE	4
9HDO_A	243	1	A	492		LEU	4
9HDO_A	244	1	A	493		LEU	4
9HDO_A	245	1	A	494		LYS	4
9HDO_A	246	1	A	495		LEU	4
9HDO_A	247	1	A	496		PHE	4
9HDO_A	248	1	A	497		GLN	4
9HDO_A	249	1	A	498		SER	4
9HDO_A	250	1	A	499		ILE	4
9HDO_A	251	1	A	500		GLU	4
9HDO_A	252	1	A	501		LYS	4
9HDO_A	253	1	A	502		GLU	4
9HDO_A	254	1	A	503		GLY	4
9HDO_A	255	1	A	504		ILE	4
9HDO_A	256	1	A	505		LEU	4
9HDO_A	257	1	A	506		PRO	4
9HDO_A	258	1	A	507		ASN	4
9HDO_A	259	1	A	508		SER	4
9HDO_A	260	1	A	509		PHE	4
9HDO_A	261	1	A	510		TYR	4
9HDO_A	262	1	A	511		GLU	4
9HDO_A	263	1	A	512		ALA	4
9HDO_A	264	1	A	513		SER	4
9HDO_A	265	1	A	514		ILE	4
9HDO_A	266	1	A	515		ILE	4
9HDO_A	267	1	A	516		LEU	4
9HDO_A	268	1	A	517		ILE	4
9HDO_A	269	1	A	518		PRO	4
9HDO_A	270	1	A	519		LYS	4
9HDO_A	271	1	A	520		PRO	4
9HDO_A	272	1	A	521		GLY	4
9HDO_A	273	1	A	522		ARG	4
9HDO_A	274	1	A	523		ASP	4
9HDO_A	275	1	A	524		THR	4
9HDO_A	276	1	A	525		THR	4
9HDO_A	277	1	A	526		LYS	4
9HDO_A	278	1	A	527		LYS	4
9HDO_A	279	1	A	528		GLU	4
9HDO_A	280	1	A	529		ASN	4
9HDO_A	281	1	A	530		PHE	4
9HDO_A	282	1	A	531		ARG	4
9HDO_A	283	1	A	532		PRO	4
9HDO_A	284	1	A	533		ILE	4
9HDO_A	285	1	A	534		SER	4
9HDO_A	286	1	A	535		LEU	4
9HDO_A	287	1	A	536		MET	4
9HDO_A	288	1	A	537		ASN	4
9HDO_A	289	1	A	538		ILE	4
9HDO_A	290	1	A	539		ASP	4
9HDO_A	291	1	A	540		ALA	4
9HDO_A	292	1	A	541		LYS	4
9HDO_A	293	1	A	542		ILE	4
9HDO_A	294	1	A	543		LEU	4
9HDO_A	295	1	A	544		ASN	4
9HDO_A	296	1	A	545		LYS	4
9HDO_A	297	1	A	546		ILE	4
9HDO_A	298	1	A	547		LEU	4
9HDO_A	299	1	A	548		ALA	4
9HDO_A	300	1	A	549		ASN	4
9HDO_A	301	1	A	550		ARG	4
9HDO_A	302	1	A	551		ILE	4
9HDO_A	303	1	A	552		GLN	4
9HDO_A	304	1	A	553		GLN	4
9HDO_A	305	1	A	554		HIS	4
9HDO_A	306	1	A	555		ILE	4
9HDO_A	307	1	A	556		LYS	4
9HDO_A	308	1	A	557		LYS	4
9HDO_A	309	1	A	558		LEU	4
9HDO_A	310	1	A	559		ILE	4
9HDO_A	311	1	A	560		HIS	4
9HDO_A	312	1	A	561		HIS	4
9HDO_A	313	1	A	562		ASP	4
9HDO_A	314	1	A	563		GLN	4
9HDO_A	315	1	A	564		VAL	4
9HDO_A	316	1	A	565		GLY	4
9HDO_A	317	1	A	566		PHE	4
9HDO_A	318	1	A	567		ILE	4
9HDO_A	319	1	A	568		PRO	4
9HDO_A	320	1	A	569		GLY	4
9HDO_A	321	1	A	570		MET	4
9HDO_A	322	1	A	571		GLN	4
9HDO_A	323	1	A	572		GLY	4
9HDO_A	324	1	A	573		TRP	4
9HDO_A	325	1	A	574		PHE	4
9HDO_A	326	1	A	575		ASN	4
9HDO_A	327	1	A	576		ILE	4
9HDO_A	328	1	A	577		ARG	4
9HDO_A	329	1	A	578		LYS	4
9HDO_A	330	1	A	579		SER	4
9HDO_A	331	1	A	580		ILE	4
9HDO_A	332	1	A	581		ASN	4
9HDO_A	333	1	A	582		VAL	4
9HDO_A	334	1	A	583		ILE	4
9HDO_A	335	1	A	584		GLN	4
9HDO_A	336	1	A	585		HIS	4
9HDO_A	337	1	A	586		ILE	4
9HDO_A	338	1	A	587		ASN	4
9HDO_A	339	1	A	588		ARG	4
9HDO_A	340	1	A	589		ALA	4
9HDO_A	341	1	A	590		LYS	4
9HDO_A	342	1	A	591		ASP	4
9HDO_A	343	1	A	592		LYS	4
9HDO_A	344	1	A	593		ASN	4
9HDO_A	345	1	A	594		HIS	4
9HDO_A	346	1	A	595		MET	4
9HDO_A	347	1	A	596		ILE	4
9HDO_A	348	1	A	597		ILE	4
9HDO_A	349	1	A	598		SER	4
9HDO_A	350	1	A	599		ILE	4
9HDO_A	351	1	A	600		ASP	4
9HDO_A	352	1	A	601		ALA	4
9HDO_A	353	1	A	602		GLU	4
9HDO_A	354	1	A	603		LYS	4
9HDO_A	355	1	A	604		ALA	4
9HDO_A	356	1	A	605		PHE	4
9HDO_A	357	1	A	606		ASP	4
9HDO_A	358	1	A	607		LYS	4
9HDO_A	359	1	A	608		ILE	4
9HDO_A	360	1	A	609		GLN	4
9HDO_A	361	1	A	610		GLN	4
9HDO_A	362	1	A	611		PRO	4
9HDO_A	363	1	A	612		PHE	4
9HDO_A	364	1	A	613		MET	4
9HDO_A	365	1	A	614		LEU	4
9HDO_A	366	1	A	615		LYS	4
9HDO_A	367	1	A	616		THR	4
9HDO_A	368	1	A	617		LEU	4
9HDO_A	369	1	A	618		ASN	4
9HDO_A	370	1	A	619		LYS	4
9HDO_A	371	1	A	620		LEU	4
9HDO_A	372	1	A	621		GLY	4
9HDO_A	373	1	A	622		ILE	4
9HDO_A	374	1	A	623		ASP	4
9HDO_A	375	1	A	624		GLY	4
9HDO_A	376	1	A	625		THR	4
9HDO_A	377	1	A	626		TYR	4
9HDO_A	378	1	A	627		PHE	4
9HDO_A	379	1	A	628		LYS	4
9HDO_A	380	1	A	629		ILE	4
9HDO_A	381	1	A	630		ILE	4
9HDO_A	382	1	A	631		ARG	4
9HDO_A	383	1	A	632		ALA	4
9HDO_A	384	1	A	633		ILE	4
9HDO_A	385	1	A	634		TYR	4
9HDO_A	386	1	A	635		ASP	4
9HDO_A	387	1	A	636		LYS	4
9HDO_A	388	1	A	637		PRO	4
9HDO_A	389	1	A	638		THR	4
9HDO_A	390	1	A	639		ALA	4
9HDO_A	391	1	A	640		ASN	4
9HDO_A	392	1	A	641		ILE	4
9HDO_A	393	1	A	642		ILE	4
9HDO_A	394	1	A	643		LEU	4
9HDO_A	395	1	A	644		ASN	4
9HDO_A	396	1	A	645		GLY	4
9HDO_A	397	1	A	646		GLN	4
9HDO_A	398	1	A	647		LYS	4
9HDO_A	399	1	A	648		LEU	4
9HDO_A	400	1	A	649		GLU	4
9HDO_A	401	1	A	650		ALA	4
9HDO_A	402	1	A	651		PHE	4
9HDO_A	403	1	A	652		PRO	4
9HDO_A	404	1	A	653		LEU	4
9HDO_A	405	1	A	654		LYS	4
9HDO_A	406	1	A	655		THR	4
9HDO_A	407	1	A	656		GLY	4
9HDO_A	408	1	A	657		THR	4
9HDO_A	409	1	A	658		ARG	4
9HDO_A	410	1	A	659		GLN	4
9HDO_A	411	1	A	660		GLY	4
9HDO_A	412	1	A	661		CYS	4
9HDO_A	413	1	A	662		PRO	4
9HDO_A	414	1	A	663		LEU	4
9HDO_A	415	1	A	664		SER	4
9HDO_A	416	1	A	665		PRO	4
9HDO_A	417	1	A	666		LEU	4
9HDO_A	418	1	A	667		LEU	4
9HDO_A	419	1	A	668		PHE	4
9HDO_A	420	1	A	669		ASN	4
9HDO_A	421	1	A	670		ILE	4
9HDO_A	422	1	A	671		VAL	4
9HDO_A	423	1	A	672		LEU	4
9HDO_A	424	1	A	673		GLU	4
9HDO_A	425	1	A	674		VAL	4
9HDO_A	426	1	A	675		LEU	4
9HDO_A	427	1	A	676		ALA	4
9HDO_A	428	1	A	677		ARG	4
9HDO_A	429	1	A	678		ALA	4
9HDO_A	430	1	A	679		ILE	4
9HDO_A	431	1	A	680		ARG	4
9HDO_A	432	1	A	681		GLN	4
9HDO_A	433	1	A	682		GLU	4
9HDO_A	434	1	A	683		LYS	4
9HDO_A	435	1	A	684		GLU	4
9HDO_A	436	1	A	685		ILE	4
9HDO_A	437	1	A	686		LYS	4
9HDO_A	438	1	A	687		GLY	4
9HDO_A	439	1	A	688		ILE	4
9HDO_A	440	1	A	689		GLN	4
9HDO_A	441	1	A	690		LEU	4
9HDO_A	442	1	A	691		GLY	4
9HDO_A	443	1	A	692		LYS	4
9HDO_A	444	1	A	693		GLU	4
9HDO_A	445	1	A	694		GLU	4
9HDO_A	446	1	A	695		VAL	4
9HDO_A	447	1	A	696		LYS	4
9HDO_A	448	1	A	697		LEU	4
9HDO_A	449	1	A	698		SER	4
9HDO_A	450	1	A	699		LEU	4
9HDO_A	451	1	A	700		PHE	4
9HDO_A	452	1	A	701		ALA	4
9HDO_A	453	1	A	702		ASP	4
9HDO_A	454	1	A	703		ASP	4
9HDO_A	455	1	A	704		MET	4
9HDO_A	456	1	A	705		ILE	4
9HDO_A	457	1	A	706		VAL	4
9HDO_A	458	1	A	707		TYR	4
9HDO_A	459	1	A	708		LEU	4
9HDO_A	460	1	A	709		GLU	4
9HDO_A	461	1	A	710		ASN	4
9HDO_A	462	1	A	711		PRO	4
9HDO_A	463	1	A	712		ILE	4
9HDO_A	464	1	A	713		VAL	4
9HDO_A	465	1	A	714		SER	4
9HDO_A	466	1	A	715		ALA	4
9HDO_A	467	1	A	716		GLN	4
9HDO_A	468	1	A	717		ASN	4
9HDO_A	469	1	A	718		LEU	4
9HDO_A	470	1	A	719		LEU	4
9HDO_A	471	1	A	720		LYS	4
9HDO_A	472	1	A	721		LEU	4
9HDO_A	473	1	A	722		ILE	4
9HDO_A	474	1	A	723		SER	4
9HDO_A	475	1	A	724		ASN	4
9HDO_A	476	1	A	725		PHE	4
9HDO_A	477	1	A	726		SER	4
9HDO_A	478	1	A	727		LYS	4
9HDO_A	479	1	A	728		VAL	4
9HDO_A	480	1	A	729		SER	4
9HDO_A	481	1	A	730		GLY	4
9HDO_A	482	1	A	731		TYR	4
9HDO_A	483	1	A	732		LYS	4
9HDO_A	484	1	A	733		ILE	4
9HDO_A	485	1	A	734		ASN	4
9HDO_A	486	1	A	735		VAL	4
9HDO_A	487	1	A	736		GLN	4
9HDO_A	488	1	A	737		LYS	4
9HDO_A	489	1	A	738		SER	4
9HDO_A	490	1	A	739		GLN	4
9HDO_A	491	1	A	740		ALA	4
9HDO_A	492	1	A	741		PHE	4
9HDO_A	493	1	A	742		LEU	4
9HDO_A	494	1	A	743		TYR	4
9HDO_A	495	1	A	744		THR	4
9HDO_A	496	1	A	745		ASN	4
9HDO_A	497	1	A	746		ASN	4
9HDO_A	498	1	A	747		ARG	4
9HDO_A	499	1	A	748		GLN	4
9HDO_A	500	1	A	749		THR	4
9HDO_A	501	1	A	750		GLU	4
9HDO_A	502	1	A	751		SER	4
9HDO_A	503	1	A	752		GLN	4
9HDO_A	504	1	A	753		ILE	4
9HDO_A	505	1	A	754		MET	4
9HDO_A	506	1	A	755		GLY	4
9HDO_A	507	1	A	756		GLU	4
9HDO_A	508	1	A	757		LEU	4
9HDO_A	509	1	A	758		PRO	4
9HDO_A	510	1	A	759		PHE	4
9HDO_A	511	1	A	760		THR	4
9HDO_A	512	1	A	761		ILE	4
9HDO_A	513	1	A	762		ALA	4
9HDO_A	514	1	A	763		SER	4
9HDO_A	515	1	A	764		LYS	4
9HDO_A	516	1	A	765		ARG	4
9HDO_A	517	1	A	766		ILE	4
9HDO_A	518	1	A	767		LYS	4
9HDO_A	519	1	A	768		TYR	4
9HDO_A	520	1	A	769		LEU	4
9HDO_A	521	1	A	770		GLY	4
9HDO_A	522	1	A	771		ILE	4
9HDO_A	523	1	A	772		GLN	4
9HDO_A	524	1	A	773		LEU	4
9HDO_A	525	1	A	774		THR	4
9HDO_A	526	1	A	775		ARG	4
9HDO_A	527	1	A	776		ASP	4
9HDO_A	528	1	A	777		VAL	4
9HDO_A	529	1	A	778		LYS	4
9HDO_A	530	1	A	779		ASP	4
9HDO_A	531	1	A	780		LEU	4
9HDO_A	532	1	A	781		PHE	4
9HDO_A	533	1	A	782		LYS	4
9HDO_A	534	1	A	783		GLU	4
9HDO_A	535	1	A	784		ASN	5
9HDO_A	536	1	A	785		TYR	5
9HDO_A	537	1	A	786		LYS	5
9HDO_A	538	1	A	787		PRO	5
9HDO_A	539	1	A	788		LEU	5
9HDO_A	540	1	A	789		LEU	5
9HDO_A	541	1	A	790		LYS	5
9HDO_A	542	1	A	791		GLU	5
9HDO_A	543	1	A	792		ILE	5
9HDO_A	544	1	A	793		LYS	5
9HDO_A	545	1	A	794		GLU	5
9HDO_A	546	1	A	795		GLU	5
9HDO_A	547	1	A	796		THR	5
9HDO_A	548	1	A	797		ASN	5
9HDO_A	549	1	A	798		LYS	5
9HDO_A	550	1	A	799		TRP	5
9HDO_A	551	1	A	800		LYS	5
9HDO_A	552	1	A	801		ASN	5
9HDO_A	553	1	A	802		ILE	5
9HDO_A	554	1	A	803		PRO	5
9HDO_A	555	1	A	804		CYS	5
9HDO_A	556	1	A	805		SER	5
9HDO_A	557	1	A	806		TRP	5
9HDO_A	558	1	A	807		VAL	5
9HDO_A	559	1	A	808		GLY	5
9HDO_A	560	1	A	809		ARG	5
9HDO_A	561	1	A	810		ILE	5
9HDO_A	562	1	A	811		ASN	5
9HDO_A	563	1	A	812		ILE	5
9HDO_A	564	1	A	813		VAL	5
9HDO_A	565	1	A	814		LYS	5
9HDO_A	566	1	A	815		MET	5
9HDO_A	567	1	A	816		ALA	5
9HDO_A	568	1	A	817		ILE	5
9HDO_A	569	1	A	818		LEU	5
9HDO_A	570	1	A	819		PRO	5
9HDO_A	571	1	A	820		LYS	5
9HDO_A	572	1	A	821		VAL	5
9HDO_A	573	1	A	822		ILE	5
9HDO_A	574	1	A	823		TYR	5
9HDO_A	575	1	A	824		ARG	5
9HDO_A	576	1	A	825		PHE	5
9HDO_A	577	1	A	826		ASN	5
9HDO_A	578	1	A	827		ALA	5
9HDO_A	579	1	A	828		ILE	5
9HDO_A	580	1	A	829		PRO	5
9HDO_A	581	1	A	830		ILE	5
9HDO_A	582	1	A	831		LYS	5
9HDO_A	583	1	A	832		LEU	5
9HDO_A	584	1	A	833		PRO	5
9HDO_A	585	1	A	834		MET	5
9HDO_A	586	1	A	835		THR	5
9HDO_A	587	1	A	836		PHE	5
9HDO_A	588	1	A	837		PHE	5
9HDO_A	589	1	A	838		THR	5
9HDO_A	590	1	A	839		GLU	5
9HDO_A	591	1	A	840		LEU	5
9HDO_A	592	1	A	841		GLU	5
9HDO_A	593	1	A	842		LYS	5
9HDO_A	594	1	A	843		THR	5
9HDO_A	595	1	A	844		THR	5
9HDO_A	596	1	A	845		LEU	5
9HDO_A	597	1	A	846		LYS	5
9HDO_A	598	1	A	847		PHE	5
9HDO_A	599	1	A	848		ILE	5
9HDO_A	600	1	A	849		TRP	5
9HDO_A	601	1	A	850		ASN	5
9HDO_A	602	1	A	851		GLN	5
9HDO_A	603	1	A	852		LYS	5
9HDO_A	604	1	A	853		ARG	5
9HDO_A	605	1	A	854		ALA	5
9HDO_A	606	1	A	855		ARG	5
9HDO_A	607	1	A	856		ILE	5
9HDO_A	608	1	A	857		ALA	5
9HDO_A	609	1	A	858		LYS	5
9HDO_A	610	1	A	859		SER	5
9HDO_A	611	1	A	860		ILE	5
9HDO_A	612	1	A	861		LEU	5
9HDO_A	613	1	A	862		SER	5
9HDO_A	614	1	A	863		GLN	5
9HDO_A	615	1	A	864		LYS	5
9HDO_A	616	1	A	865		ASN	5
9HDO_A	617	1	A	866		LYS	5
9HDO_A	618	1	A	867		ALA	5
9HDO_A	619	1	A	868		GLY	5
9HDO_A	620	1	A	869		GLY	5
9HDO_A	621	1	A	870		ILE	5
9HDO_A	622	1	A	871		THR	5
9HDO_A	623	1	A	872		LEU	5
9HDO_A	624	1	A	873		PRO	5
9HDO_A	625	1	A	874		ASP	5
9HDO_A	626	1	A	875		PHE	5
9HDO_A	627	1	A	876		LYS	5
9HDO_A	628	1	A	877		LEU	5
9HDO_A	629	1	A	878		TYR	5
9HDO_A	630	1	A	879		TYR	5
9HDO_A	631	1	A	880		LYS	6
9HDO_A	632	1	A	881		ALA	6
9HDO_A	633	1	A	882		THR	6
9HDO_A	634	1	A	883		VAL	6
9HDO_A	635	1	A	884		THR	6
9HDO_A	636	1	A	885		LYS	6
9HDO_A	637	1	A	886		THR	6
9HDO_A	638	1	A	887		ALA	6
9HDO_A	639	1	A	888		TRP	6
9HDO_A	640	1	A	889		TYR	6
9HDO_A	641	1	A	890		TRP	6
9HDO_A	642	1	A	891		TYR	6
9HDO_A	643	1	A	892		GLN	6
9HDO_A	644	1	A	893		ASN	6
9HDO_A	645	1	A	894		ARG	6
9HDO_A	646	1	A	895		ASP	6
9HDO_A	647	1	A	896		ILE	6
9HDO_A	648	1	A	897		ASP	6
9HDO_A	649	1	A	898		GLN	6
9HDO_A	650	1	A	899		TRP	6
9HDO_A	651	1	A	900		ASN	6
9HDO_A	652	1	A	901		ARG	6
9HDO_A	653	1	A	902		THR	6
9HDO_A	654	1	A	903		GLU	6
9HDO_A	655	1	A	904		PRO	6
9HDO_A	656	1	A	905		SER	6
9HDO_A	657	1	A	906		GLU	6
9HDO_A	658	1	A	907		ILE	6
9HDO_A	659	1	A	908		MET	6
9HDO_A	660	1	A	909		PRO	6
9HDO_A	661	1	A	910		HIS	6
9HDO_A	662	1	A	911		ILE	6
9HDO_A	663	1	A	912		TYR	6
9HDO_A	664	1	A	913		ASN	6
9HDO_A	665	1	A	914		TYR	6
9HDO_A	666	1	A	915		LEU	6
9HDO_A	667	1	A	916		ILE	6
9HDO_A	668	1	A	917		PHE	6
9HDO_A	669	1	A	918		ASP	6
9HDO_A	670	1	A	919		LYS	6
9HDO_A	671	1	A	920		PRO	6
9HDO_A	672	1	A	921		GLU	6
9HDO_A	673	1	A	922		LYS	6
9HDO_A	674	1	A	923		ASN	6
9HDO_A	675	1	A	924		LYS	6
9HDO_A	676	1	A	925		GLN	6
9HDO_A	677	1	A	926		TRP	6
9HDO_A	678	1	A	927		GLY	6
9HDO_A	679	1	A	928		LYS	6
9HDO_A	680	1	A	929		ASP	6
9HDO_A	681	1	A	930		SER	6
9HDO_A	682	1	A	931		LEU	6
9HDO_A	683	1	A	932		PHE	6
9HDO_A	684	1	A	933		ASN	6
9HDO_A	685	1	A	934		LYS	6
9HDO_A	686	1	A	935		TRP	6
9HDO_A	687	1	A	936		CYS	6
9HDO_A	688	1	A	937		TRP	6
9HDO_A	689	1	A	938		GLU	6
9HDO_A	690	1	A	939		ASN	6
9HDO_A	691	1	A	940		TRP	6
9HDO_A	692	1	A	941		LEU	6
9HDO_A	693	1	A	942		ALA	6
9HDO_A	694	1	A	943		ILE	6
9HDO_A	695	1	A	944		CYS	6
9HDO_A	696	1	A	945		ARG	6
9HDO_A	697	1	A	946		LYS	6
9HDO_A	698	1	A	947		LEU	6
9HDO_A	699	1	A	948		LYS	6
9HDO_A	700	1	A	949		LEU	6
9HDO_A	701	1	A	950		ASP	6
9HDO_A	702	1	A	951		PRO	6
9HDO_A	703	1	A	952		PHE	6
9HDO_A	704	1	A	953		LEU	6
9HDO_A	705	1	A	954		THR	6
9HDO_A	706	1	A	955		PRO	7
9HDO_A	707	1	A	956		TYR	7
9HDO_A	708	1	A	957		THR	7
9HDO_A	709	1	A	958		LYS	7
9HDO_A	710	1	A	959		ILE	7
9HDO_A	711	1	A	960		ASN	7
9HDO_A	712	1	A	961		SER	7
9HDO_A	713	1	A	962		ARG	7
9HDO_A	714	1	A	963		TRP	7
9HDO_A	715	1	A	964		ILE	7
9HDO_A	716	1	A	965		LYS	7
9HDO_A	717	1	A	966		ASP	7
9HDO_A	718	1	A	967		LEU	7
9HDO_A	719	1	A	968		ASN	7
9HDO_A	720	1	A	969		VAL	7
9HDO_A	721	1	A	970		LYS	7
9HDO_A	722	1	A	971		PRO	7
9HDO_A	723	1	A	972		LYS	7
9HDO_A	724	1	A	973		THR	7
9HDO_A	725	1	A	974		ILE	7
9HDO_A	726	1	A	975		LYS	7
9HDO_A	727	1	A	976		THR	7
9HDO_A	728	1	A	977		LEU	7
9HDO_A	729	1	A	978		GLU	7
9HDO_A	730	1	A	979		GLU	7
9HDO_A	731	1	A	980		ASN	7
9HDO_A	732	1	A	981		LEU	7
9HDO_A	733	1	A	982		GLY	7
9HDO_A	734	1	A	983		ILE	7
9HDO_A	735	1	A	984		THR	7
9HDO_A	736	1	A	985		ILE	7
9HDO_A	737	1	A	986		GLN	7
9HDO_A	738	1	A	987		ASP	7
9HDO_A	739	1	A	988		ILE	7
9HDO_A	740	1	A	989		GLY	7
9HDO_A	741	1	A	990		VAL	7
9HDO_A	742	1	A	991		GLY	7
9HDO_A	743	1	A	992		LYS	7
9HDO_A	744	1	A	993		ASP	7
9HDO_A	745	1	A	994		PHE	7
9HDO_A	746	1	A	995		MET	7
9HDO_A	747	1	A	996		SER	7
9HDO_A	748	1	A	997		LYS	7
9HDO_A	749	1	A	998		THR	7
9HDO_A	750	1	A	999		PRO	7
9HDO_A	751	1	A	1000		LYS	7
9HDO_A	752	1	A	1001		ALA	7
9HDO_A	753	1	A	1002		MET	7
9HDO_A	754	1	A	1003		ALA	7
9HDO_A	755	1	A	1004		THR	7
9HDO_A	756	1	A	1005		LYS	7
9HDO_A	757	1	A	1006		ASP	7
9HDO_A	758	1	A	1007		LYS	7
9HDO_A	759	1	A	1008		ILE	7
9HDO_A	760	1	A	1009		ASP	7
9HDO_A	761	1	A	1010		LYS	7
9HDO_A	762	1	A	1011		TRP	7
9HDO_A	763	1	A	1012		ASP	7
9HDO_A	764	1	A	1013		LEU	7
9HDO_A	765	1	A	1014		ILE	7
9HDO_A	766	1	A	1015		LYS	7
9HDO_A	767	1	A	1016		LEU	7
9HDO_A	768	1	A	1017		LYS	7
9HDO_A	769	1	A	1018		SER	7
9HDO_A	770	1	A	1019		PHE	7
9HDO_A	771	1	A	1020		CYS	7
9HDO_A	772	1	A	1021		THR	7
9HDO_A	773	1	A	1022		ALA	7
9HDO_A	774	1	A	1023		LYS	7
9HDO_A	775	1	A	1024		GLU	7
9HDO_A	776	1	A	1025		THR	7
9HDO_A	777	1	A	1026		THR	7
9HDO_A	778	1	A	1027		ILE	7
9HDO_A	779	1	A	1028		ARG	7
9HDO_A	780	1	A	1029		VAL	7
9HDO_A	781	1	A	1030		ASN	7
9HDO_A	782	1	A	1031		ARG	7
9HDO_A	783	1	A	1032		GLN	7
9HDO_A	784	1	A	1033		PRO	6
9HDO_A	785	1	A	1034		THR	6
9HDO_A	786	1	A	1035		THR	6
9HDO_A	787	1	A	1036		TRP	6
9HDO_A	788	1	A	1037		GLU	6
9HDO_A	789	1	A	1038		LYS	6
9HDO_A	790	1	A	1039		ILE	6
9HDO_A	791	1	A	1040		PHE	6
9HDO_A	792	1	A	1041		ALA	6
9HDO_A	793	1	A	1042		THR	6
9HDO_A	794	1	A	1043		TYR	6
9HDO_A	795	1	A	1044		SER	6
9HDO_A	796	1	A	1045		SER	6
9HDO_A	797	1	A	1046		ASP	6
9HDO_A	798	1	A	1047		LYS	6
9HDO_A	799	1	A	1048		GLY	6
9HDO_A	800	1	A	1049		LEU	6
9HDO_A	801	1	A	1050		ILE	6
9HDO_A	802	1	A	1051		SER	6
9HDO_A	803	1	A	1052		ARG	6
9HDO_A	804	1	A	1053		ILE	6
9HDO_A	805	1	A	1054		TYR	6
9HDO_A	806	1	A	1055		ASN	6
9HDO_A	807	1	A	1056		GLU	6
9HDO_A	808	1	A	1057		LEU	6
9HDO_A	809	1	A	1058		LYS	6
9HDO_A	810	1	A	1059		GLN	6
9HDO_A	811	1	A	1060		ILE	6
9HDO_A	812	1	A	1061		TYR	6
9HDO_A	813	1	A	1062		LYS	6
9HDO_A	814	1	A	1063		LYS	6
9HDO_A	815	1	A	1064		LYS	6
9HDO_A	816	1	A	1065		THR	6
9HDO_A	817	1	A	1066		ASN	6
9HDO_A	818	1	A	1067		ASN	3
9HDO_A	819	1	A	1068		PRO	3
9HDO_A	820	1	A	1069		ILE	3
9HDO_A	821	1	A	1070		LYS	3
9HDO_A	822	1	A	1071		LYS	3
9HDO_A	823	1	A	1072		TRP	3
9HDO_A	824	1	A	1073		ALA	3
9HDO_A	825	1	A	1074		LYS	3
9HDO_A	826	1	A	1075		ASP	3
9HDO_A	827	1	A	1076		MET	3
9HDO_A	828	1	A	1077		ASN	3
9HDO_A	829	1	A	1078		ARG	3
9HDO_A	830	1	A	1079		HIS	3
9HDO_A	831	1	A	1080		PHE	3
9HDO_A	832	1	A	1081		SER	3
9HDO_A	833	1	A	1082		LYS	3
9HDO_A	834	1	A	1083		GLU	3
9HDO_A	835	1	A	1084		ASP	3
9HDO_A	836	1	A	1085		ILE	3
9HDO_A	837	1	A	1086		TYR	3
9HDO_A	838	1	A	1087		ALA	3
9HDO_A	839	1	A	1088		ALA	3
9HDO_A	840	1	A	1089		LYS	3
9HDO_A	841	1	A	1090		LYS	3
9HDO_A	842	1	A	1091		HIS	3
9HDO_A	843	1	A	1092		MET	3
9HDO_A	844	1	A	1093		LYS	3
9HDO_A	845	1	A	1094		LYS	3
9HDO_A	846	1	A	1095		CYS	3
9HDO_A	847	1	A	1096		SER	3
9HDO_A	848	1	A	1097		SER	3
9HDO_A	849	1	A	1098		SER	3
9HDO_A	850	1	A	1099		LEU	3
9HDO_A	851	1	A	1100		ALA	3
9HDO_A	852	1	A	1101		ILE	3
9HDO_A	853	1	A	1102		ARG	3
9HDO_A	854	1	A	1103		GLU	3
9HDO_A	855	1	A	1104		MET	3
9HDO_A	856	1	A	1105		GLN	3
9HDO_A	857	1	A	1106		ILE	3
9HDO_A	858	1	A	1107		LYS	3
9HDO_A	859	1	A	1108		THR	3
9HDO_A	860	1	A	1109		THR	3
9HDO_A	861	1	A	1110		MET	3
9HDO_A	862	1	A	1111		ARG	3
9HDO_A	863	1	A	1112		TYR	3
9HDO_A	864	1	A	1113		HIS	3
9HDO_A	865	1	A	1114		LEU	3
9HDO_A	866	1	A	1115		THR	3
9HDO_A	867	1	A	1116		PRO	3
9HDO_A	868	1	A	1117		VAL	3
9HDO_A	869	1	A	1118		ARG	3
9HDO_A	870	1	A	1119		MET	3
9HDO_A	871	1	A	1120		ALA	3
9HDO_A	872	1	A	1121		ILE	3
9HDO_A	873	1	A	1122		ILE	3
9HDO_A	874	1	A	1123		LYS	3
9HDO_A	875	1	A	1124		LYS	3
9HDO_A	876	1	A	1125		SER	3
9HDO_A	877	1	A	1126		GLY	3
9HDO_A	878	1	A	1127		ASN	3
9HDO_A	879	1	A	1128		ASN	3
9HDO_A	880	1	A	1129		ARG	3
9HDO_A	881	1	A	1130		CYS	3
9HDO_A	882	1	A	1131		TRP	3
9HDO_A	883	1	A	1132		ARG	3
9HDO_A	884	1	A	1133		GLY	3
9HDO_A	885	1	A	1134		CYS	3
9HDO_A	886	1	A	1135		GLY	3
9HDO_A	887	1	A	1136		GLU	3
9HDO_A	888	1	A	1137		ILE	3
9HDO_A	889	1	A	1138		GLY	3
9HDO_A	890	1	A	1139		THR	3
9HDO_A	891	1	A	1140		LEU	3
9HDO_A	892	1	A	1141		LEU	3
9HDO_A	893	1	A	1142		HIS	3
9HDO_A	894	1	A	1143		CYS	3
9HDO_A	895	1	A	1144		TRP	3
9HDO_A	896	1	A	1145		TRP	3
9HDO_A	897	1	A	1146		ASP	3
9HDO_A	898	1	A	1147		CYS	3
9HDO_A	899	1	A	1148		LYS	3
9HDO_A	900	1	A	1149		LEU	3
9HDO_A	901	1	A	1150		VAL	3
9HDO_A	902	1	A	1151		GLN	3
9HDO_A	903	1	A	1152		PRO	3
9HDO_A	904	1	A	1153		LEU	3
9HDO_A	905	1	A	1154		TRP	3
9HDO_A	906	1	A	1155		LYS	3
9HDO_A	907	1	A	1156		SER	3
9HDO_A	908	1	A	1157		VAL	3
9HDO_A	909	1	A	1158		TRP	3
9HDO_A	910	1	A	1159		ARG	3
9HDO_A	911	1	A	1160		PHE	3
9HDO_A	912	1	A	1161		LEU	3
9HDO_A	913	1	A	1162		ARG	3
9HDO_A	914	1	A	1163		ASP	3
9HDO_A	915	1	A	1164		LEU	3
9HDO_A	916	1	A	1165		GLU	3
9HDO_A	917	1	A	1166		LEU	3
9HDO_A	918	1	A	1167		GLU	3
9HDO_A	919	1	A	1168		ILE	3
9HDO_A	920	1	A	1169		PRO	3
9HDO_A	921	1	A	1170		PHE	3
9HDO_A	922	1	A	1171		ASP	3
9HDO_A	923	1	A	1172		PRO	3
9HDO_A	924	1	A	1173		ALA	3
9HDO_A	925	1	A	1174		ILE	3
9HDO_A	926	1	A	1175		PRO	3
9HDO_A	927	1	A	1176		LEU	3
9HDO_A	928	1	A	1177		LEU	3
9HDO_A	929	1	A	1178		GLY	3
9HDO_A	930	1	A	1179		ILE	3
9HDO_A	931	1	A	1180		TYR	3
9HDO_A	932	1	A	1181		PRO	3
9HDO_A	933	1	A	1182		ASN	3
9HDO_A	934	1	A	1183		GLU	3
9HDO_A	935	1	A	1184		TYR	3
9HDO_A	936	1	A	1185		LYS	3
9HDO_A	937	1	A	1186		SER	3
9HDO_A	938	1	A	1187		CYS	3
9HDO_A	939	1	A	1188		CYS	3
9HDO_A	940	1	A	1189		TYR	3
9HDO_A	941	1	A	1190		LYS	3
9HDO_A	942	1	A	1191		ASP	3
9HDO_A	943	1	A	1192		THR	3
9HDO_A	944	1	A	1193		CYS	3
9HDO_A	945	1	A	1194		THR	3
9HDO_A	946	1	A	1195		ARG	3
9HDO_A	947	1	A	1196		MET	3
9HDO_A	948	1	A	1197		PHE	3
9HDO_A	949	1	A	1198		ILE	3
9HDO_A	950	1	A	1199		ALA	3
9HDO_A	951	1	A	1200		ALA	3
9HDO_A	952	1	A	1201		LEU	3
9HDO_A	953	1	A	1202		PHE	3
9HDO_A	954	1	A	1203		THR	3
9HDO_A	955	1	A	1204		ILE	3
9HDO_A	956	1	A	1205		ALA	3
9HDO_A	957	1	A	1206		LYS	3
9HDO_A	958	1	A	1207		THR	3
9HDO_A	959	1	A	1208		TRP	3
9HDO_A	960	1	A	1209		ASN	3
9HDO_A	961	1	A	1210		GLN	3
9HDO_A	962	1	A	1211		PRO	3
9HDO_A	963	1	A	1212		LYS	3
9HDO_A	964	1	A	1213		CYS	3
9HDO_A	965	1	A	1214		PRO	3
9HDO_A	966	1	A	1215		THR	3
9HDO_A	967	1	A	1216		MET	3
9HDO_A	968	1	A	1217		ILE	3
9HDO_A	969	1	A	1218		ASP	3
9HDO_A	970	1	A	1219		TRP	3
9HDO_A	971	1	A	1220		ILE	3
9HDO_A	972	1	A	1221		LYS	3
9HDO_A	973	1	A	1222		LYS	3
9HDO_A	974	1	A	1223		MET	3
9HDO_A	975	1	A	1224		TRP	3
9HDO_A	976	1	A	1225		HIS	3
9HDO_A	977	1	A	1226		ILE	3
9HDO_A	978	1	A	1227		TYR	3
9HDO_A	979	1	A	1228		THR	3
9HDO_A	980	1	A	1229		MET	3
9HDO_A	981	1	A	1230		GLU	3
9HDO_A	982	1	A	1231		TYR	3
9HDO_A	983	1	A	1232		TYR	3
9HDO_A	984	1	A	1233		ALA	3
9HDO_A	985	1	A	1234		ALA	3
9HDO_A	986	1	A	1235		ILE	3
9HDO_A	987	1	A	1236		LYS	3
9HDO_A	988	1	A	1237		ASN	3
9HDO_A	989	1	A	1238		ASP	3
9HDO_A	990	1	A	1239		GLU	3
9HDO_A	991	1	A	1240		PHE	3
9HDO_A	992	1	A	1241		ILE	3
9HDO_A	993	1	A	1242		SER	3
9HDO_A	994	1	A	1243		PHE	3
9HDO_A	995	1	A	1244		VAL	3
9HDO_A	996	1	A	1245		GLY	3
9HDO_A	997	1	A	1246		THR	3
9HDO_A	998	1	A	1247		TRP	3
9HDO_A	999	1	A	1248		MET	3
9HDO_A	1000	1	A	1249		LYS	3
9HDO_A	1001	1	A	1250		LEU	3
9HDO_A	1002	1	A	1251		GLU	3
9HDO_A	1003	1	A	1252		THR	3
9HDO_A	1004	1	A	1253		ILE	3
9HDO_A	1005	1	A	1254		ILE	3
9HDO_A	1006	1	A	1255		LEU	3
9HDO_A	1007	1	A	1256		SER	3
9HDO_A	1008	1	A	1257		LYS	3
9HDO_A	1009	1	A	1258		LEU	3
9HDO_A	1010	1	A	1259		SER	3
9HDO_A	1011	1	A	1260		GLN	3
9HDO_A	1012	1	A	1261		GLU	3
9HDO_A	1013	1	A	1262		GLN	3
9HDO_A	1014	1	A	1263		LYS	3
9HDO_A	1015	1	A	1264		THR	3
9HDO_A	1016	1	A	1265		LYS	3
9HDO_A	1017	1	A	1266		HIS	3
9HDO_A	1018	1	A	1267		ARG	3
9HDO_A	1019	1	A	1268		ILE	3
9HDO_A	1020	1	A	1269		PHE	3
9HDO_A	1021	1	A	1270		SER	3
9HDO_A	1022	1	A	1271		LEU	3
9HDO_A	1023	1	A	1272		ILE	3
9HDO_A	1024	1	A	1273		GLY	3
9I2F_A	0	1	A	4		THR	1
9I2F_A	1	1	A	5		SER	1
9I2F_A	2	1	A	6		LYS	1
9I2F_A	3	1	A	7		LEU	1
9I2F_A	4	1	A	8		ASP	1
9I2F_A	5	1	A	9		ALA	1
9I2F_A	6	1	A	10		LEU	1
9I2F_A	7	1	A	11		ARG	1
9I2F_A	8	1	A	12		ALA	1
9I2F_A	9	1	A	13		ALA	1
9I2F_A	10	1	A	14		THR	1
9I2F_A	11	1	A	15		SER	1
9I2F_A	12	1	A	16		ARG	1
9I2F_A	13	1	A	17		GLU	1
9I2F_A	14	1	A	18		ASP	1
9I2F_A	15	1	A	19		LEU	1
9I2F_A	16	1	A	20		ALA	1
9I2F_A	17	1	A	21		LYS	1
9I2F_A	18	1	A	22		ILE	1
9I2F_A	19	1	A	23		LEU	1
9I2F_A	20	1	A	24		ASP	1
9I2F_A	21	1	A	25		VAL	1
9I2F_A	22	1	A	26		LYS	1
9I2F_A	23	1	A	27		LEU	1
9I2F_A	24	1	A	28		VAL	1
9I2F_A	25	1	A	29		PHE	1
9I2F_A	26	1	A	30		LEU	1
9I2F_A	27	1	A	31		THR	1
9I2F_A	28	1	A	32		ASN	1
9I2F_A	29	1	A	33		VAL	1
9I2F_A	30	1	A	34		LEU	1
9I2F_A	31	1	A	35		TYR	1
9I2F_A	32	1	A	36		ARG	1
9I2F_A	33	1	A	37		ILE	1
9I2F_A	34	1	A	38		GLY	1
9I2F_A	35	1	A	39		SER	1
9I2F_A	36	1	A	40		ASP	1
9I2F_A	37	1	A	41		ASN	1
9I2F_A	38	1	A	42		GLN	1
9I2F_A	39	1	A	43		TYR	1
9I2F_A	40	1	A	44		THR	1
9I2F_A	41	1	A	45		GLN	1
9I2F_A	42	1	A	46		PHE	1
9I2F_A	43	1	A	47		THR	1
9I2F_A	44	1	A	48		ILE	1
9I2F_A	45	1	A	49		PRO	1
9I2F_A	46	1	A	50		LYS	1
9I2F_A	47	1	A	51		LYS	1
9I2F_A	48	1	A	52		GLY	1
9I2F_A	49	1	A	53		LYS	1
9I2F_A	50	1	A	54		GLY	1
9I2F_A	51	1	A	55		VAL	1
9I2F_A	52	1	A	56		ARG	1
9I2F_A	53	1	A	57		THR	1
9I2F_A	54	1	A	58		ILE	1
9I2F_A	55	1	A	59		SER	1
9I2F_A	56	1	A	60		ALA	1
9I2F_A	57	1	A	61		PRO	1
9I2F_A	58	1	A	62		THR	1
9I2F_A	59	1	A	63		ASP	1
9I2F_A	60	1	A	64		ARG	1
9I2F_A	61	1	A	65		LEU	1
9I2F_A	62	1	A	66		LYS	1
9I2F_A	63	1	A	67		ASP	1
9I2F_A	64	1	A	68		ILE	1
9I2F_A	65	1	A	69		GLN	1
9I2F_A	66	1	A	70		ARG	1
9I2F_A	67	1	A	71		ARG	1
9I2F_A	68	1	A	72		ILE	1
9I2F_A	69	1	A	73		CYS	1
9I2F_A	70	1	A	74		ASP	1
9I2F_A	71	1	A	75		LEU	1
9I2F_A	72	1	A	76		LEU	1
9I2F_A	73	1	A	77		SER	1
9I2F_A	74	1	A	78		ASP	1
9I2F_A	75	1	A	79		CYS	1
9I2F_A	76	1	A	80		ARG	1
9I2F_A	77	1	A	81		ASP	1
9I2F_A	78	1	A	82		GLU	1
9I2F_A	79	1	A	83		ILE	1
9I2F_A	80	1	A	84		PHE	1
9I2F_A	81	1	A	85		ALA	1
9I2F_A	82	1	A	86		ILE	1
9I2F_A	83	1	A	87		ARG	1
9I2F_A	84	1	A	88		LYS	1
9I2F_A	85	1	A	89		ILE	1
9I2F_A	86	1	A	90		SER	1
9I2F_A	87	1	A	91		ASN	2
9I2F_A	88	1	A	92		ASN	2
9I2F_A	89	1	A	93		TYR	2
9I2F_A	90	1	A	94		SER	2
9I2F_A	91	1	A	95		PHE	2
9I2F_A	92	1	A	96		GLY	2
9I2F_A	93	1	A	97		PHE	2
9I2F_A	94	1	A	98		GLU	2
9I2F_A	95	1	A	99		ARG	2
9I2F_A	96	1	A	100		GLY	2
9I2F_A	97	1	A	101		LYS	2
9I2F_A	98	1	A	102		SER	2
9I2F_A	99	1	A	103		ILE	2
9I2F_A	100	1	A	104		ILE	2
9I2F_A	101	1	A	105		LEU	2
9I2F_A	102	1	A	106		ASN	2
9I2F_A	103	1	A	107		ALA	2
9I2F_A	104	1	A	108		TYR	2
9I2F_A	105	1	A	109		LYS	2
9I2F_A	106	1	A	110		HIS	2
9I2F_A	107	1	A	111		ARG	2
9I2F_A	108	1	A	112		GLY	2
9I2F_A	109	1	A	113		LYS	2
9I2F_A	110	1	A	114		GLN	2
9I2F_A	111	1	A	115		ILE	2
9I2F_A	112	1	A	116		ILE	2
9I2F_A	113	1	A	117		LEU	2
9I2F_A	114	1	A	118		ASN	2
9I2F_A	115	1	A	119		ILE	2
9I2F_A	116	1	A	120		ASP	2
9I2F_A	117	1	A	121		LEU	2
9I2F_A	118	1	A	122		LYS	2
9I2F_A	119	1	A	123		ASP	2
9I2F_A	120	1	A	124		PHE	2
9I2F_A	121	1	A	125		PHE	1
9I2F_A	122	1	A	126		GLU	1
9I2F_A	123	1	A	127		SER	1
9I2F_A	124	1	A	128		PHE	1
9I2F_A	125	1	A	129		ASN	1
9I2F_A	126	1	A	130		PHE	1
9I2F_A	127	1	A	131		GLY	1
9I2F_A	128	1	A	132		ARG	1
9I2F_A	129	1	A	133		VAL	1
9I2F_A	130	1	A	134		ARG	1
9I2F_A	131	1	A	135		GLY	1
9I2F_A	132	1	A	136		TYR	1
9I2F_A	133	1	A	137		PHE	1
9I2F_A	134	1	A	138		LEU	1
9I2F_A	135	1	A	139		SER	1
9I2F_A	136	1	A	140		ASN	1
9I2F_A	137	1	A	141		GLN	1
9I2F_A	138	1	A	142		ASP	1
9I2F_A	139	1	A	143		PHE	1
9I2F_A	140	1	A	144		LEU	1
9I2F_A	141	1	A	145		LEU	1
9I2F_A	142	1	A	146		ASN	1
9I2F_A	143	1	A	147		PRO	1
9I2F_A	144	1	A	148		VAL	1
9I2F_A	145	1	A	149		VAL	1
9I2F_A	146	1	A	150		ALA	1
9I2F_A	147	1	A	151		THR	1
9I2F_A	148	1	A	152		THR	1
9I2F_A	149	1	A	153		LEU	1
9I2F_A	150	1	A	154		ALA	1
9I2F_A	151	1	A	155		LYS	1
9I2F_A	152	1	A	156		ALA	1
9I2F_A	153	1	A	157		ALA	1
9I2F_A	154	1	A	158		CYS	1
9I2F_A	155	1	A	159		TYR	1
9I2F_A	156	1	A	160		ASN	1
9I2F_A	157	1	A	161		GLY	1
9I2F_A	158	1	A	162		THR	1
9I2F_A	159	1	A	163		LEU	1
9I2F_A	160	1	A	164		PRO	1
9I2F_A	161	1	A	165		GLN	1
9I2F_A	162	1	A	166		GLY	1
9I2F_A	163	1	A	167		SER	1
9I2F_A	164	1	A	168		PRO	1
9I2F_A	165	1	A	169		CYS	1
9I2F_A	166	1	A	170		SER	1
9I2F_A	167	1	A	171		PRO	1
9I2F_A	168	1	A	172		ILE	1
9I2F_A	169	1	A	173		ILE	1
9I2F_A	170	1	A	174		SER	2
9I2F_A	171	1	A	175		ASN	2
9I2F_A	172	1	A	176		LEU	2
9I2F_A	173	1	A	177		ILE	2
9I2F_A	174	1	A	178		CYS	2
9I2F_A	175	1	A	179		ASN	2
9I2F_A	176	1	A	180		ILE	2
9I2F_A	177	1	A	181		MET	2
9I2F_A	178	1	A	182		ASP	2
9I2F_A	179	1	A	183		MET	2
9I2F_A	180	1	A	184		ARG	2
9I2F_A	181	1	A	185		LEU	2
9I2F_A	182	1	A	186		ALA	2
9I2F_A	183	1	A	187		LYS	2
9I2F_A	184	1	A	188		LEU	2
9I2F_A	185	1	A	189		ALA	2
9I2F_A	186	1	A	190		LYS	2
9I2F_A	187	1	A	191		LYS	2
9I2F_A	188	1	A	192		TYR	2
9I2F_A	189	1	A	193		GLY	2
9I2F_A	190	1	A	194		CYS	2
9I2F_A	191	1	A	195		THR	2
9I2F_A	192	1	A	196		TYR	2
9I2F_A	193	1	A	197		SER	2
9I2F_A	194	1	A	198		ARG	2
9I2F_A	195	1	A	199		TYR	2
9I2F_A	196	1	A	200		ALA	2
9I2F_A	197	1	A	201		ASP	2
9I2F_A	198	1	A	202		ASP	2
9I2F_A	199	1	A	203		ILE	2
9I2F_A	200	1	A	204		THR	2
9I2F_A	201	1	A	205		ILE	2
9I2F_A	202	1	A	206		SER	2
9I2F_A	203	1	A	207		THR	2
9I2F_A	204	1	A	208		ASN	2
9I2F_A	205	1	A	209		LYS	2
9I2F_A	206	1	A	210		ASN	2
9I2F_A	207	1	A	211		THR	2
9I2F_A	208	1	A	212		PHE	2
9I2F_A	209	1	A	213		PRO	2
9I2F_A	210	1	A	214		LEU	2
9I2F_A	211	1	A	215		GLU	2
9I2F_A	212	1	A	216		MET	2
9I2F_A	213	1	A	217		ALA	2
9I2F_A	214	1	A	218		THR	2
9I2F_A	215	1	A	219		VAL	2
9I2F_A	216	1	A	220		GLN	2
9I2F_A	217	1	A	221		PRO	2
9I2F_A	218	1	A	222		GLU	2
9I2F_A	219	1	A	223		GLY	2
9I2F_A	220	1	A	224		VAL	2
9I2F_A	221	1	A	225		VAL	2
9I2F_A	222	1	A	226		LEU	2
9I2F_A	223	1	A	227		GLY	2
9I2F_A	224	1	A	228		LYS	2
9I2F_A	225	1	A	229		VAL	2
9I2F_A	226	1	A	230		LEU	2
9I2F_A	227	1	A	231		VAL	2
9I2F_A	228	1	A	232		LYS	2
9I2F_A	229	1	A	233		GLU	2
9I2F_A	230	1	A	234		ILE	2
9I2F_A	231	1	A	235		GLU	2
9I2F_A	232	1	A	236		ASN	2
9I2F_A	233	1	A	237		SER	2
9I2F_A	234	1	A	238		GLY	2
9I2F_A	235	1	A	239		PHE	2
9I2F_A	236	1	A	240		GLU	2
9I2F_A	237	1	A	241		ILE	2
9I2F_A	238	1	A	242		ASN	2
9I2F_A	239	1	A	243		ASP	2
9I2F_A	240	1	A	244		SER	2
9I2F_A	241	1	A	245		LYS	2
9I2F_A	242	1	A	246		THR	2
9I2F_A	243	1	A	247		ARG	2
9I2F_A	244	1	A	248		LEU	2
9I2F_A	245	1	A	249		THR	2
9I2F_A	246	1	A	250		TYR	2
9I2F_A	247	1	A	251		LYS	2
9I2F_A	248	1	A	252		THR	2
9I2F_A	249	1	A	253		SER	2
9I2F_A	250	1	A	254		ARG	2
9I2F_A	251	1	A	255		GLN	2
9I2F_A	252	1	A	256		GLU	2
9I2F_A	253	1	A	257		VAL	2
9I2F_A	254	1	A	258		THR	2
9I2F_A	255	1	A	259		GLY	2
9I2F_A	256	1	A	260		LEU	2
9I2F_A	257	1	A	261		THR	2
9I2F_A	258	1	A	262		VAL	2
9I2F_A	259	1	A	263		ASN	2
9I2F_A	260	1	A	264		ARG	2
9I2F_A	261	1	A	265		ILE	2
9I2F_A	262	1	A	266		VAL	2
9I2F_A	263	1	A	267		ASN	2
9I2F_A	264	1	A	268		ILE	3
9I2F_A	265	1	A	269		ASP	3
9I2F_A	266	1	A	270		ARG	3
9I2F_A	267	1	A	271		CYS	3
9I2F_A	268	1	A	272		TYR	3
9I2F_A	269	1	A	273		TYR	3
9I2F_A	270	1	A	274		LYS	3
9I2F_A	271	1	A	275		LYS	3
9I2F_A	272	1	A	276		THR	3
9I2F_A	273	1	A	277		ARG	3
9I2F_A	274	1	A	278		ALA	3
9I2F_A	275	1	A	279		LEU	3
9I2F_A	276	1	A	280		ALA	3
9I2F_A	277	1	A	281		HIS	3
9I2F_A	278	1	A	282		ALA	3
9I2F_A	279	1	A	283		LEU	3
9I2F_A	280	1	A	284		TYR	3
9I2F_A	281	1	A	285		ARG	3
9I2F_A	282	1	A	286		THR	3
9I2F_A	283	1	A	287		GLY	3
9I2F_A	284	1	A	288		GLU	3
9I2F_A	285	1	A	289		TYR	3
9I2F_A	286	1	A	290		LYS	3
9I2F_A	287	1	A	291		VAL	3
9I2F_A	288	1	A	292		PRO	3
9I2F_A	289	1	A	293		ASP	3
9I2F_A	290	1	A	294		GLU	3
9I2F_A	291	1	A	295		ASN	3
9I2F_A	292	1	A	296		GLY	3
9I2F_A	293	1	A	297		VAL	3
9I2F_A	294	1	A	298		LEU	3
9I2F_A	295	1	A	299		VAL	3
9I2F_A	296	1	A	300		SER	3
9I2F_A	297	1	A	301		GLY	3
9I2F_A	298	1	A	302		GLY	3
9I2F_A	299	1	A	303		LEU	3
9I2F_A	300	1	A	304		ASP	3
9I2F_A	301	1	A	305		LYS	3
9I2F_A	302	1	A	306		LEU	3
9I2F_A	303	1	A	307		GLU	3
9I2F_A	304	1	A	308		GLY	3
9I2F_A	305	1	A	309		MET	3
9I2F_A	306	1	A	310		PHE	3
9I2F_A	307	1	A	311		GLY	3
9I2F_A	308	1	A	312		PHE	3
9I2F_A	309	1	A	313		ILE	3
9I2F_A	310	1	A	314		ASP	3
9I2F_A	311	1	A	315		GLN	3
9I2F_A	312	1	A	316		VAL	3
9I2F_A	313	1	A	317		ASP	3
9I2F_A	314	1	A	318		LYS	3
9I2F_A	315	1	A	319		PHE	3
9I2F_A	316	1	A	320		ASN	3
9I2F_A	317	1	A	321		ASN	3
9I2F_A	318	1	A	322		ILE	3
9I2F_A	319	1	A	323		LYS	3
9I2F_A	320	1	A	324		LYS	3
9I2F_A	321	1	A	325		LYS	3
9I2F_A	322	1	A	326		LEU	3
9I2F_A	323	1	A	327		ASN	3
9I2F_A	324	1	A	328		LYS	3
9I2F_A	325	1	A	329		GLN	3
9I2F_A	326	1	A	330		PRO	3
9I2F_A	327	1	A	331		ASP	3
9I2F_A	328	1	A	332		ARG	3
9I2F_A	329	1	A	333		TYR	3
9I2F_A	330	1	A	334		VAL	3
9I2F_A	331	1	A	335		LEU	3
9I2F_A	332	1	A	336		THR	3
9I2F_A	333	1	A	337		ASN	3
9I2F_A	334	1	A	338		ALA	3
9I2F_A	335	1	A	339		THR	3
9I2F_A	336	1	A	340		LEU	3
9I2F_A	337	1	A	341		HIS	3
9I2F_A	338	1	A	342		GLY	3
9I2F_A	339	1	A	343		PHE	3
9I2F_A	340	1	A	344		LYS	3
9I2F_A	341	1	A	345		LEU	3
9I2F_A	342	1	A	346		LYS	3
9I2F_A	343	1	A	347		LEU	3
9I2F_A	344	1	A	348		ASN	3
9I2F_A	345	1	A	349		ALA	3
9I2F_A	346	1	A	350		ARG	3
9I2F_A	347	1	A	351		GLU	3
9I2F_A	348	1	A	352		LYS	3
9I2F_A	349	1	A	353		ALA	3
9I2F_A	350	1	A	354		TYR	3
9I2F_A	351	1	A	355		SER	3
9I2F_A	352	1	A	356		LYS	3
9I2F_A	353	1	A	357		PHE	3
9I2F_A	354	1	A	358		ILE	4
9I2F_A	355	1	A	359		TYR	4
9I2F_A	356	1	A	360		TYR	4
9I2F_A	357	1	A	361		LYS	4
9I2F_A	358	1	A	362		PHE	4
9I2F_A	359	1	A	363		PHE	4
9I2F_A	360	1	A	364		HIS	4
9I2F_A	361	1	A	365		GLY	4
9I2F_A	362	1	A	366		ASN	4
9I2F_A	363	1	A	367		THR	4
9I2F_A	364	1	A	368		CYS	4
9I2F_A	365	1	A	369		PRO	4
9I2F_A	366	1	A	370		THR	4
9I2F_A	367	1	A	371		ILE	4
9I2F_A	368	1	A	372		ILE	4
9I2F_A	369	1	A	373		THR	4
9I2F_A	370	1	A	374		GLU	4
9I2F_A	371	1	A	375		GLY	4
9I2F_A	372	1	A	376		LYS	4
9I2F_A	373	1	A	377		THR	4
9I2F_A	374	1	A	378		ASP	4
9I2F_A	375	1	A	379		ARG	4
9I2F_A	376	1	A	380		ILE	4
9I2F_A	377	1	A	381		TYR	4
9I2F_A	378	1	A	382		LEU	4
9I2F_A	379	1	A	383		LYS	4
9I2F_A	380	1	A	384		ALA	4
9I2F_A	381	1	A	385		ALA	4
9I2F_A	382	1	A	386		LEU	4
9I2F_A	383	1	A	387		HIS	4
9I2F_A	384	1	A	388		SER	4
9I2F_A	385	1	A	389		LEU	4
9I2F_A	386	1	A	390		GLU	4
9I2F_A	387	1	A	391		THR	4
9I2F_A	388	1	A	392		SER	4
9I2F_A	389	1	A	393		TYR	4
9I2F_A	390	1	A	394		PRO	4
9I2F_A	391	1	A	395		GLU	4
9I2F_A	392	1	A	396		LEU	4
9I2F_A	393	1	A	397		PHE	4
9I2F_A	394	1	A	398		ARG	4
9I2F_A	395	1	A	399		GLU	4
9I2F_A	396	1	A	400		LYS	4
9I2F_A	397	1	A	401		THR	4
9I2F_A	398	1	A	402		ASP	4
9I2F_A	399	1	A	403		SER	4
9I2F_A	400	1	A	404		LYS	4
9I2F_A	401	1	A	405		LYS	4
9I2F_A	402	1	A	406		LYS	4
9I2F_A	403	1	A	407		GLU	4
9I2F_A	404	1	A	408		ILE	4
9I2F_A	405	1	A	409		ASN	4
9I2F_A	406	1	A	410		LEU	4
9I2F_A	407	1	A	411		ASN	4
9I2F_A	408	1	A	412		ILE	4
9I2F_A	409	1	A	413		PHE	4
9I2F_A	410	1	A	414		LYS	4
9I2F_A	411	1	A	415		SER	4
9I2F_A	412	1	A	416		ASN	4
9I2F_A	413	1	A	417		GLU	4
9I2F_A	414	1	A	418		LYS	4
9I2F_A	415	1	A	419		THR	4
9I2F_A	416	1	A	420		LYS	4
9I2F_A	417	1	A	421		TYR	4
9I2F_A	418	1	A	422		PHE	4
9I2F_A	419	1	A	423		LEU	4
9I2F_A	420	1	A	424		ASP	4
9I2F_A	421	1	A	425		LEU	4
9I2F_A	422	1	A	426		SER	4
9I2F_A	423	1	A	427		GLY	4
9I2F_A	424	1	A	428		GLY	4
9I2F_A	425	1	A	429		THR	4
9I2F_A	426	1	A	430		ALA	4
9I2F_A	427	1	A	431		ASP	4
9I2F_A	428	1	A	432		LEU	4
9I2F_A	429	1	A	433		LYS	4
9I2F_A	430	1	A	434		LYS	4
9I2F_A	431	1	A	435		PHE	4
9I2F_A	432	1	A	436		VAL	4
9I2F_A	433	1	A	437		GLU	4
9I2F_A	434	1	A	438		ARG	4
9I2F_A	435	1	A	439		TYR	4
9I2F_A	436	1	A	440		LYS	4
9I2F_A	437	1	A	441		ASN	4
9I2F_A	438	1	A	442		ASN	4
9I2F_A	439	1	A	443		TYR	4
9I2F_A	440	1	A	444		ALA	4
9I2F_A	441	1	A	445		SER	4
9I2F_A	442	1	A	446		TYR	4
9I2F_A	443	1	A	447		TYR	4
9I2F_A	444	1	A	448		GLY	4
9I2F_A	445	1	A	449		SER	4
9I2F_A	446	1	A	450		VAL	4
9I2F_A	447	1	A	451		PRO	4
9I2F_A	448	1	A	452		LYS	4
9I2F_A	449	1	A	453		GLN	4
9I2F_A	450	1	A	454		PRO	4
9I2F_A	451	1	A	455		VAL	4
9I2F_A	452	1	A	456		ILE	4
9I2F_A	453	1	A	457		MET	4
9I2F_A	454	1	A	458		VAL	4
9I2F_A	455	1	A	459		LEU	4
9I2F_A	456	1	A	460		ASP	4
9I2F_A	457	1	A	461		ASN	4
9I2F_A	458	1	A	462		ASP	4
9I2F_A	459	1	A	463		THR	4
9I2F_A	460	1	A	464		GLY	4
9I2F_A	461	1	A	465		PRO	4
9I2F_A	462	1	A	466		SER	4
9I2F_A	463	1	A	467		ASP	4
9I2F_A	464	1	A	468		LEU	4
9I2F_A	465	1	A	469		LEU	4
9I2F_A	466	1	A	470		ASN	4
9I2F_A	467	1	A	471		PHE	4
9I2F_A	468	1	A	472		LEU	4
9I2F_A	469	1	A	473		ARG	4
9I2F_A	470	1	A	474		ASN	4
9I2F_A	471	1	A	475		LYS	4
9I2F_A	472	1	A	476		VAL	4
9I2F_A	473	1	A	477		LYS	4
9I2F_A	474	1	A	478		SER	4
9I2F_A	475	1	A	479		CYS	4
9I2F_A	476	1	A	480		PRO	4
9I2F_A	477	1	A	481		ASP	4
9I2F_A	478	1	A	482		ASP	4
9I2F_A	479	1	A	483		VAL	4
9I2F_A	480	1	A	484		THR	4
9I2F_A	481	1	A	485		GLU	4
9I2F_A	482	1	A	486		MET	4
9I2F_A	483	1	A	487		ARG	4
9I2F_A	484	1	A	488		LYS	4
9I2F_A	485	1	A	489		MET	4
9I2F_A	486	1	A	490		LYS	4
9I2F_A	487	1	A	491		TYR	4
9I2F_A	488	1	A	492		ILE	4
9I2F_A	489	1	A	493		HIS	4
9I2F_A	490	1	A	494		VAL	4
9I2F_A	491	1	A	495		PHE	4
9I2F_A	492	1	A	496		TYR	4
9I2F_A	493	1	A	497		ASN	4
9I2F_A	494	1	A	498		LEU	4
9I2F_A	495	1	A	499		TYR	4
9I2F_A	496	1	A	500		ILE	4
9I2F_A	497	1	A	501		VAL	4
9I2F_A	498	1	A	502		LEU	4
9I2F_A	499	1	A	503		THR	4
9I2F_A	500	1	A	504		PRO	4
9I2F_A	501	1	A	505		LEU	4
9I2F_A	502	1	A	506		SER	4
9I2F_A	503	1	A	507		PRO	4
9I2F_A	504	1	A	508		SER	4
9I2F_A	505	1	A	509		GLY	4
9I2F_A	506	1	A	510		GLU	4
9I2F_A	507	1	A	511		GLN	4
9I2F_A	508	1	A	512		THR	4
9I2F_A	509	1	A	513		SER	4
9I2F_A	510	1	A	514		MET	4
9I2F_A	511	1	A	515		GLU	4
9I2F_A	512	1	A	516		ASP	4
9I2F_A	513	1	A	517		LEU	4
9I2F_A	514	1	A	518		PHE	5
9I2F_A	515	1	A	519		PRO	5
9I2F_A	516	1	A	520		LYS	5
9I2F_A	517	1	A	521		ASP	5
9I2F_A	518	1	A	522		ILE	5
9I2F_A	519	1	A	523		LEU	5
9I2F_A	520	1	A	524		ASP	5
9I2F_A	521	1	A	525		ILE	5
9I2F_A	522	1	A	526		LYS	5
9I2F_A	523	1	A	527		ILE	5
9I2F_A	524	1	A	528		ASP	5
9I2F_A	525	1	A	529		GLY	5
9I2F_A	526	1	A	530		LYS	5
9I2F_A	527	1	A	531		LYS	5
9I2F_A	528	1	A	532		PHE	5
9I2F_A	529	1	A	533		ASN	5
9I2F_A	530	1	A	534		LYS	5
9I2F_A	531	1	A	535		ASN	5
9I2F_A	532	1	A	536		ASN	5
9I2F_A	533	1	A	540		SER	5
9I2F_A	534	1	A	541		LYS	5
9I2F_A	535	1	A	542		THR	5
9I2F_A	536	1	A	543		GLU	5
9I2F_A	537	1	A	544		TYR	5
9I2F_A	538	1	A	545		GLY	5
9I2F_A	539	1	A	546		LYS	5
9I2F_A	540	1	A	547		HIS	5
9I2F_A	541	1	A	548		ILE	5
9I2F_A	542	1	A	549		PHE	5
9I2F_A	543	1	A	550		SER	5
9I2F_A	544	1	A	551		MET	5
9I2F_A	545	1	A	552		ARG	5
9I2F_A	546	1	A	553		VAL	5
9I2F_A	547	1	A	554		VAL	5
9I2F_A	548	1	A	555		ARG	5
9I2F_A	549	1	A	556		ASP	5
9I2F_A	550	1	A	557		LYS	5
9I2F_A	551	1	A	558		LYS	5
9I2F_A	552	1	A	559		ARG	5
9I2F_A	553	1	A	560		LYS	5
9I2F_A	554	1	A	561		ILE	5
9I2F_A	555	1	A	562		ASP	5
9I2F_A	556	1	A	563		PHE	4
9I2F_A	557	1	A	564		LYS	4
9I2F_A	558	1	A	565		ALA	4
9I2F_A	559	1	A	566		PHE	4
9I2F_A	560	1	A	567		CYS	4
9I2F_A	561	1	A	568		CYS	4
9I2F_A	562	1	A	569		ILE	4
9I2F_A	563	1	A	570		PHE	4
9I2F_A	564	1	A	571		ASP	4
9I2F_A	565	1	A	572		ALA	4
9I2F_A	566	1	A	573		ILE	4
9I2F_A	567	1	A	574		LYS	4
9I2F_A	568	1	A	575		ASP	4
9I2F_A	569	1	A	576		ILE	4
9I2F_A	570	1	A	577		LYS	4
9I2F_A	571	1	A	578		GLU	4
9I2F_A	572	1	A	579		HIS	4
9I2F_A	573	1	A	580		TYR	4
9I2F_A	574	1	A	581		LYS	4
9I2F_A	575	1	A	582		LEU	4
9I2F_A	576	1	A	583		MET	4
9I2F_A	577	1	A	584		LEU	4
9I2F_A	578	1	A	585		ASN	4
9I2F_A	579	1	A	586		SER	4
9I2G_B	0	1	B	4		THR	1
9I2G_B	1	1	B	5		SER	1
9I2G_B	2	1	B	6		LYS	1
9I2G_B	3	1	B	7		LEU	1
9I2G_B	4	1	B	8		ASP	1
9I2G_B	5	1	B	9		ALA	1
9I2G_B	6	1	B	10		LEU	1
9I2G_B	7	1	B	11		ARG	1
9I2G_B	8	1	B	12		ALA	1
9I2G_B	9	1	B	13		ALA	1
9I2G_B	10	1	B	14		THR	1
9I2G_B	11	1	B	15		SER	1
9I2G_B	12	1	B	16		ARG	1
9I2G_B	13	1	B	17		GLU	1
9I2G_B	14	1	B	18		ASP	1
9I2G_B	15	1	B	19		LEU	1
9I2G_B	16	1	B	20		ALA	1
9I2G_B	17	1	B	21		LYS	1
9I2G_B	18	1	B	22		ILE	1
9I2G_B	19	1	B	23		LEU	1
9I2G_B	20	1	B	24		ASP	1
9I2G_B	21	1	B	25		VAL	1
9I2G_B	22	1	B	26		LYS	1
9I2G_B	23	1	B	27		LEU	1
9I2G_B	24	1	B	28		VAL	1
9I2G_B	25	1	B	29		PHE	1
9I2G_B	26	1	B	30		LEU	1
9I2G_B	27	1	B	31		THR	1
9I2G_B	28	1	B	32		ASN	1
9I2G_B	29	1	B	33		VAL	1
9I2G_B	30	1	B	34		LEU	1
9I2G_B	31	1	B	35		TYR	1
9I2G_B	32	1	B	36		ARG	1
9I2G_B	33	1	B	37		ILE	1
9I2G_B	34	1	B	38		GLY	1
9I2G_B	35	1	B	39		SER	1
9I2G_B	36	1	B	40		ASP	1
9I2G_B	37	1	B	41		ASN	1
9I2G_B	38	1	B	42		GLN	1
9I2G_B	39	1	B	43		TYR	1
9I2G_B	40	1	B	44		THR	1
9I2G_B	41	1	B	45		GLN	1
9I2G_B	42	1	B	46		PHE	1
9I2G_B	43	1	B	47		THR	1
9I2G_B	44	1	B	48		ILE	1
9I2G_B	45	1	B	49		PRO	1
9I2G_B	46	1	B	50		LYS	1
9I2G_B	47	1	B	51		LYS	1
9I2G_B	48	1	B	52		GLY	1
9I2G_B	49	1	B	53		LYS	1
9I2G_B	50	1	B	54		GLY	1
9I2G_B	51	1	B	55		VAL	1
9I2G_B	52	1	B	56		ARG	1
9I2G_B	53	1	B	57		THR	1
9I2G_B	54	1	B	58		ILE	1
9I2G_B	55	1	B	59		SER	1
9I2G_B	56	1	B	60		ALA	1
9I2G_B	57	1	B	61		PRO	1
9I2G_B	58	1	B	62		THR	1
9I2G_B	59	1	B	63		ASP	1
9I2G_B	60	1	B	64		ARG	1
9I2G_B	61	1	B	65		LEU	1
9I2G_B	62	1	B	66		LYS	1
9I2G_B	63	1	B	67		ASP	1
9I2G_B	64	1	B	68		ILE	1
9I2G_B	65	1	B	69		GLN	1
9I2G_B	66	1	B	70		ARG	1
9I2G_B	67	1	B	71		ARG	1
9I2G_B	68	1	B	72		ILE	1
9I2G_B	69	1	B	73		CYS	1
9I2G_B	70	1	B	74		ASP	1
9I2G_B	71	1	B	75		LEU	1
9I2G_B	72	1	B	76		LEU	1
9I2G_B	73	1	B	77		SER	1
9I2G_B	74	1	B	78		ASP	1
9I2G_B	75	1	B	79		CYS	1
9I2G_B	76	1	B	80		ARG	1
9I2G_B	77	1	B	81		ASP	1
9I2G_B	78	1	B	82		GLU	1
9I2G_B	79	1	B	83		ILE	1
9I2G_B	80	1	B	84		PHE	1
9I2G_B	81	1	B	85		ALA	1
9I2G_B	82	1	B	86		ILE	1
9I2G_B	83	1	B	87		ARG	1
9I2G_B	84	1	B	88		LYS	1
9I2G_B	85	1	B	89		ILE	1
9I2G_B	86	1	B	90		SER	1
9I2G_B	87	1	B	91		ASN	2
9I2G_B	88	1	B	92		ASN	2
9I2G_B	89	1	B	93		TYR	2
9I2G_B	90	1	B	94		SER	2
9I2G_B	91	1	B	95		PHE	2
9I2G_B	92	1	B	96		GLY	2
9I2G_B	93	1	B	97		PHE	2
9I2G_B	94	1	B	98		GLU	2
9I2G_B	95	1	B	99		ARG	2
9I2G_B	96	1	B	100		GLY	2
9I2G_B	97	1	B	101		LYS	2
9I2G_B	98	1	B	102		SER	2
9I2G_B	99	1	B	103		ILE	2
9I2G_B	100	1	B	104		ILE	2
9I2G_B	101	1	B	105		LEU	2
9I2G_B	102	1	B	106		ASN	2
9I2G_B	103	1	B	107		ALA	2
9I2G_B	104	1	B	108		TYR	2
9I2G_B	105	1	B	109		LYS	2
9I2G_B	106	1	B	110		HIS	2
9I2G_B	107	1	B	111		ARG	2
9I2G_B	108	1	B	112		GLY	2
9I2G_B	109	1	B	113		LYS	2
9I2G_B	110	1	B	114		GLN	2
9I2G_B	111	1	B	115		ILE	2
9I2G_B	112	1	B	116		ILE	2
9I2G_B	113	1	B	117		LEU	2
9I2G_B	114	1	B	118		ASN	2
9I2G_B	115	1	B	119		ILE	2
9I2G_B	116	1	B	120		ASP	2
9I2G_B	117	1	B	121		LEU	2
9I2G_B	118	1	B	122		LYS	2
9I2G_B	119	1	B	123		ASP	2
9I2G_B	120	1	B	124		PHE	2
9I2G_B	121	1	B	125		PHE	1
9I2G_B	122	1	B	126		GLU	1
9I2G_B	123	1	B	127		SER	1
9I2G_B	124	1	B	128		PHE	1
9I2G_B	125	1	B	129		ASN	1
9I2G_B	126	1	B	130		PHE	1
9I2G_B	127	1	B	131		GLY	1
9I2G_B	128	1	B	132		ARG	1
9I2G_B	129	1	B	133		VAL	1
9I2G_B	130	1	B	134		ARG	1
9I2G_B	131	1	B	135		GLY	1
9I2G_B	132	1	B	136		TYR	1
9I2G_B	133	1	B	137		PHE	1
9I2G_B	134	1	B	138		LEU	1
9I2G_B	135	1	B	139		SER	1
9I2G_B	136	1	B	140		ASN	1
9I2G_B	137	1	B	141		GLN	1
9I2G_B	138	1	B	142		ASP	1
9I2G_B	139	1	B	143		PHE	1
9I2G_B	140	1	B	144		LEU	1
9I2G_B	141	1	B	145		LEU	1
9I2G_B	142	1	B	146		ASN	1
9I2G_B	143	1	B	147		PRO	1
9I2G_B	144	1	B	148		VAL	1
9I2G_B	145	1	B	149		VAL	1
9I2G_B	146	1	B	150		ALA	1
9I2G_B	147	1	B	151		THR	1
9I2G_B	148	1	B	152		THR	1
9I2G_B	149	1	B	153		LEU	1
9I2G_B	150	1	B	154		ALA	1
9I2G_B	151	1	B	155		LYS	1
9I2G_B	152	1	B	156		ALA	1
9I2G_B	153	1	B	157		ALA	1
9I2G_B	154	1	B	158		CYS	1
9I2G_B	155	1	B	159		TYR	1
9I2G_B	156	1	B	160		ASN	1
9I2G_B	157	1	B	161		GLY	1
9I2G_B	158	1	B	162		THR	1
9I2G_B	159	1	B	163		LEU	1
9I2G_B	160	1	B	164		PRO	1
9I2G_B	161	1	B	165		GLN	1
9I2G_B	162	1	B	166		GLY	1
9I2G_B	163	1	B	167		SER	1
9I2G_B	164	1	B	168		PRO	1
9I2G_B	165	1	B	169		CYS	1
9I2G_B	166	1	B	170		SER	1
9I2G_B	167	1	B	171		PRO	1
9I2G_B	168	1	B	172		ILE	1
9I2G_B	169	1	B	173		ILE	1
9I2G_B	170	1	B	174		SER	2
9I2G_B	171	1	B	175		ASN	2
9I2G_B	172	1	B	176		LEU	2
9I2G_B	173	1	B	177		ILE	2
9I2G_B	174	1	B	178		CYS	2
9I2G_B	175	1	B	179		ASN	2
9I2G_B	176	1	B	180		ILE	2
9I2G_B	177	1	B	181		MET	2
9I2G_B	178	1	B	182		ASP	2
9I2G_B	179	1	B	183		MET	2
9I2G_B	180	1	B	184		ARG	2
9I2G_B	181	1	B	185		LEU	2
9I2G_B	182	1	B	186		ALA	2
9I2G_B	183	1	B	187		LYS	2
9I2G_B	184	1	B	188		LEU	2
9I2G_B	185	1	B	189		ALA	2
9I2G_B	186	1	B	190		LYS	2
9I2G_B	187	1	B	191		LYS	2
9I2G_B	188	1	B	192		TYR	2
9I2G_B	189	1	B	193		GLY	2
9I2G_B	190	1	B	194		CYS	2
9I2G_B	191	1	B	195		THR	2
9I2G_B	192	1	B	196		TYR	2
9I2G_B	193	1	B	197		SER	2
9I2G_B	194	1	B	198		ARG	2
9I2G_B	195	1	B	199		TYR	2
9I2G_B	196	1	B	200		ALA	2
9I2G_B	197	1	B	201		ASP	2
9I2G_B	198	1	B	202		ASP	2
9I2G_B	199	1	B	203		ILE	2
9I2G_B	200	1	B	204		THR	2
9I2G_B	201	1	B	205		ILE	2
9I2G_B	202	1	B	206		SER	2
9I2G_B	203	1	B	207		THR	2
9I2G_B	204	1	B	208		ASN	2
9I2G_B	205	1	B	209		LYS	2
9I2G_B	206	1	B	210		ASN	2
9I2G_B	207	1	B	211		THR	2
9I2G_B	208	1	B	212		PHE	2
9I2G_B	209	1	B	213		PRO	2
9I2G_B	210	1	B	214		LEU	2
9I2G_B	211	1	B	215		GLU	2
9I2G_B	212	1	B	216		MET	2
9I2G_B	213	1	B	217		ALA	2
9I2G_B	214	1	B	218		THR	2
9I2G_B	215	1	B	219		VAL	2
9I2G_B	216	1	B	220		GLN	2
9I2G_B	217	1	B	221		PRO	2
9I2G_B	218	1	B	222		GLU	2
9I2G_B	219	1	B	223		GLY	2
9I2G_B	220	1	B	224		VAL	2
9I2G_B	221	1	B	225		VAL	2
9I2G_B	222	1	B	226		LEU	2
9I2G_B	223	1	B	227		GLY	2
9I2G_B	224	1	B	228		LYS	2
9I2G_B	225	1	B	229		VAL	2
9I2G_B	226	1	B	230		LEU	2
9I2G_B	227	1	B	231		VAL	2
9I2G_B	228	1	B	232		LYS	2
9I2G_B	229	1	B	233		GLU	2
9I2G_B	230	1	B	234		ILE	2
9I2G_B	231	1	B	235		GLU	2
9I2G_B	232	1	B	236		ASN	2
9I2G_B	233	1	B	237		SER	2
9I2G_B	234	1	B	238		GLY	2
9I2G_B	235	1	B	239		PHE	2
9I2G_B	236	1	B	240		GLU	2
9I2G_B	237	1	B	241		ILE	2
9I2G_B	238	1	B	242		ASN	2
9I2G_B	239	1	B	243		ASP	2
9I2G_B	240	1	B	244		SER	2
9I2G_B	241	1	B	245		LYS	2
9I2G_B	242	1	B	246		THR	2
9I2G_B	243	1	B	247		ARG	2
9I2G_B	244	1	B	248		LEU	2
9I2G_B	245	1	B	249		THR	2
9I2G_B	246	1	B	250		TYR	2
9I2G_B	247	1	B	251		LYS	2
9I2G_B	248	1	B	252		THR	2
9I2G_B	249	1	B	253		SER	2
9I2G_B	250	1	B	254		ARG	2
9I2G_B	251	1	B	255		GLN	2
9I2G_B	252	1	B	256		GLU	2
9I2G_B	253	1	B	257		VAL	2
9I2G_B	254	1	B	258		THR	2
9I2G_B	255	1	B	259		GLY	2
9I2G_B	256	1	B	260		LEU	2
9I2G_B	257	1	B	261		THR	2
9I2G_B	258	1	B	262		VAL	2
9I2G_B	259	1	B	263		ASN	2
9I2G_B	260	1	B	264		ARG	2
9I2G_B	261	1	B	265		ILE	2
9I2G_B	262	1	B	266		VAL	2
9I2G_B	263	1	B	267		ASN	2
9I2G_B	264	1	B	268		ILE	3
9I2G_B	265	1	B	269		ASP	3
9I2G_B	266	1	B	270		ARG	3
9I2G_B	267	1	B	271		CYS	3
9I2G_B	268	1	B	272		TYR	3
9I2G_B	269	1	B	273		TYR	3
9I2G_B	270	1	B	274		LYS	3
9I2G_B	271	1	B	275		LYS	3
9I2G_B	272	1	B	276		THR	3
9I2G_B	273	1	B	277		ARG	3
9I2G_B	274	1	B	278		ALA	3
9I2G_B	275	1	B	279		LEU	3
9I2G_B	276	1	B	280		ALA	3
9I2G_B	277	1	B	281		HIS	3
9I2G_B	278	1	B	282		ALA	3
9I2G_B	279	1	B	283		LEU	3
9I2G_B	280	1	B	284		TYR	3
9I2G_B	281	1	B	285		ARG	3
9I2G_B	282	1	B	286		THR	3
9I2G_B	283	1	B	287		GLY	3
9I2G_B	284	1	B	288		GLU	3
9I2G_B	285	1	B	289		TYR	3
9I2G_B	286	1	B	290		LYS	3
9I2G_B	287	1	B	291		VAL	3
9I2G_B	288	1	B	292		PRO	3
9I2G_B	289	1	B	293		ASP	3
9I2G_B	290	1	B	294		GLU	3
9I2G_B	291	1	B	295		ASN	3
9I2G_B	292	1	B	296		GLY	3
9I2G_B	293	1	B	297		VAL	3
9I2G_B	294	1	B	298		LEU	3
9I2G_B	295	1	B	299		VAL	3
9I2G_B	296	1	B	300		SER	3
9I2G_B	297	1	B	301		GLY	3
9I2G_B	298	1	B	302		GLY	3
9I2G_B	299	1	B	303		LEU	3
9I2G_B	300	1	B	304		ASP	3
9I2G_B	301	1	B	305		LYS	3
9I2G_B	302	1	B	306		LEU	3
9I2G_B	303	1	B	307		GLU	3
9I2G_B	304	1	B	308		GLY	3
9I2G_B	305	1	B	309		MET	3
9I2G_B	306	1	B	310		PHE	3
9I2G_B	307	1	B	311		GLY	3
9I2G_B	308	1	B	312		PHE	3
9I2G_B	309	1	B	313		ILE	3
9I2G_B	310	1	B	314		ASP	3
9I2G_B	311	1	B	315		GLN	3
9I2G_B	312	1	B	316		VAL	3
9I2G_B	313	1	B	317		ASP	3
9I2G_B	314	1	B	318		LYS	3
9I2G_B	315	1	B	319		PHE	3
9I2G_B	316	1	B	320		ASN	3
9I2G_B	317	1	B	321		ASN	3
9I2G_B	318	1	B	322		ILE	3
9I2G_B	319	1	B	323		LYS	3
9I2G_B	320	1	B	324		LYS	3
9I2G_B	321	1	B	325		LYS	3
9I2G_B	322	1	B	326		LEU	3
9I2G_B	323	1	B	327		ASN	3
9I2G_B	324	1	B	328		LYS	3
9I2G_B	325	1	B	329		GLN	3
9I2G_B	326	1	B	330		PRO	3
9I2G_B	327	1	B	331		ASP	3
9I2G_B	328	1	B	332		ARG	3
9I2G_B	329	1	B	333		TYR	3
9I2G_B	330	1	B	334		VAL	3
9I2G_B	331	1	B	335		LEU	3
9I2G_B	332	1	B	336		THR	3
9I2G_B	333	1	B	337		ASN	3
9I2G_B	334	1	B	338		ALA	3
9I2G_B	335	1	B	339		THR	3
9I2G_B	336	1	B	340		LEU	3
9I2G_B	337	1	B	341		HIS	3
9I2G_B	338	1	B	342		GLY	3
9I2G_B	339	1	B	343		PHE	3
9I2G_B	340	1	B	344		LYS	3
9I2G_B	341	1	B	345		LEU	3
9I2G_B	342	1	B	346		LYS	3
9I2G_B	343	1	B	347		LEU	3
9I2G_B	344	1	B	348		ASN	3
9I2G_B	345	1	B	349		ALA	3
9I2G_B	346	1	B	350		ARG	3
9I2G_B	347	1	B	351		GLU	3
9I2G_B	348	1	B	352		LYS	3
9I2G_B	349	1	B	353		ALA	3
9I2G_B	350	1	B	354		TYR	3
9I2G_B	351	1	B	355		SER	3
9I2G_B	352	1	B	356		LYS	3
9I2G_B	353	1	B	357		PHE	3
9I2G_B	354	1	B	358		ILE	4
9I2G_B	355	1	B	359		TYR	4
9I2G_B	356	1	B	360		TYR	4
9I2G_B	357	1	B	361		LYS	4
9I2G_B	358	1	B	362		PHE	4
9I2G_B	359	1	B	363		PHE	4
9I2G_B	360	1	B	364		HIS	4
9I2G_B	361	1	B	365		GLY	4
9I2G_B	362	1	B	366		ASN	4
9I2G_B	363	1	B	367		THR	4
9I2G_B	364	1	B	368		CYS	4
9I2G_B	365	1	B	369		PRO	4
9I2G_B	366	1	B	370		THR	4
9I2G_B	367	1	B	371		ILE	4
9I2G_B	368	1	B	372		ILE	4
9I2G_B	369	1	B	373		THR	4
9I2G_B	370	1	B	374		GLU	4
9I2G_B	371	1	B	375		GLY	4
9I2G_B	372	1	B	376		LYS	4
9I2G_B	373	1	B	377		THR	4
9I2G_B	374	1	B	378		ASP	4
9I2G_B	375	1	B	379		ARG	4
9I2G_B	376	1	B	380		ILE	4
9I2G_B	377	1	B	381		TYR	4
9I2G_B	378	1	B	382		LEU	4
9I2G_B	379	1	B	383		LYS	4
9I2G_B	380	1	B	384		ALA	4
9I2G_B	381	1	B	385		ALA	4
9I2G_B	382	1	B	386		LEU	4
9I2G_B	383	1	B	387		HIS	4
9I2G_B	384	1	B	388		SER	4
9I2G_B	385	1	B	389		LEU	4
9I2G_B	386	1	B	390		GLU	4
9I2G_B	387	1	B	391		THR	4
9I2G_B	388	1	B	392		SER	4
9I2G_B	389	1	B	393		TYR	4
9I2G_B	390	1	B	394		PRO	4
9I2G_B	391	1	B	395		GLU	4
9I2G_B	392	1	B	396		LEU	4
9I2G_B	393	1	B	397		PHE	4
9I2G_B	394	1	B	398		ARG	4
9I2G_B	395	1	B	399		GLU	4
9I2G_B	396	1	B	400		LYS	4
9I2G_B	397	1	B	401		THR	4
9I2G_B	398	1	B	402		ASP	4
9I2G_B	399	1	B	403		SER	4
9I2G_B	400	1	B	404		LYS	4
9I2G_B	401	1	B	405		LYS	4
9I2G_B	402	1	B	406		LYS	4
9I2G_B	403	1	B	407		GLU	4
9I2G_B	404	1	B	408		ILE	4
9I2G_B	405	1	B	409		ASN	4
9I2G_B	406	1	B	410		LEU	4
9I2G_B	407	1	B	411		ASN	4
9I2G_B	408	1	B	412		ILE	4
9I2G_B	409	1	B	413		PHE	4
9I2G_B	410	1	B	414		LYS	4
9I2G_B	411	1	B	415		SER	4
9I2G_B	412	1	B	416		ASN	4
9I2G_B	413	1	B	417		GLU	4
9I2G_B	414	1	B	418		LYS	4
9I2G_B	415	1	B	419		THR	4
9I2G_B	416	1	B	420		LYS	4
9I2G_B	417	1	B	421		TYR	4
9I2G_B	418	1	B	422		PHE	4
9I2G_B	419	1	B	423		LEU	4
9I2G_B	420	1	B	424		ASP	4
9I2G_B	421	1	B	425		LEU	4
9I2G_B	422	1	B	426		SER	4
9I2G_B	423	1	B	427		GLY	4
9I2G_B	424	1	B	428		GLY	4
9I2G_B	425	1	B	429		THR	4
9I2G_B	426	1	B	430		ALA	4
9I2G_B	427	1	B	431		ASP	4
9I2G_B	428	1	B	432		LEU	4
9I2G_B	429	1	B	433		LYS	4
9I2G_B	430	1	B	434		LYS	4
9I2G_B	431	1	B	435		PHE	4
9I2G_B	432	1	B	436		VAL	4
9I2G_B	433	1	B	437		GLU	4
9I2G_B	434	1	B	438		ARG	4
9I2G_B	435	1	B	439		TYR	4
9I2G_B	436	1	B	440		LYS	4
9I2G_B	437	1	B	441		ASN	4
9I2G_B	438	1	B	442		ASN	4
9I2G_B	439	1	B	443		TYR	4
9I2G_B	440	1	B	444		ALA	4
9I2G_B	441	1	B	445		SER	4
9I2G_B	442	1	B	446		TYR	4
9I2G_B	443	1	B	447		TYR	4
9I2G_B	444	1	B	448		GLY	4
9I2G_B	445	1	B	449		SER	4
9I2G_B	446	1	B	450		VAL	4
9I2G_B	447	1	B	451		PRO	4
9I2G_B	448	1	B	452		LYS	4
9I2G_B	449	1	B	453		GLN	4
9I2G_B	450	1	B	454		PRO	4
9I2G_B	451	1	B	455		VAL	4
9I2G_B	452	1	B	456		ILE	4
9I2G_B	453	1	B	457		MET	4
9I2G_B	454	1	B	458		VAL	4
9I2G_B	455	1	B	459		LEU	4
9I2G_B	456	1	B	460		ASP	4
9I2G_B	457	1	B	461		ASN	4
9I2G_B	458	1	B	462		ASP	4
9I2G_B	459	1	B	463		THR	4
9I2G_B	460	1	B	464		GLY	4
9I2G_B	461	1	B	465		PRO	4
9I2G_B	462	1	B	466		SER	4
9I2G_B	463	1	B	467		ASP	4
9I2G_B	464	1	B	468		LEU	4
9I2G_B	465	1	B	469		LEU	4
9I2G_B	466	1	B	470		ASN	4
9I2G_B	467	1	B	471		PHE	4
9I2G_B	468	1	B	472		LEU	4
9I2G_B	469	1	B	473		ARG	4
9I2G_B	470	1	B	474		ASN	4
9I2G_B	471	1	B	475		LYS	4
9I2G_B	472	1	B	476		VAL	4
9I2G_B	473	1	B	477		LYS	4
9I2G_B	474	1	B	478		SER	4
9I2G_B	475	1	B	479		CYS	4
9I2G_B	476	1	B	480		PRO	4
9I2G_B	477	1	B	481		ASP	4
9I2G_B	478	1	B	482		ASP	4
9I2G_B	479	1	B	483		VAL	4
9I2G_B	480	1	B	484		THR	4
9I2G_B	481	1	B	485		GLU	4
9I2G_B	482	1	B	486		MET	4
9I2G_B	483	1	B	487		ARG	4
9I2G_B	484	1	B	488		LYS	4
9I2G_B	485	1	B	489		MET	4
9I2G_B	486	1	B	490		LYS	4
9I2G_B	487	1	B	491		TYR	4
9I2G_B	488	1	B	492		ILE	4
9I2G_B	489	1	B	493		HIS	4
9I2G_B	490	1	B	494		VAL	4
9I2G_B	491	1	B	495		PHE	4
9I2G_B	492	1	B	496		TYR	4
9I2G_B	493	1	B	497		ASN	4
9I2G_B	494	1	B	498		LEU	4
9I2G_B	495	1	B	499		TYR	4
9I2G_B	496	1	B	500		ILE	4
9I2G_B	497	1	B	501		VAL	4
9I2G_B	498	1	B	502		LEU	4
9I2G_B	499	1	B	503		THR	4
9I2G_B	500	1	B	504		PRO	4
9I2G_B	501	1	B	505		LEU	4
9I2G_B	502	1	B	506		SER	4
9I2G_B	503	1	B	507		PRO	4
9I2G_B	504	1	B	508		SER	4
9I2G_B	505	1	B	509		GLY	4
9I2G_B	506	1	B	510		GLU	4
9I2G_B	507	1	B	511		GLN	4
9I2G_B	508	1	B	512		THR	4
9I2G_B	509	1	B	513		SER	4
9I2G_B	510	1	B	514		MET	4
9I2G_B	511	1	B	515		GLU	4
9I2G_B	512	1	B	516		ASP	4
9I2G_B	513	1	B	517		LEU	4
9I2G_B	514	1	B	518		PHE	4
9I2G_B	515	1	B	519		PRO	4
9I2G_B	516	1	B	520		LYS	4
9I2G_B	517	1	B	521		ASP	4
9I2G_B	518	1	B	522		ILE	4
9I2G_B	519	1	B	523		LEU	4
9I2G_B	520	1	B	524		ASP	4
9I2G_B	521	1	B	525		ILE	4
9I2G_B	522	1	B	526		LYS	4
9I2G_B	523	1	B	527		ILE	4
9I2G_B	524	1	B	528		ASP	4
9I2G_B	525	1	B	529		GLY	4
9I2G_B	526	1	B	530		LYS	4
9I2G_B	527	1	B	531		LYS	4
9I2G_B	528	1	B	532		PHE	4
9I2G_B	529	1	B	533		ASN	4
9I2G_B	530	1	B	534		LYS	4
9I2G_B	531	1	B	535		ASN	4
9I2G_B	532	1	B	541		LYS	4
9I2G_B	533	1	B	542		THR	4
9I2G_B	534	1	B	543		GLU	4
9I2G_B	535	1	B	544		TYR	4
9I2G_B	536	1	B	545		GLY	4
9I2G_B	537	1	B	546		LYS	4
9I2G_B	538	1	B	547		HIS	4
9I2G_B	539	1	B	548		ILE	4
9I2G_B	540	1	B	549		PHE	4
9I2G_B	541	1	B	550		SER	4
9I2G_B	542	1	B	551		MET	4
9I2G_B	543	1	B	552		ARG	4
9I2G_B	544	1	B	553		VAL	4
9I2G_B	545	1	B	554		VAL	4
9I2G_B	546	1	B	555		ARG	4
9I2G_B	547	1	B	556		ASP	4
9I2G_B	548	1	B	557		LYS	4
9I2G_B	549	1	B	558		LYS	4
9I2G_B	550	1	B	559		ARG	4
9I2G_B	551	1	B	560		LYS	4
9I2G_B	552	1	B	561		ILE	4
9I2G_B	553	1	B	562		ASP	4
9I2G_B	554	1	B	563		PHE	4
9I2G_B	555	1	B	564		LYS	4
9I2G_B	556	1	B	565		ALA	4
9I2G_B	557	1	B	566		PHE	4
9I2G_B	558	1	B	567		CYS	4
9I2G_B	559	1	B	568		CYS	4
9I2G_B	560	1	B	569		ILE	4
9I2G_B	561	1	B	570		PHE	4
9I2G_B	562	1	B	571		ASP	4
9I2G_B	563	1	B	572		ALA	4
9I2G_B	564	1	B	573		ILE	4
9I2G_B	565	1	B	574		LYS	4
9I2G_B	566	1	B	575		ASP	4
9I2G_B	567	1	B	576		ILE	4
9I2G_B	568	1	B	577		LYS	4
9I2G_B	569	1	B	578		GLU	4
9I2G_B	570	1	B	579		HIS	4
9I2G_B	571	1	B	580		TYR	4
9I2G_B	572	1	B	581		LYS	4
9I2G_B	573	1	B	582		LEU	4
9I2G_B	574	1	B	583		MET	4
9I2G_B	575	1	B	584		LEU	4
9I2G_B	576	1	B	585		ASN	4
9I2G_B	577	1	B	586		SER	4
9IOA_A	0	1	A	1		MET	1
9IOA_A	1	1	A	2		LYS	1
9IOA_A	2	1	A	3		LEU	1
9IOA_A	3	1	A	4		GLU	1
9IOA_A	4	1	A	5		GLN	1
9IOA_A	5	1	A	6		GLN	1
9IOA_A	6	1	A	7		ILE	1
9IOA_A	7	1	A	8		GLN	1
9IOA_A	8	1	A	9		ARG	1
9IOA_A	9	1	A	10		VAL	1
9IOA_A	10	1	A	11		ILE	1
9IOA_A	11	1	A	12		LEU	1
9IOA_A	12	1	A	13		GLU	1
9IOA_A	13	1	A	14		GLU	1
9IOA_A	14	1	A	15		ALA	1
9IOA_A	15	1	A	16		LYS	1
9IOA_A	16	1	A	17		ALA	1
9IOA_A	17	1	A	18		LEU	1
9IOA_A	18	1	A	19		ILE	1
9IOA_A	19	1	A	20		LYS	1
9IOA_A	20	1	A	21		ASP	1
9IOA_A	21	1	A	22		TYR	1
9IOA_A	22	1	A	23		HIS	1
9IOA_A	23	1	A	24		GLU	1
9IOA_A	24	1	A	25		TYR	1
9IOA_A	25	1	A	26		HIS	1
9IOA_A	26	1	A	27		ASN	1
9IOA_A	27	1	A	28		ARG	1
9IOA_A	28	1	A	29		VAL	1
9IOA_A	29	1	A	30		HIS	1
9IOA_A	30	1	A	31		LEU	1
9IOA_A	31	1	A	32		GLU	1
9IOA_A	32	1	A	33		SER	1
9IOA_A	33	1	A	34		VAL	1
9IOA_A	34	1	A	35		ARG	1
9IOA_A	35	1	A	36		ASN	1
9IOA_A	36	1	A	37		LYS	1
9IOA_A	37	1	A	38		LYS	1
9IOA_A	38	1	A	39		ARG	1
9IOA_A	39	1	A	40		LEU	1
9IOA_A	40	1	A	41		GLY	1
9IOA_A	41	1	A	42		ASP	1
9IOA_A	42	1	A	43		SER	1
9IOA_A	43	1	A	44		ALA	1
9IOA_A	44	1	A	45		PRO	1
9IOA_A	45	1	A	46		ASP	1
9IOA_A	46	1	A	47		LYS	1
9IOA_A	47	1	A	48		LYS	1
9IOA_A	48	1	A	49		ILE	1
9IOA_A	49	1	A	50		HIS	1
9IOA_A	50	1	A	51		ARG	1
9IOA_A	51	1	A	52		PRO	1
9IOA_A	52	1	A	53		ASN	1
9IOA_A	53	1	A	54		TYR	1
9IOA_A	54	1	A	55		TRP	1
9IOA_A	55	1	A	56		SER	1
9IOA_A	56	1	A	57		PHE	1
9IOA_A	57	1	A	58		ASP	1
9IOA_A	58	1	A	59		LYS	1
9IOA_A	59	1	A	60		LYS	1
9IOA_A	60	1	A	61		PHE	1
9IOA_A	61	1	A	62		ASP	1
9IOA_A	62	1	A	63		PRO	1
9IOA_A	63	1	A	64		PHE	1
9IOA_A	64	1	A	65		TYR	1
9IOA_A	65	1	A	66		VAL	1
9IOA_A	66	1	A	67		LYS	1
9IOA_A	67	1	A	68		SER	1
9IOA_A	68	1	A	69		ASN	1
9IOA_A	69	1	A	70		TYR	1
9IOA_A	70	1	A	71		LYS	1
9IOA_A	71	1	A	72		SER	1
9IOA_A	72	1	A	73		ILE	1
9IOA_A	73	1	A	74		ALA	1
9IOA_A	74	1	A	75		ARG	1
9IOA_A	75	1	A	76		SER	1
9IOA_A	76	1	A	77		ILE	1
9IOA_A	77	1	A	78		ALA	1
9IOA_A	78	1	A	79		ASN	1
9IOA_A	79	1	A	80		LYS	1
9IOA_A	80	1	A	81		ILE	1
9IOA_A	81	1	A	82		GLU	1
9IOA_A	82	1	A	83		ASN	1
9IOA_A	83	1	A	84		ARG	1
9IOA_A	84	1	A	85		THR	1
9IOA_A	85	1	A	86		TYR	1
9IOA_A	86	1	A	87		LEU	1
9IOA_A	87	1	A	88		PRO	1
9IOA_A	88	1	A	89		ASN	1
9IOA_A	89	1	A	90		GLU	1
9IOA_A	90	1	A	91		PRO	1
9IOA_A	91	1	A	92		PHE	1
9IOA_A	92	1	A	93		THR	1
9IOA_A	93	1	A	94		LYS	1
9IOA_A	94	1	A	95		ASP	1
9IOA_A	95	1	A	96		VAL	1
9IOA_A	96	1	A	97		PRO	1
9IOA_A	97	1	A	98		LYS	1
9IOA_A	98	1	A	99		PRO	1
9IOA_A	99	1	A	100		ASP	1
9IOA_A	100	1	A	101		GLY	1
9IOA_A	101	1	A	102		GLY	1
9IOA_A	102	1	A	103		ILE	1
9IOA_A	103	1	A	104		ARG	1
9IOA_A	104	1	A	105		LYS	1
9IOA_A	105	1	A	106		VAL	1
9IOA_A	106	1	A	107		SER	1
9IOA_A	107	1	A	108		ILE	1
9IOA_A	108	1	A	109		TYR	1
9IOA_A	109	1	A	110		GLN	1
9IOA_A	110	1	A	111		ILE	1
9IOA_A	111	1	A	112		PRO	1
9IOA_A	112	1	A	113		ASP	1
9IOA_A	113	1	A	114		ALA	1
9IOA_A	114	1	A	115		ALA	1
9IOA_A	115	1	A	116		ILE	1
9IOA_A	116	1	A	117		SER	2
9IOA_A	117	1	A	118		LYS	2
9IOA_A	118	1	A	119		LEU	2
9IOA_A	119	1	A	120		PHE	2
9IOA_A	120	1	A	121		PHE	2
9IOA_A	121	1	A	122		ASN	2
9IOA_A	122	1	A	123		ARG	2
9IOA_A	123	1	A	124		LEU	2
9IOA_A	124	1	A	125		LEU	2
9IOA_A	125	1	A	126		ALA	2
9IOA_A	126	1	A	127		LYS	2
9IOA_A	127	1	A	128		ASN	2
9IOA_A	128	1	A	129		ARG	2
9IOA_A	129	1	A	130		HIS	2
9IOA_A	130	1	A	131		ARG	2
9IOA_A	131	1	A	132		PHE	2
9IOA_A	132	1	A	133		SER	2
9IOA_A	133	1	A	134		SER	2
9IOA_A	134	1	A	135		PHE	2
9IOA_A	135	1	A	136		SER	2
9IOA_A	136	1	A	137		TYR	2
9IOA_A	137	1	A	138		ALA	2
9IOA_A	138	1	A	139		TYR	2
9IOA_A	139	1	A	140		ARG	2
9IOA_A	140	1	A	141		ASN	2
9IOA_A	141	1	A	142		ASP	2
9IOA_A	142	1	A	143		ARG	2
9IOA_A	143	1	A	144		ASN	2
9IOA_A	144	1	A	145		VAL	2
9IOA_A	145	1	A	146		HIS	2
9IOA_A	146	1	A	147		PHE	2
9IOA_A	147	1	A	148		ALA	2
9IOA_A	148	1	A	149		ILE	2
9IOA_A	149	1	A	150		GLN	2
9IOA_A	150	1	A	151		ASP	2
9IOA_A	151	1	A	152		ILE	2
9IOA_A	152	1	A	153		SER	2
9IOA_A	153	1	A	154		VAL	2
9IOA_A	154	1	A	155		ASP	2
9IOA_A	155	1	A	156		LEU	2
9IOA_A	156	1	A	157		LYS	2
9IOA_A	157	1	A	158		LYS	2
9IOA_A	158	1	A	159		ASN	2
9IOA_A	159	1	A	160		GLU	2
9IOA_A	160	1	A	161		ARG	2
9IOA_A	161	1	A	162		THR	2
9IOA_A	162	1	A	163		PHE	2
9IOA_A	163	1	A	164		LEU	2
9IOA_A	164	1	A	165		ALA	2
9IOA_A	165	1	A	166		GLU	2
9IOA_A	166	1	A	167		PHE	2
9IOA_A	167	1	A	168		ASP	2
9IOA_A	168	1	A	169		PHE	2
9IOA_A	169	1	A	170		SER	2
9IOA_A	170	1	A	171		ASP	2
9IOA_A	171	1	A	172		PHE	2
9IOA_A	172	1	A	173		PHE	2
9IOA_A	173	1	A	174		GLY	2
9IOA_A	174	1	A	175		SER	2
9IOA_A	175	1	A	176		ILE	2
9IOA_A	176	1	A	177		SER	2
9IOA_A	177	1	A	178		HIS	2
9IOA_A	178	1	A	179		SER	2
9IOA_A	179	1	A	180		PHE	2
9IOA_A	180	1	A	181		LEU	2
9IOA_A	181	1	A	182		ASN	2
9IOA_A	182	1	A	183		GLU	2
9IOA_A	183	1	A	184		GLN	2
9IOA_A	184	1	A	185		PHE	2
9IOA_A	185	1	A	186		ASN	2
9IOA_A	186	1	A	187		GLU	2
9IOA_A	187	1	A	188		ASN	2
9IOA_A	188	1	A	189		GLY	2
9IOA_A	189	1	A	190		PHE	2
9IOA_A	190	1	A	191		TYR	2
9IOA_A	191	1	A	192		ILE	2
9IOA_A	192	1	A	193		SER	2
9IOA_A	193	1	A	194		PRO	2
9IOA_A	194	1	A	195		GLU	2
9IOA_A	195	1	A	196		GLU	2
9IOA_A	196	1	A	197		LYS	2
9IOA_A	197	1	A	198		PHE	2
9IOA_A	198	1	A	199		ILE	2
9IOA_A	199	1	A	200		ILE	2
9IOA_A	200	1	A	201		ARG	2
9IOA_A	201	1	A	202		SER	2
9IOA_A	202	1	A	203		PHE	2
9IOA_A	203	1	A	204		LEU	2
9IOA_A	204	1	A	205		ARG	2
9IOA_A	205	1	A	206		GLU	2
9IOA_A	206	1	A	207		ARG	2
9IOA_A	207	1	A	208		LYS	2
9IOA_A	208	1	A	209		VAL	2
9IOA_A	209	1	A	210		GLY	2
9IOA_A	210	1	A	211		ILE	2
9IOA_A	211	1	A	212		PRO	2
9IOA_A	212	1	A	213		GLN	2
9IOA_A	213	1	A	214		GLY	2
9IOA_A	214	1	A	215		THR	2
9IOA_A	215	1	A	216		SER	2
9IOA_A	216	1	A	217		ILE	2
9IOA_A	217	1	A	218		SER	2
9IOA_A	218	1	A	219		LEU	2
9IOA_A	219	1	A	220		PHE	2
9IOA_A	220	1	A	221		LEU	2
9IOA_A	221	1	A	222		ALA	2
9IOA_A	222	1	A	223		ASN	2
9IOA_A	223	1	A	224		LEU	2
9IOA_A	224	1	A	225		THR	2
9IOA_A	225	1	A	226		CYS	2
9IOA_A	226	1	A	227		TRP	2
9IOA_A	227	1	A	228		LYS	2
9IOA_A	228	1	A	229		LEU	2
9IOA_A	229	1	A	230		ASP	2
9IOA_A	230	1	A	231		GLN	2
9IOA_A	231	1	A	232		ASP	2
9IOA_A	232	1	A	233		LEU	2
9IOA_A	233	1	A	234		GLU	2
9IOA_A	234	1	A	235		ARG	2
9IOA_A	235	1	A	236		GLU	2
9IOA_A	236	1	A	237		GLY	2
9IOA_A	237	1	A	238		VAL	2
9IOA_A	238	1	A	239		LYS	2
9IOA_A	239	1	A	240		PHE	2
9IOA_A	240	1	A	241		SER	2
9IOA_A	241	1	A	242		ARG	2
9IOA_A	242	1	A	243		TYR	2
9IOA_A	243	1	A	244		ALA	2
9IOA_A	244	1	A	245		ASP	2
9IOA_A	245	1	A	246		ASP	2
9IOA_A	246	1	A	247		THR	2
9IOA_A	247	1	A	248		ILE	2
9IOA_A	248	1	A	249		ILE	2
9IOA_A	249	1	A	250		TRP	2
9IOA_A	250	1	A	251		SER	2
9IOA_A	251	1	A	252		GLN	2
9IOA_A	252	1	A	253		GLU	2
9IOA_A	253	1	A	254		TYR	2
9IOA_A	254	1	A	255		SER	2
9IOA_A	255	1	A	256		LYS	2
9IOA_A	256	1	A	257		ILE	2
9IOA_A	257	1	A	258		CYS	2
9IOA_A	258	1	A	259		ASN	2
9IOA_A	259	1	A	260		ALA	2
9IOA_A	260	1	A	261		PHE	2
9IOA_A	261	1	A	262		ASN	2
9IOA_A	262	1	A	263		ILE	2
9IOA_A	263	1	A	264		ILE	2
9IOA_A	264	1	A	265		THR	2
9IOA_A	265	1	A	266		ASN	2
9IOA_A	266	1	A	267		PHE	2
9IOA_A	267	1	A	268		SER	2
9IOA_A	268	1	A	269		LYS	2
9IOA_A	269	1	A	270		SER	2
9IOA_A	270	1	A	271		ALA	2
9IOA_A	271	1	A	272		GLY	2
9IOA_A	272	1	A	273		ILE	2
9IOA_A	273	1	A	274		LYS	2
9IOA_A	274	1	A	275		ILE	2
9IOA_A	275	1	A	276		ASN	2
9IOA_A	276	1	A	277		PRO	2
9IOA_A	277	1	A	278		LYS	2
9IOA_A	278	1	A	282		GLY	2
9IOA_A	279	1	A	283		ILE	2
9IOA_A	280	1	A	284		SER	2
9IOA_A	281	1	A	285		LEU	2
9IOA_A	282	1	A	286		LEU	2
9IOA_A	283	1	A	287		THR	2
9IOA_A	284	1	A	288		LYS	2
9IOA_A	285	1	A	289		LYS	2
9IOA_A	286	1	A	290		GLY	2
9IOA_A	287	1	A	291		LEU	2
9IOA_A	288	1	A	292		PRO	2
9IOA_A	289	1	A	293		SER	2
9IOA_A	290	1	A	294		GLU	2
9IOA_A	291	1	A	295		ILE	2
9IOA_A	292	1	A	296		THR	2
9IOA_A	293	1	A	297		SER	2
9IOA_A	294	1	A	298		LYS	2
9IOA_A	295	1	A	299		ASN	2
9IOA_A	296	1	A	300		ASN	2
9IOA_A	297	1	A	301		LEU	2
9IOA_A	298	1	A	302		ASP	2
9IOA_A	299	1	A	303		PHE	2
9IOA_A	300	1	A	304		LEU	2
9IOA_A	301	1	A	305		GLY	2
9IOA_A	302	1	A	306		TYR	2
9IOA_A	303	1	A	307		THR	2
9IOA_A	304	1	A	308		LEU	2
9IOA_A	305	1	A	309		SER	2
9IOA_A	306	1	A	310		VAL	2
9IOA_A	307	1	A	311		GLU	2
9IOA_A	308	1	A	312		ASN	3
9IOA_A	309	1	A	313		VAL	3
9IOA_A	310	1	A	314		SER	3
9IOA_A	311	1	A	315		ILE	3
9IOA_A	312	1	A	316		LYS	3
9IOA_A	313	1	A	317		GLU	3
9IOA_A	314	1	A	318		LYS	3
9IOA_A	315	1	A	319		SER	3
9IOA_A	316	1	A	320		VAL	3
9IOA_A	317	1	A	321		LYS	3
9IOA_A	318	1	A	322		LYS	3
9IOA_A	319	1	A	323		ILE	3
9IOA_A	320	1	A	324		LYS	3
9IOA_A	321	1	A	325		LYS	3
9IOA_A	322	1	A	326		GLN	3
9IOA_A	323	1	A	327		ILE	3
9IOA_A	324	1	A	328		SER	3
9IOA_A	325	1	A	329		TYR	3
9IOA_A	326	1	A	330		ILE	3
9IOA_A	327	1	A	331		LEU	3
9IOA_A	328	1	A	332		TYR	3
9IOA_A	329	1	A	333		ARG	3
9IOA_A	330	1	A	334		ASN	3
9IOA_A	331	1	A	335		LEU	3
9IOA_A	332	1	A	336		ILE	3
9IOA_A	333	1	A	337		GLN	3
9IOA_A	334	1	A	338		PRO	3
9IOA_A	335	1	A	339		LEU	3
9IOA_A	336	1	A	340		LYS	3
9IOA_A	337	1	A	341		LYS	3
9IOA_A	338	1	A	342		THR	3
9IOA_A	339	1	A	343		SER	3
9IOA_A	340	1	A	344		LEU	3
9IOA_A	341	1	A	345		ALA	3
9IOA_A	342	1	A	346		GLY	3
9IOA_A	343	1	A	347		GLN	3
9IOA_A	344	1	A	348		THR	3
9IOA_A	345	1	A	349		ILE	3
9IOA_A	346	1	A	350		PRO	3
9IOA_A	347	1	A	351		ALA	3
9IOA_A	348	1	A	352		ASN	3
9IOA_A	349	1	A	353		ASP	3
9IOA_A	350	1	A	354		ARG	3
9IOA_A	351	1	A	355		ASP	3
9IOA_A	352	1	A	356		LYS	3
9IOA_A	353	1	A	357		ASN	3
9IOA_A	354	1	A	358		PHE	3
9IOA_A	355	1	A	359		LEU	3
9IOA_A	356	1	A	360		ILE	3
9IOA_A	357	1	A	361		ALA	3
9IOA_A	358	1	A	362		ILE	3
9IOA_A	359	1	A	363		CYS	3
9IOA_A	360	1	A	364		GLU	3
9IOA_A	361	1	A	365		ILE	3
9IOA_A	362	1	A	366		ARG	3
9IOA_A	363	1	A	367		ARG	3
9IOA_A	364	1	A	368		TYR	3
9IOA_A	365	1	A	369		MET	3
9IOA_A	366	1	A	370		TYR	3
9IOA_A	367	1	A	371		GLY	3
9IOA_A	368	1	A	372		GLY	3
9IOA_A	369	1	A	373		LEU	3
9IOA_A	370	1	A	374		SER	3
9IOA_A	371	1	A	375		LYS	3
9IOA_A	372	1	A	376		SER	3
9IOA_A	373	1	A	377		GLN	3
9IOA_A	374	1	A	378		ILE	3
9IOA_A	375	1	A	379		LYS	3
9IOA_A	376	1	A	380		ASP	3
9IOA_A	377	1	A	381		TYR	3
9IOA_A	378	1	A	382		LEU	3
9IOA_A	379	1	A	383		SER	3
9IOA_A	380	1	A	384		GLY	3
9IOA_A	381	1	A	385		ARG	3
9IOA_A	382	1	A	386		SER	3
9IOA_A	383	1	A	387		ASN	3
9IOA_A	384	1	A	388		ARG	3
9IOA_A	385	1	A	389		LEU	3
9IOA_A	386	1	A	390		TYR	3
9IOA_A	387	1	A	391		PHE	3
9IOA_A	388	1	A	392		LYS	3
9IOA_A	389	1	A	393		GLY	3
9IOA_A	390	1	A	394		ILE	3
9IOA_A	391	1	A	395		MET	3
9IOA_A	392	1	A	396		SER	3
9IOA_A	393	1	A	397		PHE	3
9IOA_A	394	1	A	398		TYR	3
9IOA_A	395	1	A	399		PRO	3
9IOA_A	396	1	A	400		LEU	3
9IOA_A	397	1	A	401		VAL	3
9IOA_A	398	1	A	402		ASN	3
9IOA_A	399	1	A	403		ASP	3
9IOA_A	400	1	A	404		VAL	3
9IOA_A	401	1	A	405		GLU	3
9IOA_A	402	1	A	406		GLN	3
9IOA_A	403	1	A	407		LEU	3
9IOA_A	404	1	A	408		LYS	3
9IOA_A	405	1	A	409		GLN	3
9IOA_A	406	1	A	410		LEU	3
9IOA_A	407	1	A	411		ASP	3
9IOA_A	408	1	A	412		GLY	3
9IOA_A	409	1	A	413		TRP	3
9IOA_A	410	1	A	414		ILE	3
9IOA_A	411	1	A	415		VAL	3
9IOA_A	412	1	A	416		SER	3
9IOA_A	413	1	A	417		VAL	3
9IOA_A	414	1	A	418		ILE	3
9IOA_A	415	1	A	419		TYR	3
9IOA_A	416	1	A	420		ARG	3
9IOA_A	417	1	A	421		ALA	3
9IOA_A	418	1	A	422		LEU	3
9IOA_A	419	1	A	423		LYS	3
9IOA_A	420	1	A	424		LEU	3
9IOA_A	421	1	A	425		ARG	3
9IOA_A	422	1	A	426		CYS	3
9IOA_A	423	1	A	427		GLN	3
9IOA_A	424	1	A	428		LEU	3
9IOA_A	425	1	A	429		LEU	3
9IOA_A	426	1	A	430		SER	3
9IOA_A	427	1	A	431		LYS	3
9IOA_A	428	1	A	432		TRP	3
9IOA_A	429	1	A	433		GLY	3
9IOA_A	430	1	A	434		TYR	3
9IOA_A	431	1	A	435		ASN	3
9IOA_A	432	1	A	436		ARG	3
9IOA_A	433	1	A	437		SER	3
9IOA_A	434	1	A	438		HIS	3
9IOA_A	435	1	A	439		ASN	3
9IOA_A	436	1	A	440		PHE	3
9IOA_A	437	1	A	441		PRO	3
9IOA_A	438	1	A	442		PHE	3
9IOA_A	439	1	A	443		ILE	3
9IOA_A	440	1	A	444		LEU	3
9IOA_A	441	1	A	445		ASP	3
9IOA_A	442	1	A	446		ARG	3
9IOA_A	443	1	A	447		GLU	3
9IOA_A	444	1	A	448		ASP	3
9IOA_A	445	1	A	449		ILE	3
9IOA_A	446	1	A	450		VAL	3
9IOA_A	447	1	A	451		ASP	3
9IOA_A	448	1	A	452		LYS	3
9IOA_A	449	1	A	453		CYS	3
9IOA_A	450	1	A	454		SER	3
9IOA_A	451	1	A	455		LYS	3
9IOA_A	452	1	A	456		LYS	3
9IOA_A	453	1	A	457		THR	3
9IOA_A	454	1	A	458		ILE	3
9IOA_A	455	1	A	459		ALA	3
9IOA_A	456	1	A	460		GLY	3
9IOA_A	457	1	A	461		ARG	3
9IOA_A	458	1	A	462		LYS	3
9IOA_A	459	1	A	463		LEU	3
9IOA_A	460	1	A	464		PHE	3
9IOA_A	461	1	A	465		GLU	3
9IOA_A	462	1	A	466		ILE	3
9IOA_A	463	1	A	467		PRO	3
9IOA_A	464	1	A	468		SER	3
9IOA_A	465	1	A	469		PHE	3
9IOA_A	466	1	A	470		LEU	3
9IOA_A	467	1	A	471		LEU	3
9IOA_A	468	1	A	472		ILE	3
9IOA_A	469	1	A	473		HIS	3
9IOA_A	470	1	A	474		LYS	3
9IOA_A	471	1	A	475		ALA	3
9IOA_A	472	1	A	476		LEU	3
9IOA_A	473	1	A	477		GLN	3
9IOA_A	474	1	A	478		LYS	3
9IOA_A	475	1	A	479		GLY	3
9IOA_A	476	1	A	480		LEU	3
9IOA_A	477	1	A	481		GLN	3
9IOA_A	478	1	A	482		GLU	3
9IOA_A	479	1	A	483		SER	3
9IOA_A	480	1	A	484		GLY	3
9IOA_A	481	1	A	485		ILE	3
9IOA_A	482	1	A	486		GLU	3
9IOA_A	483	1	A	487		LYS	3
9IOA_A	484	1	A	488		ILE	3
9IOA_A	485	1	A	489		MET	3
9IOA_A	486	1	A	490		ASN	3
9IOA_A	487	1	A	491		PRO	3
9K6G_A	0	1	A	248		THR	1
9K6G_A	1	1	A	249		THR	1
9K6G_A	2	1	A	250		TRP	1
9K6G_A	3	1	A	251		LYS	1
9K6G_A	4	1	A	252		LEU	1
9K6G_A	5	1	A	253		ASN	1
9K6G_A	6	1	A	254		ASN	1
9K6G_A	7	1	A	255		LEU	1
9K6G_A	8	1	A	256		LEU	1
9K6G_A	9	1	A	257		LEU	1
9K6G_A	10	1	A	258		ASN	1
9K6G_A	11	1	A	259		ASP	1
9K6G_A	12	1	A	260		TYR	1
9K6G_A	13	1	A	261		TRP	1
9K6G_A	14	1	A	262		VAL	1
9K6G_A	15	1	A	263		HIS	1
9K6G_A	16	1	A	264		ASN	1
9K6G_A	17	1	A	265		GLU	1
9K6G_A	18	1	A	266		MET	1
9K6G_A	19	1	A	267		LYS	1
9K6G_A	20	1	A	268		ALA	1
9K6G_A	21	1	A	269		GLU	1
9K6G_A	22	1	A	270		ILE	1
9K6G_A	23	1	A	271		LYS	1
9K6G_A	24	1	A	272		MET	1
9K6G_A	25	1	A	273		PHE	1
9K6G_A	26	1	A	274		PHE	1
9K6G_A	27	1	A	275		GLU	1
9K6G_A	28	1	A	276		THR	1
9K6G_A	29	1	A	277		ASN	1
9K6G_A	30	1	A	278		GLU	1
9K6G_A	31	1	A	279		ASN	1
9K6G_A	32	1	A	280		LYS	1
9K6G_A	33	1	A	281		ASP	1
9K6G_A	34	1	A	282		THR	1
9K6G_A	35	1	A	283		THR	1
9K6G_A	36	1	A	284		TYR	1
9K6G_A	37	1	A	285		GLN	1
9K6G_A	38	1	A	286		ASN	1
9K6G_A	39	1	A	287		LEU	1
9K6G_A	40	1	A	288		TRP	1
9K6G_A	41	1	A	289		ASP	1
9K6G_A	42	1	A	290		ALA	1
9K6G_A	43	1	A	291		PHE	1
9K6G_A	44	1	A	292		LYS	1
9K6G_A	45	1	A	293		ALA	1
9K6G_A	46	1	A	294		VAL	1
9K6G_A	47	1	A	295		CYS	1
9K6G_A	48	1	A	296		ARG	1
9K6G_A	49	1	A	297		GLY	1
9K6G_A	50	1	A	298		LYS	1
9K6G_A	51	1	A	299		PHE	1
9K6G_A	52	1	A	300		ILE	1
9K6G_A	53	1	A	301		ALA	1
9K6G_A	54	1	A	302		LEU	1
9K6G_A	55	1	A	303		ASN	1
9K6G_A	56	1	A	304		ALA	1
9K6G_A	57	1	A	305		TYR	1
9K6G_A	58	1	A	306		LYS	1
9K6G_A	59	1	A	307		ARG	1
9K6G_A	60	1	A	308		LYS	2
9K6G_A	61	1	A	309		GLN	2
9K6G_A	62	1	A	310		GLU	2
9K6G_A	63	1	A	311		ARG	2
9K6G_A	64	1	A	312		SER	2
9K6G_A	65	1	A	313		LYS	2
9K6G_A	66	1	A	314		ILE	2
9K6G_A	67	1	A	315		ASP	2
9K6G_A	68	1	A	316		THR	2
9K6G_A	69	1	A	317		LEU	2
9K6G_A	70	1	A	318		THR	2
9K6G_A	71	1	A	319		SER	2
9K6G_A	72	1	A	320		GLN	2
9K6G_A	73	1	A	321		LEU	2
9K6G_A	74	1	A	322		LYS	2
9K6G_A	75	1	A	323		GLU	2
9K6G_A	76	1	A	324		LEU	2
9K6G_A	77	1	A	325		GLU	2
9K6G_A	78	1	A	326		LYS	2
9K6G_A	79	1	A	327		GLN	2
9K6G_A	80	1	A	328		GLU	2
9K6G_A	81	1	A	329		GLN	2
9K6G_A	82	1	A	330		THR	2
9K6G_A	83	1	A	331		HIS	2
9K6G_A	84	1	A	332		SER	2
9K6G_A	85	1	A	333		LYS	2
9K6G_A	86	1	A	334		ALA	2
9K6G_A	87	1	A	335		SER	2
9K6G_A	88	1	A	336		ARG	2
9K6G_A	89	1	A	337		ARG	2
9K6G_A	90	1	A	338		GLN	2
9K6G_A	91	1	A	339		GLU	2
9K6G_A	92	1	A	340		ILE	2
9K6G_A	93	1	A	341		THR	2
9K6G_A	94	1	A	342		LYS	2
9K6G_A	95	1	A	343		ILE	2
9K6G_A	96	1	A	344		ARG	2
9K6G_A	97	1	A	345		ALA	2
9K6G_A	98	1	A	346		GLU	2
9K6G_A	99	1	A	347		LEU	2
9K6G_A	100	1	A	348		LYS	2
9K6G_A	101	1	A	349		GLU	2
9K6G_A	102	1	A	350		ILE	2
9K6G_A	103	1	A	351		GLU	2
9K6G_A	104	1	A	352		THR	2
9K6G_A	105	1	A	353		GLN	2
9K6G_A	106	1	A	354		LYS	2
9K6G_A	107	1	A	355		THR	3
9K6G_A	108	1	A	356		LEU	3
9K6G_A	109	1	A	357		GLN	3
9K6G_A	110	1	A	358		LYS	3
9K6G_A	111	1	A	359		ILE	3
9K6G_A	112	1	A	360		ASN	3
9K6G_A	113	1	A	361		GLU	3
9K6G_A	114	1	A	362		SER	3
9K6G_A	115	1	A	363		ARG	3
9K6G_A	116	1	A	364		SER	3
9K6G_A	117	1	A	365		TRP	3
9K6G_A	118	1	A	366		PHE	3
9K6G_A	119	1	A	367		PHE	3
9K6G_A	120	1	A	368		GLU	3
9K6G_A	121	1	A	369		ARG	4
9K6G_A	122	1	A	370		ILE	4
9K6G_A	123	1	A	371		ASN	4
9K6G_A	124	1	A	372		LYS	4
9K6G_A	125	1	A	373		ILE	4
9K6G_A	126	1	A	374		ASP	4
9K6G_A	127	1	A	375		ARG	4
9K6G_A	128	1	A	376		PRO	4
9K6G_A	129	1	A	377		LEU	4
9K6G_A	130	1	A	378		ALA	4
9K6G_A	131	1	A	379		ARG	4
9K6G_A	132	1	A	380		LEU	4
9K6G_A	133	1	A	381		ILE	4
9K6G_A	134	1	A	382		LYS	4
9K6G_A	135	1	A	383		LYS	4
9K6G_A	136	1	A	384		LYS	4
9K6G_A	137	1	A	385		ARG	4
9K6G_A	138	1	A	386		GLU	1
9K6G_A	139	1	A	387		LYS	1
9K6G_A	140	1	A	388		ASN	1
9K6G_A	141	1	A	389		GLN	1
9K6G_A	142	1	A	390		ILE	1
9K6G_A	143	1	A	391		ASP	1
9K6G_A	144	1	A	392		THR	1
9K6G_A	145	1	A	393		ILE	1
9K6G_A	146	1	A	394		LYS	1
9K6G_A	147	1	A	395		ASN	1
9K6G_A	148	1	A	396		ASP	1
9K6G_A	149	1	A	397		LYS	1
9K6G_A	150	1	A	398		GLY	1
9K6G_A	151	1	A	399		ASP	1
9K6G_A	152	1	A	400		ILE	1
9K6G_A	153	1	A	401		THR	1
9K6G_A	154	1	A	402		THR	1
9K6G_A	155	1	A	403		ASP	1
9K6G_A	156	1	A	404		PRO	1
9K6G_A	157	1	A	405		THR	1
9K6G_A	158	1	A	406		GLU	1
9K6G_A	159	1	A	407		ILE	1
9K6G_A	160	1	A	408		GLN	1
9K6G_A	161	1	A	409		THR	1
9K6G_A	162	1	A	410		THR	1
9K6G_A	163	1	A	411		ILE	1
9K6G_A	164	1	A	412		ARG	1
9K6G_A	165	1	A	413		GLU	1
9K6G_A	166	1	A	414		TYR	1
9K6G_A	167	1	A	415		TYR	1
9K6G_A	168	1	A	416		LYS	1
9K6G_A	169	1	A	417		HIS	1
9K6G_A	170	1	A	418		LEU	1
9K6G_A	171	1	A	419		TYR	1
9K6G_A	172	1	A	420		ALA	1
9K6G_A	173	1	A	421		ASN	1
9K6G_A	174	1	A	422		LYS	1
9K6G_A	175	1	A	423		LEU	1
9K6G_A	176	1	A	424		GLU	1
9K6G_A	177	1	A	425		ASN	1
9K6G_A	178	1	A	426		LEU	1
9K6G_A	179	1	A	427		GLU	1
9K6G_A	180	1	A	428		GLU	1
9K6G_A	181	1	A	429		MET	1
9K6G_A	182	1	A	430		ASP	1
9K6G_A	183	1	A	431		THR	1
9K6G_A	184	1	A	432		PHE	1
9K6G_A	185	1	A	433		LEU	1
9K6G_A	186	1	A	434		ASP	1
9K6G_A	187	1	A	435		THR	1
9K6G_A	188	1	A	436		TYR	1
9K6G_A	189	1	A	437		THR	1
9K6G_A	190	1	A	438		LEU	1
9K6G_A	191	1	A	439		PRO	1
9K6G_A	192	1	A	440		ARG	1
9K6G_A	193	1	A	441		LEU	1
9K6G_A	194	1	A	442		ASN	1
9K6G_A	195	1	A	443		GLN	1
9K6G_A	196	1	A	444		GLU	1
9K6G_A	197	1	A	445		GLU	1
9K6G_A	198	1	A	446		VAL	1
9K6G_A	199	1	A	447		GLU	1
9K6G_A	200	1	A	448		SER	1
9K6G_A	201	1	A	449		LEU	1
9K6G_A	202	1	A	450		ASN	1
9K6G_A	203	1	A	451		ARG	1
9K6G_A	204	1	A	452		PRO	1
9K6G_A	205	1	A	453		ILE	1
9K6G_A	206	1	A	454		THR	1
9K6G_A	207	1	A	455		GLY	1
9K6G_A	208	1	A	456		SER	1
9K6G_A	209	1	A	457		GLU	1
9K6G_A	210	1	A	458		ILE	1
9K6G_A	211	1	A	459		VAL	1
9K6G_A	212	1	A	460		ALA	1
9K6G_A	213	1	A	461		ILE	1
9K6G_A	214	1	A	462		ILE	1
9K6G_A	215	1	A	463		ASN	1
9K6G_A	216	1	A	464		SER	1
9K6G_A	217	1	A	465		LEU	1
9K6G_A	218	1	A	466		PRO	1
9K6G_A	219	1	A	467		THR	1
9K6G_A	220	1	A	468		LYS	1
9K6G_A	221	1	A	469		LYS	1
9K6G_A	222	1	A	470		SER	1
9K6G_A	223	1	A	471		PRO	1
9K6G_A	224	1	A	472		GLY	1
9K6G_A	225	1	A	473		PRO	1
9K6G_A	226	1	A	474		ASP	1
9K6G_A	227	1	A	475		GLY	1
9K6G_A	228	1	A	476		PHE	1
9K6G_A	229	1	A	477		THR	1
9K6G_A	230	1	A	478		ALA	1
9K6G_A	231	1	A	479		GLU	1
9K6G_A	232	1	A	480		PHE	1
9K6G_A	233	1	A	481		TYR	1
9K6G_A	234	1	A	482		GLN	1
9K6G_A	235	1	A	483		ARG	1
9K6G_A	236	1	A	484		TYR	1
9K6G_A	237	1	A	485		LYS	1
9K6G_A	238	1	A	486		GLU	1
9K6G_A	239	1	A	487		GLU	1
9K6G_A	240	1	A	488		LEU	1
9K6G_A	241	1	A	489		VAL	1
9K6G_A	242	1	A	490		PRO	1
9K6G_A	243	1	A	491		PHE	1
9K6G_A	244	1	A	492		LEU	1
9K6G_A	245	1	A	493		LEU	1
9K6G_A	246	1	A	494		LYS	1
9K6G_A	247	1	A	495		LEU	1
9K6G_A	248	1	A	496		PHE	1
9K6G_A	249	1	A	497		GLN	1
9K6G_A	250	1	A	498		SER	1
9K6G_A	251	1	A	499		ILE	1
9K6G_A	252	1	A	500		GLU	1
9K6G_A	253	1	A	501		LYS	1
9K6G_A	254	1	A	502		GLU	1
9K6G_A	255	1	A	503		GLY	1
9K6G_A	256	1	A	504		ILE	1
9K6G_A	257	1	A	505		LEU	1
9K6G_A	258	1	A	506		PRO	1
9K6G_A	259	1	A	507		ASN	1
9K6G_A	260	1	A	508		SER	1
9K6G_A	261	1	A	509		PHE	1
9K6G_A	262	1	A	510		TYR	1
9K6G_A	263	1	A	511		GLU	1
9K6G_A	264	1	A	512		ALA	1
9K6G_A	265	1	A	513		SER	1
9K6G_A	266	1	A	514		ILE	1
9K6G_A	267	1	A	515		ILE	1
9K6G_A	268	1	A	516		LEU	1
9K6G_A	269	1	A	517		ILE	1
9K6G_A	270	1	A	518		PRO	1
9K6G_A	271	1	A	519		LYS	1
9K6G_A	272	1	A	520		PRO	1
9K6G_A	273	1	A	521		GLY	1
9K6G_A	274	1	A	522		ARG	1
9K6G_A	275	1	A	523		ASP	1
9K6G_A	276	1	A	524		THR	1
9K6G_A	277	1	A	525		THR	1
9K6G_A	278	1	A	526		LYS	1
9K6G_A	279	1	A	527		LYS	1
9K6G_A	280	1	A	528		GLU	1
9K6G_A	281	1	A	529		ASN	1
9K6G_A	282	1	A	530		PHE	1
9K6G_A	283	1	A	531		ARG	1
9K6G_A	284	1	A	532		PRO	1
9K6G_A	285	1	A	533		ILE	1
9K6G_A	286	1	A	534		SER	1
9K6G_A	287	1	A	535		LEU	1
9K6G_A	288	1	A	536		MET	1
9K6G_A	289	1	A	537		ASN	1
9K6G_A	290	1	A	538		ILE	1
9K6G_A	291	1	A	539		ASP	1
9K6G_A	292	1	A	540		ALA	1
9K6G_A	293	1	A	541		LYS	1
9K6G_A	294	1	A	542		ILE	1
9K6G_A	295	1	A	543		LEU	1
9K6G_A	296	1	A	544		ASN	1
9K6G_A	297	1	A	545		LYS	1
9K6G_A	298	1	A	546		ILE	1
9K6G_A	299	1	A	547		LEU	1
9K6G_A	300	1	A	548		ALA	1
9K6G_A	301	1	A	549		ASN	1
9K6G_A	302	1	A	550		ARG	1
9K6G_A	303	1	A	551		ILE	1
9K6G_A	304	1	A	552		GLN	1
9K6G_A	305	1	A	553		GLN	1
9K6G_A	306	1	A	554		HIS	1
9K6G_A	307	1	A	555		ILE	1
9K6G_A	308	1	A	556		LYS	1
9K6G_A	309	1	A	557		LYS	1
9K6G_A	310	1	A	558		LEU	1
9K6G_A	311	1	A	559		ILE	1
9K6G_A	312	1	A	560		HIS	1
9K6G_A	313	1	A	561		HIS	1
9K6G_A	314	1	A	562		ASP	1
9K6G_A	315	1	A	563		GLN	1
9K6G_A	316	1	A	564		VAL	1
9K6G_A	317	1	A	565		GLY	1
9K6G_A	318	1	A	566		PHE	1
9K6G_A	319	1	A	567		ILE	1
9K6G_A	320	1	A	568		PRO	1
9K6G_A	321	1	A	569		GLY	1
9K6G_A	322	1	A	570		MET	1
9K6G_A	323	1	A	571		GLN	1
9K6G_A	324	1	A	572		GLY	1
9K6G_A	325	1	A	573		TRP	1
9K6G_A	326	1	A	574		PHE	1
9K6G_A	327	1	A	575		ASN	1
9K6G_A	328	1	A	576		ILE	1
9K6G_A	329	1	A	577		ARG	1
9K6G_A	330	1	A	578		LYS	1
9K6G_A	331	1	A	579		SER	1
9K6G_A	332	1	A	580		ILE	1
9K6G_A	333	1	A	581		ASN	1
9K6G_A	334	1	A	582		VAL	1
9K6G_A	335	1	A	583		ILE	1
9K6G_A	336	1	A	584		GLN	1
9K6G_A	337	1	A	585		HIS	1
9K6G_A	338	1	A	586		ILE	1
9K6G_A	339	1	A	587		ASN	1
9K6G_A	340	1	A	588		ARG	1
9K6G_A	341	1	A	589		ALA	1
9K6G_A	342	1	A	590		LYS	1
9K6G_A	343	1	A	591		ASP	1
9K6G_A	344	1	A	592		LYS	1
9K6G_A	345	1	A	593		ASN	1
9K6G_A	346	1	A	594		HIS	1
9K6G_A	347	1	A	595		MET	1
9K6G_A	348	1	A	596		ILE	1
9K6G_A	349	1	A	597		ILE	1
9K6G_A	350	1	A	598		SER	1
9K6G_A	351	1	A	599		ILE	1
9K6G_A	352	1	A	600		ASP	1
9K6G_A	353	1	A	601		ALA	1
9K6G_A	354	1	A	602		GLU	1
9K6G_A	355	1	A	603		LYS	1
9K6G_A	356	1	A	604		ALA	1
9K6G_A	357	1	A	605		PHE	1
9K6G_A	358	1	A	606		ASP	1
9K6G_A	359	1	A	607		LYS	1
9K6G_A	360	1	A	608		ILE	1
9K6G_A	361	1	A	609		GLN	1
9K6G_A	362	1	A	610		GLN	1
9K6G_A	363	1	A	611		PRO	1
9K6G_A	364	1	A	612		PHE	1
9K6G_A	365	1	A	613		MET	1
9K6G_A	366	1	A	614		LEU	1
9K6G_A	367	1	A	615		LYS	1
9K6G_A	368	1	A	616		THR	1
9K6G_A	369	1	A	617		LEU	1
9K6G_A	370	1	A	618		ASN	1
9K6G_A	371	1	A	619		LYS	1
9K6G_A	372	1	A	620		LEU	1
9K6G_A	373	1	A	621		GLY	1
9K6G_A	374	1	A	622		ILE	1
9K6G_A	375	1	A	623		ASP	1
9K6G_A	376	1	A	624		GLY	1
9K6G_A	377	1	A	625		THR	1
9K6G_A	378	1	A	626		TYR	1
9K6G_A	379	1	A	627		PHE	1
9K6G_A	380	1	A	628		LYS	1
9K6G_A	381	1	A	629		ILE	1
9K6G_A	382	1	A	630		ILE	1
9K6G_A	383	1	A	631		ARG	1
9K6G_A	384	1	A	632		ALA	1
9K6G_A	385	1	A	633		ILE	1
9K6G_A	386	1	A	634		TYR	1
9K6G_A	387	1	A	635		ASP	1
9K6G_A	388	1	A	636		LYS	1
9K6G_A	389	1	A	637		PRO	1
9K6G_A	390	1	A	638		THR	1
9K6G_A	391	1	A	639		ALA	1
9K6G_A	392	1	A	640		ASN	1
9K6G_A	393	1	A	641		ILE	1
9K6G_A	394	1	A	642		ILE	1
9K6G_A	395	1	A	643		LEU	1
9K6G_A	396	1	A	644		ASN	1
9K6G_A	397	1	A	645		GLY	1
9K6G_A	398	1	A	646		GLN	1
9K6G_A	399	1	A	647		LYS	1
9K6G_A	400	1	A	648		LEU	1
9K6G_A	401	1	A	649		GLU	1
9K6G_A	402	1	A	650		ALA	1
9K6G_A	403	1	A	651		PHE	1
9K6G_A	404	1	A	652		PRO	1
9K6G_A	405	1	A	653		LEU	1
9K6G_A	406	1	A	654		LYS	1
9K6G_A	407	1	A	655		THR	1
9K6G_A	408	1	A	656		GLY	1
9K6G_A	409	1	A	657		THR	1
9K6G_A	410	1	A	658		ARG	1
9K6G_A	411	1	A	659		GLN	1
9K6G_A	412	1	A	660		GLY	1
9K6G_A	413	1	A	661		CYS	1
9K6G_A	414	1	A	662		PRO	1
9K6G_A	415	1	A	663		LEU	1
9K6G_A	416	1	A	664		SER	1
9K6G_A	417	1	A	665		PRO	1
9K6G_A	418	1	A	666		LEU	1
9K6G_A	419	1	A	667		LEU	1
9K6G_A	420	1	A	668		PHE	1
9K6G_A	421	1	A	669		ASN	1
9K6G_A	422	1	A	670		ILE	1
9K6G_A	423	1	A	671		VAL	1
9K6G_A	424	1	A	672		LEU	1
9K6G_A	425	1	A	673		GLU	1
9K6G_A	426	1	A	674		VAL	1
9K6G_A	427	1	A	675		LEU	1
9K6G_A	428	1	A	676		ALA	1
9K6G_A	429	1	A	677		ARG	1
9K6G_A	430	1	A	678		ALA	1
9K6G_A	431	1	A	679		ILE	1
9K6G_A	432	1	A	680		ARG	1
9K6G_A	433	1	A	681		GLN	1
9K6G_A	434	1	A	682		GLU	1
9K6G_A	435	1	A	683		LYS	1
9K6G_A	436	1	A	684		GLU	1
9K6G_A	437	1	A	685		ILE	1
9K6G_A	438	1	A	686		LYS	1
9K6G_A	439	1	A	687		GLY	1
9K6G_A	440	1	A	688		ILE	1
9K6G_A	441	1	A	689		GLN	1
9K6G_A	442	1	A	690		LEU	1
9K6G_A	443	1	A	691		GLY	1
9K6G_A	444	1	A	692		LYS	1
9K6G_A	445	1	A	693		GLU	1
9K6G_A	446	1	A	694		GLU	1
9K6G_A	447	1	A	695		VAL	1
9K6G_A	448	1	A	696		LYS	1
9K6G_A	449	1	A	697		LEU	1
9K6G_A	450	1	A	698		SER	1
9K6G_A	451	1	A	699		LEU	1
9K6G_A	452	1	A	700		PHE	1
9K6G_A	453	1	A	701		ALA	1
9K6G_A	454	1	A	702		ASP	1
9K6G_A	455	1	A	703		ASP	1
9K6G_A	456	1	A	704		MET	1
9K6G_A	457	1	A	705		ILE	1
9K6G_A	458	1	A	706		VAL	1
9K6G_A	459	1	A	707		TYR	1
9K6G_A	460	1	A	708		LEU	1
9K6G_A	461	1	A	709		GLU	1
9K6G_A	462	1	A	710		ASN	1
9K6G_A	463	1	A	711		PRO	1
9K6G_A	464	1	A	712		ILE	1
9K6G_A	465	1	A	713		VAL	1
9K6G_A	466	1	A	714		SER	1
9K6G_A	467	1	A	715		ALA	1
9K6G_A	468	1	A	716		GLN	1
9K6G_A	469	1	A	717		ASN	1
9K6G_A	470	1	A	718		LEU	1
9K6G_A	471	1	A	719		LEU	1
9K6G_A	472	1	A	720		LYS	1
9K6G_A	473	1	A	721		LEU	1
9K6G_A	474	1	A	722		ILE	1
9K6G_A	475	1	A	723		SER	1
9K6G_A	476	1	A	724		ASN	1
9K6G_A	477	1	A	725		PHE	1
9K6G_A	478	1	A	726		SER	1
9K6G_A	479	1	A	727		LYS	1
9K6G_A	480	1	A	728		VAL	1
9K6G_A	481	1	A	729		SER	1
9K6G_A	482	1	A	730		GLY	1
9K6G_A	483	1	A	731		TYR	1
9K6G_A	484	1	A	732		LYS	1
9K6G_A	485	1	A	733		ILE	1
9K6G_A	486	1	A	734		ASN	1
9K6G_A	487	1	A	735		VAL	1
9K6G_A	488	1	A	736		GLN	1
9K6G_A	489	1	A	737		LYS	1
9K6G_A	490	1	A	738		SER	1
9K6G_A	491	1	A	739		GLN	1
9K6G_A	492	1	A	740		ALA	1
9K6G_A	493	1	A	741		PHE	1
9K6G_A	494	1	A	742		LEU	1
9K6G_A	495	1	A	743		TYR	1
9K6G_A	496	1	A	744		THR	1
9K6G_A	497	1	A	745		ASN	1
9K6G_A	498	1	A	746		ASN	1
9K6G_A	499	1	A	747		ARG	1
9K6G_A	500	1	A	748		GLN	1
9K6G_A	501	1	A	749		THR	1
9K6G_A	502	1	A	750		GLU	1
9K6G_A	503	1	A	751		SER	1
9K6G_A	504	1	A	752		GLN	1
9K6G_A	505	1	A	753		ILE	1
9K6G_A	506	1	A	754		MET	1
9K6G_A	507	1	A	755		GLY	1
9K6G_A	508	1	A	756		GLU	1
9K6G_A	509	1	A	757		LEU	1
9K6G_A	510	1	A	758		PRO	1
9K6G_A	511	1	A	759		PHE	1
9K6G_A	512	1	A	760		THR	1
9K6G_A	513	1	A	761		ILE	1
9K6G_A	514	1	A	762		ALA	1
9K6G_A	515	1	A	763		SER	1
9K6G_A	516	1	A	764		LYS	1
9K6G_A	517	1	A	765		ARG	1
9K6G_A	518	1	A	766		ILE	1
9K6G_A	519	1	A	767		LYS	1
9K6G_A	520	1	A	768		TYR	1
9K6G_A	521	1	A	769		LEU	1
9K6G_A	522	1	A	770		GLY	1
9K6G_A	523	1	A	771		ILE	1
9K6G_A	524	1	A	772		GLN	1
9K6G_A	525	1	A	773		LEU	1
9K6G_A	526	1	A	774		THR	1
9K6G_A	527	1	A	775		ARG	1
9K6G_A	528	1	A	776		ASP	1
9K6G_A	529	1	A	777		VAL	1
9K6G_A	530	1	A	778		LYS	1
9K6G_A	531	1	A	779		ASP	1
9K6G_A	532	1	A	780		LEU	1
9K6G_A	533	1	A	781		PHE	4
9K6G_A	534	1	A	782		LYS	4
9K6G_A	535	1	A	783		GLU	4
9K6G_A	536	1	A	784		ASN	4
9K6G_A	537	1	A	785		TYR	4
9K6G_A	538	1	A	786		LYS	4
9K6G_A	539	1	A	787		PRO	4
9K6G_A	540	1	A	788		LEU	4
9K6G_A	541	1	A	789		LEU	4
9K6G_A	542	1	A	790		LYS	4
9K6G_A	543	1	A	791		GLU	4
9K6G_A	544	1	A	792		ILE	4
9K6G_A	545	1	A	793		LYS	4
9K6G_A	546	1	A	794		GLU	4
9K6G_A	547	1	A	795		GLU	4
9K6G_A	548	1	A	796		THR	4
9K6G_A	549	1	A	797		ASN	4
9K6G_A	550	1	A	798		LYS	4
9K6G_A	551	1	A	799		TRP	4
9K6G_A	552	1	A	800		LYS	4
9K6G_A	553	1	A	801		ASN	4
9K6G_A	554	1	A	802		ILE	4
9K6G_A	555	1	A	803		PRO	4
9K6G_A	556	1	A	804		CYS	4
9K6G_A	557	1	A	805		SER	4
9K6G_A	558	1	A	806		TRP	4
9K6G_A	559	1	A	807		VAL	4
9K6G_A	560	1	A	808		GLY	4
9K6G_A	561	1	A	809		ARG	4
9K6G_A	562	1	A	810		ILE	4
9K6G_A	563	1	A	811		ASN	4
9K6G_A	564	1	A	812		ILE	4
9K6G_A	565	1	A	813		VAL	4
9K6G_A	566	1	A	814		LYS	4
9K6G_A	567	1	A	815		MET	4
9K6G_A	568	1	A	816		ALA	4
9K6G_A	569	1	A	817		ILE	4
9K6G_A	570	1	A	818		LEU	4
9K6G_A	571	1	A	819		PRO	4
9K6G_A	572	1	A	820		LYS	4
9K6G_A	573	1	A	821		VAL	4
9K6G_A	574	1	A	822		ILE	4
9K6G_A	575	1	A	823		TYR	4
9K6G_A	576	1	A	824		ARG	4
9K6G_A	577	1	A	825		PHE	4
9K6G_A	578	1	A	826		ASN	4
9K6G_A	579	1	A	827		ALA	4
9K6G_A	580	1	A	828		ILE	4
9K6G_A	581	1	A	829		PRO	4
9K6G_A	582	1	A	830		ILE	4
9K6G_A	583	1	A	831		LYS	4
9K6G_A	584	1	A	832		LEU	4
9K6G_A	585	1	A	833		PRO	4
9K6G_A	586	1	A	834		MET	4
9K6G_A	587	1	A	835		THR	4
9K6G_A	588	1	A	836		PHE	4
9K6G_A	589	1	A	837		PHE	4
9K6G_A	590	1	A	838		THR	4
9K6G_A	591	1	A	839		GLU	4
9K6G_A	592	1	A	840		LEU	4
9K6G_A	593	1	A	841		GLU	4
9K6G_A	594	1	A	842		LYS	4
9K6G_A	595	1	A	843		THR	4
9K6G_A	596	1	A	844		THR	4
9K6G_A	597	1	A	845		LEU	4
9K6G_A	598	1	A	846		LYS	4
9K6G_A	599	1	A	847		PHE	4
9K6G_A	600	1	A	848		ILE	4
9K6G_A	601	1	A	849		TRP	4
9K6G_A	602	1	A	850		ASN	4
9K6G_A	603	1	A	851		GLN	4
9K6G_A	604	1	A	852		LYS	4
9K6G_A	605	1	A	853		ARG	4
9K6G_A	606	1	A	854		ALA	4
9K6G_A	607	1	A	855		ARG	4
9K6G_A	608	1	A	856		ILE	4
9K6G_A	609	1	A	857		ALA	4
9K6G_A	610	1	A	858		LYS	4
9K6G_A	611	1	A	859		SER	4
9K6G_A	612	1	A	860		ILE	4
9K6G_A	613	1	A	861		LEU	4
9K6G_A	614	1	A	862		SER	4
9K6G_A	615	1	A	863		GLN	4
9K6G_A	616	1	A	864		LYS	4
9K6G_A	617	1	A	865		ASN	4
9K6G_A	618	1	A	866		LYS	4
9K6G_A	619	1	A	867		ALA	4
9K6G_A	620	1	A	868		GLY	4
9K6G_A	621	1	A	869		GLY	4
9K6G_A	622	1	A	870		ILE	4
9K6G_A	623	1	A	871		THR	4
9K6G_A	624	1	A	872		LEU	4
9K6G_A	625	1	A	873		PRO	4
9K6G_A	626	1	A	874		ASP	4
9K6G_A	627	1	A	875		PHE	4
9K6G_A	628	1	A	876		LYS	4
9K6G_A	629	1	A	877		LEU	4
9K6G_A	630	1	A	878		TYR	4
9K6G_A	631	1	A	879		TYR	4
9K6G_A	632	1	A	880		LYS	5
9K6G_A	633	1	A	881		ALA	5
9K6G_A	634	1	A	882		THR	5
9K6G_A	635	1	A	883		VAL	5
9K6G_A	636	1	A	884		THR	5
9K6G_A	637	1	A	885		LYS	5
9K6G_A	638	1	A	886		THR	5
9K6G_A	639	1	A	887		ALA	5
9K6G_A	640	1	A	888		TRP	5
9K6G_A	641	1	A	889		TYR	5
9K6G_A	642	1	A	890		TRP	5
9K6G_A	643	1	A	891		TYR	5
9K6G_A	644	1	A	892		GLN	5
9K6G_A	645	1	A	893		ASN	5
9K6G_A	646	1	A	894		ARG	5
9K6G_A	647	1	A	895		ASP	5
9K6G_A	648	1	A	896		ILE	5
9K6G_A	649	1	A	897		ASP	5
9K6G_A	650	1	A	898		GLN	5
9K6G_A	651	1	A	899		TRP	5
9K6G_A	652	1	A	900		ASN	5
9K6G_A	653	1	A	901		ARG	5
9K6G_A	654	1	A	902		THR	5
9K6G_A	655	1	A	903		GLU	5
9K6G_A	656	1	A	904		PRO	5
9K6G_A	657	1	A	905		SER	5
9K6G_A	658	1	A	906		GLU	5
9K6G_A	659	1	A	907		ILE	5
9K6G_A	660	1	A	908		MET	5
9K6G_A	661	1	A	909		PRO	5
9K6G_A	662	1	A	910		HIS	5
9K6G_A	663	1	A	911		ILE	5
9K6G_A	664	1	A	912		TYR	5
9K6G_A	665	1	A	913		ASN	5
9K6G_A	666	1	A	914		TYR	5
9K6G_A	667	1	A	915		LEU	5
9K6G_A	668	1	A	916		ILE	5
9K6G_A	669	1	A	917		PHE	5
9K6G_A	670	1	A	918		ASP	5
9K6G_A	671	1	A	919		LYS	5
9K6G_A	672	1	A	920		PRO	5
9K6G_A	673	1	A	921		GLU	5
9K6G_A	674	1	A	922		LYS	5
9K6G_A	675	1	A	923		ASN	5
9K6G_A	676	1	A	924		LYS	5
9K6G_A	677	1	A	925		GLN	5
9K6G_A	678	1	A	926		TRP	5
9K6G_A	679	1	A	927		GLY	5
9K6G_A	680	1	A	928		LYS	5
9K6G_A	681	1	A	929		ASP	5
9K6G_A	682	1	A	930		SER	5
9K6G_A	683	1	A	931		LEU	5
9K6G_A	684	1	A	932		PHE	5
9K6G_A	685	1	A	933		ASN	5
9K6G_A	686	1	A	934		LYS	5
9K6G_A	687	1	A	935		TRP	5
9K6G_A	688	1	A	936		CYS	5
9K6G_A	689	1	A	937		TRP	5
9K6G_A	690	1	A	938		GLU	5
9K6G_A	691	1	A	939		ASN	5
9K6G_A	692	1	A	940		TRP	5
9K6G_A	693	1	A	941		LEU	5
9K6G_A	694	1	A	942		ALA	5
9K6G_A	695	1	A	943		ILE	5
9K6G_A	696	1	A	944		CYS	5
9K6G_A	697	1	A	945		ARG	5
9K6G_A	698	1	A	946		LYS	5
9K6G_A	699	1	A	947		LEU	5
9K6G_A	700	1	A	948		LYS	5
9K6G_A	701	1	A	949		LEU	5
9K6G_A	702	1	A	950		ASP	5
9K6G_A	703	1	A	951		PRO	5
9K6G_A	704	1	A	952		PHE	5
9K6G_A	705	1	A	953		LEU	5
9K6G_A	706	1	A	954		THR	5
9K6G_A	707	1	A	955		PRO	6
9K6G_A	708	1	A	956		TYR	6
9K6G_A	709	1	A	957		THR	6
9K6G_A	710	1	A	958		LYS	6
9K6G_A	711	1	A	959		ILE	6
9K6G_A	712	1	A	960		ASN	6
9K6G_A	713	1	A	961		SER	6
9K6G_A	714	1	A	962		ARG	6
9K6G_A	715	1	A	963		TRP	6
9K6G_A	716	1	A	964		ILE	6
9K6G_A	717	1	A	965		LYS	6
9K6G_A	718	1	A	966		ASP	6
9K6G_A	719	1	A	967		LEU	6
9K6G_A	720	1	A	968		ASN	6
9K6G_A	721	1	A	969		VAL	6
9K6G_A	722	1	A	970		LYS	6
9K6G_A	723	1	A	971		PRO	6
9K6G_A	724	1	A	972		LYS	6
9K6G_A	725	1	A	973		THR	6
9K6G_A	726	1	A	974		ILE	6
9K6G_A	727	1	A	975		LYS	6
9K6G_A	728	1	A	976		THR	6
9K6G_A	729	1	A	977		LEU	6
9K6G_A	730	1	A	978		GLU	6
9K6G_A	731	1	A	979		GLU	6
9K6G_A	732	1	A	980		ASN	6
9K6G_A	733	1	A	981		LEU	6
9K6G_A	734	1	A	982		GLY	6
9K6G_A	735	1	A	983		ILE	6
9K6G_A	736	1	A	984		THR	6
9K6G_A	737	1	A	985		ILE	6
9K6G_A	738	1	A	986		GLN	6
9K6G_A	739	1	A	987		ASP	6
9K6G_A	740	1	A	988		ILE	6
9K6G_A	741	1	A	989		GLY	6
9K6G_A	742	1	A	990		VAL	6
9K6G_A	743	1	A	991		GLY	6
9K6G_A	744	1	A	992		LYS	6
9K6G_A	745	1	A	993		ASP	6
9K6G_A	746	1	A	994		PHE	6
9K6G_A	747	1	A	995		MET	6
9K6G_A	748	1	A	996		SER	6
9K6G_A	749	1	A	997		LYS	6
9K6G_A	750	1	A	998		THR	6
9K6G_A	751	1	A	999		PRO	6
9K6G_A	752	1	A	1000		LYS	6
9K6G_A	753	1	A	1001		ALA	6
9K6G_A	754	1	A	1002		MET	6
9K6G_A	755	1	A	1003		ALA	6
9K6G_A	756	1	A	1004		THR	6
9K6G_A	757	1	A	1005		LYS	6
9K6G_A	758	1	A	1006		ASP	6
9K6G_A	759	1	A	1007		LYS	6
9K6G_A	760	1	A	1008		ILE	6
9K6G_A	761	1	A	1009		ASP	6
9K6G_A	762	1	A	1010		LYS	6
9K6G_A	763	1	A	1011		TRP	6
9K6G_A	764	1	A	1012		ASP	6
9K6G_A	765	1	A	1013		LEU	6
9K6G_A	766	1	A	1014		ILE	6
9K6G_A	767	1	A	1015		LYS	6
9K6G_A	768	1	A	1016		LEU	6
9K6G_A	769	1	A	1017		LYS	6
9K6G_A	770	1	A	1018		SER	6
9K6G_A	771	1	A	1019		PHE	6
9K6G_A	772	1	A	1020		CYS	6
9K6G_A	773	1	A	1021		THR	6
9K6G_A	774	1	A	1022		ALA	6
9K6G_A	775	1	A	1023		LYS	6
9K6G_A	776	1	A	1024		GLU	6
9K6G_A	777	1	A	1025		THR	6
9K6G_A	778	1	A	1026		THR	6
9K6G_A	779	1	A	1027		ILE	6
9K6G_A	780	1	A	1028		ARG	6
9K6G_A	781	1	A	1029		VAL	6
9K6G_A	782	1	A	1030		ASN	6
9K6G_A	783	1	A	1031		ARG	6
9K6G_A	784	1	A	1032		GLN	6
9K6G_A	785	1	A	1033		PRO	5
9K6G_A	786	1	A	1034		THR	5
9K6G_A	787	1	A	1035		THR	5
9K6G_A	788	1	A	1036		TRP	5
9K6G_A	789	1	A	1037		GLU	5
9K6G_A	790	1	A	1038		LYS	5
9K6G_A	791	1	A	1039		ILE	5
9K6G_A	792	1	A	1040		PHE	5
9K6G_A	793	1	A	1041		ALA	5
9K6G_A	794	1	A	1042		THR	5
9K6G_A	795	1	A	1043		TYR	5
9K6G_A	796	1	A	1044		SER	5
9K6G_A	797	1	A	1045		SER	5
9K6G_A	798	1	A	1046		ASP	5
9K6G_A	799	1	A	1047		LYS	5
9K6G_A	800	1	A	1048		GLY	5
9K6G_A	801	1	A	1049		LEU	5
9K6G_A	802	1	A	1050		ILE	5
9K6G_A	803	1	A	1051		SER	5
9K6G_A	804	1	A	1052		ARG	5
9K6G_A	805	1	A	1053		ILE	5
9K6G_A	806	1	A	1054		TYR	4
9K6G_A	807	1	A	1055		ASN	4
9K6G_A	808	1	A	1056		GLU	4
9K6G_A	809	1	A	1057		LEU	4
9K6G_A	810	1	A	1058		LYS	4
9K6G_A	811	1	A	1059		GLN	4
9K6G_A	812	1	A	1060		ILE	4
9K6G_A	813	1	A	1061		TYR	4
9K6G_A	814	1	A	1062		LYS	4
9K6G_A	815	1	A	1063		LYS	4
9K6G_A	816	1	A	1064		LYS	4
9K6G_A	817	1	A	1065		THR	4
9K6G_A	818	1	A	1066		ASN	4
9K6G_A	819	1	A	1067		ASN	3
9K6G_A	820	1	A	1068		PRO	3
9K6G_A	821	1	A	1069		ILE	3
9K6G_A	822	1	A	1070		LYS	3
9K6G_A	823	1	A	1071		LYS	3
9K6G_A	824	1	A	1072		TRP	3
9K6G_A	825	1	A	1073		ALA	3
9K6G_A	826	1	A	1074		LYS	3
9K6G_A	827	1	A	1075		ASP	3
9K6G_A	828	1	A	1076		MET	3
9K6G_A	829	1	A	1077		ASN	3
9K6G_A	830	1	A	1078		ARG	3
9K6G_A	831	1	A	1079		HIS	3
9K6G_A	832	1	A	1080		PHE	3
9K6G_A	833	1	A	1081		SER	3
9K6G_A	834	1	A	1082		LYS	3
9K6G_A	835	1	A	1083		GLU	3
9K6G_A	836	1	A	1084		ASP	3
9K6G_A	837	1	A	1085		ILE	3
9K6G_A	838	1	A	1086		TYR	3
9K6G_A	839	1	A	1087		ALA	3
9K6G_A	840	1	A	1088		ALA	3
9K6G_A	841	1	A	1089		LYS	3
9K6G_A	842	1	A	1090		LYS	3
9K6G_A	843	1	A	1091		HIS	3
9K6G_A	844	1	A	1092		MET	3
9K6G_A	845	1	A	1093		LYS	3
9K6G_A	846	1	A	1094		LYS	3
9K6G_A	847	1	A	1095		CYS	3
9K6G_A	848	1	A	1096		SER	3
9K6G_A	849	1	A	1097		SER	3
9K6G_A	850	1	A	1098		SER	3
9K6G_A	851	1	A	1099		LEU	3
9K6G_A	852	1	A	1100		ALA	3
9K6G_A	853	1	A	1101		ILE	3
9K6G_A	854	1	A	1102		ARG	3
9K6G_A	855	1	A	1103		GLU	3
9K6G_A	856	1	A	1104		MET	3
9K6G_A	857	1	A	1105		GLN	3
9K6G_A	858	1	A	1106		ILE	3
9K6G_A	859	1	A	1107		LYS	3
9K6G_A	860	1	A	1108		THR	3
9K6G_A	861	1	A	1109		THR	3
9K6G_A	862	1	A	1110		MET	3
9K6G_A	863	1	A	1111		ARG	3
9K6G_A	864	1	A	1112		TYR	3
9K6G_A	865	1	A	1113		HIS	3
9K6G_A	866	1	A	1114		LEU	3
9K6G_A	867	1	A	1115		THR	3
9K6G_A	868	1	A	1116		PRO	3
9K6G_A	869	1	A	1117		VAL	3
9K6G_A	870	1	A	1118		ARG	3
9K6G_A	871	1	A	1119		MET	3
9K6G_A	872	1	A	1120		ALA	3
9K6G_A	873	1	A	1121		ILE	3
9K6G_A	874	1	A	1122		ILE	3
9K6G_A	875	1	A	1123		LYS	3
9K6G_A	876	1	A	1124		LYS	3
9K6G_A	877	1	A	1125		SER	3
9K6G_A	878	1	A	1126		GLY	3
9K6G_A	879	1	A	1127		ASN	3
9K6G_A	880	1	A	1128		ASN	3
9K6G_A	881	1	A	1129		ARG	3
9K6G_A	882	1	A	1130		CYS	3
9K6G_A	883	1	A	1131		TRP	3
9K6G_A	884	1	A	1132		ARG	3
9K6G_A	885	1	A	1133		GLY	3
9K6G_A	886	1	A	1134		CYS	3
9K6G_A	887	1	A	1135		GLY	3
9K6G_A	888	1	A	1136		GLU	3
9K6G_A	889	1	A	1137		ILE	3
9K6G_A	890	1	A	1138		GLY	3
9K6G_A	891	1	A	1139		THR	3
9K6G_A	892	1	A	1140		LEU	3
9K6G_A	893	1	A	1141		LEU	3
9K6G_A	894	1	A	1142		HIS	3
9K6G_A	895	1	A	1143		CYS	3
9K6G_A	896	1	A	1144		TRP	3
9K6G_A	897	1	A	1145		TRP	3
9K6G_A	898	1	A	1146		ASP	3
9K6G_A	899	1	A	1147		CYS	3
9K6G_A	900	1	A	1148		LYS	3
9K6G_A	901	1	A	1149		LEU	3
9K6G_A	902	1	A	1150		VAL	3
9K6G_A	903	1	A	1151		GLN	3
9K6G_A	904	1	A	1152		PRO	3
9K6G_A	905	1	A	1153		LEU	3
9K6G_A	906	1	A	1154		TRP	3
9K6G_A	907	1	A	1155		LYS	3
9K6G_A	908	1	A	1156		SER	3
9K6G_A	909	1	A	1157		VAL	3
9K6G_A	910	1	A	1158		TRP	3
9K6G_A	911	1	A	1159		ARG	3
9K6G_A	912	1	A	1160		PHE	3
9K6G_A	913	1	A	1161		LEU	3
9K6G_A	914	1	A	1162		ARG	3
9K6G_A	915	1	A	1163		ASP	3
9K6G_A	916	1	A	1164		LEU	3
9K6G_A	917	1	A	1165		GLU	3
9K6G_A	918	1	A	1166		LEU	3
9K6G_A	919	1	A	1167		GLU	3
9K6G_A	920	1	A	1168		ILE	3
9K6G_A	921	1	A	1169		PRO	3
9K6G_A	922	1	A	1170		PHE	3
9K6G_A	923	1	A	1171		ASP	3
9K6G_A	924	1	A	1172		PRO	3
9K6G_A	925	1	A	1173		ALA	3
9K6G_A	926	1	A	1174		ILE	3
9K6G_A	927	1	A	1175		PRO	3
9K6G_A	928	1	A	1176		LEU	3
9K6G_A	929	1	A	1177		LEU	3
9K6G_A	930	1	A	1178		GLY	3
9K6G_A	931	1	A	1179		ILE	3
9K6G_A	932	1	A	1180		TYR	3
9K6G_A	933	1	A	1181		PRO	3
9K6G_A	934	1	A	1182		ASN	3
9K6G_A	935	1	A	1183		GLU	3
9K6G_A	936	1	A	1184		TYR	3
9K6G_A	937	1	A	1185		LYS	3
9K6G_A	938	1	A	1186		SER	3
9K6G_A	939	1	A	1187		CYS	3
9K6G_A	940	1	A	1188		CYS	3
9K6G_A	941	1	A	1189		TYR	3
9K6G_A	942	1	A	1190		LYS	3
9K6G_A	943	1	A	1191		ASP	3
9K6G_A	944	1	A	1192		THR	3
9K6G_A	945	1	A	1193		CYS	3
9K6G_A	946	1	A	1194		THR	3
9K6G_A	947	1	A	1195		ARG	3
9K6G_A	948	1	A	1196		MET	3
9K6G_A	949	1	A	1197		PHE	3
9K6G_A	950	1	A	1198		ILE	3
9K6G_A	951	1	A	1199		ALA	3
9K6G_A	952	1	A	1200		ALA	3
9K6G_A	953	1	A	1201		LEU	3
9K6G_A	954	1	A	1202		PHE	3
9K6G_A	955	1	A	1203		THR	3
9K6G_A	956	1	A	1204		ILE	3
9K6G_A	957	1	A	1205		ALA	3
9K6G_A	958	1	A	1206		LYS	3
9K6G_A	959	1	A	1207		THR	3
9K6G_A	960	1	A	1208		TRP	3
9K6G_A	961	1	A	1209		ASN	3
9K6G_A	962	1	A	1210		GLN	3
9K6G_A	963	1	A	1211		PRO	3
9K6G_A	964	1	A	1212		LYS	3
9K6G_A	965	1	A	1213		CYS	3
9K6G_A	966	1	A	1214		PRO	3
9K6G_A	967	1	A	1215		THR	3
9K6G_A	968	1	A	1216		MET	3
9K6G_A	969	1	A	1217		ILE	3
9K6G_A	970	1	A	1218		ASP	3
9K6G_A	971	1	A	1219		TRP	3
9K6G_A	972	1	A	1220		ILE	3
9K6G_A	973	1	A	1221		LYS	3
9K6G_A	974	1	A	1222		LYS	3
9K6G_A	975	1	A	1223		MET	3
9K6G_A	976	1	A	1224		TRP	3
9K6G_A	977	1	A	1225		HIS	3
9K6G_A	978	1	A	1226		ILE	3
9K6G_A	979	1	A	1227		TYR	3
9K6G_A	980	1	A	1228		THR	3
9K6G_A	981	1	A	1229		MET	3
9K6G_A	982	1	A	1230		GLU	3
9K6G_A	983	1	A	1231		TYR	3
9K6G_A	984	1	A	1232		TYR	3
9K6G_A	985	1	A	1233		ALA	3
9K6G_A	986	1	A	1234		ALA	3
9K6G_A	987	1	A	1235		ILE	3
9K6G_A	988	1	A	1236		LYS	3
9K6G_A	989	1	A	1237		ASN	3
9K6G_A	990	1	A	1238		ASP	3
9K6G_A	991	1	A	1239		GLU	3
9K6G_A	992	1	A	1240		PHE	3
9K6G_A	993	1	A	1241		ILE	3
9K6G_A	994	1	A	1242		SER	3
9K6G_A	995	1	A	1243		PHE	3
9K6G_A	996	1	A	1244		VAL	3
9K6G_A	997	1	A	1245		GLY	3
9K6G_A	998	1	A	1246		THR	3
9K6G_A	999	1	A	1247		TRP	3
9K6G_A	1000	1	A	1248		MET	3
9K6G_A	1001	1	A	1249		LYS	3
9K6G_A	1002	1	A	1250		LEU	3
9K6G_A	1003	1	A	1251		GLU	3
9K6G_A	1004	1	A	1252		THR	3
9K6G_A	1005	1	A	1253		ILE	3
9K6G_A	1006	1	A	1254		ILE	3
9K6G_A	1007	1	A	1255		LEU	3
9K6G_A	1008	1	A	1256		SER	3
9K6G_A	1009	1	A	1257		LYS	3
9K6G_A	1010	1	A	1258		LEU	3
9K6G_A	1011	1	A	1259		SER	3
9K6G_A	1012	1	A	1260		GLN	3
9K6G_A	1013	1	A	1261		GLU	3
9K6G_A	1014	1	A	1262		GLN	3
9K6G_A	1015	1	A	1263		LYS	3
9K6G_A	1016	1	A	1264		THR	3
9K6G_A	1017	1	A	1265		LYS	3
9K6G_A	1018	1	A	1266		HIS	3
9K6G_A	1019	1	A	1267		ARG	3
9K6G_A	1020	1	A	1268		ILE	3
9K6G_A	1021	1	A	1269		PHE	3
9K6G_A	1022	1	A	1270		SER	3
9K6G_A	1023	1	A	1271		LEU	3
9K6G_A	1024	1	A	1272		ILE	3
9K6G_A	1025	1	A	1273		GLY	3
9K6G_A	1026	1	A	1274		GLY	3
9K6G_A	1027	1	A	1275		ASN	3
9L7P_E	0	1	E	1		MET	1
9L7P_E	1	1	E	2		SER	1
9L7P_E	2	1	E	3		VAL	1
9L7P_E	3	1	E	4		ILE	1
9L7P_E	4	1	E	5		ARG	1
9L7P_E	5	1	E	6		GLY	1
9L7P_E	6	1	E	7		LEU	1
9L7P_E	7	1	E	8		ALA	1
9L7P_E	8	1	E	9		ALA	1
9L7P_E	9	1	E	10		VAL	1
9L7P_E	10	1	E	11		LEU	1
9L7P_E	11	1	E	12		ARG	1
9L7P_E	12	1	E	13		GLN	1
9L7P_E	13	1	E	14		SER	1
9L7P_E	14	1	E	15		ASP	1
9L7P_E	15	1	E	16		SER	1
9L7P_E	16	1	E	17		ASP	1
9L7P_E	17	1	E	18		ILE	1
9L7P_E	18	1	E	19		SER	1
9L7P_E	19	1	E	20		ALA	1
9L7P_E	20	1	E	21		PHE	1
9L7P_E	21	1	E	22		LEU	1
9L7P_E	22	1	E	23		VAL	1
9L7P_E	23	1	E	24		THR	1
9L7P_E	24	1	E	25		ALA	1
9L7P_E	25	1	E	26		PRO	1
9L7P_E	26	1	E	27		ARG	1
9L7P_E	27	1	E	28		LYS	1
9L7P_E	28	1	E	29		TYR	1
9L7P_E	29	1	E	30		LYS	1
9L7P_E	30	1	E	31		VAL	1
9L7P_E	31	1	E	32		TYR	1
9L7P_E	32	1	E	33		LYS	1
9L7P_E	33	1	E	34		ILE	1
9L7P_E	34	1	E	35		PRO	1
9L7P_E	35	1	E	36		LYS	1
9L7P_E	36	1	E	37		ARG	1
9L7P_E	37	1	E	38		THR	1
9L7P_E	38	1	E	39		THR	1
9L7P_E	39	1	E	40		GLY	1
9L7P_E	40	1	E	41		PHE	1
9L7P_E	41	1	E	42		ARG	1
9L7P_E	42	1	E	43		VAL	1
9L7P_E	43	1	E	44		ILE	1
9L7P_E	44	1	E	45		ALA	1
9L7P_E	45	1	E	46		GLN	1
9L7P_E	46	1	E	47		PRO	1
9L7P_E	47	1	E	48		ALA	1
9L7P_E	48	1	E	49		LYS	1
9L7P_E	49	1	E	50		GLY	1
9L7P_E	50	1	E	51		LEU	1
9L7P_E	51	1	E	52		LYS	1
9L7P_E	52	1	E	53		ASP	1
9L7P_E	53	1	E	54		ILE	1
9L7P_E	54	1	E	55		GLN	1
9L7P_E	55	1	E	56		ARG	1
9L7P_E	56	1	E	57		ALA	1
9L7P_E	57	1	E	58		PHE	1
9L7P_E	58	1	E	59		VAL	1
9L7P_E	59	1	E	60		GLN	1
9L7P_E	60	1	E	61		LEU	1
9L7P_E	61	1	E	62		TYR	2
9L7P_E	62	1	E	63		SER	2
9L7P_E	63	1	E	64		LEU	2
9L7P_E	64	1	E	65		PRO	2
9L7P_E	65	1	E	66		VAL	2
9L7P_E	66	1	E	67		HIS	2
9L7P_E	67	1	E	68		ASP	2
9L7P_E	68	1	E	69		ALA	2
9L7P_E	69	1	E	70		SER	2
9L7P_E	70	1	E	71		MET	2
9L7P_E	71	1	E	72		ALA	2
9L7P_E	72	1	E	73		TYR	2
9L7P_E	73	1	E	74		MET	2
9L7P_E	74	1	E	75		LYS	2
9L7P_E	75	1	E	76		GLY	2
9L7P_E	76	1	E	77		LYS	2
9L7P_E	77	1	E	78		GLY	2
9L7P_E	78	1	E	79		ILE	2
9L7P_E	79	1	E	80		ARG	2
9L7P_E	80	1	E	81		ASP	2
9L7P_E	81	1	E	82		ASN	2
9L7P_E	82	1	E	83		ALA	2
9L7P_E	83	1	E	84		ALA	2
9L7P_E	84	1	E	85		ALA	2
9L7P_E	85	1	E	86		HIS	2
9L7P_E	86	1	E	87		ALA	2
9L7P_E	87	1	E	88		GLY	2
9L7P_E	88	1	E	89		ASN	2
9L7P_E	89	1	E	90		GLN	2
9L7P_E	90	1	E	91		TYR	2
9L7P_E	91	1	E	92		LEU	2
9L7P_E	92	1	E	93		LEU	2
9L7P_E	93	1	E	94		LYS	2
9L7P_E	94	1	E	95		ALA	2
9L7P_E	95	1	E	96		ASP	2
9L7P_E	96	1	E	97		LEU	2
9L7P_E	97	1	E	98		GLU	2
9L7P_E	98	1	E	99		ASP	2
9L7P_E	99	1	E	100		PHE	2
9L7P_E	100	1	E	101		PHE	1
9L7P_E	101	1	E	102		ASN	1
9L7P_E	102	1	E	103		SER	1
9L7P_E	103	1	E	104		ILE	1
9L7P_E	104	1	E	105		THR	1
9L7P_E	105	1	E	106		PRO	1
9L7P_E	106	1	E	107		ALA	1
9L7P_E	107	1	E	108		ILE	1
9L7P_E	108	1	E	109		PHE	1
9L7P_E	109	1	E	110		TRP	1
9L7P_E	110	1	E	111		ARG	1
9L7P_E	111	1	E	112		CYS	1
9L7P_E	112	1	E	113		ILE	1
9L7P_E	113	1	E	114		GLU	1
9L7P_E	114	1	E	115		MET	1
9L7P_E	115	1	E	116		SER	1
9L7P_E	116	1	E	117		SER	1
9L7P_E	117	1	E	118		ALA	1
9L7P_E	118	1	E	119		GLN	1
9L7P_E	119	1	E	120		THR	1
9L7P_E	120	1	E	121		PRO	1
9L7P_E	121	1	E	122		GLN	1
9L7P_E	122	1	E	123		PHE	1
9L7P_E	123	1	E	124		GLU	1
9L7P_E	124	1	E	125		PRO	1
9L7P_E	125	1	E	126		GLN	1
9L7P_E	126	1	E	127		ASP	1
9L7P_E	127	1	E	128		LYS	1
9L7P_E	128	1	E	129		LEU	1
9L7P_E	129	1	E	130		PHE	1
9L7P_E	130	1	E	131		ILE	1
9L7P_E	131	1	E	132		GLU	1
9L7P_E	132	1	E	133		LYS	1
9L7P_E	133	1	E	134		ILE	1
9L7P_E	134	1	E	135		LEU	1
9L7P_E	135	1	E	136		PHE	1
9L7P_E	136	1	E	137		TRP	1
9L7P_E	137	1	E	138		GLN	1
9L7P_E	138	1	E	139		PRO	1
9L7P_E	139	1	E	140		ILE	1
9L7P_E	140	1	E	141		LYS	1
9L7P_E	141	1	E	142		ARG	1
9L7P_E	142	1	E	143		ARG	1
9L7P_E	143	1	E	144		LYS	1
9L7P_E	144	1	E	145		THR	1
9L7P_E	145	1	E	146		LYS	1
9L7P_E	146	1	E	147		LEU	1
9L7P_E	147	1	E	148		ILE	1
9L7P_E	148	1	E	149		LEU	1
9L7P_E	149	1	E	150		SER	1
9L7P_E	150	1	E	151		VAL	1
9L7P_E	151	1	E	152		GLY	1
9L7P_E	152	1	E	153		ALA	1
9L7P_E	153	1	E	154		PRO	1
9L7P_E	154	1	E	155		SER	1
9L7P_E	155	1	E	156		SER	1
9L7P_E	156	1	E	157		PRO	1
9L7P_E	157	1	E	158		VAL	1
9L7P_E	158	1	E	159		ILE	1
9L7P_E	159	1	E	160		SER	2
9L7P_E	160	1	E	161		ASN	2
9L7P_E	161	1	E	162		PHE	2
9L7P_E	162	1	E	163		CYS	2
9L7P_E	163	1	E	164		MET	2
9L7P_E	164	1	E	165		TYR	2
9L7P_E	165	1	E	166		GLU	2
9L7P_E	166	1	E	167		PHE	2
9L7P_E	167	1	E	168		ASP	2
9L7P_E	168	1	E	169		ASN	2
9L7P_E	169	1	E	170		ARG	2
9L7P_E	170	1	E	171		ILE	2
9L7P_E	171	1	E	172		HIS	2
9L7P_E	172	1	E	173		ALA	2
9L7P_E	173	1	E	174		ALA	2
9L7P_E	174	1	E	175		CYS	2
9L7P_E	175	1	E	176		LYS	2
9L7P_E	176	1	E	177		LYS	2
9L7P_E	177	1	E	178		VAL	2
9L7P_E	178	1	E	179		GLU	2
9L7P_E	179	1	E	180		ILE	2
9L7P_E	180	1	E	181		THR	2
9L7P_E	181	1	E	182		TYR	2
9L7P_E	182	1	E	183		THR	2
9L7P_E	183	1	E	184		ARG	2
9L7P_E	184	1	E	185		TYR	2
9L7P_E	185	1	E	186		ALA	2
9L7P_E	186	1	E	187		ASP	2
9L7P_E	187	1	E	188		ASP	2
9L7P_E	188	1	E	189		LEU	2
9L7P_E	189	1	E	190		THR	2
9L7P_E	190	1	E	191		PHE	2
9L7P_E	191	1	E	192		SER	2
9L7P_E	192	1	E	193		SER	2
9L7P_E	193	1	E	194		ASN	2
9L7P_E	194	1	E	195		ILE	2
9L7P_E	195	1	E	196		PRO	2
9L7P_E	196	1	E	197		ASP	2
9L7P_E	197	1	E	198		VAL	2
9L7P_E	198	1	E	199		LEU	2
9L7P_E	199	1	E	200		LYS	2
9L7P_E	200	1	E	201		ALA	2
9L7P_E	201	1	E	202		VAL	2
9L7P_E	202	1	E	203		PRO	2
9L7P_E	203	1	E	204		SER	2
9L7P_E	204	1	E	205		THR	2
9L7P_E	205	1	E	206		LEU	2
9L7P_E	206	1	E	207		GLU	2
9L7P_E	207	1	E	208		VAL	2
9L7P_E	208	1	E	209		LEU	2
9L7P_E	209	1	E	210		LEU	2
9L7P_E	210	1	E	211		LYS	2
9L7P_E	211	1	E	212		ASP	2
9L7P_E	212	1	E	213		LEU	2
9L7P_E	213	1	E	214		PHE	2
9L7P_E	214	1	E	215		GLY	2
9L7P_E	215	1	E	216		SER	2
9L7P_E	216	1	E	217		ALA	2
9L7P_E	217	1	E	218		LEU	2
9L7P_E	218	1	E	219		ARG	2
9L7P_E	219	1	E	220		LEU	2
9L7P_E	220	1	E	221		ASN	2
9L7P_E	221	1	E	222		HIS	2
9L7P_E	222	1	E	223		SER	2
9L7P_E	223	1	E	224		LYS	2
9L7P_E	224	1	E	225		THR	2
9L7P_E	225	1	E	226		VAL	2
9L7P_E	226	1	E	227		PHE	2
9L7P_E	227	1	E	228		SER	2
9L7P_E	228	1	E	229		SER	2
9L7P_E	229	1	E	230		LYS	2
9L7P_E	230	1	E	231		ALA	2
9L7P_E	231	1	E	232		HIS	2
9L7P_E	232	1	E	233		ASN	2
9L7P_E	233	1	E	234		ARG	2
9L7P_E	234	1	E	235		HIS	2
9L7P_E	235	1	E	236		VAL	2
9L7P_E	236	1	E	237		THR	2
9L7P_E	237	1	E	238		GLY	2
9L7P_E	238	1	E	239		ILE	2
9L7P_E	239	1	E	240		THR	2
9L7P_E	240	1	E	241		ILE	2
9L7P_E	241	1	E	242		ASN	2
9L7P_E	242	1	E	243		ASN	2
9L7P_E	243	1	E	244		GLU	2
9L7P_E	244	1	E	245		GLU	2
9L7P_E	245	1	E	246		THR	2
9L7P_E	246	1	E	247		LEU	2
9L7P_E	247	1	E	248		SER	2
9L7P_E	248	1	E	249		LEU	3
9L7P_E	249	1	E	250		GLY	3
9L7P_E	250	1	E	251		ARG	3
9L7P_E	251	1	E	252		ASP	3
9L7P_E	252	1	E	253		ARG	3
9L7P_E	253	1	E	254		LYS	3
9L7P_E	254	1	E	255		ARG	3
9L7P_E	255	1	E	256		PHE	3
9L7P_E	256	1	E	257		ILE	3
9L7P_E	257	1	E	258		LYS	3
9L7P_E	258	1	E	259		HIS	3
9L7P_E	259	1	E	260		LEU	3
9L7P_E	260	1	E	261		ILE	3
9L7P_E	261	1	E	262		ASN	3
9L7P_E	262	1	E	263		GLN	3
9L7P_E	263	1	E	264		TYR	3
9L7P_E	264	1	E	265		LYS	3
9L7P_E	265	1	E	266		TYR	3
9L7P_E	266	1	E	267		GLY	3
9L7P_E	267	1	E	268		LEU	3
9L7P_E	268	1	E	269		LEU	3
9L7P_E	269	1	E	270		ASP	3
9L7P_E	270	1	E	271		ASN	3
9L7P_E	271	1	E	272		GLU	3
9L7P_E	272	1	E	273		ASP	3
9L7P_E	273	1	E	274		LYS	3
9L7P_E	274	1	E	275		ALA	3
9L7P_E	275	1	E	276		TYR	3
9L7P_E	276	1	E	277		LEU	3
9L7P_E	277	1	E	278		ILE	3
9L7P_E	278	1	E	279		GLY	3
9L7P_E	279	1	E	280		LEU	3
9L7P_E	280	1	E	281		LEU	3
9L7P_E	281	1	E	282		ALA	3
9L7P_E	282	1	E	283		PHE	3
9L7P_E	283	1	E	284		ALA	3
9L7P_E	284	1	E	285		SER	3
9L7P_E	285	1	E	286		HIS	3
9L7P_E	286	1	E	287		ILE	3
9L7P_E	287	1	E	288		GLU	3
9L7P_E	288	1	E	289		PRO	3
9L7P_E	289	1	E	290		SER	3
9L7P_E	290	1	E	291		PHE	3
9L7P_E	291	1	E	292		ILE	3
9L7P_E	292	1	E	293		THR	3
9L7P_E	293	1	E	294		ARG	3
9L7P_E	294	1	E	295		MET	3
9L7P_E	295	1	E	296		ASN	3
9L7P_E	296	1	E	297		GLU	3
9L7P_E	297	1	E	298		LYS	3
9L7P_E	298	1	E	299		TYR	3
9L7P_E	299	1	E	300		SER	3
9L7P_E	300	1	E	301		LEU	3
9L7P_E	301	1	E	302		GLU	3
9L7P_E	302	1	E	303		LEU	3
9L7P_E	303	1	E	304		MET	3
9L7P_E	304	1	E	305		GLU	3
9L7P_E	305	1	E	306		ARG	3
9L7P_E	306	1	E	307		LEU	3
9L7P_E	307	1	E	308		ARG	3
9L7P_E	308	1	E	309		GLY	3
9LBQ_A	0	1	A	32		ALA	1
9LBQ_A	1	1	A	33		ILE	1
9LBQ_A	2	1	A	34		PRO	1
9LBQ_A	3	1	A	35		LYS	1
9LBQ_A	4	1	A	36		ILE	1
9LBQ_A	5	1	A	37		SER	1
9LBQ_A	6	1	A	38		ASN	1
9LBQ_A	7	1	A	39		LYS	1
9LBQ_A	8	1	A	40		GLU	1
9LBQ_A	9	1	A	41		VAL	1
9LBQ_A	10	1	A	42		ARG	1
9LBQ_A	11	1	A	43		LEU	1
9LBQ_A	12	1	A	44		ILE	1
9LBQ_A	13	1	A	45		SER	1
9LBQ_A	14	1	A	46		SER	1
9LBQ_A	15	1	A	47		GLY	1
9LBQ_A	16	1	A	48		SER	1
9LBQ_A	17	1	A	49		LYS	1
9LBQ_A	18	1	A	50		ILE	1
9LBQ_A	19	1	A	51		PHE	1
9LBQ_A	20	1	A	52		TYR	1
9LBQ_A	21	1	A	53		ALA	1
9LBQ_A	22	1	A	54		ILE	1
9LBQ_A	23	1	A	55		ASN	1
9LBQ_A	24	1	A	56		ASN	1
9LBQ_A	25	1	A	57		THR	1
9LBQ_A	26	1	A	58		SER	1
9LBQ_A	27	1	A	59		PRO	1
9LBQ_A	28	1	A	60		HIS	1
9LBQ_A	29	1	A	61		SER	1
9LBQ_A	30	1	A	62		HIS	1
9LBQ_A	31	1	A	63		VAL	1
9LBQ_A	32	1	A	64		GLN	1
9LBQ_A	33	1	A	65		LEU	1
9LBQ_A	34	1	A	66		ARG	1
9LBQ_A	35	1	A	67		LEU	1
9LBQ_A	36	1	A	68		ASN	1
9LBQ_A	37	1	A	69		ARG	1
9LBQ_A	38	1	A	70		PHE	1
9LBQ_A	39	1	A	71		PHE	1
9LBQ_A	40	1	A	72		LEU	1
9LBQ_A	41	1	A	73		SER	1
9LBQ_A	42	1	A	74		HIS	1
9LBQ_A	43	1	A	75		ILE	1
9LBQ_A	44	1	A	76		PRO	1
9LBQ_A	45	1	A	77		LEU	1
9LBQ_A	46	1	A	78		ASN	1
9LBQ_A	47	1	A	79		SER	1
9LBQ_A	48	1	A	80		ALA	1
9LBQ_A	49	1	A	81		ALA	1
9LBQ_A	50	1	A	82		LYS	1
9LBQ_A	51	1	A	83		ALA	1
9LBQ_A	52	1	A	84		PHE	1
9LBQ_A	53	1	A	85		VAL	1
9LBQ_A	54	1	A	86		ARG	1
9LBQ_A	55	1	A	87		GLY	1
9LBQ_A	56	1	A	88		GLY	1
9LBQ_A	57	1	A	89		SER	1
9LBQ_A	58	1	A	90		TYR	1
9LBQ_A	59	1	A	91		LEU	1
9LBQ_A	60	1	A	92		LYS	1
9LBQ_A	61	1	A	93		TYR	1
9LBQ_A	62	1	A	94		LEU	1
9LBQ_A	63	1	A	95		GLU	1
9LBQ_A	64	1	A	96		PRO	1
9LBQ_A	65	1	A	97		HIS	1
9LBQ_A	66	1	A	98		ILE	1
9LBQ_A	67	1	A	99		TYR	1
9LBQ_A	68	1	A	100		GLY	1
9LBQ_A	69	1	A	101		SER	1
9LBQ_A	70	1	A	102		SER	1
9LBQ_A	71	1	A	103		TYR	1
9LBQ_A	72	1	A	104		CYS	1
9LBQ_A	73	1	A	105		ARG	1
9LBQ_A	74	1	A	106		LEU	1
9LBQ_A	75	1	A	107		ASP	1
9LBQ_A	76	1	A	108		ILE	1
9LBQ_A	77	1	A	109		SER	1
9LBQ_A	78	1	A	110		SER	1
9LBQ_A	79	1	A	111		PHE	1
9LBQ_A	80	1	A	112		PHE	1
9LBQ_A	81	1	A	113		ASN	1
9LBQ_A	82	1	A	114		ASN	1
9LBQ_A	83	1	A	115		ILE	1
9LBQ_A	84	1	A	116		SER	1
9LBQ_A	85	1	A	117		PHE	1
9LBQ_A	86	1	A	118		ASP	1
9LBQ_A	87	1	A	119		ASP	1
9LBQ_A	88	1	A	120		VAL	1
9LBQ_A	89	1	A	121		LYS	1
9LBQ_A	90	1	A	122		GLN	1
9LBQ_A	91	1	A	123		SER	1
9LBQ_A	92	1	A	124		LEU	1
9LBQ_A	93	1	A	125		SER	1
9LBQ_A	94	1	A	126		PRO	1
9LBQ_A	95	1	A	127		TYR	1
9LBQ_A	96	1	A	128		ILE	1
9LBQ_A	97	1	A	129		LYS	1
9LBQ_A	98	1	A	138		GLN	1
9LBQ_A	99	1	A	139		LYS	1
9LBQ_A	100	1	A	140		LEU	1
9LBQ_A	101	1	A	141		ILE	1
9LBQ_A	102	1	A	142		ASP	1
9LBQ_A	103	1	A	143		ALA	1
9LBQ_A	104	1	A	144		ILE	1
9LBQ_A	105	1	A	145		LEU	1
9LBQ_A	106	1	A	146		ASN	1
9LBQ_A	107	1	A	147		SER	1
9LBQ_A	108	1	A	148		VAL	1
9LBQ_A	109	1	A	149		GLY	1
9LBQ_A	110	1	A	150		TYR	1
9LBQ_A	111	1	A	151		GLU	1
9LBQ_A	112	1	A	152		SER	1
9LBQ_A	113	1	A	153		PRO	1
9LBQ_A	114	1	A	159		GLY	1
9LBQ_A	115	1	A	160		MET	1
9LBQ_A	116	1	A	161		ILE	1
9LBQ_A	117	1	A	162		ILE	1
9LBQ_A	118	1	A	163		PRO	1
9LBQ_A	119	1	A	164		MET	1
9LBQ_A	120	1	A	165		GLY	1
9LBQ_A	121	1	A	166		PHE	1
9LBQ_A	122	1	A	167		ARG	1
9LBQ_A	123	1	A	168		THR	1
9LBQ_A	124	1	A	169		SER	1
9LBQ_A	125	1	A	170		PRO	1
9LBQ_A	126	1	A	171		ALA	1
9LBQ_A	127	1	A	172		ILE	1
9LBQ_A	128	1	A	173		SER	1
9LBQ_A	129	1	A	174		ASN	1
9LBQ_A	130	1	A	175		ILE	1
9LBQ_A	131	1	A	176		VAL	1
9LBQ_A	132	1	A	177		PHE	1
9LBQ_A	133	1	A	178		ARG	1
9LBQ_A	134	1	A	179		LYS	1
9LBQ_A	135	1	A	180		MET	1
9LBQ_A	136	1	A	181		ASP	1
9LBQ_A	137	1	A	182		LEU	1
9LBQ_A	138	1	A	183		LEU	1
9LBQ_A	139	1	A	184		ILE	1
9LBQ_A	140	1	A	185		GLN	1
9LBQ_A	141	1	A	186		ASP	1
9LBQ_A	142	1	A	187		PHE	1
9LBQ_A	143	1	A	188		CYS	1
9LBQ_A	144	1	A	189		ALA	1
9LBQ_A	145	1	A	190		LYS	1
9LBQ_A	146	1	A	191		LYS	1
9LBQ_A	147	1	A	192		GLY	1
9LBQ_A	148	1	A	193		VAL	1
9LBQ_A	149	1	A	194		ILE	1
9LBQ_A	150	1	A	195		TYR	1
9LBQ_A	151	1	A	196		SER	1
9LBQ_A	152	1	A	197		ARG	1
9LBQ_A	153	1	A	198		TYR	1
9LBQ_A	154	1	A	199		ALA	1
9LBQ_A	155	1	A	200		ASP	1
9LBQ_A	156	1	A	201		ASP	1
9LBQ_A	157	1	A	202		MET	1
9LBQ_A	158	1	A	203		LEU	1
9LBQ_A	159	1	A	204		PHE	1
9LBQ_A	160	1	A	205		SER	1
9LBQ_A	161	1	A	206		ASN	1
9LBQ_A	162	1	A	207		PRO	1
9LBQ_A	163	1	A	208		ARG	1
9LBQ_A	164	1	A	209		GLU	1
9LBQ_A	165	1	A	210		SER	1
9LBQ_A	166	1	A	211		LYS	1
9LBQ_A	167	1	A	212		LEU	1
9LBQ_A	168	1	A	213		LEU	1
9LBQ_A	169	1	A	214		MET	1
9LBQ_A	170	1	A	215		SER	1
9LBQ_A	171	1	A	216		ASP	1
9LBQ_A	172	1	A	217		TYR	1
9LBQ_A	173	1	A	218		PHE	1
9LBQ_A	174	1	A	219		ILE	1
9LBQ_A	175	1	A	220		ASP	1
9LBQ_A	176	1	A	221		GLU	1
9LBQ_A	177	1	A	222		ILE	1
9LBQ_A	178	1	A	223		SER	1
9LBQ_A	179	1	A	224		SER	1
9LBQ_A	180	1	A	225		LEU	1
9LBQ_A	181	1	A	226		LEU	1
9LBQ_A	182	1	A	227		SER	1
9LBQ_A	183	1	A	228		ILE	1
9LBQ_A	184	1	A	229		MET	1
9LBQ_A	185	1	A	230		GLY	1
9LBQ_A	186	1	A	231		PHE	1
9LBQ_A	187	1	A	232		ASN	1
9LBQ_A	188	1	A	233		ILE	1
9LBQ_A	189	1	A	234		ASN	1
9LBQ_A	190	1	A	235		GLN	1
9LBQ_A	191	1	A	236		SER	1
9LBQ_A	192	1	A	237		LYS	1
9LBQ_A	193	1	A	238		TYR	1
9LBQ_A	194	1	A	239		ILE	1
9LBQ_A	195	1	A	240		SER	1
9LBQ_A	196	1	A	241		ARG	1
9LBQ_A	197	1	A	242		GLU	1
9LBQ_A	198	1	A	243		LYS	1
9LBQ_A	199	1	A	244		GLU	1
9LBQ_A	200	1	A	245		ILE	1
9LBQ_A	201	1	A	246		SER	1
9LBQ_A	202	1	A	247		ILE	1
9LBQ_A	203	1	A	248		ASN	1
9LBQ_A	204	1	A	249		GLY	1
9LBQ_A	205	1	A	250		TYR	1
9LBQ_A	206	1	A	251		VAL	1
9LBQ_A	207	1	A	252		ILE	1
9LBQ_A	208	1	A	253		GLU	1
9LBQ_A	209	1	A	254		ASN	1
9LBQ_A	210	1	A	255		LYS	1
9LBQ_A	211	1	A	256		GLY	1
9LBQ_A	212	1	A	257		GLY	1
9LBQ_A	213	1	A	258		ASN	1
9LBQ_A	214	1	A	259		GLY	1
9LBQ_A	215	1	A	260		SER	1
9LBQ_A	216	1	A	261		ILE	1
9LBQ_A	217	1	A	262		GLY	1
9LBQ_A	218	1	A	263		THR	1
9LBQ_A	219	1	A	264		ILE	1
9LBQ_A	220	1	A	265		ARG	1
9LBQ_A	221	1	A	266		LEU	1
9LBQ_A	222	1	A	267		SER	1
9LBQ_A	223	1	A	268		LYS	1
9LBQ_A	224	1	A	269		SER	1
9LBQ_A	225	1	A	270		LYS	1
9LBQ_A	226	1	A	271		LEU	2
9LBQ_A	227	1	A	272		ASN	2
9LBQ_A	228	1	A	273		THR	2
9LBQ_A	229	1	A	274		VAL	2
9LBQ_A	230	1	A	275		LEU	2
9LBQ_A	231	1	A	276		LYS	2
9LBQ_A	232	1	A	277		VAL	2
9LBQ_A	233	1	A	278		THR	2
9LBQ_A	234	1	A	279		HIS	2
9LBQ_A	235	1	A	280		ALA	2
9LBQ_A	236	1	A	281		LEU	2
9LBQ_A	237	1	A	282		ALA	2
9LBQ_A	238	1	A	283		GLN	2
9LBQ_A	239	1	A	284		ASN	2
9LBQ_A	240	1	A	285		ILE	2
9LBQ_A	241	1	A	286		PRO	2
9LBQ_A	242	1	A	287		TYR	2
9LBQ_A	243	1	A	288		LYS	2
9LBQ_A	244	1	A	289		ASN	2
9LBQ_A	245	1	A	290		ILE	2
9LBQ_A	246	1	A	291		CYS	2
9LBQ_A	247	1	A	292		ASN	2
9LBQ_A	248	1	A	293		LYS	2
9LBQ_A	249	1	A	294		TYR	2
9LBQ_A	250	1	A	295		ILE	2
9LBQ_A	251	1	A	296		LYS	2
9LBQ_A	252	1	A	297		VAL	2
9LBQ_A	253	1	A	298		ARG	2
9LBQ_A	254	1	A	299		LEU	2
9LBQ_A	255	1	A	300		LYS	2
9LBQ_A	256	1	A	309		LYS	2
9LBQ_A	257	1	A	310		LYS	2
9LBQ_A	258	1	A	311		ASP	2
9LBQ_A	259	1	A	312		GLU	2
9LBQ_A	260	1	A	313		PHE	2
9LBQ_A	261	1	A	314		GLU	2
9LBQ_A	262	1	A	315		LYS	2
9LBQ_A	263	1	A	316		LYS	2
9LBQ_A	264	1	A	317		TYR	2
9LBQ_A	265	1	A	318		TYR	2
9LBQ_A	266	1	A	319		ARG	2
9LBQ_A	267	1	A	320		ASP	2
9LBQ_A	268	1	A	321		GLN	2
9LBQ_A	269	1	A	322		LEU	2
9LBQ_A	270	1	A	323		ILE	3
9LBQ_A	271	1	A	324		ASN	3
9LBQ_A	272	1	A	325		TYR	3
9LBQ_A	273	1	A	326		LEU	3
9LBQ_A	274	1	A	327		GLY	3
9LBQ_A	275	1	A	328		GLY	3
9LBQ_A	276	1	A	329		TYR	3
9LBQ_A	277	1	A	330		ARG	3
9LBQ_A	278	1	A	331		SER	3
9LBQ_A	279	1	A	332		TYR	3
9LBQ_A	280	1	A	333		LEU	3
9LBQ_A	281	1	A	334		ILE	3
9LBQ_A	282	1	A	335		SER	3
9LBQ_A	283	1	A	336		LEU	3
9LBQ_A	284	1	A	337		VAL	3
9LBQ_A	285	1	A	338		LYS	3
9LBQ_A	286	1	A	339		PHE	3
9LBQ_A	287	1	A	340		HIS	3
9LBQ_A	288	1	A	341		SER	3
9LBQ_A	289	1	A	342		GLU	3
9LBQ_A	290	1	A	343		TYR	3
9LBQ_A	291	1	A	344		LYS	3
9LBQ_A	292	1	A	345		CYS	3
9LBQ_A	293	1	A	346		VAL	3
9LBQ_A	294	1	A	347		ASN	3
9LBQ_A	295	1	A	348		SER	3
9LBQ_A	296	1	A	349		ASP	3
9LBQ_A	297	1	A	350		PHE	3
9LBQ_A	298	1	A	351		ILE	3
9LBQ_A	299	1	A	352		ILE	3
9LBQ_A	300	1	A	353		GLN	3
9LBQ_A	301	1	A	354		ILE	3
9LBQ_A	302	1	A	355		ASN	3
9LBQ_A	303	1	A	356		GLY	3
9LBQ_A	304	1	A	357		ILE	3
9LBQ_A	305	1	A	358		LEU	3
9LBQ_A	306	1	A	359		ASN	3
9LBQ_A	307	1	A	360		ASP	3
9LBQ_A	308	1	A	361		ILE	3
9LBQ_A	309	1	A	362		GLN	3
9LBQ_A	310	1	A	363		ASN	3
9LBQ_A	311	1	A	364		HIS	3
9LBQ_A	312	1	A	365		ILE	3
9LBQ_A	313	1	A	366		GLN	3
9LBQ_A	314	1	A	367		LYS	3
9LBQ_A	315	1	A	368		ILE	3
9LBQ_A	316	1	A	369		LYS	3
9LBQ_A	317	1	A	370		LYS	3
9LBQ_A	318	1	A	371		ASN	3
9LJE_A	0	1	A	1		MET	1
9LJE_A	1	1	A	2		ASN	1
9LJE_A	2	1	A	3		ASN	1
9LJE_A	3	1	A	4		ASP	1
9LJE_A	4	1	A	5		ASP	1
9LJE_A	5	1	A	6		TYR	1
9LJE_A	6	1	A	7		PRO	1
9LJE_A	7	1	A	8		TRP	1
9LJE_A	8	1	A	9		PHE	1
9LJE_A	9	1	A	10		ARG	1
9LJE_A	10	1	A	11		LYS	1
9LJE_A	11	1	A	12		ARG	1
9LJE_A	12	1	A	13		GLY	1
9LJE_A	13	1	A	14		TYR	1
9LJE_A	14	1	A	15		LEU	1
9LJE_A	15	1	A	16		HIS	1
9LJE_A	16	1	A	17		PHE	1
9LJE_A	17	1	A	18		ASP	1
9LJE_A	18	1	A	19		GLU	1
9LJE_A	19	1	A	20		PRO	1
9LJE_A	20	1	A	21		VAL	1
9LJE_A	21	1	A	22		SER	1
9LJE_A	22	1	A	23		LEU	1
9LJE_A	23	1	A	24		LYS	1
9LJE_A	24	1	A	25		LYS	1
9LJE_A	25	1	A	26		ALA	1
9LJE_A	26	1	A	27		VAL	1
9LJE_A	27	1	A	28		LYS	1
9LJE_A	28	1	A	29		TYR	1
9LJE_A	29	1	A	30		VAL	1
9LJE_A	30	1	A	31		SER	1
9LJE_A	31	1	A	32		SER	1
9LJE_A	32	1	A	33		PRO	1
9LJE_A	33	1	A	34		GLU	1
9LJE_A	34	1	A	35		LYS	1
9LJE_A	35	1	A	36		ILE	1
9LJE_A	36	1	A	37		ILE	1
9LJE_A	37	1	A	38		LYS	1
9LJE_A	38	1	A	39		HIS	1
9LJE_A	39	1	A	40		SER	1
9LJE_A	40	1	A	41		PHE	1
9LJE_A	41	1	A	42		LEU	1
9LJE_A	42	1	A	43		PRO	1
9LJE_A	43	1	A	44		PHE	1
9LJE_A	44	1	A	45		LEU	1
9LJE_A	45	1	A	46		SER	1
9LJE_A	46	1	A	47		PHE	1
9LJE_A	47	1	A	48		GLU	1
9LJE_A	48	1	A	49		VAL	1
9LJE_A	49	1	A	50		LYS	1
9LJE_A	50	1	A	51		SER	1
9LJE_A	51	1	A	52		PHE	1
9LJE_A	52	1	A	53		LYS	1
9LJE_A	53	1	A	54		ILE	1
9LJE_A	54	1	A	55		LYS	1
9LJE_A	55	1	A	64		SER	1
9LJE_A	56	1	A	65		LYS	1
9LJE_A	57	1	A	66		THR	1
9LJE_A	58	1	A	67		GLU	1
9LJE_A	59	1	A	68		LYS	1
9LJE_A	60	1	A	69		LEU	1
9LJE_A	61	1	A	70		ARG	1
9LJE_A	62	1	A	71		PRO	1
9LJE_A	63	1	A	72		ILE	1
9LJE_A	64	1	A	73		ALA	1
9LJE_A	65	1	A	74		TYR	1
9LJE_A	66	1	A	75		SER	1
9LJE_A	67	1	A	76		SER	1
9LJE_A	68	1	A	77		HIS	1
9LJE_A	69	1	A	78		LEU	1
9LJE_A	70	1	A	79		ASP	1
9LJE_A	71	1	A	80		SER	1
9LJE_A	72	1	A	81		HIS	1
9LJE_A	73	1	A	82		ILE	1
9LJE_A	74	1	A	83		TYR	1
9LJE_A	75	1	A	84		ALA	1
9LJE_A	76	1	A	85		PHE	1
9LJE_A	77	1	A	86		TYR	1
9LJE_A	78	1	A	87		ALA	1
9LJE_A	79	1	A	88		GLU	1
9LJE_A	80	1	A	89		TYR	1
9LJE_A	81	1	A	90		LEU	1
9LJE_A	82	1	A	91		THR	1
9LJE_A	83	1	A	92		GLY	1
9LJE_A	84	1	A	93		HIS	1
9LJE_A	85	1	A	94		TYR	1
9LJE_A	86	1	A	95		GLU	1
9LJE_A	87	1	A	96		LEU	1
9LJE_A	88	1	A	97		LEU	1
9LJE_A	89	1	A	98		ILE	1
9LJE_A	90	1	A	99		GLN	1
9LJE_A	91	1	A	100		GLU	1
9LJE_A	92	1	A	101		ASN	1
9LJE_A	93	1	A	102		ASN	1
9LJE_A	94	1	A	103		LEU	1
9LJE_A	95	1	A	104		HIS	1
9LJE_A	96	1	A	105		GLU	1
9LJE_A	97	1	A	106		ASN	1
9LJE_A	98	1	A	107		ILE	1
9LJE_A	99	1	A	108		LEU	1
9LJE_A	100	1	A	109		ALA	1
9LJE_A	101	1	A	110		PHE	1
9LJE_A	102	1	A	111		ARG	1
9LJE_A	103	1	A	112		SER	1
9LJE_A	104	1	A	113		LEU	1
9LJE_A	105	1	A	114		ASN	1
9LJE_A	106	1	A	115		LYS	1
9LJE_A	107	1	A	116		SER	1
9LJE_A	108	1	A	117		ASN	1
9LJE_A	109	1	A	118		ILE	1
9LJE_A	110	1	A	119		GLU	1
9LJE_A	111	1	A	120		PHE	1
9LJE_A	112	1	A	121		ALA	1
9LJE_A	113	1	A	122		LYS	1
9LJE_A	114	1	A	123		ARG	1
9LJE_A	115	1	A	124		ALA	1
9LJE_A	116	1	A	125		PHE	1
9LJE_A	117	1	A	126		ASP	1
9LJE_A	118	1	A	127		THR	1
9LJE_A	119	1	A	128		ILE	1
9LJE_A	120	1	A	129		THR	1
9LJE_A	121	1	A	130		GLU	1
9LJE_A	122	1	A	131		MET	1
9LJE_A	123	1	A	132		GLY	1
9LJE_A	124	1	A	133		GLU	1
9LJE_A	125	1	A	134		CYS	1
9LJE_A	126	1	A	135		SER	1
9LJE_A	127	1	A	136		ALA	1
9LJE_A	128	1	A	137		VAL	1
9LJE_A	129	1	A	138		ALA	1
9LJE_A	130	1	A	139		LEU	1
9LJE_A	131	1	A	140		ASP	1
9LJE_A	132	1	A	141		LEU	1
9LJE_A	133	1	A	142		SER	1
9LJE_A	134	1	A	143		GLY	1
9LJE_A	135	1	A	144		PHE	1
9LJE_A	136	1	A	145		PHE	1
9LJE_A	137	1	A	146		ASP	1
9LJE_A	138	1	A	147		ASN	1
9LJE_A	139	1	A	148		LEU	1
9LJE_A	140	1	A	149		ASP	1
9LJE_A	141	1	A	150		HIS	1
9LJE_A	142	1	A	151		GLN	1
9LJE_A	143	1	A	152		ILE	1
9LJE_A	144	1	A	153		LEU	1
9LJE_A	145	1	A	154		LYS	1
9LJE_A	146	1	A	155		HIS	1
9LJE_A	147	1	A	156		GLN	1
9LJE_A	148	1	A	157		TRP	1
9LJE_A	149	1	A	158		CYS	1
9LJE_A	150	1	A	159		LYS	1
9LJE_A	151	1	A	160		VAL	1
9LJE_A	152	1	A	161		ILE	1
9LJE_A	153	1	A	162		GLY	1
9LJE_A	154	1	A	163		THR	1
9LJE_A	155	1	A	164		GLU	1
9LJE_A	156	1	A	165		ALA	1
9LJE_A	157	1	A	166		LEU	1
9LJE_A	158	1	A	167		PRO	1
9LJE_A	159	1	A	168		GLN	1
9LJE_A	160	1	A	169		ASP	1
9LJE_A	161	1	A	170		HIS	1
9LJE_A	162	1	A	171		PHE	1
9LJE_A	163	1	A	172		ALA	1
9LJE_A	164	1	A	173		ILE	1
9LJE_A	165	1	A	174		TYR	1
9LJE_A	166	1	A	175		LYS	1
9LJE_A	167	1	A	176		SER	1
9LJE_A	168	1	A	177		ILE	1
9LJE_A	169	1	A	178		THR	1
9LJE_A	170	1	A	179		ARG	1
9LJE_A	171	1	A	180		TYR	1
9LJE_A	172	1	A	181		SER	1
9LJE_A	173	1	A	182		LYS	1
9LJE_A	174	1	A	183		VAL	1
9LJE_A	175	1	A	184		ASP	1
9LJE_A	176	1	A	185		LYS	1
9LJE_A	177	1	A	186		ASN	1
9LJE_A	178	1	A	187		ARG	1
9LJE_A	179	1	A	188		ALA	1
9LJE_A	180	1	A	189		TYR	1
9LJE_A	181	1	A	190		GLU	1
9LJE_A	182	1	A	191		ILE	1
9LJE_A	183	1	A	192		LEU	1
9LJE_A	184	1	A	193		GLY	1
9LJE_A	185	1	A	194		ILE	1
9LJE_A	186	1	A	195		SER	1
9LJE_A	187	1	A	196		LYS	1
9LJE_A	188	1	A	197		ASN	1
9LJE_A	189	1	A	198		ASN	1
9LJE_A	190	1	A	199		PRO	1
9LJE_A	191	1	A	200		LYS	1
9LJE_A	192	1	A	201		TYR	1
9LJE_A	193	1	A	202		ASN	1
9LJE_A	194	1	A	203		ARG	1
9LJE_A	195	1	A	204		ARG	1
9LJE_A	196	1	A	205		LYS	1
9LJE_A	197	1	A	206		ILE	1
9LJE_A	198	1	A	207		CYS	1
9LJE_A	199	1	A	208		THR	1
9LJE_A	200	1	A	209		PRO	1
9LJE_A	201	1	A	210		VAL	1
9LJE_A	202	1	A	211		ASP	1
9LJE_A	203	1	A	212		PHE	1
9LJE_A	204	1	A	213		ARG	1
9LJE_A	205	1	A	214		ASN	1
9LJE_A	206	1	A	215		LYS	1
9LJE_A	207	1	A	216		ILE	1
9LJE_A	208	1	A	217		ARG	1
9LJE_A	209	1	A	218		LYS	1
9LJE_A	210	1	A	219		ASN	1
9LJE_A	211	1	A	220		GLY	1
9LJE_A	212	1	A	221		LEU	1
9LJE_A	213	1	A	222		ILE	1
9LJE_A	214	1	A	223		ILE	1
9LJE_A	215	1	A	224		VAL	1
9LJE_A	216	1	A	225		ASN	1
9LJE_A	217	1	A	226		ASN	1
9LJE_A	218	1	A	227		SER	1
9LJE_A	219	1	A	228		GLN	1
9LJE_A	220	1	A	229		LYS	1
9LJE_A	221	1	A	230		GLY	1
9LJE_A	222	1	A	231		ILE	1
9LJE_A	223	1	A	232		PRO	1
9LJE_A	224	1	A	233		GLN	1
9LJE_A	225	1	A	234		GLY	1
9LJE_A	226	1	A	235		SER	1
9LJE_A	227	1	A	236		PRO	1
9LJE_A	228	1	A	237		ILE	1
9LJE_A	229	1	A	238		SER	1
9LJE_A	230	1	A	239		ALA	1
9LJE_A	231	1	A	240		LEU	1
9LJE_A	232	1	A	241		LEU	1
9LJE_A	233	1	A	242		SER	1
9LJE_A	234	1	A	243		ASN	1
9LJE_A	235	1	A	244		ILE	1
9LJE_A	236	1	A	245		TYR	1
9LJE_A	237	1	A	246		MET	1
9LJE_A	238	1	A	247		LEU	1
9LJE_A	239	1	A	248		ASP	1
9LJE_A	240	1	A	249		PHE	1
9LJE_A	241	1	A	250		ASP	1
9LJE_A	242	1	A	251		ILE	1
9LJE_A	243	1	A	252		GLU	1
9LJE_A	244	1	A	253		MET	1
9LJE_A	245	1	A	254		ARG	1
9LJE_A	246	1	A	255		ASP	1
9LJE_A	247	1	A	256		TYR	1
9LJE_A	248	1	A	257		ALA	1
9LJE_A	249	1	A	258		GLN	1
9LJE_A	250	1	A	259		GLU	1
9LJE_A	251	1	A	260		ARG	1
9LJE_A	252	1	A	261		GLY	1
9LJE_A	253	1	A	262		GLY	1
9LJE_A	254	1	A	263		HIS	1
9LJE_A	255	1	A	264		TYR	1
9LJE_A	256	1	A	265		TYR	1
9LJE_A	257	1	A	266		ARG	1
9LJE_A	258	1	A	267		TYR	1
9LJE_A	259	1	A	268		CYS	1
9LJE_A	260	1	A	269		ASP	1
9LJE_A	261	1	A	270		ASP	1
9LJE_A	262	1	A	271		MET	1
9LJE_A	263	1	A	272		LEU	1
9LJE_A	264	1	A	273		PHE	1
9LJE_A	265	1	A	274		ILE	1
9LJE_A	266	1	A	275		VAL	1
9LJE_A	267	1	A	276		PRO	1
9LJE_A	268	1	A	277		THR	1
9LJE_A	269	1	A	278		LYS	1
9LJE_A	270	1	A	279		TYR	1
9LJE_A	271	1	A	280		ASN	1
9LJE_A	272	1	A	281		LYS	1
9LJE_A	273	1	A	282		THR	1
9LJE_A	274	1	A	283		LEU	1
9LJE_A	275	1	A	284		ALA	1
9LJE_A	276	1	A	285		GLY	1
9LJE_A	277	1	A	286		ASP	1
9LJE_A	278	1	A	287		VAL	1
9LJE_A	279	1	A	288		ALA	1
9LJE_A	280	1	A	289		GLN	1
9LJE_A	281	1	A	290		ARG	1
9LJE_A	282	1	A	291		ILE	1
9LJE_A	283	1	A	292		LYS	1
9LJE_A	284	1	A	293		HIS	1
9LJE_A	285	1	A	294		LEU	1
9LJE_A	286	1	A	295		LYS	1
9LJE_A	287	1	A	296		VAL	1
9LJE_A	288	1	A	297		GLU	1
9LJE_A	289	1	A	298		LEU	1
9LJE_A	290	1	A	299		ASN	1
9LJE_A	291	1	A	300		THR	1
9LJE_A	292	1	A	301		LYS	1
9LJE_A	293	1	A	302		LYS	1
9LJE_A	294	1	A	303		THR	1
9LJE_A	295	1	A	304		GLU	1
9LJE_A	296	1	A	305		ILE	1
9LJE_A	297	1	A	306		ARG	1
9LJE_A	298	1	A	307		ASP	1
9LJE_A	299	1	A	308		PHE	1
9LJE_A	300	1	A	309		ILE	1
9LJE_A	301	1	A	310		TYR	1
9LJE_A	302	1	A	311		LYS	1
9LJE_A	303	1	A	312		ASP	1
9LJE_A	304	1	A	313		SER	1
9LJE_A	305	1	A	314		THR	1
9LJE_A	306	1	A	315		LEU	1
9LJE_A	307	1	A	316		VAL	1
9LJE_A	308	1	A	317		ALA	1
9LJE_A	309	1	A	318		ASN	1
9LJE_A	310	1	A	319		MET	1
9LJE_A	311	1	A	320		PRO	1
9LJE_A	312	1	A	321		LEU	1
9LJE_A	313	1	A	322		GLN	1
9LJE_A	314	1	A	323		TYR	1
9LJE_A	315	1	A	324		LEU	1
9LJE_A	316	1	A	325		GLY	1
9LJE_A	317	1	A	326		PHE	1
9LJE_A	318	1	A	327		ILE	1
9LJE_A	319	1	A	328		PHE	1
9LJE_A	320	1	A	329		ASP	1
9LJE_A	321	1	A	330		GLY	1
9LJE_A	322	1	A	331		SER	1
9LJE_A	323	1	A	332		ASN	2
9LJE_A	324	1	A	333		ILE	2
9LJE_A	325	1	A	334		LEU	2
9LJE_A	326	1	A	335		LEU	2
9LJE_A	327	1	A	336		ARG	2
9LJE_A	328	1	A	337		SER	2
9LJE_A	329	1	A	338		SER	2
9LJE_A	330	1	A	339		SER	2
9LJE_A	331	1	A	340		LEU	2
9LJE_A	332	1	A	341		ALA	2
9LJE_A	333	1	A	342		ARG	2
9LJE_A	334	1	A	343		TYR	2
9LJE_A	335	1	A	344		SER	2
9LJE_A	336	1	A	345		GLU	2
9LJE_A	337	1	A	346		ARG	2
9LJE_A	338	1	A	347		MET	2
9LJE_A	339	1	A	348		LYS	2
9LJE_A	340	1	A	349		ARG	2
9LJE_A	341	1	A	350		GLY	2
9LJE_A	342	1	A	351		VAL	2
9LJE_A	343	1	A	352		ARG	2
9LJE_A	344	1	A	353		LEU	2
9LJE_A	345	1	A	354		ALA	2
9LJE_A	346	1	A	355		LYS	2
9LJE_A	347	1	A	356		ALA	2
9LJE_A	348	1	A	357		THR	2
9LJE_A	349	1	A	358		MET	2
9LJE_A	350	1	A	359		ASP	2
9LJE_A	351	1	A	360		SER	2
9LJE_A	352	1	A	361		LYS	2
9LJE_A	353	1	A	362		ASN	2
9LJE_A	354	1	A	363		ARG	2
9LJE_A	355	1	A	364		ILE	2
9LJE_A	356	1	A	365		ARG	2
9LJE_A	357	1	A	366		GLU	2
9LJE_A	358	1	A	367		ASN	2
9LJE_A	359	1	A	368		LYS	2
9LJE_A	360	1	A	369		GLY	2
9LJE_A	361	1	A	370		GLU	2
9LJE_A	362	1	A	371		ALA	2
9LJE_A	363	1	A	372		LEU	2
9LJE_A	364	1	A	373		LYS	2
9LJE_A	365	1	A	374		ALA	2
9LJE_A	366	1	A	375		LEU	2
9LJE_A	367	1	A	376		PHE	2
9LJE_A	368	1	A	377		LYS	2
9LJE_A	369	1	A	378		LYS	2
9LJE_A	370	1	A	379		LYS	2
9LJE_A	371	1	A	380		LEU	2
9LJE_A	372	1	A	381		TYR	2
9LJE_A	373	1	A	382		ALA	2
9LJE_A	374	1	A	383		ARG	2
9LJE_A	375	1	A	384		TYR	2
9LJE_A	376	1	A	385		SER	2
9LJE_A	377	1	A	386		HIS	2
9LJE_A	378	1	A	387		ILE	2
9LJE_A	379	1	A	388		GLY	2
9LJE_A	380	1	A	389		ARG	2
9LJE_A	381	1	A	390		ARG	2
9LJE_A	382	1	A	391		ASN	2
9LJE_A	383	1	A	392		PHE	2
9LJE_A	384	1	A	393		LEU	2
9LJE_A	385	1	A	394		THR	2
9LJE_A	386	1	A	395		TYR	2
9LJE_A	387	1	A	396		GLY	2
9LJE_A	388	1	A	397		TYR	2
9LJE_A	389	1	A	398		ARG	2
9LJE_A	390	1	A	399		ALA	2
9LJE_A	391	1	A	400		ALA	2
9LJE_A	392	1	A	401		LYS	2
9LJE_A	393	1	A	402		ILE	2
9LJE_A	394	1	A	403		MET	2
9LJE_A	395	1	A	404		ASN	2
9LJE_A	396	1	A	405		SER	2
9LJE_A	397	1	A	406		LYS	2
9LJE_A	398	1	A	407		ALA	2
9LJE_A	399	1	A	408		ILE	2
9LJE_A	400	1	A	409		LYS	2
9LJE_A	401	1	A	410		ARG	2
9LJE_A	402	1	A	411		GLN	2
9LJE_A	403	1	A	412		LEU	2
9LJE_A	404	1	A	413		LYS	2
9LJE_A	405	1	A	414		PRO	2
9LJE_A	406	1	A	415		LEU	2
9LJE_A	407	1	A	416		GLN	2
9LJE_A	408	1	A	417		LYS	2
9LJE_A	409	1	A	418		ARG	2
9LJE_A	410	1	A	419		LEU	2
9LJE_A	411	1	A	420		GLU	2
9LJE_A	412	1	A	421		ASN	2
9LJE_A	413	1	A	422		GLU	2
9LJE_A	414	1	A	423		ILE	2
9LJE_A	415	1	A	424		LEU	2
9LJE_A	416	1	A	425		LYS	2
9LPA_A	0	1	A	5		LYS	1
9LPA_A	1	1	A	6		MET	1
9LPA_A	2	1	A	7		ILE	1
9LPA_A	3	1	A	8		LEU	1
9LPA_A	4	1	A	9		VAL	1
9LPA_A	5	1	A	10		ASP	1
9LPA_A	6	1	A	11		LYS	1
9LPA_A	7	1	A	12		VAL	1
9LPA_A	8	1	A	13		PHE	1
9LPA_A	9	1	A	14		TYR	1
9LPA_A	10	1	A	15		GLU	1
9LPA_A	11	1	A	16		LYS	1
9LPA_A	12	1	A	17		ILE	1
9LPA_A	13	1	A	18		LEU	1
9LPA_A	14	1	A	19		SER	1
9LPA_A	15	1	A	20		VAL	1
9LPA_A	16	1	A	21		GLU	1
9LPA_A	17	1	A	22		SER	1
9LPA_A	18	1	A	23		PHE	1
9LPA_A	19	1	A	24		LYS	1
9LPA_A	20	1	A	25		GLU	1
9LPA_A	21	1	A	26		ASN	1
9LPA_A	22	1	A	27		ILE	1
9LPA_A	23	1	A	28		ILE	1
9LPA_A	24	1	A	29		THR	1
9LPA_A	25	1	A	30		GLN	1
9LPA_A	26	1	A	31		SER	1
9LPA_A	27	1	A	32		ALA	1
9LPA_A	28	1	A	33		ILE	1
9LPA_A	29	1	A	34		PRO	1
9LPA_A	30	1	A	35		LYS	1
9LPA_A	31	1	A	36		ILE	1
9LPA_A	32	1	A	37		SER	1
9LPA_A	33	1	A	38		ASN	1
9LPA_A	34	1	A	39		LYS	1
9LPA_A	35	1	A	40		GLU	1
9LPA_A	36	1	A	41		VAL	1
9LPA_A	37	1	A	42		ARG	1
9LPA_A	38	1	A	43		LEU	1
9LPA_A	39	1	A	44		ILE	1
9LPA_A	40	1	A	45		SER	1
9LPA_A	41	1	A	46		SER	1
9LPA_A	42	1	A	47		GLY	1
9LPA_A	43	1	A	48		SER	1
9LPA_A	44	1	A	49		LYS	1
9LPA_A	45	1	A	50		ILE	1
9LPA_A	46	1	A	51		PHE	1
9LPA_A	47	1	A	52		TYR	1
9LPA_A	48	1	A	53		ALA	1
9LPA_A	49	1	A	54		ILE	1
9LPA_A	50	1	A	55		ASN	1
9LPA_A	51	1	A	56		ASN	1
9LPA_A	52	1	A	57		THR	1
9LPA_A	53	1	A	58		SER	1
9LPA_A	54	1	A	59		PRO	1
9LPA_A	55	1	A	60		HIS	1
9LPA_A	56	1	A	61		SER	1
9LPA_A	57	1	A	62		HIS	1
9LPA_A	58	1	A	63		VAL	1
9LPA_A	59	1	A	64		GLN	1
9LPA_A	60	1	A	65		LEU	1
9LPA_A	61	1	A	66		ARG	1
9LPA_A	62	1	A	67		LEU	1
9LPA_A	63	1	A	68		ASN	1
9LPA_A	64	1	A	69		ARG	1
9LPA_A	65	1	A	70		PHE	1
9LPA_A	66	1	A	71		PHE	1
9LPA_A	67	1	A	72		LEU	2
9LPA_A	68	1	A	73		SER	2
9LPA_A	69	1	A	74		HIS	2
9LPA_A	70	1	A	75		ILE	2
9LPA_A	71	1	A	76		PRO	2
9LPA_A	72	1	A	77		LEU	2
9LPA_A	73	1	A	78		ASN	2
9LPA_A	74	1	A	79		SER	2
9LPA_A	75	1	A	80		ALA	2
9LPA_A	76	1	A	81		ALA	2
9LPA_A	77	1	A	82		LYS	2
9LPA_A	78	1	A	83		ALA	2
9LPA_A	79	1	A	84		PHE	2
9LPA_A	80	1	A	85		VAL	2
9LPA_A	81	1	A	86		ARG	2
9LPA_A	82	1	A	87		GLY	2
9LPA_A	83	1	A	88		GLY	2
9LPA_A	84	1	A	89		SER	2
9LPA_A	85	1	A	90		TYR	2
9LPA_A	86	1	A	91		LEU	2
9LPA_A	87	1	A	92		LYS	2
9LPA_A	88	1	A	93		TYR	2
9LPA_A	89	1	A	94		LEU	2
9LPA_A	90	1	A	95		GLU	2
9LPA_A	91	1	A	96		PRO	2
9LPA_A	92	1	A	97		HIS	2
9LPA_A	93	1	A	98		ILE	2
9LPA_A	94	1	A	99		TYR	2
9LPA_A	95	1	A	100		GLY	2
9LPA_A	96	1	A	101		SER	2
9LPA_A	97	1	A	102		SER	2
9LPA_A	98	1	A	103		TYR	2
9LPA_A	99	1	A	104		CYS	2
9LPA_A	100	1	A	105		ARG	2
9LPA_A	101	1	A	106		LEU	2
9LPA_A	102	1	A	107		ASP	2
9LPA_A	103	1	A	108		ILE	2
9LPA_A	104	1	A	109		SER	2
9LPA_A	105	1	A	110		SER	2
9LPA_A	106	1	A	111		PHE	2
9LPA_A	107	1	A	112		PHE	2
9LPA_A	108	1	A	113		ASN	2
9LPA_A	109	1	A	114		ASN	2
9LPA_A	110	1	A	115		ILE	2
9LPA_A	111	1	A	116		SER	1
9LPA_A	112	1	A	117		PHE	1
9LPA_A	113	1	A	118		ASP	1
9LPA_A	114	1	A	119		ASP	1
9LPA_A	115	1	A	120		VAL	1
9LPA_A	116	1	A	121		LYS	1
9LPA_A	117	1	A	122		GLN	1
9LPA_A	118	1	A	123		SER	1
9LPA_A	119	1	A	124		LEU	1
9LPA_A	120	1	A	125		SER	1
9LPA_A	121	1	A	126		PRO	1
9LPA_A	122	1	A	127		TYR	1
9LPA_A	123	1	A	128		ILE	1
9LPA_A	124	1	A	129		LYS	1
9LPA_A	125	1	A	130		ASP	1
9LPA_A	126	1	A	131		GLU	1
9LPA_A	127	1	A	132		TYR	1
9LPA_A	128	1	A	133		LEU	1
9LPA_A	129	1	A	134		ILE	1
9LPA_A	130	1	A	135		GLY	1
9LPA_A	131	1	A	136		THR	1
9LPA_A	132	1	A	137		GLU	1
9LPA_A	133	1	A	138		GLN	1
9LPA_A	134	1	A	139		LYS	1
9LPA_A	135	1	A	140		LEU	1
9LPA_A	136	1	A	141		ILE	1
9LPA_A	137	1	A	142		ASP	1
9LPA_A	138	1	A	143		ALA	1
9LPA_A	139	1	A	144		ILE	1
9LPA_A	140	1	A	145		LEU	1
9LPA_A	141	1	A	146		ASN	1
9LPA_A	142	1	A	147		SER	1
9LPA_A	143	1	A	148		VAL	1
9LPA_A	144	1	A	149		GLY	0
9LPA_A	145	1	A	150		TYR	0
9LPA_A	146	1	A	151		GLU	0
9LPA_A	147	1	A	152		SER	0
9LPA_A	148	1	A	153		PRO	0
9LPA_A	149	1	A	154		ILE	0
9LPA_A	150	1	A	155		ARG	0
9LPA_A	151	1	A	156		LYS	0
9LPA_A	152	1	A	157		ASP	0
9LPA_A	153	1	A	158		LYS	0
9LPA_A	154	1	A	159		GLY	0
9LPA_A	155	1	A	160		MET	0
9LPA_A	156	1	A	161		ILE	0
9LPA_A	157	1	A	162		ILE	2
9LPA_A	158	1	A	163		PRO	2
9LPA_A	159	1	A	164		MET	2
9LPA_A	160	1	A	165		GLY	2
9LPA_A	161	1	A	166		PHE	2
9LPA_A	162	1	A	167		ARG	2
9LPA_A	163	1	A	168		THR	2
9LPA_A	164	1	A	169		SER	2
9LPA_A	165	1	A	170		PRO	2
9LPA_A	166	1	A	171		ALA	2
9LPA_A	167	1	A	172		ILE	2
9LPA_A	168	1	A	173		SER	2
9LPA_A	169	1	A	174		ASN	2
9LPA_A	170	1	A	175		ILE	2
9LPA_A	171	1	A	176		VAL	2
9LPA_A	172	1	A	177		PHE	2
9LPA_A	173	1	A	178		ARG	2
9LPA_A	174	1	A	179		LYS	2
9LPA_A	175	1	A	180		MET	2
9LPA_A	176	1	A	181		ASP	2
9LPA_A	177	1	A	182		LEU	2
9LPA_A	178	1	A	183		LEU	2
9LPA_A	179	1	A	184		ILE	2
9LPA_A	180	1	A	185		GLN	2
9LPA_A	181	1	A	186		ASP	2
9LPA_A	182	1	A	187		PHE	2
9LPA_A	183	1	A	188		CYS	2
9LPA_A	184	1	A	189		ALA	2
9LPA_A	185	1	A	190		LYS	2
9LPA_A	186	1	A	191		LYS	2
9LPA_A	187	1	A	192		GLY	2
9LPA_A	188	1	A	193		VAL	2
9LPA_A	189	1	A	194		ILE	2
9LPA_A	190	1	A	195		TYR	2
9LPA_A	191	1	A	196		SER	2
9LPA_A	192	1	A	197		ARG	2
9LPA_A	193	1	A	198		TYR	2
9LPA_A	194	1	A	199		ALA	2
9LPA_A	195	1	A	200		ASP	2
9LPA_A	196	1	A	201		ASP	2
9LPA_A	197	1	A	202		MET	2
9LPA_A	198	1	A	203		LEU	2
9LPA_A	199	1	A	204		PHE	2
9LPA_A	200	1	A	205		SER	2
9LPA_A	201	1	A	206		ASN	2
9LPA_A	202	1	A	207		PRO	2
9LPA_A	203	1	A	208		ARG	2
9LPA_A	204	1	A	209		GLU	2
9LPA_A	205	1	A	210		SER	2
9LPA_A	206	1	A	211		LYS	2
9LPA_A	207	1	A	212		LEU	2
9LPA_A	208	1	A	213		LEU	2
9LPA_A	209	1	A	214		MET	2
9LPA_A	210	1	A	215		SER	2
9LPA_A	211	1	A	216		ASP	2
9LPA_A	212	1	A	217		TYR	2
9LPA_A	213	1	A	218		PHE	2
9LPA_A	214	1	A	219		ILE	2
9LPA_A	215	1	A	220		ASP	2
9LPA_A	216	1	A	221		GLU	2
9LPA_A	217	1	A	222		ILE	2
9LPA_A	218	1	A	223		SER	2
9LPA_A	219	1	A	224		SER	2
9LPA_A	220	1	A	225		LEU	2
9LPA_A	221	1	A	226		LEU	2
9LPA_A	222	1	A	227		SER	2
9LPA_A	223	1	A	228		ILE	2
9LPA_A	224	1	A	229		MET	2
9LPA_A	225	1	A	230		GLY	2
9LPA_A	226	1	A	231		PHE	2
9LPA_A	227	1	A	232		ASN	2
9LPA_A	228	1	A	233		ILE	2
9LPA_A	229	1	A	234		ASN	2
9LPA_A	230	1	A	235		GLN	2
9LPA_A	231	1	A	236		SER	2
9LPA_A	232	1	A	237		LYS	2
9LPA_A	233	1	A	238		TYR	2
9LPA_A	234	1	A	239		ILE	2
9LPA_A	235	1	A	240		SER	2
9LPA_A	236	1	A	241		ARG	2
9LPA_A	237	1	A	242		GLU	2
9LPA_A	238	1	A	243		LYS	2
9LPA_A	239	1	A	244		GLU	2
9LPA_A	240	1	A	245		ILE	2
9LPA_A	241	1	A	246		SER	2
9LPA_A	242	1	A	247		ILE	2
9LPA_A	243	1	A	248		ASN	2
9LPA_A	244	1	A	249		GLY	2
9LPA_A	245	1	A	250		TYR	2
9LPA_A	246	1	A	251		VAL	2
9LPA_A	247	1	A	252		ILE	2
9LPA_A	248	1	A	253		GLU	2
9LPA_A	249	1	A	254		ASN	2
9LPA_A	250	1	A	255		LYS	2
9LPA_A	251	1	A	256		GLY	2
9LPA_A	252	1	A	257		GLY	2
9LPA_A	253	1	A	258		ASN	2
9LPA_A	254	1	A	259		GLY	2
9LPA_A	255	1	A	260		SER	2
9LPA_A	256	1	A	261		ILE	2
9LPA_A	257	1	A	262		GLY	2
9LPA_A	258	1	A	263		THR	2
9LPA_A	259	1	A	264		ILE	2
9LPA_A	260	1	A	265		ARG	2
9LPA_A	261	1	A	266		LEU	2
9LPA_A	262	1	A	267		SER	2
9LPA_A	263	1	A	268		LYS	3
9LPA_A	264	1	A	269		SER	3
9LPA_A	265	1	A	270		LYS	3
9LPA_A	266	1	A	271		LEU	3
9LPA_A	267	1	A	272		ASN	3
9LPA_A	268	1	A	273		THR	3
9LPA_A	269	1	A	274		VAL	3
9LPA_A	270	1	A	275		LEU	3
9LPA_A	271	1	A	276		LYS	3
9LPA_A	272	1	A	277		VAL	3
9LPA_A	273	1	A	278		THR	3
9LPA_A	274	1	A	279		HIS	3
9LPA_A	275	1	A	280		ALA	3
9LPA_A	276	1	A	281		LEU	3
9LPA_A	277	1	A	282		ALA	3
9LPA_A	278	1	A	283		GLN	3
9LPA_A	279	1	A	284		ASN	3
9LPA_A	280	1	A	285		ILE	3
9LPA_A	281	1	A	286		PRO	3
9LPA_A	282	1	A	287		TYR	3
9LPA_A	283	1	A	288		LYS	3
9LPA_A	284	1	A	289		ASN	3
9LPA_A	285	1	A	290		ILE	3
9LPA_A	286	1	A	291		CYS	3
9LPA_A	287	1	A	292		ASN	3
9LPA_A	288	1	A	293		LYS	3
9LPA_A	289	1	A	294		TYR	3
9LPA_A	290	1	A	295		ILE	3
9LPA_A	291	1	A	296		LYS	3
9LPA_A	292	1	A	297		VAL	3
9LPA_A	293	1	A	298		ARG	3
9LPA_A	294	1	A	299		LEU	3
9LPA_A	295	1	A	300		LYS	3
9LPA_A	296	1	A	301		GLU	3
9LPA_A	297	1	A	302		LYS	3
9LPA_A	298	1	A	303		ASN	3
9LPA_A	299	1	A	304		ILE	3
9LPA_A	300	1	A	305		LYS	3
9LPA_A	301	1	A	306		TYR	3
9LPA_A	302	1	A	307		GLU	3
9LPA_A	303	1	A	308		SER	3
9LPA_A	304	1	A	309		LYS	3
9LPA_A	305	1	A	310		LYS	3
9LPA_A	306	1	A	311		ASP	3
9LPA_A	307	1	A	312		GLU	3
9LPA_A	308	1	A	313		PHE	3
9LPA_A	309	1	A	314		GLU	3
9LPA_A	310	1	A	315		LYS	3
9LPA_A	311	1	A	316		LYS	3
9LPA_A	312	1	A	317		TYR	3
9LPA_A	313	1	A	318		TYR	3
9LPA_A	314	1	A	319		ARG	3
9LPA_A	315	1	A	320		ASP	3
9LPA_A	316	1	A	321		GLN	3
9LPA_A	317	1	A	322		LEU	3
9LPA_A	318	1	A	323		ILE	4
9LPA_A	319	1	A	324		ASN	4
9LPA_A	320	1	A	325		TYR	4
9LPA_A	321	1	A	326		LEU	4
9LPA_A	322	1	A	327		GLY	4
9LPA_A	323	1	A	328		GLY	4
9LPA_A	324	1	A	329		TYR	4
9LPA_A	325	1	A	330		ARG	4
9LPA_A	326	1	A	331		SER	4
9LPA_A	327	1	A	332		TYR	4
9LPA_A	328	1	A	333		LEU	4
9LPA_A	329	1	A	334		ILE	4
9LPA_A	330	1	A	335		SER	4
9LPA_A	331	1	A	336		LEU	4
9LPA_A	332	1	A	337		VAL	4
9LPA_A	333	1	A	338		LYS	4
9LPA_A	334	1	A	339		PHE	4
9LPA_A	335	1	A	340		HIS	4
9LPA_A	336	1	A	341		SER	4
9LPA_A	337	1	A	342		GLU	4
9LPA_A	338	1	A	343		TYR	4
9LPA_A	339	1	A	344		LYS	4
9LPA_A	340	1	A	345		CYS	4
9LPA_A	341	1	A	346		VAL	4
9LPA_A	342	1	A	347		ASN	4
9LPA_A	343	1	A	348		SER	4
9LPA_A	344	1	A	349		ASP	4
9LPA_A	345	1	A	350		PHE	4
9LPA_A	346	1	A	351		ILE	4
9LPA_A	347	1	A	352		ILE	4
9LPA_A	348	1	A	353		GLN	4
9LPA_A	349	1	A	354		ILE	4
9LPA_A	350	1	A	355		ASN	4
9LPA_A	351	1	A	356		GLY	4
9LPA_A	352	1	A	357		ILE	4
9LPA_A	353	1	A	358		LEU	4
9LPA_A	354	1	A	359		ASN	4
9LPA_A	355	1	A	360		ASP	4
9LPA_A	356	1	A	361		ILE	4
9LPA_A	357	1	A	362		GLN	4
9LPA_A	358	1	A	363		ASN	4
9LPA_A	359	1	A	364		HIS	4
9LPA_A	360	1	A	365		ILE	4
9LPA_A	361	1	A	366		GLN	4
9LPA_A	362	1	A	367		LYS	4
9LPA_A	363	1	A	368		ILE	4
9LPA_A	364	1	A	369		LYS	4
9LPA_A	365	1	A	370		LYS	4
9LPA_A	366	1	A	371		ASN	4
9LPA_A	367	1	A	372		ARG	4
9LPA_A	368	1	A	373		ARG	4
9LPA_A	369	1	A	374		LEU	4
9N69_E	0	1	E	2		GLN	0
9N69_E	1	1	E	3		LEU	0
9N69_E	2	1	E	4		THR	0
9N69_E	3	1	E	5		SER	0
9N69_E	4	1	E	6		LYS	0
9N69_E	5	1	E	7		ILE	0
9N69_E	6	1	E	8		ILE	0
9N69_E	7	1	E	9		SER	0
9N69_E	8	1	E	10		LYS	0
9N69_E	9	1	E	11		PHE	0
9N69_E	10	1	E	12		ASN	0
9N69_E	11	1	E	13		TYR	0
9N69_E	12	1	E	14		ASN	0
9N69_E	13	1	E	15		ARG	0
9N69_E	14	1	E	16		LEU	0
9N69_E	15	1	E	17		ALA	0
9N69_E	16	1	E	18		PHE	0
9N69_E	17	1	E	19		GLN	0
9N69_E	18	1	E	20		LEU	0
9N69_E	19	1	E	21		LEU	0
9N69_E	20	1	E	22		LEU	0
9N69_E	21	1	E	23		ASN	0
9N69_E	22	1	E	24		GLU	0
9N69_E	23	1	E	25		ALA	0
9N69_E	24	1	E	26		PRO	0
9N69_E	25	1	E	27		LYS	0
9N69_E	26	1	E	28		LYS	0
9N69_E	27	1	E	29		TYR	0
9N69_E	28	1	E	30		LYS	0
9N69_E	29	1	E	31		VAL	0
9N69_E	30	1	E	32		TYR	0
9N69_E	31	1	E	33		TYR	0
9N69_E	32	1	E	34		ILE	0
9N69_E	33	1	E	35		PRO	0
9N69_E	34	1	E	36		LYS	0
9N69_E	35	1	E	37		ARG	0
9N69_E	36	1	E	38		GLY	0
9N69_E	37	1	E	39		ALA	0
9N69_E	38	1	E	40		GLY	0
9N69_E	39	1	E	41		PHE	0
9N69_E	40	1	E	42		ARG	0
9N69_E	41	1	E	43		VAL	0
9N69_E	42	1	E	44		ILE	0
9N69_E	43	1	E	45		ALA	0
9N69_E	44	1	E	46		GLN	0
9N69_E	45	1	E	47		PRO	0
9N69_E	46	1	E	48		THR	0
9N69_E	47	1	E	49		LYS	0
9N69_E	48	1	E	50		GLU	0
9N69_E	49	1	E	51		LEU	0
9N69_E	50	1	E	52		LYS	0
9N69_E	51	1	E	53		ASN	0
9N69_E	52	1	E	54		VAL	0
9N69_E	53	1	E	55		GLN	1
9N69_E	54	1	E	56		ARG	1
9N69_E	55	1	E	57		PHE	1
9N69_E	56	1	E	58		ILE	1
9N69_E	57	1	E	59		VAL	1
9N69_E	58	1	E	60		SER	1
9N69_E	59	1	E	61		LEU	1
9N69_E	60	1	E	62		LEU	1
9N69_E	61	1	E	63		GLN	1
9N69_E	62	1	E	64		PRO	1
9N69_E	63	1	E	65		LYS	1
9N69_E	64	1	E	66		LEU	1
9N69_E	65	1	E	67		PRO	1
9N69_E	66	1	E	68		VAL	1
9N69_E	67	1	E	69		HIS	1
9N69_E	68	1	E	70		HIS	1
9N69_E	69	1	E	71		LYS	1
9N69_E	70	1	E	72		ALA	1
9N69_E	71	1	E	73		MET	1
9N69_E	72	1	E	74		ALA	1
9N69_E	73	1	E	75		TYR	1
9N69_E	74	1	E	76		GLU	1
9N69_E	75	1	E	77		TYR	1
9N69_E	76	1	E	78		LYS	1
9N69_E	77	1	E	79		LYS	1
9N69_E	78	1	E	80		SER	1
9N69_E	79	1	E	81		ILE	1
9N69_E	80	1	E	82		LYS	1
9N69_E	81	1	E	83		ASP	1
9N69_E	82	1	E	84		ASN	1
9N69_E	83	1	E	85		ALA	1
9N69_E	84	1	E	86		LEU	1
9N69_E	85	1	E	87		LEU	1
9N69_E	86	1	E	88		HIS	1
9N69_E	87	1	E	89		LYS	1
9N69_E	88	1	E	90		ASP	1
9N69_E	89	1	E	91		ASN	1
9N69_E	90	1	E	92		ASN	1
9N69_E	91	1	E	93		TYR	1
9N69_E	92	1	E	94		ILE	1
9N69_E	93	1	E	95		LEU	1
9N69_E	94	1	E	96		LYS	1
9N69_E	95	1	E	97		MET	1
9N69_E	96	1	E	98		ASP	1
9N69_E	97	1	E	99		PHE	1
9N69_E	98	1	E	100		GLN	1
9N69_E	99	1	E	101		ASN	1
9N69_E	100	1	E	102		PHE	1
9N69_E	101	1	E	103		PHE	1
9N69_E	102	1	E	104		ASN	1
9N69_E	103	1	E	105		LYS	1
9N69_E	104	1	E	106		ILE	1
9N69_E	105	1	E	107		LYS	2
9N69_E	106	1	E	108		PRO	2
9N69_E	107	1	E	109		ASP	2
9N69_E	108	1	E	110		ILE	2
9N69_E	109	1	E	111		PHE	2
9N69_E	110	1	E	112		PHE	2
9N69_E	111	1	E	113		SER	2
9N69_E	112	1	E	114		LYS	2
9N69_E	113	1	E	115		LEU	2
9N69_E	114	1	E	116		GLU	2
9N69_E	115	1	E	117		ASN	2
9N69_E	116	1	E	118		THR	2
9N69_E	117	1	E	119		GLY	2
9N69_E	118	1	E	120		LEU	2
9N69_E	119	1	E	121		LYS	2
9N69_E	120	1	E	122		LEU	2
9N69_E	121	1	E	123		ASP	2
9N69_E	122	1	E	124		SER	2
9N69_E	123	1	E	125		PHE	2
9N69_E	124	1	E	126		ASP	2
9N69_E	125	1	E	127		GLU	2
9N69_E	126	1	E	128		ASN	2
9N69_E	127	1	E	129		THR	2
9N69_E	128	1	E	130		LEU	2
9N69_E	129	1	E	131		ARG	2
9N69_E	130	1	E	132		ASN	2
9N69_E	131	1	E	133		LEU	2
9N69_E	132	1	E	134		LEU	2
9N69_E	133	1	E	135		PHE	2
9N69_E	134	1	E	136		TRP	2
9N69_E	135	1	E	137		ARG	2
9N69_E	136	1	E	138		PRO	2
9N69_E	137	1	E	139		GLY	2
9N69_E	138	1	E	140		LYS	2
9N69_E	139	1	E	141		LYS	2
9N69_E	140	1	E	142		ARG	2
9N69_E	141	1	E	143		SER	2
9N69_E	142	1	E	144		THR	2
9N69_E	143	1	E	145		THR	2
9N69_E	144	1	E	146		LEU	2
9N69_E	145	1	E	147		ILE	2
9N69_E	146	1	E	148		LEU	1
9N69_E	147	1	E	149		SER	1
9N69_E	148	1	E	150		VAL	1
9N69_E	149	1	E	151		GLY	1
9N69_E	150	1	E	152		ALA	1
9N69_E	151	1	E	153		PRO	1
9N69_E	152	1	E	154		SER	1
9N69_E	153	1	E	155		SER	1
9N69_E	154	1	E	156		PRO	1
9N69_E	155	1	E	157		PHE	1
9N69_E	156	1	E	158		ILE	1
9N69_E	157	1	E	159		SER	1
9N69_E	158	1	E	160		ASN	1
9N69_E	159	1	E	161		PHE	1
9N69_E	160	1	E	162		VAL	1
9N69_E	161	1	E	163		MET	1
9N69_E	162	1	E	164		TYR	1
9N69_E	163	1	E	165		ASP	1
9N69_E	164	1	E	166		PHE	1
9N69_E	165	1	E	167		ASP	1
9N69_E	166	1	E	168		LYS	1
9N69_E	167	1	E	169		SER	1
9N69_E	168	1	E	170		LEU	1
9N69_E	169	1	E	171		ASP	1
9N69_E	170	1	E	172		ASP	1
9N69_E	171	1	E	173		TRP	1
9N69_E	172	1	E	174		CYS	1
9N69_E	173	1	E	175		ARG	1
9N69_E	174	1	E	176		ASN	1
9N69_E	175	1	E	177		ASN	1
9N69_E	176	1	E	178		GLY	1
9N69_E	177	1	E	179		ILE	1
9N69_E	178	1	E	180		THR	1
9N69_E	179	1	E	181		TYR	1
9N69_E	180	1	E	182		SER	1
9N69_E	181	1	E	183		ARG	1
9N69_E	182	1	E	184		TYR	1
9N69_E	183	1	E	185		ALA	1
9N69_E	184	1	E	186		ASP	1
9N69_E	185	1	E	187		ASP	1
9N69_E	186	1	E	188		ILE	1
9N69_E	187	1	E	189		THR	1
9N69_E	188	1	E	190		PHE	1
9N69_E	189	1	E	191		SER	1
9N69_E	190	1	E	192		THR	1
9N69_E	191	1	E	193		ASN	1
9N69_E	192	1	E	194		ILE	1
9N69_E	193	1	E	195		LYS	1
9N69_E	194	1	E	196		ASP	1
9N69_E	195	1	E	197		ILE	1
9N69_E	196	1	E	198		LEU	1
9N69_E	197	1	E	199		CYS	1
9N69_E	198	1	E	200		ARG	1
9N69_E	199	1	E	201		VAL	1
9N69_E	200	1	E	202		PRO	1
9N69_E	201	1	E	203		LYS	1
9N69_E	202	1	E	204		VAL	1
9N69_E	203	1	E	205		VAL	1
9N69_E	204	1	E	206		LYS	1
9N69_E	205	1	E	207		LYS	1
9N69_E	206	1	E	208		MET	1
9N69_E	207	1	E	209		LEU	1
9N69_E	208	1	E	210		SER	1
9N69_E	209	1	E	211		LEU	1
9N69_E	210	1	E	212		HIS	1
9N69_E	211	1	E	213		VAL	1
9N69_E	212	1	E	214		PRO	1
9N69_E	213	1	E	215		GLY	1
9N69_E	214	1	E	216		LEU	1
9N69_E	215	1	E	217		SER	1
9N69_E	216	1	E	218		ILE	1
9N69_E	217	1	E	219		ASN	1
9N69_E	218	1	E	220		GLU	1
9N69_E	219	1	E	221		SER	1
9N69_E	220	1	E	222		LYS	1
9N69_E	221	1	E	223		THR	1
9N69_E	222	1	E	224		ILE	1
9N69_E	223	1	E	225		PHE	1
9N69_E	224	1	E	226		THR	1
9N69_E	225	1	E	227		SER	1
9N69_E	226	1	E	228		MET	1
9N69_E	227	1	E	229		ALA	1
9N69_E	228	1	E	230		HIS	1
9N69_E	229	1	E	231		ASN	1
9N69_E	230	1	E	232		ARG	1
9N69_E	231	1	E	233		HIS	1
9N69_E	232	1	E	234		VAL	1
9N69_E	233	1	E	235		THR	1
9N69_E	234	1	E	236		GLY	1
9N69_E	235	1	E	237		VAL	1
9N69_E	236	1	E	238		THR	1
9N69_E	237	1	E	239		LEU	1
9N69_E	238	1	E	240		THR	1
9N69_E	239	1	E	241		PRO	1
9N69_E	240	1	E	242		GLN	1
9N69_E	241	1	E	243		GLY	1
9N69_E	242	1	E	244		ASN	1
9N69_E	243	1	E	245		LEU	1
9N69_E	244	1	E	246		SER	1
9N69_E	245	1	E	247		ILE	3
9N69_E	246	1	E	248		GLY	3
9N69_E	247	1	E	249		ARG	3
9N69_E	248	1	E	250		ASP	3
9N69_E	249	1	E	251		ARG	3
9N69_E	250	1	E	252		LYS	3
9N69_E	251	1	E	253		ARG	3
9N69_E	252	1	E	254		MET	3
9N69_E	253	1	E	255		LEU	3
9N69_E	254	1	E	256		PHE	3
9N69_E	255	1	E	257		ALA	3
9N69_E	256	1	E	258		LYS	3
9N69_E	257	1	E	259		ILE	3
9N69_E	258	1	E	260		HIS	3
9N69_E	259	1	E	261		LYS	3
9N69_E	260	1	E	262		TYR	3
9N69_E	261	1	E	263		SER	3
9N69_E	262	1	E	264		LEU	3
9N69_E	263	1	E	265		GLY	3
9N69_E	264	1	E	266		LEU	3
9N69_E	265	1	E	267		LEU	3
9N69_E	266	1	E	268		SER	3
9N69_E	267	1	E	269		SER	3
9N69_E	268	1	E	270		GLU	3
9N69_E	269	1	E	271		GLU	3
9N69_E	270	1	E	272		ILE	3
9N69_E	271	1	E	273		ASN	3
9N69_E	272	1	E	274		LYS	3
9N69_E	273	1	E	275		THR	3
9N69_E	274	1	E	276		LYS	3
9N69_E	275	1	E	277		GLY	3
9N69_E	276	1	E	278		MET	3
9N69_E	277	1	E	279		ILE	3
9N69_E	278	1	E	280		ALA	3
9N69_E	279	1	E	281		PHE	3
9N69_E	280	1	E	282		ALA	3
9N69_E	281	1	E	283		ASN	3
9N69_E	282	1	E	284		TYR	3
9N69_E	283	1	E	285		LEU	3
9N69_E	284	1	E	286		GLU	3
9N69_E	285	1	E	287		GLY	3
9N69_E	286	1	E	288		ASP	3
9N69_E	287	1	E	289		PHE	3
9N69_E	288	1	E	290		LEU	3
9N69_E	289	1	E	291		LEU	3
9N69_E	290	1	E	292		ARG	3
9N69_E	291	1	E	293		LEU	3
9N69_E	292	1	E	294		GLN	3
9N69_E	293	1	E	295		LYS	3
9N69_E	294	1	E	296		LYS	3
9N69_E	295	1	E	297		TYR	3
9N69_E	296	1	E	298		GLY	3
9N69_E	297	1	E	299		CYS	3
9N69_E	298	1	E	300		GLU	3
9N69_E	299	1	E	301		LEU	3
9N69_E	300	1	E	302		ILE	3
9N69_E	301	1	E	303		THR	3
9N69_E	302	1	E	304		LYS	3
9N69_E	303	1	E	305		PHE	3
9N69_E	304	1	E	306		LEU	3
9N69_E	305	1	E	307		MET	3
9N69_E	306	1	E	308		GLU	3
9N69_E	307	1	E	309		GLY	3
9NL2_A	0	1	A	1		GLN	1
9NL2_A	1	1	A	2		LYS	1
9NL2_A	2	1	A	3		THR	1
9NL2_A	3	1	A	4		ILE	1
9NL2_A	4	1	A	5		ILE	1
9NL2_A	5	1	A	6		GLN	1
9NL2_A	6	1	A	7		LEU	1
9NL2_A	7	1	A	8		PRO	1
9NL2_A	8	1	A	9		ASN	1
9NL2_A	9	1	A	10		ASP	1
9NL2_A	10	1	A	11		ASN	1
9NL2_A	11	1	A	12		PRO	1
9NL2_A	12	1	A	13		ALA	1
9NL2_A	13	1	A	14		CYS	1
9NL2_A	14	1	A	15		PRO	1
9NL2_A	15	1	A	16		PHE	1
9NL2_A	16	1	A	17		CYS	1
9NL2_A	17	1	A	18		GLY	1
9NL2_A	18	1	A	19		ASP	1
9NL2_A	19	1	A	20		HIS	1
9NL2_A	20	1	A	21		VAL	1
9NL2_A	21	1	A	22		GLY	1
9NL2_A	22	1	A	23		LYS	1
9NL2_A	23	1	A	24		PRO	1
9NL2_A	24	1	A	25		SER	1
9NL2_A	25	1	A	26		ALA	1
9NL2_A	26	1	A	27		LEU	1
9NL2_A	27	1	A	28		ASN	1
9NL2_A	28	1	A	29		VAL	1
9NL2_A	29	1	A	30		HIS	1
9NL2_A	30	1	A	31		LEU	1
9NL2_A	31	1	A	32		LYS	1
9NL2_A	32	1	A	33		ARG	1
9NL2_A	33	1	A	34		ASN	1
9NL2_A	34	1	A	35		HIS	1
9NL2_A	35	1	A	36		GLY	1
9NL2_A	36	1	A	37		GLY	1
9NL2_A	37	1	A	38		ARG	1
9NL2_A	38	1	A	39		GLU	1
9NL2_A	39	1	A	40		VAL	1
9NL2_A	40	1	A	41		GLU	1
9NL2_A	41	1	A	42		PHE	1
9NL2_A	42	1	A	43		GLN	1
9NL2_A	43	1	A	44		CYS	1
9NL2_A	44	1	A	45		SER	1
9NL2_A	45	1	A	46		MET	1
9NL2_A	46	1	A	47		CYS	1
9NL2_A	47	1	A	48		ASN	1
9NL2_A	48	1	A	49		LYS	1
9NL2_A	49	1	A	50		ALA	1
9NL2_A	50	1	A	51		ASP	1
9NL2_A	51	1	A	52		PRO	1
9NL2_A	52	1	A	53		LYS	1
9NL2_A	53	1	A	54		ALA	1
9NL2_A	54	1	A	55		HIS	1
9NL2_A	55	1	A	56		SER	1
9NL2_A	56	1	A	57		ILE	1
9NL2_A	57	1	A	58		LEU	1
9NL2_A	58	1	A	59		CYS	1
9NL2_A	59	1	A	60		HIS	1
9NL2_A	60	1	A	61		ILE	1
9NL2_A	61	1	A	62		PRO	1
9NL2_A	62	1	A	63		LYS	1
9NL2_A	63	1	A	64		CYS	1
9NL2_A	64	1	A	65		LYS	1
9NL2_A	65	1	A	66		GLY	1
9NL2_A	66	1	A	67		LYS	1
9NL2_A	67	1	A	68		VAL	1
9NL2_A	68	1	A	69		THR	1
9NL2_A	69	1	A	70		GLU	1
9NL2_A	70	1	A	71		GLU	0
9NL2_A	71	1	A	72		PRO	0
9NL2_A	72	1	A	73		THR	0
9NL2_A	73	1	A	74		GLY	0
9NL2_A	74	1	A	75		ASP	0
9NL2_A	75	1	A	76		TRP	0
9NL2_A	76	1	A	77		ALA	0
9NL2_A	77	1	A	78		CYS	0
9NL2_A	78	1	A	79		GLU	0
9NL2_A	79	1	A	80		THR	0
9NL2_A	80	1	A	81		CYS	0
9NL2_A	81	1	A	82		ASN	0
9NL2_A	82	1	A	83		LYS	0
9NL2_A	83	1	A	84		GLN	0
9NL2_A	84	1	A	85		PHE	0
9NL2_A	85	1	A	86		ASN	0
9NL2_A	86	1	A	87		THR	0
9NL2_A	87	1	A	88		LYS	0
9NL2_A	88	1	A	89		SER	0
9NL2_A	89	1	A	90		GLY	0
9NL2_A	90	1	A	91		LEU	0
9NL2_A	91	1	A	92		SER	0
9NL2_A	92	1	A	93		GLN	0
9NL2_A	93	1	A	94		HIS	0
9NL2_A	94	1	A	95		LYS	0
9NL2_A	95	1	A	96		ARG	0
9NL2_A	96	1	A	97		ILE	0
9NL2_A	97	1	A	98		ALA	0
9NL2_A	98	1	A	99		HIS	0
9NL2_A	99	1	A	100		PRO	0
9NL2_A	100	1	A	101		ALA	0
9NL2_A	101	1	A	102		ILE	0
9NL2_A	102	1	A	103		ARG	0
9NL2_A	103	1	A	104		ASN	2
9NL2_A	104	1	A	105		GLN	2
9NL2_A	105	1	A	106		GLU	2
9NL2_A	106	1	A	107		ARG	2
9NL2_A	107	1	A	108		ILE	2
9NL2_A	108	1	A	109		ALA	2
9NL2_A	109	1	A	110		ALA	2
9NL2_A	110	1	A	111		SER	2
9NL2_A	111	1	A	112		GLN	2
9NL2_A	112	1	A	113		PRO	2
9NL2_A	113	1	A	114		LYS	2
9NL2_A	114	1	A	115		PRO	2
9NL2_A	115	1	A	116		ASN	2
9NL2_A	116	1	A	117		SER	2
9NL2_A	117	1	A	118		GLN	2
9NL2_A	118	1	A	119		ARG	2
9NL2_A	119	1	A	120		GLY	2
9NL2_A	120	1	A	121		LYS	2
9NL2_A	121	1	A	122		HIS	2
9NL2_A	122	1	A	123		ASN	2
9NL2_A	123	1	A	124		SER	3
9NL2_A	124	1	A	125		CYS	3
9NL2_A	125	1	A	126		TRP	3
9NL2_A	126	1	A	127		THR	3
9NL2_A	127	1	A	128		VAL	3
9NL2_A	128	1	A	129		GLU	3
9NL2_A	129	1	A	130		GLU	3
9NL2_A	130	1	A	131		GLU	3
9NL2_A	131	1	A	132		GLN	3
9NL2_A	132	1	A	133		LEU	3
9NL2_A	133	1	A	134		LEU	3
9NL2_A	134	1	A	135		ALA	3
9NL2_A	135	1	A	136		ALA	3
9NL2_A	136	1	A	137		PHE	3
9NL2_A	137	1	A	138		ASN	3
9NL2_A	138	1	A	139		ASN	3
9NL2_A	139	1	A	140		MET	3
9NL2_A	140	1	A	141		PHE	3
9NL2_A	141	1	A	142		TRP	3
9NL2_A	142	1	A	143		GLY	3
9NL2_A	143	1	A	144		LYS	3
9NL2_A	144	1	A	145		LYS	3
9NL2_A	145	1	A	146		ASN	3
9NL2_A	146	1	A	147		ILE	3
9NL2_A	147	1	A	148		ASN	3
9NL2_A	148	1	A	149		ILE	3
9NL2_A	149	1	A	150		LEU	3
9NL2_A	150	1	A	151		ILE	3
9NL2_A	151	1	A	152		SER	3
9NL2_A	152	1	A	153		ASP	3
9NL2_A	153	1	A	154		HIS	3
9NL2_A	154	1	A	155		ILE	3
9NL2_A	155	1	A	156		HIS	3
9NL2_A	156	1	A	157		MET	3
9NL2_A	157	1	A	158		LYS	3
9NL2_A	158	1	A	159		THR	3
9NL2_A	159	1	A	160		ALA	3
9NL2_A	160	1	A	161		LYS	3
9NL2_A	161	1	A	162		GLN	3
9NL2_A	162	1	A	163		ILE	3
9NL2_A	163	1	A	164		SER	3
9NL2_A	164	1	A	165		GLU	3
9NL2_A	165	1	A	166		LYS	3
9NL2_A	166	1	A	167		ARG	3
9NL2_A	167	1	A	168		ARG	3
9NL2_A	168	1	A	169		LEU	3
9NL2_A	169	1	A	170		LEU	3
9NL2_A	170	1	A	171		GLY	3
9NL2_A	171	1	A	172		LEU	3
9NL2_A	172	1	A	173		ASN	3
9NL2_A	173	1	A	174		LYS	3
9NL2_A	174	1	A	175		ASN	3
9NL2_A	175	1	A	176		ALA	3
9NL2_A	176	1	A	177		THR	3
9NL2_A	177	1	A	178		VAL	3
9NL2_A	178	1	A	179		THR	3
9NL2_A	179	1	A	180		THR	3
9NL2_A	180	1	A	181		THR	3
9NL2_A	181	1	A	182		ASN	3
9NL2_A	182	1	A	183		PRO	3
9NL2_A	183	1	A	184		LEU	3
9NL2_A	184	1	A	185		PRO	3
9NL2_A	185	1	A	186		VAL	2
9NL2_A	186	1	A	187		SER	2
9NL2_A	187	1	A	188		SER	2
9NL2_A	188	1	A	189		THR	2
9NL2_A	189	1	A	190		CYS	2
9NL2_A	190	1	A	191		HIS	2
9NL2_A	191	1	A	192		LEU	2
9NL2_A	192	1	A	193		LYS	2
9NL2_A	193	1	A	194		ILE	2
9NL2_A	194	1	A	195		ARG	2
9NL2_A	195	1	A	196		THR	2
9NL2_A	196	1	A	197		ASP	2
9NL2_A	197	1	A	198		SER	2
9NL2_A	198	1	A	199		PRO	2
9NL2_A	199	1	A	200		ASN	2
9NL2_A	200	1	A	201		THR	2
9NL2_A	201	1	A	202		THR	2
9NL2_A	202	1	A	203		THR	2
9NL2_A	203	1	A	204		GLY	2
9NL2_A	204	1	A	205		LEU	2
9NL2_A	205	1	A	206		LYS	2
9NL2_A	206	1	A	207		ASP	2
9NL2_A	207	1	A	208		THR	2
9NL2_A	208	1	A	209		TYR	2
9NL2_A	209	1	A	210		MET	2
9NL2_A	210	1	A	211		CYS	2
9NL2_A	211	1	A	212		LYS	2
9NL2_A	212	1	A	213		ILE	2
9NL2_A	213	1	A	214		ASN	2
9NL2_A	214	1	A	215		GLU	2
9NL2_A	215	1	A	216		ASN	2
9NL2_A	216	1	A	217		ILE	2
9NL2_A	217	1	A	218		VAL	2
9NL2_A	218	1	A	219		ASN	2
9NL2_A	219	1	A	220		GLN	2
9NL2_A	220	1	A	221		GLY	2
9NL2_A	221	1	A	222		GLN	2
9NL2_A	222	1	A	223		ILE	2
9NL2_A	223	1	A	224		LYS	2
9NL2_A	224	1	A	225		PHE	2
9NL2_A	225	1	A	226		ASP	2
9NL2_A	226	1	A	227		SER	2
9NL2_A	227	1	A	228		GLU	2
9NL2_A	228	1	A	229		VAL	2
9NL2_A	229	1	A	230		ILE	2
9NL2_A	230	1	A	231		SER	2
9NL2_A	231	1	A	232		ALA	2
9NL2_A	232	1	A	233		TRP	2
9NL2_A	233	1	A	234		MET	2
9NL2_A	234	1	A	235		ALA	2
9NL2_A	235	1	A	236		GLY	2
9NL2_A	236	1	A	237		ASP	2
9NL2_A	237	1	A	238		SER	2
9NL2_A	238	1	A	239		ASN	2
9NL2_A	239	1	A	240		ILE	2
9NL2_A	240	1	A	241		ARG	2
9NL2_A	241	1	A	242		SER	2
9NL2_A	242	1	A	243		LEU	2
9NL2_A	243	1	A	244		VAL	2
9NL2_A	244	1	A	245		GLU	2
9NL2_A	245	1	A	246		SER	2
9NL2_A	246	1	A	247		THR	2
9NL2_A	247	1	A	248		SER	2
9NL2_A	248	1	A	249		LEU	2
9NL2_A	249	1	A	250		ASP	2
9NL2_A	250	1	A	251		ILE	2
9NL2_A	251	1	A	252		LEU	2
9NL2_A	252	1	A	253		SER	2
9NL2_A	253	1	A	254		THR	2
9NL2_A	254	1	A	255		PHE	2
9NL2_A	255	1	A	256		LEU	2
9NL2_A	256	1	A	257		MET	2
9NL2_A	257	1	A	258		GLU	2
9NL2_A	258	1	A	259		THR	2
9NL2_A	259	1	A	260		PRO	2
9NL2_A	260	1	A	261		LYS	2
9NL2_A	261	1	A	262		PRO	2
9NL2_A	262	1	A	263		ARG	2
9NL2_A	263	1	A	264		LYS	2
9NL2_A	264	1	A	265		LYS	2
9NL2_A	265	1	A	280		LYS	2
9NL2_A	266	1	A	281		TRP	2
9NL2_A	267	1	A	282		MET	2
9NL2_A	268	1	A	283		GLU	2
9NL2_A	269	1	A	284		LYS	2
9NL2_A	270	1	A	285		ARG	2
9NL2_A	271	1	A	286		ALA	2
9NL2_A	272	1	A	287		VAL	2
9NL2_A	273	1	A	288		LYS	2
9NL2_A	274	1	A	289		LYS	2
9NL2_A	275	1	A	290		GLY	2
9NL2_A	276	1	A	291		PHE	2
9NL2_A	277	1	A	292		TYR	2
9NL2_A	278	1	A	293		LYS	2
9NL2_A	279	1	A	294		ARG	2
9NL2_A	280	1	A	295		TYR	2
9NL2_A	281	1	A	296		GLN	2
9NL2_A	282	1	A	297		HIS	2
9NL2_A	283	1	A	298		LEU	2
9NL2_A	284	1	A	299		PHE	2
9NL2_A	285	1	A	300		GLU	2
9NL2_A	286	1	A	301		THR	2
9NL2_A	287	1	A	302		ASP	2
9NL2_A	288	1	A	303		ARG	2
9NL2_A	289	1	A	304		CYS	2
9NL2_A	290	1	A	305		LYS	2
9NL2_A	291	1	A	306		LEU	2
9NL2_A	292	1	A	307		ALA	2
9NL2_A	293	1	A	308		SER	2
9NL2_A	294	1	A	309		ILE	2
9NL2_A	295	1	A	310		ILE	2
9NL2_A	296	1	A	311		LEU	2
9NL2_A	297	1	A	312		ASP	2
9NL2_A	298	1	A	313		GLY	2
9NL2_A	299	1	A	314		THR	2
9NL2_A	300	1	A	315		GLU	2
9NL2_A	301	1	A	316		ARG	2
9NL2_A	302	1	A	317		LEU	2
9NL2_A	303	1	A	318		GLN	2
9NL2_A	304	1	A	319		CYS	2
9NL2_A	305	1	A	320		GLN	2
9NL2_A	306	1	A	321		ILE	2
9NL2_A	307	1	A	322		PRO	2
9NL2_A	308	1	A	323		LEU	2
9NL2_A	309	1	A	324		THR	2
9NL2_A	310	1	A	325		GLU	2
9NL2_A	311	1	A	326		ILE	2
9NL2_A	312	1	A	327		LEU	2
9NL2_A	313	1	A	328		GLU	2
9NL2_A	314	1	A	329		THR	2
9NL2_A	315	1	A	330		TYR	2
9NL2_A	316	1	A	331		LYS	2
9NL2_A	317	1	A	332		SER	2
9NL2_A	318	1	A	333		LYS	2
9NL2_A	319	1	A	334		TRP	2
9NL2_A	320	1	A	335		GLU	2
9NL2_A	321	1	A	336		THR	2
9NL2_A	322	1	A	337		LEU	2
9NL2_A	323	1	A	338		THR	2
9NL2_A	324	1	A	339		PRO	2
9NL2_A	325	1	A	340		PHE	2
9NL2_A	326	1	A	341		GLU	2
9NL2_A	327	1	A	342		GLY	2
9NL2_A	328	1	A	343		LEU	2
9NL2_A	329	1	A	344		GLY	2
9NL2_A	330	1	A	345		GLN	2
9NL2_A	331	1	A	346		PHE	2
9NL2_A	332	1	A	347		LYS	2
9NL2_A	333	1	A	348		SER	2
9NL2_A	334	1	A	349		HIS	2
9NL2_A	335	1	A	350		ALA	2
9NL2_A	336	1	A	351		VAL	2
9NL2_A	337	1	A	352		ALA	2
9NL2_A	338	1	A	353		ASP	2
9NL2_A	339	1	A	354		ASN	2
9NL2_A	340	1	A	355		THR	2
9NL2_A	341	1	A	356		ALA	2
9NL2_A	342	1	A	357		PHE	2
9NL2_A	343	1	A	358		GLU	2
9NL2_A	344	1	A	359		ILE	2
9NL2_A	345	1	A	360		LEU	2
9NL2_A	346	1	A	361		LEU	2
9NL2_A	347	1	A	362		SER	2
9NL2_A	348	1	A	363		ALA	2
9NL2_A	349	1	A	364		LYS	2
9NL2_A	350	1	A	365		GLU	2
9NL2_A	351	1	A	366		ILE	2
9NL2_A	352	1	A	367		MET	2
9NL2_A	353	1	A	368		LYS	2
9NL2_A	354	1	A	369		ASN	2
9NL2_A	355	1	A	370		ILE	2
9NL2_A	356	1	A	371		LYS	2
9NL2_A	357	1	A	372		GLU	2
9NL2_A	358	1	A	373		MET	2
9NL2_A	359	1	A	374		ASN	2
9NL2_A	360	1	A	375		LYS	2
9NL2_A	361	1	A	376		ASN	2
9NL2_A	362	1	A	377		SER	2
9NL2_A	363	1	A	378		ALA	2
9NL2_A	364	1	A	379		PRO	2
9NL2_A	365	1	A	380		GLY	2
9NL2_A	366	1	A	381		PRO	2
9NL2_A	367	1	A	382		ASP	2
9NL2_A	368	1	A	383		LYS	2
9NL2_A	369	1	A	384		VAL	2
9NL2_A	370	1	A	385		SER	2
9NL2_A	371	1	A	386		LEU	2
9NL2_A	372	1	A	387		ARG	2
9NL2_A	373	1	A	388		ASP	2
9NL2_A	374	1	A	389		LEU	2
9NL2_A	375	1	A	390		LEU	2
9NL2_A	376	1	A	391		LEU	2
9NL2_A	377	1	A	392		ALA	2
9NL2_A	378	1	A	393		ASP	2
9NL2_A	379	1	A	394		PRO	2
9NL2_A	380	1	A	395		GLU	2
9NL2_A	381	1	A	396		CYS	2
9NL2_A	382	1	A	397		ASN	2
9NL2_A	383	1	A	398		ALA	2
9NL2_A	384	1	A	399		LEU	2
9NL2_A	385	1	A	400		GLU	2
9NL2_A	386	1	A	401		LYS	2
9NL2_A	387	1	A	402		LEU	2
9NL2_A	388	1	A	403		PHE	2
9NL2_A	389	1	A	404		ASN	2
9NL2_A	390	1	A	405		THR	2
9NL2_A	391	1	A	406		TRP	2
9NL2_A	392	1	A	407		LEU	2
9NL2_A	393	1	A	408		ILE	2
9NL2_A	394	1	A	409		THR	2
9NL2_A	395	1	A	410		GLY	2
9NL2_A	396	1	A	411		ILE	2
9NL2_A	397	1	A	412		ILE	2
9NL2_A	398	1	A	413		PRO	2
9NL2_A	399	1	A	414		ASN	2
9NL2_A	400	1	A	415		SER	2
9NL2_A	401	1	A	416		ILE	2
9NL2_A	402	1	A	417		LYS	2
9NL2_A	403	1	A	418		GLU	2
9NL2_A	404	1	A	419		CYS	2
9NL2_A	405	1	A	420		ARG	2
9NL2_A	406	1	A	421		SER	2
9NL2_A	407	1	A	422		LEU	2
9NL2_A	408	1	A	423		LEU	2
9NL2_A	409	1	A	424		ILE	2
9NL2_A	410	1	A	425		PRO	2
9NL2_A	411	1	A	426		LYS	2
9NL2_A	412	1	A	427		THR	2
9NL2_A	413	1	A	428		ALA	2
9NL2_A	414	1	A	429		ASP	2
9NL2_A	415	1	A	430		PRO	2
9NL2_A	416	1	A	431		GLU	2
9NL2_A	417	1	A	432		ALA	2
9NL2_A	418	1	A	433		LEU	2
9NL2_A	419	1	A	434		LYS	2
9NL2_A	420	1	A	435		GLU	2
9NL2_A	421	1	A	436		LEU	2
9NL2_A	422	1	A	437		GLY	2
9NL2_A	423	1	A	438		ASN	2
9NL2_A	424	1	A	439		TRP	2
9NL2_A	425	1	A	440		ARG	2
9NL2_A	426	1	A	441		PRO	2
9NL2_A	427	1	A	442		LEU	2
9NL2_A	428	1	A	443		THR	2
9NL2_A	429	1	A	444		ILE	2
9NL2_A	430	1	A	445		GLY	2
9NL2_A	431	1	A	446		SER	2
9NL2_A	432	1	A	447		ILE	2
9NL2_A	433	1	A	448		VAL	2
9NL2_A	434	1	A	449		LEU	2
9NL2_A	435	1	A	450		ARG	2
9NL2_A	436	1	A	451		LEU	2
9NL2_A	437	1	A	452		PHE	2
9NL2_A	438	1	A	453		SER	2
9NL2_A	439	1	A	454		ARG	2
9NL2_A	440	1	A	455		ILE	2
9NL2_A	441	1	A	456		ILE	2
9NL2_A	442	1	A	457		THR	2
9NL2_A	443	1	A	458		ASN	2
9NL2_A	444	1	A	459		ARG	2
9NL2_A	445	1	A	460		LEU	2
9NL2_A	446	1	A	461		ALA	2
9NL2_A	447	1	A	462		LYS	2
9NL2_A	448	1	A	463		ALA	2
9NL2_A	449	1	A	464		CYS	2
9NL2_A	450	1	A	465		PRO	2
9NL2_A	451	1	A	466		ILE	2
9NL2_A	452	1	A	467		ASN	2
9NL2_A	453	1	A	468		ALA	2
9NL2_A	454	1	A	469		ARG	2
9NL2_A	455	1	A	470		GLN	2
9NL2_A	456	1	A	471		ARG	2
9NL2_A	457	1	A	472		GLY	2
9NL2_A	458	1	A	473		PHE	2
9NL2_A	459	1	A	474		ILE	2
9NL2_A	460	1	A	475		ALA	2
9NL2_A	461	1	A	476		THR	2
9NL2_A	462	1	A	477		PRO	2
9NL2_A	463	1	A	478		GLY	2
9NL2_A	464	1	A	479		CYS	2
9NL2_A	465	1	A	480		SER	2
9NL2_A	466	1	A	481		GLU	2
9NL2_A	467	1	A	482		ASN	2
9NL2_A	468	1	A	483		LEU	2
9NL2_A	469	1	A	484		LYS	2
9NL2_A	470	1	A	485		ILE	2
9NL2_A	471	1	A	486		LEU	2
9NL2_A	472	1	A	487		HIS	2
9NL2_A	473	1	A	488		THR	2
9NL2_A	474	1	A	489		ILE	2
9NL2_A	475	1	A	490		VAL	2
9NL2_A	476	1	A	491		LYS	2
9NL2_A	477	1	A	492		GLN	2
9NL2_A	478	1	A	493		ALA	2
9NL2_A	479	1	A	494		LYS	2
9NL2_A	480	1	A	495		THR	2
9NL2_A	481	1	A	496		SER	2
9NL2_A	482	1	A	497		LYS	2
9NL2_A	483	1	A	498		LYS	2
9NL2_A	484	1	A	499		SER	2
9NL2_A	485	1	A	500		LEU	2
9NL2_A	486	1	A	501		GLY	2
9NL2_A	487	1	A	502		VAL	2
9NL2_A	488	1	A	503		VAL	2
9NL2_A	489	1	A	504		PHE	2
9NL2_A	490	1	A	505		VAL	2
9NL2_A	491	1	A	506		ASP	2
9NL2_A	492	1	A	507		ILE	2
9NL2_A	493	1	A	508		ALA	2
9NL2_A	494	1	A	509		LYS	2
9NL2_A	495	1	A	510		ALA	2
9NL2_A	496	1	A	511		PHE	2
9NL2_A	497	1	A	512		ASP	2
9NL2_A	498	1	A	513		SER	2
9NL2_A	499	1	A	514		VAL	2
9NL2_A	500	1	A	515		SER	2
9NL2_A	501	1	A	516		HIS	2
9NL2_A	502	1	A	517		ASP	2
9NL2_A	503	1	A	518		HIS	2
9NL2_A	504	1	A	519		ILE	2
9NL2_A	505	1	A	520		MET	2
9NL2_A	506	1	A	521		TRP	2
9NL2_A	507	1	A	522		VAL	2
9NL2_A	508	1	A	523		LEU	2
9NL2_A	509	1	A	524		GLN	2
9NL2_A	510	1	A	525		GLU	2
9NL2_A	511	1	A	526		ARG	2
9NL2_A	512	1	A	527		GLY	2
9NL2_A	513	1	A	528		LEU	2
9NL2_A	514	1	A	529		ASP	2
9NL2_A	515	1	A	530		GLN	2
9NL2_A	516	1	A	531		HIS	2
9NL2_A	517	1	A	532		ILE	2
9NL2_A	518	1	A	533		VAL	2
9NL2_A	519	1	A	534		ASN	2
9NL2_A	520	1	A	535		ILE	2
9NL2_A	521	1	A	536		ILE	2
9NL2_A	522	1	A	537		GLU	2
9NL2_A	523	1	A	538		ASP	2
9NL2_A	524	1	A	539		SER	2
9NL2_A	525	1	A	540		TYR	2
9NL2_A	526	1	A	541		LYS	2
9NL2_A	527	1	A	542		LYS	2
9NL2_A	528	1	A	543		ILE	2
9NL2_A	529	1	A	544		HIS	2
9NL2_A	530	1	A	545		THR	2
9NL2_A	531	1	A	546		ARG	2
9NL2_A	532	1	A	547		MET	2
9NL2_A	533	1	A	548		GLU	2
9NL2_A	534	1	A	549		VAL	2
9NL2_A	535	1	A	550		GLY	2
9NL2_A	536	1	A	551		THR	2
9NL2_A	537	1	A	552		GLU	2
9NL2_A	538	1	A	553		ARG	2
9NL2_A	539	1	A	554		THR	2
9NL2_A	540	1	A	555		PRO	2
9NL2_A	541	1	A	556		PRO	2
9NL2_A	542	1	A	557		ILE	2
9NL2_A	543	1	A	558		GLU	2
9NL2_A	544	1	A	559		ILE	2
9NL2_A	545	1	A	560		LYS	2
9NL2_A	546	1	A	561		VAL	2
9NL2_A	547	1	A	562		GLY	2
9NL2_A	548	1	A	563		VAL	2
9NL2_A	549	1	A	564		LYS	2
9NL2_A	550	1	A	565		GLN	2
9NL2_A	551	1	A	566		GLY	2
9NL2_A	552	1	A	567		ASP	2
9NL2_A	553	1	A	568		PRO	2
9NL2_A	554	1	A	569		MET	2
9NL2_A	555	1	A	570		SER	2
9NL2_A	556	1	A	571		PRO	2
9NL2_A	557	1	A	572		LEU	2
9NL2_A	558	1	A	573		LEU	2
9NL2_A	559	1	A	574		PHE	2
9NL2_A	560	1	A	575		ASN	2
9NL2_A	561	1	A	576		LEU	2
9NL2_A	562	1	A	577		ALA	2
9NL2_A	563	1	A	578		ILE	2
9NL2_A	564	1	A	579		ASP	2
9NL2_A	565	1	A	580		PRO	2
9NL2_A	566	1	A	581		LEU	2
9NL2_A	567	1	A	582		ILE	2
9NL2_A	568	1	A	583		THR	2
9NL2_A	569	1	A	584		ALA	2
9NL2_A	570	1	A	585		LEU	2
9NL2_A	571	1	A	586		GLU	2
9NL2_A	572	1	A	587		LYS	2
9NL2_A	573	1	A	588		ALA	2
9NL2_A	574	1	A	589		ASN	2
9NL2_A	575	1	A	590		THR	2
9NL2_A	576	1	A	591		GLY	2
9NL2_A	577	1	A	592		PHE	2
9NL2_A	578	1	A	593		SER	2
9NL2_A	579	1	A	594		TYR	2
9NL2_A	580	1	A	595		GLY	2
9NL2_A	581	1	A	596		LYS	2
9NL2_A	582	1	A	597		ASN	2
9NL2_A	583	1	A	598		LYS	2
9NL2_A	584	1	A	599		ILE	2
9NL2_A	585	1	A	600		THR	2
9NL2_A	586	1	A	601		SER	2
9NL2_A	587	1	A	602		LEU	2
9NL2_A	588	1	A	603		ALA	2
9NL2_A	589	1	A	604		PHE	2
9NL2_A	590	1	A	605		ALA	2
9NL2_A	591	1	A	606		ASP	2
9NL2_A	592	1	A	607		ASP	2
9NL2_A	593	1	A	608		LEU	2
9NL2_A	594	1	A	609		VAL	2
9NL2_A	595	1	A	610		MET	2
9NL2_A	596	1	A	611		LEU	2
9NL2_A	597	1	A	612		SER	2
9NL2_A	598	1	A	613		ASP	2
9NL2_A	599	1	A	614		THR	2
9NL2_A	600	1	A	615		TRP	2
9NL2_A	601	1	A	616		GLU	2
9NL2_A	602	1	A	617		GLY	2
9NL2_A	603	1	A	618		MET	2
9NL2_A	604	1	A	619		ASN	2
9NL2_A	605	1	A	620		LYS	2
9NL2_A	606	1	A	621		ASN	2
9NL2_A	607	1	A	622		ILE	2
9NL2_A	608	1	A	623		GLN	2
9NL2_A	609	1	A	624		ILE	2
9NL2_A	610	1	A	625		LEU	2
9NL2_A	611	1	A	626		GLU	2
9NL2_A	612	1	A	627		THR	2
9NL2_A	613	1	A	628		PHE	2
9NL2_A	614	1	A	629		CYS	2
9NL2_A	615	1	A	630		ASN	2
9NL2_A	616	1	A	631		LEU	2
9NL2_A	617	1	A	632		SER	2
9NL2_A	618	1	A	633		GLY	2
9NL2_A	619	1	A	634		LEU	2
9NL2_A	620	1	A	635		LYS	2
9NL2_A	621	1	A	636		VAL	2
9NL2_A	622	1	A	637		GLN	2
9NL2_A	623	1	A	638		ALA	2
9NL2_A	624	1	A	639		LYS	2
9NL2_A	625	1	A	640		LYS	2
9NL2_A	626	1	A	641		CYS	2
9NL2_A	627	1	A	642		TYR	2
9NL2_A	628	1	A	643		GLY	2
9NL2_A	629	1	A	644		PHE	2
9NL2_A	630	1	A	645		PHE	2
9NL2_A	631	1	A	646		LEU	2
9NL2_A	632	1	A	647		SER	2
9NL2_A	633	1	A	648		PRO	2
9NL2_A	634	1	A	649		THR	2
9NL2_A	635	1	A	650		HIS	2
9NL2_A	636	1	A	651		ASP	2
9NL2_A	637	1	A	652		SER	2
9NL2_A	638	1	A	653		TYR	2
9NL2_A	639	1	A	654		THR	2
9NL2_A	640	1	A	655		ILE	2
9NL2_A	641	1	A	656		ASN	2
9NL2_A	642	1	A	657		LYS	2
9NL2_A	643	1	A	658		CYS	2
9NL2_A	644	1	A	659		ASP	2
9NL2_A	645	1	A	660		ALA	2
9NL2_A	646	1	A	661		TRP	2
9NL2_A	647	1	A	662		LYS	2
9NL2_A	648	1	A	663		ILE	2
9NL2_A	649	1	A	664		ASP	2
9NL2_A	650	1	A	665		LYS	2
9NL2_A	651	1	A	666		ASP	2
9NL2_A	652	1	A	667		SER	2
9NL2_A	653	1	A	668		LEU	2
9NL2_A	654	1	A	669		ASN	2
9NL2_A	655	1	A	670		MET	2
9NL2_A	656	1	A	671		ILE	2
9NL2_A	657	1	A	672		GLN	2
9NL2_A	658	1	A	673		PRO	2
9NL2_A	659	1	A	674		GLY	2
9NL2_A	660	1	A	675		GLU	2
9NL2_A	661	1	A	676		SER	2
9NL2_A	662	1	A	677		GLU	2
9NL2_A	663	1	A	678		LYS	2
9NL2_A	664	1	A	679		TYR	2
9NL2_A	665	1	A	680		LEU	2
9NL2_A	666	1	A	681		GLY	2
9NL2_A	667	1	A	682		LEU	2
9NL2_A	668	1	A	683		LYS	2
9NL2_A	669	1	A	684		VAL	2
9NL2_A	670	1	A	685		ASP	2
9NL2_A	671	1	A	686		PRO	2
9NL2_A	672	1	A	687		TRP	2
9NL2_A	673	1	A	688		ILE	2
9NL2_A	674	1	A	689		GLY	2
9NL2_A	675	1	A	690		PHE	2
9NL2_A	676	1	A	691		SER	2
9NL2_A	677	1	A	692		LYS	4
9NL2_A	678	1	A	693		PRO	4
9NL2_A	679	1	A	694		VAL	4
9NL2_A	680	1	A	695		LEU	4
9NL2_A	681	1	A	696		ALA	4
9NL2_A	682	1	A	697		GLU	4
9NL2_A	683	1	A	698		LYS	4
9NL2_A	684	1	A	699		LEU	4
9NL2_A	685	1	A	700		THR	4
9NL2_A	686	1	A	701		ILE	4
9NL2_A	687	1	A	702		TRP	4
9NL2_A	688	1	A	703		LEU	4
9NL2_A	689	1	A	704		LYS	4
9NL2_A	690	1	A	705		ARG	4
9NL2_A	691	1	A	706		LEU	4
9NL2_A	692	1	A	707		THR	4
9NL2_A	693	1	A	708		GLU	4
9NL2_A	694	1	A	709		ALA	4
9NL2_A	695	1	A	710		PRO	4
9NL2_A	696	1	A	711		LEU	4
9NL2_A	697	1	A	712		LYS	4
9NL2_A	698	1	A	713		PRO	4
9NL2_A	699	1	A	714		SER	4
9NL2_A	700	1	A	715		GLN	4
9NL2_A	701	1	A	716		LYS	4
9NL2_A	702	1	A	717		LEU	4
9NL2_A	703	1	A	718		THR	4
9NL2_A	704	1	A	719		MET	4
9NL2_A	705	1	A	720		LEU	4
9NL2_A	706	1	A	721		ASN	4
9NL2_A	707	1	A	722		ILE	4
9NL2_A	708	1	A	723		TYR	4
9NL2_A	709	1	A	724		THR	4
9NL2_A	710	1	A	725		ILE	4
9NL2_A	711	1	A	726		PRO	4
9NL2_A	712	1	A	727		ARG	4
9NL2_A	713	1	A	728		ILE	4
9NL2_A	714	1	A	729		ILE	4
9NL2_A	715	1	A	730		TYR	4
9NL2_A	716	1	A	731		LEU	4
9NL2_A	717	1	A	732		ALA	4
9NL2_A	718	1	A	733		ASP	4
9NL2_A	719	1	A	734		HIS	4
9NL2_A	720	1	A	735		THR	4
9NL2_A	721	1	A	736		ASP	4
9NL2_A	722	1	A	737		THR	4
9NL2_A	723	1	A	738		LYS	4
9NL2_A	724	1	A	739		LYS	4
9NL2_A	725	1	A	740		THR	4
9NL2_A	726	1	A	741		LEU	4
9NL2_A	727	1	A	742		LEU	4
9NL2_A	728	1	A	743		SER	4
9NL2_A	729	1	A	744		SER	4
9NL2_A	730	1	A	745		LEU	4
9NL2_A	731	1	A	746		ASP	4
9NL2_A	732	1	A	747		ASP	4
9NL2_A	733	1	A	748		ASN	4
9NL2_A	734	1	A	749		ILE	4
9NL2_A	735	1	A	750		ARG	4
9NL2_A	736	1	A	751		THR	4
9NL2_A	737	1	A	752		VAL	4
9NL2_A	738	1	A	753		VAL	4
9NL2_A	739	1	A	754		LYS	4
9NL2_A	740	1	A	755		GLY	4
9NL2_A	741	1	A	756		TRP	4
9NL2_A	742	1	A	757		LEU	4
9NL2_A	743	1	A	758		HIS	4
9NL2_A	744	1	A	759		LEU	4
9NL2_A	745	1	A	760		PRO	4
9NL2_A	746	1	A	761		PRO	4
9NL2_A	747	1	A	762		ASP	4
9NL2_A	748	1	A	763		THR	4
9NL2_A	749	1	A	764		CYS	4
9NL2_A	750	1	A	765		ASN	4
9NL2_A	751	1	A	766		GLY	4
9NL2_A	752	1	A	767		PHE	4
9NL2_A	753	1	A	768		ILE	4
9NL2_A	754	1	A	769		TYR	4
9NL2_A	755	1	A	770		THR	4
9NL2_A	756	1	A	771		LYS	4
9NL2_A	757	1	A	772		THR	4
9NL2_A	758	1	A	773		ARG	4
9NL2_A	759	1	A	774		ASP	4
9NL2_A	760	1	A	775		GLY	4
9NL2_A	761	1	A	776		GLY	4
9NL2_A	762	1	A	777		LEU	4
9NL2_A	763	1	A	778		GLY	4
9NL2_A	764	1	A	779		VAL	4
9NL2_A	765	1	A	780		THR	4
9NL2_A	766	1	A	781		ARG	4
9NL2_A	767	1	A	782		LEU	4
9NL2_A	768	1	A	783		ALA	4
9NL2_A	769	1	A	784		SER	4
9NL2_A	770	1	A	785		LEU	4
9NL2_A	771	1	A	786		ILE	4
9NL2_A	772	1	A	787		PRO	5
9NL2_A	773	1	A	788		SER	5
9NL2_A	774	1	A	789		ILE	5
9NL2_A	775	1	A	790		GLN	5
9NL2_A	776	1	A	791		ALA	5
9NL2_A	777	1	A	792		ARG	5
9NL2_A	778	1	A	793		ARG	5
9NL2_A	779	1	A	794		LEU	5
9NL2_A	780	1	A	795		HIS	5
9NL2_A	781	1	A	796		ARG	5
9NL2_A	782	1	A	797		ILE	5
9NL2_A	783	1	A	798		ALA	5
9NL2_A	784	1	A	799		THR	5
9NL2_A	785	1	A	800		SER	5
9NL2_A	786	1	A	801		GLU	5
9NL2_A	787	1	A	802		ASP	5
9NL2_A	788	1	A	803		GLU	5
9NL2_A	789	1	A	804		THR	5
9NL2_A	790	1	A	805		ILE	5
9NL2_A	791	1	A	806		ARG	5
9NL2_A	792	1	A	807		ASN	5
9NL2_A	793	1	A	808		ILE	5
9NL2_A	794	1	A	809		ALA	5
9NL2_A	795	1	A	810		MET	5
9NL2_A	796	1	A	811		ALA	5
9NL2_A	797	1	A	812		ASN	5
9NL2_A	798	1	A	813		ASN	5
9NL2_A	799	1	A	814		ILE	5
9NL2_A	800	1	A	815		GLU	5
9NL2_A	801	1	A	816		GLU	5
9NL2_A	802	1	A	817		GLU	5
9NL2_A	803	1	A	818		PHE	5
9NL2_A	804	1	A	819		GLN	5
9NL2_A	805	1	A	820		ASN	5
9NL2_A	806	1	A	821		LEU	5
9NL2_A	807	1	A	822		TRP	5
9NL2_A	808	1	A	823		VAL	5
9NL2_A	809	1	A	824		THR	5
9NL2_A	810	1	A	825		ALA	5
9NL2_A	811	1	A	826		GLY	5
9NL2_A	812	1	A	827		GLY	5
9NL2_A	813	1	A	828		LYS	5
9NL2_A	814	1	A	829		LYS	5
9NL2_A	815	1	A	830		GLU	5
9NL2_A	816	1	A	831		GLU	5
9NL2_A	817	1	A	832		ILE	5
9NL2_A	818	1	A	833		PRO	5
9NL2_A	819	1	A	834		ARG	5
9NL2_A	820	1	A	835		ILE	5
9NL2_A	821	1	A	836		THR	5
9NL2_A	822	1	A	837		ASP	5
9NL2_A	823	1	A	838		PRO	5
9NL2_A	824	1	A	839		VAL	0
9NL2_A	825	1	A	840		SER	0
9NL2_A	826	1	A	841		ILE	0
9NL2_A	827	1	A	842		ASP	0
9NL2_A	828	1	A	843		TYR	0
9NL2_A	829	1	A	844		ARG	0
9NL2_A	830	1	A	845		LEU	0
9NL2_A	831	1	A	846		PRO	0
9NL2_A	832	1	A	847		ARG	0
9NL2_A	833	1	A	848		ARG	0
9NL2_A	834	1	A	849		ILE	0
9NL2_A	835	1	A	850		LEU	0
9NL2_A	836	1	A	851		GLU	0
9NL2_A	837	1	A	852		LEU	0
9NL2_A	838	1	A	853		LEU	0
9NL2_A	839	1	A	854		ASN	0
9NL2_A	840	1	A	855		GLU	0
9NL2_A	841	1	A	856		TRP	0
9NL2_A	842	1	A	857		GLU	0
9NL2_A	843	1	A	858		LYS	0
9NL2_A	844	1	A	859		PRO	0
9NL2_A	845	1	A	860		ALA	0
9NL2_A	846	1	A	861		PRO	0
9NL2_A	847	1	A	862		LYS	0
9NL2_A	848	1	A	863		LYS	0
9NL2_A	849	1	A	864		MET	0
9NL2_A	850	1	A	865		TYR	0
9NL2_A	851	1	A	866		PRO	0
9NL2_A	852	1	A	867		ILE	4
9NL2_A	853	1	A	868		PRO	4
9NL2_A	854	1	A	869		CYS	4
9NL2_A	855	1	A	870		ASN	4
9NL2_A	856	1	A	871		TRP	4
9NL2_A	857	1	A	872		ARG	4
9NL2_A	858	1	A	873		GLU	4
9NL2_A	859	1	A	874		ALA	4
9NL2_A	860	1	A	875		GLU	4
9NL2_A	861	1	A	876		MET	4
9NL2_A	862	1	A	877		ALA	4
9NL2_A	863	1	A	878		HIS	4
9NL2_A	864	1	A	879		TRP	4
9NL2_A	865	1	A	880		LYS	4
9NL2_A	866	1	A	881		ASN	4
9NL2_A	867	1	A	882		LEU	4
9NL2_A	868	1	A	883		PRO	4
9NL2_A	869	1	A	884		CYS	4
9NL2_A	870	1	A	885		GLN	4
9NL2_A	871	1	A	886		GLY	4
9NL2_A	872	1	A	887		SER	4
9NL2_A	873	1	A	888		GLY	4
9NL2_A	874	1	A	889		ILE	4
9NL2_A	875	1	A	890		GLU	4
9NL2_A	876	1	A	891		HIS	4
9NL2_A	877	1	A	892		PHE	4
9NL2_A	878	1	A	893		ASP	4
9NL2_A	879	1	A	894		ASN	4
9NL2_A	880	1	A	895		ASP	4
9NL2_A	881	1	A	896		THR	4
9NL2_A	882	1	A	897		ILE	4
9NL2_A	883	1	A	898		SER	4
9NL2_A	884	1	A	899		ASN	4
9NL2_A	885	1	A	900		ASP	6
9NL2_A	886	1	A	901		TRP	6
9NL2_A	887	1	A	902		LEU	6
9NL2_A	888	1	A	903		GLN	6
9NL2_A	889	1	A	904		PHE	6
9NL2_A	890	1	A	905		HIS	6
9NL2_A	891	1	A	906		ARG	6
9NL2_A	892	1	A	907		GLY	6
9NL2_A	893	1	A	908		PHE	6
9NL2_A	894	1	A	909		SER	6
9NL2_A	895	1	A	910		GLU	6
9NL2_A	896	1	A	911		ARG	6
9NL2_A	897	1	A	912		GLN	6
9NL2_A	898	1	A	913		PHE	6
9NL2_A	899	1	A	914		LEU	6
9NL2_A	900	1	A	915		MET	6
9NL2_A	901	1	A	916		GLY	6
9NL2_A	902	1	A	917		LEU	6
9NL2_A	903	1	A	918		LYS	6
9NL2_A	904	1	A	919		ILE	6
9NL2_A	905	1	A	920		ARG	6
9NL2_A	906	1	A	921		ALA	6
9NL2_A	907	1	A	922		ASN	6
9NL2_A	908	1	A	923		VAL	6
9NL2_A	909	1	A	924		TYR	6
9NL2_A	910	1	A	925		PRO	6
9NL2_A	911	1	A	926		THR	6
9NL2_A	912	1	A	927		ARG	6
9NL2_A	913	1	A	928		GLU	6
9NL2_A	914	1	A	929		TYR	6
9NL2_A	915	1	A	930		GLN	6
9NL2_A	916	1	A	931		GLY	6
9NL2_A	917	1	A	932		ARG	6
9NL2_A	918	1	A	933		GLY	6
9NL2_A	919	1	A	934		ARG	6
9NL2_A	920	1	A	935		THR	6
9NL2_A	921	1	A	936		ASN	6
9NL2_A	922	1	A	937		LYS	6
9NL2_A	923	1	A	938		ASN	6
9NL2_A	924	1	A	939		VAL	6
9NL2_A	925	1	A	940		ASN	6
9NL2_A	926	1	A	941		CYS	6
9NL2_A	927	1	A	942		ARG	6
9NL2_A	928	1	A	943		ASN	6
9NL2_A	929	1	A	944		CYS	6
9NL2_A	930	1	A	945		THR	6
9NL2_A	931	1	A	946		ALA	6
9NL2_A	932	1	A	947		SER	6
9NL2_A	933	1	A	948		TYR	6
9NL2_A	934	1	A	949		GLU	6
9NL2_A	935	1	A	950		SER	6
9NL2_A	936	1	A	951		LEU	6
9NL2_A	937	1	A	952		SER	6
9NL2_A	938	1	A	953		HIS	6
9NL2_A	939	1	A	954		ILE	6
9NL2_A	940	1	A	955		LEU	6
9NL2_A	941	1	A	956		GLY	6
9NL2_A	942	1	A	957		GLN	6
9NL2_A	943	1	A	958		CYS	6
9NL2_A	944	1	A	959		PRO	6
9NL2_A	945	1	A	960		ALA	6
9NL2_A	946	1	A	961		VAL	6
9NL2_A	947	1	A	962		GLN	6
9NL2_A	948	1	A	963		GLY	6
9NL2_A	949	1	A	964		ALA	6
9NL2_A	950	1	A	965		ARG	6
9NL2_A	951	1	A	966		ILE	6
9NL2_A	952	1	A	967		ARG	6
9NL2_A	953	1	A	968		ARG	6
9NL2_A	954	1	A	969		HIS	6
9NL2_A	955	1	A	970		ASN	6
9NL2_A	956	1	A	971		LYS	6
9NL2_A	957	1	A	972		LEU	6
9NL2_A	958	1	A	973		CYS	7
9NL2_A	959	1	A	974		SER	7
9NL2_A	960	1	A	975		MET	7
9NL2_A	961	1	A	976		LEU	7
9NL2_A	962	1	A	977		LYS	7
9NL2_A	963	1	A	978		ARG	7
9NL2_A	964	1	A	979		GLU	7
9NL2_A	965	1	A	980		ALA	7
9NL2_A	966	1	A	981		LYS	7
9NL2_A	967	1	A	982		GLU	7
9NL2_A	968	1	A	983		LEU	7
9NL2_A	969	1	A	984		LYS	7
9NL2_A	970	1	A	985		TRP	7
9NL2_A	971	1	A	986		VAL	7
9NL2_A	972	1	A	987		VAL	7
9NL2_A	973	1	A	988		TYR	7
9NL2_A	974	1	A	989		GLU	7
9NL2_A	975	1	A	990		GLU	7
9NL2_A	976	1	A	991		PRO	7
9NL2_A	977	1	A	992		HIS	7
9NL2_A	978	1	A	993		LEU	7
9NL2_A	979	1	A	994		HIS	7
9NL2_A	980	1	A	995		THR	7
9NL2_A	981	1	A	996		THR	7
9NL2_A	982	1	A	997		GLU	7
9NL2_A	983	1	A	998		LYS	7
9NL2_A	984	1	A	999		GLU	7
9NL2_A	985	1	A	1000		LEU	7
9NL2_A	986	1	A	1001		ARG	7
9NL2_A	987	1	A	1002		LYS	7
9NL2_A	988	1	A	1003		PRO	7
9NL2_A	989	1	A	1004		ASP	7
9NL2_A	990	1	A	1005		LEU	7
9NL2_A	991	1	A	1006		ILE	7
9NL2_A	992	1	A	1007		PHE	7
9NL2_A	993	1	A	1008		VAL	7
9NL2_A	994	1	A	1009		LYS	7
9NL2_A	995	1	A	1010		GLU	7
9NL2_A	996	1	A	1011		GLU	7
9NL2_A	997	1	A	1012		MET	7
9NL2_A	998	1	A	1013		ALA	7
9NL2_A	999	1	A	1014		LEU	7
9NL2_A	1000	1	A	1015		VAL	7
9NL2_A	1001	1	A	1016		VAL	7
9NL2_A	1002	1	A	1017		ASP	7
9NL2_A	1003	1	A	1018		VAL	7
9NL2_A	1004	1	A	1019		THR	7
9NL2_A	1005	1	A	1020		VAL	7
9NL2_A	1006	1	A	1021		ARG	7
9NL2_A	1007	1	A	1022		PHE	7
9NL2_A	1008	1	A	1023		GLU	7
9NL2_A	1009	1	A	1024		TYR	7
9NL2_A	1010	1	A	1025		LYS	7
9NL2_A	1011	1	A	1026		GLU	7
9NL2_A	1012	1	A	1027		LYS	7
9NL2_A	1013	1	A	1028		VAL	7
9NL2_A	1014	1	A	1029		PHE	7
9NL2_A	1015	1	A	1030		GLU	7
9NL2_A	1016	1	A	1031		ASP	7
9NL2_A	1017	1	A	1032		ALA	7
9NL2_A	1018	1	A	1033		ALA	7
9NL2_A	1019	1	A	1034		ALA	7
9NL2_A	1020	1	A	1035		GLU	7
9NL2_A	1021	1	A	1036		LYS	7
9NL2_A	1022	1	A	1037		VAL	7
9NL2_A	1023	1	A	1038		ARG	7
9NL2_A	1024	1	A	1039		HIS	7
9NL2_A	1025	1	A	1040		TYR	7
9NL2_A	1026	1	A	1041		LYS	7
9NL2_A	1027	1	A	1042		ASP	7
9NL2_A	1028	1	A	1043		LEU	7
9NL2_A	1029	1	A	1044		THR	7
9NL2_A	1030	1	A	1045		SER	7
9NL2_A	1031	1	A	1046		GLN	7
9NL2_A	1032	1	A	1047		ILE	7
9NL2_A	1033	1	A	1048		LYS	7
9NL2_A	1034	1	A	1049		GLU	7
9NL2_A	1035	1	A	1050		LEU	7
9NL2_A	1036	1	A	1051		THR	7
9NL2_A	1037	1	A	1052		GLY	7
9NL2_A	1038	1	A	1053		ALA	7
9NL2_A	1039	1	A	1054		LYS	7
9NL2_A	1040	1	A	1055		GLU	7
9NL2_A	1041	1	A	1056		ILE	7
9NL2_A	1042	1	A	1057		GLU	7
9NL2_A	1043	1	A	1058		TYR	7
9NL2_A	1044	1	A	1059		PHE	7
9NL2_A	1045	1	A	1060		GLY	7
9NL2_A	1046	1	A	1061		PHE	7
9NL2_A	1047	1	A	1062		PRO	7
9NL2_A	1048	1	A	1063		LEU	7
9NL2_A	1049	1	A	1064		GLY	7
9NL2_A	1050	1	A	1065		ALA	7
9NL2_A	1051	1	A	1066		ARG	7
9NL2_A	1052	1	A	1067		GLY	7
9NL2_A	1053	1	A	1068		LYS	7
9NL2_A	1054	1	A	1069		TRP	7
9NL2_A	1055	1	A	1070		PRO	7
9NL2_A	1056	1	A	1071		GLU	7
9NL2_A	1057	1	A	1072		ILE	7
9NL2_A	1058	1	A	1073		ASN	7
9NL2_A	1059	1	A	1074		GLU	7
9NL2_A	1060	1	A	1075		LYS	7
9NL2_A	1061	1	A	1076		VAL	7
9NL2_A	1062	1	A	1077		LEU	7
9NL2_A	1063	1	A	1078		THR	7
9NL2_A	1064	1	A	1079		ALA	7
9NL2_A	1065	1	A	1080		LEU	7
9NL2_A	1066	1	A	1081		GLY	7
9NL2_A	1067	1	A	1082		MET	7
9NL2_A	1068	1	A	1083		PRO	7
9NL2_A	1069	1	A	1084		ASP	7
9NL2_A	1070	1	A	1085		TYR	7
9NL2_A	1071	1	A	1086		GLN	7
9NL2_A	1072	1	A	1087		GLN	7
9NL2_A	1073	1	A	1088		LYS	7
9NL2_A	1074	1	A	1089		ARG	7
9NL2_A	1075	1	A	1090		THR	7
9NL2_A	1076	1	A	1091		ALA	7
9NL2_A	1077	1	A	1092		LYS	7
9NL2_A	1078	1	A	1093		ARG	7
9NL2_A	1079	1	A	1094		PHE	6
9NL2_A	1080	1	A	1095		SER	6
9NL2_A	1081	1	A	1096		LYS	6
9NL2_A	1082	1	A	1097		ARG	6
9NL2_A	1083	1	A	1098		THR	6
9NL2_A	1084	1	A	1099		LEU	6
9NL2_A	1085	1	A	1100		LEU	6
9NL2_A	1086	1	A	1101		TYR	6
9NL2_A	1087	1	A	1102		SER	6
9NL2_A	1088	1	A	1103		ILE	6
9NL2_A	1089	1	A	1104		ASP	6
9NL2_A	1090	1	A	1105		VAL	6
9NL2_A	1091	1	A	1106		ILE	6
9NL2_A	1092	1	A	1107		ASN	6
9NL2_A	1093	1	A	1108		THR	6
9NL2_A	1094	1	A	1109		PHE	6
9NL2_A	1095	1	A	1110		GLU	6
9NL2_A	1096	1	A	1111		ASN	6
9NL2_A	1097	1	A	1112		ILE	6
9NL2_A	1098	1	A	1113		GLY	6
9NL2_A	1099	1	A	1114		LYS	6
9NL2_A	1100	1	A	1115		ASN	6
9NL2_A	1101	1	A	1116		ASN	6
9NL2_A	1102	1	A	1117		LYS	6
9NL2_A	1103	1	A	1118		ASN	6
9NL2_A	1104	1	A	1119		ASN	6
9NL2_A	1105	1	A	1120		VAL	6
9NL2_A	1106	1	A	1121		PRO	6
9NL3_A	0	1	A	1		MET	1
9NL3_A	1	1	A	2		VAL	1
9NL3_A	2	1	A	3		THR	1
9NL3_A	3	1	A	4		VAL	1
9NL3_A	4	1	A	5		PRO	1
9NL3_A	5	1	A	6		ASP	1
9NL3_A	6	1	A	7		LYS	1
9NL3_A	7	1	A	8		ASN	1
9NL3_A	8	1	A	9		PRO	1
9NL3_A	9	1	A	10		PRO	1
9NL3_A	10	1	A	11		CYS	1
9NL3_A	11	1	A	12		PRO	1
9NL3_A	12	1	A	13		CYS	1
9NL3_A	13	1	A	14		CYS	1
9NL3_A	14	1	A	15		GLY	1
9NL3_A	15	1	A	16		THR	1
9NL3_A	16	1	A	17		ARG	1
9NL3_A	17	1	A	18		VAL	1
9NL3_A	18	1	A	19		ASN	1
9NL3_A	19	1	A	20		SER	1
9NL3_A	20	1	A	21		VAL	1
9NL3_A	21	1	A	22		LEU	1
9NL3_A	22	1	A	23		ASN	1
9NL3_A	23	1	A	24		LEU	1
9NL3_A	24	1	A	25		ILE	1
9NL3_A	25	1	A	26		GLU	1
9NL3_A	26	1	A	27		HIS	1
9NL3_A	27	1	A	28		LEU	1
9NL3_A	28	1	A	29		LYS	1
9NL3_A	29	1	A	30		VAL	1
9NL3_A	30	1	A	31		SER	1
9NL3_A	31	1	A	32		HIS	1
9NL3_A	32	1	A	33		GLY	1
9NL3_A	33	1	A	34		LYS	1
9NL3_A	34	1	A	35		ARG	1
9NL3_A	35	1	A	36		GLY	1
9NL3_A	36	1	A	37		VAL	1
9NL3_A	37	1	A	38		CYS	1
9NL3_A	38	1	A	39		PHE	1
9NL3_A	39	1	A	40		ARG	1
9NL3_A	40	1	A	41		CYS	1
9NL3_A	41	1	A	42		ALA	1
9NL3_A	42	1	A	43		LYS	1
9NL3_A	43	1	A	44		CYS	1
9NL3_A	44	1	A	45		GLY	1
9NL3_A	45	1	A	46		LYS	1
9NL3_A	46	1	A	47		GLU	1
9NL3_A	47	1	A	48		ASN	1
9NL3_A	48	1	A	49		SER	1
9NL3_A	49	1	A	50		ASN	1
9NL3_A	50	1	A	51		TYR	1
9NL3_A	51	1	A	52		HIS	1
9NL3_A	52	1	A	53		SER	1
9NL3_A	53	1	A	54		VAL	1
9NL3_A	54	1	A	55		VAL	1
9NL3_A	55	1	A	56		CYS	1
9NL3_A	56	1	A	57		HIS	1
9NL3_A	57	1	A	58		PHE	1
9NL3_A	58	1	A	59		PRO	1
9NL3_A	59	1	A	60		LYS	1
9NL3_A	60	1	A	61		CYS	1
9NL3_A	61	1	A	62		ARG	1
9NL3_A	62	1	A	63		GLY	1
9NL3_A	63	1	A	64		PRO	1
9NL3_A	64	1	A	65		GLU	1
9NL3_A	65	1	A	66		THR	1
9NL3_A	66	1	A	67		GLU	1
9NL3_A	67	1	A	68		LYS	1
9NL3_A	68	1	A	69		ALA	1
9NL3_A	69	1	A	70		PRO	0
9NL3_A	70	1	A	71		ALA	0
9NL3_A	71	1	A	72		GLY	0
9NL3_A	72	1	A	73		GLU	0
9NL3_A	73	1	A	74		TRP	0
9NL3_A	74	1	A	75		ILE	0
9NL3_A	75	1	A	76		CYS	0
9NL3_A	76	1	A	77		GLU	0
9NL3_A	77	1	A	78		VAL	0
9NL3_A	78	1	A	79		CYS	0
9NL3_A	79	1	A	80		ASN	0
9NL3_A	80	1	A	81		ARG	0
9NL3_A	81	1	A	82		ASP	0
9NL3_A	82	1	A	83		PHE	0
9NL3_A	83	1	A	84		THR	0
9NL3_A	84	1	A	85		THR	0
9NL3_A	85	1	A	86		LYS	0
9NL3_A	86	1	A	87		ILE	0
9NL3_A	87	1	A	88		GLY	0
9NL3_A	88	1	A	89		LEU	0
9NL3_A	89	1	A	90		GLY	0
9NL3_A	90	1	A	91		GLN	0
9NL3_A	91	1	A	92		HIS	0
9NL3_A	92	1	A	93		LYS	0
9NL3_A	93	1	A	94		ARG	0
9NL3_A	94	1	A	95		LEU	0
9NL3_A	95	1	A	96		ALA	0
9NL3_A	96	1	A	97		HIS	0
9NL3_A	97	1	A	98		PRO	0
9NL3_A	98	1	A	99		ALA	0
9NL3_A	99	1	A	100		VAL	0
9NL3_A	100	1	A	101		ARG	0
9NL3_A	101	1	A	102		ASN	2
9NL3_A	102	1	A	103		GLN	2
9NL3_A	103	1	A	104		GLU	2
9NL3_A	104	1	A	105		ARG	2
9NL3_A	105	1	A	106		ILE	2
9NL3_A	106	1	A	107		VAL	2
9NL3_A	107	1	A	108		ALA	2
9NL3_A	108	1	A	109		SER	2
9NL3_A	109	1	A	110		GLN	2
9NL3_A	110	1	A	111		PRO	2
9NL3_A	111	1	A	112		LYS	2
9NL3_A	112	1	A	113		GLU	2
9NL3_A	113	1	A	114		THR	2
9NL3_A	114	1	A	115		SER	2
9NL3_A	115	1	A	116		ASN	2
9NL3_A	116	1	A	117		ARG	2
9NL3_A	117	1	A	118		GLY	2
9NL3_A	118	1	A	119		ALA	2
9NL3_A	119	1	A	120		HIS	2
9NL3_A	120	1	A	121		LYS	2
9NL3_A	121	1	A	122		ARG	3
9NL3_A	122	1	A	123		CYS	3
9NL3_A	123	1	A	124		TRP	3
9NL3_A	124	1	A	125		THR	3
9NL3_A	125	1	A	126		LYS	3
9NL3_A	126	1	A	127		GLU	3
9NL3_A	127	1	A	128		GLU	3
9NL3_A	128	1	A	129		GLU	3
9NL3_A	129	1	A	130		GLU	3
9NL3_A	130	1	A	131		LEU	3
9NL3_A	131	1	A	132		LEU	3
9NL3_A	132	1	A	133		ILE	3
9NL3_A	133	1	A	134		ARG	3
9NL3_A	134	1	A	135		LEU	3
9NL3_A	135	1	A	136		GLU	3
9NL3_A	136	1	A	137		ALA	3
9NL3_A	137	1	A	138		GLN	3
9NL3_A	138	1	A	139		PHE	3
9NL3_A	139	1	A	140		GLU	3
9NL3_A	140	1	A	141		GLY	3
9NL3_A	141	1	A	142		ASN	3
9NL3_A	142	1	A	143		LYS	3
9NL3_A	143	1	A	144		ASN	3
9NL3_A	144	1	A	145		ILE	3
9NL3_A	145	1	A	146		ASN	3
9NL3_A	146	1	A	147		LYS	3
9NL3_A	147	1	A	148		LEU	3
9NL3_A	148	1	A	149		ILE	3
9NL3_A	149	1	A	150		ALA	3
9NL3_A	150	1	A	151		GLU	3
9NL3_A	151	1	A	152		HIS	3
9NL3_A	152	1	A	153		ILE	3
9NL3_A	153	1	A	154		THR	3
9NL3_A	154	1	A	155		THR	3
9NL3_A	155	1	A	156		LYS	3
9NL3_A	156	1	A	157		THR	3
9NL3_A	157	1	A	158		ALA	3
9NL3_A	158	1	A	159		LYS	3
9NL3_A	159	1	A	160		GLN	3
9NL3_A	160	1	A	161		ILE	3
9NL3_A	161	1	A	162		SER	3
9NL3_A	162	1	A	163		ASP	3
9NL3_A	163	1	A	164		LYS	3
9NL3_A	164	1	A	165		ARG	3
9NL3_A	165	1	A	166		ARG	3
9NL3_A	166	1	A	167		LEU	3
9NL3_A	167	1	A	168		LEU	3
9NL3_A	168	1	A	169		SER	3
9NL3_A	169	1	A	170		ARG	3
9NL3_A	170	1	A	171		LYS	3
9NL3_A	171	1	A	250		GLU	2
9NL3_A	172	1	A	251		GLU	2
9NL3_A	173	1	A	252		GLN	2
9NL3_A	174	1	A	253		LEU	2
9NL3_A	175	1	A	254		GLN	2
9NL3_A	176	1	A	255		ALA	2
9NL3_A	177	1	A	256		TYR	2
9NL3_A	178	1	A	257		TYR	2
9NL3_A	179	1	A	258		LYS	2
9NL3_A	180	1	A	259		LYS	2
9NL3_A	181	1	A	260		THR	2
9NL3_A	182	1	A	261		LEU	2
9NL3_A	183	1	A	262		GLU	2
9NL3_A	184	1	A	263		GLU	2
9NL3_A	185	1	A	264		ARG	2
9NL3_A	186	1	A	265		LEU	2
9NL3_A	187	1	A	266		SER	2
9NL3_A	188	1	A	267		ALA	2
9NL3_A	189	1	A	268		GLY	2
9NL3_A	190	1	A	269		ALA	2
9NL3_A	191	1	A	270		LEU	2
9NL3_A	192	1	A	271		ASN	2
9NL3_A	193	1	A	272		THR	2
9NL3_A	194	1	A	273		PHE	2
9NL3_A	195	1	A	274		PRO	2
9NL3_A	196	1	A	275		ARG	2
9NL3_A	197	1	A	276		ALA	2
9NL3_A	198	1	A	277		PHE	2
9NL3_A	199	1	A	278		LYS	2
9NL3_A	200	1	A	279		GLN	2
9NL3_A	201	1	A	280		VAL	2
9NL3_A	202	1	A	281		MET	2
9NL3_A	203	1	A	282		GLU	2
9NL3_A	204	1	A	283		GLY	2
9NL3_A	205	1	A	284		ARG	2
9NL3_A	206	1	A	285		ASP	2
9NL3_A	207	1	A	286		ILE	2
9NL3_A	208	1	A	287		LYS	2
9NL3_A	209	1	A	288		LEU	2
9NL3_A	210	1	A	289		VAL	2
9NL3_A	211	1	A	290		ILE	2
9NL3_A	212	1	A	291		ASN	2
9NL3_A	213	1	A	292		GLN	2
9NL3_A	214	1	A	293		THR	2
9NL3_A	215	1	A	294		ALA	2
9NL3_A	216	1	A	295		GLN	2
9NL3_A	217	1	A	296		ASP	2
9NL3_A	218	1	A	297		CYS	2
9NL3_A	219	1	A	298		PHE	2
9NL3_A	220	1	A	299		GLY	2
9NL3_A	221	1	A	300		CYS	2
9NL3_A	222	1	A	301		LEU	2
9NL3_A	223	1	A	302		GLU	2
9NL3_A	224	1	A	303		SER	2
9NL3_A	225	1	A	304		ILE	2
9NL3_A	226	1	A	305		SER	2
9NL3_A	227	1	A	306		GLN	2
9NL3_A	228	1	A	307		ILE	2
9NL3_A	229	1	A	308		ARG	2
9NL3_A	230	1	A	309		THR	2
9NL3_A	231	1	A	310		ALA	2
9NL3_A	232	1	A	311		THR	2
9NL3_A	233	1	A	312		ARG	2
9NL3_A	234	1	A	313		ASP	2
9NL3_A	235	1	A	314		LYS	2
9NL3_A	236	1	A	327		PRO	2
9NL3_A	237	1	A	328		PHE	2
9NL3_A	238	1	A	329		GLN	2
9NL3_A	239	1	A	330		LYS	2
9NL3_A	240	1	A	331		TRP	2
9NL3_A	241	1	A	332		MET	2
9NL3_A	242	1	A	333		LYS	2
9NL3_A	243	1	A	334		ASP	2
9NL3_A	244	1	A	335		ARG	2
9NL3_A	245	1	A	336		ALA	2
9NL3_A	246	1	A	337		ILE	2
9NL3_A	247	1	A	338		LYS	2
9NL3_A	248	1	A	339		LYS	2
9NL3_A	249	1	A	340		GLY	2
9NL3_A	250	1	A	341		ASN	2
9NL3_A	251	1	A	342		TYR	2
9NL3_A	252	1	A	343		LEU	2
9NL3_A	253	1	A	344		ARG	2
9NL3_A	254	1	A	345		PHE	2
9NL3_A	255	1	A	346		GLN	2
9NL3_A	256	1	A	347		ARG	2
9NL3_A	257	1	A	348		LEU	2
9NL3_A	258	1	A	349		PHE	2
9NL3_A	259	1	A	350		TYR	2
9NL3_A	260	1	A	351		LEU	2
9NL3_A	261	1	A	352		ASP	2
9NL3_A	262	1	A	353		ARG	2
9NL3_A	263	1	A	354		GLY	2
9NL3_A	264	1	A	355		LYS	2
9NL3_A	265	1	A	356		LEU	2
9NL3_A	266	1	A	357		ALA	2
9NL3_A	267	1	A	358		LYS	2
9NL3_A	268	1	A	359		ILE	2
9NL3_A	269	1	A	360		ILE	2
9NL3_A	270	1	A	361		LEU	2
9NL3_A	271	1	A	362		ASP	2
9NL3_A	272	1	A	363		ASP	2
9NL3_A	273	1	A	364		ILE	2
9NL3_A	274	1	A	365		GLU	2
9NL3_A	275	1	A	366		CYS	2
9NL3_A	276	1	A	367		LEU	2
9NL3_A	277	1	A	368		SER	2
9NL3_A	278	1	A	369		CYS	2
9NL3_A	279	1	A	370		ASP	2
9NL3_A	280	1	A	371		ILE	2
9NL3_A	281	1	A	372		PRO	2
9NL3_A	282	1	A	373		LEU	2
9NL3_A	283	1	A	374		SER	2
9NL3_A	284	1	A	375		GLU	2
9NL3_A	285	1	A	376		ILE	2
9NL3_A	286	1	A	377		TYR	2
9NL3_A	287	1	A	378		SER	2
9NL3_A	288	1	A	379		VAL	2
9NL3_A	289	1	A	380		PHE	2
9NL3_A	290	1	A	381		LYS	2
9NL3_A	291	1	A	382		THR	2
9NL3_A	292	1	A	383		ARG	2
9NL3_A	293	1	A	384		TRP	2
9NL3_A	294	1	A	385		GLU	2
9NL3_A	295	1	A	386		THR	2
9NL3_A	296	1	A	387		THR	2
9NL3_A	297	1	A	388		GLY	2
9NL3_A	298	1	A	389		SER	2
9NL3_A	299	1	A	390		PHE	2
9NL3_A	300	1	A	391		LYS	2
9NL3_A	301	1	A	392		SER	2
9NL3_A	302	1	A	393		LEU	2
9NL3_A	303	1	A	394		GLY	2
9NL3_A	304	1	A	395		ASP	2
9NL3_A	305	1	A	396		PHE	2
9NL3_A	306	1	A	397		LYS	2
9NL3_A	307	1	A	398		THR	2
9NL3_A	308	1	A	399		TYR	2
9NL3_A	309	1	A	400		GLY	2
9NL3_A	310	1	A	401		LYS	2
9NL3_A	311	1	A	402		ALA	2
9NL3_A	312	1	A	403		ASP	2
9NL3_A	313	1	A	404		ASN	2
9NL3_A	314	1	A	405		THR	2
9NL3_A	315	1	A	406		ALA	2
9NL3_A	316	1	A	407		PHE	2
9NL3_A	317	1	A	408		ARG	2
9NL3_A	318	1	A	409		GLU	2
9NL3_A	319	1	A	410		LEU	2
9NL3_A	320	1	A	411		ILE	2
9NL3_A	321	1	A	412		THR	2
9NL3_A	322	1	A	413		ALA	2
9NL3_A	323	1	A	414		LYS	2
9NL3_A	324	1	A	415		GLU	2
9NL3_A	325	1	A	416		ILE	2
9NL3_A	326	1	A	417		GLU	2
9NL3_A	327	1	A	418		LYS	2
9NL3_A	328	1	A	419		ASN	2
9NL3_A	329	1	A	420		VAL	2
9NL3_A	330	1	A	421		GLN	2
9NL3_A	331	1	A	422		GLU	2
9NL3_A	332	1	A	423		MET	2
9NL3_A	333	1	A	424		SER	2
9NL3_A	334	1	A	425		LYS	2
9NL3_A	335	1	A	426		GLY	2
9NL3_A	336	1	A	427		SER	2
9NL3_A	337	1	A	428		ALA	2
9NL3_A	338	1	A	429		PRO	2
9NL3_A	339	1	A	430		GLY	2
9NL3_A	340	1	A	431		PRO	2
9NL3_A	341	1	A	432		ASP	2
9NL3_A	342	1	A	433		GLY	2
9NL3_A	343	1	A	434		ILE	2
9NL3_A	344	1	A	435		THR	2
9NL3_A	345	1	A	436		LEU	2
9NL3_A	346	1	A	437		GLY	2
9NL3_A	347	1	A	438		ASP	2
9NL3_A	348	1	A	439		VAL	2
9NL3_A	349	1	A	440		VAL	2
9NL3_A	350	1	A	441		LYS	2
9NL3_A	351	1	A	442		MET	2
9NL3_A	352	1	A	443		ASP	2
9NL3_A	353	1	A	444		PRO	2
9NL3_A	354	1	A	445		GLU	2
9NL3_A	355	1	A	446		PHE	2
9NL3_A	356	1	A	447		SER	2
9NL3_A	357	1	A	448		ARG	2
9NL3_A	358	1	A	449		THR	2
9NL3_A	359	1	A	450		MET	2
9NL3_A	360	1	A	451		GLU	2
9NL3_A	361	1	A	452		ILE	2
9NL3_A	362	1	A	453		PHE	2
9NL3_A	363	1	A	454		ASN	2
9NL3_A	364	1	A	455		LEU	2
9NL3_A	365	1	A	456		TRP	2
9NL3_A	366	1	A	457		LEU	2
9NL3_A	367	1	A	458		THR	2
9NL3_A	368	1	A	459		THR	2
9NL3_A	369	1	A	460		GLY	2
9NL3_A	370	1	A	461		LYS	2
9NL3_A	371	1	A	462		ILE	2
9NL3_A	372	1	A	463		PRO	2
9NL3_A	373	1	A	464		ASP	2
9NL3_A	374	1	A	465		MET	2
9NL3_A	375	1	A	466		VAL	2
9NL3_A	376	1	A	467		ARG	2
9NL3_A	377	1	A	468		GLY	2
9NL3_A	378	1	A	469		CYS	2
9NL3_A	379	1	A	470		ARG	2
9NL3_A	380	1	A	471		THR	2
9NL3_A	381	1	A	472		VAL	2
9NL3_A	382	1	A	473		LEU	2
9NL3_A	383	1	A	474		ILE	2
9NL3_A	384	1	A	475		PRO	2
9NL3_A	385	1	A	476		LYS	2
9NL3_A	386	1	A	477		SER	2
9NL3_A	387	1	A	478		SER	2
9NL3_A	388	1	A	479		LYS	2
9NL3_A	389	1	A	480		PRO	2
9NL3_A	390	1	A	481		ASP	2
9NL3_A	391	1	A	482		ARG	2
9NL3_A	392	1	A	483		LEU	2
9NL3_A	393	1	A	484		LYS	2
9NL3_A	394	1	A	485		ASP	2
9NL3_A	395	1	A	486		ILE	2
9NL3_A	396	1	A	487		ASN	2
9NL3_A	397	1	A	488		ASN	2
9NL3_A	398	1	A	489		TRP	2
9NL3_A	399	1	A	490		ARG	2
9NL3_A	400	1	A	491		PRO	2
9NL3_A	401	1	A	492		ILE	2
9NL3_A	402	1	A	493		THR	2
9NL3_A	403	1	A	494		ILE	2
9NL3_A	404	1	A	495		GLY	2
9NL3_A	405	1	A	496		SER	2
9NL3_A	406	1	A	497		ILE	2
9NL3_A	407	1	A	498		LEU	2
9NL3_A	408	1	A	499		LEU	2
9NL3_A	409	1	A	500		ARG	2
9NL3_A	410	1	A	501		LEU	2
9NL3_A	411	1	A	502		PHE	2
9NL3_A	412	1	A	503		SER	2
9NL3_A	413	1	A	504		ARG	2
9NL3_A	414	1	A	505		ILE	2
9NL3_A	415	1	A	506		VAL	2
9NL3_A	416	1	A	507		THR	2
9NL3_A	417	1	A	508		ALA	2
9NL3_A	418	1	A	509		ARG	2
9NL3_A	419	1	A	510		LEU	2
9NL3_A	420	1	A	511		SER	2
9NL3_A	421	1	A	512		LYS	2
9NL3_A	422	1	A	513		ALA	2
9NL3_A	423	1	A	514		CYS	2
9NL3_A	424	1	A	515		PRO	2
9NL3_A	425	1	A	516		LEU	2
9NL3_A	426	1	A	517		ASN	2
9NL3_A	427	1	A	518		PRO	2
9NL3_A	428	1	A	519		ARG	2
9NL3_A	429	1	A	520		GLN	2
9NL3_A	430	1	A	521		ARG	2
9NL3_A	431	1	A	522		GLY	2
9NL3_A	432	1	A	523		PHE	2
9NL3_A	433	1	A	524		ILE	2
9NL3_A	434	1	A	525		ARG	2
9NL3_A	435	1	A	526		ALA	2
9NL3_A	436	1	A	527		ALA	2
9NL3_A	437	1	A	528		GLY	2
9NL3_A	438	1	A	529		CYS	2
9NL3_A	439	1	A	530		SER	2
9NL3_A	440	1	A	531		GLU	2
9NL3_A	441	1	A	532		ASN	2
9NL3_A	442	1	A	533		LEU	2
9NL3_A	443	1	A	534		LYS	2
9NL3_A	444	1	A	535		LEU	2
9NL3_A	445	1	A	536		LEU	2
9NL3_A	446	1	A	537		GLN	2
9NL3_A	447	1	A	538		THR	2
9NL3_A	448	1	A	539		ILE	2
9NL3_A	449	1	A	540		ILE	2
9NL3_A	450	1	A	541		TRP	2
9NL3_A	451	1	A	542		SER	2
9NL3_A	452	1	A	543		ALA	2
9NL3_A	453	1	A	544		LYS	2
9NL3_A	454	1	A	545		ARG	2
9NL3_A	455	1	A	546		GLU	2
9NL3_A	456	1	A	547		HIS	2
9NL3_A	457	1	A	548		ARG	2
9NL3_A	458	1	A	549		PRO	2
9NL3_A	459	1	A	550		LEU	2
9NL3_A	460	1	A	551		GLY	2
9NL3_A	461	1	A	552		VAL	2
9NL3_A	462	1	A	553		VAL	2
9NL3_A	463	1	A	554		PHE	2
9NL3_A	464	1	A	555		VAL	2
9NL3_A	465	1	A	556		ASP	2
9NL3_A	466	1	A	557		ILE	2
9NL3_A	467	1	A	558		ALA	2
9NL3_A	468	1	A	559		LYS	2
9NL3_A	469	1	A	560		ALA	2
9NL3_A	470	1	A	561		PHE	2
9NL3_A	471	1	A	562		ASP	2
9NL3_A	472	1	A	563		THR	2
9NL3_A	473	1	A	564		VAL	2
9NL3_A	474	1	A	565		SER	2
9NL3_A	475	1	A	566		HIS	2
9NL3_A	476	1	A	567		GLN	2
9NL3_A	477	1	A	568		HIS	2
9NL3_A	478	1	A	569		ILE	2
9NL3_A	479	1	A	570		ILE	2
9NL3_A	480	1	A	571		HIS	2
9NL3_A	481	1	A	572		ALA	2
9NL3_A	482	1	A	573		LEU	2
9NL3_A	483	1	A	574		GLN	2
9NL3_A	484	1	A	575		GLN	2
9NL3_A	485	1	A	576		ARG	2
9NL3_A	486	1	A	577		GLU	2
9NL3_A	487	1	A	578		VAL	2
9NL3_A	488	1	A	579		ASP	2
9NL3_A	489	1	A	580		PRO	2
9NL3_A	490	1	A	581		HIS	2
9NL3_A	491	1	A	582		ILE	2
9NL3_A	492	1	A	583		VAL	2
9NL3_A	493	1	A	584		GLY	2
9NL3_A	494	1	A	585		LEU	2
9NL3_A	495	1	A	586		VAL	2
9NL3_A	496	1	A	587		SER	2
9NL3_A	497	1	A	588		ASN	2
9NL3_A	498	1	A	589		MET	2
9NL3_A	499	1	A	590		TYR	2
9NL3_A	500	1	A	591		GLU	2
9NL3_A	501	1	A	592		ASN	2
9NL3_A	502	1	A	593		ILE	2
9NL3_A	503	1	A	594		SER	2
9NL3_A	504	1	A	595		THR	2
9NL3_A	505	1	A	596		TYR	2
9NL3_A	506	1	A	597		ILE	2
9NL3_A	507	1	A	598		THR	2
9NL3_A	508	1	A	599		THR	2
9NL3_A	509	1	A	600		LYS	2
9NL3_A	510	1	A	601		ARG	2
9NL3_A	511	1	A	602		ASN	2
9NL3_A	512	1	A	603		THR	2
9NL3_A	513	1	A	604		HIS	2
9NL3_A	514	1	A	605		THR	2
9NL3_A	515	1	A	606		ASP	2
9NL3_A	516	1	A	607		LYS	2
9NL3_A	517	1	A	608		ILE	2
9NL3_A	518	1	A	609		GLN	2
9NL3_A	519	1	A	610		ILE	2
9NL3_A	520	1	A	611		ARG	2
9NL3_A	521	1	A	612		VAL	2
9NL3_A	522	1	A	613		GLY	2
9NL3_A	523	1	A	614		VAL	2
9NL3_A	524	1	A	615		LYS	2
9NL3_A	525	1	A	616		GLN	2
9NL3_A	526	1	A	617		GLY	2
9NL3_A	527	1	A	618		ASP	2
9NL3_A	528	1	A	619		PRO	2
9NL3_A	529	1	A	620		MET	2
9NL3_A	530	1	A	621		SER	2
9NL3_A	531	1	A	622		PRO	2
9NL3_A	532	1	A	623		LEU	2
9NL3_A	533	1	A	624		LEU	2
9NL3_A	534	1	A	625		PHE	2
9NL3_A	535	1	A	626		ASN	2
9NL3_A	536	1	A	627		LEU	2
9NL3_A	537	1	A	628		ALA	2
9NL3_A	538	1	A	629		MET	2
9NL3_A	539	1	A	630		ASP	2
9NL3_A	540	1	A	631		PRO	2
9NL3_A	541	1	A	632		LEU	2
9NL3_A	542	1	A	633		LEU	2
9NL3_A	543	1	A	634		CYS	2
9NL3_A	544	1	A	635		LYS	2
9NL3_A	545	1	A	636		LEU	2
9NL3_A	546	1	A	637		GLU	2
9NL3_A	547	1	A	638		GLU	2
9NL3_A	548	1	A	639		SER	2
9NL3_A	549	1	A	640		GLY	2
9NL3_A	550	1	A	641		LYS	2
9NL3_A	551	1	A	642		GLY	2
9NL3_A	552	1	A	643		TYR	2
9NL3_A	553	1	A	644		HIS	2
9NL3_A	554	1	A	645		ARG	2
9NL3_A	555	1	A	646		GLY	2
9NL3_A	556	1	A	647		GLN	2
9NL3_A	557	1	A	648		SER	2
9NL3_A	558	1	A	649		SER	2
9NL3_A	559	1	A	650		ILE	2
9NL3_A	560	1	A	651		THR	2
9NL3_A	561	1	A	652		ALA	2
9NL3_A	562	1	A	653		MET	2
9NL3_A	563	1	A	654		ALA	2
9NL3_A	564	1	A	655		PHE	2
9NL3_A	565	1	A	656		ALA	2
9NL3_A	566	1	A	657		ASP	2
9NL3_A	567	1	A	658		ASP	2
9NL3_A	568	1	A	659		LEU	2
9NL3_A	569	1	A	660		VAL	2
9NL3_A	570	1	A	661		LEU	2
9NL3_A	571	1	A	662		LEU	2
9NL3_A	572	1	A	663		SER	2
9NL3_A	573	1	A	664		ASP	2
9NL3_A	574	1	A	665		SER	2
9NL3_A	575	1	A	666		TRP	2
9NL3_A	576	1	A	667		GLU	2
9NL3_A	577	1	A	668		ASN	2
9NL3_A	578	1	A	669		MET	2
9NL3_A	579	1	A	670		ASN	2
9NL3_A	580	1	A	671		THR	2
9NL3_A	581	1	A	672		ASN	2
9NL3_A	582	1	A	673		ILE	2
9NL3_A	583	1	A	674		SER	2
9NL3_A	584	1	A	675		ILE	2
9NL3_A	585	1	A	676		LEU	2
9NL3_A	586	1	A	677		GLU	2
9NL3_A	587	1	A	678		THR	2
9NL3_A	588	1	A	679		PHE	2
9NL3_A	589	1	A	680		CYS	2
9NL3_A	590	1	A	681		ASN	2
9NL3_A	591	1	A	682		LEU	2
9NL3_A	592	1	A	683		THR	2
9NL3_A	593	1	A	684		GLY	2
9NL3_A	594	1	A	685		LEU	2
9NL3_A	595	1	A	686		LYS	2
9NL3_A	596	1	A	687		THR	2
9NL3_A	597	1	A	688		GLN	2
9NL3_A	598	1	A	689		GLY	2
9NL3_A	599	1	A	690		GLN	2
9NL3_A	600	1	A	691		LYS	2
9NL3_A	601	1	A	692		CYS	2
9NL3_A	602	1	A	693		HIS	2
9NL3_A	603	1	A	694		GLY	2
9NL3_A	604	1	A	695		PHE	2
9NL3_A	605	1	A	696		TYR	2
9NL3_A	606	1	A	697		ILE	2
9NL3_A	607	1	A	698		LYS	2
9NL3_A	608	1	A	699		PRO	2
9NL3_A	609	1	A	700		THR	2
9NL3_A	610	1	A	701		LYS	2
9NL3_A	611	1	A	702		ASP	2
9NL3_A	612	1	A	703		SER	2
9NL3_A	613	1	A	704		TYR	2
9NL3_A	614	1	A	705		THR	2
9NL3_A	615	1	A	706		ILE	2
9NL3_A	616	1	A	707		ASN	2
9NL3_A	617	1	A	708		ASP	2
9NL3_A	618	1	A	709		CYS	2
9NL3_A	619	1	A	710		ALA	2
9NL3_A	620	1	A	711		ALA	2
9NL3_A	621	1	A	712		TRP	2
9NL3_A	622	1	A	713		THR	2
9NL3_A	623	1	A	714		ILE	2
9NL3_A	624	1	A	715		ASN	2
9NL3_A	625	1	A	716		GLY	2
9NL3_A	626	1	A	717		THR	2
9NL3_A	627	1	A	718		PRO	2
9NL3_A	628	1	A	719		LEU	2
9NL3_A	629	1	A	720		ASN	2
9NL3_A	630	1	A	721		MET	2
9NL3_A	631	1	A	722		ILE	2
9NL3_A	632	1	A	723		ASP	2
9NL3_A	633	1	A	724		PRO	2
9NL3_A	634	1	A	725		GLY	2
9NL3_A	635	1	A	726		GLU	2
9NL3_A	636	1	A	727		SER	2
9NL3_A	637	1	A	728		GLU	2
9NL3_A	638	1	A	729		LYS	2
9NL3_A	639	1	A	730		TYR	2
9NL3_A	640	1	A	731		LEU	2
9NL3_A	641	1	A	732		GLY	2
9NL3_A	642	1	A	733		LEU	2
9NL3_A	643	1	A	734		GLN	2
9NL3_A	644	1	A	735		PHE	2
9NL3_A	645	1	A	736		ASP	2
9NL3_A	646	1	A	737		PRO	2
9NL3_A	647	1	A	738		TRP	2
9NL3_A	648	1	A	739		ILE	2
9NL3_A	649	1	A	740		GLY	2
9NL3_A	650	1	A	741		ILE	2
9NL3_A	651	1	A	742		ALA	2
9NL3_A	652	1	A	743		ARG	2
9NL3_A	653	1	A	744		SER	2
9NL3_A	654	1	A	745		GLY	2
9NL3_A	655	1	A	746		LEU	2
9NL3_A	656	1	A	747		SER	2
9NL3_A	657	1	A	748		THR	2
9NL3_A	658	1	A	749		LYS	2
9NL3_A	659	1	A	750		LEU	2
9NL3_A	660	1	A	751		ASP	2
9NL3_A	661	1	A	752		PHE	2
9NL3_A	662	1	A	753		TRP	2
9NL3_A	663	1	A	754		LEU	2
9NL3_A	664	1	A	755		GLN	2
9NL3_A	665	1	A	756		ARG	2
9NL3_A	666	1	A	757		ILE	2
9NL3_A	667	1	A	758		ASP	2
9NL3_A	668	1	A	759		GLN	2
9NL3_A	669	1	A	760		ALA	2
9NL3_A	670	1	A	761		PRO	2
9NL3_A	671	1	A	762		LEU	2
9NL3_A	672	1	A	763		LYS	2
9NL3_A	673	1	A	764		PRO	2
9NL3_A	674	1	A	765		LEU	2
9NL3_A	675	1	A	766		GLN	2
9NL3_A	676	1	A	767		LYS	2
9NL3_A	677	1	A	768		THR	2
9NL3_A	678	1	A	769		ASP	2
9NL3_A	679	1	A	770		ILE	2
9NL3_A	680	1	A	771		LEU	2
9NL3_A	681	1	A	772		LYS	2
9NL3_A	682	1	A	773		THR	2
9NL3_A	683	1	A	774		TYR	2
9NL3_A	684	1	A	775		THR	2
9NL3_A	685	1	A	776		ILE	2
9NL3_A	686	1	A	777		PRO	2
9NL3_A	687	1	A	778		ARG	2
9NL3_A	688	1	A	779		LEU	2
9NL3_A	689	1	A	780		ILE	2
9NL3_A	690	1	A	781		TYR	2
9NL3_A	691	1	A	782		ILE	2
9NL3_A	692	1	A	783		ALA	2
9NL3_A	693	1	A	784		ASP	2
9NL3_A	694	1	A	785		HIS	2
9NL3_A	695	1	A	786		SER	2
9NL3_A	696	1	A	787		GLU	2
9NL3_A	697	1	A	788		VAL	2
9NL3_A	698	1	A	789		LYS	2
9NL3_A	699	1	A	790		THR	2
9NL3_A	700	1	A	791		ALA	2
9NL3_A	701	1	A	792		LEU	2
9NL3_A	702	1	A	793		LEU	2
9NL3_A	703	1	A	794		GLU	2
9NL3_A	704	1	A	795		THR	2
9NL3_A	705	1	A	796		LEU	2
9NL3_A	706	1	A	797		ASP	2
9NL3_A	707	1	A	798		GLN	2
9NL3_A	708	1	A	799		LYS	2
9NL3_A	709	1	A	800		ILE	2
9NL3_A	710	1	A	801		ARG	2
9NL3_A	711	1	A	802		THR	2
9NL3_A	712	1	A	803		ALA	2
9NL3_A	713	1	A	804		VAL	2
9NL3_A	714	1	A	805		LYS	2
9NL3_A	715	1	A	806		GLU	2
9NL3_A	716	1	A	807		TRP	2
9NL3_A	717	1	A	808		LEU	2
9NL3_A	718	1	A	809		HIS	2
9NL3_A	719	1	A	810		LEU	2
9NL3_A	720	1	A	811		PRO	2
9NL3_A	721	1	A	812		PRO	2
9NL3_A	722	1	A	813		CYS	2
9NL3_A	723	1	A	814		THR	2
9NL3_A	724	1	A	815		CYS	2
9NL3_A	725	1	A	816		ASP	2
9NL3_A	726	1	A	817		ALA	2
9NL3_A	727	1	A	818		ILE	2
9NL3_A	728	1	A	819		LEU	2
9NL3_A	729	1	A	820		TYR	2
9NL3_A	730	1	A	821		SER	2
9NL3_A	731	1	A	822		SER	2
9NL3_A	732	1	A	823		THR	2
9NL3_A	733	1	A	824		ARG	2
9NL3_A	734	1	A	825		ASP	2
9NL3_A	735	1	A	826		GLY	2
9NL3_A	736	1	A	827		GLY	2
9NL3_A	737	1	A	828		LEU	2
9NL3_A	738	1	A	829		GLY	2
9NL3_A	739	1	A	830		ILE	2
9NL3_A	740	1	A	831		THR	2
9NL3_A	741	1	A	832		LYS	2
9NL3_A	742	1	A	833		LEU	2
9NL3_A	743	1	A	834		ALA	2
9NL3_A	744	1	A	835		GLY	2
9NL3_A	745	1	A	836		LEU	2
9NL3_A	746	1	A	837		ILE	2
9NL3_A	747	1	A	838		PRO	2
9NL3_A	748	1	A	839		SER	2
9NL3_A	749	1	A	840		VAL	2
9NL3_A	750	1	A	841		GLN	2
9NL3_A	751	1	A	842		ALA	2
9NL3_A	752	1	A	843		ARG	2
9NL3_A	753	1	A	844		ARG	2
9NL3_A	754	1	A	845		LEU	2
9NL3_A	755	1	A	846		HIS	2
9NL3_A	756	1	A	847		ARG	2
9NL3_A	757	1	A	848		ILE	2
9NL3_A	758	1	A	849		ALA	2
9NL3_A	759	1	A	850		GLN	2
9NL3_A	760	1	A	851		SER	2
9NL3_A	761	1	A	852		SER	2
9NL3_A	762	1	A	853		ASP	2
9NL3_A	763	1	A	854		ASP	2
9NL3_A	764	1	A	855		THR	2
9NL3_A	765	1	A	856		MET	2
9NL3_A	766	1	A	857		LYS	2
9NL3_A	767	1	A	858		CYS	2
9NL3_A	768	1	A	859		PHE	2
9NL3_A	769	1	A	860		MET	2
9NL3_A	770	1	A	861		GLU	2
9NL3_A	771	1	A	862		LYS	2
9NL3_A	772	1	A	863		GLU	2
9NL3_A	773	1	A	864		LYS	2
9NL3_A	774	1	A	865		MET	2
9NL3_A	775	1	A	866		GLU	2
9NL3_A	776	1	A	867		GLN	2
9NL3_A	777	1	A	868		LEU	2
9NL3_A	778	1	A	869		HIS	2
9NL3_A	779	1	A	870		LYS	2
9NL3_A	780	1	A	871		LYS	2
9NL3_A	781	1	A	872		LEU	2
9NL3_A	782	1	A	873		TRP	2
9NL3_A	783	1	A	874		ILE	2
9NL3_A	784	1	A	875		GLN	2
9NL3_A	785	1	A	876		ALA	2
9NL3_A	786	1	A	877		GLY	2
9NL3_A	787	1	A	878		GLY	2
9NL3_A	788	1	A	879		ASP	2
9NL3_A	789	1	A	880		ARG	2
9NL3_A	790	1	A	881		GLU	2
9NL3_A	791	1	A	882		ASN	2
9NL3_A	792	1	A	883		ILE	2
9NL3_A	793	1	A	884		PRO	2
9NL3_A	794	1	A	885		SER	2
9NL3_A	795	1	A	886		ILE	2
9NL3_A	796	1	A	887		TRP	2
9NL3_A	797	1	A	888		GLU	2
9NL3_A	798	1	A	889		ALA	2
9NL3_A	799	1	A	890		PRO	2
9NL3_A	800	1	A	891		PRO	2
9NL3_A	801	1	A	892		SER	2
9NL3_A	802	1	A	893		SER	2
9NL3_A	803	1	A	894		GLU	2
9NL3_A	804	1	A	895		PRO	2
9NL3_A	805	1	A	896		PRO	2
9NL3_A	806	1	A	897		ASN	2
9NL3_A	807	1	A	898		ASN	2
9NL3_A	808	1	A	899		VAL	2
9NL3_A	809	1	A	900		SER	2
9NL3_A	810	1	A	901		THR	2
9NL3_A	811	1	A	902		ASN	2
9NL3_A	812	1	A	903		SER	2
9NL3_A	813	1	A	904		GLU	2
9NL3_A	814	1	A	905		TRP	2
9NL3_A	815	1	A	906		GLU	2
9NL3_A	816	1	A	907		ALA	2
9NL3_A	817	1	A	908		PRO	2
9NL3_A	818	1	A	909		THR	2
9NL3_A	819	1	A	910		GLN	2
9NL3_A	820	1	A	911		LYS	2
9NL3_A	821	1	A	912		ASP	2
9NL3_A	822	1	A	913		LYS	2
9NL3_A	823	1	A	914		PHE	2
9NL3_A	824	1	A	915		PRO	2
9NL3_A	825	1	A	916		LYS	2
9NL3_A	826	1	A	917		PRO	2
9NL3_A	827	1	A	918		CYS	2
9NL3_A	828	1	A	919		ASN	2
9NL3_A	829	1	A	920		TRP	2
9NL3_A	830	1	A	921		ARG	2
9NL3_A	831	1	A	922		LYS	2
9NL3_A	832	1	A	923		ASN	2
9NL3_A	833	1	A	924		GLU	2
9NL3_A	834	1	A	925		PHE	2
9NL3_A	835	1	A	926		LYS	2
9NL3_A	836	1	A	927		LYS	2
9NL3_A	837	1	A	928		TRP	2
9NL3_A	838	1	A	929		THR	2
9NL3_A	839	1	A	930		LYS	2
9NL3_A	840	1	A	931		LEU	2
9NL3_A	841	1	A	932		ALA	2
9NL3_A	842	1	A	933		SER	2
9NL3_A	843	1	A	934		GLN	2
9NL3_A	844	1	A	935		GLY	2
9NL3_A	845	1	A	936		ARG	2
9NL3_A	846	1	A	937		GLY	2
9NL3_A	847	1	A	938		ILE	2
9NL3_A	848	1	A	939		VAL	2
9NL3_A	849	1	A	940		ASN	2
9NL3_A	850	1	A	941		PHE	2
9NL3_A	851	1	A	942		GLU	2
9NL3_A	852	1	A	943		ARG	2
9NL3_A	853	1	A	944		ASP	2
9NL3_A	854	1	A	945		LYS	2
9NL3_A	855	1	A	946		ILE	2
9NL3_A	856	1	A	947		SER	2
9NL3_A	857	1	A	948		ASN	2
9NL3_A	858	1	A	949		HIS	4
9NL3_A	859	1	A	950		TRP	4
9NL3_A	860	1	A	951		ILE	4
9NL3_A	861	1	A	952		GLN	4
9NL3_A	862	1	A	953		TYR	4
9NL3_A	863	1	A	954		TYR	4
9NL3_A	864	1	A	955		ARG	4
9NL3_A	865	1	A	956		ARG	4
9NL3_A	866	1	A	957		ILE	4
9NL3_A	867	1	A	958		PRO	4
9NL3_A	868	1	A	959		HIS	4
9NL3_A	869	1	A	960		ARG	4
9NL3_A	870	1	A	961		LYS	4
9NL3_A	871	1	A	962		LEU	4
9NL3_A	872	1	A	963		LEU	4
9NL3_A	873	1	A	964		THR	4
9NL3_A	874	1	A	965		ALA	4
9NL3_A	875	1	A	966		LEU	4
9NL3_A	876	1	A	967		GLN	4
9NL3_A	877	1	A	968		LEU	4
9NL3_A	878	1	A	969		ARG	4
9NL3_A	879	1	A	970		ALA	4
9NL3_A	880	1	A	971		ASN	4
9NL3_A	881	1	A	972		VAL	4
9NL3_A	882	1	A	973		TYR	4
9NL3_A	883	1	A	974		PRO	4
9NL3_A	884	1	A	975		THR	4
9NL3_A	885	1	A	976		ARG	4
9NL3_A	886	1	A	977		GLU	4
9NL3_A	887	1	A	978		PHE	4
9NL3_A	888	1	A	979		LEU	4
9NL3_A	889	1	A	980		ALA	4
9NL3_A	890	1	A	981		ARG	4
9NL3_A	891	1	A	982		GLY	4
9NL3_A	892	1	A	983		ARG	4
9NL3_A	893	1	A	984		GLN	4
9NL3_A	894	1	A	985		ASP	4
9NL3_A	895	1	A	986		GLN	4
9NL3_A	896	1	A	987		TYR	4
9NL3_A	897	1	A	988		ILE	4
9NL3_A	898	1	A	989		LYS	4
9NL3_A	899	1	A	990		ALA	4
9NL3_A	900	1	A	991		CYS	4
9NL3_A	901	1	A	992		ARG	4
9NL3_A	902	1	A	993		HIS	4
9NL3_A	903	1	A	994		CYS	4
9NL3_A	904	1	A	995		ASP	4
9NL3_A	905	1	A	996		ALA	4
9NL3_A	906	1	A	997		ASP	4
9NL3_A	907	1	A	998		ILE	4
9NL3_A	908	1	A	999		GLU	4
9NL3_A	909	1	A	1000		SER	4
9NL3_A	910	1	A	1001		CYS	4
9NL3_A	911	1	A	1002		ALA	4
9NL3_A	912	1	A	1003		HIS	4
9NL3_A	913	1	A	1004		ILE	4
9NL3_A	914	1	A	1005		ILE	4
9NL3_A	915	1	A	1006		GLY	4
9NL3_A	916	1	A	1007		ASN	4
9NL3_A	917	1	A	1008		CYS	4
9NL3_A	918	1	A	1009		PRO	4
9NL3_A	919	1	A	1010		VAL	4
9NL3_A	920	1	A	1011		THR	4
9NL3_A	921	1	A	1012		GLN	4
9NL3_A	922	1	A	1013		ASP	4
9NL3_A	923	1	A	1014		ALA	4
9NL3_A	924	1	A	1015		ARG	4
9NL3_A	925	1	A	1016		ILE	4
9NL3_A	926	1	A	1017		LYS	4
9NL3_A	927	1	A	1018		ARG	4
9NL3_A	928	1	A	1019		HIS	4
9NL3_A	929	1	A	1020		ASN	4
9NL3_A	930	1	A	1021		TYR	4
9NL3_A	931	1	A	1022		ILE	4
9NL3_A	932	1	A	1023		CYS	5
9NL3_A	933	1	A	1024		GLU	5
9NL3_A	934	1	A	1025		LEU	5
9NL3_A	935	1	A	1026		LEU	5
9NL3_A	936	1	A	1027		LEU	5
9NL3_A	937	1	A	1028		GLU	5
9NL3_A	938	1	A	1029		GLU	5
9NL3_A	939	1	A	1030		ALA	5
9NL3_A	940	1	A	1031		LYS	5
9NL3_A	941	1	A	1032		LYS	5
9NL3_A	942	1	A	1033		LYS	5
9NL3_A	943	1	A	1034		ASP	5
9NL3_A	944	1	A	1035		TRP	5
9NL3_A	945	1	A	1036		VAL	5
9NL3_A	946	1	A	1037		VAL	5
9NL3_A	947	1	A	1038		PHE	5
9NL3_A	948	1	A	1039		LYS	5
9NL3_A	949	1	A	1040		GLU	5
9NL3_A	950	1	A	1041		PRO	5
9NL3_A	951	1	A	1042		HIS	5
9NL3_A	952	1	A	1043		ILE	5
9NL3_A	953	1	A	1044		ARG	5
9NL3_A	954	1	A	1045		ASP	5
9NL3_A	955	1	A	1046		SER	5
9NL3_A	956	1	A	1047		ASN	5
9NL3_A	957	1	A	1048		LYS	5
9NL3_A	958	1	A	1049		GLU	5
9NL3_A	959	1	A	1050		LEU	5
9NL3_A	960	1	A	1051		TYR	5
9NL3_A	961	1	A	1052		LYS	5
9NL3_A	962	1	A	1053		PRO	5
9NL3_A	963	1	A	1054		ASP	5
9NL3_A	964	1	A	1055		LEU	5
9NL3_A	965	1	A	1056		ILE	5
9NL3_A	966	1	A	1057		PHE	5
9NL3_A	967	1	A	1058		VAL	5
9NL3_A	968	1	A	1059		LYS	5
9NL3_A	969	1	A	1060		ASP	5
9NL3_A	970	1	A	1061		ALA	5
9NL3_A	971	1	A	1062		ARG	5
9NL3_A	972	1	A	1063		ALA	5
9NL3_A	973	1	A	1064		LEU	5
9NL3_A	974	1	A	1065		VAL	5
9NL3_A	975	1	A	1066		VAL	5
9NL3_A	976	1	A	1067		ASP	5
9NL3_A	977	1	A	1068		VAL	5
9NL3_A	978	1	A	1069		THR	5
9NL3_A	979	1	A	1070		VAL	5
9NL3_A	980	1	A	1071		ARG	5
9NL3_A	981	1	A	1072		TYR	5
9NL3_A	982	1	A	1073		GLU	5
9NL3_A	983	1	A	1074		ALA	5
9NL3_A	984	1	A	1075		ALA	5
9NL3_A	985	1	A	1076		LYS	5
9NL3_A	986	1	A	1077		SER	5
9NL3_A	987	1	A	1078		SER	5
9NL3_A	988	1	A	1079		LEU	5
9NL3_A	989	1	A	1080		GLU	5
9NL3_A	990	1	A	1081		GLU	5
9NL3_A	991	1	A	1082		ALA	5
9NL3_A	992	1	A	1083		ALA	5
9NL3_A	993	1	A	1084		ALA	5
9NL3_A	994	1	A	1085		GLU	5
9NL3_A	995	1	A	1086		LYS	5
9NL3_A	996	1	A	1087		VAL	5
9NL3_A	997	1	A	1088		ARG	5
9NL3_A	998	1	A	1089		LYS	5
9NL3_A	999	1	A	1090		TYR	5
9NL3_A	1000	1	A	1091		LYS	5
9NL3_A	1001	1	A	1092		HIS	5
9NL3_A	1002	1	A	1093		LEU	5
9NL3_A	1003	1	A	1094		GLU	5
9NL3_A	1004	1	A	1095		THR	5
9NL3_A	1005	1	A	1096		GLU	5
9NL3_A	1006	1	A	1097		VAL	5
9NL3_A	1007	1	A	1098		ARG	5
9NL3_A	1008	1	A	1099		HIS	5
9NL3_A	1009	1	A	1100		LEU	5
9NL3_A	1010	1	A	1101		THR	5
9NL3_A	1011	1	A	1102		ASN	5
9NL3_A	1012	1	A	1103		ALA	5
9NL3_A	1013	1	A	1104		LYS	5
9NL3_A	1014	1	A	1105		ASP	5
9NL3_A	1015	1	A	1106		VAL	5
9NL3_A	1016	1	A	1107		THR	5
9NL3_A	1017	1	A	1108		PHE	5
9NL3_A	1018	1	A	1109		VAL	5
9NL3_A	1019	1	A	1110		GLY	5
9NL3_A	1020	1	A	1111		PHE	5
9NL3_A	1021	1	A	1112		PRO	5
9NL3_A	1022	1	A	1113		LEU	5
9NL3_A	1023	1	A	1114		GLY	5
9NL3_A	1024	1	A	1115		ALA	5
9NL3_A	1025	1	A	1116		ARG	5
9NL3_A	1026	1	A	1117		GLY	5
9NL3_A	1027	1	A	1118		LYS	5
9NL3_A	1028	1	A	1119		TRP	5
9NL3_A	1029	1	A	1120		HIS	5
9NL3_A	1030	1	A	1121		GLN	5
9NL3_A	1031	1	A	1122		ASP	5
9NL3_A	1032	1	A	1123		ASN	5
9NL3_A	1033	1	A	1124		PHE	5
9NL3_A	1034	1	A	1125		LYS	5
9NL3_A	1035	1	A	1126		LEU	5
9NL3_A	1036	1	A	1127		LEU	5
9NL3_A	1037	1	A	1128		THR	5
9NL3_A	1038	1	A	1129		GLU	5
9NL3_A	1039	1	A	1130		LEU	5
9NL3_A	1040	1	A	1131		GLY	5
9NL3_A	1041	1	A	1132		LEU	5
9NL3_A	1042	1	A	1133		SER	5
9NL3_A	1043	1	A	1134		LYS	5
9NL3_A	1044	1	A	1135		SER	5
9NL3_A	1045	1	A	1136		ARG	5
9NL3_A	1046	1	A	1137		GLN	5
9NL3_A	1047	1	A	1138		VAL	5
9NL3_A	1048	1	A	1139		LYS	5
9NL3_A	1049	1	A	1140		MET	5
9NL3_A	1050	1	A	1141		ALA	5
9NL3_A	1051	1	A	1142		GLU	5
9NL3_A	1052	1	A	1143		THR	5
9NL3_A	1053	1	A	1144		PHE	4
9NL3_A	1054	1	A	1145		SER	4
9NL3_A	1055	1	A	1146		THR	4
9NL3_A	1056	1	A	1147		VAL	4
9NL3_A	1057	1	A	1148		ALA	4
9NL3_A	1058	1	A	1149		LEU	4
9NL3_A	1059	1	A	1150		PHE	4
9NL3_A	1060	1	A	1151		SER	4
9NL3_A	1061	1	A	1152		SER	4
9NL3_A	1062	1	A	1153		VAL	4
9NL3_A	1063	1	A	1154		ASP	4
9NL3_A	1064	1	A	1155		ILE	4
9NL3_A	1065	1	A	1156		VAL	4
9NL3_A	1066	1	A	1157		HIS	4
9NL3_A	1067	1	A	1158		MET	4
9NL3_A	1068	1	A	1159		PHE	4
9NL3_A	1069	1	A	1160		ALA	4
9NL3_A	1070	1	A	1161		SER	4
9NL3_A	1071	1	A	1162		ARG	4
9NL3_A	1072	1	A	1163		ALA	4
9NL3_A	1073	1	A	1164		ARG	4
9NL3_A	1074	1	A	1165		LYS	4
9NL3_A	1075	1	A	1166		SER	4
9NL3_A	1076	1	A	1167		MET	4
9NL3_A	1077	1	A	1168		VAL	4
9NL3_A	1078	1	A	1169		MET	4
9NNB_B	0	1	B	1		MET	1
9NNB_B	1	1	B	2		SER	1
9NNB_B	2	1	B	3		VAL	1
9NNB_B	3	1	B	4		ILE	1
9NNB_B	4	1	B	5		ARG	1
9NNB_B	5	1	B	6		GLY	1
9NNB_B	6	1	B	7		LEU	1
9NNB_B	7	1	B	8		ALA	1
9NNB_B	8	1	B	9		ALA	1
9NNB_B	9	1	B	10		VAL	1
9NNB_B	10	1	B	11		LEU	1
9NNB_B	11	1	B	12		ARG	1
9NNB_B	12	1	B	13		GLN	1
9NNB_B	13	1	B	14		SER	1
9NNB_B	14	1	B	15		ASP	1
9NNB_B	15	1	B	16		SER	1
9NNB_B	16	1	B	17		ASP	1
9NNB_B	17	1	B	18		ILE	1
9NNB_B	18	1	B	19		SER	1
9NNB_B	19	1	B	20		ALA	1
9NNB_B	20	1	B	21		PHE	1
9NNB_B	21	1	B	22		LEU	1
9NNB_B	22	1	B	23		VAL	1
9NNB_B	23	1	B	24		THR	1
9NNB_B	24	1	B	25		ALA	1
9NNB_B	25	1	B	26		PRO	1
9NNB_B	26	1	B	27		ARG	1
9NNB_B	27	1	B	28		LYS	1
9NNB_B	28	1	B	29		TYR	1
9NNB_B	29	1	B	30		LYS	1
9NNB_B	30	1	B	31		VAL	1
9NNB_B	31	1	B	32		TYR	1
9NNB_B	32	1	B	33		LYS	1
9NNB_B	33	1	B	34		ILE	1
9NNB_B	34	1	B	35		PRO	1
9NNB_B	35	1	B	36		LYS	1
9NNB_B	36	1	B	37		ARG	1
9NNB_B	37	1	B	38		THR	1
9NNB_B	38	1	B	39		THR	1
9NNB_B	39	1	B	40		GLY	1
9NNB_B	40	1	B	41		PHE	1
9NNB_B	41	1	B	42		ARG	1
9NNB_B	42	1	B	43		VAL	1
9NNB_B	43	1	B	44		ILE	1
9NNB_B	44	1	B	45		ALA	1
9NNB_B	45	1	B	46		GLN	1
9NNB_B	46	1	B	47		PRO	1
9NNB_B	47	1	B	48		ALA	1
9NNB_B	48	1	B	49		LYS	1
9NNB_B	49	1	B	50		GLY	1
9NNB_B	50	1	B	51		LEU	1
9NNB_B	51	1	B	52		LYS	1
9NNB_B	52	1	B	53		ASP	1
9NNB_B	53	1	B	54		ILE	1
9NNB_B	54	1	B	55		GLN	1
9NNB_B	55	1	B	56		ARG	1
9NNB_B	56	1	B	57		ALA	1
9NNB_B	57	1	B	58		PHE	1
9NNB_B	58	1	B	59		VAL	1
9NNB_B	59	1	B	60		GLN	1
9NNB_B	60	1	B	61		LEU	1
9NNB_B	61	1	B	62		TYR	2
9NNB_B	62	1	B	63		SER	2
9NNB_B	63	1	B	64		LEU	2
9NNB_B	64	1	B	65		PRO	2
9NNB_B	65	1	B	66		VAL	2
9NNB_B	66	1	B	67		HIS	2
9NNB_B	67	1	B	68		ASP	2
9NNB_B	68	1	B	69		ALA	2
9NNB_B	69	1	B	70		SER	2
9NNB_B	70	1	B	71		MET	2
9NNB_B	71	1	B	72		ALA	2
9NNB_B	72	1	B	73		TYR	2
9NNB_B	73	1	B	74		MET	2
9NNB_B	74	1	B	75		LYS	2
9NNB_B	75	1	B	76		GLY	2
9NNB_B	76	1	B	77		LYS	2
9NNB_B	77	1	B	78		GLY	2
9NNB_B	78	1	B	79		ILE	2
9NNB_B	79	1	B	80		ARG	2
9NNB_B	80	1	B	81		ASP	2
9NNB_B	81	1	B	82		ASN	2
9NNB_B	82	1	B	83		ALA	2
9NNB_B	83	1	B	84		ALA	2
9NNB_B	84	1	B	85		ALA	2
9NNB_B	85	1	B	86		HIS	2
9NNB_B	86	1	B	87		ALA	2
9NNB_B	87	1	B	88		GLY	2
9NNB_B	88	1	B	89		ASN	2
9NNB_B	89	1	B	90		GLN	2
9NNB_B	90	1	B	91		TYR	2
9NNB_B	91	1	B	92		LEU	2
9NNB_B	92	1	B	93		LEU	2
9NNB_B	93	1	B	94		LYS	2
9NNB_B	94	1	B	95		ALA	2
9NNB_B	95	1	B	96		ASP	2
9NNB_B	96	1	B	97		LEU	2
9NNB_B	97	1	B	98		GLU	2
9NNB_B	98	1	B	99		ASP	2
9NNB_B	99	1	B	100		PHE	2
9NNB_B	100	1	B	101		PHE	1
9NNB_B	101	1	B	102		ASN	1
9NNB_B	102	1	B	103		SER	1
9NNB_B	103	1	B	104		ILE	1
9NNB_B	104	1	B	105		THR	1
9NNB_B	105	1	B	106		PRO	1
9NNB_B	106	1	B	107		ALA	1
9NNB_B	107	1	B	108		ILE	1
9NNB_B	108	1	B	109		PHE	1
9NNB_B	109	1	B	110		TRP	1
9NNB_B	110	1	B	111		ARG	1
9NNB_B	111	1	B	112		CYS	1
9NNB_B	112	1	B	113		ILE	1
9NNB_B	113	1	B	114		GLU	1
9NNB_B	114	1	B	115		MET	1
9NNB_B	115	1	B	116		SER	1
9NNB_B	116	1	B	117		SER	1
9NNB_B	117	1	B	118		ALA	1
9NNB_B	118	1	B	119		GLN	1
9NNB_B	119	1	B	120		THR	1
9NNB_B	120	1	B	121		PRO	1
9NNB_B	121	1	B	122		GLN	1
9NNB_B	122	1	B	123		PHE	1
9NNB_B	123	1	B	124		GLU	1
9NNB_B	124	1	B	125		PRO	1
9NNB_B	125	1	B	126		GLN	1
9NNB_B	126	1	B	127		ASP	1
9NNB_B	127	1	B	128		LYS	1
9NNB_B	128	1	B	129		LEU	1
9NNB_B	129	1	B	130		PHE	1
9NNB_B	130	1	B	131		ILE	1
9NNB_B	131	1	B	132		GLU	1
9NNB_B	132	1	B	133		LYS	1
9NNB_B	133	1	B	134		ILE	1
9NNB_B	134	1	B	135		LEU	1
9NNB_B	135	1	B	136		PHE	1
9NNB_B	136	1	B	137		TRP	1
9NNB_B	137	1	B	138		GLN	1
9NNB_B	138	1	B	139		PRO	1
9NNB_B	139	1	B	140		ILE	1
9NNB_B	140	1	B	141		LYS	1
9NNB_B	141	1	B	142		ARG	1
9NNB_B	142	1	B	143		ARG	1
9NNB_B	143	1	B	144		LYS	1
9NNB_B	144	1	B	145		THR	1
9NNB_B	145	1	B	146		LYS	1
9NNB_B	146	1	B	147		LEU	1
9NNB_B	147	1	B	148		ILE	1
9NNB_B	148	1	B	149		LEU	1
9NNB_B	149	1	B	150		SER	1
9NNB_B	150	1	B	151		VAL	1
9NNB_B	151	1	B	152		GLY	1
9NNB_B	152	1	B	153		ALA	1
9NNB_B	153	1	B	154		PRO	1
9NNB_B	154	1	B	155		SER	1
9NNB_B	155	1	B	156		SER	1
9NNB_B	156	1	B	157		PRO	1
9NNB_B	157	1	B	158		VAL	1
9NNB_B	158	1	B	159		ILE	1
9NNB_B	159	1	B	160		SER	2
9NNB_B	160	1	B	161		ASN	2
9NNB_B	161	1	B	162		PHE	2
9NNB_B	162	1	B	163		CYS	2
9NNB_B	163	1	B	164		MET	2
9NNB_B	164	1	B	165		TYR	2
9NNB_B	165	1	B	166		GLU	2
9NNB_B	166	1	B	167		PHE	2
9NNB_B	167	1	B	168		ASP	2
9NNB_B	168	1	B	169		ASN	2
9NNB_B	169	1	B	170		ARG	2
9NNB_B	170	1	B	171		ILE	2
9NNB_B	171	1	B	172		HIS	2
9NNB_B	172	1	B	173		ALA	2
9NNB_B	173	1	B	174		ALA	2
9NNB_B	174	1	B	175		CYS	2
9NNB_B	175	1	B	176		LYS	2
9NNB_B	176	1	B	177		LYS	2
9NNB_B	177	1	B	178		VAL	2
9NNB_B	178	1	B	179		GLU	2
9NNB_B	179	1	B	180		ILE	2
9NNB_B	180	1	B	181		THR	2
9NNB_B	181	1	B	182		TYR	2
9NNB_B	182	1	B	183		THR	2
9NNB_B	183	1	B	184		ARG	2
9NNB_B	184	1	B	185		TYR	2
9NNB_B	185	1	B	186		ALA	2
9NNB_B	186	1	B	187		ASP	2
9NNB_B	187	1	B	188		ASP	2
9NNB_B	188	1	B	189		LEU	2
9NNB_B	189	1	B	190		THR	2
9NNB_B	190	1	B	191		PHE	2
9NNB_B	191	1	B	192		SER	2
9NNB_B	192	1	B	193		SER	2
9NNB_B	193	1	B	194		ASN	2
9NNB_B	194	1	B	195		ILE	2
9NNB_B	195	1	B	196		PRO	2
9NNB_B	196	1	B	197		ASP	2
9NNB_B	197	1	B	198		VAL	2
9NNB_B	198	1	B	199		LEU	2
9NNB_B	199	1	B	200		LYS	2
9NNB_B	200	1	B	201		ALA	2
9NNB_B	201	1	B	202		VAL	2
9NNB_B	202	1	B	203		PRO	2
9NNB_B	203	1	B	204		SER	2
9NNB_B	204	1	B	205		THR	2
9NNB_B	205	1	B	206		LEU	2
9NNB_B	206	1	B	207		GLU	2
9NNB_B	207	1	B	208		VAL	2
9NNB_B	208	1	B	209		LEU	2
9NNB_B	209	1	B	210		LEU	2
9NNB_B	210	1	B	211		LYS	2
9NNB_B	211	1	B	212		ASP	2
9NNB_B	212	1	B	213		LEU	2
9NNB_B	213	1	B	214		PHE	2
9NNB_B	214	1	B	215		GLY	2
9NNB_B	215	1	B	216		SER	2
9NNB_B	216	1	B	217		ALA	2
9NNB_B	217	1	B	218		LEU	2
9NNB_B	218	1	B	219		ARG	2
9NNB_B	219	1	B	220		LEU	2
9NNB_B	220	1	B	221		ASN	2
9NNB_B	221	1	B	222		HIS	2
9NNB_B	222	1	B	223		SER	2
9NNB_B	223	1	B	224		LYS	2
9NNB_B	224	1	B	225		THR	2
9NNB_B	225	1	B	226		VAL	2
9NNB_B	226	1	B	227		PHE	2
9NNB_B	227	1	B	228		SER	2
9NNB_B	228	1	B	229		SER	2
9NNB_B	229	1	B	230		LYS	2
9NNB_B	230	1	B	231		ALA	2
9NNB_B	231	1	B	232		HIS	2
9NNB_B	232	1	B	233		ASN	2
9NNB_B	233	1	B	234		ARG	2
9NNB_B	234	1	B	235		HIS	2
9NNB_B	235	1	B	236		VAL	2
9NNB_B	236	1	B	237		THR	2
9NNB_B	237	1	B	238		GLY	2
9NNB_B	238	1	B	239		ILE	2
9NNB_B	239	1	B	240		THR	2
9NNB_B	240	1	B	241		ILE	2
9NNB_B	241	1	B	242		ASN	2
9NNB_B	242	1	B	243		ASN	2
9NNB_B	243	1	B	244		GLU	2
9NNB_B	244	1	B	245		GLU	2
9NNB_B	245	1	B	246		THR	2
9NNB_B	246	1	B	247		LEU	2
9NNB_B	247	1	B	248		SER	2
9NNB_B	248	1	B	249		LEU	3
9NNB_B	249	1	B	250		GLY	3
9NNB_B	250	1	B	251		ARG	3
9NNB_B	251	1	B	252		ASP	3
9NNB_B	252	1	B	253		ARG	3
9NNB_B	253	1	B	254		LYS	3
9NNB_B	254	1	B	255		ARG	3
9NNB_B	255	1	B	256		PHE	3
9NNB_B	256	1	B	257		ILE	3
9NNB_B	257	1	B	258		LYS	3
9NNB_B	258	1	B	259		HIS	3
9NNB_B	259	1	B	260		LEU	3
9NNB_B	260	1	B	261		ILE	3
9NNB_B	261	1	B	262		ASN	3
9NNB_B	262	1	B	263		GLN	3
9NNB_B	263	1	B	264		TYR	3
9NNB_B	264	1	B	265		LYS	3
9NNB_B	265	1	B	266		TYR	3
9NNB_B	266	1	B	267		GLY	3
9NNB_B	267	1	B	268		LEU	3
9NNB_B	268	1	B	269		LEU	3
9NNB_B	269	1	B	270		ASP	3
9NNB_B	270	1	B	271		ASN	3
9NNB_B	271	1	B	272		GLU	3
9NNB_B	272	1	B	273		ASP	3
9NNB_B	273	1	B	274		LYS	3
9NNB_B	274	1	B	275		ALA	3
9NNB_B	275	1	B	276		TYR	3
9NNB_B	276	1	B	277		LEU	3
9NNB_B	277	1	B	278		ILE	3
9NNB_B	278	1	B	279		GLY	3
9NNB_B	279	1	B	280		LEU	3
9NNB_B	280	1	B	281		LEU	3
9NNB_B	281	1	B	282		ALA	3
9NNB_B	282	1	B	283		PHE	3
9NNB_B	283	1	B	284		ALA	3
9NNB_B	284	1	B	285		SER	3
9NNB_B	285	1	B	286		HIS	3
9NNB_B	286	1	B	287		ILE	3
9NNB_B	287	1	B	288		GLU	3
9NNB_B	288	1	B	289		PRO	3
9NNB_B	289	1	B	290		SER	3
9NNB_B	290	1	B	291		PHE	3
9NNB_B	291	1	B	292		ILE	3
9NNB_B	292	1	B	293		THR	3
9NNB_B	293	1	B	294		ARG	3
9NNB_B	294	1	B	295		MET	3
9NNB_B	295	1	B	296		ASN	3
9NNB_B	296	1	B	297		GLU	3
9NNB_B	297	1	B	298		LYS	3
9NNB_B	298	1	B	299		TYR	3
9NNB_B	299	1	B	300		SER	3
9NNB_B	300	1	B	301		LEU	3
9NNB_B	301	1	B	302		GLU	3
9NNB_B	302	1	B	303		LEU	3
9NNB_B	303	1	B	304		MET	3
9NNB_B	304	1	B	305		GLU	3
9NNB_B	305	1	B	306		ARG	3
9NNB_B	306	1	B	307		LEU	3
9NNB_B	307	1	B	308		ARG	3
9NNB_B	308	1	B	309		GLY	3
9NNB_B	309	1	B	310		GLN	3
9NNB_B	310	1	B	311		ARG	3
9S1F_B	0	1	B	4		THR	1
9S1F_B	1	1	B	5		SER	1
9S1F_B	2	1	B	6		LYS	1
9S1F_B	3	1	B	7		LEU	1
9S1F_B	4	1	B	8		ASP	1
9S1F_B	5	1	B	9		ALA	1
9S1F_B	6	1	B	10		LEU	1
9S1F_B	7	1	B	11		ARG	1
9S1F_B	8	1	B	12		ALA	1
9S1F_B	9	1	B	13		ALA	1
9S1F_B	10	1	B	14		THR	1
9S1F_B	11	1	B	15		SER	1
9S1F_B	12	1	B	16		ARG	1
9S1F_B	13	1	B	17		GLU	1
9S1F_B	14	1	B	18		ASP	1
9S1F_B	15	1	B	19		LEU	1
9S1F_B	16	1	B	20		ALA	1
9S1F_B	17	1	B	21		LYS	1
9S1F_B	18	1	B	22		ILE	1
9S1F_B	19	1	B	23		LEU	1
9S1F_B	20	1	B	24		ASP	1
9S1F_B	21	1	B	25		VAL	1
9S1F_B	22	1	B	26		LYS	1
9S1F_B	23	1	B	27		LEU	1
9S1F_B	24	1	B	28		VAL	1
9S1F_B	25	1	B	29		PHE	1
9S1F_B	26	1	B	30		LEU	1
9S1F_B	27	1	B	31		THR	1
9S1F_B	28	1	B	32		ASN	1
9S1F_B	29	1	B	33		VAL	1
9S1F_B	30	1	B	34		LEU	1
9S1F_B	31	1	B	35		TYR	1
9S1F_B	32	1	B	36		ARG	1
9S1F_B	33	1	B	37		ILE	1
9S1F_B	34	1	B	38		GLY	1
9S1F_B	35	1	B	39		SER	1
9S1F_B	36	1	B	40		ASP	1
9S1F_B	37	1	B	41		ASN	1
9S1F_B	38	1	B	42		GLN	1
9S1F_B	39	1	B	43		TYR	1
9S1F_B	40	1	B	44		THR	1
9S1F_B	41	1	B	45		GLN	1
9S1F_B	42	1	B	46		PHE	1
9S1F_B	43	1	B	47		THR	1
9S1F_B	44	1	B	48		ILE	1
9S1F_B	45	1	B	49		PRO	1
9S1F_B	46	1	B	55		VAL	1
9S1F_B	47	1	B	56		ARG	1
9S1F_B	48	1	B	57		THR	1
9S1F_B	49	1	B	58		ILE	1
9S1F_B	50	1	B	59		SER	1
9S1F_B	51	1	B	60		ALA	1
9S1F_B	52	1	B	61		PRO	1
9S1F_B	53	1	B	62		THR	1
9S1F_B	54	1	B	63		ASP	1
9S1F_B	55	1	B	64		ARG	1
9S1F_B	56	1	B	65		LEU	1
9S1F_B	57	1	B	66		LYS	1
9S1F_B	58	1	B	67		ASP	1
9S1F_B	59	1	B	68		ILE	1
9S1F_B	60	1	B	69		GLN	1
9S1F_B	61	1	B	70		ARG	1
9S1F_B	62	1	B	71		ARG	1
9S1F_B	63	1	B	72		ILE	1
9S1F_B	64	1	B	73		CYS	1
9S1F_B	65	1	B	74		ASP	1
9S1F_B	66	1	B	75		LEU	1
9S1F_B	67	1	B	76		LEU	1
9S1F_B	68	1	B	77		SER	1
9S1F_B	69	1	B	78		ASP	1
9S1F_B	70	1	B	79		CYS	1
9S1F_B	71	1	B	80		ARG	1
9S1F_B	72	1	B	81		ASP	1
9S1F_B	73	1	B	82		GLU	1
9S1F_B	74	1	B	83		ILE	1
9S1F_B	75	1	B	84		PHE	1
9S1F_B	76	1	B	85		ALA	1
9S1F_B	77	1	B	86		ILE	1
9S1F_B	78	1	B	87		ARG	1
9S1F_B	79	1	B	88		LYS	1
9S1F_B	80	1	B	89		ILE	1
9S1F_B	81	1	B	90		SER	1
9S1F_B	82	1	B	91		ASN	2
9S1F_B	83	1	B	92		ASN	2
9S1F_B	84	1	B	93		TYR	2
9S1F_B	85	1	B	94		SER	2
9S1F_B	86	1	B	95		PHE	2
9S1F_B	87	1	B	96		GLY	2
9S1F_B	88	1	B	97		PHE	2
9S1F_B	89	1	B	98		GLU	2
9S1F_B	90	1	B	99		ARG	2
9S1F_B	91	1	B	100		GLY	2
9S1F_B	92	1	B	101		LYS	2
9S1F_B	93	1	B	102		SER	2
9S1F_B	94	1	B	103		ILE	2
9S1F_B	95	1	B	104		ILE	2
9S1F_B	96	1	B	105		LEU	2
9S1F_B	97	1	B	106		ASN	2
9S1F_B	98	1	B	107		ALA	2
9S1F_B	99	1	B	108		TYR	2
9S1F_B	100	1	B	109		LYS	2
9S1F_B	101	1	B	110		HIS	2
9S1F_B	102	1	B	111		ARG	2
9S1F_B	103	1	B	112		GLY	2
9S1F_B	104	1	B	113		LYS	2
9S1F_B	105	1	B	114		GLN	2
9S1F_B	106	1	B	115		ILE	2
9S1F_B	107	1	B	116		ILE	2
9S1F_B	108	1	B	117		LEU	2
9S1F_B	109	1	B	118		ASN	2
9S1F_B	110	1	B	119		ILE	2
9S1F_B	111	1	B	120		ASP	2
9S1F_B	112	1	B	121		LEU	2
9S1F_B	113	1	B	122		LYS	2
9S1F_B	114	1	B	123		ASP	2
9S1F_B	115	1	B	124		PHE	2
9S1F_B	116	1	B	125		PHE	1
9S1F_B	117	1	B	126		GLU	1
9S1F_B	118	1	B	127		SER	1
9S1F_B	119	1	B	128		PHE	1
9S1F_B	120	1	B	129		ASN	1
9S1F_B	121	1	B	130		PHE	1
9S1F_B	122	1	B	131		GLY	1
9S1F_B	123	1	B	132		ARG	1
9S1F_B	124	1	B	133		VAL	1
9S1F_B	125	1	B	134		ARG	1
9S1F_B	126	1	B	135		GLY	1
9S1F_B	127	1	B	136		TYR	1
9S1F_B	128	1	B	137		PHE	1
9S1F_B	129	1	B	138		LEU	1
9S1F_B	130	1	B	139		SER	1
9S1F_B	131	1	B	140		ASN	1
9S1F_B	132	1	B	141		GLN	1
9S1F_B	133	1	B	142		ASP	1
9S1F_B	134	1	B	143		PHE	1
9S1F_B	135	1	B	144		LEU	1
9S1F_B	136	1	B	145		LEU	1
9S1F_B	137	1	B	146		ASN	1
9S1F_B	138	1	B	147		PRO	1
9S1F_B	139	1	B	148		VAL	1
9S1F_B	140	1	B	149		VAL	1
9S1F_B	141	1	B	150		ALA	1
9S1F_B	142	1	B	151		THR	1
9S1F_B	143	1	B	152		THR	1
9S1F_B	144	1	B	153		LEU	1
9S1F_B	145	1	B	154		ALA	1
9S1F_B	146	1	B	155		LYS	1
9S1F_B	147	1	B	156		ALA	1
9S1F_B	148	1	B	157		ALA	1
9S1F_B	149	1	B	158		CYS	1
9S1F_B	150	1	B	159		TYR	1
9S1F_B	151	1	B	160		ASN	1
9S1F_B	152	1	B	161		GLY	1
9S1F_B	153	1	B	162		THR	1
9S1F_B	154	1	B	163		LEU	1
9S1F_B	155	1	B	164		PRO	1
9S1F_B	156	1	B	165		GLN	1
9S1F_B	157	1	B	166		GLY	1
9S1F_B	158	1	B	167		SER	1
9S1F_B	159	1	B	168		PRO	1
9S1F_B	160	1	B	169		CYS	1
9S1F_B	161	1	B	170		SER	1
9S1F_B	162	1	B	171		PRO	1
9S1F_B	163	1	B	172		ILE	1
9S1F_B	164	1	B	173		ILE	1
9S1F_B	165	1	B	174		SER	2
9S1F_B	166	1	B	175		ASN	2
9S1F_B	167	1	B	176		LEU	2
9S1F_B	168	1	B	177		ILE	2
9S1F_B	169	1	B	178		CYS	2
9S1F_B	170	1	B	179		ASN	2
9S1F_B	171	1	B	180		ILE	2
9S1F_B	172	1	B	181		MET	2
9S1F_B	173	1	B	182		ASP	2
9S1F_B	174	1	B	183		MET	2
9S1F_B	175	1	B	184		ARG	2
9S1F_B	176	1	B	185		LEU	2
9S1F_B	177	1	B	186		ALA	2
9S1F_B	178	1	B	187		LYS	2
9S1F_B	179	1	B	188		LEU	2
9S1F_B	180	1	B	189		ALA	2
9S1F_B	181	1	B	190		LYS	2
9S1F_B	182	1	B	191		LYS	2
9S1F_B	183	1	B	192		TYR	2
9S1F_B	184	1	B	193		GLY	2
9S1F_B	185	1	B	194		CYS	2
9S1F_B	186	1	B	195		THR	2
9S1F_B	187	1	B	196		TYR	2
9S1F_B	188	1	B	197		SER	2
9S1F_B	189	1	B	198		ARG	2
9S1F_B	190	1	B	199		TYR	2
9S1F_B	191	1	B	200		ALA	2
9S1F_B	192	1	B	201		ASP	2
9S1F_B	193	1	B	202		ASP	2
9S1F_B	194	1	B	203		ILE	2
9S1F_B	195	1	B	204		THR	2
9S1F_B	196	1	B	205		ILE	2
9S1F_B	197	1	B	206		SER	2
9S1F_B	198	1	B	207		THR	2
9S1F_B	199	1	B	208		ASN	2
9S1F_B	200	1	B	209		LYS	2
9S1F_B	201	1	B	210		ASN	2
9S1F_B	202	1	B	211		THR	2
9S1F_B	203	1	B	212		PHE	2
9S1F_B	204	1	B	213		PRO	2
9S1F_B	205	1	B	214		LEU	2
9S1F_B	206	1	B	215		GLU	2
9S1F_B	207	1	B	216		MET	2
9S1F_B	208	1	B	217		ALA	2
9S1F_B	209	1	B	218		THR	2
9S1F_B	210	1	B	219		VAL	2
9S1F_B	211	1	B	220		GLN	2
9S1F_B	212	1	B	221		PRO	2
9S1F_B	213	1	B	222		GLU	2
9S1F_B	214	1	B	223		GLY	2
9S1F_B	215	1	B	224		VAL	2
9S1F_B	216	1	B	225		VAL	2
9S1F_B	217	1	B	226		LEU	2
9S1F_B	218	1	B	227		GLY	2
9S1F_B	219	1	B	228		LYS	2
9S1F_B	220	1	B	229		VAL	2
9S1F_B	221	1	B	230		LEU	2
9S1F_B	222	1	B	231		VAL	2
9S1F_B	223	1	B	232		LYS	2
9S1F_B	224	1	B	233		GLU	2
9S1F_B	225	1	B	234		ILE	2
9S1F_B	226	1	B	235		GLU	2
9S1F_B	227	1	B	236		ASN	2
9S1F_B	228	1	B	237		SER	2
9S1F_B	229	1	B	238		GLY	2
9S1F_B	230	1	B	239		PHE	2
9S1F_B	231	1	B	240		GLU	2
9S1F_B	232	1	B	241		ILE	2
9S1F_B	233	1	B	242		ASN	2
9S1F_B	234	1	B	243		ASP	2
9S1F_B	235	1	B	244		SER	2
9S1F_B	236	1	B	245		LYS	2
9S1F_B	237	1	B	246		THR	2
9S1F_B	238	1	B	247		ARG	2
9S1F_B	239	1	B	248		LEU	2
9S1F_B	240	1	B	249		THR	2
9S1F_B	241	1	B	250		TYR	2
9S1F_B	242	1	B	251		LYS	2
9S1F_B	243	1	B	252		THR	2
9S1F_B	244	1	B	253		SER	2
9S1F_B	245	1	B	254		ARG	2
9S1F_B	246	1	B	255		GLN	2
9S1F_B	247	1	B	256		GLU	2
9S1F_B	248	1	B	257		VAL	2
9S1F_B	249	1	B	258		THR	2
9S1F_B	250	1	B	259		GLY	2
9S1F_B	251	1	B	260		LEU	2
9S1F_B	252	1	B	261		THR	2
9S1F_B	253	1	B	262		VAL	2
9S1F_B	254	1	B	263		ASN	2
9S1F_B	255	1	B	264		ARG	2
9S1F_B	256	1	B	265		ILE	2
9S1F_B	257	1	B	266		VAL	2
9S1F_B	258	1	B	267		ASN	2
9S1F_B	259	1	B	268		ILE	3
9S1F_B	260	1	B	269		ASP	3
9S1F_B	261	1	B	270		ARG	3
9S1F_B	262	1	B	271		CYS	3
9S1F_B	263	1	B	272		TYR	3
9S1F_B	264	1	B	273		TYR	3
9S1F_B	265	1	B	274		LYS	3
9S1F_B	266	1	B	275		LYS	3
9S1F_B	267	1	B	276		THR	3
9S1F_B	268	1	B	277		ARG	3
9S1F_B	269	1	B	278		ALA	3
9S1F_B	270	1	B	279		LEU	3
9S1F_B	271	1	B	280		ALA	3
9S1F_B	272	1	B	281		HIS	3
9S1F_B	273	1	B	282		ALA	3
9S1F_B	274	1	B	283		LEU	3
9S1F_B	275	1	B	284		TYR	3
9S1F_B	276	1	B	285		ARG	3
9S1F_B	277	1	B	286		THR	3
9S1F_B	278	1	B	287		GLY	3
9S1F_B	279	1	B	288		GLU	3
9S1F_B	280	1	B	289		TYR	3
9S1F_B	281	1	B	290		LYS	3
9S1F_B	282	1	B	291		VAL	3
9S1F_B	283	1	B	292		PRO	3
9S1F_B	284	1	B	293		ASP	3
9S1F_B	285	1	B	294		GLU	3
9S1F_B	286	1	B	295		ASN	3
9S1F_B	287	1	B	296		GLY	3
9S1F_B	288	1	B	297		VAL	3
9S1F_B	289	1	B	298		LEU	3
9S1F_B	290	1	B	299		VAL	3
9S1F_B	291	1	B	300		SER	3
9S1F_B	292	1	B	301		GLY	3
9S1F_B	293	1	B	302		GLY	3
9S1F_B	294	1	B	303		LEU	3
9S1F_B	295	1	B	304		ASP	3
9S1F_B	296	1	B	305		LYS	3
9S1F_B	297	1	B	306		LEU	3
9S1F_B	298	1	B	307		GLU	3
9S1F_B	299	1	B	308		GLY	3
9S1F_B	300	1	B	309		MET	3
9S1F_B	301	1	B	310		PHE	3
9S1F_B	302	1	B	311		GLY	3
9S1F_B	303	1	B	312		PHE	3
9S1F_B	304	1	B	313		ILE	3
9S1F_B	305	1	B	314		ASP	3
9S1F_B	306	1	B	315		GLN	3
9S1F_B	307	1	B	316		VAL	3
9S1F_B	308	1	B	317		ASP	3
9S1F_B	309	1	B	318		LYS	3
9S1F_B	310	1	B	319		PHE	3
9S1F_B	311	1	B	320		ASN	3
9S1F_B	312	1	B	321		ASN	3
9S1F_B	313	1	B	322		ILE	3
9S1F_B	314	1	B	323		LYS	3
9S1F_B	315	1	B	324		LYS	3
9S1F_B	316	1	B	325		LYS	3
9S1F_B	317	1	B	326		LEU	3
9S1F_B	318	1	B	327		ASN	3
9S1F_B	319	1	B	328		LYS	3
9S1F_B	320	1	B	329		GLN	3
9S1F_B	321	1	B	330		PRO	3
9S1F_B	322	1	B	331		ASP	3
9S1F_B	323	1	B	332		ARG	3
9S1F_B	324	1	B	333		TYR	3
9S1F_B	325	1	B	334		VAL	3
9S1F_B	326	1	B	335		LEU	3
9S1F_B	327	1	B	336		THR	3
9S1F_B	328	1	B	337		ASN	3
9S1F_B	329	1	B	338		ALA	3
9S1F_B	330	1	B	339		THR	3
9S1F_B	331	1	B	340		LEU	3
9S1F_B	332	1	B	341		HIS	3
9S1F_B	333	1	B	342		GLY	3
9S1F_B	334	1	B	343		PHE	3
9S1F_B	335	1	B	344		LYS	3
9S1F_B	336	1	B	345		LEU	3
9S1F_B	337	1	B	346		LYS	3
9S1F_B	338	1	B	347		LEU	3
9S1F_B	339	1	B	348		ASN	3
9S1F_B	340	1	B	349		ALA	3
9S1F_B	341	1	B	350		ARG	3
9S1F_B	342	1	B	351		GLU	3
9S1F_B	343	1	B	352		LYS	3
9S1F_B	344	1	B	353		ALA	3
9S1F_B	345	1	B	354		TYR	3
9S1F_B	346	1	B	355		SER	3
9S1F_B	347	1	B	356		LYS	3
9S1F_B	348	1	B	357		PHE	3
9S1F_B	349	1	B	358		ILE	4
9S1F_B	350	1	B	359		TYR	4
9S1F_B	351	1	B	360		TYR	4
9S1F_B	352	1	B	361		LYS	4
9S1F_B	353	1	B	362		PHE	4
9S1F_B	354	1	B	363		PHE	4
9S1F_B	355	1	B	364		HIS	4
9S1F_B	356	1	B	365		GLY	4
9S1F_B	357	1	B	366		ASN	4
9S1F_B	358	1	B	367		THR	4
9S1F_B	359	1	B	368		CYS	4
9S1F_B	360	1	B	369		PRO	4
9S1F_B	361	1	B	370		THR	4
9S1F_B	362	1	B	371		ILE	4
9S1F_B	363	1	B	372		ILE	4
9S1F_B	364	1	B	373		THR	4
9S1F_B	365	1	B	374		GLU	4
9S1F_B	366	1	B	375		GLY	4
9S1F_B	367	1	B	376		LYS	4
9S1F_B	368	1	B	377		THR	4
9S1F_B	369	1	B	378		ASP	4
9S1F_B	370	1	B	379		ARG	4
9S1F_B	371	1	B	380		ILE	4
9S1F_B	372	1	B	381		TYR	4
9S1F_B	373	1	B	382		LEU	4
9S1F_B	374	1	B	383		LYS	4
9S1F_B	375	1	B	384		ALA	4
9S1F_B	376	1	B	385		ALA	4
9S1F_B	377	1	B	386		LEU	4
9S1F_B	378	1	B	387		HIS	4
9S1F_B	379	1	B	388		SER	4
9S1F_B	380	1	B	389		LEU	4
9S1F_B	381	1	B	390		GLU	4
9S1F_B	382	1	B	391		THR	4
9S1F_B	383	1	B	392		SER	4
9S1F_B	384	1	B	393		TYR	4
9S1F_B	385	1	B	394		PRO	4
9S1F_B	386	1	B	395		GLU	4
9S1F_B	387	1	B	396		LEU	4
9S1F_B	388	1	B	397		PHE	4
9S1F_B	389	1	B	398		ARG	4
9S1F_B	390	1	B	399		GLU	4
9S1F_B	391	1	B	400		LYS	4
9S1F_B	392	1	B	401		THR	4
9S1F_B	393	1	B	402		ASP	4
9S1F_B	394	1	B	403		SER	4
9S1F_B	395	1	B	404		LYS	4
9S1F_B	396	1	B	405		LYS	4
9S1F_B	397	1	B	406		LYS	4
9S1F_B	398	1	B	407		GLU	4
9S1F_B	399	1	B	408		ILE	4
9S1F_B	400	1	B	409		ASN	4
9S1F_B	401	1	B	410		LEU	4
9S1F_B	402	1	B	411		ASN	4
9S1F_B	403	1	B	412		ILE	4
9S1F_B	404	1	B	413		PHE	4
9S1F_B	405	1	B	414		LYS	4
9S1F_B	406	1	B	415		SER	4
9S1F_B	407	1	B	416		ASN	4
9S1F_B	408	1	B	417		GLU	4
9S1F_B	409	1	B	418		LYS	4
9S1F_B	410	1	B	419		THR	4
9S1F_B	411	1	B	420		LYS	4
9S1F_B	412	1	B	421		TYR	4
9S1F_B	413	1	B	422		PHE	4
9S1F_B	414	1	B	423		LEU	4
9S1F_B	415	1	B	424		ASP	4
9S1F_B	416	1	B	425		LEU	4
9S1F_B	417	1	B	426		SER	4
9S1F_B	418	1	B	427		GLY	4
9S1F_B	419	1	B	428		GLY	4
9S1F_B	420	1	B	429		THR	4
9S1F_B	421	1	B	430		ALA	4
9S1F_B	422	1	B	431		ASP	4
9S1F_B	423	1	B	432		LEU	4
9S1F_B	424	1	B	433		LYS	4
9S1F_B	425	1	B	434		LYS	4
9S1F_B	426	1	B	435		PHE	4
9S1F_B	427	1	B	436		VAL	4
9S1F_B	428	1	B	437		GLU	4
9S1F_B	429	1	B	438		ARG	4
9S1F_B	430	1	B	439		TYR	4
9S1F_B	431	1	B	440		LYS	4
9S1F_B	432	1	B	441		ASN	4
9S1F_B	433	1	B	442		ASN	4
9S1F_B	434	1	B	443		TYR	4
9S1F_B	435	1	B	444		ALA	4
9S1F_B	436	1	B	445		SER	4
9S1F_B	437	1	B	446		TYR	4
9S1F_B	438	1	B	447		TYR	4
9S1F_B	439	1	B	448		GLY	4
9S1F_B	440	1	B	449		SER	4
9S1F_B	441	1	B	450		VAL	4
9S1F_B	442	1	B	451		PRO	4
9S1F_B	443	1	B	452		LYS	4
9S1F_B	444	1	B	453		GLN	4
9S1F_B	445	1	B	454		PRO	4
9S1F_B	446	1	B	455		VAL	4
9S1F_B	447	1	B	456		ILE	4
9S1F_B	448	1	B	457		MET	4
9S1F_B	449	1	B	458		VAL	4
9S1F_B	450	1	B	459		LEU	4
9S1F_B	451	1	B	460		ASP	4
9S1F_B	452	1	B	461		ASN	4
9S1F_B	453	1	B	462		ASP	4
9S1F_B	454	1	B	463		THR	4
9S1F_B	455	1	B	464		GLY	4
9S1F_B	456	1	B	465		PRO	4
9S1F_B	457	1	B	466		SER	4
9S1F_B	458	1	B	467		ASP	4
9S1F_B	459	1	B	468		LEU	4
9S1F_B	460	1	B	469		LEU	4
9S1F_B	461	1	B	470		ASN	4
9S1F_B	462	1	B	471		PHE	4
9S1F_B	463	1	B	472		LEU	4
9S1F_B	464	1	B	473		ARG	4
9S1F_B	465	1	B	474		ASN	4
9S1F_B	466	1	B	475		LYS	4
9S1F_B	467	1	B	476		VAL	4
9S1F_B	468	1	B	477		LYS	4
9S1F_B	469	1	B	478		SER	4
9S1F_B	470	1	B	482		ASP	4
9S1F_B	471	1	B	483		VAL	4
9S1F_B	472	1	B	484		THR	4
9S1F_B	473	1	B	485		GLU	4
9S1F_B	474	1	B	486		MET	4
9S1F_B	475	1	B	487		ARG	4
9S1F_B	476	1	B	488		LYS	4
9S1F_B	477	1	B	489		MET	4
9S1F_B	478	1	B	490		LYS	4
9S1F_B	479	1	B	491		TYR	4
9S1F_B	480	1	B	492		ILE	4
9S1F_B	481	1	B	493		HIS	4
9S1F_B	482	1	B	494		VAL	4
9S1F_B	483	1	B	495		PHE	4
9S1F_B	484	1	B	496		TYR	4
9S1F_B	485	1	B	497		ASN	4
9S1F_B	486	1	B	498		LEU	4
9S1F_B	487	1	B	499		TYR	4
9S1F_B	488	1	B	500		ILE	4
9S1F_B	489	1	B	501		VAL	4
9S1F_B	490	1	B	502		LEU	4
9S1F_B	491	1	B	503		THR	4
9S1F_B	492	1	B	504		PRO	4
9S1F_B	493	1	B	505		LEU	4
9S1F_B	494	1	B	506		SER	4
9S1F_B	495	1	B	507		PRO	4
9S1F_B	496	1	B	508		SER	4
9S1F_B	497	1	B	509		GLY	4
9S1F_B	498	1	B	510		GLU	4
9S1F_B	499	1	B	511		GLN	4
9S1F_B	500	1	B	512		THR	4
9S1F_B	501	1	B	513		SER	4
9S1F_B	502	1	B	514		MET	4
9S1F_B	503	1	B	515		GLU	4
9S1F_B	504	1	B	516		ASP	4
9S1F_B	505	1	B	517		LEU	4
9S1F_B	506	1	B	518		PHE	4
9S1F_B	507	1	B	519		PRO	4
9S1F_B	508	1	B	520		LYS	4
9S1F_B	509	1	B	521		ASP	4
9S1F_B	510	1	B	522		ILE	4
9S1F_B	511	1	B	523		LEU	4
9S1F_B	512	1	B	524		ASP	4
9S1F_B	513	1	B	525		ILE	4
9S1F_B	514	1	B	526		LYS	4
9S1F_B	515	1	B	527		ILE	4
9S1F_B	516	1	B	528		ASP	4
9S1F_B	517	1	B	529		GLY	4
9S1F_B	518	1	B	530		LYS	4
9S1F_B	519	1	B	531		LYS	4
9S1F_B	520	1	B	532		PHE	4
9S1F_B	521	1	B	533		ASN	4
9S1F_B	522	1	B	534		LYS	4
9S1F_B	523	1	B	535		ASN	4
9S1F_B	524	1	B	541		LYS	4
9S1F_B	525	1	B	542		THR	4
9S1F_B	526	1	B	543		GLU	4
9S1F_B	527	1	B	544		TYR	4
9S1F_B	528	1	B	545		GLY	4
9S1F_B	529	1	B	546		LYS	4
9S1F_B	530	1	B	547		HIS	4
9S1F_B	531	1	B	548		ILE	4
9S1F_B	532	1	B	549		PHE	4
9S1F_B	533	1	B	550		SER	4
9S1F_B	534	1	B	551		MET	4
9S1F_B	535	1	B	552		ARG	4
9S1F_B	536	1	B	553		VAL	4
9S1F_B	537	1	B	554		VAL	4
9S1F_B	538	1	B	555		ARG	4
9S1F_B	539	1	B	556		ASP	4
9S1F_B	540	1	B	557		LYS	4
9S1F_B	541	1	B	558		LYS	4
9S1F_B	542	1	B	559		ARG	4
9S1F_B	543	1	B	560		LYS	4
9S1F_B	544	1	B	561		ILE	4
9S1F_B	545	1	B	562		ASP	4
9S1F_B	546	1	B	563		PHE	4
9S1F_B	547	1	B	564		LYS	4
9S1F_B	548	1	B	565		ALA	4
9S1F_B	549	1	B	566		PHE	4
9S1F_B	550	1	B	567		CYS	4
9S1F_B	551	1	B	568		CYS	4
9S1F_B	552	1	B	569		ILE	4
9S1F_B	553	1	B	570		PHE	4
9S1F_B	554	1	B	571		ASP	4
9S1F_B	555	1	B	572		ALA	4
9S1F_B	556	1	B	573		ILE	4
9S1F_B	557	1	B	574		LYS	4
9S1F_B	558	1	B	575		ASP	4
9S1F_B	559	1	B	576		ILE	4
9S1F_B	560	1	B	577		LYS	4
9S1F_B	561	1	B	578		GLU	4
9S1F_B	562	1	B	579		HIS	4
9S1F_B	563	1	B	580		TYR	4
9S1F_B	564	1	B	581		LYS	4
9S1F_B	565	1	B	582		LEU	4
9S1F_B	566	1	B	583		MET	4
9S1F_B	567	1	B	584		LEU	4
9S1F_B	568	1	B	585		ASN	4
9S1F_B	569	1	B	586		SER	4
9VHE_A	0	1	A	25		ALA	1
9VHE_A	1	1	A	26		PRO	1
9VHE_A	2	1	A	27		ARG	1
9VHE_A	3	1	A	28		LYS	1
9VHE_A	4	1	A	29		TYR	1
9VHE_A	5	1	A	30		LYS	1
9VHE_A	6	1	A	31		VAL	1
9VHE_A	7	1	A	32		TYR	1
9VHE_A	8	1	A	33		LYS	1
9VHE_A	9	1	A	34		ILE	1
9VHE_A	10	1	A	35		PRO	1
9VHE_A	11	1	A	36		LYS	1
9VHE_A	12	1	A	37		ARG	1
9VHE_A	13	1	A	38		THR	1
9VHE_A	14	1	A	39		THR	1
9VHE_A	15	1	A	40		GLY	1
9VHE_A	16	1	A	41		PHE	1
9VHE_A	17	1	A	42		ARG	1
9VHE_A	18	1	A	43		VAL	1
9VHE_A	19	1	A	44		ILE	1
9VHE_A	20	1	A	45		ALA	1
9VHE_A	21	1	A	46		GLN	1
9VHE_A	22	1	A	47		PRO	1
9VHE_A	23	1	A	48		ALA	1
9VHE_A	24	1	A	49		LYS	1
9VHE_A	25	1	A	50		GLY	1
9VHE_A	26	1	A	51		LEU	1
9VHE_A	27	1	A	52		LYS	1
9VHE_A	28	1	A	53		ASP	1
9VHE_A	29	1	A	54		ILE	1
9VHE_A	30	1	A	55		GLN	1
9VHE_A	31	1	A	56		ARG	1
9VHE_A	32	1	A	57		ALA	1
9VHE_A	33	1	A	58		PHE	1
9VHE_A	34	1	A	59		VAL	1
9VHE_A	35	1	A	60		GLN	1
9VHE_A	36	1	A	61		LEU	1
9VHE_A	37	1	A	62		TYR	1
9VHE_A	38	1	A	63		ASN	1
9VHE_A	39	1	A	64		PHE	1
9VHE_A	40	1	A	65		PRO	1
9VHE_A	41	1	A	66		VAL	1
9VHE_A	42	1	A	67		HIS	1
9VHE_A	43	1	A	68		ASP	1
9VHE_A	44	1	A	69		ALA	1
9VHE_A	45	1	A	70		SER	1
9VHE_A	46	1	A	71		MET	1
9VHE_A	47	1	A	72		ALA	1
9VHE_A	48	1	A	73		TYR	1
9VHE_A	49	1	A	74		MET	1
9VHE_A	50	1	A	75		LYS	1
9VHE_A	51	1	A	76		GLY	1
9VHE_A	52	1	A	77		LYS	1
9VHE_A	53	1	A	78		GLY	1
9VHE_A	54	1	A	79		ILE	1
9VHE_A	55	1	A	80		ARG	1
9VHE_A	56	1	A	81		ASP	1
9VHE_A	57	1	A	82		ASN	1
9VHE_A	58	1	A	83		ALA	1
9VHE_A	59	1	A	84		ALA	1
9VHE_A	60	1	A	85		ALA	1
9VHE_A	61	1	A	86		HIS	1
9VHE_A	62	1	A	87		ALA	1
9VHE_A	63	1	A	88		GLY	1
9VHE_A	64	1	A	89		ASN	1
9VHE_A	65	1	A	90		GLN	1
9VHE_A	66	1	A	91		TYR	1
9VHE_A	67	1	A	92		LEU	1
9VHE_A	68	1	A	93		LEU	1
9VHE_A	69	1	A	94		LYS	1
9VHE_A	70	1	A	95		ALA	1
9VHE_A	71	1	A	96		ASP	1
9VHE_A	72	1	A	97		LEU	1
9VHE_A	73	1	A	98		GLU	1
9VHE_A	74	1	A	99		ASP	1
9VHE_A	75	1	A	100		PHE	1
9VHE_A	76	1	A	101		PHE	1
9VHE_A	77	1	A	102		ASN	1
9VHE_A	78	1	A	103		SER	1
9VHE_A	79	1	A	104		ILE	1
9VHE_A	80	1	A	105		THR	1
9VHE_A	81	1	A	106		PRO	1
9VHE_A	82	1	A	107		ALA	1
9VHE_A	83	1	A	108		ILE	1
9VHE_A	84	1	A	109		PHE	1
9VHE_A	85	1	A	110		TRP	1
9VHE_A	86	1	A	111		ARG	1
9VHE_A	87	1	A	112		CYS	1
9VHE_A	88	1	A	113		ILE	1
9VHE_A	89	1	A	114		GLU	1
9VHE_A	90	1	A	115		MET	1
9VHE_A	91	1	A	116		SER	1
9VHE_A	92	1	A	127		ASP	1
9VHE_A	93	1	A	128		LYS	1
9VHE_A	94	1	A	129		PHE	1
9VHE_A	95	1	A	130		PHE	1
9VHE_A	96	1	A	131		ILE	1
9VHE_A	97	1	A	132		GLU	1
9VHE_A	98	1	A	133		LYS	1
9VHE_A	99	1	A	134		ILE	1
9VHE_A	100	1	A	135		LEU	1
9VHE_A	101	1	A	136		PHE	1
9VHE_A	102	1	A	137		TRP	1
9VHE_A	103	1	A	138		GLN	1
9VHE_A	104	1	A	139		PRO	1
9VHE_A	105	1	A	140		ILE	1
9VHE_A	106	1	A	141		LYS	1
9VHE_A	107	1	A	142		HIS	1
9VHE_A	108	1	A	143		ARG	1
9VHE_A	109	1	A	144		LYS	1
9VHE_A	110	1	A	145		THR	1
9VHE_A	111	1	A	146		LYS	1
9VHE_A	112	1	A	147		LEU	1
9VHE_A	113	1	A	148		ILE	1
9VHE_A	114	1	A	149		LEU	1
9VHE_A	115	1	A	150		SER	1
9VHE_A	116	1	A	151		VAL	1
9VHE_A	117	1	A	152		GLY	1
9VHE_A	118	1	A	153		ALA	1
9VHE_A	119	1	A	154		PRO	1
9VHE_A	120	1	A	155		SER	1
9VHE_A	121	1	A	156		SER	1
9VHE_A	122	1	A	157		PRO	1
9VHE_A	123	1	A	158		VAL	1
9VHE_A	124	1	A	159		ILE	1
9VHE_A	125	1	A	160		SER	1
9VHE_A	126	1	A	161		ASN	1
9VHE_A	127	1	A	162		PHE	1
9VHE_A	128	1	A	163		CYS	1
9VHE_A	129	1	A	164		MET	1
9VHE_A	130	1	A	165		TYR	1
9VHE_A	131	1	A	166		GLU	1
9VHE_A	132	1	A	167		PHE	1
9VHE_A	133	1	A	168		ASP	1
9VHE_A	134	1	A	169		ASN	1
9VHE_A	135	1	A	170		ARG	1
9VHE_A	136	1	A	171		ILE	1
9VHE_A	137	1	A	172		HIS	1
9VHE_A	138	1	A	173		ALA	1
9VHE_A	139	1	A	174		ALA	1
9VHE_A	140	1	A	175		CYS	1
9VHE_A	141	1	A	176		ASN	1
9VHE_A	142	1	A	177		LYS	1
9VHE_A	143	1	A	178		LEU	1
9VHE_A	144	1	A	179		GLU	1
9VHE_A	145	1	A	180		ILE	1
9VHE_A	146	1	A	181		THR	1
9VHE_A	147	1	A	182		TYR	1
9VHE_A	148	1	A	183		THR	1
9VHE_A	149	1	A	184		ARG	1
9VHE_A	150	1	A	185		TYR	1
9VHE_A	151	1	A	186		ALA	1
9VHE_A	152	1	A	187		ASP	1
9VHE_A	153	1	A	188		ASP	1
9VHE_A	154	1	A	189		LEU	1
9VHE_A	155	1	A	190		THR	1
9VHE_A	156	1	A	191		PHE	1
9VHE_A	157	1	A	192		SER	1
9VHE_A	158	1	A	193		CYS	1
9VHE_A	159	1	A	194		ASN	1
9VHE_A	160	1	A	195		ILE	1
9VHE_A	161	1	A	196		PRO	1
9VHE_A	162	1	A	197		ASN	1
9VHE_A	163	1	A	198		VAL	1
9VHE_A	164	1	A	199		LEU	1
9VHE_A	165	1	A	200		LYS	1
9VHE_A	166	1	A	201		ALA	1
9VHE_A	167	1	A	202		VAL	1
9VHE_A	168	1	A	203		PRO	1
9VHE_A	169	1	A	204		SER	1
9VHE_A	170	1	A	205		THR	1
9VHE_A	171	1	A	206		ILE	1
9VHE_A	172	1	A	207		GLU	1
9VHE_A	173	1	A	208		ALA	1
9VHE_A	174	1	A	209		LEU	1
9VHE_A	175	1	A	210		LEU	1
9VHE_A	176	1	A	211		LYS	1
9VHE_A	177	1	A	212		ASP	1
9VHE_A	178	1	A	213		LEU	1
9VHE_A	179	1	A	214		PHE	1
9VHE_A	180	1	A	215		GLY	1
9VHE_A	181	1	A	216		SER	1
9VHE_A	182	1	A	217		GLU	1
9VHE_A	183	1	A	218		LEU	1
9VHE_A	184	1	A	219		ARG	1
9VHE_A	185	1	A	220		LEU	1
9VHE_A	186	1	A	221		ASN	1
9VHE_A	187	1	A	222		HIS	1
9VHE_A	188	1	A	223		SER	1
9VHE_A	189	1	A	224		LYS	1
9VHE_A	190	1	A	225		THR	1
9VHE_A	191	1	A	226		VAL	1
9VHE_A	192	1	A	227		PHE	1
9VHE_A	193	1	A	228		SER	1
9VHE_A	194	1	A	229		SER	1
9VHE_A	195	1	A	230		LYS	1
9VHE_A	196	1	A	231		ALA	1
9VHE_A	197	1	A	232		HIS	1
9VHE_A	198	1	A	233		ASN	1
9VHE_A	199	1	A	234		ARG	1
9VHE_A	200	1	A	235		HIS	1
9VHE_A	201	1	A	236		VAL	1
9VHE_A	202	1	A	237		THR	1
9VHE_A	203	1	A	238		GLY	1
9VHE_A	204	1	A	239		VAL	1
9VHE_A	205	1	A	240		THR	1
9VHE_A	206	1	A	241		ILE	1
9VHE_A	207	1	A	242		ASN	1
9VHE_A	208	1	A	243		ASN	1
9VHE_A	209	1	A	244		GLU	1
9VHE_A	210	1	A	245		GLU	1
9VHE_A	211	1	A	246		THR	1
9VHE_A	212	1	A	247		LEU	1
9VHE_A	213	1	A	248		SER	1
9VHE_A	214	1	A	249		LEU	2
9VHE_A	215	1	A	250		GLY	2
9VHE_A	216	1	A	251		ARG	2
9VHE_A	217	1	A	252		ASP	2
9VHE_A	218	1	A	253		ARG	2
9VHE_A	219	1	A	254		LYS	2
9VHE_A	220	1	A	255		ARG	2
9VHE_A	221	1	A	256		PHE	2
9VHE_A	222	1	A	257		ILE	2
9VHE_A	223	1	A	258		LYS	2
9VHE_A	224	1	A	259		HIS	2
9VHE_A	225	1	A	260		LEU	2
9VHE_A	226	1	A	261		ILE	2
9VHE_A	227	1	A	262		ASN	2
9VHE_A	228	1	A	263		GLN	2
9VHE_A	229	1	A	264		TYR	2
9VHE_A	230	1	A	265		LYS	2
9VHE_A	231	1	A	266		TYR	2
9VHE_A	232	1	A	267		GLY	2
9VHE_A	233	1	A	268		LEU	2
9VHE_A	234	1	A	269		LEU	2
9VHE_A	235	1	A	270		ASP	2
9VHE_A	236	1	A	271		ASN	2
9VHE_A	237	1	A	272		GLU	2
9VHE_A	238	1	A	273		ASP	2
9VHE_A	239	1	A	274		LYS	2
9VHE_A	240	1	A	275		ALA	2
9VHE_A	241	1	A	276		TYR	2
9VHE_A	242	1	A	277		LEU	2
9VHE_A	243	1	A	278		THR	2
9VHE_A	244	1	A	279		GLY	2
9VHE_A	245	1	A	280		LEU	2
9VHE_A	246	1	A	281		LEU	2
9VHE_A	247	1	A	282		ALA	2
9VHE_A	248	1	A	283		PHE	2
9VHE_A	249	1	A	284		ALA	2
9VHE_A	250	1	A	285		SER	2
9VHE_A	251	1	A	286		HIS	2
9VHE_A	252	1	A	287		ILE	2
9VHE_A	253	1	A	288		GLU	2
9VHE_A	254	1	A	289		PRO	2
9VHE_A	255	1	A	290		GLY	2
9VHE_A	256	1	A	291		PHE	2
9VHE_A	257	1	A	292		ILE	2
9VHE_A	258	1	A	293		THR	2
9VHE_A	259	1	A	294		ARG	2
9VHE_A	260	1	A	295		MET	2
9VHE_A	261	1	A	296		ASN	2
9VHE_A	262	1	A	297		GLU	2
9VHE_A	263	1	A	298		LYS	2
9VHE_A	264	1	A	299		TYR	2
9VHE_A	265	1	A	300		SER	2
9VHE_A	266	1	A	301		LEU	2
9VHE_A	267	1	A	302		GLU	2
9VHE_A	268	1	A	303		LEU	2
9VHE_A	269	1	A	304		MET	2
9VHE_A	270	1	A	305		GLU	2
9VHE_A	271	1	A	306		ARG	2
9VHE_A	272	1	A	307		LEU	2
9VHL_A	0	1	A	25		ALA	1
9VHL_A	1	1	A	26		PRO	1
9VHL_A	2	1	A	27		ARG	1
9VHL_A	3	1	A	28		LYS	1
9VHL_A	4	1	A	29		TYR	1
9VHL_A	5	1	A	30		LYS	1
9VHL_A	6	1	A	31		VAL	1
9VHL_A	7	1	A	32		TYR	1
9VHL_A	8	1	A	33		LYS	1
9VHL_A	9	1	A	34		ILE	1
9VHL_A	10	1	A	35		PRO	1
9VHL_A	11	1	A	36		LYS	1
9VHL_A	12	1	A	37		ARG	1
9VHL_A	13	1	A	38		THR	1
9VHL_A	14	1	A	39		THR	1
9VHL_A	15	1	A	40		GLY	1
9VHL_A	16	1	A	41		PHE	1
9VHL_A	17	1	A	42		ARG	1
9VHL_A	18	1	A	43		VAL	1
9VHL_A	19	1	A	44		ILE	1
9VHL_A	20	1	A	45		ALA	1
9VHL_A	21	1	A	46		GLN	1
9VHL_A	22	1	A	47		PRO	1
9VHL_A	23	1	A	48		ALA	1
9VHL_A	24	1	A	49		LYS	1
9VHL_A	25	1	A	50		GLY	1
9VHL_A	26	1	A	51		LEU	1
9VHL_A	27	1	A	52		LYS	1
9VHL_A	28	1	A	53		ASP	1
9VHL_A	29	1	A	54		ILE	1
9VHL_A	30	1	A	55		GLN	1
9VHL_A	31	1	A	56		ARG	1
9VHL_A	32	1	A	57		ALA	1
9VHL_A	33	1	A	58		PHE	1
9VHL_A	34	1	A	59		VAL	1
9VHL_A	35	1	A	60		GLN	1
9VHL_A	36	1	A	61		LEU	1
9VHL_A	37	1	A	62		TYR	1
9VHL_A	38	1	A	63		ASN	1
9VHL_A	39	1	A	64		PHE	1
9VHL_A	40	1	A	65		PRO	1
9VHL_A	41	1	A	66		VAL	1
9VHL_A	42	1	A	67		HIS	1
9VHL_A	43	1	A	68		ASP	1
9VHL_A	44	1	A	69		ALA	1
9VHL_A	45	1	A	70		SER	1
9VHL_A	46	1	A	71		MET	1
9VHL_A	47	1	A	72		ALA	1
9VHL_A	48	1	A	73		TYR	1
9VHL_A	49	1	A	74		MET	1
9VHL_A	50	1	A	75		LYS	1
9VHL_A	51	1	A	76		GLY	1
9VHL_A	52	1	A	77		LYS	1
9VHL_A	53	1	A	78		GLY	1
9VHL_A	54	1	A	79		ILE	1
9VHL_A	55	1	A	80		ARG	1
9VHL_A	56	1	A	81		ASP	1
9VHL_A	57	1	A	82		ASN	1
9VHL_A	58	1	A	83		ALA	1
9VHL_A	59	1	A	84		ALA	1
9VHL_A	60	1	A	85		ALA	1
9VHL_A	61	1	A	86		HIS	1
9VHL_A	62	1	A	87		ALA	1
9VHL_A	63	1	A	88		GLY	1
9VHL_A	64	1	A	89		ASN	1
9VHL_A	65	1	A	90		GLN	1
9VHL_A	66	1	A	91		TYR	1
9VHL_A	67	1	A	92		LEU	1
9VHL_A	68	1	A	93		LEU	1
9VHL_A	69	1	A	94		LYS	1
9VHL_A	70	1	A	95		ALA	1
9VHL_A	71	1	A	96		ASP	1
9VHL_A	72	1	A	97		LEU	1
9VHL_A	73	1	A	98		GLU	1
9VHL_A	74	1	A	99		ASP	1
9VHL_A	75	1	A	100		PHE	1
9VHL_A	76	1	A	101		PHE	1
9VHL_A	77	1	A	102		ASN	1
9VHL_A	78	1	A	103		SER	1
9VHL_A	79	1	A	104		ILE	1
9VHL_A	80	1	A	105		THR	1
9VHL_A	81	1	A	106		PRO	1
9VHL_A	82	1	A	107		ALA	1
9VHL_A	83	1	A	108		ILE	1
9VHL_A	84	1	A	109		PHE	1
9VHL_A	85	1	A	110		TRP	1
9VHL_A	86	1	A	111		ARG	1
9VHL_A	87	1	A	112		CYS	1
9VHL_A	88	1	A	113		ILE	1
9VHL_A	89	1	A	114		GLU	1
9VHL_A	90	1	A	115		MET	1
9VHL_A	91	1	A	116		SER	1
9VHL_A	92	1	A	127		ASP	1
9VHL_A	93	1	A	128		LYS	1
9VHL_A	94	1	A	129		PHE	1
9VHL_A	95	1	A	130		PHE	1
9VHL_A	96	1	A	131		ILE	1
9VHL_A	97	1	A	132		GLU	1
9VHL_A	98	1	A	133		LYS	1
9VHL_A	99	1	A	134		ILE	1
9VHL_A	100	1	A	135		LEU	1
9VHL_A	101	1	A	136		PHE	1
9VHL_A	102	1	A	137		TRP	1
9VHL_A	103	1	A	138		GLN	1
9VHL_A	104	1	A	139		PRO	1
9VHL_A	105	1	A	140		ILE	1
9VHL_A	106	1	A	141		LYS	1
9VHL_A	107	1	A	142		HIS	1
9VHL_A	108	1	A	143		ARG	1
9VHL_A	109	1	A	144		LYS	1
9VHL_A	110	1	A	145		THR	1
9VHL_A	111	1	A	146		LYS	1
9VHL_A	112	1	A	147		LEU	1
9VHL_A	113	1	A	148		ILE	1
9VHL_A	114	1	A	149		LEU	1
9VHL_A	115	1	A	150		SER	1
9VHL_A	116	1	A	151		VAL	1
9VHL_A	117	1	A	152		GLY	1
9VHL_A	118	1	A	153		ALA	1
9VHL_A	119	1	A	154		PRO	1
9VHL_A	120	1	A	155		SER	1
9VHL_A	121	1	A	156		SER	1
9VHL_A	122	1	A	157		PRO	1
9VHL_A	123	1	A	158		VAL	1
9VHL_A	124	1	A	159		ILE	1
9VHL_A	125	1	A	160		SER	1
9VHL_A	126	1	A	161		ASN	1
9VHL_A	127	1	A	162		PHE	1
9VHL_A	128	1	A	163		CYS	1
9VHL_A	129	1	A	164		MET	1
9VHL_A	130	1	A	165		TYR	1
9VHL_A	131	1	A	166		GLU	1
9VHL_A	132	1	A	167		PHE	1
9VHL_A	133	1	A	168		ASP	1
9VHL_A	134	1	A	169		ASN	1
9VHL_A	135	1	A	170		ARG	1
9VHL_A	136	1	A	171		ILE	1
9VHL_A	137	1	A	172		HIS	1
9VHL_A	138	1	A	173		ALA	1
9VHL_A	139	1	A	174		ALA	1
9VHL_A	140	1	A	175		CYS	1
9VHL_A	141	1	A	176		ASN	1
9VHL_A	142	1	A	177		LYS	1
9VHL_A	143	1	A	178		LEU	1
9VHL_A	144	1	A	179		GLU	1
9VHL_A	145	1	A	180		ILE	1
9VHL_A	146	1	A	181		THR	1
9VHL_A	147	1	A	182		TYR	1
9VHL_A	148	1	A	183		THR	1
9VHL_A	149	1	A	184		ARG	1
9VHL_A	150	1	A	185		TYR	1
9VHL_A	151	1	A	186		ALA	1
9VHL_A	152	1	A	187		ASP	1
9VHL_A	153	1	A	188		ASP	1
9VHL_A	154	1	A	189		LEU	1
9VHL_A	155	1	A	190		THR	1
9VHL_A	156	1	A	191		PHE	1
9VHL_A	157	1	A	192		SER	1
9VHL_A	158	1	A	193		CYS	1
9VHL_A	159	1	A	194		ASN	1
9VHL_A	160	1	A	195		ILE	1
9VHL_A	161	1	A	196		PRO	1
9VHL_A	162	1	A	197		ASN	1
9VHL_A	163	1	A	198		VAL	1
9VHL_A	164	1	A	199		LEU	1
9VHL_A	165	1	A	200		LYS	1
9VHL_A	166	1	A	201		ALA	1
9VHL_A	167	1	A	202		VAL	1
9VHL_A	168	1	A	203		PRO	1
9VHL_A	169	1	A	204		SER	1
9VHL_A	170	1	A	205		THR	1
9VHL_A	171	1	A	206		ILE	1
9VHL_A	172	1	A	207		GLU	1
9VHL_A	173	1	A	208		ALA	1
9VHL_A	174	1	A	209		LEU	1
9VHL_A	175	1	A	210		LEU	1
9VHL_A	176	1	A	211		LYS	1
9VHL_A	177	1	A	212		ASP	1
9VHL_A	178	1	A	213		LEU	1
9VHL_A	179	1	A	214		PHE	1
9VHL_A	180	1	A	215		GLY	1
9VHL_A	181	1	A	216		SER	1
9VHL_A	182	1	A	217		GLU	1
9VHL_A	183	1	A	218		LEU	1
9VHL_A	184	1	A	219		ARG	1
9VHL_A	185	1	A	220		LEU	1
9VHL_A	186	1	A	221		ASN	1
9VHL_A	187	1	A	222		HIS	1
9VHL_A	188	1	A	223		SER	1
9VHL_A	189	1	A	224		LYS	1
9VHL_A	190	1	A	225		THR	1
9VHL_A	191	1	A	226		VAL	1
9VHL_A	192	1	A	227		PHE	1
9VHL_A	193	1	A	228		SER	1
9VHL_A	194	1	A	229		SER	1
9VHL_A	195	1	A	230		LYS	1
9VHL_A	196	1	A	231		ALA	1
9VHL_A	197	1	A	232		HIS	1
9VHL_A	198	1	A	233		ASN	1
9VHL_A	199	1	A	234		ARG	1
9VHL_A	200	1	A	235		HIS	1
9VHL_A	201	1	A	236		VAL	1
9VHL_A	202	1	A	237		THR	1
9VHL_A	203	1	A	238		GLY	1
9VHL_A	204	1	A	239		VAL	1
9VHL_A	205	1	A	240		THR	1
9VHL_A	206	1	A	241		ILE	1
9VHL_A	207	1	A	242		ASN	1
9VHL_A	208	1	A	243		ASN	1
9VHL_A	209	1	A	244		GLU	1
9VHL_A	210	1	A	245		GLU	1
9VHL_A	211	1	A	246		THR	1
9VHL_A	212	1	A	247		LEU	1
9VHL_A	213	1	A	248		SER	1
9VHL_A	214	1	A	249		LEU	2
9VHL_A	215	1	A	250		GLY	2
9VHL_A	216	1	A	251		ARG	2
9VHL_A	217	1	A	252		ASP	2
9VHL_A	218	1	A	253		ARG	2
9VHL_A	219	1	A	254		LYS	2
9VHL_A	220	1	A	255		ARG	2
9VHL_A	221	1	A	256		PHE	2
9VHL_A	222	1	A	257		ILE	2
9VHL_A	223	1	A	258		LYS	2
9VHL_A	224	1	A	259		HIS	2
9VHL_A	225	1	A	260		LEU	2
9VHL_A	226	1	A	261		ILE	2
9VHL_A	227	1	A	262		ASN	2
9VHL_A	228	1	A	263		GLN	2
9VHL_A	229	1	A	264		TYR	2
9VHL_A	230	1	A	265		LYS	2
9VHL_A	231	1	A	266		TYR	2
9VHL_A	232	1	A	267		GLY	2
9VHL_A	233	1	A	268		LEU	2
9VHL_A	234	1	A	269		LEU	2
9VHL_A	235	1	A	270		ASP	2
9VHL_A	236	1	A	271		ASN	2
9VHL_A	237	1	A	272		GLU	2
9VHL_A	238	1	A	273		ASP	2
9VHL_A	239	1	A	274		LYS	2
9VHL_A	240	1	A	275		ALA	2
9VHL_A	241	1	A	276		TYR	2
9VHL_A	242	1	A	277		LEU	2
9VHL_A	243	1	A	278		THR	2
9VHL_A	244	1	A	279		GLY	2
9VHL_A	245	1	A	280		LEU	2
9VHL_A	246	1	A	281		LEU	2
9VHL_A	247	1	A	282		ALA	2
9VHL_A	248	1	A	283		PHE	2
9VHL_A	249	1	A	284		ALA	2
9VHL_A	250	1	A	285		SER	2
9VHL_A	251	1	A	286		HIS	2
9VHL_A	252	1	A	287		ILE	2
9VHL_A	253	1	A	288		GLU	2
9VHL_A	254	1	A	289		PRO	2
9VHL_A	255	1	A	290		GLY	2
9VHL_A	256	1	A	291		PHE	2
9VHL_A	257	1	A	292		ILE	2
9VHL_A	258	1	A	293		THR	2
9VHL_A	259	1	A	294		ARG	2
9VHL_A	260	1	A	295		MET	2
9VHL_A	261	1	A	296		ASN	2
9VHL_A	262	1	A	297		GLU	2
9VHL_A	263	1	A	298		LYS	2
9VHL_A	264	1	A	299		TYR	2
9VHL_A	265	1	A	300		SER	2
9VHL_A	266	1	A	301		LEU	2
9VHL_A	267	1	A	302		GLU	2
9VHL_A	268	1	A	303		LEU	2
9VHL_A	269	1	A	304		MET	2
9VHL_A	270	1	A	305		GLU	2
9VHL_A	271	1	A	306		ARG	2
9VHL_A	272	1	A	307		LEU	2
9WN8_A	0	1	A	5		LYS	1
9WN8_A	1	1	A	6		MET	1
9WN8_A	2	1	A	7		ILE	1
9WN8_A	3	1	A	8		LEU	1
9WN8_A	4	1	A	9		VAL	1
9WN8_A	5	1	A	10		ASP	1
9WN8_A	6	1	A	11		LYS	1
9WN8_A	7	1	A	12		VAL	1
9WN8_A	8	1	A	13		PHE	1
9WN8_A	9	1	A	14		TYR	1
9WN8_A	10	1	A	15		GLU	1
9WN8_A	11	1	A	16		LYS	1
9WN8_A	12	1	A	17		ILE	1
9WN8_A	13	1	A	18		LEU	1
9WN8_A	14	1	A	19		SER	1
9WN8_A	15	1	A	20		VAL	1
9WN8_A	16	1	A	21		GLU	1
9WN8_A	17	1	A	22		SER	1
9WN8_A	18	1	A	23		PHE	1
9WN8_A	19	1	A	24		LYS	1
9WN8_A	20	1	A	25		GLU	1
9WN8_A	21	1	A	26		ASN	1
9WN8_A	22	1	A	27		ILE	1
9WN8_A	23	1	A	28		ILE	1
9WN8_A	24	1	A	29		THR	1
9WN8_A	25	1	A	30		GLN	1
9WN8_A	26	1	A	31		SER	1
9WN8_A	27	1	A	32		ALA	1
9WN8_A	28	1	A	33		ILE	1
9WN8_A	29	1	A	34		PRO	1
9WN8_A	30	1	A	35		LYS	1
9WN8_A	31	1	A	36		ILE	0
9WN8_A	32	1	A	37		SER	0
9WN8_A	33	1	A	38		ASN	0
9WN8_A	34	1	A	39		LYS	0
9WN8_A	35	1	A	40		GLU	0
9WN8_A	36	1	A	41		VAL	0
9WN8_A	37	1	A	42		ARG	0
9WN8_A	38	1	A	43		LEU	0
9WN8_A	39	1	A	44		ILE	0
9WN8_A	40	1	A	45		SER	0
9WN8_A	41	1	A	46		SER	0
9WN8_A	42	1	A	47		GLY	0
9WN8_A	43	1	A	48		SER	0
9WN8_A	44	1	A	49		LYS	0
9WN8_A	45	1	A	50		ILE	0
9WN8_A	46	1	A	51		PHE	0
9WN8_A	47	1	A	52		TYR	0
9WN8_A	48	1	A	53		ALA	0
9WN8_A	49	1	A	54		ILE	0
9WN8_A	50	1	A	55		ASN	0
9WN8_A	51	1	A	56		ASN	0
9WN8_A	52	1	A	57		THR	0
9WN8_A	53	1	A	58		SER	0
9WN8_A	54	1	A	59		PRO	0
9WN8_A	55	1	A	60		HIS	0
9WN8_A	56	1	A	61		SER	0
9WN8_A	57	1	A	62		HIS	0
9WN8_A	58	1	A	63		VAL	0
9WN8_A	59	1	A	64		GLN	0
9WN8_A	60	1	A	65		LEU	0
9WN8_A	61	1	A	66		ARG	0
9WN8_A	62	1	A	67		LEU	2
9WN8_A	63	1	A	68		ASN	2
9WN8_A	64	1	A	69		ARG	2
9WN8_A	65	1	A	70		PHE	2
9WN8_A	66	1	A	71		PHE	2
9WN8_A	67	1	A	72		LEU	2
9WN8_A	68	1	A	73		SER	2
9WN8_A	69	1	A	74		HIS	2
9WN8_A	70	1	A	75		ILE	2
9WN8_A	71	1	A	76		PRO	2
9WN8_A	72	1	A	77		LEU	2
9WN8_A	73	1	A	78		ASN	2
9WN8_A	74	1	A	79		SER	2
9WN8_A	75	1	A	80		ALA	2
9WN8_A	76	1	A	81		ALA	2
9WN8_A	77	1	A	82		LYS	2
9WN8_A	78	1	A	83		ALA	2
9WN8_A	79	1	A	84		PHE	2
9WN8_A	80	1	A	85		VAL	2
9WN8_A	81	1	A	86		ARG	2
9WN8_A	82	1	A	87		GLY	2
9WN8_A	83	1	A	88		GLY	2
9WN8_A	84	1	A	89		SER	2
9WN8_A	85	1	A	90		TYR	2
9WN8_A	86	1	A	91		LEU	2
9WN8_A	87	1	A	92		LYS	2
9WN8_A	88	1	A	93		TYR	2
9WN8_A	89	1	A	94		LEU	2
9WN8_A	90	1	A	95		GLU	2
9WN8_A	91	1	A	96		PRO	2
9WN8_A	92	1	A	97		HIS	2
9WN8_A	93	1	A	98		ILE	2
9WN8_A	94	1	A	99		TYR	2
9WN8_A	95	1	A	100		GLY	2
9WN8_A	96	1	A	101		SER	2
9WN8_A	97	1	A	102		SER	2
9WN8_A	98	1	A	103		TYR	2
9WN8_A	99	1	A	104		CYS	2
9WN8_A	100	1	A	105		ARG	2
9WN8_A	101	1	A	106		LEU	2
9WN8_A	102	1	A	107		ASP	2
9WN8_A	103	1	A	108		ILE	2
9WN8_A	104	1	A	109		SER	2
9WN8_A	105	1	A	110		SER	2
9WN8_A	106	1	A	111		PHE	2
9WN8_A	107	1	A	112		PHE	2
9WN8_A	108	1	A	113		ASN	2
9WN8_A	109	1	A	114		ASN	2
9WN8_A	110	1	A	115		ILE	2
9WN8_A	111	1	A	116		SER	1
9WN8_A	112	1	A	117		PHE	1
9WN8_A	113	1	A	118		ASP	1
9WN8_A	114	1	A	119		ASP	1
9WN8_A	115	1	A	120		VAL	1
9WN8_A	116	1	A	121		LYS	1
9WN8_A	117	1	A	122		GLN	1
9WN8_A	118	1	A	123		SER	1
9WN8_A	119	1	A	124		LEU	1
9WN8_A	120	1	A	125		SER	1
9WN8_A	121	1	A	126		PRO	1
9WN8_A	122	1	A	127		TYR	1
9WN8_A	123	1	A	128		ILE	1
9WN8_A	124	1	A	129		LYS	1
9WN8_A	125	1	A	130		ASP	1
9WN8_A	126	1	A	131		GLU	1
9WN8_A	127	1	A	132		TYR	1
9WN8_A	128	1	A	133		LEU	1
9WN8_A	129	1	A	134		ILE	1
9WN8_A	130	1	A	135		GLY	1
9WN8_A	131	1	A	136		THR	1
9WN8_A	132	1	A	137		GLU	1
9WN8_A	133	1	A	138		GLN	1
9WN8_A	134	1	A	139		LYS	1
9WN8_A	135	1	A	140		LEU	1
9WN8_A	136	1	A	141		ILE	1
9WN8_A	137	1	A	142		ASP	1
9WN8_A	138	1	A	143		ALA	1
9WN8_A	139	1	A	144		ILE	1
9WN8_A	140	1	A	145		LEU	1
9WN8_A	141	1	A	146		ASN	1
9WN8_A	142	1	A	147		SER	1
9WN8_A	143	1	A	148		VAL	1
9WN8_A	144	1	A	149		GLY	0
9WN8_A	145	1	A	150		TYR	0
9WN8_A	146	1	A	151		GLU	0
9WN8_A	147	1	A	152		SER	0
9WN8_A	148	1	A	153		PRO	0
9WN8_A	149	1	A	154		ILE	0
9WN8_A	150	1	A	155		ARG	0
9WN8_A	151	1	A	156		LYS	0
9WN8_A	152	1	A	157		ASP	0
9WN8_A	153	1	A	158		LYS	0
9WN8_A	154	1	A	159		GLY	0
9WN8_A	155	1	A	160		MET	0
9WN8_A	156	1	A	161		ILE	0
9WN8_A	157	1	A	162		ILE	2
9WN8_A	158	1	A	163		PRO	2
9WN8_A	159	1	A	164		MET	2
9WN8_A	160	1	A	165		GLY	2
9WN8_A	161	1	A	166		PHE	2
9WN8_A	162	1	A	167		ARG	2
9WN8_A	163	1	A	168		THR	2
9WN8_A	164	1	A	169		SER	2
9WN8_A	165	1	A	170		PRO	2
9WN8_A	166	1	A	171		ALA	2
9WN8_A	167	1	A	172		ILE	2
9WN8_A	168	1	A	173		SER	2
9WN8_A	169	1	A	174		ASN	2
9WN8_A	170	1	A	175		ILE	2
9WN8_A	171	1	A	176		VAL	2
9WN8_A	172	1	A	177		PHE	2
9WN8_A	173	1	A	178		ARG	2
9WN8_A	174	1	A	179		LYS	2
9WN8_A	175	1	A	180		MET	2
9WN8_A	176	1	A	181		ASP	2
9WN8_A	177	1	A	182		LEU	2
9WN8_A	178	1	A	183		LEU	2
9WN8_A	179	1	A	184		ILE	2
9WN8_A	180	1	A	185		GLN	2
9WN8_A	181	1	A	186		ASP	2
9WN8_A	182	1	A	187		PHE	2
9WN8_A	183	1	A	188		CYS	2
9WN8_A	184	1	A	189		ALA	2
9WN8_A	185	1	A	190		LYS	2
9WN8_A	186	1	A	191		LYS	2
9WN8_A	187	1	A	192		GLY	2
9WN8_A	188	1	A	193		VAL	2
9WN8_A	189	1	A	194		ILE	2
9WN8_A	190	1	A	195		TYR	2
9WN8_A	191	1	A	196		SER	2
9WN8_A	192	1	A	197		ARG	2
9WN8_A	193	1	A	198		TYR	2
9WN8_A	194	1	A	199		ALA	2
9WN8_A	195	1	A	200		ASP	2
9WN8_A	196	1	A	201		ASP	2
9WN8_A	197	1	A	202		MET	2
9WN8_A	198	1	A	203		LEU	2
9WN8_A	199	1	A	204		PHE	2
9WN8_A	200	1	A	205		SER	2
9WN8_A	201	1	A	206		ASN	2
9WN8_A	202	1	A	207		PRO	2
9WN8_A	203	1	A	208		ARG	2
9WN8_A	204	1	A	209		GLU	2
9WN8_A	205	1	A	210		SER	2
9WN8_A	206	1	A	211		LYS	2
9WN8_A	207	1	A	212		LEU	2
9WN8_A	208	1	A	213		LEU	2
9WN8_A	209	1	A	214		MET	2
9WN8_A	210	1	A	215		SER	2
9WN8_A	211	1	A	216		ASP	2
9WN8_A	212	1	A	217		TYR	2
9WN8_A	213	1	A	218		PHE	2
9WN8_A	214	1	A	219		ILE	2
9WN8_A	215	1	A	220		ASP	2
9WN8_A	216	1	A	221		GLU	2
9WN8_A	217	1	A	222		ILE	2
9WN8_A	218	1	A	223		SER	2
9WN8_A	219	1	A	224		SER	2
9WN8_A	220	1	A	225		LEU	2
9WN8_A	221	1	A	226		LEU	2
9WN8_A	222	1	A	227		SER	2
9WN8_A	223	1	A	228		ILE	2
9WN8_A	224	1	A	229		MET	2
9WN8_A	225	1	A	230		GLY	2
9WN8_A	226	1	A	231		PHE	2
9WN8_A	227	1	A	232		ASN	2
9WN8_A	228	1	A	233		ILE	2
9WN8_A	229	1	A	234		ASN	2
9WN8_A	230	1	A	235		GLN	2
9WN8_A	231	1	A	236		SER	2
9WN8_A	232	1	A	237		LYS	2
9WN8_A	233	1	A	238		TYR	2
9WN8_A	234	1	A	239		ILE	2
9WN8_A	235	1	A	240		SER	2
9WN8_A	236	1	A	241		ARG	2
9WN8_A	237	1	A	242		GLU	2
9WN8_A	238	1	A	243		LYS	2
9WN8_A	239	1	A	244		GLU	2
9WN8_A	240	1	A	245		ILE	2
9WN8_A	241	1	A	246		SER	2
9WN8_A	242	1	A	247		ILE	2
9WN8_A	243	1	A	248		ASN	2
9WN8_A	244	1	A	249		GLY	2
9WN8_A	245	1	A	250		TYR	2
9WN8_A	246	1	A	251		VAL	2
9WN8_A	247	1	A	252		ILE	2
9WN8_A	248	1	A	253		GLU	2
9WN8_A	249	1	A	254		ASN	2
9WN8_A	250	1	A	255		LYS	2
9WN8_A	251	1	A	256		GLY	2
9WN8_A	252	1	A	257		GLY	2
9WN8_A	253	1	A	258		ASN	2
9WN8_A	254	1	A	259		GLY	2
9WN8_A	255	1	A	260		SER	2
9WN8_A	256	1	A	261		ILE	2
9WN8_A	257	1	A	262		GLY	2
9WN8_A	258	1	A	263		THR	2
9WN8_A	259	1	A	264		ILE	2
9WN8_A	260	1	A	265		ARG	2
9WN8_A	261	1	A	266		LEU	2
9WN8_A	262	1	A	267		SER	2
9WN8_A	263	1	A	268		LYS	3
9WN8_A	264	1	A	269		SER	3
9WN8_A	265	1	A	270		LYS	3
9WN8_A	266	1	A	271		LEU	3
9WN8_A	267	1	A	272		ASN	3
9WN8_A	268	1	A	273		THR	3
9WN8_A	269	1	A	274		VAL	3
9WN8_A	270	1	A	275		LEU	3
9WN8_A	271	1	A	276		LYS	3
9WN8_A	272	1	A	277		VAL	3
9WN8_A	273	1	A	278		THR	3
9WN8_A	274	1	A	279		HIS	3
9WN8_A	275	1	A	280		ALA	3
9WN8_A	276	1	A	281		LEU	3
9WN8_A	277	1	A	282		ALA	3
9WN8_A	278	1	A	283		GLN	3
9WN8_A	279	1	A	284		ASN	3
9WN8_A	280	1	A	285		ILE	3
9WN8_A	281	1	A	286		PRO	3
9WN8_A	282	1	A	287		TYR	3
9WN8_A	283	1	A	288		LYS	3
9WN8_A	284	1	A	289		ASN	3
9WN8_A	285	1	A	290		ILE	3
9WN8_A	286	1	A	291		CYS	3
9WN8_A	287	1	A	292		ASN	3
9WN8_A	288	1	A	293		LYS	3
9WN8_A	289	1	A	294		TYR	3
9WN8_A	290	1	A	295		ILE	3
9WN8_A	291	1	A	309		LYS	3
9WN8_A	292	1	A	310		LYS	3
9WN8_A	293	1	A	311		ASP	3
9WN8_A	294	1	A	312		GLU	3
9WN8_A	295	1	A	313		PHE	3
9WN8_A	296	1	A	314		GLU	3
9WN8_A	297	1	A	315		LYS	3
9WN8_A	298	1	A	316		LYS	3
9WN8_A	299	1	A	317		TYR	3
9WN8_A	300	1	A	318		TYR	3
9WN8_A	301	1	A	319		ARG	3
9WN8_A	302	1	A	320		ASP	3
9WN8_A	303	1	A	321		GLN	3
9WN8_A	304	1	A	322		LEU	3
9WN8_A	305	1	A	323		ILE	3
9WN8_A	306	1	A	324		ASN	3
9WN8_A	307	1	A	325		TYR	3
9WN8_A	308	1	A	326		LEU	3
9WN8_A	309	1	A	327		GLY	3
9WN8_A	310	1	A	328		GLY	3
9WN8_A	311	1	A	329		TYR	3
9WN8_A	312	1	A	330		ARG	3
9WN8_A	313	1	A	331		SER	3
9WN8_A	314	1	A	332		TYR	3
9WN8_A	315	1	A	333		LEU	3
9WN8_A	316	1	A	334		ILE	3
9WN8_A	317	1	A	335		SER	3
9WN8_A	318	1	A	336		LEU	3
9WN8_A	319	1	A	337		VAL	3
9WN8_A	320	1	A	338		LYS	3
9WN8_A	321	1	A	339		PHE	3
9WN8_A	322	1	A	340		HIS	3
9WN8_A	323	1	A	341		SER	3
9WN8_A	324	1	A	342		GLU	3
9WN8_A	325	1	A	343		TYR	3
9WN8_A	326	1	A	344		LYS	3
9WN8_A	327	1	A	345		CYS	3
9WN8_A	328	1	A	346		VAL	3
9WN8_A	329	1	A	347		ASN	3
9WN8_A	330	1	A	348		SER	3
9WN8_A	331	1	A	349		ASP	3
9WN8_A	332	1	A	350		PHE	3
9WN8_A	333	1	A	351		ILE	3
9WN8_A	334	1	A	352		ILE	3
9WN8_A	335	1	A	353		GLN	3
9WN8_A	336	1	A	354		ILE	3
9WN8_A	337	1	A	355		ASN	3
9WN8_A	338	1	A	356		GLY	3
9WN8_A	339	1	A	357		ILE	3
9WN8_A	340	1	A	358		LEU	3
9WN8_A	341	1	A	359		ASN	3
9WN8_A	342	1	A	360		ASP	3
9WN8_A	343	1	A	361		ILE	3
9WN8_A	344	1	A	362		GLN	3
9WN8_A	345	1	A	363		ASN	3
9WN8_A	346	1	A	364		HIS	3
9WN8_A	347	1	A	365		ILE	3
9WN8_A	348	1	A	366		GLN	3
9WN8_A	349	1	A	367		LYS	3
9WN8_A	350	1	A	368		ILE	3
9WN8_A	351	1	A	369		LYS	3
9WN8_A	352	1	A	370		LYS	3
9WN8_A	353	1	A	371		ASN	3
9WY8_A	0	1	A	1		MET	1
9WY8_A	1	1	A	2		ASP	1
9WY8_A	2	1	A	3		LYS	1
9WY8_A	3	1	A	4		LEU	1
9WY8_A	4	1	A	5		LYS	1
9WY8_A	5	1	A	6		GLU	1
9WY8_A	6	1	A	7		LEU	1
9WY8_A	7	1	A	8		LEU	1
9WY8_A	8	1	A	9		GLU	1
9WY8_A	9	1	A	10		LYS	1
9WY8_A	10	1	A	11		GLY	1
9WY8_A	11	1	A	12		PHE	1
9WY8_A	12	1	A	13		LEU	1
9WY8_A	13	1	A	14		PRO	1
9WY8_A	14	1	A	15		ILE	1
9WY8_A	15	1	A	16		GLN	1
9WY8_A	16	1	A	17		LEU	1
9WY8_A	17	1	A	18		PRO	1
9WY8_A	18	1	A	19		PRO	1
9WY8_A	19	1	A	20		GLY	1
9WY8_A	20	1	A	21		PHE	1
9WY8_A	21	1	A	22		THR	1
9WY8_A	22	1	A	23		SER	1
9WY8_A	23	1	A	24		ARG	1
9WY8_A	24	1	A	25		SER	1
9WY8_A	25	1	A	26		TYR	1
9WY8_A	26	1	A	27		ALA	1
9WY8_A	27	1	A	28		VAL	1
9WY8_A	28	1	A	29		LYS	1
9WY8_A	29	1	A	30		TYR	1
9WY8_A	30	1	A	31		LYS	1
9WY8_A	31	1	A	32		LYS	1
9WY8_A	32	1	A	33		TYR	1
9WY8_A	33	1	A	34		LYS	1
9WY8_A	34	1	A	35		PRO	1
9WY8_A	35	1	A	36		ILE	1
9WY8_A	36	1	A	37		TRP	1
9WY8_A	37	1	A	38		GLU	1
9WY8_A	38	1	A	39		SER	1
9WY8_A	39	1	A	40		LYS	1
9WY8_A	40	1	A	41		LYS	1
9WY8_A	41	1	A	42		ALA	1
9WY8_A	42	1	A	43		PRO	1
9WY8_A	43	1	A	44		SER	1
9WY8_A	44	1	A	45		THR	1
9WY8_A	45	1	A	46		ARG	1
9WY8_A	46	1	A	47		ALA	1
9WY8_A	47	1	A	48		GLU	1
9WY8_A	48	1	A	49		ARG	1
9WY8_A	49	1	A	50		PHE	1
9WY8_A	50	1	A	51		SER	1
9WY8_A	51	1	A	52		VAL	1
9WY8_A	52	1	A	53		ALA	1
9WY8_A	53	1	A	54		ARG	1
9WY8_A	54	1	A	55		SER	1
9WY8_A	55	1	A	56		SER	1
9WY8_A	56	1	A	57		TYR	1
9WY8_A	57	1	A	58		ASN	1
9WY8_A	58	1	A	59		ARG	1
9WY8_A	59	1	A	60		ARG	1
9WY8_A	60	1	A	61		VAL	1
9WY8_A	61	1	A	62		THR	1
9WY8_A	62	1	A	63		SER	1
9WY8_A	63	1	A	64		ILE	1
9WY8_A	64	1	A	65		LEU	1
9WY8_A	65	1	A	66		ASN	1
9WY8_A	66	1	A	67		PRO	1
9WY8_A	67	1	A	68		ILE	1
9WY8_A	68	1	A	69		SER	1
9WY8_A	69	1	A	70		TYR	1
9WY8_A	70	1	A	71		LEU	1
9WY8_A	71	1	A	72		LEU	1
9WY8_A	72	1	A	73		LEU	1
9WY8_A	73	1	A	74		SER	1
9WY8_A	74	1	A	75		LYS	1
9WY8_A	75	1	A	76		GLU	2
9WY8_A	76	1	A	77		ILE	2
9WY8_A	77	1	A	78		VAL	2
9WY8_A	78	1	A	79		LYS	2
9WY8_A	79	1	A	80		TYR	2
9WY8_A	80	1	A	81		TRP	2
9WY8_A	81	1	A	82		PRO	2
9WY8_A	82	1	A	83		LYS	2
9WY8_A	83	1	A	84		ILE	2
9WY8_A	84	1	A	85		GLN	2
9WY8_A	85	1	A	86		LYS	2
9WY8_A	86	1	A	87		HIS	2
9WY8_A	87	1	A	88		TYR	2
9WY8_A	88	1	A	89		LYS	2
9WY8_A	89	1	A	90		ARG	2
9WY8_A	90	1	A	91		SER	2
9WY8_A	91	1	A	92		LYS	2
9WY8_A	92	1	A	93		ILE	2
9WY8_A	93	1	A	94		SER	2
9WY8_A	94	1	A	95		LEU	2
9WY8_A	95	1	A	96		SER	2
9WY8_A	96	1	A	97		THR	2
9WY8_A	97	1	A	98		PRO	2
9WY8_A	98	1	A	99		GLN	2
9WY8_A	99	1	A	100		ILE	2
9WY8_A	100	1	A	101		PHE	2
9WY8_A	101	1	A	102		PRO	2
9WY8_A	102	1	A	103		GLU	2
9WY8_A	103	1	A	104		LEU	2
9WY8_A	104	1	A	105		ARG	2
9WY8_A	105	1	A	106		ALA	2
9WY8_A	106	1	A	107		ILE	2
9WY8_A	107	1	A	108		LYS	2
9WY8_A	108	1	A	109		ILE	2
9WY8_A	109	1	A	110		SER	2
9WY8_A	110	1	A	111		LYS	2
9WY8_A	111	1	A	112		PHE	2
9WY8_A	112	1	A	113		SER	2
9WY8_A	113	1	A	114		GLU	2
9WY8_A	114	1	A	115		LEU	2
9WY8_A	115	1	A	116		TYR	2
9WY8_A	116	1	A	117		GLU	2
9WY8_A	117	1	A	118		ALA	2
9WY8_A	118	1	A	119		LYS	2
9WY8_A	119	1	A	120		VAL	2
9WY8_A	120	1	A	121		ILE	2
9WY8_A	121	1	A	122		ARG	2
9WY8_A	122	1	A	123		SER	2
9WY8_A	123	1	A	124		THR	2
9WY8_A	124	1	A	125		GLY	2
9WY8_A	125	1	A	126		TYR	2
9WY8_A	126	1	A	127		ARG	2
9WY8_A	127	1	A	128		TYR	2
9WY8_A	128	1	A	129		VAL	2
9WY8_A	129	1	A	130		LEU	2
9WY8_A	130	1	A	131		ILE	2
9WY8_A	131	1	A	132		THR	2
9WY8_A	132	1	A	133		ASP	2
9WY8_A	133	1	A	134		ILE	2
9WY8_A	134	1	A	135		ASN	2
9WY8_A	135	1	A	136		ARG	2
9WY8_A	136	1	A	137		PHE	2
9WY8_A	137	1	A	138		PHE	2
9WY8_A	138	1	A	139		PRO	2
9WY8_A	139	1	A	140		SER	2
9WY8_A	140	1	A	141		ILE	2
9WY8_A	141	1	A	142		TYR	2
9WY8_A	142	1	A	143		THR	2
9WY8_A	143	1	A	144		HIS	2
9WY8_A	144	1	A	145		THR	2
9WY8_A	145	1	A	146		ILE	2
9WY8_A	146	1	A	147		PRO	2
9WY8_A	147	1	A	148		TRP	2
9WY8_A	148	1	A	149		ALA	2
9WY8_A	149	1	A	150		LEU	2
9WY8_A	150	1	A	151		HIS	2
9WY8_A	151	1	A	152		THR	2
9WY8_A	152	1	A	153		LYS	2
9WY8_A	153	1	A	154		VAL	2
9WY8_A	154	1	A	155		ILE	2
9WY8_A	155	1	A	156		ALA	2
9WY8_A	156	1	A	157		LYS	2
9WY8_A	157	1	A	158		LYS	2
9WY8_A	158	1	A	159		ASN	2
9WY8_A	159	1	A	160		LYS	2
9WY8_A	160	1	A	161		GLU	2
9WY8_A	161	1	A	162		LYS	2
9WY8_A	162	1	A	163		ASN	2
9WY8_A	163	1	A	164		ALA	2
9WY8_A	164	1	A	165		GLN	2
9WY8_A	165	1	A	166		TYR	2
9WY8_A	166	1	A	167		TYR	2
9WY8_A	167	1	A	168		GLY	2
9WY8_A	168	1	A	169		ASN	2
9WY8_A	169	1	A	170		ILE	2
9WY8_A	170	1	A	171		LEU	2
9WY8_A	171	1	A	172		ASP	2
9WY8_A	172	1	A	173		ASN	2
9WY8_A	173	1	A	174		ARG	2
9WY8_A	174	1	A	175		SER	2
9WY8_A	175	1	A	176		MET	2
9WY8_A	176	1	A	177		GLY	2
9WY8_A	177	1	A	178		VAL	2
9WY8_A	178	1	A	179		GLN	2
9WY8_A	179	1	A	180		GLU	2
9WY8_A	180	1	A	181		TRP	2
9WY8_A	181	1	A	182		GLN	2
9WY8_A	182	1	A	183		THR	2
9WY8_A	183	1	A	184		VAL	2
9WY8_A	184	1	A	185		GLY	2
9WY8_A	185	1	A	186		LEU	2
9WY8_A	186	1	A	187		PRO	2
9WY8_A	187	1	A	188		ILE	2
9WY8_A	188	1	A	189		GLY	2
9WY8_A	189	1	A	190		PRO	2
9WY8_A	190	1	A	191		ASP	2
9WY8_A	191	1	A	192		THR	2
9WY8_A	192	1	A	193		SER	2
9WY8_A	193	1	A	194		HIS	2
9WY8_A	194	1	A	195		ILE	2
9WY8_A	195	1	A	196		ILE	2
9WY8_A	196	1	A	197		ALA	2
9WY8_A	197	1	A	198		GLU	2
9WY8_A	198	1	A	199		ILE	2
9WY8_A	199	1	A	200		ILE	2
9WY8_A	200	1	A	201		GLY	2
9WY8_A	201	1	A	202		VAL	2
9WY8_A	202	1	A	203		ALA	2
9WY8_A	203	1	A	204		ILE	2
9WY8_A	204	1	A	205		ASP	2
9WY8_A	205	1	A	206		LEU	2
9WY8_A	206	1	A	207		GLN	2
9WY8_A	207	1	A	208		ILE	2
9WY8_A	208	1	A	209		LYS	2
9WY8_A	209	1	A	210		ASP	2
9WY8_A	210	1	A	211		ALA	2
9WY8_A	211	1	A	212		LEU	2
9WY8_A	212	1	A	213		GLY	2
9WY8_A	213	1	A	214		LYS	2
9WY8_A	214	1	A	215		TRP	2
9WY8_A	215	1	A	216		PRO	2
9WY8_A	216	1	A	217		SER	2
9WY8_A	217	1	A	218		GLY	2
9WY8_A	218	1	A	219		PHE	2
9WY8_A	219	1	A	220		ARG	2
9WY8_A	220	1	A	221		TYR	2
9WY8_A	221	1	A	222		VAL	2
9WY8_A	222	1	A	223		ASP	2
9WY8_A	223	1	A	224		ASP	2
9WY8_A	224	1	A	225		PHE	2
9WY8_A	225	1	A	226		TYR	2
9WY8_A	226	1	A	227		PHE	2
9WY8_A	227	1	A	228		PHE	2
9WY8_A	228	1	A	229		PHE	2
9WY8_A	229	1	A	230		ASP	2
9WY8_A	230	1	A	231		THR	2
9WY8_A	231	1	A	232		ARG	2
9WY8_A	232	1	A	233		ASP	2
9WY8_A	233	1	A	234		GLU	2
9WY8_A	234	1	A	235		ALA	2
9WY8_A	235	1	A	236		GLU	2
9WY8_A	236	1	A	237		VAL	2
9WY8_A	237	1	A	238		ALA	2
9WY8_A	238	1	A	239		LEU	2
9WY8_A	239	1	A	240		ALA	2
9WY8_A	240	1	A	241		GLU	2
9WY8_A	241	1	A	242		LEU	2
9WY8_A	242	1	A	243		THR	2
9WY8_A	243	1	A	244		LYS	2
9WY8_A	244	1	A	245		ALA	2
9WY8_A	245	1	A	246		ILE	2
9WY8_A	246	1	A	247		SER	2
9WY8_A	247	1	A	248		ASN	2
9WY8_A	248	1	A	249		PHE	2
9WY8_A	249	1	A	250		GLU	2
9WY8_A	250	1	A	251		LEU	2
9WY8_A	251	1	A	252		GLN	2
9WY8_A	252	1	A	253		ILE	2
9WY8_A	253	1	A	254		ASN	2
9WY8_A	254	1	A	255		PRO	2
9WY8_A	255	1	A	256		SER	2
9WY8_A	256	1	A	257		LYS	2
9WY8_A	257	1	A	258		THR	2
9WY8_A	258	1	A	259		ARG	2
9WY8_A	259	1	A	260		ILE	2
9WY8_A	260	1	A	261		VAL	2
9WY8_A	261	1	A	262		GLU	2
9WY8_A	262	1	A	263		VAL	2
9WY8_A	263	1	A	264		LYS	2
9WY8_A	264	1	A	265		SER	2
9WY8_A	265	1	A	266		LEU	2
9WY8_A	266	1	A	267		VAL	2
9WY8_A	267	1	A	268		GLU	1
9WY8_A	268	1	A	269		GLU	1
9WY8_A	269	1	A	270		SER	1
9WY8_A	270	1	A	271		TRP	1
9WY8_A	271	1	A	272		LYS	1
9WY8_A	272	1	A	273		TYR	1
9WY8_A	273	1	A	274		SER	1
9WY8_A	274	1	A	275		LEU	1
9WY8_A	275	1	A	276		LYS	1
9WY8_A	276	1	A	277		LYS	1
9WY8_A	277	1	A	278		LEU	1
9WY8_A	278	1	A	279		SER	1
9WY8_A	279	1	A	280		ILE	1
9WY8_A	280	1	A	281		SER	1
9WY8_A	281	1	A	282		TYR	1
9WY8_A	282	1	A	283		ASP	1
9WY8_A	283	1	A	284		ARG	1
9WY8_A	284	1	A	285		ARG	1
9WY8_A	285	1	A	286		ALA	1
9WY8_A	286	1	A	287		GLN	1
9WY8_A	287	1	A	288		ARG	1
9WY8_A	288	1	A	289		ASP	1
9WY8_A	289	1	A	290		ASP	1
9WY8_A	290	1	A	291		ILE	1
9WY8_A	291	1	A	292		HIS	1
9WY8_A	292	1	A	293		ASN	1
9WY8_A	293	1	A	294		TYR	1
9WY8_A	294	1	A	295		PHE	1
9WY8_A	295	1	A	296		GLU	1
9WY8_A	296	1	A	297		ALA	1
9WY8_A	297	1	A	298		LEU	1
9WY8_A	298	1	A	299		PHE	1
9WY8_A	299	1	A	300		ALA	1
9WY8_A	300	1	A	301		LEU	1
9WY8_A	301	1	A	302		GLU	1
9WY8_A	302	1	A	303		SER	1
9WY8_A	303	1	A	304		LYS	1
9WY8_A	304	1	A	305		PHE	1
9WY8_A	305	1	A	306		PHE	1
9WY8_A	306	1	A	307		ASP	1
9WY8_A	307	1	A	308		GLU	1
9WY8_A	308	1	A	309		SER	1
9WY8_A	309	1	A	310		LEU	1
9WY8_A	310	1	A	311		VAL	1
9WY8_A	311	1	A	312		LYS	1
9WY8_A	312	1	A	313		TYR	1
9WY8_A	313	1	A	314		GLY	1
9WY8_A	314	1	A	315		LEU	1
9WY8_A	315	1	A	316		LYS	1
9WY8_A	316	1	A	317		GLN	1
9WY8_A	317	1	A	318		ILE	1
9WY8_A	318	1	A	319		SER	1
9WY8_A	319	1	A	320		SER	1
9WY8_A	320	1	A	321		HIS	1
9WY8_A	321	1	A	322		ILE	1
9WY8_A	322	1	A	323		ILE	1
9WY8_A	323	1	A	324		LYS	1
9WY8_A	324	1	A	325		MET	1
9WY8_A	325	1	A	326		SER	1
9WY8_A	326	1	A	327		ASN	1
9WY8_A	327	1	A	328		TRP	1
9WY8_A	328	1	A	329		ASP	1
9WY8_A	329	1	A	330		VAL	1
9WY8_A	330	1	A	331		PHE	1
9WY8_A	331	1	A	332		GLU	1
9WY8_A	332	1	A	333		ALA	1
9WY8_A	333	1	A	334		TYR	1
9WY8_A	334	1	A	335		LEU	1
9WY8_A	335	1	A	336		LEU	1
9WY8_A	336	1	A	337		LYS	1
9WY8_A	337	1	A	338		CYS	1
9WY8_A	338	1	A	339		GLY	1
9WY8_A	339	1	A	340		PHE	1
9WY8_A	340	1	A	341		SER	1
9WY8_A	341	1	A	342		PHE	1
9WY8_A	342	1	A	343		PRO	1
9WY8_A	343	1	A	344		ASN	1
9WY8_A	344	1	A	345		THR	1
9WY8_A	345	1	A	346		LEU	1
9WY8_A	346	1	A	347		GLN	1
9WY8_A	347	1	A	348		VAL	1
9WY8_A	348	1	A	349		ILE	1
9WY8_A	349	1	A	350		VAL	1
9WY8_A	350	1	A	351		ASN	1
9WY8_A	351	1	A	352		ILE	1
9WY8_A	352	1	A	353		LEU	1
9WY8_A	353	1	A	354		SER	1
9WY8_A	354	1	A	355		THR	1
9WY8_A	355	1	A	356		TYR	1
9WY8_A	356	1	A	357		ASN	1
9WY8_A	357	1	A	358		ARG	1
9WY8_A	358	1	A	359		HIS	1
9WY8_A	359	1	A	360		GLY	1
9WY8_A	360	1	A	361		TYR	1
9WY8_A	361	1	A	362		LYS	1
9WY8_A	362	1	A	363		LEU	1
9WY8_A	363	1	A	364		ASN	1
9WY8_A	364	1	A	365		LEU	1
9WY8_A	365	1	A	366		SER	1
9WY8_A	366	1	A	367		ALA	1
9WY8_A	367	1	A	368		ILE	1
9WY8_A	368	1	A	369		GLU	1
9WY8_A	369	1	A	370		ARG	1
9WY8_A	370	1	A	371		PHE	1
9WY8_A	371	1	A	372		CYS	1
9WY8_A	372	1	A	373		ASN	1
9WY8_A	373	1	A	374		THR	1
9WY8_A	374	1	A	375		LEU	1
9WY8_A	375	1	A	376		VAL	1
9WY8_A	376	1	A	377		LYS	1
9WY8_A	377	1	A	378		ILE	1
9WY8_A	378	1	A	379		HIS	1
9WY8_A	379	1	A	380		ALA	1
9WY8_A	380	1	A	381		ILE	1
9WY8_A	381	1	A	382		SER	1
9WY8_A	382	1	A	383		ASP	1
9WY8_A	383	1	A	384		HIS	1
9WY8_A	384	1	A	385		HIS	1
9WY8_A	385	1	A	386		GLY	1
9WY8_A	386	1	A	387		GLU	1
9WY8_A	387	1	A	388		VAL	1
9WY8_A	388	1	A	389		SER	1
9WY8_A	389	1	A	390		TRP	1
9WY8_A	390	1	A	391		LEU	1
9WY8_A	391	1	A	392		LEU	1
9WY8_A	392	1	A	393		TRP	1
9WY8_A	393	1	A	394		ILE	1
9WY8_A	394	1	A	395		CYS	1
9WY8_A	395	1	A	396		LYS	1
9WY8_A	396	1	A	397		GLU	1
9WY8_A	397	1	A	398		LEU	1
9WY8_A	398	1	A	399		GLY	1
9WY8_A	399	1	A	400		LEU	1
9WY8_A	400	1	A	401		ASN	1
9WY8_A	401	1	A	402		LEU	1
9WY8_A	402	1	A	403		ARG	1
9WY8_A	403	1	A	404		ARG	1
9WY8_A	404	1	A	405		ASP	1
9WY8_A	405	1	A	406		VAL	1
9WY8_A	406	1	A	407		VAL	1
9WY8_A	407	1	A	408		ARG	1
9WY8_A	408	1	A	409		GLU	1
9WY8_A	409	1	A	410		ILE	1
9WY8_A	410	1	A	411		GLU	1
9WY8_A	411	1	A	412		GLY	1
9WY8_A	412	1	A	413		MET	1
9WY8_A	413	1	A	414		SER	1
9WY8_A	414	1	A	415		SER	1
9WY8_A	415	1	A	416		SER	1
9WY8_A	416	1	A	417		VAL	1
9WY8_A	417	1	A	418		CYS	1
9WY8_A	418	1	A	419		ALA	1
9WY8_A	419	1	A	420		LEU	1
9WY8_A	420	1	A	421		ILE	1
9WY8_A	421	1	A	422		THR	1
9WY8_A	422	1	A	423		LEU	1
9WY8_A	423	1	A	424		ASP	1
9WY8_A	424	1	A	425		LEU	1
9WY8_A	425	1	A	426		TYR	1
9WY8_A	426	1	A	427		TYR	1
9WY8_A	427	1	A	428		SER	1
9WY8_A	428	1	A	429		GLY	1
9WY8_A	429	1	A	430		LYS	1
9WY8_A	430	1	A	431		ILE	1
9WY8_A	431	1	A	432		LYS	1
9WY8_A	432	1	A	433		THR	1
9WY8_A	433	1	A	434		ASN	1
9WY8_A	434	1	A	435		LEU	1
9WY8_A	435	1	A	436		ARG	1
9WY8_A	436	1	A	437		VAL	1
9WY8_A	437	1	A	438		ASP	1
9WY8_A	438	1	A	439		TYR	1
9WY8_A	439	1	A	440		LEU	1
9WY8_A	440	1	A	441		LYS	1
9WY8_A	441	1	A	442		GLN	1
9WY8_A	442	1	A	443		TYR	1
9WY8_A	443	1	A	444		SER	1
9WY8_A	444	1	A	445		ASN	1
9WY8_A	445	1	A	446		LYS	1
9WY8_A	446	1	A	447		GLU	1
9WY8_A	447	1	A	448		ALA	1
9WY8_A	448	1	A	449		LEU	1
9WY8_A	449	1	A	450		TYR	1
9WY8_A	450	1	A	451		GLY	1
9WY8_A	451	1	A	452		SER	1
9WY8_A	452	1	A	453		ALA	1
9WY8_A	453	1	A	454		TRP	1
9WY8_A	454	1	A	455		LEU	1
9WY8_A	455	1	A	456		LEU	1
9WY8_A	456	1	A	457		SER	1
9WY8_A	457	1	A	458		TYR	1
9WY8_A	458	1	A	459		GLU	1
9WY8_A	459	1	A	460		ALA	1
9WY8_A	460	1	A	461		GLY	1
9WY8_A	461	1	A	462		ARG	1
9WY8_A	462	1	A	463		ARG	1
9WY8_A	463	1	A	464		GLY	1
9WY8_A	464	1	A	465		TRP	1
9WY8_A	465	1	A	466		LEU	1
9WY8_A	466	1	A	467		LYS	1
9WY8_A	467	1	A	468		ASN	1
9WY8_A	468	1	A	469		ASN	1
9WY8_A	469	1	A	470		ASN	1
9WY8_A	470	1	A	471		HIS	1
9WY8_A	471	1	A	472		ALA	1
9WY8_A	472	1	A	473		TYR	1
9WY8_A	473	1	A	474		ILE	1
9WY8_A	474	1	A	475		GLN	1
9WY8_A	475	1	A	476		ASN	1
9WY8_A	476	1	A	477		ASP	1
9WY8_A	477	1	A	478		GLU	1
9WY8_A	478	1	A	479		PHE	1
9WY8_A	479	1	A	480		PHE	1
9WY8_A	480	1	A	481		GLY	1
9WY8_A	481	1	A	482		PRO	1
9WY8_A	482	1	A	483		LEU	1
9WY8_A	483	1	A	484		LEU	1
9WY8_A	484	1	A	485		LYS	1
9WY8_A	485	1	A	486		GLU	1
9WY8_A	486	1	A	487		GLY	1
9WY8_A	487	1	A	488		VAL	1
9WY8_A	488	1	A	489		SER	1
9WY8_A	489	1	A	490		PHE	1
9WY8_A	490	1	A	491		TYR	1
9WY8_A	491	1	A	492		ASP	1
9WY8_A	492	1	A	493		GLU	1
9WY8_A	493	1	A	494		SER	1
9WY8_A	494	1	A	495		MET	1
9X94_A	0	1	A	5		LYS	1
9X94_A	1	1	A	6		MET	1
9X94_A	2	1	A	7		ILE	1
9X94_A	3	1	A	8		LEU	1
9X94_A	4	1	A	9		VAL	1
9X94_A	5	1	A	10		ASP	1
9X94_A	6	1	A	11		LYS	1
9X94_A	7	1	A	12		VAL	1
9X94_A	8	1	A	13		PHE	1
9X94_A	9	1	A	14		TYR	1
9X94_A	10	1	A	15		GLU	1
9X94_A	11	1	A	16		LYS	1
9X94_A	12	1	A	17		ILE	1
9X94_A	13	1	A	18		LEU	1
9X94_A	14	1	A	19		SER	1
9X94_A	15	1	A	20		VAL	1
9X94_A	16	1	A	21		GLU	1
9X94_A	17	1	A	22		SER	1
9X94_A	18	1	A	23		PHE	1
9X94_A	19	1	A	24		LYS	1
9X94_A	20	1	A	25		GLU	1
9X94_A	21	1	A	26		ASN	1
9X94_A	22	1	A	27		ILE	1
9X94_A	23	1	A	28		ILE	1
9X94_A	24	1	A	29		THR	1
9X94_A	25	1	A	30		GLN	1
9X94_A	26	1	A	31		SER	1
9X94_A	27	1	A	32		ALA	1
9X94_A	28	1	A	33		ILE	1
9X94_A	29	1	A	34		PRO	1
9X94_A	30	1	A	35		LYS	1
9X94_A	31	1	A	36		ILE	1
9X94_A	32	1	A	37		SER	1
9X94_A	33	1	A	38		ASN	1
9X94_A	34	1	A	39		LYS	1
9X94_A	35	1	A	40		GLU	1
9X94_A	36	1	A	41		VAL	1
9X94_A	37	1	A	42		ARG	1
9X94_A	38	1	A	43		LEU	1
9X94_A	39	1	A	44		ILE	1
9X94_A	40	1	A	45		SER	1
9X94_A	41	1	A	46		SER	1
9X94_A	42	1	A	47		GLY	1
9X94_A	43	1	A	48		SER	1
9X94_A	44	1	A	49		LYS	1
9X94_A	45	1	A	50		ILE	1
9X94_A	46	1	A	51		PHE	1
9X94_A	47	1	A	52		TYR	1
9X94_A	48	1	A	53		ALA	1
9X94_A	49	1	A	54		ILE	1
9X94_A	50	1	A	55		ASN	1
9X94_A	51	1	A	56		ASN	1
9X94_A	52	1	A	57		THR	1
9X94_A	53	1	A	58		SER	1
9X94_A	54	1	A	59		PRO	1
9X94_A	55	1	A	60		HIS	1
9X94_A	56	1	A	61		SER	1
9X94_A	57	1	A	62		HIS	1
9X94_A	58	1	A	63		VAL	1
9X94_A	59	1	A	64		GLN	1
9X94_A	60	1	A	65		LEU	1
9X94_A	61	1	A	66		ARG	1
9X94_A	62	1	A	67		LEU	1
9X94_A	63	1	A	68		ASN	1
9X94_A	64	1	A	69		ARG	1
9X94_A	65	1	A	70		PHE	1
9X94_A	66	1	A	71		PHE	1
9X94_A	67	1	A	72		LEU	1
9X94_A	68	1	A	73		SER	1
9X94_A	69	1	A	74		HIS	1
9X94_A	70	1	A	75		ILE	2
9X94_A	71	1	A	76		PRO	2
9X94_A	72	1	A	77		LEU	2
9X94_A	73	1	A	78		ASN	2
9X94_A	74	1	A	79		SER	2
9X94_A	75	1	A	80		ALA	2
9X94_A	76	1	A	81		ALA	2
9X94_A	77	1	A	82		LYS	2
9X94_A	78	1	A	83		ALA	2
9X94_A	79	1	A	84		PHE	2
9X94_A	80	1	A	85		VAL	2
9X94_A	81	1	A	86		ARG	2
9X94_A	82	1	A	87		GLY	2
9X94_A	83	1	A	88		GLY	2
9X94_A	84	1	A	89		SER	2
9X94_A	85	1	A	90		TYR	2
9X94_A	86	1	A	91		LEU	2
9X94_A	87	1	A	92		LYS	2
9X94_A	88	1	A	93		TYR	2
9X94_A	89	1	A	94		LEU	2
9X94_A	90	1	A	95		GLU	2
9X94_A	91	1	A	96		PRO	2
9X94_A	92	1	A	97		HIS	2
9X94_A	93	1	A	98		ILE	2
9X94_A	94	1	A	99		TYR	2
9X94_A	95	1	A	100		GLY	2
9X94_A	96	1	A	101		SER	2
9X94_A	97	1	A	102		SER	2
9X94_A	98	1	A	103		TYR	2
9X94_A	99	1	A	104		CYS	2
9X94_A	100	1	A	105		ARG	2
9X94_A	101	1	A	106		LEU	2
9X94_A	102	1	A	107		ASP	2
9X94_A	103	1	A	108		ILE	2
9X94_A	104	1	A	109		SER	2
9X94_A	105	1	A	110		SER	2
9X94_A	106	1	A	111		PHE	2
9X94_A	107	1	A	112		PHE	2
9X94_A	108	1	A	113		ASN	2
9X94_A	109	1	A	114		ASN	2
9X94_A	110	1	A	115		ILE	2
9X94_A	111	1	A	116		SER	1
9X94_A	112	1	A	117		PHE	1
9X94_A	113	1	A	118		ASP	1
9X94_A	114	1	A	119		ASP	1
9X94_A	115	1	A	120		VAL	1
9X94_A	116	1	A	121		LYS	1
9X94_A	117	1	A	122		GLN	1
9X94_A	118	1	A	123		SER	1
9X94_A	119	1	A	124		LEU	1
9X94_A	120	1	A	125		SER	1
9X94_A	121	1	A	126		PRO	1
9X94_A	122	1	A	127		TYR	1
9X94_A	123	1	A	128		ILE	1
9X94_A	124	1	A	129		LYS	1
9X94_A	125	1	A	130		ASP	1
9X94_A	126	1	A	131		GLU	1
9X94_A	127	1	A	132		TYR	1
9X94_A	128	1	A	133		LEU	1
9X94_A	129	1	A	134		ILE	1
9X94_A	130	1	A	135		GLY	1
9X94_A	131	1	A	136		THR	1
9X94_A	132	1	A	137		GLU	1
9X94_A	133	1	A	138		GLN	1
9X94_A	134	1	A	139		LYS	1
9X94_A	135	1	A	140		LEU	1
9X94_A	136	1	A	141		ILE	1
9X94_A	137	1	A	142		ASP	1
9X94_A	138	1	A	143		ALA	1
9X94_A	139	1	A	144		ILE	1
9X94_A	140	1	A	145		LEU	1
9X94_A	141	1	A	146		ASN	1
9X94_A	142	1	A	147		SER	1
9X94_A	143	1	A	148		VAL	1
9X94_A	144	1	A	149		GLY	1
9X94_A	145	1	A	150		TYR	1
9X94_A	146	1	A	151		GLU	1
9X94_A	147	1	A	152		SER	1
9X94_A	148	1	A	153		PRO	1
9X94_A	149	1	A	154		ILE	1
9X94_A	150	1	A	155		ARG	1
9X94_A	151	1	A	156		LYS	1
9X94_A	152	1	A	157		ASP	1
9X94_A	153	1	A	158		LYS	1
9X94_A	154	1	A	159		GLY	1
9X94_A	155	1	A	160		MET	1
9X94_A	156	1	A	161		ILE	1
9X94_A	157	1	A	162		ILE	2
9X94_A	158	1	A	163		PRO	2
9X94_A	159	1	A	164		MET	2
9X94_A	160	1	A	165		GLY	2
9X94_A	161	1	A	166		PHE	2
9X94_A	162	1	A	167		ARG	2
9X94_A	163	1	A	168		THR	2
9X94_A	164	1	A	169		SER	2
9X94_A	165	1	A	170		PRO	2
9X94_A	166	1	A	171		ALA	2
9X94_A	167	1	A	172		ILE	2
9X94_A	168	1	A	173		SER	2
9X94_A	169	1	A	174		ASN	2
9X94_A	170	1	A	175		ILE	2
9X94_A	171	1	A	176		VAL	2
9X94_A	172	1	A	177		PHE	2
9X94_A	173	1	A	178		ARG	2
9X94_A	174	1	A	179		LYS	2
9X94_A	175	1	A	180		MET	2
9X94_A	176	1	A	181		ASP	2
9X94_A	177	1	A	182		LEU	2
9X94_A	178	1	A	183		LEU	2
9X94_A	179	1	A	184		ILE	2
9X94_A	180	1	A	185		GLN	2
9X94_A	181	1	A	186		ASP	2
9X94_A	182	1	A	187		PHE	2
9X94_A	183	1	A	188		CYS	2
9X94_A	184	1	A	189		ALA	2
9X94_A	185	1	A	190		LYS	2
9X94_A	186	1	A	191		LYS	2
9X94_A	187	1	A	192		GLY	2
9X94_A	188	1	A	193		VAL	2
9X94_A	189	1	A	194		ILE	2
9X94_A	190	1	A	195		TYR	2
9X94_A	191	1	A	196		SER	2
9X94_A	192	1	A	197		ARG	2
9X94_A	193	1	A	198		TYR	2
9X94_A	194	1	A	199		ALA	2
9X94_A	195	1	A	200		ASP	2
9X94_A	196	1	A	201		ASP	2
9X94_A	197	1	A	202		MET	2
9X94_A	198	1	A	203		LEU	2
9X94_A	199	1	A	204		PHE	2
9X94_A	200	1	A	205		SER	2
9X94_A	201	1	A	206		ASN	2
9X94_A	202	1	A	207		PRO	2
9X94_A	203	1	A	208		ARG	2
9X94_A	204	1	A	209		GLU	2
9X94_A	205	1	A	210		SER	2
9X94_A	206	1	A	211		LYS	2
9X94_A	207	1	A	212		LEU	2
9X94_A	208	1	A	213		LEU	2
9X94_A	209	1	A	214		MET	2
9X94_A	210	1	A	215		SER	2
9X94_A	211	1	A	216		ASP	2
9X94_A	212	1	A	217		TYR	2
9X94_A	213	1	A	218		PHE	2
9X94_A	214	1	A	219		ILE	2
9X94_A	215	1	A	220		ASP	2
9X94_A	216	1	A	221		GLU	2
9X94_A	217	1	A	222		ILE	2
9X94_A	218	1	A	223		SER	2
9X94_A	219	1	A	224		SER	2
9X94_A	220	1	A	225		LEU	2
9X94_A	221	1	A	226		LEU	2
9X94_A	222	1	A	227		SER	2
9X94_A	223	1	A	228		ILE	2
9X94_A	224	1	A	229		MET	2
9X94_A	225	1	A	230		GLY	2
9X94_A	226	1	A	231		PHE	2
9X94_A	227	1	A	232		ASN	2
9X94_A	228	1	A	233		ILE	2
9X94_A	229	1	A	234		ASN	2
9X94_A	230	1	A	235		GLN	2
9X94_A	231	1	A	236		SER	2
9X94_A	232	1	A	237		LYS	2
9X94_A	233	1	A	238		TYR	2
9X94_A	234	1	A	239		ILE	2
9X94_A	235	1	A	240		SER	2
9X94_A	236	1	A	241		ARG	2
9X94_A	237	1	A	242		GLU	2
9X94_A	238	1	A	243		LYS	2
9X94_A	239	1	A	244		GLU	2
9X94_A	240	1	A	245		ILE	2
9X94_A	241	1	A	246		SER	2
9X94_A	242	1	A	247		ILE	2
9X94_A	243	1	A	248		ASN	2
9X94_A	244	1	A	249		GLY	2
9X94_A	245	1	A	250		TYR	2
9X94_A	246	1	A	251		VAL	2
9X94_A	247	1	A	252		ILE	2
9X94_A	248	1	A	253		GLU	2
9X94_A	249	1	A	254		ASN	2
9X94_A	250	1	A	255		LYS	2
9X94_A	251	1	A	256		GLY	2
9X94_A	252	1	A	257		GLY	2
9X94_A	253	1	A	258		ASN	2
9X94_A	254	1	A	259		GLY	2
9X94_A	255	1	A	260		SER	2
9X94_A	256	1	A	261		ILE	2
9X94_A	257	1	A	262		GLY	2
9X94_A	258	1	A	263		THR	2
9X94_A	259	1	A	264		ILE	2
9X94_A	260	1	A	265		ARG	2
9X94_A	261	1	A	266		LEU	2
9X94_A	262	1	A	267		SER	2
9X94_A	263	1	A	268		LYS	3
9X94_A	264	1	A	269		SER	3
9X94_A	265	1	A	270		LYS	3
9X94_A	266	1	A	271		LEU	3
9X94_A	267	1	A	272		ASN	3
9X94_A	268	1	A	273		THR	3
9X94_A	269	1	A	274		VAL	3
9X94_A	270	1	A	275		LEU	3
9X94_A	271	1	A	276		LYS	3
9X94_A	272	1	A	277		VAL	3
9X94_A	273	1	A	278		THR	3
9X94_A	274	1	A	279		HIS	3
9X94_A	275	1	A	280		ALA	3
9X94_A	276	1	A	281		LEU	3
9X94_A	277	1	A	282		ALA	3
9X94_A	278	1	A	283		GLN	3
9X94_A	279	1	A	284		ASN	3
9X94_A	280	1	A	285		ILE	3
9X94_A	281	1	A	286		PRO	3
9X94_A	282	1	A	287		TYR	3
9X94_A	283	1	A	288		LYS	3
9X94_A	284	1	A	289		ASN	3
9X94_A	285	1	A	290		ILE	3
9X94_A	286	1	A	291		CYS	3
9X94_A	287	1	A	292		ASN	3
9X94_A	288	1	A	293		LYS	3
9X94_A	289	1	A	294		TYR	3
9X94_A	290	1	A	295		ILE	3
9X94_A	291	1	A	296		LYS	3
9X94_A	292	1	A	297		VAL	3
9X94_A	293	1	A	298		ARG	3
9X94_A	294	1	A	299		LEU	3
9X94_A	295	1	A	300		LYS	3
9X94_A	296	1	A	301		GLU	3
9X94_A	297	1	A	302		LYS	3
9X94_A	298	1	A	314		GLU	3
9X94_A	299	1	A	315		LYS	3
9X94_A	300	1	A	316		LYS	3
9X94_A	301	1	A	317		TYR	3
9X94_A	302	1	A	318		TYR	3
9X94_A	303	1	A	319		ARG	3
9X94_A	304	1	A	320		ASP	3
9X94_A	305	1	A	321		GLN	3
9X94_A	306	1	A	322		LEU	3
9X94_A	307	1	A	323		ILE	3
9X94_A	308	1	A	324		ASN	3
9X94_A	309	1	A	325		TYR	3
9X94_A	310	1	A	326		LEU	4
9X94_A	311	1	A	327		GLY	4
9X94_A	312	1	A	328		GLY	4
9X94_A	313	1	A	329		TYR	4
9X94_A	314	1	A	330		ARG	4
9X94_A	315	1	A	331		SER	4
9X94_A	316	1	A	332		TYR	4
9X94_A	317	1	A	333		LEU	4
9X94_A	318	1	A	334		ILE	4
9X94_A	319	1	A	335		SER	4
9X94_A	320	1	A	336		LEU	4
9X94_A	321	1	A	337		VAL	4
9X94_A	322	1	A	338		LYS	4
9X94_A	323	1	A	339		PHE	4
9X94_A	324	1	A	340		HIS	4
9X94_A	325	1	A	341		SER	4
9X94_A	326	1	A	342		GLU	4
9X94_A	327	1	A	343		TYR	4
9X94_A	328	1	A	344		LYS	4
9X94_A	329	1	A	345		CYS	4
9X94_A	330	1	A	346		VAL	4
9X94_A	331	1	A	347		ASN	4
9X94_A	332	1	A	348		SER	4
9X94_A	333	1	A	349		ASP	4
9X94_A	334	1	A	350		PHE	4
9X94_A	335	1	A	351		ILE	4
9X94_A	336	1	A	352		ILE	4
9X94_A	337	1	A	353		GLN	4
9X94_A	338	1	A	354		ILE	4
9X94_A	339	1	A	355		ASN	4
9X94_A	340	1	A	356		GLY	4
9X94_A	341	1	A	357		ILE	4
9X94_A	342	1	A	358		LEU	4
9X94_A	343	1	A	359		ASN	4
9X94_A	344	1	A	360		ASP	4
9X94_A	345	1	A	361		ILE	4
9X94_A	346	1	A	362		GLN	4
9X94_A	347	1	A	363		ASN	4
9X94_A	348	1	A	364		HIS	4
9X94_A	349	1	A	365		ILE	4
9X94_A	350	1	A	366		GLN	4
9X94_A	351	1	A	367		LYS	4
9X94_A	352	1	A	368		ILE	4
9X94_A	353	1	A	369		LYS	4
9X94_A	354	1	A	370		LYS	4
9X94_A	355	1	A	371		ASN	4
9X9B_A	0	1	A	5		LYS	1
9X9B_A	1	1	A	6		MET	1
9X9B_A	2	1	A	7		ILE	1
9X9B_A	3	1	A	8		LEU	1
9X9B_A	4	1	A	9		VAL	1
9X9B_A	5	1	A	10		ASP	1
9X9B_A	6	1	A	11		LYS	1
9X9B_A	7	1	A	12		VAL	1
9X9B_A	8	1	A	13		PHE	1
9X9B_A	9	1	A	14		TYR	1
9X9B_A	10	1	A	15		GLU	1
9X9B_A	11	1	A	16		LYS	1
9X9B_A	12	1	A	17		ILE	1
9X9B_A	13	1	A	18		LEU	1
9X9B_A	14	1	A	19		SER	1
9X9B_A	15	1	A	20		VAL	1
9X9B_A	16	1	A	21		GLU	1
9X9B_A	17	1	A	22		SER	1
9X9B_A	18	1	A	23		PHE	1
9X9B_A	19	1	A	24		LYS	1
9X9B_A	20	1	A	25		GLU	1
9X9B_A	21	1	A	26		ASN	1
9X9B_A	22	1	A	27		ILE	1
9X9B_A	23	1	A	28		ILE	1
9X9B_A	24	1	A	29		THR	1
9X9B_A	25	1	A	30		GLN	1
9X9B_A	26	1	A	31		SER	1
9X9B_A	27	1	A	32		ALA	1
9X9B_A	28	1	A	33		ILE	1
9X9B_A	29	1	A	34		PRO	1
9X9B_A	30	1	A	35		LYS	1
9X9B_A	31	1	A	36		ILE	1
9X9B_A	32	1	A	37		SER	1
9X9B_A	33	1	A	38		ASN	1
9X9B_A	34	1	A	39		LYS	1
9X9B_A	35	1	A	40		GLU	1
9X9B_A	36	1	A	41		VAL	1
9X9B_A	37	1	A	42		ARG	1
9X9B_A	38	1	A	43		LEU	1
9X9B_A	39	1	A	44		ILE	1
9X9B_A	40	1	A	45		SER	1
9X9B_A	41	1	A	46		SER	1
9X9B_A	42	1	A	47		GLY	1
9X9B_A	43	1	A	48		SER	1
9X9B_A	44	1	A	49		LYS	1
9X9B_A	45	1	A	50		ILE	1
9X9B_A	46	1	A	51		PHE	1
9X9B_A	47	1	A	52		TYR	1
9X9B_A	48	1	A	53		ALA	1
9X9B_A	49	1	A	54		ILE	1
9X9B_A	50	1	A	55		ASN	1
9X9B_A	51	1	A	56		ASN	1
9X9B_A	52	1	A	57		THR	1
9X9B_A	53	1	A	58		SER	1
9X9B_A	54	1	A	59		PRO	1
9X9B_A	55	1	A	60		HIS	1
9X9B_A	56	1	A	61		SER	1
9X9B_A	57	1	A	62		HIS	1
9X9B_A	58	1	A	63		VAL	1
9X9B_A	59	1	A	64		GLN	1
9X9B_A	60	1	A	65		LEU	1
9X9B_A	61	1	A	66		ARG	1
9X9B_A	62	1	A	67		LEU	1
9X9B_A	63	1	A	68		ASN	1
9X9B_A	64	1	A	69		ARG	1
9X9B_A	65	1	A	70		PHE	1
9X9B_A	66	1	A	71		PHE	1
9X9B_A	67	1	A	72		LEU	2
9X9B_A	68	1	A	73		SER	2
9X9B_A	69	1	A	74		HIS	2
9X9B_A	70	1	A	75		ILE	2
9X9B_A	71	1	A	76		PRO	2
9X9B_A	72	1	A	77		LEU	2
9X9B_A	73	1	A	78		ASN	2
9X9B_A	74	1	A	79		SER	2
9X9B_A	75	1	A	80		ALA	2
9X9B_A	76	1	A	81		ALA	2
9X9B_A	77	1	A	82		LYS	2
9X9B_A	78	1	A	83		ALA	2
9X9B_A	79	1	A	84		PHE	2
9X9B_A	80	1	A	85		VAL	2
9X9B_A	81	1	A	86		ARG	2
9X9B_A	82	1	A	87		GLY	2
9X9B_A	83	1	A	88		GLY	2
9X9B_A	84	1	A	89		SER	2
9X9B_A	85	1	A	90		TYR	2
9X9B_A	86	1	A	91		LEU	2
9X9B_A	87	1	A	92		LYS	2
9X9B_A	88	1	A	93		TYR	2
9X9B_A	89	1	A	94		LEU	2
9X9B_A	90	1	A	95		GLU	2
9X9B_A	91	1	A	96		PRO	2
9X9B_A	92	1	A	97		HIS	2
9X9B_A	93	1	A	98		ILE	2
9X9B_A	94	1	A	99		TYR	2
9X9B_A	95	1	A	100		GLY	2
9X9B_A	96	1	A	101		SER	2
9X9B_A	97	1	A	102		SER	2
9X9B_A	98	1	A	103		TYR	2
9X9B_A	99	1	A	104		CYS	2
9X9B_A	100	1	A	105		ARG	2
9X9B_A	101	1	A	106		LEU	2
9X9B_A	102	1	A	107		ASP	2
9X9B_A	103	1	A	108		ILE	2
9X9B_A	104	1	A	109		SER	2
9X9B_A	105	1	A	110		SER	2
9X9B_A	106	1	A	111		PHE	2
9X9B_A	107	1	A	112		PHE	2
9X9B_A	108	1	A	113		ASN	2
9X9B_A	109	1	A	114		ASN	2
9X9B_A	110	1	A	115		ILE	2
9X9B_A	111	1	A	116		SER	1
9X9B_A	112	1	A	117		PHE	1
9X9B_A	113	1	A	118		ASP	1
9X9B_A	114	1	A	119		ASP	1
9X9B_A	115	1	A	120		VAL	1
9X9B_A	116	1	A	121		LYS	1
9X9B_A	117	1	A	122		GLN	1
9X9B_A	118	1	A	123		SER	1
9X9B_A	119	1	A	124		LEU	1
9X9B_A	120	1	A	125		SER	1
9X9B_A	121	1	A	126		PRO	1
9X9B_A	122	1	A	127		TYR	1
9X9B_A	123	1	A	128		ILE	1
9X9B_A	124	1	A	129		LYS	1
9X9B_A	125	1	A	130		ASP	1
9X9B_A	126	1	A	131		GLU	1
9X9B_A	127	1	A	132		TYR	1
9X9B_A	128	1	A	133		LEU	1
9X9B_A	129	1	A	134		ILE	1
9X9B_A	130	1	A	135		GLY	1
9X9B_A	131	1	A	136		THR	1
9X9B_A	132	1	A	137		GLU	1
9X9B_A	133	1	A	138		GLN	1
9X9B_A	134	1	A	139		LYS	1
9X9B_A	135	1	A	140		LEU	1
9X9B_A	136	1	A	141		ILE	1
9X9B_A	137	1	A	142		ASP	1
9X9B_A	138	1	A	143		ALA	1
9X9B_A	139	1	A	144		ILE	1
9X9B_A	140	1	A	145		LEU	1
9X9B_A	141	1	A	146		ASN	1
9X9B_A	142	1	A	147		SER	1
9X9B_A	143	1	A	148		VAL	1
9X9B_A	144	1	A	149		GLY	0
9X9B_A	145	1	A	150		TYR	0
9X9B_A	146	1	A	151		GLU	0
9X9B_A	147	1	A	152		SER	0
9X9B_A	148	1	A	153		PRO	0
9X9B_A	149	1	A	154		ILE	0
9X9B_A	150	1	A	155		ARG	0
9X9B_A	151	1	A	156		LYS	0
9X9B_A	152	1	A	157		ASP	0
9X9B_A	153	1	A	158		LYS	0
9X9B_A	154	1	A	159		GLY	0
9X9B_A	155	1	A	160		MET	0
9X9B_A	156	1	A	161		ILE	0
9X9B_A	157	1	A	162		ILE	2
9X9B_A	158	1	A	163		PRO	2
9X9B_A	159	1	A	164		MET	2
9X9B_A	160	1	A	165		GLY	2
9X9B_A	161	1	A	166		PHE	2
9X9B_A	162	1	A	167		ARG	2
9X9B_A	163	1	A	168		THR	2
9X9B_A	164	1	A	169		SER	2
9X9B_A	165	1	A	170		PRO	2
9X9B_A	166	1	A	171		ALA	2
9X9B_A	167	1	A	172		ILE	2
9X9B_A	168	1	A	173		SER	2
9X9B_A	169	1	A	174		ASN	2
9X9B_A	170	1	A	175		ILE	2
9X9B_A	171	1	A	176		VAL	2
9X9B_A	172	1	A	177		PHE	2
9X9B_A	173	1	A	178		ARG	2
9X9B_A	174	1	A	179		LYS	2
9X9B_A	175	1	A	180		MET	2
9X9B_A	176	1	A	181		ASP	2
9X9B_A	177	1	A	182		LEU	2
9X9B_A	178	1	A	183		LEU	2
9X9B_A	179	1	A	184		ILE	2
9X9B_A	180	1	A	185		GLN	2
9X9B_A	181	1	A	186		ASP	2
9X9B_A	182	1	A	187		PHE	2
9X9B_A	183	1	A	188		CYS	2
9X9B_A	184	1	A	189		ALA	2
9X9B_A	185	1	A	190		LYS	2
9X9B_A	186	1	A	191		LYS	2
9X9B_A	187	1	A	192		GLY	2
9X9B_A	188	1	A	193		VAL	2
9X9B_A	189	1	A	194		ILE	2
9X9B_A	190	1	A	195		TYR	2
9X9B_A	191	1	A	196		SER	2
9X9B_A	192	1	A	197		ARG	2
9X9B_A	193	1	A	198		TYR	2
9X9B_A	194	1	A	199		ALA	2
9X9B_A	195	1	A	200		ASP	2
9X9B_A	196	1	A	201		ASP	2
9X9B_A	197	1	A	202		MET	2
9X9B_A	198	1	A	203		LEU	2
9X9B_A	199	1	A	204		PHE	2
9X9B_A	200	1	A	205		SER	2
9X9B_A	201	1	A	206		ASN	2
9X9B_A	202	1	A	207		PRO	2
9X9B_A	203	1	A	208		ARG	2
9X9B_A	204	1	A	209		GLU	2
9X9B_A	205	1	A	210		SER	2
9X9B_A	206	1	A	211		LYS	2
9X9B_A	207	1	A	212		LEU	2
9X9B_A	208	1	A	213		LEU	2
9X9B_A	209	1	A	214		MET	2
9X9B_A	210	1	A	215		SER	2
9X9B_A	211	1	A	216		ASP	2
9X9B_A	212	1	A	217		TYR	2
9X9B_A	213	1	A	218		PHE	2
9X9B_A	214	1	A	219		ILE	2
9X9B_A	215	1	A	220		ASP	2
9X9B_A	216	1	A	221		GLU	2
9X9B_A	217	1	A	222		ILE	2
9X9B_A	218	1	A	223		SER	2
9X9B_A	219	1	A	224		SER	2
9X9B_A	220	1	A	225		LEU	2
9X9B_A	221	1	A	226		LEU	2
9X9B_A	222	1	A	227		SER	2
9X9B_A	223	1	A	228		ILE	2
9X9B_A	224	1	A	229		MET	2
9X9B_A	225	1	A	230		GLY	2
9X9B_A	226	1	A	231		PHE	2
9X9B_A	227	1	A	232		ASN	2
9X9B_A	228	1	A	233		ILE	2
9X9B_A	229	1	A	234		ASN	2
9X9B_A	230	1	A	235		GLN	2
9X9B_A	231	1	A	236		SER	2
9X9B_A	232	1	A	237		LYS	2
9X9B_A	233	1	A	238		TYR	2
9X9B_A	234	1	A	239		ILE	2
9X9B_A	235	1	A	240		SER	2
9X9B_A	236	1	A	241		ARG	2
9X9B_A	237	1	A	242		GLU	2
9X9B_A	238	1	A	243		LYS	2
9X9B_A	239	1	A	244		GLU	2
9X9B_A	240	1	A	245		ILE	2
9X9B_A	241	1	A	246		SER	2
9X9B_A	242	1	A	247		ILE	2
9X9B_A	243	1	A	248		ASN	2
9X9B_A	244	1	A	249		GLY	2
9X9B_A	245	1	A	250		TYR	2
9X9B_A	246	1	A	251		VAL	2
9X9B_A	247	1	A	252		ILE	2
9X9B_A	248	1	A	253		GLU	2
9X9B_A	249	1	A	254		ASN	2
9X9B_A	250	1	A	255		LYS	2
9X9B_A	251	1	A	256		GLY	2
9X9B_A	252	1	A	257		GLY	2
9X9B_A	253	1	A	258		ASN	2
9X9B_A	254	1	A	259		GLY	2
9X9B_A	255	1	A	260		SER	2
9X9B_A	256	1	A	261		ILE	2
9X9B_A	257	1	A	262		GLY	2
9X9B_A	258	1	A	263		THR	2
9X9B_A	259	1	A	264		ILE	2
9X9B_A	260	1	A	265		ARG	2
9X9B_A	261	1	A	266		LEU	2
9X9B_A	262	1	A	267		SER	2
9X9B_A	263	1	A	268		LYS	3
9X9B_A	264	1	A	269		SER	3
9X9B_A	265	1	A	270		LYS	3
9X9B_A	266	1	A	271		LEU	3
9X9B_A	267	1	A	272		ASN	3
9X9B_A	268	1	A	273		THR	3
9X9B_A	269	1	A	274		VAL	3
9X9B_A	270	1	A	275		LEU	3
9X9B_A	271	1	A	276		LYS	3
9X9B_A	272	1	A	277		VAL	3
9X9B_A	273	1	A	278		THR	3
9X9B_A	274	1	A	279		HIS	3
9X9B_A	275	1	A	280		ALA	3
9X9B_A	276	1	A	281		LEU	3
9X9B_A	277	1	A	282		ALA	3
9X9B_A	278	1	A	283		GLN	3
9X9B_A	279	1	A	284		ASN	3
9X9B_A	280	1	A	285		ILE	3
9X9B_A	281	1	A	286		PRO	3
9X9B_A	282	1	A	287		TYR	3
9X9B_A	283	1	A	288		LYS	3
9X9B_A	284	1	A	289		ASN	3
9X9B_A	285	1	A	290		ILE	3
9X9B_A	286	1	A	291		CYS	3
9X9B_A	287	1	A	292		ASN	3
9X9B_A	288	1	A	293		LYS	3
9X9B_A	289	1	A	294		TYR	3
9X9B_A	290	1	A	295		ILE	3
9X9B_A	291	1	A	296		LYS	3
9X9B_A	292	1	A	297		VAL	3
9X9B_A	293	1	A	298		ARG	3
9X9B_A	294	1	A	299		LEU	3
9X9B_A	295	1	A	300		LYS	3
9X9B_A	296	1	A	301		GLU	3
9X9B_A	297	1	A	302		LYS	3
9X9B_A	298	1	A	314		GLU	3
9X9B_A	299	1	A	315		LYS	3
9X9B_A	300	1	A	316		LYS	3
9X9B_A	301	1	A	317		TYR	3
9X9B_A	302	1	A	318		TYR	3
9X9B_A	303	1	A	319		ARG	3
9X9B_A	304	1	A	320		ASP	3
9X9B_A	305	1	A	321		GLN	3
9X9B_A	306	1	A	322		LEU	3
9X9B_A	307	1	A	323		ILE	3
9X9B_A	308	1	A	324		ASN	3
9X9B_A	309	1	A	325		TYR	3
9X9B_A	310	1	A	326		LEU	4
9X9B_A	311	1	A	327		GLY	4
9X9B_A	312	1	A	328		GLY	4
9X9B_A	313	1	A	329		TYR	4
9X9B_A	314	1	A	330		ARG	4
9X9B_A	315	1	A	331		SER	4
9X9B_A	316	1	A	332		TYR	4
9X9B_A	317	1	A	333		LEU	4
9X9B_A	318	1	A	334		ILE	4
9X9B_A	319	1	A	335		SER	4
9X9B_A	320	1	A	336		LEU	4
9X9B_A	321	1	A	337		VAL	4
9X9B_A	322	1	A	338		LYS	4
9X9B_A	323	1	A	339		PHE	4
9X9B_A	324	1	A	340		HIS	4
9X9B_A	325	1	A	341		SER	4
9X9B_A	326	1	A	342		GLU	4
9X9B_A	327	1	A	343		TYR	4
9X9B_A	328	1	A	344		LYS	4
9X9B_A	329	1	A	345		CYS	4
9X9B_A	330	1	A	346		VAL	4
9X9B_A	331	1	A	347		ASN	4
9X9B_A	332	1	A	348		SER	4
9X9B_A	333	1	A	349		ASP	4
9X9B_A	334	1	A	350		PHE	4
9X9B_A	335	1	A	351		ILE	4
9X9B_A	336	1	A	352		ILE	4
9X9B_A	337	1	A	353		GLN	4
9X9B_A	338	1	A	354		ILE	4
9X9B_A	339	1	A	355		ASN	4
9X9B_A	340	1	A	356		GLY	4
9X9B_A	341	1	A	357		ILE	4
9X9B_A	342	1	A	358		LEU	4
9X9B_A	343	1	A	359		ASN	4
9X9B_A	344	1	A	360		ASP	4
9X9B_A	345	1	A	361		ILE	4
9X9B_A	346	1	A	362		GLN	4
9X9B_A	347	1	A	363		ASN	4
9X9B_A	348	1	A	364		HIS	4
9X9B_A	349	1	A	365		ILE	4
9X9B_A	350	1	A	366		GLN	4
9X9B_A	351	1	A	367		LYS	4
9X9B_A	352	1	A	368		ILE	4
9X9B_A	353	1	A	369		LYS	4
9X9B_A	354	1	A	370		LYS	4
9X9B_A	355	1	A	371		ASN	4
9YFD_A	0	1	A	1		MET	1
9YFD_A	1	1	A	2		LYS	1
9YFD_A	2	1	A	3		LEU	1
9YFD_A	3	1	A	4		LEU	1
9YFD_A	4	1	A	5		ASN	1
9YFD_A	5	1	A	6		LYS	1
9YFD_A	6	1	A	7		LYS	1
9YFD_A	7	1	A	8		TYR	1
9YFD_A	8	1	A	9		TYR	1
9YFD_A	9	1	A	10		ASN	1
9YFD_A	10	1	A	11		LEU	1
9YFD_A	11	1	A	12		GLU	2
9YFD_A	12	1	A	13		PRO	2
9YFD_A	13	1	A	14		ASN	2
9YFD_A	14	1	A	15		PHE	2
9YFD_A	15	1	A	16		ASP	2
9YFD_A	16	1	A	17		TYR	2
9YFD_A	17	1	A	18		LEU	2
9YFD_A	18	1	A	19		LYS	2
9YFD_A	19	1	A	20		ASP	2
9YFD_A	20	1	A	21		SER	2
9YFD_A	21	1	A	22		PHE	2
9YFD_A	22	1	A	23		ILE	2
9YFD_A	23	1	A	24		LEU	2
9YFD_A	24	1	A	25		GLY	2
9YFD_A	25	1	A	26		LEU	2
9YFD_A	26	1	A	27		ALA	2
9YFD_A	27	1	A	28		TRP	2
9YFD_A	28	1	A	29		LYS	2
9YFD_A	29	1	A	30		LYS	2
9YFD_A	30	1	A	31		THR	2
9YFD_A	31	1	A	32		ASP	2
9YFD_A	32	1	A	33		ARG	2
9YFD_A	33	1	A	34		PHE	2
9YFD_A	34	1	A	35		VAL	2
9YFD_A	35	1	A	36		ARG	2
9YFD_A	36	1	A	37		THR	2
9YFD_A	37	1	A	38		HIS	2
9YFD_A	38	1	A	39		ASN	2
9YFD_A	39	1	A	40		TRP	2
9YFD_A	40	1	A	41		TYR	2
9YFD_A	41	1	A	42		ALA	2
9YFD_A	42	1	A	43		ASP	2
9YFD_A	43	1	A	44		LEU	2
9YFD_A	44	1	A	45		LEU	2
9YFD_A	45	1	A	46		ALA	2
9YFD_A	46	1	A	47		LEU	2
9YFD_A	47	1	A	48		ASP	2
9YFD_A	48	1	A	49		LYS	2
9YFD_A	49	1	A	50		CYS	2
9YFD_A	50	1	A	51		ALA	2
9YFD_A	51	1	A	52		PHE	2
9YFD_A	52	1	A	53		ASP	2
9YFD_A	53	1	A	54		ILE	2
9YFD_A	54	1	A	55		SER	2
9YFD_A	55	1	A	56		ASP	2
9YFD_A	56	1	A	57		GLU	2
9YFD_A	57	1	A	58		VAL	2
9YFD_A	58	1	A	59		THR	2
9YFD_A	59	1	A	60		SER	2
9YFD_A	60	1	A	61		TRP	2
9YFD_A	61	1	A	62		SER	2
9YFD_A	62	1	A	63		SER	2
9YFD_A	63	1	A	64		GLU	2
9YFD_A	64	1	A	65		ALA	2
9YFD_A	65	1	A	66		VAL	2
9YFD_A	66	1	A	67		ASN	2
9YFD_A	67	1	A	68		ARG	2
9YFD_A	68	1	A	69		ASN	2
9YFD_A	69	1	A	70		LEU	2
9YFD_A	70	1	A	71		SER	2
9YFD_A	71	1	A	72		LYS	2
9YFD_A	72	1	A	73		SER	2
9YFD_A	73	1	A	74		ASP	3
9YFD_A	74	1	A	75		ILE	3
9YFD_A	75	1	A	76		GLU	3
9YFD_A	76	1	A	77		LEU	3
9YFD_A	77	1	A	78		ILE	3
9YFD_A	78	1	A	79		PRO	3
9YFD_A	79	1	A	80		ALA	3
9YFD_A	80	1	A	81		PRO	3
9YFD_A	81	1	A	82		LYS	3
9YFD_A	82	1	A	83		ARG	3
9YFD_A	83	1	A	84		ALA	3
9YFD_A	84	1	A	85		SER	3
9YFD_A	85	1	A	86		TRP	3
9YFD_A	86	1	A	87		PHE	3
9YFD_A	87	1	A	88		PHE	3
9YFD_A	88	1	A	89		ASN	3
9YFD_A	89	1	A	90		LYS	3
9YFD_A	90	1	A	91		GLY	3
9YFD_A	91	1	A	92		LYS	3
9YFD_A	92	1	A	93		TRP	3
9YFD_A	93	1	A	94		THR	3
9YFD_A	94	1	A	95		THR	3
9YFD_A	95	1	A	96		ASN	3
9YFD_A	96	1	A	97		LYS	3
9YFD_A	97	1	A	98		ASP	3
9YFD_A	98	1	A	99		ASP	3
9YFD_A	99	1	A	100		ARG	3
9YFD_A	100	1	A	101		LYS	3
9YFD_A	101	1	A	102		LEU	3
9YFD_A	102	1	A	103		ARG	3
9YFD_A	103	1	A	104		PRO	3
9YFD_A	104	1	A	105		LEU	3
9YFD_A	105	1	A	106		ALA	3
9YFD_A	106	1	A	107		ASN	3
9YFD_A	107	1	A	108		ILE	3
9YFD_A	108	1	A	109		SER	2
9YFD_A	109	1	A	110		ILE	2
9YFD_A	110	1	A	111		LYS	2
9YFD_A	111	1	A	112		ASP	2
9YFD_A	112	1	A	113		GLN	2
9YFD_A	113	1	A	114		SER	2
9YFD_A	114	1	A	115		PHE	2
9YFD_A	115	1	A	116		ALA	2
9YFD_A	116	1	A	117		THR	2
9YFD_A	117	1	A	118		ALA	2
9YFD_A	118	1	A	119		VAL	2
9YFD_A	119	1	A	120		THR	2
9YFD_A	120	1	A	121		MET	2
9YFD_A	121	1	A	122		CYS	2
9YFD_A	122	1	A	123		LEU	4
9YFD_A	123	1	A	124		ALA	4
9YFD_A	124	1	A	125		ASP	4
9YFD_A	125	1	A	126		ALA	4
9YFD_A	126	1	A	127		ILE	4
9YFD_A	127	1	A	128		GLU	4
9YFD_A	128	1	A	129		THR	4
9YFD_A	129	1	A	130		ARG	4
9YFD_A	130	1	A	131		GLN	4
9YFD_A	131	1	A	132		LYS	4
9YFD_A	132	1	A	133		ASP	4
9YFD_A	133	1	A	134		CYS	4
9YFD_A	134	1	A	135		SER	4
9YFD_A	135	1	A	136		LEU	4
9YFD_A	136	1	A	137		ARG	4
9YFD_A	137	1	A	138		ASN	4
9YFD_A	138	1	A	139		LEU	4
9YFD_A	139	1	A	140		GLY	4
9YFD_A	140	1	A	141		TYR	4
9YFD_A	141	1	A	142		ALA	4
9YFD_A	142	1	A	143		GLU	4
9YFD_A	143	1	A	144		HIS	4
9YFD_A	144	1	A	145		VAL	4
9YFD_A	145	1	A	146		ASN	4
9YFD_A	146	1	A	147		LYS	4
9YFD_A	147	1	A	148		LYS	4
9YFD_A	148	1	A	149		VAL	4
9YFD_A	149	1	A	150		VAL	4
9YFD_A	150	1	A	151		SER	4
9YFD_A	151	1	A	152		TYR	4
9YFD_A	152	1	A	153		GLY	4
9YFD_A	153	1	A	154		ASN	4
9YFD_A	154	1	A	155		ARG	4
9YFD_A	155	1	A	156		LEU	4
9YFD_A	156	1	A	157		VAL	4
9YFD_A	157	1	A	158		CYS	4
9YFD_A	158	1	A	159		ASP	4
9YFD_A	159	1	A	160		TRP	4
9YFD_A	160	1	A	161		ASP	4
9YFD_A	161	1	A	162		ASN	4
9YFD_A	162	1	A	163		GLU	4
9YFD_A	163	1	A	164		ARG	4
9YFD_A	164	1	A	165		ALA	4
9YFD_A	165	1	A	166		ARG	4
9YFD_A	166	1	A	167		PHE	4
9YFD_A	167	1	A	168		ARG	4
9YFD_A	168	1	A	169		TRP	4
9YFD_A	169	1	A	170		GLY	4
9YFD_A	170	1	A	171		GLY	4
9YFD_A	171	1	A	172		SER	4
9YFD_A	172	1	A	173		GLU	4
9YFD_A	173	1	A	174		TYR	4
9YFD_A	174	1	A	175		TYR	4
9YFD_A	175	1	A	176		ARG	4
9YFD_A	176	1	A	177		LYS	4
9YFD_A	177	1	A	178		PHE	4
9YFD_A	178	1	A	179		SER	4
9YFD_A	179	1	A	180		THR	4
9YFD_A	180	1	A	181		ASP	4
9YFD_A	181	1	A	182		TYR	4
9YFD_A	182	1	A	183		ARG	4
9YFD_A	183	1	A	184		ASN	4
9YFD_A	184	1	A	185		PHE	4
9YFD_A	185	1	A	186		LEU	4
9YFD_A	186	1	A	187		GLN	4
9YFD_A	187	1	A	188		ARG	4
9YFD_A	188	1	A	189		PRO	5
9YFD_A	189	1	A	190		VAL	5
9YFD_A	190	1	A	191		TYR	5
9YFD_A	191	1	A	192		ILE	5
9YFD_A	192	1	A	193		GLY	5
9YFD_A	193	1	A	194		ARG	5
9YFD_A	194	1	A	195		GLU	5
9YFD_A	195	1	A	196		THR	5
9YFD_A	196	1	A	197		VAL	5
9YFD_A	197	1	A	198		ASN	5
9YFD_A	198	1	A	199		LYS	5
9YFD_A	199	1	A	200		ILE	5
9YFD_A	200	1	A	201		SER	5
9YFD_A	201	1	A	202		GLU	5
9YFD_A	202	1	A	203		ILE	5
9YFD_A	203	1	A	204		ASP	5
9YFD_A	204	1	A	205		ASP	5
9YFD_A	205	1	A	206		VAL	5
9YFD_A	206	1	A	207		TYR	5
9YFD_A	207	1	A	208		ILE	5
9YFD_A	208	1	A	209		ILE	5
9YFD_A	209	1	A	210		SER	5
9YFD_A	210	1	A	211		LEU	5
9YFD_A	211	1	A	212		ASP	5
9YFD_A	212	1	A	213		LEU	5
9YFD_A	213	1	A	214		LYS	5
9YFD_A	214	1	A	215		ASN	5
9YFD_A	215	1	A	216		PHE	5
9YFD_A	216	1	A	217		PHE	5
9YFD_A	217	1	A	218		GLY	5
9YFD_A	218	1	A	219		SER	5
9YFD_A	219	1	A	220		ILE	5
9YFD_A	220	1	A	221		LYS	2
9YFD_A	221	1	A	222		ILE	2
9YFD_A	222	1	A	223		SER	2
9YFD_A	223	1	A	224		THR	2
9YFD_A	224	1	A	225		LEU	2
9YFD_A	225	1	A	226		LEU	2
9YFD_A	226	1	A	227		GLU	2
9YFD_A	227	1	A	228		LYS	2
9YFD_A	228	1	A	229		LEU	2
9YFD_A	229	1	A	230		LYS	2
9YFD_A	230	1	A	231		LYS	2
9YFD_A	231	1	A	232		ILE	2
9YFD_A	232	1	A	233		SER	2
9YFD_A	233	1	A	234		SER	2
9YFD_A	234	1	A	235		ASP	2
9YFD_A	235	1	A	236		HIS	2
9YFD_A	236	1	A	237		TYR	2
9YFD_A	237	1	A	238		ASP	2
9YFD_A	238	1	A	239		HIS	2
9YFD_A	239	1	A	240		ASN	2
9YFD_A	240	1	A	241		ILE	2
9YFD_A	241	1	A	242		ILE	2
9YFD_A	242	1	A	243		ASN	2
9YFD_A	243	1	A	244		GLU	2
9YFD_A	244	1	A	245		ASN	2
9YFD_A	245	1	A	246		GLU	2
9YFD_A	246	1	A	247		PHE	2
9YFD_A	247	1	A	248		TRP	2
9YFD_A	248	1	A	249		GLY	2
9YFD_A	249	1	A	250		LEU	2
9YFD_A	250	1	A	251		ALA	2
9YFD_A	251	1	A	252		SER	2
9YFD_A	252	1	A	253		GLN	2
9YFD_A	253	1	A	254		ILE	2
9YFD_A	254	1	A	255		LEU	2
9YFD_A	255	1	A	256		ASN	2
9YFD_A	256	1	A	257		TRP	3
9YFD_A	257	1	A	258		GLU	3
9YFD_A	258	1	A	259		TRP	3
9YFD_A	259	1	A	260		PRO	3
9YFD_A	260	1	A	261		GLU	3
9YFD_A	261	1	A	262		ASP	3
9YFD_A	262	1	A	263		SER	3
9YFD_A	263	1	A	264		LEU	3
9YFD_A	264	1	A	265		SER	3
9YFD_A	265	1	A	266		LEU	3
9YFD_A	266	1	A	267		LEU	3
9YFD_A	267	1	A	268		LYS	3
9YFD_A	268	1	A	269		ASN	3
9YFD_A	269	1	A	270		LEU	3
9YFD_A	270	1	A	271		ASP	3
9YFD_A	271	1	A	272		ILE	3
9YFD_A	272	1	A	273		GLU	3
9YFD_A	273	1	A	274		GLU	3
9YFD_A	274	1	A	275		GLU	3
9YFD_A	275	1	A	276		ASN	3
9YFD_A	276	1	A	277		VAL	3
9YFD_A	277	1	A	278		GLY	3
9YFD_A	278	1	A	279		LEU	5
9YFD_A	279	1	A	280		PRO	5
9YFD_A	280	1	A	281		GLN	5
9YFD_A	281	1	A	282		GLY	5
9YFD_A	282	1	A	283		LEU	5
9YFD_A	283	1	A	284		ALA	5
9YFD_A	284	1	A	285		SER	5
9YFD_A	285	1	A	286		ALA	5
9YFD_A	286	1	A	287		GLY	5
9YFD_A	287	1	A	288		ALA	5
9YFD_A	288	1	A	289		LEU	5
9YFD_A	289	1	A	290		ALA	5
9YFD_A	290	1	A	291		ASN	5
9YFD_A	291	1	A	292		ALA	5
9YFD_A	292	1	A	293		TYR	5
9YFD_A	293	1	A	294		LEU	5
9YFD_A	294	1	A	295		ILE	5
9YFD_A	295	1	A	296		GLU	5
9YFD_A	296	1	A	297		PHE	5
9YFD_A	297	1	A	298		ASP	5
9YFD_A	298	1	A	299		GLU	5
9YFD_A	299	1	A	300		SER	5
9YFD_A	300	1	A	301		LEU	5
9YFD_A	301	1	A	302		THR	5
9YFD_A	302	1	A	303		SER	5
9YFD_A	303	1	A	304		ASN	5
9YFD_A	304	1	A	305		LEU	5
9YFD_A	305	1	A	306		ARG	5
9YFD_A	306	1	A	307		THR	5
9YFD_A	307	1	A	308		LYS	5
9YFD_A	308	1	A	309		ILE	5
9YFD_A	309	1	A	310		ASP	5
9YFD_A	310	1	A	311		GLY	5
9YFD_A	311	1	A	312		SER	5
9YFD_A	312	1	A	313		GLN	5
9YFD_A	313	1	A	314		ILE	5
9YFD_A	314	1	A	315		VAL	5
9YFD_A	315	1	A	316		LEU	5
9YFD_A	316	1	A	317		HIS	5
9YFD_A	317	1	A	318		ASP	5
9YFD_A	318	1	A	319		TYR	5
9YFD_A	319	1	A	320		CYS	5
9YFD_A	320	1	A	321		ARG	5
9YFD_A	321	1	A	322		TYR	5
9YFD_A	322	1	A	323		VAL	5
9YFD_A	323	1	A	324		ASP	5
9YFD_A	324	1	A	325		ASP	5
9YFD_A	325	1	A	326		ILE	5
9YFD_A	326	1	A	327		ARG	5
9YFD_A	327	1	A	328		LEU	5
9YFD_A	328	1	A	329		VAL	5
9YFD_A	329	1	A	330		ILE	5
9YFD_A	330	1	A	331		SER	5
9YFD_A	331	1	A	332		GLY	5
9YFD_A	332	1	A	333		GLU	5
9YFD_A	333	1	A	334		ALA	5
9YFD_A	334	1	A	335		LEU	5
9YFD_A	335	1	A	336		THR	5
9YFD_A	336	1	A	337		ASN	5
9YFD_A	337	1	A	338		GLU	5
9YFD_A	338	1	A	339		GLU	5
9YFD_A	339	1	A	340		ILE	5
9YFD_A	340	1	A	341		LYS	5
9YFD_A	341	1	A	342		LYS	5
9YFD_A	342	1	A	343		SER	5
9YFD_A	343	1	A	344		ILE	5
9YFD_A	344	1	A	345		HIS	5
9YFD_A	345	1	A	346		GLU	5
9YFD_A	346	1	A	347		LEU	5
9YFD_A	347	1	A	348		VAL	5
9YFD_A	348	1	A	349		GLN	5
9YFD_A	349	1	A	350		ARG	5
9YFD_A	350	1	A	351		ILE	5
9YFD_A	351	1	A	352		LEU	5
9YFD_A	352	1	A	353		ASP	5
9YFD_A	353	1	A	354		GLU	5
9YFD_A	354	1	A	355		THR	5
9YFD_A	355	1	A	356		LEU	5
9YFD_A	356	1	A	357		ASP	5
9YFD_A	357	1	A	358		GLN	5
9YFD_A	358	1	A	359		ASP	5
9YFD_A	359	1	A	360		GLU	5
9YFD_A	360	1	A	361		SER	5
9YFD_A	361	1	A	362		ASP	5
9YFD_A	362	1	A	363		ASN	5
9YFD_A	363	1	A	364		GLU	5
9YFD_A	364	1	A	365		PRO	5
9YFD_A	365	1	A	366		TYR	5
9YFD_A	366	1	A	367		LEU	5
9YFD_A	367	1	A	368		LYS	5
9YFD_A	368	1	A	369		ILE	5
9YFD_A	369	1	A	370		ASN	5
9YFD_A	370	1	A	371		ASP	5
9YFD_A	371	1	A	372		LYS	5
9YFD_A	372	1	A	373		LYS	5
9YFD_A	373	1	A	374		THR	5
9YFD_A	374	1	A	375		TYR	5
9YFD_A	375	1	A	376		ILE	5
9YFD_A	376	1	A	377		LEU	5
9YFD_A	377	1	A	378		GLY	5
9YFD_A	378	1	A	379		LEU	5
9YFD_A	379	1	A	380		SER	5
9YFD_A	380	1	A	381		ASP	5
9YFD_A	381	1	A	382		ILE	5
9YFD_A	382	1	A	479		ASN	3
9YFD_A	383	1	A	480		GLU	3
9YFD_A	384	1	A	481		SER	3
9YFD_A	385	1	A	482		ALA	3
9YFD_A	386	1	A	483		LEU	3
9YFD_A	387	1	A	484		ILE	3
9YFD_A	388	1	A	485		ALA	3
9YFD_A	389	1	A	486		LYS	3
9YFD_A	390	1	A	487		LYS	3
9YFD_A	391	1	A	488		LEU	3
9YFD_A	392	1	A	489		LEU	3
9YFD_A	393	1	A	490		LYS	3
9YFD_A	394	1	A	491		THR	3
9YFD_A	395	1	A	492		TRP	3
9YFD_A	396	1	A	493		LEU	3
9YFD_A	397	1	A	494		LYS	3
9YFD_A	398	1	A	495		ASP	3
9YFD_A	399	1	A	496		PRO	3
9YFD_A	400	1	A	497		SER	3
9YFD_A	401	1	A	498		ILE	3
9YFD_A	402	1	A	499		MET	3
9YFD_A	403	1	A	500		VAL	3
9YFD_A	404	1	A	501		ILE	3
9YFD_A	405	1	A	502		PHE	3
9YFD_A	406	1	A	503		ARG	3
9YFD_A	407	1	A	504		LYS	3
9YFD_A	408	1	A	505		ALA	3
9YFD_A	409	1	A	506		ILE	3
9YFD_A	410	1	A	507		THR	3
9YFD_A	411	1	A	508		ILE	3
9YFD_A	412	1	A	509		ASN	3
9YFD_A	413	1	A	510		PRO	3
9YFD_A	414	1	A	511		ASN	3
9YFD_A	415	1	A	512		LEU	3
9YFD_A	416	1	A	513		ASP	3
9YFD_A	417	1	A	514		ALA	3
9YFD_A	418	1	A	515		TYR	3
9YFD_A	419	1	A	516		LYS	3
9YFD_A	420	1	A	517		THR	3
9YFD_A	421	1	A	518		ILE	3
9YFD_A	422	1	A	519		LEU	3
9YFD_A	423	1	A	520		GLU	3
9YFD_A	424	1	A	521		ILE	3
9YFD_A	425	1	A	522		ILE	3
9YFD_A	426	1	A	523		PHE	3
9YFD_A	427	1	A	524		LEU	3
9YFD_A	428	1	A	525		ARG	3
9YFD_A	429	1	A	526		ILE	3
9YFD_A	430	1	A	527		GLN	3
9YFD_A	431	1	A	528		HIS	3
9YFD_A	432	1	A	529		ASN	3
9YFD_A	433	1	A	530		ARG	3
9YFD_A	434	1	A	531		GLU	3
9YFD_A	435	1	A	532		LYS	3
9YFD_A	436	1	A	533		CYS	3
9YFD_A	437	1	A	534		ASP	3
9YFD_A	438	1	A	535		ARG	3
9YFD_A	439	1	A	536		TYR	3
9YFD_A	440	1	A	537		ILE	3
9YFD_A	441	1	A	538		MET	3
9YFD_A	442	1	A	539		LEU	3
9YFD_A	443	1	A	540		TYR	3
9YFD_A	444	1	A	541		LEU	3
9YFD_A	445	1	A	542		LEU	3
9YFD_A	446	1	A	543		SER	3
9YFD_A	447	1	A	544		ASP	3
9YFD_A	448	1	A	545		ILE	3
9YFD_A	449	1	A	546		PHE	3
9YFD_A	450	1	A	547		ARG	3
9YFD_A	451	1	A	548		SER	3
9YFD_A	452	1	A	549		VAL	3
9YFD_A	453	1	A	550		VAL	3
9YFD_A	454	1	A	551		ASP	3
9YFD_A	455	1	A	552		ILE	3
9YFD_A	456	1	A	553		TYR	3
9YFD_A	457	1	A	554		ARG	3
9YFD_A	458	1	A	555		LYS	3
9YFD_A	459	1	A	556		LEU	3
9YFD_A	460	1	A	557		SER	3
9YFD_A	461	1	A	558		PRO	3
9YFD_A	462	1	A	559		GLU	3
9YFD_A	463	1	A	560		CYS	3
9YFD_A	464	1	A	561		THR	3
9YFD_A	465	1	A	562		SER	3
9YFD_A	466	1	A	563		ASP	3
9YFD_A	467	1	A	564		TYR	3
9YFD_A	468	1	A	565		GLN	3
9YFD_A	469	1	A	566		LYS	3
9YFD_A	470	1	A	567		LEU	3
9YFD_A	471	1	A	568		MET	3
9YFD_A	472	1	A	569		SER	3
9YFD_A	473	1	A	570		GLU	3
9YFD_A	474	1	A	571		VAL	3
9YFD_A	475	1	A	572		THR	3
9YFD_A	476	1	A	573		SER	3
9YFD_A	477	1	A	574		PHE	3
9YFD_A	478	1	A	575		ALA	3
9YFD_A	479	1	A	576		HIS	3
9YFD_A	480	1	A	577		LYS	3
9YFD_A	481	1	A	578		LEU	3
9YFD_A	482	1	A	579		LEU	3
9YFD_A	483	1	A	580		SER	3
9YFD_A	484	1	A	581		CYS	3
9YFD_A	485	1	A	582		ARG	3
9YFD_A	486	1	A	583		SER	3
9YFD_A	487	1	A	584		VAL	3
9YFD_A	488	1	A	585		ILE	3
9YFD_A	489	1	A	586		PRO	3
9YFD_A	490	1	A	587		ASN	3
9YFD_A	491	1	A	588		TYR	3
9YFD_A	492	1	A	589		ALA	3
9YFD_A	493	1	A	590		TYR	3
9YFD_A	494	1	A	591		GLN	3
9YFD_A	495	1	A	592		GLN	3
9YFD_A	496	1	A	593		ALA	3
9YFD_A	497	1	A	594		LEU	3
9YFD_A	498	1	A	595		PHE	3
9YFD_A	499	1	A	596		TYR	3
9YFD_A	500	1	A	597		LEU	3
9YFD_A	501	1	A	598		ALA	3
9YFD_A	502	1	A	599		VAL	3
9YFD_A	503	1	A	600		ILE	3
9YFD_A	504	1	A	601		ASN	3
9YFD_A	505	1	A	602		LYS	3
9YFD_A	506	1	A	603		PRO	3
9YFD_A	507	1	A	604		PHE	3
9YFD_A	508	1	A	605		ILE	3
9YFD_A	509	1	A	606		ALA	3
9YFD_A	510	1	A	607		SER	3
9YFD_A	511	1	A	608		LYS	3
9YFD_A	512	1	A	609		LYS	3
9YFD_A	513	1	A	610		SER	3
9YFD_A	514	1	A	611		SER	3
9YFD_A	515	1	A	612		SER	3
9YFD_A	516	1	A	613		ASP	3
9YFD_A	517	1	A	614		LEU	3
9YFD_A	518	1	A	615		SER	3
9YFD_A	519	1	A	616		LYS	3
9YFD_A	520	1	A	617		LEU	3
9YFD_A	521	1	A	618		GLN	3
9YFD_A	522	1	A	619		HIS	6
9YFD_A	523	1	A	620		VAL	6
9YFD_A	524	1	A	621		LEU	6
9YFD_A	525	1	A	622		ILE	6
9YFD_A	526	1	A	623		LYS	6
9YFD_A	527	1	A	624		ARG	6
9YFD_A	528	1	A	625		HIS	6
9YFD_A	529	1	A	626		LEU	6
9YFD_A	530	1	A	627		GLU	6
9YFD_A	531	1	A	628		PRO	6
9YFD_A	532	1	A	629		LEU	6
9YFD_A	533	1	A	630		SER	6
9YFD_A	534	1	A	631		SER	6
9YFD_A	535	1	A	632		SER	6
9YFD_A	536	1	A	633		ASP	6
9YFD_A	537	1	A	634		GLY	6
9YFD_A	538	1	A	635		TYR	6
9YFD_A	539	1	A	636		LEU	6
9YFD_A	540	1	A	637		PHE	6
9YFD_A	541	1	A	638		GLU	6
9YFD_A	542	1	A	639		LEU	6
9YFD_A	543	1	A	640		SER	6
9YFD_A	544	1	A	641		ALA	6
9YFD_A	545	1	A	642		GLN	6
9YFD_A	546	1	A	643		ILE	6
9YFD_A	547	1	A	644		SER	6
9YFD_A	548	1	A	645		LYS	6
9YFD_A	549	1	A	646		ASP	6
9YFD_A	550	1	A	647		TYR	6
9YFD_A	551	1	A	648		GLN	6
9YFD_A	552	1	A	649		ALA	6
9YFD_A	553	1	A	650		ASN	6
9YFD_A	554	1	A	651		VAL	6
9YFD_A	555	1	A	652		ALA	6
9YFD_A	556	1	A	653		PHE	6
9YFD_A	557	1	A	654		LEU	6
9YFD_A	558	1	A	655		LEU	6
9YFD_A	559	1	A	656		SER	6
9YFD_A	560	1	A	657		HIS	6
9YFD_A	561	1	A	658		THR	6
9YFD_A	562	1	A	659		ASN	6
9YFD_A	563	1	A	660		THR	6
9YFD_A	564	1	A	661		THR	6
9YFD_A	565	1	A	662		GLU	6
9YFD_A	566	1	A	663		VAL	6
9YFD_A	567	1	A	664		VAL	6
9YFD_A	568	1	A	665		ASP	6
9YFD_A	569	1	A	666		SER	6
9YFD_A	570	1	A	667		ILE	6
9YFD_A	571	1	A	668		VAL	6
9YFD_A	572	1	A	669		GLU	6
9YFD_A	573	1	A	670		LYS	6
9YFD_A	574	1	A	671		PHE	6
9YFD_A	575	1	A	672		ALA	6
9YFD_A	576	1	A	673		TYR	6
9YFD_A	577	1	A	674		ARG	6
9YFD_A	578	1	A	675		GLY	6
9YFD_A	579	1	A	676		GLY	6
9YFD_A	580	1	A	677		GLU	6
9YFD_A	581	1	A	678		PHE	6
9YFD_A	582	1	A	679		TRP	6
9YFD_A	583	1	A	680		ASN	6
9YFD_A	584	1	A	681		SER	6
9YFD_A	585	1	A	682		ILE	6
9YFD_A	586	1	A	683		TRP	6
9YFD_A	587	1	A	684		LYS	6
9YFD_A	588	1	A	685		GLU	6
9YFD_A	589	1	A	686		PHE	6
9YFD_A	590	1	A	687		VAL	6
9YFD_A	591	1	A	688		ARG	6
9YFD_A	592	1	A	689		THR	6
9YFD_A	593	1	A	690		LYS	6
9YFD_A	594	1	A	691		ASP	6
9YFD_A	595	1	A	692		LYS	6
9YFD_A	596	1	A	693		VAL	6
9YFD_A	597	1	A	694		ARG	6
9YFD_A	598	1	A	695		ILE	6
9YFD_A	599	1	A	696		ASN	6
9YFD_A	600	1	A	697		LYS	6
9YFD_A	601	1	A	698		PHE	6
9YFD_A	602	1	A	699		ARG	1
9YFD_A	603	1	A	700		TRP	1
9YFD_A	604	1	A	701		ALA	1
9YFD_A	605	1	A	702		ILE	1
9YFD_A	606	1	A	703		PRO	1
9YFD_A	607	1	A	704		LYS	1
9YFD_A	608	1	A	705		ASN	1
9YFD_A	609	1	A	706		GLU	1
9YFD_A	610	1	A	707		SER	1
9YFD_A	611	1	A	708		LYS	1
9YFD_A	612	1	A	709		PRO	1
9YFD_A	613	1	A	710		ASN	1
9YFD_A	614	1	A	711		GLY	1
9YFD_A	615	1	A	712		SER	1
9YFD_A	616	1	A	713		ASP	1
9YFD_A	617	1	A	714		HIS	1
9YFD_A	618	1	A	715		TYR	1
9YFD_A	619	1	A	716		LEU	1
9YFD_A	620	1	A	717		SER	1
9YFD_A	621	1	A	718		SER	1
9YFD_A	622	1	A	719		VAL	1
9YFD_A	623	1	A	720		ILE	1
9YFD_A	624	1	A	721		SER	1
9YFD_A	625	1	A	722		PHE	1
9YFD_A	626	1	A	723		LYS	1
9YFD_A	627	1	A	724		GLU	1
9YFD_A	628	1	A	725		ASN	1
9YFD_A	629	1	A	726		PRO	1
9YFD_A	630	1	A	727		PHE	1
9YFD_A	631	1	A	728		LYS	1
9YFD_A	632	1	A	729		TYR	1
9YFD_A	633	1	A	730		GLU	1
9YFD_A	634	1	A	731		HIS	1
9YFD_A	635	1	A	732		ALA	1
9YFD_A	636	1	A	733		LEU	1
9YFD_A	637	1	A	734		LEU	1
9YFD_A	638	1	A	735		LYS	1
9YFD_A	639	1	A	736		LEU	1
9YFD_A	640	1	A	737		GLY	1
9YFD_A	641	1	A	738		ILE	1
9YFD_A	642	1	A	739		ALA	1
9YFD_A	643	1	A	740		LEU	1
9YFD_A	644	1	A	741		VAL	1
9YFD_A	645	1	A	742		ASN	1
9YFD_A	646	1	A	743		LEU	1
9YFD_A	647	1	A	744		LEU	1
9YFD_A	648	1	A	745		GLU	1
9YFD_A	649	1	A	746		ASP	1
9YFD_A	650	1	A	747		THR	1
9YFD_A	651	1	A	748		GLU	1
9YFD_A	652	1	A	749		LYS	1
9YFD_A	653	1	A	750		ASN	1
9YFD_A	654	1	A	751		VAL	1
9YFD_A	655	1	A	752		TRP	1
9YFD_A	656	1	A	753		GLN	1
9YFD_A	657	1	A	754		SER	1
9YFD_A	658	1	A	755		ASP	1
9YFD_A	659	1	A	756		GLY	1
9YFD_A	660	1	A	757		LYS	1
9YFD_A	661	1	A	758		GLN	1
9YFD_A	662	1	A	759		TYR	1
9YFD_A	663	1	A	760		SER	1
9YFD_A	664	1	A	761		PRO	1
9YFD_A	665	1	A	762		HIS	1
9YFD_A	666	1	A	763		GLU	1
9YFD_A	667	1	A	764		ILE	1
9YFD_A	668	1	A	765		LYS	1
9YFD_A	669	1	A	766		VAL	1
9YFD_A	670	1	A	767		LYS	1
9YFD_A	671	1	A	768		LEU	1
9YFD_A	672	1	A	769		GLU	1
9YFD_A	673	1	A	770		GLY	1
9YFD_A	674	1	A	771		HIS	1
9YFD_A	675	1	A	772		SER	1
9YFD_A	676	1	A	773		THR	1
9YFD_A	677	1	A	774		SER	1
9YFD_A	678	1	A	775		TRP	1
9YFD_A	679	1	A	776		THR	1
9YFD_A	680	1	A	777		GLU	1
9YFD_A	681	1	A	778		LEU	1
9YFD_A	682	1	A	779		TRP	1
9YFD_A	683	1	A	780		ARG	1
9YFD_A	684	1	A	781		GLN	1
9YFD_A	685	1	A	782		ASN	1
9YFD_A	686	1	A	783		SER	1
9YFD_A	687	1	A	784		ILE	1
9YFD_A	688	1	A	785		ILE	1
9YFD_A	689	1	A	786		SER	1
9YFD_A	690	1	A	787		CYS	1
9YFD_A	691	1	A	788		SER	1
9YFD_A	692	1	A	789		ILE	1
9YFD_A	693	1	A	790		ASP	1
9YFD_A	694	1	A	791		LYS	1
9YFD_A	695	1	A	792		ILE	1
9YFD_A	696	1	A	793		ALA	1
9YFD_A	697	1	A	794		GLN	1
9YFD_A	698	1	A	795		ASP	1
9YFD_A	699	1	A	796		PRO	1
9YFD_A	700	1	A	797		ARG	1
9YFD_A	701	1	A	798		TYR	1
9YFD_A	702	1	A	799		GLU	1
9YFD_A	703	1	A	800		SER	1
9YFD_A	704	1	A	801		PRO	1
9YFD_A	705	1	A	802		LYS	1
9YFD_A	706	1	A	803		TRP	1
9YFD_A	707	1	A	804		LEU	1
9YFD_A	708	1	A	805		VAL	1
9YFD_A	709	1	A	806		ASN	1
9YFD_A	710	1	A	807		CYS	1
9YFD_A	711	1	A	808		GLN	1
9YFD_A	712	1	A	809		GLN	1
9YFD_A	713	1	A	810		ALA	1
9YFD_A	714	1	A	811		LYS	1
9YFD_A	715	1	A	812		ASN	1
9YFD_A	716	1	A	813		ASP	1
9YFD_A	717	1	A	814		GLU	1
9YFD_A	718	1	A	815		LYS	1
9YFD_A	719	1	A	816		LYS	1
9YFD_A	720	1	A	817		ILE	1
9YFD_A	721	1	A	818		TYR	1
9YFD_A	722	1	A	819		TRP	1
9YFD_A	723	1	A	820		VAL	1
9YFD_A	724	1	A	821		CYS	1
9YFD_A	725	1	A	822		SER	1
9YFD_A	726	1	A	823		VAL	1
9YFD_A	727	1	A	824		LEU	1
9YFD_A	728	1	A	825		ARG	1
9YFD_A	729	1	A	826		SER	1
9YFD_A	730	1	A	827		ALA	1
9YFD_A	731	1	A	828		ALA	1
9YFD_A	732	1	A	829		LEU	1
9YFD_A	733	1	A	830		GLY	1
9YFD_A	734	1	A	831		ASN	1
9YFD_A	735	1	A	832		VAL	1
9YFD_A	736	1	A	833		ASP	1
9YFD_A	737	1	A	834		TYR	1
9YFD_A	738	1	A	835		THR	1
9YFD_A	739	1	A	836		GLN	1
9YFD_A	740	1	A	837		ARG	1
9YFD_A	741	1	A	838		ASN	1
9YFD_A	742	1	A	847		TYR	1
9YFD_A	743	1	A	848		ASP	1
9YFD_A	744	1	A	849		GLY	1
9YFD_A	745	1	A	850		ILE	1
9YFD_A	746	1	A	851		HIS	1
9YFD_A	747	1	A	852		SER	1
9YFD_A	748	1	A	853		GLN	1
9YFD_A	749	1	A	854		PHE	1
9YFD_A	750	1	A	855		TYR	1
9YFD_A	751	1	A	856		LYS	1
9YFD_A	752	1	A	857		ARG	1
9YFD_A	753	1	A	858		ARG	1
9YFD_A	754	1	A	859		MET	1
9YFD_A	755	1	A	860		GLY	1
9YFD_A	756	1	A	861		MET	1
9YFD_A	757	1	A	862		LEU	1
9YFD_A	758	1	A	863		HIS	1
9YFD_A	759	1	A	864		THR	1
9YFD_A	760	1	A	865		PRO	1
9YFD_A	761	1	A	866		GLU	1
9YFD_A	762	1	A	867		SER	1
9YFD_A	763	1	A	868		ILE	1
9YFD_A	764	1	A	869		VAL	1
9YFD_A	765	1	A	870		GLY	1
9YFD_A	766	1	A	871		SER	1
9YFD_A	767	1	A	872		TYR	1
9YFD_A	768	1	A	873		ALA	1
9YFD_A	769	1	A	874		THR	1
9YFD_A	770	1	A	875		ILE	1
9YFD_A	771	1	A	876		THR	1
9YFD_A	772	1	A	877		ASP	1
9YFD_A	773	1	A	878		TRP	1
9YFD_A	774	1	A	879		PHE	1
9YFD_A	775	1	A	880		ALA	1
9YFD_A	776	1	A	881		SER	1
9YFD_A	777	1	A	882		PHE	1
9YFD_A	778	1	A	883		LEU	1
9YFD_A	779	1	A	884		GLN	1
9YFD_A	780	1	A	885		HIS	1
9YFD_A	781	1	A	886		GLY	1
9YFD_A	782	1	A	887		LEU	1
9YFD_A	783	1	A	888		GLN	1
9YFD_A	784	1	A	889		TRP	1
9YFD_A	785	1	A	890		PRO	1
9YFD_A	786	1	A	891		GLY	1
9YFD_A	787	1	A	892		PHE	1
9YFD_A	788	1	A	893		SER	1
9YFD_A	789	1	A	894		SER	1
9YFD_A	790	1	A	895		SER	1
9YFD_A	791	1	A	896		TYR	1
9YFD_A	792	1	A	897		ILE	1
9YFD_A	793	1	A	898		ASN	1
9YFD_A	794	1	A	899		GLN	1
9YFD_A	795	1	A	900		GLU	1
9YFD_A	796	1	A	901		ASP	1
9YFD_A	797	1	A	902		ILE	1
9YFD_A	798	1	A	903		LEU	1
9YFD_A	799	1	A	904		SER	1
9YFD_A	800	1	A	905		ILE	1
9YFD_A	801	1	A	906		THR	1
9YFD_A	802	1	A	907		SER	1
9YFD_A	803	1	A	908		LEU	1
9YFD_A	804	1	A	909		GLY	1
9YFD_A	805	1	A	910		GLU	1
9YFD_A	806	1	A	911		PHE	1
9YFD_A	807	1	A	912		LYS	1
9YFD_A	808	1	A	913		LYS	1
9YFD_A	809	1	A	914		CYS	1
9YFD_A	810	1	A	915		LEU	1
9YFD_A	811	1	A	916		LEU	1
9YFD_A	812	1	A	917		GLU	1
9YFD_A	813	1	A	918		ARG	1
9YFD_A	814	1	A	919		LEU	1
9YFD_A	815	1	A	920		GLY	1
9YFD_A	816	1	A	921		TYR	1
9YFD_A	817	1	A	922		LEU	1
9YFD_A	818	1	A	923		ASN	1
9YFD_A	819	1	A	924		THR	7
9YFD_A	820	1	A	925		GLN	7
9YFD_A	821	1	A	926		ILE	7
9YFD_A	822	1	A	927		CYS	7
9YFD_A	823	1	A	928		THR	7
9YFD_A	824	1	A	929		SER	7
9YFD_A	825	1	A	930		SER	7
9YFD_A	826	1	A	931		SER	7
9YFD_A	827	1	A	932		VAL	7
9YFD_A	828	1	A	933		PRO	7
9YFD_A	829	1	A	934		THR	7
9YFD_A	830	1	A	935		LEU	7
9YFD_A	831	1	A	936		PRO	7
9YFD_A	832	1	A	937		THR	7
9YFD_A	833	1	A	938		VAL	7
9YFD_A	834	1	A	939		VAL	7
9YFD_A	835	1	A	940		ASN	7
9YFD_A	836	1	A	941		ARG	7
9YFD_A	837	1	A	942		PRO	7
9YFD_A	838	1	A	943		GLU	7
9YFD_A	839	1	A	944		LEU	7
9YFD_A	840	1	A	945		ALA	7
9YFD_A	841	1	A	946		SER	7
9YFD_A	842	1	A	947		ASN	7
9YFD_A	843	1	A	948		TYR	7
9YFD_A	844	1	A	949		PHE	7
9YFD_A	845	1	A	950		ARG	7
9YFD_A	846	1	A	951		ILE	7
9YFD_A	847	1	A	952		VAL	7
9YFD_A	848	1	A	953		THR	7
9YFD_A	849	1	A	954		VAL	7
9YFD_A	850	1	A	955		GLN	7
9YFD_A	851	1	A	956		GLN	7
9YFD_A	852	1	A	957		LEU	7
9YFD_A	853	1	A	958		PHE	7
9YFD_A	854	1	A	959		PRO	7
9YFD_A	855	1	A	960		LYS	7
9YFD_A	856	1	A	961		ASP	7
9YFD_A	857	1	A	962		LYS	7
9YFD_A	858	1	A	963		HIS	7
9YFD_A	859	1	A	964		PHE	7
9YFD_A	860	1	A	965		HIS	7
9YFD_A	861	1	A	966		PRO	7
9YFD_A	862	1	A	967		SER	7
9YFD_A	863	1	A	968		ASP	7
9YFD_A	864	1	A	969		VAL	7
9YFD_A	865	1	A	970		THR	7
9YFD_A	866	1	A	971		LEU	7
9YFD_A	867	1	A	972		ASP	7
9YFD_A	868	1	A	973		ASN	7
9YFD_A	869	1	A	974		PRO	7
9YFD_A	870	1	A	975		GLU	7
9YFD_A	871	1	A	976		VAL	7
9YFD_A	872	1	A	977		ARG	7
9YFD_A	873	1	A	978		TRP	7
9YFD_A	874	1	A	979		LYS	7
9YFD_A	875	1	A	980		HIS	7
9YFD_A	876	1	A	981		ARG	7
9YFD_A	877	1	A	982		GLU	7
9YFD_A	878	1	A	983		HIS	7
9YFD_A	879	1	A	984		LEU	7
9YFD_A	880	1	A	985		ALA	7
9YFD_A	881	1	A	986		GLU	7
9YFD_A	882	1	A	987		ILE	7
9YFD_A	883	1	A	988		CYS	7
9YFD_A	884	1	A	989		LYS	7
9YFD_A	885	1	A	990		LEU	7
9YFD_A	886	1	A	991		THR	7
9YFD_A	887	1	A	992		GLU	7
9YFD_A	888	1	A	993		GLN	7
9YFD_A	889	1	A	994		THR	7
9YFD_A	890	1	A	995		LEU	7
9YFD_A	891	1	A	996		ASP	7
9YFD_A	892	1	A	997		ALA	7
9YFD_A	893	1	A	998		LYS	7
9YFD_A	894	1	A	999		LEU	7
9YFD_A	895	1	A	1000		LYS	7
9YFD_A	896	1	A	1001		THR	7
9YFD_A	897	1	A	1002		GLU	7
9YFD_A	898	1	A	1003		SER	7
9YFD_A	899	1	A	1004		ARG	7
9YFD_A	900	1	A	1005		ASP	7
9YFD_A	901	1	A	1006		HIS	7
9YFD_A	902	1	A	1007		THR	7
9YFD_A	903	1	A	1008		SER	7
9YFD_A	904	1	A	1009		THR	7
9YFD_A	905	1	A	1010		ALA	7
9YFD_A	906	1	A	1011		ASP	7
9YFD_A	907	1	A	1012		LEU	7
9YFD_A	908	1	A	1013		ILE	7
9YFD_A	909	1	A	1014		VAL	7
9YFD_A	910	1	A	1015		PHE	7
9YFD_A	911	1	A	1016		SER	7
9YFD_A	912	1	A	1017		GLU	7
9YFD_A	913	1	A	1018		LEU	7
9YFD_A	914	1	A	1019		ALA	7
9YFD_A	915	1	A	1020		VAL	7
9YFD_A	916	1	A	1021		HIS	7
9YFD_A	917	1	A	1022		PRO	7
9YFD_A	918	1	A	1023		GLU	7
9YFD_A	919	1	A	1024		ASP	7
9YFD_A	920	1	A	1025		GLU	7
9YFD_A	921	1	A	1026		ASP	7
9YFD_A	922	1	A	1027		ILE	7
9YFD_A	923	1	A	1028		VAL	7
9YFD_A	924	1	A	1029		ARG	7
9YFD_A	925	1	A	1030		ALA	7
9YFD_A	926	1	A	1031		LEU	7
9YFD_A	927	1	A	1032		ALA	7
9YFD_A	928	1	A	1033		PHE	7
9YFD_A	929	1	A	1034		ARG	7
9YFD_A	930	1	A	1035		THR	7
9YFD_A	931	1	A	1036		ARG	7
9YFD_A	932	1	A	1037		SER	7
9YFD_A	933	1	A	1038		ILE	7
9YFD_A	934	1	A	1039		ILE	7
9YFD_A	935	1	A	1040		PHE	7
9YFD_A	936	1	A	1041		CYS	7
9YFD_A	937	1	A	1042		GLY	7
9YFD_A	938	1	A	1043		PHE	7
9YFD_A	939	1	A	1044		VAL	7
9YFD_A	940	1	A	1045		PHE	7
9YFD_A	941	1	A	1046		CYS	7
9YFD_A	942	1	A	1047		GLU	7
9YFD_A	943	1	A	1048		GLN	7
9YFD_A	944	1	A	1049		ASP	7
9YFD_A	945	1	A	1050		GLY	7
9YFD_A	946	1	A	1051		GLN	7
9YFD_A	947	1	A	1052		ILE	7
9YFD_A	948	1	A	1053		VAL	7
9YFD_A	949	1	A	1054		ASN	7
9YFD_A	950	1	A	1055		LYS	7
9YFD_A	951	1	A	1056		ALA	7
9YFD_A	952	1	A	1057		ARG	7
9YFD_A	953	1	A	1058		TRP	7
9YFD_A	954	1	A	1059		ILE	7
9YFD_A	955	1	A	1060		ILE	7
9YFD_A	956	1	A	1061		PRO	7
9YFD_A	957	1	A	1062		ASP	7
9YFD_A	958	1	A	1063		SER	7
9YFD_A	959	1	A	1064		SER	7
9YFD_A	960	1	A	1065		GLU	7
9YFD_A	961	1	A	1066		SER	7
9YFD_A	962	1	A	1067		GLY	7
9YFD_A	963	1	A	1068		THR	7
9YFD_A	964	1	A	1069		GLN	7
9YFD_A	965	1	A	1070		TRP	7
9YFD_A	966	1	A	1071		ARG	7
9YFD_A	967	1	A	1072		VAL	7
9YFD_A	968	1	A	1073		ARG	7
9YFD_A	969	1	A	1074		ASP	7
9YFD_A	970	1	A	1075		GLN	7
9YFD_A	971	1	A	1076		GLY	7
9YFD_A	972	1	A	1077		LYS	7
9YFD_A	973	1	A	1078		PHE	7
9YFD_A	974	1	A	1079		HIS	7
9YFD_A	975	1	A	1080		MET	7
9YFD_A	976	1	A	1081		THR	7
9YFD_A	977	1	A	1082		SER	7
9YFD_A	978	1	A	1083		GLY	7
9YFD_A	979	1	A	1084		GLU	7
9YFD_A	980	1	A	1085		MET	7
9YFD_A	981	1	A	1086		SER	7
9YFD_A	982	1	A	1087		LEU	7
9YFD_A	983	1	A	1088		GLY	7
9YFD_A	984	1	A	1089		VAL	7
9YFD_A	985	1	A	1090		HIS	7
9YFD_A	986	1	A	1091		GLY	7
9YFD_A	987	1	A	1092		TYR	7
9YFD_A	988	1	A	1093		ARG	7
9YFD_A	989	1	A	1094		PRO	7
9YFD_A	990	1	A	1095		SER	7
9YFD_A	991	1	A	1096		GLN	7
9YFD_A	992	1	A	1097		HIS	7
9YFD_A	993	1	A	1098		ILE	7
9YFD_A	994	1	A	1099		ILE	7
9YFD_A	995	1	A	1100		SER	7
9YFD_A	996	1	A	1101		ILE	7
9YFD_A	997	1	A	1102		GLU	7
9YFD_A	998	1	A	1103		GLY	7
9YFD_A	999	1	A	1104		HIS	7
9YFD_A	1000	1	A	1105		THR	7
9YFD_A	1001	1	A	1106		GLU	7
9YFD_A	1002	1	A	1107		GLY	7
9YFD_A	1003	1	A	1108		PRO	7
9YFD_A	1004	1	A	1109		PHE	7
9YFD_A	1005	1	A	1110		LYS	7
9YFD_A	1006	1	A	1111		LEU	7
9YFD_A	1007	1	A	1112		THR	7
9YFD_A	1008	1	A	1113		GLY	7
9YFD_A	1009	1	A	1114		ALA	7
9YFD_A	1010	1	A	1115		ILE	7
9YFD_A	1011	1	A	1116		CYS	7
9YFD_A	1012	1	A	1117		TYR	7
9YFD_A	1013	1	A	1118		ASP	7
9YFD_A	1014	1	A	1119		ALA	7
9YFD_A	1015	1	A	1120		THR	7
9YFD_A	1016	1	A	1121		ASP	7
9YFD_A	1017	1	A	1122		ILE	7
9YFD_A	1018	1	A	1123		LYS	7
9YFD_A	1019	1	A	1124		LEU	7
9YFD_A	1020	1	A	1125		ALA	7
9YFD_A	1021	1	A	1126		ALA	7
9YFD_A	1022	1	A	1127		ASP	7
9YFD_A	1023	1	A	1128		LEU	7
9YFD_A	1024	1	A	1129		ARG	7
9YFD_A	1025	1	A	1130		ASP	7
9YFD_A	1026	1	A	1131		LEU	7
9YFD_A	1027	1	A	1132		THR	7
9YFD_A	1028	1	A	1133		ASP	7
9YFD_A	1029	1	A	1134		MET	7
9YFD_A	1030	1	A	1135		PHE	7
9YFD_A	1031	1	A	1136		VAL	7
9YFD_A	1032	1	A	1137		ILE	7
9YFD_A	1033	1	A	1138		ALA	7
9YFD_A	1034	1	A	1139		ALA	7
9YFD_A	1035	1	A	1140		TYR	7
9YFD_A	1036	1	A	1141		ASN	7
9YFD_A	1037	1	A	1142		LYS	7
9YFD_A	1038	1	A	1143		ASP	7
9YFD_A	1039	1	A	1144		VAL	7
9YFD_A	1040	1	A	1145		ASP	7
9YFD_A	1041	1	A	1146		THR	7
9YFD_A	1042	1	A	1147		PHE	7
9YFD_A	1043	1	A	1148		ASP	7
9YFD_A	1044	1	A	1149		ASN	7
9YFD_A	1045	1	A	1150		MET	7
9YFD_A	1046	1	A	1151		ALA	7
9YFD_A	1047	1	A	1152		SER	7
9YFD_A	1048	1	A	1153		ALA	7
9YFD_A	1049	1	A	1154		LEU	7
9YFD_A	1050	1	A	1155		GLN	7
9YFD_A	1051	1	A	1156		TRP	7
9YFD_A	1052	1	A	1157		HIS	7
9YFD_A	1053	1	A	1158		MET	7
9YFD_A	1054	1	A	1159		TYR	7
9YFD_A	1055	1	A	1160		GLN	7
9YFD_A	1056	1	A	1161		HIS	7
9YFD_A	1057	1	A	1162		VAL	7
9YFD_A	1058	1	A	1163		ILE	7
9YFD_A	1059	1	A	1164		ILE	7
9YFD_A	1060	1	A	1165		THR	7
9YFD_A	1061	1	A	1166		ASN	7
9YFD_A	1062	1	A	1167		THR	7
9YFD_A	1063	1	A	1168		GLY	7
9YFD_A	1064	1	A	1169		GLU	7
9YFD_A	1065	1	A	1170		TYR	7
9YFD_A	1066	1	A	1171		GLY	7
9YFD_A	1067	1	A	1172		GLY	7
9YFD_A	1068	1	A	1173		SER	7
9YFD_A	1069	1	A	1174		THR	7
9YFD_A	1070	1	A	1175		MET	7
9YFD_A	1071	1	A	1176		GLN	7
9YFD_A	1072	1	A	1177		ALA	7
9YFD_A	1073	1	A	1178		PRO	7
9YFD_A	1074	1	A	1179		TYR	7
9YFD_A	1075	1	A	1180		LYS	7
9YFD_A	1076	1	A	1181		GLU	7
9YFD_A	1077	1	A	1182		LYS	7
9YFD_A	1078	1	A	1183		HIS	7
9YFD_A	1079	1	A	1184		HIS	7
9YFD_A	1080	1	A	1185		LYS	7
9YFD_A	1081	1	A	1186		LEU	7
9YFD_A	1082	1	A	1187		ILE	7
9YFD_A	1083	1	A	1188		SER	7
9YFD_A	1084	1	A	1189		HIS	7
9YFD_A	1085	1	A	1190		ALA	7
9YFD_A	1086	1	A	1191		HIS	7
9YFD_A	1087	1	A	1192		GLY	7
9YFD_A	1088	1	A	1193		THR	7
9YFD_A	1089	1	A	1194		GLY	7
9YFD_A	1090	1	A	1195		GLN	7
9YFD_A	1091	1	A	1196		ILE	7
9YFD_A	1092	1	A	1197		ALA	7
9YFD_A	1093	1	A	1198		ILE	7
9YFD_A	1094	1	A	1199		SER	7
9YFD_A	1095	1	A	1200		THR	7
9YFD_A	1096	1	A	1201		ALA	7
9YFD_A	1097	1	A	1202		ASP	7
9YFD_A	1098	1	A	1203		ILE	7
9YFD_A	1099	1	A	1204		ASP	7
9YFD_A	1100	1	A	1205		LEU	7
9YFD_A	1101	1	A	1206		ALA	7
9YFD_A	1102	1	A	1207		ALA	7
9YFD_A	1103	1	A	1208		PHE	7
9YFD_A	1104	1	A	1209		ARG	7
9YFD_A	1105	1	A	1210		ARG	7
9YFD_A	1106	1	A	1211		LYS	0
9YFD_A	1107	1	A	1212		ILE	0
9YFD_A	1108	1	A	1213		LYS	0
9YFD_A	1109	1	A	1214		GLU	0
9YFD_A	1110	1	A	1215		TYR	0
9YFD_A	1111	1	A	1216		LYS	0
9YFD_A	1112	1	A	1217		LYS	0
9YFD_A	1113	1	A	1218		THR	0
9YFD_A	1114	1	A	1219		LYS	0
9YFD_A	1115	1	A	1220		THR	0
9YFD_A	1116	1	A	1221		GLN	0
9YFD_A	1117	1	A	1222		PRO	0
9YFD_A	1118	1	A	1223		ALA	0
9YFD_A	1119	1	A	1224		GLY	0
9YFD_A	1120	1	A	1225		PHE	0
9YFD_A	1121	1	A	1226		LYS	0
9YFD_A	1122	1	A	1227		ARG	0
9YFD_A	1123	1	A	1228		LYS	0
9YFD_A	1124	1	A	1229		HIS	0
9Z6Y_A	0	1	A	2		TYR	1
9Z6Y_A	1	1	A	3		ASP	1
9Z6Y_A	2	1	A	4		GLN	1
9Z6Y_A	3	1	A	5		SER	1
9Z6Y_A	4	1	A	6		PHE	1
9Z6Y_A	5	1	A	7		ASN	1
9Z6Y_A	6	1	A	8		PRO	1
9Z6Y_A	7	1	A	9		ARG	1
9Z6Y_A	8	1	A	10		THR	1
9Z6Y_A	9	1	A	11		LEU	1
9Z6Y_A	10	1	A	12		SER	1
9Z6Y_A	11	1	A	13		ARG	1
9Z6Y_A	12	1	A	14		CYS	1
9Z6Y_A	13	1	A	15		PHE	1
9Z6Y_A	14	1	A	16		LYS	1
9Z6Y_A	15	1	A	17		PRO	1
9Z6Y_A	16	1	A	18		GLU	1
9Z6Y_A	17	1	A	19		ASP	1
9Z6Y_A	18	1	A	20		PHE	1
9Z6Y_A	19	1	A	21		GLN	1
9Z6Y_A	20	1	A	22		LYS	1
9Z6Y_A	21	1	A	23		ASN	1
9Z6Y_A	22	1	A	24		ARG	1
9Z6Y_A	23	1	A	25		ALA	1
9Z6Y_A	24	1	A	26		LEU	1
9Z6Y_A	25	1	A	27		SER	1
9Z6Y_A	26	1	A	28		LEU	1
9Z6Y_A	27	1	A	29		ASP	1
9Z6Y_A	28	1	A	30		SER	1
9Z6Y_A	29	1	A	31		VAL	1
9Z6Y_A	30	1	A	32		ARG	1
9Z6Y_A	31	1	A	33		GLU	1
9Z6Y_A	32	1	A	34		LYS	1
9Z6Y_A	33	1	A	35		THR	1
9Z6Y_A	34	1	A	36		ILE	1
9Z6Y_A	35	1	A	37		ARG	1
9Z6Y_A	36	1	A	38		ALA	1
9Z6Y_A	37	1	A	39		ALA	1
9Z6Y_A	38	1	A	40		ILE	1
9Z6Y_A	39	1	A	41		GLU	1
9Z6Y_A	40	1	A	42		ARG	1
9Z6Y_A	41	1	A	43		PHE	1
9Z6Y_A	42	1	A	44		ASN	1
9Z6Y_A	43	1	A	45		ASN	1
9Z6Y_A	44	1	A	46		GLY	1
9Z6Y_A	45	1	A	47		PHE	1
9Z6Y_A	46	1	A	48		LEU	1
9Z6Y_A	47	1	A	49		GLY	1
9Z6Y_A	48	1	A	50		TYR	1
9Z6Y_A	49	1	A	51		ASN	1
9Z6Y_A	50	1	A	52		LEU	1
9Z6Y_A	51	1	A	53		ARG	1
9Z6Y_A	52	1	A	54		SER	1
9Z6Y_A	53	1	A	55		SER	1
9Z6Y_A	54	1	A	56		VAL	1
9Z6Y_A	55	1	A	57		LEU	1
9Z6Y_A	56	1	A	58		ARG	1
9Z6Y_A	57	1	A	59		GLY	1
9Z6Y_A	58	1	A	60		LYS	1
9Z6Y_A	59	1	A	61		LYS	1
9Z6Y_A	60	1	A	62		VAL	1
9Z6Y_A	61	1	A	63		TYR	1
9Z6Y_A	62	1	A	64		TRP	1
9Z6Y_A	63	1	A	65		ALA	1
9Z6Y_A	64	1	A	66		ASP	1
9Z6Y_A	65	1	A	67		GLU	1
9Z6Y_A	66	1	A	68		LEU	1
9Z6Y_A	67	1	A	69		ALA	1
9Z6Y_A	68	1	A	70		ASP	1
9Z6Y_A	69	1	A	71		THR	1
9Z6Y_A	70	1	A	72		LEU	1
9Z6Y_A	71	1	A	73		VAL	1
9Z6Y_A	72	1	A	74		LEU	1
9Z6Y_A	73	1	A	75		ARG	1
9Z6Y_A	74	1	A	76		LYS	1
9Z6Y_A	75	1	A	77		VAL	2
9Z6Y_A	76	1	A	78		GLN	2
9Z6Y_A	77	1	A	79		SER	2
9Z6Y_A	78	1	A	80		ASN	2
9Z6Y_A	79	1	A	81		LEU	2
9Z6Y_A	80	1	A	82		SER	2
9Z6Y_A	81	1	A	83		ASN	2
9Z6Y_A	82	1	A	84		LEU	2
9Z6Y_A	83	1	A	85		TYR	2
9Z6Y_A	84	1	A	86		GLN	2
9Z6Y_A	85	1	A	87		LEU	2
9Z6Y_A	86	1	A	88		LYS	2
9Z6Y_A	87	1	A	89		LEU	2
9Z6Y_A	88	1	A	90		PRO	2
9Z6Y_A	89	1	A	91		SER	2
9Z6Y_A	90	1	A	92		ARG	2
9Z6Y_A	91	1	A	93		THR	2
9Z6Y_A	92	1	A	94		MET	2
9Z6Y_A	93	1	A	95		ILE	2
9Z6Y_A	94	1	A	96		VAL	2
9Z6Y_A	95	1	A	97		ASP	2
9Z6Y_A	96	1	A	98		THR	2
9Z6Y_A	97	1	A	99		LEU	2
9Z6Y_A	98	1	A	100		ASN	2
9Z6Y_A	99	1	A	101		VAL	2
9Z6Y_A	100	1	A	102		PHE	2
9Z6Y_A	101	1	A	103		LEU	2
9Z6Y_A	102	1	A	104		SER	2
9Z6Y_A	103	1	A	105		GLU	2
9Z6Y_A	104	1	A	106		CYS	2
9Z6Y_A	105	1	A	107		SER	2
9Z6Y_A	106	1	A	108		GLN	2
9Z6Y_A	107	1	A	109		TYR	2
9Z6Y_A	108	1	A	110		LYS	2
9Z6Y_A	109	1	A	111		LEU	2
9Z6Y_A	110	1	A	112		TYR	2
9Z6Y_A	111	1	A	113		ARG	2
9Z6Y_A	112	1	A	114		LEU	2
9Z6Y_A	113	1	A	115		ASP	2
9Z6Y_A	114	1	A	116		ILE	2
9Z6Y_A	115	1	A	117		HIS	2
9Z6Y_A	116	1	A	118		SER	2
9Z6Y_A	117	1	A	119		PHE	2
9Z6Y_A	118	1	A	120		TYR	2
9Z6Y_A	119	1	A	121		GLU	2
9Z6Y_A	120	1	A	122		SER	2
9Z6Y_A	121	1	A	123		PHE	2
9Z6Y_A	122	1	A	124		ASN	2
9Z6Y_A	123	1	A	125		LYS	2
9Z6Y_A	124	1	A	126		ASP	2
9Z6Y_A	125	1	A	127		TYR	2
9Z6Y_A	126	1	A	128		ILE	2
9Z6Y_A	127	1	A	129		PHE	2
9Z6Y_A	128	1	A	130		LYS	2
9Z6Y_A	129	1	A	131		LYS	2
9Z6Y_A	130	1	A	132		ILE	2
9Z6Y_A	131	1	A	133		ASP	2
9Z6Y_A	132	1	A	134		GLU	2
9Z6Y_A	133	1	A	135		LEU	2
9Z6Y_A	134	1	A	136		GLU	2
9Z6Y_A	135	1	A	137		ARG	2
9Z6Y_A	136	1	A	138		LEU	2
9Z6Y_A	137	1	A	139		GLU	2
9Z6Y_A	138	1	A	140		MET	2
9Z6Y_A	139	1	A	141		LYS	2
9Z6Y_A	140	1	A	142		THR	2
9Z6Y_A	141	1	A	143		LYS	2
9Z6Y_A	142	1	A	144		GLN	2
9Z6Y_A	143	1	A	145		LEU	2
9Z6Y_A	144	1	A	146		LEU	2
9Z6Y_A	145	1	A	147		LYS	2
9Z6Y_A	146	1	A	148		GLU	2
9Z6Y_A	147	1	A	149		PHE	2
9Z6Y_A	148	1	A	150		LEU	2
9Z6Y_A	149	1	A	151		TYR	2
9Z6Y_A	150	1	A	152		SER	2
9Z6Y_A	151	1	A	153		PHE	2
9Z6Y_A	152	1	A	154		TYR	2
9Z6Y_A	153	1	A	155		LEU	2
9Z6Y_A	154	1	A	156		THR	2
9Z6Y_A	155	1	A	157		GLY	2
9Z6Y_A	156	1	A	158		GLY	2
9Z6Y_A	157	1	A	159		GLU	2
9Z6Y_A	158	1	A	160		GLY	2
9Z6Y_A	159	1	A	161		ILE	2
9Z6Y_A	160	1	A	162		PRO	2
9Z6Y_A	161	1	A	163		ARG	2
9Z6Y_A	162	1	A	164		GLY	2
9Z6Y_A	163	1	A	165		LEU	2
9Z6Y_A	164	1	A	166		SER	2
9Z6Y_A	165	1	A	167		ILE	2
9Z6Y_A	166	1	A	168		SER	2
9Z6Y_A	167	1	A	169		ALA	2
9Z6Y_A	168	1	A	170		TYR	2
9Z6Y_A	169	1	A	171		LEU	2
9Z6Y_A	170	1	A	172		ALA	2
9Z6Y_A	171	1	A	173		GLU	2
9Z6Y_A	172	1	A	174		LEU	2
9Z6Y_A	173	1	A	175		LEU	2
9Z6Y_A	174	1	A	176		MET	2
9Z6Y_A	175	1	A	177		HIS	2
9Z6Y_A	176	1	A	178		ASP	2
9Z6Y_A	177	1	A	179		PHE	2
9Z6Y_A	178	1	A	180		ASP	2
9Z6Y_A	179	1	A	181		ASN	2
9Z6Y_A	180	1	A	182		HIS	2
9Z6Y_A	181	1	A	183		LEU	2
9Z6Y_A	182	1	A	184		LYS	2
9Z6Y_A	183	1	A	185		ASP	2
9Z6Y_A	184	1	A	186		ASP	2
9Z6Y_A	185	1	A	187		LYS	2
9Z6Y_A	186	1	A	188		SER	2
9Z6Y_A	187	1	A	189		VAL	2
9Z6Y_A	188	1	A	190		PHE	2
9Z6Y_A	189	1	A	191		TYR	2
9Z6Y_A	190	1	A	192		TYR	2
9Z6Y_A	191	1	A	193		ALA	2
9Z6Y_A	192	1	A	194		ARG	2
9Z6Y_A	193	1	A	195		TYR	2
9Z6Y_A	194	1	A	196		VAL	2
9Z6Y_A	195	1	A	197		ASP	2
9Z6Y_A	196	1	A	198		ASP	2
9Z6Y_A	197	1	A	199		ILE	2
9Z6Y_A	198	1	A	200		VAL	2
9Z6Y_A	199	1	A	201		ILE	2
9Z6Y_A	200	1	A	202		VAL	2
9Z6Y_A	201	1	A	203		THR	2
9Z6Y_A	202	1	A	204		SER	2
9Z6Y_A	203	1	A	205		GLY	2
9Z6Y_A	204	1	A	206		PHE	2
9Z6Y_A	205	1	A	207		GLU	2
9Z6Y_A	206	1	A	208		ASP	2
9Z6Y_A	207	1	A	209		SER	2
9Z6Y_A	208	1	A	210		ASN	2
9Z6Y_A	209	1	A	211		ALA	2
9Z6Y_A	210	1	A	212		PHE	2
9Z6Y_A	211	1	A	213		ILE	2
9Z6Y_A	212	1	A	214		GLU	2
9Z6Y_A	213	1	A	215		ASN	2
9Z6Y_A	214	1	A	216		VAL	2
9Z6Y_A	215	1	A	217		LYS	2
9Z6Y_A	216	1	A	218		SER	2
9Z6Y_A	217	1	A	219		ILE	2
9Z6Y_A	218	1	A	220		LEU	2
9Z6Y_A	219	1	A	221		PRO	2
9Z6Y_A	220	1	A	222		PRO	2
9Z6Y_A	221	1	A	223		GLY	2
9Z6Y_A	222	1	A	224		LEU	2
9Z6Y_A	223	1	A	225		SER	2
9Z6Y_A	224	1	A	226		PHE	2
9Z6Y_A	225	1	A	227		ASN	2
9Z6Y_A	226	1	A	228		GLU	2
9Z6Y_A	227	1	A	229		GLY	2
9Z6Y_A	228	1	A	230		GLU	2
9Z6Y_A	229	1	A	231		LYS	2
9Z6Y_A	230	1	A	232		TYR	2
9Z6Y_A	231	1	A	233		TYR	2
9Z6Y_A	232	1	A	234		ILE	2
9Z6Y_A	233	1	A	235		SER	2
9Z6Y_A	234	1	A	236		ASP	2
9Z6Y_A	235	1	A	237		LEU	2
9Z6Y_A	236	1	A	238		ILE	2
9Z6Y_A	237	1	A	239		PRO	2
9Z6Y_A	238	1	A	240		LYS	2
9Z6Y_A	239	1	A	241		SER	2
9Z6Y_A	240	1	A	242		ALA	2
9Z6Y_A	241	1	A	243		ASN	2
9Z6Y_A	242	1	A	244		LYS	2
9Z6Y_A	243	1	A	245		LYS	2
9Z6Y_A	244	1	A	246		ASN	2
9Z6Y_A	245	1	A	251		THR	2
9Z6Y_A	246	1	A	252		LYS	2
9Z6Y_A	247	1	A	253		LEU	2
9Z6Y_A	248	1	A	254		LEU	2
9Z6Y_A	249	1	A	255		THR	2
9Z6Y_A	250	1	A	256		PHE	2
9Z6Y_A	251	1	A	257		GLU	2
9Z6Y_A	252	1	A	258		TYR	2
9Z6Y_A	253	1	A	259		LEU	2
9Z6Y_A	254	1	A	260		GLY	2
9Z6Y_A	255	1	A	261		TYR	2
9Z6Y_A	256	1	A	262		ASP	2
9Z6Y_A	257	1	A	263		PHE	2
9Z6Y_A	258	1	A	264		SER	2
9Z6Y_A	259	1	A	265		VAL	2
9Z6Y_A	260	1	A	266		GLY	2
9Z6Y_A	261	1	A	267		ASP	2
9Z6Y_A	262	1	A	268		LYS	2
9Z6Y_A	263	1	A	269		ILE	2
9Z6Y_A	264	1	A	270		GLU	2
9Z6Y_A	265	1	A	271		GLU	2
9Z6Y_A	266	1	A	272		CYS	2
9Z6Y_A	267	1	A	273		ASN	2
9Z6Y_A	268	1	A	274		ILE	2
9Z6Y_A	269	1	A	275		ARG	2
9Z6Y_A	270	1	A	276		GLY	2
9Z6Y_A	271	1	A	277		PHE	2
9Z6Y_A	272	1	A	278		TYR	2
9Z6Y_A	273	1	A	279		ARG	2
9Z6Y_A	274	1	A	280		LEU	2
9Z6Y_A	275	1	A	281		ILE	2
9Z6Y_A	276	1	A	282		GLU	2
9Z6Y_A	277	1	A	283		VAL	2
9Z6Y_A	278	1	A	284		ASP	3
9Z6Y_A	279	1	A	285		LEU	3
9Z6Y_A	280	1	A	286		ALA	3
9Z6Y_A	281	1	A	287		HIS	3
9Z6Y_A	282	1	A	288		ALA	3
9Z6Y_A	283	1	A	289		LYS	3
9Z6Y_A	284	1	A	290		ALA	3
9Z6Y_A	285	1	A	291		ASN	3
9Z6Y_A	286	1	A	292		LYS	3
9Z6Y_A	287	1	A	293		ILE	3
9Z6Y_A	288	1	A	294		LYS	3
9Z6Y_A	289	1	A	295		SER	3
9Z6Y_A	290	1	A	296		ARG	3
9Z6Y_A	291	1	A	297		ILE	3
9Z6Y_A	292	1	A	298		ILE	3
9Z6Y_A	293	1	A	299		TYR	3
9Z6Y_A	294	1	A	300		SER	3
9Z6Y_A	295	1	A	301		ILE	3
9Z6Y_A	296	1	A	302		ILE	3
9Z6Y_A	297	1	A	303		ASP	3
9Z6Y_A	298	1	A	304		TYR	3
9Z6Y_A	299	1	A	305		ASN	3
9Z6Y_A	300	1	A	306		LYS	3
9Z6Y_A	301	1	A	307		THR	3
9Z6Y_A	302	1	A	308		LYS	3
9Z6Y_A	303	1	A	309		ASP	3
9Z6Y_A	304	1	A	310		PHE	3
9Z6Y_A	305	1	A	311		GLU	3
9Z6Y_A	306	1	A	312		LEU	3
9Z6Y_A	307	1	A	313		LEU	3
9Z6Y_A	308	1	A	314		CYS	3
9Z6Y_A	309	1	A	315		GLU	3
9Z6Y_A	310	1	A	316		ARG	3
9Z6Y_A	311	1	A	317		LEU	3
9Z6Y_A	312	1	A	318		LYS	3
9Z6Y_A	313	1	A	319		PHE	3
9Z6Y_A	314	1	A	320		LEU	3
9Z6Y_A	315	1	A	321		SER	3
9Z6Y_A	316	1	A	322		THR	3
9Z6Y_A	317	1	A	323		ASN	3
9Z6Y_A	318	1	A	324		PHE	3
9Z6Y_A	319	1	A	325		SER	3
9Z6Y_A	320	1	A	326		ILE	3
9Z6Y_A	321	1	A	327		LEU	3
9Z6Y_A	322	1	A	328		ASP	3
9Z6Y_A	323	1	A	329		SER	3
9Z6Y_A	324	1	A	330		GLY	3
9Z6Y_A	325	1	A	331		ARG	3
9Z6Y_A	326	1	A	332		VAL	3
9Z6Y_A	327	1	A	333		LEU	3
9Z6Y_A	328	1	A	334		LYS	3
9Z6Y_A	329	1	A	335		ARG	3
9Z6Y_A	330	1	A	336		LEU	3
9Z6Y_A	331	1	A	337		SER	3
9Z6Y_A	332	1	A	338		GLY	3
9Z6Y_A	333	1	A	339		ILE	3
9Z6Y_A	334	1	A	340		HIS	3
9Z6Y_A	335	1	A	341		TYR	3
9Z6Y_A	336	1	A	342		ASN	3
9Z6Y_A	337	1	A	343		TYR	3
9Z6Y_A	338	1	A	344		PRO	3
9Z6Y_A	339	1	A	345		LEU	3
9Z6Y_A	340	1	A	346		VAL	3
9Z6Y_A	341	1	A	347		ASP	3
9Z6Y_A	342	1	A	348		ALA	3
9Z6Y_A	343	1	A	349		ARG	3
9Z6Y_A	344	1	A	350		THR	3
9Z6Y_A	345	1	A	351		SER	3
9Z6Y_A	346	1	A	352		ARG	3
9Z6Y_A	347	1	A	353		ARG	3
9Z6Y_A	348	1	A	354		LEU	3
9Z6Y_A	349	1	A	355		ALA	3
9Z6Y_A	350	1	A	356		GLU	3
9Z6Y_A	351	1	A	357		LEU	3
9Z6Y_A	352	1	A	358		ASP	3
9Z6Y_A	353	1	A	359		LEU	3
9Z6Y_A	354	1	A	360		PHE	3
9Z6Y_A	355	1	A	361		LEU	3
9Z6Y_A	356	1	A	362		ARG	3
9Z6Y_A	357	1	A	363		LYS	3
9Z6Y_A	358	1	A	364		ALA	3
9Z6Y_A	359	1	A	365		VAL	3
9Z6Y_A	360	1	A	366		LEU	3
9Z6Y_A	361	1	A	367		SER	3
9Z6Y_A	362	1	A	368		SER	3
9Z6Y_A	363	1	A	369		ASN	3
9Z6Y_A	364	1	A	370		GLY	3
9Z6Y_A	365	1	A	371		LYS	3
9Z6Y_A	366	1	A	372		VAL	3
9Z6Y_A	367	1	A	373		PHE	3
9Z6Y_A	368	1	A	374		PHE	3
9Z6Y_A	369	1	A	375		ASP	3
9Z6Y_A	370	1	A	376		PHE	3
9Z6Y_A	371	1	A	377		HIS	3
9Z6Y_A	372	1	A	378		ALA	3
9Z6Y_A	373	1	A	379		ASN	3
9Z6Y_A	374	1	A	380		LEU	3
9Z6Y_A	375	1	A	381		ASN	3
9Z6Y_A	376	1	A	382		GLN	3
9Z6Y_A	377	1	A	383		TYR	3
9Z6Y_A	378	1	A	384		LYS	3
9Z6Y_A	379	1	A	385		LYS	3
9Z6Y_A	380	1	A	386		TYR	3
9Z6Y_A	381	1	A	387		ARG	3
9Z6Y_A	382	1	A	388		LEU	3
9Z6Y_A	383	1	A	389		LEU	3
9Z6Y_A	384	1	A	390		LYS	3
9Z6Y_A	385	1	A	391		ILE	3
9Z6Y_A	386	1	A	392		SER	3
9Z6Y_A	387	1	A	393		PHE	3
9Z6Y_A	388	1	A	394		VAL	3
9Z6Y_A	389	1	A	395		ARG	3
9Z6Y_A	390	1	A	396		GLY	3
9Z6Y_A	391	1	A	397		HIS	3
9Z6Y_A	392	1	A	398		GLU	3
9Z6Y_A	393	1	A	399		LYS	3
9Z6Y_A	394	1	A	400		ARG	3
9Z6Y_A	395	1	A	401		HIS	3
9Z6Y_A	396	1	A	402		PHE	3
9Z6Y_A	397	1	A	403		PHE	3
9Z6Y_A	398	1	A	404		HIS	3
9Z6Y_A	399	1	A	405		TYR	3
9Z6Y_A	400	1	A	406		SER	3
9Z6Y_A	401	1	A	407		ALA	3
9Z6Y_A	402	1	A	408		SER	3
9Z6Y_A	403	1	A	409		LYS	3
9Z6Y_A	404	1	A	410		MET	3
9Z6Y_A	405	1	A	411		MET	3
9Z6Y_A	406	1	A	412		ARG	3
9Z6Y_A	407	1	A	413		ILE	3
9Z6Y_A	408	1	A	414		GLN	3
9Z6Y_A	409	1	A	415		ARG	3
9Z6Y_A	410	1	A	416		CYS	3
9Z6Y_A	411	1	A	417		TRP	3
9Z6Y_A	412	1	A	418		LYS	3
9Z6Y_A	413	1	A	419		TYR	3
9Z6Y_A	414	1	A	420		VAL	3
9Z6Y_H	0	1	H	4		LYS	1
9Z6Y_H	1	1	H	5		LYS	1
9Z6Y_H	2	1	H	6		GLU	1
9Z6Y_H	3	1	H	7		VAL	1
9Z6Y_H	4	1	H	8		ARG	1
9Z6Y_H	5	1	H	9		VAL	1
9Z6Y_H	6	1	H	10		ASN	1
9Z6Y_H	7	1	H	11		LYS	1
9Z6Y_H	8	1	H	12		LYS	1
9Z6Y_H	9	1	H	13		ASP	1
9Z6Y_H	10	1	H	14		PHE	1
9Z6Y_H	11	1	H	15		ASN	2
9Z6Y_H	12	1	H	16		ARG	2
9Z6Y_H	13	1	H	17		VAL	2
9Z6Y_H	14	1	H	18		LEU	2
9Z6Y_H	15	1	H	19		VAL	2
9Z6Y_H	16	1	H	20		THR	2
9Z6Y_H	17	1	H	21		GLU	2
9Z6Y_H	18	1	H	22		THR	2
9Z6Y_H	19	1	H	23		ILE	2
9Z6Y_H	20	1	H	24		PRO	2
9Z6Y_H	21	1	H	25		TYR	2
9Z6Y_H	22	1	H	26		GLU	2
9Z6Y_H	23	1	H	27		THR	2
9Z6Y_H	24	1	H	28		PRO	2
9Z6Y_H	25	1	H	29		ILE	2
9Z6Y_H	26	1	H	30		ILE	2
9Z6Y_H	27	1	H	31		VAL	2
9Z6Y_H	28	1	H	32		SER	2
9Z6Y_H	29	1	H	33		ASN	2
9Z6Y_H	30	1	H	34		ASP	2
9Z6Y_H	31	1	H	35		GLY	2
9Z6Y_H	32	1	H	36		PHE	2
9Z6Y_H	33	1	H	37		TYR	2
9Z6Y_H	34	1	H	38		ASN	2
9Z6Y_H	35	1	H	39		ASN	2
9Z6Y_H	36	1	H	40		VAL	2
9Z6Y_H	37	1	H	41		VAL	2
9Z6Y_H	38	1	H	42		LYS	2
9Z6Y_H	39	1	H	43		HIS	2
9Z6Y_H	40	1	H	44		GLN	2
9Z6Y_H	41	1	H	45		THR	2
9Z6Y_H	42	1	H	46		ALA	2
9Z6Y_H	43	1	H	47		ASN	2
9Z6Y_H	44	1	H	48		ASP	2
9Z6Y_H	45	1	H	49		ILE	2
9Z6Y_H	46	1	H	50		ALA	2
9Z6Y_H	47	1	H	51		LYS	2
9Z6Y_H	48	1	H	52		LEU	2
9Z6Y_H	49	1	H	53		LEU	2
9Z6Y_H	50	1	H	54		THR	2
9Z6Y_H	51	1	H	55		GLN	2
9Z6Y_H	52	1	H	56		ARG	2
9Z6Y_H	53	1	H	57		VAL	2
9Z6Y_H	54	1	H	58		ILE	2
9Z6Y_H	55	1	H	59		LEU	2
9Z6Y_H	56	1	H	60		GLY	2
9Z6Y_H	57	1	H	61		GLU	2
9Z6Y_H	58	1	H	62		ARG	2
9Z6Y_H	59	1	H	63		LYS	2
9Z6Y_H	60	1	H	64		LYS	2
9Z6Y_H	61	1	H	65		GLY	2
9Z6Y_H	62	1	H	66		ARG	2
9Z6Y_H	63	1	H	67		TYR	2
9Z6Y_H	64	1	H	68		THR	2
9Z6Y_H	65	1	H	69		ILE	2
9Z6Y_H	66	1	H	70		PRO	2
9Z6Y_H	67	1	H	71		TYR	2
9Z6Y_H	68	1	H	72		VAL	2
9Z6Y_H	69	1	H	73		PHE	2
9Z6Y_H	70	1	H	74		LYS	2
9Z6Y_H	71	1	H	75		ILE	2
9Z6Y_H	72	1	H	76		ASN	2
9Z6Y_H	73	1	H	77		LYS	2
9Z6Y_H	74	1	H	78		ASN	2
9Z6Y_H	75	1	H	79		GLU	2
9Z6Y_H	76	1	H	80		THR	2
9Z6Y_H	77	1	H	81		GLU	2
9Z6Y_H	78	1	H	82		PHE	2
9Z6Y_H	79	1	H	83		ARG	2
9Z6Y_H	80	1	H	84		ARG	2
9Z6Y_H	81	1	H	85		LEU	2
9Z6Y_H	82	1	H	86		ALA	2
9Z6Y_H	83	1	H	87		PHE	2
9Z6Y_H	84	1	H	88		PRO	2
9Z6Y_H	85	1	H	89		HIS	2
9Z6Y_H	86	1	H	90		PRO	2
9Z6Y_H	87	1	H	91		ILE	2
9Z6Y_H	88	1	H	92		SER	2
9Z6Y_H	89	1	H	93		GLN	2
9Z6Y_H	90	1	H	94		ILE	2
9Z6Y_H	91	1	H	95		GLU	2
9Z6Y_H	92	1	H	96		MET	2
9Z6Y_H	93	1	H	97		ARG	2
9Z6Y_H	94	1	H	98		ASP	2
9Z6Y_H	95	1	H	99		PHE	1
9Z6Y_H	96	1	H	100		TYR	1
9Z6Y_H	97	1	H	101		LEU	1
9Z6Y_H	98	1	H	102		HIS	1
9Z6Y_H	99	1	H	103		PHE	1
9Z6Y_H	100	1	H	104		ASN	1
9Z6Y_H	101	1	H	105		GLN	1
9Z6Y_H	102	1	H	106		VAL	1
9Z6Y_H	103	1	H	107		MET	1
9Z6Y_H	104	1	H	108		ILE	1
9Z6Y_H	105	1	H	109		ASN	1
9Z6Y_H	106	1	H	110		PHE	1
9Z6Y_H	107	1	H	111		CYS	1
9Z6Y_H	108	1	H	112		SER	1
9Z6Y_H	109	1	H	113		LYS	1
9Z6Y_H	110	1	H	114		SER	1
9Z6Y_H	111	1	H	115		ASP	1
9Z6Y_H	112	1	H	116		PHE	1
9Z6Y_H	113	1	H	117		SER	1
9Z6Y_H	114	1	H	118		ILE	1
9Z6Y_H	115	1	H	119		ARG	1
9Z6Y_H	116	1	H	120		ARG	1
9Z6Y_H	117	1	H	121		PRO	1
9Z6Y_H	118	1	H	122		VAL	1
9Z6Y_H	119	1	H	123		LYS	1
9Z6Y_H	120	1	H	124		VAL	1
9Z6Y_H	121	1	H	125		ALA	1
9Z6Y_H	122	1	H	126		SER	1
9Z6Y_H	123	1	H	127		THR	1
9Z6Y_H	124	1	H	128		TYR	1
9Z6Y_H	125	1	H	129		TYR	1
9Z6Y_H	126	1	H	130		TYR	1
9Z6Y_H	127	1	H	131		LYS	1
9Z6Y_H	128	1	H	132		ASN	1
9Z6Y_H	129	1	H	133		LEU	1
9Z6Y_H	130	1	H	134		LEU	1
9Z6Y_H	131	1	H	135		GLU	1
9Z6Y_H	132	1	H	136		ASP	1
9Z6Y_H	133	1	H	137		LYS	1
9Z6Y_H	134	1	H	138		ASN	1
9Z6Y_H	135	1	H	139		LEU	1
9Z6Y_H	136	1	H	140		TYR	1
9Z6Y_H	137	1	H	141		LYS	1
9Z6Y_H	138	1	H	159		SER	1
9Z6Y_H	139	1	H	160		TYR	1
9Z6Y_H	140	1	H	161		PHE	1
9Z6Y_H	141	1	H	162		GLY	1
9Z6Y_H	142	1	H	163		TYR	1
9Z6Y_H	143	1	H	164		HIS	1
9Z6Y_H	144	1	H	165		GLY	3
9Z6Y_H	145	1	H	166		TYR	3
9Z6Y_H	146	1	H	167		ASP	3
9Z6Y_H	147	1	H	168		ARG	3
9Z6Y_H	148	1	H	169		LEU	3
9Z6Y_H	149	1	H	170		TYR	3
9Z6Y_H	150	1	H	171		LYS	3
9Z6Y_H	151	1	H	172		PHE	3
9Z6Y_H	152	1	H	173		PHE	3
9Z6Y_H	153	1	H	174		MET	3
9Z6Y_H	154	1	H	175		SER	3
9Z6Y_H	155	1	H	176		ASN	3
9Z6Y_H	156	1	H	177		ASP	3
9Z6Y_H	157	1	H	178		PHE	3
9Z6Y_H	158	1	H	179		ILE	3
9Z6Y_H	159	1	H	180		ASP	3
9Z6Y_H	160	1	H	181		LEU	3
9Z6Y_H	161	1	H	182		GLU	3
9Z6Y_H	162	1	H	183		ARG	3
9Z6Y_H	163	1	H	184		LYS	3
9Z6Y_H	164	1	H	185		TYR	3
9Z6Y_H	165	1	H	186		ASN	3
9Z6Y_H	166	1	H	187		THR	3
9Z6Y_H	167	1	H	188		LEU	3
9Z6Y_H	168	1	H	189		TYR	3
9Z6Y_H	169	1	H	190		THR	3
9Z6Y_H	170	1	H	191		LEU	3
9Z6Y_H	171	1	H	192		ASP	3
9Z6Y_H	172	1	H	193		VAL	3
9Z6Y_H	173	1	H	194		SER	3
9Z6Y_H	174	1	H	195		LYS	3
9Z6Y_H	175	1	H	196		CYS	3
9Z6Y_H	176	1	H	197		PHE	3
9Z6Y_H	177	1	H	198		ASP	3
9Z6Y_H	178	1	H	199		SER	3
9Z6Y_H	179	1	H	200		ILE	3
9Z6Y_H	180	1	H	201		TYR	4
9Z6Y_H	181	1	H	202		THR	4
9Z6Y_H	182	1	H	203		HIS	4
9Z6Y_H	183	1	H	204		SER	4
9Z6Y_H	184	1	H	205		ILE	4
9Z6Y_H	185	1	H	206		SER	4
9Z6Y_H	186	1	H	207		TRP	4
9Z6Y_H	187	1	H	208		ALA	4
9Z6Y_H	188	1	H	209		THR	4
9Z6Y_H	189	1	H	210		LYS	4
9Z6Y_H	190	1	H	211		THR	4
9Z6Y_H	191	1	H	212		LYS	4
9Z6Y_H	192	1	H	213		THR	4
9Z6Y_H	193	1	H	214		PHE	4
9Z6Y_H	194	1	H	215		THR	4
9Z6Y_H	195	1	H	216		LYS	4
9Z6Y_H	196	1	H	217		GLY	4
9Z6Y_H	197	1	H	218		MET	4
9Z6Y_H	198	1	H	219		LEU	4
9Z6Y_H	199	1	H	220		ALA	4
9Z6Y_H	200	1	H	221		ASN	4
9Z6Y_H	201	1	H	222		LYS	4
9Z6Y_H	202	1	H	223		SER	4
9Z6Y_H	203	1	H	224		LEU	4
9Z6Y_H	204	1	H	225		ASN	4
9Z6Y_H	205	1	H	226		PHE	4
9Z6Y_H	206	1	H	227		GLY	4
9Z6Y_H	207	1	H	228		ASP	4
9Z6Y_H	208	1	H	229		ALA	4
9Z6Y_H	209	1	H	230		PHE	4
9Z6Y_H	210	1	H	231		ASP	4
9Z6Y_H	211	1	H	232		LYS	4
9Z6Y_H	212	1	H	233		LEU	4
9Z6Y_H	213	1	H	234		MET	4
9Z6Y_H	214	1	H	235		GLN	4
9Z6Y_H	215	1	H	236		ARG	4
9Z6Y_H	216	1	H	237		CYS	4
9Z6Y_H	217	1	H	238		ASN	4
9Z6Y_H	218	1	H	239		PHE	4
9Z6Y_H	219	1	H	240		ASN	4
9Z6Y_H	220	1	H	241		GLU	4
9Z6Y_H	221	1	H	242		THR	4
9Z6Y_H	222	1	H	243		HIS	4
9Z6Y_H	223	1	H	244		GLY	4
9Z6Y_H	224	1	H	245		VAL	4
9Z6Y_H	225	1	H	246		ILE	4
9Z6Y_H	226	1	H	247		ILE	4
9Z6Y_H	227	1	H	248		GLY	4
9Z6Y_H	228	1	H	249		PRO	4
9Z6Y_H	229	1	H	250		GLU	4
9Z6Y_H	230	1	H	251		ILE	4
9Z6Y_H	231	1	H	252		SER	4
9Z6Y_H	232	1	H	253		ARG	4
9Z6Y_H	233	1	H	254		ILE	4
9Z6Y_H	234	1	H	255		PHE	4
9Z6Y_H	235	1	H	256		ALA	4
9Z6Y_H	236	1	H	257		GLU	4
9Z6Y_H	237	1	H	258		ILE	4
9Z6Y_H	238	1	H	259		ILE	3
9Z6Y_H	239	1	H	260		PHE	3
9Z6Y_H	240	1	H	261		GLN	3
9Z6Y_H	241	1	H	262		LYS	3
9Z6Y_H	242	1	H	263		ILE	3
9Z6Y_H	243	1	H	264		ASP	3
9Z6Y_H	244	1	H	265		LEU	3
9Z6Y_H	245	1	H	266		ASN	3
9Z6Y_H	246	1	H	267		VAL	3
9Z6Y_H	247	1	H	268		GLN	3
9Z6Y_H	248	1	H	269		PHE	3
9Z6Y_H	249	1	H	270		LYS	3
9Z6Y_H	250	1	H	271		LEU	3
9Z6Y_H	251	1	H	272		ARG	3
9Z6Y_H	252	1	H	273		ASN	3
9Z6Y_H	253	1	H	274		ILE	3
9Z6Y_H	254	1	H	275		ASP	3
9Z6Y_H	255	1	H	276		THR	3
9Z6Y_H	256	1	H	277		PRO	3
9Z6Y_H	257	1	H	278		LEU	3
9Z6Y_H	258	1	H	279		ASN	3
9Z6Y_H	259	1	H	280		LYS	3
9Z6Y_H	260	1	H	281		GLY	3
9Z6Y_H	261	1	H	282		VAL	3
9Z6Y_H	262	1	H	283		ASP	3
9Z6Y_H	263	1	H	284		TYR	3
9Z6Y_H	264	1	H	285		ASP	3
9Z6Y_H	265	1	H	286		ILE	3
9Z6Y_H	266	1	H	287		ARG	3
9Z6Y_H	267	1	H	288		ARG	3
9Z6Y_H	268	1	H	289		TYR	3
9Z6Y_H	269	1	H	290		VAL	3
9Z6Y_H	270	1	H	291		ASP	3
9Z6Y_H	271	1	H	292		ASP	3
9Z6Y_H	272	1	H	293		VAL	3
9Z6Y_H	273	1	H	294		PHE	3
9Z6Y_H	274	1	H	295		ILE	3
9Z6Y_H	275	1	H	296		PHE	3
9Z6Y_H	276	1	H	297		SER	3
9Z6Y_H	277	1	H	298		LYS	3
9Z6Y_H	278	1	H	299		ASN	3
9Z6Y_H	279	1	H	300		GLU	3
9Z6Y_H	280	1	H	301		VAL	3
9Z6Y_H	281	1	H	302		ASN	3
9Z6Y_H	282	1	H	303		ALA	3
9Z6Y_H	283	1	H	304		GLU	3
9Z6Y_H	284	1	H	305		ILE	3
9Z6Y_H	285	1	H	306		ILE	3
9Z6Y_H	286	1	H	307		TYR	3
9Z6Y_H	287	1	H	308		LYS	3
9Z6Y_H	288	1	H	309		VAL	3
9Z6Y_H	289	1	H	310		TYR	3
9Z6Y_H	290	1	H	311		ALA	3
9Z6Y_H	291	1	H	312		ASP	3
9Z6Y_H	292	1	H	313		LYS	3
9Z6Y_H	293	1	H	314		LEU	3
9Z6Y_H	294	1	H	315		ASN	3
9Z6Y_H	295	1	H	316		GLU	3
9Z6Y_H	296	1	H	317		TYR	3
9Z6Y_H	297	1	H	318		ASN	3
9Z6Y_H	298	1	H	319		MET	3
9Z6Y_H	299	1	H	320		HIS	3
9Z6Y_H	300	1	H	321		VAL	3
9Z6Y_H	301	1	H	322		ASN	3
9Z6Y_H	302	1	H	323		LEU	3
9Z6Y_H	303	1	H	324		GLY	3
9Z6Y_H	304	1	H	325		LYS	3
9Z6Y_H	305	1	H	326		VAL	3
9Z6Y_H	306	1	H	327		THR	3
9Z6Y_H	307	1	H	328		LYS	3
9Z6Y_H	308	1	H	329		ASN	3
9Z6Y_H	309	1	H	330		SER	3
9Z6Y_H	310	1	H	331		ARG	3
9Z6Y_H	311	1	H	332		PRO	3
9Z6Y_H	312	1	H	333		PHE	3
9Z6Y_H	313	1	H	334		ILE	3
9Z6Y_H	314	1	H	335		THR	3
9Z6Y_H	315	1	H	336		ALA	5
9Z6Y_H	316	1	H	337		LYS	5
9Z6Y_H	317	1	H	338		THR	5
9Z6Y_H	318	1	H	339		GLN	5
9Z6Y_H	319	1	H	340		ILE	5
9Z6Y_H	320	1	H	341		ILE	5
9Z6Y_H	321	1	H	342		HIS	5
9Z6Y_H	322	1	H	343		HIS	5
9Z6Y_H	323	1	H	344		VAL	5
9Z6Y_H	324	1	H	345		ASN	5
9Z6Y_H	325	1	H	346		GLN	5
9Z6Y_H	326	1	H	347		LYS	5
9Z6Y_H	327	1	H	348		MET	5
9Z6Y_H	328	1	H	349		ASN	5
9Z6Y_H	329	1	H	350		VAL	5
9Z6Y_H	330	1	H	351		PHE	5
9Z6Y_H	331	1	H	352		ILE	5
9Z6Y_H	332	1	H	353		ASP	5
9Z6Y_H	333	1	H	354		SER	5
9Z6Y_H	334	1	H	355		PHE	5
9Z6Y_H	335	1	H	356		LEU	5
9Z6Y_H	336	1	H	357		SER	5
9Z6Y_H	337	1	H	358		TYR	5
9Z6Y_H	338	1	H	359		ASP	5
9Z6Y_H	339	1	H	360		ASP	5
9Z6Y_H	340	1	H	361		GLU	5
9Z6Y_H	341	1	H	362		MET	5
9Z6Y_H	342	1	H	363		LYS	5
9Z6Y_H	343	1	H	364		LEU	5
9Z6Y_H	344	1	H	365		ILE	5
9Z6Y_H	345	1	H	366		ALA	5
9Z6Y_H	346	1	H	367		LYS	5
9Z6Y_H	347	1	H	368		PRO	5
9Z6Y_H	348	1	H	369		ILE	5
9Z6Y_H	349	1	H	370		TYR	5
9Z6Y_H	350	1	H	371		ASN	5
9Z6Y_H	351	1	H	372		ASN	5
9Z6Y_H	352	1	H	373		ARG	5
9Z6Y_H	353	1	H	374		LYS	5
9Z6Y_H	354	1	H	375		LEU	5
9Z6Y_H	355	1	H	376		ALA	5
9Z6Y_H	356	1	H	377		ASN	5
9Z6Y_H	357	1	H	378		LYS	5
9Z6Y_H	358	1	H	379		PHE	5
9Z6Y_H	359	1	H	380		ILE	5
9Z6Y_H	360	1	H	381		ASP	5
9Z6Y_H	361	1	H	382		GLU	5
9Z6Y_H	362	1	H	383		VAL	5
9Z6Y_H	363	1	H	384		LYS	5
9Z6Y_H	364	1	H	385		ILE	5
9Z6Y_H	365	1	H	386		ILE	5
9Z6Y_H	366	1	H	387		CYS	5
9Z6Y_H	367	1	H	388		SER	5
9Z6Y_H	368	1	H	389		GLU	5
9Z6Y_H	369	1	H	390		ARG	5
9Z6Y_H	370	1	H	391		LYS	5
9Z6Y_H	371	1	H	392		SER	5
9Z6Y_H	372	1	H	393		GLY	5
9Z6Y_H	373	1	H	394		TYR	5
9Z6Y_H	374	1	H	395		GLY	5
9Z6Y_H	375	1	H	396		GLU	5
9Z6Y_H	376	1	H	397		VAL	5
9Z6Y_H	377	1	H	398		SER	5
9Z6Y_H	378	1	H	399		SER	5
9Z6Y_H	379	1	H	400		TYR	5
9Z6Y_H	380	1	H	401		ILE	5
9Z6Y_H	381	1	H	402		VAL	5
9Z6Y_H	382	1	H	403		SER	5
9Z6Y_H	383	1	H	404		ALA	5
9Z6Y_H	384	1	H	405		ILE	5
9Z6Y_H	385	1	H	406		PHE	5
9Z6Y_H	386	1	H	407		GLU	5
9Z6Y_H	387	1	H	408		ARG	5
9Z6Y_H	388	1	H	409		ILE	5
9Z6Y_H	389	1	H	410		LYS	5
9Z6Y_H	390	1	H	411		ARG	5
9Z6Y_H	391	1	H	412		LEU	5
9Z6Y_H	392	1	H	413		THR	5
9Z6Y_H	393	1	H	414		SER	5
9Z6Y_H	394	1	H	415		SER	5
9Z6Y_H	395	1	H	416		VAL	5
9Z6Y_H	396	1	H	417		ASN	5
9Z6Y_H	397	1	H	418		GLN	5
9Z6Y_H	398	1	H	419		ALA	5
9Z6Y_H	399	1	H	420		GLU	5
9Z6Y_H	400	1	H	421		ASP	5
9Z6Y_H	401	1	H	422		LYS	5
9Z6Y_H	402	1	H	423		ASP	5
9Z6Y_H	403	1	H	424		ILE	5
9Z6Y_H	404	1	H	425		TYR	5
9Z6Y_H	405	1	H	426		ASN	5
9Z6Y_H	406	1	H	427		VAL	5
9Z6Y_H	407	1	H	428		MET	5
9Z6Y_H	408	1	H	429		TYR	5
9Z6Y_H	409	1	H	430		VAL	5
9Z6Y_H	410	1	H	431		LEU	5
9Z6Y_H	411	1	H	432		LEU	5
9Z6Y_H	412	1	H	433		HIS	5
9Z6Y_H	413	1	H	434		ILE	5
9Z6Y_H	414	1	H	435		SER	5
9Z6Y_H	415	1	H	436		LEU	5
9Z6Y_H	416	1	H	437		PHE	5
9Z6Y_H	417	1	H	438		PHE	5
9Z6Y_H	418	1	H	439		PHE	5
9Z6Y_H	419	1	H	440		ARG	5
9Z6Y_H	420	1	H	441		VAL	5
9Z6Y_H	421	1	H	442		ALA	5
9Z6Y_H	422	1	H	443		PRO	5
9Z6Y_H	423	1	H	444		SER	5
9Z6Y_H	424	1	H	445		VAL	5
9Z6Y_H	425	1	H	446		SER	5
9Z6Y_H	426	1	H	447		SER	5
9Z6Y_H	427	1	H	448		SER	5
9Z6Y_H	428	1	H	449		TYR	5
9Z6Y_H	429	1	H	450		LYS	5
9Z6Y_H	430	1	H	451		LEU	5
9Z6Y_H	431	1	H	452		ALA	5
9Z6Y_H	432	1	H	453		SER	5
9Z6Y_H	433	1	H	454		ILE	5
9Z6Y_H	434	1	H	455		LEU	5
9Z6Y_H	435	1	H	456		ILE	5
9Z6Y_H	436	1	H	457		VAL	5
9Z6Y_H	437	1	H	458		THR	5
9Z6Y_H	438	1	H	459		LEU	5
9Z6Y_H	439	1	H	460		ARG	5
9Z6Y_H	440	1	H	461		TYR	5
9Z6Y_H	441	1	H	462		PHE	5
9Z6Y_H	442	1	H	463		LYS	5
9Z6Y_H	443	1	H	464		ALA	5
9Z6Y_H	444	1	H	465		GLN	5
9Z6Y_H	445	1	H	466		VAL	5
9Z6Y_H	446	1	H	467		PRO	5
9Z6Y_H	447	1	H	468		SER	5
9Z6Y_H	448	1	H	469		TYR	5
9Z6Y_H	449	1	H	470		SER	5
9Z6Y_H	450	1	H	471		ASP	5
9Z6Y_H	451	1	H	472		LEU	5
9Z6Y_H	452	1	H	473		ILE	5
9Z6Y_H	453	1	H	474		ALA	5
9Z6Y_H	454	1	H	475		SER	5
9Z6Y_H	455	1	H	476		TYR	5
9Z6Y_H	456	1	H	477		ILE	5
9Z6Y_H	457	1	H	478		TYR	5
9Z6Y_H	458	1	H	479		PHE	5
9Z6Y_H	459	1	H	480		GLU	5
9Z6Y_H	460	1	H	481		ILE	5
9Z6Y_H	461	1	H	482		GLU	5
9Z6Y_H	462	1	H	483		ASP	5
9Z6Y_H	463	1	H	484		PHE	5
9Z6Y_H	464	1	H	485		LEU	5
9Z6Y_H	465	1	H	486		LYS	5
9Z6Y_H	466	1	H	487		ALA	5
9Z6Y_H	467	1	H	488		ALA	5
9Z6Y_H	468	1	H	489		LYS	5
9Z6Y_H	469	1	H	490		ASN	5
9Z6Y_H	470	1	H	495		ILE	5
9Z6Y_H	471	1	H	496		ASP	5
9Z6Y_H	472	1	H	497		ASN	5
9Z6Y_H	473	1	H	498		LEU	5
9Z6Y_H	474	1	H	499		VAL	5
9Z6Y_H	475	1	H	500		SER	5
9Z6Y_H	476	1	H	501		LEU	5
9Z6Y_H	477	1	H	502		GLU	5
9Z6Y_H	478	1	H	503		ALA	5
9Z6Y_H	479	1	H	504		TYR	5
9Z6Y_H	480	1	H	505		ASN	5
9Z6Y_H	481	1	H	506		ILE	5
9Z6Y_H	482	1	H	507		MET	5
9Z6Y_H	483	1	H	508		TYR	5
9Z6Y_H	484	1	H	509		VAL	5
9Z6Y_H	485	1	H	510		ILE	5
9Z6Y_H	486	1	H	511		GLY	5
9Z6Y_H	487	1	H	512		GLU	5
9Z6Y_H	488	1	H	513		LEU	5
9Z6Y_H	489	1	H	514		ASP	5
9Z6Y_H	490	1	H	515		GLN	5
9Z6Y_H	491	1	H	516		ASP	5
9Z6Y_H	492	1	H	517		ARG	5
9Z6Y_H	493	1	H	518		TYR	5
9Z6Y_H	494	1	H	519		LEU	5
9Z6Y_H	495	1	H	520		SER	5
9Z6Y_H	496	1	H	521		LYS	5
9Z6Y_H	497	1	H	522		GLN	5
9Z6Y_H	498	1	H	523		LEU	5
9Z6Y_H	499	1	H	524		VAL	5
9Z6Y_H	500	1	H	525		GLU	5
9Z6Y_H	501	1	H	526		ASP	5
9Z6Y_H	502	1	H	527		VAL	5
9Z6Y_H	503	1	H	528		PHE	6
9Z6Y_H	504	1	H	529		SER	6
9Z6Y_H	505	1	H	530		GLU	6
9Z6Y_H	506	1	H	531		VAL	6
9Z6Y_H	507	1	H	532		ASP	6
9Z6Y_H	508	1	H	533		SER	6
9Z6Y_H	509	1	H	534		TYR	6
9Z6Y_H	510	1	H	535		PHE	6
9Z6Y_H	511	1	H	536		ASP	6
9Z6Y_H	512	1	H	537		ILE	6
9Z6Y_H	513	1	H	538		VAL	6
9Z6Y_H	514	1	H	539		SER	6
9Z6Y_H	515	1	H	540		CYS	6
9Z6Y_H	516	1	H	541		LEU	6
9Z6Y_H	517	1	H	542		TYR	6
9Z6Y_H	518	1	H	543		ILE	6
9Z6Y_H	519	1	H	544		VAL	6
9Z6Y_H	520	1	H	545		LYS	6
9Z6Y_H	521	1	H	546		ASP	6
9Z6Y_H	522	1	H	547		LYS	6
9Z6Y_H	523	1	H	548		LYS	6
9Z6Y_H	524	1	H	549		VAL	6
9Z6Y_H	525	1	H	550		TYR	6
9Z6Y_H	526	1	H	551		ASP	6
9Z6Y_H	527	1	H	552		SER	6
9Z6Y_H	528	1	H	553		LEU	6
9Z6Y_H	529	1	H	554		LYS	6
9Z6Y_H	530	1	H	555		ASN	6
9Z6Y_H	531	1	H	556		ASN	6
9Z6Y_H	532	1	H	557		ILE	6
9Z6Y_H	533	1	H	558		ILE	6
9Z6Y_H	534	1	H	559		ASP	6
9Z6Y_H	535	1	H	560		VAL	6
9Z6Y_H	536	1	H	561		ILE	6
9Z6Y_H	537	1	H	562		ASN	6
9Z6Y_H	538	1	H	563		SER	6
9Z6Y_H	539	1	H	564		LYS	6
9Z6Y_H	540	1	H	565		LEU	6
9Z6Y_H	541	1	H	566		MET	6
9Z6Y_H	542	1	H	567		SER	6
9Z6Y_H	543	1	H	568		SER	6
9Z6Y_H	544	1	H	569		ASP	6
9Z6Y_H	545	1	H	570		ASN	6
9Z6Y_H	546	1	H	571		ILE	6
9Z6Y_H	547	1	H	572		LEU	6
9Z6Y_H	548	1	H	573		ASP	6
9Z6Y_H	549	1	H	574		TYR	6
9Z6Y_H	550	1	H	575		SER	6
9Z6Y_H	551	1	H	576		GLU	6
9Z6Y_H	552	1	H	577		LYS	6
9Z6Y_H	553	1	H	578		ALA	6
9Z6Y_H	554	1	H	579		MET	6
9Z6Y_H	555	1	H	580		LEU	6
9Z6Y_H	556	1	H	581		PHE	6
9Z6Y_H	557	1	H	582		LEU	6
9Z6Y_H	558	1	H	583		ASP	6
9Z6Y_H	559	1	H	584		VAL	6
9Z6Y_H	560	1	H	585		MET	6
9Z6Y_H	561	1	H	586		SER	6
9Z6Y_H	562	1	H	587		CYS	6
9Z6Y_H	563	1	H	588		PRO	6
9Z6Y_H	564	1	H	589		TYR	6
9Z6Y_H	565	1	H	590		ILE	6
9Z6Y_H	566	1	H	591		ASP	6
9Z6Y_H	567	1	H	592		LEU	6
9Z6Y_H	568	1	H	593		LYS	6
9Z6Y_H	569	1	H	594		TRP	6
9Z6Y_H	570	1	H	595		LYS	6
9Z6Y_H	571	1	H	596		LYS	6
9Z6Y_H	572	1	H	597		ILE	6
9Z6Y_H	573	1	H	598		TRP	6
9Z6Y_H	574	1	H	599		LEU	6
9Z6Y_H	575	1	H	600		LYS	6
9Z6Y_H	576	1	H	601		SER	6
9Z6Y_H	577	1	H	602		ILE	6
9Z6Y_H	578	1	H	603		LEU	6
9Z6Y_H	579	1	H	604		LYS	6
9Z6Y_H	580	1	H	605		GLU	6
9Z6Y_H	581	1	H	606		LEU	6
9Z6Y_H	582	1	H	607		GLN	6
9Z6Y_H	583	1	H	608		GLU	6
9Z6Y_H	584	1	H	609		ALA	6
9Z6Y_H	585	1	H	610		THR	6
9Z6Y_H	586	1	H	611		PRO	6
9Z6Y_H	587	1	H	612		ASN	6
9Z6Y_H	588	1	H	613		ASN	6
9Z6Y_H	589	1	H	614		ASN	6
9Z6Y_H	590	1	H	615		GLU	6
9Z6Y_H	591	1	H	616		ILE	6
9Z6Y_H	592	1	H	617		ASP	6
9Z6Y_H	593	1	H	618		SER	6
9Z6Y_H	594	1	H	619		PHE	6
9Z6Y_H	595	1	H	620		ILE	6
9Z6Y_H	596	1	H	621		SER	6
9Z6Y_H	597	1	H	622		TYR	6
9Z6Y_H	598	1	H	623		SER	6
9Z6Y_H	599	1	H	624		VAL	6
9Z6Y_H	600	1	H	625		ALA	6
9Z6Y_H	601	1	H	626		ASN	6
9Z6Y_H	602	1	H	627		PRO	6
9Z6Y_H	603	1	H	628		TRP	6
9Z6Y_H	604	1	H	629		PHE	6
9Z6Y_H	605	1	H	630		VAL	6
9Z6Y_H	606	1	H	631		ASP	6
9Z6Y_H	607	1	H	632		TRP	6
9Z6Y_H	608	1	H	633		SER	6
9Z6Y_H	609	1	H	634		ASN	1
9Z6Y_H	610	1	H	635		VAL	1
9Z6Y_H	611	1	H	636		ASP	1
9Z6Y_H	612	1	H	637		LEU	1
9Z6Y_H	613	1	H	638		LEU	1
9Z6Y_H	614	1	H	639		ASN	1
9Z6Y_H	615	1	H	640		PHE	1
9Z6Y_H	616	1	H	641		LEU	1
9Z6Y_H	617	1	H	642		GLU	1
9Z6Y_H	618	1	H	643		LYS	1
9Z6Y_H	619	1	H	644		LYS	1
9Z6Y_H	620	1	H	645		GLN	1
9Z6Y_H	621	1	H	646		LEU	1
9Z6Y_H	622	1	H	647		LYS	1
9Z6Y_H	623	1	H	648		LYS	1
9Z6Y_H	624	1	H	649		ALA	1
9Z6Z_A	0	1	A	1		MET	1
9Z6Z_A	1	1	A	2		TYR	1
9Z6Z_A	2	1	A	3		ASP	1
9Z6Z_A	3	1	A	4		GLN	1
9Z6Z_A	4	1	A	5		SER	1
9Z6Z_A	5	1	A	6		PHE	1
9Z6Z_A	6	1	A	7		ASN	1
9Z6Z_A	7	1	A	8		PRO	1
9Z6Z_A	8	1	A	9		ARG	1
9Z6Z_A	9	1	A	10		THR	1
9Z6Z_A	10	1	A	11		LEU	1
9Z6Z_A	11	1	A	12		SER	1
9Z6Z_A	12	1	A	13		ARG	1
9Z6Z_A	13	1	A	14		CYS	1
9Z6Z_A	14	1	A	15		PHE	1
9Z6Z_A	15	1	A	16		LYS	1
9Z6Z_A	16	1	A	17		PRO	1
9Z6Z_A	17	1	A	18		GLU	1
9Z6Z_A	18	1	A	19		ASP	1
9Z6Z_A	19	1	A	20		PHE	1
9Z6Z_A	20	1	A	21		GLN	1
9Z6Z_A	21	1	A	22		LYS	1
9Z6Z_A	22	1	A	23		ASN	1
9Z6Z_A	23	1	A	24		ARG	1
9Z6Z_A	24	1	A	25		ALA	1
9Z6Z_A	25	1	A	26		LEU	1
9Z6Z_A	26	1	A	27		SER	1
9Z6Z_A	27	1	A	28		LEU	1
9Z6Z_A	28	1	A	29		ASP	1
9Z6Z_A	29	1	A	30		SER	1
9Z6Z_A	30	1	A	31		VAL	1
9Z6Z_A	31	1	A	32		ARG	1
9Z6Z_A	32	1	A	33		GLU	1
9Z6Z_A	33	1	A	34		LYS	1
9Z6Z_A	34	1	A	35		THR	1
9Z6Z_A	35	1	A	36		ILE	1
9Z6Z_A	36	1	A	37		ARG	1
9Z6Z_A	37	1	A	38		ALA	1
9Z6Z_A	38	1	A	39		ALA	1
9Z6Z_A	39	1	A	40		ILE	1
9Z6Z_A	40	1	A	41		GLU	1
9Z6Z_A	41	1	A	42		ARG	1
9Z6Z_A	42	1	A	43		PHE	1
9Z6Z_A	43	1	A	44		ASN	1
9Z6Z_A	44	1	A	45		ASN	1
9Z6Z_A	45	1	A	46		GLY	1
9Z6Z_A	46	1	A	47		PHE	1
9Z6Z_A	47	1	A	48		LEU	1
9Z6Z_A	48	1	A	49		GLY	1
9Z6Z_A	49	1	A	50		TYR	1
9Z6Z_A	50	1	A	51		ASN	1
9Z6Z_A	51	1	A	52		LEU	1
9Z6Z_A	52	1	A	53		ARG	1
9Z6Z_A	53	1	A	54		SER	1
9Z6Z_A	54	1	A	55		SER	1
9Z6Z_A	55	1	A	56		VAL	1
9Z6Z_A	56	1	A	57		LEU	1
9Z6Z_A	57	1	A	58		ARG	1
9Z6Z_A	58	1	A	59		GLY	1
9Z6Z_A	59	1	A	60		LYS	1
9Z6Z_A	60	1	A	61		LYS	1
9Z6Z_A	61	1	A	62		VAL	1
9Z6Z_A	62	1	A	63		TYR	1
9Z6Z_A	63	1	A	64		TRP	1
9Z6Z_A	64	1	A	65		ALA	1
9Z6Z_A	65	1	A	66		ASP	1
9Z6Z_A	66	1	A	67		GLU	1
9Z6Z_A	67	1	A	68		LEU	1
9Z6Z_A	68	1	A	69		ALA	1
9Z6Z_A	69	1	A	70		ASP	1
9Z6Z_A	70	1	A	71		THR	1
9Z6Z_A	71	1	A	72		LEU	1
9Z6Z_A	72	1	A	73		VAL	1
9Z6Z_A	73	1	A	74		LEU	1
9Z6Z_A	74	1	A	75		ARG	1
9Z6Z_A	75	1	A	76		LYS	1
9Z6Z_A	76	1	A	77		VAL	2
9Z6Z_A	77	1	A	78		GLN	2
9Z6Z_A	78	1	A	79		SER	2
9Z6Z_A	79	1	A	80		ASN	2
9Z6Z_A	80	1	A	81		LEU	2
9Z6Z_A	81	1	A	82		SER	2
9Z6Z_A	82	1	A	83		ASN	2
9Z6Z_A	83	1	A	84		LEU	2
9Z6Z_A	84	1	A	85		TYR	2
9Z6Z_A	85	1	A	86		GLN	2
9Z6Z_A	86	1	A	87		LEU	2
9Z6Z_A	87	1	A	88		LYS	2
9Z6Z_A	88	1	A	89		LEU	2
9Z6Z_A	89	1	A	90		PRO	2
9Z6Z_A	90	1	A	91		SER	2
9Z6Z_A	91	1	A	92		ARG	2
9Z6Z_A	92	1	A	93		THR	2
9Z6Z_A	93	1	A	94		MET	2
9Z6Z_A	94	1	A	95		ILE	2
9Z6Z_A	95	1	A	96		VAL	2
9Z6Z_A	96	1	A	97		ASP	2
9Z6Z_A	97	1	A	98		THR	2
9Z6Z_A	98	1	A	99		LEU	2
9Z6Z_A	99	1	A	100		ASN	2
9Z6Z_A	100	1	A	101		VAL	2
9Z6Z_A	101	1	A	102		PHE	2
9Z6Z_A	102	1	A	103		LEU	2
9Z6Z_A	103	1	A	104		SER	2
9Z6Z_A	104	1	A	105		GLU	2
9Z6Z_A	105	1	A	106		CYS	2
9Z6Z_A	106	1	A	107		SER	2
9Z6Z_A	107	1	A	108		GLN	2
9Z6Z_A	108	1	A	109		TYR	2
9Z6Z_A	109	1	A	110		LYS	2
9Z6Z_A	110	1	A	111		LEU	2
9Z6Z_A	111	1	A	112		TYR	2
9Z6Z_A	112	1	A	113		ARG	2
9Z6Z_A	113	1	A	114		LEU	2
9Z6Z_A	114	1	A	115		ASP	2
9Z6Z_A	115	1	A	116		ILE	2
9Z6Z_A	116	1	A	117		HIS	2
9Z6Z_A	117	1	A	118		SER	2
9Z6Z_A	118	1	A	119		PHE	2
9Z6Z_A	119	1	A	120		TYR	2
9Z6Z_A	120	1	A	121		GLU	2
9Z6Z_A	121	1	A	122		SER	2
9Z6Z_A	122	1	A	123		PHE	2
9Z6Z_A	123	1	A	124		ASN	2
9Z6Z_A	124	1	A	125		LYS	2
9Z6Z_A	125	1	A	126		ASP	2
9Z6Z_A	126	1	A	127		TYR	2
9Z6Z_A	127	1	A	128		ILE	2
9Z6Z_A	128	1	A	129		PHE	2
9Z6Z_A	129	1	A	130		LYS	2
9Z6Z_A	130	1	A	131		LYS	2
9Z6Z_A	131	1	A	132		ILE	2
9Z6Z_A	132	1	A	133		ASP	2
9Z6Z_A	133	1	A	134		GLU	2
9Z6Z_A	134	1	A	135		LEU	2
9Z6Z_A	135	1	A	136		GLU	2
9Z6Z_A	136	1	A	137		ARG	2
9Z6Z_A	137	1	A	138		LEU	2
9Z6Z_A	138	1	A	139		GLU	2
9Z6Z_A	139	1	A	140		MET	2
9Z6Z_A	140	1	A	141		LYS	2
9Z6Z_A	141	1	A	142		THR	2
9Z6Z_A	142	1	A	143		LYS	2
9Z6Z_A	143	1	A	144		GLN	2
9Z6Z_A	144	1	A	145		LEU	2
9Z6Z_A	145	1	A	146		LEU	2
9Z6Z_A	146	1	A	147		LYS	2
9Z6Z_A	147	1	A	148		GLU	2
9Z6Z_A	148	1	A	149		PHE	2
9Z6Z_A	149	1	A	150		LEU	2
9Z6Z_A	150	1	A	151		TYR	2
9Z6Z_A	151	1	A	152		SER	2
9Z6Z_A	152	1	A	153		PHE	2
9Z6Z_A	153	1	A	154		TYR	2
9Z6Z_A	154	1	A	155		LEU	2
9Z6Z_A	155	1	A	156		THR	2
9Z6Z_A	156	1	A	157		GLY	2
9Z6Z_A	157	1	A	158		GLY	2
9Z6Z_A	158	1	A	159		GLU	2
9Z6Z_A	159	1	A	160		GLY	2
9Z6Z_A	160	1	A	161		ILE	2
9Z6Z_A	161	1	A	162		PRO	2
9Z6Z_A	162	1	A	163		ARG	2
9Z6Z_A	163	1	A	164		GLY	2
9Z6Z_A	164	1	A	165		LEU	2
9Z6Z_A	165	1	A	166		SER	2
9Z6Z_A	166	1	A	167		ILE	2
9Z6Z_A	167	1	A	168		SER	2
9Z6Z_A	168	1	A	169		ALA	2
9Z6Z_A	169	1	A	170		TYR	2
9Z6Z_A	170	1	A	171		LEU	2
9Z6Z_A	171	1	A	172		ALA	2
9Z6Z_A	172	1	A	173		GLU	2
9Z6Z_A	173	1	A	174		LEU	2
9Z6Z_A	174	1	A	175		LEU	2
9Z6Z_A	175	1	A	176		MET	2
9Z6Z_A	176	1	A	177		HIS	2
9Z6Z_A	177	1	A	178		ASP	2
9Z6Z_A	178	1	A	179		PHE	2
9Z6Z_A	179	1	A	180		ASP	2
9Z6Z_A	180	1	A	181		ASN	2
9Z6Z_A	181	1	A	182		HIS	2
9Z6Z_A	182	1	A	183		LEU	2
9Z6Z_A	183	1	A	184		LYS	2
9Z6Z_A	184	1	A	185		ASP	2
9Z6Z_A	185	1	A	186		ASP	2
9Z6Z_A	186	1	A	187		LYS	2
9Z6Z_A	187	1	A	188		SER	2
9Z6Z_A	188	1	A	189		VAL	2
9Z6Z_A	189	1	A	190		PHE	2
9Z6Z_A	190	1	A	191		TYR	2
9Z6Z_A	191	1	A	192		TYR	2
9Z6Z_A	192	1	A	193		ALA	2
9Z6Z_A	193	1	A	194		ARG	2
9Z6Z_A	194	1	A	195		TYR	2
9Z6Z_A	195	1	A	196		VAL	2
9Z6Z_A	196	1	A	197		ASP	2
9Z6Z_A	197	1	A	198		ASP	2
9Z6Z_A	198	1	A	199		ILE	2
9Z6Z_A	199	1	A	200		VAL	2
9Z6Z_A	200	1	A	201		ILE	2
9Z6Z_A	201	1	A	202		VAL	2
9Z6Z_A	202	1	A	203		THR	2
9Z6Z_A	203	1	A	204		SER	2
9Z6Z_A	204	1	A	205		GLY	2
9Z6Z_A	205	1	A	206		PHE	2
9Z6Z_A	206	1	A	207		GLU	2
9Z6Z_A	207	1	A	208		ASP	2
9Z6Z_A	208	1	A	209		SER	2
9Z6Z_A	209	1	A	210		ASN	2
9Z6Z_A	210	1	A	211		ALA	2
9Z6Z_A	211	1	A	212		PHE	2
9Z6Z_A	212	1	A	213		ILE	2
9Z6Z_A	213	1	A	214		GLU	2
9Z6Z_A	214	1	A	215		ASN	2
9Z6Z_A	215	1	A	216		VAL	2
9Z6Z_A	216	1	A	217		LYS	2
9Z6Z_A	217	1	A	218		SER	2
9Z6Z_A	218	1	A	219		ILE	2
9Z6Z_A	219	1	A	220		LEU	2
9Z6Z_A	220	1	A	221		PRO	2
9Z6Z_A	221	1	A	222		PRO	2
9Z6Z_A	222	1	A	223		GLY	2
9Z6Z_A	223	1	A	224		LEU	2
9Z6Z_A	224	1	A	225		SER	2
9Z6Z_A	225	1	A	226		PHE	2
9Z6Z_A	226	1	A	227		ASN	2
9Z6Z_A	227	1	A	228		GLU	2
9Z6Z_A	228	1	A	229		GLY	2
9Z6Z_A	229	1	A	230		GLU	2
9Z6Z_A	230	1	A	231		LYS	2
9Z6Z_A	231	1	A	232		TYR	2
9Z6Z_A	232	1	A	233		TYR	2
9Z6Z_A	233	1	A	234		ILE	2
9Z6Z_A	234	1	A	235		SER	2
9Z6Z_A	235	1	A	236		ASP	2
9Z6Z_A	236	1	A	237		LEU	2
9Z6Z_A	237	1	A	238		ILE	2
9Z6Z_A	238	1	A	239		PRO	2
9Z6Z_A	239	1	A	240		LYS	2
9Z6Z_A	240	1	A	241		SER	2
9Z6Z_A	241	1	A	242		ALA	2
9Z6Z_A	242	1	A	243		ASN	2
9Z6Z_A	243	1	A	244		LYS	2
9Z6Z_A	244	1	A	245		LYS	2
9Z6Z_A	245	1	A	246		ASN	2
9Z6Z_A	246	1	A	249		SER	2
9Z6Z_A	247	1	A	250		PRO	2
9Z6Z_A	248	1	A	251		THR	2
9Z6Z_A	249	1	A	252		LYS	2
9Z6Z_A	250	1	A	253		LEU	2
9Z6Z_A	251	1	A	254		LEU	2
9Z6Z_A	252	1	A	255		THR	2
9Z6Z_A	253	1	A	256		PHE	2
9Z6Z_A	254	1	A	257		GLU	2
9Z6Z_A	255	1	A	258		TYR	2
9Z6Z_A	256	1	A	259		LEU	2
9Z6Z_A	257	1	A	260		GLY	2
9Z6Z_A	258	1	A	261		TYR	2
9Z6Z_A	259	1	A	262		ASP	2
9Z6Z_A	260	1	A	263		PHE	2
9Z6Z_A	261	1	A	264		SER	2
9Z6Z_A	262	1	A	265		VAL	2
9Z6Z_A	263	1	A	266		GLY	2
9Z6Z_A	264	1	A	267		ASP	2
9Z6Z_A	265	1	A	268		LYS	2
9Z6Z_A	266	1	A	269		ILE	2
9Z6Z_A	267	1	A	270		GLU	2
9Z6Z_A	268	1	A	271		GLU	2
9Z6Z_A	269	1	A	272		CYS	2
9Z6Z_A	270	1	A	273		ASN	2
9Z6Z_A	271	1	A	274		ILE	2
9Z6Z_A	272	1	A	275		ARG	2
9Z6Z_A	273	1	A	276		GLY	2
9Z6Z_A	274	1	A	277		PHE	2
9Z6Z_A	275	1	A	278		TYR	2
9Z6Z_A	276	1	A	279		ARG	2
9Z6Z_A	277	1	A	280		LEU	2
9Z6Z_A	278	1	A	281		ILE	2
9Z6Z_A	279	1	A	282		GLU	2
9Z6Z_A	280	1	A	283		VAL	2
9Z6Z_A	281	1	A	284		ASP	3
9Z6Z_A	282	1	A	285		LEU	3
9Z6Z_A	283	1	A	286		ALA	3
9Z6Z_A	284	1	A	287		HIS	3
9Z6Z_A	285	1	A	288		ALA	3
9Z6Z_A	286	1	A	289		LYS	3
9Z6Z_A	287	1	A	290		ALA	3
9Z6Z_A	288	1	A	291		ASN	3
9Z6Z_A	289	1	A	292		LYS	3
9Z6Z_A	290	1	A	293		ILE	3
9Z6Z_A	291	1	A	294		LYS	3
9Z6Z_A	292	1	A	295		SER	3
9Z6Z_A	293	1	A	296		ARG	3
9Z6Z_A	294	1	A	297		ILE	3
9Z6Z_A	295	1	A	298		ILE	3
9Z6Z_A	296	1	A	299		TYR	3
9Z6Z_A	297	1	A	300		SER	3
9Z6Z_A	298	1	A	301		ILE	3
9Z6Z_A	299	1	A	302		ILE	3
9Z6Z_A	300	1	A	303		ASP	3
9Z6Z_A	301	1	A	304		TYR	3
9Z6Z_A	302	1	A	305		ASN	3
9Z6Z_A	303	1	A	306		LYS	3
9Z6Z_A	304	1	A	307		THR	3
9Z6Z_A	305	1	A	308		LYS	3
9Z6Z_A	306	1	A	309		ASP	3
9Z6Z_A	307	1	A	310		PHE	3
9Z6Z_A	308	1	A	311		GLU	3
9Z6Z_A	309	1	A	312		LEU	3
9Z6Z_A	310	1	A	313		LEU	3
9Z6Z_A	311	1	A	314		CYS	3
9Z6Z_A	312	1	A	315		GLU	3
9Z6Z_A	313	1	A	316		ARG	3
9Z6Z_A	314	1	A	317		LEU	3
9Z6Z_A	315	1	A	318		LYS	3
9Z6Z_A	316	1	A	319		PHE	3
9Z6Z_A	317	1	A	320		LEU	3
9Z6Z_A	318	1	A	321		SER	3
9Z6Z_A	319	1	A	322		THR	3
9Z6Z_A	320	1	A	323		ASN	3
9Z6Z_A	321	1	A	324		PHE	3
9Z6Z_A	322	1	A	325		SER	3
9Z6Z_A	323	1	A	326		ILE	3
9Z6Z_A	324	1	A	327		LEU	3
9Z6Z_A	325	1	A	328		ASP	3
9Z6Z_A	326	1	A	329		SER	3
9Z6Z_A	327	1	A	330		GLY	3
9Z6Z_A	328	1	A	331		ARG	3
9Z6Z_A	329	1	A	332		VAL	3
9Z6Z_A	330	1	A	333		LEU	3
9Z6Z_A	331	1	A	334		LYS	3
9Z6Z_A	332	1	A	335		ARG	3
9Z6Z_A	333	1	A	336		LEU	3
9Z6Z_A	334	1	A	337		SER	3
9Z6Z_A	335	1	A	338		GLY	3
9Z6Z_A	336	1	A	339		ILE	3
9Z6Z_A	337	1	A	340		HIS	3
9Z6Z_A	338	1	A	341		TYR	3
9Z6Z_A	339	1	A	342		ASN	3
9Z6Z_A	340	1	A	343		TYR	3
9Z6Z_A	341	1	A	344		PRO	3
9Z6Z_A	342	1	A	345		LEU	3
9Z6Z_A	343	1	A	346		VAL	3
9Z6Z_A	344	1	A	347		ASP	3
9Z6Z_A	345	1	A	348		ALA	3
9Z6Z_A	346	1	A	349		ARG	3
9Z6Z_A	347	1	A	350		THR	3
9Z6Z_A	348	1	A	351		SER	3
9Z6Z_A	349	1	A	352		ARG	3
9Z6Z_A	350	1	A	353		ARG	3
9Z6Z_A	351	1	A	354		LEU	3
9Z6Z_A	352	1	A	355		ALA	3
9Z6Z_A	353	1	A	356		GLU	3
9Z6Z_A	354	1	A	357		LEU	3
9Z6Z_A	355	1	A	358		ASP	3
9Z6Z_A	356	1	A	359		LEU	3
9Z6Z_A	357	1	A	360		PHE	3
9Z6Z_A	358	1	A	361		LEU	3
9Z6Z_A	359	1	A	362		ARG	3
9Z6Z_A	360	1	A	363		LYS	3
9Z6Z_A	361	1	A	364		ALA	3
9Z6Z_A	362	1	A	365		VAL	3
9Z6Z_A	363	1	A	366		LEU	3
9Z6Z_A	364	1	A	367		SER	3
9Z6Z_A	365	1	A	368		SER	3
9Z6Z_A	366	1	A	369		ASN	3
9Z6Z_A	367	1	A	370		GLY	3
9Z6Z_A	368	1	A	371		LYS	3
9Z6Z_A	369	1	A	372		VAL	3
9Z6Z_A	370	1	A	373		PHE	3
9Z6Z_A	371	1	A	374		PHE	3
9Z6Z_A	372	1	A	375		ASP	3
9Z6Z_A	373	1	A	376		PHE	3
9Z6Z_A	374	1	A	377		HIS	3
9Z6Z_A	375	1	A	378		ALA	3
9Z6Z_A	376	1	A	379		ASN	3
9Z6Z_A	377	1	A	380		LEU	3
9Z6Z_A	378	1	A	381		ASN	3
9Z6Z_A	379	1	A	382		GLN	3
9Z6Z_A	380	1	A	383		TYR	3
9Z6Z_A	381	1	A	384		LYS	3
9Z6Z_A	382	1	A	385		LYS	3
9Z6Z_A	383	1	A	386		TYR	3
9Z6Z_A	384	1	A	387		ARG	3
9Z6Z_A	385	1	A	388		LEU	3
9Z6Z_A	386	1	A	389		LEU	3
9Z6Z_A	387	1	A	390		LYS	3
9Z6Z_A	388	1	A	391		ILE	3
9Z6Z_A	389	1	A	392		SER	3
9Z6Z_A	390	1	A	393		PHE	3
9Z6Z_A	391	1	A	394		VAL	3
9Z6Z_A	392	1	A	395		ARG	3
9Z6Z_A	393	1	A	396		GLY	3
9Z6Z_A	394	1	A	397		HIS	3
9Z6Z_A	395	1	A	398		GLU	3
9Z6Z_A	396	1	A	399		LYS	3
9Z6Z_A	397	1	A	400		ARG	3
9Z6Z_A	398	1	A	401		HIS	3
9Z6Z_A	399	1	A	402		PHE	3
9Z6Z_A	400	1	A	403		PHE	3
9Z6Z_A	401	1	A	404		HIS	3
9Z6Z_A	402	1	A	405		TYR	3
9Z6Z_A	403	1	A	406		SER	3
9Z6Z_A	404	1	A	407		ALA	3
9Z6Z_A	405	1	A	408		SER	3
9Z6Z_A	406	1	A	409		LYS	3
9Z6Z_A	407	1	A	410		MET	3
9Z6Z_A	408	1	A	411		MET	3
9Z6Z_A	409	1	A	412		ARG	3
9Z6Z_A	410	1	A	413		ILE	3
9Z6Z_A	411	1	A	414		GLN	3
9Z6Z_A	412	1	A	415		ARG	3
9Z6Z_A	413	1	A	416		CYS	3
9Z6Z_A	414	1	A	417		TRP	3
9Z6Z_A	415	1	A	418		LYS	3
9Z6Z_A	416	1	A	419		TYR	3
9Z6Z_H	0	1	H	6		GLU	1
9Z6Z_H	1	1	H	7		VAL	1
9Z6Z_H	2	1	H	8		ARG	1
9Z6Z_H	3	1	H	9		VAL	1
9Z6Z_H	4	1	H	10		ASN	1
9Z6Z_H	5	1	H	11		LYS	1
9Z6Z_H	6	1	H	12		LYS	1
9Z6Z_H	7	1	H	13		ASP	1
9Z6Z_H	8	1	H	14		PHE	1
9Z6Z_H	9	1	H	15		ASN	1
9Z6Z_H	10	1	H	16		ARG	1
9Z6Z_H	11	1	H	17		VAL	2
9Z6Z_H	12	1	H	18		LEU	2
9Z6Z_H	13	1	H	19		VAL	2
9Z6Z_H	14	1	H	20		THR	2
9Z6Z_H	15	1	H	21		GLU	2
9Z6Z_H	16	1	H	22		THR	2
9Z6Z_H	17	1	H	23		ILE	2
9Z6Z_H	18	1	H	24		PRO	2
9Z6Z_H	19	1	H	25		TYR	2
9Z6Z_H	20	1	H	26		GLU	2
9Z6Z_H	21	1	H	27		THR	2
9Z6Z_H	22	1	H	28		PRO	2
9Z6Z_H	23	1	H	29		ILE	2
9Z6Z_H	24	1	H	30		ILE	2
9Z6Z_H	25	1	H	31		VAL	2
9Z6Z_H	26	1	H	32		SER	2
9Z6Z_H	27	1	H	33		ASN	2
9Z6Z_H	28	1	H	34		ASP	2
9Z6Z_H	29	1	H	35		GLY	2
9Z6Z_H	30	1	H	36		PHE	2
9Z6Z_H	31	1	H	37		TYR	2
9Z6Z_H	32	1	H	38		ASN	2
9Z6Z_H	33	1	H	39		ASN	2
9Z6Z_H	34	1	H	40		VAL	2
9Z6Z_H	35	1	H	41		VAL	2
9Z6Z_H	36	1	H	42		LYS	2
9Z6Z_H	37	1	H	43		HIS	2
9Z6Z_H	38	1	H	44		GLN	2
9Z6Z_H	39	1	H	45		THR	2
9Z6Z_H	40	1	H	46		ALA	2
9Z6Z_H	41	1	H	47		ASN	2
9Z6Z_H	42	1	H	48		ASP	2
9Z6Z_H	43	1	H	49		ILE	2
9Z6Z_H	44	1	H	50		ALA	2
9Z6Z_H	45	1	H	51		LYS	2
9Z6Z_H	46	1	H	52		LEU	2
9Z6Z_H	47	1	H	53		LEU	2
9Z6Z_H	48	1	H	54		THR	2
9Z6Z_H	49	1	H	55		GLN	2
9Z6Z_H	50	1	H	56		ARG	2
9Z6Z_H	51	1	H	57		VAL	2
9Z6Z_H	52	1	H	58		ILE	2
9Z6Z_H	53	1	H	59		LEU	2
9Z6Z_H	54	1	H	60		GLY	2
9Z6Z_H	55	1	H	61		GLU	2
9Z6Z_H	56	1	H	62		ARG	2
9Z6Z_H	57	1	H	63		LYS	2
9Z6Z_H	58	1	H	64		LYS	2
9Z6Z_H	59	1	H	65		GLY	2
9Z6Z_H	60	1	H	66		ARG	2
9Z6Z_H	61	1	H	67		TYR	2
9Z6Z_H	62	1	H	68		THR	2
9Z6Z_H	63	1	H	69		ILE	2
9Z6Z_H	64	1	H	70		PRO	2
9Z6Z_H	65	1	H	71		TYR	2
9Z6Z_H	66	1	H	72		VAL	2
9Z6Z_H	67	1	H	73		PHE	2
9Z6Z_H	68	1	H	74		LYS	2
9Z6Z_H	69	1	H	75		ILE	2
9Z6Z_H	70	1	H	76		ASN	2
9Z6Z_H	71	1	H	77		LYS	2
9Z6Z_H	72	1	H	78		ASN	2
9Z6Z_H	73	1	H	79		GLU	2
9Z6Z_H	74	1	H	80		THR	2
9Z6Z_H	75	1	H	81		GLU	2
9Z6Z_H	76	1	H	82		PHE	2
9Z6Z_H	77	1	H	83		ARG	2
9Z6Z_H	78	1	H	84		ARG	2
9Z6Z_H	79	1	H	85		LEU	2
9Z6Z_H	80	1	H	86		ALA	2
9Z6Z_H	81	1	H	87		PHE	2
9Z6Z_H	82	1	H	88		PRO	2
9Z6Z_H	83	1	H	89		HIS	2
9Z6Z_H	84	1	H	90		PRO	2
9Z6Z_H	85	1	H	91		ILE	2
9Z6Z_H	86	1	H	92		SER	2
9Z6Z_H	87	1	H	93		GLN	2
9Z6Z_H	88	1	H	94		ILE	2
9Z6Z_H	89	1	H	95		GLU	2
9Z6Z_H	90	1	H	96		MET	2
9Z6Z_H	91	1	H	97		ARG	2
9Z6Z_H	92	1	H	98		ASP	2
9Z6Z_H	93	1	H	99		PHE	1
9Z6Z_H	94	1	H	100		TYR	1
9Z6Z_H	95	1	H	101		LEU	1
9Z6Z_H	96	1	H	102		HIS	1
9Z6Z_H	97	1	H	103		PHE	1
9Z6Z_H	98	1	H	104		ASN	1
9Z6Z_H	99	1	H	105		GLN	1
9Z6Z_H	100	1	H	106		VAL	1
9Z6Z_H	101	1	H	107		MET	1
9Z6Z_H	102	1	H	108		ILE	1
9Z6Z_H	103	1	H	109		ASN	1
9Z6Z_H	104	1	H	110		PHE	1
9Z6Z_H	105	1	H	111		CYS	1
9Z6Z_H	106	1	H	112		SER	1
9Z6Z_H	107	1	H	113		LYS	1
9Z6Z_H	108	1	H	114		SER	1
9Z6Z_H	109	1	H	115		ASP	1
9Z6Z_H	110	1	H	116		PHE	1
9Z6Z_H	111	1	H	117		SER	1
9Z6Z_H	112	1	H	118		ILE	1
9Z6Z_H	113	1	H	119		ARG	1
9Z6Z_H	114	1	H	120		ARG	1
9Z6Z_H	115	1	H	121		PRO	1
9Z6Z_H	116	1	H	122		VAL	1
9Z6Z_H	117	1	H	123		LYS	1
9Z6Z_H	118	1	H	124		VAL	1
9Z6Z_H	119	1	H	125		ALA	1
9Z6Z_H	120	1	H	126		SER	1
9Z6Z_H	121	1	H	127		THR	1
9Z6Z_H	122	1	H	128		TYR	1
9Z6Z_H	123	1	H	129		TYR	1
9Z6Z_H	124	1	H	130		TYR	1
9Z6Z_H	125	1	H	131		LYS	1
9Z6Z_H	126	1	H	132		ASN	1
9Z6Z_H	127	1	H	133		LEU	1
9Z6Z_H	128	1	H	134		LEU	1
9Z6Z_H	129	1	H	135		GLU	1
9Z6Z_H	130	1	H	136		ASP	1
9Z6Z_H	131	1	H	137		LYS	1
9Z6Z_H	132	1	H	138		ASN	1
9Z6Z_H	133	1	H	139		LEU	1
9Z6Z_H	134	1	H	140		TYR	1
9Z6Z_H	135	1	H	141		LYS	1
9Z6Z_H	136	1	H	156		HIS	1
9Z6Z_H	137	1	H	157		ALA	1
9Z6Z_H	138	1	H	158		SER	1
9Z6Z_H	139	1	H	159		SER	1
9Z6Z_H	140	1	H	160		TYR	1
9Z6Z_H	141	1	H	161		PHE	1
9Z6Z_H	142	1	H	162		GLY	1
9Z6Z_H	143	1	H	163		TYR	1
9Z6Z_H	144	1	H	164		HIS	1
9Z6Z_H	145	1	H	165		GLY	3
9Z6Z_H	146	1	H	166		TYR	3
9Z6Z_H	147	1	H	167		ASP	3
9Z6Z_H	148	1	H	168		ARG	3
9Z6Z_H	149	1	H	169		LEU	3
9Z6Z_H	150	1	H	170		TYR	3
9Z6Z_H	151	1	H	171		LYS	3
9Z6Z_H	152	1	H	172		PHE	3
9Z6Z_H	153	1	H	173		PHE	3
9Z6Z_H	154	1	H	174		MET	3
9Z6Z_H	155	1	H	175		SER	3
9Z6Z_H	156	1	H	176		ASN	3
9Z6Z_H	157	1	H	177		ASP	3
9Z6Z_H	158	1	H	178		PHE	3
9Z6Z_H	159	1	H	179		ILE	3
9Z6Z_H	160	1	H	180		ASP	3
9Z6Z_H	161	1	H	181		LEU	3
9Z6Z_H	162	1	H	182		GLU	3
9Z6Z_H	163	1	H	183		ARG	3
9Z6Z_H	164	1	H	184		LYS	3
9Z6Z_H	165	1	H	185		TYR	3
9Z6Z_H	166	1	H	186		ASN	3
9Z6Z_H	167	1	H	187		THR	3
9Z6Z_H	168	1	H	188		LEU	3
9Z6Z_H	169	1	H	189		TYR	3
9Z6Z_H	170	1	H	190		THR	3
9Z6Z_H	171	1	H	191		LEU	3
9Z6Z_H	172	1	H	192		ASP	3
9Z6Z_H	173	1	H	193		VAL	3
9Z6Z_H	174	1	H	194		SER	3
9Z6Z_H	175	1	H	195		LYS	3
9Z6Z_H	176	1	H	196		CYS	3
9Z6Z_H	177	1	H	197		PHE	3
9Z6Z_H	178	1	H	198		ASP	3
9Z6Z_H	179	1	H	199		SER	3
9Z6Z_H	180	1	H	200		ILE	3
9Z6Z_H	181	1	H	201		TYR	4
9Z6Z_H	182	1	H	202		THR	4
9Z6Z_H	183	1	H	203		HIS	4
9Z6Z_H	184	1	H	204		SER	4
9Z6Z_H	185	1	H	205		ILE	4
9Z6Z_H	186	1	H	206		SER	4
9Z6Z_H	187	1	H	207		TRP	4
9Z6Z_H	188	1	H	208		ALA	4
9Z6Z_H	189	1	H	209		THR	4
9Z6Z_H	190	1	H	210		LYS	4
9Z6Z_H	191	1	H	211		THR	4
9Z6Z_H	192	1	H	212		LYS	4
9Z6Z_H	193	1	H	213		THR	4
9Z6Z_H	194	1	H	214		PHE	4
9Z6Z_H	195	1	H	215		THR	4
9Z6Z_H	196	1	H	216		LYS	4
9Z6Z_H	197	1	H	217		GLY	4
9Z6Z_H	198	1	H	218		MET	4
9Z6Z_H	199	1	H	219		LEU	4
9Z6Z_H	200	1	H	220		ALA	4
9Z6Z_H	201	1	H	221		ASN	4
9Z6Z_H	202	1	H	222		LYS	4
9Z6Z_H	203	1	H	223		SER	4
9Z6Z_H	204	1	H	224		LEU	4
9Z6Z_H	205	1	H	225		ASN	4
9Z6Z_H	206	1	H	226		PHE	4
9Z6Z_H	207	1	H	227		GLY	4
9Z6Z_H	208	1	H	228		ASP	4
9Z6Z_H	209	1	H	229		ALA	4
9Z6Z_H	210	1	H	230		PHE	4
9Z6Z_H	211	1	H	231		ASP	4
9Z6Z_H	212	1	H	232		LYS	4
9Z6Z_H	213	1	H	233		LEU	4
9Z6Z_H	214	1	H	234		MET	4
9Z6Z_H	215	1	H	235		GLN	4
9Z6Z_H	216	1	H	236		ARG	4
9Z6Z_H	217	1	H	237		CYS	4
9Z6Z_H	218	1	H	238		ASN	4
9Z6Z_H	219	1	H	239		PHE	4
9Z6Z_H	220	1	H	240		ASN	4
9Z6Z_H	221	1	H	241		GLU	4
9Z6Z_H	222	1	H	242		THR	4
9Z6Z_H	223	1	H	243		HIS	4
9Z6Z_H	224	1	H	244		GLY	4
9Z6Z_H	225	1	H	245		VAL	4
9Z6Z_H	226	1	H	246		ILE	4
9Z6Z_H	227	1	H	247		ILE	4
9Z6Z_H	228	1	H	248		GLY	4
9Z6Z_H	229	1	H	249		PRO	4
9Z6Z_H	230	1	H	250		GLU	4
9Z6Z_H	231	1	H	251		ILE	4
9Z6Z_H	232	1	H	252		SER	4
9Z6Z_H	233	1	H	253		ARG	4
9Z6Z_H	234	1	H	254		ILE	4
9Z6Z_H	235	1	H	255		PHE	4
9Z6Z_H	236	1	H	256		ALA	4
9Z6Z_H	237	1	H	257		GLU	4
9Z6Z_H	238	1	H	258		ILE	4
9Z6Z_H	239	1	H	259		ILE	3
9Z6Z_H	240	1	H	260		PHE	3
9Z6Z_H	241	1	H	261		GLN	3
9Z6Z_H	242	1	H	262		LYS	3
9Z6Z_H	243	1	H	263		ILE	3
9Z6Z_H	244	1	H	264		ASP	3
9Z6Z_H	245	1	H	265		LEU	3
9Z6Z_H	246	1	H	266		ASN	3
9Z6Z_H	247	1	H	267		VAL	3
9Z6Z_H	248	1	H	268		GLN	3
9Z6Z_H	249	1	H	269		PHE	3
9Z6Z_H	250	1	H	270		LYS	3
9Z6Z_H	251	1	H	271		LEU	3
9Z6Z_H	252	1	H	272		ARG	3
9Z6Z_H	253	1	H	273		ASN	3
9Z6Z_H	254	1	H	274		ILE	3
9Z6Z_H	255	1	H	275		ASP	3
9Z6Z_H	256	1	H	276		THR	3
9Z6Z_H	257	1	H	277		PRO	3
9Z6Z_H	258	1	H	278		LEU	3
9Z6Z_H	259	1	H	279		ASN	3
9Z6Z_H	260	1	H	280		LYS	3
9Z6Z_H	261	1	H	281		GLY	3
9Z6Z_H	262	1	H	282		VAL	3
9Z6Z_H	263	1	H	283		ASP	3
9Z6Z_H	264	1	H	284		TYR	3
9Z6Z_H	265	1	H	285		ASP	3
9Z6Z_H	266	1	H	286		ILE	3
9Z6Z_H	267	1	H	287		ARG	3
9Z6Z_H	268	1	H	288		ARG	3
9Z6Z_H	269	1	H	289		TYR	3
9Z6Z_H	270	1	H	290		VAL	3
9Z6Z_H	271	1	H	291		ASP	3
9Z6Z_H	272	1	H	292		ASP	3
9Z6Z_H	273	1	H	293		VAL	3
9Z6Z_H	274	1	H	294		PHE	3
9Z6Z_H	275	1	H	295		ILE	3
9Z6Z_H	276	1	H	296		PHE	3
9Z6Z_H	277	1	H	297		SER	3
9Z6Z_H	278	1	H	298		LYS	3
9Z6Z_H	279	1	H	299		ASN	3
9Z6Z_H	280	1	H	300		GLU	3
9Z6Z_H	281	1	H	301		VAL	3
9Z6Z_H	282	1	H	302		ASN	3
9Z6Z_H	283	1	H	303		ALA	3
9Z6Z_H	284	1	H	304		GLU	3
9Z6Z_H	285	1	H	305		ILE	3
9Z6Z_H	286	1	H	306		ILE	3
9Z6Z_H	287	1	H	307		TYR	3
9Z6Z_H	288	1	H	308		LYS	3
9Z6Z_H	289	1	H	309		VAL	3
9Z6Z_H	290	1	H	310		TYR	3
9Z6Z_H	291	1	H	311		ALA	3
9Z6Z_H	292	1	H	312		ASP	3
9Z6Z_H	293	1	H	313		LYS	3
9Z6Z_H	294	1	H	314		LEU	3
9Z6Z_H	295	1	H	315		ASN	3
9Z6Z_H	296	1	H	316		GLU	3
9Z6Z_H	297	1	H	317		TYR	3
9Z6Z_H	298	1	H	318		ASN	3
9Z6Z_H	299	1	H	319		MET	3
9Z6Z_H	300	1	H	320		HIS	3
9Z6Z_H	301	1	H	321		VAL	3
9Z6Z_H	302	1	H	322		ASN	3
9Z6Z_H	303	1	H	323		LEU	3
9Z6Z_H	304	1	H	324		GLY	3
9Z6Z_H	305	1	H	325		LYS	3
9Z6Z_H	306	1	H	326		VAL	3
9Z6Z_H	307	1	H	327		THR	3
9Z6Z_H	308	1	H	328		LYS	3
9Z6Z_H	309	1	H	329		ASN	3
9Z6Z_H	310	1	H	330		SER	3
9Z6Z_H	311	1	H	331		ARG	3
9Z6Z_H	312	1	H	332		PRO	3
9Z6Z_H	313	1	H	333		PHE	3
9Z6Z_H	314	1	H	334		ILE	3
9Z6Z_H	315	1	H	335		THR	3
9Z6Z_H	316	1	H	336		ALA	5
9Z6Z_H	317	1	H	337		LYS	5
9Z6Z_H	318	1	H	338		THR	5
9Z6Z_H	319	1	H	339		GLN	5
9Z6Z_H	320	1	H	340		ILE	5
9Z6Z_H	321	1	H	341		ILE	5
9Z6Z_H	322	1	H	342		HIS	5
9Z6Z_H	323	1	H	343		HIS	5
9Z6Z_H	324	1	H	344		VAL	5
9Z6Z_H	325	1	H	345		ASN	5
9Z6Z_H	326	1	H	346		GLN	5
9Z6Z_H	327	1	H	347		LYS	5
9Z6Z_H	328	1	H	348		MET	5
9Z6Z_H	329	1	H	349		ASN	5
9Z6Z_H	330	1	H	350		VAL	5
9Z6Z_H	331	1	H	351		PHE	5
9Z6Z_H	332	1	H	352		ILE	5
9Z6Z_H	333	1	H	353		ASP	5
9Z6Z_H	334	1	H	354		SER	5
9Z6Z_H	335	1	H	355		PHE	5
9Z6Z_H	336	1	H	356		LEU	5
9Z6Z_H	337	1	H	357		SER	5
9Z6Z_H	338	1	H	358		TYR	5
9Z6Z_H	339	1	H	359		ASP	5
9Z6Z_H	340	1	H	360		ASP	5
9Z6Z_H	341	1	H	361		GLU	5
9Z6Z_H	342	1	H	362		MET	5
9Z6Z_H	343	1	H	363		LYS	5
9Z6Z_H	344	1	H	364		LEU	5
9Z6Z_H	345	1	H	365		ILE	5
9Z6Z_H	346	1	H	366		ALA	5
9Z6Z_H	347	1	H	367		LYS	5
9Z6Z_H	348	1	H	368		PRO	5
9Z6Z_H	349	1	H	369		ILE	5
9Z6Z_H	350	1	H	370		TYR	5
9Z6Z_H	351	1	H	371		ASN	5
9Z6Z_H	352	1	H	372		ASN	5
9Z6Z_H	353	1	H	373		ARG	5
9Z6Z_H	354	1	H	374		LYS	5
9Z6Z_H	355	1	H	375		LEU	5
9Z6Z_H	356	1	H	376		ALA	5
9Z6Z_H	357	1	H	377		ASN	5
9Z6Z_H	358	1	H	378		LYS	5
9Z6Z_H	359	1	H	379		PHE	5
9Z6Z_H	360	1	H	380		ILE	5
9Z6Z_H	361	1	H	381		ASP	5
9Z6Z_H	362	1	H	382		GLU	5
9Z6Z_H	363	1	H	383		VAL	5
9Z6Z_H	364	1	H	384		LYS	5
9Z6Z_H	365	1	H	385		ILE	5
9Z6Z_H	366	1	H	386		ILE	5
9Z6Z_H	367	1	H	387		CYS	5
9Z6Z_H	368	1	H	388		SER	5
9Z6Z_H	369	1	H	389		GLU	5
9Z6Z_H	370	1	H	390		ARG	5
9Z6Z_H	371	1	H	391		LYS	5
9Z6Z_H	372	1	H	392		SER	5
9Z6Z_H	373	1	H	393		GLY	5
9Z6Z_H	374	1	H	394		TYR	5
9Z6Z_H	375	1	H	395		GLY	5
9Z6Z_H	376	1	H	396		GLU	5
9Z6Z_H	377	1	H	397		VAL	5
9Z6Z_H	378	1	H	398		SER	5
9Z6Z_H	379	1	H	399		SER	5
9Z6Z_H	380	1	H	400		TYR	5
9Z6Z_H	381	1	H	401		ILE	5
9Z6Z_H	382	1	H	402		VAL	5
9Z6Z_H	383	1	H	403		SER	5
9Z6Z_H	384	1	H	404		ALA	5
9Z6Z_H	385	1	H	405		ILE	5
9Z6Z_H	386	1	H	406		PHE	5
9Z6Z_H	387	1	H	407		GLU	5
9Z6Z_H	388	1	H	408		ARG	5
9Z6Z_H	389	1	H	409		ILE	5
9Z6Z_H	390	1	H	410		LYS	5
9Z6Z_H	391	1	H	411		ARG	5
9Z6Z_H	392	1	H	412		LEU	5
9Z6Z_H	393	1	H	413		THR	5
9Z6Z_H	394	1	H	414		SER	5
9Z6Z_H	395	1	H	415		SER	5
9Z6Z_H	396	1	H	416		VAL	5
9Z6Z_H	397	1	H	417		ASN	5
9Z6Z_H	398	1	H	418		GLN	5
9Z6Z_H	399	1	H	419		ALA	5
9Z6Z_H	400	1	H	420		GLU	5
9Z6Z_H	401	1	H	421		ASP	5
9Z6Z_H	402	1	H	422		LYS	5
9Z6Z_H	403	1	H	423		ASP	5
9Z6Z_H	404	1	H	424		ILE	5
9Z6Z_H	405	1	H	425		TYR	5
9Z6Z_H	406	1	H	426		ASN	5
9Z6Z_H	407	1	H	427		VAL	5
9Z6Z_H	408	1	H	428		MET	5
9Z6Z_H	409	1	H	429		TYR	5
9Z6Z_H	410	1	H	430		VAL	5
9Z6Z_H	411	1	H	431		LEU	5
9Z6Z_H	412	1	H	432		LEU	5
9Z6Z_H	413	1	H	433		HIS	5
9Z6Z_H	414	1	H	434		ILE	5
9Z6Z_H	415	1	H	435		SER	5
9Z6Z_H	416	1	H	436		LEU	5
9Z6Z_H	417	1	H	437		PHE	5
9Z6Z_H	418	1	H	438		PHE	5
9Z6Z_H	419	1	H	439		PHE	5
9Z6Z_H	420	1	H	440		ARG	5
9Z6Z_H	421	1	H	441		VAL	5
9Z6Z_H	422	1	H	442		ALA	5
9Z6Z_H	423	1	H	443		PRO	5
9Z6Z_H	424	1	H	444		SER	5
9Z6Z_H	425	1	H	445		VAL	5
9Z6Z_H	426	1	H	446		SER	5
9Z6Z_H	427	1	H	447		SER	5
9Z6Z_H	428	1	H	448		SER	5
9Z6Z_H	429	1	H	449		TYR	5
9Z6Z_H	430	1	H	450		LYS	5
9Z6Z_H	431	1	H	451		LEU	5
9Z6Z_H	432	1	H	452		ALA	5
9Z6Z_H	433	1	H	453		SER	5
9Z6Z_H	434	1	H	454		ILE	5
9Z6Z_H	435	1	H	455		LEU	5
9Z6Z_H	436	1	H	456		ILE	5
9Z6Z_H	437	1	H	457		VAL	5
9Z6Z_H	438	1	H	458		THR	5
9Z6Z_H	439	1	H	459		LEU	5
9Z6Z_H	440	1	H	460		ARG	5
9Z6Z_H	441	1	H	461		TYR	5
9Z6Z_H	442	1	H	462		PHE	5
9Z6Z_H	443	1	H	463		LYS	5
9Z6Z_H	444	1	H	464		ALA	5
9Z6Z_H	445	1	H	465		GLN	5
9Z6Z_H	446	1	H	466		VAL	5
9Z6Z_H	447	1	H	467		PRO	5
9Z6Z_H	448	1	H	468		SER	5
9Z6Z_H	449	1	H	469		TYR	5
9Z6Z_H	450	1	H	470		SER	5
9Z6Z_H	451	1	H	471		ASP	5
9Z6Z_H	452	1	H	472		LEU	5
9Z6Z_H	453	1	H	473		ILE	5
9Z6Z_H	454	1	H	474		ALA	5
9Z6Z_H	455	1	H	475		SER	5
9Z6Z_H	456	1	H	476		TYR	5
9Z6Z_H	457	1	H	477		ILE	5
9Z6Z_H	458	1	H	478		TYR	5
9Z6Z_H	459	1	H	479		PHE	5
9Z6Z_H	460	1	H	480		GLU	5
9Z6Z_H	461	1	H	481		ILE	5
9Z6Z_H	462	1	H	482		GLU	5
9Z6Z_H	463	1	H	483		ASP	5
9Z6Z_H	464	1	H	484		PHE	5
9Z6Z_H	465	1	H	485		LEU	5
9Z6Z_H	466	1	H	486		LYS	5
9Z6Z_H	467	1	H	487		ALA	5
9Z6Z_H	468	1	H	488		ALA	5
9Z6Z_H	469	1	H	489		LYS	5
9Z6Z_H	470	1	H	490		ASN	5
9Z6Z_H	471	1	H	494		THR	5
9Z6Z_H	472	1	H	495		ILE	5
9Z6Z_H	473	1	H	496		ASP	5
9Z6Z_H	474	1	H	497		ASN	5
9Z6Z_H	475	1	H	498		LEU	5
9Z6Z_H	476	1	H	499		VAL	5
9Z6Z_H	477	1	H	500		SER	5
9Z6Z_H	478	1	H	501		LEU	5
9Z6Z_H	479	1	H	502		GLU	5
9Z6Z_H	480	1	H	503		ALA	5
9Z6Z_H	481	1	H	504		TYR	5
9Z6Z_H	482	1	H	505		ASN	5
9Z6Z_H	483	1	H	506		ILE	5
9Z6Z_H	484	1	H	507		MET	5
9Z6Z_H	485	1	H	508		TYR	5
9Z6Z_H	486	1	H	509		VAL	5
9Z6Z_H	487	1	H	510		ILE	5
9Z6Z_H	488	1	H	511		GLY	5
9Z6Z_H	489	1	H	512		GLU	5
9Z6Z_H	490	1	H	513		LEU	5
9Z6Z_H	491	1	H	514		ASP	5
9Z6Z_H	492	1	H	515		GLN	5
9Z6Z_H	493	1	H	516		ASP	5
9Z6Z_H	494	1	H	517		ARG	5
9Z6Z_H	495	1	H	518		TYR	5
9Z6Z_H	496	1	H	519		LEU	5
9Z6Z_H	497	1	H	520		SER	5
9Z6Z_H	498	1	H	521		LYS	5
9Z6Z_H	499	1	H	522		GLN	5
9Z6Z_H	500	1	H	523		LEU	5
9Z6Z_H	501	1	H	524		VAL	5
9Z6Z_H	502	1	H	525		GLU	5
9Z6Z_H	503	1	H	526		ASP	5
9Z6Z_H	504	1	H	527		VAL	5
9Z6Z_H	505	1	H	528		PHE	6
9Z6Z_H	506	1	H	529		SER	6
9Z6Z_H	507	1	H	530		GLU	6
9Z6Z_H	508	1	H	531		VAL	6
9Z6Z_H	509	1	H	532		ASP	6
9Z6Z_H	510	1	H	533		SER	6
9Z6Z_H	511	1	H	534		TYR	6
9Z6Z_H	512	1	H	535		PHE	6
9Z6Z_H	513	1	H	536		ASP	6
9Z6Z_H	514	1	H	537		ILE	6
9Z6Z_H	515	1	H	538		VAL	6
9Z6Z_H	516	1	H	539		SER	6
9Z6Z_H	517	1	H	540		CYS	6
9Z6Z_H	518	1	H	541		LEU	6
9Z6Z_H	519	1	H	542		TYR	6
9Z6Z_H	520	1	H	543		ILE	6
9Z6Z_H	521	1	H	544		VAL	6
9Z6Z_H	522	1	H	545		LYS	6
9Z6Z_H	523	1	H	546		ASP	6
9Z6Z_H	524	1	H	547		LYS	6
9Z6Z_H	525	1	H	548		LYS	6
9Z6Z_H	526	1	H	549		VAL	6
9Z6Z_H	527	1	H	550		TYR	6
9Z6Z_H	528	1	H	551		ASP	6
9Z6Z_H	529	1	H	552		SER	6
9Z6Z_H	530	1	H	553		LEU	6
9Z6Z_H	531	1	H	554		LYS	6
9Z6Z_H	532	1	H	555		ASN	6
9Z6Z_H	533	1	H	556		ASN	6
9Z6Z_H	534	1	H	557		ILE	6
9Z6Z_H	535	1	H	558		ILE	6
9Z6Z_H	536	1	H	559		ASP	6
9Z6Z_H	537	1	H	560		VAL	6
9Z6Z_H	538	1	H	561		ILE	6
9Z6Z_H	539	1	H	562		ASN	6
9Z6Z_H	540	1	H	563		SER	6
9Z6Z_H	541	1	H	564		LYS	6
9Z6Z_H	542	1	H	565		LEU	6
9Z6Z_H	543	1	H	566		MET	6
9Z6Z_H	544	1	H	567		SER	6
9Z6Z_H	545	1	H	568		SER	6
9Z6Z_H	546	1	H	569		ASP	6
9Z6Z_H	547	1	H	570		ASN	6
9Z6Z_H	548	1	H	571		ILE	6
9Z6Z_H	549	1	H	572		LEU	6
9Z6Z_H	550	1	H	573		ASP	6
9Z6Z_H	551	1	H	574		TYR	6
9Z6Z_H	552	1	H	575		SER	6
9Z6Z_H	553	1	H	576		GLU	6
9Z6Z_H	554	1	H	577		LYS	6
9Z6Z_H	555	1	H	578		ALA	6
9Z6Z_H	556	1	H	579		MET	6
9Z6Z_H	557	1	H	580		LEU	6
9Z6Z_H	558	1	H	581		PHE	6
9Z6Z_H	559	1	H	582		LEU	6
9Z6Z_H	560	1	H	583		ASP	6
9Z6Z_H	561	1	H	584		VAL	6
9Z6Z_H	562	1	H	585		MET	6
9Z6Z_H	563	1	H	586		SER	6
9Z6Z_H	564	1	H	587		CYS	6
9Z6Z_H	565	1	H	588		PRO	6
9Z6Z_H	566	1	H	589		TYR	6
9Z6Z_H	567	1	H	590		ILE	6
9Z6Z_H	568	1	H	591		ASP	6
9Z6Z_H	569	1	H	592		LEU	6
9Z6Z_H	570	1	H	593		LYS	6
9Z6Z_H	571	1	H	594		TRP	6
9Z6Z_H	572	1	H	595		LYS	6
9Z6Z_H	573	1	H	596		LYS	6
9Z6Z_H	574	1	H	597		ILE	6
9Z6Z_H	575	1	H	598		TRP	6
9Z6Z_H	576	1	H	599		LEU	6
9Z6Z_H	577	1	H	600		LYS	6
9Z6Z_H	578	1	H	601		SER	6
9Z6Z_H	579	1	H	602		ILE	6
9Z6Z_H	580	1	H	603		LEU	6
9Z6Z_H	581	1	H	604		LYS	6
9Z6Z_H	582	1	H	605		GLU	6
9Z6Z_H	583	1	H	606		LEU	6
9Z6Z_H	584	1	H	607		GLN	6
9Z6Z_H	585	1	H	608		GLU	6
9Z6Z_H	586	1	H	609		ALA	6
9Z6Z_H	587	1	H	610		THR	6
9Z6Z_H	588	1	H	611		PRO	6
9Z6Z_H	589	1	H	612		ASN	6
9Z6Z_H	590	1	H	613		ASN	6
9Z6Z_H	591	1	H	614		ASN	6
9Z6Z_H	592	1	H	615		GLU	6
9Z6Z_H	593	1	H	616		ILE	6
9Z6Z_H	594	1	H	617		ASP	6
9Z6Z_H	595	1	H	618		SER	6
9Z6Z_H	596	1	H	619		PHE	6
9Z6Z_H	597	1	H	620		ILE	6
9Z6Z_H	598	1	H	621		SER	6
9Z6Z_H	599	1	H	622		TYR	6
9Z6Z_H	600	1	H	623		SER	6
9Z6Z_H	601	1	H	624		VAL	6
9Z6Z_H	602	1	H	625		ALA	6
9Z6Z_H	603	1	H	626		ASN	6
9Z6Z_H	604	1	H	627		PRO	6
9Z6Z_H	605	1	H	628		TRP	6
9Z6Z_H	606	1	H	629		PHE	6
9Z6Z_H	607	1	H	630		VAL	6
9Z6Z_H	608	1	H	631		ASP	6
9Z6Z_H	609	1	H	632		TRP	6
9Z6Z_H	610	1	H	633		SER	6
9Z6Z_H	611	1	H	634		ASN	1
9Z6Z_H	612	1	H	635		VAL	1
9Z6Z_H	613	1	H	636		ASP	1
9Z6Z_H	614	1	H	637		LEU	1
9Z6Z_H	615	1	H	638		LEU	1
9Z6Z_H	616	1	H	639		ASN	1
9Z6Z_H	617	1	H	640		PHE	1
9Z6Z_H	618	1	H	641		LEU	1
9Z6Z_H	619	1	H	642		GLU	1
9Z6Z_H	620	1	H	643		LYS	1
9Z6Z_H	621	1	H	644		LYS	1
9Z6Z_H	622	1	H	645		GLN	1
9Z6Z_H	623	1	H	646		LEU	1
9Z6Z_H	624	1	H	647		LYS	1
9Z6Z_H	625	1	H	648		LYS	1
9Z6Z_H	626	1	H	649		ALA	1
